instance,size,class,level,seed_idx,status,objective,n_emergencies,n_outsourced,n_outsourced_infeasible,n_outsourced_economic,n_inserted,frac_outsourced,outsourcing,tw_penalty,completion_penalty,W,LAMBDA,PI_S,PI_C
030_C101,30,C,2,0,OPTIMAL,155.1444,2,1,1,0,1,0.5,127.1906,0.0,27.9538,90,1.5,2.0,1.0
030_C101,30,C,2,1,OPTIMAL,67.8628,2,0,0,0,2,0.0,0.0,0.0,67.8628,90,1.5,2.0,1.0
030_C101,30,C,2,2,OPTIMAL,138.3967,2,1,1,0,1,0.5,110.4629,0.0,27.9338,90,1.5,2.0,1.0
030_C101,30,C,2,3,OPTIMAL,119.8575,2,1,1,0,1,0.5,112.2168,0.0,7.6407,90,1.5,2.0,1.0
030_C101,30,C,2,4,OPTIMAL,68.7095,2,1,1,0,1,0.5,54.9834,0.0,13.7261,90,1.5,2.0,1.0
030_C101,30,C,2,5,OPTIMAL,10.9306,2,0,0,0,2,0.0,0.0,0.0,10.9306,90,1.5,2.0,1.0
030_C101,30,C,2,6,OPTIMAL,130.2639,2,1,1,0,1,0.5,128.9407,0.0,1.3232,90,1.5,2.0,1.0
030_C101,30,C,2,7,OPTIMAL,6.1548,2,0,0,0,2,0.0,0.0,0.0,6.1548,90,1.5,2.0,1.0
030_C101,30,C,2,8,OPTIMAL,124.0552,2,1,1,0,1,0.5,119.5743,0.0,4.481,90,1.5,2.0,1.0
030_C101,30,C,2,9,OPTIMAL,17.2274,2,0,0,0,2,0.0,0.0,0.0,17.2274,90,1.5,2.0,1.0
030_C101,30,C,4,0,OPTIMAL,135.0472,4,2,2,0,2,0.5,130.8534,0.0,4.1938,90,1.5,2.0,1.0
030_C101,30,C,4,1,OPTIMAL,158.2619,4,1,1,0,3,0.25,124.8091,0.0,33.4528,90,1.5,2.0,1.0
030_C101,30,C,4,2,OPTIMAL,136.4211,4,1,1,0,3,0.25,119.3095,0.0,17.1116,90,1.5,2.0,1.0
030_C101,30,C,4,3,OPTIMAL,7.6028,4,0,0,0,4,0.0,0.0,0.0,7.6028,90,1.5,2.0,1.0
030_C101,30,C,4,4,OPTIMAL,39.0222,4,0,0,0,4,0.0,0.0,0.0,39.0222,90,1.5,2.0,1.0
030_C101,30,C,4,5,OPTIMAL,299.4946,4,3,3,0,1,0.75,285.9752,0.0,13.5194,90,1.5,2.0,1.0
030_C101,30,C,4,6,OPTIMAL,301.1125,4,2,2,0,2,0.5,221.8876,0.0,79.225,90,1.5,2.0,1.0
030_C101,30,C,4,7,OPTIMAL,86.5961,4,1,1,0,3,0.25,58.4735,0.0,28.1226,90,1.5,2.0,1.0
030_C101,30,C,4,8,OPTIMAL,73.3987,4,0,0,0,4,0.0,0.0,0.0,73.3987,90,1.5,2.0,1.0
030_C101,30,C,4,9,OPTIMAL,41.0236,4,0,0,0,4,0.0,0.0,0.0,41.0236,90,1.5,2.0,1.0
030_C101,30,C,6,0,OPTIMAL,107.1986,6,1,1,0,5,0.1667,41.4573,0.0,65.7414,90,1.5,2.0,1.0
030_C101,30,C,6,1,OPTIMAL,186.6469,6,2,2,0,4,0.3333,161.6236,0.0,25.0233,90,1.5,2.0,1.0
030_C101,30,C,6,2,OPTIMAL,237.1601,6,2,2,0,4,0.3333,222.184,0.0,14.9762,90,1.5,2.0,1.0
030_C101,30,C,6,3,OPTIMAL,138.3426,6,1,1,0,5,0.1667,56.9798,0.0,81.3628,90,1.5,2.0,1.0
030_C101,30,C,6,4,OPTIMAL,102.2341,6,0,0,0,6,0.0,0.0,0.0,102.2341,90,1.5,2.0,1.0
030_C101,30,C,6,5,OPTIMAL,372.3963,6,4,2,2,2,0.6667,318.9257,0.0,53.4706,90,1.5,2.0,1.0
030_C101,30,C,6,6,OPTIMAL,306.9198,6,2,2,0,4,0.3333,245.2657,0.0,61.6542,90,1.5,2.0,1.0
030_C101,30,C,6,7,OPTIMAL,211.6706,6,3,2,1,3,0.5,192.5818,0.0,19.0888,90,1.5,2.0,1.0
030_C101,30,C,6,8,OPTIMAL,324.5193,6,2,2,0,4,0.3333,230.3711,0.0,94.1482,90,1.5,2.0,1.0
030_C101,30,C,6,9,OPTIMAL,314.513,6,3,2,1,3,0.5,276.3948,0.0,38.1182,90,1.5,2.0,1.0
030_C105,30,C,2,0,OPTIMAL,137.1975,2,1,1,0,1,0.5,127.1906,0.0,10.0069,90,1.5,2.0,1.0
030_C105,30,C,2,1,OPTIMAL,152.1403,2,1,1,0,1,0.5,123.1356,0.0,29.0047,90,1.5,2.0,1.0
030_C105,30,C,2,2,OPTIMAL,110.6972,2,1,1,0,1,0.5,110.4629,0.0,0.2343,90,1.5,2.0,1.0
030_C105,30,C,2,3,OPTIMAL,115.7857,2,1,1,0,1,0.5,112.2168,0.0,3.569,90,1.5,2.0,1.0
030_C105,30,C,2,4,OPTIMAL,19.553,2,0,0,0,2,0.0,0.0,0.0,19.553,90,1.5,2.0,1.0
030_C105,30,C,2,5,OPTIMAL,7.9235,2,0,0,0,2,0.0,0.0,0.0,7.9235,90,1.5,2.0,1.0
030_C105,30,C,2,6,OPTIMAL,130.2639,2,1,1,0,1,0.5,128.9407,0.0,1.3232,90,1.5,2.0,1.0
030_C105,30,C,2,7,OPTIMAL,26.7139,2,0,0,0,2,0.0,0.0,0.0,26.7139,90,1.5,2.0,1.0
030_C105,30,C,2,8,OPTIMAL,221.5639,2,2,2,0,0,1.0,221.5639,0.0,0.0,90,1.5,2.0,1.0
030_C105,30,C,2,9,OPTIMAL,14.5179,2,0,0,0,2,0.0,0.0,0.0,14.5179,90,1.5,2.0,1.0
030_C105,30,C,4,0,OPTIMAL,233.7515,4,3,3,0,1,0.75,232.1843,0.0,1.5672,90,1.5,2.0,1.0
030_C105,30,C,4,1,OPTIMAL,124.7098,4,0,0,0,4,0.0,0.0,0.0,124.7098,90,1.5,2.0,1.0
030_C105,30,C,4,2,OPTIMAL,151.4243,4,1,1,0,3,0.25,119.3095,0.0,32.1148,90,1.5,2.0,1.0
030_C105,30,C,4,3,OPTIMAL,125.6093,4,0,0,0,4,0.0,0.0,0.0,125.6093,90,1.5,2.0,1.0
030_C105,30,C,4,4,OPTIMAL,129.5331,4,1,1,0,3,0.25,121.5987,0.0,7.9344,90,1.5,2.0,1.0
030_C105,30,C,4,5,OPTIMAL,232.7592,4,2,2,0,2,0.5,160.1002,0.0,72.659,90,1.5,2.0,1.0
030_C105,30,C,4,6,OPTIMAL,162.9454,4,1,1,0,3,0.25,108.646,0.0,54.2995,90,1.5,2.0,1.0
030_C105,30,C,4,7,OPTIMAL,59.0981,4,0,0,0,4,0.0,0.0,0.0,59.0981,90,1.5,2.0,1.0
030_C105,30,C,4,8,OPTIMAL,115.7928,4,0,0,0,4,0.0,0.0,0.0,115.7928,90,1.5,2.0,1.0
030_C105,30,C,4,9,OPTIMAL,64.0079,4,1,1,0,3,0.25,53.9547,0.0,10.0532,90,1.5,2.0,1.0
030_C105,30,C,6,0,OPTIMAL,187.61,6,2,1,1,4,0.3333,164.8369,0.0,22.7731,90,1.5,2.0,1.0
030_C105,30,C,6,1,OPTIMAL,286.2484,6,4,4,0,2,0.6667,270.5984,0.0,15.6499,90,1.5,2.0,1.0
030_C105,30,C,6,2,OPTIMAL,270.1817,6,2,2,0,4,0.3333,222.184,0.0,47.9978,90,1.5,2.0,1.0
030_C105,30,C,6,3,OPTIMAL,233.3022,6,2,2,0,4,0.3333,147.5001,0.0,85.8021,90,1.5,2.0,1.0
030_C105,30,C,6,4,OPTIMAL,141.1413,6,0,0,0,6,0.0,0.0,0.0,141.1413,90,1.5,2.0,1.0
030_C105,30,C,6,5,OPTIMAL,351.6602,6,4,3,1,2,0.6667,326.183,0.0,25.4773,90,1.5,2.0,1.0
030_C105,30,C,6,6,OPTIMAL,259.1574,6,1,1,0,5,0.1667,111.5489,0.0,147.6085,90,1.5,2.0,1.0
030_C105,30,C,6,7,OPTIMAL,289.4121,6,4,4,0,2,0.6667,247.983,0.0,41.429,90,1.5,2.0,1.0
030_C105,30,C,6,8,OPTIMAL,211.1661,6,3,2,1,3,0.5,169.8444,0.0,41.3216,90,1.5,2.0,1.0
030_C105,30,C,6,9,OPTIMAL,373.6561,6,4,4,0,2,0.6667,344.8418,0.0,28.8143,90,1.5,2.0,1.0
030_C106,30,C,2,0,OPTIMAL,137.1975,2,1,1,0,1,0.5,127.1906,0.0,10.0069,90,1.5,2.0,1.0
030_C106,30,C,2,1,OPTIMAL,131.766,2,1,1,0,1,0.5,123.1356,0.0,8.6304,90,1.5,2.0,1.0
030_C106,30,C,2,2,OPTIMAL,138.3967,2,1,1,0,1,0.5,110.4629,0.0,27.9338,90,1.5,2.0,1.0
030_C106,30,C,2,3,OPTIMAL,115.7857,2,1,1,0,1,0.5,112.2168,0.0,3.569,90,1.5,2.0,1.0
030_C106,30,C,2,4,OPTIMAL,68.7095,2,1,1,0,1,0.5,54.9834,0.0,13.7261,90,1.5,2.0,1.0
030_C106,30,C,2,5,OPTIMAL,59.6684,2,1,0,1,1,0.5,54.4537,0.0,5.2147,90,1.5,2.0,1.0
030_C106,30,C,2,6,OPTIMAL,130.2639,2,1,1,0,1,0.5,128.9407,0.0,1.3232,90,1.5,2.0,1.0
030_C106,30,C,2,7,OPTIMAL,6.1548,2,0,0,0,2,0.0,0.0,0.0,6.1548,90,1.5,2.0,1.0
030_C106,30,C,2,8,OPTIMAL,221.5639,2,2,2,0,0,1.0,221.5639,0.0,0.0,90,1.5,2.0,1.0
030_C106,30,C,2,9,OPTIMAL,54.7885,2,1,1,0,1,0.5,53.6342,0.0,1.1543,90,1.5,2.0,1.0
030_C106,30,C,4,0,OPTIMAL,233.7515,4,3,2,1,1,0.75,232.1843,0.0,1.5672,90,1.5,2.0,1.0
030_C106,30,C,4,1,OPTIMAL,166.3669,4,1,0,1,3,0.25,61.4854,0.0,104.8814,90,1.5,2.0,1.0
030_C106,30,C,4,2,OPTIMAL,136.4211,4,1,1,0,3,0.25,119.3095,0.0,17.1116,90,1.5,2.0,1.0
030_C106,30,C,4,3,OPTIMAL,186.4341,4,2,2,0,2,0.5,161.9731,0.0,24.4609,90,1.5,2.0,1.0
030_C106,30,C,4,4,OPTIMAL,17.0281,4,0,0,0,4,0.0,0.0,0.0,17.0281,90,1.5,2.0,1.0
030_C106,30,C,4,5,OPTIMAL,296.0398,4,3,3,0,1,0.75,285.9752,0.0,10.0646,90,1.5,2.0,1.0
030_C106,30,C,4,6,OPTIMAL,260.4171,4,2,2,0,2,0.5,221.8876,0.0,38.5295,90,1.5,2.0,1.0
030_C106,30,C,4,7,OPTIMAL,63.2013,4,1,0,1,3,0.25,52.1195,0.0,11.0818,90,1.5,2.0,1.0
030_C106,30,C,4,8,OPTIMAL,120.0971,4,1,0,1,3,0.25,57.1746,0.0,62.9225,90,1.5,2.0,1.0
030_C106,30,C,4,9,OPTIMAL,41.0236,4,0,0,0,4,0.0,0.0,0.0,41.0236,90,1.5,2.0,1.0
030_C106,30,C,6,0,OPTIMAL,93.9216,6,1,1,0,5,0.1667,41.4573,0.0,52.4644,90,1.5,2.0,1.0
030_C106,30,C,6,1,OPTIMAL,286.2484,6,4,4,0,2,0.6667,270.5984,0.0,15.6499,90,1.5,2.0,1.0
030_C106,30,C,6,2,OPTIMAL,248.2159,6,2,2,0,4,0.3333,222.184,0.0,26.0319,90,1.5,2.0,1.0
030_C106,30,C,6,3,OPTIMAL,165.9777,6,3,0,3,3,0.5,153.7686,0.0,12.209,90,1.5,2.0,1.0
030_C106,30,C,6,4,OPTIMAL,228.5886,6,2,2,0,4,0.3333,157.6807,0.0,70.9079,90,1.5,2.0,1.0
030_C106,30,C,6,5,OPTIMAL,406.0034,6,5,5,0,1,0.8333,386.4204,0.0,19.583,90,1.5,2.0,1.0
030_C106,30,C,6,6,OPTIMAL,367.8521,6,3,1,2,3,0.5,356.8146,0.0,11.0376,90,1.5,2.0,1.0
030_C106,30,C,6,7,OPTIMAL,321.4402,6,5,5,0,1,0.8333,318.8237,0.0,2.6164,90,1.5,2.0,1.0
030_C106,30,C,6,8,OPTIMAL,288.4565,6,3,2,1,3,0.5,216.4856,0.0,71.9709,90,1.5,2.0,1.0
030_C106,30,C,6,9,OPTIMAL,373.6561,6,4,4,0,2,0.6667,344.8418,0.0,28.8143,90,1.5,2.0,1.0
030_C107,30,C,2,0,OPTIMAL,137.1975,2,1,1,0,1,0.5,127.1906,0.0,10.0069,90,1.5,2.0,1.0
030_C107,30,C,2,1,OPTIMAL,222.3177,2,2,2,0,0,1.0,222.3177,0.0,0.0,90,1.5,2.0,1.0
030_C107,30,C,2,2,OPTIMAL,91.0386,2,1,1,0,1,0.5,89.1583,0.0,1.8803,90,1.5,2.0,1.0
030_C107,30,C,2,3,OPTIMAL,38.7483,2,0,0,0,2,0.0,0.0,0.0,38.7483,90,1.5,2.0,1.0
030_C107,30,C,2,4,OPTIMAL,17.4356,2,0,0,0,2,0.0,0.0,0.0,17.4356,90,1.5,2.0,1.0
030_C107,30,C,2,5,OPTIMAL,121.0231,2,1,1,0,1,0.5,118.3143,0.0,2.7087,90,1.5,2.0,1.0
030_C107,30,C,2,6,OPTIMAL,132.97,2,1,1,0,1,0.5,128.9407,0.0,4.0293,90,1.5,2.0,1.0
030_C107,30,C,2,7,OPTIMAL,58.143,2,1,1,0,1,0.5,51.6584,0.0,6.4846,90,1.5,2.0,1.0
030_C107,30,C,2,8,OPTIMAL,58.6797,2,0,0,0,2,0.0,0.0,0.0,58.6797,90,1.5,2.0,1.0
030_C107,30,C,2,9,OPTIMAL,14.5179,2,0,0,0,2,0.0,0.0,0.0,14.5179,90,1.5,2.0,1.0
030_C107,30,C,4,0,OPTIMAL,139.2453,4,2,1,1,2,0.5,130.8534,0.0,8.3919,90,1.5,2.0,1.0
030_C107,30,C,4,1,OPTIMAL,142.6487,4,2,1,1,2,0.5,128.0315,0.0,14.6171,90,1.5,2.0,1.0
030_C107,30,C,4,2,OPTIMAL,153.9446,4,1,1,0,3,0.25,119.3095,0.0,34.6351,90,1.5,2.0,1.0
030_C107,30,C,4,3,OPTIMAL,110.4101,4,2,0,2,2,0.5,97.024,0.0,13.386,90,1.5,2.0,1.0
030_C107,30,C,4,4,OPTIMAL,9.228,4,0,0,0,4,0.0,0.0,0.0,9.228,90,1.5,2.0,1.0
030_C107,30,C,4,5,OPTIMAL,343.4087,4,3,3,0,1,0.75,338.4516,0.0,4.9571,90,1.5,2.0,1.0
030_C107,30,C,4,6,OPTIMAL,224.1028,4,2,2,0,2,0.5,221.8876,0.0,2.2153,90,1.5,2.0,1.0
030_C107,30,C,4,7,OPTIMAL,145.152,4,2,2,0,2,0.5,108.6484,0.0,36.5037,90,1.5,2.0,1.0
030_C107,30,C,4,8,OPTIMAL,152.431,4,2,2,0,2,0.5,122.374,0.0,30.057,90,1.5,2.0,1.0
030_C107,30,C,4,9,OPTIMAL,26.2803,4,0,0,0,4,0.0,0.0,0.0,26.2803,90,1.5,2.0,1.0
030_C107,30,C,6,0,OPTIMAL,131.3741,6,1,0,1,5,0.1667,41.4573,0.0,89.9169,90,1.5,2.0,1.0
030_C107,30,C,6,1,OPTIMAL,334.332,6,4,4,0,2,0.6667,298.8087,0.0,35.5233,90,1.5,2.0,1.0
030_C107,30,C,6,2,OPTIMAL,245.8186,6,2,2,0,4,0.3333,200.6392,0.0,45.1794,90,1.5,2.0,1.0
030_C107,30,C,6,3,OPTIMAL,118.2112,6,1,1,0,5,0.1667,56.9798,0.0,61.2314,90,1.5,2.0,1.0
030_C107,30,C,6,4,OPTIMAL,187.3929,6,2,2,0,4,0.3333,164.4988,0.0,22.8941,90,1.5,2.0,1.0
030_C107,30,C,6,5,OPTIMAL,336.591,6,4,3,1,2,0.6667,318.9257,0.0,17.6654,90,1.5,2.0,1.0
030_C107,30,C,6,6,OPTIMAL,461.4792,6,4,4,0,2,0.6667,458.3146,0.0,3.1646,90,1.5,2.0,1.0
030_C107,30,C,6,7,OPTIMAL,363.7285,6,5,4,1,1,0.8333,355.9315,0.0,7.797,90,1.5,2.0,1.0
030_C107,30,C,6,8,OPTIMAL,171.0512,6,1,1,0,5,0.1667,118.8017,0.0,52.2495,90,1.5,2.0,1.0
030_C107,30,C,6,9,OPTIMAL,197.9156,6,2,2,0,4,0.3333,166.9319,0.0,30.9837,90,1.5,2.0,1.0
030_C108,30,C,2,0,OPTIMAL,192.8883,2,2,2,0,0,1.0,192.8883,0.0,0.0,90,1.5,2.0,1.0
030_C108,30,C,2,1,OPTIMAL,222.3177,2,2,1,1,0,1.0,222.3177,0.0,0.0,90,1.5,2.0,1.0
030_C108,30,C,2,2,OPTIMAL,134.1889,2,1,1,0,1,0.5,110.4629,0.0,23.7261,90,1.5,2.0,1.0
030_C108,30,C,2,3,OPTIMAL,115.7857,2,1,1,0,1,0.5,112.2168,0.0,3.569,90,1.5,2.0,1.0
030_C108,30,C,2,4,OPTIMAL,108.4344,2,2,1,1,0,1.0,108.4344,0.0,0.0,90,1.5,2.0,1.0
030_C108,30,C,2,5,OPTIMAL,121.0231,2,1,1,0,1,0.5,118.3143,0.0,2.7087,90,1.5,2.0,1.0
030_C108,30,C,2,6,OPTIMAL,132.9614,2,1,1,0,1,0.5,128.9407,0.0,4.0207,90,1.5,2.0,1.0
030_C108,30,C,2,7,OPTIMAL,55.7039,2,1,0,1,1,0.5,51.6584,0.0,4.0455,90,1.5,2.0,1.0
030_C108,30,C,2,8,OPTIMAL,114.1952,2,1,0,1,1,0.5,101.9896,0.0,12.2056,90,1.5,2.0,1.0
030_C108,30,C,2,9,OPTIMAL,24.7618,2,0,0,0,2,0.0,0.0,0.0,24.7618,90,1.5,2.0,1.0
030_C108,30,C,4,0,OPTIMAL,242.0033,4,3,3,0,1,0.75,181.9077,0.0,60.0956,90,1.5,2.0,1.0
030_C108,30,C,4,1,OPTIMAL,110.4983,4,1,1,0,3,0.25,61.4854,0.0,49.0129,90,1.5,2.0,1.0
030_C108,30,C,4,2,OPTIMAL,197.0449,4,2,2,0,2,0.5,182.6947,0.0,14.3502,90,1.5,2.0,1.0
030_C108,30,C,4,3,OPTIMAL,107.2456,4,1,0,1,3,0.25,46.2235,0.0,61.022,90,1.5,2.0,1.0
030_C108,30,C,4,4,OPTIMAL,132.1395,4,2,0,2,2,0.5,94.5346,0.0,37.605,90,1.5,2.0,1.0
030_C108,30,C,4,5,OPTIMAL,396.481,4,4,3,1,0,1.0,396.481,0.0,0.0,90,1.5,2.0,1.0
030_C108,30,C,4,6,OPTIMAL,280.5989,4,2,2,0,2,0.5,195.3317,0.0,85.2672,90,1.5,2.0,1.0
030_C108,30,C,4,7,OPTIMAL,178.2178,4,3,3,0,1,0.75,167.1219,0.0,11.0959,90,1.5,2.0,1.0
030_C108,30,C,4,8,OPTIMAL,119.8754,4,1,1,0,3,0.25,57.1746,0.0,62.7008,90,1.5,2.0,1.0
030_C108,30,C,4,9,OPTIMAL,60.0167,4,1,0,1,3,0.25,53.9547,0.0,6.062,90,1.5,2.0,1.0
030_C108,30,C,6,0,OPTIMAL,150.1279,6,2,2,0,4,0.3333,94.9055,0.0,55.2225,90,1.5,2.0,1.0
030_C108,30,C,6,1,OPTIMAL,222.5824,6,2,2,0,4,0.3333,161.6236,0.0,60.9588,90,1.5,2.0,1.0
030_C108,30,C,6,2,OPTIMAL,247.3347,6,2,2,0,4,0.3333,200.6392,0.0,46.6954,90,1.5,2.0,1.0
030_C108,30,C,6,3,OPTIMAL,155.4079,6,2,1,1,4,0.3333,89.3789,0.0,66.029,90,1.5,2.0,1.0
030_C108,30,C,6,4,OPTIMAL,111.8837,6,1,1,0,5,0.1667,56.2528,0.0,55.631,90,1.5,2.0,1.0
030_C108,30,C,6,5,OPTIMAL,313.666,6,4,3,1,2,0.6667,301.5573,0.0,12.1087,90,1.5,2.0,1.0
030_C108,30,C,6,6,OPTIMAL,492.3614,6,4,3,1,2,0.6667,394.9485,0.0,97.4129,90,1.5,2.0,1.0
030_C108,30,C,6,7,OPTIMAL,337.2816,6,4,2,2,2,0.6667,244.8111,0.0,92.4705,90,1.5,2.0,1.0
030_C108,30,C,6,8,OPTIMAL,262.045,6,2,2,0,4,0.3333,230.3711,0.0,31.6739,90,1.5,2.0,1.0
030_C108,30,C,6,9,OPTIMAL,255.0449,6,3,1,2,3,0.5,226.6077,0.0,28.4372,90,1.5,2.0,1.0
030_C109,30,C,2,0,OPTIMAL,164.0199,2,1,1,0,1,0.5,127.1906,0.0,36.8293,90,1.5,2.0,1.0
030_C109,30,C,2,1,OPTIMAL,222.3177,2,2,2,0,0,1.0,222.3177,0.0,0.0,90,1.5,2.0,1.0
030_C109,30,C,2,2,OPTIMAL,90.8781,2,1,1,0,1,0.5,89.1583,0.0,1.7198,90,1.5,2.0,1.0
030_C109,30,C,2,3,OPTIMAL,5.6097,2,0,0,0,2,0.0,0.0,0.0,5.6097,90,1.5,2.0,1.0
030_C109,30,C,2,4,OPTIMAL,62.9507,2,1,1,0,1,0.5,53.451,0.0,9.4997,90,1.5,2.0,1.0
030_C109,30,C,2,5,OPTIMAL,136.5264,2,1,1,0,1,0.5,118.3143,0.0,18.2121,90,1.5,2.0,1.0
030_C109,30,C,2,6,OPTIMAL,141.097,2,1,1,0,1,0.5,128.9407,0.0,12.1563,90,1.5,2.0,1.0
030_C109,30,C,2,7,OPTIMAL,25.457,2,0,0,0,2,0.0,0.0,0.0,25.457,90,1.5,2.0,1.0
030_C109,30,C,2,8,OPTIMAL,89.1397,2,0,0,0,2,0.0,0.0,0.0,89.1397,90,1.5,2.0,1.0
030_C109,30,C,2,9,OPTIMAL,44.6267,2,0,0,0,2,0.0,0.0,0.0,44.6267,90,1.5,2.0,1.0
030_C109,30,C,4,0,OPTIMAL,175.4065,4,2,2,0,2,0.5,130.8534,0.0,44.553,90,1.5,2.0,1.0
030_C109,30,C,4,1,OPTIMAL,310.8074,4,4,4,0,0,1.0,310.8074,0.0,0.0,90,1.5,2.0,1.0
030_C109,30,C,4,2,OPTIMAL,143.5938,4,1,1,0,3,0.25,119.3095,0.0,24.2843,90,1.5,2.0,1.0
030_C109,30,C,4,3,OPTIMAL,41.6921,4,0,0,0,4,0.0,0.0,0.0,41.6921,90,1.5,2.0,1.0
030_C109,30,C,4,4,OPTIMAL,187.6529,4,2,0,2,2,0.5,156.8404,0.0,30.8125,90,1.5,2.0,1.0
030_C109,30,C,4,5,OPTIMAL,344.1218,4,3,3,0,1,0.75,338.4516,0.0,5.6703,90,1.5,2.0,1.0
030_C109,30,C,4,6,OPTIMAL,223.9291,4,2,2,0,2,0.5,221.8876,0.0,2.0416,90,1.5,2.0,1.0
030_C109,30,C,4,7,OPTIMAL,137.5203,4,2,1,1,2,0.5,110.593,0.0,26.9273,90,1.5,2.0,1.0
030_C109,30,C,4,8,OPTIMAL,223.3351,4,3,2,1,1,0.75,222.9549,0.0,0.3802,90,1.5,2.0,1.0
030_C109,30,C,4,9,OPTIMAL,116.6596,4,2,0,2,2,0.5,112.0625,0.0,4.5971,90,1.5,2.0,1.0
030_C109,30,C,6,0,OPTIMAL,231.8338,6,3,3,0,3,0.5,218.285,0.0,13.5488,90,1.5,2.0,1.0
030_C109,30,C,6,1,OPTIMAL,317.0257,6,3,3,0,3,0.5,249.2511,0.0,67.7747,90,1.5,2.0,1.0
030_C109,30,C,6,2,OPTIMAL,290.0127,6,2,2,0,4,0.3333,200.6392,0.0,89.3735,90,1.5,2.0,1.0
030_C109,30,C,6,3,OPTIMAL,282.7507,6,4,1,3,2,0.6667,244.2889,0.0,38.4617,90,1.5,2.0,1.0
030_C109,30,C,6,4,OPTIMAL,226.739,6,3,3,0,3,0.5,220.7515,0.0,5.9875,90,1.5,2.0,1.0
030_C109,30,C,6,5,OPTIMAL,377.649,6,5,5,0,1,0.8333,369.0521,0.0,8.5969,90,1.5,2.0,1.0
030_C109,30,C,6,6,OPTIMAL,471.8737,6,4,4,0,2,0.6667,458.3146,0.0,13.5591,90,1.5,2.0,1.0
030_C109,30,C,6,7,OPTIMAL,321.9622,6,4,3,1,2,0.6667,285.0908,0.0,36.8714,90,1.5,2.0,1.0
030_C109,30,C,6,8,OPTIMAL,250.8962,6,2,2,0,4,0.3333,180.5731,0.0,70.3231,90,1.5,2.0,1.0
030_C109,30,C,6,9,OPTIMAL,278.3923,6,3,2,1,3,0.5,226.6077,0.0,51.7846,90,1.5,2.0,1.0
030_C201,30,C,2,0,OPTIMAL,56.2114,2,1,1,0,1,0.5,56.1744,0.0,0.037,90,1.5,2.0,1.0
030_C201,30,C,2,1,OPTIMAL,62.9567,2,1,1,0,1,0.5,34.0493,0.0,28.9074,90,1.5,2.0,1.0
030_C201,30,C,2,2,OPTIMAL,43.6602,2,1,1,0,1,0.5,40.8941,0.0,2.7661,90,1.5,2.0,1.0
030_C201,30,C,2,3,OPTIMAL,77.0625,2,1,1,0,1,0.5,77.0501,0.0,0.0124,90,1.5,2.0,1.0
030_C201,30,C,2,4,OPTIMAL,149.8409,2,1,1,0,1,0.5,122.6861,0.0,27.1548,90,1.5,2.0,1.0
030_C201,30,C,2,5,OPTIMAL,145.7251,2,2,2,0,0,1.0,145.7251,0.0,0.0,90,1.5,2.0,1.0
030_C201,30,C,2,6,OPTIMAL,176.6463,2,2,2,0,0,1.0,176.6463,0.0,0.0,90,1.5,2.0,1.0
030_C201,30,C,2,7,OPTIMAL,168.4321,2,2,2,0,0,1.0,168.4321,0.0,0.0,90,1.5,2.0,1.0
030_C201,30,C,2,8,OPTIMAL,96.3262,2,1,1,0,1,0.5,69.6614,0.0,26.6648,90,1.5,2.0,1.0
030_C201,30,C,2,9,OPTIMAL,53.1005,2,1,1,0,1,0.5,31.5859,0.0,21.5146,90,1.5,2.0,1.0
030_C201,30,C,4,0,OPTIMAL,318.0928,4,4,4,0,0,1.0,318.0928,0.0,0.0,90,1.5,2.0,1.0
030_C201,30,C,4,1,OPTIMAL,293.2533,4,3,3,0,1,0.75,291.8123,0.0,1.4409,90,1.5,2.0,1.0
030_C201,30,C,4,2,OPTIMAL,185.2841,4,2,2,0,2,0.5,167.582,0.0,17.7022,90,1.5,2.0,1.0
030_C201,30,C,4,3,OPTIMAL,221.9214,4,4,4,0,0,1.0,221.9214,0.0,0.0,90,1.5,2.0,1.0
030_C201,30,C,4,4,OPTIMAL,248.8259,4,3,3,0,1,0.75,244.7142,0.0,4.1117,90,1.5,2.0,1.0
030_C201,30,C,4,5,OPTIMAL,411.4587,4,4,4,0,0,1.0,411.4587,0.0,0.0,90,1.5,2.0,1.0
030_C201,30,C,4,6,OPTIMAL,326.8482,4,4,4,0,0,1.0,326.8482,0.0,0.0,90,1.5,2.0,1.0
030_C201,30,C,4,7,OPTIMAL,293.1972,4,3,3,0,1,0.75,241.5065,0.0,51.6907,90,1.5,2.0,1.0
030_C201,30,C,4,8,OPTIMAL,139.6818,4,1,1,0,3,0.25,58.4887,0.0,81.1931,90,1.5,2.0,1.0
030_C201,30,C,4,9,OPTIMAL,176.5649,4,2,1,1,2,0.5,161.0428,0.0,15.5222,90,1.5,2.0,1.0
030_C201,30,C,6,0,OPTIMAL,333.9685,6,4,4,0,2,0.6667,299.3417,0.0,34.6268,90,1.5,2.0,1.0
030_C201,30,C,6,1,OPTIMAL,354.0025,6,4,4,0,2,0.6667,351.1359,0.0,2.8667,90,1.5,2.0,1.0
030_C201,30,C,6,2,OPTIMAL,414.1451,6,5,4,1,1,0.8333,373.7234,0.0,40.4217,90,1.5,2.0,1.0
030_C201,30,C,6,3,OPTIMAL,319.7546,6,4,4,0,2,0.6667,300.6125,0.0,19.1422,90,1.5,2.0,1.0
030_C201,30,C,6,4,OPTIMAL,209.4944,6,2,2,0,4,0.3333,153.145,0.0,56.3493,90,1.5,2.0,1.0
030_C201,30,C,6,5,OPTIMAL,336.0388,6,4,3,1,2,0.6667,313.9786,0.0,22.0603,90,1.5,2.0,1.0
030_C201,30,C,6,6,OPTIMAL,449.8161,6,5,5,0,1,0.8333,421.0847,0.0,28.7314,90,1.5,2.0,1.0
030_C201,30,C,6,7,OPTIMAL,295.091,6,4,4,0,2,0.6667,288.9815,0.0,6.1096,90,1.5,2.0,1.0
030_C201,30,C,6,8,OPTIMAL,427.9309,6,4,4,0,2,0.6667,409.193,0.0,18.738,90,1.5,2.0,1.0
030_C201,30,C,6,9,OPTIMAL,482.7812,6,5,4,1,1,0.8333,454.574,0.0,28.2072,90,1.5,2.0,1.0
030_C202,30,C,2,0,OPTIMAL,83.8847,2,2,2,0,0,1.0,83.8847,0.0,0.0,90,1.5,2.0,1.0
030_C202,30,C,2,1,OPTIMAL,87.7862,2,2,1,1,0,1.0,87.7862,0.0,0.0,90,1.5,2.0,1.0
030_C202,30,C,2,2,OPTIMAL,43.6602,2,1,1,0,1,0.5,40.8941,0.0,2.7661,90,1.5,2.0,1.0
030_C202,30,C,2,3,OPTIMAL,77.0625,2,1,1,0,1,0.5,77.0501,0.0,0.0124,90,1.5,2.0,1.0
030_C202,30,C,2,4,OPTIMAL,149.8409,2,1,1,0,1,0.5,122.6861,0.0,27.1548,90,1.5,2.0,1.0
030_C202,30,C,2,5,OPTIMAL,145.7251,2,2,2,0,0,1.0,145.7251,0.0,0.0,90,1.5,2.0,1.0
030_C202,30,C,2,6,OPTIMAL,176.6463,2,2,2,0,0,1.0,176.6463,0.0,0.0,90,1.5,2.0,1.0
030_C202,30,C,2,7,OPTIMAL,168.4321,2,2,2,0,0,1.0,168.4321,0.0,0.0,90,1.5,2.0,1.0
030_C202,30,C,2,8,OPTIMAL,96.3262,2,1,1,0,1,0.5,69.6614,0.0,26.6648,90,1.5,2.0,1.0
030_C202,30,C,2,9,OPTIMAL,53.1005,2,1,1,0,1,0.5,31.5859,0.0,21.5146,90,1.5,2.0,1.0
030_C202,30,C,4,0,OPTIMAL,318.0928,4,4,4,0,0,1.0,318.0928,0.0,0.0,90,1.5,2.0,1.0
030_C202,30,C,4,1,OPTIMAL,325.2734,4,4,3,1,0,1.0,325.2734,0.0,0.0,90,1.5,2.0,1.0
030_C202,30,C,4,2,OPTIMAL,272.9322,4,4,2,2,0,1.0,272.9322,0.0,0.0,90,1.5,2.0,1.0
030_C202,30,C,4,3,OPTIMAL,221.9214,4,4,4,0,0,1.0,221.9214,0.0,0.0,90,1.5,2.0,1.0
030_C202,30,C,4,4,OPTIMAL,248.8259,4,3,3,0,1,0.75,244.7142,0.0,4.1117,90,1.5,2.0,1.0
030_C202,30,C,4,5,OPTIMAL,411.4587,4,4,4,0,0,1.0,411.4587,0.0,0.0,90,1.5,2.0,1.0
030_C202,30,C,4,6,OPTIMAL,326.8482,4,4,4,0,0,1.0,326.8482,0.0,0.0,90,1.5,2.0,1.0
030_C202,30,C,4,7,OPTIMAL,363.2904,4,4,4,0,0,1.0,363.2904,0.0,0.0,90,1.5,2.0,1.0
030_C202,30,C,4,8,OPTIMAL,114.7445,4,1,1,0,3,0.25,58.4887,0.0,56.2558,90,1.5,2.0,1.0
030_C202,30,C,4,9,OPTIMAL,176.5649,4,2,2,0,2,0.5,161.0428,0.0,15.5222,90,1.5,2.0,1.0
030_C202,30,C,6,0,OPTIMAL,345.8622,6,5,5,0,1,0.8333,334.0756,0.0,11.7865,90,1.5,2.0,1.0
030_C202,30,C,6,1,OPTIMAL,352.1865,6,4,4,0,2,0.6667,351.1359,0.0,1.0506,90,1.5,2.0,1.0
030_C202,30,C,6,2,OPTIMAL,414.1451,6,5,4,1,1,0.8333,373.7234,0.0,40.4217,90,1.5,2.0,1.0
030_C202,30,C,6,3,OPTIMAL,348.8542,6,5,4,1,1,0.8333,344.8121,0.0,4.0421,90,1.5,2.0,1.0
030_C202,30,C,6,4,OPTIMAL,263.7424,6,3,3,0,3,0.5,213.9981,0.0,49.7443,90,1.5,2.0,1.0
030_C202,30,C,6,5,OPTIMAL,375.9031,6,5,5,0,1,0.8333,354.9559,0.0,20.9472,90,1.5,2.0,1.0
030_C202,30,C,6,6,OPTIMAL,449.8161,6,5,5,0,1,0.8333,421.0847,0.0,28.7314,90,1.5,2.0,1.0
030_C202,30,C,6,7,OPTIMAL,295.091,6,4,4,0,2,0.6667,288.9815,0.0,6.1096,90,1.5,2.0,1.0
030_C202,30,C,6,8,OPTIMAL,486.262,6,5,5,0,1,0.8333,486.2462,0.0,0.0158,90,1.5,2.0,1.0
030_C202,30,C,6,9,OPTIMAL,423.373,6,4,4,0,2,0.6667,330.7917,0.0,92.5813,90,1.5,2.0,1.0
030_C203,30,C,2,0,OPTIMAL,83.8847,2,2,2,0,0,1.0,83.8847,0.0,0.0,90,1.5,2.0,1.0
030_C203,30,C,2,1,OPTIMAL,87.7862,2,2,1,1,0,1.0,87.7862,0.0,0.0,90,1.5,2.0,1.0
030_C203,30,C,2,2,OPTIMAL,100.1177,2,2,2,0,0,1.0,100.1177,0.0,0.0,90,1.5,2.0,1.0
030_C203,30,C,2,3,OPTIMAL,77.0625,2,1,1,0,1,0.5,77.0501,0.0,0.0124,90,1.5,2.0,1.0
030_C203,30,C,2,4,OPTIMAL,149.8409,2,1,1,0,1,0.5,122.6861,0.0,27.1548,90,1.5,2.0,1.0
030_C203,30,C,2,5,OPTIMAL,145.7251,2,2,2,0,0,1.0,145.7251,0.0,0.0,90,1.5,2.0,1.0
030_C203,30,C,2,6,OPTIMAL,176.6463,2,2,2,0,0,1.0,176.6463,0.0,0.0,90,1.5,2.0,1.0
030_C203,30,C,2,7,OPTIMAL,168.4321,2,2,2,0,0,1.0,168.4321,0.0,0.0,90,1.5,2.0,1.0
030_C203,30,C,2,8,OPTIMAL,96.3262,2,1,1,0,1,0.5,69.6614,0.0,26.6648,90,1.5,2.0,1.0
030_C203,30,C,2,9,OPTIMAL,53.1005,2,1,1,0,1,0.5,31.5859,0.0,21.5146,90,1.5,2.0,1.0
030_C203,30,C,4,0,OPTIMAL,318.0928,4,4,4,0,0,1.0,318.0928,0.0,0.0,90,1.5,2.0,1.0
030_C203,30,C,4,1,OPTIMAL,293.2533,4,3,3,0,1,0.75,291.8123,0.0,1.4409,90,1.5,2.0,1.0
030_C203,30,C,4,2,OPTIMAL,272.9322,4,4,4,0,0,1.0,272.9322,0.0,0.0,90,1.5,2.0,1.0
030_C203,30,C,4,3,OPTIMAL,221.9214,4,4,4,0,0,1.0,221.9214,0.0,0.0,90,1.5,2.0,1.0
030_C203,30,C,4,4,OPTIMAL,280.6299,4,4,4,0,0,1.0,280.6299,0.0,0.0,90,1.5,2.0,1.0
030_C203,30,C,4,5,OPTIMAL,411.4587,4,4,4,0,0,1.0,411.4587,0.0,0.0,90,1.5,2.0,1.0
030_C203,30,C,4,6,OPTIMAL,326.8482,4,4,4,0,0,1.0,326.8482,0.0,0.0,90,1.5,2.0,1.0
030_C203,30,C,4,7,OPTIMAL,363.2904,4,4,4,0,0,1.0,363.2904,0.0,0.0,90,1.5,2.0,1.0
030_C203,30,C,4,8,OPTIMAL,139.2121,4,2,1,1,2,0.5,120.7489,0.0,18.4632,90,1.5,2.0,1.0
030_C203,30,C,4,9,OPTIMAL,252.6093,4,3,3,0,1,0.75,234.65,0.0,17.9593,90,1.5,2.0,1.0
030_C203,30,C,6,0,OPTIMAL,345.8622,6,5,5,0,1,0.8333,334.0756,0.0,11.7865,90,1.5,2.0,1.0
030_C203,30,C,6,1,OPTIMAL,404.5429,6,5,5,0,1,0.8333,404.3889,0.0,0.154,90,1.5,2.0,1.0
030_C203,30,C,6,2,OPTIMAL,493.589,6,6,6,0,0,1.0,493.589,0.0,0.0,90,1.5,2.0,1.0
030_C203,30,C,6,3,OPTIMAL,348.8542,6,5,4,1,1,0.8333,344.8121,0.0,4.0421,90,1.5,2.0,1.0
030_C203,30,C,6,4,OPTIMAL,332.2664,6,4,4,0,2,0.6667,326.1448,0.0,6.1216,90,1.5,2.0,1.0
030_C203,30,C,6,5,OPTIMAL,414.3955,6,6,5,1,0,1.0,414.3955,0.0,0.0,90,1.5,2.0,1.0
030_C203,30,C,6,6,OPTIMAL,449.8161,6,5,5,0,1,0.8333,421.0847,0.0,28.7314,90,1.5,2.0,1.0
030_C203,30,C,6,7,OPTIMAL,295.091,6,4,4,0,2,0.6667,288.9815,0.0,6.1096,90,1.5,2.0,1.0
030_C203,30,C,6,8,OPTIMAL,486.262,6,5,5,0,1,0.8333,486.2462,0.0,0.0158,90,1.5,2.0,1.0
030_C203,30,C,6,9,OPTIMAL,423.373,6,4,4,0,2,0.6667,330.7917,0.0,92.5813,90,1.5,2.0,1.0
030_C205,30,C,2,0,OPTIMAL,83.8847,2,2,2,0,0,1.0,83.8847,0.0,0.0,90,1.5,2.0,1.0
030_C205,30,C,2,1,OPTIMAL,58.4507,2,1,1,0,1,0.5,53.7369,0.0,4.7139,90,1.5,2.0,1.0
030_C205,30,C,2,2,OPTIMAL,78.4478,2,1,1,0,1,0.5,40.8941,0.0,37.5536,90,1.5,2.0,1.0
030_C205,30,C,2,3,OPTIMAL,184.7663,2,2,2,0,0,1.0,184.7663,0.0,0.0,90,1.5,2.0,1.0
030_C205,30,C,2,4,OPTIMAL,192.2606,2,2,2,0,0,1.0,192.2606,0.0,0.0,90,1.5,2.0,1.0
030_C205,30,C,2,5,OPTIMAL,145.7251,2,2,2,0,0,1.0,145.7251,0.0,0.0,90,1.5,2.0,1.0
030_C205,30,C,2,6,OPTIMAL,60.2151,2,1,1,0,1,0.5,56.4511,0.0,3.7639,90,1.5,2.0,1.0
030_C205,30,C,2,7,OPTIMAL,168.4321,2,2,2,0,0,1.0,168.4321,0.0,0.0,90,1.5,2.0,1.0
030_C205,30,C,2,8,OPTIMAL,129.8556,2,2,2,0,0,1.0,129.8556,0.0,0.0,90,1.5,2.0,1.0
030_C205,30,C,2,9,OPTIMAL,105.2155,2,2,2,0,0,1.0,105.2155,0.0,0.0,90,1.5,2.0,1.0
030_C205,30,C,4,0,OPTIMAL,263.5425,4,3,3,0,1,0.75,261.8228,0.0,1.7196,90,1.5,2.0,1.0
030_C205,30,C,4,1,OPTIMAL,325.2734,4,4,4,0,0,1.0,325.2734,0.0,0.0,90,1.5,2.0,1.0
030_C205,30,C,4,2,OPTIMAL,227.6196,4,3,3,0,1,0.75,219.0431,0.0,8.5765,90,1.5,2.0,1.0
030_C205,30,C,4,3,OPTIMAL,221.9214,4,4,4,0,0,1.0,221.9214,0.0,0.0,90,1.5,2.0,1.0
030_C205,30,C,4,4,OPTIMAL,257.5876,4,3,3,0,1,0.75,244.7142,0.0,12.8734,90,1.5,2.0,1.0
030_C205,30,C,4,5,OPTIMAL,327.2544,4,3,3,0,1,0.75,327.252,0.0,0.0025,90,1.5,2.0,1.0
030_C205,30,C,4,6,OPTIMAL,282.8542,4,3,3,0,1,0.75,227.9503,0.0,54.9038,90,1.5,2.0,1.0
030_C205,30,C,4,7,OPTIMAL,293.6065,4,3,2,1,1,0.75,241.5065,0.0,52.1,90,1.5,2.0,1.0
030_C205,30,C,4,8,OPTIMAL,186.7254,4,3,3,0,1,0.75,148.0277,0.0,38.6977,90,1.5,2.0,1.0
030_C205,30,C,4,9,OPTIMAL,273.1866,4,4,4,0,0,1.0,273.1866,0.0,0.0,90,1.5,2.0,1.0
030_C205,30,C,6,0,OPTIMAL,333.5573,6,4,4,0,2,0.6667,299.3417,0.0,34.2157,90,1.5,2.0,1.0
030_C205,30,C,6,1,OPTIMAL,406.6087,6,5,5,0,1,0.8333,404.3889,0.0,2.2198,90,1.5,2.0,1.0
030_C205,30,C,6,2,OPTIMAL,493.589,6,6,5,1,0,1.0,493.589,0.0,0.0,90,1.5,2.0,1.0
030_C205,30,C,6,3,OPTIMAL,426.7415,6,6,5,1,0,1.0,426.7415,0.0,0.0,90,1.5,2.0,1.0
030_C205,30,C,6,4,OPTIMAL,314.0392,6,3,3,0,3,0.5,235.3941,0.0,78.6451,90,1.5,2.0,1.0
030_C205,30,C,6,5,OPTIMAL,388.2641,6,5,5,0,1,0.8333,373.4182,0.0,14.846,90,1.5,2.0,1.0
030_C205,30,C,6,6,OPTIMAL,366.1503,6,4,4,0,2,0.6667,307.5336,0.0,58.6167,90,1.5,2.0,1.0
030_C205,30,C,6,7,OPTIMAL,377.5179,6,6,5,1,0,1.0,377.5179,0.0,0.0,90,1.5,2.0,1.0
030_C205,30,C,6,8,OPTIMAL,444.3907,6,4,4,0,2,0.6667,415.1661,0.0,29.2246,90,1.5,2.0,1.0
030_C205,30,C,6,9,OPTIMAL,502.3918,6,4,3,1,2,0.6667,473.8616,0.0,28.5302,90,1.5,2.0,1.0
030_C206,30,C,2,0,OPTIMAL,83.8847,2,2,2,0,0,1.0,83.8847,0.0,0.0,90,1.5,2.0,1.0
030_C206,30,C,2,1,OPTIMAL,32.5844,2,0,0,0,2,0.0,0.0,0.0,32.5844,90,1.5,2.0,1.0
030_C206,30,C,2,2,OPTIMAL,100.1177,2,2,2,0,0,1.0,100.1177,0.0,0.0,90,1.5,2.0,1.0
030_C206,30,C,2,3,OPTIMAL,79.6762,2,1,1,0,1,0.5,77.0501,0.0,2.6261,90,1.5,2.0,1.0
030_C206,30,C,2,4,OPTIMAL,192.2606,2,2,2,0,0,1.0,192.2606,0.0,0.0,90,1.5,2.0,1.0
030_C206,30,C,2,5,OPTIMAL,120.1076,2,1,1,0,1,0.5,78.5799,0.0,41.5277,90,1.5,2.0,1.0
030_C206,30,C,2,6,OPTIMAL,176.6463,2,2,2,0,0,1.0,176.6463,0.0,0.0,90,1.5,2.0,1.0
030_C206,30,C,2,7,OPTIMAL,125.6046,2,1,1,0,1,0.5,90.3934,0.0,35.2112,90,1.5,2.0,1.0
030_C206,30,C,2,8,OPTIMAL,91.1812,2,1,1,0,1,0.5,69.6614,0.0,21.5198,90,1.5,2.0,1.0
030_C206,30,C,2,9,OPTIMAL,105.2155,2,2,1,1,0,1.0,105.2155,0.0,0.0,90,1.5,2.0,1.0
030_C206,30,C,4,0,OPTIMAL,318.0928,4,4,4,0,0,1.0,318.0928,0.0,0.0,90,1.5,2.0,1.0
030_C206,30,C,4,1,OPTIMAL,325.2734,4,4,3,1,0,1.0,325.2734,0.0,0.0,90,1.5,2.0,1.0
030_C206,30,C,4,2,OPTIMAL,272.9322,4,4,3,1,0,1.0,272.9322,0.0,0.0,90,1.5,2.0,1.0
030_C206,30,C,4,3,OPTIMAL,221.9214,4,4,2,2,0,1.0,221.9214,0.0,0.0,90,1.5,2.0,1.0
030_C206,30,C,4,4,OPTIMAL,239.3936,4,3,3,0,1,0.75,207.7054,0.0,31.6881,90,1.5,2.0,1.0
030_C206,30,C,4,5,OPTIMAL,252.5863,4,2,2,0,2,0.5,214.0953,0.0,38.491,90,1.5,2.0,1.0
030_C206,30,C,4,6,OPTIMAL,167.3027,4,1,1,0,3,0.25,85.5174,0.0,81.7853,90,1.5,2.0,1.0
030_C206,30,C,4,7,OPTIMAL,363.2904,4,4,4,0,0,1.0,363.2904,0.0,0.0,90,1.5,2.0,1.0
030_C206,30,C,4,8,OPTIMAL,178.063,4,3,2,1,1,0.75,148.0277,0.0,30.0353,90,1.5,2.0,1.0
030_C206,30,C,4,9,OPTIMAL,273.1866,4,4,4,0,0,1.0,273.1866,0.0,0.0,90,1.5,2.0,1.0
030_C206,30,C,6,0,OPTIMAL,332.0406,6,4,4,0,2,0.6667,299.3417,0.0,32.699,90,1.5,2.0,1.0
030_C206,30,C,6,1,OPTIMAL,404.4659,6,5,5,0,1,0.8333,404.3889,0.0,0.077,90,1.5,2.0,1.0
030_C206,30,C,6,2,OPTIMAL,428.1057,6,5,5,0,1,0.8333,415.9928,0.0,12.1129,90,1.5,2.0,1.0
030_C206,30,C,6,3,OPTIMAL,426.7415,6,6,5,1,0,1.0,426.7415,0.0,0.0,90,1.5,2.0,1.0
030_C206,30,C,6,4,OPTIMAL,421.1714,6,5,4,1,1,0.8333,380.8891,0.0,40.2823,90,1.5,2.0,1.0
030_C206,30,C,6,5,OPTIMAL,375.8509,6,5,4,1,1,0.8333,373.4182,0.0,2.4327,90,1.5,2.0,1.0
030_C206,30,C,6,6,OPTIMAL,469.0893,6,6,5,1,0,1.0,469.0893,0.0,0.0,90,1.5,2.0,1.0
030_C206,30,C,6,7,OPTIMAL,339.9062,6,5,5,0,1,0.8333,296.9332,0.0,42.9731,90,1.5,2.0,1.0
030_C206,30,C,6,8,OPTIMAL,472.8725,6,5,5,0,1,0.8333,455.9303,0.0,16.9422,90,1.5,2.0,1.0
030_C206,30,C,6,9,OPTIMAL,560.1222,6,6,5,1,0,1.0,560.1222,0.0,0.0,90,1.5,2.0,1.0
030_C207,30,C,2,0,OPTIMAL,38.6536,2,1,1,0,1,0.5,27.7102,0.0,10.9433,90,1.5,2.0,1.0
030_C207,30,C,2,1,OPTIMAL,87.7862,2,2,2,0,0,1.0,87.7862,0.0,0.0,90,1.5,2.0,1.0
030_C207,30,C,2,2,OPTIMAL,75.5168,2,1,1,0,1,0.5,40.8941,0.0,34.6226,90,1.5,2.0,1.0
030_C207,30,C,2,3,OPTIMAL,184.7663,2,2,2,0,0,1.0,184.7663,0.0,0.0,90,1.5,2.0,1.0
030_C207,30,C,2,4,OPTIMAL,33.926,2,0,0,0,2,0.0,0.0,0.0,33.926,90,1.5,2.0,1.0
030_C207,30,C,2,5,OPTIMAL,104.6696,2,1,1,0,1,0.5,67.1452,0.0,37.5244,90,1.5,2.0,1.0
030_C207,30,C,2,6,OPTIMAL,176.6463,2,2,2,0,0,1.0,176.6463,0.0,0.0,90,1.5,2.0,1.0
030_C207,30,C,2,7,OPTIMAL,168.4321,2,2,2,0,0,1.0,168.4321,0.0,0.0,90,1.5,2.0,1.0
030_C207,30,C,2,8,OPTIMAL,129.8556,2,2,2,0,0,1.0,129.8556,0.0,0.0,90,1.5,2.0,1.0
030_C207,30,C,2,9,OPTIMAL,105.2155,2,2,2,0,0,1.0,105.2155,0.0,0.0,90,1.5,2.0,1.0
030_C207,30,C,4,0,OPTIMAL,264.7631,4,3,3,0,1,0.75,261.8228,0.0,2.9402,90,1.5,2.0,1.0
030_C207,30,C,4,1,OPTIMAL,223.2495,4,3,3,0,1,0.75,221.7024,0.0,1.547,90,1.5,2.0,1.0
030_C207,30,C,4,2,OPTIMAL,272.9322,4,4,3,1,0,1.0,272.9322,0.0,0.0,90,1.5,2.0,1.0
030_C207,30,C,4,3,OPTIMAL,221.9214,4,4,4,0,0,1.0,221.9214,0.0,0.0,90,1.5,2.0,1.0
030_C207,30,C,4,4,OPTIMAL,86.7347,4,1,1,0,3,0.25,57.3036,0.0,29.4311,90,1.5,2.0,1.0
030_C207,30,C,4,5,OPTIMAL,411.4587,4,4,4,0,0,1.0,411.4587,0.0,0.0,90,1.5,2.0,1.0
030_C207,30,C,4,6,OPTIMAL,326.8482,4,4,4,0,0,1.0,326.8482,0.0,0.0,90,1.5,2.0,1.0
030_C207,30,C,4,7,OPTIMAL,363.2904,4,4,4,0,0,1.0,363.2904,0.0,0.0,90,1.5,2.0,1.0
030_C207,30,C,4,8,OPTIMAL,195.6987,4,2,1,1,2,0.5,120.7489,0.0,74.9498,90,1.5,2.0,1.0
030_C207,30,C,4,9,OPTIMAL,182.6922,4,3,3,0,1,0.75,181.6431,0.0,1.0491,90,1.5,2.0,1.0
030_C207,30,C,6,0,OPTIMAL,364.6696,6,5,5,0,1,0.8333,360.2093,0.0,4.4603,90,1.5,2.0,1.0
030_C207,30,C,6,1,OPTIMAL,357.1079,6,4,4,0,2,0.6667,351.1359,0.0,5.972,90,1.5,2.0,1.0
030_C207,30,C,6,2,OPTIMAL,376.4932,6,4,4,0,2,0.6667,353.8824,0.0,22.6108,90,1.5,2.0,1.0
030_C207,30,C,6,3,OPTIMAL,391.999,6,5,5,0,1,0.8333,334.0153,0.0,57.9837,90,1.5,2.0,1.0
030_C207,30,C,6,4,OPTIMAL,449.3922,6,6,6,0,0,1.0,449.3922,0.0,0.0,90,1.5,2.0,1.0
030_C207,30,C,6,5,OPTIMAL,376.637,6,4,3,1,2,0.6667,339.5103,0.0,37.1267,90,1.5,2.0,1.0
030_C207,30,C,6,6,OPTIMAL,469.0893,6,6,6,0,0,1.0,469.0893,0.0,0.0,90,1.5,2.0,1.0
030_C207,30,C,6,7,OPTIMAL,264.3387,6,3,3,0,3,0.5,220.0363,0.0,44.3024,90,1.5,2.0,1.0
030_C207,30,C,6,8,OPTIMAL,488.2883,6,5,4,1,1,0.8333,486.2462,0.0,2.0421,90,1.5,2.0,1.0
030_C207,30,C,6,9,OPTIMAL,560.1222,6,6,6,0,0,1.0,560.1222,0.0,0.0,90,1.5,2.0,1.0
030_C208,30,C,2,0,OPTIMAL,68.2549,2,1,1,0,1,0.5,56.1744,0.0,12.0804,90,1.5,2.0,1.0
030_C208,30,C,2,1,OPTIMAL,87.7862,2,2,2,0,0,1.0,87.7862,0.0,0.0,90,1.5,2.0,1.0
030_C208,30,C,2,2,OPTIMAL,100.1177,2,2,2,0,0,1.0,100.1177,0.0,0.0,90,1.5,2.0,1.0
030_C208,30,C,2,3,OPTIMAL,184.7663,2,2,2,0,0,1.0,184.7663,0.0,0.0,90,1.5,2.0,1.0
030_C208,30,C,2,4,OPTIMAL,97.5882,2,1,1,0,1,0.5,69.5745,0.0,28.0137,90,1.5,2.0,1.0
030_C208,30,C,2,5,OPTIMAL,104.6696,2,1,1,0,1,0.5,67.1452,0.0,37.5244,90,1.5,2.0,1.0
030_C208,30,C,2,6,OPTIMAL,176.6463,2,2,2,0,0,1.0,176.6463,0.0,0.0,90,1.5,2.0,1.0
030_C208,30,C,2,7,OPTIMAL,168.4321,2,2,2,0,0,1.0,168.4321,0.0,0.0,90,1.5,2.0,1.0
030_C208,30,C,2,8,OPTIMAL,64.0073,2,1,1,0,1,0.5,60.1941,0.0,3.8132,90,1.5,2.0,1.0
030_C208,30,C,2,9,OPTIMAL,105.2155,2,2,2,0,0,1.0,105.2155,0.0,0.0,90,1.5,2.0,1.0
030_C208,30,C,4,0,OPTIMAL,266.3199,4,3,2,1,1,0.75,261.8228,0.0,4.4971,90,1.5,2.0,1.0
030_C208,30,C,4,1,OPTIMAL,245.1243,4,2,2,0,2,0.5,196.8694,0.0,48.2549,90,1.5,2.0,1.0
030_C208,30,C,4,2,OPTIMAL,238.9749,4,3,3,0,1,0.75,238.3522,0.0,0.6227,90,1.5,2.0,1.0
030_C208,30,C,4,3,OPTIMAL,179.4827,4,2,2,0,2,0.5,132.3644,0.0,47.1183,90,1.5,2.0,1.0
030_C208,30,C,4,4,OPTIMAL,172.1794,4,3,2,1,1,0.75,166.1438,0.0,6.0356,90,1.5,2.0,1.0
030_C208,30,C,4,5,OPTIMAL,262.4931,4,2,2,0,2,0.5,214.0953,0.0,48.3978,90,1.5,2.0,1.0
030_C208,30,C,4,6,OPTIMAL,326.8482,4,4,4,0,0,1.0,326.8482,0.0,0.0,90,1.5,2.0,1.0
030_C208,30,C,4,7,OPTIMAL,273.1237,4,3,2,1,1,0.75,235.5644,0.0,37.5593,90,1.5,2.0,1.0
030_C208,30,C,4,8,OPTIMAL,206.0603,4,3,3,0,1,0.75,148.0277,0.0,58.0326,90,1.5,2.0,1.0
030_C208,30,C,4,9,OPTIMAL,257.8361,4,3,2,1,1,0.75,234.65,0.0,23.1861,90,1.5,2.0,1.0
030_C208,30,C,6,0,OPTIMAL,350.0551,6,5,5,0,1,0.8333,334.0756,0.0,15.9795,90,1.5,2.0,1.0
030_C208,30,C,6,1,OPTIMAL,252.9671,6,3,3,0,3,0.5,209.2819,0.0,43.6852,90,1.5,2.0,1.0
030_C208,30,C,6,2,OPTIMAL,428.1057,6,5,5,0,1,0.8333,415.9928,0.0,12.1129,90,1.5,2.0,1.0
030_C208,30,C,6,3,OPTIMAL,278.4646,6,4,4,0,2,0.6667,267.9793,0.0,10.4852,90,1.5,2.0,1.0
030_C208,30,C,6,4,OPTIMAL,449.3922,6,6,6,0,0,1.0,449.3922,0.0,0.0,90,1.5,2.0,1.0
030_C208,30,C,6,5,OPTIMAL,414.3955,6,6,5,1,0,1.0,414.3955,0.0,0.0,90,1.5,2.0,1.0
030_C208,30,C,6,6,OPTIMAL,367.1243,6,4,4,0,2,0.6667,329.4903,0.0,37.634,90,1.5,2.0,1.0
030_C208,30,C,6,7,OPTIMAL,303.1502,6,4,4,0,2,0.6667,281.9891,0.0,21.1611,90,1.5,2.0,1.0
030_C208,30,C,6,8,OPTIMAL,375.4997,6,3,3,0,3,0.5,338.1129,0.0,37.3868,90,1.5,2.0,1.0
030_C208,30,C,6,9,OPTIMAL,524.6266,6,5,5,0,1,0.8333,523.0649,0.0,1.5617,90,1.5,2.0,1.0
030_R101,30,R,2,0,OPTIMAL,123.0038,2,1,1,0,1,0.5,122.7773,0.0,0.2265,90,1.5,2.0,1.0
030_R101,30,R,2,1,OPTIMAL,0.3144,2,0,0,0,2,0.0,0.0,0.0,0.3144,90,1.5,2.0,1.0
030_R101,30,R,2,2,OPTIMAL,157.3446,2,1,0,1,1,0.5,89.1805,22.6254,45.5388,90,1.5,2.0,1.0
030_R101,30,R,2,3,OPTIMAL,137.74,2,1,1,0,1,0.5,137.6483,0.0,0.0917,90,1.5,2.0,1.0
030_R101,30,R,2,4,OPTIMAL,122.7132,2,1,0,1,1,0.5,89.2287,5.2855,28.199,90,1.5,2.0,1.0
030_R101,30,R,2,5,OPTIMAL,241.6847,2,2,2,0,0,1.0,241.6847,0.0,0.0,90,1.5,2.0,1.0
030_R101,30,R,2,6,OPTIMAL,92.0743,2,1,0,1,1,0.5,90.2811,0.0,1.7932,90,1.5,2.0,1.0
030_R101,30,R,2,7,OPTIMAL,6.9173,2,0,0,0,2,0.0,0.0,0.0,6.9173,90,1.5,2.0,1.0
030_R101,30,R,2,8,OPTIMAL,2.8286,2,0,0,0,2,0.0,0.0,0.0,2.8286,90,1.5,2.0,1.0
030_R101,30,R,2,9,OPTIMAL,215.8215,2,2,2,0,0,1.0,215.8215,0.0,0.0,90,1.5,2.0,1.0
030_R101,30,R,4,0,OPTIMAL,122.198,4,1,0,1,3,0.25,107.4719,0.0,14.7261,90,1.5,2.0,1.0
030_R101,30,R,4,1,OPTIMAL,327.3093,4,3,2,1,1,0.75,327.0373,0.0,0.272,90,1.5,2.0,1.0
030_R101,30,R,4,2,OPTIMAL,146.7389,4,1,1,0,3,0.25,114.6635,0.0,32.0754,90,1.5,2.0,1.0
030_R101,30,R,4,3,OPTIMAL,131.6231,4,1,1,0,3,0.25,109.5946,0.0,22.0285,90,1.5,2.0,1.0
030_R101,30,R,4,4,OPTIMAL,275.7772,4,2,2,0,2,0.5,230.5615,7.7454,37.4703,90,1.5,2.0,1.0
030_R101,30,R,4,5,OPTIMAL,105.3196,4,1,0,1,3,0.25,81.977,0.0,23.3426,90,1.5,2.0,1.0
030_R101,30,R,4,6,OPTIMAL,284.3762,4,2,2,0,2,0.5,214.9315,18.7425,50.7022,90,1.5,2.0,1.0
030_R101,30,R,4,7,OPTIMAL,144.2382,4,1,1,0,3,0.25,88.9131,12.0968,43.2283,90,1.5,2.0,1.0
030_R101,30,R,4,8,OPTIMAL,91.3468,4,0,0,0,4,0.0,0.0,29.1488,62.198,90,1.5,2.0,1.0
030_R101,30,R,4,9,OPTIMAL,84.2024,4,0,0,0,4,0.0,0.0,23.9236,60.2789,90,1.5,2.0,1.0
030_R101,30,R,6,0,OPTIMAL,230.3527,6,2,2,0,4,0.3333,212.8569,0.0,17.4958,90,1.5,2.0,1.0
030_R101,30,R,6,1,OPTIMAL,357.3802,6,3,3,0,3,0.5,312.3273,6.9135,38.1395,90,1.5,2.0,1.0
030_R101,30,R,6,2,OPTIMAL,178.6141,6,1,0,1,5,0.1667,86.3608,5.8277,86.4256,90,1.5,2.0,1.0
030_R101,30,R,6,3,OPTIMAL,406.8256,6,2,2,0,4,0.3333,265.6613,41.3172,99.8471,90,1.5,2.0,1.0
030_R101,30,R,6,4,OPTIMAL,62.948,6,0,0,0,6,0.0,0.0,11.6478,51.3002,90,1.5,2.0,1.0
030_R101,30,R,6,5,OPTIMAL,416.1798,6,3,2,1,3,0.5,339.9942,24.3544,51.8312,90,1.5,2.0,1.0
030_R101,30,R,6,6,OPTIMAL,455.3787,6,4,2,2,2,0.6667,432.5866,0.0,22.7921,90,1.5,2.0,1.0
030_R101,30,R,6,7,OPTIMAL,342.1435,6,3,1,2,3,0.5,294.4047,10.7104,37.0283,90,1.5,2.0,1.0
030_R101,30,R,6,8,OPTIMAL,227.3964,6,2,2,0,4,0.3333,222.6297,0.0,4.7667,90,1.5,2.0,1.0
030_R101,30,R,6,9,OPTIMAL,337.4858,6,2,2,0,4,0.3333,250.4901,15.1333,71.8624,90,1.5,2.0,1.0
030_R102,30,R,2,0,OPTIMAL,122.8905,2,1,0,1,1,0.5,122.7773,0.0,0.1133,90,1.5,2.0,1.0
030_R102,30,R,2,1,OPTIMAL,0.2519,2,0,0,0,2,0.0,0.0,0.0,0.2519,90,1.5,2.0,1.0
030_R102,30,R,2,2,OPTIMAL,101.7892,2,0,0,0,2,0.0,0.0,26.5532,75.2359,90,1.5,2.0,1.0
030_R102,30,R,2,3,OPTIMAL,137.6941,2,1,1,0,1,0.5,137.6483,0.0,0.0458,90,1.5,2.0,1.0
030_R102,30,R,2,4,OPTIMAL,74.0133,2,0,0,0,2,0.0,0.0,10.0395,63.9738,90,1.5,2.0,1.0
030_R102,30,R,2,5,OPTIMAL,155.8823,2,1,0,1,1,0.5,122.488,5.8428,27.5515,90,1.5,2.0,1.0
030_R102,30,R,2,6,OPTIMAL,57.4621,2,0,0,0,2,0.0,0.0,14.198,43.2641,90,1.5,2.0,1.0
030_R102,30,R,2,7,OPTIMAL,7.2559,2,0,0,0,2,0.0,0.0,0.0,7.2559,90,1.5,2.0,1.0
030_R102,30,R,2,8,OPTIMAL,77.2519,2,1,0,1,1,0.5,76.5773,0.0,0.6746,90,1.5,2.0,1.0
030_R102,30,R,2,9,OPTIMAL,140.4172,2,1,0,1,1,0.5,127.2034,0.0,13.2138,90,1.5,2.0,1.0
030_R102,30,R,4,0,OPTIMAL,163.6354,4,1,0,1,3,0.25,101.3729,14.4963,47.7662,90,1.5,2.0,1.0
030_R102,30,R,4,1,OPTIMAL,177.9587,4,1,1,0,3,0.25,137.7354,9.1213,31.102,90,1.5,2.0,1.0
030_R102,30,R,4,2,OPTIMAL,31.1804,4,0,0,0,4,0.0,0.0,0.0,31.1804,90,1.5,2.0,1.0
030_R102,30,R,4,3,OPTIMAL,20.0109,4,0,0,0,4,0.0,0.0,0.0,20.0109,90,1.5,2.0,1.0
030_R102,30,R,4,4,OPTIMAL,227.2539,4,1,0,1,3,0.25,133.5865,15.1876,78.4797,90,1.5,2.0,1.0
030_R102,30,R,4,5,OPTIMAL,124.5895,4,1,0,1,3,0.25,94.6179,0.0,29.9716,90,1.5,2.0,1.0
030_R102,30,R,4,6,OPTIMAL,137.9533,4,1,0,1,3,0.25,107.2398,0.0,30.7135,90,1.5,2.0,1.0
030_R102,30,R,4,7,OPTIMAL,41.9374,4,0,0,0,4,0.0,0.0,0.0,41.9374,90,1.5,2.0,1.0
030_R102,30,R,4,8,OPTIMAL,44.9772,4,0,0,0,4,0.0,0.0,5.8032,39.1739,90,1.5,2.0,1.0
030_R102,30,R,4,9,OPTIMAL,214.2711,4,2,0,2,2,0.5,182.1577,1.5347,30.5786,90,1.5,2.0,1.0
030_R102,30,R,6,0,OPTIMAL,219.9889,6,1,0,1,5,0.1667,96.412,22.7684,100.8085,90,1.5,2.0,1.0
030_R102,30,R,6,1,OPTIMAL,133.2153,6,1,0,1,5,0.1667,108.6808,0.0,24.5345,90,1.5,2.0,1.0
030_R102,30,R,6,2,OPTIMAL,106.3846,6,0,0,0,6,0.0,0.0,23.0201,83.3645,90,1.5,2.0,1.0
030_R102,30,R,6,3,OPTIMAL,432.4659,6,3,2,1,3,0.5,359.1941,2.6518,70.62,90,1.5,2.0,1.0
030_R102,30,R,6,4,OPTIMAL,24.588,6,0,0,0,6,0.0,0.0,0.0,24.588,90,1.5,2.0,1.0
030_R102,30,R,6,5,OPTIMAL,252.1436,6,1,1,0,5,0.1667,138.4618,29.1093,84.5725,90,1.5,2.0,1.0
030_R102,30,R,6,6,OPTIMAL,403.9976,6,3,0,3,3,0.5,317.9319,9.9469,76.1189,90,1.5,2.0,1.0
030_R102,30,R,6,7,OPTIMAL,280.4918,6,1,0,1,5,0.1667,103.0527,40.4589,136.9801,90,1.5,2.0,1.0
030_R102,30,R,6,8,OPTIMAL,248.336,6,2,1,1,4,0.3333,239.9736,0.0,8.3625,90,1.5,2.0,1.0
030_R102,30,R,6,9,OPTIMAL,296.9313,6,2,1,1,4,0.3333,238.7004,0.0,58.231,90,1.5,2.0,1.0
030_R103,30,R,2,0,OPTIMAL,123.0038,2,1,1,0,1,0.5,122.7773,0.0,0.2265,90,1.5,2.0,1.0
030_R103,30,R,2,1,OPTIMAL,0.1323,2,0,0,0,2,0.0,0.0,0.0,0.1323,90,1.5,2.0,1.0
030_R103,30,R,2,2,OPTIMAL,96.364,2,0,0,0,2,0.0,0.0,19.4477,76.9162,90,1.5,2.0,1.0
030_R103,30,R,2,3,OPTIMAL,137.6941,2,1,1,0,1,0.5,137.6483,0.0,0.0458,90,1.5,2.0,1.0
030_R103,30,R,2,4,OPTIMAL,79.2402,2,0,0,0,2,0.0,0.0,6.5997,72.6404,90,1.5,2.0,1.0
030_R103,30,R,2,5,OPTIMAL,241.6847,2,2,1,1,0,1.0,241.6847,0.0,0.0,90,1.5,2.0,1.0
030_R103,30,R,2,6,OPTIMAL,77.5486,2,0,0,0,2,0.0,0.0,22.3836,55.1649,90,1.5,2.0,1.0
030_R103,30,R,2,7,OPTIMAL,66.4119,2,0,0,0,2,0.0,0.0,9.572,56.8399,90,1.5,2.0,1.0
030_R103,30,R,2,8,OPTIMAL,2.2922,2,0,0,0,2,0.0,0.0,0.0,2.2922,90,1.5,2.0,1.0
030_R103,30,R,2,9,OPTIMAL,128.4946,2,1,0,1,1,0.5,127.2034,0.0,1.2913,90,1.5,2.0,1.0
030_R103,30,R,4,0,OPTIMAL,12.5328,4,0,0,0,4,0.0,0.0,0.0,12.5328,90,1.5,2.0,1.0
030_R103,30,R,4,1,OPTIMAL,148.62,4,1,1,0,3,0.25,137.7354,0.0,10.8846,90,1.5,2.0,1.0
030_R103,30,R,4,2,OPTIMAL,23.1162,4,0,0,0,4,0.0,0.0,0.0,23.1162,90,1.5,2.0,1.0
030_R103,30,R,4,3,OPTIMAL,8.1658,4,0,0,0,4,0.0,0.0,0.0,8.1658,90,1.5,2.0,1.0
030_R103,30,R,4,4,OPTIMAL,139.7451,4,1,1,0,3,0.25,133.5865,0.0,6.1586,90,1.5,2.0,1.0
030_R103,30,R,4,5,OPTIMAL,23.2945,4,0,0,0,4,0.0,0.0,0.0,23.2945,90,1.5,2.0,1.0
030_R103,30,R,4,6,OPTIMAL,111.3094,4,1,0,1,3,0.25,107.2398,0.0,4.0696,90,1.5,2.0,1.0
030_R103,30,R,4,7,OPTIMAL,6.9612,4,0,0,0,4,0.0,0.0,0.0,6.9612,90,1.5,2.0,1.0
030_R103,30,R,4,8,OPTIMAL,8.6938,4,0,0,0,4,0.0,0.0,0.0,8.6938,90,1.5,2.0,1.0
030_R103,30,R,4,9,OPTIMAL,7.5476,4,0,0,0,4,0.0,0.0,0.0,7.5476,90,1.5,2.0,1.0
030_R103,30,R,6,0,OPTIMAL,73.5188,6,0,0,0,6,0.0,0.0,9.3871,64.1317,90,1.5,2.0,1.0
030_R103,30,R,6,1,OPTIMAL,117.523,6,1,0,1,5,0.1667,108.6808,0.0,8.8423,90,1.5,2.0,1.0
030_R103,30,R,6,2,OPTIMAL,27.9426,6,0,0,0,6,0.0,0.0,0.0,27.9426,90,1.5,2.0,1.0
030_R103,30,R,6,3,OPTIMAL,481.8007,6,3,2,1,3,0.5,395.8299,18.8671,67.1036,90,1.5,2.0,1.0
030_R103,30,R,6,4,OPTIMAL,4.9182,6,0,0,0,6,0.0,0.0,0.0,4.9182,90,1.5,2.0,1.0
030_R103,30,R,6,5,OPTIMAL,217.5309,6,1,1,0,5,0.1667,138.4618,18.5687,60.5004,90,1.5,2.0,1.0
030_R103,30,R,6,6,OPTIMAL,296.0569,6,2,0,2,4,0.3333,215.4017,3.9932,76.6621,90,1.5,2.0,1.0
030_R103,30,R,6,7,OPTIMAL,85.1209,6,0,0,0,6,0.0,0.0,5.3027,79.8181,90,1.5,2.0,1.0
030_R103,30,R,6,8,OPTIMAL,140.3481,6,1,1,0,5,0.1667,135.2122,0.0,5.1358,90,1.5,2.0,1.0
030_R103,30,R,6,9,OPTIMAL,364.9973,6,3,1,2,3,0.5,356.2897,0.0,8.7076,90,1.5,2.0,1.0
030_R105,30,R,2,0,OPTIMAL,123.0038,2,1,1,0,1,0.5,122.7773,0.0,0.2265,90,1.5,2.0,1.0
030_R105,30,R,2,1,OPTIMAL,0.0661,2,0,0,0,2,0.0,0.0,0.0,0.0661,90,1.5,2.0,1.0
030_R105,30,R,2,2,OPTIMAL,64.1121,2,0,0,0,2,0.0,0.0,0.0,64.1121,90,1.5,2.0,1.0
030_R105,30,R,2,3,OPTIMAL,137.74,2,1,1,0,1,0.5,137.6483,0.0,0.0917,90,1.5,2.0,1.0
030_R105,30,R,2,4,OPTIMAL,45.7533,2,0,0,0,2,0.0,0.0,0.0,45.7533,90,1.5,2.0,1.0
030_R105,30,R,2,5,OPTIMAL,212.044,2,1,1,0,1,0.5,119.1967,11.6973,81.15,90,1.5,2.0,1.0
030_R105,30,R,2,6,OPTIMAL,26.4996,2,0,0,0,2,0.0,0.0,0.0,26.4996,90,1.5,2.0,1.0
030_R105,30,R,2,7,OPTIMAL,129.4044,2,1,1,0,1,0.5,128.4323,0.0,0.9721,90,1.5,2.0,1.0
030_R105,30,R,2,8,OPTIMAL,2.2922,2,0,0,0,2,0.0,0.0,0.0,2.2922,90,1.5,2.0,1.0
030_R105,30,R,2,9,OPTIMAL,127.849,2,1,1,0,1,0.5,127.2034,0.0,0.6456,90,1.5,2.0,1.0
030_R105,30,R,4,0,OPTIMAL,108.3717,4,0,0,0,4,0.0,0.0,0.0,108.3717,90,1.5,2.0,1.0
030_R105,30,R,4,1,OPTIMAL,252.1881,4,2,2,0,2,0.5,247.9708,0.0,4.2173,90,1.5,2.0,1.0
030_R105,30,R,4,2,OPTIMAL,149.9151,4,1,1,0,3,0.25,114.6635,0.0,35.2516,90,1.5,2.0,1.0
030_R105,30,R,4,3,OPTIMAL,143.0133,4,1,1,0,3,0.25,109.5946,0.0,33.4187,90,1.5,2.0,1.0
030_R105,30,R,4,4,OPTIMAL,265.9897,4,1,1,0,3,0.25,133.5865,0.4566,131.9466,90,1.5,2.0,1.0
030_R105,30,R,4,5,OPTIMAL,72.7606,4,0,0,0,4,0.0,0.0,0.0,72.7606,90,1.5,2.0,1.0
030_R105,30,R,4,6,OPTIMAL,293.2303,4,2,2,0,2,0.5,231.1219,0.0,62.1084,90,1.5,2.0,1.0
030_R105,30,R,4,7,OPTIMAL,128.3641,4,0,0,0,4,0.0,0.0,5.8404,122.5237,90,1.5,2.0,1.0
030_R105,30,R,4,8,OPTIMAL,180.4926,4,1,1,0,3,0.25,123.3695,0.0,57.1231,90,1.5,2.0,1.0
030_R105,30,R,4,9,OPTIMAL,53.3268,4,0,0,0,4,0.0,0.0,0.0,53.3268,90,1.5,2.0,1.0
030_R105,30,R,6,0,OPTIMAL,248.182,6,1,1,0,5,0.1667,130.3723,0.0,117.8097,90,1.5,2.0,1.0
030_R105,30,R,6,1,OPTIMAL,144.1014,6,1,1,0,5,0.1667,110.6534,0.0,33.4481,90,1.5,2.0,1.0
030_R105,30,R,6,2,OPTIMAL,137.5167,6,0,0,0,6,0.0,0.0,0.0,137.5167,90,1.5,2.0,1.0
030_R105,30,R,6,3,OPTIMAL,471.5827,6,3,3,0,3,0.5,395.8299,0.0,75.7527,90,1.5,2.0,1.0
030_R105,30,R,6,4,OPTIMAL,92.913,6,0,0,0,6,0.0,0.0,0.0,92.913,90,1.5,2.0,1.0
030_R105,30,R,6,5,OPTIMAL,332.169,6,2,2,0,4,0.3333,251.5554,0.0,80.6136,90,1.5,2.0,1.0
030_R105,30,R,6,6,OPTIMAL,420.2196,6,3,2,1,3,0.5,336.4404,0.0,83.7791,90,1.5,2.0,1.0
030_R105,30,R,6,7,OPTIMAL,156.7853,6,1,1,0,5,0.1667,127.6452,0.0,29.1402,90,1.5,2.0,1.0
030_R105,30,R,6,8,OPTIMAL,178.214,6,1,1,0,5,0.1667,135.2122,0.0,43.0018,90,1.5,2.0,1.0
030_R105,30,R,6,9,OPTIMAL,353.7948,6,2,2,0,4,0.3333,250.4901,0.0,103.3047,90,1.5,2.0,1.0
030_R106,30,R,2,0,OPTIMAL,69.2504,2,0,0,0,2,0.0,0.0,3.0862,66.1642,90,1.5,2.0,1.0
030_R106,30,R,2,1,OPTIMAL,0.0689,2,0,0,0,2,0.0,0.0,0.0,0.0689,90,1.5,2.0,1.0
030_R106,30,R,2,2,OPTIMAL,60.2563,2,0,0,0,2,0.0,0.0,0.0,60.2563,90,1.5,2.0,1.0
030_R106,30,R,2,3,OPTIMAL,137.74,2,1,1,0,1,0.5,137.6483,0.0,0.0917,90,1.5,2.0,1.0
030_R106,30,R,2,4,OPTIMAL,55.5092,2,0,0,0,2,0.0,0.0,0.0,55.5092,90,1.5,2.0,1.0
030_R106,30,R,2,5,OPTIMAL,188.2314,2,1,0,1,1,0.5,119.1967,2.9783,66.0564,90,1.5,2.0,1.0
030_R106,30,R,2,6,OPTIMAL,26.4996,2,0,0,0,2,0.0,0.0,0.0,26.4996,90,1.5,2.0,1.0
030_R106,30,R,2,7,OPTIMAL,93.6366,2,0,0,0,2,0.0,0.0,0.0,93.6366,90,1.5,2.0,1.0
030_R106,30,R,2,8,OPTIMAL,1.6176,2,0,0,0,2,0.0,0.0,0.0,1.6176,90,1.5,2.0,1.0
030_R106,30,R,2,9,OPTIMAL,128.4946,2,1,0,1,1,0.5,127.2034,0.0,1.2913,90,1.5,2.0,1.0
030_R106,30,R,4,0,OPTIMAL,80.3012,4,0,0,0,4,0.0,0.0,0.0,80.3012,90,1.5,2.0,1.0
030_R106,30,R,4,1,OPTIMAL,144.8139,4,1,1,0,3,0.25,137.7354,0.0,7.0785,90,1.5,2.0,1.0
030_R106,30,R,4,2,OPTIMAL,49.5635,4,0,0,0,4,0.0,0.0,0.0,49.5635,90,1.5,2.0,1.0
030_R106,30,R,4,3,OPTIMAL,48.0536,4,0,0,0,4,0.0,0.0,0.0,48.0536,90,1.5,2.0,1.0
030_R106,30,R,4,4,OPTIMAL,248.9136,4,1,1,0,3,0.25,133.5865,10.5144,104.8127,90,1.5,2.0,1.0
030_R106,30,R,4,5,OPTIMAL,40.7938,4,0,0,0,4,0.0,0.0,0.0,40.7938,90,1.5,2.0,1.0
030_R106,30,R,4,6,OPTIMAL,132.5329,4,0,0,0,4,0.0,0.0,0.0,132.5329,90,1.5,2.0,1.0
030_R106,30,R,4,7,OPTIMAL,72.0262,4,0,0,0,4,0.0,0.0,0.0,72.0262,90,1.5,2.0,1.0
030_R106,30,R,4,8,OPTIMAL,121.2722,4,0,0,0,4,0.0,0.0,0.0,121.2722,90,1.5,2.0,1.0
030_R106,30,R,4,9,OPTIMAL,41.9683,4,0,0,0,4,0.0,0.0,0.0,41.9683,90,1.5,2.0,1.0
030_R106,30,R,6,0,OPTIMAL,196.6183,6,0,0,0,6,0.0,0.0,0.0,196.6183,90,1.5,2.0,1.0
030_R106,30,R,6,1,OPTIMAL,34.1222,6,0,0,0,6,0.0,0.0,0.0,34.1222,90,1.5,2.0,1.0
030_R106,30,R,6,2,OPTIMAL,89.8217,6,0,0,0,6,0.0,0.0,0.0,89.8217,90,1.5,2.0,1.0
030_R106,30,R,6,3,OPTIMAL,429.9857,6,1,1,0,5,0.1667,135.5576,11.5058,282.9222,90,1.5,2.0,1.0
030_R106,30,R,6,4,OPTIMAL,52.1154,6,0,0,0,6,0.0,0.0,0.0,52.1154,90,1.5,2.0,1.0
030_R106,30,R,6,5,OPTIMAL,206.0814,6,1,1,0,5,0.1667,138.4618,0.0,67.6196,90,1.5,2.0,1.0
030_R106,30,R,6,6,OPTIMAL,364.0302,6,2,0,2,4,0.3333,209.8137,0.0,154.2165,90,1.5,2.0,1.0
030_R106,30,R,6,7,OPTIMAL,120.2096,6,0,0,0,6,0.0,0.0,0.0,120.2096,90,1.5,2.0,1.0
030_R106,30,R,6,8,OPTIMAL,143.6148,6,1,1,0,5,0.1667,135.2122,0.0,8.4026,90,1.5,2.0,1.0
030_R106,30,R,6,9,OPTIMAL,337.7155,6,2,1,1,4,0.3333,250.4901,0.0,87.2255,90,1.5,2.0,1.0
030_R107,30,R,2,0,OPTIMAL,123.0038,2,1,1,0,1,0.5,122.7773,0.0,0.2265,90,1.5,2.0,1.0
030_R107,30,R,2,1,OPTIMAL,0.1323,2,0,0,0,2,0.0,0.0,0.0,0.1323,90,1.5,2.0,1.0
030_R107,30,R,2,2,OPTIMAL,74.7985,2,0,0,0,2,0.0,0.0,0.0,74.7985,90,1.5,2.0,1.0
030_R107,30,R,2,3,OPTIMAL,137.74,2,1,1,0,1,0.5,137.6483,0.0,0.0917,90,1.5,2.0,1.0
030_R107,30,R,2,4,OPTIMAL,29.6487,2,0,0,0,2,0.0,0.0,0.0,29.6487,90,1.5,2.0,1.0
030_R107,30,R,2,5,OPTIMAL,241.6847,2,2,1,1,0,1.0,241.6847,0.0,0.0,90,1.5,2.0,1.0
030_R107,30,R,2,6,OPTIMAL,32.6722,2,0,0,0,2,0.0,0.0,0.0,32.6722,90,1.5,2.0,1.0
030_R107,30,R,2,7,OPTIMAL,7.1001,2,0,0,0,2,0.0,0.0,0.0,7.1001,90,1.5,2.0,1.0
030_R107,30,R,2,8,OPTIMAL,58.9861,2,0,0,0,2,0.0,0.0,0.0,58.9861,90,1.5,2.0,1.0
030_R107,30,R,2,9,OPTIMAL,128.4946,2,1,0,1,1,0.5,127.2034,0.0,1.2913,90,1.5,2.0,1.0
030_R107,30,R,4,0,OPTIMAL,107.8342,4,1,0,1,3,0.25,101.3729,0.0,6.4613,90,1.5,2.0,1.0
030_R107,30,R,4,1,OPTIMAL,144.9499,4,1,1,0,3,0.25,137.7354,0.0,7.2145,90,1.5,2.0,1.0
030_R107,30,R,4,2,OPTIMAL,26.0897,4,0,0,0,4,0.0,0.0,0.0,26.0897,90,1.5,2.0,1.0
030_R107,30,R,4,3,OPTIMAL,13.734,4,0,0,0,4,0.0,0.0,0.0,13.734,90,1.5,2.0,1.0
030_R107,30,R,4,4,OPTIMAL,134.0222,4,1,1,0,3,0.25,133.5865,0.0,0.4356,90,1.5,2.0,1.0
030_R107,30,R,4,5,OPTIMAL,117.6093,4,0,0,0,4,0.0,0.0,13.5684,104.0409,90,1.5,2.0,1.0
030_R107,30,R,4,6,OPTIMAL,115.0462,4,1,0,1,3,0.25,107.2398,0.0,7.8063,90,1.5,2.0,1.0
030_R107,30,R,4,7,OPTIMAL,9.2372,4,0,0,0,4,0.0,0.0,0.0,9.2372,90,1.5,2.0,1.0
030_R107,30,R,4,8,OPTIMAL,13.2458,4,0,0,0,4,0.0,0.0,0.0,13.2458,90,1.5,2.0,1.0
030_R107,30,R,4,9,OPTIMAL,166.2883,4,1,0,1,3,0.25,108.1294,0.0,58.1589,90,1.5,2.0,1.0
030_R107,30,R,6,0,OPTIMAL,211.374,6,1,0,1,5,0.1667,96.412,0.8522,114.1098,90,1.5,2.0,1.0
030_R107,30,R,6,1,OPTIMAL,118.2652,6,1,0,1,5,0.1667,108.6808,0.0,9.5844,90,1.5,2.0,1.0
030_R107,30,R,6,2,OPTIMAL,27.8527,6,0,0,0,6,0.0,0.0,0.0,27.8527,90,1.5,2.0,1.0
030_R107,30,R,6,3,OPTIMAL,467.5132,6,2,2,0,4,0.3333,265.6613,12.5858,189.2661,90,1.5,2.0,1.0
030_R107,30,R,6,4,OPTIMAL,8.6385,6,0,0,0,6,0.0,0.0,0.0,8.6385,90,1.5,2.0,1.0
030_R107,30,R,6,5,OPTIMAL,178.4124,6,1,1,0,5,0.1667,138.4618,0.0,39.9506,90,1.5,2.0,1.0
030_R107,30,R,6,6,OPTIMAL,335.481,6,2,0,2,4,0.3333,215.4017,0.0,120.0793,90,1.5,2.0,1.0
030_R107,30,R,6,7,OPTIMAL,223.5351,6,1,0,1,5,0.1667,103.0527,0.0,120.4823,90,1.5,2.0,1.0
030_R107,30,R,6,8,OPTIMAL,242.7527,6,2,1,1,4,0.3333,239.9736,0.0,2.7791,90,1.5,2.0,1.0
030_R107,30,R,6,9,OPTIMAL,363.5524,6,3,1,2,3,0.5,356.2897,0.0,7.2627,90,1.5,2.0,1.0
030_R109,30,R,2,0,OPTIMAL,90.6917,2,0,0,0,2,0.0,0.0,0.0,90.6917,90,1.5,2.0,1.0
030_R109,30,R,2,1,OPTIMAL,0.0661,2,0,0,0,2,0.0,0.0,0.0,0.0661,90,1.5,2.0,1.0
030_R109,30,R,2,2,OPTIMAL,29.6846,2,0,0,0,2,0.0,0.0,0.0,29.6846,90,1.5,2.0,1.0
030_R109,30,R,2,3,OPTIMAL,137.6941,2,1,1,0,1,0.5,137.6483,0.0,0.0458,90,1.5,2.0,1.0
030_R109,30,R,2,4,OPTIMAL,56.0736,2,0,0,0,2,0.0,0.0,0.0,56.0736,90,1.5,2.0,1.0
030_R109,30,R,2,5,OPTIMAL,209.7267,2,1,0,1,1,0.5,119.1967,0.0,90.53,90,1.5,2.0,1.0
030_R109,30,R,2,6,OPTIMAL,21.1319,2,0,0,0,2,0.0,0.0,0.0,21.1319,90,1.5,2.0,1.0
030_R109,30,R,2,7,OPTIMAL,8.8753,2,0,0,0,2,0.0,0.0,0.0,8.8753,90,1.5,2.0,1.0
030_R109,30,R,2,8,OPTIMAL,2.9728,2,0,0,0,2,0.0,0.0,0.0,2.9728,90,1.5,2.0,1.0
030_R109,30,R,2,9,OPTIMAL,127.849,2,1,1,0,1,0.5,127.2034,0.0,0.6456,90,1.5,2.0,1.0
030_R109,30,R,4,0,OPTIMAL,61.577,4,0,0,0,4,0.0,0.0,0.0,61.577,90,1.5,2.0,1.0
030_R109,30,R,4,1,OPTIMAL,175.5407,4,1,1,0,3,0.25,137.7354,0.0,37.8053,90,1.5,2.0,1.0
030_R109,30,R,4,2,OPTIMAL,79.8022,4,0,0,0,4,0.0,0.0,0.0,79.8022,90,1.5,2.0,1.0
030_R109,30,R,4,3,OPTIMAL,80.5436,4,0,0,0,4,0.0,0.0,0.0,80.5436,90,1.5,2.0,1.0
030_R109,30,R,4,4,OPTIMAL,163.8394,4,1,1,0,3,0.25,133.5865,0.0,30.2528,90,1.5,2.0,1.0
030_R109,30,R,4,5,OPTIMAL,25.2936,4,0,0,0,4,0.0,0.0,0.0,25.2936,90,1.5,2.0,1.0
030_R109,30,R,4,6,OPTIMAL,74.8857,4,0,0,0,4,0.0,0.0,0.0,74.8857,90,1.5,2.0,1.0
030_R109,30,R,4,7,OPTIMAL,40.0718,4,0,0,0,4,0.0,0.0,0.0,40.0718,90,1.5,2.0,1.0
030_R109,30,R,4,8,OPTIMAL,59.3096,4,0,0,0,4,0.0,0.0,0.0,59.3096,90,1.5,2.0,1.0
030_R109,30,R,4,9,OPTIMAL,49.4185,4,0,0,0,4,0.0,0.0,0.0,49.4185,90,1.5,2.0,1.0
030_R109,30,R,6,0,OPTIMAL,178.6346,6,1,1,0,5,0.1667,130.3723,0.0,48.2623,90,1.5,2.0,1.0
030_R109,30,R,6,1,OPTIMAL,126.7449,6,1,0,1,5,0.1667,110.6534,0.0,16.0915,90,1.5,2.0,1.0
030_R109,30,R,6,2,OPTIMAL,79.2996,6,0,0,0,6,0.0,0.0,0.0,79.2996,90,1.5,2.0,1.0
030_R109,30,R,6,3,OPTIMAL,464.1975,6,2,2,0,4,0.3333,265.7262,0.0,198.4713,90,1.5,2.0,1.0
030_R109,30,R,6,4,OPTIMAL,41.37,6,0,0,0,6,0.0,0.0,0.0,41.37,90,1.5,2.0,1.0
030_R109,30,R,6,5,OPTIMAL,242.3305,6,1,1,0,5,0.1667,138.4618,0.0,103.8687,90,1.5,2.0,1.0
030_R109,30,R,6,6,OPTIMAL,280.3094,6,1,1,0,5,0.1667,126.6268,0.0,153.6827,90,1.5,2.0,1.0
030_R109,30,R,6,7,OPTIMAL,147.5497,6,1,1,0,5,0.1667,127.6452,0.0,19.9045,90,1.5,2.0,1.0
030_R109,30,R,6,8,OPTIMAL,147.9482,6,1,1,0,5,0.1667,135.2122,0.0,12.736,90,1.5,2.0,1.0
030_R109,30,R,6,9,OPTIMAL,345.5029,6,2,1,1,4,0.3333,250.4901,0.0,95.0128,90,1.5,2.0,1.0
030_R110,30,R,2,0,OPTIMAL,69.2423,2,0,0,0,2,0.0,0.0,0.0,69.2423,90,1.5,2.0,1.0
030_R110,30,R,2,1,OPTIMAL,0.0689,2,0,0,0,2,0.0,0.0,0.0,0.0689,90,1.5,2.0,1.0
030_R110,30,R,2,2,OPTIMAL,40.4011,2,0,0,0,2,0.0,0.0,0.0,40.4011,90,1.5,2.0,1.0
030_R110,30,R,2,3,OPTIMAL,137.6941,2,1,1,0,1,0.5,137.6483,0.0,0.0458,90,1.5,2.0,1.0
030_R110,30,R,2,4,OPTIMAL,70.707,2,0,0,0,2,0.0,0.0,0.0,70.707,90,1.5,2.0,1.0
030_R110,30,R,2,5,OPTIMAL,188.3311,2,1,0,1,1,0.5,119.1967,0.0,69.1344,90,1.5,2.0,1.0
030_R110,30,R,2,6,OPTIMAL,3.1681,2,0,0,0,2,0.0,0.0,0.0,3.1681,90,1.5,2.0,1.0
030_R110,30,R,2,7,OPTIMAL,7.1402,2,0,0,0,2,0.0,0.0,0.0,7.1402,90,1.5,2.0,1.0
030_R110,30,R,2,8,OPTIMAL,3.8952,2,0,0,0,2,0.0,0.0,0.0,3.8952,90,1.5,2.0,1.0
030_R110,30,R,2,9,OPTIMAL,128.4946,2,1,0,1,1,0.5,127.2034,0.0,1.2913,90,1.5,2.0,1.0
030_R110,30,R,4,0,OPTIMAL,56.3946,4,0,0,0,4,0.0,0.0,0.0,56.3946,90,1.5,2.0,1.0
030_R110,30,R,4,1,OPTIMAL,256.1962,4,2,1,1,2,0.5,247.9708,0.0,8.2254,90,1.5,2.0,1.0
030_R110,30,R,4,2,OPTIMAL,179.6282,4,1,0,1,3,0.25,114.6635,0.0,64.9647,90,1.5,2.0,1.0
030_R110,30,R,4,3,OPTIMAL,191.0267,4,1,0,1,3,0.25,109.5946,0.0,81.4321,90,1.5,2.0,1.0
030_R110,30,R,4,4,OPTIMAL,171.149,4,1,1,0,3,0.25,133.5865,0.0,37.5625,90,1.5,2.0,1.0
030_R110,30,R,4,5,OPTIMAL,9.88,4,0,0,0,4,0.0,0.0,0.0,9.88,90,1.5,2.0,1.0
030_R110,30,R,4,6,OPTIMAL,147.7278,4,1,0,1,3,0.25,107.6917,0.0,40.0362,90,1.5,2.0,1.0
030_R110,30,R,4,7,OPTIMAL,79.1007,4,0,0,0,4,0.0,0.0,0.0,79.1007,90,1.5,2.0,1.0
030_R110,30,R,4,8,OPTIMAL,73.3266,4,0,0,0,4,0.0,0.0,0.0,73.3266,90,1.5,2.0,1.0
030_R110,30,R,4,9,OPTIMAL,51.1071,4,0,0,0,4,0.0,0.0,0.0,51.1071,90,1.5,2.0,1.0
030_R110,30,R,6,0,OPTIMAL,217.0938,6,1,1,0,5,0.1667,130.3723,0.0,86.7215,90,1.5,2.0,1.0
030_R110,30,R,6,1,OPTIMAL,131.4303,6,1,0,1,5,0.1667,110.6534,0.0,20.7769,90,1.5,2.0,1.0
030_R110,30,R,6,2,OPTIMAL,97.4313,6,0,0,0,6,0.0,0.0,0.0,97.4313,90,1.5,2.0,1.0
030_R110,30,R,6,3,OPTIMAL,513.0937,6,3,2,1,3,0.5,395.8299,0.0,117.2638,90,1.5,2.0,1.0
030_R110,30,R,6,4,OPTIMAL,78.3206,6,0,0,0,6,0.0,0.0,0.0,78.3206,90,1.5,2.0,1.0
030_R110,30,R,6,5,OPTIMAL,294.4899,6,2,1,1,4,0.3333,251.5554,0.0,42.9345,90,1.5,2.0,1.0
030_R110,30,R,6,6,OPTIMAL,221.0939,6,1,1,0,5,0.1667,126.6268,0.0,94.4672,90,1.5,2.0,1.0
030_R110,30,R,6,7,OPTIMAL,139.1768,6,1,1,0,5,0.1667,127.6452,0.0,11.5316,90,1.5,2.0,1.0
030_R110,30,R,6,8,OPTIMAL,142.183,6,1,1,0,5,0.1667,135.2122,0.0,6.9708,90,1.5,2.0,1.0
030_R110,30,R,6,9,OPTIMAL,369.152,6,2,1,1,4,0.3333,250.4901,0.0,118.6619,90,1.5,2.0,1.0
030_R111,30,R,2,0,OPTIMAL,69.2423,2,0,0,0,2,0.0,0.0,0.0,69.2423,90,1.5,2.0,1.0
030_R111,30,R,2,1,OPTIMAL,0.1323,2,0,0,0,2,0.0,0.0,0.0,0.1323,90,1.5,2.0,1.0
030_R111,30,R,2,2,OPTIMAL,83.9186,2,0,0,0,2,0.0,0.0,0.0,83.9186,90,1.5,2.0,1.0
030_R111,30,R,2,3,OPTIMAL,137.74,2,1,1,0,1,0.5,137.6483,0.0,0.0917,90,1.5,2.0,1.0
030_R111,30,R,2,4,OPTIMAL,87.1298,2,0,0,0,2,0.0,0.0,0.0,87.1298,90,1.5,2.0,1.0
030_R111,30,R,2,5,OPTIMAL,188.3311,2,1,0,1,1,0.5,119.1967,0.0,69.1344,90,1.5,2.0,1.0
030_R111,30,R,2,6,OPTIMAL,52.3302,2,0,0,0,2,0.0,0.0,0.0,52.3302,90,1.5,2.0,1.0
030_R111,30,R,2,7,OPTIMAL,41.1421,2,0,0,0,2,0.0,0.0,0.0,41.1421,90,1.5,2.0,1.0
030_R111,30,R,2,8,OPTIMAL,46.819,2,0,0,0,2,0.0,0.0,0.0,46.819,90,1.5,2.0,1.0
030_R111,30,R,2,9,OPTIMAL,128.4946,2,1,0,1,1,0.5,127.2034,0.0,1.2913,90,1.5,2.0,1.0
030_R111,30,R,4,0,OPTIMAL,133.0342,4,0,0,0,4,0.0,0.0,0.0,133.0342,90,1.5,2.0,1.0
030_R111,30,R,4,1,OPTIMAL,142.6452,4,1,1,0,3,0.25,137.7354,0.0,4.9098,90,1.5,2.0,1.0
030_R111,30,R,4,2,OPTIMAL,102.1884,4,0,0,0,4,0.0,0.0,0.0,102.1884,90,1.5,2.0,1.0
030_R111,30,R,4,3,OPTIMAL,71.1516,4,0,0,0,4,0.0,0.0,0.0,71.1516,90,1.5,2.0,1.0
030_R111,30,R,4,4,OPTIMAL,171.9196,4,0,0,0,4,0.0,0.0,19.4424,152.4771,90,1.5,2.0,1.0
030_R111,30,R,4,5,OPTIMAL,110.2659,4,0,0,0,4,0.0,0.0,0.0,110.2659,90,1.5,2.0,1.0
030_R111,30,R,4,6,OPTIMAL,154.2962,4,0,0,0,4,0.0,0.0,0.0,154.2962,90,1.5,2.0,1.0
030_R111,30,R,4,7,OPTIMAL,49.0727,4,0,0,0,4,0.0,0.0,0.0,49.0727,90,1.5,2.0,1.0
030_R111,30,R,4,8,OPTIMAL,81.623,4,0,0,0,4,0.0,0.0,0.0,81.623,90,1.5,2.0,1.0
030_R111,30,R,4,9,OPTIMAL,173.1569,4,0,0,0,4,0.0,0.0,0.0,173.1569,90,1.5,2.0,1.0
030_R111,30,R,6,0,OPTIMAL,190.7119,6,0,0,0,6,0.0,0.0,0.0,190.7119,90,1.5,2.0,1.0
030_R111,30,R,6,1,OPTIMAL,91.5238,6,0,0,0,6,0.0,0.0,0.0,91.5238,90,1.5,2.0,1.0
030_R111,30,R,6,2,OPTIMAL,106.7006,6,0,0,0,6,0.0,0.0,0.0,106.7006,90,1.5,2.0,1.0
030_R111,30,R,6,3,OPTIMAL,534.5756,6,2,1,1,4,0.3333,265.6613,0.0,268.9142,90,1.5,2.0,1.0
030_R111,30,R,6,4,OPTIMAL,45.1052,6,0,0,0,6,0.0,0.0,0.0,45.1052,90,1.5,2.0,1.0
030_R111,30,R,6,5,OPTIMAL,264.4476,6,1,1,0,5,0.1667,138.4618,0.0,125.9858,90,1.5,2.0,1.0
030_R111,30,R,6,6,OPTIMAL,333.5462,6,1,0,1,5,0.1667,107.2834,0.0,226.2628,90,1.5,2.0,1.0
030_R111,30,R,6,7,OPTIMAL,165.6259,6,0,0,0,6,0.0,0.0,0.0,165.6259,90,1.5,2.0,1.0
030_R111,30,R,6,8,OPTIMAL,226.6704,6,1,1,0,5,0.1667,135.2122,0.0,91.4582,90,1.5,2.0,1.0
030_R111,30,R,6,9,OPTIMAL,370.8435,6,2,1,1,4,0.3333,250.4901,0.0,120.3534,90,1.5,2.0,1.0
030_R201,30,R,2,0,OPTIMAL,152.0919,2,2,2,0,0,1.0,152.0919,0.0,0.0,90,1.5,2.0,1.0
030_R201,30,R,2,1,OPTIMAL,27.5669,2,0,0,0,2,0.0,0.0,0.0,27.5669,90,1.5,2.0,1.0
030_R201,30,R,2,2,OPTIMAL,89.3744,2,1,1,0,1,0.5,89.1805,0.0,0.1939,90,1.5,2.0,1.0
030_R201,30,R,2,3,OPTIMAL,74.3181,2,0,0,0,2,0.0,0.0,0.0,74.3181,90,1.5,2.0,1.0
030_R201,30,R,2,4,OPTIMAL,195.7097,2,2,2,0,0,1.0,195.7097,0.0,0.0,90,1.5,2.0,1.0
030_R201,30,R,2,5,OPTIMAL,241.6847,2,2,2,0,0,1.0,241.6847,0.0,0.0,90,1.5,2.0,1.0
030_R201,30,R,2,6,OPTIMAL,14.0058,2,0,0,0,2,0.0,0.0,0.0,14.0058,90,1.5,2.0,1.0
030_R201,30,R,2,7,OPTIMAL,128.6173,2,1,1,0,1,0.5,128.4323,0.0,0.185,90,1.5,2.0,1.0
030_R201,30,R,2,8,OPTIMAL,86.8603,2,1,1,0,1,0.5,76.5773,0.0,10.283,90,1.5,2.0,1.0
030_R201,30,R,2,9,OPTIMAL,215.8215,2,2,2,0,0,1.0,215.8215,0.0,0.0,90,1.5,2.0,1.0
030_R201,30,R,4,0,OPTIMAL,215.9684,4,2,2,0,2,0.5,181.6665,0.0,34.3019,90,1.5,2.0,1.0
030_R201,30,R,4,1,OPTIMAL,334.2831,4,3,3,0,1,0.75,327.0373,0.0,7.2458,90,1.5,2.0,1.0
030_R201,30,R,4,2,OPTIMAL,178.1704,4,2,1,1,2,0.5,142.5517,0.0,35.6187,90,1.5,2.0,1.0
030_R201,30,R,4,3,OPTIMAL,175.3092,4,2,1,1,2,0.5,131.0607,0.0,44.2486,90,1.5,2.0,1.0
030_R201,30,R,4,4,OPTIMAL,204.7068,4,2,2,0,2,0.5,168.7163,0.0,35.9905,90,1.5,2.0,1.0
030_R201,30,R,4,5,OPTIMAL,238.7527,4,2,1,1,2,0.5,191.6125,0.0,47.1402,90,1.5,2.0,1.0
030_R201,30,R,4,6,OPTIMAL,317.8291,4,2,2,0,2,0.5,230.67,0.0,87.1591,90,1.5,2.0,1.0
030_R201,30,R,4,7,OPTIMAL,283.965,4,2,2,0,2,0.5,197.8335,0.0,86.1315,90,1.5,2.0,1.0
030_R201,30,R,4,8,OPTIMAL,189.0419,4,1,1,0,3,0.25,105.5869,0.0,83.455,90,1.5,2.0,1.0
030_R201,30,R,4,9,OPTIMAL,121.2671,4,1,1,0,3,0.25,108.1294,0.0,13.1377,90,1.5,2.0,1.0
030_R201,30,R,6,0,OPTIMAL,384.3513,6,3,3,0,3,0.5,336.1657,0.0,48.1856,90,1.5,2.0,1.0
030_R201,30,R,6,1,OPTIMAL,263.6802,6,2,2,0,4,0.3333,219.3341,0.0,44.346,90,1.5,2.0,1.0
030_R201,30,R,6,2,OPTIMAL,219.3668,6,2,1,1,4,0.3333,181.678,0.0,37.6887,90,1.5,2.0,1.0
030_R201,30,R,6,3,OPTIMAL,601.2991,6,5,5,0,1,0.8333,571.5517,0.0,29.7474,90,1.5,2.0,1.0
030_R201,30,R,6,4,OPTIMAL,259.1265,6,3,2,1,3,0.5,228.8046,0.0,30.3218,90,1.5,2.0,1.0
030_R201,30,R,6,5,OPTIMAL,286.5877,6,3,3,0,3,0.5,236.8667,0.0,49.721,90,1.5,2.0,1.0
030_R201,30,R,6,6,OPTIMAL,510.7608,6,4,4,0,2,0.6667,433.4214,0.0,77.3394,90,1.5,2.0,1.0
030_R201,30,R,6,7,OPTIMAL,412.0844,6,4,3,1,2,0.6667,365.9679,0.0,46.1165,90,1.5,2.0,1.0
030_R201,30,R,6,8,OPTIMAL,255.635,6,1,1,0,5,0.1667,135.2122,0.0,120.4228,90,1.5,2.0,1.0
030_R201,30,R,6,9,OPTIMAL,384.3193,6,4,4,0,2,0.6667,338.6829,0.0,45.6365,90,1.5,2.0,1.0
030_R205,30,R,2,0,OPTIMAL,57.5515,2,0,0,0,2,0.0,0.0,0.0,57.5515,90,1.5,2.0,1.0
030_R205,30,R,2,1,OPTIMAL,4.5169,2,0,0,0,2,0.0,0.0,0.0,4.5169,90,1.5,2.0,1.0
030_R205,30,R,2,2,OPTIMAL,128.6503,2,1,1,0,1,0.5,90.9302,0.0,37.7201,90,1.5,2.0,1.0
030_R205,30,R,2,3,OPTIMAL,139.7397,2,1,1,0,1,0.5,137.6483,0.0,2.0914,90,1.5,2.0,1.0
030_R205,30,R,2,4,OPTIMAL,195.7097,2,2,2,0,0,1.0,195.7097,0.0,0.0,90,1.5,2.0,1.0
030_R205,30,R,2,5,OPTIMAL,241.6847,2,2,2,0,0,1.0,241.6847,0.0,0.0,90,1.5,2.0,1.0
030_R205,30,R,2,6,OPTIMAL,75.6714,2,1,1,0,1,0.5,54.7672,0.0,20.9042,90,1.5,2.0,1.0
030_R205,30,R,2,7,OPTIMAL,144.2109,2,1,1,0,1,0.5,128.4323,0.0,15.7786,90,1.5,2.0,1.0
030_R205,30,R,2,8,OPTIMAL,65.8763,2,1,1,0,1,0.5,32.349,0.0,33.5273,90,1.5,2.0,1.0
030_R205,30,R,2,9,OPTIMAL,215.8215,2,2,2,0,0,1.0,215.8215,0.0,0.0,90,1.5,2.0,1.0
030_R205,30,R,4,0,OPTIMAL,389.2551,4,4,3,1,0,1.0,389.2551,0.0,0.0,90,1.5,2.0,1.0
030_R205,30,R,4,1,OPTIMAL,284.3539,4,2,1,1,2,0.5,196.7476,0.0,87.6063,90,1.5,2.0,1.0
030_R205,30,R,4,2,OPTIMAL,329.7608,4,4,3,1,0,1.0,329.7608,0.0,0.0,90,1.5,2.0,1.0
030_R205,30,R,4,3,OPTIMAL,158.1723,4,1,1,0,3,0.25,109.5946,0.0,48.5777,90,1.5,2.0,1.0
030_R205,30,R,4,4,OPTIMAL,234.3151,4,2,2,0,2,0.5,232.3892,0.0,1.926,90,1.5,2.0,1.0
030_R205,30,R,4,5,OPTIMAL,231.9655,4,2,2,0,2,0.5,189.8611,0.0,42.1044,90,1.5,2.0,1.0
030_R205,30,R,4,6,OPTIMAL,358.8665,4,3,3,0,1,0.75,315.6853,0.0,43.1812,90,1.5,2.0,1.0
030_R205,30,R,4,7,OPTIMAL,332.9195,4,3,3,0,1,0.75,295.3258,0.0,37.5937,90,1.5,2.0,1.0
030_R205,30,R,4,8,OPTIMAL,230.3376,4,2,1,1,2,0.5,228.9564,0.0,1.3812,90,1.5,2.0,1.0
030_R205,30,R,4,9,OPTIMAL,224.6372,4,1,1,0,3,0.25,103.5039,0.0,121.1333,90,1.5,2.0,1.0
030_R205,30,R,6,0,OPTIMAL,535.5548,6,6,4,2,0,1.0,535.5548,0.0,0.0,90,1.5,2.0,1.0
030_R205,30,R,6,1,OPTIMAL,284.979,6,3,2,1,3,0.5,254.7311,0.0,30.2479,90,1.5,2.0,1.0
030_R205,30,R,6,2,OPTIMAL,258.7121,6,1,1,0,5,0.1667,101.625,0.0,157.0871,90,1.5,2.0,1.0
030_R205,30,R,6,3,OPTIMAL,661.0626,6,5,5,0,1,0.8333,613.5766,0.0,47.4861,90,1.5,2.0,1.0
030_R205,30,R,6,4,OPTIMAL,332.5638,6,3,2,1,3,0.5,286.5909,0.0,45.9729,90,1.5,2.0,1.0
030_R205,30,R,6,5,OPTIMAL,442.0911,6,4,3,1,2,0.6667,416.0971,0.0,25.9939,90,1.5,2.0,1.0
030_R205,30,R,6,6,OPTIMAL,509.6315,6,4,4,0,2,0.6667,444.5587,0.0,65.0728,90,1.5,2.0,1.0
030_R205,30,R,6,7,OPTIMAL,257.7989,6,1,1,0,5,0.1667,127.6452,0.0,130.1537,90,1.5,2.0,1.0
030_R205,30,R,6,8,OPTIMAL,312.1455,6,3,3,0,3,0.5,275.1511,0.0,36.9945,90,1.5,2.0,1.0
030_R205,30,R,6,9,OPTIMAL,286.3828,6,2,2,0,4,0.3333,232.8873,0.0,53.4956,90,1.5,2.0,1.0
030_R209,30,R,2,0,OPTIMAL,136.2189,2,1,1,0,1,0.5,122.7773,0.0,13.4416,90,1.5,2.0,1.0
030_R209,30,R,2,1,OPTIMAL,4.5338,2,0,0,0,2,0.0,0.0,0.0,4.5338,90,1.5,2.0,1.0
030_R209,30,R,2,2,OPTIMAL,180.1106,2,2,2,0,0,1.0,180.1106,0.0,0.0,90,1.5,2.0,1.0
030_R209,30,R,2,3,OPTIMAL,185.9833,2,2,2,0,0,1.0,185.9833,0.0,0.0,90,1.5,2.0,1.0
030_R209,30,R,2,4,OPTIMAL,195.7097,2,2,1,1,0,1.0,195.7097,0.0,0.0,90,1.5,2.0,1.0
030_R209,30,R,2,5,OPTIMAL,241.6847,2,2,2,0,0,1.0,241.6847,0.0,0.0,90,1.5,2.0,1.0
030_R209,30,R,2,6,OPTIMAL,65.1753,2,1,1,0,1,0.5,54.7672,0.0,10.4081,90,1.5,2.0,1.0
030_R209,30,R,2,7,OPTIMAL,128.4925,2,1,1,0,1,0.5,128.4323,0.0,0.0602,90,1.5,2.0,1.0
030_R209,30,R,2,8,OPTIMAL,31.2423,2,0,0,0,2,0.0,0.0,0.0,31.2423,90,1.5,2.0,1.0
030_R209,30,R,2,9,OPTIMAL,215.8215,2,2,2,0,0,1.0,215.8215,0.0,0.0,90,1.5,2.0,1.0
030_R209,30,R,4,0,OPTIMAL,308.9615,4,3,2,1,1,0.75,308.9614,0.0,0.0,90,1.5,2.0,1.0
030_R209,30,R,4,1,OPTIMAL,161.7672,4,0,0,0,4,0.0,0.0,0.0,161.7672,90,1.5,2.0,1.0
030_R209,30,R,4,2,OPTIMAL,265.2051,4,3,3,0,1,0.75,230.6004,0.0,34.6047,90,1.5,2.0,1.0
030_R209,30,R,4,3,OPTIMAL,281.3754,4,3,2,1,1,0.75,276.2444,0.0,5.131,90,1.5,2.0,1.0
030_R209,30,R,4,4,OPTIMAL,234.3151,4,2,2,0,2,0.5,232.3892,0.0,1.926,90,1.5,2.0,1.0
030_R209,30,R,4,5,OPTIMAL,342.0947,4,3,3,0,1,0.75,286.2304,0.0,55.8644,90,1.5,2.0,1.0
030_R209,30,R,4,6,OPTIMAL,319.4902,4,2,0,2,2,0.5,231.1219,0.0,88.3684,90,1.5,2.0,1.0
030_R209,30,R,4,7,OPTIMAL,295.3441,4,3,3,0,1,0.75,263.1798,0.0,32.1643,90,1.5,2.0,1.0
030_R209,30,R,4,8,OPTIMAL,288.6233,4,3,3,0,1,0.75,287.4777,0.0,1.1456,90,1.5,2.0,1.0
030_R209,30,R,4,9,OPTIMAL,187.02,4,2,1,1,2,0.5,171.2719,0.0,15.7481,90,1.5,2.0,1.0
030_R209,30,R,6,0,OPTIMAL,479.2808,6,5,3,2,1,0.8333,453.0702,0.0,26.2106,90,1.5,2.0,1.0
030_R209,30,R,6,1,OPTIMAL,345.3681,6,4,2,2,2,0.6667,310.7451,0.0,34.6229,90,1.5,2.0,1.0
030_R209,30,R,6,2,OPTIMAL,407.5658,6,4,4,0,2,0.6667,372.7472,0.0,34.8187,90,1.5,2.0,1.0
030_R209,30,R,6,3,OPTIMAL,441.0924,6,3,3,0,3,0.5,379.942,0.0,61.1504,90,1.5,2.0,1.0
030_R209,30,R,6,4,OPTIMAL,358.7124,6,4,3,1,2,0.6667,337.955,0.0,20.7574,90,1.5,2.0,1.0
030_R209,30,R,6,5,OPTIMAL,425.6998,6,4,4,0,2,0.6667,401.2666,0.0,24.4333,90,1.5,2.0,1.0
030_R209,30,R,6,6,OPTIMAL,297.457,6,2,2,0,4,0.3333,209.8137,0.0,87.6433,90,1.5,2.0,1.0
030_R209,30,R,6,7,OPTIMAL,326.116,6,2,1,1,4,0.3333,210.2768,0.0,115.8391,90,1.5,2.0,1.0
030_R209,30,R,6,8,OPTIMAL,350.9647,6,4,2,2,2,0.6667,286.822,0.0,64.1427,90,1.5,2.0,1.0
030_R209,30,R,6,9,OPTIMAL,390.2189,6,3,3,0,3,0.5,339.656,0.0,50.5628,90,1.5,2.0,1.0
030_RC101,30,RC,2,0,OPTIMAL,101.3225,2,1,1,0,1,0.5,97.9993,0.0,3.3232,90,1.5,2.0,1.0
030_RC101,30,RC,2,1,OPTIMAL,139.1249,2,1,1,0,1,0.5,132.1767,0.0,6.9482,90,1.5,2.0,1.0
030_RC101,30,RC,2,2,OPTIMAL,278.4073,2,2,2,0,0,1.0,278.4073,0.0,0.0,90,1.5,2.0,1.0
030_RC101,30,RC,2,3,OPTIMAL,66.1651,2,0,0,0,2,0.0,0.0,7.3173,58.8478,90,1.5,2.0,1.0
030_RC101,30,RC,2,4,OPTIMAL,27.4932,2,0,0,0,2,0.0,0.0,0.0,27.4932,90,1.5,2.0,1.0
030_RC101,30,RC,2,5,OPTIMAL,265.8191,2,2,2,0,0,1.0,265.8191,0.0,0.0,90,1.5,2.0,1.0
030_RC101,30,RC,2,6,OPTIMAL,7.8139,2,0,0,0,2,0.0,0.0,0.0,7.8139,90,1.5,2.0,1.0
030_RC101,30,RC,2,7,OPTIMAL,251.9663,2,2,2,0,0,1.0,251.9663,0.0,0.0,90,1.5,2.0,1.0
030_RC101,30,RC,2,8,OPTIMAL,22.1001,2,0,0,0,2,0.0,0.0,0.0,22.1001,90,1.5,2.0,1.0
030_RC101,30,RC,2,9,OPTIMAL,11.6535,2,0,0,0,2,0.0,0.0,0.0,11.6535,90,1.5,2.0,1.0
030_RC101,30,RC,4,0,OPTIMAL,389.1897,4,3,3,0,1,0.75,385.1417,0.0,4.048,90,1.5,2.0,1.0
030_RC101,30,RC,4,1,OPTIMAL,304.241,4,2,2,0,2,0.5,282.4398,0.0,21.8011,90,1.5,2.0,1.0
030_RC101,30,RC,4,2,OPTIMAL,253.5591,4,2,1,1,2,0.5,215.1266,2.0777,36.3547,90,1.5,2.0,1.0
030_RC101,30,RC,4,3,OPTIMAL,474.5594,4,3,3,0,1,0.75,469.0805,0.0,5.479,90,1.5,2.0,1.0
030_RC101,30,RC,4,4,OPTIMAL,381.4602,4,3,3,0,1,0.75,381.3297,0.0,0.1305,90,1.5,2.0,1.0
030_RC101,30,RC,4,5,OPTIMAL,268.3585,4,2,2,0,2,0.5,243.2342,0.0,25.1243,90,1.5,2.0,1.0
030_RC101,30,RC,4,6,OPTIMAL,211.9511,4,1,1,0,3,0.25,162.2057,0.0,49.7455,90,1.5,2.0,1.0
030_RC101,30,RC,4,7,OPTIMAL,326.0643,4,2,2,0,2,0.5,302.4374,0.0,23.6268,90,1.5,2.0,1.0
030_RC101,30,RC,4,8,OPTIMAL,169.2948,4,1,1,0,3,0.25,140.771,0.0,28.5238,90,1.5,2.0,1.0
030_RC101,30,RC,4,9,OPTIMAL,62.3957,4,0,0,0,4,0.0,0.0,8.0609,54.3349,90,1.5,2.0,1.0
030_RC101,30,RC,6,0,OPTIMAL,412.5122,6,3,3,0,3,0.5,399.2626,0.0,13.2495,90,1.5,2.0,1.0
030_RC101,30,RC,6,1,OPTIMAL,593.9898,6,4,4,0,2,0.6667,548.4673,0.0,45.5225,90,1.5,2.0,1.0
030_RC101,30,RC,6,2,OPTIMAL,430.1217,6,3,3,0,3,0.5,398.0496,0.0,32.0721,90,1.5,2.0,1.0
030_RC101,30,RC,6,3,OPTIMAL,464.1416,6,3,3,0,3,0.5,434.8562,0.0,29.2854,90,1.5,2.0,1.0
030_RC101,30,RC,6,4,OPTIMAL,379.5347,6,3,1,2,3,0.5,324.917,0.0,54.6177,90,1.5,2.0,1.0
030_RC101,30,RC,6,5,OPTIMAL,483.2379,6,3,3,0,3,0.5,447.6155,0.0,35.6224,90,1.5,2.0,1.0
030_RC101,30,RC,6,6,OPTIMAL,266.0513,6,2,2,0,4,0.3333,245.6238,0.0,20.4275,90,1.5,2.0,1.0
030_RC101,30,RC,6,7,OPTIMAL,395.0431,6,3,2,1,3,0.5,350.4797,0.0,44.5635,90,1.5,2.0,1.0
030_RC101,30,RC,6,8,OPTIMAL,268.1073,6,2,0,2,4,0.3333,222.6246,0.0,45.4827,90,1.5,2.0,1.0
030_RC101,30,RC,6,9,OPTIMAL,464.7824,6,3,3,0,3,0.5,428.7161,0.0,36.0662,90,1.5,2.0,1.0
030_RC102,30,RC,2,0,OPTIMAL,98.2724,2,1,1,0,1,0.5,97.9993,0.0,0.2731,90,1.5,2.0,1.0
030_RC102,30,RC,2,1,OPTIMAL,233.5887,2,2,2,0,0,1.0,233.5887,0.0,0.0,90,1.5,2.0,1.0
030_RC102,30,RC,2,2,OPTIMAL,278.4073,2,2,2,0,0,1.0,278.4073,0.0,0.0,90,1.5,2.0,1.0
030_RC102,30,RC,2,3,OPTIMAL,131.1622,2,1,1,0,1,0.5,127.543,0.0,3.6192,90,1.5,2.0,1.0
030_RC102,30,RC,2,4,OPTIMAL,116.5642,2,1,1,0,1,0.5,116.018,0.0,0.5462,90,1.5,2.0,1.0
030_RC102,30,RC,2,5,OPTIMAL,265.8191,2,2,2,0,0,1.0,265.8191,0.0,0.0,90,1.5,2.0,1.0
030_RC102,30,RC,2,6,OPTIMAL,6.5794,2,0,0,0,2,0.0,0.0,0.0,6.5794,90,1.5,2.0,1.0
030_RC102,30,RC,2,7,OPTIMAL,251.9663,2,2,2,0,0,1.0,251.9663,0.0,0.0,90,1.5,2.0,1.0
030_RC102,30,RC,2,8,OPTIMAL,12.6569,2,0,0,0,2,0.0,0.0,0.0,12.6569,90,1.5,2.0,1.0
030_RC102,30,RC,2,9,OPTIMAL,9.4504,2,0,0,0,2,0.0,0.0,0.0,9.4504,90,1.5,2.0,1.0
030_RC102,30,RC,4,0,OPTIMAL,286.2446,4,2,2,0,2,0.5,281.9679,0.0,4.2768,90,1.5,2.0,1.0
030_RC102,30,RC,4,1,OPTIMAL,408.7388,4,3,3,0,1,0.75,401.5004,0.0,7.2384,90,1.5,2.0,1.0
030_RC102,30,RC,4,2,OPTIMAL,445.2275,4,4,4,0,0,1.0,445.2275,0.0,0.0,90,1.5,2.0,1.0
030_RC102,30,RC,4,3,OPTIMAL,566.4939,4,4,4,0,0,1.0,566.4939,0.0,0.0,90,1.5,2.0,1.0
030_RC102,30,RC,4,4,OPTIMAL,381.4602,4,3,3,0,1,0.75,381.3297,0.0,0.1305,90,1.5,2.0,1.0
030_RC102,30,RC,4,5,OPTIMAL,255.0428,4,2,2,0,2,0.5,249.7454,0.0,5.2974,90,1.5,2.0,1.0
030_RC102,30,RC,4,6,OPTIMAL,295.8402,4,2,2,0,2,0.5,290.1498,0.0,5.6905,90,1.5,2.0,1.0
030_RC102,30,RC,4,7,OPTIMAL,328.3873,4,2,2,0,2,0.5,302.4374,0.0,25.9499,90,1.5,2.0,1.0
030_RC102,30,RC,4,8,OPTIMAL,251.7533,4,2,1,1,2,0.5,241.5238,0.0,10.2295,90,1.5,2.0,1.0
030_RC102,30,RC,4,9,OPTIMAL,221.7529,4,2,2,0,2,0.5,221.3349,0.0,0.4181,90,1.5,2.0,1.0
030_RC102,30,RC,6,0,OPTIMAL,500.5327,6,4,4,0,2,0.6667,495.357,0.0,5.1757,90,1.5,2.0,1.0
030_RC102,30,RC,6,1,OPTIMAL,582.5329,6,4,4,0,2,0.6667,549.0046,0.0,33.5283,90,1.5,2.0,1.0
030_RC102,30,RC,6,2,OPTIMAL,517.2919,6,4,4,0,2,0.6667,512.6432,0.0,4.6487,90,1.5,2.0,1.0
030_RC102,30,RC,6,3,OPTIMAL,565.4829,6,4,4,0,2,0.6667,550.6859,0.0,14.797,90,1.5,2.0,1.0
030_RC102,30,RC,6,4,OPTIMAL,256.084,6,2,2,0,4,0.3333,243.512,0.0,12.572,90,1.5,2.0,1.0
030_RC102,30,RC,6,5,OPTIMAL,565.6525,6,4,4,0,2,0.6667,556.2359,0.0,9.4166,90,1.5,2.0,1.0
030_RC102,30,RC,6,6,OPTIMAL,270.499,6,2,2,0,4,0.3333,250.8637,0.0,19.6353,90,1.5,2.0,1.0
030_RC102,30,RC,6,7,OPTIMAL,282.7989,6,2,2,0,4,0.3333,251.1199,0.0,31.6791,90,1.5,2.0,1.0
030_RC102,30,RC,6,8,OPTIMAL,246.6817,6,2,2,0,4,0.3333,221.9464,0.0,24.7353,90,1.5,2.0,1.0
030_RC102,30,RC,6,9,OPTIMAL,439.1678,6,3,3,0,3,0.5,428.7161,0.0,10.4517,90,1.5,2.0,1.0
030_RC105,30,RC,2,0,OPTIMAL,102.5741,2,1,1,0,1,0.5,97.9993,0.0,4.5748,90,1.5,2.0,1.0
030_RC105,30,RC,2,1,OPTIMAL,135.5654,2,1,1,0,1,0.5,132.1767,0.0,3.3886,90,1.5,2.0,1.0
030_RC105,30,RC,2,2,OPTIMAL,278.4073,2,2,2,0,0,1.0,278.4073,0.0,0.0,90,1.5,2.0,1.0
030_RC105,30,RC,2,3,OPTIMAL,29.1131,2,0,0,0,2,0.0,0.0,0.0,29.1131,90,1.5,2.0,1.0
030_RC105,30,RC,2,4,OPTIMAL,11.2636,2,0,0,0,2,0.0,0.0,0.0,11.2636,90,1.5,2.0,1.0
030_RC105,30,RC,2,5,OPTIMAL,265.8191,2,2,2,0,0,1.0,265.8191,0.0,0.0,90,1.5,2.0,1.0
030_RC105,30,RC,2,6,OPTIMAL,10.5216,2,0,0,0,2,0.0,0.0,0.0,10.5216,90,1.5,2.0,1.0
030_RC105,30,RC,2,7,OPTIMAL,251.9663,2,2,2,0,0,1.0,251.9663,0.0,0.0,90,1.5,2.0,1.0
030_RC105,30,RC,2,8,OPTIMAL,14.3771,2,0,0,0,2,0.0,0.0,0.0,14.3771,90,1.5,2.0,1.0
030_RC105,30,RC,2,9,OPTIMAL,15.2574,2,0,0,0,2,0.0,0.0,0.0,15.2574,90,1.5,2.0,1.0
030_RC105,30,RC,4,0,OPTIMAL,386.8599,4,3,3,0,1,0.75,385.1417,0.0,1.7182,90,1.5,2.0,1.0
030_RC105,30,RC,4,1,OPTIMAL,329.0784,4,2,2,0,2,0.5,282.4398,17.9713,28.6672,90,1.5,2.0,1.0
030_RC105,30,RC,4,2,OPTIMAL,142.0688,4,1,1,0,3,0.25,113.0396,0.0,29.0292,90,1.5,2.0,1.0
030_RC105,30,RC,4,3,OPTIMAL,472.1079,4,3,3,0,1,0.75,469.0805,0.0,3.0274,90,1.5,2.0,1.0
030_RC105,30,RC,4,4,OPTIMAL,381.5255,4,3,3,0,1,0.75,381.3297,0.0,0.1958,90,1.5,2.0,1.0
030_RC105,30,RC,4,5,OPTIMAL,296.5191,4,2,2,0,2,0.5,243.2342,21.2945,31.9904,90,1.5,2.0,1.0
030_RC105,30,RC,4,6,OPTIMAL,211.7614,4,1,1,0,3,0.25,162.2057,17.1757,32.3801,90,1.5,2.0,1.0
030_RC105,30,RC,4,7,OPTIMAL,336.4663,4,2,2,0,2,0.5,302.4374,5.1223,28.9066,90,1.5,2.0,1.0
030_RC105,30,RC,4,8,OPTIMAL,167.7293,4,1,1,0,3,0.25,140.771,8.1278,18.8306,90,1.5,2.0,1.0
030_RC105,30,RC,4,9,OPTIMAL,36.8975,4,0,0,0,4,0.0,0.0,0.0,36.8975,90,1.5,2.0,1.0
030_RC105,30,RC,6,0,OPTIMAL,412.2551,6,3,3,0,3,0.5,399.2626,0.0,12.9925,90,1.5,2.0,1.0
030_RC105,30,RC,6,1,OPTIMAL,477.012,6,3,3,0,3,0.5,428.042,0.0,48.97,90,1.5,2.0,1.0
030_RC105,30,RC,6,2,OPTIMAL,422.2157,6,3,3,0,3,0.5,398.0496,0.0,24.1661,90,1.5,2.0,1.0
030_RC105,30,RC,6,3,OPTIMAL,458.9335,6,3,3,0,3,0.5,434.8562,0.1083,23.9689,90,1.5,2.0,1.0
030_RC105,30,RC,6,4,OPTIMAL,151.9019,6,1,1,0,5,0.1667,101.2907,0.0,50.6112,90,1.5,2.0,1.0
030_RC105,30,RC,6,5,OPTIMAL,483.0045,6,3,3,0,3,0.5,447.6155,6.6642,28.7248,90,1.5,2.0,1.0
030_RC105,30,RC,6,6,OPTIMAL,268.1467,6,2,2,0,4,0.3333,245.6238,0.8225,21.7004,90,1.5,2.0,1.0
030_RC105,30,RC,6,7,OPTIMAL,399.6183,6,3,2,1,3,0.5,372.4095,0.3477,26.861,90,1.5,2.0,1.0
030_RC105,30,RC,6,8,OPTIMAL,191.6379,6,1,1,0,5,0.1667,120.2048,19.4357,51.9973,90,1.5,2.0,1.0
030_RC105,30,RC,6,9,OPTIMAL,476.7479,6,3,3,0,3,0.5,428.7161,9.4338,38.598,90,1.5,2.0,1.0
030_RC106,30,RC,2,0,OPTIMAL,101.0491,2,1,1,0,1,0.5,97.9993,0.0,3.0498,90,1.5,2.0,1.0
030_RC106,30,RC,2,1,OPTIMAL,133.5492,2,1,1,0,1,0.5,132.1767,0.0,1.3724,90,1.5,2.0,1.0
030_RC106,30,RC,2,2,OPTIMAL,278.4073,2,2,2,0,0,1.0,278.4073,0.0,0.0,90,1.5,2.0,1.0
030_RC106,30,RC,2,3,OPTIMAL,51.8792,2,0,0,0,2,0.0,0.0,0.0,51.8792,90,1.5,2.0,1.0
030_RC106,30,RC,2,4,OPTIMAL,9.4088,2,0,0,0,2,0.0,0.0,0.0,9.4088,90,1.5,2.0,1.0
030_RC106,30,RC,2,5,OPTIMAL,265.8191,2,2,2,0,0,1.0,265.8191,0.0,0.0,90,1.5,2.0,1.0
030_RC106,30,RC,2,6,OPTIMAL,4.3539,2,0,0,0,2,0.0,0.0,0.0,4.3539,90,1.5,2.0,1.0
030_RC106,30,RC,2,7,OPTIMAL,251.9663,2,2,2,0,0,1.0,251.9663,0.0,0.0,90,1.5,2.0,1.0
030_RC106,30,RC,2,8,OPTIMAL,13.6561,2,0,0,0,2,0.0,0.0,0.0,13.6561,90,1.5,2.0,1.0
030_RC106,30,RC,2,9,OPTIMAL,7.2846,2,0,0,0,2,0.0,0.0,0.0,7.2846,90,1.5,2.0,1.0
030_RC106,30,RC,4,0,OPTIMAL,386.8673,4,3,3,0,1,0.75,385.1417,0.0,1.7256,90,1.5,2.0,1.0
030_RC106,30,RC,4,1,OPTIMAL,401.5004,4,3,3,0,1,0.75,401.5004,0.0,0.0,90,1.5,2.0,1.0
030_RC106,30,RC,4,2,OPTIMAL,144.5501,4,1,1,0,3,0.25,113.0396,0.0,31.5106,90,1.5,2.0,1.0
030_RC106,30,RC,4,3,OPTIMAL,473.7005,4,3,3,0,1,0.75,469.0805,0.0,4.62,90,1.5,2.0,1.0
030_RC106,30,RC,4,4,OPTIMAL,381.395,4,3,3,0,1,0.75,381.3297,0.0,0.0653,90,1.5,2.0,1.0
030_RC106,30,RC,4,5,OPTIMAL,376.5676,4,3,3,0,1,0.75,358.9466,0.0,17.621,90,1.5,2.0,1.0
030_RC106,30,RC,4,6,OPTIMAL,306.6578,4,2,2,0,2,0.5,290.1498,0.0,16.508,90,1.5,2.0,1.0
030_RC106,30,RC,4,7,OPTIMAL,324.9244,4,2,2,0,2,0.5,302.4374,0.0,22.487,90,1.5,2.0,1.0
030_RC106,30,RC,4,8,OPTIMAL,158.388,4,1,1,0,3,0.25,140.771,0.0,17.617,90,1.5,2.0,1.0
030_RC106,30,RC,4,9,OPTIMAL,48.1648,4,0,0,0,4,0.0,0.0,0.0,48.1648,90,1.5,2.0,1.0
030_RC106,30,RC,6,0,OPTIMAL,413.2409,6,3,3,0,3,0.5,399.2626,0.0,13.9783,90,1.5,2.0,1.0
030_RC106,30,RC,6,1,OPTIMAL,514.0558,6,3,3,0,3,0.5,428.042,0.0,86.0138,90,1.5,2.0,1.0
030_RC106,30,RC,6,2,OPTIMAL,429.73,6,3,3,0,3,0.5,398.0496,0.0,31.6805,90,1.5,2.0,1.0
030_RC106,30,RC,6,3,OPTIMAL,453.3675,6,3,3,0,3,0.5,434.8562,0.0,18.5113,90,1.5,2.0,1.0
030_RC106,30,RC,6,4,OPTIMAL,191.8515,6,1,1,0,5,0.1667,101.2907,0.0,90.5608,90,1.5,2.0,1.0
030_RC106,30,RC,6,5,OPTIMAL,478.7711,6,3,3,0,3,0.5,447.6155,0.0,31.1555,90,1.5,2.0,1.0
030_RC106,30,RC,6,6,OPTIMAL,258.103,6,2,2,0,4,0.3333,245.6238,0.0,12.4792,90,1.5,2.0,1.0
030_RC106,30,RC,6,7,OPTIMAL,394.2492,6,3,3,0,3,0.5,372.4095,0.0,21.8397,90,1.5,2.0,1.0
030_RC106,30,RC,6,8,OPTIMAL,295.8215,6,2,2,0,4,0.3333,243.8486,0.0,51.9729,90,1.5,2.0,1.0
030_RC106,30,RC,6,9,OPTIMAL,563.7295,6,4,4,0,2,0.6667,551.4173,0.0,12.3122,90,1.5,2.0,1.0
030_RC107,30,RC,2,0,OPTIMAL,131.9309,2,1,1,0,1,0.5,97.9993,0.0,33.9316,90,1.5,2.0,1.0
030_RC107,30,RC,2,1,OPTIMAL,136.3748,2,1,1,0,1,0.5,132.1767,0.0,4.1981,90,1.5,2.0,1.0
030_RC107,30,RC,2,2,OPTIMAL,278.4073,2,2,2,0,0,1.0,278.4073,0.0,0.0,90,1.5,2.0,1.0
030_RC107,30,RC,2,3,OPTIMAL,56.0064,2,0,0,0,2,0.0,0.0,0.0,56.0064,90,1.5,2.0,1.0
030_RC107,30,RC,2,4,OPTIMAL,36.2947,2,0,0,0,2,0.0,0.0,0.0,36.2947,90,1.5,2.0,1.0
030_RC107,30,RC,2,5,OPTIMAL,265.8191,2,2,2,0,0,1.0,265.8191,0.0,0.0,90,1.5,2.0,1.0
030_RC107,30,RC,2,6,OPTIMAL,33.4328,2,0,0,0,2,0.0,0.0,0.0,33.4328,90,1.5,2.0,1.0
030_RC107,30,RC,2,7,OPTIMAL,251.9663,2,2,2,0,0,1.0,251.9663,0.0,0.0,90,1.5,2.0,1.0
030_RC107,30,RC,2,8,OPTIMAL,45.1935,2,0,0,0,2,0.0,0.0,0.0,45.1935,90,1.5,2.0,1.0
030_RC107,30,RC,2,9,OPTIMAL,37.0273,2,0,0,0,2,0.0,0.0,0.0,37.0273,90,1.5,2.0,1.0
030_RC107,30,RC,4,0,OPTIMAL,388.5929,4,3,3,0,1,0.75,385.1417,0.0,3.4512,90,1.5,2.0,1.0
030_RC107,30,RC,4,1,OPTIMAL,318.6132,4,2,2,0,2,0.5,282.4398,0.0,36.1733,90,1.5,2.0,1.0
030_RC107,30,RC,4,2,OPTIMAL,130.2672,4,1,1,0,3,0.25,113.0396,0.0,17.2277,90,1.5,2.0,1.0
030_RC107,30,RC,4,3,OPTIMAL,470.6205,4,3,3,0,1,0.75,469.0805,0.0,1.54,90,1.5,2.0,1.0
030_RC107,30,RC,4,4,OPTIMAL,381.4602,4,3,3,0,1,0.75,381.3297,0.0,0.1305,90,1.5,2.0,1.0
030_RC107,30,RC,4,5,OPTIMAL,376.5676,4,3,2,1,1,0.75,358.9466,0.0,17.621,90,1.5,2.0,1.0
030_RC107,30,RC,4,6,OPTIMAL,250.9098,4,1,1,0,3,0.25,162.2057,0.0,88.7041,90,1.5,2.0,1.0
030_RC107,30,RC,4,7,OPTIMAL,354.5579,4,2,2,0,2,0.5,302.4374,0.0,52.1205,90,1.5,2.0,1.0
030_RC107,30,RC,4,8,OPTIMAL,164.7463,4,1,1,0,3,0.25,140.771,0.0,23.9754,90,1.5,2.0,1.0
030_RC107,30,RC,4,9,OPTIMAL,74.0775,4,0,0,0,4,0.0,0.0,0.0,74.0775,90,1.5,2.0,1.0
030_RC107,30,RC,6,0,OPTIMAL,557.373,6,4,3,1,2,0.6667,524.4097,0.0,32.9633,90,1.5,2.0,1.0
030_RC107,30,RC,6,1,OPTIMAL,619.9338,6,4,3,1,2,0.6667,553.7153,0.0,66.2185,90,1.5,2.0,1.0
030_RC107,30,RC,6,2,OPTIMAL,471.3104,6,3,3,0,3,0.5,398.0496,0.0,73.2608,90,1.5,2.0,1.0
030_RC107,30,RC,6,3,OPTIMAL,477.5606,6,3,3,0,3,0.5,434.8562,0.0,42.7044,90,1.5,2.0,1.0
030_RC107,30,RC,6,4,OPTIMAL,282.849,6,2,1,1,4,0.3333,220.6719,0.0,62.1771,90,1.5,2.0,1.0
030_RC107,30,RC,6,5,OPTIMAL,504.1154,6,3,3,0,3,0.5,447.6155,0.0,56.4998,90,1.5,2.0,1.0
030_RC107,30,RC,6,6,OPTIMAL,407.7339,6,3,2,1,3,0.5,360.7879,0.0,46.9459,90,1.5,2.0,1.0
030_RC107,30,RC,6,7,OPTIMAL,415.6452,6,3,3,0,3,0.5,372.4095,0.0,43.2356,90,1.5,2.0,1.0
030_RC107,30,RC,6,8,OPTIMAL,301.8263,6,2,0,2,4,0.3333,226.0635,0.0,75.7628,90,1.5,2.0,1.0
030_RC107,30,RC,6,9,OPTIMAL,613.5802,6,4,3,1,2,0.6667,546.1953,0.0,67.3849,90,1.5,2.0,1.0
030_RC201,30,RC,2,0,OPTIMAL,2.3398,2,0,0,0,2,0.0,0.0,0.0,2.3398,90,1.5,2.0,1.0
030_RC201,30,RC,2,1,OPTIMAL,113.609,2,1,1,0,1,0.5,101.412,0.0,12.1969,90,1.5,2.0,1.0
030_RC201,30,RC,2,2,OPTIMAL,278.4073,2,2,2,0,0,1.0,278.4073,0.0,0.0,90,1.5,2.0,1.0
030_RC201,30,RC,2,3,OPTIMAL,119.3174,2,1,1,0,1,0.5,104.4207,0.0,14.8967,90,1.5,2.0,1.0
030_RC201,30,RC,2,4,OPTIMAL,223.6578,2,2,2,0,0,1.0,223.6578,0.0,0.0,90,1.5,2.0,1.0
030_RC201,30,RC,2,5,OPTIMAL,134.9244,2,1,1,0,1,0.5,133.7962,0.0,1.1282,90,1.5,2.0,1.0
030_RC201,30,RC,2,6,OPTIMAL,122.7053,2,1,1,0,1,0.5,106.034,0.0,16.6713,90,1.5,2.0,1.0
030_RC201,30,RC,2,7,OPTIMAL,195.1996,2,1,1,0,1,0.5,154.44,0.0,40.7596,90,1.5,2.0,1.0
030_RC201,30,RC,2,8,OPTIMAL,141.5277,2,1,1,0,1,0.5,103.0295,0.0,38.4981,90,1.5,2.0,1.0
030_RC201,30,RC,2,9,OPTIMAL,117.5872,2,1,1,0,1,0.5,114.0393,0.0,3.5479,90,1.5,2.0,1.0
030_RC201,30,RC,4,0,OPTIMAL,417.6997,4,3,3,0,1,0.75,385.1417,0.0,32.558,90,1.5,2.0,1.0
030_RC201,30,RC,4,1,OPTIMAL,185.1083,4,1,1,0,3,0.25,142.5523,0.0,42.556,90,1.5,2.0,1.0
030_RC201,30,RC,4,2,OPTIMAL,267.9417,4,2,2,0,2,0.5,230.1009,0.0,37.8408,90,1.5,2.0,1.0
030_RC201,30,RC,4,3,OPTIMAL,471.0996,4,3,3,0,1,0.75,469.0805,0.0,2.0192,90,1.5,2.0,1.0
030_RC201,30,RC,4,4,OPTIMAL,465.5529,4,4,4,0,0,1.0,465.5529,0.0,0.0,90,1.5,2.0,1.0
030_RC201,30,RC,4,5,OPTIMAL,359.4186,4,3,3,0,1,0.75,358.9466,0.0,0.472,90,1.5,2.0,1.0
030_RC201,30,RC,4,6,OPTIMAL,304.2537,4,2,2,0,2,0.5,290.1498,0.0,14.1039,90,1.5,2.0,1.0
030_RC201,30,RC,4,7,OPTIMAL,284.244,4,2,2,0,2,0.5,251.7245,0.0,32.5194,90,1.5,2.0,1.0
030_RC201,30,RC,4,8,OPTIMAL,297.5919,4,2,2,0,2,0.5,240.4486,0.0,57.1433,90,1.5,2.0,1.0
030_RC201,30,RC,4,9,OPTIMAL,298.5223,4,2,2,0,2,0.5,222.9002,0.0,75.6221,90,1.5,2.0,1.0
030_RC201,30,RC,6,0,OPTIMAL,420.151,6,3,3,0,3,0.5,391.1915,0.0,28.9595,90,1.5,2.0,1.0
030_RC201,30,RC,6,1,OPTIMAL,679.4357,6,5,5,0,1,0.8333,656.2887,0.0,23.1471,90,1.5,2.0,1.0
030_RC201,30,RC,6,2,OPTIMAL,367.743,6,2,2,0,4,0.3333,256.3038,0.0,111.4393,90,1.5,2.0,1.0
030_RC201,30,RC,6,3,OPTIMAL,369.3604,6,3,3,0,3,0.5,357.8028,0.0,11.5576,90,1.5,2.0,1.0
030_RC201,30,RC,6,4,OPTIMAL,336.909,6,3,2,1,3,0.5,317.1343,0.0,19.7747,90,1.5,2.0,1.0
030_RC201,30,RC,6,5,OPTIMAL,564.1497,6,4,4,0,2,0.6667,555.7155,0.0,8.4342,90,1.5,2.0,1.0
030_RC201,30,RC,6,6,OPTIMAL,404.733,6,3,3,0,3,0.5,366.0278,0.0,38.7052,90,1.5,2.0,1.0
030_RC201,30,RC,6,7,OPTIMAL,534.0355,6,4,4,0,2,0.6667,486.5755,0.0,47.4601,90,1.5,2.0,1.0
030_RC201,30,RC,6,8,OPTIMAL,349.4867,6,3,3,0,3,0.5,339.8964,0.0,9.5902,90,1.5,2.0,1.0
030_RC201,30,RC,6,9,OPTIMAL,682.2124,6,5,5,0,1,0.8333,665.22,0.0,16.9923,90,1.5,2.0,1.0
030_RC203,30,RC,2,0,OPTIMAL,212.4726,2,2,1,1,0,1.0,212.4726,0.0,0.0,90,1.5,2.0,1.0
030_RC203,30,RC,2,1,OPTIMAL,233.5887,2,2,1,1,0,1.0,233.5887,0.0,0.0,90,1.5,2.0,1.0
030_RC203,30,RC,2,2,OPTIMAL,278.4073,2,2,2,0,0,1.0,278.4073,0.0,0.0,90,1.5,2.0,1.0
030_RC203,30,RC,2,3,OPTIMAL,109.8011,2,1,1,0,1,0.5,104.4207,0.0,5.3804,90,1.5,2.0,1.0
030_RC203,30,RC,2,4,OPTIMAL,223.6578,2,2,2,0,0,1.0,223.6578,0.0,0.0,90,1.5,2.0,1.0
030_RC203,30,RC,2,5,OPTIMAL,134.9244,2,1,1,0,1,0.5,133.7962,0.0,1.1282,90,1.5,2.0,1.0
030_RC203,30,RC,2,6,OPTIMAL,218.9939,2,2,2,0,0,1.0,218.9939,0.0,0.0,90,1.5,2.0,1.0
030_RC203,30,RC,2,7,OPTIMAL,251.9663,2,2,2,0,0,1.0,251.9663,0.0,0.0,90,1.5,2.0,1.0
030_RC203,30,RC,2,8,OPTIMAL,217.1851,2,2,2,0,0,1.0,217.1851,0.0,0.0,90,1.5,2.0,1.0
030_RC203,30,RC,2,9,OPTIMAL,121.1351,2,1,1,0,1,0.5,114.0393,0.0,7.0958,90,1.5,2.0,1.0
030_RC203,30,RC,4,0,OPTIMAL,417.6997,4,3,3,0,1,0.75,385.1417,0.0,32.558,90,1.5,2.0,1.0
030_RC203,30,RC,4,1,OPTIMAL,404.2113,4,3,3,0,1,0.75,401.5004,0.0,2.711,90,1.5,2.0,1.0
030_RC203,30,RC,4,2,OPTIMAL,362.096,4,3,3,0,1,0.75,332.1879,0.0,29.9081,90,1.5,2.0,1.0
030_RC203,30,RC,4,3,OPTIMAL,471.0996,4,3,3,0,1,0.75,469.0805,0.0,2.0192,90,1.5,2.0,1.0
030_RC203,30,RC,4,4,OPTIMAL,465.5529,4,4,4,0,0,1.0,465.5529,0.0,0.0,90,1.5,2.0,1.0
030_RC203,30,RC,4,5,OPTIMAL,473.4183,4,4,4,0,0,1.0,473.4183,0.0,0.0,90,1.5,2.0,1.0
030_RC203,30,RC,4,6,OPTIMAL,505.8133,4,4,4,0,0,1.0,505.8133,0.0,0.0,90,1.5,2.0,1.0
030_RC203,30,RC,4,7,OPTIMAL,526.7578,4,4,4,0,0,1.0,526.7578,0.0,0.0,90,1.5,2.0,1.0
030_RC203,30,RC,4,8,OPTIMAL,345.0499,4,3,3,0,1,0.75,341.2014,0.0,3.8485,90,1.5,2.0,1.0
030_RC203,30,RC,4,9,OPTIMAL,434.1752,4,4,4,0,0,1.0,434.1752,0.0,0.0,90,1.5,2.0,1.0
030_RC203,30,RC,6,0,OPTIMAL,645.4466,6,5,4,1,1,0.8333,639.0903,0.0,6.3563,90,1.5,2.0,1.0
030_RC203,30,RC,6,1,OPTIMAL,795.1033,6,6,5,1,0,1.0,795.1033,0.0,0.0,90,1.5,2.0,1.0
030_RC203,30,RC,6,2,OPTIMAL,644.5178,6,5,4,1,1,0.8333,622.6038,0.0,21.914,90,1.5,2.0,1.0
030_RC203,30,RC,6,3,OPTIMAL,557.4353,6,4,4,0,2,0.6667,550.6859,0.0,6.7494,90,1.5,2.0,1.0
030_RC203,30,RC,6,4,OPTIMAL,558.3288,6,5,3,2,1,0.8333,557.9937,0.0,0.3351,90,1.5,2.0,1.0
030_RC203,30,RC,6,5,OPTIMAL,663.9584,6,5,5,0,1,0.8333,659.867,0.0,4.0914,90,1.5,2.0,1.0
030_RC203,30,RC,6,6,OPTIMAL,591.5575,6,5,5,0,1,0.8333,589.8446,0.0,1.7129,90,1.5,2.0,1.0
030_RC203,30,RC,6,7,OPTIMAL,590.7692,6,5,5,0,1,0.8333,585.5433,0.0,5.2258,90,1.5,2.0,1.0
030_RC203,30,RC,6,8,OPTIMAL,580.2718,6,5,5,0,1,0.8333,579.7108,0.0,0.561,90,1.5,2.0,1.0
030_RC203,30,RC,6,9,OPTIMAL,782.6992,6,6,6,0,0,1.0,782.6992,0.0,0.0,90,1.5,2.0,1.0
030_RC205,30,RC,2,0,OPTIMAL,115.2761,2,1,1,0,1,0.5,114.4733,0.0,0.8028,90,1.5,2.0,1.0
030_RC205,30,RC,2,1,OPTIMAL,8.0877,2,0,0,0,2,0.0,0.0,0.0,8.0877,90,1.5,2.0,1.0
030_RC205,30,RC,2,2,OPTIMAL,278.4073,2,2,1,1,0,1.0,278.4073,0.0,0.0,90,1.5,2.0,1.0
030_RC205,30,RC,2,3,OPTIMAL,47.5431,2,0,0,0,2,0.0,0.0,0.0,47.5431,90,1.5,2.0,1.0
030_RC205,30,RC,2,4,OPTIMAL,223.6578,2,2,2,0,0,1.0,223.6578,0.0,0.0,90,1.5,2.0,1.0
030_RC205,30,RC,2,5,OPTIMAL,265.8191,2,2,2,0,0,1.0,265.8191,0.0,0.0,90,1.5,2.0,1.0
030_RC205,30,RC,2,6,OPTIMAL,121.8998,2,1,1,0,1,0.5,106.034,0.0,15.8659,90,1.5,2.0,1.0
030_RC205,30,RC,2,7,OPTIMAL,251.9663,2,2,2,0,0,1.0,251.9663,0.0,0.0,90,1.5,2.0,1.0
030_RC205,30,RC,2,8,OPTIMAL,157.3369,2,1,1,0,1,0.5,114.1555,0.0,43.1813,90,1.5,2.0,1.0
030_RC205,30,RC,2,9,OPTIMAL,224.2398,2,2,2,0,0,1.0,224.2398,0.0,0.0,90,1.5,2.0,1.0
030_RC205,30,RC,4,0,OPTIMAL,413.5383,4,3,3,0,1,0.75,385.1417,0.0,28.3966,90,1.5,2.0,1.0
030_RC205,30,RC,4,1,OPTIMAL,404.2113,4,3,3,0,1,0.75,401.5004,0.0,2.711,90,1.5,2.0,1.0
030_RC205,30,RC,4,2,OPTIMAL,270.9773,4,2,2,0,2,0.5,215.1266,0.0,55.8507,90,1.5,2.0,1.0
030_RC205,30,RC,4,3,OPTIMAL,566.4939,4,4,3,1,0,1.0,566.4939,0.0,0.0,90,1.5,2.0,1.0
030_RC205,30,RC,4,4,OPTIMAL,343.9917,4,3,3,0,1,0.75,342.7209,0.0,1.2708,90,1.5,2.0,1.0
030_RC205,30,RC,4,5,OPTIMAL,473.4183,4,4,3,1,0,1.0,473.4183,0.0,0.0,90,1.5,2.0,1.0
030_RC205,30,RC,4,6,OPTIMAL,404.7651,4,3,3,0,1,0.75,395.1328,0.0,9.6324,90,1.5,2.0,1.0
030_RC205,30,RC,4,7,OPTIMAL,526.7578,4,4,3,1,0,1.0,526.7578,0.0,0.0,90,1.5,2.0,1.0
030_RC205,30,RC,4,8,OPTIMAL,281.6657,4,2,2,0,2,0.5,241.5238,0.0,40.142,90,1.5,2.0,1.0
030_RC205,30,RC,4,9,OPTIMAL,335.7786,4,3,3,0,1,0.75,318.3366,0.0,17.442,90,1.5,2.0,1.0
030_RC205,30,RC,6,0,OPTIMAL,533.1769,6,4,3,1,2,0.6667,508.393,0.0,24.7839,90,1.5,2.0,1.0
030_RC205,30,RC,6,1,OPTIMAL,688.1091,6,5,4,1,1,0.8333,674.1406,0.0,13.9684,90,1.5,2.0,1.0
030_RC205,30,RC,6,2,OPTIMAL,558.7448,6,4,3,1,2,0.6667,515.3942,0.0,43.3506,90,1.5,2.0,1.0
030_RC205,30,RC,6,3,OPTIMAL,664.5789,6,5,5,0,1,0.8333,663.6088,0.0,0.97,90,1.5,2.0,1.0
030_RC205,30,RC,6,4,OPTIMAL,457.0972,6,4,3,1,2,0.6667,456.4013,0.0,0.696,90,1.5,2.0,1.0
030_RC205,30,RC,6,5,OPTIMAL,768.4874,6,6,6,0,0,1.0,768.4874,0.0,0.0,90,1.5,2.0,1.0
030_RC205,30,RC,6,6,OPTIMAL,599.9245,6,5,5,0,1,0.8333,587.2748,0.0,12.6498,90,1.5,2.0,1.0
030_RC205,30,RC,6,7,OPTIMAL,484.4272,6,4,4,0,2,0.6667,471.7693,0.0,12.6578,90,1.5,2.0,1.0
030_RC205,30,RC,6,8,OPTIMAL,575.7214,6,5,5,0,1,0.8333,561.2475,0.0,14.4739,90,1.5,2.0,1.0
030_RC205,30,RC,6,9,OPTIMAL,527.7552,6,4,3,1,2,0.6667,508.3191,0.0,19.4361,90,1.5,2.0,1.0
035_C101,35,C,3,0,OPTIMAL,268.3527,3,2,2,0,1,0.6667,230.2287,0.0,38.124,90,1.5,2.0,1.0
035_C101,35,C,3,1,OPTIMAL,113.6634,3,1,0,1,2,0.3333,57.3281,0.0,56.3353,90,1.5,2.0,1.0
035_C101,35,C,3,2,OPTIMAL,65.8158,3,1,0,1,2,0.3333,39.9133,0.0,25.9025,90,1.5,2.0,1.0
035_C101,35,C,3,3,OPTIMAL,165.1897,3,1,1,0,2,0.3333,37.5078,0.0,127.6819,90,1.5,2.0,1.0
035_C101,35,C,3,4,OPTIMAL,96.1909,3,2,1,1,1,0.6667,93.2139,0.0,2.9769,90,1.5,2.0,1.0
035_C101,35,C,3,5,OPTIMAL,26.1995,3,0,0,0,3,0.0,0.0,0.0,26.1995,90,1.5,2.0,1.0
035_C101,35,C,3,6,OPTIMAL,242.94,3,2,2,0,1,0.6667,197.863,0.0,45.0769,90,1.5,2.0,1.0
035_C101,35,C,3,7,OPTIMAL,86.5779,3,1,1,0,2,0.3333,75.8324,0.0,10.7456,90,1.5,2.0,1.0
035_C101,35,C,3,8,OPTIMAL,210.7267,3,2,2,0,1,0.6667,184.7433,0.0,25.9833,90,1.5,2.0,1.0
035_C101,35,C,3,9,OPTIMAL,208.6853,3,2,1,1,1,0.6667,201.2128,0.0,7.4725,90,1.5,2.0,1.0
035_C101,35,C,6,0,OPTIMAL,477.8218,6,5,4,1,1,0.8333,469.6965,0.0,8.1253,90,1.5,2.0,1.0
035_C101,35,C,6,1,OPTIMAL,473.636,6,4,4,0,2,0.6667,461.361,0.0,12.275,90,1.5,2.0,1.0
035_C101,35,C,6,2,OPTIMAL,197.6378,6,2,1,1,4,0.3333,161.6662,0.0,35.9716,90,1.5,2.0,1.0
035_C101,35,C,6,3,OPTIMAL,294.656,6,3,3,0,3,0.5,278.4484,0.0,16.2076,90,1.5,2.0,1.0
035_C101,35,C,6,4,OPTIMAL,167.0654,6,1,1,0,5,0.1667,63.4987,0.0,103.5667,90,1.5,2.0,1.0
035_C101,35,C,6,5,OPTIMAL,299.8777,6,3,1,2,3,0.5,281.0693,0.0,18.8084,90,1.5,2.0,1.0
035_C101,35,C,6,6,OPTIMAL,344.7548,6,3,3,0,3,0.5,268.1138,0.0,76.641,90,1.5,2.0,1.0
035_C101,35,C,6,7,OPTIMAL,294.9871,6,3,3,0,3,0.5,263.9517,0.0,31.0353,90,1.5,2.0,1.0
035_C101,35,C,6,8,OPTIMAL,406.3319,6,5,3,2,1,0.8333,387.1164,0.0,19.2155,90,1.5,2.0,1.0
035_C101,35,C,6,9,OPTIMAL,474.234,6,4,4,0,2,0.6667,466.9649,0.0,7.2691,90,1.5,2.0,1.0
035_C101,35,C,9,0,OPTIMAL,545.3454,9,6,3,3,3,0.6667,487.8522,0.0,57.4932,90,1.5,2.0,1.0
035_C101,35,C,9,1,OPTIMAL,352.8644,9,3,1,2,6,0.3333,235.078,0.0,117.7865,90,1.5,2.0,1.0
035_C101,35,C,9,2,OPTIMAL,214.9345,9,2,1,1,7,0.2222,112.9333,0.0,102.0012,90,1.5,2.0,1.0
035_C101,35,C,9,3,OPTIMAL,406.4309,9,4,3,1,5,0.4444,372.2948,0.0,34.1361,90,1.5,2.0,1.0
035_C101,35,C,9,4,OPTIMAL,297.955,9,3,2,1,6,0.3333,180.4531,0.0,117.5019,90,1.5,2.0,1.0
035_C101,35,C,9,5,OPTIMAL,330.7514,9,3,2,1,6,0.3333,304.6041,0.0,26.1473,90,1.5,2.0,1.0
035_C101,35,C,9,6,OPTIMAL,639.4107,9,5,3,2,4,0.5556,569.7603,0.0,69.6505,90,1.5,2.0,1.0
035_C101,35,C,9,7,OPTIMAL,567.2504,9,7,6,1,2,0.7778,562.1885,0.0,5.0619,90,1.5,2.0,1.0
035_C101,35,C,9,8,OPTIMAL,260.363,9,2,1,1,7,0.2222,157.4486,0.0,102.9144,90,1.5,2.0,1.0
035_C101,35,C,9,9,OPTIMAL,516.9213,9,5,5,0,4,0.5556,463.5241,0.0,53.3972,90,1.5,2.0,1.0
035_C105,35,C,3,0,OPTIMAL,85.6179,3,0,0,0,3,0.0,0.0,0.0,85.6179,90,1.5,2.0,1.0
035_C105,35,C,3,1,OPTIMAL,61.2168,3,0,0,0,3,0.0,0.0,0.0,61.2168,90,1.5,2.0,1.0
035_C105,35,C,3,2,OPTIMAL,9.4554,3,0,0,0,3,0.0,0.0,0.0,9.4554,90,1.5,2.0,1.0
035_C105,35,C,3,3,OPTIMAL,146.1586,3,2,2,0,1,0.6667,145.5564,0.0,0.6022,90,1.5,2.0,1.0
035_C105,35,C,3,4,OPTIMAL,165.2856,3,2,2,0,1,0.6667,143.8855,0.0,21.4001,90,1.5,2.0,1.0
035_C105,35,C,3,5,OPTIMAL,36.3251,3,0,0,0,3,0.0,0.0,0.0,36.3251,90,1.5,2.0,1.0
035_C105,35,C,3,6,OPTIMAL,293.7507,3,3,3,0,0,1.0,293.7507,0.0,0.0,90,1.5,2.0,1.0
035_C105,35,C,3,7,OPTIMAL,197.2158,3,2,1,1,1,0.6667,153.538,0.0,43.6778,90,1.5,2.0,1.0
035_C105,35,C,3,8,OPTIMAL,127.5033,3,0,0,0,3,0.0,0.0,0.0,127.5033,90,1.5,2.0,1.0
035_C105,35,C,3,9,OPTIMAL,164.0747,3,1,1,0,2,0.3333,75.9474,0.0,88.1273,90,1.5,2.0,1.0
035_C105,35,C,6,0,OPTIMAL,236.1481,6,1,1,0,5,0.1667,122.2938,0.0,113.8543,90,1.5,2.0,1.0
035_C105,35,C,6,1,OPTIMAL,403.4499,6,3,3,0,3,0.5,333.2747,0.0,70.1751,90,1.5,2.0,1.0
035_C105,35,C,6,2,OPTIMAL,160.2628,6,1,1,0,5,0.1667,115.9643,0.0,44.2986,90,1.5,2.0,1.0
035_C105,35,C,6,3,OPTIMAL,274.6033,6,3,3,0,3,0.5,239.7882,0.0,34.8151,90,1.5,2.0,1.0
035_C105,35,C,6,4,OPTIMAL,144.6513,6,1,1,0,5,0.1667,101.9161,0.0,42.7351,90,1.5,2.0,1.0
035_C105,35,C,6,5,OPTIMAL,126.5001,6,1,1,0,5,0.1667,54.9753,0.0,71.5248,90,1.5,2.0,1.0
035_C105,35,C,6,6,OPTIMAL,341.6274,6,3,3,0,3,0.5,264.1644,0.0,77.463,90,1.5,2.0,1.0
035_C105,35,C,6,7,OPTIMAL,240.8307,6,2,2,0,4,0.3333,169.5608,0.0,71.2699,90,1.5,2.0,1.0
035_C105,35,C,6,8,OPTIMAL,371.8057,6,3,2,1,3,0.5,298.1687,0.0,73.6371,90,1.5,2.0,1.0
035_C105,35,C,6,9,OPTIMAL,312.845,6,2,2,0,4,0.3333,246.9262,0.0,65.9189,90,1.5,2.0,1.0
035_C105,35,C,9,0,OPTIMAL,248.4873,9,1,1,0,8,0.1111,118.9023,0.0,129.585,90,1.5,2.0,1.0
035_C105,35,C,9,1,OPTIMAL,320.7773,9,2,2,0,7,0.2222,183.4846,0.0,137.2927,90,1.5,2.0,1.0
035_C105,35,C,9,2,OPTIMAL,135.1528,9,0,0,0,9,0.0,0.0,0.0,135.1528,90,1.5,2.0,1.0
035_C105,35,C,9,3,OPTIMAL,200.2772,9,1,1,0,8,0.1111,54.1058,0.0,146.1714,90,1.5,2.0,1.0
035_C105,35,C,9,4,OPTIMAL,373.9781,9,3,3,0,6,0.3333,255.0275,0.0,118.9507,90,1.5,2.0,1.0
035_C105,35,C,9,5,OPTIMAL,376.1068,9,4,4,0,5,0.4444,360.8488,0.0,15.258,90,1.5,2.0,1.0
035_C105,35,C,9,6,OPTIMAL,243.206,9,2,1,1,7,0.2222,160.1987,0.0,83.0074,90,1.5,2.0,1.0
035_C105,35,C,9,7,OPTIMAL,496.9221,9,5,5,0,4,0.5556,463.0895,0.0,33.8326,90,1.5,2.0,1.0
035_C105,35,C,9,8,OPTIMAL,211.2627,9,1,1,0,8,0.1111,118.2245,0.0,93.0382,90,1.5,2.0,1.0
035_C105,35,C,9,9,OPTIMAL,500.9849,9,5,5,0,4,0.5556,409.9685,0.0,91.0164,90,1.5,2.0,1.0
035_C106,35,C,3,0,OPTIMAL,345.3199,3,3,2,1,0,1.0,345.3199,0.0,0.0,90,1.5,2.0,1.0
035_C106,35,C,3,1,OPTIMAL,81.2516,3,0,0,0,3,0.0,0.0,0.0,81.2516,90,1.5,2.0,1.0
035_C106,35,C,3,2,OPTIMAL,54.8305,3,1,0,1,2,0.3333,52.4923,0.0,2.3383,90,1.5,2.0,1.0
035_C106,35,C,3,3,OPTIMAL,189.8,3,2,1,1,1,0.6667,145.5564,0.0,44.2436,90,1.5,2.0,1.0
035_C106,35,C,3,4,OPTIMAL,195.6899,3,3,2,1,0,1.0,195.6899,0.0,0.0,90,1.5,2.0,1.0
035_C106,35,C,3,5,OPTIMAL,51.4911,3,1,1,0,2,0.3333,39.0237,0.0,12.4673,90,1.5,2.0,1.0
035_C106,35,C,3,6,OPTIMAL,293.7507,3,3,2,1,0,1.0,293.7507,0.0,0.0,90,1.5,2.0,1.0
035_C106,35,C,3,7,OPTIMAL,78.2387,3,0,0,0,3,0.0,0.0,0.0,78.2387,90,1.5,2.0,1.0
035_C106,35,C,3,8,OPTIMAL,250.8717,3,3,1,2,0,1.0,250.8717,0.0,0.0,90,1.5,2.0,1.0
035_C106,35,C,3,9,OPTIMAL,234.0003,3,2,2,0,1,0.6667,178.4813,0.0,55.519,90,1.5,2.0,1.0
035_C106,35,C,6,0,OPTIMAL,405.0602,6,4,3,1,2,0.6667,365.0541,0.0,40.0062,90,1.5,2.0,1.0
035_C106,35,C,6,1,OPTIMAL,473.0698,6,4,3,1,2,0.6667,461.361,0.0,11.7088,90,1.5,2.0,1.0
035_C106,35,C,6,2,OPTIMAL,205.7757,6,2,2,0,4,0.3333,173.4647,0.0,32.3111,90,1.5,2.0,1.0
035_C106,35,C,6,3,OPTIMAL,274.5001,6,3,3,0,3,0.5,233.6833,0.0,40.8168,90,1.5,2.0,1.0
035_C106,35,C,6,4,OPTIMAL,254.096,6,4,3,1,2,0.6667,228.1201,0.0,25.9759,90,1.5,2.0,1.0
035_C106,35,C,6,5,OPTIMAL,299.8777,6,3,2,1,3,0.5,281.0693,0.0,18.8084,90,1.5,2.0,1.0
035_C106,35,C,6,6,OPTIMAL,356.4568,6,3,3,0,3,0.5,290.8566,0.0,65.6001,90,1.5,2.0,1.0
035_C106,35,C,6,7,OPTIMAL,273.9845,6,3,2,1,3,0.5,263.9517,0.0,10.0328,90,1.5,2.0,1.0
035_C106,35,C,6,8,OPTIMAL,401.895,6,5,4,1,1,0.8333,387.1164,0.0,14.7786,90,1.5,2.0,1.0
035_C106,35,C,6,9,OPTIMAL,455.5035,6,4,4,0,2,0.6667,403.8248,0.0,51.6787,90,1.5,2.0,1.0
035_C106,35,C,9,0,OPTIMAL,526.4352,9,5,4,1,4,0.5556,422.3011,0.0,104.1341,90,1.5,2.0,1.0
035_C106,35,C,9,1,OPTIMAL,384.4073,9,5,3,2,4,0.5556,328.7803,0.0,55.6269,90,1.5,2.0,1.0
035_C106,35,C,9,2,OPTIMAL,309.3742,9,4,2,2,5,0.4444,262.4801,0.0,46.8941,90,1.5,2.0,1.0
035_C106,35,C,9,3,OPTIMAL,424.045,9,2,1,1,7,0.2222,155.7088,0.0,268.3362,90,1.5,2.0,1.0
035_C106,35,C,9,4,OPTIMAL,289.7179,9,3,3,0,6,0.3333,184.8441,0.0,104.8738,90,1.5,2.0,1.0
035_C106,35,C,9,5,OPTIMAL,513.1512,9,6,2,4,3,0.6667,483.8256,0.0,29.3256,90,1.5,2.0,1.0
035_C106,35,C,9,6,OPTIMAL,258.894,9,1,1,0,8,0.1111,107.6257,0.0,151.2683,90,1.5,2.0,1.0
035_C106,35,C,9,7,OPTIMAL,422.6258,9,4,1,3,5,0.4444,342.6579,0.0,79.9678,90,1.5,2.0,1.0
035_C106,35,C,9,8,OPTIMAL,270.0226,9,2,2,0,7,0.2222,157.4486,0.0,112.5741,90,1.5,2.0,1.0
035_C106,35,C,9,9,OPTIMAL,528.4569,9,5,4,1,4,0.5556,463.5241,0.0,64.9328,90,1.5,2.0,1.0
035_C107,35,C,3,0,OPTIMAL,345.3199,3,3,3,0,0,1.0,345.3199,0.0,0.0,90,1.5,2.0,1.0
035_C107,35,C,3,1,OPTIMAL,150.187,3,2,1,1,1,0.6667,146.8865,0.0,3.3005,90,1.5,2.0,1.0
035_C107,35,C,3,2,OPTIMAL,8.3894,3,0,0,0,3,0.0,0.0,0.0,8.3894,90,1.5,2.0,1.0
035_C107,35,C,3,3,OPTIMAL,146.1586,3,2,2,0,1,0.6667,145.5564,0.0,0.6022,90,1.5,2.0,1.0
035_C107,35,C,3,4,OPTIMAL,101.1467,3,2,2,0,1,0.6667,93.2139,0.0,7.9327,90,1.5,2.0,1.0
035_C107,35,C,3,5,OPTIMAL,62.4114,3,1,1,0,2,0.3333,39.0237,0.0,23.3877,90,1.5,2.0,1.0
035_C107,35,C,3,6,OPTIMAL,162.3449,3,1,1,0,2,0.3333,106.7631,0.0,55.5817,90,1.5,2.0,1.0
035_C107,35,C,3,7,OPTIMAL,202.5776,3,2,0,2,1,0.6667,180.2402,0.0,22.3374,90,1.5,2.0,1.0
035_C107,35,C,3,8,OPTIMAL,136.7967,3,1,1,0,2,0.3333,120.7769,0.0,16.0198,90,1.5,2.0,1.0
035_C107,35,C,3,9,OPTIMAL,181.727,3,1,1,0,2,0.3333,102.5339,0.0,79.1931,90,1.5,2.0,1.0
035_C107,35,C,6,0,OPTIMAL,315.9728,6,3,3,0,3,0.5,293.5981,0.0,22.3747,90,1.5,2.0,1.0
035_C107,35,C,6,1,OPTIMAL,500.2826,6,4,3,1,2,0.6667,415.4881,0.0,84.7945,90,1.5,2.0,1.0
035_C107,35,C,6,2,OPTIMAL,201.4518,6,3,2,1,3,0.5,148.9083,0.0,52.5435,90,1.5,2.0,1.0
035_C107,35,C,6,3,OPTIMAL,301.4171,6,3,3,0,3,0.5,233.6833,0.0,67.7338,90,1.5,2.0,1.0
035_C107,35,C,6,4,OPTIMAL,190.7176,6,2,1,1,4,0.3333,162.8786,0.0,27.839,90,1.5,2.0,1.0
035_C107,35,C,6,5,OPTIMAL,285.7828,6,2,2,0,4,0.3333,226.0939,0.0,59.6889,90,1.5,2.0,1.0
035_C107,35,C,6,6,OPTIMAL,387.2854,6,3,2,1,3,0.5,301.5623,0.0,85.7231,90,1.5,2.0,1.0
035_C107,35,C,6,7,OPTIMAL,256.5533,6,3,2,1,3,0.5,188.353,0.0,68.2003,90,1.5,2.0,1.0
035_C107,35,C,6,8,OPTIMAL,247.8183,6,2,1,1,4,0.3333,160.0125,0.0,87.8058,90,1.5,2.0,1.0
035_C107,35,C,6,9,OPTIMAL,211.2405,6,2,2,0,4,0.3333,166.2411,0.0,44.9994,90,1.5,2.0,1.0
035_C107,35,C,9,0,OPTIMAL,530.1781,9,5,5,0,4,0.5556,454.3095,0.0,75.8686,90,1.5,2.0,1.0
035_C107,35,C,9,1,OPTIMAL,352.319,9,4,3,1,5,0.4444,264.9075,0.0,87.4115,90,1.5,2.0,1.0
035_C107,35,C,9,2,OPTIMAL,304.7849,9,4,4,0,5,0.4444,258.1621,0.0,46.6228,90,1.5,2.0,1.0
035_C107,35,C,9,3,OPTIMAL,401.04,9,4,3,1,5,0.4444,388.0754,0.0,12.9645,90,1.5,2.0,1.0
035_C107,35,C,9,4,OPTIMAL,356.1445,9,4,2,2,5,0.4444,277.0241,0.0,79.1203,90,1.5,2.0,1.0
035_C107,35,C,9,5,OPTIMAL,486.5052,9,5,5,0,4,0.5556,454.5728,0.0,31.9324,90,1.5,2.0,1.0
035_C107,35,C,9,6,OPTIMAL,459.1432,9,5,5,0,4,0.5556,449.675,0.0,9.4682,90,1.5,2.0,1.0
035_C107,35,C,9,7,OPTIMAL,447.8236,9,5,2,3,4,0.5556,410.4072,0.0,37.4164,90,1.5,2.0,1.0
035_C107,35,C,9,8,OPTIMAL,401.3726,9,5,3,2,4,0.5556,394.837,0.0,6.5355,90,1.5,2.0,1.0
035_C107,35,C,9,9,OPTIMAL,461.6373,9,6,4,2,3,0.6667,448.0715,0.0,13.5658,90,1.5,2.0,1.0
035_C108,35,C,3,0,OPTIMAL,298.7751,3,2,2,0,1,0.6667,230.2287,0.0,68.5464,90,1.5,2.0,1.0
035_C108,35,C,3,1,OPTIMAL,62.8261,3,1,1,0,2,0.3333,57.3281,0.0,5.498,90,1.5,2.0,1.0
035_C108,35,C,3,2,OPTIMAL,57.1009,3,1,0,1,2,0.3333,52.4923,0.0,4.6086,90,1.5,2.0,1.0
035_C108,35,C,3,3,OPTIMAL,253.6178,3,3,2,1,0,1.0,253.6178,0.0,0.0,90,1.5,2.0,1.0
035_C108,35,C,3,4,OPTIMAL,132.4734,3,2,2,0,1,0.6667,93.2139,0.0,39.2595,90,1.5,2.0,1.0
035_C108,35,C,3,5,OPTIMAL,50.8762,3,1,1,0,2,0.3333,39.0237,0.0,11.8525,90,1.5,2.0,1.0
035_C108,35,C,3,6,OPTIMAL,293.7507,3,3,3,0,0,1.0,293.7507,0.0,0.0,90,1.5,2.0,1.0
035_C108,35,C,3,7,OPTIMAL,65.9939,3,0,0,0,3,0.0,0.0,0.0,65.9939,90,1.5,2.0,1.0
035_C108,35,C,3,8,OPTIMAL,136.7967,3,1,1,0,2,0.3333,120.7769,0.0,16.0198,90,1.5,2.0,1.0
035_C108,35,C,3,9,OPTIMAL,150.1689,3,1,1,0,2,0.3333,102.5339,0.0,47.6351,90,1.5,2.0,1.0
035_C108,35,C,6,0,OPTIMAL,347.1993,6,3,2,1,3,0.5,295.8359,0.0,51.3633,90,1.5,2.0,1.0
035_C108,35,C,6,1,OPTIMAL,501.6963,6,4,3,1,2,0.6667,461.361,0.0,40.3353,90,1.5,2.0,1.0
035_C108,35,C,6,2,OPTIMAL,254.2919,6,3,1,2,3,0.5,207.3721,0.0,46.9197,90,1.5,2.0,1.0
035_C108,35,C,6,3,OPTIMAL,291.8173,6,3,1,2,3,0.5,239.7882,0.0,52.0291,90,1.5,2.0,1.0
035_C108,35,C,6,4,OPTIMAL,110.4095,6,1,1,0,5,0.1667,52.6927,0.0,57.7168,90,1.5,2.0,1.0
035_C108,35,C,6,5,OPTIMAL,313.5264,6,3,3,0,3,0.5,281.0693,0.0,32.4571,90,1.5,2.0,1.0
035_C108,35,C,6,6,OPTIMAL,378.5755,6,3,2,1,3,0.5,290.8566,0.0,87.7189,90,1.5,2.0,1.0
035_C108,35,C,6,7,OPTIMAL,269.5372,6,3,2,1,3,0.5,216.8668,0.0,52.6704,90,1.5,2.0,1.0
035_C108,35,C,6,8,OPTIMAL,351.1885,6,4,4,0,2,0.6667,339.4302,0.0,11.7583,90,1.5,2.0,1.0
035_C108,35,C,6,9,OPTIMAL,534.7034,6,5,5,0,1,0.8333,534.6648,0.0,0.0386,90,1.5,2.0,1.0
035_C108,35,C,9,0,OPTIMAL,564.1303,9,6,5,1,3,0.6667,493.4528,0.0,70.6774,90,1.5,2.0,1.0
035_C108,35,C,9,1,OPTIMAL,298.0543,9,3,2,1,6,0.3333,147.0637,0.0,150.9906,90,1.5,2.0,1.0
035_C108,35,C,9,2,OPTIMAL,282.7241,9,4,3,1,5,0.4444,211.58,0.0,71.1441,90,1.5,2.0,1.0
035_C108,35,C,9,3,OPTIMAL,471.7797,9,4,1,3,5,0.4444,398.8579,0.0,72.9218,90,1.5,2.0,1.0
035_C108,35,C,9,4,OPTIMAL,328.6041,9,3,3,0,6,0.3333,284.7097,0.0,43.8944,90,1.5,2.0,1.0
035_C108,35,C,9,5,OPTIMAL,482.472,9,5,2,3,4,0.5556,454.5728,0.0,27.8992,90,1.5,2.0,1.0
035_C108,35,C,9,6,OPTIMAL,662.4232,9,7,7,0,2,0.7778,661.067,0.0,1.3563,90,1.5,2.0,1.0
035_C108,35,C,9,7,OPTIMAL,501.9499,9,6,4,2,3,0.6667,437.3991,0.0,64.5508,90,1.5,2.0,1.0
035_C108,35,C,9,8,OPTIMAL,297.1945,9,3,3,0,6,0.3333,239.3077,0.0,57.8868,90,1.5,2.0,1.0
035_C108,35,C,9,9,OPTIMAL,461.1732,9,5,2,3,4,0.5556,409.9685,0.0,51.2047,90,1.5,2.0,1.0
035_C201,35,C,3,0,OPTIMAL,257.6735,3,3,3,0,0,1.0,257.6735,0.0,0.0,90,1.5,2.0,1.0
035_C201,35,C,3,1,OPTIMAL,192.3786,3,3,2,1,0,1.0,192.3786,0.0,0.0,90,1.5,2.0,1.0
035_C201,35,C,3,2,OPTIMAL,124.1533,3,1,1,0,2,0.3333,71.5756,0.0,52.5777,90,1.5,2.0,1.0
035_C201,35,C,3,3,OPTIMAL,258.5999,3,3,2,1,0,1.0,258.5999,0.0,0.0,90,1.5,2.0,1.0
035_C201,35,C,3,4,OPTIMAL,265.861,3,3,3,0,0,1.0,265.861,0.0,0.0,90,1.5,2.0,1.0
035_C201,35,C,3,5,OPTIMAL,203.8325,3,2,2,0,1,0.6667,150.2363,0.0,53.5962,90,1.5,2.0,1.0
035_C201,35,C,3,6,OPTIMAL,174.3116,3,2,2,0,1,0.6667,155.2489,0.0,19.0626,90,1.5,2.0,1.0
035_C201,35,C,3,7,OPTIMAL,87.3525,3,2,1,1,1,0.6667,82.9376,0.0,4.4149,90,1.5,2.0,1.0
035_C201,35,C,3,8,OPTIMAL,229.6145,3,3,3,0,0,1.0,229.6145,0.0,0.0,90,1.5,2.0,1.0
035_C201,35,C,3,9,OPTIMAL,146.1468,3,2,2,0,1,0.6667,113.4437,0.0,32.7031,90,1.5,2.0,1.0
035_C201,35,C,6,0,OPTIMAL,424.6438,6,4,4,0,2,0.6667,300.8962,0.0,123.7476,90,1.5,2.0,1.0
035_C201,35,C,6,1,OPTIMAL,384.8741,6,6,5,1,0,1.0,384.8741,0.0,0.0,90,1.5,2.0,1.0
035_C201,35,C,6,2,OPTIMAL,329.0343,6,4,3,1,2,0.6667,318.2902,0.0,10.7441,90,1.5,2.0,1.0
035_C201,35,C,6,3,OPTIMAL,376.8235,6,5,5,0,1,0.8333,376.0747,0.0,0.7488,90,1.5,2.0,1.0
035_C201,35,C,6,4,OPTIMAL,498.4236,6,6,5,1,0,1.0,498.4236,0.0,0.0,90,1.5,2.0,1.0
035_C201,35,C,6,5,OPTIMAL,404.0272,6,5,5,0,1,0.8333,402.2442,0.0,1.783,90,1.5,2.0,1.0
035_C201,35,C,6,6,OPTIMAL,480.9243,6,4,4,0,2,0.6667,426.1624,0.0,54.7619,90,1.5,2.0,1.0
035_C201,35,C,6,7,OPTIMAL,292.3714,6,4,4,0,2,0.6667,265.5628,0.0,26.8087,90,1.5,2.0,1.0
035_C201,35,C,6,8,OPTIMAL,330.5409,6,4,4,0,2,0.6667,287.817,0.0,42.7238,90,1.5,2.0,1.0
035_C201,35,C,6,9,OPTIMAL,408.8476,6,4,3,1,2,0.6667,354.9867,0.0,53.8609,90,1.5,2.0,1.0
035_C201,35,C,9,0,OPTIMAL,657.4866,9,8,8,0,1,0.8889,655.7384,0.0,1.7482,90,1.5,2.0,1.0
035_C201,35,C,9,1,OPTIMAL,491.1659,9,7,6,1,2,0.7778,440.8,0.0,50.3659,90,1.5,2.0,1.0
035_C201,35,C,9,2,OPTIMAL,436.9886,9,5,4,1,4,0.5556,402.7538,0.0,34.2348,90,1.5,2.0,1.0
035_C201,35,C,9,3,OPTIMAL,760.1424,9,8,6,2,1,0.8889,743.3401,0.0,16.8023,90,1.5,2.0,1.0
035_C201,35,C,9,4,OPTIMAL,621.2595,9,8,8,0,1,0.8889,608.9739,0.0,12.2856,90,1.5,2.0,1.0
035_C201,35,C,9,5,OPTIMAL,522.0059,9,7,6,1,2,0.7778,512.5353,0.0,9.4706,90,1.5,2.0,1.0
035_C201,35,C,9,6,OPTIMAL,555.7275,9,6,4,2,3,0.6667,519.0956,0.0,36.6318,90,1.5,2.0,1.0
035_C201,35,C,9,7,OPTIMAL,516.5049,9,5,4,1,4,0.5556,386.6878,0.0,129.8172,90,1.5,2.0,1.0
035_C201,35,C,9,8,OPTIMAL,651.1119,9,6,6,0,3,0.6667,623.2725,0.0,27.8394,90,1.5,2.0,1.0
035_C201,35,C,9,9,OPTIMAL,679.129,9,8,6,2,1,0.8889,679.1255,0.0,0.0036,90,1.5,2.0,1.0
035_C202,35,C,3,0,OPTIMAL,257.6735,3,3,3,0,0,1.0,257.6735,0.0,0.0,90,1.5,2.0,1.0
035_C202,35,C,3,1,OPTIMAL,138.8882,3,2,2,0,1,0.6667,119.3613,0.0,19.5269,90,1.5,2.0,1.0
035_C202,35,C,3,2,OPTIMAL,181.9291,3,2,1,1,1,0.6667,163.9192,0.0,18.0099,90,1.5,2.0,1.0
035_C202,35,C,3,3,OPTIMAL,258.5999,3,3,2,1,0,1.0,258.5999,0.0,0.0,90,1.5,2.0,1.0
035_C202,35,C,3,4,OPTIMAL,265.861,3,3,3,0,0,1.0,265.861,0.0,0.0,90,1.5,2.0,1.0
035_C202,35,C,3,5,OPTIMAL,181.7765,3,2,2,0,1,0.6667,150.2363,0.0,31.5402,90,1.5,2.0,1.0
035_C202,35,C,3,6,OPTIMAL,164.391,3,2,2,0,1,0.6667,155.2489,0.0,9.1421,90,1.5,2.0,1.0
035_C202,35,C,3,7,OPTIMAL,126.0733,3,2,2,0,1,0.6667,118.3103,0.0,7.763,90,1.5,2.0,1.0
035_C202,35,C,3,8,OPTIMAL,229.6145,3,3,3,0,0,1.0,229.6145,0.0,0.0,90,1.5,2.0,1.0
035_C202,35,C,3,9,OPTIMAL,120.0321,3,2,2,0,1,0.6667,113.4437,0.0,6.5883,90,1.5,2.0,1.0
035_C202,35,C,6,0,OPTIMAL,428.0153,6,5,5,0,1,0.8333,421.2777,0.0,6.7376,90,1.5,2.0,1.0
035_C202,35,C,6,1,OPTIMAL,384.8741,6,6,6,0,0,1.0,384.8741,0.0,0.0,90,1.5,2.0,1.0
035_C202,35,C,6,2,OPTIMAL,441.8904,6,5,4,1,1,0.8333,440.5651,0.0,1.3252,90,1.5,2.0,1.0
035_C202,35,C,6,3,OPTIMAL,346.1523,6,4,4,0,2,0.6667,339.8558,0.0,6.2965,90,1.5,2.0,1.0
035_C202,35,C,6,4,OPTIMAL,498.4236,6,6,6,0,0,1.0,498.4236,0.0,0.0,90,1.5,2.0,1.0
035_C202,35,C,6,5,OPTIMAL,439.4653,6,6,5,1,0,1.0,439.4653,0.0,0.0,90,1.5,2.0,1.0
035_C202,35,C,6,6,OPTIMAL,525.8578,6,5,5,0,1,0.8333,482.9833,0.0,42.8745,90,1.5,2.0,1.0
035_C202,35,C,6,7,OPTIMAL,373.9007,6,5,5,0,1,0.8333,368.3982,0.0,5.5026,90,1.5,2.0,1.0
035_C202,35,C,6,8,OPTIMAL,383.442,6,5,4,1,1,0.8333,352.3303,0.0,31.1117,90,1.5,2.0,1.0
035_C202,35,C,6,9,OPTIMAL,461.3378,6,5,3,2,1,0.8333,407.6758,0.0,53.662,90,1.5,2.0,1.0
035_C202,35,C,9,0,OPTIMAL,657.4866,9,8,8,0,1,0.8889,655.7384,0.0,1.7482,90,1.5,2.0,1.0
035_C202,35,C,9,1,OPTIMAL,510.6272,9,7,7,0,2,0.7778,484.6653,0.0,25.9619,90,1.5,2.0,1.0
035_C202,35,C,9,2,OPTIMAL,425.497,9,5,4,1,4,0.5556,380.8452,0.0,44.6518,90,1.5,2.0,1.0
035_C202,35,C,9,3,OPTIMAL,791.9341,9,7,6,1,2,0.7778,749.5807,0.0,42.3534,90,1.5,2.0,1.0
035_C202,35,C,9,4,OPTIMAL,621.2595,9,8,8,0,1,0.8889,608.9739,0.0,12.2856,90,1.5,2.0,1.0
035_C202,35,C,9,5,OPTIMAL,615.5914,9,8,7,1,1,0.8889,608.8792,0.0,6.7122,90,1.5,2.0,1.0
035_C202,35,C,9,6,OPTIMAL,557.4926,9,6,6,0,3,0.6667,519.7229,0.0,37.7698,90,1.5,2.0,1.0
035_C202,35,C,9,7,OPTIMAL,541.7203,9,6,5,1,3,0.6667,483.1848,0.0,58.5355,90,1.5,2.0,1.0
035_C202,35,C,9,8,OPTIMAL,717.0825,9,7,7,0,2,0.7778,689.2431,0.0,27.8394,90,1.5,2.0,1.0
035_C202,35,C,9,9,OPTIMAL,736.9781,9,8,7,1,1,0.8889,694.9377,0.0,42.0404,90,1.5,2.0,1.0
035_C205,35,C,3,0,OPTIMAL,257.6735,3,3,3,0,0,1.0,257.6735,0.0,0.0,90,1.5,2.0,1.0
035_C205,35,C,3,1,OPTIMAL,167.7042,3,2,2,0,1,0.6667,152.4849,0.0,15.2193,90,1.5,2.0,1.0
035_C205,35,C,3,2,OPTIMAL,250.0796,3,3,0,3,0,1.0,250.0796,0.0,0.0,90,1.5,2.0,1.0
035_C205,35,C,3,3,OPTIMAL,197.869,3,2,2,0,1,0.6667,185.6467,0.0,12.2222,90,1.5,2.0,1.0
035_C205,35,C,3,4,OPTIMAL,250.2935,3,2,2,0,1,0.6667,187.7785,0.0,62.515,90,1.5,2.0,1.0
035_C205,35,C,3,5,OPTIMAL,203.8325,3,2,2,0,1,0.6667,150.2363,0.0,53.5962,90,1.5,2.0,1.0
035_C205,35,C,3,6,OPTIMAL,184.702,3,3,3,0,0,1.0,184.702,0.0,0.0,90,1.5,2.0,1.0
035_C205,35,C,3,7,OPTIMAL,159.2316,3,3,3,0,0,1.0,159.2316,0.0,0.0,90,1.5,2.0,1.0
035_C205,35,C,3,8,OPTIMAL,229.6145,3,3,2,1,0,1.0,229.6145,0.0,0.0,90,1.5,2.0,1.0
035_C205,35,C,3,9,OPTIMAL,175.5836,3,2,2,0,1,0.6667,169.1755,0.0,6.4081,90,1.5,2.0,1.0
035_C205,35,C,6,0,OPTIMAL,303.5747,6,3,3,0,3,0.5,257.8007,0.0,45.774,90,1.5,2.0,1.0
035_C205,35,C,6,1,OPTIMAL,326.4613,6,5,5,0,1,0.8333,326.0538,0.0,0.4075,90,1.5,2.0,1.0
035_C205,35,C,6,2,OPTIMAL,294.0061,6,3,2,1,3,0.5,223.2281,0.0,70.778,90,1.5,2.0,1.0
035_C205,35,C,6,3,OPTIMAL,376.5892,6,5,5,0,1,0.8333,376.0747,0.0,0.5144,90,1.5,2.0,1.0
035_C205,35,C,6,4,OPTIMAL,498.4236,6,6,6,0,0,1.0,498.4236,0.0,0.0,90,1.5,2.0,1.0
035_C205,35,C,6,5,OPTIMAL,317.7241,6,4,2,2,2,0.6667,307.2129,0.0,10.5112,90,1.5,2.0,1.0
035_C205,35,C,6,6,OPTIMAL,530.7742,6,5,5,0,1,0.8333,504.324,0.0,26.4502,90,1.5,2.0,1.0
035_C205,35,C,6,7,OPTIMAL,185.3369,6,2,2,0,4,0.3333,124.8662,0.0,60.4707,90,1.5,2.0,1.0
035_C205,35,C,6,8,OPTIMAL,311.063,6,5,5,0,1,0.8333,298.0397,0.0,13.0234,90,1.5,2.0,1.0
035_C205,35,C,6,9,OPTIMAL,535.3552,6,6,6,0,0,1.0,535.3552,0.0,0.0,90,1.5,2.0,1.0
035_C205,35,C,9,0,OPTIMAL,446.7872,9,4,4,0,5,0.4444,400.7823,0.0,46.0049,90,1.5,2.0,1.0
035_C205,35,C,9,1,OPTIMAL,554.3973,9,7,7,0,2,0.7778,543.5585,0.0,10.8388,90,1.5,2.0,1.0
035_C205,35,C,9,2,OPTIMAL,574.8794,9,7,5,2,2,0.7778,534.7815,0.0,40.0979,90,1.5,2.0,1.0
035_C205,35,C,9,3,OPTIMAL,844.6349,9,8,8,0,1,0.8889,810.5012,0.0,34.1337,90,1.5,2.0,1.0
035_C205,35,C,9,4,OPTIMAL,588.6639,9,7,6,1,2,0.7778,575.5941,0.0,13.0698,90,1.5,2.0,1.0
035_C205,35,C,9,5,OPTIMAL,514.1503,9,6,6,0,3,0.6667,489.7833,0.0,24.367,90,1.5,2.0,1.0
035_C205,35,C,9,6,OPTIMAL,642.1727,9,8,7,1,1,0.8889,625.9935,0.0,16.1791,90,1.5,2.0,1.0
035_C205,35,C,9,7,OPTIMAL,413.0801,9,4,4,0,5,0.4444,337.3468,0.0,75.7333,90,1.5,2.0,1.0
035_C205,35,C,9,8,OPTIMAL,703.9532,9,7,7,0,2,0.7778,665.0156,0.0,38.9376,90,1.5,2.0,1.0
035_C205,35,C,9,9,OPTIMAL,667.8614,9,7,7,0,2,0.7778,659.8579,0.0,8.0035,90,1.5,2.0,1.0
035_C206,35,C,3,0,OPTIMAL,257.6735,3,3,3,0,0,1.0,257.6735,0.0,0.0,90,1.5,2.0,1.0
035_C206,35,C,3,1,OPTIMAL,192.3786,3,3,3,0,0,1.0,192.3786,0.0,0.0,90,1.5,2.0,1.0
035_C206,35,C,3,2,OPTIMAL,250.0796,3,3,2,1,0,1.0,250.0796,0.0,0.0,90,1.5,2.0,1.0
035_C206,35,C,3,3,OPTIMAL,258.5999,3,3,3,0,0,1.0,258.5999,0.0,0.0,90,1.5,2.0,1.0
035_C206,35,C,3,4,OPTIMAL,265.861,3,3,3,0,0,1.0,265.861,0.0,0.0,90,1.5,2.0,1.0
035_C206,35,C,3,5,OPTIMAL,203.8325,3,2,2,0,1,0.6667,150.2363,0.0,53.5962,90,1.5,2.0,1.0
035_C206,35,C,3,6,OPTIMAL,184.702,3,3,2,1,0,1.0,184.702,0.0,0.0,90,1.5,2.0,1.0
035_C206,35,C,3,7,OPTIMAL,54.9859,3,1,1,0,2,0.3333,42.0162,0.0,12.9697,90,1.5,2.0,1.0
035_C206,35,C,3,8,OPTIMAL,181.3403,3,2,2,0,1,0.6667,145.7736,0.0,35.5667,90,1.5,2.0,1.0
035_C206,35,C,3,9,OPTIMAL,136.3272,3,2,1,1,1,0.6667,113.4437,0.0,22.8835,90,1.5,2.0,1.0
035_C206,35,C,6,0,OPTIMAL,325.2053,6,3,3,0,3,0.5,258.4502,0.0,66.7551,90,1.5,2.0,1.0
035_C206,35,C,6,1,OPTIMAL,338.2375,6,5,5,0,1,0.8333,326.1894,0.0,12.0481,90,1.5,2.0,1.0
035_C206,35,C,6,2,OPTIMAL,460.1981,6,5,5,0,1,0.8333,440.5651,0.0,19.633,90,1.5,2.0,1.0
035_C206,35,C,6,3,OPTIMAL,317.4579,6,3,3,0,3,0.5,300.1388,0.0,17.3192,90,1.5,2.0,1.0
035_C206,35,C,6,4,OPTIMAL,498.4236,6,6,5,1,0,1.0,498.4236,0.0,0.0,90,1.5,2.0,1.0
035_C206,35,C,6,5,OPTIMAL,311.1905,6,4,4,0,2,0.6667,275.6518,0.0,35.5388,90,1.5,2.0,1.0
035_C206,35,C,6,6,OPTIMAL,568.7443,6,6,6,0,0,1.0,568.7443,0.0,0.0,90,1.5,2.0,1.0
035_C206,35,C,6,7,OPTIMAL,397.4038,6,5,4,1,1,0.8333,368.3982,0.0,29.0057,90,1.5,2.0,1.0
035_C206,35,C,6,8,OPTIMAL,402.2968,6,6,5,1,0,1.0,402.2968,0.0,0.0,90,1.5,2.0,1.0
035_C206,35,C,6,9,OPTIMAL,535.3552,6,6,5,1,0,1.0,535.3552,0.0,0.0,90,1.5,2.0,1.0
035_C206,35,C,9,0,OPTIMAL,752.7165,9,9,9,0,0,1.0,752.7165,0.0,0.0,90,1.5,2.0,1.0
035_C206,35,C,9,1,OPTIMAL,525.3373,9,7,7,0,2,0.7778,516.3383,0.0,8.999,90,1.5,2.0,1.0
035_C206,35,C,9,2,OPTIMAL,596.0356,9,7,7,0,2,0.7778,519.1113,0.0,76.9243,90,1.5,2.0,1.0
035_C206,35,C,9,3,OPTIMAL,621.027,9,5,5,0,4,0.5556,510.6594,0.0,110.3675,90,1.5,2.0,1.0
035_C206,35,C,9,4,OPTIMAL,531.9412,9,6,5,1,3,0.6667,465.2856,0.0,66.6555,90,1.5,2.0,1.0
035_C206,35,C,9,5,OPTIMAL,631.7173,9,8,7,1,1,0.8889,629.9628,0.0,1.7545,90,1.5,2.0,1.0
035_C206,35,C,9,6,OPTIMAL,599.9041,9,7,7,0,2,0.7778,588.3505,0.0,11.5536,90,1.5,2.0,1.0
035_C206,35,C,9,7,OPTIMAL,601.2707,9,6,5,1,3,0.6667,595.4068,0.0,5.8639,90,1.5,2.0,1.0
035_C206,35,C,9,8,OPTIMAL,722.1017,9,7,6,1,2,0.7778,689.2431,0.0,32.8586,90,1.5,2.0,1.0
035_C206,35,C,9,9,OPTIMAL,782.2084,9,9,8,1,0,1.0,782.2084,0.0,0.0,90,1.5,2.0,1.0
035_C207,35,C,3,0,OPTIMAL,221.8133,3,2,2,0,1,0.6667,162.9659,0.0,58.8474,90,1.5,2.0,1.0
035_C207,35,C,3,1,OPTIMAL,158.9566,3,2,2,0,1,0.6667,152.4849,0.0,6.4717,90,1.5,2.0,1.0
035_C207,35,C,3,2,OPTIMAL,250.0796,3,3,2,1,0,1.0,250.0796,0.0,0.0,90,1.5,2.0,1.0
035_C207,35,C,3,3,OPTIMAL,258.5999,3,3,2,1,0,1.0,258.5999,0.0,0.0,90,1.5,2.0,1.0
035_C207,35,C,3,4,OPTIMAL,265.861,3,3,3,0,0,1.0,265.861,0.0,0.0,90,1.5,2.0,1.0
035_C207,35,C,3,5,OPTIMAL,182.5812,3,1,1,0,2,0.3333,108.7373,0.0,73.844,90,1.5,2.0,1.0
035_C207,35,C,3,6,OPTIMAL,164.2324,3,2,2,0,1,0.6667,155.2489,0.0,8.9835,90,1.5,2.0,1.0
035_C207,35,C,3,7,OPTIMAL,159.2316,3,3,2,1,0,1.0,159.2316,0.0,0.0,90,1.5,2.0,1.0
035_C207,35,C,3,8,OPTIMAL,229.6145,3,3,3,0,0,1.0,229.6145,0.0,0.0,90,1.5,2.0,1.0
035_C207,35,C,3,9,OPTIMAL,201.4561,3,3,2,1,0,1.0,201.4561,0.0,0.0,90,1.5,2.0,1.0
035_C207,35,C,6,0,OPTIMAL,464.9788,6,6,5,1,0,1.0,464.9788,0.0,0.0,90,1.5,2.0,1.0
035_C207,35,C,6,1,OPTIMAL,300.2589,6,4,4,0,2,0.6667,297.0885,0.0,3.1704,90,1.5,2.0,1.0
035_C207,35,C,6,2,OPTIMAL,481.0029,6,6,6,0,0,1.0,481.0029,0.0,0.0,90,1.5,2.0,1.0
035_C207,35,C,6,3,OPTIMAL,363.1767,6,3,3,0,3,0.5,326.0168,0.0,37.1599,90,1.5,2.0,1.0
035_C207,35,C,6,4,OPTIMAL,426.3635,6,5,5,0,1,0.8333,406.7055,0.0,19.6581,90,1.5,2.0,1.0
035_C207,35,C,6,5,OPTIMAL,414.5999,6,5,4,1,1,0.8333,365.7196,0.0,48.8803,90,1.5,2.0,1.0
035_C207,35,C,6,6,OPTIMAL,381.5086,6,4,4,0,2,0.6667,324.2382,0.0,57.2704,90,1.5,2.0,1.0
035_C207,35,C,6,7,OPTIMAL,412.2791,6,6,5,1,0,1.0,412.2791,0.0,0.0,90,1.5,2.0,1.0
035_C207,35,C,6,8,OPTIMAL,319.8913,6,4,4,0,2,0.6667,285.5858,0.0,34.3056,90,1.5,2.0,1.0
035_C207,35,C,6,9,OPTIMAL,517.2498,6,5,4,1,1,0.8333,495.7166,0.0,21.5332,90,1.5,2.0,1.0
035_C207,35,C,9,0,OPTIMAL,752.7165,9,9,9,0,0,1.0,752.7165,0.0,0.0,90,1.5,2.0,1.0
035_C207,35,C,9,1,OPTIMAL,592.5027,9,8,8,0,1,0.8889,580.273,0.0,12.2297,90,1.5,2.0,1.0
035_C207,35,C,9,2,OPTIMAL,564.5404,9,7,5,2,2,0.7778,517.6645,0.0,46.8759,90,1.5,2.0,1.0
035_C207,35,C,9,3,OPTIMAL,714.1148,9,7,6,1,2,0.7778,666.0819,0.0,48.0329,90,1.5,2.0,1.0
035_C207,35,C,9,4,OPTIMAL,561.1074,9,7,6,1,2,0.7778,549.5754,0.0,11.532,90,1.5,2.0,1.0
035_C207,35,C,9,5,OPTIMAL,494.4141,9,7,6,1,2,0.7778,463.2748,0.0,31.1393,90,1.5,2.0,1.0
035_C207,35,C,9,6,OPTIMAL,558.3408,9,6,6,0,3,0.6667,540.6011,0.0,17.7397,90,1.5,2.0,1.0
035_C207,35,C,9,7,OPTIMAL,616.1992,9,7,6,1,2,0.7778,567.6833,0.0,48.5159,90,1.5,2.0,1.0
035_C207,35,C,9,8,OPTIMAL,796.3144,9,9,9,0,0,1.0,796.3144,0.0,0.0,90,1.5,2.0,1.0
035_C207,35,C,9,9,OPTIMAL,732.7579,9,8,8,0,1,0.8889,715.3072,0.0,17.4507,90,1.5,2.0,1.0
035_C208,35,C,3,0,OPTIMAL,191.2168,3,2,2,0,1,0.6667,162.9659,0.0,28.251,90,1.5,2.0,1.0
035_C208,35,C,3,1,OPTIMAL,157.7337,3,2,1,1,1,0.6667,119.3613,0.0,38.3724,90,1.5,2.0,1.0
035_C208,35,C,3,2,OPTIMAL,250.0796,3,3,3,0,0,1.0,250.0796,0.0,0.0,90,1.5,2.0,1.0
035_C208,35,C,3,3,OPTIMAL,198.777,3,1,1,0,2,0.3333,91.3825,0.0,107.3945,90,1.5,2.0,1.0
035_C208,35,C,3,4,OPTIMAL,265.861,3,3,3,0,0,1.0,265.861,0.0,0.0,90,1.5,2.0,1.0
035_C208,35,C,3,5,OPTIMAL,165.6918,3,1,1,0,2,0.3333,108.7373,0.0,56.9546,90,1.5,2.0,1.0
035_C208,35,C,3,6,OPTIMAL,164.2324,3,2,1,1,1,0.6667,155.2489,0.0,8.9835,90,1.5,2.0,1.0
035_C208,35,C,3,7,OPTIMAL,92.4404,3,2,2,0,1,0.6667,82.9376,0.0,9.5028,90,1.5,2.0,1.0
035_C208,35,C,3,8,OPTIMAL,229.6145,3,3,3,0,0,1.0,229.6145,0.0,0.0,90,1.5,2.0,1.0
035_C208,35,C,3,9,OPTIMAL,136.3272,3,2,2,0,1,0.6667,113.4437,0.0,22.8835,90,1.5,2.0,1.0
035_C208,35,C,6,0,OPTIMAL,442.6598,6,5,5,0,1,0.8333,398.0238,0.0,44.636,90,1.5,2.0,1.0
035_C208,35,C,6,1,OPTIMAL,273.8977,6,3,3,0,3,0.5,238.4039,0.0,35.4939,90,1.5,2.0,1.0
035_C208,35,C,6,2,OPTIMAL,401.7233,6,5,5,0,1,0.8333,376.9713,0.0,24.752,90,1.5,2.0,1.0
035_C208,35,C,6,3,OPTIMAL,436.875,6,4,4,0,2,0.6667,410.421,0.0,26.454,90,1.5,2.0,1.0
035_C208,35,C,6,4,OPTIMAL,254.0859,6,3,3,0,3,0.5,209.9515,0.0,44.1344,90,1.5,2.0,1.0
035_C208,35,C,6,5,OPTIMAL,242.9066,6,3,3,0,3,0.5,221.1087,0.0,21.7979,90,1.5,2.0,1.0
035_C208,35,C,6,6,OPTIMAL,445.1976,6,5,5,0,1,0.8333,442.6685,0.0,2.5291,90,1.5,2.0,1.0
035_C208,35,C,6,7,OPTIMAL,357.1459,6,5,4,1,1,0.8333,338.5897,0.0,18.5561,90,1.5,2.0,1.0
035_C208,35,C,6,8,OPTIMAL,245.1872,6,3,3,0,3,0.5,218.737,0.0,26.4502,90,1.5,2.0,1.0
035_C208,35,C,6,9,OPTIMAL,535.3552,6,6,5,1,0,1.0,535.3552,0.0,0.0,90,1.5,2.0,1.0
035_C208,35,C,9,0,OPTIMAL,630.281,9,7,6,1,2,0.7778,617.5285,0.0,12.7525,90,1.5,2.0,1.0
035_C208,35,C,9,1,OPTIMAL,520.7486,9,7,5,2,2,0.7778,472.473,0.0,48.2755,90,1.5,2.0,1.0
035_C208,35,C,9,2,OPTIMAL,579.47,9,7,5,2,2,0.7778,536.2785,0.0,43.1914,90,1.5,2.0,1.0
035_C208,35,C,9,3,OPTIMAL,867.3254,9,9,8,1,0,1.0,867.3254,0.0,0.0,90,1.5,2.0,1.0
035_C208,35,C,9,4,OPTIMAL,399.6634,9,5,3,2,4,0.5556,372.9688,0.0,26.6946,90,1.5,2.0,1.0
035_C208,35,C,9,5,OPTIMAL,411.4538,9,6,6,0,3,0.6667,371.6681,0.0,39.7858,90,1.5,2.0,1.0
035_C208,35,C,9,6,OPTIMAL,482.233,9,5,5,0,4,0.5556,440.8648,0.0,41.3682,90,1.5,2.0,1.0
035_C208,35,C,9,7,OPTIMAL,729.6231,9,9,9,0,0,1.0,729.6231,0.0,0.0,90,1.5,2.0,1.0
035_C208,35,C,9,8,OPTIMAL,796.3144,9,9,8,1,0,1.0,796.3144,0.0,0.0,90,1.5,2.0,1.0
035_C208,35,C,9,9,OPTIMAL,644.02,9,7,7,0,2,0.7778,623.6761,0.0,20.3439,90,1.5,2.0,1.0
035_R101,35,R,3,0,OPTIMAL,115.0159,3,1,1,0,2,0.3333,113.5252,0.0,1.4907,90,1.5,2.0,1.0
035_R101,35,R,3,1,OPTIMAL,51.7277,3,0,0,0,3,0.0,0.0,0.0,51.7277,90,1.5,2.0,1.0
035_R101,35,R,3,2,OPTIMAL,112.2768,3,1,1,0,2,0.3333,98.6319,0.0,13.6449,90,1.5,2.0,1.0
035_R101,35,R,3,3,OPTIMAL,155.22,3,1,1,0,2,0.3333,108.9051,0.0,46.3149,90,1.5,2.0,1.0
035_R101,35,R,3,4,OPTIMAL,138.3536,3,0,0,0,3,0.0,0.0,41.7977,96.5559,90,1.5,2.0,1.0
035_R101,35,R,3,5,OPTIMAL,90.8546,3,1,1,0,2,0.3333,90.754,0.0,0.1007,90,1.5,2.0,1.0
035_R101,35,R,3,6,OPTIMAL,215.6477,3,1,1,0,2,0.3333,106.3443,33.6593,75.6441,90,1.5,2.0,1.0
035_R101,35,R,3,7,OPTIMAL,1.7922,3,0,0,0,3,0.0,0.0,0.0,1.7922,90,1.5,2.0,1.0
035_R101,35,R,3,8,OPTIMAL,31.789,3,0,0,0,3,0.0,0.0,0.0,31.789,90,1.5,2.0,1.0
035_R101,35,R,3,9,OPTIMAL,124.7659,3,1,1,0,2,0.3333,104.3578,0.0,20.4081,90,1.5,2.0,1.0
035_R101,35,R,6,0,OPTIMAL,291.4933,6,2,2,0,4,0.3333,206.0849,22.5934,62.815,90,1.5,2.0,1.0
035_R101,35,R,6,1,OPTIMAL,366.9661,6,2,2,0,4,0.3333,241.8049,26.515,98.6462,90,1.5,2.0,1.0
035_R101,35,R,6,2,OPTIMAL,319.9769,6,3,2,1,3,0.5,315.9112,0.0,4.0656,90,1.5,2.0,1.0
035_R101,35,R,6,3,OPTIMAL,269.6173,6,2,1,1,4,0.3333,244.1624,0.0,25.4549,90,1.5,2.0,1.0
035_R101,35,R,6,4,OPTIMAL,297.3899,6,2,2,0,4,0.3333,203.3775,31.6183,62.3941,90,1.5,2.0,1.0
035_R101,35,R,6,5,OPTIMAL,226.7311,6,2,1,1,4,0.3333,219.9466,0.0,6.7845,90,1.5,2.0,1.0
035_R101,35,R,6,6,OPTIMAL,211.8356,6,2,0,2,4,0.3333,194.6686,0.0,17.167,90,1.5,2.0,1.0
035_R101,35,R,6,7,OPTIMAL,282.0873,6,2,2,0,4,0.3333,218.8913,2.295,60.9011,90,1.5,2.0,1.0
035_R101,35,R,6,8,OPTIMAL,243.3263,6,2,2,0,4,0.3333,215.6559,0.0,27.6705,90,1.5,2.0,1.0
035_R101,35,R,6,9,OPTIMAL,305.6882,6,3,1,2,3,0.5,296.4093,0.0,9.2789,90,1.5,2.0,1.0
035_R101,35,R,9,0,OPTIMAL,380.12,9,2,2,0,7,0.2222,203.8625,37.6733,138.5841,90,1.5,2.0,1.0
035_R101,35,R,9,1,OPTIMAL,378.9403,9,2,2,0,7,0.2222,205.3757,28.2881,145.2765,90,1.5,2.0,1.0
035_R101,35,R,9,2,OPTIMAL,532.5648,9,4,3,1,5,0.4444,462.3335,6.3514,63.8799,90,1.5,2.0,1.0
035_R101,35,R,9,3,OPTIMAL,424.1848,9,3,2,1,6,0.3333,323.9287,25.4639,74.7922,90,1.5,2.0,1.0
035_R101,35,R,9,4,OPTIMAL,155.9634,9,1,1,0,8,0.1111,87.8231,0.3608,67.7796,90,1.5,2.0,1.0
035_R101,35,R,9,5,OPTIMAL,614.3061,9,4,4,0,5,0.4444,448.0154,34.4979,131.7928,90,1.5,2.0,1.0
035_R101,35,R,9,6,OPTIMAL,269.1012,9,2,0,2,7,0.2222,160.2029,9.9749,98.9234,90,1.5,2.0,1.0
035_R101,35,R,9,7,OPTIMAL,199.8182,9,1,0,1,8,0.1111,92.171,21.0137,86.6335,90,1.5,2.0,1.0
035_R101,35,R,9,8,OPTIMAL,460.8234,9,4,3,1,5,0.4444,410.0029,3.5304,47.2901,90,1.5,2.0,1.0
035_R101,35,R,9,9,OPTIMAL,477.9067,9,4,1,3,5,0.4444,366.5234,13.916,97.4672,90,1.5,2.0,1.0
035_R102,35,R,3,0,OPTIMAL,118.295,3,1,0,1,2,0.3333,113.5252,0.0,4.7698,90,1.5,2.0,1.0
035_R102,35,R,3,1,OPTIMAL,43.9884,3,0,0,0,3,0.0,0.0,0.0,43.9884,90,1.5,2.0,1.0
035_R102,35,R,3,2,OPTIMAL,133.2311,3,1,0,1,2,0.3333,102.1119,2.7498,28.3694,90,1.5,2.0,1.0
035_R102,35,R,3,3,OPTIMAL,135.3594,3,1,0,1,2,0.3333,108.9051,0.0,26.4543,90,1.5,2.0,1.0
035_R102,35,R,3,4,OPTIMAL,87.8717,3,0,0,0,3,0.0,0.0,9.6155,78.2562,90,1.5,2.0,1.0
035_R102,35,R,3,5,OPTIMAL,113.6465,3,1,0,1,2,0.3333,95.2874,0.0,18.3592,90,1.5,2.0,1.0
035_R102,35,R,3,6,OPTIMAL,151.2354,3,1,0,1,2,0.3333,102.8943,0.0,48.3411,90,1.5,2.0,1.0
035_R102,35,R,3,7,OPTIMAL,6.4879,3,0,0,0,3,0.0,0.0,0.0,6.4879,90,1.5,2.0,1.0
035_R102,35,R,3,8,OPTIMAL,13.0286,3,0,0,0,3,0.0,0.0,0.0,13.0286,90,1.5,2.0,1.0
035_R102,35,R,3,9,OPTIMAL,110.1752,3,1,0,1,2,0.3333,107.7656,0.0,2.4096,90,1.5,2.0,1.0
035_R102,35,R,6,0,OPTIMAL,174.4073,6,1,0,1,5,0.1667,100.2976,16.9251,57.1846,90,1.5,2.0,1.0
035_R102,35,R,6,1,OPTIMAL,380.146,6,2,0,2,4,0.3333,226.1038,35.3991,118.643,90,1.5,2.0,1.0
035_R102,35,R,6,2,OPTIMAL,302.337,6,1,0,1,5,0.1667,127.7934,39.9001,134.6435,90,1.5,2.0,1.0
035_R102,35,R,6,3,OPTIMAL,210.7968,6,1,1,0,5,0.1667,138.552,0.0,72.2448,90,1.5,2.0,1.0
035_R102,35,R,6,4,OPTIMAL,345.5978,6,3,0,3,3,0.5,287.1269,0.0,58.4709,90,1.5,2.0,1.0
035_R102,35,R,6,5,OPTIMAL,232.0382,6,1,0,1,5,0.1667,129.8779,10.5234,91.6368,90,1.5,2.0,1.0
035_R102,35,R,6,6,OPTIMAL,345.9734,6,3,0,3,3,0.5,286.9178,0.0,59.0557,90,1.5,2.0,1.0
035_R102,35,R,6,7,OPTIMAL,327.0907,6,2,0,2,4,0.3333,205.3112,27.6312,94.1483,90,1.5,2.0,1.0
035_R102,35,R,6,8,OPTIMAL,166.5164,6,1,0,1,5,0.1667,122.1014,0.0,44.415,90,1.5,2.0,1.0
035_R102,35,R,6,9,OPTIMAL,190.8094,6,1,0,1,5,0.1667,86.8822,2.5282,101.3989,90,1.5,2.0,1.0
035_R102,35,R,9,0,OPTIMAL,333.7882,9,2,0,2,7,0.2222,219.3952,11.3528,103.0402,90,1.5,2.0,1.0
035_R102,35,R,9,1,OPTIMAL,111.0741,9,0,0,0,9,0.0,0.0,0.5683,110.5058,90,1.5,2.0,1.0
035_R102,35,R,9,2,OPTIMAL,506.2419,9,3,0,3,6,0.3333,364.1594,28.7182,113.3644,90,1.5,2.0,1.0
035_R102,35,R,9,3,OPTIMAL,490.4237,9,4,0,4,5,0.4444,390.7566,18.637,81.0301,90,1.5,2.0,1.0
035_R102,35,R,9,4,OPTIMAL,44.5464,9,0,0,0,9,0.0,0.0,0.0,44.5464,90,1.5,2.0,1.0
035_R102,35,R,9,5,OPTIMAL,394.7435,9,2,0,2,7,0.2222,238.6996,16.5977,139.4461,90,1.5,2.0,1.0
035_R102,35,R,9,6,OPTIMAL,212.7997,9,1,0,1,8,0.1111,107.6929,22.2814,82.8254,90,1.5,2.0,1.0
035_R102,35,R,9,7,OPTIMAL,164.7522,9,1,0,1,8,0.1111,92.171,0.0,72.5812,90,1.5,2.0,1.0
035_R102,35,R,9,8,OPTIMAL,370.7194,9,2,0,2,7,0.2222,186.2526,34.8198,149.647,90,1.5,2.0,1.0
035_R102,35,R,9,9,OPTIMAL,485.4086,9,4,0,4,5,0.4444,405.4518,7.3372,72.6196,90,1.5,2.0,1.0
035_R103,35,R,3,0,OPTIMAL,117.1854,3,1,0,1,2,0.3333,113.5252,0.0,3.6602,90,1.5,2.0,1.0
035_R103,35,R,3,1,OPTIMAL,48.735,3,0,0,0,3,0.0,0.0,0.0,48.735,90,1.5,2.0,1.0
035_R103,35,R,3,2,OPTIMAL,123.1096,3,1,0,1,2,0.3333,102.1119,0.0,20.9977,90,1.5,2.0,1.0
035_R103,35,R,3,3,OPTIMAL,39.4522,3,0,0,0,3,0.0,0.0,0.0,39.4522,90,1.5,2.0,1.0
035_R103,35,R,3,4,OPTIMAL,115.0076,3,0,0,0,3,0.0,0.0,15.2178,99.7898,90,1.5,2.0,1.0
035_R103,35,R,3,5,OPTIMAL,96.0706,3,1,0,1,2,0.3333,95.2874,0.0,0.7832,90,1.5,2.0,1.0
035_R103,35,R,3,6,OPTIMAL,147.7526,3,1,0,1,2,0.3333,102.8943,0.0,44.8583,90,1.5,2.0,1.0
035_R103,35,R,3,7,OPTIMAL,7.878,3,0,0,0,3,0.0,0.0,0.0,7.878,90,1.5,2.0,1.0
035_R103,35,R,3,8,OPTIMAL,7.2373,3,0,0,0,3,0.0,0.0,0.0,7.2373,90,1.5,2.0,1.0
035_R103,35,R,3,9,OPTIMAL,110.1766,3,1,0,1,2,0.3333,107.7656,0.0,2.411,90,1.5,2.0,1.0
035_R103,35,R,6,0,OPTIMAL,16.4065,6,0,0,0,6,0.0,0.0,0.0,16.4065,90,1.5,2.0,1.0
035_R103,35,R,6,1,OPTIMAL,401.4367,6,3,0,3,3,0.5,345.6712,12.3618,43.4036,90,1.5,2.0,1.0
035_R103,35,R,6,2,OPTIMAL,217.8194,6,1,0,1,5,0.1667,127.7934,15.6171,74.4089,90,1.5,2.0,1.0
035_R103,35,R,6,3,OPTIMAL,208.2689,6,1,1,0,5,0.1667,138.552,4.9572,64.7597,90,1.5,2.0,1.0
035_R103,35,R,6,4,OPTIMAL,345.2762,6,3,0,3,3,0.5,287.1269,3.847,54.3023,90,1.5,2.0,1.0
035_R103,35,R,6,5,OPTIMAL,224.4683,6,1,0,1,5,0.1667,129.8779,14.1262,80.4641,90,1.5,2.0,1.0
035_R103,35,R,6,6,OPTIMAL,332.1397,6,2,0,2,4,0.3333,198.2853,32.2707,101.5836,90,1.5,2.0,1.0
035_R103,35,R,6,7,OPTIMAL,163.0278,6,1,0,1,5,0.1667,111.1004,1.8375,50.0899,90,1.5,2.0,1.0
035_R103,35,R,6,8,OPTIMAL,225.3987,6,1,0,1,5,0.1667,122.1014,10.8971,92.4002,90,1.5,2.0,1.0
035_R103,35,R,6,9,OPTIMAL,239.3328,6,0,0,0,6,0.0,0.0,49.3712,189.9615,90,1.5,2.0,1.0
035_R103,35,R,9,0,OPTIMAL,269.0444,9,2,0,2,7,0.2222,219.3952,0.0849,49.5644,90,1.5,2.0,1.0
035_R103,35,R,9,1,OPTIMAL,109.3143,9,0,0,0,9,0.0,0.0,2.7439,106.5704,90,1.5,2.0,1.0
035_R103,35,R,9,2,OPTIMAL,421.1569,9,3,1,2,6,0.3333,364.1594,4.1652,52.8323,90,1.5,2.0,1.0
035_R103,35,R,9,3,OPTIMAL,475.3212,9,4,0,4,5,0.4444,390.7566,15.2448,69.3198,90,1.5,2.0,1.0
035_R103,35,R,9,4,OPTIMAL,24.4215,9,0,0,0,9,0.0,0.0,0.0,24.4215,90,1.5,2.0,1.0
035_R103,35,R,9,5,OPTIMAL,331.8325,9,2,0,2,7,0.2222,238.6996,3.4967,89.6362,90,1.5,2.0,1.0
035_R103,35,R,9,6,OPTIMAL,194.7611,9,1,0,1,8,0.1111,107.6929,5.4103,81.6579,90,1.5,2.0,1.0
035_R103,35,R,9,7,OPTIMAL,162.0151,9,1,0,1,8,0.1111,92.171,3.8584,65.9858,90,1.5,2.0,1.0
035_R103,35,R,9,8,OPTIMAL,336.2471,9,2,0,2,7,0.2222,186.2526,36.2265,113.768,90,1.5,2.0,1.0
035_R103,35,R,9,9,OPTIMAL,462.7768,9,3,0,3,6,0.3333,318.6635,32.012,112.1013,90,1.5,2.0,1.0
035_R105,35,R,3,0,OPTIMAL,61.3616,3,0,0,0,3,0.0,0.0,0.0,61.3616,90,1.5,2.0,1.0
035_R105,35,R,3,1,OPTIMAL,22.5809,3,0,0,0,3,0.0,0.0,0.0,22.5809,90,1.5,2.0,1.0
035_R105,35,R,3,2,OPTIMAL,112.3695,3,1,0,1,2,0.3333,98.6319,0.0,13.7377,90,1.5,2.0,1.0
035_R105,35,R,3,3,OPTIMAL,132.0666,3,1,1,0,2,0.3333,108.9051,0.0,23.1615,90,1.5,2.0,1.0
035_R105,35,R,3,4,OPTIMAL,166.8399,3,0,0,0,3,0.0,0.0,0.0,166.8399,90,1.5,2.0,1.0
035_R105,35,R,3,5,OPTIMAL,1.7865,3,0,0,0,3,0.0,0.0,0.0,1.7865,90,1.5,2.0,1.0
035_R105,35,R,3,6,OPTIMAL,181.9884,3,1,1,0,2,0.3333,106.3443,0.0,75.6441,90,1.5,2.0,1.0
035_R105,35,R,3,7,OPTIMAL,50.7536,3,0,0,0,3,0.0,0.0,0.0,50.7536,90,1.5,2.0,1.0
035_R105,35,R,3,8,OPTIMAL,165.0549,3,0,0,0,3,0.0,0.0,6.4025,158.6524,90,1.5,2.0,1.0
035_R105,35,R,3,9,OPTIMAL,123.1754,3,1,1,0,2,0.3333,104.3578,0.0,18.8176,90,1.5,2.0,1.0
035_R105,35,R,6,0,OPTIMAL,219.9698,6,2,2,0,4,0.3333,206.0849,0.0,13.8849,90,1.5,2.0,1.0
035_R105,35,R,6,1,OPTIMAL,294.1226,6,2,2,0,4,0.3333,241.8049,0.0,52.3177,90,1.5,2.0,1.0
035_R105,35,R,6,2,OPTIMAL,254.3424,6,1,1,0,5,0.1667,127.7934,4.831,121.718,90,1.5,2.0,1.0
035_R105,35,R,6,3,OPTIMAL,357.4326,6,2,2,0,4,0.3333,257.4851,0.0,99.9475,90,1.5,2.0,1.0
035_R105,35,R,6,4,OPTIMAL,179.818,6,1,0,1,5,0.1667,94.2409,0.0,85.5771,90,1.5,2.0,1.0
035_R105,35,R,6,5,OPTIMAL,181.3847,6,1,1,0,5,0.1667,129.8779,0.0,51.5068,90,1.5,2.0,1.0
035_R105,35,R,6,6,OPTIMAL,191.3846,6,1,0,1,5,0.1667,88.6324,0.0,102.7522,90,1.5,2.0,1.0
035_R105,35,R,6,7,OPTIMAL,278.1937,6,1,1,0,5,0.1667,124.6805,3.1766,150.3366,90,1.5,2.0,1.0
035_R105,35,R,6,8,OPTIMAL,371.8692,6,3,2,1,3,0.5,345.5414,0.0,26.3278,90,1.5,2.0,1.0
035_R105,35,R,6,9,OPTIMAL,351.4281,6,2,2,0,4,0.3333,228.8532,0.0,122.5749,90,1.5,2.0,1.0
035_R105,35,R,9,0,OPTIMAL,254.3254,9,1,0,1,8,0.1111,113.9922,0.0,140.3331,90,1.5,2.0,1.0
035_R105,35,R,9,1,OPTIMAL,321.6557,9,2,2,0,7,0.2222,240.4255,0.0,81.2302,90,1.5,2.0,1.0
035_R105,35,R,9,2,OPTIMAL,450.4622,9,3,2,1,6,0.3333,362.1098,7.0564,81.296,90,1.5,2.0,1.0
035_R105,35,R,9,3,OPTIMAL,374.9749,9,2,1,1,7,0.2222,173.8082,0.0,201.1667,90,1.5,2.0,1.0
035_R105,35,R,9,4,OPTIMAL,165.1061,9,1,0,1,8,0.1111,98.9891,0.0,66.117,90,1.5,2.0,1.0
035_R105,35,R,9,5,OPTIMAL,438.5848,9,3,3,0,6,0.3333,335.6815,0.0,102.9033,90,1.5,2.0,1.0
035_R105,35,R,9,6,OPTIMAL,266.8144,9,1,1,0,8,0.1111,124.9996,0.0,141.8148,90,1.5,2.0,1.0
035_R105,35,R,9,7,OPTIMAL,131.2511,9,0,0,0,9,0.0,0.0,0.0,131.2511,90,1.5,2.0,1.0
035_R105,35,R,9,8,OPTIMAL,334.162,9,1,1,0,8,0.1111,129.0344,4.8703,200.2574,90,1.5,2.0,1.0
035_R105,35,R,9,9,OPTIMAL,389.6139,9,2,0,2,7,0.2222,181.2183,0.0,208.3956,90,1.5,2.0,1.0
035_R106,35,R,3,0,OPTIMAL,24.8813,3,0,0,0,3,0.0,0.0,0.0,24.8813,90,1.5,2.0,1.0
035_R106,35,R,3,1,OPTIMAL,19.8181,3,0,0,0,3,0.0,0.0,0.0,19.8181,90,1.5,2.0,1.0
035_R106,35,R,3,2,OPTIMAL,111.7823,3,1,0,1,2,0.3333,98.6319,0.0,13.1505,90,1.5,2.0,1.0
035_R106,35,R,3,3,OPTIMAL,111.9053,3,0,0,0,3,0.0,0.0,26.0244,85.8809,90,1.5,2.0,1.0
035_R106,35,R,3,4,OPTIMAL,107.5088,3,0,0,0,3,0.0,0.0,0.0,107.5088,90,1.5,2.0,1.0
035_R106,35,R,3,5,OPTIMAL,0.8414,3,0,0,0,3,0.0,0.0,0.0,0.8414,90,1.5,2.0,1.0
035_R106,35,R,3,6,OPTIMAL,73.2319,3,0,0,0,3,0.0,0.0,0.0,73.2319,90,1.5,2.0,1.0
035_R106,35,R,3,7,OPTIMAL,8.2946,3,0,0,0,3,0.0,0.0,0.0,8.2946,90,1.5,2.0,1.0
035_R106,35,R,3,8,OPTIMAL,58.8131,3,0,0,0,3,0.0,0.0,0.0,58.8131,90,1.5,2.0,1.0
035_R106,35,R,3,9,OPTIMAL,20.0613,3,0,0,0,3,0.0,0.0,0.0,20.0613,90,1.5,2.0,1.0
035_R106,35,R,6,0,OPTIMAL,92.7662,6,0,0,0,6,0.0,0.0,14.9303,77.8359,90,1.5,2.0,1.0
035_R106,35,R,6,1,OPTIMAL,268.513,6,1,0,1,5,0.1667,119.5674,6.2487,142.6969,90,1.5,2.0,1.0
035_R106,35,R,6,2,OPTIMAL,225.314,6,1,0,1,5,0.1667,127.7934,8.5811,88.9395,90,1.5,2.0,1.0
035_R106,35,R,6,3,OPTIMAL,291.0339,6,1,1,0,5,0.1667,138.552,1.2847,151.1972,90,1.5,2.0,1.0
035_R106,35,R,6,4,OPTIMAL,157.5594,6,0,0,0,6,0.0,0.0,0.0,157.5594,90,1.5,2.0,1.0
035_R106,35,R,6,5,OPTIMAL,158.2986,6,1,0,1,5,0.1667,129.8779,0.0,28.4206,90,1.5,2.0,1.0
035_R106,35,R,6,6,OPTIMAL,144.4943,6,0,0,0,6,0.0,0.0,0.0,144.4943,90,1.5,2.0,1.0
035_R106,35,R,6,7,OPTIMAL,203.3086,6,0,0,0,6,0.0,0.0,6.9267,196.3819,90,1.5,2.0,1.0
035_R106,35,R,6,8,OPTIMAL,244.9883,6,1,0,1,5,0.1667,122.1014,0.0,122.8869,90,1.5,2.0,1.0
035_R106,35,R,6,9,OPTIMAL,290.8001,6,1,0,1,5,0.1667,102.4852,0.0,188.315,90,1.5,2.0,1.0
035_R106,35,R,9,0,OPTIMAL,202.7899,9,1,0,1,8,0.1111,113.9922,0.0,88.7977,90,1.5,2.0,1.0
035_R106,35,R,9,1,OPTIMAL,151.7144,9,0,0,0,9,0.0,0.0,0.0,151.7144,90,1.5,2.0,1.0
035_R106,35,R,9,2,OPTIMAL,407.8646,9,2,1,1,7,0.2222,263.9357,12.2344,131.6944,90,1.5,2.0,1.0
035_R106,35,R,9,3,OPTIMAL,269.7664,9,0,0,0,9,0.0,0.0,0.0,269.7664,90,1.5,2.0,1.0
035_R106,35,R,9,4,OPTIMAL,59.7818,9,0,0,0,9,0.0,0.0,0.0,59.7818,90,1.5,2.0,1.0
035_R106,35,R,9,5,OPTIMAL,268.4769,9,1,0,1,8,0.1111,126.3658,0.0,142.1111,90,1.5,2.0,1.0
035_R106,35,R,9,6,OPTIMAL,182.8892,9,0,0,0,9,0.0,0.0,0.0,182.8892,90,1.5,2.0,1.0
035_R106,35,R,9,7,OPTIMAL,109.821,9,0,0,0,9,0.0,0.0,2.338,107.4829,90,1.5,2.0,1.0
035_R106,35,R,9,8,OPTIMAL,243.8643,9,0,0,0,9,0.0,0.0,0.0,243.8643,90,1.5,2.0,1.0
035_R106,35,R,9,9,OPTIMAL,273.6081,9,0,0,0,9,0.0,0.0,0.0,273.6081,90,1.5,2.0,1.0
035_R109,35,R,3,0,OPTIMAL,9.2191,3,0,0,0,3,0.0,0.0,0.0,9.2191,90,1.5,2.0,1.0
035_R109,35,R,3,1,OPTIMAL,19.9365,3,0,0,0,3,0.0,0.0,0.0,19.9365,90,1.5,2.0,1.0
035_R109,35,R,3,2,OPTIMAL,72.721,3,0,0,0,3,0.0,0.0,0.0,72.721,90,1.5,2.0,1.0
035_R109,35,R,3,3,OPTIMAL,70.2814,3,0,0,0,3,0.0,0.0,0.0,70.2814,90,1.5,2.0,1.0
035_R109,35,R,3,4,OPTIMAL,65.4066,3,0,0,0,3,0.0,0.0,0.0,65.4066,90,1.5,2.0,1.0
035_R109,35,R,3,5,OPTIMAL,0.9323,3,0,0,0,3,0.0,0.0,0.0,0.9323,90,1.5,2.0,1.0
035_R109,35,R,3,6,OPTIMAL,50.2501,3,0,0,0,3,0.0,0.0,0.0,50.2501,90,1.5,2.0,1.0
035_R109,35,R,3,7,OPTIMAL,1.3096,3,0,0,0,3,0.0,0.0,0.0,1.3096,90,1.5,2.0,1.0
035_R109,35,R,3,8,OPTIMAL,0.6904,3,0,0,0,3,0.0,0.0,0.0,0.6904,90,1.5,2.0,1.0
035_R109,35,R,3,9,OPTIMAL,64.4973,3,0,0,0,3,0.0,0.0,0.0,64.4973,90,1.5,2.0,1.0
035_R109,35,R,6,0,OPTIMAL,102.1498,6,0,0,0,6,0.0,0.0,0.0,102.1498,90,1.5,2.0,1.0
035_R109,35,R,6,1,OPTIMAL,244.6225,6,2,0,2,4,0.3333,241.8049,0.0,2.8177,90,1.5,2.0,1.0
035_R109,35,R,6,2,OPTIMAL,182.5539,6,1,1,0,5,0.1667,127.7934,0.0,54.7605,90,1.5,2.0,1.0
035_R109,35,R,6,3,OPTIMAL,168.485,6,1,1,0,5,0.1667,138.552,0.0,29.933,90,1.5,2.0,1.0
035_R109,35,R,6,4,OPTIMAL,148.7005,6,1,0,1,5,0.1667,109.1365,0.0,39.5639,90,1.5,2.0,1.0
035_R109,35,R,6,5,OPTIMAL,156.4067,6,1,1,0,5,0.1667,129.8779,0.0,26.5288,90,1.5,2.0,1.0
035_R109,35,R,6,6,OPTIMAL,81.1124,6,0,0,0,6,0.0,0.0,0.0,81.1124,90,1.5,2.0,1.0
035_R109,35,R,6,7,OPTIMAL,160.7316,6,1,1,0,5,0.1667,124.6805,0.0,36.0511,90,1.5,2.0,1.0
035_R109,35,R,6,8,OPTIMAL,182.5104,6,1,0,1,5,0.1667,122.1014,0.0,60.4091,90,1.5,2.0,1.0
035_R109,35,R,6,9,OPTIMAL,129.3757,6,0,0,0,6,0.0,0.0,0.0,129.3757,90,1.5,2.0,1.0
035_R109,35,R,9,0,OPTIMAL,143.1375,9,1,0,1,8,0.1111,105.403,0.0,37.7345,90,1.5,2.0,1.0
035_R109,35,R,9,1,OPTIMAL,265.327,9,2,1,1,7,0.2222,240.4255,0.0,24.9015,90,1.5,2.0,1.0
035_R109,35,R,9,2,OPTIMAL,330.4363,9,2,2,0,7,0.2222,263.9357,0.0,66.5006,90,1.5,2.0,1.0
035_R109,35,R,9,3,OPTIMAL,54.2473,9,0,0,0,9,0.0,0.0,0.0,54.2473,90,1.5,2.0,1.0
035_R109,35,R,9,4,OPTIMAL,13.1653,9,0,0,0,9,0.0,0.0,0.0,13.1653,90,1.5,2.0,1.0
035_R109,35,R,9,5,OPTIMAL,178.1722,9,1,0,1,8,0.1111,126.3658,0.0,51.8064,90,1.5,2.0,1.0
035_R109,35,R,9,6,OPTIMAL,33.0589,9,0,0,0,9,0.0,0.0,0.0,33.0589,90,1.5,2.0,1.0
035_R109,35,R,9,7,OPTIMAL,46.6041,9,0,0,0,9,0.0,0.0,0.0,46.6041,90,1.5,2.0,1.0
035_R109,35,R,9,8,OPTIMAL,268.9235,9,2,1,1,7,0.2222,234.8796,0.0,34.0439,90,1.5,2.0,1.0
035_R109,35,R,9,9,OPTIMAL,125.8093,9,0,0,0,9,0.0,0.0,0.0,125.8093,90,1.5,2.0,1.0
035_R201,35,R,3,0,OPTIMAL,109.4033,3,1,0,1,2,0.3333,83.7091,0.0,25.6943,90,1.5,2.0,1.0
035_R201,35,R,3,1,OPTIMAL,59.9185,3,0,0,0,3,0.0,0.0,0.0,59.9185,90,1.5,2.0,1.0
035_R201,35,R,3,2,OPTIMAL,121.0579,3,1,0,1,2,0.3333,98.6319,0.0,22.426,90,1.5,2.0,1.0
035_R201,35,R,3,3,OPTIMAL,87.1629,3,1,0,1,2,0.3333,72.4665,0.0,14.6964,90,1.5,2.0,1.0
035_R201,35,R,3,4,OPTIMAL,235.236,3,2,2,0,1,0.6667,213.3596,0.0,21.8764,90,1.5,2.0,1.0
035_R201,35,R,3,5,OPTIMAL,151.2862,3,1,1,0,2,0.3333,95.2874,0.0,55.9988,90,1.5,2.0,1.0
035_R201,35,R,3,6,OPTIMAL,183.0014,3,1,1,0,2,0.3333,106.3443,0.0,76.657,90,1.5,2.0,1.0
035_R201,35,R,3,7,OPTIMAL,81.9456,3,1,0,1,2,0.3333,30.8728,0.0,51.0728,90,1.5,2.0,1.0
035_R201,35,R,3,8,OPTIMAL,103.9341,3,1,0,1,2,0.3333,87.1245,0.0,16.8096,90,1.5,2.0,1.0
035_R201,35,R,3,9,OPTIMAL,112.1812,3,0,0,0,3,0.0,0.0,0.0,112.1812,90,1.5,2.0,1.0
035_R201,35,R,6,0,OPTIMAL,314.4625,6,3,2,1,3,0.5,224.148,0.0,90.3146,90,1.5,2.0,1.0
035_R201,35,R,6,1,OPTIMAL,420.9109,6,4,4,0,2,0.6667,379.6357,0.0,41.2751,90,1.5,2.0,1.0
035_R201,35,R,6,2,OPTIMAL,258.6385,6,2,1,1,4,0.3333,202.2014,0.0,56.4371,90,1.5,2.0,1.0
035_R201,35,R,6,3,OPTIMAL,434.9713,6,4,3,1,2,0.6667,430.9172,0.0,4.054,90,1.5,2.0,1.0
035_R201,35,R,6,4,OPTIMAL,258.562,6,2,0,2,4,0.3333,193.6705,0.0,64.8915,90,1.5,2.0,1.0
035_R201,35,R,6,5,OPTIMAL,306.4354,6,3,3,0,3,0.5,251.488,0.0,54.9474,90,1.5,2.0,1.0
035_R201,35,R,6,6,OPTIMAL,316.7362,6,3,2,1,3,0.5,244.2301,0.0,72.5061,90,1.5,2.0,1.0
035_R201,35,R,6,7,OPTIMAL,383.579,6,3,3,0,3,0.5,329.9917,0.0,53.5874,90,1.5,2.0,1.0
035_R201,35,R,6,8,OPTIMAL,334.0715,6,3,3,0,3,0.5,281.4125,0.0,52.659,90,1.5,2.0,1.0
035_R201,35,R,6,9,OPTIMAL,345.7317,6,2,2,0,4,0.3333,233.4099,0.0,112.3219,90,1.5,2.0,1.0
035_R201,35,R,9,0,OPTIMAL,618.1094,9,6,3,3,3,0.6667,557.1422,0.0,60.9672,90,1.5,2.0,1.0
035_R201,35,R,9,1,OPTIMAL,401.241,9,3,3,0,6,0.3333,290.0471,0.0,111.1939,90,1.5,2.0,1.0
035_R201,35,R,9,2,OPTIMAL,622.3777,9,6,4,2,3,0.6667,595.5514,0.0,26.8263,90,1.5,2.0,1.0
035_R201,35,R,9,3,OPTIMAL,416.5928,9,3,3,0,6,0.3333,273.4374,0.0,143.1554,90,1.5,2.0,1.0
035_R201,35,R,9,4,OPTIMAL,253.6784,9,2,0,2,7,0.2222,124.6309,0.0,129.0475,90,1.5,2.0,1.0
035_R201,35,R,9,5,OPTIMAL,474.3785,9,5,5,0,4,0.5556,396.1885,0.0,78.19,90,1.5,2.0,1.0
035_R201,35,R,9,6,OPTIMAL,366.0265,9,2,2,0,7,0.2222,214.2967,0.0,151.7298,90,1.5,2.0,1.0
035_R201,35,R,9,7,OPTIMAL,314.3047,9,3,2,1,6,0.3333,260.0588,0.0,54.2459,90,1.5,2.0,1.0
035_R201,35,R,9,8,OPTIMAL,458.6538,9,3,2,1,6,0.3333,321.2918,0.0,137.362,90,1.5,2.0,1.0
035_R201,35,R,9,9,OPTIMAL,715.457,9,7,5,2,2,0.7778,653.4546,0.0,62.0023,90,1.5,2.0,1.0
035_R205,35,R,3,0,OPTIMAL,123.6526,3,1,1,0,2,0.3333,113.5252,0.0,10.1274,90,1.5,2.0,1.0
035_R205,35,R,3,1,OPTIMAL,52.4462,3,0,0,0,3,0.0,0.0,0.0,52.4462,90,1.5,2.0,1.0
035_R205,35,R,3,2,OPTIMAL,149.1109,3,1,1,0,2,0.3333,102.1119,0.0,46.9991,90,1.5,2.0,1.0
035_R205,35,R,3,3,OPTIMAL,191.4106,3,2,2,0,1,0.6667,181.3716,0.0,10.039,90,1.5,2.0,1.0
035_R205,35,R,3,4,OPTIMAL,181.0788,3,2,2,0,1,0.6667,176.7549,0.0,4.324,90,1.5,2.0,1.0
035_R205,35,R,3,5,OPTIMAL,200.9766,3,2,2,0,1,0.6667,186.0413,0.0,14.9353,90,1.5,2.0,1.0
035_R205,35,R,3,6,OPTIMAL,231.4292,3,2,1,1,1,0.6667,208.8969,0.0,22.5322,90,1.5,2.0,1.0
035_R205,35,R,3,7,OPTIMAL,38.6999,3,1,1,0,2,0.3333,30.8728,0.0,7.8272,90,1.5,2.0,1.0
035_R205,35,R,3,8,OPTIMAL,215.0696,3,2,0,2,1,0.6667,182.233,0.0,32.8366,90,1.5,2.0,1.0
035_R205,35,R,3,9,OPTIMAL,213.0158,3,2,0,2,1,0.6667,212.1234,0.0,0.8924,90,1.5,2.0,1.0
035_R205,35,R,6,0,OPTIMAL,314.9056,6,3,2,1,3,0.5,247.1801,0.0,67.7255,90,1.5,2.0,1.0
035_R205,35,R,6,1,OPTIMAL,264.5417,6,2,0,2,4,0.3333,241.8049,0.0,22.7368,90,1.5,2.0,1.0
035_R205,35,R,6,2,OPTIMAL,482.2549,6,5,2,3,1,0.8333,473.9601,0.0,8.2948,90,1.5,2.0,1.0
035_R205,35,R,6,3,OPTIMAL,489.0531,6,5,2,3,1,0.8333,487.9942,0.0,1.0589,90,1.5,2.0,1.0
035_R205,35,R,6,4,OPTIMAL,389.9314,6,4,2,2,2,0.6667,386.5564,0.0,3.375,90,1.5,2.0,1.0
035_R205,35,R,6,5,OPTIMAL,238.4362,6,2,1,1,4,0.3333,191.5568,0.0,46.8794,90,1.5,2.0,1.0
035_R205,35,R,6,6,OPTIMAL,332.9705,6,3,1,2,3,0.5,286.9178,0.0,46.0528,90,1.5,2.0,1.0
035_R205,35,R,6,7,OPTIMAL,375.366,6,3,2,1,3,0.5,337.277,0.0,38.089,90,1.5,2.0,1.0
035_R205,35,R,6,8,OPTIMAL,383.1932,6,3,1,2,3,0.5,345.5698,0.0,37.6234,90,1.5,2.0,1.0
035_R205,35,R,6,9,OPTIMAL,311.1955,6,2,1,1,4,0.3333,193.9241,0.0,117.2715,90,1.5,2.0,1.0
035_R205,35,R,9,0,OPTIMAL,494.3731,9,5,1,4,4,0.5556,450.9682,0.0,43.405,90,1.5,2.0,1.0
035_R205,35,R,9,1,OPTIMAL,647.4548,9,7,5,2,2,0.7778,604.1871,0.0,43.2677,90,1.5,2.0,1.0
035_R205,35,R,9,2,OPTIMAL,564.1827,9,4,3,1,5,0.4444,452.3298,0.0,111.8529,90,1.5,2.0,1.0
035_R205,35,R,9,3,OPTIMAL,330.5843,9,2,0,2,7,0.2222,139.0004,0.0,191.5839,90,1.5,2.0,1.0
035_R205,35,R,9,4,OPTIMAL,391.5813,9,4,2,2,5,0.4444,313.5231,0.0,78.0582,90,1.5,2.0,1.0
035_R205,35,R,9,5,OPTIMAL,675.1846,9,6,6,0,3,0.6667,638.6267,0.0,36.5579,90,1.5,2.0,1.0
035_R205,35,R,9,6,OPTIMAL,476.0913,9,5,3,2,4,0.5556,443.2985,0.0,32.7928,90,1.5,2.0,1.0
035_R205,35,R,9,7,OPTIMAL,264.9193,9,4,3,1,5,0.4444,215.3254,0.0,49.5939,90,1.5,2.0,1.0
035_R205,35,R,9,8,OPTIMAL,379.0562,9,2,1,1,7,0.2222,221.5863,0.0,157.4698,90,1.5,2.0,1.0
035_R205,35,R,9,9,OPTIMAL,414.4134,9,2,1,1,7,0.2222,199.5132,0.0,214.9002,90,1.5,2.0,1.0
035_R210,35,R,3,0,OPTIMAL,200.1086,3,2,2,0,1,0.6667,197.2343,0.0,2.8743,90,1.5,2.0,1.0
035_R210,35,R,3,1,OPTIMAL,118.4991,3,1,1,0,2,0.3333,94.7073,0.0,23.7918,90,1.5,2.0,1.0
035_R210,35,R,3,2,OPTIMAL,206.1811,3,2,2,0,1,0.6667,200.7437,0.0,5.4374,90,1.5,2.0,1.0
035_R210,35,R,3,3,OPTIMAL,191.4106,3,2,1,1,1,0.6667,181.3716,0.0,10.039,90,1.5,2.0,1.0
035_R210,35,R,3,4,OPTIMAL,289.6439,3,3,3,0,0,1.0,289.6439,0.0,0.0,90,1.5,2.0,1.0
035_R210,35,R,3,5,OPTIMAL,107.993,3,0,0,0,3,0.0,0.0,0.0,107.993,90,1.5,2.0,1.0
035_R210,35,R,3,6,OPTIMAL,311.7913,3,3,3,0,0,1.0,311.7913,0.0,0.0,90,1.5,2.0,1.0
035_R210,35,R,3,7,OPTIMAL,141.1328,3,2,2,0,1,0.6667,119.3953,0.0,21.7375,90,1.5,2.0,1.0
035_R210,35,R,3,8,OPTIMAL,194.3822,3,2,2,0,1,0.6667,182.233,0.0,12.1492,90,1.5,2.0,1.0
035_R210,35,R,3,9,OPTIMAL,129.0182,3,1,1,0,2,0.3333,104.3578,0.0,24.6605,90,1.5,2.0,1.0
035_R210,35,R,6,0,OPTIMAL,276.1897,6,3,3,0,3,0.5,241.6904,0.0,34.4993,90,1.5,2.0,1.0
035_R210,35,R,6,1,OPTIMAL,277.0478,6,2,2,0,4,0.3333,221.0331,0.0,56.0147,90,1.5,2.0,1.0
035_R210,35,R,6,2,OPTIMAL,437.0291,6,5,4,1,1,0.8333,411.4662,0.0,25.5629,90,1.5,2.0,1.0
035_R210,35,R,6,3,OPTIMAL,352.2094,6,3,3,0,3,0.5,311.9841,0.0,40.2253,90,1.5,2.0,1.0
035_R210,35,R,6,4,OPTIMAL,289.6343,6,3,2,1,3,0.5,224.4211,0.0,65.2131,90,1.5,2.0,1.0
035_R210,35,R,6,5,OPTIMAL,358.3625,6,4,4,0,2,0.6667,348.9548,0.0,9.4076,90,1.5,2.0,1.0
035_R210,35,R,6,6,OPTIMAL,244.5068,6,2,2,0,4,0.3333,184.6978,0.0,59.8089,90,1.5,2.0,1.0
035_R210,35,R,6,7,OPTIMAL,369.776,6,4,4,0,2,0.6667,369.6437,0.0,0.1323,90,1.5,2.0,1.0
035_R210,35,R,6,8,OPTIMAL,173.2064,6,1,1,0,5,0.1667,129.8856,0.0,43.3209,90,1.5,2.0,1.0
035_R210,35,R,6,9,OPTIMAL,420.8075,6,4,4,0,2,0.6667,404.8753,0.0,15.9321,90,1.5,2.0,1.0
035_R210,35,R,9,0,OPTIMAL,468.5823,9,4,4,0,5,0.4444,323.0117,0.0,145.5706,90,1.5,2.0,1.0
035_R210,35,R,9,1,OPTIMAL,486.0036,9,5,4,1,4,0.5556,387.9088,0.0,98.0948,90,1.5,2.0,1.0
035_R210,35,R,9,2,OPTIMAL,399.6307,9,3,2,1,6,0.3333,275.9837,0.0,123.647,90,1.5,2.0,1.0
035_R210,35,R,9,3,OPTIMAL,325.8047,9,2,2,0,7,0.2222,184.7666,0.0,141.038,90,1.5,2.0,1.0
035_R210,35,R,9,4,OPTIMAL,341.9618,9,3,3,0,6,0.3333,225.7,0.0,116.2617,90,1.5,2.0,1.0
035_R210,35,R,9,5,OPTIMAL,526.2838,9,4,4,0,5,0.4444,404.6731,0.0,121.6107,90,1.5,2.0,1.0
035_R210,35,R,9,6,OPTIMAL,431.5431,9,4,3,1,5,0.4444,335.6056,0.0,95.9375,90,1.5,2.0,1.0
035_R210,35,R,9,7,OPTIMAL,365.0255,9,5,4,1,4,0.5556,276.3686,0.0,88.6568,90,1.5,2.0,1.0
035_R210,35,R,9,8,OPTIMAL,543.7268,9,4,4,0,5,0.4444,416.1427,0.0,127.5842,90,1.5,2.0,1.0
035_R210,35,R,9,9,OPTIMAL,583.1841,9,6,5,1,3,0.6667,545.0297,0.0,38.1543,90,1.5,2.0,1.0
035_RC101,35,RC,3,0,OPTIMAL,142.3267,3,1,1,0,2,0.3333,135.953,0.0,6.3737,90,1.5,2.0,1.0
035_RC101,35,RC,3,1,OPTIMAL,186.7369,3,1,1,0,2,0.3333,170.9673,0.0,15.7696,90,1.5,2.0,1.0
035_RC101,35,RC,3,2,OPTIMAL,327.6807,3,2,2,0,1,0.6667,311.3725,0.0,16.3082,90,1.5,2.0,1.0
035_RC101,35,RC,3,3,OPTIMAL,149.4488,3,1,0,1,2,0.3333,105.4396,0.0,44.0092,90,1.5,2.0,1.0
035_RC101,35,RC,3,4,OPTIMAL,254.0945,3,2,2,0,1,0.6667,251.8852,0.0,2.2094,90,1.5,2.0,1.0
035_RC101,35,RC,3,5,OPTIMAL,272.7803,3,2,2,0,1,0.6667,267.1229,0.0,5.6574,90,1.5,2.0,1.0
035_RC101,35,RC,3,6,OPTIMAL,290.0935,3,2,2,0,1,0.6667,290.0605,0.0,0.033,90,1.5,2.0,1.0
035_RC101,35,RC,3,7,OPTIMAL,170.7601,3,1,1,0,2,0.3333,155.7789,0.0,14.9812,90,1.5,2.0,1.0
035_RC101,35,RC,3,8,OPTIMAL,375.1137,3,3,3,0,0,1.0,375.1137,0.0,0.0,90,1.5,2.0,1.0
035_RC101,35,RC,3,9,OPTIMAL,146.105,3,1,1,0,2,0.3333,101.4856,0.0,44.6194,90,1.5,2.0,1.0
035_RC101,35,RC,6,0,OPTIMAL,323.5341,6,2,2,0,4,0.3333,266.7664,0.0,56.7676,90,1.5,2.0,1.0
035_RC101,35,RC,6,1,OPTIMAL,511.8684,6,4,4,0,2,0.6667,475.241,0.0,36.6274,90,1.5,2.0,1.0
035_RC101,35,RC,6,2,OPTIMAL,405.2366,6,3,2,1,3,0.5,343.3872,0.0,61.8494,90,1.5,2.0,1.0
035_RC101,35,RC,6,3,OPTIMAL,390.4008,6,3,2,1,3,0.5,374.2263,0.0,16.1745,90,1.5,2.0,1.0
035_RC101,35,RC,6,4,OPTIMAL,427.581,6,3,2,1,3,0.5,378.9316,0.0,48.6494,90,1.5,2.0,1.0
035_RC101,35,RC,6,5,OPTIMAL,357.8289,6,2,2,0,4,0.3333,316.7581,0.0,41.0708,90,1.5,2.0,1.0
035_RC101,35,RC,6,6,OPTIMAL,172.4074,6,1,1,0,5,0.1667,135.3568,0.0,37.0506,90,1.5,2.0,1.0
035_RC101,35,RC,6,7,OPTIMAL,403.9617,6,3,3,0,3,0.5,391.4836,0.0,12.478,90,1.5,2.0,1.0
035_RC101,35,RC,6,8,OPTIMAL,490.7544,6,3,3,0,3,0.5,455.4081,0.0,35.3463,90,1.5,2.0,1.0
035_RC101,35,RC,6,9,OPTIMAL,480.0219,6,4,2,2,2,0.6667,459.3897,0.0,20.6322,90,1.5,2.0,1.0
035_RC101,35,RC,9,0,OPTIMAL,579.9222,9,4,4,0,5,0.4444,510.4382,0.0,69.484,90,1.5,2.0,1.0
035_RC101,35,RC,9,1,OPTIMAL,732.1009,9,5,5,0,4,0.5556,698.9343,0.0,33.1666,90,1.5,2.0,1.0
035_RC101,35,RC,9,2,OPTIMAL,864.3846,9,6,6,0,3,0.6667,826.0855,0.0,38.2991,90,1.5,2.0,1.0
035_RC101,35,RC,9,3,OPTIMAL,712.8533,9,5,4,1,4,0.5556,676.3475,0.0,36.5057,90,1.5,2.0,1.0
035_RC101,35,RC,9,4,OPTIMAL,876.064,9,6,5,1,3,0.6667,859.1707,0.0,16.8933,90,1.5,2.0,1.0
035_RC101,35,RC,9,5,OPTIMAL,434.7495,9,3,2,1,6,0.3333,369.6055,0.0,65.144,90,1.5,2.0,1.0
035_RC101,35,RC,9,6,OPTIMAL,677.4654,9,5,5,0,4,0.5556,664.3194,0.0,13.146,90,1.5,2.0,1.0
035_RC101,35,RC,9,7,OPTIMAL,613.5307,9,4,3,1,5,0.4444,532.3153,0.0,81.2155,90,1.5,2.0,1.0
035_RC101,35,RC,9,8,OPTIMAL,625.6198,9,4,4,0,5,0.4444,548.048,0.0,77.5718,90,1.5,2.0,1.0
035_RC101,35,RC,9,9,OPTIMAL,432.4652,9,3,2,1,6,0.3333,350.5497,0.0,81.9155,90,1.5,2.0,1.0
