instance,size,class,level,seed_idx,status,objective,n_emergencies,n_outsourced,n_outsourced_infeasible,n_outsourced_economic,n_inserted,frac_outsourced,outsourcing,tw_penalty,completion_penalty,W,LAMBDA,PI_S,PI_C
030_C101,30,C,2,0,OPTIMAL,91.5491,2,1,1,0,1,0.5,63.5953,0.0,27.9538,90,0.75,2.0,1.0
030_C101,30,C,2,1,OPTIMAL,67.8628,2,0,0,0,2,0.0,0.0,0.0,67.8628,90,0.75,2.0,1.0
030_C101,30,C,2,2,OPTIMAL,83.1653,2,1,1,0,1,0.5,55.2314,0.0,27.9338,90,0.75,2.0,1.0
030_C101,30,C,2,3,OPTIMAL,63.7491,2,1,1,0,1,0.5,56.1084,0.0,7.6407,90,0.75,2.0,1.0
030_C101,30,C,2,4,OPTIMAL,41.2178,2,1,1,0,1,0.5,27.4917,0.0,13.7261,90,0.75,2.0,1.0
030_C101,30,C,2,5,OPTIMAL,10.9306,2,0,0,0,2,0.0,0.0,0.0,10.9306,90,0.75,2.0,1.0
030_C101,30,C,2,6,OPTIMAL,65.7935,2,1,1,0,1,0.5,64.4704,0.0,1.3232,90,0.75,2.0,1.0
030_C101,30,C,2,7,OPTIMAL,6.1548,2,0,0,0,2,0.0,0.0,0.0,6.1548,90,0.75,2.0,1.0
030_C101,30,C,2,8,OPTIMAL,64.2681,2,1,1,0,1,0.5,59.7871,0.0,4.481,90,0.75,2.0,1.0
030_C101,30,C,2,9,OPTIMAL,17.2274,2,0,0,0,2,0.0,0.0,0.0,17.2274,90,0.75,2.0,1.0
030_C101,30,C,4,0,OPTIMAL,69.6205,4,2,2,0,2,0.5,65.4267,0.0,4.1938,90,0.75,2.0,1.0
030_C101,30,C,4,1,OPTIMAL,95.8574,4,1,1,0,3,0.25,62.4045,0.0,33.4528,90,0.75,2.0,1.0
030_C101,30,C,4,2,OPTIMAL,76.7663,4,1,1,0,3,0.25,59.6548,0.0,17.1116,90,0.75,2.0,1.0
030_C101,30,C,4,3,OPTIMAL,7.6028,4,0,0,0,4,0.0,0.0,0.0,7.6028,90,0.75,2.0,1.0
030_C101,30,C,4,4,OPTIMAL,39.0222,4,0,0,0,4,0.0,0.0,0.0,39.0222,90,0.75,2.0,1.0
030_C101,30,C,4,5,OPTIMAL,156.507,4,3,3,0,1,0.75,142.9876,0.0,13.5194,90,0.75,2.0,1.0
030_C101,30,C,4,6,OPTIMAL,164.8494,4,3,2,1,1,0.75,154.2867,0.0,10.5627,90,0.75,2.0,1.0
030_C101,30,C,4,7,OPTIMAL,57.3594,4,1,1,0,3,0.25,29.2368,0.0,28.1226,90,0.75,2.0,1.0
030_C101,30,C,4,8,OPTIMAL,63.173,4,1,0,1,3,0.25,32.5997,0.0,30.5733,90,0.75,2.0,1.0
030_C101,30,C,4,9,OPTIMAL,40.8005,4,1,0,1,3,0.25,26.9774,0.0,13.8232,90,0.75,2.0,1.0
030_C101,30,C,6,0,OPTIMAL,86.47,6,1,1,0,5,0.1667,20.7286,0.0,65.7414,90,0.75,2.0,1.0
030_C101,30,C,6,1,OPTIMAL,105.8351,6,2,2,0,4,0.3333,80.8118,0.0,25.0233,90,0.75,2.0,1.0
030_C101,30,C,6,2,OPTIMAL,126.0682,6,2,2,0,4,0.3333,111.092,0.0,14.9762,90,0.75,2.0,1.0
030_C101,30,C,6,3,OPTIMAL,84.3696,6,2,1,1,4,0.3333,81.1171,0.0,3.2525,90,0.75,2.0,1.0
030_C101,30,C,6,4,OPTIMAL,102.2341,6,0,0,0,6,0.0,0.0,0.0,102.2341,90,0.75,2.0,1.0
030_C101,30,C,6,5,OPTIMAL,212.7932,6,5,2,3,1,0.8333,193.2102,0.0,19.583,90,0.75,2.0,1.0
030_C101,30,C,6,6,OPTIMAL,184.287,6,2,2,0,4,0.3333,122.6328,0.0,61.6542,90,0.75,2.0,1.0
030_C101,30,C,6,7,OPTIMAL,115.3797,6,3,2,1,3,0.5,96.2909,0.0,19.0888,90,0.75,2.0,1.0
030_C101,30,C,6,8,OPTIMAL,201.7155,6,4,2,2,2,0.6667,167.6437,0.0,34.0719,90,0.75,2.0,1.0
030_C101,30,C,6,9,OPTIMAL,176.3156,6,3,2,1,3,0.5,138.1974,0.0,38.1182,90,0.75,2.0,1.0
030_C105,30,C,2,0,OPTIMAL,73.6022,2,1,1,0,1,0.5,63.5953,0.0,10.0069,90,0.75,2.0,1.0
030_C105,30,C,2,1,OPTIMAL,90.5725,2,1,1,0,1,0.5,61.5678,0.0,29.0047,90,0.75,2.0,1.0
030_C105,30,C,2,2,OPTIMAL,55.4657,2,1,1,0,1,0.5,55.2314,0.0,0.2343,90,0.75,2.0,1.0
030_C105,30,C,2,3,OPTIMAL,59.6774,2,1,1,0,1,0.5,56.1084,0.0,3.569,90,0.75,2.0,1.0
030_C105,30,C,2,4,OPTIMAL,19.553,2,0,0,0,2,0.0,0.0,0.0,19.553,90,0.75,2.0,1.0
030_C105,30,C,2,5,OPTIMAL,7.9235,2,0,0,0,2,0.0,0.0,0.0,7.9235,90,0.75,2.0,1.0
030_C105,30,C,2,6,OPTIMAL,65.7935,2,1,1,0,1,0.5,64.4704,0.0,1.3232,90,0.75,2.0,1.0
030_C105,30,C,2,7,OPTIMAL,26.7139,2,0,0,0,2,0.0,0.0,0.0,26.7139,90,0.75,2.0,1.0
030_C105,30,C,2,8,OPTIMAL,110.7819,2,2,2,0,0,1.0,110.7819,0.0,0.0,90,0.75,2.0,1.0
030_C105,30,C,2,9,OPTIMAL,14.5179,2,0,0,0,2,0.0,0.0,0.0,14.5179,90,0.75,2.0,1.0
030_C105,30,C,4,0,OPTIMAL,117.6593,4,3,3,0,1,0.75,116.0921,0.0,1.5672,90,0.75,2.0,1.0
030_C105,30,C,4,1,OPTIMAL,115.7296,4,1,0,1,3,0.25,30.7427,0.0,84.9868,90,0.75,2.0,1.0
030_C105,30,C,4,2,OPTIMAL,91.7696,4,1,1,0,3,0.25,59.6548,0.0,32.1148,90,0.75,2.0,1.0
030_C105,30,C,4,3,OPTIMAL,88.3615,4,1,0,1,3,0.25,52.497,0.0,35.8645,90,0.75,2.0,1.0
030_C105,30,C,4,4,OPTIMAL,68.7338,4,1,1,0,3,0.25,60.7993,0.0,7.9344,90,0.75,2.0,1.0
030_C105,30,C,4,5,OPTIMAL,152.7091,4,2,2,0,2,0.5,80.0501,0.0,72.659,90,0.75,2.0,1.0
030_C105,30,C,4,6,OPTIMAL,108.6225,4,1,1,0,3,0.25,54.323,0.0,54.2995,90,0.75,2.0,1.0
030_C105,30,C,4,7,OPTIMAL,37.1415,4,1,0,1,3,0.25,26.0597,0.0,11.0818,90,0.75,2.0,1.0
030_C105,30,C,4,8,OPTIMAL,99.3788,4,1,0,1,3,0.25,50.2905,0.0,49.0884,90,0.75,2.0,1.0
030_C105,30,C,4,9,OPTIMAL,37.0305,4,1,1,0,3,0.25,26.9774,0.0,10.0532,90,0.75,2.0,1.0
030_C105,30,C,6,0,OPTIMAL,105.1915,6,2,1,1,4,0.3333,82.4184,0.0,22.7731,90,0.75,2.0,1.0
030_C105,30,C,6,1,OPTIMAL,150.9492,6,4,4,0,2,0.6667,135.2992,0.0,15.6499,90,0.75,2.0,1.0
030_C105,30,C,6,2,OPTIMAL,159.0898,6,2,2,0,4,0.3333,111.092,0.0,47.9978,90,0.75,2.0,1.0
030_C105,30,C,6,3,OPTIMAL,159.5522,6,2,2,0,4,0.3333,73.75,0.0,85.8021,90,0.75,2.0,1.0
030_C105,30,C,6,4,OPTIMAL,98.5553,6,1,0,1,5,0.1667,52.6074,0.0,45.9479,90,0.75,2.0,1.0
030_C105,30,C,6,5,OPTIMAL,188.5688,6,4,3,1,2,0.6667,163.0915,0.0,25.4773,90,0.75,2.0,1.0
030_C105,30,C,6,6,OPTIMAL,203.3829,6,1,1,0,5,0.1667,55.7745,0.0,147.6085,90,0.75,2.0,1.0
030_C105,30,C,6,7,OPTIMAL,165.4205,6,4,4,0,2,0.6667,123.9915,0.0,41.429,90,0.75,2.0,1.0
030_C105,30,C,6,8,OPTIMAL,126.2438,6,3,2,1,3,0.5,84.9222,0.0,41.3216,90,0.75,2.0,1.0
030_C105,30,C,6,9,OPTIMAL,201.2352,6,4,4,0,2,0.6667,172.4209,0.0,28.8143,90,0.75,2.0,1.0
030_C106,30,C,2,0,OPTIMAL,73.6022,2,1,1,0,1,0.5,63.5953,0.0,10.0069,90,0.75,2.0,1.0
030_C106,30,C,2,1,OPTIMAL,70.1982,2,1,1,0,1,0.5,61.5678,0.0,8.6304,90,0.75,2.0,1.0
030_C106,30,C,2,2,OPTIMAL,83.1653,2,1,1,0,1,0.5,55.2314,0.0,27.9338,90,0.75,2.0,1.0
030_C106,30,C,2,3,OPTIMAL,59.6774,2,1,1,0,1,0.5,56.1084,0.0,3.569,90,0.75,2.0,1.0
030_C106,30,C,2,4,OPTIMAL,41.2178,2,1,1,0,1,0.5,27.4917,0.0,13.7261,90,0.75,2.0,1.0
030_C106,30,C,2,5,OPTIMAL,32.4416,2,1,0,1,1,0.5,27.2268,0.0,5.2147,90,0.75,2.0,1.0
030_C106,30,C,2,6,OPTIMAL,65.7935,2,1,1,0,1,0.5,64.4704,0.0,1.3232,90,0.75,2.0,1.0
030_C106,30,C,2,7,OPTIMAL,6.1548,2,0,0,0,2,0.0,0.0,0.0,6.1548,90,0.75,2.0,1.0
030_C106,30,C,2,8,OPTIMAL,110.7819,2,2,2,0,0,1.0,110.7819,0.0,0.0,90,0.75,2.0,1.0
030_C106,30,C,2,9,OPTIMAL,27.9714,2,1,1,0,1,0.5,26.8171,0.0,1.1543,90,0.75,2.0,1.0
030_C106,30,C,4,0,OPTIMAL,117.6593,4,3,2,1,1,0.75,116.0921,0.0,1.5672,90,0.75,2.0,1.0
030_C106,30,C,4,1,OPTIMAL,135.6242,4,1,0,1,3,0.25,30.7427,0.0,104.8814,90,0.75,2.0,1.0
030_C106,30,C,4,2,OPTIMAL,76.7663,4,1,1,0,3,0.25,59.6548,0.0,17.1116,90,0.75,2.0,1.0
030_C106,30,C,4,3,OPTIMAL,105.4475,4,2,2,0,2,0.5,80.9866,0.0,24.4609,90,0.75,2.0,1.0
030_C106,30,C,4,4,OPTIMAL,17.0281,4,0,0,0,4,0.0,0.0,0.0,17.0281,90,0.75,2.0,1.0
030_C106,30,C,4,5,OPTIMAL,153.0522,4,3,3,0,1,0.75,142.9876,0.0,10.0646,90,0.75,2.0,1.0
030_C106,30,C,4,6,OPTIMAL,149.4733,4,2,2,0,2,0.5,110.9438,0.0,38.5295,90,0.75,2.0,1.0
030_C106,30,C,4,7,OPTIMAL,37.1415,4,1,0,1,3,0.25,26.0597,0.0,11.0818,90,0.75,2.0,1.0
030_C106,30,C,4,8,OPTIMAL,89.3835,4,2,0,2,2,0.5,61.187,0.0,28.1965,90,0.75,2.0,1.0
030_C106,30,C,4,9,OPTIMAL,40.8005,4,1,0,1,3,0.25,26.9774,0.0,13.8232,90,0.75,2.0,1.0
030_C106,30,C,6,0,OPTIMAL,73.193,6,1,1,0,5,0.1667,20.7286,0.0,52.4644,90,0.75,2.0,1.0
030_C106,30,C,6,1,OPTIMAL,150.9492,6,4,4,0,2,0.6667,135.2992,0.0,15.6499,90,0.75,2.0,1.0
030_C106,30,C,6,2,OPTIMAL,137.1239,6,2,2,0,4,0.3333,111.092,0.0,26.0319,90,0.75,2.0,1.0
030_C106,30,C,6,3,OPTIMAL,89.0933,6,3,0,3,3,0.5,76.8843,0.0,12.209,90,0.75,2.0,1.0
030_C106,30,C,6,4,OPTIMAL,149.7483,6,2,2,0,4,0.3333,78.8404,0.0,70.9079,90,0.75,2.0,1.0
030_C106,30,C,6,5,OPTIMAL,212.7932,6,5,5,0,1,0.8333,193.2102,0.0,19.583,90,0.75,2.0,1.0
030_C106,30,C,6,6,OPTIMAL,189.4448,6,3,1,2,3,0.5,178.4073,0.0,11.0376,90,0.75,2.0,1.0
030_C106,30,C,6,7,OPTIMAL,162.0283,6,5,5,0,1,0.8333,159.4119,0.0,2.6164,90,0.75,2.0,1.0
030_C106,30,C,6,8,OPTIMAL,179.8557,6,4,2,2,2,0.6667,140.7069,0.0,39.1488,90,0.75,2.0,1.0
030_C106,30,C,6,9,OPTIMAL,201.2352,6,4,4,0,2,0.6667,172.4209,0.0,28.8143,90,0.75,2.0,1.0
030_C107,30,C,2,0,OPTIMAL,73.6022,2,1,1,0,1,0.5,63.5953,0.0,10.0069,90,0.75,2.0,1.0
030_C107,30,C,2,1,OPTIMAL,111.1588,2,2,2,0,0,1.0,111.1588,0.0,0.0,90,0.75,2.0,1.0
030_C107,30,C,2,2,OPTIMAL,46.4594,2,1,1,0,1,0.5,44.5791,0.0,1.8803,90,0.75,2.0,1.0
030_C107,30,C,2,3,OPTIMAL,38.7483,2,0,0,0,2,0.0,0.0,0.0,38.7483,90,0.75,2.0,1.0
030_C107,30,C,2,4,OPTIMAL,17.4356,2,0,0,0,2,0.0,0.0,0.0,17.4356,90,0.75,2.0,1.0
030_C107,30,C,2,5,OPTIMAL,61.8659,2,1,1,0,1,0.5,59.1572,0.0,2.7087,90,0.75,2.0,1.0
030_C107,30,C,2,6,OPTIMAL,68.4997,2,1,1,0,1,0.5,64.4704,0.0,4.0293,90,0.75,2.0,1.0
030_C107,30,C,2,7,OPTIMAL,32.3138,2,1,1,0,1,0.5,25.8292,0.0,6.4846,90,0.75,2.0,1.0
030_C107,30,C,2,8,OPTIMAL,58.6797,2,0,0,0,2,0.0,0.0,0.0,58.6797,90,0.75,2.0,1.0
030_C107,30,C,2,9,OPTIMAL,14.5179,2,0,0,0,2,0.0,0.0,0.0,14.5179,90,0.75,2.0,1.0
030_C107,30,C,4,0,OPTIMAL,73.8186,4,2,1,1,2,0.5,65.4267,0.0,8.3919,90,0.75,2.0,1.0
030_C107,30,C,4,1,OPTIMAL,78.6329,4,2,1,1,2,0.5,64.0158,0.0,14.6171,90,0.75,2.0,1.0
030_C107,30,C,4,2,OPTIMAL,94.2899,4,1,1,0,3,0.25,59.6548,0.0,34.6351,90,0.75,2.0,1.0
030_C107,30,C,4,3,OPTIMAL,61.898,4,2,0,2,2,0.5,48.512,0.0,13.386,90,0.75,2.0,1.0
030_C107,30,C,4,4,OPTIMAL,9.228,4,0,0,0,4,0.0,0.0,0.0,9.228,90,0.75,2.0,1.0
030_C107,30,C,4,5,OPTIMAL,174.1829,4,3,3,0,1,0.75,169.2258,0.0,4.9571,90,0.75,2.0,1.0
030_C107,30,C,4,6,OPTIMAL,113.1591,4,2,2,0,2,0.5,110.9438,0.0,2.2153,90,0.75,2.0,1.0
030_C107,30,C,4,7,OPTIMAL,83.6319,4,3,2,1,1,0.75,83.5609,0.0,0.071,90,0.75,2.0,1.0
030_C107,30,C,4,8,OPTIMAL,91.244,4,2,2,0,2,0.5,61.187,0.0,30.057,90,0.75,2.0,1.0
030_C107,30,C,4,9,OPTIMAL,26.2803,4,0,0,0,4,0.0,0.0,0.0,26.2803,90,0.75,2.0,1.0
030_C107,30,C,6,0,OPTIMAL,99.9796,6,2,0,2,4,0.3333,43.9318,0.0,56.0478,90,0.75,2.0,1.0
030_C107,30,C,6,1,OPTIMAL,184.9276,6,4,4,0,2,0.6667,149.4043,0.0,35.5233,90,0.75,2.0,1.0
030_C107,30,C,6,2,OPTIMAL,145.499,6,2,2,0,4,0.3333,100.3196,0.0,45.1794,90,0.75,2.0,1.0
030_C107,30,C,6,3,OPTIMAL,89.7213,6,1,1,0,5,0.1667,28.4899,0.0,61.2314,90,0.75,2.0,1.0
030_C107,30,C,6,4,OPTIMAL,105.1435,6,2,2,0,4,0.3333,82.2494,0.0,22.8941,90,0.75,2.0,1.0
030_C107,30,C,6,5,OPTIMAL,177.1282,6,4,3,1,2,0.6667,159.4628,0.0,17.6654,90,0.75,2.0,1.0
030_C107,30,C,6,6,OPTIMAL,232.3219,6,4,4,0,2,0.6667,229.1573,0.0,3.1646,90,0.75,2.0,1.0
030_C107,30,C,6,7,OPTIMAL,185.7627,6,5,4,1,1,0.8333,177.9657,0.0,7.797,90,0.75,2.0,1.0
030_C107,30,C,6,8,OPTIMAL,111.6504,6,1,1,0,5,0.1667,59.4008,0.0,52.2495,90,0.75,2.0,1.0
030_C107,30,C,6,9,OPTIMAL,114.4496,6,2,2,0,4,0.3333,83.466,0.0,30.9837,90,0.75,2.0,1.0
030_C108,30,C,2,0,OPTIMAL,96.4442,2,2,2,0,0,1.0,96.4442,0.0,0.0,90,0.75,2.0,1.0
030_C108,30,C,2,1,OPTIMAL,111.1588,2,2,1,1,0,1.0,111.1588,0.0,0.0,90,0.75,2.0,1.0
030_C108,30,C,2,2,OPTIMAL,78.9575,2,1,1,0,1,0.5,55.2314,0.0,23.7261,90,0.75,2.0,1.0
030_C108,30,C,2,3,OPTIMAL,59.6774,2,1,1,0,1,0.5,56.1084,0.0,3.569,90,0.75,2.0,1.0
030_C108,30,C,2,4,OPTIMAL,54.2172,2,2,1,1,0,1.0,54.2172,0.0,0.0,90,0.75,2.0,1.0
030_C108,30,C,2,5,OPTIMAL,61.8659,2,1,1,0,1,0.5,59.1572,0.0,2.7087,90,0.75,2.0,1.0
030_C108,30,C,2,6,OPTIMAL,68.4911,2,1,1,0,1,0.5,64.4704,0.0,4.0207,90,0.75,2.0,1.0
030_C108,30,C,2,7,OPTIMAL,29.8747,2,1,0,1,1,0.5,25.8292,0.0,4.0455,90,0.75,2.0,1.0
030_C108,30,C,2,8,OPTIMAL,63.2004,2,1,0,1,1,0.5,50.9948,0.0,12.2056,90,0.75,2.0,1.0
030_C108,30,C,2,9,OPTIMAL,24.7618,2,0,0,0,2,0.0,0.0,0.0,24.7618,90,0.75,2.0,1.0
030_C108,30,C,4,0,OPTIMAL,141.6193,4,4,3,1,0,1.0,141.6193,0.0,0.0,90,0.75,2.0,1.0
030_C108,30,C,4,1,OPTIMAL,74.8555,4,2,1,1,2,0.5,59.7261,0.0,15.1294,90,0.75,2.0,1.0
030_C108,30,C,4,2,OPTIMAL,105.6976,4,2,2,0,2,0.5,91.3474,0.0,14.3502,90,0.75,2.0,1.0
030_C108,30,C,4,3,OPTIMAL,84.1338,4,1,0,1,3,0.25,23.1118,0.0,61.022,90,0.75,2.0,1.0
030_C108,30,C,4,4,OPTIMAL,72.63,4,3,0,3,1,0.75,70.7981,0.0,1.8318,90,0.75,2.0,1.0
030_C108,30,C,4,5,OPTIMAL,198.2405,4,4,3,1,0,1.0,198.2405,0.0,0.0,90,0.75,2.0,1.0
030_C108,30,C,4,6,OPTIMAL,154.8582,4,3,2,1,1,0.75,154.2867,0.0,0.5716,90,0.75,2.0,1.0
030_C108,30,C,4,7,OPTIMAL,94.6569,4,3,3,0,1,0.75,83.5609,0.0,11.0959,90,0.75,2.0,1.0
030_C108,30,C,4,8,OPTIMAL,90.5631,4,2,1,1,2,0.5,78.8778,0.0,11.6853,90,0.75,2.0,1.0
030_C108,30,C,4,9,OPTIMAL,33.0393,4,1,0,1,3,0.25,26.9774,0.0,6.062,90,0.75,2.0,1.0
030_C108,30,C,6,0,OPTIMAL,102.6752,6,2,2,0,4,0.3333,47.4527,0.0,55.2225,90,0.75,2.0,1.0
030_C108,30,C,6,1,OPTIMAL,141.4125,6,3,2,1,3,0.5,105.5906,0.0,35.8219,90,0.75,2.0,1.0
030_C108,30,C,6,2,OPTIMAL,147.0151,6,2,2,0,4,0.3333,100.3196,0.0,46.6954,90,0.75,2.0,1.0
030_C108,30,C,6,3,OPTIMAL,97.5489,6,2,1,1,4,0.3333,60.6848,0.0,36.8641,90,0.75,2.0,1.0
030_C108,30,C,6,4,OPTIMAL,83.7574,6,1,1,0,5,0.1667,28.1264,0.0,55.631,90,0.75,2.0,1.0
030_C108,30,C,6,5,OPTIMAL,162.8874,6,4,3,1,2,0.6667,150.7787,0.0,12.1087,90,0.75,2.0,1.0
030_C108,30,C,6,6,OPTIMAL,257.3426,6,5,3,2,1,0.8333,256.7017,0.0,0.6409,90,0.75,2.0,1.0
030_C108,30,C,6,7,OPTIMAL,204.3395,6,5,2,3,1,0.8333,159.4119,0.0,44.9276,90,0.75,2.0,1.0
030_C108,30,C,6,8,OPTIMAL,146.8594,6,2,2,0,4,0.3333,115.1856,0.0,31.6739,90,0.75,2.0,1.0
030_C108,30,C,6,9,OPTIMAL,141.7411,6,3,1,2,3,0.5,113.3038,0.0,28.4372,90,0.75,2.0,1.0
030_C109,30,C,2,0,OPTIMAL,96.4442,2,2,1,1,0,1.0,96.4442,0.0,0.0,90,0.75,2.0,1.0
030_C109,30,C,2,1,OPTIMAL,111.1588,2,2,2,0,0,1.0,111.1588,0.0,0.0,90,0.75,2.0,1.0
030_C109,30,C,2,2,OPTIMAL,46.299,2,1,1,0,1,0.5,44.5791,0.0,1.7198,90,0.75,2.0,1.0
030_C109,30,C,2,3,OPTIMAL,5.6097,2,0,0,0,2,0.0,0.0,0.0,5.6097,90,0.75,2.0,1.0
030_C109,30,C,2,4,OPTIMAL,36.2252,2,1,1,0,1,0.5,26.7255,0.0,9.4997,90,0.75,2.0,1.0
030_C109,30,C,2,5,OPTIMAL,77.3692,2,1,1,0,1,0.5,59.1572,0.0,18.2121,90,0.75,2.0,1.0
030_C109,30,C,2,6,OPTIMAL,76.6266,2,1,1,0,1,0.5,64.4704,0.0,12.1563,90,0.75,2.0,1.0
030_C109,30,C,2,7,OPTIMAL,25.457,2,0,0,0,2,0.0,0.0,0.0,25.457,90,0.75,2.0,1.0
030_C109,30,C,2,8,OPTIMAL,89.1397,2,0,0,0,2,0.0,0.0,0.0,89.1397,90,0.75,2.0,1.0
030_C109,30,C,2,9,OPTIMAL,44.6267,2,0,0,0,2,0.0,0.0,0.0,44.6267,90,0.75,2.0,1.0
030_C109,30,C,4,0,OPTIMAL,109.9797,4,2,2,0,2,0.5,65.4267,0.0,44.553,90,0.75,2.0,1.0
030_C109,30,C,4,1,OPTIMAL,155.4037,4,4,4,0,0,1.0,155.4037,0.0,0.0,90,0.75,2.0,1.0
030_C109,30,C,4,2,OPTIMAL,83.939,4,1,1,0,3,0.25,59.6548,0.0,24.2843,90,0.75,2.0,1.0
030_C109,30,C,4,3,OPTIMAL,41.6921,4,0,0,0,4,0.0,0.0,0.0,41.6921,90,0.75,2.0,1.0
030_C109,30,C,4,4,OPTIMAL,104.0411,4,3,0,3,1,0.75,101.9511,0.0,2.09,90,0.75,2.0,1.0
030_C109,30,C,4,5,OPTIMAL,174.8961,4,3,3,0,1,0.75,169.2258,0.0,5.6703,90,0.75,2.0,1.0
030_C109,30,C,4,6,OPTIMAL,112.9853,4,2,2,0,2,0.5,110.9438,0.0,2.0416,90,0.75,2.0,1.0
030_C109,30,C,4,7,OPTIMAL,82.2238,4,2,1,1,2,0.5,55.2965,0.0,26.9273,90,0.75,2.0,1.0
030_C109,30,C,4,8,OPTIMAL,111.8577,4,3,2,1,1,0.75,111.4775,0.0,0.3802,90,0.75,2.0,1.0
030_C109,30,C,4,9,OPTIMAL,60.6284,4,2,0,2,2,0.5,56.0313,0.0,4.5971,90,0.75,2.0,1.0
030_C109,30,C,6,0,OPTIMAL,122.6913,6,3,3,0,3,0.5,109.1425,0.0,13.5488,90,0.75,2.0,1.0
030_C109,30,C,6,1,OPTIMAL,184.6095,6,4,3,1,2,0.6667,154.3341,0.0,30.2754,90,0.75,2.0,1.0
030_C109,30,C,6,2,OPTIMAL,189.6931,6,2,2,0,4,0.3333,100.3196,0.0,89.3735,90,0.75,2.0,1.0
030_C109,30,C,6,3,OPTIMAL,160.6062,6,4,1,3,2,0.6667,122.1445,0.0,38.4617,90,0.75,2.0,1.0
030_C109,30,C,6,4,OPTIMAL,116.3632,6,3,3,0,3,0.5,110.3758,0.0,5.9875,90,0.75,2.0,1.0
030_C109,30,C,6,5,OPTIMAL,193.123,6,5,5,0,1,0.8333,184.526,0.0,8.5969,90,0.75,2.0,1.0
030_C109,30,C,6,6,OPTIMAL,242.7164,6,4,4,0,2,0.6667,229.1573,0.0,13.5591,90,0.75,2.0,1.0
030_C109,30,C,6,7,OPTIMAL,179.4168,6,4,3,1,2,0.6667,142.5454,0.0,36.8714,90,0.75,2.0,1.0
030_C109,30,C,6,8,OPTIMAL,153.1581,6,3,2,1,3,0.5,122.7507,0.0,30.4074,90,0.75,2.0,1.0
030_C109,30,C,6,9,OPTIMAL,156.6759,6,4,2,2,2,0.6667,147.5274,0.0,9.1486,90,0.75,2.0,1.0
030_C201,30,C,2,0,OPTIMAL,28.1242,2,1,1,0,1,0.5,28.0872,0.0,0.037,90,0.75,2.0,1.0
030_C201,30,C,2,1,OPTIMAL,43.8931,2,2,1,1,0,1.0,43.8931,0.0,0.0,90,0.75,2.0,1.0
030_C201,30,C,2,2,OPTIMAL,23.2131,2,1,1,0,1,0.5,20.4471,0.0,2.7661,90,0.75,2.0,1.0
030_C201,30,C,2,3,OPTIMAL,38.5375,2,1,1,0,1,0.5,38.5251,0.0,0.0124,90,0.75,2.0,1.0
030_C201,30,C,2,4,OPTIMAL,88.4978,2,1,1,0,1,0.5,61.3431,0.0,27.1548,90,0.75,2.0,1.0
030_C201,30,C,2,5,OPTIMAL,72.8625,2,2,2,0,0,1.0,72.8625,0.0,0.0,90,0.75,2.0,1.0
030_C201,30,C,2,6,OPTIMAL,88.3232,2,2,2,0,0,1.0,88.3232,0.0,0.0,90,0.75,2.0,1.0
030_C201,30,C,2,7,OPTIMAL,84.2161,2,2,2,0,0,1.0,84.2161,0.0,0.0,90,0.75,2.0,1.0
030_C201,30,C,2,8,OPTIMAL,61.4955,2,1,1,0,1,0.5,34.8307,0.0,26.6648,90,0.75,2.0,1.0
030_C201,30,C,2,9,OPTIMAL,37.3075,2,1,1,0,1,0.5,15.793,0.0,21.5146,90,0.75,2.0,1.0
030_C201,30,C,4,0,OPTIMAL,159.0464,4,4,4,0,0,1.0,159.0464,0.0,0.0,90,0.75,2.0,1.0
030_C201,30,C,4,1,OPTIMAL,147.3471,4,3,3,0,1,0.75,145.9062,0.0,1.4409,90,0.75,2.0,1.0
030_C201,30,C,4,2,OPTIMAL,101.4931,4,2,2,0,2,0.5,83.791,0.0,17.7022,90,0.75,2.0,1.0
030_C201,30,C,4,3,OPTIMAL,110.9607,4,4,4,0,0,1.0,110.9607,0.0,0.0,90,0.75,2.0,1.0
030_C201,30,C,4,4,OPTIMAL,126.4688,4,3,3,0,1,0.75,122.3571,0.0,4.1117,90,0.75,2.0,1.0
030_C201,30,C,4,5,OPTIMAL,205.7293,4,4,4,0,0,1.0,205.7293,0.0,0.0,90,0.75,2.0,1.0
030_C201,30,C,4,6,OPTIMAL,163.4241,4,4,4,0,0,1.0,163.4241,0.0,0.0,90,0.75,2.0,1.0
030_C201,30,C,4,7,OPTIMAL,172.4439,4,3,3,0,1,0.75,120.7532,0.0,51.6907,90,0.75,2.0,1.0
030_C201,30,C,4,8,OPTIMAL,100.5529,4,2,1,1,2,0.5,60.3744,0.0,40.1785,90,0.75,2.0,1.0
030_C201,30,C,4,9,OPTIMAL,96.0435,4,2,1,1,2,0.5,80.5214,0.0,15.5222,90,0.75,2.0,1.0
030_C201,30,C,6,0,OPTIMAL,178.8244,6,5,4,1,1,0.8333,167.0378,0.0,11.7865,90,0.75,2.0,1.0
030_C201,30,C,6,1,OPTIMAL,178.4346,6,4,4,0,2,0.6667,175.5679,0.0,2.8667,90,0.75,2.0,1.0
030_C201,30,C,6,2,OPTIMAL,217.6654,6,5,4,1,1,0.8333,215.7393,0.0,1.9261,90,0.75,2.0,1.0
030_C201,30,C,6,3,OPTIMAL,169.4484,6,4,4,0,2,0.6667,150.3062,0.0,19.1422,90,0.75,2.0,1.0
030_C201,30,C,6,4,OPTIMAL,132.9219,6,2,2,0,4,0.3333,76.5725,0.0,56.3493,90,0.75,2.0,1.0
030_C201,30,C,6,5,OPTIMAL,179.0496,6,4,3,1,2,0.6667,156.9893,0.0,22.0603,90,0.75,2.0,1.0
030_C201,30,C,6,6,OPTIMAL,234.5446,6,6,5,1,0,1.0,234.5446,0.0,0.0,90,0.75,2.0,1.0
030_C201,30,C,6,7,OPTIMAL,150.6003,6,4,4,0,2,0.6667,144.4907,0.0,6.1096,90,0.75,2.0,1.0
030_C201,30,C,6,8,OPTIMAL,223.3345,6,4,4,0,2,0.6667,204.5965,0.0,18.738,90,0.75,2.0,1.0
030_C201,30,C,6,9,OPTIMAL,255.4942,6,5,4,1,1,0.8333,227.287,0.0,28.2072,90,0.75,2.0,1.0
030_C202,30,C,2,0,OPTIMAL,41.9423,2,2,2,0,0,1.0,41.9423,0.0,0.0,90,0.75,2.0,1.0
030_C202,30,C,2,1,OPTIMAL,43.8931,2,2,1,1,0,1.0,43.8931,0.0,0.0,90,0.75,2.0,1.0
030_C202,30,C,2,2,OPTIMAL,23.2131,2,1,1,0,1,0.5,20.4471,0.0,2.7661,90,0.75,2.0,1.0
030_C202,30,C,2,3,OPTIMAL,38.5375,2,1,1,0,1,0.5,38.5251,0.0,0.0124,90,0.75,2.0,1.0
030_C202,30,C,2,4,OPTIMAL,88.4978,2,1,1,0,1,0.5,61.3431,0.0,27.1548,90,0.75,2.0,1.0
030_C202,30,C,2,5,OPTIMAL,72.8625,2,2,2,0,0,1.0,72.8625,0.0,0.0,90,0.75,2.0,1.0
030_C202,30,C,2,6,OPTIMAL,88.3232,2,2,2,0,0,1.0,88.3232,0.0,0.0,90,0.75,2.0,1.0
030_C202,30,C,2,7,OPTIMAL,84.2161,2,2,2,0,0,1.0,84.2161,0.0,0.0,90,0.75,2.0,1.0
030_C202,30,C,2,8,OPTIMAL,61.4955,2,1,1,0,1,0.5,34.8307,0.0,26.6648,90,0.75,2.0,1.0
030_C202,30,C,2,9,OPTIMAL,37.3075,2,1,1,0,1,0.5,15.793,0.0,21.5146,90,0.75,2.0,1.0
030_C202,30,C,4,0,OPTIMAL,159.0464,4,4,4,0,0,1.0,159.0464,0.0,0.0,90,0.75,2.0,1.0
030_C202,30,C,4,1,OPTIMAL,162.6367,4,4,3,1,0,1.0,162.6367,0.0,0.0,90,0.75,2.0,1.0
030_C202,30,C,4,2,OPTIMAL,136.4661,4,4,2,2,0,1.0,136.4661,0.0,0.0,90,0.75,2.0,1.0
030_C202,30,C,4,3,OPTIMAL,110.9607,4,4,4,0,0,1.0,110.9607,0.0,0.0,90,0.75,2.0,1.0
030_C202,30,C,4,4,OPTIMAL,126.4688,4,3,3,0,1,0.75,122.3571,0.0,4.1117,90,0.75,2.0,1.0
030_C202,30,C,4,5,OPTIMAL,205.7293,4,4,4,0,0,1.0,205.7293,0.0,0.0,90,0.75,2.0,1.0
030_C202,30,C,4,6,OPTIMAL,163.4241,4,4,4,0,0,1.0,163.4241,0.0,0.0,90,0.75,2.0,1.0
030_C202,30,C,4,7,OPTIMAL,181.6452,4,4,4,0,0,1.0,181.6452,0.0,0.0,90,0.75,2.0,1.0
030_C202,30,C,4,8,OPTIMAL,75.6156,4,2,1,1,2,0.5,60.3744,0.0,15.2412,90,0.75,2.0,1.0
030_C202,30,C,4,9,OPTIMAL,96.0435,4,2,2,0,2,0.5,80.5214,0.0,15.5222,90,0.75,2.0,1.0
030_C202,30,C,6,0,OPTIMAL,178.8244,6,5,5,0,1,0.8333,167.0378,0.0,11.7865,90,0.75,2.0,1.0
030_C202,30,C,6,1,OPTIMAL,176.6186,6,4,4,0,2,0.6667,175.5679,0.0,1.0506,90,0.75,2.0,1.0
030_C202,30,C,6,2,OPTIMAL,217.6654,6,5,4,1,1,0.8333,215.7393,0.0,1.9261,90,0.75,2.0,1.0
030_C202,30,C,6,3,OPTIMAL,176.4481,6,5,4,1,1,0.8333,172.4061,0.0,4.0421,90,0.75,2.0,1.0
030_C202,30,C,6,4,OPTIMAL,156.7433,6,3,3,0,3,0.5,106.9991,0.0,49.7443,90,0.75,2.0,1.0
030_C202,30,C,6,5,OPTIMAL,198.4252,6,5,5,0,1,0.8333,177.4779,0.0,20.9472,90,0.75,2.0,1.0
030_C202,30,C,6,6,OPTIMAL,234.5446,6,6,5,1,0,1.0,234.5446,0.0,0.0,90,0.75,2.0,1.0
030_C202,30,C,6,7,OPTIMAL,150.6003,6,4,4,0,2,0.6667,144.4907,0.0,6.1096,90,0.75,2.0,1.0
030_C202,30,C,6,8,OPTIMAL,243.1389,6,5,5,0,1,0.8333,243.1231,0.0,0.0158,90,0.75,2.0,1.0
030_C202,30,C,6,9,OPTIMAL,255.4942,6,5,4,1,1,0.8333,227.287,0.0,28.2072,90,0.75,2.0,1.0
030_C203,30,C,2,0,OPTIMAL,41.9423,2,2,2,0,0,1.0,41.9423,0.0,0.0,90,0.75,2.0,1.0
030_C203,30,C,2,1,OPTIMAL,43.8931,2,2,1,1,0,1.0,43.8931,0.0,0.0,90,0.75,2.0,1.0
030_C203,30,C,2,2,OPTIMAL,50.0589,2,2,2,0,0,1.0,50.0589,0.0,0.0,90,0.75,2.0,1.0
030_C203,30,C,2,3,OPTIMAL,38.5375,2,1,1,0,1,0.5,38.5251,0.0,0.0124,90,0.75,2.0,1.0
030_C203,30,C,2,4,OPTIMAL,88.4978,2,1,1,0,1,0.5,61.3431,0.0,27.1548,90,0.75,2.0,1.0
030_C203,30,C,2,5,OPTIMAL,72.8625,2,2,2,0,0,1.0,72.8625,0.0,0.0,90,0.75,2.0,1.0
030_C203,30,C,2,6,OPTIMAL,88.3232,2,2,2,0,0,1.0,88.3232,0.0,0.0,90,0.75,2.0,1.0
030_C203,30,C,2,7,OPTIMAL,84.2161,2,2,2,0,0,1.0,84.2161,0.0,0.0,90,0.75,2.0,1.0
030_C203,30,C,2,8,OPTIMAL,61.4955,2,1,1,0,1,0.5,34.8307,0.0,26.6648,90,0.75,2.0,1.0
030_C203,30,C,2,9,OPTIMAL,37.3075,2,1,1,0,1,0.5,15.793,0.0,21.5146,90,0.75,2.0,1.0
030_C203,30,C,4,0,OPTIMAL,159.0464,4,4,4,0,0,1.0,159.0464,0.0,0.0,90,0.75,2.0,1.0
030_C203,30,C,4,1,OPTIMAL,147.3471,4,3,3,0,1,0.75,145.9062,0.0,1.4409,90,0.75,2.0,1.0
030_C203,30,C,4,2,OPTIMAL,136.4661,4,4,4,0,0,1.0,136.4661,0.0,0.0,90,0.75,2.0,1.0
030_C203,30,C,4,3,OPTIMAL,110.9607,4,4,4,0,0,1.0,110.9607,0.0,0.0,90,0.75,2.0,1.0
030_C203,30,C,4,4,OPTIMAL,140.315,4,4,4,0,0,1.0,140.315,0.0,0.0,90,0.75,2.0,1.0
030_C203,30,C,4,5,OPTIMAL,205.7293,4,4,4,0,0,1.0,205.7293,0.0,0.0,90,0.75,2.0,1.0
030_C203,30,C,4,6,OPTIMAL,163.4241,4,4,4,0,0,1.0,163.4241,0.0,0.0,90,0.75,2.0,1.0
030_C203,30,C,4,7,OPTIMAL,181.6452,4,4,4,0,0,1.0,181.6452,0.0,0.0,90,0.75,2.0,1.0
030_C203,30,C,4,8,OPTIMAL,78.8377,4,2,1,1,2,0.5,60.3744,0.0,18.4632,90,0.75,2.0,1.0
030_C203,30,C,4,9,OPTIMAL,135.2843,4,3,3,0,1,0.75,117.325,0.0,17.9593,90,0.75,2.0,1.0
030_C203,30,C,6,0,OPTIMAL,178.8244,6,5,5,0,1,0.8333,167.0378,0.0,11.7865,90,0.75,2.0,1.0
030_C203,30,C,6,1,OPTIMAL,202.3484,6,5,5,0,1,0.8333,202.1945,0.0,0.154,90,0.75,2.0,1.0
030_C203,30,C,6,2,OPTIMAL,246.7945,6,6,6,0,0,1.0,246.7945,0.0,0.0,90,0.75,2.0,1.0
030_C203,30,C,6,3,OPTIMAL,176.4481,6,5,4,1,1,0.8333,172.4061,0.0,4.0421,90,0.75,2.0,1.0
030_C203,30,C,6,4,OPTIMAL,169.194,6,4,4,0,2,0.6667,163.0724,0.0,6.1216,90,0.75,2.0,1.0
030_C203,30,C,6,5,OPTIMAL,207.1977,6,6,5,1,0,1.0,207.1977,0.0,0.0,90,0.75,2.0,1.0
030_C203,30,C,6,6,OPTIMAL,234.5446,6,6,5,1,0,1.0,234.5446,0.0,0.0,90,0.75,2.0,1.0
030_C203,30,C,6,7,OPTIMAL,150.6003,6,4,4,0,2,0.6667,144.4907,0.0,6.1096,90,0.75,2.0,1.0
030_C203,30,C,6,8,OPTIMAL,243.1389,6,5,5,0,1,0.8333,243.1231,0.0,0.0158,90,0.75,2.0,1.0
030_C203,30,C,6,9,OPTIMAL,255.4942,6,5,4,1,1,0.8333,227.287,0.0,28.2072,90,0.75,2.0,1.0
030_C205,30,C,2,0,OPTIMAL,41.9423,2,2,2,0,0,1.0,41.9423,0.0,0.0,90,0.75,2.0,1.0
030_C205,30,C,2,1,OPTIMAL,31.5823,2,1,1,0,1,0.5,26.8684,0.0,4.7139,90,0.75,2.0,1.0
030_C205,30,C,2,2,OPTIMAL,50.0589,2,2,1,1,0,1.0,50.0589,0.0,0.0,90,0.75,2.0,1.0
030_C205,30,C,2,3,OPTIMAL,92.3831,2,2,2,0,0,1.0,92.3831,0.0,0.0,90,0.75,2.0,1.0
030_C205,30,C,2,4,OPTIMAL,96.1303,2,2,2,0,0,1.0,96.1303,0.0,0.0,90,0.75,2.0,1.0
030_C205,30,C,2,5,OPTIMAL,72.8625,2,2,2,0,0,1.0,72.8625,0.0,0.0,90,0.75,2.0,1.0
030_C205,30,C,2,6,OPTIMAL,31.9895,2,1,1,0,1,0.5,28.2256,0.0,3.7639,90,0.75,2.0,1.0
030_C205,30,C,2,7,OPTIMAL,84.2161,2,2,2,0,0,1.0,84.2161,0.0,0.0,90,0.75,2.0,1.0
030_C205,30,C,2,8,OPTIMAL,64.9278,2,2,2,0,0,1.0,64.9278,0.0,0.0,90,0.75,2.0,1.0
030_C205,30,C,2,9,OPTIMAL,52.6077,2,2,2,0,0,1.0,52.6077,0.0,0.0,90,0.75,2.0,1.0
030_C205,30,C,4,0,OPTIMAL,132.6311,4,3,3,0,1,0.75,130.9114,0.0,1.7196,90,0.75,2.0,1.0
030_C205,30,C,4,1,OPTIMAL,162.6367,4,4,4,0,0,1.0,162.6367,0.0,0.0,90,0.75,2.0,1.0
030_C205,30,C,4,2,OPTIMAL,118.0981,4,3,3,0,1,0.75,109.5215,0.0,8.5765,90,0.75,2.0,1.0
030_C205,30,C,4,3,OPTIMAL,110.9607,4,4,4,0,0,1.0,110.9607,0.0,0.0,90,0.75,2.0,1.0
030_C205,30,C,4,4,OPTIMAL,135.2305,4,3,3,0,1,0.75,122.3571,0.0,12.8734,90,0.75,2.0,1.0
030_C205,30,C,4,5,OPTIMAL,163.6285,4,3,3,0,1,0.75,163.626,0.0,0.0025,90,0.75,2.0,1.0
030_C205,30,C,4,6,OPTIMAL,163.4241,4,4,3,1,0,1.0,163.4241,0.0,0.0,90,0.75,2.0,1.0
030_C205,30,C,4,7,OPTIMAL,172.8532,4,3,2,1,1,0.75,120.7532,0.0,52.1,90,0.75,2.0,1.0
030_C205,30,C,4,8,OPTIMAL,112.7116,4,3,3,0,1,0.75,74.0138,0.0,38.6977,90,0.75,2.0,1.0
030_C205,30,C,4,9,OPTIMAL,136.5933,4,4,4,0,0,1.0,136.5933,0.0,0.0,90,0.75,2.0,1.0
030_C205,30,C,6,0,OPTIMAL,183.8865,6,4,4,0,2,0.6667,149.6708,0.0,34.2157,90,0.75,2.0,1.0
030_C205,30,C,6,1,OPTIMAL,204.4142,6,5,5,0,1,0.8333,202.1945,0.0,2.2198,90,0.75,2.0,1.0
030_C205,30,C,6,2,OPTIMAL,246.7945,6,6,5,1,0,1.0,246.7945,0.0,0.0,90,0.75,2.0,1.0
030_C205,30,C,6,3,OPTIMAL,213.3707,6,6,5,1,0,1.0,213.3707,0.0,0.0,90,0.75,2.0,1.0
030_C205,30,C,6,4,OPTIMAL,196.3421,6,3,3,0,3,0.5,117.6971,0.0,78.6451,90,0.75,2.0,1.0
030_C205,30,C,6,5,OPTIMAL,201.555,6,5,5,0,1,0.8333,186.7091,0.0,14.846,90,0.75,2.0,1.0
030_C205,30,C,6,6,OPTIMAL,196.5587,6,5,4,1,1,0.8333,196.5522,0.0,0.0065,90,0.75,2.0,1.0
030_C205,30,C,6,7,OPTIMAL,188.7589,6,6,5,1,0,1.0,188.7589,0.0,0.0,90,0.75,2.0,1.0
030_C205,30,C,6,8,OPTIMAL,235.2079,6,5,4,1,1,0.8333,227.9651,0.0,7.2428,90,0.75,2.0,1.0
030_C205,30,C,6,9,OPTIMAL,265.461,6,4,3,1,2,0.6667,236.9308,0.0,28.5302,90,0.75,2.0,1.0
030_C206,30,C,2,0,OPTIMAL,41.9423,2,2,2,0,0,1.0,41.9423,0.0,0.0,90,0.75,2.0,1.0
030_C206,30,C,2,1,OPTIMAL,29.5978,2,1,0,1,1,0.5,26.8684,0.0,2.7294,90,0.75,2.0,1.0
030_C206,30,C,2,2,OPTIMAL,50.0589,2,2,2,0,0,1.0,50.0589,0.0,0.0,90,0.75,2.0,1.0
030_C206,30,C,2,3,OPTIMAL,41.1512,2,1,1,0,1,0.5,38.5251,0.0,2.6261,90,0.75,2.0,1.0
030_C206,30,C,2,4,OPTIMAL,96.1303,2,2,2,0,0,1.0,96.1303,0.0,0.0,90,0.75,2.0,1.0
030_C206,30,C,2,5,OPTIMAL,72.8625,2,2,1,1,0,1.0,72.8625,0.0,0.0,90,0.75,2.0,1.0
030_C206,30,C,2,6,OPTIMAL,88.3232,2,2,2,0,0,1.0,88.3232,0.0,0.0,90,0.75,2.0,1.0
030_C206,30,C,2,7,OPTIMAL,80.4079,2,1,1,0,1,0.5,45.1967,0.0,35.2112,90,0.75,2.0,1.0
030_C206,30,C,2,8,OPTIMAL,56.3505,2,1,1,0,1,0.5,34.8307,0.0,21.5198,90,0.75,2.0,1.0
030_C206,30,C,2,9,OPTIMAL,52.6077,2,2,1,1,0,1.0,52.6077,0.0,0.0,90,0.75,2.0,1.0
030_C206,30,C,4,0,OPTIMAL,159.0464,4,4,4,0,0,1.0,159.0464,0.0,0.0,90,0.75,2.0,1.0
030_C206,30,C,4,1,OPTIMAL,162.6367,4,4,3,1,0,1.0,162.6367,0.0,0.0,90,0.75,2.0,1.0
030_C206,30,C,4,2,OPTIMAL,136.4661,4,4,3,1,0,1.0,136.4661,0.0,0.0,90,0.75,2.0,1.0
030_C206,30,C,4,3,OPTIMAL,110.9607,4,4,2,2,0,1.0,110.9607,0.0,0.0,90,0.75,2.0,1.0
030_C206,30,C,4,4,OPTIMAL,135.5408,4,3,3,0,1,0.75,103.8527,0.0,31.6881,90,0.75,2.0,1.0
030_C206,30,C,4,5,OPTIMAL,145.5387,4,2,2,0,2,0.5,107.0476,0.0,38.491,90,0.75,2.0,1.0
030_C206,30,C,4,6,OPTIMAL,124.544,4,1,1,0,3,0.25,42.7587,0.0,81.7853,90,0.75,2.0,1.0
030_C206,30,C,4,7,OPTIMAL,181.6452,4,4,4,0,0,1.0,181.6452,0.0,0.0,90,0.75,2.0,1.0
030_C206,30,C,4,8,OPTIMAL,104.0492,4,3,2,1,1,0.75,74.0138,0.0,30.0353,90,0.75,2.0,1.0
030_C206,30,C,4,9,OPTIMAL,136.5933,4,4,4,0,0,1.0,136.5933,0.0,0.0,90,0.75,2.0,1.0
030_C206,30,C,6,0,OPTIMAL,176.6136,6,5,4,1,1,0.8333,167.0378,0.0,9.5758,90,0.75,2.0,1.0
030_C206,30,C,6,1,OPTIMAL,202.2714,6,5,5,0,1,0.8333,202.1945,0.0,0.077,90,0.75,2.0,1.0
030_C206,30,C,6,2,OPTIMAL,220.1093,6,5,5,0,1,0.8333,207.9964,0.0,12.1129,90,0.75,2.0,1.0
030_C206,30,C,6,3,OPTIMAL,213.3707,6,6,5,1,0,1.0,213.3707,0.0,0.0,90,0.75,2.0,1.0
030_C206,30,C,6,4,OPTIMAL,224.6961,6,6,4,2,0,1.0,224.6961,0.0,0.0,90,0.75,2.0,1.0
030_C206,30,C,6,5,OPTIMAL,189.1418,6,5,4,1,1,0.8333,186.7091,0.0,2.4327,90,0.75,2.0,1.0
030_C206,30,C,6,6,OPTIMAL,234.5446,6,6,5,1,0,1.0,234.5446,0.0,0.0,90,0.75,2.0,1.0
030_C206,30,C,6,7,OPTIMAL,188.7589,6,6,5,1,0,1.0,188.7589,0.0,0.0,90,0.75,2.0,1.0
030_C206,30,C,6,8,OPTIMAL,244.9073,6,5,5,0,1,0.8333,227.9651,0.0,16.9422,90,0.75,2.0,1.0
030_C206,30,C,6,9,OPTIMAL,280.0611,6,6,5,1,0,1.0,280.0611,0.0,0.0,90,0.75,2.0,1.0
030_C207,30,C,2,0,OPTIMAL,24.7985,2,1,1,0,1,0.5,13.8551,0.0,10.9433,90,0.75,2.0,1.0
030_C207,30,C,2,1,OPTIMAL,43.8931,2,2,2,0,0,1.0,43.8931,0.0,0.0,90,0.75,2.0,1.0
030_C207,30,C,2,2,OPTIMAL,50.0589,2,2,1,1,0,1.0,50.0589,0.0,0.0,90,0.75,2.0,1.0
030_C207,30,C,2,3,OPTIMAL,92.3831,2,2,2,0,0,1.0,92.3831,0.0,0.0,90,0.75,2.0,1.0
030_C207,30,C,2,4,OPTIMAL,33.926,2,0,0,0,2,0.0,0.0,0.0,33.926,90,0.75,2.0,1.0
030_C207,30,C,2,5,OPTIMAL,71.097,2,1,1,0,1,0.5,33.5726,0.0,37.5244,90,0.75,2.0,1.0
030_C207,30,C,2,6,OPTIMAL,88.3232,2,2,2,0,0,1.0,88.3232,0.0,0.0,90,0.75,2.0,1.0
030_C207,30,C,2,7,OPTIMAL,84.2161,2,2,2,0,0,1.0,84.2161,0.0,0.0,90,0.75,2.0,1.0
030_C207,30,C,2,8,OPTIMAL,64.9278,2,2,2,0,0,1.0,64.9278,0.0,0.0,90,0.75,2.0,1.0
030_C207,30,C,2,9,OPTIMAL,52.6077,2,2,2,0,0,1.0,52.6077,0.0,0.0,90,0.75,2.0,1.0
030_C207,30,C,4,0,OPTIMAL,133.8517,4,3,3,0,1,0.75,130.9114,0.0,2.9402,90,0.75,2.0,1.0
030_C207,30,C,4,1,OPTIMAL,112.3982,4,3,3,0,1,0.75,110.8512,0.0,1.547,90,0.75,2.0,1.0
030_C207,30,C,4,2,OPTIMAL,136.4661,4,4,3,1,0,1.0,136.4661,0.0,0.0,90,0.75,2.0,1.0
030_C207,30,C,4,3,OPTIMAL,110.9607,4,4,4,0,0,1.0,110.9607,0.0,0.0,90,0.75,2.0,1.0
030_C207,30,C,4,4,OPTIMAL,58.0829,4,1,1,0,3,0.25,28.6518,0.0,29.4311,90,0.75,2.0,1.0
030_C207,30,C,4,5,OPTIMAL,205.7293,4,4,4,0,0,1.0,205.7293,0.0,0.0,90,0.75,2.0,1.0
030_C207,30,C,4,6,OPTIMAL,163.4241,4,4,4,0,0,1.0,163.4241,0.0,0.0,90,0.75,2.0,1.0
030_C207,30,C,4,7,OPTIMAL,181.6452,4,4,4,0,0,1.0,181.6452,0.0,0.0,90,0.75,2.0,1.0
030_C207,30,C,4,8,OPTIMAL,120.2515,4,4,1,3,0,1.0,120.2515,0.0,0.0,90,0.75,2.0,1.0
030_C207,30,C,4,9,OPTIMAL,91.8706,4,3,3,0,1,0.75,90.8215,0.0,1.0491,90,0.75,2.0,1.0
030_C207,30,C,6,0,OPTIMAL,184.5649,6,5,5,0,1,0.8333,180.1046,0.0,4.4603,90,0.75,2.0,1.0
030_C207,30,C,6,1,OPTIMAL,181.54,6,4,4,0,2,0.6667,175.5679,0.0,5.972,90,0.75,2.0,1.0
030_C207,30,C,6,2,OPTIMAL,199.552,6,4,4,0,2,0.6667,176.9412,0.0,22.6108,90,0.75,2.0,1.0
030_C207,30,C,6,3,OPTIMAL,213.3707,6,6,5,1,0,1.0,213.3707,0.0,0.0,90,0.75,2.0,1.0
030_C207,30,C,6,4,OPTIMAL,224.6961,6,6,6,0,0,1.0,224.6961,0.0,0.0,90,0.75,2.0,1.0
030_C207,30,C,6,5,OPTIMAL,206.6746,6,5,3,2,1,0.8333,190.2438,0.0,16.4308,90,0.75,2.0,1.0
030_C207,30,C,6,6,OPTIMAL,234.5446,6,6,6,0,0,1.0,234.5446,0.0,0.0,90,0.75,2.0,1.0
030_C207,30,C,6,7,OPTIMAL,151.2818,6,4,3,1,2,0.6667,137.4316,0.0,13.8502,90,0.75,2.0,1.0
030_C207,30,C,6,8,OPTIMAL,245.1652,6,5,4,1,1,0.8333,243.1231,0.0,2.0421,90,0.75,2.0,1.0
030_C207,30,C,6,9,OPTIMAL,280.0611,6,6,6,0,0,1.0,280.0611,0.0,0.0,90,0.75,2.0,1.0
030_C208,30,C,2,0,OPTIMAL,40.1677,2,1,1,0,1,0.5,28.0872,0.0,12.0804,90,0.75,2.0,1.0
030_C208,30,C,2,1,OPTIMAL,43.8931,2,2,2,0,0,1.0,43.8931,0.0,0.0,90,0.75,2.0,1.0
030_C208,30,C,2,2,OPTIMAL,50.0589,2,2,2,0,0,1.0,50.0589,0.0,0.0,90,0.75,2.0,1.0
030_C208,30,C,2,3,OPTIMAL,92.3831,2,2,2,0,0,1.0,92.3831,0.0,0.0,90,0.75,2.0,1.0
030_C208,30,C,2,4,OPTIMAL,62.801,2,1,1,0,1,0.5,34.7872,0.0,28.0137,90,0.75,2.0,1.0
030_C208,30,C,2,5,OPTIMAL,71.097,2,1,1,0,1,0.5,33.5726,0.0,37.5244,90,0.75,2.0,1.0
030_C208,30,C,2,6,OPTIMAL,88.3232,2,2,2,0,0,1.0,88.3232,0.0,0.0,90,0.75,2.0,1.0
030_C208,30,C,2,7,OPTIMAL,84.2161,2,2,2,0,0,1.0,84.2161,0.0,0.0,90,0.75,2.0,1.0
030_C208,30,C,2,8,OPTIMAL,33.9102,2,1,1,0,1,0.5,30.0971,0.0,3.8132,90,0.75,2.0,1.0
030_C208,30,C,2,9,OPTIMAL,52.6077,2,2,2,0,0,1.0,52.6077,0.0,0.0,90,0.75,2.0,1.0
030_C208,30,C,4,0,OPTIMAL,135.4085,4,3,2,1,1,0.75,130.9114,0.0,4.4971,90,0.75,2.0,1.0
030_C208,30,C,4,1,OPTIMAL,143.0652,4,3,2,1,1,0.75,115.1653,0.0,27.9,90,0.75,2.0,1.0
030_C208,30,C,4,2,OPTIMAL,119.7988,4,3,3,0,1,0.75,119.1761,0.0,0.6227,90,0.75,2.0,1.0
030_C208,30,C,4,3,OPTIMAL,108.3728,4,3,2,1,1,0.75,82.2299,0.0,26.1429,90,0.75,2.0,1.0
030_C208,30,C,4,4,OPTIMAL,89.1075,4,3,2,1,1,0.75,83.0719,0.0,6.0356,90,0.75,2.0,1.0
030_C208,30,C,4,5,OPTIMAL,155.4454,4,2,2,0,2,0.5,107.0476,0.0,48.3978,90,0.75,2.0,1.0
030_C208,30,C,4,6,OPTIMAL,163.4241,4,4,4,0,0,1.0,163.4241,0.0,0.0,90,0.75,2.0,1.0
030_C208,30,C,4,7,OPTIMAL,155.3415,4,3,2,1,1,0.75,117.7822,0.0,37.5593,90,0.75,2.0,1.0
030_C208,30,C,4,8,OPTIMAL,120.2515,4,4,3,1,0,1.0,120.2515,0.0,0.0,90,0.75,2.0,1.0
030_C208,30,C,4,9,OPTIMAL,136.5933,4,4,2,2,0,1.0,136.5933,0.0,0.0,90,0.75,2.0,1.0
030_C208,30,C,6,0,OPTIMAL,183.0173,6,5,5,0,1,0.8333,167.0378,0.0,15.9795,90,0.75,2.0,1.0
030_C208,30,C,6,1,OPTIMAL,148.3262,6,3,3,0,3,0.5,104.641,0.0,43.6852,90,0.75,2.0,1.0
030_C208,30,C,6,2,OPTIMAL,220.1093,6,5,5,0,1,0.8333,207.9964,0.0,12.1129,90,0.75,2.0,1.0
030_C208,30,C,6,3,OPTIMAL,144.4749,6,4,4,0,2,0.6667,133.9897,0.0,10.4852,90,0.75,2.0,1.0
030_C208,30,C,6,4,OPTIMAL,224.6961,6,6,6,0,0,1.0,224.6961,0.0,0.0,90,0.75,2.0,1.0
030_C208,30,C,6,5,OPTIMAL,207.1977,6,6,5,1,0,1.0,207.1977,0.0,0.0,90,0.75,2.0,1.0
030_C208,30,C,6,6,OPTIMAL,202.3792,6,4,4,0,2,0.6667,164.7452,0.0,37.634,90,0.75,2.0,1.0
030_C208,30,C,6,7,OPTIMAL,162.1557,6,4,4,0,2,0.6667,140.9945,0.0,21.1611,90,0.75,2.0,1.0
030_C208,30,C,6,8,OPTIMAL,206.4432,6,3,3,0,3,0.5,169.0565,0.0,37.3868,90,0.75,2.0,1.0
030_C208,30,C,6,9,OPTIMAL,263.0942,6,5,5,0,1,0.8333,261.5325,0.0,1.5617,90,0.75,2.0,1.0
030_R101,30,R,2,0,OPTIMAL,61.6152,2,1,1,0,1,0.5,61.3886,0.0,0.2265,90,0.75,2.0,1.0
030_R101,30,R,2,1,OPTIMAL,0.3144,2,0,0,0,2,0.0,0.0,0.0,0.3144,90,0.75,2.0,1.0
030_R101,30,R,2,2,OPTIMAL,90.0553,2,2,0,2,0,1.0,90.0553,0.0,0.0,90,0.75,2.0,1.0
030_R101,30,R,2,3,OPTIMAL,68.9158,2,1,1,0,1,0.5,68.8241,0.0,0.0917,90,0.75,2.0,1.0
030_R101,30,R,2,4,OPTIMAL,78.0988,2,1,0,1,1,0.5,44.6144,5.2855,28.199,90,0.75,2.0,1.0
030_R101,30,R,2,5,OPTIMAL,120.8423,2,2,2,0,0,1.0,120.8423,0.0,0.0,90,0.75,2.0,1.0
030_R101,30,R,2,6,OPTIMAL,46.9337,2,1,0,1,1,0.5,45.1405,0.0,1.7932,90,0.75,2.0,1.0
030_R101,30,R,2,7,OPTIMAL,6.9173,2,0,0,0,2,0.0,0.0,0.0,6.9173,90,0.75,2.0,1.0
030_R101,30,R,2,8,OPTIMAL,2.8286,2,0,0,0,2,0.0,0.0,0.0,2.8286,90,0.75,2.0,1.0
030_R101,30,R,2,9,OPTIMAL,107.9108,2,2,2,0,0,1.0,107.9108,0.0,0.0,90,0.75,2.0,1.0
030_R101,30,R,4,0,OPTIMAL,68.4621,4,1,0,1,3,0.25,53.7359,0.0,14.7261,90,0.75,2.0,1.0
030_R101,30,R,4,1,OPTIMAL,163.7907,4,3,2,1,1,0.75,163.5187,0.0,0.272,90,0.75,2.0,1.0
030_R101,30,R,4,2,OPTIMAL,89.4072,4,1,1,0,3,0.25,57.3317,0.0,32.0754,90,0.75,2.0,1.0
030_R101,30,R,4,3,OPTIMAL,76.8258,4,1,1,0,3,0.25,54.7973,0.0,22.0285,90,0.75,2.0,1.0
030_R101,30,R,4,4,OPTIMAL,157.1521,4,3,2,1,1,0.75,151.1514,0.0,6.0006,90,0.75,2.0,1.0
030_R101,30,R,4,5,OPTIMAL,64.3311,4,1,0,1,3,0.25,40.9885,0.0,23.3426,90,0.75,2.0,1.0
030_R101,30,R,4,6,OPTIMAL,162.3996,4,3,2,1,1,0.75,157.8426,0.0,4.5569,90,0.75,2.0,1.0
030_R101,30,R,4,7,OPTIMAL,99.7816,4,1,1,0,3,0.25,44.4565,12.0968,43.2283,90,0.75,2.0,1.0
030_R101,30,R,4,8,OPTIMAL,58.4399,4,1,0,1,3,0.25,52.7934,0.0,5.6465,90,0.75,2.0,1.0
030_R101,30,R,4,9,OPTIMAL,60.7045,4,1,0,1,3,0.25,51.7519,0.0,8.9525,90,0.75,2.0,1.0
030_R101,30,R,6,0,OPTIMAL,123.9242,6,2,2,0,4,0.3333,106.4284,0.0,17.4958,90,0.75,2.0,1.0
030_R101,30,R,6,1,OPTIMAL,183.9048,6,4,3,1,2,0.6667,181.7059,0.0,2.1989,90,0.75,2.0,1.0
030_R101,30,R,6,2,OPTIMAL,132.6611,6,2,0,2,4,0.3333,65.626,5.0808,61.9543,90,0.75,2.0,1.0
030_R101,30,R,6,3,OPTIMAL,249.9176,6,4,2,2,2,0.6667,241.704,0.0,8.2137,90,0.75,2.0,1.0
030_R101,30,R,6,4,OPTIMAL,62.948,6,0,0,0,6,0.0,0.0,11.6478,51.3002,90,0.75,2.0,1.0
030_R101,30,R,6,5,OPTIMAL,222.1543,6,4,2,2,2,0.6667,221.6318,0.0,0.5225,90,0.75,2.0,1.0
030_R101,30,R,6,6,OPTIMAL,239.0418,6,4,2,2,2,0.6667,216.7107,0.0,22.3311,90,0.75,2.0,1.0
030_R101,30,R,6,7,OPTIMAL,188.3609,6,4,1,3,2,0.6667,185.7674,0.0,2.5935,90,0.75,2.0,1.0
030_R101,30,R,6,8,OPTIMAL,116.0816,6,2,2,0,4,0.3333,111.3149,0.0,4.7667,90,0.75,2.0,1.0
030_R101,30,R,6,9,OPTIMAL,204.5647,6,3,2,1,3,0.5,175.2383,0.0,29.3263,90,0.75,2.0,1.0
030_R102,30,R,2,0,OPTIMAL,61.5019,2,1,0,1,1,0.5,61.3886,0.0,0.1133,90,0.75,2.0,1.0
030_R102,30,R,2,1,OPTIMAL,0.2519,2,0,0,0,2,0.0,0.0,0.0,0.2519,90,0.75,2.0,1.0
030_R102,30,R,2,2,OPTIMAL,72.5182,2,1,0,1,1,0.5,44.5902,0.1774,27.7506,90,0.75,2.0,1.0
030_R102,30,R,2,3,OPTIMAL,68.87,2,1,1,0,1,0.5,68.8241,0.0,0.0458,90,0.75,2.0,1.0
030_R102,30,R,2,4,OPTIMAL,70.9755,2,1,0,1,1,0.5,44.6144,0.0,26.3611,90,0.75,2.0,1.0
030_R102,30,R,2,5,OPTIMAL,94.6383,2,1,0,1,1,0.5,61.244,5.8428,27.5515,90,0.75,2.0,1.0
030_R102,30,R,2,6,OPTIMAL,46.6335,2,1,0,1,1,0.5,45.1405,0.0,1.493,90,0.75,2.0,1.0
030_R102,30,R,2,7,OPTIMAL,7.2559,2,0,0,0,2,0.0,0.0,0.0,7.2559,90,0.75,2.0,1.0
030_R102,30,R,2,8,OPTIMAL,38.9633,2,1,0,1,1,0.5,38.2886,0.0,0.6746,90,0.75,2.0,1.0
030_R102,30,R,2,9,OPTIMAL,76.8155,2,1,0,1,1,0.5,63.6017,0.0,13.2138,90,0.75,2.0,1.0
030_R102,30,R,4,0,OPTIMAL,112.9489,4,1,0,1,3,0.25,50.6865,14.4963,47.7662,90,0.75,2.0,1.0
030_R102,30,R,4,1,OPTIMAL,109.091,4,1,1,0,3,0.25,68.8677,9.1213,31.102,90,0.75,2.0,1.0
030_R102,30,R,4,2,OPTIMAL,31.1804,4,0,0,0,4,0.0,0.0,0.0,31.1804,90,0.75,2.0,1.0
030_R102,30,R,4,3,OPTIMAL,20.0109,4,0,0,0,4,0.0,0.0,0.0,20.0109,90,0.75,2.0,1.0
030_R102,30,R,4,4,OPTIMAL,147.8398,4,2,0,2,2,0.5,115.2807,2.4249,30.1341,90,0.75,2.0,1.0
030_R102,30,R,4,5,OPTIMAL,77.2805,4,1,0,1,3,0.25,47.3089,0.0,29.9716,90,0.75,2.0,1.0
030_R102,30,R,4,6,OPTIMAL,84.3334,4,1,0,1,3,0.25,53.6199,0.0,30.7135,90,0.75,2.0,1.0
030_R102,30,R,4,7,OPTIMAL,41.9374,4,0,0,0,4,0.0,0.0,0.0,41.9374,90,0.75,2.0,1.0
030_R102,30,R,4,8,OPTIMAL,44.9772,4,0,0,0,4,0.0,0.0,5.8032,39.1739,90,0.75,2.0,1.0
030_R102,30,R,4,9,OPTIMAL,123.1922,4,2,0,2,2,0.5,91.0789,1.5347,30.5786,90,0.75,2.0,1.0
030_R102,30,R,6,0,OPTIMAL,171.7829,6,1,0,1,5,0.1667,48.206,22.7684,100.8085,90,0.75,2.0,1.0
030_R102,30,R,6,1,OPTIMAL,78.8749,6,1,0,1,5,0.1667,54.3404,0.0,24.5345,90,0.75,2.0,1.0
030_R102,30,R,6,2,OPTIMAL,82.4153,6,1,0,1,5,0.1667,43.1804,0.0,39.2349,90,0.75,2.0,1.0
030_R102,30,R,6,3,OPTIMAL,252.8689,6,3,2,1,3,0.5,179.5971,2.6518,70.62,90,0.75,2.0,1.0
030_R102,30,R,6,4,OPTIMAL,24.588,6,0,0,0,6,0.0,0.0,0.0,24.588,90,0.75,2.0,1.0
030_R102,30,R,6,5,OPTIMAL,155.0291,6,2,1,1,4,0.3333,113.4503,3.6126,37.9662,90,0.75,2.0,1.0
030_R102,30,R,6,6,OPTIMAL,245.0317,6,3,0,3,3,0.5,158.966,9.9469,76.1189,90,0.75,2.0,1.0
030_R102,30,R,6,7,OPTIMAL,192.5582,6,2,0,2,4,0.3333,90.0914,15.3562,87.1105,90,0.75,2.0,1.0
030_R102,30,R,6,8,OPTIMAL,128.3492,6,2,1,1,4,0.3333,119.9868,0.0,8.3625,90,0.75,2.0,1.0
030_R102,30,R,6,9,OPTIMAL,177.5811,6,2,1,1,4,0.3333,119.3502,0.0,58.231,90,0.75,2.0,1.0
030_R103,30,R,2,0,OPTIMAL,61.6152,2,1,1,0,1,0.5,61.3886,0.0,0.2265,90,0.75,2.0,1.0
030_R103,30,R,2,1,OPTIMAL,0.1323,2,0,0,0,2,0.0,0.0,0.0,0.1323,90,0.75,2.0,1.0
030_R103,30,R,2,2,OPTIMAL,70.7938,2,1,0,1,1,0.5,44.5902,0.0,26.2036,90,0.75,2.0,1.0
030_R103,30,R,2,3,OPTIMAL,68.87,2,1,1,0,1,0.5,68.8241,0.0,0.0458,90,0.75,2.0,1.0
030_R103,30,R,2,4,OPTIMAL,79.2402,2,0,0,0,2,0.0,0.0,6.5997,72.6404,90,0.75,2.0,1.0
030_R103,30,R,2,5,OPTIMAL,120.8423,2,2,1,1,0,1.0,120.8423,0.0,0.0,90,0.75,2.0,1.0
030_R103,30,R,2,6,OPTIMAL,45.189,2,1,0,1,1,0.5,45.1405,0.0,0.0485,90,0.75,2.0,1.0
030_R103,30,R,2,7,OPTIMAL,65.1882,2,1,0,1,1,0.5,64.2162,0.0,0.9721,90,0.75,2.0,1.0
030_R103,30,R,2,8,OPTIMAL,2.2922,2,0,0,0,2,0.0,0.0,0.0,2.2922,90,0.75,2.0,1.0
030_R103,30,R,2,9,OPTIMAL,64.8929,2,1,0,1,1,0.5,63.6017,0.0,1.2913,90,0.75,2.0,1.0
030_R103,30,R,4,0,OPTIMAL,12.5328,4,0,0,0,4,0.0,0.0,0.0,12.5328,90,0.75,2.0,1.0
030_R103,30,R,4,1,OPTIMAL,79.7523,4,1,1,0,3,0.25,68.8677,0.0,10.8846,90,0.75,2.0,1.0
030_R103,30,R,4,2,OPTIMAL,23.1162,4,0,0,0,4,0.0,0.0,0.0,23.1162,90,0.75,2.0,1.0
030_R103,30,R,4,3,OPTIMAL,8.1658,4,0,0,0,4,0.0,0.0,0.0,8.1658,90,0.75,2.0,1.0
030_R103,30,R,4,4,OPTIMAL,72.9518,4,1,1,0,3,0.25,66.7933,0.0,6.1586,90,0.75,2.0,1.0
030_R103,30,R,4,5,OPTIMAL,23.2945,4,0,0,0,4,0.0,0.0,0.0,23.2945,90,0.75,2.0,1.0
030_R103,30,R,4,6,OPTIMAL,57.6895,4,1,0,1,3,0.25,53.6199,0.0,4.0696,90,0.75,2.0,1.0
030_R103,30,R,4,7,OPTIMAL,6.9612,4,0,0,0,4,0.0,0.0,0.0,6.9612,90,0.75,2.0,1.0
030_R103,30,R,4,8,OPTIMAL,8.6938,4,0,0,0,4,0.0,0.0,0.0,8.6938,90,0.75,2.0,1.0
030_R103,30,R,4,9,OPTIMAL,7.5476,4,0,0,0,4,0.0,0.0,0.0,7.5476,90,0.75,2.0,1.0
030_R103,30,R,6,0,OPTIMAL,73.5188,6,0,0,0,6,0.0,0.0,9.3871,64.1317,90,0.75,2.0,1.0
030_R103,30,R,6,1,OPTIMAL,63.1827,6,1,0,1,5,0.1667,54.3404,0.0,8.8423,90,0.75,2.0,1.0
030_R103,30,R,6,2,OPTIMAL,27.9426,6,0,0,0,6,0.0,0.0,0.0,27.9426,90,0.75,2.0,1.0
030_R103,30,R,6,3,OPTIMAL,259.3131,6,4,2,2,2,0.6667,255.0228,0.0,4.2903,90,0.75,2.0,1.0
030_R103,30,R,6,4,OPTIMAL,4.9182,6,0,0,0,6,0.0,0.0,0.0,4.9182,90,0.75,2.0,1.0
030_R103,30,R,6,5,OPTIMAL,124.5567,6,2,1,1,4,0.3333,113.4503,0.0,11.1064,90,0.75,2.0,1.0
030_R103,30,R,6,6,OPTIMAL,188.3561,6,2,0,2,4,0.3333,107.7008,3.9932,76.6621,90,0.75,2.0,1.0
030_R103,30,R,6,7,OPTIMAL,85.1209,6,0,0,0,6,0.0,0.0,5.3027,79.8181,90,0.75,2.0,1.0
030_R103,30,R,6,8,OPTIMAL,72.742,6,1,1,0,5,0.1667,67.6061,0.0,5.1358,90,0.75,2.0,1.0
030_R103,30,R,6,9,OPTIMAL,186.8525,6,3,1,2,3,0.5,178.1449,0.0,8.7076,90,0.75,2.0,1.0
030_R105,30,R,2,0,OPTIMAL,61.6152,2,1,1,0,1,0.5,61.3886,0.0,0.2265,90,0.75,2.0,1.0
030_R105,30,R,2,1,OPTIMAL,0.0661,2,0,0,0,2,0.0,0.0,0.0,0.0661,90,0.75,2.0,1.0
030_R105,30,R,2,2,OPTIMAL,64.1121,2,0,0,0,2,0.0,0.0,0.0,64.1121,90,0.75,2.0,1.0
030_R105,30,R,2,3,OPTIMAL,68.9158,2,1,1,0,1,0.5,68.8241,0.0,0.0917,90,0.75,2.0,1.0
030_R105,30,R,2,4,OPTIMAL,45.7533,2,0,0,0,2,0.0,0.0,0.0,45.7533,90,0.75,2.0,1.0
030_R105,30,R,2,5,OPTIMAL,120.8423,2,2,1,1,0,1.0,120.8423,0.0,0.0,90,0.75,2.0,1.0
030_R105,30,R,2,6,OPTIMAL,26.4996,2,0,0,0,2,0.0,0.0,0.0,26.4996,90,0.75,2.0,1.0
030_R105,30,R,2,7,OPTIMAL,65.1882,2,1,1,0,1,0.5,64.2162,0.0,0.9721,90,0.75,2.0,1.0
030_R105,30,R,2,8,OPTIMAL,2.2922,2,0,0,0,2,0.0,0.0,0.0,2.2922,90,0.75,2.0,1.0
030_R105,30,R,2,9,OPTIMAL,64.2473,2,1,1,0,1,0.5,63.6017,0.0,0.6456,90,0.75,2.0,1.0
030_R105,30,R,4,0,OPTIMAL,102.5004,4,1,0,1,3,0.25,53.7359,0.0,48.7645,90,0.75,2.0,1.0
030_R105,30,R,4,1,OPTIMAL,128.2027,4,2,2,0,2,0.5,123.9854,0.0,4.2173,90,0.75,2.0,1.0
030_R105,30,R,4,2,OPTIMAL,92.5834,4,1,1,0,3,0.25,57.3317,0.0,35.2516,90,0.75,2.0,1.0
030_R105,30,R,4,3,OPTIMAL,88.216,4,1,1,0,3,0.25,54.7973,0.0,33.4187,90,0.75,2.0,1.0
030_R105,30,R,4,4,OPTIMAL,156.593,4,2,1,1,2,0.5,115.2807,0.0,41.3122,90,0.75,2.0,1.0
030_R105,30,R,4,5,OPTIMAL,59.3346,4,1,0,1,3,0.25,47.6216,0.0,11.713,90,0.75,2.0,1.0
030_R105,30,R,4,6,OPTIMAL,177.6693,4,2,2,0,2,0.5,115.5609,0.0,62.1084,90,0.75,2.0,1.0
030_R105,30,R,4,7,OPTIMAL,95.9767,4,1,0,1,3,0.25,48.7462,0.0,47.2305,90,0.75,2.0,1.0
030_R105,30,R,4,8,OPTIMAL,118.8079,4,1,1,0,3,0.25,61.6847,0.0,57.1231,90,0.75,2.0,1.0
030_R105,30,R,4,9,OPTIMAL,53.3268,4,0,0,0,4,0.0,0.0,0.0,53.3268,90,0.75,2.0,1.0
030_R105,30,R,6,0,OPTIMAL,153.2338,6,2,1,1,4,0.3333,106.4284,0.0,46.8054,90,0.75,2.0,1.0
030_R105,30,R,6,1,OPTIMAL,88.7747,6,1,1,0,5,0.1667,55.3267,0.0,33.4481,90,0.75,2.0,1.0
030_R105,30,R,6,2,OPTIMAL,117.735,6,1,0,1,5,0.1667,44.722,0.0,73.013,90,0.75,2.0,1.0
030_R105,30,R,6,3,OPTIMAL,273.6677,6,3,3,0,3,0.5,197.915,0.0,75.7527,90,0.75,2.0,1.0
030_R105,30,R,6,4,OPTIMAL,73.4502,6,1,0,1,5,0.1667,45.9596,0.0,27.4906,90,0.75,2.0,1.0
030_R105,30,R,6,5,OPTIMAL,206.3913,6,2,2,0,4,0.3333,125.7777,0.0,80.6136,90,0.75,2.0,1.0
030_R105,30,R,6,6,OPTIMAL,251.1082,6,4,2,2,2,0.6667,216.7107,0.0,34.3974,90,0.75,2.0,1.0
030_R105,30,R,6,7,OPTIMAL,92.9627,6,1,1,0,5,0.1667,63.8226,0.0,29.1402,90,0.75,2.0,1.0
030_R105,30,R,6,8,OPTIMAL,110.6079,6,1,1,0,5,0.1667,67.6061,0.0,43.0018,90,0.75,2.0,1.0
030_R105,30,R,6,9,OPTIMAL,228.5498,6,2,2,0,4,0.3333,125.245,0.0,103.3047,90,0.75,2.0,1.0
030_R106,30,R,2,0,OPTIMAL,61.5019,2,1,0,1,1,0.5,61.3886,0.0,0.1133,90,0.75,2.0,1.0
030_R106,30,R,2,1,OPTIMAL,0.0689,2,0,0,0,2,0.0,0.0,0.0,0.0689,90,0.75,2.0,1.0
030_R106,30,R,2,2,OPTIMAL,60.2563,2,0,0,0,2,0.0,0.0,0.0,60.2563,90,0.75,2.0,1.0
030_R106,30,R,2,3,OPTIMAL,68.9158,2,1,1,0,1,0.5,68.8241,0.0,0.0917,90,0.75,2.0,1.0
030_R106,30,R,2,4,OPTIMAL,55.5092,2,0,0,0,2,0.0,0.0,0.0,55.5092,90,0.75,2.0,1.0
030_R106,30,R,2,5,OPTIMAL,120.8423,2,2,0,2,0,1.0,120.8423,0.0,0.0,90,0.75,2.0,1.0
030_R106,30,R,2,6,OPTIMAL,26.4996,2,0,0,0,2,0.0,0.0,0.0,26.4996,90,0.75,2.0,1.0
030_R106,30,R,2,7,OPTIMAL,64.2763,2,1,0,1,1,0.5,64.2162,0.0,0.0602,90,0.75,2.0,1.0
030_R106,30,R,2,8,OPTIMAL,1.6176,2,0,0,0,2,0.0,0.0,0.0,1.6176,90,0.75,2.0,1.0
030_R106,30,R,2,9,OPTIMAL,64.8929,2,1,0,1,1,0.5,63.6017,0.0,1.2913,90,0.75,2.0,1.0
030_R106,30,R,4,0,OPTIMAL,80.3012,4,0,0,0,4,0.0,0.0,0.0,80.3012,90,0.75,2.0,1.0
030_R106,30,R,4,1,OPTIMAL,75.9462,4,1,1,0,3,0.25,68.8677,0.0,7.0785,90,0.75,2.0,1.0
030_R106,30,R,4,2,OPTIMAL,49.5635,4,0,0,0,4,0.0,0.0,0.0,49.5635,90,0.75,2.0,1.0
030_R106,30,R,4,3,OPTIMAL,48.0536,4,0,0,0,4,0.0,0.0,0.0,48.0536,90,0.75,2.0,1.0
030_R106,30,R,4,4,OPTIMAL,145.4249,4,2,1,1,2,0.5,115.2807,0.0,30.1441,90,0.75,2.0,1.0
030_R106,30,R,4,5,OPTIMAL,40.7938,4,0,0,0,4,0.0,0.0,0.0,40.7938,90,0.75,2.0,1.0
030_R106,30,R,4,6,OPTIMAL,112.5407,4,1,0,1,3,0.25,61.7151,0.0,50.8256,90,0.75,2.0,1.0
030_R106,30,R,4,7,OPTIMAL,72.0262,4,0,0,0,4,0.0,0.0,0.0,72.0262,90,0.75,2.0,1.0
030_R106,30,R,4,8,OPTIMAL,100.3928,4,1,0,1,3,0.25,61.6847,0.0,38.708,90,0.75,2.0,1.0
030_R106,30,R,4,9,OPTIMAL,41.9683,4,0,0,0,4,0.0,0.0,0.0,41.9683,90,0.75,2.0,1.0
030_R106,30,R,6,0,OPTIMAL,144.2437,6,2,0,2,4,0.3333,106.4284,0.0,37.8152,90,0.75,2.0,1.0
030_R106,30,R,6,1,OPTIMAL,34.1222,6,0,0,0,6,0.0,0.0,0.0,34.1222,90,0.75,2.0,1.0
030_R106,30,R,6,2,OPTIMAL,89.8217,6,0,0,0,6,0.0,0.0,0.0,89.8217,90,0.75,2.0,1.0
030_R106,30,R,6,3,OPTIMAL,273.3016,6,3,1,2,3,0.5,197.915,0.0,75.3866,90,0.75,2.0,1.0
030_R106,30,R,6,4,OPTIMAL,52.1154,6,0,0,0,6,0.0,0.0,0.0,52.1154,90,0.75,2.0,1.0
030_R106,30,R,6,5,OPTIMAL,136.8505,6,1,1,0,5,0.1667,69.2309,0.0,67.6196,90,0.75,2.0,1.0
030_R106,30,R,6,6,OPTIMAL,226.4185,6,3,0,3,3,0.5,168.6376,0.0,57.7809,90,0.75,2.0,1.0
030_R106,30,R,6,7,OPTIMAL,91.7326,6,1,0,1,5,0.1667,63.8226,0.0,27.91,90,0.75,2.0,1.0
030_R106,30,R,6,8,OPTIMAL,76.0087,6,1,1,0,5,0.1667,67.6061,0.0,8.4026,90,0.75,2.0,1.0
030_R106,30,R,6,9,OPTIMAL,212.4705,6,2,1,1,4,0.3333,125.245,0.0,87.2255,90,0.75,2.0,1.0
030_R107,30,R,2,0,OPTIMAL,61.6152,2,1,1,0,1,0.5,61.3886,0.0,0.2265,90,0.75,2.0,1.0
030_R107,30,R,2,1,OPTIMAL,0.1323,2,0,0,0,2,0.0,0.0,0.0,0.1323,90,0.75,2.0,1.0
030_R107,30,R,2,2,OPTIMAL,70.7938,2,1,0,1,1,0.5,44.5902,0.0,26.2036,90,0.75,2.0,1.0
030_R107,30,R,2,3,OPTIMAL,68.9158,2,1,1,0,1,0.5,68.8241,0.0,0.0917,90,0.75,2.0,1.0
030_R107,30,R,2,4,OPTIMAL,29.6487,2,0,0,0,2,0.0,0.0,0.0,29.6487,90,0.75,2.0,1.0
030_R107,30,R,2,5,OPTIMAL,120.8423,2,2,1,1,0,1.0,120.8423,0.0,0.0,90,0.75,2.0,1.0
030_R107,30,R,2,6,OPTIMAL,32.6722,2,0,0,0,2,0.0,0.0,0.0,32.6722,90,0.75,2.0,1.0
030_R107,30,R,2,7,OPTIMAL,7.1001,2,0,0,0,2,0.0,0.0,0.0,7.1001,90,0.75,2.0,1.0
030_R107,30,R,2,8,OPTIMAL,39.6379,2,1,0,1,1,0.5,38.2886,0.0,1.3493,90,0.75,2.0,1.0
030_R107,30,R,2,9,OPTIMAL,64.8929,2,1,0,1,1,0.5,63.6017,0.0,1.2913,90,0.75,2.0,1.0
030_R107,30,R,4,0,OPTIMAL,57.1477,4,1,0,1,3,0.25,50.6865,0.0,6.4613,90,0.75,2.0,1.0
030_R107,30,R,4,1,OPTIMAL,76.0822,4,1,1,0,3,0.25,68.8677,0.0,7.2145,90,0.75,2.0,1.0
030_R107,30,R,4,2,OPTIMAL,26.0897,4,0,0,0,4,0.0,0.0,0.0,26.0897,90,0.75,2.0,1.0
030_R107,30,R,4,3,OPTIMAL,13.734,4,0,0,0,4,0.0,0.0,0.0,13.734,90,0.75,2.0,1.0
030_R107,30,R,4,4,OPTIMAL,67.2289,4,1,1,0,3,0.25,66.7933,0.0,0.4356,90,0.75,2.0,1.0
030_R107,30,R,4,5,OPTIMAL,72.0785,4,1,0,1,3,0.25,47.3089,0.0,24.7695,90,0.75,2.0,1.0
030_R107,30,R,4,6,OPTIMAL,61.4263,4,1,0,1,3,0.25,53.6199,0.0,7.8063,90,0.75,2.0,1.0
030_R107,30,R,4,7,OPTIMAL,9.2372,4,0,0,0,4,0.0,0.0,0.0,9.2372,90,0.75,2.0,1.0
030_R107,30,R,4,8,OPTIMAL,13.2458,4,0,0,0,4,0.0,0.0,0.0,13.2458,90,0.75,2.0,1.0
030_R107,30,R,4,9,OPTIMAL,94.5775,4,2,0,2,2,0.5,91.0789,0.0,3.4987,90,0.75,2.0,1.0
030_R107,30,R,6,0,OPTIMAL,124.0713,6,2,0,2,4,0.3333,113.3922,0.0,10.6792,90,0.75,2.0,1.0
030_R107,30,R,6,1,OPTIMAL,63.9248,6,1,0,1,5,0.1667,54.3404,0.0,9.5844,90,0.75,2.0,1.0
030_R107,30,R,6,2,OPTIMAL,27.8527,6,0,0,0,6,0.0,0.0,0.0,27.8527,90,0.75,2.0,1.0
030_R107,30,R,6,3,OPTIMAL,258.0231,6,4,2,2,2,0.6667,244.6814,0.0,13.3417,90,0.75,2.0,1.0
030_R107,30,R,6,4,OPTIMAL,8.6385,6,0,0,0,6,0.0,0.0,0.0,8.6385,90,0.75,2.0,1.0
030_R107,30,R,6,5,OPTIMAL,109.1815,6,1,1,0,5,0.1667,69.2309,0.0,39.9506,90,0.75,2.0,1.0
030_R107,30,R,6,6,OPTIMAL,200.3194,6,3,0,3,3,0.5,171.0142,0.0,29.3052,90,0.75,2.0,1.0
030_R107,30,R,6,7,OPTIMAL,143.3071,6,2,0,2,4,0.3333,115.349,0.0,27.9581,90,0.75,2.0,1.0
030_R107,30,R,6,8,OPTIMAL,122.7659,6,2,1,1,4,0.3333,119.9868,0.0,2.7791,90,0.75,2.0,1.0
030_R107,30,R,6,9,OPTIMAL,185.4075,6,3,1,2,3,0.5,178.1449,0.0,7.2627,90,0.75,2.0,1.0
030_R109,30,R,2,0,OPTIMAL,61.5019,2,1,0,1,1,0.5,61.3886,0.0,0.1133,90,0.75,2.0,1.0
030_R109,30,R,2,1,OPTIMAL,0.0661,2,0,0,0,2,0.0,0.0,0.0,0.0661,90,0.75,2.0,1.0
030_R109,30,R,2,2,OPTIMAL,29.6846,2,0,0,0,2,0.0,0.0,0.0,29.6846,90,0.75,2.0,1.0
030_R109,30,R,2,3,OPTIMAL,68.87,2,1,1,0,1,0.5,68.8241,0.0,0.0458,90,0.75,2.0,1.0
030_R109,30,R,2,4,OPTIMAL,56.0736,2,0,0,0,2,0.0,0.0,0.0,56.0736,90,0.75,2.0,1.0
030_R109,30,R,2,5,OPTIMAL,120.8423,2,2,0,2,0,1.0,120.8423,0.0,0.0,90,0.75,2.0,1.0
030_R109,30,R,2,6,OPTIMAL,21.1319,2,0,0,0,2,0.0,0.0,0.0,21.1319,90,0.75,2.0,1.0
030_R109,30,R,2,7,OPTIMAL,8.8753,2,0,0,0,2,0.0,0.0,0.0,8.8753,90,0.75,2.0,1.0
030_R109,30,R,2,8,OPTIMAL,2.9728,2,0,0,0,2,0.0,0.0,0.0,2.9728,90,0.75,2.0,1.0
030_R109,30,R,2,9,OPTIMAL,64.2473,2,1,1,0,1,0.5,63.6017,0.0,0.6456,90,0.75,2.0,1.0
030_R109,30,R,4,0,OPTIMAL,59.5421,4,1,0,1,3,0.25,53.7359,0.0,5.8062,90,0.75,2.0,1.0
030_R109,30,R,4,1,OPTIMAL,106.673,4,1,1,0,3,0.25,68.8677,0.0,37.8053,90,0.75,2.0,1.0
030_R109,30,R,4,2,OPTIMAL,79.8022,4,0,0,0,4,0.0,0.0,0.0,79.8022,90,0.75,2.0,1.0
030_R109,30,R,4,3,OPTIMAL,80.5436,4,0,0,0,4,0.0,0.0,0.0,80.5436,90,0.75,2.0,1.0
030_R109,30,R,4,4,OPTIMAL,97.0461,4,1,1,0,3,0.25,66.7933,0.0,30.2528,90,0.75,2.0,1.0
030_R109,30,R,4,5,OPTIMAL,25.2936,4,0,0,0,4,0.0,0.0,0.0,25.2936,90,0.75,2.0,1.0
030_R109,30,R,4,6,OPTIMAL,74.8857,4,0,0,0,4,0.0,0.0,0.0,74.8857,90,0.75,2.0,1.0
030_R109,30,R,4,7,OPTIMAL,40.0718,4,0,0,0,4,0.0,0.0,0.0,40.0718,90,0.75,2.0,1.0
030_R109,30,R,4,8,OPTIMAL,59.3096,4,0,0,0,4,0.0,0.0,0.0,59.3096,90,0.75,2.0,1.0
030_R109,30,R,4,9,OPTIMAL,49.4185,4,0,0,0,4,0.0,0.0,0.0,49.4185,90,0.75,2.0,1.0
030_R109,30,R,6,0,OPTIMAL,113.4484,6,1,1,0,5,0.1667,65.1862,0.0,48.2623,90,0.75,2.0,1.0
030_R109,30,R,6,1,OPTIMAL,71.4182,6,1,0,1,5,0.1667,55.3267,0.0,16.0915,90,0.75,2.0,1.0
030_R109,30,R,6,2,OPTIMAL,79.2996,6,0,0,0,6,0.0,0.0,0.0,79.2996,90,0.75,2.0,1.0
030_R109,30,R,6,3,OPTIMAL,283.6829,6,3,2,1,3,0.5,197.915,0.0,85.7679,90,0.75,2.0,1.0
030_R109,30,R,6,4,OPTIMAL,41.37,6,0,0,0,6,0.0,0.0,0.0,41.37,90,0.75,2.0,1.0
030_R109,30,R,6,5,OPTIMAL,173.0996,6,1,1,0,5,0.1667,69.2309,0.0,103.8687,90,0.75,2.0,1.0
030_R109,30,R,6,6,OPTIMAL,177.1524,6,3,1,2,3,0.5,168.2202,0.0,8.9321,90,0.75,2.0,1.0
030_R109,30,R,6,7,OPTIMAL,83.7271,6,1,1,0,5,0.1667,63.8226,0.0,19.9045,90,0.75,2.0,1.0
030_R109,30,R,6,8,OPTIMAL,80.3421,6,1,1,0,5,0.1667,67.6061,0.0,12.736,90,0.75,2.0,1.0
030_R109,30,R,6,9,OPTIMAL,210.5957,6,3,1,2,3,0.5,175.7229,0.0,34.8729,90,0.75,2.0,1.0
030_R110,30,R,2,0,OPTIMAL,61.6152,2,1,0,1,1,0.5,61.3886,0.0,0.2265,90,0.75,2.0,1.0
030_R110,30,R,2,1,OPTIMAL,0.0689,2,0,0,0,2,0.0,0.0,0.0,0.0689,90,0.75,2.0,1.0
030_R110,30,R,2,2,OPTIMAL,40.4011,2,0,0,0,2,0.0,0.0,0.0,40.4011,90,0.75,2.0,1.0
030_R110,30,R,2,3,OPTIMAL,68.87,2,1,1,0,1,0.5,68.8241,0.0,0.0458,90,0.75,2.0,1.0
030_R110,30,R,2,4,OPTIMAL,56.9057,2,1,0,1,1,0.5,53.2405,0.0,3.6652,90,0.75,2.0,1.0
030_R110,30,R,2,5,OPTIMAL,120.8423,2,2,0,2,0,1.0,120.8423,0.0,0.0,90,0.75,2.0,1.0
030_R110,30,R,2,6,OPTIMAL,3.1681,2,0,0,0,2,0.0,0.0,0.0,3.1681,90,0.75,2.0,1.0
030_R110,30,R,2,7,OPTIMAL,7.1402,2,0,0,0,2,0.0,0.0,0.0,7.1402,90,0.75,2.0,1.0
030_R110,30,R,2,8,OPTIMAL,3.8952,2,0,0,0,2,0.0,0.0,0.0,3.8952,90,0.75,2.0,1.0
030_R110,30,R,2,9,OPTIMAL,64.8929,2,1,0,1,1,0.5,63.6017,0.0,1.2913,90,0.75,2.0,1.0
030_R110,30,R,4,0,OPTIMAL,56.3946,4,0,0,0,4,0.0,0.0,0.0,56.3946,90,0.75,2.0,1.0
030_R110,30,R,4,1,OPTIMAL,132.2108,4,2,1,1,2,0.5,123.9854,0.0,8.2254,90,0.75,2.0,1.0
030_R110,30,R,4,2,OPTIMAL,109.9297,4,2,0,2,2,0.5,106.9119,0.0,3.0178,90,0.75,2.0,1.0
030_R110,30,R,4,3,OPTIMAL,115.6119,4,2,0,2,2,0.5,110.6234,0.0,4.9885,90,0.75,2.0,1.0
030_R110,30,R,4,4,OPTIMAL,104.3557,4,1,1,0,3,0.25,66.7933,0.0,37.5625,90,0.75,2.0,1.0
030_R110,30,R,4,5,OPTIMAL,9.88,4,0,0,0,4,0.0,0.0,0.0,9.88,90,0.75,2.0,1.0
030_R110,30,R,4,6,OPTIMAL,93.882,4,1,0,1,3,0.25,53.8458,0.0,40.0362,90,0.75,2.0,1.0
030_R110,30,R,4,7,OPTIMAL,60.4446,4,1,0,1,3,0.25,54.4602,0.0,5.9844,90,0.75,2.0,1.0
030_R110,30,R,4,8,OPTIMAL,73.3266,4,0,0,0,4,0.0,0.0,0.0,73.3266,90,0.75,2.0,1.0
030_R110,30,R,4,9,OPTIMAL,51.1071,4,0,0,0,4,0.0,0.0,0.0,51.1071,90,0.75,2.0,1.0
030_R110,30,R,6,0,OPTIMAL,133.6702,6,2,1,1,4,0.3333,119.8768,0.0,13.7934,90,0.75,2.0,1.0
030_R110,30,R,6,1,OPTIMAL,76.1036,6,1,0,1,5,0.1667,55.3267,0.0,20.7769,90,0.75,2.0,1.0
030_R110,30,R,6,2,OPTIMAL,85.6149,6,1,0,1,5,0.1667,50.8125,0.0,34.8024,90,0.75,2.0,1.0
030_R110,30,R,6,3,OPTIMAL,293.1526,6,4,2,2,2,0.6667,255.0228,0.0,38.1298,90,0.75,2.0,1.0
030_R110,30,R,6,4,OPTIMAL,61.3656,6,1,0,1,5,0.1667,53.9774,0.0,7.3882,90,0.75,2.0,1.0
030_R110,30,R,6,5,OPTIMAL,168.7122,6,2,1,1,4,0.3333,125.7777,0.0,42.9345,90,0.75,2.0,1.0
030_R110,30,R,6,6,OPTIMAL,157.7806,6,1,1,0,5,0.1667,63.3134,0.0,94.4672,90,0.75,2.0,1.0
030_R110,30,R,6,7,OPTIMAL,75.3542,6,1,1,0,5,0.1667,63.8226,0.0,11.5316,90,0.75,2.0,1.0
030_R110,30,R,6,8,OPTIMAL,74.5769,6,1,1,0,5,0.1667,67.6061,0.0,6.9708,90,0.75,2.0,1.0
030_R110,30,R,6,9,OPTIMAL,207.9633,6,3,1,2,3,0.5,175.7229,0.0,32.2405,90,0.75,2.0,1.0
030_R111,30,R,2,0,OPTIMAL,61.6152,2,1,0,1,1,0.5,61.3886,0.0,0.2265,90,0.75,2.0,1.0
030_R111,30,R,2,1,OPTIMAL,0.1323,2,0,0,0,2,0.0,0.0,0.0,0.1323,90,0.75,2.0,1.0
030_R111,30,R,2,2,OPTIMAL,79.9139,2,1,0,1,1,0.5,44.5902,0.0,35.3237,90,0.75,2.0,1.0
030_R111,30,R,2,3,OPTIMAL,68.9158,2,1,1,0,1,0.5,68.8241,0.0,0.0917,90,0.75,2.0,1.0
030_R111,30,R,2,4,OPTIMAL,86.5583,2,1,0,1,1,0.5,44.6144,0.0,41.944,90,0.75,2.0,1.0
030_R111,30,R,2,5,OPTIMAL,120.8423,2,2,0,2,0,1.0,120.8423,0.0,0.0,90,0.75,2.0,1.0
030_R111,30,R,2,6,OPTIMAL,48.1265,2,1,0,1,1,0.5,45.1405,0.0,2.9859,90,0.75,2.0,1.0
030_R111,30,R,2,7,OPTIMAL,41.1421,2,0,0,0,2,0.0,0.0,0.0,41.1421,90,0.75,2.0,1.0
030_R111,30,R,2,8,OPTIMAL,39.6379,2,1,0,1,1,0.5,38.2886,0.0,1.3493,90,0.75,2.0,1.0
030_R111,30,R,2,9,OPTIMAL,64.8929,2,1,0,1,1,0.5,63.6017,0.0,1.2913,90,0.75,2.0,1.0
030_R111,30,R,4,0,OPTIMAL,104.0558,4,1,0,1,3,0.25,50.6865,0.0,53.3694,90,0.75,2.0,1.0
030_R111,30,R,4,1,OPTIMAL,73.7775,4,1,1,0,3,0.25,68.8677,0.0,4.9098,90,0.75,2.0,1.0
030_R111,30,R,4,2,OPTIMAL,102.1884,4,0,0,0,4,0.0,0.0,0.0,102.1884,90,0.75,2.0,1.0
030_R111,30,R,4,3,OPTIMAL,61.5354,4,1,0,1,3,0.25,55.8261,0.0,5.7093,90,0.75,2.0,1.0
030_R111,30,R,4,4,OPTIMAL,117.8789,4,2,0,2,2,0.5,115.2807,0.0,2.5982,90,0.75,2.0,1.0
030_R111,30,R,4,5,OPTIMAL,84.9966,4,1,0,1,3,0.25,47.3089,0.0,37.6876,90,0.75,2.0,1.0
030_R111,30,R,4,6,OPTIMAL,128.132,4,1,0,1,3,0.25,53.6199,0.0,74.512,90,0.75,2.0,1.0
030_R111,30,R,4,7,OPTIMAL,49.0727,4,0,0,0,4,0.0,0.0,0.0,49.0727,90,0.75,2.0,1.0
030_R111,30,R,4,8,OPTIMAL,81.623,4,0,0,0,4,0.0,0.0,0.0,81.623,90,0.75,2.0,1.0
030_R111,30,R,4,9,OPTIMAL,132.1722,4,2,0,2,2,0.5,91.0789,0.0,41.0934,90,0.75,2.0,1.0
030_R111,30,R,6,0,OPTIMAL,153.4146,6,2,0,2,4,0.3333,102.8967,0.0,50.518,90,0.75,2.0,1.0
030_R111,30,R,6,1,OPTIMAL,64.4617,6,1,0,1,5,0.1667,54.3404,0.0,10.1213,90,0.75,2.0,1.0
030_R111,30,R,6,2,OPTIMAL,104.6418,6,1,0,1,5,0.1667,43.1804,0.0,61.4614,90,0.75,2.0,1.0
030_R111,30,R,6,3,OPTIMAL,339.5873,6,5,1,4,1,0.8333,301.7892,0.0,37.7981,90,0.75,2.0,1.0
030_R111,30,R,6,4,OPTIMAL,45.1052,6,0,0,0,6,0.0,0.0,0.0,45.1052,90,0.75,2.0,1.0
030_R111,30,R,6,5,OPTIMAL,191.7203,6,2,1,1,4,0.3333,113.4503,0.0,78.27,90,0.75,2.0,1.0
030_R111,30,R,6,6,OPTIMAL,231.175,6,3,0,3,3,0.5,158.966,0.0,72.209,90,0.75,2.0,1.0
030_R111,30,R,6,7,OPTIMAL,134.9987,6,1,0,1,5,0.1667,51.5264,0.0,83.4723,90,0.75,2.0,1.0
030_R111,30,R,6,8,OPTIMAL,122.8091,6,2,1,1,4,0.3333,119.9868,0.0,2.8223,90,0.75,2.0,1.0
030_R111,30,R,6,9,OPTIMAL,218.688,6,3,1,2,3,0.5,178.1449,0.0,40.5431,90,0.75,2.0,1.0
030_R201,30,R,2,0,OPTIMAL,76.046,2,2,2,0,0,1.0,76.046,0.0,0.0,90,0.75,2.0,1.0
030_R201,30,R,2,1,OPTIMAL,27.5669,2,0,0,0,2,0.0,0.0,0.0,27.5669,90,0.75,2.0,1.0
030_R201,30,R,2,2,OPTIMAL,44.7841,2,1,1,0,1,0.5,44.5902,0.0,0.1939,90,0.75,2.0,1.0
030_R201,30,R,2,3,OPTIMAL,73.5421,2,1,0,1,1,0.5,24.1675,0.0,49.3746,90,0.75,2.0,1.0
030_R201,30,R,2,4,OPTIMAL,97.8549,2,2,2,0,0,1.0,97.8549,0.0,0.0,90,0.75,2.0,1.0
030_R201,30,R,2,5,OPTIMAL,120.8423,2,2,2,0,0,1.0,120.8423,0.0,0.0,90,0.75,2.0,1.0
030_R201,30,R,2,6,OPTIMAL,14.0058,2,0,0,0,2,0.0,0.0,0.0,14.0058,90,0.75,2.0,1.0
030_R201,30,R,2,7,OPTIMAL,64.4012,2,1,1,0,1,0.5,64.2162,0.0,0.185,90,0.75,2.0,1.0
030_R201,30,R,2,8,OPTIMAL,48.5716,2,1,1,0,1,0.5,38.2886,0.0,10.283,90,0.75,2.0,1.0
030_R201,30,R,2,9,OPTIMAL,107.9108,2,2,2,0,0,1.0,107.9108,0.0,0.0,90,0.75,2.0,1.0
030_R201,30,R,4,0,OPTIMAL,125.1352,4,2,2,0,2,0.5,90.8333,0.0,34.3019,90,0.75,2.0,1.0
030_R201,30,R,4,1,OPTIMAL,170.7645,4,3,3,0,1,0.75,163.5187,0.0,7.2458,90,0.75,2.0,1.0
030_R201,30,R,4,2,OPTIMAL,106.8946,4,2,1,1,2,0.5,71.2759,0.0,35.6187,90,0.75,2.0,1.0
030_R201,30,R,4,3,OPTIMAL,109.7789,4,2,1,1,2,0.5,65.5303,0.0,44.2486,90,0.75,2.0,1.0
030_R201,30,R,4,4,OPTIMAL,120.3487,4,2,2,0,2,0.5,84.3582,0.0,35.9905,90,0.75,2.0,1.0
030_R201,30,R,4,5,OPTIMAL,140.372,4,3,1,2,1,0.75,136.7948,0.0,3.5772,90,0.75,2.0,1.0
030_R201,30,R,4,6,OPTIMAL,202.4941,4,2,2,0,2,0.5,115.335,0.0,87.1591,90,0.75,2.0,1.0
030_R201,30,R,4,7,OPTIMAL,160.7548,4,3,2,1,1,0.75,147.6629,0.0,13.0918,90,0.75,2.0,1.0
030_R201,30,R,4,8,OPTIMAL,130.152,4,2,1,1,2,0.5,77.655,0.0,52.497,90,0.75,2.0,1.0
030_R201,30,R,4,9,OPTIMAL,67.2024,4,1,1,0,3,0.25,54.0647,0.0,13.1377,90,0.75,2.0,1.0
030_R201,30,R,6,0,OPTIMAL,216.2684,6,3,3,0,3,0.5,168.0828,0.0,48.1856,90,0.75,2.0,1.0
030_R201,30,R,6,1,OPTIMAL,150.439,6,3,2,1,3,0.5,134.7561,0.0,15.6829,90,0.75,2.0,1.0
030_R201,30,R,6,2,OPTIMAL,128.5277,6,2,1,1,4,0.3333,90.839,0.0,37.6887,90,0.75,2.0,1.0
030_R201,30,R,6,3,OPTIMAL,315.5233,6,5,5,0,1,0.8333,285.7759,0.0,29.7474,90,0.75,2.0,1.0
030_R201,30,R,6,4,OPTIMAL,144.7241,6,3,2,1,3,0.5,114.4023,0.0,30.3218,90,0.75,2.0,1.0
030_R201,30,R,6,5,OPTIMAL,168.1543,6,3,3,0,3,0.5,118.4334,0.0,49.721,90,0.75,2.0,1.0
030_R201,30,R,6,6,OPTIMAL,286.3796,6,5,4,1,1,0.8333,250.1328,0.0,36.2469,90,0.75,2.0,1.0
030_R201,30,R,6,7,OPTIMAL,227.7119,6,5,3,2,1,0.8333,225.0479,0.0,2.664,90,0.75,2.0,1.0
030_R201,30,R,6,8,OPTIMAL,184.16,6,2,1,1,4,0.3333,111.3149,0.0,72.8452,90,0.75,2.0,1.0
030_R201,30,R,6,9,OPTIMAL,214.9779,6,4,4,0,2,0.6667,169.3414,0.0,45.6365,90,0.75,2.0,1.0
030_R205,30,R,2,0,OPTIMAL,57.5515,2,0,0,0,2,0.0,0.0,0.0,57.5515,90,0.75,2.0,1.0
030_R205,30,R,2,1,OPTIMAL,4.5169,2,0,0,0,2,0.0,0.0,0.0,4.5169,90,0.75,2.0,1.0
030_R205,30,R,2,2,OPTIMAL,83.1852,2,1,1,0,1,0.5,45.4651,0.0,37.7201,90,0.75,2.0,1.0
030_R205,30,R,2,3,OPTIMAL,70.9155,2,1,1,0,1,0.5,68.8241,0.0,2.0914,90,0.75,2.0,1.0
030_R205,30,R,2,4,OPTIMAL,97.8549,2,2,2,0,0,1.0,97.8549,0.0,0.0,90,0.75,2.0,1.0
030_R205,30,R,2,5,OPTIMAL,120.8423,2,2,2,0,0,1.0,120.8423,0.0,0.0,90,0.75,2.0,1.0
030_R205,30,R,2,6,OPTIMAL,48.2878,2,1,1,0,1,0.5,27.3836,0.0,20.9042,90,0.75,2.0,1.0
030_R205,30,R,2,7,OPTIMAL,76.9011,2,2,1,1,0,1.0,76.9011,0.0,0.0,90,0.75,2.0,1.0
030_R205,30,R,2,8,OPTIMAL,49.7018,2,1,1,0,1,0.5,16.1745,0.0,33.5273,90,0.75,2.0,1.0
030_R205,30,R,2,9,OPTIMAL,107.9108,2,2,2,0,0,1.0,107.9108,0.0,0.0,90,0.75,2.0,1.0
030_R205,30,R,4,0,OPTIMAL,194.6275,4,4,3,1,0,1.0,194.6275,0.0,0.0,90,0.75,2.0,1.0
030_R205,30,R,4,1,OPTIMAL,184.2918,4,3,1,2,1,0.75,153.4915,0.0,30.8003,90,0.75,2.0,1.0
030_R205,30,R,4,2,OPTIMAL,164.8804,4,4,3,1,0,1.0,164.8804,0.0,0.0,90,0.75,2.0,1.0
030_R205,30,R,4,3,OPTIMAL,103.375,4,1,1,0,3,0.25,54.7973,0.0,48.5777,90,0.75,2.0,1.0
030_R205,30,R,4,4,OPTIMAL,118.1205,4,2,2,0,2,0.5,116.1946,0.0,1.926,90,0.75,2.0,1.0
030_R205,30,R,4,5,OPTIMAL,137.035,4,2,2,0,2,0.5,94.9306,0.0,42.1044,90,0.75,2.0,1.0
030_R205,30,R,4,6,OPTIMAL,201.0239,4,3,3,0,1,0.75,157.8426,0.0,43.1812,90,0.75,2.0,1.0
030_R205,30,R,4,7,OPTIMAL,180.336,4,4,3,1,0,1.0,180.336,0.0,0.0,90,0.75,2.0,1.0
030_R205,30,R,4,8,OPTIMAL,115.8594,4,2,1,1,2,0.5,114.4782,0.0,1.3812,90,0.75,2.0,1.0
030_R205,30,R,4,9,OPTIMAL,157.3732,4,3,1,2,1,0.75,142.8308,0.0,14.5424,90,0.75,2.0,1.0
030_R205,30,R,6,0,OPTIMAL,267.7774,6,6,4,2,0,1.0,267.7774,0.0,0.0,90,0.75,2.0,1.0
030_R205,30,R,6,1,OPTIMAL,157.6134,6,3,2,1,3,0.5,127.3655,0.0,30.2479,90,0.75,2.0,1.0
030_R205,30,R,6,2,OPTIMAL,177.6833,6,2,1,1,4,0.3333,95.5346,0.0,82.1487,90,0.75,2.0,1.0
030_R205,30,R,6,3,OPTIMAL,353.5547,6,6,5,1,0,1.0,353.5547,0.0,0.0,90,0.75,2.0,1.0
030_R205,30,R,6,4,OPTIMAL,184.2975,6,4,2,2,2,0.6667,160.362,0.0,23.9355,90,0.75,2.0,1.0
030_R205,30,R,6,5,OPTIMAL,234.0425,6,4,3,1,2,0.6667,208.0486,0.0,25.9939,90,0.75,2.0,1.0
030_R205,30,R,6,6,OPTIMAL,284.9643,6,5,4,1,1,0.8333,270.3524,0.0,14.6119,90,0.75,2.0,1.0
030_R205,30,R,6,7,OPTIMAL,152.6086,6,3,1,2,3,0.5,131.4576,0.0,21.151,90,0.75,2.0,1.0
030_R205,30,R,6,8,OPTIMAL,174.57,6,3,3,0,3,0.5,137.5755,0.0,36.9945,90,0.75,2.0,1.0
030_R205,30,R,6,9,OPTIMAL,169.9392,6,2,2,0,4,0.3333,116.4436,0.0,53.4956,90,0.75,2.0,1.0
030_R209,30,R,2,0,OPTIMAL,74.8303,2,1,1,0,1,0.5,61.3886,0.0,13.4416,90,0.75,2.0,1.0
030_R209,30,R,2,1,OPTIMAL,4.5338,2,0,0,0,2,0.0,0.0,0.0,4.5338,90,0.75,2.0,1.0
030_R209,30,R,2,2,OPTIMAL,90.0553,2,2,2,0,0,1.0,90.0553,0.0,0.0,90,0.75,2.0,1.0
030_R209,30,R,2,3,OPTIMAL,92.9916,2,2,2,0,0,1.0,92.9916,0.0,0.0,90,0.75,2.0,1.0
030_R209,30,R,2,4,OPTIMAL,97.8549,2,2,1,1,0,1.0,97.8549,0.0,0.0,90,0.75,2.0,1.0
030_R209,30,R,2,5,OPTIMAL,120.8423,2,2,2,0,0,1.0,120.8423,0.0,0.0,90,0.75,2.0,1.0
030_R209,30,R,2,6,OPTIMAL,37.7917,2,1,1,0,1,0.5,27.3836,0.0,10.4081,90,0.75,2.0,1.0
030_R209,30,R,2,7,OPTIMAL,64.2763,2,1,1,0,1,0.5,64.2162,0.0,0.0602,90,0.75,2.0,1.0
030_R209,30,R,2,8,OPTIMAL,31.2423,2,0,0,0,2,0.0,0.0,0.0,31.2423,90,0.75,2.0,1.0
030_R209,30,R,2,9,OPTIMAL,107.9108,2,2,2,0,0,1.0,107.9108,0.0,0.0,90,0.75,2.0,1.0
030_R209,30,R,4,0,OPTIMAL,154.4808,4,3,2,1,1,0.75,154.4807,0.0,0.0,90,0.75,2.0,1.0
030_R209,30,R,4,1,OPTIMAL,153.1303,4,1,0,1,3,0.25,29.5061,0.0,123.6241,90,0.75,2.0,1.0
030_R209,30,R,4,2,OPTIMAL,149.9049,4,3,3,0,1,0.75,115.3002,0.0,34.6047,90,0.75,2.0,1.0
030_R209,30,R,4,3,OPTIMAL,143.2532,4,3,2,1,1,0.75,138.1222,0.0,5.131,90,0.75,2.0,1.0
030_R209,30,R,4,4,OPTIMAL,118.1205,4,2,2,0,2,0.5,116.1946,0.0,1.926,90,0.75,2.0,1.0
030_R209,30,R,4,5,OPTIMAL,184.1037,4,4,3,1,0,1.0,184.1037,0.0,0.0,90,0.75,2.0,1.0
030_R209,30,R,4,6,OPTIMAL,197.5498,4,3,0,3,1,0.75,165.9378,0.0,31.612,90,0.75,2.0,1.0
030_R209,30,R,4,7,OPTIMAL,163.7542,4,3,3,0,1,0.75,131.5899,0.0,32.1643,90,0.75,2.0,1.0
030_R209,30,R,4,8,OPTIMAL,144.8845,4,3,3,0,1,0.75,143.7388,0.0,1.1456,90,0.75,2.0,1.0
030_R209,30,R,4,9,OPTIMAL,101.384,4,2,1,1,2,0.5,85.636,0.0,15.7481,90,0.75,2.0,1.0
030_R209,30,R,6,0,OPTIMAL,252.7457,6,5,3,2,1,0.8333,226.5351,0.0,26.2106,90,0.75,2.0,1.0
030_R209,30,R,6,1,OPTIMAL,189.9955,6,4,2,2,2,0.6667,155.3726,0.0,34.6229,90,0.75,2.0,1.0
030_R209,30,R,6,2,OPTIMAL,218.8008,6,5,4,1,1,0.8333,201.3703,0.0,17.4305,90,0.75,2.0,1.0
030_R209,30,R,6,3,OPTIMAL,251.1214,6,3,3,0,3,0.5,189.971,0.0,61.1504,90,0.75,2.0,1.0
030_R209,30,R,6,4,OPTIMAL,185.8341,6,5,3,2,1,0.8333,181.2549,0.0,4.5792,90,0.75,2.0,1.0
030_R209,30,R,6,5,OPTIMAL,225.0666,6,4,4,0,2,0.6667,200.6333,0.0,24.4333,90,0.75,2.0,1.0
030_R209,30,R,6,6,OPTIMAL,192.5501,6,2,2,0,4,0.3333,104.9068,0.0,87.6433,90,0.75,2.0,1.0
030_R209,30,R,6,7,OPTIMAL,199.4103,6,4,1,3,2,0.6667,182.984,0.0,16.4263,90,0.75,2.0,1.0
030_R209,30,R,6,8,OPTIMAL,207.5537,6,4,2,2,2,0.6667,143.411,0.0,64.1427,90,0.75,2.0,1.0
030_R209,30,R,6,9,OPTIMAL,220.3909,6,3,3,0,3,0.5,169.828,0.0,50.5628,90,0.75,2.0,1.0
030_RC101,30,RC,2,0,OPTIMAL,52.3229,2,1,1,0,1,0.5,48.9996,0.0,3.3232,90,0.75,2.0,1.0
030_RC101,30,RC,2,1,OPTIMAL,73.0365,2,1,1,0,1,0.5,66.0884,0.0,6.9482,90,0.75,2.0,1.0
030_RC101,30,RC,2,2,OPTIMAL,139.2037,2,2,2,0,0,1.0,139.2037,0.0,0.0,90,0.75,2.0,1.0
030_RC101,30,RC,2,3,OPTIMAL,66.1651,2,0,0,0,2,0.0,0.0,7.3173,58.8478,90,0.75,2.0,1.0
030_RC101,30,RC,2,4,OPTIMAL,27.4932,2,0,0,0,2,0.0,0.0,0.0,27.4932,90,0.75,2.0,1.0
030_RC101,30,RC,2,5,OPTIMAL,132.9096,2,2,2,0,0,1.0,132.9096,0.0,0.0,90,0.75,2.0,1.0
030_RC101,30,RC,2,6,OPTIMAL,7.8139,2,0,0,0,2,0.0,0.0,0.0,7.8139,90,0.75,2.0,1.0
030_RC101,30,RC,2,7,OPTIMAL,125.9832,2,2,2,0,0,1.0,125.9832,0.0,0.0,90,0.75,2.0,1.0
030_RC101,30,RC,2,8,OPTIMAL,22.1001,2,0,0,0,2,0.0,0.0,0.0,22.1001,90,0.75,2.0,1.0
030_RC101,30,RC,2,9,OPTIMAL,11.6535,2,0,0,0,2,0.0,0.0,0.0,11.6535,90,0.75,2.0,1.0
030_RC101,30,RC,4,0,OPTIMAL,196.6188,4,3,3,0,1,0.75,192.5708,0.0,4.048,90,0.75,2.0,1.0
030_RC101,30,RC,4,1,OPTIMAL,163.021,4,2,2,0,2,0.5,141.2199,0.0,21.8011,90,0.75,2.0,1.0
030_RC101,30,RC,4,2,OPTIMAL,145.9958,4,2,1,1,2,0.5,107.5633,2.0777,36.3547,90,0.75,2.0,1.0
030_RC101,30,RC,4,3,OPTIMAL,240.0192,4,3,3,0,1,0.75,234.5402,0.0,5.479,90,0.75,2.0,1.0
030_RC101,30,RC,4,4,OPTIMAL,190.7954,4,3,3,0,1,0.75,190.6648,0.0,0.1305,90,0.75,2.0,1.0
030_RC101,30,RC,4,5,OPTIMAL,146.7414,4,2,2,0,2,0.5,121.6171,0.0,25.1243,90,0.75,2.0,1.0
030_RC101,30,RC,4,6,OPTIMAL,130.8483,4,1,1,0,3,0.25,81.1028,0.0,49.7455,90,0.75,2.0,1.0
030_RC101,30,RC,4,7,OPTIMAL,174.8455,4,2,2,0,2,0.5,151.2187,0.0,23.6268,90,0.75,2.0,1.0
030_RC101,30,RC,4,8,OPTIMAL,98.9093,4,1,1,0,3,0.25,70.3855,0.0,28.5238,90,0.75,2.0,1.0
030_RC101,30,RC,4,9,OPTIMAL,62.3957,4,0,0,0,4,0.0,0.0,8.0609,54.3349,90,0.75,2.0,1.0
030_RC101,30,RC,6,0,OPTIMAL,212.8809,6,3,3,0,3,0.5,199.6313,0.0,13.2495,90,0.75,2.0,1.0
030_RC101,30,RC,6,1,OPTIMAL,319.7561,6,4,4,0,2,0.6667,274.2337,0.0,45.5225,90,0.75,2.0,1.0
030_RC101,30,RC,6,2,OPTIMAL,231.0969,6,3,3,0,3,0.5,199.0248,0.0,32.0721,90,0.75,2.0,1.0
030_RC101,30,RC,6,3,OPTIMAL,246.7135,6,3,3,0,3,0.5,217.4281,0.0,29.2854,90,0.75,2.0,1.0
030_RC101,30,RC,6,4,OPTIMAL,217.0762,6,3,1,2,3,0.5,162.4585,0.0,54.6177,90,0.75,2.0,1.0
030_RC101,30,RC,6,5,OPTIMAL,259.4302,6,3,3,0,3,0.5,223.8078,0.0,35.6224,90,0.75,2.0,1.0
030_RC101,30,RC,6,6,OPTIMAL,143.2394,6,2,2,0,4,0.3333,122.8119,0.0,20.4275,90,0.75,2.0,1.0
030_RC101,30,RC,6,7,OPTIMAL,211.0008,6,3,2,1,3,0.5,186.2048,0.0,24.796,90,0.75,2.0,1.0
030_RC101,30,RC,6,8,OPTIMAL,156.795,6,2,0,2,4,0.3333,111.3123,0.0,45.4827,90,0.75,2.0,1.0
030_RC101,30,RC,6,9,OPTIMAL,250.4243,6,3,3,0,3,0.5,214.3581,0.0,36.0662,90,0.75,2.0,1.0
030_RC102,30,RC,2,0,OPTIMAL,49.2728,2,1,1,0,1,0.5,48.9996,0.0,0.2731,90,0.75,2.0,1.0
030_RC102,30,RC,2,1,OPTIMAL,116.7944,2,2,2,0,0,1.0,116.7944,0.0,0.0,90,0.75,2.0,1.0
030_RC102,30,RC,2,2,OPTIMAL,139.2037,2,2,2,0,0,1.0,139.2037,0.0,0.0,90,0.75,2.0,1.0
030_RC102,30,RC,2,3,OPTIMAL,67.3907,2,1,1,0,1,0.5,63.7715,0.0,3.6192,90,0.75,2.0,1.0
030_RC102,30,RC,2,4,OPTIMAL,58.5552,2,1,1,0,1,0.5,58.009,0.0,0.5462,90,0.75,2.0,1.0
030_RC102,30,RC,2,5,OPTIMAL,132.9096,2,2,2,0,0,1.0,132.9096,0.0,0.0,90,0.75,2.0,1.0
030_RC102,30,RC,2,6,OPTIMAL,6.5794,2,0,0,0,2,0.0,0.0,0.0,6.5794,90,0.75,2.0,1.0
030_RC102,30,RC,2,7,OPTIMAL,125.9832,2,2,2,0,0,1.0,125.9832,0.0,0.0,90,0.75,2.0,1.0
030_RC102,30,RC,2,8,OPTIMAL,12.6569,2,0,0,0,2,0.0,0.0,0.0,12.6569,90,0.75,2.0,1.0
030_RC102,30,RC,2,9,OPTIMAL,9.4504,2,0,0,0,2,0.0,0.0,0.0,9.4504,90,0.75,2.0,1.0
030_RC102,30,RC,4,0,OPTIMAL,145.2607,4,2,2,0,2,0.5,140.9839,0.0,4.2768,90,0.75,2.0,1.0
030_RC102,30,RC,4,1,OPTIMAL,207.9886,4,3,3,0,1,0.75,200.7502,0.0,7.2384,90,0.75,2.0,1.0
030_RC102,30,RC,4,2,OPTIMAL,222.6138,4,4,4,0,0,1.0,222.6138,0.0,0.0,90,0.75,2.0,1.0
030_RC102,30,RC,4,3,OPTIMAL,283.2469,4,4,4,0,0,1.0,283.2469,0.0,0.0,90,0.75,2.0,1.0
030_RC102,30,RC,4,4,OPTIMAL,190.7954,4,3,3,0,1,0.75,190.6648,0.0,0.1305,90,0.75,2.0,1.0
030_RC102,30,RC,4,5,OPTIMAL,130.1701,4,2,2,0,2,0.5,124.8727,0.0,5.2974,90,0.75,2.0,1.0
030_RC102,30,RC,4,6,OPTIMAL,150.7654,4,2,2,0,2,0.5,145.0749,0.0,5.6905,90,0.75,2.0,1.0
030_RC102,30,RC,4,7,OPTIMAL,177.1686,4,2,2,0,2,0.5,151.2187,0.0,25.9499,90,0.75,2.0,1.0
030_RC102,30,RC,4,8,OPTIMAL,130.9914,4,2,1,1,2,0.5,120.7619,0.0,10.2295,90,0.75,2.0,1.0
030_RC102,30,RC,4,9,OPTIMAL,111.0855,4,2,2,0,2,0.5,110.6674,0.0,0.4181,90,0.75,2.0,1.0
030_RC102,30,RC,6,0,OPTIMAL,252.8542,6,4,4,0,2,0.6667,247.6785,0.0,5.1757,90,0.75,2.0,1.0
030_RC102,30,RC,6,1,OPTIMAL,308.0306,6,4,4,0,2,0.6667,274.5023,0.0,33.5283,90,0.75,2.0,1.0
030_RC102,30,RC,6,2,OPTIMAL,260.9703,6,4,4,0,2,0.6667,256.3216,0.0,4.6487,90,0.75,2.0,1.0
030_RC102,30,RC,6,3,OPTIMAL,290.14,6,4,4,0,2,0.6667,275.343,0.0,14.797,90,0.75,2.0,1.0
030_RC102,30,RC,6,4,OPTIMAL,134.328,6,2,2,0,4,0.3333,121.756,0.0,12.572,90,0.75,2.0,1.0
030_RC102,30,RC,6,5,OPTIMAL,287.5345,6,4,4,0,2,0.6667,278.118,0.0,9.4166,90,0.75,2.0,1.0
030_RC102,30,RC,6,6,OPTIMAL,145.0672,6,2,2,0,4,0.3333,125.4318,0.0,19.6353,90,0.75,2.0,1.0
030_RC102,30,RC,6,7,OPTIMAL,157.239,6,2,2,0,4,0.3333,125.5599,0.0,31.6791,90,0.75,2.0,1.0
030_RC102,30,RC,6,8,OPTIMAL,135.7085,6,2,2,0,4,0.3333,110.9732,0.0,24.7353,90,0.75,2.0,1.0
030_RC102,30,RC,6,9,OPTIMAL,224.8098,6,3,3,0,3,0.5,214.3581,0.0,10.4517,90,0.75,2.0,1.0
030_RC105,30,RC,2,0,OPTIMAL,53.5744,2,1,1,0,1,0.5,48.9996,0.0,4.5748,90,0.75,2.0,1.0
030_RC105,30,RC,2,1,OPTIMAL,69.477,2,1,1,0,1,0.5,66.0884,0.0,3.3886,90,0.75,2.0,1.0
030_RC105,30,RC,2,2,OPTIMAL,139.2037,2,2,2,0,0,1.0,139.2037,0.0,0.0,90,0.75,2.0,1.0
030_RC105,30,RC,2,3,OPTIMAL,29.1131,2,0,0,0,2,0.0,0.0,0.0,29.1131,90,0.75,2.0,1.0
030_RC105,30,RC,2,4,OPTIMAL,11.2636,2,0,0,0,2,0.0,0.0,0.0,11.2636,90,0.75,2.0,1.0
030_RC105,30,RC,2,5,OPTIMAL,132.9096,2,2,2,0,0,1.0,132.9096,0.0,0.0,90,0.75,2.0,1.0
030_RC105,30,RC,2,6,OPTIMAL,10.5216,2,0,0,0,2,0.0,0.0,0.0,10.5216,90,0.75,2.0,1.0
030_RC105,30,RC,2,7,OPTIMAL,125.9832,2,2,2,0,0,1.0,125.9832,0.0,0.0,90,0.75,2.0,1.0
030_RC105,30,RC,2,8,OPTIMAL,14.3771,2,0,0,0,2,0.0,0.0,0.0,14.3771,90,0.75,2.0,1.0
030_RC105,30,RC,2,9,OPTIMAL,15.2574,2,0,0,0,2,0.0,0.0,0.0,15.2574,90,0.75,2.0,1.0
030_RC105,30,RC,4,0,OPTIMAL,194.289,4,3,3,0,1,0.75,192.5708,0.0,1.7182,90,0.75,2.0,1.0
030_RC105,30,RC,4,1,OPTIMAL,187.8585,4,2,2,0,2,0.5,141.2199,17.9713,28.6672,90,0.75,2.0,1.0
030_RC105,30,RC,4,2,OPTIMAL,85.549,4,1,1,0,3,0.25,56.5198,0.0,29.0292,90,0.75,2.0,1.0
030_RC105,30,RC,4,3,OPTIMAL,237.5677,4,3,3,0,1,0.75,234.5402,0.0,3.0274,90,0.75,2.0,1.0
030_RC105,30,RC,4,4,OPTIMAL,190.8606,4,3,3,0,1,0.75,190.6648,0.0,0.1958,90,0.75,2.0,1.0
030_RC105,30,RC,4,5,OPTIMAL,174.902,4,2,2,0,2,0.5,121.6171,21.2945,31.9904,90,0.75,2.0,1.0
030_RC105,30,RC,4,6,OPTIMAL,130.6586,4,1,1,0,3,0.25,81.1028,17.1757,32.3801,90,0.75,2.0,1.0
030_RC105,30,RC,4,7,OPTIMAL,185.2476,4,2,2,0,2,0.5,151.2187,5.1223,28.9066,90,0.75,2.0,1.0
030_RC105,30,RC,4,8,OPTIMAL,97.3438,4,1,1,0,3,0.25,70.3855,8.1278,18.8306,90,0.75,2.0,1.0
030_RC105,30,RC,4,9,OPTIMAL,36.8975,4,0,0,0,4,0.0,0.0,0.0,36.8975,90,0.75,2.0,1.0
030_RC105,30,RC,6,0,OPTIMAL,212.6238,6,3,3,0,3,0.5,199.6313,0.0,12.9925,90,0.75,2.0,1.0
030_RC105,30,RC,6,1,OPTIMAL,262.991,6,3,3,0,3,0.5,214.021,0.0,48.97,90,0.75,2.0,1.0
030_RC105,30,RC,6,2,OPTIMAL,223.1909,6,3,3,0,3,0.5,199.0248,0.0,24.1661,90,0.75,2.0,1.0
030_RC105,30,RC,6,3,OPTIMAL,241.5054,6,3,3,0,3,0.5,217.4281,0.1083,23.9689,90,0.75,2.0,1.0
030_RC105,30,RC,6,4,OPTIMAL,101.2566,6,1,1,0,5,0.1667,50.6454,0.0,50.6112,90,0.75,2.0,1.0
030_RC105,30,RC,6,5,OPTIMAL,259.1968,6,3,3,0,3,0.5,223.8078,6.6642,28.7248,90,0.75,2.0,1.0
030_RC105,30,RC,6,6,OPTIMAL,145.3348,6,2,2,0,4,0.3333,122.8119,0.8225,21.7004,90,0.75,2.0,1.0
030_RC105,30,RC,6,7,OPTIMAL,213.4135,6,3,2,1,3,0.5,186.2048,0.3477,26.861,90,0.75,2.0,1.0
030_RC105,30,RC,6,8,OPTIMAL,131.5355,6,1,1,0,5,0.1667,60.1024,19.4357,51.9973,90,0.75,2.0,1.0
030_RC105,30,RC,6,9,OPTIMAL,262.3898,6,3,3,0,3,0.5,214.3581,9.4338,38.598,90,0.75,2.0,1.0
030_RC106,30,RC,2,0,OPTIMAL,52.0495,2,1,1,0,1,0.5,48.9996,0.0,3.0498,90,0.75,2.0,1.0
030_RC106,30,RC,2,1,OPTIMAL,67.4608,2,1,1,0,1,0.5,66.0884,0.0,1.3724,90,0.75,2.0,1.0
030_RC106,30,RC,2,2,OPTIMAL,139.2037,2,2,2,0,0,1.0,139.2037,0.0,0.0,90,0.75,2.0,1.0
030_RC106,30,RC,2,3,OPTIMAL,51.8792,2,0,0,0,2,0.0,0.0,0.0,51.8792,90,0.75,2.0,1.0
030_RC106,30,RC,2,4,OPTIMAL,9.4088,2,0,0,0,2,0.0,0.0,0.0,9.4088,90,0.75,2.0,1.0
030_RC106,30,RC,2,5,OPTIMAL,132.9096,2,2,2,0,0,1.0,132.9096,0.0,0.0,90,0.75,2.0,1.0
030_RC106,30,RC,2,6,OPTIMAL,4.3539,2,0,0,0,2,0.0,0.0,0.0,4.3539,90,0.75,2.0,1.0
030_RC106,30,RC,2,7,OPTIMAL,125.9832,2,2,2,0,0,1.0,125.9832,0.0,0.0,90,0.75,2.0,1.0
030_RC106,30,RC,2,8,OPTIMAL,13.6561,2,0,0,0,2,0.0,0.0,0.0,13.6561,90,0.75,2.0,1.0
030_RC106,30,RC,2,9,OPTIMAL,7.2846,2,0,0,0,2,0.0,0.0,0.0,7.2846,90,0.75,2.0,1.0
030_RC106,30,RC,4,0,OPTIMAL,194.2964,4,3,3,0,1,0.75,192.5708,0.0,1.7256,90,0.75,2.0,1.0
030_RC106,30,RC,4,1,OPTIMAL,200.7502,4,3,3,0,1,0.75,200.7502,0.0,0.0,90,0.75,2.0,1.0
030_RC106,30,RC,4,2,OPTIMAL,88.0303,4,1,1,0,3,0.25,56.5198,0.0,31.5106,90,0.75,2.0,1.0
030_RC106,30,RC,4,3,OPTIMAL,239.1602,4,3,3,0,1,0.75,234.5402,0.0,4.62,90,0.75,2.0,1.0
030_RC106,30,RC,4,4,OPTIMAL,190.7301,4,3,3,0,1,0.75,190.6648,0.0,0.0653,90,0.75,2.0,1.0
030_RC106,30,RC,4,5,OPTIMAL,197.0943,4,3,3,0,1,0.75,179.4733,0.0,17.621,90,0.75,2.0,1.0
030_RC106,30,RC,4,6,OPTIMAL,161.5829,4,2,2,0,2,0.5,145.0749,0.0,16.508,90,0.75,2.0,1.0
030_RC106,30,RC,4,7,OPTIMAL,173.7057,4,2,2,0,2,0.5,151.2187,0.0,22.487,90,0.75,2.0,1.0
030_RC106,30,RC,4,8,OPTIMAL,88.0025,4,1,1,0,3,0.25,70.3855,0.0,17.617,90,0.75,2.0,1.0
030_RC106,30,RC,4,9,OPTIMAL,48.1648,4,0,0,0,4,0.0,0.0,0.0,48.1648,90,0.75,2.0,1.0
030_RC106,30,RC,6,0,OPTIMAL,213.6096,6,3,3,0,3,0.5,199.6313,0.0,13.9783,90,0.75,2.0,1.0
030_RC106,30,RC,6,1,OPTIMAL,300.0348,6,3,3,0,3,0.5,214.021,0.0,86.0138,90,0.75,2.0,1.0
030_RC106,30,RC,6,2,OPTIMAL,230.7052,6,3,3,0,3,0.5,199.0248,0.0,31.6805,90,0.75,2.0,1.0
030_RC106,30,RC,6,3,OPTIMAL,235.9394,6,3,3,0,3,0.5,217.4281,0.0,18.5113,90,0.75,2.0,1.0
030_RC106,30,RC,6,4,OPTIMAL,141.2062,6,1,1,0,5,0.1667,50.6454,0.0,90.5608,90,0.75,2.0,1.0
030_RC106,30,RC,6,5,OPTIMAL,254.9633,6,3,3,0,3,0.5,223.8078,0.0,31.1555,90,0.75,2.0,1.0
030_RC106,30,RC,6,6,OPTIMAL,135.2911,6,2,2,0,4,0.3333,122.8119,0.0,12.4792,90,0.75,2.0,1.0
030_RC106,30,RC,6,7,OPTIMAL,208.0445,6,3,3,0,3,0.5,186.2048,0.0,21.8397,90,0.75,2.0,1.0
030_RC106,30,RC,6,8,OPTIMAL,173.8972,6,2,2,0,4,0.3333,121.9243,0.0,51.9729,90,0.75,2.0,1.0
030_RC106,30,RC,6,9,OPTIMAL,288.0208,6,4,4,0,2,0.6667,275.7086,0.0,12.3122,90,0.75,2.0,1.0
030_RC107,30,RC,2,0,OPTIMAL,82.9313,2,1,1,0,1,0.5,48.9996,0.0,33.9316,90,0.75,2.0,1.0
030_RC107,30,RC,2,1,OPTIMAL,70.2864,2,1,1,0,1,0.5,66.0884,0.0,4.1981,90,0.75,2.0,1.0
030_RC107,30,RC,2,2,OPTIMAL,139.2037,2,2,2,0,0,1.0,139.2037,0.0,0.0,90,0.75,2.0,1.0
030_RC107,30,RC,2,3,OPTIMAL,56.0064,2,0,0,0,2,0.0,0.0,0.0,56.0064,90,0.75,2.0,1.0
030_RC107,30,RC,2,4,OPTIMAL,36.2947,2,0,0,0,2,0.0,0.0,0.0,36.2947,90,0.75,2.0,1.0
030_RC107,30,RC,2,5,OPTIMAL,132.9096,2,2,2,0,0,1.0,132.9096,0.0,0.0,90,0.75,2.0,1.0
030_RC107,30,RC,2,6,OPTIMAL,33.4328,2,0,0,0,2,0.0,0.0,0.0,33.4328,90,0.75,2.0,1.0
030_RC107,30,RC,2,7,OPTIMAL,125.9832,2,2,2,0,0,1.0,125.9832,0.0,0.0,90,0.75,2.0,1.0
030_RC107,30,RC,2,8,OPTIMAL,45.1935,2,0,0,0,2,0.0,0.0,0.0,45.1935,90,0.75,2.0,1.0
030_RC107,30,RC,2,9,OPTIMAL,37.0273,2,0,0,0,2,0.0,0.0,0.0,37.0273,90,0.75,2.0,1.0
030_RC107,30,RC,4,0,OPTIMAL,196.022,4,3,3,0,1,0.75,192.5708,0.0,3.4512,90,0.75,2.0,1.0
030_RC107,30,RC,4,1,OPTIMAL,177.3932,4,2,2,0,2,0.5,141.2199,0.0,36.1733,90,0.75,2.0,1.0
030_RC107,30,RC,4,2,OPTIMAL,73.7475,4,1,1,0,3,0.25,56.5198,0.0,17.2277,90,0.75,2.0,1.0
030_RC107,30,RC,4,3,OPTIMAL,236.0802,4,3,3,0,1,0.75,234.5402,0.0,1.54,90,0.75,2.0,1.0
030_RC107,30,RC,4,4,OPTIMAL,190.7954,4,3,3,0,1,0.75,190.6648,0.0,0.1305,90,0.75,2.0,1.0
030_RC107,30,RC,4,5,OPTIMAL,197.0943,4,3,2,1,1,0.75,179.4733,0.0,17.621,90,0.75,2.0,1.0
030_RC107,30,RC,4,6,OPTIMAL,169.807,4,1,1,0,3,0.25,81.1028,0.0,88.7041,90,0.75,2.0,1.0
030_RC107,30,RC,4,7,OPTIMAL,203.3392,4,2,2,0,2,0.5,151.2187,0.0,52.1205,90,0.75,2.0,1.0
030_RC107,30,RC,4,8,OPTIMAL,94.3609,4,1,1,0,3,0.25,70.3855,0.0,23.9754,90,0.75,2.0,1.0
030_RC107,30,RC,4,9,OPTIMAL,74.0775,4,0,0,0,4,0.0,0.0,0.0,74.0775,90,0.75,2.0,1.0
030_RC107,30,RC,6,0,OPTIMAL,295.1682,6,4,3,1,2,0.6667,262.2049,0.0,32.9633,90,0.75,2.0,1.0
030_RC107,30,RC,6,1,OPTIMAL,343.0761,6,4,3,1,2,0.6667,276.8576,0.0,66.2185,90,0.75,2.0,1.0
030_RC107,30,RC,6,2,OPTIMAL,272.2856,6,3,3,0,3,0.5,199.0248,0.0,73.2608,90,0.75,2.0,1.0
030_RC107,30,RC,6,3,OPTIMAL,260.1325,6,3,3,0,3,0.5,217.4281,0.0,42.7044,90,0.75,2.0,1.0
030_RC107,30,RC,6,4,OPTIMAL,172.5131,6,2,1,1,4,0.3333,110.336,0.0,62.1771,90,0.75,2.0,1.0
030_RC107,30,RC,6,5,OPTIMAL,280.3076,6,3,3,0,3,0.5,223.8078,0.0,56.4998,90,0.75,2.0,1.0
030_RC107,30,RC,6,6,OPTIMAL,224.8866,6,3,2,1,3,0.5,183.7043,0.0,41.1823,90,0.75,2.0,1.0
030_RC107,30,RC,6,7,OPTIMAL,229.4404,6,3,3,0,3,0.5,186.2048,0.0,43.2356,90,0.75,2.0,1.0
030_RC107,30,RC,6,8,OPTIMAL,183.6927,6,2,0,2,4,0.3333,121.6266,0.0,62.066,90,0.75,2.0,1.0
030_RC107,30,RC,6,9,OPTIMAL,340.4825,6,4,3,1,2,0.6667,273.0977,0.0,67.3849,90,0.75,2.0,1.0
030_RC201,30,RC,2,0,OPTIMAL,2.3398,2,0,0,0,2,0.0,0.0,0.0,2.3398,90,0.75,2.0,1.0
030_RC201,30,RC,2,1,OPTIMAL,62.9029,2,1,1,0,1,0.5,50.706,0.0,12.1969,90,0.75,2.0,1.0
030_RC201,30,RC,2,2,OPTIMAL,139.2037,2,2,2,0,0,1.0,139.2037,0.0,0.0,90,0.75,2.0,1.0
030_RC201,30,RC,2,3,OPTIMAL,67.1071,2,1,1,0,1,0.5,52.2103,0.0,14.8967,90,0.75,2.0,1.0
030_RC201,30,RC,2,4,OPTIMAL,111.8289,2,2,2,0,0,1.0,111.8289,0.0,0.0,90,0.75,2.0,1.0
030_RC201,30,RC,2,5,OPTIMAL,68.0263,2,1,1,0,1,0.5,66.8981,0.0,1.1282,90,0.75,2.0,1.0
030_RC201,30,RC,2,6,OPTIMAL,69.6883,2,1,1,0,1,0.5,53.017,0.0,16.6713,90,0.75,2.0,1.0
030_RC201,30,RC,2,7,OPTIMAL,117.9796,2,1,1,0,1,0.5,77.22,0.0,40.7596,90,0.75,2.0,1.0
030_RC201,30,RC,2,8,OPTIMAL,90.0129,2,1,1,0,1,0.5,51.5148,0.0,38.4981,90,0.75,2.0,1.0
030_RC201,30,RC,2,9,OPTIMAL,60.5676,2,1,1,0,1,0.5,57.0197,0.0,3.5479,90,0.75,2.0,1.0
030_RC201,30,RC,4,0,OPTIMAL,225.1289,4,3,3,0,1,0.75,192.5708,0.0,32.558,90,0.75,2.0,1.0
030_RC201,30,RC,4,1,OPTIMAL,113.8321,4,1,1,0,3,0.25,71.2762,0.0,42.556,90,0.75,2.0,1.0
030_RC201,30,RC,4,2,OPTIMAL,152.8913,4,2,2,0,2,0.5,115.0504,0.0,37.8408,90,0.75,2.0,1.0
030_RC201,30,RC,4,3,OPTIMAL,236.5594,4,3,3,0,1,0.75,234.5402,0.0,2.0192,90,0.75,2.0,1.0
030_RC201,30,RC,4,4,OPTIMAL,232.7765,4,4,4,0,0,1.0,232.7765,0.0,0.0,90,0.75,2.0,1.0
030_RC201,30,RC,4,5,OPTIMAL,179.9453,4,3,3,0,1,0.75,179.4733,0.0,0.472,90,0.75,2.0,1.0
030_RC201,30,RC,4,6,OPTIMAL,159.1788,4,2,2,0,2,0.5,145.0749,0.0,14.1039,90,0.75,2.0,1.0
030_RC201,30,RC,4,7,OPTIMAL,158.3817,4,2,2,0,2,0.5,125.8623,0.0,32.5194,90,0.75,2.0,1.0
030_RC201,30,RC,4,8,OPTIMAL,175.1589,4,3,2,1,1,0.75,170.6007,0.0,4.5582,90,0.75,2.0,1.0
030_RC201,30,RC,4,9,OPTIMAL,177.7204,4,3,2,1,1,0.75,159.1683,0.0,18.5521,90,0.75,2.0,1.0
030_RC201,30,RC,6,0,OPTIMAL,224.5553,6,3,3,0,3,0.5,195.5957,0.0,28.9595,90,0.75,2.0,1.0
030_RC201,30,RC,6,1,OPTIMAL,351.2914,6,5,5,0,1,0.8333,328.1443,0.0,23.1471,90,0.75,2.0,1.0
030_RC201,30,RC,6,2,OPTIMAL,239.5912,6,2,2,0,4,0.3333,128.1519,0.0,111.4393,90,0.75,2.0,1.0
030_RC201,30,RC,6,3,OPTIMAL,190.459,6,3,3,0,3,0.5,178.9014,0.0,11.5576,90,0.75,2.0,1.0
030_RC201,30,RC,6,4,OPTIMAL,177.1389,6,3,2,1,3,0.5,171.5037,0.0,5.6351,90,0.75,2.0,1.0
030_RC201,30,RC,6,5,OPTIMAL,286.2919,6,4,4,0,2,0.6667,277.8578,0.0,8.4342,90,0.75,2.0,1.0
030_RC201,30,RC,6,6,OPTIMAL,221.7191,6,3,3,0,3,0.5,183.0139,0.0,38.7052,90,0.75,2.0,1.0
030_RC201,30,RC,6,7,OPTIMAL,290.7478,6,4,4,0,2,0.6667,243.2877,0.0,47.4601,90,0.75,2.0,1.0
030_RC201,30,RC,6,8,OPTIMAL,179.5385,6,3,3,0,3,0.5,169.9482,0.0,9.5902,90,0.75,2.0,1.0
030_RC201,30,RC,6,9,OPTIMAL,349.6024,6,5,5,0,1,0.8333,332.61,0.0,16.9923,90,0.75,2.0,1.0
030_RC203,30,RC,2,0,OPTIMAL,106.2363,2,2,1,1,0,1.0,106.2363,0.0,0.0,90,0.75,2.0,1.0
030_RC203,30,RC,2,1,OPTIMAL,116.7944,2,2,1,1,0,1.0,116.7944,0.0,0.0,90,0.75,2.0,1.0
030_RC203,30,RC,2,2,OPTIMAL,139.2037,2,2,2,0,0,1.0,139.2037,0.0,0.0,90,0.75,2.0,1.0
030_RC203,30,RC,2,3,OPTIMAL,57.5907,2,1,1,0,1,0.5,52.2103,0.0,5.3804,90,0.75,2.0,1.0
030_RC203,30,RC,2,4,OPTIMAL,111.8289,2,2,2,0,0,1.0,111.8289,0.0,0.0,90,0.75,2.0,1.0
030_RC203,30,RC,2,5,OPTIMAL,68.0263,2,1,1,0,1,0.5,66.8981,0.0,1.1282,90,0.75,2.0,1.0
030_RC203,30,RC,2,6,OPTIMAL,109.497,2,2,2,0,0,1.0,109.497,0.0,0.0,90,0.75,2.0,1.0
030_RC203,30,RC,2,7,OPTIMAL,125.9832,2,2,2,0,0,1.0,125.9832,0.0,0.0,90,0.75,2.0,1.0
030_RC203,30,RC,2,8,OPTIMAL,108.5925,2,2,2,0,0,1.0,108.5925,0.0,0.0,90,0.75,2.0,1.0
030_RC203,30,RC,2,9,OPTIMAL,64.1155,2,1,1,0,1,0.5,57.0197,0.0,7.0958,90,0.75,2.0,1.0
030_RC203,30,RC,4,0,OPTIMAL,225.1289,4,3,3,0,1,0.75,192.5708,0.0,32.558,90,0.75,2.0,1.0
030_RC203,30,RC,4,1,OPTIMAL,203.4611,4,3,3,0,1,0.75,200.7502,0.0,2.711,90,0.75,2.0,1.0
030_RC203,30,RC,4,2,OPTIMAL,196.0021,4,3,3,0,1,0.75,166.094,0.0,29.9081,90,0.75,2.0,1.0
030_RC203,30,RC,4,3,OPTIMAL,236.5594,4,3,3,0,1,0.75,234.5402,0.0,2.0192,90,0.75,2.0,1.0
030_RC203,30,RC,4,4,OPTIMAL,232.7765,4,4,4,0,0,1.0,232.7765,0.0,0.0,90,0.75,2.0,1.0
030_RC203,30,RC,4,5,OPTIMAL,236.7092,4,4,4,0,0,1.0,236.7092,0.0,0.0,90,0.75,2.0,1.0
030_RC203,30,RC,4,6,OPTIMAL,252.9066,4,4,4,0,0,1.0,252.9066,0.0,0.0,90,0.75,2.0,1.0
030_RC203,30,RC,4,7,OPTIMAL,263.3789,4,4,4,0,0,1.0,263.3789,0.0,0.0,90,0.75,2.0,1.0
030_RC203,30,RC,4,8,OPTIMAL,174.4492,4,3,3,0,1,0.75,170.6007,0.0,3.8485,90,0.75,2.0,1.0
030_RC203,30,RC,4,9,OPTIMAL,217.0876,4,4,4,0,0,1.0,217.0876,0.0,0.0,90,0.75,2.0,1.0
030_RC203,30,RC,6,0,OPTIMAL,325.9014,6,5,4,1,1,0.8333,319.5452,0.0,6.3563,90,0.75,2.0,1.0
030_RC203,30,RC,6,1,OPTIMAL,397.5516,6,6,5,1,0,1.0,397.5516,0.0,0.0,90,0.75,2.0,1.0
030_RC203,30,RC,6,2,OPTIMAL,333.2159,6,5,4,1,1,0.8333,311.3019,0.0,21.914,90,0.75,2.0,1.0
030_RC203,30,RC,6,3,OPTIMAL,282.0923,6,4,4,0,2,0.6667,275.343,0.0,6.7494,90,0.75,2.0,1.0
030_RC203,30,RC,6,4,OPTIMAL,279.332,6,5,3,2,1,0.8333,278.9968,0.0,0.3351,90,0.75,2.0,1.0
030_RC203,30,RC,6,5,OPTIMAL,334.0249,6,5,5,0,1,0.8333,329.9335,0.0,4.0914,90,0.75,2.0,1.0
030_RC203,30,RC,6,6,OPTIMAL,296.6352,6,5,5,0,1,0.8333,294.9223,0.0,1.7129,90,0.75,2.0,1.0
030_RC203,30,RC,6,7,OPTIMAL,297.9975,6,5,5,0,1,0.8333,292.7717,0.0,5.2258,90,0.75,2.0,1.0
030_RC203,30,RC,6,8,OPTIMAL,290.4164,6,5,5,0,1,0.8333,289.8554,0.0,0.561,90,0.75,2.0,1.0
030_RC203,30,RC,6,9,OPTIMAL,391.3496,6,6,6,0,0,1.0,391.3496,0.0,0.0,90,0.75,2.0,1.0
030_RC205,30,RC,2,0,OPTIMAL,58.0394,2,1,1,0,1,0.5,57.2366,0.0,0.8028,90,0.75,2.0,1.0
030_RC205,30,RC,2,1,OPTIMAL,8.0877,2,0,0,0,2,0.0,0.0,0.0,8.0877,90,0.75,2.0,1.0
030_RC205,30,RC,2,2,OPTIMAL,139.2037,2,2,1,1,0,1.0,139.2037,0.0,0.0,90,0.75,2.0,1.0
030_RC205,30,RC,2,3,OPTIMAL,47.5431,2,0,0,0,2,0.0,0.0,0.0,47.5431,90,0.75,2.0,1.0
030_RC205,30,RC,2,4,OPTIMAL,111.8289,2,2,2,0,0,1.0,111.8289,0.0,0.0,90,0.75,2.0,1.0
030_RC205,30,RC,2,5,OPTIMAL,132.9096,2,2,2,0,0,1.0,132.9096,0.0,0.0,90,0.75,2.0,1.0
030_RC205,30,RC,2,6,OPTIMAL,68.8828,2,1,1,0,1,0.5,53.017,0.0,15.8659,90,0.75,2.0,1.0
030_RC205,30,RC,2,7,OPTIMAL,125.9832,2,2,2,0,0,1.0,125.9832,0.0,0.0,90,0.75,2.0,1.0
030_RC205,30,RC,2,8,OPTIMAL,100.2591,2,1,1,0,1,0.5,57.0778,0.0,43.1813,90,0.75,2.0,1.0
030_RC205,30,RC,2,9,OPTIMAL,112.1199,2,2,2,0,0,1.0,112.1199,0.0,0.0,90,0.75,2.0,1.0
030_RC205,30,RC,4,0,OPTIMAL,220.9675,4,3,3,0,1,0.75,192.5708,0.0,28.3966,90,0.75,2.0,1.0
030_RC205,30,RC,4,1,OPTIMAL,203.4611,4,3,3,0,1,0.75,200.7502,0.0,2.711,90,0.75,2.0,1.0
030_RC205,30,RC,4,2,OPTIMAL,163.414,4,2,2,0,2,0.5,107.5633,0.0,55.8507,90,0.75,2.0,1.0
030_RC205,30,RC,4,3,OPTIMAL,283.2469,4,4,3,1,0,1.0,283.2469,0.0,0.0,90,0.75,2.0,1.0
030_RC205,30,RC,4,4,OPTIMAL,172.6313,4,3,3,0,1,0.75,171.3604,0.0,1.2708,90,0.75,2.0,1.0
030_RC205,30,RC,4,5,OPTIMAL,236.7092,4,4,3,1,0,1.0,236.7092,0.0,0.0,90,0.75,2.0,1.0
030_RC205,30,RC,4,6,OPTIMAL,207.1987,4,3,3,0,1,0.75,197.5664,0.0,9.6324,90,0.75,2.0,1.0
030_RC205,30,RC,4,7,OPTIMAL,263.3789,4,4,3,1,0,1.0,263.3789,0.0,0.0,90,0.75,2.0,1.0
030_RC205,30,RC,4,8,OPTIMAL,160.9038,4,2,2,0,2,0.5,120.7619,0.0,40.142,90,0.75,2.0,1.0
030_RC205,30,RC,4,9,OPTIMAL,176.6103,4,3,3,0,1,0.75,159.1683,0.0,17.442,90,0.75,2.0,1.0
030_RC205,30,RC,6,0,OPTIMAL,278.9804,6,4,3,1,2,0.6667,254.1965,0.0,24.7839,90,0.75,2.0,1.0
030_RC205,30,RC,6,1,OPTIMAL,351.0388,6,5,4,1,1,0.8333,337.0703,0.0,13.9684,90,0.75,2.0,1.0
030_RC205,30,RC,6,2,OPTIMAL,301.0477,6,4,3,1,2,0.6667,257.6971,0.0,43.3506,90,0.75,2.0,1.0
030_RC205,30,RC,6,3,OPTIMAL,332.7745,6,5,5,0,1,0.8333,331.8044,0.0,0.97,90,0.75,2.0,1.0
030_RC205,30,RC,6,4,OPTIMAL,228.8966,6,4,3,1,2,0.6667,228.2006,0.0,0.696,90,0.75,2.0,1.0
030_RC205,30,RC,6,5,OPTIMAL,384.2437,6,6,6,0,0,1.0,384.2437,0.0,0.0,90,0.75,2.0,1.0
030_RC205,30,RC,6,6,OPTIMAL,306.2872,6,5,5,0,1,0.8333,293.6374,0.0,12.6498,90,0.75,2.0,1.0
030_RC205,30,RC,6,7,OPTIMAL,248.5425,6,4,4,0,2,0.6667,235.8847,0.0,12.6578,90,0.75,2.0,1.0
030_RC205,30,RC,6,8,OPTIMAL,295.0977,6,5,5,0,1,0.8333,280.6237,0.0,14.4739,90,0.75,2.0,1.0
030_RC205,30,RC,6,9,OPTIMAL,273.5956,6,4,3,1,2,0.6667,254.1595,0.0,19.4361,90,0.75,2.0,1.0
035_C101,35,C,3,0,OPTIMAL,153.2383,3,2,2,0,1,0.6667,115.1144,0.0,38.124,90,0.75,2.0,1.0
035_C101,35,C,3,1,OPTIMAL,84.9993,3,1,0,1,2,0.3333,28.6641,0.0,56.3353,90,0.75,2.0,1.0
035_C101,35,C,3,2,OPTIMAL,45.8591,3,1,0,1,2,0.3333,19.9567,0.0,25.9025,90,0.75,2.0,1.0
035_C101,35,C,3,3,OPTIMAL,122.321,3,2,1,1,1,0.6667,72.7846,0.0,49.5365,90,0.75,2.0,1.0
035_C101,35,C,3,4,OPTIMAL,49.5839,3,2,1,1,1,0.6667,46.607,0.0,2.9769,90,0.75,2.0,1.0
035_C101,35,C,3,5,OPTIMAL,26.1995,3,0,0,0,3,0.0,0.0,0.0,26.1995,90,0.75,2.0,1.0
035_C101,35,C,3,6,OPTIMAL,144.0084,3,2,2,0,1,0.6667,98.9315,0.0,45.0769,90,0.75,2.0,1.0
035_C101,35,C,3,7,OPTIMAL,48.6617,3,1,1,0,2,0.3333,37.9162,0.0,10.7456,90,0.75,2.0,1.0
035_C101,35,C,3,8,OPTIMAL,118.355,3,2,2,0,1,0.6667,92.3717,0.0,25.9833,90,0.75,2.0,1.0
035_C101,35,C,3,9,OPTIMAL,108.0789,3,2,1,1,1,0.6667,100.6064,0.0,7.4725,90,0.75,2.0,1.0
035_C101,35,C,6,0,OPTIMAL,242.9736,6,5,4,1,1,0.8333,234.8483,0.0,8.1253,90,0.75,2.0,1.0
035_C101,35,C,6,1,OPTIMAL,242.9555,6,4,4,0,2,0.6667,230.6805,0.0,12.275,90,0.75,2.0,1.0
035_C101,35,C,6,2,OPTIMAL,116.8047,6,2,1,1,4,0.3333,80.8331,0.0,35.9716,90,0.75,2.0,1.0
035_C101,35,C,6,3,OPTIMAL,155.4318,6,3,3,0,3,0.5,139.2242,0.0,16.2076,90,0.75,2.0,1.0
035_C101,35,C,6,4,OPTIMAL,120.057,6,2,1,1,4,0.3333,58.0957,0.0,61.9613,90,0.75,2.0,1.0
035_C101,35,C,6,5,OPTIMAL,159.343,6,3,1,2,3,0.5,140.5346,0.0,18.8084,90,0.75,2.0,1.0
035_C101,35,C,6,6,OPTIMAL,210.6979,6,3,3,0,3,0.5,134.0569,0.0,76.641,90,0.75,2.0,1.0
035_C101,35,C,6,7,OPTIMAL,163.0112,6,3,3,0,3,0.5,131.9759,0.0,31.0353,90,0.75,2.0,1.0
035_C101,35,C,6,8,OPTIMAL,212.7737,6,5,3,2,1,0.8333,193.5582,0.0,19.2155,90,0.75,2.0,1.0
035_C101,35,C,6,9,OPTIMAL,240.7515,6,4,4,0,2,0.6667,233.4825,0.0,7.2691,90,0.75,2.0,1.0
035_C101,35,C,9,0,OPTIMAL,301.4193,9,6,3,3,3,0.6667,243.9261,0.0,57.4932,90,0.75,2.0,1.0
035_C101,35,C,9,1,OPTIMAL,227.0752,9,4,1,3,5,0.4444,150.7328,0.0,76.3424,90,0.75,2.0,1.0
035_C101,35,C,9,2,OPTIMAL,143.4643,9,4,1,3,5,0.4444,111.9596,0.0,31.5047,90,0.75,2.0,1.0
035_C101,35,C,9,3,OPTIMAL,220.2835,9,4,3,1,5,0.4444,186.1474,0.0,34.1361,90,0.75,2.0,1.0
035_C101,35,C,9,4,OPTIMAL,207.7285,9,3,2,1,6,0.3333,90.2265,0.0,117.5019,90,0.75,2.0,1.0
035_C101,35,C,9,5,OPTIMAL,178.4494,9,3,2,1,6,0.3333,152.3021,0.0,26.1473,90,0.75,2.0,1.0
035_C101,35,C,9,6,OPTIMAL,354.5306,9,5,3,2,4,0.5556,284.8801,0.0,69.6505,90,0.75,2.0,1.0
035_C101,35,C,9,7,OPTIMAL,286.1561,9,7,6,1,2,0.7778,281.0943,0.0,5.0619,90,0.75,2.0,1.0
035_C101,35,C,9,8,OPTIMAL,180.5443,9,3,1,2,6,0.3333,137.8365,0.0,42.7078,90,0.75,2.0,1.0
035_C101,35,C,9,9,OPTIMAL,282.9741,9,6,5,1,3,0.6667,258.4846,0.0,24.4895,90,0.75,2.0,1.0
035_C105,35,C,3,0,OPTIMAL,85.6179,3,0,0,0,3,0.0,0.0,0.0,85.6179,90,0.75,2.0,1.0
035_C105,35,C,3,1,OPTIMAL,61.2168,3,0,0,0,3,0.0,0.0,0.0,61.2168,90,0.75,2.0,1.0
035_C105,35,C,3,2,OPTIMAL,9.4554,3,0,0,0,3,0.0,0.0,0.0,9.4554,90,0.75,2.0,1.0
035_C105,35,C,3,3,OPTIMAL,73.3804,3,2,2,0,1,0.6667,72.7782,0.0,0.6022,90,0.75,2.0,1.0
035_C105,35,C,3,4,OPTIMAL,93.3429,3,2,2,0,1,0.6667,71.9427,0.0,21.4001,90,0.75,2.0,1.0
035_C105,35,C,3,5,OPTIMAL,36.3251,3,0,0,0,3,0.0,0.0,0.0,36.3251,90,0.75,2.0,1.0
035_C105,35,C,3,6,OPTIMAL,146.8754,3,3,3,0,0,1.0,146.8754,0.0,0.0,90,0.75,2.0,1.0
035_C105,35,C,3,7,OPTIMAL,114.6852,3,3,1,2,0,1.0,114.6852,0.0,0.0,90,0.75,2.0,1.0
035_C105,35,C,3,8,OPTIMAL,117.2542,3,1,0,1,2,0.3333,33.0642,0.0,84.19,90,0.75,2.0,1.0
035_C105,35,C,3,9,OPTIMAL,126.101,3,1,1,0,2,0.3333,37.9737,0.0,88.1273,90,0.75,2.0,1.0
035_C105,35,C,6,0,OPTIMAL,166.2725,6,2,1,1,4,0.3333,94.4778,0.0,71.7947,90,0.75,2.0,1.0
035_C105,35,C,6,1,OPTIMAL,236.8125,6,3,3,0,3,0.5,166.6374,0.0,70.1751,90,0.75,2.0,1.0
035_C105,35,C,6,2,OPTIMAL,102.2807,6,1,1,0,5,0.1667,57.9821,0.0,44.2986,90,0.75,2.0,1.0
035_C105,35,C,6,3,OPTIMAL,154.7092,6,3,3,0,3,0.5,119.8941,0.0,34.8151,90,0.75,2.0,1.0
035_C105,35,C,6,4,OPTIMAL,93.6932,6,1,1,0,5,0.1667,50.9581,0.0,42.7351,90,0.75,2.0,1.0
035_C105,35,C,6,5,OPTIMAL,99.0124,6,1,1,0,5,0.1667,27.4877,0.0,71.5248,90,0.75,2.0,1.0
035_C105,35,C,6,6,OPTIMAL,209.5452,6,3,3,0,3,0.5,132.0822,0.0,77.463,90,0.75,2.0,1.0
035_C105,35,C,6,7,OPTIMAL,156.0503,6,2,2,0,4,0.3333,84.7804,0.0,71.2699,90,0.75,2.0,1.0
035_C105,35,C,6,8,OPTIMAL,217.5796,6,4,2,2,2,0.6667,169.7151,0.0,47.8645,90,0.75,2.0,1.0
035_C105,35,C,6,9,OPTIMAL,189.382,6,2,2,0,4,0.3333,123.4631,0.0,65.9189,90,0.75,2.0,1.0
035_C105,35,C,9,0,OPTIMAL,174.6962,9,3,1,2,6,0.3333,117.3933,0.0,57.3029,90,0.75,2.0,1.0
035_C105,35,C,9,1,OPTIMAL,218.2513,9,4,2,2,5,0.4444,150.7328,0.0,67.5186,90,0.75,2.0,1.0
035_C105,35,C,9,2,OPTIMAL,132.5247,9,1,0,1,8,0.1111,50.3507,0.0,82.174,90,0.75,2.0,1.0
035_C105,35,C,9,3,OPTIMAL,172.395,9,2,1,1,7,0.2222,56.7678,0.0,115.6272,90,0.75,2.0,1.0
035_C105,35,C,9,4,OPTIMAL,242.5614,9,4,3,1,5,0.4444,158.2727,0.0,84.2888,90,0.75,2.0,1.0
035_C105,35,C,9,5,OPTIMAL,195.6824,9,4,4,0,5,0.4444,180.4244,0.0,15.258,90,0.75,2.0,1.0
035_C105,35,C,9,6,OPTIMAL,147.9477,9,2,1,1,7,0.2222,117.5631,0.0,30.3845,90,0.75,2.0,1.0
035_C105,35,C,9,7,OPTIMAL,265.3773,9,5,5,0,4,0.5556,231.5448,0.0,33.8326,90,0.75,2.0,1.0
035_C105,35,C,9,8,OPTIMAL,146.2115,9,2,1,1,7,0.2222,87.1055,0.0,59.106,90,0.75,2.0,1.0
035_C105,35,C,9,9,OPTIMAL,285.2662,9,6,5,1,3,0.6667,254.7006,0.0,30.5656,90,0.75,2.0,1.0
035_C106,35,C,3,0,OPTIMAL,172.6599,3,3,2,1,0,1.0,172.6599,0.0,0.0,90,0.75,2.0,1.0
035_C106,35,C,3,1,OPTIMAL,81.2516,3,0,0,0,3,0.0,0.0,0.0,81.2516,90,0.75,2.0,1.0
035_C106,35,C,3,2,OPTIMAL,28.5844,3,1,0,1,2,0.3333,26.2461,0.0,2.3383,90,0.75,2.0,1.0
035_C106,35,C,3,3,OPTIMAL,117.0218,3,2,1,1,1,0.6667,72.7782,0.0,44.2436,90,0.75,2.0,1.0
035_C106,35,C,3,4,OPTIMAL,97.8449,3,3,2,1,0,1.0,97.8449,0.0,0.0,90,0.75,2.0,1.0
035_C106,35,C,3,5,OPTIMAL,31.9792,3,1,1,0,2,0.3333,19.5119,0.0,12.4673,90,0.75,2.0,1.0
035_C106,35,C,3,6,OPTIMAL,146.8754,3,3,2,1,0,1.0,146.8754,0.0,0.0,90,0.75,2.0,1.0
035_C106,35,C,3,7,OPTIMAL,69.0905,3,1,0,1,2,0.3333,37.9162,0.0,31.1743,90,0.75,2.0,1.0
035_C106,35,C,3,8,OPTIMAL,125.4359,3,3,1,2,0,1.0,125.4359,0.0,0.0,90,0.75,2.0,1.0
035_C106,35,C,3,9,OPTIMAL,138.5801,3,3,2,1,0,1.0,138.5801,0.0,0.0,90,0.75,2.0,1.0
035_C106,35,C,6,0,OPTIMAL,222.5332,6,4,3,1,2,0.6667,182.527,0.0,40.0062,90,0.75,2.0,1.0
035_C106,35,C,6,1,OPTIMAL,242.3893,6,4,3,1,2,0.6667,230.6805,0.0,11.7088,90,0.75,2.0,1.0
035_C106,35,C,6,2,OPTIMAL,119.0434,6,2,2,0,4,0.3333,86.7323,0.0,32.3111,90,0.75,2.0,1.0
035_C106,35,C,6,3,OPTIMAL,157.6584,6,3,3,0,3,0.5,116.8416,0.0,40.8168,90,0.75,2.0,1.0
035_C106,35,C,6,4,OPTIMAL,140.036,6,4,3,1,2,0.6667,114.06,0.0,25.9759,90,0.75,2.0,1.0
035_C106,35,C,6,5,OPTIMAL,159.343,6,3,2,1,3,0.5,140.5346,0.0,18.8084,90,0.75,2.0,1.0
035_C106,35,C,6,6,OPTIMAL,211.0285,6,3,3,0,3,0.5,145.4283,0.0,65.6001,90,0.75,2.0,1.0
035_C106,35,C,6,7,OPTIMAL,142.0087,6,3,2,1,3,0.5,131.9759,0.0,10.0328,90,0.75,2.0,1.0
035_C106,35,C,6,8,OPTIMAL,208.3368,6,5,4,1,1,0.8333,193.5582,0.0,14.7786,90,0.75,2.0,1.0
035_C106,35,C,6,9,OPTIMAL,253.5911,6,4,4,0,2,0.6667,201.9124,0.0,51.6787,90,0.75,2.0,1.0
035_C106,35,C,9,0,OPTIMAL,315.2846,9,5,4,1,4,0.5556,211.1506,0.0,104.1341,90,0.75,2.0,1.0
035_C106,35,C,9,1,OPTIMAL,220.0171,9,5,3,2,4,0.5556,164.3902,0.0,55.6269,90,0.75,2.0,1.0
035_C106,35,C,9,2,OPTIMAL,178.1341,9,4,2,2,5,0.4444,131.2401,0.0,46.8941,90,0.75,2.0,1.0
035_C106,35,C,9,3,OPTIMAL,300.5762,9,4,1,3,5,0.4444,164.3045,0.0,136.2718,90,0.75,2.0,1.0
035_C106,35,C,9,4,OPTIMAL,197.2958,9,3,3,0,6,0.3333,92.4221,0.0,104.8738,90,0.75,2.0,1.0
035_C106,35,C,9,5,OPTIMAL,271.2384,9,6,2,4,3,0.6667,241.9128,0.0,29.3256,90,0.75,2.0,1.0
035_C106,35,C,9,6,OPTIMAL,190.2428,9,2,1,1,7,0.2222,117.5631,0.0,72.6796,90,0.75,2.0,1.0
035_C106,35,C,9,7,OPTIMAL,248.3943,9,5,1,4,4,0.5556,197.8511,0.0,50.5432,90,0.75,2.0,1.0
035_C106,35,C,9,8,OPTIMAL,180.4427,9,3,2,1,6,0.3333,105.7579,0.0,74.6848,90,0.75,2.0,1.0
035_C106,35,C,9,9,OPTIMAL,286.3013,9,7,4,3,2,0.7778,285.987,0.0,0.3143,90,0.75,2.0,1.0
035_C107,35,C,3,0,OPTIMAL,172.6599,3,3,3,0,0,1.0,172.6599,0.0,0.0,90,0.75,2.0,1.0
035_C107,35,C,3,1,OPTIMAL,76.7438,3,2,1,1,1,0.6667,73.4433,0.0,3.3005,90,0.75,2.0,1.0
035_C107,35,C,3,2,OPTIMAL,8.3894,3,0,0,0,3,0.0,0.0,0.0,8.3894,90,0.75,2.0,1.0
035_C107,35,C,3,3,OPTIMAL,73.3804,3,2,2,0,1,0.6667,72.7782,0.0,0.6022,90,0.75,2.0,1.0
035_C107,35,C,3,4,OPTIMAL,54.5397,3,2,2,0,1,0.6667,46.607,0.0,7.9327,90,0.75,2.0,1.0
035_C107,35,C,3,5,OPTIMAL,42.8996,3,1,1,0,2,0.3333,19.5119,0.0,23.3877,90,0.75,2.0,1.0
035_C107,35,C,3,6,OPTIMAL,108.9633,3,1,1,0,2,0.3333,53.3816,0.0,55.5817,90,0.75,2.0,1.0
035_C107,35,C,3,7,OPTIMAL,112.4575,3,2,0,2,1,0.6667,90.1201,0.0,22.3374,90,0.75,2.0,1.0
035_C107,35,C,3,8,OPTIMAL,76.4082,3,1,1,0,2,0.3333,60.3884,0.0,16.0198,90,0.75,2.0,1.0
035_C107,35,C,3,9,OPTIMAL,122.3256,3,2,1,1,1,0.6667,89.2406,0.0,33.085,90,0.75,2.0,1.0
035_C107,35,C,6,0,OPTIMAL,169.1738,6,3,3,0,3,0.5,146.799,0.0,22.3747,90,0.75,2.0,1.0
035_C107,35,C,6,1,OPTIMAL,285.4094,6,5,3,2,1,0.8333,259.0263,0.0,26.3831,90,0.75,2.0,1.0
035_C107,35,C,6,2,OPTIMAL,126.9977,6,3,2,1,3,0.5,74.4541,0.0,52.5435,90,0.75,2.0,1.0
035_C107,35,C,6,3,OPTIMAL,183.4753,6,4,3,1,2,0.6667,145.5362,0.0,37.9391,90,0.75,2.0,1.0
035_C107,35,C,6,4,OPTIMAL,109.2783,6,2,1,1,4,0.3333,81.4393,0.0,27.839,90,0.75,2.0,1.0
035_C107,35,C,6,5,OPTIMAL,166.3623,6,3,2,1,3,0.5,140.5346,0.0,25.8276,90,0.75,2.0,1.0
035_C107,35,C,6,6,OPTIMAL,228.9976,6,4,2,2,2,0.6667,185.2539,0.0,43.7436,90,0.75,2.0,1.0
035_C107,35,C,6,7,OPTIMAL,162.3768,6,3,2,1,3,0.5,94.1765,0.0,68.2003,90,0.75,2.0,1.0
035_C107,35,C,6,8,OPTIMAL,167.812,6,2,1,1,4,0.3333,80.0063,0.0,87.8058,90,0.75,2.0,1.0
035_C107,35,C,6,9,OPTIMAL,128.1199,6,2,2,0,4,0.3333,83.1205,0.0,44.9994,90,0.75,2.0,1.0
035_C107,35,C,9,0,OPTIMAL,295.1772,9,6,5,1,3,0.6667,278.3029,0.0,16.8743,90,0.75,2.0,1.0
035_C107,35,C,9,1,OPTIMAL,219.8653,9,4,3,1,5,0.4444,132.4537,0.0,87.4115,90,0.75,2.0,1.0
035_C107,35,C,9,2,OPTIMAL,175.7039,9,4,4,0,5,0.4444,129.081,0.0,46.6228,90,0.75,2.0,1.0
035_C107,35,C,9,3,OPTIMAL,207.0022,9,4,3,1,5,0.4444,194.0377,0.0,12.9645,90,0.75,2.0,1.0
035_C107,35,C,9,4,OPTIMAL,212.2985,9,5,2,3,4,0.5556,172.9492,0.0,39.3493,90,0.75,2.0,1.0
035_C107,35,C,9,5,OPTIMAL,259.2188,9,5,5,0,4,0.5556,227.2864,0.0,31.9324,90,0.75,2.0,1.0
035_C107,35,C,9,6,OPTIMAL,234.3057,9,5,5,0,4,0.5556,224.8375,0.0,9.4682,90,0.75,2.0,1.0
035_C107,35,C,9,7,OPTIMAL,242.62,9,5,2,3,4,0.5556,205.2036,0.0,37.4164,90,0.75,2.0,1.0
035_C107,35,C,9,8,OPTIMAL,203.954,9,5,3,2,4,0.5556,197.4185,0.0,6.5355,90,0.75,2.0,1.0
035_C107,35,C,9,9,OPTIMAL,237.6015,9,6,4,2,3,0.6667,224.0357,0.0,13.5658,90,0.75,2.0,1.0
035_C108,35,C,3,0,OPTIMAL,172.6599,3,3,2,1,0,1.0,172.6599,0.0,0.0,90,0.75,2.0,1.0
035_C108,35,C,3,1,OPTIMAL,34.1621,3,1,1,0,2,0.3333,28.6641,0.0,5.498,90,0.75,2.0,1.0
035_C108,35,C,3,2,OPTIMAL,30.8548,3,1,0,1,2,0.3333,26.2461,0.0,4.6086,90,0.75,2.0,1.0
035_C108,35,C,3,3,OPTIMAL,126.8089,3,3,2,1,0,1.0,126.8089,0.0,0.0,90,0.75,2.0,1.0
035_C108,35,C,3,4,OPTIMAL,85.8664,3,2,2,0,1,0.6667,46.607,0.0,39.2595,90,0.75,2.0,1.0
035_C108,35,C,3,5,OPTIMAL,31.3644,3,1,1,0,2,0.3333,19.5119,0.0,11.8525,90,0.75,2.0,1.0
035_C108,35,C,3,6,OPTIMAL,146.8754,3,3,3,0,0,1.0,146.8754,0.0,0.0,90,0.75,2.0,1.0
035_C108,35,C,3,7,OPTIMAL,65.1607,3,1,0,1,2,0.3333,52.2039,0.0,12.9568,90,0.75,2.0,1.0
035_C108,35,C,3,8,OPTIMAL,76.4082,3,1,1,0,2,0.3333,60.3884,0.0,16.0198,90,0.75,2.0,1.0
035_C108,35,C,3,9,OPTIMAL,90.7675,3,2,1,1,1,0.6667,89.2406,0.0,1.5269,90,0.75,2.0,1.0
035_C108,35,C,6,0,OPTIMAL,199.2813,6,3,2,1,3,0.5,147.918,0.0,51.3633,90,0.75,2.0,1.0
035_C108,35,C,6,1,OPTIMAL,261.7408,6,5,3,2,1,0.8333,260.706,0.0,1.0348,90,0.75,2.0,1.0
035_C108,35,C,6,2,OPTIMAL,147.521,6,4,1,3,2,0.6667,132.4363,0.0,15.0848,90,0.75,2.0,1.0
035_C108,35,C,6,3,OPTIMAL,171.4552,6,4,1,3,2,0.6667,145.5362,0.0,25.9189,90,0.75,2.0,1.0
035_C108,35,C,6,4,OPTIMAL,83.0044,6,2,1,1,4,0.3333,56.8276,0.0,26.1768,90,0.75,2.0,1.0
035_C108,35,C,6,5,OPTIMAL,172.9917,6,3,3,0,3,0.5,140.5346,0.0,32.4571,90,0.75,2.0,1.0
035_C108,35,C,6,6,OPTIMAL,224.0844,6,4,2,2,2,0.6667,178.4947,0.0,45.5898,90,0.75,2.0,1.0
035_C108,35,C,6,7,OPTIMAL,161.1038,6,3,2,1,3,0.5,108.4334,0.0,52.6704,90,0.75,2.0,1.0
035_C108,35,C,6,8,OPTIMAL,181.4734,6,4,4,0,2,0.6667,169.7151,0.0,11.7583,90,0.75,2.0,1.0
035_C108,35,C,6,9,OPTIMAL,267.371,6,5,5,0,1,0.8333,267.3324,0.0,0.0386,90,0.75,2.0,1.0
035_C108,35,C,9,0,OPTIMAL,309.1801,9,7,5,2,2,0.7778,301.9599,0.0,7.2202,90,0.75,2.0,1.0
035_C108,35,C,9,1,OPTIMAL,214.1411,9,5,2,3,4,0.5556,133.5217,0.0,80.6194,90,0.75,2.0,1.0
035_C108,35,C,9,2,OPTIMAL,176.9341,9,4,3,1,5,0.4444,105.79,0.0,71.1441,90,0.75,2.0,1.0
035_C108,35,C,9,3,OPTIMAL,265.0429,9,5,1,4,4,0.5556,226.4818,0.0,38.561,90,0.75,2.0,1.0
035_C108,35,C,9,4,OPTIMAL,186.2493,9,3,3,0,6,0.3333,142.3548,0.0,43.8944,90,0.75,2.0,1.0
035_C108,35,C,9,5,OPTIMAL,255.1856,9,5,2,3,4,0.5556,227.2864,0.0,27.8992,90,0.75,2.0,1.0
035_C108,35,C,9,6,OPTIMAL,331.8897,9,7,7,0,2,0.7778,330.5335,0.0,1.3563,90,0.75,2.0,1.0
035_C108,35,C,9,7,OPTIMAL,274.5061,9,7,4,3,2,0.7778,264.8371,0.0,9.6691,90,0.75,2.0,1.0
035_C108,35,C,9,8,OPTIMAL,177.5407,9,3,3,0,6,0.3333,119.6539,0.0,57.8868,90,0.75,2.0,1.0
035_C108,35,C,9,9,OPTIMAL,256.189,9,5,2,3,4,0.5556,204.9842,0.0,51.2047,90,0.75,2.0,1.0
035_C201,35,C,3,0,OPTIMAL,128.8367,3,3,3,0,0,1.0,128.8367,0.0,0.0,90,0.75,2.0,1.0
035_C201,35,C,3,1,OPTIMAL,96.1893,3,3,2,1,0,1.0,96.1893,0.0,0.0,90,0.75,2.0,1.0
035_C201,35,C,3,2,OPTIMAL,88.3655,3,1,1,0,2,0.3333,35.7878,0.0,52.5777,90,0.75,2.0,1.0
035_C201,35,C,3,3,OPTIMAL,129.3,3,3,2,1,0,1.0,129.3,0.0,0.0,90,0.75,2.0,1.0
035_C201,35,C,3,4,OPTIMAL,132.9305,3,3,3,0,0,1.0,132.9305,0.0,0.0,90,0.75,2.0,1.0
035_C201,35,C,3,5,OPTIMAL,118.9917,3,3,2,1,0,1.0,118.9917,0.0,0.0,90,0.75,2.0,1.0
035_C201,35,C,3,6,OPTIMAL,92.351,3,3,2,1,0,1.0,92.351,0.0,0.0,90,0.75,2.0,1.0
035_C201,35,C,3,7,OPTIMAL,45.8837,3,2,1,1,1,0.6667,41.4688,0.0,4.4149,90,0.75,2.0,1.0
035_C201,35,C,3,8,OPTIMAL,114.8073,3,3,3,0,0,1.0,114.8073,0.0,0.0,90,0.75,2.0,1.0
035_C201,35,C,3,9,OPTIMAL,89.4249,3,2,2,0,1,0.6667,56.7219,0.0,32.7031,90,0.75,2.0,1.0
035_C201,35,C,6,0,OPTIMAL,217.3765,6,5,4,1,1,0.8333,210.6388,0.0,6.7376,90,0.75,2.0,1.0
035_C201,35,C,6,1,OPTIMAL,192.437,6,6,5,1,0,1.0,192.437,0.0,0.0,90,0.75,2.0,1.0
035_C201,35,C,6,2,OPTIMAL,169.8892,6,4,3,1,2,0.6667,159.1451,0.0,10.7441,90,0.75,2.0,1.0
035_C201,35,C,6,3,OPTIMAL,188.7862,6,5,5,0,1,0.8333,188.0374,0.0,0.7488,90,0.75,2.0,1.0
035_C201,35,C,6,4,OPTIMAL,249.2118,6,6,5,1,0,1.0,249.2118,0.0,0.0,90,0.75,2.0,1.0
035_C201,35,C,6,5,OPTIMAL,202.9051,6,5,5,0,1,0.8333,201.1221,0.0,1.783,90,0.75,2.0,1.0
035_C201,35,C,6,6,OPTIMAL,253.5947,6,5,4,1,1,0.8333,241.4916,0.0,12.1031,90,0.75,2.0,1.0
035_C201,35,C,6,7,OPTIMAL,159.5901,6,4,4,0,2,0.6667,132.7814,0.0,26.8087,90,0.75,2.0,1.0
035_C201,35,C,6,8,OPTIMAL,180.5039,6,5,4,1,1,0.8333,168.8918,0.0,11.6121,90,0.75,2.0,1.0
035_C201,35,C,6,9,OPTIMAL,222.4296,6,4,3,1,2,0.6667,221.5138,0.0,0.9158,90,0.75,2.0,1.0
035_C201,35,C,9,0,OPTIMAL,329.6174,9,8,8,0,1,0.8889,327.8692,0.0,1.7482,90,0.75,2.0,1.0
035_C201,35,C,9,1,OPTIMAL,270.7659,9,7,6,1,2,0.7778,220.4,0.0,50.3659,90,0.75,2.0,1.0
035_C201,35,C,9,2,OPTIMAL,235.6117,9,5,4,1,4,0.5556,201.3769,0.0,34.2348,90,0.75,2.0,1.0
035_C201,35,C,9,3,OPTIMAL,388.4724,9,8,6,2,1,0.8889,371.6701,0.0,16.8023,90,0.75,2.0,1.0
035_C201,35,C,9,4,OPTIMAL,316.7726,9,8,8,0,1,0.8889,304.487,0.0,12.2856,90,0.75,2.0,1.0
035_C201,35,C,9,5,OPTIMAL,265.7382,9,7,6,1,2,0.7778,256.2677,0.0,9.4706,90,0.75,2.0,1.0
035_C201,35,C,9,6,OPTIMAL,296.1797,9,6,4,2,3,0.6667,259.5478,0.0,36.6318,90,0.75,2.0,1.0
035_C201,35,C,9,7,OPTIMAL,323.161,9,5,4,1,4,0.5556,193.3439,0.0,129.8172,90,0.75,2.0,1.0
035_C201,35,C,9,8,OPTIMAL,339.4756,9,6,6,0,3,0.6667,311.6362,0.0,27.8394,90,0.75,2.0,1.0
035_C201,35,C,9,9,OPTIMAL,339.5663,9,8,6,2,1,0.8889,339.5627,0.0,0.0036,90,0.75,2.0,1.0
035_C202,35,C,3,0,OPTIMAL,128.8367,3,3,3,0,0,1.0,128.8367,0.0,0.0,90,0.75,2.0,1.0
035_C202,35,C,3,1,OPTIMAL,79.2075,3,2,2,0,1,0.6667,59.6806,0.0,19.5269,90,0.75,2.0,1.0
035_C202,35,C,3,2,OPTIMAL,99.9695,3,2,1,1,1,0.6667,81.9596,0.0,18.0099,90,0.75,2.0,1.0
035_C202,35,C,3,3,OPTIMAL,129.3,3,3,2,1,0,1.0,129.3,0.0,0.0,90,0.75,2.0,1.0
035_C202,35,C,3,4,OPTIMAL,132.9305,3,3,3,0,0,1.0,132.9305,0.0,0.0,90,0.75,2.0,1.0
035_C202,35,C,3,5,OPTIMAL,106.6583,3,2,2,0,1,0.6667,75.1181,0.0,31.5402,90,0.75,2.0,1.0
035_C202,35,C,3,6,OPTIMAL,86.7666,3,2,2,0,1,0.6667,77.6245,0.0,9.1421,90,0.75,2.0,1.0
035_C202,35,C,3,7,OPTIMAL,66.9181,3,2,2,0,1,0.6667,59.1551,0.0,7.763,90,0.75,2.0,1.0
035_C202,35,C,3,8,OPTIMAL,114.8073,3,3,3,0,0,1.0,114.8073,0.0,0.0,90,0.75,2.0,1.0
035_C202,35,C,3,9,OPTIMAL,63.3102,3,2,2,0,1,0.6667,56.7219,0.0,6.5883,90,0.75,2.0,1.0
035_C202,35,C,6,0,OPTIMAL,217.3765,6,5,5,0,1,0.8333,210.6388,0.0,6.7376,90,0.75,2.0,1.0
035_C202,35,C,6,1,OPTIMAL,192.437,6,6,6,0,0,1.0,192.437,0.0,0.0,90,0.75,2.0,1.0
035_C202,35,C,6,2,OPTIMAL,221.6078,6,5,4,1,1,0.8333,220.2826,0.0,1.3252,90,0.75,2.0,1.0
035_C202,35,C,6,3,OPTIMAL,176.2244,6,4,4,0,2,0.6667,169.9279,0.0,6.2965,90,0.75,2.0,1.0
035_C202,35,C,6,4,OPTIMAL,249.2118,6,6,6,0,0,1.0,249.2118,0.0,0.0,90,0.75,2.0,1.0
035_C202,35,C,6,5,OPTIMAL,219.7327,6,6,5,1,0,1.0,219.7327,0.0,0.0,90,0.75,2.0,1.0
035_C202,35,C,6,6,OPTIMAL,284.3662,6,5,5,0,1,0.8333,241.4916,0.0,42.8745,90,0.75,2.0,1.0
035_C202,35,C,6,7,OPTIMAL,189.7016,6,5,5,0,1,0.8333,184.1991,0.0,5.5026,90,0.75,2.0,1.0
035_C202,35,C,6,8,OPTIMAL,201.1484,6,6,4,2,0,1.0,201.1484,0.0,0.0,90,0.75,2.0,1.0
035_C202,35,C,6,9,OPTIMAL,248.5753,6,5,3,2,1,0.8333,247.8583,0.0,0.717,90,0.75,2.0,1.0
035_C202,35,C,9,0,OPTIMAL,329.6174,9,8,8,0,1,0.8889,327.8692,0.0,1.7482,90,0.75,2.0,1.0
035_C202,35,C,9,1,OPTIMAL,268.2946,9,7,7,0,2,0.7778,242.3326,0.0,25.9619,90,0.75,2.0,1.0
035_C202,35,C,9,2,OPTIMAL,235.0744,9,5,4,1,4,0.5556,190.4226,0.0,44.6518,90,0.75,2.0,1.0
035_C202,35,C,9,3,OPTIMAL,414.6433,9,8,6,2,1,0.8889,403.2025,0.0,11.4408,90,0.75,2.0,1.0
035_C202,35,C,9,4,OPTIMAL,316.7726,9,8,8,0,1,0.8889,304.487,0.0,12.2856,90,0.75,2.0,1.0
035_C202,35,C,9,5,OPTIMAL,311.1518,9,8,7,1,1,0.8889,304.4396,0.0,6.7122,90,0.75,2.0,1.0
035_C202,35,C,9,6,OPTIMAL,297.6312,9,6,6,0,3,0.6667,259.8614,0.0,37.7698,90,0.75,2.0,1.0
035_C202,35,C,9,7,OPTIMAL,300.1279,9,6,5,1,3,0.6667,241.5924,0.0,58.5355,90,0.75,2.0,1.0
035_C202,35,C,9,8,OPTIMAL,372.461,9,7,7,0,2,0.7778,344.6216,0.0,27.8394,90,0.75,2.0,1.0
035_C202,35,C,9,9,OPTIMAL,389.5093,9,8,7,1,1,0.8889,347.4688,0.0,42.0404,90,0.75,2.0,1.0
035_C205,35,C,3,0,OPTIMAL,128.8367,3,3,3,0,0,1.0,128.8367,0.0,0.0,90,0.75,2.0,1.0
035_C205,35,C,3,1,OPTIMAL,91.4618,3,2,2,0,1,0.6667,76.2425,0.0,15.2193,90,0.75,2.0,1.0
035_C205,35,C,3,2,OPTIMAL,125.0398,3,3,0,3,0,1.0,125.0398,0.0,0.0,90,0.75,2.0,1.0
035_C205,35,C,3,3,OPTIMAL,105.0456,3,2,2,0,1,0.6667,92.8234,0.0,12.2222,90,0.75,2.0,1.0
035_C205,35,C,3,4,OPTIMAL,132.9305,3,3,2,1,0,1.0,132.9305,0.0,0.0,90,0.75,2.0,1.0
035_C205,35,C,3,5,OPTIMAL,118.9917,3,3,2,1,0,1.0,118.9917,0.0,0.0,90,0.75,2.0,1.0
035_C205,35,C,3,6,OPTIMAL,92.351,3,3,3,0,0,1.0,92.351,0.0,0.0,90,0.75,2.0,1.0
035_C205,35,C,3,7,OPTIMAL,79.6158,3,3,3,0,0,1.0,79.6158,0.0,0.0,90,0.75,2.0,1.0
035_C205,35,C,3,8,OPTIMAL,114.8073,3,3,2,1,0,1.0,114.8073,0.0,0.0,90,0.75,2.0,1.0
035_C205,35,C,3,9,OPTIMAL,90.9959,3,2,2,0,1,0.6667,84.5878,0.0,6.4081,90,0.75,2.0,1.0
035_C205,35,C,6,0,OPTIMAL,174.6744,6,3,3,0,3,0.5,128.9004,0.0,45.774,90,0.75,2.0,1.0
035_C205,35,C,6,1,OPTIMAL,163.4344,6,5,5,0,1,0.8333,163.0269,0.0,0.4075,90,0.75,2.0,1.0
035_C205,35,C,6,2,OPTIMAL,180.508,6,5,2,3,1,0.8333,179.364,0.0,1.144,90,0.75,2.0,1.0
035_C205,35,C,6,3,OPTIMAL,188.5518,6,5,5,0,1,0.8333,188.0374,0.0,0.5144,90,0.75,2.0,1.0
035_C205,35,C,6,4,OPTIMAL,249.2118,6,6,6,0,0,1.0,249.2118,0.0,0.0,90,0.75,2.0,1.0
035_C205,35,C,6,5,OPTIMAL,164.1176,6,4,2,2,2,0.6667,153.6064,0.0,10.5112,90,0.75,2.0,1.0
035_C205,35,C,6,6,OPTIMAL,278.6122,6,5,5,0,1,0.8333,252.162,0.0,26.4502,90,0.75,2.0,1.0
035_C205,35,C,6,7,OPTIMAL,122.9038,6,2,2,0,4,0.3333,62.4331,0.0,60.4707,90,0.75,2.0,1.0
035_C205,35,C,6,8,OPTIMAL,162.0432,6,5,5,0,1,0.8333,149.0198,0.0,13.0234,90,0.75,2.0,1.0
035_C205,35,C,6,9,OPTIMAL,267.6776,6,6,6,0,0,1.0,267.6776,0.0,0.0,90,0.75,2.0,1.0
035_C205,35,C,9,0,OPTIMAL,246.3173,9,5,4,1,4,0.5556,235.7658,0.0,10.5515,90,0.75,2.0,1.0
035_C205,35,C,9,1,OPTIMAL,282.6181,9,7,7,0,2,0.7778,271.7793,0.0,10.8388,90,0.75,2.0,1.0
035_C205,35,C,9,2,OPTIMAL,307.4887,9,7,5,2,2,0.7778,267.3907,0.0,40.0979,90,0.75,2.0,1.0
035_C205,35,C,9,3,OPTIMAL,433.6627,9,9,8,1,0,1.0,433.6627,0.0,0.0,90,0.75,2.0,1.0
035_C205,35,C,9,4,OPTIMAL,300.8668,9,7,6,1,2,0.7778,287.797,0.0,13.0698,90,0.75,2.0,1.0
035_C205,35,C,9,5,OPTIMAL,269.2587,9,6,6,0,3,0.6667,244.8916,0.0,24.367,90,0.75,2.0,1.0
035_C205,35,C,9,6,OPTIMAL,329.1759,9,8,7,1,1,0.8889,312.9968,0.0,16.1791,90,0.75,2.0,1.0
035_C205,35,C,9,7,OPTIMAL,244.4067,9,4,4,0,5,0.4444,168.6734,0.0,75.7333,90,0.75,2.0,1.0
035_C205,35,C,9,8,OPTIMAL,366.5335,9,8,7,1,1,0.8889,365.1719,0.0,1.3616,90,0.75,2.0,1.0
035_C205,35,C,9,9,OPTIMAL,337.9324,9,7,7,0,2,0.7778,329.9289,0.0,8.0035,90,0.75,2.0,1.0
035_C206,35,C,3,0,OPTIMAL,128.8367,3,3,3,0,0,1.0,128.8367,0.0,0.0,90,0.75,2.0,1.0
035_C206,35,C,3,1,OPTIMAL,96.1893,3,3,3,0,0,1.0,96.1893,0.0,0.0,90,0.75,2.0,1.0
035_C206,35,C,3,2,OPTIMAL,125.0398,3,3,2,1,0,1.0,125.0398,0.0,0.0,90,0.75,2.0,1.0
035_C206,35,C,3,3,OPTIMAL,129.3,3,3,3,0,0,1.0,129.3,0.0,0.0,90,0.75,2.0,1.0
035_C206,35,C,3,4,OPTIMAL,132.9305,3,3,3,0,0,1.0,132.9305,0.0,0.0,90,0.75,2.0,1.0
035_C206,35,C,3,5,OPTIMAL,118.9917,3,3,2,1,0,1.0,118.9917,0.0,0.0,90,0.75,2.0,1.0
035_C206,35,C,3,6,OPTIMAL,92.351,3,3,2,1,0,1.0,92.351,0.0,0.0,90,0.75,2.0,1.0
035_C206,35,C,3,7,OPTIMAL,33.9778,3,1,1,0,2,0.3333,21.0081,0.0,12.9697,90,0.75,2.0,1.0
035_C206,35,C,3,8,OPTIMAL,108.4535,3,2,2,0,1,0.6667,72.8868,0.0,35.5667,90,0.75,2.0,1.0
035_C206,35,C,3,9,OPTIMAL,79.6053,3,2,1,1,1,0.6667,56.7219,0.0,22.8835,90,0.75,2.0,1.0
035_C206,35,C,6,0,OPTIMAL,195.9802,6,3,3,0,3,0.5,129.2251,0.0,66.7551,90,0.75,2.0,1.0
035_C206,35,C,6,1,OPTIMAL,175.1428,6,5,5,0,1,0.8333,163.0947,0.0,12.0481,90,0.75,2.0,1.0
035_C206,35,C,6,2,OPTIMAL,239.9155,6,5,5,0,1,0.8333,220.2826,0.0,19.633,90,0.75,2.0,1.0
035_C206,35,C,6,3,OPTIMAL,167.3886,6,3,3,0,3,0.5,150.0694,0.0,17.3192,90,0.75,2.0,1.0
035_C206,35,C,6,4,OPTIMAL,249.2118,6,6,5,1,0,1.0,249.2118,0.0,0.0,90,0.75,2.0,1.0
035_C206,35,C,6,5,OPTIMAL,173.3646,6,4,4,0,2,0.6667,137.8259,0.0,35.5388,90,0.75,2.0,1.0
035_C206,35,C,6,6,OPTIMAL,284.3722,6,6,6,0,0,1.0,284.3722,0.0,0.0,90,0.75,2.0,1.0
035_C206,35,C,6,7,OPTIMAL,206.1395,6,6,4,2,0,1.0,206.1395,0.0,0.0,90,0.75,2.0,1.0
035_C206,35,C,6,8,OPTIMAL,201.1484,6,6,5,1,0,1.0,201.1484,0.0,0.0,90,0.75,2.0,1.0
035_C206,35,C,6,9,OPTIMAL,267.6776,6,6,5,1,0,1.0,267.6776,0.0,0.0,90,0.75,2.0,1.0
035_C206,35,C,9,0,OPTIMAL,376.3582,9,9,9,0,0,1.0,376.3582,0.0,0.0,90,0.75,2.0,1.0
035_C206,35,C,9,1,OPTIMAL,267.1682,9,7,7,0,2,0.7778,258.1691,0.0,8.999,90,0.75,2.0,1.0
035_C206,35,C,9,2,OPTIMAL,328.4231,9,8,7,1,1,0.8889,284.492,0.0,43.9311,90,0.75,2.0,1.0
035_C206,35,C,9,3,OPTIMAL,344.5331,9,6,5,1,3,0.6667,283.7418,0.0,60.7913,90,0.75,2.0,1.0
035_C206,35,C,9,4,OPTIMAL,287.9145,9,8,5,3,1,0.8889,287.3518,0.0,0.5627,90,0.75,2.0,1.0
035_C206,35,C,9,5,OPTIMAL,316.7359,9,8,7,1,1,0.8889,314.9814,0.0,1.7545,90,0.75,2.0,1.0
035_C206,35,C,9,6,OPTIMAL,305.7288,9,7,7,0,2,0.7778,294.1753,0.0,11.5536,90,0.75,2.0,1.0
035_C206,35,C,9,7,OPTIMAL,303.5673,9,6,5,1,3,0.6667,297.7034,0.0,5.8639,90,0.75,2.0,1.0
035_C206,35,C,9,8,OPTIMAL,377.4801,9,7,6,1,2,0.7778,344.6216,0.0,32.8586,90,0.75,2.0,1.0
035_C206,35,C,9,9,OPTIMAL,391.1042,9,9,8,1,0,1.0,391.1042,0.0,0.0,90,0.75,2.0,1.0
035_C207,35,C,3,0,OPTIMAL,128.8367,3,3,2,1,0,1.0,128.8367,0.0,0.0,90,0.75,2.0,1.0
035_C207,35,C,3,1,OPTIMAL,82.7142,3,2,2,0,1,0.6667,76.2425,0.0,6.4717,90,0.75,2.0,1.0
035_C207,35,C,3,2,OPTIMAL,125.0398,3,3,2,1,0,1.0,125.0398,0.0,0.0,90,0.75,2.0,1.0
035_C207,35,C,3,3,OPTIMAL,129.3,3,3,2,1,0,1.0,129.3,0.0,0.0,90,0.75,2.0,1.0
035_C207,35,C,3,4,OPTIMAL,132.9305,3,3,3,0,0,1.0,132.9305,0.0,0.0,90,0.75,2.0,1.0
035_C207,35,C,3,5,OPTIMAL,118.49,3,2,1,1,1,0.6667,98.2422,0.0,20.2477,90,0.75,2.0,1.0
035_C207,35,C,3,6,OPTIMAL,86.6079,3,2,2,0,1,0.6667,77.6245,0.0,8.9835,90,0.75,2.0,1.0
035_C207,35,C,3,7,OPTIMAL,79.6158,3,3,2,1,0,1.0,79.6158,0.0,0.0,90,0.75,2.0,1.0
035_C207,35,C,3,8,OPTIMAL,114.8073,3,3,3,0,0,1.0,114.8073,0.0,0.0,90,0.75,2.0,1.0
035_C207,35,C,3,9,OPTIMAL,100.7281,3,3,2,1,0,1.0,100.7281,0.0,0.0,90,0.75,2.0,1.0
035_C207,35,C,6,0,OPTIMAL,232.4894,6,6,5,1,0,1.0,232.4894,0.0,0.0,90,0.75,2.0,1.0
035_C207,35,C,6,1,OPTIMAL,151.7147,6,4,4,0,2,0.6667,148.5443,0.0,3.1704,90,0.75,2.0,1.0
035_C207,35,C,6,2,OPTIMAL,240.5015,6,6,6,0,0,1.0,240.5015,0.0,0.0,90,0.75,2.0,1.0
035_C207,35,C,6,3,OPTIMAL,200.1683,6,3,3,0,3,0.5,163.0084,0.0,37.1599,90,0.75,2.0,1.0
035_C207,35,C,6,4,OPTIMAL,223.0108,6,5,5,0,1,0.8333,203.3527,0.0,19.6581,90,0.75,2.0,1.0
035_C207,35,C,6,5,OPTIMAL,219.7327,6,6,4,2,0,1.0,219.7327,0.0,0.0,90,0.75,2.0,1.0
035_C207,35,C,6,6,OPTIMAL,219.3895,6,4,4,0,2,0.6667,162.1191,0.0,57.2704,90,0.75,2.0,1.0
035_C207,35,C,6,7,OPTIMAL,206.1395,6,6,5,1,0,1.0,206.1395,0.0,0.0,90,0.75,2.0,1.0
035_C207,35,C,6,8,OPTIMAL,177.0985,6,4,4,0,2,0.6667,142.7929,0.0,34.3056,90,0.75,2.0,1.0
035_C207,35,C,6,9,OPTIMAL,267.6776,6,6,4,2,0,1.0,267.6776,0.0,0.0,90,0.75,2.0,1.0
035_C207,35,C,9,0,OPTIMAL,376.3582,9,9,9,0,0,1.0,376.3582,0.0,0.0,90,0.75,2.0,1.0
035_C207,35,C,9,1,OPTIMAL,302.3662,9,8,8,0,1,0.8889,290.1365,0.0,12.2297,90,0.75,2.0,1.0
035_C207,35,C,9,2,OPTIMAL,305.7082,9,7,5,2,2,0.7778,258.8323,0.0,46.8759,90,0.75,2.0,1.0
035_C207,35,C,9,3,OPTIMAL,381.0738,9,7,6,1,2,0.7778,333.0409,0.0,48.0329,90,0.75,2.0,1.0
035_C207,35,C,9,4,OPTIMAL,286.3197,9,7,6,1,2,0.7778,274.7877,0.0,11.532,90,0.75,2.0,1.0
035_C207,35,C,9,5,OPTIMAL,262.7767,9,7,6,1,2,0.7778,231.6374,0.0,31.1393,90,0.75,2.0,1.0
035_C207,35,C,9,6,OPTIMAL,288.0402,9,6,6,0,3,0.6667,270.3005,0.0,17.7397,90,0.75,2.0,1.0
035_C207,35,C,9,7,OPTIMAL,332.3575,9,7,6,1,2,0.7778,283.8416,0.0,48.5159,90,0.75,2.0,1.0
035_C207,35,C,9,8,OPTIMAL,398.1572,9,9,9,0,0,1.0,398.1572,0.0,0.0,90,0.75,2.0,1.0
035_C207,35,C,9,9,OPTIMAL,375.1043,9,8,8,0,1,0.8889,357.6536,0.0,17.4507,90,0.75,2.0,1.0
035_C208,35,C,3,0,OPTIMAL,109.7339,3,2,2,0,1,0.6667,81.4829,0.0,28.251,90,0.75,2.0,1.0
035_C208,35,C,3,1,OPTIMAL,96.1893,3,3,1,2,0,1.0,96.1893,0.0,0.0,90,0.75,2.0,1.0
035_C208,35,C,3,2,OPTIMAL,125.0398,3,3,3,0,0,1.0,125.0398,0.0,0.0,90,0.75,2.0,1.0
035_C208,35,C,3,3,OPTIMAL,127.7028,3,2,1,1,1,0.6667,82.1679,0.0,45.5349,90,0.75,2.0,1.0
035_C208,35,C,3,4,OPTIMAL,132.9305,3,3,3,0,0,1.0,132.9305,0.0,0.0,90,0.75,2.0,1.0
035_C208,35,C,3,5,OPTIMAL,101.6006,3,2,1,1,1,0.6667,98.2422,0.0,3.3583,90,0.75,2.0,1.0
035_C208,35,C,3,6,OPTIMAL,86.6079,3,2,1,1,1,0.6667,77.6245,0.0,8.9835,90,0.75,2.0,1.0
035_C208,35,C,3,7,OPTIMAL,50.9716,3,2,2,0,1,0.6667,41.4688,0.0,9.5028,90,0.75,2.0,1.0
035_C208,35,C,3,8,OPTIMAL,114.8073,3,3,3,0,0,1.0,114.8073,0.0,0.0,90,0.75,2.0,1.0
035_C208,35,C,3,9,OPTIMAL,79.6053,3,2,2,0,1,0.6667,56.7219,0.0,22.8835,90,0.75,2.0,1.0
035_C208,35,C,6,0,OPTIMAL,232.4894,6,6,5,1,0,1.0,232.4894,0.0,0.0,90,0.75,2.0,1.0
035_C208,35,C,6,1,OPTIMAL,154.6958,6,3,3,0,3,0.5,119.2019,0.0,35.4939,90,0.75,2.0,1.0
035_C208,35,C,6,2,OPTIMAL,213.2377,6,5,5,0,1,0.8333,188.4857,0.0,24.752,90,0.75,2.0,1.0
035_C208,35,C,6,3,OPTIMAL,230.7759,6,5,4,1,1,0.8333,225.0691,0.0,5.7069,90,0.75,2.0,1.0
035_C208,35,C,6,4,OPTIMAL,149.1101,6,3,3,0,3,0.5,104.9757,0.0,44.1344,90,0.75,2.0,1.0
035_C208,35,C,6,5,OPTIMAL,132.3523,6,3,3,0,3,0.5,110.5543,0.0,21.7979,90,0.75,2.0,1.0
035_C208,35,C,6,6,OPTIMAL,223.8634,6,5,5,0,1,0.8333,221.3342,0.0,2.5291,90,0.75,2.0,1.0
035_C208,35,C,6,7,OPTIMAL,187.851,6,5,4,1,1,0.8333,169.2949,0.0,18.5561,90,0.75,2.0,1.0
035_C208,35,C,6,8,OPTIMAL,135.8187,6,3,3,0,3,0.5,109.3685,0.0,26.4502,90,0.75,2.0,1.0
035_C208,35,C,6,9,OPTIMAL,267.6776,6,6,5,1,0,1.0,267.6776,0.0,0.0,90,0.75,2.0,1.0
035_C208,35,C,9,0,OPTIMAL,321.5167,9,7,6,1,2,0.7778,308.7643,0.0,12.7525,90,0.75,2.0,1.0
035_C208,35,C,9,1,OPTIMAL,284.512,9,7,5,2,2,0.7778,236.2365,0.0,48.2755,90,0.75,2.0,1.0
035_C208,35,C,9,2,OPTIMAL,309.3892,9,8,5,3,1,0.8889,307.3917,0.0,1.9974,90,0.75,2.0,1.0
035_C208,35,C,9,3,OPTIMAL,433.6627,9,9,8,1,0,1.0,433.6627,0.0,0.0,90,0.75,2.0,1.0
035_C208,35,C,9,4,OPTIMAL,213.179,9,5,3,2,4,0.5556,186.4844,0.0,26.6946,90,0.75,2.0,1.0
035_C208,35,C,9,5,OPTIMAL,225.6198,9,6,6,0,3,0.6667,185.834,0.0,39.7858,90,0.75,2.0,1.0
035_C208,35,C,9,6,OPTIMAL,260.714,9,6,5,1,3,0.6667,250.0066,0.0,10.7074,90,0.75,2.0,1.0
035_C208,35,C,9,7,OPTIMAL,364.8115,9,9,9,0,0,1.0,364.8115,0.0,0.0,90,0.75,2.0,1.0
035_C208,35,C,9,8,OPTIMAL,398.1572,9,9,8,1,0,1.0,398.1572,0.0,0.0,90,0.75,2.0,1.0
035_C208,35,C,9,9,OPTIMAL,332.182,9,7,7,0,2,0.7778,311.8381,0.0,20.3439,90,0.75,2.0,1.0
035_R101,35,R,3,0,OPTIMAL,58.2533,3,1,1,0,2,0.3333,56.7626,0.0,1.4907,90,0.75,2.0,1.0
035_R101,35,R,3,1,OPTIMAL,51.7277,3,0,0,0,3,0.0,0.0,0.0,51.7277,90,0.75,2.0,1.0
035_R101,35,R,3,2,OPTIMAL,62.9609,3,1,1,0,2,0.3333,49.3159,0.0,13.6449,90,0.75,2.0,1.0
035_R101,35,R,3,3,OPTIMAL,100.7674,3,1,1,0,2,0.3333,54.4525,0.0,46.3149,90,0.75,2.0,1.0
035_R101,35,R,3,4,OPTIMAL,104.8187,3,1,0,1,2,0.3333,50.2353,15.7358,38.8476,90,0.75,2.0,1.0
035_R101,35,R,3,5,OPTIMAL,45.4776,3,1,1,0,2,0.3333,45.377,0.0,0.1007,90,0.75,2.0,1.0
035_R101,35,R,3,6,OPTIMAL,117.3194,3,2,1,1,1,0.6667,104.4485,0.0,12.8709,90,0.75,2.0,1.0
035_R101,35,R,3,7,OPTIMAL,1.7922,3,0,0,0,3,0.0,0.0,0.0,1.7922,90,0.75,2.0,1.0
035_R101,35,R,3,8,OPTIMAL,31.789,3,0,0,0,3,0.0,0.0,0.0,31.789,90,0.75,2.0,1.0
035_R101,35,R,3,9,OPTIMAL,72.587,3,1,1,0,2,0.3333,52.1789,0.0,20.4081,90,0.75,2.0,1.0
035_R101,35,R,6,0,OPTIMAL,152.5688,6,3,2,1,3,0.5,142.5175,0.0,10.0513,90,0.75,2.0,1.0
035_R101,35,R,6,1,OPTIMAL,206.5801,6,4,2,2,2,0.6667,204.9184,0.0,1.6617,90,0.75,2.0,1.0
035_R101,35,R,6,2,OPTIMAL,162.0212,6,3,2,1,3,0.5,157.9556,0.0,4.0656,90,0.75,2.0,1.0
035_R101,35,R,6,3,OPTIMAL,147.5361,6,2,1,1,4,0.3333,122.0812,0.0,25.4549,90,0.75,2.0,1.0
035_R101,35,R,6,4,OPTIMAL,153.1753,6,3,2,1,3,0.5,151.4035,0.0,1.7718,90,0.75,2.0,1.0
035_R101,35,R,6,5,OPTIMAL,116.7578,6,2,1,1,4,0.3333,109.9733,0.0,6.7845,90,0.75,2.0,1.0
035_R101,35,R,6,6,OPTIMAL,114.5013,6,2,0,2,4,0.3333,97.3343,0.0,17.167,90,0.75,2.0,1.0
035_R101,35,R,6,7,OPTIMAL,171.2491,6,3,2,1,3,0.5,143.3263,0.0,27.9229,90,0.75,2.0,1.0
035_R101,35,R,6,8,OPTIMAL,135.4984,6,2,2,0,4,0.3333,107.8279,0.0,27.6705,90,0.75,2.0,1.0
035_R101,35,R,6,9,OPTIMAL,157.4835,6,3,1,2,3,0.5,148.2046,0.0,9.2789,90,0.75,2.0,1.0
035_R101,35,R,9,0,OPTIMAL,226.8673,9,4,2,2,5,0.4444,190.4961,0.0,36.3712,90,0.75,2.0,1.0
035_R101,35,R,9,1,OPTIMAL,245.0553,9,4,2,2,5,0.4444,175.4874,13.606,55.9619,90,0.75,2.0,1.0
035_R101,35,R,9,2,OPTIMAL,296.7588,9,5,3,2,4,0.5556,276.2767,0.0,20.4821,90,0.75,2.0,1.0
035_R101,35,R,9,3,OPTIMAL,235.0944,9,4,2,2,5,0.4444,208.6796,0.0,26.4148,90,0.75,2.0,1.0
035_R101,35,R,9,4,OPTIMAL,103.2178,9,2,1,1,7,0.2222,65.5152,0.0,37.7026,90,0.75,2.0,1.0
035_R101,35,R,9,5,OPTIMAL,335.1431,9,6,4,2,3,0.6667,309.1634,0.0,25.9798,90,0.75,2.0,1.0
035_R101,35,R,9,6,OPTIMAL,170.2682,9,4,0,4,5,0.4444,147.0605,0.0,23.2076,90,0.75,2.0,1.0
035_R101,35,R,9,7,OPTIMAL,120.4789,9,2,0,2,7,0.2222,95.4269,0.0,25.052,90,0.75,2.0,1.0
035_R101,35,R,9,8,OPTIMAL,242.6574,9,5,3,2,4,0.5556,230.1987,0.0,12.4587,90,0.75,2.0,1.0
035_R101,35,R,9,9,OPTIMAL,278.5677,9,5,1,4,4,0.5556,229.9664,1.6782,46.9232,90,0.75,2.0,1.0
035_R102,35,R,3,0,OPTIMAL,61.5324,3,1,0,1,2,0.3333,56.7626,0.0,4.7698,90,0.75,2.0,1.0
035_R102,35,R,3,1,OPTIMAL,43.9884,3,0,0,0,3,0.0,0.0,0.0,43.9884,90,0.75,2.0,1.0
035_R102,35,R,3,2,OPTIMAL,82.1751,3,1,0,1,2,0.3333,51.0559,2.7498,28.3694,90,0.75,2.0,1.0
035_R102,35,R,3,3,OPTIMAL,80.9069,3,1,0,1,2,0.3333,54.4525,0.0,26.4543,90,0.75,2.0,1.0
035_R102,35,R,3,4,OPTIMAL,87.8717,3,0,0,0,3,0.0,0.0,9.6155,78.2562,90,0.75,2.0,1.0
035_R102,35,R,3,5,OPTIMAL,66.0029,3,1,0,1,2,0.3333,47.6437,0.0,18.3592,90,0.75,2.0,1.0
035_R102,35,R,3,6,OPTIMAL,99.7883,3,1,0,1,2,0.3333,51.4472,0.0,48.3411,90,0.75,2.0,1.0
035_R102,35,R,3,7,OPTIMAL,6.4879,3,0,0,0,3,0.0,0.0,0.0,6.4879,90,0.75,2.0,1.0
035_R102,35,R,3,8,OPTIMAL,13.0286,3,0,0,0,3,0.0,0.0,0.0,13.0286,90,0.75,2.0,1.0
035_R102,35,R,3,9,OPTIMAL,56.2924,3,1,0,1,2,0.3333,53.8828,0.0,2.4096,90,0.75,2.0,1.0
035_R102,35,R,6,0,OPTIMAL,101.3123,6,2,0,2,4,0.3333,89.6239,0.0,11.6884,90,0.75,2.0,1.0
035_R102,35,R,6,1,OPTIMAL,254.0532,6,4,0,4,2,0.6667,197.0679,15.2775,41.7078,90,0.75,2.0,1.0
035_R102,35,R,6,2,OPTIMAL,160.345,6,3,0,3,3,0.5,157.9556,0.0,2.3894,90,0.75,2.0,1.0
035_R102,35,R,6,3,OPTIMAL,131.487,6,2,1,1,4,0.3333,122.0812,0.0,9.4059,90,0.75,2.0,1.0
035_R102,35,R,6,4,OPTIMAL,194.2054,6,4,0,4,2,0.6667,193.2782,0.0,0.9272,90,0.75,2.0,1.0
035_R102,35,R,6,5,OPTIMAL,126.1239,6,2,0,2,4,0.3333,109.9733,0.0,16.1507,90,0.75,2.0,1.0
035_R102,35,R,6,6,OPTIMAL,197.4765,6,4,0,4,2,0.6667,196.477,0.0,0.9995,90,0.75,2.0,1.0
035_R102,35,R,6,7,OPTIMAL,209.6758,6,4,0,4,2,0.6667,198.8765,0.0,10.7994,90,0.75,2.0,1.0
035_R102,35,R,6,8,OPTIMAL,105.4657,6,1,0,1,5,0.1667,61.0507,0.0,44.415,90,0.75,2.0,1.0
035_R102,35,R,6,9,OPTIMAL,139.5962,6,2,0,2,4,0.3333,96.962,2.5282,40.106,90,0.75,2.0,1.0
035_R102,35,R,9,0,OPTIMAL,210.8021,9,3,0,3,6,0.3333,147.5771,0.0,63.225,90,0.75,2.0,1.0
035_R102,35,R,9,1,OPTIMAL,111.0741,9,0,0,0,9,0.0,0.0,0.5683,110.5058,90,0.75,2.0,1.0
035_R102,35,R,9,2,OPTIMAL,286.3447,9,5,0,5,4,0.5556,276.2767,0.0,10.068,90,0.75,2.0,1.0
035_R102,35,R,9,3,OPTIMAL,286.5686,9,5,0,5,4,0.5556,242.0935,3.4415,41.0336,90,0.75,2.0,1.0
035_R102,35,R,9,4,OPTIMAL,44.5464,9,0,0,0,9,0.0,0.0,0.0,44.5464,90,0.75,2.0,1.0
035_R102,35,R,9,5,OPTIMAL,255.2772,9,4,0,4,5,0.4444,204.5055,1.5962,49.1755,90,0.75,2.0,1.0
035_R102,35,R,9,6,OPTIMAL,138.2677,9,2,0,2,7,0.2222,92.0864,1.5666,44.6146,90,0.75,2.0,1.0
035_R102,35,R,9,7,OPTIMAL,110.0495,9,2,0,2,7,0.2222,95.4269,0.0,14.6226,90,0.75,2.0,1.0
035_R102,35,R,9,8,OPTIMAL,224.614,9,4,0,4,5,0.4444,201.999,0.0,22.6149,90,0.75,2.0,1.0
035_R102,35,R,9,9,OPTIMAL,282.6827,9,4,0,4,5,0.4444,202.7259,7.3372,72.6196,90,0.75,2.0,1.0
035_R103,35,R,3,0,OPTIMAL,60.4228,3,1,0,1,2,0.3333,56.7626,0.0,3.6602,90,0.75,2.0,1.0
035_R103,35,R,3,1,OPTIMAL,48.735,3,0,0,0,3,0.0,0.0,0.0,48.735,90,0.75,2.0,1.0
035_R103,35,R,3,2,OPTIMAL,72.0536,3,1,0,1,2,0.3333,51.0559,0.0,20.9977,90,0.75,2.0,1.0
035_R103,35,R,3,3,OPTIMAL,39.4522,3,0,0,0,3,0.0,0.0,0.0,39.4522,90,0.75,2.0,1.0
035_R103,35,R,3,4,OPTIMAL,97.0627,3,1,0,1,2,0.3333,56.4445,0.0,40.6182,90,0.75,2.0,1.0
035_R103,35,R,3,5,OPTIMAL,48.4269,3,1,0,1,2,0.3333,47.6437,0.0,0.7832,90,0.75,2.0,1.0
035_R103,35,R,3,6,OPTIMAL,96.3054,3,1,0,1,2,0.3333,51.4472,0.0,44.8583,90,0.75,2.0,1.0
035_R103,35,R,3,7,OPTIMAL,7.878,3,0,0,0,3,0.0,0.0,0.0,7.878,90,0.75,2.0,1.0
035_R103,35,R,3,8,OPTIMAL,7.2373,3,0,0,0,3,0.0,0.0,0.0,7.2373,90,0.75,2.0,1.0
035_R103,35,R,3,9,OPTIMAL,56.2938,3,1,0,1,2,0.3333,53.8828,0.0,2.411,90,0.75,2.0,1.0
035_R103,35,R,6,0,OPTIMAL,16.4065,6,0,0,0,6,0.0,0.0,0.0,16.4065,90,0.75,2.0,1.0
035_R103,35,R,6,1,OPTIMAL,224.6674,6,4,0,4,2,0.6667,222.2334,0.0,2.434,90,0.75,2.0,1.0
035_R103,35,R,6,2,OPTIMAL,116.3459,6,2,0,2,4,0.3333,110.3897,0.0,5.9563,90,0.75,2.0,1.0
035_R103,35,R,6,3,OPTIMAL,128.7256,6,2,1,1,4,0.3333,122.0812,0.0,6.6444,90,0.75,2.0,1.0
035_R103,35,R,6,4,OPTIMAL,193.8587,6,4,0,4,2,0.6667,193.2782,0.0,0.5805,90,0.75,2.0,1.0
035_R103,35,R,6,5,OPTIMAL,124.1018,6,2,0,2,4,0.3333,109.9733,0.0,14.1285,90,0.75,2.0,1.0
035_R103,35,R,6,6,OPTIMAL,196.5083,6,4,0,4,2,0.6667,196.477,0.0,0.0313,90,0.75,2.0,1.0
035_R103,35,R,6,7,OPTIMAL,107.4776,6,1,0,1,5,0.1667,55.5502,1.8375,50.0899,90,0.75,2.0,1.0
035_R103,35,R,6,8,OPTIMAL,160.5381,6,2,0,2,4,0.3333,125.9935,0.0,34.5447,90,0.75,2.0,1.0
035_R103,35,R,6,9,OPTIMAL,185.4454,6,3,0,3,3,0.5,160.146,0.0,25.2993,90,0.75,2.0,1.0
035_R103,35,R,9,0,OPTIMAL,159.3468,9,2,0,2,7,0.2222,109.6976,0.0849,49.5644,90,0.75,2.0,1.0
035_R103,35,R,9,1,OPTIMAL,109.3143,9,0,0,0,9,0.0,0.0,2.7439,106.5704,90,0.75,2.0,1.0
035_R103,35,R,9,2,OPTIMAL,237.1244,9,4,1,3,5,0.4444,227.1897,0.0,9.9347,90,0.75,2.0,1.0
035_R103,35,R,9,3,OPTIMAL,272.5769,9,5,0,5,4,0.5556,242.0935,0.0,30.4834,90,0.75,2.0,1.0
035_R103,35,R,9,4,OPTIMAL,24.4215,9,0,0,0,9,0.0,0.0,0.0,24.4215,90,0.75,2.0,1.0
035_R103,35,R,9,5,OPTIMAL,207.9325,9,3,0,3,6,0.3333,168.6869,0.0,39.2456,90,0.75,2.0,1.0
035_R103,35,R,9,6,OPTIMAL,140.9146,9,1,0,1,8,0.1111,53.8464,5.4103,81.6579,90,0.75,2.0,1.0
035_R103,35,R,9,7,OPTIMAL,106.5187,9,2,0,2,7,0.2222,95.4269,0.0,11.0919,90,0.75,2.0,1.0
035_R103,35,R,9,8,OPTIMAL,211.0989,9,3,0,3,6,0.3333,137.4819,8.8755,64.7415,90,0.75,2.0,1.0
035_R103,35,R,9,9,OPTIMAL,280.0317,9,4,0,4,5,0.4444,202.7259,9.163,68.1428,90,0.75,2.0,1.0
035_R105,35,R,3,0,OPTIMAL,61.3616,3,0,0,0,3,0.0,0.0,0.0,61.3616,90,0.75,2.0,1.0
035_R105,35,R,3,1,OPTIMAL,22.5809,3,0,0,0,3,0.0,0.0,0.0,22.5809,90,0.75,2.0,1.0
035_R105,35,R,3,2,OPTIMAL,63.0536,3,1,0,1,2,0.3333,49.3159,0.0,13.7377,90,0.75,2.0,1.0
035_R105,35,R,3,3,OPTIMAL,77.6141,3,1,1,0,2,0.3333,54.4525,0.0,23.1615,90,0.75,2.0,1.0
035_R105,35,R,3,4,OPTIMAL,140.7945,3,2,0,2,1,0.6667,106.6798,0.0,34.1147,90,0.75,2.0,1.0
035_R105,35,R,3,5,OPTIMAL,1.7865,3,0,0,0,3,0.0,0.0,0.0,1.7865,90,0.75,2.0,1.0
035_R105,35,R,3,6,OPTIMAL,117.3194,3,2,1,1,1,0.6667,104.4485,0.0,12.8709,90,0.75,2.0,1.0
035_R105,35,R,3,7,OPTIMAL,44.6897,3,1,0,1,2,0.3333,44.2613,0.0,0.4284,90,0.75,2.0,1.0
035_R105,35,R,3,8,OPTIMAL,118.4268,3,2,0,2,1,0.6667,80.5657,0.0,37.8611,90,0.75,2.0,1.0
035_R105,35,R,3,9,OPTIMAL,70.9965,3,1,1,0,2,0.3333,52.1789,0.0,18.8176,90,0.75,2.0,1.0
035_R105,35,R,6,0,OPTIMAL,116.9273,6,2,2,0,4,0.3333,103.0425,0.0,13.8849,90,0.75,2.0,1.0
035_R105,35,R,6,1,OPTIMAL,171.9626,6,3,2,1,3,0.5,170.3002,0.0,1.6624,90,0.75,2.0,1.0
035_R105,35,R,6,2,OPTIMAL,144.3373,6,2,1,1,4,0.3333,111.4626,0.0,32.8746,90,0.75,2.0,1.0
035_R105,35,R,6,3,OPTIMAL,212.178,6,3,2,1,3,0.5,181.5477,0.0,30.6303,90,0.75,2.0,1.0
035_R105,35,R,6,4,OPTIMAL,122.158,6,2,0,2,4,0.3333,96.8352,0.0,25.3228,90,0.75,2.0,1.0
035_R105,35,R,6,5,OPTIMAL,116.4458,6,1,1,0,5,0.1667,64.939,0.0,51.5068,90,0.75,2.0,1.0
035_R105,35,R,6,6,OPTIMAL,130.7126,6,2,0,2,4,0.3333,97.3343,0.0,33.3783,90,0.75,2.0,1.0
035_R105,35,R,6,7,OPTIMAL,173.4204,6,2,1,1,4,0.3333,109.4456,0.0,63.9748,90,0.75,2.0,1.0
035_R105,35,R,6,8,OPTIMAL,199.0985,6,3,2,1,3,0.5,172.7707,0.0,26.3278,90,0.75,2.0,1.0
035_R105,35,R,6,9,OPTIMAL,218.4985,6,3,2,1,3,0.5,167.9475,0.0,50.551,90,0.75,2.0,1.0
035_R105,35,R,9,0,OPTIMAL,187.4787,9,3,0,3,6,0.3333,147.799,0.0,39.6797,90,0.75,2.0,1.0
035_R105,35,R,9,1,OPTIMAL,194.5687,9,3,2,1,6,0.3333,171.4428,0.0,23.126,90,0.75,2.0,1.0
035_R105,35,R,9,2,OPTIMAL,249.4947,9,4,2,2,5,0.4444,231.1667,0.0,18.328,90,0.75,2.0,1.0
035_R105,35,R,9,3,OPTIMAL,255.1265,9,5,1,4,4,0.5556,239.7554,0.0,15.3711,90,0.75,2.0,1.0
035_R105,35,R,9,4,OPTIMAL,113.8535,9,2,0,2,7,0.2222,82.2155,0.0,31.638,90,0.75,2.0,1.0
035_R105,35,R,9,5,OPTIMAL,267.3285,9,4,3,1,5,0.4444,217.1778,0.0,50.1507,90,0.75,2.0,1.0
035_R105,35,R,9,6,OPTIMAL,173.3954,9,3,1,2,6,0.3333,117.0013,0.0,56.3941,90,0.75,2.0,1.0
035_R105,35,R,9,7,OPTIMAL,123.7875,9,1,0,1,8,0.1111,49.3414,0.0,74.4462,90,0.75,2.0,1.0
035_R105,35,R,9,8,OPTIMAL,199.9417,9,3,1,2,6,0.3333,157.4153,0.0,42.5264,90,0.75,2.0,1.0
035_R105,35,R,9,9,OPTIMAL,282.0588,9,3,0,3,6,0.3333,143.6611,0.0,138.3977,90,0.75,2.0,1.0
035_R106,35,R,3,0,OPTIMAL,24.8813,3,0,0,0,3,0.0,0.0,0.0,24.8813,90,0.75,2.0,1.0
035_R106,35,R,3,1,OPTIMAL,19.8181,3,0,0,0,3,0.0,0.0,0.0,19.8181,90,0.75,2.0,1.0
035_R106,35,R,3,2,OPTIMAL,62.4664,3,1,0,1,2,0.3333,49.3159,0.0,13.1505,90,0.75,2.0,1.0
035_R106,35,R,3,3,OPTIMAL,63.0189,3,1,0,1,2,0.3333,54.4525,0.0,8.5663,90,0.75,2.0,1.0
035_R106,35,R,3,4,OPTIMAL,102.6522,3,1,0,1,2,0.3333,50.2353,0.0,52.417,90,0.75,2.0,1.0
035_R106,35,R,3,5,OPTIMAL,0.8414,3,0,0,0,3,0.0,0.0,0.0,0.8414,90,0.75,2.0,1.0
035_R106,35,R,3,6,OPTIMAL,63.8119,3,1,0,1,2,0.3333,51.2763,0.0,12.5355,90,0.75,2.0,1.0
035_R106,35,R,3,7,OPTIMAL,8.2946,3,0,0,0,3,0.0,0.0,0.0,8.2946,90,0.75,2.0,1.0
035_R106,35,R,3,8,OPTIMAL,57.0851,3,1,0,1,2,0.3333,47.5542,0.0,9.5309,90,0.75,2.0,1.0
035_R106,35,R,3,9,OPTIMAL,20.0613,3,0,0,0,3,0.0,0.0,0.0,20.0613,90,0.75,2.0,1.0
035_R106,35,R,6,0,OPTIMAL,61.7642,6,1,0,1,5,0.1667,50.1488,0.0,11.6154,90,0.75,2.0,1.0
035_R106,35,R,6,1,OPTIMAL,169.8358,6,2,0,2,4,0.3333,120.9024,0.0,48.9334,90,0.75,2.0,1.0
035_R106,35,R,6,2,OPTIMAL,140.5309,6,2,0,2,4,0.3333,111.4626,0.0,29.0683,90,0.75,2.0,1.0
035_R106,35,R,6,3,OPTIMAL,190.744,6,3,1,2,3,0.5,181.5477,0.0,9.1963,90,0.75,2.0,1.0
035_R106,35,R,6,4,OPTIMAL,121.6877,6,2,0,2,4,0.3333,96.8352,0.0,24.8525,90,0.75,2.0,1.0
035_R106,35,R,6,5,OPTIMAL,93.3596,6,1,0,1,5,0.1667,64.939,0.0,28.4206,90,0.75,2.0,1.0
035_R106,35,R,6,6,OPTIMAL,113.9342,6,2,0,2,4,0.3333,97.3343,0.0,16.5999,90,0.75,2.0,1.0
035_R106,35,R,6,7,OPTIMAL,164.2809,6,2,0,2,4,0.3333,109.4456,0.0,54.8353,90,0.75,2.0,1.0
035_R106,35,R,6,8,OPTIMAL,159.0538,6,2,0,2,4,0.3333,125.9935,0.0,33.0603,90,0.75,2.0,1.0
035_R106,35,R,6,9,OPTIMAL,189.0595,6,3,0,3,3,0.5,167.9475,0.0,21.112,90,0.75,2.0,1.0
035_R106,35,R,9,0,OPTIMAL,129.4139,9,2,0,2,7,0.2222,107.6814,0.0,21.7325,90,0.75,2.0,1.0
035_R106,35,R,9,1,OPTIMAL,131.4289,9,1,0,1,8,0.1111,62.832,0.0,68.5969,90,0.75,2.0,1.0
035_R106,35,R,9,2,OPTIMAL,246.4854,9,4,1,3,5,0.4444,231.1667,0.0,15.3186,90,0.75,2.0,1.0
035_R106,35,R,9,3,OPTIMAL,215.5369,9,3,0,3,6,0.3333,161.9643,0.0,53.5726,90,0.75,2.0,1.0
035_R106,35,R,9,4,OPTIMAL,59.7818,9,0,0,0,9,0.0,0.0,0.0,59.7818,90,0.75,2.0,1.0
035_R106,35,R,9,5,OPTIMAL,199.9832,9,3,0,3,6,0.3333,163.1798,0.0,36.8034,90,0.75,2.0,1.0
035_R106,35,R,9,6,OPTIMAL,129.2029,9,1,0,1,8,0.1111,62.4998,0.0,66.7031,90,0.75,2.0,1.0
035_R106,35,R,9,7,OPTIMAL,94.3985,9,1,0,1,8,0.1111,49.3414,0.0,45.0571,90,0.75,2.0,1.0
035_R106,35,R,9,8,OPTIMAL,176.321,9,2,0,2,7,0.2222,108.8727,0.0,67.4483,90,0.75,2.0,1.0
035_R106,35,R,9,9,OPTIMAL,250.6785,9,2,0,2,7,0.2222,96.4461,0.0,154.2324,90,0.75,2.0,1.0
035_R109,35,R,3,0,OPTIMAL,9.2191,3,0,0,0,3,0.0,0.0,0.0,9.2191,90,0.75,2.0,1.0
035_R109,35,R,3,1,OPTIMAL,19.9365,3,0,0,0,3,0.0,0.0,0.0,19.9365,90,0.75,2.0,1.0
035_R109,35,R,3,2,OPTIMAL,49.4091,3,1,0,1,2,0.3333,49.3159,0.0,0.0932,90,0.75,2.0,1.0
035_R109,35,R,3,3,OPTIMAL,55.0233,3,1,0,1,2,0.3333,54.4525,0.0,0.5708,90,0.75,2.0,1.0
035_R109,35,R,3,4,OPTIMAL,65.4066,3,0,0,0,3,0.0,0.0,0.0,65.4066,90,0.75,2.0,1.0
035_R109,35,R,3,5,OPTIMAL,0.9323,3,0,0,0,3,0.0,0.0,0.0,0.9323,90,0.75,2.0,1.0
035_R109,35,R,3,6,OPTIMAL,50.2501,3,0,0,0,3,0.0,0.0,0.0,50.2501,90,0.75,2.0,1.0
035_R109,35,R,3,7,OPTIMAL,1.3096,3,0,0,0,3,0.0,0.0,0.0,1.3096,90,0.75,2.0,1.0
035_R109,35,R,3,8,OPTIMAL,0.6904,3,0,0,0,3,0.0,0.0,0.0,0.6904,90,0.75,2.0,1.0
035_R109,35,R,3,9,OPTIMAL,64.4973,3,0,0,0,3,0.0,0.0,0.0,64.4973,90,0.75,2.0,1.0
035_R109,35,R,6,0,OPTIMAL,93.6821,6,1,0,1,5,0.1667,50.1488,0.0,43.5333,90,0.75,2.0,1.0
035_R109,35,R,6,1,OPTIMAL,123.7201,6,2,0,2,4,0.3333,120.9024,0.0,2.8177,90,0.75,2.0,1.0
035_R109,35,R,6,2,OPTIMAL,118.6572,6,1,1,0,5,0.1667,63.8967,0.0,54.7605,90,0.75,2.0,1.0
035_R109,35,R,6,3,OPTIMAL,99.209,6,1,1,0,5,0.1667,69.276,0.0,29.933,90,0.75,2.0,1.0
035_R109,35,R,6,4,OPTIMAL,94.1322,6,1,0,1,5,0.1667,54.5683,0.0,39.5639,90,0.75,2.0,1.0
035_R109,35,R,6,5,OPTIMAL,91.4678,6,1,1,0,5,0.1667,64.939,0.0,26.5288,90,0.75,2.0,1.0
035_R109,35,R,6,6,OPTIMAL,81.1124,6,0,0,0,6,0.0,0.0,0.0,81.1124,90,0.75,2.0,1.0
035_R109,35,R,6,7,OPTIMAL,98.3914,6,1,1,0,5,0.1667,62.3403,0.0,36.0511,90,0.75,2.0,1.0
035_R109,35,R,6,8,OPTIMAL,121.4597,6,1,0,1,5,0.1667,61.0507,0.0,60.4091,90,0.75,2.0,1.0
035_R109,35,R,6,9,OPTIMAL,101.8921,6,1,0,1,5,0.1667,51.2426,0.0,50.6495,90,0.75,2.0,1.0
035_R109,35,R,9,0,OPTIMAL,90.436,9,1,0,1,8,0.1111,52.7015,0.0,37.7345,90,0.75,2.0,1.0
035_R109,35,R,9,1,OPTIMAL,145.1142,9,2,1,1,7,0.2222,120.2127,0.0,24.9015,90,0.75,2.0,1.0
035_R109,35,R,9,2,OPTIMAL,191.6349,9,3,2,1,6,0.3333,181.0549,0.0,10.5799,90,0.75,2.0,1.0
035_R109,35,R,9,3,OPTIMAL,54.2473,9,0,0,0,9,0.0,0.0,0.0,54.2473,90,0.75,2.0,1.0
035_R109,35,R,9,4,OPTIMAL,13.1653,9,0,0,0,9,0.0,0.0,0.0,13.1653,90,0.75,2.0,1.0
035_R109,35,R,9,5,OPTIMAL,114.9893,9,1,0,1,8,0.1111,63.1829,0.0,51.8064,90,0.75,2.0,1.0
035_R109,35,R,9,6,OPTIMAL,33.0589,9,0,0,0,9,0.0,0.0,0.0,33.0589,90,0.75,2.0,1.0
035_R109,35,R,9,7,OPTIMAL,46.6041,9,0,0,0,9,0.0,0.0,0.0,46.6041,90,0.75,2.0,1.0
035_R109,35,R,9,8,OPTIMAL,151.4837,9,2,1,1,7,0.2222,117.4398,0.0,34.0439,90,0.75,2.0,1.0
035_R109,35,R,9,9,OPTIMAL,125.8093,9,0,0,0,9,0.0,0.0,0.0,125.8093,90,0.75,2.0,1.0
035_R201,35,R,3,0,OPTIMAL,67.5488,3,1,0,1,2,0.3333,41.8545,0.0,25.6943,90,0.75,2.0,1.0
035_R201,35,R,3,1,OPTIMAL,59.9185,3,0,0,0,3,0.0,0.0,0.0,59.9185,90,0.75,2.0,1.0
035_R201,35,R,3,2,OPTIMAL,71.7419,3,1,0,1,2,0.3333,49.3159,0.0,22.426,90,0.75,2.0,1.0
035_R201,35,R,3,3,OPTIMAL,50.9297,3,1,0,1,2,0.3333,36.2333,0.0,14.6964,90,0.75,2.0,1.0
035_R201,35,R,3,4,OPTIMAL,128.5562,3,2,2,0,1,0.6667,106.6798,0.0,21.8764,90,0.75,2.0,1.0
035_R201,35,R,3,5,OPTIMAL,100.1748,3,2,1,1,1,0.6667,93.0207,0.0,7.1541,90,0.75,2.0,1.0
035_R201,35,R,3,6,OPTIMAL,107.0217,3,2,1,1,1,0.6667,104.6193,0.0,2.4024,90,0.75,2.0,1.0
035_R201,35,R,3,7,OPTIMAL,61.4052,3,2,0,2,1,0.6667,32.0699,0.0,29.3353,90,0.75,2.0,1.0
035_R201,35,R,3,8,OPTIMAL,60.3718,3,1,0,1,2,0.3333,43.5623,0.0,16.8096,90,0.75,2.0,1.0
035_R201,35,R,3,9,OPTIMAL,81.2459,3,1,0,1,2,0.3333,52.1789,0.0,29.067,90,0.75,2.0,1.0
035_R201,35,R,6,0,OPTIMAL,201.9298,6,4,2,2,2,0.6667,151.5491,0.0,50.3807,90,0.75,2.0,1.0
035_R201,35,R,6,1,OPTIMAL,231.093,6,4,4,0,2,0.6667,189.8179,0.0,41.2751,90,0.75,2.0,1.0
035_R201,35,R,6,2,OPTIMAL,157.5378,6,2,1,1,4,0.3333,101.1007,0.0,56.4371,90,0.75,2.0,1.0
035_R201,35,R,6,3,OPTIMAL,219.5126,6,4,3,1,2,0.6667,215.4586,0.0,4.054,90,0.75,2.0,1.0
035_R201,35,R,6,4,OPTIMAL,161.7268,6,2,0,2,4,0.3333,96.8352,0.0,64.8915,90,0.75,2.0,1.0
035_R201,35,R,6,5,OPTIMAL,180.6914,6,3,3,0,3,0.5,125.744,0.0,54.9474,90,0.75,2.0,1.0
035_R201,35,R,6,6,OPTIMAL,194.6212,6,3,2,1,3,0.5,122.1151,0.0,72.5061,90,0.75,2.0,1.0
035_R201,35,R,6,7,OPTIMAL,218.5832,6,3,3,0,3,0.5,164.9958,0.0,53.5874,90,0.75,2.0,1.0
035_R201,35,R,6,8,OPTIMAL,193.3652,6,3,3,0,3,0.5,140.7062,0.0,52.659,90,0.75,2.0,1.0
035_R201,35,R,6,9,OPTIMAL,211.5123,6,4,2,2,2,0.6667,170.8674,0.0,40.6449,90,0.75,2.0,1.0
035_R201,35,R,9,0,OPTIMAL,336.3522,9,7,3,4,2,0.7778,303.5547,0.0,32.7975,90,0.75,2.0,1.0
035_R201,35,R,9,1,OPTIMAL,251.8852,9,4,3,1,5,0.4444,190.3307,0.0,61.5546,90,0.75,2.0,1.0
035_R201,35,R,9,2,OPTIMAL,324.602,9,6,4,2,3,0.6667,297.7757,0.0,26.8263,90,0.75,2.0,1.0
035_R201,35,R,9,3,OPTIMAL,249.5473,9,6,3,3,3,0.6667,240.2389,0.0,9.3083,90,0.75,2.0,1.0
035_R201,35,R,9,4,OPTIMAL,179.7289,9,4,0,4,5,0.4444,114.5536,0.0,65.1753,90,0.75,2.0,1.0
035_R201,35,R,9,5,OPTIMAL,256.2363,9,6,5,1,3,0.6667,233.9129,0.0,22.3234,90,0.75,2.0,1.0
035_R201,35,R,9,6,OPTIMAL,251.5112,9,4,2,2,5,0.4444,172.3036,0.0,79.2076,90,0.75,2.0,1.0
035_R201,35,R,9,7,OPTIMAL,184.2753,9,3,2,1,6,0.3333,130.0294,0.0,54.2459,90,0.75,2.0,1.0
035_R201,35,R,9,8,OPTIMAL,290.8367,9,4,2,2,5,0.4444,200.8496,0.0,89.9871,90,0.75,2.0,1.0
035_R201,35,R,9,9,OPTIMAL,375.0714,9,8,5,3,1,0.8889,373.9423,0.0,1.1291,90,0.75,2.0,1.0
035_R205,35,R,3,0,OPTIMAL,66.89,3,1,1,0,2,0.3333,56.7626,0.0,10.1274,90,0.75,2.0,1.0
035_R205,35,R,3,1,OPTIMAL,52.4462,3,0,0,0,3,0.0,0.0,0.0,52.4462,90,0.75,2.0,1.0
035_R205,35,R,3,2,OPTIMAL,98.055,3,1,1,0,2,0.3333,51.0559,0.0,46.9991,90,0.75,2.0,1.0
035_R205,35,R,3,3,OPTIMAL,100.7248,3,2,2,0,1,0.6667,90.6858,0.0,10.039,90,0.75,2.0,1.0
035_R205,35,R,3,4,OPTIMAL,92.7014,3,2,2,0,1,0.6667,88.3774,0.0,4.324,90,0.75,2.0,1.0
035_R205,35,R,3,5,OPTIMAL,107.9559,3,2,2,0,1,0.6667,93.0207,0.0,14.9353,90,0.75,2.0,1.0
035_R205,35,R,3,6,OPTIMAL,126.9807,3,2,1,1,1,0.6667,104.4485,0.0,22.5322,90,0.75,2.0,1.0
035_R205,35,R,3,7,OPTIMAL,23.2636,3,1,1,0,2,0.3333,15.4364,0.0,7.8272,90,0.75,2.0,1.0
035_R205,35,R,3,8,OPTIMAL,123.9531,3,2,0,2,1,0.6667,91.1165,0.0,32.8366,90,0.75,2.0,1.0
035_R205,35,R,3,9,OPTIMAL,106.9541,3,2,0,2,1,0.6667,106.0617,0.0,0.8924,90,0.75,2.0,1.0
035_R205,35,R,6,0,OPTIMAL,179.4615,6,4,2,2,2,0.6667,163.0651,0.0,16.3964,90,0.75,2.0,1.0
035_R205,35,R,6,1,OPTIMAL,143.6392,6,2,0,2,4,0.3333,120.9024,0.0,22.7368,90,0.75,2.0,1.0
035_R205,35,R,6,2,OPTIMAL,245.2749,6,5,2,3,1,0.8333,236.9801,0.0,8.2948,90,0.75,2.0,1.0
035_R205,35,R,6,3,OPTIMAL,245.056,6,5,2,3,1,0.8333,243.9971,0.0,1.0589,90,0.75,2.0,1.0
035_R205,35,R,6,4,OPTIMAL,196.6532,6,4,2,2,2,0.6667,193.2782,0.0,3.375,90,0.75,2.0,1.0
035_R205,35,R,6,5,OPTIMAL,142.6578,6,2,1,1,4,0.3333,95.7784,0.0,46.8794,90,0.75,2.0,1.0
035_R205,35,R,6,6,OPTIMAL,189.5117,6,3,1,2,3,0.5,143.4589,0.0,46.0528,90,0.75,2.0,1.0
035_R205,35,R,6,7,OPTIMAL,206.7275,6,3,2,1,3,0.5,168.6385,0.0,38.089,90,0.75,2.0,1.0
035_R205,35,R,6,8,OPTIMAL,210.4083,6,3,1,2,3,0.5,172.7849,0.0,37.6234,90,0.75,2.0,1.0
035_R205,35,R,6,9,OPTIMAL,208.1082,6,3,1,2,3,0.5,116.6344,0.0,91.4738,90,0.75,2.0,1.0
035_R205,35,R,9,0,OPTIMAL,268.889,9,5,1,4,4,0.5556,225.4841,0.0,43.405,90,0.75,2.0,1.0
035_R205,35,R,9,1,OPTIMAL,345.3613,9,7,5,2,2,0.7778,302.0935,0.0,43.2677,90,0.75,2.0,1.0
035_R205,35,R,9,2,OPTIMAL,305.2522,9,6,3,3,3,0.6667,297.7757,0.0,7.4765,90,0.75,2.0,1.0
035_R205,35,R,9,3,OPTIMAL,231.8822,9,4,0,4,5,0.4444,129.4031,0.0,102.479,90,0.75,2.0,1.0
035_R205,35,R,9,4,OPTIMAL,233.4503,9,5,2,3,4,0.5556,178.3652,0.0,55.0851,90,0.75,2.0,1.0
035_R205,35,R,9,5,OPTIMAL,355.8713,9,6,6,0,3,0.6667,319.3133,0.0,36.5579,90,0.75,2.0,1.0
035_R205,35,R,9,6,OPTIMAL,254.4421,9,5,3,2,4,0.5556,221.6492,0.0,32.7928,90,0.75,2.0,1.0
035_R205,35,R,9,7,OPTIMAL,157.2566,9,4,3,1,5,0.4444,107.6627,0.0,49.5939,90,0.75,2.0,1.0
035_R205,35,R,9,8,OPTIMAL,253.8968,9,3,1,2,6,0.3333,150.9969,0.0,102.8999,90,0.75,2.0,1.0
035_R205,35,R,9,9,OPTIMAL,293.5778,9,5,1,4,4,0.5556,234.9478,0.0,58.63,90,0.75,2.0,1.0
035_R210,35,R,3,0,OPTIMAL,101.4915,3,2,2,0,1,0.6667,98.6171,0.0,2.8743,90,0.75,2.0,1.0
035_R210,35,R,3,1,OPTIMAL,71.1454,3,1,1,0,2,0.3333,47.3537,0.0,23.7918,90,0.75,2.0,1.0
035_R210,35,R,3,2,OPTIMAL,105.8092,3,2,2,0,1,0.6667,100.3719,0.0,5.4374,90,0.75,2.0,1.0
035_R210,35,R,3,3,OPTIMAL,100.7248,3,2,1,1,1,0.6667,90.6858,0.0,10.039,90,0.75,2.0,1.0
035_R210,35,R,3,4,OPTIMAL,144.822,3,3,3,0,0,1.0,144.822,0.0,0.0,90,0.75,2.0,1.0
035_R210,35,R,3,5,OPTIMAL,94.7466,3,1,0,1,2,0.3333,45.377,0.0,49.3696,90,0.75,2.0,1.0
035_R210,35,R,3,6,OPTIMAL,155.8956,3,3,3,0,0,1.0,155.8956,0.0,0.0,90,0.75,2.0,1.0
035_R210,35,R,3,7,OPTIMAL,76.3312,3,3,2,1,0,1.0,76.3312,0.0,0.0,90,0.75,2.0,1.0
035_R210,35,R,3,8,OPTIMAL,103.2657,3,2,2,0,1,0.6667,91.1165,0.0,12.1492,90,0.75,2.0,1.0
035_R210,35,R,3,9,OPTIMAL,76.8393,3,1,1,0,2,0.3333,52.1789,0.0,24.6605,90,0.75,2.0,1.0
035_R210,35,R,6,0,OPTIMAL,155.3445,6,3,3,0,3,0.5,120.8452,0.0,34.4993,90,0.75,2.0,1.0
035_R210,35,R,6,1,OPTIMAL,163.1705,6,3,2,1,3,0.5,144.8137,0.0,18.3568,90,0.75,2.0,1.0
035_R210,35,R,6,2,OPTIMAL,231.296,6,5,4,1,1,0.8333,205.7331,0.0,25.5629,90,0.75,2.0,1.0
035_R210,35,R,6,3,OPTIMAL,196.2174,6,3,3,0,3,0.5,155.9921,0.0,40.2253,90,0.75,2.0,1.0
035_R210,35,R,6,4,OPTIMAL,177.4237,6,3,2,1,3,0.5,112.2106,0.0,65.2131,90,0.75,2.0,1.0
035_R210,35,R,6,5,OPTIMAL,183.8851,6,4,4,0,2,0.6667,174.4774,0.0,9.4076,90,0.75,2.0,1.0
035_R210,35,R,6,6,OPTIMAL,152.1579,6,2,2,0,4,0.3333,92.3489,0.0,59.8089,90,0.75,2.0,1.0
035_R210,35,R,6,7,OPTIMAL,184.9542,6,4,4,0,2,0.6667,184.8218,0.0,0.1323,90,0.75,2.0,1.0
035_R210,35,R,6,8,OPTIMAL,108.2636,6,1,1,0,5,0.1667,64.9428,0.0,43.3209,90,0.75,2.0,1.0
035_R210,35,R,6,9,OPTIMAL,218.3698,6,4,4,0,2,0.6667,202.4377,0.0,15.9321,90,0.75,2.0,1.0
035_R210,35,R,9,0,OPTIMAL,307.0765,9,4,4,0,5,0.4444,161.5058,0.0,145.5706,90,0.75,2.0,1.0
035_R210,35,R,9,1,OPTIMAL,278.3188,9,6,4,2,3,0.6667,239.2615,0.0,39.0573,90,0.75,2.0,1.0
035_R210,35,R,9,2,OPTIMAL,255.1567,9,4,2,2,5,0.4444,162.8278,0.0,92.3289,90,0.75,2.0,1.0
035_R210,35,R,9,3,OPTIMAL,233.4213,9,2,2,0,7,0.2222,92.3833,0.0,141.038,90,0.75,2.0,1.0
035_R210,35,R,9,4,OPTIMAL,226.1418,9,5,3,2,4,0.5556,151.0487,0.0,75.0932,90,0.75,2.0,1.0
035_R210,35,R,9,5,OPTIMAL,310.3883,9,6,4,2,3,0.6667,264.361,0.0,46.0273,90,0.75,2.0,1.0
035_R210,35,R,9,6,OPTIMAL,251.2016,9,5,3,2,4,0.5556,209.6643,0.0,41.5373,90,0.75,2.0,1.0
035_R210,35,R,9,7,OPTIMAL,222.1506,9,5,4,1,4,0.5556,162.7464,0.0,59.4042,90,0.75,2.0,1.0
035_R210,35,R,9,8,OPTIMAL,311.8601,9,6,4,2,3,0.6667,296.8176,0.0,15.0425,90,0.75,2.0,1.0
035_R210,35,R,9,9,OPTIMAL,310.6692,9,6,5,1,3,0.6667,272.5149,0.0,38.1543,90,0.75,2.0,1.0
035_RC101,35,RC,3,0,OPTIMAL,74.3502,3,1,1,0,2,0.3333,67.9765,0.0,6.3737,90,0.75,2.0,1.0
035_RC101,35,RC,3,1,OPTIMAL,101.2532,3,1,1,0,2,0.3333,85.4836,0.0,15.7696,90,0.75,2.0,1.0
035_RC101,35,RC,3,2,OPTIMAL,171.9944,3,2,2,0,1,0.6667,155.6863,0.0,16.3082,90,0.75,2.0,1.0
035_RC101,35,RC,3,3,OPTIMAL,91.1811,3,1,0,1,2,0.3333,65.8115,0.0,25.3696,90,0.75,2.0,1.0
035_RC101,35,RC,3,4,OPTIMAL,128.152,3,2,2,0,1,0.6667,125.9426,0.0,2.2094,90,0.75,2.0,1.0
035_RC101,35,RC,3,5,OPTIMAL,139.2189,3,2,2,0,1,0.6667,133.5615,0.0,5.6574,90,0.75,2.0,1.0
035_RC101,35,RC,3,6,OPTIMAL,145.0632,3,2,2,0,1,0.6667,145.0302,0.0,0.033,90,0.75,2.0,1.0
035_RC101,35,RC,3,7,OPTIMAL,92.8707,3,1,1,0,2,0.3333,77.8894,0.0,14.9812,90,0.75,2.0,1.0
035_RC101,35,RC,3,8,OPTIMAL,187.5569,3,3,3,0,0,1.0,187.5569,0.0,0.0,90,0.75,2.0,1.0
035_RC101,35,RC,3,9,OPTIMAL,95.3622,3,1,1,0,2,0.3333,50.7428,0.0,44.6194,90,0.75,2.0,1.0
035_RC101,35,RC,6,0,OPTIMAL,190.1508,6,2,2,0,4,0.3333,133.3832,0.0,56.7676,90,0.75,2.0,1.0
035_RC101,35,RC,6,1,OPTIMAL,274.2479,6,4,4,0,2,0.6667,237.6205,0.0,36.6274,90,0.75,2.0,1.0
035_RC101,35,RC,6,2,OPTIMAL,233.543,6,3,2,1,3,0.5,171.6936,0.0,61.8494,90,0.75,2.0,1.0
035_RC101,35,RC,6,3,OPTIMAL,203.2877,6,3,2,1,3,0.5,187.1132,0.0,16.1745,90,0.75,2.0,1.0
035_RC101,35,RC,6,4,OPTIMAL,231.9891,6,3,2,1,3,0.5,196.1956,0.0,35.7934,90,0.75,2.0,1.0
035_RC101,35,RC,6,5,OPTIMAL,199.4498,6,2,2,0,4,0.3333,158.3791,0.0,41.0708,90,0.75,2.0,1.0
035_RC101,35,RC,6,6,OPTIMAL,104.729,6,1,1,0,5,0.1667,67.6784,0.0,37.0506,90,0.75,2.0,1.0
035_RC101,35,RC,6,7,OPTIMAL,208.2199,6,3,3,0,3,0.5,195.7418,0.0,12.478,90,0.75,2.0,1.0
035_RC101,35,RC,6,8,OPTIMAL,263.0504,6,3,3,0,3,0.5,227.704,0.0,35.3463,90,0.75,2.0,1.0
035_RC101,35,RC,6,9,OPTIMAL,249.9764,6,4,2,2,2,0.6667,242.0288,0.0,7.9476,90,0.75,2.0,1.0
035_RC101,35,RC,9,0,OPTIMAL,324.7031,9,4,4,0,5,0.4444,255.2191,0.0,69.484,90,0.75,2.0,1.0
035_RC101,35,RC,9,1,OPTIMAL,382.6338,9,5,5,0,4,0.5556,349.4672,0.0,33.1666,90,0.75,2.0,1.0
035_RC101,35,RC,9,2,OPTIMAL,451.3419,9,6,6,0,3,0.6667,413.0428,0.0,38.2991,90,0.75,2.0,1.0
035_RC101,35,RC,9,3,OPTIMAL,374.6795,9,5,4,1,4,0.5556,338.1738,0.0,36.5057,90,0.75,2.0,1.0
035_RC101,35,RC,9,4,OPTIMAL,446.4786,9,6,5,1,3,0.6667,429.5853,0.0,16.8933,90,0.75,2.0,1.0
035_RC101,35,RC,9,5,OPTIMAL,249.9467,9,3,2,1,6,0.3333,184.8027,0.0,65.144,90,0.75,2.0,1.0
035_RC101,35,RC,9,6,OPTIMAL,345.3057,9,5,5,0,4,0.5556,332.1597,0.0,13.146,90,0.75,2.0,1.0
035_RC101,35,RC,9,7,OPTIMAL,346.2656,9,4,3,1,5,0.4444,269.5731,0.0,76.6925,90,0.75,2.0,1.0
035_RC101,35,RC,9,8,OPTIMAL,351.5958,9,4,4,0,5,0.4444,274.024,0.0,77.5718,90,0.75,2.0,1.0
035_RC101,35,RC,9,9,OPTIMAL,248.5575,9,3,2,1,6,0.3333,187.8451,0.0,60.7123,90,0.75,2.0,1.0
