instance,size,class,level,seed_idx,status,objective,n_emergencies,n_outsourced,n_outsourced_infeasible,n_outsourced_economic,n_inserted,frac_outsourced,outsourcing,tw_penalty,completion_penalty,W,LAMBDA,PI_S,PI_C
010_C101,10,C,1,0,OPTIMAL,6.4458,1,0,0,0,1,0.0,0.0,0.0,6.4458,90,0.75,0.5,1.0
010_C101,10,C,1,1,OPTIMAL,2.8206,1,0,0,0,1,0.0,0.0,0.0,2.8206,90,0.75,0.5,1.0
010_C101,10,C,1,2,OPTIMAL,7.8471,1,0,0,0,1,0.0,0.0,0.0,7.8471,90,0.75,0.5,1.0
010_C101,10,C,1,3,OPTIMAL,32.5475,1,0,0,0,1,0.0,0.0,0.0,32.5475,90,0.75,0.5,1.0
010_C101,10,C,1,4,OPTIMAL,45.679,1,1,1,0,0,1.0,45.679,0.0,0.0,90,0.75,0.5,1.0
010_C101,10,C,1,5,OPTIMAL,55.1658,1,1,1,0,0,1.0,55.1658,0.0,0.0,90,0.75,0.5,1.0
010_C101,10,C,1,6,OPTIMAL,13.0602,1,1,1,0,0,1.0,13.0602,0.0,0.0,90,0.75,0.5,1.0
010_C101,10,C,1,7,OPTIMAL,28.1088,1,1,1,0,0,1.0,28.1088,0.0,0.0,90,0.75,0.5,1.0
010_C101,10,C,1,8,OPTIMAL,26.7534,1,1,1,0,0,1.0,26.7534,0.0,0.0,90,0.75,0.5,1.0
010_C101,10,C,1,9,OPTIMAL,24.0334,1,1,1,0,0,1.0,24.0334,0.0,0.0,90,0.75,0.5,1.0
010_C101,10,C,2,0,OPTIMAL,90.9237,2,2,2,0,0,1.0,90.9237,0.0,0.0,90,0.75,0.5,1.0
010_C101,10,C,2,1,OPTIMAL,86.5546,2,2,2,0,0,1.0,86.5546,0.0,0.0,90,0.75,0.5,1.0
010_C101,10,C,2,2,OPTIMAL,56.3508,2,2,2,0,0,1.0,56.3508,0.0,0.0,90,0.75,0.5,1.0
010_C101,10,C,2,3,OPTIMAL,19.3764,2,1,1,0,1,0.5,18.2049,0.0,1.1714,90,0.75,0.5,1.0
010_C101,10,C,2,4,OPTIMAL,72.0398,2,2,2,0,0,1.0,72.0398,0.0,0.0,90,0.75,0.5,1.0
010_C101,10,C,2,5,OPTIMAL,29.5364,2,1,1,0,1,0.5,23.9055,0.0,5.631,90,0.75,0.5,1.0
010_C101,10,C,2,6,OPTIMAL,83.2263,2,2,2,0,0,1.0,83.2263,0.0,0.0,90,0.75,0.5,1.0
010_C101,10,C,2,7,OPTIMAL,45.2934,2,2,2,0,0,1.0,45.2934,0.0,0.0,90,0.75,0.5,1.0
010_C101,10,C,2,8,OPTIMAL,44.0438,2,2,2,0,0,1.0,44.0438,0.0,0.0,90,0.75,0.5,1.0
010_C101,10,C,2,9,OPTIMAL,92.0678,2,2,2,0,0,1.0,92.0678,0.0,0.0,90,0.75,0.5,1.0
010_C101,10,C,3,0,OPTIMAL,112.747,3,3,3,0,0,1.0,112.747,0.0,0.0,90,0.75,0.5,1.0
010_C101,10,C,3,1,OPTIMAL,98.8041,3,3,3,0,0,1.0,98.8041,0.0,0.0,90,0.75,0.5,1.0
010_C101,10,C,3,2,OPTIMAL,110.0426,3,3,3,0,0,1.0,110.0426,0.0,0.0,90,0.75,0.5,1.0
010_C101,10,C,3,3,OPTIMAL,82.3538,3,2,2,0,1,0.6667,76.6608,0.0,5.6931,90,0.75,0.5,1.0
010_C101,10,C,3,4,OPTIMAL,78.4586,3,3,3,0,0,1.0,78.4586,0.0,0.0,90,0.75,0.5,1.0
010_C101,10,C,3,5,OPTIMAL,98.8952,3,3,3,0,0,1.0,98.8952,0.0,0.0,90,0.75,0.5,1.0
010_C101,10,C,3,6,OPTIMAL,43.297,3,1,1,0,2,0.3333,30.4223,0.0,12.8747,90,0.75,0.5,1.0
010_C101,10,C,3,7,OPTIMAL,93.3823,3,2,2,0,1,0.6667,91.4265,0.0,1.9558,90,0.75,0.5,1.0
010_C101,10,C,3,8,OPTIMAL,81.296,3,2,2,0,1,0.6667,77.8905,0.0,3.4054,90,0.75,0.5,1.0
010_C101,10,C,3,9,OPTIMAL,71.4198,3,2,2,0,1,0.6667,54.8962,0.0,16.5236,90,0.75,0.5,1.0
010_C102,10,C,1,0,OPTIMAL,17.2946,1,0,0,0,1,0.0,0.0,0.0,17.2946,90,0.75,0.5,1.0
010_C102,10,C,1,1,OPTIMAL,21.1747,1,1,1,0,0,1.0,21.1747,0.0,0.0,90,0.75,0.5,1.0
010_C102,10,C,1,2,OPTIMAL,30.1401,1,1,0,1,0,1.0,30.1401,0.0,0.0,90,0.75,0.5,1.0
010_C102,10,C,1,3,OPTIMAL,43.2692,1,1,1,0,0,1.0,43.2692,0.0,0.0,90,0.75,0.5,1.0
010_C102,10,C,1,4,OPTIMAL,45.679,1,1,1,0,0,1.0,45.679,0.0,0.0,90,0.75,0.5,1.0
010_C102,10,C,1,5,OPTIMAL,55.1658,1,1,1,0,0,1.0,55.1658,0.0,0.0,90,0.75,0.5,1.0
010_C102,10,C,1,6,OPTIMAL,13.0602,1,1,1,0,0,1.0,13.0602,0.0,0.0,90,0.75,0.5,1.0
010_C102,10,C,1,7,OPTIMAL,28.1088,1,1,1,0,0,1.0,28.1088,0.0,0.0,90,0.75,0.5,1.0
010_C102,10,C,1,8,OPTIMAL,26.7534,1,1,1,0,0,1.0,26.7534,0.0,0.0,90,0.75,0.5,1.0
010_C102,10,C,1,9,OPTIMAL,24.0334,1,1,1,0,0,1.0,24.0334,0.0,0.0,90,0.75,0.5,1.0
010_C102,10,C,2,0,OPTIMAL,90.9237,2,2,2,0,0,1.0,90.9237,0.0,0.0,90,0.75,0.5,1.0
010_C102,10,C,2,1,OPTIMAL,86.5546,2,2,2,0,0,1.0,86.5546,0.0,0.0,90,0.75,0.5,1.0
010_C102,10,C,2,2,OPTIMAL,56.3508,2,2,2,0,0,1.0,56.3508,0.0,0.0,90,0.75,0.5,1.0
010_C102,10,C,2,3,OPTIMAL,48.0396,2,2,2,0,0,1.0,48.0396,0.0,0.0,90,0.75,0.5,1.0
010_C102,10,C,2,4,OPTIMAL,72.0398,2,2,2,0,0,1.0,72.0398,0.0,0.0,90,0.75,0.5,1.0
010_C102,10,C,2,5,OPTIMAL,29.5364,2,1,1,0,1,0.5,23.9055,0.0,5.631,90,0.75,0.5,1.0
010_C102,10,C,2,6,OPTIMAL,83.2263,2,2,2,0,0,1.0,83.2263,0.0,0.0,90,0.75,0.5,1.0
010_C102,10,C,2,7,OPTIMAL,45.2934,2,2,2,0,0,1.0,45.2934,0.0,0.0,90,0.75,0.5,1.0
010_C102,10,C,2,8,OPTIMAL,44.0438,2,2,2,0,0,1.0,44.0438,0.0,0.0,90,0.75,0.5,1.0
010_C102,10,C,2,9,OPTIMAL,92.0678,2,2,2,0,0,1.0,92.0678,0.0,0.0,90,0.75,0.5,1.0
010_C102,10,C,3,0,OPTIMAL,112.747,3,3,3,0,0,1.0,112.747,0.0,0.0,90,0.75,0.5,1.0
010_C102,10,C,3,1,OPTIMAL,98.8041,3,3,3,0,0,1.0,98.8041,0.0,0.0,90,0.75,0.5,1.0
010_C102,10,C,3,2,OPTIMAL,110.0426,3,3,3,0,0,1.0,110.0426,0.0,0.0,90,0.75,0.5,1.0
010_C102,10,C,3,3,OPTIMAL,82.3538,3,2,2,0,1,0.6667,76.6608,0.0,5.6931,90,0.75,0.5,1.0
010_C102,10,C,3,4,OPTIMAL,78.4586,3,3,3,0,0,1.0,78.4586,0.0,0.0,90,0.75,0.5,1.0
010_C102,10,C,3,5,OPTIMAL,98.8952,3,3,3,0,0,1.0,98.8952,0.0,0.0,90,0.75,0.5,1.0
010_C102,10,C,3,6,OPTIMAL,70.5203,3,3,3,0,0,1.0,70.5203,0.0,0.0,90,0.75,0.5,1.0
010_C102,10,C,3,7,OPTIMAL,120.9858,3,3,3,0,0,1.0,120.9858,0.0,0.0,90,0.75,0.5,1.0
010_C102,10,C,3,8,OPTIMAL,81.296,3,2,2,0,1,0.6667,77.8905,0.0,3.4054,90,0.75,0.5,1.0
010_C102,10,C,3,9,OPTIMAL,72.0097,3,3,3,0,0,1.0,72.0097,0.0,0.0,90,0.75,0.5,1.0
010_C103,10,C,1,0,OPTIMAL,18.831,1,1,0,1,0,1.0,18.831,0.0,0.0,90,0.75,0.5,1.0
010_C103,10,C,1,1,OPTIMAL,21.1747,1,1,1,0,0,1.0,21.1747,0.0,0.0,90,0.75,0.5,1.0
010_C103,10,C,1,2,OPTIMAL,30.1401,1,1,0,1,0,1.0,30.1401,0.0,0.0,90,0.75,0.5,1.0
010_C103,10,C,1,3,OPTIMAL,43.2692,1,1,1,0,0,1.0,43.2692,0.0,0.0,90,0.75,0.5,1.0
010_C103,10,C,1,4,OPTIMAL,45.679,1,1,1,0,0,1.0,45.679,0.0,0.0,90,0.75,0.5,1.0
010_C103,10,C,1,5,OPTIMAL,55.1658,1,1,1,0,0,1.0,55.1658,0.0,0.0,90,0.75,0.5,1.0
010_C103,10,C,1,6,OPTIMAL,13.0602,1,1,1,0,0,1.0,13.0602,0.0,0.0,90,0.75,0.5,1.0
010_C103,10,C,1,7,OPTIMAL,28.1088,1,1,1,0,0,1.0,28.1088,0.0,0.0,90,0.75,0.5,1.0
010_C103,10,C,1,8,OPTIMAL,26.7534,1,1,1,0,0,1.0,26.7534,0.0,0.0,90,0.75,0.5,1.0
010_C103,10,C,1,9,OPTIMAL,24.0334,1,1,1,0,0,1.0,24.0334,0.0,0.0,90,0.75,0.5,1.0
010_C103,10,C,2,0,OPTIMAL,90.9237,2,2,2,0,0,1.0,90.9237,0.0,0.0,90,0.75,0.5,1.0
010_C103,10,C,2,1,OPTIMAL,86.5546,2,2,2,0,0,1.0,86.5546,0.0,0.0,90,0.75,0.5,1.0
010_C103,10,C,2,2,OPTIMAL,56.3508,2,2,2,0,0,1.0,56.3508,0.0,0.0,90,0.75,0.5,1.0
010_C103,10,C,2,3,OPTIMAL,48.0396,2,2,2,0,0,1.0,48.0396,0.0,0.0,90,0.75,0.5,1.0
010_C103,10,C,2,4,OPTIMAL,72.0398,2,2,2,0,0,1.0,72.0398,0.0,0.0,90,0.75,0.5,1.0
010_C103,10,C,2,5,OPTIMAL,39.5063,2,2,2,0,0,1.0,39.5063,0.0,0.0,90,0.75,0.5,1.0
010_C103,10,C,2,6,OPTIMAL,83.2263,2,2,2,0,0,1.0,83.2263,0.0,0.0,90,0.75,0.5,1.0
010_C103,10,C,2,7,OPTIMAL,45.2934,2,2,2,0,0,1.0,45.2934,0.0,0.0,90,0.75,0.5,1.0
010_C103,10,C,2,8,OPTIMAL,44.0438,2,2,2,0,0,1.0,44.0438,0.0,0.0,90,0.75,0.5,1.0
010_C103,10,C,2,9,OPTIMAL,92.0678,2,2,2,0,0,1.0,92.0678,0.0,0.0,90,0.75,0.5,1.0
010_C103,10,C,3,0,OPTIMAL,112.747,3,3,3,0,0,1.0,112.747,0.0,0.0,90,0.75,0.5,1.0
010_C103,10,C,3,1,OPTIMAL,98.8041,3,3,3,0,0,1.0,98.8041,0.0,0.0,90,0.75,0.5,1.0
010_C103,10,C,3,2,OPTIMAL,110.0426,3,3,3,0,0,1.0,110.0426,0.0,0.0,90,0.75,0.5,1.0
010_C103,10,C,3,3,OPTIMAL,92.5046,3,3,3,0,0,1.0,92.5046,0.0,0.0,90,0.75,0.5,1.0
010_C103,10,C,3,4,OPTIMAL,78.4586,3,3,3,0,0,1.0,78.4586,0.0,0.0,90,0.75,0.5,1.0
010_C103,10,C,3,5,OPTIMAL,98.8952,3,3,3,0,0,1.0,98.8952,0.0,0.0,90,0.75,0.5,1.0
010_C103,10,C,3,6,OPTIMAL,70.5203,3,3,3,0,0,1.0,70.5203,0.0,0.0,90,0.75,0.5,1.0
010_C103,10,C,3,7,OPTIMAL,120.9858,3,3,3,0,0,1.0,120.9858,0.0,0.0,90,0.75,0.5,1.0
010_C103,10,C,3,8,OPTIMAL,103.047,3,3,3,0,0,1.0,103.047,0.0,0.0,90,0.75,0.5,1.0
010_C103,10,C,3,9,OPTIMAL,72.0097,3,3,3,0,0,1.0,72.0097,0.0,0.0,90,0.75,0.5,1.0
010_C104,10,C,1,0,OPTIMAL,18.831,1,1,0,1,0,1.0,18.831,0.0,0.0,90,0.75,0.5,1.0
010_C104,10,C,1,1,OPTIMAL,21.1747,1,1,1,0,0,1.0,21.1747,0.0,0.0,90,0.75,0.5,1.0
010_C104,10,C,1,2,OPTIMAL,30.1401,1,1,0,1,0,1.0,30.1401,0.0,0.0,90,0.75,0.5,1.0
010_C104,10,C,1,3,OPTIMAL,43.2692,1,1,1,0,0,1.0,43.2692,0.0,0.0,90,0.75,0.5,1.0
010_C104,10,C,1,4,OPTIMAL,45.679,1,1,1,0,0,1.0,45.679,0.0,0.0,90,0.75,0.5,1.0
010_C104,10,C,1,5,OPTIMAL,55.1658,1,1,1,0,0,1.0,55.1658,0.0,0.0,90,0.75,0.5,1.0
010_C104,10,C,1,6,OPTIMAL,13.0602,1,1,1,0,0,1.0,13.0602,0.0,0.0,90,0.75,0.5,1.0
010_C104,10,C,1,7,OPTIMAL,28.1088,1,1,1,0,0,1.0,28.1088,0.0,0.0,90,0.75,0.5,1.0
010_C104,10,C,1,8,OPTIMAL,26.7534,1,1,1,0,0,1.0,26.7534,0.0,0.0,90,0.75,0.5,1.0
010_C104,10,C,1,9,OPTIMAL,24.0334,1,1,1,0,0,1.0,24.0334,0.0,0.0,90,0.75,0.5,1.0
010_C104,10,C,2,0,OPTIMAL,90.9237,2,2,2,0,0,1.0,90.9237,0.0,0.0,90,0.75,0.5,1.0
010_C104,10,C,2,1,OPTIMAL,86.5546,2,2,2,0,0,1.0,86.5546,0.0,0.0,90,0.75,0.5,1.0
010_C104,10,C,2,2,OPTIMAL,56.3508,2,2,2,0,0,1.0,56.3508,0.0,0.0,90,0.75,0.5,1.0
010_C104,10,C,2,3,OPTIMAL,48.0396,2,2,2,0,0,1.0,48.0396,0.0,0.0,90,0.75,0.5,1.0
010_C104,10,C,2,4,OPTIMAL,72.0398,2,2,2,0,0,1.0,72.0398,0.0,0.0,90,0.75,0.5,1.0
010_C104,10,C,2,5,OPTIMAL,39.5063,2,2,2,0,0,1.0,39.5063,0.0,0.0,90,0.75,0.5,1.0
010_C104,10,C,2,6,OPTIMAL,83.2263,2,2,2,0,0,1.0,83.2263,0.0,0.0,90,0.75,0.5,1.0
010_C104,10,C,2,7,OPTIMAL,45.2934,2,2,2,0,0,1.0,45.2934,0.0,0.0,90,0.75,0.5,1.0
010_C104,10,C,2,8,OPTIMAL,44.0438,2,2,2,0,0,1.0,44.0438,0.0,0.0,90,0.75,0.5,1.0
010_C104,10,C,2,9,OPTIMAL,92.0678,2,2,2,0,0,1.0,92.0678,0.0,0.0,90,0.75,0.5,1.0
010_C104,10,C,3,0,OPTIMAL,112.747,3,3,3,0,0,1.0,112.747,0.0,0.0,90,0.75,0.5,1.0
010_C104,10,C,3,1,OPTIMAL,98.8041,3,3,3,0,0,1.0,98.8041,0.0,0.0,90,0.75,0.5,1.0
010_C104,10,C,3,2,OPTIMAL,110.0426,3,3,3,0,0,1.0,110.0426,0.0,0.0,90,0.75,0.5,1.0
010_C104,10,C,3,3,OPTIMAL,92.5046,3,3,3,0,0,1.0,92.5046,0.0,0.0,90,0.75,0.5,1.0
010_C104,10,C,3,4,OPTIMAL,78.4586,3,3,3,0,0,1.0,78.4586,0.0,0.0,90,0.75,0.5,1.0
010_C104,10,C,3,5,OPTIMAL,98.8952,3,3,3,0,0,1.0,98.8952,0.0,0.0,90,0.75,0.5,1.0
010_C104,10,C,3,6,OPTIMAL,70.5203,3,3,3,0,0,1.0,70.5203,0.0,0.0,90,0.75,0.5,1.0
010_C104,10,C,3,7,OPTIMAL,120.9858,3,3,3,0,0,1.0,120.9858,0.0,0.0,90,0.75,0.5,1.0
010_C104,10,C,3,8,OPTIMAL,103.047,3,3,3,0,0,1.0,103.047,0.0,0.0,90,0.75,0.5,1.0
010_C104,10,C,3,9,OPTIMAL,72.0097,3,3,3,0,0,1.0,72.0097,0.0,0.0,90,0.75,0.5,1.0
010_C105,10,C,1,0,OPTIMAL,6.4458,1,0,0,0,1,0.0,0.0,0.0,6.4458,90,0.75,0.5,1.0
010_C105,10,C,1,1,OPTIMAL,21.1747,1,1,1,0,0,1.0,21.1747,0.0,0.0,90,0.75,0.5,1.0
010_C105,10,C,1,2,OPTIMAL,7.8471,1,0,0,0,1,0.0,0.0,0.0,7.8471,90,0.75,0.5,1.0
010_C105,10,C,1,3,OPTIMAL,32.5475,1,0,0,0,1,0.0,0.0,0.0,32.5475,90,0.75,0.5,1.0
010_C105,10,C,1,4,OPTIMAL,45.679,1,1,1,0,0,1.0,45.679,0.0,0.0,90,0.75,0.5,1.0
010_C105,10,C,1,5,OPTIMAL,55.1658,1,1,1,0,0,1.0,55.1658,0.0,0.0,90,0.75,0.5,1.0
010_C105,10,C,1,6,OPTIMAL,13.0602,1,1,1,0,0,1.0,13.0602,0.0,0.0,90,0.75,0.5,1.0
010_C105,10,C,1,7,OPTIMAL,28.1088,1,1,1,0,0,1.0,28.1088,0.0,0.0,90,0.75,0.5,1.0
010_C105,10,C,1,8,OPTIMAL,5.5276,1,0,0,0,1,0.0,0.0,0.0,5.5276,90,0.75,0.5,1.0
010_C105,10,C,1,9,OPTIMAL,24.0334,1,1,1,0,0,1.0,24.0334,0.0,0.0,90,0.75,0.5,1.0
010_C105,10,C,2,0,OPTIMAL,90.9237,2,2,2,0,0,1.0,90.9237,0.0,0.0,90,0.75,0.5,1.0
010_C105,10,C,2,1,OPTIMAL,86.5546,2,2,2,0,0,1.0,86.5546,0.0,0.0,90,0.75,0.5,1.0
010_C105,10,C,2,2,OPTIMAL,56.3508,2,2,2,0,0,1.0,56.3508,0.0,0.0,90,0.75,0.5,1.0
010_C105,10,C,2,3,OPTIMAL,19.3764,2,1,1,0,1,0.5,18.2049,0.0,1.1714,90,0.75,0.5,1.0
010_C105,10,C,2,4,OPTIMAL,50.0122,2,1,1,0,1,0.5,46.4993,0.0,3.5129,90,0.75,0.5,1.0
010_C105,10,C,2,5,OPTIMAL,39.5063,2,2,2,0,0,1.0,39.5063,0.0,0.0,90,0.75,0.5,1.0
010_C105,10,C,2,6,OPTIMAL,83.2263,2,2,2,0,0,1.0,83.2263,0.0,0.0,90,0.75,0.5,1.0
010_C105,10,C,2,7,OPTIMAL,15.3033,2,1,1,0,1,0.5,15.2343,0.0,0.069,90,0.75,0.5,1.0
010_C105,10,C,2,8,OPTIMAL,44.0438,2,2,2,0,0,1.0,44.0438,0.0,0.0,90,0.75,0.5,1.0
010_C105,10,C,2,9,OPTIMAL,92.0678,2,2,2,0,0,1.0,92.0678,0.0,0.0,90,0.75,0.5,1.0
010_C105,10,C,3,0,OPTIMAL,112.747,3,3,3,0,0,1.0,112.747,0.0,0.0,90,0.75,0.5,1.0
010_C105,10,C,3,1,OPTIMAL,98.8041,3,3,3,0,0,1.0,98.8041,0.0,0.0,90,0.75,0.5,1.0
010_C105,10,C,3,2,OPTIMAL,110.0426,3,3,3,0,0,1.0,110.0426,0.0,0.0,90,0.75,0.5,1.0
010_C105,10,C,3,3,OPTIMAL,67.3473,3,1,1,0,2,0.3333,61.6021,0.0,5.7451,90,0.75,0.5,1.0
010_C105,10,C,3,4,OPTIMAL,78.4586,3,3,3,0,0,1.0,78.4586,0.0,0.0,90,0.75,0.5,1.0
010_C105,10,C,3,5,OPTIMAL,98.8952,3,3,3,0,0,1.0,98.8952,0.0,0.0,90,0.75,0.5,1.0
010_C105,10,C,3,6,OPTIMAL,14.3177,3,0,0,0,3,0.0,0.0,0.0,14.3177,90,0.75,0.5,1.0
010_C105,10,C,3,7,OPTIMAL,93.3823,3,2,1,1,1,0.6667,91.4265,0.0,1.9558,90,0.75,0.5,1.0
010_C105,10,C,3,8,OPTIMAL,90.6198,3,2,2,0,1,0.6667,49.3975,0.0,41.2224,90,0.75,0.5,1.0
010_C105,10,C,3,9,OPTIMAL,72.0097,3,3,3,0,0,1.0,72.0097,0.0,0.0,90,0.75,0.5,1.0
010_C106,10,C,1,0,OPTIMAL,6.4458,1,0,0,0,1,0.0,0.0,0.0,6.4458,90,0.75,0.5,1.0
010_C106,10,C,1,1,OPTIMAL,5.6412,1,0,0,0,1,0.0,0.0,0.0,5.6412,90,0.75,0.5,1.0
010_C106,10,C,1,2,OPTIMAL,7.8471,1,0,0,0,1,0.0,0.0,0.0,7.8471,90,0.75,0.5,1.0
010_C106,10,C,1,3,OPTIMAL,43.2692,1,1,0,1,0,1.0,43.2692,0.0,0.0,90,0.75,0.5,1.0
010_C106,10,C,1,4,OPTIMAL,45.679,1,1,1,0,0,1.0,45.679,0.0,0.0,90,0.75,0.5,1.0
010_C106,10,C,1,5,OPTIMAL,55.1658,1,1,1,0,0,1.0,55.1658,0.0,0.0,90,0.75,0.5,1.0
010_C106,10,C,1,6,OPTIMAL,13.0602,1,1,1,0,0,1.0,13.0602,0.0,0.0,90,0.75,0.5,1.0
010_C106,10,C,1,7,OPTIMAL,28.1088,1,1,1,0,0,1.0,28.1088,0.0,0.0,90,0.75,0.5,1.0
010_C106,10,C,1,8,OPTIMAL,26.7534,1,1,1,0,0,1.0,26.7534,0.0,0.0,90,0.75,0.5,1.0
010_C106,10,C,1,9,OPTIMAL,24.0334,1,1,1,0,0,1.0,24.0334,0.0,0.0,90,0.75,0.5,1.0
010_C106,10,C,2,0,OPTIMAL,90.9237,2,2,2,0,0,1.0,90.9237,0.0,0.0,90,0.75,0.5,1.0
010_C106,10,C,2,1,OPTIMAL,86.5546,2,2,2,0,0,1.0,86.5546,0.0,0.0,90,0.75,0.5,1.0
010_C106,10,C,2,2,OPTIMAL,56.3508,2,2,2,0,0,1.0,56.3508,0.0,0.0,90,0.75,0.5,1.0
010_C106,10,C,2,3,OPTIMAL,19.3764,2,1,1,0,1,0.5,18.2049,0.0,1.1714,90,0.75,0.5,1.0
010_C106,10,C,2,4,OPTIMAL,72.0398,2,2,2,0,0,1.0,72.0398,0.0,0.0,90,0.75,0.5,1.0
010_C106,10,C,2,5,OPTIMAL,39.5063,2,2,1,1,0,1.0,39.5063,0.0,0.0,90,0.75,0.5,1.0
010_C106,10,C,2,6,OPTIMAL,83.2263,2,2,2,0,0,1.0,83.2263,0.0,0.0,90,0.75,0.5,1.0
010_C106,10,C,2,7,OPTIMAL,15.3033,2,1,1,0,1,0.5,15.2343,0.0,0.069,90,0.75,0.5,1.0
010_C106,10,C,2,8,OPTIMAL,44.0438,2,2,2,0,0,1.0,44.0438,0.0,0.0,90,0.75,0.5,1.0
010_C106,10,C,2,9,OPTIMAL,92.0678,2,2,2,0,0,1.0,92.0678,0.0,0.0,90,0.75,0.5,1.0
010_C106,10,C,3,0,OPTIMAL,112.747,3,3,3,0,0,1.0,112.747,0.0,0.0,90,0.75,0.5,1.0
010_C106,10,C,3,1,OPTIMAL,98.8041,3,3,3,0,0,1.0,98.8041,0.0,0.0,90,0.75,0.5,1.0
010_C106,10,C,3,2,OPTIMAL,110.0426,3,3,3,0,0,1.0,110.0426,0.0,0.0,90,0.75,0.5,1.0
010_C106,10,C,3,3,OPTIMAL,92.5046,3,3,1,2,0,1.0,92.5046,0.0,0.0,90,0.75,0.5,1.0
010_C106,10,C,3,4,OPTIMAL,78.4586,3,3,3,0,0,1.0,78.4586,0.0,0.0,90,0.75,0.5,1.0
010_C106,10,C,3,5,OPTIMAL,98.8952,3,3,3,0,0,1.0,98.8952,0.0,0.0,90,0.75,0.5,1.0
010_C106,10,C,3,6,OPTIMAL,41.016,3,2,0,2,1,0.6667,40.098,0.0,0.918,90,0.75,0.5,1.0
010_C106,10,C,3,7,OPTIMAL,93.3823,3,2,0,2,1,0.6667,91.4265,0.0,1.9558,90,0.75,0.5,1.0
010_C106,10,C,3,8,OPTIMAL,88.1069,3,2,1,1,1,0.6667,77.8905,0.0,10.2163,90,0.75,0.5,1.0
010_C106,10,C,3,9,OPTIMAL,71.4198,3,2,2,0,1,0.6667,54.8962,0.0,16.5236,90,0.75,0.5,1.0
010_C107,10,C,1,0,OPTIMAL,6.4458,1,0,0,0,1,0.0,0.0,0.0,6.4458,90,0.75,0.5,1.0
010_C107,10,C,1,1,OPTIMAL,0.0013,1,0,0,0,1,0.0,0.0,0.0,0.0013,90,0.75,0.5,1.0
010_C107,10,C,1,2,OPTIMAL,30.1401,1,1,1,0,0,1.0,30.1401,0.0,0.0,90,0.75,0.5,1.0
010_C107,10,C,1,3,OPTIMAL,43.2692,1,1,1,0,0,1.0,43.2692,0.0,0.0,90,0.75,0.5,1.0
010_C107,10,C,1,4,OPTIMAL,45.679,1,1,1,0,0,1.0,45.679,0.0,0.0,90,0.75,0.5,1.0
010_C107,10,C,1,5,OPTIMAL,55.1658,1,1,1,0,0,1.0,55.1658,0.0,0.0,90,0.75,0.5,1.0
010_C107,10,C,1,6,OPTIMAL,13.0602,1,1,1,0,0,1.0,13.0602,0.0,0.0,90,0.75,0.5,1.0
010_C107,10,C,1,7,OPTIMAL,28.1088,1,1,1,0,0,1.0,28.1088,0.0,0.0,90,0.75,0.5,1.0
010_C107,10,C,1,8,OPTIMAL,5.5276,1,0,0,0,1,0.0,0.0,0.0,5.5276,90,0.75,0.5,1.0
010_C107,10,C,1,9,OPTIMAL,24.0334,1,1,1,0,0,1.0,24.0334,0.0,0.0,90,0.75,0.5,1.0
010_C107,10,C,2,0,OPTIMAL,77.5428,2,1,1,0,1,0.5,31.8995,0.0,45.6433,90,0.75,0.5,1.0
010_C107,10,C,2,1,OPTIMAL,86.5546,2,2,2,0,0,1.0,86.5546,0.0,0.0,90,0.75,0.5,1.0
010_C107,10,C,2,2,OPTIMAL,56.3508,2,2,2,0,0,1.0,56.3508,0.0,0.0,90,0.75,0.5,1.0
010_C107,10,C,2,3,OPTIMAL,21.8956,2,1,1,0,1,0.5,18.2049,0.0,3.6907,90,0.75,0.5,1.0
010_C107,10,C,2,4,OPTIMAL,50.0122,2,1,1,0,1,0.5,46.4993,0.0,3.5129,90,0.75,0.5,1.0
010_C107,10,C,2,5,OPTIMAL,30.2749,2,1,1,0,1,0.5,23.9055,0.0,6.3694,90,0.75,0.5,1.0
010_C107,10,C,2,6,OPTIMAL,83.2263,2,2,2,0,0,1.0,83.2263,0.0,0.0,90,0.75,0.5,1.0
010_C107,10,C,2,7,OPTIMAL,15.3033,2,1,1,0,1,0.5,15.2343,0.0,0.069,90,0.75,0.5,1.0
010_C107,10,C,2,8,OPTIMAL,44.0438,2,2,2,0,0,1.0,44.0438,0.0,0.0,90,0.75,0.5,1.0
010_C107,10,C,2,9,OPTIMAL,92.0678,2,2,2,0,0,1.0,92.0678,0.0,0.0,90,0.75,0.5,1.0
010_C107,10,C,3,0,OPTIMAL,112.747,3,3,3,0,0,1.0,112.747,0.0,0.0,90,0.75,0.5,1.0
010_C107,10,C,3,1,OPTIMAL,98.8041,3,3,3,0,0,1.0,98.8041,0.0,0.0,90,0.75,0.5,1.0
010_C107,10,C,3,2,OPTIMAL,110.0426,3,3,3,0,0,1.0,110.0426,0.0,0.0,90,0.75,0.5,1.0
010_C107,10,C,3,3,OPTIMAL,77.498,3,2,2,0,1,0.6667,77.446,0.0,0.052,90,0.75,0.5,1.0
010_C107,10,C,3,4,OPTIMAL,78.4586,3,3,3,0,0,1.0,78.4586,0.0,0.0,90,0.75,0.5,1.0
010_C107,10,C,3,5,OPTIMAL,85.9785,3,2,2,0,1,0.6667,41.1708,0.0,44.8077,90,0.75,0.5,1.0
010_C107,10,C,3,6,OPTIMAL,3.9983,3,0,0,0,3,0.0,0.0,0.0,3.9983,90,0.75,0.5,1.0
010_C107,10,C,3,7,OPTIMAL,120.9858,3,3,3,0,0,1.0,120.9858,0.0,0.0,90,0.75,0.5,1.0
010_C107,10,C,3,8,OPTIMAL,80.5296,3,2,2,0,1,0.6667,77.8905,0.0,2.639,90,0.75,0.5,1.0
010_C107,10,C,3,9,OPTIMAL,58.4079,3,2,2,0,1,0.6667,54.8962,0.0,3.5117,90,0.75,0.5,1.0
010_C108,10,C,1,0,OPTIMAL,6.4458,1,0,0,0,1,0.0,0.0,0.0,6.4458,90,0.75,0.5,1.0
010_C108,10,C,1,1,OPTIMAL,0.0013,1,0,0,0,1,0.0,0.0,0.0,0.0013,90,0.75,0.5,1.0
010_C108,10,C,1,2,OPTIMAL,30.1401,1,1,1,0,0,1.0,30.1401,0.0,0.0,90,0.75,0.5,1.0
010_C108,10,C,1,3,OPTIMAL,43.2692,1,1,1,0,0,1.0,43.2692,0.0,0.0,90,0.75,0.5,1.0
010_C108,10,C,1,4,OPTIMAL,45.679,1,1,1,0,0,1.0,45.679,0.0,0.0,90,0.75,0.5,1.0
010_C108,10,C,1,5,OPTIMAL,55.1658,1,1,1,0,0,1.0,55.1658,0.0,0.0,90,0.75,0.5,1.0
010_C108,10,C,1,6,OPTIMAL,13.0602,1,1,1,0,0,1.0,13.0602,0.0,0.0,90,0.75,0.5,1.0
010_C108,10,C,1,7,OPTIMAL,28.1088,1,1,1,0,0,1.0,28.1088,0.0,0.0,90,0.75,0.5,1.0
010_C108,10,C,1,8,OPTIMAL,1.6558,1,0,0,0,1,0.0,0.0,0.0,1.6558,90,0.75,0.5,1.0
010_C108,10,C,1,9,OPTIMAL,24.0334,1,1,1,0,0,1.0,24.0334,0.0,0.0,90,0.75,0.5,1.0
010_C108,10,C,2,0,OPTIMAL,77.5428,2,1,1,0,1,0.5,31.8995,0.0,45.6433,90,0.75,0.5,1.0
010_C108,10,C,2,1,OPTIMAL,86.5546,2,2,2,0,0,1.0,86.5546,0.0,0.0,90,0.75,0.5,1.0
010_C108,10,C,2,2,OPTIMAL,56.3508,2,2,2,0,0,1.0,56.3508,0.0,0.0,90,0.75,0.5,1.0
010_C108,10,C,2,3,OPTIMAL,21.8956,2,1,1,0,1,0.5,18.2049,0.0,3.6907,90,0.75,0.5,1.0
010_C108,10,C,2,4,OPTIMAL,49.2278,2,1,1,0,1,0.5,46.4993,0.0,2.7285,90,0.75,0.5,1.0
010_C108,10,C,2,5,OPTIMAL,39.5063,2,2,2,0,0,1.0,39.5063,0.0,0.0,90,0.75,0.5,1.0
010_C108,10,C,2,6,OPTIMAL,83.2263,2,2,2,0,0,1.0,83.2263,0.0,0.0,90,0.75,0.5,1.0
010_C108,10,C,2,7,OPTIMAL,15.3033,2,1,1,0,1,0.5,15.2343,0.0,0.069,90,0.75,0.5,1.0
010_C108,10,C,2,8,OPTIMAL,44.0438,2,2,2,0,0,1.0,44.0438,0.0,0.0,90,0.75,0.5,1.0
010_C108,10,C,2,9,OPTIMAL,92.0678,2,2,2,0,0,1.0,92.0678,0.0,0.0,90,0.75,0.5,1.0
010_C108,10,C,3,0,OPTIMAL,112.747,3,3,3,0,0,1.0,112.747,0.0,0.0,90,0.75,0.5,1.0
010_C108,10,C,3,1,OPTIMAL,98.8041,3,3,3,0,0,1.0,98.8041,0.0,0.0,90,0.75,0.5,1.0
010_C108,10,C,3,2,OPTIMAL,110.0426,3,3,3,0,0,1.0,110.0426,0.0,0.0,90,0.75,0.5,1.0
010_C108,10,C,3,3,OPTIMAL,68.0978,3,1,1,0,2,0.3333,61.6021,0.0,6.4956,90,0.75,0.5,1.0
010_C108,10,C,3,4,OPTIMAL,78.4586,3,3,3,0,0,1.0,78.4586,0.0,0.0,90,0.75,0.5,1.0
010_C108,10,C,3,5,OPTIMAL,98.8952,3,3,3,0,0,1.0,98.8952,0.0,0.0,90,0.75,0.5,1.0
010_C108,10,C,3,6,OPTIMAL,3.9983,3,0,0,0,3,0.0,0.0,0.0,3.9983,90,0.75,0.5,1.0
010_C108,10,C,3,7,OPTIMAL,94.778,3,2,2,0,1,0.6667,91.4265,0.0,3.3515,90,0.75,0.5,1.0
010_C108,10,C,3,8,OPTIMAL,103.047,3,3,3,0,0,1.0,103.047,0.0,0.0,90,0.75,0.5,1.0
010_C108,10,C,3,9,OPTIMAL,58.4079,3,2,2,0,1,0.6667,54.8962,0.0,3.5117,90,0.75,0.5,1.0
010_C109,10,C,1,0,OPTIMAL,6.4458,1,0,0,0,1,0.0,0.0,0.0,6.4458,90,0.75,0.5,1.0
010_C109,10,C,1,1,OPTIMAL,0.3563,1,0,0,0,1,0.0,0.0,0.0,0.3563,90,0.75,0.5,1.0
010_C109,10,C,1,2,OPTIMAL,2.6927,1,0,0,0,1,0.0,0.0,0.0,2.6927,90,0.75,0.5,1.0
010_C109,10,C,1,3,OPTIMAL,43.2692,1,1,1,0,0,1.0,43.2692,0.0,0.0,90,0.75,0.5,1.0
010_C109,10,C,1,4,OPTIMAL,45.679,1,1,1,0,0,1.0,45.679,0.0,0.0,90,0.75,0.5,1.0
010_C109,10,C,1,5,OPTIMAL,55.1658,1,1,1,0,0,1.0,55.1658,0.0,0.0,90,0.75,0.5,1.0
010_C109,10,C,1,6,OPTIMAL,13.0602,1,1,1,0,0,1.0,13.0602,0.0,0.0,90,0.75,0.5,1.0
010_C109,10,C,1,7,OPTIMAL,28.1088,1,1,1,0,0,1.0,28.1088,0.0,0.0,90,0.75,0.5,1.0
010_C109,10,C,1,8,OPTIMAL,26.7534,1,1,1,0,0,1.0,26.7534,0.0,0.0,90,0.75,0.5,1.0
010_C109,10,C,1,9,OPTIMAL,24.0334,1,1,1,0,0,1.0,24.0334,0.0,0.0,90,0.75,0.5,1.0
010_C109,10,C,2,0,OPTIMAL,90.9237,2,2,2,0,0,1.0,90.9237,0.0,0.0,90,0.75,0.5,1.0
010_C109,10,C,2,1,OPTIMAL,28.3515,2,1,1,0,1,0.5,26.4244,0.0,1.9271,90,0.75,0.5,1.0
010_C109,10,C,2,2,OPTIMAL,56.3508,2,2,2,0,0,1.0,56.3508,0.0,0.0,90,0.75,0.5,1.0
010_C109,10,C,2,3,OPTIMAL,48.0396,2,2,2,0,0,1.0,48.0396,0.0,0.0,90,0.75,0.5,1.0
010_C109,10,C,2,4,OPTIMAL,49.2278,2,1,1,0,1,0.5,46.4993,0.0,2.7285,90,0.75,0.5,1.0
010_C109,10,C,2,5,OPTIMAL,36.9691,2,1,1,0,1,0.5,23.9055,0.0,13.0637,90,0.75,0.5,1.0
010_C109,10,C,2,6,OPTIMAL,83.2263,2,2,2,0,0,1.0,83.2263,0.0,0.0,90,0.75,0.5,1.0
010_C109,10,C,2,7,OPTIMAL,18.1574,2,1,1,0,1,0.5,15.2343,0.0,2.9232,90,0.75,0.5,1.0
010_C109,10,C,2,8,OPTIMAL,44.0438,2,2,2,0,0,1.0,44.0438,0.0,0.0,90,0.75,0.5,1.0
010_C109,10,C,2,9,OPTIMAL,92.0678,2,2,2,0,0,1.0,92.0678,0.0,0.0,90,0.75,0.5,1.0
010_C109,10,C,3,0,OPTIMAL,112.747,3,3,3,0,0,1.0,112.747,0.0,0.0,90,0.75,0.5,1.0
010_C109,10,C,3,1,OPTIMAL,98.8041,3,3,3,0,0,1.0,98.8041,0.0,0.0,90,0.75,0.5,1.0
010_C109,10,C,3,2,OPTIMAL,110.0426,3,3,3,0,0,1.0,110.0426,0.0,0.0,90,0.75,0.5,1.0
010_C109,10,C,3,3,OPTIMAL,32.3331,3,1,1,0,2,0.3333,15.0586,0.0,17.2745,90,0.75,0.5,1.0
010_C109,10,C,3,4,OPTIMAL,78.4586,3,3,3,0,0,1.0,78.4586,0.0,0.0,90,0.75,0.5,1.0
010_C109,10,C,3,5,OPTIMAL,84.4138,3,2,2,0,1,0.6667,41.1708,0.0,43.243,90,0.75,0.5,1.0
010_C109,10,C,3,6,OPTIMAL,43.4225,3,2,2,0,1,0.6667,40.098,0.0,3.3245,90,0.75,0.5,1.0
010_C109,10,C,3,7,OPTIMAL,120.9858,3,3,3,0,0,1.0,120.9858,0.0,0.0,90,0.75,0.5,1.0
010_C109,10,C,3,8,OPTIMAL,60.8241,3,1,1,0,2,0.3333,53.6495,0.0,7.1746,90,0.75,0.5,1.0
010_C109,10,C,3,9,OPTIMAL,72.0097,3,3,3,0,0,1.0,72.0097,0.0,0.0,90,0.75,0.5,1.0
010_C201,10,C,1,0,OPTIMAL,19.0693,1,1,1,0,0,1.0,19.0693,0.0,0.0,90,0.75,0.5,1.0
010_C201,10,C,1,1,OPTIMAL,40.8113,1,1,1,0,0,1.0,40.8113,0.0,0.0,90,0.75,0.5,1.0
010_C201,10,C,1,2,OPTIMAL,40.6428,1,1,1,0,0,1.0,40.6428,0.0,0.0,90,0.75,0.5,1.0
010_C201,10,C,1,3,OPTIMAL,1.4632,1,0,0,0,1,0.0,0.0,0.0,1.4632,90,0.75,0.5,1.0
010_C201,10,C,1,4,OPTIMAL,35.3977,1,1,1,0,0,1.0,35.3977,0.0,0.0,90,0.75,0.5,1.0
010_C201,10,C,1,5,OPTIMAL,30.6398,1,1,1,0,0,1.0,30.6398,0.0,0.0,90,0.75,0.5,1.0
010_C201,10,C,1,6,OPTIMAL,40.8607,1,1,1,0,0,1.0,40.8607,0.0,0.0,90,0.75,0.5,1.0
010_C201,10,C,1,7,OPTIMAL,18.3082,1,1,0,1,0,1.0,18.3082,0.0,0.0,90,0.75,0.5,1.0
010_C201,10,C,1,8,OPTIMAL,40.1185,1,1,1,0,0,1.0,40.1185,0.0,0.0,90,0.75,0.5,1.0
010_C201,10,C,1,9,OPTIMAL,41.5633,1,1,1,0,0,1.0,41.5633,0.0,0.0,90,0.75,0.5,1.0
010_C201,10,C,2,0,OPTIMAL,58.3654,2,2,1,1,0,1.0,58.3654,0.0,0.0,90,0.75,0.5,1.0
010_C201,10,C,2,1,OPTIMAL,58.7519,2,2,2,0,0,1.0,58.7519,0.0,0.0,90,0.75,0.5,1.0
010_C201,10,C,2,2,OPTIMAL,71.097,2,2,2,0,0,1.0,71.097,0.0,0.0,90,0.75,0.5,1.0
010_C201,10,C,2,3,OPTIMAL,55.6135,2,2,2,0,0,1.0,55.6135,0.0,0.0,90,0.75,0.5,1.0
010_C201,10,C,2,4,OPTIMAL,73.244,2,2,2,0,0,1.0,73.244,0.0,0.0,90,0.75,0.5,1.0
010_C201,10,C,2,5,OPTIMAL,82.142,2,2,2,0,0,1.0,82.142,0.0,0.0,90,0.75,0.5,1.0
010_C201,10,C,2,6,OPTIMAL,76.9424,2,2,2,0,0,1.0,76.9424,0.0,0.0,90,0.75,0.5,1.0
010_C201,10,C,2,7,OPTIMAL,64.6242,2,2,2,0,0,1.0,64.6242,0.0,0.0,90,0.75,0.5,1.0
010_C201,10,C,2,8,OPTIMAL,69.3745,2,2,2,0,0,1.0,69.3745,0.0,0.0,90,0.75,0.5,1.0
010_C201,10,C,2,9,OPTIMAL,79.6695,2,2,2,0,0,1.0,79.6695,0.0,0.0,90,0.75,0.5,1.0
010_C201,10,C,3,0,OPTIMAL,105.1952,3,3,2,1,0,1.0,105.1952,0.0,0.0,90,0.75,0.5,1.0
010_C201,10,C,3,1,OPTIMAL,92.8913,3,3,3,0,0,1.0,92.8913,0.0,0.0,90,0.75,0.5,1.0
010_C201,10,C,3,2,OPTIMAL,93.9525,3,3,3,0,0,1.0,93.9525,0.0,0.0,90,0.75,0.5,1.0
010_C201,10,C,3,3,OPTIMAL,83.5274,3,3,3,0,0,1.0,83.5274,0.0,0.0,90,0.75,0.5,1.0
010_C201,10,C,3,4,OPTIMAL,87.0521,3,2,2,0,1,0.6667,69.2113,0.0,17.8408,90,0.75,0.5,1.0
010_C201,10,C,3,5,OPTIMAL,96.6093,3,2,2,0,1,0.6667,64.4398,0.0,32.1695,90,0.75,0.5,1.0
010_C201,10,C,3,6,OPTIMAL,105.2324,3,3,2,1,0,1.0,105.2324,0.0,0.0,90,0.75,0.5,1.0
010_C201,10,C,3,7,OPTIMAL,100.7517,3,3,3,0,0,1.0,100.7517,0.0,0.0,90,0.75,0.5,1.0
010_C201,10,C,3,8,OPTIMAL,75.0242,3,2,2,0,1,0.6667,72.1455,0.0,2.8788,90,0.75,0.5,1.0
010_C201,10,C,3,9,OPTIMAL,112.2278,3,3,3,0,0,1.0,112.2278,0.0,0.0,90,0.75,0.5,1.0
010_C202,10,C,1,0,OPTIMAL,19.0693,1,1,1,0,0,1.0,19.0693,0.0,0.0,90,0.75,0.5,1.0
010_C202,10,C,1,1,OPTIMAL,40.8113,1,1,1,0,0,1.0,40.8113,0.0,0.0,90,0.75,0.5,1.0
010_C202,10,C,1,2,OPTIMAL,40.6428,1,1,1,0,0,1.0,40.6428,0.0,0.0,90,0.75,0.5,1.0
010_C202,10,C,1,3,OPTIMAL,39.6647,1,1,1,0,0,1.0,39.6647,0.0,0.0,90,0.75,0.5,1.0
010_C202,10,C,1,4,OPTIMAL,35.3977,1,1,1,0,0,1.0,35.3977,0.0,0.0,90,0.75,0.5,1.0
010_C202,10,C,1,5,OPTIMAL,6.8013,1,0,0,0,1,0.0,0.0,0.0,6.8013,90,0.75,0.5,1.0
010_C202,10,C,1,6,OPTIMAL,40.8607,1,1,1,0,0,1.0,40.8607,0.0,0.0,90,0.75,0.5,1.0
010_C202,10,C,1,7,OPTIMAL,3.4869,1,0,0,0,1,0.0,0.0,0.0,3.4869,90,0.75,0.5,1.0
010_C202,10,C,1,8,OPTIMAL,40.1185,1,1,1,0,0,1.0,40.1185,0.0,0.0,90,0.75,0.5,1.0
010_C202,10,C,1,9,OPTIMAL,41.5633,1,1,1,0,0,1.0,41.5633,0.0,0.0,90,0.75,0.5,1.0
010_C202,10,C,2,0,OPTIMAL,58.3654,2,2,1,1,0,1.0,58.3654,0.0,0.0,90,0.75,0.5,1.0
010_C202,10,C,2,1,OPTIMAL,58.7519,2,2,2,0,0,1.0,58.7519,0.0,0.0,90,0.75,0.5,1.0
010_C202,10,C,2,2,OPTIMAL,71.097,2,2,2,0,0,1.0,71.097,0.0,0.0,90,0.75,0.5,1.0
010_C202,10,C,2,3,OPTIMAL,55.6135,2,2,2,0,0,1.0,55.6135,0.0,0.0,90,0.75,0.5,1.0
010_C202,10,C,2,4,OPTIMAL,73.244,2,2,2,0,0,1.0,73.244,0.0,0.0,90,0.75,0.5,1.0
010_C202,10,C,2,5,OPTIMAL,82.142,2,2,2,0,0,1.0,82.142,0.0,0.0,90,0.75,0.5,1.0
010_C202,10,C,2,6,OPTIMAL,76.9424,2,2,2,0,0,1.0,76.9424,0.0,0.0,90,0.75,0.5,1.0
010_C202,10,C,2,7,OPTIMAL,64.6242,2,2,2,0,0,1.0,64.6242,0.0,0.0,90,0.75,0.5,1.0
010_C202,10,C,2,8,OPTIMAL,69.3745,2,2,2,0,0,1.0,69.3745,0.0,0.0,90,0.75,0.5,1.0
010_C202,10,C,2,9,OPTIMAL,79.6695,2,2,2,0,0,1.0,79.6695,0.0,0.0,90,0.75,0.5,1.0
010_C202,10,C,3,0,OPTIMAL,105.1952,3,3,2,1,0,1.0,105.1952,0.0,0.0,90,0.75,0.5,1.0
010_C202,10,C,3,1,OPTIMAL,92.8913,3,3,3,0,0,1.0,92.8913,0.0,0.0,90,0.75,0.5,1.0
010_C202,10,C,3,2,OPTIMAL,93.9525,3,3,3,0,0,1.0,93.9525,0.0,0.0,90,0.75,0.5,1.0
010_C202,10,C,3,3,OPTIMAL,83.5274,3,3,2,1,0,1.0,83.5274,0.0,0.0,90,0.75,0.5,1.0
010_C202,10,C,3,4,OPTIMAL,112.2372,3,3,3,0,0,1.0,112.2372,0.0,0.0,90,0.75,0.5,1.0
010_C202,10,C,3,5,OPTIMAL,96.6093,3,2,2,0,1,0.6667,64.4398,0.0,32.1695,90,0.75,0.5,1.0
010_C202,10,C,3,6,OPTIMAL,105.2324,3,3,2,1,0,1.0,105.2324,0.0,0.0,90,0.75,0.5,1.0
010_C202,10,C,3,7,OPTIMAL,100.7517,3,3,2,1,0,1.0,100.7517,0.0,0.0,90,0.75,0.5,1.0
010_C202,10,C,3,8,OPTIMAL,98.7866,3,3,2,1,0,1.0,98.7866,0.0,0.0,90,0.75,0.5,1.0
010_C202,10,C,3,9,OPTIMAL,112.2278,3,3,3,0,0,1.0,112.2278,0.0,0.0,90,0.75,0.5,1.0
010_C203,10,C,1,0,OPTIMAL,19.0693,1,1,1,0,0,1.0,19.0693,0.0,0.0,90,0.75,0.5,1.0
010_C203,10,C,1,1,OPTIMAL,40.8113,1,1,1,0,0,1.0,40.8113,0.0,0.0,90,0.75,0.5,1.0
010_C203,10,C,1,2,OPTIMAL,40.6428,1,1,1,0,0,1.0,40.6428,0.0,0.0,90,0.75,0.5,1.0
010_C203,10,C,1,3,OPTIMAL,39.6647,1,1,1,0,0,1.0,39.6647,0.0,0.0,90,0.75,0.5,1.0
010_C203,10,C,1,4,OPTIMAL,35.3977,1,1,1,0,0,1.0,35.3977,0.0,0.0,90,0.75,0.5,1.0
010_C203,10,C,1,5,OPTIMAL,6.8013,1,0,0,0,1,0.0,0.0,0.0,6.8013,90,0.75,0.5,1.0
010_C203,10,C,1,6,OPTIMAL,40.8607,1,1,1,0,0,1.0,40.8607,0.0,0.0,90,0.75,0.5,1.0
010_C203,10,C,1,7,OPTIMAL,3.4869,1,0,0,0,1,0.0,0.0,0.0,3.4869,90,0.75,0.5,1.0
010_C203,10,C,1,8,OPTIMAL,40.1185,1,1,1,0,0,1.0,40.1185,0.0,0.0,90,0.75,0.5,1.0
010_C203,10,C,1,9,OPTIMAL,41.5633,1,1,1,0,0,1.0,41.5633,0.0,0.0,90,0.75,0.5,1.0
010_C203,10,C,2,0,OPTIMAL,58.3654,2,2,1,1,0,1.0,58.3654,0.0,0.0,90,0.75,0.5,1.0
010_C203,10,C,2,1,OPTIMAL,58.7519,2,2,2,0,0,1.0,58.7519,0.0,0.0,90,0.75,0.5,1.0
010_C203,10,C,2,2,OPTIMAL,71.097,2,2,2,0,0,1.0,71.097,0.0,0.0,90,0.75,0.5,1.0
010_C203,10,C,2,3,OPTIMAL,55.6135,2,2,2,0,0,1.0,55.6135,0.0,0.0,90,0.75,0.5,1.0
010_C203,10,C,2,4,OPTIMAL,73.244,2,2,2,0,0,1.0,73.244,0.0,0.0,90,0.75,0.5,1.0
010_C203,10,C,2,5,OPTIMAL,82.142,2,2,2,0,0,1.0,82.142,0.0,0.0,90,0.75,0.5,1.0
010_C203,10,C,2,6,OPTIMAL,76.9424,2,2,2,0,0,1.0,76.9424,0.0,0.0,90,0.75,0.5,1.0
010_C203,10,C,2,7,OPTIMAL,64.6242,2,2,2,0,0,1.0,64.6242,0.0,0.0,90,0.75,0.5,1.0
010_C203,10,C,2,8,OPTIMAL,69.3745,2,2,2,0,0,1.0,69.3745,0.0,0.0,90,0.75,0.5,1.0
010_C203,10,C,2,9,OPTIMAL,79.6695,2,2,2,0,0,1.0,79.6695,0.0,0.0,90,0.75,0.5,1.0
010_C203,10,C,3,0,OPTIMAL,105.1952,3,3,2,1,0,1.0,105.1952,0.0,0.0,90,0.75,0.5,1.0
010_C203,10,C,3,1,OPTIMAL,92.8913,3,3,3,0,0,1.0,92.8913,0.0,0.0,90,0.75,0.5,1.0
010_C203,10,C,3,2,OPTIMAL,93.9525,3,3,3,0,0,1.0,93.9525,0.0,0.0,90,0.75,0.5,1.0
010_C203,10,C,3,3,OPTIMAL,83.5274,3,3,2,1,0,1.0,83.5274,0.0,0.0,90,0.75,0.5,1.0
010_C203,10,C,3,4,OPTIMAL,112.2372,3,3,3,0,0,1.0,112.2372,0.0,0.0,90,0.75,0.5,1.0
010_C203,10,C,3,5,OPTIMAL,96.6093,3,2,2,0,1,0.6667,64.4398,0.0,32.1695,90,0.75,0.5,1.0
010_C203,10,C,3,6,OPTIMAL,105.2324,3,3,2,1,0,1.0,105.2324,0.0,0.0,90,0.75,0.5,1.0
010_C203,10,C,3,7,OPTIMAL,100.7517,3,3,2,1,0,1.0,100.7517,0.0,0.0,90,0.75,0.5,1.0
010_C203,10,C,3,8,OPTIMAL,98.7866,3,3,2,1,0,1.0,98.7866,0.0,0.0,90,0.75,0.5,1.0
010_C203,10,C,3,9,OPTIMAL,112.2278,3,3,3,0,0,1.0,112.2278,0.0,0.0,90,0.75,0.5,1.0
010_C204,10,C,1,0,OPTIMAL,19.0693,1,1,1,0,0,1.0,19.0693,0.0,0.0,90,0.75,0.5,1.0
010_C204,10,C,1,1,OPTIMAL,40.8113,1,1,1,0,0,1.0,40.8113,0.0,0.0,90,0.75,0.5,1.0
010_C204,10,C,1,2,OPTIMAL,40.6428,1,1,1,0,0,1.0,40.6428,0.0,0.0,90,0.75,0.5,1.0
010_C204,10,C,1,3,OPTIMAL,39.6647,1,1,1,0,0,1.0,39.6647,0.0,0.0,90,0.75,0.5,1.0
010_C204,10,C,1,4,OPTIMAL,35.3977,1,1,1,0,0,1.0,35.3977,0.0,0.0,90,0.75,0.5,1.0
010_C204,10,C,1,5,OPTIMAL,24.6458,1,0,0,0,1,0.0,0.0,0.0,24.6458,90,0.75,0.5,1.0
010_C204,10,C,1,6,OPTIMAL,40.8607,1,1,1,0,0,1.0,40.8607,0.0,0.0,90,0.75,0.5,1.0
010_C204,10,C,1,7,OPTIMAL,18.3082,1,1,0,1,0,1.0,18.3082,0.0,0.0,90,0.75,0.5,1.0
010_C204,10,C,1,8,OPTIMAL,40.1185,1,1,1,0,0,1.0,40.1185,0.0,0.0,90,0.75,0.5,1.0
010_C204,10,C,1,9,OPTIMAL,41.5633,1,1,1,0,0,1.0,41.5633,0.0,0.0,90,0.75,0.5,1.0
010_C204,10,C,2,0,OPTIMAL,58.3654,2,2,1,1,0,1.0,58.3654,0.0,0.0,90,0.75,0.5,1.0
010_C204,10,C,2,1,OPTIMAL,58.7519,2,2,2,0,0,1.0,58.7519,0.0,0.0,90,0.75,0.5,1.0
010_C204,10,C,2,2,OPTIMAL,71.097,2,2,2,0,0,1.0,71.097,0.0,0.0,90,0.75,0.5,1.0
010_C204,10,C,2,3,OPTIMAL,55.6135,2,2,2,0,0,1.0,55.6135,0.0,0.0,90,0.75,0.5,1.0
010_C204,10,C,2,4,OPTIMAL,73.244,2,2,2,0,0,1.0,73.244,0.0,0.0,90,0.75,0.5,1.0
010_C204,10,C,2,5,OPTIMAL,82.142,2,2,2,0,0,1.0,82.142,0.0,0.0,90,0.75,0.5,1.0
010_C204,10,C,2,6,OPTIMAL,76.9424,2,2,2,0,0,1.0,76.9424,0.0,0.0,90,0.75,0.5,1.0
010_C204,10,C,2,7,OPTIMAL,64.6242,2,2,2,0,0,1.0,64.6242,0.0,0.0,90,0.75,0.5,1.0
010_C204,10,C,2,8,OPTIMAL,69.3745,2,2,2,0,0,1.0,69.3745,0.0,0.0,90,0.75,0.5,1.0
010_C204,10,C,2,9,OPTIMAL,79.6695,2,2,2,0,0,1.0,79.6695,0.0,0.0,90,0.75,0.5,1.0
010_C204,10,C,3,0,OPTIMAL,105.1952,3,3,2,1,0,1.0,105.1952,0.0,0.0,90,0.75,0.5,1.0
010_C204,10,C,3,1,OPTIMAL,92.8913,3,3,3,0,0,1.0,92.8913,0.0,0.0,90,0.75,0.5,1.0
010_C204,10,C,3,2,OPTIMAL,93.9525,3,3,3,0,0,1.0,93.9525,0.0,0.0,90,0.75,0.5,1.0
010_C204,10,C,3,3,OPTIMAL,76.3377,3,2,2,0,1,0.6667,46.6177,0.0,29.72,90,0.75,0.5,1.0
010_C204,10,C,3,4,OPTIMAL,112.2372,3,3,3,0,0,1.0,112.2372,0.0,0.0,90,0.75,0.5,1.0
010_C204,10,C,3,5,OPTIMAL,96.6093,3,2,2,0,1,0.6667,64.4398,0.0,32.1695,90,0.75,0.5,1.0
010_C204,10,C,3,6,OPTIMAL,105.2324,3,3,2,1,0,1.0,105.2324,0.0,0.0,90,0.75,0.5,1.0
010_C204,10,C,3,7,OPTIMAL,95.1215,3,2,2,0,1,0.6667,84.7265,0.0,10.3949,90,0.75,0.5,1.0
010_C204,10,C,3,8,OPTIMAL,95.598,3,2,2,0,1,0.6667,69.463,0.0,26.135,90,0.75,0.5,1.0
010_C204,10,C,3,9,OPTIMAL,112.2278,3,3,3,0,0,1.0,112.2278,0.0,0.0,90,0.75,0.5,1.0
010_C205,10,C,1,0,OPTIMAL,6.9772,1,0,0,0,1,0.0,0.0,0.0,6.9772,90,0.75,0.5,1.0
010_C205,10,C,1,1,OPTIMAL,40.8113,1,1,1,0,0,1.0,40.8113,0.0,0.0,90,0.75,0.5,1.0
010_C205,10,C,1,2,OPTIMAL,40.6428,1,1,1,0,0,1.0,40.6428,0.0,0.0,90,0.75,0.5,1.0
010_C205,10,C,1,3,OPTIMAL,39.6647,1,1,1,0,0,1.0,39.6647,0.0,0.0,90,0.75,0.5,1.0
010_C205,10,C,1,4,OPTIMAL,35.3977,1,1,1,0,0,1.0,35.3977,0.0,0.0,90,0.75,0.5,1.0
010_C205,10,C,1,5,OPTIMAL,30.6398,1,1,1,0,0,1.0,30.6398,0.0,0.0,90,0.75,0.5,1.0
010_C205,10,C,1,6,OPTIMAL,40.8607,1,1,1,0,0,1.0,40.8607,0.0,0.0,90,0.75,0.5,1.0
010_C205,10,C,1,7,OPTIMAL,18.3082,1,1,1,0,0,1.0,18.3082,0.0,0.0,90,0.75,0.5,1.0
010_C205,10,C,1,8,OPTIMAL,40.1185,1,1,1,0,0,1.0,40.1185,0.0,0.0,90,0.75,0.5,1.0
010_C205,10,C,1,9,OPTIMAL,41.5633,1,1,1,0,0,1.0,41.5633,0.0,0.0,90,0.75,0.5,1.0
010_C205,10,C,2,0,OPTIMAL,58.3654,2,2,2,0,0,1.0,58.3654,0.0,0.0,90,0.75,0.5,1.0
010_C205,10,C,2,1,OPTIMAL,58.7519,2,2,2,0,0,1.0,58.7519,0.0,0.0,90,0.75,0.5,1.0
010_C205,10,C,2,2,OPTIMAL,71.097,2,2,2,0,0,1.0,71.097,0.0,0.0,90,0.75,0.5,1.0
010_C205,10,C,2,3,OPTIMAL,55.6135,2,2,2,0,0,1.0,55.6135,0.0,0.0,90,0.75,0.5,1.0
010_C205,10,C,2,4,OPTIMAL,73.244,2,2,2,0,0,1.0,73.244,0.0,0.0,90,0.75,0.5,1.0
010_C205,10,C,2,5,OPTIMAL,82.142,2,2,1,1,0,1.0,82.142,0.0,0.0,90,0.75,0.5,1.0
010_C205,10,C,2,6,OPTIMAL,76.9424,2,2,2,0,0,1.0,76.9424,0.0,0.0,90,0.75,0.5,1.0
010_C205,10,C,2,7,OPTIMAL,40.3666,2,1,1,0,1,0.5,39.9854,0.0,0.3812,90,0.75,0.5,1.0
010_C205,10,C,2,8,OPTIMAL,69.3745,2,2,2,0,0,1.0,69.3745,0.0,0.0,90,0.75,0.5,1.0
010_C205,10,C,2,9,OPTIMAL,76.0486,2,1,1,0,1,0.5,39.8396,0.0,36.209,90,0.75,0.5,1.0
010_C205,10,C,3,0,OPTIMAL,105.1952,3,3,3,0,0,1.0,105.1952,0.0,0.0,90,0.75,0.5,1.0
010_C205,10,C,3,1,OPTIMAL,92.8913,3,3,3,0,0,1.0,92.8913,0.0,0.0,90,0.75,0.5,1.0
010_C205,10,C,3,2,OPTIMAL,93.9525,3,3,3,0,0,1.0,93.9525,0.0,0.0,90,0.75,0.5,1.0
010_C205,10,C,3,3,OPTIMAL,83.5274,3,3,3,0,0,1.0,83.5274,0.0,0.0,90,0.75,0.5,1.0
010_C205,10,C,3,4,OPTIMAL,71.3447,3,2,1,1,1,0.6667,69.2113,0.0,2.1334,90,0.75,0.5,1.0
010_C205,10,C,3,5,OPTIMAL,98.2111,3,2,2,0,1,0.6667,59.2157,0.0,38.9954,90,0.75,0.5,1.0
010_C205,10,C,3,6,OPTIMAL,105.2324,3,3,3,0,0,1.0,105.2324,0.0,0.0,90,0.75,0.5,1.0
010_C205,10,C,3,7,OPTIMAL,100.7517,3,3,3,0,0,1.0,100.7517,0.0,0.0,90,0.75,0.5,1.0
010_C205,10,C,3,8,OPTIMAL,98.7866,3,3,3,0,0,1.0,98.7866,0.0,0.0,90,0.75,0.5,1.0
010_C205,10,C,3,9,OPTIMAL,112.2278,3,3,3,0,0,1.0,112.2278,0.0,0.0,90,0.75,0.5,1.0
010_C206,10,C,1,0,OPTIMAL,19.0693,1,1,1,0,0,1.0,19.0693,0.0,0.0,90,0.75,0.5,1.0
010_C206,10,C,1,1,OPTIMAL,40.8113,1,1,1,0,0,1.0,40.8113,0.0,0.0,90,0.75,0.5,1.0
010_C206,10,C,1,2,OPTIMAL,40.6428,1,1,1,0,0,1.0,40.6428,0.0,0.0,90,0.75,0.5,1.0
010_C206,10,C,1,3,OPTIMAL,39.6647,1,1,1,0,0,1.0,39.6647,0.0,0.0,90,0.75,0.5,1.0
010_C206,10,C,1,4,OPTIMAL,35.3977,1,1,1,0,0,1.0,35.3977,0.0,0.0,90,0.75,0.5,1.0
010_C206,10,C,1,5,OPTIMAL,30.6398,1,1,1,0,0,1.0,30.6398,0.0,0.0,90,0.75,0.5,1.0
010_C206,10,C,1,6,OPTIMAL,40.8607,1,1,1,0,0,1.0,40.8607,0.0,0.0,90,0.75,0.5,1.0
010_C206,10,C,1,7,OPTIMAL,18.3082,1,1,1,0,0,1.0,18.3082,0.0,0.0,90,0.75,0.5,1.0
010_C206,10,C,1,8,OPTIMAL,40.1185,1,1,1,0,0,1.0,40.1185,0.0,0.0,90,0.75,0.5,1.0
010_C206,10,C,1,9,OPTIMAL,41.5633,1,1,1,0,0,1.0,41.5633,0.0,0.0,90,0.75,0.5,1.0
010_C206,10,C,2,0,OPTIMAL,58.3654,2,2,2,0,0,1.0,58.3654,0.0,0.0,90,0.75,0.5,1.0
010_C206,10,C,2,1,OPTIMAL,37.6661,2,1,1,0,1,0.5,27.1242,0.0,10.5419,90,0.75,0.5,1.0
010_C206,10,C,2,2,OPTIMAL,71.097,2,2,2,0,0,1.0,71.097,0.0,0.0,90,0.75,0.5,1.0
010_C206,10,C,2,3,OPTIMAL,55.6135,2,2,2,0,0,1.0,55.6135,0.0,0.0,90,0.75,0.5,1.0
010_C206,10,C,2,4,OPTIMAL,73.244,2,2,2,0,0,1.0,73.244,0.0,0.0,90,0.75,0.5,1.0
010_C206,10,C,2,5,OPTIMAL,82.142,2,2,2,0,0,1.0,82.142,0.0,0.0,90,0.75,0.5,1.0
010_C206,10,C,2,6,OPTIMAL,76.9424,2,2,2,0,0,1.0,76.9424,0.0,0.0,90,0.75,0.5,1.0
010_C206,10,C,2,7,OPTIMAL,64.6242,2,2,2,0,0,1.0,64.6242,0.0,0.0,90,0.75,0.5,1.0
010_C206,10,C,2,8,OPTIMAL,69.3745,2,2,2,0,0,1.0,69.3745,0.0,0.0,90,0.75,0.5,1.0
010_C206,10,C,2,9,OPTIMAL,79.6695,2,2,2,0,0,1.0,79.6695,0.0,0.0,90,0.75,0.5,1.0
010_C206,10,C,3,0,OPTIMAL,105.1952,3,3,3,0,0,1.0,105.1952,0.0,0.0,90,0.75,0.5,1.0
010_C206,10,C,3,1,OPTIMAL,92.8913,3,3,3,0,0,1.0,92.8913,0.0,0.0,90,0.75,0.5,1.0
010_C206,10,C,3,2,OPTIMAL,93.9525,3,3,3,0,0,1.0,93.9525,0.0,0.0,90,0.75,0.5,1.0
010_C206,10,C,3,3,OPTIMAL,83.5274,3,3,3,0,0,1.0,83.5274,0.0,0.0,90,0.75,0.5,1.0
010_C206,10,C,3,4,OPTIMAL,71.3447,3,2,2,0,1,0.6667,69.2113,0.0,2.1334,90,0.75,0.5,1.0
010_C206,10,C,3,5,OPTIMAL,103.1002,3,3,2,1,0,1.0,103.1002,0.0,0.0,90,0.75,0.5,1.0
010_C206,10,C,3,6,OPTIMAL,105.2324,3,3,3,0,0,1.0,105.2324,0.0,0.0,90,0.75,0.5,1.0
010_C206,10,C,3,7,OPTIMAL,100.7517,3,3,3,0,0,1.0,100.7517,0.0,0.0,90,0.75,0.5,1.0
010_C206,10,C,3,8,OPTIMAL,98.7866,3,3,2,1,0,1.0,98.7866,0.0,0.0,90,0.75,0.5,1.0
010_C206,10,C,3,9,OPTIMAL,112.2278,3,3,3,0,0,1.0,112.2278,0.0,0.0,90,0.75,0.5,1.0
010_C207,10,C,1,0,OPTIMAL,19.0693,1,1,1,0,0,1.0,19.0693,0.0,0.0,90,0.75,0.5,1.0
010_C207,10,C,1,1,OPTIMAL,40.8113,1,1,1,0,0,1.0,40.8113,0.0,0.0,90,0.75,0.5,1.0
010_C207,10,C,1,2,OPTIMAL,40.6428,1,1,1,0,0,1.0,40.6428,0.0,0.0,90,0.75,0.5,1.0
010_C207,10,C,1,3,OPTIMAL,39.6647,1,1,1,0,0,1.0,39.6647,0.0,0.0,90,0.75,0.5,1.0
010_C207,10,C,1,4,OPTIMAL,35.3977,1,1,0,1,0,1.0,35.3977,0.0,0.0,90,0.75,0.5,1.0
010_C207,10,C,1,5,OPTIMAL,30.6398,1,1,1,0,0,1.0,30.6398,0.0,0.0,90,0.75,0.5,1.0
010_C207,10,C,1,6,OPTIMAL,40.8607,1,1,1,0,0,1.0,40.8607,0.0,0.0,90,0.75,0.5,1.0
010_C207,10,C,1,7,OPTIMAL,18.3082,1,1,1,0,0,1.0,18.3082,0.0,0.0,90,0.75,0.5,1.0
010_C207,10,C,1,8,OPTIMAL,40.1185,1,1,1,0,0,1.0,40.1185,0.0,0.0,90,0.75,0.5,1.0
010_C207,10,C,1,9,OPTIMAL,41.5633,1,1,1,0,0,1.0,41.5633,0.0,0.0,90,0.75,0.5,1.0
010_C207,10,C,2,0,OPTIMAL,58.3654,2,2,2,0,0,1.0,58.3654,0.0,0.0,90,0.75,0.5,1.0
010_C207,10,C,2,1,OPTIMAL,35.763,2,1,0,1,1,0.5,27.1242,0.0,8.6388,90,0.75,0.5,1.0
010_C207,10,C,2,2,OPTIMAL,71.097,2,2,1,1,0,1.0,71.097,0.0,0.0,90,0.75,0.5,1.0
010_C207,10,C,2,3,OPTIMAL,40.4027,2,1,1,0,1,0.5,20.834,0.0,19.5687,90,0.75,0.5,1.0
010_C207,10,C,2,4,OPTIMAL,73.244,2,2,2,0,0,1.0,73.244,0.0,0.0,90,0.75,0.5,1.0
010_C207,10,C,2,5,OPTIMAL,82.142,2,2,2,0,0,1.0,82.142,0.0,0.0,90,0.75,0.5,1.0
010_C207,10,C,2,6,OPTIMAL,76.9424,2,2,2,0,0,1.0,76.9424,0.0,0.0,90,0.75,0.5,1.0
010_C207,10,C,2,7,OPTIMAL,64.6242,2,2,2,0,0,1.0,64.6242,0.0,0.0,90,0.75,0.5,1.0
010_C207,10,C,2,8,OPTIMAL,69.3745,2,2,2,0,0,1.0,69.3745,0.0,0.0,90,0.75,0.5,1.0
010_C207,10,C,2,9,OPTIMAL,79.6695,2,2,2,0,0,1.0,79.6695,0.0,0.0,90,0.75,0.5,1.0
010_C207,10,C,3,0,OPTIMAL,67.4179,3,2,2,0,1,0.6667,64.8548,0.0,2.5631,90,0.75,0.5,1.0
010_C207,10,C,3,1,OPTIMAL,92.8913,3,3,3,0,0,1.0,92.8913,0.0,0.0,90,0.75,0.5,1.0
010_C207,10,C,3,2,OPTIMAL,93.9525,3,3,2,1,0,1.0,93.9525,0.0,0.0,90,0.75,0.5,1.0
010_C207,10,C,3,3,OPTIMAL,83.5274,3,3,3,0,0,1.0,83.5274,0.0,0.0,90,0.75,0.5,1.0
010_C207,10,C,3,4,OPTIMAL,112.2372,3,3,2,1,0,1.0,112.2372,0.0,0.0,90,0.75,0.5,1.0
010_C207,10,C,3,5,OPTIMAL,103.1002,3,3,3,0,0,1.0,103.1002,0.0,0.0,90,0.75,0.5,1.0
010_C207,10,C,3,6,OPTIMAL,105.2324,3,3,3,0,0,1.0,105.2324,0.0,0.0,90,0.75,0.5,1.0
010_C207,10,C,3,7,OPTIMAL,100.7517,3,3,3,0,0,1.0,100.7517,0.0,0.0,90,0.75,0.5,1.0
010_C207,10,C,3,8,OPTIMAL,75.0242,3,2,2,0,1,0.6667,72.1455,0.0,2.8788,90,0.75,0.5,1.0
010_C207,10,C,3,9,OPTIMAL,112.2278,3,3,3,0,0,1.0,112.2278,0.0,0.0,90,0.75,0.5,1.0
010_C208,10,C,1,0,OPTIMAL,19.0693,1,1,0,1,0,1.0,19.0693,0.0,0.0,90,0.75,0.5,1.0
010_C208,10,C,1,1,OPTIMAL,40.8113,1,1,1,0,0,1.0,40.8113,0.0,0.0,90,0.75,0.5,1.0
010_C208,10,C,1,2,OPTIMAL,40.6428,1,1,1,0,0,1.0,40.6428,0.0,0.0,90,0.75,0.5,1.0
010_C208,10,C,1,3,OPTIMAL,39.6647,1,1,1,0,0,1.0,39.6647,0.0,0.0,90,0.75,0.5,1.0
010_C208,10,C,1,4,OPTIMAL,35.3977,1,1,1,0,0,1.0,35.3977,0.0,0.0,90,0.75,0.5,1.0
010_C208,10,C,1,5,OPTIMAL,30.6398,1,1,0,1,0,1.0,30.6398,0.0,0.0,90,0.75,0.5,1.0
010_C208,10,C,1,6,OPTIMAL,40.8607,1,1,1,0,0,1.0,40.8607,0.0,0.0,90,0.75,0.5,1.0
010_C208,10,C,1,7,OPTIMAL,18.3082,1,1,1,0,0,1.0,18.3082,0.0,0.0,90,0.75,0.5,1.0
010_C208,10,C,1,8,OPTIMAL,40.1185,1,1,1,0,0,1.0,40.1185,0.0,0.0,90,0.75,0.5,1.0
010_C208,10,C,1,9,OPTIMAL,41.5633,1,1,1,0,0,1.0,41.5633,0.0,0.0,90,0.75,0.5,1.0
010_C208,10,C,2,0,OPTIMAL,58.3654,2,2,2,0,0,1.0,58.3654,0.0,0.0,90,0.75,0.5,1.0
010_C208,10,C,2,1,OPTIMAL,58.7519,2,2,1,1,0,1.0,58.7519,0.0,0.0,90,0.75,0.5,1.0
010_C208,10,C,2,2,OPTIMAL,46.8207,2,1,1,0,1,0.5,35.9021,0.0,10.9186,90,0.75,0.5,1.0
010_C208,10,C,2,3,OPTIMAL,48.3279,2,1,1,0,1,0.5,34.7795,0.0,13.5484,90,0.75,0.5,1.0
010_C208,10,C,2,4,OPTIMAL,73.244,2,2,2,0,0,1.0,73.244,0.0,0.0,90,0.75,0.5,1.0
010_C208,10,C,2,5,OPTIMAL,82.142,2,2,2,0,0,1.0,82.142,0.0,0.0,90,0.75,0.5,1.0
010_C208,10,C,2,6,OPTIMAL,76.9424,2,2,2,0,0,1.0,76.9424,0.0,0.0,90,0.75,0.5,1.0
010_C208,10,C,2,7,OPTIMAL,41.6454,2,1,1,0,1,0.5,39.9854,0.0,1.66,90,0.75,0.5,1.0
010_C208,10,C,2,8,OPTIMAL,69.3745,2,2,2,0,0,1.0,69.3745,0.0,0.0,90,0.75,0.5,1.0
010_C208,10,C,2,9,OPTIMAL,79.6695,2,2,2,0,0,1.0,79.6695,0.0,0.0,90,0.75,0.5,1.0
010_C208,10,C,3,0,OPTIMAL,105.1952,3,3,3,0,0,1.0,105.1952,0.0,0.0,90,0.75,0.5,1.0
010_C208,10,C,3,1,OPTIMAL,92.8913,3,3,3,0,0,1.0,92.8913,0.0,0.0,90,0.75,0.5,1.0
010_C208,10,C,3,2,OPTIMAL,85.5523,3,2,2,0,1,0.6667,56.4084,0.0,29.1439,90,0.75,0.5,1.0
010_C208,10,C,3,3,OPTIMAL,67.4211,3,2,2,0,1,0.6667,62.7166,0.0,4.7044,90,0.75,0.5,1.0
010_C208,10,C,3,4,OPTIMAL,98.257,3,2,2,0,1,0.6667,88.4164,0.0,9.8406,90,0.75,0.5,1.0
010_C208,10,C,3,5,OPTIMAL,103.1002,3,3,3,0,0,1.0,103.1002,0.0,0.0,90,0.75,0.5,1.0
010_C208,10,C,3,6,OPTIMAL,105.2324,3,3,3,0,0,1.0,105.2324,0.0,0.0,90,0.75,0.5,1.0
010_C208,10,C,3,7,OPTIMAL,100.7517,3,3,2,1,0,1.0,100.7517,0.0,0.0,90,0.75,0.5,1.0
010_C208,10,C,3,8,OPTIMAL,98.7866,3,3,2,1,0,1.0,98.7866,0.0,0.0,90,0.75,0.5,1.0
010_C208,10,C,3,9,OPTIMAL,112.2278,3,3,3,0,0,1.0,112.2278,0.0,0.0,90,0.75,0.5,1.0
010_R101,10,R,1,0,OPTIMAL,30.8576,1,1,0,1,0,1.0,30.8576,0.0,0.0,90,0.75,0.5,1.0
010_R101,10,R,1,1,OPTIMAL,5.4693,1,0,0,0,1,0.0,0.0,0.0,5.4693,90,0.75,0.5,1.0
010_R101,10,R,1,2,OPTIMAL,0.4673,1,0,0,0,1,0.0,0.0,0.0,0.4673,90,0.75,0.5,1.0
010_R101,10,R,1,3,OPTIMAL,4.6255,1,0,0,0,1,0.0,0.0,0.0,4.6255,90,0.75,0.5,1.0
010_R101,10,R,1,4,OPTIMAL,4.4447,1,0,0,0,1,0.0,0.0,0.0,4.4447,90,0.75,0.5,1.0
010_R101,10,R,1,5,OPTIMAL,3.8621,1,0,0,0,1,0.0,0.0,0.0,3.8621,90,0.75,0.5,1.0
010_R101,10,R,1,6,OPTIMAL,13.3736,1,0,0,0,1,0.0,0.0,0.0,13.3736,90,0.75,0.5,1.0
010_R101,10,R,1,7,OPTIMAL,6.5305,1,0,0,0,1,0.0,0.0,0.0,6.5305,90,0.75,0.5,1.0
010_R101,10,R,1,8,OPTIMAL,38.5799,1,1,1,0,0,1.0,38.5799,0.0,0.0,90,0.75,0.5,1.0
010_R101,10,R,1,9,OPTIMAL,1.0304,1,0,0,0,1,0.0,0.0,0.0,1.0304,90,0.75,0.5,1.0
010_R101,10,R,2,0,OPTIMAL,73.6494,2,1,0,1,1,0.5,34.1875,0.0,39.4619,90,0.75,0.5,1.0
010_R101,10,R,2,1,OPTIMAL,14.7413,2,0,0,0,2,0.0,0.0,0.0,14.7413,90,0.75,0.5,1.0
010_R101,10,R,2,2,OPTIMAL,52.223,2,1,0,1,1,0.5,28.2288,0.0,23.9942,90,0.75,0.5,1.0
010_R101,10,R,2,3,OPTIMAL,22.1302,2,0,0,0,2,0.0,0.0,0.0,22.1302,90,0.75,0.5,1.0
010_R101,10,R,2,4,OPTIMAL,42.4459,2,1,1,0,1,0.5,38.5226,0.0,3.9233,90,0.75,0.5,1.0
010_R101,10,R,2,5,OPTIMAL,9.7562,2,0,0,0,2,0.0,0.0,0.0,9.7562,90,0.75,0.5,1.0
010_R101,10,R,2,6,OPTIMAL,7.5077,2,0,0,0,2,0.0,0.0,0.0,7.5077,90,0.75,0.5,1.0
010_R101,10,R,2,7,OPTIMAL,56.1486,2,1,0,1,1,0.5,20.4316,0.3163,35.4008,90,0.75,0.5,1.0
010_R101,10,R,2,8,OPTIMAL,4.256,2,0,0,0,2,0.0,0.0,0.0,4.256,90,0.75,0.5,1.0
010_R101,10,R,2,9,OPTIMAL,3.0756,2,0,0,0,2,0.0,0.0,0.0,3.0756,90,0.75,0.5,1.0
010_R101,10,R,3,0,OPTIMAL,93.2522,3,2,0,2,1,0.6667,90.8967,0.0,2.3554,90,0.75,0.5,1.0
010_R101,10,R,3,1,OPTIMAL,58.3012,3,1,1,0,2,0.3333,48.2562,0.0,10.045,90,0.75,0.5,1.0
010_R101,10,R,3,2,OPTIMAL,48.6221,3,1,0,1,2,0.3333,48.1298,0.0,0.4923,90,0.75,0.5,1.0
010_R101,10,R,3,3,OPTIMAL,45.2478,3,0,0,0,3,0.0,0.0,0.0,45.2478,90,0.75,0.5,1.0
010_R101,10,R,3,4,OPTIMAL,57.4129,3,1,0,1,2,0.3333,17.9484,0.0,39.4645,90,0.75,0.5,1.0
010_R101,10,R,3,5,OPTIMAL,23.8092,3,0,0,0,3,0.0,0.0,0.0,23.8092,90,0.75,0.5,1.0
010_R101,10,R,3,6,OPTIMAL,47.3818,3,0,0,0,3,0.0,0.0,0.0,47.3818,90,0.75,0.5,1.0
010_R101,10,R,3,7,OPTIMAL,50.1882,3,2,0,2,1,0.6667,49.6857,0.0,0.5024,90,0.75,0.5,1.0
010_R101,10,R,3,8,OPTIMAL,35.0043,3,0,0,0,3,0.0,0.0,0.0,35.0043,90,0.75,0.5,1.0
010_R101,10,R,3,9,OPTIMAL,7.48,3,0,0,0,3,0.0,0.0,0.0,7.48,90,0.75,0.5,1.0
010_R102,10,R,1,0,OPTIMAL,30.8576,1,1,0,1,0,1.0,30.8576,0.0,0.0,90,0.75,0.5,1.0
010_R102,10,R,1,1,OPTIMAL,26.9147,1,1,0,1,0,1.0,26.9147,0.0,0.0,90,0.75,0.5,1.0
010_R102,10,R,1,2,OPTIMAL,0.4673,1,0,0,0,1,0.0,0.0,0.0,0.4673,90,0.75,0.5,1.0
010_R102,10,R,1,3,OPTIMAL,8.6434,1,0,0,0,1,0.0,0.0,0.0,8.6434,90,0.75,0.5,1.0
010_R102,10,R,1,4,OPTIMAL,1.8976,1,0,0,0,1,0.0,0.0,0.0,1.8976,90,0.75,0.5,1.0
010_R102,10,R,1,5,OPTIMAL,3.8621,1,0,0,0,1,0.0,0.0,0.0,3.8621,90,0.75,0.5,1.0
010_R102,10,R,1,6,OPTIMAL,13.3736,1,0,0,0,1,0.0,0.0,0.0,13.3736,90,0.75,0.5,1.0
010_R102,10,R,1,7,OPTIMAL,10.3099,1,0,0,0,1,0.0,0.0,0.0,10.3099,90,0.75,0.5,1.0
010_R102,10,R,1,8,OPTIMAL,38.5799,1,1,1,0,0,1.0,38.5799,0.0,0.0,90,0.75,0.5,1.0
010_R102,10,R,1,9,OPTIMAL,1.0304,1,0,0,0,1,0.0,0.0,0.0,1.0304,90,0.75,0.5,1.0
010_R102,10,R,2,0,OPTIMAL,86.0638,2,2,0,2,0,1.0,86.0638,0.0,0.0,90,0.75,0.5,1.0
010_R102,10,R,2,1,OPTIMAL,12.7161,2,0,0,0,2,0.0,0.0,0.0,12.7161,90,0.75,0.5,1.0
010_R102,10,R,2,2,OPTIMAL,48.8203,2,0,0,0,2,0.0,0.0,0.0,48.8203,90,0.75,0.5,1.0
010_R102,10,R,2,3,OPTIMAL,25.6283,2,0,0,0,2,0.0,0.0,0.0,25.6283,90,0.75,0.5,1.0
010_R102,10,R,2,4,OPTIMAL,39.8369,2,1,1,0,1,0.5,38.5226,0.0,1.3142,90,0.75,0.5,1.0
010_R102,10,R,2,5,OPTIMAL,3.5987,2,0,0,0,2,0.0,0.0,0.0,3.5987,90,0.75,0.5,1.0
010_R102,10,R,2,6,OPTIMAL,13.2429,2,0,0,0,2,0.0,0.0,0.0,13.2429,90,0.75,0.5,1.0
010_R102,10,R,2,7,OPTIMAL,44.2993,2,1,0,1,1,0.5,43.432,0.0,0.8673,90,0.75,0.5,1.0
010_R102,10,R,2,8,OPTIMAL,30.0579,2,1,0,1,1,0.5,29.8601,0.0,0.1978,90,0.75,0.5,1.0
010_R102,10,R,2,9,OPTIMAL,7.0864,2,0,0,0,2,0.0,0.0,0.0,7.0864,90,0.75,0.5,1.0
010_R102,10,R,3,0,OPTIMAL,56.2596,3,1,0,1,2,0.3333,32.3627,0.0,23.897,90,0.75,0.5,1.0
010_R102,10,R,3,1,OPTIMAL,69.4485,3,1,0,1,2,0.3333,48.2562,0.0,21.1923,90,0.75,0.5,1.0
010_R102,10,R,3,2,OPTIMAL,53.6127,3,1,0,1,2,0.3333,48.1298,0.0,5.4829,90,0.75,0.5,1.0
010_R102,10,R,3,3,OPTIMAL,59.3089,3,0,0,0,3,0.0,0.0,0.0,59.3089,90,0.75,0.5,1.0
010_R102,10,R,3,4,OPTIMAL,60.1755,3,2,0,2,1,0.6667,55.8874,0.0,4.2881,90,0.75,0.5,1.0
010_R102,10,R,3,5,OPTIMAL,52.7303,3,1,1,0,2,0.3333,28.9507,0.0,23.7796,90,0.75,0.5,1.0
010_R102,10,R,3,6,OPTIMAL,59.3571,3,1,1,0,2,0.3333,33.3243,0.0,26.0328,90,0.75,0.5,1.0
010_R102,10,R,3,7,OPTIMAL,77.4035,3,2,1,1,1,0.6667,52.5312,0.0,24.8723,90,0.75,0.5,1.0
010_R102,10,R,3,8,OPTIMAL,38.265,3,0,0,0,3,0.0,0.0,0.0,38.265,90,0.75,0.5,1.0
010_R102,10,R,3,9,OPTIMAL,3.214,3,0,0,0,3,0.0,0.0,0.0,3.214,90,0.75,0.5,1.0
010_R103,10,R,1,0,OPTIMAL,30.8576,1,1,0,1,0,1.0,30.8576,0.0,0.0,90,0.75,0.5,1.0
010_R103,10,R,1,1,OPTIMAL,26.9147,1,1,0,1,0,1.0,26.9147,0.0,0.0,90,0.75,0.5,1.0
010_R103,10,R,1,2,OPTIMAL,0.4673,1,0,0,0,1,0.0,0.0,0.0,0.4673,90,0.75,0.5,1.0
010_R103,10,R,1,3,OPTIMAL,8.6434,1,0,0,0,1,0.0,0.0,0.0,8.6434,90,0.75,0.5,1.0
010_R103,10,R,1,4,OPTIMAL,1.8976,1,0,0,0,1,0.0,0.0,0.0,1.8976,90,0.75,0.5,1.0
010_R103,10,R,1,5,OPTIMAL,3.8621,1,0,0,0,1,0.0,0.0,0.0,3.8621,90,0.75,0.5,1.0
010_R103,10,R,1,6,OPTIMAL,13.3736,1,0,0,0,1,0.0,0.0,0.0,13.3736,90,0.75,0.5,1.0
010_R103,10,R,1,7,OPTIMAL,10.3099,1,0,0,0,1,0.0,0.0,0.0,10.3099,90,0.75,0.5,1.0
010_R103,10,R,1,8,OPTIMAL,38.5799,1,1,1,0,0,1.0,38.5799,0.0,0.0,90,0.75,0.5,1.0
010_R103,10,R,1,9,OPTIMAL,1.0304,1,0,0,0,1,0.0,0.0,0.0,1.0304,90,0.75,0.5,1.0
010_R103,10,R,2,0,OPTIMAL,86.0638,2,2,0,2,0,1.0,86.0638,0.0,0.0,90,0.75,0.5,1.0
010_R103,10,R,2,1,OPTIMAL,12.7161,2,0,0,0,2,0.0,0.0,0.0,12.7161,90,0.75,0.5,1.0
010_R103,10,R,2,2,OPTIMAL,48.8203,2,0,0,0,2,0.0,0.0,0.0,48.8203,90,0.75,0.5,1.0
010_R103,10,R,2,3,OPTIMAL,25.6283,2,0,0,0,2,0.0,0.0,0.0,25.6283,90,0.75,0.5,1.0
010_R103,10,R,2,4,OPTIMAL,39.8369,2,1,1,0,1,0.5,38.5226,0.0,1.3142,90,0.75,0.5,1.0
010_R103,10,R,2,5,OPTIMAL,3.5987,2,0,0,0,2,0.0,0.0,0.0,3.5987,90,0.75,0.5,1.0
010_R103,10,R,2,6,OPTIMAL,13.2429,2,0,0,0,2,0.0,0.0,0.0,13.2429,90,0.75,0.5,1.0
010_R103,10,R,2,7,OPTIMAL,44.2993,2,1,0,1,1,0.5,43.432,0.0,0.8673,90,0.75,0.5,1.0
010_R103,10,R,2,8,OPTIMAL,30.0579,2,1,0,1,1,0.5,29.8601,0.0,0.1978,90,0.75,0.5,1.0
010_R103,10,R,2,9,OPTIMAL,7.0864,2,0,0,0,2,0.0,0.0,0.0,7.0864,90,0.75,0.5,1.0
010_R103,10,R,3,0,OPTIMAL,56.2596,3,1,0,1,2,0.3333,32.3627,0.0,23.897,90,0.75,0.5,1.0
010_R103,10,R,3,1,OPTIMAL,69.4485,3,1,0,1,2,0.3333,48.2562,0.0,21.1923,90,0.75,0.5,1.0
010_R103,10,R,3,2,OPTIMAL,53.6127,3,1,0,1,2,0.3333,48.1298,0.0,5.4829,90,0.75,0.5,1.0
010_R103,10,R,3,3,OPTIMAL,59.3089,3,0,0,0,3,0.0,0.0,0.0,59.3089,90,0.75,0.5,1.0
010_R103,10,R,3,4,OPTIMAL,60.1755,3,2,0,2,1,0.6667,55.8874,0.0,4.2881,90,0.75,0.5,1.0
010_R103,10,R,3,5,OPTIMAL,52.7303,3,1,1,0,2,0.3333,28.9507,0.0,23.7796,90,0.75,0.5,1.0
010_R103,10,R,3,6,OPTIMAL,59.3571,3,1,1,0,2,0.3333,33.3243,0.0,26.0328,90,0.75,0.5,1.0
010_R103,10,R,3,7,OPTIMAL,77.4035,3,2,1,1,1,0.6667,52.5312,0.0,24.8723,90,0.75,0.5,1.0
010_R103,10,R,3,8,OPTIMAL,38.265,3,0,0,0,3,0.0,0.0,0.0,38.265,90,0.75,0.5,1.0
010_R103,10,R,3,9,OPTIMAL,3.214,3,0,0,0,3,0.0,0.0,0.0,3.214,90,0.75,0.5,1.0
010_R104,10,R,1,0,OPTIMAL,30.8576,1,1,0,1,0,1.0,30.8576,0.0,0.0,90,0.75,0.5,1.0
010_R104,10,R,1,1,OPTIMAL,26.9147,1,1,0,1,0,1.0,26.9147,0.0,0.0,90,0.75,0.5,1.0
010_R104,10,R,1,2,OPTIMAL,4.9978,1,0,0,0,1,0.0,0.0,0.0,4.9978,90,0.75,0.5,1.0
010_R104,10,R,1,3,OPTIMAL,24.0169,1,0,0,0,1,0.0,0.0,0.0,24.0169,90,0.75,0.5,1.0
010_R104,10,R,1,4,OPTIMAL,1.8976,1,0,0,0,1,0.0,0.0,0.0,1.8976,90,0.75,0.5,1.0
010_R104,10,R,1,5,OPTIMAL,25.0643,1,1,1,0,0,1.0,25.0643,0.0,0.0,90,0.75,0.5,1.0
010_R104,10,R,1,6,OPTIMAL,34.4238,1,1,1,0,0,1.0,34.4238,0.0,0.0,90,0.75,0.5,1.0
010_R104,10,R,1,7,OPTIMAL,6.5305,1,0,0,0,1,0.0,0.0,0.0,6.5305,90,0.75,0.5,1.0
010_R104,10,R,1,8,OPTIMAL,38.5799,1,1,1,0,0,1.0,38.5799,0.0,0.0,90,0.75,0.5,1.0
010_R104,10,R,1,9,OPTIMAL,3.3148,1,0,0,0,1,0.0,0.0,0.0,3.3148,90,0.75,0.5,1.0
010_R104,10,R,2,0,OPTIMAL,86.0638,2,2,0,2,0,1.0,86.0638,0.0,0.0,90,0.75,0.5,1.0
010_R104,10,R,2,1,OPTIMAL,33.9859,2,1,1,0,1,0.5,31.9607,0.0,2.0252,90,0.75,0.5,1.0
010_R104,10,R,2,2,OPTIMAL,66.1564,2,2,1,1,0,1.0,66.1564,0.0,0.0,90,0.75,0.5,1.0
010_R104,10,R,2,3,OPTIMAL,22.1302,2,0,0,0,2,0.0,0.0,0.0,22.1302,90,0.75,0.5,1.0
010_R104,10,R,2,4,OPTIMAL,39.8369,2,1,1,0,1,0.5,38.5226,0.0,1.3142,90,0.75,0.5,1.0
010_R104,10,R,2,5,OPTIMAL,3.5987,2,0,0,0,2,0.0,0.0,0.0,3.5987,90,0.75,0.5,1.0
010_R104,10,R,2,6,OPTIMAL,23.2884,2,1,0,1,1,0.5,15.8361,0.0,7.4523,90,0.75,0.5,1.0
010_R104,10,R,2,7,OPTIMAL,44.2993,2,1,0,1,1,0.5,43.432,0.0,0.8673,90,0.75,0.5,1.0
010_R104,10,R,2,8,OPTIMAL,30.0579,2,1,0,1,1,0.5,29.8601,0.0,0.1978,90,0.75,0.5,1.0
010_R104,10,R,2,9,OPTIMAL,28.6016,2,0,0,0,2,0.0,0.0,0.0,28.6016,90,0.75,0.5,1.0
010_R104,10,R,3,0,OPTIMAL,77.3707,3,2,0,2,1,0.6667,74.4299,0.0,2.9408,90,0.75,0.5,1.0
010_R104,10,R,3,1,OPTIMAL,63.1277,3,1,0,1,2,0.3333,48.2562,0.0,14.8715,90,0.75,0.5,1.0
010_R104,10,R,3,2,OPTIMAL,77.1061,3,1,1,0,2,0.3333,48.1298,0.0,28.9763,90,0.75,0.5,1.0
010_R104,10,R,3,3,OPTIMAL,80.8543,3,1,1,0,2,0.3333,29.0008,0.0,51.8536,90,0.75,0.5,1.0
010_R104,10,R,3,4,OPTIMAL,73.4804,3,2,0,2,1,0.6667,55.8874,0.0,17.593,90,0.75,0.5,1.0
010_R104,10,R,3,5,OPTIMAL,53.948,3,0,0,0,3,0.0,0.0,0.0,53.948,90,0.75,0.5,1.0
010_R104,10,R,3,6,OPTIMAL,55.7085,3,1,1,0,2,0.3333,33.3243,0.0,22.3843,90,0.75,0.5,1.0
010_R104,10,R,3,7,OPTIMAL,66.0293,3,2,0,2,1,0.6667,49.6857,0.0,16.3436,90,0.75,0.5,1.0
010_R104,10,R,3,8,OPTIMAL,56.7363,3,2,1,1,1,0.6667,49.4848,0.0,7.2515,90,0.75,0.5,1.0
010_R104,10,R,3,9,OPTIMAL,3.5121,3,0,0,0,3,0.0,0.0,0.0,3.5121,90,0.75,0.5,1.0
010_R105,10,R,1,0,OPTIMAL,30.8576,1,1,0,1,0,1.0,30.8576,0.0,0.0,90,0.75,0.5,1.0
010_R105,10,R,1,1,OPTIMAL,5.4693,1,0,0,0,1,0.0,0.0,0.0,5.4693,90,0.75,0.5,1.0
010_R105,10,R,1,2,OPTIMAL,14.3526,1,0,0,0,1,0.0,0.0,0.0,14.3526,90,0.75,0.5,1.0
010_R105,10,R,1,3,OPTIMAL,4.6255,1,0,0,0,1,0.0,0.0,0.0,4.6255,90,0.75,0.5,1.0
010_R105,10,R,1,4,OPTIMAL,4.4447,1,0,0,0,1,0.0,0.0,0.0,4.4447,90,0.75,0.5,1.0
010_R105,10,R,1,5,OPTIMAL,3.8621,1,0,0,0,1,0.0,0.0,0.0,3.8621,90,0.75,0.5,1.0
010_R105,10,R,1,6,OPTIMAL,13.3736,1,0,0,0,1,0.0,0.0,0.0,13.3736,90,0.75,0.5,1.0
010_R105,10,R,1,7,OPTIMAL,11.9123,1,0,0,0,1,0.0,0.0,0.0,11.9123,90,0.75,0.5,1.0
010_R105,10,R,1,8,OPTIMAL,38.5799,1,1,0,1,0,1.0,38.5799,0.0,0.0,90,0.75,0.5,1.0
010_R105,10,R,1,9,OPTIMAL,1.0304,1,0,0,0,1,0.0,0.0,0.0,1.0304,90,0.75,0.5,1.0
010_R105,10,R,2,0,OPTIMAL,73.6494,2,1,0,1,1,0.5,34.1875,0.0,39.4619,90,0.75,0.5,1.0
010_R105,10,R,2,1,OPTIMAL,27.128,2,0,0,0,2,0.0,0.0,0.0,27.128,90,0.75,0.5,1.0
010_R105,10,R,2,2,OPTIMAL,37.9576,2,0,0,0,2,0.0,0.0,0.0,37.9576,90,0.75,0.5,1.0
010_R105,10,R,2,3,OPTIMAL,25.6283,2,0,0,0,2,0.0,0.0,0.0,25.6283,90,0.75,0.5,1.0
010_R105,10,R,2,4,OPTIMAL,42.4459,2,1,1,0,1,0.5,38.5226,0.0,3.9233,90,0.75,0.5,1.0
010_R105,10,R,2,5,OPTIMAL,9.7562,2,0,0,0,2,0.0,0.0,0.0,9.7562,90,0.75,0.5,1.0
010_R105,10,R,2,6,OPTIMAL,12.2088,2,0,0,0,2,0.0,0.0,0.0,12.2088,90,0.75,0.5,1.0
010_R105,10,R,2,7,OPTIMAL,45.1667,2,1,0,1,1,0.5,43.432,0.0,1.7347,90,0.75,0.5,1.0
010_R105,10,R,2,8,OPTIMAL,7.7232,2,0,0,0,2,0.0,0.0,0.0,7.7232,90,0.75,0.5,1.0
010_R105,10,R,2,9,OPTIMAL,3.0756,2,0,0,0,2,0.0,0.0,0.0,3.0756,90,0.75,0.5,1.0
010_R105,10,R,3,0,OPTIMAL,77.3165,3,2,0,2,1,0.6667,74.4299,0.0,2.8866,90,0.75,0.5,1.0
010_R105,10,R,3,1,OPTIMAL,64.622,3,1,1,0,2,0.3333,48.2562,0.0,16.3658,90,0.75,0.5,1.0
010_R105,10,R,3,2,OPTIMAL,48.6221,3,1,0,1,2,0.3333,48.1298,0.0,0.4923,90,0.75,0.5,1.0
010_R105,10,R,3,3,OPTIMAL,45.2478,3,0,0,0,3,0.0,0.0,0.0,45.2478,90,0.75,0.5,1.0
010_R105,10,R,3,4,OPTIMAL,59.2986,3,1,0,1,2,0.3333,37.939,0.0,21.3596,90,0.75,0.5,1.0
010_R105,10,R,3,5,OPTIMAL,23.8092,3,0,0,0,3,0.0,0.0,0.0,23.8092,90,0.75,0.5,1.0
010_R105,10,R,3,6,OPTIMAL,59.3571,3,1,1,0,2,0.3333,33.3243,0.0,26.0328,90,0.75,0.5,1.0
010_R105,10,R,3,7,OPTIMAL,47.5772,3,1,0,1,2,0.3333,22.2025,0.0,25.3747,90,0.75,0.5,1.0
010_R105,10,R,3,8,OPTIMAL,35.0043,3,0,0,0,3,0.0,0.0,0.0,35.0043,90,0.75,0.5,1.0
010_R105,10,R,3,9,OPTIMAL,7.8225,3,0,0,0,3,0.0,0.0,0.0,7.8225,90,0.75,0.5,1.0
010_R106,10,R,1,0,OPTIMAL,30.8576,1,1,0,1,0,1.0,30.8576,0.0,0.0,90,0.75,0.5,1.0
010_R106,10,R,1,1,OPTIMAL,26.9147,1,1,0,1,0,1.0,26.9147,0.0,0.0,90,0.75,0.5,1.0
010_R106,10,R,1,2,OPTIMAL,14.3526,1,0,0,0,1,0.0,0.0,0.0,14.3526,90,0.75,0.5,1.0
010_R106,10,R,1,3,OPTIMAL,8.6434,1,0,0,0,1,0.0,0.0,0.0,8.6434,90,0.75,0.5,1.0
010_R106,10,R,1,4,OPTIMAL,1.8976,1,0,0,0,1,0.0,0.0,0.0,1.8976,90,0.75,0.5,1.0
010_R106,10,R,1,5,OPTIMAL,3.8621,1,0,0,0,1,0.0,0.0,0.0,3.8621,90,0.75,0.5,1.0
010_R106,10,R,1,6,OPTIMAL,13.3736,1,0,0,0,1,0.0,0.0,0.0,13.3736,90,0.75,0.5,1.0
010_R106,10,R,1,7,OPTIMAL,11.9123,1,0,0,0,1,0.0,0.0,0.0,11.9123,90,0.75,0.5,1.0
010_R106,10,R,1,8,OPTIMAL,38.5799,1,1,1,0,0,1.0,38.5799,0.0,0.0,90,0.75,0.5,1.0
010_R106,10,R,1,9,OPTIMAL,1.0304,1,0,0,0,1,0.0,0.0,0.0,1.0304,90,0.75,0.5,1.0
010_R106,10,R,2,0,OPTIMAL,86.0638,2,2,2,0,0,1.0,86.0638,0.0,0.0,90,0.75,0.5,1.0
010_R106,10,R,2,1,OPTIMAL,12.7161,2,0,0,0,2,0.0,0.0,0.0,12.7161,90,0.75,0.5,1.0
010_R106,10,R,2,2,OPTIMAL,37.9576,2,0,0,0,2,0.0,0.0,0.0,37.9576,90,0.75,0.5,1.0
010_R106,10,R,2,3,OPTIMAL,25.6283,2,0,0,0,2,0.0,0.0,0.0,25.6283,90,0.75,0.5,1.0
010_R106,10,R,2,4,OPTIMAL,39.8369,2,1,1,0,1,0.5,38.5226,0.0,1.3142,90,0.75,0.5,1.0
010_R106,10,R,2,5,OPTIMAL,3.5987,2,0,0,0,2,0.0,0.0,0.0,3.5987,90,0.75,0.5,1.0
010_R106,10,R,2,6,OPTIMAL,13.2429,2,0,0,0,2,0.0,0.0,0.0,13.2429,90,0.75,0.5,1.0
010_R106,10,R,2,7,OPTIMAL,44.2993,2,1,0,1,1,0.5,43.432,0.0,0.8673,90,0.75,0.5,1.0
010_R106,10,R,2,8,OPTIMAL,30.0579,2,1,0,1,1,0.5,29.8601,0.0,0.1978,90,0.75,0.5,1.0
010_R106,10,R,2,9,OPTIMAL,7.0864,2,0,0,0,2,0.0,0.0,0.0,7.0864,90,0.75,0.5,1.0
010_R106,10,R,3,0,OPTIMAL,62.7712,3,1,0,1,2,0.3333,32.3627,0.0,30.4085,90,0.75,0.5,1.0
010_R106,10,R,3,1,OPTIMAL,69.4485,3,1,0,1,2,0.3333,48.2562,0.0,21.1923,90,0.75,0.5,1.0
010_R106,10,R,3,2,OPTIMAL,61.8884,3,1,0,1,2,0.3333,31.949,0.0,29.9394,90,0.75,0.5,1.0
010_R106,10,R,3,3,OPTIMAL,59.3089,3,0,0,0,3,0.0,0.0,0.0,59.3089,90,0.75,0.5,1.0
010_R106,10,R,3,4,OPTIMAL,59.2986,3,1,0,1,2,0.3333,37.939,0.0,21.3596,90,0.75,0.5,1.0
010_R106,10,R,3,5,OPTIMAL,32.0613,3,0,0,0,3,0.0,0.0,0.0,32.0613,90,0.75,0.5,1.0
010_R106,10,R,3,6,OPTIMAL,59.3571,3,1,1,0,2,0.3333,33.3243,0.0,26.0328,90,0.75,0.5,1.0
010_R106,10,R,3,7,OPTIMAL,55.499,3,1,0,1,2,0.3333,30.3287,0.0,25.1703,90,0.75,0.5,1.0
010_R106,10,R,3,8,OPTIMAL,38.265,3,0,0,0,3,0.0,0.0,0.0,38.265,90,0.75,0.5,1.0
010_R106,10,R,3,9,OPTIMAL,3.214,3,0,0,0,3,0.0,0.0,0.0,3.214,90,0.75,0.5,1.0
010_R107,10,R,1,0,OPTIMAL,30.8576,1,1,0,1,0,1.0,30.8576,0.0,0.0,90,0.75,0.5,1.0
010_R107,10,R,1,1,OPTIMAL,26.9147,1,1,0,1,0,1.0,26.9147,0.0,0.0,90,0.75,0.5,1.0
010_R107,10,R,1,2,OPTIMAL,14.3526,1,0,0,0,1,0.0,0.0,0.0,14.3526,90,0.75,0.5,1.0
010_R107,10,R,1,3,OPTIMAL,8.6434,1,0,0,0,1,0.0,0.0,0.0,8.6434,90,0.75,0.5,1.0
010_R107,10,R,1,4,OPTIMAL,1.8976,1,0,0,0,1,0.0,0.0,0.0,1.8976,90,0.75,0.5,1.0
010_R107,10,R,1,5,OPTIMAL,3.8621,1,0,0,0,1,0.0,0.0,0.0,3.8621,90,0.75,0.5,1.0
010_R107,10,R,1,6,OPTIMAL,13.3736,1,0,0,0,1,0.0,0.0,0.0,13.3736,90,0.75,0.5,1.0
010_R107,10,R,1,7,OPTIMAL,11.9123,1,0,0,0,1,0.0,0.0,0.0,11.9123,90,0.75,0.5,1.0
010_R107,10,R,1,8,OPTIMAL,38.5799,1,1,1,0,0,1.0,38.5799,0.0,0.0,90,0.75,0.5,1.0
010_R107,10,R,1,9,OPTIMAL,1.0304,1,0,0,0,1,0.0,0.0,0.0,1.0304,90,0.75,0.5,1.0
010_R107,10,R,2,0,OPTIMAL,86.0638,2,2,2,0,0,1.0,86.0638,0.0,0.0,90,0.75,0.5,1.0
010_R107,10,R,2,1,OPTIMAL,12.7161,2,0,0,0,2,0.0,0.0,0.0,12.7161,90,0.75,0.5,1.0
010_R107,10,R,2,2,OPTIMAL,37.9576,2,0,0,0,2,0.0,0.0,0.0,37.9576,90,0.75,0.5,1.0
010_R107,10,R,2,3,OPTIMAL,25.6283,2,0,0,0,2,0.0,0.0,0.0,25.6283,90,0.75,0.5,1.0
010_R107,10,R,2,4,OPTIMAL,39.8369,2,1,1,0,1,0.5,38.5226,0.0,1.3142,90,0.75,0.5,1.0
010_R107,10,R,2,5,OPTIMAL,3.5987,2,0,0,0,2,0.0,0.0,0.0,3.5987,90,0.75,0.5,1.0
010_R107,10,R,2,6,OPTIMAL,13.2429,2,0,0,0,2,0.0,0.0,0.0,13.2429,90,0.75,0.5,1.0
010_R107,10,R,2,7,OPTIMAL,44.2993,2,1,0,1,1,0.5,43.432,0.0,0.8673,90,0.75,0.5,1.0
010_R107,10,R,2,8,OPTIMAL,30.0579,2,1,0,1,1,0.5,29.8601,0.0,0.1978,90,0.75,0.5,1.0
010_R107,10,R,2,9,OPTIMAL,7.0864,2,0,0,0,2,0.0,0.0,0.0,7.0864,90,0.75,0.5,1.0
010_R107,10,R,3,0,OPTIMAL,62.7712,3,1,0,1,2,0.3333,32.3627,0.0,30.4085,90,0.75,0.5,1.0
010_R107,10,R,3,1,OPTIMAL,69.4485,3,1,0,1,2,0.3333,48.2562,0.0,21.1923,90,0.75,0.5,1.0
010_R107,10,R,3,2,OPTIMAL,61.8884,3,1,0,1,2,0.3333,31.949,0.0,29.9394,90,0.75,0.5,1.0
010_R107,10,R,3,3,OPTIMAL,59.3089,3,0,0,0,3,0.0,0.0,0.0,59.3089,90,0.75,0.5,1.0
010_R107,10,R,3,4,OPTIMAL,59.2986,3,1,0,1,2,0.3333,37.939,0.0,21.3596,90,0.75,0.5,1.0
010_R107,10,R,3,5,OPTIMAL,32.0613,3,0,0,0,3,0.0,0.0,0.0,32.0613,90,0.75,0.5,1.0
010_R107,10,R,3,6,OPTIMAL,59.3571,3,1,1,0,2,0.3333,33.3243,0.0,26.0328,90,0.75,0.5,1.0
010_R107,10,R,3,7,OPTIMAL,55.499,3,1,0,1,2,0.3333,30.3287,0.0,25.1703,90,0.75,0.5,1.0
010_R107,10,R,3,8,OPTIMAL,38.265,3,0,0,0,3,0.0,0.0,0.0,38.265,90,0.75,0.5,1.0
010_R107,10,R,3,9,OPTIMAL,3.214,3,0,0,0,3,0.0,0.0,0.0,3.214,90,0.75,0.5,1.0
010_R108,10,R,1,0,OPTIMAL,30.8576,1,1,0,1,0,1.0,30.8576,0.0,0.0,90,0.75,0.5,1.0
010_R108,10,R,1,1,OPTIMAL,26.9147,1,1,0,1,0,1.0,26.9147,0.0,0.0,90,0.75,0.5,1.0
010_R108,10,R,1,2,OPTIMAL,14.3526,1,0,0,0,1,0.0,0.0,0.0,14.3526,90,0.75,0.5,1.0
010_R108,10,R,1,3,OPTIMAL,24.0169,1,0,0,0,1,0.0,0.0,0.0,24.0169,90,0.75,0.5,1.0
010_R108,10,R,1,4,OPTIMAL,1.8976,1,0,0,0,1,0.0,0.0,0.0,1.8976,90,0.75,0.5,1.0
010_R108,10,R,1,5,OPTIMAL,25.0643,1,1,0,1,0,1.0,25.0643,0.0,0.0,90,0.75,0.5,1.0
010_R108,10,R,1,6,OPTIMAL,34.4238,1,1,1,0,0,1.0,34.4238,0.0,0.0,90,0.75,0.5,1.0
010_R108,10,R,1,7,OPTIMAL,32.936,1,1,1,0,0,1.0,32.936,0.0,0.0,90,0.75,0.5,1.0
010_R108,10,R,1,8,OPTIMAL,38.5799,1,1,1,0,0,1.0,38.5799,0.0,0.0,90,0.75,0.5,1.0
010_R108,10,R,1,9,OPTIMAL,3.8785,1,0,0,0,1,0.0,0.0,0.0,3.8785,90,0.75,0.5,1.0
010_R108,10,R,2,0,OPTIMAL,86.0638,2,2,2,0,0,1.0,86.0638,0.0,0.0,90,0.75,0.5,1.0
010_R108,10,R,2,1,OPTIMAL,33.9859,2,1,1,0,1,0.5,31.9607,0.0,2.0252,90,0.75,0.5,1.0
010_R108,10,R,2,2,OPTIMAL,51.891,2,1,1,0,1,0.5,37.9276,0.0,13.9634,90,0.75,0.5,1.0
010_R108,10,R,2,3,OPTIMAL,42.5116,2,0,0,0,2,0.0,0.0,0.0,42.5116,90,0.75,0.5,1.0
010_R108,10,R,2,4,OPTIMAL,39.8369,2,1,1,0,1,0.5,38.5226,0.0,1.3142,90,0.75,0.5,1.0
010_R108,10,R,2,5,OPTIMAL,3.5987,2,0,0,0,2,0.0,0.0,0.0,3.5987,90,0.75,0.5,1.0
010_R108,10,R,2,6,OPTIMAL,27.9895,2,1,0,1,1,0.5,15.8361,0.0,12.1534,90,0.75,0.5,1.0
010_R108,10,R,2,7,OPTIMAL,43.0549,2,0,0,0,2,0.0,0.0,0.0,43.0549,90,0.75,0.5,1.0
010_R108,10,R,2,8,OPTIMAL,30.0579,2,1,0,1,1,0.5,29.8601,0.0,0.1978,90,0.75,0.5,1.0
010_R108,10,R,2,9,OPTIMAL,42.4958,2,1,0,1,1,0.5,35.9317,0.0,6.5642,90,0.75,0.5,1.0
010_R108,10,R,3,0,OPTIMAL,77.2158,3,1,0,1,2,0.3333,32.3627,0.0,44.8531,90,0.75,0.5,1.0
010_R108,10,R,3,1,OPTIMAL,69.4485,3,1,0,1,2,0.3333,48.2562,0.0,21.1923,90,0.75,0.5,1.0
010_R108,10,R,3,2,OPTIMAL,98.2975,3,2,2,0,1,0.6667,80.0788,0.0,18.2187,90,0.75,0.5,1.0
010_R108,10,R,3,3,OPTIMAL,80.8543,3,1,1,0,2,0.3333,29.0008,0.0,51.8536,90,0.75,0.5,1.0
010_R108,10,R,3,4,OPTIMAL,73.4804,3,2,0,2,1,0.6667,55.8874,0.0,17.593,90,0.75,0.5,1.0
010_R108,10,R,3,5,OPTIMAL,37.374,3,0,0,0,3,0.0,0.0,0.0,37.374,90,0.75,0.5,1.0
010_R108,10,R,3,6,OPTIMAL,59.3571,3,1,1,0,2,0.3333,33.3243,0.0,26.0328,90,0.75,0.5,1.0
010_R108,10,R,3,7,OPTIMAL,28.7828,3,1,0,1,2,0.3333,27.4832,0.0,1.2996,90,0.75,0.5,1.0
010_R108,10,R,3,8,OPTIMAL,56.7363,3,2,1,1,1,0.6667,49.4848,0.0,7.2515,90,0.75,0.5,1.0
010_R108,10,R,3,9,OPTIMAL,3.5121,3,0,0,0,3,0.0,0.0,0.0,3.5121,90,0.75,0.5,1.0
010_R109,10,R,1,0,OPTIMAL,30.8576,1,1,0,1,0,1.0,30.8576,0.0,0.0,90,0.75,0.5,1.0
010_R109,10,R,1,1,OPTIMAL,26.9147,1,1,0,1,0,1.0,26.9147,0.0,0.0,90,0.75,0.5,1.0
010_R109,10,R,1,2,OPTIMAL,14.5174,1,1,0,1,0,1.0,14.5174,0.0,0.0,90,0.75,0.5,1.0
010_R109,10,R,1,3,OPTIMAL,25.6824,1,1,0,1,0,1.0,25.6824,0.0,0.0,90,0.75,0.5,1.0
010_R109,10,R,1,4,OPTIMAL,49.1964,1,1,0,1,0,1.0,49.1964,0.0,0.0,90,0.75,0.5,1.0
010_R109,10,R,1,5,OPTIMAL,25.0643,1,1,0,1,0,1.0,25.0643,0.0,0.0,90,0.75,0.5,1.0
010_R109,10,R,1,6,OPTIMAL,34.4238,1,1,0,1,0,1.0,34.4238,0.0,0.0,90,0.75,0.5,1.0
010_R109,10,R,1,7,OPTIMAL,32.936,1,1,0,1,0,1.0,32.936,0.0,0.0,90,0.75,0.5,1.0
010_R109,10,R,1,8,OPTIMAL,38.5799,1,1,0,1,0,1.0,38.5799,0.0,0.0,90,0.75,0.5,1.0
010_R109,10,R,1,9,OPTIMAL,1.0304,1,0,0,0,1,0.0,0.0,0.0,1.0304,90,0.75,0.5,1.0
010_R109,10,R,2,0,OPTIMAL,86.0638,2,2,2,0,0,1.0,86.0638,0.0,0.0,90,0.75,0.5,1.0
010_R109,10,R,2,1,OPTIMAL,48.0807,2,1,0,1,1,0.5,31.9607,0.0,16.12,90,0.75,0.5,1.0
010_R109,10,R,2,2,OPTIMAL,66.1564,2,2,0,2,0,1.0,66.1564,0.0,0.0,90,0.75,0.5,1.0
010_R109,10,R,2,3,OPTIMAL,60.6532,2,2,0,2,0,1.0,60.6532,0.0,0.0,90,0.75,0.5,1.0
010_R109,10,R,2,4,OPTIMAL,86.8437,2,2,0,2,0,1.0,86.8437,0.0,0.0,90,0.75,0.5,1.0
010_R109,10,R,2,5,OPTIMAL,84.3096,2,2,0,2,0,1.0,84.3096,0.0,0.0,90,0.75,0.5,1.0
010_R109,10,R,2,6,OPTIMAL,8.5419,2,0,0,0,2,0.0,0.0,0.0,8.5419,90,0.75,0.5,1.0
010_R109,10,R,2,7,OPTIMAL,25.9932,2,1,0,1,1,0.5,20.4316,0.0,5.5616,90,0.75,0.5,1.0
010_R109,10,R,2,8,OPTIMAL,50.4493,2,2,0,2,0,1.0,50.4493,0.0,0.0,90,0.75,0.5,1.0
010_R109,10,R,2,9,OPTIMAL,69.1684,2,2,0,2,0,1.0,69.1684,0.0,0.0,90,0.75,0.5,1.0
010_R109,10,R,3,0,OPTIMAL,85.0422,3,2,0,2,1,0.6667,81.1921,0.0,3.8501,90,0.75,0.5,1.0
010_R109,10,R,3,1,OPTIMAL,113.058,3,3,1,2,0,1.0,113.058,0.0,0.0,90,0.75,0.5,1.0
010_R109,10,R,3,2,OPTIMAL,117.152,3,3,0,3,0,1.0,117.152,0.0,0.0,90,0.75,0.5,1.0
010_R109,10,R,3,3,OPTIMAL,78.5594,3,2,1,1,1,0.6667,76.2593,0.0,2.3001,90,0.75,0.5,1.0
010_R109,10,R,3,4,OPTIMAL,88.4351,3,2,0,2,1,0.6667,58.2586,0.0,30.1764,90,0.75,0.5,1.0
010_R109,10,R,3,5,OPTIMAL,77.8393,3,2,0,2,1,0.6667,72.3229,0.0,5.5164,90,0.75,0.5,1.0
010_R109,10,R,3,6,OPTIMAL,68.9772,3,2,0,2,1,0.6667,62.5774,0.0,6.3997,90,0.75,0.5,1.0
010_R109,10,R,3,7,OPTIMAL,56.7872,3,2,0,2,1,0.6667,49.6857,0.0,7.1014,90,0.75,0.5,1.0
010_R109,10,R,3,8,OPTIMAL,69.4781,3,2,0,2,1,0.6667,68.8601,0.0,0.618,90,0.75,0.5,1.0
010_R109,10,R,3,9,OPTIMAL,27.6903,3,1,0,1,2,0.3333,26.2985,0.0,1.3918,90,0.75,0.5,1.0
010_R110,10,R,1,0,OPTIMAL,30.8576,1,1,1,0,0,1.0,30.8576,0.0,0.0,90,0.75,0.5,1.0
010_R110,10,R,1,1,OPTIMAL,26.9147,1,1,0,1,0,1.0,26.9147,0.0,0.0,90,0.75,0.5,1.0
010_R110,10,R,1,2,OPTIMAL,14.5174,1,1,0,1,0,1.0,14.5174,0.0,0.0,90,0.75,0.5,1.0
010_R110,10,R,1,3,OPTIMAL,25.6824,1,1,0,1,0,1.0,25.6824,0.0,0.0,90,0.75,0.5,1.0
010_R110,10,R,1,4,OPTIMAL,49.1964,1,1,0,1,0,1.0,49.1964,0.0,0.0,90,0.75,0.5,1.0
010_R110,10,R,1,5,OPTIMAL,25.0643,1,1,0,1,0,1.0,25.0643,0.0,0.0,90,0.75,0.5,1.0
010_R110,10,R,1,6,OPTIMAL,34.4238,1,1,0,1,0,1.0,34.4238,0.0,0.0,90,0.75,0.5,1.0
010_R110,10,R,1,7,OPTIMAL,32.936,1,1,0,1,0,1.0,32.936,0.0,0.0,90,0.75,0.5,1.0
010_R110,10,R,1,8,OPTIMAL,3.0006,1,0,0,0,1,0.0,0.0,0.0,3.0006,90,0.75,0.5,1.0
010_R110,10,R,1,9,OPTIMAL,1.0304,1,0,0,0,1,0.0,0.0,0.0,1.0304,90,0.75,0.5,1.0
010_R110,10,R,2,0,OPTIMAL,86.0638,2,2,2,0,0,1.0,86.0638,0.0,0.0,90,0.75,0.5,1.0
010_R110,10,R,2,1,OPTIMAL,52.3441,2,2,0,2,0,1.0,52.3441,0.0,0.0,90,0.75,0.5,1.0
010_R110,10,R,2,2,OPTIMAL,66.1564,2,2,0,2,0,1.0,66.1564,0.0,0.0,90,0.75,0.5,1.0
010_R110,10,R,2,3,OPTIMAL,60.6532,2,2,0,2,0,1.0,60.6532,0.0,0.0,90,0.75,0.5,1.0
010_R110,10,R,2,4,OPTIMAL,50.359,2,1,0,1,1,0.5,48.3211,0.0,2.0378,90,0.75,0.5,1.0
010_R110,10,R,2,5,OPTIMAL,84.3096,2,2,0,2,0,1.0,84.3096,0.0,0.0,90,0.75,0.5,1.0
010_R110,10,R,2,6,OPTIMAL,31.7211,2,1,0,1,1,0.5,30.6316,0.0,1.0896,90,0.75,0.5,1.0
010_R110,10,R,2,7,OPTIMAL,27.8427,2,0,0,0,2,0.0,0.0,0.0,27.8427,90,0.75,0.5,1.0
010_R110,10,R,2,8,OPTIMAL,35.6533,2,1,0,1,1,0.5,20.5892,0.0,15.0642,90,0.75,0.5,1.0
010_R110,10,R,2,9,OPTIMAL,50.5772,2,0,0,0,2,0.0,0.0,0.0,50.5772,90,0.75,0.5,1.0
010_R110,10,R,3,0,OPTIMAL,73.0472,3,1,0,1,2,0.3333,48.8295,0.0,24.2178,90,0.75,0.5,1.0
010_R110,10,R,3,1,OPTIMAL,101.3984,3,2,0,2,1,0.6667,79.5972,0.0,21.8013,90,0.75,0.5,1.0
010_R110,10,R,3,2,OPTIMAL,117.152,3,3,0,3,0,1.0,117.152,0.0,0.0,90,0.75,0.5,1.0
010_R110,10,R,3,3,OPTIMAL,78.5594,3,2,1,1,1,0.6667,76.2593,0.0,2.3001,90,0.75,0.5,1.0
010_R110,10,R,3,4,OPTIMAL,58.9828,3,2,0,2,1,0.6667,58.2586,0.0,0.7241,90,0.75,0.5,1.0
010_R110,10,R,3,5,OPTIMAL,72.3525,3,2,1,1,1,0.6667,72.3229,0.0,0.0296,90,0.75,0.5,1.0
010_R110,10,R,3,6,OPTIMAL,58.1384,3,2,0,2,1,0.6667,58.1274,0.0,0.0111,90,0.75,0.5,1.0
010_R110,10,R,3,7,OPTIMAL,34.5119,3,1,0,1,2,0.3333,22.2025,0.0,12.3094,90,0.75,0.5,1.0
010_R110,10,R,3,8,OPTIMAL,69.4781,3,2,0,2,1,0.6667,68.8601,0.0,0.618,90,0.75,0.5,1.0
010_R110,10,R,3,9,OPTIMAL,27.6903,3,1,0,1,2,0.3333,26.2985,0.0,1.3918,90,0.75,0.5,1.0
010_R111,10,R,1,0,OPTIMAL,30.8576,1,1,0,1,0,1.0,30.8576,0.0,0.0,90,0.75,0.5,1.0
010_R111,10,R,1,1,OPTIMAL,26.9147,1,1,0,1,0,1.0,26.9147,0.0,0.0,90,0.75,0.5,1.0
010_R111,10,R,1,2,OPTIMAL,14.3526,1,0,0,0,1,0.0,0.0,0.0,14.3526,90,0.75,0.5,1.0
010_R111,10,R,1,3,OPTIMAL,24.0169,1,0,0,0,1,0.0,0.0,0.0,24.0169,90,0.75,0.5,1.0
010_R111,10,R,1,4,OPTIMAL,1.8976,1,0,0,0,1,0.0,0.0,0.0,1.8976,90,0.75,0.5,1.0
010_R111,10,R,1,5,OPTIMAL,25.0643,1,1,0,1,0,1.0,25.0643,0.0,0.0,90,0.75,0.5,1.0
010_R111,10,R,1,6,OPTIMAL,13.3736,1,0,0,0,1,0.0,0.0,0.0,13.3736,90,0.75,0.5,1.0
010_R111,10,R,1,7,OPTIMAL,11.9123,1,0,0,0,1,0.0,0.0,0.0,11.9123,90,0.75,0.5,1.0
010_R111,10,R,1,8,OPTIMAL,38.5799,1,1,0,1,0,1.0,38.5799,0.0,0.0,90,0.75,0.5,1.0
010_R111,10,R,1,9,OPTIMAL,1.0304,1,0,0,0,1,0.0,0.0,0.0,1.0304,90,0.75,0.5,1.0
010_R111,10,R,2,0,OPTIMAL,86.0638,2,2,2,0,0,1.0,86.0638,0.0,0.0,90,0.75,0.5,1.0
010_R111,10,R,2,1,OPTIMAL,12.7161,2,0,0,0,2,0.0,0.0,0.0,12.7161,90,0.75,0.5,1.0
010_R111,10,R,2,2,OPTIMAL,37.9576,2,0,0,0,2,0.0,0.0,0.0,37.9576,90,0.75,0.5,1.0
010_R111,10,R,2,3,OPTIMAL,22.1302,2,0,0,0,2,0.0,0.0,0.0,22.1302,90,0.75,0.5,1.0
010_R111,10,R,2,4,OPTIMAL,39.8369,2,1,0,1,1,0.5,38.5226,0.0,1.3142,90,0.75,0.5,1.0
010_R111,10,R,2,5,OPTIMAL,3.5987,2,0,0,0,2,0.0,0.0,0.0,3.5987,90,0.75,0.5,1.0
010_R111,10,R,2,6,OPTIMAL,8.5419,2,0,0,0,2,0.0,0.0,0.0,8.5419,90,0.75,0.5,1.0
010_R111,10,R,2,7,OPTIMAL,44.2993,2,1,1,0,1,0.5,43.432,0.0,0.8673,90,0.75,0.5,1.0
010_R111,10,R,2,8,OPTIMAL,28.2294,2,0,0,0,2,0.0,0.0,0.0,28.2294,90,0.75,0.5,1.0
010_R111,10,R,2,9,OPTIMAL,7.0864,2,0,0,0,2,0.0,0.0,0.0,7.0864,90,0.75,0.5,1.0
010_R111,10,R,3,0,OPTIMAL,45.4771,3,0,0,0,3,0.0,0.0,0.0,45.4771,90,0.75,0.5,1.0
010_R111,10,R,3,1,OPTIMAL,57.6062,3,0,0,0,3,0.0,0.0,0.0,57.6062,90,0.75,0.5,1.0
010_R111,10,R,3,2,OPTIMAL,50.3229,3,0,0,0,3,0.0,0.0,0.0,50.3229,90,0.75,0.5,1.0
010_R111,10,R,3,3,OPTIMAL,59.3089,3,0,0,0,3,0.0,0.0,0.0,59.3089,90,0.75,0.5,1.0
010_R111,10,R,3,4,OPTIMAL,60.1755,3,2,0,2,1,0.6667,55.8874,0.0,4.2881,90,0.75,0.5,1.0
010_R111,10,R,3,5,OPTIMAL,29.2961,3,0,0,0,3,0.0,0.0,0.0,29.2961,90,0.75,0.5,1.0
010_R111,10,R,3,6,OPTIMAL,55.7085,3,1,0,1,2,0.3333,33.3243,0.0,22.3843,90,0.75,0.5,1.0
010_R111,10,R,3,7,OPTIMAL,63.4269,3,1,0,1,2,0.3333,30.3287,0.0,33.0982,90,0.75,0.5,1.0
010_R111,10,R,3,8,OPTIMAL,38.265,3,0,0,0,3,0.0,0.0,0.0,38.265,90,0.75,0.5,1.0
010_R111,10,R,3,9,OPTIMAL,3.214,3,0,0,0,3,0.0,0.0,0.0,3.214,90,0.75,0.5,1.0
010_R112,10,R,1,0,OPTIMAL,30.8576,1,1,1,0,0,1.0,30.8576,0.0,0.0,90,0.75,0.5,1.0
010_R112,10,R,1,1,OPTIMAL,26.9147,1,1,1,0,0,1.0,26.9147,0.0,0.0,90,0.75,0.5,1.0
010_R112,10,R,1,2,OPTIMAL,14.5174,1,1,1,0,0,1.0,14.5174,0.0,0.0,90,0.75,0.5,1.0
010_R112,10,R,1,3,OPTIMAL,25.6824,1,1,1,0,0,1.0,25.6824,0.0,0.0,90,0.75,0.5,1.0
010_R112,10,R,1,4,OPTIMAL,32.1805,1,0,0,0,1,0.0,0.0,0.0,32.1805,90,0.75,0.5,1.0
010_R112,10,R,1,5,OPTIMAL,25.0643,1,1,1,0,0,1.0,25.0643,0.0,0.0,90,0.75,0.5,1.0
010_R112,10,R,1,6,OPTIMAL,34.4238,1,1,1,0,0,1.0,34.4238,0.0,0.0,90,0.75,0.5,1.0
010_R112,10,R,1,7,OPTIMAL,32.936,1,1,1,0,0,1.0,32.936,0.0,0.0,90,0.75,0.5,1.0
010_R112,10,R,1,8,OPTIMAL,3.0006,1,0,0,0,1,0.0,0.0,0.0,3.0006,90,0.75,0.5,1.0
010_R112,10,R,1,9,OPTIMAL,2.0609,1,0,0,0,1,0.0,0.0,0.0,2.0609,90,0.75,0.5,1.0
010_R112,10,R,2,0,OPTIMAL,86.0638,2,2,2,0,0,1.0,86.0638,0.0,0.0,90,0.75,0.5,1.0
010_R112,10,R,2,1,OPTIMAL,33.1305,2,1,1,0,1,0.5,31.9607,0.0,1.1698,90,0.75,0.5,1.0
010_R112,10,R,2,2,OPTIMAL,66.1564,2,2,2,0,0,1.0,66.1564,0.0,0.0,90,0.75,0.5,1.0
010_R112,10,R,2,3,OPTIMAL,60.6532,2,2,2,0,0,1.0,60.6532,0.0,0.0,90,0.75,0.5,1.0
010_R112,10,R,2,4,OPTIMAL,27.7371,2,0,0,0,2,0.0,0.0,0.0,27.7371,90,0.75,0.5,1.0
010_R112,10,R,2,5,OPTIMAL,65.6862,2,1,1,0,1,0.5,36.3134,0.0,29.3728,90,0.75,0.5,1.0
010_R112,10,R,2,6,OPTIMAL,29.9959,2,0,0,0,2,0.0,0.0,0.0,29.9959,90,0.75,0.5,1.0
010_R112,10,R,2,7,OPTIMAL,5.563,2,0,0,0,2,0.0,0.0,0.0,5.563,90,0.75,0.5,1.0
010_R112,10,R,2,8,OPTIMAL,16.0929,2,0,0,0,2,0.0,0.0,0.0,16.0929,90,0.75,0.5,1.0
010_R112,10,R,2,9,OPTIMAL,1.7989,2,0,0,0,2,0.0,0.0,0.0,1.7989,90,0.75,0.5,1.0
010_R112,10,R,3,0,OPTIMAL,14.9277,3,0,0,0,3,0.0,0.0,0.0,14.9277,90,0.75,0.5,1.0
010_R112,10,R,3,1,OPTIMAL,31.8054,3,0,0,0,3,0.0,0.0,0.0,31.8054,90,0.75,0.5,1.0
010_R112,10,R,3,2,OPTIMAL,80.3344,3,2,2,0,1,0.6667,80.0788,0.0,0.2556,90,0.75,0.5,1.0
010_R112,10,R,3,3,OPTIMAL,78.5594,3,2,2,0,1,0.6667,76.2593,0.0,2.3001,90,0.75,0.5,1.0
010_R112,10,R,3,4,OPTIMAL,22.9606,3,1,1,0,2,0.3333,17.9484,0.0,5.0123,90,0.75,0.5,1.0
010_R112,10,R,3,5,OPTIMAL,36.1727,3,1,1,0,2,0.3333,31.7126,0.0,4.4601,90,0.75,0.5,1.0
010_R112,10,R,3,6,OPTIMAL,55.0693,3,1,1,0,2,0.3333,29.2532,0.0,25.8161,90,0.75,0.5,1.0
010_R112,10,R,3,7,OPTIMAL,12.2072,3,0,0,0,3,0.0,0.0,0.0,12.2072,90,0.75,0.5,1.0
010_R112,10,R,3,8,OPTIMAL,63.4679,3,1,1,0,2,0.3333,32.8795,0.0,30.5884,90,0.75,0.5,1.0
010_R112,10,R,3,9,OPTIMAL,7.48,3,0,0,0,3,0.0,0.0,0.0,7.48,90,0.75,0.5,1.0
010_R201,10,R,1,0,OPTIMAL,30.8576,1,1,1,0,0,1.0,30.8576,0.0,0.0,90,0.75,0.5,1.0
010_R201,10,R,1,1,OPTIMAL,26.9147,1,1,1,0,0,1.0,26.9147,0.0,0.0,90,0.75,0.5,1.0
010_R201,10,R,1,2,OPTIMAL,14.5174,1,1,1,0,0,1.0,14.5174,0.0,0.0,90,0.75,0.5,1.0
010_R201,10,R,1,3,OPTIMAL,25.6824,1,1,1,0,0,1.0,25.6824,0.0,0.0,90,0.75,0.5,1.0
010_R201,10,R,1,4,OPTIMAL,49.1964,1,1,0,1,0,1.0,49.1964,0.0,0.0,90,0.75,0.5,1.0
010_R201,10,R,1,5,OPTIMAL,25.0643,1,1,1,0,0,1.0,25.0643,0.0,0.0,90,0.75,0.5,1.0
010_R201,10,R,1,6,OPTIMAL,31.1164,1,0,0,0,1,0.0,0.0,0.0,31.1164,90,0.75,0.5,1.0
010_R201,10,R,1,7,OPTIMAL,11.9123,1,0,0,0,1,0.0,0.0,0.0,11.9123,90,0.75,0.5,1.0
010_R201,10,R,1,8,OPTIMAL,38.5799,1,1,1,0,0,1.0,38.5799,0.0,0.0,90,0.75,0.5,1.0
010_R201,10,R,1,9,OPTIMAL,16.1266,1,1,1,0,0,1.0,16.1266,0.0,0.0,90,0.75,0.5,1.0
010_R201,10,R,2,0,OPTIMAL,86.0638,2,2,2,0,0,1.0,86.0638,0.0,0.0,90,0.75,0.5,1.0
010_R201,10,R,2,1,OPTIMAL,29.6856,2,0,0,0,2,0.0,0.0,0.0,29.6856,90,0.75,0.5,1.0
010_R201,10,R,2,2,OPTIMAL,66.1564,2,2,2,0,0,1.0,66.1564,0.0,0.0,90,0.75,0.5,1.0
010_R201,10,R,2,3,OPTIMAL,37.743,2,1,0,1,1,0.5,24.6038,0.0,13.1392,90,0.75,0.5,1.0
010_R201,10,R,2,4,OPTIMAL,86.8437,2,2,2,0,0,1.0,86.8437,0.0,0.0,90,0.75,0.5,1.0
010_R201,10,R,2,5,OPTIMAL,84.3096,2,2,1,1,0,1.0,84.3096,0.0,0.0,90,0.75,0.5,1.0
010_R201,10,R,2,6,OPTIMAL,46.4677,2,2,2,0,0,1.0,46.4677,0.0,0.0,90,0.75,0.5,1.0
010_R201,10,R,2,7,OPTIMAL,63.8635,2,2,1,1,0,1.0,63.8635,0.0,0.0,90,0.75,0.5,1.0
010_R201,10,R,2,8,OPTIMAL,44.7407,2,1,1,0,1,0.5,29.8601,0.0,14.8806,90,0.75,0.5,1.0
010_R201,10,R,2,9,OPTIMAL,42.4958,2,1,1,0,1,0.5,35.9317,0.0,6.5642,90,0.75,0.5,1.0
010_R201,10,R,3,0,OPTIMAL,123.2594,3,3,2,1,0,1.0,123.2594,0.0,0.0,90,0.75,0.5,1.0
010_R201,10,R,3,1,OPTIMAL,111.2378,3,2,2,0,1,0.6667,81.7171,0.0,29.5206,90,0.75,0.5,1.0
010_R201,10,R,3,2,OPTIMAL,66.4405,3,1,1,0,2,0.3333,31.949,0.0,34.4915,90,0.75,0.5,1.0
010_R201,10,R,3,3,OPTIMAL,103.1296,3,2,2,0,1,0.6667,78.1788,0.0,24.9508,90,0.75,0.5,1.0
010_R201,10,R,3,4,OPTIMAL,85.7567,3,2,1,1,1,0.6667,58.2586,0.0,27.498,90,0.75,0.5,1.0
010_R201,10,R,3,5,OPTIMAL,65.1086,3,2,2,0,1,0.6667,60.6633,0.0,4.4453,90,0.75,0.5,1.0
010_R201,10,R,3,6,OPTIMAL,68.9772,3,2,1,1,1,0.6667,62.5774,0.0,6.3997,90,0.75,0.5,1.0
010_R201,10,R,3,7,OPTIMAL,80.0144,3,3,3,0,0,1.0,80.0144,0.0,0.0,90,0.75,0.5,1.0
010_R201,10,R,3,8,OPTIMAL,78.8373,3,2,2,0,1,0.6667,49.4848,0.0,29.3525,90,0.75,0.5,1.0
010_R201,10,R,3,9,OPTIMAL,67.1018,3,1,1,0,2,0.3333,24.187,0.0,42.9148,90,0.75,0.5,1.0
010_R202,10,R,1,0,OPTIMAL,30.8576,1,1,1,0,0,1.0,30.8576,0.0,0.0,90,0.75,0.5,1.0
010_R202,10,R,1,1,OPTIMAL,26.9147,1,1,1,0,0,1.0,26.9147,0.0,0.0,90,0.75,0.5,1.0
010_R202,10,R,1,2,OPTIMAL,14.5174,1,1,1,0,0,1.0,14.5174,0.0,0.0,90,0.75,0.5,1.0
010_R202,10,R,1,3,OPTIMAL,25.6824,1,1,1,0,0,1.0,25.6824,0.0,0.0,90,0.75,0.5,1.0
010_R202,10,R,1,4,OPTIMAL,49.1964,1,1,1,0,0,1.0,49.1964,0.0,0.0,90,0.75,0.5,1.0
010_R202,10,R,1,5,OPTIMAL,25.0643,1,1,1,0,0,1.0,25.0643,0.0,0.0,90,0.75,0.5,1.0
010_R202,10,R,1,6,OPTIMAL,34.4238,1,1,1,0,0,1.0,34.4238,0.0,0.0,90,0.75,0.5,1.0
010_R202,10,R,1,7,OPTIMAL,11.9123,1,0,0,0,1,0.0,0.0,0.0,11.9123,90,0.75,0.5,1.0
010_R202,10,R,1,8,OPTIMAL,38.5799,1,1,1,0,0,1.0,38.5799,0.0,0.0,90,0.75,0.5,1.0
010_R202,10,R,1,9,OPTIMAL,16.1266,1,1,1,0,0,1.0,16.1266,0.0,0.0,90,0.75,0.5,1.0
010_R202,10,R,2,0,OPTIMAL,86.0638,2,2,2,0,0,1.0,86.0638,0.0,0.0,90,0.75,0.5,1.0
010_R202,10,R,2,1,OPTIMAL,33.9859,2,1,1,0,1,0.5,31.9607,0.0,2.0252,90,0.75,0.5,1.0
010_R202,10,R,2,2,OPTIMAL,66.1564,2,2,2,0,0,1.0,66.1564,0.0,0.0,90,0.75,0.5,1.0
010_R202,10,R,2,3,OPTIMAL,37.743,2,1,1,0,1,0.5,24.6038,0.0,13.1392,90,0.75,0.5,1.0
010_R202,10,R,2,4,OPTIMAL,86.8437,2,2,2,0,0,1.0,86.8437,0.0,0.0,90,0.75,0.5,1.0
010_R202,10,R,2,5,OPTIMAL,84.3096,2,2,1,1,0,1.0,84.3096,0.0,0.0,90,0.75,0.5,1.0
010_R202,10,R,2,6,OPTIMAL,46.4677,2,2,2,0,0,1.0,46.4677,0.0,0.0,90,0.75,0.5,1.0
010_R202,10,R,2,7,OPTIMAL,63.8635,2,2,2,0,0,1.0,63.8635,0.0,0.0,90,0.75,0.5,1.0
010_R202,10,R,2,8,OPTIMAL,50.4493,2,2,2,0,0,1.0,50.4493,0.0,0.0,90,0.75,0.5,1.0
010_R202,10,R,2,9,OPTIMAL,42.4958,2,1,1,0,1,0.5,35.9317,0.0,6.5642,90,0.75,0.5,1.0
010_R202,10,R,3,0,OPTIMAL,123.2594,3,3,3,0,0,1.0,123.2594,0.0,0.0,90,0.75,0.5,1.0
010_R202,10,R,3,1,OPTIMAL,111.2378,3,2,2,0,1,0.6667,81.7171,0.0,29.5206,90,0.75,0.5,1.0
010_R202,10,R,3,2,OPTIMAL,80.3344,3,2,1,1,1,0.6667,80.0788,0.0,0.2556,90,0.75,0.5,1.0
010_R202,10,R,3,3,OPTIMAL,94.2109,3,2,1,1,1,0.6667,76.2593,0.0,17.9516,90,0.75,0.5,1.0
010_R202,10,R,3,4,OPTIMAL,96.1976,3,3,3,0,0,1.0,96.1976,0.0,0.0,90,0.75,0.5,1.0
010_R202,10,R,3,5,OPTIMAL,65.1086,3,2,2,0,1,0.6667,60.6633,0.0,4.4453,90,0.75,0.5,1.0
010_R202,10,R,3,6,OPTIMAL,79.5636,3,2,2,0,1,0.6667,62.5774,0.0,16.9861,90,0.75,0.5,1.0
010_R202,10,R,3,7,OPTIMAL,80.0144,3,3,3,0,0,1.0,80.0144,0.0,0.0,90,0.75,0.5,1.0
010_R202,10,R,3,8,OPTIMAL,78.8373,3,2,2,0,1,0.6667,49.4848,0.0,29.3525,90,0.75,0.5,1.0
010_R202,10,R,3,9,OPTIMAL,79.8771,3,3,2,1,0,1.0,79.8771,0.0,0.0,90,0.75,0.5,1.0
010_R203,10,R,1,0,OPTIMAL,30.8576,1,1,1,0,0,1.0,30.8576,0.0,0.0,90,0.75,0.5,1.0
010_R203,10,R,1,1,OPTIMAL,26.9147,1,1,1,0,0,1.0,26.9147,0.0,0.0,90,0.75,0.5,1.0
010_R203,10,R,1,2,OPTIMAL,14.5174,1,1,1,0,0,1.0,14.5174,0.0,0.0,90,0.75,0.5,1.0
010_R203,10,R,1,3,OPTIMAL,25.6824,1,1,1,0,0,1.0,25.6824,0.0,0.0,90,0.75,0.5,1.0
010_R203,10,R,1,4,OPTIMAL,49.1964,1,1,1,0,0,1.0,49.1964,0.0,0.0,90,0.75,0.5,1.0
010_R203,10,R,1,5,OPTIMAL,25.0643,1,1,1,0,0,1.0,25.0643,0.0,0.0,90,0.75,0.5,1.0
010_R203,10,R,1,6,OPTIMAL,34.4238,1,1,1,0,0,1.0,34.4238,0.0,0.0,90,0.75,0.5,1.0
010_R203,10,R,1,7,OPTIMAL,11.9123,1,0,0,0,1,0.0,0.0,0.0,11.9123,90,0.75,0.5,1.0
010_R203,10,R,1,8,OPTIMAL,38.5799,1,1,1,0,0,1.0,38.5799,0.0,0.0,90,0.75,0.5,1.0
010_R203,10,R,1,9,OPTIMAL,16.1266,1,1,1,0,0,1.0,16.1266,0.0,0.0,90,0.75,0.5,1.0
010_R203,10,R,2,0,OPTIMAL,86.0638,2,2,2,0,0,1.0,86.0638,0.0,0.0,90,0.75,0.5,1.0
010_R203,10,R,2,1,OPTIMAL,33.9859,2,1,1,0,1,0.5,31.9607,0.0,2.0252,90,0.75,0.5,1.0
010_R203,10,R,2,2,OPTIMAL,66.1564,2,2,2,0,0,1.0,66.1564,0.0,0.0,90,0.75,0.5,1.0
010_R203,10,R,2,3,OPTIMAL,37.743,2,1,1,0,1,0.5,24.6038,0.0,13.1392,90,0.75,0.5,1.0
010_R203,10,R,2,4,OPTIMAL,86.8437,2,2,2,0,0,1.0,86.8437,0.0,0.0,90,0.75,0.5,1.0
010_R203,10,R,2,5,OPTIMAL,84.3096,2,2,1,1,0,1.0,84.3096,0.0,0.0,90,0.75,0.5,1.0
010_R203,10,R,2,6,OPTIMAL,46.4677,2,2,2,0,0,1.0,46.4677,0.0,0.0,90,0.75,0.5,1.0
010_R203,10,R,2,7,OPTIMAL,63.8635,2,2,2,0,0,1.0,63.8635,0.0,0.0,90,0.75,0.5,1.0
010_R203,10,R,2,8,OPTIMAL,50.4493,2,2,2,0,0,1.0,50.4493,0.0,0.0,90,0.75,0.5,1.0
010_R203,10,R,2,9,OPTIMAL,42.4958,2,1,1,0,1,0.5,35.9317,0.0,6.5642,90,0.75,0.5,1.0
010_R203,10,R,3,0,OPTIMAL,123.2594,3,3,3,0,0,1.0,123.2594,0.0,0.0,90,0.75,0.5,1.0
010_R203,10,R,3,1,OPTIMAL,111.2378,3,2,2,0,1,0.6667,81.7171,0.0,29.5206,90,0.75,0.5,1.0
010_R203,10,R,3,2,OPTIMAL,80.3344,3,2,1,1,1,0.6667,80.0788,0.0,0.2556,90,0.75,0.5,1.0
010_R203,10,R,3,3,OPTIMAL,94.2109,3,2,1,1,1,0.6667,76.2593,0.0,17.9516,90,0.75,0.5,1.0
010_R203,10,R,3,4,OPTIMAL,96.1976,3,3,3,0,0,1.0,96.1976,0.0,0.0,90,0.75,0.5,1.0
010_R203,10,R,3,5,OPTIMAL,65.1086,3,2,2,0,1,0.6667,60.6633,0.0,4.4453,90,0.75,0.5,1.0
010_R203,10,R,3,6,OPTIMAL,79.5636,3,2,2,0,1,0.6667,62.5774,0.0,16.9861,90,0.75,0.5,1.0
010_R203,10,R,3,7,OPTIMAL,80.0144,3,3,3,0,0,1.0,80.0144,0.0,0.0,90,0.75,0.5,1.0
010_R203,10,R,3,8,OPTIMAL,78.8373,3,2,2,0,1,0.6667,49.4848,0.0,29.3525,90,0.75,0.5,1.0
010_R203,10,R,3,9,OPTIMAL,79.8771,3,3,2,1,0,1.0,79.8771,0.0,0.0,90,0.75,0.5,1.0
010_R204,10,R,1,0,OPTIMAL,30.8576,1,1,1,0,0,1.0,30.8576,0.0,0.0,90,0.75,0.5,1.0
010_R204,10,R,1,1,OPTIMAL,26.9147,1,1,1,0,0,1.0,26.9147,0.0,0.0,90,0.75,0.5,1.0
010_R204,10,R,1,2,OPTIMAL,14.5174,1,1,1,0,0,1.0,14.5174,0.0,0.0,90,0.75,0.5,1.0
010_R204,10,R,1,3,OPTIMAL,25.6824,1,1,1,0,0,1.0,25.6824,0.0,0.0,90,0.75,0.5,1.0
010_R204,10,R,1,4,OPTIMAL,49.1964,1,1,1,0,0,1.0,49.1964,0.0,0.0,90,0.75,0.5,1.0
010_R204,10,R,1,5,OPTIMAL,25.0643,1,1,1,0,0,1.0,25.0643,0.0,0.0,90,0.75,0.5,1.0
010_R204,10,R,1,6,OPTIMAL,34.4238,1,1,1,0,0,1.0,34.4238,0.0,0.0,90,0.75,0.5,1.0
010_R204,10,R,1,7,OPTIMAL,32.936,1,1,1,0,0,1.0,32.936,0.0,0.0,90,0.75,0.5,1.0
010_R204,10,R,1,8,OPTIMAL,38.5799,1,1,1,0,0,1.0,38.5799,0.0,0.0,90,0.75,0.5,1.0
010_R204,10,R,1,9,OPTIMAL,16.1266,1,1,1,0,0,1.0,16.1266,0.0,0.0,90,0.75,0.5,1.0
010_R204,10,R,2,0,OPTIMAL,86.0638,2,2,2,0,0,1.0,86.0638,0.0,0.0,90,0.75,0.5,1.0
010_R204,10,R,2,1,OPTIMAL,33.9859,2,1,1,0,1,0.5,31.9607,0.0,2.0252,90,0.75,0.5,1.0
010_R204,10,R,2,2,OPTIMAL,66.1564,2,2,2,0,0,1.0,66.1564,0.0,0.0,90,0.75,0.5,1.0
010_R204,10,R,2,3,OPTIMAL,60.6532,2,2,2,0,0,1.0,60.6532,0.0,0.0,90,0.75,0.5,1.0
010_R204,10,R,2,4,OPTIMAL,86.8437,2,2,2,0,0,1.0,86.8437,0.0,0.0,90,0.75,0.5,1.0
010_R204,10,R,2,5,OPTIMAL,84.3096,2,2,2,0,0,1.0,84.3096,0.0,0.0,90,0.75,0.5,1.0
010_R204,10,R,2,6,OPTIMAL,46.4677,2,2,2,0,0,1.0,46.4677,0.0,0.0,90,0.75,0.5,1.0
010_R204,10,R,2,7,OPTIMAL,63.8635,2,2,2,0,0,1.0,63.8635,0.0,0.0,90,0.75,0.5,1.0
010_R204,10,R,2,8,OPTIMAL,50.4493,2,2,2,0,0,1.0,50.4493,0.0,0.0,90,0.75,0.5,1.0
010_R204,10,R,2,9,OPTIMAL,42.4958,2,1,1,0,1,0.5,35.9317,0.0,6.5642,90,0.75,0.5,1.0
010_R204,10,R,3,0,OPTIMAL,123.2594,3,3,3,0,0,1.0,123.2594,0.0,0.0,90,0.75,0.5,1.0
010_R204,10,R,3,1,OPTIMAL,113.058,3,3,3,0,0,1.0,113.058,0.0,0.0,90,0.75,0.5,1.0
010_R204,10,R,3,2,OPTIMAL,117.152,3,3,2,1,0,1.0,117.152,0.0,0.0,90,0.75,0.5,1.0
010_R204,10,R,3,3,OPTIMAL,104.3744,3,2,1,1,1,0.6667,76.2593,0.0,28.1151,90,0.75,0.5,1.0
010_R204,10,R,3,4,OPTIMAL,96.1976,3,3,3,0,0,1.0,96.1976,0.0,0.0,90,0.75,0.5,1.0
010_R204,10,R,3,5,OPTIMAL,101.2736,3,3,3,0,0,1.0,101.2736,0.0,0.0,90,0.75,0.5,1.0
010_R204,10,R,3,6,OPTIMAL,91.4516,3,3,2,1,0,1.0,91.4516,0.0,0.0,90,0.75,0.5,1.0
010_R204,10,R,3,7,OPTIMAL,80.0144,3,3,3,0,0,1.0,80.0144,0.0,0.0,90,0.75,0.5,1.0
010_R204,10,R,3,8,OPTIMAL,85.4655,3,3,3,0,0,1.0,85.4655,0.0,0.0,90,0.75,0.5,1.0
010_R204,10,R,3,9,OPTIMAL,56.7838,3,2,2,0,1,0.6667,55.6901,0.0,1.0937,90,0.75,0.5,1.0
010_R205,10,R,1,0,OPTIMAL,30.8576,1,1,1,0,0,1.0,30.8576,0.0,0.0,90,0.75,0.5,1.0
010_R205,10,R,1,1,OPTIMAL,26.9147,1,1,1,0,0,1.0,26.9147,0.0,0.0,90,0.75,0.5,1.0
010_R205,10,R,1,2,OPTIMAL,14.5174,1,1,0,1,0,1.0,14.5174,0.0,0.0,90,0.75,0.5,1.0
010_R205,10,R,1,3,OPTIMAL,25.6824,1,1,1,0,0,1.0,25.6824,0.0,0.0,90,0.75,0.5,1.0
010_R205,10,R,1,4,OPTIMAL,49.1964,1,1,1,0,0,1.0,49.1964,0.0,0.0,90,0.75,0.5,1.0
010_R205,10,R,1,5,OPTIMAL,25.0643,1,1,1,0,0,1.0,25.0643,0.0,0.0,90,0.75,0.5,1.0
010_R205,10,R,1,6,OPTIMAL,34.4238,1,1,1,0,0,1.0,34.4238,0.0,0.0,90,0.75,0.5,1.0
010_R205,10,R,1,7,OPTIMAL,32.936,1,1,1,0,0,1.0,32.936,0.0,0.0,90,0.75,0.5,1.0
010_R205,10,R,1,8,OPTIMAL,38.5799,1,1,1,0,0,1.0,38.5799,0.0,0.0,90,0.75,0.5,1.0
010_R205,10,R,1,9,OPTIMAL,8.7097,1,0,0,0,1,0.0,0.0,0.0,8.7097,90,0.75,0.5,1.0
010_R205,10,R,2,0,OPTIMAL,86.0638,2,2,2,0,0,1.0,86.0638,0.0,0.0,90,0.75,0.5,1.0
010_R205,10,R,2,1,OPTIMAL,52.3441,2,2,2,0,0,1.0,52.3441,0.0,0.0,90,0.75,0.5,1.0
010_R205,10,R,2,2,OPTIMAL,66.1564,2,2,1,1,0,1.0,66.1564,0.0,0.0,90,0.75,0.5,1.0
010_R205,10,R,2,3,OPTIMAL,60.6532,2,2,2,0,0,1.0,60.6532,0.0,0.0,90,0.75,0.5,1.0
010_R205,10,R,2,4,OPTIMAL,69.508,2,1,0,1,1,0.5,38.5226,0.0,30.9854,90,0.75,0.5,1.0
010_R205,10,R,2,5,OPTIMAL,84.3096,2,2,1,1,0,1.0,84.3096,0.0,0.0,90,0.75,0.5,1.0
010_R205,10,R,2,6,OPTIMAL,46.4677,2,2,2,0,0,1.0,46.4677,0.0,0.0,90,0.75,0.5,1.0
010_R205,10,R,2,7,OPTIMAL,63.8635,2,2,2,0,0,1.0,63.8635,0.0,0.0,90,0.75,0.5,1.0
010_R205,10,R,2,8,OPTIMAL,30.0579,2,1,1,0,1,0.5,29.8601,0.0,0.1978,90,0.75,0.5,1.0
010_R205,10,R,2,9,OPTIMAL,1.7989,2,0,0,0,2,0.0,0.0,0.0,1.7989,90,0.75,0.5,1.0
010_R205,10,R,3,0,OPTIMAL,77.3707,3,2,2,0,1,0.6667,74.4299,0.0,2.9408,90,0.75,0.5,1.0
010_R205,10,R,3,1,OPTIMAL,113.058,3,3,3,0,0,1.0,113.058,0.0,0.0,90,0.75,0.5,1.0
010_R205,10,R,3,2,OPTIMAL,117.152,3,3,2,1,0,1.0,117.152,0.0,0.0,90,0.75,0.5,1.0
010_R205,10,R,3,3,OPTIMAL,107.1796,3,3,3,0,0,1.0,107.1796,0.0,0.0,90,0.75,0.5,1.0
010_R205,10,R,3,4,OPTIMAL,96.1976,3,3,3,0,0,1.0,96.1976,0.0,0.0,90,0.75,0.5,1.0
010_R205,10,R,3,5,OPTIMAL,72.3377,3,2,2,0,1,0.6667,72.3229,0.0,0.0148,90,0.75,0.5,1.0
010_R205,10,R,3,6,OPTIMAL,91.4516,3,3,3,0,0,1.0,91.4516,0.0,0.0,90,0.75,0.5,1.0
010_R205,10,R,3,7,OPTIMAL,80.0144,3,3,3,0,0,1.0,80.0144,0.0,0.0,90,0.75,0.5,1.0
010_R205,10,R,3,8,OPTIMAL,85.4655,3,3,2,1,0,1.0,85.4655,0.0,0.0,90,0.75,0.5,1.0
010_R205,10,R,3,9,OPTIMAL,56.7838,3,2,2,0,1,0.6667,55.6901,0.0,1.0937,90,0.75,0.5,1.0
010_R206,10,R,1,0,OPTIMAL,30.8576,1,1,1,0,0,1.0,30.8576,0.0,0.0,90,0.75,0.5,1.0
010_R206,10,R,1,1,OPTIMAL,26.9147,1,1,1,0,0,1.0,26.9147,0.0,0.0,90,0.75,0.5,1.0
010_R206,10,R,1,2,OPTIMAL,14.5174,1,1,0,1,0,1.0,14.5174,0.0,0.0,90,0.75,0.5,1.0
010_R206,10,R,1,3,OPTIMAL,25.6824,1,1,1,0,0,1.0,25.6824,0.0,0.0,90,0.75,0.5,1.0
010_R206,10,R,1,4,OPTIMAL,49.1964,1,1,1,0,0,1.0,49.1964,0.0,0.0,90,0.75,0.5,1.0
010_R206,10,R,1,5,OPTIMAL,25.0643,1,1,1,0,0,1.0,25.0643,0.0,0.0,90,0.75,0.5,1.0
010_R206,10,R,1,6,OPTIMAL,34.4238,1,1,1,0,0,1.0,34.4238,0.0,0.0,90,0.75,0.5,1.0
010_R206,10,R,1,7,OPTIMAL,32.936,1,1,1,0,0,1.0,32.936,0.0,0.0,90,0.75,0.5,1.0
010_R206,10,R,1,8,OPTIMAL,38.5799,1,1,1,0,0,1.0,38.5799,0.0,0.0,90,0.75,0.5,1.0
010_R206,10,R,1,9,OPTIMAL,16.1266,1,1,1,0,0,1.0,16.1266,0.0,0.0,90,0.75,0.5,1.0
010_R206,10,R,2,0,OPTIMAL,86.0638,2,2,2,0,0,1.0,86.0638,0.0,0.0,90,0.75,0.5,1.0
010_R206,10,R,2,1,OPTIMAL,52.3441,2,2,2,0,0,1.0,52.3441,0.0,0.0,90,0.75,0.5,1.0
010_R206,10,R,2,2,OPTIMAL,66.1564,2,2,1,1,0,1.0,66.1564,0.0,0.0,90,0.75,0.5,1.0
010_R206,10,R,2,3,OPTIMAL,60.6532,2,2,2,0,0,1.0,60.6532,0.0,0.0,90,0.75,0.5,1.0
010_R206,10,R,2,4,OPTIMAL,69.508,2,1,0,1,1,0.5,38.5226,0.0,30.9854,90,0.75,0.5,1.0
010_R206,10,R,2,5,OPTIMAL,84.3096,2,2,1,1,0,1.0,84.3096,0.0,0.0,90,0.75,0.5,1.0
010_R206,10,R,2,6,OPTIMAL,46.4677,2,2,2,0,0,1.0,46.4677,0.0,0.0,90,0.75,0.5,1.0
010_R206,10,R,2,7,OPTIMAL,63.8635,2,2,2,0,0,1.0,63.8635,0.0,0.0,90,0.75,0.5,1.0
010_R206,10,R,2,8,OPTIMAL,30.0579,2,1,1,0,1,0.5,29.8601,0.0,0.1978,90,0.75,0.5,1.0
010_R206,10,R,2,9,OPTIMAL,33.759,2,1,1,0,1,0.5,33.2367,0.0,0.5222,90,0.75,0.5,1.0
010_R206,10,R,3,0,OPTIMAL,77.3707,3,2,2,0,1,0.6667,74.4299,0.0,2.9408,90,0.75,0.5,1.0
010_R206,10,R,3,1,OPTIMAL,113.058,3,3,3,0,0,1.0,113.058,0.0,0.0,90,0.75,0.5,1.0
010_R206,10,R,3,2,OPTIMAL,117.152,3,3,2,1,0,1.0,117.152,0.0,0.0,90,0.75,0.5,1.0
010_R206,10,R,3,3,OPTIMAL,78.5594,3,2,2,0,1,0.6667,76.2593,0.0,2.3001,90,0.75,0.5,1.0
010_R206,10,R,3,4,OPTIMAL,96.1976,3,3,3,0,0,1.0,96.1976,0.0,0.0,90,0.75,0.5,1.0
010_R206,10,R,3,5,OPTIMAL,101.2736,3,3,3,0,0,1.0,101.2736,0.0,0.0,90,0.75,0.5,1.0
010_R206,10,R,3,6,OPTIMAL,91.4516,3,3,3,0,0,1.0,91.4516,0.0,0.0,90,0.75,0.5,1.0
010_R206,10,R,3,7,OPTIMAL,80.0144,3,3,3,0,0,1.0,80.0144,0.0,0.0,90,0.75,0.5,1.0
010_R206,10,R,3,8,OPTIMAL,85.4655,3,3,3,0,0,1.0,85.4655,0.0,0.0,90,0.75,0.5,1.0
010_R206,10,R,3,9,OPTIMAL,75.9414,3,2,2,0,1,0.6667,55.6901,0.0,20.2513,90,0.75,0.5,1.0
010_R207,10,R,1,0,OPTIMAL,30.8576,1,1,1,0,0,1.0,30.8576,0.0,0.0,90,0.75,0.5,1.0
010_R207,10,R,1,1,OPTIMAL,26.9147,1,1,1,0,0,1.0,26.9147,0.0,0.0,90,0.75,0.5,1.0
010_R207,10,R,1,2,OPTIMAL,14.5174,1,1,0,1,0,1.0,14.5174,0.0,0.0,90,0.75,0.5,1.0
010_R207,10,R,1,3,OPTIMAL,25.6824,1,1,1,0,0,1.0,25.6824,0.0,0.0,90,0.75,0.5,1.0
010_R207,10,R,1,4,OPTIMAL,49.1964,1,1,1,0,0,1.0,49.1964,0.0,0.0,90,0.75,0.5,1.0
010_R207,10,R,1,5,OPTIMAL,25.0643,1,1,1,0,0,1.0,25.0643,0.0,0.0,90,0.75,0.5,1.0
010_R207,10,R,1,6,OPTIMAL,34.4238,1,1,1,0,0,1.0,34.4238,0.0,0.0,90,0.75,0.5,1.0
010_R207,10,R,1,7,OPTIMAL,32.936,1,1,1,0,0,1.0,32.936,0.0,0.0,90,0.75,0.5,1.0
010_R207,10,R,1,8,OPTIMAL,38.5799,1,1,1,0,0,1.0,38.5799,0.0,0.0,90,0.75,0.5,1.0
010_R207,10,R,1,9,OPTIMAL,16.1266,1,1,1,0,0,1.0,16.1266,0.0,0.0,90,0.75,0.5,1.0
010_R207,10,R,2,0,OPTIMAL,86.0638,2,2,2,0,0,1.0,86.0638,0.0,0.0,90,0.75,0.5,1.0
010_R207,10,R,2,1,OPTIMAL,52.3441,2,2,2,0,0,1.0,52.3441,0.0,0.0,90,0.75,0.5,1.0
010_R207,10,R,2,2,OPTIMAL,66.1564,2,2,1,1,0,1.0,66.1564,0.0,0.0,90,0.75,0.5,1.0
010_R207,10,R,2,3,OPTIMAL,60.6532,2,2,2,0,0,1.0,60.6532,0.0,0.0,90,0.75,0.5,1.0
010_R207,10,R,2,4,OPTIMAL,69.508,2,1,0,1,1,0.5,38.5226,0.0,30.9854,90,0.75,0.5,1.0
010_R207,10,R,2,5,OPTIMAL,84.3096,2,2,1,1,0,1.0,84.3096,0.0,0.0,90,0.75,0.5,1.0
010_R207,10,R,2,6,OPTIMAL,46.4677,2,2,2,0,0,1.0,46.4677,0.0,0.0,90,0.75,0.5,1.0
010_R207,10,R,2,7,OPTIMAL,63.8635,2,2,2,0,0,1.0,63.8635,0.0,0.0,90,0.75,0.5,1.0
010_R207,10,R,2,8,OPTIMAL,30.0579,2,1,1,0,1,0.5,29.8601,0.0,0.1978,90,0.75,0.5,1.0
010_R207,10,R,2,9,OPTIMAL,33.759,2,1,1,0,1,0.5,33.2367,0.0,0.5222,90,0.75,0.5,1.0
010_R207,10,R,3,0,OPTIMAL,77.3707,3,2,2,0,1,0.6667,74.4299,0.0,2.9408,90,0.75,0.5,1.0
010_R207,10,R,3,1,OPTIMAL,113.058,3,3,3,0,0,1.0,113.058,0.0,0.0,90,0.75,0.5,1.0
010_R207,10,R,3,2,OPTIMAL,117.152,3,3,2,1,0,1.0,117.152,0.0,0.0,90,0.75,0.5,1.0
010_R207,10,R,3,3,OPTIMAL,78.5594,3,2,2,0,1,0.6667,76.2593,0.0,2.3001,90,0.75,0.5,1.0
010_R207,10,R,3,4,OPTIMAL,96.1976,3,3,3,0,0,1.0,96.1976,0.0,0.0,90,0.75,0.5,1.0
010_R207,10,R,3,5,OPTIMAL,101.2736,3,3,3,0,0,1.0,101.2736,0.0,0.0,90,0.75,0.5,1.0
010_R207,10,R,3,6,OPTIMAL,91.4516,3,3,3,0,0,1.0,91.4516,0.0,0.0,90,0.75,0.5,1.0
010_R207,10,R,3,7,OPTIMAL,80.0144,3,3,3,0,0,1.0,80.0144,0.0,0.0,90,0.75,0.5,1.0
010_R207,10,R,3,8,OPTIMAL,85.4655,3,3,3,0,0,1.0,85.4655,0.0,0.0,90,0.75,0.5,1.0
010_R207,10,R,3,9,OPTIMAL,75.9414,3,2,2,0,1,0.6667,55.6901,0.0,20.2513,90,0.75,0.5,1.0
010_R208,10,R,1,0,OPTIMAL,30.8576,1,1,1,0,0,1.0,30.8576,0.0,0.0,90,0.75,0.5,1.0
010_R208,10,R,1,1,OPTIMAL,26.9147,1,1,1,0,0,1.0,26.9147,0.0,0.0,90,0.75,0.5,1.0
010_R208,10,R,1,2,OPTIMAL,14.5174,1,1,0,1,0,1.0,14.5174,0.0,0.0,90,0.75,0.5,1.0
010_R208,10,R,1,3,OPTIMAL,25.6824,1,1,1,0,0,1.0,25.6824,0.0,0.0,90,0.75,0.5,1.0
010_R208,10,R,1,4,OPTIMAL,49.1964,1,1,1,0,0,1.0,49.1964,0.0,0.0,90,0.75,0.5,1.0
010_R208,10,R,1,5,OPTIMAL,25.0643,1,1,1,0,0,1.0,25.0643,0.0,0.0,90,0.75,0.5,1.0
010_R208,10,R,1,6,OPTIMAL,34.4238,1,1,1,0,0,1.0,34.4238,0.0,0.0,90,0.75,0.5,1.0
010_R208,10,R,1,7,OPTIMAL,32.936,1,1,1,0,0,1.0,32.936,0.0,0.0,90,0.75,0.5,1.0
010_R208,10,R,1,8,OPTIMAL,38.5799,1,1,1,0,0,1.0,38.5799,0.0,0.0,90,0.75,0.5,1.0
010_R208,10,R,1,9,OPTIMAL,16.1266,1,1,1,0,0,1.0,16.1266,0.0,0.0,90,0.75,0.5,1.0
010_R208,10,R,2,0,OPTIMAL,86.0638,2,2,2,0,0,1.0,86.0638,0.0,0.0,90,0.75,0.5,1.0
010_R208,10,R,2,1,OPTIMAL,52.3441,2,2,2,0,0,1.0,52.3441,0.0,0.0,90,0.75,0.5,1.0
010_R208,10,R,2,2,OPTIMAL,66.1564,2,2,1,1,0,1.0,66.1564,0.0,0.0,90,0.75,0.5,1.0
010_R208,10,R,2,3,OPTIMAL,60.6532,2,2,2,0,0,1.0,60.6532,0.0,0.0,90,0.75,0.5,1.0
010_R208,10,R,2,4,OPTIMAL,86.8437,2,2,2,0,0,1.0,86.8437,0.0,0.0,90,0.75,0.5,1.0
010_R208,10,R,2,5,OPTIMAL,84.3096,2,2,1,1,0,1.0,84.3096,0.0,0.0,90,0.75,0.5,1.0
010_R208,10,R,2,6,OPTIMAL,46.4677,2,2,2,0,0,1.0,46.4677,0.0,0.0,90,0.75,0.5,1.0
010_R208,10,R,2,7,OPTIMAL,63.8635,2,2,2,0,0,1.0,63.8635,0.0,0.0,90,0.75,0.5,1.0
010_R208,10,R,2,8,OPTIMAL,50.4493,2,2,1,1,0,1.0,50.4493,0.0,0.0,90,0.75,0.5,1.0
010_R208,10,R,2,9,OPTIMAL,69.1684,2,2,2,0,0,1.0,69.1684,0.0,0.0,90,0.75,0.5,1.0
010_R208,10,R,3,0,OPTIMAL,123.2594,3,3,2,1,0,1.0,123.2594,0.0,0.0,90,0.75,0.5,1.0
010_R208,10,R,3,1,OPTIMAL,113.058,3,3,3,0,0,1.0,113.058,0.0,0.0,90,0.75,0.5,1.0
010_R208,10,R,3,2,OPTIMAL,117.152,3,3,2,1,0,1.0,117.152,0.0,0.0,90,0.75,0.5,1.0
010_R208,10,R,3,3,OPTIMAL,104.3744,3,2,2,0,1,0.6667,76.2593,0.0,28.1151,90,0.75,0.5,1.0
010_R208,10,R,3,4,OPTIMAL,96.1976,3,3,3,0,0,1.0,96.1976,0.0,0.0,90,0.75,0.5,1.0
010_R208,10,R,3,5,OPTIMAL,101.2736,3,3,3,0,0,1.0,101.2736,0.0,0.0,90,0.75,0.5,1.0
010_R208,10,R,3,6,OPTIMAL,91.4516,3,3,3,0,0,1.0,91.4516,0.0,0.0,90,0.75,0.5,1.0
010_R208,10,R,3,7,OPTIMAL,80.0144,3,3,3,0,0,1.0,80.0144,0.0,0.0,90,0.75,0.5,1.0
010_R208,10,R,3,8,OPTIMAL,85.4655,3,3,3,0,0,1.0,85.4655,0.0,0.0,90,0.75,0.5,1.0
010_R208,10,R,3,9,OPTIMAL,56.7838,3,2,2,0,1,0.6667,55.6901,0.0,1.0937,90,0.75,0.5,1.0
010_R209,10,R,1,0,OPTIMAL,30.8576,1,1,1,0,0,1.0,30.8576,0.0,0.0,90,0.75,0.5,1.0
010_R209,10,R,1,1,OPTIMAL,26.9147,1,1,1,0,0,1.0,26.9147,0.0,0.0,90,0.75,0.5,1.0
010_R209,10,R,1,2,OPTIMAL,14.5174,1,1,0,1,0,1.0,14.5174,0.0,0.0,90,0.75,0.5,1.0
010_R209,10,R,1,3,OPTIMAL,25.6824,1,1,1,0,0,1.0,25.6824,0.0,0.0,90,0.75,0.5,1.0
010_R209,10,R,1,4,OPTIMAL,49.1964,1,1,1,0,0,1.0,49.1964,0.0,0.0,90,0.75,0.5,1.0
010_R209,10,R,1,5,OPTIMAL,25.0643,1,1,1,0,0,1.0,25.0643,0.0,0.0,90,0.75,0.5,1.0
010_R209,10,R,1,6,OPTIMAL,34.4238,1,1,1,0,0,1.0,34.4238,0.0,0.0,90,0.75,0.5,1.0
010_R209,10,R,1,7,OPTIMAL,32.936,1,1,1,0,0,1.0,32.936,0.0,0.0,90,0.75,0.5,1.0
010_R209,10,R,1,8,OPTIMAL,38.5799,1,1,1,0,0,1.0,38.5799,0.0,0.0,90,0.75,0.5,1.0
010_R209,10,R,1,9,OPTIMAL,1.0304,1,0,0,0,1,0.0,0.0,0.0,1.0304,90,0.75,0.5,1.0
010_R209,10,R,2,0,OPTIMAL,86.0638,2,2,2,0,0,1.0,86.0638,0.0,0.0,90,0.75,0.5,1.0
010_R209,10,R,2,1,OPTIMAL,52.3441,2,2,2,0,0,1.0,52.3441,0.0,0.0,90,0.75,0.5,1.0
010_R209,10,R,2,2,OPTIMAL,66.1564,2,2,1,1,0,1.0,66.1564,0.0,0.0,90,0.75,0.5,1.0
010_R209,10,R,2,3,OPTIMAL,60.6532,2,2,2,0,0,1.0,60.6532,0.0,0.0,90,0.75,0.5,1.0
010_R209,10,R,2,4,OPTIMAL,69.508,2,1,1,0,1,0.5,38.5226,0.0,30.9854,90,0.75,0.5,1.0
010_R209,10,R,2,5,OPTIMAL,84.3096,2,2,2,0,0,1.0,84.3096,0.0,0.0,90,0.75,0.5,1.0
010_R209,10,R,2,6,OPTIMAL,46.4677,2,2,1,1,0,1.0,46.4677,0.0,0.0,90,0.75,0.5,1.0
010_R209,10,R,2,7,OPTIMAL,56.2946,2,1,1,0,1,0.5,43.432,0.0,12.8626,90,0.75,0.5,1.0
010_R209,10,R,2,8,OPTIMAL,50.4493,2,2,2,0,0,1.0,50.4493,0.0,0.0,90,0.75,0.5,1.0
010_R209,10,R,2,9,OPTIMAL,33.759,2,1,1,0,1,0.5,33.2367,0.0,0.5222,90,0.75,0.5,1.0
010_R209,10,R,3,0,OPTIMAL,123.2594,3,3,3,0,0,1.0,123.2594,0.0,0.0,90,0.75,0.5,1.0
010_R209,10,R,3,1,OPTIMAL,113.058,3,3,2,1,0,1.0,113.058,0.0,0.0,90,0.75,0.5,1.0
010_R209,10,R,3,2,OPTIMAL,105.4261,3,2,2,0,1,0.6667,85.203,0.0,20.2231,90,0.75,0.5,1.0
010_R209,10,R,3,3,OPTIMAL,104.3744,3,2,2,0,1,0.6667,76.2593,0.0,28.1151,90,0.75,0.5,1.0
010_R209,10,R,3,4,OPTIMAL,96.1976,3,3,3,0,0,1.0,96.1976,0.0,0.0,90,0.75,0.5,1.0
010_R209,10,R,3,5,OPTIMAL,72.3377,3,2,2,0,1,0.6667,72.3229,0.0,0.0148,90,0.75,0.5,1.0
010_R209,10,R,3,6,OPTIMAL,91.4516,3,3,3,0,0,1.0,91.4516,0.0,0.0,90,0.75,0.5,1.0
010_R209,10,R,3,7,OPTIMAL,80.0144,3,3,2,1,0,1.0,80.0144,0.0,0.0,90,0.75,0.5,1.0
010_R209,10,R,3,8,OPTIMAL,85.4655,3,3,3,0,0,1.0,85.4655,0.0,0.0,90,0.75,0.5,1.0
010_R209,10,R,3,9,OPTIMAL,56.7838,3,2,2,0,1,0.6667,55.6901,0.0,1.0937,90,0.75,0.5,1.0
010_R210,10,R,1,0,OPTIMAL,30.8576,1,1,1,0,0,1.0,30.8576,0.0,0.0,90,0.75,0.5,1.0
010_R210,10,R,1,1,OPTIMAL,26.9147,1,1,1,0,0,1.0,26.9147,0.0,0.0,90,0.75,0.5,1.0
010_R210,10,R,1,2,OPTIMAL,14.5174,1,1,1,0,0,1.0,14.5174,0.0,0.0,90,0.75,0.5,1.0
010_R210,10,R,1,3,OPTIMAL,25.6824,1,1,1,0,0,1.0,25.6824,0.0,0.0,90,0.75,0.5,1.0
010_R210,10,R,1,4,OPTIMAL,32.1805,1,0,0,0,1,0.0,0.0,0.0,32.1805,90,0.75,0.5,1.0
010_R210,10,R,1,5,OPTIMAL,25.0643,1,1,1,0,0,1.0,25.0643,0.0,0.0,90,0.75,0.5,1.0
010_R210,10,R,1,6,OPTIMAL,34.4238,1,1,1,0,0,1.0,34.4238,0.0,0.0,90,0.75,0.5,1.0
010_R210,10,R,1,7,OPTIMAL,32.936,1,1,1,0,0,1.0,32.936,0.0,0.0,90,0.75,0.5,1.0
010_R210,10,R,1,8,OPTIMAL,38.5799,1,1,1,0,0,1.0,38.5799,0.0,0.0,90,0.75,0.5,1.0
010_R210,10,R,1,9,OPTIMAL,16.1266,1,1,1,0,0,1.0,16.1266,0.0,0.0,90,0.75,0.5,1.0
010_R210,10,R,2,0,OPTIMAL,86.0638,2,2,2,0,0,1.0,86.0638,0.0,0.0,90,0.75,0.5,1.0
010_R210,10,R,2,1,OPTIMAL,33.9859,2,1,1,0,1,0.5,31.9607,0.0,2.0252,90,0.75,0.5,1.0
010_R210,10,R,2,2,OPTIMAL,66.1564,2,2,2,0,0,1.0,66.1564,0.0,0.0,90,0.75,0.5,1.0
010_R210,10,R,2,3,OPTIMAL,60.6532,2,2,2,0,0,1.0,60.6532,0.0,0.0,90,0.75,0.5,1.0
010_R210,10,R,2,4,OPTIMAL,86.8437,2,2,1,1,0,1.0,86.8437,0.0,0.0,90,0.75,0.5,1.0
010_R210,10,R,2,5,OPTIMAL,84.3096,2,2,2,0,0,1.0,84.3096,0.0,0.0,90,0.75,0.5,1.0
010_R210,10,R,2,6,OPTIMAL,46.4677,2,2,1,1,0,1.0,46.4677,0.0,0.0,90,0.75,0.5,1.0
010_R210,10,R,2,7,OPTIMAL,49.6042,2,1,1,0,1,0.5,43.432,0.0,6.1722,90,0.75,0.5,1.0
010_R210,10,R,2,8,OPTIMAL,50.4493,2,2,0,2,0,1.0,50.4493,0.0,0.0,90,0.75,0.5,1.0
010_R210,10,R,2,9,OPTIMAL,42.4958,2,1,1,0,1,0.5,35.9317,0.0,6.5642,90,0.75,0.5,1.0
010_R210,10,R,3,0,OPTIMAL,123.2594,3,3,2,1,0,1.0,123.2594,0.0,0.0,90,0.75,0.5,1.0
010_R210,10,R,3,1,OPTIMAL,100.0971,3,2,2,0,1,0.6667,64.8018,0.0,35.2953,90,0.75,0.5,1.0
010_R210,10,R,3,2,OPTIMAL,117.152,3,3,2,1,0,1.0,117.152,0.0,0.0,90,0.75,0.5,1.0
010_R210,10,R,3,3,OPTIMAL,94.2109,3,2,1,1,1,0.6667,76.2593,0.0,17.9516,90,0.75,0.5,1.0
010_R210,10,R,3,4,OPTIMAL,60.1755,3,2,2,0,1,0.6667,55.8874,0.0,4.2881,90,0.75,0.5,1.0
010_R210,10,R,3,5,OPTIMAL,101.2736,3,3,3,0,0,1.0,101.2736,0.0,0.0,90,0.75,0.5,1.0
010_R210,10,R,3,6,OPTIMAL,68.9772,3,2,2,0,1,0.6667,62.5774,0.0,6.3997,90,0.75,0.5,1.0
010_R210,10,R,3,7,OPTIMAL,74.4597,3,2,2,0,1,0.6667,49.6857,0.0,24.774,90,0.75,0.5,1.0
010_R210,10,R,3,8,OPTIMAL,85.4655,3,3,2,1,0,1.0,85.4655,0.0,0.0,90,0.75,0.5,1.0
010_R210,10,R,3,9,OPTIMAL,79.8771,3,3,2,1,0,1.0,79.8771,0.0,0.0,90,0.75,0.5,1.0
010_R211,10,R,1,0,OPTIMAL,30.8576,1,1,1,0,0,1.0,30.8576,0.0,0.0,90,0.75,0.5,1.0
010_R211,10,R,1,1,OPTIMAL,26.9147,1,1,1,0,0,1.0,26.9147,0.0,0.0,90,0.75,0.5,1.0
010_R211,10,R,1,2,OPTIMAL,14.5174,1,1,1,0,0,1.0,14.5174,0.0,0.0,90,0.75,0.5,1.0
010_R211,10,R,1,3,OPTIMAL,25.6824,1,1,1,0,0,1.0,25.6824,0.0,0.0,90,0.75,0.5,1.0
010_R211,10,R,1,4,OPTIMAL,49.1964,1,1,1,0,0,1.0,49.1964,0.0,0.0,90,0.75,0.5,1.0
010_R211,10,R,1,5,OPTIMAL,25.0643,1,1,1,0,0,1.0,25.0643,0.0,0.0,90,0.75,0.5,1.0
010_R211,10,R,1,6,OPTIMAL,34.4238,1,1,1,0,0,1.0,34.4238,0.0,0.0,90,0.75,0.5,1.0
010_R211,10,R,1,7,OPTIMAL,32.936,1,1,1,0,0,1.0,32.936,0.0,0.0,90,0.75,0.5,1.0
010_R211,10,R,1,8,OPTIMAL,27.0504,1,0,0,0,1,0.0,0.0,0.0,27.0504,90,0.75,0.5,1.0
010_R211,10,R,1,9,OPTIMAL,1.0304,1,0,0,0,1,0.0,0.0,0.0,1.0304,90,0.75,0.5,1.0
010_R211,10,R,2,0,OPTIMAL,86.0638,2,2,2,0,0,1.0,86.0638,0.0,0.0,90,0.75,0.5,1.0
010_R211,10,R,2,1,OPTIMAL,40.1792,2,1,1,0,1,0.5,31.9607,0.0,8.2186,90,0.75,0.5,1.0
010_R211,10,R,2,2,OPTIMAL,66.1564,2,2,2,0,0,1.0,66.1564,0.0,0.0,90,0.75,0.5,1.0
010_R211,10,R,2,3,OPTIMAL,60.6532,2,2,2,0,0,1.0,60.6532,0.0,0.0,90,0.75,0.5,1.0
010_R211,10,R,2,4,OPTIMAL,76.1157,2,1,0,1,1,0.5,48.3211,0.0,27.7946,90,0.75,0.5,1.0
010_R211,10,R,2,5,OPTIMAL,84.3096,2,2,2,0,0,1.0,84.3096,0.0,0.0,90,0.75,0.5,1.0
010_R211,10,R,2,6,OPTIMAL,38.9262,2,1,0,1,1,0.5,30.6316,0.0,8.2947,90,0.75,0.5,1.0
010_R211,10,R,2,7,OPTIMAL,41.5253,2,1,1,0,1,0.5,20.4316,0.0,21.0938,90,0.75,0.5,1.0
010_R211,10,R,2,8,OPTIMAL,34.2138,2,1,0,1,1,0.5,29.8601,0.0,4.3537,90,0.75,0.5,1.0
010_R211,10,R,2,9,OPTIMAL,69.1684,2,2,1,1,0,1.0,69.1684,0.0,0.0,90,0.75,0.5,1.0
010_R211,10,R,3,0,OPTIMAL,102.1483,3,2,1,1,1,0.6667,81.1921,0.0,20.9561,90,0.75,0.5,1.0
010_R211,10,R,3,1,OPTIMAL,113.058,3,3,1,2,0,1.0,113.058,0.0,0.0,90,0.75,0.5,1.0
010_R211,10,R,3,2,OPTIMAL,117.152,3,3,3,0,0,1.0,117.152,0.0,0.0,90,0.75,0.5,1.0
010_R211,10,R,3,3,OPTIMAL,107.1796,3,3,3,0,0,1.0,107.1796,0.0,0.0,90,0.75,0.5,1.0
010_R211,10,R,3,4,OPTIMAL,96.1976,3,3,3,0,0,1.0,96.1976,0.0,0.0,90,0.75,0.5,1.0
010_R211,10,R,3,5,OPTIMAL,77.8393,3,2,2,0,1,0.6667,72.3229,0.0,5.5164,90,0.75,0.5,1.0
010_R211,10,R,3,6,OPTIMAL,91.4516,3,3,2,1,0,1.0,91.4516,0.0,0.0,90,0.75,0.5,1.0
010_R211,10,R,3,7,OPTIMAL,28.5316,3,1,0,1,2,0.3333,27.4832,0.0,1.0484,90,0.75,0.5,1.0
010_R211,10,R,3,8,OPTIMAL,78.6051,3,2,2,0,1,0.6667,68.8601,0.0,9.7449,90,0.75,0.5,1.0
010_R211,10,R,3,9,OPTIMAL,79.8771,3,3,3,0,0,1.0,79.8771,0.0,0.0,90,0.75,0.5,1.0
010_RC101,10,RC,1,0,OPTIMAL,14.8659,1,0,0,0,1,0.0,0.0,0.0,14.8659,90,0.75,0.5,1.0
010_RC101,10,RC,1,1,OPTIMAL,13.2806,1,0,0,0,1,0.0,0.0,0.0,13.2806,90,0.75,0.5,1.0
010_RC101,10,RC,1,2,OPTIMAL,55.9137,1,1,1,0,0,1.0,55.9137,0.0,0.0,90,0.75,0.5,1.0
010_RC101,10,RC,1,3,OPTIMAL,0.3421,1,0,0,0,1,0.0,0.0,0.0,0.3421,90,0.75,0.5,1.0
010_RC101,10,RC,1,4,OPTIMAL,0.5392,1,0,0,0,1,0.0,0.0,0.0,0.5392,90,0.75,0.5,1.0
010_RC101,10,RC,1,5,OPTIMAL,9.0115,1,0,0,0,1,0.0,0.0,0.0,9.0115,90,0.75,0.5,1.0
010_RC101,10,RC,1,6,OPTIMAL,0.5254,1,0,0,0,1,0.0,0.0,0.0,0.5254,90,0.75,0.5,1.0
010_RC101,10,RC,1,7,OPTIMAL,13.6041,1,0,0,0,1,0.0,0.0,0.0,13.6041,90,0.75,0.5,1.0
010_RC101,10,RC,1,8,OPTIMAL,16.4088,1,0,0,0,1,0.0,0.0,0.0,16.4088,90,0.75,0.5,1.0
010_RC101,10,RC,1,9,OPTIMAL,10.962,1,0,0,0,1,0.0,0.0,0.0,10.962,90,0.75,0.5,1.0
010_RC101,10,RC,2,0,OPTIMAL,58.8597,2,1,1,0,1,0.5,55.3138,0.0,3.546,90,0.75,0.5,1.0
010_RC101,10,RC,2,1,OPTIMAL,63.0144,2,1,1,0,1,0.5,58.6957,0.0,4.3187,90,0.75,0.5,1.0
010_RC101,10,RC,2,2,OPTIMAL,69.1864,2,1,1,0,1,0.5,61.4806,0.0,7.7058,90,0.75,0.5,1.0
010_RC101,10,RC,2,3,OPTIMAL,113.3557,2,2,1,1,0,1.0,113.3557,0.0,0.0,90,0.75,0.5,1.0
010_RC101,10,RC,2,4,OPTIMAL,60.5089,2,1,1,0,1,0.5,60.2144,0.0,0.2944,90,0.75,0.5,1.0
010_RC101,10,RC,2,5,OPTIMAL,15.0904,2,0,0,0,2,0.0,0.0,0.0,15.0904,90,0.75,0.5,1.0
010_RC101,10,RC,2,6,OPTIMAL,9.9558,2,0,0,0,2,0.0,0.0,0.0,9.9558,90,0.75,0.5,1.0
010_RC101,10,RC,2,7,OPTIMAL,105.8154,2,2,2,0,0,1.0,105.8154,0.0,0.0,90,0.75,0.5,1.0
010_RC101,10,RC,2,8,OPTIMAL,102.3351,2,2,1,1,0,1.0,102.3351,0.0,0.0,90,0.75,0.5,1.0
010_RC101,10,RC,2,9,OPTIMAL,18.5708,2,0,0,0,2,0.0,0.0,0.5345,18.0364,90,0.75,0.5,1.0
010_RC101,10,RC,3,0,OPTIMAL,133.0764,3,2,2,0,1,0.6667,121.8048,0.0,11.2717,90,0.75,0.5,1.0
010_RC101,10,RC,3,1,OPTIMAL,58.4546,3,1,1,0,2,0.3333,55.2329,0.0,3.2216,90,0.75,0.5,1.0
010_RC101,10,RC,3,2,OPTIMAL,127.8512,3,2,2,0,1,0.6667,122.966,0.0,4.8852,90,0.75,0.5,1.0
010_RC101,10,RC,3,3,OPTIMAL,46.0678,3,0,0,0,3,0.0,0.0,0.0,46.0678,90,0.75,0.5,1.0
010_RC101,10,RC,3,4,OPTIMAL,116.8152,3,1,1,0,2,0.3333,71.2068,3.6212,41.9872,90,0.75,0.5,1.0
010_RC101,10,RC,3,5,OPTIMAL,58.2796,3,1,1,0,2,0.3333,46.2351,0.0,12.0445,90,0.75,0.5,1.0
010_RC101,10,RC,3,6,OPTIMAL,66.2011,3,1,1,0,2,0.3333,57.968,0.0,8.2331,90,0.75,0.5,1.0
010_RC101,10,RC,3,7,OPTIMAL,19.9272,3,0,0,0,3,0.0,0.0,0.7602,19.1671,90,0.75,0.5,1.0
010_RC101,10,RC,3,8,OPTIMAL,72.1331,3,1,1,0,2,0.3333,61.3034,0.0,10.8296,90,0.75,0.5,1.0
010_RC101,10,RC,3,9,OPTIMAL,67.1504,3,1,1,0,2,0.3333,47.4836,0.0,19.6668,90,0.75,0.5,1.0
010_RC102,10,RC,1,0,OPTIMAL,8.5799,1,0,0,0,1,0.0,0.0,0.0,8.5799,90,0.75,0.5,1.0
010_RC102,10,RC,1,1,OPTIMAL,6.6403,1,0,0,0,1,0.0,0.0,0.0,6.6403,90,0.75,0.5,1.0
010_RC102,10,RC,1,2,OPTIMAL,55.9137,1,1,1,0,0,1.0,55.9137,0.0,0.0,90,0.75,0.5,1.0
010_RC102,10,RC,1,3,OPTIMAL,0.3421,1,0,0,0,1,0.0,0.0,0.0,0.3421,90,0.75,0.5,1.0
010_RC102,10,RC,1,4,OPTIMAL,5.9336,1,0,0,0,1,0.0,0.0,0.0,5.9336,90,0.75,0.5,1.0
010_RC102,10,RC,1,5,OPTIMAL,4.5058,1,0,0,0,1,0.0,0.0,0.0,4.5058,90,0.75,0.5,1.0
010_RC102,10,RC,1,6,OPTIMAL,0.5254,1,0,0,0,1,0.0,0.0,0.0,0.5254,90,0.75,0.5,1.0
010_RC102,10,RC,1,7,OPTIMAL,13.6041,1,0,0,0,1,0.0,0.0,0.0,13.6041,90,0.75,0.5,1.0
010_RC102,10,RC,1,8,OPTIMAL,16.4088,1,0,0,0,1,0.0,0.0,0.0,16.4088,90,0.75,0.5,1.0
010_RC102,10,RC,1,9,OPTIMAL,5.481,1,0,0,0,1,0.0,0.0,0.0,5.481,90,0.75,0.5,1.0
010_RC102,10,RC,2,0,OPTIMAL,111.0575,2,2,2,0,0,1.0,111.0575,0.0,0.0,90,0.75,0.5,1.0
010_RC102,10,RC,2,1,OPTIMAL,107.2454,2,2,2,0,0,1.0,107.2454,0.0,0.0,90,0.75,0.5,1.0
010_RC102,10,RC,2,2,OPTIMAL,114.1581,2,1,1,0,1,0.5,61.4806,0.0,52.6775,90,0.75,0.5,1.0
010_RC102,10,RC,2,3,OPTIMAL,113.3557,2,2,2,0,0,1.0,113.3557,0.0,0.0,90,0.75,0.5,1.0
010_RC102,10,RC,2,4,OPTIMAL,60.5089,2,1,1,0,1,0.5,60.2144,0.0,0.2944,90,0.75,0.5,1.0
010_RC102,10,RC,2,5,OPTIMAL,60.7988,2,1,1,0,1,0.5,49.5475,0.0,11.2512,90,0.75,0.5,1.0
010_RC102,10,RC,2,6,OPTIMAL,9.9558,2,0,0,0,2,0.0,0.0,0.0,9.9558,90,0.75,0.5,1.0
010_RC102,10,RC,2,7,OPTIMAL,64.7357,2,1,1,0,1,0.5,57.7235,0.0,7.0123,90,0.75,0.5,1.0
010_RC102,10,RC,2,8,OPTIMAL,102.3351,2,2,2,0,0,1.0,102.3351,0.0,0.0,90,0.75,0.5,1.0
010_RC102,10,RC,2,9,OPTIMAL,9.3896,2,0,0,0,2,0.0,0.0,0.0,9.3896,90,0.75,0.5,1.0
010_RC102,10,RC,3,0,OPTIMAL,133.6561,3,2,2,0,1,0.6667,121.8048,0.0,11.8513,90,0.75,0.5,1.0
010_RC102,10,RC,3,1,OPTIMAL,56.8622,3,1,1,0,2,0.3333,55.2329,0.0,1.6293,90,0.75,0.5,1.0
010_RC102,10,RC,3,2,OPTIMAL,137.7178,3,2,2,0,1,0.6667,128.0667,0.0,9.6511,90,0.75,0.5,1.0
010_RC102,10,RC,3,3,OPTIMAL,63.8614,3,1,1,0,2,0.3333,61.4049,0.0,2.4565,90,0.75,0.5,1.0
010_RC102,10,RC,3,4,OPTIMAL,88.2788,3,1,1,0,2,0.3333,71.2068,0.0,17.072,90,0.75,0.5,1.0
010_RC102,10,RC,3,5,OPTIMAL,68.1952,3,1,1,0,2,0.3333,58.3709,0.0,9.8242,90,0.75,0.5,1.0
010_RC102,10,RC,3,6,OPTIMAL,62.3929,3,1,1,0,2,0.3333,57.968,0.0,4.4249,90,0.75,0.5,1.0
010_RC102,10,RC,3,7,OPTIMAL,59.8563,3,1,1,0,2,0.3333,56.7346,0.0,3.1217,90,0.75,0.5,1.0
010_RC102,10,RC,3,8,OPTIMAL,104.7456,3,1,1,0,2,0.3333,61.3034,0.0,43.4422,90,0.75,0.5,1.0
010_RC102,10,RC,3,9,OPTIMAL,48.8759,3,1,1,0,2,0.3333,47.4836,0.0,1.3923,90,0.75,0.5,1.0
010_RC103,10,RC,1,0,OPTIMAL,8.5799,1,0,0,0,1,0.0,0.0,0.0,8.5799,90,0.75,0.5,1.0
010_RC103,10,RC,1,1,OPTIMAL,6.6403,1,0,0,0,1,0.0,0.0,0.0,6.6403,90,0.75,0.5,1.0
010_RC103,10,RC,1,2,OPTIMAL,55.9137,1,1,1,0,0,1.0,55.9137,0.0,0.0,90,0.75,0.5,1.0
010_RC103,10,RC,1,3,OPTIMAL,53.6652,1,1,1,0,0,1.0,53.6652,0.0,0.0,90,0.75,0.5,1.0
010_RC103,10,RC,1,4,OPTIMAL,5.9336,1,0,0,0,1,0.0,0.0,0.0,5.9336,90,0.75,0.5,1.0
010_RC103,10,RC,1,5,OPTIMAL,4.5058,1,0,0,0,1,0.0,0.0,0.0,4.5058,90,0.75,0.5,1.0
010_RC103,10,RC,1,6,OPTIMAL,53.731,1,0,0,0,1,0.0,0.0,0.0,53.731,90,0.75,0.5,1.0
010_RC103,10,RC,1,7,OPTIMAL,62.743,1,1,1,0,0,1.0,62.743,0.0,0.0,90,0.75,0.5,1.0
010_RC103,10,RC,1,8,OPTIMAL,53.5489,1,0,0,0,1,0.0,0.0,0.0,53.5489,90,0.75,0.5,1.0
010_RC103,10,RC,1,9,OPTIMAL,5.481,1,0,0,0,1,0.0,0.0,0.0,5.481,90,0.75,0.5,1.0
010_RC103,10,RC,2,0,OPTIMAL,111.0575,2,2,2,0,0,1.0,111.0575,0.0,0.0,90,0.75,0.5,1.0
010_RC103,10,RC,2,1,OPTIMAL,50.8507,2,1,1,0,1,0.5,48.5497,0.0,2.3009,90,0.75,0.5,1.0
010_RC103,10,RC,2,2,OPTIMAL,114.1581,2,1,1,0,1,0.5,61.4806,0.0,52.6775,90,0.75,0.5,1.0
010_RC103,10,RC,2,3,OPTIMAL,113.3557,2,2,2,0,0,1.0,113.3557,0.0,0.0,90,0.75,0.5,1.0
010_RC103,10,RC,2,4,OPTIMAL,110.006,2,2,2,0,0,1.0,110.006,0.0,0.0,90,0.75,0.5,1.0
010_RC103,10,RC,2,5,OPTIMAL,55.4864,2,1,1,0,1,0.5,49.5475,0.0,5.9389,90,0.75,0.5,1.0
010_RC103,10,RC,2,6,OPTIMAL,72.9422,2,1,1,0,1,0.5,59.8165,0.0,13.1257,90,0.75,0.5,1.0
010_RC103,10,RC,2,7,OPTIMAL,5.343,2,0,0,0,2,0.0,0.0,0.0,5.343,90,0.75,0.5,1.0
010_RC103,10,RC,2,8,OPTIMAL,102.3351,2,2,2,0,0,1.0,102.3351,0.0,0.0,90,0.75,0.5,1.0
010_RC103,10,RC,2,9,OPTIMAL,59.8102,2,1,1,0,1,0.5,52.3141,0.0,7.4962,90,0.75,0.5,1.0
010_RC103,10,RC,3,0,OPTIMAL,61.399,3,1,0,1,2,0.3333,54.6435,0.0,6.7554,90,0.75,0.5,1.0
010_RC103,10,RC,3,1,OPTIMAL,94.2416,3,1,1,0,2,0.3333,55.2329,0.0,39.0087,90,0.75,0.5,1.0
010_RC103,10,RC,3,2,OPTIMAL,80.0939,3,1,1,0,2,0.3333,56.5145,0.0,23.5794,90,0.75,0.5,1.0
010_RC103,10,RC,3,3,OPTIMAL,85.8342,3,1,1,0,2,0.3333,61.4049,0.0,24.4294,90,0.75,0.5,1.0
010_RC103,10,RC,3,4,OPTIMAL,83.3097,3,1,1,0,2,0.3333,71.2068,0.0,12.1029,90,0.75,0.5,1.0
010_RC103,10,RC,3,5,OPTIMAL,105.3031,3,1,1,0,2,0.3333,58.3709,0.0,46.9321,90,0.75,0.5,1.0
010_RC103,10,RC,3,6,OPTIMAL,60.523,3,1,0,1,2,0.3333,53.0551,0.0,7.4679,90,0.75,0.5,1.0
010_RC103,10,RC,3,7,OPTIMAL,58.2955,3,1,1,0,2,0.3333,56.7346,0.0,1.5609,90,0.75,0.5,1.0
010_RC103,10,RC,3,8,OPTIMAL,44.6194,3,0,0,0,3,0.0,0.0,0.0,44.6194,90,0.75,0.5,1.0
010_RC103,10,RC,3,9,OPTIMAL,89.8608,3,1,1,0,2,0.3333,47.4836,0.0,42.3772,90,0.75,0.5,1.0
010_RC104,10,RC,1,0,OPTIMAL,9.76,1,0,0,0,1,0.0,0.0,0.0,9.76,90,0.75,0.5,1.0
010_RC104,10,RC,1,1,OPTIMAL,9.6725,1,0,0,0,1,0.0,0.0,0.0,9.6725,90,0.75,0.5,1.0
010_RC104,10,RC,1,2,OPTIMAL,55.9137,1,1,1,0,0,1.0,55.9137,0.0,0.0,90,0.75,0.5,1.0
010_RC104,10,RC,1,3,OPTIMAL,53.6652,1,1,1,0,0,1.0,53.6652,0.0,0.0,90,0.75,0.5,1.0
010_RC104,10,RC,1,4,OPTIMAL,5.9336,1,0,0,0,1,0.0,0.0,0.0,5.9336,90,0.75,0.5,1.0
010_RC104,10,RC,1,5,OPTIMAL,0.0746,1,0,0,0,1,0.0,0.0,0.0,0.0746,90,0.75,0.5,1.0
010_RC104,10,RC,1,6,OPTIMAL,53.731,1,0,0,0,1,0.0,0.0,0.0,53.731,90,0.75,0.5,1.0
010_RC104,10,RC,1,7,OPTIMAL,62.743,1,1,1,0,0,1.0,62.743,0.0,0.0,90,0.75,0.5,1.0
010_RC104,10,RC,1,8,OPTIMAL,64.8339,1,1,1,0,0,1.0,64.8339,0.0,0.0,90,0.75,0.5,1.0
010_RC104,10,RC,1,9,OPTIMAL,48.0227,1,1,1,0,0,1.0,48.0227,0.0,0.0,90,0.75,0.5,1.0
010_RC104,10,RC,2,0,OPTIMAL,111.0575,2,2,2,0,0,1.0,111.0575,0.0,0.0,90,0.75,0.5,1.0
010_RC104,10,RC,2,1,OPTIMAL,50.8507,2,1,1,0,1,0.5,48.5497,0.0,2.3009,90,0.75,0.5,1.0
010_RC104,10,RC,2,2,OPTIMAL,120.2933,2,2,2,0,0,1.0,120.2933,0.0,0.0,90,0.75,0.5,1.0
010_RC104,10,RC,2,3,OPTIMAL,113.3557,2,2,2,0,0,1.0,113.3557,0.0,0.0,90,0.75,0.5,1.0
010_RC104,10,RC,2,4,OPTIMAL,110.006,2,2,2,0,0,1.0,110.006,0.0,0.0,90,0.75,0.5,1.0
010_RC104,10,RC,2,5,OPTIMAL,55.4864,2,1,1,0,1,0.5,49.5475,0.0,5.9389,90,0.75,0.5,1.0
010_RC104,10,RC,2,6,OPTIMAL,72.9422,2,1,1,0,1,0.5,59.8165,0.0,13.1257,90,0.75,0.5,1.0
010_RC104,10,RC,2,7,OPTIMAL,5.343,2,0,0,0,2,0.0,0.0,0.0,5.343,90,0.75,0.5,1.0
010_RC104,10,RC,2,8,OPTIMAL,102.3351,2,2,2,0,0,1.0,102.3351,0.0,0.0,90,0.75,0.5,1.0
010_RC104,10,RC,2,9,OPTIMAL,59.8102,2,1,1,0,1,0.5,52.3141,0.0,7.4962,90,0.75,0.5,1.0
010_RC104,10,RC,3,0,OPTIMAL,61.399,3,1,0,1,2,0.3333,54.6435,0.0,6.7554,90,0.75,0.5,1.0
010_RC104,10,RC,3,1,OPTIMAL,106.3266,3,2,2,0,1,0.6667,105.5305,0.0,0.7962,90,0.75,0.5,1.0
010_RC104,10,RC,3,2,OPTIMAL,80.0939,3,1,1,0,2,0.3333,56.5145,0.0,23.5794,90,0.75,0.5,1.0
010_RC104,10,RC,3,3,OPTIMAL,85.8342,3,1,1,0,2,0.3333,61.4049,0.0,24.4294,90,0.75,0.5,1.0
010_RC104,10,RC,3,4,OPTIMAL,77.3357,3,1,1,0,2,0.3333,71.2068,0.0,6.129,90,0.75,0.5,1.0
010_RC104,10,RC,3,5,OPTIMAL,115.3448,3,2,2,0,1,0.6667,111.7967,0.0,3.5481,90,0.75,0.5,1.0
010_RC104,10,RC,3,6,OPTIMAL,60.523,3,1,1,0,2,0.3333,53.0551,0.0,7.4679,90,0.75,0.5,1.0
010_RC104,10,RC,3,7,OPTIMAL,58.2955,3,1,1,0,2,0.3333,56.7346,0.0,1.5609,90,0.75,0.5,1.0
010_RC104,10,RC,3,8,OPTIMAL,54.057,3,1,1,0,2,0.3333,47.331,0.0,6.7259,90,0.75,0.5,1.0
010_RC104,10,RC,3,9,OPTIMAL,89.8608,3,1,1,0,2,0.3333,47.4836,0.0,42.3772,90,0.75,0.5,1.0
010_RC105,10,RC,1,0,OPTIMAL,8.5799,1,0,0,0,1,0.0,0.0,0.0,8.5799,90,0.75,0.5,1.0
010_RC105,10,RC,1,1,OPTIMAL,6.6403,1,0,0,0,1,0.0,0.0,0.0,6.6403,90,0.75,0.5,1.0
010_RC105,10,RC,1,2,OPTIMAL,0.0336,1,0,0,0,1,0.0,0.0,0.0,0.0336,90,0.75,0.5,1.0
010_RC105,10,RC,1,3,OPTIMAL,0.415,1,0,0,0,1,0.0,0.0,0.0,0.415,90,0.75,0.5,1.0
010_RC105,10,RC,1,4,OPTIMAL,3.9557,1,0,0,0,1,0.0,0.0,0.0,3.9557,90,0.75,0.5,1.0
010_RC105,10,RC,1,5,OPTIMAL,0.0746,1,0,0,0,1,0.0,0.0,0.0,0.0746,90,0.75,0.5,1.0
010_RC105,10,RC,1,6,OPTIMAL,65.8515,1,1,1,0,0,1.0,65.8515,0.0,0.0,90,0.75,0.5,1.0
010_RC105,10,RC,1,7,OPTIMAL,0.4908,1,0,0,0,1,0.0,0.0,0.0,0.4908,90,0.75,0.5,1.0
010_RC105,10,RC,1,8,OPTIMAL,0.2516,1,0,0,0,1,0.0,0.0,0.0,0.2516,90,0.75,0.5,1.0
010_RC105,10,RC,1,9,OPTIMAL,5.481,1,0,0,0,1,0.0,0.0,0.0,5.481,90,0.75,0.5,1.0
010_RC105,10,RC,2,0,OPTIMAL,108.7844,2,1,1,0,1,0.5,55.3138,0.0,53.4706,90,0.75,0.5,1.0
010_RC105,10,RC,2,1,OPTIMAL,107.2454,2,2,2,0,0,1.0,107.2454,0.0,0.0,90,0.75,0.5,1.0
010_RC105,10,RC,2,2,OPTIMAL,120.2933,2,2,2,0,0,1.0,120.2933,0.0,0.0,90,0.75,0.5,1.0
010_RC105,10,RC,2,3,OPTIMAL,113.3557,2,2,2,0,0,1.0,113.3557,0.0,0.0,90,0.75,0.5,1.0
010_RC105,10,RC,2,4,OPTIMAL,110.006,2,2,1,1,0,1.0,110.006,0.0,0.0,90,0.75,0.5,1.0
010_RC105,10,RC,2,5,OPTIMAL,52.0062,2,0,0,0,2,0.0,0.0,0.0,52.0062,90,0.75,0.5,1.0
010_RC105,10,RC,2,6,OPTIMAL,56.3619,2,1,1,0,1,0.5,54.7459,0.0,1.616,90,0.75,0.5,1.0
010_RC105,10,RC,2,7,OPTIMAL,73.2083,2,1,1,0,1,0.5,57.7235,0.0,15.4848,90,0.75,0.5,1.0
010_RC105,10,RC,2,8,OPTIMAL,94.2712,2,1,1,0,1,0.5,47.2777,0.0,46.9934,90,0.75,0.5,1.0
010_RC105,10,RC,2,9,OPTIMAL,9.5227,2,0,0,0,2,0.0,0.0,0.0,9.5227,90,0.75,0.5,1.0
010_RC105,10,RC,3,0,OPTIMAL,133.6561,3,2,2,0,1,0.6667,121.8048,0.0,11.8513,90,0.75,0.5,1.0
010_RC105,10,RC,3,1,OPTIMAL,58.9741,3,1,1,0,2,0.3333,55.2329,0.0,3.7412,90,0.75,0.5,1.0
010_RC105,10,RC,3,2,OPTIMAL,135.0353,3,2,2,0,1,0.6667,128.0667,0.0,6.9686,90,0.75,0.5,1.0
010_RC105,10,RC,3,3,OPTIMAL,120.9344,3,2,2,0,1,0.6667,119.301,0.0,1.6334,90,0.75,0.5,1.0
010_RC105,10,RC,3,4,OPTIMAL,83.7725,3,1,1,0,2,0.3333,71.2068,0.0,12.5657,90,0.75,0.5,1.0
010_RC105,10,RC,3,5,OPTIMAL,79.2043,3,1,0,1,2,0.3333,58.3709,0.0,20.8333,90,0.75,0.5,1.0
010_RC105,10,RC,3,6,OPTIMAL,62.2315,3,1,1,0,2,0.3333,57.968,0.0,4.2635,90,0.75,0.5,1.0
010_RC105,10,RC,3,7,OPTIMAL,59.8563,3,1,1,0,2,0.3333,56.7346,0.0,3.1217,90,0.75,0.5,1.0
010_RC105,10,RC,3,8,OPTIMAL,114.1832,3,2,2,0,1,0.6667,108.6344,0.0,5.5487,90,0.75,0.5,1.0
010_RC105,10,RC,3,9,OPTIMAL,152.7261,3,3,1,2,0,1.0,152.7261,0.0,0.0,90,0.75,0.5,1.0
010_RC106,10,RC,1,0,OPTIMAL,17.1598,1,0,0,0,1,0.0,0.0,0.0,17.1598,90,0.75,0.5,1.0
010_RC106,10,RC,1,1,OPTIMAL,13.2806,1,0,0,0,1,0.0,0.0,0.0,13.2806,90,0.75,0.5,1.0
010_RC106,10,RC,1,2,OPTIMAL,55.9137,1,1,1,0,0,1.0,55.9137,0.0,0.0,90,0.75,0.5,1.0
010_RC106,10,RC,1,3,OPTIMAL,0.3421,1,0,0,0,1,0.0,0.0,0.0,0.3421,90,0.75,0.5,1.0
010_RC106,10,RC,1,4,OPTIMAL,44.6771,1,1,0,1,0,1.0,44.6771,0.0,0.0,90,0.75,0.5,1.0
010_RC106,10,RC,1,5,OPTIMAL,9.0115,1,0,0,0,1,0.0,0.0,0.0,9.0115,90,0.75,0.5,1.0
010_RC106,10,RC,1,6,OPTIMAL,0.5254,1,0,0,0,1,0.0,0.0,0.0,0.5254,90,0.75,0.5,1.0
010_RC106,10,RC,1,7,OPTIMAL,13.6041,1,0,0,0,1,0.0,0.0,0.0,13.6041,90,0.75,0.5,1.0
010_RC106,10,RC,1,8,OPTIMAL,16.4088,1,0,0,0,1,0.0,0.0,0.0,16.4088,90,0.75,0.5,1.0
010_RC106,10,RC,1,9,OPTIMAL,48.0227,1,1,1,0,0,1.0,48.0227,0.0,0.0,90,0.75,0.5,1.0
010_RC106,10,RC,2,0,OPTIMAL,111.0575,2,2,1,1,0,1.0,111.0575,0.0,0.0,90,0.75,0.5,1.0
010_RC106,10,RC,2,1,OPTIMAL,48.5605,2,1,1,0,1,0.5,48.5497,0.0,0.0108,90,0.75,0.5,1.0
010_RC106,10,RC,2,2,OPTIMAL,120.2933,2,2,1,1,0,1.0,120.2933,0.0,0.0,90,0.75,0.5,1.0
010_RC106,10,RC,2,3,OPTIMAL,113.3557,2,2,2,0,0,1.0,113.3557,0.0,0.0,90,0.75,0.5,1.0
010_RC106,10,RC,2,4,OPTIMAL,60.3034,2,1,0,1,1,0.5,60.2144,0.0,0.089,90,0.75,0.5,1.0
010_RC106,10,RC,2,5,OPTIMAL,67.971,2,1,0,1,1,0.5,49.5475,0.0,18.4235,90,0.75,0.5,1.0
010_RC106,10,RC,2,6,OPTIMAL,9.9558,2,0,0,0,2,0.0,0.0,0.0,9.9558,90,0.75,0.5,1.0
010_RC106,10,RC,2,7,OPTIMAL,105.8154,2,2,1,1,0,1.0,105.8154,0.0,0.0,90,0.75,0.5,1.0
010_RC106,10,RC,2,8,OPTIMAL,102.3351,2,2,2,0,0,1.0,102.3351,0.0,0.0,90,0.75,0.5,1.0
010_RC106,10,RC,2,9,OPTIMAL,52.4604,2,1,0,1,1,0.5,51.2743,0.0,1.1861,90,0.75,0.5,1.0
010_RC106,10,RC,3,0,OPTIMAL,84.9458,3,1,1,0,2,0.3333,67.1612,0.0,17.7846,90,0.75,0.5,1.0
010_RC106,10,RC,3,1,OPTIMAL,102.5044,3,2,1,1,1,0.6667,101.775,0.0,0.7293,90,0.75,0.5,1.0
010_RC106,10,RC,3,2,OPTIMAL,179.4805,3,3,2,1,0,1.0,179.4805,0.0,0.0,90,0.75,0.5,1.0
010_RC106,10,RC,3,3,OPTIMAL,94.3273,3,1,1,0,2,0.3333,61.4049,0.0,32.9225,90,0.75,0.5,1.0
010_RC106,10,RC,3,4,OPTIMAL,168.2781,3,3,1,2,0,1.0,168.2781,0.0,0.0,90,0.75,0.5,1.0
010_RC106,10,RC,3,5,OPTIMAL,158.0318,3,3,1,2,0,1.0,158.0318,0.0,0.0,90,0.75,0.5,1.0
010_RC106,10,RC,3,6,OPTIMAL,66.6645,3,1,1,0,2,0.3333,57.968,0.0,8.6965,90,0.75,0.5,1.0
010_RC106,10,RC,3,7,OPTIMAL,150.0457,3,3,1,2,0,1.0,150.0457,0.0,0.0,90,0.75,0.5,1.0
010_RC106,10,RC,3,8,OPTIMAL,57.7219,3,1,0,1,2,0.3333,47.331,0.0,10.3909,90,0.75,0.5,1.0
010_RC106,10,RC,3,9,OPTIMAL,67.1504,3,1,1,0,2,0.3333,47.4836,0.0,19.6668,90,0.75,0.5,1.0
010_RC107,10,RC,1,0,OPTIMAL,8.5799,1,0,0,0,1,0.0,0.0,0.0,8.5799,90,0.75,0.5,1.0
010_RC107,10,RC,1,1,OPTIMAL,6.6403,1,0,0,0,1,0.0,0.0,0.0,6.6403,90,0.75,0.5,1.0
010_RC107,10,RC,1,2,OPTIMAL,55.9137,1,1,1,0,0,1.0,55.9137,0.0,0.0,90,0.75,0.5,1.0
010_RC107,10,RC,1,3,OPTIMAL,0.3421,1,0,0,0,1,0.0,0.0,0.0,0.3421,90,0.75,0.5,1.0
010_RC107,10,RC,1,4,OPTIMAL,44.6771,1,1,0,1,0,1.0,44.6771,0.0,0.0,90,0.75,0.5,1.0
010_RC107,10,RC,1,5,OPTIMAL,48.0808,1,1,1,0,0,1.0,48.0808,0.0,0.0,90,0.75,0.5,1.0
010_RC107,10,RC,1,6,OPTIMAL,0.5254,1,0,0,0,1,0.0,0.0,0.0,0.5254,90,0.75,0.5,1.0
010_RC107,10,RC,1,7,OPTIMAL,13.6041,1,0,0,0,1,0.0,0.0,0.0,13.6041,90,0.75,0.5,1.0
010_RC107,10,RC,1,8,OPTIMAL,16.4088,1,0,0,0,1,0.0,0.0,0.0,16.4088,90,0.75,0.5,1.0
010_RC107,10,RC,1,9,OPTIMAL,33.4254,1,0,0,0,1,0.0,0.0,0.0,33.4254,90,0.75,0.5,1.0
010_RC107,10,RC,2,0,OPTIMAL,58.8597,2,1,1,0,1,0.5,55.3138,0.0,3.546,90,0.75,0.5,1.0
010_RC107,10,RC,2,1,OPTIMAL,107.2454,2,2,2,0,0,1.0,107.2454,0.0,0.0,90,0.75,0.5,1.0
010_RC107,10,RC,2,2,OPTIMAL,69.1864,2,1,1,0,1,0.5,61.4806,0.0,7.7058,90,0.75,0.5,1.0
010_RC107,10,RC,2,3,OPTIMAL,113.3557,2,2,2,0,0,1.0,113.3557,0.0,0.0,90,0.75,0.5,1.0
010_RC107,10,RC,2,4,OPTIMAL,2.2324,2,0,0,0,2,0.0,0.0,0.0,2.2324,90,0.75,0.5,1.0
010_RC107,10,RC,2,5,OPTIMAL,58.7593,2,1,1,0,1,0.5,49.5475,0.0,9.2117,90,0.75,0.5,1.0
010_RC107,10,RC,2,6,OPTIMAL,9.9558,2,0,0,0,2,0.0,0.0,0.0,9.9558,90,0.75,0.5,1.0
010_RC107,10,RC,2,7,OPTIMAL,57.8985,2,1,1,0,1,0.5,57.7235,0.0,0.175,90,0.75,0.5,1.0
010_RC107,10,RC,2,8,OPTIMAL,102.3351,2,2,2,0,0,1.0,102.3351,0.0,0.0,90,0.75,0.5,1.0
010_RC107,10,RC,2,9,OPTIMAL,18.0364,2,0,0,0,2,0.0,0.0,0.0,18.0364,90,0.75,0.5,1.0
010_RC107,10,RC,3,0,OPTIMAL,76.0537,3,1,1,0,2,0.3333,67.1612,0.0,8.8924,90,0.75,0.5,1.0
010_RC107,10,RC,3,1,OPTIMAL,5.6605,3,0,0,0,3,0.0,0.0,0.0,5.6605,90,0.75,0.5,1.0
010_RC107,10,RC,3,2,OPTIMAL,147.3689,3,2,2,0,1,0.6667,128.0667,0.0,19.3022,90,0.75,0.5,1.0
010_RC107,10,RC,3,3,OPTIMAL,120.0255,3,2,2,0,1,0.6667,120.0192,0.0,0.0064,90,0.75,0.5,1.0
010_RC107,10,RC,3,4,OPTIMAL,71.9962,3,1,1,0,2,0.3333,71.2068,0.0,0.7894,90,0.75,0.5,1.0
010_RC107,10,RC,3,5,OPTIMAL,12.1272,3,0,0,0,3,0.0,0.0,0.0,12.1272,90,0.75,0.5,1.0
010_RC107,10,RC,3,6,OPTIMAL,69.3893,3,1,1,0,2,0.3333,57.968,0.0,11.4213,90,0.75,0.5,1.0
010_RC107,10,RC,3,7,OPTIMAL,64.5633,3,1,1,0,2,0.3333,56.7346,0.0,7.8287,90,0.75,0.5,1.0
010_RC107,10,RC,3,8,OPTIMAL,11.1085,3,0,0,0,3,0.0,0.0,0.0,11.1085,90,0.75,0.5,1.0
010_RC107,10,RC,3,9,OPTIMAL,73.2875,3,1,1,0,2,0.3333,47.4836,0.0,25.8039,90,0.75,0.5,1.0
010_RC108,10,RC,1,0,OPTIMAL,8.5799,1,0,0,0,1,0.0,0.0,0.0,8.5799,90,0.75,0.5,1.0
010_RC108,10,RC,1,1,OPTIMAL,6.6403,1,0,0,0,1,0.0,0.0,0.0,6.6403,90,0.75,0.5,1.0
010_RC108,10,RC,1,2,OPTIMAL,55.9137,1,1,1,0,0,1.0,55.9137,0.0,0.0,90,0.75,0.5,1.0
010_RC108,10,RC,1,3,OPTIMAL,0.4651,1,0,0,0,1,0.0,0.0,0.0,0.4651,90,0.75,0.5,1.0
010_RC108,10,RC,1,4,OPTIMAL,5.9336,1,0,0,0,1,0.0,0.0,0.0,5.9336,90,0.75,0.5,1.0
010_RC108,10,RC,1,5,OPTIMAL,4.5058,1,0,0,0,1,0.0,0.0,0.0,4.5058,90,0.75,0.5,1.0
010_RC108,10,RC,1,6,OPTIMAL,0.815,1,0,0,0,1,0.0,0.0,0.0,0.815,90,0.75,0.5,1.0
010_RC108,10,RC,1,7,OPTIMAL,27.2083,1,0,0,0,1,0.0,0.0,0.0,27.2083,90,0.75,0.5,1.0
010_RC108,10,RC,1,8,OPTIMAL,64.8339,1,1,1,0,0,1.0,64.8339,0.0,0.0,90,0.75,0.5,1.0
010_RC108,10,RC,1,9,OPTIMAL,5.481,1,0,0,0,1,0.0,0.0,0.0,5.481,90,0.75,0.5,1.0
010_RC108,10,RC,2,0,OPTIMAL,3.0016,2,0,0,0,2,0.0,0.0,0.0,3.0016,90,0.75,0.5,1.0
010_RC108,10,RC,2,1,OPTIMAL,49.8817,2,1,1,0,1,0.5,48.5497,0.0,1.332,90,0.75,0.5,1.0
010_RC108,10,RC,2,2,OPTIMAL,63.3571,2,1,1,0,1,0.5,61.4806,0.0,1.8765,90,0.75,0.5,1.0
010_RC108,10,RC,2,3,OPTIMAL,113.3557,2,2,2,0,0,1.0,113.3557,0.0,0.0,90,0.75,0.5,1.0
010_RC108,10,RC,2,4,OPTIMAL,1.9565,2,0,0,0,2,0.0,0.0,0.0,1.9565,90,0.75,0.5,1.0
010_RC108,10,RC,2,5,OPTIMAL,83.3012,2,1,1,0,1,0.5,49.5475,0.0,33.7537,90,0.75,0.5,1.0
010_RC108,10,RC,2,6,OPTIMAL,8.7815,2,0,0,0,2,0.0,0.0,0.0,8.7815,90,0.75,0.5,1.0
010_RC108,10,RC,2,7,OPTIMAL,1.0042,2,0,0,0,2,0.0,0.0,0.0,1.0042,90,0.75,0.5,1.0
010_RC108,10,RC,2,8,OPTIMAL,102.3351,2,2,2,0,0,1.0,102.3351,0.0,0.0,90,0.75,0.5,1.0
010_RC108,10,RC,2,9,OPTIMAL,15.477,2,0,0,0,2,0.0,0.0,0.0,15.477,90,0.75,0.5,1.0
010_RC108,10,RC,3,0,OPTIMAL,116.215,3,2,1,1,1,0.6667,115.6727,0.0,0.5423,90,0.75,0.5,1.0
010_RC108,10,RC,3,1,OPTIMAL,6.4999,3,0,0,0,3,0.0,0.0,0.0,6.4999,90,0.75,0.5,1.0
010_RC108,10,RC,3,2,OPTIMAL,102.937,3,1,1,0,2,0.3333,56.5145,0.0,46.4226,90,0.75,0.5,1.0
010_RC108,10,RC,3,3,OPTIMAL,67.1915,3,1,1,0,2,0.3333,61.4049,0.0,5.7866,90,0.75,0.5,1.0
010_RC108,10,RC,3,4,OPTIMAL,72.3764,3,1,1,0,2,0.3333,71.2068,0.0,1.1696,90,0.75,0.5,1.0
010_RC108,10,RC,3,5,OPTIMAL,45.5519,3,0,0,0,3,0.0,0.0,0.0,45.5519,90,0.75,0.5,1.0
010_RC108,10,RC,3,6,OPTIMAL,54.7723,3,1,1,0,2,0.3333,53.3897,0.0,1.3826,90,0.75,0.5,1.0
010_RC108,10,RC,3,7,OPTIMAL,59.9973,3,1,1,0,2,0.3333,56.7346,0.0,3.2627,90,0.75,0.5,1.0
010_RC108,10,RC,3,8,OPTIMAL,10.9326,3,0,0,0,3,0.0,0.0,0.0,10.9326,90,0.75,0.5,1.0
010_RC108,10,RC,3,9,OPTIMAL,50.9974,3,1,1,0,2,0.3333,47.4836,0.0,3.5138,90,0.75,0.5,1.0
010_RC201,10,RC,1,0,OPTIMAL,53.3031,1,1,1,0,0,1.0,53.3031,0.0,0.0,90,0.75,0.5,1.0
010_RC201,10,RC,1,1,OPTIMAL,6.6403,1,0,0,0,1,0.0,0.0,0.0,6.6403,90,0.75,0.5,1.0
010_RC201,10,RC,1,2,OPTIMAL,55.9137,1,1,1,0,0,1.0,55.9137,0.0,0.0,90,0.75,0.5,1.0
010_RC201,10,RC,1,3,OPTIMAL,53.6652,1,1,1,0,0,1.0,53.6652,0.0,0.0,90,0.75,0.5,1.0
010_RC201,10,RC,1,4,OPTIMAL,44.6771,1,1,1,0,0,1.0,44.6771,0.0,0.0,90,0.75,0.5,1.0
010_RC201,10,RC,1,5,OPTIMAL,48.0808,1,1,1,0,0,1.0,48.0808,0.0,0.0,90,0.75,0.5,1.0
010_RC201,10,RC,1,6,OPTIMAL,0.2627,1,0,0,0,1,0.0,0.0,0.0,0.2627,90,0.75,0.5,1.0
010_RC201,10,RC,1,7,OPTIMAL,13.6041,1,0,0,0,1,0.0,0.0,0.0,13.6041,90,0.75,0.5,1.0
010_RC201,10,RC,1,8,OPTIMAL,64.8339,1,1,1,0,0,1.0,64.8339,0.0,0.0,90,0.75,0.5,1.0
010_RC201,10,RC,1,9,OPTIMAL,48.0227,1,1,1,0,0,1.0,48.0227,0.0,0.0,90,0.75,0.5,1.0
010_RC201,10,RC,2,0,OPTIMAL,111.0575,2,2,2,0,0,1.0,111.0575,0.0,0.0,90,0.75,0.5,1.0
010_RC201,10,RC,2,1,OPTIMAL,107.2454,2,2,2,0,0,1.0,107.2454,0.0,0.0,90,0.75,0.5,1.0
010_RC201,10,RC,2,2,OPTIMAL,120.2933,2,2,2,0,0,1.0,120.2933,0.0,0.0,90,0.75,0.5,1.0
010_RC201,10,RC,2,3,OPTIMAL,113.3557,2,2,2,0,0,1.0,113.3557,0.0,0.0,90,0.75,0.5,1.0
010_RC201,10,RC,2,4,OPTIMAL,46.4121,2,0,0,0,2,0.0,0.0,0.0,46.4121,90,0.75,0.5,1.0
010_RC201,10,RC,2,5,OPTIMAL,60.7988,2,1,1,0,1,0.5,49.5475,0.0,11.2512,90,0.75,0.5,1.0
010_RC201,10,RC,2,6,OPTIMAL,59.9667,2,1,1,0,1,0.5,59.8165,0.0,0.1502,90,0.75,0.5,1.0
010_RC201,10,RC,2,7,OPTIMAL,105.8154,2,2,2,0,0,1.0,105.8154,0.0,0.0,90,0.75,0.5,1.0
010_RC201,10,RC,2,8,OPTIMAL,102.3351,2,2,2,0,0,1.0,102.3351,0.0,0.0,90,0.75,0.5,1.0
010_RC201,10,RC,2,9,OPTIMAL,103.5883,2,2,2,0,0,1.0,103.5883,0.0,0.0,90,0.75,0.5,1.0
010_RC201,10,RC,3,0,OPTIMAL,79.2837,3,1,1,0,2,0.3333,67.1612,0.0,12.1225,90,0.75,0.5,1.0
010_RC201,10,RC,3,1,OPTIMAL,98.2581,3,2,2,0,1,0.6667,96.8396,0.0,1.4185,90,0.75,0.5,1.0
010_RC201,10,RC,3,2,OPTIMAL,179.4805,3,3,3,0,0,1.0,179.4805,0.0,0.0,90,0.75,0.5,1.0
010_RC201,10,RC,3,3,OPTIMAL,120.0223,3,2,2,0,1,0.6667,120.0192,0.0,0.0032,90,0.75,0.5,1.0
010_RC201,10,RC,3,4,OPTIMAL,83.0125,3,1,1,0,2,0.3333,71.2068,0.0,11.8057,90,0.75,0.5,1.0
010_RC201,10,RC,3,5,OPTIMAL,158.0318,3,3,3,0,0,1.0,158.0318,0.0,0.0,90,0.75,0.5,1.0
010_RC201,10,RC,3,6,OPTIMAL,164.4128,3,3,3,0,0,1.0,164.4128,0.0,0.0,90,0.75,0.5,1.0
010_RC201,10,RC,3,7,OPTIMAL,110.3186,3,2,2,0,1,0.6667,106.8387,0.0,3.4799,90,0.75,0.5,1.0
010_RC201,10,RC,3,8,OPTIMAL,159.9519,3,3,2,1,0,1.0,159.9519,0.0,0.0,90,0.75,0.5,1.0
010_RC201,10,RC,3,9,OPTIMAL,100.9766,3,2,2,0,1,0.6667,100.474,0.0,0.5026,90,0.75,0.5,1.0
010_RC202,10,RC,1,0,OPTIMAL,53.3031,1,1,1,0,0,1.0,53.3031,0.0,0.0,90,0.75,0.5,1.0
010_RC202,10,RC,1,1,OPTIMAL,47.1479,1,1,0,1,0,1.0,47.1479,0.0,0.0,90,0.75,0.5,1.0
010_RC202,10,RC,1,2,OPTIMAL,55.9137,1,1,1,0,0,1.0,55.9137,0.0,0.0,90,0.75,0.5,1.0
010_RC202,10,RC,1,3,OPTIMAL,53.6652,1,1,1,0,0,1.0,53.6652,0.0,0.0,90,0.75,0.5,1.0
010_RC202,10,RC,1,4,OPTIMAL,44.6771,1,1,1,0,0,1.0,44.6771,0.0,0.0,90,0.75,0.5,1.0
010_RC202,10,RC,1,5,OPTIMAL,48.0808,1,1,1,0,0,1.0,48.0808,0.0,0.0,90,0.75,0.5,1.0
010_RC202,10,RC,1,6,OPTIMAL,0.2627,1,0,0,0,1,0.0,0.0,0.0,0.2627,90,0.75,0.5,1.0
010_RC202,10,RC,1,7,OPTIMAL,62.743,1,1,0,1,0,1.0,62.743,0.0,0.0,90,0.75,0.5,1.0
010_RC202,10,RC,1,8,OPTIMAL,64.8339,1,1,1,0,0,1.0,64.8339,0.0,0.0,90,0.75,0.5,1.0
010_RC202,10,RC,1,9,OPTIMAL,48.0227,1,1,1,0,0,1.0,48.0227,0.0,0.0,90,0.75,0.5,1.0
010_RC202,10,RC,2,0,OPTIMAL,111.0575,2,2,2,0,0,1.0,111.0575,0.0,0.0,90,0.75,0.5,1.0
010_RC202,10,RC,2,1,OPTIMAL,107.2454,2,2,2,0,0,1.0,107.2454,0.0,0.0,90,0.75,0.5,1.0
010_RC202,10,RC,2,2,OPTIMAL,120.2933,2,2,2,0,0,1.0,120.2933,0.0,0.0,90,0.75,0.5,1.0
010_RC202,10,RC,2,3,OPTIMAL,113.3557,2,2,2,0,0,1.0,113.3557,0.0,0.0,90,0.75,0.5,1.0
010_RC202,10,RC,2,4,OPTIMAL,96.0821,2,1,1,0,1,0.5,60.2144,0.0,35.8676,90,0.75,0.5,1.0
010_RC202,10,RC,2,5,OPTIMAL,60.7988,2,1,1,0,1,0.5,49.5475,0.0,11.2512,90,0.75,0.5,1.0
010_RC202,10,RC,2,6,OPTIMAL,59.9667,2,1,1,0,1,0.5,59.8165,0.0,0.1502,90,0.75,0.5,1.0
010_RC202,10,RC,2,7,OPTIMAL,105.8154,2,2,2,0,0,1.0,105.8154,0.0,0.0,90,0.75,0.5,1.0
010_RC202,10,RC,2,8,OPTIMAL,102.3351,2,2,2,0,0,1.0,102.3351,0.0,0.0,90,0.75,0.5,1.0
010_RC202,10,RC,2,9,OPTIMAL,103.5883,2,2,2,0,0,1.0,103.5883,0.0,0.0,90,0.75,0.5,1.0
010_RC202,10,RC,3,0,OPTIMAL,79.2837,3,1,1,0,2,0.3333,67.1612,0.0,12.1225,90,0.75,0.5,1.0
010_RC202,10,RC,3,1,OPTIMAL,152.0726,3,3,3,0,0,1.0,152.0726,0.0,0.0,90,0.75,0.5,1.0
010_RC202,10,RC,3,2,OPTIMAL,179.4805,3,3,3,0,0,1.0,179.4805,0.0,0.0,90,0.75,0.5,1.0
010_RC202,10,RC,3,3,OPTIMAL,120.0223,3,2,2,0,1,0.6667,120.0192,0.0,0.0032,90,0.75,0.5,1.0
010_RC202,10,RC,3,4,OPTIMAL,120.2493,3,2,2,0,1,0.6667,118.9355,0.0,1.3137,90,0.75,0.5,1.0
010_RC202,10,RC,3,5,OPTIMAL,158.0318,3,3,2,1,0,1.0,158.0318,0.0,0.0,90,0.75,0.5,1.0
010_RC202,10,RC,3,6,OPTIMAL,164.4128,3,3,3,0,0,1.0,164.4128,0.0,0.0,90,0.75,0.5,1.0
010_RC202,10,RC,3,7,OPTIMAL,150.0457,3,3,3,0,0,1.0,150.0457,0.0,0.0,90,0.75,0.5,1.0
010_RC202,10,RC,3,8,OPTIMAL,159.9519,3,3,3,0,0,1.0,159.9519,0.0,0.0,90,0.75,0.5,1.0
010_RC202,10,RC,3,9,OPTIMAL,100.9766,3,2,2,0,1,0.6667,100.474,0.0,0.5026,90,0.75,0.5,1.0
010_RC203,10,RC,1,0,OPTIMAL,53.3031,1,1,1,0,0,1.0,53.3031,0.0,0.0,90,0.75,0.5,1.0
010_RC203,10,RC,1,1,OPTIMAL,47.1479,1,1,0,1,0,1.0,47.1479,0.0,0.0,90,0.75,0.5,1.0
010_RC203,10,RC,1,2,OPTIMAL,55.9137,1,1,1,0,0,1.0,55.9137,0.0,0.0,90,0.75,0.5,1.0
010_RC203,10,RC,1,3,OPTIMAL,53.6652,1,1,1,0,0,1.0,53.6652,0.0,0.0,90,0.75,0.5,1.0
010_RC203,10,RC,1,4,OPTIMAL,44.6771,1,1,1,0,0,1.0,44.6771,0.0,0.0,90,0.75,0.5,1.0
010_RC203,10,RC,1,5,OPTIMAL,48.0808,1,1,1,0,0,1.0,48.0808,0.0,0.0,90,0.75,0.5,1.0
010_RC203,10,RC,1,6,OPTIMAL,65.8515,1,1,1,0,0,1.0,65.8515,0.0,0.0,90,0.75,0.5,1.0
010_RC203,10,RC,1,7,OPTIMAL,62.743,1,1,1,0,0,1.0,62.743,0.0,0.0,90,0.75,0.5,1.0
010_RC203,10,RC,1,8,OPTIMAL,64.8339,1,1,1,0,0,1.0,64.8339,0.0,0.0,90,0.75,0.5,1.0
010_RC203,10,RC,1,9,OPTIMAL,48.0227,1,1,1,0,0,1.0,48.0227,0.0,0.0,90,0.75,0.5,1.0
010_RC203,10,RC,2,0,OPTIMAL,111.0575,2,2,2,0,0,1.0,111.0575,0.0,0.0,90,0.75,0.5,1.0
010_RC203,10,RC,2,1,OPTIMAL,107.2454,2,2,2,0,0,1.0,107.2454,0.0,0.0,90,0.75,0.5,1.0
010_RC203,10,RC,2,2,OPTIMAL,120.2933,2,2,2,0,0,1.0,120.2933,0.0,0.0,90,0.75,0.5,1.0
010_RC203,10,RC,2,3,OPTIMAL,113.3557,2,2,2,0,0,1.0,113.3557,0.0,0.0,90,0.75,0.5,1.0
010_RC203,10,RC,2,4,OPTIMAL,110.006,2,2,1,1,0,1.0,110.006,0.0,0.0,90,0.75,0.5,1.0
010_RC203,10,RC,2,5,OPTIMAL,102.1448,2,2,1,1,0,1.0,102.1448,0.0,0.0,90,0.75,0.5,1.0
010_RC203,10,RC,2,6,OPTIMAL,114.5624,2,2,2,0,0,1.0,114.5624,0.0,0.0,90,0.75,0.5,1.0
010_RC203,10,RC,2,7,OPTIMAL,105.8154,2,2,1,1,0,1.0,105.8154,0.0,0.0,90,0.75,0.5,1.0
010_RC203,10,RC,2,8,OPTIMAL,102.3351,2,2,2,0,0,1.0,102.3351,0.0,0.0,90,0.75,0.5,1.0
010_RC203,10,RC,2,9,OPTIMAL,103.5883,2,2,2,0,0,1.0,103.5883,0.0,0.0,90,0.75,0.5,1.0
010_RC203,10,RC,3,0,OPTIMAL,103.2384,3,2,1,1,1,0.6667,103.155,0.0,0.0834,90,0.75,0.5,1.0
010_RC203,10,RC,3,1,OPTIMAL,152.0726,3,3,3,0,0,1.0,152.0726,0.0,0.0,90,0.75,0.5,1.0
010_RC203,10,RC,3,2,OPTIMAL,123.4294,3,2,2,0,1,0.6667,107.9283,0.0,15.5011,90,0.75,0.5,1.0
010_RC203,10,RC,3,3,OPTIMAL,177.9153,3,3,3,0,0,1.0,177.9153,0.0,0.0,90,0.75,0.5,1.0
010_RC203,10,RC,3,4,OPTIMAL,120.2493,3,2,2,0,1,0.6667,118.9355,0.0,1.3137,90,0.75,0.5,1.0
010_RC203,10,RC,3,5,OPTIMAL,158.0318,3,3,2,1,0,1.0,158.0318,0.0,0.0,90,0.75,0.5,1.0
010_RC203,10,RC,3,6,OPTIMAL,164.4128,3,3,3,0,0,1.0,164.4128,0.0,0.0,90,0.75,0.5,1.0
010_RC203,10,RC,3,7,OPTIMAL,150.0457,3,3,3,0,0,1.0,150.0457,0.0,0.0,90,0.75,0.5,1.0
010_RC203,10,RC,3,8,OPTIMAL,159.9519,3,3,3,0,0,1.0,159.9519,0.0,0.0,90,0.75,0.5,1.0
010_RC203,10,RC,3,9,OPTIMAL,152.7261,3,3,3,0,0,1.0,152.7261,0.0,0.0,90,0.75,0.5,1.0
010_RC204,10,RC,1,0,OPTIMAL,53.3031,1,1,1,0,0,1.0,53.3031,0.0,0.0,90,0.75,0.5,1.0
010_RC204,10,RC,1,1,OPTIMAL,47.1479,1,1,1,0,0,1.0,47.1479,0.0,0.0,90,0.75,0.5,1.0
010_RC204,10,RC,1,2,OPTIMAL,55.9137,1,1,1,0,0,1.0,55.9137,0.0,0.0,90,0.75,0.5,1.0
010_RC204,10,RC,1,3,OPTIMAL,53.6652,1,1,1,0,0,1.0,53.6652,0.0,0.0,90,0.75,0.5,1.0
010_RC204,10,RC,1,4,OPTIMAL,44.6771,1,1,1,0,0,1.0,44.6771,0.0,0.0,90,0.75,0.5,1.0
010_RC204,10,RC,1,5,OPTIMAL,48.0808,1,1,1,0,0,1.0,48.0808,0.0,0.0,90,0.75,0.5,1.0
010_RC204,10,RC,1,6,OPTIMAL,65.8515,1,1,1,0,0,1.0,65.8515,0.0,0.0,90,0.75,0.5,1.0
010_RC204,10,RC,1,7,OPTIMAL,62.743,1,1,1,0,0,1.0,62.743,0.0,0.0,90,0.75,0.5,1.0
010_RC204,10,RC,1,8,OPTIMAL,64.8339,1,1,1,0,0,1.0,64.8339,0.0,0.0,90,0.75,0.5,1.0
010_RC204,10,RC,1,9,OPTIMAL,48.0227,1,1,1,0,0,1.0,48.0227,0.0,0.0,90,0.75,0.5,1.0
010_RC204,10,RC,2,0,OPTIMAL,111.0575,2,2,2,0,0,1.0,111.0575,0.0,0.0,90,0.75,0.5,1.0
010_RC204,10,RC,2,1,OPTIMAL,107.2454,2,2,2,0,0,1.0,107.2454,0.0,0.0,90,0.75,0.5,1.0
010_RC204,10,RC,2,2,OPTIMAL,120.2933,2,2,2,0,0,1.0,120.2933,0.0,0.0,90,0.75,0.5,1.0
010_RC204,10,RC,2,3,OPTIMAL,113.3557,2,2,2,0,0,1.0,113.3557,0.0,0.0,90,0.75,0.5,1.0
010_RC204,10,RC,2,4,OPTIMAL,110.006,2,2,1,1,0,1.0,110.006,0.0,0.0,90,0.75,0.5,1.0
010_RC204,10,RC,2,5,OPTIMAL,102.1448,2,2,1,1,0,1.0,102.1448,0.0,0.0,90,0.75,0.5,1.0
010_RC204,10,RC,2,6,OPTIMAL,114.5624,2,2,2,0,0,1.0,114.5624,0.0,0.0,90,0.75,0.5,1.0
010_RC204,10,RC,2,7,OPTIMAL,66.6764,2,1,1,0,1,0.5,57.7235,0.0,8.953,90,0.75,0.5,1.0
010_RC204,10,RC,2,8,OPTIMAL,102.3351,2,2,2,0,0,1.0,102.3351,0.0,0.0,90,0.75,0.5,1.0
010_RC204,10,RC,2,9,OPTIMAL,103.5883,2,2,2,0,0,1.0,103.5883,0.0,0.0,90,0.75,0.5,1.0
010_RC204,10,RC,3,0,OPTIMAL,103.2384,3,2,1,1,1,0.6667,103.155,0.0,0.0834,90,0.75,0.5,1.0
010_RC204,10,RC,3,1,OPTIMAL,152.0726,3,3,3,0,0,1.0,152.0726,0.0,0.0,90,0.75,0.5,1.0
010_RC204,10,RC,3,2,OPTIMAL,123.4294,3,2,2,0,1,0.6667,107.9283,0.0,15.5011,90,0.75,0.5,1.0
010_RC204,10,RC,3,3,OPTIMAL,177.9153,3,3,3,0,0,1.0,177.9153,0.0,0.0,90,0.75,0.5,1.0
010_RC204,10,RC,3,4,OPTIMAL,120.2493,3,2,2,0,1,0.6667,118.9355,0.0,1.3137,90,0.75,0.5,1.0
010_RC204,10,RC,3,5,OPTIMAL,120.1018,3,2,2,0,1,0.6667,111.7967,0.0,8.3051,90,0.75,0.5,1.0
010_RC204,10,RC,3,6,OPTIMAL,109.6503,3,2,2,0,1,0.6667,106.4448,0.0,3.2055,90,0.75,0.5,1.0
010_RC204,10,RC,3,7,OPTIMAL,150.0457,3,3,3,0,0,1.0,150.0457,0.0,0.0,90,0.75,0.5,1.0
010_RC204,10,RC,3,8,OPTIMAL,159.9519,3,3,3,0,0,1.0,159.9519,0.0,0.0,90,0.75,0.5,1.0
010_RC204,10,RC,3,9,OPTIMAL,152.7261,3,3,3,0,0,1.0,152.7261,0.0,0.0,90,0.75,0.5,1.0
010_RC205,10,RC,1,0,OPTIMAL,8.5799,1,0,0,0,1,0.0,0.0,0.0,8.5799,90,0.75,0.5,1.0
010_RC205,10,RC,1,1,OPTIMAL,6.6403,1,0,0,0,1,0.0,0.0,0.0,6.6403,90,0.75,0.5,1.0
010_RC205,10,RC,1,2,OPTIMAL,55.9137,1,1,1,0,0,1.0,55.9137,0.0,0.0,90,0.75,0.5,1.0
010_RC205,10,RC,1,3,OPTIMAL,53.6652,1,1,1,0,0,1.0,53.6652,0.0,0.0,90,0.75,0.5,1.0
010_RC205,10,RC,1,4,OPTIMAL,44.6771,1,1,1,0,0,1.0,44.6771,0.0,0.0,90,0.75,0.5,1.0
010_RC205,10,RC,1,5,OPTIMAL,48.0808,1,1,1,0,0,1.0,48.0808,0.0,0.0,90,0.75,0.5,1.0
010_RC205,10,RC,1,6,OPTIMAL,65.8515,1,1,1,0,0,1.0,65.8515,0.0,0.0,90,0.75,0.5,1.0
010_RC205,10,RC,1,7,OPTIMAL,62.743,1,1,1,0,0,1.0,62.743,0.0,0.0,90,0.75,0.5,1.0
010_RC205,10,RC,1,8,OPTIMAL,64.8339,1,1,1,0,0,1.0,64.8339,0.0,0.0,90,0.75,0.5,1.0
010_RC205,10,RC,1,9,OPTIMAL,48.0227,1,1,1,0,0,1.0,48.0227,0.0,0.0,90,0.75,0.5,1.0
010_RC205,10,RC,2,0,OPTIMAL,111.0575,2,2,1,1,0,1.0,111.0575,0.0,0.0,90,0.75,0.5,1.0
010_RC205,10,RC,2,1,OPTIMAL,49.2157,2,1,1,0,1,0.5,48.5497,0.0,0.666,90,0.75,0.5,1.0
010_RC205,10,RC,2,2,OPTIMAL,120.2933,2,2,2,0,0,1.0,120.2933,0.0,0.0,90,0.75,0.5,1.0
010_RC205,10,RC,2,3,OPTIMAL,113.3557,2,2,2,0,0,1.0,113.3557,0.0,0.0,90,0.75,0.5,1.0
010_RC205,10,RC,2,4,OPTIMAL,110.006,2,2,2,0,0,1.0,110.006,0.0,0.0,90,0.75,0.5,1.0
010_RC205,10,RC,2,5,OPTIMAL,102.1448,2,2,2,0,0,1.0,102.1448,0.0,0.0,90,0.75,0.5,1.0
010_RC205,10,RC,2,6,OPTIMAL,114.5624,2,2,1,1,0,1.0,114.5624,0.0,0.0,90,0.75,0.5,1.0
010_RC205,10,RC,2,7,OPTIMAL,66.8071,2,1,1,0,1,0.5,57.7235,0.0,9.0836,90,0.75,0.5,1.0
010_RC205,10,RC,2,8,OPTIMAL,102.3351,2,2,2,0,0,1.0,102.3351,0.0,0.0,90,0.75,0.5,1.0
010_RC205,10,RC,2,9,OPTIMAL,103.5883,2,2,2,0,0,1.0,103.5883,0.0,0.0,90,0.75,0.5,1.0
010_RC205,10,RC,3,0,OPTIMAL,170.3162,3,3,3,0,0,1.0,170.3162,0.0,0.0,90,0.75,0.5,1.0
010_RC205,10,RC,3,1,OPTIMAL,152.0726,3,3,2,1,0,1.0,152.0726,0.0,0.0,90,0.75,0.5,1.0
010_RC205,10,RC,3,2,OPTIMAL,179.4805,3,3,3,0,0,1.0,179.4805,0.0,0.0,90,0.75,0.5,1.0
010_RC205,10,RC,3,3,OPTIMAL,177.9153,3,3,3,0,0,1.0,177.9153,0.0,0.0,90,0.75,0.5,1.0
010_RC205,10,RC,3,4,OPTIMAL,77.4896,3,1,1,0,2,0.3333,71.2068,0.0,6.2829,90,0.75,0.5,1.0
010_RC205,10,RC,3,5,OPTIMAL,120.5266,3,2,2,0,1,0.6667,111.7967,0.0,8.7299,90,0.75,0.5,1.0
010_RC205,10,RC,3,6,OPTIMAL,115.2854,3,2,1,1,1,0.6667,111.0231,0.0,4.2623,90,0.75,0.5,1.0
010_RC205,10,RC,3,7,OPTIMAL,107.1048,3,2,2,0,1,0.6667,106.8387,0.0,0.2661,90,0.75,0.5,1.0
010_RC205,10,RC,3,8,OPTIMAL,159.9519,3,3,3,0,0,1.0,159.9519,0.0,0.0,90,0.75,0.5,1.0
010_RC205,10,RC,3,9,OPTIMAL,152.7261,3,3,3,0,0,1.0,152.7261,0.0,0.0,90,0.75,0.5,1.0
010_RC206,10,RC,1,0,OPTIMAL,53.3031,1,1,1,0,0,1.0,53.3031,0.0,0.0,90,0.75,0.5,1.0
010_RC206,10,RC,1,1,OPTIMAL,47.1479,1,1,1,0,0,1.0,47.1479,0.0,0.0,90,0.75,0.5,1.0
010_RC206,10,RC,1,2,OPTIMAL,55.9137,1,1,1,0,0,1.0,55.9137,0.0,0.0,90,0.75,0.5,1.0
010_RC206,10,RC,1,3,OPTIMAL,53.6652,1,1,1,0,0,1.0,53.6652,0.0,0.0,90,0.75,0.5,1.0
010_RC206,10,RC,1,4,OPTIMAL,44.6771,1,1,1,0,0,1.0,44.6771,0.0,0.0,90,0.75,0.5,1.0
010_RC206,10,RC,1,5,OPTIMAL,48.0808,1,1,1,0,0,1.0,48.0808,0.0,0.0,90,0.75,0.5,1.0
010_RC206,10,RC,1,6,OPTIMAL,65.8515,1,1,1,0,0,1.0,65.8515,0.0,0.0,90,0.75,0.5,1.0
010_RC206,10,RC,1,7,OPTIMAL,62.743,1,1,1,0,0,1.0,62.743,0.0,0.0,90,0.75,0.5,1.0
010_RC206,10,RC,1,8,OPTIMAL,64.8339,1,1,1,0,0,1.0,64.8339,0.0,0.0,90,0.75,0.5,1.0
010_RC206,10,RC,1,9,OPTIMAL,48.0227,1,1,1,0,0,1.0,48.0227,0.0,0.0,90,0.75,0.5,1.0
010_RC206,10,RC,2,0,OPTIMAL,111.0575,2,2,1,1,0,1.0,111.0575,0.0,0.0,90,0.75,0.5,1.0
010_RC206,10,RC,2,1,OPTIMAL,49.2157,2,1,1,0,1,0.5,48.5497,0.0,0.666,90,0.75,0.5,1.0
010_RC206,10,RC,2,2,OPTIMAL,120.2933,2,2,2,0,0,1.0,120.2933,0.0,0.0,90,0.75,0.5,1.0
010_RC206,10,RC,2,3,OPTIMAL,113.3557,2,2,2,0,0,1.0,113.3557,0.0,0.0,90,0.75,0.5,1.0
010_RC206,10,RC,2,4,OPTIMAL,110.006,2,2,2,0,0,1.0,110.006,0.0,0.0,90,0.75,0.5,1.0
010_RC206,10,RC,2,5,OPTIMAL,102.1448,2,2,2,0,0,1.0,102.1448,0.0,0.0,90,0.75,0.5,1.0
010_RC206,10,RC,2,6,OPTIMAL,114.5624,2,2,1,1,0,1.0,114.5624,0.0,0.0,90,0.75,0.5,1.0
010_RC206,10,RC,2,7,OPTIMAL,105.8154,2,2,2,0,0,1.0,105.8154,0.0,0.0,90,0.75,0.5,1.0
010_RC206,10,RC,2,8,OPTIMAL,102.3351,2,2,2,0,0,1.0,102.3351,0.0,0.0,90,0.75,0.5,1.0
010_RC206,10,RC,2,9,OPTIMAL,103.5883,2,2,1,1,0,1.0,103.5883,0.0,0.0,90,0.75,0.5,1.0
010_RC206,10,RC,3,0,OPTIMAL,170.3162,3,3,3,0,0,1.0,170.3162,0.0,0.0,90,0.75,0.5,1.0
010_RC206,10,RC,3,1,OPTIMAL,152.0726,3,3,2,1,0,1.0,152.0726,0.0,0.0,90,0.75,0.5,1.0
010_RC206,10,RC,3,2,OPTIMAL,179.4805,3,3,3,0,0,1.0,179.4805,0.0,0.0,90,0.75,0.5,1.0
010_RC206,10,RC,3,3,OPTIMAL,177.9153,3,3,3,0,0,1.0,177.9153,0.0,0.0,90,0.75,0.5,1.0
010_RC206,10,RC,3,4,OPTIMAL,168.2781,3,3,3,0,0,1.0,168.2781,0.0,0.0,90,0.75,0.5,1.0
010_RC206,10,RC,3,5,OPTIMAL,158.0318,3,3,2,1,0,1.0,158.0318,0.0,0.0,90,0.75,0.5,1.0
010_RC206,10,RC,3,6,OPTIMAL,164.4128,3,3,3,0,0,1.0,164.4128,0.0,0.0,90,0.75,0.5,1.0
010_RC206,10,RC,3,7,OPTIMAL,101.2364,3,2,2,0,1,0.6667,99.9417,0.0,1.2948,90,0.75,0.5,1.0
010_RC206,10,RC,3,8,OPTIMAL,113.8123,3,2,2,0,1,0.6667,108.6344,0.0,5.1778,90,0.75,0.5,1.0
010_RC206,10,RC,3,9,OPTIMAL,152.7261,3,3,3,0,0,1.0,152.7261,0.0,0.0,90,0.75,0.5,1.0
010_RC207,10,RC,1,0,OPTIMAL,53.3031,1,1,1,0,0,1.0,53.3031,0.0,0.0,90,0.75,0.5,1.0
010_RC207,10,RC,1,1,OPTIMAL,47.1479,1,1,0,1,0,1.0,47.1479,0.0,0.0,90,0.75,0.5,1.0
010_RC207,10,RC,1,2,OPTIMAL,55.9137,1,1,1,0,0,1.0,55.9137,0.0,0.0,90,0.75,0.5,1.0
010_RC207,10,RC,1,3,OPTIMAL,53.6652,1,1,1,0,0,1.0,53.6652,0.0,0.0,90,0.75,0.5,1.0
010_RC207,10,RC,1,4,OPTIMAL,38.3165,1,0,0,0,1,0.0,0.0,0.0,38.3165,90,0.75,0.5,1.0
010_RC207,10,RC,1,5,OPTIMAL,48.0808,1,1,1,0,0,1.0,48.0808,0.0,0.0,90,0.75,0.5,1.0
010_RC207,10,RC,1,6,OPTIMAL,0.2627,1,0,0,0,1,0.0,0.0,0.0,0.2627,90,0.75,0.5,1.0
010_RC207,10,RC,1,7,OPTIMAL,62.743,1,1,1,0,0,1.0,62.743,0.0,0.0,90,0.75,0.5,1.0
010_RC207,10,RC,1,8,OPTIMAL,64.8339,1,1,1,0,0,1.0,64.8339,0.0,0.0,90,0.75,0.5,1.0
010_RC207,10,RC,1,9,OPTIMAL,48.0227,1,1,1,0,0,1.0,48.0227,0.0,0.0,90,0.75,0.5,1.0
010_RC207,10,RC,2,0,OPTIMAL,111.0575,2,2,1,1,0,1.0,111.0575,0.0,0.0,90,0.75,0.5,1.0
010_RC207,10,RC,2,1,OPTIMAL,49.2157,2,1,1,0,1,0.5,48.5497,0.0,0.666,90,0.75,0.5,1.0
010_RC207,10,RC,2,2,OPTIMAL,120.2933,2,2,2,0,0,1.0,120.2933,0.0,0.0,90,0.75,0.5,1.0
010_RC207,10,RC,2,3,OPTIMAL,113.3557,2,2,2,0,0,1.0,113.3557,0.0,0.0,90,0.75,0.5,1.0
010_RC207,10,RC,2,4,OPTIMAL,110.006,2,2,1,1,0,1.0,110.006,0.0,0.0,90,0.75,0.5,1.0
010_RC207,10,RC,2,5,OPTIMAL,102.1448,2,2,2,0,0,1.0,102.1448,0.0,0.0,90,0.75,0.5,1.0
010_RC207,10,RC,2,6,OPTIMAL,59.9667,2,1,0,1,1,0.5,59.8165,0.0,0.1502,90,0.75,0.5,1.0
010_RC207,10,RC,2,7,OPTIMAL,105.8154,2,2,2,0,0,1.0,105.8154,0.0,0.0,90,0.75,0.5,1.0
010_RC207,10,RC,2,8,OPTIMAL,102.3351,2,2,2,0,0,1.0,102.3351,0.0,0.0,90,0.75,0.5,1.0
010_RC207,10,RC,2,9,OPTIMAL,103.5883,2,2,2,0,0,1.0,103.5883,0.0,0.0,90,0.75,0.5,1.0
010_RC207,10,RC,3,0,OPTIMAL,170.3162,3,3,3,0,0,1.0,170.3162,0.0,0.0,90,0.75,0.5,1.0
010_RC207,10,RC,3,1,OPTIMAL,132.703,3,1,0,1,2,0.3333,55.2329,0.0,77.4701,90,0.75,0.5,1.0
010_RC207,10,RC,3,2,OPTIMAL,163.8513,3,2,2,0,1,0.6667,128.0667,0.0,35.7847,90,0.75,0.5,1.0
010_RC207,10,RC,3,3,OPTIMAL,120.0223,3,2,2,0,1,0.6667,120.0192,0.0,0.0032,90,0.75,0.5,1.0
010_RC207,10,RC,3,4,OPTIMAL,120.9344,3,2,2,0,1,0.6667,120.5494,0.0,0.385,90,0.75,0.5,1.0
010_RC207,10,RC,3,5,OPTIMAL,158.0318,3,3,2,1,0,1.0,158.0318,0.0,0.0,90,0.75,0.5,1.0
010_RC207,10,RC,3,6,OPTIMAL,164.4128,3,3,2,1,0,1.0,164.4128,0.0,0.0,90,0.75,0.5,1.0
010_RC207,10,RC,3,7,OPTIMAL,107.9254,3,2,2,0,1,0.6667,106.8387,0.0,1.0867,90,0.75,0.5,1.0
010_RC207,10,RC,3,8,OPTIMAL,54.7793,3,1,1,0,2,0.3333,47.331,0.0,7.4483,90,0.75,0.5,1.0
010_RC207,10,RC,3,9,OPTIMAL,100.9766,3,2,2,0,1,0.6667,100.474,0.0,0.5026,90,0.75,0.5,1.0
010_RC208,10,RC,1,0,OPTIMAL,53.3031,1,1,1,0,0,1.0,53.3031,0.0,0.0,90,0.75,0.5,1.0
010_RC208,10,RC,1,1,OPTIMAL,47.1479,1,1,1,0,0,1.0,47.1479,0.0,0.0,90,0.75,0.5,1.0
010_RC208,10,RC,1,2,OPTIMAL,55.9137,1,1,0,1,0,1.0,55.9137,0.0,0.0,90,0.75,0.5,1.0
010_RC208,10,RC,1,3,OPTIMAL,53.6652,1,1,0,1,0,1.0,53.6652,0.0,0.0,90,0.75,0.5,1.0
010_RC208,10,RC,1,4,OPTIMAL,44.6771,1,1,1,0,0,1.0,44.6771,0.0,0.0,90,0.75,0.5,1.0
010_RC208,10,RC,1,5,OPTIMAL,48.0808,1,1,1,0,0,1.0,48.0808,0.0,0.0,90,0.75,0.5,1.0
010_RC208,10,RC,1,6,OPTIMAL,65.8515,1,1,1,0,0,1.0,65.8515,0.0,0.0,90,0.75,0.5,1.0
010_RC208,10,RC,1,7,OPTIMAL,62.743,1,1,1,0,0,1.0,62.743,0.0,0.0,90,0.75,0.5,1.0
010_RC208,10,RC,1,8,OPTIMAL,64.8339,1,1,1,0,0,1.0,64.8339,0.0,0.0,90,0.75,0.5,1.0
010_RC208,10,RC,1,9,OPTIMAL,48.0227,1,1,1,0,0,1.0,48.0227,0.0,0.0,90,0.75,0.5,1.0
010_RC208,10,RC,2,0,OPTIMAL,111.0575,2,2,2,0,0,1.0,111.0575,0.0,0.0,90,0.75,0.5,1.0
010_RC208,10,RC,2,1,OPTIMAL,48.5551,2,1,1,0,1,0.5,48.5497,0.0,0.0054,90,0.75,0.5,1.0
010_RC208,10,RC,2,2,OPTIMAL,120.2933,2,2,2,0,0,1.0,120.2933,0.0,0.0,90,0.75,0.5,1.0
010_RC208,10,RC,2,3,OPTIMAL,113.3557,2,2,2,0,0,1.0,113.3557,0.0,0.0,90,0.75,0.5,1.0
010_RC208,10,RC,2,4,OPTIMAL,110.006,2,2,1,1,0,1.0,110.006,0.0,0.0,90,0.75,0.5,1.0
010_RC208,10,RC,2,5,OPTIMAL,102.1448,2,2,2,0,0,1.0,102.1448,0.0,0.0,90,0.75,0.5,1.0
010_RC208,10,RC,2,6,OPTIMAL,114.5624,2,2,2,0,0,1.0,114.5624,0.0,0.0,90,0.75,0.5,1.0
010_RC208,10,RC,2,7,OPTIMAL,66.8071,2,1,1,0,1,0.5,57.7235,0.0,9.0836,90,0.75,0.5,1.0
010_RC208,10,RC,2,8,OPTIMAL,102.3351,2,2,2,0,0,1.0,102.3351,0.0,0.0,90,0.75,0.5,1.0
010_RC208,10,RC,2,9,OPTIMAL,97.7457,2,1,1,0,1,0.5,52.3141,0.0,45.4316,90,0.75,0.5,1.0
010_RC208,10,RC,3,0,OPTIMAL,115.6729,3,2,2,0,1,0.6667,115.6727,0.0,0.0002,90,0.75,0.5,1.0
010_RC208,10,RC,3,1,OPTIMAL,152.0726,3,3,3,0,0,1.0,152.0726,0.0,0.0,90,0.75,0.5,1.0
010_RC208,10,RC,3,2,OPTIMAL,179.4805,3,3,3,0,0,1.0,179.4805,0.0,0.0,90,0.75,0.5,1.0
010_RC208,10,RC,3,3,OPTIMAL,177.9153,3,3,3,0,0,1.0,177.9153,0.0,0.0,90,0.75,0.5,1.0
010_RC208,10,RC,3,4,OPTIMAL,108.007,3,1,1,0,2,0.3333,71.2068,0.0,36.8002,90,0.75,0.5,1.0
010_RC208,10,RC,3,5,OPTIMAL,120.5266,3,2,2,0,1,0.6667,111.7967,0.0,8.7299,90,0.75,0.5,1.0
010_RC208,10,RC,3,6,OPTIMAL,107.1325,3,2,1,1,1,0.6667,106.4448,0.0,0.6877,90,0.75,0.5,1.0
010_RC208,10,RC,3,7,OPTIMAL,150.0457,3,3,3,0,0,1.0,150.0457,0.0,0.0,90,0.75,0.5,1.0
010_RC208,10,RC,3,8,OPTIMAL,98.6661,3,2,2,0,1,0.6667,98.6485,0.0,0.0176,90,0.75,0.5,1.0
010_RC208,10,RC,3,9,OPTIMAL,152.7261,3,3,3,0,0,1.0,152.7261,0.0,0.0,90,0.75,0.5,1.0
015_C101,15,C,1,0,OPTIMAL,7.4157,1,0,0,0,1,0.0,0.0,0.0,7.4157,90,0.75,0.5,1.0
015_C101,15,C,1,1,OPTIMAL,26.713,1,1,1,0,0,1.0,26.713,0.0,0.0,90,0.75,0.5,1.0
015_C101,15,C,1,2,OPTIMAL,25.9411,1,1,1,0,0,1.0,25.9411,0.0,0.0,90,0.75,0.5,1.0
015_C101,15,C,1,3,OPTIMAL,11.2423,1,0,0,0,1,0.0,0.0,0.0,11.2423,90,0.75,0.5,1.0
015_C101,15,C,1,4,OPTIMAL,57.819,1,1,1,0,0,1.0,57.819,0.0,0.0,90,0.75,0.5,1.0
015_C101,15,C,1,5,OPTIMAL,8.0968,1,0,0,0,1,0.0,0.0,0.0,8.0968,90,0.75,0.5,1.0
015_C101,15,C,1,6,OPTIMAL,26.2364,1,1,1,0,0,1.0,26.2364,0.0,0.0,90,0.75,0.5,1.0
015_C101,15,C,1,7,OPTIMAL,0.0041,1,0,0,0,1,0.0,0.0,0.0,0.0041,90,0.75,0.5,1.0
015_C101,15,C,1,8,OPTIMAL,3.9999,1,0,0,0,1,0.0,0.0,0.0,3.9999,90,0.75,0.5,1.0
015_C101,15,C,1,9,OPTIMAL,23.7656,1,1,1,0,0,1.0,23.7656,0.0,0.0,90,0.75,0.5,1.0
015_C101,15,C,2,0,OPTIMAL,52.5449,2,2,2,0,0,1.0,52.5449,0.0,0.0,90,0.75,0.5,1.0
015_C101,15,C,2,1,OPTIMAL,27.3652,2,1,1,0,1,0.5,26.4516,0.0,0.9136,90,0.75,0.5,1.0
015_C101,15,C,2,2,OPTIMAL,14.4231,2,0,0,0,2,0.0,0.0,0.0,14.4231,90,0.75,0.5,1.0
015_C101,15,C,2,3,OPTIMAL,104.9007,2,2,2,0,0,1.0,104.9007,0.0,0.0,90,0.75,0.5,1.0
015_C101,15,C,2,4,OPTIMAL,10.7563,2,0,0,0,2,0.0,0.0,0.0,10.7563,90,0.75,0.5,1.0
015_C101,15,C,2,5,OPTIMAL,55.8892,2,2,2,0,0,1.0,55.8892,0.0,0.0,90,0.75,0.5,1.0
015_C101,15,C,2,6,OPTIMAL,77.2574,2,2,2,0,0,1.0,77.2574,0.0,0.0,90,0.75,0.5,1.0
015_C101,15,C,2,7,OPTIMAL,15.6235,2,0,0,0,2,0.0,0.0,0.0,15.6235,90,0.75,0.5,1.0
015_C101,15,C,2,8,OPTIMAL,42.9393,2,2,2,0,0,1.0,42.9393,0.0,0.0,90,0.75,0.5,1.0
015_C101,15,C,2,9,OPTIMAL,7.522,2,0,0,0,2,0.0,0.0,0.0,7.522,90,0.75,0.5,1.0
015_C101,15,C,3,0,OPTIMAL,119.6145,3,2,2,0,1,0.6667,110.9671,0.0,8.6474,90,0.75,0.5,1.0
015_C101,15,C,3,1,OPTIMAL,25.9833,3,1,1,0,2,0.3333,24.1589,0.0,1.8245,90,0.75,0.5,1.0
015_C101,15,C,3,2,OPTIMAL,102.759,3,3,3,0,0,1.0,102.759,0.0,0.0,90,0.75,0.5,1.0
015_C101,15,C,3,3,OPTIMAL,81.463,3,1,1,0,2,0.3333,31.3734,0.0,50.0896,90,0.75,0.5,1.0
015_C101,15,C,3,4,OPTIMAL,53.399,3,2,2,0,1,0.6667,48.687,0.0,4.712,90,0.75,0.5,1.0
015_C101,15,C,3,5,OPTIMAL,81.6889,3,2,2,0,1,0.6667,81.6806,0.0,0.0083,90,0.75,0.5,1.0
015_C101,15,C,3,6,OPTIMAL,6.7499,3,0,0,0,3,0.0,0.0,0.0,6.7499,90,0.75,0.5,1.0
015_C101,15,C,3,7,OPTIMAL,74.378,3,2,2,0,1,0.6667,74.1867,0.0,0.1913,90,0.75,0.5,1.0
015_C101,15,C,3,8,OPTIMAL,79.276,3,2,2,0,1,0.6667,78.8458,0.0,0.4301,90,0.75,0.5,1.0
015_C101,15,C,3,9,OPTIMAL,83.7385,3,2,2,0,1,0.6667,73.9508,0.0,9.7877,90,0.75,0.5,1.0
015_C102,15,C,1,0,OPTIMAL,7.4157,1,0,0,0,1,0.0,0.0,0.0,7.4157,90,0.75,0.5,1.0
015_C102,15,C,1,1,OPTIMAL,26.713,1,1,1,0,0,1.0,26.713,0.0,0.0,90,0.75,0.5,1.0
015_C102,15,C,1,2,OPTIMAL,25.9411,1,1,1,0,0,1.0,25.9411,0.0,0.0,90,0.75,0.5,1.0
015_C102,15,C,1,3,OPTIMAL,32.5075,1,1,1,0,0,1.0,32.5075,0.0,0.0,90,0.75,0.5,1.0
015_C102,15,C,1,4,OPTIMAL,57.819,1,1,1,0,0,1.0,57.819,0.0,0.0,90,0.75,0.5,1.0
015_C102,15,C,1,5,OPTIMAL,8.0968,1,0,0,0,1,0.0,0.0,0.0,8.0968,90,0.75,0.5,1.0
015_C102,15,C,1,6,OPTIMAL,26.2364,1,1,1,0,0,1.0,26.2364,0.0,0.0,90,0.75,0.5,1.0
015_C102,15,C,1,7,OPTIMAL,26.3078,1,1,0,1,0,1.0,26.3078,0.0,0.0,90,0.75,0.5,1.0
015_C102,15,C,1,8,OPTIMAL,7.9998,1,0,0,0,1,0.0,0.0,0.0,7.9998,90,0.75,0.5,1.0
015_C102,15,C,1,9,OPTIMAL,23.7656,1,1,1,0,0,1.0,23.7656,0.0,0.0,90,0.75,0.5,1.0
015_C102,15,C,2,0,OPTIMAL,52.5449,2,2,2,0,0,1.0,52.5449,0.0,0.0,90,0.75,0.5,1.0
015_C102,15,C,2,1,OPTIMAL,42.4079,2,2,1,1,0,1.0,42.4079,0.0,0.0,90,0.75,0.5,1.0
015_C102,15,C,2,2,OPTIMAL,37.2573,2,1,1,0,1,0.5,26.1794,0.0,11.0779,90,0.75,0.5,1.0
015_C102,15,C,2,3,OPTIMAL,104.9007,2,2,2,0,0,1.0,104.9007,0.0,0.0,90,0.75,0.5,1.0
015_C102,15,C,2,4,OPTIMAL,31.6093,2,1,1,0,1,0.5,27.3225,0.0,4.2867,90,0.75,0.5,1.0
015_C102,15,C,2,5,OPTIMAL,55.8892,2,2,2,0,0,1.0,55.8892,0.0,0.0,90,0.75,0.5,1.0
015_C102,15,C,2,6,OPTIMAL,77.2574,2,2,2,0,0,1.0,77.2574,0.0,0.0,90,0.75,0.5,1.0
015_C102,15,C,2,7,OPTIMAL,15.6235,2,0,0,0,2,0.0,0.0,0.0,15.6235,90,0.75,0.5,1.0
015_C102,15,C,2,8,OPTIMAL,42.9393,2,2,2,0,0,1.0,42.9393,0.0,0.0,90,0.75,0.5,1.0
015_C102,15,C,2,9,OPTIMAL,61.5524,2,2,2,0,0,1.0,61.5524,0.0,0.0,90,0.75,0.5,1.0
015_C102,15,C,3,0,OPTIMAL,119.6145,3,2,2,0,1,0.6667,110.9671,0.0,8.6474,90,0.75,0.5,1.0
015_C102,15,C,3,1,OPTIMAL,25.9833,3,1,1,0,2,0.3333,24.1589,0.0,1.8245,90,0.75,0.5,1.0
015_C102,15,C,3,2,OPTIMAL,102.759,3,3,3,0,0,1.0,102.759,0.0,0.0,90,0.75,0.5,1.0
015_C102,15,C,3,3,OPTIMAL,104.3783,3,3,3,0,0,1.0,104.3783,0.0,0.0,90,0.75,0.5,1.0
015_C102,15,C,3,4,OPTIMAL,74.7865,3,3,3,0,0,1.0,74.7865,0.0,0.0,90,0.75,0.5,1.0
015_C102,15,C,3,5,OPTIMAL,81.6889,3,2,2,0,1,0.6667,81.6806,0.0,0.0083,90,0.75,0.5,1.0
015_C102,15,C,3,6,OPTIMAL,34.8764,3,1,1,0,2,0.3333,25.8849,0.0,8.9914,90,0.75,0.5,1.0
015_C102,15,C,3,7,OPTIMAL,74.7987,3,2,2,0,1,0.6667,74.1867,0.0,0.612,90,0.75,0.5,1.0
015_C102,15,C,3,8,OPTIMAL,79.276,3,2,2,0,1,0.6667,78.8458,0.0,0.4301,90,0.75,0.5,1.0
015_C102,15,C,3,9,OPTIMAL,91.3023,3,2,2,0,1,0.6667,73.9508,0.0,17.3515,90,0.75,0.5,1.0
015_C103,15,C,1,0,OPTIMAL,55.6646,1,1,0,1,0,1.0,55.6646,0.0,0.0,90,0.75,0.5,1.0
015_C103,15,C,1,1,OPTIMAL,26.713,1,1,1,0,0,1.0,26.713,0.0,0.0,90,0.75,0.5,1.0
015_C103,15,C,1,2,OPTIMAL,25.9411,1,1,1,0,0,1.0,25.9411,0.0,0.0,90,0.75,0.5,1.0
015_C103,15,C,1,3,OPTIMAL,32.5075,1,1,1,0,0,1.0,32.5075,0.0,0.0,90,0.75,0.5,1.0
015_C103,15,C,1,4,OPTIMAL,57.819,1,1,1,0,0,1.0,57.819,0.0,0.0,90,0.75,0.5,1.0
015_C103,15,C,1,5,OPTIMAL,8.0968,1,0,0,0,1,0.0,0.0,0.0,8.0968,90,0.75,0.5,1.0
015_C103,15,C,1,6,OPTIMAL,26.2364,1,1,1,0,0,1.0,26.2364,0.0,0.0,90,0.75,0.5,1.0
015_C103,15,C,1,7,OPTIMAL,26.3078,1,1,0,1,0,1.0,26.3078,0.0,0.0,90,0.75,0.5,1.0
015_C103,15,C,1,8,OPTIMAL,26.3556,1,1,1,0,0,1.0,26.3556,0.0,0.0,90,0.75,0.5,1.0
015_C103,15,C,1,9,OPTIMAL,23.7656,1,1,1,0,0,1.0,23.7656,0.0,0.0,90,0.75,0.5,1.0
015_C103,15,C,2,0,OPTIMAL,52.5449,2,2,2,0,0,1.0,52.5449,0.0,0.0,90,0.75,0.5,1.0
015_C103,15,C,2,1,OPTIMAL,42.4079,2,2,1,1,0,1.0,42.4079,0.0,0.0,90,0.75,0.5,1.0
015_C103,15,C,2,2,OPTIMAL,37.2573,2,1,1,0,1,0.5,26.1794,0.0,11.0779,90,0.75,0.5,1.0
015_C103,15,C,2,3,OPTIMAL,104.9007,2,2,2,0,0,1.0,104.9007,0.0,0.0,90,0.75,0.5,1.0
015_C103,15,C,2,4,OPTIMAL,44.9092,2,2,1,1,0,1.0,44.9092,0.0,0.0,90,0.75,0.5,1.0
015_C103,15,C,2,5,OPTIMAL,55.8892,2,2,2,0,0,1.0,55.8892,0.0,0.0,90,0.75,0.5,1.0
015_C103,15,C,2,6,OPTIMAL,77.2574,2,2,2,0,0,1.0,77.2574,0.0,0.0,90,0.75,0.5,1.0
015_C103,15,C,2,7,OPTIMAL,15.6235,2,0,0,0,2,0.0,0.0,0.0,15.6235,90,0.75,0.5,1.0
015_C103,15,C,2,8,OPTIMAL,42.9393,2,2,2,0,0,1.0,42.9393,0.0,0.0,90,0.75,0.5,1.0
015_C103,15,C,2,9,OPTIMAL,61.5524,2,2,2,0,0,1.0,61.5524,0.0,0.0,90,0.75,0.5,1.0
015_C103,15,C,3,0,OPTIMAL,140.6088,3,3,2,1,0,1.0,140.6088,0.0,0.0,90,0.75,0.5,1.0
015_C103,15,C,3,1,OPTIMAL,25.9833,3,1,1,0,2,0.3333,24.1589,0.0,1.8245,90,0.75,0.5,1.0
015_C103,15,C,3,2,OPTIMAL,102.759,3,3,3,0,0,1.0,102.759,0.0,0.0,90,0.75,0.5,1.0
015_C103,15,C,3,3,OPTIMAL,104.3783,3,3,3,0,0,1.0,104.3783,0.0,0.0,90,0.75,0.5,1.0
015_C103,15,C,3,4,OPTIMAL,74.7865,3,3,3,0,0,1.0,74.7865,0.0,0.0,90,0.75,0.5,1.0
015_C103,15,C,3,5,OPTIMAL,81.6889,3,2,2,0,1,0.6667,81.6806,0.0,0.0083,90,0.75,0.5,1.0
015_C103,15,C,3,6,OPTIMAL,52.7811,3,2,2,0,1,0.6667,51.893,0.0,0.8881,90,0.75,0.5,1.0
015_C103,15,C,3,7,OPTIMAL,74.7987,3,2,2,0,1,0.6667,74.1867,0.0,0.612,90,0.75,0.5,1.0
015_C103,15,C,3,8,OPTIMAL,79.276,3,2,2,0,1,0.6667,78.8458,0.0,0.4301,90,0.75,0.5,1.0
015_C103,15,C,3,9,OPTIMAL,103.042,3,3,3,0,0,1.0,103.042,0.0,0.0,90,0.75,0.5,1.0
015_C104,15,C,1,0,OPTIMAL,55.6646,1,1,0,1,0,1.0,55.6646,0.0,0.0,90,0.75,0.5,1.0
015_C104,15,C,1,1,OPTIMAL,26.713,1,1,1,0,0,1.0,26.713,0.0,0.0,90,0.75,0.5,1.0
015_C104,15,C,1,2,OPTIMAL,25.9411,1,1,1,0,0,1.0,25.9411,0.0,0.0,90,0.75,0.5,1.0
015_C104,15,C,1,3,OPTIMAL,32.5075,1,1,1,0,0,1.0,32.5075,0.0,0.0,90,0.75,0.5,1.0
015_C104,15,C,1,4,OPTIMAL,57.819,1,1,1,0,0,1.0,57.819,0.0,0.0,90,0.75,0.5,1.0
015_C104,15,C,1,5,OPTIMAL,29.7817,1,1,1,0,0,1.0,29.7817,0.0,0.0,90,0.75,0.5,1.0
015_C104,15,C,1,6,OPTIMAL,26.2364,1,1,1,0,0,1.0,26.2364,0.0,0.0,90,0.75,0.5,1.0
015_C104,15,C,1,7,OPTIMAL,26.3078,1,1,1,0,0,1.0,26.3078,0.0,0.0,90,0.75,0.5,1.0
015_C104,15,C,1,8,OPTIMAL,26.3556,1,1,1,0,0,1.0,26.3556,0.0,0.0,90,0.75,0.5,1.0
015_C104,15,C,1,9,OPTIMAL,23.7656,1,1,1,0,0,1.0,23.7656,0.0,0.0,90,0.75,0.5,1.0
015_C104,15,C,2,0,OPTIMAL,52.5449,2,2,2,0,0,1.0,52.5449,0.0,0.0,90,0.75,0.5,1.0
015_C104,15,C,2,1,OPTIMAL,42.4079,2,2,2,0,0,1.0,42.4079,0.0,0.0,90,0.75,0.5,1.0
015_C104,15,C,2,2,OPTIMAL,61.3735,2,2,1,1,0,1.0,61.3735,0.0,0.0,90,0.75,0.5,1.0
015_C104,15,C,2,3,OPTIMAL,104.9007,2,2,2,0,0,1.0,104.9007,0.0,0.0,90,0.75,0.5,1.0
015_C104,15,C,2,4,OPTIMAL,44.9092,2,2,1,1,0,1.0,44.9092,0.0,0.0,90,0.75,0.5,1.0
015_C104,15,C,2,5,OPTIMAL,55.8892,2,2,2,0,0,1.0,55.8892,0.0,0.0,90,0.75,0.5,1.0
015_C104,15,C,2,6,OPTIMAL,77.2574,2,2,2,0,0,1.0,77.2574,0.0,0.0,90,0.75,0.5,1.0
015_C104,15,C,2,7,OPTIMAL,45.4686,2,2,0,2,0,1.0,45.4686,0.0,0.0,90,0.75,0.5,1.0
015_C104,15,C,2,8,OPTIMAL,42.9393,2,2,2,0,0,1.0,42.9393,0.0,0.0,90,0.75,0.5,1.0
015_C104,15,C,2,9,OPTIMAL,61.5524,2,2,2,0,0,1.0,61.5524,0.0,0.0,90,0.75,0.5,1.0
015_C104,15,C,3,0,OPTIMAL,140.6088,3,3,2,1,0,1.0,140.6088,0.0,0.0,90,0.75,0.5,1.0
015_C104,15,C,3,1,OPTIMAL,74.9059,3,3,2,1,0,1.0,74.9059,0.0,0.0,90,0.75,0.5,1.0
015_C104,15,C,3,2,OPTIMAL,102.759,3,3,3,0,0,1.0,102.759,0.0,0.0,90,0.75,0.5,1.0
015_C104,15,C,3,3,OPTIMAL,104.3783,3,3,3,0,0,1.0,104.3783,0.0,0.0,90,0.75,0.5,1.0
015_C104,15,C,3,4,OPTIMAL,74.7865,3,3,3,0,0,1.0,74.7865,0.0,0.0,90,0.75,0.5,1.0
015_C104,15,C,3,5,OPTIMAL,104.769,3,3,3,0,0,1.0,104.769,0.0,0.0,90,0.75,0.5,1.0
015_C104,15,C,3,6,OPTIMAL,54.0191,3,2,2,0,1,0.6667,51.893,0.0,2.1261,90,0.75,0.5,1.0
015_C104,15,C,3,7,OPTIMAL,74.7987,3,2,2,0,1,0.6667,74.1867,0.0,0.612,90,0.75,0.5,1.0
015_C104,15,C,3,8,OPTIMAL,79.276,3,2,2,0,1,0.6667,78.8458,0.0,0.4301,90,0.75,0.5,1.0
015_C104,15,C,3,9,OPTIMAL,103.042,3,3,3,0,0,1.0,103.042,0.0,0.0,90,0.75,0.5,1.0
015_C105,15,C,1,0,OPTIMAL,7.4157,1,0,0,0,1,0.0,0.0,0.0,7.4157,90,0.75,0.5,1.0
015_C105,15,C,1,1,OPTIMAL,26.713,1,1,1,0,0,1.0,26.713,0.0,0.0,90,0.75,0.5,1.0
015_C105,15,C,1,2,OPTIMAL,18.1824,1,0,0,0,1,0.0,0.0,0.0,18.1824,90,0.75,0.5,1.0
015_C105,15,C,1,3,OPTIMAL,32.5075,1,1,1,0,0,1.0,32.5075,0.0,0.0,90,0.75,0.5,1.0
015_C105,15,C,1,4,OPTIMAL,57.819,1,1,1,0,0,1.0,57.819,0.0,0.0,90,0.75,0.5,1.0
015_C105,15,C,1,5,OPTIMAL,8.0968,1,0,0,0,1,0.0,0.0,0.0,8.0968,90,0.75,0.5,1.0
015_C105,15,C,1,6,OPTIMAL,26.2364,1,1,1,0,0,1.0,26.2364,0.0,0.0,90,0.75,0.5,1.0
015_C105,15,C,1,7,OPTIMAL,0.0041,1,0,0,0,1,0.0,0.0,0.0,0.0041,90,0.75,0.5,1.0
015_C105,15,C,1,8,OPTIMAL,0.3259,1,0,0,0,1,0.0,0.0,0.0,0.3259,90,0.75,0.5,1.0
015_C105,15,C,1,9,OPTIMAL,23.7656,1,1,1,0,0,1.0,23.7656,0.0,0.0,90,0.75,0.5,1.0
015_C105,15,C,2,0,OPTIMAL,52.5449,2,2,2,0,0,1.0,52.5449,0.0,0.0,90,0.75,0.5,1.0
015_C105,15,C,2,1,OPTIMAL,38.8278,2,1,1,0,1,0.5,26.4516,0.0,12.3763,90,0.75,0.5,1.0
015_C105,15,C,2,2,OPTIMAL,13.7388,2,0,0,0,2,0.0,0.0,0.0,13.7388,90,0.75,0.5,1.0
015_C105,15,C,2,3,OPTIMAL,101.101,2,1,1,0,1,0.5,56.0394,0.0,45.0616,90,0.75,0.5,1.0
015_C105,15,C,2,4,OPTIMAL,10.7563,2,0,0,0,2,0.0,0.0,0.0,10.7563,90,0.75,0.5,1.0
015_C105,15,C,2,5,OPTIMAL,55.8892,2,2,2,0,0,1.0,55.8892,0.0,0.0,90,0.75,0.5,1.0
015_C105,15,C,2,6,OPTIMAL,77.2574,2,2,2,0,0,1.0,77.2574,0.0,0.0,90,0.75,0.5,1.0
015_C105,15,C,2,7,OPTIMAL,19.6734,2,1,0,1,1,0.5,14.7033,0.0,4.97,90,0.75,0.5,1.0
015_C105,15,C,2,8,OPTIMAL,42.9393,2,2,2,0,0,1.0,42.9393,0.0,0.0,90,0.75,0.5,1.0
015_C105,15,C,2,9,OPTIMAL,61.5524,2,2,2,0,0,1.0,61.5524,0.0,0.0,90,0.75,0.5,1.0
015_C105,15,C,3,0,OPTIMAL,140.6088,3,3,3,0,0,1.0,140.6088,0.0,0.0,90,0.75,0.5,1.0
015_C105,15,C,3,1,OPTIMAL,55.6139,3,2,2,0,1,0.6667,51.0694,0.0,4.5444,90,0.75,0.5,1.0
015_C105,15,C,3,2,OPTIMAL,88.8424,3,2,2,0,1,0.6667,44.5678,0.0,44.2746,90,0.75,0.5,1.0
015_C105,15,C,3,3,OPTIMAL,91.4133,3,2,2,0,1,0.6667,88.2327,0.0,3.1806,90,0.75,0.5,1.0
015_C105,15,C,3,4,OPTIMAL,53.399,3,2,2,0,1,0.6667,48.687,0.0,4.712,90,0.75,0.5,1.0
015_C105,15,C,3,5,OPTIMAL,67.7641,3,1,1,0,2,0.3333,28.9415,0.0,38.8226,90,0.75,0.5,1.0
015_C105,15,C,3,6,OPTIMAL,3.2559,3,0,0,0,3,0.0,0.0,0.0,3.2559,90,0.75,0.5,1.0
015_C105,15,C,3,7,OPTIMAL,74.378,3,2,2,0,1,0.6667,74.1867,0.0,0.1913,90,0.75,0.5,1.0
015_C105,15,C,3,8,OPTIMAL,100.7776,3,3,3,0,0,1.0,100.7776,0.0,0.0,90,0.75,0.5,1.0
015_C105,15,C,3,9,OPTIMAL,40.6377,3,0,0,0,3,0.0,0.0,0.0,40.6377,90,0.75,0.5,1.0
015_C106,15,C,1,0,OPTIMAL,7.4157,1,0,0,0,1,0.0,0.0,0.0,7.4157,90,0.75,0.5,1.0
015_C106,15,C,1,1,OPTIMAL,26.713,1,1,1,0,0,1.0,26.713,0.0,0.0,90,0.75,0.5,1.0
015_C106,15,C,1,2,OPTIMAL,5.6145,1,0,0,0,1,0.0,0.0,0.0,5.6145,90,0.75,0.5,1.0
015_C106,15,C,1,3,OPTIMAL,32.5075,1,1,1,0,0,1.0,32.5075,0.0,0.0,90,0.75,0.5,1.0
015_C106,15,C,1,4,OPTIMAL,57.819,1,1,1,0,0,1.0,57.819,0.0,0.0,90,0.75,0.5,1.0
015_C106,15,C,1,5,OPTIMAL,10.6426,1,0,0,0,1,0.0,0.0,0.0,10.6426,90,0.75,0.5,1.0
015_C106,15,C,1,6,OPTIMAL,26.2364,1,1,1,0,0,1.0,26.2364,0.0,0.0,90,0.75,0.5,1.0
015_C106,15,C,1,7,OPTIMAL,0.0041,1,0,0,0,1,0.0,0.0,0.0,0.0041,90,0.75,0.5,1.0
015_C106,15,C,1,8,OPTIMAL,0.3259,1,0,0,0,1,0.0,0.0,0.0,0.3259,90,0.75,0.5,1.0
015_C106,15,C,1,9,OPTIMAL,23.7656,1,1,1,0,0,1.0,23.7656,0.0,0.0,90,0.75,0.5,1.0
015_C106,15,C,2,0,OPTIMAL,52.5449,2,2,2,0,0,1.0,52.5449,0.0,0.0,90,0.75,0.5,1.0
015_C106,15,C,2,1,OPTIMAL,27.3652,2,1,1,0,1,0.5,26.4516,0.0,0.9136,90,0.75,0.5,1.0
015_C106,15,C,2,2,OPTIMAL,14.4231,2,0,0,0,2,0.0,0.0,0.0,14.4231,90,0.75,0.5,1.0
015_C106,15,C,2,3,OPTIMAL,104.9007,2,2,2,0,0,1.0,104.9007,0.0,0.0,90,0.75,0.5,1.0
015_C106,15,C,2,4,OPTIMAL,24.0562,2,1,1,0,1,0.5,17.5867,0.0,6.4695,90,0.75,0.5,1.0
015_C106,15,C,2,5,OPTIMAL,32.5411,2,1,1,0,1,0.5,29.6032,0.0,2.9379,90,0.75,0.5,1.0
015_C106,15,C,2,6,OPTIMAL,77.2574,2,2,2,0,0,1.0,77.2574,0.0,0.0,90,0.75,0.5,1.0
015_C106,15,C,2,7,OPTIMAL,15.6235,2,0,0,0,2,0.0,0.0,0.0,15.6235,90,0.75,0.5,1.0
015_C106,15,C,2,8,OPTIMAL,42.9393,2,2,2,0,0,1.0,42.9393,0.0,0.0,90,0.75,0.5,1.0
015_C106,15,C,2,9,OPTIMAL,31.161,2,1,0,1,1,0.5,30.5264,0.0,0.6346,90,0.75,0.5,1.0
015_C106,15,C,3,0,OPTIMAL,119.6145,3,2,2,0,1,0.6667,110.9671,0.0,8.6474,90,0.75,0.5,1.0
015_C106,15,C,3,1,OPTIMAL,55.6139,3,2,2,0,1,0.6667,51.0694,0.0,4.5444,90,0.75,0.5,1.0
015_C106,15,C,3,2,OPTIMAL,102.759,3,3,3,0,0,1.0,102.759,0.0,0.0,90,0.75,0.5,1.0
015_C106,15,C,3,3,OPTIMAL,94.4279,3,2,1,1,1,0.6667,47.519,0.0,46.9089,90,0.75,0.5,1.0
015_C106,15,C,3,4,OPTIMAL,73.7222,3,2,2,0,1,0.6667,48.687,0.0,25.0352,90,0.75,0.5,1.0
015_C106,15,C,3,5,OPTIMAL,67.7641,3,1,1,0,2,0.3333,28.9415,0.0,38.8226,90,0.75,0.5,1.0
015_C106,15,C,3,6,OPTIMAL,25.9821,3,1,0,1,2,0.3333,25.8849,0.0,0.0971,90,0.75,0.5,1.0
015_C106,15,C,3,7,OPTIMAL,74.378,3,2,2,0,1,0.6667,74.1867,0.0,0.1913,90,0.75,0.5,1.0
015_C106,15,C,3,8,OPTIMAL,79.276,3,2,2,0,1,0.6667,78.8458,0.0,0.4301,90,0.75,0.5,1.0
015_C106,15,C,3,9,OPTIMAL,67.7588,3,1,1,0,2,0.3333,30.8677,0.0,36.8911,90,0.75,0.5,1.0
015_C107,15,C,1,0,OPTIMAL,55.6646,1,1,1,0,0,1.0,55.6646,0.0,0.0,90,0.75,0.5,1.0
015_C107,15,C,1,1,OPTIMAL,26.713,1,1,1,0,0,1.0,26.713,0.0,0.0,90,0.75,0.5,1.0
015_C107,15,C,1,2,OPTIMAL,5.6145,1,0,0,0,1,0.0,0.0,0.0,5.6145,90,0.75,0.5,1.0
015_C107,15,C,1,3,OPTIMAL,11.4362,1,0,0,0,1,0.0,0.0,0.0,11.4362,90,0.75,0.5,1.0
015_C107,15,C,1,4,OPTIMAL,12.2665,1,0,0,0,1,0.0,0.0,0.0,12.2665,90,0.75,0.5,1.0
015_C107,15,C,1,5,OPTIMAL,8.0968,1,0,0,0,1,0.0,0.0,0.0,8.0968,90,0.75,0.5,1.0
015_C107,15,C,1,6,OPTIMAL,5.1069,1,0,0,0,1,0.0,0.0,0.0,5.1069,90,0.75,0.5,1.0
015_C107,15,C,1,7,OPTIMAL,26.3078,1,1,1,0,0,1.0,26.3078,0.0,0.0,90,0.75,0.5,1.0
015_C107,15,C,1,8,OPTIMAL,0.3259,1,0,0,0,1,0.0,0.0,0.0,0.3259,90,0.75,0.5,1.0
015_C107,15,C,1,9,OPTIMAL,23.7656,1,1,1,0,0,1.0,23.7656,0.0,0.0,90,0.75,0.5,1.0
015_C107,15,C,2,0,OPTIMAL,52.5449,2,2,2,0,0,1.0,52.5449,0.0,0.0,90,0.75,0.5,1.0
015_C107,15,C,2,1,OPTIMAL,28.3668,2,1,1,0,1,0.5,26.4516,0.0,1.9152,90,0.75,0.5,1.0
015_C107,15,C,2,2,OPTIMAL,37.8551,2,1,1,0,1,0.5,35.1941,0.0,2.661,90,0.75,0.5,1.0
015_C107,15,C,2,3,OPTIMAL,84.8719,2,0,0,0,2,0.0,0.0,0.0,84.8719,90,0.75,0.5,1.0
015_C107,15,C,2,4,OPTIMAL,44.9092,2,2,2,0,0,1.0,44.9092,0.0,0.0,90,0.75,0.5,1.0
015_C107,15,C,2,5,OPTIMAL,33.6159,2,1,1,0,1,0.5,26.2861,0.0,7.3298,90,0.75,0.5,1.0
015_C107,15,C,2,6,OPTIMAL,29.9013,2,1,0,1,1,0.5,28.2042,0.0,1.6971,90,0.75,0.5,1.0
015_C107,15,C,2,7,OPTIMAL,31.1487,2,1,1,0,1,0.5,30.7653,0.0,0.3834,90,0.75,0.5,1.0
015_C107,15,C,2,8,OPTIMAL,20.4802,2,1,1,0,1,0.5,16.9115,0.0,3.5688,90,0.75,0.5,1.0
015_C107,15,C,2,9,OPTIMAL,34.7877,2,1,1,0,1,0.5,30.5264,0.0,4.2613,90,0.75,0.5,1.0
015_C107,15,C,3,0,OPTIMAL,140.6088,3,3,3,0,0,1.0,140.6088,0.0,0.0,90,0.75,0.5,1.0
015_C107,15,C,3,1,OPTIMAL,25.5975,3,1,1,0,2,0.3333,24.1589,0.0,1.4386,90,0.75,0.5,1.0
015_C107,15,C,3,2,OPTIMAL,102.759,3,3,3,0,0,1.0,102.759,0.0,0.0,90,0.75,0.5,1.0
015_C107,15,C,3,3,OPTIMAL,91.4133,3,2,2,0,1,0.6667,88.2327,0.0,3.1806,90,0.75,0.5,1.0
015_C107,15,C,3,4,OPTIMAL,74.7865,3,3,3,0,0,1.0,74.7865,0.0,0.0,90,0.75,0.5,1.0
015_C107,15,C,3,5,OPTIMAL,82.3887,3,2,2,0,1,0.6667,81.6806,0.0,0.7081,90,0.75,0.5,1.0
015_C107,15,C,3,6,OPTIMAL,10.3693,3,0,0,0,3,0.0,0.0,0.0,10.3693,90,0.75,0.5,1.0
015_C107,15,C,3,7,OPTIMAL,64.7431,3,1,1,0,2,0.3333,27.2526,0.0,37.4905,90,0.75,0.5,1.0
015_C107,15,C,3,8,OPTIMAL,100.7776,3,3,3,0,0,1.0,100.7776,0.0,0.0,90,0.75,0.5,1.0
015_C107,15,C,3,9,OPTIMAL,79.84,3,2,2,0,1,0.6667,73.9508,0.0,5.8893,90,0.75,0.5,1.0
015_C108,15,C,1,0,OPTIMAL,55.6646,1,1,1,0,0,1.0,55.6646,0.0,0.0,90,0.75,0.5,1.0
015_C108,15,C,1,1,OPTIMAL,26.713,1,1,1,0,0,1.0,26.713,0.0,0.0,90,0.75,0.5,1.0
015_C108,15,C,1,2,OPTIMAL,8.0534,1,0,0,0,1,0.0,0.0,0.0,8.0534,90,0.75,0.5,1.0
015_C108,15,C,1,3,OPTIMAL,11.4362,1,0,0,0,1,0.0,0.0,0.0,11.4362,90,0.75,0.5,1.0
015_C108,15,C,1,4,OPTIMAL,57.819,1,1,0,1,0,1.0,57.819,0.0,0.0,90,0.75,0.5,1.0
015_C108,15,C,1,5,OPTIMAL,29.7817,1,1,1,0,0,1.0,29.7817,0.0,0.0,90,0.75,0.5,1.0
015_C108,15,C,1,6,OPTIMAL,1.3979,1,0,0,0,1,0.0,0.0,0.0,1.3979,90,0.75,0.5,1.0
015_C108,15,C,1,7,OPTIMAL,0.1583,1,0,0,0,1,0.0,0.0,0.0,0.1583,90,0.75,0.5,1.0
015_C108,15,C,1,8,OPTIMAL,3.1577,1,0,0,0,1,0.0,0.0,0.0,3.1577,90,0.75,0.5,1.0
015_C108,15,C,1,9,OPTIMAL,23.7656,1,1,1,0,0,1.0,23.7656,0.0,0.0,90,0.75,0.5,1.0
015_C108,15,C,2,0,OPTIMAL,52.5449,2,2,2,0,0,1.0,52.5449,0.0,0.0,90,0.75,0.5,1.0
015_C108,15,C,2,1,OPTIMAL,28.3668,2,1,1,0,1,0.5,26.4516,0.0,1.9152,90,0.75,0.5,1.0
015_C108,15,C,2,2,OPTIMAL,61.3735,2,2,1,1,0,1.0,61.3735,0.0,0.0,90,0.75,0.5,1.0
015_C108,15,C,2,3,OPTIMAL,94.3643,2,1,1,0,1,0.5,56.0394,0.0,38.3249,90,0.75,0.5,1.0
015_C108,15,C,2,4,OPTIMAL,23.5479,2,1,1,0,1,0.5,17.5867,0.0,5.9613,90,0.75,0.5,1.0
015_C108,15,C,2,5,OPTIMAL,55.8892,2,2,1,1,0,1.0,55.8892,0.0,0.0,90,0.75,0.5,1.0
015_C108,15,C,2,6,OPTIMAL,4.2704,2,0,0,0,2,0.0,0.0,0.0,4.2704,90,0.75,0.5,1.0
015_C108,15,C,2,7,OPTIMAL,31.1487,2,1,0,1,1,0.5,30.7653,0.0,0.3834,90,0.75,0.5,1.0
015_C108,15,C,2,8,OPTIMAL,20.4802,2,1,1,0,1,0.5,16.9115,0.0,3.5688,90,0.75,0.5,1.0
015_C108,15,C,2,9,OPTIMAL,34.7877,2,1,1,0,1,0.5,30.5264,0.0,4.2613,90,0.75,0.5,1.0
015_C108,15,C,3,0,OPTIMAL,140.6088,3,3,3,0,0,1.0,140.6088,0.0,0.0,90,0.75,0.5,1.0
015_C108,15,C,3,1,OPTIMAL,25.5975,3,1,1,0,2,0.3333,24.1589,0.0,1.4386,90,0.75,0.5,1.0
015_C108,15,C,3,2,OPTIMAL,102.759,3,3,3,0,0,1.0,102.759,0.0,0.0,90,0.75,0.5,1.0
015_C108,15,C,3,3,OPTIMAL,104.3783,3,3,3,0,0,1.0,104.3783,0.0,0.0,90,0.75,0.5,1.0
015_C108,15,C,3,4,OPTIMAL,74.7865,3,3,3,0,0,1.0,74.7865,0.0,0.0,90,0.75,0.5,1.0
015_C108,15,C,3,5,OPTIMAL,82.3887,3,2,2,0,1,0.6667,81.6806,0.0,0.7081,90,0.75,0.5,1.0
015_C108,15,C,3,6,OPTIMAL,30.5682,3,1,1,0,2,0.3333,25.8849,0.0,4.6833,90,0.75,0.5,1.0
015_C108,15,C,3,7,OPTIMAL,74.5694,3,2,2,0,1,0.6667,74.1867,0.0,0.3827,90,0.75,0.5,1.0
015_C108,15,C,3,8,OPTIMAL,73.7151,3,2,2,0,1,0.6667,71.6828,0.0,2.0324,90,0.75,0.5,1.0
015_C108,15,C,3,9,OPTIMAL,76.273,3,1,1,0,2,0.3333,30.8677,0.0,45.4053,90,0.75,0.5,1.0
015_C109,15,C,1,0,OPTIMAL,55.6646,1,1,1,0,0,1.0,55.6646,0.0,0.0,90,0.75,0.5,1.0
015_C109,15,C,1,1,OPTIMAL,26.713,1,1,1,0,0,1.0,26.713,0.0,0.0,90,0.75,0.5,1.0
015_C109,15,C,1,2,OPTIMAL,4.2697,1,0,0,0,1,0.0,0.0,0.0,4.2697,90,0.75,0.5,1.0
015_C109,15,C,1,3,OPTIMAL,8.4055,1,0,0,0,1,0.0,0.0,0.0,8.4055,90,0.75,0.5,1.0
015_C109,15,C,1,4,OPTIMAL,57.819,1,1,1,0,0,1.0,57.819,0.0,0.0,90,0.75,0.5,1.0
015_C109,15,C,1,5,OPTIMAL,6.9916,1,0,0,0,1,0.0,0.0,0.0,6.9916,90,0.75,0.5,1.0
015_C109,15,C,1,6,OPTIMAL,1.3979,1,0,0,0,1,0.0,0.0,0.0,1.3979,90,0.75,0.5,1.0
015_C109,15,C,1,7,OPTIMAL,26.3078,1,1,1,0,0,1.0,26.3078,0.0,0.0,90,0.75,0.5,1.0
015_C109,15,C,1,8,OPTIMAL,0.5779,1,0,0,0,1,0.0,0.0,0.0,0.5779,90,0.75,0.5,1.0
015_C109,15,C,1,9,OPTIMAL,23.7656,1,1,1,0,0,1.0,23.7656,0.0,0.0,90,0.75,0.5,1.0
015_C109,15,C,2,0,OPTIMAL,52.5449,2,2,2,0,0,1.0,52.5449,0.0,0.0,90,0.75,0.5,1.0
015_C109,15,C,2,1,OPTIMAL,42.4079,2,2,2,0,0,1.0,42.4079,0.0,0.0,90,0.75,0.5,1.0
015_C109,15,C,2,2,OPTIMAL,61.3735,2,2,2,0,0,1.0,61.3735,0.0,0.0,90,0.75,0.5,1.0
015_C109,15,C,2,3,OPTIMAL,104.9007,2,2,1,1,0,1.0,104.9007,0.0,0.0,90,0.75,0.5,1.0
015_C109,15,C,2,4,OPTIMAL,44.9092,2,2,2,0,0,1.0,44.9092,0.0,0.0,90,0.75,0.5,1.0
015_C109,15,C,2,5,OPTIMAL,55.8892,2,2,1,1,0,1.0,55.8892,0.0,0.0,90,0.75,0.5,1.0
015_C109,15,C,2,6,OPTIMAL,38.9818,2,0,0,0,2,0.0,0.0,0.0,38.9818,90,0.75,0.5,1.0
015_C109,15,C,2,7,OPTIMAL,45.4686,2,2,1,1,0,1.0,45.4686,0.0,0.0,90,0.75,0.5,1.0
015_C109,15,C,2,8,OPTIMAL,20.0515,2,1,1,0,1,0.5,16.9115,0.0,3.1401,90,0.75,0.5,1.0
015_C109,15,C,2,9,OPTIMAL,61.5524,2,2,2,0,0,1.0,61.5524,0.0,0.0,90,0.75,0.5,1.0
015_C109,15,C,3,0,OPTIMAL,140.6088,3,3,3,0,0,1.0,140.6088,0.0,0.0,90,0.75,0.5,1.0
015_C109,15,C,3,1,OPTIMAL,51.1095,3,2,1,1,1,0.6667,51.0694,0.0,0.04,90,0.75,0.5,1.0
015_C109,15,C,3,2,OPTIMAL,50.5392,3,2,2,0,1,0.6667,44.5678,0.0,5.9714,90,0.75,0.5,1.0
015_C109,15,C,3,3,OPTIMAL,104.3783,3,3,3,0,0,1.0,104.3783,0.0,0.0,90,0.75,0.5,1.0
015_C109,15,C,3,4,OPTIMAL,74.7865,3,3,3,0,0,1.0,74.7865,0.0,0.0,90,0.75,0.5,1.0
015_C109,15,C,3,5,OPTIMAL,32.3441,3,1,1,0,2,0.3333,28.9415,0.0,3.4026,90,0.75,0.5,1.0
015_C109,15,C,3,6,OPTIMAL,33.8522,3,1,1,0,2,0.3333,25.8849,0.0,7.9672,90,0.75,0.5,1.0
015_C109,15,C,3,7,OPTIMAL,75.0641,3,2,2,0,1,0.6667,74.1867,0.0,0.8774,90,0.75,0.5,1.0
015_C109,15,C,3,8,OPTIMAL,73.7151,3,2,2,0,1,0.6667,71.6828,0.0,2.0324,90,0.75,0.5,1.0
015_C109,15,C,3,9,OPTIMAL,78.7669,3,2,2,0,1,0.6667,73.9508,0.0,4.8161,90,0.75,0.5,1.0
015_C201,15,C,1,0,OPTIMAL,13.5346,1,1,1,0,0,1.0,13.5346,0.0,0.0,90,0.75,0.5,1.0
015_C201,15,C,1,1,OPTIMAL,44.2591,1,1,1,0,0,1.0,44.2591,0.0,0.0,90,0.75,0.5,1.0
015_C201,15,C,1,2,OPTIMAL,36.7587,1,1,1,0,0,1.0,36.7587,0.0,0.0,90,0.75,0.5,1.0
015_C201,15,C,1,3,OPTIMAL,33.9128,1,1,1,0,0,1.0,33.9128,0.0,0.0,90,0.75,0.5,1.0
015_C201,15,C,1,4,OPTIMAL,15.6285,1,1,0,1,0,1.0,15.6285,0.0,0.0,90,0.75,0.5,1.0
015_C201,15,C,1,5,OPTIMAL,56.9347,1,1,1,0,0,1.0,56.9347,0.0,0.0,90,0.75,0.5,1.0
015_C201,15,C,1,6,OPTIMAL,58.1161,1,1,1,0,0,1.0,58.1161,0.0,0.0,90,0.75,0.5,1.0
015_C201,15,C,1,7,OPTIMAL,37.3107,1,1,1,0,0,1.0,37.3107,0.0,0.0,90,0.75,0.5,1.0
015_C201,15,C,1,8,OPTIMAL,40.7295,1,1,1,0,0,1.0,40.7295,0.0,0.0,90,0.75,0.5,1.0
015_C201,15,C,1,9,OPTIMAL,30.6904,1,0,0,0,1,0.0,0.0,0.0,30.6904,90,0.75,0.5,1.0
015_C201,15,C,2,0,OPTIMAL,94.6524,2,2,1,1,0,1.0,94.6524,0.0,0.0,90,0.75,0.5,1.0
015_C201,15,C,2,1,OPTIMAL,98.8393,2,2,2,0,0,1.0,98.8393,0.0,0.0,90,0.75,0.5,1.0
015_C201,15,C,2,2,OPTIMAL,87.6558,2,2,2,0,0,1.0,87.6558,0.0,0.0,90,0.75,0.5,1.0
015_C201,15,C,2,3,OPTIMAL,97.9624,2,2,2,0,0,1.0,97.9624,0.0,0.0,90,0.75,0.5,1.0
015_C201,15,C,2,4,OPTIMAL,93.8395,2,1,1,0,1,0.5,50.4735,0.0,43.366,90,0.75,0.5,1.0
015_C201,15,C,2,5,OPTIMAL,74.5376,2,2,1,1,0,1.0,74.5376,0.0,0.0,90,0.75,0.5,1.0
015_C201,15,C,2,6,OPTIMAL,57.3642,2,1,1,0,1,0.5,30.5209,0.0,26.8434,90,0.75,0.5,1.0
015_C201,15,C,2,7,OPTIMAL,74.9534,2,2,2,0,0,1.0,74.9534,0.0,0.0,90,0.75,0.5,1.0
015_C201,15,C,2,8,OPTIMAL,38.8062,2,1,1,0,1,0.5,37.511,0.0,1.2952,90,0.75,0.5,1.0
015_C201,15,C,2,9,OPTIMAL,50.9521,2,2,2,0,0,1.0,50.9521,0.0,0.0,90,0.75,0.5,1.0
015_C201,15,C,3,0,OPTIMAL,149.1815,3,3,3,0,0,1.0,149.1815,0.0,0.0,90,0.75,0.5,1.0
015_C201,15,C,3,1,OPTIMAL,104.4693,3,3,3,0,0,1.0,104.4693,0.0,0.0,90,0.75,0.5,1.0
015_C201,15,C,3,2,OPTIMAL,155.7482,3,3,2,1,0,1.0,155.7482,0.0,0.0,90,0.75,0.5,1.0
015_C201,15,C,3,3,OPTIMAL,94.3977,3,3,2,1,0,1.0,94.3977,0.0,0.0,90,0.75,0.5,1.0
015_C201,15,C,3,4,OPTIMAL,106.0126,3,3,3,0,0,1.0,106.0126,0.0,0.0,90,0.75,0.5,1.0
015_C201,15,C,3,5,OPTIMAL,117.4985,3,3,3,0,0,1.0,117.4985,0.0,0.0,90,0.75,0.5,1.0
015_C201,15,C,3,6,OPTIMAL,87.8548,3,3,3,0,0,1.0,87.8548,0.0,0.0,90,0.75,0.5,1.0
015_C201,15,C,3,7,OPTIMAL,122.9365,3,3,3,0,0,1.0,122.9365,0.0,0.0,90,0.75,0.5,1.0
015_C201,15,C,3,8,OPTIMAL,61.442,3,1,1,0,2,0.3333,37.0107,0.0,24.4313,90,0.75,0.5,1.0
015_C201,15,C,3,9,OPTIMAL,125.8318,3,3,2,1,0,1.0,125.8318,0.0,0.0,90,0.75,0.5,1.0
015_C202,15,C,1,0,OPTIMAL,13.5346,1,1,1,0,0,1.0,13.5346,0.0,0.0,90,0.75,0.5,1.0
015_C202,15,C,1,1,OPTIMAL,44.2591,1,1,1,0,0,1.0,44.2591,0.0,0.0,90,0.75,0.5,1.0
015_C202,15,C,1,2,OPTIMAL,0.2023,1,0,0,0,1,0.0,0.0,0.0,0.2023,90,0.75,0.5,1.0
015_C202,15,C,1,3,OPTIMAL,33.9128,1,1,1,0,0,1.0,33.9128,0.0,0.0,90,0.75,0.5,1.0
015_C202,15,C,1,4,OPTIMAL,15.6285,1,1,0,1,0,1.0,15.6285,0.0,0.0,90,0.75,0.5,1.0
015_C202,15,C,1,5,OPTIMAL,56.9347,1,1,1,0,0,1.0,56.9347,0.0,0.0,90,0.75,0.5,1.0
015_C202,15,C,1,6,OPTIMAL,58.1161,1,1,1,0,0,1.0,58.1161,0.0,0.0,90,0.75,0.5,1.0
015_C202,15,C,1,7,OPTIMAL,37.3107,1,1,1,0,0,1.0,37.3107,0.0,0.0,90,0.75,0.5,1.0
015_C202,15,C,1,8,OPTIMAL,40.7295,1,1,1,0,0,1.0,40.7295,0.0,0.0,90,0.75,0.5,1.0
015_C202,15,C,1,9,OPTIMAL,12.4295,1,0,0,0,1,0.0,0.0,0.0,12.4295,90,0.75,0.5,1.0
015_C202,15,C,2,0,OPTIMAL,94.6524,2,2,1,1,0,1.0,94.6524,0.0,0.0,90,0.75,0.5,1.0
015_C202,15,C,2,1,OPTIMAL,98.8393,2,2,2,0,0,1.0,98.8393,0.0,0.0,90,0.75,0.5,1.0
015_C202,15,C,2,2,OPTIMAL,87.6558,2,2,2,0,0,1.0,87.6558,0.0,0.0,90,0.75,0.5,1.0
015_C202,15,C,2,3,OPTIMAL,97.9624,2,2,2,0,0,1.0,97.9624,0.0,0.0,90,0.75,0.5,1.0
015_C202,15,C,2,4,OPTIMAL,93.8395,2,1,1,0,1,0.5,50.4735,0.0,43.366,90,0.75,0.5,1.0
015_C202,15,C,2,5,OPTIMAL,74.5376,2,2,1,1,0,1.0,74.5376,0.0,0.0,90,0.75,0.5,1.0
015_C202,15,C,2,6,OPTIMAL,57.3642,2,1,1,0,1,0.5,30.5209,0.0,26.8434,90,0.75,0.5,1.0
015_C202,15,C,2,7,OPTIMAL,74.9534,2,2,2,0,0,1.0,74.9534,0.0,0.0,90,0.75,0.5,1.0
015_C202,15,C,2,8,OPTIMAL,68.8694,2,2,2,0,0,1.0,68.8694,0.0,0.0,90,0.75,0.5,1.0
015_C202,15,C,2,9,OPTIMAL,50.9521,2,2,2,0,0,1.0,50.9521,0.0,0.0,90,0.75,0.5,1.0
015_C202,15,C,3,0,OPTIMAL,149.1815,3,3,3,0,0,1.0,149.1815,0.0,0.0,90,0.75,0.5,1.0
015_C202,15,C,3,1,OPTIMAL,104.4693,3,3,3,0,0,1.0,104.4693,0.0,0.0,90,0.75,0.5,1.0
015_C202,15,C,3,2,OPTIMAL,106.2962,3,2,2,0,1,0.6667,106.228,0.0,0.0682,90,0.75,0.5,1.0
015_C202,15,C,3,3,OPTIMAL,94.3977,3,3,2,1,0,1.0,94.3977,0.0,0.0,90,0.75,0.5,1.0
015_C202,15,C,3,4,OPTIMAL,106.0126,3,3,3,0,0,1.0,106.0126,0.0,0.0,90,0.75,0.5,1.0
015_C202,15,C,3,5,OPTIMAL,94.4519,3,2,2,0,1,0.6667,79.0201,0.0,15.4317,90,0.75,0.5,1.0
015_C202,15,C,3,6,OPTIMAL,87.8548,3,3,3,0,0,1.0,87.8548,0.0,0.0,90,0.75,0.5,1.0
015_C202,15,C,3,7,OPTIMAL,122.9365,3,3,3,0,0,1.0,122.9365,0.0,0.0,90,0.75,0.5,1.0
015_C202,15,C,3,8,OPTIMAL,97.8643,3,2,2,0,1,0.6667,79.56,0.0,18.3044,90,0.75,0.5,1.0
015_C202,15,C,3,9,OPTIMAL,125.8318,3,3,2,1,0,1.0,125.8318,0.0,0.0,90,0.75,0.5,1.0
015_C203,15,C,1,0,OPTIMAL,13.5346,1,1,1,0,0,1.0,13.5346,0.0,0.0,90,0.75,0.5,1.0
015_C203,15,C,1,1,OPTIMAL,44.2591,1,1,1,0,0,1.0,44.2591,0.0,0.0,90,0.75,0.5,1.0
015_C203,15,C,1,2,OPTIMAL,36.7587,1,1,0,1,0,1.0,36.7587,0.0,0.0,90,0.75,0.5,1.0
015_C203,15,C,1,3,OPTIMAL,33.9128,1,1,1,0,0,1.0,33.9128,0.0,0.0,90,0.75,0.5,1.0
015_C203,15,C,1,4,OPTIMAL,15.6285,1,1,0,1,0,1.0,15.6285,0.0,0.0,90,0.75,0.5,1.0
015_C203,15,C,1,5,OPTIMAL,56.9347,1,1,1,0,0,1.0,56.9347,0.0,0.0,90,0.75,0.5,1.0
015_C203,15,C,1,6,OPTIMAL,58.1161,1,1,1,0,0,1.0,58.1161,0.0,0.0,90,0.75,0.5,1.0
015_C203,15,C,1,7,OPTIMAL,37.3107,1,1,1,0,0,1.0,37.3107,0.0,0.0,90,0.75,0.5,1.0
015_C203,15,C,1,8,OPTIMAL,40.7295,1,1,1,0,0,1.0,40.7295,0.0,0.0,90,0.75,0.5,1.0
015_C203,15,C,1,9,OPTIMAL,19.8717,1,0,0,0,1,0.0,0.0,0.0,19.8717,90,0.75,0.5,1.0
015_C203,15,C,2,0,OPTIMAL,94.6524,2,2,1,1,0,1.0,94.6524,0.0,0.0,90,0.75,0.5,1.0
015_C203,15,C,2,1,OPTIMAL,98.8393,2,2,2,0,0,1.0,98.8393,0.0,0.0,90,0.75,0.5,1.0
015_C203,15,C,2,2,OPTIMAL,87.6558,2,2,2,0,0,1.0,87.6558,0.0,0.0,90,0.75,0.5,1.0
015_C203,15,C,2,3,OPTIMAL,97.9624,2,2,2,0,0,1.0,97.9624,0.0,0.0,90,0.75,0.5,1.0
015_C203,15,C,2,4,OPTIMAL,93.8395,2,1,1,0,1,0.5,50.4735,0.0,43.366,90,0.75,0.5,1.0
015_C203,15,C,2,5,OPTIMAL,74.5376,2,2,1,1,0,1.0,74.5376,0.0,0.0,90,0.75,0.5,1.0
015_C203,15,C,2,6,OPTIMAL,57.3642,2,1,1,0,1,0.5,30.5209,0.0,26.8434,90,0.75,0.5,1.0
015_C203,15,C,2,7,OPTIMAL,74.9534,2,2,2,0,0,1.0,74.9534,0.0,0.0,90,0.75,0.5,1.0
015_C203,15,C,2,8,OPTIMAL,68.8694,2,2,2,0,0,1.0,68.8694,0.0,0.0,90,0.75,0.5,1.0
015_C203,15,C,2,9,OPTIMAL,50.9521,2,2,2,0,0,1.0,50.9521,0.0,0.0,90,0.75,0.5,1.0
015_C203,15,C,3,0,OPTIMAL,149.1815,3,3,3,0,0,1.0,149.1815,0.0,0.0,90,0.75,0.5,1.0
015_C203,15,C,3,1,OPTIMAL,104.4693,3,3,3,0,0,1.0,104.4693,0.0,0.0,90,0.75,0.5,1.0
015_C203,15,C,3,2,OPTIMAL,106.2962,3,2,2,0,1,0.6667,106.228,0.0,0.0682,90,0.75,0.5,1.0
015_C203,15,C,3,3,OPTIMAL,94.3977,3,3,2,1,0,1.0,94.3977,0.0,0.0,90,0.75,0.5,1.0
015_C203,15,C,3,4,OPTIMAL,106.0126,3,3,3,0,0,1.0,106.0126,0.0,0.0,90,0.75,0.5,1.0
015_C203,15,C,3,5,OPTIMAL,117.4985,3,3,2,1,0,1.0,117.4985,0.0,0.0,90,0.75,0.5,1.0
015_C203,15,C,3,6,OPTIMAL,87.8548,3,3,3,0,0,1.0,87.8548,0.0,0.0,90,0.75,0.5,1.0
015_C203,15,C,3,7,OPTIMAL,122.9365,3,3,3,0,0,1.0,122.9365,0.0,0.0,90,0.75,0.5,1.0
015_C203,15,C,3,8,OPTIMAL,120.6865,3,3,3,0,0,1.0,120.6865,0.0,0.0,90,0.75,0.5,1.0
015_C203,15,C,3,9,OPTIMAL,125.8318,3,3,2,1,0,1.0,125.8318,0.0,0.0,90,0.75,0.5,1.0
015_C204,15,C,1,0,OPTIMAL,13.5346,1,1,1,0,0,1.0,13.5346,0.0,0.0,90,0.75,0.5,1.0
015_C204,15,C,1,1,OPTIMAL,44.2591,1,1,1,0,0,1.0,44.2591,0.0,0.0,90,0.75,0.5,1.0
015_C204,15,C,1,2,OPTIMAL,36.7587,1,1,0,1,0,1.0,36.7587,0.0,0.0,90,0.75,0.5,1.0
015_C204,15,C,1,3,OPTIMAL,33.9128,1,1,1,0,0,1.0,33.9128,0.0,0.0,90,0.75,0.5,1.0
015_C204,15,C,1,4,OPTIMAL,15.6285,1,1,0,1,0,1.0,15.6285,0.0,0.0,90,0.75,0.5,1.0
015_C204,15,C,1,5,OPTIMAL,56.9347,1,1,1,0,0,1.0,56.9347,0.0,0.0,90,0.75,0.5,1.0
015_C204,15,C,1,6,OPTIMAL,58.1161,1,1,1,0,0,1.0,58.1161,0.0,0.0,90,0.75,0.5,1.0
015_C204,15,C,1,7,OPTIMAL,37.3107,1,1,1,0,0,1.0,37.3107,0.0,0.0,90,0.75,0.5,1.0
015_C204,15,C,1,8,OPTIMAL,40.7295,1,1,1,0,0,1.0,40.7295,0.0,0.0,90,0.75,0.5,1.0
015_C204,15,C,1,9,OPTIMAL,15.8974,1,0,0,0,1,0.0,0.0,0.0,15.8974,90,0.75,0.5,1.0
015_C204,15,C,2,0,OPTIMAL,94.6524,2,2,1,1,0,1.0,94.6524,0.0,0.0,90,0.75,0.5,1.0
015_C204,15,C,2,1,OPTIMAL,98.8393,2,2,2,0,0,1.0,98.8393,0.0,0.0,90,0.75,0.5,1.0
015_C204,15,C,2,2,OPTIMAL,87.6558,2,2,2,0,0,1.0,87.6558,0.0,0.0,90,0.75,0.5,1.0
015_C204,15,C,2,3,OPTIMAL,97.9624,2,2,2,0,0,1.0,97.9624,0.0,0.0,90,0.75,0.5,1.0
015_C204,15,C,2,4,OPTIMAL,108.1222,2,2,2,0,0,1.0,108.1222,0.0,0.0,90,0.75,0.5,1.0
015_C204,15,C,2,5,OPTIMAL,40.8955,2,1,1,0,1,0.5,40.8942,0.0,0.0013,90,0.75,0.5,1.0
015_C204,15,C,2,6,OPTIMAL,68.7304,2,2,2,0,0,1.0,68.7304,0.0,0.0,90,0.75,0.5,1.0
015_C204,15,C,2,7,OPTIMAL,74.9534,2,2,2,0,0,1.0,74.9534,0.0,0.0,90,0.75,0.5,1.0
015_C204,15,C,2,8,OPTIMAL,68.8694,2,2,2,0,0,1.0,68.8694,0.0,0.0,90,0.75,0.5,1.0
015_C204,15,C,2,9,OPTIMAL,50.9521,2,2,2,0,0,1.0,50.9521,0.0,0.0,90,0.75,0.5,1.0
015_C204,15,C,3,0,OPTIMAL,149.1815,3,3,3,0,0,1.0,149.1815,0.0,0.0,90,0.75,0.5,1.0
015_C204,15,C,3,1,OPTIMAL,104.4693,3,3,3,0,0,1.0,104.4693,0.0,0.0,90,0.75,0.5,1.0
015_C204,15,C,3,2,OPTIMAL,106.2962,3,2,2,0,1,0.6667,106.228,0.0,0.0682,90,0.75,0.5,1.0
015_C204,15,C,3,3,OPTIMAL,94.3977,3,3,2,1,0,1.0,94.3977,0.0,0.0,90,0.75,0.5,1.0
015_C204,15,C,3,4,OPTIMAL,106.0126,3,3,3,0,0,1.0,106.0126,0.0,0.0,90,0.75,0.5,1.0
015_C204,15,C,3,5,OPTIMAL,117.4985,3,3,2,1,0,1.0,117.4985,0.0,0.0,90,0.75,0.5,1.0
015_C204,15,C,3,6,OPTIMAL,87.8548,3,3,3,0,0,1.0,87.8548,0.0,0.0,90,0.75,0.5,1.0
015_C204,15,C,3,7,OPTIMAL,122.9365,3,3,3,0,0,1.0,122.9365,0.0,0.0,90,0.75,0.5,1.0
015_C204,15,C,3,8,OPTIMAL,120.6865,3,3,3,0,0,1.0,120.6865,0.0,0.0,90,0.75,0.5,1.0
015_C204,15,C,3,9,OPTIMAL,125.8318,3,3,2,1,0,1.0,125.8318,0.0,0.0,90,0.75,0.5,1.0
015_C205,15,C,1,0,OPTIMAL,13.5346,1,1,1,0,0,1.0,13.5346,0.0,0.0,90,0.75,0.5,1.0
015_C205,15,C,1,1,OPTIMAL,44.2591,1,1,1,0,0,1.0,44.2591,0.0,0.0,90,0.75,0.5,1.0
015_C205,15,C,1,2,OPTIMAL,36.7587,1,1,1,0,0,1.0,36.7587,0.0,0.0,90,0.75,0.5,1.0
015_C205,15,C,1,3,OPTIMAL,33.9128,1,1,1,0,0,1.0,33.9128,0.0,0.0,90,0.75,0.5,1.0
015_C205,15,C,1,4,OPTIMAL,15.6285,1,1,1,0,0,1.0,15.6285,0.0,0.0,90,0.75,0.5,1.0
015_C205,15,C,1,5,OPTIMAL,56.9347,1,1,1,0,0,1.0,56.9347,0.0,0.0,90,0.75,0.5,1.0
015_C205,15,C,1,6,OPTIMAL,58.1161,1,1,1,0,0,1.0,58.1161,0.0,0.0,90,0.75,0.5,1.0
015_C205,15,C,1,7,OPTIMAL,0.1908,1,0,0,0,1,0.0,0.0,0.0,0.1908,90,0.75,0.5,1.0
015_C205,15,C,1,8,OPTIMAL,40.7295,1,1,1,0,0,1.0,40.7295,0.0,0.0,90,0.75,0.5,1.0
015_C205,15,C,1,9,OPTIMAL,30.6904,1,0,0,0,1,0.0,0.0,0.0,30.6904,90,0.75,0.5,1.0
015_C205,15,C,2,0,OPTIMAL,94.6524,2,2,2,0,0,1.0,94.6524,0.0,0.0,90,0.75,0.5,1.0
015_C205,15,C,2,1,OPTIMAL,98.8393,2,2,2,0,0,1.0,98.8393,0.0,0.0,90,0.75,0.5,1.0
015_C205,15,C,2,2,OPTIMAL,60.1175,2,1,1,0,1,0.5,58.2803,0.0,1.8373,90,0.75,0.5,1.0
015_C205,15,C,2,3,OPTIMAL,97.9624,2,2,1,1,0,1.0,97.9624,0.0,0.0,90,0.75,0.5,1.0
015_C205,15,C,2,4,OPTIMAL,108.1222,2,2,2,0,0,1.0,108.1222,0.0,0.0,90,0.75,0.5,1.0
015_C205,15,C,2,5,OPTIMAL,74.5376,2,2,2,0,0,1.0,74.5376,0.0,0.0,90,0.75,0.5,1.0
015_C205,15,C,2,6,OPTIMAL,68.7304,2,2,2,0,0,1.0,68.7304,0.0,0.0,90,0.75,0.5,1.0
015_C205,15,C,2,7,OPTIMAL,74.9534,2,2,2,0,0,1.0,74.9534,0.0,0.0,90,0.75,0.5,1.0
015_C205,15,C,2,8,OPTIMAL,41.4222,2,1,1,0,1,0.5,37.511,0.0,3.9112,90,0.75,0.5,1.0
015_C205,15,C,2,9,OPTIMAL,50.9521,2,2,2,0,0,1.0,50.9521,0.0,0.0,90,0.75,0.5,1.0
015_C205,15,C,3,0,OPTIMAL,141.6148,3,2,2,0,1,0.6667,113.0706,0.0,28.5441,90,0.75,0.5,1.0
015_C205,15,C,3,1,OPTIMAL,104.4693,3,3,2,1,0,1.0,104.4693,0.0,0.0,90,0.75,0.5,1.0
015_C205,15,C,3,2,OPTIMAL,155.7482,3,3,3,0,0,1.0,155.7482,0.0,0.0,90,0.75,0.5,1.0
015_C205,15,C,3,3,OPTIMAL,59.1192,3,2,2,0,1,0.6667,52.9912,0.0,6.128,90,0.75,0.5,1.0
015_C205,15,C,3,4,OPTIMAL,79.1061,3,2,2,0,1,0.6667,78.3674,0.0,0.7387,90,0.75,0.5,1.0
015_C205,15,C,3,5,OPTIMAL,117.4985,3,3,2,1,0,1.0,117.4985,0.0,0.0,90,0.75,0.5,1.0
015_C205,15,C,3,6,OPTIMAL,87.8548,3,3,3,0,0,1.0,87.8548,0.0,0.0,90,0.75,0.5,1.0
015_C205,15,C,3,7,OPTIMAL,111.909,3,2,2,0,1,0.6667,84.1478,0.0,27.7613,90,0.75,0.5,1.0
015_C205,15,C,3,8,OPTIMAL,79.8369,3,2,2,0,1,0.6667,78.1373,0.0,1.6997,90,0.75,0.5,1.0
015_C205,15,C,3,9,OPTIMAL,107.6262,3,2,2,0,1,0.6667,95.7448,0.0,11.8814,90,0.75,0.5,1.0
015_C206,15,C,1,0,OPTIMAL,13.5346,1,1,1,0,0,1.0,13.5346,0.0,0.0,90,0.75,0.5,1.0
015_C206,15,C,1,1,OPTIMAL,38.779,1,0,0,0,1,0.0,0.0,0.0,38.779,90,0.75,0.5,1.0
015_C206,15,C,1,2,OPTIMAL,36.7587,1,1,1,0,0,1.0,36.7587,0.0,0.0,90,0.75,0.5,1.0
015_C206,15,C,1,3,OPTIMAL,33.9128,1,1,1,0,0,1.0,33.9128,0.0,0.0,90,0.75,0.5,1.0
015_C206,15,C,1,4,OPTIMAL,15.6285,1,1,1,0,0,1.0,15.6285,0.0,0.0,90,0.75,0.5,1.0
015_C206,15,C,1,5,OPTIMAL,56.9347,1,1,1,0,0,1.0,56.9347,0.0,0.0,90,0.75,0.5,1.0
015_C206,15,C,1,6,OPTIMAL,58.1161,1,1,1,0,0,1.0,58.1161,0.0,0.0,90,0.75,0.5,1.0
015_C206,15,C,1,7,OPTIMAL,37.3107,1,1,1,0,0,1.0,37.3107,0.0,0.0,90,0.75,0.5,1.0
015_C206,15,C,1,8,OPTIMAL,40.7295,1,1,1,0,0,1.0,40.7295,0.0,0.0,90,0.75,0.5,1.0
015_C206,15,C,1,9,OPTIMAL,19.4621,1,0,0,0,1,0.0,0.0,0.0,19.4621,90,0.75,0.5,1.0
015_C206,15,C,2,0,OPTIMAL,94.6524,2,2,2,0,0,1.0,94.6524,0.0,0.0,90,0.75,0.5,1.0
015_C206,15,C,2,1,OPTIMAL,98.8393,2,2,2,0,0,1.0,98.8393,0.0,0.0,90,0.75,0.5,1.0
015_C206,15,C,2,2,OPTIMAL,60.1175,2,1,1,0,1,0.5,58.2803,0.0,1.8373,90,0.75,0.5,1.0
015_C206,15,C,2,3,OPTIMAL,97.9624,2,2,2,0,0,1.0,97.9624,0.0,0.0,90,0.75,0.5,1.0
015_C206,15,C,2,4,OPTIMAL,108.1222,2,2,2,0,0,1.0,108.1222,0.0,0.0,90,0.75,0.5,1.0
015_C206,15,C,2,5,OPTIMAL,41.9964,2,1,1,0,1,0.5,40.8942,0.0,1.1021,90,0.75,0.5,1.0
015_C206,15,C,2,6,OPTIMAL,68.7304,2,2,2,0,0,1.0,68.7304,0.0,0.0,90,0.75,0.5,1.0
015_C206,15,C,2,7,OPTIMAL,74.9534,2,2,2,0,0,1.0,74.9534,0.0,0.0,90,0.75,0.5,1.0
015_C206,15,C,2,8,OPTIMAL,68.8694,2,2,2,0,0,1.0,68.8694,0.0,0.0,90,0.75,0.5,1.0
015_C206,15,C,2,9,OPTIMAL,26.2762,2,1,1,0,1,0.5,21.5888,0.0,4.6874,90,0.75,0.5,1.0
015_C206,15,C,3,0,OPTIMAL,149.1815,3,3,3,0,0,1.0,149.1815,0.0,0.0,90,0.75,0.5,1.0
015_C206,15,C,3,1,OPTIMAL,104.4693,3,3,3,0,0,1.0,104.4693,0.0,0.0,90,0.75,0.5,1.0
015_C206,15,C,3,2,OPTIMAL,155.7482,3,3,3,0,0,1.0,155.7482,0.0,0.0,90,0.75,0.5,1.0
015_C206,15,C,3,3,OPTIMAL,59.1192,3,2,2,0,1,0.6667,52.9912,0.0,6.128,90,0.75,0.5,1.0
015_C206,15,C,3,4,OPTIMAL,106.0126,3,3,3,0,0,1.0,106.0126,0.0,0.0,90,0.75,0.5,1.0
015_C206,15,C,3,5,OPTIMAL,117.4985,3,3,3,0,0,1.0,117.4985,0.0,0.0,90,0.75,0.5,1.0
015_C206,15,C,3,6,OPTIMAL,87.8548,3,3,3,0,0,1.0,87.8548,0.0,0.0,90,0.75,0.5,1.0
015_C206,15,C,3,7,OPTIMAL,118.6588,3,2,2,0,1,0.6667,81.0261,0.0,37.6326,90,0.75,0.5,1.0
015_C206,15,C,3,8,OPTIMAL,120.6865,3,3,3,0,0,1.0,120.6865,0.0,0.0,90,0.75,0.5,1.0
015_C206,15,C,3,9,OPTIMAL,125.8318,3,3,3,0,0,1.0,125.8318,0.0,0.0,90,0.75,0.5,1.0
015_C207,15,C,1,0,OPTIMAL,13.5346,1,1,1,0,0,1.0,13.5346,0.0,0.0,90,0.75,0.5,1.0
015_C207,15,C,1,1,OPTIMAL,44.2591,1,1,1,0,0,1.0,44.2591,0.0,0.0,90,0.75,0.5,1.0
015_C207,15,C,1,2,OPTIMAL,36.7587,1,1,1,0,0,1.0,36.7587,0.0,0.0,90,0.75,0.5,1.0
015_C207,15,C,1,3,OPTIMAL,33.9128,1,1,1,0,0,1.0,33.9128,0.0,0.0,90,0.75,0.5,1.0
015_C207,15,C,1,4,OPTIMAL,9.632,1,0,0,0,1,0.0,0.0,0.0,9.632,90,0.75,0.5,1.0
015_C207,15,C,1,5,OPTIMAL,56.9347,1,1,1,0,0,1.0,56.9347,0.0,0.0,90,0.75,0.5,1.0
015_C207,15,C,1,6,OPTIMAL,58.1161,1,1,1,0,0,1.0,58.1161,0.0,0.0,90,0.75,0.5,1.0
015_C207,15,C,1,7,OPTIMAL,37.3107,1,1,1,0,0,1.0,37.3107,0.0,0.0,90,0.75,0.5,1.0
015_C207,15,C,1,8,OPTIMAL,40.7295,1,1,1,0,0,1.0,40.7295,0.0,0.0,90,0.75,0.5,1.0
015_C207,15,C,1,9,OPTIMAL,30.6904,1,0,0,0,1,0.0,0.0,0.0,30.6904,90,0.75,0.5,1.0
015_C207,15,C,2,0,OPTIMAL,94.6524,2,2,2,0,0,1.0,94.6524,0.0,0.0,90,0.75,0.5,1.0
015_C207,15,C,2,1,OPTIMAL,98.8393,2,2,1,1,0,1.0,98.8393,0.0,0.0,90,0.75,0.5,1.0
015_C207,15,C,2,2,OPTIMAL,64.0545,2,1,1,0,1,0.5,58.2803,0.0,5.7742,90,0.75,0.5,1.0
015_C207,15,C,2,3,OPTIMAL,97.9624,2,2,2,0,0,1.0,97.9624,0.0,0.0,90,0.75,0.5,1.0
015_C207,15,C,2,4,OPTIMAL,108.1222,2,2,2,0,0,1.0,108.1222,0.0,0.0,90,0.75,0.5,1.0
015_C207,15,C,2,5,OPTIMAL,74.5376,2,2,2,0,0,1.0,74.5376,0.0,0.0,90,0.75,0.5,1.0
015_C207,15,C,2,6,OPTIMAL,68.7304,2,2,2,0,0,1.0,68.7304,0.0,0.0,90,0.75,0.5,1.0
015_C207,15,C,2,7,OPTIMAL,74.9534,2,2,2,0,0,1.0,74.9534,0.0,0.0,90,0.75,0.5,1.0
015_C207,15,C,2,8,OPTIMAL,68.8694,2,2,1,1,0,1.0,68.8694,0.0,0.0,90,0.75,0.5,1.0
015_C207,15,C,2,9,OPTIMAL,50.9521,2,2,2,0,0,1.0,50.9521,0.0,0.0,90,0.75,0.5,1.0
015_C207,15,C,3,0,OPTIMAL,149.1815,3,3,2,1,0,1.0,149.1815,0.0,0.0,90,0.75,0.5,1.0
015_C207,15,C,3,1,OPTIMAL,104.4693,3,3,3,0,0,1.0,104.4693,0.0,0.0,90,0.75,0.5,1.0
015_C207,15,C,3,2,OPTIMAL,155.7482,3,3,3,0,0,1.0,155.7482,0.0,0.0,90,0.75,0.5,1.0
015_C207,15,C,3,3,OPTIMAL,94.3977,3,3,3,0,0,1.0,94.3977,0.0,0.0,90,0.75,0.5,1.0
015_C207,15,C,3,4,OPTIMAL,106.0126,3,3,3,0,0,1.0,106.0126,0.0,0.0,90,0.75,0.5,1.0
015_C207,15,C,3,5,OPTIMAL,117.4985,3,3,3,0,0,1.0,117.4985,0.0,0.0,90,0.75,0.5,1.0
015_C207,15,C,3,6,OPTIMAL,87.8548,3,3,3,0,0,1.0,87.8548,0.0,0.0,90,0.75,0.5,1.0
015_C207,15,C,3,7,OPTIMAL,122.9365,3,3,3,0,0,1.0,122.9365,0.0,0.0,90,0.75,0.5,1.0
015_C207,15,C,3,8,OPTIMAL,117.8979,3,2,2,0,1,0.6667,79.56,0.0,38.3379,90,0.75,0.5,1.0
015_C207,15,C,3,9,OPTIMAL,36.3676,3,1,1,0,2,0.3333,30.087,0.0,6.2807,90,0.75,0.5,1.0
015_C208,15,C,1,0,OPTIMAL,13.5346,1,1,1,0,0,1.0,13.5346,0.0,0.0,90,0.75,0.5,1.0
015_C208,15,C,1,1,OPTIMAL,40.8625,1,0,0,0,1,0.0,0.0,0.0,40.8625,90,0.75,0.5,1.0
015_C208,15,C,1,2,OPTIMAL,7.1707,1,0,0,0,1,0.0,0.0,0.0,7.1707,90,0.75,0.5,1.0
015_C208,15,C,1,3,OPTIMAL,33.9128,1,1,1,0,0,1.0,33.9128,0.0,0.0,90,0.75,0.5,1.0
015_C208,15,C,1,4,OPTIMAL,15.6285,1,1,1,0,0,1.0,15.6285,0.0,0.0,90,0.75,0.5,1.0
015_C208,15,C,1,5,OPTIMAL,56.9347,1,1,1,0,0,1.0,56.9347,0.0,0.0,90,0.75,0.5,1.0
015_C208,15,C,1,6,OPTIMAL,58.1161,1,1,1,0,0,1.0,58.1161,0.0,0.0,90,0.75,0.5,1.0
015_C208,15,C,1,7,OPTIMAL,37.3107,1,1,1,0,0,1.0,37.3107,0.0,0.0,90,0.75,0.5,1.0
015_C208,15,C,1,8,OPTIMAL,40.7295,1,1,1,0,0,1.0,40.7295,0.0,0.0,90,0.75,0.5,1.0
015_C208,15,C,1,9,OPTIMAL,30.6904,1,0,0,0,1,0.0,0.0,0.0,30.6904,90,0.75,0.5,1.0
015_C208,15,C,2,0,OPTIMAL,94.6524,2,2,2,0,0,1.0,94.6524,0.0,0.0,90,0.75,0.5,1.0
015_C208,15,C,2,1,OPTIMAL,89.8267,2,1,1,0,1,0.5,58.6561,0.0,31.1705,90,0.75,0.5,1.0
015_C208,15,C,2,2,OPTIMAL,87.6558,2,2,2,0,0,1.0,87.6558,0.0,0.0,90,0.75,0.5,1.0
015_C208,15,C,2,3,OPTIMAL,97.9624,2,2,2,0,0,1.0,97.9624,0.0,0.0,90,0.75,0.5,1.0
015_C208,15,C,2,4,OPTIMAL,108.1222,2,2,2,0,0,1.0,108.1222,0.0,0.0,90,0.75,0.5,1.0
015_C208,15,C,2,5,OPTIMAL,41.9964,2,1,1,0,1,0.5,40.8942,0.0,1.1021,90,0.75,0.5,1.0
015_C208,15,C,2,6,OPTIMAL,68.7304,2,2,2,0,0,1.0,68.7304,0.0,0.0,90,0.75,0.5,1.0
015_C208,15,C,2,7,OPTIMAL,33.2807,2,1,1,0,1,0.5,33.0199,0.0,0.2609,90,0.75,0.5,1.0
015_C208,15,C,2,8,OPTIMAL,68.8694,2,2,2,0,0,1.0,68.8694,0.0,0.0,90,0.75,0.5,1.0
015_C208,15,C,2,9,OPTIMAL,29.6929,2,1,1,0,1,0.5,21.5888,0.0,8.1041,90,0.75,0.5,1.0
015_C208,15,C,3,0,OPTIMAL,149.1815,3,3,3,0,0,1.0,149.1815,0.0,0.0,90,0.75,0.5,1.0
015_C208,15,C,3,1,OPTIMAL,104.4693,3,3,3,0,0,1.0,104.4693,0.0,0.0,90,0.75,0.5,1.0
015_C208,15,C,3,2,OPTIMAL,155.7482,3,3,3,0,0,1.0,155.7482,0.0,0.0,90,0.75,0.5,1.0
015_C208,15,C,3,3,OPTIMAL,94.3977,3,3,3,0,0,1.0,94.3977,0.0,0.0,90,0.75,0.5,1.0
015_C208,15,C,3,4,OPTIMAL,106.0126,3,3,3,0,0,1.0,106.0126,0.0,0.0,90,0.75,0.5,1.0
015_C208,15,C,3,5,OPTIMAL,61.9463,3,1,1,0,2,0.3333,34.5442,0.0,27.4021,90,0.75,0.5,1.0
015_C208,15,C,3,6,OPTIMAL,64.8494,3,2,2,0,1,0.6667,57.1285,0.0,7.7209,90,0.75,0.5,1.0
015_C208,15,C,3,7,OPTIMAL,122.9365,3,3,2,1,0,1.0,122.9365,0.0,0.0,90,0.75,0.5,1.0
015_C208,15,C,3,8,OPTIMAL,120.6865,3,3,3,0,0,1.0,120.6865,0.0,0.0,90,0.75,0.5,1.0
015_C208,15,C,3,9,OPTIMAL,125.8318,3,3,3,0,0,1.0,125.8318,0.0,0.0,90,0.75,0.5,1.0
015_R101,15,R,1,0,OPTIMAL,6.1338,1,0,0,0,1,0.0,0.0,0.0,6.1338,90,0.75,0.5,1.0
015_R101,15,R,1,1,OPTIMAL,4.1611,1,0,0,0,1,0.0,0.0,0.0,4.1611,90,0.75,0.5,1.0
015_R101,15,R,1,2,OPTIMAL,0.2304,1,0,0,0,1,0.0,0.0,0.0,0.2304,90,0.75,0.5,1.0
015_R101,15,R,1,3,OPTIMAL,33.408,1,0,0,0,1,0.0,0.0,0.0,33.408,90,0.75,0.5,1.0
015_R101,15,R,1,4,OPTIMAL,7.7316,1,0,0,0,1,0.0,0.0,0.0,7.7316,90,0.75,0.5,1.0
015_R101,15,R,1,5,OPTIMAL,17.5761,1,0,0,0,1,0.0,0.0,0.0,17.5761,90,0.75,0.5,1.0
015_R101,15,R,1,6,OPTIMAL,11.9608,1,0,0,0,1,0.0,0.0,0.0,11.9608,90,0.75,0.5,1.0
015_R101,15,R,1,7,OPTIMAL,3.2438,1,0,0,0,1,0.0,0.0,0.0,3.2438,90,0.75,0.5,1.0
015_R101,15,R,1,8,OPTIMAL,49.7504,1,1,1,0,0,1.0,49.7504,0.0,0.0,90,0.75,0.5,1.0
015_R101,15,R,1,9,OPTIMAL,34.3656,1,0,0,0,1,0.0,0.0,1.8389,32.5268,90,0.75,0.5,1.0
015_R101,15,R,2,0,OPTIMAL,8.8225,2,0,0,0,2,0.0,0.0,0.0,8.8225,90,0.75,0.5,1.0
015_R101,15,R,2,1,OPTIMAL,1.2725,2,0,0,0,2,0.0,0.0,0.0,1.2725,90,0.75,0.5,1.0
015_R101,15,R,2,2,OPTIMAL,52.742,2,1,0,1,1,0.5,44.709,0.0,8.0329,90,0.75,0.5,1.0
015_R101,15,R,2,3,OPTIMAL,4.9802,2,0,0,0,2,0.0,0.0,0.0,4.9802,90,0.75,0.5,1.0
015_R101,15,R,2,4,OPTIMAL,5.4688,2,0,0,0,2,0.0,0.0,0.0,5.4688,90,0.75,0.5,1.0
015_R101,15,R,2,5,OPTIMAL,86.1293,2,2,1,1,0,1.0,86.1293,0.0,0.0,90,0.75,0.5,1.0
015_R101,15,R,2,6,OPTIMAL,46.6929,2,0,0,0,2,0.0,0.0,0.0,46.6929,90,0.75,0.5,1.0
015_R101,15,R,2,7,OPTIMAL,93.1963,2,1,1,0,1,0.5,47.2625,0.0,45.9338,90,0.75,0.5,1.0
015_R101,15,R,2,8,OPTIMAL,16.1944,2,0,0,0,2,0.0,0.0,0.0,16.1944,90,0.75,0.5,1.0
015_R101,15,R,2,9,OPTIMAL,45.1827,2,1,0,1,1,0.5,42.4146,0.0,2.7681,90,0.75,0.5,1.0
015_R101,15,R,3,0,OPTIMAL,22.6013,3,0,0,0,3,0.0,0.0,0.0,22.6013,90,0.75,0.5,1.0
015_R101,15,R,3,1,OPTIMAL,4.3805,3,0,0,0,3,0.0,0.0,0.0,4.3805,90,0.75,0.5,1.0
015_R101,15,R,3,2,OPTIMAL,25.6748,3,0,0,0,3,0.0,0.0,0.0,25.6748,90,0.75,0.5,1.0
015_R101,15,R,3,3,OPTIMAL,16.7221,3,0,0,0,3,0.0,0.0,0.0,16.7221,90,0.75,0.5,1.0
015_R101,15,R,3,4,OPTIMAL,9.2298,3,0,0,0,3,0.0,0.0,0.0,9.2298,90,0.75,0.5,1.0
015_R101,15,R,3,5,OPTIMAL,15.5243,3,0,0,0,3,0.0,0.0,0.0,15.5243,90,0.75,0.5,1.0
015_R101,15,R,3,6,OPTIMAL,50.5669,3,0,0,0,3,0.0,0.0,0.659,49.9079,90,0.75,0.5,1.0
015_R101,15,R,3,7,OPTIMAL,43.3271,3,1,0,1,2,0.3333,42.9414,0.0,0.3857,90,0.75,0.5,1.0
015_R101,15,R,3,8,OPTIMAL,75.3924,3,1,0,1,2,0.3333,40.3528,0.0,35.0396,90,0.75,0.5,1.0
015_R101,15,R,3,9,OPTIMAL,43.7662,3,0,0,0,3,0.0,0.0,0.0,43.7662,90,0.75,0.5,1.0
015_R102,15,R,1,0,OPTIMAL,0.0181,1,0,0,0,1,0.0,0.0,0.0,0.0181,90,0.75,0.5,1.0
015_R102,15,R,1,1,OPTIMAL,4.1611,1,0,0,0,1,0.0,0.0,0.0,4.1611,90,0.75,0.5,1.0
015_R102,15,R,1,2,OPTIMAL,19.6093,1,1,0,1,0,1.0,19.6093,0.0,0.0,90,0.75,0.5,1.0
015_R102,15,R,1,3,OPTIMAL,33.408,1,0,0,0,1,0.0,0.0,0.0,33.408,90,0.75,0.5,1.0
015_R102,15,R,1,4,OPTIMAL,3.8658,1,0,0,0,1,0.0,0.0,0.0,3.8658,90,0.75,0.5,1.0
015_R102,15,R,1,5,OPTIMAL,17.5761,1,0,0,0,1,0.0,0.0,0.0,17.5761,90,0.75,0.5,1.0
015_R102,15,R,1,6,OPTIMAL,5.9804,1,0,0,0,1,0.0,0.0,0.0,5.9804,90,0.75,0.5,1.0
015_R102,15,R,1,7,OPTIMAL,3.2438,1,0,0,0,1,0.0,0.0,0.0,3.2438,90,0.75,0.5,1.0
015_R102,15,R,1,8,OPTIMAL,27.203,1,0,0,0,1,0.0,0.0,0.0,27.203,90,0.75,0.5,1.0
015_R102,15,R,1,9,OPTIMAL,18.7794,1,0,0,0,1,0.0,0.0,0.0,18.7794,90,0.75,0.5,1.0
015_R102,15,R,2,0,OPTIMAL,8.5026,2,0,0,0,2,0.0,0.0,0.0,8.5026,90,0.75,0.5,1.0
015_R102,15,R,2,1,OPTIMAL,1.2725,2,0,0,0,2,0.0,0.0,0.0,1.2725,90,0.75,0.5,1.0
015_R102,15,R,2,2,OPTIMAL,52.742,2,1,0,1,1,0.5,44.709,0.0,8.0329,90,0.75,0.5,1.0
015_R102,15,R,2,3,OPTIMAL,32.3468,2,0,0,0,2,0.0,0.0,0.0,32.3468,90,0.75,0.5,1.0
015_R102,15,R,2,4,OPTIMAL,3.2968,2,0,0,0,2,0.0,0.0,0.0,3.2968,90,0.75,0.5,1.0
015_R102,15,R,2,5,OPTIMAL,85.7861,2,1,1,0,1,0.5,51.5222,1.4345,32.8293,90,0.75,0.5,1.0
015_R102,15,R,2,6,OPTIMAL,51.806,2,0,0,0,2,0.0,0.0,0.0,51.806,90,0.75,0.5,1.0
015_R102,15,R,2,7,OPTIMAL,94.3692,2,2,0,2,0,1.0,94.3692,0.0,0.0,90,0.75,0.5,1.0
015_R102,15,R,2,8,OPTIMAL,20.3368,2,0,0,0,2,0.0,0.0,0.0,20.3368,90,0.75,0.5,1.0
015_R102,15,R,2,9,OPTIMAL,23.8007,2,0,0,0,2,0.0,0.0,0.0,23.8007,90,0.75,0.5,1.0
015_R102,15,R,3,0,OPTIMAL,29.5418,3,0,0,0,3,0.0,0.0,0.0,29.5418,90,0.75,0.5,1.0
015_R102,15,R,3,1,OPTIMAL,34.7084,3,1,0,1,2,0.3333,30.4877,0.0,4.2207,90,0.75,0.5,1.0
015_R102,15,R,3,2,OPTIMAL,41.8946,3,1,0,1,2,0.3333,21.5943,0.0,20.3003,90,0.75,0.5,1.0
015_R102,15,R,3,3,OPTIMAL,16.7221,3,0,0,0,3,0.0,0.0,0.0,16.7221,90,0.75,0.5,1.0
015_R102,15,R,3,4,OPTIMAL,17.6085,3,0,0,0,3,0.0,0.0,0.0,17.6085,90,0.75,0.5,1.0
015_R102,15,R,3,5,OPTIMAL,17.7934,3,0,0,0,3,0.0,0.0,0.0,17.7934,90,0.75,0.5,1.0
015_R102,15,R,3,6,OPTIMAL,19.9755,3,0,0,0,3,0.0,0.0,0.0,19.9755,90,0.75,0.5,1.0
015_R102,15,R,3,7,OPTIMAL,22.0165,3,0,0,0,3,0.0,0.0,0.0,22.0165,90,0.75,0.5,1.0
015_R102,15,R,3,8,OPTIMAL,76.6885,3,1,1,0,2,0.3333,40.3528,0.0,36.3356,90,0.75,0.5,1.0
015_R102,15,R,3,9,OPTIMAL,75.7033,3,0,0,0,3,0.0,0.0,0.0,75.7033,90,0.75,0.5,1.0
015_R103,15,R,1,0,OPTIMAL,0.0181,1,0,0,0,1,0.0,0.0,0.0,0.0181,90,0.75,0.5,1.0
015_R103,15,R,1,1,OPTIMAL,4.1611,1,0,0,0,1,0.0,0.0,0.0,4.1611,90,0.75,0.5,1.0
015_R103,15,R,1,2,OPTIMAL,0.4609,1,0,0,0,1,0.0,0.0,0.0,0.4609,90,0.75,0.5,1.0
015_R103,15,R,1,3,OPTIMAL,33.408,1,0,0,0,1,0.0,0.0,0.0,33.408,90,0.75,0.5,1.0
015_R103,15,R,1,4,OPTIMAL,3.8658,1,0,0,0,1,0.0,0.0,0.0,3.8658,90,0.75,0.5,1.0
015_R103,15,R,1,5,OPTIMAL,17.5761,1,0,0,0,1,0.0,0.0,0.0,17.5761,90,0.75,0.5,1.0
015_R103,15,R,1,6,OPTIMAL,5.9804,1,0,0,0,1,0.0,0.0,0.0,5.9804,90,0.75,0.5,1.0
015_R103,15,R,1,7,OPTIMAL,3.2438,1,0,0,0,1,0.0,0.0,0.0,3.2438,90,0.75,0.5,1.0
015_R103,15,R,1,8,OPTIMAL,27.203,1,0,0,0,1,0.0,0.0,0.0,27.203,90,0.75,0.5,1.0
015_R103,15,R,1,9,OPTIMAL,18.7794,1,0,0,0,1,0.0,0.0,0.0,18.7794,90,0.75,0.5,1.0
015_R103,15,R,2,0,OPTIMAL,8.5026,2,0,0,0,2,0.0,0.0,0.0,8.5026,90,0.75,0.5,1.0
015_R103,15,R,2,1,OPTIMAL,1.2725,2,0,0,0,2,0.0,0.0,0.0,1.2725,90,0.75,0.5,1.0
015_R103,15,R,2,2,OPTIMAL,52.742,2,1,0,1,1,0.5,44.709,0.0,8.0329,90,0.75,0.5,1.0
015_R103,15,R,2,3,OPTIMAL,32.3468,2,0,0,0,2,0.0,0.0,0.0,32.3468,90,0.75,0.5,1.0
015_R103,15,R,2,4,OPTIMAL,3.2968,2,0,0,0,2,0.0,0.0,0.0,3.2968,90,0.75,0.5,1.0
015_R103,15,R,2,5,OPTIMAL,85.7861,2,1,0,1,1,0.5,51.5222,1.4345,32.8293,90,0.75,0.5,1.0
015_R103,15,R,2,6,OPTIMAL,51.806,2,0,0,0,2,0.0,0.0,0.0,51.806,90,0.75,0.5,1.0
015_R103,15,R,2,7,OPTIMAL,94.3692,2,2,0,2,0,1.0,94.3692,0.0,0.0,90,0.75,0.5,1.0
015_R103,15,R,2,8,OPTIMAL,20.3368,2,0,0,0,2,0.0,0.0,0.0,20.3368,90,0.75,0.5,1.0
015_R103,15,R,2,9,OPTIMAL,23.8007,2,0,0,0,2,0.0,0.0,0.0,23.8007,90,0.75,0.5,1.0
015_R103,15,R,3,0,OPTIMAL,29.5418,3,0,0,0,3,0.0,0.0,0.0,29.5418,90,0.75,0.5,1.0
015_R103,15,R,3,1,OPTIMAL,34.7084,3,1,0,1,2,0.3333,30.4877,0.0,4.2207,90,0.75,0.5,1.0
015_R103,15,R,3,2,OPTIMAL,28.3807,3,0,0,0,3,0.0,0.0,0.0,28.3807,90,0.75,0.5,1.0
015_R103,15,R,3,3,OPTIMAL,16.7221,3,0,0,0,3,0.0,0.0,0.0,16.7221,90,0.75,0.5,1.0
015_R103,15,R,3,4,OPTIMAL,11.8802,3,0,0,0,3,0.0,0.0,0.0,11.8802,90,0.75,0.5,1.0
015_R103,15,R,3,5,OPTIMAL,17.7934,3,0,0,0,3,0.0,0.0,0.0,17.7934,90,0.75,0.5,1.0
015_R103,15,R,3,6,OPTIMAL,50.1354,3,1,0,1,2,0.3333,35.3793,0.0,14.7561,90,0.75,0.5,1.0
015_R103,15,R,3,7,OPTIMAL,22.0165,3,0,0,0,3,0.0,0.0,0.0,22.0165,90,0.75,0.5,1.0
015_R103,15,R,3,8,OPTIMAL,70.6763,3,1,1,0,2,0.3333,40.3528,0.0,30.3235,90,0.75,0.5,1.0
015_R103,15,R,3,9,OPTIMAL,71.21,3,0,0,0,3,0.0,0.0,0.0,71.21,90,0.75,0.5,1.0
015_R104,15,R,1,0,OPTIMAL,3.0669,1,0,0,0,1,0.0,0.0,0.0,3.0669,90,0.75,0.5,1.0
015_R104,15,R,1,1,OPTIMAL,40.5554,1,1,1,0,0,1.0,40.5554,0.0,0.0,90,0.75,0.5,1.0
015_R104,15,R,1,2,OPTIMAL,0.4609,1,0,0,0,1,0.0,0.0,0.0,0.4609,90,0.75,0.5,1.0
015_R104,15,R,1,3,OPTIMAL,34.4875,1,1,1,0,0,1.0,34.4875,0.0,0.0,90,0.75,0.5,1.0
015_R104,15,R,1,4,OPTIMAL,1.4732,1,0,0,0,1,0.0,0.0,0.0,1.4732,90,0.75,0.5,1.0
015_R104,15,R,1,5,OPTIMAL,17.5761,1,0,0,0,1,0.0,0.0,0.0,17.5761,90,0.75,0.5,1.0
015_R104,15,R,1,6,OPTIMAL,5.9804,1,0,0,0,1,0.0,0.0,0.0,5.9804,90,0.75,0.5,1.0
015_R104,15,R,1,7,OPTIMAL,3.2438,1,0,0,0,1,0.0,0.0,0.0,3.2438,90,0.75,0.5,1.0
015_R104,15,R,1,8,OPTIMAL,25.8754,1,0,0,0,1,0.0,0.0,0.0,25.8754,90,0.75,0.5,1.0
015_R104,15,R,1,9,OPTIMAL,37.698,1,0,0,0,1,0.0,0.0,0.0,37.698,90,0.75,0.5,1.0
015_R104,15,R,2,0,OPTIMAL,8.5026,2,0,0,0,2,0.0,0.0,0.0,8.5026,90,0.75,0.5,1.0
015_R104,15,R,2,1,OPTIMAL,1.2725,2,0,0,0,2,0.0,0.0,0.0,1.2725,90,0.75,0.5,1.0
015_R104,15,R,2,2,OPTIMAL,52.742,2,1,0,1,1,0.5,44.709,0.0,8.0329,90,0.75,0.5,1.0
015_R104,15,R,2,3,OPTIMAL,25.3143,2,0,0,0,2,0.0,0.0,0.0,25.3143,90,0.75,0.5,1.0
015_R104,15,R,2,4,OPTIMAL,3.2968,2,0,0,0,2,0.0,0.0,0.0,3.2968,90,0.75,0.5,1.0
015_R104,15,R,2,5,OPTIMAL,71.4824,2,1,0,1,1,0.5,51.5222,0.0,19.9602,90,0.75,0.5,1.0
015_R104,15,R,2,6,OPTIMAL,64.8794,2,0,0,0,2,0.0,0.0,0.0,64.8794,90,0.75,0.5,1.0
015_R104,15,R,2,7,OPTIMAL,94.3692,2,2,1,1,0,1.0,94.3692,0.0,0.0,90,0.75,0.5,1.0
015_R104,15,R,2,8,OPTIMAL,20.3368,2,0,0,0,2,0.0,0.0,0.0,20.3368,90,0.75,0.5,1.0
015_R104,15,R,2,9,OPTIMAL,9.5159,2,0,0,0,2,0.0,0.0,0.0,9.5159,90,0.75,0.5,1.0
015_R104,15,R,3,0,OPTIMAL,29.5418,3,0,0,0,3,0.0,0.0,0.0,29.5418,90,0.75,0.5,1.0
015_R104,15,R,3,1,OPTIMAL,34.9523,3,1,0,1,2,0.3333,30.4877,0.0,4.4646,90,0.75,0.5,1.0
015_R104,15,R,3,2,OPTIMAL,21.5971,3,0,0,0,3,0.0,0.0,0.0,21.5971,90,0.75,0.5,1.0
015_R104,15,R,3,3,OPTIMAL,39.1766,3,1,0,1,2,0.3333,32.1757,0.0,7.0009,90,0.75,0.5,1.0
015_R104,15,R,3,4,OPTIMAL,11.8802,3,0,0,0,3,0.0,0.0,0.0,11.8802,90,0.75,0.5,1.0
015_R104,15,R,3,5,OPTIMAL,17.7934,3,0,0,0,3,0.0,0.0,0.0,17.7934,90,0.75,0.5,1.0
015_R104,15,R,3,6,OPTIMAL,50.1354,3,1,0,1,2,0.3333,35.3793,0.0,14.7561,90,0.75,0.5,1.0
015_R104,15,R,3,7,OPTIMAL,43.3271,3,1,0,1,2,0.3333,42.9414,0.0,0.3857,90,0.75,0.5,1.0
015_R104,15,R,3,8,OPTIMAL,70.6763,3,1,1,0,2,0.3333,40.3528,0.0,30.3235,90,0.75,0.5,1.0
015_R104,15,R,3,9,OPTIMAL,79.4701,3,0,0,0,3,0.0,0.0,0.0,79.4701,90,0.75,0.5,1.0
015_R105,15,R,1,0,OPTIMAL,0.0181,1,0,0,0,1,0.0,0.0,0.0,0.0181,90,0.75,0.5,1.0
015_R105,15,R,1,1,OPTIMAL,4.1611,1,0,0,0,1,0.0,0.0,0.0,4.1611,90,0.75,0.5,1.0
015_R105,15,R,1,2,OPTIMAL,0.2304,1,0,0,0,1,0.0,0.0,0.0,0.2304,90,0.75,0.5,1.0
015_R105,15,R,1,3,OPTIMAL,29.1599,1,0,0,0,1,0.0,0.0,0.0,29.1599,90,0.75,0.5,1.0
015_R105,15,R,1,4,OPTIMAL,26.1307,1,0,0,0,1,0.0,0.0,0.0,26.1307,90,0.75,0.5,1.0
015_R105,15,R,1,5,OPTIMAL,17.5761,1,0,0,0,1,0.0,0.0,0.0,17.5761,90,0.75,0.5,1.0
015_R105,15,R,1,6,OPTIMAL,1.4854,1,0,0,0,1,0.0,0.0,0.0,1.4854,90,0.75,0.5,1.0
015_R105,15,R,1,7,OPTIMAL,3.2438,1,0,0,0,1,0.0,0.0,0.0,3.2438,90,0.75,0.5,1.0
015_R105,15,R,1,8,OPTIMAL,1.8392,1,0,0,0,1,0.0,0.0,0.0,1.8392,90,0.75,0.5,1.0
015_R105,15,R,1,9,OPTIMAL,27.3292,1,0,0,0,1,0.0,0.0,0.0,27.3292,90,0.75,0.5,1.0
015_R105,15,R,2,0,OPTIMAL,8.3953,2,0,0,0,2,0.0,0.0,0.0,8.3953,90,0.75,0.5,1.0
015_R105,15,R,2,1,OPTIMAL,1.2725,2,0,0,0,2,0.0,0.0,0.0,1.2725,90,0.75,0.5,1.0
015_R105,15,R,2,2,OPTIMAL,52.742,2,1,0,1,1,0.5,44.709,0.0,8.0329,90,0.75,0.5,1.0
015_R105,15,R,2,3,OPTIMAL,4.9802,2,0,0,0,2,0.0,0.0,0.0,4.9802,90,0.75,0.5,1.0
015_R105,15,R,2,4,OPTIMAL,44.302,2,0,0,0,2,0.0,0.0,0.0,44.302,90,0.75,0.5,1.0
015_R105,15,R,2,5,OPTIMAL,86.1293,2,2,0,2,0,1.0,86.1293,0.0,0.0,90,0.75,0.5,1.0
015_R105,15,R,2,6,OPTIMAL,46.6929,2,0,0,0,2,0.0,0.0,0.0,46.6929,90,0.75,0.5,1.0
015_R105,15,R,2,7,OPTIMAL,94.3692,2,2,2,0,0,1.0,94.3692,0.0,0.0,90,0.75,0.5,1.0
015_R105,15,R,2,8,OPTIMAL,15.8435,2,0,0,0,2,0.0,0.0,0.0,15.8435,90,0.75,0.5,1.0
015_R105,15,R,2,9,OPTIMAL,11.0232,2,0,0,0,2,0.0,0.0,0.0,11.0232,90,0.75,0.5,1.0
015_R105,15,R,3,0,OPTIMAL,28.4618,3,0,0,0,3,0.0,0.0,0.0,28.4618,90,0.75,0.5,1.0
015_R105,15,R,3,1,OPTIMAL,4.3805,3,0,0,0,3,0.0,0.0,0.0,4.3805,90,0.75,0.5,1.0
015_R105,15,R,3,2,OPTIMAL,22.3559,3,1,0,1,2,0.3333,21.5943,0.0,0.7616,90,0.75,0.5,1.0
015_R105,15,R,3,3,OPTIMAL,34.1668,3,0,0,0,3,0.0,0.0,0.0,34.1668,90,0.75,0.5,1.0
015_R105,15,R,3,4,OPTIMAL,11.1368,3,0,0,0,3,0.0,0.0,0.0,11.1368,90,0.75,0.5,1.0
015_R105,15,R,3,5,OPTIMAL,26.1583,3,0,0,0,3,0.0,0.0,0.0,26.1583,90,0.75,0.5,1.0
015_R105,15,R,3,6,OPTIMAL,51.2703,3,0,0,0,3,0.0,0.0,0.0,51.2703,90,0.75,0.5,1.0
015_R105,15,R,3,7,OPTIMAL,36.2371,3,0,0,0,3,0.0,0.0,0.0,36.2371,90,0.75,0.5,1.0
015_R105,15,R,3,8,OPTIMAL,75.3924,3,1,0,1,2,0.3333,40.3528,0.0,35.0396,90,0.75,0.5,1.0
015_R105,15,R,3,9,OPTIMAL,70.6672,3,0,0,0,3,0.0,0.0,0.0,70.6672,90,0.75,0.5,1.0
015_R106,15,R,1,0,OPTIMAL,0.0181,1,0,0,0,1,0.0,0.0,0.0,0.0181,90,0.75,0.5,1.0
015_R106,15,R,1,1,OPTIMAL,4.1611,1,0,0,0,1,0.0,0.0,0.0,4.1611,90,0.75,0.5,1.0
015_R106,15,R,1,2,OPTIMAL,0.4609,1,0,0,0,1,0.0,0.0,0.0,0.4609,90,0.75,0.5,1.0
015_R106,15,R,1,3,OPTIMAL,34.4875,1,1,0,1,0,1.0,34.4875,0.0,0.0,90,0.75,0.5,1.0
015_R106,15,R,1,4,OPTIMAL,3.8658,1,0,0,0,1,0.0,0.0,0.0,3.8658,90,0.75,0.5,1.0
015_R106,15,R,1,5,OPTIMAL,29.7098,1,1,0,1,0,1.0,29.7098,0.0,0.0,90,0.75,0.5,1.0
015_R106,15,R,1,6,OPTIMAL,1.4854,1,0,0,0,1,0.0,0.0,0.0,1.4854,90,0.75,0.5,1.0
015_R106,15,R,1,7,OPTIMAL,38.1594,1,1,0,1,0,1.0,38.1594,0.0,0.0,90,0.75,0.5,1.0
015_R106,15,R,1,8,OPTIMAL,38.0813,1,0,0,0,1,0.0,0.0,0.0,38.0813,90,0.75,0.5,1.0
015_R106,15,R,1,9,OPTIMAL,18.849,1,0,0,0,1,0.0,0.0,0.0,18.849,90,0.75,0.5,1.0
015_R106,15,R,2,0,OPTIMAL,18.0222,2,1,0,1,1,0.5,17.7023,0.0,0.3199,90,0.75,0.5,1.0
015_R106,15,R,2,1,OPTIMAL,1.2725,2,0,0,0,2,0.0,0.0,0.0,1.2725,90,0.75,0.5,1.0
015_R106,15,R,2,2,OPTIMAL,52.742,2,1,1,0,1,0.5,44.709,0.0,8.0329,90,0.75,0.5,1.0
015_R106,15,R,2,3,OPTIMAL,8.5868,2,0,0,0,2,0.0,0.0,0.0,8.5868,90,0.75,0.5,1.0
015_R106,15,R,2,4,OPTIMAL,3.2968,2,0,0,0,2,0.0,0.0,0.0,3.2968,90,0.75,0.5,1.0
015_R106,15,R,2,5,OPTIMAL,71.4824,2,1,0,1,1,0.5,51.5222,0.0,19.9602,90,0.75,0.5,1.0
015_R106,15,R,2,6,OPTIMAL,56.6064,2,1,0,1,1,0.5,50.8452,0.0,5.7613,90,0.75,0.5,1.0
015_R106,15,R,2,7,OPTIMAL,94.3692,2,2,1,1,0,1.0,94.3692,0.0,0.0,90,0.75,0.5,1.0
015_R106,15,R,2,8,OPTIMAL,47.2839,2,1,0,1,1,0.5,28.5871,0.0,18.6968,90,0.75,0.5,1.0
015_R106,15,R,2,9,OPTIMAL,29.8926,2,0,0,0,2,0.0,0.0,0.0,29.8926,90,0.75,0.5,1.0
015_R106,15,R,3,0,OPTIMAL,29.5418,3,0,0,0,3,0.0,0.0,0.0,29.5418,90,0.75,0.5,1.0
015_R106,15,R,3,1,OPTIMAL,34.7084,3,1,0,1,2,0.3333,30.4877,0.0,4.2207,90,0.75,0.5,1.0
015_R106,15,R,3,2,OPTIMAL,5.7644,3,0,0,0,3,0.0,0.0,0.0,5.7644,90,0.75,0.5,1.0
015_R106,15,R,3,3,OPTIMAL,39.1766,3,1,0,1,2,0.3333,32.1757,0.0,7.0009,90,0.75,0.5,1.0
015_R106,15,R,3,4,OPTIMAL,11.2984,3,0,0,0,3,0.0,0.0,0.0,11.2984,90,0.75,0.5,1.0
015_R106,15,R,3,5,OPTIMAL,56.7623,3,2,0,2,1,0.6667,51.9437,0.0,4.8186,90,0.75,0.5,1.0
015_R106,15,R,3,6,OPTIMAL,50.1354,3,1,0,1,2,0.3333,35.3793,0.0,14.7561,90,0.75,0.5,1.0
015_R106,15,R,3,7,OPTIMAL,54.2769,3,0,0,0,3,0.0,0.0,0.0,54.2769,90,0.75,0.5,1.0
015_R106,15,R,3,8,OPTIMAL,67.3357,3,1,0,1,2,0.3333,42.4311,0.0,24.9046,90,0.75,0.5,1.0
015_R106,15,R,3,9,OPTIMAL,88.4066,3,2,0,2,1,0.6667,79.1933,0.0,9.2132,90,0.75,0.5,1.0
015_R107,15,R,1,0,OPTIMAL,0.0181,1,0,0,0,1,0.0,0.0,0.0,0.0181,90,0.75,0.5,1.0
015_R107,15,R,1,1,OPTIMAL,4.1611,1,0,0,0,1,0.0,0.0,0.0,4.1611,90,0.75,0.5,1.0
015_R107,15,R,1,2,OPTIMAL,18.4449,1,0,0,0,1,0.0,0.0,0.0,18.4449,90,0.75,0.5,1.0
015_R107,15,R,1,3,OPTIMAL,29.1599,1,0,0,0,1,0.0,0.0,0.0,29.1599,90,0.75,0.5,1.0
015_R107,15,R,1,4,OPTIMAL,3.8658,1,0,0,0,1,0.0,0.0,0.0,3.8658,90,0.75,0.5,1.0
015_R107,15,R,1,5,OPTIMAL,17.5761,1,0,0,0,1,0.0,0.0,0.0,17.5761,90,0.75,0.5,1.0
015_R107,15,R,1,6,OPTIMAL,1.4854,1,0,0,0,1,0.0,0.0,0.0,1.4854,90,0.75,0.5,1.0
015_R107,15,R,1,7,OPTIMAL,3.2438,1,0,0,0,1,0.0,0.0,0.0,3.2438,90,0.75,0.5,1.0
015_R107,15,R,1,8,OPTIMAL,41.8481,1,0,0,0,1,0.0,0.0,0.0,41.8481,90,0.75,0.5,1.0
015_R107,15,R,1,9,OPTIMAL,18.849,1,0,0,0,1,0.0,0.0,0.0,18.849,90,0.75,0.5,1.0
015_R107,15,R,2,0,OPTIMAL,8.5026,2,0,0,0,2,0.0,0.0,0.0,8.5026,90,0.75,0.5,1.0
015_R107,15,R,2,1,OPTIMAL,1.2725,2,0,0,0,2,0.0,0.0,0.0,1.2725,90,0.75,0.5,1.0
015_R107,15,R,2,2,OPTIMAL,58.0237,2,1,1,0,1,0.5,44.709,0.0,13.3147,90,0.75,0.5,1.0
015_R107,15,R,2,3,OPTIMAL,44.4249,2,0,0,0,2,0.0,0.0,0.0,44.4249,90,0.75,0.5,1.0
015_R107,15,R,2,4,OPTIMAL,3.2968,2,0,0,0,2,0.0,0.0,0.0,3.2968,90,0.75,0.5,1.0
015_R107,15,R,2,5,OPTIMAL,71.4824,2,1,1,0,1,0.5,51.5222,0.0,19.9602,90,0.75,0.5,1.0
015_R107,15,R,2,6,OPTIMAL,51.806,2,0,0,0,2,0.0,0.0,0.0,51.806,90,0.75,0.5,1.0
015_R107,15,R,2,7,OPTIMAL,94.3692,2,2,1,1,0,1.0,94.3692,0.0,0.0,90,0.75,0.5,1.0
015_R107,15,R,2,8,OPTIMAL,15.8435,2,0,0,0,2,0.0,0.0,0.0,15.8435,90,0.75,0.5,1.0
015_R107,15,R,2,9,OPTIMAL,33.6594,2,0,0,0,2,0.0,0.0,0.0,33.6594,90,0.75,0.5,1.0
015_R107,15,R,3,0,OPTIMAL,25.1285,3,0,0,0,3,0.0,0.0,0.0,25.1285,90,0.75,0.5,1.0
015_R107,15,R,3,1,OPTIMAL,34.7084,3,1,0,1,2,0.3333,30.4877,0.0,4.2207,90,0.75,0.5,1.0
015_R107,15,R,3,2,OPTIMAL,9.4177,3,0,0,0,3,0.0,0.0,0.0,9.4177,90,0.75,0.5,1.0
015_R107,15,R,3,3,OPTIMAL,43.1994,3,1,0,1,2,0.3333,32.1757,0.0,11.0237,90,0.75,0.5,1.0
015_R107,15,R,3,4,OPTIMAL,21.9486,3,0,0,0,3,0.0,0.0,0.0,21.9486,90,0.75,0.5,1.0
015_R107,15,R,3,5,OPTIMAL,26.3357,3,0,0,0,3,0.0,0.0,0.0,26.3357,90,0.75,0.5,1.0
015_R107,15,R,3,6,OPTIMAL,26.8379,3,0,0,0,3,0.0,0.0,0.0,26.8379,90,0.75,0.5,1.0
015_R107,15,R,3,7,OPTIMAL,23.4958,3,0,0,0,3,0.0,0.0,0.0,23.4958,90,0.75,0.5,1.0
015_R107,15,R,3,8,OPTIMAL,76.6885,3,1,0,1,2,0.3333,40.3528,0.0,36.3356,90,0.75,0.5,1.0
015_R107,15,R,3,9,OPTIMAL,71.21,3,0,0,0,3,0.0,0.0,0.0,71.21,90,0.75,0.5,1.0
015_R108,15,R,1,0,OPTIMAL,3.0669,1,0,0,0,1,0.0,0.0,0.0,3.0669,90,0.75,0.5,1.0
015_R108,15,R,1,1,OPTIMAL,40.5554,1,1,1,0,0,1.0,40.5554,0.0,0.0,90,0.75,0.5,1.0
015_R108,15,R,1,2,OPTIMAL,18.4449,1,0,0,0,1,0.0,0.0,0.0,18.4449,90,0.75,0.5,1.0
015_R108,15,R,1,3,OPTIMAL,29.1599,1,0,0,0,1,0.0,0.0,0.0,29.1599,90,0.75,0.5,1.0
015_R108,15,R,1,4,OPTIMAL,1.4732,1,0,0,0,1,0.0,0.0,0.0,1.4732,90,0.75,0.5,1.0
015_R108,15,R,1,5,OPTIMAL,17.5761,1,0,0,0,1,0.0,0.0,0.0,17.5761,90,0.75,0.5,1.0
015_R108,15,R,1,6,OPTIMAL,1.4854,1,0,0,0,1,0.0,0.0,0.0,1.4854,90,0.75,0.5,1.0
015_R108,15,R,1,7,OPTIMAL,3.2438,1,0,0,0,1,0.0,0.0,0.0,3.2438,90,0.75,0.5,1.0
015_R108,15,R,1,8,OPTIMAL,22.5174,1,0,0,0,1,0.0,0.0,0.0,22.5174,90,0.75,0.5,1.0
015_R108,15,R,1,9,OPTIMAL,26.6582,1,0,0,0,1,0.0,0.0,0.0,26.6582,90,0.75,0.5,1.0
015_R108,15,R,2,0,OPTIMAL,8.5026,2,0,0,0,2,0.0,0.0,0.0,8.5026,90,0.75,0.5,1.0
015_R108,15,R,2,1,OPTIMAL,1.2725,2,0,0,0,2,0.0,0.0,0.0,1.2725,90,0.75,0.5,1.0
015_R108,15,R,2,2,OPTIMAL,58.0237,2,1,1,0,1,0.5,44.709,0.0,13.3147,90,0.75,0.5,1.0
015_R108,15,R,2,3,OPTIMAL,24.7136,2,0,0,0,2,0.0,0.0,0.0,24.7136,90,0.75,0.5,1.0
015_R108,15,R,2,4,OPTIMAL,3.2968,2,0,0,0,2,0.0,0.0,0.0,3.2968,90,0.75,0.5,1.0
015_R108,15,R,2,5,OPTIMAL,71.4824,2,1,0,1,1,0.5,51.5222,0.0,19.9602,90,0.75,0.5,1.0
015_R108,15,R,2,6,OPTIMAL,64.8794,2,0,0,0,2,0.0,0.0,0.0,64.8794,90,0.75,0.5,1.0
015_R108,15,R,2,7,OPTIMAL,94.3692,2,2,1,1,0,1.0,94.3692,0.0,0.0,90,0.75,0.5,1.0
015_R108,15,R,2,8,OPTIMAL,15.8435,2,0,0,0,2,0.0,0.0,0.0,15.8435,90,0.75,0.5,1.0
015_R108,15,R,2,9,OPTIMAL,9.5159,2,0,0,0,2,0.0,0.0,0.0,9.5159,90,0.75,0.5,1.0
015_R108,15,R,3,0,OPTIMAL,30.7243,3,1,0,1,2,0.3333,25.826,0.0,4.8983,90,0.75,0.5,1.0
015_R108,15,R,3,1,OPTIMAL,34.9523,3,1,0,1,2,0.3333,30.4877,0.0,4.4646,90,0.75,0.5,1.0
015_R108,15,R,3,2,OPTIMAL,9.4177,3,0,0,0,3,0.0,0.0,0.0,9.4177,90,0.75,0.5,1.0
015_R108,15,R,3,3,OPTIMAL,43.1994,3,1,0,1,2,0.3333,32.1757,0.0,11.0237,90,0.75,0.5,1.0
015_R108,15,R,3,4,OPTIMAL,21.9486,3,0,0,0,3,0.0,0.0,0.0,21.9486,90,0.75,0.5,1.0
015_R108,15,R,3,5,OPTIMAL,38.4013,3,1,0,1,2,0.3333,30.2326,0.0,8.1687,90,0.75,0.5,1.0
015_R108,15,R,3,6,OPTIMAL,26.8379,3,0,0,0,3,0.0,0.0,0.0,26.8379,90,0.75,0.5,1.0
015_R108,15,R,3,7,OPTIMAL,30.9576,3,0,0,0,3,0.0,0.0,0.0,30.9576,90,0.75,0.5,1.0
015_R108,15,R,3,8,OPTIMAL,76.6885,3,1,1,0,2,0.3333,40.3528,0.0,36.3356,90,0.75,0.5,1.0
015_R108,15,R,3,9,OPTIMAL,71.21,3,0,0,0,3,0.0,0.0,0.0,71.21,90,0.75,0.5,1.0
015_R109,15,R,1,0,OPTIMAL,0.0181,1,0,0,0,1,0.0,0.0,0.0,0.0181,90,0.75,0.5,1.0
015_R109,15,R,1,1,OPTIMAL,4.1611,1,0,0,0,1,0.0,0.0,0.0,4.1611,90,0.75,0.5,1.0
015_R109,15,R,1,2,OPTIMAL,0.4609,1,0,0,0,1,0.0,0.0,0.0,0.4609,90,0.75,0.5,1.0
015_R109,15,R,1,3,OPTIMAL,29.1599,1,0,0,0,1,0.0,0.0,0.0,29.1599,90,0.75,0.5,1.0
015_R109,15,R,1,4,OPTIMAL,3.8658,1,0,0,0,1,0.0,0.0,0.0,3.8658,90,0.75,0.5,1.0
015_R109,15,R,1,5,OPTIMAL,17.5761,1,0,0,0,1,0.0,0.0,0.0,17.5761,90,0.75,0.5,1.0
015_R109,15,R,1,6,OPTIMAL,1.4854,1,0,0,0,1,0.0,0.0,0.0,1.4854,90,0.75,0.5,1.0
015_R109,15,R,1,7,OPTIMAL,38.1594,1,1,0,1,0,1.0,38.1594,0.0,0.0,90,0.75,0.5,1.0
015_R109,15,R,1,8,OPTIMAL,0.9196,1,0,0,0,1,0.0,0.0,0.0,0.9196,90,0.75,0.5,1.0
015_R109,15,R,1,9,OPTIMAL,21.9853,1,0,0,0,1,0.0,0.0,0.0,21.9853,90,0.75,0.5,1.0
015_R109,15,R,2,0,OPTIMAL,45.5352,2,0,0,0,2,0.0,0.0,0.0,45.5352,90,0.75,0.5,1.0
015_R109,15,R,2,1,OPTIMAL,18.9902,2,0,0,0,2,0.0,0.0,0.0,18.9902,90,0.75,0.5,1.0
015_R109,15,R,2,2,OPTIMAL,39.5996,2,0,0,0,2,0.0,0.0,0.0,39.5996,90,0.75,0.5,1.0
015_R109,15,R,2,3,OPTIMAL,4.1041,2,0,0,0,2,0.0,0.0,0.0,4.1041,90,0.75,0.5,1.0
015_R109,15,R,2,4,OPTIMAL,29.9055,2,0,0,0,2,0.0,0.0,0.0,29.9055,90,0.75,0.5,1.0
015_R109,15,R,2,5,OPTIMAL,30.4063,2,0,0,0,2,0.0,0.0,0.0,30.4063,90,0.75,0.5,1.0
015_R109,15,R,2,6,OPTIMAL,51.4933,2,1,1,0,1,0.5,50.8452,0.0,0.6481,90,0.75,0.5,1.0
015_R109,15,R,2,7,OPTIMAL,88.2094,2,1,0,1,1,0.5,47.2625,0.0,40.9469,90,0.75,0.5,1.0
015_R109,15,R,2,8,OPTIMAL,22.5746,2,0,0,0,2,0.0,0.0,0.0,22.5746,90,0.75,0.5,1.0
015_R109,15,R,2,9,OPTIMAL,43.7987,2,1,0,1,1,0.5,42.4146,0.0,1.3841,90,0.75,0.5,1.0
015_R109,15,R,3,0,OPTIMAL,21.5336,3,0,0,0,3,0.0,0.0,0.0,21.5336,90,0.75,0.5,1.0
015_R109,15,R,3,1,OPTIMAL,28.5162,3,0,0,0,3,0.0,0.0,0.0,28.5162,90,0.75,0.5,1.0
015_R109,15,R,3,2,OPTIMAL,3.3862,3,0,0,0,3,0.0,0.0,0.0,3.3862,90,0.75,0.5,1.0
015_R109,15,R,3,3,OPTIMAL,52.5427,3,0,0,0,3,0.0,0.0,0.0,52.5427,90,0.75,0.5,1.0
015_R109,15,R,3,4,OPTIMAL,9.3914,3,0,0,0,3,0.0,0.0,0.0,9.3914,90,0.75,0.5,1.0
015_R109,15,R,3,5,OPTIMAL,32.0777,3,0,0,0,3,0.0,0.0,0.0,32.0777,90,0.75,0.5,1.0
015_R109,15,R,3,6,OPTIMAL,20.2143,3,0,0,0,3,0.0,0.0,0.0,20.2143,90,0.75,0.5,1.0
015_R109,15,R,3,7,OPTIMAL,34.9185,3,0,0,0,3,0.0,0.0,0.0,34.9185,90,0.75,0.5,1.0
015_R109,15,R,3,8,OPTIMAL,57.0484,3,1,1,0,2,0.3333,42.4311,0.0,14.6173,90,0.75,0.5,1.0
015_R109,15,R,3,9,OPTIMAL,75.6786,3,1,1,0,2,0.3333,48.5441,0.0,27.1345,90,0.75,0.5,1.0
015_R110,15,R,1,0,OPTIMAL,17.8286,1,0,0,0,1,0.0,0.0,0.0,17.8286,90,0.75,0.5,1.0
015_R110,15,R,1,1,OPTIMAL,29.8081,1,0,0,0,1,0.0,0.0,0.0,29.8081,90,0.75,0.5,1.0
015_R110,15,R,1,2,OPTIMAL,0.4609,1,0,0,0,1,0.0,0.0,0.0,0.4609,90,0.75,0.5,1.0
015_R110,15,R,1,3,OPTIMAL,34.4875,1,1,0,1,0,1.0,34.4875,0.0,0.0,90,0.75,0.5,1.0
015_R110,15,R,1,4,OPTIMAL,17.7113,1,0,0,0,1,0.0,0.0,0.0,17.7113,90,0.75,0.5,1.0
015_R110,15,R,1,5,OPTIMAL,29.7098,1,1,0,1,0,1.0,29.7098,0.0,0.0,90,0.75,0.5,1.0
015_R110,15,R,1,6,OPTIMAL,1.4854,1,0,0,0,1,0.0,0.0,0.0,1.4854,90,0.75,0.5,1.0
015_R110,15,R,1,7,OPTIMAL,38.1594,1,1,0,1,0,1.0,38.1594,0.0,0.0,90,0.75,0.5,1.0
015_R110,15,R,1,8,OPTIMAL,4.049,1,0,0,0,1,0.0,0.0,0.0,4.049,90,0.75,0.5,1.0
015_R110,15,R,1,9,OPTIMAL,3.4091,1,0,0,0,1,0.0,0.0,0.0,3.4091,90,0.75,0.5,1.0
015_R110,15,R,2,0,OPTIMAL,44.1653,2,1,0,1,1,0.5,17.7023,0.0,26.463,90,0.75,0.5,1.0
015_R110,15,R,2,1,OPTIMAL,28.8947,2,0,0,0,2,0.0,0.0,0.0,28.8947,90,0.75,0.5,1.0
015_R110,15,R,2,2,OPTIMAL,60.7749,2,1,0,1,1,0.5,44.709,0.0,16.0659,90,0.75,0.5,1.0
015_R110,15,R,2,3,OPTIMAL,9.8339,2,0,0,0,2,0.0,0.0,0.0,9.8339,90,0.75,0.5,1.0
015_R110,15,R,2,4,OPTIMAL,33.4369,2,0,0,0,2,0.0,0.0,0.0,33.4369,90,0.75,0.5,1.0
015_R110,15,R,2,5,OPTIMAL,5.1662,2,0,0,0,2,0.0,0.0,0.0,5.1662,90,0.75,0.5,1.0
015_R110,15,R,2,6,OPTIMAL,51.4933,2,1,1,0,1,0.5,50.8452,0.0,0.6481,90,0.75,0.5,1.0
015_R110,15,R,2,7,OPTIMAL,47.2697,2,1,0,1,1,0.5,47.1067,0.0,0.1629,90,0.75,0.5,1.0
015_R110,15,R,2,8,OPTIMAL,32.2787,2,1,0,1,1,0.5,28.5871,0.0,3.6916,90,0.75,0.5,1.0
015_R110,15,R,2,9,OPTIMAL,45.9435,2,1,0,1,1,0.5,42.4146,0.0,3.5289,90,0.75,0.5,1.0
015_R110,15,R,3,0,OPTIMAL,23.2164,3,0,0,0,3,0.0,0.0,0.0,23.2164,90,0.75,0.5,1.0
015_R110,15,R,3,1,OPTIMAL,46.7912,3,0,0,0,3,0.0,0.0,0.0,46.7912,90,0.75,0.5,1.0
015_R110,15,R,3,2,OPTIMAL,4.0736,3,0,0,0,3,0.0,0.0,0.0,4.0736,90,0.75,0.5,1.0
015_R110,15,R,3,3,OPTIMAL,54.5891,3,1,0,1,2,0.3333,27.253,0.0,27.3361,90,0.75,0.5,1.0
015_R110,15,R,3,4,OPTIMAL,30.2176,3,1,0,1,2,0.3333,27.9175,0.0,2.3001,90,0.75,0.5,1.0
015_R110,15,R,3,5,OPTIMAL,49.4619,3,1,0,1,2,0.3333,30.2326,0.0,19.2293,90,0.75,0.5,1.0
015_R110,15,R,3,6,OPTIMAL,36.9713,3,0,0,0,3,0.0,0.0,0.0,36.9713,90,0.75,0.5,1.0
015_R110,15,R,3,7,OPTIMAL,33.0331,3,0,0,0,3,0.0,0.0,0.0,33.0331,90,0.75,0.5,1.0
015_R110,15,R,3,8,OPTIMAL,57.0484,3,1,1,0,2,0.3333,42.4311,0.0,14.6173,90,0.75,0.5,1.0
015_R110,15,R,3,9,OPTIMAL,83.8643,3,1,1,0,2,0.3333,48.5441,0.0,35.3202,90,0.75,0.5,1.0
015_R111,15,R,1,0,OPTIMAL,0.0181,1,0,0,0,1,0.0,0.0,0.0,0.0181,90,0.75,0.5,1.0
015_R111,15,R,1,1,OPTIMAL,4.9976,1,0,0,0,1,0.0,0.0,0.0,4.9976,90,0.75,0.5,1.0
015_R111,15,R,1,2,OPTIMAL,3.5438,1,0,0,0,1,0.0,0.0,0.0,3.5438,90,0.75,0.5,1.0
015_R111,15,R,1,3,OPTIMAL,29.1599,1,0,0,0,1,0.0,0.0,0.0,29.1599,90,0.75,0.5,1.0
015_R111,15,R,1,4,OPTIMAL,3.8658,1,0,0,0,1,0.0,0.0,0.0,3.8658,90,0.75,0.5,1.0
015_R111,15,R,1,5,OPTIMAL,17.5761,1,0,0,0,1,0.0,0.0,0.0,17.5761,90,0.75,0.5,1.0
015_R111,15,R,1,6,OPTIMAL,1.4854,1,0,0,0,1,0.0,0.0,0.0,1.4854,90,0.75,0.5,1.0
015_R111,15,R,1,7,OPTIMAL,3.2438,1,0,0,0,1,0.0,0.0,0.0,3.2438,90,0.75,0.5,1.0
015_R111,15,R,1,8,OPTIMAL,40.8481,1,0,0,0,1,0.0,0.0,0.0,40.8481,90,0.75,0.5,1.0
015_R111,15,R,1,9,OPTIMAL,18.849,1,0,0,0,1,0.0,0.0,0.0,18.849,90,0.75,0.5,1.0
015_R111,15,R,2,0,OPTIMAL,8.5026,2,0,0,0,2,0.0,0.0,0.0,8.5026,90,0.75,0.5,1.0
015_R111,15,R,2,1,OPTIMAL,1.2725,2,0,0,0,2,0.0,0.0,0.0,1.2725,90,0.75,0.5,1.0
015_R111,15,R,2,2,OPTIMAL,52.742,2,1,1,0,1,0.5,44.709,0.0,8.0329,90,0.75,0.5,1.0
015_R111,15,R,2,3,OPTIMAL,8.5868,2,0,0,0,2,0.0,0.0,0.0,8.5868,90,0.75,0.5,1.0
015_R111,15,R,2,4,OPTIMAL,2.8579,2,0,0,0,2,0.0,0.0,0.0,2.8579,90,0.75,0.5,1.0
015_R111,15,R,2,5,OPTIMAL,71.4824,2,1,0,1,1,0.5,51.5222,0.0,19.9602,90,0.75,0.5,1.0
015_R111,15,R,2,6,OPTIMAL,64.8794,2,0,0,0,2,0.0,0.0,0.0,64.8794,90,0.75,0.5,1.0
015_R111,15,R,2,7,OPTIMAL,94.3692,2,2,1,1,0,1.0,94.3692,0.0,0.0,90,0.75,0.5,1.0
015_R111,15,R,2,8,OPTIMAL,15.8435,2,0,0,0,2,0.0,0.0,0.0,15.8435,90,0.75,0.5,1.0
015_R111,15,R,2,9,OPTIMAL,32.6594,2,0,0,0,2,0.0,0.0,0.0,32.6594,90,0.75,0.5,1.0
015_R111,15,R,3,0,OPTIMAL,25.1285,3,0,0,0,3,0.0,0.0,0.0,25.1285,90,0.75,0.5,1.0
015_R111,15,R,3,1,OPTIMAL,34.7084,3,1,0,1,2,0.3333,30.4877,0.0,4.2207,90,0.75,0.5,1.0
015_R111,15,R,3,2,OPTIMAL,5.7644,3,0,0,0,3,0.0,0.0,0.0,5.7644,90,0.75,0.5,1.0
015_R111,15,R,3,3,OPTIMAL,39.1766,3,1,0,1,2,0.3333,32.1757,0.0,7.0009,90,0.75,0.5,1.0
015_R111,15,R,3,4,OPTIMAL,11.2984,3,0,0,0,3,0.0,0.0,0.0,11.2984,90,0.75,0.5,1.0
015_R111,15,R,3,5,OPTIMAL,33.9727,3,0,0,0,3,0.0,0.0,0.0,33.9727,90,0.75,0.5,1.0
015_R111,15,R,3,6,OPTIMAL,19.1919,3,0,0,0,3,0.0,0.0,0.0,19.1919,90,0.75,0.5,1.0
015_R111,15,R,3,7,OPTIMAL,27.0858,3,0,0,0,3,0.0,0.0,0.0,27.0858,90,0.75,0.5,1.0
015_R111,15,R,3,8,OPTIMAL,75.9049,3,1,0,1,2,0.3333,40.3528,0.0,35.5521,90,0.75,0.5,1.0
015_R111,15,R,3,9,OPTIMAL,79.6348,3,0,0,0,3,0.0,0.0,0.0,79.6348,90,0.75,0.5,1.0
015_R112,15,R,1,0,OPTIMAL,0.0181,1,0,0,0,1,0.0,0.0,0.0,0.0181,90,0.75,0.5,1.0
015_R112,15,R,1,1,OPTIMAL,40.5554,1,1,1,0,0,1.0,40.5554,0.0,0.0,90,0.75,0.5,1.0
015_R112,15,R,1,2,OPTIMAL,4.3273,1,0,0,0,1,0.0,0.0,0.0,4.3273,90,0.75,0.5,1.0
015_R112,15,R,1,3,OPTIMAL,34.4875,1,1,1,0,0,1.0,34.4875,0.0,0.0,90,0.75,0.5,1.0
015_R112,15,R,1,4,OPTIMAL,22.4312,1,0,0,0,1,0.0,0.0,0.0,22.4312,90,0.75,0.5,1.0
015_R112,15,R,1,5,OPTIMAL,29.7098,1,1,1,0,0,1.0,29.7098,0.0,0.0,90,0.75,0.5,1.0
015_R112,15,R,1,6,OPTIMAL,0.504,1,0,0,0,1,0.0,0.0,0.0,0.504,90,0.75,0.5,1.0
015_R112,15,R,1,7,OPTIMAL,38.1594,1,1,1,0,0,1.0,38.1594,0.0,0.0,90,0.75,0.5,1.0
015_R112,15,R,1,8,OPTIMAL,4.629,1,0,0,0,1,0.0,0.0,0.0,4.629,90,0.75,0.5,1.0
015_R112,15,R,1,9,OPTIMAL,1.7045,1,0,0,0,1,0.0,0.0,0.0,1.7045,90,0.75,0.5,1.0
015_R112,15,R,2,0,OPTIMAL,36.6899,2,1,1,0,1,0.5,17.7023,0.0,18.9876,90,0.75,0.5,1.0
015_R112,15,R,2,1,OPTIMAL,37.7706,2,0,0,0,2,0.0,0.0,0.0,37.7706,90,0.75,0.5,1.0
015_R112,15,R,2,2,OPTIMAL,52.742,2,1,1,0,1,0.5,44.709,0.0,8.0329,90,0.75,0.5,1.0
015_R112,15,R,2,3,OPTIMAL,13.0155,2,0,0,0,2,0.0,0.0,0.0,13.0155,90,0.75,0.5,1.0
015_R112,15,R,2,4,OPTIMAL,17.4605,2,0,0,0,2,0.0,0.0,0.0,17.4605,90,0.75,0.5,1.0
015_R112,15,R,2,5,OPTIMAL,8.2197,2,0,0,0,2,0.0,0.0,0.0,8.2197,90,0.75,0.5,1.0
015_R112,15,R,2,6,OPTIMAL,71.4697,2,2,2,0,0,1.0,71.4697,0.0,0.0,90,0.75,0.5,1.0
015_R112,15,R,2,7,OPTIMAL,47.1074,2,1,1,0,1,0.5,47.1067,0.0,0.0007,90,0.75,0.5,1.0
015_R112,15,R,2,8,OPTIMAL,47.2839,2,1,1,0,1,0.5,28.5871,0.0,18.6968,90,0.75,0.5,1.0
015_R112,15,R,2,9,OPTIMAL,47.3904,2,1,0,1,1,0.5,42.4146,0.0,4.9758,90,0.75,0.5,1.0
015_R112,15,R,3,0,OPTIMAL,18.4758,3,0,0,0,3,0.0,0.0,0.0,18.4758,90,0.75,0.5,1.0
015_R112,15,R,3,1,OPTIMAL,36.8095,3,0,0,0,3,0.0,0.0,0.0,36.8095,90,0.75,0.5,1.0
015_R112,15,R,3,2,OPTIMAL,3.027,3,0,0,0,3,0.0,0.0,0.0,3.027,90,0.75,0.5,1.0
015_R112,15,R,3,3,OPTIMAL,57.3686,3,1,1,0,2,0.3333,32.1757,0.0,25.1929,90,0.75,0.5,1.0
015_R112,15,R,3,4,OPTIMAL,25.7043,3,0,0,0,3,0.0,0.0,0.0,25.7043,90,0.75,0.5,1.0
015_R112,15,R,3,5,OPTIMAL,63.876,3,2,1,1,1,0.6667,51.9437,0.0,11.9323,90,0.75,0.5,1.0
015_R112,15,R,3,6,OPTIMAL,22.7357,3,0,0,0,3,0.0,0.0,0.0,22.7357,90,0.75,0.5,1.0
015_R112,15,R,3,7,OPTIMAL,41.2573,3,1,0,1,2,0.3333,35.8003,0.0,5.457,90,0.75,0.5,1.0
015_R112,15,R,3,8,OPTIMAL,53.333,3,1,1,0,2,0.3333,42.4311,0.0,10.902,90,0.75,0.5,1.0
015_R112,15,R,3,9,OPTIMAL,87.6179,3,2,2,0,1,0.6667,79.1933,0.0,8.4246,90,0.75,0.5,1.0
015_R201,15,R,1,0,OPTIMAL,24.9516,1,0,0,0,1,0.0,0.0,0.0,24.9516,90,0.75,0.5,1.0
015_R201,15,R,1,1,OPTIMAL,40.5554,1,1,1,0,0,1.0,40.5554,0.0,0.0,90,0.75,0.5,1.0
015_R201,15,R,1,2,OPTIMAL,0.2304,1,0,0,0,1,0.0,0.0,0.0,0.2304,90,0.75,0.5,1.0
015_R201,15,R,1,3,OPTIMAL,34.4875,1,1,0,1,0,1.0,34.4875,0.0,0.0,90,0.75,0.5,1.0
015_R201,15,R,1,4,OPTIMAL,3.8658,1,0,0,0,1,0.0,0.0,0.0,3.8658,90,0.75,0.5,1.0
015_R201,15,R,1,5,OPTIMAL,29.7098,1,1,1,0,0,1.0,29.7098,0.0,0.0,90,0.75,0.5,1.0
015_R201,15,R,1,6,OPTIMAL,20.8508,1,1,1,0,0,1.0,20.8508,0.0,0.0,90,0.75,0.5,1.0
015_R201,15,R,1,7,OPTIMAL,38.1594,1,1,1,0,0,1.0,38.1594,0.0,0.0,90,0.75,0.5,1.0
015_R201,15,R,1,8,OPTIMAL,49.7504,1,1,1,0,0,1.0,49.7504,0.0,0.0,90,0.75,0.5,1.0
015_R201,15,R,1,9,OPTIMAL,39.7385,1,1,1,0,0,1.0,39.7385,0.0,0.0,90,0.75,0.5,1.0
015_R201,15,R,2,0,OPTIMAL,45.0903,2,1,1,0,1,0.5,17.7023,0.0,27.3881,90,0.75,0.5,1.0
015_R201,15,R,2,1,OPTIMAL,55.1098,2,1,0,1,1,0.5,23.1842,0.0,31.9256,90,0.75,0.5,1.0
015_R201,15,R,2,2,OPTIMAL,52.742,2,1,1,0,1,0.5,44.709,0.0,8.0329,90,0.75,0.5,1.0
015_R201,15,R,2,3,OPTIMAL,50.5379,2,1,1,0,1,0.5,47.3099,0.0,3.2279,90,0.75,0.5,1.0
015_R201,15,R,2,4,OPTIMAL,45.8819,2,0,0,0,2,0.0,0.0,0.0,45.8819,90,0.75,0.5,1.0
015_R201,15,R,2,5,OPTIMAL,86.1293,2,2,2,0,0,1.0,86.1293,0.0,0.0,90,0.75,0.5,1.0
015_R201,15,R,2,6,OPTIMAL,71.4697,2,2,1,1,0,1.0,71.4697,0.0,0.0,90,0.75,0.5,1.0
015_R201,15,R,2,7,OPTIMAL,94.3692,2,2,2,0,0,1.0,94.3692,0.0,0.0,90,0.75,0.5,1.0
015_R201,15,R,2,8,OPTIMAL,47.5692,2,2,2,0,0,1.0,47.5692,0.0,0.0,90,0.75,0.5,1.0
015_R201,15,R,2,9,OPTIMAL,93.4763,2,2,2,0,0,1.0,93.4763,0.0,0.0,90,0.75,0.5,1.0
015_R201,15,R,3,0,OPTIMAL,33.8475,3,1,1,0,2,0.3333,25.826,0.0,8.0215,90,0.75,0.5,1.0
015_R201,15,R,3,1,OPTIMAL,86.4186,3,2,2,0,1,0.6667,86.2587,0.0,0.1598,90,0.75,0.5,1.0
015_R201,15,R,3,2,OPTIMAL,55.3409,3,1,1,0,2,0.3333,20.9856,0.0,34.3553,90,0.75,0.5,1.0
015_R201,15,R,3,3,OPTIMAL,72.1056,3,3,2,1,0,1.0,72.1056,0.0,0.0,90,0.75,0.5,1.0
015_R201,15,R,3,4,OPTIMAL,78.5283,3,3,2,1,0,1.0,78.5283,0.0,0.0,90,0.75,0.5,1.0
015_R201,15,R,3,5,OPTIMAL,83.4641,3,3,2,1,0,1.0,83.4641,0.0,0.0,90,0.75,0.5,1.0
015_R201,15,R,3,6,OPTIMAL,62.2852,3,1,0,1,2,0.3333,35.3793,0.0,26.9059,90,0.75,0.5,1.0
015_R201,15,R,3,7,OPTIMAL,120.8187,3,3,3,0,0,1.0,120.8187,0.0,0.0,90,0.75,0.5,1.0
015_R201,15,R,3,8,OPTIMAL,108.2235,3,2,1,1,1,0.6667,82.7839,0.0,25.4396,90,0.75,0.5,1.0
015_R201,15,R,3,9,OPTIMAL,99.3944,3,2,2,0,1,0.6667,79.1933,0.0,20.2011,90,0.75,0.5,1.0
015_R202,15,R,1,0,OPTIMAL,37.5782,1,1,0,1,0,1.0,37.5782,0.0,0.0,90,0.75,0.5,1.0
015_R202,15,R,1,1,OPTIMAL,40.5554,1,1,1,0,0,1.0,40.5554,0.0,0.0,90,0.75,0.5,1.0
015_R202,15,R,1,2,OPTIMAL,19.6093,1,1,1,0,0,1.0,19.6093,0.0,0.0,90,0.75,0.5,1.0
015_R202,15,R,1,3,OPTIMAL,34.4875,1,1,0,1,0,1.0,34.4875,0.0,0.0,90,0.75,0.5,1.0
015_R202,15,R,1,4,OPTIMAL,3.8658,1,0,0,0,1,0.0,0.0,0.0,3.8658,90,0.75,0.5,1.0
015_R202,15,R,1,5,OPTIMAL,29.7098,1,1,1,0,0,1.0,29.7098,0.0,0.0,90,0.75,0.5,1.0
015_R202,15,R,1,6,OPTIMAL,20.8508,1,1,1,0,0,1.0,20.8508,0.0,0.0,90,0.75,0.5,1.0
015_R202,15,R,1,7,OPTIMAL,38.1594,1,1,1,0,0,1.0,38.1594,0.0,0.0,90,0.75,0.5,1.0
015_R202,15,R,1,8,OPTIMAL,48.3027,1,0,0,0,1,0.0,0.0,0.0,48.3027,90,0.75,0.5,1.0
015_R202,15,R,1,9,OPTIMAL,39.7385,1,1,1,0,0,1.0,39.7385,0.0,0.0,90,0.75,0.5,1.0
015_R202,15,R,2,0,OPTIMAL,67.5254,2,2,2,0,0,1.0,67.5254,0.0,0.0,90,0.75,0.5,1.0
015_R202,15,R,2,1,OPTIMAL,60.842,2,2,1,1,0,1.0,60.842,0.0,0.0,90,0.75,0.5,1.0
015_R202,15,R,2,2,OPTIMAL,78.0564,2,2,1,1,0,1.0,78.0564,0.0,0.0,90,0.75,0.5,1.0
015_R202,15,R,2,3,OPTIMAL,69.0091,2,2,2,0,0,1.0,69.0091,0.0,0.0,90,0.75,0.5,1.0
015_R202,15,R,2,4,OPTIMAL,69.4982,2,2,1,1,0,1.0,69.4982,0.0,0.0,90,0.75,0.5,1.0
015_R202,15,R,2,5,OPTIMAL,86.1293,2,2,2,0,0,1.0,86.1293,0.0,0.0,90,0.75,0.5,1.0
015_R202,15,R,2,6,OPTIMAL,71.4697,2,2,1,1,0,1.0,71.4697,0.0,0.0,90,0.75,0.5,1.0
015_R202,15,R,2,7,OPTIMAL,94.3692,2,2,2,0,0,1.0,94.3692,0.0,0.0,90,0.75,0.5,1.0
015_R202,15,R,2,8,OPTIMAL,47.5692,2,2,2,0,0,1.0,47.5692,0.0,0.0,90,0.75,0.5,1.0
015_R202,15,R,2,9,OPTIMAL,93.4763,2,2,2,0,0,1.0,93.4763,0.0,0.0,90,0.75,0.5,1.0
015_R202,15,R,3,0,OPTIMAL,73.8732,3,3,2,1,0,1.0,73.8732,0.0,0.0,90,0.75,0.5,1.0
015_R202,15,R,3,1,OPTIMAL,116.7465,3,3,3,0,0,1.0,116.7465,0.0,0.0,90,0.75,0.5,1.0
015_R202,15,R,3,2,OPTIMAL,59.0784,3,2,1,1,1,0.6667,42.5799,0.0,16.4986,90,0.75,0.5,1.0
015_R202,15,R,3,3,OPTIMAL,69.8753,3,2,2,0,1,0.6667,44.8526,0.0,25.0227,90,0.75,0.5,1.0
015_R202,15,R,3,4,OPTIMAL,65.594,3,2,2,0,1,0.6667,58.3094,0.0,7.2846,90,0.75,0.5,1.0
015_R202,15,R,3,5,OPTIMAL,82.4352,3,2,2,0,1,0.6667,53.2314,0.0,29.2038,90,0.75,0.5,1.0
015_R202,15,R,3,6,OPTIMAL,71.155,3,2,1,1,1,0.6667,68.4588,0.0,2.6962,90,0.75,0.5,1.0
015_R202,15,R,3,7,OPTIMAL,120.8187,3,3,3,0,0,1.0,120.8187,0.0,0.0,90,0.75,0.5,1.0
015_R202,15,R,3,8,OPTIMAL,108.4323,3,3,2,1,0,1.0,108.4323,0.0,0.0,90,0.75,0.5,1.0
015_R202,15,R,3,9,OPTIMAL,99.3944,3,2,2,0,1,0.6667,79.1933,0.0,20.2011,90,0.75,0.5,1.0
015_R203,15,R,1,0,OPTIMAL,17.8286,1,0,0,0,1,0.0,0.0,0.0,17.8286,90,0.75,0.5,1.0
015_R203,15,R,1,1,OPTIMAL,40.5554,1,1,1,0,0,1.0,40.5554,0.0,0.0,90,0.75,0.5,1.0
015_R203,15,R,1,2,OPTIMAL,19.6093,1,1,1,0,0,1.0,19.6093,0.0,0.0,90,0.75,0.5,1.0
015_R203,15,R,1,3,OPTIMAL,34.4875,1,1,0,1,0,1.0,34.4875,0.0,0.0,90,0.75,0.5,1.0
015_R203,15,R,1,4,OPTIMAL,3.8658,1,0,0,0,1,0.0,0.0,0.0,3.8658,90,0.75,0.5,1.0
015_R203,15,R,1,5,OPTIMAL,29.7098,1,1,1,0,0,1.0,29.7098,0.0,0.0,90,0.75,0.5,1.0
015_R203,15,R,1,6,OPTIMAL,20.8508,1,1,1,0,0,1.0,20.8508,0.0,0.0,90,0.75,0.5,1.0
015_R203,15,R,1,7,OPTIMAL,38.1594,1,1,1,0,0,1.0,38.1594,0.0,0.0,90,0.75,0.5,1.0
015_R203,15,R,1,8,OPTIMAL,49.7504,1,1,1,0,0,1.0,49.7504,0.0,0.0,90,0.75,0.5,1.0
015_R203,15,R,1,9,OPTIMAL,39.7385,1,1,1,0,0,1.0,39.7385,0.0,0.0,90,0.75,0.5,1.0
015_R203,15,R,2,0,OPTIMAL,67.5254,2,2,2,0,0,1.0,67.5254,0.0,0.0,90,0.75,0.5,1.0
015_R203,15,R,2,1,OPTIMAL,55.1098,2,1,1,0,1,0.5,23.1842,0.0,31.9256,90,0.75,0.5,1.0
015_R203,15,R,2,2,OPTIMAL,67.7657,2,1,1,0,1,0.5,44.709,0.0,23.0566,90,0.75,0.5,1.0
015_R203,15,R,2,3,OPTIMAL,69.0091,2,2,2,0,0,1.0,69.0091,0.0,0.0,90,0.75,0.5,1.0
015_R203,15,R,2,4,OPTIMAL,66.8506,2,1,1,0,1,0.5,38.6782,0.0,28.1724,90,0.75,0.5,1.0
015_R203,15,R,2,5,OPTIMAL,86.1293,2,2,2,0,0,1.0,86.1293,0.0,0.0,90,0.75,0.5,1.0
015_R203,15,R,2,6,OPTIMAL,71.4697,2,2,1,1,0,1.0,71.4697,0.0,0.0,90,0.75,0.5,1.0
015_R203,15,R,2,7,OPTIMAL,94.3692,2,2,2,0,0,1.0,94.3692,0.0,0.0,90,0.75,0.5,1.0
015_R203,15,R,2,8,OPTIMAL,47.5692,2,2,2,0,0,1.0,47.5692,0.0,0.0,90,0.75,0.5,1.0
015_R203,15,R,2,9,OPTIMAL,93.4763,2,2,2,0,0,1.0,93.4763,0.0,0.0,90,0.75,0.5,1.0
015_R203,15,R,3,0,OPTIMAL,62.2791,3,2,2,0,1,0.6667,54.4676,0.0,7.8115,90,0.75,0.5,1.0
015_R203,15,R,3,1,OPTIMAL,116.7465,3,3,3,0,0,1.0,116.7465,0.0,0.0,90,0.75,0.5,1.0
015_R203,15,R,3,2,OPTIMAL,59.0784,3,2,1,1,1,0.6667,42.5799,0.0,16.4986,90,0.75,0.5,1.0
015_R203,15,R,3,3,OPTIMAL,69.8753,3,2,2,0,1,0.6667,44.8526,0.0,25.0227,90,0.75,0.5,1.0
015_R203,15,R,3,4,OPTIMAL,65.594,3,2,2,0,1,0.6667,58.3094,0.0,7.2846,90,0.75,0.5,1.0
015_R203,15,R,3,5,OPTIMAL,82.4352,3,2,2,0,1,0.6667,53.2314,0.0,29.2038,90,0.75,0.5,1.0
015_R203,15,R,3,6,OPTIMAL,71.155,3,2,1,1,1,0.6667,68.4588,0.0,2.6962,90,0.75,0.5,1.0
015_R203,15,R,3,7,OPTIMAL,120.8187,3,3,3,0,0,1.0,120.8187,0.0,0.0,90,0.75,0.5,1.0
015_R203,15,R,3,8,OPTIMAL,108.4323,3,3,2,1,0,1.0,108.4323,0.0,0.0,90,0.75,0.5,1.0
015_R203,15,R,3,9,OPTIMAL,99.3944,3,2,2,0,1,0.6667,79.1933,0.0,20.2011,90,0.75,0.5,1.0
015_R204,15,R,1,0,OPTIMAL,17.8286,1,0,0,0,1,0.0,0.0,0.0,17.8286,90,0.75,0.5,1.0
015_R204,15,R,1,1,OPTIMAL,40.5554,1,1,1,0,0,1.0,40.5554,0.0,0.0,90,0.75,0.5,1.0
015_R204,15,R,1,2,OPTIMAL,19.6093,1,1,1,0,0,1.0,19.6093,0.0,0.0,90,0.75,0.5,1.0
015_R204,15,R,1,3,OPTIMAL,34.4875,1,1,0,1,0,1.0,34.4875,0.0,0.0,90,0.75,0.5,1.0
015_R204,15,R,1,4,OPTIMAL,3.8658,1,0,0,0,1,0.0,0.0,0.0,3.8658,90,0.75,0.5,1.0
015_R204,15,R,1,5,OPTIMAL,29.7098,1,1,1,0,0,1.0,29.7098,0.0,0.0,90,0.75,0.5,1.0
015_R204,15,R,1,6,OPTIMAL,20.8508,1,1,1,0,0,1.0,20.8508,0.0,0.0,90,0.75,0.5,1.0
015_R204,15,R,1,7,OPTIMAL,38.1594,1,1,1,0,0,1.0,38.1594,0.0,0.0,90,0.75,0.5,1.0
015_R204,15,R,1,8,OPTIMAL,49.7504,1,1,0,1,0,1.0,49.7504,0.0,0.0,90,0.75,0.5,1.0
015_R204,15,R,1,9,OPTIMAL,39.7385,1,1,1,0,0,1.0,39.7385,0.0,0.0,90,0.75,0.5,1.0
015_R204,15,R,2,0,OPTIMAL,67.5254,2,2,2,0,0,1.0,67.5254,0.0,0.0,90,0.75,0.5,1.0
015_R204,15,R,2,1,OPTIMAL,60.842,2,2,2,0,0,1.0,60.842,0.0,0.0,90,0.75,0.5,1.0
015_R204,15,R,2,2,OPTIMAL,52.742,2,1,1,0,1,0.5,44.709,0.0,8.0329,90,0.75,0.5,1.0
015_R204,15,R,2,3,OPTIMAL,69.0091,2,2,2,0,0,1.0,69.0091,0.0,0.0,90,0.75,0.5,1.0
015_R204,15,R,2,4,OPTIMAL,69.4982,2,2,1,1,0,1.0,69.4982,0.0,0.0,90,0.75,0.5,1.0
015_R204,15,R,2,5,OPTIMAL,86.1293,2,2,2,0,0,1.0,86.1293,0.0,0.0,90,0.75,0.5,1.0
015_R204,15,R,2,6,OPTIMAL,71.4697,2,2,1,1,0,1.0,71.4697,0.0,0.0,90,0.75,0.5,1.0
015_R204,15,R,2,7,OPTIMAL,94.3692,2,2,2,0,0,1.0,94.3692,0.0,0.0,90,0.75,0.5,1.0
015_R204,15,R,2,8,OPTIMAL,47.5692,2,2,2,0,0,1.0,47.5692,0.0,0.0,90,0.75,0.5,1.0
015_R204,15,R,2,9,OPTIMAL,93.4763,2,2,2,0,0,1.0,93.4763,0.0,0.0,90,0.75,0.5,1.0
015_R204,15,R,3,0,OPTIMAL,66.6239,3,2,2,0,1,0.6667,54.4676,0.0,12.1563,90,0.75,0.5,1.0
015_R204,15,R,3,1,OPTIMAL,116.7465,3,3,3,0,0,1.0,116.7465,0.0,0.0,90,0.75,0.5,1.0
015_R204,15,R,3,2,OPTIMAL,59.0784,3,2,1,1,1,0.6667,42.5799,0.0,16.4986,90,0.75,0.5,1.0
015_R204,15,R,3,3,OPTIMAL,72.1056,3,3,3,0,0,1.0,72.1056,0.0,0.0,90,0.75,0.5,1.0
015_R204,15,R,3,4,OPTIMAL,65.594,3,2,2,0,1,0.6667,58.3094,0.0,7.2846,90,0.75,0.5,1.0
015_R204,15,R,3,5,OPTIMAL,83.4641,3,3,3,0,0,1.0,83.4641,0.0,0.0,90,0.75,0.5,1.0
015_R204,15,R,3,6,OPTIMAL,71.155,3,2,1,1,1,0.6667,68.4588,0.0,2.6962,90,0.75,0.5,1.0
015_R204,15,R,3,7,OPTIMAL,108.4491,3,2,2,0,1,0.6667,77.8772,0.0,30.5719,90,0.75,0.5,1.0
015_R204,15,R,3,8,OPTIMAL,108.4323,3,3,3,0,0,1.0,108.4323,0.0,0.0,90,0.75,0.5,1.0
015_R204,15,R,3,9,OPTIMAL,99.3944,3,2,2,0,1,0.6667,79.1933,0.0,20.2011,90,0.75,0.5,1.0
015_R205,15,R,1,0,OPTIMAL,37.5782,1,1,1,0,0,1.0,37.5782,0.0,0.0,90,0.75,0.5,1.0
015_R205,15,R,1,1,OPTIMAL,40.5554,1,1,0,1,0,1.0,40.5554,0.0,0.0,90,0.75,0.5,1.0
015_R205,15,R,1,2,OPTIMAL,19.6093,1,1,0,1,0,1.0,19.6093,0.0,0.0,90,0.75,0.5,1.0
015_R205,15,R,1,3,OPTIMAL,34.4875,1,1,1,0,0,1.0,34.4875,0.0,0.0,90,0.75,0.5,1.0
015_R205,15,R,1,4,OPTIMAL,36.1995,1,1,1,0,0,1.0,36.1995,0.0,0.0,90,0.75,0.5,1.0
015_R205,15,R,1,5,OPTIMAL,29.7098,1,1,1,0,0,1.0,29.7098,0.0,0.0,90,0.75,0.5,1.0
015_R205,15,R,1,6,OPTIMAL,12.1175,1,0,0,0,1,0.0,0.0,0.0,12.1175,90,0.75,0.5,1.0
015_R205,15,R,1,7,OPTIMAL,38.1594,1,1,1,0,0,1.0,38.1594,0.0,0.0,90,0.75,0.5,1.0
015_R205,15,R,1,8,OPTIMAL,49.7504,1,1,1,0,0,1.0,49.7504,0.0,0.0,90,0.75,0.5,1.0
015_R205,15,R,1,9,OPTIMAL,38.1683,1,0,0,0,1,0.0,0.0,0.0,38.1683,90,0.75,0.5,1.0
015_R205,15,R,2,0,OPTIMAL,48.1963,2,1,1,0,1,0.5,17.7023,0.0,30.494,90,0.75,0.5,1.0
015_R205,15,R,2,1,OPTIMAL,55.4734,2,1,1,0,1,0.5,37.6578,0.0,17.8156,90,0.75,0.5,1.0
015_R205,15,R,2,2,OPTIMAL,78.0564,2,2,1,1,0,1.0,78.0564,0.0,0.0,90,0.75,0.5,1.0
015_R205,15,R,2,3,OPTIMAL,67.6843,2,1,1,0,1,0.5,47.3099,0.0,20.3743,90,0.75,0.5,1.0
015_R205,15,R,2,4,OPTIMAL,55.502,2,1,1,0,1,0.5,30.82,0.0,24.682,90,0.75,0.5,1.0
015_R205,15,R,2,5,OPTIMAL,86.1293,2,2,2,0,0,1.0,86.1293,0.0,0.0,90,0.75,0.5,1.0
015_R205,15,R,2,6,OPTIMAL,71.4697,2,2,2,0,0,1.0,71.4697,0.0,0.0,90,0.75,0.5,1.0
015_R205,15,R,2,7,OPTIMAL,94.3692,2,2,1,1,0,1.0,94.3692,0.0,0.0,90,0.75,0.5,1.0
015_R205,15,R,2,8,OPTIMAL,47.5692,2,2,1,1,0,1.0,47.5692,0.0,0.0,90,0.75,0.5,1.0
015_R205,15,R,2,9,OPTIMAL,43.7987,2,1,1,0,1,0.5,42.4146,0.0,1.3841,90,0.75,0.5,1.0
015_R205,15,R,3,0,OPTIMAL,49.9712,3,2,1,1,1,0.6667,45.2316,0.0,4.7396,90,0.75,0.5,1.0
015_R205,15,R,3,1,OPTIMAL,80.6407,3,2,1,1,1,0.6667,79.2128,0.0,1.4279,90,0.75,0.5,1.0
015_R205,15,R,3,2,OPTIMAL,55.8232,3,1,0,1,2,0.3333,21.5943,0.0,34.2289,90,0.75,0.5,1.0
015_R205,15,R,3,3,OPTIMAL,72.1056,3,3,3,0,0,1.0,72.1056,0.0,0.0,90,0.75,0.5,1.0
015_R205,15,R,3,4,OPTIMAL,50.1134,3,2,1,1,1,0.6667,48.1364,0.0,1.977,90,0.75,0.5,1.0
015_R205,15,R,3,5,OPTIMAL,83.4641,3,3,2,1,0,1.0,83.4641,0.0,0.0,90,0.75,0.5,1.0
015_R205,15,R,3,6,OPTIMAL,84.7392,3,1,0,1,2,0.3333,51.5417,0.0,33.1975,90,0.75,0.5,1.0
015_R205,15,R,3,7,OPTIMAL,120.8187,3,3,3,0,0,1.0,120.8187,0.0,0.0,90,0.75,0.5,1.0
015_R205,15,R,3,8,OPTIMAL,79.6633,3,1,1,0,2,0.3333,42.4311,0.0,37.2322,90,0.75,0.5,1.0
015_R205,15,R,3,9,OPTIMAL,110.7915,3,3,2,1,0,1.0,110.7915,0.0,0.0,90,0.75,0.5,1.0
015_R206,15,R,1,0,OPTIMAL,37.5782,1,1,1,0,0,1.0,37.5782,0.0,0.0,90,0.75,0.5,1.0
015_R206,15,R,1,1,OPTIMAL,40.5554,1,1,0,1,0,1.0,40.5554,0.0,0.0,90,0.75,0.5,1.0
015_R206,15,R,1,2,OPTIMAL,19.6093,1,1,1,0,0,1.0,19.6093,0.0,0.0,90,0.75,0.5,1.0
015_R206,15,R,1,3,OPTIMAL,34.4875,1,1,1,0,0,1.0,34.4875,0.0,0.0,90,0.75,0.5,1.0
015_R206,15,R,1,4,OPTIMAL,36.1995,1,1,1,0,0,1.0,36.1995,0.0,0.0,90,0.75,0.5,1.0
015_R206,15,R,1,5,OPTIMAL,29.7098,1,1,1,0,0,1.0,29.7098,0.0,0.0,90,0.75,0.5,1.0
015_R206,15,R,1,6,OPTIMAL,20.8508,1,1,1,0,0,1.0,20.8508,0.0,0.0,90,0.75,0.5,1.0
015_R206,15,R,1,7,OPTIMAL,38.1594,1,1,1,0,0,1.0,38.1594,0.0,0.0,90,0.75,0.5,1.0
015_R206,15,R,1,8,OPTIMAL,49.7504,1,1,1,0,0,1.0,49.7504,0.0,0.0,90,0.75,0.5,1.0
015_R206,15,R,1,9,OPTIMAL,38.1683,1,0,0,0,1,0.0,0.0,0.0,38.1683,90,0.75,0.5,1.0
015_R206,15,R,2,0,OPTIMAL,48.1963,2,1,1,0,1,0.5,17.7023,0.0,30.494,90,0.75,0.5,1.0
015_R206,15,R,2,1,OPTIMAL,60.1492,2,1,1,0,1,0.5,37.6578,0.0,22.4915,90,0.75,0.5,1.0
015_R206,15,R,2,2,OPTIMAL,78.0564,2,2,1,1,0,1.0,78.0564,0.0,0.0,90,0.75,0.5,1.0
015_R206,15,R,2,3,OPTIMAL,67.6843,2,1,1,0,1,0.5,47.3099,0.0,20.3743,90,0.75,0.5,1.0
015_R206,15,R,2,4,OPTIMAL,55.502,2,1,1,0,1,0.5,30.82,0.0,24.682,90,0.75,0.5,1.0
015_R206,15,R,2,5,OPTIMAL,86.1293,2,2,2,0,0,1.0,86.1293,0.0,0.0,90,0.75,0.5,1.0
015_R206,15,R,2,6,OPTIMAL,71.4697,2,2,2,0,0,1.0,71.4697,0.0,0.0,90,0.75,0.5,1.0
015_R206,15,R,2,7,OPTIMAL,94.3692,2,2,1,1,0,1.0,94.3692,0.0,0.0,90,0.75,0.5,1.0
015_R206,15,R,2,8,OPTIMAL,47.5692,2,2,1,1,0,1.0,47.5692,0.0,0.0,90,0.75,0.5,1.0
015_R206,15,R,2,9,OPTIMAL,43.7987,2,1,1,0,1,0.5,42.4146,0.0,1.3841,90,0.75,0.5,1.0
015_R206,15,R,3,0,OPTIMAL,49.9712,3,2,1,1,1,0.6667,45.2316,0.0,4.7396,90,0.75,0.5,1.0
015_R206,15,R,3,1,OPTIMAL,80.6407,3,2,1,1,1,0.6667,79.2128,0.0,1.4279,90,0.75,0.5,1.0
015_R206,15,R,3,2,OPTIMAL,76.8427,3,2,2,0,1,0.6667,58.0846,0.0,18.7581,90,0.75,0.5,1.0
015_R206,15,R,3,3,OPTIMAL,72.1056,3,3,3,0,0,1.0,72.1056,0.0,0.0,90,0.75,0.5,1.0
015_R206,15,R,3,4,OPTIMAL,65.594,3,2,2,0,1,0.6667,58.3094,0.0,7.2846,90,0.75,0.5,1.0
015_R206,15,R,3,5,OPTIMAL,83.4641,3,3,3,0,0,1.0,83.4641,0.0,0.0,90,0.75,0.5,1.0
015_R206,15,R,3,6,OPTIMAL,98.9809,3,2,2,0,1,0.6667,86.921,0.0,12.0599,90,0.75,0.5,1.0
015_R206,15,R,3,7,OPTIMAL,120.8187,3,3,3,0,0,1.0,120.8187,0.0,0.0,90,0.75,0.5,1.0
015_R206,15,R,3,8,OPTIMAL,108.4061,3,2,2,0,1,0.6667,82.7839,0.0,25.6222,90,0.75,0.5,1.0
015_R206,15,R,3,9,OPTIMAL,110.7915,3,3,3,0,0,1.0,110.7915,0.0,0.0,90,0.75,0.5,1.0
015_R207,15,R,1,0,OPTIMAL,37.5782,1,1,1,0,0,1.0,37.5782,0.0,0.0,90,0.75,0.5,1.0
015_R207,15,R,1,1,OPTIMAL,40.5554,1,1,0,1,0,1.0,40.5554,0.0,0.0,90,0.75,0.5,1.0
015_R207,15,R,1,2,OPTIMAL,19.6093,1,1,1,0,0,1.0,19.6093,0.0,0.0,90,0.75,0.5,1.0
015_R207,15,R,1,3,OPTIMAL,34.4875,1,1,1,0,0,1.0,34.4875,0.0,0.0,90,0.75,0.5,1.0
015_R207,15,R,1,4,OPTIMAL,36.1995,1,1,1,0,0,1.0,36.1995,0.0,0.0,90,0.75,0.5,1.0
015_R207,15,R,1,5,OPTIMAL,29.7098,1,1,1,0,0,1.0,29.7098,0.0,0.0,90,0.75,0.5,1.0
015_R207,15,R,1,6,OPTIMAL,20.8508,1,1,1,0,0,1.0,20.8508,0.0,0.0,90,0.75,0.5,1.0
015_R207,15,R,1,7,OPTIMAL,38.1594,1,1,1,0,0,1.0,38.1594,0.0,0.0,90,0.75,0.5,1.0
015_R207,15,R,1,8,OPTIMAL,49.7504,1,1,1,0,0,1.0,49.7504,0.0,0.0,90,0.75,0.5,1.0
015_R207,15,R,1,9,OPTIMAL,38.1683,1,0,0,0,1,0.0,0.0,0.0,38.1683,90,0.75,0.5,1.0
015_R207,15,R,2,0,OPTIMAL,48.1963,2,1,1,0,1,0.5,17.7023,0.0,30.494,90,0.75,0.5,1.0
015_R207,15,R,2,1,OPTIMAL,60.1492,2,1,1,0,1,0.5,37.6578,0.0,22.4915,90,0.75,0.5,1.0
015_R207,15,R,2,2,OPTIMAL,78.0564,2,2,1,1,0,1.0,78.0564,0.0,0.0,90,0.75,0.5,1.0
015_R207,15,R,2,3,OPTIMAL,69.0091,2,2,1,1,0,1.0,69.0091,0.0,0.0,90,0.75,0.5,1.0
015_R207,15,R,2,4,OPTIMAL,55.502,2,1,1,0,1,0.5,30.82,0.0,24.682,90,0.75,0.5,1.0
015_R207,15,R,2,5,OPTIMAL,86.1293,2,2,2,0,0,1.0,86.1293,0.0,0.0,90,0.75,0.5,1.0
015_R207,15,R,2,6,OPTIMAL,71.4697,2,2,2,0,0,1.0,71.4697,0.0,0.0,90,0.75,0.5,1.0
015_R207,15,R,2,7,OPTIMAL,94.3692,2,2,1,1,0,1.0,94.3692,0.0,0.0,90,0.75,0.5,1.0
015_R207,15,R,2,8,OPTIMAL,47.5692,2,2,1,1,0,1.0,47.5692,0.0,0.0,90,0.75,0.5,1.0
015_R207,15,R,2,9,OPTIMAL,43.7987,2,1,1,0,1,0.5,42.4146,0.0,1.3841,90,0.75,0.5,1.0
015_R207,15,R,3,0,OPTIMAL,49.9712,3,2,1,1,1,0.6667,45.2316,0.0,4.7396,90,0.75,0.5,1.0
015_R207,15,R,3,1,OPTIMAL,116.7465,3,3,1,2,0,1.0,116.7465,0.0,0.0,90,0.75,0.5,1.0
015_R207,15,R,3,2,OPTIMAL,76.8427,3,2,2,0,1,0.6667,58.0846,0.0,18.7581,90,0.75,0.5,1.0
015_R207,15,R,3,3,OPTIMAL,72.1056,3,3,3,0,0,1.0,72.1056,0.0,0.0,90,0.75,0.5,1.0
015_R207,15,R,3,4,OPTIMAL,78.5283,3,3,2,1,0,1.0,78.5283,0.0,0.0,90,0.75,0.5,1.0
015_R207,15,R,3,5,OPTIMAL,83.4641,3,3,3,0,0,1.0,83.4641,0.0,0.0,90,0.75,0.5,1.0
015_R207,15,R,3,6,OPTIMAL,98.9809,3,2,2,0,1,0.6667,86.921,0.0,12.0599,90,0.75,0.5,1.0
015_R207,15,R,3,7,OPTIMAL,120.8187,3,3,3,0,0,1.0,120.8187,0.0,0.0,90,0.75,0.5,1.0
015_R207,15,R,3,8,OPTIMAL,108.4061,3,2,2,0,1,0.6667,82.7839,0.0,25.6222,90,0.75,0.5,1.0
015_R207,15,R,3,9,OPTIMAL,110.7915,3,3,3,0,0,1.0,110.7915,0.0,0.0,90,0.75,0.5,1.0
015_R208,15,R,1,0,OPTIMAL,37.5782,1,1,1,0,0,1.0,37.5782,0.0,0.0,90,0.75,0.5,1.0
015_R208,15,R,1,1,OPTIMAL,40.5554,1,1,0,1,0,1.0,40.5554,0.0,0.0,90,0.75,0.5,1.0
015_R208,15,R,1,2,OPTIMAL,19.6093,1,1,1,0,0,1.0,19.6093,0.0,0.0,90,0.75,0.5,1.0
015_R208,15,R,1,3,OPTIMAL,34.4875,1,1,1,0,0,1.0,34.4875,0.0,0.0,90,0.75,0.5,1.0
015_R208,15,R,1,4,OPTIMAL,36.1995,1,1,1,0,0,1.0,36.1995,0.0,0.0,90,0.75,0.5,1.0
015_R208,15,R,1,5,OPTIMAL,29.7098,1,1,1,0,0,1.0,29.7098,0.0,0.0,90,0.75,0.5,1.0
015_R208,15,R,1,6,OPTIMAL,20.8508,1,1,1,0,0,1.0,20.8508,0.0,0.0,90,0.75,0.5,1.0
015_R208,15,R,1,7,OPTIMAL,38.1594,1,1,1,0,0,1.0,38.1594,0.0,0.0,90,0.75,0.5,1.0
015_R208,15,R,1,8,OPTIMAL,35.6467,1,0,0,0,1,0.0,0.0,0.0,35.6467,90,0.75,0.5,1.0
015_R208,15,R,1,9,OPTIMAL,39.7385,1,1,0,1,0,1.0,39.7385,0.0,0.0,90,0.75,0.5,1.0
015_R208,15,R,2,0,OPTIMAL,67.5254,2,2,1,1,0,1.0,67.5254,0.0,0.0,90,0.75,0.5,1.0
015_R208,15,R,2,1,OPTIMAL,60.842,2,2,1,1,0,1.0,60.842,0.0,0.0,90,0.75,0.5,1.0
015_R208,15,R,2,2,OPTIMAL,78.0564,2,2,1,1,0,1.0,78.0564,0.0,0.0,90,0.75,0.5,1.0
015_R208,15,R,2,3,OPTIMAL,69.0091,2,2,2,0,0,1.0,69.0091,0.0,0.0,90,0.75,0.5,1.0
015_R208,15,R,2,4,OPTIMAL,69.4982,2,2,1,1,0,1.0,69.4982,0.0,0.0,90,0.75,0.5,1.0
015_R208,15,R,2,5,OPTIMAL,86.1293,2,2,2,0,0,1.0,86.1293,0.0,0.0,90,0.75,0.5,1.0
015_R208,15,R,2,6,OPTIMAL,71.4697,2,2,2,0,0,1.0,71.4697,0.0,0.0,90,0.75,0.5,1.0
015_R208,15,R,2,7,OPTIMAL,94.3692,2,2,1,1,0,1.0,94.3692,0.0,0.0,90,0.75,0.5,1.0
015_R208,15,R,2,8,OPTIMAL,47.5692,2,2,1,1,0,1.0,47.5692,0.0,0.0,90,0.75,0.5,1.0
015_R208,15,R,2,9,OPTIMAL,43.7987,2,1,1,0,1,0.5,42.4146,0.0,1.3841,90,0.75,0.5,1.0
015_R208,15,R,3,0,OPTIMAL,73.8732,3,3,2,1,0,1.0,73.8732,0.0,0.0,90,0.75,0.5,1.0
015_R208,15,R,3,1,OPTIMAL,116.7465,3,3,3,0,0,1.0,116.7465,0.0,0.0,90,0.75,0.5,1.0
015_R208,15,R,3,2,OPTIMAL,79.0702,3,3,2,1,0,1.0,79.0702,0.0,0.0,90,0.75,0.5,1.0
015_R208,15,R,3,3,OPTIMAL,72.1056,3,3,3,0,0,1.0,72.1056,0.0,0.0,90,0.75,0.5,1.0
015_R208,15,R,3,4,OPTIMAL,58.6325,3,2,2,0,1,0.6667,58.3094,0.0,0.3231,90,0.75,0.5,1.0
015_R208,15,R,3,5,OPTIMAL,83.4641,3,3,3,0,0,1.0,83.4641,0.0,0.0,90,0.75,0.5,1.0
015_R208,15,R,3,6,OPTIMAL,120.0005,3,3,2,1,0,1.0,120.0005,0.0,0.0,90,0.75,0.5,1.0
015_R208,15,R,3,7,OPTIMAL,120.8187,3,3,3,0,0,1.0,120.8187,0.0,0.0,90,0.75,0.5,1.0
015_R208,15,R,3,8,OPTIMAL,108.4323,3,3,2,1,0,1.0,108.4323,0.0,0.0,90,0.75,0.5,1.0
015_R208,15,R,3,9,OPTIMAL,110.7915,3,3,3,0,0,1.0,110.7915,0.0,0.0,90,0.75,0.5,1.0
015_R209,15,R,1,0,OPTIMAL,37.5782,1,1,1,0,0,1.0,37.5782,0.0,0.0,90,0.75,0.5,1.0
015_R209,15,R,1,1,OPTIMAL,40.5554,1,1,1,0,0,1.0,40.5554,0.0,0.0,90,0.75,0.5,1.0
015_R209,15,R,1,2,OPTIMAL,19.6093,1,1,0,1,0,1.0,19.6093,0.0,0.0,90,0.75,0.5,1.0
015_R209,15,R,1,3,OPTIMAL,34.4875,1,1,1,0,0,1.0,34.4875,0.0,0.0,90,0.75,0.5,1.0
015_R209,15,R,1,4,OPTIMAL,36.1995,1,1,1,0,0,1.0,36.1995,0.0,0.0,90,0.75,0.5,1.0
015_R209,15,R,1,5,OPTIMAL,29.7098,1,1,1,0,0,1.0,29.7098,0.0,0.0,90,0.75,0.5,1.0
015_R209,15,R,1,6,OPTIMAL,20.8508,1,1,0,1,0,1.0,20.8508,0.0,0.0,90,0.75,0.5,1.0
015_R209,15,R,1,7,OPTIMAL,38.1594,1,1,1,0,0,1.0,38.1594,0.0,0.0,90,0.75,0.5,1.0
015_R209,15,R,1,8,OPTIMAL,48.3027,1,0,0,0,1,0.0,0.0,0.0,48.3027,90,0.75,0.5,1.0
015_R209,15,R,1,9,OPTIMAL,39.7385,1,1,1,0,0,1.0,39.7385,0.0,0.0,90,0.75,0.5,1.0
015_R209,15,R,2,0,OPTIMAL,67.5254,2,2,2,0,0,1.0,67.5254,0.0,0.0,90,0.75,0.5,1.0
015_R209,15,R,2,1,OPTIMAL,60.842,2,2,1,1,0,1.0,60.842,0.0,0.0,90,0.75,0.5,1.0
015_R209,15,R,2,2,OPTIMAL,78.0564,2,2,2,0,0,1.0,78.0564,0.0,0.0,90,0.75,0.5,1.0
015_R209,15,R,2,3,OPTIMAL,50.5379,2,1,1,0,1,0.5,47.3099,0.0,3.2279,90,0.75,0.5,1.0
015_R209,15,R,2,4,OPTIMAL,69.4982,2,2,0,2,0,1.0,69.4982,0.0,0.0,90,0.75,0.5,1.0
015_R209,15,R,2,5,OPTIMAL,86.1293,2,2,2,0,0,1.0,86.1293,0.0,0.0,90,0.75,0.5,1.0
015_R209,15,R,2,6,OPTIMAL,71.4697,2,2,2,0,0,1.0,71.4697,0.0,0.0,90,0.75,0.5,1.0
015_R209,15,R,2,7,OPTIMAL,94.3692,2,2,1,1,0,1.0,94.3692,0.0,0.0,90,0.75,0.5,1.0
015_R209,15,R,2,8,OPTIMAL,47.5692,2,2,1,1,0,1.0,47.5692,0.0,0.0,90,0.75,0.5,1.0
015_R209,15,R,2,9,OPTIMAL,93.4763,2,2,1,1,0,1.0,93.4763,0.0,0.0,90,0.75,0.5,1.0
015_R209,15,R,3,0,OPTIMAL,58.8012,3,2,1,1,1,0.6667,54.4676,0.0,4.3336,90,0.75,0.5,1.0
015_R209,15,R,3,1,OPTIMAL,64.6219,3,1,1,0,2,0.3333,37.5336,0.0,27.0883,90,0.75,0.5,1.0
015_R209,15,R,3,2,OPTIMAL,79.0702,3,3,2,1,0,1.0,79.0702,0.0,0.0,90,0.75,0.5,1.0
015_R209,15,R,3,3,OPTIMAL,64.2766,3,2,2,0,1,0.6667,59.4287,0.0,4.848,90,0.75,0.5,1.0
015_R209,15,R,3,4,OPTIMAL,72.7494,3,1,0,1,2,0.3333,27.9175,0.0,44.8319,90,0.75,0.5,1.0
015_R209,15,R,3,5,OPTIMAL,83.4641,3,3,2,1,0,1.0,83.4641,0.0,0.0,90,0.75,0.5,1.0
015_R209,15,R,3,6,OPTIMAL,105.7588,3,2,1,1,1,0.6667,84.6212,0.0,21.1376,90,0.75,0.5,1.0
015_R209,15,R,3,7,OPTIMAL,120.8187,3,3,2,1,0,1.0,120.8187,0.0,0.0,90,0.75,0.5,1.0
015_R209,15,R,3,8,OPTIMAL,87.7954,3,2,1,1,1,0.6667,82.7839,0.0,5.0114,90,0.75,0.5,1.0
015_R209,15,R,3,9,OPTIMAL,110.7915,3,3,2,1,0,1.0,110.7915,0.0,0.0,90,0.75,0.5,1.0
015_R210,15,R,1,0,OPTIMAL,17.8286,1,0,0,0,1,0.0,0.0,0.0,17.8286,90,0.75,0.5,1.0
015_R210,15,R,1,1,OPTIMAL,40.5554,1,1,1,0,0,1.0,40.5554,0.0,0.0,90,0.75,0.5,1.0
015_R210,15,R,1,2,OPTIMAL,19.6093,1,1,1,0,0,1.0,19.6093,0.0,0.0,90,0.75,0.5,1.0
015_R210,15,R,1,3,OPTIMAL,34.4875,1,1,1,0,0,1.0,34.4875,0.0,0.0,90,0.75,0.5,1.0
015_R210,15,R,1,4,OPTIMAL,3.8658,1,0,0,0,1,0.0,0.0,0.0,3.8658,90,0.75,0.5,1.0
015_R210,15,R,1,5,OPTIMAL,29.7098,1,1,1,0,0,1.0,29.7098,0.0,0.0,90,0.75,0.5,1.0
015_R210,15,R,1,6,OPTIMAL,7.5174,1,0,0,0,1,0.0,0.0,0.0,7.5174,90,0.75,0.5,1.0
015_R210,15,R,1,7,OPTIMAL,38.1594,1,1,1,0,0,1.0,38.1594,0.0,0.0,90,0.75,0.5,1.0
015_R210,15,R,1,8,OPTIMAL,27.203,1,0,0,0,1,0.0,0.0,0.0,27.203,90,0.75,0.5,1.0
015_R210,15,R,1,9,OPTIMAL,39.7385,1,1,1,0,0,1.0,39.7385,0.0,0.0,90,0.75,0.5,1.0
015_R210,15,R,2,0,OPTIMAL,67.5254,2,2,2,0,0,1.0,67.5254,0.0,0.0,90,0.75,0.5,1.0
015_R210,15,R,2,1,OPTIMAL,55.4734,2,1,1,0,1,0.5,37.6578,0.0,17.8156,90,0.75,0.5,1.0
015_R210,15,R,2,2,OPTIMAL,78.0564,2,2,1,1,0,1.0,78.0564,0.0,0.0,90,0.75,0.5,1.0
015_R210,15,R,2,3,OPTIMAL,67.6843,2,1,1,0,1,0.5,47.3099,0.0,20.3743,90,0.75,0.5,1.0
015_R210,15,R,2,4,OPTIMAL,69.4982,2,2,1,1,0,1.0,69.4982,0.0,0.0,90,0.75,0.5,1.0
015_R210,15,R,2,5,OPTIMAL,70.2921,2,0,0,0,2,0.0,0.0,0.0,70.2921,90,0.75,0.5,1.0
015_R210,15,R,2,6,OPTIMAL,71.4697,2,2,2,0,0,1.0,71.4697,0.0,0.0,90,0.75,0.5,1.0
015_R210,15,R,2,7,OPTIMAL,94.3692,2,2,2,0,0,1.0,94.3692,0.0,0.0,90,0.75,0.5,1.0
015_R210,15,R,2,8,OPTIMAL,47.5692,2,2,2,0,0,1.0,47.5692,0.0,0.0,90,0.75,0.5,1.0
015_R210,15,R,2,9,OPTIMAL,93.4763,2,2,2,0,0,1.0,93.4763,0.0,0.0,90,0.75,0.5,1.0
015_R210,15,R,3,0,OPTIMAL,73.8732,3,3,2,1,0,1.0,73.8732,0.0,0.0,90,0.75,0.5,1.0
015_R210,15,R,3,1,OPTIMAL,98.5251,3,2,2,0,1,0.6667,68.0213,0.0,30.5037,90,0.75,0.5,1.0
015_R210,15,R,3,2,OPTIMAL,59.0784,3,2,1,1,1,0.6667,42.5799,0.0,16.4986,90,0.75,0.5,1.0
015_R210,15,R,3,3,OPTIMAL,72.1056,3,3,2,1,0,1.0,72.1056,0.0,0.0,90,0.75,0.5,1.0
015_R210,15,R,3,4,OPTIMAL,78.5283,3,3,2,1,0,1.0,78.5283,0.0,0.0,90,0.75,0.5,1.0
015_R210,15,R,3,5,OPTIMAL,83.4641,3,3,3,0,0,1.0,83.4641,0.0,0.0,90,0.75,0.5,1.0
015_R210,15,R,3,6,OPTIMAL,47.9957,3,0,0,0,3,0.0,0.0,0.0,47.9957,90,0.75,0.5,1.0
015_R210,15,R,3,7,OPTIMAL,99.5081,3,2,1,1,1,0.6667,77.8772,0.0,21.6308,90,0.75,0.5,1.0
015_R210,15,R,3,8,OPTIMAL,108.4323,3,3,3,0,0,1.0,108.4323,0.0,0.0,90,0.75,0.5,1.0
015_R210,15,R,3,9,OPTIMAL,99.3944,3,2,2,0,1,0.6667,79.1933,0.0,20.2011,90,0.75,0.5,1.0
015_R211,15,R,1,0,OPTIMAL,0.0181,1,0,0,0,1,0.0,0.0,0.0,0.0181,90,0.75,0.5,1.0
015_R211,15,R,1,1,OPTIMAL,40.5554,1,1,1,0,0,1.0,40.5554,0.0,0.0,90,0.75,0.5,1.0
015_R211,15,R,1,2,OPTIMAL,6.1367,1,0,0,0,1,0.0,0.0,0.0,6.1367,90,0.75,0.5,1.0
015_R211,15,R,1,3,OPTIMAL,34.4875,1,1,1,0,0,1.0,34.4875,0.0,0.0,90,0.75,0.5,1.0
015_R211,15,R,1,4,OPTIMAL,17.7113,1,0,0,0,1,0.0,0.0,0.0,17.7113,90,0.75,0.5,1.0
015_R211,15,R,1,5,OPTIMAL,29.7098,1,1,1,0,0,1.0,29.7098,0.0,0.0,90,0.75,0.5,1.0
015_R211,15,R,1,6,OPTIMAL,17.4564,1,0,0,0,1,0.0,0.0,0.0,17.4564,90,0.75,0.5,1.0
015_R211,15,R,1,7,OPTIMAL,38.1594,1,1,1,0,0,1.0,38.1594,0.0,0.0,90,0.75,0.5,1.0
015_R211,15,R,1,8,OPTIMAL,49.7504,1,1,1,0,0,1.0,49.7504,0.0,0.0,90,0.75,0.5,1.0
015_R211,15,R,1,9,OPTIMAL,39.7385,1,1,1,0,0,1.0,39.7385,0.0,0.0,90,0.75,0.5,1.0
015_R211,15,R,2,0,OPTIMAL,67.5254,2,2,2,0,0,1.0,67.5254,0.0,0.0,90,0.75,0.5,1.0
015_R211,15,R,2,1,OPTIMAL,60.842,2,2,1,1,0,1.0,60.842,0.0,0.0,90,0.75,0.5,1.0
015_R211,15,R,2,2,OPTIMAL,78.0564,2,2,1,1,0,1.0,78.0564,0.0,0.0,90,0.75,0.5,1.0
015_R211,15,R,2,3,OPTIMAL,53.0987,2,1,1,0,1,0.5,47.3099,0.0,5.7888,90,0.75,0.5,1.0
015_R211,15,R,2,4,OPTIMAL,69.4982,2,2,2,0,0,1.0,69.4982,0.0,0.0,90,0.75,0.5,1.0
015_R211,15,R,2,5,OPTIMAL,77.1528,2,1,1,0,1,0.5,51.5222,0.0,25.6306,90,0.75,0.5,1.0
015_R211,15,R,2,6,OPTIMAL,71.4697,2,2,2,0,0,1.0,71.4697,0.0,0.0,90,0.75,0.5,1.0
015_R211,15,R,2,7,OPTIMAL,94.3692,2,2,2,0,0,1.0,94.3692,0.0,0.0,90,0.75,0.5,1.0
015_R211,15,R,2,8,OPTIMAL,47.5692,2,2,2,0,0,1.0,47.5692,0.0,0.0,90,0.75,0.5,1.0
015_R211,15,R,2,9,OPTIMAL,93.4763,2,2,2,0,0,1.0,93.4763,0.0,0.0,90,0.75,0.5,1.0
015_R211,15,R,3,0,OPTIMAL,73.8732,3,3,2,1,0,1.0,73.8732,0.0,0.0,90,0.75,0.5,1.0
015_R211,15,R,3,1,OPTIMAL,116.7465,3,3,1,2,0,1.0,116.7465,0.0,0.0,90,0.75,0.5,1.0
015_R211,15,R,3,2,OPTIMAL,24.2233,3,1,1,0,2,0.3333,20.9856,0.0,3.2377,90,0.75,0.5,1.0
015_R211,15,R,3,3,OPTIMAL,72.1056,3,3,3,0,0,1.0,72.1056,0.0,0.0,90,0.75,0.5,1.0
015_R211,15,R,3,4,OPTIMAL,31.9631,3,1,0,1,2,0.3333,27.9175,0.0,4.0456,90,0.75,0.5,1.0
015_R211,15,R,3,5,OPTIMAL,63.876,3,2,2,0,1,0.6667,51.9437,0.0,11.9323,90,0.75,0.5,1.0
015_R211,15,R,3,6,OPTIMAL,98.108,3,2,1,1,1,0.6667,68.4588,0.0,29.6492,90,0.75,0.5,1.0
015_R211,15,R,3,7,OPTIMAL,120.8187,3,3,3,0,0,1.0,120.8187,0.0,0.0,90,0.75,0.5,1.0
015_R211,15,R,3,8,OPTIMAL,108.4323,3,3,3,0,0,1.0,108.4323,0.0,0.0,90,0.75,0.5,1.0
015_R211,15,R,3,9,OPTIMAL,99.6368,3,2,2,0,1,0.6667,79.1933,0.0,20.4435,90,0.75,0.5,1.0
015_RC101,15,RC,1,0,OPTIMAL,68.6727,1,1,1,0,0,1.0,68.6727,0.0,0.0,90,0.75,0.5,1.0
015_RC101,15,RC,1,1,OPTIMAL,10.8414,1,0,0,0,1,0.0,0.0,0.0,10.8414,90,0.75,0.5,1.0
015_RC101,15,RC,1,2,OPTIMAL,2.4662,1,0,0,0,1,0.0,0.0,0.0,2.4662,90,0.75,0.5,1.0
015_RC101,15,RC,1,3,OPTIMAL,0.0007,1,0,0,0,1,0.0,0.0,0.0,0.0007,90,0.75,0.5,1.0
015_RC101,15,RC,1,4,OPTIMAL,1.7142,1,0,0,0,1,0.0,0.0,0.0,1.7142,90,0.75,0.5,1.0
015_RC101,15,RC,1,5,OPTIMAL,2.5881,1,0,0,0,1,0.0,0.0,0.0,2.5881,90,0.75,0.5,1.0
015_RC101,15,RC,1,6,OPTIMAL,0.8029,1,0,0,0,1,0.0,0.0,0.0,0.8029,90,0.75,0.5,1.0
015_RC101,15,RC,1,7,OPTIMAL,4.4851,1,0,0,0,1,0.0,0.0,0.0,4.4851,90,0.75,0.5,1.0
015_RC101,15,RC,1,8,OPTIMAL,47.1597,1,1,1,0,0,1.0,47.1597,0.0,0.0,90,0.75,0.5,1.0
015_RC101,15,RC,1,9,OPTIMAL,0.9657,1,0,0,0,1,0.0,0.0,0.0,0.9657,90,0.75,0.5,1.0
015_RC101,15,RC,2,0,OPTIMAL,24.6068,2,0,0,0,2,0.0,0.0,0.0,24.6068,90,0.75,0.5,1.0
015_RC101,15,RC,2,1,OPTIMAL,65.837,2,1,1,0,1,0.5,64.8191,0.0,1.018,90,0.75,0.5,1.0
015_RC101,15,RC,2,2,OPTIMAL,0.3485,2,0,0,0,2,0.0,0.0,0.0,0.3485,90,0.75,0.5,1.0
015_RC101,15,RC,2,3,OPTIMAL,22.1502,2,0,0,0,2,0.0,0.0,0.0,22.1502,90,0.75,0.5,1.0
015_RC101,15,RC,2,4,OPTIMAL,66.6254,2,0,0,0,2,0.0,0.0,4.6309,61.9945,90,0.75,0.5,1.0
015_RC101,15,RC,2,5,OPTIMAL,9.0261,2,0,0,0,2,0.0,0.0,0.0,9.0261,90,0.75,0.5,1.0
015_RC101,15,RC,2,6,OPTIMAL,14.2382,2,0,0,0,2,0.0,0.0,0.0,14.2382,90,0.75,0.5,1.0
015_RC101,15,RC,2,7,OPTIMAL,0.6055,2,0,0,0,2,0.0,0.0,0.0,0.6055,90,0.75,0.5,1.0
015_RC101,15,RC,2,8,OPTIMAL,46.9829,2,0,0,0,2,0.0,0.0,0.0,46.9829,90,0.75,0.5,1.0
015_RC101,15,RC,2,9,OPTIMAL,15.9267,2,0,0,0,2,0.0,0.0,0.0,15.9267,90,0.75,0.5,1.0
015_RC101,15,RC,3,0,OPTIMAL,8.9888,3,0,0,0,3,0.0,0.0,0.0,8.9888,90,0.75,0.5,1.0
015_RC101,15,RC,3,1,OPTIMAL,10.0419,3,0,0,0,3,0.0,0.0,0.0,10.0419,90,0.75,0.5,1.0
015_RC101,15,RC,3,2,OPTIMAL,17.8427,3,0,0,0,3,0.0,0.0,0.0,17.8427,90,0.75,0.5,1.0
015_RC101,15,RC,3,3,OPTIMAL,21.0099,3,0,0,0,3,0.0,0.0,0.0,21.0099,90,0.75,0.5,1.0
015_RC101,15,RC,3,4,OPTIMAL,15.0859,3,0,0,0,3,0.0,0.0,0.0,15.0859,90,0.75,0.5,1.0
015_RC101,15,RC,3,5,OPTIMAL,64.6514,3,0,0,0,3,0.0,0.0,3.5233,61.1281,90,0.75,0.5,1.0
015_RC101,15,RC,3,6,OPTIMAL,11.2392,3,0,0,0,3,0.0,0.0,0.0,11.2392,90,0.75,0.5,1.0
015_RC101,15,RC,3,7,OPTIMAL,137.3894,3,2,1,1,1,0.6667,117.4854,0.0,19.904,90,0.75,0.5,1.0
015_RC101,15,RC,3,8,OPTIMAL,77.4448,3,1,1,0,2,0.3333,62.2769,0.0,15.1679,90,0.75,0.5,1.0
015_RC101,15,RC,3,9,OPTIMAL,10.94,3,0,0,0,3,0.0,0.0,0.0,10.94,90,0.75,0.5,1.0
015_RC102,15,RC,1,0,OPTIMAL,3.132,1,0,0,0,1,0.0,0.0,0.0,3.132,90,0.75,0.5,1.0
015_RC102,15,RC,1,1,OPTIMAL,0.6209,1,0,0,0,1,0.0,0.0,0.0,0.6209,90,0.75,0.5,1.0
015_RC102,15,RC,1,2,OPTIMAL,3.5881,1,0,0,0,1,0.0,0.0,0.0,3.5881,90,0.75,0.5,1.0
015_RC102,15,RC,1,3,OPTIMAL,0.0007,1,0,0,0,1,0.0,0.0,0.0,0.0007,90,0.75,0.5,1.0
015_RC102,15,RC,1,4,OPTIMAL,2.5713,1,0,0,0,1,0.0,0.0,0.0,2.5713,90,0.75,0.5,1.0
015_RC102,15,RC,1,5,OPTIMAL,0.5369,1,0,0,0,1,0.0,0.0,0.0,0.5369,90,0.75,0.5,1.0
015_RC102,15,RC,1,6,OPTIMAL,0.4014,1,0,0,0,1,0.0,0.0,0.0,0.4014,90,0.75,0.5,1.0
015_RC102,15,RC,1,7,OPTIMAL,6.9116,1,0,0,0,1,0.0,0.0,0.0,6.9116,90,0.75,0.5,1.0
015_RC102,15,RC,1,8,OPTIMAL,9.4522,1,0,0,0,1,0.0,0.0,0.0,9.4522,90,0.75,0.5,1.0
015_RC102,15,RC,1,9,OPTIMAL,47.0156,1,1,1,0,0,1.0,47.0156,0.0,0.0,90,0.75,0.5,1.0
015_RC102,15,RC,2,0,OPTIMAL,8.0386,2,0,0,0,2,0.0,0.0,0.0,8.0386,90,0.75,0.5,1.0
015_RC102,15,RC,2,1,OPTIMAL,43.7257,2,1,1,0,1,0.5,42.4317,0.0,1.2941,90,0.75,0.5,1.0
015_RC102,15,RC,2,2,OPTIMAL,0.5285,2,0,0,0,2,0.0,0.0,0.0,0.5285,90,0.75,0.5,1.0
015_RC102,15,RC,2,3,OPTIMAL,8.3353,2,0,0,0,2,0.0,0.0,0.0,8.3353,90,0.75,0.5,1.0
015_RC102,15,RC,2,4,OPTIMAL,57.0117,2,1,1,0,1,0.5,55.9014,0.0,1.1103,90,0.75,0.5,1.0
015_RC102,15,RC,2,5,OPTIMAL,0.62,2,0,0,0,2,0.0,0.0,0.0,0.62,90,0.75,0.5,1.0
015_RC102,15,RC,2,6,OPTIMAL,74.5608,2,1,1,0,1,0.5,53.6335,0.0,20.9273,90,0.75,0.5,1.0
015_RC102,15,RC,2,7,OPTIMAL,1.509,2,0,0,0,2,0.0,0.0,0.0,1.509,90,0.75,0.5,1.0
015_RC102,15,RC,2,8,OPTIMAL,120.101,2,2,2,0,0,1.0,120.101,0.0,0.0,90,0.75,0.5,1.0
015_RC102,15,RC,2,9,OPTIMAL,16.5008,2,0,0,0,2,0.0,0.0,0.0,16.5008,90,0.75,0.5,1.0
015_RC102,15,RC,3,0,OPTIMAL,12.9329,3,0,0,0,3,0.0,0.0,0.0,12.9329,90,0.75,0.5,1.0
015_RC102,15,RC,3,1,OPTIMAL,56.6857,3,1,1,0,2,0.3333,47.5991,0.0,9.0866,90,0.75,0.5,1.0
015_RC102,15,RC,3,2,OPTIMAL,10.5987,3,0,0,0,3,0.0,0.0,0.0,10.5987,90,0.75,0.5,1.0
015_RC102,15,RC,3,3,OPTIMAL,88.8782,3,1,1,0,2,0.3333,58.5135,0.0,30.3647,90,0.75,0.5,1.0
015_RC102,15,RC,3,4,OPTIMAL,7.0401,3,0,0,0,3,0.0,0.0,0.0,7.0401,90,0.75,0.5,1.0
015_RC102,15,RC,3,5,OPTIMAL,15.5605,3,0,0,0,3,0.0,0.0,0.0,15.5605,90,0.75,0.5,1.0
015_RC102,15,RC,3,6,OPTIMAL,87.0045,3,1,1,0,2,0.3333,53.617,0.0,33.3875,90,0.75,0.5,1.0
015_RC102,15,RC,3,7,OPTIMAL,23.6828,3,0,0,0,3,0.0,0.0,0.0,23.6828,90,0.75,0.5,1.0
015_RC102,15,RC,3,8,OPTIMAL,73.2473,3,1,1,0,2,0.3333,62.2769,0.0,10.9704,90,0.75,0.5,1.0
015_RC102,15,RC,3,9,OPTIMAL,61.1486,3,1,1,0,2,0.3333,48.528,0.0,12.6206,90,0.75,0.5,1.0
015_RC103,15,RC,1,0,OPTIMAL,9.2548,1,0,0,0,1,0.0,0.0,0.0,9.2548,90,0.75,0.5,1.0
015_RC103,15,RC,1,1,OPTIMAL,0.6209,1,0,0,0,1,0.0,0.0,0.0,0.6209,90,0.75,0.5,1.0
015_RC103,15,RC,1,2,OPTIMAL,3.5881,1,0,0,0,1,0.0,0.0,0.0,3.5881,90,0.75,0.5,1.0
015_RC103,15,RC,1,3,OPTIMAL,0.0007,1,0,0,0,1,0.0,0.0,0.0,0.0007,90,0.75,0.5,1.0
015_RC103,15,RC,1,4,OPTIMAL,6.8087,1,0,0,0,1,0.0,0.0,0.0,6.8087,90,0.75,0.5,1.0
015_RC103,15,RC,1,5,OPTIMAL,0.5369,1,0,0,0,1,0.0,0.0,0.0,0.5369,90,0.75,0.5,1.0
015_RC103,15,RC,1,6,OPTIMAL,0.4014,1,0,0,0,1,0.0,0.0,0.0,0.4014,90,0.75,0.5,1.0
015_RC103,15,RC,1,7,OPTIMAL,6.9116,1,0,0,0,1,0.0,0.0,0.0,6.9116,90,0.75,0.5,1.0
015_RC103,15,RC,1,8,OPTIMAL,18.9044,1,0,0,0,1,0.0,0.0,0.0,18.9044,90,0.75,0.5,1.0
015_RC103,15,RC,1,9,OPTIMAL,47.0156,1,1,1,0,0,1.0,47.0156,0.0,0.0,90,0.75,0.5,1.0
015_RC103,15,RC,2,0,OPTIMAL,5.7668,2,0,0,0,2,0.0,0.0,0.0,5.7668,90,0.75,0.5,1.0
015_RC103,15,RC,2,1,OPTIMAL,43.3293,2,1,1,0,1,0.5,42.4317,0.0,0.8976,90,0.75,0.5,1.0
015_RC103,15,RC,2,2,OPTIMAL,2.5413,2,0,0,0,2,0.0,0.0,0.0,2.5413,90,0.75,0.5,1.0
015_RC103,15,RC,2,3,OPTIMAL,8.3353,2,0,0,0,2,0.0,0.0,0.0,8.3353,90,0.75,0.5,1.0
015_RC103,15,RC,2,4,OPTIMAL,3.5647,2,0,0,0,2,0.0,0.0,0.0,3.5647,90,0.75,0.5,1.0
015_RC103,15,RC,2,5,OPTIMAL,0.62,2,0,0,0,2,0.0,0.0,0.0,0.62,90,0.75,0.5,1.0
015_RC103,15,RC,2,6,OPTIMAL,76.0902,2,1,1,0,1,0.5,53.6335,0.0,22.4567,90,0.75,0.5,1.0
015_RC103,15,RC,2,7,OPTIMAL,1.5285,2,0,0,0,2,0.0,0.0,0.0,1.5285,90,0.75,0.5,1.0
015_RC103,15,RC,2,8,OPTIMAL,120.101,2,2,2,0,0,1.0,120.101,0.0,0.0,90,0.75,0.5,1.0
015_RC103,15,RC,2,9,OPTIMAL,27.4253,2,0,0,0,2,0.0,0.0,0.0,27.4253,90,0.75,0.5,1.0
015_RC103,15,RC,3,0,OPTIMAL,52.4092,3,0,0,0,3,0.0,0.0,0.0,52.4092,90,0.75,0.5,1.0
015_RC103,15,RC,3,1,OPTIMAL,114.7757,3,2,2,0,1,0.6667,112.8806,0.0,1.8951,90,0.75,0.5,1.0
015_RC103,15,RC,3,2,OPTIMAL,8.6558,3,0,0,0,3,0.0,0.0,0.0,8.6558,90,0.75,0.5,1.0
015_RC103,15,RC,3,3,OPTIMAL,130.0829,3,2,2,0,1,0.6667,128.6784,0.0,1.4045,90,0.75,0.5,1.0
015_RC103,15,RC,3,4,OPTIMAL,10.0636,3,0,0,0,3,0.0,0.0,0.0,10.0636,90,0.75,0.5,1.0
015_RC103,15,RC,3,5,OPTIMAL,75.0695,3,1,1,0,2,0.3333,64.0145,0.0,11.055,90,0.75,0.5,1.0
015_RC103,15,RC,3,6,OPTIMAL,89.5583,3,1,1,0,2,0.3333,53.617,0.0,35.9413,90,0.75,0.5,1.0
015_RC103,15,RC,3,7,OPTIMAL,20.427,3,0,0,0,3,0.0,0.0,0.0,20.427,90,0.75,0.5,1.0
015_RC103,15,RC,3,8,OPTIMAL,83.7836,3,1,1,0,2,0.3333,62.2769,0.0,21.5067,90,0.75,0.5,1.0
015_RC103,15,RC,3,9,OPTIMAL,61.1813,3,1,1,0,2,0.3333,48.528,0.0,12.6533,90,0.75,0.5,1.0
015_RC104,15,RC,1,0,OPTIMAL,9.396,1,0,0,0,1,0.0,0.0,0.0,9.396,90,0.75,0.5,1.0
015_RC104,15,RC,1,1,OPTIMAL,0.6209,1,0,0,0,1,0.0,0.0,0.0,0.6209,90,0.75,0.5,1.0
015_RC104,15,RC,1,2,OPTIMAL,3.5881,1,0,0,0,1,0.0,0.0,0.0,3.5881,90,0.75,0.5,1.0
015_RC104,15,RC,1,3,OPTIMAL,0.0007,1,0,0,0,1,0.0,0.0,0.0,0.0007,90,0.75,0.5,1.0
015_RC104,15,RC,1,4,OPTIMAL,44.313,1,0,0,0,1,0.0,0.0,0.0,44.313,90,0.75,0.5,1.0
015_RC104,15,RC,1,5,OPTIMAL,0.5369,1,0,0,0,1,0.0,0.0,0.0,0.5369,90,0.75,0.5,1.0
015_RC104,15,RC,1,6,OPTIMAL,0.4014,1,0,0,0,1,0.0,0.0,0.0,0.4014,90,0.75,0.5,1.0
015_RC104,15,RC,1,7,OPTIMAL,6.9116,1,0,0,0,1,0.0,0.0,0.0,6.9116,90,0.75,0.5,1.0
015_RC104,15,RC,1,8,OPTIMAL,18.9044,1,0,0,0,1,0.0,0.0,0.0,18.9044,90,0.75,0.5,1.0
015_RC104,15,RC,1,9,OPTIMAL,47.0156,1,1,1,0,0,1.0,47.0156,0.0,0.0,90,0.75,0.5,1.0
015_RC104,15,RC,2,0,OPTIMAL,15.4138,2,0,0,0,2,0.0,0.0,0.0,15.4138,90,0.75,0.5,1.0
015_RC104,15,RC,2,1,OPTIMAL,43.0448,2,1,1,0,1,0.5,42.4317,0.0,0.6131,90,0.75,0.5,1.0
015_RC104,15,RC,2,2,OPTIMAL,52.9582,2,1,1,0,1,0.5,52.8159,0.0,0.1423,90,0.75,0.5,1.0
015_RC104,15,RC,2,3,OPTIMAL,8.3353,2,0,0,0,2,0.0,0.0,0.0,8.3353,90,0.75,0.5,1.0
015_RC104,15,RC,2,4,OPTIMAL,57.0117,2,1,1,0,1,0.5,55.9014,0.0,1.1103,90,0.75,0.5,1.0
015_RC104,15,RC,2,5,OPTIMAL,0.62,2,0,0,0,2,0.0,0.0,0.0,0.62,90,0.75,0.5,1.0
015_RC104,15,RC,2,6,OPTIMAL,122.8378,2,2,2,0,0,1.0,122.8378,0.0,0.0,90,0.75,0.5,1.0
015_RC104,15,RC,2,7,OPTIMAL,50.0541,2,1,0,1,1,0.5,48.7108,0.0,1.3433,90,0.75,0.5,1.0
015_RC104,15,RC,2,8,OPTIMAL,120.101,2,2,2,0,0,1.0,120.101,0.0,0.0,90,0.75,0.5,1.0
015_RC104,15,RC,2,9,OPTIMAL,49.7675,2,0,0,0,2,0.0,0.0,0.0,49.7675,90,0.75,0.5,1.0
015_RC104,15,RC,3,0,OPTIMAL,64.8886,3,1,1,0,2,0.3333,54.4625,0.0,10.4261,90,0.75,0.5,1.0
015_RC104,15,RC,3,1,OPTIMAL,114.7757,3,2,2,0,1,0.6667,112.8806,0.0,1.8951,90,0.75,0.5,1.0
015_RC104,15,RC,3,2,OPTIMAL,40.762,3,0,0,0,3,0.0,0.0,0.0,40.762,90,0.75,0.5,1.0
015_RC104,15,RC,3,3,OPTIMAL,138.0348,3,2,2,0,1,0.6667,128.6784,0.0,9.3565,90,0.75,0.5,1.0
015_RC104,15,RC,3,4,OPTIMAL,7.0401,3,0,0,0,3,0.0,0.0,0.0,7.0401,90,0.75,0.5,1.0
015_RC104,15,RC,3,5,OPTIMAL,66.3106,3,1,1,0,2,0.3333,64.0145,0.0,2.2961,90,0.75,0.5,1.0
015_RC104,15,RC,3,6,OPTIMAL,81.6479,3,1,1,0,2,0.3333,53.617,0.0,28.0309,90,0.75,0.5,1.0
015_RC104,15,RC,3,7,OPTIMAL,66.1812,3,1,0,1,2,0.3333,51.7742,0.0,14.407,90,0.75,0.5,1.0
015_RC104,15,RC,3,8,OPTIMAL,73.2473,3,1,1,0,2,0.3333,62.2769,0.0,10.9704,90,0.75,0.5,1.0
015_RC104,15,RC,3,9,OPTIMAL,61.359,3,1,1,0,2,0.3333,48.528,0.0,12.831,90,0.75,0.5,1.0
015_RC105,15,RC,1,0,OPTIMAL,12.2638,1,0,0,0,1,0.0,0.0,0.0,12.2638,90,0.75,0.5,1.0
015_RC105,15,RC,1,1,OPTIMAL,0.6209,1,0,0,0,1,0.0,0.0,0.0,0.6209,90,0.75,0.5,1.0
015_RC105,15,RC,1,2,OPTIMAL,3.5881,1,0,0,0,1,0.0,0.0,0.0,3.5881,90,0.75,0.5,1.0
015_RC105,15,RC,1,3,OPTIMAL,0.0007,1,0,0,0,1,0.0,0.0,0.0,0.0007,90,0.75,0.5,1.0
015_RC105,15,RC,1,4,OPTIMAL,5.455,1,0,0,0,1,0.0,0.0,0.0,5.455,90,0.75,0.5,1.0
015_RC105,15,RC,1,5,OPTIMAL,0.5369,1,0,0,0,1,0.0,0.0,0.0,0.5369,90,0.75,0.5,1.0
015_RC105,15,RC,1,6,OPTIMAL,0.4014,1,0,0,0,1,0.0,0.0,0.0,0.4014,90,0.75,0.5,1.0
015_RC105,15,RC,1,7,OPTIMAL,4.6077,1,0,0,0,1,0.0,0.0,0.0,4.6077,90,0.75,0.5,1.0
015_RC105,15,RC,1,8,OPTIMAL,16.222,1,0,0,0,1,0.0,0.0,0.0,16.222,90,0.75,0.5,1.0
015_RC105,15,RC,1,9,OPTIMAL,47.0156,1,1,1,0,0,1.0,47.0156,0.0,0.0,90,0.75,0.5,1.0
015_RC105,15,RC,2,0,OPTIMAL,18.4014,2,0,0,0,2,0.0,0.0,0.0,18.4014,90,0.75,0.5,1.0
015_RC105,15,RC,2,1,OPTIMAL,45.0483,2,1,1,0,1,0.5,42.4317,0.0,2.6166,90,0.75,0.5,1.0
015_RC105,15,RC,2,2,OPTIMAL,0.5285,2,0,0,0,2,0.0,0.0,0.0,0.5285,90,0.75,0.5,1.0
015_RC105,15,RC,2,3,OPTIMAL,8.3353,2,0,0,0,2,0.0,0.0,0.0,8.3353,90,0.75,0.5,1.0
015_RC105,15,RC,2,4,OPTIMAL,3.3843,2,0,0,0,2,0.0,0.0,0.0,3.3843,90,0.75,0.5,1.0
015_RC105,15,RC,2,5,OPTIMAL,0.62,2,0,0,0,2,0.0,0.0,0.0,0.62,90,0.75,0.5,1.0
015_RC105,15,RC,2,6,OPTIMAL,98.5468,2,1,1,0,1,0.5,53.6335,0.0,44.9134,90,0.75,0.5,1.0
015_RC105,15,RC,2,7,OPTIMAL,1.509,2,0,0,0,2,0.0,0.0,0.0,1.509,90,0.75,0.5,1.0
015_RC105,15,RC,2,8,OPTIMAL,70.4399,2,1,1,0,1,0.5,61.3138,0.0,9.1262,90,0.75,0.5,1.0
015_RC105,15,RC,2,9,OPTIMAL,15.7231,2,0,0,0,2,0.0,0.0,0.0,15.7231,90,0.75,0.5,1.0
015_RC105,15,RC,3,0,OPTIMAL,10.423,3,0,0,0,3,0.0,0.0,0.0,10.423,90,0.75,0.5,1.0
015_RC105,15,RC,3,1,OPTIMAL,6.8276,3,0,0,0,3,0.0,0.0,0.0,6.8276,90,0.75,0.5,1.0
015_RC105,15,RC,3,2,OPTIMAL,10.5987,3,0,0,0,3,0.0,0.0,0.0,10.5987,90,0.75,0.5,1.0
015_RC105,15,RC,3,3,OPTIMAL,92.805,3,1,1,0,2,0.3333,58.5135,0.0,34.2915,90,0.75,0.5,1.0
015_RC105,15,RC,3,4,OPTIMAL,11.6575,3,0,0,0,3,0.0,0.0,0.0,11.6575,90,0.75,0.5,1.0
015_RC105,15,RC,3,5,OPTIMAL,22.7995,3,0,0,0,3,0.0,0.0,0.0,22.7995,90,0.75,0.5,1.0
015_RC105,15,RC,3,6,OPTIMAL,58.5408,3,1,1,0,2,0.3333,53.617,0.0,4.9238,90,0.75,0.5,1.0
015_RC105,15,RC,3,7,OPTIMAL,130.1173,3,2,1,1,1,0.6667,117.4854,0.0,12.6319,90,0.75,0.5,1.0
015_RC105,15,RC,3,8,OPTIMAL,71.2011,3,1,1,0,2,0.3333,62.2769,0.0,8.9242,90,0.75,0.5,1.0
015_RC105,15,RC,3,9,OPTIMAL,13.1348,3,0,0,0,3,0.0,0.0,0.0,13.1348,90,0.75,0.5,1.0
015_RC106,15,RC,1,0,OPTIMAL,12.2638,1,0,0,0,1,0.0,0.0,0.0,12.2638,90,0.75,0.5,1.0
015_RC106,15,RC,1,1,OPTIMAL,1.2418,1,0,0,0,1,0.0,0.0,0.0,1.2418,90,0.75,0.5,1.0
015_RC106,15,RC,1,2,OPTIMAL,2.4662,1,0,0,0,1,0.0,0.0,0.0,2.4662,90,0.75,0.5,1.0
015_RC106,15,RC,1,3,OPTIMAL,0.0007,1,0,0,0,1,0.0,0.0,0.0,0.0007,90,0.75,0.5,1.0
015_RC106,15,RC,1,4,OPTIMAL,5.455,1,0,0,0,1,0.0,0.0,0.0,5.455,90,0.75,0.5,1.0
015_RC106,15,RC,1,5,OPTIMAL,7.0019,1,0,0,0,1,0.0,0.0,0.0,7.0019,90,0.75,0.5,1.0
015_RC106,15,RC,1,6,OPTIMAL,7.7334,1,0,0,0,1,0.0,0.0,0.0,7.7334,90,0.75,0.5,1.0
015_RC106,15,RC,1,7,OPTIMAL,8.9701,1,0,0,0,1,0.0,0.0,0.0,8.9701,90,0.75,0.5,1.0
015_RC106,15,RC,1,8,OPTIMAL,8.109,1,0,0,0,1,0.0,0.0,0.0,8.109,90,0.75,0.5,1.0
015_RC106,15,RC,1,9,OPTIMAL,0.9657,1,0,0,0,1,0.0,0.0,0.0,0.9657,90,0.75,0.5,1.0
015_RC106,15,RC,2,0,OPTIMAL,9.5039,2,0,0,0,2,0.0,0.0,0.0,9.5039,90,0.75,0.5,1.0
015_RC106,15,RC,2,1,OPTIMAL,3.6346,2,0,0,0,2,0.0,0.0,0.0,3.6346,90,0.75,0.5,1.0
015_RC106,15,RC,2,2,OPTIMAL,4.5263,2,0,0,0,2,0.0,0.0,0.0,4.5263,90,0.75,0.5,1.0
015_RC106,15,RC,2,3,OPTIMAL,39.5942,2,0,0,0,2,0.0,0.0,0.0,39.5942,90,0.75,0.5,1.0
015_RC106,15,RC,2,4,OPTIMAL,15.1261,2,0,0,0,2,0.0,0.0,0.0,15.1261,90,0.75,0.5,1.0
015_RC106,15,RC,2,5,OPTIMAL,5.8912,2,0,0,0,2,0.0,0.0,0.0,5.8912,90,0.75,0.5,1.0
015_RC106,15,RC,2,6,OPTIMAL,45.2001,2,0,0,0,2,0.0,0.0,0.0,45.2001,90,0.75,0.5,1.0
015_RC106,15,RC,2,7,OPTIMAL,0.6055,2,0,0,0,2,0.0,0.0,0.0,0.6055,90,0.75,0.5,1.0
015_RC106,15,RC,2,8,OPTIMAL,61.7393,2,1,1,0,1,0.5,61.3138,0.0,0.4255,90,0.75,0.5,1.0
015_RC106,15,RC,2,9,OPTIMAL,16.2138,2,0,0,0,2,0.0,0.0,0.0,16.2138,90,0.75,0.5,1.0
015_RC106,15,RC,3,0,OPTIMAL,76.8325,3,1,1,0,2,0.3333,62.3052,0.0,14.5273,90,0.75,0.5,1.0
015_RC106,15,RC,3,1,OPTIMAL,102.5375,3,2,2,0,1,0.6667,97.7432,0.0,4.7943,90,0.75,0.5,1.0
015_RC106,15,RC,3,2,OPTIMAL,17.8427,3,0,0,0,3,0.0,0.0,0.0,17.8427,90,0.75,0.5,1.0
015_RC106,15,RC,3,3,OPTIMAL,24.1287,3,0,0,0,3,0.0,0.0,0.0,24.1287,90,0.75,0.5,1.0
015_RC106,15,RC,3,4,OPTIMAL,15.1407,3,0,0,0,3,0.0,0.0,0.0,15.1407,90,0.75,0.5,1.0
015_RC106,15,RC,3,5,OPTIMAL,71.4639,3,1,0,1,2,0.3333,55.8393,0.0,15.6247,90,0.75,0.5,1.0
015_RC106,15,RC,3,6,OPTIMAL,11.2992,3,0,0,0,3,0.0,0.0,0.0,11.2992,90,0.75,0.5,1.0
015_RC106,15,RC,3,7,OPTIMAL,100.4469,3,1,1,0,2,0.3333,65.7112,0.0,34.7357,90,0.75,0.5,1.0
015_RC106,15,RC,3,8,OPTIMAL,78.4139,3,1,1,0,2,0.3333,62.2769,0.0,16.1371,90,0.75,0.5,1.0
015_RC106,15,RC,3,9,OPTIMAL,58.8696,3,1,1,0,2,0.3333,48.528,0.0,10.3416,90,0.75,0.5,1.0
015_RC107,15,RC,1,0,OPTIMAL,16.3517,1,0,0,0,1,0.0,0.0,0.0,16.3517,90,0.75,0.5,1.0
015_RC107,15,RC,1,1,OPTIMAL,1.137,1,0,0,0,1,0.0,0.0,0.0,1.137,90,0.75,0.5,1.0
015_RC107,15,RC,1,2,OPTIMAL,0.2764,1,0,0,0,1,0.0,0.0,0.0,0.2764,90,0.75,0.5,1.0
015_RC107,15,RC,1,3,OPTIMAL,41.8881,1,0,0,0,1,0.0,0.0,0.0,41.8881,90,0.75,0.5,1.0
015_RC107,15,RC,1,4,OPTIMAL,5.455,1,0,0,0,1,0.0,0.0,0.0,5.455,90,0.75,0.5,1.0
015_RC107,15,RC,1,5,OPTIMAL,1.0738,1,0,0,0,1,0.0,0.0,0.0,1.0738,90,0.75,0.5,1.0
015_RC107,15,RC,1,6,OPTIMAL,0.8029,1,0,0,0,1,0.0,0.0,0.0,0.8029,90,0.75,0.5,1.0
015_RC107,15,RC,1,7,OPTIMAL,8.9701,1,0,0,0,1,0.0,0.0,0.0,8.9701,90,0.75,0.5,1.0
015_RC107,15,RC,1,8,OPTIMAL,8.109,1,0,0,0,1,0.0,0.0,0.0,8.109,90,0.75,0.5,1.0
015_RC107,15,RC,1,9,OPTIMAL,0.0014,1,0,0,0,1,0.0,0.0,0.0,0.0014,90,0.75,0.5,1.0
015_RC107,15,RC,2,0,OPTIMAL,6.0066,2,0,0,0,2,0.0,0.0,0.0,6.0066,90,0.75,0.5,1.0
015_RC107,15,RC,2,1,OPTIMAL,3.6281,2,0,0,0,2,0.0,0.0,0.0,3.6281,90,0.75,0.5,1.0
015_RC107,15,RC,2,2,OPTIMAL,0.3409,2,0,0,0,2,0.0,0.0,0.0,0.3409,90,0.75,0.5,1.0
015_RC107,15,RC,2,3,OPTIMAL,39.8381,2,0,0,0,2,0.0,0.0,0.0,39.8381,90,0.75,0.5,1.0
015_RC107,15,RC,2,4,OPTIMAL,59.2322,2,1,1,0,1,0.5,55.9014,0.0,3.3308,90,0.75,0.5,1.0
015_RC107,15,RC,2,5,OPTIMAL,0.9763,2,0,0,0,2,0.0,0.0,0.0,0.9763,90,0.75,0.5,1.0
015_RC107,15,RC,2,6,OPTIMAL,69.4715,2,1,1,0,1,0.5,69.2043,0.0,0.2672,90,0.75,0.5,1.0
015_RC107,15,RC,2,7,OPTIMAL,6.1721,2,0,0,0,2,0.0,0.0,0.0,6.1721,90,0.75,0.5,1.0
015_RC107,15,RC,2,8,OPTIMAL,61.4306,2,1,1,0,1,0.5,61.3138,0.0,0.1168,90,0.75,0.5,1.0
015_RC107,15,RC,2,9,OPTIMAL,16.2138,2,0,0,0,2,0.0,0.0,0.0,16.2138,90,0.75,0.5,1.0
015_RC107,15,RC,3,0,OPTIMAL,67.1103,3,1,1,0,2,0.3333,62.3052,0.0,4.8051,90,0.75,0.5,1.0
015_RC107,15,RC,3,1,OPTIMAL,100.7258,3,2,2,0,1,0.6667,97.7432,0.0,2.9827,90,0.75,0.5,1.0
015_RC107,15,RC,3,2,OPTIMAL,8.6337,3,0,0,0,3,0.0,0.0,0.0,8.6337,90,0.75,0.5,1.0
015_RC107,15,RC,3,3,OPTIMAL,17.3651,3,0,0,0,3,0.0,0.0,0.0,17.3651,90,0.75,0.5,1.0
015_RC107,15,RC,3,4,OPTIMAL,56.47,3,1,1,0,2,0.3333,51.9836,0.0,4.4864,90,0.75,0.5,1.0
015_RC107,15,RC,3,5,OPTIMAL,71.3906,3,1,1,0,2,0.3333,55.8393,0.0,15.5514,90,0.75,0.5,1.0
015_RC107,15,RC,3,6,OPTIMAL,62.8545,3,1,0,1,2,0.3333,48.4867,0.0,14.3678,90,0.75,0.5,1.0
015_RC107,15,RC,3,7,OPTIMAL,132.5326,3,2,1,1,1,0.6667,125.1167,0.0,7.4158,90,0.75,0.5,1.0
015_RC107,15,RC,3,8,OPTIMAL,78.192,3,1,1,0,2,0.3333,62.2769,0.0,15.9151,90,0.75,0.5,1.0
015_RC107,15,RC,3,9,OPTIMAL,59.7072,3,1,1,0,2,0.3333,48.528,0.0,11.1792,90,0.75,0.5,1.0
015_RC108,15,RC,1,0,OPTIMAL,9.9233,1,0,0,0,1,0.0,0.0,0.0,9.9233,90,0.75,0.5,1.0
015_RC108,15,RC,1,1,OPTIMAL,1.137,1,0,0,0,1,0.0,0.0,0.0,1.137,90,0.75,0.5,1.0
015_RC108,15,RC,1,2,OPTIMAL,17.5314,1,0,0,0,1,0.0,0.0,0.0,17.5314,90,0.75,0.5,1.0
015_RC108,15,RC,1,3,OPTIMAL,9.6692,1,0,0,0,1,0.0,0.0,0.0,9.6692,90,0.75,0.5,1.0
015_RC108,15,RC,1,4,OPTIMAL,10.9101,1,0,0,0,1,0.0,0.0,0.0,10.9101,90,0.75,0.5,1.0
015_RC108,15,RC,1,5,OPTIMAL,42.4244,1,0,0,0,1,0.0,0.0,0.0,42.4244,90,0.75,0.5,1.0
015_RC108,15,RC,1,6,OPTIMAL,1.971,1,0,0,0,1,0.0,0.0,0.0,1.971,90,0.75,0.5,1.0
015_RC108,15,RC,1,7,OPTIMAL,5.3106,1,0,0,0,1,0.0,0.0,0.0,5.3106,90,0.75,0.5,1.0
015_RC108,15,RC,1,8,OPTIMAL,0.1487,1,0,0,0,1,0.0,0.0,0.0,0.1487,90,0.75,0.5,1.0
015_RC108,15,RC,1,9,OPTIMAL,0.9657,1,0,0,0,1,0.0,0.0,0.0,0.9657,90,0.75,0.5,1.0
015_RC108,15,RC,2,0,OPTIMAL,4.6403,2,0,0,0,2,0.0,0.0,0.0,4.6403,90,0.75,0.5,1.0
015_RC108,15,RC,2,1,OPTIMAL,3.6346,2,0,0,0,2,0.0,0.0,0.0,3.6346,90,0.75,0.5,1.0
015_RC108,15,RC,2,2,OPTIMAL,40.2899,2,0,0,0,2,0.0,0.0,0.0,40.2899,90,0.75,0.5,1.0
015_RC108,15,RC,2,3,OPTIMAL,52.9741,2,1,1,0,1,0.5,52.8671,0.0,0.107,90,0.75,0.5,1.0
015_RC108,15,RC,2,4,OPTIMAL,2.7873,2,0,0,0,2,0.0,0.0,0.0,2.7873,90,0.75,0.5,1.0
015_RC108,15,RC,2,5,OPTIMAL,53.0797,2,1,1,0,1,0.5,48.9049,0.0,4.1748,90,0.75,0.5,1.0
015_RC108,15,RC,2,6,OPTIMAL,46.235,2,0,0,0,2,0.0,0.0,0.0,46.235,90,0.75,0.5,1.0
015_RC108,15,RC,2,7,OPTIMAL,6.3378,2,0,0,0,2,0.0,0.0,0.0,6.3378,90,0.75,0.5,1.0
015_RC108,15,RC,2,8,OPTIMAL,61.7393,2,1,1,0,1,0.5,61.3138,0.0,0.4255,90,0.75,0.5,1.0
015_RC108,15,RC,2,9,OPTIMAL,33.3657,2,0,0,0,2,0.0,0.0,0.0,33.3657,90,0.75,0.5,1.0
015_RC108,15,RC,3,0,OPTIMAL,60.8359,3,0,0,0,3,0.0,0.0,0.0,60.8359,90,0.75,0.5,1.0
015_RC108,15,RC,3,1,OPTIMAL,104.3249,3,2,2,0,1,0.6667,97.7432,0.0,6.5818,90,0.75,0.5,1.0
015_RC108,15,RC,3,2,OPTIMAL,68.0393,3,1,1,0,2,0.3333,56.4811,0.0,11.5582,90,0.75,0.5,1.0
015_RC108,15,RC,3,3,OPTIMAL,52.631,3,0,0,0,3,0.0,0.0,0.0,52.631,90,0.75,0.5,1.0
015_RC108,15,RC,3,4,OPTIMAL,58.408,3,1,1,0,2,0.3333,51.9836,0.0,6.4244,90,0.75,0.5,1.0
015_RC108,15,RC,3,5,OPTIMAL,64.4062,3,1,1,0,2,0.3333,64.0145,0.0,0.3917,90,0.75,0.5,1.0
015_RC108,15,RC,3,6,OPTIMAL,6.1216,3,0,0,0,3,0.0,0.0,0.0,6.1216,90,0.75,0.5,1.0
015_RC108,15,RC,3,7,OPTIMAL,89.4908,3,1,1,0,2,0.3333,65.7112,0.0,23.7796,90,0.75,0.5,1.0
015_RC108,15,RC,3,8,OPTIMAL,89.6974,3,1,1,0,2,0.3333,62.2769,0.0,27.4205,90,0.75,0.5,1.0
015_RC108,15,RC,3,9,OPTIMAL,112.7262,3,2,2,0,1,0.6667,111.3915,0.0,1.3347,90,0.75,0.5,1.0
015_RC201,15,RC,1,0,OPTIMAL,68.6727,1,1,1,0,0,1.0,68.6727,0.0,0.0,90,0.75,0.5,1.0
015_RC201,15,RC,1,1,OPTIMAL,0.6209,1,0,0,0,1,0.0,0.0,0.0,0.6209,90,0.75,0.5,1.0
015_RC201,15,RC,1,2,OPTIMAL,42.4068,1,0,0,0,1,0.0,0.0,0.0,42.4068,90,0.75,0.5,1.0
015_RC201,15,RC,1,3,OPTIMAL,54.0963,1,1,1,0,0,1.0,54.0963,0.0,0.0,90,0.75,0.5,1.0
015_RC201,15,RC,1,4,OPTIMAL,56.5194,1,1,1,0,0,1.0,56.5194,0.0,0.0,90,0.75,0.5,1.0
015_RC201,15,RC,1,5,OPTIMAL,0.5369,1,0,0,0,1,0.0,0.0,0.0,0.5369,90,0.75,0.5,1.0
015_RC201,15,RC,1,6,OPTIMAL,46.3626,1,1,1,0,0,1.0,46.3626,0.0,0.0,90,0.75,0.5,1.0
015_RC201,15,RC,1,7,OPTIMAL,61.0434,1,1,1,0,0,1.0,61.0434,0.0,0.0,90,0.75,0.5,1.0
015_RC201,15,RC,1,8,OPTIMAL,47.1597,1,1,1,0,0,1.0,47.1597,0.0,0.0,90,0.75,0.5,1.0
015_RC201,15,RC,1,9,OPTIMAL,0.9657,1,0,0,0,1,0.0,0.0,0.0,0.9657,90,0.75,0.5,1.0
015_RC201,15,RC,2,0,OPTIMAL,59.8396,2,1,1,0,1,0.5,49.1143,0.0,10.7253,90,0.75,0.5,1.0
015_RC201,15,RC,2,1,OPTIMAL,65.837,2,1,1,0,1,0.5,64.8191,0.0,1.018,90,0.75,0.5,1.0
015_RC201,15,RC,2,2,OPTIMAL,52.9582,2,1,1,0,1,0.5,52.8159,0.0,0.1423,90,0.75,0.5,1.0
015_RC201,15,RC,2,3,OPTIMAL,55.2597,2,1,1,0,1,0.5,55.0532,0.0,0.2065,90,0.75,0.5,1.0
015_RC201,15,RC,2,4,OPTIMAL,90.4861,2,1,1,0,1,0.5,55.9014,0.0,34.5847,90,0.75,0.5,1.0
015_RC201,15,RC,2,5,OPTIMAL,47.3424,2,1,1,0,1,0.5,47.3379,0.0,0.0044,90,0.75,0.5,1.0
015_RC201,15,RC,2,6,OPTIMAL,122.8378,2,2,2,0,0,1.0,122.8378,0.0,0.0,90,0.75,0.5,1.0
015_RC201,15,RC,2,7,OPTIMAL,99.181,2,2,2,0,0,1.0,99.181,0.0,0.0,90,0.75,0.5,1.0
015_RC201,15,RC,2,8,OPTIMAL,120.101,2,2,2,0,0,1.0,120.101,0.0,0.0,90,0.75,0.5,1.0
015_RC201,15,RC,2,9,OPTIMAL,72.3582,2,1,1,0,1,0.5,56.7185,0.0,15.6397,90,0.75,0.5,1.0
015_RC201,15,RC,3,0,OPTIMAL,162.7956,3,3,3,0,0,1.0,162.7956,0.0,0.0,90,0.75,0.5,1.0
015_RC201,15,RC,3,1,OPTIMAL,100.7258,3,2,2,0,1,0.6667,97.7432,0.0,2.9827,90,0.75,0.5,1.0
015_RC201,15,RC,3,2,OPTIMAL,63.0145,3,1,1,0,2,0.3333,52.7076,0.0,10.3068,90,0.75,0.5,1.0
015_RC201,15,RC,3,3,OPTIMAL,69.1421,3,1,1,0,2,0.3333,58.5135,0.0,10.6286,90,0.75,0.5,1.0
015_RC201,15,RC,3,4,OPTIMAL,55.5974,3,1,1,0,2,0.3333,51.9836,0.0,3.6138,90,0.75,0.5,1.0
015_RC201,15,RC,3,5,OPTIMAL,122.1408,3,2,2,0,1,0.6667,119.8537,0.0,2.287,90,0.75,0.5,1.0
015_RC201,15,RC,3,6,OPTIMAL,90.9228,3,1,0,1,2,0.3333,51.4544,0.0,39.4684,90,0.75,0.5,1.0
015_RC201,15,RC,3,7,OPTIMAL,176.8909,3,3,3,0,0,1.0,176.8909,0.0,0.0,90,0.75,0.5,1.0
015_RC201,15,RC,3,8,OPTIMAL,127.496,3,2,2,0,1,0.6667,113.5191,0.0,13.9769,90,0.75,0.5,1.0
015_RC201,15,RC,3,9,OPTIMAL,107.4374,3,2,2,0,1,0.6667,98.0379,0.0,9.3996,90,0.75,0.5,1.0
015_RC202,15,RC,1,0,OPTIMAL,68.6727,1,1,1,0,0,1.0,68.6727,0.0,0.0,90,0.75,0.5,1.0
015_RC202,15,RC,1,1,OPTIMAL,44.9757,1,1,0,1,0,1.0,44.9757,0.0,0.0,90,0.75,0.5,1.0
015_RC202,15,RC,1,2,OPTIMAL,42.4068,1,0,0,0,1,0.0,0.0,0.0,42.4068,90,0.75,0.5,1.0
015_RC202,15,RC,1,3,OPTIMAL,54.0963,1,1,1,0,0,1.0,54.0963,0.0,0.0,90,0.75,0.5,1.0
015_RC202,15,RC,1,4,OPTIMAL,56.5194,1,1,1,0,0,1.0,56.5194,0.0,0.0,90,0.75,0.5,1.0
015_RC202,15,RC,1,5,OPTIMAL,52.0518,1,1,0,1,0,1.0,52.0518,0.0,0.0,90,0.75,0.5,1.0
015_RC202,15,RC,1,6,OPTIMAL,46.3626,1,1,1,0,0,1.0,46.3626,0.0,0.0,90,0.75,0.5,1.0
015_RC202,15,RC,1,7,OPTIMAL,61.0434,1,1,1,0,0,1.0,61.0434,0.0,0.0,90,0.75,0.5,1.0
015_RC202,15,RC,1,8,OPTIMAL,27.7227,1,0,0,0,1,0.0,0.0,0.0,27.7227,90,0.75,0.5,1.0
015_RC202,15,RC,1,9,OPTIMAL,47.0156,1,1,1,0,0,1.0,47.0156,0.0,0.0,90,0.75,0.5,1.0
015_RC202,15,RC,2,0,OPTIMAL,59.8396,2,1,1,0,1,0.5,49.1143,0.0,10.7253,90,0.75,0.5,1.0
015_RC202,15,RC,2,1,OPTIMAL,107.2507,2,2,2,0,0,1.0,107.2507,0.0,0.0,90,0.75,0.5,1.0
015_RC202,15,RC,2,2,OPTIMAL,101.1873,2,2,1,1,0,1.0,101.1873,0.0,0.0,90,0.75,0.5,1.0
015_RC202,15,RC,2,3,OPTIMAL,107.9203,2,2,1,1,0,1.0,107.9203,0.0,0.0,90,0.75,0.5,1.0
015_RC202,15,RC,2,4,OPTIMAL,90.4861,2,1,1,0,1,0.5,55.9014,0.0,34.5847,90,0.75,0.5,1.0
015_RC202,15,RC,2,5,OPTIMAL,96.2429,2,2,1,1,0,1.0,96.2429,0.0,0.0,90,0.75,0.5,1.0
015_RC202,15,RC,2,6,OPTIMAL,122.8378,2,2,2,0,0,1.0,122.8378,0.0,0.0,90,0.75,0.5,1.0
015_RC202,15,RC,2,7,OPTIMAL,99.181,2,2,2,0,0,1.0,99.181,0.0,0.0,90,0.75,0.5,1.0
015_RC202,15,RC,2,8,OPTIMAL,120.101,2,2,2,0,0,1.0,120.101,0.0,0.0,90,0.75,0.5,1.0
015_RC202,15,RC,2,9,OPTIMAL,72.3582,2,1,1,0,1,0.5,56.7185,0.0,15.6397,90,0.75,0.5,1.0
015_RC202,15,RC,3,0,OPTIMAL,162.7956,3,3,3,0,0,1.0,162.7956,0.0,0.0,90,0.75,0.5,1.0
015_RC202,15,RC,3,1,OPTIMAL,100.7258,3,2,2,0,1,0.6667,97.7432,0.0,2.9827,90,0.75,0.5,1.0
015_RC202,15,RC,3,2,OPTIMAL,155.1658,3,3,2,1,0,1.0,155.1658,0.0,0.0,90,0.75,0.5,1.0
015_RC202,15,RC,3,3,OPTIMAL,121.2499,3,2,2,0,1,0.6667,113.7401,0.0,7.5098,90,0.75,0.5,1.0
015_RC202,15,RC,3,4,OPTIMAL,59.6403,3,1,1,0,2,0.3333,51.9836,0.0,7.6567,90,0.75,0.5,1.0
015_RC202,15,RC,3,5,OPTIMAL,152.2381,3,2,2,0,1,0.6667,119.8537,0.0,32.3843,90,0.75,0.5,1.0
015_RC202,15,RC,3,6,OPTIMAL,143.0894,3,2,1,1,1,0.6667,105.0714,0.0,38.018,90,0.75,0.5,1.0
015_RC202,15,RC,3,7,OPTIMAL,114.8148,3,2,2,0,1,0.6667,111.1797,0.0,3.6351,90,0.75,0.5,1.0
015_RC202,15,RC,3,8,OPTIMAL,82.9756,3,1,1,0,2,0.3333,62.2769,0.0,20.6987,90,0.75,0.5,1.0
015_RC202,15,RC,3,9,OPTIMAL,160.9013,3,3,3,0,0,1.0,160.9013,0.0,0.0,90,0.75,0.5,1.0
015_RC203,15,RC,1,0,OPTIMAL,68.6727,1,1,1,0,0,1.0,68.6727,0.0,0.0,90,0.75,0.5,1.0
015_RC203,15,RC,1,1,OPTIMAL,0.6209,1,0,0,0,1,0.0,0.0,0.0,0.6209,90,0.75,0.5,1.0
015_RC203,15,RC,1,2,OPTIMAL,52.2255,1,1,1,0,0,1.0,52.2255,0.0,0.0,90,0.75,0.5,1.0
015_RC203,15,RC,1,3,OPTIMAL,54.0963,1,1,1,0,0,1.0,54.0963,0.0,0.0,90,0.75,0.5,1.0
015_RC203,15,RC,1,4,OPTIMAL,56.5194,1,1,1,0,0,1.0,56.5194,0.0,0.0,90,0.75,0.5,1.0
015_RC203,15,RC,1,5,OPTIMAL,52.0518,1,1,0,1,0,1.0,52.0518,0.0,0.0,90,0.75,0.5,1.0
015_RC203,15,RC,1,6,OPTIMAL,46.3626,1,1,1,0,0,1.0,46.3626,0.0,0.0,90,0.75,0.5,1.0
015_RC203,15,RC,1,7,OPTIMAL,61.0434,1,1,1,0,0,1.0,61.0434,0.0,0.0,90,0.75,0.5,1.0
015_RC203,15,RC,1,8,OPTIMAL,47.1597,1,1,0,1,0,1.0,47.1597,0.0,0.0,90,0.75,0.5,1.0
015_RC203,15,RC,1,9,OPTIMAL,47.0156,1,1,1,0,0,1.0,47.0156,0.0,0.0,90,0.75,0.5,1.0
015_RC203,15,RC,2,0,OPTIMAL,116.2635,2,2,2,0,0,1.0,116.2635,0.0,0.0,90,0.75,0.5,1.0
015_RC203,15,RC,2,1,OPTIMAL,107.2507,2,2,2,0,0,1.0,107.2507,0.0,0.0,90,0.75,0.5,1.0
015_RC203,15,RC,2,2,OPTIMAL,101.1873,2,2,1,1,0,1.0,101.1873,0.0,0.0,90,0.75,0.5,1.0
015_RC203,15,RC,2,3,OPTIMAL,107.9203,2,2,1,1,0,1.0,107.9203,0.0,0.0,90,0.75,0.5,1.0
015_RC203,15,RC,2,4,OPTIMAL,105.1453,2,2,2,0,0,1.0,105.1453,0.0,0.0,90,0.75,0.5,1.0
015_RC203,15,RC,2,5,OPTIMAL,96.2429,2,2,1,1,0,1.0,96.2429,0.0,0.0,90,0.75,0.5,1.0
015_RC203,15,RC,2,6,OPTIMAL,122.8378,2,2,2,0,0,1.0,122.8378,0.0,0.0,90,0.75,0.5,1.0
015_RC203,15,RC,2,7,OPTIMAL,99.181,2,2,2,0,0,1.0,99.181,0.0,0.0,90,0.75,0.5,1.0
015_RC203,15,RC,2,8,OPTIMAL,120.101,2,2,2,0,0,1.0,120.101,0.0,0.0,90,0.75,0.5,1.0
015_RC203,15,RC,2,9,OPTIMAL,120.5372,2,2,2,0,0,1.0,120.5372,0.0,0.0,90,0.75,0.5,1.0
015_RC203,15,RC,3,0,OPTIMAL,162.7956,3,3,3,0,0,1.0,162.7956,0.0,0.0,90,0.75,0.5,1.0
015_RC203,15,RC,3,1,OPTIMAL,163.0247,3,3,3,0,0,1.0,163.0247,0.0,0.0,90,0.75,0.5,1.0
015_RC203,15,RC,3,2,OPTIMAL,155.1658,3,3,2,1,0,1.0,155.1658,0.0,0.0,90,0.75,0.5,1.0
015_RC203,15,RC,3,3,OPTIMAL,183.905,3,3,3,0,0,1.0,183.905,0.0,0.0,90,0.75,0.5,1.0
015_RC203,15,RC,3,4,OPTIMAL,61.0062,3,1,1,0,2,0.3333,51.9836,0.0,9.0226,90,0.75,0.5,1.0
015_RC203,15,RC,3,5,OPTIMAL,122.1408,3,2,2,0,1,0.6667,119.8537,0.0,2.287,90,0.75,0.5,1.0
015_RC203,15,RC,3,6,OPTIMAL,143.0894,3,2,1,1,1,0.6667,105.0714,0.0,38.018,90,0.75,0.5,1.0
015_RC203,15,RC,3,7,OPTIMAL,111.559,3,2,2,0,1,0.6667,111.1797,0.0,0.3793,90,0.75,0.5,1.0
015_RC203,15,RC,3,8,OPTIMAL,77.402,3,1,1,0,2,0.3333,62.2769,0.0,15.1251,90,0.75,0.5,1.0
015_RC203,15,RC,3,9,OPTIMAL,160.9013,3,3,3,0,0,1.0,160.9013,0.0,0.0,90,0.75,0.5,1.0
015_RC204,15,RC,1,0,OPTIMAL,68.6727,1,1,1,0,0,1.0,68.6727,0.0,0.0,90,0.75,0.5,1.0
015_RC204,15,RC,1,1,OPTIMAL,0.6209,1,0,0,0,1,0.0,0.0,0.0,0.6209,90,0.75,0.5,1.0
015_RC204,15,RC,1,2,OPTIMAL,52.2255,1,1,1,0,0,1.0,52.2255,0.0,0.0,90,0.75,0.5,1.0
015_RC204,15,RC,1,3,OPTIMAL,54.0963,1,1,1,0,0,1.0,54.0963,0.0,0.0,90,0.75,0.5,1.0
015_RC204,15,RC,1,4,OPTIMAL,56.5194,1,1,1,0,0,1.0,56.5194,0.0,0.0,90,0.75,0.5,1.0
015_RC204,15,RC,1,5,OPTIMAL,52.0518,1,1,0,1,0,1.0,52.0518,0.0,0.0,90,0.75,0.5,1.0
015_RC204,15,RC,1,6,OPTIMAL,46.3626,1,1,1,0,0,1.0,46.3626,0.0,0.0,90,0.75,0.5,1.0
015_RC204,15,RC,1,7,OPTIMAL,61.0434,1,1,1,0,0,1.0,61.0434,0.0,0.0,90,0.75,0.5,1.0
015_RC204,15,RC,1,8,OPTIMAL,18.9044,1,0,0,0,1,0.0,0.0,0.0,18.9044,90,0.75,0.5,1.0
015_RC204,15,RC,1,9,OPTIMAL,47.0156,1,1,1,0,0,1.0,47.0156,0.0,0.0,90,0.75,0.5,1.0
015_RC204,15,RC,2,0,OPTIMAL,116.2635,2,2,2,0,0,1.0,116.2635,0.0,0.0,90,0.75,0.5,1.0
015_RC204,15,RC,2,1,OPTIMAL,107.2507,2,2,2,0,0,1.0,107.2507,0.0,0.0,90,0.75,0.5,1.0
015_RC204,15,RC,2,2,OPTIMAL,101.1873,2,2,1,1,0,1.0,101.1873,0.0,0.0,90,0.75,0.5,1.0
015_RC204,15,RC,2,3,OPTIMAL,107.9203,2,2,1,1,0,1.0,107.9203,0.0,0.0,90,0.75,0.5,1.0
015_RC204,15,RC,2,4,OPTIMAL,105.1453,2,2,2,0,0,1.0,105.1453,0.0,0.0,90,0.75,0.5,1.0
015_RC204,15,RC,2,5,OPTIMAL,96.2429,2,2,1,1,0,1.0,96.2429,0.0,0.0,90,0.75,0.5,1.0
015_RC204,15,RC,2,6,OPTIMAL,122.8378,2,2,2,0,0,1.0,122.8378,0.0,0.0,90,0.75,0.5,1.0
015_RC204,15,RC,2,7,OPTIMAL,99.181,2,2,2,0,0,1.0,99.181,0.0,0.0,90,0.75,0.5,1.0
015_RC204,15,RC,2,8,OPTIMAL,120.101,2,2,2,0,0,1.0,120.101,0.0,0.0,90,0.75,0.5,1.0
015_RC204,15,RC,2,9,OPTIMAL,120.5372,2,2,2,0,0,1.0,120.5372,0.0,0.0,90,0.75,0.5,1.0
015_RC204,15,RC,3,0,OPTIMAL,162.7956,3,3,3,0,0,1.0,162.7956,0.0,0.0,90,0.75,0.5,1.0
015_RC204,15,RC,3,1,OPTIMAL,163.0247,3,3,3,0,0,1.0,163.0247,0.0,0.0,90,0.75,0.5,1.0
015_RC204,15,RC,3,2,OPTIMAL,155.1658,3,3,2,1,0,1.0,155.1658,0.0,0.0,90,0.75,0.5,1.0
015_RC204,15,RC,3,3,OPTIMAL,183.905,3,3,2,1,0,1.0,183.905,0.0,0.0,90,0.75,0.5,1.0
015_RC204,15,RC,3,4,OPTIMAL,61.918,3,1,1,0,2,0.3333,51.9836,0.0,9.9344,90,0.75,0.5,1.0
015_RC204,15,RC,3,5,OPTIMAL,122.1408,3,2,2,0,1,0.6667,119.8537,0.0,2.287,90,0.75,0.5,1.0
015_RC204,15,RC,3,6,OPTIMAL,143.0894,3,2,1,1,1,0.6667,105.0714,0.0,38.018,90,0.75,0.5,1.0
015_RC204,15,RC,3,7,OPTIMAL,118.3414,3,2,2,0,1,0.6667,111.1797,0.0,7.1617,90,0.75,0.5,1.0
015_RC204,15,RC,3,8,OPTIMAL,119.7534,3,2,2,0,1,0.6667,118.6051,0.0,1.1483,90,0.75,0.5,1.0
015_RC204,15,RC,3,9,OPTIMAL,160.9013,3,3,3,0,0,1.0,160.9013,0.0,0.0,90,0.75,0.5,1.0
015_RC205,15,RC,1,0,OPTIMAL,68.6727,1,1,1,0,0,1.0,68.6727,0.0,0.0,90,0.75,0.5,1.0
015_RC205,15,RC,1,1,OPTIMAL,44.9757,1,1,1,0,0,1.0,44.9757,0.0,0.0,90,0.75,0.5,1.0
015_RC205,15,RC,1,2,OPTIMAL,52.2255,1,1,1,0,0,1.0,52.2255,0.0,0.0,90,0.75,0.5,1.0
015_RC205,15,RC,1,3,OPTIMAL,54.0963,1,1,1,0,0,1.0,54.0963,0.0,0.0,90,0.75,0.5,1.0
015_RC205,15,RC,1,4,OPTIMAL,5.455,1,0,0,0,1,0.0,0.0,0.0,5.455,90,0.75,0.5,1.0
015_RC205,15,RC,1,5,OPTIMAL,52.0518,1,1,1,0,0,1.0,52.0518,0.0,0.0,90,0.75,0.5,1.0
015_RC205,15,RC,1,6,OPTIMAL,46.3626,1,1,1,0,0,1.0,46.3626,0.0,0.0,90,0.75,0.5,1.0
015_RC205,15,RC,1,7,OPTIMAL,61.0434,1,1,1,0,0,1.0,61.0434,0.0,0.0,90,0.75,0.5,1.0
015_RC205,15,RC,1,8,OPTIMAL,9.4522,1,0,0,0,1,0.0,0.0,0.0,9.4522,90,0.75,0.5,1.0
015_RC205,15,RC,1,9,OPTIMAL,47.0156,1,1,1,0,0,1.0,47.0156,0.0,0.0,90,0.75,0.5,1.0
015_RC205,15,RC,2,0,OPTIMAL,116.2635,2,2,2,0,0,1.0,116.2635,0.0,0.0,90,0.75,0.5,1.0
015_RC205,15,RC,2,1,OPTIMAL,67.1034,2,1,1,0,1,0.5,64.8191,0.0,2.2843,90,0.75,0.5,1.0
015_RC205,15,RC,2,2,OPTIMAL,101.1873,2,2,2,0,0,1.0,101.1873,0.0,0.0,90,0.75,0.5,1.0
015_RC205,15,RC,2,3,OPTIMAL,55.2597,2,1,1,0,1,0.5,55.0532,0.0,0.2065,90,0.75,0.5,1.0
015_RC205,15,RC,2,4,OPTIMAL,50.1205,2,1,1,0,1,0.5,49.2438,0.0,0.8767,90,0.75,0.5,1.0
015_RC205,15,RC,2,5,OPTIMAL,47.3424,2,1,1,0,1,0.5,47.3379,0.0,0.0044,90,0.75,0.5,1.0
015_RC205,15,RC,2,6,OPTIMAL,76.6076,2,1,1,0,1,0.5,53.6335,0.0,22.9741,90,0.75,0.5,1.0
015_RC205,15,RC,2,7,OPTIMAL,50.6359,2,1,1,0,1,0.5,50.4702,0.0,0.1657,90,0.75,0.5,1.0
015_RC205,15,RC,2,8,OPTIMAL,65.8768,2,1,1,0,1,0.5,61.3138,0.0,4.5631,90,0.75,0.5,1.0
015_RC205,15,RC,2,9,OPTIMAL,120.5372,2,2,2,0,0,1.0,120.5372,0.0,0.0,90,0.75,0.5,1.0
015_RC205,15,RC,3,0,OPTIMAL,162.7956,3,3,3,0,0,1.0,162.7956,0.0,0.0,90,0.75,0.5,1.0
015_RC205,15,RC,3,1,OPTIMAL,163.0247,3,3,3,0,0,1.0,163.0247,0.0,0.0,90,0.75,0.5,1.0
015_RC205,15,RC,3,2,OPTIMAL,110.4617,3,2,2,0,1,0.6667,109.1887,0.0,1.273,90,0.75,0.5,1.0
015_RC205,15,RC,3,3,OPTIMAL,183.905,3,3,3,0,0,1.0,183.905,0.0,0.0,90,0.75,0.5,1.0
015_RC205,15,RC,3,4,OPTIMAL,86.8215,3,1,1,0,2,0.3333,51.2228,0.0,35.5987,90,0.75,0.5,1.0
015_RC205,15,RC,3,5,OPTIMAL,66.9757,3,1,1,0,2,0.3333,64.0145,0.0,2.9612,90,0.75,0.5,1.0
015_RC205,15,RC,3,6,OPTIMAL,153.5582,3,3,3,0,0,1.0,153.5582,0.0,0.0,90,0.75,0.5,1.0
015_RC205,15,RC,3,7,OPTIMAL,114.8148,3,2,2,0,1,0.6667,111.1797,0.0,3.6351,90,0.75,0.5,1.0
015_RC205,15,RC,3,8,OPTIMAL,105.2253,3,1,1,0,2,0.3333,62.2769,0.0,42.9484,90,0.75,0.5,1.0
015_RC205,15,RC,3,9,OPTIMAL,61.0504,3,1,1,0,2,0.3333,48.528,0.0,12.5224,90,0.75,0.5,1.0
015_RC206,15,RC,1,0,OPTIMAL,68.6727,1,1,1,0,0,1.0,68.6727,0.0,0.0,90,0.75,0.5,1.0
015_RC206,15,RC,1,1,OPTIMAL,44.9757,1,1,1,0,0,1.0,44.9757,0.0,0.0,90,0.75,0.5,1.0
015_RC206,15,RC,1,2,OPTIMAL,52.2255,1,1,1,0,0,1.0,52.2255,0.0,0.0,90,0.75,0.5,1.0
015_RC206,15,RC,1,3,OPTIMAL,54.0963,1,1,1,0,0,1.0,54.0963,0.0,0.0,90,0.75,0.5,1.0
015_RC206,15,RC,1,4,OPTIMAL,56.5194,1,1,1,0,0,1.0,56.5194,0.0,0.0,90,0.75,0.5,1.0
015_RC206,15,RC,1,5,OPTIMAL,52.0518,1,1,1,0,0,1.0,52.0518,0.0,0.0,90,0.75,0.5,1.0
015_RC206,15,RC,1,6,OPTIMAL,46.3626,1,1,0,1,0,1.0,46.3626,0.0,0.0,90,0.75,0.5,1.0
015_RC206,15,RC,1,7,OPTIMAL,61.0434,1,1,1,0,0,1.0,61.0434,0.0,0.0,90,0.75,0.5,1.0
015_RC206,15,RC,1,8,OPTIMAL,47.1597,1,1,0,1,0,1.0,47.1597,0.0,0.0,90,0.75,0.5,1.0
015_RC206,15,RC,1,9,OPTIMAL,37.8816,1,0,0,0,1,0.0,0.0,0.0,37.8816,90,0.75,0.5,1.0
015_RC206,15,RC,2,0,OPTIMAL,50.9566,2,1,1,0,1,0.5,49.1143,0.0,1.8423,90,0.75,0.5,1.0
015_RC206,15,RC,2,1,OPTIMAL,43.7257,2,1,1,0,1,0.5,42.4317,0.0,1.2941,90,0.75,0.5,1.0
015_RC206,15,RC,2,2,OPTIMAL,101.1873,2,2,1,1,0,1.0,101.1873,0.0,0.0,90,0.75,0.5,1.0
015_RC206,15,RC,2,3,OPTIMAL,107.9203,2,2,2,0,0,1.0,107.9203,0.0,0.0,90,0.75,0.5,1.0
015_RC206,15,RC,2,4,OPTIMAL,105.1453,2,2,2,0,0,1.0,105.1453,0.0,0.0,90,0.75,0.5,1.0
015_RC206,15,RC,2,5,OPTIMAL,50.9923,2,1,1,0,1,0.5,48.9049,0.0,2.0874,90,0.75,0.5,1.0
015_RC206,15,RC,2,6,OPTIMAL,76.6076,2,1,1,0,1,0.5,53.6335,0.0,22.9741,90,0.75,0.5,1.0
015_RC206,15,RC,2,7,OPTIMAL,6.1721,2,0,0,0,2,0.0,0.0,0.0,6.1721,90,0.75,0.5,1.0
015_RC206,15,RC,2,8,OPTIMAL,61.7393,2,1,1,0,1,0.5,61.3138,0.0,0.4255,90,0.75,0.5,1.0
015_RC206,15,RC,2,9,OPTIMAL,120.5372,2,2,2,0,0,1.0,120.5372,0.0,0.0,90,0.75,0.5,1.0
015_RC206,15,RC,3,0,OPTIMAL,118.0063,3,2,2,0,1,0.6667,116.7677,0.0,1.2386,90,0.75,0.5,1.0
015_RC206,15,RC,3,1,OPTIMAL,163.0247,3,3,3,0,0,1.0,163.0247,0.0,0.0,90,0.75,0.5,1.0
015_RC206,15,RC,3,2,OPTIMAL,107.5176,3,2,2,0,1,0.6667,102.4582,0.0,5.0594,90,0.75,0.5,1.0
015_RC206,15,RC,3,3,OPTIMAL,109.0621,3,1,1,0,2,0.3333,58.5135,0.0,50.5486,90,0.75,0.5,1.0
015_RC206,15,RC,3,4,OPTIMAL,63.2582,3,1,1,0,2,0.3333,51.9836,0.0,11.2746,90,0.75,0.5,1.0
015_RC206,15,RC,3,5,OPTIMAL,163.488,3,3,3,0,0,1.0,163.488,0.0,0.0,90,0.75,0.5,1.0
015_RC206,15,RC,3,6,OPTIMAL,153.5582,3,3,3,0,0,1.0,153.5582,0.0,0.0,90,0.75,0.5,1.0
015_RC206,15,RC,3,7,OPTIMAL,132.5326,3,2,1,1,1,0.6667,125.1167,0.0,7.4158,90,0.75,0.5,1.0
015_RC206,15,RC,3,8,OPTIMAL,119.5742,3,2,2,0,1,0.6667,118.6051,0.0,0.9691,90,0.75,0.5,1.0
015_RC206,15,RC,3,9,OPTIMAL,111.3985,3,2,2,0,1,0.6667,111.3915,0.0,0.007,90,0.75,0.5,1.0
015_RC207,15,RC,1,0,OPTIMAL,68.6727,1,1,1,0,0,1.0,68.6727,0.0,0.0,90,0.75,0.5,1.0
015_RC207,15,RC,1,1,OPTIMAL,0.0076,1,0,0,0,1,0.0,0.0,0.0,0.0076,90,0.75,0.5,1.0
015_RC207,15,RC,1,2,OPTIMAL,52.2255,1,1,1,0,0,1.0,52.2255,0.0,0.0,90,0.75,0.5,1.0
015_RC207,15,RC,1,3,OPTIMAL,54.0963,1,1,1,0,0,1.0,54.0963,0.0,0.0,90,0.75,0.5,1.0
015_RC207,15,RC,1,4,OPTIMAL,5.455,1,0,0,0,1,0.0,0.0,0.0,5.455,90,0.75,0.5,1.0
015_RC207,15,RC,1,5,OPTIMAL,52.0518,1,1,1,0,0,1.0,52.0518,0.0,0.0,90,0.75,0.5,1.0
015_RC207,15,RC,1,6,OPTIMAL,46.3626,1,1,0,1,0,1.0,46.3626,0.0,0.0,90,0.75,0.5,1.0
015_RC207,15,RC,1,7,OPTIMAL,61.0434,1,1,1,0,0,1.0,61.0434,0.0,0.0,90,0.75,0.5,1.0
015_RC207,15,RC,1,8,OPTIMAL,41.2965,1,0,0,0,1,0.0,0.0,0.0,41.2965,90,0.75,0.5,1.0
015_RC207,15,RC,1,9,OPTIMAL,37.8816,1,0,0,0,1,0.0,0.0,0.0,37.8816,90,0.75,0.5,1.0
015_RC207,15,RC,2,0,OPTIMAL,70.067,2,1,0,1,1,0.5,49.1143,0.0,20.9527,90,0.75,0.5,1.0
015_RC207,15,RC,2,1,OPTIMAL,43.7257,2,1,1,0,1,0.5,42.4317,0.0,1.2941,90,0.75,0.5,1.0
015_RC207,15,RC,2,2,OPTIMAL,101.1873,2,2,2,0,0,1.0,101.1873,0.0,0.0,90,0.75,0.5,1.0
015_RC207,15,RC,2,3,OPTIMAL,93.875,2,1,1,0,1,0.5,52.8671,0.0,41.0078,90,0.75,0.5,1.0
015_RC207,15,RC,2,4,OPTIMAL,90.8819,2,1,1,0,1,0.5,55.9014,0.0,34.9805,90,0.75,0.5,1.0
015_RC207,15,RC,2,5,OPTIMAL,96.2429,2,2,2,0,0,1.0,96.2429,0.0,0.0,90,0.75,0.5,1.0
015_RC207,15,RC,2,6,OPTIMAL,122.8378,2,2,2,0,0,1.0,122.8378,0.0,0.0,90,0.75,0.5,1.0
015_RC207,15,RC,2,7,OPTIMAL,54.7172,2,1,0,1,1,0.5,48.7108,0.0,6.0064,90,0.75,0.5,1.0
015_RC207,15,RC,2,8,OPTIMAL,69.3019,2,1,1,0,1,0.5,61.3138,0.0,7.9882,90,0.75,0.5,1.0
015_RC207,15,RC,2,9,OPTIMAL,120.5372,2,2,2,0,0,1.0,120.5372,0.0,0.0,90,0.75,0.5,1.0
015_RC207,15,RC,3,0,OPTIMAL,122.7779,3,2,2,0,1,0.6667,116.7677,0.0,6.0103,90,0.75,0.5,1.0
015_RC207,15,RC,3,1,OPTIMAL,100.7258,3,2,2,0,1,0.6667,97.7432,0.0,2.9827,90,0.75,0.5,1.0
015_RC207,15,RC,3,2,OPTIMAL,109.9084,3,2,2,0,1,0.6667,109.1887,0.0,0.7196,90,0.75,0.5,1.0
015_RC207,15,RC,3,3,OPTIMAL,89.5483,3,1,1,0,2,0.3333,58.5135,0.0,31.0348,90,0.75,0.5,1.0
015_RC207,15,RC,3,4,OPTIMAL,63.2582,3,1,1,0,2,0.3333,51.9836,0.0,11.2746,90,0.75,0.5,1.0
015_RC207,15,RC,3,5,OPTIMAL,163.488,3,3,3,0,0,1.0,163.488,0.0,0.0,90,0.75,0.5,1.0
015_RC207,15,RC,3,6,OPTIMAL,150.379,3,2,2,0,1,0.6667,99.9412,0.0,50.4379,90,0.75,0.5,1.0
015_RC207,15,RC,3,7,OPTIMAL,132.5326,3,2,1,1,1,0.6667,125.1167,0.0,7.4158,90,0.75,0.5,1.0
015_RC207,15,RC,3,8,OPTIMAL,119.5742,3,2,2,0,1,0.6667,118.6051,0.0,0.9691,90,0.75,0.5,1.0
015_RC207,15,RC,3,9,OPTIMAL,111.3985,3,2,2,0,1,0.6667,111.3915,0.0,0.007,90,0.75,0.5,1.0
015_RC208,15,RC,1,0,OPTIMAL,12.8547,1,0,0,0,1,0.0,0.0,0.0,12.8547,90,0.75,0.5,1.0
015_RC208,15,RC,1,1,OPTIMAL,44.9757,1,1,1,0,0,1.0,44.9757,0.0,0.0,90,0.75,0.5,1.0
015_RC208,15,RC,1,2,OPTIMAL,52.2255,1,1,1,0,0,1.0,52.2255,0.0,0.0,90,0.75,0.5,1.0
015_RC208,15,RC,1,3,OPTIMAL,54.0963,1,1,1,0,0,1.0,54.0963,0.0,0.0,90,0.75,0.5,1.0
015_RC208,15,RC,1,4,OPTIMAL,56.5194,1,1,1,0,0,1.0,56.5194,0.0,0.0,90,0.75,0.5,1.0
015_RC208,15,RC,1,5,OPTIMAL,52.0518,1,1,1,0,0,1.0,52.0518,0.0,0.0,90,0.75,0.5,1.0
015_RC208,15,RC,1,6,OPTIMAL,46.3626,1,1,1,0,0,1.0,46.3626,0.0,0.0,90,0.75,0.5,1.0
015_RC208,15,RC,1,7,OPTIMAL,61.0434,1,1,1,0,0,1.0,61.0434,0.0,0.0,90,0.75,0.5,1.0
015_RC208,15,RC,1,8,OPTIMAL,9.4522,1,0,0,0,1,0.0,0.0,0.0,9.4522,90,0.75,0.5,1.0
015_RC208,15,RC,1,9,OPTIMAL,47.0156,1,1,1,0,0,1.0,47.0156,0.0,0.0,90,0.75,0.5,1.0
015_RC208,15,RC,2,0,OPTIMAL,116.2635,2,2,2,0,0,1.0,116.2635,0.0,0.0,90,0.75,0.5,1.0
015_RC208,15,RC,2,1,OPTIMAL,64.8887,2,1,1,0,1,0.5,64.8191,0.0,0.0697,90,0.75,0.5,1.0
015_RC208,15,RC,2,2,OPTIMAL,101.1873,2,2,1,1,0,1.0,101.1873,0.0,0.0,90,0.75,0.5,1.0
015_RC208,15,RC,2,3,OPTIMAL,107.9203,2,2,2,0,0,1.0,107.9203,0.0,0.0,90,0.75,0.5,1.0
015_RC208,15,RC,2,4,OPTIMAL,105.1453,2,2,2,0,0,1.0,105.1453,0.0,0.0,90,0.75,0.5,1.0
015_RC208,15,RC,2,5,OPTIMAL,96.2429,2,2,2,0,0,1.0,96.2429,0.0,0.0,90,0.75,0.5,1.0
015_RC208,15,RC,2,6,OPTIMAL,122.8378,2,2,2,0,0,1.0,122.8378,0.0,0.0,90,0.75,0.5,1.0
015_RC208,15,RC,2,7,OPTIMAL,99.181,2,2,2,0,0,1.0,99.181,0.0,0.0,90,0.75,0.5,1.0
015_RC208,15,RC,2,8,OPTIMAL,69.3019,2,1,1,0,1,0.5,61.3138,0.0,7.9882,90,0.75,0.5,1.0
015_RC208,15,RC,2,9,OPTIMAL,120.5372,2,2,2,0,0,1.0,120.5372,0.0,0.0,90,0.75,0.5,1.0
015_RC208,15,RC,3,0,OPTIMAL,162.7956,3,3,3,0,0,1.0,162.7956,0.0,0.0,90,0.75,0.5,1.0
015_RC208,15,RC,3,1,OPTIMAL,163.0247,3,3,3,0,0,1.0,163.0247,0.0,0.0,90,0.75,0.5,1.0
015_RC208,15,RC,3,2,OPTIMAL,109.9084,3,2,2,0,1,0.6667,109.1887,0.0,0.7196,90,0.75,0.5,1.0
015_RC208,15,RC,3,3,OPTIMAL,183.905,3,3,3,0,0,1.0,183.905,0.0,0.0,90,0.75,0.5,1.0
015_RC208,15,RC,3,4,OPTIMAL,135.4882,3,2,2,0,1,0.6667,103.2064,0.0,32.2818,90,0.75,0.5,1.0
015_RC208,15,RC,3,5,OPTIMAL,119.927,3,2,2,0,1,0.6667,119.8537,0.0,0.0733,90,0.75,0.5,1.0
015_RC208,15,RC,3,6,OPTIMAL,153.5582,3,3,3,0,0,1.0,153.5582,0.0,0.0,90,0.75,0.5,1.0
015_RC208,15,RC,3,7,OPTIMAL,114.8148,3,2,2,0,1,0.6667,111.1797,0.0,3.6351,90,0.75,0.5,1.0
015_RC208,15,RC,3,8,OPTIMAL,119.5742,3,2,2,0,1,0.6667,118.6051,0.0,0.9691,90,0.75,0.5,1.0
015_RC208,15,RC,3,9,OPTIMAL,160.9013,3,3,3,0,0,1.0,160.9013,0.0,0.0,90,0.75,0.5,1.0
025_C101,25,C,2,0,OPTIMAL,51.3978,2,0,0,0,2,0.0,0.0,0.0,51.3978,90,0.75,0.5,1.0
025_C101,25,C,2,1,OPTIMAL,73.5955,2,1,1,0,1,0.5,60.7782,0.0,12.8174,90,0.75,0.5,1.0
025_C101,25,C,2,2,OPTIMAL,34.852,2,1,1,0,1,0.5,31.9026,0.0,2.9494,90,0.75,0.5,1.0
025_C101,25,C,2,3,OPTIMAL,16.8147,2,0,0,0,2,0.0,0.0,0.0,16.8147,90,0.75,0.5,1.0
025_C101,25,C,2,4,OPTIMAL,4.1965,2,0,0,0,2,0.0,0.0,0.0,4.1965,90,0.75,0.5,1.0
025_C101,25,C,2,5,OPTIMAL,55.1369,2,1,1,0,1,0.5,50.7846,0.0,4.3522,90,0.75,0.5,1.0
025_C101,25,C,2,6,OPTIMAL,14.2702,2,0,0,0,2,0.0,0.0,0.0,14.2702,90,0.75,0.5,1.0
025_C101,25,C,2,7,OPTIMAL,103.2803,2,1,1,0,1,0.5,56.4292,0.0,46.851,90,0.75,0.5,1.0
025_C101,25,C,2,8,OPTIMAL,55.697,2,1,1,0,1,0.5,52.3617,0.0,3.3353,90,0.75,0.5,1.0
025_C101,25,C,2,9,OPTIMAL,14.8221,2,0,0,0,2,0.0,0.0,0.0,14.8221,90,0.75,0.5,1.0
025_C101,25,C,4,0,OPTIMAL,81.0804,4,2,2,0,2,0.5,77.3197,0.0,3.7607,90,0.75,0.5,1.0
025_C101,25,C,4,1,OPTIMAL,85.4861,4,1,1,0,3,0.25,58.4922,0.0,26.9939,90,0.75,0.5,1.0
025_C101,25,C,4,2,OPTIMAL,74.4559,4,1,1,0,3,0.25,54.8166,0.0,19.6394,90,0.75,0.5,1.0
025_C101,25,C,4,3,OPTIMAL,100.942,4,2,2,0,2,0.5,53.7786,0.0,47.1634,90,0.75,0.5,1.0
025_C101,25,C,4,4,OPTIMAL,116.5749,4,2,2,0,2,0.5,107.5645,0.0,9.0104,90,0.75,0.5,1.0
025_C101,25,C,4,5,OPTIMAL,142.0826,4,3,3,0,1,0.75,141.4355,0.0,0.6471,90,0.75,0.5,1.0
025_C101,25,C,4,6,OPTIMAL,83.7014,4,2,2,0,2,0.5,78.0398,0.0,5.6616,90,0.75,0.5,1.0
025_C101,25,C,4,7,OPTIMAL,71.2526,4,2,1,1,2,0.5,63.4228,0.0,7.8298,90,0.75,0.5,1.0
025_C101,25,C,4,8,OPTIMAL,168.831,4,3,3,0,1,0.75,162.1617,0.0,6.6693,90,0.75,0.5,1.0
025_C101,25,C,4,9,OPTIMAL,63.3036,4,1,1,0,3,0.25,53.5281,0.0,9.7755,90,0.75,0.5,1.0
025_C101,25,C,6,0,OPTIMAL,92.388,6,3,2,1,3,0.5,77.3003,0.0,15.0876,90,0.75,0.5,1.0
025_C101,25,C,6,1,OPTIMAL,134.9551,6,3,3,0,3,0.5,127.7918,0.0,7.1633,90,0.75,0.5,1.0
025_C101,25,C,6,2,OPTIMAL,142.5694,6,3,3,0,3,0.5,122.6097,0.0,19.9597,90,0.75,0.5,1.0
025_C101,25,C,6,3,OPTIMAL,97.6245,6,2,2,0,4,0.3333,79.0695,0.0,18.555,90,0.75,0.5,1.0
025_C101,25,C,6,4,OPTIMAL,80.2271,6,2,2,0,4,0.3333,54.6882,0.0,25.5389,90,0.75,0.5,1.0
025_C101,25,C,6,5,OPTIMAL,54.7165,6,1,1,0,5,0.1667,29.9863,0.0,24.7302,90,0.75,0.5,1.0
025_C101,25,C,6,6,OPTIMAL,80.865,6,1,1,0,5,0.1667,31.1662,0.0,49.6989,90,0.75,0.5,1.0
025_C101,25,C,6,7,OPTIMAL,25.2399,6,0,0,0,6,0.0,0.0,0.0,25.2399,90,0.75,0.5,1.0
025_C101,25,C,6,8,OPTIMAL,145.4492,6,2,2,0,4,0.3333,117.6547,0.0,27.7945,90,0.75,0.5,1.0
025_C101,25,C,6,9,OPTIMAL,74.3075,6,2,1,1,4,0.3333,48.2116,0.0,26.0959,90,0.75,0.5,1.0
025_C102,25,C,2,0,OPTIMAL,75.308,2,1,1,0,1,0.5,56.9357,0.0,18.3723,90,0.75,0.5,1.0
025_C102,25,C,2,1,OPTIMAL,73.5955,2,1,1,0,1,0.5,60.7782,0.0,12.8174,90,0.75,0.5,1.0
025_C102,25,C,2,2,OPTIMAL,34.852,2,1,1,0,1,0.5,31.9026,0.0,2.9494,90,0.75,0.5,1.0
025_C102,25,C,2,3,OPTIMAL,63.3781,2,1,0,1,1,0.5,13.7933,0.0,49.5849,90,0.75,0.5,1.0
025_C102,25,C,2,4,OPTIMAL,11.3058,2,0,0,0,2,0.0,0.0,0.0,11.3058,90,0.75,0.5,1.0
025_C102,25,C,2,5,OPTIMAL,55.1369,2,1,1,0,1,0.5,50.7846,0.0,4.3522,90,0.75,0.5,1.0
025_C102,25,C,2,6,OPTIMAL,14.2702,2,0,0,0,2,0.0,0.0,0.0,14.2702,90,0.75,0.5,1.0
025_C102,25,C,2,7,OPTIMAL,103.2803,2,1,1,0,1,0.5,56.4292,0.0,46.851,90,0.75,0.5,1.0
025_C102,25,C,2,8,OPTIMAL,56.8627,2,1,1,0,1,0.5,52.3617,0.0,4.5009,90,0.75,0.5,1.0
025_C102,25,C,2,9,OPTIMAL,68.1185,2,1,1,0,1,0.5,62.002,0.0,6.1165,90,0.75,0.5,1.0
025_C102,25,C,4,0,OPTIMAL,81.0804,4,2,2,0,2,0.5,77.3197,0.0,3.7607,90,0.75,0.5,1.0
025_C102,25,C,4,1,OPTIMAL,85.4861,4,1,1,0,3,0.25,58.4922,0.0,26.9939,90,0.75,0.5,1.0
025_C102,25,C,4,2,OPTIMAL,74.4559,4,1,1,0,3,0.25,54.8166,0.0,19.6394,90,0.75,0.5,1.0
025_C102,25,C,4,3,OPTIMAL,133.0528,4,4,3,1,0,1.0,133.0528,0.0,0.0,90,0.75,0.5,1.0
025_C102,25,C,4,4,OPTIMAL,143.2229,4,3,2,1,1,0.75,138.8932,0.0,4.3297,90,0.75,0.5,1.0
025_C102,25,C,4,5,OPTIMAL,142.0826,4,3,3,0,1,0.75,141.4355,0.0,0.6471,90,0.75,0.5,1.0
025_C102,25,C,4,6,OPTIMAL,83.7014,4,2,2,0,2,0.5,78.0398,0.0,5.6616,90,0.75,0.5,1.0
025_C102,25,C,4,7,OPTIMAL,75.444,4,3,1,2,1,0.75,74.4362,0.0,1.0077,90,0.75,0.5,1.0
025_C102,25,C,4,8,OPTIMAL,185.5258,4,4,3,1,0,1.0,185.5258,0.0,0.0,90,0.75,0.5,1.0
025_C102,25,C,4,9,OPTIMAL,96.9334,4,2,1,1,2,0.5,80.2915,0.0,16.6419,90,0.75,0.5,1.0
025_C102,25,C,6,0,OPTIMAL,112.5383,6,4,2,2,2,0.6667,99.2627,0.0,13.2756,90,0.75,0.5,1.0
025_C102,25,C,6,1,OPTIMAL,190.7375,6,4,4,0,2,0.6667,187.3914,0.0,3.346,90,0.75,0.5,1.0
025_C102,25,C,6,2,OPTIMAL,167.5456,6,5,4,1,1,0.8333,162.3901,0.0,5.1555,90,0.75,0.5,1.0
025_C102,25,C,6,3,OPTIMAL,143.9816,6,4,2,2,2,0.6667,140.8535,0.0,3.1281,90,0.75,0.5,1.0
025_C102,25,C,6,4,OPTIMAL,80.2271,6,2,2,0,4,0.3333,54.6882,0.0,25.5389,90,0.75,0.5,1.0
025_C102,25,C,6,5,OPTIMAL,55.9803,6,1,1,0,5,0.1667,29.9863,0.0,25.994,90,0.75,0.5,1.0
025_C102,25,C,6,6,OPTIMAL,131.0808,6,4,3,1,2,0.6667,96.9647,0.0,34.1161,90,0.75,0.5,1.0
025_C102,25,C,6,7,OPTIMAL,92.1264,6,2,1,1,4,0.3333,74.1016,0.0,18.0248,90,0.75,0.5,1.0
025_C102,25,C,6,8,OPTIMAL,139.3923,6,2,2,0,4,0.3333,117.6547,0.0,21.7376,90,0.75,0.5,1.0
025_C102,25,C,6,9,OPTIMAL,92.5458,6,3,1,2,3,0.5,64.4515,0.0,28.0943,90,0.75,0.5,1.0
025_C103,25,C,2,0,OPTIMAL,61.325,2,1,1,0,1,0.5,56.9357,0.0,4.3893,90,0.75,0.5,1.0
025_C103,25,C,2,1,OPTIMAL,88.6963,2,2,2,0,0,1.0,88.6963,0.0,0.0,90,0.75,0.5,1.0
025_C103,25,C,2,2,OPTIMAL,49.3059,2,2,2,0,0,1.0,49.3059,0.0,0.0,90,0.75,0.5,1.0
025_C103,25,C,2,3,OPTIMAL,57.4081,2,0,0,0,2,0.0,0.0,0.0,57.4081,90,0.75,0.5,1.0
025_C103,25,C,2,4,OPTIMAL,23.3917,2,0,0,0,2,0.0,0.0,0.0,23.3917,90,0.75,0.5,1.0
025_C103,25,C,2,5,OPTIMAL,79.3522,2,1,1,0,1,0.5,50.7846,0.0,28.5675,90,0.75,0.5,1.0
025_C103,25,C,2,6,OPTIMAL,62.7726,2,1,1,0,1,0.5,59.3195,0.0,3.4531,90,0.75,0.5,1.0
025_C103,25,C,2,7,OPTIMAL,103.2803,2,1,1,0,1,0.5,56.4292,0.0,46.851,90,0.75,0.5,1.0
025_C103,25,C,2,8,OPTIMAL,55.697,2,1,1,0,1,0.5,52.3617,0.0,3.3353,90,0.75,0.5,1.0
025_C103,25,C,2,9,OPTIMAL,90.1122,2,2,1,1,0,1.0,90.1122,0.0,0.0,90,0.75,0.5,1.0
025_C103,25,C,4,0,OPTIMAL,88.2183,4,2,2,0,2,0.5,77.3197,0.0,10.8986,90,0.75,0.5,1.0
025_C103,25,C,4,1,OPTIMAL,112.6566,4,1,1,0,3,0.25,58.4922,0.0,54.1644,90,0.75,0.5,1.0
025_C103,25,C,4,2,OPTIMAL,113.1306,4,2,2,0,2,0.5,80.9715,0.0,32.1591,90,0.75,0.5,1.0
025_C103,25,C,4,3,OPTIMAL,110.9978,4,3,3,0,1,0.75,100.7834,0.0,10.2145,90,0.75,0.5,1.0
025_C103,25,C,4,4,OPTIMAL,173.3431,4,3,3,0,1,0.75,168.6624,0.0,4.6807,90,0.75,0.5,1.0
025_C103,25,C,4,5,OPTIMAL,187.9657,4,4,4,0,0,1.0,187.9657,0.0,0.0,90,0.75,0.5,1.0
025_C103,25,C,4,6,OPTIMAL,131.5218,4,2,2,0,2,0.5,78.0398,0.0,53.482,90,0.75,0.5,1.0
025_C103,25,C,4,7,OPTIMAL,117.7477,4,3,3,0,1,0.75,110.9256,0.0,6.8221,90,0.75,0.5,1.0
025_C103,25,C,4,8,OPTIMAL,168.831,4,3,3,0,1,0.75,162.1617,0.0,6.6693,90,0.75,0.5,1.0
025_C103,25,C,4,9,OPTIMAL,109.329,4,2,1,1,2,0.5,80.2915,0.0,29.0375,90,0.75,0.5,1.0
025_C103,25,C,6,0,OPTIMAL,159.1064,6,5,3,2,1,0.8333,153.4753,0.0,5.6311,90,0.75,0.5,1.0
025_C103,25,C,6,1,OPTIMAL,190.7375,6,4,4,0,2,0.6667,187.3914,0.0,3.346,90,0.75,0.5,1.0
025_C103,25,C,6,2,OPTIMAL,167.5456,6,5,4,1,1,0.8333,162.3901,0.0,5.1555,90,0.75,0.5,1.0
025_C103,25,C,6,3,OPTIMAL,232.9711,6,5,3,2,1,0.8333,194.4031,0.0,38.568,90,0.75,0.5,1.0
025_C103,25,C,6,4,OPTIMAL,123.643,6,4,4,0,2,0.6667,107.5864,0.0,16.0565,90,0.75,0.5,1.0
025_C103,25,C,6,5,OPTIMAL,93.8247,6,3,3,0,3,0.5,88.2198,0.0,5.6049,90,0.75,0.5,1.0
025_C103,25,C,6,6,OPTIMAL,131.0808,6,4,3,1,2,0.6667,96.9647,0.0,34.1161,90,0.75,0.5,1.0
025_C103,25,C,6,7,OPTIMAL,71.1638,6,1,1,0,5,0.1667,49.7186,0.0,21.4452,90,0.75,0.5,1.0
025_C103,25,C,6,8,OPTIMAL,130.798,6,2,2,0,4,0.3333,117.6547,0.0,13.1433,90,0.75,0.5,1.0
025_C103,25,C,6,9,OPTIMAL,136.7637,6,4,3,1,2,0.6667,119.2075,0.0,17.5562,90,0.75,0.5,1.0
025_C104,25,C,2,0,OPTIMAL,78.4034,2,2,1,1,0,1.0,78.4034,0.0,0.0,90,0.75,0.5,1.0
025_C104,25,C,2,1,OPTIMAL,88.6963,2,2,2,0,0,1.0,88.6963,0.0,0.0,90,0.75,0.5,1.0
025_C104,25,C,2,2,OPTIMAL,49.3059,2,2,2,0,0,1.0,49.3059,0.0,0.0,90,0.75,0.5,1.0
025_C104,25,C,2,3,OPTIMAL,76.6084,2,2,1,1,0,1.0,76.6084,0.0,0.0,90,0.75,0.5,1.0
025_C104,25,C,2,4,OPTIMAL,23.3917,2,0,0,0,2,0.0,0.0,0.0,23.3917,90,0.75,0.5,1.0
025_C104,25,C,2,5,OPTIMAL,80.7933,2,2,1,1,0,1.0,80.7933,0.0,0.0,90,0.75,0.5,1.0
025_C104,25,C,2,6,OPTIMAL,109.3427,2,2,2,0,0,1.0,109.3427,0.0,0.0,90,0.75,0.5,1.0
025_C104,25,C,2,7,OPTIMAL,103.2803,2,1,1,0,1,0.5,56.4292,0.0,46.851,90,0.75,0.5,1.0
025_C104,25,C,2,8,OPTIMAL,72.8182,2,2,1,1,0,1.0,72.8182,0.0,0.0,90,0.75,0.5,1.0
025_C104,25,C,2,9,OPTIMAL,90.1122,2,2,1,1,0,1.0,90.1122,0.0,0.0,90,0.75,0.5,1.0
025_C104,25,C,4,0,OPTIMAL,88.2183,4,2,2,0,2,0.5,77.3197,0.0,10.8986,90,0.75,0.5,1.0
025_C104,25,C,4,1,OPTIMAL,155.4781,4,2,2,0,2,0.5,120.483,0.0,34.9951,90,0.75,0.5,1.0
025_C104,25,C,4,2,OPTIMAL,163.0519,4,4,3,1,0,1.0,163.0519,0.0,0.0,90,0.75,0.5,1.0
025_C104,25,C,4,3,OPTIMAL,133.0528,4,4,3,1,0,1.0,133.0528,0.0,0.0,90,0.75,0.5,1.0
025_C104,25,C,4,4,OPTIMAL,199.9912,4,4,3,1,0,1.0,199.9912,0.0,0.0,90,0.75,0.5,1.0
025_C104,25,C,4,5,OPTIMAL,187.9657,4,4,4,0,0,1.0,187.9657,0.0,0.0,90,0.75,0.5,1.0
025_C104,25,C,4,6,OPTIMAL,131.5218,4,2,2,0,2,0.5,78.0398,0.0,53.482,90,0.75,0.5,1.0
025_C104,25,C,4,7,OPTIMAL,121.939,4,4,3,1,0,1.0,121.939,0.0,0.0,90,0.75,0.5,1.0
025_C104,25,C,4,8,OPTIMAL,185.5258,4,4,3,1,0,1.0,185.5258,0.0,0.0,90,0.75,0.5,1.0
025_C104,25,C,4,9,OPTIMAL,130.8814,4,3,3,0,1,0.75,110.886,0.0,19.9954,90,0.75,0.5,1.0
025_C104,25,C,6,0,OPTIMAL,159.1064,6,5,4,1,1,0.8333,153.4753,0.0,5.6311,90,0.75,0.5,1.0
025_C104,25,C,6,1,OPTIMAL,190.7375,6,4,4,0,2,0.6667,187.3914,0.0,3.346,90,0.75,0.5,1.0
025_C104,25,C,6,2,OPTIMAL,178.146,6,6,5,1,0,1.0,178.146,0.0,0.0,90,0.75,0.5,1.0
025_C104,25,C,6,3,OPTIMAL,232.9711,6,5,5,0,1,0.8333,194.4031,0.0,38.568,90,0.75,0.5,1.0
025_C104,25,C,6,4,OPTIMAL,128.4051,6,5,5,0,1,0.8333,120.2476,0.0,8.1575,90,0.75,0.5,1.0
025_C104,25,C,6,5,OPTIMAL,116.1423,6,4,3,1,2,0.6667,111.4714,0.0,4.6709,90,0.75,0.5,1.0
025_C104,25,C,6,6,OPTIMAL,158.2636,6,5,5,0,1,0.8333,127.6508,0.0,30.6127,90,0.75,0.5,1.0
025_C104,25,C,6,7,OPTIMAL,106.0086,6,3,2,1,3,0.5,99.0839,0.0,6.9247,90,0.75,0.5,1.0
025_C104,25,C,6,8,OPTIMAL,130.798,6,2,2,0,4,0.3333,117.6547,0.0,13.1433,90,0.75,0.5,1.0
025_C104,25,C,6,9,OPTIMAL,138.8014,6,4,4,0,2,0.6667,119.2075,0.0,19.5939,90,0.75,0.5,1.0
025_C105,25,C,2,0,OPTIMAL,61.2538,2,1,1,0,1,0.5,56.9357,0.0,4.318,90,0.75,0.5,1.0
025_C105,25,C,2,1,OPTIMAL,85.126,2,1,1,0,1,0.5,27.9181,0.0,57.2079,90,0.75,0.5,1.0
025_C105,25,C,2,2,OPTIMAL,20.6219,2,0,0,0,2,0.0,0.0,0.0,20.6219,90,0.75,0.5,1.0
025_C105,25,C,2,3,OPTIMAL,70.6384,2,1,1,0,1,0.5,62.8151,0.0,7.8232,90,0.75,0.5,1.0
025_C105,25,C,2,4,OPTIMAL,8.8028,2,0,0,0,2,0.0,0.0,0.0,8.8028,90,0.75,0.5,1.0
025_C105,25,C,2,5,OPTIMAL,67.9119,2,0,0,0,2,0.0,0.0,0.0,67.9119,90,0.75,0.5,1.0
025_C105,25,C,2,6,OPTIMAL,62.7726,2,1,1,0,1,0.5,59.3195,0.0,3.4531,90,0.75,0.5,1.0
025_C105,25,C,2,7,OPTIMAL,62.3448,2,1,1,0,1,0.5,56.4292,0.0,5.9156,90,0.75,0.5,1.0
025_C105,25,C,2,8,OPTIMAL,53.8732,2,1,0,1,1,0.5,52.3617,0.0,1.5115,90,0.75,0.5,1.0
025_C105,25,C,2,9,OPTIMAL,68.1185,2,1,1,0,1,0.5,62.002,0.0,6.1165,90,0.75,0.5,1.0
025_C105,25,C,4,0,OPTIMAL,112.3227,4,3,3,0,1,0.75,108.9983,0.0,3.3245,90,0.75,0.5,1.0
025_C105,25,C,4,1,OPTIMAL,128.4599,4,2,2,0,2,0.5,120.483,0.0,7.9769,90,0.75,0.5,1.0
025_C105,25,C,4,2,OPTIMAL,66.813,4,1,1,0,3,0.25,59.7962,0.0,7.0168,90,0.75,0.5,1.0
025_C105,25,C,4,3,OPTIMAL,98.0007,4,2,2,0,2,0.5,77.2996,0.0,20.7011,90,0.75,0.5,1.0
025_C105,25,C,4,4,OPTIMAL,66.1388,4,1,1,0,3,0.25,57.1243,0.0,9.0146,90,0.75,0.5,1.0
025_C105,25,C,4,5,OPTIMAL,114.8831,4,2,2,0,2,0.5,82.139,0.0,32.7441,90,0.75,0.5,1.0
025_C105,25,C,4,6,OPTIMAL,83.2915,4,2,2,0,2,0.5,78.0398,0.0,5.2517,90,0.75,0.5,1.0
025_C105,25,C,4,7,OPTIMAL,93.1733,4,2,2,0,2,0.5,79.2235,0.0,13.9498,90,0.75,0.5,1.0
025_C105,25,C,4,8,OPTIMAL,158.1714,4,2,2,0,2,0.5,102.4172,0.0,55.7542,90,0.75,0.5,1.0
025_C105,25,C,4,9,OPTIMAL,64.0199,4,1,1,0,3,0.25,53.5281,0.0,10.4919,90,0.75,0.5,1.0
025_C105,25,C,6,0,OPTIMAL,183.7524,6,4,3,1,2,0.6667,172.0142,0.0,11.7382,90,0.75,0.5,1.0
025_C105,25,C,6,1,OPTIMAL,129.3006,6,1,1,0,5,0.1667,59.5996,0.0,69.701,90,0.75,0.5,1.0
025_C105,25,C,6,2,OPTIMAL,144.7953,6,4,3,1,2,0.6667,105.7737,0.0,39.0216,90,0.75,0.5,1.0
025_C105,25,C,6,3,OPTIMAL,181.1236,6,3,3,0,3,0.5,160.08,0.0,21.0436,90,0.75,0.5,1.0
025_C105,25,C,6,4,OPTIMAL,77.0646,6,2,2,0,4,0.3333,53.4412,0.0,23.6234,90,0.75,0.5,1.0
025_C105,25,C,6,5,OPTIMAL,51.9421,6,1,0,1,5,0.1667,23.2516,0.0,28.6905,90,0.75,0.5,1.0
025_C105,25,C,6,6,OPTIMAL,49.3973,6,1,1,0,5,0.1667,31.1662,0.0,18.2311,90,0.75,0.5,1.0
025_C105,25,C,6,7,OPTIMAL,116.3627,6,2,2,0,4,0.3333,107.8236,0.0,8.5392,90,0.75,0.5,1.0
025_C105,25,C,6,8,OPTIMAL,176.1388,6,4,4,0,2,0.6667,161.3656,0.0,14.7733,90,0.75,0.5,1.0
025_C105,25,C,6,9,OPTIMAL,88.0989,6,2,2,0,4,0.3333,81.6341,0.0,6.4648,90,0.75,0.5,1.0
025_C106,25,C,2,0,OPTIMAL,78.4034,2,2,1,1,0,1.0,78.4034,0.0,0.0,90,0.75,0.5,1.0
025_C106,25,C,2,1,OPTIMAL,73.5955,2,1,1,0,1,0.5,60.7782,0.0,12.8174,90,0.75,0.5,1.0
025_C106,25,C,2,2,OPTIMAL,20.6219,2,0,0,0,2,0.0,0.0,0.0,20.6219,90,0.75,0.5,1.0
025_C106,25,C,2,3,OPTIMAL,76.6084,2,2,0,2,0,1.0,76.6084,0.0,0.0,90,0.75,0.5,1.0
025_C106,25,C,2,4,OPTIMAL,4.1965,2,0,0,0,2,0.0,0.0,0.0,4.1965,90,0.75,0.5,1.0
025_C106,25,C,2,5,OPTIMAL,78.2225,2,1,0,1,1,0.5,30.0087,0.0,48.2138,90,0.75,0.5,1.0
025_C106,25,C,2,6,OPTIMAL,62.7726,2,1,0,1,1,0.5,59.3195,0.0,3.4531,90,0.75,0.5,1.0
025_C106,25,C,2,7,OPTIMAL,119.8914,2,2,2,0,0,1.0,119.8914,0.0,0.0,90,0.75,0.5,1.0
025_C106,25,C,2,8,OPTIMAL,53.8732,2,1,1,0,1,0.5,52.3617,0.0,1.5115,90,0.75,0.5,1.0
025_C106,25,C,2,9,OPTIMAL,90.1122,2,2,0,2,0,1.0,90.1122,0.0,0.0,90,0.75,0.5,1.0
025_C106,25,C,4,0,OPTIMAL,84.092,4,2,2,0,2,0.5,77.3197,0.0,6.7724,90,0.75,0.5,1.0
025_C106,25,C,4,1,OPTIMAL,131.4538,4,2,1,1,2,0.5,105.8068,0.0,25.647,90,0.75,0.5,1.0
025_C106,25,C,4,2,OPTIMAL,116.9327,4,3,1,2,1,0.75,103.2557,0.0,13.677,90,0.75,0.5,1.0
025_C106,25,C,4,3,OPTIMAL,133.0528,4,4,2,2,0,1.0,133.0528,0.0,0.0,90,0.75,0.5,1.0
025_C106,25,C,4,4,OPTIMAL,173.6641,4,3,2,1,1,0.75,168.6624,0.0,5.0017,90,0.75,0.5,1.0
025_C106,25,C,4,5,OPTIMAL,187.9657,4,4,3,1,0,1.0,187.9657,0.0,0.0,90,0.75,0.5,1.0
025_C106,25,C,4,6,OPTIMAL,134.9847,4,3,2,1,1,0.75,132.6149,0.0,2.3697,90,0.75,0.5,1.0
025_C106,25,C,4,7,OPTIMAL,97.3647,4,3,1,2,1,0.75,90.2369,0.0,7.1277,90,0.75,0.5,1.0
025_C106,25,C,4,8,OPTIMAL,185.5258,4,4,3,1,0,1.0,185.5258,0.0,0.0,90,0.75,0.5,1.0
025_C106,25,C,4,9,OPTIMAL,89.9429,4,2,1,1,2,0.5,80.2915,0.0,9.6513,90,0.75,0.5,1.0
025_C106,25,C,6,0,OPTIMAL,151.5551,6,3,2,1,3,0.5,116.5333,0.0,35.0218,90,0.75,0.5,1.0
025_C106,25,C,6,1,OPTIMAL,239.5347,6,6,3,3,0,1.0,239.5347,0.0,0.0,90,0.75,0.5,1.0
025_C106,25,C,6,2,OPTIMAL,167.5456,6,5,3,2,1,0.8333,162.3901,0.0,5.1555,90,0.75,0.5,1.0
025_C106,25,C,6,3,OPTIMAL,192.6865,6,4,3,1,2,0.6667,160.5387,0.0,32.1477,90,0.75,0.5,1.0
025_C106,25,C,6,4,OPTIMAL,79.0645,6,2,2,0,4,0.3333,54.6882,0.0,24.3763,90,0.75,0.5,1.0
025_C106,25,C,6,5,OPTIMAL,81.479,6,2,0,2,4,0.3333,62.0621,0.0,19.4169,90,0.75,0.5,1.0
025_C106,25,C,6,6,OPTIMAL,161.0777,6,5,2,3,1,0.8333,158.8507,0.0,2.227,90,0.75,0.5,1.0
025_C106,25,C,6,7,OPTIMAL,113.3098,6,3,0,3,3,0.5,95.6482,0.0,17.6616,90,0.75,0.5,1.0
025_C106,25,C,6,8,OPTIMAL,144.9236,6,2,2,0,4,0.3333,117.6547,0.0,27.2689,90,0.75,0.5,1.0
025_C106,25,C,6,9,OPTIMAL,101.6557,6,2,1,1,4,0.3333,81.6341,0.0,20.0216,90,0.75,0.5,1.0
025_C107,25,C,2,0,OPTIMAL,61.2538,2,1,1,0,1,0.5,56.9357,0.0,4.318,90,0.75,0.5,1.0
025_C107,25,C,2,1,OPTIMAL,73.6345,2,1,1,0,1,0.5,60.7782,0.0,12.8564,90,0.75,0.5,1.0
025_C107,25,C,2,2,OPTIMAL,15.0155,2,0,0,0,2,0.0,0.0,0.0,15.0155,90,0.75,0.5,1.0
025_C107,25,C,2,3,OPTIMAL,76.6084,2,2,2,0,0,1.0,76.6084,0.0,0.0,90,0.75,0.5,1.0
025_C107,25,C,2,4,OPTIMAL,5.3385,2,0,0,0,2,0.0,0.0,0.0,5.3385,90,0.75,0.5,1.0
025_C107,25,C,2,5,OPTIMAL,51.3963,2,1,1,0,1,0.5,50.7846,0.0,0.6117,90,0.75,0.5,1.0
025_C107,25,C,2,6,OPTIMAL,99.2128,2,1,1,0,1,0.5,50.0232,0.0,49.1896,90,0.75,0.5,1.0
025_C107,25,C,2,7,OPTIMAL,114.35,2,1,1,0,1,0.5,63.4622,0.0,50.8878,90,0.75,0.5,1.0
025_C107,25,C,2,8,OPTIMAL,7.6866,2,0,0,0,2,0.0,0.0,0.0,7.6866,90,0.75,0.5,1.0
025_C107,25,C,2,9,OPTIMAL,90.1122,2,2,2,0,0,1.0,90.1122,0.0,0.0,90,0.75,0.5,1.0
025_C107,25,C,4,0,OPTIMAL,86.1943,4,2,2,0,2,0.5,77.3197,0.0,8.8747,90,0.75,0.5,1.0
025_C107,25,C,4,1,OPTIMAL,125.9574,4,2,2,0,2,0.5,109.3054,0.0,16.652,90,0.75,0.5,1.0
025_C107,25,C,4,2,OPTIMAL,18.9698,4,0,0,0,4,0.0,0.0,0.0,18.9698,90,0.75,0.5,1.0
025_C107,25,C,4,3,OPTIMAL,93.8418,4,1,1,0,3,0.25,30.2948,0.0,63.547,90,0.75,0.5,1.0
025_C107,25,C,4,4,OPTIMAL,121.6929,4,2,2,0,2,0.5,118.2222,0.0,3.4707,90,0.75,0.5,1.0
025_C107,25,C,4,5,OPTIMAL,62.8492,4,1,1,0,3,0.25,23.6794,0.0,39.1698,90,0.75,0.5,1.0
025_C107,25,C,4,6,OPTIMAL,134.5747,4,3,3,0,1,0.75,132.6149,0.0,1.9598,90,0.75,0.5,1.0
025_C107,25,C,4,7,OPTIMAL,72.393,4,1,1,0,3,0.25,31.7207,0.0,40.6723,90,0.75,0.5,1.0
025_C107,25,C,4,8,OPTIMAL,118.8693,4,2,2,0,2,0.5,102.4172,0.0,16.4522,90,0.75,0.5,1.0
025_C107,25,C,4,9,OPTIMAL,90.4359,4,2,2,0,2,0.5,80.2915,0.0,10.1444,90,0.75,0.5,1.0
025_C107,25,C,6,0,OPTIMAL,128.9969,6,3,3,0,3,0.5,116.5333,0.0,12.4636,90,0.75,0.5,1.0
025_C107,25,C,6,1,OPTIMAL,65.1913,6,0,0,0,6,0.0,0.0,0.0,65.1913,90,0.75,0.5,1.0
025_C107,25,C,6,2,OPTIMAL,107.9608,6,4,4,0,2,0.6667,105.7737,0.0,2.1871,90,0.75,0.5,1.0
025_C107,25,C,6,3,OPTIMAL,157.1659,6,3,3,0,3,0.5,140.3947,0.0,16.7713,90,0.75,0.5,1.0
025_C107,25,C,6,4,OPTIMAL,68.3409,6,2,2,0,4,0.3333,38.665,0.0,29.6759,90,0.75,0.5,1.0
025_C107,25,C,6,5,OPTIMAL,30.3166,6,0,0,0,6,0.0,0.0,0.0,30.3166,90,0.75,0.5,1.0
025_C107,25,C,6,6,OPTIMAL,65.1529,6,2,2,0,4,0.3333,48.7453,0.0,16.4076,90,0.75,0.5,1.0
025_C107,25,C,6,7,OPTIMAL,67.4035,6,1,0,1,5,0.1667,24.383,0.0,43.0205,90,0.75,0.5,1.0
025_C107,25,C,6,8,OPTIMAL,145.7646,6,2,2,0,4,0.3333,117.6547,0.0,28.1099,90,0.75,0.5,1.0
025_C107,25,C,6,9,OPTIMAL,88.0989,6,2,2,0,4,0.3333,81.6341,0.0,6.4648,90,0.75,0.5,1.0
025_C108,25,C,2,0,OPTIMAL,76.3624,2,1,0,1,1,0.5,56.9357,0.0,19.4267,90,0.75,0.5,1.0
025_C108,25,C,2,1,OPTIMAL,73.6345,2,1,1,0,1,0.5,60.7782,0.0,12.8564,90,0.75,0.5,1.0
025_C108,25,C,2,2,OPTIMAL,42.2265,2,1,1,0,1,0.5,31.9026,0.0,10.3239,90,0.75,0.5,1.0
025_C108,25,C,2,3,OPTIMAL,76.6084,2,2,1,1,0,1.0,76.6084,0.0,0.0,90,0.75,0.5,1.0
025_C108,25,C,2,4,OPTIMAL,10.2216,2,0,0,0,2,0.0,0.0,0.0,10.2216,90,0.75,0.5,1.0
025_C108,25,C,2,5,OPTIMAL,51.3963,2,1,1,0,1,0.5,50.7846,0.0,0.6117,90,0.75,0.5,1.0
025_C108,25,C,2,6,OPTIMAL,99.012,2,1,1,0,1,0.5,59.3195,0.0,39.6926,90,0.75,0.5,1.0
025_C108,25,C,2,7,OPTIMAL,65.5873,2,1,1,0,1,0.5,56.4292,0.0,9.158,90,0.75,0.5,1.0
025_C108,25,C,2,8,OPTIMAL,53.1188,2,1,0,1,1,0.5,52.3617,0.0,0.757,90,0.75,0.5,1.0
025_C108,25,C,2,9,OPTIMAL,90.1122,2,2,0,2,0,1.0,90.1122,0.0,0.0,90,0.75,0.5,1.0
025_C108,25,C,4,0,OPTIMAL,91.7121,4,2,2,0,2,0.5,77.3197,0.0,14.3924,90,0.75,0.5,1.0
025_C108,25,C,4,1,OPTIMAL,120.4191,4,1,1,0,3,0.25,58.4922,0.0,61.9269,90,0.75,0.5,1.0
025_C108,25,C,4,2,OPTIMAL,112.9922,4,1,1,0,3,0.25,54.8166,0.0,58.1756,90,0.75,0.5,1.0
025_C108,25,C,4,3,OPTIMAL,120.0556,4,3,1,2,1,0.75,109.569,0.0,10.4866,90,0.75,0.5,1.0
025_C108,25,C,4,4,OPTIMAL,119.6387,4,2,2,0,2,0.5,107.5645,0.0,12.0742,90,0.75,0.5,1.0
025_C108,25,C,4,5,OPTIMAL,128.123,4,2,2,0,2,0.5,82.139,0.0,45.984,90,0.75,0.5,1.0
025_C108,25,C,4,6,OPTIMAL,85.9837,4,2,2,0,2,0.5,78.0398,0.0,7.9439,90,0.75,0.5,1.0
025_C108,25,C,4,7,OPTIMAL,96.7785,4,3,1,2,1,0.75,90.2369,0.0,6.5415,90,0.75,0.5,1.0
025_C108,25,C,4,8,OPTIMAL,174.6082,4,3,2,1,1,0.75,125.7813,0.0,48.8268,90,0.75,0.5,1.0
025_C108,25,C,4,9,OPTIMAL,95.2218,4,2,1,1,2,0.5,80.2915,0.0,14.9303,90,0.75,0.5,1.0
025_C108,25,C,6,0,OPTIMAL,154.4095,6,4,3,1,2,0.6667,138.4957,0.0,15.9138,90,0.75,0.5,1.0
025_C108,25,C,6,1,OPTIMAL,124.0209,6,1,1,0,5,0.1667,52.7644,0.0,71.2565,90,0.75,0.5,1.0
025_C108,25,C,6,2,OPTIMAL,162.9029,6,5,3,2,1,0.8333,162.3901,0.0,0.5129,90,0.75,0.5,1.0
025_C108,25,C,6,3,OPTIMAL,148.2231,6,4,2,2,2,0.6667,140.8535,0.0,7.3697,90,0.75,0.5,1.0
025_C108,25,C,6,4,OPTIMAL,63.0652,6,1,1,0,5,0.1667,26.0038,0.0,37.0614,90,0.75,0.5,1.0
025_C108,25,C,6,5,OPTIMAL,81.1861,6,2,1,1,4,0.3333,62.0621,0.0,19.124,90,0.75,0.5,1.0
025_C108,25,C,6,6,OPTIMAL,104.2198,6,3,3,0,3,0.5,69.5638,0.0,34.656,90,0.75,0.5,1.0
025_C108,25,C,6,7,OPTIMAL,85.9813,6,1,0,1,5,0.1667,24.383,0.0,61.5983,90,0.75,0.5,1.0
025_C108,25,C,6,8,OPTIMAL,143.443,6,2,2,0,4,0.3333,117.6547,0.0,25.7882,90,0.75,0.5,1.0
025_C108,25,C,6,9,OPTIMAL,122.5384,6,3,2,1,3,0.5,104.4189,0.0,18.1195,90,0.75,0.5,1.0
025_C109,25,C,2,0,OPTIMAL,78.4034,2,2,1,1,0,1.0,78.4034,0.0,0.0,90,0.75,0.5,1.0
025_C109,25,C,2,1,OPTIMAL,88.6963,2,2,1,1,0,1.0,88.6963,0.0,0.0,90,0.75,0.5,1.0
025_C109,25,C,2,2,OPTIMAL,35.9708,2,1,0,1,1,0.5,31.9026,0.0,4.0682,90,0.75,0.5,1.0
025_C109,25,C,2,3,OPTIMAL,76.6084,2,2,2,0,0,1.0,76.6084,0.0,0.0,90,0.75,0.5,1.0
025_C109,25,C,2,4,OPTIMAL,36.2445,2,2,0,2,0,1.0,36.2445,0.0,0.0,90,0.75,0.5,1.0
025_C109,25,C,2,5,OPTIMAL,80.7933,2,2,1,1,0,1.0,80.7933,0.0,0.0,90,0.75,0.5,1.0
025_C109,25,C,2,6,OPTIMAL,104.8301,2,1,1,0,1,0.5,50.0232,0.0,54.8069,90,0.75,0.5,1.0
025_C109,25,C,2,7,OPTIMAL,119.8914,2,2,2,0,0,1.0,119.8914,0.0,0.0,90,0.75,0.5,1.0
025_C109,25,C,2,8,OPTIMAL,10.0157,2,0,0,0,2,0.0,0.0,0.0,10.0157,90,0.75,0.5,1.0
025_C109,25,C,2,9,OPTIMAL,90.1122,2,2,2,0,0,1.0,90.1122,0.0,0.0,90,0.75,0.5,1.0
025_C109,25,C,4,0,OPTIMAL,109.0106,4,3,2,1,1,0.75,108.9983,0.0,0.0124,90,0.75,0.5,1.0
025_C109,25,C,4,1,OPTIMAL,199.8255,4,4,2,2,0,1.0,199.8255,0.0,0.0,90,0.75,0.5,1.0
025_C109,25,C,4,2,OPTIMAL,79.0359,4,1,0,1,3,0.25,22.2842,0.0,56.7517,90,0.75,0.5,1.0
025_C109,25,C,4,3,OPTIMAL,118.3864,4,3,2,1,1,0.75,109.569,0.0,8.8174,90,0.75,0.5,1.0
025_C109,25,C,4,4,OPTIMAL,199.9912,4,4,2,2,0,1.0,199.9912,0.0,0.0,90,0.75,0.5,1.0
025_C109,25,C,4,5,OPTIMAL,118.4482,4,2,1,1,2,0.5,82.139,0.0,36.3092,90,0.75,0.5,1.0
025_C109,25,C,4,6,OPTIMAL,155.3787,4,4,3,1,0,1.0,155.3787,0.0,0.0,90,0.75,0.5,1.0
025_C109,25,C,4,7,OPTIMAL,96.7785,4,3,1,2,1,0.75,90.2369,0.0,6.5415,90,0.75,0.5,1.0
025_C109,25,C,4,8,OPTIMAL,138.8831,4,3,2,1,1,0.75,125.7813,0.0,13.1018,90,0.75,0.5,1.0
025_C109,25,C,4,9,OPTIMAL,107.1712,4,3,2,1,1,0.75,102.0871,0.0,5.0842,90,0.75,0.5,1.0
025_C109,25,C,6,0,OPTIMAL,199.7091,6,5,4,1,1,0.8333,193.9766,0.0,5.7325,90,0.75,0.5,1.0
025_C109,25,C,6,1,OPTIMAL,174.772,6,3,1,2,3,0.5,127.7918,0.0,46.9802,90,0.75,0.5,1.0
025_C109,25,C,6,2,OPTIMAL,175.117,6,5,4,1,1,0.8333,162.3901,0.0,12.7269,90,0.75,0.5,1.0
025_C109,25,C,6,3,OPTIMAL,241.0278,6,6,5,1,0,1.0,241.0278,0.0,0.0,90,0.75,0.5,1.0
025_C109,25,C,6,4,OPTIMAL,117.8238,6,5,1,4,1,0.8333,115.7583,0.0,2.0655,90,0.75,0.5,1.0
025_C109,25,C,6,5,OPTIMAL,79.6535,6,3,1,2,3,0.5,71.6364,0.0,8.0171,90,0.75,0.5,1.0
025_C109,25,C,6,6,OPTIMAL,104.2519,6,4,3,1,2,0.6667,100.25,0.0,4.0019,90,0.75,0.5,1.0
025_C109,25,C,6,7,OPTIMAL,148.8362,6,3,1,2,3,0.5,132.2065,0.0,16.6297,90,0.75,0.5,1.0
025_C109,25,C,6,8,OPTIMAL,169.5572,6,4,2,2,2,0.6667,161.3656,0.0,8.1917,90,0.75,0.5,1.0
025_C109,25,C,6,9,OPTIMAL,145.7935,6,5,2,3,1,0.8333,145.77,0.0,0.0235,90,0.75,0.5,1.0
025_C201,25,C,2,0,OPTIMAL,103.7524,2,2,2,0,0,1.0,103.7524,0.0,0.0,90,0.75,0.5,1.0
025_C201,25,C,2,1,OPTIMAL,59.3923,2,2,2,0,0,1.0,59.3923,0.0,0.0,90,0.75,0.5,1.0
025_C201,25,C,2,2,OPTIMAL,71.4637,2,1,1,0,1,0.5,60.8431,0.0,10.6206,90,0.75,0.5,1.0
025_C201,25,C,2,3,OPTIMAL,61.3324,2,1,1,0,1,0.5,38.6772,0.0,22.6551,90,0.75,0.5,1.0
025_C201,25,C,2,4,OPTIMAL,45.1768,2,1,1,0,1,0.5,41.4025,0.0,3.7742,90,0.75,0.5,1.0
025_C201,25,C,2,5,OPTIMAL,86.8533,2,1,0,1,1,0.5,54.9307,0.0,31.9226,90,0.75,0.5,1.0
025_C201,25,C,2,6,OPTIMAL,60.6312,2,1,1,0,1,0.5,55.1446,0.0,5.4866,90,0.75,0.5,1.0
025_C201,25,C,2,7,OPTIMAL,114.9238,2,2,2,0,0,1.0,114.9238,0.0,0.0,90,0.75,0.5,1.0
025_C201,25,C,2,8,OPTIMAL,42.3047,2,2,2,0,0,1.0,42.3047,0.0,0.0,90,0.75,0.5,1.0
025_C201,25,C,2,9,OPTIMAL,25.8977,2,1,1,0,1,0.5,19.4212,0.0,6.4765,90,0.75,0.5,1.0
025_C201,25,C,4,0,OPTIMAL,147.5259,4,4,4,0,0,1.0,147.5259,0.0,0.0,90,0.75,0.5,1.0
025_C201,25,C,4,1,OPTIMAL,121.6384,4,4,4,0,0,1.0,121.6384,0.0,0.0,90,0.75,0.5,1.0
025_C201,25,C,4,2,OPTIMAL,128.5368,4,3,2,1,1,0.75,119.8798,0.0,8.6571,90,0.75,0.5,1.0
025_C201,25,C,4,3,OPTIMAL,91.7888,4,2,2,0,2,0.5,54.5509,0.0,37.238,90,0.75,0.5,1.0
025_C201,25,C,4,4,OPTIMAL,103.8468,4,3,3,0,1,0.75,100.7208,0.0,3.126,90,0.75,0.5,1.0
025_C201,25,C,4,5,OPTIMAL,108.5009,4,3,3,0,1,0.75,108.4424,0.0,0.0585,90,0.75,0.5,1.0
025_C201,25,C,4,6,OPTIMAL,120.269,4,3,2,1,1,0.75,118.5809,0.0,1.6881,90,0.75,0.5,1.0
025_C201,25,C,4,7,OPTIMAL,187.2186,4,4,3,1,0,1.0,187.2186,0.0,0.0,90,0.75,0.5,1.0
025_C201,25,C,4,8,OPTIMAL,164.5181,4,3,3,0,1,0.75,141.4962,0.0,23.0218,90,0.75,0.5,1.0
025_C201,25,C,4,9,OPTIMAL,89.7894,4,2,2,0,2,0.5,83.9462,0.0,5.8432,90,0.75,0.5,1.0
025_C201,25,C,6,0,OPTIMAL,222.0632,6,4,4,0,2,0.6667,210.9613,0.0,11.1019,90,0.75,0.5,1.0
025_C201,25,C,6,1,OPTIMAL,260.4505,6,6,5,1,0,1.0,260.4505,0.0,0.0,90,0.75,0.5,1.0
025_C201,25,C,6,2,OPTIMAL,235.4931,6,5,5,0,1,0.8333,198.7607,0.0,36.7324,90,0.75,0.5,1.0
025_C201,25,C,6,3,OPTIMAL,171.0605,6,5,5,0,1,0.8333,171.0477,0.0,0.0127,90,0.75,0.5,1.0
025_C201,25,C,6,4,OPTIMAL,218.2706,6,5,5,0,1,0.8333,194.7561,0.0,23.5145,90,0.75,0.5,1.0
025_C201,25,C,6,5,OPTIMAL,99.3821,6,3,3,0,3,0.5,73.8651,0.0,25.5171,90,0.75,0.5,1.0
025_C201,25,C,6,6,OPTIMAL,193.6961,6,5,5,0,1,0.8333,193.435,0.0,0.2612,90,0.75,0.5,1.0
025_C201,25,C,6,7,OPTIMAL,218.1948,6,5,5,0,1,0.8333,192.296,0.0,25.8989,90,0.75,0.5,1.0
025_C201,25,C,6,8,OPTIMAL,223.3628,6,5,4,1,1,0.8333,179.8538,0.0,43.509,90,0.75,0.5,1.0
025_C201,25,C,6,9,OPTIMAL,211.2698,6,5,4,1,1,0.8333,200.1665,0.0,11.1034,90,0.75,0.5,1.0
025_C202,25,C,2,0,OPTIMAL,103.7524,2,2,2,0,0,1.0,103.7524,0.0,0.0,90,0.75,0.5,1.0
025_C202,25,C,2,1,OPTIMAL,59.3923,2,2,2,0,0,1.0,59.3923,0.0,0.0,90,0.75,0.5,1.0
025_C202,25,C,2,2,OPTIMAL,71.4637,2,1,1,0,1,0.5,60.8431,0.0,10.6206,90,0.75,0.5,1.0
025_C202,25,C,2,3,OPTIMAL,61.3324,2,1,1,0,1,0.5,38.6772,0.0,22.6551,90,0.75,0.5,1.0
025_C202,25,C,2,4,OPTIMAL,45.1768,2,1,1,0,1,0.5,41.4025,0.0,3.7742,90,0.75,0.5,1.0
025_C202,25,C,2,5,OPTIMAL,86.8533,2,1,1,0,1,0.5,54.9307,0.0,31.9226,90,0.75,0.5,1.0
025_C202,25,C,2,6,OPTIMAL,60.6312,2,1,1,0,1,0.5,55.1446,0.0,5.4866,90,0.75,0.5,1.0
025_C202,25,C,2,7,OPTIMAL,114.9238,2,2,2,0,0,1.0,114.9238,0.0,0.0,90,0.75,0.5,1.0
025_C202,25,C,2,8,OPTIMAL,42.3047,2,2,2,0,0,1.0,42.3047,0.0,0.0,90,0.75,0.5,1.0
025_C202,25,C,2,9,OPTIMAL,34.2691,2,2,1,1,0,1.0,34.2691,0.0,0.0,90,0.75,0.5,1.0
025_C202,25,C,4,0,OPTIMAL,147.5259,4,4,4,0,0,1.0,147.5259,0.0,0.0,90,0.75,0.5,1.0
025_C202,25,C,4,1,OPTIMAL,121.6384,4,4,4,0,0,1.0,121.6384,0.0,0.0,90,0.75,0.5,1.0
025_C202,25,C,4,2,OPTIMAL,96.2828,4,2,2,0,2,0.5,87.4467,0.0,8.8362,90,0.75,0.5,1.0
025_C202,25,C,4,3,OPTIMAL,129.2652,4,3,2,1,1,0.75,92.157,0.0,37.1082,90,0.75,0.5,1.0
025_C202,25,C,4,4,OPTIMAL,103.8468,4,3,3,0,1,0.75,100.7208,0.0,3.126,90,0.75,0.5,1.0
025_C202,25,C,4,5,OPTIMAL,124.215,4,4,3,1,0,1.0,124.215,0.0,0.0,90,0.75,0.5,1.0
025_C202,25,C,4,6,OPTIMAL,102.8017,4,2,2,0,2,0.5,100.9102,0.0,1.8915,90,0.75,0.5,1.0
025_C202,25,C,4,7,OPTIMAL,187.2186,4,4,4,0,0,1.0,187.2186,0.0,0.0,90,0.75,0.5,1.0
025_C202,25,C,4,8,OPTIMAL,164.5181,4,3,3,0,1,0.75,141.4962,0.0,23.0218,90,0.75,0.5,1.0
025_C202,25,C,4,9,OPTIMAL,107.7502,4,3,3,0,1,0.75,105.6765,0.0,2.0738,90,0.75,0.5,1.0
025_C202,25,C,6,0,OPTIMAL,234.0426,6,5,5,0,1,0.8333,227.986,0.0,6.0565,90,0.75,0.5,1.0
025_C202,25,C,6,1,OPTIMAL,241.2574,6,5,5,0,1,0.8333,234.0607,0.0,7.1967,90,0.75,0.5,1.0
025_C202,25,C,6,2,OPTIMAL,238.9875,6,6,5,1,0,1.0,238.9875,0.0,0.0,90,0.75,0.5,1.0
025_C202,25,C,6,3,OPTIMAL,171.0605,6,5,5,0,1,0.8333,171.0477,0.0,0.0127,90,0.75,0.5,1.0
025_C202,25,C,6,4,OPTIMAL,218.2706,6,5,5,0,1,0.8333,194.7561,0.0,23.5145,90,0.75,0.5,1.0
025_C202,25,C,6,5,OPTIMAL,99.3821,6,3,3,0,3,0.5,73.8651,0.0,25.5171,90,0.75,0.5,1.0
025_C202,25,C,6,6,OPTIMAL,193.6961,6,5,5,0,1,0.8333,193.435,0.0,0.2612,90,0.75,0.5,1.0
025_C202,25,C,6,7,OPTIMAL,218.1948,6,5,5,0,1,0.8333,192.296,0.0,25.8989,90,0.75,0.5,1.0
025_C202,25,C,6,8,OPTIMAL,225.8699,6,6,6,0,0,1.0,225.8699,0.0,0.0,90,0.75,0.5,1.0
025_C202,25,C,6,9,OPTIMAL,224.3182,6,6,5,1,0,1.0,224.3182,0.0,0.0,90,0.75,0.5,1.0
025_C203,25,C,2,0,OPTIMAL,103.7524,2,2,2,0,0,1.0,103.7524,0.0,0.0,90,0.75,0.5,1.0
025_C203,25,C,2,1,OPTIMAL,59.3923,2,2,2,0,0,1.0,59.3923,0.0,0.0,90,0.75,0.5,1.0
025_C203,25,C,2,2,OPTIMAL,71.4637,2,1,1,0,1,0.5,60.8431,0.0,10.6206,90,0.75,0.5,1.0
025_C203,25,C,2,3,OPTIMAL,95.1474,2,2,1,1,0,1.0,95.1474,0.0,0.0,90,0.75,0.5,1.0
025_C203,25,C,2,4,OPTIMAL,45.1768,2,1,1,0,1,0.5,41.4025,0.0,3.7742,90,0.75,0.5,1.0
025_C203,25,C,2,5,OPTIMAL,113.8505,2,2,1,1,0,1.0,113.8505,0.0,0.0,90,0.75,0.5,1.0
025_C203,25,C,2,6,OPTIMAL,77.1911,2,2,2,0,0,1.0,77.1911,0.0,0.0,90,0.75,0.5,1.0
025_C203,25,C,2,7,OPTIMAL,114.9238,2,2,2,0,0,1.0,114.9238,0.0,0.0,90,0.75,0.5,1.0
025_C203,25,C,2,8,OPTIMAL,42.3047,2,2,2,0,0,1.0,42.3047,0.0,0.0,90,0.75,0.5,1.0
025_C203,25,C,2,9,OPTIMAL,34.2691,2,2,1,1,0,1.0,34.2691,0.0,0.0,90,0.75,0.5,1.0
025_C203,25,C,4,0,OPTIMAL,147.5259,4,4,4,0,0,1.0,147.5259,0.0,0.0,90,0.75,0.5,1.0
025_C203,25,C,4,1,OPTIMAL,121.6384,4,4,4,0,0,1.0,121.6384,0.0,0.0,90,0.75,0.5,1.0
025_C203,25,C,4,2,OPTIMAL,96.2828,4,2,2,0,2,0.5,87.4467,0.0,8.8362,90,0.75,0.5,1.0
025_C203,25,C,4,3,OPTIMAL,154.8215,4,4,3,1,0,1.0,154.8215,0.0,0.0,90,0.75,0.5,1.0
025_C203,25,C,4,4,OPTIMAL,160.0715,4,4,4,0,0,1.0,160.0715,0.0,0.0,90,0.75,0.5,1.0
025_C203,25,C,4,5,OPTIMAL,124.215,4,4,3,1,0,1.0,124.215,0.0,0.0,90,0.75,0.5,1.0
025_C203,25,C,4,6,OPTIMAL,148.1859,4,3,3,0,1,0.75,147.9825,0.0,0.2034,90,0.75,0.5,1.0
025_C203,25,C,4,7,OPTIMAL,187.2186,4,4,4,0,0,1.0,187.2186,0.0,0.0,90,0.75,0.5,1.0
025_C203,25,C,4,8,OPTIMAL,186.9237,4,4,3,1,0,1.0,186.9237,0.0,0.0,90,0.75,0.5,1.0
025_C203,25,C,4,9,OPTIMAL,156.7072,4,4,4,0,0,1.0,156.7072,0.0,0.0,90,0.75,0.5,1.0
025_C203,25,C,6,0,OPTIMAL,262.6072,6,6,5,1,0,1.0,262.6072,0.0,0.0,90,0.75,0.5,1.0
025_C203,25,C,6,1,OPTIMAL,241.2574,6,5,5,0,1,0.8333,234.0607,0.0,7.1967,90,0.75,0.5,1.0
025_C203,25,C,6,2,OPTIMAL,238.9875,6,6,5,1,0,1.0,238.9875,0.0,0.0,90,0.75,0.5,1.0
025_C203,25,C,6,3,OPTIMAL,208.6445,6,6,6,0,0,1.0,208.6445,0.0,0.0,90,0.75,0.5,1.0
025_C203,25,C,6,4,OPTIMAL,233.0618,6,6,6,0,0,1.0,233.0618,0.0,0.0,90,0.75,0.5,1.0
025_C203,25,C,6,5,OPTIMAL,173.1592,6,5,4,1,1,0.8333,161.1989,0.0,11.9603,90,0.75,0.5,1.0
025_C203,25,C,6,6,OPTIMAL,205.2117,6,6,6,0,0,1.0,205.2117,0.0,0.0,90,0.75,0.5,1.0
025_C203,25,C,6,7,OPTIMAL,222.1539,6,6,6,0,0,1.0,222.1539,0.0,0.0,90,0.75,0.5,1.0
025_C203,25,C,6,8,OPTIMAL,225.8699,6,6,6,0,0,1.0,225.8699,0.0,0.0,90,0.75,0.5,1.0
025_C203,25,C,6,9,OPTIMAL,224.3182,6,6,5,1,0,1.0,224.3182,0.0,0.0,90,0.75,0.5,1.0
025_C204,25,C,2,0,OPTIMAL,103.7524,2,2,2,0,0,1.0,103.7524,0.0,0.0,90,0.75,0.5,1.0
025_C204,25,C,2,1,OPTIMAL,59.3923,2,2,2,0,0,1.0,59.3923,0.0,0.0,90,0.75,0.5,1.0
025_C204,25,C,2,2,OPTIMAL,71.4637,2,1,1,0,1,0.5,60.8431,0.0,10.6206,90,0.75,0.5,1.0
025_C204,25,C,2,3,OPTIMAL,95.1474,2,2,1,1,0,1.0,95.1474,0.0,0.0,90,0.75,0.5,1.0
025_C204,25,C,2,4,OPTIMAL,45.1768,2,1,1,0,1,0.5,41.4025,0.0,3.7742,90,0.75,0.5,1.0
025_C204,25,C,2,5,OPTIMAL,113.8505,2,2,1,1,0,1.0,113.8505,0.0,0.0,90,0.75,0.5,1.0
025_C204,25,C,2,6,OPTIMAL,77.1911,2,2,2,0,0,1.0,77.1911,0.0,0.0,90,0.75,0.5,1.0
025_C204,25,C,2,7,OPTIMAL,114.9238,2,2,2,0,0,1.0,114.9238,0.0,0.0,90,0.75,0.5,1.0
025_C204,25,C,2,8,OPTIMAL,42.3047,2,2,2,0,0,1.0,42.3047,0.0,0.0,90,0.75,0.5,1.0
025_C204,25,C,2,9,OPTIMAL,34.2691,2,2,1,1,0,1.0,34.2691,0.0,0.0,90,0.75,0.5,1.0
025_C204,25,C,4,0,OPTIMAL,147.5259,4,4,4,0,0,1.0,147.5259,0.0,0.0,90,0.75,0.5,1.0
025_C204,25,C,4,1,OPTIMAL,121.6384,4,4,4,0,0,1.0,121.6384,0.0,0.0,90,0.75,0.5,1.0
025_C204,25,C,4,2,OPTIMAL,113.9242,4,3,3,0,1,0.75,113.7451,0.0,0.1791,90,0.75,0.5,1.0
025_C204,25,C,4,3,OPTIMAL,154.8215,4,4,3,1,0,1.0,154.8215,0.0,0.0,90,0.75,0.5,1.0
025_C204,25,C,4,4,OPTIMAL,160.0715,4,4,4,0,0,1.0,160.0715,0.0,0.0,90,0.75,0.5,1.0
025_C204,25,C,4,5,OPTIMAL,124.215,4,4,3,1,0,1.0,124.215,0.0,0.0,90,0.75,0.5,1.0
025_C204,25,C,4,6,OPTIMAL,148.1859,4,3,3,0,1,0.75,147.9825,0.0,0.2034,90,0.75,0.5,1.0
025_C204,25,C,4,7,OPTIMAL,187.2186,4,4,4,0,0,1.0,187.2186,0.0,0.0,90,0.75,0.5,1.0
025_C204,25,C,4,8,OPTIMAL,186.9237,4,4,3,1,0,1.0,186.9237,0.0,0.0,90,0.75,0.5,1.0
025_C204,25,C,4,9,OPTIMAL,156.7072,4,4,4,0,0,1.0,156.7072,0.0,0.0,90,0.75,0.5,1.0
025_C204,25,C,6,0,OPTIMAL,262.6072,6,6,5,1,0,1.0,262.6072,0.0,0.0,90,0.75,0.5,1.0
025_C204,25,C,6,1,OPTIMAL,241.2574,6,5,5,0,1,0.8333,234.0607,0.0,7.1967,90,0.75,0.5,1.0
025_C204,25,C,6,2,OPTIMAL,238.9875,6,6,5,1,0,1.0,238.9875,0.0,0.0,90,0.75,0.5,1.0
025_C204,25,C,6,3,OPTIMAL,208.6445,6,6,6,0,0,1.0,208.6445,0.0,0.0,90,0.75,0.5,1.0
025_C204,25,C,6,4,OPTIMAL,233.0618,6,6,6,0,0,1.0,233.0618,0.0,0.0,90,0.75,0.5,1.0
025_C204,25,C,6,5,OPTIMAL,173.1592,6,5,4,1,1,0.8333,161.1989,0.0,11.9603,90,0.75,0.5,1.0
025_C204,25,C,6,6,OPTIMAL,205.2117,6,6,6,0,0,1.0,205.2117,0.0,0.0,90,0.75,0.5,1.0
025_C204,25,C,6,7,OPTIMAL,222.1539,6,6,6,0,0,1.0,222.1539,0.0,0.0,90,0.75,0.5,1.0
025_C204,25,C,6,8,OPTIMAL,225.8699,6,6,6,0,0,1.0,225.8699,0.0,0.0,90,0.75,0.5,1.0
025_C204,25,C,6,9,OPTIMAL,224.3182,6,6,5,1,0,1.0,224.3182,0.0,0.0,90,0.75,0.5,1.0
025_C205,25,C,2,0,OPTIMAL,103.7524,2,2,2,0,0,1.0,103.7524,0.0,0.0,90,0.75,0.5,1.0
025_C205,25,C,2,1,OPTIMAL,59.3923,2,2,2,0,0,1.0,59.3923,0.0,0.0,90,0.75,0.5,1.0
025_C205,25,C,2,2,OPTIMAL,120.7484,2,2,2,0,0,1.0,120.7484,0.0,0.0,90,0.75,0.5,1.0
025_C205,25,C,2,3,OPTIMAL,47.7957,2,1,1,0,1,0.5,38.6772,0.0,9.1185,90,0.75,0.5,1.0
025_C205,25,C,2,4,OPTIMAL,72.4915,2,2,2,0,0,1.0,72.4915,0.0,0.0,90,0.75,0.5,1.0
025_C205,25,C,2,5,OPTIMAL,95.5146,2,1,1,0,1,0.5,54.9307,0.0,40.5839,90,0.75,0.5,1.0
025_C205,25,C,2,6,OPTIMAL,62.9301,2,1,1,0,1,0.5,55.1446,0.0,7.7855,90,0.75,0.5,1.0
025_C205,25,C,2,7,OPTIMAL,72.1507,2,1,1,0,1,0.5,56.7014,0.0,15.4493,90,0.75,0.5,1.0
025_C205,25,C,2,8,OPTIMAL,42.3047,2,2,2,0,0,1.0,42.3047,0.0,0.0,90,0.75,0.5,1.0
025_C205,25,C,2,9,OPTIMAL,19.0323,2,0,0,0,2,0.0,0.0,0.0,19.0323,90,0.75,0.5,1.0
025_C205,25,C,4,0,OPTIMAL,147.5259,4,4,4,0,0,1.0,147.5259,0.0,0.0,90,0.75,0.5,1.0
025_C205,25,C,4,1,OPTIMAL,88.555,4,3,3,0,1,0.75,88.0332,0.0,0.5218,90,0.75,0.5,1.0
025_C205,25,C,4,2,OPTIMAL,130.6205,4,3,3,0,1,0.75,119.8798,0.0,10.7407,90,0.75,0.5,1.0
025_C205,25,C,4,3,OPTIMAL,93.944,4,2,2,0,2,0.5,89.7742,0.0,4.1698,90,0.75,0.5,1.0
025_C205,25,C,4,4,OPTIMAL,104.4494,4,3,3,0,1,0.75,100.7208,0.0,3.7286,90,0.75,0.5,1.0
025_C205,25,C,4,5,OPTIMAL,96.7163,4,2,2,0,2,0.5,76.6049,0.0,20.1114,90,0.75,0.5,1.0
025_C205,25,C,4,6,OPTIMAL,102.8469,4,2,2,0,2,0.5,75.2101,0.0,27.6368,90,0.75,0.5,1.0
025_C205,25,C,4,7,OPTIMAL,146.1613,4,3,3,0,1,0.75,123.8913,0.0,22.27,90,0.75,0.5,1.0
025_C205,25,C,4,8,OPTIMAL,174.5878,4,3,3,0,1,0.75,141.4962,0.0,33.0916,90,0.75,0.5,1.0
025_C205,25,C,4,9,OPTIMAL,95.4413,4,2,2,0,2,0.5,83.9462,0.0,11.495,90,0.75,0.5,1.0
025_C205,25,C,6,0,OPTIMAL,243.587,6,5,4,1,1,0.8333,227.986,0.0,15.601,90,0.75,0.5,1.0
025_C205,25,C,6,1,OPTIMAL,260.4505,6,6,6,0,0,1.0,260.4505,0.0,0.0,90,0.75,0.5,1.0
025_C205,25,C,6,2,OPTIMAL,238.9875,6,6,6,0,0,1.0,238.9875,0.0,0.0,90,0.75,0.5,1.0
025_C205,25,C,6,3,OPTIMAL,195.9518,6,5,5,0,1,0.8333,151.5061,0.0,44.4457,90,0.75,0.5,1.0
025_C205,25,C,6,4,OPTIMAL,211.6434,6,4,4,0,2,0.6667,180.2341,0.0,31.4092,90,0.75,0.5,1.0
025_C205,25,C,6,5,OPTIMAL,207.3996,6,5,5,0,1,0.8333,200.4976,0.0,6.902,90,0.75,0.5,1.0
025_C205,25,C,6,6,OPTIMAL,188.774,6,4,4,0,2,0.6667,173.2694,0.0,15.5045,90,0.75,0.5,1.0
025_C205,25,C,6,7,OPTIMAL,160.192,6,4,4,0,2,0.6667,144.7386,0.0,15.4534,90,0.75,0.5,1.0
025_C205,25,C,6,8,OPTIMAL,225.8699,6,6,6,0,0,1.0,225.8699,0.0,0.0,90,0.75,0.5,1.0
025_C205,25,C,6,9,OPTIMAL,180.7583,6,4,4,0,2,0.6667,163.8972,0.0,16.8611,90,0.75,0.5,1.0
025_C206,25,C,2,0,OPTIMAL,103.7524,2,2,2,0,0,1.0,103.7524,0.0,0.0,90,0.75,0.5,1.0
025_C206,25,C,2,1,OPTIMAL,59.3923,2,2,2,0,0,1.0,59.3923,0.0,0.0,90,0.75,0.5,1.0
025_C206,25,C,2,2,OPTIMAL,120.7484,2,2,2,0,0,1.0,120.7484,0.0,0.0,90,0.75,0.5,1.0
025_C206,25,C,2,3,OPTIMAL,95.1474,2,2,2,0,0,1.0,95.1474,0.0,0.0,90,0.75,0.5,1.0
025_C206,25,C,2,4,OPTIMAL,72.4915,2,2,2,0,0,1.0,72.4915,0.0,0.0,90,0.75,0.5,1.0
025_C206,25,C,2,5,OPTIMAL,113.8505,2,2,1,1,0,1.0,113.8505,0.0,0.0,90,0.75,0.5,1.0
025_C206,25,C,2,6,OPTIMAL,59.5112,2,0,0,0,2,0.0,0.0,0.0,59.5112,90,0.75,0.5,1.0
025_C206,25,C,2,7,OPTIMAL,114.9238,2,2,2,0,0,1.0,114.9238,0.0,0.0,90,0.75,0.5,1.0
025_C206,25,C,2,8,OPTIMAL,42.3047,2,2,2,0,0,1.0,42.3047,0.0,0.0,90,0.75,0.5,1.0
025_C206,25,C,2,9,OPTIMAL,34.2691,2,2,2,0,0,1.0,34.2691,0.0,0.0,90,0.75,0.5,1.0
025_C206,25,C,4,0,OPTIMAL,147.5259,4,4,3,1,0,1.0,147.5259,0.0,0.0,90,0.75,0.5,1.0
025_C206,25,C,4,1,OPTIMAL,68.3725,4,2,2,0,2,0.5,55.0937,0.0,13.2787,90,0.75,0.5,1.0
025_C206,25,C,4,2,OPTIMAL,130.6205,4,3,3,0,1,0.75,119.8798,0.0,10.7407,90,0.75,0.5,1.0
025_C206,25,C,4,3,OPTIMAL,129.7576,4,3,2,1,1,0.75,127.3803,0.0,2.3773,90,0.75,0.5,1.0
025_C206,25,C,4,4,OPTIMAL,107.03,4,3,3,0,1,0.75,100.7208,0.0,6.3091,90,0.75,0.5,1.0
025_C206,25,C,4,5,OPTIMAL,124.215,4,4,4,0,0,1.0,124.215,0.0,0.0,90,0.75,0.5,1.0
025_C206,25,C,4,6,OPTIMAL,86.3285,4,2,1,1,2,0.5,61.0415,0.0,25.287,90,0.75,0.5,1.0
025_C206,25,C,4,7,OPTIMAL,152.8822,4,3,3,0,1,0.75,151.68,0.0,1.2021,90,0.75,0.5,1.0
025_C206,25,C,4,8,OPTIMAL,169.1366,4,3,2,1,1,0.75,154.6967,0.0,14.4399,90,0.75,0.5,1.0
025_C206,25,C,4,9,OPTIMAL,97.3007,4,2,2,0,2,0.5,83.9462,0.0,13.3544,90,0.75,0.5,1.0
025_C206,25,C,6,0,OPTIMAL,233.0351,6,4,3,1,2,0.6667,210.9613,0.0,22.0738,90,0.75,0.5,1.0
025_C206,25,C,6,1,OPTIMAL,224.6758,6,5,4,1,1,0.8333,207.0214,0.0,17.6544,90,0.75,0.5,1.0
025_C206,25,C,6,2,OPTIMAL,238.9875,6,6,6,0,0,1.0,238.9875,0.0,0.0,90,0.75,0.5,1.0
025_C206,25,C,6,3,OPTIMAL,171.337,6,5,5,0,1,0.8333,171.0477,0.0,0.2892,90,0.75,0.5,1.0
025_C206,25,C,6,4,OPTIMAL,233.0618,6,6,6,0,0,1.0,233.0618,0.0,0.0,90,0.75,0.5,1.0
025_C206,25,C,6,5,OPTIMAL,195.2866,6,5,5,0,1,0.8333,191.8526,0.0,3.434,90,0.75,0.5,1.0
025_C206,25,C,6,6,OPTIMAL,192.9333,6,5,5,0,1,0.8333,185.0462,0.0,7.8871,90,0.75,0.5,1.0
025_C206,25,C,6,7,OPTIMAL,176.2407,6,5,4,1,1,0.8333,174.5965,0.0,1.6441,90,0.75,0.5,1.0
025_C206,25,C,6,8,OPTIMAL,213.7084,6,5,3,2,1,0.8333,211.6616,0.0,2.0468,90,0.75,0.5,1.0
025_C206,25,C,6,9,OPTIMAL,188.2957,6,5,4,1,1,0.8333,188.0489,0.0,0.2467,90,0.75,0.5,1.0
025_C207,25,C,2,0,OPTIMAL,103.7524,2,2,2,0,0,1.0,103.7524,0.0,0.0,90,0.75,0.5,1.0
025_C207,25,C,2,1,OPTIMAL,44.4539,2,1,1,0,1,0.5,37.2716,0.0,7.1823,90,0.75,0.5,1.0
025_C207,25,C,2,2,OPTIMAL,120.7484,2,2,1,1,0,1.0,120.7484,0.0,0.0,90,0.75,0.5,1.0
025_C207,25,C,2,3,OPTIMAL,95.1474,2,2,2,0,0,1.0,95.1474,0.0,0.0,90,0.75,0.5,1.0
025_C207,25,C,2,4,OPTIMAL,53.2431,2,1,1,0,1,0.5,41.4025,0.0,11.8406,90,0.75,0.5,1.0
025_C207,25,C,2,5,OPTIMAL,113.8505,2,2,2,0,0,1.0,113.8505,0.0,0.0,90,0.75,0.5,1.0
025_C207,25,C,2,6,OPTIMAL,62.2645,2,1,1,0,1,0.5,55.1446,0.0,7.1199,90,0.75,0.5,1.0
025_C207,25,C,2,7,OPTIMAL,114.9238,2,2,2,0,0,1.0,114.9238,0.0,0.0,90,0.75,0.5,1.0
025_C207,25,C,2,8,OPTIMAL,42.3047,2,2,2,0,0,1.0,42.3047,0.0,0.0,90,0.75,0.5,1.0
025_C207,25,C,2,9,OPTIMAL,34.2691,2,2,2,0,0,1.0,34.2691,0.0,0.0,90,0.75,0.5,1.0
025_C207,25,C,4,0,OPTIMAL,101.3586,4,3,2,1,1,0.75,88.5714,0.0,12.7872,90,0.75,0.5,1.0
025_C207,25,C,4,1,OPTIMAL,65.3548,4,2,1,1,2,0.5,55.0937,0.0,10.2611,90,0.75,0.5,1.0
025_C207,25,C,4,2,OPTIMAL,140.1844,4,3,3,0,1,0.75,119.8798,0.0,20.3046,90,0.75,0.5,1.0
025_C207,25,C,4,3,OPTIMAL,136.9057,4,3,3,0,1,0.75,127.7119,0.0,9.1938,90,0.75,0.5,1.0
025_C207,25,C,4,4,OPTIMAL,89.2437,4,2,2,0,2,0.5,71.1464,0.0,18.0972,90,0.75,0.5,1.0
025_C207,25,C,4,5,OPTIMAL,124.215,4,4,4,0,0,1.0,124.215,0.0,0.0,90,0.75,0.5,1.0
025_C207,25,C,4,6,OPTIMAL,152.747,4,3,2,1,1,0.75,122.2823,0.0,30.4647,90,0.75,0.5,1.0
025_C207,25,C,4,7,OPTIMAL,154.1032,4,3,3,0,1,0.75,151.68,0.0,2.4232,90,0.75,0.5,1.0
025_C207,25,C,4,8,OPTIMAL,186.9237,4,4,3,1,0,1.0,186.9237,0.0,0.0,90,0.75,0.5,1.0
025_C207,25,C,4,9,OPTIMAL,52.1234,4,1,1,0,3,0.25,35.3878,0.0,16.7356,90,0.75,0.5,1.0
025_C207,25,C,6,0,OPTIMAL,229.7669,6,4,4,0,2,0.6667,187.5242,0.0,42.2427,90,0.75,0.5,1.0
025_C207,25,C,6,1,OPTIMAL,178.1355,6,4,4,0,2,0.6667,163.6533,0.0,14.4821,90,0.75,0.5,1.0
025_C207,25,C,6,2,OPTIMAL,233.5826,6,5,5,0,1,0.8333,222.248,0.0,11.3346,90,0.75,0.5,1.0
025_C207,25,C,6,3,OPTIMAL,186.091,6,4,4,0,2,0.6667,145.0719,0.0,41.0192,90,0.75,0.5,1.0
025_C207,25,C,6,4,OPTIMAL,143.3368,6,4,3,1,2,0.6667,135.8573,0.0,7.4795,90,0.75,0.5,1.0
025_C207,25,C,6,5,OPTIMAL,215.3386,6,5,5,0,1,0.8333,185.3174,0.0,30.0211,90,0.75,0.5,1.0
025_C207,25,C,6,6,OPTIMAL,158.6994,6,4,4,0,2,0.6667,135.3657,0.0,23.3337,90,0.75,0.5,1.0
025_C207,25,C,6,7,OPTIMAL,174.0326,6,5,5,0,1,0.8333,166.7987,0.0,7.2339,90,0.75,0.5,1.0
025_C207,25,C,6,8,OPTIMAL,195.772,6,4,3,1,2,0.6667,157.64,0.0,38.132,90,0.75,0.5,1.0
025_C207,25,C,6,9,OPTIMAL,169.9208,6,4,4,0,2,0.6667,167.7348,0.0,2.186,90,0.75,0.5,1.0
025_C208,25,C,2,0,OPTIMAL,103.7524,2,2,2,0,0,1.0,103.7524,0.0,0.0,90,0.75,0.5,1.0
025_C208,25,C,2,1,OPTIMAL,59.3923,2,2,2,0,0,1.0,59.3923,0.0,0.0,90,0.75,0.5,1.0
025_C208,25,C,2,2,OPTIMAL,120.7484,2,2,2,0,0,1.0,120.7484,0.0,0.0,90,0.75,0.5,1.0
025_C208,25,C,2,3,OPTIMAL,95.1474,2,2,2,0,0,1.0,95.1474,0.0,0.0,90,0.75,0.5,1.0
025_C208,25,C,2,4,OPTIMAL,68.1362,2,1,1,0,1,0.5,31.0889,0.0,37.0473,90,0.75,0.5,1.0
025_C208,25,C,2,5,OPTIMAL,113.8505,2,2,2,0,0,1.0,113.8505,0.0,0.0,90,0.75,0.5,1.0
025_C208,25,C,2,6,OPTIMAL,77.1911,2,2,2,0,0,1.0,77.1911,0.0,0.0,90,0.75,0.5,1.0
025_C208,25,C,2,7,OPTIMAL,114.9238,2,2,2,0,0,1.0,114.9238,0.0,0.0,90,0.75,0.5,1.0
025_C208,25,C,2,8,OPTIMAL,42.3047,2,2,2,0,0,1.0,42.3047,0.0,0.0,90,0.75,0.5,1.0
025_C208,25,C,2,9,OPTIMAL,34.2691,2,2,1,1,0,1.0,34.2691,0.0,0.0,90,0.75,0.5,1.0
025_C208,25,C,4,0,OPTIMAL,98.7268,4,3,2,1,1,0.75,88.5714,0.0,10.1554,90,0.75,0.5,1.0
025_C208,25,C,4,1,OPTIMAL,89.7575,4,3,3,0,1,0.75,88.0332,0.0,1.7243,90,0.75,0.5,1.0
025_C208,25,C,4,2,OPTIMAL,126.988,4,3,3,0,1,0.75,113.7451,0.0,13.2429,90,0.75,0.5,1.0
025_C208,25,C,4,3,OPTIMAL,128.0972,4,3,3,0,1,0.75,127.3803,0.0,0.7168,90,0.75,0.5,1.0
025_C208,25,C,4,4,OPTIMAL,142.182,4,3,3,0,1,0.75,106.256,0.0,35.9261,90,0.75,0.5,1.0
025_C208,25,C,4,5,OPTIMAL,108.8479,4,3,3,0,1,0.75,92.3775,0.0,16.4704,90,0.75,0.5,1.0
025_C208,25,C,4,6,OPTIMAL,112.6802,4,2,2,0,2,0.5,90.4431,0.0,22.2372,90,0.75,0.5,1.0
025_C208,25,C,4,7,OPTIMAL,154.2508,4,3,3,0,1,0.75,151.68,0.0,2.5708,90,0.75,0.5,1.0
025_C208,25,C,4,8,OPTIMAL,186.9237,4,4,4,0,0,1.0,186.9237,0.0,0.0,90,0.75,0.5,1.0
025_C208,25,C,4,9,OPTIMAL,156.7072,4,4,3,1,0,1.0,156.7072,0.0,0.0,90,0.75,0.5,1.0
025_C208,25,C,6,0,OPTIMAL,251.6606,6,5,5,0,1,0.8333,227.986,0.0,23.6746,90,0.75,0.5,1.0
025_C208,25,C,6,1,OPTIMAL,185.0355,6,4,3,1,2,0.6667,180.6316,0.0,4.4039,90,0.75,0.5,1.0
025_C208,25,C,6,2,OPTIMAL,238.9875,6,6,6,0,0,1.0,238.9875,0.0,0.0,90,0.75,0.5,1.0
025_C208,25,C,6,3,OPTIMAL,193.5233,6,5,5,0,1,0.8333,190.3832,0.0,3.1401,90,0.75,0.5,1.0
025_C208,25,C,6,4,OPTIMAL,174.0794,6,3,3,0,3,0.5,148.272,0.0,25.8073,90,0.75,0.5,1.0
025_C208,25,C,6,5,OPTIMAL,200.7818,6,5,5,0,1,0.8333,191.8526,0.0,8.9292,90,0.75,0.5,1.0
025_C208,25,C,6,6,OPTIMAL,178.3156,6,5,4,1,1,0.8333,171.3442,0.0,6.9714,90,0.75,0.5,1.0
025_C208,25,C,6,7,OPTIMAL,174.6552,6,5,5,0,1,0.8333,174.5965,0.0,0.0587,90,0.75,0.5,1.0
025_C208,25,C,6,8,OPTIMAL,225.8699,6,6,6,0,0,1.0,225.8699,0.0,0.0,90,0.75,0.5,1.0
025_C208,25,C,6,9,OPTIMAL,191.3984,6,5,4,1,1,0.8333,188.3066,0.0,3.0918,90,0.75,0.5,1.0
025_R101,25,R,2,0,OPTIMAL,3.9376,2,0,0,0,2,0.0,0.0,0.0,3.9376,90,0.75,0.5,1.0
025_R101,25,R,2,1,OPTIMAL,8.9964,2,0,0,0,2,0.0,0.0,0.0,8.9964,90,0.75,0.5,1.0
025_R101,25,R,2,2,OPTIMAL,77.6967,2,1,0,1,1,0.5,51.1749,0.0,26.5218,90,0.75,0.5,1.0
025_R101,25,R,2,3,OPTIMAL,70.8269,2,1,0,1,1,0.5,46.4159,0.2349,24.1761,90,0.75,0.5,1.0
025_R101,25,R,2,4,OPTIMAL,0.2164,2,0,0,0,2,0.0,0.0,0.0,0.2164,90,0.75,0.5,1.0
025_R101,25,R,2,5,OPTIMAL,13.5247,2,0,0,0,2,0.0,0.0,0.0,13.5247,90,0.75,0.5,1.0
025_R101,25,R,2,6,OPTIMAL,67.591,2,1,1,0,1,0.5,48.0193,0.0,19.5716,90,0.75,0.5,1.0
025_R101,25,R,2,7,OPTIMAL,24.2981,2,0,0,0,2,0.0,0.0,0.0,24.2981,90,0.75,0.5,1.0
025_R101,25,R,2,8,OPTIMAL,23.2414,2,0,0,0,2,0.0,0.0,0.0,23.2414,90,0.75,0.5,1.0
025_R101,25,R,2,9,OPTIMAL,4.3411,2,0,0,0,2,0.0,0.0,0.0,4.3411,90,0.75,0.5,1.0
025_R101,25,R,4,0,OPTIMAL,52.3605,4,0,0,0,4,0.0,0.0,0.0,52.3605,90,0.75,0.5,1.0
025_R101,25,R,4,1,OPTIMAL,13.4923,4,0,0,0,4,0.0,0.0,0.0,13.4923,90,0.75,0.5,1.0
025_R101,25,R,4,2,OPTIMAL,45.0013,4,0,0,0,4,0.0,0.0,1.599,43.4023,90,0.75,0.5,1.0
025_R101,25,R,4,3,OPTIMAL,75.5004,4,0,0,0,4,0.0,0.0,0.2846,75.2158,90,0.75,0.5,1.0
025_R101,25,R,4,4,OPTIMAL,47.744,4,0,0,0,4,0.0,0.0,0.3436,47.4004,90,0.75,0.5,1.0
025_R101,25,R,4,5,OPTIMAL,70.27,4,0,0,0,4,0.0,0.0,0.0,70.27,90,0.75,0.5,1.0
025_R101,25,R,4,6,OPTIMAL,18.7922,4,0,0,0,4,0.0,0.0,0.0,18.7922,90,0.75,0.5,1.0
025_R101,25,R,4,7,OPTIMAL,75.3616,4,0,0,0,4,0.0,0.0,0.0,75.3616,90,0.75,0.5,1.0
025_R101,25,R,4,8,OPTIMAL,52.3642,4,1,0,1,3,0.25,51.1151,0.0,1.2491,90,0.75,0.5,1.0
025_R101,25,R,4,9,OPTIMAL,116.5927,4,3,0,3,1,0.75,113.9328,0.0,2.6599,90,0.75,0.5,1.0
025_R101,25,R,6,0,OPTIMAL,62.2538,6,0,0,0,6,0.0,0.0,0.4135,61.8403,90,0.75,0.5,1.0
025_R101,25,R,6,1,OPTIMAL,72.4982,6,0,0,0,6,0.0,0.0,1.5369,70.9613,90,0.75,0.5,1.0
025_R101,25,R,6,2,OPTIMAL,117.1512,6,1,0,1,5,0.1667,48.8189,0.0,68.3323,90,0.75,0.5,1.0
025_R101,25,R,6,3,OPTIMAL,119.2267,6,1,0,1,5,0.1667,48.0328,2.1817,69.0123,90,0.75,0.5,1.0
025_R101,25,R,6,4,OPTIMAL,27.1972,6,0,0,0,6,0.0,0.0,0.0,27.1972,90,0.75,0.5,1.0
025_R101,25,R,6,5,OPTIMAL,118.2146,6,1,0,1,5,0.1667,50.2183,2.9171,65.0792,90,0.75,0.5,1.0
025_R101,25,R,6,6,OPTIMAL,115.8785,6,1,1,0,5,0.1667,50.6068,4.733,60.5387,90,0.75,0.5,1.0
025_R101,25,R,6,7,OPTIMAL,111.0522,6,2,2,0,4,0.3333,94.7303,0.0,16.3219,90,0.75,0.5,1.0
025_R101,25,R,6,8,OPTIMAL,74.993,6,1,0,1,5,0.1667,43.9348,0.0,31.0581,90,0.75,0.5,1.0
025_R101,25,R,6,9,OPTIMAL,42.2638,6,0,0,0,6,0.0,0.0,0.0,42.2638,90,0.75,0.5,1.0
025_R102,25,R,2,0,OPTIMAL,4.9634,2,0,0,0,2,0.0,0.0,0.0,4.9634,90,0.75,0.5,1.0
025_R102,25,R,2,1,OPTIMAL,8.862,2,0,0,0,2,0.0,0.0,0.0,8.862,90,0.75,0.5,1.0
025_R102,25,R,2,2,OPTIMAL,77.6967,2,1,1,0,1,0.5,51.1749,0.0,26.5218,90,0.75,0.5,1.0
025_R102,25,R,2,3,OPTIMAL,48.3147,2,0,0,0,2,0.0,0.0,0.0,48.3147,90,0.75,0.5,1.0
025_R102,25,R,2,4,OPTIMAL,0.2807,2,0,0,0,2,0.0,0.0,0.0,0.2807,90,0.75,0.5,1.0
025_R102,25,R,2,5,OPTIMAL,13.5247,2,0,0,0,2,0.0,0.0,0.0,13.5247,90,0.75,0.5,1.0
025_R102,25,R,2,6,OPTIMAL,50.0078,2,0,0,0,2,0.0,0.0,0.0,50.0078,90,0.75,0.5,1.0
025_R102,25,R,2,7,OPTIMAL,25.286,2,0,0,0,2,0.0,0.0,0.0,25.286,90,0.75,0.5,1.0
025_R102,25,R,2,8,OPTIMAL,19.7674,2,0,0,0,2,0.0,0.0,0.0,19.7674,90,0.75,0.5,1.0
025_R102,25,R,2,9,OPTIMAL,4.3411,2,0,0,0,2,0.0,0.0,0.0,4.3411,90,0.75,0.5,1.0
025_R102,25,R,4,0,OPTIMAL,68.0926,4,0,0,0,4,0.0,0.0,0.7265,67.3661,90,0.75,0.5,1.0
025_R102,25,R,4,1,OPTIMAL,18.3315,4,0,0,0,4,0.0,0.0,0.0,18.3315,90,0.75,0.5,1.0
025_R102,25,R,4,2,OPTIMAL,41.6263,4,0,0,0,4,0.0,0.0,0.6,41.0263,90,0.75,0.5,1.0
025_R102,25,R,4,3,OPTIMAL,73.218,4,0,0,0,4,0.0,0.0,0.0,73.218,90,0.75,0.5,1.0
025_R102,25,R,4,4,OPTIMAL,39.2938,4,0,0,0,4,0.0,0.0,0.0,39.2938,90,0.75,0.5,1.0
025_R102,25,R,4,5,OPTIMAL,57.0952,4,0,0,0,4,0.0,0.0,0.0,57.0952,90,0.75,0.5,1.0
025_R102,25,R,4,6,OPTIMAL,18.5411,4,0,0,0,4,0.0,0.0,0.0,18.5411,90,0.75,0.5,1.0
025_R102,25,R,4,7,OPTIMAL,98.2448,4,1,1,0,3,0.25,34.3974,0.0,63.8474,90,0.75,0.5,1.0
025_R102,25,R,4,8,OPTIMAL,52.3642,4,1,1,0,3,0.25,51.1151,0.0,1.2491,90,0.75,0.5,1.0
025_R102,25,R,4,9,OPTIMAL,66.6601,4,0,0,0,4,0.0,0.0,0.0,66.6601,90,0.75,0.5,1.0
025_R102,25,R,6,0,OPTIMAL,42.801,6,0,0,0,6,0.0,0.0,0.0,42.801,90,0.75,0.5,1.0
025_R102,25,R,6,1,OPTIMAL,57.8875,6,0,0,0,6,0.0,0.0,0.0,57.8875,90,0.75,0.5,1.0
025_R102,25,R,6,2,OPTIMAL,111.9976,6,0,0,0,6,0.0,0.0,0.0,111.9976,90,0.75,0.5,1.0
025_R102,25,R,6,3,OPTIMAL,104.3799,6,1,0,1,5,0.1667,40.6163,0.0,63.7636,90,0.75,0.5,1.0
025_R102,25,R,6,4,OPTIMAL,24.2689,6,0,0,0,6,0.0,0.0,0.0,24.2689,90,0.75,0.5,1.0
025_R102,25,R,6,5,OPTIMAL,100.2942,6,1,1,0,5,0.1667,50.2183,0.0,50.0759,90,0.75,0.5,1.0
025_R102,25,R,6,6,OPTIMAL,71.4964,6,1,0,1,5,0.1667,50.6068,0.0,20.8896,90,0.75,0.5,1.0
025_R102,25,R,6,7,OPTIMAL,82.1021,6,1,1,0,5,0.1667,49.4573,0.0,32.6449,90,0.75,0.5,1.0
025_R102,25,R,6,8,OPTIMAL,74.9873,6,1,1,0,5,0.1667,43.9348,0.0,31.0524,90,0.75,0.5,1.0
025_R102,25,R,6,9,OPTIMAL,46.8929,6,0,0,0,6,0.0,0.0,0.0,46.8929,90,0.75,0.5,1.0
025_R103,25,R,2,0,OPTIMAL,3.9376,2,0,0,0,2,0.0,0.0,0.0,3.9376,90,0.75,0.5,1.0
025_R103,25,R,2,1,OPTIMAL,12.0224,2,0,0,0,2,0.0,0.0,0.0,12.0224,90,0.75,0.5,1.0
025_R103,25,R,2,2,OPTIMAL,77.6967,2,1,1,0,1,0.5,51.1749,0.0,26.5218,90,0.75,0.5,1.0
025_R103,25,R,2,3,OPTIMAL,50.3146,2,0,0,0,2,0.0,0.0,0.0,50.3146,90,0.75,0.5,1.0
025_R103,25,R,2,4,OPTIMAL,5.3544,2,0,0,0,2,0.0,0.0,0.0,5.3544,90,0.75,0.5,1.0
025_R103,25,R,2,5,OPTIMAL,13.5247,2,0,0,0,2,0.0,0.0,0.0,13.5247,90,0.75,0.5,1.0
025_R103,25,R,2,6,OPTIMAL,23.5999,2,0,0,0,2,0.0,0.0,0.0,23.5999,90,0.75,0.5,1.0
025_R103,25,R,2,7,OPTIMAL,25.286,2,0,0,0,2,0.0,0.0,0.0,25.286,90,0.75,0.5,1.0
025_R103,25,R,2,8,OPTIMAL,29.1916,2,0,0,0,2,0.0,0.0,0.0,29.1916,90,0.75,0.5,1.0
025_R103,25,R,2,9,OPTIMAL,4.3411,2,0,0,0,2,0.0,0.0,0.0,4.3411,90,0.75,0.5,1.0
025_R103,25,R,4,0,OPTIMAL,109.3405,4,2,0,2,2,0.5,89.3204,0.0,20.0201,90,0.75,0.5,1.0
025_R103,25,R,4,1,OPTIMAL,38.3583,4,0,0,0,4,0.0,0.0,0.0,38.3583,90,0.75,0.5,1.0
025_R103,25,R,4,2,OPTIMAL,30.4011,4,0,0,0,4,0.0,0.0,0.0,30.4011,90,0.75,0.5,1.0
025_R103,25,R,4,3,OPTIMAL,72.0609,4,0,0,0,4,0.0,0.0,0.0,72.0609,90,0.75,0.5,1.0
025_R103,25,R,4,4,OPTIMAL,40.2462,4,0,0,0,4,0.0,0.0,0.0,40.2462,90,0.75,0.5,1.0
025_R103,25,R,4,5,OPTIMAL,80.6177,4,1,0,1,3,0.25,46.9635,0.0,33.6542,90,0.75,0.5,1.0
025_R103,25,R,4,6,OPTIMAL,17.4864,4,0,0,0,4,0.0,0.0,0.0,17.4864,90,0.75,0.5,1.0
025_R103,25,R,4,7,OPTIMAL,88.4761,4,1,0,1,3,0.25,34.3974,0.0,54.0786,90,0.75,0.5,1.0
025_R103,25,R,4,8,OPTIMAL,52.3642,4,1,1,0,3,0.25,51.1151,0.0,1.2491,90,0.75,0.5,1.0
025_R103,25,R,4,9,OPTIMAL,57.7105,4,0,0,0,4,0.0,0.0,0.0,57.7105,90,0.75,0.5,1.0
025_R103,25,R,6,0,OPTIMAL,67.7818,6,0,0,0,6,0.0,0.0,0.0,67.7818,90,0.75,0.5,1.0
025_R103,25,R,6,1,OPTIMAL,78.1542,6,1,0,1,5,0.1667,50.4887,0.0,27.6655,90,0.75,0.5,1.0
025_R103,25,R,6,2,OPTIMAL,144.3897,6,2,0,2,4,0.3333,90.4975,0.0,53.8922,90,0.75,0.5,1.0
025_R103,25,R,6,3,OPTIMAL,111.7628,6,2,0,2,4,0.3333,88.649,0.0,23.1137,90,0.75,0.5,1.0
025_R103,25,R,6,4,OPTIMAL,30.3805,6,0,0,0,6,0.0,0.0,0.0,30.3805,90,0.75,0.5,1.0
025_R103,25,R,6,5,OPTIMAL,131.5167,6,2,0,2,4,0.3333,79.4822,0.0,52.0345,90,0.75,0.5,1.0
025_R103,25,R,6,6,OPTIMAL,122.4741,6,0,0,0,6,0.0,0.0,0.0,122.4741,90,0.75,0.5,1.0
025_R103,25,R,6,7,OPTIMAL,81.1536,6,1,1,0,5,0.1667,49.4573,0.0,31.6963,90,0.75,0.5,1.0
025_R103,25,R,6,8,OPTIMAL,112.4032,6,1,1,0,5,0.1667,43.9348,0.0,68.4683,90,0.75,0.5,1.0
025_R103,25,R,6,9,OPTIMAL,63.4052,6,0,0,0,6,0.0,0.0,0.0,63.4052,90,0.75,0.5,1.0
025_R104,25,R,2,0,OPTIMAL,25.312,2,0,0,0,2,0.0,0.0,0.0,25.312,90,0.75,0.5,1.0
025_R104,25,R,2,1,OPTIMAL,44.1093,2,1,0,1,1,0.5,40.3184,0.0,3.791,90,0.75,0.5,1.0
025_R104,25,R,2,2,OPTIMAL,52.249,2,1,1,0,1,0.5,51.1749,0.0,1.0741,90,0.75,0.5,1.0
025_R104,25,R,2,3,OPTIMAL,46.8589,2,1,0,1,1,0.5,46.4159,0.0,0.443,90,0.75,0.5,1.0
025_R104,25,R,2,4,OPTIMAL,21.311,2,0,0,0,2,0.0,0.0,0.0,21.311,90,0.75,0.5,1.0
025_R104,25,R,2,5,OPTIMAL,46.3869,2,1,1,0,1,0.5,45.5479,0.0,0.839,90,0.75,0.5,1.0
025_R104,25,R,2,6,OPTIMAL,53.0942,2,1,1,0,1,0.5,49.0659,0.0,4.0283,90,0.75,0.5,1.0
025_R104,25,R,2,7,OPTIMAL,2.8581,2,0,0,0,2,0.0,0.0,0.0,2.8581,90,0.75,0.5,1.0
025_R104,25,R,2,8,OPTIMAL,60.6784,2,1,0,1,1,0.5,20.7481,0.0,39.9303,90,0.75,0.5,1.0
025_R104,25,R,2,9,OPTIMAL,14.8547,2,0,0,0,2,0.0,0.0,0.0,14.8547,90,0.75,0.5,1.0
025_R104,25,R,4,0,OPTIMAL,80.801,4,1,1,0,3,0.25,29.4105,0.2265,51.164,90,0.75,0.5,1.0
025_R104,25,R,4,1,OPTIMAL,91.1651,4,1,1,0,3,0.25,44.8991,0.0,46.266,90,0.75,0.5,1.0
025_R104,25,R,4,2,OPTIMAL,60.3007,4,1,0,1,3,0.25,40.4753,0.0,19.8253,90,0.75,0.5,1.0
025_R104,25,R,4,3,OPTIMAL,131.871,4,2,1,1,2,0.5,81.1222,0.0,50.7487,90,0.75,0.5,1.0
025_R104,25,R,4,4,OPTIMAL,41.0108,4,0,0,0,4,0.0,0.0,0.0,41.0108,90,0.75,0.5,1.0
025_R104,25,R,4,5,OPTIMAL,78.1852,4,1,0,1,3,0.25,43.3523,0.0,34.8328,90,0.75,0.5,1.0
025_R104,25,R,4,6,OPTIMAL,44.586,4,0,0,0,4,0.0,0.0,0.0,44.586,90,0.75,0.5,1.0
025_R104,25,R,4,7,OPTIMAL,82.4483,4,1,0,1,3,0.25,49.9547,0.0,32.4935,90,0.75,0.5,1.0
025_R104,25,R,4,8,OPTIMAL,76.7575,4,1,0,1,3,0.25,22.6563,0.0,54.1012,90,0.75,0.5,1.0
025_R104,25,R,4,9,OPTIMAL,68.8853,4,1,0,1,3,0.25,47.7139,0.0,21.1714,90,0.75,0.5,1.0
025_R104,25,R,6,0,OPTIMAL,169.9898,6,3,0,3,3,0.5,141.4393,0.0,28.5505,90,0.75,0.5,1.0
025_R104,25,R,6,1,OPTIMAL,166.363,6,3,2,1,3,0.5,129.2188,0.0,37.1442,90,0.75,0.5,1.0
025_R104,25,R,6,2,OPTIMAL,159.6368,6,2,1,1,4,0.3333,90.4975,0.0,69.1392,90,0.75,0.5,1.0
025_R104,25,R,6,3,OPTIMAL,159.0897,6,4,1,3,2,0.6667,155.4903,0.0,3.5994,90,0.75,0.5,1.0
025_R104,25,R,6,4,OPTIMAL,116.4693,6,2,1,1,4,0.3333,73.4897,0.0,42.9796,90,0.75,0.5,1.0
025_R104,25,R,6,5,OPTIMAL,138.5293,6,1,1,0,5,0.1667,53.4826,0.0,85.0467,90,0.75,0.5,1.0
025_R104,25,R,6,6,OPTIMAL,123.1069,6,1,0,1,5,0.1667,54.3517,0.0,68.7553,90,0.75,0.5,1.0
025_R104,25,R,6,7,OPTIMAL,142.8238,6,3,2,1,3,0.5,139.5854,0.0,3.2384,90,0.75,0.5,1.0
025_R104,25,R,6,8,OPTIMAL,126.8976,6,2,2,0,4,0.3333,75.4039,0.0,51.4937,90,0.75,0.5,1.0
025_R104,25,R,6,9,OPTIMAL,104.1033,6,2,1,1,4,0.3333,71.3022,0.0,32.8011,90,0.75,0.5,1.0
025_R105,25,R,2,0,OPTIMAL,25.2862,2,0,0,0,2,0.0,0.0,0.0,25.2862,90,0.75,0.5,1.0
025_R105,25,R,2,1,OPTIMAL,41.0834,2,1,0,1,1,0.5,40.3184,0.0,0.765,90,0.75,0.5,1.0
025_R105,25,R,2,2,OPTIMAL,85.274,2,1,1,0,1,0.5,51.1749,0.0,34.0991,90,0.75,0.5,1.0
025_R105,25,R,2,3,OPTIMAL,16.0516,2,0,0,0,2,0.0,0.0,0.0,16.0516,90,0.75,0.5,1.0
025_R105,25,R,2,4,OPTIMAL,18.5147,2,0,0,0,2,0.0,0.0,0.0,18.5147,90,0.75,0.5,1.0
025_R105,25,R,2,5,OPTIMAL,61.2703,2,0,0,0,2,0.0,0.0,0.0,61.2703,90,0.75,0.5,1.0
025_R105,25,R,2,6,OPTIMAL,67.591,2,1,1,0,1,0.5,48.0193,0.0,19.5716,90,0.75,0.5,1.0
025_R105,25,R,2,7,OPTIMAL,27.7917,2,0,0,0,2,0.0,0.0,0.0,27.7917,90,0.75,0.5,1.0
025_R105,25,R,2,8,OPTIMAL,54.9903,2,1,0,1,1,0.5,48.8559,0.0,6.1344,90,0.75,0.5,1.0
025_R105,25,R,2,9,OPTIMAL,14.8547,2,0,0,0,2,0.0,0.0,0.0,14.8547,90,0.75,0.5,1.0
025_R105,25,R,4,0,OPTIMAL,128.6149,4,2,0,2,2,0.5,89.7532,0.0,38.8617,90,0.75,0.5,1.0
025_R105,25,R,4,1,OPTIMAL,35.8405,4,0,0,0,4,0.0,0.0,0.0,35.8405,90,0.75,0.5,1.0
025_R105,25,R,4,2,OPTIMAL,13.9448,4,0,0,0,4,0.0,0.0,0.0,13.9448,90,0.75,0.5,1.0
025_R105,25,R,4,3,OPTIMAL,80.1668,4,1,0,1,3,0.25,43.5908,0.0,36.576,90,0.75,0.5,1.0
025_R105,25,R,4,4,OPTIMAL,32.4593,4,0,0,0,4,0.0,0.0,0.0,32.4593,90,0.75,0.5,1.0
025_R105,25,R,4,5,OPTIMAL,48.7778,4,0,0,0,4,0.0,0.0,0.0,48.7778,90,0.75,0.5,1.0
025_R105,25,R,4,6,OPTIMAL,77.5665,4,0,0,0,4,0.0,0.0,0.0,77.5665,90,0.75,0.5,1.0
025_R105,25,R,4,7,OPTIMAL,72.1991,4,0,0,0,4,0.0,0.0,0.0,72.1991,90,0.75,0.5,1.0
025_R105,25,R,4,8,OPTIMAL,29.4566,4,0,0,0,4,0.0,0.0,0.0,29.4566,90,0.75,0.5,1.0
025_R105,25,R,4,9,OPTIMAL,105.9445,4,1,0,1,3,0.25,44.8536,0.0,61.0908,90,0.75,0.5,1.0
025_R105,25,R,6,0,OPTIMAL,101.5301,6,1,0,1,5,0.1667,51.423,0.0,50.1071,90,0.75,0.5,1.0
025_R105,25,R,6,1,OPTIMAL,87.6312,6,0,0,0,6,0.0,0.0,2.782,84.8492,90,0.75,0.5,1.0
025_R105,25,R,6,2,OPTIMAL,114.9779,6,1,1,0,5,0.1667,48.8189,0.0,66.1589,90,0.75,0.5,1.0
025_R105,25,R,6,3,OPTIMAL,113.4033,6,1,0,1,5,0.1667,48.0328,0.0,65.3705,90,0.75,0.5,1.0
025_R105,25,R,6,4,OPTIMAL,103.1631,6,0,0,0,6,0.0,0.0,0.0,103.1631,90,0.75,0.5,1.0
025_R105,25,R,6,5,OPTIMAL,99.4633,6,1,0,1,5,0.1667,50.2183,0.0,49.245,90,0.75,0.5,1.0
025_R105,25,R,6,6,OPTIMAL,125.6405,6,2,0,2,4,0.3333,104.9585,0.0,20.682,90,0.75,0.5,1.0
025_R105,25,R,6,7,OPTIMAL,150.8704,6,3,1,2,3,0.5,145.4738,0.0,5.3966,90,0.75,0.5,1.0
025_R105,25,R,6,8,OPTIMAL,129.2187,6,2,0,2,4,0.3333,93.5931,0.0,35.6256,90,0.75,0.5,1.0
025_R105,25,R,6,9,OPTIMAL,42.6595,6,0,0,0,6,0.0,0.0,0.0,42.6595,90,0.75,0.5,1.0
025_R106,25,R,2,0,OPTIMAL,23.3949,2,0,0,0,2,0.0,0.0,0.0,23.3949,90,0.75,0.5,1.0
025_R106,25,R,2,1,OPTIMAL,8.862,2,0,0,0,2,0.0,0.0,0.0,8.862,90,0.75,0.5,1.0
025_R106,25,R,2,2,OPTIMAL,83.8705,2,1,0,1,1,0.5,51.1749,0.0,32.6956,90,0.75,0.5,1.0
025_R106,25,R,2,3,OPTIMAL,48.0741,2,1,0,1,1,0.5,46.4159,0.0,1.6582,90,0.75,0.5,1.0
025_R106,25,R,2,4,OPTIMAL,5.3544,2,0,0,0,2,0.0,0.0,0.0,5.3544,90,0.75,0.5,1.0
025_R106,25,R,2,5,OPTIMAL,13.5247,2,0,0,0,2,0.0,0.0,0.0,13.5247,90,0.75,0.5,1.0
025_R106,25,R,2,6,OPTIMAL,60.0078,2,0,0,0,2,0.0,0.0,0.0,60.0078,90,0.75,0.5,1.0
025_R106,25,R,2,7,OPTIMAL,27.376,2,0,0,0,2,0.0,0.0,0.0,27.376,90,0.75,0.5,1.0
025_R106,25,R,2,8,OPTIMAL,54.9903,2,1,0,1,1,0.5,48.8559,0.0,6.1344,90,0.75,0.5,1.0
025_R106,25,R,2,9,OPTIMAL,4.3411,2,0,0,0,2,0.0,0.0,0.0,4.3411,90,0.75,0.5,1.0
025_R106,25,R,4,0,OPTIMAL,63.3313,4,0,0,0,4,0.0,0.0,0.0,63.3313,90,0.75,0.5,1.0
025_R106,25,R,4,1,OPTIMAL,54.074,4,1,0,1,3,0.25,26.6405,0.0,27.4334,90,0.75,0.5,1.0
025_R106,25,R,4,2,OPTIMAL,29.8262,4,0,0,0,4,0.0,0.0,0.0,29.8262,90,0.75,0.5,1.0
025_R106,25,R,4,3,OPTIMAL,107.4659,4,1,1,0,3,0.25,37.5314,0.0,69.9345,90,0.75,0.5,1.0
025_R106,25,R,4,4,OPTIMAL,45.3082,4,0,0,0,4,0.0,0.0,0.0,45.3082,90,0.75,0.5,1.0
025_R106,25,R,4,5,OPTIMAL,91.1163,4,1,0,1,3,0.25,43.3523,0.0,47.764,90,0.75,0.5,1.0
025_R106,25,R,4,6,OPTIMAL,27.8929,4,0,0,0,4,0.0,0.0,0.0,27.8929,90,0.75,0.5,1.0
025_R106,25,R,4,7,OPTIMAL,64.4866,4,1,0,1,3,0.25,34.3974,0.0,30.0892,90,0.75,0.5,1.0
025_R106,25,R,4,8,OPTIMAL,43.4525,4,1,0,1,3,0.25,37.7316,0.0,5.7208,90,0.75,0.5,1.0
025_R106,25,R,4,9,OPTIMAL,111.2516,4,1,0,1,3,0.25,47.7139,0.0,63.5377,90,0.75,0.5,1.0
025_R106,25,R,6,0,OPTIMAL,81.5308,6,0,0,0,6,0.0,0.0,0.0,81.5308,90,0.75,0.5,1.0
025_R106,25,R,6,1,OPTIMAL,103.751,6,2,0,2,4,0.3333,93.0207,0.0,10.7304,90,0.75,0.5,1.0
025_R106,25,R,6,2,OPTIMAL,122.4369,6,1,1,0,5,0.1667,48.8189,0.0,73.6179,90,0.75,0.5,1.0
025_R106,25,R,6,3,OPTIMAL,127.5421,6,1,0,1,5,0.1667,48.0328,0.0,79.5094,90,0.75,0.5,1.0
025_R106,25,R,6,4,OPTIMAL,58.7567,6,1,0,1,5,0.1667,23.6539,0.0,35.1028,90,0.75,0.5,1.0
025_R106,25,R,6,5,OPTIMAL,142.107,6,2,1,1,4,0.3333,79.4822,0.0,62.6248,90,0.75,0.5,1.0
025_R106,25,R,6,6,OPTIMAL,98.8666,6,0,0,0,6,0.0,0.0,0.0,98.8666,90,0.75,0.5,1.0
025_R106,25,R,6,7,OPTIMAL,139.0284,6,2,1,1,4,0.3333,100.2007,0.0,38.8277,90,0.75,0.5,1.0
025_R106,25,R,6,8,OPTIMAL,133.5987,6,2,1,1,4,0.3333,93.5931,0.0,40.0055,90,0.75,0.5,1.0
025_R106,25,R,6,9,OPTIMAL,72.0165,6,1,0,1,5,0.1667,22.4952,0.0,49.5213,90,0.75,0.5,1.0
025_R107,25,R,2,0,OPTIMAL,3.9376,2,0,0,0,2,0.0,0.0,0.0,3.9376,90,0.75,0.5,1.0
025_R107,25,R,2,1,OPTIMAL,12.0224,2,0,0,0,2,0.0,0.0,0.0,12.0224,90,0.75,0.5,1.0
025_R107,25,R,2,2,OPTIMAL,77.6967,2,1,1,0,1,0.5,51.1749,0.0,26.5218,90,0.75,0.5,1.0
025_R107,25,R,2,3,OPTIMAL,27.0888,2,0,0,0,2,0.0,0.0,0.0,27.0888,90,0.75,0.5,1.0
025_R107,25,R,2,4,OPTIMAL,21.311,2,0,0,0,2,0.0,0.0,0.0,21.311,90,0.75,0.5,1.0
025_R107,25,R,2,5,OPTIMAL,13.5247,2,0,0,0,2,0.0,0.0,0.0,13.5247,90,0.75,0.5,1.0
025_R107,25,R,2,6,OPTIMAL,27.554,2,0,0,0,2,0.0,0.0,0.0,27.554,90,0.75,0.5,1.0
025_R107,25,R,2,7,OPTIMAL,25.286,2,0,0,0,2,0.0,0.0,0.0,25.286,90,0.75,0.5,1.0
025_R107,25,R,2,8,OPTIMAL,29.1916,2,0,0,0,2,0.0,0.0,0.0,29.1916,90,0.75,0.5,1.0
025_R107,25,R,2,9,OPTIMAL,4.3411,2,0,0,0,2,0.0,0.0,0.0,4.3411,90,0.75,0.5,1.0
025_R107,25,R,4,0,OPTIMAL,68.8778,4,0,0,0,4,0.0,0.0,0.0,68.8778,90,0.75,0.5,1.0
025_R107,25,R,4,1,OPTIMAL,35.755,4,0,0,0,4,0.0,0.0,0.0,35.755,90,0.75,0.5,1.0
025_R107,25,R,4,2,OPTIMAL,39.0781,4,0,0,0,4,0.0,0.0,0.0,39.0781,90,0.75,0.5,1.0
025_R107,25,R,4,3,OPTIMAL,117.676,4,1,1,0,3,0.25,37.5314,0.0,80.1446,90,0.75,0.5,1.0
025_R107,25,R,4,4,OPTIMAL,40.2462,4,0,0,0,4,0.0,0.0,0.0,40.2462,90,0.75,0.5,1.0
025_R107,25,R,4,5,OPTIMAL,103.0072,4,1,0,1,3,0.25,43.3523,0.0,59.6548,90,0.75,0.5,1.0
025_R107,25,R,4,6,OPTIMAL,20.6549,4,0,0,0,4,0.0,0.0,0.0,20.6549,90,0.75,0.5,1.0
025_R107,25,R,4,7,OPTIMAL,64.4866,4,1,0,1,3,0.25,34.3974,0.0,30.0892,90,0.75,0.5,1.0
025_R107,25,R,4,8,OPTIMAL,6.1714,4,0,0,0,4,0.0,0.0,0.0,6.1714,90,0.75,0.5,1.0
025_R107,25,R,4,9,OPTIMAL,57.7105,4,0,0,0,4,0.0,0.0,0.0,57.7105,90,0.75,0.5,1.0
025_R107,25,R,6,0,OPTIMAL,54.3052,6,0,0,0,6,0.0,0.0,0.0,54.3052,90,0.75,0.5,1.0
025_R107,25,R,6,1,OPTIMAL,103.751,6,2,1,1,4,0.3333,93.0207,0.0,10.7304,90,0.75,0.5,1.0
025_R107,25,R,6,2,OPTIMAL,126.0919,6,1,1,0,5,0.1667,48.8189,0.0,77.273,90,0.75,0.5,1.0
025_R107,25,R,6,3,OPTIMAL,124.5587,6,1,0,1,5,0.1667,48.0328,0.0,76.5259,90,0.75,0.5,1.0
025_R107,25,R,6,4,OPTIMAL,72.9478,6,1,0,1,5,0.1667,23.6539,0.0,49.2939,90,0.75,0.5,1.0
025_R107,25,R,6,5,OPTIMAL,111.1465,6,1,0,1,5,0.1667,50.2183,0.0,60.9282,90,0.75,0.5,1.0
025_R107,25,R,6,6,OPTIMAL,113.6389,6,0,0,0,6,0.0,0.0,0.0,113.6389,90,0.75,0.5,1.0
025_R107,25,R,6,7,OPTIMAL,79.4697,6,1,1,0,5,0.1667,49.4573,0.0,30.0124,90,0.75,0.5,1.0
025_R107,25,R,6,8,OPTIMAL,106.6917,6,1,1,0,5,0.1667,43.9348,0.0,62.7569,90,0.75,0.5,1.0
025_R107,25,R,6,9,OPTIMAL,55.6405,6,0,0,0,6,0.0,0.0,0.0,55.6405,90,0.75,0.5,1.0
025_R108,25,R,2,0,OPTIMAL,25.2862,2,0,0,0,2,0.0,0.0,0.0,25.2862,90,0.75,0.5,1.0
025_R108,25,R,2,1,OPTIMAL,44.1093,2,1,0,1,1,0.5,40.3184,0.0,3.791,90,0.75,0.5,1.0
025_R108,25,R,2,2,OPTIMAL,77.6967,2,1,1,0,1,0.5,51.1749,0.0,26.5218,90,0.75,0.5,1.0
025_R108,25,R,2,3,OPTIMAL,47.0803,2,1,0,1,1,0.5,46.4159,0.0,0.6644,90,0.75,0.5,1.0
025_R108,25,R,2,4,OPTIMAL,74.7077,2,2,1,1,0,1.0,74.7077,0.0,0.0,90,0.75,0.5,1.0
025_R108,25,R,2,5,OPTIMAL,94.6057,2,1,0,1,1,0.5,54.0255,0.0,40.5802,90,0.75,0.5,1.0
025_R108,25,R,2,6,OPTIMAL,53.0942,2,1,1,0,1,0.5,49.0659,0.0,4.0283,90,0.75,0.5,1.0
025_R108,25,R,2,7,OPTIMAL,25.286,2,0,0,0,2,0.0,0.0,0.0,25.286,90,0.75,0.5,1.0
025_R108,25,R,2,8,OPTIMAL,43.8053,2,1,0,1,1,0.5,20.7481,0.0,23.0572,90,0.75,0.5,1.0
025_R108,25,R,2,9,OPTIMAL,14.8547,2,0,0,0,2,0.0,0.0,0.0,14.8547,90,0.75,0.5,1.0
025_R108,25,R,4,0,OPTIMAL,113.8504,4,2,2,0,2,0.5,71.9885,0.0,41.8619,90,0.75,0.5,1.0
025_R108,25,R,4,1,OPTIMAL,107.0337,4,2,1,1,2,0.5,71.5396,0.0,35.4941,90,0.75,0.5,1.0
025_R108,25,R,4,2,OPTIMAL,50.2512,4,1,1,0,3,0.25,40.4753,0.0,9.7758,90,0.75,0.5,1.0
025_R108,25,R,4,3,OPTIMAL,122.986,4,2,1,1,2,0.5,81.1222,0.0,41.8638,90,0.75,0.5,1.0
025_R108,25,R,4,4,OPTIMAL,40.2462,4,0,0,0,4,0.0,0.0,0.0,40.2462,90,0.75,0.5,1.0
025_R108,25,R,4,5,OPTIMAL,81.4179,4,1,1,0,3,0.25,43.3523,0.0,38.0656,90,0.75,0.5,1.0
025_R108,25,R,4,6,OPTIMAL,46.398,4,0,0,0,4,0.0,0.0,0.0,46.398,90,0.75,0.5,1.0
025_R108,25,R,4,7,OPTIMAL,163.4626,4,2,0,2,2,0.5,109.108,0.0,54.3546,90,0.75,0.5,1.0
025_R108,25,R,4,8,OPTIMAL,88.6088,4,2,0,2,2,0.5,60.3879,0.0,28.2209,90,0.75,0.5,1.0
025_R108,25,R,4,9,OPTIMAL,81.2183,4,1,0,1,3,0.25,34.0919,0.0,47.1264,90,0.75,0.5,1.0
025_R108,25,R,6,0,OPTIMAL,147.0864,6,2,1,1,4,0.3333,90.0163,0.0,57.0701,90,0.75,0.5,1.0
025_R108,25,R,6,1,OPTIMAL,169.145,6,3,3,0,3,0.5,129.2188,2.782,37.1442,90,0.75,0.5,1.0
025_R108,25,R,6,2,OPTIMAL,186.2574,6,3,2,1,3,0.5,142.7165,0.0,43.5409,90,0.75,0.5,1.0
025_R108,25,R,6,3,OPTIMAL,159.0897,6,4,0,4,2,0.6667,155.4903,0.0,3.5994,90,0.75,0.5,1.0
025_R108,25,R,6,4,OPTIMAL,121.1626,6,2,1,1,4,0.3333,73.4897,0.0,47.6729,90,0.75,0.5,1.0
025_R108,25,R,6,5,OPTIMAL,162.3179,6,2,1,1,4,0.3333,82.7465,0.0,79.5713,90,0.75,0.5,1.0
025_R108,25,R,6,6,OPTIMAL,130.7987,6,1,0,1,5,0.1667,54.3517,0.0,76.447,90,0.75,0.5,1.0
025_R108,25,R,6,7,OPTIMAL,166.2423,6,3,2,1,3,0.5,138.9216,0.0,27.3206,90,0.75,0.5,1.0
025_R108,25,R,6,8,OPTIMAL,135.15,6,2,1,1,4,0.3333,75.4039,0.0,59.7461,90,0.75,0.5,1.0
025_R108,25,R,6,9,OPTIMAL,105.8555,6,2,1,1,4,0.3333,71.3022,0.0,34.5532,90,0.75,0.5,1.0
025_R109,25,R,2,0,OPTIMAL,25.2862,2,0,0,0,2,0.0,0.0,0.0,25.2862,90,0.75,0.5,1.0
025_R109,25,R,2,1,OPTIMAL,40.8284,2,1,1,0,1,0.5,40.3184,0.0,0.51,90,0.75,0.5,1.0
025_R109,25,R,2,2,OPTIMAL,63.9172,2,0,0,0,2,0.0,0.0,0.0,63.9172,90,0.75,0.5,1.0
025_R109,25,R,2,3,OPTIMAL,1.9117,2,0,0,0,2,0.0,0.0,0.0,1.9117,90,0.75,0.5,1.0
025_R109,25,R,2,4,OPTIMAL,18.5147,2,0,0,0,2,0.0,0.0,0.0,18.5147,90,0.75,0.5,1.0
025_R109,25,R,2,5,OPTIMAL,33.3758,2,0,0,0,2,0.0,0.0,0.0,33.3758,90,0.75,0.5,1.0
025_R109,25,R,2,6,OPTIMAL,85.7346,2,1,0,1,1,0.5,48.0193,0.0,37.7153,90,0.75,0.5,1.0
025_R109,25,R,2,7,OPTIMAL,34.2366,2,0,0,0,2,0.0,0.0,0.0,34.2366,90,0.75,0.5,1.0
025_R109,25,R,2,8,OPTIMAL,33.1097,2,0,0,0,2,0.0,0.0,0.0,33.1097,90,0.75,0.5,1.0
025_R109,25,R,2,9,OPTIMAL,4.3411,2,0,0,0,2,0.0,0.0,0.0,4.3411,90,0.75,0.5,1.0
025_R109,25,R,4,0,OPTIMAL,42.2917,4,0,0,0,4,0.0,0.0,0.0,42.2917,90,0.75,0.5,1.0
025_R109,25,R,4,1,OPTIMAL,35.8062,4,0,0,0,4,0.0,0.0,0.0,35.8062,90,0.75,0.5,1.0
025_R109,25,R,4,2,OPTIMAL,33.3361,4,0,0,0,4,0.0,0.0,0.0,33.3361,90,0.75,0.5,1.0
025_R109,25,R,4,3,OPTIMAL,111.0001,4,1,1,0,3,0.25,43.5908,0.0,67.4093,90,0.75,0.5,1.0
025_R109,25,R,4,4,OPTIMAL,61.7561,4,0,0,0,4,0.0,0.0,0.0,61.7561,90,0.75,0.5,1.0
025_R109,25,R,4,5,OPTIMAL,54.9774,4,0,0,0,4,0.0,0.0,0.0,54.9774,90,0.75,0.5,1.0
025_R109,25,R,4,6,OPTIMAL,61.3529,4,1,1,0,3,0.25,42.077,0.0,19.2759,90,0.75,0.5,1.0
025_R109,25,R,4,7,OPTIMAL,51.8079,4,0,0,0,4,0.0,0.0,0.0,51.8079,90,0.75,0.5,1.0
025_R109,25,R,4,8,OPTIMAL,6.1714,4,0,0,0,4,0.0,0.0,0.0,6.1714,90,0.75,0.5,1.0
025_R109,25,R,4,9,OPTIMAL,106.8933,4,2,1,1,2,0.5,92.5675,0.0,14.3258,90,0.75,0.5,1.0
025_R109,25,R,6,0,OPTIMAL,81.9265,6,0,0,0,6,0.0,0.0,0.0,81.9265,90,0.75,0.5,1.0
025_R109,25,R,6,1,OPTIMAL,153.7756,6,2,1,1,4,0.3333,56.7498,0.0,97.0259,90,0.75,0.5,1.0
025_R109,25,R,6,2,OPTIMAL,113.9255,6,0,0,0,6,0.0,0.0,0.0,113.9255,90,0.75,0.5,1.0
025_R109,25,R,6,3,OPTIMAL,38.6262,6,0,0,0,6,0.0,0.0,0.0,38.6262,90,0.75,0.5,1.0
025_R109,25,R,6,4,OPTIMAL,47.3499,6,0,0,0,6,0.0,0.0,0.0,47.3499,90,0.75,0.5,1.0
025_R109,25,R,6,5,OPTIMAL,74.9919,6,0,0,0,6,0.0,0.0,0.0,74.9919,90,0.75,0.5,1.0
025_R109,25,R,6,6,OPTIMAL,162.5051,6,2,1,1,4,0.3333,79.632,0.0,82.8731,90,0.75,0.5,1.0
025_R109,25,R,6,7,OPTIMAL,173.1144,6,2,1,1,4,0.3333,95.3528,0.0,77.7616,90,0.75,0.5,1.0
025_R109,25,R,6,8,OPTIMAL,116.8693,6,1,1,0,5,0.1667,20.5347,0.0,96.3346,90,0.75,0.5,1.0
025_R109,25,R,6,9,OPTIMAL,77.8784,6,0,0,0,6,0.0,0.0,0.0,77.8784,90,0.75,0.5,1.0
025_R110,25,R,2,0,OPTIMAL,35.6896,2,1,1,0,1,0.5,29.8264,0.0,5.8632,90,0.75,0.5,1.0
025_R110,25,R,2,1,OPTIMAL,41.0834,2,1,1,0,1,0.5,40.3184,0.0,0.765,90,0.75,0.5,1.0
025_R110,25,R,2,2,OPTIMAL,74.7728,2,1,1,0,1,0.5,51.1749,0.0,23.5979,90,0.75,0.5,1.0
025_R110,25,R,2,3,OPTIMAL,14.3039,2,0,0,0,2,0.0,0.0,0.0,14.3039,90,0.75,0.5,1.0
025_R110,25,R,2,4,OPTIMAL,24.8324,2,0,0,0,2,0.0,0.0,0.0,24.8324,90,0.75,0.5,1.0
025_R110,25,R,2,5,OPTIMAL,66.238,2,1,1,0,1,0.5,45.5479,0.0,20.6901,90,0.75,0.5,1.0
025_R110,25,R,2,6,OPTIMAL,57.8794,2,0,0,0,2,0.0,0.0,0.0,57.8794,90,0.75,0.5,1.0
025_R110,25,R,2,7,OPTIMAL,11.0045,2,0,0,0,2,0.0,0.0,0.0,11.0045,90,0.75,0.5,1.0
025_R110,25,R,2,8,OPTIMAL,62.73,2,1,0,1,1,0.5,48.8559,0.0,13.8741,90,0.75,0.5,1.0
025_R110,25,R,2,9,OPTIMAL,70.1104,2,2,0,2,0,1.0,70.1104,0.0,0.0,90,0.75,0.5,1.0
025_R110,25,R,4,0,OPTIMAL,87.9855,4,1,0,1,3,0.25,42.578,0.0,45.4074,90,0.75,0.5,1.0
025_R110,25,R,4,1,OPTIMAL,41.5896,4,1,0,1,3,0.25,40.7678,0.0,0.8217,90,0.75,0.5,1.0
025_R110,25,R,4,2,OPTIMAL,27.381,4,0,0,0,4,0.0,0.0,0.0,27.381,90,0.75,0.5,1.0
025_R110,25,R,4,3,OPTIMAL,118.4931,4,2,1,1,2,0.5,89.1388,0.0,29.3543,90,0.75,0.5,1.0
025_R110,25,R,4,4,OPTIMAL,73.0062,4,0,0,0,4,0.0,0.0,0.0,73.0062,90,0.75,0.5,1.0
025_R110,25,R,4,5,OPTIMAL,84.6926,4,2,0,2,2,0.5,71.728,0.0,12.9647,90,0.75,0.5,1.0
025_R110,25,R,4,6,OPTIMAL,61.3612,4,1,1,0,3,0.25,42.077,0.0,19.2842,90,0.75,0.5,1.0
025_R110,25,R,4,7,OPTIMAL,72.1112,4,0,0,0,4,0.0,0.0,0.0,72.1112,90,0.75,0.5,1.0
025_R110,25,R,4,8,OPTIMAL,48.6175,4,1,0,1,3,0.25,28.3787,0.0,20.2387,90,0.75,0.5,1.0
025_R110,25,R,4,9,OPTIMAL,66.0739,4,1,1,0,3,0.25,47.7139,0.0,18.36,90,0.75,0.5,1.0
025_R110,25,R,6,0,OPTIMAL,96.1592,6,1,0,1,5,0.1667,28.1052,0.0,68.054,90,0.75,0.5,1.0
025_R110,25,R,6,1,OPTIMAL,156.8561,6,3,3,0,3,0.5,99.2817,0.0,57.5744,90,0.75,0.5,1.0
025_R110,25,R,6,2,OPTIMAL,108.64,6,2,0,2,4,0.3333,75.7213,0.0,32.9188,90,0.75,0.5,1.0
025_R110,25,R,6,3,OPTIMAL,96.6236,6,1,1,0,5,0.1667,40.6163,0.0,56.0073,90,0.75,0.5,1.0
025_R110,25,R,6,4,OPTIMAL,97.1259,6,2,0,2,4,0.3333,79.6246,0.0,17.5013,90,0.75,0.5,1.0
025_R110,25,R,6,5,OPTIMAL,114.0508,6,0,0,0,6,0.0,0.0,0.0,114.0508,90,0.75,0.5,1.0
025_R110,25,R,6,6,OPTIMAL,104.1419,6,2,1,1,4,0.3333,74.5871,0.0,29.5548,90,0.75,0.5,1.0
025_R110,25,R,6,7,OPTIMAL,198.3225,6,3,1,2,3,0.5,144.81,0.0,53.5125,90,0.75,0.5,1.0
025_R110,25,R,6,8,OPTIMAL,119.5808,6,2,1,1,4,0.3333,64.4695,0.0,55.1113,90,0.75,0.5,1.0
025_R110,25,R,6,9,OPTIMAL,82.7933,6,1,0,1,5,0.1667,12.5458,0.0,70.2475,90,0.75,0.5,1.0
025_R111,25,R,2,0,OPTIMAL,25.2862,2,0,0,0,2,0.0,0.0,0.0,25.2862,90,0.75,0.5,1.0
025_R111,25,R,2,1,OPTIMAL,44.8552,2,1,0,1,1,0.5,40.3184,0.0,4.5368,90,0.75,0.5,1.0
025_R111,25,R,2,2,OPTIMAL,29.5484,2,0,0,0,2,0.0,0.0,0.0,29.5484,90,0.75,0.5,1.0
025_R111,25,R,2,3,OPTIMAL,51.1348,2,0,0,0,2,0.0,0.0,0.0,51.1348,90,0.75,0.5,1.0
025_R111,25,R,2,4,OPTIMAL,21.1814,2,0,0,0,2,0.0,0.0,0.0,21.1814,90,0.75,0.5,1.0
025_R111,25,R,2,5,OPTIMAL,15.2779,2,0,0,0,2,0.0,0.0,0.0,15.2779,90,0.75,0.5,1.0
025_R111,25,R,2,6,OPTIMAL,41.7436,2,0,0,0,2,0.0,0.0,0.0,41.7436,90,0.75,0.5,1.0
025_R111,25,R,2,7,OPTIMAL,2.8581,2,0,0,0,2,0.0,0.0,0.0,2.8581,90,0.75,0.5,1.0
025_R111,25,R,2,8,OPTIMAL,35.0943,2,0,0,0,2,0.0,0.0,0.0,35.0943,90,0.75,0.5,1.0
025_R111,25,R,2,9,OPTIMAL,4.3411,2,0,0,0,2,0.0,0.0,0.0,4.3411,90,0.75,0.5,1.0
025_R111,25,R,4,0,OPTIMAL,53.5452,4,0,0,0,4,0.0,0.0,0.0,53.5452,90,0.75,0.5,1.0
025_R111,25,R,4,1,OPTIMAL,63.3564,4,0,0,0,4,0.0,0.0,0.0,63.3564,90,0.75,0.5,1.0
025_R111,25,R,4,2,OPTIMAL,49.5241,4,1,0,1,3,0.25,40.6876,0.0,8.8364,90,0.75,0.5,1.0
025_R111,25,R,4,3,OPTIMAL,146.411,4,1,0,1,3,0.25,43.5908,0.0,102.8203,90,0.75,0.5,1.0
025_R111,25,R,4,4,OPTIMAL,57.0773,4,0,0,0,4,0.0,0.0,0.0,57.0773,90,0.75,0.5,1.0
025_R111,25,R,4,5,OPTIMAL,91.4945,4,1,1,0,3,0.25,43.3523,0.0,48.1422,90,0.75,0.5,1.0
025_R111,25,R,4,6,OPTIMAL,64.3254,4,0,0,0,4,0.0,0.0,0.0,64.3254,90,0.75,0.5,1.0
025_R111,25,R,4,7,OPTIMAL,36.7185,4,0,0,0,4,0.0,0.0,0.0,36.7185,90,0.75,0.5,1.0
025_R111,25,R,4,8,OPTIMAL,6.9565,4,0,0,0,4,0.0,0.0,0.0,6.9565,90,0.75,0.5,1.0
025_R111,25,R,4,9,OPTIMAL,61.4677,4,0,0,0,4,0.0,0.0,0.0,61.4677,90,0.75,0.5,1.0
025_R111,25,R,6,0,OPTIMAL,82.5902,6,0,0,0,6,0.0,0.0,0.0,82.5902,90,0.75,0.5,1.0
025_R111,25,R,6,1,OPTIMAL,157.4172,6,2,1,1,4,0.3333,78.7301,1.282,77.4051,90,0.75,0.5,1.0
025_R111,25,R,6,2,OPTIMAL,111.7531,6,1,0,1,5,0.1667,52.219,0.0,59.5341,90,0.75,0.5,1.0
025_R111,25,R,6,3,OPTIMAL,131.0917,6,2,0,2,4,0.3333,88.649,0.0,42.4427,90,0.75,0.5,1.0
025_R111,25,R,6,4,OPTIMAL,91.8829,6,0,0,0,6,0.0,0.0,0.0,91.8829,90,0.75,0.5,1.0
025_R111,25,R,6,5,OPTIMAL,121.7571,6,1,1,0,5,0.1667,53.4826,0.0,68.2745,90,0.75,0.5,1.0
025_R111,25,R,6,6,OPTIMAL,113.7194,6,1,0,1,5,0.1667,50.6068,0.0,63.1126,90,0.75,0.5,1.0
025_R111,25,R,6,7,OPTIMAL,136.7339,6,2,0,2,4,0.3333,84.6578,0.0,52.0762,90,0.75,0.5,1.0
025_R111,25,R,6,8,OPTIMAL,143.9445,6,1,0,1,5,0.1667,44.4945,0.0,99.45,90,0.75,0.5,1.0
025_R111,25,R,6,9,OPTIMAL,66.6319,6,0,0,0,6,0.0,0.0,0.0,66.6319,90,0.75,0.5,1.0
025_R112,25,R,2,0,OPTIMAL,38.0577,2,1,1,0,1,0.5,29.8264,0.0,8.2312,90,0.75,0.5,1.0
025_R112,25,R,2,1,OPTIMAL,52.0022,2,1,1,0,1,0.5,40.3184,0.0,11.6838,90,0.75,0.5,1.0
025_R112,25,R,2,2,OPTIMAL,51.7117,2,1,1,0,1,0.5,51.1749,0.0,0.5369,90,0.75,0.5,1.0
025_R112,25,R,2,3,OPTIMAL,47.1287,2,1,1,0,1,0.5,46.4159,0.0,0.7128,90,0.75,0.5,1.0
025_R112,25,R,2,4,OPTIMAL,71.4301,2,1,1,0,1,0.5,21.9387,0.0,49.4914,90,0.75,0.5,1.0
025_R112,25,R,2,5,OPTIMAL,88.9333,2,1,1,0,1,0.5,45.5479,0.0,43.3854,90,0.75,0.5,1.0
025_R112,25,R,2,6,OPTIMAL,97.0853,2,2,1,1,0,1.0,97.0853,0.0,0.0,90,0.75,0.5,1.0
025_R112,25,R,2,7,OPTIMAL,24.4223,2,0,0,0,2,0.0,0.0,0.0,24.4223,90,0.75,0.5,1.0
025_R112,25,R,2,8,OPTIMAL,10.6209,2,0,0,0,2,0.0,0.0,0.0,10.6209,90,0.75,0.5,1.0
025_R112,25,R,2,9,OPTIMAL,22.5859,2,1,1,0,1,0.5,19.2967,0.0,3.2891,90,0.75,0.5,1.0
025_R112,25,R,4,0,OPTIMAL,104.3568,4,2,2,0,2,0.5,71.9885,0.0,32.3683,90,0.75,0.5,1.0
025_R112,25,R,4,1,OPTIMAL,114.0309,4,3,3,0,1,0.75,112.3074,0.0,1.7235,90,0.75,0.5,1.0
025_R112,25,R,4,2,OPTIMAL,84.3996,4,1,1,0,3,0.25,40.4753,0.0,43.9242,90,0.75,0.5,1.0
025_R112,25,R,4,3,OPTIMAL,149.4044,4,3,3,0,1,0.75,126.6703,0.0,22.7341,90,0.75,0.5,1.0
025_R112,25,R,4,4,OPTIMAL,60.1764,4,0,0,0,4,0.0,0.0,0.0,60.1764,90,0.75,0.5,1.0
025_R112,25,R,4,5,OPTIMAL,82.58,4,2,2,0,2,0.5,71.728,0.0,10.852,90,0.75,0.5,1.0
025_R112,25,R,4,6,OPTIMAL,68.9021,4,1,1,0,3,0.25,42.077,0.0,26.8251,90,0.75,0.5,1.0
025_R112,25,R,4,7,OPTIMAL,118.1163,4,1,1,0,3,0.25,53.8145,0.0,64.3018,90,0.75,0.5,1.0
025_R112,25,R,4,8,OPTIMAL,80.5878,4,2,2,0,2,0.5,66.1104,0.0,14.4775,90,0.75,0.5,1.0
025_R112,25,R,4,9,OPTIMAL,83.8573,4,2,1,1,2,0.5,81.8058,0.0,2.0515,90,0.75,0.5,1.0
025_R112,25,R,6,0,OPTIMAL,146.5116,6,3,2,1,3,0.5,118.1214,0.0,28.3901,90,0.75,0.5,1.0
025_R112,25,R,6,1,OPTIMAL,188.7539,6,5,5,0,1,0.8333,185.9686,0.0,2.7853,90,0.75,0.5,1.0
025_R112,25,R,6,2,OPTIMAL,137.8209,6,2,2,0,4,0.3333,75.7213,0.0,62.0997,90,0.75,0.5,1.0
025_R112,25,R,6,3,OPTIMAL,131.4362,6,2,1,1,4,0.3333,88.649,0.0,42.7871,90,0.75,0.5,1.0
025_R112,25,R,6,4,OPTIMAL,120.3897,6,3,3,0,3,0.5,103.2785,0.0,17.1112,90,0.75,0.5,1.0
025_R112,25,R,6,5,OPTIMAL,159.322,6,3,2,1,3,0.5,124.4296,0.0,34.8925,90,0.75,0.5,1.0
025_R112,25,R,6,6,OPTIMAL,70.4665,6,1,1,0,5,0.1667,29.0252,0.0,41.4413,90,0.75,0.5,1.0
025_R112,25,R,6,7,OPTIMAL,213.7787,6,4,3,1,2,0.6667,184.1947,0.0,29.584,90,0.75,0.5,1.0
025_R112,25,R,6,8,OPTIMAL,173.1444,6,3,3,0,3,0.5,95.9386,0.0,77.2058,90,0.75,0.5,1.0
025_R112,25,R,6,9,OPTIMAL,97.4269,6,3,3,0,3,0.5,83.8481,0.0,13.5788,90,0.75,0.5,1.0
025_R201,25,R,2,0,OPTIMAL,70.1011,2,2,2,0,0,1.0,70.1011,0.0,0.0,90,0.75,0.5,1.0
025_R201,25,R,2,1,OPTIMAL,40.949,2,1,1,0,1,0.5,40.3184,0.0,0.6307,90,0.75,0.5,1.0
025_R201,25,R,2,2,OPTIMAL,95.9675,2,2,1,1,0,1.0,95.9675,0.0,0.0,90,0.75,0.5,1.0
025_R201,25,R,2,3,OPTIMAL,85.9681,2,1,1,0,1,0.5,40.134,0.0,45.8341,90,0.75,0.5,1.0
025_R201,25,R,2,4,OPTIMAL,74.7077,2,2,2,0,0,1.0,74.7077,0.0,0.0,90,0.75,0.5,1.0
025_R201,25,R,2,5,OPTIMAL,33.3758,2,0,0,0,2,0.0,0.0,0.0,33.3758,90,0.75,0.5,1.0
025_R201,25,R,2,6,OPTIMAL,85.7346,2,1,1,0,1,0.5,48.0193,0.0,37.7153,90,0.75,0.5,1.0
025_R201,25,R,2,7,OPTIMAL,73.8536,2,2,1,1,0,1.0,73.8536,0.0,0.0,90,0.75,0.5,1.0
025_R201,25,R,2,8,OPTIMAL,69.604,2,2,2,0,0,1.0,69.604,0.0,0.0,90,0.75,0.5,1.0
025_R201,25,R,2,9,OPTIMAL,23.3097,2,1,1,0,1,0.5,19.2967,0.0,4.013,90,0.75,0.5,1.0
025_R201,25,R,4,0,OPTIMAL,155.0225,4,3,3,0,1,0.75,131.8984,0.0,23.1241,90,0.75,0.5,1.0
025_R201,25,R,4,1,OPTIMAL,107.6536,4,2,1,1,2,0.5,85.6669,0.0,21.9867,90,0.75,0.5,1.0
025_R201,25,R,4,2,OPTIMAL,119.556,4,2,2,0,2,0.5,91.7468,0.0,27.8091,90,0.75,0.5,1.0
025_R201,25,R,4,3,OPTIMAL,166.3777,4,4,4,0,0,1.0,166.3777,0.0,0.0,90,0.75,0.5,1.0
025_R201,25,R,4,4,OPTIMAL,159.6514,4,3,2,1,1,0.75,148.3565,0.0,11.295,90,0.75,0.5,1.0
025_R201,25,R,4,5,OPTIMAL,121.0601,4,2,1,1,2,0.5,90.3159,0.0,30.7443,90,0.75,0.5,1.0
025_R201,25,R,4,6,OPTIMAL,107.0251,4,2,2,0,2,0.5,62.8323,0.0,44.1928,90,0.75,0.5,1.0
025_R201,25,R,4,7,OPTIMAL,145.544,4,2,1,1,2,0.5,103.7692,0.0,41.7748,90,0.75,0.5,1.0
025_R201,25,R,4,8,OPTIMAL,68.0295,4,1,1,0,3,0.25,22.6563,0.0,45.3733,90,0.75,0.5,1.0
025_R201,25,R,4,9,OPTIMAL,137.7852,4,3,1,2,1,0.75,113.9328,0.0,23.8524,90,0.75,0.5,1.0
025_R201,25,R,6,0,OPTIMAL,170.1069,6,4,4,0,2,0.6667,169.5445,0.0,0.5624,90,0.75,0.5,1.0
025_R201,25,R,6,1,OPTIMAL,188.3379,6,4,3,1,2,0.6667,149.7704,0.0,38.5674,90,0.75,0.5,1.0
025_R201,25,R,6,2,OPTIMAL,190.3082,6,3,2,1,3,0.5,140.8417,0.0,49.4665,90,0.75,0.5,1.0
025_R201,25,R,6,3,OPTIMAL,147.8513,6,3,3,0,3,0.5,107.4575,0.0,40.3937,90,0.75,0.5,1.0
025_R201,25,R,6,4,OPTIMAL,163.021,6,4,3,1,2,0.6667,145.2519,0.0,17.7691,90,0.75,0.5,1.0
025_R201,25,R,6,5,OPTIMAL,238.5007,6,3,2,1,3,0.5,122.8924,0.0,115.6083,90,0.75,0.5,1.0
025_R201,25,R,6,6,OPTIMAL,196.0396,6,4,4,0,2,0.6667,155.679,0.0,40.3606,90,0.75,0.5,1.0
025_R201,25,R,6,7,OPTIMAL,232.9867,6,4,3,1,2,0.6667,195.5535,0.0,37.4332,90,0.75,0.5,1.0
025_R201,25,R,6,8,OPTIMAL,191.0085,6,3,2,1,3,0.5,114.6876,0.0,76.3209,90,0.75,0.5,1.0
025_R201,25,R,6,9,OPTIMAL,165.347,6,3,2,1,3,0.5,109.949,0.0,55.398,90,0.75,0.5,1.0
025_R202,25,R,2,0,OPTIMAL,70.1011,2,2,2,0,0,1.0,70.1011,0.0,0.0,90,0.75,0.5,1.0
025_R202,25,R,2,1,OPTIMAL,40.949,2,1,1,0,1,0.5,40.3184,0.0,0.6307,90,0.75,0.5,1.0
025_R202,25,R,2,2,OPTIMAL,95.9675,2,2,2,0,0,1.0,95.9675,0.0,0.0,90,0.75,0.5,1.0
025_R202,25,R,2,3,OPTIMAL,85.9681,2,1,1,0,1,0.5,40.134,0.0,45.8341,90,0.75,0.5,1.0
025_R202,25,R,2,4,OPTIMAL,74.7077,2,2,2,0,0,1.0,74.7077,0.0,0.0,90,0.75,0.5,1.0
025_R202,25,R,2,5,OPTIMAL,33.3758,2,0,0,0,2,0.0,0.0,0.0,33.3758,90,0.75,0.5,1.0
025_R202,25,R,2,6,OPTIMAL,97.0853,2,2,1,1,0,1.0,97.0853,0.0,0.0,90,0.75,0.5,1.0
025_R202,25,R,2,7,OPTIMAL,73.8536,2,2,1,1,0,1.0,73.8536,0.0,0.0,90,0.75,0.5,1.0
025_R202,25,R,2,8,OPTIMAL,69.604,2,2,2,0,0,1.0,69.604,0.0,0.0,90,0.75,0.5,1.0
025_R202,25,R,2,9,OPTIMAL,70.1104,2,2,1,1,0,1.0,70.1104,0.0,0.0,90,0.75,0.5,1.0
025_R202,25,R,4,0,OPTIMAL,161.3089,4,4,3,1,0,1.0,161.3089,0.0,0.0,90,0.75,0.5,1.0
025_R202,25,R,4,1,OPTIMAL,107.6536,4,2,1,1,2,0.5,85.6669,0.0,21.9867,90,0.75,0.5,1.0
025_R202,25,R,4,2,OPTIMAL,119.556,4,2,2,0,2,0.5,91.7468,0.0,27.8091,90,0.75,0.5,1.0
025_R202,25,R,4,3,OPTIMAL,166.3777,4,4,4,0,0,1.0,166.3777,0.0,0.0,90,0.75,0.5,1.0
025_R202,25,R,4,4,OPTIMAL,159.6514,4,3,3,0,1,0.75,148.3565,0.0,11.295,90,0.75,0.5,1.0
025_R202,25,R,4,5,OPTIMAL,170.4136,4,4,1,3,0,1.0,170.4136,0.0,0.0,90,0.75,0.5,1.0
025_R202,25,R,4,6,OPTIMAL,130.2616,4,4,3,1,0,1.0,130.2616,0.0,0.0,90,0.75,0.5,1.0
025_R202,25,R,4,7,OPTIMAL,161.0095,4,3,3,0,1,0.75,138.1667,0.0,22.8429,90,0.75,0.5,1.0
025_R202,25,R,4,8,OPTIMAL,105.3106,4,2,1,1,2,0.5,60.3879,0.0,44.9227,90,0.75,0.5,1.0
025_R202,25,R,4,9,OPTIMAL,148.0246,4,4,2,2,0,1.0,148.0246,0.0,0.0,90,0.75,0.5,1.0
025_R202,25,R,6,0,OPTIMAL,200.8766,6,5,5,0,1,0.8333,200.3781,0.0,0.4985,90,0.75,0.5,1.0
025_R202,25,R,6,1,OPTIMAL,209.7249,6,6,4,2,0,1.0,209.7249,0.0,0.0,90,0.75,0.5,1.0
025_R202,25,R,6,2,OPTIMAL,202.0691,6,4,2,2,2,0.6667,167.744,0.0,34.3251,90,0.75,0.5,1.0
025_R202,25,R,6,3,OPTIMAL,158.71,6,4,4,0,2,0.6667,155.4903,0.0,3.2197,90,0.75,0.5,1.0
025_R202,25,R,6,4,OPTIMAL,163.021,6,4,4,0,2,0.6667,145.2519,0.0,17.7691,90,0.75,0.5,1.0
025_R202,25,R,6,5,OPTIMAL,246.4744,6,6,5,1,0,1.0,246.4744,0.0,0.0,90,0.75,0.5,1.0
025_R202,25,R,6,6,OPTIMAL,196.0396,6,4,4,0,2,0.6667,155.679,0.0,40.3606,90,0.75,0.5,1.0
025_R202,25,R,6,7,OPTIMAL,220.0265,6,4,2,2,2,0.6667,189.6651,0.0,30.3614,90,0.75,0.5,1.0
025_R202,25,R,6,8,OPTIMAL,223.9976,6,6,2,4,0,1.0,223.9976,0.0,0.0,90,0.75,0.5,1.0
025_R202,25,R,6,9,OPTIMAL,176.2749,6,4,2,2,2,0.6667,158.756,0.0,17.5189,90,0.75,0.5,1.0
025_R203,25,R,2,0,OPTIMAL,70.1011,2,2,2,0,0,1.0,70.1011,0.0,0.0,90,0.75,0.5,1.0
025_R203,25,R,2,1,OPTIMAL,76.5179,2,2,2,0,0,1.0,76.5179,0.0,0.0,90,0.75,0.5,1.0
025_R203,25,R,2,2,OPTIMAL,95.9675,2,2,2,0,0,1.0,95.9675,0.0,0.0,90,0.75,0.5,1.0
025_R203,25,R,2,3,OPTIMAL,86.5499,2,2,2,0,0,1.0,86.5499,0.0,0.0,90,0.75,0.5,1.0
025_R203,25,R,2,4,OPTIMAL,74.7077,2,2,2,0,0,1.0,74.7077,0.0,0.0,90,0.75,0.5,1.0
025_R203,25,R,2,5,OPTIMAL,66.238,2,1,0,1,1,0.5,45.5479,0.0,20.6901,90,0.75,0.5,1.0
025_R203,25,R,2,6,OPTIMAL,97.0853,2,2,1,1,0,1.0,97.0853,0.0,0.0,90,0.75,0.5,1.0
025_R203,25,R,2,7,OPTIMAL,73.8536,2,2,2,0,0,1.0,73.8536,0.0,0.0,90,0.75,0.5,1.0
025_R203,25,R,2,8,OPTIMAL,69.604,2,2,2,0,0,1.0,69.604,0.0,0.0,90,0.75,0.5,1.0
025_R203,25,R,2,9,OPTIMAL,70.1104,2,2,1,1,0,1.0,70.1104,0.0,0.0,90,0.75,0.5,1.0
025_R203,25,R,4,0,OPTIMAL,161.3089,4,4,3,1,0,1.0,161.3089,0.0,0.0,90,0.75,0.5,1.0
025_R203,25,R,4,1,OPTIMAL,116.6193,4,2,1,1,2,0.5,85.6669,0.0,30.9524,90,0.75,0.5,1.0
025_R203,25,R,4,2,OPTIMAL,138.8081,4,3,3,0,1,0.75,134.6391,0.0,4.169,90,0.75,0.5,1.0
025_R203,25,R,4,3,OPTIMAL,166.3777,4,4,4,0,0,1.0,166.3777,0.0,0.0,90,0.75,0.5,1.0
025_R203,25,R,4,4,OPTIMAL,189.6105,4,4,4,0,0,1.0,189.6105,0.0,0.0,90,0.75,0.5,1.0
025_R203,25,R,4,5,OPTIMAL,170.4136,4,4,1,3,0,1.0,170.4136,0.0,0.0,90,0.75,0.5,1.0
025_R203,25,R,4,6,OPTIMAL,130.2616,4,4,3,1,0,1.0,130.2616,0.0,0.0,90,0.75,0.5,1.0
025_R203,25,R,4,7,OPTIMAL,161.0095,4,3,3,0,1,0.75,138.1667,0.0,22.8429,90,0.75,0.5,1.0
025_R203,25,R,4,8,OPTIMAL,102.6007,4,3,2,1,1,0.75,102.1501,0.0,0.4506,90,0.75,0.5,1.0
025_R203,25,R,4,9,OPTIMAL,126.8015,4,3,3,0,1,0.75,126.6594,0.0,0.1421,90,0.75,0.5,1.0
025_R203,25,R,6,0,OPTIMAL,200.8766,6,5,5,0,1,0.8333,200.3781,0.0,0.4985,90,0.75,0.5,1.0
025_R203,25,R,6,1,OPTIMAL,209.7249,6,6,5,1,0,1.0,209.7249,0.0,0.0,90,0.75,0.5,1.0
025_R203,25,R,6,2,OPTIMAL,202.0691,6,4,3,1,2,0.6667,167.744,0.0,34.3251,90,0.75,0.5,1.0
025_R203,25,R,6,3,OPTIMAL,163.9552,6,4,4,0,2,0.6667,155.4903,0.0,8.4649,90,0.75,0.5,1.0
025_R203,25,R,6,4,OPTIMAL,192.7063,6,5,4,1,1,0.8333,175.0407,0.0,17.6656,90,0.75,0.5,1.0
025_R203,25,R,6,5,OPTIMAL,246.4744,6,6,5,1,0,1.0,246.4744,0.0,0.0,90,0.75,0.5,1.0
025_R203,25,R,6,6,OPTIMAL,212.4291,6,5,5,0,1,0.8333,174.0082,0.0,38.4208,90,0.75,0.5,1.0
025_R203,25,R,6,7,OPTIMAL,207.2709,6,4,2,2,2,0.6667,189.6651,0.0,17.6058,90,0.75,0.5,1.0
025_R203,25,R,6,8,OPTIMAL,211.7883,6,5,4,1,1,0.8333,192.5285,0.0,19.2598,90,0.75,0.5,1.0
025_R203,25,R,6,9,OPTIMAL,199.6471,6,5,3,2,1,0.8333,178.3873,0.0,21.2598,90,0.75,0.5,1.0
025_R204,25,R,2,0,OPTIMAL,70.1011,2,2,2,0,0,1.0,70.1011,0.0,0.0,90,0.75,0.5,1.0
025_R204,25,R,2,1,OPTIMAL,76.5179,2,2,2,0,0,1.0,76.5179,0.0,0.0,90,0.75,0.5,1.0
025_R204,25,R,2,2,OPTIMAL,95.9675,2,2,2,0,0,1.0,95.9675,0.0,0.0,90,0.75,0.5,1.0
025_R204,25,R,2,3,OPTIMAL,86.5499,2,2,2,0,0,1.0,86.5499,0.0,0.0,90,0.75,0.5,1.0
025_R204,25,R,2,4,OPTIMAL,74.7077,2,2,2,0,0,1.0,74.7077,0.0,0.0,90,0.75,0.5,1.0
025_R204,25,R,2,5,OPTIMAL,99.5734,2,2,2,0,0,1.0,99.5734,0.0,0.0,90,0.75,0.5,1.0
025_R204,25,R,2,6,OPTIMAL,97.0853,2,2,1,1,0,1.0,97.0853,0.0,0.0,90,0.75,0.5,1.0
025_R204,25,R,2,7,OPTIMAL,73.8536,2,2,2,0,0,1.0,73.8536,0.0,0.0,90,0.75,0.5,1.0
025_R204,25,R,2,8,OPTIMAL,69.604,2,2,2,0,0,1.0,69.604,0.0,0.0,90,0.75,0.5,1.0
025_R204,25,R,2,9,OPTIMAL,23.3097,2,1,1,0,1,0.5,19.2967,0.0,4.013,90,0.75,0.5,1.0
025_R204,25,R,4,0,OPTIMAL,161.3089,4,4,3,1,0,1.0,161.3089,0.0,0.0,90,0.75,0.5,1.0
025_R204,25,R,4,1,OPTIMAL,117.2401,4,3,2,1,1,0.75,112.3074,0.0,4.9327,90,0.75,0.5,1.0
025_R204,25,R,4,2,OPTIMAL,175.1144,4,4,4,0,0,1.0,175.1144,0.0,0.0,90,0.75,0.5,1.0
025_R204,25,R,4,3,OPTIMAL,166.3777,4,4,4,0,0,1.0,166.3777,0.0,0.0,90,0.75,0.5,1.0
025_R204,25,R,4,4,OPTIMAL,189.6105,4,4,4,0,0,1.0,189.6105,0.0,0.0,90,0.75,0.5,1.0
025_R204,25,R,4,5,OPTIMAL,133.5142,4,3,2,1,1,0.75,118.6915,0.0,14.8227,90,0.75,0.5,1.0
025_R204,25,R,4,6,OPTIMAL,130.2616,4,4,3,1,0,1.0,130.2616,0.0,0.0,90,0.75,0.5,1.0
025_R204,25,R,4,7,OPTIMAL,193.4602,4,4,4,0,0,1.0,193.4602,0.0,0.0,90,0.75,0.5,1.0
025_R204,25,R,4,8,OPTIMAL,103.0513,4,3,3,0,1,0.75,102.1501,0.0,0.9012,90,0.75,0.5,1.0
025_R204,25,R,4,9,OPTIMAL,126.8015,4,3,2,1,1,0.75,126.6594,0.0,0.1421,90,0.75,0.5,1.0
025_R204,25,R,6,0,OPTIMAL,200.8766,6,5,5,0,1,0.8333,200.3781,0.0,0.4985,90,0.75,0.5,1.0
025_R204,25,R,6,1,OPTIMAL,209.7249,6,6,5,1,0,1.0,209.7249,0.0,0.0,90,0.75,0.5,1.0
025_R204,25,R,6,2,OPTIMAL,195.1444,6,4,4,0,2,0.6667,167.744,0.0,27.4004,90,0.75,0.5,1.0
025_R204,25,R,6,3,OPTIMAL,180.1109,6,5,5,0,1,0.8333,177.1275,0.0,2.9834,90,0.75,0.5,1.0
025_R204,25,R,6,4,OPTIMAL,188.3393,6,4,4,0,2,0.6667,145.2519,0.0,43.0874,90,0.75,0.5,1.0
025_R204,25,R,6,5,OPTIMAL,246.4744,6,6,6,0,0,1.0,246.4744,0.0,0.0,90,0.75,0.5,1.0
025_R204,25,R,6,6,OPTIMAL,219.5701,6,6,6,0,0,1.0,219.5701,0.0,0.0,90,0.75,0.5,1.0
025_R204,25,R,6,7,OPTIMAL,186.0742,6,3,3,0,3,0.5,140.2078,0.0,45.8664,90,0.75,0.5,1.0
025_R204,25,R,6,8,OPTIMAL,216.8675,6,5,4,1,1,0.8333,180.0627,0.0,36.8047,90,0.75,0.5,1.0
025_R204,25,R,6,9,OPTIMAL,200.8825,6,6,5,1,0,1.0,200.8825,0.0,0.0,90,0.75,0.5,1.0
025_R205,25,R,2,0,OPTIMAL,70.1011,2,2,1,1,0,1.0,70.1011,0.0,0.0,90,0.75,0.5,1.0
025_R205,25,R,2,1,OPTIMAL,60.8091,2,1,1,0,1,0.5,40.3184,0.0,20.4908,90,0.75,0.5,1.0
025_R205,25,R,2,2,OPTIMAL,86.9748,2,1,1,0,1,0.5,51.1749,0.0,35.8,90,0.75,0.5,1.0
025_R205,25,R,2,3,OPTIMAL,27.0888,2,0,0,0,2,0.0,0.0,0.0,27.0888,90,0.75,0.5,1.0
025_R205,25,R,2,4,OPTIMAL,74.7077,2,2,1,1,0,1.0,74.7077,0.0,0.0,90,0.75,0.5,1.0
025_R205,25,R,2,5,OPTIMAL,99.5734,2,2,2,0,0,1.0,99.5734,0.0,0.0,90,0.75,0.5,1.0
025_R205,25,R,2,6,OPTIMAL,97.0853,2,2,2,0,0,1.0,97.0853,0.0,0.0,90,0.75,0.5,1.0
025_R205,25,R,2,7,OPTIMAL,73.8536,2,2,2,0,0,1.0,73.8536,0.0,0.0,90,0.75,0.5,1.0
025_R205,25,R,2,8,OPTIMAL,69.604,2,2,1,1,0,1.0,69.604,0.0,0.0,90,0.75,0.5,1.0
025_R205,25,R,2,9,OPTIMAL,70.1104,2,2,2,0,0,1.0,70.1104,0.0,0.0,90,0.75,0.5,1.0
025_R205,25,R,4,0,OPTIMAL,122.2904,4,2,0,2,2,0.5,84.7232,0.0,37.5672,90,0.75,0.5,1.0
025_R205,25,R,4,1,OPTIMAL,83.043,4,1,1,0,3,0.25,40.7678,0.0,42.2752,90,0.75,0.5,1.0
025_R205,25,R,4,2,OPTIMAL,128.7225,4,3,1,2,1,0.75,124.0552,0.0,4.6672,90,0.75,0.5,1.0
025_R205,25,R,4,3,OPTIMAL,161.6074,4,3,3,0,1,0.75,126.6703,0.0,34.9371,90,0.75,0.5,1.0
025_R205,25,R,4,4,OPTIMAL,146.6608,4,1,0,1,3,0.25,47.5129,0.0,99.1479,90,0.75,0.5,1.0
025_R205,25,R,4,5,OPTIMAL,113.1501,4,2,2,0,2,0.5,80.0977,0.0,33.0524,90,0.75,0.5,1.0
025_R205,25,R,4,6,OPTIMAL,121.952,4,3,3,0,1,0.75,113.4686,0.0,8.4833,90,0.75,0.5,1.0
025_R205,25,R,4,7,OPTIMAL,193.4602,4,4,3,1,0,1.0,193.4602,0.0,0.0,90,0.75,0.5,1.0
025_R205,25,R,4,8,OPTIMAL,115.5945,4,3,1,2,1,0.75,102.1501,0.0,13.4443,90,0.75,0.5,1.0
025_R205,25,R,4,9,OPTIMAL,108.2787,4,2,1,1,2,0.5,69.0792,0.0,39.1996,90,0.75,0.5,1.0
025_R205,25,R,6,0,OPTIMAL,184.1787,6,3,2,1,3,0.5,118.1214,0.0,66.0572,90,0.75,0.5,1.0
025_R205,25,R,6,1,OPTIMAL,209.7249,6,6,5,1,0,1.0,209.7249,0.0,0.0,90,0.75,0.5,1.0
025_R205,25,R,6,2,OPTIMAL,232.2444,6,5,3,2,1,0.8333,209.4226,0.0,22.8218,90,0.75,0.5,1.0
025_R205,25,R,6,3,OPTIMAL,229.6302,6,6,4,2,0,1.0,229.6302,0.0,0.0,90,0.75,0.5,1.0
025_R205,25,R,6,4,OPTIMAL,200.5662,6,5,3,2,1,0.8333,182.6634,0.0,17.9028,90,0.75,0.5,1.0
025_R205,25,R,6,5,OPTIMAL,222.303,6,5,5,0,1,0.8333,214.7937,0.0,7.5093,90,0.75,0.5,1.0
025_R205,25,R,6,6,OPTIMAL,173.8588,6,3,2,1,3,0.5,96.2824,0.0,77.5764,90,0.75,0.5,1.0
025_R205,25,R,6,7,OPTIMAL,217.8749,6,4,4,0,2,0.6667,184.1947,0.0,33.6801,90,0.75,0.5,1.0
025_R205,25,R,6,8,OPTIMAL,211.1211,6,4,3,1,2,0.6667,146.1566,0.0,64.9644,90,0.75,0.5,1.0
025_R205,25,R,6,9,OPTIMAL,135.5315,6,3,2,1,3,0.5,110.9844,0.0,24.5471,90,0.75,0.5,1.0
025_R206,25,R,2,0,OPTIMAL,70.1011,2,2,2,0,0,1.0,70.1011,0.0,0.0,90,0.75,0.5,1.0
025_R206,25,R,2,1,OPTIMAL,76.5179,2,2,1,1,0,1.0,76.5179,0.0,0.0,90,0.75,0.5,1.0
025_R206,25,R,2,2,OPTIMAL,86.9748,2,1,1,0,1,0.5,51.1749,0.0,35.8,90,0.75,0.5,1.0
025_R206,25,R,2,3,OPTIMAL,27.0888,2,0,0,0,2,0.0,0.0,0.0,27.0888,90,0.75,0.5,1.0
025_R206,25,R,2,4,OPTIMAL,74.7077,2,2,2,0,0,1.0,74.7077,0.0,0.0,90,0.75,0.5,1.0
025_R206,25,R,2,5,OPTIMAL,99.5734,2,2,2,0,0,1.0,99.5734,0.0,0.0,90,0.75,0.5,1.0
025_R206,25,R,2,6,OPTIMAL,97.0853,2,2,2,0,0,1.0,97.0853,0.0,0.0,90,0.75,0.5,1.0
025_R206,25,R,2,7,OPTIMAL,73.8536,2,2,2,0,0,1.0,73.8536,0.0,0.0,90,0.75,0.5,1.0
025_R206,25,R,2,8,OPTIMAL,69.604,2,2,1,1,0,1.0,69.604,0.0,0.0,90,0.75,0.5,1.0
025_R206,25,R,2,9,OPTIMAL,70.1104,2,2,2,0,0,1.0,70.1104,0.0,0.0,90,0.75,0.5,1.0
025_R206,25,R,4,0,OPTIMAL,136.1446,4,3,1,2,1,0.75,114.1337,0.0,22.0109,90,0.75,0.5,1.0
025_R206,25,R,4,1,OPTIMAL,93.819,4,2,1,1,2,0.5,85.6669,0.0,8.1521,90,0.75,0.5,1.0
025_R206,25,R,4,2,OPTIMAL,175.1144,4,4,3,1,0,1.0,175.1144,0.0,0.0,90,0.75,0.5,1.0
025_R206,25,R,4,3,OPTIMAL,166.3777,4,4,4,0,0,1.0,166.3777,0.0,0.0,90,0.75,0.5,1.0
025_R206,25,R,4,4,OPTIMAL,172.2844,4,3,2,1,1,0.75,136.9114,0.0,35.373,90,0.75,0.5,1.0
025_R206,25,R,4,5,OPTIMAL,127.9614,4,2,2,0,2,0.5,80.0977,0.0,47.8637,90,0.75,0.5,1.0
025_R206,25,R,4,6,OPTIMAL,121.952,4,3,3,0,1,0.75,113.4686,0.0,8.4833,90,0.75,0.5,1.0
025_R206,25,R,4,7,OPTIMAL,193.4602,4,4,4,0,0,1.0,193.4602,0.0,0.0,90,0.75,0.5,1.0
025_R206,25,R,4,8,OPTIMAL,139.8818,4,4,1,3,0,1.0,139.8818,0.0,0.0,90,0.75,0.5,1.0
025_R206,25,R,4,9,OPTIMAL,128.5038,4,3,1,2,1,0.75,103.171,0.0,25.3327,90,0.75,0.5,1.0
025_R206,25,R,6,0,OPTIMAL,188.4852,6,4,2,2,2,0.6667,156.6317,0.0,31.8536,90,0.75,0.5,1.0
025_R206,25,R,6,1,OPTIMAL,209.7249,6,6,6,0,0,1.0,209.7249,0.0,0.0,90,0.75,0.5,1.0
025_R206,25,R,6,2,OPTIMAL,232.2444,6,5,4,1,1,0.8333,209.4226,0.0,22.8218,90,0.75,0.5,1.0
025_R206,25,R,6,3,OPTIMAL,229.6302,6,6,5,1,0,1.0,229.6302,0.0,0.0,90,0.75,0.5,1.0
025_R206,25,R,6,4,OPTIMAL,200.5662,6,5,5,0,1,0.8333,182.6634,0.0,17.9028,90,0.75,0.5,1.0
025_R206,25,R,6,5,OPTIMAL,222.303,6,5,5,0,1,0.8333,214.7937,0.0,7.5093,90,0.75,0.5,1.0
025_R206,25,R,6,6,OPTIMAL,183.3803,6,4,3,1,2,0.6667,146.8892,0.0,36.4911,90,0.75,0.5,1.0
025_R206,25,R,6,7,OPTIMAL,194.4489,6,3,3,0,3,0.5,138.9216,0.0,55.5272,90,0.75,0.5,1.0
025_R206,25,R,6,8,OPTIMAL,222.474,6,5,3,2,1,0.8333,190.0915,0.0,32.3825,90,0.75,0.5,1.0
025_R206,25,R,6,9,OPTIMAL,138.1654,6,4,2,2,2,0.6667,130.6158,0.0,7.5496,90,0.75,0.5,1.0
025_R207,25,R,2,0,OPTIMAL,70.1011,2,2,2,0,0,1.0,70.1011,0.0,0.0,90,0.75,0.5,1.0
025_R207,25,R,2,1,OPTIMAL,76.5179,2,2,2,0,0,1.0,76.5179,0.0,0.0,90,0.75,0.5,1.0
025_R207,25,R,2,2,OPTIMAL,86.9748,2,1,1,0,1,0.5,51.1749,0.0,35.8,90,0.75,0.5,1.0
025_R207,25,R,2,3,OPTIMAL,59.1113,2,1,0,1,1,0.5,46.4159,0.0,12.6954,90,0.75,0.5,1.0
025_R207,25,R,2,4,OPTIMAL,74.7077,2,2,2,0,0,1.0,74.7077,0.0,0.0,90,0.75,0.5,1.0
025_R207,25,R,2,5,OPTIMAL,99.5734,2,2,2,0,0,1.0,99.5734,0.0,0.0,90,0.75,0.5,1.0
025_R207,25,R,2,6,OPTIMAL,97.0853,2,2,2,0,0,1.0,97.0853,0.0,0.0,90,0.75,0.5,1.0
025_R207,25,R,2,7,OPTIMAL,73.8536,2,2,2,0,0,1.0,73.8536,0.0,0.0,90,0.75,0.5,1.0
025_R207,25,R,2,8,OPTIMAL,69.604,2,2,1,1,0,1.0,69.604,0.0,0.0,90,0.75,0.5,1.0
025_R207,25,R,2,9,OPTIMAL,70.1104,2,2,2,0,0,1.0,70.1104,0.0,0.0,90,0.75,0.5,1.0
025_R207,25,R,4,0,OPTIMAL,136.1446,4,3,1,2,1,0.75,114.1337,0.0,22.0109,90,0.75,0.5,1.0
025_R207,25,R,4,1,OPTIMAL,159.8584,4,4,2,2,0,1.0,159.8584,0.0,0.0,90,0.75,0.5,1.0
025_R207,25,R,4,2,OPTIMAL,128.7225,4,3,3,0,1,0.75,124.0552,0.0,4.6672,90,0.75,0.5,1.0
025_R207,25,R,4,3,OPTIMAL,166.3777,4,4,4,0,0,1.0,166.3777,0.0,0.0,90,0.75,0.5,1.0
025_R207,25,R,4,4,OPTIMAL,172.2844,4,3,3,0,1,0.75,136.9114,0.0,35.373,90,0.75,0.5,1.0
025_R207,25,R,4,5,OPTIMAL,170.4136,4,4,3,1,0,1.0,170.4136,0.0,0.0,90,0.75,0.5,1.0
025_R207,25,R,4,6,OPTIMAL,121.952,4,3,3,0,1,0.75,113.4686,0.0,8.4833,90,0.75,0.5,1.0
025_R207,25,R,4,7,OPTIMAL,193.4602,4,4,4,0,0,1.0,193.4602,0.0,0.0,90,0.75,0.5,1.0
025_R207,25,R,4,8,OPTIMAL,139.8818,4,4,1,3,0,1.0,139.8818,0.0,0.0,90,0.75,0.5,1.0
025_R207,25,R,4,9,OPTIMAL,107.2806,4,2,1,1,2,0.5,81.8058,0.0,25.4748,90,0.75,0.5,1.0
025_R207,25,R,6,0,OPTIMAL,188.4852,6,4,3,1,2,0.6667,156.6317,0.0,31.8536,90,0.75,0.5,1.0
025_R207,25,R,6,1,OPTIMAL,209.7249,6,6,6,0,0,1.0,209.7249,0.0,0.0,90,0.75,0.5,1.0
025_R207,25,R,6,2,OPTIMAL,232.2444,6,5,4,1,1,0.8333,209.4226,0.0,22.8218,90,0.75,0.5,1.0
025_R207,25,R,6,3,OPTIMAL,229.6302,6,6,5,1,0,1.0,229.6302,0.0,0.0,90,0.75,0.5,1.0
025_R207,25,R,6,4,OPTIMAL,200.5662,6,5,5,0,1,0.8333,182.6634,0.0,17.9028,90,0.75,0.5,1.0
025_R207,25,R,6,5,OPTIMAL,222.303,6,5,5,0,1,0.8333,214.7937,0.0,7.5093,90,0.75,0.5,1.0
025_R207,25,R,6,6,OPTIMAL,173.8588,6,3,3,0,3,0.5,96.2824,0.0,77.5764,90,0.75,0.5,1.0
025_R207,25,R,6,7,OPTIMAL,169.0828,6,3,3,0,3,0.5,138.9216,0.0,30.1612,90,0.75,0.5,1.0
025_R207,25,R,6,8,OPTIMAL,223.9976,6,6,3,3,0,1.0,223.9976,0.0,0.0,90,0.75,0.5,1.0
025_R207,25,R,6,9,OPTIMAL,158.0955,6,4,3,1,2,0.6667,130.6158,0.0,27.4798,90,0.75,0.5,1.0
025_R208,25,R,2,0,OPTIMAL,70.1011,2,2,2,0,0,1.0,70.1011,0.0,0.0,90,0.75,0.5,1.0
025_R208,25,R,2,1,OPTIMAL,76.5179,2,2,2,0,0,1.0,76.5179,0.0,0.0,90,0.75,0.5,1.0
025_R208,25,R,2,2,OPTIMAL,95.9675,2,2,2,0,0,1.0,95.9675,0.0,0.0,90,0.75,0.5,1.0
025_R208,25,R,2,3,OPTIMAL,68.9208,2,1,0,1,1,0.5,40.134,0.0,28.7869,90,0.75,0.5,1.0
025_R208,25,R,2,4,OPTIMAL,74.7077,2,2,2,0,0,1.0,74.7077,0.0,0.0,90,0.75,0.5,1.0
025_R208,25,R,2,5,OPTIMAL,99.5734,2,2,2,0,0,1.0,99.5734,0.0,0.0,90,0.75,0.5,1.0
025_R208,25,R,2,6,OPTIMAL,97.0853,2,2,2,0,0,1.0,97.0853,0.0,0.0,90,0.75,0.5,1.0
025_R208,25,R,2,7,OPTIMAL,73.8536,2,2,2,0,0,1.0,73.8536,0.0,0.0,90,0.75,0.5,1.0
025_R208,25,R,2,8,OPTIMAL,69.604,2,2,2,0,0,1.0,69.604,0.0,0.0,90,0.75,0.5,1.0
025_R208,25,R,2,9,OPTIMAL,70.1104,2,2,2,0,0,1.0,70.1104,0.0,0.0,90,0.75,0.5,1.0
025_R208,25,R,4,0,OPTIMAL,161.3089,4,4,4,0,0,1.0,161.3089,0.0,0.0,90,0.75,0.5,1.0
025_R208,25,R,4,1,OPTIMAL,149.2162,4,3,3,0,1,0.75,133.2179,0.0,15.9983,90,0.75,0.5,1.0
025_R208,25,R,4,2,OPTIMAL,175.1144,4,4,3,1,0,1.0,175.1144,0.0,0.0,90,0.75,0.5,1.0
025_R208,25,R,4,3,OPTIMAL,166.3777,4,4,4,0,0,1.0,166.3777,0.0,0.0,90,0.75,0.5,1.0
025_R208,25,R,4,4,OPTIMAL,172.2844,4,3,3,0,1,0.75,136.9114,0.0,35.373,90,0.75,0.5,1.0
025_R208,25,R,4,5,OPTIMAL,170.4136,4,4,3,1,0,1.0,170.4136,0.0,0.0,90,0.75,0.5,1.0
025_R208,25,R,4,6,OPTIMAL,130.2616,4,4,3,1,0,1.0,130.2616,0.0,0.0,90,0.75,0.5,1.0
025_R208,25,R,4,7,OPTIMAL,193.4602,4,4,4,0,0,1.0,193.4602,0.0,0.0,90,0.75,0.5,1.0
025_R208,25,R,4,8,OPTIMAL,139.8818,4,4,2,2,0,1.0,139.8818,0.0,0.0,90,0.75,0.5,1.0
025_R208,25,R,4,9,OPTIMAL,107.2806,4,2,1,1,2,0.5,81.8058,0.0,25.4748,90,0.75,0.5,1.0
025_R208,25,R,6,0,OPTIMAL,214.9849,6,5,5,0,1,0.8333,208.0547,0.0,6.9301,90,0.75,0.5,1.0
025_R208,25,R,6,1,OPTIMAL,209.7249,6,6,6,0,0,1.0,209.7249,0.0,0.0,90,0.75,0.5,1.0
025_R208,25,R,6,2,OPTIMAL,232.2444,6,5,4,1,1,0.8333,209.4226,0.0,22.8218,90,0.75,0.5,1.0
025_R208,25,R,6,3,OPTIMAL,229.6302,6,6,6,0,0,1.0,229.6302,0.0,0.0,90,0.75,0.5,1.0
025_R208,25,R,6,4,OPTIMAL,200.5662,6,5,5,0,1,0.8333,182.6634,0.0,17.9028,90,0.75,0.5,1.0
025_R208,25,R,6,5,OPTIMAL,222.303,6,5,5,0,1,0.8333,214.7937,0.0,7.5093,90,0.75,0.5,1.0
025_R208,25,R,6,6,OPTIMAL,212.9769,6,5,4,1,1,0.8333,201.2409,0.0,11.736,90,0.75,0.5,1.0
025_R208,25,R,6,7,OPTIMAL,191.4808,6,4,4,0,2,0.6667,189.6651,0.0,1.8157,90,0.75,0.5,1.0
025_R208,25,R,6,8,OPTIMAL,223.9976,6,6,6,0,0,1.0,223.9976,0.0,0.0,90,0.75,0.5,1.0
025_R208,25,R,6,9,OPTIMAL,190.6258,6,5,5,0,1,0.8333,178.3873,0.0,12.2385,90,0.75,0.5,1.0
025_R209,25,R,2,0,OPTIMAL,70.1011,2,2,2,0,0,1.0,70.1011,0.0,0.0,90,0.75,0.5,1.0
025_R209,25,R,2,1,OPTIMAL,46.1603,2,1,1,0,1,0.5,40.3184,0.0,5.8419,90,0.75,0.5,1.0
025_R209,25,R,2,2,OPTIMAL,95.9675,2,2,2,0,0,1.0,95.9675,0.0,0.0,90,0.75,0.5,1.0
025_R209,25,R,2,3,OPTIMAL,86.5499,2,2,2,0,0,1.0,86.5499,0.0,0.0,90,0.75,0.5,1.0
025_R209,25,R,2,4,OPTIMAL,74.7077,2,2,1,1,0,1.0,74.7077,0.0,0.0,90,0.75,0.5,1.0
025_R209,25,R,2,5,OPTIMAL,99.5734,2,2,1,1,0,1.0,99.5734,0.0,0.0,90,0.75,0.5,1.0
025_R209,25,R,2,6,OPTIMAL,97.0853,2,2,2,0,0,1.0,97.0853,0.0,0.0,90,0.75,0.5,1.0
025_R209,25,R,2,7,OPTIMAL,41.0298,2,0,0,0,2,0.0,0.0,0.0,41.0298,90,0.75,0.5,1.0
025_R209,25,R,2,8,OPTIMAL,69.604,2,2,1,1,0,1.0,69.604,0.0,0.0,90,0.75,0.5,1.0
025_R209,25,R,2,9,OPTIMAL,70.1104,2,2,2,0,0,1.0,70.1104,0.0,0.0,90,0.75,0.5,1.0
025_R209,25,R,4,0,OPTIMAL,161.3089,4,4,3,1,0,1.0,161.3089,0.0,0.0,90,0.75,0.5,1.0
025_R209,25,R,4,1,OPTIMAL,96.9997,4,2,2,0,2,0.5,67.4084,0.0,29.5914,90,0.75,0.5,1.0
025_R209,25,R,4,2,OPTIMAL,148.9544,4,3,3,0,1,0.75,132.2222,0.0,16.7323,90,0.75,0.5,1.0
025_R209,25,R,4,3,OPTIMAL,166.3777,4,4,4,0,0,1.0,166.3777,0.0,0.0,90,0.75,0.5,1.0
025_R209,25,R,4,4,OPTIMAL,151.8723,4,3,1,2,1,0.75,148.3565,0.0,3.5158,90,0.75,0.5,1.0
025_R209,25,R,4,5,OPTIMAL,151.7779,4,3,2,1,1,0.75,123.45,0.0,28.3279,90,0.75,0.5,1.0
025_R209,25,R,4,6,OPTIMAL,130.2616,4,4,2,2,0,1.0,130.2616,0.0,0.0,90,0.75,0.5,1.0
025_R209,25,R,4,7,OPTIMAL,146.5315,4,2,1,1,2,0.5,109.108,0.0,37.4235,90,0.75,0.5,1.0
025_R209,25,R,4,8,OPTIMAL,139.8818,4,4,1,3,0,1.0,139.8818,0.0,0.0,90,0.75,0.5,1.0
025_R209,25,R,4,9,OPTIMAL,131.5524,4,3,2,1,1,0.75,126.6594,0.0,4.893,90,0.75,0.5,1.0
025_R209,25,R,6,0,OPTIMAL,175.9281,6,3,2,1,3,0.5,104.8539,0.0,71.0742,90,0.75,0.5,1.0
025_R209,25,R,6,1,OPTIMAL,209.7249,6,6,5,1,0,1.0,209.7249,0.0,0.0,90,0.75,0.5,1.0
025_R209,25,R,6,2,OPTIMAL,223.9861,6,5,3,2,1,0.8333,216.0564,0.0,7.9297,90,0.75,0.5,1.0
025_R209,25,R,6,3,OPTIMAL,208.2293,6,5,3,2,1,0.8333,207.9929,0.0,0.2363,90,0.75,0.5,1.0
025_R209,25,R,6,4,OPTIMAL,220.8053,6,6,4,2,0,1.0,220.8053,0.0,0.0,90,0.75,0.5,1.0
025_R209,25,R,6,5,OPTIMAL,200.6568,6,5,4,1,1,0.8333,196.2561,0.0,4.4007,90,0.75,0.5,1.0
025_R209,25,R,6,6,OPTIMAL,179.2979,6,4,3,1,2,0.6667,146.8892,0.0,32.4087,90,0.75,0.5,1.0
025_R209,25,R,6,7,OPTIMAL,217.8749,6,4,4,0,2,0.6667,184.1947,0.0,33.6801,90,0.75,0.5,1.0
025_R209,25,R,6,8,OPTIMAL,223.9976,6,6,5,1,0,1.0,223.9976,0.0,0.0,90,0.75,0.5,1.0
025_R209,25,R,6,9,OPTIMAL,160.889,6,4,4,0,2,0.6667,133.4797,0.0,27.4093,90,0.75,0.5,1.0
025_R210,25,R,2,0,OPTIMAL,70.1011,2,2,1,1,0,1.0,70.1011,0.0,0.0,90,0.75,0.5,1.0
025_R210,25,R,2,1,OPTIMAL,76.5179,2,2,2,0,0,1.0,76.5179,0.0,0.0,90,0.75,0.5,1.0
025_R210,25,R,2,2,OPTIMAL,95.9675,2,2,1,1,0,1.0,95.9675,0.0,0.0,90,0.75,0.5,1.0
025_R210,25,R,2,3,OPTIMAL,80.7496,2,1,1,0,1,0.5,46.4159,0.0,34.3337,90,0.75,0.5,1.0
025_R210,25,R,2,4,OPTIMAL,74.7077,2,2,1,1,0,1.0,74.7077,0.0,0.0,90,0.75,0.5,1.0
025_R210,25,R,2,5,OPTIMAL,99.5734,2,2,2,0,0,1.0,99.5734,0.0,0.0,90,0.75,0.5,1.0
025_R210,25,R,2,6,OPTIMAL,97.0853,2,2,2,0,0,1.0,97.0853,0.0,0.0,90,0.75,0.5,1.0
025_R210,25,R,2,7,OPTIMAL,50.4304,2,1,1,0,1,0.5,32.2768,0.0,18.1536,90,0.75,0.5,1.0
025_R210,25,R,2,8,OPTIMAL,69.604,2,2,2,0,0,1.0,69.604,0.0,0.0,90,0.75,0.5,1.0
025_R210,25,R,2,9,OPTIMAL,70.1104,2,2,1,1,0,1.0,70.1104,0.0,0.0,90,0.75,0.5,1.0
025_R210,25,R,4,0,OPTIMAL,161.3089,4,4,3,1,0,1.0,161.3089,0.0,0.0,90,0.75,0.5,1.0
025_R210,25,R,4,1,OPTIMAL,117.2401,4,3,3,0,1,0.75,112.3074,0.0,4.9327,90,0.75,0.5,1.0
025_R210,25,R,4,2,OPTIMAL,175.1144,4,4,4,0,0,1.0,175.1144,0.0,0.0,90,0.75,0.5,1.0
025_R210,25,R,4,3,OPTIMAL,166.3777,4,4,3,1,0,1.0,166.3777,0.0,0.0,90,0.75,0.5,1.0
025_R210,25,R,4,4,OPTIMAL,189.6105,4,4,2,2,0,1.0,189.6105,0.0,0.0,90,0.75,0.5,1.0
025_R210,25,R,4,5,OPTIMAL,124.4432,4,3,2,1,1,0.75,118.6915,0.0,5.7517,90,0.75,0.5,1.0
025_R210,25,R,4,6,OPTIMAL,90.0195,4,2,2,0,2,0.5,62.8323,0.0,27.1871,90,0.75,0.5,1.0
025_R210,25,R,4,7,OPTIMAL,193.4602,4,4,3,1,0,1.0,193.4602,0.0,0.0,90,0.75,0.5,1.0
025_R210,25,R,4,8,OPTIMAL,78.7476,4,2,2,0,2,0.5,51.035,0.0,27.7126,90,0.75,0.5,1.0
025_R210,25,R,4,9,OPTIMAL,137.7862,4,3,3,0,1,0.75,126.6594,0.0,11.1268,90,0.75,0.5,1.0
025_R210,25,R,6,0,OPTIMAL,200.8766,6,5,3,2,1,0.8333,200.3781,0.0,0.4985,90,0.75,0.5,1.0
025_R210,25,R,6,1,OPTIMAL,209.7249,6,6,5,1,0,1.0,209.7249,0.0,0.0,90,0.75,0.5,1.0
025_R210,25,R,6,2,OPTIMAL,213.4423,6,5,2,3,1,0.8333,209.4226,0.0,4.0196,90,0.75,0.5,1.0
025_R210,25,R,6,3,OPTIMAL,180.1109,6,5,4,1,1,0.8333,177.1275,0.0,2.9834,90,0.75,0.5,1.0
025_R210,25,R,6,4,OPTIMAL,192.7063,6,5,3,2,1,0.8333,175.0407,0.0,17.6656,90,0.75,0.5,1.0
025_R210,25,R,6,5,OPTIMAL,246.4744,6,6,4,2,0,1.0,246.4744,0.0,0.0,90,0.75,0.5,1.0
025_R210,25,R,6,6,OPTIMAL,211.1349,6,5,4,1,1,0.8333,197.8748,0.0,13.26,90,0.75,0.5,1.0
025_R210,25,R,6,7,OPTIMAL,228.5455,6,4,3,1,2,0.6667,189.6651,0.0,38.8804,90,0.75,0.5,1.0
025_R210,25,R,6,8,OPTIMAL,211.7883,6,5,3,2,1,0.8333,192.5285,0.0,19.2598,90,0.75,0.5,1.0
025_R210,25,R,6,9,OPTIMAL,200.8825,6,6,4,2,0,1.0,200.8825,0.0,0.0,90,0.75,0.5,1.0
025_R211,25,R,2,0,OPTIMAL,38.0577,2,1,1,0,1,0.5,29.8264,0.0,8.2312,90,0.75,0.5,1.0
025_R211,25,R,2,1,OPTIMAL,76.5179,2,2,2,0,0,1.0,76.5179,0.0,0.0,90,0.75,0.5,1.0
025_R211,25,R,2,2,OPTIMAL,95.9675,2,2,2,0,0,1.0,95.9675,0.0,0.0,90,0.75,0.5,1.0
025_R211,25,R,2,3,OPTIMAL,86.5499,2,2,1,1,0,1.0,86.5499,0.0,0.0,90,0.75,0.5,1.0
025_R211,25,R,2,4,OPTIMAL,74.7077,2,2,1,1,0,1.0,74.7077,0.0,0.0,90,0.75,0.5,1.0
025_R211,25,R,2,5,OPTIMAL,99.5734,2,2,2,0,0,1.0,99.5734,0.0,0.0,90,0.75,0.5,1.0
025_R211,25,R,2,6,OPTIMAL,83.0918,2,1,1,0,1,0.5,49.0659,0.0,34.0259,90,0.75,0.5,1.0
025_R211,25,R,2,7,OPTIMAL,73.8536,2,2,2,0,0,1.0,73.8536,0.0,0.0,90,0.75,0.5,1.0
025_R211,25,R,2,8,OPTIMAL,25.8028,2,1,0,1,1,0.5,20.7481,0.0,5.0547,90,0.75,0.5,1.0
025_R211,25,R,2,9,OPTIMAL,70.1104,2,2,1,1,0,1.0,70.1104,0.0,0.0,90,0.75,0.5,1.0
025_R211,25,R,4,0,OPTIMAL,155.8325,4,3,2,1,1,0.75,119.1637,0.0,36.6688,90,0.75,0.5,1.0
025_R211,25,R,4,1,OPTIMAL,159.8584,4,4,4,0,0,1.0,159.8584,0.0,0.0,90,0.75,0.5,1.0
025_R211,25,R,4,2,OPTIMAL,148.9544,4,3,3,0,1,0.75,132.2222,0.0,16.7323,90,0.75,0.5,1.0
025_R211,25,R,4,3,OPTIMAL,166.3777,4,4,4,0,0,1.0,166.3777,0.0,0.0,90,0.75,0.5,1.0
025_R211,25,R,4,4,OPTIMAL,151.8723,4,3,2,1,1,0.75,148.3565,0.0,3.5158,90,0.75,0.5,1.0
025_R211,25,R,4,5,OPTIMAL,170.4136,4,4,3,1,0,1.0,170.4136,0.0,0.0,90,0.75,0.5,1.0
025_R211,25,R,4,6,OPTIMAL,114.1489,4,3,1,2,1,0.75,113.4686,0.0,0.6803,90,0.75,0.5,1.0
025_R211,25,R,4,7,OPTIMAL,165.787,4,3,3,0,1,0.75,159.0627,0.0,6.7243,90,0.75,0.5,1.0
025_R211,25,R,4,8,OPTIMAL,139.8818,4,4,3,1,0,1.0,139.8818,0.0,0.0,90,0.75,0.5,1.0
025_R211,25,R,4,9,OPTIMAL,131.5524,4,3,3,0,1,0.75,126.6594,0.0,4.893,90,0.75,0.5,1.0
025_R211,25,R,6,0,OPTIMAL,202.0475,6,5,5,0,1,0.8333,200.3781,0.0,1.6694,90,0.75,0.5,1.0
025_R211,25,R,6,1,OPTIMAL,187.3612,6,5,5,0,1,0.8333,185.9686,0.0,1.3927,90,0.75,0.5,1.0
025_R211,25,R,6,2,OPTIMAL,257.735,6,6,4,2,0,1.0,257.735,0.0,0.0,90,0.75,0.5,1.0
025_R211,25,R,6,3,OPTIMAL,229.6302,6,6,3,3,0,1.0,229.6302,0.0,0.0,90,0.75,0.5,1.0
025_R211,25,R,6,4,OPTIMAL,195.322,6,4,4,0,2,0.6667,149.0432,0.0,46.2789,90,0.75,0.5,1.0
025_R211,25,R,6,5,OPTIMAL,200.6568,6,5,5,0,1,0.8333,196.2561,0.0,4.4007,90,0.75,0.5,1.0
025_R211,25,R,6,6,OPTIMAL,176.3867,6,4,4,0,2,0.6667,152.3129,0.0,24.0737,90,0.75,0.5,1.0
025_R211,25,R,6,7,OPTIMAL,228.5455,6,4,4,0,2,0.6667,189.6651,0.0,38.8804,90,0.75,0.5,1.0
025_R211,25,R,6,8,OPTIMAL,207.2286,6,5,5,0,1,0.8333,174.3393,0.0,32.8893,90,0.75,0.5,1.0
025_R211,25,R,6,9,OPTIMAL,200.8825,6,6,5,1,0,1.0,200.8825,0.0,0.0,90,0.75,0.5,1.0
025_RC101,25,RC,2,0,OPTIMAL,0.7276,2,0,0,0,2,0.0,0.0,0.0,0.7276,90,0.75,0.5,1.0
025_RC101,25,RC,2,1,OPTIMAL,4.5002,2,0,0,0,2,0.0,0.0,0.0,4.5002,90,0.75,0.5,1.0
025_RC101,25,RC,2,2,OPTIMAL,0.6825,2,0,0,0,2,0.0,0.0,0.0,0.6825,90,0.75,0.5,1.0
025_RC101,25,RC,2,3,OPTIMAL,7.311,2,0,0,0,2,0.0,0.0,0.0,7.311,90,0.75,0.5,1.0
025_RC101,25,RC,2,4,OPTIMAL,69.3401,2,1,1,0,1,0.5,50.7917,0.0,18.5484,90,0.75,0.5,1.0
025_RC101,25,RC,2,5,OPTIMAL,2.1197,2,0,0,0,2,0.0,0.0,0.0,2.1197,90,0.75,0.5,1.0
025_RC101,25,RC,2,6,OPTIMAL,29.592,2,0,0,0,2,0.0,0.0,0.0,29.592,90,0.75,0.5,1.0
025_RC101,25,RC,2,7,OPTIMAL,2.7084,2,0,0,0,2,0.0,0.0,0.0,2.7084,90,0.75,0.5,1.0
025_RC101,25,RC,2,8,OPTIMAL,0.1138,2,0,0,0,2,0.0,0.0,0.0,0.1138,90,0.75,0.5,1.0
025_RC101,25,RC,2,9,OPTIMAL,37.4744,2,0,0,0,2,0.0,0.0,0.0,37.4744,90,0.75,0.5,1.0
025_RC101,25,RC,4,0,OPTIMAL,31.0497,4,0,0,0,4,0.0,0.0,0.0,31.0497,90,0.75,0.5,1.0
025_RC101,25,RC,4,1,OPTIMAL,39.26,4,0,0,0,4,0.0,0.0,0.0,39.26,90,0.75,0.5,1.0
025_RC101,25,RC,4,2,OPTIMAL,4.3744,4,0,0,0,4,0.0,0.0,0.0,4.3744,90,0.75,0.5,1.0
025_RC101,25,RC,4,3,OPTIMAL,16.7663,4,0,0,0,4,0.0,0.0,0.0,16.7663,90,0.75,0.5,1.0
025_RC101,25,RC,4,4,OPTIMAL,59.2201,4,0,0,0,4,0.0,0.0,0.0,59.2201,90,0.75,0.5,1.0
025_RC101,25,RC,4,5,OPTIMAL,74.4095,4,1,1,0,3,0.25,53.3988,0.0,21.0107,90,0.75,0.5,1.0
025_RC101,25,RC,4,6,OPTIMAL,6.0869,4,0,0,0,4,0.0,0.0,0.0,6.0869,90,0.75,0.5,1.0
025_RC101,25,RC,4,7,OPTIMAL,80.6289,4,1,0,1,3,0.25,72.0243,0.0,8.6047,90,0.75,0.5,1.0
025_RC101,25,RC,4,8,OPTIMAL,28.692,4,0,0,0,4,0.0,0.0,0.0,28.692,90,0.75,0.5,1.0
025_RC101,25,RC,4,9,OPTIMAL,106.9856,4,1,1,0,3,0.25,70.9695,0.0,36.016,90,0.75,0.5,1.0
025_RC101,25,RC,6,0,OPTIMAL,39.129,6,0,0,0,6,0.0,0.0,0.0,39.129,90,0.75,0.5,1.0
025_RC101,25,RC,6,1,OPTIMAL,14.8047,6,0,0,0,6,0.0,0.0,0.0,14.8047,90,0.75,0.5,1.0
025_RC101,25,RC,6,2,OPTIMAL,25.0861,6,0,0,0,6,0.0,0.0,0.0,25.0861,90,0.75,0.5,1.0
025_RC101,25,RC,6,3,OPTIMAL,24.4354,6,0,0,0,6,0.0,0.0,0.0,24.4354,90,0.75,0.5,1.0
025_RC101,25,RC,6,4,OPTIMAL,65.2117,6,0,0,0,6,0.0,0.0,0.0,65.2117,90,0.75,0.5,1.0
025_RC101,25,RC,6,5,OPTIMAL,75.8445,6,1,0,1,5,0.1667,53.5869,0.0,22.2576,90,0.75,0.5,1.0
025_RC101,25,RC,6,6,OPTIMAL,66.8539,6,0,0,0,6,0.0,0.0,0.0,66.8539,90,0.75,0.5,1.0
025_RC101,25,RC,6,7,OPTIMAL,128.4697,6,2,1,1,4,0.3333,105.0534,0.0,23.4163,90,0.75,0.5,1.0
025_RC101,25,RC,6,8,OPTIMAL,77.0565,6,0,0,0,6,0.0,0.0,0.0,77.0565,90,0.75,0.5,1.0
025_RC101,25,RC,6,9,OPTIMAL,102.3997,6,1,1,0,5,0.1667,64.8268,0.0,37.573,90,0.75,0.5,1.0
025_RC102,25,RC,2,0,OPTIMAL,0.682,2,0,0,0,2,0.0,0.0,0.0,0.682,90,0.75,0.5,1.0
025_RC102,25,RC,2,1,OPTIMAL,2.4568,2,0,0,0,2,0.0,0.0,0.0,2.4568,90,0.75,0.5,1.0
025_RC102,25,RC,2,2,OPTIMAL,0.6825,2,0,0,0,2,0.0,0.0,0.0,0.6825,90,0.75,0.5,1.0
025_RC102,25,RC,2,3,OPTIMAL,7.311,2,0,0,0,2,0.0,0.0,0.0,7.311,90,0.75,0.5,1.0
025_RC102,25,RC,2,4,OPTIMAL,18.5485,2,0,0,0,2,0.0,0.0,0.0,18.5485,90,0.75,0.5,1.0
025_RC102,25,RC,2,5,OPTIMAL,1.892,2,0,0,0,2,0.0,0.0,0.0,1.892,90,0.75,0.5,1.0
025_RC102,25,RC,2,6,OPTIMAL,31.4592,2,0,0,0,2,0.0,0.0,0.0,31.4592,90,0.75,0.5,1.0
025_RC102,25,RC,2,7,OPTIMAL,3.4044,2,0,0,0,2,0.0,0.0,0.0,3.4044,90,0.75,0.5,1.0
025_RC102,25,RC,2,8,OPTIMAL,0.3542,2,0,0,0,2,0.0,0.0,0.0,0.3542,90,0.75,0.5,1.0
025_RC102,25,RC,2,9,OPTIMAL,38.9986,2,0,0,0,2,0.0,0.0,0.0,38.9986,90,0.75,0.5,1.0
025_RC102,25,RC,4,0,OPTIMAL,12.4802,4,0,0,0,4,0.0,0.0,0.0,12.4802,90,0.75,0.5,1.0
025_RC102,25,RC,4,1,OPTIMAL,19.0565,4,0,0,0,4,0.0,0.0,0.0,19.0565,90,0.75,0.5,1.0
025_RC102,25,RC,4,2,OPTIMAL,11.1377,4,0,0,0,4,0.0,0.0,0.0,11.1377,90,0.75,0.5,1.0
025_RC102,25,RC,4,3,OPTIMAL,61.5667,4,1,1,0,3,0.25,61.0955,0.0,0.4712,90,0.75,0.5,1.0
025_RC102,25,RC,4,4,OPTIMAL,50.049,4,0,0,0,4,0.0,0.0,0.0,50.049,90,0.75,0.5,1.0
025_RC102,25,RC,4,5,OPTIMAL,17.9882,4,0,0,0,4,0.0,0.0,0.0,17.9882,90,0.75,0.5,1.0
025_RC102,25,RC,4,6,OPTIMAL,1.7431,4,0,0,0,4,0.0,0.0,0.0,1.7431,90,0.75,0.5,1.0
025_RC102,25,RC,4,7,OPTIMAL,69.3706,4,0,0,0,4,0.0,0.0,0.0,69.3706,90,0.75,0.5,1.0
025_RC102,25,RC,4,8,OPTIMAL,10.9786,4,0,0,0,4,0.0,0.0,0.0,10.9786,90,0.75,0.5,1.0
025_RC102,25,RC,4,9,OPTIMAL,105.656,4,1,1,0,3,0.25,70.9695,0.0,34.6864,90,0.75,0.5,1.0
025_RC102,25,RC,6,0,OPTIMAL,56.9816,6,0,0,0,6,0.0,0.0,0.0,56.9816,90,0.75,0.5,1.0
025_RC102,25,RC,6,1,OPTIMAL,46.4524,6,0,0,0,6,0.0,0.0,0.0,46.4524,90,0.75,0.5,1.0
025_RC102,25,RC,6,2,OPTIMAL,21.3921,6,0,0,0,6,0.0,0.0,0.0,21.3921,90,0.75,0.5,1.0
025_RC102,25,RC,6,3,OPTIMAL,89.9923,6,1,1,0,5,0.1667,63.2359,0.0,26.7565,90,0.75,0.5,1.0
025_RC102,25,RC,6,4,OPTIMAL,100.5709,6,1,0,1,5,0.1667,51.3697,0.0,49.2012,90,0.75,0.5,1.0
025_RC102,25,RC,6,5,OPTIMAL,17.8741,6,0,0,0,6,0.0,0.0,0.0,17.8741,90,0.75,0.5,1.0
025_RC102,25,RC,6,6,OPTIMAL,31.4205,6,0,0,0,6,0.0,0.0,0.0,31.4205,90,0.75,0.5,1.0
025_RC102,25,RC,6,7,OPTIMAL,79.2757,6,1,0,1,5,0.1667,55.5057,0.0,23.77,90,0.75,0.5,1.0
025_RC102,25,RC,6,8,OPTIMAL,74.0864,6,0,0,0,6,0.0,0.0,0.0,74.0864,90,0.75,0.5,1.0
025_RC102,25,RC,6,9,OPTIMAL,34.6807,6,0,0,0,6,0.0,0.0,0.0,34.6807,90,0.75,0.5,1.0
025_RC103,25,RC,2,0,OPTIMAL,0.7276,2,0,0,0,2,0.0,0.0,0.0,0.7276,90,0.75,0.5,1.0
025_RC103,25,RC,2,1,OPTIMAL,16.0992,2,0,0,0,2,0.0,0.0,0.0,16.0992,90,0.75,0.5,1.0
025_RC103,25,RC,2,2,OPTIMAL,0.6836,2,0,0,0,2,0.0,0.0,0.0,0.6836,90,0.75,0.5,1.0
025_RC103,25,RC,2,3,OPTIMAL,12.0526,2,0,0,0,2,0.0,0.0,0.0,12.0526,90,0.75,0.5,1.0
025_RC103,25,RC,2,4,OPTIMAL,67.2469,2,1,1,0,1,0.5,66.0402,0.0,1.2067,90,0.75,0.5,1.0
025_RC103,25,RC,2,5,OPTIMAL,1.892,2,0,0,0,2,0.0,0.0,0.0,1.892,90,0.75,0.5,1.0
025_RC103,25,RC,2,6,OPTIMAL,25.6469,2,0,0,0,2,0.0,0.0,0.0,25.6469,90,0.75,0.5,1.0
025_RC103,25,RC,2,7,OPTIMAL,3.7257,2,0,0,0,2,0.0,0.0,0.0,3.7257,90,0.75,0.5,1.0
025_RC103,25,RC,2,8,OPTIMAL,1.5886,2,0,0,0,2,0.0,0.0,0.0,1.5886,90,0.75,0.5,1.0
025_RC103,25,RC,2,9,OPTIMAL,66.4547,2,1,1,0,1,0.5,66.4435,0.0,0.0112,90,0.75,0.5,1.0
025_RC103,25,RC,4,0,OPTIMAL,21.821,4,0,0,0,4,0.0,0.0,0.0,21.821,90,0.75,0.5,1.0
025_RC103,25,RC,4,1,OPTIMAL,27.4191,4,0,0,0,4,0.0,0.0,0.0,27.4191,90,0.75,0.5,1.0
025_RC103,25,RC,4,2,OPTIMAL,9.9651,4,0,0,0,4,0.0,0.0,0.0,9.9651,90,0.75,0.5,1.0
025_RC103,25,RC,4,3,OPTIMAL,69.7119,4,1,1,0,3,0.25,61.0955,0.0,8.6165,90,0.75,0.5,1.0
025_RC103,25,RC,4,4,OPTIMAL,51.3019,4,0,0,0,4,0.0,0.0,0.0,51.3019,90,0.75,0.5,1.0
025_RC103,25,RC,4,5,OPTIMAL,25.086,4,0,0,0,4,0.0,0.0,0.0,25.086,90,0.75,0.5,1.0
025_RC103,25,RC,4,6,OPTIMAL,2.1508,4,0,0,0,4,0.0,0.0,0.0,2.1508,90,0.75,0.5,1.0
025_RC103,25,RC,4,7,OPTIMAL,110.2535,4,1,1,0,3,0.25,72.0243,0.0,38.2293,90,0.75,0.5,1.0
025_RC103,25,RC,4,8,OPTIMAL,11.863,4,0,0,0,4,0.0,0.0,0.0,11.863,90,0.75,0.5,1.0
025_RC103,25,RC,4,9,OPTIMAL,105.7731,4,1,1,0,3,0.25,70.9695,0.0,34.8036,90,0.75,0.5,1.0
025_RC103,25,RC,6,0,OPTIMAL,100.6316,6,1,1,0,5,0.1667,64.1818,0.0,36.4497,90,0.75,0.5,1.0
025_RC103,25,RC,6,1,OPTIMAL,46.4524,6,0,0,0,6,0.0,0.0,0.0,46.4524,90,0.75,0.5,1.0
025_RC103,25,RC,6,2,OPTIMAL,21.3921,6,0,0,0,6,0.0,0.0,0.0,21.3921,90,0.75,0.5,1.0
025_RC103,25,RC,6,3,OPTIMAL,90.6074,6,1,1,0,5,0.1667,63.2359,0.0,27.3715,90,0.75,0.5,1.0
025_RC103,25,RC,6,4,OPTIMAL,141.2035,6,2,1,1,4,0.3333,120.9435,0.0,20.26,90,0.75,0.5,1.0
025_RC103,25,RC,6,5,OPTIMAL,74.1502,6,0,0,0,6,0.0,0.0,0.0,74.1502,90,0.75,0.5,1.0
025_RC103,25,RC,6,6,OPTIMAL,37.7486,6,0,0,0,6,0.0,0.0,0.0,37.7486,90,0.75,0.5,1.0
025_RC103,25,RC,6,7,OPTIMAL,26.5022,6,0,0,0,6,0.0,0.0,0.0,26.5022,90,0.75,0.5,1.0
025_RC103,25,RC,6,8,OPTIMAL,119.2063,6,1,1,0,5,0.1667,66.5962,0.0,52.6101,90,0.75,0.5,1.0
025_RC103,25,RC,6,9,OPTIMAL,29.7963,6,0,0,0,6,0.0,0.0,0.0,29.7963,90,0.75,0.5,1.0
025_RC104,25,RC,2,0,OPTIMAL,4.365,2,0,0,0,2,0.0,0.0,0.0,4.365,90,0.75,0.5,1.0
025_RC104,25,RC,2,1,OPTIMAL,64.262,2,1,1,0,1,0.5,62.0534,0.0,2.2085,90,0.75,0.5,1.0
025_RC104,25,RC,2,2,OPTIMAL,7.9925,2,0,0,0,2,0.0,0.0,0.0,7.9925,90,0.75,0.5,1.0
025_RC104,25,RC,2,3,OPTIMAL,65.6207,2,1,1,0,1,0.5,55.8951,0.0,9.7256,90,0.75,0.5,1.0
025_RC104,25,RC,2,4,OPTIMAL,69.484,2,1,1,0,1,0.5,66.0402,0.0,3.4438,90,0.75,0.5,1.0
025_RC104,25,RC,2,5,OPTIMAL,60.7379,2,1,0,1,1,0.5,48.456,0.0,12.2819,90,0.75,0.5,1.0
025_RC104,25,RC,2,6,OPTIMAL,77.6436,2,1,1,0,1,0.5,68.1829,0.0,9.4606,90,0.75,0.5,1.0
025_RC104,25,RC,2,7,OPTIMAL,3.7257,2,0,0,0,2,0.0,0.0,0.0,3.7257,90,0.75,0.5,1.0
025_RC104,25,RC,2,8,OPTIMAL,4.0986,2,0,0,0,2,0.0,0.0,0.0,4.0986,90,0.75,0.5,1.0
025_RC104,25,RC,2,9,OPTIMAL,66.4658,2,1,1,0,1,0.5,66.4435,0.0,0.0224,90,0.75,0.5,1.0
025_RC104,25,RC,4,0,OPTIMAL,70.3721,4,1,0,1,3,0.25,49.4533,0.0,20.9188,90,0.75,0.5,1.0
025_RC104,25,RC,4,1,OPTIMAL,23.9736,4,0,0,0,4,0.0,0.0,0.0,23.9736,90,0.75,0.5,1.0
025_RC104,25,RC,4,2,OPTIMAL,60.3,4,1,0,1,3,0.25,50.645,0.0,9.655,90,0.75,0.5,1.0
025_RC104,25,RC,4,3,OPTIMAL,71.7972,4,1,1,0,3,0.25,61.0955,0.0,10.7017,90,0.75,0.5,1.0
025_RC104,25,RC,4,4,OPTIMAL,116.1012,4,2,1,1,2,0.5,104.7397,0.0,11.3615,90,0.75,0.5,1.0
025_RC104,25,RC,4,5,OPTIMAL,25.664,4,0,0,0,4,0.0,0.0,0.0,25.664,90,0.75,0.5,1.0
025_RC104,25,RC,4,6,OPTIMAL,56.8691,4,1,1,0,3,0.25,53.4904,0.0,3.3786,90,0.75,0.5,1.0
025_RC104,25,RC,4,7,OPTIMAL,150.6742,4,2,2,0,2,0.5,142.0143,0.0,8.6598,90,0.75,0.5,1.0
025_RC104,25,RC,4,8,OPTIMAL,10.7607,4,0,0,0,4,0.0,0.0,0.0,10.7607,90,0.75,0.5,1.0
025_RC104,25,RC,4,9,OPTIMAL,151.7968,4,2,2,0,2,0.5,139.3101,0.0,12.4867,90,0.75,0.5,1.0
025_RC104,25,RC,6,0,OPTIMAL,80.8521,6,1,1,0,5,0.1667,64.1818,0.0,16.6703,90,0.75,0.5,1.0
025_RC104,25,RC,6,1,OPTIMAL,109.4122,6,1,0,1,5,0.1667,60.8829,0.0,48.5292,90,0.75,0.5,1.0
025_RC104,25,RC,6,2,OPTIMAL,69.6427,6,0,0,0,6,0.0,0.0,0.0,69.6427,90,0.75,0.5,1.0
025_RC104,25,RC,6,3,OPTIMAL,68.7811,6,0,0,0,6,0.0,0.0,0.0,68.7811,90,0.75,0.5,1.0
025_RC104,25,RC,6,4,OPTIMAL,198.4361,6,3,2,1,3,0.5,179.342,0.0,19.0941,90,0.75,0.5,1.0
025_RC104,25,RC,6,5,OPTIMAL,79.0104,6,1,1,0,5,0.1667,56.9402,0.0,22.0702,90,0.75,0.5,1.0
025_RC104,25,RC,6,6,OPTIMAL,70.7119,6,0,0,0,6,0.0,0.0,0.0,70.7119,90,0.75,0.5,1.0
025_RC104,25,RC,6,7,OPTIMAL,31.1165,6,0,0,0,6,0.0,0.0,0.0,31.1165,90,0.75,0.5,1.0
025_RC104,25,RC,6,8,OPTIMAL,149.078,6,2,2,0,4,0.3333,125.0364,0.0,24.0416,90,0.75,0.5,1.0
025_RC104,25,RC,6,9,OPTIMAL,32.803,6,0,0,0,6,0.0,0.0,0.0,32.803,90,0.75,0.5,1.0
025_RC105,25,RC,2,0,OPTIMAL,0.407,2,0,0,0,2,0.0,0.0,0.0,0.407,90,0.75,0.5,1.0
025_RC105,25,RC,2,1,OPTIMAL,13.6962,2,0,0,0,2,0.0,0.0,0.0,13.6962,90,0.75,0.5,1.0
025_RC105,25,RC,2,2,OPTIMAL,0.7575,2,0,0,0,2,0.0,0.0,0.0,0.7575,90,0.75,0.5,1.0
025_RC105,25,RC,2,3,OPTIMAL,7.3252,2,0,0,0,2,0.0,0.0,0.0,7.3252,90,0.75,0.5,1.0
025_RC105,25,RC,2,4,OPTIMAL,20.8789,2,0,0,0,2,0.0,0.0,0.0,20.8789,90,0.75,0.5,1.0
025_RC105,25,RC,2,5,OPTIMAL,1.892,2,0,0,0,2,0.0,0.0,0.0,1.892,90,0.75,0.5,1.0
025_RC105,25,RC,2,6,OPTIMAL,47.7149,2,0,0,0,2,0.0,0.0,2.6491,45.0659,90,0.75,0.5,1.0
025_RC105,25,RC,2,7,OPTIMAL,3.7257,2,0,0,0,2,0.0,0.0,0.0,3.7257,90,0.75,0.5,1.0
025_RC105,25,RC,2,8,OPTIMAL,7.2179,2,0,0,0,2,0.0,0.0,0.0,7.2179,90,0.75,0.5,1.0
025_RC105,25,RC,2,9,OPTIMAL,39.4589,2,0,0,0,2,0.0,0.0,1.3636,38.0953,90,0.75,0.5,1.0
025_RC105,25,RC,4,0,OPTIMAL,34.5281,4,0,0,0,4,0.0,0.0,1.9963,32.5318,90,0.75,0.5,1.0
025_RC105,25,RC,4,1,OPTIMAL,22.7304,4,0,0,0,4,0.0,0.0,0.0,22.7304,90,0.75,0.5,1.0
025_RC105,25,RC,4,2,OPTIMAL,58.6928,4,1,1,0,3,0.25,48.8128,0.0,9.8801,90,0.75,0.5,1.0
025_RC105,25,RC,4,3,OPTIMAL,17.258,4,0,0,0,4,0.0,0.0,0.0,17.258,90,0.75,0.5,1.0
025_RC105,25,RC,4,4,OPTIMAL,19.7415,4,0,0,0,4,0.0,0.0,0.0,19.7415,90,0.75,0.5,1.0
025_RC105,25,RC,4,5,OPTIMAL,18.5128,4,0,0,0,4,0.0,0.0,0.0,18.5128,90,0.75,0.5,1.0
025_RC105,25,RC,4,6,OPTIMAL,2.6269,4,0,0,0,4,0.0,0.0,0.0,2.6269,90,0.75,0.5,1.0
025_RC105,25,RC,4,7,OPTIMAL,66.9157,4,0,0,0,4,0.0,0.0,1.5672,65.3485,90,0.75,0.5,1.0
025_RC105,25,RC,4,8,OPTIMAL,10.067,4,0,0,0,4,0.0,0.0,0.0,10.067,90,0.75,0.5,1.0
025_RC105,25,RC,4,9,OPTIMAL,104.5228,4,1,1,0,3,0.25,70.9695,0.0,33.5533,90,0.75,0.5,1.0
025_RC105,25,RC,6,0,OPTIMAL,35.2103,6,0,0,0,6,0.0,0.0,0.0,35.2103,90,0.75,0.5,1.0
025_RC105,25,RC,6,1,OPTIMAL,20.0532,6,0,0,0,6,0.0,0.0,0.0,20.0532,90,0.75,0.5,1.0
025_RC105,25,RC,6,2,OPTIMAL,17.918,6,0,0,0,6,0.0,0.0,0.0,17.918,90,0.75,0.5,1.0
025_RC105,25,RC,6,3,OPTIMAL,36.9434,6,0,0,0,6,0.0,0.0,0.0,36.9434,90,0.75,0.5,1.0
025_RC105,25,RC,6,4,OPTIMAL,109.0684,6,1,1,0,5,0.1667,57.9004,0.0,51.1681,90,0.75,0.5,1.0
025_RC105,25,RC,6,5,OPTIMAL,20.7707,6,0,0,0,6,0.0,0.0,0.0,20.7707,90,0.75,0.5,1.0
025_RC105,25,RC,6,6,OPTIMAL,68.8674,6,1,1,0,5,0.1667,57.18,0.0,11.6873,90,0.75,0.5,1.0
025_RC105,25,RC,6,7,OPTIMAL,112.2105,6,1,1,0,5,0.1667,66.0762,0.0,46.1343,90,0.75,0.5,1.0
025_RC105,25,RC,6,8,OPTIMAL,60.1958,6,0,0,0,6,0.0,0.0,0.5767,59.6191,90,0.75,0.5,1.0
025_RC105,25,RC,6,9,OPTIMAL,39.9954,6,0,0,0,6,0.0,0.0,0.0,39.9954,90,0.75,0.5,1.0
025_RC106,25,RC,2,0,OPTIMAL,5.8803,2,0,0,0,2,0.0,0.0,0.0,5.8803,90,0.75,0.5,1.0
025_RC106,25,RC,2,1,OPTIMAL,16.1316,2,0,0,0,2,0.0,0.0,0.0,16.1316,90,0.75,0.5,1.0
025_RC106,25,RC,2,2,OPTIMAL,0.6825,2,0,0,0,2,0.0,0.0,0.0,0.6825,90,0.75,0.5,1.0
025_RC106,25,RC,2,3,OPTIMAL,66.8746,2,1,1,0,1,0.5,62.2384,0.0,4.6362,90,0.75,0.5,1.0
025_RC106,25,RC,2,4,OPTIMAL,76.4263,2,1,1,0,1,0.5,50.7917,0.0,25.6346,90,0.75,0.5,1.0
025_RC106,25,RC,2,5,OPTIMAL,2.1197,2,0,0,0,2,0.0,0.0,0.0,2.1197,90,0.75,0.5,1.0
025_RC106,25,RC,2,6,OPTIMAL,31.9337,2,0,0,0,2,0.0,0.0,0.0,31.9337,90,0.75,0.5,1.0
025_RC106,25,RC,2,7,OPTIMAL,52.5693,2,1,1,0,1,0.5,49.4275,0.0,3.1418,90,0.75,0.5,1.0
025_RC106,25,RC,2,8,OPTIMAL,0.9038,2,0,0,0,2,0.0,0.0,0.0,0.9038,90,0.75,0.5,1.0
025_RC106,25,RC,2,9,OPTIMAL,12.2222,2,0,0,0,2,0.0,0.0,0.0,12.2222,90,0.75,0.5,1.0
025_RC106,25,RC,4,0,OPTIMAL,31.2021,4,0,0,0,4,0.0,0.0,0.0,31.2021,90,0.75,0.5,1.0
025_RC106,25,RC,4,1,OPTIMAL,97.6369,4,1,1,0,3,0.25,64.3445,0.0,33.2924,90,0.75,0.5,1.0
025_RC106,25,RC,4,2,OPTIMAL,14.4071,4,0,0,0,4,0.0,0.0,0.0,14.4071,90,0.75,0.5,1.0
025_RC106,25,RC,4,3,OPTIMAL,70.0706,4,1,1,0,3,0.25,61.0955,0.0,8.9751,90,0.75,0.5,1.0
025_RC106,25,RC,4,4,OPTIMAL,84.3828,4,1,1,0,3,0.25,60.839,0.0,23.5438,90,0.75,0.5,1.0
025_RC106,25,RC,4,5,OPTIMAL,26.7773,4,0,0,0,4,0.0,0.0,0.0,26.7773,90,0.75,0.5,1.0
025_RC106,25,RC,4,6,OPTIMAL,4.9731,4,0,0,0,4,0.0,0.0,0.0,4.9731,90,0.75,0.5,1.0
025_RC106,25,RC,4,7,OPTIMAL,70.1408,4,0,0,0,4,0.0,0.0,0.0,70.1408,90,0.75,0.5,1.0
025_RC106,25,RC,4,8,OPTIMAL,31.4074,4,0,0,0,4,0.0,0.0,0.0,31.4074,90,0.75,0.5,1.0
025_RC106,25,RC,4,9,OPTIMAL,106.7991,4,1,1,0,3,0.25,70.9695,0.0,35.8296,90,0.75,0.5,1.0
025_RC106,25,RC,6,0,OPTIMAL,18.4522,6,0,0,0,6,0.0,0.0,0.0,18.4522,90,0.75,0.5,1.0
025_RC106,25,RC,6,1,OPTIMAL,57.907,6,1,1,0,5,0.1667,45.5396,0.0,12.3674,90,0.75,0.5,1.0
025_RC106,25,RC,6,2,OPTIMAL,28.7367,6,0,0,0,6,0.0,0.0,0.0,28.7367,90,0.75,0.5,1.0
025_RC106,25,RC,6,3,OPTIMAL,30.0156,6,0,0,0,6,0.0,0.0,0.0,30.0156,90,0.75,0.5,1.0
025_RC106,25,RC,6,4,OPTIMAL,156.9687,6,2,2,0,4,0.3333,109.7682,0.0,47.2006,90,0.75,0.5,1.0
025_RC106,25,RC,6,5,OPTIMAL,99.1787,6,0,0,0,6,0.0,0.0,0.0,99.1787,90,0.75,0.5,1.0
025_RC106,25,RC,6,6,OPTIMAL,69.9123,6,0,0,0,6,0.0,0.0,0.0,69.9123,90,0.75,0.5,1.0
025_RC106,25,RC,6,7,OPTIMAL,109.6906,6,1,1,0,5,0.1667,49.5476,0.0,60.1429,90,0.75,0.5,1.0
025_RC106,25,RC,6,8,OPTIMAL,91.2422,6,1,0,1,5,0.1667,55.3395,0.0,35.9027,90,0.75,0.5,1.0
025_RC106,25,RC,6,9,OPTIMAL,89.3987,6,1,1,0,5,0.1667,52.4351,0.0,36.9636,90,0.75,0.5,1.0
025_RC107,25,RC,2,0,OPTIMAL,6.5006,2,0,0,0,2,0.0,0.0,0.0,6.5006,90,0.75,0.5,1.0
025_RC107,25,RC,2,1,OPTIMAL,15.3198,2,0,0,0,2,0.0,0.0,0.0,15.3198,90,0.75,0.5,1.0
025_RC107,25,RC,2,2,OPTIMAL,46.283,2,0,0,0,2,0.0,0.0,0.0,46.283,90,0.75,0.5,1.0
025_RC107,25,RC,2,3,OPTIMAL,66.8746,2,1,1,0,1,0.5,62.2384,0.0,4.6362,90,0.75,0.5,1.0
025_RC107,25,RC,2,4,OPTIMAL,18.5505,2,0,0,0,2,0.0,0.0,0.0,18.5505,90,0.75,0.5,1.0
025_RC107,25,RC,2,5,OPTIMAL,98.3143,2,1,1,0,1,0.5,59.887,0.0,38.4273,90,0.75,0.5,1.0
025_RC107,25,RC,2,6,OPTIMAL,22.0706,2,0,0,0,2,0.0,0.0,0.0,22.0706,90,0.75,0.5,1.0
025_RC107,25,RC,2,7,OPTIMAL,49.7612,2,1,1,0,1,0.5,49.4275,0.0,0.3337,90,0.75,0.5,1.0
025_RC107,25,RC,2,8,OPTIMAL,0.8934,2,0,0,0,2,0.0,0.0,0.0,0.8934,90,0.75,0.5,1.0
025_RC107,25,RC,2,9,OPTIMAL,18.7212,2,0,0,0,2,0.0,0.0,0.0,18.7212,90,0.75,0.5,1.0
025_RC107,25,RC,4,0,OPTIMAL,113.5907,4,1,0,1,3,0.25,49.4533,0.0,64.1374,90,0.75,0.5,1.0
025_RC107,25,RC,4,1,OPTIMAL,84.0777,4,1,1,0,3,0.25,64.3445,0.0,19.7332,90,0.75,0.5,1.0
025_RC107,25,RC,4,2,OPTIMAL,50.1413,4,1,1,0,3,0.25,48.8128,0.0,1.3285,90,0.75,0.5,1.0
025_RC107,25,RC,4,3,OPTIMAL,69.9434,4,1,1,0,3,0.25,61.0955,0.0,8.8479,90,0.75,0.5,1.0
025_RC107,25,RC,4,4,OPTIMAL,74.3183,4,1,1,0,3,0.25,60.839,0.0,13.4793,90,0.75,0.5,1.0
025_RC107,25,RC,4,5,OPTIMAL,43.0422,4,0,0,0,4,0.0,0.0,0.0,43.0422,90,0.75,0.5,1.0
025_RC107,25,RC,4,6,OPTIMAL,60.1345,4,0,0,0,4,0.0,0.0,0.0,60.1345,90,0.75,0.5,1.0
025_RC107,25,RC,4,7,OPTIMAL,38.5756,4,0,0,0,4,0.0,0.0,0.0,38.5756,90,0.75,0.5,1.0
025_RC107,25,RC,4,8,OPTIMAL,75.9984,4,1,1,0,3,0.25,58.0436,0.0,17.9549,90,0.75,0.5,1.0
025_RC107,25,RC,4,9,OPTIMAL,113.9612,4,1,1,0,3,0.25,70.9695,0.0,42.9917,90,0.75,0.5,1.0
025_RC107,25,RC,6,0,OPTIMAL,19.4482,6,0,0,0,6,0.0,0.0,0.0,19.4482,90,0.75,0.5,1.0
025_RC107,25,RC,6,1,OPTIMAL,150.8188,6,2,1,1,4,0.3333,92.4053,0.0,58.4134,90,0.75,0.5,1.0
025_RC107,25,RC,6,2,OPTIMAL,119.033,6,1,1,0,5,0.1667,64.3689,0.0,54.6642,90,0.75,0.5,1.0
025_RC107,25,RC,6,3,OPTIMAL,19.1236,6,0,0,0,6,0.0,0.0,0.0,19.1236,90,0.75,0.5,1.0
025_RC107,25,RC,6,4,OPTIMAL,191.2631,6,2,2,0,4,0.3333,109.7682,0.0,81.495,90,0.75,0.5,1.0
025_RC107,25,RC,6,5,OPTIMAL,26.0891,6,0,0,0,6,0.0,0.0,0.0,26.0891,90,0.75,0.5,1.0
025_RC107,25,RC,6,6,OPTIMAL,73.6313,6,0,0,0,6,0.0,0.0,0.0,73.6313,90,0.75,0.5,1.0
025_RC107,25,RC,6,7,OPTIMAL,144.4307,6,1,1,0,5,0.1667,66.0762,0.0,78.3545,90,0.75,0.5,1.0
025_RC107,25,RC,6,8,OPTIMAL,149.2697,6,2,1,1,4,0.3333,109.613,0.0,39.6567,90,0.75,0.5,1.0
025_RC107,25,RC,6,9,OPTIMAL,92.6058,6,1,1,0,5,0.1667,52.4351,0.0,40.1707,90,0.75,0.5,1.0
025_RC108,25,RC,2,0,OPTIMAL,11.028,2,0,0,0,2,0.0,0.0,0.0,11.028,90,0.75,0.5,1.0
025_RC108,25,RC,2,1,OPTIMAL,37.0051,2,0,0,0,2,0.0,0.0,0.0,37.0051,90,0.75,0.5,1.0
025_RC108,25,RC,2,2,OPTIMAL,56.1508,2,1,1,0,1,0.5,56.0758,0.0,0.075,90,0.75,0.5,1.0
025_RC108,25,RC,2,3,OPTIMAL,71.5108,2,1,1,0,1,0.5,62.2384,0.0,9.2724,90,0.75,0.5,1.0
025_RC108,25,RC,2,4,OPTIMAL,116.8319,2,2,2,0,0,1.0,116.8319,0.0,0.0,90,0.75,0.5,1.0
025_RC108,25,RC,2,5,OPTIMAL,62.4331,2,1,1,0,1,0.5,59.887,0.0,2.5461,90,0.75,0.5,1.0
025_RC108,25,RC,2,6,OPTIMAL,69.2806,2,1,1,0,1,0.5,68.1829,0.0,1.0976,90,0.75,0.5,1.0
025_RC108,25,RC,2,7,OPTIMAL,52.5693,2,1,1,0,1,0.5,49.4275,0.0,3.1418,90,0.75,0.5,1.0
025_RC108,25,RC,2,8,OPTIMAL,0.6163,2,0,0,0,2,0.0,0.0,0.0,0.6163,90,0.75,0.5,1.0
025_RC108,25,RC,2,9,OPTIMAL,66.4937,2,1,1,0,1,0.5,66.4435,0.0,0.0502,90,0.75,0.5,1.0
025_RC108,25,RC,4,0,OPTIMAL,133.8152,4,2,2,0,2,0.5,101.3034,0.0,32.5118,90,0.75,0.5,1.0
025_RC108,25,RC,4,1,OPTIMAL,133.6977,4,2,2,0,2,0.5,124.7353,0.0,8.9624,90,0.75,0.5,1.0
025_RC108,25,RC,4,2,OPTIMAL,109.6273,4,2,1,1,2,0.5,105.8683,0.0,3.7589,90,0.75,0.5,1.0
025_RC108,25,RC,4,3,OPTIMAL,69.9001,4,1,1,0,3,0.25,61.0955,0.0,8.8046,90,0.75,0.5,1.0
025_RC108,25,RC,4,4,OPTIMAL,162.7824,4,2,2,0,2,0.5,110.6336,0.0,52.1488,90,0.75,0.5,1.0
025_RC108,25,RC,4,5,OPTIMAL,40.5307,4,0,0,0,4,0.0,0.0,0.0,40.5307,90,0.75,0.5,1.0
025_RC108,25,RC,4,6,OPTIMAL,63.3413,4,1,1,0,3,0.25,48.1551,0.0,15.1862,90,0.75,0.5,1.0
025_RC108,25,RC,4,7,OPTIMAL,131.4469,4,1,0,1,3,0.25,69.9901,0.0,61.4568,90,0.75,0.5,1.0
025_RC108,25,RC,4,8,OPTIMAL,62.9452,4,1,1,0,3,0.25,58.0436,0.0,4.9016,90,0.75,0.5,1.0
025_RC108,25,RC,4,9,OPTIMAL,161.2351,4,2,2,0,2,0.5,139.3101,0.0,21.9251,90,0.75,0.5,1.0
025_RC108,25,RC,6,0,OPTIMAL,69.9683,6,1,0,1,5,0.1667,64.1818,0.0,5.7864,90,0.75,0.5,1.0
025_RC108,25,RC,6,1,OPTIMAL,159.6523,6,3,2,1,3,0.5,144.9062,0.0,14.7461,90,0.75,0.5,1.0
025_RC108,25,RC,6,2,OPTIMAL,141.5895,6,2,2,0,4,0.3333,120.2274,0.0,21.3622,90,0.75,0.5,1.0
025_RC108,25,RC,6,3,OPTIMAL,119.2782,6,2,2,0,4,0.3333,109.388,0.0,9.8902,90,0.75,0.5,1.0
025_RC108,25,RC,6,4,OPTIMAL,312.8985,6,4,4,0,2,0.6667,241.4271,0.0,71.4714,90,0.75,0.5,1.0
025_RC108,25,RC,6,5,OPTIMAL,144.8031,6,2,1,1,4,0.3333,116.4058,0.0,28.3973,90,0.75,0.5,1.0
025_RC108,25,RC,6,6,OPTIMAL,94.9228,6,0,0,0,6,0.0,0.0,0.0,94.9228,90,0.75,0.5,1.0
025_RC108,25,RC,6,7,OPTIMAL,211.2155,6,3,3,0,3,0.5,176.9432,0.0,34.2723,90,0.75,0.5,1.0
025_RC108,25,RC,6,8,OPTIMAL,191.4389,6,3,2,1,3,0.5,180.8977,0.0,10.5412,90,0.75,0.5,1.0
025_RC108,25,RC,6,9,OPTIMAL,85.7443,6,1,1,0,5,0.1667,52.4351,0.0,33.3092,90,0.75,0.5,1.0
025_RC201,25,RC,2,0,OPTIMAL,38.5353,2,0,0,0,2,0.0,0.0,0.0,38.5353,90,0.75,0.5,1.0
025_RC201,25,RC,2,1,OPTIMAL,64.262,2,1,1,0,1,0.5,62.0534,0.0,2.2085,90,0.75,0.5,1.0
025_RC201,25,RC,2,2,OPTIMAL,106.2211,2,2,2,0,0,1.0,106.2211,0.0,0.0,90,0.75,0.5,1.0
025_RC201,25,RC,2,3,OPTIMAL,118.1334,2,2,2,0,0,1.0,118.1334,0.0,0.0,90,0.75,0.5,1.0
025_RC201,25,RC,2,4,OPTIMAL,116.8319,2,2,1,1,0,1.0,116.8319,0.0,0.0,90,0.75,0.5,1.0
025_RC201,25,RC,2,5,OPTIMAL,60.7379,2,1,0,1,1,0.5,48.456,0.0,12.2819,90,0.75,0.5,1.0
025_RC201,25,RC,2,6,OPTIMAL,121.9043,2,2,2,0,0,1.0,121.9043,0.0,0.0,90,0.75,0.5,1.0
025_RC201,25,RC,2,7,OPTIMAL,98.7047,2,2,2,0,0,1.0,98.7047,0.0,0.0,90,0.75,0.5,1.0
025_RC201,25,RC,2,8,OPTIMAL,32.0789,2,0,0,0,2,0.0,0.0,0.0,32.0789,90,0.75,0.5,1.0
025_RC201,25,RC,2,9,OPTIMAL,75.919,2,1,0,1,1,0.5,66.4435,0.0,9.4756,90,0.75,0.5,1.0
025_RC201,25,RC,4,0,OPTIMAL,176.5803,4,3,1,2,1,0.75,176.5786,0.0,0.0017,90,0.75,0.5,1.0
025_RC201,25,RC,4,1,OPTIMAL,192.2527,4,3,2,1,1,0.75,182.5816,0.0,9.6711,90,0.75,0.5,1.0
025_RC201,25,RC,4,2,OPTIMAL,110.5068,4,2,1,1,2,0.5,99.4578,0.0,11.0491,90,0.75,0.5,1.0
025_RC201,25,RC,4,3,OPTIMAL,175.728,4,3,3,0,1,0.75,172.4109,0.0,3.317,90,0.75,0.5,1.0
025_RC201,25,RC,4,4,OPTIMAL,128.0467,4,2,2,0,2,0.5,115.7842,0.0,12.2625,90,0.75,0.5,1.0
025_RC201,25,RC,4,5,OPTIMAL,157.5287,4,3,3,0,1,0.75,154.7716,0.0,2.7571,90,0.75,0.5,1.0
025_RC201,25,RC,4,6,OPTIMAL,80.0356,4,1,1,0,3,0.25,53.4904,0.0,26.5451,90,0.75,0.5,1.0
025_RC201,25,RC,4,7,OPTIMAL,153.6985,4,2,2,0,2,0.5,142.0143,0.0,11.6842,90,0.75,0.5,1.0
025_RC201,25,RC,4,8,OPTIMAL,121.6104,4,2,2,0,2,0.5,117.7022,0.0,3.9083,90,0.75,0.5,1.0
025_RC201,25,RC,4,9,OPTIMAL,205.5237,4,3,3,0,1,0.75,196.1659,0.0,9.3579,90,0.75,0.5,1.0
025_RC201,25,RC,6,0,OPTIMAL,188.2503,6,3,2,1,3,0.5,172.2836,0.0,15.9667,90,0.75,0.5,1.0
025_RC201,25,RC,6,1,OPTIMAL,202.2179,6,4,4,0,2,0.6667,196.2489,0.0,5.969,90,0.75,0.5,1.0
025_RC201,25,RC,6,2,OPTIMAL,312.4233,6,5,4,1,1,0.8333,277.1066,0.0,35.3167,90,0.75,0.5,1.0
025_RC201,25,RC,6,3,OPTIMAL,305.1173,6,5,5,0,1,0.8333,294.2682,0.0,10.8491,90,0.75,0.5,1.0
025_RC201,25,RC,6,4,OPTIMAL,319.7254,6,5,4,1,1,0.8333,299.3275,0.0,20.3979,90,0.75,0.5,1.0
025_RC201,25,RC,6,5,OPTIMAL,128.1223,6,2,1,1,4,0.3333,103.6574,0.0,24.4649,90,0.75,0.5,1.0
025_RC201,25,RC,6,6,OPTIMAL,238.992,6,3,2,1,3,0.5,169.0949,0.0,69.897,90,0.75,0.5,1.0
025_RC201,25,RC,6,7,OPTIMAL,238.3881,6,4,2,2,2,0.6667,232.449,0.0,5.9391,90,0.75,0.5,1.0
025_RC201,25,RC,6,8,OPTIMAL,193.2548,6,3,3,0,3,0.5,180.8977,0.0,12.3571,90,0.75,0.5,1.0
025_RC201,25,RC,6,9,OPTIMAL,289.0112,6,4,4,0,2,0.6667,225.2484,0.0,63.7627,90,0.75,0.5,1.0
025_RC202,25,RC,2,0,OPTIMAL,87.0617,2,1,0,1,1,0.5,54.1163,0.0,32.9454,90,0.75,0.5,1.0
025_RC202,25,RC,2,1,OPTIMAL,64.262,2,1,1,0,1,0.5,62.0534,0.0,2.2085,90,0.75,0.5,1.0
025_RC202,25,RC,2,2,OPTIMAL,106.2211,2,2,2,0,0,1.0,106.2211,0.0,0.0,90,0.75,0.5,1.0
025_RC202,25,RC,2,3,OPTIMAL,118.1334,2,2,2,0,0,1.0,118.1334,0.0,0.0,90,0.75,0.5,1.0
025_RC202,25,RC,2,4,OPTIMAL,20.8789,2,0,0,0,2,0.0,0.0,0.0,20.8789,90,0.75,0.5,1.0
025_RC202,25,RC,2,5,OPTIMAL,108.343,2,2,0,2,0,1.0,108.343,0.0,0.0,90,0.75,0.5,1.0
025_RC202,25,RC,2,6,OPTIMAL,121.9043,2,2,2,0,0,1.0,121.9043,0.0,0.0,90,0.75,0.5,1.0
025_RC202,25,RC,2,7,OPTIMAL,98.7047,2,2,2,0,0,1.0,98.7047,0.0,0.0,90,0.75,0.5,1.0
025_RC202,25,RC,2,8,OPTIMAL,32.0789,2,0,0,0,2,0.0,0.0,0.0,32.0789,90,0.75,0.5,1.0
025_RC202,25,RC,2,9,OPTIMAL,38.0953,2,0,0,0,2,0.0,0.0,0.0,38.0953,90,0.75,0.5,1.0
025_RC202,25,RC,4,0,OPTIMAL,228.4287,4,4,1,3,0,1.0,228.4287,0.0,0.0,90,0.75,0.5,1.0
025_RC202,25,RC,4,1,OPTIMAL,216.1253,4,3,2,1,1,0.75,182.5816,0.0,33.5437,90,0.75,0.5,1.0
025_RC202,25,RC,4,2,OPTIMAL,195.627,4,3,1,2,1,0.75,156.5133,0.0,39.1136,90,0.75,0.5,1.0
025_RC202,25,RC,4,3,OPTIMAL,201.5021,4,3,3,0,1,0.75,172.4109,0.0,29.0912,90,0.75,0.5,1.0
025_RC202,25,RC,4,4,OPTIMAL,200.7091,4,3,2,1,1,0.75,165.5788,0.0,35.1303,90,0.75,0.5,1.0
025_RC202,25,RC,4,5,OPTIMAL,108.0,4,2,2,0,2,0.5,104.7491,0.0,3.251,90,0.75,0.5,1.0
025_RC202,25,RC,4,6,OPTIMAL,159.2871,4,3,2,1,1,0.75,157.9296,0.0,1.3575,90,0.75,0.5,1.0
025_RC202,25,RC,4,7,OPTIMAL,153.6985,4,2,2,0,2,0.5,142.0143,0.0,11.6842,90,0.75,0.5,1.0
025_RC202,25,RC,4,8,OPTIMAL,121.9208,4,2,2,0,2,0.5,117.7022,0.0,4.2187,90,0.75,0.5,1.0
025_RC202,25,RC,4,9,OPTIMAL,255.5465,4,4,4,0,0,1.0,255.5465,0.0,0.0,90,0.75,0.5,1.0
025_RC202,25,RC,6,0,OPTIMAL,188.4314,6,3,2,1,3,0.5,172.2836,0.0,16.1478,90,0.75,0.5,1.0
025_RC202,25,RC,6,1,OPTIMAL,305.831,6,6,5,1,0,1.0,305.831,0.0,0.0,90,0.75,0.5,1.0
025_RC202,25,RC,6,2,OPTIMAL,212.8863,6,3,2,1,3,0.5,174.949,0.0,37.9373,90,0.75,0.5,1.0
025_RC202,25,RC,6,3,OPTIMAL,305.2984,6,5,5,0,1,0.8333,294.2682,0.0,11.0302,90,0.75,0.5,1.0
025_RC202,25,RC,6,4,OPTIMAL,366.7568,6,6,4,2,0,1.0,366.7568,0.0,0.0,90,0.75,0.5,1.0
025_RC202,25,RC,6,5,OPTIMAL,121.8028,6,2,1,1,4,0.3333,106.1827,0.0,15.6201,90,0.75,0.5,1.0
025_RC202,25,RC,6,6,OPTIMAL,279.9113,6,5,4,1,1,0.8333,271.6405,0.0,8.2709,90,0.75,0.5,1.0
025_RC202,25,RC,6,7,OPTIMAL,160.5626,6,2,1,1,4,0.3333,127.3956,0.0,33.167,90,0.75,0.5,1.0
025_RC202,25,RC,6,8,OPTIMAL,247.0387,6,4,3,1,2,0.6667,235.1712,0.0,11.8675,90,0.75,0.5,1.0
025_RC202,25,RC,6,9,OPTIMAL,325.5611,6,5,5,0,1,0.8333,285.792,0.0,39.7691,90,0.75,0.5,1.0
025_RC203,25,RC,2,0,OPTIMAL,38.5353,2,0,0,0,2,0.0,0.0,0.0,38.5353,90,0.75,0.5,1.0
025_RC203,25,RC,2,1,OPTIMAL,64.262,2,1,1,0,1,0.5,62.0534,0.0,2.2085,90,0.75,0.5,1.0
025_RC203,25,RC,2,2,OPTIMAL,106.2211,2,2,2,0,0,1.0,106.2211,0.0,0.0,90,0.75,0.5,1.0
025_RC203,25,RC,2,3,OPTIMAL,118.1334,2,2,2,0,0,1.0,118.1334,0.0,0.0,90,0.75,0.5,1.0
025_RC203,25,RC,2,4,OPTIMAL,66.0405,2,1,1,0,1,0.5,66.0402,0.0,0.0003,90,0.75,0.5,1.0
025_RC203,25,RC,2,5,OPTIMAL,60.7379,2,1,0,1,1,0.5,48.456,0.0,12.2819,90,0.75,0.5,1.0
025_RC203,25,RC,2,6,OPTIMAL,121.9043,2,2,2,0,0,1.0,121.9043,0.0,0.0,90,0.75,0.5,1.0
025_RC203,25,RC,2,7,OPTIMAL,98.7047,2,2,2,0,0,1.0,98.7047,0.0,0.0,90,0.75,0.5,1.0
025_RC203,25,RC,2,8,OPTIMAL,107.0023,2,2,2,0,0,1.0,107.0023,0.0,0.0,90,0.75,0.5,1.0
025_RC203,25,RC,2,9,OPTIMAL,66.4547,2,1,1,0,1,0.5,66.4435,0.0,0.0112,90,0.75,0.5,1.0
025_RC203,25,RC,4,0,OPTIMAL,157.3369,4,2,1,1,2,0.5,118.1202,0.0,39.2167,90,0.75,0.5,1.0
025_RC203,25,RC,4,1,OPTIMAL,192.2527,4,3,2,1,1,0.75,182.5816,0.0,9.6711,90,0.75,0.5,1.0
025_RC203,25,RC,4,2,OPTIMAL,147.843,4,2,1,1,2,0.5,99.4578,0.0,48.3853,90,0.75,0.5,1.0
025_RC203,25,RC,4,3,OPTIMAL,175.728,4,3,3,0,1,0.75,172.4109,0.0,3.317,90,0.75,0.5,1.0
025_RC203,25,RC,4,4,OPTIMAL,153.5656,4,2,2,0,2,0.5,115.7842,0.0,37.7814,90,0.75,0.5,1.0
025_RC203,25,RC,4,5,OPTIMAL,112.5671,4,2,2,0,2,0.5,104.7491,0.0,7.8181,90,0.75,0.5,1.0
025_RC203,25,RC,4,6,OPTIMAL,110.6912,4,2,2,0,2,0.5,109.7745,0.0,0.9167,90,0.75,0.5,1.0
025_RC203,25,RC,4,7,OPTIMAL,273.1135,4,4,4,0,0,1.0,273.1135,0.0,0.0,90,0.75,0.5,1.0
025_RC203,25,RC,4,8,OPTIMAL,180.1618,4,3,3,0,1,0.75,179.836,0.0,0.3258,90,0.75,0.5,1.0
025_RC203,25,RC,4,9,OPTIMAL,202.5473,4,3,3,0,1,0.75,184.577,0.0,17.9703,90,0.75,0.5,1.0
025_RC203,25,RC,6,0,OPTIMAL,243.0813,6,4,4,0,2,0.6667,239.7005,0.0,3.3808,90,0.75,0.5,1.0
025_RC203,25,RC,6,1,OPTIMAL,257.4694,6,5,5,0,1,0.8333,257.1318,0.0,0.3376,90,0.75,0.5,1.0
025_RC203,25,RC,6,2,OPTIMAL,217.8845,6,3,2,1,3,0.5,174.949,0.0,42.9355,90,0.75,0.5,1.0
025_RC203,25,RC,6,3,OPTIMAL,300.0209,6,5,5,0,1,0.8333,294.2682,0.0,5.7527,90,0.75,0.5,1.0
025_RC203,25,RC,6,4,OPTIMAL,319.7254,6,5,4,1,1,0.8333,299.3275,0.0,20.3979,90,0.75,0.5,1.0
025_RC203,25,RC,6,5,OPTIMAL,241.5871,6,4,4,0,2,0.6667,224.2832,0.0,17.3039,90,0.75,0.5,1.0
025_RC203,25,RC,6,6,OPTIMAL,285.0238,6,5,4,1,1,0.8333,271.6405,0.0,13.3833,90,0.75,0.5,1.0
025_RC203,25,RC,6,7,OPTIMAL,142.1095,6,2,1,1,4,0.3333,127.3956,0.0,14.7139,90,0.75,0.5,1.0
025_RC203,25,RC,6,8,OPTIMAL,248.0927,6,4,4,0,2,0.6667,237.8062,0.0,10.2865,90,0.75,0.5,1.0
025_RC203,25,RC,6,9,OPTIMAL,325.5611,6,5,5,0,1,0.8333,285.792,0.0,39.7691,90,0.75,0.5,1.0
025_RC204,25,RC,2,0,OPTIMAL,87.0617,2,1,0,1,1,0.5,54.1163,0.0,32.9454,90,0.75,0.5,1.0
025_RC204,25,RC,2,1,OPTIMAL,64.262,2,1,1,0,1,0.5,62.0534,0.0,2.2085,90,0.75,0.5,1.0
025_RC204,25,RC,2,2,OPTIMAL,106.2211,2,2,2,0,0,1.0,106.2211,0.0,0.0,90,0.75,0.5,1.0
025_RC204,25,RC,2,3,OPTIMAL,118.1334,2,2,2,0,0,1.0,118.1334,0.0,0.0,90,0.75,0.5,1.0
025_RC204,25,RC,2,4,OPTIMAL,66.3231,2,1,1,0,1,0.5,66.0402,0.0,0.2829,90,0.75,0.5,1.0
025_RC204,25,RC,2,5,OPTIMAL,60.7379,2,1,0,1,1,0.5,48.456,0.0,12.2819,90,0.75,0.5,1.0
025_RC204,25,RC,2,6,OPTIMAL,121.9043,2,2,2,0,0,1.0,121.9043,0.0,0.0,90,0.75,0.5,1.0
025_RC204,25,RC,2,7,OPTIMAL,98.7047,2,2,2,0,0,1.0,98.7047,0.0,0.0,90,0.75,0.5,1.0
025_RC204,25,RC,2,8,OPTIMAL,107.0023,2,2,2,0,0,1.0,107.0023,0.0,0.0,90,0.75,0.5,1.0
025_RC204,25,RC,2,9,OPTIMAL,70.6937,2,1,1,0,1,0.5,66.4435,0.0,4.2502,90,0.75,0.5,1.0
025_RC204,25,RC,4,0,OPTIMAL,176.5803,4,3,2,1,1,0.75,176.5786,0.0,0.0017,90,0.75,0.5,1.0
025_RC204,25,RC,4,1,OPTIMAL,234.2962,4,4,3,1,0,1.0,234.2962,0.0,0.0,90,0.75,0.5,1.0
025_RC204,25,RC,4,2,OPTIMAL,195.627,4,3,1,2,1,0.75,156.5133,0.0,39.1136,90,0.75,0.5,1.0
025_RC204,25,RC,4,3,OPTIMAL,217.1876,4,4,3,1,0,1.0,217.1876,0.0,0.0,90,0.75,0.5,1.0
025_RC204,25,RC,4,4,OPTIMAL,198.8995,4,3,2,1,1,0.75,163.7783,0.0,35.1212,90,0.75,0.5,1.0
025_RC204,25,RC,4,5,OPTIMAL,116.7216,4,2,2,0,2,0.5,104.7491,0.0,11.9726,90,0.75,0.5,1.0
025_RC204,25,RC,4,6,OPTIMAL,110.6912,4,2,2,0,2,0.5,109.7745,0.0,0.9167,90,0.75,0.5,1.0
025_RC204,25,RC,4,7,OPTIMAL,273.1135,4,4,4,0,0,1.0,273.1135,0.0,0.0,90,0.75,0.5,1.0
025_RC204,25,RC,4,8,OPTIMAL,180.1618,4,3,3,0,1,0.75,179.836,0.0,0.3258,90,0.75,0.5,1.0
025_RC204,25,RC,4,9,OPTIMAL,202.5473,4,3,3,0,1,0.75,184.577,0.0,17.9703,90,0.75,0.5,1.0
025_RC204,25,RC,6,0,OPTIMAL,289.8034,6,5,5,0,1,0.8333,289.0849,0.0,0.7185,90,0.75,0.5,1.0
025_RC204,25,RC,6,1,OPTIMAL,305.831,6,6,6,0,0,1.0,305.831,0.0,0.0,90,0.75,0.5,1.0
025_RC204,25,RC,6,2,OPTIMAL,238.0687,6,4,4,0,2,0.6667,224.004,0.0,14.0647,90,0.75,0.5,1.0
025_RC204,25,RC,6,3,OPTIMAL,300.0209,6,5,5,0,1,0.8333,294.2682,0.0,5.7527,90,0.75,0.5,1.0
025_RC204,25,RC,6,4,OPTIMAL,366.7568,6,6,5,1,0,1.0,366.7568,0.0,0.0,90,0.75,0.5,1.0
025_RC204,25,RC,6,5,OPTIMAL,283.8217,6,5,4,1,1,0.8333,283.7487,0.0,0.073,90,0.75,0.5,1.0
025_RC204,25,RC,6,6,OPTIMAL,293.6955,6,5,4,1,1,0.8333,271.6405,0.0,22.0551,90,0.75,0.5,1.0
025_RC204,25,RC,6,7,OPTIMAL,194.3806,6,3,1,2,3,0.5,183.0816,0.0,11.299,90,0.75,0.5,1.0
025_RC204,25,RC,6,8,OPTIMAL,296.736,6,5,4,1,1,0.8333,296.2464,0.0,0.4896,90,0.75,0.5,1.0
025_RC204,25,RC,6,9,OPTIMAL,325.5611,6,5,5,0,1,0.8333,285.792,0.0,39.7691,90,0.75,0.5,1.0
025_RC205,25,RC,2,0,OPTIMAL,82.2123,2,1,0,1,1,0.5,54.1163,0.0,28.0959,90,0.75,0.5,1.0
025_RC205,25,RC,2,1,OPTIMAL,13.6962,2,0,0,0,2,0.0,0.0,0.0,13.6962,90,0.75,0.5,1.0
025_RC205,25,RC,2,2,OPTIMAL,56.6863,2,1,1,0,1,0.5,56.0758,0.0,0.6105,90,0.75,0.5,1.0
025_RC205,25,RC,2,3,OPTIMAL,66.8746,2,1,1,0,1,0.5,62.2384,0.0,4.6362,90,0.75,0.5,1.0
025_RC205,25,RC,2,4,OPTIMAL,66.0404,2,1,1,0,1,0.5,66.0402,0.0,0.0001,90,0.75,0.5,1.0
025_RC205,25,RC,2,5,OPTIMAL,108.343,2,2,1,1,0,1.0,108.343,0.0,0.0,90,0.75,0.5,1.0
025_RC205,25,RC,2,6,OPTIMAL,121.9043,2,2,2,0,0,1.0,121.9043,0.0,0.0,90,0.75,0.5,1.0
025_RC205,25,RC,2,7,OPTIMAL,85.1006,2,1,1,0,1,0.5,49.4275,0.0,35.6731,90,0.75,0.5,1.0
025_RC205,25,RC,2,8,OPTIMAL,44.7614,2,1,1,0,1,0.5,43.2453,0.0,1.5162,90,0.75,0.5,1.0
025_RC205,25,RC,2,9,OPTIMAL,75.919,2,1,1,0,1,0.5,66.4435,0.0,9.4756,90,0.75,0.5,1.0
025_RC205,25,RC,4,0,OPTIMAL,228.4287,4,4,2,2,0,1.0,228.4287,0.0,0.0,90,0.75,0.5,1.0
025_RC205,25,RC,4,1,OPTIMAL,234.2962,4,4,3,1,0,1.0,234.2962,0.0,0.0,90,0.75,0.5,1.0
025_RC205,25,RC,4,2,OPTIMAL,108.949,4,2,1,1,2,0.5,105.8683,0.0,3.0807,90,0.75,0.5,1.0
025_RC205,25,RC,4,3,OPTIMAL,159.2424,4,3,2,1,1,0.75,159.1339,0.0,0.1085,90,0.75,0.5,1.0
025_RC205,25,RC,4,4,OPTIMAL,164.7802,4,3,2,1,1,0.75,158.6278,0.0,6.1525,90,0.75,0.5,1.0
025_RC205,25,RC,4,5,OPTIMAL,124.2268,4,2,2,0,2,0.5,104.7491,0.0,19.4777,90,0.75,0.5,1.0
025_RC205,25,RC,4,6,OPTIMAL,175.2867,4,3,2,1,1,0.75,159.3864,0.0,15.9003,90,0.75,0.5,1.0
025_RC205,25,RC,4,7,OPTIMAL,273.1135,4,4,4,0,0,1.0,273.1135,0.0,0.0,90,0.75,0.5,1.0
025_RC205,25,RC,4,8,OPTIMAL,118.4713,4,2,2,0,2,0.5,117.7022,0.0,0.7691,90,0.75,0.5,1.0
025_RC205,25,RC,4,9,OPTIMAL,255.5465,4,4,4,0,0,1.0,255.5465,0.0,0.0,90,0.75,0.5,1.0
025_RC205,25,RC,6,0,OPTIMAL,333.6388,6,6,5,1,0,1.0,333.6388,0.0,0.0,90,0.75,0.5,1.0
025_RC205,25,RC,6,1,OPTIMAL,305.831,6,6,5,1,0,1.0,305.831,0.0,0.0,90,0.75,0.5,1.0
025_RC205,25,RC,6,2,OPTIMAL,184.657,6,3,1,2,3,0.5,169.2823,0.0,15.3747,90,0.75,0.5,1.0
025_RC205,25,RC,6,3,OPTIMAL,338.5613,6,5,5,0,1,0.8333,298.8966,0.0,39.6647,90,0.75,0.5,1.0
025_RC205,25,RC,6,4,OPTIMAL,366.7568,6,6,5,1,0,1.0,366.7568,0.0,0.0,90,0.75,0.5,1.0
025_RC205,25,RC,6,5,OPTIMAL,190.9651,6,3,3,0,3,0.5,183.4446,0.0,7.5205,90,0.75,0.5,1.0
025_RC205,25,RC,6,6,OPTIMAL,232.8932,6,4,4,0,2,0.6667,218.6721,0.0,14.2212,90,0.75,0.5,1.0
025_RC205,25,RC,6,7,OPTIMAL,207.2199,6,3,2,1,3,0.5,183.0816,0.0,24.1382,90,0.75,0.5,1.0
025_RC205,25,RC,6,8,OPTIMAL,350.5199,6,6,4,2,0,1.0,350.5199,0.0,0.0,90,0.75,0.5,1.0
025_RC205,25,RC,6,9,OPTIMAL,289.2978,6,5,3,2,1,0.8333,285.792,0.0,3.5058,90,0.75,0.5,1.0
025_RC206,25,RC,2,0,OPTIMAL,35.1203,2,0,0,0,2,0.0,0.0,0.0,35.1203,90,0.75,0.5,1.0
025_RC206,25,RC,2,1,OPTIMAL,62.8652,2,1,1,0,1,0.5,62.0534,0.0,0.8118,90,0.75,0.5,1.0
025_RC206,25,RC,2,2,OPTIMAL,56.6863,2,1,1,0,1,0.5,56.0758,0.0,0.6105,90,0.75,0.5,1.0
025_RC206,25,RC,2,3,OPTIMAL,66.8746,2,1,1,0,1,0.5,62.2384,0.0,4.6362,90,0.75,0.5,1.0
025_RC206,25,RC,2,4,OPTIMAL,116.8319,2,2,2,0,0,1.0,116.8319,0.0,0.0,90,0.75,0.5,1.0
025_RC206,25,RC,2,5,OPTIMAL,108.343,2,2,0,2,0,1.0,108.343,0.0,0.0,90,0.75,0.5,1.0
025_RC206,25,RC,2,6,OPTIMAL,76.6506,2,1,1,0,1,0.5,68.1829,0.0,8.4676,90,0.75,0.5,1.0
025_RC206,25,RC,2,7,OPTIMAL,52.0099,2,1,1,0,1,0.5,49.4275,0.0,2.5824,90,0.75,0.5,1.0
025_RC206,25,RC,2,8,OPTIMAL,107.0023,2,2,1,1,0,1.0,107.0023,0.0,0.0,90,0.75,0.5,1.0
025_RC206,25,RC,2,9,OPTIMAL,75.919,2,1,0,1,1,0.5,66.4435,0.0,9.4756,90,0.75,0.5,1.0
025_RC206,25,RC,4,0,OPTIMAL,228.4287,4,4,2,2,0,1.0,228.4287,0.0,0.0,90,0.75,0.5,1.0
025_RC206,25,RC,4,1,OPTIMAL,223.6184,4,3,3,0,1,0.75,176.4499,0.0,47.1685,90,0.75,0.5,1.0
025_RC206,25,RC,4,2,OPTIMAL,157.0683,4,3,3,0,1,0.75,155.193,0.0,1.8753,90,0.75,0.5,1.0
025_RC206,25,RC,4,3,OPTIMAL,172.1586,4,3,2,1,1,0.75,163.9259,0.0,8.2327,90,0.75,0.5,1.0
025_RC206,25,RC,4,4,OPTIMAL,213.5729,4,4,3,1,0,1.0,213.5729,0.0,0.0,90,0.75,0.5,1.0
025_RC206,25,RC,4,5,OPTIMAL,124.2268,4,2,2,0,2,0.5,104.7491,0.0,19.4777,90,0.75,0.5,1.0
025_RC206,25,RC,4,6,OPTIMAL,121.2759,4,2,1,1,2,0.5,104.4391,0.0,16.8367,90,0.75,0.5,1.0
025_RC206,25,RC,4,7,OPTIMAL,211.4362,4,3,3,0,1,0.75,205.5709,0.0,5.8653,90,0.75,0.5,1.0
025_RC206,25,RC,4,8,OPTIMAL,235.3619,4,4,3,1,0,1.0,235.3619,0.0,0.0,90,0.75,0.5,1.0
025_RC206,25,RC,4,9,OPTIMAL,244.4656,4,3,3,0,1,0.75,196.1659,0.0,48.2997,90,0.75,0.5,1.0
025_RC206,25,RC,6,0,OPTIMAL,229.4047,6,4,2,2,2,0.6667,221.668,0.0,7.7368,90,0.75,0.5,1.0
025_RC206,25,RC,6,1,OPTIMAL,260.7277,6,5,4,1,1,0.8333,257.1318,0.0,3.5959,90,0.75,0.5,1.0
025_RC206,25,RC,6,2,OPTIMAL,225.92,6,4,3,1,2,0.6667,214.1737,0.0,11.7463,90,0.75,0.5,1.0
025_RC206,25,RC,6,3,OPTIMAL,244.9028,6,4,2,2,2,0.6667,226.6607,0.0,18.242,90,0.75,0.5,1.0
025_RC206,25,RC,6,4,OPTIMAL,366.7568,6,6,5,1,0,1.0,366.7568,0.0,0.0,90,0.75,0.5,1.0
025_RC206,25,RC,6,5,OPTIMAL,240.4191,6,4,3,1,2,0.6667,237.0315,0.0,3.3876,90,0.75,0.5,1.0
025_RC206,25,RC,6,6,OPTIMAL,229.9196,6,4,3,1,2,0.6667,222.1902,0.0,7.7294,90,0.75,0.5,1.0
025_RC206,25,RC,6,7,OPTIMAL,293.9055,6,5,4,1,1,0.8333,288.135,0.0,5.7705,90,0.75,0.5,1.0
025_RC206,25,RC,6,8,OPTIMAL,350.5199,6,6,4,2,0,1.0,350.5199,0.0,0.0,90,0.75,0.5,1.0
025_RC206,25,RC,6,9,OPTIMAL,228.0302,6,4,3,1,2,0.6667,218.724,0.0,9.3062,90,0.75,0.5,1.0
025_RC207,25,RC,2,0,OPTIMAL,103.064,2,2,2,0,0,1.0,103.064,0.0,0.0,90,0.75,0.5,1.0
025_RC207,25,RC,2,1,OPTIMAL,117.4785,2,2,0,2,0,1.0,117.4785,0.0,0.0,90,0.75,0.5,1.0
025_RC207,25,RC,2,2,OPTIMAL,106.2211,2,2,2,0,0,1.0,106.2211,0.0,0.0,90,0.75,0.5,1.0
025_RC207,25,RC,2,3,OPTIMAL,109.2096,2,1,1,0,1,0.5,62.2384,0.0,46.9712,90,0.75,0.5,1.0
025_RC207,25,RC,2,4,OPTIMAL,66.1655,2,1,1,0,1,0.5,66.0402,0.0,0.1253,90,0.75,0.5,1.0
025_RC207,25,RC,2,5,OPTIMAL,108.343,2,2,2,0,0,1.0,108.343,0.0,0.0,90,0.75,0.5,1.0
025_RC207,25,RC,2,6,OPTIMAL,121.9043,2,2,2,0,0,1.0,121.9043,0.0,0.0,90,0.75,0.5,1.0
025_RC207,25,RC,2,7,OPTIMAL,98.7047,2,2,2,0,0,1.0,98.7047,0.0,0.0,90,0.75,0.5,1.0
025_RC207,25,RC,2,8,OPTIMAL,63.7933,2,1,1,0,1,0.5,63.7571,0.0,0.0362,90,0.75,0.5,1.0
025_RC207,25,RC,2,9,OPTIMAL,66.6687,2,1,1,0,1,0.5,66.4435,0.0,0.2253,90,0.75,0.5,1.0
025_RC207,25,RC,4,0,OPTIMAL,228.4287,4,4,4,0,0,1.0,228.4287,0.0,0.0,90,0.75,0.5,1.0
025_RC207,25,RC,4,1,OPTIMAL,183.354,4,3,3,0,1,0.75,182.5816,0.0,0.7724,90,0.75,0.5,1.0
025_RC207,25,RC,4,2,OPTIMAL,108.6929,4,1,1,0,3,0.25,48.8128,0.0,59.8801,90,0.75,0.5,1.0
025_RC207,25,RC,4,3,OPTIMAL,173.6433,4,3,2,1,1,0.75,172.4109,0.0,1.2323,90,0.75,0.5,1.0
025_RC207,25,RC,4,4,OPTIMAL,168.7189,4,3,2,1,1,0.75,165.5788,0.0,3.1402,90,0.75,0.5,1.0
025_RC207,25,RC,4,5,OPTIMAL,180.4471,4,3,2,1,1,0.75,174.1285,0.0,6.3187,90,0.75,0.5,1.0
025_RC207,25,RC,4,6,OPTIMAL,181.8378,4,3,3,0,1,0.75,157.9296,0.0,23.9082,90,0.75,0.5,1.0
025_RC207,25,RC,4,7,OPTIMAL,167.2454,4,2,1,1,2,0.5,142.0143,0.0,25.2311,90,0.75,0.5,1.0
025_RC207,25,RC,4,8,OPTIMAL,130.8787,4,2,2,0,2,0.5,117.7022,0.0,13.1766,90,0.75,0.5,1.0
025_RC207,25,RC,4,9,OPTIMAL,147.1528,4,2,1,1,2,0.5,127.7212,0.0,19.4315,90,0.75,0.5,1.0
025_RC207,25,RC,6,0,OPTIMAL,238.6558,6,4,2,2,2,0.6667,235.7114,0.0,2.9444,90,0.75,0.5,1.0
025_RC207,25,RC,6,1,OPTIMAL,305.831,6,6,3,3,0,1.0,305.831,0.0,0.0,90,0.75,0.5,1.0
025_RC207,25,RC,6,2,OPTIMAL,273.9043,6,5,3,2,1,0.8333,268.8954,0.0,5.009,90,0.75,0.5,1.0
025_RC207,25,RC,6,3,OPTIMAL,280.3351,6,4,2,2,2,0.6667,240.2313,0.0,40.1038,90,0.75,0.5,1.0
025_RC207,25,RC,6,4,OPTIMAL,366.7568,6,6,6,0,0,1.0,366.7568,0.0,0.0,90,0.75,0.5,1.0
025_RC207,25,RC,6,5,OPTIMAL,162.1225,6,3,3,0,3,0.5,157.2443,0.0,4.8782,90,0.75,0.5,1.0
025_RC207,25,RC,6,6,OPTIMAL,279.3572,6,5,3,2,1,0.8333,271.6405,0.0,7.7167,90,0.75,0.5,1.0
025_RC207,25,RC,6,7,OPTIMAL,169.8855,6,2,2,0,4,0.3333,127.3956,0.0,42.49,90,0.75,0.5,1.0
025_RC207,25,RC,6,8,OPTIMAL,332.2436,6,5,5,0,1,0.8333,293.6114,0.0,38.6322,90,0.75,0.5,1.0
025_RC207,25,RC,6,9,OPTIMAL,256.6122,6,4,1,3,2,0.6667,225.2484,0.0,31.3637,90,0.75,0.5,1.0
025_RC208,25,RC,2,0,OPTIMAL,55.1367,2,1,0,1,1,0.5,54.1163,0.0,1.0204,90,0.75,0.5,1.0
025_RC208,25,RC,2,1,OPTIMAL,117.4785,2,2,2,0,0,1.0,117.4785,0.0,0.0,90,0.75,0.5,1.0
025_RC208,25,RC,2,2,OPTIMAL,106.2211,2,2,2,0,0,1.0,106.2211,0.0,0.0,90,0.75,0.5,1.0
025_RC208,25,RC,2,3,OPTIMAL,118.1334,2,2,2,0,0,1.0,118.1334,0.0,0.0,90,0.75,0.5,1.0
025_RC208,25,RC,2,4,OPTIMAL,66.0404,2,1,1,0,1,0.5,66.0402,0.0,0.0001,90,0.75,0.5,1.0
025_RC208,25,RC,2,5,OPTIMAL,108.343,2,2,2,0,0,1.0,108.343,0.0,0.0,90,0.75,0.5,1.0
025_RC208,25,RC,2,6,OPTIMAL,121.9043,2,2,2,0,0,1.0,121.9043,0.0,0.0,90,0.75,0.5,1.0
025_RC208,25,RC,2,7,OPTIMAL,98.7047,2,2,2,0,0,1.0,98.7047,0.0,0.0,90,0.75,0.5,1.0
025_RC208,25,RC,2,8,OPTIMAL,44.3456,2,1,1,0,1,0.5,43.2453,0.0,1.1004,90,0.75,0.5,1.0
025_RC208,25,RC,2,9,OPTIMAL,66.6687,2,1,1,0,1,0.5,66.4435,0.0,0.2253,90,0.75,0.5,1.0
025_RC208,25,RC,4,0,OPTIMAL,122.9772,4,2,2,0,2,0.5,101.3034,0.0,21.6739,90,0.75,0.5,1.0
025_RC208,25,RC,4,1,OPTIMAL,139.5354,4,2,2,0,2,0.5,124.7353,0.0,14.8,90,0.75,0.5,1.0
025_RC208,25,RC,4,2,OPTIMAL,119.6448,4,2,2,0,2,0.5,99.4578,0.0,20.187,90,0.75,0.5,1.0
025_RC208,25,RC,4,3,OPTIMAL,172.9177,4,3,3,0,1,0.75,172.4109,0.0,0.5067,90,0.75,0.5,1.0
025_RC208,25,RC,4,4,OPTIMAL,213.5729,4,4,4,0,0,1.0,213.5729,0.0,0.0,90,0.75,0.5,1.0
025_RC208,25,RC,4,5,OPTIMAL,67.8926,4,1,1,0,3,0.25,51.3503,0.0,16.5423,90,0.75,0.5,1.0
025_RC208,25,RC,4,6,OPTIMAL,215.6704,4,4,4,0,0,1.0,215.6704,0.0,0.0,90,0.75,0.5,1.0
025_RC208,25,RC,4,7,OPTIMAL,273.1135,4,4,4,0,0,1.0,273.1135,0.0,0.0,90,0.75,0.5,1.0
025_RC208,25,RC,4,8,OPTIMAL,131.1264,4,2,2,0,2,0.5,117.7022,0.0,13.4243,90,0.75,0.5,1.0
025_RC208,25,RC,4,9,OPTIMAL,191.4414,4,3,3,0,1,0.75,184.577,0.0,6.8643,90,0.75,0.5,1.0
025_RC208,25,RC,6,0,OPTIMAL,333.6388,6,6,6,0,0,1.0,333.6388,0.0,0.0,90,0.75,0.5,1.0
025_RC208,25,RC,6,1,OPTIMAL,284.8055,6,5,5,0,1,0.8333,257.1318,0.0,27.6737,90,0.75,0.5,1.0
025_RC208,25,RC,6,2,OPTIMAL,206.9166,6,3,3,0,3,0.5,169.2823,0.0,37.6343,90,0.75,0.5,1.0
025_RC208,25,RC,6,3,OPTIMAL,301.0464,6,5,5,0,1,0.8333,298.8966,0.0,2.1497,90,0.75,0.5,1.0
025_RC208,25,RC,6,4,OPTIMAL,319.1605,6,5,5,0,1,0.8333,299.3275,0.0,19.833,90,0.75,0.5,1.0
025_RC208,25,RC,6,5,OPTIMAL,223.0027,6,3,3,0,3,0.5,183.4446,0.0,39.5581,90,0.75,0.5,1.0
025_RC208,25,RC,6,6,OPTIMAL,238.7285,6,4,4,0,2,0.6667,213.6218,0.0,25.1068,90,0.75,0.5,1.0
025_RC208,25,RC,6,7,OPTIMAL,191.971,6,3,2,1,3,0.5,183.0816,0.0,8.8893,90,0.75,0.5,1.0
025_RC208,25,RC,6,8,OPTIMAL,293.0887,6,5,5,0,1,0.8333,292.0797,0.0,1.0089,90,0.75,0.5,1.0
025_RC208,25,RC,6,9,OPTIMAL,276.2782,6,4,4,0,2,0.6667,225.1632,0.0,51.1149,90,0.75,0.5,1.0
