instance,size,class,level,seed_idx,status,objective,n_emergencies,n_outsourced,n_outsourced_infeasible,n_outsourced_economic,n_inserted,frac_outsourced,outsourcing,tw_penalty,completion_penalty,W,LAMBDA,PI_S,PI_C
010_C101,10,C,1,0,OPTIMAL,6.4458,1,0,0,0,1,0.0,0.0,0.0,6.4458,120,0.75,2.0,1.0
010_C101,10,C,1,1,OPTIMAL,2.8206,1,0,0,0,1,0.0,0.0,0.0,2.8206,120,0.75,2.0,1.0
010_C101,10,C,1,2,OPTIMAL,7.8471,1,0,0,0,1,0.0,0.0,0.0,7.8471,120,0.75,2.0,1.0
010_C101,10,C,1,3,OPTIMAL,32.5475,1,0,0,0,1,0.0,0.0,0.0,32.5475,120,0.75,2.0,1.0
010_C101,10,C,1,4,OPTIMAL,45.679,1,1,1,0,0,1.0,45.679,0.0,0.0,120,0.75,2.0,1.0
010_C101,10,C,1,5,OPTIMAL,55.1658,1,1,1,0,0,1.0,55.1658,0.0,0.0,120,0.75,2.0,1.0
010_C101,10,C,1,6,OPTIMAL,13.0602,1,1,1,0,0,1.0,13.0602,0.0,0.0,120,0.75,2.0,1.0
010_C101,10,C,1,7,OPTIMAL,28.1088,1,1,1,0,0,1.0,28.1088,0.0,0.0,120,0.75,2.0,1.0
010_C101,10,C,1,8,OPTIMAL,5.5276,1,0,0,0,1,0.0,0.0,0.0,5.5276,120,0.75,2.0,1.0
010_C101,10,C,1,9,OPTIMAL,24.0334,1,1,1,0,0,1.0,24.0334,0.0,0.0,120,0.75,2.0,1.0
010_C101,10,C,2,0,OPTIMAL,78.9645,2,1,1,0,1,0.5,31.8995,0.0,47.065,120,0.75,2.0,1.0
010_C101,10,C,2,1,OPTIMAL,86.5546,2,2,2,0,0,1.0,86.5546,0.0,0.0,120,0.75,2.0,1.0
010_C101,10,C,2,2,OPTIMAL,56.3508,2,2,2,0,0,1.0,56.3508,0.0,0.0,120,0.75,2.0,1.0
010_C101,10,C,2,3,OPTIMAL,19.3764,2,1,1,0,1,0.5,18.2049,0.0,1.1714,120,0.75,2.0,1.0
010_C101,10,C,2,4,OPTIMAL,72.0398,2,2,2,0,0,1.0,72.0398,0.0,0.0,120,0.75,2.0,1.0
010_C101,10,C,2,5,OPTIMAL,29.5364,2,1,1,0,1,0.5,23.9055,0.0,5.631,120,0.75,2.0,1.0
010_C101,10,C,2,6,OPTIMAL,83.2263,2,2,2,0,0,1.0,83.2263,0.0,0.0,120,0.75,2.0,1.0
010_C101,10,C,2,7,OPTIMAL,14.3731,2,0,0,0,2,0.0,0.0,0.0,14.3731,120,0.75,2.0,1.0
010_C101,10,C,2,8,OPTIMAL,44.0438,2,2,1,1,0,1.0,44.0438,0.0,0.0,120,0.75,2.0,1.0
010_C101,10,C,2,9,OPTIMAL,92.0678,2,2,2,0,0,1.0,92.0678,0.0,0.0,120,0.75,2.0,1.0
010_C101,10,C,3,0,OPTIMAL,112.747,3,3,3,0,0,1.0,112.747,0.0,0.0,120,0.75,2.0,1.0
010_C101,10,C,3,1,OPTIMAL,98.8041,3,3,3,0,0,1.0,98.8041,0.0,0.0,120,0.75,2.0,1.0
010_C101,10,C,3,2,OPTIMAL,110.0426,3,3,3,0,0,1.0,110.0426,0.0,0.0,120,0.75,2.0,1.0
010_C101,10,C,3,3,OPTIMAL,79.9524,3,1,1,0,2,0.3333,61.6021,0.0,18.3502,120,0.75,2.0,1.0
010_C101,10,C,3,4,OPTIMAL,78.4586,3,3,3,0,0,1.0,78.4586,0.0,0.0,120,0.75,2.0,1.0
010_C101,10,C,3,5,OPTIMAL,41.982,3,2,2,0,1,0.6667,41.1708,0.0,0.8111,120,0.75,2.0,1.0
010_C101,10,C,3,6,OPTIMAL,17.449,3,1,0,1,2,0.3333,16.0285,0.0,1.4204,120,0.75,2.0,1.0
010_C101,10,C,3,7,OPTIMAL,69.4419,3,1,0,1,2,0.3333,60.8417,0.0,8.6002,120,0.75,2.0,1.0
010_C101,10,C,3,8,OPTIMAL,81.296,3,2,2,0,1,0.6667,77.8905,0.0,3.4054,120,0.75,2.0,1.0
010_C101,10,C,3,9,OPTIMAL,46.5771,3,1,1,0,2,0.3333,29.1874,0.0,17.3896,120,0.75,2.0,1.0
010_C102,10,C,1,0,OPTIMAL,17.2946,1,0,0,0,1,0.0,0.0,0.0,17.2946,120,0.75,2.0,1.0
010_C102,10,C,1,1,OPTIMAL,21.1747,1,1,1,0,0,1.0,21.1747,0.0,0.0,120,0.75,2.0,1.0
010_C102,10,C,1,2,OPTIMAL,30.1401,1,1,0,1,0,1.0,30.1401,0.0,0.0,120,0.75,2.0,1.0
010_C102,10,C,1,3,OPTIMAL,43.2692,1,1,1,0,0,1.0,43.2692,0.0,0.0,120,0.75,2.0,1.0
010_C102,10,C,1,4,OPTIMAL,45.679,1,1,1,0,0,1.0,45.679,0.0,0.0,120,0.75,2.0,1.0
010_C102,10,C,1,5,OPTIMAL,55.1658,1,1,1,0,0,1.0,55.1658,0.0,0.0,120,0.75,2.0,1.0
010_C102,10,C,1,6,OPTIMAL,13.0602,1,1,1,0,0,1.0,13.0602,0.0,0.0,120,0.75,2.0,1.0
010_C102,10,C,1,7,OPTIMAL,28.1088,1,1,1,0,0,1.0,28.1088,0.0,0.0,120,0.75,2.0,1.0
010_C102,10,C,1,8,OPTIMAL,26.7534,1,1,1,0,0,1.0,26.7534,0.0,0.0,120,0.75,2.0,1.0
010_C102,10,C,1,9,OPTIMAL,24.0334,1,1,1,0,0,1.0,24.0334,0.0,0.0,120,0.75,2.0,1.0
010_C102,10,C,2,0,OPTIMAL,90.9237,2,2,1,1,0,1.0,90.9237,0.0,0.0,120,0.75,2.0,1.0
010_C102,10,C,2,1,OPTIMAL,86.5546,2,2,2,0,0,1.0,86.5546,0.0,0.0,120,0.75,2.0,1.0
010_C102,10,C,2,2,OPTIMAL,56.3508,2,2,2,0,0,1.0,56.3508,0.0,0.0,120,0.75,2.0,1.0
010_C102,10,C,2,3,OPTIMAL,48.0396,2,2,2,0,0,1.0,48.0396,0.0,0.0,120,0.75,2.0,1.0
010_C102,10,C,2,4,OPTIMAL,72.0398,2,2,2,0,0,1.0,72.0398,0.0,0.0,120,0.75,2.0,1.0
010_C102,10,C,2,5,OPTIMAL,29.5364,2,1,1,0,1,0.5,23.9055,0.0,5.631,120,0.75,2.0,1.0
010_C102,10,C,2,6,OPTIMAL,83.2263,2,2,2,0,0,1.0,83.2263,0.0,0.0,120,0.75,2.0,1.0
010_C102,10,C,2,7,OPTIMAL,45.2934,2,2,2,0,0,1.0,45.2934,0.0,0.0,120,0.75,2.0,1.0
010_C102,10,C,2,8,OPTIMAL,44.0438,2,2,2,0,0,1.0,44.0438,0.0,0.0,120,0.75,2.0,1.0
010_C102,10,C,2,9,OPTIMAL,92.0678,2,2,2,0,0,1.0,92.0678,0.0,0.0,120,0.75,2.0,1.0
010_C102,10,C,3,0,OPTIMAL,112.747,3,3,3,0,0,1.0,112.747,0.0,0.0,120,0.75,2.0,1.0
010_C102,10,C,3,1,OPTIMAL,98.8041,3,3,3,0,0,1.0,98.8041,0.0,0.0,120,0.75,2.0,1.0
010_C102,10,C,3,2,OPTIMAL,110.0426,3,3,3,0,0,1.0,110.0426,0.0,0.0,120,0.75,2.0,1.0
010_C102,10,C,3,3,OPTIMAL,82.3538,3,2,2,0,1,0.6667,76.6608,0.0,5.6931,120,0.75,2.0,1.0
010_C102,10,C,3,4,OPTIMAL,78.4586,3,3,3,0,0,1.0,78.4586,0.0,0.0,120,0.75,2.0,1.0
010_C102,10,C,3,5,OPTIMAL,98.8952,3,3,3,0,0,1.0,98.8952,0.0,0.0,120,0.75,2.0,1.0
010_C102,10,C,3,6,OPTIMAL,70.5203,3,3,3,0,0,1.0,70.5203,0.0,0.0,120,0.75,2.0,1.0
010_C102,10,C,3,7,OPTIMAL,120.9858,3,3,3,0,0,1.0,120.9858,0.0,0.0,120,0.75,2.0,1.0
010_C102,10,C,3,8,OPTIMAL,81.296,3,2,2,0,1,0.6667,77.8905,0.0,3.4054,120,0.75,2.0,1.0
010_C102,10,C,3,9,OPTIMAL,72.0097,3,3,3,0,0,1.0,72.0097,0.0,0.0,120,0.75,2.0,1.0
010_C103,10,C,1,0,OPTIMAL,18.831,1,1,0,1,0,1.0,18.831,0.0,0.0,120,0.75,2.0,1.0
010_C103,10,C,1,1,OPTIMAL,21.1747,1,1,1,0,0,1.0,21.1747,0.0,0.0,120,0.75,2.0,1.0
010_C103,10,C,1,2,OPTIMAL,30.1401,1,1,0,1,0,1.0,30.1401,0.0,0.0,120,0.75,2.0,1.0
010_C103,10,C,1,3,OPTIMAL,43.2692,1,1,1,0,0,1.0,43.2692,0.0,0.0,120,0.75,2.0,1.0
010_C103,10,C,1,4,OPTIMAL,45.679,1,1,1,0,0,1.0,45.679,0.0,0.0,120,0.75,2.0,1.0
010_C103,10,C,1,5,OPTIMAL,55.1658,1,1,1,0,0,1.0,55.1658,0.0,0.0,120,0.75,2.0,1.0
010_C103,10,C,1,6,OPTIMAL,13.0602,1,1,1,0,0,1.0,13.0602,0.0,0.0,120,0.75,2.0,1.0
010_C103,10,C,1,7,OPTIMAL,28.1088,1,1,1,0,0,1.0,28.1088,0.0,0.0,120,0.75,2.0,1.0
010_C103,10,C,1,8,OPTIMAL,26.7534,1,1,1,0,0,1.0,26.7534,0.0,0.0,120,0.75,2.0,1.0
010_C103,10,C,1,9,OPTIMAL,24.0334,1,1,1,0,0,1.0,24.0334,0.0,0.0,120,0.75,2.0,1.0
010_C103,10,C,2,0,OPTIMAL,90.9237,2,2,1,1,0,1.0,90.9237,0.0,0.0,120,0.75,2.0,1.0
010_C103,10,C,2,1,OPTIMAL,86.5546,2,2,2,0,0,1.0,86.5546,0.0,0.0,120,0.75,2.0,1.0
010_C103,10,C,2,2,OPTIMAL,56.3508,2,2,2,0,0,1.0,56.3508,0.0,0.0,120,0.75,2.0,1.0
010_C103,10,C,2,3,OPTIMAL,48.0396,2,2,2,0,0,1.0,48.0396,0.0,0.0,120,0.75,2.0,1.0
010_C103,10,C,2,4,OPTIMAL,72.0398,2,2,2,0,0,1.0,72.0398,0.0,0.0,120,0.75,2.0,1.0
010_C103,10,C,2,5,OPTIMAL,39.5063,2,2,2,0,0,1.0,39.5063,0.0,0.0,120,0.75,2.0,1.0
010_C103,10,C,2,6,OPTIMAL,83.2263,2,2,2,0,0,1.0,83.2263,0.0,0.0,120,0.75,2.0,1.0
010_C103,10,C,2,7,OPTIMAL,45.2934,2,2,2,0,0,1.0,45.2934,0.0,0.0,120,0.75,2.0,1.0
010_C103,10,C,2,8,OPTIMAL,44.0438,2,2,2,0,0,1.0,44.0438,0.0,0.0,120,0.75,2.0,1.0
010_C103,10,C,2,9,OPTIMAL,92.0678,2,2,2,0,0,1.0,92.0678,0.0,0.0,120,0.75,2.0,1.0
010_C103,10,C,3,0,OPTIMAL,112.747,3,3,3,0,0,1.0,112.747,0.0,0.0,120,0.75,2.0,1.0
010_C103,10,C,3,1,OPTIMAL,98.8041,3,3,3,0,0,1.0,98.8041,0.0,0.0,120,0.75,2.0,1.0
010_C103,10,C,3,2,OPTIMAL,110.0426,3,3,3,0,0,1.0,110.0426,0.0,0.0,120,0.75,2.0,1.0
010_C103,10,C,3,3,OPTIMAL,92.5046,3,3,3,0,0,1.0,92.5046,0.0,0.0,120,0.75,2.0,1.0
010_C103,10,C,3,4,OPTIMAL,78.4586,3,3,3,0,0,1.0,78.4586,0.0,0.0,120,0.75,2.0,1.0
010_C103,10,C,3,5,OPTIMAL,98.8952,3,3,3,0,0,1.0,98.8952,0.0,0.0,120,0.75,2.0,1.0
010_C103,10,C,3,6,OPTIMAL,70.5203,3,3,3,0,0,1.0,70.5203,0.0,0.0,120,0.75,2.0,1.0
010_C103,10,C,3,7,OPTIMAL,120.9858,3,3,3,0,0,1.0,120.9858,0.0,0.0,120,0.75,2.0,1.0
010_C103,10,C,3,8,OPTIMAL,103.047,3,3,3,0,0,1.0,103.047,0.0,0.0,120,0.75,2.0,1.0
010_C103,10,C,3,9,OPTIMAL,72.0097,3,3,3,0,0,1.0,72.0097,0.0,0.0,120,0.75,2.0,1.0
010_C104,10,C,1,0,OPTIMAL,18.831,1,1,0,1,0,1.0,18.831,0.0,0.0,120,0.75,2.0,1.0
010_C104,10,C,1,1,OPTIMAL,21.1747,1,1,1,0,0,1.0,21.1747,0.0,0.0,120,0.75,2.0,1.0
010_C104,10,C,1,2,OPTIMAL,30.1401,1,1,0,1,0,1.0,30.1401,0.0,0.0,120,0.75,2.0,1.0
010_C104,10,C,1,3,OPTIMAL,43.2692,1,1,1,0,0,1.0,43.2692,0.0,0.0,120,0.75,2.0,1.0
010_C104,10,C,1,4,OPTIMAL,45.679,1,1,1,0,0,1.0,45.679,0.0,0.0,120,0.75,2.0,1.0
010_C104,10,C,1,5,OPTIMAL,55.1658,1,1,1,0,0,1.0,55.1658,0.0,0.0,120,0.75,2.0,1.0
010_C104,10,C,1,6,OPTIMAL,13.0602,1,1,1,0,0,1.0,13.0602,0.0,0.0,120,0.75,2.0,1.0
010_C104,10,C,1,7,OPTIMAL,28.1088,1,1,1,0,0,1.0,28.1088,0.0,0.0,120,0.75,2.0,1.0
010_C104,10,C,1,8,OPTIMAL,26.7534,1,1,1,0,0,1.0,26.7534,0.0,0.0,120,0.75,2.0,1.0
010_C104,10,C,1,9,OPTIMAL,24.0334,1,1,1,0,0,1.0,24.0334,0.0,0.0,120,0.75,2.0,1.0
010_C104,10,C,2,0,OPTIMAL,90.9237,2,2,1,1,0,1.0,90.9237,0.0,0.0,120,0.75,2.0,1.0
010_C104,10,C,2,1,OPTIMAL,86.5546,2,2,2,0,0,1.0,86.5546,0.0,0.0,120,0.75,2.0,1.0
010_C104,10,C,2,2,OPTIMAL,56.3508,2,2,2,0,0,1.0,56.3508,0.0,0.0,120,0.75,2.0,1.0
010_C104,10,C,2,3,OPTIMAL,48.0396,2,2,2,0,0,1.0,48.0396,0.0,0.0,120,0.75,2.0,1.0
010_C104,10,C,2,4,OPTIMAL,72.0398,2,2,2,0,0,1.0,72.0398,0.0,0.0,120,0.75,2.0,1.0
010_C104,10,C,2,5,OPTIMAL,39.5063,2,2,2,0,0,1.0,39.5063,0.0,0.0,120,0.75,2.0,1.0
010_C104,10,C,2,6,OPTIMAL,83.2263,2,2,2,0,0,1.0,83.2263,0.0,0.0,120,0.75,2.0,1.0
010_C104,10,C,2,7,OPTIMAL,45.2934,2,2,2,0,0,1.0,45.2934,0.0,0.0,120,0.75,2.0,1.0
010_C104,10,C,2,8,OPTIMAL,44.0438,2,2,2,0,0,1.0,44.0438,0.0,0.0,120,0.75,2.0,1.0
010_C104,10,C,2,9,OPTIMAL,92.0678,2,2,2,0,0,1.0,92.0678,0.0,0.0,120,0.75,2.0,1.0
010_C104,10,C,3,0,OPTIMAL,112.747,3,3,3,0,0,1.0,112.747,0.0,0.0,120,0.75,2.0,1.0
010_C104,10,C,3,1,OPTIMAL,98.8041,3,3,3,0,0,1.0,98.8041,0.0,0.0,120,0.75,2.0,1.0
010_C104,10,C,3,2,OPTIMAL,110.0426,3,3,3,0,0,1.0,110.0426,0.0,0.0,120,0.75,2.0,1.0
010_C104,10,C,3,3,OPTIMAL,92.5046,3,3,3,0,0,1.0,92.5046,0.0,0.0,120,0.75,2.0,1.0
010_C104,10,C,3,4,OPTIMAL,78.4586,3,3,3,0,0,1.0,78.4586,0.0,0.0,120,0.75,2.0,1.0
010_C104,10,C,3,5,OPTIMAL,98.8952,3,3,3,0,0,1.0,98.8952,0.0,0.0,120,0.75,2.0,1.0
010_C104,10,C,3,6,OPTIMAL,70.5203,3,3,3,0,0,1.0,70.5203,0.0,0.0,120,0.75,2.0,1.0
010_C104,10,C,3,7,OPTIMAL,120.9858,3,3,3,0,0,1.0,120.9858,0.0,0.0,120,0.75,2.0,1.0
010_C104,10,C,3,8,OPTIMAL,103.047,3,3,3,0,0,1.0,103.047,0.0,0.0,120,0.75,2.0,1.0
010_C104,10,C,3,9,OPTIMAL,72.0097,3,3,3,0,0,1.0,72.0097,0.0,0.0,120,0.75,2.0,1.0
010_C105,10,C,1,0,OPTIMAL,6.4458,1,0,0,0,1,0.0,0.0,0.0,6.4458,120,0.75,2.0,1.0
010_C105,10,C,1,1,OPTIMAL,0.0013,1,0,0,0,1,0.0,0.0,0.0,0.0013,120,0.75,2.0,1.0
010_C105,10,C,1,2,OPTIMAL,7.8471,1,0,0,0,1,0.0,0.0,0.0,7.8471,120,0.75,2.0,1.0
010_C105,10,C,1,3,OPTIMAL,32.5475,1,0,0,0,1,0.0,0.0,0.0,32.5475,120,0.75,2.0,1.0
010_C105,10,C,1,4,OPTIMAL,45.679,1,1,1,0,0,1.0,45.679,0.0,0.0,120,0.75,2.0,1.0
010_C105,10,C,1,5,OPTIMAL,55.1658,1,1,1,0,0,1.0,55.1658,0.0,0.0,120,0.75,2.0,1.0
010_C105,10,C,1,6,OPTIMAL,13.0602,1,1,1,0,0,1.0,13.0602,0.0,0.0,120,0.75,2.0,1.0
010_C105,10,C,1,7,OPTIMAL,28.1088,1,1,1,0,0,1.0,28.1088,0.0,0.0,120,0.75,2.0,1.0
010_C105,10,C,1,8,OPTIMAL,5.5276,1,0,0,0,1,0.0,0.0,0.0,5.5276,120,0.75,2.0,1.0
010_C105,10,C,1,9,OPTIMAL,24.0334,1,1,1,0,0,1.0,24.0334,0.0,0.0,120,0.75,2.0,1.0
010_C105,10,C,2,0,OPTIMAL,90.9237,2,2,2,0,0,1.0,90.9237,0.0,0.0,120,0.75,2.0,1.0
010_C105,10,C,2,1,OPTIMAL,86.5546,2,2,2,0,0,1.0,86.5546,0.0,0.0,120,0.75,2.0,1.0
010_C105,10,C,2,2,OPTIMAL,56.3508,2,2,2,0,0,1.0,56.3508,0.0,0.0,120,0.75,2.0,1.0
010_C105,10,C,2,3,OPTIMAL,19.3764,2,1,1,0,1,0.5,18.2049,0.0,1.1714,120,0.75,2.0,1.0
010_C105,10,C,2,4,OPTIMAL,50.0122,2,1,1,0,1,0.5,46.4993,0.0,3.5129,120,0.75,2.0,1.0
010_C105,10,C,2,5,OPTIMAL,29.5364,2,1,1,0,1,0.5,23.9055,0.0,5.631,120,0.75,2.0,1.0
010_C105,10,C,2,6,OPTIMAL,83.2263,2,2,2,0,0,1.0,83.2263,0.0,0.0,120,0.75,2.0,1.0
010_C105,10,C,2,7,OPTIMAL,15.3033,2,1,1,0,1,0.5,15.2343,0.0,0.069,120,0.75,2.0,1.0
010_C105,10,C,2,8,OPTIMAL,44.0438,2,2,2,0,0,1.0,44.0438,0.0,0.0,120,0.75,2.0,1.0
010_C105,10,C,2,9,OPTIMAL,92.0678,2,2,2,0,0,1.0,92.0678,0.0,0.0,120,0.75,2.0,1.0
010_C105,10,C,3,0,OPTIMAL,112.747,3,3,3,0,0,1.0,112.747,0.0,0.0,120,0.75,2.0,1.0
010_C105,10,C,3,1,OPTIMAL,98.8041,3,3,3,0,0,1.0,98.8041,0.0,0.0,120,0.75,2.0,1.0
010_C105,10,C,3,2,OPTIMAL,110.0426,3,3,3,0,0,1.0,110.0426,0.0,0.0,120,0.75,2.0,1.0
010_C105,10,C,3,3,OPTIMAL,67.3473,3,1,1,0,2,0.3333,61.6021,0.0,5.7451,120,0.75,2.0,1.0
010_C105,10,C,3,4,OPTIMAL,78.4586,3,3,3,0,0,1.0,78.4586,0.0,0.0,120,0.75,2.0,1.0
010_C105,10,C,3,5,OPTIMAL,98.8952,3,3,3,0,0,1.0,98.8952,0.0,0.0,120,0.75,2.0,1.0
010_C105,10,C,3,6,OPTIMAL,14.3177,3,0,0,0,3,0.0,0.0,0.0,14.3177,120,0.75,2.0,1.0
010_C105,10,C,3,7,OPTIMAL,93.3823,3,2,1,1,1,0.6667,91.4265,0.0,1.9558,120,0.75,2.0,1.0
010_C105,10,C,3,8,OPTIMAL,68.1024,3,1,1,0,2,0.3333,24.2411,0.0,43.8614,120,0.75,2.0,1.0
010_C105,10,C,3,9,OPTIMAL,58.4079,3,2,2,0,1,0.6667,54.8962,0.0,3.5117,120,0.75,2.0,1.0
010_C106,10,C,1,0,OPTIMAL,6.4458,1,0,0,0,1,0.0,0.0,0.0,6.4458,120,0.75,2.0,1.0
010_C106,10,C,1,1,OPTIMAL,0.0013,1,0,0,0,1,0.0,0.0,0.0,0.0013,120,0.75,2.0,1.0
010_C106,10,C,1,2,OPTIMAL,7.8471,1,0,0,0,1,0.0,0.0,0.0,7.8471,120,0.75,2.0,1.0
010_C106,10,C,1,3,OPTIMAL,43.2692,1,1,0,1,0,1.0,43.2692,0.0,0.0,120,0.75,2.0,1.0
010_C106,10,C,1,4,OPTIMAL,45.679,1,1,1,0,0,1.0,45.679,0.0,0.0,120,0.75,2.0,1.0
010_C106,10,C,1,5,OPTIMAL,55.1658,1,1,1,0,0,1.0,55.1658,0.0,0.0,120,0.75,2.0,1.0
010_C106,10,C,1,6,OPTIMAL,13.0602,1,1,1,0,0,1.0,13.0602,0.0,0.0,120,0.75,2.0,1.0
010_C106,10,C,1,7,OPTIMAL,28.1088,1,1,1,0,0,1.0,28.1088,0.0,0.0,120,0.75,2.0,1.0
010_C106,10,C,1,8,OPTIMAL,11.0552,1,0,0,0,1,0.0,0.0,0.0,11.0552,120,0.75,2.0,1.0
010_C106,10,C,1,9,OPTIMAL,24.0334,1,1,1,0,0,1.0,24.0334,0.0,0.0,120,0.75,2.0,1.0
010_C106,10,C,2,0,OPTIMAL,90.9237,2,2,2,0,0,1.0,90.9237,0.0,0.0,120,0.75,2.0,1.0
010_C106,10,C,2,1,OPTIMAL,86.5546,2,2,2,0,0,1.0,86.5546,0.0,0.0,120,0.75,2.0,1.0
010_C106,10,C,2,2,OPTIMAL,56.3508,2,2,2,0,0,1.0,56.3508,0.0,0.0,120,0.75,2.0,1.0
010_C106,10,C,2,3,OPTIMAL,19.3764,2,1,1,0,1,0.5,18.2049,0.0,1.1714,120,0.75,2.0,1.0
010_C106,10,C,2,4,OPTIMAL,72.0398,2,2,2,0,0,1.0,72.0398,0.0,0.0,120,0.75,2.0,1.0
010_C106,10,C,2,5,OPTIMAL,39.5063,2,2,1,1,0,1.0,39.5063,0.0,0.0,120,0.75,2.0,1.0
010_C106,10,C,2,6,OPTIMAL,83.2263,2,2,2,0,0,1.0,83.2263,0.0,0.0,120,0.75,2.0,1.0
010_C106,10,C,2,7,OPTIMAL,15.3033,2,1,0,1,1,0.5,15.2343,0.0,0.069,120,0.75,2.0,1.0
010_C106,10,C,2,8,OPTIMAL,44.0438,2,2,1,1,0,1.0,44.0438,0.0,0.0,120,0.75,2.0,1.0
010_C106,10,C,2,9,OPTIMAL,92.0678,2,2,2,0,0,1.0,92.0678,0.0,0.0,120,0.75,2.0,1.0
010_C106,10,C,3,0,OPTIMAL,112.747,3,3,3,0,0,1.0,112.747,0.0,0.0,120,0.75,2.0,1.0
010_C106,10,C,3,1,OPTIMAL,98.8041,3,3,3,0,0,1.0,98.8041,0.0,0.0,120,0.75,2.0,1.0
010_C106,10,C,3,2,OPTIMAL,110.0426,3,3,3,0,0,1.0,110.0426,0.0,0.0,120,0.75,2.0,1.0
010_C106,10,C,3,3,OPTIMAL,90.1032,3,2,1,1,1,0.6667,77.446,0.0,12.6572,120,0.75,2.0,1.0
010_C106,10,C,3,4,OPTIMAL,78.4586,3,3,3,0,0,1.0,78.4586,0.0,0.0,120,0.75,2.0,1.0
010_C106,10,C,3,5,OPTIMAL,42.7931,3,2,2,0,1,0.6667,41.1708,0.0,1.6223,120,0.75,2.0,1.0
010_C106,10,C,3,6,OPTIMAL,17.449,3,1,0,1,2,0.3333,16.0285,0.0,1.4204,120,0.75,2.0,1.0
010_C106,10,C,3,7,OPTIMAL,93.3823,3,2,0,2,1,0.6667,91.4265,0.0,1.9558,120,0.75,2.0,1.0
010_C106,10,C,3,8,OPTIMAL,88.1069,3,2,1,1,1,0.6667,77.8905,0.0,10.2163,120,0.75,2.0,1.0
010_C106,10,C,3,9,OPTIMAL,71.4198,3,2,1,1,1,0.6667,54.8962,0.0,16.5236,120,0.75,2.0,1.0
010_C107,10,C,1,0,OPTIMAL,6.4458,1,0,0,0,1,0.0,0.0,0.0,6.4458,120,0.75,2.0,1.0
010_C107,10,C,1,1,OPTIMAL,0.0013,1,0,0,0,1,0.0,0.0,0.0,0.0013,120,0.75,2.0,1.0
010_C107,10,C,1,2,OPTIMAL,7.8471,1,0,0,0,1,0.0,0.0,0.0,7.8471,120,0.75,2.0,1.0
010_C107,10,C,1,3,OPTIMAL,43.2692,1,1,1,0,0,1.0,43.2692,0.0,0.0,120,0.75,2.0,1.0
010_C107,10,C,1,4,OPTIMAL,45.679,1,1,1,0,0,1.0,45.679,0.0,0.0,120,0.75,2.0,1.0
010_C107,10,C,1,5,OPTIMAL,55.1658,1,1,1,0,0,1.0,55.1658,0.0,0.0,120,0.75,2.0,1.0
010_C107,10,C,1,6,OPTIMAL,13.0602,1,1,1,0,0,1.0,13.0602,0.0,0.0,120,0.75,2.0,1.0
010_C107,10,C,1,7,OPTIMAL,28.1088,1,1,1,0,0,1.0,28.1088,0.0,0.0,120,0.75,2.0,1.0
010_C107,10,C,1,8,OPTIMAL,1.6558,1,0,0,0,1,0.0,0.0,0.0,1.6558,120,0.75,2.0,1.0
010_C107,10,C,1,9,OPTIMAL,24.0334,1,1,1,0,0,1.0,24.0334,0.0,0.0,120,0.75,2.0,1.0
010_C107,10,C,2,0,OPTIMAL,77.5428,2,1,1,0,1,0.5,31.8995,0.0,45.6433,120,0.75,2.0,1.0
010_C107,10,C,2,1,OPTIMAL,86.5546,2,2,2,0,0,1.0,86.5546,0.0,0.0,120,0.75,2.0,1.0
010_C107,10,C,2,2,OPTIMAL,56.3508,2,2,2,0,0,1.0,56.3508,0.0,0.0,120,0.75,2.0,1.0
010_C107,10,C,2,3,OPTIMAL,21.8956,2,1,1,0,1,0.5,18.2049,0.0,3.6907,120,0.75,2.0,1.0
010_C107,10,C,2,4,OPTIMAL,50.0122,2,1,1,0,1,0.5,46.4993,0.0,3.5129,120,0.75,2.0,1.0
010_C107,10,C,2,5,OPTIMAL,30.2749,2,1,1,0,1,0.5,23.9055,0.0,6.3694,120,0.75,2.0,1.0
010_C107,10,C,2,6,OPTIMAL,83.2263,2,2,2,0,0,1.0,83.2263,0.0,0.0,120,0.75,2.0,1.0
010_C107,10,C,2,7,OPTIMAL,15.3033,2,1,1,0,1,0.5,15.2343,0.0,0.069,120,0.75,2.0,1.0
010_C107,10,C,2,8,OPTIMAL,44.0438,2,2,2,0,0,1.0,44.0438,0.0,0.0,120,0.75,2.0,1.0
010_C107,10,C,2,9,OPTIMAL,92.0678,2,2,2,0,0,1.0,92.0678,0.0,0.0,120,0.75,2.0,1.0
010_C107,10,C,3,0,OPTIMAL,112.747,3,3,3,0,0,1.0,112.747,0.0,0.0,120,0.75,2.0,1.0
010_C107,10,C,3,1,OPTIMAL,98.8041,3,3,3,0,0,1.0,98.8041,0.0,0.0,120,0.75,2.0,1.0
010_C107,10,C,3,2,OPTIMAL,110.0426,3,3,3,0,0,1.0,110.0426,0.0,0.0,120,0.75,2.0,1.0
010_C107,10,C,3,3,OPTIMAL,77.498,3,2,2,0,1,0.6667,77.446,0.0,0.052,120,0.75,2.0,1.0
010_C107,10,C,3,4,OPTIMAL,78.4586,3,3,3,0,0,1.0,78.4586,0.0,0.0,120,0.75,2.0,1.0
010_C107,10,C,3,5,OPTIMAL,85.9785,3,2,2,0,1,0.6667,41.1708,0.0,44.8077,120,0.75,2.0,1.0
010_C107,10,C,3,6,OPTIMAL,3.9983,3,0,0,0,3,0.0,0.0,0.0,3.9983,120,0.75,2.0,1.0
010_C107,10,C,3,7,OPTIMAL,93.3823,3,2,2,0,1,0.6667,91.4265,0.0,1.9558,120,0.75,2.0,1.0
010_C107,10,C,3,8,OPTIMAL,68.1024,3,1,1,0,2,0.3333,24.2411,0.0,43.8614,120,0.75,2.0,1.0
010_C107,10,C,3,9,OPTIMAL,58.4079,3,2,2,0,1,0.6667,54.8962,0.0,3.5117,120,0.75,2.0,1.0
010_C108,10,C,1,0,OPTIMAL,6.4458,1,0,0,0,1,0.0,0.0,0.0,6.4458,120,0.75,2.0,1.0
010_C108,10,C,1,1,OPTIMAL,0.0013,1,0,0,0,1,0.0,0.0,0.0,0.0013,120,0.75,2.0,1.0
010_C108,10,C,1,2,OPTIMAL,30.1401,1,1,1,0,0,1.0,30.1401,0.0,0.0,120,0.75,2.0,1.0
010_C108,10,C,1,3,OPTIMAL,43.2692,1,1,1,0,0,1.0,43.2692,0.0,0.0,120,0.75,2.0,1.0
010_C108,10,C,1,4,OPTIMAL,45.679,1,1,1,0,0,1.0,45.679,0.0,0.0,120,0.75,2.0,1.0
010_C108,10,C,1,5,OPTIMAL,55.1658,1,1,1,0,0,1.0,55.1658,0.0,0.0,120,0.75,2.0,1.0
010_C108,10,C,1,6,OPTIMAL,13.0602,1,1,1,0,0,1.0,13.0602,0.0,0.0,120,0.75,2.0,1.0
010_C108,10,C,1,7,OPTIMAL,28.1088,1,1,1,0,0,1.0,28.1088,0.0,0.0,120,0.75,2.0,1.0
010_C108,10,C,1,8,OPTIMAL,1.6558,1,0,0,0,1,0.0,0.0,0.0,1.6558,120,0.75,2.0,1.0
010_C108,10,C,1,9,OPTIMAL,24.0334,1,1,1,0,0,1.0,24.0334,0.0,0.0,120,0.75,2.0,1.0
010_C108,10,C,2,0,OPTIMAL,77.5428,2,1,1,0,1,0.5,31.8995,0.0,45.6433,120,0.75,2.0,1.0
010_C108,10,C,2,1,OPTIMAL,86.5546,2,2,2,0,0,1.0,86.5546,0.0,0.0,120,0.75,2.0,1.0
010_C108,10,C,2,2,OPTIMAL,56.3508,2,2,2,0,0,1.0,56.3508,0.0,0.0,120,0.75,2.0,1.0
010_C108,10,C,2,3,OPTIMAL,21.8956,2,1,1,0,1,0.5,18.2049,0.0,3.6907,120,0.75,2.0,1.0
010_C108,10,C,2,4,OPTIMAL,49.2278,2,1,1,0,1,0.5,46.4993,0.0,2.7285,120,0.75,2.0,1.0
010_C108,10,C,2,5,OPTIMAL,30.2749,2,1,1,0,1,0.5,23.9055,0.0,6.3694,120,0.75,2.0,1.0
010_C108,10,C,2,6,OPTIMAL,83.2263,2,2,2,0,0,1.0,83.2263,0.0,0.0,120,0.75,2.0,1.0
010_C108,10,C,2,7,OPTIMAL,15.3033,2,1,1,0,1,0.5,15.2343,0.0,0.069,120,0.75,2.0,1.0
010_C108,10,C,2,8,OPTIMAL,44.0438,2,2,2,0,0,1.0,44.0438,0.0,0.0,120,0.75,2.0,1.0
010_C108,10,C,2,9,OPTIMAL,33.9055,2,1,1,0,1,0.5,32.1787,0.0,1.7268,120,0.75,2.0,1.0
010_C108,10,C,3,0,OPTIMAL,112.747,3,3,3,0,0,1.0,112.747,0.0,0.0,120,0.75,2.0,1.0
010_C108,10,C,3,1,OPTIMAL,98.8041,3,3,3,0,0,1.0,98.8041,0.0,0.0,120,0.75,2.0,1.0
010_C108,10,C,3,2,OPTIMAL,110.0426,3,3,3,0,0,1.0,110.0426,0.0,0.0,120,0.75,2.0,1.0
010_C108,10,C,3,3,OPTIMAL,68.0978,3,1,1,0,2,0.3333,61.6021,0.0,6.4956,120,0.75,2.0,1.0
010_C108,10,C,3,4,OPTIMAL,78.4586,3,3,3,0,0,1.0,78.4586,0.0,0.0,120,0.75,2.0,1.0
010_C108,10,C,3,5,OPTIMAL,85.9785,3,2,2,0,1,0.6667,41.1708,0.0,44.8077,120,0.75,2.0,1.0
010_C108,10,C,3,6,OPTIMAL,3.9983,3,0,0,0,3,0.0,0.0,0.0,3.9983,120,0.75,2.0,1.0
010_C108,10,C,3,7,OPTIMAL,93.3823,3,2,2,0,1,0.6667,91.4265,0.0,1.9558,120,0.75,2.0,1.0
010_C108,10,C,3,8,OPTIMAL,78.4798,3,2,2,0,1,0.6667,77.8905,0.0,0.5893,120,0.75,2.0,1.0
010_C108,10,C,3,9,OPTIMAL,58.4079,3,2,2,0,1,0.6667,54.8962,0.0,3.5117,120,0.75,2.0,1.0
010_C109,10,C,1,0,OPTIMAL,6.4458,1,0,0,0,1,0.0,0.0,0.0,6.4458,120,0.75,2.0,1.0
010_C109,10,C,1,1,OPTIMAL,0.3563,1,0,0,0,1,0.0,0.0,0.0,0.3563,120,0.75,2.0,1.0
010_C109,10,C,1,2,OPTIMAL,2.6927,1,0,0,0,1,0.0,0.0,0.0,2.6927,120,0.75,2.0,1.0
010_C109,10,C,1,3,OPTIMAL,43.2692,1,1,1,0,0,1.0,43.2692,0.0,0.0,120,0.75,2.0,1.0
010_C109,10,C,1,4,OPTIMAL,45.679,1,1,1,0,0,1.0,45.679,0.0,0.0,120,0.75,2.0,1.0
010_C109,10,C,1,5,OPTIMAL,55.1658,1,1,1,0,0,1.0,55.1658,0.0,0.0,120,0.75,2.0,1.0
010_C109,10,C,1,6,OPTIMAL,13.0602,1,1,1,0,0,1.0,13.0602,0.0,0.0,120,0.75,2.0,1.0
010_C109,10,C,1,7,OPTIMAL,28.1088,1,1,1,0,0,1.0,28.1088,0.0,0.0,120,0.75,2.0,1.0
010_C109,10,C,1,8,OPTIMAL,0.0511,1,0,0,0,1,0.0,0.0,0.0,0.0511,120,0.75,2.0,1.0
010_C109,10,C,1,9,OPTIMAL,24.0334,1,1,1,0,0,1.0,24.0334,0.0,0.0,120,0.75,2.0,1.0
010_C109,10,C,2,0,OPTIMAL,80.6752,2,1,1,0,1,0.5,31.8995,0.0,48.7757,120,0.75,2.0,1.0
010_C109,10,C,2,1,OPTIMAL,28.3515,2,1,1,0,1,0.5,26.4244,0.0,1.9271,120,0.75,2.0,1.0
010_C109,10,C,2,2,OPTIMAL,56.3508,2,2,2,0,0,1.0,56.3508,0.0,0.0,120,0.75,2.0,1.0
010_C109,10,C,2,3,OPTIMAL,48.0396,2,2,2,0,0,1.0,48.0396,0.0,0.0,120,0.75,2.0,1.0
010_C109,10,C,2,4,OPTIMAL,47.1578,2,1,1,0,1,0.5,46.4993,0.0,0.6585,120,0.75,2.0,1.0
010_C109,10,C,2,5,OPTIMAL,36.9691,2,1,1,0,1,0.5,23.9055,0.0,13.0637,120,0.75,2.0,1.0
010_C109,10,C,2,6,OPTIMAL,83.2263,2,2,2,0,0,1.0,83.2263,0.0,0.0,120,0.75,2.0,1.0
010_C109,10,C,2,7,OPTIMAL,18.1574,2,1,1,0,1,0.5,15.2343,0.0,2.9232,120,0.75,2.0,1.0
010_C109,10,C,2,8,OPTIMAL,44.0438,2,2,2,0,0,1.0,44.0438,0.0,0.0,120,0.75,2.0,1.0
010_C109,10,C,2,9,OPTIMAL,33.9055,2,1,1,0,1,0.5,32.1787,0.0,1.7268,120,0.75,2.0,1.0
010_C109,10,C,3,0,OPTIMAL,112.747,3,3,3,0,0,1.0,112.747,0.0,0.0,120,0.75,2.0,1.0
010_C109,10,C,3,1,OPTIMAL,98.8041,3,3,3,0,0,1.0,98.8041,0.0,0.0,120,0.75,2.0,1.0
010_C109,10,C,3,2,OPTIMAL,110.0426,3,3,3,0,0,1.0,110.0426,0.0,0.0,120,0.75,2.0,1.0
010_C109,10,C,3,3,OPTIMAL,32.3331,3,1,1,0,2,0.3333,15.0586,0.0,17.2745,120,0.75,2.0,1.0
010_C109,10,C,3,4,OPTIMAL,78.4586,3,3,3,0,0,1.0,78.4586,0.0,0.0,120,0.75,2.0,1.0
010_C109,10,C,3,5,OPTIMAL,84.4138,3,2,2,0,1,0.6667,41.1708,0.0,43.243,120,0.75,2.0,1.0
010_C109,10,C,3,6,OPTIMAL,40.27,3,1,1,0,2,0.3333,24.0695,0.0,16.2006,120,0.75,2.0,1.0
010_C109,10,C,3,7,OPTIMAL,94.778,3,2,2,0,1,0.6667,91.4265,0.0,3.3515,120,0.75,2.0,1.0
010_C109,10,C,3,8,OPTIMAL,60.8241,3,1,1,0,2,0.3333,53.6495,0.0,7.1746,120,0.75,2.0,1.0
010_C109,10,C,3,9,OPTIMAL,72.0097,3,3,3,0,0,1.0,72.0097,0.0,0.0,120,0.75,2.0,1.0
010_C201,10,C,1,0,OPTIMAL,19.0693,1,1,1,0,0,1.0,19.0693,0.0,0.0,120,0.75,2.0,1.0
010_C201,10,C,1,1,OPTIMAL,40.8113,1,1,1,0,0,1.0,40.8113,0.0,0.0,120,0.75,2.0,1.0
010_C201,10,C,1,2,OPTIMAL,40.6428,1,1,1,0,0,1.0,40.6428,0.0,0.0,120,0.75,2.0,1.0
010_C201,10,C,1,3,OPTIMAL,1.4632,1,0,0,0,1,0.0,0.0,0.0,1.4632,120,0.75,2.0,1.0
010_C201,10,C,1,4,OPTIMAL,35.3977,1,1,1,0,0,1.0,35.3977,0.0,0.0,120,0.75,2.0,1.0
010_C201,10,C,1,5,OPTIMAL,30.6398,1,1,1,0,0,1.0,30.6398,0.0,0.0,120,0.75,2.0,1.0
010_C201,10,C,1,6,OPTIMAL,40.8607,1,1,1,0,0,1.0,40.8607,0.0,0.0,120,0.75,2.0,1.0
010_C201,10,C,1,7,OPTIMAL,18.3082,1,1,0,1,0,1.0,18.3082,0.0,0.0,120,0.75,2.0,1.0
010_C201,10,C,1,8,OPTIMAL,40.1185,1,1,1,0,0,1.0,40.1185,0.0,0.0,120,0.75,2.0,1.0
010_C201,10,C,1,9,OPTIMAL,41.5633,1,1,1,0,0,1.0,41.5633,0.0,0.0,120,0.75,2.0,1.0
010_C201,10,C,2,0,OPTIMAL,58.3654,2,2,1,1,0,1.0,58.3654,0.0,0.0,120,0.75,2.0,1.0
010_C201,10,C,2,1,OPTIMAL,35.763,2,1,1,0,1,0.5,27.1242,0.0,8.6388,120,0.75,2.0,1.0
010_C201,10,C,2,2,OPTIMAL,71.097,2,2,2,0,0,1.0,71.097,0.0,0.0,120,0.75,2.0,1.0
010_C201,10,C,2,3,OPTIMAL,40.4027,2,1,1,0,1,0.5,20.834,0.0,19.5687,120,0.75,2.0,1.0
010_C201,10,C,2,4,OPTIMAL,73.244,2,2,2,0,0,1.0,73.244,0.0,0.0,120,0.75,2.0,1.0
010_C201,10,C,2,5,OPTIMAL,82.142,2,2,1,1,0,1.0,82.142,0.0,0.0,120,0.75,2.0,1.0
010_C201,10,C,2,6,OPTIMAL,76.9424,2,2,2,0,0,1.0,76.9424,0.0,0.0,120,0.75,2.0,1.0
010_C201,10,C,2,7,OPTIMAL,64.6242,2,2,2,0,0,1.0,64.6242,0.0,0.0,120,0.75,2.0,1.0
010_C201,10,C,2,8,OPTIMAL,69.3745,2,2,2,0,0,1.0,69.3745,0.0,0.0,120,0.75,2.0,1.0
010_C201,10,C,2,9,OPTIMAL,79.6695,2,2,2,0,0,1.0,79.6695,0.0,0.0,120,0.75,2.0,1.0
010_C201,10,C,3,0,OPTIMAL,105.1952,3,3,2,1,0,1.0,105.1952,0.0,0.0,120,0.75,2.0,1.0
010_C201,10,C,3,1,OPTIMAL,92.8913,3,3,3,0,0,1.0,92.8913,0.0,0.0,120,0.75,2.0,1.0
010_C201,10,C,3,2,OPTIMAL,93.9525,3,3,3,0,0,1.0,93.9525,0.0,0.0,120,0.75,2.0,1.0
010_C201,10,C,3,3,OPTIMAL,83.5274,3,3,3,0,0,1.0,83.5274,0.0,0.0,120,0.75,2.0,1.0
010_C201,10,C,3,4,OPTIMAL,81.8872,3,1,1,0,2,0.3333,23.8208,0.0,58.0663,120,0.75,2.0,1.0
010_C201,10,C,3,5,OPTIMAL,96.6093,3,2,2,0,1,0.6667,64.4398,0.0,32.1695,120,0.75,2.0,1.0
010_C201,10,C,3,6,OPTIMAL,105.2324,3,3,2,1,0,1.0,105.2324,0.0,0.0,120,0.75,2.0,1.0
010_C201,10,C,3,7,OPTIMAL,100.7517,3,3,3,0,0,1.0,100.7517,0.0,0.0,120,0.75,2.0,1.0
010_C201,10,C,3,8,OPTIMAL,75.0242,3,2,2,0,1,0.6667,72.1455,0.0,2.8788,120,0.75,2.0,1.0
010_C201,10,C,3,9,OPTIMAL,112.2278,3,3,3,0,0,1.0,112.2278,0.0,0.0,120,0.75,2.0,1.0
010_C202,10,C,1,0,OPTIMAL,19.0693,1,1,1,0,0,1.0,19.0693,0.0,0.0,120,0.75,2.0,1.0
010_C202,10,C,1,1,OPTIMAL,40.8113,1,1,1,0,0,1.0,40.8113,0.0,0.0,120,0.75,2.0,1.0
010_C202,10,C,1,2,OPTIMAL,40.6428,1,1,1,0,0,1.0,40.6428,0.0,0.0,120,0.75,2.0,1.0
010_C202,10,C,1,3,OPTIMAL,39.6647,1,1,1,0,0,1.0,39.6647,0.0,0.0,120,0.75,2.0,1.0
010_C202,10,C,1,4,OPTIMAL,35.3977,1,1,1,0,0,1.0,35.3977,0.0,0.0,120,0.75,2.0,1.0
010_C202,10,C,1,5,OPTIMAL,6.8013,1,0,0,0,1,0.0,0.0,0.0,6.8013,120,0.75,2.0,1.0
010_C202,10,C,1,6,OPTIMAL,40.8607,1,1,1,0,0,1.0,40.8607,0.0,0.0,120,0.75,2.0,1.0
010_C202,10,C,1,7,OPTIMAL,3.4869,1,0,0,0,1,0.0,0.0,0.0,3.4869,120,0.75,2.0,1.0
010_C202,10,C,1,8,OPTIMAL,40.1185,1,1,1,0,0,1.0,40.1185,0.0,0.0,120,0.75,2.0,1.0
010_C202,10,C,1,9,OPTIMAL,41.5633,1,1,1,0,0,1.0,41.5633,0.0,0.0,120,0.75,2.0,1.0
010_C202,10,C,2,0,OPTIMAL,58.3654,2,2,1,1,0,1.0,58.3654,0.0,0.0,120,0.75,2.0,1.0
010_C202,10,C,2,1,OPTIMAL,58.7519,2,2,2,0,0,1.0,58.7519,0.0,0.0,120,0.75,2.0,1.0
010_C202,10,C,2,2,OPTIMAL,71.097,2,2,2,0,0,1.0,71.097,0.0,0.0,120,0.75,2.0,1.0
010_C202,10,C,2,3,OPTIMAL,55.6135,2,2,2,0,0,1.0,55.6135,0.0,0.0,120,0.75,2.0,1.0
010_C202,10,C,2,4,OPTIMAL,73.244,2,2,2,0,0,1.0,73.244,0.0,0.0,120,0.75,2.0,1.0
010_C202,10,C,2,5,OPTIMAL,82.142,2,2,2,0,0,1.0,82.142,0.0,0.0,120,0.75,2.0,1.0
010_C202,10,C,2,6,OPTIMAL,76.9424,2,2,2,0,0,1.0,76.9424,0.0,0.0,120,0.75,2.0,1.0
010_C202,10,C,2,7,OPTIMAL,64.6242,2,2,2,0,0,1.0,64.6242,0.0,0.0,120,0.75,2.0,1.0
010_C202,10,C,2,8,OPTIMAL,69.3745,2,2,2,0,0,1.0,69.3745,0.0,0.0,120,0.75,2.0,1.0
010_C202,10,C,2,9,OPTIMAL,79.6695,2,2,2,0,0,1.0,79.6695,0.0,0.0,120,0.75,2.0,1.0
010_C202,10,C,3,0,OPTIMAL,105.1952,3,3,2,1,0,1.0,105.1952,0.0,0.0,120,0.75,2.0,1.0
010_C202,10,C,3,1,OPTIMAL,92.8913,3,3,3,0,0,1.0,92.8913,0.0,0.0,120,0.75,2.0,1.0
010_C202,10,C,3,2,OPTIMAL,93.9525,3,3,3,0,0,1.0,93.9525,0.0,0.0,120,0.75,2.0,1.0
010_C202,10,C,3,3,OPTIMAL,83.5274,3,3,2,1,0,1.0,83.5274,0.0,0.0,120,0.75,2.0,1.0
010_C202,10,C,3,4,OPTIMAL,107.0723,3,2,2,0,1,0.6667,66.8468,0.0,40.2255,120,0.75,2.0,1.0
010_C202,10,C,3,5,OPTIMAL,96.6093,3,2,2,0,1,0.6667,64.4398,0.0,32.1695,120,0.75,2.0,1.0
010_C202,10,C,3,6,OPTIMAL,105.2324,3,3,2,1,0,1.0,105.2324,0.0,0.0,120,0.75,2.0,1.0
010_C202,10,C,3,7,OPTIMAL,100.7517,3,3,2,1,0,1.0,100.7517,0.0,0.0,120,0.75,2.0,1.0
010_C202,10,C,3,8,OPTIMAL,98.7866,3,3,2,1,0,1.0,98.7866,0.0,0.0,120,0.75,2.0,1.0
010_C202,10,C,3,9,OPTIMAL,112.2278,3,3,3,0,0,1.0,112.2278,0.0,0.0,120,0.75,2.0,1.0
010_C203,10,C,1,0,OPTIMAL,19.0693,1,1,1,0,0,1.0,19.0693,0.0,0.0,120,0.75,2.0,1.0
010_C203,10,C,1,1,OPTIMAL,40.8113,1,1,1,0,0,1.0,40.8113,0.0,0.0,120,0.75,2.0,1.0
010_C203,10,C,1,2,OPTIMAL,40.6428,1,1,1,0,0,1.0,40.6428,0.0,0.0,120,0.75,2.0,1.0
010_C203,10,C,1,3,OPTIMAL,39.6647,1,1,1,0,0,1.0,39.6647,0.0,0.0,120,0.75,2.0,1.0
010_C203,10,C,1,4,OPTIMAL,35.3977,1,1,1,0,0,1.0,35.3977,0.0,0.0,120,0.75,2.0,1.0
010_C203,10,C,1,5,OPTIMAL,6.8013,1,0,0,0,1,0.0,0.0,0.0,6.8013,120,0.75,2.0,1.0
010_C203,10,C,1,6,OPTIMAL,40.8607,1,1,1,0,0,1.0,40.8607,0.0,0.0,120,0.75,2.0,1.0
010_C203,10,C,1,7,OPTIMAL,3.4869,1,0,0,0,1,0.0,0.0,0.0,3.4869,120,0.75,2.0,1.0
010_C203,10,C,1,8,OPTIMAL,40.1185,1,1,1,0,0,1.0,40.1185,0.0,0.0,120,0.75,2.0,1.0
010_C203,10,C,1,9,OPTIMAL,41.5633,1,1,1,0,0,1.0,41.5633,0.0,0.0,120,0.75,2.0,1.0
010_C203,10,C,2,0,OPTIMAL,58.3654,2,2,1,1,0,1.0,58.3654,0.0,0.0,120,0.75,2.0,1.0
010_C203,10,C,2,1,OPTIMAL,58.7519,2,2,2,0,0,1.0,58.7519,0.0,0.0,120,0.75,2.0,1.0
010_C203,10,C,2,2,OPTIMAL,71.097,2,2,2,0,0,1.0,71.097,0.0,0.0,120,0.75,2.0,1.0
010_C203,10,C,2,3,OPTIMAL,55.6135,2,2,2,0,0,1.0,55.6135,0.0,0.0,120,0.75,2.0,1.0
010_C203,10,C,2,4,OPTIMAL,73.244,2,2,2,0,0,1.0,73.244,0.0,0.0,120,0.75,2.0,1.0
010_C203,10,C,2,5,OPTIMAL,82.142,2,2,2,0,0,1.0,82.142,0.0,0.0,120,0.75,2.0,1.0
010_C203,10,C,2,6,OPTIMAL,76.9424,2,2,2,0,0,1.0,76.9424,0.0,0.0,120,0.75,2.0,1.0
010_C203,10,C,2,7,OPTIMAL,64.6242,2,2,2,0,0,1.0,64.6242,0.0,0.0,120,0.75,2.0,1.0
010_C203,10,C,2,8,OPTIMAL,69.3745,2,2,2,0,0,1.0,69.3745,0.0,0.0,120,0.75,2.0,1.0
010_C203,10,C,2,9,OPTIMAL,79.6695,2,2,2,0,0,1.0,79.6695,0.0,0.0,120,0.75,2.0,1.0
010_C203,10,C,3,0,OPTIMAL,105.1952,3,3,2,1,0,1.0,105.1952,0.0,0.0,120,0.75,2.0,1.0
010_C203,10,C,3,1,OPTIMAL,92.8913,3,3,3,0,0,1.0,92.8913,0.0,0.0,120,0.75,2.0,1.0
010_C203,10,C,3,2,OPTIMAL,93.9525,3,3,3,0,0,1.0,93.9525,0.0,0.0,120,0.75,2.0,1.0
010_C203,10,C,3,3,OPTIMAL,83.5274,3,3,2,1,0,1.0,83.5274,0.0,0.0,120,0.75,2.0,1.0
010_C203,10,C,3,4,OPTIMAL,107.0723,3,2,2,0,1,0.6667,66.8468,0.0,40.2255,120,0.75,2.0,1.0
010_C203,10,C,3,5,OPTIMAL,96.6093,3,2,2,0,1,0.6667,64.4398,0.0,32.1695,120,0.75,2.0,1.0
010_C203,10,C,3,6,OPTIMAL,105.2324,3,3,2,1,0,1.0,105.2324,0.0,0.0,120,0.75,2.0,1.0
010_C203,10,C,3,7,OPTIMAL,100.7517,3,3,2,1,0,1.0,100.7517,0.0,0.0,120,0.75,2.0,1.0
010_C203,10,C,3,8,OPTIMAL,98.7866,3,3,2,1,0,1.0,98.7866,0.0,0.0,120,0.75,2.0,1.0
010_C203,10,C,3,9,OPTIMAL,112.2278,3,3,3,0,0,1.0,112.2278,0.0,0.0,120,0.75,2.0,1.0
010_C204,10,C,1,0,OPTIMAL,19.0693,1,1,1,0,0,1.0,19.0693,0.0,0.0,120,0.75,2.0,1.0
010_C204,10,C,1,1,OPTIMAL,40.8113,1,1,1,0,0,1.0,40.8113,0.0,0.0,120,0.75,2.0,1.0
010_C204,10,C,1,2,OPTIMAL,40.6428,1,1,1,0,0,1.0,40.6428,0.0,0.0,120,0.75,2.0,1.0
010_C204,10,C,1,3,OPTIMAL,39.6647,1,1,1,0,0,1.0,39.6647,0.0,0.0,120,0.75,2.0,1.0
010_C204,10,C,1,4,OPTIMAL,35.3977,1,1,1,0,0,1.0,35.3977,0.0,0.0,120,0.75,2.0,1.0
010_C204,10,C,1,5,OPTIMAL,24.6458,1,0,0,0,1,0.0,0.0,0.0,24.6458,120,0.75,2.0,1.0
010_C204,10,C,1,6,OPTIMAL,40.8607,1,1,1,0,0,1.0,40.8607,0.0,0.0,120,0.75,2.0,1.0
010_C204,10,C,1,7,OPTIMAL,18.3082,1,1,0,1,0,1.0,18.3082,0.0,0.0,120,0.75,2.0,1.0
010_C204,10,C,1,8,OPTIMAL,40.1185,1,1,1,0,0,1.0,40.1185,0.0,0.0,120,0.75,2.0,1.0
010_C204,10,C,1,9,OPTIMAL,41.5633,1,1,1,0,0,1.0,41.5633,0.0,0.0,120,0.75,2.0,1.0
010_C204,10,C,2,0,OPTIMAL,58.3654,2,2,1,1,0,1.0,58.3654,0.0,0.0,120,0.75,2.0,1.0
010_C204,10,C,2,1,OPTIMAL,58.7519,2,2,2,0,0,1.0,58.7519,0.0,0.0,120,0.75,2.0,1.0
010_C204,10,C,2,2,OPTIMAL,71.097,2,2,2,0,0,1.0,71.097,0.0,0.0,120,0.75,2.0,1.0
010_C204,10,C,2,3,OPTIMAL,55.6135,2,2,2,0,0,1.0,55.6135,0.0,0.0,120,0.75,2.0,1.0
010_C204,10,C,2,4,OPTIMAL,73.244,2,2,2,0,0,1.0,73.244,0.0,0.0,120,0.75,2.0,1.0
010_C204,10,C,2,5,OPTIMAL,82.142,2,2,2,0,0,1.0,82.142,0.0,0.0,120,0.75,2.0,1.0
010_C204,10,C,2,6,OPTIMAL,76.9424,2,2,2,0,0,1.0,76.9424,0.0,0.0,120,0.75,2.0,1.0
010_C204,10,C,2,7,OPTIMAL,64.6242,2,2,2,0,0,1.0,64.6242,0.0,0.0,120,0.75,2.0,1.0
010_C204,10,C,2,8,OPTIMAL,69.3745,2,2,2,0,0,1.0,69.3745,0.0,0.0,120,0.75,2.0,1.0
010_C204,10,C,2,9,OPTIMAL,79.6695,2,2,2,0,0,1.0,79.6695,0.0,0.0,120,0.75,2.0,1.0
010_C204,10,C,3,0,OPTIMAL,105.1952,3,3,2,1,0,1.0,105.1952,0.0,0.0,120,0.75,2.0,1.0
010_C204,10,C,3,1,OPTIMAL,92.8913,3,3,3,0,0,1.0,92.8913,0.0,0.0,120,0.75,2.0,1.0
010_C204,10,C,3,2,OPTIMAL,93.9525,3,3,3,0,0,1.0,93.9525,0.0,0.0,120,0.75,2.0,1.0
010_C204,10,C,3,3,OPTIMAL,76.3377,3,2,2,0,1,0.6667,46.6177,0.0,29.72,120,0.75,2.0,1.0
010_C204,10,C,3,4,OPTIMAL,112.2372,3,3,3,0,0,1.0,112.2372,0.0,0.0,120,0.75,2.0,1.0
010_C204,10,C,3,5,OPTIMAL,96.6093,3,2,2,0,1,0.6667,64.4398,0.0,32.1695,120,0.75,2.0,1.0
010_C204,10,C,3,6,OPTIMAL,105.2324,3,3,2,1,0,1.0,105.2324,0.0,0.0,120,0.75,2.0,1.0
010_C204,10,C,3,7,OPTIMAL,95.1215,3,2,2,0,1,0.6667,84.7265,0.0,10.3949,120,0.75,2.0,1.0
010_C204,10,C,3,8,OPTIMAL,95.598,3,2,2,0,1,0.6667,69.463,0.0,26.135,120,0.75,2.0,1.0
010_C204,10,C,3,9,OPTIMAL,112.2278,3,3,3,0,0,1.0,112.2278,0.0,0.0,120,0.75,2.0,1.0
010_C205,10,C,1,0,OPTIMAL,6.9772,1,0,0,0,1,0.0,0.0,0.0,6.9772,120,0.75,2.0,1.0
010_C205,10,C,1,1,OPTIMAL,40.8113,1,1,1,0,0,1.0,40.8113,0.0,0.0,120,0.75,2.0,1.0
010_C205,10,C,1,2,OPTIMAL,40.6428,1,1,1,0,0,1.0,40.6428,0.0,0.0,120,0.75,2.0,1.0
010_C205,10,C,1,3,OPTIMAL,39.6647,1,1,1,0,0,1.0,39.6647,0.0,0.0,120,0.75,2.0,1.0
010_C205,10,C,1,4,OPTIMAL,35.3977,1,1,1,0,0,1.0,35.3977,0.0,0.0,120,0.75,2.0,1.0
010_C205,10,C,1,5,OPTIMAL,30.6398,1,1,1,0,0,1.0,30.6398,0.0,0.0,120,0.75,2.0,1.0
010_C205,10,C,1,6,OPTIMAL,40.8607,1,1,1,0,0,1.0,40.8607,0.0,0.0,120,0.75,2.0,1.0
010_C205,10,C,1,7,OPTIMAL,18.3082,1,1,1,0,0,1.0,18.3082,0.0,0.0,120,0.75,2.0,1.0
010_C205,10,C,1,8,OPTIMAL,40.1185,1,1,1,0,0,1.0,40.1185,0.0,0.0,120,0.75,2.0,1.0
010_C205,10,C,1,9,OPTIMAL,41.5633,1,1,1,0,0,1.0,41.5633,0.0,0.0,120,0.75,2.0,1.0
010_C205,10,C,2,0,OPTIMAL,58.3654,2,2,2,0,0,1.0,58.3654,0.0,0.0,120,0.75,2.0,1.0
010_C205,10,C,2,1,OPTIMAL,58.7519,2,2,2,0,0,1.0,58.7519,0.0,0.0,120,0.75,2.0,1.0
010_C205,10,C,2,2,OPTIMAL,71.097,2,2,2,0,0,1.0,71.097,0.0,0.0,120,0.75,2.0,1.0
010_C205,10,C,2,3,OPTIMAL,55.6135,2,2,2,0,0,1.0,55.6135,0.0,0.0,120,0.75,2.0,1.0
010_C205,10,C,2,4,OPTIMAL,73.244,2,2,2,0,0,1.0,73.244,0.0,0.0,120,0.75,2.0,1.0
010_C205,10,C,2,5,OPTIMAL,82.142,2,2,1,1,0,1.0,82.142,0.0,0.0,120,0.75,2.0,1.0
010_C205,10,C,2,6,OPTIMAL,76.9424,2,2,2,0,0,1.0,76.9424,0.0,0.0,120,0.75,2.0,1.0
010_C205,10,C,2,7,OPTIMAL,40.3666,2,1,1,0,1,0.5,39.9854,0.0,0.3812,120,0.75,2.0,1.0
010_C205,10,C,2,8,OPTIMAL,69.3745,2,2,2,0,0,1.0,69.3745,0.0,0.0,120,0.75,2.0,1.0
010_C205,10,C,2,9,OPTIMAL,76.0486,2,1,1,0,1,0.5,39.8396,0.0,36.209,120,0.75,2.0,1.0
010_C205,10,C,3,0,OPTIMAL,105.1952,3,3,3,0,0,1.0,105.1952,0.0,0.0,120,0.75,2.0,1.0
010_C205,10,C,3,1,OPTIMAL,92.8913,3,3,3,0,0,1.0,92.8913,0.0,0.0,120,0.75,2.0,1.0
010_C205,10,C,3,2,OPTIMAL,93.9525,3,3,3,0,0,1.0,93.9525,0.0,0.0,120,0.75,2.0,1.0
010_C205,10,C,3,3,OPTIMAL,68.8361,3,2,2,0,1,0.6667,62.7166,0.0,6.1194,120,0.75,2.0,1.0
010_C205,10,C,3,4,OPTIMAL,71.3447,3,2,1,1,1,0.6667,69.2113,0.0,2.1334,120,0.75,2.0,1.0
010_C205,10,C,3,5,OPTIMAL,98.2111,3,2,2,0,1,0.6667,59.2157,0.0,38.9954,120,0.75,2.0,1.0
010_C205,10,C,3,6,OPTIMAL,105.2324,3,3,3,0,0,1.0,105.2324,0.0,0.0,120,0.75,2.0,1.0
010_C205,10,C,3,7,OPTIMAL,100.7517,3,3,3,0,0,1.0,100.7517,0.0,0.0,120,0.75,2.0,1.0
010_C205,10,C,3,8,OPTIMAL,79.7806,3,2,2,0,1,0.6667,69.463,0.0,10.3177,120,0.75,2.0,1.0
010_C205,10,C,3,9,OPTIMAL,112.2278,3,3,2,1,0,1.0,112.2278,0.0,0.0,120,0.75,2.0,1.0
010_C206,10,C,1,0,OPTIMAL,19.0693,1,1,1,0,0,1.0,19.0693,0.0,0.0,120,0.75,2.0,1.0
010_C206,10,C,1,1,OPTIMAL,40.8113,1,1,1,0,0,1.0,40.8113,0.0,0.0,120,0.75,2.0,1.0
010_C206,10,C,1,2,OPTIMAL,40.6428,1,1,1,0,0,1.0,40.6428,0.0,0.0,120,0.75,2.0,1.0
010_C206,10,C,1,3,OPTIMAL,39.6647,1,1,0,1,0,1.0,39.6647,0.0,0.0,120,0.75,2.0,1.0
010_C206,10,C,1,4,OPTIMAL,35.3977,1,1,1,0,0,1.0,35.3977,0.0,0.0,120,0.75,2.0,1.0
010_C206,10,C,1,5,OPTIMAL,30.6398,1,1,1,0,0,1.0,30.6398,0.0,0.0,120,0.75,2.0,1.0
010_C206,10,C,1,6,OPTIMAL,40.8607,1,1,1,0,0,1.0,40.8607,0.0,0.0,120,0.75,2.0,1.0
010_C206,10,C,1,7,OPTIMAL,18.3082,1,1,1,0,0,1.0,18.3082,0.0,0.0,120,0.75,2.0,1.0
010_C206,10,C,1,8,OPTIMAL,40.1185,1,1,1,0,0,1.0,40.1185,0.0,0.0,120,0.75,2.0,1.0
010_C206,10,C,1,9,OPTIMAL,41.5633,1,1,1,0,0,1.0,41.5633,0.0,0.0,120,0.75,2.0,1.0
010_C206,10,C,2,0,OPTIMAL,58.3654,2,2,2,0,0,1.0,58.3654,0.0,0.0,120,0.75,2.0,1.0
010_C206,10,C,2,1,OPTIMAL,37.6661,2,1,1,0,1,0.5,27.1242,0.0,10.5419,120,0.75,2.0,1.0
010_C206,10,C,2,2,OPTIMAL,44.8601,2,1,1,0,1,0.5,35.9021,0.0,8.9581,120,0.75,2.0,1.0
010_C206,10,C,2,3,OPTIMAL,49.9717,2,1,1,0,1,0.5,34.7795,0.0,15.1922,120,0.75,2.0,1.0
010_C206,10,C,2,4,OPTIMAL,73.244,2,2,2,0,0,1.0,73.244,0.0,0.0,120,0.75,2.0,1.0
010_C206,10,C,2,5,OPTIMAL,82.142,2,2,2,0,0,1.0,82.142,0.0,0.0,120,0.75,2.0,1.0
010_C206,10,C,2,6,OPTIMAL,76.9424,2,2,2,0,0,1.0,76.9424,0.0,0.0,120,0.75,2.0,1.0
010_C206,10,C,2,7,OPTIMAL,64.6242,2,2,2,0,0,1.0,64.6242,0.0,0.0,120,0.75,2.0,1.0
010_C206,10,C,2,8,OPTIMAL,69.3745,2,2,2,0,0,1.0,69.3745,0.0,0.0,120,0.75,2.0,1.0
010_C206,10,C,2,9,OPTIMAL,79.6695,2,2,2,0,0,1.0,79.6695,0.0,0.0,120,0.75,2.0,1.0
010_C206,10,C,3,0,OPTIMAL,105.1952,3,3,3,0,0,1.0,105.1952,0.0,0.0,120,0.75,2.0,1.0
010_C206,10,C,3,1,OPTIMAL,92.8913,3,3,3,0,0,1.0,92.8913,0.0,0.0,120,0.75,2.0,1.0
010_C206,10,C,3,2,OPTIMAL,93.9525,3,3,3,0,0,1.0,93.9525,0.0,0.0,120,0.75,2.0,1.0
010_C206,10,C,3,3,OPTIMAL,83.5274,3,3,3,0,0,1.0,83.5274,0.0,0.0,120,0.75,2.0,1.0
010_C206,10,C,3,4,OPTIMAL,55.7611,3,1,1,0,2,0.3333,45.3905,0.0,10.3707,120,0.75,2.0,1.0
010_C206,10,C,3,5,OPTIMAL,103.1002,3,3,2,1,0,1.0,103.1002,0.0,0.0,120,0.75,2.0,1.0
010_C206,10,C,3,6,OPTIMAL,105.2324,3,3,3,0,0,1.0,105.2324,0.0,0.0,120,0.75,2.0,1.0
010_C206,10,C,3,7,OPTIMAL,100.7517,3,3,3,0,0,1.0,100.7517,0.0,0.0,120,0.75,2.0,1.0
010_C206,10,C,3,8,OPTIMAL,98.7866,3,3,2,1,0,1.0,98.7866,0.0,0.0,120,0.75,2.0,1.0
010_C206,10,C,3,9,OPTIMAL,112.2278,3,3,3,0,0,1.0,112.2278,0.0,0.0,120,0.75,2.0,1.0
010_C207,10,C,1,0,OPTIMAL,6.9772,1,0,0,0,1,0.0,0.0,0.0,6.9772,120,0.75,2.0,1.0
010_C207,10,C,1,1,OPTIMAL,40.8113,1,1,1,0,0,1.0,40.8113,0.0,0.0,120,0.75,2.0,1.0
010_C207,10,C,1,2,OPTIMAL,40.6428,1,1,1,0,0,1.0,40.6428,0.0,0.0,120,0.75,2.0,1.0
010_C207,10,C,1,3,OPTIMAL,39.6647,1,1,1,0,0,1.0,39.6647,0.0,0.0,120,0.75,2.0,1.0
010_C207,10,C,1,4,OPTIMAL,35.3977,1,1,0,1,0,1.0,35.3977,0.0,0.0,120,0.75,2.0,1.0
010_C207,10,C,1,5,OPTIMAL,30.6398,1,1,1,0,0,1.0,30.6398,0.0,0.0,120,0.75,2.0,1.0
010_C207,10,C,1,6,OPTIMAL,40.8607,1,1,1,0,0,1.0,40.8607,0.0,0.0,120,0.75,2.0,1.0
010_C207,10,C,1,7,OPTIMAL,18.3082,1,1,1,0,0,1.0,18.3082,0.0,0.0,120,0.75,2.0,1.0
010_C207,10,C,1,8,OPTIMAL,40.1185,1,1,1,0,0,1.0,40.1185,0.0,0.0,120,0.75,2.0,1.0
010_C207,10,C,1,9,OPTIMAL,41.5633,1,1,1,0,0,1.0,41.5633,0.0,0.0,120,0.75,2.0,1.0
010_C207,10,C,2,0,OPTIMAL,58.3654,2,2,2,0,0,1.0,58.3654,0.0,0.0,120,0.75,2.0,1.0
010_C207,10,C,2,1,OPTIMAL,35.763,2,1,0,1,1,0.5,27.1242,0.0,8.6388,120,0.75,2.0,1.0
010_C207,10,C,2,2,OPTIMAL,71.097,2,2,1,1,0,1.0,71.097,0.0,0.0,120,0.75,2.0,1.0
010_C207,10,C,2,3,OPTIMAL,40.4027,2,1,1,0,1,0.5,20.834,0.0,19.5687,120,0.75,2.0,1.0
010_C207,10,C,2,4,OPTIMAL,73.244,2,2,2,0,0,1.0,73.244,0.0,0.0,120,0.75,2.0,1.0
010_C207,10,C,2,5,OPTIMAL,82.142,2,2,2,0,0,1.0,82.142,0.0,0.0,120,0.75,2.0,1.0
010_C207,10,C,2,6,OPTIMAL,76.9424,2,2,2,0,0,1.0,76.9424,0.0,0.0,120,0.75,2.0,1.0
010_C207,10,C,2,7,OPTIMAL,64.6242,2,2,2,0,0,1.0,64.6242,0.0,0.0,120,0.75,2.0,1.0
010_C207,10,C,2,8,OPTIMAL,69.3745,2,2,2,0,0,1.0,69.3745,0.0,0.0,120,0.75,2.0,1.0
010_C207,10,C,2,9,OPTIMAL,79.6695,2,2,2,0,0,1.0,79.6695,0.0,0.0,120,0.75,2.0,1.0
010_C207,10,C,3,0,OPTIMAL,67.4179,3,2,2,0,1,0.6667,64.8548,0.0,2.5631,120,0.75,2.0,1.0
010_C207,10,C,3,1,OPTIMAL,92.8913,3,3,3,0,0,1.0,92.8913,0.0,0.0,120,0.75,2.0,1.0
010_C207,10,C,3,2,OPTIMAL,93.9525,3,3,1,2,0,1.0,93.9525,0.0,0.0,120,0.75,2.0,1.0
010_C207,10,C,3,3,OPTIMAL,83.5274,3,3,3,0,0,1.0,83.5274,0.0,0.0,120,0.75,2.0,1.0
010_C207,10,C,3,4,OPTIMAL,112.2372,3,3,2,1,0,1.0,112.2372,0.0,0.0,120,0.75,2.0,1.0
010_C207,10,C,3,5,OPTIMAL,103.1002,3,3,3,0,0,1.0,103.1002,0.0,0.0,120,0.75,2.0,1.0
010_C207,10,C,3,6,OPTIMAL,105.2324,3,3,3,0,0,1.0,105.2324,0.0,0.0,120,0.75,2.0,1.0
010_C207,10,C,3,7,OPTIMAL,100.7517,3,3,3,0,0,1.0,100.7517,0.0,0.0,120,0.75,2.0,1.0
010_C207,10,C,3,8,OPTIMAL,75.0242,3,2,2,0,1,0.6667,72.1455,0.0,2.8788,120,0.75,2.0,1.0
010_C207,10,C,3,9,OPTIMAL,112.2278,3,3,3,0,0,1.0,112.2278,0.0,0.0,120,0.75,2.0,1.0
010_C208,10,C,1,0,OPTIMAL,19.0693,1,1,0,1,0,1.0,19.0693,0.0,0.0,120,0.75,2.0,1.0
010_C208,10,C,1,1,OPTIMAL,40.8113,1,1,1,0,0,1.0,40.8113,0.0,0.0,120,0.75,2.0,1.0
010_C208,10,C,1,2,OPTIMAL,40.6428,1,1,1,0,0,1.0,40.6428,0.0,0.0,120,0.75,2.0,1.0
010_C208,10,C,1,3,OPTIMAL,39.6647,1,1,1,0,0,1.0,39.6647,0.0,0.0,120,0.75,2.0,1.0
010_C208,10,C,1,4,OPTIMAL,35.3977,1,1,1,0,0,1.0,35.3977,0.0,0.0,120,0.75,2.0,1.0
010_C208,10,C,1,5,OPTIMAL,30.6398,1,1,0,1,0,1.0,30.6398,0.0,0.0,120,0.75,2.0,1.0
010_C208,10,C,1,6,OPTIMAL,40.8607,1,1,1,0,0,1.0,40.8607,0.0,0.0,120,0.75,2.0,1.0
010_C208,10,C,1,7,OPTIMAL,18.3082,1,1,1,0,0,1.0,18.3082,0.0,0.0,120,0.75,2.0,1.0
010_C208,10,C,1,8,OPTIMAL,40.1185,1,1,1,0,0,1.0,40.1185,0.0,0.0,120,0.75,2.0,1.0
010_C208,10,C,1,9,OPTIMAL,41.5633,1,1,1,0,0,1.0,41.5633,0.0,0.0,120,0.75,2.0,1.0
010_C208,10,C,2,0,OPTIMAL,58.3654,2,2,2,0,0,1.0,58.3654,0.0,0.0,120,0.75,2.0,1.0
010_C208,10,C,2,1,OPTIMAL,58.7519,2,2,1,1,0,1.0,58.7519,0.0,0.0,120,0.75,2.0,1.0
010_C208,10,C,2,2,OPTIMAL,46.8207,2,1,1,0,1,0.5,35.9021,0.0,10.9186,120,0.75,2.0,1.0
010_C208,10,C,2,3,OPTIMAL,48.3279,2,1,1,0,1,0.5,34.7795,0.0,13.5484,120,0.75,2.0,1.0
010_C208,10,C,2,4,OPTIMAL,73.244,2,2,2,0,0,1.0,73.244,0.0,0.0,120,0.75,2.0,1.0
010_C208,10,C,2,5,OPTIMAL,82.142,2,2,2,0,0,1.0,82.142,0.0,0.0,120,0.75,2.0,1.0
010_C208,10,C,2,6,OPTIMAL,76.9424,2,2,2,0,0,1.0,76.9424,0.0,0.0,120,0.75,2.0,1.0
010_C208,10,C,2,7,OPTIMAL,41.6454,2,1,1,0,1,0.5,39.9854,0.0,1.66,120,0.75,2.0,1.0
010_C208,10,C,2,8,OPTIMAL,69.3745,2,2,2,0,0,1.0,69.3745,0.0,0.0,120,0.75,2.0,1.0
010_C208,10,C,2,9,OPTIMAL,79.6695,2,2,2,0,0,1.0,79.6695,0.0,0.0,120,0.75,2.0,1.0
010_C208,10,C,3,0,OPTIMAL,105.1952,3,3,3,0,0,1.0,105.1952,0.0,0.0,120,0.75,2.0,1.0
010_C208,10,C,3,1,OPTIMAL,92.8913,3,3,3,0,0,1.0,92.8913,0.0,0.0,120,0.75,2.0,1.0
010_C208,10,C,3,2,OPTIMAL,78.31,3,2,1,1,1,0.6667,73.1328,0.0,5.1772,120,0.75,2.0,1.0
010_C208,10,C,3,3,OPTIMAL,67.4211,3,2,1,1,1,0.6667,62.7166,0.0,4.7044,120,0.75,2.0,1.0
010_C208,10,C,3,4,OPTIMAL,98.257,3,2,2,0,1,0.6667,88.4164,0.0,9.8406,120,0.75,2.0,1.0
010_C208,10,C,3,5,OPTIMAL,103.1002,3,3,3,0,0,1.0,103.1002,0.0,0.0,120,0.75,2.0,1.0
010_C208,10,C,3,6,OPTIMAL,105.2324,3,3,3,0,0,1.0,105.2324,0.0,0.0,120,0.75,2.0,1.0
010_C208,10,C,3,7,OPTIMAL,100.7517,3,3,2,1,0,1.0,100.7517,0.0,0.0,120,0.75,2.0,1.0
010_C208,10,C,3,8,OPTIMAL,98.7866,3,3,2,1,0,1.0,98.7866,0.0,0.0,120,0.75,2.0,1.0
010_C208,10,C,3,9,OPTIMAL,112.2278,3,3,2,1,0,1.0,112.2278,0.0,0.0,120,0.75,2.0,1.0
010_R101,10,R,1,0,OPTIMAL,28.6454,1,0,0,0,1,0.0,0.0,0.0,28.6454,120,0.75,2.0,1.0
010_R101,10,R,1,1,OPTIMAL,5.4693,1,0,0,0,1,0.0,0.0,0.0,5.4693,120,0.75,2.0,1.0
010_R101,10,R,1,2,OPTIMAL,0.4673,1,0,0,0,1,0.0,0.0,0.0,0.4673,120,0.75,2.0,1.0
010_R101,10,R,1,3,OPTIMAL,4.6255,1,0,0,0,1,0.0,0.0,0.0,4.6255,120,0.75,2.0,1.0
010_R101,10,R,1,4,OPTIMAL,3.7952,1,0,0,0,1,0.0,0.0,0.0,3.7952,120,0.75,2.0,1.0
010_R101,10,R,1,5,OPTIMAL,3.8621,1,0,0,0,1,0.0,0.0,0.0,3.8621,120,0.75,2.0,1.0
010_R101,10,R,1,6,OPTIMAL,7.0417,1,0,0,0,1,0.0,0.0,0.0,7.0417,120,0.75,2.0,1.0
010_R101,10,R,1,7,OPTIMAL,4.4326,1,0,0,0,1,0.0,0.0,0.0,4.4326,120,0.75,2.0,1.0
010_R101,10,R,1,8,OPTIMAL,38.5799,1,1,0,1,0,1.0,38.5799,0.0,0.0,120,0.75,2.0,1.0
010_R101,10,R,1,9,OPTIMAL,0.0932,1,0,0,0,1,0.0,0.0,0.0,0.0932,120,0.75,2.0,1.0
010_R101,10,R,2,0,OPTIMAL,69.1657,2,1,0,1,1,0.5,34.1875,0.0,34.9782,120,0.75,2.0,1.0
010_R101,10,R,2,1,OPTIMAL,9.0684,2,0,0,0,2,0.0,0.0,0.0,9.0684,120,0.75,2.0,1.0
010_R101,10,R,2,2,OPTIMAL,15.0454,2,0,0,0,2,0.0,0.0,0.0,15.0454,120,0.75,2.0,1.0
010_R101,10,R,2,3,OPTIMAL,22.1302,2,0,0,0,2,0.0,0.0,0.0,22.1302,120,0.75,2.0,1.0
010_R101,10,R,2,4,OPTIMAL,41.1511,2,1,0,1,1,0.5,38.5226,0.0,2.6285,120,0.75,2.0,1.0
010_R101,10,R,2,5,OPTIMAL,6.2757,2,0,0,0,2,0.0,0.0,0.0,6.2757,120,0.75,2.0,1.0
010_R101,10,R,2,6,OPTIMAL,7.5077,2,0,0,0,2,0.0,0.0,0.0,7.5077,120,0.75,2.0,1.0
010_R101,10,R,2,7,OPTIMAL,7.2963,2,0,0,0,2,0.0,0.0,0.0,7.2963,120,0.75,2.0,1.0
010_R101,10,R,2,8,OPTIMAL,4.256,2,0,0,0,2,0.0,0.0,0.0,4.256,120,0.75,2.0,1.0
010_R101,10,R,2,9,OPTIMAL,3.0756,2,0,0,0,2,0.0,0.0,0.0,3.0756,120,0.75,2.0,1.0
010_R101,10,R,3,0,OPTIMAL,9.0921,3,0,0,0,3,0.0,0.0,0.0,9.0921,120,0.75,2.0,1.0
010_R101,10,R,3,1,OPTIMAL,11.5897,3,0,0,0,3,0.0,0.0,0.0,11.5897,120,0.75,2.0,1.0
010_R101,10,R,3,2,OPTIMAL,8.7672,3,0,0,0,3,0.0,0.0,0.0,8.7672,120,0.75,2.0,1.0
010_R101,10,R,3,3,OPTIMAL,35.7558,3,0,0,0,3,0.0,0.0,0.0,35.7558,120,0.75,2.0,1.0
010_R101,10,R,3,4,OPTIMAL,41.1048,3,0,0,0,3,0.0,0.0,0.0,41.1048,120,0.75,2.0,1.0
010_R101,10,R,3,5,OPTIMAL,5.8026,3,0,0,0,3,0.0,0.0,0.0,5.8026,120,0.75,2.0,1.0
010_R101,10,R,3,6,OPTIMAL,47.3818,3,0,0,0,3,0.0,0.0,0.0,47.3818,120,0.75,2.0,1.0
010_R101,10,R,3,7,OPTIMAL,29.5799,3,1,0,1,2,0.3333,27.4832,0.0,2.0967,120,0.75,2.0,1.0
010_R101,10,R,3,8,OPTIMAL,13.5293,3,0,0,0,3,0.0,0.0,0.0,13.5293,120,0.75,2.0,1.0
010_R101,10,R,3,9,OPTIMAL,5.0362,3,0,0,0,3,0.0,0.0,0.0,5.0362,120,0.75,2.0,1.0
010_R102,10,R,1,0,OPTIMAL,28.6454,1,0,0,0,1,0.0,0.0,0.0,28.6454,120,0.75,2.0,1.0
010_R102,10,R,1,1,OPTIMAL,6.6824,1,0,0,0,1,0.0,0.0,0.0,6.6824,120,0.75,2.0,1.0
010_R102,10,R,1,2,OPTIMAL,0.4673,1,0,0,0,1,0.0,0.0,0.0,0.4673,120,0.75,2.0,1.0
010_R102,10,R,1,3,OPTIMAL,0.3935,1,0,0,0,1,0.0,0.0,0.0,0.3935,120,0.75,2.0,1.0
010_R102,10,R,1,4,OPTIMAL,1.8976,1,0,0,0,1,0.0,0.0,0.0,1.8976,120,0.75,2.0,1.0
010_R102,10,R,1,5,OPTIMAL,2.8776,1,0,0,0,1,0.0,0.0,0.0,2.8776,120,0.75,2.0,1.0
010_R102,10,R,1,6,OPTIMAL,11.3323,1,0,0,0,1,0.0,0.0,0.0,11.3323,120,0.75,2.0,1.0
010_R102,10,R,1,7,OPTIMAL,10.3099,1,0,0,0,1,0.0,0.0,0.0,10.3099,120,0.75,2.0,1.0
010_R102,10,R,1,8,OPTIMAL,32.3684,1,0,0,0,1,0.0,0.0,0.0,32.3684,120,0.75,2.0,1.0
010_R102,10,R,1,9,OPTIMAL,1.0304,1,0,0,0,1,0.0,0.0,0.0,1.0304,120,0.75,2.0,1.0
010_R102,10,R,2,0,OPTIMAL,69.1657,2,1,0,1,1,0.5,34.1875,0.0,34.9782,120,0.75,2.0,1.0
010_R102,10,R,2,1,OPTIMAL,12.3251,2,0,0,0,2,0.0,0.0,0.0,12.3251,120,0.75,2.0,1.0
010_R102,10,R,2,2,OPTIMAL,15.0454,2,0,0,0,2,0.0,0.0,0.0,15.0454,120,0.75,2.0,1.0
010_R102,10,R,2,3,OPTIMAL,25.6283,2,0,0,0,2,0.0,0.0,0.0,25.6283,120,0.75,2.0,1.0
010_R102,10,R,2,4,OPTIMAL,39.8369,2,1,0,1,1,0.5,38.5226,0.0,1.3142,120,0.75,2.0,1.0
010_R102,10,R,2,5,OPTIMAL,3.5987,2,0,0,0,2,0.0,0.0,0.0,3.5987,120,0.75,2.0,1.0
010_R102,10,R,2,6,OPTIMAL,12.2088,2,0,0,0,2,0.0,0.0,0.0,12.2088,120,0.75,2.0,1.0
010_R102,10,R,2,7,OPTIMAL,9.2394,2,0,0,0,2,0.0,0.0,0.0,9.2394,120,0.75,2.0,1.0
010_R102,10,R,2,8,OPTIMAL,24.7905,2,0,0,0,2,0.0,0.0,0.0,24.7905,120,0.75,2.0,1.0
010_R102,10,R,2,9,OPTIMAL,7.0864,2,0,0,0,2,0.0,0.0,0.0,7.0864,120,0.75,2.0,1.0
010_R102,10,R,3,0,OPTIMAL,10.2452,3,0,0,0,3,0.0,0.0,0.0,10.2452,120,0.75,2.0,1.0
010_R102,10,R,3,1,OPTIMAL,22.9906,3,0,0,0,3,0.0,0.0,0.0,22.9906,120,0.75,2.0,1.0
010_R102,10,R,3,2,OPTIMAL,27.648,3,0,0,0,3,0.0,0.0,0.0,27.648,120,0.75,2.0,1.0
010_R102,10,R,3,3,OPTIMAL,37.2269,3,0,0,0,3,0.0,0.0,0.0,37.2269,120,0.75,2.0,1.0
010_R102,10,R,3,4,OPTIMAL,33.4265,3,0,0,0,3,0.0,0.0,0.0,33.4265,120,0.75,2.0,1.0
010_R102,10,R,3,5,OPTIMAL,32.0613,3,0,0,0,3,0.0,0.0,0.0,32.0613,120,0.75,2.0,1.0
010_R102,10,R,3,6,OPTIMAL,59.3571,3,1,0,1,2,0.3333,33.3243,0.0,26.0328,120,0.75,2.0,1.0
010_R102,10,R,3,7,OPTIMAL,25.9207,3,0,0,0,3,0.0,0.0,0.0,25.9207,120,0.75,2.0,1.0
010_R102,10,R,3,8,OPTIMAL,22.6202,3,0,0,0,3,0.0,0.0,0.0,22.6202,120,0.75,2.0,1.0
010_R102,10,R,3,9,OPTIMAL,3.214,3,0,0,0,3,0.0,0.0,0.0,3.214,120,0.75,2.0,1.0
010_R103,10,R,1,0,OPTIMAL,28.6454,1,0,0,0,1,0.0,0.0,0.0,28.6454,120,0.75,2.0,1.0
010_R103,10,R,1,1,OPTIMAL,6.6824,1,0,0,0,1,0.0,0.0,0.0,6.6824,120,0.75,2.0,1.0
010_R103,10,R,1,2,OPTIMAL,0.4673,1,0,0,0,1,0.0,0.0,0.0,0.4673,120,0.75,2.0,1.0
010_R103,10,R,1,3,OPTIMAL,0.3935,1,0,0,0,1,0.0,0.0,0.0,0.3935,120,0.75,2.0,1.0
010_R103,10,R,1,4,OPTIMAL,1.8976,1,0,0,0,1,0.0,0.0,0.0,1.8976,120,0.75,2.0,1.0
010_R103,10,R,1,5,OPTIMAL,2.8776,1,0,0,0,1,0.0,0.0,0.0,2.8776,120,0.75,2.0,1.0
010_R103,10,R,1,6,OPTIMAL,11.3323,1,0,0,0,1,0.0,0.0,0.0,11.3323,120,0.75,2.0,1.0
010_R103,10,R,1,7,OPTIMAL,10.3099,1,0,0,0,1,0.0,0.0,0.0,10.3099,120,0.75,2.0,1.0
010_R103,10,R,1,8,OPTIMAL,32.3684,1,0,0,0,1,0.0,0.0,0.0,32.3684,120,0.75,2.0,1.0
010_R103,10,R,1,9,OPTIMAL,1.0304,1,0,0,0,1,0.0,0.0,0.0,1.0304,120,0.75,2.0,1.0
010_R103,10,R,2,0,OPTIMAL,69.1657,2,1,0,1,1,0.5,34.1875,0.0,34.9782,120,0.75,2.0,1.0
010_R103,10,R,2,1,OPTIMAL,12.3251,2,0,0,0,2,0.0,0.0,0.0,12.3251,120,0.75,2.0,1.0
010_R103,10,R,2,2,OPTIMAL,15.0454,2,0,0,0,2,0.0,0.0,0.0,15.0454,120,0.75,2.0,1.0
010_R103,10,R,2,3,OPTIMAL,25.6283,2,0,0,0,2,0.0,0.0,0.0,25.6283,120,0.75,2.0,1.0
010_R103,10,R,2,4,OPTIMAL,39.8369,2,1,0,1,1,0.5,38.5226,0.0,1.3142,120,0.75,2.0,1.0
010_R103,10,R,2,5,OPTIMAL,3.5987,2,0,0,0,2,0.0,0.0,0.0,3.5987,120,0.75,2.0,1.0
010_R103,10,R,2,6,OPTIMAL,12.2088,2,0,0,0,2,0.0,0.0,0.0,12.2088,120,0.75,2.0,1.0
010_R103,10,R,2,7,OPTIMAL,9.2394,2,0,0,0,2,0.0,0.0,0.0,9.2394,120,0.75,2.0,1.0
010_R103,10,R,2,8,OPTIMAL,24.7905,2,0,0,0,2,0.0,0.0,0.0,24.7905,120,0.75,2.0,1.0
010_R103,10,R,2,9,OPTIMAL,7.0864,2,0,0,0,2,0.0,0.0,0.0,7.0864,120,0.75,2.0,1.0
010_R103,10,R,3,0,OPTIMAL,10.2452,3,0,0,0,3,0.0,0.0,0.0,10.2452,120,0.75,2.0,1.0
010_R103,10,R,3,1,OPTIMAL,22.9906,3,0,0,0,3,0.0,0.0,0.0,22.9906,120,0.75,2.0,1.0
010_R103,10,R,3,2,OPTIMAL,27.648,3,0,0,0,3,0.0,0.0,0.0,27.648,120,0.75,2.0,1.0
010_R103,10,R,3,3,OPTIMAL,37.2269,3,0,0,0,3,0.0,0.0,0.0,37.2269,120,0.75,2.0,1.0
010_R103,10,R,3,4,OPTIMAL,33.4265,3,0,0,0,3,0.0,0.0,0.0,33.4265,120,0.75,2.0,1.0
010_R103,10,R,3,5,OPTIMAL,32.0613,3,0,0,0,3,0.0,0.0,0.0,32.0613,120,0.75,2.0,1.0
010_R103,10,R,3,6,OPTIMAL,59.3571,3,1,0,1,2,0.3333,33.3243,0.0,26.0328,120,0.75,2.0,1.0
010_R103,10,R,3,7,OPTIMAL,25.9207,3,0,0,0,3,0.0,0.0,0.0,25.9207,120,0.75,2.0,1.0
010_R103,10,R,3,8,OPTIMAL,22.6202,3,0,0,0,3,0.0,0.0,0.0,22.6202,120,0.75,2.0,1.0
010_R103,10,R,3,9,OPTIMAL,3.214,3,0,0,0,3,0.0,0.0,0.0,3.214,120,0.75,2.0,1.0
010_R104,10,R,1,0,OPTIMAL,30.8576,1,1,0,1,0,1.0,30.8576,0.0,0.0,120,0.75,2.0,1.0
010_R104,10,R,1,1,OPTIMAL,26.9147,1,1,0,1,0,1.0,26.9147,0.0,0.0,120,0.75,2.0,1.0
010_R104,10,R,1,2,OPTIMAL,4.9978,1,0,0,0,1,0.0,0.0,0.0,4.9978,120,0.75,2.0,1.0
010_R104,10,R,1,3,OPTIMAL,0.3935,1,0,0,0,1,0.0,0.0,0.0,0.3935,120,0.75,2.0,1.0
010_R104,10,R,1,4,OPTIMAL,1.8976,1,0,0,0,1,0.0,0.0,0.0,1.8976,120,0.75,2.0,1.0
010_R104,10,R,1,5,OPTIMAL,2.8776,1,0,0,0,1,0.0,0.0,0.0,2.8776,120,0.75,2.0,1.0
010_R104,10,R,1,6,OPTIMAL,7.0417,1,0,0,0,1,0.0,0.0,0.0,7.0417,120,0.75,2.0,1.0
010_R104,10,R,1,7,OPTIMAL,6.5305,1,0,0,0,1,0.0,0.0,0.0,6.5305,120,0.75,2.0,1.0
010_R104,10,R,1,8,OPTIMAL,32.3684,1,0,0,0,1,0.0,0.0,0.0,32.3684,120,0.75,2.0,1.0
010_R104,10,R,1,9,OPTIMAL,3.3148,1,0,0,0,1,0.0,0.0,0.0,3.3148,120,0.75,2.0,1.0
010_R104,10,R,2,0,OPTIMAL,86.0638,2,2,0,2,0,1.0,86.0638,0.0,0.0,120,0.75,2.0,1.0
010_R104,10,R,2,1,OPTIMAL,8.5507,2,0,0,0,2,0.0,0.0,0.0,8.5507,120,0.75,2.0,1.0
010_R104,10,R,2,2,OPTIMAL,15.0454,2,0,0,0,2,0.0,0.0,0.0,15.0454,120,0.75,2.0,1.0
010_R104,10,R,2,3,OPTIMAL,22.1302,2,0,0,0,2,0.0,0.0,0.0,22.1302,120,0.75,2.0,1.0
010_R104,10,R,2,4,OPTIMAL,39.8369,2,1,1,0,1,0.5,38.5226,0.0,1.3142,120,0.75,2.0,1.0
010_R104,10,R,2,5,OPTIMAL,3.5987,2,0,0,0,2,0.0,0.0,0.0,3.5987,120,0.75,2.0,1.0
010_R104,10,R,2,6,OPTIMAL,7.5632,2,0,0,0,2,0.0,0.0,0.0,7.5632,120,0.75,2.0,1.0
010_R104,10,R,2,7,OPTIMAL,6.429,2,0,0,0,2,0.0,0.0,0.0,6.429,120,0.75,2.0,1.0
010_R104,10,R,2,8,OPTIMAL,30.0579,2,1,0,1,1,0.5,29.8601,0.0,0.1978,120,0.75,2.0,1.0
010_R104,10,R,2,9,OPTIMAL,24.5598,2,0,0,0,2,0.0,0.0,0.0,24.5598,120,0.75,2.0,1.0
010_R104,10,R,3,0,OPTIMAL,11.5018,3,0,0,0,3,0.0,0.0,0.0,11.5018,120,0.75,2.0,1.0
010_R104,10,R,3,1,OPTIMAL,16.6697,3,0,0,0,3,0.0,0.0,0.0,16.6697,120,0.75,2.0,1.0
010_R104,10,R,3,2,OPTIMAL,58.2567,3,1,0,1,2,0.3333,31.949,0.0,26.3077,120,0.75,2.0,1.0
010_R104,10,R,3,3,OPTIMAL,56.0758,3,0,0,0,3,0.0,0.0,0.0,56.0758,120,0.75,2.0,1.0
010_R104,10,R,3,4,OPTIMAL,50.0441,3,0,0,0,3,0.0,0.0,0.0,50.0441,120,0.75,2.0,1.0
010_R104,10,R,3,5,OPTIMAL,42.8609,3,0,0,0,3,0.0,0.0,0.0,42.8609,120,0.75,2.0,1.0
010_R104,10,R,3,6,OPTIMAL,55.7085,3,1,0,1,2,0.3333,33.3243,0.0,22.3843,120,0.75,2.0,1.0
010_R104,10,R,3,7,OPTIMAL,29.3823,3,1,0,1,2,0.3333,27.4832,0.0,1.899,120,0.75,2.0,1.0
010_R104,10,R,3,8,OPTIMAL,16.7296,3,0,0,0,3,0.0,0.0,0.0,16.7296,120,0.75,2.0,1.0
010_R104,10,R,3,9,OPTIMAL,3.5121,3,0,0,0,3,0.0,0.0,0.0,3.5121,120,0.75,2.0,1.0
010_R105,10,R,1,0,OPTIMAL,28.6454,1,0,0,0,1,0.0,0.0,0.0,28.6454,120,0.75,2.0,1.0
010_R105,10,R,1,1,OPTIMAL,5.4693,1,0,0,0,1,0.0,0.0,0.0,5.4693,120,0.75,2.0,1.0
010_R105,10,R,1,2,OPTIMAL,0.4673,1,0,0,0,1,0.0,0.0,0.0,0.4673,120,0.75,2.0,1.0
010_R105,10,R,1,3,OPTIMAL,4.6255,1,0,0,0,1,0.0,0.0,0.0,4.6255,120,0.75,2.0,1.0
010_R105,10,R,1,4,OPTIMAL,4.4447,1,0,0,0,1,0.0,0.0,0.0,4.4447,120,0.75,2.0,1.0
010_R105,10,R,1,5,OPTIMAL,3.8621,1,0,0,0,1,0.0,0.0,0.0,3.8621,120,0.75,2.0,1.0
010_R105,10,R,1,6,OPTIMAL,11.3323,1,0,0,0,1,0.0,0.0,0.0,11.3323,120,0.75,2.0,1.0
010_R105,10,R,1,7,OPTIMAL,4.4326,1,0,0,0,1,0.0,0.0,0.0,4.4326,120,0.75,2.0,1.0
010_R105,10,R,1,8,OPTIMAL,38.5799,1,1,0,1,0,1.0,38.5799,0.0,0.0,120,0.75,2.0,1.0
010_R105,10,R,1,9,OPTIMAL,1.0304,1,0,0,0,1,0.0,0.0,0.0,1.0304,120,0.75,2.0,1.0
010_R105,10,R,2,0,OPTIMAL,69.1657,2,1,0,1,1,0.5,34.1875,0.0,34.9782,120,0.75,2.0,1.0
010_R105,10,R,2,1,OPTIMAL,12.8428,2,0,0,0,2,0.0,0.0,0.0,12.8428,120,0.75,2.0,1.0
010_R105,10,R,2,2,OPTIMAL,15.0454,2,0,0,0,2,0.0,0.0,0.0,15.0454,120,0.75,2.0,1.0
010_R105,10,R,2,3,OPTIMAL,23.7787,2,0,0,0,2,0.0,0.0,0.0,23.7787,120,0.75,2.0,1.0
010_R105,10,R,2,4,OPTIMAL,42.4459,2,1,0,1,1,0.5,38.5226,0.0,3.9233,120,0.75,2.0,1.0
010_R105,10,R,2,5,OPTIMAL,9.7562,2,0,0,0,2,0.0,0.0,0.0,9.7562,120,0.75,2.0,1.0
010_R105,10,R,2,6,OPTIMAL,12.2088,2,0,0,0,2,0.0,0.0,0.0,12.2088,120,0.75,2.0,1.0
010_R105,10,R,2,7,OPTIMAL,10.1067,2,0,0,0,2,0.0,0.0,0.0,10.1067,120,0.75,2.0,1.0
010_R105,10,R,2,8,OPTIMAL,7.7232,2,0,0,0,2,0.0,0.0,0.0,7.7232,120,0.75,2.0,1.0
010_R105,10,R,2,9,OPTIMAL,3.0756,2,0,0,0,2,0.0,0.0,0.0,3.0756,120,0.75,2.0,1.0
010_R105,10,R,3,0,OPTIMAL,10.191,3,0,0,0,3,0.0,0.0,0.0,10.191,120,0.75,2.0,1.0
010_R105,10,R,3,1,OPTIMAL,17.9105,3,0,0,0,3,0.0,0.0,0.0,17.9105,120,0.75,2.0,1.0
010_R105,10,R,3,2,OPTIMAL,8.7672,3,0,0,0,3,0.0,0.0,0.0,8.7672,120,0.75,2.0,1.0
010_R105,10,R,3,3,OPTIMAL,37.2269,3,0,0,0,3,0.0,0.0,0.0,37.2269,120,0.75,2.0,1.0
010_R105,10,R,3,4,OPTIMAL,43.8674,3,1,0,1,2,0.3333,37.939,0.0,5.9284,120,0.75,2.0,1.0
010_R105,10,R,3,5,OPTIMAL,5.8026,3,0,0,0,3,0.0,0.0,0.0,5.8026,120,0.75,2.0,1.0
010_R105,10,R,3,6,OPTIMAL,59.3571,3,1,0,1,2,0.3333,33.3243,0.0,26.0328,120,0.75,2.0,1.0
010_R105,10,R,3,7,OPTIMAL,26.969,3,0,0,0,3,0.0,0.0,0.0,26.969,120,0.75,2.0,1.0
010_R105,10,R,3,8,OPTIMAL,19.6987,3,0,0,0,3,0.0,0.0,0.0,19.6987,120,0.75,2.0,1.0
010_R105,10,R,3,9,OPTIMAL,6.4639,3,0,0,0,3,0.0,0.0,0.0,6.4639,120,0.75,2.0,1.0
010_R106,10,R,1,0,OPTIMAL,28.6454,1,0,0,0,1,0.0,0.0,0.0,28.6454,120,0.75,2.0,1.0
010_R106,10,R,1,1,OPTIMAL,6.6824,1,0,0,0,1,0.0,0.0,0.0,6.6824,120,0.75,2.0,1.0
010_R106,10,R,1,2,OPTIMAL,0.4673,1,0,0,0,1,0.0,0.0,0.0,0.4673,120,0.75,2.0,1.0
010_R106,10,R,1,3,OPTIMAL,8.6434,1,0,0,0,1,0.0,0.0,0.0,8.6434,120,0.75,2.0,1.0
010_R106,10,R,1,4,OPTIMAL,1.8976,1,0,0,0,1,0.0,0.0,0.0,1.8976,120,0.75,2.0,1.0
010_R106,10,R,1,5,OPTIMAL,2.8776,1,0,0,0,1,0.0,0.0,0.0,2.8776,120,0.75,2.0,1.0
010_R106,10,R,1,6,OPTIMAL,11.3323,1,0,0,0,1,0.0,0.0,0.0,11.3323,120,0.75,2.0,1.0
010_R106,10,R,1,7,OPTIMAL,10.3099,1,0,0,0,1,0.0,0.0,0.0,10.3099,120,0.75,2.0,1.0
010_R106,10,R,1,8,OPTIMAL,32.3684,1,0,0,0,1,0.0,0.0,0.0,32.3684,120,0.75,2.0,1.0
010_R106,10,R,1,9,OPTIMAL,1.0304,1,0,0,0,1,0.0,0.0,0.0,1.0304,120,0.75,2.0,1.0
010_R106,10,R,2,0,OPTIMAL,69.1657,2,1,0,1,1,0.5,34.1875,0.0,34.9782,120,0.75,2.0,1.0
010_R106,10,R,2,1,OPTIMAL,12.3251,2,0,0,0,2,0.0,0.0,0.0,12.3251,120,0.75,2.0,1.0
010_R106,10,R,2,2,OPTIMAL,15.0454,2,0,0,0,2,0.0,0.0,0.0,15.0454,120,0.75,2.0,1.0
010_R106,10,R,2,3,OPTIMAL,25.6283,2,0,0,0,2,0.0,0.0,0.0,25.6283,120,0.75,2.0,1.0
010_R106,10,R,2,4,OPTIMAL,39.8369,2,1,0,1,1,0.5,38.5226,0.0,1.3142,120,0.75,2.0,1.0
010_R106,10,R,2,5,OPTIMAL,3.5987,2,0,0,0,2,0.0,0.0,0.0,3.5987,120,0.75,2.0,1.0
010_R106,10,R,2,6,OPTIMAL,12.2088,2,0,0,0,2,0.0,0.0,0.0,12.2088,120,0.75,2.0,1.0
010_R106,10,R,2,7,OPTIMAL,8.3749,2,0,0,0,2,0.0,0.0,0.0,8.3749,120,0.75,2.0,1.0
010_R106,10,R,2,8,OPTIMAL,27.1234,2,0,0,0,2,0.0,0.0,0.0,27.1234,120,0.75,2.0,1.0
010_R106,10,R,2,9,OPTIMAL,7.0864,2,0,0,0,2,0.0,0.0,0.0,7.0864,120,0.75,2.0,1.0
010_R106,10,R,3,0,OPTIMAL,10.2452,3,0,0,0,3,0.0,0.0,0.0,10.2452,120,0.75,2.0,1.0
010_R106,10,R,3,1,OPTIMAL,22.9906,3,0,0,0,3,0.0,0.0,0.0,22.9906,120,0.75,2.0,1.0
010_R106,10,R,3,2,OPTIMAL,23.1978,3,0,0,0,3,0.0,0.0,0.0,23.1978,120,0.75,2.0,1.0
010_R106,10,R,3,3,OPTIMAL,37.2269,3,0,0,0,3,0.0,0.0,0.0,37.2269,120,0.75,2.0,1.0
010_R106,10,R,3,4,OPTIMAL,33.4265,3,0,0,0,3,0.0,0.0,0.0,33.4265,120,0.75,2.0,1.0
010_R106,10,R,3,5,OPTIMAL,32.0613,3,0,0,0,3,0.0,0.0,0.0,32.0613,120,0.75,2.0,1.0
010_R106,10,R,3,6,OPTIMAL,54.8226,3,0,0,0,3,0.0,0.0,0.0,54.8226,120,0.75,2.0,1.0
010_R106,10,R,3,7,OPTIMAL,25.4216,3,0,0,0,3,0.0,0.0,0.0,25.4216,120,0.75,2.0,1.0
010_R106,10,R,3,8,OPTIMAL,22.6202,3,0,0,0,3,0.0,0.0,0.0,22.6202,120,0.75,2.0,1.0
010_R106,10,R,3,9,OPTIMAL,3.214,3,0,0,0,3,0.0,0.0,0.0,3.214,120,0.75,2.0,1.0
010_R107,10,R,1,0,OPTIMAL,28.6454,1,0,0,0,1,0.0,0.0,0.0,28.6454,120,0.75,2.0,1.0
010_R107,10,R,1,1,OPTIMAL,6.6824,1,0,0,0,1,0.0,0.0,0.0,6.6824,120,0.75,2.0,1.0
010_R107,10,R,1,2,OPTIMAL,0.4673,1,0,0,0,1,0.0,0.0,0.0,0.4673,120,0.75,2.0,1.0
010_R107,10,R,1,3,OPTIMAL,8.6434,1,0,0,0,1,0.0,0.0,0.0,8.6434,120,0.75,2.0,1.0
010_R107,10,R,1,4,OPTIMAL,1.8976,1,0,0,0,1,0.0,0.0,0.0,1.8976,120,0.75,2.0,1.0
010_R107,10,R,1,5,OPTIMAL,2.8776,1,0,0,0,1,0.0,0.0,0.0,2.8776,120,0.75,2.0,1.0
010_R107,10,R,1,6,OPTIMAL,11.3323,1,0,0,0,1,0.0,0.0,0.0,11.3323,120,0.75,2.0,1.0
010_R107,10,R,1,7,OPTIMAL,10.3099,1,0,0,0,1,0.0,0.0,0.0,10.3099,120,0.75,2.0,1.0
010_R107,10,R,1,8,OPTIMAL,32.3684,1,0,0,0,1,0.0,0.0,0.0,32.3684,120,0.75,2.0,1.0
010_R107,10,R,1,9,OPTIMAL,1.0304,1,0,0,0,1,0.0,0.0,0.0,1.0304,120,0.75,2.0,1.0
010_R107,10,R,2,0,OPTIMAL,69.1657,2,1,0,1,1,0.5,34.1875,0.0,34.9782,120,0.75,2.0,1.0
010_R107,10,R,2,1,OPTIMAL,12.3251,2,0,0,0,2,0.0,0.0,0.0,12.3251,120,0.75,2.0,1.0
010_R107,10,R,2,2,OPTIMAL,15.0454,2,0,0,0,2,0.0,0.0,0.0,15.0454,120,0.75,2.0,1.0
010_R107,10,R,2,3,OPTIMAL,25.6283,2,0,0,0,2,0.0,0.0,0.0,25.6283,120,0.75,2.0,1.0
010_R107,10,R,2,4,OPTIMAL,39.8369,2,1,0,1,1,0.5,38.5226,0.0,1.3142,120,0.75,2.0,1.0
010_R107,10,R,2,5,OPTIMAL,3.5987,2,0,0,0,2,0.0,0.0,0.0,3.5987,120,0.75,2.0,1.0
010_R107,10,R,2,6,OPTIMAL,12.2088,2,0,0,0,2,0.0,0.0,0.0,12.2088,120,0.75,2.0,1.0
010_R107,10,R,2,7,OPTIMAL,8.3749,2,0,0,0,2,0.0,0.0,0.0,8.3749,120,0.75,2.0,1.0
010_R107,10,R,2,8,OPTIMAL,27.1234,2,0,0,0,2,0.0,0.0,0.0,27.1234,120,0.75,2.0,1.0
010_R107,10,R,2,9,OPTIMAL,7.0864,2,0,0,0,2,0.0,0.0,0.0,7.0864,120,0.75,2.0,1.0
010_R107,10,R,3,0,OPTIMAL,10.2452,3,0,0,0,3,0.0,0.0,0.0,10.2452,120,0.75,2.0,1.0
010_R107,10,R,3,1,OPTIMAL,22.9906,3,0,0,0,3,0.0,0.0,0.0,22.9906,120,0.75,2.0,1.0
010_R107,10,R,3,2,OPTIMAL,23.1978,3,0,0,0,3,0.0,0.0,0.0,23.1978,120,0.75,2.0,1.0
010_R107,10,R,3,3,OPTIMAL,37.2269,3,0,0,0,3,0.0,0.0,0.0,37.2269,120,0.75,2.0,1.0
010_R107,10,R,3,4,OPTIMAL,33.4265,3,0,0,0,3,0.0,0.0,0.0,33.4265,120,0.75,2.0,1.0
010_R107,10,R,3,5,OPTIMAL,32.0613,3,0,0,0,3,0.0,0.0,0.0,32.0613,120,0.75,2.0,1.0
010_R107,10,R,3,6,OPTIMAL,54.8226,3,0,0,0,3,0.0,0.0,0.0,54.8226,120,0.75,2.0,1.0
010_R107,10,R,3,7,OPTIMAL,25.4216,3,0,0,0,3,0.0,0.0,0.0,25.4216,120,0.75,2.0,1.0
010_R107,10,R,3,8,OPTIMAL,22.6202,3,0,0,0,3,0.0,0.0,0.0,22.6202,120,0.75,2.0,1.0
010_R107,10,R,3,9,OPTIMAL,3.214,3,0,0,0,3,0.0,0.0,0.0,3.214,120,0.75,2.0,1.0
010_R108,10,R,1,0,OPTIMAL,30.8576,1,1,0,1,0,1.0,30.8576,0.0,0.0,120,0.75,2.0,1.0
010_R108,10,R,1,1,OPTIMAL,26.9147,1,1,0,1,0,1.0,26.9147,0.0,0.0,120,0.75,2.0,1.0
010_R108,10,R,1,2,OPTIMAL,7.2445,1,0,0,0,1,0.0,0.0,0.0,7.2445,120,0.75,2.0,1.0
010_R108,10,R,1,3,OPTIMAL,24.0169,1,0,0,0,1,0.0,0.0,0.0,24.0169,120,0.75,2.0,1.0
010_R108,10,R,1,4,OPTIMAL,1.8976,1,0,0,0,1,0.0,0.0,0.0,1.8976,120,0.75,2.0,1.0
010_R108,10,R,1,5,OPTIMAL,2.8776,1,0,0,0,1,0.0,0.0,0.0,2.8776,120,0.75,2.0,1.0
010_R108,10,R,1,6,OPTIMAL,11.3323,1,0,0,0,1,0.0,0.0,0.0,11.3323,120,0.75,2.0,1.0
010_R108,10,R,1,7,OPTIMAL,10.3099,1,0,0,0,1,0.0,0.0,0.0,10.3099,120,0.75,2.0,1.0
010_R108,10,R,1,8,OPTIMAL,32.3684,1,0,0,0,1,0.0,0.0,0.0,32.3684,120,0.75,2.0,1.0
010_R108,10,R,1,9,OPTIMAL,3.8785,1,0,0,0,1,0.0,0.0,0.0,3.8785,120,0.75,2.0,1.0
010_R108,10,R,2,0,OPTIMAL,86.0638,2,2,0,2,0,1.0,86.0638,0.0,0.0,120,0.75,2.0,1.0
010_R108,10,R,2,1,OPTIMAL,12.3251,2,0,0,0,2,0.0,0.0,0.0,12.3251,120,0.75,2.0,1.0
010_R108,10,R,2,2,OPTIMAL,15.0454,2,0,0,0,2,0.0,0.0,0.0,15.0454,120,0.75,2.0,1.0
010_R108,10,R,2,3,OPTIMAL,29.02,2,0,0,0,2,0.0,0.0,0.0,29.02,120,0.75,2.0,1.0
010_R108,10,R,2,4,OPTIMAL,39.8369,2,1,0,1,1,0.5,38.5226,0.0,1.3142,120,0.75,2.0,1.0
010_R108,10,R,2,5,OPTIMAL,3.5987,2,0,0,0,2,0.0,0.0,0.0,3.5987,120,0.75,2.0,1.0
010_R108,10,R,2,6,OPTIMAL,12.2643,2,0,0,0,2,0.0,0.0,0.0,12.2643,120,0.75,2.0,1.0
010_R108,10,R,2,7,OPTIMAL,9.2394,2,0,0,0,2,0.0,0.0,0.0,9.2394,120,0.75,2.0,1.0
010_R108,10,R,2,8,OPTIMAL,30.0579,2,1,0,1,1,0.5,29.8601,0.0,0.1978,120,0.75,2.0,1.0
010_R108,10,R,2,9,OPTIMAL,24.5598,2,0,0,0,2,0.0,0.0,0.0,24.5598,120,0.75,2.0,1.0
010_R108,10,R,3,0,OPTIMAL,12.6007,3,0,0,0,3,0.0,0.0,0.0,12.6007,120,0.75,2.0,1.0
010_R108,10,R,3,1,OPTIMAL,22.9906,3,0,0,0,3,0.0,0.0,0.0,22.9906,120,0.75,2.0,1.0
010_R108,10,R,3,2,OPTIMAL,60.0154,3,1,0,1,2,0.3333,37.0732,0.0,22.9422,120,0.75,2.0,1.0
010_R108,10,R,3,3,OPTIMAL,57.5469,3,0,0,0,3,0.0,0.0,0.0,57.5469,120,0.75,2.0,1.0
010_R108,10,R,3,4,OPTIMAL,63.0394,3,1,0,1,2,0.3333,17.9484,0.0,45.0911,120,0.75,2.0,1.0
010_R108,10,R,3,5,OPTIMAL,37.374,3,0,0,0,3,0.0,0.0,0.0,37.374,120,0.75,2.0,1.0
010_R108,10,R,3,6,OPTIMAL,54.8226,3,0,0,0,3,0.0,0.0,0.0,54.8226,120,0.75,2.0,1.0
010_R108,10,R,3,7,OPTIMAL,28.7828,3,1,0,1,2,0.3333,27.4832,0.0,1.2996,120,0.75,2.0,1.0
010_R108,10,R,3,8,OPTIMAL,22.899,3,0,0,0,3,0.0,0.0,0.0,22.899,120,0.75,2.0,1.0
010_R108,10,R,3,9,OPTIMAL,3.5121,3,0,0,0,3,0.0,0.0,0.0,3.5121,120,0.75,2.0,1.0
010_R109,10,R,1,0,OPTIMAL,30.8576,1,1,0,1,0,1.0,30.8576,0.0,0.0,120,0.75,2.0,1.0
010_R109,10,R,1,1,OPTIMAL,26.9147,1,1,0,1,0,1.0,26.9147,0.0,0.0,120,0.75,2.0,1.0
010_R109,10,R,1,2,OPTIMAL,0.4673,1,0,0,0,1,0.0,0.0,0.0,0.4673,120,0.75,2.0,1.0
010_R109,10,R,1,3,OPTIMAL,25.6824,1,1,0,1,0,1.0,25.6824,0.0,0.0,120,0.75,2.0,1.0
010_R109,10,R,1,4,OPTIMAL,49.1964,1,1,0,1,0,1.0,49.1964,0.0,0.0,120,0.75,2.0,1.0
010_R109,10,R,1,5,OPTIMAL,25.0643,1,1,0,1,0,1.0,25.0643,0.0,0.0,120,0.75,2.0,1.0
010_R109,10,R,1,6,OPTIMAL,34.4238,1,1,0,1,0,1.0,34.4238,0.0,0.0,120,0.75,2.0,1.0
010_R109,10,R,1,7,OPTIMAL,6.5305,1,0,0,0,1,0.0,0.0,0.0,6.5305,120,0.75,2.0,1.0
010_R109,10,R,1,8,OPTIMAL,38.5799,1,1,0,1,0,1.0,38.5799,0.0,0.0,120,0.75,2.0,1.0
010_R109,10,R,1,9,OPTIMAL,1.0304,1,0,0,0,1,0.0,0.0,0.0,1.0304,120,0.75,2.0,1.0
010_R109,10,R,2,0,OPTIMAL,86.0638,2,2,0,2,0,1.0,86.0638,0.0,0.0,120,0.75,2.0,1.0
010_R109,10,R,2,1,OPTIMAL,48.0807,2,1,0,1,1,0.5,31.9607,0.0,16.12,120,0.75,2.0,1.0
010_R109,10,R,2,2,OPTIMAL,66.1564,2,2,0,2,0,1.0,66.1564,0.0,0.0,120,0.75,2.0,1.0
010_R109,10,R,2,3,OPTIMAL,34.2448,2,1,0,1,1,0.5,24.6038,0.0,9.641,120,0.75,2.0,1.0
010_R109,10,R,2,4,OPTIMAL,86.8437,2,2,0,2,0,1.0,86.8437,0.0,0.0,120,0.75,2.0,1.0
010_R109,10,R,2,5,OPTIMAL,84.3096,2,2,0,2,0,1.0,84.3096,0.0,0.0,120,0.75,2.0,1.0
010_R109,10,R,2,6,OPTIMAL,7.5077,2,0,0,0,2,0.0,0.0,0.0,7.5077,120,0.75,2.0,1.0
010_R109,10,R,2,7,OPTIMAL,25.9932,2,1,0,1,1,0.5,20.4316,0.0,5.5616,120,0.75,2.0,1.0
010_R109,10,R,2,8,OPTIMAL,24.4496,2,1,0,1,1,0.5,20.5892,0.0,3.8604,120,0.75,2.0,1.0
010_R109,10,R,2,9,OPTIMAL,69.1684,2,2,0,2,0,1.0,69.1684,0.0,0.0,120,0.75,2.0,1.0
010_R109,10,R,3,0,OPTIMAL,55.035,3,1,0,1,2,0.3333,48.8295,0.0,6.2055,120,0.75,2.0,1.0
010_R109,10,R,3,1,OPTIMAL,90.7891,3,2,0,2,1,0.6667,81.7171,0.0,9.072,120,0.75,2.0,1.0
010_R109,10,R,3,2,OPTIMAL,117.152,3,3,0,3,0,1.0,117.152,0.0,0.0,120,0.75,2.0,1.0
010_R109,10,R,3,3,OPTIMAL,78.5594,3,2,0,2,1,0.6667,76.2593,0.0,2.3001,120,0.75,2.0,1.0
010_R109,10,R,3,4,OPTIMAL,88.4351,3,2,0,2,1,0.6667,58.2586,0.0,30.1764,120,0.75,2.0,1.0
010_R109,10,R,3,5,OPTIMAL,77.8393,3,2,0,2,1,0.6667,72.3229,0.0,5.5164,120,0.75,2.0,1.0
010_R109,10,R,3,6,OPTIMAL,68.9772,3,2,0,2,1,0.6667,62.5774,0.0,6.3997,120,0.75,2.0,1.0
010_R109,10,R,3,7,OPTIMAL,56.7872,3,2,0,2,1,0.6667,49.6857,0.0,7.1014,120,0.75,2.0,1.0
010_R109,10,R,3,8,OPTIMAL,69.1389,3,2,0,2,1,0.6667,68.8601,0.0,0.2788,120,0.75,2.0,1.0
010_R109,10,R,3,9,OPTIMAL,27.6903,3,1,0,1,2,0.3333,26.2985,0.0,1.3918,120,0.75,2.0,1.0
010_R110,10,R,1,0,OPTIMAL,30.8576,1,1,0,1,0,1.0,30.8576,0.0,0.0,120,0.75,2.0,1.0
010_R110,10,R,1,1,OPTIMAL,26.9147,1,1,0,1,0,1.0,26.9147,0.0,0.0,120,0.75,2.0,1.0
010_R110,10,R,1,2,OPTIMAL,14.5174,1,1,0,1,0,1.0,14.5174,0.0,0.0,120,0.75,2.0,1.0
010_R110,10,R,1,3,OPTIMAL,25.6824,1,1,0,1,0,1.0,25.6824,0.0,0.0,120,0.75,2.0,1.0
010_R110,10,R,1,4,OPTIMAL,49.1964,1,1,0,1,0,1.0,49.1964,0.0,0.0,120,0.75,2.0,1.0
010_R110,10,R,1,5,OPTIMAL,25.0643,1,1,0,1,0,1.0,25.0643,0.0,0.0,120,0.75,2.0,1.0
010_R110,10,R,1,6,OPTIMAL,34.4238,1,1,0,1,0,1.0,34.4238,0.0,0.0,120,0.75,2.0,1.0
010_R110,10,R,1,7,OPTIMAL,4.4326,1,0,0,0,1,0.0,0.0,0.0,4.4326,120,0.75,2.0,1.0
010_R110,10,R,1,8,OPTIMAL,3.0006,1,0,0,0,1,0.0,0.0,0.0,3.0006,120,0.75,2.0,1.0
010_R110,10,R,1,9,OPTIMAL,1.0304,1,0,0,0,1,0.0,0.0,0.0,1.0304,120,0.75,2.0,1.0
010_R110,10,R,2,0,OPTIMAL,86.0638,2,2,0,2,0,1.0,86.0638,0.0,0.0,120,0.75,2.0,1.0
010_R110,10,R,2,1,OPTIMAL,52.3441,2,2,0,2,0,1.0,52.3441,0.0,0.0,120,0.75,2.0,1.0
010_R110,10,R,2,2,OPTIMAL,66.1564,2,2,0,2,0,1.0,66.1564,0.0,0.0,120,0.75,2.0,1.0
010_R110,10,R,2,3,OPTIMAL,35.8934,2,1,0,1,1,0.5,24.6038,0.0,11.2896,120,0.75,2.0,1.0
010_R110,10,R,2,4,OPTIMAL,50.359,2,1,0,1,1,0.5,48.3211,0.0,2.0378,120,0.75,2.0,1.0
010_R110,10,R,2,5,OPTIMAL,48.9179,2,1,0,1,1,0.5,47.9963,0.0,0.9217,120,0.75,2.0,1.0
010_R110,10,R,2,6,OPTIMAL,30.687,2,1,0,1,1,0.5,30.6316,0.0,0.0555,120,0.75,2.0,1.0
010_R110,10,R,2,7,OPTIMAL,27.8427,2,0,0,0,2,0.0,0.0,0.0,27.8427,120,0.75,2.0,1.0
010_R110,10,R,2,8,OPTIMAL,22.255,2,0,0,0,2,0.0,0.0,0.0,22.255,120,0.75,2.0,1.0
010_R110,10,R,2,9,OPTIMAL,50.5772,2,0,0,0,2,0.0,0.0,0.0,50.5772,120,0.75,2.0,1.0
010_R110,10,R,3,0,OPTIMAL,58.8851,3,1,0,1,2,0.3333,48.8295,0.0,10.0556,120,0.75,2.0,1.0
010_R110,10,R,3,1,OPTIMAL,101.3984,3,2,0,2,1,0.6667,79.5972,0.0,21.8013,120,0.75,2.0,1.0
010_R110,10,R,3,2,OPTIMAL,113.383,3,2,0,2,1,0.6667,80.0788,0.0,33.3042,120,0.75,2.0,1.0
010_R110,10,R,3,3,OPTIMAL,78.5594,3,2,0,2,1,0.6667,76.2593,0.0,2.3001,120,0.75,2.0,1.0
010_R110,10,R,3,4,OPTIMAL,58.9828,3,2,0,2,1,0.6667,58.2586,0.0,0.7241,120,0.75,2.0,1.0
010_R110,10,R,3,5,OPTIMAL,72.3525,3,2,0,2,1,0.6667,72.3229,0.0,0.0296,120,0.75,2.0,1.0
010_R110,10,R,3,6,OPTIMAL,58.1384,3,2,0,2,1,0.6667,58.1274,0.0,0.0111,120,0.75,2.0,1.0
010_R110,10,R,3,7,OPTIMAL,34.5119,3,1,0,1,2,0.3333,22.2025,0.0,12.3094,120,0.75,2.0,1.0
010_R110,10,R,3,8,OPTIMAL,57.052,3,1,0,1,2,0.3333,32.8795,0.0,24.1726,120,0.75,2.0,1.0
010_R110,10,R,3,9,OPTIMAL,27.6903,3,1,0,1,2,0.3333,26.2985,0.0,1.3918,120,0.75,2.0,1.0
010_R111,10,R,1,0,OPTIMAL,28.6454,1,0,0,0,1,0.0,0.0,0.0,28.6454,120,0.75,2.0,1.0
010_R111,10,R,1,1,OPTIMAL,6.6824,1,0,0,0,1,0.0,0.0,0.0,6.6824,120,0.75,2.0,1.0
010_R111,10,R,1,2,OPTIMAL,0.4673,1,0,0,0,1,0.0,0.0,0.0,0.4673,120,0.75,2.0,1.0
010_R111,10,R,1,3,OPTIMAL,8.6434,1,0,0,0,1,0.0,0.0,0.0,8.6434,120,0.75,2.0,1.0
010_R111,10,R,1,4,OPTIMAL,1.8976,1,0,0,0,1,0.0,0.0,0.0,1.8976,120,0.75,2.0,1.0
010_R111,10,R,1,5,OPTIMAL,2.8776,1,0,0,0,1,0.0,0.0,0.0,2.8776,120,0.75,2.0,1.0
010_R111,10,R,1,6,OPTIMAL,7.0417,1,0,0,0,1,0.0,0.0,0.0,7.0417,120,0.75,2.0,1.0
010_R111,10,R,1,7,OPTIMAL,6.5305,1,0,0,0,1,0.0,0.0,0.0,6.5305,120,0.75,2.0,1.0
010_R111,10,R,1,8,OPTIMAL,32.3684,1,0,0,0,1,0.0,0.0,0.0,32.3684,120,0.75,2.0,1.0
010_R111,10,R,1,9,OPTIMAL,1.0304,1,0,0,0,1,0.0,0.0,0.0,1.0304,120,0.75,2.0,1.0
010_R111,10,R,2,0,OPTIMAL,86.0638,2,2,0,2,0,1.0,86.0638,0.0,0.0,120,0.75,2.0,1.0
010_R111,10,R,2,1,OPTIMAL,8.5507,2,0,0,0,2,0.0,0.0,0.0,8.5507,120,0.75,2.0,1.0
010_R111,10,R,2,2,OPTIMAL,15.0454,2,0,0,0,2,0.0,0.0,0.0,15.0454,120,0.75,2.0,1.0
010_R111,10,R,2,3,OPTIMAL,22.1302,2,0,0,0,2,0.0,0.0,0.0,22.1302,120,0.75,2.0,1.0
010_R111,10,R,2,4,OPTIMAL,39.8369,2,1,0,1,1,0.5,38.5226,0.0,1.3142,120,0.75,2.0,1.0
010_R111,10,R,2,5,OPTIMAL,3.5987,2,0,0,0,2,0.0,0.0,0.0,3.5987,120,0.75,2.0,1.0
010_R111,10,R,2,6,OPTIMAL,7.5077,2,0,0,0,2,0.0,0.0,0.0,7.5077,120,0.75,2.0,1.0
010_R111,10,R,2,7,OPTIMAL,6.429,2,0,0,0,2,0.0,0.0,0.0,6.429,120,0.75,2.0,1.0
010_R111,10,R,2,8,OPTIMAL,28.2294,2,0,0,0,2,0.0,0.0,0.0,28.2294,120,0.75,2.0,1.0
010_R111,10,R,2,9,OPTIMAL,1.7989,2,0,0,0,2,0.0,0.0,0.0,1.7989,120,0.75,2.0,1.0
010_R111,10,R,3,0,OPTIMAL,9.1464,3,0,0,0,3,0.0,0.0,0.0,9.1464,120,0.75,2.0,1.0
010_R111,10,R,3,1,OPTIMAL,11.3567,3,0,0,0,3,0.0,0.0,0.0,11.3567,120,0.75,2.0,1.0
010_R111,10,R,3,2,OPTIMAL,23.1978,3,0,0,0,3,0.0,0.0,0.0,23.1978,120,0.75,2.0,1.0
010_R111,10,R,3,3,OPTIMAL,53.7757,3,0,0,0,3,0.0,0.0,0.0,53.7757,120,0.75,2.0,1.0
010_R111,10,R,3,4,OPTIMAL,56.3713,3,0,0,0,3,0.0,0.0,0.0,56.3713,120,0.75,2.0,1.0
010_R111,10,R,3,5,OPTIMAL,29.2961,3,0,0,0,3,0.0,0.0,0.0,29.2961,120,0.75,2.0,1.0
010_R111,10,R,3,6,OPTIMAL,51.1741,3,0,0,0,3,0.0,0.0,0.0,51.1741,120,0.75,2.0,1.0
010_R111,10,R,3,7,OPTIMAL,25.9207,3,0,0,0,3,0.0,0.0,0.0,25.9207,120,0.75,2.0,1.0
010_R111,10,R,3,8,OPTIMAL,16.4508,3,0,0,0,3,0.0,0.0,0.0,16.4508,120,0.75,2.0,1.0
010_R111,10,R,3,9,OPTIMAL,3.214,3,0,0,0,3,0.0,0.0,0.0,3.214,120,0.75,2.0,1.0
010_R112,10,R,1,0,OPTIMAL,30.8576,1,1,1,0,0,1.0,30.8576,0.0,0.0,120,0.75,2.0,1.0
010_R112,10,R,1,1,OPTIMAL,26.9147,1,1,1,0,0,1.0,26.9147,0.0,0.0,120,0.75,2.0,1.0
010_R112,10,R,1,2,OPTIMAL,14.3526,1,0,0,0,1,0.0,0.0,0.0,14.3526,120,0.75,2.0,1.0
010_R112,10,R,1,3,OPTIMAL,25.6824,1,1,1,0,0,1.0,25.6824,0.0,0.0,120,0.75,2.0,1.0
010_R112,10,R,1,4,OPTIMAL,26.5436,1,0,0,0,1,0.0,0.0,0.0,26.5436,120,0.75,2.0,1.0
010_R112,10,R,1,5,OPTIMAL,25.0643,1,1,1,0,0,1.0,25.0643,0.0,0.0,120,0.75,2.0,1.0
010_R112,10,R,1,6,OPTIMAL,13.3736,1,0,0,0,1,0.0,0.0,0.0,13.3736,120,0.75,2.0,1.0
010_R112,10,R,1,7,OPTIMAL,11.9123,1,0,0,0,1,0.0,0.0,0.0,11.9123,120,0.75,2.0,1.0
010_R112,10,R,1,8,OPTIMAL,3.0006,1,0,0,0,1,0.0,0.0,0.0,3.0006,120,0.75,2.0,1.0
010_R112,10,R,1,9,OPTIMAL,2.0609,1,0,0,0,1,0.0,0.0,0.0,2.0609,120,0.75,2.0,1.0
010_R112,10,R,2,0,OPTIMAL,86.0638,2,2,2,0,0,1.0,86.0638,0.0,0.0,120,0.75,2.0,1.0
010_R112,10,R,2,1,OPTIMAL,11.8607,2,0,0,0,2,0.0,0.0,0.0,11.8607,120,0.75,2.0,1.0
010_R112,10,R,2,2,OPTIMAL,52.223,2,1,0,1,1,0.5,28.2288,0.0,23.9942,120,0.75,2.0,1.0
010_R112,10,R,2,3,OPTIMAL,37.743,2,1,0,1,1,0.5,24.6038,0.0,13.1392,120,0.75,2.0,1.0
010_R112,10,R,2,4,OPTIMAL,27.7371,2,0,0,0,2,0.0,0.0,0.0,27.7371,120,0.75,2.0,1.0
010_R112,10,R,2,5,OPTIMAL,27.2807,2,0,0,0,2,0.0,0.0,0.0,27.2807,120,0.75,2.0,1.0
010_R112,10,R,2,6,OPTIMAL,27.8722,2,0,0,0,2,0.0,0.0,0.0,27.8722,120,0.75,2.0,1.0
010_R112,10,R,2,7,OPTIMAL,5.563,2,0,0,0,2,0.0,0.0,0.0,5.563,120,0.75,2.0,1.0
010_R112,10,R,2,8,OPTIMAL,15.262,2,0,0,0,2,0.0,0.0,0.0,15.262,120,0.75,2.0,1.0
010_R112,10,R,2,9,OPTIMAL,1.7989,2,0,0,0,2,0.0,0.0,0.0,1.7989,120,0.75,2.0,1.0
010_R112,10,R,3,0,OPTIMAL,9.1464,3,0,0,0,3,0.0,0.0,0.0,9.1464,120,0.75,2.0,1.0
010_R112,10,R,3,1,OPTIMAL,31.8054,3,0,0,0,3,0.0,0.0,0.0,31.8054,120,0.75,2.0,1.0
010_R112,10,R,3,2,OPTIMAL,48.5038,3,1,0,1,2,0.3333,48.1298,0.0,0.374,120,0.75,2.0,1.0
010_R112,10,R,3,3,OPTIMAL,59.314,3,1,1,0,2,0.3333,47.2585,0.0,12.0555,120,0.75,2.0,1.0
010_R112,10,R,3,4,OPTIMAL,22.9606,3,1,1,0,2,0.3333,17.9484,0.0,5.0123,120,0.75,2.0,1.0
010_R112,10,R,3,5,OPTIMAL,36.1727,3,1,1,0,2,0.3333,31.7126,0.0,4.4601,120,0.75,2.0,1.0
010_R112,10,R,3,6,OPTIMAL,35.664,3,1,0,1,2,0.3333,29.2532,0.0,6.4108,120,0.75,2.0,1.0
010_R112,10,R,3,7,OPTIMAL,12.2072,3,0,0,0,3,0.0,0.0,0.0,12.2072,120,0.75,2.0,1.0
010_R112,10,R,3,8,OPTIMAL,34.1857,3,0,0,0,3,0.0,0.0,0.0,34.1857,120,0.75,2.0,1.0
010_R112,10,R,3,9,OPTIMAL,6.1214,3,0,0,0,3,0.0,0.0,0.0,6.1214,120,0.75,2.0,1.0
010_R201,10,R,1,0,OPTIMAL,30.8576,1,1,1,0,0,1.0,30.8576,0.0,0.0,120,0.75,2.0,1.0
010_R201,10,R,1,1,OPTIMAL,26.9147,1,1,1,0,0,1.0,26.9147,0.0,0.0,120,0.75,2.0,1.0
010_R201,10,R,1,2,OPTIMAL,14.5174,1,1,0,1,0,1.0,14.5174,0.0,0.0,120,0.75,2.0,1.0
010_R201,10,R,1,3,OPTIMAL,4.6255,1,0,0,0,1,0.0,0.0,0.0,4.6255,120,0.75,2.0,1.0
010_R201,10,R,1,4,OPTIMAL,49.1964,1,1,0,1,0,1.0,49.1964,0.0,0.0,120,0.75,2.0,1.0
010_R201,10,R,1,5,OPTIMAL,4.3955,1,0,0,0,1,0.0,0.0,0.0,4.3955,120,0.75,2.0,1.0
010_R201,10,R,1,6,OPTIMAL,31.1164,1,0,0,0,1,0.0,0.0,0.0,31.1164,120,0.75,2.0,1.0
010_R201,10,R,1,7,OPTIMAL,11.9123,1,0,0,0,1,0.0,0.0,0.0,11.9123,120,0.75,2.0,1.0
010_R201,10,R,1,8,OPTIMAL,32.3684,1,0,0,0,1,0.0,0.0,0.0,32.3684,120,0.75,2.0,1.0
010_R201,10,R,1,9,OPTIMAL,16.1266,1,1,1,0,0,1.0,16.1266,0.0,0.0,120,0.75,2.0,1.0
010_R201,10,R,2,0,OPTIMAL,86.0638,2,2,2,0,0,1.0,86.0638,0.0,0.0,120,0.75,2.0,1.0
010_R201,10,R,2,1,OPTIMAL,29.6856,2,0,0,0,2,0.0,0.0,0.0,29.6856,120,0.75,2.0,1.0
010_R201,10,R,2,2,OPTIMAL,66.1564,2,2,1,1,0,1.0,66.1564,0.0,0.0,120,0.75,2.0,1.0
010_R201,10,R,2,3,OPTIMAL,25.6283,2,0,0,0,2,0.0,0.0,0.0,25.6283,120,0.75,2.0,1.0
010_R201,10,R,2,4,OPTIMAL,86.8437,2,2,0,2,0,1.0,86.8437,0.0,0.0,120,0.75,2.0,1.0
010_R201,10,R,2,5,OPTIMAL,65.6862,2,1,0,1,1,0.5,36.3134,0.0,29.3728,120,0.75,2.0,1.0
010_R201,10,R,2,6,OPTIMAL,46.4677,2,2,2,0,0,1.0,46.4677,0.0,0.0,120,0.75,2.0,1.0
010_R201,10,R,2,7,OPTIMAL,56.2946,2,1,0,1,1,0.5,43.432,0.0,12.8626,120,0.75,2.0,1.0
010_R201,10,R,2,8,OPTIMAL,44.7407,2,1,1,0,1,0.5,29.8601,0.0,14.8806,120,0.75,2.0,1.0
010_R201,10,R,2,9,OPTIMAL,42.4958,2,1,1,0,1,0.5,35.9317,0.0,6.5642,120,0.75,2.0,1.0
010_R201,10,R,3,0,OPTIMAL,123.2594,3,3,1,2,0,1.0,123.2594,0.0,0.0,120,0.75,2.0,1.0
010_R201,10,R,3,1,OPTIMAL,111.2378,3,2,2,0,1,0.6667,81.7171,0.0,29.5206,120,0.75,2.0,1.0
010_R201,10,R,3,2,OPTIMAL,66.4405,3,1,1,0,2,0.3333,31.949,0.0,34.4915,120,0.75,2.0,1.0
010_R201,10,R,3,3,OPTIMAL,103.1296,3,2,2,0,1,0.6667,78.1788,0.0,24.9508,120,0.75,2.0,1.0
010_R201,10,R,3,4,OPTIMAL,49.7345,3,1,0,1,2,0.3333,17.9484,0.0,31.7862,120,0.75,2.0,1.0
010_R201,10,R,3,5,OPTIMAL,65.1086,3,2,2,0,1,0.6667,60.6633,0.0,4.4453,120,0.75,2.0,1.0
010_R201,10,R,3,6,OPTIMAL,68.9772,3,2,0,2,1,0.6667,62.5774,0.0,6.3997,120,0.75,2.0,1.0
010_R201,10,R,3,7,OPTIMAL,80.0144,3,3,3,0,0,1.0,80.0144,0.0,0.0,120,0.75,2.0,1.0
010_R201,10,R,3,8,OPTIMAL,78.8373,3,2,1,1,1,0.6667,49.4848,0.0,29.3525,120,0.75,2.0,1.0
010_R201,10,R,3,9,OPTIMAL,54.4211,3,1,1,0,2,0.3333,24.187,0.0,30.2341,120,0.75,2.0,1.0
010_R202,10,R,1,0,OPTIMAL,30.8576,1,1,1,0,0,1.0,30.8576,0.0,0.0,120,0.75,2.0,1.0
010_R202,10,R,1,1,OPTIMAL,26.9147,1,1,1,0,0,1.0,26.9147,0.0,0.0,120,0.75,2.0,1.0
010_R202,10,R,1,2,OPTIMAL,14.5174,1,1,0,1,0,1.0,14.5174,0.0,0.0,120,0.75,2.0,1.0
010_R202,10,R,1,3,OPTIMAL,25.6824,1,1,1,0,0,1.0,25.6824,0.0,0.0,120,0.75,2.0,1.0
010_R202,10,R,1,4,OPTIMAL,49.1964,1,1,1,0,0,1.0,49.1964,0.0,0.0,120,0.75,2.0,1.0
010_R202,10,R,1,5,OPTIMAL,25.0643,1,1,1,0,0,1.0,25.0643,0.0,0.0,120,0.75,2.0,1.0
010_R202,10,R,1,6,OPTIMAL,34.4238,1,1,0,1,0,1.0,34.4238,0.0,0.0,120,0.75,2.0,1.0
010_R202,10,R,1,7,OPTIMAL,11.9123,1,0,0,0,1,0.0,0.0,0.0,11.9123,120,0.75,2.0,1.0
010_R202,10,R,1,8,OPTIMAL,32.3684,1,0,0,0,1,0.0,0.0,0.0,32.3684,120,0.75,2.0,1.0
010_R202,10,R,1,9,OPTIMAL,16.1266,1,1,1,0,0,1.0,16.1266,0.0,0.0,120,0.75,2.0,1.0
010_R202,10,R,2,0,OPTIMAL,86.0638,2,2,2,0,0,1.0,86.0638,0.0,0.0,120,0.75,2.0,1.0
010_R202,10,R,2,1,OPTIMAL,33.9859,2,1,0,1,1,0.5,31.9607,0.0,2.0252,120,0.75,2.0,1.0
010_R202,10,R,2,2,OPTIMAL,66.1564,2,2,1,1,0,1.0,66.1564,0.0,0.0,120,0.75,2.0,1.0
010_R202,10,R,2,3,OPTIMAL,37.743,2,1,0,1,1,0.5,24.6038,0.0,13.1392,120,0.75,2.0,1.0
010_R202,10,R,2,4,OPTIMAL,86.8437,2,2,2,0,0,1.0,86.8437,0.0,0.0,120,0.75,2.0,1.0
010_R202,10,R,2,5,OPTIMAL,65.6862,2,1,0,1,1,0.5,36.3134,0.0,29.3728,120,0.75,2.0,1.0
010_R202,10,R,2,6,OPTIMAL,46.4677,2,2,2,0,0,1.0,46.4677,0.0,0.0,120,0.75,2.0,1.0
010_R202,10,R,2,7,OPTIMAL,63.8635,2,2,2,0,0,1.0,63.8635,0.0,0.0,120,0.75,2.0,1.0
010_R202,10,R,2,8,OPTIMAL,50.4493,2,2,2,0,0,1.0,50.4493,0.0,0.0,120,0.75,2.0,1.0
010_R202,10,R,2,9,OPTIMAL,42.4958,2,1,1,0,1,0.5,35.9317,0.0,6.5642,120,0.75,2.0,1.0
010_R202,10,R,3,0,OPTIMAL,123.2594,3,3,3,0,0,1.0,123.2594,0.0,0.0,120,0.75,2.0,1.0
010_R202,10,R,3,1,OPTIMAL,111.2378,3,2,2,0,1,0.6667,81.7171,0.0,29.5206,120,0.75,2.0,1.0
010_R202,10,R,3,2,OPTIMAL,80.3344,3,2,1,1,1,0.6667,80.0788,0.0,0.2556,120,0.75,2.0,1.0
010_R202,10,R,3,3,OPTIMAL,94.2109,3,2,1,1,1,0.6667,76.2593,0.0,17.9516,120,0.75,2.0,1.0
010_R202,10,R,3,4,OPTIMAL,60.1755,3,2,2,0,1,0.6667,55.8874,0.0,4.2881,120,0.75,2.0,1.0
010_R202,10,R,3,5,OPTIMAL,65.1086,3,2,2,0,1,0.6667,60.6633,0.0,4.4453,120,0.75,2.0,1.0
010_R202,10,R,3,6,OPTIMAL,79.5636,3,2,2,0,1,0.6667,62.5774,0.0,16.9861,120,0.75,2.0,1.0
010_R202,10,R,3,7,OPTIMAL,80.0144,3,3,3,0,0,1.0,80.0144,0.0,0.0,120,0.75,2.0,1.0
010_R202,10,R,3,8,OPTIMAL,78.8373,3,2,1,1,1,0.6667,49.4848,0.0,29.3525,120,0.75,2.0,1.0
010_R202,10,R,3,9,OPTIMAL,59.6668,3,2,1,1,1,0.6667,53.5786,0.0,6.0882,120,0.75,2.0,1.0
010_R203,10,R,1,0,OPTIMAL,30.8576,1,1,1,0,0,1.0,30.8576,0.0,0.0,120,0.75,2.0,1.0
010_R203,10,R,1,1,OPTIMAL,26.9147,1,1,1,0,0,1.0,26.9147,0.0,0.0,120,0.75,2.0,1.0
010_R203,10,R,1,2,OPTIMAL,14.5174,1,1,0,1,0,1.0,14.5174,0.0,0.0,120,0.75,2.0,1.0
010_R203,10,R,1,3,OPTIMAL,25.6824,1,1,1,0,0,1.0,25.6824,0.0,0.0,120,0.75,2.0,1.0
010_R203,10,R,1,4,OPTIMAL,49.1964,1,1,1,0,0,1.0,49.1964,0.0,0.0,120,0.75,2.0,1.0
010_R203,10,R,1,5,OPTIMAL,25.0643,1,1,1,0,0,1.0,25.0643,0.0,0.0,120,0.75,2.0,1.0
010_R203,10,R,1,6,OPTIMAL,34.4238,1,1,0,1,0,1.0,34.4238,0.0,0.0,120,0.75,2.0,1.0
010_R203,10,R,1,7,OPTIMAL,11.9123,1,0,0,0,1,0.0,0.0,0.0,11.9123,120,0.75,2.0,1.0
010_R203,10,R,1,8,OPTIMAL,32.3684,1,0,0,0,1,0.0,0.0,0.0,32.3684,120,0.75,2.0,1.0
010_R203,10,R,1,9,OPTIMAL,16.1266,1,1,1,0,0,1.0,16.1266,0.0,0.0,120,0.75,2.0,1.0
010_R203,10,R,2,0,OPTIMAL,86.0638,2,2,2,0,0,1.0,86.0638,0.0,0.0,120,0.75,2.0,1.0
010_R203,10,R,2,1,OPTIMAL,33.9859,2,1,0,1,1,0.5,31.9607,0.0,2.0252,120,0.75,2.0,1.0
010_R203,10,R,2,2,OPTIMAL,66.1564,2,2,1,1,0,1.0,66.1564,0.0,0.0,120,0.75,2.0,1.0
010_R203,10,R,2,3,OPTIMAL,37.743,2,1,0,1,1,0.5,24.6038,0.0,13.1392,120,0.75,2.0,1.0
010_R203,10,R,2,4,OPTIMAL,86.8437,2,2,2,0,0,1.0,86.8437,0.0,0.0,120,0.75,2.0,1.0
010_R203,10,R,2,5,OPTIMAL,65.6862,2,1,0,1,1,0.5,36.3134,0.0,29.3728,120,0.75,2.0,1.0
010_R203,10,R,2,6,OPTIMAL,46.4677,2,2,2,0,0,1.0,46.4677,0.0,0.0,120,0.75,2.0,1.0
010_R203,10,R,2,7,OPTIMAL,63.8635,2,2,2,0,0,1.0,63.8635,0.0,0.0,120,0.75,2.0,1.0
010_R203,10,R,2,8,OPTIMAL,50.4493,2,2,2,0,0,1.0,50.4493,0.0,0.0,120,0.75,2.0,1.0
010_R203,10,R,2,9,OPTIMAL,42.4958,2,1,1,0,1,0.5,35.9317,0.0,6.5642,120,0.75,2.0,1.0
010_R203,10,R,3,0,OPTIMAL,123.2594,3,3,3,0,0,1.0,123.2594,0.0,0.0,120,0.75,2.0,1.0
010_R203,10,R,3,1,OPTIMAL,111.2378,3,2,2,0,1,0.6667,81.7171,0.0,29.5206,120,0.75,2.0,1.0
010_R203,10,R,3,2,OPTIMAL,80.3344,3,2,1,1,1,0.6667,80.0788,0.0,0.2556,120,0.75,2.0,1.0
010_R203,10,R,3,3,OPTIMAL,94.2109,3,2,1,1,1,0.6667,76.2593,0.0,17.9516,120,0.75,2.0,1.0
010_R203,10,R,3,4,OPTIMAL,60.1755,3,2,2,0,1,0.6667,55.8874,0.0,4.2881,120,0.75,2.0,1.0
010_R203,10,R,3,5,OPTIMAL,65.1086,3,2,2,0,1,0.6667,60.6633,0.0,4.4453,120,0.75,2.0,1.0
010_R203,10,R,3,6,OPTIMAL,79.5636,3,2,2,0,1,0.6667,62.5774,0.0,16.9861,120,0.75,2.0,1.0
010_R203,10,R,3,7,OPTIMAL,80.0144,3,3,3,0,0,1.0,80.0144,0.0,0.0,120,0.75,2.0,1.0
010_R203,10,R,3,8,OPTIMAL,78.8373,3,2,1,1,1,0.6667,49.4848,0.0,29.3525,120,0.75,2.0,1.0
010_R203,10,R,3,9,OPTIMAL,59.6668,3,2,1,1,1,0.6667,53.5786,0.0,6.0882,120,0.75,2.0,1.0
010_R204,10,R,1,0,OPTIMAL,30.8576,1,1,1,0,0,1.0,30.8576,0.0,0.0,120,0.75,2.0,1.0
010_R204,10,R,1,1,OPTIMAL,26.9147,1,1,1,0,0,1.0,26.9147,0.0,0.0,120,0.75,2.0,1.0
010_R204,10,R,1,2,OPTIMAL,14.5174,1,1,1,0,0,1.0,14.5174,0.0,0.0,120,0.75,2.0,1.0
010_R204,10,R,1,3,OPTIMAL,25.6824,1,1,1,0,0,1.0,25.6824,0.0,0.0,120,0.75,2.0,1.0
010_R204,10,R,1,4,OPTIMAL,49.1964,1,1,1,0,0,1.0,49.1964,0.0,0.0,120,0.75,2.0,1.0
010_R204,10,R,1,5,OPTIMAL,25.0643,1,1,1,0,0,1.0,25.0643,0.0,0.0,120,0.75,2.0,1.0
010_R204,10,R,1,6,OPTIMAL,34.4238,1,1,0,1,0,1.0,34.4238,0.0,0.0,120,0.75,2.0,1.0
010_R204,10,R,1,7,OPTIMAL,32.936,1,1,1,0,0,1.0,32.936,0.0,0.0,120,0.75,2.0,1.0
010_R204,10,R,1,8,OPTIMAL,32.3684,1,0,0,0,1,0.0,0.0,0.0,32.3684,120,0.75,2.0,1.0
010_R204,10,R,1,9,OPTIMAL,16.1266,1,1,1,0,0,1.0,16.1266,0.0,0.0,120,0.75,2.0,1.0
010_R204,10,R,2,0,OPTIMAL,86.0638,2,2,2,0,0,1.0,86.0638,0.0,0.0,120,0.75,2.0,1.0
010_R204,10,R,2,1,OPTIMAL,33.9859,2,1,0,1,1,0.5,31.9607,0.0,2.0252,120,0.75,2.0,1.0
010_R204,10,R,2,2,OPTIMAL,66.1564,2,2,1,1,0,1.0,66.1564,0.0,0.0,120,0.75,2.0,1.0
010_R204,10,R,2,3,OPTIMAL,60.6532,2,2,1,1,0,1.0,60.6532,0.0,0.0,120,0.75,2.0,1.0
010_R204,10,R,2,4,OPTIMAL,86.8437,2,2,2,0,0,1.0,86.8437,0.0,0.0,120,0.75,2.0,1.0
010_R204,10,R,2,5,OPTIMAL,84.3096,2,2,2,0,0,1.0,84.3096,0.0,0.0,120,0.75,2.0,1.0
010_R204,10,R,2,6,OPTIMAL,46.4677,2,2,2,0,0,1.0,46.4677,0.0,0.0,120,0.75,2.0,1.0
010_R204,10,R,2,7,OPTIMAL,63.8635,2,2,2,0,0,1.0,63.8635,0.0,0.0,120,0.75,2.0,1.0
010_R204,10,R,2,8,OPTIMAL,50.4493,2,2,2,0,0,1.0,50.4493,0.0,0.0,120,0.75,2.0,1.0
010_R204,10,R,2,9,OPTIMAL,42.4958,2,1,1,0,1,0.5,35.9317,0.0,6.5642,120,0.75,2.0,1.0
010_R204,10,R,3,0,OPTIMAL,123.2594,3,3,3,0,0,1.0,123.2594,0.0,0.0,120,0.75,2.0,1.0
010_R204,10,R,3,1,OPTIMAL,113.058,3,3,3,0,0,1.0,113.058,0.0,0.0,120,0.75,2.0,1.0
010_R204,10,R,3,2,OPTIMAL,117.152,3,3,2,1,0,1.0,117.152,0.0,0.0,120,0.75,2.0,1.0
010_R204,10,R,3,3,OPTIMAL,104.3744,3,2,1,1,1,0.6667,76.2593,0.0,28.1151,120,0.75,2.0,1.0
010_R204,10,R,3,4,OPTIMAL,96.1976,3,3,3,0,0,1.0,96.1976,0.0,0.0,120,0.75,2.0,1.0
010_R204,10,R,3,5,OPTIMAL,101.2736,3,3,3,0,0,1.0,101.2736,0.0,0.0,120,0.75,2.0,1.0
010_R204,10,R,3,6,OPTIMAL,91.4516,3,3,2,1,0,1.0,91.4516,0.0,0.0,120,0.75,2.0,1.0
010_R204,10,R,3,7,OPTIMAL,80.0144,3,3,3,0,0,1.0,80.0144,0.0,0.0,120,0.75,2.0,1.0
010_R204,10,R,3,8,OPTIMAL,85.4655,3,3,2,1,0,1.0,85.4655,0.0,0.0,120,0.75,2.0,1.0
010_R204,10,R,3,9,OPTIMAL,56.7838,3,2,2,0,1,0.6667,55.6901,0.0,1.0937,120,0.75,2.0,1.0
010_R205,10,R,1,0,OPTIMAL,30.8576,1,1,1,0,0,1.0,30.8576,0.0,0.0,120,0.75,2.0,1.0
010_R205,10,R,1,1,OPTIMAL,26.9147,1,1,1,0,0,1.0,26.9147,0.0,0.0,120,0.75,2.0,1.0
010_R205,10,R,1,2,OPTIMAL,14.5174,1,1,0,1,0,1.0,14.5174,0.0,0.0,120,0.75,2.0,1.0
010_R205,10,R,1,3,OPTIMAL,25.6824,1,1,1,0,0,1.0,25.6824,0.0,0.0,120,0.75,2.0,1.0
010_R205,10,R,1,4,OPTIMAL,49.1964,1,1,1,0,0,1.0,49.1964,0.0,0.0,120,0.75,2.0,1.0
010_R205,10,R,1,5,OPTIMAL,25.0643,1,1,1,0,0,1.0,25.0643,0.0,0.0,120,0.75,2.0,1.0
010_R205,10,R,1,6,OPTIMAL,34.4238,1,1,1,0,0,1.0,34.4238,0.0,0.0,120,0.75,2.0,1.0
010_R205,10,R,1,7,OPTIMAL,32.936,1,1,1,0,0,1.0,32.936,0.0,0.0,120,0.75,2.0,1.0
010_R205,10,R,1,8,OPTIMAL,38.5799,1,1,1,0,0,1.0,38.5799,0.0,0.0,120,0.75,2.0,1.0
010_R205,10,R,1,9,OPTIMAL,8.7097,1,0,0,0,1,0.0,0.0,0.0,8.7097,120,0.75,2.0,1.0
010_R205,10,R,2,0,OPTIMAL,86.0638,2,2,2,0,0,1.0,86.0638,0.0,0.0,120,0.75,2.0,1.0
010_R205,10,R,2,1,OPTIMAL,40.1792,2,1,1,0,1,0.5,31.9607,0.0,8.2186,120,0.75,2.0,1.0
010_R205,10,R,2,2,OPTIMAL,66.1564,2,2,0,2,0,1.0,66.1564,0.0,0.0,120,0.75,2.0,1.0
010_R205,10,R,2,3,OPTIMAL,60.6532,2,2,1,1,0,1.0,60.6532,0.0,0.0,120,0.75,2.0,1.0
010_R205,10,R,2,4,OPTIMAL,69.508,2,1,0,1,1,0.5,38.5226,0.0,30.9854,120,0.75,2.0,1.0
010_R205,10,R,2,5,OPTIMAL,84.3096,2,2,1,1,0,1.0,84.3096,0.0,0.0,120,0.75,2.0,1.0
010_R205,10,R,2,6,OPTIMAL,43.6528,2,1,1,0,1,0.5,15.8361,0.0,27.8167,120,0.75,2.0,1.0
010_R205,10,R,2,7,OPTIMAL,44.2993,2,1,1,0,1,0.5,43.432,0.0,0.8673,120,0.75,2.0,1.0
010_R205,10,R,2,8,OPTIMAL,30.0579,2,1,1,0,1,0.5,29.8601,0.0,0.1978,120,0.75,2.0,1.0
010_R205,10,R,2,9,OPTIMAL,1.7989,2,0,0,0,2,0.0,0.0,0.0,1.7989,120,0.75,2.0,1.0
010_R205,10,R,3,0,OPTIMAL,77.3707,3,2,2,0,1,0.6667,74.4299,0.0,2.9408,120,0.75,2.0,1.0
010_R205,10,R,3,1,OPTIMAL,80.0836,3,2,2,0,1,0.6667,79.5972,0.0,0.4865,120,0.75,2.0,1.0
010_R205,10,R,3,2,OPTIMAL,117.152,3,3,1,2,0,1.0,117.152,0.0,0.0,120,0.75,2.0,1.0
010_R205,10,R,3,3,OPTIMAL,104.3744,3,2,1,1,1,0.6667,76.2593,0.0,28.1151,120,0.75,2.0,1.0
010_R205,10,R,3,4,OPTIMAL,96.1976,3,3,3,0,0,1.0,96.1976,0.0,0.0,120,0.75,2.0,1.0
010_R205,10,R,3,5,OPTIMAL,72.3377,3,2,2,0,1,0.6667,72.3229,0.0,0.0148,120,0.75,2.0,1.0
010_R205,10,R,3,6,OPTIMAL,86.9172,3,2,2,0,1,0.6667,58.1274,0.0,28.7898,120,0.75,2.0,1.0
010_R205,10,R,3,7,OPTIMAL,49.937,3,2,0,2,1,0.6667,49.6857,0.0,0.2512,120,0.75,2.0,1.0
010_R205,10,R,3,8,OPTIMAL,85.4655,3,3,2,1,0,1.0,85.4655,0.0,0.0,120,0.75,2.0,1.0
010_R205,10,R,3,9,OPTIMAL,56.7838,3,2,2,0,1,0.6667,55.6901,0.0,1.0937,120,0.75,2.0,1.0
010_R206,10,R,1,0,OPTIMAL,30.8576,1,1,1,0,0,1.0,30.8576,0.0,0.0,120,0.75,2.0,1.0
010_R206,10,R,1,1,OPTIMAL,26.9147,1,1,1,0,0,1.0,26.9147,0.0,0.0,120,0.75,2.0,1.0
010_R206,10,R,1,2,OPTIMAL,14.5174,1,1,0,1,0,1.0,14.5174,0.0,0.0,120,0.75,2.0,1.0
010_R206,10,R,1,3,OPTIMAL,25.6824,1,1,1,0,0,1.0,25.6824,0.0,0.0,120,0.75,2.0,1.0
010_R206,10,R,1,4,OPTIMAL,49.1964,1,1,1,0,0,1.0,49.1964,0.0,0.0,120,0.75,2.0,1.0
010_R206,10,R,1,5,OPTIMAL,25.0643,1,1,1,0,0,1.0,25.0643,0.0,0.0,120,0.75,2.0,1.0
010_R206,10,R,1,6,OPTIMAL,34.4238,1,1,1,0,0,1.0,34.4238,0.0,0.0,120,0.75,2.0,1.0
010_R206,10,R,1,7,OPTIMAL,32.936,1,1,1,0,0,1.0,32.936,0.0,0.0,120,0.75,2.0,1.0
010_R206,10,R,1,8,OPTIMAL,38.5799,1,1,1,0,0,1.0,38.5799,0.0,0.0,120,0.75,2.0,1.0
010_R206,10,R,1,9,OPTIMAL,16.1266,1,1,1,0,0,1.0,16.1266,0.0,0.0,120,0.75,2.0,1.0
010_R206,10,R,2,0,OPTIMAL,86.0638,2,2,2,0,0,1.0,86.0638,0.0,0.0,120,0.75,2.0,1.0
010_R206,10,R,2,1,OPTIMAL,52.3441,2,2,2,0,0,1.0,52.3441,0.0,0.0,120,0.75,2.0,1.0
010_R206,10,R,2,2,OPTIMAL,66.1564,2,2,1,1,0,1.0,66.1564,0.0,0.0,120,0.75,2.0,1.0
010_R206,10,R,2,3,OPTIMAL,60.6532,2,2,2,0,0,1.0,60.6532,0.0,0.0,120,0.75,2.0,1.0
010_R206,10,R,2,4,OPTIMAL,69.508,2,1,0,1,1,0.5,38.5226,0.0,30.9854,120,0.75,2.0,1.0
010_R206,10,R,2,5,OPTIMAL,84.3096,2,2,1,1,0,1.0,84.3096,0.0,0.0,120,0.75,2.0,1.0
010_R206,10,R,2,6,OPTIMAL,43.6528,2,1,1,0,1,0.5,15.8361,0.0,27.8167,120,0.75,2.0,1.0
010_R206,10,R,2,7,OPTIMAL,44.2993,2,1,1,0,1,0.5,43.432,0.0,0.8673,120,0.75,2.0,1.0
010_R206,10,R,2,8,OPTIMAL,30.0579,2,1,1,0,1,0.5,29.8601,0.0,0.1978,120,0.75,2.0,1.0
010_R206,10,R,2,9,OPTIMAL,33.759,2,1,1,0,1,0.5,33.2367,0.0,0.5222,120,0.75,2.0,1.0
010_R206,10,R,3,0,OPTIMAL,77.3707,3,2,2,0,1,0.6667,74.4299,0.0,2.9408,120,0.75,2.0,1.0
010_R206,10,R,3,1,OPTIMAL,105.9866,3,2,2,0,1,0.6667,79.5972,0.0,26.3894,120,0.75,2.0,1.0
010_R206,10,R,3,2,OPTIMAL,117.152,3,3,2,1,0,1.0,117.152,0.0,0.0,120,0.75,2.0,1.0
010_R206,10,R,3,3,OPTIMAL,78.5594,3,2,2,0,1,0.6667,76.2593,0.0,2.3001,120,0.75,2.0,1.0
010_R206,10,R,3,4,OPTIMAL,96.1976,3,3,3,0,0,1.0,96.1976,0.0,0.0,120,0.75,2.0,1.0
010_R206,10,R,3,5,OPTIMAL,101.2736,3,3,3,0,0,1.0,101.2736,0.0,0.0,120,0.75,2.0,1.0
010_R206,10,R,3,6,OPTIMAL,86.9172,3,2,2,0,1,0.6667,58.1274,0.0,28.7898,120,0.75,2.0,1.0
010_R206,10,R,3,7,OPTIMAL,80.0144,3,3,3,0,0,1.0,80.0144,0.0,0.0,120,0.75,2.0,1.0
010_R206,10,R,3,8,OPTIMAL,85.4655,3,3,3,0,0,1.0,85.4655,0.0,0.0,120,0.75,2.0,1.0
010_R206,10,R,3,9,OPTIMAL,75.9414,3,2,2,0,1,0.6667,55.6901,0.0,20.2513,120,0.75,2.0,1.0
010_R207,10,R,1,0,OPTIMAL,30.8576,1,1,1,0,0,1.0,30.8576,0.0,0.0,120,0.75,2.0,1.0
010_R207,10,R,1,1,OPTIMAL,26.9147,1,1,1,0,0,1.0,26.9147,0.0,0.0,120,0.75,2.0,1.0
010_R207,10,R,1,2,OPTIMAL,14.5174,1,1,0,1,0,1.0,14.5174,0.0,0.0,120,0.75,2.0,1.0
010_R207,10,R,1,3,OPTIMAL,25.6824,1,1,1,0,0,1.0,25.6824,0.0,0.0,120,0.75,2.0,1.0
010_R207,10,R,1,4,OPTIMAL,49.1964,1,1,1,0,0,1.0,49.1964,0.0,0.0,120,0.75,2.0,1.0
010_R207,10,R,1,5,OPTIMAL,25.0643,1,1,1,0,0,1.0,25.0643,0.0,0.0,120,0.75,2.0,1.0
010_R207,10,R,1,6,OPTIMAL,34.4238,1,1,1,0,0,1.0,34.4238,0.0,0.0,120,0.75,2.0,1.0
010_R207,10,R,1,7,OPTIMAL,32.936,1,1,1,0,0,1.0,32.936,0.0,0.0,120,0.75,2.0,1.0
010_R207,10,R,1,8,OPTIMAL,38.5799,1,1,1,0,0,1.0,38.5799,0.0,0.0,120,0.75,2.0,1.0
010_R207,10,R,1,9,OPTIMAL,16.1266,1,1,1,0,0,1.0,16.1266,0.0,0.0,120,0.75,2.0,1.0
010_R207,10,R,2,0,OPTIMAL,86.0638,2,2,2,0,0,1.0,86.0638,0.0,0.0,120,0.75,2.0,1.0
010_R207,10,R,2,1,OPTIMAL,52.3441,2,2,2,0,0,1.0,52.3441,0.0,0.0,120,0.75,2.0,1.0
010_R207,10,R,2,2,OPTIMAL,66.1564,2,2,1,1,0,1.0,66.1564,0.0,0.0,120,0.75,2.0,1.0
010_R207,10,R,2,3,OPTIMAL,60.6532,2,2,2,0,0,1.0,60.6532,0.0,0.0,120,0.75,2.0,1.0
010_R207,10,R,2,4,OPTIMAL,69.508,2,1,0,1,1,0.5,38.5226,0.0,30.9854,120,0.75,2.0,1.0
010_R207,10,R,2,5,OPTIMAL,84.3096,2,2,1,1,0,1.0,84.3096,0.0,0.0,120,0.75,2.0,1.0
010_R207,10,R,2,6,OPTIMAL,43.6528,2,1,1,0,1,0.5,15.8361,0.0,27.8167,120,0.75,2.0,1.0
010_R207,10,R,2,7,OPTIMAL,44.2993,2,1,1,0,1,0.5,43.432,0.0,0.8673,120,0.75,2.0,1.0
010_R207,10,R,2,8,OPTIMAL,30.0579,2,1,1,0,1,0.5,29.8601,0.0,0.1978,120,0.75,2.0,1.0
010_R207,10,R,2,9,OPTIMAL,33.759,2,1,1,0,1,0.5,33.2367,0.0,0.5222,120,0.75,2.0,1.0
010_R207,10,R,3,0,OPTIMAL,77.3707,3,2,2,0,1,0.6667,74.4299,0.0,2.9408,120,0.75,2.0,1.0
010_R207,10,R,3,1,OPTIMAL,105.9866,3,2,2,0,1,0.6667,79.5972,0.0,26.3894,120,0.75,2.0,1.0
010_R207,10,R,3,2,OPTIMAL,117.152,3,3,2,1,0,1.0,117.152,0.0,0.0,120,0.75,2.0,1.0
010_R207,10,R,3,3,OPTIMAL,78.5594,3,2,2,0,1,0.6667,76.2593,0.0,2.3001,120,0.75,2.0,1.0
010_R207,10,R,3,4,OPTIMAL,96.1976,3,3,3,0,0,1.0,96.1976,0.0,0.0,120,0.75,2.0,1.0
010_R207,10,R,3,5,OPTIMAL,101.2736,3,3,3,0,0,1.0,101.2736,0.0,0.0,120,0.75,2.0,1.0
010_R207,10,R,3,6,OPTIMAL,86.9172,3,2,2,0,1,0.6667,58.1274,0.0,28.7898,120,0.75,2.0,1.0
010_R207,10,R,3,7,OPTIMAL,80.0144,3,3,3,0,0,1.0,80.0144,0.0,0.0,120,0.75,2.0,1.0
010_R207,10,R,3,8,OPTIMAL,85.4655,3,3,3,0,0,1.0,85.4655,0.0,0.0,120,0.75,2.0,1.0
010_R207,10,R,3,9,OPTIMAL,75.9414,3,2,2,0,1,0.6667,55.6901,0.0,20.2513,120,0.75,2.0,1.0
010_R208,10,R,1,0,OPTIMAL,30.8576,1,1,1,0,0,1.0,30.8576,0.0,0.0,120,0.75,2.0,1.0
010_R208,10,R,1,1,OPTIMAL,26.9147,1,1,1,0,0,1.0,26.9147,0.0,0.0,120,0.75,2.0,1.0
010_R208,10,R,1,2,OPTIMAL,14.5174,1,1,0,1,0,1.0,14.5174,0.0,0.0,120,0.75,2.0,1.0
010_R208,10,R,1,3,OPTIMAL,25.6824,1,1,1,0,0,1.0,25.6824,0.0,0.0,120,0.75,2.0,1.0
010_R208,10,R,1,4,OPTIMAL,49.1964,1,1,1,0,0,1.0,49.1964,0.0,0.0,120,0.75,2.0,1.0
010_R208,10,R,1,5,OPTIMAL,25.0643,1,1,1,0,0,1.0,25.0643,0.0,0.0,120,0.75,2.0,1.0
010_R208,10,R,1,6,OPTIMAL,34.4238,1,1,1,0,0,1.0,34.4238,0.0,0.0,120,0.75,2.0,1.0
010_R208,10,R,1,7,OPTIMAL,32.936,1,1,1,0,0,1.0,32.936,0.0,0.0,120,0.75,2.0,1.0
010_R208,10,R,1,8,OPTIMAL,38.5799,1,1,1,0,0,1.0,38.5799,0.0,0.0,120,0.75,2.0,1.0
010_R208,10,R,1,9,OPTIMAL,16.1266,1,1,1,0,0,1.0,16.1266,0.0,0.0,120,0.75,2.0,1.0
010_R208,10,R,2,0,OPTIMAL,86.0638,2,2,2,0,0,1.0,86.0638,0.0,0.0,120,0.75,2.0,1.0
010_R208,10,R,2,1,OPTIMAL,52.3441,2,2,2,0,0,1.0,52.3441,0.0,0.0,120,0.75,2.0,1.0
010_R208,10,R,2,2,OPTIMAL,66.1564,2,2,1,1,0,1.0,66.1564,0.0,0.0,120,0.75,2.0,1.0
010_R208,10,R,2,3,OPTIMAL,60.6532,2,2,2,0,0,1.0,60.6532,0.0,0.0,120,0.75,2.0,1.0
010_R208,10,R,2,4,OPTIMAL,86.8437,2,2,2,0,0,1.0,86.8437,0.0,0.0,120,0.75,2.0,1.0
010_R208,10,R,2,5,OPTIMAL,84.3096,2,2,1,1,0,1.0,84.3096,0.0,0.0,120,0.75,2.0,1.0
010_R208,10,R,2,6,OPTIMAL,46.4677,2,2,2,0,0,1.0,46.4677,0.0,0.0,120,0.75,2.0,1.0
010_R208,10,R,2,7,OPTIMAL,63.8635,2,2,1,1,0,1.0,63.8635,0.0,0.0,120,0.75,2.0,1.0
010_R208,10,R,2,8,OPTIMAL,50.4493,2,2,1,1,0,1.0,50.4493,0.0,0.0,120,0.75,2.0,1.0
010_R208,10,R,2,9,OPTIMAL,69.1684,2,2,2,0,0,1.0,69.1684,0.0,0.0,120,0.75,2.0,1.0
010_R208,10,R,3,0,OPTIMAL,123.2594,3,3,2,1,0,1.0,123.2594,0.0,0.0,120,0.75,2.0,1.0
010_R208,10,R,3,1,OPTIMAL,113.058,3,3,3,0,0,1.0,113.058,0.0,0.0,120,0.75,2.0,1.0
010_R208,10,R,3,2,OPTIMAL,117.152,3,3,2,1,0,1.0,117.152,0.0,0.0,120,0.75,2.0,1.0
010_R208,10,R,3,3,OPTIMAL,104.3744,3,2,2,0,1,0.6667,76.2593,0.0,28.1151,120,0.75,2.0,1.0
010_R208,10,R,3,4,OPTIMAL,96.1976,3,3,3,0,0,1.0,96.1976,0.0,0.0,120,0.75,2.0,1.0
010_R208,10,R,3,5,OPTIMAL,101.2736,3,3,3,0,0,1.0,101.2736,0.0,0.0,120,0.75,2.0,1.0
010_R208,10,R,3,6,OPTIMAL,91.4516,3,3,2,1,0,1.0,91.4516,0.0,0.0,120,0.75,2.0,1.0
010_R208,10,R,3,7,OPTIMAL,80.0144,3,3,3,0,0,1.0,80.0144,0.0,0.0,120,0.75,2.0,1.0
010_R208,10,R,3,8,OPTIMAL,85.4655,3,3,3,0,0,1.0,85.4655,0.0,0.0,120,0.75,2.0,1.0
010_R208,10,R,3,9,OPTIMAL,56.7838,3,2,2,0,1,0.6667,55.6901,0.0,1.0937,120,0.75,2.0,1.0
010_R209,10,R,1,0,OPTIMAL,30.8576,1,1,1,0,0,1.0,30.8576,0.0,0.0,120,0.75,2.0,1.0
010_R209,10,R,1,1,OPTIMAL,26.9147,1,1,1,0,0,1.0,26.9147,0.0,0.0,120,0.75,2.0,1.0
010_R209,10,R,1,2,OPTIMAL,14.5174,1,1,0,1,0,1.0,14.5174,0.0,0.0,120,0.75,2.0,1.0
010_R209,10,R,1,3,OPTIMAL,25.6824,1,1,1,0,0,1.0,25.6824,0.0,0.0,120,0.75,2.0,1.0
010_R209,10,R,1,4,OPTIMAL,32.1805,1,0,0,0,1,0.0,0.0,0.0,32.1805,120,0.75,2.0,1.0
010_R209,10,R,1,5,OPTIMAL,25.0643,1,1,1,0,0,1.0,25.0643,0.0,0.0,120,0.75,2.0,1.0
010_R209,10,R,1,6,OPTIMAL,34.4238,1,1,1,0,0,1.0,34.4238,0.0,0.0,120,0.75,2.0,1.0
010_R209,10,R,1,7,OPTIMAL,32.936,1,1,1,0,0,1.0,32.936,0.0,0.0,120,0.75,2.0,1.0
010_R209,10,R,1,8,OPTIMAL,38.5799,1,1,1,0,0,1.0,38.5799,0.0,0.0,120,0.75,2.0,1.0
010_R209,10,R,1,9,OPTIMAL,1.0304,1,0,0,0,1,0.0,0.0,0.0,1.0304,120,0.75,2.0,1.0
010_R209,10,R,2,0,OPTIMAL,86.0638,2,2,2,0,0,1.0,86.0638,0.0,0.0,120,0.75,2.0,1.0
010_R209,10,R,2,1,OPTIMAL,52.3441,2,2,2,0,0,1.0,52.3441,0.0,0.0,120,0.75,2.0,1.0
010_R209,10,R,2,2,OPTIMAL,66.1564,2,2,1,1,0,1.0,66.1564,0.0,0.0,120,0.75,2.0,1.0
010_R209,10,R,2,3,OPTIMAL,60.6532,2,2,2,0,0,1.0,60.6532,0.0,0.0,120,0.75,2.0,1.0
010_R209,10,R,2,4,OPTIMAL,69.508,2,1,1,0,1,0.5,38.5226,0.0,30.9854,120,0.75,2.0,1.0
010_R209,10,R,2,5,OPTIMAL,84.3096,2,2,2,0,0,1.0,84.3096,0.0,0.0,120,0.75,2.0,1.0
010_R209,10,R,2,6,OPTIMAL,43.6528,2,1,1,0,1,0.5,15.8361,0.0,27.8167,120,0.75,2.0,1.0
010_R209,10,R,2,7,OPTIMAL,44.2993,2,1,1,0,1,0.5,43.432,0.0,0.8673,120,0.75,2.0,1.0
010_R209,10,R,2,8,OPTIMAL,50.4493,2,2,2,0,0,1.0,50.4493,0.0,0.0,120,0.75,2.0,1.0
010_R209,10,R,2,9,OPTIMAL,33.759,2,1,1,0,1,0.5,33.2367,0.0,0.5222,120,0.75,2.0,1.0
010_R209,10,R,3,0,OPTIMAL,123.2594,3,3,2,1,0,1.0,123.2594,0.0,0.0,120,0.75,2.0,1.0
010_R209,10,R,3,1,OPTIMAL,113.058,3,3,2,1,0,1.0,113.058,0.0,0.0,120,0.75,2.0,1.0
010_R209,10,R,3,2,OPTIMAL,105.4261,3,2,2,0,1,0.6667,85.203,0.0,20.2231,120,0.75,2.0,1.0
010_R209,10,R,3,3,OPTIMAL,104.3744,3,2,2,0,1,0.6667,76.2593,0.0,28.1151,120,0.75,2.0,1.0
010_R209,10,R,3,4,OPTIMAL,60.1755,3,2,2,0,1,0.6667,55.8874,0.0,4.2881,120,0.75,2.0,1.0
010_R209,10,R,3,5,OPTIMAL,72.3377,3,2,2,0,1,0.6667,72.3229,0.0,0.0148,120,0.75,2.0,1.0
010_R209,10,R,3,6,OPTIMAL,91.4516,3,3,2,1,0,1.0,91.4516,0.0,0.0,120,0.75,2.0,1.0
010_R209,10,R,3,7,OPTIMAL,58.6091,3,2,1,1,1,0.6667,57.8119,0.0,0.7971,120,0.75,2.0,1.0
010_R209,10,R,3,8,OPTIMAL,85.4655,3,3,2,1,0,1.0,85.4655,0.0,0.0,120,0.75,2.0,1.0
010_R209,10,R,3,9,OPTIMAL,56.7838,3,2,2,0,1,0.6667,55.6901,0.0,1.0937,120,0.75,2.0,1.0
010_R210,10,R,1,0,OPTIMAL,30.8576,1,1,1,0,0,1.0,30.8576,0.0,0.0,120,0.75,2.0,1.0
010_R210,10,R,1,1,OPTIMAL,26.9147,1,1,1,0,0,1.0,26.9147,0.0,0.0,120,0.75,2.0,1.0
010_R210,10,R,1,2,OPTIMAL,14.5174,1,1,1,0,0,1.0,14.5174,0.0,0.0,120,0.75,2.0,1.0
010_R210,10,R,1,3,OPTIMAL,25.6824,1,1,1,0,0,1.0,25.6824,0.0,0.0,120,0.75,2.0,1.0
010_R210,10,R,1,4,OPTIMAL,32.1805,1,0,0,0,1,0.0,0.0,0.0,32.1805,120,0.75,2.0,1.0
010_R210,10,R,1,5,OPTIMAL,25.0643,1,1,1,0,0,1.0,25.0643,0.0,0.0,120,0.75,2.0,1.0
010_R210,10,R,1,6,OPTIMAL,34.4238,1,1,0,1,0,1.0,34.4238,0.0,0.0,120,0.75,2.0,1.0
010_R210,10,R,1,7,OPTIMAL,32.936,1,1,1,0,0,1.0,32.936,0.0,0.0,120,0.75,2.0,1.0
010_R210,10,R,1,8,OPTIMAL,32.3684,1,0,0,0,1,0.0,0.0,0.0,32.3684,120,0.75,2.0,1.0
010_R210,10,R,1,9,OPTIMAL,16.1266,1,1,0,1,0,1.0,16.1266,0.0,0.0,120,0.75,2.0,1.0
010_R210,10,R,2,0,OPTIMAL,86.0638,2,2,2,0,0,1.0,86.0638,0.0,0.0,120,0.75,2.0,1.0
010_R210,10,R,2,1,OPTIMAL,33.9859,2,1,0,1,1,0.5,31.9607,0.0,2.0252,120,0.75,2.0,1.0
010_R210,10,R,2,2,OPTIMAL,66.1564,2,2,1,1,0,1.0,66.1564,0.0,0.0,120,0.75,2.0,1.0
010_R210,10,R,2,3,OPTIMAL,60.6532,2,2,1,1,0,1.0,60.6532,0.0,0.0,120,0.75,2.0,1.0
010_R210,10,R,2,4,OPTIMAL,69.508,2,1,0,1,1,0.5,38.5226,0.0,30.9854,120,0.75,2.0,1.0
010_R210,10,R,2,5,OPTIMAL,84.3096,2,2,2,0,0,1.0,84.3096,0.0,0.0,120,0.75,2.0,1.0
010_R210,10,R,2,6,OPTIMAL,46.4677,2,2,1,1,0,1.0,46.4677,0.0,0.0,120,0.75,2.0,1.0
010_R210,10,R,2,7,OPTIMAL,49.6042,2,1,0,1,1,0.5,43.432,0.0,6.1722,120,0.75,2.0,1.0
010_R210,10,R,2,8,OPTIMAL,30.0579,2,1,0,1,1,0.5,29.8601,0.0,0.1978,120,0.75,2.0,1.0
010_R210,10,R,2,9,OPTIMAL,7.0864,2,0,0,0,2,0.0,0.0,0.0,7.0864,120,0.75,2.0,1.0
010_R210,10,R,3,0,OPTIMAL,98.662,3,2,0,2,1,0.6667,74.4299,0.0,24.2321,120,0.75,2.0,1.0
010_R210,10,R,3,1,OPTIMAL,100.0971,3,2,2,0,1,0.6667,64.8018,0.0,35.2953,120,0.75,2.0,1.0
010_R210,10,R,3,2,OPTIMAL,80.3344,3,2,1,1,1,0.6667,80.0788,0.0,0.2556,120,0.75,2.0,1.0
010_R210,10,R,3,3,OPTIMAL,94.2109,3,2,1,1,1,0.6667,76.2593,0.0,17.9516,120,0.75,2.0,1.0
010_R210,10,R,3,4,OPTIMAL,60.1755,3,2,2,0,1,0.6667,55.8874,0.0,4.2881,120,0.75,2.0,1.0
010_R210,10,R,3,5,OPTIMAL,101.2736,3,3,3,0,0,1.0,101.2736,0.0,0.0,120,0.75,2.0,1.0
010_R210,10,R,3,6,OPTIMAL,59.1439,3,1,1,0,2,0.3333,29.2532,0.0,29.8907,120,0.75,2.0,1.0
010_R210,10,R,3,7,OPTIMAL,74.4597,3,2,2,0,1,0.6667,49.6857,0.0,24.774,120,0.75,2.0,1.0
010_R210,10,R,3,8,OPTIMAL,85.4655,3,3,1,2,0,1.0,85.4655,0.0,0.0,120,0.75,2.0,1.0
010_R210,10,R,3,9,OPTIMAL,59.6668,3,2,1,1,1,0.6667,53.5786,0.0,6.0882,120,0.75,2.0,1.0
010_R211,10,R,1,0,OPTIMAL,30.8576,1,1,1,0,0,1.0,30.8576,0.0,0.0,120,0.75,2.0,1.0
010_R211,10,R,1,1,OPTIMAL,26.9147,1,1,1,0,0,1.0,26.9147,0.0,0.0,120,0.75,2.0,1.0
010_R211,10,R,1,2,OPTIMAL,14.5174,1,1,1,0,0,1.0,14.5174,0.0,0.0,120,0.75,2.0,1.0
010_R211,10,R,1,3,OPTIMAL,25.6824,1,1,1,0,0,1.0,25.6824,0.0,0.0,120,0.75,2.0,1.0
010_R211,10,R,1,4,OPTIMAL,49.1964,1,1,1,0,0,1.0,49.1964,0.0,0.0,120,0.75,2.0,1.0
010_R211,10,R,1,5,OPTIMAL,25.0643,1,1,1,0,0,1.0,25.0643,0.0,0.0,120,0.75,2.0,1.0
010_R211,10,R,1,6,OPTIMAL,34.4238,1,1,1,0,0,1.0,34.4238,0.0,0.0,120,0.75,2.0,1.0
010_R211,10,R,1,7,OPTIMAL,32.936,1,1,1,0,0,1.0,32.936,0.0,0.0,120,0.75,2.0,1.0
010_R211,10,R,1,8,OPTIMAL,27.0504,1,0,0,0,1,0.0,0.0,0.0,27.0504,120,0.75,2.0,1.0
010_R211,10,R,1,9,OPTIMAL,1.0304,1,0,0,0,1,0.0,0.0,0.0,1.0304,120,0.75,2.0,1.0
010_R211,10,R,2,0,OPTIMAL,86.0638,2,2,2,0,0,1.0,86.0638,0.0,0.0,120,0.75,2.0,1.0
010_R211,10,R,2,1,OPTIMAL,33.1305,2,1,1,0,1,0.5,31.9607,0.0,1.1698,120,0.75,2.0,1.0
010_R211,10,R,2,2,OPTIMAL,66.1564,2,2,2,0,0,1.0,66.1564,0.0,0.0,120,0.75,2.0,1.0
010_R211,10,R,2,3,OPTIMAL,60.6532,2,2,2,0,0,1.0,60.6532,0.0,0.0,120,0.75,2.0,1.0
010_R211,10,R,2,4,OPTIMAL,76.1157,2,1,0,1,1,0.5,48.3211,0.0,27.7946,120,0.75,2.0,1.0
010_R211,10,R,2,5,OPTIMAL,84.3096,2,2,2,0,0,1.0,84.3096,0.0,0.0,120,0.75,2.0,1.0
010_R211,10,R,2,6,OPTIMAL,31.7211,2,1,0,1,1,0.5,30.6316,0.0,1.0896,120,0.75,2.0,1.0
010_R211,10,R,2,7,OPTIMAL,41.5253,2,1,1,0,1,0.5,20.4316,0.0,21.0938,120,0.75,2.0,1.0
010_R211,10,R,2,8,OPTIMAL,34.2138,2,1,0,1,1,0.5,29.8601,0.0,4.3537,120,0.75,2.0,1.0
010_R211,10,R,2,9,OPTIMAL,1.7989,2,0,0,0,2,0.0,0.0,0.0,1.7989,120,0.75,2.0,1.0
010_R211,10,R,3,0,OPTIMAL,102.1483,3,2,1,1,1,0.6667,81.1921,0.0,20.9561,120,0.75,2.0,1.0
010_R211,10,R,3,1,OPTIMAL,59.5286,3,1,1,0,2,0.3333,31.3409,0.0,28.1876,120,0.75,2.0,1.0
010_R211,10,R,3,2,OPTIMAL,117.152,3,3,3,0,0,1.0,117.152,0.0,0.0,120,0.75,2.0,1.0
010_R211,10,R,3,3,OPTIMAL,107.1796,3,3,3,0,0,1.0,107.1796,0.0,0.0,120,0.75,2.0,1.0
010_R211,10,R,3,4,OPTIMAL,96.1976,3,3,3,0,0,1.0,96.1976,0.0,0.0,120,0.75,2.0,1.0
010_R211,10,R,3,5,OPTIMAL,77.8393,3,2,2,0,1,0.6667,72.3229,0.0,5.5164,120,0.75,2.0,1.0
010_R211,10,R,3,6,OPTIMAL,91.4516,3,3,2,1,0,1.0,91.4516,0.0,0.0,120,0.75,2.0,1.0
010_R211,10,R,3,7,OPTIMAL,28.5316,3,1,0,1,2,0.3333,27.4832,0.0,1.0484,120,0.75,2.0,1.0
010_R211,10,R,3,8,OPTIMAL,69.4781,3,2,2,0,1,0.6667,68.8601,0.0,0.618,120,0.75,2.0,1.0
010_R211,10,R,3,9,OPTIMAL,69.7526,3,2,2,0,1,0.6667,50.4855,0.0,19.2671,120,0.75,2.0,1.0
010_RC101,10,RC,1,0,OPTIMAL,14.8659,1,0,0,0,1,0.0,0.0,0.0,14.8659,120,0.75,2.0,1.0
010_RC101,10,RC,1,1,OPTIMAL,13.2806,1,0,0,0,1,0.0,0.0,0.0,13.2806,120,0.75,2.0,1.0
010_RC101,10,RC,1,2,OPTIMAL,26.7016,1,0,0,0,1,0.0,0.0,0.0,26.7016,120,0.75,2.0,1.0
010_RC101,10,RC,1,3,OPTIMAL,0.3421,1,0,0,0,1,0.0,0.0,0.0,0.3421,120,0.75,2.0,1.0
010_RC101,10,RC,1,4,OPTIMAL,0.5392,1,0,0,0,1,0.0,0.0,0.0,0.5392,120,0.75,2.0,1.0
010_RC101,10,RC,1,5,OPTIMAL,1.2729,1,0,0,0,1,0.0,0.0,0.0,1.2729,120,0.75,2.0,1.0
010_RC101,10,RC,1,6,OPTIMAL,0.5254,1,0,0,0,1,0.0,0.0,0.0,0.5254,120,0.75,2.0,1.0
010_RC101,10,RC,1,7,OPTIMAL,0.034,1,0,0,0,1,0.0,0.0,0.0,0.034,120,0.75,2.0,1.0
010_RC101,10,RC,1,8,OPTIMAL,0.0065,1,0,0,0,1,0.0,0.0,0.0,0.0065,120,0.75,2.0,1.0
010_RC101,10,RC,1,9,OPTIMAL,3.4429,1,0,0,0,1,0.0,0.0,0.0,3.4429,120,0.75,2.0,1.0
010_RC101,10,RC,2,0,OPTIMAL,55.3194,2,1,0,1,1,0.5,55.3138,0.0,0.0056,120,0.75,2.0,1.0
010_RC101,10,RC,2,1,OPTIMAL,4.3295,2,0,0,0,2,0.0,0.0,0.0,4.3295,120,0.75,2.0,1.0
010_RC101,10,RC,2,2,OPTIMAL,15.751,2,0,0,0,2,0.0,0.0,0.0,15.751,120,0.75,2.0,1.0
010_RC101,10,RC,2,3,OPTIMAL,23.3159,2,0,0,0,2,0.0,0.0,0.0,23.3159,120,0.75,2.0,1.0
010_RC101,10,RC,2,4,OPTIMAL,2.027,2,0,0,0,2,0.0,0.0,0.0,2.027,120,0.75,2.0,1.0
010_RC101,10,RC,2,5,OPTIMAL,15.0904,2,0,0,0,2,0.0,0.0,0.0,15.0904,120,0.75,2.0,1.0
010_RC101,10,RC,2,6,OPTIMAL,1.6948,2,0,0,0,2,0.0,0.0,0.0,1.6948,120,0.75,2.0,1.0
010_RC101,10,RC,2,7,OPTIMAL,15.2697,2,0,0,0,2,0.0,0.0,0.5035,14.7662,120,0.75,2.0,1.0
010_RC101,10,RC,2,8,OPTIMAL,3.6683,2,0,0,0,2,0.0,0.0,0.0,3.6683,120,0.75,2.0,1.0
010_RC101,10,RC,2,9,OPTIMAL,20.1743,2,0,0,0,2,0.0,0.0,2.1379,18.0364,120,0.75,2.0,1.0
010_RC101,10,RC,3,0,OPTIMAL,78.4332,3,1,1,0,2,0.3333,67.1612,0.0,11.272,120,0.75,2.0,1.0
010_RC101,10,RC,3,1,OPTIMAL,58.4546,3,1,0,1,2,0.3333,55.2329,0.0,3.2216,120,0.75,2.0,1.0
010_RC101,10,RC,3,2,OPTIMAL,98.8819,3,1,1,0,2,0.3333,71.5522,3.1423,24.1874,120,0.75,2.0,1.0
010_RC101,10,RC,3,3,OPTIMAL,37.6111,3,0,0,0,3,0.0,0.0,0.0,37.6111,120,0.75,2.0,1.0
010_RC101,10,RC,3,4,OPTIMAL,72.6322,3,1,0,1,2,0.3333,47.7288,0.0,24.9035,120,0.75,2.0,1.0
010_RC101,10,RC,3,5,OPTIMAL,24.2964,3,0,0,0,3,0.0,0.0,4.6751,19.6213,120,0.75,2.0,1.0
010_RC101,10,RC,3,6,OPTIMAL,66.2011,3,1,1,0,2,0.3333,57.968,0.0,8.2331,120,0.75,2.0,1.0
010_RC101,10,RC,3,7,OPTIMAL,22.2077,3,0,0,0,3,0.0,0.0,3.0406,19.1671,120,0.75,2.0,1.0
010_RC101,10,RC,3,8,OPTIMAL,7.3973,3,0,0,0,3,0.0,0.0,0.0,7.3973,120,0.75,2.0,1.0
010_RC101,10,RC,3,9,OPTIMAL,30.0231,3,0,0,0,3,0.0,0.0,0.0,30.0231,120,0.75,2.0,1.0
010_RC102,10,RC,1,0,OPTIMAL,8.5799,1,0,0,0,1,0.0,0.0,0.0,8.5799,120,0.75,2.0,1.0
010_RC102,10,RC,1,1,OPTIMAL,6.6403,1,0,0,0,1,0.0,0.0,0.0,6.6403,120,0.75,2.0,1.0
010_RC102,10,RC,1,2,OPTIMAL,0.0504,1,0,0,0,1,0.0,0.0,0.0,0.0504,120,0.75,2.0,1.0
010_RC102,10,RC,1,3,OPTIMAL,0.3421,1,0,0,0,1,0.0,0.0,0.0,0.3421,120,0.75,2.0,1.0
010_RC102,10,RC,1,4,OPTIMAL,5.9336,1,0,0,0,1,0.0,0.0,0.0,5.9336,120,0.75,2.0,1.0
010_RC102,10,RC,1,5,OPTIMAL,0.0746,1,0,0,0,1,0.0,0.0,0.0,0.0746,120,0.75,2.0,1.0
010_RC102,10,RC,1,6,OPTIMAL,0.5254,1,0,0,0,1,0.0,0.0,0.0,0.5254,120,0.75,2.0,1.0
010_RC102,10,RC,1,7,OPTIMAL,0.034,1,0,0,0,1,0.0,0.0,0.0,0.034,120,0.75,2.0,1.0
010_RC102,10,RC,1,8,OPTIMAL,0.0065,1,0,0,0,1,0.0,0.0,0.0,0.0065,120,0.75,2.0,1.0
010_RC102,10,RC,1,9,OPTIMAL,0.1068,1,0,0,0,1,0.0,0.0,0.0,0.1068,120,0.75,2.0,1.0
010_RC102,10,RC,2,0,OPTIMAL,108.7844,2,1,0,1,1,0.5,55.3138,0.0,53.4706,120,0.75,2.0,1.0
010_RC102,10,RC,2,1,OPTIMAL,40.3252,2,0,0,0,2,0.0,0.0,0.0,40.3252,120,0.75,2.0,1.0
010_RC102,10,RC,2,2,OPTIMAL,64.6755,2,0,0,0,2,0.0,0.0,0.0,64.6755,120,0.75,2.0,1.0
010_RC102,10,RC,2,3,OPTIMAL,19.384,2,0,0,0,2,0.0,0.0,0.0,19.384,120,0.75,2.0,1.0
010_RC102,10,RC,2,4,OPTIMAL,60.3034,2,1,1,0,1,0.5,60.2144,0.0,0.089,120,0.75,2.0,1.0
010_RC102,10,RC,2,5,OPTIMAL,52.0062,2,0,0,0,2,0.0,0.0,0.0,52.0062,120,0.75,2.0,1.0
010_RC102,10,RC,2,6,OPTIMAL,1.6948,2,0,0,0,2,0.0,0.0,0.0,1.6948,120,0.75,2.0,1.0
010_RC102,10,RC,2,7,OPTIMAL,7.7539,2,0,0,0,2,0.0,0.0,0.0,7.7539,120,0.75,2.0,1.0
010_RC102,10,RC,2,8,OPTIMAL,3.4926,2,0,0,0,2,0.0,0.0,0.0,3.4926,120,0.75,2.0,1.0
010_RC102,10,RC,2,9,OPTIMAL,9.3896,2,0,0,0,2,0.0,0.0,0.0,9.3896,120,0.75,2.0,1.0
010_RC102,10,RC,3,0,OPTIMAL,76.0537,3,1,1,0,2,0.3333,67.1612,0.0,8.8924,120,0.75,2.0,1.0
010_RC102,10,RC,3,1,OPTIMAL,56.8622,3,1,1,0,2,0.3333,55.2329,0.0,1.6293,120,0.75,2.0,1.0
010_RC102,10,RC,3,2,OPTIMAL,136.2326,3,1,1,0,2,0.3333,71.5522,0.0,64.6803,120,0.75,2.0,1.0
010_RC102,10,RC,3,3,OPTIMAL,59.7925,3,0,0,0,3,0.0,0.0,0.0,59.7925,120,0.75,2.0,1.0
010_RC102,10,RC,3,4,OPTIMAL,27.8966,3,0,0,0,3,0.0,0.0,0.0,27.8966,120,0.75,2.0,1.0
010_RC102,10,RC,3,5,OPTIMAL,63.2729,3,0,0,0,3,0.0,0.0,0.0,63.2729,120,0.75,2.0,1.0
010_RC102,10,RC,3,6,OPTIMAL,62.3929,3,1,0,1,2,0.3333,57.968,0.0,4.4249,120,0.75,2.0,1.0
010_RC102,10,RC,3,7,OPTIMAL,56.4745,3,0,0,0,3,0.0,0.0,0.0,56.4745,120,0.75,2.0,1.0
010_RC102,10,RC,3,8,OPTIMAL,43.4774,3,0,0,0,3,0.0,0.0,0.0,43.4774,120,0.75,2.0,1.0
010_RC102,10,RC,3,9,OPTIMAL,6.5704,3,0,0,0,3,0.0,0.0,0.0,6.5704,120,0.75,2.0,1.0
010_RC103,10,RC,1,0,OPTIMAL,8.5799,1,0,0,0,1,0.0,0.0,0.0,8.5799,120,0.75,2.0,1.0
010_RC103,10,RC,1,1,OPTIMAL,6.6403,1,0,0,0,1,0.0,0.0,0.0,6.6403,120,0.75,2.0,1.0
010_RC103,10,RC,1,2,OPTIMAL,0.0504,1,0,0,0,1,0.0,0.0,0.0,0.0504,120,0.75,2.0,1.0
010_RC103,10,RC,1,3,OPTIMAL,4.7357,1,0,0,0,1,0.0,0.0,0.0,4.7357,120,0.75,2.0,1.0
010_RC103,10,RC,1,4,OPTIMAL,5.9336,1,0,0,0,1,0.0,0.0,0.0,5.9336,120,0.75,2.0,1.0
010_RC103,10,RC,1,5,OPTIMAL,0.0746,1,0,0,0,1,0.0,0.0,0.0,0.0746,120,0.75,2.0,1.0
010_RC103,10,RC,1,6,OPTIMAL,2.1261,1,0,0,0,1,0.0,0.0,0.0,2.1261,120,0.75,2.0,1.0
010_RC103,10,RC,1,7,OPTIMAL,51.0268,1,0,0,0,1,0.0,0.0,0.0,51.0268,120,0.75,2.0,1.0
010_RC103,10,RC,1,8,OPTIMAL,53.5489,1,0,0,0,1,0.0,0.0,0.0,53.5489,120,0.75,2.0,1.0
010_RC103,10,RC,1,9,OPTIMAL,0.1068,1,0,0,0,1,0.0,0.0,0.0,0.1068,120,0.75,2.0,1.0
010_RC103,10,RC,2,0,OPTIMAL,105.5607,2,0,0,0,2,0.0,0.0,0.0,105.5607,120,0.75,2.0,1.0
010_RC103,10,RC,2,1,OPTIMAL,42.6154,2,0,0,0,2,0.0,0.0,0.0,42.6154,120,0.75,2.0,1.0
010_RC103,10,RC,2,2,OPTIMAL,108.7914,2,0,0,0,2,0.0,0.0,0.0,108.7914,120,0.75,2.0,1.0
010_RC103,10,RC,2,3,OPTIMAL,68.0777,2,1,0,1,1,0.5,64.1458,0.0,3.9319,120,0.75,2.0,1.0
010_RC103,10,RC,2,4,OPTIMAL,60.4815,2,1,1,0,1,0.5,60.2144,0.0,0.267,120,0.75,2.0,1.0
010_RC103,10,RC,2,5,OPTIMAL,46.6939,2,0,0,0,2,0.0,0.0,0.0,46.6939,120,0.75,2.0,1.0
010_RC103,10,RC,2,6,OPTIMAL,55.113,2,0,0,0,2,0.0,0.0,0.0,55.113,120,0.75,2.0,1.0
010_RC103,10,RC,2,7,OPTIMAL,5.343,2,0,0,0,2,0.0,0.0,0.0,5.343,120,0.75,2.0,1.0
010_RC103,10,RC,2,8,OPTIMAL,55.2331,2,1,0,1,1,0.5,55.0574,0.0,0.1757,120,0.75,2.0,1.0
010_RC103,10,RC,2,9,OPTIMAL,45.3493,2,0,0,0,2,0.0,0.0,0.0,45.3493,120,0.75,2.0,1.0
010_RC103,10,RC,3,0,OPTIMAL,8.6714,3,0,0,0,3,0.0,0.0,0.0,8.6714,120,0.75,2.0,1.0
010_RC103,10,RC,3,1,OPTIMAL,94.2416,3,1,1,0,2,0.3333,55.2329,0.0,39.0087,120,0.75,2.0,1.0
010_RC103,10,RC,3,2,OPTIMAL,78.6087,3,0,0,0,3,0.0,0.0,0.0,78.6087,120,0.75,2.0,1.0
010_RC103,10,RC,3,3,OPTIMAL,62.8851,3,0,0,0,3,0.0,0.0,0.0,62.8851,120,0.75,2.0,1.0
010_RC103,10,RC,3,4,OPTIMAL,72.9055,3,1,1,0,2,0.3333,71.2068,0.0,1.6987,120,0.75,2.0,1.0
010_RC103,10,RC,3,5,OPTIMAL,100.3321,3,1,0,1,2,0.3333,58.3709,0.0,41.9612,120,0.75,2.0,1.0
010_RC103,10,RC,3,6,OPTIMAL,51.7093,3,0,0,0,3,0.0,0.0,0.0,51.7093,120,0.75,2.0,1.0
010_RC103,10,RC,3,7,OPTIMAL,54.9137,3,0,0,0,3,0.0,0.0,0.0,54.9137,120,0.75,2.0,1.0
010_RC103,10,RC,3,8,OPTIMAL,44.6194,3,0,0,0,3,0.0,0.0,0.0,44.6194,120,0.75,2.0,1.0
010_RC103,10,RC,3,9,OPTIMAL,10.2553,3,0,0,0,3,0.0,0.0,0.0,10.2553,120,0.75,2.0,1.0
010_RC104,10,RC,1,0,OPTIMAL,9.76,1,0,0,0,1,0.0,0.0,0.0,9.76,120,0.75,2.0,1.0
010_RC104,10,RC,1,1,OPTIMAL,9.6725,1,0,0,0,1,0.0,0.0,0.0,9.6725,120,0.75,2.0,1.0
010_RC104,10,RC,1,2,OPTIMAL,0.0504,1,0,0,0,1,0.0,0.0,0.0,0.0504,120,0.75,2.0,1.0
010_RC104,10,RC,1,3,OPTIMAL,4.7357,1,0,0,0,1,0.0,0.0,0.0,4.7357,120,0.75,2.0,1.0
010_RC104,10,RC,1,4,OPTIMAL,5.9336,1,0,0,0,1,0.0,0.0,0.0,5.9336,120,0.75,2.0,1.0
010_RC104,10,RC,1,5,OPTIMAL,0.0746,1,0,0,0,1,0.0,0.0,0.0,0.0746,120,0.75,2.0,1.0
010_RC104,10,RC,1,6,OPTIMAL,2.1261,1,0,0,0,1,0.0,0.0,0.0,2.1261,120,0.75,2.0,1.0
010_RC104,10,RC,1,7,OPTIMAL,51.0268,1,0,0,0,1,0.0,0.0,0.0,51.0268,120,0.75,2.0,1.0
010_RC104,10,RC,1,8,OPTIMAL,53.5489,1,0,0,0,1,0.0,0.0,0.0,53.5489,120,0.75,2.0,1.0
010_RC104,10,RC,1,9,OPTIMAL,0.1068,1,0,0,0,1,0.0,0.0,0.0,0.1068,120,0.75,2.0,1.0
010_RC104,10,RC,2,0,OPTIMAL,105.5607,2,0,0,0,2,0.0,0.0,0.0,105.5607,120,0.75,2.0,1.0
010_RC104,10,RC,2,1,OPTIMAL,50.8507,2,1,1,0,1,0.5,48.5497,0.0,2.3009,120,0.75,2.0,1.0
010_RC104,10,RC,2,2,OPTIMAL,106.6634,2,1,0,1,1,0.5,58.8127,0.0,47.8507,120,0.75,2.0,1.0
010_RC104,10,RC,2,3,OPTIMAL,113.3557,2,2,2,0,0,1.0,113.3557,0.0,0.0,120,0.75,2.0,1.0
010_RC104,10,RC,2,4,OPTIMAL,60.4815,2,1,1,0,1,0.5,60.2144,0.0,0.267,120,0.75,2.0,1.0
010_RC104,10,RC,2,5,OPTIMAL,49.5721,2,0,0,0,2,0.0,0.0,0.0,49.5721,120,0.75,2.0,1.0
010_RC104,10,RC,2,6,OPTIMAL,55.113,2,0,0,0,2,0.0,0.0,0.0,55.113,120,0.75,2.0,1.0
010_RC104,10,RC,2,7,OPTIMAL,5.343,2,0,0,0,2,0.0,0.0,0.0,5.343,120,0.75,2.0,1.0
010_RC104,10,RC,2,8,OPTIMAL,89.3681,2,1,1,0,1,0.5,47.2777,0.0,42.0904,120,0.75,2.0,1.0
010_RC104,10,RC,2,9,OPTIMAL,45.3493,2,0,0,0,2,0.0,0.0,0.0,45.3493,120,0.75,2.0,1.0
010_RC104,10,RC,3,0,OPTIMAL,8.6714,3,0,0,0,3,0.0,0.0,0.0,8.6714,120,0.75,2.0,1.0
010_RC104,10,RC,3,1,OPTIMAL,94.2416,3,1,1,0,2,0.3333,55.2329,0.0,39.0087,120,0.75,2.0,1.0
010_RC104,10,RC,3,2,OPTIMAL,80.0939,3,1,1,0,2,0.3333,56.5145,0.0,23.5794,120,0.75,2.0,1.0
010_RC104,10,RC,3,3,OPTIMAL,66.954,3,1,1,0,2,0.3333,61.4049,0.0,5.5491,120,0.75,2.0,1.0
010_RC104,10,RC,3,4,OPTIMAL,72.7516,3,1,1,0,2,0.3333,71.2068,0.0,1.5449,120,0.75,2.0,1.0
010_RC104,10,RC,3,5,OPTIMAL,100.3321,3,1,0,1,2,0.3333,58.3709,0.0,41.9612,120,0.75,2.0,1.0
010_RC104,10,RC,3,6,OPTIMAL,51.7093,3,0,0,0,3,0.0,0.0,0.0,51.7093,120,0.75,2.0,1.0
010_RC104,10,RC,3,7,OPTIMAL,58.2955,3,1,1,0,2,0.3333,56.7346,0.0,1.5609,120,0.75,2.0,1.0
010_RC104,10,RC,3,8,OPTIMAL,54.057,3,1,0,1,2,0.3333,47.331,0.0,6.7259,120,0.75,2.0,1.0
010_RC104,10,RC,3,9,OPTIMAL,52.5607,3,1,1,0,2,0.3333,47.4836,0.0,5.0771,120,0.75,2.0,1.0
010_RC105,10,RC,1,0,OPTIMAL,8.5799,1,0,0,0,1,0.0,0.0,0.0,8.5799,120,0.75,2.0,1.0
010_RC105,10,RC,1,1,OPTIMAL,6.6403,1,0,0,0,1,0.0,0.0,0.0,6.6403,120,0.75,2.0,1.0
010_RC105,10,RC,1,2,OPTIMAL,0.0336,1,0,0,0,1,0.0,0.0,0.0,0.0336,120,0.75,2.0,1.0
010_RC105,10,RC,1,3,OPTIMAL,0.415,1,0,0,0,1,0.0,0.0,0.0,0.415,120,0.75,2.0,1.0
010_RC105,10,RC,1,4,OPTIMAL,3.9557,1,0,0,0,1,0.0,0.0,0.0,3.9557,120,0.75,2.0,1.0
010_RC105,10,RC,1,5,OPTIMAL,0.0746,1,0,0,0,1,0.0,0.0,0.0,0.0746,120,0.75,2.0,1.0
010_RC105,10,RC,1,6,OPTIMAL,0.7881,1,0,0,0,1,0.0,0.0,0.0,0.7881,120,0.75,2.0,1.0
010_RC105,10,RC,1,7,OPTIMAL,0.4908,1,0,0,0,1,0.0,0.0,0.0,0.4908,120,0.75,2.0,1.0
010_RC105,10,RC,1,8,OPTIMAL,0.2516,1,0,0,0,1,0.0,0.0,0.0,0.2516,120,0.75,2.0,1.0
010_RC105,10,RC,1,9,OPTIMAL,0.1068,1,0,0,0,1,0.0,0.0,0.0,0.1068,120,0.75,2.0,1.0
010_RC105,10,RC,2,0,OPTIMAL,56.0475,2,0,0,0,2,0.0,0.0,0.0,56.0475,120,0.75,2.0,1.0
010_RC105,10,RC,2,1,OPTIMAL,99.0101,2,1,0,1,1,0.5,58.6957,0.0,40.3144,120,0.75,2.0,1.0
010_RC105,10,RC,2,2,OPTIMAL,58.9411,2,0,0,0,2,0.0,0.0,0.0,58.9411,120,0.75,2.0,1.0
010_RC105,10,RC,2,3,OPTIMAL,68.0777,2,1,0,1,1,0.5,64.1458,0.0,3.9319,120,0.75,2.0,1.0
010_RC105,10,RC,2,4,OPTIMAL,10.3474,2,0,0,0,2,0.0,0.0,0.0,10.3474,120,0.75,2.0,1.0
010_RC105,10,RC,2,5,OPTIMAL,52.0062,2,0,0,0,2,0.0,0.0,0.0,52.0062,120,0.75,2.0,1.0
010_RC105,10,RC,2,6,OPTIMAL,2.0665,2,0,0,0,2,0.0,0.0,0.0,2.0665,120,0.75,2.0,1.0
010_RC105,10,RC,2,7,OPTIMAL,64.7357,2,1,0,1,1,0.5,57.7235,0.0,7.0123,120,0.75,2.0,1.0
010_RC105,10,RC,2,8,OPTIMAL,0.3556,2,0,0,0,2,0.0,0.0,0.0,0.3556,120,0.75,2.0,1.0
010_RC105,10,RC,2,9,OPTIMAL,7.0786,2,0,0,0,2,0.0,0.0,0.0,7.0786,120,0.75,2.0,1.0
010_RC105,10,RC,3,0,OPTIMAL,133.6561,3,2,1,1,1,0.6667,121.8048,0.0,11.8513,120,0.75,2.0,1.0
010_RC105,10,RC,3,1,OPTIMAL,3.842,3,0,0,0,3,0.0,0.0,0.0,3.842,120,0.75,2.0,1.0
010_RC105,10,RC,3,2,OPTIMAL,133.5501,3,1,1,0,2,0.3333,71.5522,0.0,61.9979,120,0.75,2.0,1.0
010_RC105,10,RC,3,3,OPTIMAL,58.979,3,0,0,0,3,0.0,0.0,0.0,58.979,120,0.75,2.0,1.0
010_RC105,10,RC,3,4,OPTIMAL,69.381,3,0,0,0,3,0.0,0.0,0.0,69.381,120,0.75,2.0,1.0
010_RC105,10,RC,3,5,OPTIMAL,67.9875,3,0,0,0,3,0.0,0.0,0.0,67.9875,120,0.75,2.0,1.0
010_RC105,10,RC,3,6,OPTIMAL,62.2315,3,1,0,1,2,0.3333,57.968,0.0,4.2635,120,0.75,2.0,1.0
010_RC105,10,RC,3,7,OPTIMAL,56.4745,3,0,0,0,3,0.0,0.0,0.0,56.4745,120,0.75,2.0,1.0
010_RC105,10,RC,3,8,OPTIMAL,102.4028,3,1,0,1,2,0.3333,61.3034,0.0,41.0994,120,0.75,2.0,1.0
010_RC105,10,RC,3,9,OPTIMAL,6.944,3,0,0,0,3,0.0,0.0,0.0,6.944,120,0.75,2.0,1.0
010_RC106,10,RC,1,0,OPTIMAL,14.8659,1,0,0,0,1,0.0,0.0,0.0,14.8659,120,0.75,2.0,1.0
010_RC106,10,RC,1,1,OPTIMAL,13.2806,1,0,0,0,1,0.0,0.0,0.0,13.2806,120,0.75,2.0,1.0
010_RC106,10,RC,1,2,OPTIMAL,55.9137,1,1,0,1,0,1.0,55.9137,0.0,0.0,120,0.75,2.0,1.0
010_RC106,10,RC,1,3,OPTIMAL,0.3421,1,0,0,0,1,0.0,0.0,0.0,0.3421,120,0.75,2.0,1.0
010_RC106,10,RC,1,4,OPTIMAL,0.5392,1,0,0,0,1,0.0,0.0,0.0,0.5392,120,0.75,2.0,1.0
010_RC106,10,RC,1,5,OPTIMAL,9.0115,1,0,0,0,1,0.0,0.0,0.0,9.0115,120,0.75,2.0,1.0
010_RC106,10,RC,1,6,OPTIMAL,0.5254,1,0,0,0,1,0.0,0.0,0.0,0.5254,120,0.75,2.0,1.0
010_RC106,10,RC,1,7,OPTIMAL,13.6041,1,0,0,0,1,0.0,0.0,0.0,13.6041,120,0.75,2.0,1.0
010_RC106,10,RC,1,8,OPTIMAL,16.4088,1,0,0,0,1,0.0,0.0,0.0,16.4088,120,0.75,2.0,1.0
010_RC106,10,RC,1,9,OPTIMAL,10.962,1,0,0,0,1,0.0,0.0,0.0,10.962,120,0.75,2.0,1.0
010_RC106,10,RC,2,0,OPTIMAL,111.0575,2,2,0,2,0,1.0,111.0575,0.0,0.0,120,0.75,2.0,1.0
010_RC106,10,RC,2,1,OPTIMAL,48.5605,2,1,0,1,1,0.5,48.5497,0.0,0.0108,120,0.75,2.0,1.0
010_RC106,10,RC,2,2,OPTIMAL,70.8107,2,1,0,1,1,0.5,58.8127,0.0,11.998,120,0.75,2.0,1.0
010_RC106,10,RC,2,3,OPTIMAL,113.3557,2,2,1,1,0,1.0,113.3557,0.0,0.0,120,0.75,2.0,1.0
010_RC106,10,RC,2,4,OPTIMAL,60.3034,2,1,0,1,1,0.5,60.2144,0.0,0.089,120,0.75,2.0,1.0
010_RC106,10,RC,2,5,OPTIMAL,67.971,2,1,0,1,1,0.5,49.5475,0.0,18.4235,120,0.75,2.0,1.0
010_RC106,10,RC,2,6,OPTIMAL,4.533,2,0,0,0,2,0.0,0.0,0.0,4.533,120,0.75,2.0,1.0
010_RC106,10,RC,2,7,OPTIMAL,48.8336,2,1,0,1,1,0.5,48.0919,0.0,0.7417,120,0.75,2.0,1.0
010_RC106,10,RC,2,8,OPTIMAL,50.5946,2,1,0,1,1,0.5,47.2777,0.0,3.3169,120,0.75,2.0,1.0
010_RC106,10,RC,2,9,OPTIMAL,52.0172,2,1,0,1,1,0.5,51.2743,0.0,0.7429,120,0.75,2.0,1.0
010_RC106,10,RC,3,0,OPTIMAL,17.8402,3,0,0,0,3,0.0,0.0,0.0,17.8402,120,0.75,2.0,1.0
010_RC106,10,RC,3,1,OPTIMAL,101.812,3,2,0,2,1,0.6667,101.775,0.0,0.0369,120,0.75,2.0,1.0
010_RC106,10,RC,3,2,OPTIMAL,118.2624,3,2,0,2,1,0.6667,107.9283,0.0,10.3341,120,0.75,2.0,1.0
010_RC106,10,RC,3,3,OPTIMAL,94.3273,3,1,0,1,2,0.3333,61.4049,0.0,32.9225,120,0.75,2.0,1.0
010_RC106,10,RC,3,4,OPTIMAL,79.9448,3,1,1,0,2,0.3333,71.2068,0.0,8.738,120,0.75,2.0,1.0
010_RC106,10,RC,3,5,OPTIMAL,107.3341,3,2,0,2,1,0.6667,104.606,0.0,2.7281,120,0.75,2.0,1.0
010_RC106,10,RC,3,6,OPTIMAL,9.6085,3,0,0,0,3,0.0,0.0,0.0,9.6085,120,0.75,2.0,1.0
010_RC106,10,RC,3,7,OPTIMAL,107.1776,3,2,0,2,1,0.6667,106.8387,0.0,0.3389,120,0.75,2.0,1.0
010_RC106,10,RC,3,8,OPTIMAL,52.3005,3,1,0,1,2,0.3333,47.331,0.0,4.9694,120,0.75,2.0,1.0
010_RC106,10,RC,3,9,OPTIMAL,67.1504,3,1,0,1,2,0.3333,47.4836,0.0,19.6668,120,0.75,2.0,1.0
010_RC107,10,RC,1,0,OPTIMAL,8.5799,1,0,0,0,1,0.0,0.0,0.0,8.5799,120,0.75,2.0,1.0
010_RC107,10,RC,1,1,OPTIMAL,6.6403,1,0,0,0,1,0.0,0.0,0.0,6.6403,120,0.75,2.0,1.0
010_RC107,10,RC,1,2,OPTIMAL,55.9137,1,1,0,1,0,1.0,55.9137,0.0,0.0,120,0.75,2.0,1.0
010_RC107,10,RC,1,3,OPTIMAL,0.3421,1,0,0,0,1,0.0,0.0,0.0,0.3421,120,0.75,2.0,1.0
010_RC107,10,RC,1,4,OPTIMAL,44.6771,1,1,0,1,0,1.0,44.6771,0.0,0.0,120,0.75,2.0,1.0
010_RC107,10,RC,1,5,OPTIMAL,4.5058,1,0,0,0,1,0.0,0.0,0.0,4.5058,120,0.75,2.0,1.0
010_RC107,10,RC,1,6,OPTIMAL,0.5254,1,0,0,0,1,0.0,0.0,0.0,0.5254,120,0.75,2.0,1.0
010_RC107,10,RC,1,7,OPTIMAL,0.034,1,0,0,0,1,0.0,0.0,0.0,0.034,120,0.75,2.0,1.0
010_RC107,10,RC,1,8,OPTIMAL,0.0065,1,0,0,0,1,0.0,0.0,0.0,0.0065,120,0.75,2.0,1.0
010_RC107,10,RC,1,9,OPTIMAL,5.481,1,0,0,0,1,0.0,0.0,0.0,5.481,120,0.75,2.0,1.0
010_RC107,10,RC,2,0,OPTIMAL,2.5824,2,0,0,0,2,0.0,0.0,0.0,2.5824,120,0.75,2.0,1.0
010_RC107,10,RC,2,1,OPTIMAL,4.3295,2,0,0,0,2,0.0,0.0,0.0,4.3295,120,0.75,2.0,1.0
010_RC107,10,RC,2,2,OPTIMAL,19.7038,2,0,0,0,2,0.0,0.0,0.0,19.7038,120,0.75,2.0,1.0
010_RC107,10,RC,2,3,OPTIMAL,64.662,2,1,0,1,1,0.5,49.2099,0.0,15.4522,120,0.75,2.0,1.0
010_RC107,10,RC,2,4,OPTIMAL,2.027,2,0,0,0,2,0.0,0.0,0.0,2.027,120,0.75,2.0,1.0
010_RC107,10,RC,2,5,OPTIMAL,15.368,2,0,0,0,2,0.0,0.0,0.0,15.368,120,0.75,2.0,1.0
010_RC107,10,RC,2,6,OPTIMAL,1.6948,2,0,0,0,2,0.0,0.0,0.0,1.6948,120,0.75,2.0,1.0
010_RC107,10,RC,2,7,OPTIMAL,0.9167,2,0,0,0,2,0.0,0.0,0.0,0.9167,120,0.75,2.0,1.0
010_RC107,10,RC,2,8,OPTIMAL,50.5946,2,1,0,1,1,0.5,47.2777,0.0,3.3169,120,0.75,2.0,1.0
010_RC107,10,RC,2,9,OPTIMAL,18.0364,2,0,0,0,2,0.0,0.0,0.0,18.0364,120,0.75,2.0,1.0
010_RC107,10,RC,3,0,OPTIMAL,76.0537,3,1,1,0,2,0.3333,67.1612,0.0,8.8924,120,0.75,2.0,1.0
010_RC107,10,RC,3,1,OPTIMAL,2.2844,3,0,0,0,3,0.0,0.0,0.0,2.2844,120,0.75,2.0,1.0
010_RC107,10,RC,3,2,OPTIMAL,95.7396,3,1,1,0,2,0.3333,71.5522,0.0,24.1874,120,0.75,2.0,1.0
010_RC107,10,RC,3,3,OPTIMAL,43.7482,3,0,0,0,3,0.0,0.0,0.0,43.7482,120,0.75,2.0,1.0
010_RC107,10,RC,3,4,OPTIMAL,71.9962,3,1,1,0,2,0.3333,71.2068,0.0,0.7894,120,0.75,2.0,1.0
010_RC107,10,RC,3,5,OPTIMAL,6.8984,3,0,0,0,3,0.0,0.0,0.0,6.8984,120,0.75,2.0,1.0
010_RC107,10,RC,3,6,OPTIMAL,12.3334,3,0,0,0,3,0.0,0.0,0.0,12.3334,120,0.75,2.0,1.0
010_RC107,10,RC,3,7,OPTIMAL,3.9526,3,0,0,0,3,0.0,0.0,0.0,3.9526,120,0.75,2.0,1.0
010_RC107,10,RC,3,8,OPTIMAL,11.1085,3,0,0,0,3,0.0,0.0,0.0,11.1085,120,0.75,2.0,1.0
010_RC107,10,RC,3,9,OPTIMAL,58.6095,3,0,0,0,3,0.0,0.0,0.0,58.6095,120,0.75,2.0,1.0
010_RC108,10,RC,1,0,OPTIMAL,8.5799,1,0,0,0,1,0.0,0.0,0.0,8.5799,120,0.75,2.0,1.0
010_RC108,10,RC,1,1,OPTIMAL,6.6403,1,0,0,0,1,0.0,0.0,0.0,6.6403,120,0.75,2.0,1.0
010_RC108,10,RC,1,2,OPTIMAL,0.0504,1,0,0,0,1,0.0,0.0,0.0,0.0504,120,0.75,2.0,1.0
010_RC108,10,RC,1,3,OPTIMAL,0.4651,1,0,0,0,1,0.0,0.0,0.0,0.4651,120,0.75,2.0,1.0
010_RC108,10,RC,1,4,OPTIMAL,4.176,1,0,0,0,1,0.0,0.0,0.0,4.176,120,0.75,2.0,1.0
010_RC108,10,RC,1,5,OPTIMAL,4.5058,1,0,0,0,1,0.0,0.0,0.0,4.5058,120,0.75,2.0,1.0
010_RC108,10,RC,1,6,OPTIMAL,0.815,1,0,0,0,1,0.0,0.0,0.0,0.815,120,0.75,2.0,1.0
010_RC108,10,RC,1,7,OPTIMAL,0.0007,1,0,0,0,1,0.0,0.0,0.0,0.0007,120,0.75,2.0,1.0
010_RC108,10,RC,1,8,OPTIMAL,0.0066,1,0,0,0,1,0.0,0.0,0.0,0.0066,120,0.75,2.0,1.0
010_RC108,10,RC,1,9,OPTIMAL,5.481,1,0,0,0,1,0.0,0.0,0.0,5.481,120,0.75,2.0,1.0
010_RC108,10,RC,2,0,OPTIMAL,3.0016,2,0,0,0,2,0.0,0.0,0.0,3.0016,120,0.75,2.0,1.0
010_RC108,10,RC,2,1,OPTIMAL,0.6305,2,0,0,0,2,0.0,0.0,0.0,0.6305,120,0.75,2.0,1.0
010_RC108,10,RC,2,2,OPTIMAL,55.0278,2,0,0,0,2,0.0,0.0,0.0,55.0278,120,0.75,2.0,1.0
010_RC108,10,RC,2,3,OPTIMAL,68.0777,2,1,1,0,1,0.5,64.1458,0.0,3.9319,120,0.75,2.0,1.0
010_RC108,10,RC,2,4,OPTIMAL,1.9565,2,0,0,0,2,0.0,0.0,0.0,1.9565,120,0.75,2.0,1.0
010_RC108,10,RC,2,5,OPTIMAL,10.3449,2,0,0,0,2,0.0,0.0,0.0,10.3449,120,0.75,2.0,1.0
010_RC108,10,RC,2,6,OPTIMAL,8.7815,2,0,0,0,2,0.0,0.0,0.0,8.7815,120,0.75,2.0,1.0
010_RC108,10,RC,2,7,OPTIMAL,1.0042,2,0,0,0,2,0.0,0.0,0.0,1.0042,120,0.75,2.0,1.0
010_RC108,10,RC,2,8,OPTIMAL,55.2331,2,1,0,1,1,0.5,55.0574,0.0,0.1757,120,0.75,2.0,1.0
010_RC108,10,RC,2,9,OPTIMAL,15.477,2,0,0,0,2,0.0,0.0,0.0,15.477,120,0.75,2.0,1.0
010_RC108,10,RC,3,0,OPTIMAL,28.1782,3,0,0,0,3,0.0,0.0,0.0,28.1782,120,0.75,2.0,1.0
010_RC108,10,RC,3,1,OPTIMAL,6.4999,3,0,0,0,3,0.0,0.0,0.0,6.4999,120,0.75,2.0,1.0
010_RC108,10,RC,3,2,OPTIMAL,50.5495,3,0,0,0,3,0.0,0.0,0.0,50.5495,120,0.75,2.0,1.0
010_RC108,10,RC,3,3,OPTIMAL,8.9952,3,0,0,0,3,0.0,0.0,0.0,8.9952,120,0.75,2.0,1.0
010_RC108,10,RC,3,4,OPTIMAL,72.3764,3,1,1,0,2,0.3333,71.2068,0.0,1.1696,120,0.75,2.0,1.0
010_RC108,10,RC,3,5,OPTIMAL,7.624,3,0,0,0,3,0.0,0.0,0.0,7.624,120,0.75,2.0,1.0
010_RC108,10,RC,3,6,OPTIMAL,12.178,3,0,0,0,3,0.0,0.0,0.0,12.178,120,0.75,2.0,1.0
010_RC108,10,RC,3,7,OPTIMAL,1.6277,3,0,0,0,3,0.0,0.0,0.0,1.6277,120,0.75,2.0,1.0
010_RC108,10,RC,3,8,OPTIMAL,6.3957,3,0,0,0,3,0.0,0.0,0.0,6.3957,120,0.75,2.0,1.0
010_RC108,10,RC,3,9,OPTIMAL,8.6919,3,0,0,0,3,0.0,0.0,0.0,8.6919,120,0.75,2.0,1.0
010_RC201,10,RC,1,0,OPTIMAL,8.5799,1,0,0,0,1,0.0,0.0,0.0,8.5799,120,0.75,2.0,1.0
010_RC201,10,RC,1,1,OPTIMAL,6.6403,1,0,0,0,1,0.0,0.0,0.0,6.6403,120,0.75,2.0,1.0
010_RC201,10,RC,1,2,OPTIMAL,55.9137,1,1,1,0,0,1.0,55.9137,0.0,0.0,120,0.75,2.0,1.0
010_RC201,10,RC,1,3,OPTIMAL,52.9157,1,0,0,0,1,0.0,0.0,0.0,52.9157,120,0.75,2.0,1.0
010_RC201,10,RC,1,4,OPTIMAL,44.6771,1,1,1,0,0,1.0,44.6771,0.0,0.0,120,0.75,2.0,1.0
010_RC201,10,RC,1,5,OPTIMAL,48.0808,1,1,1,0,0,1.0,48.0808,0.0,0.0,120,0.75,2.0,1.0
010_RC201,10,RC,1,6,OPTIMAL,0.2627,1,0,0,0,1,0.0,0.0,0.0,0.2627,120,0.75,2.0,1.0
010_RC201,10,RC,1,7,OPTIMAL,13.6041,1,0,0,0,1,0.0,0.0,0.0,13.6041,120,0.75,2.0,1.0
010_RC201,10,RC,1,8,OPTIMAL,64.8339,1,1,1,0,0,1.0,64.8339,0.0,0.0,120,0.75,2.0,1.0
010_RC201,10,RC,1,9,OPTIMAL,48.0227,1,1,1,0,0,1.0,48.0227,0.0,0.0,120,0.75,2.0,1.0
010_RC201,10,RC,2,0,OPTIMAL,58.7426,2,1,1,0,1,0.5,55.7438,0.0,2.9988,120,0.75,2.0,1.0
010_RC201,10,RC,2,1,OPTIMAL,49.2157,2,1,1,0,1,0.5,48.5497,0.0,0.666,120,0.75,2.0,1.0
010_RC201,10,RC,2,2,OPTIMAL,120.2933,2,2,1,1,0,1.0,120.2933,0.0,0.0,120,0.75,2.0,1.0
010_RC201,10,RC,2,3,OPTIMAL,113.3557,2,2,2,0,0,1.0,113.3557,0.0,0.0,120,0.75,2.0,1.0
010_RC201,10,RC,2,4,OPTIMAL,46.4121,2,0,0,0,2,0.0,0.0,0.0,46.4121,120,0.75,2.0,1.0
010_RC201,10,RC,2,5,OPTIMAL,60.7988,2,1,1,0,1,0.5,49.5475,0.0,11.2512,120,0.75,2.0,1.0
010_RC201,10,RC,2,6,OPTIMAL,59.9667,2,1,1,0,1,0.5,59.8165,0.0,0.1502,120,0.75,2.0,1.0
010_RC201,10,RC,2,7,OPTIMAL,105.8154,2,2,2,0,0,1.0,105.8154,0.0,0.0,120,0.75,2.0,1.0
010_RC201,10,RC,2,8,OPTIMAL,102.3351,2,2,2,0,0,1.0,102.3351,0.0,0.0,120,0.75,2.0,1.0
010_RC201,10,RC,2,9,OPTIMAL,103.5883,2,2,2,0,0,1.0,103.5883,0.0,0.0,120,0.75,2.0,1.0
010_RC201,10,RC,3,0,OPTIMAL,79.2837,3,1,1,0,2,0.3333,67.1612,0.0,12.1225,120,0.75,2.0,1.0
010_RC201,10,RC,3,1,OPTIMAL,98.2581,3,2,2,0,1,0.6667,96.8396,0.0,1.4185,120,0.75,2.0,1.0
010_RC201,10,RC,3,2,OPTIMAL,179.4805,3,3,3,0,0,1.0,179.4805,0.0,0.0,120,0.75,2.0,1.0
010_RC201,10,RC,3,3,OPTIMAL,115.823,3,1,1,0,2,0.3333,61.4049,0.0,54.4181,120,0.75,2.0,1.0
010_RC201,10,RC,3,4,OPTIMAL,83.0125,3,1,1,0,2,0.3333,71.2068,0.0,11.8057,120,0.75,2.0,1.0
010_RC201,10,RC,3,5,OPTIMAL,158.0318,3,3,3,0,0,1.0,158.0318,0.0,0.0,120,0.75,2.0,1.0
010_RC201,10,RC,3,6,OPTIMAL,111.9836,3,2,2,0,1,0.6667,111.3577,0.0,0.6259,120,0.75,2.0,1.0
010_RC201,10,RC,3,7,OPTIMAL,110.3186,3,2,2,0,1,0.6667,106.8387,0.0,3.4799,120,0.75,2.0,1.0
010_RC201,10,RC,3,8,OPTIMAL,54.7793,3,1,0,1,2,0.3333,47.331,0.0,7.4483,120,0.75,2.0,1.0
010_RC201,10,RC,3,9,OPTIMAL,64.979,3,1,1,0,2,0.3333,47.4836,0.0,17.4954,120,0.75,2.0,1.0
010_RC202,10,RC,1,0,OPTIMAL,53.3031,1,1,0,1,0,1.0,53.3031,0.0,0.0,120,0.75,2.0,1.0
010_RC202,10,RC,1,1,OPTIMAL,47.1479,1,1,0,1,0,1.0,47.1479,0.0,0.0,120,0.75,2.0,1.0
010_RC202,10,RC,1,2,OPTIMAL,55.9137,1,1,1,0,0,1.0,55.9137,0.0,0.0,120,0.75,2.0,1.0
010_RC202,10,RC,1,3,OPTIMAL,40.0087,1,0,0,0,1,0.0,0.0,0.0,40.0087,120,0.75,2.0,1.0
010_RC202,10,RC,1,4,OPTIMAL,44.6771,1,1,1,0,0,1.0,44.6771,0.0,0.0,120,0.75,2.0,1.0
010_RC202,10,RC,1,5,OPTIMAL,48.0808,1,1,1,0,0,1.0,48.0808,0.0,0.0,120,0.75,2.0,1.0
010_RC202,10,RC,1,6,OPTIMAL,0.2627,1,0,0,0,1,0.0,0.0,0.0,0.2627,120,0.75,2.0,1.0
010_RC202,10,RC,1,7,OPTIMAL,62.743,1,1,0,1,0,1.0,62.743,0.0,0.0,120,0.75,2.0,1.0
010_RC202,10,RC,1,8,OPTIMAL,64.8339,1,1,1,0,0,1.0,64.8339,0.0,0.0,120,0.75,2.0,1.0
010_RC202,10,RC,1,9,OPTIMAL,48.0227,1,1,1,0,0,1.0,48.0227,0.0,0.0,120,0.75,2.0,1.0
010_RC202,10,RC,2,0,OPTIMAL,111.0575,2,2,2,0,0,1.0,111.0575,0.0,0.0,120,0.75,2.0,1.0
010_RC202,10,RC,2,1,OPTIMAL,49.2157,2,1,1,0,1,0.5,48.5497,0.0,0.666,120,0.75,2.0,1.0
010_RC202,10,RC,2,2,OPTIMAL,120.2933,2,2,2,0,0,1.0,120.2933,0.0,0.0,120,0.75,2.0,1.0
010_RC202,10,RC,2,3,OPTIMAL,113.3557,2,2,2,0,0,1.0,113.3557,0.0,0.0,120,0.75,2.0,1.0
010_RC202,10,RC,2,4,OPTIMAL,96.0821,2,1,1,0,1,0.5,60.2144,0.0,35.8676,120,0.75,2.0,1.0
010_RC202,10,RC,2,5,OPTIMAL,60.7988,2,1,1,0,1,0.5,49.5475,0.0,11.2512,120,0.75,2.0,1.0
010_RC202,10,RC,2,6,OPTIMAL,59.9667,2,1,1,0,1,0.5,59.8165,0.0,0.1502,120,0.75,2.0,1.0
010_RC202,10,RC,2,7,OPTIMAL,105.8154,2,2,1,1,0,1.0,105.8154,0.0,0.0,120,0.75,2.0,1.0
010_RC202,10,RC,2,8,OPTIMAL,102.3351,2,2,2,0,0,1.0,102.3351,0.0,0.0,120,0.75,2.0,1.0
010_RC202,10,RC,2,9,OPTIMAL,103.5883,2,2,2,0,0,1.0,103.5883,0.0,0.0,120,0.75,2.0,1.0
010_RC202,10,RC,3,0,OPTIMAL,79.2837,3,1,1,0,2,0.3333,67.1612,0.0,12.1225,120,0.75,2.0,1.0
010_RC202,10,RC,3,1,OPTIMAL,152.0726,3,3,3,0,0,1.0,152.0726,0.0,0.0,120,0.75,2.0,1.0
010_RC202,10,RC,3,2,OPTIMAL,179.4805,3,3,3,0,0,1.0,179.4805,0.0,0.0,120,0.75,2.0,1.0
010_RC202,10,RC,3,3,OPTIMAL,115.823,3,1,1,0,2,0.3333,61.4049,0.0,54.4181,120,0.75,2.0,1.0
010_RC202,10,RC,3,4,OPTIMAL,103.0955,3,1,1,0,2,0.3333,71.2068,0.0,31.8887,120,0.75,2.0,1.0
010_RC202,10,RC,3,5,OPTIMAL,158.0318,3,3,2,1,0,1.0,158.0318,0.0,0.0,120,0.75,2.0,1.0
010_RC202,10,RC,3,6,OPTIMAL,164.4128,3,3,2,1,0,1.0,164.4128,0.0,0.0,120,0.75,2.0,1.0
010_RC202,10,RC,3,7,OPTIMAL,137.3261,3,2,2,0,1,0.6667,106.8387,0.0,30.4874,120,0.75,2.0,1.0
010_RC202,10,RC,3,8,OPTIMAL,100.9189,3,2,1,1,1,0.6667,98.6485,0.0,2.2704,120,0.75,2.0,1.0
010_RC202,10,RC,3,9,OPTIMAL,100.9766,3,2,2,0,1,0.6667,100.474,0.0,0.5026,120,0.75,2.0,1.0
010_RC203,10,RC,1,0,OPTIMAL,53.3031,1,1,0,1,0,1.0,53.3031,0.0,0.0,120,0.75,2.0,1.0
010_RC203,10,RC,1,1,OPTIMAL,47.1479,1,1,0,1,0,1.0,47.1479,0.0,0.0,120,0.75,2.0,1.0
010_RC203,10,RC,1,2,OPTIMAL,55.9137,1,1,1,0,0,1.0,55.9137,0.0,0.0,120,0.75,2.0,1.0
010_RC203,10,RC,1,3,OPTIMAL,53.6652,1,1,0,1,0,1.0,53.6652,0.0,0.0,120,0.75,2.0,1.0
010_RC203,10,RC,1,4,OPTIMAL,44.6771,1,1,1,0,0,1.0,44.6771,0.0,0.0,120,0.75,2.0,1.0
010_RC203,10,RC,1,5,OPTIMAL,48.0808,1,1,1,0,0,1.0,48.0808,0.0,0.0,120,0.75,2.0,1.0
010_RC203,10,RC,1,6,OPTIMAL,65.8515,1,1,1,0,0,1.0,65.8515,0.0,0.0,120,0.75,2.0,1.0
010_RC203,10,RC,1,7,OPTIMAL,62.743,1,1,0,1,0,1.0,62.743,0.0,0.0,120,0.75,2.0,1.0
010_RC203,10,RC,1,8,OPTIMAL,64.8339,1,1,1,0,0,1.0,64.8339,0.0,0.0,120,0.75,2.0,1.0
010_RC203,10,RC,1,9,OPTIMAL,48.0227,1,1,1,0,0,1.0,48.0227,0.0,0.0,120,0.75,2.0,1.0
010_RC203,10,RC,2,0,OPTIMAL,111.0575,2,2,2,0,0,1.0,111.0575,0.0,0.0,120,0.75,2.0,1.0
010_RC203,10,RC,2,1,OPTIMAL,99.7813,2,1,1,0,1,0.5,48.5497,0.0,51.2316,120,0.75,2.0,1.0
010_RC203,10,RC,2,2,OPTIMAL,120.2933,2,2,2,0,0,1.0,120.2933,0.0,0.0,120,0.75,2.0,1.0
010_RC203,10,RC,2,3,OPTIMAL,113.3557,2,2,2,0,0,1.0,113.3557,0.0,0.0,120,0.75,2.0,1.0
010_RC203,10,RC,2,4,OPTIMAL,110.006,2,2,1,1,0,1.0,110.006,0.0,0.0,120,0.75,2.0,1.0
010_RC203,10,RC,2,5,OPTIMAL,102.1448,2,2,1,1,0,1.0,102.1448,0.0,0.0,120,0.75,2.0,1.0
010_RC203,10,RC,2,6,OPTIMAL,114.5624,2,2,2,0,0,1.0,114.5624,0.0,0.0,120,0.75,2.0,1.0
010_RC203,10,RC,2,7,OPTIMAL,105.8154,2,2,1,1,0,1.0,105.8154,0.0,0.0,120,0.75,2.0,1.0
010_RC203,10,RC,2,8,OPTIMAL,102.3351,2,2,2,0,0,1.0,102.3351,0.0,0.0,120,0.75,2.0,1.0
010_RC203,10,RC,2,9,OPTIMAL,103.5883,2,2,2,0,0,1.0,103.5883,0.0,0.0,120,0.75,2.0,1.0
010_RC203,10,RC,3,0,OPTIMAL,103.2384,3,2,1,1,1,0.6667,103.155,0.0,0.0834,120,0.75,2.0,1.0
010_RC203,10,RC,3,1,OPTIMAL,152.0726,3,3,3,0,0,1.0,152.0726,0.0,0.0,120,0.75,2.0,1.0
010_RC203,10,RC,3,2,OPTIMAL,123.4294,3,2,2,0,1,0.6667,107.9283,0.0,15.5011,120,0.75,2.0,1.0
010_RC203,10,RC,3,3,OPTIMAL,173.7159,3,2,2,0,1,0.6667,119.301,0.0,54.4149,120,0.75,2.0,1.0
010_RC203,10,RC,3,4,OPTIMAL,120.2493,3,2,2,0,1,0.6667,118.9355,0.0,1.3137,120,0.75,2.0,1.0
010_RC203,10,RC,3,5,OPTIMAL,158.0318,3,3,2,1,0,1.0,158.0318,0.0,0.0,120,0.75,2.0,1.0
010_RC203,10,RC,3,6,OPTIMAL,164.4128,3,3,3,0,0,1.0,164.4128,0.0,0.0,120,0.75,2.0,1.0
010_RC203,10,RC,3,7,OPTIMAL,150.0457,3,3,3,0,0,1.0,150.0457,0.0,0.0,120,0.75,2.0,1.0
010_RC203,10,RC,3,8,OPTIMAL,152.761,3,2,1,1,1,0.6667,98.6485,0.0,54.1126,120,0.75,2.0,1.0
010_RC203,10,RC,3,9,OPTIMAL,152.7261,3,3,3,0,0,1.0,152.7261,0.0,0.0,120,0.75,2.0,1.0
010_RC204,10,RC,1,0,OPTIMAL,53.3031,1,1,1,0,0,1.0,53.3031,0.0,0.0,120,0.75,2.0,1.0
010_RC204,10,RC,1,1,OPTIMAL,47.1479,1,1,1,0,0,1.0,47.1479,0.0,0.0,120,0.75,2.0,1.0
010_RC204,10,RC,1,2,OPTIMAL,55.9137,1,1,1,0,0,1.0,55.9137,0.0,0.0,120,0.75,2.0,1.0
010_RC204,10,RC,1,3,OPTIMAL,53.6652,1,1,0,1,0,1.0,53.6652,0.0,0.0,120,0.75,2.0,1.0
010_RC204,10,RC,1,4,OPTIMAL,44.6771,1,1,1,0,0,1.0,44.6771,0.0,0.0,120,0.75,2.0,1.0
010_RC204,10,RC,1,5,OPTIMAL,48.0808,1,1,1,0,0,1.0,48.0808,0.0,0.0,120,0.75,2.0,1.0
010_RC204,10,RC,1,6,OPTIMAL,65.8515,1,1,1,0,0,1.0,65.8515,0.0,0.0,120,0.75,2.0,1.0
010_RC204,10,RC,1,7,OPTIMAL,62.743,1,1,1,0,0,1.0,62.743,0.0,0.0,120,0.75,2.0,1.0
010_RC204,10,RC,1,8,OPTIMAL,64.8339,1,1,1,0,0,1.0,64.8339,0.0,0.0,120,0.75,2.0,1.0
010_RC204,10,RC,1,9,OPTIMAL,48.0227,1,1,1,0,0,1.0,48.0227,0.0,0.0,120,0.75,2.0,1.0
010_RC204,10,RC,2,0,OPTIMAL,111.0575,2,2,2,0,0,1.0,111.0575,0.0,0.0,120,0.75,2.0,1.0
010_RC204,10,RC,2,1,OPTIMAL,99.7813,2,1,1,0,1,0.5,48.5497,0.0,51.2316,120,0.75,2.0,1.0
010_RC204,10,RC,2,2,OPTIMAL,120.2933,2,2,2,0,0,1.0,120.2933,0.0,0.0,120,0.75,2.0,1.0
010_RC204,10,RC,2,3,OPTIMAL,113.3557,2,2,2,0,0,1.0,113.3557,0.0,0.0,120,0.75,2.0,1.0
010_RC204,10,RC,2,4,OPTIMAL,110.006,2,2,1,1,0,1.0,110.006,0.0,0.0,120,0.75,2.0,1.0
010_RC204,10,RC,2,5,OPTIMAL,102.1448,2,2,1,1,0,1.0,102.1448,0.0,0.0,120,0.75,2.0,1.0
010_RC204,10,RC,2,6,OPTIMAL,114.5624,2,2,2,0,0,1.0,114.5624,0.0,0.0,120,0.75,2.0,1.0
010_RC204,10,RC,2,7,OPTIMAL,66.6764,2,1,1,0,1,0.5,57.7235,0.0,8.953,120,0.75,2.0,1.0
010_RC204,10,RC,2,8,OPTIMAL,102.3351,2,2,2,0,0,1.0,102.3351,0.0,0.0,120,0.75,2.0,1.0
010_RC204,10,RC,2,9,OPTIMAL,103.5883,2,2,2,0,0,1.0,103.5883,0.0,0.0,120,0.75,2.0,1.0
010_RC204,10,RC,3,0,OPTIMAL,103.2384,3,2,1,1,1,0.6667,103.155,0.0,0.0834,120,0.75,2.0,1.0
010_RC204,10,RC,3,1,OPTIMAL,152.0726,3,3,3,0,0,1.0,152.0726,0.0,0.0,120,0.75,2.0,1.0
010_RC204,10,RC,3,2,OPTIMAL,123.4294,3,2,2,0,1,0.6667,107.9283,0.0,15.5011,120,0.75,2.0,1.0
010_RC204,10,RC,3,3,OPTIMAL,173.7159,3,2,2,0,1,0.6667,119.301,0.0,54.4149,120,0.75,2.0,1.0
010_RC204,10,RC,3,4,OPTIMAL,120.2493,3,2,2,0,1,0.6667,118.9355,0.0,1.3137,120,0.75,2.0,1.0
010_RC204,10,RC,3,5,OPTIMAL,120.1018,3,2,2,0,1,0.6667,111.7967,0.0,8.3051,120,0.75,2.0,1.0
010_RC204,10,RC,3,6,OPTIMAL,109.6503,3,2,2,0,1,0.6667,106.4448,0.0,3.2055,120,0.75,2.0,1.0
010_RC204,10,RC,3,7,OPTIMAL,150.0457,3,3,3,0,0,1.0,150.0457,0.0,0.0,120,0.75,2.0,1.0
010_RC204,10,RC,3,8,OPTIMAL,152.761,3,2,2,0,1,0.6667,98.6485,0.0,54.1126,120,0.75,2.0,1.0
010_RC204,10,RC,3,9,OPTIMAL,152.7261,3,3,3,0,0,1.0,152.7261,0.0,0.0,120,0.75,2.0,1.0
010_RC205,10,RC,1,0,OPTIMAL,8.5799,1,0,0,0,1,0.0,0.0,0.0,8.5799,120,0.75,2.0,1.0
010_RC205,10,RC,1,1,OPTIMAL,6.6403,1,0,0,0,1,0.0,0.0,0.0,6.6403,120,0.75,2.0,1.0
010_RC205,10,RC,1,2,OPTIMAL,55.9137,1,1,1,0,0,1.0,55.9137,0.0,0.0,120,0.75,2.0,1.0
010_RC205,10,RC,1,3,OPTIMAL,40.0087,1,0,0,0,1,0.0,0.0,0.0,40.0087,120,0.75,2.0,1.0
010_RC205,10,RC,1,4,OPTIMAL,0.7143,1,0,0,0,1,0.0,0.0,0.0,0.7143,120,0.75,2.0,1.0
010_RC205,10,RC,1,5,OPTIMAL,48.0808,1,1,1,0,0,1.0,48.0808,0.0,0.0,120,0.75,2.0,1.0
010_RC205,10,RC,1,6,OPTIMAL,0.2627,1,0,0,0,1,0.0,0.0,0.0,0.2627,120,0.75,2.0,1.0
010_RC205,10,RC,1,7,OPTIMAL,56.2337,1,0,0,0,1,0.0,0.0,0.0,56.2337,120,0.75,2.0,1.0
010_RC205,10,RC,1,8,OPTIMAL,64.8339,1,1,1,0,0,1.0,64.8339,0.0,0.0,120,0.75,2.0,1.0
010_RC205,10,RC,1,9,OPTIMAL,48.0227,1,1,1,0,0,1.0,48.0227,0.0,0.0,120,0.75,2.0,1.0
010_RC205,10,RC,2,0,OPTIMAL,111.0575,2,2,1,1,0,1.0,111.0575,0.0,0.0,120,0.75,2.0,1.0
010_RC205,10,RC,2,1,OPTIMAL,49.2157,2,1,1,0,1,0.5,48.5497,0.0,0.666,120,0.75,2.0,1.0
010_RC205,10,RC,2,2,OPTIMAL,120.2933,2,2,2,0,0,1.0,120.2933,0.0,0.0,120,0.75,2.0,1.0
010_RC205,10,RC,2,3,OPTIMAL,113.3557,2,2,2,0,0,1.0,113.3557,0.0,0.0,120,0.75,2.0,1.0
010_RC205,10,RC,2,4,OPTIMAL,110.006,2,2,2,0,0,1.0,110.006,0.0,0.0,120,0.75,2.0,1.0
010_RC205,10,RC,2,5,OPTIMAL,102.1448,2,2,2,0,0,1.0,102.1448,0.0,0.0,120,0.75,2.0,1.0
010_RC205,10,RC,2,6,OPTIMAL,59.9667,2,1,0,1,1,0.5,59.8165,0.0,0.1502,120,0.75,2.0,1.0
010_RC205,10,RC,2,7,OPTIMAL,66.8071,2,1,1,0,1,0.5,57.7235,0.0,9.0836,120,0.75,2.0,1.0
010_RC205,10,RC,2,8,OPTIMAL,102.3351,2,2,2,0,0,1.0,102.3351,0.0,0.0,120,0.75,2.0,1.0
010_RC205,10,RC,2,9,OPTIMAL,103.5883,2,2,2,0,0,1.0,103.5883,0.0,0.0,120,0.75,2.0,1.0
010_RC205,10,RC,3,0,OPTIMAL,162.4915,3,2,2,0,1,0.6667,115.6727,0.0,46.8188,120,0.75,2.0,1.0
010_RC205,10,RC,3,1,OPTIMAL,152.0726,3,3,1,2,0,1.0,152.0726,0.0,0.0,120,0.75,2.0,1.0
010_RC205,10,RC,3,2,OPTIMAL,178.2499,3,2,2,0,1,0.6667,107.9283,0.0,70.3216,120,0.75,2.0,1.0
010_RC205,10,RC,3,3,OPTIMAL,120.0223,3,2,2,0,1,0.6667,120.0192,0.0,0.0032,120,0.75,2.0,1.0
010_RC205,10,RC,3,4,OPTIMAL,77.4896,3,1,1,0,2,0.3333,71.2068,0.0,6.2829,120,0.75,2.0,1.0
010_RC205,10,RC,3,5,OPTIMAL,120.5266,3,2,2,0,1,0.6667,111.7967,0.0,8.7299,120,0.75,2.0,1.0
010_RC205,10,RC,3,6,OPTIMAL,115.2854,3,2,1,1,1,0.6667,111.0231,0.0,4.2623,120,0.75,2.0,1.0
010_RC205,10,RC,3,7,OPTIMAL,107.1048,3,2,2,0,1,0.6667,106.8387,0.0,0.2661,120,0.75,2.0,1.0
010_RC205,10,RC,3,8,OPTIMAL,100.9189,3,2,2,0,1,0.6667,98.6485,0.0,2.2704,120,0.75,2.0,1.0
010_RC205,10,RC,3,9,OPTIMAL,152.7261,3,3,3,0,0,1.0,152.7261,0.0,0.0,120,0.75,2.0,1.0
010_RC206,10,RC,1,0,OPTIMAL,53.3031,1,1,1,0,0,1.0,53.3031,0.0,0.0,120,0.75,2.0,1.0
010_RC206,10,RC,1,1,OPTIMAL,47.1479,1,1,1,0,0,1.0,47.1479,0.0,0.0,120,0.75,2.0,1.0
010_RC206,10,RC,1,2,OPTIMAL,55.9137,1,1,0,1,0,1.0,55.9137,0.0,0.0,120,0.75,2.0,1.0
010_RC206,10,RC,1,3,OPTIMAL,53.6652,1,1,1,0,0,1.0,53.6652,0.0,0.0,120,0.75,2.0,1.0
010_RC206,10,RC,1,4,OPTIMAL,44.6771,1,1,1,0,0,1.0,44.6771,0.0,0.0,120,0.75,2.0,1.0
010_RC206,10,RC,1,5,OPTIMAL,48.0808,1,1,1,0,0,1.0,48.0808,0.0,0.0,120,0.75,2.0,1.0
010_RC206,10,RC,1,6,OPTIMAL,65.8515,1,1,0,1,0,1.0,65.8515,0.0,0.0,120,0.75,2.0,1.0
010_RC206,10,RC,1,7,OPTIMAL,62.743,1,1,1,0,0,1.0,62.743,0.0,0.0,120,0.75,2.0,1.0
010_RC206,10,RC,1,8,OPTIMAL,64.8339,1,1,1,0,0,1.0,64.8339,0.0,0.0,120,0.75,2.0,1.0
010_RC206,10,RC,1,9,OPTIMAL,48.0227,1,1,1,0,0,1.0,48.0227,0.0,0.0,120,0.75,2.0,1.0
010_RC206,10,RC,2,0,OPTIMAL,111.0575,2,2,0,2,0,1.0,111.0575,0.0,0.0,120,0.75,2.0,1.0
010_RC206,10,RC,2,1,OPTIMAL,49.2157,2,1,1,0,1,0.5,48.5497,0.0,0.666,120,0.75,2.0,1.0
010_RC206,10,RC,2,2,OPTIMAL,120.2933,2,2,2,0,0,1.0,120.2933,0.0,0.0,120,0.75,2.0,1.0
010_RC206,10,RC,2,3,OPTIMAL,113.3557,2,2,2,0,0,1.0,113.3557,0.0,0.0,120,0.75,2.0,1.0
010_RC206,10,RC,2,4,OPTIMAL,105.8747,2,1,1,0,1,0.5,49.7915,0.0,56.0832,120,0.75,2.0,1.0
010_RC206,10,RC,2,5,OPTIMAL,102.1448,2,2,2,0,0,1.0,102.1448,0.0,0.0,120,0.75,2.0,1.0
010_RC206,10,RC,2,6,OPTIMAL,107.2131,2,1,0,1,1,0.5,54.7459,0.0,52.4672,120,0.75,2.0,1.0
010_RC206,10,RC,2,7,OPTIMAL,105.8154,2,2,2,0,0,1.0,105.8154,0.0,0.0,120,0.75,2.0,1.0
010_RC206,10,RC,2,8,OPTIMAL,102.3351,2,2,2,0,0,1.0,102.3351,0.0,0.0,120,0.75,2.0,1.0
010_RC206,10,RC,2,9,OPTIMAL,56.6374,2,1,0,1,1,0.5,52.3141,0.0,4.3234,120,0.75,2.0,1.0
010_RC206,10,RC,3,0,OPTIMAL,115.6729,3,2,2,0,1,0.6667,115.6727,0.0,0.0002,120,0.75,2.0,1.0
010_RC206,10,RC,3,1,OPTIMAL,98.7958,3,1,0,1,2,0.3333,55.2329,0.0,43.5629,120,0.75,2.0,1.0
010_RC206,10,RC,3,2,OPTIMAL,136.145,3,2,2,0,1,0.6667,128.0667,0.0,8.0783,120,0.75,2.0,1.0
010_RC206,10,RC,3,3,OPTIMAL,177.9153,3,3,2,1,0,1.0,177.9153,0.0,0.0,120,0.75,2.0,1.0
010_RC206,10,RC,3,4,OPTIMAL,158.3532,3,2,2,0,1,0.6667,118.9355,0.0,39.4176,120,0.75,2.0,1.0
010_RC206,10,RC,3,5,OPTIMAL,158.0318,3,3,2,1,0,1.0,158.0318,0.0,0.0,120,0.75,2.0,1.0
010_RC206,10,RC,3,6,OPTIMAL,164.4128,3,3,2,1,0,1.0,164.4128,0.0,0.0,120,0.75,2.0,1.0
010_RC206,10,RC,3,7,OPTIMAL,101.2364,3,2,2,0,1,0.6667,99.9417,0.0,1.2948,120,0.75,2.0,1.0
010_RC206,10,RC,3,8,OPTIMAL,54.7793,3,1,1,0,2,0.3333,47.331,0.0,7.4483,120,0.75,2.0,1.0
010_RC206,10,RC,3,9,OPTIMAL,152.7261,3,3,3,0,0,1.0,152.7261,0.0,0.0,120,0.75,2.0,1.0
010_RC207,10,RC,1,0,OPTIMAL,53.3031,1,1,0,1,0,1.0,53.3031,0.0,0.0,120,0.75,2.0,1.0
010_RC207,10,RC,1,1,OPTIMAL,47.1479,1,1,0,1,0,1.0,47.1479,0.0,0.0,120,0.75,2.0,1.0
010_RC207,10,RC,1,2,OPTIMAL,55.9137,1,1,1,0,0,1.0,55.9137,0.0,0.0,120,0.75,2.0,1.0
010_RC207,10,RC,1,3,OPTIMAL,53.6652,1,1,1,0,0,1.0,53.6652,0.0,0.0,120,0.75,2.0,1.0
010_RC207,10,RC,1,4,OPTIMAL,38.3165,1,0,0,0,1,0.0,0.0,0.0,38.3165,120,0.75,2.0,1.0
010_RC207,10,RC,1,5,OPTIMAL,48.0808,1,1,1,0,0,1.0,48.0808,0.0,0.0,120,0.75,2.0,1.0
010_RC207,10,RC,1,6,OPTIMAL,0.2627,1,0,0,0,1,0.0,0.0,0.0,0.2627,120,0.75,2.0,1.0
010_RC207,10,RC,1,7,OPTIMAL,62.743,1,1,0,1,0,1.0,62.743,0.0,0.0,120,0.75,2.0,1.0
010_RC207,10,RC,1,8,OPTIMAL,64.8339,1,1,1,0,0,1.0,64.8339,0.0,0.0,120,0.75,2.0,1.0
010_RC207,10,RC,1,9,OPTIMAL,48.0227,1,1,1,0,0,1.0,48.0227,0.0,0.0,120,0.75,2.0,1.0
010_RC207,10,RC,2,0,OPTIMAL,111.0575,2,2,0,2,0,1.0,111.0575,0.0,0.0,120,0.75,2.0,1.0
010_RC207,10,RC,2,1,OPTIMAL,49.2157,2,1,1,0,1,0.5,48.5497,0.0,0.666,120,0.75,2.0,1.0
010_RC207,10,RC,2,2,OPTIMAL,120.2933,2,2,2,0,0,1.0,120.2933,0.0,0.0,120,0.75,2.0,1.0
010_RC207,10,RC,2,3,OPTIMAL,113.3557,2,2,2,0,0,1.0,113.3557,0.0,0.0,120,0.75,2.0,1.0
010_RC207,10,RC,2,4,OPTIMAL,110.006,2,2,1,1,0,1.0,110.006,0.0,0.0,120,0.75,2.0,1.0
010_RC207,10,RC,2,5,OPTIMAL,93.9638,2,1,1,0,1,0.5,49.5475,0.0,44.4163,120,0.75,2.0,1.0
010_RC207,10,RC,2,6,OPTIMAL,59.9667,2,1,0,1,1,0.5,59.8165,0.0,0.1502,120,0.75,2.0,1.0
010_RC207,10,RC,2,7,OPTIMAL,99.3623,2,1,1,0,1,0.5,57.7235,0.0,41.6388,120,0.75,2.0,1.0
010_RC207,10,RC,2,8,OPTIMAL,102.3351,2,2,2,0,0,1.0,102.3351,0.0,0.0,120,0.75,2.0,1.0
010_RC207,10,RC,2,9,OPTIMAL,103.5883,2,2,2,0,0,1.0,103.5883,0.0,0.0,120,0.75,2.0,1.0
010_RC207,10,RC,3,0,OPTIMAL,110.737,3,1,1,0,2,0.3333,67.1612,0.0,43.5758,120,0.75,2.0,1.0
010_RC207,10,RC,3,1,OPTIMAL,132.703,3,1,0,1,2,0.3333,55.2329,0.0,77.4701,120,0.75,2.0,1.0
010_RC207,10,RC,3,2,OPTIMAL,163.8513,3,2,2,0,1,0.6667,128.0667,0.0,35.7847,120,0.75,2.0,1.0
010_RC207,10,RC,3,3,OPTIMAL,120.0223,3,2,2,0,1,0.6667,120.0192,0.0,0.0032,120,0.75,2.0,1.0
010_RC207,10,RC,3,4,OPTIMAL,78.1411,3,1,1,0,2,0.3333,71.2068,0.0,6.9343,120,0.75,2.0,1.0
010_RC207,10,RC,3,5,OPTIMAL,152.108,3,2,1,1,1,0.6667,111.7967,0.0,40.3113,120,0.75,2.0,1.0
010_RC207,10,RC,3,6,OPTIMAL,155.918,3,2,2,0,1,0.6667,111.3577,0.0,44.5603,120,0.75,2.0,1.0
010_RC207,10,RC,3,7,OPTIMAL,107.9254,3,2,2,0,1,0.6667,106.8387,0.0,1.0867,120,0.75,2.0,1.0
010_RC207,10,RC,3,8,OPTIMAL,54.7793,3,1,1,0,2,0.3333,47.331,0.0,7.4483,120,0.75,2.0,1.0
010_RC207,10,RC,3,9,OPTIMAL,100.9766,3,2,2,0,1,0.6667,100.474,0.0,0.5026,120,0.75,2.0,1.0
010_RC208,10,RC,1,0,OPTIMAL,53.3031,1,1,1,0,0,1.0,53.3031,0.0,0.0,120,0.75,2.0,1.0
010_RC208,10,RC,1,1,OPTIMAL,47.1479,1,1,1,0,0,1.0,47.1479,0.0,0.0,120,0.75,2.0,1.0
010_RC208,10,RC,1,2,OPTIMAL,55.9137,1,1,0,1,0,1.0,55.9137,0.0,0.0,120,0.75,2.0,1.0
010_RC208,10,RC,1,3,OPTIMAL,53.6652,1,1,0,1,0,1.0,53.6652,0.0,0.0,120,0.75,2.0,1.0
010_RC208,10,RC,1,4,OPTIMAL,44.6771,1,1,1,0,0,1.0,44.6771,0.0,0.0,120,0.75,2.0,1.0
010_RC208,10,RC,1,5,OPTIMAL,48.0808,1,1,1,0,0,1.0,48.0808,0.0,0.0,120,0.75,2.0,1.0
010_RC208,10,RC,1,6,OPTIMAL,65.8515,1,1,1,0,0,1.0,65.8515,0.0,0.0,120,0.75,2.0,1.0
010_RC208,10,RC,1,7,OPTIMAL,62.743,1,1,1,0,0,1.0,62.743,0.0,0.0,120,0.75,2.0,1.0
010_RC208,10,RC,1,8,OPTIMAL,64.8339,1,1,1,0,0,1.0,64.8339,0.0,0.0,120,0.75,2.0,1.0
010_RC208,10,RC,1,9,OPTIMAL,48.0227,1,1,1,0,0,1.0,48.0227,0.0,0.0,120,0.75,2.0,1.0
010_RC208,10,RC,2,0,OPTIMAL,111.0575,2,2,2,0,0,1.0,111.0575,0.0,0.0,120,0.75,2.0,1.0
010_RC208,10,RC,2,1,OPTIMAL,48.5551,2,1,1,0,1,0.5,48.5497,0.0,0.0054,120,0.75,2.0,1.0
010_RC208,10,RC,2,2,OPTIMAL,120.2933,2,2,2,0,0,1.0,120.2933,0.0,0.0,120,0.75,2.0,1.0
010_RC208,10,RC,2,3,OPTIMAL,113.3557,2,2,2,0,0,1.0,113.3557,0.0,0.0,120,0.75,2.0,1.0
010_RC208,10,RC,2,4,OPTIMAL,110.006,2,2,1,1,0,1.0,110.006,0.0,0.0,120,0.75,2.0,1.0
010_RC208,10,RC,2,5,OPTIMAL,102.1448,2,2,1,1,0,1.0,102.1448,0.0,0.0,120,0.75,2.0,1.0
010_RC208,10,RC,2,6,OPTIMAL,114.5624,2,2,2,0,0,1.0,114.5624,0.0,0.0,120,0.75,2.0,1.0
010_RC208,10,RC,2,7,OPTIMAL,66.8071,2,1,1,0,1,0.5,57.7235,0.0,9.0836,120,0.75,2.0,1.0
010_RC208,10,RC,2,8,OPTIMAL,102.3351,2,2,2,0,0,1.0,102.3351,0.0,0.0,120,0.75,2.0,1.0
010_RC208,10,RC,2,9,OPTIMAL,97.7457,2,1,0,1,1,0.5,52.3141,0.0,45.4316,120,0.75,2.0,1.0
010_RC208,10,RC,3,0,OPTIMAL,115.6729,3,2,1,1,1,0.6667,115.6727,0.0,0.0002,120,0.75,2.0,1.0
010_RC208,10,RC,3,1,OPTIMAL,142.4032,3,2,2,0,1,0.6667,105.5305,0.0,36.8727,120,0.75,2.0,1.0
010_RC208,10,RC,3,2,OPTIMAL,123.2398,3,2,1,1,1,0.6667,107.9283,0.0,15.3116,120,0.75,2.0,1.0
010_RC208,10,RC,3,3,OPTIMAL,177.9153,3,3,3,0,0,1.0,177.9153,0.0,0.0,120,0.75,2.0,1.0
010_RC208,10,RC,3,4,OPTIMAL,78.1411,3,1,1,0,2,0.3333,71.2068,0.0,6.9343,120,0.75,2.0,1.0
010_RC208,10,RC,3,5,OPTIMAL,120.5266,3,2,2,0,1,0.6667,111.7967,0.0,8.7299,120,0.75,2.0,1.0
010_RC208,10,RC,3,6,OPTIMAL,107.1325,3,2,1,1,1,0.6667,106.4448,0.0,0.6877,120,0.75,2.0,1.0
010_RC208,10,RC,3,7,OPTIMAL,124.5384,3,1,1,0,2,0.3333,56.7346,0.0,67.8038,120,0.75,2.0,1.0
010_RC208,10,RC,3,8,OPTIMAL,98.6661,3,2,2,0,1,0.6667,98.6485,0.0,0.0176,120,0.75,2.0,1.0
010_RC208,10,RC,3,9,OPTIMAL,152.7261,3,3,2,1,0,1.0,152.7261,0.0,0.0,120,0.75,2.0,1.0
015_C101,15,C,1,0,OPTIMAL,7.4157,1,0,0,0,1,0.0,0.0,0.0,7.4157,120,0.75,2.0,1.0
015_C101,15,C,1,1,OPTIMAL,26.713,1,1,1,0,0,1.0,26.713,0.0,0.0,120,0.75,2.0,1.0
015_C101,15,C,1,2,OPTIMAL,10.6186,1,0,0,0,1,0.0,0.0,0.0,10.6186,120,0.75,2.0,1.0
015_C101,15,C,1,3,OPTIMAL,11.2423,1,0,0,0,1,0.0,0.0,0.0,11.2423,120,0.75,2.0,1.0
015_C101,15,C,1,4,OPTIMAL,57.819,1,1,1,0,0,1.0,57.819,0.0,0.0,120,0.75,2.0,1.0
015_C101,15,C,1,5,OPTIMAL,8.0968,1,0,0,0,1,0.0,0.0,0.0,8.0968,120,0.75,2.0,1.0
015_C101,15,C,1,6,OPTIMAL,26.2364,1,1,1,0,0,1.0,26.2364,0.0,0.0,120,0.75,2.0,1.0
015_C101,15,C,1,7,OPTIMAL,0.0041,1,0,0,0,1,0.0,0.0,0.0,0.0041,120,0.75,2.0,1.0
015_C101,15,C,1,8,OPTIMAL,3.9999,1,0,0,0,1,0.0,0.0,0.0,3.9999,120,0.75,2.0,1.0
015_C101,15,C,1,9,OPTIMAL,23.7656,1,1,1,0,0,1.0,23.7656,0.0,0.0,120,0.75,2.0,1.0
015_C101,15,C,2,0,OPTIMAL,52.5449,2,2,2,0,0,1.0,52.5449,0.0,0.0,120,0.75,2.0,1.0
015_C101,15,C,2,1,OPTIMAL,27.3652,2,1,1,0,1,0.5,26.4516,0.0,0.9136,120,0.75,2.0,1.0
015_C101,15,C,2,2,OPTIMAL,13.7388,2,0,0,0,2,0.0,0.0,0.0,13.7388,120,0.75,2.0,1.0
015_C101,15,C,2,3,OPTIMAL,92.5127,2,1,1,0,1,0.5,48.8613,0.0,43.6514,120,0.75,2.0,1.0
015_C101,15,C,2,4,OPTIMAL,10.7563,2,0,0,0,2,0.0,0.0,0.0,10.7563,120,0.75,2.0,1.0
015_C101,15,C,2,5,OPTIMAL,32.5411,2,1,1,0,1,0.5,29.6032,0.0,2.9379,120,0.75,2.0,1.0
015_C101,15,C,2,6,OPTIMAL,77.2574,2,2,2,0,0,1.0,77.2574,0.0,0.0,120,0.75,2.0,1.0
015_C101,15,C,2,7,OPTIMAL,15.6235,2,0,0,0,2,0.0,0.0,0.0,15.6235,120,0.75,2.0,1.0
015_C101,15,C,2,8,OPTIMAL,42.9393,2,2,2,0,0,1.0,42.9393,0.0,0.0,120,0.75,2.0,1.0
015_C101,15,C,2,9,OPTIMAL,7.522,2,0,0,0,2,0.0,0.0,0.0,7.522,120,0.75,2.0,1.0
015_C101,15,C,3,0,OPTIMAL,104.6172,3,1,1,0,2,0.3333,56.3237,0.0,48.2935,120,0.75,2.0,1.0
015_C101,15,C,3,1,OPTIMAL,25.9833,3,1,1,0,2,0.3333,24.1589,0.0,1.8245,120,0.75,2.0,1.0
015_C101,15,C,3,2,OPTIMAL,88.8424,3,2,2,0,1,0.6667,44.5678,0.0,44.2746,120,0.75,2.0,1.0
015_C101,15,C,3,3,OPTIMAL,81.463,3,1,1,0,2,0.3333,31.3734,0.0,50.0896,120,0.75,2.0,1.0
015_C101,15,C,3,4,OPTIMAL,53.399,3,2,2,0,1,0.6667,48.687,0.0,4.712,120,0.75,2.0,1.0
015_C101,15,C,3,5,OPTIMAL,40.8111,3,0,0,0,3,0.0,0.0,0.0,40.8111,120,0.75,2.0,1.0
015_C101,15,C,3,6,OPTIMAL,5.5247,3,0,0,0,3,0.0,0.0,0.0,5.5247,120,0.75,2.0,1.0
015_C101,15,C,3,7,OPTIMAL,62.3073,3,1,1,0,2,0.3333,27.2526,0.0,35.0547,120,0.75,2.0,1.0
015_C101,15,C,3,8,OPTIMAL,79.276,3,2,2,0,1,0.6667,78.8458,0.0,0.4301,120,0.75,2.0,1.0
015_C101,15,C,3,9,OPTIMAL,44.5362,3,0,0,0,3,0.0,0.0,0.0,44.5362,120,0.75,2.0,1.0
015_C102,15,C,1,0,OPTIMAL,7.4157,1,0,0,0,1,0.0,0.0,0.0,7.4157,120,0.75,2.0,1.0
015_C102,15,C,1,1,OPTIMAL,26.713,1,1,1,0,0,1.0,26.713,0.0,0.0,120,0.75,2.0,1.0
015_C102,15,C,1,2,OPTIMAL,18.1824,1,0,0,0,1,0.0,0.0,0.0,18.1824,120,0.75,2.0,1.0
015_C102,15,C,1,3,OPTIMAL,32.5075,1,1,1,0,0,1.0,32.5075,0.0,0.0,120,0.75,2.0,1.0
015_C102,15,C,1,4,OPTIMAL,57.819,1,1,1,0,0,1.0,57.819,0.0,0.0,120,0.75,2.0,1.0
015_C102,15,C,1,5,OPTIMAL,8.0968,1,0,0,0,1,0.0,0.0,0.0,8.0968,120,0.75,2.0,1.0
015_C102,15,C,1,6,OPTIMAL,26.2364,1,1,1,0,0,1.0,26.2364,0.0,0.0,120,0.75,2.0,1.0
015_C102,15,C,1,7,OPTIMAL,26.3078,1,1,0,1,0,1.0,26.3078,0.0,0.0,120,0.75,2.0,1.0
015_C102,15,C,1,8,OPTIMAL,7.9998,1,0,0,0,1,0.0,0.0,0.0,7.9998,120,0.75,2.0,1.0
015_C102,15,C,1,9,OPTIMAL,23.7656,1,1,1,0,0,1.0,23.7656,0.0,0.0,120,0.75,2.0,1.0
015_C102,15,C,2,0,OPTIMAL,52.5449,2,2,2,0,0,1.0,52.5449,0.0,0.0,120,0.75,2.0,1.0
015_C102,15,C,2,1,OPTIMAL,42.4079,2,2,1,1,0,1.0,42.4079,0.0,0.0,120,0.75,2.0,1.0
015_C102,15,C,2,2,OPTIMAL,13.7388,2,0,0,0,2,0.0,0.0,0.0,13.7388,120,0.75,2.0,1.0
015_C102,15,C,2,3,OPTIMAL,104.9007,2,2,2,0,0,1.0,104.9007,0.0,0.0,120,0.75,2.0,1.0
015_C102,15,C,2,4,OPTIMAL,31.6093,2,1,1,0,1,0.5,27.3225,0.0,4.2867,120,0.75,2.0,1.0
015_C102,15,C,2,5,OPTIMAL,32.5411,2,1,1,0,1,0.5,29.6032,0.0,2.9379,120,0.75,2.0,1.0
015_C102,15,C,2,6,OPTIMAL,77.2574,2,2,2,0,0,1.0,77.2574,0.0,0.0,120,0.75,2.0,1.0
015_C102,15,C,2,7,OPTIMAL,15.6235,2,0,0,0,2,0.0,0.0,0.0,15.6235,120,0.75,2.0,1.0
015_C102,15,C,2,8,OPTIMAL,42.9393,2,2,2,0,0,1.0,42.9393,0.0,0.0,120,0.75,2.0,1.0
015_C102,15,C,2,9,OPTIMAL,61.5524,2,2,1,1,0,1.0,61.5524,0.0,0.0,120,0.75,2.0,1.0
015_C102,15,C,3,0,OPTIMAL,104.6172,3,1,1,0,2,0.3333,56.3237,0.0,48.2935,120,0.75,2.0,1.0
015_C102,15,C,3,1,OPTIMAL,25.9833,3,1,1,0,2,0.3333,24.1589,0.0,1.8245,120,0.75,2.0,1.0
015_C102,15,C,3,2,OPTIMAL,88.8424,3,2,2,0,1,0.6667,44.5678,0.0,44.2746,120,0.75,2.0,1.0
015_C102,15,C,3,3,OPTIMAL,104.3783,3,3,3,0,0,1.0,104.3783,0.0,0.0,120,0.75,2.0,1.0
015_C102,15,C,3,4,OPTIMAL,74.7865,3,3,3,0,0,1.0,74.7865,0.0,0.0,120,0.75,2.0,1.0
015_C102,15,C,3,5,OPTIMAL,40.8111,3,0,0,0,3,0.0,0.0,0.0,40.8111,120,0.75,2.0,1.0
015_C102,15,C,3,6,OPTIMAL,34.8764,3,1,1,0,2,0.3333,25.8849,0.0,8.9914,120,0.75,2.0,1.0
015_C102,15,C,3,7,OPTIMAL,74.7987,3,2,2,0,1,0.6667,74.1867,0.0,0.612,120,0.75,2.0,1.0
015_C102,15,C,3,8,OPTIMAL,79.276,3,2,2,0,1,0.6667,78.8458,0.0,0.4301,120,0.75,2.0,1.0
015_C102,15,C,3,9,OPTIMAL,52.1,3,0,0,0,3,0.0,0.0,0.0,52.1,120,0.75,2.0,1.0
015_C103,15,C,1,0,OPTIMAL,55.6646,1,1,0,1,0,1.0,55.6646,0.0,0.0,120,0.75,2.0,1.0
015_C103,15,C,1,1,OPTIMAL,26.713,1,1,1,0,0,1.0,26.713,0.0,0.0,120,0.75,2.0,1.0
015_C103,15,C,1,2,OPTIMAL,25.9411,1,1,1,0,0,1.0,25.9411,0.0,0.0,120,0.75,2.0,1.0
015_C103,15,C,1,3,OPTIMAL,32.5075,1,1,1,0,0,1.0,32.5075,0.0,0.0,120,0.75,2.0,1.0
015_C103,15,C,1,4,OPTIMAL,57.819,1,1,1,0,0,1.0,57.819,0.0,0.0,120,0.75,2.0,1.0
015_C103,15,C,1,5,OPTIMAL,8.0968,1,0,0,0,1,0.0,0.0,0.0,8.0968,120,0.75,2.0,1.0
015_C103,15,C,1,6,OPTIMAL,26.2364,1,1,1,0,0,1.0,26.2364,0.0,0.0,120,0.75,2.0,1.0
015_C103,15,C,1,7,OPTIMAL,26.3078,1,1,0,1,0,1.0,26.3078,0.0,0.0,120,0.75,2.0,1.0
015_C103,15,C,1,8,OPTIMAL,26.3556,1,1,1,0,0,1.0,26.3556,0.0,0.0,120,0.75,2.0,1.0
015_C103,15,C,1,9,OPTIMAL,23.7656,1,1,1,0,0,1.0,23.7656,0.0,0.0,120,0.75,2.0,1.0
015_C103,15,C,2,0,OPTIMAL,52.5449,2,2,2,0,0,1.0,52.5449,0.0,0.0,120,0.75,2.0,1.0
015_C103,15,C,2,1,OPTIMAL,42.4079,2,2,1,1,0,1.0,42.4079,0.0,0.0,120,0.75,2.0,1.0
015_C103,15,C,2,2,OPTIMAL,13.7388,2,0,0,0,2,0.0,0.0,0.0,13.7388,120,0.75,2.0,1.0
015_C103,15,C,2,3,OPTIMAL,104.9007,2,2,2,0,0,1.0,104.9007,0.0,0.0,120,0.75,2.0,1.0
015_C103,15,C,2,4,OPTIMAL,44.9092,2,2,1,1,0,1.0,44.9092,0.0,0.0,120,0.75,2.0,1.0
015_C103,15,C,2,5,OPTIMAL,55.8892,2,2,1,1,0,1.0,55.8892,0.0,0.0,120,0.75,2.0,1.0
015_C103,15,C,2,6,OPTIMAL,77.2574,2,2,2,0,0,1.0,77.2574,0.0,0.0,120,0.75,2.0,1.0
015_C103,15,C,2,7,OPTIMAL,15.6235,2,0,0,0,2,0.0,0.0,0.0,15.6235,120,0.75,2.0,1.0
015_C103,15,C,2,8,OPTIMAL,42.9393,2,2,2,0,0,1.0,42.9393,0.0,0.0,120,0.75,2.0,1.0
015_C103,15,C,2,9,OPTIMAL,61.5524,2,2,1,1,0,1.0,61.5524,0.0,0.0,120,0.75,2.0,1.0
015_C103,15,C,3,0,OPTIMAL,125.6115,3,2,1,1,1,0.6667,85.9654,0.0,39.6461,120,0.75,2.0,1.0
015_C103,15,C,3,1,OPTIMAL,25.9833,3,1,1,0,2,0.3333,24.1589,0.0,1.8245,120,0.75,2.0,1.0
015_C103,15,C,3,2,OPTIMAL,88.8424,3,2,2,0,1,0.6667,44.5678,0.0,44.2746,120,0.75,2.0,1.0
015_C103,15,C,3,3,OPTIMAL,104.3783,3,3,3,0,0,1.0,104.3783,0.0,0.0,120,0.75,2.0,1.0
015_C103,15,C,3,4,OPTIMAL,74.7865,3,3,3,0,0,1.0,74.7865,0.0,0.0,120,0.75,2.0,1.0
015_C103,15,C,3,5,OPTIMAL,40.8111,3,0,0,0,3,0.0,0.0,0.0,40.8111,120,0.75,2.0,1.0
015_C103,15,C,3,6,OPTIMAL,52.7811,3,2,2,0,1,0.6667,51.893,0.0,0.8881,120,0.75,2.0,1.0
015_C103,15,C,3,7,OPTIMAL,74.7987,3,2,2,0,1,0.6667,74.1867,0.0,0.612,120,0.75,2.0,1.0
015_C103,15,C,3,8,OPTIMAL,79.276,3,2,2,0,1,0.6667,78.8458,0.0,0.4301,120,0.75,2.0,1.0
015_C103,15,C,3,9,OPTIMAL,90.9607,3,2,1,1,1,0.6667,59.9589,0.0,31.0018,120,0.75,2.0,1.0
015_C104,15,C,1,0,OPTIMAL,55.6646,1,1,0,1,0,1.0,55.6646,0.0,0.0,120,0.75,2.0,1.0
015_C104,15,C,1,1,OPTIMAL,26.713,1,1,1,0,0,1.0,26.713,0.0,0.0,120,0.75,2.0,1.0
015_C104,15,C,1,2,OPTIMAL,25.9411,1,1,1,0,0,1.0,25.9411,0.0,0.0,120,0.75,2.0,1.0
015_C104,15,C,1,3,OPTIMAL,32.5075,1,1,1,0,0,1.0,32.5075,0.0,0.0,120,0.75,2.0,1.0
015_C104,15,C,1,4,OPTIMAL,57.819,1,1,1,0,0,1.0,57.819,0.0,0.0,120,0.75,2.0,1.0
015_C104,15,C,1,5,OPTIMAL,29.7817,1,1,1,0,0,1.0,29.7817,0.0,0.0,120,0.75,2.0,1.0
015_C104,15,C,1,6,OPTIMAL,26.2364,1,1,1,0,0,1.0,26.2364,0.0,0.0,120,0.75,2.0,1.0
015_C104,15,C,1,7,OPTIMAL,26.3078,1,1,1,0,0,1.0,26.3078,0.0,0.0,120,0.75,2.0,1.0
015_C104,15,C,1,8,OPTIMAL,26.3556,1,1,1,0,0,1.0,26.3556,0.0,0.0,120,0.75,2.0,1.0
015_C104,15,C,1,9,OPTIMAL,23.7656,1,1,1,0,0,1.0,23.7656,0.0,0.0,120,0.75,2.0,1.0
015_C104,15,C,2,0,OPTIMAL,52.5449,2,2,2,0,0,1.0,52.5449,0.0,0.0,120,0.75,2.0,1.0
015_C104,15,C,2,1,OPTIMAL,42.4079,2,2,2,0,0,1.0,42.4079,0.0,0.0,120,0.75,2.0,1.0
015_C104,15,C,2,2,OPTIMAL,37.8551,2,1,0,1,1,0.5,35.1941,0.0,2.661,120,0.75,2.0,1.0
015_C104,15,C,2,3,OPTIMAL,104.9007,2,2,2,0,0,1.0,104.9007,0.0,0.0,120,0.75,2.0,1.0
015_C104,15,C,2,4,OPTIMAL,44.9092,2,2,1,1,0,1.0,44.9092,0.0,0.0,120,0.75,2.0,1.0
015_C104,15,C,2,5,OPTIMAL,55.8892,2,2,1,1,0,1.0,55.8892,0.0,0.0,120,0.75,2.0,1.0
015_C104,15,C,2,6,OPTIMAL,77.2574,2,2,2,0,0,1.0,77.2574,0.0,0.0,120,0.75,2.0,1.0
015_C104,15,C,2,7,OPTIMAL,45.4686,2,2,0,2,0,1.0,45.4686,0.0,0.0,120,0.75,2.0,1.0
015_C104,15,C,2,8,OPTIMAL,42.9393,2,2,2,0,0,1.0,42.9393,0.0,0.0,120,0.75,2.0,1.0
015_C104,15,C,2,9,OPTIMAL,61.5524,2,2,2,0,0,1.0,61.5524,0.0,0.0,120,0.75,2.0,1.0
015_C104,15,C,3,0,OPTIMAL,125.6115,3,2,1,1,1,0.6667,85.9654,0.0,39.6461,120,0.75,2.0,1.0
015_C104,15,C,3,1,OPTIMAL,74.9059,3,3,2,1,0,1.0,74.9059,0.0,0.0,120,0.75,2.0,1.0
015_C104,15,C,3,2,OPTIMAL,88.8424,3,2,2,0,1,0.6667,44.5678,0.0,44.2746,120,0.75,2.0,1.0
015_C104,15,C,3,3,OPTIMAL,104.3783,3,3,3,0,0,1.0,104.3783,0.0,0.0,120,0.75,2.0,1.0
015_C104,15,C,3,4,OPTIMAL,74.7865,3,3,3,0,0,1.0,74.7865,0.0,0.0,120,0.75,2.0,1.0
015_C104,15,C,3,5,OPTIMAL,63.8912,3,1,1,0,2,0.3333,23.0884,0.0,40.8028,120,0.75,2.0,1.0
015_C104,15,C,3,6,OPTIMAL,54.0191,3,2,2,0,1,0.6667,51.893,0.0,2.1261,120,0.75,2.0,1.0
015_C104,15,C,3,7,OPTIMAL,74.7987,3,2,2,0,1,0.6667,74.1867,0.0,0.612,120,0.75,2.0,1.0
015_C104,15,C,3,8,OPTIMAL,79.276,3,2,2,0,1,0.6667,78.8458,0.0,0.4301,120,0.75,2.0,1.0
015_C104,15,C,3,9,OPTIMAL,103.042,3,3,1,2,0,1.0,103.042,0.0,0.0,120,0.75,2.0,1.0
015_C105,15,C,1,0,OPTIMAL,7.4157,1,0,0,0,1,0.0,0.0,0.0,7.4157,120,0.75,2.0,1.0
015_C105,15,C,1,1,OPTIMAL,26.713,1,1,1,0,0,1.0,26.713,0.0,0.0,120,0.75,2.0,1.0
015_C105,15,C,1,2,OPTIMAL,5.6145,1,0,0,0,1,0.0,0.0,0.0,5.6145,120,0.75,2.0,1.0
015_C105,15,C,1,3,OPTIMAL,11.4362,1,0,0,0,1,0.0,0.0,0.0,11.4362,120,0.75,2.0,1.0
015_C105,15,C,1,4,OPTIMAL,12.2665,1,0,0,0,1,0.0,0.0,0.0,12.2665,120,0.75,2.0,1.0
015_C105,15,C,1,5,OPTIMAL,8.0968,1,0,0,0,1,0.0,0.0,0.0,8.0968,120,0.75,2.0,1.0
015_C105,15,C,1,6,OPTIMAL,26.2364,1,1,1,0,0,1.0,26.2364,0.0,0.0,120,0.75,2.0,1.0
015_C105,15,C,1,7,OPTIMAL,0.0041,1,0,0,0,1,0.0,0.0,0.0,0.0041,120,0.75,2.0,1.0
015_C105,15,C,1,8,OPTIMAL,0.3259,1,0,0,0,1,0.0,0.0,0.0,0.3259,120,0.75,2.0,1.0
015_C105,15,C,1,9,OPTIMAL,23.7656,1,1,1,0,0,1.0,23.7656,0.0,0.0,120,0.75,2.0,1.0
015_C105,15,C,2,0,OPTIMAL,52.5449,2,2,2,0,0,1.0,52.5449,0.0,0.0,120,0.75,2.0,1.0
015_C105,15,C,2,1,OPTIMAL,27.3652,2,1,1,0,1,0.5,26.4516,0.0,0.9136,120,0.75,2.0,1.0
015_C105,15,C,2,2,OPTIMAL,13.7388,2,0,0,0,2,0.0,0.0,0.0,13.7388,120,0.75,2.0,1.0
015_C105,15,C,2,3,OPTIMAL,101.101,2,1,1,0,1,0.5,56.0394,0.0,45.0616,120,0.75,2.0,1.0
015_C105,15,C,2,4,OPTIMAL,10.248,2,0,0,0,2,0.0,0.0,0.0,10.248,120,0.75,2.0,1.0
015_C105,15,C,2,5,OPTIMAL,55.8892,2,2,2,0,0,1.0,55.8892,0.0,0.0,120,0.75,2.0,1.0
015_C105,15,C,2,6,OPTIMAL,60.826,2,1,1,0,1,0.5,49.0533,0.0,11.7728,120,0.75,2.0,1.0
015_C105,15,C,2,7,OPTIMAL,15.6235,2,0,0,0,2,0.0,0.0,0.0,15.6235,120,0.75,2.0,1.0
015_C105,15,C,2,8,OPTIMAL,20.4802,2,1,1,0,1,0.5,16.9115,0.0,3.5688,120,0.75,2.0,1.0
015_C105,15,C,2,9,OPTIMAL,7.522,2,0,0,0,2,0.0,0.0,0.0,7.522,120,0.75,2.0,1.0
015_C105,15,C,3,0,OPTIMAL,119.6145,3,2,2,0,1,0.6667,110.9671,0.0,8.6474,120,0.75,2.0,1.0
015_C105,15,C,3,1,OPTIMAL,24.8678,3,1,1,0,2,0.3333,24.1589,0.0,0.7089,120,0.75,2.0,1.0
015_C105,15,C,3,2,OPTIMAL,88.8424,3,2,2,0,1,0.6667,44.5678,0.0,44.2746,120,0.75,2.0,1.0
015_C105,15,C,3,3,OPTIMAL,76.5243,3,1,1,0,2,0.3333,31.3734,0.0,45.1509,120,0.75,2.0,1.0
015_C105,15,C,3,4,OPTIMAL,53.399,3,2,2,0,1,0.6667,48.687,0.0,4.712,120,0.75,2.0,1.0
015_C105,15,C,3,5,OPTIMAL,67.7641,3,1,1,0,2,0.3333,28.9415,0.0,38.8226,120,0.75,2.0,1.0
015_C105,15,C,3,6,OPTIMAL,3.2559,3,0,0,0,3,0.0,0.0,0.0,3.2559,120,0.75,2.0,1.0
015_C105,15,C,3,7,OPTIMAL,74.378,3,2,2,0,1,0.6667,74.1867,0.0,0.1913,120,0.75,2.0,1.0
015_C105,15,C,3,8,OPTIMAL,100.7776,3,3,3,0,0,1.0,100.7776,0.0,0.0,120,0.75,2.0,1.0
015_C105,15,C,3,9,OPTIMAL,40.6377,3,0,0,0,3,0.0,0.0,0.0,40.6377,120,0.75,2.0,1.0
015_C106,15,C,1,0,OPTIMAL,7.4157,1,0,0,0,1,0.0,0.0,0.0,7.4157,120,0.75,2.0,1.0
015_C106,15,C,1,1,OPTIMAL,26.713,1,1,1,0,0,1.0,26.713,0.0,0.0,120,0.75,2.0,1.0
015_C106,15,C,1,2,OPTIMAL,5.6145,1,0,0,0,1,0.0,0.0,0.0,5.6145,120,0.75,2.0,1.0
015_C106,15,C,1,3,OPTIMAL,32.5075,1,1,1,0,0,1.0,32.5075,0.0,0.0,120,0.75,2.0,1.0
015_C106,15,C,1,4,OPTIMAL,57.819,1,1,1,0,0,1.0,57.819,0.0,0.0,120,0.75,2.0,1.0
015_C106,15,C,1,5,OPTIMAL,8.0968,1,0,0,0,1,0.0,0.0,0.0,8.0968,120,0.75,2.0,1.0
015_C106,15,C,1,6,OPTIMAL,26.2364,1,1,1,0,0,1.0,26.2364,0.0,0.0,120,0.75,2.0,1.0
015_C106,15,C,1,7,OPTIMAL,0.0041,1,0,0,0,1,0.0,0.0,0.0,0.0041,120,0.75,2.0,1.0
015_C106,15,C,1,8,OPTIMAL,0.3259,1,0,0,0,1,0.0,0.0,0.0,0.3259,120,0.75,2.0,1.0
015_C106,15,C,1,9,OPTIMAL,23.7656,1,1,1,0,0,1.0,23.7656,0.0,0.0,120,0.75,2.0,1.0
015_C106,15,C,2,0,OPTIMAL,52.5449,2,2,2,0,0,1.0,52.5449,0.0,0.0,120,0.75,2.0,1.0
015_C106,15,C,2,1,OPTIMAL,27.3652,2,1,1,0,1,0.5,26.4516,0.0,0.9136,120,0.75,2.0,1.0
015_C106,15,C,2,2,OPTIMAL,13.7388,2,0,0,0,2,0.0,0.0,0.0,13.7388,120,0.75,2.0,1.0
015_C106,15,C,2,3,OPTIMAL,92.5127,2,1,1,0,1,0.5,48.8613,0.0,43.6514,120,0.75,2.0,1.0
015_C106,15,C,2,4,OPTIMAL,10.7563,2,0,0,0,2,0.0,0.0,0.0,10.7563,120,0.75,2.0,1.0
015_C106,15,C,2,5,OPTIMAL,32.5411,2,1,1,0,1,0.5,29.6032,0.0,2.9379,120,0.75,2.0,1.0
015_C106,15,C,2,6,OPTIMAL,51.6266,2,1,1,0,1,0.5,49.0533,0.0,2.5733,120,0.75,2.0,1.0
015_C106,15,C,2,7,OPTIMAL,15.6235,2,0,0,0,2,0.0,0.0,0.0,15.6235,120,0.75,2.0,1.0
015_C106,15,C,2,8,OPTIMAL,42.9393,2,2,2,0,0,1.0,42.9393,0.0,0.0,120,0.75,2.0,1.0
015_C106,15,C,2,9,OPTIMAL,31.161,2,1,0,1,1,0.5,30.5264,0.0,0.6346,120,0.75,2.0,1.0
015_C106,15,C,3,0,OPTIMAL,119.6145,3,2,2,0,1,0.6667,110.9671,0.0,8.6474,120,0.75,2.0,1.0
015_C106,15,C,3,1,OPTIMAL,24.8678,3,1,1,0,2,0.3333,24.1589,0.0,0.7089,120,0.75,2.0,1.0
015_C106,15,C,3,2,OPTIMAL,88.8424,3,2,2,0,1,0.6667,44.5678,0.0,44.2746,120,0.75,2.0,1.0
015_C106,15,C,3,3,OPTIMAL,81.463,3,1,1,0,2,0.3333,31.3734,0.0,50.0896,120,0.75,2.0,1.0
015_C106,15,C,3,4,OPTIMAL,73.7222,3,2,2,0,1,0.6667,48.687,0.0,25.0352,120,0.75,2.0,1.0
015_C106,15,C,3,5,OPTIMAL,67.7641,3,1,1,0,2,0.3333,28.9415,0.0,38.8226,120,0.75,2.0,1.0
015_C106,15,C,3,6,OPTIMAL,25.9821,3,1,0,1,2,0.3333,25.8849,0.0,0.0971,120,0.75,2.0,1.0
015_C106,15,C,3,7,OPTIMAL,62.3073,3,1,1,0,2,0.3333,27.2526,0.0,35.0547,120,0.75,2.0,1.0
015_C106,15,C,3,8,OPTIMAL,79.276,3,2,2,0,1,0.6667,78.8458,0.0,0.4301,120,0.75,2.0,1.0
015_C106,15,C,3,9,OPTIMAL,40.6377,3,0,0,0,3,0.0,0.0,0.0,40.6377,120,0.75,2.0,1.0
015_C107,15,C,1,0,OPTIMAL,55.6646,1,1,1,0,0,1.0,55.6646,0.0,0.0,120,0.75,2.0,1.0
015_C107,15,C,1,1,OPTIMAL,26.713,1,1,1,0,0,1.0,26.713,0.0,0.0,120,0.75,2.0,1.0
015_C107,15,C,1,2,OPTIMAL,5.6145,1,0,0,0,1,0.0,0.0,0.0,5.6145,120,0.75,2.0,1.0
015_C107,15,C,1,3,OPTIMAL,11.4362,1,0,0,0,1,0.0,0.0,0.0,11.4362,120,0.75,2.0,1.0
015_C107,15,C,1,4,OPTIMAL,12.2665,1,0,0,0,1,0.0,0.0,0.0,12.2665,120,0.75,2.0,1.0
015_C107,15,C,1,5,OPTIMAL,8.0968,1,0,0,0,1,0.0,0.0,0.0,8.0968,120,0.75,2.0,1.0
015_C107,15,C,1,6,OPTIMAL,5.1069,1,0,0,0,1,0.0,0.0,0.0,5.1069,120,0.75,2.0,1.0
015_C107,15,C,1,7,OPTIMAL,0.0041,1,0,0,0,1,0.0,0.0,0.0,0.0041,120,0.75,2.0,1.0
015_C107,15,C,1,8,OPTIMAL,0.3259,1,0,0,0,1,0.0,0.0,0.0,0.3259,120,0.75,2.0,1.0
015_C107,15,C,1,9,OPTIMAL,23.7656,1,1,1,0,0,1.0,23.7656,0.0,0.0,120,0.75,2.0,1.0
015_C107,15,C,2,0,OPTIMAL,52.5449,2,2,2,0,0,1.0,52.5449,0.0,0.0,120,0.75,2.0,1.0
015_C107,15,C,2,1,OPTIMAL,28.3668,2,1,1,0,1,0.5,26.4516,0.0,1.9152,120,0.75,2.0,1.0
015_C107,15,C,2,2,OPTIMAL,13.7388,2,0,0,0,2,0.0,0.0,0.0,13.7388,120,0.75,2.0,1.0
015_C107,15,C,2,3,OPTIMAL,84.8719,2,0,0,0,2,0.0,0.0,0.0,84.8719,120,0.75,2.0,1.0
015_C107,15,C,2,4,OPTIMAL,23.5479,2,1,1,0,1,0.5,17.5867,0.0,5.9613,120,0.75,2.0,1.0
015_C107,15,C,2,5,OPTIMAL,33.6159,2,1,1,0,1,0.5,26.2861,0.0,7.3298,120,0.75,2.0,1.0
015_C107,15,C,2,6,OPTIMAL,4.2704,2,0,0,0,2,0.0,0.0,0.0,4.2704,120,0.75,2.0,1.0
015_C107,15,C,2,7,OPTIMAL,2.0583,2,0,0,0,2,0.0,0.0,0.0,2.0583,120,0.75,2.0,1.0
015_C107,15,C,2,8,OPTIMAL,20.4802,2,1,1,0,1,0.5,16.9115,0.0,3.5688,120,0.75,2.0,1.0
015_C107,15,C,2,9,OPTIMAL,34.7877,2,1,1,0,1,0.5,30.5264,0.0,4.2613,120,0.75,2.0,1.0
015_C107,15,C,3,0,OPTIMAL,88.1462,3,2,2,0,1,0.6667,85.9654,0.0,2.1808,120,0.75,2.0,1.0
015_C107,15,C,3,1,OPTIMAL,25.5975,3,1,1,0,2,0.3333,24.1589,0.0,1.4386,120,0.75,2.0,1.0
015_C107,15,C,3,2,OPTIMAL,102.759,3,3,3,0,0,1.0,102.759,0.0,0.0,120,0.75,2.0,1.0
015_C107,15,C,3,3,OPTIMAL,76.5243,3,1,1,0,2,0.3333,31.3734,0.0,45.1509,120,0.75,2.0,1.0
015_C107,15,C,3,4,OPTIMAL,74.7865,3,3,3,0,0,1.0,74.7865,0.0,0.0,120,0.75,2.0,1.0
015_C107,15,C,3,5,OPTIMAL,59.6648,3,1,1,0,2,0.3333,52.7391,0.0,6.9257,120,0.75,2.0,1.0
015_C107,15,C,3,6,OPTIMAL,5.1492,3,0,0,0,3,0.0,0.0,0.0,5.1492,120,0.75,2.0,1.0
015_C107,15,C,3,7,OPTIMAL,64.7431,3,1,1,0,2,0.3333,27.2526,0.0,37.4905,120,0.75,2.0,1.0
015_C107,15,C,3,8,OPTIMAL,76.8175,3,2,2,0,1,0.6667,71.6828,0.0,5.1347,120,0.75,2.0,1.0
015_C107,15,C,3,9,OPTIMAL,67.7588,3,1,1,0,2,0.3333,30.8677,0.0,36.8911,120,0.75,2.0,1.0
015_C108,15,C,1,0,OPTIMAL,55.6646,1,1,1,0,0,1.0,55.6646,0.0,0.0,120,0.75,2.0,1.0
015_C108,15,C,1,1,OPTIMAL,26.713,1,1,1,0,0,1.0,26.713,0.0,0.0,120,0.75,2.0,1.0
015_C108,15,C,1,2,OPTIMAL,5.6145,1,0,0,0,1,0.0,0.0,0.0,5.6145,120,0.75,2.0,1.0
015_C108,15,C,1,3,OPTIMAL,8.4055,1,0,0,0,1,0.0,0.0,0.0,8.4055,120,0.75,2.0,1.0
015_C108,15,C,1,4,OPTIMAL,57.819,1,1,0,1,0,1.0,57.819,0.0,0.0,120,0.75,2.0,1.0
015_C108,15,C,1,5,OPTIMAL,6.9916,1,0,0,0,1,0.0,0.0,0.0,6.9916,120,0.75,2.0,1.0
015_C108,15,C,1,6,OPTIMAL,1.3979,1,0,0,0,1,0.0,0.0,0.0,1.3979,120,0.75,2.0,1.0
015_C108,15,C,1,7,OPTIMAL,0.0041,1,0,0,0,1,0.0,0.0,0.0,0.0041,120,0.75,2.0,1.0
015_C108,15,C,1,8,OPTIMAL,3.1577,1,0,0,0,1,0.0,0.0,0.0,3.1577,120,0.75,2.0,1.0
015_C108,15,C,1,9,OPTIMAL,23.7656,1,1,1,0,0,1.0,23.7656,0.0,0.0,120,0.75,2.0,1.0
015_C108,15,C,2,0,OPTIMAL,52.5449,2,2,2,0,0,1.0,52.5449,0.0,0.0,120,0.75,2.0,1.0
015_C108,15,C,2,1,OPTIMAL,28.3668,2,1,1,0,1,0.5,26.4516,0.0,1.9152,120,0.75,2.0,1.0
015_C108,15,C,2,2,OPTIMAL,61.3735,2,2,1,1,0,1.0,61.3735,0.0,0.0,120,0.75,2.0,1.0
015_C108,15,C,2,3,OPTIMAL,84.8719,2,0,0,0,2,0.0,0.0,0.0,84.8719,120,0.75,2.0,1.0
015_C108,15,C,2,4,OPTIMAL,23.5479,2,1,1,0,1,0.5,17.5867,0.0,5.9613,120,0.75,2.0,1.0
015_C108,15,C,2,5,OPTIMAL,55.8892,2,2,1,1,0,1.0,55.8892,0.0,0.0,120,0.75,2.0,1.0
015_C108,15,C,2,6,OPTIMAL,4.2704,2,0,0,0,2,0.0,0.0,0.0,4.2704,120,0.75,2.0,1.0
015_C108,15,C,2,7,OPTIMAL,2.0583,2,0,0,0,2,0.0,0.0,0.0,2.0583,120,0.75,2.0,1.0
015_C108,15,C,2,8,OPTIMAL,20.0515,2,1,1,0,1,0.5,16.9115,0.0,3.1401,120,0.75,2.0,1.0
015_C108,15,C,2,9,OPTIMAL,34.7877,2,1,1,0,1,0.5,30.5264,0.0,4.2613,120,0.75,2.0,1.0
015_C108,15,C,3,0,OPTIMAL,140.6088,3,3,2,1,0,1.0,140.6088,0.0,0.0,120,0.75,2.0,1.0
015_C108,15,C,3,1,OPTIMAL,25.5975,3,1,1,0,2,0.3333,24.1589,0.0,1.4386,120,0.75,2.0,1.0
015_C108,15,C,3,2,OPTIMAL,102.759,3,3,3,0,0,1.0,102.759,0.0,0.0,120,0.75,2.0,1.0
015_C108,15,C,3,3,OPTIMAL,91.4133,3,2,2,0,1,0.6667,88.2327,0.0,3.1806,120,0.75,2.0,1.0
015_C108,15,C,3,4,OPTIMAL,74.7865,3,3,3,0,0,1.0,74.7865,0.0,0.0,120,0.75,2.0,1.0
015_C108,15,C,3,5,OPTIMAL,82.3887,3,2,1,1,1,0.6667,81.6806,0.0,0.7081,120,0.75,2.0,1.0
015_C108,15,C,3,6,OPTIMAL,7.842,3,0,0,0,3,0.0,0.0,0.0,7.842,120,0.75,2.0,1.0
015_C108,15,C,3,7,OPTIMAL,64.9344,3,1,1,0,2,0.3333,27.2526,0.0,37.6818,120,0.75,2.0,1.0
015_C108,15,C,3,8,OPTIMAL,73.7151,3,2,2,0,1,0.6667,71.6828,0.0,2.0324,120,0.75,2.0,1.0
015_C108,15,C,3,9,OPTIMAL,76.273,3,1,1,0,2,0.3333,30.8677,0.0,45.4053,120,0.75,2.0,1.0
015_C109,15,C,1,0,OPTIMAL,55.6646,1,1,0,1,0,1.0,55.6646,0.0,0.0,120,0.75,2.0,1.0
015_C109,15,C,1,1,OPTIMAL,26.713,1,1,1,0,0,1.0,26.713,0.0,0.0,120,0.75,2.0,1.0
015_C109,15,C,1,2,OPTIMAL,4.2697,1,0,0,0,1,0.0,0.0,0.0,4.2697,120,0.75,2.0,1.0
015_C109,15,C,1,3,OPTIMAL,8.4055,1,0,0,0,1,0.0,0.0,0.0,8.4055,120,0.75,2.0,1.0
015_C109,15,C,1,4,OPTIMAL,57.819,1,1,1,0,0,1.0,57.819,0.0,0.0,120,0.75,2.0,1.0
015_C109,15,C,1,5,OPTIMAL,6.9916,1,0,0,0,1,0.0,0.0,0.0,6.9916,120,0.75,2.0,1.0
015_C109,15,C,1,6,OPTIMAL,1.3979,1,0,0,0,1,0.0,0.0,0.0,1.3979,120,0.75,2.0,1.0
015_C109,15,C,1,7,OPTIMAL,26.3078,1,1,0,1,0,1.0,26.3078,0.0,0.0,120,0.75,2.0,1.0
015_C109,15,C,1,8,OPTIMAL,0.5779,1,0,0,0,1,0.0,0.0,0.0,0.5779,120,0.75,2.0,1.0
015_C109,15,C,1,9,OPTIMAL,23.7656,1,1,1,0,0,1.0,23.7656,0.0,0.0,120,0.75,2.0,1.0
015_C109,15,C,2,0,OPTIMAL,52.5449,2,2,2,0,0,1.0,52.5449,0.0,0.0,120,0.75,2.0,1.0
015_C109,15,C,2,1,OPTIMAL,42.4079,2,2,2,0,0,1.0,42.4079,0.0,0.0,120,0.75,2.0,1.0
015_C109,15,C,2,2,OPTIMAL,11.9117,2,0,0,0,2,0.0,0.0,0.0,11.9117,120,0.75,2.0,1.0
015_C109,15,C,2,3,OPTIMAL,104.9007,2,2,1,1,0,1.0,104.9007,0.0,0.0,120,0.75,2.0,1.0
015_C109,15,C,2,4,OPTIMAL,44.9092,2,2,2,0,0,1.0,44.9092,0.0,0.0,120,0.75,2.0,1.0
015_C109,15,C,2,5,OPTIMAL,55.8892,2,2,1,1,0,1.0,55.8892,0.0,0.0,120,0.75,2.0,1.0
015_C109,15,C,2,6,OPTIMAL,5.4408,2,0,0,0,2,0.0,0.0,0.0,5.4408,120,0.75,2.0,1.0
015_C109,15,C,2,7,OPTIMAL,2.0583,2,0,0,0,2,0.0,0.0,0.0,2.0583,120,0.75,2.0,1.0
015_C109,15,C,2,8,OPTIMAL,20.0515,2,1,1,0,1,0.5,16.9115,0.0,3.1401,120,0.75,2.0,1.0
015_C109,15,C,2,9,OPTIMAL,61.5524,2,2,2,0,0,1.0,61.5524,0.0,0.0,120,0.75,2.0,1.0
015_C109,15,C,3,0,OPTIMAL,140.6088,3,3,2,1,0,1.0,140.6088,0.0,0.0,120,0.75,2.0,1.0
015_C109,15,C,3,1,OPTIMAL,51.1095,3,2,1,1,1,0.6667,51.0694,0.0,0.04,120,0.75,2.0,1.0
015_C109,15,C,3,2,OPTIMAL,50.5392,3,2,2,0,1,0.6667,44.5678,0.0,5.9714,120,0.75,2.0,1.0
015_C109,15,C,3,3,OPTIMAL,53.2925,3,2,2,0,1,0.6667,47.519,0.0,5.7735,120,0.75,2.0,1.0
015_C109,15,C,3,4,OPTIMAL,74.7865,3,3,3,0,0,1.0,74.7865,0.0,0.0,120,0.75,2.0,1.0
015_C109,15,C,3,5,OPTIMAL,32.3441,3,1,1,0,2,0.3333,28.9415,0.0,3.4026,120,0.75,2.0,1.0
015_C109,15,C,3,6,OPTIMAL,29.1021,3,1,1,0,2,0.3333,25.8849,0.0,3.2172,120,0.75,2.0,1.0
015_C109,15,C,3,7,OPTIMAL,75.0641,3,2,2,0,1,0.6667,74.1867,0.0,0.8774,120,0.75,2.0,1.0
015_C109,15,C,3,8,OPTIMAL,55.5677,3,1,1,0,2,0.3333,49.751,0.0,5.8168,120,0.75,2.0,1.0
015_C109,15,C,3,9,OPTIMAL,66.8182,3,1,1,0,2,0.3333,30.8677,0.0,35.9505,120,0.75,2.0,1.0
015_C201,15,C,1,0,OPTIMAL,13.5346,1,1,1,0,0,1.0,13.5346,0.0,0.0,120,0.75,2.0,1.0
015_C201,15,C,1,1,OPTIMAL,44.2591,1,1,1,0,0,1.0,44.2591,0.0,0.0,120,0.75,2.0,1.0
015_C201,15,C,1,2,OPTIMAL,36.7587,1,1,1,0,0,1.0,36.7587,0.0,0.0,120,0.75,2.0,1.0
015_C201,15,C,1,3,OPTIMAL,33.9128,1,1,1,0,0,1.0,33.9128,0.0,0.0,120,0.75,2.0,1.0
015_C201,15,C,1,4,OPTIMAL,15.6285,1,1,0,1,0,1.0,15.6285,0.0,0.0,120,0.75,2.0,1.0
015_C201,15,C,1,5,OPTIMAL,56.9347,1,1,1,0,0,1.0,56.9347,0.0,0.0,120,0.75,2.0,1.0
015_C201,15,C,1,6,OPTIMAL,58.1161,1,1,1,0,0,1.0,58.1161,0.0,0.0,120,0.75,2.0,1.0
015_C201,15,C,1,7,OPTIMAL,37.3107,1,1,0,1,0,1.0,37.3107,0.0,0.0,120,0.75,2.0,1.0
015_C201,15,C,1,8,OPTIMAL,40.7295,1,1,1,0,0,1.0,40.7295,0.0,0.0,120,0.75,2.0,1.0
015_C201,15,C,1,9,OPTIMAL,30.6904,1,0,0,0,1,0.0,0.0,0.0,30.6904,120,0.75,2.0,1.0
015_C201,15,C,2,0,OPTIMAL,94.6524,2,2,0,2,0,1.0,94.6524,0.0,0.0,120,0.75,2.0,1.0
015_C201,15,C,2,1,OPTIMAL,98.8393,2,2,1,1,0,1.0,98.8393,0.0,0.0,120,0.75,2.0,1.0
015_C201,15,C,2,2,OPTIMAL,87.6558,2,2,2,0,0,1.0,87.6558,0.0,0.0,120,0.75,2.0,1.0
015_C201,15,C,2,3,OPTIMAL,97.9624,2,2,2,0,0,1.0,97.9624,0.0,0.0,120,0.75,2.0,1.0
015_C201,15,C,2,4,OPTIMAL,93.8395,2,1,1,0,1,0.5,50.4735,0.0,43.366,120,0.75,2.0,1.0
015_C201,15,C,2,5,OPTIMAL,74.5376,2,2,1,1,0,1.0,74.5376,0.0,0.0,120,0.75,2.0,1.0
015_C201,15,C,2,6,OPTIMAL,57.3642,2,1,1,0,1,0.5,30.5209,0.0,26.8434,120,0.75,2.0,1.0
015_C201,15,C,2,7,OPTIMAL,74.9534,2,2,1,1,0,1.0,74.9534,0.0,0.0,120,0.75,2.0,1.0
015_C201,15,C,2,8,OPTIMAL,38.8062,2,1,1,0,1,0.5,37.511,0.0,1.2952,120,0.75,2.0,1.0
015_C201,15,C,2,9,OPTIMAL,50.9521,2,2,2,0,0,1.0,50.9521,0.0,0.0,120,0.75,2.0,1.0
015_C201,15,C,3,0,OPTIMAL,149.1815,3,3,3,0,0,1.0,149.1815,0.0,0.0,120,0.75,2.0,1.0
015_C201,15,C,3,1,OPTIMAL,104.4693,3,3,3,0,0,1.0,104.4693,0.0,0.0,120,0.75,2.0,1.0
015_C201,15,C,3,2,OPTIMAL,155.7482,3,3,2,1,0,1.0,155.7482,0.0,0.0,120,0.75,2.0,1.0
015_C201,15,C,3,3,OPTIMAL,94.3977,3,3,2,1,0,1.0,94.3977,0.0,0.0,120,0.75,2.0,1.0
015_C201,15,C,3,4,OPTIMAL,106.0126,3,3,3,0,0,1.0,106.0126,0.0,0.0,120,0.75,2.0,1.0
015_C201,15,C,3,5,OPTIMAL,117.4985,3,3,3,0,0,1.0,117.4985,0.0,0.0,120,0.75,2.0,1.0
015_C201,15,C,3,6,OPTIMAL,87.8548,3,3,3,0,0,1.0,87.8548,0.0,0.0,120,0.75,2.0,1.0
015_C201,15,C,3,7,OPTIMAL,122.9365,3,3,2,1,0,1.0,122.9365,0.0,0.0,120,0.75,2.0,1.0
015_C201,15,C,3,8,OPTIMAL,61.442,3,1,1,0,2,0.3333,37.0107,0.0,24.4313,120,0.75,2.0,1.0
015_C201,15,C,3,9,OPTIMAL,125.8318,3,3,2,1,0,1.0,125.8318,0.0,0.0,120,0.75,2.0,1.0
015_C202,15,C,1,0,OPTIMAL,13.5346,1,1,1,0,0,1.0,13.5346,0.0,0.0,120,0.75,2.0,1.0
015_C202,15,C,1,1,OPTIMAL,44.2591,1,1,1,0,0,1.0,44.2591,0.0,0.0,120,0.75,2.0,1.0
015_C202,15,C,1,2,OPTIMAL,0.2023,1,0,0,0,1,0.0,0.0,0.0,0.2023,120,0.75,2.0,1.0
015_C202,15,C,1,3,OPTIMAL,33.9128,1,1,1,0,0,1.0,33.9128,0.0,0.0,120,0.75,2.0,1.0
015_C202,15,C,1,4,OPTIMAL,15.6285,1,1,0,1,0,1.0,15.6285,0.0,0.0,120,0.75,2.0,1.0
015_C202,15,C,1,5,OPTIMAL,56.9347,1,1,1,0,0,1.0,56.9347,0.0,0.0,120,0.75,2.0,1.0
015_C202,15,C,1,6,OPTIMAL,58.1161,1,1,1,0,0,1.0,58.1161,0.0,0.0,120,0.75,2.0,1.0
015_C202,15,C,1,7,OPTIMAL,37.3107,1,1,0,1,0,1.0,37.3107,0.0,0.0,120,0.75,2.0,1.0
015_C202,15,C,1,8,OPTIMAL,40.7295,1,1,1,0,0,1.0,40.7295,0.0,0.0,120,0.75,2.0,1.0
015_C202,15,C,1,9,OPTIMAL,12.4295,1,0,0,0,1,0.0,0.0,0.0,12.4295,120,0.75,2.0,1.0
015_C202,15,C,2,0,OPTIMAL,94.6524,2,2,0,2,0,1.0,94.6524,0.0,0.0,120,0.75,2.0,1.0
015_C202,15,C,2,1,OPTIMAL,98.8393,2,2,1,1,0,1.0,98.8393,0.0,0.0,120,0.75,2.0,1.0
015_C202,15,C,2,2,OPTIMAL,87.6558,2,2,2,0,0,1.0,87.6558,0.0,0.0,120,0.75,2.0,1.0
015_C202,15,C,2,3,OPTIMAL,97.9624,2,2,2,0,0,1.0,97.9624,0.0,0.0,120,0.75,2.0,1.0
015_C202,15,C,2,4,OPTIMAL,93.8395,2,1,1,0,1,0.5,50.4735,0.0,43.366,120,0.75,2.0,1.0
015_C202,15,C,2,5,OPTIMAL,74.5376,2,2,1,1,0,1.0,74.5376,0.0,0.0,120,0.75,2.0,1.0
015_C202,15,C,2,6,OPTIMAL,57.3642,2,1,1,0,1,0.5,30.5209,0.0,26.8434,120,0.75,2.0,1.0
015_C202,15,C,2,7,OPTIMAL,74.9534,2,2,1,1,0,1.0,74.9534,0.0,0.0,120,0.75,2.0,1.0
015_C202,15,C,2,8,OPTIMAL,68.8694,2,2,2,0,0,1.0,68.8694,0.0,0.0,120,0.75,2.0,1.0
015_C202,15,C,2,9,OPTIMAL,50.9521,2,2,2,0,0,1.0,50.9521,0.0,0.0,120,0.75,2.0,1.0
015_C202,15,C,3,0,OPTIMAL,149.1815,3,3,3,0,0,1.0,149.1815,0.0,0.0,120,0.75,2.0,1.0
015_C202,15,C,3,1,OPTIMAL,104.4693,3,3,3,0,0,1.0,104.4693,0.0,0.0,120,0.75,2.0,1.0
015_C202,15,C,3,2,OPTIMAL,106.2962,3,2,2,0,1,0.6667,106.228,0.0,0.0682,120,0.75,2.0,1.0
015_C202,15,C,3,3,OPTIMAL,94.3977,3,3,2,1,0,1.0,94.3977,0.0,0.0,120,0.75,2.0,1.0
015_C202,15,C,3,4,OPTIMAL,106.0126,3,3,3,0,0,1.0,106.0126,0.0,0.0,120,0.75,2.0,1.0
015_C202,15,C,3,5,OPTIMAL,94.4519,3,2,2,0,1,0.6667,79.0201,0.0,15.4317,120,0.75,2.0,1.0
015_C202,15,C,3,6,OPTIMAL,87.8548,3,3,3,0,0,1.0,87.8548,0.0,0.0,120,0.75,2.0,1.0
015_C202,15,C,3,7,OPTIMAL,122.9365,3,3,2,1,0,1.0,122.9365,0.0,0.0,120,0.75,2.0,1.0
015_C202,15,C,3,8,OPTIMAL,97.8643,3,2,2,0,1,0.6667,79.56,0.0,18.3044,120,0.75,2.0,1.0
015_C202,15,C,3,9,OPTIMAL,125.8318,3,3,2,1,0,1.0,125.8318,0.0,0.0,120,0.75,2.0,1.0
015_C203,15,C,1,0,OPTIMAL,13.5346,1,1,1,0,0,1.0,13.5346,0.0,0.0,120,0.75,2.0,1.0
015_C203,15,C,1,1,OPTIMAL,44.2591,1,1,1,0,0,1.0,44.2591,0.0,0.0,120,0.75,2.0,1.0
015_C203,15,C,1,2,OPTIMAL,36.7587,1,1,0,1,0,1.0,36.7587,0.0,0.0,120,0.75,2.0,1.0
015_C203,15,C,1,3,OPTIMAL,33.9128,1,1,1,0,0,1.0,33.9128,0.0,0.0,120,0.75,2.0,1.0
015_C203,15,C,1,4,OPTIMAL,15.6285,1,1,0,1,0,1.0,15.6285,0.0,0.0,120,0.75,2.0,1.0
015_C203,15,C,1,5,OPTIMAL,56.9347,1,1,1,0,0,1.0,56.9347,0.0,0.0,120,0.75,2.0,1.0
015_C203,15,C,1,6,OPTIMAL,58.1161,1,1,1,0,0,1.0,58.1161,0.0,0.0,120,0.75,2.0,1.0
015_C203,15,C,1,7,OPTIMAL,37.3107,1,1,0,1,0,1.0,37.3107,0.0,0.0,120,0.75,2.0,1.0
015_C203,15,C,1,8,OPTIMAL,40.7295,1,1,1,0,0,1.0,40.7295,0.0,0.0,120,0.75,2.0,1.0
015_C203,15,C,1,9,OPTIMAL,19.8717,1,0,0,0,1,0.0,0.0,0.0,19.8717,120,0.75,2.0,1.0
015_C203,15,C,2,0,OPTIMAL,94.6524,2,2,0,2,0,1.0,94.6524,0.0,0.0,120,0.75,2.0,1.0
015_C203,15,C,2,1,OPTIMAL,98.8393,2,2,1,1,0,1.0,98.8393,0.0,0.0,120,0.75,2.0,1.0
015_C203,15,C,2,2,OPTIMAL,87.6558,2,2,2,0,0,1.0,87.6558,0.0,0.0,120,0.75,2.0,1.0
015_C203,15,C,2,3,OPTIMAL,97.9624,2,2,2,0,0,1.0,97.9624,0.0,0.0,120,0.75,2.0,1.0
015_C203,15,C,2,4,OPTIMAL,93.8395,2,1,1,0,1,0.5,50.4735,0.0,43.366,120,0.75,2.0,1.0
015_C203,15,C,2,5,OPTIMAL,74.5376,2,2,1,1,0,1.0,74.5376,0.0,0.0,120,0.75,2.0,1.0
015_C203,15,C,2,6,OPTIMAL,57.3642,2,1,1,0,1,0.5,30.5209,0.0,26.8434,120,0.75,2.0,1.0
015_C203,15,C,2,7,OPTIMAL,74.9534,2,2,1,1,0,1.0,74.9534,0.0,0.0,120,0.75,2.0,1.0
015_C203,15,C,2,8,OPTIMAL,68.8694,2,2,2,0,0,1.0,68.8694,0.0,0.0,120,0.75,2.0,1.0
015_C203,15,C,2,9,OPTIMAL,50.9521,2,2,2,0,0,1.0,50.9521,0.0,0.0,120,0.75,2.0,1.0
015_C203,15,C,3,0,OPTIMAL,149.1815,3,3,3,0,0,1.0,149.1815,0.0,0.0,120,0.75,2.0,1.0
015_C203,15,C,3,1,OPTIMAL,104.4693,3,3,3,0,0,1.0,104.4693,0.0,0.0,120,0.75,2.0,1.0
015_C203,15,C,3,2,OPTIMAL,106.2962,3,2,2,0,1,0.6667,106.228,0.0,0.0682,120,0.75,2.0,1.0
015_C203,15,C,3,3,OPTIMAL,94.3977,3,3,2,1,0,1.0,94.3977,0.0,0.0,120,0.75,2.0,1.0
015_C203,15,C,3,4,OPTIMAL,106.0126,3,3,3,0,0,1.0,106.0126,0.0,0.0,120,0.75,2.0,1.0
015_C203,15,C,3,5,OPTIMAL,117.4985,3,3,2,1,0,1.0,117.4985,0.0,0.0,120,0.75,2.0,1.0
015_C203,15,C,3,6,OPTIMAL,87.8548,3,3,3,0,0,1.0,87.8548,0.0,0.0,120,0.75,2.0,1.0
015_C203,15,C,3,7,OPTIMAL,122.9365,3,3,2,1,0,1.0,122.9365,0.0,0.0,120,0.75,2.0,1.0
015_C203,15,C,3,8,OPTIMAL,120.6865,3,3,3,0,0,1.0,120.6865,0.0,0.0,120,0.75,2.0,1.0
015_C203,15,C,3,9,OPTIMAL,125.8318,3,3,2,1,0,1.0,125.8318,0.0,0.0,120,0.75,2.0,1.0
015_C204,15,C,1,0,OPTIMAL,13.5346,1,1,1,0,0,1.0,13.5346,0.0,0.0,120,0.75,2.0,1.0
015_C204,15,C,1,1,OPTIMAL,44.2591,1,1,1,0,0,1.0,44.2591,0.0,0.0,120,0.75,2.0,1.0
015_C204,15,C,1,2,OPTIMAL,36.7587,1,1,0,1,0,1.0,36.7587,0.0,0.0,120,0.75,2.0,1.0
015_C204,15,C,1,3,OPTIMAL,33.9128,1,1,1,0,0,1.0,33.9128,0.0,0.0,120,0.75,2.0,1.0
015_C204,15,C,1,4,OPTIMAL,15.6285,1,1,0,1,0,1.0,15.6285,0.0,0.0,120,0.75,2.0,1.0
015_C204,15,C,1,5,OPTIMAL,56.9347,1,1,1,0,0,1.0,56.9347,0.0,0.0,120,0.75,2.0,1.0
015_C204,15,C,1,6,OPTIMAL,58.1161,1,1,1,0,0,1.0,58.1161,0.0,0.0,120,0.75,2.0,1.0
015_C204,15,C,1,7,OPTIMAL,37.3107,1,1,1,0,0,1.0,37.3107,0.0,0.0,120,0.75,2.0,1.0
015_C204,15,C,1,8,OPTIMAL,40.7295,1,1,1,0,0,1.0,40.7295,0.0,0.0,120,0.75,2.0,1.0
015_C204,15,C,1,9,OPTIMAL,15.8974,1,0,0,0,1,0.0,0.0,0.0,15.8974,120,0.75,2.0,1.0
015_C204,15,C,2,0,OPTIMAL,94.6524,2,2,0,2,0,1.0,94.6524,0.0,0.0,120,0.75,2.0,1.0
015_C204,15,C,2,1,OPTIMAL,92.1735,2,1,1,0,1,0.5,58.6561,0.0,33.5173,120,0.75,2.0,1.0
015_C204,15,C,2,2,OPTIMAL,87.6558,2,2,2,0,0,1.0,87.6558,0.0,0.0,120,0.75,2.0,1.0
015_C204,15,C,2,3,OPTIMAL,97.9624,2,2,2,0,0,1.0,97.9624,0.0,0.0,120,0.75,2.0,1.0
015_C204,15,C,2,4,OPTIMAL,108.1222,2,2,2,0,0,1.0,108.1222,0.0,0.0,120,0.75,2.0,1.0
015_C204,15,C,2,5,OPTIMAL,40.8955,2,1,1,0,1,0.5,40.8942,0.0,0.0013,120,0.75,2.0,1.0
015_C204,15,C,2,6,OPTIMAL,68.7304,2,2,2,0,0,1.0,68.7304,0.0,0.0,120,0.75,2.0,1.0
015_C204,15,C,2,7,OPTIMAL,74.9534,2,2,1,1,0,1.0,74.9534,0.0,0.0,120,0.75,2.0,1.0
015_C204,15,C,2,8,OPTIMAL,68.8694,2,2,2,0,0,1.0,68.8694,0.0,0.0,120,0.75,2.0,1.0
015_C204,15,C,2,9,OPTIMAL,50.9521,2,2,2,0,0,1.0,50.9521,0.0,0.0,120,0.75,2.0,1.0
015_C204,15,C,3,0,OPTIMAL,149.1815,3,3,3,0,0,1.0,149.1815,0.0,0.0,120,0.75,2.0,1.0
015_C204,15,C,3,1,OPTIMAL,104.4693,3,3,3,0,0,1.0,104.4693,0.0,0.0,120,0.75,2.0,1.0
015_C204,15,C,3,2,OPTIMAL,106.2962,3,2,2,0,1,0.6667,106.228,0.0,0.0682,120,0.75,2.0,1.0
015_C204,15,C,3,3,OPTIMAL,94.3977,3,3,2,1,0,1.0,94.3977,0.0,0.0,120,0.75,2.0,1.0
015_C204,15,C,3,4,OPTIMAL,106.0126,3,3,3,0,0,1.0,106.0126,0.0,0.0,120,0.75,2.0,1.0
015_C204,15,C,3,5,OPTIMAL,117.4985,3,3,2,1,0,1.0,117.4985,0.0,0.0,120,0.75,2.0,1.0
015_C204,15,C,3,6,OPTIMAL,87.8548,3,3,3,0,0,1.0,87.8548,0.0,0.0,120,0.75,2.0,1.0
015_C204,15,C,3,7,OPTIMAL,122.9365,3,3,2,1,0,1.0,122.9365,0.0,0.0,120,0.75,2.0,1.0
015_C204,15,C,3,8,OPTIMAL,120.6865,3,3,3,0,0,1.0,120.6865,0.0,0.0,120,0.75,2.0,1.0
015_C204,15,C,3,9,OPTIMAL,125.8318,3,3,2,1,0,1.0,125.8318,0.0,0.0,120,0.75,2.0,1.0
015_C205,15,C,1,0,OPTIMAL,13.5346,1,1,1,0,0,1.0,13.5346,0.0,0.0,120,0.75,2.0,1.0
015_C205,15,C,1,1,OPTIMAL,44.2591,1,1,1,0,0,1.0,44.2591,0.0,0.0,120,0.75,2.0,1.0
015_C205,15,C,1,2,OPTIMAL,36.7587,1,1,1,0,0,1.0,36.7587,0.0,0.0,120,0.75,2.0,1.0
015_C205,15,C,1,3,OPTIMAL,33.9128,1,1,1,0,0,1.0,33.9128,0.0,0.0,120,0.75,2.0,1.0
015_C205,15,C,1,4,OPTIMAL,15.6285,1,1,1,0,0,1.0,15.6285,0.0,0.0,120,0.75,2.0,1.0
015_C205,15,C,1,5,OPTIMAL,56.9347,1,1,1,0,0,1.0,56.9347,0.0,0.0,120,0.75,2.0,1.0
015_C205,15,C,1,6,OPTIMAL,58.1161,1,1,0,1,0,1.0,58.1161,0.0,0.0,120,0.75,2.0,1.0
015_C205,15,C,1,7,OPTIMAL,0.1908,1,0,0,0,1,0.0,0.0,0.0,0.1908,120,0.75,2.0,1.0
015_C205,15,C,1,8,OPTIMAL,40.7295,1,1,1,0,0,1.0,40.7295,0.0,0.0,120,0.75,2.0,1.0
015_C205,15,C,1,9,OPTIMAL,30.6904,1,0,0,0,1,0.0,0.0,0.0,30.6904,120,0.75,2.0,1.0
015_C205,15,C,2,0,OPTIMAL,94.6524,2,2,2,0,0,1.0,94.6524,0.0,0.0,120,0.75,2.0,1.0
015_C205,15,C,2,1,OPTIMAL,98.8393,2,2,2,0,0,1.0,98.8393,0.0,0.0,120,0.75,2.0,1.0
015_C205,15,C,2,2,OPTIMAL,60.1175,2,1,1,0,1,0.5,58.2803,0.0,1.8373,120,0.75,2.0,1.0
015_C205,15,C,2,3,OPTIMAL,97.9624,2,2,1,1,0,1.0,97.9624,0.0,0.0,120,0.75,2.0,1.0
015_C205,15,C,2,4,OPTIMAL,108.1222,2,2,2,0,0,1.0,108.1222,0.0,0.0,120,0.75,2.0,1.0
015_C205,15,C,2,5,OPTIMAL,74.5376,2,2,2,0,0,1.0,74.5376,0.0,0.0,120,0.75,2.0,1.0
015_C205,15,C,2,6,OPTIMAL,68.7304,2,2,2,0,0,1.0,68.7304,0.0,0.0,120,0.75,2.0,1.0
015_C205,15,C,2,7,OPTIMAL,63.8101,2,1,1,0,1,0.5,41.9336,0.0,21.8765,120,0.75,2.0,1.0
015_C205,15,C,2,8,OPTIMAL,41.4222,2,1,1,0,1,0.5,37.511,0.0,3.9112,120,0.75,2.0,1.0
015_C205,15,C,2,9,OPTIMAL,20.929,2,0,0,0,2,0.0,0.0,0.0,20.929,120,0.75,2.0,1.0
015_C205,15,C,3,0,OPTIMAL,141.6148,3,2,1,1,1,0.6667,113.0706,0.0,28.5441,120,0.75,2.0,1.0
015_C205,15,C,3,1,OPTIMAL,104.4693,3,3,2,1,0,1.0,104.4693,0.0,0.0,120,0.75,2.0,1.0
015_C205,15,C,3,2,OPTIMAL,155.7482,3,3,3,0,0,1.0,155.7482,0.0,0.0,120,0.75,2.0,1.0
015_C205,15,C,3,3,OPTIMAL,59.1192,3,2,2,0,1,0.6667,52.9912,0.0,6.128,120,0.75,2.0,1.0
015_C205,15,C,3,4,OPTIMAL,79.1061,3,2,2,0,1,0.6667,78.3674,0.0,0.7387,120,0.75,2.0,1.0
015_C205,15,C,3,5,OPTIMAL,90.44,3,2,0,2,1,0.6667,79.0201,0.0,11.4198,120,0.75,2.0,1.0
015_C205,15,C,3,6,OPTIMAL,87.8548,3,3,2,1,0,1.0,87.8548,0.0,0.0,120,0.75,2.0,1.0
015_C205,15,C,3,7,OPTIMAL,111.909,3,2,2,0,1,0.6667,84.1478,0.0,27.7613,120,0.75,2.0,1.0
015_C205,15,C,3,8,OPTIMAL,55.4697,3,1,1,0,2,0.3333,37.0107,0.0,18.459,120,0.75,2.0,1.0
015_C205,15,C,3,9,OPTIMAL,107.6262,3,2,2,0,1,0.6667,95.7448,0.0,11.8814,120,0.75,2.0,1.0
015_C206,15,C,1,0,OPTIMAL,13.5346,1,1,1,0,0,1.0,13.5346,0.0,0.0,120,0.75,2.0,1.0
015_C206,15,C,1,1,OPTIMAL,38.779,1,0,0,0,1,0.0,0.0,0.0,38.779,120,0.75,2.0,1.0
015_C206,15,C,1,2,OPTIMAL,36.7587,1,1,1,0,0,1.0,36.7587,0.0,0.0,120,0.75,2.0,1.0
015_C206,15,C,1,3,OPTIMAL,33.9128,1,1,1,0,0,1.0,33.9128,0.0,0.0,120,0.75,2.0,1.0
015_C206,15,C,1,4,OPTIMAL,15.6285,1,1,1,0,0,1.0,15.6285,0.0,0.0,120,0.75,2.0,1.0
015_C206,15,C,1,5,OPTIMAL,56.9347,1,1,1,0,0,1.0,56.9347,0.0,0.0,120,0.75,2.0,1.0
015_C206,15,C,1,6,OPTIMAL,58.1161,1,1,1,0,0,1.0,58.1161,0.0,0.0,120,0.75,2.0,1.0
015_C206,15,C,1,7,OPTIMAL,37.3107,1,1,1,0,0,1.0,37.3107,0.0,0.0,120,0.75,2.0,1.0
015_C206,15,C,1,8,OPTIMAL,40.7295,1,1,1,0,0,1.0,40.7295,0.0,0.0,120,0.75,2.0,1.0
015_C206,15,C,1,9,OPTIMAL,19.4621,1,0,0,0,1,0.0,0.0,0.0,19.4621,120,0.75,2.0,1.0
015_C206,15,C,2,0,OPTIMAL,94.6524,2,2,2,0,0,1.0,94.6524,0.0,0.0,120,0.75,2.0,1.0
015_C206,15,C,2,1,OPTIMAL,98.8393,2,2,2,0,0,1.0,98.8393,0.0,0.0,120,0.75,2.0,1.0
015_C206,15,C,2,2,OPTIMAL,60.1175,2,1,1,0,1,0.5,58.2803,0.0,1.8373,120,0.75,2.0,1.0
015_C206,15,C,2,3,OPTIMAL,97.9624,2,2,2,0,0,1.0,97.9624,0.0,0.0,120,0.75,2.0,1.0
015_C206,15,C,2,4,OPTIMAL,108.1222,2,2,2,0,0,1.0,108.1222,0.0,0.0,120,0.75,2.0,1.0
015_C206,15,C,2,5,OPTIMAL,41.9964,2,1,1,0,1,0.5,40.8942,0.0,1.1021,120,0.75,2.0,1.0
015_C206,15,C,2,6,OPTIMAL,68.7304,2,2,2,0,0,1.0,68.7304,0.0,0.0,120,0.75,2.0,1.0
015_C206,15,C,2,7,OPTIMAL,36.9362,2,1,1,0,1,0.5,33.0199,0.0,3.9163,120,0.75,2.0,1.0
015_C206,15,C,2,8,OPTIMAL,68.8694,2,2,2,0,0,1.0,68.8694,0.0,0.0,120,0.75,2.0,1.0
015_C206,15,C,2,9,OPTIMAL,26.2762,2,1,1,0,1,0.5,21.5888,0.0,4.6874,120,0.75,2.0,1.0
015_C206,15,C,3,0,OPTIMAL,149.1815,3,3,2,1,0,1.0,149.1815,0.0,0.0,120,0.75,2.0,1.0
015_C206,15,C,3,1,OPTIMAL,104.4693,3,3,3,0,0,1.0,104.4693,0.0,0.0,120,0.75,2.0,1.0
015_C206,15,C,3,2,OPTIMAL,155.7482,3,3,3,0,0,1.0,155.7482,0.0,0.0,120,0.75,2.0,1.0
015_C206,15,C,3,3,OPTIMAL,36.0055,3,1,1,0,2,0.3333,34.7844,0.0,1.2211,120,0.75,2.0,1.0
015_C206,15,C,3,4,OPTIMAL,106.0126,3,3,3,0,0,1.0,106.0126,0.0,0.0,120,0.75,2.0,1.0
015_C206,15,C,3,5,OPTIMAL,117.4985,3,3,3,0,0,1.0,117.4985,0.0,0.0,120,0.75,2.0,1.0
015_C206,15,C,3,6,OPTIMAL,87.8548,3,3,3,0,0,1.0,87.8548,0.0,0.0,120,0.75,2.0,1.0
015_C206,15,C,3,7,OPTIMAL,114.5222,3,1,1,0,2,0.3333,42.2374,0.0,72.2848,120,0.75,2.0,1.0
015_C206,15,C,3,8,OPTIMAL,96.3193,3,2,2,0,1,0.6667,79.56,0.0,16.7593,120,0.75,2.0,1.0
015_C206,15,C,3,9,OPTIMAL,125.8318,3,3,3,0,0,1.0,125.8318,0.0,0.0,120,0.75,2.0,1.0
015_C207,15,C,1,0,OPTIMAL,13.5346,1,1,1,0,0,1.0,13.5346,0.0,0.0,120,0.75,2.0,1.0
015_C207,15,C,1,1,OPTIMAL,44.2591,1,1,0,1,0,1.0,44.2591,0.0,0.0,120,0.75,2.0,1.0
015_C207,15,C,1,2,OPTIMAL,36.7587,1,1,1,0,0,1.0,36.7587,0.0,0.0,120,0.75,2.0,1.0
015_C207,15,C,1,3,OPTIMAL,33.9128,1,1,1,0,0,1.0,33.9128,0.0,0.0,120,0.75,2.0,1.0
015_C207,15,C,1,4,OPTIMAL,9.632,1,0,0,0,1,0.0,0.0,0.0,9.632,120,0.75,2.0,1.0
015_C207,15,C,1,5,OPTIMAL,56.9347,1,1,1,0,0,1.0,56.9347,0.0,0.0,120,0.75,2.0,1.0
015_C207,15,C,1,6,OPTIMAL,58.1161,1,1,1,0,0,1.0,58.1161,0.0,0.0,120,0.75,2.0,1.0
015_C207,15,C,1,7,OPTIMAL,37.3107,1,1,1,0,0,1.0,37.3107,0.0,0.0,120,0.75,2.0,1.0
015_C207,15,C,1,8,OPTIMAL,40.7295,1,1,1,0,0,1.0,40.7295,0.0,0.0,120,0.75,2.0,1.0
015_C207,15,C,1,9,OPTIMAL,30.6904,1,0,0,0,1,0.0,0.0,0.0,30.6904,120,0.75,2.0,1.0
015_C207,15,C,2,0,OPTIMAL,94.6524,2,2,2,0,0,1.0,94.6524,0.0,0.0,120,0.75,2.0,1.0
015_C207,15,C,2,1,OPTIMAL,43.7157,2,1,0,1,1,0.5,40.1832,0.0,3.5325,120,0.75,2.0,1.0
015_C207,15,C,2,2,OPTIMAL,64.0545,2,1,1,0,1,0.5,58.2803,0.0,5.7742,120,0.75,2.0,1.0
015_C207,15,C,2,3,OPTIMAL,97.9624,2,2,2,0,0,1.0,97.9624,0.0,0.0,120,0.75,2.0,1.0
015_C207,15,C,2,4,OPTIMAL,62.2126,2,1,1,0,1,0.5,57.6487,0.0,4.564,120,0.75,2.0,1.0
015_C207,15,C,2,5,OPTIMAL,74.5376,2,2,2,0,0,1.0,74.5376,0.0,0.0,120,0.75,2.0,1.0
015_C207,15,C,2,6,OPTIMAL,68.7304,2,2,2,0,0,1.0,68.7304,0.0,0.0,120,0.75,2.0,1.0
015_C207,15,C,2,7,OPTIMAL,74.9534,2,2,2,0,0,1.0,74.9534,0.0,0.0,120,0.75,2.0,1.0
015_C207,15,C,2,8,OPTIMAL,68.8694,2,2,1,1,0,1.0,68.8694,0.0,0.0,120,0.75,2.0,1.0
015_C207,15,C,2,9,OPTIMAL,50.9521,2,2,2,0,0,1.0,50.9521,0.0,0.0,120,0.75,2.0,1.0
015_C207,15,C,3,0,OPTIMAL,149.1815,3,3,2,1,0,1.0,149.1815,0.0,0.0,120,0.75,2.0,1.0
015_C207,15,C,3,1,OPTIMAL,104.4693,3,3,3,0,0,1.0,104.4693,0.0,0.0,120,0.75,2.0,1.0
015_C207,15,C,3,2,OPTIMAL,155.7482,3,3,3,0,0,1.0,155.7482,0.0,0.0,120,0.75,2.0,1.0
015_C207,15,C,3,3,OPTIMAL,94.3977,3,3,2,1,0,1.0,94.3977,0.0,0.0,120,0.75,2.0,1.0
015_C207,15,C,3,4,OPTIMAL,106.0126,3,3,3,0,0,1.0,106.0126,0.0,0.0,120,0.75,2.0,1.0
015_C207,15,C,3,5,OPTIMAL,117.4985,3,3,3,0,0,1.0,117.4985,0.0,0.0,120,0.75,2.0,1.0
015_C207,15,C,3,6,OPTIMAL,87.8548,3,3,2,1,0,1.0,87.8548,0.0,0.0,120,0.75,2.0,1.0
015_C207,15,C,3,7,OPTIMAL,122.9365,3,3,2,1,0,1.0,122.9365,0.0,0.0,120,0.75,2.0,1.0
015_C207,15,C,3,8,OPTIMAL,77.0484,3,1,1,0,2,0.3333,37.0107,0.0,40.0376,120,0.75,2.0,1.0
015_C207,15,C,3,9,OPTIMAL,18.1621,3,0,0,0,3,0.0,0.0,0.0,18.1621,120,0.75,2.0,1.0
015_C208,15,C,1,0,OPTIMAL,13.5346,1,1,1,0,0,1.0,13.5346,0.0,0.0,120,0.75,2.0,1.0
015_C208,15,C,1,1,OPTIMAL,40.8625,1,0,0,0,1,0.0,0.0,0.0,40.8625,120,0.75,2.0,1.0
015_C208,15,C,1,2,OPTIMAL,7.1707,1,0,0,0,1,0.0,0.0,0.0,7.1707,120,0.75,2.0,1.0
015_C208,15,C,1,3,OPTIMAL,33.9128,1,1,1,0,0,1.0,33.9128,0.0,0.0,120,0.75,2.0,1.0
015_C208,15,C,1,4,OPTIMAL,15.6285,1,1,1,0,0,1.0,15.6285,0.0,0.0,120,0.75,2.0,1.0
015_C208,15,C,1,5,OPTIMAL,56.9347,1,1,1,0,0,1.0,56.9347,0.0,0.0,120,0.75,2.0,1.0
015_C208,15,C,1,6,OPTIMAL,55.1508,1,0,0,0,1,0.0,0.0,0.0,55.1508,120,0.75,2.0,1.0
015_C208,15,C,1,7,OPTIMAL,37.3107,1,1,1,0,0,1.0,37.3107,0.0,0.0,120,0.75,2.0,1.0
015_C208,15,C,1,8,OPTIMAL,40.7295,1,1,1,0,0,1.0,40.7295,0.0,0.0,120,0.75,2.0,1.0
015_C208,15,C,1,9,OPTIMAL,4.5809,1,0,0,0,1,0.0,0.0,0.0,4.5809,120,0.75,2.0,1.0
015_C208,15,C,2,0,OPTIMAL,94.6524,2,2,2,0,0,1.0,94.6524,0.0,0.0,120,0.75,2.0,1.0
015_C208,15,C,2,1,OPTIMAL,89.8267,2,1,1,0,1,0.5,58.6561,0.0,31.1705,120,0.75,2.0,1.0
015_C208,15,C,2,2,OPTIMAL,87.6558,2,2,2,0,0,1.0,87.6558,0.0,0.0,120,0.75,2.0,1.0
015_C208,15,C,2,3,OPTIMAL,97.9624,2,2,2,0,0,1.0,97.9624,0.0,0.0,120,0.75,2.0,1.0
015_C208,15,C,2,4,OPTIMAL,59.8096,2,1,1,0,1,0.5,57.6487,0.0,2.161,120,0.75,2.0,1.0
015_C208,15,C,2,5,OPTIMAL,41.9964,2,1,1,0,1,0.5,40.8942,0.0,1.1021,120,0.75,2.0,1.0
015_C208,15,C,2,6,OPTIMAL,68.7304,2,2,2,0,0,1.0,68.7304,0.0,0.0,120,0.75,2.0,1.0
015_C208,15,C,2,7,OPTIMAL,33.2807,2,1,1,0,1,0.5,33.0199,0.0,0.2609,120,0.75,2.0,1.0
015_C208,15,C,2,8,OPTIMAL,42.8491,2,1,1,0,1,0.5,37.511,0.0,5.338,120,0.75,2.0,1.0
015_C208,15,C,2,9,OPTIMAL,29.6929,2,1,1,0,1,0.5,21.5888,0.0,8.1041,120,0.75,2.0,1.0
015_C208,15,C,3,0,OPTIMAL,149.1815,3,3,3,0,0,1.0,149.1815,0.0,0.0,120,0.75,2.0,1.0
015_C208,15,C,3,1,OPTIMAL,104.4693,3,3,3,0,0,1.0,104.4693,0.0,0.0,120,0.75,2.0,1.0
015_C208,15,C,3,2,OPTIMAL,78.3107,3,1,1,0,2,0.3333,61.2747,0.0,17.0359,120,0.75,2.0,1.0
015_C208,15,C,3,3,OPTIMAL,39.1391,3,1,1,0,2,0.3333,34.7844,0.0,4.3547,120,0.75,2.0,1.0
015_C208,15,C,3,4,OPTIMAL,106.0126,3,3,3,0,0,1.0,106.0126,0.0,0.0,120,0.75,2.0,1.0
015_C208,15,C,3,5,OPTIMAL,61.9463,3,1,1,0,2,0.3333,34.5442,0.0,27.4021,120,0.75,2.0,1.0
015_C208,15,C,3,6,OPTIMAL,64.8494,3,2,2,0,1,0.6667,57.1285,0.0,7.7209,120,0.75,2.0,1.0
015_C208,15,C,3,7,OPTIMAL,122.9365,3,3,2,1,0,1.0,122.9365,0.0,0.0,120,0.75,2.0,1.0
015_C208,15,C,3,8,OPTIMAL,120.6865,3,3,3,0,0,1.0,120.6865,0.0,0.0,120,0.75,2.0,1.0
015_C208,15,C,3,9,OPTIMAL,125.8318,3,3,3,0,0,1.0,125.8318,0.0,0.0,120,0.75,2.0,1.0
015_R101,15,R,1,0,OPTIMAL,0.0181,1,0,0,0,1,0.0,0.0,0.0,0.0181,120,0.75,2.0,1.0
015_R101,15,R,1,1,OPTIMAL,4.1611,1,0,0,0,1,0.0,0.0,0.0,4.1611,120,0.75,2.0,1.0
015_R101,15,R,1,2,OPTIMAL,0.2304,1,0,0,0,1,0.0,0.0,0.0,0.2304,120,0.75,2.0,1.0
015_R101,15,R,1,3,OPTIMAL,11.6677,1,0,0,0,1,0.0,0.0,0.0,11.6677,120,0.75,2.0,1.0
015_R101,15,R,1,4,OPTIMAL,7.7316,1,0,0,0,1,0.0,0.0,0.0,7.7316,120,0.75,2.0,1.0
015_R101,15,R,1,5,OPTIMAL,17.5761,1,0,0,0,1,0.0,0.0,0.0,17.5761,120,0.75,2.0,1.0
015_R101,15,R,1,6,OPTIMAL,1.4854,1,0,0,0,1,0.0,0.0,0.0,1.4854,120,0.75,2.0,1.0
015_R101,15,R,1,7,OPTIMAL,3.2438,1,0,0,0,1,0.0,0.0,0.0,3.2438,120,0.75,2.0,1.0
015_R101,15,R,1,8,OPTIMAL,1.8392,1,0,0,0,1,0.0,0.0,0.0,1.8392,120,0.75,2.0,1.0
015_R101,15,R,1,9,OPTIMAL,1.7045,1,0,0,0,1,0.0,0.0,0.0,1.7045,120,0.75,2.0,1.0
015_R101,15,R,2,0,OPTIMAL,8.8225,2,0,0,0,2,0.0,0.0,0.0,8.8225,120,0.75,2.0,1.0
015_R101,15,R,2,1,OPTIMAL,1.2725,2,0,0,0,2,0.0,0.0,0.0,1.2725,120,0.75,2.0,1.0
015_R101,15,R,2,2,OPTIMAL,52.742,2,1,0,1,1,0.5,44.709,0.0,8.0329,120,0.75,2.0,1.0
015_R101,15,R,2,3,OPTIMAL,1.8628,2,0,0,0,2,0.0,0.0,0.0,1.8628,120,0.75,2.0,1.0
015_R101,15,R,2,4,OPTIMAL,2.8579,2,0,0,0,2,0.0,0.0,0.0,2.8579,120,0.75,2.0,1.0
015_R101,15,R,2,5,OPTIMAL,39.3828,2,1,0,1,1,0.5,34.6071,0.0,4.7757,120,0.75,2.0,1.0
015_R101,15,R,2,6,OPTIMAL,46.3656,2,0,0,0,2,0.0,0.0,0.0,46.3656,120,0.75,2.0,1.0
015_R101,15,R,2,7,OPTIMAL,37.5648,2,0,0,0,2,0.0,0.0,0.0,37.5648,120,0.75,2.0,1.0
015_R101,15,R,2,8,OPTIMAL,15.8435,2,0,0,0,2,0.0,0.0,0.0,15.8435,120,0.75,2.0,1.0
015_R101,15,R,2,9,OPTIMAL,10.4741,2,0,0,0,2,0.0,0.0,0.0,10.4741,120,0.75,2.0,1.0
015_R101,15,R,3,0,OPTIMAL,8.0299,3,0,0,0,3,0.0,0.0,0.0,8.0299,120,0.75,2.0,1.0
015_R101,15,R,3,1,OPTIMAL,4.3805,3,0,0,0,3,0.0,0.0,0.0,4.3805,120,0.75,2.0,1.0
015_R101,15,R,3,2,OPTIMAL,3.312,3,0,0,0,3,0.0,0.0,0.0,3.312,120,0.75,2.0,1.0
015_R101,15,R,3,3,OPTIMAL,16.7221,3,0,0,0,3,0.0,0.0,0.0,16.7221,120,0.75,2.0,1.0
015_R101,15,R,3,4,OPTIMAL,9.2298,3,0,0,0,3,0.0,0.0,0.0,9.2298,120,0.75,2.0,1.0
015_R101,15,R,3,5,OPTIMAL,15.5243,3,0,0,0,3,0.0,0.0,0.0,15.5243,120,0.75,2.0,1.0
015_R101,15,R,3,6,OPTIMAL,22.9105,3,0,0,0,3,0.0,0.0,0.0,22.9105,120,0.75,2.0,1.0
015_R101,15,R,3,7,OPTIMAL,5.2161,3,0,0,0,3,0.0,0.0,0.0,5.2161,120,0.75,2.0,1.0
015_R101,15,R,3,8,OPTIMAL,72.6049,3,0,0,0,3,0.0,0.0,0.0,72.6049,120,0.75,2.0,1.0
015_R101,15,R,3,9,OPTIMAL,43.7662,3,0,0,0,3,0.0,0.0,0.0,43.7662,120,0.75,2.0,1.0
015_R102,15,R,1,0,OPTIMAL,0.0181,1,0,0,0,1,0.0,0.0,0.0,0.0181,120,0.75,2.0,1.0
015_R102,15,R,1,1,OPTIMAL,4.1611,1,0,0,0,1,0.0,0.0,0.0,4.1611,120,0.75,2.0,1.0
015_R102,15,R,1,2,OPTIMAL,4.3273,1,0,0,0,1,0.0,0.0,0.0,4.3273,120,0.75,2.0,1.0
015_R102,15,R,1,3,OPTIMAL,11.6677,1,0,0,0,1,0.0,0.0,0.0,11.6677,120,0.75,2.0,1.0
015_R102,15,R,1,4,OPTIMAL,3.8658,1,0,0,0,1,0.0,0.0,0.0,3.8658,120,0.75,2.0,1.0
015_R102,15,R,1,5,OPTIMAL,17.5761,1,0,0,0,1,0.0,0.0,0.0,17.5761,120,0.75,2.0,1.0
015_R102,15,R,1,6,OPTIMAL,1.4854,1,0,0,0,1,0.0,0.0,0.0,1.4854,120,0.75,2.0,1.0
015_R102,15,R,1,7,OPTIMAL,3.2438,1,0,0,0,1,0.0,0.0,0.0,3.2438,120,0.75,2.0,1.0
015_R102,15,R,1,8,OPTIMAL,0.9196,1,0,0,0,1,0.0,0.0,0.0,0.9196,120,0.75,2.0,1.0
015_R102,15,R,1,9,OPTIMAL,1.7045,1,0,0,0,1,0.0,0.0,0.0,1.7045,120,0.75,2.0,1.0
015_R102,15,R,2,0,OPTIMAL,8.5026,2,0,0,0,2,0.0,0.0,0.0,8.5026,120,0.75,2.0,1.0
015_R102,15,R,2,1,OPTIMAL,1.2725,2,0,0,0,2,0.0,0.0,0.0,1.2725,120,0.75,2.0,1.0
015_R102,15,R,2,2,OPTIMAL,52.742,2,1,0,1,1,0.5,44.709,0.0,8.0329,120,0.75,2.0,1.0
015_R102,15,R,2,3,OPTIMAL,8.5868,2,0,0,0,2,0.0,0.0,0.0,8.5868,120,0.75,2.0,1.0
015_R102,15,R,2,4,OPTIMAL,2.8579,2,0,0,0,2,0.0,0.0,0.0,2.8579,120,0.75,2.0,1.0
015_R102,15,R,2,5,OPTIMAL,39.3828,2,1,0,1,1,0.5,34.6071,0.0,4.7757,120,0.75,2.0,1.0
015_R102,15,R,2,6,OPTIMAL,46.3656,2,0,0,0,2,0.0,0.0,0.0,46.3656,120,0.75,2.0,1.0
015_R102,15,R,2,7,OPTIMAL,47.2697,2,1,0,1,1,0.5,47.1067,0.0,0.1629,120,0.75,2.0,1.0
015_R102,15,R,2,8,OPTIMAL,15.8435,2,0,0,0,2,0.0,0.0,0.0,15.8435,120,0.75,2.0,1.0
015_R102,15,R,2,9,OPTIMAL,5.2371,2,0,0,0,2,0.0,0.0,0.0,5.2371,120,0.75,2.0,1.0
015_R102,15,R,3,0,OPTIMAL,10.5571,3,0,0,0,3,0.0,0.0,0.0,10.5571,120,0.75,2.0,1.0
015_R102,15,R,3,1,OPTIMAL,9.2145,3,0,0,0,3,0.0,0.0,0.0,9.2145,120,0.75,2.0,1.0
015_R102,15,R,3,2,OPTIMAL,7.0395,3,0,0,0,3,0.0,0.0,0.0,7.0395,120,0.75,2.0,1.0
015_R102,15,R,3,3,OPTIMAL,16.7221,3,0,0,0,3,0.0,0.0,0.0,16.7221,120,0.75,2.0,1.0
015_R102,15,R,3,4,OPTIMAL,17.0267,3,0,0,0,3,0.0,0.0,0.0,17.0267,120,0.75,2.0,1.0
015_R102,15,R,3,5,OPTIMAL,17.7934,3,0,0,0,3,0.0,0.0,0.0,17.7934,120,0.75,2.0,1.0
015_R102,15,R,3,6,OPTIMAL,19.9755,3,0,0,0,3,0.0,0.0,0.0,19.9755,120,0.75,2.0,1.0
015_R102,15,R,3,7,OPTIMAL,5.2161,3,0,0,0,3,0.0,0.0,0.0,5.2161,120,0.75,2.0,1.0
015_R102,15,R,3,8,OPTIMAL,67.8889,3,0,0,0,3,0.0,0.0,0.0,67.8889,120,0.75,2.0,1.0
015_R102,15,R,3,9,OPTIMAL,48.4399,3,0,0,0,3,0.0,0.0,0.0,48.4399,120,0.75,2.0,1.0
015_R103,15,R,1,0,OPTIMAL,0.0181,1,0,0,0,1,0.0,0.0,0.0,0.0181,120,0.75,2.0,1.0
015_R103,15,R,1,1,OPTIMAL,4.1611,1,0,0,0,1,0.0,0.0,0.0,4.1611,120,0.75,2.0,1.0
015_R103,15,R,1,2,OPTIMAL,0.4609,1,0,0,0,1,0.0,0.0,0.0,0.4609,120,0.75,2.0,1.0
015_R103,15,R,1,3,OPTIMAL,11.6677,1,0,0,0,1,0.0,0.0,0.0,11.6677,120,0.75,2.0,1.0
015_R103,15,R,1,4,OPTIMAL,3.8658,1,0,0,0,1,0.0,0.0,0.0,3.8658,120,0.75,2.0,1.0
015_R103,15,R,1,5,OPTIMAL,17.5761,1,0,0,0,1,0.0,0.0,0.0,17.5761,120,0.75,2.0,1.0
015_R103,15,R,1,6,OPTIMAL,1.4854,1,0,0,0,1,0.0,0.0,0.0,1.4854,120,0.75,2.0,1.0
015_R103,15,R,1,7,OPTIMAL,3.2438,1,0,0,0,1,0.0,0.0,0.0,3.2438,120,0.75,2.0,1.0
015_R103,15,R,1,8,OPTIMAL,0.9196,1,0,0,0,1,0.0,0.0,0.0,0.9196,120,0.75,2.0,1.0
015_R103,15,R,1,9,OPTIMAL,1.7045,1,0,0,0,1,0.0,0.0,0.0,1.7045,120,0.75,2.0,1.0
015_R103,15,R,2,0,OPTIMAL,8.5026,2,0,0,0,2,0.0,0.0,0.0,8.5026,120,0.75,2.0,1.0
015_R103,15,R,2,1,OPTIMAL,1.2725,2,0,0,0,2,0.0,0.0,0.0,1.2725,120,0.75,2.0,1.0
015_R103,15,R,2,2,OPTIMAL,52.742,2,1,0,1,1,0.5,44.709,0.0,8.0329,120,0.75,2.0,1.0
015_R103,15,R,2,3,OPTIMAL,8.5868,2,0,0,0,2,0.0,0.0,0.0,8.5868,120,0.75,2.0,1.0
015_R103,15,R,2,4,OPTIMAL,2.8579,2,0,0,0,2,0.0,0.0,0.0,2.8579,120,0.75,2.0,1.0
015_R103,15,R,2,5,OPTIMAL,39.3828,2,1,0,1,1,0.5,34.6071,0.0,4.7757,120,0.75,2.0,1.0
015_R103,15,R,2,6,OPTIMAL,46.3656,2,0,0,0,2,0.0,0.0,0.0,46.3656,120,0.75,2.0,1.0
015_R103,15,R,2,7,OPTIMAL,37.5648,2,0,0,0,2,0.0,0.0,0.0,37.5648,120,0.75,2.0,1.0
015_R103,15,R,2,8,OPTIMAL,15.8435,2,0,0,0,2,0.0,0.0,0.0,15.8435,120,0.75,2.0,1.0
015_R103,15,R,2,9,OPTIMAL,5.2371,2,0,0,0,2,0.0,0.0,0.0,5.2371,120,0.75,2.0,1.0
015_R103,15,R,3,0,OPTIMAL,10.5571,3,0,0,0,3,0.0,0.0,0.0,10.5571,120,0.75,2.0,1.0
015_R103,15,R,3,1,OPTIMAL,9.2145,3,0,0,0,3,0.0,0.0,0.0,9.2145,120,0.75,2.0,1.0
015_R103,15,R,3,2,OPTIMAL,3.3862,3,0,0,0,3,0.0,0.0,0.0,3.3862,120,0.75,2.0,1.0
015_R103,15,R,3,3,OPTIMAL,16.7221,3,0,0,0,3,0.0,0.0,0.0,16.7221,120,0.75,2.0,1.0
015_R103,15,R,3,4,OPTIMAL,11.2984,3,0,0,0,3,0.0,0.0,0.0,11.2984,120,0.75,2.0,1.0
015_R103,15,R,3,5,OPTIMAL,17.7934,3,0,0,0,3,0.0,0.0,0.0,17.7934,120,0.75,2.0,1.0
015_R103,15,R,3,6,OPTIMAL,20.2143,3,0,0,0,3,0.0,0.0,0.0,20.2143,120,0.75,2.0,1.0
015_R103,15,R,3,7,OPTIMAL,5.2161,3,0,0,0,3,0.0,0.0,0.0,5.2161,120,0.75,2.0,1.0
015_R103,15,R,3,8,OPTIMAL,67.8889,3,0,0,0,3,0.0,0.0,0.0,67.8889,120,0.75,2.0,1.0
015_R103,15,R,3,9,OPTIMAL,48.4399,3,0,0,0,3,0.0,0.0,0.0,48.4399,120,0.75,2.0,1.0
015_R104,15,R,1,0,OPTIMAL,3.0669,1,0,0,0,1,0.0,0.0,0.0,3.0669,120,0.75,2.0,1.0
015_R104,15,R,1,1,OPTIMAL,22.461,1,0,0,0,1,0.0,0.0,0.0,22.461,120,0.75,2.0,1.0
015_R104,15,R,1,2,OPTIMAL,0.4609,1,0,0,0,1,0.0,0.0,0.0,0.4609,120,0.75,2.0,1.0
015_R104,15,R,1,3,OPTIMAL,11.6677,1,0,0,0,1,0.0,0.0,0.0,11.6677,120,0.75,2.0,1.0
015_R104,15,R,1,4,OPTIMAL,1.4732,1,0,0,0,1,0.0,0.0,0.0,1.4732,120,0.75,2.0,1.0
015_R104,15,R,1,5,OPTIMAL,17.5761,1,0,0,0,1,0.0,0.0,0.0,17.5761,120,0.75,2.0,1.0
015_R104,15,R,1,6,OPTIMAL,1.4854,1,0,0,0,1,0.0,0.0,0.0,1.4854,120,0.75,2.0,1.0
015_R104,15,R,1,7,OPTIMAL,3.2438,1,0,0,0,1,0.0,0.0,0.0,3.2438,120,0.75,2.0,1.0
015_R104,15,R,1,8,OPTIMAL,0.9196,1,0,0,0,1,0.0,0.0,0.0,0.9196,120,0.75,2.0,1.0
015_R104,15,R,1,9,OPTIMAL,1.7045,1,0,0,0,1,0.0,0.0,0.0,1.7045,120,0.75,2.0,1.0
015_R104,15,R,2,0,OPTIMAL,8.5026,2,0,0,0,2,0.0,0.0,0.0,8.5026,120,0.75,2.0,1.0
015_R104,15,R,2,1,OPTIMAL,1.2725,2,0,0,0,2,0.0,0.0,0.0,1.2725,120,0.75,2.0,1.0
015_R104,15,R,2,2,OPTIMAL,52.742,2,1,0,1,1,0.5,44.709,0.0,8.0329,120,0.75,2.0,1.0
015_R104,15,R,2,3,OPTIMAL,8.5868,2,0,0,0,2,0.0,0.0,0.0,8.5868,120,0.75,2.0,1.0
015_R104,15,R,2,4,OPTIMAL,3.2968,2,0,0,0,2,0.0,0.0,0.0,3.2968,120,0.75,2.0,1.0
015_R104,15,R,2,5,OPTIMAL,24.7359,2,0,0,0,2,0.0,0.0,0.0,24.7359,120,0.75,2.0,1.0
015_R104,15,R,2,6,OPTIMAL,46.3656,2,0,0,0,2,0.0,0.0,0.0,46.3656,120,0.75,2.0,1.0
015_R104,15,R,2,7,OPTIMAL,47.2697,2,1,0,1,1,0.5,47.1067,0.0,0.1629,120,0.75,2.0,1.0
015_R104,15,R,2,8,OPTIMAL,15.8435,2,0,0,0,2,0.0,0.0,0.0,15.8435,120,0.75,2.0,1.0
015_R104,15,R,2,9,OPTIMAL,5.2371,2,0,0,0,2,0.0,0.0,0.0,5.2371,120,0.75,2.0,1.0
015_R104,15,R,3,0,OPTIMAL,14.9019,3,0,0,0,3,0.0,0.0,0.0,14.9019,120,0.75,2.0,1.0
015_R104,15,R,3,1,OPTIMAL,9.4584,3,0,0,0,3,0.0,0.0,0.0,9.4584,120,0.75,2.0,1.0
015_R104,15,R,3,2,OPTIMAL,3.3862,3,0,0,0,3,0.0,0.0,0.0,3.3862,120,0.75,2.0,1.0
015_R104,15,R,3,3,OPTIMAL,32.6213,3,0,0,0,3,0.0,0.0,0.0,32.6213,120,0.75,2.0,1.0
015_R104,15,R,3,4,OPTIMAL,11.2984,3,0,0,0,3,0.0,0.0,0.0,11.2984,120,0.75,2.0,1.0
015_R104,15,R,3,5,OPTIMAL,17.7934,3,0,0,0,3,0.0,0.0,0.0,17.7934,120,0.75,2.0,1.0
015_R104,15,R,3,6,OPTIMAL,20.2143,3,0,0,0,3,0.0,0.0,0.0,20.2143,120,0.75,2.0,1.0
015_R104,15,R,3,7,OPTIMAL,5.2161,3,0,0,0,3,0.0,0.0,0.0,5.2161,120,0.75,2.0,1.0
015_R104,15,R,3,8,OPTIMAL,54.9327,3,0,0,0,3,0.0,0.0,0.0,54.9327,120,0.75,2.0,1.0
015_R104,15,R,3,9,OPTIMAL,49.4151,3,0,0,0,3,0.0,0.0,0.0,49.4151,120,0.75,2.0,1.0
015_R105,15,R,1,0,OPTIMAL,0.0181,1,0,0,0,1,0.0,0.0,0.0,0.0181,120,0.75,2.0,1.0
015_R105,15,R,1,1,OPTIMAL,4.1611,1,0,0,0,1,0.0,0.0,0.0,4.1611,120,0.75,2.0,1.0
015_R105,15,R,1,2,OPTIMAL,0.2304,1,0,0,0,1,0.0,0.0,0.0,0.2304,120,0.75,2.0,1.0
015_R105,15,R,1,3,OPTIMAL,23.9374,1,0,0,0,1,0.0,0.0,0.0,23.9374,120,0.75,2.0,1.0
015_R105,15,R,1,4,OPTIMAL,0.7366,1,0,0,0,1,0.0,0.0,0.0,0.7366,120,0.75,2.0,1.0
015_R105,15,R,1,5,OPTIMAL,17.5761,1,0,0,0,1,0.0,0.0,0.0,17.5761,120,0.75,2.0,1.0
015_R105,15,R,1,6,OPTIMAL,1.4854,1,0,0,0,1,0.0,0.0,0.0,1.4854,120,0.75,2.0,1.0
015_R105,15,R,1,7,OPTIMAL,3.2438,1,0,0,0,1,0.0,0.0,0.0,3.2438,120,0.75,2.0,1.0
015_R105,15,R,1,8,OPTIMAL,1.8392,1,0,0,0,1,0.0,0.0,0.0,1.8392,120,0.75,2.0,1.0
015_R105,15,R,1,9,OPTIMAL,1.7045,1,0,0,0,1,0.0,0.0,0.0,1.7045,120,0.75,2.0,1.0
015_R105,15,R,2,0,OPTIMAL,8.3953,2,0,0,0,2,0.0,0.0,0.0,8.3953,120,0.75,2.0,1.0
015_R105,15,R,2,1,OPTIMAL,1.2725,2,0,0,0,2,0.0,0.0,0.0,1.2725,120,0.75,2.0,1.0
015_R105,15,R,2,2,OPTIMAL,52.5277,2,0,0,0,2,0.0,0.0,0.0,52.5277,120,0.75,2.0,1.0
015_R105,15,R,2,3,OPTIMAL,4.9802,2,0,0,0,2,0.0,0.0,0.0,4.9802,120,0.75,2.0,1.0
015_R105,15,R,2,4,OPTIMAL,2.8579,2,0,0,0,2,0.0,0.0,0.0,2.8579,120,0.75,2.0,1.0
015_R105,15,R,2,5,OPTIMAL,5.1662,2,0,0,0,2,0.0,0.0,0.0,5.1662,120,0.75,2.0,1.0
015_R105,15,R,2,6,OPTIMAL,46.3656,2,0,0,0,2,0.0,0.0,0.0,46.3656,120,0.75,2.0,1.0
015_R105,15,R,2,7,OPTIMAL,41.9495,2,0,0,0,2,0.0,0.0,0.0,41.9495,120,0.75,2.0,1.0
015_R105,15,R,2,8,OPTIMAL,15.8435,2,0,0,0,2,0.0,0.0,0.0,15.8435,120,0.75,2.0,1.0
015_R105,15,R,2,9,OPTIMAL,11.0232,2,0,0,0,2,0.0,0.0,0.0,11.0232,120,0.75,2.0,1.0
015_R105,15,R,3,0,OPTIMAL,16.0932,3,0,0,0,3,0.0,0.0,0.0,16.0932,120,0.75,2.0,1.0
015_R105,15,R,3,1,OPTIMAL,4.3805,3,0,0,0,3,0.0,0.0,0.0,4.3805,120,0.75,2.0,1.0
015_R105,15,R,3,2,OPTIMAL,3.2366,3,0,0,0,3,0.0,0.0,0.0,3.2366,120,0.75,2.0,1.0
015_R105,15,R,3,3,OPTIMAL,16.7221,3,0,0,0,3,0.0,0.0,0.0,16.7221,120,0.75,2.0,1.0
015_R105,15,R,3,4,OPTIMAL,11.1368,3,0,0,0,3,0.0,0.0,0.0,11.1368,120,0.75,2.0,1.0
015_R105,15,R,3,5,OPTIMAL,17.616,3,0,0,0,3,0.0,0.0,0.0,17.616,120,0.75,2.0,1.0
015_R105,15,R,3,6,OPTIMAL,20.062,3,0,0,0,3,0.0,0.0,0.0,20.062,120,0.75,2.0,1.0
015_R105,15,R,3,7,OPTIMAL,5.2161,3,0,0,0,3,0.0,0.0,0.0,5.2161,120,0.75,2.0,1.0
015_R105,15,R,3,8,OPTIMAL,43.0257,3,0,0,0,3,0.0,0.0,0.0,43.0257,120,0.75,2.0,1.0
015_R105,15,R,3,9,OPTIMAL,43.7662,3,0,0,0,3,0.0,0.0,0.0,43.7662,120,0.75,2.0,1.0
015_R106,15,R,1,0,OPTIMAL,0.0181,1,0,0,0,1,0.0,0.0,0.0,0.0181,120,0.75,2.0,1.0
015_R106,15,R,1,1,OPTIMAL,4.1611,1,0,0,0,1,0.0,0.0,0.0,4.1611,120,0.75,2.0,1.0
015_R106,15,R,1,2,OPTIMAL,0.4609,1,0,0,0,1,0.0,0.0,0.0,0.4609,120,0.75,2.0,1.0
015_R106,15,R,1,3,OPTIMAL,34.4875,1,1,0,1,0,1.0,34.4875,0.0,0.0,120,0.75,2.0,1.0
015_R106,15,R,1,4,OPTIMAL,0.7366,1,0,0,0,1,0.0,0.0,0.0,0.7366,120,0.75,2.0,1.0
015_R106,15,R,1,5,OPTIMAL,29.7098,1,1,0,1,0,1.0,29.7098,0.0,0.0,120,0.75,2.0,1.0
015_R106,15,R,1,6,OPTIMAL,1.4854,1,0,0,0,1,0.0,0.0,0.0,1.4854,120,0.75,2.0,1.0
015_R106,15,R,1,7,OPTIMAL,38.1594,1,1,0,1,0,1.0,38.1594,0.0,0.0,120,0.75,2.0,1.0
015_R106,15,R,1,8,OPTIMAL,0.9196,1,0,0,0,1,0.0,0.0,0.0,0.9196,120,0.75,2.0,1.0
015_R106,15,R,1,9,OPTIMAL,1.7045,1,0,0,0,1,0.0,0.0,0.0,1.7045,120,0.75,2.0,1.0
015_R106,15,R,2,0,OPTIMAL,17.1728,2,0,0,0,2,0.0,0.0,0.0,17.1728,120,0.75,2.0,1.0
015_R106,15,R,2,1,OPTIMAL,1.2725,2,0,0,0,2,0.0,0.0,0.0,1.2725,120,0.75,2.0,1.0
015_R106,15,R,2,2,OPTIMAL,52.742,2,1,0,1,1,0.5,44.709,0.0,8.0329,120,0.75,2.0,1.0
015_R106,15,R,2,3,OPTIMAL,8.5868,2,0,0,0,2,0.0,0.0,0.0,8.5868,120,0.75,2.0,1.0
015_R106,15,R,2,4,OPTIMAL,2.8579,2,0,0,0,2,0.0,0.0,0.0,2.8579,120,0.75,2.0,1.0
015_R106,15,R,2,5,OPTIMAL,24.7359,2,0,0,0,2,0.0,0.0,0.0,24.7359,120,0.75,2.0,1.0
015_R106,15,R,2,6,OPTIMAL,51.166,2,1,0,1,1,0.5,50.8452,0.0,0.3208,120,0.75,2.0,1.0
015_R106,15,R,2,7,OPTIMAL,37.5648,2,0,0,0,2,0.0,0.0,0.0,37.5648,120,0.75,2.0,1.0
015_R106,15,R,2,8,OPTIMAL,36.4211,2,1,0,1,1,0.5,28.5871,0.0,7.834,120,0.75,2.0,1.0
015_R106,15,R,2,9,OPTIMAL,5.2371,2,0,0,0,2,0.0,0.0,0.0,5.2371,120,0.75,2.0,1.0
015_R106,15,R,3,0,OPTIMAL,10.5571,3,0,0,0,3,0.0,0.0,0.0,10.5571,120,0.75,2.0,1.0
015_R106,15,R,3,1,OPTIMAL,30.8884,3,0,0,0,3,0.0,0.0,0.0,30.8884,120,0.75,2.0,1.0
015_R106,15,R,3,2,OPTIMAL,3.3109,3,0,0,0,3,0.0,0.0,0.0,3.3109,120,0.75,2.0,1.0
015_R106,15,R,3,3,OPTIMAL,16.7221,3,0,0,0,3,0.0,0.0,0.0,16.7221,120,0.75,2.0,1.0
015_R106,15,R,3,4,OPTIMAL,11.2984,3,0,0,0,3,0.0,0.0,0.0,11.2984,120,0.75,2.0,1.0
015_R106,15,R,3,5,OPTIMAL,35.6966,3,1,0,1,2,0.3333,21.7111,0.0,13.9855,120,0.75,2.0,1.0
015_R106,15,R,3,6,OPTIMAL,20.2143,3,0,0,0,3,0.0,0.0,0.0,20.2143,120,0.75,2.0,1.0
015_R106,15,R,3,7,OPTIMAL,35.9972,3,0,0,0,3,0.0,0.0,0.0,35.9972,120,0.75,2.0,1.0
015_R106,15,R,3,8,OPTIMAL,67.3357,3,1,0,1,2,0.3333,42.4311,0.0,24.9046,120,0.75,2.0,1.0
015_R106,15,R,3,9,OPTIMAL,80.1685,3,2,0,2,1,0.6667,79.1933,0.0,0.9752,120,0.75,2.0,1.0
015_R107,15,R,1,0,OPTIMAL,0.0181,1,0,0,0,1,0.0,0.0,0.0,0.0181,120,0.75,2.0,1.0
015_R107,15,R,1,1,OPTIMAL,4.1611,1,0,0,0,1,0.0,0.0,0.0,4.1611,120,0.75,2.0,1.0
015_R107,15,R,1,2,OPTIMAL,4.3273,1,0,0,0,1,0.0,0.0,0.0,4.3273,120,0.75,2.0,1.0
015_R107,15,R,1,3,OPTIMAL,23.9374,1,0,0,0,1,0.0,0.0,0.0,23.9374,120,0.75,2.0,1.0
015_R107,15,R,1,4,OPTIMAL,0.7366,1,0,0,0,1,0.0,0.0,0.0,0.7366,120,0.75,2.0,1.0
015_R107,15,R,1,5,OPTIMAL,17.5761,1,0,0,0,1,0.0,0.0,0.0,17.5761,120,0.75,2.0,1.0
015_R107,15,R,1,6,OPTIMAL,1.4854,1,0,0,0,1,0.0,0.0,0.0,1.4854,120,0.75,2.0,1.0
015_R107,15,R,1,7,OPTIMAL,3.2438,1,0,0,0,1,0.0,0.0,0.0,3.2438,120,0.75,2.0,1.0
015_R107,15,R,1,8,OPTIMAL,0.9196,1,0,0,0,1,0.0,0.0,0.0,0.9196,120,0.75,2.0,1.0
015_R107,15,R,1,9,OPTIMAL,1.7045,1,0,0,0,1,0.0,0.0,0.0,1.7045,120,0.75,2.0,1.0
015_R107,15,R,2,0,OPTIMAL,8.5026,2,0,0,0,2,0.0,0.0,0.0,8.5026,120,0.75,2.0,1.0
015_R107,15,R,2,1,OPTIMAL,1.2725,2,0,0,0,2,0.0,0.0,0.0,1.2725,120,0.75,2.0,1.0
015_R107,15,R,2,2,OPTIMAL,57.8094,2,0,0,0,2,0.0,0.0,0.0,57.8094,120,0.75,2.0,1.0
015_R107,15,R,2,3,OPTIMAL,6.6649,2,0,0,0,2,0.0,0.0,0.0,6.6649,120,0.75,2.0,1.0
015_R107,15,R,2,4,OPTIMAL,2.8579,2,0,0,0,2,0.0,0.0,0.0,2.8579,120,0.75,2.0,1.0
015_R107,15,R,2,5,OPTIMAL,5.1662,2,0,0,0,2,0.0,0.0,0.0,5.1662,120,0.75,2.0,1.0
015_R107,15,R,2,6,OPTIMAL,46.3656,2,0,0,0,2,0.0,0.0,0.0,46.3656,120,0.75,2.0,1.0
015_R107,15,R,2,7,OPTIMAL,41.9495,2,0,0,0,2,0.0,0.0,0.0,41.9495,120,0.75,2.0,1.0
015_R107,15,R,2,8,OPTIMAL,15.8435,2,0,0,0,2,0.0,0.0,0.0,15.8435,120,0.75,2.0,1.0
015_R107,15,R,2,9,OPTIMAL,5.2371,2,0,0,0,2,0.0,0.0,0.0,5.2371,120,0.75,2.0,1.0
015_R107,15,R,3,0,OPTIMAL,10.5571,3,0,0,0,3,0.0,0.0,0.0,10.5571,120,0.75,2.0,1.0
015_R107,15,R,3,1,OPTIMAL,27.8463,3,0,0,0,3,0.0,0.0,0.0,27.8463,120,0.75,2.0,1.0
015_R107,15,R,3,2,OPTIMAL,6.9642,3,0,0,0,3,0.0,0.0,0.0,6.9642,120,0.75,2.0,1.0
015_R107,15,R,3,3,OPTIMAL,20.7449,3,0,0,0,3,0.0,0.0,0.0,20.7449,120,0.75,2.0,1.0
015_R107,15,R,3,4,OPTIMAL,21.9486,3,0,0,0,3,0.0,0.0,0.0,21.9486,120,0.75,2.0,1.0
015_R107,15,R,3,5,OPTIMAL,24.667,3,0,0,0,3,0.0,0.0,0.0,24.667,120,0.75,2.0,1.0
015_R107,15,R,3,6,OPTIMAL,26.8379,3,0,0,0,3,0.0,0.0,0.0,26.8379,120,0.75,2.0,1.0
015_R107,15,R,3,7,OPTIMAL,7.2953,3,0,0,0,3,0.0,0.0,0.0,7.2953,120,0.75,2.0,1.0
015_R107,15,R,3,8,OPTIMAL,40.1673,3,0,0,0,3,0.0,0.0,0.0,40.1673,120,0.75,2.0,1.0
015_R107,15,R,3,9,OPTIMAL,62.9719,3,0,0,0,3,0.0,0.0,0.0,62.9719,120,0.75,2.0,1.0
015_R108,15,R,1,0,OPTIMAL,3.0669,1,0,0,0,1,0.0,0.0,0.0,3.0669,120,0.75,2.0,1.0
015_R108,15,R,1,1,OPTIMAL,22.461,1,0,0,0,1,0.0,0.0,0.0,22.461,120,0.75,2.0,1.0
015_R108,15,R,1,2,OPTIMAL,4.3273,1,0,0,0,1,0.0,0.0,0.0,4.3273,120,0.75,2.0,1.0
015_R108,15,R,1,3,OPTIMAL,29.1599,1,0,0,0,1,0.0,0.0,0.0,29.1599,120,0.75,2.0,1.0
015_R108,15,R,1,4,OPTIMAL,1.4732,1,0,0,0,1,0.0,0.0,0.0,1.4732,120,0.75,2.0,1.0
015_R108,15,R,1,5,OPTIMAL,17.5761,1,0,0,0,1,0.0,0.0,0.0,17.5761,120,0.75,2.0,1.0
015_R108,15,R,1,6,OPTIMAL,1.4854,1,0,0,0,1,0.0,0.0,0.0,1.4854,120,0.75,2.0,1.0
015_R108,15,R,1,7,OPTIMAL,3.2438,1,0,0,0,1,0.0,0.0,0.0,3.2438,120,0.75,2.0,1.0
015_R108,15,R,1,8,OPTIMAL,0.9196,1,0,0,0,1,0.0,0.0,0.0,0.9196,120,0.75,2.0,1.0
015_R108,15,R,1,9,OPTIMAL,1.7045,1,0,0,0,1,0.0,0.0,0.0,1.7045,120,0.75,2.0,1.0
015_R108,15,R,2,0,OPTIMAL,8.5026,2,0,0,0,2,0.0,0.0,0.0,8.5026,120,0.75,2.0,1.0
015_R108,15,R,2,1,OPTIMAL,1.2725,2,0,0,0,2,0.0,0.0,0.0,1.2725,120,0.75,2.0,1.0
015_R108,15,R,2,2,OPTIMAL,58.0237,2,1,0,1,1,0.5,44.709,0.0,13.3147,120,0.75,2.0,1.0
015_R108,15,R,2,3,OPTIMAL,6.6649,2,0,0,0,2,0.0,0.0,0.0,6.6649,120,0.75,2.0,1.0
015_R108,15,R,2,4,OPTIMAL,3.2968,2,0,0,0,2,0.0,0.0,0.0,3.2968,120,0.75,2.0,1.0
015_R108,15,R,2,5,OPTIMAL,5.1662,2,0,0,0,2,0.0,0.0,0.0,5.1662,120,0.75,2.0,1.0
015_R108,15,R,2,6,OPTIMAL,46.3656,2,0,0,0,2,0.0,0.0,0.0,46.3656,120,0.75,2.0,1.0
015_R108,15,R,2,7,OPTIMAL,47.2697,2,1,0,1,1,0.5,47.1067,0.0,0.1629,120,0.75,2.0,1.0
015_R108,15,R,2,8,OPTIMAL,15.8435,2,0,0,0,2,0.0,0.0,0.0,15.8435,120,0.75,2.0,1.0
015_R108,15,R,2,9,OPTIMAL,5.2371,2,0,0,0,2,0.0,0.0,0.0,5.2371,120,0.75,2.0,1.0
015_R108,15,R,3,0,OPTIMAL,18.4103,3,0,0,0,3,0.0,0.0,0.0,18.4103,120,0.75,2.0,1.0
015_R108,15,R,3,1,OPTIMAL,34.9523,3,1,0,1,2,0.3333,30.4877,0.0,4.4646,120,0.75,2.0,1.0
015_R108,15,R,3,2,OPTIMAL,7.0395,3,0,0,0,3,0.0,0.0,0.0,7.0395,120,0.75,2.0,1.0
015_R108,15,R,3,3,OPTIMAL,43.1994,3,1,0,1,2,0.3333,32.1757,0.0,11.0237,120,0.75,2.0,1.0
015_R108,15,R,3,4,OPTIMAL,21.9486,3,0,0,0,3,0.0,0.0,0.0,21.9486,120,0.75,2.0,1.0
015_R108,15,R,3,5,OPTIMAL,24.667,3,0,0,0,3,0.0,0.0,0.0,24.667,120,0.75,2.0,1.0
015_R108,15,R,3,6,OPTIMAL,26.8379,3,0,0,0,3,0.0,0.0,0.0,26.8379,120,0.75,2.0,1.0
015_R108,15,R,3,7,OPTIMAL,7.2953,3,0,0,0,3,0.0,0.0,0.0,7.2953,120,0.75,2.0,1.0
015_R108,15,R,3,8,OPTIMAL,40.1673,3,0,0,0,3,0.0,0.0,0.0,40.1673,120,0.75,2.0,1.0
015_R108,15,R,3,9,OPTIMAL,64.0521,3,0,0,0,3,0.0,0.0,0.0,64.0521,120,0.75,2.0,1.0
015_R109,15,R,1,0,OPTIMAL,0.0181,1,0,0,0,1,0.0,0.0,0.0,0.0181,120,0.75,2.0,1.0
015_R109,15,R,1,1,OPTIMAL,4.1611,1,0,0,0,1,0.0,0.0,0.0,4.1611,120,0.75,2.0,1.0
015_R109,15,R,1,2,OPTIMAL,0.4609,1,0,0,0,1,0.0,0.0,0.0,0.4609,120,0.75,2.0,1.0
015_R109,15,R,1,3,OPTIMAL,29.1599,1,0,0,0,1,0.0,0.0,0.0,29.1599,120,0.75,2.0,1.0
015_R109,15,R,1,4,OPTIMAL,0.7366,1,0,0,0,1,0.0,0.0,0.0,0.7366,120,0.75,2.0,1.0
015_R109,15,R,1,5,OPTIMAL,17.5761,1,0,0,0,1,0.0,0.0,0.0,17.5761,120,0.75,2.0,1.0
015_R109,15,R,1,6,OPTIMAL,1.4854,1,0,0,0,1,0.0,0.0,0.0,1.4854,120,0.75,2.0,1.0
015_R109,15,R,1,7,OPTIMAL,3.2438,1,0,0,0,1,0.0,0.0,0.0,3.2438,120,0.75,2.0,1.0
015_R109,15,R,1,8,OPTIMAL,0.9196,1,0,0,0,1,0.0,0.0,0.0,0.9196,120,0.75,2.0,1.0
015_R109,15,R,1,9,OPTIMAL,1.7045,1,0,0,0,1,0.0,0.0,0.0,1.7045,120,0.75,2.0,1.0
015_R109,15,R,2,0,OPTIMAL,8.5026,2,0,0,0,2,0.0,0.0,0.0,8.5026,120,0.75,2.0,1.0
015_R109,15,R,2,1,OPTIMAL,11.9793,2,0,0,0,2,0.0,0.0,0.0,11.9793,120,0.75,2.0,1.0
015_R109,15,R,2,2,OPTIMAL,39.5996,2,0,0,0,2,0.0,0.0,0.0,39.5996,120,0.75,2.0,1.0
015_R109,15,R,2,3,OPTIMAL,4.1041,2,0,0,0,2,0.0,0.0,0.0,4.1041,120,0.75,2.0,1.0
015_R109,15,R,2,4,OPTIMAL,17.4605,2,0,0,0,2,0.0,0.0,0.0,17.4605,120,0.75,2.0,1.0
015_R109,15,R,2,5,OPTIMAL,5.1662,2,0,0,0,2,0.0,0.0,0.0,5.1662,120,0.75,2.0,1.0
015_R109,15,R,2,6,OPTIMAL,46.6929,2,0,0,0,2,0.0,0.0,0.0,46.6929,120,0.75,2.0,1.0
015_R109,15,R,2,7,OPTIMAL,41.1098,2,0,0,0,2,0.0,0.0,0.0,41.1098,120,0.75,2.0,1.0
015_R109,15,R,2,8,OPTIMAL,15.8435,2,0,0,0,2,0.0,0.0,0.0,15.8435,120,0.75,2.0,1.0
015_R109,15,R,2,9,OPTIMAL,30.6438,2,0,0,0,2,0.0,0.0,0.0,30.6438,120,0.75,2.0,1.0
015_R109,15,R,3,0,OPTIMAL,18.0557,3,0,0,0,3,0.0,0.0,0.0,18.0557,120,0.75,2.0,1.0
015_R109,15,R,3,1,OPTIMAL,4.3805,3,0,0,0,3,0.0,0.0,0.0,4.3805,120,0.75,2.0,1.0
015_R109,15,R,3,2,OPTIMAL,3.3109,3,0,0,0,3,0.0,0.0,0.0,3.3109,120,0.75,2.0,1.0
015_R109,15,R,3,3,OPTIMAL,16.6653,3,0,0,0,3,0.0,0.0,0.0,16.6653,120,0.75,2.0,1.0
015_R109,15,R,3,4,OPTIMAL,9.3914,3,0,0,0,3,0.0,0.0,0.0,9.3914,120,0.75,2.0,1.0
015_R109,15,R,3,5,OPTIMAL,15.5243,3,0,0,0,3,0.0,0.0,0.0,15.5243,120,0.75,2.0,1.0
015_R109,15,R,3,6,OPTIMAL,17.3658,3,0,0,0,3,0.0,0.0,0.0,17.3658,120,0.75,2.0,1.0
015_R109,15,R,3,7,OPTIMAL,5.2161,3,0,0,0,3,0.0,0.0,0.0,5.2161,120,0.75,2.0,1.0
015_R109,15,R,3,8,OPTIMAL,43.0257,3,0,0,0,3,0.0,0.0,0.0,43.0257,120,0.75,2.0,1.0
015_R109,15,R,3,9,OPTIMAL,43.988,3,0,0,0,3,0.0,0.0,0.0,43.988,120,0.75,2.0,1.0
015_R110,15,R,1,0,OPTIMAL,17.8286,1,0,0,0,1,0.0,0.0,0.0,17.8286,120,0.75,2.0,1.0
015_R110,15,R,1,1,OPTIMAL,29.8081,1,0,0,0,1,0.0,0.0,0.0,29.8081,120,0.75,2.0,1.0
015_R110,15,R,1,2,OPTIMAL,0.4609,1,0,0,0,1,0.0,0.0,0.0,0.4609,120,0.75,2.0,1.0
015_R110,15,R,1,3,OPTIMAL,34.4875,1,1,0,1,0,1.0,34.4875,0.0,0.0,120,0.75,2.0,1.0
015_R110,15,R,1,4,OPTIMAL,15.3431,1,0,0,0,1,0.0,0.0,0.0,15.3431,120,0.75,2.0,1.0
015_R110,15,R,1,5,OPTIMAL,29.7098,1,1,0,1,0,1.0,29.7098,0.0,0.0,120,0.75,2.0,1.0
015_R110,15,R,1,6,OPTIMAL,0.504,1,0,0,0,1,0.0,0.0,0.0,0.504,120,0.75,2.0,1.0
015_R110,15,R,1,7,OPTIMAL,26.0977,1,0,0,0,1,0.0,0.0,0.0,26.0977,120,0.75,2.0,1.0
015_R110,15,R,1,8,OPTIMAL,4.049,1,0,0,0,1,0.0,0.0,0.0,4.049,120,0.75,2.0,1.0
015_R110,15,R,1,9,OPTIMAL,3.4091,1,0,0,0,1,0.0,0.0,0.0,3.4091,120,0.75,2.0,1.0
015_R110,15,R,2,0,OPTIMAL,44.1653,2,1,0,1,1,0.5,17.7023,0.0,26.463,120,0.75,2.0,1.0
015_R110,15,R,2,1,OPTIMAL,14.1379,2,0,0,0,2,0.0,0.0,0.0,14.1379,120,0.75,2.0,1.0
015_R110,15,R,2,2,OPTIMAL,47.6326,2,0,0,0,2,0.0,0.0,0.0,47.6326,120,0.75,2.0,1.0
015_R110,15,R,2,3,OPTIMAL,9.8339,2,0,0,0,2,0.0,0.0,0.0,9.8339,120,0.75,2.0,1.0
015_R110,15,R,2,4,OPTIMAL,33.4369,2,0,0,0,2,0.0,0.0,0.0,33.4369,120,0.75,2.0,1.0
015_R110,15,R,2,5,OPTIMAL,5.1662,2,0,0,0,2,0.0,0.0,0.0,5.1662,120,0.75,2.0,1.0
015_R110,15,R,2,6,OPTIMAL,51.4933,2,1,0,1,1,0.5,50.8452,0.0,0.6481,120,0.75,2.0,1.0
015_R110,15,R,2,7,OPTIMAL,47.2697,2,1,0,1,1,0.5,47.1067,0.0,0.1629,120,0.75,2.0,1.0
015_R110,15,R,2,8,OPTIMAL,31.9278,2,1,0,1,1,0.5,28.5871,0.0,3.3407,120,0.75,2.0,1.0
015_R110,15,R,2,9,OPTIMAL,25.9456,2,0,0,0,2,0.0,0.0,0.0,25.9456,120,0.75,2.0,1.0
015_R110,15,R,3,0,OPTIMAL,23.2164,3,0,0,0,3,0.0,0.0,0.0,23.2164,120,0.75,2.0,1.0
015_R110,15,R,3,1,OPTIMAL,19.1013,3,0,0,0,3,0.0,0.0,0.0,19.1013,120,0.75,2.0,1.0
015_R110,15,R,3,2,OPTIMAL,4.0736,3,0,0,0,3,0.0,0.0,0.0,4.0736,120,0.75,2.0,1.0
015_R110,15,R,3,3,OPTIMAL,44.2807,3,0,0,0,3,0.0,0.0,0.0,44.2807,120,0.75,2.0,1.0
015_R110,15,R,3,4,OPTIMAL,16.4826,3,0,0,0,3,0.0,0.0,0.0,16.4826,120,0.75,2.0,1.0
015_R110,15,R,3,5,OPTIMAL,37.5375,3,1,0,1,2,0.3333,30.2326,0.0,7.3049,120,0.75,2.0,1.0
015_R110,15,R,3,6,OPTIMAL,34.1228,3,0,0,0,3,0.0,0.0,0.0,34.1228,120,0.75,2.0,1.0
015_R110,15,R,3,7,OPTIMAL,7.5935,3,0,0,0,3,0.0,0.0,0.0,7.5935,120,0.75,2.0,1.0
015_R110,15,R,3,8,OPTIMAL,50.1793,3,1,0,1,2,0.3333,42.4311,0.0,7.7482,120,0.75,2.0,1.0
015_R110,15,R,3,9,OPTIMAL,49.5663,3,1,0,1,2,0.3333,48.5441,0.0,1.0222,120,0.75,2.0,1.0
015_R111,15,R,1,0,OPTIMAL,0.0181,1,0,0,0,1,0.0,0.0,0.0,0.0181,120,0.75,2.0,1.0
015_R111,15,R,1,1,OPTIMAL,4.9976,1,0,0,0,1,0.0,0.0,0.0,4.9976,120,0.75,2.0,1.0
015_R111,15,R,1,2,OPTIMAL,3.5438,1,0,0,0,1,0.0,0.0,0.0,3.5438,120,0.75,2.0,1.0
015_R111,15,R,1,3,OPTIMAL,11.6677,1,0,0,0,1,0.0,0.0,0.0,11.6677,120,0.75,2.0,1.0
015_R111,15,R,1,4,OPTIMAL,0.7366,1,0,0,0,1,0.0,0.0,0.0,0.7366,120,0.75,2.0,1.0
015_R111,15,R,1,5,OPTIMAL,17.5761,1,0,0,0,1,0.0,0.0,0.0,17.5761,120,0.75,2.0,1.0
015_R111,15,R,1,6,OPTIMAL,1.4854,1,0,0,0,1,0.0,0.0,0.0,1.4854,120,0.75,2.0,1.0
015_R111,15,R,1,7,OPTIMAL,3.2438,1,0,0,0,1,0.0,0.0,0.0,3.2438,120,0.75,2.0,1.0
015_R111,15,R,1,8,OPTIMAL,0.9196,1,0,0,0,1,0.0,0.0,0.0,0.9196,120,0.75,2.0,1.0
015_R111,15,R,1,9,OPTIMAL,1.7045,1,0,0,0,1,0.0,0.0,0.0,1.7045,120,0.75,2.0,1.0
015_R111,15,R,2,0,OPTIMAL,8.5026,2,0,0,0,2,0.0,0.0,0.0,8.5026,120,0.75,2.0,1.0
015_R111,15,R,2,1,OPTIMAL,1.2725,2,0,0,0,2,0.0,0.0,0.0,1.2725,120,0.75,2.0,1.0
015_R111,15,R,2,2,OPTIMAL,39.5996,2,0,0,0,2,0.0,0.0,0.0,39.5996,120,0.75,2.0,1.0
015_R111,15,R,2,3,OPTIMAL,6.5484,2,0,0,0,2,0.0,0.0,0.0,6.5484,120,0.75,2.0,1.0
015_R111,15,R,2,4,OPTIMAL,2.8579,2,0,0,0,2,0.0,0.0,0.0,2.8579,120,0.75,2.0,1.0
015_R111,15,R,2,5,OPTIMAL,5.1662,2,0,0,0,2,0.0,0.0,0.0,5.1662,120,0.75,2.0,1.0
015_R111,15,R,2,6,OPTIMAL,46.3656,2,0,0,0,2,0.0,0.0,0.0,46.3656,120,0.75,2.0,1.0
015_R111,15,R,2,7,OPTIMAL,37.5648,2,0,0,0,2,0.0,0.0,0.0,37.5648,120,0.75,2.0,1.0
015_R111,15,R,2,8,OPTIMAL,15.8435,2,0,0,0,2,0.0,0.0,0.0,15.8435,120,0.75,2.0,1.0
015_R111,15,R,2,9,OPTIMAL,5.2371,2,0,0,0,2,0.0,0.0,0.0,5.2371,120,0.75,2.0,1.0
015_R111,15,R,3,0,OPTIMAL,7.0792,3,0,0,0,3,0.0,0.0,0.0,7.0792,120,0.75,2.0,1.0
015_R111,15,R,3,1,OPTIMAL,4.3805,3,0,0,0,3,0.0,0.0,0.0,4.3805,120,0.75,2.0,1.0
015_R111,15,R,3,2,OPTIMAL,3.3109,3,0,0,0,3,0.0,0.0,0.0,3.3109,120,0.75,2.0,1.0
015_R111,15,R,3,3,OPTIMAL,23.1187,3,0,0,0,3,0.0,0.0,0.0,23.1187,120,0.75,2.0,1.0
015_R111,15,R,3,4,OPTIMAL,11.2984,3,0,0,0,3,0.0,0.0,0.0,11.2984,120,0.75,2.0,1.0
015_R111,15,R,3,5,OPTIMAL,17.7934,3,0,0,0,3,0.0,0.0,0.0,17.7934,120,0.75,2.0,1.0
015_R111,15,R,3,6,OPTIMAL,19.1919,3,0,0,0,3,0.0,0.0,0.0,19.1919,120,0.75,2.0,1.0
015_R111,15,R,3,7,OPTIMAL,5.2161,3,0,0,0,3,0.0,0.0,0.0,5.2161,120,0.75,2.0,1.0
015_R111,15,R,3,8,OPTIMAL,45.3959,3,0,0,0,3,0.0,0.0,0.0,45.3959,120,0.75,2.0,1.0
015_R111,15,R,3,9,OPTIMAL,62.9719,3,0,0,0,3,0.0,0.0,0.0,62.9719,120,0.75,2.0,1.0
015_R112,15,R,1,0,OPTIMAL,0.0181,1,0,0,0,1,0.0,0.0,0.0,0.0181,120,0.75,2.0,1.0
015_R112,15,R,1,1,OPTIMAL,4.1611,1,0,0,0,1,0.0,0.0,0.0,4.1611,120,0.75,2.0,1.0
015_R112,15,R,1,2,OPTIMAL,4.3273,1,0,0,0,1,0.0,0.0,0.0,4.3273,120,0.75,2.0,1.0
015_R112,15,R,1,3,OPTIMAL,33.408,1,0,0,0,1,0.0,0.0,0.0,33.408,120,0.75,2.0,1.0
015_R112,15,R,1,4,OPTIMAL,0.7366,1,0,0,0,1,0.0,0.0,0.0,0.7366,120,0.75,2.0,1.0
015_R112,15,R,1,5,OPTIMAL,29.7098,1,1,0,1,0,1.0,29.7098,0.0,0.0,120,0.75,2.0,1.0
015_R112,15,R,1,6,OPTIMAL,0.504,1,0,0,0,1,0.0,0.0,0.0,0.504,120,0.75,2.0,1.0
015_R112,15,R,1,7,OPTIMAL,38.1594,1,1,1,0,0,1.0,38.1594,0.0,0.0,120,0.75,2.0,1.0
015_R112,15,R,1,8,OPTIMAL,4.629,1,0,0,0,1,0.0,0.0,0.0,4.629,120,0.75,2.0,1.0
015_R112,15,R,1,9,OPTIMAL,1.7045,1,0,0,0,1,0.0,0.0,0.0,1.7045,120,0.75,2.0,1.0
015_R112,15,R,2,0,OPTIMAL,36.6899,2,1,1,0,1,0.5,17.7023,0.0,18.9876,120,0.75,2.0,1.0
015_R112,15,R,2,1,OPTIMAL,11.9793,2,0,0,0,2,0.0,0.0,0.0,11.9793,120,0.75,2.0,1.0
015_R112,15,R,2,2,OPTIMAL,46.5485,2,0,0,0,2,0.0,0.0,0.0,46.5485,120,0.75,2.0,1.0
015_R112,15,R,2,3,OPTIMAL,12.3485,2,0,0,0,2,0.0,0.0,0.0,12.3485,120,0.75,2.0,1.0
015_R112,15,R,2,4,OPTIMAL,17.4605,2,0,0,0,2,0.0,0.0,0.0,17.4605,120,0.75,2.0,1.0
015_R112,15,R,2,5,OPTIMAL,8.2197,2,0,0,0,2,0.0,0.0,0.0,8.2197,120,0.75,2.0,1.0
015_R112,15,R,2,6,OPTIMAL,56.6064,2,1,1,0,1,0.5,50.8452,0.0,5.7613,120,0.75,2.0,1.0
015_R112,15,R,2,7,OPTIMAL,40.9475,2,0,0,0,2,0.0,0.0,0.0,40.9475,120,0.75,2.0,1.0
015_R112,15,R,2,8,OPTIMAL,31.9278,2,1,1,0,1,0.5,28.5871,0.0,3.3407,120,0.75,2.0,1.0
015_R112,15,R,2,9,OPTIMAL,10.6117,2,0,0,0,2,0.0,0.0,0.0,10.6117,120,0.75,2.0,1.0
015_R112,15,R,3,0,OPTIMAL,18.4758,3,0,0,0,3,0.0,0.0,0.0,18.4758,120,0.75,2.0,1.0
015_R112,15,R,3,1,OPTIMAL,10.009,3,0,0,0,3,0.0,0.0,0.0,10.009,120,0.75,2.0,1.0
015_R112,15,R,3,2,OPTIMAL,3.027,3,0,0,0,3,0.0,0.0,0.0,3.027,120,0.75,2.0,1.0
015_R112,15,R,3,3,OPTIMAL,52.8747,3,1,1,0,2,0.3333,32.1757,0.0,20.6991,120,0.75,2.0,1.0
015_R112,15,R,3,4,OPTIMAL,11.46,3,0,0,0,3,0.0,0.0,0.0,11.46,120,0.75,2.0,1.0
015_R112,15,R,3,5,OPTIMAL,49.9809,3,1,1,0,2,0.3333,21.7111,0.0,28.2698,120,0.75,2.0,1.0
015_R112,15,R,3,6,OPTIMAL,22.7357,3,0,0,0,3,0.0,0.0,0.0,22.7357,120,0.75,2.0,1.0
015_R112,15,R,3,7,OPTIMAL,5.5294,3,0,0,0,3,0.0,0.0,0.0,5.5294,120,0.75,2.0,1.0
015_R112,15,R,3,8,OPTIMAL,53.333,3,1,1,0,2,0.3333,42.4311,0.0,10.902,120,0.75,2.0,1.0
015_R112,15,R,3,9,OPTIMAL,72.98,3,1,1,0,2,0.3333,48.5441,0.0,24.4359,120,0.75,2.0,1.0
015_R201,15,R,1,0,OPTIMAL,24.9516,1,0,0,0,1,0.0,0.0,0.0,24.9516,120,0.75,2.0,1.0
015_R201,15,R,1,1,OPTIMAL,40.5554,1,1,1,0,0,1.0,40.5554,0.0,0.0,120,0.75,2.0,1.0
015_R201,15,R,1,2,OPTIMAL,0.2304,1,0,0,0,1,0.0,0.0,0.0,0.2304,120,0.75,2.0,1.0
015_R201,15,R,1,3,OPTIMAL,29.1599,1,0,0,0,1,0.0,0.0,0.0,29.1599,120,0.75,2.0,1.0
015_R201,15,R,1,4,OPTIMAL,3.8658,1,0,0,0,1,0.0,0.0,0.0,3.8658,120,0.75,2.0,1.0
015_R201,15,R,1,5,OPTIMAL,29.7098,1,1,1,0,0,1.0,29.7098,0.0,0.0,120,0.75,2.0,1.0
015_R201,15,R,1,6,OPTIMAL,15.8658,1,0,0,0,1,0.0,0.0,0.0,15.8658,120,0.75,2.0,1.0
015_R201,15,R,1,7,OPTIMAL,38.1594,1,1,1,0,0,1.0,38.1594,0.0,0.0,120,0.75,2.0,1.0
015_R201,15,R,1,8,OPTIMAL,48.3027,1,0,0,0,1,0.0,0.0,0.0,48.3027,120,0.75,2.0,1.0
015_R201,15,R,1,9,OPTIMAL,39.7385,1,1,0,1,0,1.0,39.7385,0.0,0.0,120,0.75,2.0,1.0
015_R201,15,R,2,0,OPTIMAL,45.0903,2,1,1,0,1,0.5,17.7023,0.0,27.3881,120,0.75,2.0,1.0
015_R201,15,R,2,1,OPTIMAL,24.3588,2,1,0,1,1,0.5,23.1842,0.0,1.1746,120,0.75,2.0,1.0
015_R201,15,R,2,2,OPTIMAL,52.742,2,1,1,0,1,0.5,44.709,0.0,8.0329,120,0.75,2.0,1.0
015_R201,15,R,2,3,OPTIMAL,50.5379,2,1,1,0,1,0.5,47.3099,0.0,3.2279,120,0.75,2.0,1.0
015_R201,15,R,2,4,OPTIMAL,45.8819,2,0,0,0,2,0.0,0.0,0.0,45.8819,120,0.75,2.0,1.0
015_R201,15,R,2,5,OPTIMAL,72.6341,2,1,0,1,1,0.5,34.6071,0.0,38.027,120,0.75,2.0,1.0
015_R201,15,R,2,6,OPTIMAL,71.4697,2,2,1,1,0,1.0,71.4697,0.0,0.0,120,0.75,2.0,1.0
015_R201,15,R,2,7,OPTIMAL,94.3692,2,2,2,0,0,1.0,94.3692,0.0,0.0,120,0.75,2.0,1.0
015_R201,15,R,2,8,OPTIMAL,47.5692,2,2,1,1,0,1.0,47.5692,0.0,0.0,120,0.75,2.0,1.0
015_R201,15,R,2,9,OPTIMAL,93.4763,2,2,2,0,0,1.0,93.4763,0.0,0.0,120,0.75,2.0,1.0
015_R201,15,R,3,0,OPTIMAL,33.8475,3,1,0,1,2,0.3333,25.826,0.0,8.0215,120,0.75,2.0,1.0
015_R201,15,R,3,1,OPTIMAL,86.4186,3,2,1,1,1,0.6667,86.2587,0.0,0.1598,120,0.75,2.0,1.0
015_R201,15,R,3,2,OPTIMAL,52.8407,3,0,0,0,3,0.0,0.0,0.0,52.8407,120,0.75,2.0,1.0
015_R201,15,R,3,3,OPTIMAL,72.1056,3,3,1,2,0,1.0,72.1056,0.0,0.0,120,0.75,2.0,1.0
015_R201,15,R,3,4,OPTIMAL,78.5283,3,3,2,1,0,1.0,78.5283,0.0,0.0,120,0.75,2.0,1.0
015_R201,15,R,3,5,OPTIMAL,81.0312,3,2,1,1,1,0.6667,51.9437,0.0,29.0875,120,0.75,2.0,1.0
015_R201,15,R,3,6,OPTIMAL,48.0436,3,0,0,0,3,0.0,0.0,0.0,48.0436,120,0.75,2.0,1.0
015_R201,15,R,3,7,OPTIMAL,79.055,3,2,1,1,1,0.6667,78.7417,0.0,0.3133,120,0.75,2.0,1.0
015_R201,15,R,3,8,OPTIMAL,108.2235,3,2,1,1,1,0.6667,82.7839,0.0,25.4396,120,0.75,2.0,1.0
015_R201,15,R,3,9,OPTIMAL,99.3944,3,2,2,0,1,0.6667,79.1933,0.0,20.2011,120,0.75,2.0,1.0
015_R202,15,R,1,0,OPTIMAL,37.5782,1,1,0,1,0,1.0,37.5782,0.0,0.0,120,0.75,2.0,1.0
015_R202,15,R,1,1,OPTIMAL,40.5554,1,1,1,0,0,1.0,40.5554,0.0,0.0,120,0.75,2.0,1.0
015_R202,15,R,1,2,OPTIMAL,19.6093,1,1,0,1,0,1.0,19.6093,0.0,0.0,120,0.75,2.0,1.0
015_R202,15,R,1,3,OPTIMAL,34.4875,1,1,0,1,0,1.0,34.4875,0.0,0.0,120,0.75,2.0,1.0
015_R202,15,R,1,4,OPTIMAL,3.8658,1,0,0,0,1,0.0,0.0,0.0,3.8658,120,0.75,2.0,1.0
015_R202,15,R,1,5,OPTIMAL,29.7098,1,1,0,1,0,1.0,29.7098,0.0,0.0,120,0.75,2.0,1.0
015_R202,15,R,1,6,OPTIMAL,20.8508,1,1,1,0,0,1.0,20.8508,0.0,0.0,120,0.75,2.0,1.0
015_R202,15,R,1,7,OPTIMAL,38.1594,1,1,1,0,0,1.0,38.1594,0.0,0.0,120,0.75,2.0,1.0
015_R202,15,R,1,8,OPTIMAL,48.3027,1,0,0,0,1,0.0,0.0,0.0,48.3027,120,0.75,2.0,1.0
015_R202,15,R,1,9,OPTIMAL,39.7385,1,1,1,0,0,1.0,39.7385,0.0,0.0,120,0.75,2.0,1.0
015_R202,15,R,2,0,OPTIMAL,67.5254,2,2,2,0,0,1.0,67.5254,0.0,0.0,120,0.75,2.0,1.0
015_R202,15,R,2,1,OPTIMAL,60.842,2,2,1,1,0,1.0,60.842,0.0,0.0,120,0.75,2.0,1.0
015_R202,15,R,2,2,OPTIMAL,78.0564,2,2,1,1,0,1.0,78.0564,0.0,0.0,120,0.75,2.0,1.0
015_R202,15,R,2,3,OPTIMAL,69.0091,2,2,2,0,0,1.0,69.0091,0.0,0.0,120,0.75,2.0,1.0
015_R202,15,R,2,4,OPTIMAL,69.4982,2,2,1,1,0,1.0,69.4982,0.0,0.0,120,0.75,2.0,1.0
015_R202,15,R,2,5,OPTIMAL,72.6341,2,1,0,1,1,0.5,34.6071,0.0,38.027,120,0.75,2.0,1.0
015_R202,15,R,2,6,OPTIMAL,71.4697,2,2,1,1,0,1.0,71.4697,0.0,0.0,120,0.75,2.0,1.0
015_R202,15,R,2,7,OPTIMAL,94.3692,2,2,2,0,0,1.0,94.3692,0.0,0.0,120,0.75,2.0,1.0
015_R202,15,R,2,8,OPTIMAL,47.2839,2,1,1,0,1,0.5,28.5871,0.0,18.6968,120,0.75,2.0,1.0
015_R202,15,R,2,9,OPTIMAL,93.4763,2,2,2,0,0,1.0,93.4763,0.0,0.0,120,0.75,2.0,1.0
015_R202,15,R,3,0,OPTIMAL,73.8732,3,3,2,1,0,1.0,73.8732,0.0,0.0,120,0.75,2.0,1.0
015_R202,15,R,3,1,OPTIMAL,116.7465,3,3,3,0,0,1.0,116.7465,0.0,0.0,120,0.75,2.0,1.0
015_R202,15,R,3,2,OPTIMAL,59.0784,3,2,1,1,1,0.6667,42.5799,0.0,16.4986,120,0.75,2.0,1.0
015_R202,15,R,3,3,OPTIMAL,69.8753,3,2,2,0,1,0.6667,44.8526,0.0,25.0227,120,0.75,2.0,1.0
015_R202,15,R,3,4,OPTIMAL,65.594,3,2,2,0,1,0.6667,58.3094,0.0,7.2846,120,0.75,2.0,1.0
015_R202,15,R,3,5,OPTIMAL,82.4352,3,2,1,1,1,0.6667,53.2314,0.0,29.2038,120,0.75,2.0,1.0
015_R202,15,R,3,6,OPTIMAL,66.2805,3,1,1,0,2,0.3333,33.0795,0.0,33.2009,120,0.75,2.0,1.0
015_R202,15,R,3,7,OPTIMAL,79.055,3,2,1,1,1,0.6667,78.7417,0.0,0.3133,120,0.75,2.0,1.0
015_R202,15,R,3,8,OPTIMAL,108.4323,3,3,2,1,0,1.0,108.4323,0.0,0.0,120,0.75,2.0,1.0
015_R202,15,R,3,9,OPTIMAL,99.3944,3,2,2,0,1,0.6667,79.1933,0.0,20.2011,120,0.75,2.0,1.0
015_R203,15,R,1,0,OPTIMAL,17.8286,1,0,0,0,1,0.0,0.0,0.0,17.8286,120,0.75,2.0,1.0
015_R203,15,R,1,1,OPTIMAL,40.5554,1,1,1,0,0,1.0,40.5554,0.0,0.0,120,0.75,2.0,1.0
015_R203,15,R,1,2,OPTIMAL,19.6093,1,1,0,1,0,1.0,19.6093,0.0,0.0,120,0.75,2.0,1.0
015_R203,15,R,1,3,OPTIMAL,34.4875,1,1,0,1,0,1.0,34.4875,0.0,0.0,120,0.75,2.0,1.0
015_R203,15,R,1,4,OPTIMAL,3.8658,1,0,0,0,1,0.0,0.0,0.0,3.8658,120,0.75,2.0,1.0
015_R203,15,R,1,5,OPTIMAL,29.7098,1,1,0,1,0,1.0,29.7098,0.0,0.0,120,0.75,2.0,1.0
015_R203,15,R,1,6,OPTIMAL,20.8508,1,1,1,0,0,1.0,20.8508,0.0,0.0,120,0.75,2.0,1.0
015_R203,15,R,1,7,OPTIMAL,38.1594,1,1,1,0,0,1.0,38.1594,0.0,0.0,120,0.75,2.0,1.0
015_R203,15,R,1,8,OPTIMAL,49.7504,1,1,0,1,0,1.0,49.7504,0.0,0.0,120,0.75,2.0,1.0
015_R203,15,R,1,9,OPTIMAL,39.7385,1,1,1,0,0,1.0,39.7385,0.0,0.0,120,0.75,2.0,1.0
015_R203,15,R,2,0,OPTIMAL,67.5254,2,2,2,0,0,1.0,67.5254,0.0,0.0,120,0.75,2.0,1.0
015_R203,15,R,2,1,OPTIMAL,55.1098,2,1,1,0,1,0.5,23.1842,0.0,31.9256,120,0.75,2.0,1.0
015_R203,15,R,2,2,OPTIMAL,67.7657,2,1,1,0,1,0.5,44.709,0.0,23.0566,120,0.75,2.0,1.0
015_R203,15,R,2,3,OPTIMAL,69.0091,2,2,2,0,0,1.0,69.0091,0.0,0.0,120,0.75,2.0,1.0
015_R203,15,R,2,4,OPTIMAL,66.8506,2,1,1,0,1,0.5,38.6782,0.0,28.1724,120,0.75,2.0,1.0
015_R203,15,R,2,5,OPTIMAL,68.9622,2,0,0,0,2,0.0,0.0,0.0,68.9622,120,0.75,2.0,1.0
015_R203,15,R,2,6,OPTIMAL,71.4697,2,2,1,1,0,1.0,71.4697,0.0,0.0,120,0.75,2.0,1.0
015_R203,15,R,2,7,OPTIMAL,94.3692,2,2,2,0,0,1.0,94.3692,0.0,0.0,120,0.75,2.0,1.0
015_R203,15,R,2,8,OPTIMAL,47.2839,2,1,1,0,1,0.5,28.5871,0.0,18.6968,120,0.75,2.0,1.0
015_R203,15,R,2,9,OPTIMAL,93.4763,2,2,2,0,0,1.0,93.4763,0.0,0.0,120,0.75,2.0,1.0
015_R203,15,R,3,0,OPTIMAL,62.2791,3,2,2,0,1,0.6667,54.4676,0.0,7.8115,120,0.75,2.0,1.0
015_R203,15,R,3,1,OPTIMAL,116.7465,3,3,3,0,0,1.0,116.7465,0.0,0.0,120,0.75,2.0,1.0
015_R203,15,R,3,2,OPTIMAL,59.0784,3,2,1,1,1,0.6667,42.5799,0.0,16.4986,120,0.75,2.0,1.0
015_R203,15,R,3,3,OPTIMAL,69.8753,3,2,2,0,1,0.6667,44.8526,0.0,25.0227,120,0.75,2.0,1.0
015_R203,15,R,3,4,OPTIMAL,65.594,3,2,2,0,1,0.6667,58.3094,0.0,7.2846,120,0.75,2.0,1.0
015_R203,15,R,3,5,OPTIMAL,80.0024,3,1,1,0,2,0.3333,21.7111,0.0,58.2913,120,0.75,2.0,1.0
015_R203,15,R,3,6,OPTIMAL,66.2805,3,1,1,0,2,0.3333,33.0795,0.0,33.2009,120,0.75,2.0,1.0
015_R203,15,R,3,7,OPTIMAL,79.055,3,2,1,1,1,0.6667,78.7417,0.0,0.3133,120,0.75,2.0,1.0
015_R203,15,R,3,8,OPTIMAL,105.6448,3,2,2,0,1,0.6667,68.0795,0.0,37.5654,120,0.75,2.0,1.0
015_R203,15,R,3,9,OPTIMAL,99.3944,3,2,2,0,1,0.6667,79.1933,0.0,20.2011,120,0.75,2.0,1.0
015_R204,15,R,1,0,OPTIMAL,17.8286,1,0,0,0,1,0.0,0.0,0.0,17.8286,120,0.75,2.0,1.0
015_R204,15,R,1,1,OPTIMAL,40.5554,1,1,1,0,0,1.0,40.5554,0.0,0.0,120,0.75,2.0,1.0
015_R204,15,R,1,2,OPTIMAL,19.6093,1,1,0,1,0,1.0,19.6093,0.0,0.0,120,0.75,2.0,1.0
015_R204,15,R,1,3,OPTIMAL,34.4875,1,1,0,1,0,1.0,34.4875,0.0,0.0,120,0.75,2.0,1.0
015_R204,15,R,1,4,OPTIMAL,3.8658,1,0,0,0,1,0.0,0.0,0.0,3.8658,120,0.75,2.0,1.0
015_R204,15,R,1,5,OPTIMAL,29.7098,1,1,0,1,0,1.0,29.7098,0.0,0.0,120,0.75,2.0,1.0
015_R204,15,R,1,6,OPTIMAL,20.8508,1,1,1,0,0,1.0,20.8508,0.0,0.0,120,0.75,2.0,1.0
015_R204,15,R,1,7,OPTIMAL,38.1594,1,1,1,0,0,1.0,38.1594,0.0,0.0,120,0.75,2.0,1.0
015_R204,15,R,1,8,OPTIMAL,49.7504,1,1,0,1,0,1.0,49.7504,0.0,0.0,120,0.75,2.0,1.0
015_R204,15,R,1,9,OPTIMAL,39.7385,1,1,1,0,0,1.0,39.7385,0.0,0.0,120,0.75,2.0,1.0
015_R204,15,R,2,0,OPTIMAL,67.5254,2,2,2,0,0,1.0,67.5254,0.0,0.0,120,0.75,2.0,1.0
015_R204,15,R,2,1,OPTIMAL,24.3588,2,1,1,0,1,0.5,23.1842,0.0,1.1746,120,0.75,2.0,1.0
015_R204,15,R,2,2,OPTIMAL,52.742,2,1,1,0,1,0.5,44.709,0.0,8.0329,120,0.75,2.0,1.0
015_R204,15,R,2,3,OPTIMAL,69.0091,2,2,2,0,0,1.0,69.0091,0.0,0.0,120,0.75,2.0,1.0
015_R204,15,R,2,4,OPTIMAL,69.4982,2,2,1,1,0,1.0,69.4982,0.0,0.0,120,0.75,2.0,1.0
015_R204,15,R,2,5,OPTIMAL,68.9622,2,0,0,0,2,0.0,0.0,0.0,68.9622,120,0.75,2.0,1.0
015_R204,15,R,2,6,OPTIMAL,71.4697,2,2,1,1,0,1.0,71.4697,0.0,0.0,120,0.75,2.0,1.0
015_R204,15,R,2,7,OPTIMAL,94.3692,2,2,2,0,0,1.0,94.3692,0.0,0.0,120,0.75,2.0,1.0
015_R204,15,R,2,8,OPTIMAL,47.5692,2,2,2,0,0,1.0,47.5692,0.0,0.0,120,0.75,2.0,1.0
015_R204,15,R,2,9,OPTIMAL,93.4763,2,2,2,0,0,1.0,93.4763,0.0,0.0,120,0.75,2.0,1.0
015_R204,15,R,3,0,OPTIMAL,66.6239,3,2,2,0,1,0.6667,54.4676,0.0,12.1563,120,0.75,2.0,1.0
015_R204,15,R,3,1,OPTIMAL,116.7465,3,3,3,0,0,1.0,116.7465,0.0,0.0,120,0.75,2.0,1.0
015_R204,15,R,3,2,OPTIMAL,59.0784,3,2,1,1,1,0.6667,42.5799,0.0,16.4986,120,0.75,2.0,1.0
015_R204,15,R,3,3,OPTIMAL,72.1056,3,3,3,0,0,1.0,72.1056,0.0,0.0,120,0.75,2.0,1.0
015_R204,15,R,3,4,OPTIMAL,65.594,3,2,2,0,1,0.6667,58.3094,0.0,7.2846,120,0.75,2.0,1.0
015_R204,15,R,3,5,OPTIMAL,83.4641,3,3,3,0,0,1.0,83.4641,0.0,0.0,120,0.75,2.0,1.0
015_R204,15,R,3,6,OPTIMAL,66.2805,3,1,1,0,2,0.3333,33.0795,0.0,33.2009,120,0.75,2.0,1.0
015_R204,15,R,3,7,OPTIMAL,66.6855,3,1,1,0,2,0.3333,35.8003,0.0,30.8852,120,0.75,2.0,1.0
015_R204,15,R,3,8,OPTIMAL,105.6448,3,2,2,0,1,0.6667,68.0795,0.0,37.5654,120,0.75,2.0,1.0
015_R204,15,R,3,9,OPTIMAL,99.3944,3,2,2,0,1,0.6667,79.1933,0.0,20.2011,120,0.75,2.0,1.0
015_R205,15,R,1,0,OPTIMAL,31.4552,1,0,0,0,1,0.0,0.0,0.0,31.4552,120,0.75,2.0,1.0
015_R205,15,R,1,1,OPTIMAL,40.5554,1,1,0,1,0,1.0,40.5554,0.0,0.0,120,0.75,2.0,1.0
015_R205,15,R,1,2,OPTIMAL,19.6093,1,1,0,1,0,1.0,19.6093,0.0,0.0,120,0.75,2.0,1.0
015_R205,15,R,1,3,OPTIMAL,34.4875,1,1,1,0,0,1.0,34.4875,0.0,0.0,120,0.75,2.0,1.0
015_R205,15,R,1,4,OPTIMAL,36.1995,1,1,0,1,0,1.0,36.1995,0.0,0.0,120,0.75,2.0,1.0
015_R205,15,R,1,5,OPTIMAL,29.7098,1,1,1,0,0,1.0,29.7098,0.0,0.0,120,0.75,2.0,1.0
015_R205,15,R,1,6,OPTIMAL,12.1175,1,0,0,0,1,0.0,0.0,0.0,12.1175,120,0.75,2.0,1.0
015_R205,15,R,1,7,OPTIMAL,38.1594,1,1,1,0,0,1.0,38.1594,0.0,0.0,120,0.75,2.0,1.0
015_R205,15,R,1,8,OPTIMAL,49.7504,1,1,1,0,0,1.0,49.7504,0.0,0.0,120,0.75,2.0,1.0
015_R205,15,R,1,9,OPTIMAL,18.578,1,0,0,0,1,0.0,0.0,0.0,18.578,120,0.75,2.0,1.0
015_R205,15,R,2,0,OPTIMAL,48.1963,2,1,1,0,1,0.5,17.7023,0.0,30.494,120,0.75,2.0,1.0
015_R205,15,R,2,1,OPTIMAL,55.4734,2,1,0,1,1,0.5,37.6578,0.0,17.8156,120,0.75,2.0,1.0
015_R205,15,R,2,2,OPTIMAL,78.0564,2,2,1,1,0,1.0,78.0564,0.0,0.0,120,0.75,2.0,1.0
015_R205,15,R,2,3,OPTIMAL,21.2505,2,0,0,0,2,0.0,0.0,0.0,21.2505,120,0.75,2.0,1.0
015_R205,15,R,2,4,OPTIMAL,51.0323,2,1,0,1,1,0.5,30.82,0.0,20.2123,120,0.75,2.0,1.0
015_R205,15,R,2,5,OPTIMAL,86.1293,2,2,2,0,0,1.0,86.1293,0.0,0.0,120,0.75,2.0,1.0
015_R205,15,R,2,6,OPTIMAL,71.4697,2,2,2,0,0,1.0,71.4697,0.0,0.0,120,0.75,2.0,1.0
015_R205,15,R,2,7,OPTIMAL,80.5506,2,1,0,1,1,0.5,47.1067,0.0,33.4438,120,0.75,2.0,1.0
015_R205,15,R,2,8,OPTIMAL,47.5692,2,2,1,1,0,1.0,47.5692,0.0,0.0,120,0.75,2.0,1.0
015_R205,15,R,2,9,OPTIMAL,5.2371,2,0,0,0,2,0.0,0.0,0.0,5.2371,120,0.75,2.0,1.0
015_R205,15,R,3,0,OPTIMAL,49.9712,3,2,1,1,1,0.6667,45.2316,0.0,4.7396,120,0.75,2.0,1.0
015_R205,15,R,3,1,OPTIMAL,73.7787,3,1,0,1,2,0.3333,48.7251,0.0,25.0536,120,0.75,2.0,1.0
015_R205,15,R,3,2,OPTIMAL,27.0733,3,0,0,0,3,0.0,0.0,0.0,27.0733,120,0.75,2.0,1.0
015_R205,15,R,3,3,OPTIMAL,64.2766,3,2,2,0,1,0.6667,59.4287,0.0,4.848,120,0.75,2.0,1.0
015_R205,15,R,3,4,OPTIMAL,45.118,3,0,0,0,3,0.0,0.0,0.0,45.118,120,0.75,2.0,1.0
015_R205,15,R,3,5,OPTIMAL,63.876,3,2,2,0,1,0.6667,51.9437,0.0,11.9323,120,0.75,2.0,1.0
015_R205,15,R,3,6,OPTIMAL,84.7392,3,1,0,1,2,0.3333,51.5417,0.0,33.1975,120,0.75,2.0,1.0
015_R205,15,R,3,7,OPTIMAL,120.8187,3,3,1,2,0,1.0,120.8187,0.0,0.0,120,0.75,2.0,1.0
015_R205,15,R,3,8,OPTIMAL,79.6633,3,1,1,0,2,0.3333,42.4311,0.0,37.2322,120,0.75,2.0,1.0
015_R205,15,R,3,9,OPTIMAL,110.7915,3,3,2,1,0,1.0,110.7915,0.0,0.0,120,0.75,2.0,1.0
015_R206,15,R,1,0,OPTIMAL,37.5782,1,1,1,0,0,1.0,37.5782,0.0,0.0,120,0.75,2.0,1.0
015_R206,15,R,1,1,OPTIMAL,40.5554,1,1,0,1,0,1.0,40.5554,0.0,0.0,120,0.75,2.0,1.0
015_R206,15,R,1,2,OPTIMAL,19.6093,1,1,1,0,0,1.0,19.6093,0.0,0.0,120,0.75,2.0,1.0
015_R206,15,R,1,3,OPTIMAL,34.4875,1,1,1,0,0,1.0,34.4875,0.0,0.0,120,0.75,2.0,1.0
015_R206,15,R,1,4,OPTIMAL,36.1995,1,1,1,0,0,1.0,36.1995,0.0,0.0,120,0.75,2.0,1.0
015_R206,15,R,1,5,OPTIMAL,29.7098,1,1,1,0,0,1.0,29.7098,0.0,0.0,120,0.75,2.0,1.0
015_R206,15,R,1,6,OPTIMAL,20.8508,1,1,1,0,0,1.0,20.8508,0.0,0.0,120,0.75,2.0,1.0
015_R206,15,R,1,7,OPTIMAL,38.1594,1,1,1,0,0,1.0,38.1594,0.0,0.0,120,0.75,2.0,1.0
015_R206,15,R,1,8,OPTIMAL,49.7504,1,1,0,1,0,1.0,49.7504,0.0,0.0,120,0.75,2.0,1.0
015_R206,15,R,1,9,OPTIMAL,18.578,1,0,0,0,1,0.0,0.0,0.0,18.578,120,0.75,2.0,1.0
015_R206,15,R,2,0,OPTIMAL,48.1963,2,1,1,0,1,0.5,17.7023,0.0,30.494,120,0.75,2.0,1.0
015_R206,15,R,2,1,OPTIMAL,60.1492,2,1,1,0,1,0.5,37.6578,0.0,22.4915,120,0.75,2.0,1.0
015_R206,15,R,2,2,OPTIMAL,78.0564,2,2,1,1,0,1.0,78.0564,0.0,0.0,120,0.75,2.0,1.0
015_R206,15,R,2,3,OPTIMAL,21.2505,2,0,0,0,2,0.0,0.0,0.0,21.2505,120,0.75,2.0,1.0
015_R206,15,R,2,4,OPTIMAL,51.0323,2,1,1,0,1,0.5,30.82,0.0,20.2123,120,0.75,2.0,1.0
015_R206,15,R,2,5,OPTIMAL,86.1293,2,2,2,0,0,1.0,86.1293,0.0,0.0,120,0.75,2.0,1.0
015_R206,15,R,2,6,OPTIMAL,71.4697,2,2,2,0,0,1.0,71.4697,0.0,0.0,120,0.75,2.0,1.0
015_R206,15,R,2,7,OPTIMAL,80.5506,2,1,0,1,1,0.5,47.1067,0.0,33.4438,120,0.75,2.0,1.0
015_R206,15,R,2,8,OPTIMAL,47.5692,2,2,1,1,0,1.0,47.5692,0.0,0.0,120,0.75,2.0,1.0
015_R206,15,R,2,9,OPTIMAL,5.2371,2,0,0,0,2,0.0,0.0,0.0,5.2371,120,0.75,2.0,1.0
015_R206,15,R,3,0,OPTIMAL,49.9712,3,2,1,1,1,0.6667,45.2316,0.0,4.7396,120,0.75,2.0,1.0
015_R206,15,R,3,1,OPTIMAL,73.7787,3,1,0,1,2,0.3333,48.7251,0.0,25.0536,120,0.75,2.0,1.0
015_R206,15,R,3,2,OPTIMAL,76.8427,3,2,2,0,1,0.6667,58.0846,0.0,18.7581,120,0.75,2.0,1.0
015_R206,15,R,3,3,OPTIMAL,68.7757,3,2,2,0,1,0.6667,59.4287,0.0,9.347,120,0.75,2.0,1.0
015_R206,15,R,3,4,OPTIMAL,63.4031,3,1,1,0,2,0.3333,30.3919,0.0,33.0112,120,0.75,2.0,1.0
015_R206,15,R,3,5,OPTIMAL,63.876,3,2,2,0,1,0.6667,51.9437,0.0,11.9323,120,0.75,2.0,1.0
015_R206,15,R,3,6,OPTIMAL,98.9809,3,2,2,0,1,0.6667,86.921,0.0,12.0599,120,0.75,2.0,1.0
015_R206,15,R,3,7,OPTIMAL,120.8187,3,3,2,1,0,1.0,120.8187,0.0,0.0,120,0.75,2.0,1.0
015_R206,15,R,3,8,OPTIMAL,108.4061,3,2,2,0,1,0.6667,82.7839,0.0,25.6222,120,0.75,2.0,1.0
015_R206,15,R,3,9,OPTIMAL,110.7915,3,3,3,0,0,1.0,110.7915,0.0,0.0,120,0.75,2.0,1.0
015_R207,15,R,1,0,OPTIMAL,37.5782,1,1,1,0,0,1.0,37.5782,0.0,0.0,120,0.75,2.0,1.0
015_R207,15,R,1,1,OPTIMAL,40.5554,1,1,0,1,0,1.0,40.5554,0.0,0.0,120,0.75,2.0,1.0
015_R207,15,R,1,2,OPTIMAL,19.6093,1,1,1,0,0,1.0,19.6093,0.0,0.0,120,0.75,2.0,1.0
015_R207,15,R,1,3,OPTIMAL,34.4875,1,1,1,0,0,1.0,34.4875,0.0,0.0,120,0.75,2.0,1.0
015_R207,15,R,1,4,OPTIMAL,36.1995,1,1,1,0,0,1.0,36.1995,0.0,0.0,120,0.75,2.0,1.0
015_R207,15,R,1,5,OPTIMAL,29.7098,1,1,1,0,0,1.0,29.7098,0.0,0.0,120,0.75,2.0,1.0
015_R207,15,R,1,6,OPTIMAL,20.8508,1,1,1,0,0,1.0,20.8508,0.0,0.0,120,0.75,2.0,1.0
015_R207,15,R,1,7,OPTIMAL,38.1594,1,1,1,0,0,1.0,38.1594,0.0,0.0,120,0.75,2.0,1.0
015_R207,15,R,1,8,OPTIMAL,49.7504,1,1,1,0,0,1.0,49.7504,0.0,0.0,120,0.75,2.0,1.0
015_R207,15,R,1,9,OPTIMAL,18.578,1,0,0,0,1,0.0,0.0,0.0,18.578,120,0.75,2.0,1.0
015_R207,15,R,2,0,OPTIMAL,48.1963,2,1,1,0,1,0.5,17.7023,0.0,30.494,120,0.75,2.0,1.0
015_R207,15,R,2,1,OPTIMAL,60.1492,2,1,1,0,1,0.5,37.6578,0.0,22.4915,120,0.75,2.0,1.0
015_R207,15,R,2,2,OPTIMAL,78.0564,2,2,1,1,0,1.0,78.0564,0.0,0.0,120,0.75,2.0,1.0
015_R207,15,R,2,3,OPTIMAL,22.5753,2,1,0,1,1,0.5,21.6992,0.0,0.8761,120,0.75,2.0,1.0
015_R207,15,R,2,4,OPTIMAL,51.0323,2,1,1,0,1,0.5,30.82,0.0,20.2123,120,0.75,2.0,1.0
015_R207,15,R,2,5,OPTIMAL,86.1293,2,2,2,0,0,1.0,86.1293,0.0,0.0,120,0.75,2.0,1.0
015_R207,15,R,2,6,OPTIMAL,71.4697,2,2,2,0,0,1.0,71.4697,0.0,0.0,120,0.75,2.0,1.0
015_R207,15,R,2,7,OPTIMAL,80.5506,2,1,0,1,1,0.5,47.1067,0.0,33.4438,120,0.75,2.0,1.0
015_R207,15,R,2,8,OPTIMAL,47.5692,2,2,1,1,0,1.0,47.5692,0.0,0.0,120,0.75,2.0,1.0
015_R207,15,R,2,9,OPTIMAL,5.2371,2,0,0,0,2,0.0,0.0,0.0,5.2371,120,0.75,2.0,1.0
015_R207,15,R,3,0,OPTIMAL,49.9712,3,2,1,1,1,0.6667,45.2316,0.0,4.7396,120,0.75,2.0,1.0
015_R207,15,R,3,1,OPTIMAL,116.7465,3,3,0,3,0,1.0,116.7465,0.0,0.0,120,0.75,2.0,1.0
015_R207,15,R,3,2,OPTIMAL,76.8427,3,2,2,0,1,0.6667,58.0846,0.0,18.7581,120,0.75,2.0,1.0
015_R207,15,R,3,3,OPTIMAL,68.7757,3,2,2,0,1,0.6667,59.4287,0.0,9.347,120,0.75,2.0,1.0
015_R207,15,R,3,4,OPTIMAL,78.5283,3,3,1,2,0,1.0,78.5283,0.0,0.0,120,0.75,2.0,1.0
015_R207,15,R,3,5,OPTIMAL,83.4641,3,3,2,1,0,1.0,83.4641,0.0,0.0,120,0.75,2.0,1.0
015_R207,15,R,3,6,OPTIMAL,98.9809,3,2,2,0,1,0.6667,86.921,0.0,12.0599,120,0.75,2.0,1.0
015_R207,15,R,3,7,OPTIMAL,120.8187,3,3,2,1,0,1.0,120.8187,0.0,0.0,120,0.75,2.0,1.0
015_R207,15,R,3,8,OPTIMAL,108.4061,3,2,2,0,1,0.6667,82.7839,0.0,25.6222,120,0.75,2.0,1.0
015_R207,15,R,3,9,OPTIMAL,110.7915,3,3,3,0,0,1.0,110.7915,0.0,0.0,120,0.75,2.0,1.0
015_R208,15,R,1,0,OPTIMAL,37.5782,1,1,1,0,0,1.0,37.5782,0.0,0.0,120,0.75,2.0,1.0
015_R208,15,R,1,1,OPTIMAL,40.5554,1,1,0,1,0,1.0,40.5554,0.0,0.0,120,0.75,2.0,1.0
015_R208,15,R,1,2,OPTIMAL,19.6093,1,1,1,0,0,1.0,19.6093,0.0,0.0,120,0.75,2.0,1.0
015_R208,15,R,1,3,OPTIMAL,34.4875,1,1,1,0,0,1.0,34.4875,0.0,0.0,120,0.75,2.0,1.0
015_R208,15,R,1,4,OPTIMAL,36.1995,1,1,1,0,0,1.0,36.1995,0.0,0.0,120,0.75,2.0,1.0
015_R208,15,R,1,5,OPTIMAL,29.7098,1,1,1,0,0,1.0,29.7098,0.0,0.0,120,0.75,2.0,1.0
015_R208,15,R,1,6,OPTIMAL,20.8508,1,1,1,0,0,1.0,20.8508,0.0,0.0,120,0.75,2.0,1.0
015_R208,15,R,1,7,OPTIMAL,38.1594,1,1,1,0,0,1.0,38.1594,0.0,0.0,120,0.75,2.0,1.0
015_R208,15,R,1,8,OPTIMAL,35.6467,1,0,0,0,1,0.0,0.0,0.0,35.6467,120,0.75,2.0,1.0
015_R208,15,R,1,9,OPTIMAL,18.578,1,0,0,0,1,0.0,0.0,0.0,18.578,120,0.75,2.0,1.0
015_R208,15,R,2,0,OPTIMAL,67.5254,2,2,1,1,0,1.0,67.5254,0.0,0.0,120,0.75,2.0,1.0
015_R208,15,R,2,1,OPTIMAL,60.842,2,2,1,1,0,1.0,60.842,0.0,0.0,120,0.75,2.0,1.0
015_R208,15,R,2,2,OPTIMAL,78.0564,2,2,1,1,0,1.0,78.0564,0.0,0.0,120,0.75,2.0,1.0
015_R208,15,R,2,3,OPTIMAL,22.5753,2,1,1,0,1,0.5,21.6992,0.0,0.8761,120,0.75,2.0,1.0
015_R208,15,R,2,4,OPTIMAL,69.4982,2,2,1,1,0,1.0,69.4982,0.0,0.0,120,0.75,2.0,1.0
015_R208,15,R,2,5,OPTIMAL,86.1293,2,2,2,0,0,1.0,86.1293,0.0,0.0,120,0.75,2.0,1.0
015_R208,15,R,2,6,OPTIMAL,71.4697,2,2,2,0,0,1.0,71.4697,0.0,0.0,120,0.75,2.0,1.0
015_R208,15,R,2,7,OPTIMAL,80.5506,2,1,0,1,1,0.5,47.1067,0.0,33.4438,120,0.75,2.0,1.0
015_R208,15,R,2,8,OPTIMAL,47.5692,2,2,1,1,0,1.0,47.5692,0.0,0.0,120,0.75,2.0,1.0
015_R208,15,R,2,9,OPTIMAL,5.2371,2,0,0,0,2,0.0,0.0,0.0,5.2371,120,0.75,2.0,1.0
015_R208,15,R,3,0,OPTIMAL,73.8732,3,3,2,1,0,1.0,73.8732,0.0,0.0,120,0.75,2.0,1.0
015_R208,15,R,3,1,OPTIMAL,116.7465,3,3,3,0,0,1.0,116.7465,0.0,0.0,120,0.75,2.0,1.0
015_R208,15,R,3,2,OPTIMAL,79.0702,3,3,2,1,0,1.0,79.0702,0.0,0.0,120,0.75,2.0,1.0
015_R208,15,R,3,3,OPTIMAL,72.1056,3,3,2,1,0,1.0,72.1056,0.0,0.0,120,0.75,2.0,1.0
015_R208,15,R,3,4,OPTIMAL,58.6325,3,2,2,0,1,0.6667,58.3094,0.0,0.3231,120,0.75,2.0,1.0
015_R208,15,R,3,5,OPTIMAL,83.4641,3,3,3,0,0,1.0,83.4641,0.0,0.0,120,0.75,2.0,1.0
015_R208,15,R,3,6,OPTIMAL,120.0005,3,3,2,1,0,1.0,120.0005,0.0,0.0,120,0.75,2.0,1.0
015_R208,15,R,3,7,OPTIMAL,120.8187,3,3,2,1,0,1.0,120.8187,0.0,0.0,120,0.75,2.0,1.0
015_R208,15,R,3,8,OPTIMAL,108.4323,3,3,2,1,0,1.0,108.4323,0.0,0.0,120,0.75,2.0,1.0
015_R208,15,R,3,9,OPTIMAL,110.7915,3,3,3,0,0,1.0,110.7915,0.0,0.0,120,0.75,2.0,1.0
015_R209,15,R,1,0,OPTIMAL,37.5782,1,1,0,1,0,1.0,37.5782,0.0,0.0,120,0.75,2.0,1.0
015_R209,15,R,1,1,OPTIMAL,40.5554,1,1,0,1,0,1.0,40.5554,0.0,0.0,120,0.75,2.0,1.0
015_R209,15,R,1,2,OPTIMAL,19.6093,1,1,0,1,0,1.0,19.6093,0.0,0.0,120,0.75,2.0,1.0
015_R209,15,R,1,3,OPTIMAL,34.4875,1,1,1,0,0,1.0,34.4875,0.0,0.0,120,0.75,2.0,1.0
015_R209,15,R,1,4,OPTIMAL,36.1995,1,1,0,1,0,1.0,36.1995,0.0,0.0,120,0.75,2.0,1.0
015_R209,15,R,1,5,OPTIMAL,29.7098,1,1,1,0,0,1.0,29.7098,0.0,0.0,120,0.75,2.0,1.0
015_R209,15,R,1,6,OPTIMAL,20.8508,1,1,0,1,0,1.0,20.8508,0.0,0.0,120,0.75,2.0,1.0
015_R209,15,R,1,7,OPTIMAL,38.1594,1,1,1,0,0,1.0,38.1594,0.0,0.0,120,0.75,2.0,1.0
015_R209,15,R,1,8,OPTIMAL,0.9196,1,0,0,0,1,0.0,0.0,0.0,0.9196,120,0.75,2.0,1.0
015_R209,15,R,1,9,OPTIMAL,39.7385,1,1,1,0,0,1.0,39.7385,0.0,0.0,120,0.75,2.0,1.0
015_R209,15,R,2,0,OPTIMAL,67.5254,2,2,2,0,0,1.0,67.5254,0.0,0.0,120,0.75,2.0,1.0
015_R209,15,R,2,1,OPTIMAL,60.842,2,2,1,1,0,1.0,60.842,0.0,0.0,120,0.75,2.0,1.0
015_R209,15,R,2,2,OPTIMAL,78.0564,2,2,0,2,0,1.0,78.0564,0.0,0.0,120,0.75,2.0,1.0
015_R209,15,R,2,3,OPTIMAL,50.5379,2,1,0,1,1,0.5,47.3099,0.0,3.2279,120,0.75,2.0,1.0
015_R209,15,R,2,4,OPTIMAL,69.4982,2,2,0,2,0,1.0,69.4982,0.0,0.0,120,0.75,2.0,1.0
015_R209,15,R,2,5,OPTIMAL,86.1293,2,2,0,2,0,1.0,86.1293,0.0,0.0,120,0.75,2.0,1.0
015_R209,15,R,2,6,OPTIMAL,71.4697,2,2,2,0,0,1.0,71.4697,0.0,0.0,120,0.75,2.0,1.0
015_R209,15,R,2,7,OPTIMAL,94.3692,2,2,1,1,0,1.0,94.3692,0.0,0.0,120,0.75,2.0,1.0
015_R209,15,R,2,8,OPTIMAL,47.5692,2,2,1,1,0,1.0,47.5692,0.0,0.0,120,0.75,2.0,1.0
015_R209,15,R,2,9,OPTIMAL,93.4763,2,2,1,1,0,1.0,93.4763,0.0,0.0,120,0.75,2.0,1.0
015_R209,15,R,3,0,OPTIMAL,58.8012,3,2,0,2,1,0.6667,54.4676,0.0,4.3336,120,0.75,2.0,1.0
015_R209,15,R,3,1,OPTIMAL,64.6219,3,1,0,1,2,0.3333,37.5336,0.0,27.0883,120,0.75,2.0,1.0
015_R209,15,R,3,2,OPTIMAL,52.1926,3,1,0,1,2,0.3333,21.5943,0.0,30.5983,120,0.75,2.0,1.0
015_R209,15,R,3,3,OPTIMAL,64.2766,3,2,2,0,1,0.6667,59.4287,0.0,4.848,120,0.75,2.0,1.0
015_R209,15,R,3,4,OPTIMAL,72.7494,3,1,0,1,2,0.3333,27.9175,0.0,44.8319,120,0.75,2.0,1.0
015_R209,15,R,3,5,OPTIMAL,83.4641,3,3,2,1,0,1.0,83.4641,0.0,0.0,120,0.75,2.0,1.0
015_R209,15,R,3,6,OPTIMAL,105.7588,3,2,1,1,1,0.6667,84.6212,0.0,21.1376,120,0.75,2.0,1.0
015_R209,15,R,3,7,OPTIMAL,120.8187,3,3,2,1,0,1.0,120.8187,0.0,0.0,120,0.75,2.0,1.0
015_R209,15,R,3,8,OPTIMAL,87.7954,3,2,1,1,1,0.6667,82.7839,0.0,5.0114,120,0.75,2.0,1.0
015_R209,15,R,3,9,OPTIMAL,110.7915,3,3,2,1,0,1.0,110.7915,0.0,0.0,120,0.75,2.0,1.0
015_R210,15,R,1,0,OPTIMAL,17.8286,1,0,0,0,1,0.0,0.0,0.0,17.8286,120,0.75,2.0,1.0
015_R210,15,R,1,1,OPTIMAL,40.5554,1,1,1,0,0,1.0,40.5554,0.0,0.0,120,0.75,2.0,1.0
015_R210,15,R,1,2,OPTIMAL,2.1637,1,0,0,0,1,0.0,0.0,0.0,2.1637,120,0.75,2.0,1.0
015_R210,15,R,1,3,OPTIMAL,29.1599,1,0,0,0,1,0.0,0.0,0.0,29.1599,120,0.75,2.0,1.0
015_R210,15,R,1,4,OPTIMAL,3.8658,1,0,0,0,1,0.0,0.0,0.0,3.8658,120,0.75,2.0,1.0
015_R210,15,R,1,5,OPTIMAL,29.7098,1,1,1,0,0,1.0,29.7098,0.0,0.0,120,0.75,2.0,1.0
015_R210,15,R,1,6,OPTIMAL,7.5174,1,0,0,0,1,0.0,0.0,0.0,7.5174,120,0.75,2.0,1.0
015_R210,15,R,1,7,OPTIMAL,38.1594,1,1,1,0,0,1.0,38.1594,0.0,0.0,120,0.75,2.0,1.0
015_R210,15,R,1,8,OPTIMAL,27.203,1,0,0,0,1,0.0,0.0,0.0,27.203,120,0.75,2.0,1.0
015_R210,15,R,1,9,OPTIMAL,39.7385,1,1,1,0,0,1.0,39.7385,0.0,0.0,120,0.75,2.0,1.0
015_R210,15,R,2,0,OPTIMAL,67.5254,2,2,1,1,0,1.0,67.5254,0.0,0.0,120,0.75,2.0,1.0
015_R210,15,R,2,1,OPTIMAL,55.4734,2,1,1,0,1,0.5,37.6578,0.0,17.8156,120,0.75,2.0,1.0
015_R210,15,R,2,2,OPTIMAL,67.7657,2,1,1,0,1,0.5,44.709,0.0,23.0566,120,0.75,2.0,1.0
015_R210,15,R,2,3,OPTIMAL,67.6843,2,1,1,0,1,0.5,47.3099,0.0,20.3743,120,0.75,2.0,1.0
015_R210,15,R,2,4,OPTIMAL,64.6296,2,1,0,1,1,0.5,30.82,0.0,33.8095,120,0.75,2.0,1.0
015_R210,15,R,2,5,OPTIMAL,68.9622,2,0,0,0,2,0.0,0.0,0.0,68.9622,120,0.75,2.0,1.0
015_R210,15,R,2,6,OPTIMAL,71.4697,2,2,1,1,0,1.0,71.4697,0.0,0.0,120,0.75,2.0,1.0
015_R210,15,R,2,7,OPTIMAL,94.3692,2,2,2,0,0,1.0,94.3692,0.0,0.0,120,0.75,2.0,1.0
015_R210,15,R,2,8,OPTIMAL,47.5692,2,2,2,0,0,1.0,47.5692,0.0,0.0,120,0.75,2.0,1.0
015_R210,15,R,2,9,OPTIMAL,73.4784,2,1,1,0,1,0.5,51.0617,0.0,22.4167,120,0.75,2.0,1.0
015_R210,15,R,3,0,OPTIMAL,59.8624,3,1,0,1,2,0.3333,25.826,0.0,34.0364,120,0.75,2.0,1.0
015_R210,15,R,3,1,OPTIMAL,98.5251,3,2,1,1,1,0.6667,68.0213,0.0,30.5037,120,0.75,2.0,1.0
015_R210,15,R,3,2,OPTIMAL,59.0784,3,2,1,1,1,0.6667,42.5799,0.0,16.4986,120,0.75,2.0,1.0
015_R210,15,R,3,3,OPTIMAL,72.1056,3,3,2,1,0,1.0,72.1056,0.0,0.0,120,0.75,2.0,1.0
015_R210,15,R,3,4,OPTIMAL,78.5283,3,3,1,2,0,1.0,78.5283,0.0,0.0,120,0.75,2.0,1.0
015_R210,15,R,3,5,OPTIMAL,83.4641,3,3,3,0,0,1.0,83.4641,0.0,0.0,120,0.75,2.0,1.0
015_R210,15,R,3,6,OPTIMAL,47.9957,3,0,0,0,3,0.0,0.0,0.0,47.9957,120,0.75,2.0,1.0
015_R210,15,R,3,7,OPTIMAL,57.7444,3,1,1,0,2,0.3333,35.8003,0.0,21.9441,120,0.75,2.0,1.0
015_R210,15,R,3,8,OPTIMAL,105.6448,3,2,2,0,1,0.6667,68.0795,0.0,37.5654,120,0.75,2.0,1.0
015_R210,15,R,3,9,OPTIMAL,99.3944,3,2,2,0,1,0.6667,79.1933,0.0,20.2011,120,0.75,2.0,1.0
015_R211,15,R,1,0,OPTIMAL,0.0181,1,0,0,0,1,0.0,0.0,0.0,0.0181,120,0.75,2.0,1.0
015_R211,15,R,1,1,OPTIMAL,40.5554,1,1,1,0,0,1.0,40.5554,0.0,0.0,120,0.75,2.0,1.0
015_R211,15,R,1,2,OPTIMAL,6.1367,1,0,0,0,1,0.0,0.0,0.0,6.1367,120,0.75,2.0,1.0
015_R211,15,R,1,3,OPTIMAL,34.4875,1,1,1,0,0,1.0,34.4875,0.0,0.0,120,0.75,2.0,1.0
015_R211,15,R,1,4,OPTIMAL,15.3431,1,0,0,0,1,0.0,0.0,0.0,15.3431,120,0.75,2.0,1.0
015_R211,15,R,1,5,OPTIMAL,29.7098,1,1,1,0,0,1.0,29.7098,0.0,0.0,120,0.75,2.0,1.0
015_R211,15,R,1,6,OPTIMAL,1.4854,1,0,0,0,1,0.0,0.0,0.0,1.4854,120,0.75,2.0,1.0
015_R211,15,R,1,7,OPTIMAL,38.1594,1,1,1,0,0,1.0,38.1594,0.0,0.0,120,0.75,2.0,1.0
015_R211,15,R,1,8,OPTIMAL,0.9196,1,0,0,0,1,0.0,0.0,0.0,0.9196,120,0.75,2.0,1.0
015_R211,15,R,1,9,OPTIMAL,18.7794,1,0,0,0,1,0.0,0.0,0.0,18.7794,120,0.75,2.0,1.0
015_R211,15,R,2,0,OPTIMAL,67.5254,2,2,2,0,0,1.0,67.5254,0.0,0.0,120,0.75,2.0,1.0
015_R211,15,R,2,1,OPTIMAL,60.842,2,2,1,1,0,1.0,60.842,0.0,0.0,120,0.75,2.0,1.0
015_R211,15,R,2,2,OPTIMAL,78.0564,2,2,1,1,0,1.0,78.0564,0.0,0.0,120,0.75,2.0,1.0
015_R211,15,R,2,3,OPTIMAL,53.0987,2,1,1,0,1,0.5,47.3099,0.0,5.7888,120,0.75,2.0,1.0
015_R211,15,R,2,4,OPTIMAL,69.4982,2,2,1,1,0,1.0,69.4982,0.0,0.0,120,0.75,2.0,1.0
015_R211,15,R,2,5,OPTIMAL,30.4063,2,0,0,0,2,0.0,0.0,0.0,30.4063,120,0.75,2.0,1.0
015_R211,15,R,2,6,OPTIMAL,71.4697,2,2,2,0,0,1.0,71.4697,0.0,0.0,120,0.75,2.0,1.0
015_R211,15,R,2,7,OPTIMAL,94.3692,2,2,2,0,0,1.0,94.3692,0.0,0.0,120,0.75,2.0,1.0
015_R211,15,R,2,8,OPTIMAL,47.5692,2,2,2,0,0,1.0,47.5692,0.0,0.0,120,0.75,2.0,1.0
015_R211,15,R,2,9,OPTIMAL,93.4763,2,2,2,0,0,1.0,93.4763,0.0,0.0,120,0.75,2.0,1.0
015_R211,15,R,3,0,OPTIMAL,73.8732,3,3,1,2,0,1.0,73.8732,0.0,0.0,120,0.75,2.0,1.0
015_R211,15,R,3,1,OPTIMAL,80.6407,3,2,0,2,1,0.6667,79.2128,0.0,1.4279,120,0.75,2.0,1.0
015_R211,15,R,3,2,OPTIMAL,24.2233,3,1,1,0,2,0.3333,20.9856,0.0,3.2377,120,0.75,2.0,1.0
015_R211,15,R,3,3,OPTIMAL,72.1056,3,3,3,0,0,1.0,72.1056,0.0,0.0,120,0.75,2.0,1.0
015_R211,15,R,3,4,OPTIMAL,31.9631,3,1,0,1,2,0.3333,27.9175,0.0,4.0456,120,0.75,2.0,1.0
015_R211,15,R,3,5,OPTIMAL,63.876,3,2,2,0,1,0.6667,51.9437,0.0,11.9323,120,0.75,2.0,1.0
015_R211,15,R,3,6,OPTIMAL,68.1869,3,1,1,0,2,0.3333,33.0795,0.0,35.1074,120,0.75,2.0,1.0
015_R211,15,R,3,7,OPTIMAL,120.8187,3,3,3,0,0,1.0,120.8187,0.0,0.0,120,0.75,2.0,1.0
015_R211,15,R,3,8,OPTIMAL,72.6739,3,2,2,0,1,0.6667,68.0795,0.0,4.5945,120,0.75,2.0,1.0
015_R211,15,R,3,9,OPTIMAL,87.6179,3,2,2,0,1,0.6667,79.1933,0.0,8.4246,120,0.75,2.0,1.0
015_RC101,15,RC,1,0,OPTIMAL,9.396,1,0,0,0,1,0.0,0.0,0.0,9.396,120,0.75,2.0,1.0
015_RC101,15,RC,1,1,OPTIMAL,1.2418,1,0,0,0,1,0.0,0.0,0.0,1.2418,120,0.75,2.0,1.0
015_RC101,15,RC,1,2,OPTIMAL,2.4662,1,0,0,0,1,0.0,0.0,0.0,2.4662,120,0.75,2.0,1.0
015_RC101,15,RC,1,3,OPTIMAL,0.0007,1,0,0,0,1,0.0,0.0,0.0,0.0007,120,0.75,2.0,1.0
015_RC101,15,RC,1,4,OPTIMAL,1.1795,1,0,0,0,1,0.0,0.0,0.0,1.1795,120,0.75,2.0,1.0
015_RC101,15,RC,1,5,OPTIMAL,1.0738,1,0,0,0,1,0.0,0.0,0.0,1.0738,120,0.75,2.0,1.0
015_RC101,15,RC,1,6,OPTIMAL,0.8029,1,0,0,0,1,0.0,0.0,0.0,0.8029,120,0.75,2.0,1.0
015_RC101,15,RC,1,7,OPTIMAL,4.4851,1,0,0,0,1,0.0,0.0,0.0,4.4851,120,0.75,2.0,1.0
015_RC101,15,RC,1,8,OPTIMAL,8.109,1,0,0,0,1,0.0,0.0,0.0,8.109,120,0.75,2.0,1.0
015_RC101,15,RC,1,9,OPTIMAL,0.9657,1,0,0,0,1,0.0,0.0,0.0,0.9657,120,0.75,2.0,1.0
015_RC101,15,RC,2,0,OPTIMAL,7.8489,2,0,0,0,2,0.0,0.0,0.0,7.8489,120,0.75,2.0,1.0
015_RC101,15,RC,2,1,OPTIMAL,1.316,2,0,0,0,2,0.0,0.0,0.0,1.316,120,0.75,2.0,1.0
015_RC101,15,RC,2,2,OPTIMAL,0.3485,2,0,0,0,2,0.0,0.0,0.0,0.3485,120,0.75,2.0,1.0
015_RC101,15,RC,2,3,OPTIMAL,9.3673,2,0,0,0,2,0.0,0.0,0.0,9.3673,120,0.75,2.0,1.0
015_RC101,15,RC,2,4,OPTIMAL,0.8807,2,0,0,0,2,0.0,0.0,0.0,0.8807,120,0.75,2.0,1.0
015_RC101,15,RC,2,5,OPTIMAL,0.2118,2,0,0,0,2,0.0,0.0,0.0,0.2118,120,0.75,2.0,1.0
015_RC101,15,RC,2,6,OPTIMAL,14.2382,2,0,0,0,2,0.0,0.0,0.0,14.2382,120,0.75,2.0,1.0
015_RC101,15,RC,2,7,OPTIMAL,0.5502,2,0,0,0,2,0.0,0.0,0.0,0.5502,120,0.75,2.0,1.0
015_RC101,15,RC,2,8,OPTIMAL,12.3625,2,0,0,0,2,0.0,0.0,0.0,12.3625,120,0.75,2.0,1.0
015_RC101,15,RC,2,9,OPTIMAL,5.3382,2,0,0,0,2,0.0,0.0,0.0,5.3382,120,0.75,2.0,1.0
015_RC101,15,RC,3,0,OPTIMAL,7.5621,3,0,0,0,3,0.0,0.0,0.0,7.5621,120,0.75,2.0,1.0
015_RC101,15,RC,3,1,OPTIMAL,10.0419,3,0,0,0,3,0.0,0.0,0.0,10.0419,120,0.75,2.0,1.0
015_RC101,15,RC,3,2,OPTIMAL,17.8427,3,0,0,0,3,0.0,0.0,0.0,17.8427,120,0.75,2.0,1.0
015_RC101,15,RC,3,3,OPTIMAL,21.0099,3,0,0,0,3,0.0,0.0,0.0,21.0099,120,0.75,2.0,1.0
015_RC101,15,RC,3,4,OPTIMAL,10.4897,3,0,0,0,3,0.0,0.0,0.0,10.4897,120,0.75,2.0,1.0
015_RC101,15,RC,3,5,OPTIMAL,1.2933,3,0,0,0,3,0.0,0.0,0.0,1.2933,120,0.75,2.0,1.0
015_RC101,15,RC,3,6,OPTIMAL,11.2392,3,0,0,0,3,0.0,0.0,0.0,11.2392,120,0.75,2.0,1.0
015_RC101,15,RC,3,7,OPTIMAL,40.9825,3,0,0,0,3,0.0,0.0,0.0,40.9825,120,0.75,2.0,1.0
015_RC101,15,RC,3,8,OPTIMAL,28.221,3,0,0,0,3,0.0,0.0,0.0,28.221,120,0.75,2.0,1.0
015_RC101,15,RC,3,9,OPTIMAL,6.0189,3,0,0,0,3,0.0,0.0,0.0,6.0189,120,0.75,2.0,1.0
015_RC102,15,RC,1,0,OPTIMAL,3.132,1,0,0,0,1,0.0,0.0,0.0,3.132,120,0.75,2.0,1.0
015_RC102,15,RC,1,1,OPTIMAL,0.6209,1,0,0,0,1,0.0,0.0,0.0,0.6209,120,0.75,2.0,1.0
015_RC102,15,RC,1,2,OPTIMAL,3.5881,1,0,0,0,1,0.0,0.0,0.0,3.5881,120,0.75,2.0,1.0
015_RC102,15,RC,1,3,OPTIMAL,0.0007,1,0,0,0,1,0.0,0.0,0.0,0.0007,120,0.75,2.0,1.0
015_RC102,15,RC,1,4,OPTIMAL,2.5713,1,0,0,0,1,0.0,0.0,0.0,2.5713,120,0.75,2.0,1.0
015_RC102,15,RC,1,5,OPTIMAL,0.5369,1,0,0,0,1,0.0,0.0,0.0,0.5369,120,0.75,2.0,1.0
015_RC102,15,RC,1,6,OPTIMAL,0.4014,1,0,0,0,1,0.0,0.0,0.0,0.4014,120,0.75,2.0,1.0
015_RC102,15,RC,1,7,OPTIMAL,6.9116,1,0,0,0,1,0.0,0.0,0.0,6.9116,120,0.75,2.0,1.0
015_RC102,15,RC,1,8,OPTIMAL,4.0545,1,0,0,0,1,0.0,0.0,0.0,4.0545,120,0.75,2.0,1.0
015_RC102,15,RC,1,9,OPTIMAL,0.0007,1,0,0,0,1,0.0,0.0,0.0,0.0007,120,0.75,2.0,1.0
015_RC102,15,RC,2,0,OPTIMAL,8.0386,2,0,0,0,2,0.0,0.0,0.0,8.0386,120,0.75,2.0,1.0
015_RC102,15,RC,2,1,OPTIMAL,0.5167,2,0,0,0,2,0.0,0.0,0.0,0.5167,120,0.75,2.0,1.0
015_RC102,15,RC,2,2,OPTIMAL,0.5285,2,0,0,0,2,0.0,0.0,0.0,0.5285,120,0.75,2.0,1.0
015_RC102,15,RC,2,3,OPTIMAL,7.0238,2,0,0,0,2,0.0,0.0,0.0,7.0238,120,0.75,2.0,1.0
015_RC102,15,RC,2,4,OPTIMAL,3.9843,2,0,0,0,2,0.0,0.0,0.0,3.9843,120,0.75,2.0,1.0
015_RC102,15,RC,2,5,OPTIMAL,0.62,2,0,0,0,2,0.0,0.0,0.0,0.62,120,0.75,2.0,1.0
015_RC102,15,RC,2,6,OPTIMAL,26.0901,2,0,0,0,2,0.0,0.0,0.0,26.0901,120,0.75,2.0,1.0
015_RC102,15,RC,2,7,OPTIMAL,0.2354,2,0,0,0,2,0.0,0.0,0.0,0.2354,120,0.75,2.0,1.0
015_RC102,15,RC,2,8,OPTIMAL,70.7242,2,1,0,1,1,0.5,58.7872,0.0,11.937,120,0.75,2.0,1.0
015_RC102,15,RC,2,9,OPTIMAL,8.4378,2,0,0,0,2,0.0,0.0,0.0,8.4378,120,0.75,2.0,1.0
015_RC102,15,RC,3,0,OPTIMAL,11.5737,3,0,0,0,3,0.0,0.0,0.0,11.5737,120,0.75,2.0,1.0
015_RC102,15,RC,3,1,OPTIMAL,2.0872,3,0,0,0,3,0.0,0.0,0.0,2.0872,120,0.75,2.0,1.0
015_RC102,15,RC,3,2,OPTIMAL,10.0453,3,0,0,0,3,0.0,0.0,0.0,10.0453,120,0.75,2.0,1.0
015_RC102,15,RC,3,3,OPTIMAL,19.4476,3,0,0,0,3,0.0,0.0,0.0,19.4476,120,0.75,2.0,1.0
015_RC102,15,RC,3,4,OPTIMAL,6.7282,3,0,0,0,3,0.0,0.0,0.0,6.7282,120,0.75,2.0,1.0
015_RC102,15,RC,3,5,OPTIMAL,1.7248,3,0,0,0,3,0.0,0.0,0.0,1.7248,120,0.75,2.0,1.0
015_RC102,15,RC,3,6,OPTIMAL,13.801,3,0,0,0,3,0.0,0.0,0.0,13.801,120,0.75,2.0,1.0
015_RC102,15,RC,3,7,OPTIMAL,23.6828,3,0,0,0,3,0.0,0.0,0.0,23.6828,120,0.75,2.0,1.0
015_RC102,15,RC,3,8,OPTIMAL,18.3145,3,0,0,0,3,0.0,0.0,0.0,18.3145,120,0.75,2.0,1.0
015_RC102,15,RC,3,9,OPTIMAL,13.1348,3,0,0,0,3,0.0,0.0,0.0,13.1348,120,0.75,2.0,1.0
015_RC103,15,RC,1,0,OPTIMAL,9.2548,1,0,0,0,1,0.0,0.0,0.0,9.2548,120,0.75,2.0,1.0
015_RC103,15,RC,1,1,OPTIMAL,0.6209,1,0,0,0,1,0.0,0.0,0.0,0.6209,120,0.75,2.0,1.0
015_RC103,15,RC,1,2,OPTIMAL,3.5881,1,0,0,0,1,0.0,0.0,0.0,3.5881,120,0.75,2.0,1.0
015_RC103,15,RC,1,3,OPTIMAL,0.0007,1,0,0,0,1,0.0,0.0,0.0,0.0007,120,0.75,2.0,1.0
015_RC103,15,RC,1,4,OPTIMAL,6.8087,1,0,0,0,1,0.0,0.0,0.0,6.8087,120,0.75,2.0,1.0
015_RC103,15,RC,1,5,OPTIMAL,0.5369,1,0,0,0,1,0.0,0.0,0.0,0.5369,120,0.75,2.0,1.0
015_RC103,15,RC,1,6,OPTIMAL,0.4014,1,0,0,0,1,0.0,0.0,0.0,0.4014,120,0.75,2.0,1.0
015_RC103,15,RC,1,7,OPTIMAL,6.9116,1,0,0,0,1,0.0,0.0,0.0,6.9116,120,0.75,2.0,1.0
015_RC103,15,RC,1,8,OPTIMAL,4.0545,1,0,0,0,1,0.0,0.0,0.0,4.0545,120,0.75,2.0,1.0
015_RC103,15,RC,1,9,OPTIMAL,0.0007,1,0,0,0,1,0.0,0.0,0.0,0.0007,120,0.75,2.0,1.0
015_RC103,15,RC,2,0,OPTIMAL,5.7668,2,0,0,0,2,0.0,0.0,0.0,5.7668,120,0.75,2.0,1.0
015_RC103,15,RC,2,1,OPTIMAL,0.9673,2,0,0,0,2,0.0,0.0,0.0,0.9673,120,0.75,2.0,1.0
015_RC103,15,RC,2,2,OPTIMAL,2.5413,2,0,0,0,2,0.0,0.0,0.0,2.5413,120,0.75,2.0,1.0
015_RC103,15,RC,2,3,OPTIMAL,7.0238,2,0,0,0,2,0.0,0.0,0.0,7.0238,120,0.75,2.0,1.0
015_RC103,15,RC,2,4,OPTIMAL,1.6514,2,0,0,0,2,0.0,0.0,0.0,1.6514,120,0.75,2.0,1.0
015_RC103,15,RC,2,5,OPTIMAL,0.62,2,0,0,0,2,0.0,0.0,0.0,0.62,120,0.75,2.0,1.0
015_RC103,15,RC,2,6,OPTIMAL,27.6195,2,0,0,0,2,0.0,0.0,0.0,27.6195,120,0.75,2.0,1.0
015_RC103,15,RC,2,7,OPTIMAL,0.255,2,0,0,0,2,0.0,0.0,0.0,0.255,120,0.75,2.0,1.0
015_RC103,15,RC,2,8,OPTIMAL,105.3446,2,1,0,1,1,0.5,58.7872,0.0,46.5574,120,0.75,2.0,1.0
015_RC103,15,RC,2,9,OPTIMAL,27.4253,2,0,0,0,2,0.0,0.0,0.0,27.4253,120,0.75,2.0,1.0
015_RC103,15,RC,3,0,OPTIMAL,13.5937,3,0,0,0,3,0.0,0.0,0.0,13.5937,120,0.75,2.0,1.0
015_RC103,15,RC,3,1,OPTIMAL,6.3773,3,0,0,0,3,0.0,0.0,0.0,6.3773,120,0.75,2.0,1.0
015_RC103,15,RC,3,2,OPTIMAL,8.1025,3,0,0,0,3,0.0,0.0,0.0,8.1025,120,0.75,2.0,1.0
015_RC103,15,RC,3,3,OPTIMAL,15.9414,3,0,0,0,3,0.0,0.0,0.0,15.9414,120,0.75,2.0,1.0
015_RC103,15,RC,3,4,OPTIMAL,9.7517,3,0,0,0,3,0.0,0.0,0.0,9.7517,120,0.75,2.0,1.0
015_RC103,15,RC,3,5,OPTIMAL,27.3744,3,0,0,0,3,0.0,0.0,0.0,27.3744,120,0.75,2.0,1.0
015_RC103,15,RC,3,6,OPTIMAL,20.9769,3,0,0,0,3,0.0,0.0,0.0,20.9769,120,0.75,2.0,1.0
015_RC103,15,RC,3,7,OPTIMAL,20.427,3,0,0,0,3,0.0,0.0,0.0,20.427,120,0.75,2.0,1.0
015_RC103,15,RC,3,8,OPTIMAL,71.7823,3,0,0,0,3,0.0,0.0,0.0,71.7823,120,0.75,2.0,1.0
015_RC103,15,RC,3,9,OPTIMAL,13.2517,3,0,0,0,3,0.0,0.0,0.0,13.2517,120,0.75,2.0,1.0
015_RC104,15,RC,1,0,OPTIMAL,9.396,1,0,0,0,1,0.0,0.0,0.0,9.396,120,0.75,2.0,1.0
015_RC104,15,RC,1,1,OPTIMAL,0.6209,1,0,0,0,1,0.0,0.0,0.0,0.6209,120,0.75,2.0,1.0
015_RC104,15,RC,1,2,OPTIMAL,3.5881,1,0,0,0,1,0.0,0.0,0.0,3.5881,120,0.75,2.0,1.0
015_RC104,15,RC,1,3,OPTIMAL,0.0007,1,0,0,0,1,0.0,0.0,0.0,0.0007,120,0.75,2.0,1.0
015_RC104,15,RC,1,4,OPTIMAL,44.313,1,0,0,0,1,0.0,0.0,0.0,44.313,120,0.75,2.0,1.0
015_RC104,15,RC,1,5,OPTIMAL,0.5369,1,0,0,0,1,0.0,0.0,0.0,0.5369,120,0.75,2.0,1.0
015_RC104,15,RC,1,6,OPTIMAL,0.4014,1,0,0,0,1,0.0,0.0,0.0,0.4014,120,0.75,2.0,1.0
015_RC104,15,RC,1,7,OPTIMAL,6.9116,1,0,0,0,1,0.0,0.0,0.0,6.9116,120,0.75,2.0,1.0
015_RC104,15,RC,1,8,OPTIMAL,4.0545,1,0,0,0,1,0.0,0.0,0.0,4.0545,120,0.75,2.0,1.0
015_RC104,15,RC,1,9,OPTIMAL,0.0007,1,0,0,0,1,0.0,0.0,0.0,0.0007,120,0.75,2.0,1.0
015_RC104,15,RC,2,0,OPTIMAL,10.7147,2,0,0,0,2,0.0,0.0,0.0,10.7147,120,0.75,2.0,1.0
015_RC104,15,RC,2,1,OPTIMAL,0.6828,2,0,0,0,2,0.0,0.0,0.0,0.6828,120,0.75,2.0,1.0
015_RC104,15,RC,2,2,OPTIMAL,39.7793,2,0,0,0,2,0.0,0.0,0.0,39.7793,120,0.75,2.0,1.0
015_RC104,15,RC,2,3,OPTIMAL,7.0238,2,0,0,0,2,0.0,0.0,0.0,7.0238,120,0.75,2.0,1.0
015_RC104,15,RC,2,4,OPTIMAL,3.9843,2,0,0,0,2,0.0,0.0,0.0,3.9843,120,0.75,2.0,1.0
015_RC104,15,RC,2,5,OPTIMAL,0.62,2,0,0,0,2,0.0,0.0,0.0,0.62,120,0.75,2.0,1.0
015_RC104,15,RC,2,6,OPTIMAL,59.3652,2,0,0,0,2,0.0,0.0,0.0,59.3652,120,0.75,2.0,1.0
015_RC104,15,RC,2,7,OPTIMAL,34.5368,2,0,0,0,2,0.0,0.0,0.0,34.5368,120,0.75,2.0,1.0
015_RC104,15,RC,2,8,OPTIMAL,98.8329,2,0,0,0,2,0.0,0.0,0.0,98.8329,120,0.75,2.0,1.0
015_RC104,15,RC,2,9,OPTIMAL,49.7675,2,0,0,0,2,0.0,0.0,0.0,49.7675,120,0.75,2.0,1.0
015_RC104,15,RC,3,0,OPTIMAL,51.5804,3,0,0,0,3,0.0,0.0,0.0,51.5804,120,0.75,2.0,1.0
015_RC104,15,RC,3,1,OPTIMAL,2.1951,3,0,0,0,3,0.0,0.0,0.0,2.1951,120,0.75,2.0,1.0
015_RC104,15,RC,3,2,OPTIMAL,40.762,3,0,0,0,3,0.0,0.0,0.0,40.762,120,0.75,2.0,1.0
015_RC104,15,RC,3,3,OPTIMAL,27.8027,3,0,0,0,3,0.0,0.0,0.0,27.8027,120,0.75,2.0,1.0
015_RC104,15,RC,3,4,OPTIMAL,6.7282,3,0,0,0,3,0.0,0.0,0.0,6.7282,120,0.75,2.0,1.0
015_RC104,15,RC,3,5,OPTIMAL,53.263,3,0,0,0,3,0.0,0.0,0.0,53.263,120,0.75,2.0,1.0
015_RC104,15,RC,3,6,OPTIMAL,13.801,3,0,0,0,3,0.0,0.0,0.0,13.801,120,0.75,2.0,1.0
015_RC104,15,RC,3,7,OPTIMAL,23.8266,3,0,0,0,3,0.0,0.0,0.0,23.8266,120,0.75,2.0,1.0
015_RC104,15,RC,3,8,OPTIMAL,67.5383,3,1,1,0,2,0.3333,62.2769,0.0,5.2614,120,0.75,2.0,1.0
015_RC104,15,RC,3,9,OPTIMAL,13.4294,3,0,0,0,3,0.0,0.0,0.0,13.4294,120,0.75,2.0,1.0
015_RC105,15,RC,1,0,OPTIMAL,12.2638,1,0,0,0,1,0.0,0.0,0.0,12.2638,120,0.75,2.0,1.0
015_RC105,15,RC,1,1,OPTIMAL,0.6209,1,0,0,0,1,0.0,0.0,0.0,0.6209,120,0.75,2.0,1.0
015_RC105,15,RC,1,2,OPTIMAL,3.5881,1,0,0,0,1,0.0,0.0,0.0,3.5881,120,0.75,2.0,1.0
015_RC105,15,RC,1,3,OPTIMAL,0.0007,1,0,0,0,1,0.0,0.0,0.0,0.0007,120,0.75,2.0,1.0
015_RC105,15,RC,1,4,OPTIMAL,1.7142,1,0,0,0,1,0.0,0.0,0.0,1.7142,120,0.75,2.0,1.0
015_RC105,15,RC,1,5,OPTIMAL,0.5369,1,0,0,0,1,0.0,0.0,0.0,0.5369,120,0.75,2.0,1.0
015_RC105,15,RC,1,6,OPTIMAL,0.4014,1,0,0,0,1,0.0,0.0,0.0,0.4014,120,0.75,2.0,1.0
015_RC105,15,RC,1,7,OPTIMAL,4.6077,1,0,0,0,1,0.0,0.0,0.0,4.6077,120,0.75,2.0,1.0
015_RC105,15,RC,1,8,OPTIMAL,4.0545,1,0,0,0,1,0.0,0.0,0.0,4.0545,120,0.75,2.0,1.0
015_RC105,15,RC,1,9,OPTIMAL,5.1117,1,0,0,0,1,0.0,0.0,0.0,5.1117,120,0.75,2.0,1.0
015_RC105,15,RC,2,0,OPTIMAL,7.4218,2,0,0,0,2,0.0,0.0,0.0,7.4218,120,0.75,2.0,1.0
015_RC105,15,RC,2,1,OPTIMAL,4.8667,2,0,0,0,2,0.0,0.0,0.0,4.8667,120,0.75,2.0,1.0
015_RC105,15,RC,2,2,OPTIMAL,0.2062,2,0,0,0,2,0.0,0.0,0.0,0.2062,120,0.75,2.0,1.0
015_RC105,15,RC,2,3,OPTIMAL,7.0238,2,0,0,0,2,0.0,0.0,0.0,7.0238,120,0.75,2.0,1.0
015_RC105,15,RC,2,4,OPTIMAL,1.471,2,0,0,0,2,0.0,0.0,0.0,1.471,120,0.75,2.0,1.0
015_RC105,15,RC,2,5,OPTIMAL,0.62,2,0,0,0,2,0.0,0.0,0.0,0.62,120,0.75,2.0,1.0
015_RC105,15,RC,2,6,OPTIMAL,65.8643,2,0,0,0,2,0.0,0.0,0.0,65.8643,120,0.75,2.0,1.0
015_RC105,15,RC,2,7,OPTIMAL,1.509,2,0,0,0,2,0.0,0.0,0.0,1.509,120,0.75,2.0,1.0
015_RC105,15,RC,2,8,OPTIMAL,48.6411,2,0,0,0,2,0.0,0.0,0.0,48.6411,120,0.75,2.0,1.0
015_RC105,15,RC,2,9,OPTIMAL,5.1346,2,0,0,0,2,0.0,0.0,0.0,5.1346,120,0.75,2.0,1.0
015_RC105,15,RC,3,0,OPTIMAL,8.5237,3,0,0,0,3,0.0,0.0,0.0,8.5237,120,0.75,2.0,1.0
015_RC105,15,RC,3,1,OPTIMAL,3.2495,3,0,0,0,3,0.0,0.0,0.0,3.2495,120,0.75,2.0,1.0
015_RC105,15,RC,3,2,OPTIMAL,10.0453,3,0,0,0,3,0.0,0.0,0.0,10.0453,120,0.75,2.0,1.0
015_RC105,15,RC,3,3,OPTIMAL,38.9491,3,0,0,0,3,0.0,0.0,0.0,38.9491,120,0.75,2.0,1.0
015_RC105,15,RC,3,4,OPTIMAL,7.2557,3,0,0,0,3,0.0,0.0,0.0,7.2557,120,0.75,2.0,1.0
015_RC105,15,RC,3,5,OPTIMAL,15.9868,3,0,0,0,3,0.0,0.0,0.0,15.9868,120,0.75,2.0,1.0
015_RC105,15,RC,3,6,OPTIMAL,10.8667,3,0,0,0,3,0.0,0.0,0.0,10.8667,120,0.75,2.0,1.0
015_RC105,15,RC,3,7,OPTIMAL,28.3013,3,0,0,0,3,0.0,0.0,0.0,28.3013,120,0.75,2.0,1.0
015_RC105,15,RC,3,8,OPTIMAL,21.9773,3,0,0,0,3,0.0,0.0,0.0,21.9773,120,0.75,2.0,1.0
015_RC105,15,RC,3,9,OPTIMAL,13.1348,3,0,0,0,3,0.0,0.0,0.0,13.1348,120,0.75,2.0,1.0
015_RC106,15,RC,1,0,OPTIMAL,12.2638,1,0,0,0,1,0.0,0.0,0.0,12.2638,120,0.75,2.0,1.0
015_RC106,15,RC,1,1,OPTIMAL,1.2418,1,0,0,0,1,0.0,0.0,0.0,1.2418,120,0.75,2.0,1.0
015_RC106,15,RC,1,2,OPTIMAL,2.4662,1,0,0,0,1,0.0,0.0,0.0,2.4662,120,0.75,2.0,1.0
015_RC106,15,RC,1,3,OPTIMAL,0.0007,1,0,0,0,1,0.0,0.0,0.0,0.0007,120,0.75,2.0,1.0
015_RC106,15,RC,1,4,OPTIMAL,1.7142,1,0,0,0,1,0.0,0.0,0.0,1.7142,120,0.75,2.0,1.0
015_RC106,15,RC,1,5,OPTIMAL,1.0738,1,0,0,0,1,0.0,0.0,0.0,1.0738,120,0.75,2.0,1.0
015_RC106,15,RC,1,6,OPTIMAL,0.8029,1,0,0,0,1,0.0,0.0,0.0,0.8029,120,0.75,2.0,1.0
015_RC106,15,RC,1,7,OPTIMAL,3.9727,1,0,0,0,1,0.0,0.0,0.0,3.9727,120,0.75,2.0,1.0
015_RC106,15,RC,1,8,OPTIMAL,8.109,1,0,0,0,1,0.0,0.0,0.0,8.109,120,0.75,2.0,1.0
015_RC106,15,RC,1,9,OPTIMAL,0.0014,1,0,0,0,1,0.0,0.0,0.0,0.0014,120,0.75,2.0,1.0
015_RC106,15,RC,2,0,OPTIMAL,9.5039,2,0,0,0,2,0.0,0.0,0.0,9.5039,120,0.75,2.0,1.0
015_RC106,15,RC,2,1,OPTIMAL,0.4374,2,0,0,0,2,0.0,0.0,0.0,0.4374,120,0.75,2.0,1.0
015_RC106,15,RC,2,2,OPTIMAL,0.3485,2,0,0,0,2,0.0,0.0,0.0,0.3485,120,0.75,2.0,1.0
015_RC106,15,RC,2,3,OPTIMAL,9.3673,2,0,0,0,2,0.0,0.0,0.0,9.3673,120,0.75,2.0,1.0
015_RC106,15,RC,2,4,OPTIMAL,0.8807,2,0,0,0,2,0.0,0.0,0.0,0.8807,120,0.75,2.0,1.0
015_RC106,15,RC,2,5,OPTIMAL,0.2118,2,0,0,0,2,0.0,0.0,0.0,0.2118,120,0.75,2.0,1.0
015_RC106,15,RC,2,6,OPTIMAL,14.2382,2,0,0,0,2,0.0,0.0,0.0,14.2382,120,0.75,2.0,1.0
015_RC106,15,RC,2,7,OPTIMAL,0.2354,2,0,0,0,2,0.0,0.0,0.0,0.2354,120,0.75,2.0,1.0
015_RC106,15,RC,2,8,OPTIMAL,46.9829,2,0,0,0,2,0.0,0.0,0.0,46.9829,120,0.75,2.0,1.0
015_RC106,15,RC,2,9,OPTIMAL,5.6252,2,0,0,0,2,0.0,0.0,0.0,5.6252,120,0.75,2.0,1.0
015_RC106,15,RC,3,0,OPTIMAL,8.5017,3,0,0,0,3,0.0,0.0,0.0,8.5017,120,0.75,2.0,1.0
015_RC106,15,RC,3,1,OPTIMAL,10.0419,3,0,0,0,3,0.0,0.0,0.0,10.0419,120,0.75,2.0,1.0
015_RC106,15,RC,3,2,OPTIMAL,7.2009,3,0,0,0,3,0.0,0.0,0.0,7.2009,120,0.75,2.0,1.0
015_RC106,15,RC,3,3,OPTIMAL,24.1287,3,0,0,0,3,0.0,0.0,0.0,24.1287,120,0.75,2.0,1.0
015_RC106,15,RC,3,4,OPTIMAL,5.3625,3,0,0,0,3,0.0,0.0,0.0,5.3625,120,0.75,2.0,1.0
015_RC106,15,RC,3,5,OPTIMAL,15.6307,3,0,0,0,3,0.0,0.0,0.0,15.6307,120,0.75,2.0,1.0
015_RC106,15,RC,3,6,OPTIMAL,1.7147,3,0,0,0,3,0.0,0.0,0.0,1.7147,120,0.75,2.0,1.0
015_RC106,15,RC,3,7,OPTIMAL,18.3158,3,0,0,0,3,0.0,0.0,0.0,18.3158,120,0.75,2.0,1.0
015_RC106,15,RC,3,8,OPTIMAL,17.3454,3,0,0,0,3,0.0,0.0,0.0,17.3454,120,0.75,2.0,1.0
015_RC106,15,RC,3,9,OPTIMAL,6.0189,3,0,0,0,3,0.0,0.0,0.0,6.0189,120,0.75,2.0,1.0
015_RC107,15,RC,1,0,OPTIMAL,16.3517,1,0,0,0,1,0.0,0.0,0.0,16.3517,120,0.75,2.0,1.0
015_RC107,15,RC,1,1,OPTIMAL,1.137,1,0,0,0,1,0.0,0.0,0.0,1.137,120,0.75,2.0,1.0
015_RC107,15,RC,1,2,OPTIMAL,0.2764,1,0,0,0,1,0.0,0.0,0.0,0.2764,120,0.75,2.0,1.0
015_RC107,15,RC,1,3,OPTIMAL,9.6692,1,0,0,0,1,0.0,0.0,0.0,9.6692,120,0.75,2.0,1.0
015_RC107,15,RC,1,4,OPTIMAL,0.0005,1,0,0,0,1,0.0,0.0,0.0,0.0005,120,0.75,2.0,1.0
015_RC107,15,RC,1,5,OPTIMAL,1.0738,1,0,0,0,1,0.0,0.0,0.0,1.0738,120,0.75,2.0,1.0
015_RC107,15,RC,1,6,OPTIMAL,0.8029,1,0,0,0,1,0.0,0.0,0.0,0.8029,120,0.75,2.0,1.0
015_RC107,15,RC,1,7,OPTIMAL,8.9701,1,0,0,0,1,0.0,0.0,0.0,8.9701,120,0.75,2.0,1.0
015_RC107,15,RC,1,8,OPTIMAL,0.2231,1,0,0,0,1,0.0,0.0,0.0,0.2231,120,0.75,2.0,1.0
015_RC107,15,RC,1,9,OPTIMAL,0.0014,1,0,0,0,1,0.0,0.0,0.0,0.0014,120,0.75,2.0,1.0
015_RC107,15,RC,2,0,OPTIMAL,6.0066,2,0,0,0,2,0.0,0.0,0.0,6.0066,120,0.75,2.0,1.0
015_RC107,15,RC,2,1,OPTIMAL,0.5881,2,0,0,0,2,0.0,0.0,0.0,0.5881,120,0.75,2.0,1.0
015_RC107,15,RC,2,2,OPTIMAL,0.3409,2,0,0,0,2,0.0,0.0,0.0,0.3409,120,0.75,2.0,1.0
015_RC107,15,RC,2,3,OPTIMAL,9.0157,2,0,0,0,2,0.0,0.0,0.0,9.0157,120,0.75,2.0,1.0
015_RC107,15,RC,2,4,OPTIMAL,5.0842,2,0,0,0,2,0.0,0.0,0.0,5.0842,120,0.75,2.0,1.0
015_RC107,15,RC,2,5,OPTIMAL,0.9763,2,0,0,0,2,0.0,0.0,0.0,0.9763,120,0.75,2.0,1.0
015_RC107,15,RC,2,6,OPTIMAL,7.6516,2,0,0,0,2,0.0,0.0,0.0,7.6516,120,0.75,2.0,1.0
015_RC107,15,RC,2,7,OPTIMAL,2.3837,2,0,0,0,2,0.0,0.0,0.0,2.3837,120,0.75,2.0,1.0
015_RC107,15,RC,2,8,OPTIMAL,61.4306,2,1,1,0,1,0.5,61.3138,0.0,0.1168,120,0.75,2.0,1.0
015_RC107,15,RC,2,9,OPTIMAL,3.3505,2,0,0,0,2,0.0,0.0,0.0,3.3505,120,0.75,2.0,1.0
015_RC107,15,RC,3,0,OPTIMAL,9.6246,3,0,0,0,3,0.0,0.0,0.0,9.6246,120,0.75,2.0,1.0
015_RC107,15,RC,3,1,OPTIMAL,39.1022,3,0,0,0,3,0.0,0.0,0.0,39.1022,120,0.75,2.0,1.0
015_RC107,15,RC,3,2,OPTIMAL,3.6867,3,0,0,0,3,0.0,0.0,0.0,3.6867,120,0.75,2.0,1.0
015_RC107,15,RC,3,3,OPTIMAL,17.3651,3,0,0,0,3,0.0,0.0,0.0,17.3651,120,0.75,2.0,1.0
015_RC107,15,RC,3,4,OPTIMAL,11.4778,3,0,0,0,3,0.0,0.0,0.0,11.4778,120,0.75,2.0,1.0
015_RC107,15,RC,3,5,OPTIMAL,15.5574,3,0,0,0,3,0.0,0.0,0.0,15.5574,120,0.75,2.0,1.0
015_RC107,15,RC,3,6,OPTIMAL,0.3208,3,0,0,0,3,0.0,0.0,0.0,0.3208,120,0.75,2.0,1.0
015_RC107,15,RC,3,7,OPTIMAL,17.0532,3,0,0,0,3,0.0,0.0,0.0,17.0532,120,0.75,2.0,1.0
015_RC107,15,RC,3,8,OPTIMAL,28.9681,3,0,0,0,3,0.0,0.0,0.0,28.9681,120,0.75,2.0,1.0
015_RC107,15,RC,3,9,OPTIMAL,50.7034,3,0,0,0,3,0.0,0.0,0.0,50.7034,120,0.75,2.0,1.0
015_RC108,15,RC,1,0,OPTIMAL,9.9233,1,0,0,0,1,0.0,0.0,0.0,9.9233,120,0.75,2.0,1.0
015_RC108,15,RC,1,1,OPTIMAL,1.137,1,0,0,0,1,0.0,0.0,0.0,1.137,120,0.75,2.0,1.0
015_RC108,15,RC,1,2,OPTIMAL,7.2327,1,0,0,0,1,0.0,0.0,0.0,7.2327,120,0.75,2.0,1.0
015_RC108,15,RC,1,3,OPTIMAL,9.6692,1,0,0,0,1,0.0,0.0,0.0,9.6692,120,0.75,2.0,1.0
015_RC108,15,RC,1,4,OPTIMAL,0.2657,1,0,0,0,1,0.0,0.0,0.0,0.2657,120,0.75,2.0,1.0
015_RC108,15,RC,1,5,OPTIMAL,2.5881,1,0,0,0,1,0.0,0.0,0.0,2.5881,120,0.75,2.0,1.0
015_RC108,15,RC,1,6,OPTIMAL,1.971,1,0,0,0,1,0.0,0.0,0.0,1.971,120,0.75,2.0,1.0
015_RC108,15,RC,1,7,OPTIMAL,3.9727,1,0,0,0,1,0.0,0.0,0.0,3.9727,120,0.75,2.0,1.0
015_RC108,15,RC,1,8,OPTIMAL,0.1487,1,0,0,0,1,0.0,0.0,0.0,0.1487,120,0.75,2.0,1.0
015_RC108,15,RC,1,9,OPTIMAL,0.0021,1,0,0,0,1,0.0,0.0,0.0,0.0021,120,0.75,2.0,1.0
015_RC108,15,RC,2,0,OPTIMAL,4.6403,2,0,0,0,2,0.0,0.0,0.0,4.6403,120,0.75,2.0,1.0
015_RC108,15,RC,2,1,OPTIMAL,0.9512,2,0,0,0,2,0.0,0.0,0.0,0.9512,120,0.75,2.0,1.0
015_RC108,15,RC,2,2,OPTIMAL,0.6945,2,0,0,0,2,0.0,0.0,0.0,0.6945,120,0.75,2.0,1.0
015_RC108,15,RC,2,3,OPTIMAL,8.9622,2,0,0,0,2,0.0,0.0,0.0,8.9622,120,0.75,2.0,1.0
015_RC108,15,RC,2,4,OPTIMAL,2.7873,2,0,0,0,2,0.0,0.0,0.0,2.7873,120,0.75,2.0,1.0
015_RC108,15,RC,2,5,OPTIMAL,1.9941,2,0,0,0,2,0.0,0.0,0.0,1.9941,120,0.75,2.0,1.0
015_RC108,15,RC,2,6,OPTIMAL,16.5319,2,0,0,0,2,0.0,0.0,0.0,16.5319,120,0.75,2.0,1.0
015_RC108,15,RC,2,7,OPTIMAL,6.3378,2,0,0,0,2,0.0,0.0,0.0,6.3378,120,0.75,2.0,1.0
015_RC108,15,RC,2,8,OPTIMAL,61.7393,2,1,1,0,1,0.5,61.3138,0.0,0.4255,120,0.75,2.0,1.0
015_RC108,15,RC,2,9,OPTIMAL,9.0281,2,0,0,0,2,0.0,0.0,0.0,9.0281,120,0.75,2.0,1.0
015_RC108,15,RC,3,0,OPTIMAL,11.0085,3,0,0,0,3,0.0,0.0,0.0,11.0085,120,0.75,2.0,1.0
015_RC108,15,RC,3,1,OPTIMAL,97.9273,3,2,2,0,1,0.6667,97.7432,0.0,0.1841,120,0.75,2.0,1.0
015_RC108,15,RC,3,2,OPTIMAL,11.8034,3,0,0,0,3,0.0,0.0,0.0,11.8034,120,0.75,2.0,1.0
015_RC108,15,RC,3,3,OPTIMAL,24.1858,3,0,0,0,3,0.0,0.0,0.0,24.1858,120,0.75,2.0,1.0
015_RC108,15,RC,3,4,OPTIMAL,10.6166,3,0,0,0,3,0.0,0.0,0.0,10.6166,120,0.75,2.0,1.0
015_RC108,15,RC,3,5,OPTIMAL,31.3479,3,0,0,0,3,0.0,0.0,0.0,31.3479,120,0.75,2.0,1.0
015_RC108,15,RC,3,6,OPTIMAL,2.0663,3,0,0,0,3,0.0,0.0,0.0,2.0663,120,0.75,2.0,1.0
015_RC108,15,RC,3,7,OPTIMAL,35.3587,3,0,0,0,3,0.0,0.0,0.0,35.3587,120,0.75,2.0,1.0
015_RC108,15,RC,3,8,OPTIMAL,76.9639,3,1,0,1,2,0.3333,62.2769,0.0,14.687,120,0.75,2.0,1.0
015_RC108,15,RC,3,9,OPTIMAL,54.0654,3,1,1,0,2,0.3333,48.528,0.0,5.5374,120,0.75,2.0,1.0
015_RC201,15,RC,1,0,OPTIMAL,68.6727,1,1,1,0,0,1.0,68.6727,0.0,0.0,120,0.75,2.0,1.0
015_RC201,15,RC,1,1,OPTIMAL,0.6209,1,0,0,0,1,0.0,0.0,0.0,0.6209,120,0.75,2.0,1.0
015_RC201,15,RC,1,2,OPTIMAL,42.4068,1,0,0,0,1,0.0,0.0,0.0,42.4068,120,0.75,2.0,1.0
015_RC201,15,RC,1,3,OPTIMAL,0.0007,1,0,0,0,1,0.0,0.0,0.0,0.0007,120,0.75,2.0,1.0
015_RC201,15,RC,1,4,OPTIMAL,5.455,1,0,0,0,1,0.0,0.0,0.0,5.455,120,0.75,2.0,1.0
015_RC201,15,RC,1,5,OPTIMAL,0.5369,1,0,0,0,1,0.0,0.0,0.0,0.5369,120,0.75,2.0,1.0
015_RC201,15,RC,1,6,OPTIMAL,46.3626,1,1,1,0,0,1.0,46.3626,0.0,0.0,120,0.75,2.0,1.0
015_RC201,15,RC,1,7,OPTIMAL,56.8272,1,0,0,0,1,0.0,0.0,0.0,56.8272,120,0.75,2.0,1.0
015_RC201,15,RC,1,8,OPTIMAL,47.1597,1,1,1,0,0,1.0,47.1597,0.0,0.0,120,0.75,2.0,1.0
015_RC201,15,RC,1,9,OPTIMAL,0.9657,1,0,0,0,1,0.0,0.0,0.0,0.9657,120,0.75,2.0,1.0
015_RC201,15,RC,2,0,OPTIMAL,51.6017,2,0,0,0,2,0.0,0.0,0.0,51.6017,120,0.75,2.0,1.0
015_RC201,15,RC,2,1,OPTIMAL,65.837,2,1,1,0,1,0.5,64.8191,0.0,1.018,120,0.75,2.0,1.0
015_RC201,15,RC,2,2,OPTIMAL,52.9582,2,1,1,0,1,0.5,52.8159,0.0,0.1423,120,0.75,2.0,1.0
015_RC201,15,RC,2,3,OPTIMAL,40.5825,2,0,0,0,2,0.0,0.0,0.0,40.5825,120,0.75,2.0,1.0
015_RC201,15,RC,2,4,OPTIMAL,90.4861,2,1,0,1,1,0.5,55.9014,0.0,34.5847,120,0.75,2.0,1.0
015_RC201,15,RC,2,5,OPTIMAL,47.3424,2,1,1,0,1,0.5,47.3379,0.0,0.0044,120,0.75,2.0,1.0
015_RC201,15,RC,2,6,OPTIMAL,118.2904,2,1,1,0,1,0.5,69.2043,0.0,49.0861,120,0.75,2.0,1.0
015_RC201,15,RC,2,7,OPTIMAL,99.181,2,2,2,0,0,1.0,99.181,0.0,0.0,120,0.75,2.0,1.0
015_RC201,15,RC,2,8,OPTIMAL,61.7393,2,1,1,0,1,0.5,61.3138,0.0,0.4255,120,0.75,2.0,1.0
015_RC201,15,RC,2,9,OPTIMAL,70.4031,2,0,0,0,2,0.0,0.0,0.0,70.4031,120,0.75,2.0,1.0
015_RC201,15,RC,3,0,OPTIMAL,118.0063,3,2,2,0,1,0.6667,116.7677,0.0,1.2386,120,0.75,2.0,1.0
015_RC201,15,RC,3,1,OPTIMAL,100.7258,3,2,2,0,1,0.6667,97.7432,0.0,2.9827,120,0.75,2.0,1.0
015_RC201,15,RC,3,2,OPTIMAL,63.0145,3,1,1,0,2,0.3333,52.7076,0.0,10.3068,120,0.75,2.0,1.0
015_RC201,15,RC,3,3,OPTIMAL,14.5142,3,0,0,0,3,0.0,0.0,0.0,14.5142,120,0.75,2.0,1.0
015_RC201,15,RC,3,4,OPTIMAL,47.4192,3,0,0,0,3,0.0,0.0,0.0,47.4192,120,0.75,2.0,1.0
015_RC201,15,RC,3,5,OPTIMAL,122.1408,3,2,2,0,1,0.6667,119.8537,0.0,2.287,120,0.75,2.0,1.0
015_RC201,15,RC,3,6,OPTIMAL,78.7364,3,0,0,0,3,0.0,0.0,0.0,78.7364,120,0.75,2.0,1.0
015_RC201,15,RC,3,7,OPTIMAL,176.8909,3,3,3,0,0,1.0,176.8909,0.0,0.0,120,0.75,2.0,1.0
015_RC201,15,RC,3,8,OPTIMAL,77.2229,3,1,1,0,2,0.3333,62.2769,0.0,14.946,120,0.75,2.0,1.0
015_RC201,15,RC,3,9,OPTIMAL,58.0328,3,1,1,0,2,0.3333,48.528,0.0,9.5048,120,0.75,2.0,1.0
015_RC202,15,RC,1,0,OPTIMAL,68.6727,1,1,1,0,0,1.0,68.6727,0.0,0.0,120,0.75,2.0,1.0
015_RC202,15,RC,1,1,OPTIMAL,30.8957,1,0,0,0,1,0.0,0.0,0.0,30.8957,120,0.75,2.0,1.0
015_RC202,15,RC,1,2,OPTIMAL,42.4068,1,0,0,0,1,0.0,0.0,0.0,42.4068,120,0.75,2.0,1.0
015_RC202,15,RC,1,3,OPTIMAL,54.0963,1,1,0,1,0,1.0,54.0963,0.0,0.0,120,0.75,2.0,1.0
015_RC202,15,RC,1,4,OPTIMAL,5.455,1,0,0,0,1,0.0,0.0,0.0,5.455,120,0.75,2.0,1.0
015_RC202,15,RC,1,5,OPTIMAL,52.0518,1,1,0,1,0,1.0,52.0518,0.0,0.0,120,0.75,2.0,1.0
015_RC202,15,RC,1,6,OPTIMAL,46.3626,1,1,1,0,0,1.0,46.3626,0.0,0.0,120,0.75,2.0,1.0
015_RC202,15,RC,1,7,OPTIMAL,56.8272,1,0,0,0,1,0.0,0.0,0.0,56.8272,120,0.75,2.0,1.0
015_RC202,15,RC,1,8,OPTIMAL,27.7227,1,0,0,0,1,0.0,0.0,0.0,27.7227,120,0.75,2.0,1.0
015_RC202,15,RC,1,9,OPTIMAL,47.0156,1,1,1,0,0,1.0,47.0156,0.0,0.0,120,0.75,2.0,1.0
015_RC202,15,RC,2,0,OPTIMAL,59.8396,2,1,1,0,1,0.5,49.1143,0.0,10.7253,120,0.75,2.0,1.0
015_RC202,15,RC,2,1,OPTIMAL,107.2507,2,2,2,0,0,1.0,107.2507,0.0,0.0,120,0.75,2.0,1.0
015_RC202,15,RC,2,2,OPTIMAL,101.1873,2,2,1,1,0,1.0,101.1873,0.0,0.0,120,0.75,2.0,1.0
015_RC202,15,RC,2,3,OPTIMAL,93.2431,2,1,0,1,1,0.5,52.8671,0.0,40.376,120,0.75,2.0,1.0
015_RC202,15,RC,2,4,OPTIMAL,90.4861,2,1,0,1,1,0.5,55.9014,0.0,34.5847,120,0.75,2.0,1.0
015_RC202,15,RC,2,5,OPTIMAL,96.2429,2,2,1,1,0,1.0,96.2429,0.0,0.0,120,0.75,2.0,1.0
015_RC202,15,RC,2,6,OPTIMAL,118.2904,2,1,1,0,1,0.5,69.2043,0.0,49.0861,120,0.75,2.0,1.0
015_RC202,15,RC,2,7,OPTIMAL,99.181,2,2,2,0,0,1.0,99.181,0.0,0.0,120,0.75,2.0,1.0
015_RC202,15,RC,2,8,OPTIMAL,120.101,2,2,2,0,0,1.0,120.101,0.0,0.0,120,0.75,2.0,1.0
015_RC202,15,RC,2,9,OPTIMAL,72.3582,2,1,1,0,1,0.5,56.7185,0.0,15.6397,120,0.75,2.0,1.0
015_RC202,15,RC,3,0,OPTIMAL,118.0063,3,2,2,0,1,0.6667,116.7677,0.0,1.2386,120,0.75,2.0,1.0
015_RC202,15,RC,3,1,OPTIMAL,100.7258,3,2,2,0,1,0.6667,97.7432,0.0,2.9827,120,0.75,2.0,1.0
015_RC202,15,RC,3,2,OPTIMAL,155.1658,3,3,2,1,0,1.0,155.1658,0.0,0.0,120,0.75,2.0,1.0
015_RC202,15,RC,3,3,OPTIMAL,121.2499,3,2,2,0,1,0.6667,113.7401,0.0,7.5098,120,0.75,2.0,1.0
015_RC202,15,RC,3,4,OPTIMAL,59.6403,3,1,1,0,2,0.3333,51.9836,0.0,7.6567,120,0.75,2.0,1.0
015_RC202,15,RC,3,5,OPTIMAL,152.2381,3,2,2,0,1,0.6667,119.8537,0.0,32.3843,120,0.75,2.0,1.0
015_RC202,15,RC,3,6,OPTIMAL,143.0894,3,2,1,1,1,0.6667,105.0714,0.0,38.018,120,0.75,2.0,1.0
015_RC202,15,RC,3,7,OPTIMAL,114.8148,3,2,2,0,1,0.6667,111.1797,0.0,3.6351,120,0.75,2.0,1.0
015_RC202,15,RC,3,8,OPTIMAL,82.9756,3,1,1,0,2,0.3333,62.2769,0.0,20.6987,120,0.75,2.0,1.0
015_RC202,15,RC,3,9,OPTIMAL,151.3826,3,2,1,1,1,0.6667,111.3915,0.0,39.9912,120,0.75,2.0,1.0
015_RC203,15,RC,1,0,OPTIMAL,68.6727,1,1,1,0,0,1.0,68.6727,0.0,0.0,120,0.75,2.0,1.0
015_RC203,15,RC,1,1,OPTIMAL,0.6209,1,0,0,0,1,0.0,0.0,0.0,0.6209,120,0.75,2.0,1.0
015_RC203,15,RC,1,2,OPTIMAL,52.2255,1,1,1,0,0,1.0,52.2255,0.0,0.0,120,0.75,2.0,1.0
015_RC203,15,RC,1,3,OPTIMAL,54.0963,1,1,0,1,0,1.0,54.0963,0.0,0.0,120,0.75,2.0,1.0
015_RC203,15,RC,1,4,OPTIMAL,56.5194,1,1,1,0,0,1.0,56.5194,0.0,0.0,120,0.75,2.0,1.0
015_RC203,15,RC,1,5,OPTIMAL,52.0518,1,1,0,1,0,1.0,52.0518,0.0,0.0,120,0.75,2.0,1.0
015_RC203,15,RC,1,6,OPTIMAL,46.3626,1,1,1,0,0,1.0,46.3626,0.0,0.0,120,0.75,2.0,1.0
015_RC203,15,RC,1,7,OPTIMAL,56.8272,1,0,0,0,1,0.0,0.0,0.0,56.8272,120,0.75,2.0,1.0
015_RC203,15,RC,1,8,OPTIMAL,47.1597,1,1,0,1,0,1.0,47.1597,0.0,0.0,120,0.75,2.0,1.0
015_RC203,15,RC,1,9,OPTIMAL,47.0156,1,1,1,0,0,1.0,47.0156,0.0,0.0,120,0.75,2.0,1.0
015_RC203,15,RC,2,0,OPTIMAL,116.2635,2,2,2,0,0,1.0,116.2635,0.0,0.0,120,0.75,2.0,1.0
015_RC203,15,RC,2,1,OPTIMAL,107.2507,2,2,2,0,0,1.0,107.2507,0.0,0.0,120,0.75,2.0,1.0
015_RC203,15,RC,2,2,OPTIMAL,101.1873,2,2,1,1,0,1.0,101.1873,0.0,0.0,120,0.75,2.0,1.0
015_RC203,15,RC,2,3,OPTIMAL,107.9203,2,2,1,1,0,1.0,107.9203,0.0,0.0,120,0.75,2.0,1.0
015_RC203,15,RC,2,4,OPTIMAL,105.1453,2,2,2,0,0,1.0,105.1453,0.0,0.0,120,0.75,2.0,1.0
015_RC203,15,RC,2,5,OPTIMAL,96.2429,2,2,1,1,0,1.0,96.2429,0.0,0.0,120,0.75,2.0,1.0
015_RC203,15,RC,2,6,OPTIMAL,118.2904,2,1,1,0,1,0.5,69.2043,0.0,49.0861,120,0.75,2.0,1.0
015_RC203,15,RC,2,7,OPTIMAL,99.181,2,2,2,0,0,1.0,99.181,0.0,0.0,120,0.75,2.0,1.0
015_RC203,15,RC,2,8,OPTIMAL,120.101,2,2,2,0,0,1.0,120.101,0.0,0.0,120,0.75,2.0,1.0
015_RC203,15,RC,2,9,OPTIMAL,111.1438,2,1,1,0,1,0.5,56.7185,0.0,54.4253,120,0.75,2.0,1.0
015_RC203,15,RC,3,0,OPTIMAL,118.0063,3,2,2,0,1,0.6667,116.7677,0.0,1.2386,120,0.75,2.0,1.0
015_RC203,15,RC,3,1,OPTIMAL,163.0247,3,3,2,1,0,1.0,163.0247,0.0,0.0,120,0.75,2.0,1.0
015_RC203,15,RC,3,2,OPTIMAL,155.1658,3,3,2,1,0,1.0,155.1658,0.0,0.0,120,0.75,2.0,1.0
015_RC203,15,RC,3,3,OPTIMAL,183.905,3,3,2,1,0,1.0,183.905,0.0,0.0,120,0.75,2.0,1.0
015_RC203,15,RC,3,4,OPTIMAL,61.0062,3,1,1,0,2,0.3333,51.9836,0.0,9.0226,120,0.75,2.0,1.0
015_RC203,15,RC,3,5,OPTIMAL,122.1408,3,2,2,0,1,0.6667,119.8537,0.0,2.287,120,0.75,2.0,1.0
015_RC203,15,RC,3,6,OPTIMAL,143.0894,3,2,1,1,1,0.6667,105.0714,0.0,38.018,120,0.75,2.0,1.0
015_RC203,15,RC,3,7,OPTIMAL,111.559,3,2,2,0,1,0.6667,111.1797,0.0,0.3793,120,0.75,2.0,1.0
015_RC203,15,RC,3,8,OPTIMAL,77.402,3,1,1,0,2,0.3333,62.2769,0.0,15.1251,120,0.75,2.0,1.0
015_RC203,15,RC,3,9,OPTIMAL,151.3826,3,2,1,1,1,0.6667,111.3915,0.0,39.9912,120,0.75,2.0,1.0
015_RC204,15,RC,1,0,OPTIMAL,68.6727,1,1,1,0,0,1.0,68.6727,0.0,0.0,120,0.75,2.0,1.0
015_RC204,15,RC,1,1,OPTIMAL,0.6209,1,0,0,0,1,0.0,0.0,0.0,0.6209,120,0.75,2.0,1.0
015_RC204,15,RC,1,2,OPTIMAL,52.2255,1,1,1,0,0,1.0,52.2255,0.0,0.0,120,0.75,2.0,1.0
015_RC204,15,RC,1,3,OPTIMAL,54.0963,1,1,0,1,0,1.0,54.0963,0.0,0.0,120,0.75,2.0,1.0
015_RC204,15,RC,1,4,OPTIMAL,56.5194,1,1,1,0,0,1.0,56.5194,0.0,0.0,120,0.75,2.0,1.0
015_RC204,15,RC,1,5,OPTIMAL,52.0518,1,1,0,1,0,1.0,52.0518,0.0,0.0,120,0.75,2.0,1.0
015_RC204,15,RC,1,6,OPTIMAL,46.3626,1,1,1,0,0,1.0,46.3626,0.0,0.0,120,0.75,2.0,1.0
015_RC204,15,RC,1,7,OPTIMAL,56.8272,1,0,0,0,1,0.0,0.0,0.0,56.8272,120,0.75,2.0,1.0
015_RC204,15,RC,1,8,OPTIMAL,18.9044,1,0,0,0,1,0.0,0.0,0.0,18.9044,120,0.75,2.0,1.0
015_RC204,15,RC,1,9,OPTIMAL,47.0156,1,1,1,0,0,1.0,47.0156,0.0,0.0,120,0.75,2.0,1.0
015_RC204,15,RC,2,0,OPTIMAL,116.2635,2,2,2,0,0,1.0,116.2635,0.0,0.0,120,0.75,2.0,1.0
015_RC204,15,RC,2,1,OPTIMAL,107.2507,2,2,2,0,0,1.0,107.2507,0.0,0.0,120,0.75,2.0,1.0
015_RC204,15,RC,2,2,OPTIMAL,101.1873,2,2,1,1,0,1.0,101.1873,0.0,0.0,120,0.75,2.0,1.0
015_RC204,15,RC,2,3,OPTIMAL,107.9203,2,2,1,1,0,1.0,107.9203,0.0,0.0,120,0.75,2.0,1.0
015_RC204,15,RC,2,4,OPTIMAL,105.1453,2,2,2,0,0,1.0,105.1453,0.0,0.0,120,0.75,2.0,1.0
015_RC204,15,RC,2,5,OPTIMAL,96.2429,2,2,1,1,0,1.0,96.2429,0.0,0.0,120,0.75,2.0,1.0
015_RC204,15,RC,2,6,OPTIMAL,122.8378,2,2,2,0,0,1.0,122.8378,0.0,0.0,120,0.75,2.0,1.0
015_RC204,15,RC,2,7,OPTIMAL,99.181,2,2,2,0,0,1.0,99.181,0.0,0.0,120,0.75,2.0,1.0
015_RC204,15,RC,2,8,OPTIMAL,120.101,2,2,2,0,0,1.0,120.101,0.0,0.0,120,0.75,2.0,1.0
015_RC204,15,RC,2,9,OPTIMAL,120.5372,2,2,2,0,0,1.0,120.5372,0.0,0.0,120,0.75,2.0,1.0
015_RC204,15,RC,3,0,OPTIMAL,118.0063,3,2,2,0,1,0.6667,116.7677,0.0,1.2386,120,0.75,2.0,1.0
015_RC204,15,RC,3,1,OPTIMAL,163.0247,3,3,3,0,0,1.0,163.0247,0.0,0.0,120,0.75,2.0,1.0
015_RC204,15,RC,3,2,OPTIMAL,155.1658,3,3,2,1,0,1.0,155.1658,0.0,0.0,120,0.75,2.0,1.0
015_RC204,15,RC,3,3,OPTIMAL,183.905,3,3,2,1,0,1.0,183.905,0.0,0.0,120,0.75,2.0,1.0
015_RC204,15,RC,3,4,OPTIMAL,61.918,3,1,1,0,2,0.3333,51.9836,0.0,9.9344,120,0.75,2.0,1.0
015_RC204,15,RC,3,5,OPTIMAL,122.1408,3,2,2,0,1,0.6667,119.8537,0.0,2.287,120,0.75,2.0,1.0
015_RC204,15,RC,3,6,OPTIMAL,143.0894,3,2,1,1,1,0.6667,105.0714,0.0,38.018,120,0.75,2.0,1.0
015_RC204,15,RC,3,7,OPTIMAL,118.3414,3,2,2,0,1,0.6667,111.1797,0.0,7.1617,120,0.75,2.0,1.0
015_RC204,15,RC,3,8,OPTIMAL,119.7534,3,2,2,0,1,0.6667,118.6051,0.0,1.1483,120,0.75,2.0,1.0
015_RC204,15,RC,3,9,OPTIMAL,151.3826,3,2,1,1,1,0.6667,111.3915,0.0,39.9912,120,0.75,2.0,1.0
015_RC205,15,RC,1,0,OPTIMAL,68.6727,1,1,1,0,0,1.0,68.6727,0.0,0.0,120,0.75,2.0,1.0
015_RC205,15,RC,1,1,OPTIMAL,44.9757,1,1,1,0,0,1.0,44.9757,0.0,0.0,120,0.75,2.0,1.0
015_RC205,15,RC,1,2,OPTIMAL,52.2255,1,1,1,0,0,1.0,52.2255,0.0,0.0,120,0.75,2.0,1.0
015_RC205,15,RC,1,3,OPTIMAL,54.0963,1,1,1,0,0,1.0,54.0963,0.0,0.0,120,0.75,2.0,1.0
015_RC205,15,RC,1,4,OPTIMAL,5.455,1,0,0,0,1,0.0,0.0,0.0,5.455,120,0.75,2.0,1.0
015_RC205,15,RC,1,5,OPTIMAL,0.5369,1,0,0,0,1,0.0,0.0,0.0,0.5369,120,0.75,2.0,1.0
015_RC205,15,RC,1,6,OPTIMAL,46.3626,1,1,1,0,0,1.0,46.3626,0.0,0.0,120,0.75,2.0,1.0
015_RC205,15,RC,1,7,OPTIMAL,61.0434,1,1,1,0,0,1.0,61.0434,0.0,0.0,120,0.75,2.0,1.0
015_RC205,15,RC,1,8,OPTIMAL,9.4522,1,0,0,0,1,0.0,0.0,0.0,9.4522,120,0.75,2.0,1.0
015_RC205,15,RC,1,9,OPTIMAL,47.0156,1,1,1,0,0,1.0,47.0156,0.0,0.0,120,0.75,2.0,1.0
015_RC205,15,RC,2,0,OPTIMAL,50.9566,2,1,1,0,1,0.5,49.1143,0.0,1.8423,120,0.75,2.0,1.0
015_RC205,15,RC,2,1,OPTIMAL,8.6231,2,0,0,0,2,0.0,0.0,0.0,8.6231,120,0.75,2.0,1.0
015_RC205,15,RC,2,2,OPTIMAL,88.0085,2,1,1,0,1,0.5,48.3714,0.0,39.637,120,0.75,2.0,1.0
015_RC205,15,RC,2,3,OPTIMAL,55.2597,2,1,1,0,1,0.5,55.0532,0.0,0.2065,120,0.75,2.0,1.0
015_RC205,15,RC,2,4,OPTIMAL,50.1205,2,1,1,0,1,0.5,49.2438,0.0,0.8767,120,0.75,2.0,1.0
015_RC205,15,RC,2,5,OPTIMAL,39.5969,2,0,0,0,2,0.0,0.0,0.0,39.5969,120,0.75,2.0,1.0
015_RC205,15,RC,2,6,OPTIMAL,72.0603,2,0,0,0,2,0.0,0.0,0.0,72.0603,120,0.75,2.0,1.0
015_RC205,15,RC,2,7,OPTIMAL,50.6359,2,1,0,1,1,0.5,50.4702,0.0,0.1657,120,0.75,2.0,1.0
015_RC205,15,RC,2,8,OPTIMAL,65.8768,2,1,1,0,1,0.5,61.3138,0.0,4.5631,120,0.75,2.0,1.0
015_RC205,15,RC,2,9,OPTIMAL,56.1829,2,0,0,0,2,0.0,0.0,0.0,56.1829,120,0.75,2.0,1.0
015_RC205,15,RC,3,0,OPTIMAL,104.9532,3,2,2,0,1,0.6667,100.4904,0.0,4.4627,120,0.75,2.0,1.0
015_RC205,15,RC,3,1,OPTIMAL,163.0247,3,3,3,0,0,1.0,163.0247,0.0,0.0,120,0.75,2.0,1.0
015_RC205,15,RC,3,2,OPTIMAL,10.5987,3,0,0,0,3,0.0,0.0,0.0,10.5987,120,0.75,2.0,1.0
015_RC205,15,RC,3,3,OPTIMAL,121.2499,3,2,2,0,1,0.6667,113.7401,0.0,7.5098,120,0.75,2.0,1.0
015_RC205,15,RC,3,4,OPTIMAL,39.1578,3,0,0,0,3,0.0,0.0,0.0,39.1578,120,0.75,2.0,1.0
015_RC205,15,RC,3,5,OPTIMAL,66.9757,3,1,1,0,2,0.3333,64.0145,0.0,2.9612,120,0.75,2.0,1.0
015_RC205,15,RC,3,6,OPTIMAL,143.0894,3,2,1,1,1,0.6667,105.0714,0.0,38.018,120,0.75,2.0,1.0
015_RC205,15,RC,3,7,OPTIMAL,114.8148,3,2,0,2,1,0.6667,111.1797,0.0,3.6351,120,0.75,2.0,1.0
015_RC205,15,RC,3,8,OPTIMAL,77.2229,3,1,1,0,2,0.3333,62.2769,0.0,14.946,120,0.75,2.0,1.0
015_RC205,15,RC,3,9,OPTIMAL,61.0504,3,1,1,0,2,0.3333,48.528,0.0,12.5224,120,0.75,2.0,1.0
015_RC206,15,RC,1,0,OPTIMAL,68.6727,1,1,1,0,0,1.0,68.6727,0.0,0.0,120,0.75,2.0,1.0
015_RC206,15,RC,1,1,OPTIMAL,0.6209,1,0,0,0,1,0.0,0.0,0.0,0.6209,120,0.75,2.0,1.0
015_RC206,15,RC,1,2,OPTIMAL,8.7657,1,0,0,0,1,0.0,0.0,0.0,8.7657,120,0.75,2.0,1.0
015_RC206,15,RC,1,3,OPTIMAL,54.0963,1,1,0,1,0,1.0,54.0963,0.0,0.0,120,0.75,2.0,1.0
015_RC206,15,RC,1,4,OPTIMAL,5.455,1,0,0,0,1,0.0,0.0,0.0,5.455,120,0.75,2.0,1.0
015_RC206,15,RC,1,5,OPTIMAL,52.0518,1,1,0,1,0,1.0,52.0518,0.0,0.0,120,0.75,2.0,1.0
015_RC206,15,RC,1,6,OPTIMAL,46.3626,1,1,0,1,0,1.0,46.3626,0.0,0.0,120,0.75,2.0,1.0
015_RC206,15,RC,1,7,OPTIMAL,61.0434,1,1,1,0,0,1.0,61.0434,0.0,0.0,120,0.75,2.0,1.0
015_RC206,15,RC,1,8,OPTIMAL,47.1597,1,1,0,1,0,1.0,47.1597,0.0,0.0,120,0.75,2.0,1.0
015_RC206,15,RC,1,9,OPTIMAL,37.8816,1,0,0,0,1,0.0,0.0,0.0,37.8816,120,0.75,2.0,1.0
015_RC206,15,RC,2,0,OPTIMAL,3.9245,2,0,0,0,2,0.0,0.0,0.0,3.9245,120,0.75,2.0,1.0
015_RC206,15,RC,2,1,OPTIMAL,2.312,2,0,0,0,2,0.0,0.0,0.0,2.312,120,0.75,2.0,1.0
015_RC206,15,RC,2,2,OPTIMAL,101.1873,2,2,1,1,0,1.0,101.1873,0.0,0.0,120,0.75,2.0,1.0
015_RC206,15,RC,2,3,OPTIMAL,59.6844,2,1,1,0,1,0.5,52.8671,0.0,6.8172,120,0.75,2.0,1.0
015_RC206,15,RC,2,4,OPTIMAL,57.0117,2,1,1,0,1,0.5,55.9014,0.0,1.1103,120,0.75,2.0,1.0
015_RC206,15,RC,2,5,OPTIMAL,50.9923,2,1,0,1,1,0.5,48.9049,0.0,2.0874,120,0.75,2.0,1.0
015_RC206,15,RC,2,6,OPTIMAL,76.6076,2,1,1,0,1,0.5,53.6335,0.0,22.9741,120,0.75,2.0,1.0
015_RC206,15,RC,2,7,OPTIMAL,6.1721,2,0,0,0,2,0.0,0.0,0.0,6.1721,120,0.75,2.0,1.0
015_RC206,15,RC,2,8,OPTIMAL,61.7393,2,1,1,0,1,0.5,61.3138,0.0,0.4255,120,0.75,2.0,1.0
015_RC206,15,RC,2,9,OPTIMAL,120.5372,2,2,2,0,0,1.0,120.5372,0.0,0.0,120,0.75,2.0,1.0
015_RC206,15,RC,3,0,OPTIMAL,118.0063,3,2,2,0,1,0.6667,116.7677,0.0,1.2386,120,0.75,2.0,1.0
015_RC206,15,RC,3,1,OPTIMAL,114.7926,3,2,2,0,1,0.6667,97.7432,0.0,17.0494,120,0.75,2.0,1.0
015_RC206,15,RC,3,2,OPTIMAL,107.5176,3,2,1,1,1,0.6667,102.4582,0.0,5.0594,120,0.75,2.0,1.0
015_RC206,15,RC,3,3,OPTIMAL,101.352,3,0,0,0,3,0.0,0.0,0.0,101.352,120,0.75,2.0,1.0
015_RC206,15,RC,3,4,OPTIMAL,63.2582,3,1,1,0,2,0.3333,51.9836,0.0,11.2746,120,0.75,2.0,1.0
015_RC206,15,RC,3,5,OPTIMAL,163.488,3,3,3,0,0,1.0,163.488,0.0,0.0,120,0.75,2.0,1.0
015_RC206,15,RC,3,6,OPTIMAL,150.379,3,2,0,2,1,0.6667,99.9412,0.0,50.4379,120,0.75,2.0,1.0
015_RC206,15,RC,3,7,OPTIMAL,89.4908,3,1,1,0,2,0.3333,65.7112,0.0,23.7796,120,0.75,2.0,1.0
015_RC206,15,RC,3,8,OPTIMAL,105.2253,3,1,1,0,2,0.3333,62.2769,0.0,42.9484,120,0.75,2.0,1.0
015_RC206,15,RC,3,9,OPTIMAL,111.3985,3,2,2,0,1,0.6667,111.3915,0.0,0.007,120,0.75,2.0,1.0
015_RC207,15,RC,1,0,OPTIMAL,68.6727,1,1,1,0,0,1.0,68.6727,0.0,0.0,120,0.75,2.0,1.0
015_RC207,15,RC,1,1,OPTIMAL,0.0076,1,0,0,0,1,0.0,0.0,0.0,0.0076,120,0.75,2.0,1.0
015_RC207,15,RC,1,2,OPTIMAL,42.7207,1,0,0,0,1,0.0,0.0,0.0,42.7207,120,0.75,2.0,1.0
015_RC207,15,RC,1,3,OPTIMAL,54.0963,1,1,0,1,0,1.0,54.0963,0.0,0.0,120,0.75,2.0,1.0
015_RC207,15,RC,1,4,OPTIMAL,5.455,1,0,0,0,1,0.0,0.0,0.0,5.455,120,0.75,2.0,1.0
015_RC207,15,RC,1,5,OPTIMAL,52.0518,1,1,1,0,0,1.0,52.0518,0.0,0.0,120,0.75,2.0,1.0
015_RC207,15,RC,1,6,OPTIMAL,46.3626,1,1,0,1,0,1.0,46.3626,0.0,0.0,120,0.75,2.0,1.0
015_RC207,15,RC,1,7,OPTIMAL,61.0434,1,1,1,0,0,1.0,61.0434,0.0,0.0,120,0.75,2.0,1.0
015_RC207,15,RC,1,8,OPTIMAL,4.0545,1,0,0,0,1,0.0,0.0,0.0,4.0545,120,0.75,2.0,1.0
015_RC207,15,RC,1,9,OPTIMAL,37.8816,1,0,0,0,1,0.0,0.0,0.0,37.8816,120,0.75,2.0,1.0
015_RC207,15,RC,2,0,OPTIMAL,70.067,2,1,0,1,1,0.5,49.1143,0.0,20.9527,120,0.75,2.0,1.0
015_RC207,15,RC,2,1,OPTIMAL,1.3637,2,0,0,0,2,0.0,0.0,0.0,1.3637,120,0.75,2.0,1.0
015_RC207,15,RC,2,2,OPTIMAL,101.1873,2,2,1,1,0,1.0,101.1873,0.0,0.0,120,0.75,2.0,1.0
015_RC207,15,RC,2,3,OPTIMAL,93.875,2,1,1,0,1,0.5,52.8671,0.0,41.0078,120,0.75,2.0,1.0
015_RC207,15,RC,2,4,OPTIMAL,57.0117,2,1,0,1,1,0.5,55.9014,0.0,1.1103,120,0.75,2.0,1.0
015_RC207,15,RC,2,5,OPTIMAL,83.6007,2,1,1,0,1,0.5,48.9049,0.0,34.6957,120,0.75,2.0,1.0
015_RC207,15,RC,2,6,OPTIMAL,76.6076,2,1,0,1,1,0.5,53.6335,0.0,22.9741,120,0.75,2.0,1.0
015_RC207,15,RC,2,7,OPTIMAL,6.1721,2,0,0,0,2,0.0,0.0,0.0,6.1721,120,0.75,2.0,1.0
015_RC207,15,RC,2,8,OPTIMAL,69.3019,2,1,1,0,1,0.5,61.3138,0.0,7.9882,120,0.75,2.0,1.0
015_RC207,15,RC,2,9,OPTIMAL,72.3582,2,1,0,1,1,0.5,56.7185,0.0,15.6397,120,0.75,2.0,1.0
015_RC207,15,RC,3,0,OPTIMAL,122.7779,3,2,1,1,1,0.6667,116.7677,0.0,6.0103,120,0.75,2.0,1.0
015_RC207,15,RC,3,1,OPTIMAL,100.7258,3,2,2,0,1,0.6667,97.7432,0.0,2.9827,120,0.75,2.0,1.0
015_RC207,15,RC,3,2,OPTIMAL,97.5374,3,1,1,0,2,0.3333,56.4811,0.0,41.0563,120,0.75,2.0,1.0
015_RC207,15,RC,3,3,OPTIMAL,81.8383,3,0,0,0,3,0.0,0.0,0.0,81.8383,120,0.75,2.0,1.0
015_RC207,15,RC,3,4,OPTIMAL,63.2582,3,1,1,0,2,0.3333,51.9836,0.0,11.2746,120,0.75,2.0,1.0
015_RC207,15,RC,3,5,OPTIMAL,120.4891,3,2,1,1,1,0.6667,119.8537,0.0,0.6354,120,0.75,2.0,1.0
015_RC207,15,RC,3,6,OPTIMAL,150.379,3,2,2,0,1,0.6667,99.9412,0.0,50.4379,120,0.75,2.0,1.0
015_RC207,15,RC,3,7,OPTIMAL,89.4908,3,1,1,0,2,0.3333,65.7112,0.0,23.7796,120,0.75,2.0,1.0
015_RC207,15,RC,3,8,OPTIMAL,105.2253,3,1,1,0,2,0.3333,62.2769,0.0,42.9484,120,0.75,2.0,1.0
015_RC207,15,RC,3,9,OPTIMAL,111.3985,3,2,2,0,1,0.6667,111.3915,0.0,0.007,120,0.75,2.0,1.0
015_RC208,15,RC,1,0,OPTIMAL,12.8547,1,0,0,0,1,0.0,0.0,0.0,12.8547,120,0.75,2.0,1.0
015_RC208,15,RC,1,1,OPTIMAL,44.9757,1,1,1,0,0,1.0,44.9757,0.0,0.0,120,0.75,2.0,1.0
015_RC208,15,RC,1,2,OPTIMAL,52.2255,1,1,1,0,0,1.0,52.2255,0.0,0.0,120,0.75,2.0,1.0
015_RC208,15,RC,1,3,OPTIMAL,54.0963,1,1,1,0,0,1.0,54.0963,0.0,0.0,120,0.75,2.0,1.0
015_RC208,15,RC,1,4,OPTIMAL,56.5194,1,1,1,0,0,1.0,56.5194,0.0,0.0,120,0.75,2.0,1.0
015_RC208,15,RC,1,5,OPTIMAL,52.0518,1,1,1,0,0,1.0,52.0518,0.0,0.0,120,0.75,2.0,1.0
015_RC208,15,RC,1,6,OPTIMAL,46.3626,1,1,1,0,0,1.0,46.3626,0.0,0.0,120,0.75,2.0,1.0
015_RC208,15,RC,1,7,OPTIMAL,61.0434,1,1,1,0,0,1.0,61.0434,0.0,0.0,120,0.75,2.0,1.0
015_RC208,15,RC,1,8,OPTIMAL,4.0545,1,0,0,0,1,0.0,0.0,0.0,4.0545,120,0.75,2.0,1.0
015_RC208,15,RC,1,9,OPTIMAL,47.0156,1,1,1,0,0,1.0,47.0156,0.0,0.0,120,0.75,2.0,1.0
015_RC208,15,RC,2,0,OPTIMAL,102.3981,2,1,1,0,1,0.5,67.1492,0.0,35.2488,120,0.75,2.0,1.0
015_RC208,15,RC,2,1,OPTIMAL,64.8887,2,1,1,0,1,0.5,64.8191,0.0,0.0697,120,0.75,2.0,1.0
015_RC208,15,RC,2,2,OPTIMAL,48.7577,2,1,1,0,1,0.5,48.3714,0.0,0.3862,120,0.75,2.0,1.0
015_RC208,15,RC,2,3,OPTIMAL,107.9203,2,2,2,0,0,1.0,107.9203,0.0,0.0,120,0.75,2.0,1.0
015_RC208,15,RC,2,4,OPTIMAL,105.1453,2,2,2,0,0,1.0,105.1453,0.0,0.0,120,0.75,2.0,1.0
015_RC208,15,RC,2,5,OPTIMAL,96.2429,2,2,2,0,0,1.0,96.2429,0.0,0.0,120,0.75,2.0,1.0
015_RC208,15,RC,2,6,OPTIMAL,122.8378,2,2,2,0,0,1.0,122.8378,0.0,0.0,120,0.75,2.0,1.0
015_RC208,15,RC,2,7,OPTIMAL,99.181,2,2,2,0,0,1.0,99.181,0.0,0.0,120,0.75,2.0,1.0
015_RC208,15,RC,2,8,OPTIMAL,69.3019,2,1,1,0,1,0.5,61.3138,0.0,7.9882,120,0.75,2.0,1.0
015_RC208,15,RC,2,9,OPTIMAL,120.5372,2,2,1,1,0,1.0,120.5372,0.0,0.0,120,0.75,2.0,1.0
015_RC208,15,RC,3,0,OPTIMAL,162.7956,3,3,2,1,0,1.0,162.7956,0.0,0.0,120,0.75,2.0,1.0
015_RC208,15,RC,3,1,OPTIMAL,163.0247,3,3,3,0,0,1.0,163.0247,0.0,0.0,120,0.75,2.0,1.0
015_RC208,15,RC,3,2,OPTIMAL,109.9084,3,2,1,1,1,0.6667,109.1887,0.0,0.7196,120,0.75,2.0,1.0
015_RC208,15,RC,3,3,OPTIMAL,183.905,3,3,3,0,0,1.0,183.905,0.0,0.0,120,0.75,2.0,1.0
015_RC208,15,RC,3,4,OPTIMAL,87.5126,3,1,1,0,2,0.3333,51.9836,0.0,35.529,120,0.75,2.0,1.0
015_RC208,15,RC,3,5,OPTIMAL,119.927,3,2,2,0,1,0.6667,119.8537,0.0,0.0733,120,0.75,2.0,1.0
015_RC208,15,RC,3,6,OPTIMAL,147.2036,3,2,1,1,1,0.6667,105.0714,0.0,42.1322,120,0.75,2.0,1.0
015_RC208,15,RC,3,7,OPTIMAL,114.8148,3,2,0,2,1,0.6667,111.1797,0.0,3.6351,120,0.75,2.0,1.0
015_RC208,15,RC,3,8,OPTIMAL,119.5742,3,2,2,0,1,0.6667,118.6051,0.0,0.9691,120,0.75,2.0,1.0
015_RC208,15,RC,3,9,OPTIMAL,111.528,3,2,2,0,1,0.6667,111.3915,0.0,0.1365,120,0.75,2.0,1.0
025_C101,25,C,2,0,OPTIMAL,51.3978,2,0,0,0,2,0.0,0.0,0.0,51.3978,120,0.75,2.0,1.0
025_C101,25,C,2,1,OPTIMAL,61.5119,2,0,0,0,2,0.0,0.0,0.0,61.5119,120,0.75,2.0,1.0
025_C101,25,C,2,2,OPTIMAL,14.5985,2,0,0,0,2,0.0,0.0,0.0,14.5985,120,0.75,2.0,1.0
025_C101,25,C,2,3,OPTIMAL,13.3889,2,0,0,0,2,0.0,0.0,0.0,13.3889,120,0.75,2.0,1.0
025_C101,25,C,2,4,OPTIMAL,4.1965,2,0,0,0,2,0.0,0.0,0.0,4.1965,120,0.75,2.0,1.0
025_C101,25,C,2,5,OPTIMAL,52.5661,2,0,0,0,2,0.0,0.0,0.0,52.5661,120,0.75,2.0,1.0
025_C101,25,C,2,6,OPTIMAL,14.2702,2,0,0,0,2,0.0,0.0,0.0,14.2702,120,0.75,2.0,1.0
025_C101,25,C,2,7,OPTIMAL,54.319,2,0,0,0,2,0.0,0.0,0.0,54.319,120,0.75,2.0,1.0
025_C101,25,C,2,8,OPTIMAL,40.3687,2,0,0,0,2,0.0,0.0,0.0,40.3687,120,0.75,2.0,1.0
025_C101,25,C,2,9,OPTIMAL,14.8221,2,0,0,0,2,0.0,0.0,0.0,14.8221,120,0.75,2.0,1.0
025_C101,25,C,4,0,OPTIMAL,80.1037,4,1,1,0,3,0.25,49.4779,0.0,30.6258,120,0.75,2.0,1.0
025_C101,25,C,4,1,OPTIMAL,85.4861,4,1,1,0,3,0.25,58.4922,0.0,26.9939,120,0.75,2.0,1.0
025_C101,25,C,4,2,OPTIMAL,54.669,4,0,0,0,4,0.0,0.0,0.0,54.669,120,0.75,2.0,1.0
025_C101,25,C,4,3,OPTIMAL,68.7987,4,0,0,0,4,0.0,0.0,0.0,68.7987,120,0.75,2.0,1.0
025_C101,25,C,4,4,OPTIMAL,66.1388,4,1,1,0,3,0.25,57.1243,0.0,9.0146,120,0.75,2.0,1.0
025_C101,25,C,4,5,OPTIMAL,123.5778,4,2,2,0,2,0.5,82.139,0.0,41.4388,120,0.75,2.0,1.0
025_C101,25,C,4,6,OPTIMAL,83.7014,4,2,2,0,2,0.5,78.0398,0.0,5.6616,120,0.75,2.0,1.0
025_C101,25,C,4,7,OPTIMAL,50.252,4,1,1,0,3,0.25,31.7207,0.0,18.5313,120,0.75,2.0,1.0
025_C101,25,C,4,8,OPTIMAL,146.3097,4,1,1,0,3,0.25,52.9785,0.0,93.3312,120,0.75,2.0,1.0
025_C101,25,C,4,9,OPTIMAL,63.3036,4,1,1,0,3,0.25,53.5281,0.0,9.7755,120,0.75,2.0,1.0
025_C101,25,C,6,0,OPTIMAL,82.0192,6,2,2,0,4,0.3333,62.3208,0.0,19.6985,120,0.75,2.0,1.0
025_C101,25,C,6,1,OPTIMAL,89.581,6,0,0,0,6,0.0,0.0,0.0,89.581,120,0.75,2.0,1.0
025_C101,25,C,6,2,OPTIMAL,89.1093,6,1,1,0,5,0.1667,32.1775,0.0,56.9318,120,0.75,2.0,1.0
025_C101,25,C,6,3,OPTIMAL,84.0773,6,1,1,0,5,0.1667,59.9056,0.0,24.1718,120,0.75,2.0,1.0
025_C101,25,C,6,4,OPTIMAL,66.7506,6,1,1,0,5,0.1667,26.0038,0.0,40.7469,120,0.75,2.0,1.0
025_C101,25,C,6,5,OPTIMAL,25.2994,6,0,0,0,6,0.0,0.0,0.0,25.2994,120,0.75,2.0,1.0
025_C101,25,C,6,6,OPTIMAL,48.5005,6,1,1,0,5,0.1667,31.1662,0.0,17.3343,120,0.75,2.0,1.0
025_C101,25,C,6,7,OPTIMAL,19.0751,6,0,0,0,6,0.0,0.0,0.0,19.0751,120,0.75,2.0,1.0
025_C101,25,C,6,8,OPTIMAL,127.5814,6,2,2,0,4,0.3333,117.6547,0.0,9.9266,120,0.75,2.0,1.0
025_C101,25,C,6,9,OPTIMAL,53.3625,6,1,1,0,5,0.1667,26.8782,0.0,26.4843,120,0.75,2.0,1.0
025_C102,25,C,2,0,OPTIMAL,75.308,2,1,0,1,1,0.5,56.9357,0.0,18.3723,120,0.75,2.0,1.0
025_C102,25,C,2,1,OPTIMAL,61.5119,2,0,0,0,2,0.0,0.0,0.0,61.5119,120,0.75,2.0,1.0
025_C102,25,C,2,2,OPTIMAL,14.5985,2,0,0,0,2,0.0,0.0,0.0,14.5985,120,0.75,2.0,1.0
025_C102,25,C,2,3,OPTIMAL,53.9823,2,0,0,0,2,0.0,0.0,0.0,53.9823,120,0.75,2.0,1.0
025_C102,25,C,2,4,OPTIMAL,4.8965,2,0,0,0,2,0.0,0.0,0.0,4.8965,120,0.75,2.0,1.0
025_C102,25,C,2,5,OPTIMAL,55.1369,2,1,0,1,1,0.5,50.7846,0.0,4.3522,120,0.75,2.0,1.0
025_C102,25,C,2,6,OPTIMAL,14.2702,2,0,0,0,2,0.0,0.0,0.0,14.2702,120,0.75,2.0,1.0
025_C102,25,C,2,7,OPTIMAL,62.3448,2,1,1,0,1,0.5,56.4292,0.0,5.9156,120,0.75,2.0,1.0
025_C102,25,C,2,8,OPTIMAL,41.5343,2,0,0,0,2,0.0,0.0,0.0,41.5343,120,0.75,2.0,1.0
025_C102,25,C,2,9,OPTIMAL,54.9588,2,0,0,0,2,0.0,0.0,0.0,54.9588,120,0.75,2.0,1.0
025_C102,25,C,4,0,OPTIMAL,81.0804,4,2,2,0,2,0.5,77.3197,0.0,3.7607,120,0.75,2.0,1.0
025_C102,25,C,4,1,OPTIMAL,85.4861,4,1,1,0,3,0.25,58.4922,0.0,26.9939,120,0.75,2.0,1.0
025_C102,25,C,4,2,OPTIMAL,54.669,4,0,0,0,4,0.0,0.0,0.0,54.669,120,0.75,2.0,1.0
025_C102,25,C,4,3,OPTIMAL,133.0528,4,4,1,3,0,1.0,133.0528,0.0,0.0,120,0.75,2.0,1.0
025_C102,25,C,4,4,OPTIMAL,66.4598,4,1,1,0,3,0.25,57.1243,0.0,9.3356,120,0.75,2.0,1.0
025_C102,25,C,4,5,OPTIMAL,123.5778,4,2,2,0,2,0.5,82.139,0.0,41.4388,120,0.75,2.0,1.0
025_C102,25,C,4,6,OPTIMAL,83.7014,4,2,2,0,2,0.5,78.0398,0.0,5.6616,120,0.75,2.0,1.0
025_C102,25,C,4,7,OPTIMAL,75.444,4,3,1,2,1,0.75,74.4362,0.0,1.0077,120,0.75,2.0,1.0
025_C102,25,C,4,8,OPTIMAL,171.2739,4,3,2,1,1,0.75,125.7813,0.0,45.4926,120,0.75,2.0,1.0
025_C102,25,C,4,9,OPTIMAL,90.6592,4,2,1,1,2,0.5,80.2915,0.0,10.3677,120,0.75,2.0,1.0
025_C102,25,C,6,0,OPTIMAL,102.1696,6,3,2,1,3,0.5,84.2832,0.0,17.8864,120,0.75,2.0,1.0
025_C102,25,C,6,1,OPTIMAL,145.3633,6,1,1,0,5,0.1667,59.5996,0.0,85.7637,120,0.75,2.0,1.0
025_C102,25,C,6,2,OPTIMAL,154.5669,6,4,3,1,2,0.6667,145.0791,0.0,9.4878,120,0.75,2.0,1.0
025_C102,25,C,6,3,OPTIMAL,143.9816,6,4,2,2,2,0.6667,140.8535,0.0,3.1281,120,0.75,2.0,1.0
025_C102,25,C,6,4,OPTIMAL,75.5634,6,2,1,1,4,0.3333,54.6882,0.0,20.8752,120,0.75,2.0,1.0
025_C102,25,C,6,5,OPTIMAL,54.1788,6,1,0,1,5,0.1667,29.9863,0.0,24.1925,120,0.75,2.0,1.0
025_C102,25,C,6,6,OPTIMAL,77.2536,6,3,2,1,3,0.5,69.5638,0.0,7.6898,120,0.75,2.0,1.0
025_C102,25,C,6,7,OPTIMAL,77.1872,6,1,0,1,5,0.1667,24.383,0.0,52.8043,120,0.75,2.0,1.0
025_C102,25,C,6,8,OPTIMAL,127.5814,6,2,2,0,4,0.3333,117.6547,0.0,9.9266,120,0.75,2.0,1.0
025_C102,25,C,6,9,OPTIMAL,71.6007,6,2,1,1,4,0.3333,43.118,0.0,28.4827,120,0.75,2.0,1.0
025_C103,25,C,2,0,OPTIMAL,61.325,2,1,0,1,1,0.5,56.9357,0.0,4.3893,120,0.75,2.0,1.0
025_C103,25,C,2,1,OPTIMAL,69.1686,2,1,0,1,1,0.5,60.7782,0.0,8.3904,120,0.75,2.0,1.0
025_C103,25,C,2,2,OPTIMAL,18.8796,2,0,0,0,2,0.0,0.0,0.0,18.8796,120,0.75,2.0,1.0
025_C103,25,C,2,3,OPTIMAL,57.4081,2,0,0,0,2,0.0,0.0,0.0,57.4081,120,0.75,2.0,1.0
025_C103,25,C,2,4,OPTIMAL,4.8965,2,0,0,0,2,0.0,0.0,0.0,4.8965,120,0.75,2.0,1.0
025_C103,25,C,2,5,OPTIMAL,79.3522,2,1,0,1,1,0.5,50.7846,0.0,28.5675,120,0.75,2.0,1.0
025_C103,25,C,2,6,OPTIMAL,62.7726,2,1,1,0,1,0.5,59.3195,0.0,3.4531,120,0.75,2.0,1.0
025_C103,25,C,2,7,OPTIMAL,103.2803,2,1,1,0,1,0.5,56.4292,0.0,46.851,120,0.75,2.0,1.0
025_C103,25,C,2,8,OPTIMAL,40.3687,2,0,0,0,2,0.0,0.0,0.0,40.3687,120,0.75,2.0,1.0
025_C103,25,C,2,9,OPTIMAL,76.9524,2,1,0,1,1,0.5,28.1101,0.0,48.8423,120,0.75,2.0,1.0
025_C103,25,C,4,0,OPTIMAL,88.2183,4,2,2,0,2,0.5,77.3197,0.0,10.8986,120,0.75,2.0,1.0
025_C103,25,C,4,1,OPTIMAL,112.6566,4,1,1,0,3,0.25,58.4922,0.0,54.1644,120,0.75,2.0,1.0
025_C103,25,C,4,2,OPTIMAL,73.1436,4,0,0,0,4,0.0,0.0,0.0,73.1436,120,0.75,2.0,1.0
025_C103,25,C,4,3,OPTIMAL,98.0007,4,2,1,1,2,0.5,77.2996,0.0,20.7011,120,0.75,2.0,1.0
025_C103,25,C,4,4,OPTIMAL,143.0264,4,1,1,0,3,0.25,57.1243,0.0,85.9021,120,0.75,2.0,1.0
025_C103,25,C,4,5,OPTIMAL,168.3291,4,3,2,1,1,0.75,141.4355,0.0,26.8936,120,0.75,2.0,1.0
025_C103,25,C,4,6,OPTIMAL,131.5218,4,2,2,0,2,0.5,78.0398,0.0,53.482,120,0.75,2.0,1.0
025_C103,25,C,4,7,OPTIMAL,100.9385,4,3,1,2,1,0.75,90.2369,0.0,10.7015,120,0.75,2.0,1.0
025_C103,25,C,4,8,OPTIMAL,154.5791,4,2,2,0,2,0.5,102.4172,0.0,52.1619,120,0.75,2.0,1.0
025_C103,25,C,4,9,OPTIMAL,90.6592,4,2,1,1,2,0.5,80.2915,0.0,10.3677,120,0.75,2.0,1.0
025_C103,25,C,6,0,OPTIMAL,154.0529,6,4,2,2,2,0.6667,138.4957,0.0,15.5572,120,0.75,2.0,1.0
025_C103,25,C,6,1,OPTIMAL,159.3458,6,1,1,0,5,0.1667,59.5996,0.0,99.7462,120,0.75,2.0,1.0
025_C103,25,C,6,2,OPTIMAL,162.9029,6,5,3,2,1,0.8333,162.3901,0.0,0.5129,120,0.75,2.0,1.0
025_C103,25,C,6,3,OPTIMAL,232.9711,6,5,3,2,1,0.8333,194.4031,0.0,38.568,120,0.75,2.0,1.0
025_C103,25,C,6,4,OPTIMAL,81.7731,6,2,2,0,4,0.3333,46.9753,0.0,34.7978,120,0.75,2.0,1.0
025_C103,25,C,6,5,OPTIMAL,52.9149,6,1,0,1,5,0.1667,29.9863,0.0,22.9287,120,0.75,2.0,1.0
025_C103,25,C,6,6,OPTIMAL,131.0808,6,4,2,2,2,0.6667,96.9647,0.0,34.1161,120,0.75,2.0,1.0
025_C103,25,C,6,7,OPTIMAL,56.2247,6,0,0,0,6,0.0,0.0,0.0,56.2247,120,0.75,2.0,1.0
025_C103,25,C,6,8,OPTIMAL,130.798,6,2,2,0,4,0.3333,117.6547,0.0,13.1433,120,0.75,2.0,1.0
025_C103,25,C,6,9,OPTIMAL,115.8187,6,3,1,2,3,0.5,97.874,0.0,17.9447,120,0.75,2.0,1.0
025_C104,25,C,2,0,OPTIMAL,78.4034,2,2,1,1,0,1.0,78.4034,0.0,0.0,120,0.75,2.0,1.0
025_C104,25,C,2,1,OPTIMAL,69.1686,2,1,0,1,1,0.5,60.7782,0.0,8.3904,120,0.75,2.0,1.0
025_C104,25,C,2,2,OPTIMAL,20.6219,2,0,0,0,2,0.0,0.0,0.0,20.6219,120,0.75,2.0,1.0
025_C104,25,C,2,3,OPTIMAL,76.6084,2,2,1,1,0,1.0,76.6084,0.0,0.0,120,0.75,2.0,1.0
025_C104,25,C,2,4,OPTIMAL,4.8965,2,0,0,0,2,0.0,0.0,0.0,4.8965,120,0.75,2.0,1.0
025_C104,25,C,2,5,OPTIMAL,80.7933,2,2,1,1,0,1.0,80.7933,0.0,0.0,120,0.75,2.0,1.0
025_C104,25,C,2,6,OPTIMAL,109.3427,2,2,2,0,0,1.0,109.3427,0.0,0.0,120,0.75,2.0,1.0
025_C104,25,C,2,7,OPTIMAL,103.2803,2,1,1,0,1,0.5,56.4292,0.0,46.851,120,0.75,2.0,1.0
025_C104,25,C,2,8,OPTIMAL,53.8732,2,1,0,1,1,0.5,52.3617,0.0,1.5115,120,0.75,2.0,1.0
025_C104,25,C,2,9,OPTIMAL,90.1122,2,2,1,1,0,1.0,90.1122,0.0,0.0,120,0.75,2.0,1.0
025_C104,25,C,4,0,OPTIMAL,88.2183,4,2,2,0,2,0.5,77.3197,0.0,10.8986,120,0.75,2.0,1.0
025_C104,25,C,4,1,OPTIMAL,155.4781,4,2,2,0,2,0.5,120.483,0.0,34.9951,120,0.75,2.0,1.0
025_C104,25,C,4,2,OPTIMAL,124.1996,4,2,1,1,2,0.5,82.0804,0.0,42.1192,120,0.75,2.0,1.0
025_C104,25,C,4,3,OPTIMAL,133.0528,4,4,2,2,0,1.0,133.0528,0.0,0.0,120,0.75,2.0,1.0
025_C104,25,C,4,4,OPTIMAL,143.3474,4,1,1,0,3,0.25,57.1243,0.0,86.2231,120,0.75,2.0,1.0
025_C104,25,C,4,5,OPTIMAL,168.3291,4,3,2,1,1,0.75,141.4355,0.0,26.8936,120,0.75,2.0,1.0
025_C104,25,C,4,6,OPTIMAL,131.5218,4,2,2,0,2,0.5,78.0398,0.0,53.482,120,0.75,2.0,1.0
025_C104,25,C,4,7,OPTIMAL,121.939,4,4,1,3,0,1.0,121.939,0.0,0.0,120,0.75,2.0,1.0
025_C104,25,C,4,8,OPTIMAL,171.2739,4,3,2,1,1,0.75,125.7813,0.0,45.4926,120,0.75,2.0,1.0
025_C104,25,C,4,9,OPTIMAL,112.2116,4,3,3,0,1,0.75,110.886,0.0,1.3256,120,0.75,2.0,1.0
025_C104,25,C,6,0,OPTIMAL,154.0529,6,4,3,1,2,0.6667,138.4957,0.0,15.5572,120,0.75,2.0,1.0
025_C104,25,C,6,1,OPTIMAL,190.7375,6,4,3,1,2,0.6667,187.3914,0.0,3.346,120,0.75,2.0,1.0
025_C104,25,C,6,2,OPTIMAL,162.9029,6,5,3,2,1,0.8333,162.3901,0.0,0.5129,120,0.75,2.0,1.0
025_C104,25,C,6,3,OPTIMAL,232.9711,6,5,5,0,1,0.8333,194.4031,0.0,38.568,120,0.75,2.0,1.0
025_C104,25,C,6,4,OPTIMAL,90.5859,6,3,2,1,3,0.5,75.6597,0.0,14.9262,120,0.75,2.0,1.0
025_C104,25,C,6,5,OPTIMAL,116.1423,6,4,3,1,2,0.6667,111.4714,0.0,4.6709,120,0.75,2.0,1.0
025_C104,25,C,6,6,OPTIMAL,158.2636,6,5,4,1,1,0.8333,127.6508,0.0,30.6127,120,0.75,2.0,1.0
025_C104,25,C,6,7,OPTIMAL,106.0086,6,3,2,1,3,0.5,99.0839,0.0,6.9247,120,0.75,2.0,1.0
025_C104,25,C,6,8,OPTIMAL,130.798,6,2,2,0,4,0.3333,117.6547,0.0,13.1433,120,0.75,2.0,1.0
025_C104,25,C,6,9,OPTIMAL,117.8563,6,3,2,1,3,0.5,97.874,0.0,19.9823,120,0.75,2.0,1.0
025_C105,25,C,2,0,OPTIMAL,54.6322,2,0,0,0,2,0.0,0.0,0.0,54.6322,120,0.75,2.0,1.0
025_C105,25,C,2,1,OPTIMAL,65.9779,2,0,0,0,2,0.0,0.0,0.0,65.9779,120,0.75,2.0,1.0
025_C105,25,C,2,2,OPTIMAL,20.6219,2,0,0,0,2,0.0,0.0,0.0,20.6219,120,0.75,2.0,1.0
025_C105,25,C,2,3,OPTIMAL,16.8147,2,0,0,0,2,0.0,0.0,0.0,16.8147,120,0.75,2.0,1.0
025_C105,25,C,2,4,OPTIMAL,8.8028,2,0,0,0,2,0.0,0.0,0.0,8.8028,120,0.75,2.0,1.0
025_C105,25,C,2,5,OPTIMAL,43.6966,2,0,0,0,2,0.0,0.0,0.0,43.6966,120,0.75,2.0,1.0
025_C105,25,C,2,6,OPTIMAL,14.2702,2,0,0,0,2,0.0,0.0,0.0,14.2702,120,0.75,2.0,1.0
025_C105,25,C,2,7,OPTIMAL,62.3448,2,1,1,0,1,0.5,56.4292,0.0,5.9156,120,0.75,2.0,1.0
025_C105,25,C,2,8,OPTIMAL,7.6866,2,0,0,0,2,0.0,0.0,0.0,7.6866,120,0.75,2.0,1.0
025_C105,25,C,2,9,OPTIMAL,68.1185,2,1,1,0,1,0.5,62.002,0.0,6.1165,120,0.75,2.0,1.0
025_C105,25,C,4,0,OPTIMAL,89.3671,4,2,2,0,2,0.5,77.3197,0.0,12.0474,120,0.75,2.0,1.0
025_C105,25,C,4,1,OPTIMAL,36.5541,4,0,0,0,4,0.0,0.0,0.0,36.5541,120,0.75,2.0,1.0
025_C105,25,C,4,2,OPTIMAL,18.4238,4,0,0,0,4,0.0,0.0,0.0,18.4238,120,0.75,2.0,1.0
025_C105,25,C,4,3,OPTIMAL,87.9448,4,1,1,0,3,0.25,30.2948,0.0,57.65,120,0.75,2.0,1.0
025_C105,25,C,4,4,OPTIMAL,66.1388,4,1,1,0,3,0.25,57.1243,0.0,9.0146,120,0.75,2.0,1.0
025_C105,25,C,4,5,OPTIMAL,33.2719,4,1,1,0,3,0.25,23.6794,0.0,9.5925,120,0.75,2.0,1.0
025_C105,25,C,4,6,OPTIMAL,83.2915,4,2,2,0,2,0.5,78.0398,0.0,5.2517,120,0.75,2.0,1.0
025_C105,25,C,4,7,OPTIMAL,46.6782,4,1,1,0,3,0.25,31.7207,0.0,14.9575,120,0.75,2.0,1.0
025_C105,25,C,4,8,OPTIMAL,118.2199,4,2,2,0,2,0.5,102.4172,0.0,15.8027,120,0.75,2.0,1.0
025_C105,25,C,4,9,OPTIMAL,63.7966,4,1,1,0,3,0.25,53.5281,0.0,10.2686,120,0.75,2.0,1.0
025_C105,25,C,6,0,OPTIMAL,166.8195,6,3,2,1,3,0.5,116.5333,0.0,50.2862,120,0.75,2.0,1.0
025_C105,25,C,6,1,OPTIMAL,78.1461,6,1,1,0,5,0.1667,59.5996,0.0,18.5465,120,0.75,2.0,1.0
025_C105,25,C,6,2,OPTIMAL,82.9846,6,2,2,0,4,0.3333,65.9933,0.0,16.9913,120,0.75,2.0,1.0
025_C105,25,C,6,3,OPTIMAL,166.0839,6,2,2,0,4,0.3333,113.4553,0.0,52.6286,120,0.75,2.0,1.0
025_C105,25,C,6,4,OPTIMAL,62.3186,6,1,1,0,5,0.1667,26.0038,0.0,36.3148,120,0.75,2.0,1.0
025_C105,25,C,6,5,OPTIMAL,28.6944,6,0,0,0,6,0.0,0.0,0.0,28.6944,120,0.75,2.0,1.0
025_C105,25,C,6,6,OPTIMAL,49.3973,6,1,1,0,5,0.1667,31.1662,0.0,18.2311,120,0.75,2.0,1.0
025_C105,25,C,6,7,OPTIMAL,58.2578,6,1,1,0,5,0.1667,49.7186,0.0,8.5392,120,0.75,2.0,1.0
025_C105,25,C,6,8,OPTIMAL,145.7646,6,2,2,0,4,0.3333,117.6547,0.0,28.1099,120,0.75,2.0,1.0
025_C105,25,C,6,9,OPTIMAL,88.0989,6,2,1,1,4,0.3333,81.6341,0.0,6.4648,120,0.75,2.0,1.0
025_C106,25,C,2,0,OPTIMAL,61.2538,2,1,0,1,1,0.5,56.9357,0.0,4.318,120,0.75,2.0,1.0
025_C106,25,C,2,1,OPTIMAL,73.5955,2,1,0,1,1,0.5,60.7782,0.0,12.8174,120,0.75,2.0,1.0
025_C106,25,C,2,2,OPTIMAL,20.6219,2,0,0,0,2,0.0,0.0,0.0,20.6219,120,0.75,2.0,1.0
025_C106,25,C,2,3,OPTIMAL,72.0175,2,1,0,1,1,0.5,62.8151,0.0,9.2024,120,0.75,2.0,1.0
025_C106,25,C,2,4,OPTIMAL,4.1965,2,0,0,0,2,0.0,0.0,0.0,4.1965,120,0.75,2.0,1.0
025_C106,25,C,2,5,OPTIMAL,78.2225,2,1,0,1,1,0.5,30.0087,0.0,48.2138,120,0.75,2.0,1.0
025_C106,25,C,2,6,OPTIMAL,62.7726,2,1,0,1,1,0.5,59.3195,0.0,3.4531,120,0.75,2.0,1.0
025_C106,25,C,2,7,OPTIMAL,119.8914,2,2,1,1,0,1.0,119.8914,0.0,0.0,120,0.75,2.0,1.0
025_C106,25,C,2,8,OPTIMAL,53.8732,2,1,0,1,1,0.5,52.3617,0.0,1.5115,120,0.75,2.0,1.0
025_C106,25,C,2,9,OPTIMAL,90.1122,2,2,0,2,0,1.0,90.1122,0.0,0.0,120,0.75,2.0,1.0
025_C106,25,C,4,0,OPTIMAL,84.092,4,2,1,1,2,0.5,77.3197,0.0,6.7724,120,0.75,2.0,1.0
025_C106,25,C,4,1,OPTIMAL,131.4538,4,2,1,1,2,0.5,105.8068,0.0,25.647,120,0.75,2.0,1.0
025_C106,25,C,4,2,OPTIMAL,116.9327,4,3,0,3,1,0.75,103.2557,0.0,13.677,120,0.75,2.0,1.0
025_C106,25,C,4,3,OPTIMAL,128.2922,4,3,0,3,1,0.75,86.048,0.0,42.2443,120,0.75,2.0,1.0
025_C106,25,C,4,4,OPTIMAL,123.2281,4,2,1,1,2,0.5,118.2222,0.0,5.0059,120,0.75,2.0,1.0
025_C106,25,C,4,5,OPTIMAL,187.9657,4,4,2,2,0,1.0,187.9657,0.0,0.0,120,0.75,2.0,1.0
025_C106,25,C,4,6,OPTIMAL,134.5747,4,3,2,1,1,0.75,132.6149,0.0,1.9598,120,0.75,2.0,1.0
025_C106,25,C,4,7,OPTIMAL,97.3647,4,3,1,2,1,0.75,90.2369,0.0,7.1277,120,0.75,2.0,1.0
025_C106,25,C,4,8,OPTIMAL,166.2682,4,3,1,2,1,0.75,162.1617,0.0,4.1065,120,0.75,2.0,1.0
025_C106,25,C,4,9,OPTIMAL,89.9429,4,2,1,1,2,0.5,80.2915,0.0,9.6513,120,0.75,2.0,1.0
025_C106,25,C,6,0,OPTIMAL,151.5551,6,3,2,1,3,0.5,116.5333,0.0,35.0218,120,0.75,2.0,1.0
025_C106,25,C,6,1,OPTIMAL,212.8453,6,5,1,4,1,0.8333,212.7722,0.0,0.0731,120,0.75,2.0,1.0
025_C106,25,C,6,2,OPTIMAL,107.617,6,3,1,2,3,0.5,88.4627,0.0,19.1543,120,0.75,2.0,1.0
025_C106,25,C,6,3,OPTIMAL,141.0379,6,3,1,2,3,0.5,106.9891,0.0,34.0488,120,0.75,2.0,1.0
025_C106,25,C,6,4,OPTIMAL,73.9156,6,1,1,0,5,0.1667,26.0038,0.0,47.9119,120,0.75,2.0,1.0
025_C106,25,C,6,5,OPTIMAL,76.9378,6,2,0,2,4,0.3333,62.0621,0.0,14.8757,120,0.75,2.0,1.0
025_C106,25,C,6,6,OPTIMAL,161.0777,6,5,2,3,1,0.8333,158.8507,0.0,2.227,120,0.75,2.0,1.0
025_C106,25,C,6,7,OPTIMAL,83.8872,6,2,0,2,4,0.3333,71.2652,0.0,12.6219,120,0.75,2.0,1.0
025_C106,25,C,6,8,OPTIMAL,134.0064,6,2,2,0,4,0.3333,117.6547,0.0,16.3516,120,0.75,2.0,1.0
025_C106,25,C,6,9,OPTIMAL,101.6557,6,2,1,1,4,0.3333,81.6341,0.0,20.0216,120,0.75,2.0,1.0
025_C107,25,C,2,0,OPTIMAL,61.2538,2,1,1,0,1,0.5,56.9357,0.0,4.318,120,0.75,2.0,1.0
025_C107,25,C,2,1,OPTIMAL,72.0084,2,1,1,0,1,0.5,60.7782,0.0,11.2303,120,0.75,2.0,1.0
025_C107,25,C,2,2,OPTIMAL,15.0155,2,0,0,0,2,0.0,0.0,0.0,15.0155,120,0.75,2.0,1.0
025_C107,25,C,2,3,OPTIMAL,67.2126,2,1,1,0,1,0.5,62.8151,0.0,4.3974,120,0.75,2.0,1.0
025_C107,25,C,2,4,OPTIMAL,5.3385,2,0,0,0,2,0.0,0.0,0.0,5.3385,120,0.75,2.0,1.0
025_C107,25,C,2,5,OPTIMAL,48.8255,2,0,0,0,2,0.0,0.0,0.0,48.8255,120,0.75,2.0,1.0
025_C107,25,C,2,6,OPTIMAL,18.7203,2,0,0,0,2,0.0,0.0,0.0,18.7203,120,0.75,2.0,1.0
025_C107,25,C,2,7,OPTIMAL,114.35,2,1,1,0,1,0.5,63.4622,0.0,50.8878,120,0.75,2.0,1.0
025_C107,25,C,2,8,OPTIMAL,7.6866,2,0,0,0,2,0.0,0.0,0.0,7.6866,120,0.75,2.0,1.0
025_C107,25,C,2,9,OPTIMAL,68.1185,2,1,0,1,1,0.5,62.002,0.0,6.1165,120,0.75,2.0,1.0
025_C107,25,C,4,0,OPTIMAL,79.6168,4,2,2,0,2,0.5,77.3197,0.0,2.2972,120,0.75,2.0,1.0
025_C107,25,C,4,1,OPTIMAL,65.1867,4,0,0,0,4,0.0,0.0,0.0,65.1867,120,0.75,2.0,1.0
025_C107,25,C,4,2,OPTIMAL,18.9698,4,0,0,0,4,0.0,0.0,0.0,18.9698,120,0.75,2.0,1.0
025_C107,25,C,4,3,OPTIMAL,86.5892,4,1,1,0,3,0.25,30.2948,0.0,56.2944,120,0.75,2.0,1.0
025_C107,25,C,4,4,OPTIMAL,69.2027,4,1,1,0,3,0.25,57.1243,0.0,12.0784,120,0.75,2.0,1.0
025_C107,25,C,4,5,OPTIMAL,34.6374,4,1,1,0,3,0.25,23.6794,0.0,10.9581,120,0.75,2.0,1.0
025_C107,25,C,4,6,OPTIMAL,134.0532,4,3,3,0,1,0.75,132.6149,0.0,1.4382,120,0.75,2.0,1.0
025_C107,25,C,4,7,OPTIMAL,45.0219,4,1,1,0,3,0.25,31.7207,0.0,13.3012,120,0.75,2.0,1.0
025_C107,25,C,4,8,OPTIMAL,115.657,4,2,2,0,2,0.5,102.4172,0.0,13.2399,120,0.75,2.0,1.0
025_C107,25,C,4,9,OPTIMAL,63.7966,4,1,1,0,3,0.25,53.5281,0.0,10.2686,120,0.75,2.0,1.0
025_C107,25,C,6,0,OPTIMAL,115.4942,6,2,2,0,4,0.3333,62.3208,0.0,53.1734,120,0.75,2.0,1.0
025_C107,25,C,6,1,OPTIMAL,64.853,6,0,0,0,6,0.0,0.0,0.0,64.853,120,0.75,2.0,1.0
025_C107,25,C,6,2,OPTIMAL,105.7916,6,3,3,0,3,0.5,88.4627,0.0,17.3289,120,0.75,2.0,1.0
025_C107,25,C,6,3,OPTIMAL,110.5558,6,2,2,0,4,0.3333,93.77,0.0,16.7858,120,0.75,2.0,1.0
025_C107,25,C,6,4,OPTIMAL,60.0777,6,1,1,0,5,0.1667,26.0038,0.0,34.074,120,0.75,2.0,1.0
025_C107,25,C,6,5,OPTIMAL,30.3166,6,0,0,0,6,0.0,0.0,0.0,30.3166,120,0.75,2.0,1.0
025_C107,25,C,6,6,OPTIMAL,49.3973,6,1,1,0,5,0.1667,31.1662,0.0,18.2311,120,0.75,2.0,1.0
025_C107,25,C,6,7,OPTIMAL,44.1457,6,0,0,0,6,0.0,0.0,0.0,44.1457,120,0.75,2.0,1.0
025_C107,25,C,6,8,OPTIMAL,136.3907,6,2,2,0,4,0.3333,117.6547,0.0,18.736,120,0.75,2.0,1.0
025_C107,25,C,6,9,OPTIMAL,45.0328,6,1,1,0,5,0.1667,26.8782,0.0,18.1546,120,0.75,2.0,1.0
025_C108,25,C,2,0,OPTIMAL,76.3624,2,1,0,1,1,0.5,56.9357,0.0,19.4267,120,0.75,2.0,1.0
025_C108,25,C,2,1,OPTIMAL,72.0084,2,1,0,1,1,0.5,60.7782,0.0,11.2303,120,0.75,2.0,1.0
025_C108,25,C,2,2,OPTIMAL,42.2265,2,1,1,0,1,0.5,31.9026,0.0,10.3239,120,0.75,2.0,1.0
025_C108,25,C,2,3,OPTIMAL,76.6084,2,2,0,2,0,1.0,76.6084,0.0,0.0,120,0.75,2.0,1.0
025_C108,25,C,2,4,OPTIMAL,10.2216,2,0,0,0,2,0.0,0.0,0.0,10.2216,120,0.75,2.0,1.0
025_C108,25,C,2,5,OPTIMAL,51.3963,2,1,1,0,1,0.5,50.7846,0.0,0.6117,120,0.75,2.0,1.0
025_C108,25,C,2,6,OPTIMAL,18.7203,2,0,0,0,2,0.0,0.0,0.0,18.7203,120,0.75,2.0,1.0
025_C108,25,C,2,7,OPTIMAL,65.5873,2,1,0,1,1,0.5,56.4292,0.0,9.158,120,0.75,2.0,1.0
025_C108,25,C,2,8,OPTIMAL,10.0157,2,0,0,0,2,0.0,0.0,0.0,10.0157,120,0.75,2.0,1.0
025_C108,25,C,2,9,OPTIMAL,90.1122,2,2,0,2,0,1.0,90.1122,0.0,0.0,120,0.75,2.0,1.0
025_C108,25,C,4,0,OPTIMAL,85.1346,4,2,2,0,2,0.5,77.3197,0.0,7.8149,120,0.75,2.0,1.0
025_C108,25,C,4,1,OPTIMAL,120.4191,4,1,1,0,3,0.25,58.4922,0.0,61.9269,120,0.75,2.0,1.0
025_C108,25,C,4,2,OPTIMAL,66.2204,4,0,0,0,4,0.0,0.0,0.0,66.2204,120,0.75,2.0,1.0
025_C108,25,C,4,3,OPTIMAL,95.7814,4,2,1,1,2,0.5,77.2996,0.0,18.4818,120,0.75,2.0,1.0
025_C108,25,C,4,4,OPTIMAL,119.6387,4,2,2,0,2,0.5,107.5645,0.0,12.0742,120,0.75,2.0,1.0
025_C108,25,C,4,5,OPTIMAL,87.1151,4,2,2,0,2,0.5,82.139,0.0,4.9761,120,0.75,2.0,1.0
025_C108,25,C,4,6,OPTIMAL,85.9837,4,2,2,0,2,0.5,78.0398,0.0,7.9439,120,0.75,2.0,1.0
025_C108,25,C,4,7,OPTIMAL,81.8994,4,2,1,1,2,0.5,42.7341,0.0,39.1652,120,0.75,2.0,1.0
025_C108,25,C,4,8,OPTIMAL,138.8831,4,3,2,1,1,0.75,125.7813,0.0,13.1018,120,0.75,2.0,1.0
025_C108,25,C,4,9,OPTIMAL,91.4872,4,2,1,1,2,0.5,80.2915,0.0,11.1957,120,0.75,2.0,1.0
025_C108,25,C,6,0,OPTIMAL,154.4095,6,4,2,2,2,0.6667,138.4957,0.0,15.9138,120,0.75,2.0,1.0
025_C108,25,C,6,1,OPTIMAL,123.7389,6,1,1,0,5,0.1667,52.7644,0.0,70.9745,120,0.75,2.0,1.0
025_C108,25,C,6,2,OPTIMAL,107.9608,6,4,3,1,2,0.6667,105.7737,0.0,2.1871,120,0.75,2.0,1.0
025_C108,25,C,6,3,OPTIMAL,148.2231,6,4,1,3,2,0.6667,140.8535,0.0,7.3697,120,0.75,2.0,1.0
025_C108,25,C,6,4,OPTIMAL,63.0652,6,1,1,0,5,0.1667,26.0038,0.0,37.0614,120,0.75,2.0,1.0
025_C108,25,C,6,5,OPTIMAL,51.777,6,1,0,1,5,0.1667,29.9863,0.0,21.7907,120,0.75,2.0,1.0
025_C108,25,C,6,6,OPTIMAL,76.4265,6,2,1,1,4,0.3333,51.9847,0.0,24.4418,120,0.75,2.0,1.0
025_C108,25,C,6,7,OPTIMAL,85.9813,6,1,0,1,5,0.1667,24.383,0.0,61.5983,120,0.75,2.0,1.0
025_C108,25,C,6,8,OPTIMAL,142.1465,6,2,2,0,4,0.3333,117.6547,0.0,24.4917,120,0.75,2.0,1.0
025_C108,25,C,6,9,OPTIMAL,111.8301,6,2,1,1,4,0.3333,81.6341,0.0,30.196,120,0.75,2.0,1.0
025_C109,25,C,2,0,OPTIMAL,78.4034,2,2,1,1,0,1.0,78.4034,0.0,0.0,120,0.75,2.0,1.0
025_C109,25,C,2,1,OPTIMAL,88.6963,2,2,1,1,0,1.0,88.6963,0.0,0.0,120,0.75,2.0,1.0
025_C109,25,C,2,2,OPTIMAL,35.9708,2,1,0,1,1,0.5,31.9026,0.0,4.0682,120,0.75,2.0,1.0
025_C109,25,C,2,3,OPTIMAL,73.0141,2,1,1,0,1,0.5,62.8151,0.0,10.1989,120,0.75,2.0,1.0
025_C109,25,C,2,4,OPTIMAL,36.2445,2,2,0,2,0,1.0,36.2445,0.0,0.0,120,0.75,2.0,1.0
025_C109,25,C,2,5,OPTIMAL,80.7933,2,2,0,2,0,1.0,80.7933,0.0,0.0,120,0.75,2.0,1.0
025_C109,25,C,2,6,OPTIMAL,87.1677,2,0,0,0,2,0.0,0.0,0.0,87.1677,120,0.75,2.0,1.0
025_C109,25,C,2,7,OPTIMAL,65.5873,2,1,1,0,1,0.5,56.4292,0.0,9.158,120,0.75,2.0,1.0
025_C109,25,C,2,8,OPTIMAL,10.0157,2,0,0,0,2,0.0,0.0,0.0,10.0157,120,0.75,2.0,1.0
025_C109,25,C,2,9,OPTIMAL,63.83,2,1,1,0,1,0.5,62.002,0.0,1.828,120,0.75,2.0,1.0
025_C109,25,C,4,0,OPTIMAL,109.0106,4,3,2,1,1,0.75,108.9983,0.0,0.0124,120,0.75,2.0,1.0
025_C109,25,C,4,1,OPTIMAL,186.7117,4,3,1,2,1,0.75,137.8347,0.0,48.877,120,0.75,2.0,1.0
025_C109,25,C,4,2,OPTIMAL,79.0359,4,1,0,1,3,0.25,22.2842,0.0,56.7517,120,0.75,2.0,1.0
025_C109,25,C,4,3,OPTIMAL,92.4299,4,2,2,0,2,0.5,77.2996,0.0,15.1303,120,0.75,2.0,1.0
025_C109,25,C,4,4,OPTIMAL,190.0359,4,3,1,2,1,0.75,138.8932,0.0,51.1427,120,0.75,2.0,1.0
025_C109,25,C,4,5,OPTIMAL,118.4482,4,2,1,1,2,0.5,82.139,0.0,36.3092,120,0.75,2.0,1.0
025_C109,25,C,4,6,OPTIMAL,155.3787,4,4,3,1,0,1.0,155.3787,0.0,0.0,120,0.75,2.0,1.0
025_C109,25,C,4,7,OPTIMAL,51.2022,4,1,1,0,3,0.25,31.7207,0.0,19.4815,120,0.75,2.0,1.0
025_C109,25,C,4,8,OPTIMAL,118.54,4,2,2,0,2,0.5,102.4172,0.0,16.1228,120,0.75,2.0,1.0
025_C109,25,C,4,9,OPTIMAL,107.1712,4,3,1,2,1,0.75,102.0871,0.0,5.0842,120,0.75,2.0,1.0
025_C109,25,C,6,0,OPTIMAL,199.7091,6,5,4,1,1,0.8333,193.9766,0.0,5.7325,120,0.75,2.0,1.0
025_C109,25,C,6,1,OPTIMAL,165.4368,6,2,0,2,4,0.3333,75.0274,0.0,90.4094,120,0.75,2.0,1.0
025_C109,25,C,6,2,OPTIMAL,174.0289,6,4,3,1,2,0.6667,145.0791,0.0,28.9498,120,0.75,2.0,1.0
025_C109,25,C,6,3,OPTIMAL,241.0278,6,6,4,2,0,1.0,241.0278,0.0,0.0,120,0.75,2.0,1.0
025_C109,25,C,6,4,OPTIMAL,117.8238,6,5,1,4,1,0.8333,115.7583,0.0,2.0655,120,0.75,2.0,1.0
025_C109,25,C,6,5,OPTIMAL,79.6535,6,3,1,2,3,0.5,71.6364,0.0,8.0171,120,0.75,2.0,1.0
025_C109,25,C,6,6,OPTIMAL,76.9418,6,3,2,1,3,0.5,69.5638,0.0,7.378,120,0.75,2.0,1.0
025_C109,25,C,6,7,OPTIMAL,112.556,6,1,0,1,5,0.1667,58.1049,0.0,54.4511,120,0.75,2.0,1.0
025_C109,25,C,6,8,OPTIMAL,169.5572,6,4,2,2,2,0.6667,161.3656,0.0,8.1917,120,0.75,2.0,1.0
025_C109,25,C,6,9,OPTIMAL,135.9775,6,4,1,3,2,0.6667,91.014,0.0,44.9635,120,0.75,2.0,1.0
025_C201,25,C,2,0,OPTIMAL,63.7773,2,1,0,1,1,0.5,60.2655,0.0,3.5118,120,0.75,2.0,1.0
025_C201,25,C,2,1,OPTIMAL,41.3527,2,1,1,0,1,0.5,37.2716,0.0,4.0811,120,0.75,2.0,1.0
025_C201,25,C,2,2,OPTIMAL,71.4637,2,1,1,0,1,0.5,60.8431,0.0,10.6206,120,0.75,2.0,1.0
025_C201,25,C,2,3,OPTIMAL,61.3324,2,1,1,0,1,0.5,38.6772,0.0,22.6551,120,0.75,2.0,1.0
025_C201,25,C,2,4,OPTIMAL,45.1768,2,1,1,0,1,0.5,41.4025,0.0,3.7742,120,0.75,2.0,1.0
025_C201,25,C,2,5,OPTIMAL,86.8533,2,1,0,1,1,0.5,54.9307,0.0,31.9226,120,0.75,2.0,1.0
025_C201,25,C,2,6,OPTIMAL,60.6312,2,1,1,0,1,0.5,55.1446,0.0,5.4866,120,0.75,2.0,1.0
025_C201,25,C,2,7,OPTIMAL,64.0117,2,1,1,0,1,0.5,56.7014,0.0,7.3103,120,0.75,2.0,1.0
025_C201,25,C,2,8,OPTIMAL,42.3047,2,2,2,0,0,1.0,42.3047,0.0,0.0,120,0.75,2.0,1.0
025_C201,25,C,2,9,OPTIMAL,25.8977,2,1,1,0,1,0.5,19.4212,0.0,6.4765,120,0.75,2.0,1.0
025_C201,25,C,4,0,OPTIMAL,92.2452,4,3,1,2,1,0.75,88.5714,0.0,3.6738,120,0.75,2.0,1.0
025_C201,25,C,4,1,OPTIMAL,65.2668,4,2,1,1,2,0.5,55.0937,0.0,10.1731,120,0.75,2.0,1.0
025_C201,25,C,4,2,OPTIMAL,128.5368,4,3,2,1,1,0.75,119.8798,0.0,8.6571,120,0.75,2.0,1.0
025_C201,25,C,4,3,OPTIMAL,73.873,4,1,1,0,3,0.25,27.4412,0.0,46.4318,120,0.75,2.0,1.0
025_C201,25,C,4,4,OPTIMAL,85.0105,4,2,2,0,2,0.5,71.1464,0.0,13.8641,120,0.75,2.0,1.0
025_C201,25,C,4,5,OPTIMAL,108.5009,4,3,1,2,1,0.75,108.4424,0.0,0.0585,120,0.75,2.0,1.0
025_C201,25,C,4,6,OPTIMAL,45.689,4,1,0,1,3,0.25,17.6707,0.0,28.0184,120,0.75,2.0,1.0
025_C201,25,C,4,7,OPTIMAL,102.6268,4,2,1,1,2,0.5,88.3527,0.0,14.2741,120,0.75,2.0,1.0
025_C201,25,C,4,8,OPTIMAL,164.5181,4,3,1,2,1,0.75,141.4962,0.0,23.0218,120,0.75,2.0,1.0
025_C201,25,C,4,9,OPTIMAL,89.7894,4,2,2,0,2,0.5,83.9462,0.0,5.8432,120,0.75,2.0,1.0
025_C201,25,C,6,0,OPTIMAL,222.0632,6,4,3,1,2,0.6667,210.9613,0.0,11.1019,120,0.75,2.0,1.0
025_C201,25,C,6,1,OPTIMAL,260.4505,6,6,5,1,0,1.0,260.4505,0.0,0.0,120,0.75,2.0,1.0
025_C201,25,C,6,2,OPTIMAL,230.0882,6,4,4,0,2,0.6667,182.0212,0.0,48.067,120,0.75,2.0,1.0
025_C201,25,C,6,3,OPTIMAL,153.779,6,4,2,2,2,0.6667,113.9093,0.0,39.8697,120,0.75,2.0,1.0
025_C201,25,C,6,4,OPTIMAL,190.3363,6,3,3,0,3,0.5,160.4245,0.0,29.9117,120,0.75,2.0,1.0
025_C201,25,C,6,5,OPTIMAL,80.9146,6,2,2,0,4,0.3333,51.2255,0.0,29.6891,120,0.75,2.0,1.0
025_C201,25,C,6,6,OPTIMAL,178.3815,6,4,4,0,2,0.6667,173.2694,0.0,5.112,120,0.75,2.0,1.0
025_C201,25,C,6,7,OPTIMAL,135.6837,6,3,3,0,3,0.5,89.3834,0.0,46.3002,120,0.75,2.0,1.0
025_C201,25,C,6,8,OPTIMAL,223.3628,6,5,4,1,1,0.8333,179.8538,0.0,43.509,120,0.75,2.0,1.0
025_C201,25,C,6,9,OPTIMAL,164.612,6,3,2,1,3,0.5,102.4805,0.0,62.1315,120,0.75,2.0,1.0
025_C202,25,C,2,0,OPTIMAL,103.7524,2,2,2,0,0,1.0,103.7524,0.0,0.0,120,0.75,2.0,1.0
025_C202,25,C,2,1,OPTIMAL,59.3923,2,2,1,1,0,1.0,59.3923,0.0,0.0,120,0.75,2.0,1.0
025_C202,25,C,2,2,OPTIMAL,71.4637,2,1,1,0,1,0.5,60.8431,0.0,10.6206,120,0.75,2.0,1.0
025_C202,25,C,2,3,OPTIMAL,61.3324,2,1,1,0,1,0.5,38.6772,0.0,22.6551,120,0.75,2.0,1.0
025_C202,25,C,2,4,OPTIMAL,45.1768,2,1,1,0,1,0.5,41.4025,0.0,3.7742,120,0.75,2.0,1.0
025_C202,25,C,2,5,OPTIMAL,86.8533,2,1,1,0,1,0.5,54.9307,0.0,31.9226,120,0.75,2.0,1.0
025_C202,25,C,2,6,OPTIMAL,60.6312,2,1,1,0,1,0.5,55.1446,0.0,5.4866,120,0.75,2.0,1.0
025_C202,25,C,2,7,OPTIMAL,64.0117,2,1,1,0,1,0.5,56.7014,0.0,7.3103,120,0.75,2.0,1.0
025_C202,25,C,2,8,OPTIMAL,42.3047,2,2,2,0,0,1.0,42.3047,0.0,0.0,120,0.75,2.0,1.0
025_C202,25,C,2,9,OPTIMAL,34.2691,2,2,1,1,0,1.0,34.2691,0.0,0.0,120,0.75,2.0,1.0
025_C202,25,C,4,0,OPTIMAL,147.5259,4,4,2,2,0,1.0,147.5259,0.0,0.0,120,0.75,2.0,1.0
025_C202,25,C,4,1,OPTIMAL,88.0577,4,3,2,1,1,0.75,88.0332,0.0,0.0245,120,0.75,2.0,1.0
025_C202,25,C,4,2,OPTIMAL,96.2828,4,2,2,0,2,0.5,87.4467,0.0,8.8362,120,0.75,2.0,1.0
025_C202,25,C,4,3,OPTIMAL,129.2652,4,3,2,1,1,0.75,92.157,0.0,37.1082,120,0.75,2.0,1.0
025_C202,25,C,4,4,OPTIMAL,103.8468,4,3,3,0,1,0.75,100.7208,0.0,3.126,120,0.75,2.0,1.0
025_C202,25,C,4,5,OPTIMAL,114.1114,4,3,1,2,1,0.75,92.3775,0.0,21.7339,120,0.75,2.0,1.0
025_C202,25,C,4,6,OPTIMAL,49.776,4,1,1,0,3,0.25,43.3709,0.0,6.4052,120,0.75,2.0,1.0
025_C202,25,C,4,7,OPTIMAL,138.0887,4,3,3,0,1,0.75,123.8913,0.0,14.1974,120,0.75,2.0,1.0
025_C202,25,C,4,8,OPTIMAL,158.1031,4,2,2,0,2,0.5,85.6323,0.0,72.4709,120,0.75,2.0,1.0
025_C202,25,C,4,9,OPTIMAL,107.7502,4,3,3,0,1,0.75,105.6765,0.0,2.0738,120,0.75,2.0,1.0
025_C202,25,C,6,0,OPTIMAL,234.0426,6,5,5,0,1,0.8333,227.986,0.0,6.0565,120,0.75,2.0,1.0
025_C202,25,C,6,1,OPTIMAL,241.2574,6,5,5,0,1,0.8333,234.0607,0.0,7.1967,120,0.75,2.0,1.0
025_C202,25,C,6,2,OPTIMAL,238.9875,6,6,5,1,0,1.0,238.9875,0.0,0.0,120,0.75,2.0,1.0
025_C202,25,C,6,3,OPTIMAL,135.6459,6,3,2,1,3,0.5,95.6479,0.0,39.998,120,0.75,2.0,1.0
025_C202,25,C,6,4,OPTIMAL,201.0622,6,4,3,1,2,0.6667,174.9465,0.0,26.1158,120,0.75,2.0,1.0
025_C202,25,C,6,5,OPTIMAL,80.9146,6,2,2,0,4,0.3333,51.2255,0.0,29.6891,120,0.75,2.0,1.0
025_C202,25,C,6,6,OPTIMAL,178.3815,6,4,4,0,2,0.6667,173.2694,0.0,5.112,120,0.75,2.0,1.0
025_C202,25,C,6,7,OPTIMAL,186.4045,6,4,3,1,2,0.6667,144.7386,0.0,41.6659,120,0.75,2.0,1.0
025_C202,25,C,6,8,OPTIMAL,225.8699,6,6,6,0,0,1.0,225.8699,0.0,0.0,120,0.75,2.0,1.0
025_C202,25,C,6,9,OPTIMAL,189.1679,6,5,4,1,1,0.8333,188.0489,0.0,1.119,120,0.75,2.0,1.0
025_C203,25,C,2,0,OPTIMAL,103.7524,2,2,2,0,0,1.0,103.7524,0.0,0.0,120,0.75,2.0,1.0
025_C203,25,C,2,1,OPTIMAL,59.3923,2,2,2,0,0,1.0,59.3923,0.0,0.0,120,0.75,2.0,1.0
025_C203,25,C,2,2,OPTIMAL,71.4637,2,1,1,0,1,0.5,60.8431,0.0,10.6206,120,0.75,2.0,1.0
025_C203,25,C,2,3,OPTIMAL,95.1474,2,2,1,1,0,1.0,95.1474,0.0,0.0,120,0.75,2.0,1.0
025_C203,25,C,2,4,OPTIMAL,45.1768,2,1,1,0,1,0.5,41.4025,0.0,3.7742,120,0.75,2.0,1.0
025_C203,25,C,2,5,OPTIMAL,113.8505,2,2,1,1,0,1.0,113.8505,0.0,0.0,120,0.75,2.0,1.0
025_C203,25,C,2,6,OPTIMAL,77.1911,2,2,2,0,0,1.0,77.1911,0.0,0.0,120,0.75,2.0,1.0
025_C203,25,C,2,7,OPTIMAL,64.0117,2,1,1,0,1,0.5,56.7014,0.0,7.3103,120,0.75,2.0,1.0
025_C203,25,C,2,8,OPTIMAL,42.3047,2,2,2,0,0,1.0,42.3047,0.0,0.0,120,0.75,2.0,1.0
025_C203,25,C,2,9,OPTIMAL,34.2691,2,2,1,1,0,1.0,34.2691,0.0,0.0,120,0.75,2.0,1.0
025_C203,25,C,4,0,OPTIMAL,147.5259,4,4,3,1,0,1.0,147.5259,0.0,0.0,120,0.75,2.0,1.0
025_C203,25,C,4,1,OPTIMAL,121.6384,4,4,3,1,0,1.0,121.6384,0.0,0.0,120,0.75,2.0,1.0
025_C203,25,C,4,2,OPTIMAL,96.2828,4,2,2,0,2,0.5,87.4467,0.0,8.8362,120,0.75,2.0,1.0
025_C203,25,C,4,3,OPTIMAL,154.8215,4,4,3,1,0,1.0,154.8215,0.0,0.0,120,0.75,2.0,1.0
025_C203,25,C,4,4,OPTIMAL,160.0715,4,4,4,0,0,1.0,160.0715,0.0,0.0,120,0.75,2.0,1.0
025_C203,25,C,4,5,OPTIMAL,114.1114,4,3,1,2,1,0.75,92.3775,0.0,21.7339,120,0.75,2.0,1.0
025_C203,25,C,4,6,OPTIMAL,148.1859,4,3,3,0,1,0.75,147.9825,0.0,0.2034,120,0.75,2.0,1.0
025_C203,25,C,4,7,OPTIMAL,138.0887,4,3,3,0,1,0.75,123.8913,0.0,14.1974,120,0.75,2.0,1.0
025_C203,25,C,4,8,OPTIMAL,180.5088,4,3,2,1,1,0.75,131.0597,0.0,49.449,120,0.75,2.0,1.0
025_C203,25,C,4,9,OPTIMAL,156.7072,4,4,4,0,0,1.0,156.7072,0.0,0.0,120,0.75,2.0,1.0
025_C203,25,C,6,0,OPTIMAL,262.6072,6,6,5,1,0,1.0,262.6072,0.0,0.0,120,0.75,2.0,1.0
025_C203,25,C,6,1,OPTIMAL,241.2574,6,5,5,0,1,0.8333,234.0607,0.0,7.1967,120,0.75,2.0,1.0
025_C203,25,C,6,2,OPTIMAL,238.9875,6,6,5,1,0,1.0,238.9875,0.0,0.0,120,0.75,2.0,1.0
025_C203,25,C,6,3,OPTIMAL,173.23,6,4,4,0,2,0.6667,133.2447,0.0,39.9852,120,0.75,2.0,1.0
025_C203,25,C,6,4,OPTIMAL,222.3358,6,5,4,1,1,0.8333,218.5398,0.0,3.796,120,0.75,2.0,1.0
025_C203,25,C,6,5,OPTIMAL,173.1592,6,5,3,2,1,0.8333,161.1989,0.0,11.9603,120,0.75,2.0,1.0
025_C203,25,C,6,6,OPTIMAL,205.2117,6,6,6,0,0,1.0,205.2117,0.0,0.0,120,0.75,2.0,1.0
025_C203,25,C,6,7,OPTIMAL,222.1539,6,6,5,1,0,1.0,222.1539,0.0,0.0,120,0.75,2.0,1.0
025_C203,25,C,6,8,OPTIMAL,225.8699,6,6,6,0,0,1.0,225.8699,0.0,0.0,120,0.75,2.0,1.0
025_C203,25,C,6,9,OPTIMAL,224.3182,6,6,5,1,0,1.0,224.3182,0.0,0.0,120,0.75,2.0,1.0
025_C204,25,C,2,0,OPTIMAL,103.7524,2,2,2,0,0,1.0,103.7524,0.0,0.0,120,0.75,2.0,1.0
025_C204,25,C,2,1,OPTIMAL,59.3923,2,2,2,0,0,1.0,59.3923,0.0,0.0,120,0.75,2.0,1.0
025_C204,25,C,2,2,OPTIMAL,71.4637,2,1,1,0,1,0.5,60.8431,0.0,10.6206,120,0.75,2.0,1.0
025_C204,25,C,2,3,OPTIMAL,95.1474,2,2,1,1,0,1.0,95.1474,0.0,0.0,120,0.75,2.0,1.0
025_C204,25,C,2,4,OPTIMAL,45.1768,2,1,1,0,1,0.5,41.4025,0.0,3.7742,120,0.75,2.0,1.0
025_C204,25,C,2,5,OPTIMAL,113.8505,2,2,1,1,0,1.0,113.8505,0.0,0.0,120,0.75,2.0,1.0
025_C204,25,C,2,6,OPTIMAL,77.1911,2,2,2,0,0,1.0,77.1911,0.0,0.0,120,0.75,2.0,1.0
025_C204,25,C,2,7,OPTIMAL,64.0117,2,1,1,0,1,0.5,56.7014,0.0,7.3103,120,0.75,2.0,1.0
025_C204,25,C,2,8,OPTIMAL,42.3047,2,2,2,0,0,1.0,42.3047,0.0,0.0,120,0.75,2.0,1.0
025_C204,25,C,2,9,OPTIMAL,34.2691,2,2,1,1,0,1.0,34.2691,0.0,0.0,120,0.75,2.0,1.0
025_C204,25,C,4,0,OPTIMAL,147.5259,4,4,4,0,0,1.0,147.5259,0.0,0.0,120,0.75,2.0,1.0
025_C204,25,C,4,1,OPTIMAL,121.6384,4,4,3,1,0,1.0,121.6384,0.0,0.0,120,0.75,2.0,1.0
025_C204,25,C,4,2,OPTIMAL,113.9242,4,3,3,0,1,0.75,113.7451,0.0,0.1791,120,0.75,2.0,1.0
025_C204,25,C,4,3,OPTIMAL,154.8215,4,4,3,1,0,1.0,154.8215,0.0,0.0,120,0.75,2.0,1.0
025_C204,25,C,4,4,OPTIMAL,160.0715,4,4,4,0,0,1.0,160.0715,0.0,0.0,120,0.75,2.0,1.0
025_C204,25,C,4,5,OPTIMAL,114.1114,4,3,1,2,1,0.75,92.3775,0.0,21.7339,120,0.75,2.0,1.0
025_C204,25,C,4,6,OPTIMAL,148.1859,4,3,3,0,1,0.75,147.9825,0.0,0.2034,120,0.75,2.0,1.0
025_C204,25,C,4,7,OPTIMAL,138.0887,4,3,3,0,1,0.75,123.8913,0.0,14.1974,120,0.75,2.0,1.0
025_C204,25,C,4,8,OPTIMAL,180.5088,4,3,2,1,1,0.75,131.0597,0.0,49.449,120,0.75,2.0,1.0
025_C204,25,C,4,9,OPTIMAL,156.7072,4,4,4,0,0,1.0,156.7072,0.0,0.0,120,0.75,2.0,1.0
025_C204,25,C,6,0,OPTIMAL,262.6072,6,6,5,1,0,1.0,262.6072,0.0,0.0,120,0.75,2.0,1.0
025_C204,25,C,6,1,OPTIMAL,241.2574,6,5,5,0,1,0.8333,234.0607,0.0,7.1967,120,0.75,2.0,1.0
025_C204,25,C,6,2,OPTIMAL,238.9875,6,6,5,1,0,1.0,238.9875,0.0,0.0,120,0.75,2.0,1.0
025_C204,25,C,6,3,OPTIMAL,173.23,6,4,4,0,2,0.6667,133.2447,0.0,39.9852,120,0.75,2.0,1.0
025_C204,25,C,6,4,OPTIMAL,222.3358,6,5,4,1,1,0.8333,218.5398,0.0,3.796,120,0.75,2.0,1.0
025_C204,25,C,6,5,OPTIMAL,173.1592,6,5,3,2,1,0.8333,161.1989,0.0,11.9603,120,0.75,2.0,1.0
025_C204,25,C,6,6,OPTIMAL,205.2117,6,6,6,0,0,1.0,205.2117,0.0,0.0,120,0.75,2.0,1.0
025_C204,25,C,6,7,OPTIMAL,222.1539,6,6,5,1,0,1.0,222.1539,0.0,0.0,120,0.75,2.0,1.0
025_C204,25,C,6,8,OPTIMAL,225.8699,6,6,6,0,0,1.0,225.8699,0.0,0.0,120,0.75,2.0,1.0
025_C204,25,C,6,9,OPTIMAL,224.3182,6,6,5,1,0,1.0,224.3182,0.0,0.0,120,0.75,2.0,1.0
025_C205,25,C,2,0,OPTIMAL,101.1947,2,1,1,0,1,0.5,43.487,0.0,57.7077,120,0.75,2.0,1.0
025_C205,25,C,2,1,OPTIMAL,59.3923,2,2,2,0,0,1.0,59.3923,0.0,0.0,120,0.75,2.0,1.0
025_C205,25,C,2,2,OPTIMAL,120.7484,2,2,2,0,0,1.0,120.7484,0.0,0.0,120,0.75,2.0,1.0
025_C205,25,C,2,3,OPTIMAL,47.7957,2,1,1,0,1,0.5,38.6772,0.0,9.1185,120,0.75,2.0,1.0
025_C205,25,C,2,4,OPTIMAL,42.6192,2,0,0,0,2,0.0,0.0,0.0,42.6192,120,0.75,2.0,1.0
025_C205,25,C,2,5,OPTIMAL,95.5146,2,1,1,0,1,0.5,54.9307,0.0,40.5839,120,0.75,2.0,1.0
025_C205,25,C,2,6,OPTIMAL,62.9301,2,1,1,0,1,0.5,55.1446,0.0,7.7855,120,0.75,2.0,1.0
025_C205,25,C,2,7,OPTIMAL,67.7658,2,0,0,0,2,0.0,0.0,0.0,67.7658,120,0.75,2.0,1.0
025_C205,25,C,2,8,OPTIMAL,42.3047,2,2,2,0,0,1.0,42.3047,0.0,0.0,120,0.75,2.0,1.0
025_C205,25,C,2,9,OPTIMAL,19.0323,2,0,0,0,2,0.0,0.0,0.0,19.0323,120,0.75,2.0,1.0
025_C205,25,C,4,0,OPTIMAL,147.5259,4,4,4,0,0,1.0,147.5259,0.0,0.0,120,0.75,2.0,1.0
025_C205,25,C,4,1,OPTIMAL,88.555,4,3,3,0,1,0.75,88.0332,0.0,0.5218,120,0.75,2.0,1.0
025_C205,25,C,4,2,OPTIMAL,93.1406,4,1,1,0,3,0.25,41.8792,0.0,51.2614,120,0.75,2.0,1.0
025_C205,25,C,4,3,OPTIMAL,76.2313,4,1,1,0,3,0.25,27.1097,0.0,49.1216,120,0.75,2.0,1.0
025_C205,25,C,4,4,OPTIMAL,104.4494,4,3,3,0,1,0.75,100.7208,0.0,3.7286,120,0.75,2.0,1.0
025_C205,25,C,4,5,OPTIMAL,96.7163,4,2,2,0,2,0.5,76.6049,0.0,20.1114,120,0.75,2.0,1.0
025_C205,25,C,4,6,OPTIMAL,30.9271,4,0,0,0,4,0.0,0.0,0.0,30.9271,120,0.75,2.0,1.0
025_C205,25,C,4,7,OPTIMAL,146.1613,4,3,2,1,1,0.75,123.8913,0.0,22.27,120,0.75,2.0,1.0
025_C205,25,C,4,8,OPTIMAL,162.853,4,2,2,0,2,0.5,109.2692,0.0,53.5838,120,0.75,2.0,1.0
025_C205,25,C,4,9,OPTIMAL,46.8915,4,1,1,0,3,0.25,35.3878,0.0,11.5037,120,0.75,2.0,1.0
025_C205,25,C,6,0,OPTIMAL,233.0351,6,4,2,2,2,0.6667,210.9613,0.0,22.0738,120,0.75,2.0,1.0
025_C205,25,C,6,1,OPTIMAL,236.5275,6,5,4,1,1,0.8333,234.0607,0.0,2.4668,120,0.75,2.0,1.0
025_C205,25,C,6,2,OPTIMAL,238.9875,6,6,6,0,0,1.0,238.9875,0.0,0.0,120,0.75,2.0,1.0
025_C205,25,C,6,3,OPTIMAL,140.8859,6,3,3,0,3,0.5,95.6479,0.0,45.238,120,0.75,2.0,1.0
025_C205,25,C,6,4,OPTIMAL,150.0055,6,2,2,0,4,0.3333,109.9663,0.0,40.0391,120,0.75,2.0,1.0
025_C205,25,C,6,5,OPTIMAL,124.3039,6,3,3,0,3,0.5,113.1638,0.0,11.1401,120,0.75,2.0,1.0
025_C205,25,C,6,6,OPTIMAL,188.774,6,4,4,0,2,0.6667,173.2694,0.0,15.5045,120,0.75,2.0,1.0
025_C205,25,C,6,7,OPTIMAL,160.192,6,4,3,1,2,0.6667,144.7386,0.0,15.4534,120,0.75,2.0,1.0
025_C205,25,C,6,8,OPTIMAL,223.1946,6,5,4,1,1,0.8333,169.6928,0.0,53.5018,120,0.75,2.0,1.0
025_C205,25,C,6,9,OPTIMAL,180.7583,6,4,3,1,2,0.6667,163.8972,0.0,16.8611,120,0.75,2.0,1.0
025_C206,25,C,2,0,OPTIMAL,101.1947,2,1,0,1,1,0.5,43.487,0.0,57.7077,120,0.75,2.0,1.0
025_C206,25,C,2,1,OPTIMAL,59.3923,2,2,2,0,0,1.0,59.3923,0.0,0.0,120,0.75,2.0,1.0
025_C206,25,C,2,2,OPTIMAL,120.7484,2,2,2,0,0,1.0,120.7484,0.0,0.0,120,0.75,2.0,1.0
025_C206,25,C,2,3,OPTIMAL,40.8504,2,1,1,0,1,0.5,38.6772,0.0,2.1732,120,0.75,2.0,1.0
025_C206,25,C,2,4,OPTIMAL,72.4915,2,2,2,0,0,1.0,72.4915,0.0,0.0,120,0.75,2.0,1.0
025_C206,25,C,2,5,OPTIMAL,113.8505,2,2,1,1,0,1.0,113.8505,0.0,0.0,120,0.75,2.0,1.0
025_C206,25,C,2,6,OPTIMAL,58.9282,2,0,0,0,2,0.0,0.0,0.0,58.9282,120,0.75,2.0,1.0
025_C206,25,C,2,7,OPTIMAL,114.9238,2,2,2,0,0,1.0,114.9238,0.0,0.0,120,0.75,2.0,1.0
025_C206,25,C,2,8,OPTIMAL,42.3047,2,2,2,0,0,1.0,42.3047,0.0,0.0,120,0.75,2.0,1.0
025_C206,25,C,2,9,OPTIMAL,33.3719,2,1,1,0,1,0.5,14.8479,0.0,18.524,120,0.75,2.0,1.0
025_C206,25,C,4,0,OPTIMAL,147.5259,4,4,3,1,0,1.0,147.5259,0.0,0.0,120,0.75,2.0,1.0
025_C206,25,C,4,1,OPTIMAL,68.3725,4,2,2,0,2,0.5,55.0937,0.0,13.2787,120,0.75,2.0,1.0
025_C206,25,C,4,2,OPTIMAL,130.6205,4,3,3,0,1,0.75,119.8798,0.0,10.7407,120,0.75,2.0,1.0
025_C206,25,C,4,3,OPTIMAL,113.016,4,2,1,1,2,0.5,100.2707,0.0,12.7453,120,0.75,2.0,1.0
025_C206,25,C,4,4,OPTIMAL,107.03,4,3,3,0,1,0.75,100.7208,0.0,6.3091,120,0.75,2.0,1.0
025_C206,25,C,4,5,OPTIMAL,124.215,4,4,4,0,0,1.0,124.215,0.0,0.0,120,0.75,2.0,1.0
025_C206,25,C,4,6,OPTIMAL,74.9265,4,1,1,0,3,0.25,17.6707,0.0,57.2558,120,0.75,2.0,1.0
025_C206,25,C,4,7,OPTIMAL,152.8822,4,3,2,1,1,0.75,151.68,0.0,1.2021,120,0.75,2.0,1.0
025_C206,25,C,4,8,OPTIMAL,169.1366,4,3,2,1,1,0.75,154.6967,0.0,14.4399,120,0.75,2.0,1.0
025_C206,25,C,4,9,OPTIMAL,51.1787,4,1,1,0,3,0.25,35.3878,0.0,15.7909,120,0.75,2.0,1.0
025_C206,25,C,6,0,OPTIMAL,233.0351,6,4,3,1,2,0.6667,210.9613,0.0,22.0738,120,0.75,2.0,1.0
025_C206,25,C,6,1,OPTIMAL,224.6758,6,5,3,2,1,0.8333,207.0214,0.0,17.6544,120,0.75,2.0,1.0
025_C206,25,C,6,2,OPTIMAL,234.9919,6,5,5,0,1,0.8333,222.248,0.0,12.7439,120,0.75,2.0,1.0
025_C206,25,C,6,3,OPTIMAL,171.337,6,5,5,0,1,0.8333,171.0477,0.0,0.2892,120,0.75,2.0,1.0
025_C206,25,C,6,4,OPTIMAL,199.4217,6,3,3,0,3,0.5,160.4245,0.0,38.9972,120,0.75,2.0,1.0
025_C206,25,C,6,5,OPTIMAL,125.3156,6,3,3,0,3,0.5,113.1638,0.0,12.1518,120,0.75,2.0,1.0
025_C206,25,C,6,6,OPTIMAL,192.9333,6,5,5,0,1,0.8333,185.0462,0.0,7.8871,120,0.75,2.0,1.0
025_C206,25,C,6,7,OPTIMAL,176.2407,6,5,4,1,1,0.8333,174.5965,0.0,1.6441,120,0.75,2.0,1.0
025_C206,25,C,6,8,OPTIMAL,195.6086,6,4,2,2,2,0.6667,165.6455,0.0,29.9631,120,0.75,2.0,1.0
025_C206,25,C,6,9,OPTIMAL,173.9054,6,4,3,1,2,0.6667,126.6322,0.0,47.2732,120,0.75,2.0,1.0
025_C207,25,C,2,0,OPTIMAL,103.7524,2,2,2,0,0,1.0,103.7524,0.0,0.0,120,0.75,2.0,1.0
025_C207,25,C,2,1,OPTIMAL,44.4539,2,1,1,0,1,0.5,37.2716,0.0,7.1823,120,0.75,2.0,1.0
025_C207,25,C,2,2,OPTIMAL,120.7484,2,2,1,1,0,1.0,120.7484,0.0,0.0,120,0.75,2.0,1.0
025_C207,25,C,2,3,OPTIMAL,95.1474,2,2,2,0,0,1.0,95.1474,0.0,0.0,120,0.75,2.0,1.0
025_C207,25,C,2,4,OPTIMAL,53.2431,2,1,1,0,1,0.5,41.4025,0.0,11.8406,120,0.75,2.0,1.0
025_C207,25,C,2,5,OPTIMAL,113.8505,2,2,2,0,0,1.0,113.8505,0.0,0.0,120,0.75,2.0,1.0
025_C207,25,C,2,6,OPTIMAL,60.6703,2,1,1,0,1,0.5,55.1446,0.0,5.5257,120,0.75,2.0,1.0
025_C207,25,C,2,7,OPTIMAL,114.9238,2,2,2,0,0,1.0,114.9238,0.0,0.0,120,0.75,2.0,1.0
025_C207,25,C,2,8,OPTIMAL,42.3047,2,2,2,0,0,1.0,42.3047,0.0,0.0,120,0.75,2.0,1.0
025_C207,25,C,2,9,OPTIMAL,34.2691,2,2,2,0,0,1.0,34.2691,0.0,0.0,120,0.75,2.0,1.0
025_C207,25,C,4,0,OPTIMAL,101.3586,4,3,2,1,1,0.75,88.5714,0.0,12.7872,120,0.75,2.0,1.0
025_C207,25,C,4,1,OPTIMAL,65.3548,4,2,1,1,2,0.5,55.0937,0.0,10.2611,120,0.75,2.0,1.0
025_C207,25,C,4,2,OPTIMAL,140.1844,4,3,3,0,1,0.75,119.8798,0.0,20.3046,120,0.75,2.0,1.0
025_C207,25,C,4,3,OPTIMAL,100.2361,4,2,2,0,2,0.5,90.1057,0.0,10.1303,120,0.75,2.0,1.0
025_C207,25,C,4,4,OPTIMAL,89.2437,4,2,2,0,2,0.5,71.1464,0.0,18.0972,120,0.75,2.0,1.0
025_C207,25,C,4,5,OPTIMAL,124.215,4,4,4,0,0,1.0,124.215,0.0,0.0,120,0.75,2.0,1.0
025_C207,25,C,4,6,OPTIMAL,83.8786,4,1,1,0,3,0.25,17.6707,0.0,66.208,120,0.75,2.0,1.0
025_C207,25,C,4,7,OPTIMAL,153.0252,4,3,3,0,1,0.75,151.68,0.0,1.3452,120,0.75,2.0,1.0
025_C207,25,C,4,8,OPTIMAL,136.7712,4,2,2,0,2,0.5,98.8327,0.0,37.9385,120,0.75,2.0,1.0
025_C207,25,C,4,9,OPTIMAL,52.1234,4,1,1,0,3,0.25,35.3878,0.0,16.7356,120,0.75,2.0,1.0
025_C207,25,C,6,0,OPTIMAL,221.9139,6,3,3,0,3,0.5,145.0128,0.0,76.9011,120,0.75,2.0,1.0
025_C207,25,C,6,1,OPTIMAL,178.1355,6,4,4,0,2,0.6667,163.6533,0.0,14.4821,120,0.75,2.0,1.0
025_C207,25,C,6,2,OPTIMAL,168.9889,6,4,4,0,2,0.6667,159.2586,0.0,9.7303,120,0.75,2.0,1.0
025_C207,25,C,6,3,OPTIMAL,186.091,6,4,4,0,2,0.6667,145.0719,0.0,41.0192,120,0.75,2.0,1.0
025_C207,25,C,6,4,OPTIMAL,143.3368,6,4,3,1,2,0.6667,135.8573,0.0,7.4795,120,0.75,2.0,1.0
025_C207,25,C,6,5,OPTIMAL,215.3386,6,5,4,1,1,0.8333,185.3174,0.0,30.0211,120,0.75,2.0,1.0
025_C207,25,C,6,6,OPTIMAL,156.6902,6,3,3,0,3,0.5,123.589,0.0,33.1012,120,0.75,2.0,1.0
025_C207,25,C,6,7,OPTIMAL,154.5284,6,4,4,0,2,0.6667,136.9408,0.0,17.5876,120,0.75,2.0,1.0
025_C207,25,C,6,8,OPTIMAL,195.772,6,4,3,1,2,0.6667,157.64,0.0,38.132,120,0.75,2.0,1.0
025_C207,25,C,6,9,OPTIMAL,169.9208,6,4,4,0,2,0.6667,167.7348,0.0,2.186,120,0.75,2.0,1.0
025_C208,25,C,2,0,OPTIMAL,103.7524,2,2,2,0,0,1.0,103.7524,0.0,0.0,120,0.75,2.0,1.0
025_C208,25,C,2,1,OPTIMAL,40.1723,2,1,1,0,1,0.5,37.2716,0.0,2.9007,120,0.75,2.0,1.0
025_C208,25,C,2,2,OPTIMAL,81.0971,2,1,1,0,1,0.5,60.8431,0.0,20.254,120,0.75,2.0,1.0
025_C208,25,C,2,3,OPTIMAL,95.1474,2,2,2,0,0,1.0,95.1474,0.0,0.0,120,0.75,2.0,1.0
025_C208,25,C,2,4,OPTIMAL,42.204,2,0,0,0,2,0.0,0.0,0.0,42.204,120,0.75,2.0,1.0
025_C208,25,C,2,5,OPTIMAL,113.8505,2,2,2,0,0,1.0,113.8505,0.0,0.0,120,0.75,2.0,1.0
025_C208,25,C,2,6,OPTIMAL,60.0301,2,0,0,0,2,0.0,0.0,0.0,60.0301,120,0.75,2.0,1.0
025_C208,25,C,2,7,OPTIMAL,114.9238,2,2,2,0,0,1.0,114.9238,0.0,0.0,120,0.75,2.0,1.0
025_C208,25,C,2,8,OPTIMAL,42.3047,2,2,2,0,0,1.0,42.3047,0.0,0.0,120,0.75,2.0,1.0
025_C208,25,C,2,9,OPTIMAL,34.2691,2,2,1,1,0,1.0,34.2691,0.0,0.0,120,0.75,2.0,1.0
025_C208,25,C,4,0,OPTIMAL,98.7268,4,3,1,2,1,0.75,88.5714,0.0,10.1554,120,0.75,2.0,1.0
025_C208,25,C,4,1,OPTIMAL,89.7575,4,3,3,0,1,0.75,88.0332,0.0,1.7243,120,0.75,2.0,1.0
025_C208,25,C,4,2,OPTIMAL,126.988,4,3,3,0,1,0.75,113.7451,0.0,13.2429,120,0.75,2.0,1.0
025_C208,25,C,4,3,OPTIMAL,128.0972,4,3,3,0,1,0.75,127.3803,0.0,0.7168,120,0.75,2.0,1.0
025_C208,25,C,4,4,OPTIMAL,142.182,4,3,2,1,1,0.75,106.256,0.0,35.9261,120,0.75,2.0,1.0
025_C208,25,C,4,5,OPTIMAL,108.8479,4,3,2,1,1,0.75,92.3775,0.0,16.4704,120,0.75,2.0,1.0
025_C208,25,C,4,6,OPTIMAL,99.7741,4,1,1,0,3,0.25,47.0722,0.0,52.7019,120,0.75,2.0,1.0
025_C208,25,C,4,7,OPTIMAL,152.0472,4,2,2,0,2,0.5,102.2907,0.0,49.7565,120,0.75,2.0,1.0
025_C208,25,C,4,8,OPTIMAL,186.9237,4,4,4,0,0,1.0,186.9237,0.0,0.0,120,0.75,2.0,1.0
025_C208,25,C,4,9,OPTIMAL,156.7072,4,4,3,1,0,1.0,156.7072,0.0,0.0,120,0.75,2.0,1.0
025_C208,25,C,6,0,OPTIMAL,251.6606,6,5,4,1,1,0.8333,227.986,0.0,23.6746,120,0.75,2.0,1.0
025_C208,25,C,6,1,OPTIMAL,185.0355,6,4,2,2,2,0.6667,180.6316,0.0,4.4039,120,0.75,2.0,1.0
025_C208,25,C,6,2,OPTIMAL,177.2381,6,4,4,0,2,0.6667,151.607,0.0,25.631,120,0.75,2.0,1.0
025_C208,25,C,6,3,OPTIMAL,156.282,6,4,4,0,2,0.6667,152.7864,0.0,3.4957,120,0.75,2.0,1.0
025_C208,25,C,6,4,OPTIMAL,130.1318,6,2,2,0,4,0.3333,101.5257,0.0,28.606,120,0.75,2.0,1.0
025_C208,25,C,6,5,OPTIMAL,107.7914,6,3,1,2,3,0.5,73.8651,0.0,33.9263,120,0.75,2.0,1.0
025_C208,25,C,6,6,OPTIMAL,178.3156,6,5,4,1,1,0.8333,171.3442,0.0,6.9714,120,0.75,2.0,1.0
025_C208,25,C,6,7,OPTIMAL,129.5153,6,4,4,0,2,0.6667,119.2414,0.0,10.274,120,0.75,2.0,1.0
025_C208,25,C,6,8,OPTIMAL,218.5505,6,5,5,0,1,0.8333,194.0216,0.0,24.5289,120,0.75,2.0,1.0
025_C208,25,C,6,9,OPTIMAL,191.3984,6,5,3,2,1,0.8333,188.3066,0.0,3.0918,120,0.75,2.0,1.0
025_R101,25,R,2,0,OPTIMAL,3.9376,2,0,0,0,2,0.0,0.0,0.0,3.9376,120,0.75,2.0,1.0
025_R101,25,R,2,1,OPTIMAL,8.9964,2,0,0,0,2,0.0,0.0,0.0,8.9964,120,0.75,2.0,1.0
025_R101,25,R,2,2,OPTIMAL,77.6967,2,1,0,1,1,0.5,51.1749,0.0,26.5218,120,0.75,2.0,1.0
025_R101,25,R,2,3,OPTIMAL,14.8026,2,0,0,0,2,0.0,0.0,0.0,14.8026,120,0.75,2.0,1.0
025_R101,25,R,2,4,OPTIMAL,0.2164,2,0,0,0,2,0.0,0.0,0.0,0.2164,120,0.75,2.0,1.0
025_R101,25,R,2,5,OPTIMAL,13.5247,2,0,0,0,2,0.0,0.0,0.0,13.5247,120,0.75,2.0,1.0
025_R101,25,R,2,6,OPTIMAL,67.591,2,1,0,1,1,0.5,48.0193,0.0,19.5716,120,0.75,2.0,1.0
025_R101,25,R,2,7,OPTIMAL,24.2981,2,0,0,0,2,0.0,0.0,0.0,24.2981,120,0.75,2.0,1.0
025_R101,25,R,2,8,OPTIMAL,14.1372,2,0,0,0,2,0.0,0.0,0.0,14.1372,120,0.75,2.0,1.0
025_R101,25,R,2,9,OPTIMAL,4.3411,2,0,0,0,2,0.0,0.0,0.0,4.3411,120,0.75,2.0,1.0
025_R101,25,R,4,0,OPTIMAL,10.0417,4,0,0,0,4,0.0,0.0,0.0,10.0417,120,0.75,2.0,1.0
025_R101,25,R,4,1,OPTIMAL,7.9167,4,0,0,0,4,0.0,0.0,0.0,7.9167,120,0.75,2.0,1.0
025_R101,25,R,4,2,OPTIMAL,13.9448,4,0,0,0,4,0.0,0.0,0.0,13.9448,120,0.75,2.0,1.0
025_R101,25,R,4,3,OPTIMAL,48.7829,4,0,0,0,4,0.0,0.0,0.0,48.7829,120,0.75,2.0,1.0
025_R101,25,R,4,4,OPTIMAL,33.8336,4,0,0,0,4,0.0,0.0,1.3743,32.4593,120,0.75,2.0,1.0
025_R101,25,R,4,5,OPTIMAL,34.6063,4,0,0,0,4,0.0,0.0,0.0,34.6063,120,0.75,2.0,1.0
025_R101,25,R,4,6,OPTIMAL,15.0307,4,0,0,0,4,0.0,0.0,0.0,15.0307,120,0.75,2.0,1.0
025_R101,25,R,4,7,OPTIMAL,10.7947,4,0,0,0,4,0.0,0.0,0.0,10.7947,120,0.75,2.0,1.0
025_R101,25,R,4,8,OPTIMAL,5.3877,4,0,0,0,4,0.0,0.0,0.0,5.3877,120,0.75,2.0,1.0
025_R101,25,R,4,9,OPTIMAL,55.9944,4,0,0,0,4,0.0,0.0,2.1467,53.8477,120,0.75,2.0,1.0
025_R101,25,R,6,0,OPTIMAL,32.5757,6,0,0,0,6,0.0,0.0,0.0,32.5757,120,0.75,2.0,1.0
025_R101,25,R,6,1,OPTIMAL,57.376,6,0,0,0,6,0.0,0.0,0.0,57.376,120,0.75,2.0,1.0
025_R101,25,R,6,2,OPTIMAL,107.0918,6,1,0,1,5,0.1667,48.8189,3.2538,55.0191,120,0.75,2.0,1.0
025_R101,25,R,6,3,OPTIMAL,59.8559,6,0,0,0,6,0.0,0.0,0.0,59.8559,120,0.75,2.0,1.0
025_R101,25,R,6,4,OPTIMAL,9.299,6,0,0,0,6,0.0,0.0,0.0,9.299,120,0.75,2.0,1.0
025_R101,25,R,6,5,OPTIMAL,17.0344,6,0,0,0,6,0.0,0.0,0.0,17.0344,120,0.75,2.0,1.0
025_R101,25,R,6,6,OPTIMAL,32.316,6,0,0,0,6,0.0,0.0,0.0,32.316,120,0.75,2.0,1.0
025_R101,25,R,6,7,OPTIMAL,108.8346,6,2,0,2,4,0.3333,94.7303,0.0,14.1043,120,0.75,2.0,1.0
025_R101,25,R,6,8,OPTIMAL,74.993,6,1,0,1,5,0.1667,43.9348,0.0,31.0581,120,0.75,2.0,1.0
025_R101,25,R,6,9,OPTIMAL,38.4057,6,0,0,0,6,0.0,0.0,0.0,38.4057,120,0.75,2.0,1.0
025_R102,25,R,2,0,OPTIMAL,4.9634,2,0,0,0,2,0.0,0.0,0.0,4.9634,120,0.75,2.0,1.0
025_R102,25,R,2,1,OPTIMAL,8.862,2,0,0,0,2,0.0,0.0,0.0,8.862,120,0.75,2.0,1.0
025_R102,25,R,2,2,OPTIMAL,60.8854,2,0,0,0,2,0.0,0.0,0.0,60.8854,120,0.75,2.0,1.0
025_R102,25,R,2,3,OPTIMAL,14.8026,2,0,0,0,2,0.0,0.0,0.0,14.8026,120,0.75,2.0,1.0
025_R102,25,R,2,4,OPTIMAL,0.2807,2,0,0,0,2,0.0,0.0,0.0,0.2807,120,0.75,2.0,1.0
025_R102,25,R,2,5,OPTIMAL,13.5247,2,0,0,0,2,0.0,0.0,0.0,13.5247,120,0.75,2.0,1.0
025_R102,25,R,2,6,OPTIMAL,50.0078,2,0,0,0,2,0.0,0.0,0.0,50.0078,120,0.75,2.0,1.0
025_R102,25,R,2,7,OPTIMAL,25.286,2,0,0,0,2,0.0,0.0,0.0,25.286,120,0.75,2.0,1.0
025_R102,25,R,2,8,OPTIMAL,14.1372,2,0,0,0,2,0.0,0.0,0.0,14.1372,120,0.75,2.0,1.0
025_R102,25,R,2,9,OPTIMAL,4.3411,2,0,0,0,2,0.0,0.0,0.0,4.3411,120,0.75,2.0,1.0
025_R102,25,R,4,0,OPTIMAL,15.4365,4,0,0,0,4,0.0,0.0,0.0,15.4365,120,0.75,2.0,1.0
025_R102,25,R,4,1,OPTIMAL,7.5601,4,0,0,0,4,0.0,0.0,0.0,7.5601,120,0.75,2.0,1.0
025_R102,25,R,4,2,OPTIMAL,13.9448,4,0,0,0,4,0.0,0.0,0.0,13.9448,120,0.75,2.0,1.0
025_R102,25,R,4,3,OPTIMAL,48.7829,4,0,0,0,4,0.0,0.0,0.0,48.7829,120,0.75,2.0,1.0
025_R102,25,R,4,4,OPTIMAL,28.538,4,0,0,0,4,0.0,0.0,0.0,28.538,120,0.75,2.0,1.0
025_R102,25,R,4,5,OPTIMAL,29.071,4,0,0,0,4,0.0,0.0,0.0,29.071,120,0.75,2.0,1.0
025_R102,25,R,4,6,OPTIMAL,18.5411,4,0,0,0,4,0.0,0.0,0.0,18.5411,120,0.75,2.0,1.0
025_R102,25,R,4,7,OPTIMAL,18.8353,4,0,0,0,4,0.0,0.0,0.0,18.8353,120,0.75,2.0,1.0
025_R102,25,R,4,8,OPTIMAL,5.3877,4,0,0,0,4,0.0,0.0,0.0,5.3877,120,0.75,2.0,1.0
025_R102,25,R,4,9,OPTIMAL,40.8898,4,0,0,0,4,0.0,0.0,0.0,40.8898,120,0.75,2.0,1.0
025_R102,25,R,6,0,OPTIMAL,31.4859,6,0,0,0,6,0.0,0.0,0.0,31.4859,120,0.75,2.0,1.0
025_R102,25,R,6,1,OPTIMAL,49.1478,6,0,0,0,6,0.0,0.0,0.0,49.1478,120,0.75,2.0,1.0
025_R102,25,R,6,2,OPTIMAL,90.6118,6,0,0,0,6,0.0,0.0,0.0,90.6118,120,0.75,2.0,1.0
025_R102,25,R,6,3,OPTIMAL,38.8765,6,0,0,0,6,0.0,0.0,0.0,38.8765,120,0.75,2.0,1.0
025_R102,25,R,6,4,OPTIMAL,8.9114,6,0,0,0,6,0.0,0.0,0.0,8.9114,120,0.75,2.0,1.0
025_R102,25,R,6,5,OPTIMAL,21.9292,6,0,0,0,6,0.0,0.0,0.0,21.9292,120,0.75,2.0,1.0
025_R102,25,R,6,6,OPTIMAL,33.7107,6,0,0,0,6,0.0,0.0,0.0,33.7107,120,0.75,2.0,1.0
025_R102,25,R,6,7,OPTIMAL,71.2176,6,0,0,0,6,0.0,0.0,0.0,71.2176,120,0.75,2.0,1.0
025_R102,25,R,6,8,OPTIMAL,42.0574,6,0,0,0,6,0.0,0.0,0.0,42.0574,120,0.75,2.0,1.0
025_R102,25,R,6,9,OPTIMAL,38.4057,6,0,0,0,6,0.0,0.0,0.0,38.4057,120,0.75,2.0,1.0
025_R103,25,R,2,0,OPTIMAL,3.9376,2,0,0,0,2,0.0,0.0,0.0,3.9376,120,0.75,2.0,1.0
025_R103,25,R,2,1,OPTIMAL,9.5481,2,0,0,0,2,0.0,0.0,0.0,9.5481,120,0.75,2.0,1.0
025_R103,25,R,2,2,OPTIMAL,67.4717,2,0,0,0,2,0.0,0.0,0.0,67.4717,120,0.75,2.0,1.0
025_R103,25,R,2,3,OPTIMAL,14.8026,2,0,0,0,2,0.0,0.0,0.0,14.8026,120,0.75,2.0,1.0
025_R103,25,R,2,4,OPTIMAL,0.931,2,0,0,0,2,0.0,0.0,0.0,0.931,120,0.75,2.0,1.0
025_R103,25,R,2,5,OPTIMAL,13.5247,2,0,0,0,2,0.0,0.0,0.0,13.5247,120,0.75,2.0,1.0
025_R103,25,R,2,6,OPTIMAL,23.5999,2,0,0,0,2,0.0,0.0,0.0,23.5999,120,0.75,2.0,1.0
025_R103,25,R,2,7,OPTIMAL,25.286,2,0,0,0,2,0.0,0.0,0.0,25.286,120,0.75,2.0,1.0
025_R103,25,R,2,8,OPTIMAL,23.5614,2,0,0,0,2,0.0,0.0,0.0,23.5614,120,0.75,2.0,1.0
025_R103,25,R,2,9,OPTIMAL,4.3411,2,0,0,0,2,0.0,0.0,0.0,4.3411,120,0.75,2.0,1.0
025_R103,25,R,4,0,OPTIMAL,18.6277,4,0,0,0,4,0.0,0.0,0.0,18.6277,120,0.75,2.0,1.0
025_R103,25,R,4,1,OPTIMAL,23.3424,4,0,0,0,4,0.0,0.0,0.0,23.3424,120,0.75,2.0,1.0
025_R103,25,R,4,2,OPTIMAL,13.9448,4,0,0,0,4,0.0,0.0,0.0,13.9448,120,0.75,2.0,1.0
025_R103,25,R,4,3,OPTIMAL,48.7829,4,0,0,0,4,0.0,0.0,0.0,48.7829,120,0.75,2.0,1.0
025_R103,25,R,4,4,OPTIMAL,24.783,4,0,0,0,4,0.0,0.0,0.0,24.783,120,0.75,2.0,1.0
025_R103,25,R,4,5,OPTIMAL,41.1504,4,0,0,0,4,0.0,0.0,0.0,41.1504,120,0.75,2.0,1.0
025_R103,25,R,4,6,OPTIMAL,17.4864,4,0,0,0,4,0.0,0.0,0.0,17.4864,120,0.75,2.0,1.0
025_R103,25,R,4,7,OPTIMAL,18.4329,4,0,0,0,4,0.0,0.0,0.0,18.4329,120,0.75,2.0,1.0
025_R103,25,R,4,8,OPTIMAL,5.3877,4,0,0,0,4,0.0,0.0,0.0,5.3877,120,0.75,2.0,1.0
025_R103,25,R,4,9,OPTIMAL,44.5572,4,0,0,0,4,0.0,0.0,0.0,44.5572,120,0.75,2.0,1.0
025_R103,25,R,6,0,OPTIMAL,36.3273,6,0,0,0,6,0.0,0.0,0.0,36.3273,120,0.75,2.0,1.0
025_R103,25,R,6,1,OPTIMAL,50.3488,6,0,0,0,6,0.0,0.0,0.0,50.3488,120,0.75,2.0,1.0
025_R103,25,R,6,2,OPTIMAL,104.364,6,0,0,0,6,0.0,0.0,0.0,104.364,120,0.75,2.0,1.0
025_R103,25,R,6,3,OPTIMAL,38.7633,6,0,0,0,6,0.0,0.0,0.0,38.7633,120,0.75,2.0,1.0
025_R103,25,R,6,4,OPTIMAL,12.1488,6,0,0,0,6,0.0,0.0,0.0,12.1488,120,0.75,2.0,1.0
025_R103,25,R,6,5,OPTIMAL,32.7815,6,0,0,0,6,0.0,0.0,0.0,32.7815,120,0.75,2.0,1.0
025_R103,25,R,6,6,OPTIMAL,49.9374,6,0,0,0,6,0.0,0.0,0.0,49.9374,120,0.75,2.0,1.0
025_R103,25,R,6,7,OPTIMAL,53.1383,6,0,0,0,6,0.0,0.0,0.0,53.1383,120,0.75,2.0,1.0
025_R103,25,R,6,8,OPTIMAL,60.0877,6,0,0,0,6,0.0,0.0,0.0,60.0877,120,0.75,2.0,1.0
025_R103,25,R,6,9,OPTIMAL,55.305,6,0,0,0,6,0.0,0.0,0.0,55.305,120,0.75,2.0,1.0
025_R104,25,R,2,0,OPTIMAL,25.312,2,0,0,0,2,0.0,0.0,0.0,25.312,120,0.75,2.0,1.0
025_R104,25,R,2,1,OPTIMAL,40.8284,2,1,0,1,1,0.5,40.3184,0.0,0.51,120,0.75,2.0,1.0
025_R104,25,R,2,2,OPTIMAL,52.249,2,1,0,1,1,0.5,51.1749,0.0,1.0741,120,0.75,2.0,1.0
025_R104,25,R,2,3,OPTIMAL,14.8364,2,0,0,0,2,0.0,0.0,0.0,14.8364,120,0.75,2.0,1.0
025_R104,25,R,2,4,OPTIMAL,0.931,2,0,0,0,2,0.0,0.0,0.0,0.931,120,0.75,2.0,1.0
025_R104,25,R,2,5,OPTIMAL,46.3869,2,1,0,1,1,0.5,45.5479,0.0,0.839,120,0.75,2.0,1.0
025_R104,25,R,2,6,OPTIMAL,53.0942,2,1,0,1,1,0.5,49.0659,0.0,4.0283,120,0.75,2.0,1.0
025_R104,25,R,2,7,OPTIMAL,2.8581,2,0,0,0,2,0.0,0.0,0.0,2.8581,120,0.75,2.0,1.0
025_R104,25,R,2,8,OPTIMAL,40.4346,2,0,0,0,2,0.0,0.0,0.0,40.4346,120,0.75,2.0,1.0
025_R104,25,R,2,9,OPTIMAL,10.0355,2,0,0,0,2,0.0,0.0,0.0,10.0355,120,0.75,2.0,1.0
025_R104,25,R,4,0,OPTIMAL,69.6465,4,1,0,1,3,0.25,42.578,0.0,27.0685,120,0.75,2.0,1.0
025_R104,25,R,4,1,OPTIMAL,51.4356,4,0,0,0,4,0.0,0.0,0.0,51.4356,120,0.75,2.0,1.0
025_R104,25,R,4,2,OPTIMAL,11.7416,4,0,0,0,4,0.0,0.0,0.0,11.7416,120,0.75,2.0,1.0
025_R104,25,R,4,3,OPTIMAL,98.4622,4,1,0,1,3,0.25,43.5908,0.0,54.8714,120,0.75,2.0,1.0
025_R104,25,R,4,4,OPTIMAL,41.0108,4,0,0,0,4,0.0,0.0,0.0,41.0108,120,0.75,2.0,1.0
025_R104,25,R,4,5,OPTIMAL,78.1852,4,1,0,1,3,0.25,43.3523,0.0,34.8328,120,0.75,2.0,1.0
025_R104,25,R,4,6,OPTIMAL,44.586,4,0,0,0,4,0.0,0.0,0.0,44.586,120,0.75,2.0,1.0
025_R104,25,R,4,7,OPTIMAL,18.4329,4,0,0,0,4,0.0,0.0,0.0,18.4329,120,0.75,2.0,1.0
025_R104,25,R,4,8,OPTIMAL,12.729,4,0,0,0,4,0.0,0.0,0.0,12.729,120,0.75,2.0,1.0
025_R104,25,R,4,9,OPTIMAL,46.3542,4,0,0,0,4,0.0,0.0,0.0,46.3542,120,0.75,2.0,1.0
025_R104,25,R,6,0,OPTIMAL,88.8405,6,1,0,1,5,0.1667,51.7778,0.0,37.0627,120,0.75,2.0,1.0
025_R104,25,R,6,1,OPTIMAL,148.3352,6,2,0,2,4,0.3333,93.0207,0.0,55.3146,120,0.75,2.0,1.0
025_R104,25,R,6,2,OPTIMAL,101.0641,6,1,0,1,5,0.1667,48.8189,0.0,52.2452,120,0.75,2.0,1.0
025_R104,25,R,6,3,OPTIMAL,103.3247,6,2,0,2,4,0.3333,79.4834,0.0,23.8413,120,0.75,2.0,1.0
025_R104,25,R,6,4,OPTIMAL,64.7494,6,1,0,1,5,0.1667,49.8358,0.0,14.9136,120,0.75,2.0,1.0
025_R104,25,R,6,5,OPTIMAL,49.0188,6,0,0,0,6,0.0,0.0,0.0,49.0188,120,0.75,2.0,1.0
025_R104,25,R,6,6,OPTIMAL,53.6587,6,0,0,0,6,0.0,0.0,0.0,53.6587,120,0.75,2.0,1.0
025_R104,25,R,6,7,OPTIMAL,81.3366,6,1,0,1,5,0.1667,49.4573,0.0,31.8794,120,0.75,2.0,1.0
025_R104,25,R,6,8,OPTIMAL,100.7944,6,1,0,1,5,0.1667,43.9348,0.0,56.8595,120,0.75,2.0,1.0
025_R104,25,R,6,9,OPTIMAL,86.4652,6,1,0,1,5,0.1667,48.807,0.0,37.6582,120,0.75,2.0,1.0
025_R105,25,R,2,0,OPTIMAL,25.2862,2,0,0,0,2,0.0,0.0,0.0,25.2862,120,0.75,2.0,1.0
025_R105,25,R,2,1,OPTIMAL,30.5118,2,0,0,0,2,0.0,0.0,0.0,30.5118,120,0.75,2.0,1.0
025_R105,25,R,2,2,OPTIMAL,57.9869,2,0,0,0,2,0.0,0.0,0.0,57.9869,120,0.75,2.0,1.0
025_R105,25,R,2,3,OPTIMAL,0.6627,2,0,0,0,2,0.0,0.0,0.0,0.6627,120,0.75,2.0,1.0
025_R105,25,R,2,4,OPTIMAL,0.2164,2,0,0,0,2,0.0,0.0,0.0,0.2164,120,0.75,2.0,1.0
025_R105,25,R,2,5,OPTIMAL,40.4901,2,0,0,0,2,0.0,0.0,0.0,40.4901,120,0.75,2.0,1.0
025_R105,25,R,2,6,OPTIMAL,56.9791,2,0,0,0,2,0.0,0.0,0.0,56.9791,120,0.75,2.0,1.0
025_R105,25,R,2,7,OPTIMAL,20.0137,2,0,0,0,2,0.0,0.0,0.0,20.0137,120,0.75,2.0,1.0
025_R105,25,R,2,8,OPTIMAL,19.1992,2,0,0,0,2,0.0,0.0,0.0,19.1992,120,0.75,2.0,1.0
025_R105,25,R,2,9,OPTIMAL,14.8547,2,0,0,0,2,0.0,0.0,0.0,14.8547,120,0.75,2.0,1.0
025_R105,25,R,4,0,OPTIMAL,52.8684,4,0,0,0,4,0.0,0.0,0.0,52.8684,120,0.75,2.0,1.0
025_R105,25,R,4,1,OPTIMAL,35.8405,4,0,0,0,4,0.0,0.0,0.0,35.8405,120,0.75,2.0,1.0
025_R105,25,R,4,2,OPTIMAL,13.9448,4,0,0,0,4,0.0,0.0,0.0,13.9448,120,0.75,2.0,1.0
025_R105,25,R,4,3,OPTIMAL,77.5791,4,0,0,0,4,0.0,0.0,0.0,77.5791,120,0.75,2.0,1.0
025_R105,25,R,4,4,OPTIMAL,32.4593,4,0,0,0,4,0.0,0.0,0.0,32.4593,120,0.75,2.0,1.0
025_R105,25,R,4,5,OPTIMAL,39.7068,4,0,0,0,4,0.0,0.0,0.0,39.7068,120,0.75,2.0,1.0
025_R105,25,R,4,6,OPTIMAL,41.4187,4,0,0,0,4,0.0,0.0,0.0,41.4187,120,0.75,2.0,1.0
025_R105,25,R,4,7,OPTIMAL,23.4771,4,0,0,0,4,0.0,0.0,0.0,23.4771,120,0.75,2.0,1.0
025_R105,25,R,4,8,OPTIMAL,22.1457,4,0,0,0,4,0.0,0.0,0.0,22.1457,120,0.75,2.0,1.0
025_R105,25,R,4,9,OPTIMAL,73.7992,4,0,0,0,4,0.0,0.0,0.0,73.7992,120,0.75,2.0,1.0
025_R105,25,R,6,0,OPTIMAL,52.4081,6,0,0,0,6,0.0,0.0,0.0,52.4081,120,0.75,2.0,1.0
025_R105,25,R,6,1,OPTIMAL,76.1095,6,0,0,0,6,0.0,0.0,0.0,76.1095,120,0.75,2.0,1.0
025_R105,25,R,6,2,OPTIMAL,89.4746,6,0,0,0,6,0.0,0.0,0.0,89.4746,120,0.75,2.0,1.0
025_R105,25,R,6,3,OPTIMAL,34.4021,6,0,0,0,6,0.0,0.0,0.0,34.4021,120,0.75,2.0,1.0
025_R105,25,R,6,4,OPTIMAL,72.5611,6,0,0,0,6,0.0,0.0,0.0,72.5611,120,0.75,2.0,1.0
025_R105,25,R,6,5,OPTIMAL,32.7549,6,0,0,0,6,0.0,0.0,0.0,32.7549,120,0.75,2.0,1.0
025_R105,25,R,6,6,OPTIMAL,32.316,6,0,0,0,6,0.0,0.0,0.0,32.316,120,0.75,2.0,1.0
025_R105,25,R,6,7,OPTIMAL,88.2303,6,0,0,0,6,0.0,0.0,0.0,88.2303,120,0.75,2.0,1.0
025_R105,25,R,6,8,OPTIMAL,62.4534,6,0,0,0,6,0.0,0.0,0.0,62.4534,120,0.75,2.0,1.0
025_R105,25,R,6,9,OPTIMAL,42.6595,6,0,0,0,6,0.0,0.0,0.0,42.6595,120,0.75,2.0,1.0
025_R106,25,R,2,0,OPTIMAL,15.8237,2,0,0,0,2,0.0,0.0,0.0,15.8237,120,0.75,2.0,1.0
025_R106,25,R,2,1,OPTIMAL,8.862,2,0,0,0,2,0.0,0.0,0.0,8.862,120,0.75,2.0,1.0
025_R106,25,R,2,2,OPTIMAL,52.0722,2,0,0,0,2,0.0,0.0,0.0,52.0722,120,0.75,2.0,1.0
025_R106,25,R,2,3,OPTIMAL,0.6627,2,0,0,0,2,0.0,0.0,0.0,0.6627,120,0.75,2.0,1.0
025_R106,25,R,2,4,OPTIMAL,5.3544,2,0,0,0,2,0.0,0.0,0.0,5.3544,120,0.75,2.0,1.0
025_R106,25,R,2,5,OPTIMAL,13.5247,2,0,0,0,2,0.0,0.0,0.0,13.5247,120,0.75,2.0,1.0
025_R106,25,R,2,6,OPTIMAL,60.0078,2,0,0,0,2,0.0,0.0,0.0,60.0078,120,0.75,2.0,1.0
025_R106,25,R,2,7,OPTIMAL,24.9126,2,0,0,0,2,0.0,0.0,0.0,24.9126,120,0.75,2.0,1.0
025_R106,25,R,2,8,OPTIMAL,19.1992,2,0,0,0,2,0.0,0.0,0.0,19.1992,120,0.75,2.0,1.0
025_R106,25,R,2,9,OPTIMAL,4.3411,2,0,0,0,2,0.0,0.0,0.0,4.3411,120,0.75,2.0,1.0
025_R106,25,R,4,0,OPTIMAL,24.172,4,0,0,0,4,0.0,0.0,0.0,24.172,120,0.75,2.0,1.0
025_R106,25,R,4,1,OPTIMAL,32.2715,4,0,0,0,4,0.0,0.0,0.0,32.2715,120,0.75,2.0,1.0
025_R106,25,R,4,2,OPTIMAL,13.9448,4,0,0,0,4,0.0,0.0,0.0,13.9448,120,0.75,2.0,1.0
025_R106,25,R,4,3,OPTIMAL,54.664,4,0,0,0,4,0.0,0.0,0.0,54.664,120,0.75,2.0,1.0
025_R106,25,R,4,4,OPTIMAL,45.3082,4,0,0,0,4,0.0,0.0,0.0,45.3082,120,0.75,2.0,1.0
025_R106,25,R,4,5,OPTIMAL,52.0106,4,0,0,0,4,0.0,0.0,0.0,52.0106,120,0.75,2.0,1.0
025_R106,25,R,4,6,OPTIMAL,18.5411,4,0,0,0,4,0.0,0.0,0.0,18.5411,120,0.75,2.0,1.0
025_R106,25,R,4,7,OPTIMAL,18.8353,4,0,0,0,4,0.0,0.0,0.0,18.8353,120,0.75,2.0,1.0
025_R106,25,R,4,8,OPTIMAL,6.5844,4,0,0,0,4,0.0,0.0,0.0,6.5844,120,0.75,2.0,1.0
025_R106,25,R,4,9,OPTIMAL,87.6642,4,1,0,1,3,0.25,47.7139,0.0,39.9503,120,0.75,2.0,1.0
025_R106,25,R,6,0,OPTIMAL,34.2272,6,0,0,0,6,0.0,0.0,0.0,34.2272,120,0.75,2.0,1.0
025_R106,25,R,6,1,OPTIMAL,49.1478,6,0,0,0,6,0.0,0.0,0.0,49.1478,120,0.75,2.0,1.0
025_R106,25,R,6,2,OPTIMAL,122.4369,6,1,0,1,5,0.1667,48.8189,0.0,73.6179,120,0.75,2.0,1.0
025_R106,25,R,6,3,OPTIMAL,39.2561,6,0,0,0,6,0.0,0.0,0.0,39.2561,120,0.75,2.0,1.0
025_R106,25,R,6,4,OPTIMAL,13.4963,6,0,0,0,6,0.0,0.0,0.0,13.4963,120,0.75,2.0,1.0
025_R106,25,R,6,5,OPTIMAL,72.2346,6,0,0,0,6,0.0,0.0,0.0,72.2346,120,0.75,2.0,1.0
025_R106,25,R,6,6,OPTIMAL,35.1559,6,0,0,0,6,0.0,0.0,0.0,35.1559,120,0.75,2.0,1.0
025_R106,25,R,6,7,OPTIMAL,65.7058,6,0,0,0,6,0.0,0.0,0.0,65.7058,120,0.75,2.0,1.0
025_R106,25,R,6,8,OPTIMAL,51.0262,6,0,0,0,6,0.0,0.0,0.0,51.0262,120,0.75,2.0,1.0
025_R106,25,R,6,9,OPTIMAL,57.68,6,0,0,0,6,0.0,0.0,0.0,57.68,120,0.75,2.0,1.0
025_R107,25,R,2,0,OPTIMAL,3.9376,2,0,0,0,2,0.0,0.0,0.0,3.9376,120,0.75,2.0,1.0
025_R107,25,R,2,1,OPTIMAL,8.7414,2,0,0,0,2,0.0,0.0,0.0,8.7414,120,0.75,2.0,1.0
025_R107,25,R,2,2,OPTIMAL,52.0722,2,0,0,0,2,0.0,0.0,0.0,52.0722,120,0.75,2.0,1.0
025_R107,25,R,2,3,OPTIMAL,0.6627,2,0,0,0,2,0.0,0.0,0.0,0.6627,120,0.75,2.0,1.0
025_R107,25,R,2,4,OPTIMAL,5.3544,2,0,0,0,2,0.0,0.0,0.0,5.3544,120,0.75,2.0,1.0
025_R107,25,R,2,5,OPTIMAL,13.5247,2,0,0,0,2,0.0,0.0,0.0,13.5247,120,0.75,2.0,1.0
025_R107,25,R,2,6,OPTIMAL,27.554,2,0,0,0,2,0.0,0.0,0.0,27.554,120,0.75,2.0,1.0
025_R107,25,R,2,7,OPTIMAL,24.9126,2,0,0,0,2,0.0,0.0,0.0,24.9126,120,0.75,2.0,1.0
025_R107,25,R,2,8,OPTIMAL,23.5614,2,0,0,0,2,0.0,0.0,0.0,23.5614,120,0.75,2.0,1.0
025_R107,25,R,2,9,OPTIMAL,4.3411,2,0,0,0,2,0.0,0.0,0.0,4.3411,120,0.75,2.0,1.0
025_R107,25,R,4,0,OPTIMAL,18.6277,4,0,0,0,4,0.0,0.0,0.0,18.6277,120,0.75,2.0,1.0
025_R107,25,R,4,1,OPTIMAL,23.5119,4,0,0,0,4,0.0,0.0,0.0,23.5119,120,0.75,2.0,1.0
025_R107,25,R,4,2,OPTIMAL,13.9448,4,0,0,0,4,0.0,0.0,0.0,13.9448,120,0.75,2.0,1.0
025_R107,25,R,4,3,OPTIMAL,48.7829,4,0,0,0,4,0.0,0.0,0.0,48.7829,120,0.75,2.0,1.0
025_R107,25,R,4,4,OPTIMAL,40.2462,4,0,0,0,4,0.0,0.0,0.0,40.2462,120,0.75,2.0,1.0
025_R107,25,R,4,5,OPTIMAL,51.7862,4,0,0,0,4,0.0,0.0,0.0,51.7862,120,0.75,2.0,1.0
025_R107,25,R,4,6,OPTIMAL,15.5839,4,0,0,0,4,0.0,0.0,0.0,15.5839,120,0.75,2.0,1.0
025_R107,25,R,4,7,OPTIMAL,19.3354,4,0,0,0,4,0.0,0.0,0.0,19.3354,120,0.75,2.0,1.0
025_R107,25,R,4,8,OPTIMAL,5.3877,4,0,0,0,4,0.0,0.0,0.0,5.3877,120,0.75,2.0,1.0
025_R107,25,R,4,9,OPTIMAL,44.5572,4,0,0,0,4,0.0,0.0,0.0,44.5572,120,0.75,2.0,1.0
025_R107,25,R,6,0,OPTIMAL,34.1658,6,0,0,0,6,0.0,0.0,0.0,34.1658,120,0.75,2.0,1.0
025_R107,25,R,6,1,OPTIMAL,49.1478,6,0,0,0,6,0.0,0.0,0.0,49.1478,120,0.75,2.0,1.0
025_R107,25,R,6,2,OPTIMAL,112.5802,6,0,0,0,6,0.0,0.0,0.0,112.5802,120,0.75,2.0,1.0
025_R107,25,R,6,3,OPTIMAL,24.0721,6,0,0,0,6,0.0,0.0,0.0,24.0721,120,0.75,2.0,1.0
025_R107,25,R,6,4,OPTIMAL,16.2044,6,0,0,0,6,0.0,0.0,0.0,16.2044,120,0.75,2.0,1.0
025_R107,25,R,6,5,OPTIMAL,48.8371,6,0,0,0,6,0.0,0.0,0.0,48.8371,120,0.75,2.0,1.0
025_R107,25,R,6,6,OPTIMAL,52.9445,6,0,0,0,6,0.0,0.0,0.0,52.9445,120,0.75,2.0,1.0
025_R107,25,R,6,7,OPTIMAL,35.6087,6,0,0,0,6,0.0,0.0,0.0,35.6087,120,0.75,2.0,1.0
025_R107,25,R,6,8,OPTIMAL,55.8395,6,0,0,0,6,0.0,0.0,0.0,55.8395,120,0.75,2.0,1.0
025_R107,25,R,6,9,OPTIMAL,55.6405,6,0,0,0,6,0.0,0.0,0.0,55.6405,120,0.75,2.0,1.0
025_R108,25,R,2,0,OPTIMAL,25.2862,2,0,0,0,2,0.0,0.0,0.0,25.2862,120,0.75,2.0,1.0
025_R108,25,R,2,1,OPTIMAL,40.8284,2,1,0,1,1,0.5,40.3184,0.0,0.51,120,0.75,2.0,1.0
025_R108,25,R,2,2,OPTIMAL,72.611,2,0,0,0,2,0.0,0.0,0.0,72.611,120,0.75,2.0,1.0
025_R108,25,R,2,3,OPTIMAL,47.0803,2,1,0,1,1,0.5,46.4159,0.0,0.6644,120,0.75,2.0,1.0
025_R108,25,R,2,4,OPTIMAL,22.0685,2,1,0,1,1,0.5,21.9387,0.0,0.1297,120,0.75,2.0,1.0
025_R108,25,R,2,5,OPTIMAL,41.4192,2,0,0,0,2,0.0,0.0,0.0,41.4192,120,0.75,2.0,1.0
025_R108,25,R,2,6,OPTIMAL,53.0942,2,1,0,1,1,0.5,49.0659,0.0,4.0283,120,0.75,2.0,1.0
025_R108,25,R,2,7,OPTIMAL,25.286,2,0,0,0,2,0.0,0.0,0.0,25.286,120,0.75,2.0,1.0
025_R108,25,R,2,8,OPTIMAL,23.5614,2,0,0,0,2,0.0,0.0,0.0,23.5614,120,0.75,2.0,1.0
025_R108,25,R,2,9,OPTIMAL,14.8547,2,0,0,0,2,0.0,0.0,0.0,14.8547,120,0.75,2.0,1.0
025_R108,25,R,4,0,OPTIMAL,53.4745,4,1,0,1,3,0.25,29.4105,0.0,24.064,120,0.75,2.0,1.0
025_R108,25,R,4,1,OPTIMAL,70.077,4,1,0,1,3,0.25,26.6405,0.0,43.4365,120,0.75,2.0,1.0
025_R108,25,R,4,2,OPTIMAL,35.5404,4,0,0,0,4,0.0,0.0,0.0,35.5404,120,0.75,2.0,1.0
025_R108,25,R,4,3,OPTIMAL,122.986,4,2,0,2,2,0.5,81.1222,0.0,41.8638,120,0.75,2.0,1.0
025_R108,25,R,4,4,OPTIMAL,40.2462,4,0,0,0,4,0.0,0.0,0.0,40.2462,120,0.75,2.0,1.0
025_R108,25,R,4,5,OPTIMAL,81.4179,4,1,0,1,3,0.25,43.3523,0.0,38.0656,120,0.75,2.0,1.0
025_R108,25,R,4,6,OPTIMAL,44.586,4,0,0,0,4,0.0,0.0,0.0,44.586,120,0.75,2.0,1.0
025_R108,25,R,4,7,OPTIMAL,67.0363,4,1,0,1,3,0.25,53.8145,0.0,13.2218,120,0.75,2.0,1.0
025_R108,25,R,4,8,OPTIMAL,65.9538,4,1,0,1,3,0.25,37.7316,0.0,28.2222,120,0.75,2.0,1.0
025_R108,25,R,4,9,OPTIMAL,54.8095,4,0,0,0,4,0.0,0.0,0.0,54.8095,120,0.75,2.0,1.0
025_R108,25,R,6,0,OPTIMAL,115.4688,6,1,0,1,5,0.1667,38.2385,0.0,77.2303,120,0.75,2.0,1.0
025_R108,25,R,6,1,OPTIMAL,152.4864,6,2,1,1,4,0.3333,93.0207,0.0,59.4657,120,0.75,2.0,1.0
025_R108,25,R,6,2,OPTIMAL,150.6151,6,2,0,2,4,0.3333,90.4975,0.0,60.1176,120,0.75,2.0,1.0
025_R108,25,R,6,3,OPTIMAL,107.9611,6,2,0,2,4,0.3333,88.649,0.0,19.312,120,0.75,2.0,1.0
025_R108,25,R,6,4,OPTIMAL,83.1493,6,2,0,2,4,0.3333,73.4897,0.0,9.6596,120,0.75,2.0,1.0
025_R108,25,R,6,5,OPTIMAL,134.9412,6,2,0,2,4,0.3333,82.7465,0.0,52.1946,120,0.75,2.0,1.0
025_R108,25,R,6,6,OPTIMAL,76.1962,6,0,0,0,6,0.0,0.0,0.0,76.1962,120,0.75,2.0,1.0
025_R108,25,R,6,7,OPTIMAL,148.7775,6,3,0,3,3,0.5,138.9216,0.0,9.8559,120,0.75,2.0,1.0
025_R108,25,R,6,8,OPTIMAL,92.3481,6,1,0,1,5,0.1667,20.5347,0.0,71.8134,120,0.75,2.0,1.0
025_R108,25,R,6,9,OPTIMAL,101.5517,6,1,1,0,5,0.1667,48.807,0.0,52.7447,120,0.75,2.0,1.0
025_R109,25,R,2,0,OPTIMAL,3.9376,2,0,0,0,2,0.0,0.0,0.0,3.9376,120,0.75,2.0,1.0
025_R109,25,R,2,1,OPTIMAL,8.7414,2,0,0,0,2,0.0,0.0,0.0,8.7414,120,0.75,2.0,1.0
025_R109,25,R,2,2,OPTIMAL,29.5484,2,0,0,0,2,0.0,0.0,0.0,29.5484,120,0.75,2.0,1.0
025_R109,25,R,2,3,OPTIMAL,0.6627,2,0,0,0,2,0.0,0.0,0.0,0.6627,120,0.75,2.0,1.0
025_R109,25,R,2,4,OPTIMAL,18.5147,2,0,0,0,2,0.0,0.0,0.0,18.5147,120,0.75,2.0,1.0
025_R109,25,R,2,5,OPTIMAL,33.3758,2,0,0,0,2,0.0,0.0,0.0,33.3758,120,0.75,2.0,1.0
025_R109,25,R,2,6,OPTIMAL,67.591,2,1,0,1,1,0.5,48.0193,0.0,19.5716,120,0.75,2.0,1.0
025_R109,25,R,2,7,OPTIMAL,20.0137,2,0,0,0,2,0.0,0.0,0.0,20.0137,120,0.75,2.0,1.0
025_R109,25,R,2,8,OPTIMAL,10.6209,2,0,0,0,2,0.0,0.0,0.0,10.6209,120,0.75,2.0,1.0
025_R109,25,R,2,9,OPTIMAL,4.3411,2,0,0,0,2,0.0,0.0,0.0,4.3411,120,0.75,2.0,1.0
025_R109,25,R,4,0,OPTIMAL,33.8466,4,0,0,0,4,0.0,0.0,0.0,33.8466,120,0.75,2.0,1.0
025_R109,25,R,4,1,OPTIMAL,7.8825,4,0,0,0,4,0.0,0.0,0.0,7.8825,120,0.75,2.0,1.0
025_R109,25,R,4,2,OPTIMAL,16.604,4,0,0,0,4,0.0,0.0,0.0,16.604,120,0.75,2.0,1.0
025_R109,25,R,4,3,OPTIMAL,48.8306,4,0,0,0,4,0.0,0.0,0.0,48.8306,120,0.75,2.0,1.0
025_R109,25,R,4,4,OPTIMAL,26.7938,4,0,0,0,4,0.0,0.0,0.0,26.7938,120,0.75,2.0,1.0
025_R109,25,R,4,5,OPTIMAL,42.3991,4,0,0,0,4,0.0,0.0,0.0,42.3991,120,0.75,2.0,1.0
025_R109,25,R,4,6,OPTIMAL,28.6102,4,0,0,0,4,0.0,0.0,0.0,28.6102,120,0.75,2.0,1.0
025_R109,25,R,4,7,OPTIMAL,51.8079,4,0,0,0,4,0.0,0.0,0.0,51.8079,120,0.75,2.0,1.0
025_R109,25,R,4,8,OPTIMAL,6.1714,4,0,0,0,4,0.0,0.0,0.0,6.1714,120,0.75,2.0,1.0
025_R109,25,R,4,9,OPTIMAL,71.0568,4,1,0,1,3,0.25,44.8536,0.0,26.2032,120,0.75,2.0,1.0
025_R109,25,R,6,0,OPTIMAL,51.6835,6,0,0,0,6,0.0,0.0,0.0,51.6835,120,0.75,2.0,1.0
025_R109,25,R,6,1,OPTIMAL,57.8875,6,0,0,0,6,0.0,0.0,0.0,57.8875,120,0.75,2.0,1.0
025_R109,25,R,6,2,OPTIMAL,41.1601,6,0,0,0,6,0.0,0.0,0.0,41.1601,120,0.75,2.0,1.0
025_R109,25,R,6,3,OPTIMAL,12.977,6,0,0,0,6,0.0,0.0,0.0,12.977,120,0.75,2.0,1.0
025_R109,25,R,6,4,OPTIMAL,13.7272,6,0,0,0,6,0.0,0.0,0.0,13.7272,120,0.75,2.0,1.0
025_R109,25,R,6,5,OPTIMAL,49.452,6,0,0,0,6,0.0,0.0,0.0,49.452,120,0.75,2.0,1.0
025_R109,25,R,6,6,OPTIMAL,59.9787,6,0,0,0,6,0.0,0.0,0.0,59.9787,120,0.75,2.0,1.0
025_R109,25,R,6,7,OPTIMAL,98.8965,6,1,0,1,5,0.1667,45.2731,0.0,53.6234,120,0.75,2.0,1.0
025_R109,25,R,6,8,OPTIMAL,75.4038,6,0,0,0,6,0.0,0.0,0.0,75.4038,120,0.75,2.0,1.0
025_R109,25,R,6,9,OPTIMAL,23.3566,6,0,0,0,6,0.0,0.0,0.0,23.3566,120,0.75,2.0,1.0
025_R110,25,R,2,0,OPTIMAL,35.6896,2,1,0,1,1,0.5,29.8264,0.0,5.8632,120,0.75,2.0,1.0
025_R110,25,R,2,1,OPTIMAL,41.0834,2,1,0,1,1,0.5,40.3184,0.0,0.765,120,0.75,2.0,1.0
025_R110,25,R,2,2,OPTIMAL,52.249,2,1,0,1,1,0.5,51.1749,0.0,1.0741,120,0.75,2.0,1.0
025_R110,25,R,2,3,OPTIMAL,14.3039,2,0,0,0,2,0.0,0.0,0.0,14.3039,120,0.75,2.0,1.0
025_R110,25,R,2,4,OPTIMAL,18.5147,2,0,0,0,2,0.0,0.0,0.0,18.5147,120,0.75,2.0,1.0
025_R110,25,R,2,5,OPTIMAL,65.2265,2,1,0,1,1,0.5,45.5479,0.0,19.6786,120,0.75,2.0,1.0
025_R110,25,R,2,6,OPTIMAL,33.0743,2,0,0,0,2,0.0,0.0,0.0,33.0743,120,0.75,2.0,1.0
025_R110,25,R,2,7,OPTIMAL,1.8703,2,0,0,0,2,0.0,0.0,0.0,1.8703,120,0.75,2.0,1.0
025_R110,25,R,2,8,OPTIMAL,33.4004,2,0,0,0,2,0.0,0.0,0.0,33.4004,120,0.75,2.0,1.0
025_R110,25,R,2,9,OPTIMAL,21.5031,2,0,0,0,2,0.0,0.0,0.0,21.5031,120,0.75,2.0,1.0
025_R110,25,R,4,0,OPTIMAL,57.1543,4,0,0,0,4,0.0,0.0,0.0,57.1543,120,0.75,2.0,1.0
025_R110,25,R,4,1,OPTIMAL,41.5896,4,1,0,1,3,0.25,40.7678,0.0,0.8217,120,0.75,2.0,1.0
025_R110,25,R,4,2,OPTIMAL,10.649,4,0,0,0,4,0.0,0.0,0.0,10.649,120,0.75,2.0,1.0
025_R110,25,R,4,3,OPTIMAL,91.0011,4,1,0,1,3,0.25,45.5481,0.0,45.453,120,0.75,2.0,1.0
025_R110,25,R,4,4,OPTIMAL,52.2454,4,0,0,0,4,0.0,0.0,0.0,52.2454,120,0.75,2.0,1.0
025_R110,25,R,4,5,OPTIMAL,55.5242,4,0,0,0,4,0.0,0.0,0.0,55.5242,120,0.75,2.0,1.0
025_R110,25,R,4,6,OPTIMAL,61.3612,4,1,0,1,3,0.25,42.077,0.0,19.2842,120,0.75,2.0,1.0
025_R110,25,R,4,7,OPTIMAL,64.221,4,0,0,0,4,0.0,0.0,0.0,64.221,120,0.75,2.0,1.0
025_R110,25,R,4,8,OPTIMAL,30.4771,4,0,0,0,4,0.0,0.0,0.0,30.4771,120,0.75,2.0,1.0
025_R110,25,R,4,9,OPTIMAL,64.0957,4,1,0,1,3,0.25,47.7139,0.0,16.3818,120,0.75,2.0,1.0
025_R110,25,R,6,0,OPTIMAL,71.5224,6,0,0,0,6,0.0,0.0,0.0,71.5224,120,0.75,2.0,1.0
025_R110,25,R,6,1,OPTIMAL,118.8701,6,1,0,1,5,0.1667,41.4588,0.0,77.4114,120,0.75,2.0,1.0
025_R110,25,R,6,2,OPTIMAL,108.64,6,2,0,2,4,0.3333,75.7213,0.0,32.9188,120,0.75,2.0,1.0
025_R110,25,R,6,3,OPTIMAL,46.3219,6,0,0,0,6,0.0,0.0,0.0,46.3219,120,0.75,2.0,1.0
025_R110,25,R,6,4,OPTIMAL,79.9681,6,1,0,1,5,0.1667,49.8358,0.0,30.1324,120,0.75,2.0,1.0
025_R110,25,R,6,5,OPTIMAL,68.2173,6,0,0,0,6,0.0,0.0,0.0,68.2173,120,0.75,2.0,1.0
025_R110,25,R,6,6,OPTIMAL,45.2288,6,0,0,0,6,0.0,0.0,0.0,45.2288,120,0.75,2.0,1.0
025_R110,25,R,6,7,OPTIMAL,105.9002,6,1,0,1,5,0.1667,49.4573,0.0,56.443,120,0.75,2.0,1.0
025_R110,25,R,6,8,OPTIMAL,111.0116,6,1,0,1,5,0.1667,43.9348,0.0,67.0767,120,0.75,2.0,1.0
025_R110,25,R,6,9,OPTIMAL,40.9638,6,1,0,1,5,0.1667,12.5458,0.0,28.418,120,0.75,2.0,1.0
025_R111,25,R,2,0,OPTIMAL,3.9376,2,0,0,0,2,0.0,0.0,0.0,3.9376,120,0.75,2.0,1.0
025_R111,25,R,2,1,OPTIMAL,8.862,2,0,0,0,2,0.0,0.0,0.0,8.862,120,0.75,2.0,1.0
025_R111,25,R,2,2,OPTIMAL,29.5484,2,0,0,0,2,0.0,0.0,0.0,29.5484,120,0.75,2.0,1.0
025_R111,25,R,2,3,OPTIMAL,0.9663,2,0,0,0,2,0.0,0.0,0.0,0.9663,120,0.75,2.0,1.0
025_R111,25,R,2,4,OPTIMAL,5.2248,2,0,0,0,2,0.0,0.0,0.0,5.2248,120,0.75,2.0,1.0
025_R111,25,R,2,5,OPTIMAL,15.2779,2,0,0,0,2,0.0,0.0,0.0,15.2779,120,0.75,2.0,1.0
025_R111,25,R,2,6,OPTIMAL,23.5999,2,0,0,0,2,0.0,0.0,0.0,23.5999,120,0.75,2.0,1.0
025_R111,25,R,2,7,OPTIMAL,2.8581,2,0,0,0,2,0.0,0.0,0.0,2.8581,120,0.75,2.0,1.0
025_R111,25,R,2,8,OPTIMAL,10.6209,2,0,0,0,2,0.0,0.0,0.0,10.6209,120,0.75,2.0,1.0
025_R111,25,R,2,9,OPTIMAL,4.3411,2,0,0,0,2,0.0,0.0,0.0,4.3411,120,0.75,2.0,1.0
025_R111,25,R,4,0,OPTIMAL,22.3745,4,0,0,0,4,0.0,0.0,0.0,22.3745,120,0.75,2.0,1.0
025_R111,25,R,4,1,OPTIMAL,15.5588,4,0,0,0,4,0.0,0.0,0.0,15.5588,120,0.75,2.0,1.0
025_R111,25,R,4,2,OPTIMAL,19.0534,4,0,0,0,4,0.0,0.0,0.0,19.0534,120,0.75,2.0,1.0
025_R111,25,R,4,3,OPTIMAL,51.28,4,0,0,0,4,0.0,0.0,0.0,51.28,120,0.75,2.0,1.0
025_R111,25,R,4,4,OPTIMAL,57.0773,4,0,0,0,4,0.0,0.0,0.0,57.0773,120,0.75,2.0,1.0
025_R111,25,R,4,5,OPTIMAL,46.9619,4,0,0,0,4,0.0,0.0,0.0,46.9619,120,0.75,2.0,1.0
025_R111,25,R,4,6,OPTIMAL,10.5166,4,0,0,0,4,0.0,0.0,0.0,10.5166,120,0.75,2.0,1.0
025_R111,25,R,4,7,OPTIMAL,36.7185,4,0,0,0,4,0.0,0.0,0.0,36.7185,120,0.75,2.0,1.0
025_R111,25,R,4,8,OPTIMAL,6.9565,4,0,0,0,4,0.0,0.0,0.0,6.9565,120,0.75,2.0,1.0
025_R111,25,R,4,9,OPTIMAL,28.9475,4,0,0,0,4,0.0,0.0,0.0,28.9475,120,0.75,2.0,1.0
025_R111,25,R,6,0,OPTIMAL,54.3433,6,0,0,0,6,0.0,0.0,0.0,54.3433,120,0.75,2.0,1.0
025_R111,25,R,6,1,OPTIMAL,80.3233,6,0,0,0,6,0.0,0.0,0.0,80.3233,120,0.75,2.0,1.0
025_R111,25,R,6,2,OPTIMAL,99.1122,6,0,0,0,6,0.0,0.0,0.0,99.1122,120,0.75,2.0,1.0
025_R111,25,R,6,3,OPTIMAL,35.0861,6,0,0,0,6,0.0,0.0,0.0,35.0861,120,0.75,2.0,1.0
025_R111,25,R,6,4,OPTIMAL,27.7012,6,0,0,0,6,0.0,0.0,0.0,27.7012,120,0.75,2.0,1.0
025_R111,25,R,6,5,OPTIMAL,41.3163,6,0,0,0,6,0.0,0.0,0.0,41.3163,120,0.75,2.0,1.0
025_R111,25,R,6,6,OPTIMAL,45.4362,6,0,0,0,6,0.0,0.0,0.0,45.4362,120,0.75,2.0,1.0
025_R111,25,R,6,7,OPTIMAL,54.2006,6,0,0,0,6,0.0,0.0,0.0,54.2006,120,0.75,2.0,1.0
025_R111,25,R,6,8,OPTIMAL,97.8671,6,0,0,0,6,0.0,0.0,0.0,97.8671,120,0.75,2.0,1.0
025_R111,25,R,6,9,OPTIMAL,43.7208,6,0,0,0,6,0.0,0.0,0.0,43.7208,120,0.75,2.0,1.0
025_R112,25,R,2,0,OPTIMAL,38.0577,2,1,1,0,1,0.5,29.8264,0.0,8.2312,120,0.75,2.0,1.0
025_R112,25,R,2,1,OPTIMAL,42.5605,2,1,1,0,1,0.5,40.3184,0.0,2.2422,120,0.75,2.0,1.0
025_R112,25,R,2,2,OPTIMAL,51.7117,2,1,1,0,1,0.5,51.1749,0.0,0.5369,120,0.75,2.0,1.0
025_R112,25,R,2,3,OPTIMAL,29.4997,2,0,0,0,2,0.0,0.0,0.0,29.4997,120,0.75,2.0,1.0
025_R112,25,R,2,4,OPTIMAL,67.4065,2,1,1,0,1,0.5,21.9387,0.0,45.4678,120,0.75,2.0,1.0
025_R112,25,R,2,5,OPTIMAL,86.9281,2,1,1,0,1,0.5,45.5479,0.0,41.3802,120,0.75,2.0,1.0
025_R112,25,R,2,6,OPTIMAL,26.713,2,0,0,0,2,0.0,0.0,0.0,26.713,120,0.75,2.0,1.0
025_R112,25,R,2,7,OPTIMAL,3.7406,2,0,0,0,2,0.0,0.0,0.0,3.7406,120,0.75,2.0,1.0
025_R112,25,R,2,8,OPTIMAL,10.6209,2,0,0,0,2,0.0,0.0,0.0,10.6209,120,0.75,2.0,1.0
025_R112,25,R,2,9,OPTIMAL,22.5859,2,1,1,0,1,0.5,19.2967,0.0,3.2891,120,0.75,2.0,1.0
025_R112,25,R,4,0,OPTIMAL,80.8138,4,0,0,0,4,0.0,0.0,0.0,80.8138,120,0.75,2.0,1.0
025_R112,25,R,4,1,OPTIMAL,54.2666,4,1,1,0,3,0.25,40.7678,0.0,13.4988,120,0.75,2.0,1.0
025_R112,25,R,4,2,OPTIMAL,14.6289,4,0,0,0,4,0.0,0.0,0.0,14.6289,120,0.75,2.0,1.0
025_R112,25,R,4,3,OPTIMAL,134.3835,4,3,3,0,1,0.75,126.6703,0.0,7.7132,120,0.75,2.0,1.0
025_R112,25,R,4,4,OPTIMAL,50.4995,4,0,0,0,4,0.0,0.0,0.0,50.4995,120,0.75,2.0,1.0
025_R112,25,R,4,5,OPTIMAL,75.0851,4,1,1,0,3,0.25,28.3756,0.0,46.7095,120,0.75,2.0,1.0
025_R112,25,R,4,6,OPTIMAL,68.9021,4,1,1,0,3,0.25,42.077,0.0,26.8251,120,0.75,2.0,1.0
025_R112,25,R,4,7,OPTIMAL,118.1163,4,1,1,0,3,0.25,53.8145,0.0,64.3018,120,0.75,2.0,1.0
025_R112,25,R,4,8,OPTIMAL,79.6992,4,2,1,1,2,0.5,66.1104,0.0,13.5888,120,0.75,2.0,1.0
025_R112,25,R,4,9,OPTIMAL,49.9194,4,0,0,0,4,0.0,0.0,0.0,49.9194,120,0.75,2.0,1.0
025_R112,25,R,6,0,OPTIMAL,79.0943,6,1,1,0,5,0.1667,28.1052,0.0,50.9892,120,0.75,2.0,1.0
025_R112,25,R,6,1,OPTIMAL,143.2973,6,3,3,0,3,0.5,107.2385,0.0,36.0588,120,0.75,2.0,1.0
025_R112,25,R,6,2,OPTIMAL,95.3928,6,1,1,0,5,0.1667,26.9023,0.0,68.4905,120,0.75,2.0,1.0
025_R112,25,R,6,3,OPTIMAL,79.3141,6,1,1,0,5,0.1667,40.6163,0.0,38.6978,120,0.75,2.0,1.0
025_R112,25,R,6,4,OPTIMAL,115.7999,6,2,2,0,4,0.3333,73.4897,0.0,42.3102,120,0.75,2.0,1.0
025_R112,25,R,6,5,OPTIMAL,144.2952,6,2,2,0,4,0.3333,70.947,0.0,73.3482,120,0.75,2.0,1.0
025_R112,25,R,6,6,OPTIMAL,68.6974,6,1,1,0,5,0.1667,29.0252,0.0,39.6722,120,0.75,2.0,1.0
025_R112,25,R,6,7,OPTIMAL,165.1554,6,3,2,1,3,0.5,138.9216,0.0,26.2338,120,0.75,2.0,1.0
025_R112,25,R,6,8,OPTIMAL,143.2681,6,2,1,1,4,0.3333,64.4695,0.0,78.7986,120,0.75,2.0,1.0
025_R112,25,R,6,9,OPTIMAL,78.8396,6,2,2,0,4,0.3333,61.3528,0.0,17.4868,120,0.75,2.0,1.0
025_R201,25,R,2,0,OPTIMAL,70.1011,2,2,2,0,0,1.0,70.1011,0.0,0.0,120,0.75,2.0,1.0
025_R201,25,R,2,1,OPTIMAL,40.949,2,1,1,0,1,0.5,40.3184,0.0,0.6307,120,0.75,2.0,1.0
025_R201,25,R,2,2,OPTIMAL,73.2669,2,1,0,1,1,0.5,44.7927,0.0,28.4743,120,0.75,2.0,1.0
025_R201,25,R,2,3,OPTIMAL,66.9645,2,0,0,0,2,0.0,0.0,0.0,66.9645,120,0.75,2.0,1.0
025_R201,25,R,2,4,OPTIMAL,74.7077,2,2,0,2,0,1.0,74.7077,0.0,0.0,120,0.75,2.0,1.0
025_R201,25,R,2,5,OPTIMAL,33.3758,2,0,0,0,2,0.0,0.0,0.0,33.3758,120,0.75,2.0,1.0
025_R201,25,R,2,6,OPTIMAL,85.7346,2,1,1,0,1,0.5,48.0193,0.0,37.7153,120,0.75,2.0,1.0
025_R201,25,R,2,7,OPTIMAL,43.4369,2,1,0,1,1,0.5,41.5768,0.0,1.8601,120,0.75,2.0,1.0
025_R201,25,R,2,8,OPTIMAL,69.604,2,2,1,1,0,1.0,69.604,0.0,0.0,120,0.75,2.0,1.0
025_R201,25,R,2,9,OPTIMAL,4.3411,2,0,0,0,2,0.0,0.0,0.0,4.3411,120,0.75,2.0,1.0
025_R201,25,R,4,0,OPTIMAL,133.1284,4,2,2,0,2,0.5,89.7532,0.0,43.3751,120,0.75,2.0,1.0
025_R201,25,R,4,1,OPTIMAL,107.6536,4,2,1,1,2,0.5,85.6669,0.0,21.9867,120,0.75,2.0,1.0
025_R201,25,R,4,2,OPTIMAL,109.9205,4,1,0,1,3,0.25,51.0592,0.0,58.8613,120,0.75,2.0,1.0
025_R201,25,R,4,3,OPTIMAL,142.8342,4,2,2,0,2,0.5,81.1222,0.0,61.712,120,0.75,2.0,1.0
025_R201,25,R,4,4,OPTIMAL,159.6514,4,3,1,2,1,0.75,148.3565,0.0,11.295,120,0.75,2.0,1.0
025_R201,25,R,4,5,OPTIMAL,109.0876,4,1,0,1,3,0.25,43.3523,0.0,65.7352,120,0.75,2.0,1.0
025_R201,25,R,4,6,OPTIMAL,107.0251,4,2,2,0,2,0.5,62.8323,0.0,44.1928,120,0.75,2.0,1.0
025_R201,25,R,4,7,OPTIMAL,68.9065,4,0,0,0,4,0.0,0.0,0.0,68.9065,120,0.75,2.0,1.0
025_R201,25,R,4,8,OPTIMAL,63.3675,4,0,0,0,4,0.0,0.0,0.0,63.3675,120,0.75,2.0,1.0
025_R201,25,R,4,9,OPTIMAL,134.7692,4,3,0,3,1,0.75,113.9328,0.0,20.8364,120,0.75,2.0,1.0
025_R201,25,R,6,0,OPTIMAL,160.5908,6,3,2,1,3,0.5,131.306,0.0,29.2848,120,0.75,2.0,1.0
025_R201,25,R,6,1,OPTIMAL,161.2637,6,3,2,1,3,0.5,99.2817,0.0,61.982,120,0.75,2.0,1.0
025_R201,25,R,6,2,OPTIMAL,172.7264,6,2,1,1,4,0.3333,101.0379,0.0,71.6885,120,0.75,2.0,1.0
025_R201,25,R,6,3,OPTIMAL,147.8513,6,3,3,0,3,0.5,107.4575,0.0,40.3937,120,0.75,2.0,1.0
025_R201,25,R,6,4,OPTIMAL,163.021,6,4,3,1,2,0.6667,145.2519,0.0,17.7691,120,0.75,2.0,1.0
025_R201,25,R,6,5,OPTIMAL,206.6168,6,2,0,2,4,0.3333,93.6285,0.0,112.9883,120,0.75,2.0,1.0
025_R201,25,R,6,6,OPTIMAL,180.1198,6,3,2,1,3,0.5,105.0722,0.0,75.0476,120,0.75,2.0,1.0
025_R201,25,R,6,7,OPTIMAL,225.0883,6,4,2,2,2,0.6667,195.5535,0.0,29.5348,120,0.75,2.0,1.0
025_R201,25,R,6,8,OPTIMAL,157.3742,6,2,2,0,4,0.3333,70.193,0.0,87.1812,120,0.75,2.0,1.0
025_R201,25,R,6,9,OPTIMAL,165.347,6,3,1,2,3,0.5,109.949,0.0,55.398,120,0.75,2.0,1.0
025_R202,25,R,2,0,OPTIMAL,70.1011,2,2,2,0,0,1.0,70.1011,0.0,0.0,120,0.75,2.0,1.0
025_R202,25,R,2,1,OPTIMAL,40.949,2,1,1,0,1,0.5,40.3184,0.0,0.6307,120,0.75,2.0,1.0
025_R202,25,R,2,2,OPTIMAL,95.9675,2,2,1,1,0,1.0,95.9675,0.0,0.0,120,0.75,2.0,1.0
025_R202,25,R,2,3,OPTIMAL,85.9681,2,1,1,0,1,0.5,40.134,0.0,45.8341,120,0.75,2.0,1.0
025_R202,25,R,2,4,OPTIMAL,74.7077,2,2,0,2,0,1.0,74.7077,0.0,0.0,120,0.75,2.0,1.0
025_R202,25,R,2,5,OPTIMAL,33.3758,2,0,0,0,2,0.0,0.0,0.0,33.3758,120,0.75,2.0,1.0
025_R202,25,R,2,6,OPTIMAL,97.0853,2,2,1,1,0,1.0,97.0853,0.0,0.0,120,0.75,2.0,1.0
025_R202,25,R,2,7,OPTIMAL,51.3423,2,1,0,1,1,0.5,41.5768,0.0,9.7655,120,0.75,2.0,1.0
025_R202,25,R,2,8,OPTIMAL,69.604,2,2,2,0,0,1.0,69.604,0.0,0.0,120,0.75,2.0,1.0
025_R202,25,R,2,9,OPTIMAL,51.1418,2,1,0,1,1,0.5,50.8137,0.0,0.3282,120,0.75,2.0,1.0
025_R202,25,R,4,0,OPTIMAL,139.4147,4,3,2,1,1,0.75,119.1637,0.0,20.251,120,0.75,2.0,1.0
025_R202,25,R,4,1,OPTIMAL,107.6536,4,2,1,1,2,0.5,85.6669,0.0,21.9867,120,0.75,2.0,1.0
025_R202,25,R,4,2,OPTIMAL,119.556,4,2,2,0,2,0.5,91.7468,0.0,27.8091,120,0.75,2.0,1.0
025_R202,25,R,4,3,OPTIMAL,166.3777,4,4,3,1,0,1.0,166.3777,0.0,0.0,120,0.75,2.0,1.0
025_R202,25,R,4,4,OPTIMAL,159.6514,4,3,2,1,1,0.75,148.3565,0.0,11.295,120,0.75,2.0,1.0
025_R202,25,R,4,5,OPTIMAL,158.441,4,3,0,3,1,0.75,123.45,0.0,34.991,120,0.75,2.0,1.0
025_R202,25,R,4,6,OPTIMAL,130.2616,4,4,3,1,0,1.0,130.2616,0.0,0.0,120,0.75,2.0,1.0
025_R202,25,R,4,7,OPTIMAL,132.9754,4,2,1,1,2,0.5,88.2119,0.0,44.7634,120,0.75,2.0,1.0
025_R202,25,R,4,8,OPTIMAL,105.3106,4,2,1,1,2,0.5,60.3879,0.0,44.9227,120,0.75,2.0,1.0
025_R202,25,R,4,9,OPTIMAL,148.0246,4,4,2,2,0,1.0,148.0246,0.0,0.0,120,0.75,2.0,1.0
025_R202,25,R,6,0,OPTIMAL,170.3067,6,4,3,1,2,0.6667,169.5445,0.0,0.7623,120,0.75,2.0,1.0
025_R202,25,R,6,1,OPTIMAL,207.4355,6,5,2,3,1,0.8333,185.9686,0.0,21.4669,120,0.75,2.0,1.0
025_R202,25,R,6,2,OPTIMAL,193.0439,6,3,1,2,3,0.5,127.9403,0.0,65.1036,120,0.75,2.0,1.0
025_R202,25,R,6,3,OPTIMAL,158.71,6,4,4,0,2,0.6667,155.4903,0.0,3.2197,120,0.75,2.0,1.0
025_R202,25,R,6,4,OPTIMAL,163.021,6,4,3,1,2,0.6667,145.2519,0.0,17.7691,120,0.75,2.0,1.0
025_R202,25,R,6,5,OPTIMAL,234.4832,6,5,2,3,1,0.8333,196.2561,0.0,38.2271,120,0.75,2.0,1.0
025_R202,25,R,6,6,OPTIMAL,196.0396,6,4,4,0,2,0.6667,155.679,0.0,40.3606,120,0.75,2.0,1.0
025_R202,25,R,6,7,OPTIMAL,220.0265,6,4,2,2,2,0.6667,189.6651,0.0,30.3614,120,0.75,2.0,1.0
025_R202,25,R,6,8,OPTIMAL,210.167,6,5,2,3,1,0.8333,179.503,0.0,30.664,120,0.75,2.0,1.0
025_R202,25,R,6,9,OPTIMAL,176.2749,6,4,2,2,2,0.6667,158.756,0.0,17.5189,120,0.75,2.0,1.0
025_R203,25,R,2,0,OPTIMAL,70.1011,2,2,2,0,0,1.0,70.1011,0.0,0.0,120,0.75,2.0,1.0
025_R203,25,R,2,1,OPTIMAL,76.5179,2,2,2,0,0,1.0,76.5179,0.0,0.0,120,0.75,2.0,1.0
025_R203,25,R,2,2,OPTIMAL,95.9675,2,2,1,1,0,1.0,95.9675,0.0,0.0,120,0.75,2.0,1.0
025_R203,25,R,2,3,OPTIMAL,86.5499,2,2,1,1,0,1.0,86.5499,0.0,0.0,120,0.75,2.0,1.0
025_R203,25,R,2,4,OPTIMAL,74.7077,2,2,0,2,0,1.0,74.7077,0.0,0.0,120,0.75,2.0,1.0
025_R203,25,R,2,5,OPTIMAL,66.238,2,1,0,1,1,0.5,45.5479,0.0,20.6901,120,0.75,2.0,1.0
025_R203,25,R,2,6,OPTIMAL,97.0853,2,2,1,1,0,1.0,97.0853,0.0,0.0,120,0.75,2.0,1.0
025_R203,25,R,2,7,OPTIMAL,64.1059,2,1,1,0,1,0.5,41.5768,0.0,22.529,120,0.75,2.0,1.0
025_R203,25,R,2,8,OPTIMAL,69.604,2,2,2,0,0,1.0,69.604,0.0,0.0,120,0.75,2.0,1.0
025_R203,25,R,2,9,OPTIMAL,70.1104,2,2,0,2,0,1.0,70.1104,0.0,0.0,120,0.75,2.0,1.0
025_R203,25,R,4,0,OPTIMAL,139.4147,4,3,2,1,1,0.75,119.1637,0.0,20.251,120,0.75,2.0,1.0
025_R203,25,R,4,1,OPTIMAL,116.6193,4,2,1,1,2,0.5,85.6669,0.0,30.9524,120,0.75,2.0,1.0
025_R203,25,R,4,2,OPTIMAL,138.8081,4,3,3,0,1,0.75,134.6391,0.0,4.169,120,0.75,2.0,1.0
025_R203,25,R,4,3,OPTIMAL,166.3777,4,4,3,1,0,1.0,166.3777,0.0,0.0,120,0.75,2.0,1.0
025_R203,25,R,4,4,OPTIMAL,189.6105,4,4,3,1,0,1.0,189.6105,0.0,0.0,120,0.75,2.0,1.0
025_R203,25,R,4,5,OPTIMAL,158.441,4,3,0,3,1,0.75,123.45,0.0,34.991,120,0.75,2.0,1.0
025_R203,25,R,4,6,OPTIMAL,130.2616,4,4,3,1,0,1.0,130.2616,0.0,0.0,120,0.75,2.0,1.0
025_R203,25,R,4,7,OPTIMAL,132.9754,4,2,1,1,2,0.5,88.2119,0.0,44.7634,120,0.75,2.0,1.0
025_R203,25,R,4,8,OPTIMAL,102.6007,4,3,2,1,1,0.75,102.1501,0.0,0.4506,120,0.75,2.0,1.0
025_R203,25,R,4,9,OPTIMAL,113.546,4,2,2,0,2,0.5,92.5675,0.0,20.9784,120,0.75,2.0,1.0
025_R203,25,R,6,0,OPTIMAL,200.8766,6,5,4,1,1,0.8333,200.3781,0.0,0.4985,120,0.75,2.0,1.0
025_R203,25,R,6,1,OPTIMAL,209.7249,6,6,3,3,0,1.0,209.7249,0.0,0.0,120,0.75,2.0,1.0
025_R203,25,R,6,2,OPTIMAL,193.0439,6,3,1,2,3,0.5,127.9403,0.0,65.1036,120,0.75,2.0,1.0
025_R203,25,R,6,3,OPTIMAL,163.9552,6,4,4,0,2,0.6667,155.4903,0.0,8.4649,120,0.75,2.0,1.0
025_R203,25,R,6,4,OPTIMAL,192.7063,6,5,3,2,1,0.8333,175.0407,0.0,17.6656,120,0.75,2.0,1.0
025_R203,25,R,6,5,OPTIMAL,234.4832,6,5,3,2,1,0.8333,196.2561,0.0,38.2271,120,0.75,2.0,1.0
025_R203,25,R,6,6,OPTIMAL,212.4291,6,5,5,0,1,0.8333,174.0082,0.0,38.4208,120,0.75,2.0,1.0
025_R203,25,R,6,7,OPTIMAL,207.2709,6,4,2,2,2,0.6667,189.6651,0.0,17.6058,120,0.75,2.0,1.0
025_R203,25,R,6,8,OPTIMAL,187.6886,6,3,2,1,3,0.5,104.0991,0.0,83.5895,120,0.75,2.0,1.0
025_R203,25,R,6,9,OPTIMAL,199.6471,6,5,3,2,1,0.8333,178.3873,0.0,21.2598,120,0.75,2.0,1.0
025_R204,25,R,2,0,OPTIMAL,70.1011,2,2,2,0,0,1.0,70.1011,0.0,0.0,120,0.75,2.0,1.0
025_R204,25,R,2,1,OPTIMAL,76.5179,2,2,2,0,0,1.0,76.5179,0.0,0.0,120,0.75,2.0,1.0
025_R204,25,R,2,2,OPTIMAL,95.9675,2,2,2,0,0,1.0,95.9675,0.0,0.0,120,0.75,2.0,1.0
025_R204,25,R,2,3,OPTIMAL,86.5499,2,2,2,0,0,1.0,86.5499,0.0,0.0,120,0.75,2.0,1.0
025_R204,25,R,2,4,OPTIMAL,74.7077,2,2,2,0,0,1.0,74.7077,0.0,0.0,120,0.75,2.0,1.0
025_R204,25,R,2,5,OPTIMAL,94.6057,2,1,1,0,1,0.5,54.0255,0.0,40.5802,120,0.75,2.0,1.0
025_R204,25,R,2,6,OPTIMAL,97.0853,2,2,1,1,0,1.0,97.0853,0.0,0.0,120,0.75,2.0,1.0
025_R204,25,R,2,7,OPTIMAL,73.8536,2,2,2,0,0,1.0,73.8536,0.0,0.0,120,0.75,2.0,1.0
025_R204,25,R,2,8,OPTIMAL,69.604,2,2,2,0,0,1.0,69.604,0.0,0.0,120,0.75,2.0,1.0
025_R204,25,R,2,9,OPTIMAL,23.3097,2,1,1,0,1,0.5,19.2967,0.0,4.013,120,0.75,2.0,1.0
025_R204,25,R,4,0,OPTIMAL,139.4147,4,3,2,1,1,0.75,119.1637,0.0,20.251,120,0.75,2.0,1.0
025_R204,25,R,4,1,OPTIMAL,117.2401,4,3,2,1,1,0.75,112.3074,0.0,4.9327,120,0.75,2.0,1.0
025_R204,25,R,4,2,OPTIMAL,175.1144,4,4,4,0,0,1.0,175.1144,0.0,0.0,120,0.75,2.0,1.0
025_R204,25,R,4,3,OPTIMAL,166.3777,4,4,3,1,0,1.0,166.3777,0.0,0.0,120,0.75,2.0,1.0
025_R204,25,R,4,4,OPTIMAL,189.6105,4,4,4,0,0,1.0,189.6105,0.0,0.0,120,0.75,2.0,1.0
025_R204,25,R,4,5,OPTIMAL,121.5416,4,2,1,1,2,0.5,71.728,0.0,49.8137,120,0.75,2.0,1.0
025_R204,25,R,4,6,OPTIMAL,116.1781,4,3,3,0,1,0.75,79.6253,0.0,36.5528,120,0.75,2.0,1.0
025_R204,25,R,4,7,OPTIMAL,193.4602,4,4,3,1,0,1.0,193.4602,0.0,0.0,120,0.75,2.0,1.0
025_R204,25,R,4,8,OPTIMAL,97.9711,4,2,2,0,2,0.5,73.7714,0.0,24.1997,120,0.75,2.0,1.0
025_R204,25,R,4,9,OPTIMAL,126.8015,4,3,2,1,1,0.75,126.6594,0.0,0.1421,120,0.75,2.0,1.0
025_R204,25,R,6,0,OPTIMAL,200.8766,6,5,4,1,1,0.8333,200.3781,0.0,0.4985,120,0.75,2.0,1.0
025_R204,25,R,6,1,OPTIMAL,209.7249,6,6,5,1,0,1.0,209.7249,0.0,0.0,120,0.75,2.0,1.0
025_R204,25,R,6,2,OPTIMAL,185.5413,6,3,2,1,3,0.5,140.8417,0.0,44.6996,120,0.75,2.0,1.0
025_R204,25,R,6,3,OPTIMAL,180.1109,6,5,5,0,1,0.8333,177.1275,0.0,2.9834,120,0.75,2.0,1.0
025_R204,25,R,6,4,OPTIMAL,188.3393,6,4,3,1,2,0.6667,145.2519,0.0,43.0874,120,0.75,2.0,1.0
025_R204,25,R,6,5,OPTIMAL,230.5028,6,4,3,1,2,0.6667,154.5731,0.0,75.9297,120,0.75,2.0,1.0
025_R204,25,R,6,6,OPTIMAL,219.5701,6,6,5,1,0,1.0,219.5701,0.0,0.0,120,0.75,2.0,1.0
025_R204,25,R,6,7,OPTIMAL,186.0742,6,3,2,1,3,0.5,140.2078,0.0,45.8664,120,0.75,2.0,1.0
025_R204,25,R,6,8,OPTIMAL,216.8675,6,5,2,3,1,0.8333,180.0627,0.0,36.8047,120,0.75,2.0,1.0
025_R204,25,R,6,9,OPTIMAL,200.8825,6,6,4,2,0,1.0,200.8825,0.0,0.0,120,0.75,2.0,1.0
025_R205,25,R,2,0,OPTIMAL,70.1011,2,2,1,1,0,1.0,70.1011,0.0,0.0,120,0.75,2.0,1.0
025_R205,25,R,2,1,OPTIMAL,46.1603,2,1,1,0,1,0.5,40.3184,0.0,5.8419,120,0.75,2.0,1.0
025_R205,25,R,2,2,OPTIMAL,74.7728,2,1,1,0,1,0.5,51.1749,0.0,23.5979,120,0.75,2.0,1.0
025_R205,25,R,2,3,OPTIMAL,16.0516,2,0,0,0,2,0.0,0.0,0.0,16.0516,120,0.75,2.0,1.0
025_R205,25,R,2,4,OPTIMAL,74.7077,2,2,1,1,0,1.0,74.7077,0.0,0.0,120,0.75,2.0,1.0
025_R205,25,R,2,5,OPTIMAL,99.5734,2,2,1,1,0,1.0,99.5734,0.0,0.0,120,0.75,2.0,1.0
025_R205,25,R,2,6,OPTIMAL,97.0853,2,2,1,1,0,1.0,97.0853,0.0,0.0,120,0.75,2.0,1.0
025_R205,25,R,2,7,OPTIMAL,73.8536,2,2,1,1,0,1.0,73.8536,0.0,0.0,120,0.75,2.0,1.0
025_R205,25,R,2,8,OPTIMAL,69.604,2,2,0,2,0,1.0,69.604,0.0,0.0,120,0.75,2.0,1.0
025_R205,25,R,2,9,OPTIMAL,70.1104,2,2,2,0,0,1.0,70.1104,0.0,0.0,120,0.75,2.0,1.0
025_R205,25,R,4,0,OPTIMAL,95.2651,4,1,0,1,3,0.25,42.578,0.0,52.687,120,0.75,2.0,1.0
025_R205,25,R,4,1,OPTIMAL,83.043,4,1,1,0,3,0.25,40.7678,0.0,42.2752,120,0.75,2.0,1.0
025_R205,25,R,4,2,OPTIMAL,93.1433,4,2,1,1,2,0.5,83.3676,0.0,9.7757,120,0.75,2.0,1.0
025_R205,25,R,4,3,OPTIMAL,129.1674,4,3,3,0,1,0.75,126.6703,0.0,2.4972,120,0.75,2.0,1.0
025_R205,25,R,4,4,OPTIMAL,137.36,4,1,0,1,3,0.25,47.5129,0.0,89.8471,120,0.75,2.0,1.0
025_R205,25,R,4,5,OPTIMAL,113.1501,4,2,1,1,2,0.5,80.0977,0.0,33.0524,120,0.75,2.0,1.0
025_R205,25,R,4,6,OPTIMAL,105.627,4,2,1,1,2,0.5,92.7133,0.0,12.9137,120,0.75,2.0,1.0
025_R205,25,R,4,7,OPTIMAL,193.4602,4,4,3,1,0,1.0,193.4602,0.0,0.0,120,0.75,2.0,1.0
025_R205,25,R,4,8,OPTIMAL,56.408,4,2,0,2,2,0.5,51.035,0.0,5.373,120,0.75,2.0,1.0
025_R205,25,R,4,9,OPTIMAL,108.2787,4,2,1,1,2,0.5,69.0792,0.0,39.1996,120,0.75,2.0,1.0
025_R205,25,R,6,0,OPTIMAL,184.1787,6,3,2,1,3,0.5,118.1214,0.0,66.0572,120,0.75,2.0,1.0
025_R205,25,R,6,1,OPTIMAL,192.5334,6,4,3,1,2,0.6667,130.9949,0.0,61.5385,120,0.75,2.0,1.0
025_R205,25,R,6,2,OPTIMAL,181.883,6,3,1,2,3,0.5,140.8417,0.0,41.0413,120,0.75,2.0,1.0
025_R205,25,R,6,3,OPTIMAL,188.1591,6,5,2,3,1,0.8333,177.1275,0.0,11.0316,120,0.75,2.0,1.0
025_R205,25,R,6,4,OPTIMAL,112.6717,6,2,2,0,4,0.3333,73.4897,0.0,39.182,120,0.75,2.0,1.0
025_R205,25,R,6,5,OPTIMAL,188.9822,6,2,1,1,4,0.3333,82.7465,0.0,106.2357,120,0.75,2.0,1.0
025_R205,25,R,6,6,OPTIMAL,131.72,6,2,1,1,4,0.3333,74.5871,0.0,57.1329,120,0.75,2.0,1.0
025_R205,25,R,6,7,OPTIMAL,191.4786,6,3,1,2,3,0.5,134.7374,0.0,56.7411,120,0.75,2.0,1.0
025_R205,25,R,6,8,OPTIMAL,133.9303,6,2,2,0,4,0.3333,65.0292,0.0,68.901,120,0.75,2.0,1.0
025_R205,25,R,6,9,OPTIMAL,109.6235,6,2,1,1,4,0.3333,61.3528,0.0,48.2707,120,0.75,2.0,1.0
025_R206,25,R,2,0,OPTIMAL,70.1011,2,2,2,0,0,1.0,70.1011,0.0,0.0,120,0.75,2.0,1.0
025_R206,25,R,2,1,OPTIMAL,50.1272,2,1,1,0,1,0.5,40.3184,0.0,9.8089,120,0.75,2.0,1.0
025_R206,25,R,2,2,OPTIMAL,86.9748,2,1,1,0,1,0.5,51.1749,0.0,35.8,120,0.75,2.0,1.0
025_R206,25,R,2,3,OPTIMAL,16.0516,2,0,0,0,2,0.0,0.0,0.0,16.0516,120,0.75,2.0,1.0
025_R206,25,R,2,4,OPTIMAL,74.7077,2,2,2,0,0,1.0,74.7077,0.0,0.0,120,0.75,2.0,1.0
025_R206,25,R,2,5,OPTIMAL,99.5734,2,2,1,1,0,1.0,99.5734,0.0,0.0,120,0.75,2.0,1.0
025_R206,25,R,2,6,OPTIMAL,97.0853,2,2,2,0,0,1.0,97.0853,0.0,0.0,120,0.75,2.0,1.0
025_R206,25,R,2,7,OPTIMAL,73.8536,2,2,1,1,0,1.0,73.8536,0.0,0.0,120,0.75,2.0,1.0
025_R206,25,R,2,8,OPTIMAL,69.604,2,2,1,1,0,1.0,69.604,0.0,0.0,120,0.75,2.0,1.0
025_R206,25,R,2,9,OPTIMAL,70.1104,2,2,2,0,0,1.0,70.1104,0.0,0.0,120,0.75,2.0,1.0
025_R206,25,R,4,0,OPTIMAL,109.1193,4,2,0,2,2,0.5,71.9885,0.0,37.1308,120,0.75,2.0,1.0
025_R206,25,R,4,1,OPTIMAL,93.819,4,2,1,1,2,0.5,85.6669,0.0,8.1521,120,0.75,2.0,1.0
025_R206,25,R,4,2,OPTIMAL,139.5353,4,3,2,1,1,0.75,134.4268,0.0,5.1085,120,0.75,2.0,1.0
025_R206,25,R,4,3,OPTIMAL,129.1674,4,3,3,0,1,0.75,126.6703,0.0,2.4972,120,0.75,2.0,1.0
025_R206,25,R,4,4,OPTIMAL,160.7386,4,2,1,1,2,0.5,88.767,0.0,71.9716,120,0.75,2.0,1.0
025_R206,25,R,4,5,OPTIMAL,127.9614,4,2,2,0,2,0.5,80.0977,0.0,47.8637,120,0.75,2.0,1.0
025_R206,25,R,4,6,OPTIMAL,121.8966,4,2,2,0,2,0.5,92.7133,0.0,29.1833,120,0.75,2.0,1.0
025_R206,25,R,4,7,OPTIMAL,193.4602,4,4,4,0,0,1.0,193.4602,0.0,0.0,120,0.75,2.0,1.0
025_R206,25,R,4,8,OPTIMAL,102.6007,4,3,0,3,1,0.75,102.1501,0.0,0.4506,120,0.75,2.0,1.0
025_R206,25,R,4,9,OPTIMAL,128.5038,4,3,1,2,1,0.75,103.171,0.0,25.3327,120,0.75,2.0,1.0
025_R206,25,R,6,0,OPTIMAL,188.4852,6,4,2,2,2,0.6667,156.6317,0.0,31.8536,120,0.75,2.0,1.0
025_R206,25,R,6,1,OPTIMAL,197.8527,6,5,4,1,1,0.8333,167.193,0.0,30.6597,120,0.75,2.0,1.0
025_R206,25,R,6,2,OPTIMAL,213.4423,6,5,3,2,1,0.8333,209.4226,0.0,4.0196,120,0.75,2.0,1.0
025_R206,25,R,6,3,OPTIMAL,188.1591,6,5,2,3,1,0.8333,177.1275,0.0,11.0316,120,0.75,2.0,1.0
025_R206,25,R,6,4,OPTIMAL,168.5371,6,3,2,1,3,0.5,103.2785,0.0,65.2586,120,0.75,2.0,1.0
025_R206,25,R,6,5,OPTIMAL,211.5411,6,3,1,2,3,0.5,124.4296,0.0,87.1116,120,0.75,2.0,1.0
025_R206,25,R,6,6,OPTIMAL,131.72,6,2,2,0,4,0.3333,74.5871,0.0,57.1329,120,0.75,2.0,1.0
025_R206,25,R,6,7,OPTIMAL,194.4489,6,3,1,2,3,0.5,138.9216,0.0,55.5272,120,0.75,2.0,1.0
025_R206,25,R,6,8,OPTIMAL,172.2348,6,4,2,2,2,0.6667,140.4332,0.0,31.8016,120,0.75,2.0,1.0
025_R206,25,R,6,9,OPTIMAL,109.6235,6,2,1,1,4,0.3333,61.3528,0.0,48.2707,120,0.75,2.0,1.0
025_R207,25,R,2,0,OPTIMAL,70.1011,2,2,2,0,0,1.0,70.1011,0.0,0.0,120,0.75,2.0,1.0
025_R207,25,R,2,1,OPTIMAL,50.1272,2,1,1,0,1,0.5,40.3184,0.0,9.8089,120,0.75,2.0,1.0
025_R207,25,R,2,2,OPTIMAL,74.7728,2,1,1,0,1,0.5,51.1749,0.0,23.5979,120,0.75,2.0,1.0
025_R207,25,R,2,3,OPTIMAL,48.0741,2,1,0,1,1,0.5,46.4159,0.0,1.6582,120,0.75,2.0,1.0
025_R207,25,R,2,4,OPTIMAL,74.7077,2,2,2,0,0,1.0,74.7077,0.0,0.0,120,0.75,2.0,1.0
025_R207,25,R,2,5,OPTIMAL,99.5734,2,2,1,1,0,1.0,99.5734,0.0,0.0,120,0.75,2.0,1.0
025_R207,25,R,2,6,OPTIMAL,97.0853,2,2,2,0,0,1.0,97.0853,0.0,0.0,120,0.75,2.0,1.0
025_R207,25,R,2,7,OPTIMAL,73.8536,2,2,2,0,0,1.0,73.8536,0.0,0.0,120,0.75,2.0,1.0
025_R207,25,R,2,8,OPTIMAL,69.604,2,2,1,1,0,1.0,69.604,0.0,0.0,120,0.75,2.0,1.0
025_R207,25,R,2,9,OPTIMAL,70.1104,2,2,2,0,0,1.0,70.1104,0.0,0.0,120,0.75,2.0,1.0
025_R207,25,R,4,0,OPTIMAL,136.1446,4,3,1,2,1,0.75,114.1337,0.0,22.0109,120,0.75,2.0,1.0
025_R207,25,R,4,1,OPTIMAL,159.8584,4,4,2,2,0,1.0,159.8584,0.0,0.0,120,0.75,2.0,1.0
025_R207,25,R,4,2,OPTIMAL,93.1433,4,2,2,0,2,0.5,83.3676,0.0,9.7757,120,0.75,2.0,1.0
025_R207,25,R,4,3,OPTIMAL,129.1674,4,3,3,0,1,0.75,126.6703,0.0,2.4972,120,0.75,2.0,1.0
025_R207,25,R,4,4,OPTIMAL,160.7386,4,2,2,0,2,0.5,88.767,0.0,71.9716,120,0.75,2.0,1.0
025_R207,25,R,4,5,OPTIMAL,170.4136,4,4,3,1,0,1.0,170.4136,0.0,0.0,120,0.75,2.0,1.0
025_R207,25,R,4,6,OPTIMAL,121.8966,4,2,2,0,2,0.5,92.7133,0.0,29.1833,120,0.75,2.0,1.0
025_R207,25,R,4,7,OPTIMAL,193.4602,4,4,4,0,0,1.0,193.4602,0.0,0.0,120,0.75,2.0,1.0
025_R207,25,R,4,8,OPTIMAL,56.408,4,2,0,2,2,0.5,51.035,0.0,5.373,120,0.75,2.0,1.0
025_R207,25,R,4,9,OPTIMAL,107.2806,4,2,1,1,2,0.5,81.8058,0.0,25.4748,120,0.75,2.0,1.0
025_R207,25,R,6,0,OPTIMAL,188.4852,6,4,3,1,2,0.6667,156.6317,0.0,31.8536,120,0.75,2.0,1.0
025_R207,25,R,6,1,OPTIMAL,209.7249,6,6,4,2,0,1.0,209.7249,0.0,0.0,120,0.75,2.0,1.0
025_R207,25,R,6,2,OPTIMAL,213.4423,6,5,3,2,1,0.8333,209.4226,0.0,4.0196,120,0.75,2.0,1.0
025_R207,25,R,6,3,OPTIMAL,229.6302,6,6,4,2,0,1.0,229.6302,0.0,0.0,120,0.75,2.0,1.0
025_R207,25,R,6,4,OPTIMAL,168.5371,6,3,2,1,3,0.5,103.2785,0.0,65.2586,120,0.75,2.0,1.0
025_R207,25,R,6,5,OPTIMAL,222.303,6,5,4,1,1,0.8333,214.7937,0.0,7.5093,120,0.75,2.0,1.0
025_R207,25,R,6,6,OPTIMAL,132.2132,6,2,2,0,4,0.3333,74.5871,0.0,57.6261,120,0.75,2.0,1.0
025_R207,25,R,6,7,OPTIMAL,169.0828,6,3,1,2,3,0.5,138.9216,0.0,30.1612,120,0.75,2.0,1.0
025_R207,25,R,6,8,OPTIMAL,172.2348,6,4,2,2,2,0.6667,140.4332,0.0,31.8016,120,0.75,2.0,1.0
025_R207,25,R,6,9,OPTIMAL,134.1487,6,2,1,1,4,0.3333,61.3528,0.0,72.7959,120,0.75,2.0,1.0
025_R208,25,R,2,0,OPTIMAL,70.1011,2,2,2,0,0,1.0,70.1011,0.0,0.0,120,0.75,2.0,1.0
025_R208,25,R,2,1,OPTIMAL,50.1272,2,1,1,0,1,0.5,40.3184,0.0,9.8089,120,0.75,2.0,1.0
025_R208,25,R,2,2,OPTIMAL,95.9675,2,2,1,1,0,1.0,95.9675,0.0,0.0,120,0.75,2.0,1.0
025_R208,25,R,2,3,OPTIMAL,30.4451,2,0,0,0,2,0.0,0.0,0.0,30.4451,120,0.75,2.0,1.0
025_R208,25,R,2,4,OPTIMAL,74.7077,2,2,2,0,0,1.0,74.7077,0.0,0.0,120,0.75,2.0,1.0
025_R208,25,R,2,5,OPTIMAL,99.5734,2,2,1,1,0,1.0,99.5734,0.0,0.0,120,0.75,2.0,1.0
025_R208,25,R,2,6,OPTIMAL,97.0853,2,2,2,0,0,1.0,97.0853,0.0,0.0,120,0.75,2.0,1.0
025_R208,25,R,2,7,OPTIMAL,73.8536,2,2,2,0,0,1.0,73.8536,0.0,0.0,120,0.75,2.0,1.0
025_R208,25,R,2,8,OPTIMAL,69.604,2,2,2,0,0,1.0,69.604,0.0,0.0,120,0.75,2.0,1.0
025_R208,25,R,2,9,OPTIMAL,70.1104,2,2,2,0,0,1.0,70.1104,0.0,0.0,120,0.75,2.0,1.0
025_R208,25,R,4,0,OPTIMAL,161.3089,4,4,2,2,0,1.0,161.3089,0.0,0.0,120,0.75,2.0,1.0
025_R208,25,R,4,1,OPTIMAL,149.2162,4,3,2,1,1,0.75,133.2179,0.0,15.9983,120,0.75,2.0,1.0
025_R208,25,R,4,2,OPTIMAL,139.5353,4,3,2,1,1,0.75,134.4268,0.0,5.1085,120,0.75,2.0,1.0
025_R208,25,R,4,3,OPTIMAL,129.1674,4,3,3,0,1,0.75,126.6703,0.0,2.4972,120,0.75,2.0,1.0
025_R208,25,R,4,4,OPTIMAL,172.2844,4,3,2,1,1,0.75,136.9114,0.0,35.373,120,0.75,2.0,1.0
025_R208,25,R,4,5,OPTIMAL,170.4136,4,4,3,1,0,1.0,170.4136,0.0,0.0,120,0.75,2.0,1.0
025_R208,25,R,4,6,OPTIMAL,124.3029,4,3,3,0,1,0.75,113.4686,0.0,10.8342,120,0.75,2.0,1.0
025_R208,25,R,4,7,OPTIMAL,193.4602,4,4,4,0,0,1.0,193.4602,0.0,0.0,120,0.75,2.0,1.0
025_R208,25,R,4,8,OPTIMAL,103.0513,4,3,1,2,1,0.75,102.1501,0.0,0.9012,120,0.75,2.0,1.0
025_R208,25,R,4,9,OPTIMAL,107.2806,4,2,1,1,2,0.5,81.8058,0.0,25.4748,120,0.75,2.0,1.0
025_R208,25,R,6,0,OPTIMAL,214.9849,6,5,4,1,1,0.8333,208.0547,0.0,6.9301,120,0.75,2.0,1.0
025_R208,25,R,6,1,OPTIMAL,209.7249,6,6,4,2,0,1.0,209.7249,0.0,0.0,120,0.75,2.0,1.0
025_R208,25,R,6,2,OPTIMAL,232.2444,6,5,3,2,1,0.8333,209.4226,0.0,22.8218,120,0.75,2.0,1.0
025_R208,25,R,6,3,OPTIMAL,229.6302,6,6,6,0,0,1.0,229.6302,0.0,0.0,120,0.75,2.0,1.0
025_R208,25,R,6,4,OPTIMAL,190.7742,6,4,3,1,2,0.6667,136.8988,0.0,53.8754,120,0.75,2.0,1.0
025_R208,25,R,6,5,OPTIMAL,222.303,6,5,4,1,1,0.8333,214.7937,0.0,7.5093,120,0.75,2.0,1.0
025_R208,25,R,6,6,OPTIMAL,165.8922,6,3,3,0,3,0.5,128.9388,0.0,36.9534,120,0.75,2.0,1.0
025_R208,25,R,6,7,OPTIMAL,191.4808,6,4,3,1,2,0.6667,189.6651,0.0,1.8157,120,0.75,2.0,1.0
025_R208,25,R,6,8,OPTIMAL,196.7392,6,5,3,2,1,0.8333,190.0915,0.0,6.6477,120,0.75,2.0,1.0
025_R208,25,R,6,9,OPTIMAL,186.0878,6,4,2,2,2,0.6667,158.756,0.0,27.3318,120,0.75,2.0,1.0
025_R209,25,R,2,0,OPTIMAL,70.1011,2,2,1,1,0,1.0,70.1011,0.0,0.0,120,0.75,2.0,1.0
025_R209,25,R,2,1,OPTIMAL,46.1603,2,1,1,0,1,0.5,40.3184,0.0,5.8419,120,0.75,2.0,1.0
025_R209,25,R,2,2,OPTIMAL,95.9675,2,2,1,1,0,1.0,95.9675,0.0,0.0,120,0.75,2.0,1.0
025_R209,25,R,2,3,OPTIMAL,74.2007,2,1,0,1,1,0.5,46.4159,0.0,27.7848,120,0.75,2.0,1.0
025_R209,25,R,2,4,OPTIMAL,74.7077,2,2,1,1,0,1.0,74.7077,0.0,0.0,120,0.75,2.0,1.0
025_R209,25,R,2,5,OPTIMAL,99.5734,2,2,1,1,0,1.0,99.5734,0.0,0.0,120,0.75,2.0,1.0
025_R209,25,R,2,6,OPTIMAL,97.0853,2,2,1,1,0,1.0,97.0853,0.0,0.0,120,0.75,2.0,1.0
025_R209,25,R,2,7,OPTIMAL,31.8301,2,0,0,0,2,0.0,0.0,0.0,31.8301,120,0.75,2.0,1.0
025_R209,25,R,2,8,OPTIMAL,69.604,2,2,0,2,0,1.0,69.604,0.0,0.0,120,0.75,2.0,1.0
025_R209,25,R,2,9,OPTIMAL,70.1104,2,2,1,1,0,1.0,70.1104,0.0,0.0,120,0.75,2.0,1.0
025_R209,25,R,4,0,OPTIMAL,109.1193,4,2,1,1,2,0.5,71.9885,0.0,37.1308,120,0.75,2.0,1.0
025_R209,25,R,4,1,OPTIMAL,96.9997,4,2,1,1,2,0.5,67.4084,0.0,29.5914,120,0.75,2.0,1.0
025_R209,25,R,4,2,OPTIMAL,141.2898,4,2,1,1,2,0.5,91.5345,0.0,49.7553,120,0.75,2.0,1.0
025_R209,25,R,4,3,OPTIMAL,154.6163,4,3,3,0,1,0.75,126.6703,0.0,27.9461,120,0.75,2.0,1.0
025_R209,25,R,4,4,OPTIMAL,140.3265,4,2,0,2,2,0.5,100.2121,0.0,40.1144,120,0.75,2.0,1.0
025_R209,25,R,4,5,OPTIMAL,151.7779,4,3,2,1,1,0.75,123.45,0.0,28.3279,120,0.75,2.0,1.0
025_R209,25,R,4,6,OPTIMAL,130.2063,4,3,1,2,1,0.75,109.5063,0.0,20.6999,120,0.75,2.0,1.0
025_R209,25,R,4,7,OPTIMAL,146.5315,4,2,1,1,2,0.5,109.108,0.0,37.4235,120,0.75,2.0,1.0
025_R209,25,R,4,8,OPTIMAL,139.8818,4,4,1,3,0,1.0,139.8818,0.0,0.0,120,0.75,2.0,1.0
025_R209,25,R,4,9,OPTIMAL,116.5038,4,2,1,1,2,0.5,81.8058,0.0,34.698,120,0.75,2.0,1.0
025_R209,25,R,6,0,OPTIMAL,139.0873,6,2,1,1,4,0.3333,66.3437,0.0,72.7436,120,0.75,2.0,1.0
025_R209,25,R,6,1,OPTIMAL,187.3612,6,5,5,0,1,0.8333,185.9686,0.0,1.3927,120,0.75,2.0,1.0
025_R209,25,R,6,2,OPTIMAL,223.9861,6,5,1,4,1,0.8333,216.0564,0.0,7.9297,120,0.75,2.0,1.0
025_R209,25,R,6,3,OPTIMAL,166.7582,6,4,1,3,2,0.6667,155.4903,0.0,11.2679,120,0.75,2.0,1.0
025_R209,25,R,6,4,OPTIMAL,170.4692,6,4,3,1,2,0.6667,141.4205,0.0,29.0487,120,0.75,2.0,1.0
025_R209,25,R,6,5,OPTIMAL,174.5747,6,3,2,1,3,0.5,124.4296,0.0,50.1451,120,0.75,2.0,1.0
025_R209,25,R,6,6,OPTIMAL,178.8047,6,4,2,2,2,0.6667,146.8892,0.0,31.9155,120,0.75,2.0,1.0
025_R209,25,R,6,7,OPTIMAL,198.7418,6,3,3,0,3,0.5,138.9216,0.0,59.8202,120,0.75,2.0,1.0
025_R209,25,R,6,8,OPTIMAL,199.4932,6,5,3,2,1,0.8333,174.3393,0.0,25.1539,120,0.75,2.0,1.0
025_R209,25,R,6,9,OPTIMAL,106.9398,6,2,2,0,4,0.3333,61.3528,0.0,45.587,120,0.75,2.0,1.0
025_R210,25,R,2,0,OPTIMAL,68.3544,2,1,0,1,1,0.5,29.8264,0.0,38.5279,120,0.75,2.0,1.0
025_R210,25,R,2,1,OPTIMAL,76.5179,2,2,1,1,0,1.0,76.5179,0.0,0.0,120,0.75,2.0,1.0
025_R210,25,R,2,2,OPTIMAL,95.9675,2,2,1,1,0,1.0,95.9675,0.0,0.0,120,0.75,2.0,1.0
025_R210,25,R,2,3,OPTIMAL,80.7496,2,1,1,0,1,0.5,46.4159,0.0,34.3337,120,0.75,2.0,1.0
025_R210,25,R,2,4,OPTIMAL,74.7077,2,2,1,1,0,1.0,74.7077,0.0,0.0,120,0.75,2.0,1.0
025_R210,25,R,2,5,OPTIMAL,99.5734,2,2,1,1,0,1.0,99.5734,0.0,0.0,120,0.75,2.0,1.0
025_R210,25,R,2,6,OPTIMAL,97.0853,2,2,0,2,0,1.0,97.0853,0.0,0.0,120,0.75,2.0,1.0
025_R210,25,R,2,7,OPTIMAL,50.4304,2,1,0,1,1,0.5,32.2768,0.0,18.1536,120,0.75,2.0,1.0
025_R210,25,R,2,8,OPTIMAL,69.604,2,2,0,2,0,1.0,69.604,0.0,0.0,120,0.75,2.0,1.0
025_R210,25,R,2,9,OPTIMAL,32.2218,2,1,1,0,1,0.5,19.2967,0.0,12.9251,120,0.75,2.0,1.0
025_R210,25,R,4,0,OPTIMAL,139.4147,4,3,1,2,1,0.75,119.1637,0.0,20.251,120,0.75,2.0,1.0
025_R210,25,R,4,1,OPTIMAL,117.2401,4,3,3,0,1,0.75,112.3074,0.0,4.9327,120,0.75,2.0,1.0
025_R210,25,R,4,2,OPTIMAL,175.1144,4,4,2,2,0,1.0,175.1144,0.0,0.0,120,0.75,2.0,1.0
025_R210,25,R,4,3,OPTIMAL,166.3777,4,4,2,2,0,1.0,166.3777,0.0,0.0,120,0.75,2.0,1.0
025_R210,25,R,4,4,OPTIMAL,127.1614,4,2,0,2,2,0.5,100.8435,0.0,26.3179,120,0.75,2.0,1.0
025_R210,25,R,4,5,OPTIMAL,111.216,4,2,1,1,2,0.5,71.728,0.0,39.488,120,0.75,2.0,1.0
025_R210,25,R,4,6,OPTIMAL,90.0195,4,2,1,1,2,0.5,62.8323,0.0,27.1871,120,0.75,2.0,1.0
025_R210,25,R,4,7,OPTIMAL,160.8961,4,3,1,2,1,0.75,159.0627,0.0,1.8334,120,0.75,2.0,1.0
025_R210,25,R,4,8,OPTIMAL,78.7476,4,2,0,2,2,0.5,51.035,0.0,27.7126,120,0.75,2.0,1.0
025_R210,25,R,4,9,OPTIMAL,121.2232,4,2,2,0,2,0.5,92.5675,0.0,28.6557,120,0.75,2.0,1.0
025_R210,25,R,6,0,OPTIMAL,200.8766,6,5,2,3,1,0.8333,200.3781,0.0,0.4985,120,0.75,2.0,1.0
025_R210,25,R,6,1,OPTIMAL,209.7249,6,6,3,3,0,1.0,209.7249,0.0,0.0,120,0.75,2.0,1.0
025_R210,25,R,6,2,OPTIMAL,204.0828,6,4,1,3,2,0.6667,167.744,0.0,36.3388,120,0.75,2.0,1.0
025_R210,25,R,6,3,OPTIMAL,180.1109,6,5,2,3,1,0.8333,177.1275,0.0,2.9834,120,0.75,2.0,1.0
025_R210,25,R,6,4,OPTIMAL,179.6072,6,4,2,2,2,0.6667,141.4205,0.0,38.1867,120,0.75,2.0,1.0
025_R210,25,R,6,5,OPTIMAL,234.4832,6,5,2,3,1,0.8333,196.2561,0.0,38.2271,120,0.75,2.0,1.0
025_R210,25,R,6,6,OPTIMAL,211.1349,6,5,1,4,1,0.8333,197.8748,0.0,13.26,120,0.75,2.0,1.0
025_R210,25,R,6,7,OPTIMAL,222.3729,6,4,2,2,2,0.6667,189.6651,0.0,32.7078,120,0.75,2.0,1.0
025_R210,25,R,6,8,OPTIMAL,201.5191,6,4,1,3,2,0.6667,148.5937,0.0,52.9255,120,0.75,2.0,1.0
025_R210,25,R,6,9,OPTIMAL,200.8825,6,6,3,3,0,1.0,200.8825,0.0,0.0,120,0.75,2.0,1.0
025_R211,25,R,2,0,OPTIMAL,38.0577,2,1,1,0,1,0.5,29.8264,0.0,8.2312,120,0.75,2.0,1.0
025_R211,25,R,2,1,OPTIMAL,50.1272,2,1,1,0,1,0.5,40.3184,0.0,9.8089,120,0.75,2.0,1.0
025_R211,25,R,2,2,OPTIMAL,95.9675,2,2,1,1,0,1.0,95.9675,0.0,0.0,120,0.75,2.0,1.0
025_R211,25,R,2,3,OPTIMAL,86.5499,2,2,1,1,0,1.0,86.5499,0.0,0.0,120,0.75,2.0,1.0
025_R211,25,R,2,4,OPTIMAL,74.7077,2,2,1,1,0,1.0,74.7077,0.0,0.0,120,0.75,2.0,1.0
025_R211,25,R,2,5,OPTIMAL,99.5734,2,2,1,1,0,1.0,99.5734,0.0,0.0,120,0.75,2.0,1.0
025_R211,25,R,2,6,OPTIMAL,83.0918,2,1,1,0,1,0.5,49.0659,0.0,34.0259,120,0.75,2.0,1.0
025_R211,25,R,2,7,OPTIMAL,73.8536,2,2,2,0,0,1.0,73.8536,0.0,0.0,120,0.75,2.0,1.0
025_R211,25,R,2,8,OPTIMAL,25.8028,2,1,0,1,1,0.5,20.7481,0.0,5.0547,120,0.75,2.0,1.0
025_R211,25,R,2,9,OPTIMAL,70.1104,2,2,1,1,0,1.0,70.1104,0.0,0.0,120,0.75,2.0,1.0
025_R211,25,R,4,0,OPTIMAL,139.5211,4,2,2,0,2,0.5,71.9885,0.0,67.5326,120,0.75,2.0,1.0
025_R211,25,R,4,1,OPTIMAL,148.6725,4,3,3,0,1,0.75,112.3074,0.0,36.3651,120,0.75,2.0,1.0
025_R211,25,R,4,2,OPTIMAL,148.9544,4,3,2,1,1,0.75,132.2222,0.0,16.7323,120,0.75,2.0,1.0
025_R211,25,R,4,3,OPTIMAL,166.3777,4,4,3,1,0,1.0,166.3777,0.0,0.0,120,0.75,2.0,1.0
025_R211,25,R,4,4,OPTIMAL,151.8723,4,3,2,1,1,0.75,148.3565,0.0,3.5158,120,0.75,2.0,1.0
025_R211,25,R,4,5,OPTIMAL,141.5821,4,3,2,1,1,0.75,123.45,0.0,18.1321,120,0.75,2.0,1.0
025_R211,25,R,4,6,OPTIMAL,114.1489,4,3,1,2,1,0.75,113.4686,0.0,0.6803,120,0.75,2.0,1.0
025_R211,25,R,4,7,OPTIMAL,165.787,4,3,2,1,1,0.75,159.0627,0.0,6.7243,120,0.75,2.0,1.0
025_R211,25,R,4,8,OPTIMAL,139.8818,4,4,3,1,0,1.0,139.8818,0.0,0.0,120,0.75,2.0,1.0
025_R211,25,R,4,9,OPTIMAL,131.5524,4,3,3,0,1,0.75,126.6594,0.0,4.893,120,0.75,2.0,1.0
025_R211,25,R,6,0,OPTIMAL,202.0475,6,5,4,1,1,0.8333,200.3781,0.0,1.6694,120,0.75,2.0,1.0
025_R211,25,R,6,1,OPTIMAL,187.3612,6,5,5,0,1,0.8333,185.9686,0.0,1.3927,120,0.75,2.0,1.0
025_R211,25,R,6,2,OPTIMAL,257.735,6,6,3,3,0,1.0,257.735,0.0,0.0,120,0.75,2.0,1.0
025_R211,25,R,6,3,OPTIMAL,229.6302,6,6,3,3,0,1.0,229.6302,0.0,0.0,120,0.75,2.0,1.0
025_R211,25,R,6,4,OPTIMAL,195.322,6,4,3,1,2,0.6667,149.0432,0.0,46.2789,120,0.75,2.0,1.0
025_R211,25,R,6,5,OPTIMAL,200.6568,6,5,5,0,1,0.8333,196.2561,0.0,4.4007,120,0.75,2.0,1.0
025_R211,25,R,6,6,OPTIMAL,176.3867,6,4,2,2,2,0.6667,152.3129,0.0,24.0737,120,0.75,2.0,1.0
025_R211,25,R,6,7,OPTIMAL,218.1468,6,4,3,1,2,0.6667,189.6651,0.0,28.4817,120,0.75,2.0,1.0
025_R211,25,R,6,8,OPTIMAL,207.2286,6,5,3,2,1,0.8333,174.3393,0.0,32.8893,120,0.75,2.0,1.0
025_R211,25,R,6,9,OPTIMAL,200.8825,6,6,4,2,0,1.0,200.8825,0.0,0.0,120,0.75,2.0,1.0
025_RC101,25,RC,2,0,OPTIMAL,0.7276,2,0,0,0,2,0.0,0.0,0.0,0.7276,120,0.75,2.0,1.0
025_RC101,25,RC,2,1,OPTIMAL,1.3631,2,0,0,0,2,0.0,0.0,0.0,1.3631,120,0.75,2.0,1.0
025_RC101,25,RC,2,2,OPTIMAL,0.6825,2,0,0,0,2,0.0,0.0,0.0,0.6825,120,0.75,2.0,1.0
025_RC101,25,RC,2,3,OPTIMAL,7.311,2,0,0,0,2,0.0,0.0,0.0,7.311,120,0.75,2.0,1.0
025_RC101,25,RC,2,4,OPTIMAL,19.0494,2,0,0,0,2,0.0,0.0,0.0,19.0494,120,0.75,2.0,1.0
025_RC101,25,RC,2,5,OPTIMAL,1.892,2,0,0,0,2,0.0,0.0,0.0,1.892,120,0.75,2.0,1.0
025_RC101,25,RC,2,6,OPTIMAL,11.9752,2,0,0,0,2,0.0,0.0,0.0,11.9752,120,0.75,2.0,1.0
025_RC101,25,RC,2,7,OPTIMAL,1.7569,2,0,0,0,2,0.0,0.0,0.0,1.7569,120,0.75,2.0,1.0
025_RC101,25,RC,2,8,OPTIMAL,0.1138,2,0,0,0,2,0.0,0.0,0.0,0.1138,120,0.75,2.0,1.0
025_RC101,25,RC,2,9,OPTIMAL,18.7544,2,0,0,0,2,0.0,0.0,0.0,18.7544,120,0.75,2.0,1.0
025_RC101,25,RC,4,0,OPTIMAL,14.3397,4,0,0,0,4,0.0,0.0,0.0,14.3397,120,0.75,2.0,1.0
025_RC101,25,RC,4,1,OPTIMAL,15.3169,4,0,0,0,4,0.0,0.0,0.0,15.3169,120,0.75,2.0,1.0
025_RC101,25,RC,4,2,OPTIMAL,4.3744,4,0,0,0,4,0.0,0.0,0.0,4.3744,120,0.75,2.0,1.0
025_RC101,25,RC,4,3,OPTIMAL,9.2378,4,0,0,0,4,0.0,0.0,0.0,9.2378,120,0.75,2.0,1.0
025_RC101,25,RC,4,4,OPTIMAL,26.1739,4,0,0,0,4,0.0,0.0,0.0,26.1739,120,0.75,2.0,1.0
025_RC101,25,RC,4,5,OPTIMAL,15.354,4,0,0,0,4,0.0,0.0,0.0,15.354,120,0.75,2.0,1.0
025_RC101,25,RC,4,6,OPTIMAL,2.5693,4,0,0,0,4,0.0,0.0,0.0,2.5693,120,0.75,2.0,1.0
025_RC101,25,RC,4,7,OPTIMAL,53.8986,4,0,0,0,4,0.0,0.0,0.0,53.8986,120,0.75,2.0,1.0
025_RC101,25,RC,4,8,OPTIMAL,14.8233,4,0,0,0,4,0.0,0.0,0.0,14.8233,120,0.75,2.0,1.0
025_RC101,25,RC,4,9,OPTIMAL,35.0464,4,0,0,0,4,0.0,0.0,0.0,35.0464,120,0.75,2.0,1.0
025_RC101,25,RC,6,0,OPTIMAL,34.774,6,0,0,0,6,0.0,0.0,0.0,34.774,120,0.75,2.0,1.0
025_RC101,25,RC,6,1,OPTIMAL,7.6896,6,0,0,0,6,0.0,0.0,0.0,7.6896,120,0.75,2.0,1.0
025_RC101,25,RC,6,2,OPTIMAL,18.0436,6,0,0,0,6,0.0,0.0,0.0,18.0436,120,0.75,2.0,1.0
025_RC101,25,RC,6,3,OPTIMAL,16.0286,6,0,0,0,6,0.0,0.0,0.0,16.0286,120,0.75,2.0,1.0
025_RC101,25,RC,6,4,OPTIMAL,52.1907,6,0,0,0,6,0.0,0.0,0.0,52.1907,120,0.75,2.0,1.0
025_RC101,25,RC,6,5,OPTIMAL,15.3299,6,0,0,0,6,0.0,0.0,0.0,15.3299,120,0.75,2.0,1.0
025_RC101,25,RC,6,6,OPTIMAL,51.1206,6,0,0,0,6,0.0,0.0,0.0,51.1206,120,0.75,2.0,1.0
025_RC101,25,RC,6,7,OPTIMAL,26.08,6,0,0,0,6,0.0,0.0,0.0,26.08,120,0.75,2.0,1.0
025_RC101,25,RC,6,8,OPTIMAL,39.1426,6,0,0,0,6,0.0,0.0,0.0,39.1426,120,0.75,2.0,1.0
025_RC101,25,RC,6,9,OPTIMAL,29.4381,6,0,0,0,6,0.0,0.0,0.0,29.4381,120,0.75,2.0,1.0
025_RC102,25,RC,2,0,OPTIMAL,0.682,2,0,0,0,2,0.0,0.0,0.0,0.682,120,0.75,2.0,1.0
025_RC102,25,RC,2,1,OPTIMAL,1.3631,2,0,0,0,2,0.0,0.0,0.0,1.3631,120,0.75,2.0,1.0
025_RC102,25,RC,2,2,OPTIMAL,0.6141,2,0,0,0,2,0.0,0.0,0.0,0.6141,120,0.75,2.0,1.0
025_RC102,25,RC,2,3,OPTIMAL,7.311,2,0,0,0,2,0.0,0.0,0.0,7.311,120,0.75,2.0,1.0
025_RC102,25,RC,2,4,OPTIMAL,18.5485,2,0,0,0,2,0.0,0.0,0.0,18.5485,120,0.75,2.0,1.0
025_RC102,25,RC,2,5,OPTIMAL,1.892,2,0,0,0,2,0.0,0.0,0.0,1.892,120,0.75,2.0,1.0
025_RC102,25,RC,2,6,OPTIMAL,12.788,2,0,0,0,2,0.0,0.0,0.0,12.788,120,0.75,2.0,1.0
025_RC102,25,RC,2,7,OPTIMAL,2.4529,2,0,0,0,2,0.0,0.0,0.0,2.4529,120,0.75,2.0,1.0
025_RC102,25,RC,2,8,OPTIMAL,0.3542,2,0,0,0,2,0.0,0.0,0.0,0.3542,120,0.75,2.0,1.0
025_RC102,25,RC,2,9,OPTIMAL,5.5714,2,0,0,0,2,0.0,0.0,0.0,5.5714,120,0.75,2.0,1.0
025_RC102,25,RC,4,0,OPTIMAL,12.4802,4,0,0,0,4,0.0,0.0,0.0,12.4802,120,0.75,2.0,1.0
025_RC102,25,RC,4,1,OPTIMAL,19.0565,4,0,0,0,4,0.0,0.0,0.0,19.0565,120,0.75,2.0,1.0
025_RC102,25,RC,4,2,OPTIMAL,11.1377,4,0,0,0,4,0.0,0.0,0.0,11.1377,120,0.75,2.0,1.0
025_RC102,25,RC,4,3,OPTIMAL,7.7777,4,0,0,0,4,0.0,0.0,0.0,7.7777,120,0.75,2.0,1.0
025_RC102,25,RC,4,4,OPTIMAL,17.0029,4,0,0,0,4,0.0,0.0,0.0,17.0029,120,0.75,2.0,1.0
025_RC102,25,RC,4,5,OPTIMAL,5.5463,4,0,0,0,4,0.0,0.0,0.0,5.5463,120,0.75,2.0,1.0
025_RC102,25,RC,4,6,OPTIMAL,1.7431,4,0,0,0,4,0.0,0.0,0.0,1.7431,120,0.75,2.0,1.0
025_RC102,25,RC,4,7,OPTIMAL,52.1242,4,0,0,0,4,0.0,0.0,0.0,52.1242,120,0.75,2.0,1.0
025_RC102,25,RC,4,8,OPTIMAL,10.4985,4,0,0,0,4,0.0,0.0,0.0,10.4985,120,0.75,2.0,1.0
025_RC102,25,RC,4,9,OPTIMAL,18.318,4,0,0,0,4,0.0,0.0,0.0,18.318,120,0.75,2.0,1.0
025_RC102,25,RC,6,0,OPTIMAL,13.2989,6,0,0,0,6,0.0,0.0,0.0,13.2989,120,0.75,2.0,1.0
025_RC102,25,RC,6,1,OPTIMAL,45.992,6,0,0,0,6,0.0,0.0,0.0,45.992,120,0.75,2.0,1.0
025_RC102,25,RC,6,2,OPTIMAL,21.3921,6,0,0,0,6,0.0,0.0,0.0,21.3921,120,0.75,2.0,1.0
025_RC102,25,RC,6,3,OPTIMAL,32.6284,6,0,0,0,6,0.0,0.0,0.0,32.6284,120,0.75,2.0,1.0
025_RC102,25,RC,6,4,OPTIMAL,53.1306,6,0,0,0,6,0.0,0.0,0.0,53.1306,120,0.75,2.0,1.0
025_RC102,25,RC,6,5,OPTIMAL,11.5219,6,0,0,0,6,0.0,0.0,0.0,11.5219,120,0.75,2.0,1.0
025_RC102,25,RC,6,6,OPTIMAL,21.5393,6,0,0,0,6,0.0,0.0,0.0,21.5393,120,0.75,2.0,1.0
025_RC102,25,RC,6,7,OPTIMAL,23.2054,6,0,0,0,6,0.0,0.0,0.0,23.2054,120,0.75,2.0,1.0
025_RC102,25,RC,6,8,OPTIMAL,38.8431,6,0,0,0,6,0.0,0.0,0.0,38.8431,120,0.75,2.0,1.0
025_RC102,25,RC,6,9,OPTIMAL,21.5188,6,0,0,0,6,0.0,0.0,0.0,21.5188,120,0.75,2.0,1.0
025_RC103,25,RC,2,0,OPTIMAL,0.7276,2,0,0,0,2,0.0,0.0,0.0,0.7276,120,0.75,2.0,1.0
025_RC103,25,RC,2,1,OPTIMAL,16.0992,2,0,0,0,2,0.0,0.0,0.0,16.0992,120,0.75,2.0,1.0
025_RC103,25,RC,2,2,OPTIMAL,0.645,2,0,0,0,2,0.0,0.0,0.0,0.645,120,0.75,2.0,1.0
025_RC103,25,RC,2,3,OPTIMAL,7.8562,2,0,0,0,2,0.0,0.0,0.0,7.8562,120,0.75,2.0,1.0
025_RC103,25,RC,2,4,OPTIMAL,10.2237,2,0,0,0,2,0.0,0.0,0.0,10.2237,120,0.75,2.0,1.0
025_RC103,25,RC,2,5,OPTIMAL,1.892,2,0,0,0,2,0.0,0.0,0.0,1.892,120,0.75,2.0,1.0
025_RC103,25,RC,2,6,OPTIMAL,25.4699,2,0,0,0,2,0.0,0.0,0.0,25.4699,120,0.75,2.0,1.0
025_RC103,25,RC,2,7,OPTIMAL,3.7257,2,0,0,0,2,0.0,0.0,0.0,3.7257,120,0.75,2.0,1.0
025_RC103,25,RC,2,8,OPTIMAL,1.5886,2,0,0,0,2,0.0,0.0,0.0,1.5886,120,0.75,2.0,1.0
025_RC103,25,RC,2,9,OPTIMAL,5.5602,2,0,0,0,2,0.0,0.0,0.0,5.5602,120,0.75,2.0,1.0
025_RC103,25,RC,4,0,OPTIMAL,20.3077,4,0,0,0,4,0.0,0.0,0.0,20.3077,120,0.75,2.0,1.0
025_RC103,25,RC,4,1,OPTIMAL,23.8267,4,0,0,0,4,0.0,0.0,0.0,23.8267,120,0.75,2.0,1.0
025_RC103,25,RC,4,2,OPTIMAL,9.6753,4,0,0,0,4,0.0,0.0,0.0,9.6753,120,0.75,2.0,1.0
025_RC103,25,RC,4,3,OPTIMAL,8.0817,4,0,0,0,4,0.0,0.0,0.0,8.0817,120,0.75,2.0,1.0
025_RC103,25,RC,4,4,OPTIMAL,18.2743,4,0,0,0,4,0.0,0.0,0.0,18.2743,120,0.75,2.0,1.0
025_RC103,25,RC,4,5,OPTIMAL,4.4652,4,0,0,0,4,0.0,0.0,0.0,4.4652,120,0.75,2.0,1.0
025_RC103,25,RC,4,6,OPTIMAL,0.9532,4,0,0,0,4,0.0,0.0,0.0,0.9532,120,0.75,2.0,1.0
025_RC103,25,RC,4,7,OPTIMAL,43.9859,4,0,0,0,4,0.0,0.0,0.0,43.9859,120,0.75,2.0,1.0
025_RC103,25,RC,4,8,OPTIMAL,11.863,4,0,0,0,4,0.0,0.0,0.0,11.863,120,0.75,2.0,1.0
025_RC103,25,RC,4,9,OPTIMAL,33.6927,4,0,0,0,4,0.0,0.0,0.0,33.6927,120,0.75,2.0,1.0
025_RC103,25,RC,6,0,OPTIMAL,11.2435,6,0,0,0,6,0.0,0.0,0.0,11.2435,120,0.75,2.0,1.0
025_RC103,25,RC,6,1,OPTIMAL,45.992,6,0,0,0,6,0.0,0.0,0.0,45.992,120,0.75,2.0,1.0
025_RC103,25,RC,6,2,OPTIMAL,21.3921,6,0,0,0,6,0.0,0.0,0.0,21.3921,120,0.75,2.0,1.0
025_RC103,25,RC,6,3,OPTIMAL,30.8197,6,0,0,0,6,0.0,0.0,0.0,30.8197,120,0.75,2.0,1.0
025_RC103,25,RC,6,4,OPTIMAL,47.5545,6,0,0,0,6,0.0,0.0,0.0,47.5545,120,0.75,2.0,1.0
025_RC103,25,RC,6,5,OPTIMAL,15.4003,6,0,0,0,6,0.0,0.0,0.0,15.4003,120,0.75,2.0,1.0
025_RC103,25,RC,6,6,OPTIMAL,31.867,6,0,0,0,6,0.0,0.0,0.0,31.867,120,0.75,2.0,1.0
025_RC103,25,RC,6,7,OPTIMAL,21.1052,6,0,0,0,6,0.0,0.0,0.0,21.1052,120,0.75,2.0,1.0
025_RC103,25,RC,6,8,OPTIMAL,36.7725,6,0,0,0,6,0.0,0.0,0.0,36.7725,120,0.75,2.0,1.0
025_RC103,25,RC,6,9,OPTIMAL,29.7963,6,0,0,0,6,0.0,0.0,0.0,29.7963,120,0.75,2.0,1.0
025_RC104,25,RC,2,0,OPTIMAL,1.3818,2,0,0,0,2,0.0,0.0,0.0,1.3818,120,0.75,2.0,1.0
025_RC104,25,RC,2,1,OPTIMAL,53.1972,2,0,0,0,2,0.0,0.0,0.0,53.1972,120,0.75,2.0,1.0
025_RC104,25,RC,2,2,OPTIMAL,7.9925,2,0,0,0,2,0.0,0.0,0.0,7.9925,120,0.75,2.0,1.0
025_RC104,25,RC,2,3,OPTIMAL,10.2851,2,0,0,0,2,0.0,0.0,0.0,10.2851,120,0.75,2.0,1.0
025_RC104,25,RC,2,4,OPTIMAL,10.0989,2,0,0,0,2,0.0,0.0,0.0,10.0989,120,0.75,2.0,1.0
025_RC104,25,RC,2,5,OPTIMAL,14.0275,2,0,0,0,2,0.0,0.0,0.0,14.0275,120,0.75,2.0,1.0
025_RC104,25,RC,2,6,OPTIMAL,63.8413,2,0,0,0,2,0.0,0.0,0.0,63.8413,120,0.75,2.0,1.0
025_RC104,25,RC,2,7,OPTIMAL,3.4044,2,0,0,0,2,0.0,0.0,0.0,3.4044,120,0.75,2.0,1.0
025_RC104,25,RC,2,8,OPTIMAL,0.8816,2,0,0,0,2,0.0,0.0,0.0,0.8816,120,0.75,2.0,1.0
025_RC104,25,RC,2,9,OPTIMAL,5.5714,2,0,0,0,2,0.0,0.0,0.0,5.5714,120,0.75,2.0,1.0
025_RC104,25,RC,4,0,OPTIMAL,23.9093,4,0,0,0,4,0.0,0.0,0.0,23.9093,120,0.75,2.0,1.0
025_RC104,25,RC,4,1,OPTIMAL,12.3863,4,0,0,0,4,0.0,0.0,0.0,12.3863,120,0.75,2.0,1.0
025_RC104,25,RC,4,2,OPTIMAL,9.6753,4,0,0,0,4,0.0,0.0,0.0,9.6753,120,0.75,2.0,1.0
025_RC104,25,RC,4,3,OPTIMAL,9.7071,4,0,0,0,4,0.0,0.0,0.0,9.7071,120,0.75,2.0,1.0
025_RC104,25,RC,4,4,OPTIMAL,14.8253,4,0,0,0,4,0.0,0.0,0.0,14.8253,120,0.75,2.0,1.0
025_RC104,25,RC,4,5,OPTIMAL,16.6698,4,0,0,0,4,0.0,0.0,0.0,16.6698,120,0.75,2.0,1.0
025_RC104,25,RC,4,6,OPTIMAL,3.517,4,0,0,0,4,0.0,0.0,0.0,3.517,120,0.75,2.0,1.0
025_RC104,25,RC,4,7,OPTIMAL,82.0119,4,0,0,0,4,0.0,0.0,0.0,82.0119,120,0.75,2.0,1.0
025_RC104,25,RC,4,8,OPTIMAL,10.7607,4,0,0,0,4,0.0,0.0,0.0,10.7607,120,0.75,2.0,1.0
025_RC104,25,RC,4,9,OPTIMAL,67.1398,4,0,0,0,4,0.0,0.0,0.0,67.1398,120,0.75,2.0,1.0
025_RC104,25,RC,6,0,OPTIMAL,12.1843,6,0,0,0,6,0.0,0.0,0.0,12.1843,120,0.75,2.0,1.0
025_RC104,25,RC,6,1,OPTIMAL,58.6505,6,0,0,0,6,0.0,0.0,0.0,58.6505,120,0.75,2.0,1.0
025_RC104,25,RC,6,2,OPTIMAL,31.8401,6,0,0,0,6,0.0,0.0,0.0,31.8401,120,0.75,2.0,1.0
025_RC104,25,RC,6,3,OPTIMAL,68.7811,6,0,0,0,6,0.0,0.0,0.0,68.7811,120,0.75,2.0,1.0
025_RC104,25,RC,6,4,OPTIMAL,96.3833,6,0,0,0,6,0.0,0.0,0.0,96.3833,120,0.75,2.0,1.0
025_RC104,25,RC,6,5,OPTIMAL,13.9852,6,0,0,0,6,0.0,0.0,0.0,13.9852,120,0.75,2.0,1.0
025_RC104,25,RC,6,6,OPTIMAL,60.7685,6,0,0,0,6,0.0,0.0,0.0,60.7685,120,0.75,2.0,1.0
025_RC104,25,RC,6,7,OPTIMAL,25.6403,6,0,0,0,6,0.0,0.0,0.0,25.6403,120,0.75,2.0,1.0
025_RC104,25,RC,6,8,OPTIMAL,37.1584,6,0,0,0,6,0.0,0.0,0.0,37.1584,120,0.75,2.0,1.0
025_RC104,25,RC,6,9,OPTIMAL,31.0869,6,0,0,0,6,0.0,0.0,0.0,31.0869,120,0.75,2.0,1.0
025_RC105,25,RC,2,0,OPTIMAL,0.407,2,0,0,0,2,0.0,0.0,0.0,0.407,120,0.75,2.0,1.0
025_RC105,25,RC,2,1,OPTIMAL,3.3178,2,0,0,0,2,0.0,0.0,0.0,3.3178,120,0.75,2.0,1.0
025_RC105,25,RC,2,2,OPTIMAL,0.6141,2,0,0,0,2,0.0,0.0,0.0,0.6141,120,0.75,2.0,1.0
025_RC105,25,RC,2,3,OPTIMAL,7.3252,2,0,0,0,2,0.0,0.0,0.0,7.3252,120,0.75,2.0,1.0
025_RC105,25,RC,2,4,OPTIMAL,18.5485,2,0,0,0,2,0.0,0.0,0.0,18.5485,120,0.75,2.0,1.0
025_RC105,25,RC,2,5,OPTIMAL,1.892,2,0,0,0,2,0.0,0.0,0.0,1.892,120,0.75,2.0,1.0
025_RC105,25,RC,2,6,OPTIMAL,30.6603,2,0,0,0,2,0.0,0.0,0.0,30.6603,120,0.75,2.0,1.0
025_RC105,25,RC,2,7,OPTIMAL,3.7257,2,0,0,0,2,0.0,0.0,0.0,3.7257,120,0.75,2.0,1.0
025_RC105,25,RC,2,8,OPTIMAL,0.318,2,0,0,0,2,0.0,0.0,0.0,0.318,120,0.75,2.0,1.0
025_RC105,25,RC,2,9,OPTIMAL,18.5568,2,0,0,0,2,0.0,0.0,0.0,18.5568,120,0.75,2.0,1.0
025_RC105,25,RC,4,0,OPTIMAL,21.9153,4,0,0,0,4,0.0,0.0,0.0,21.9153,120,0.75,2.0,1.0
025_RC105,25,RC,4,1,OPTIMAL,14.7237,4,0,0,0,4,0.0,0.0,0.0,14.7237,120,0.75,2.0,1.0
025_RC105,25,RC,4,2,OPTIMAL,9.8851,4,0,0,0,4,0.0,0.0,0.0,9.8851,120,0.75,2.0,1.0
025_RC105,25,RC,4,3,OPTIMAL,8.2631,4,0,0,0,4,0.0,0.0,0.0,8.2631,120,0.75,2.0,1.0
025_RC105,25,RC,4,4,OPTIMAL,14.9553,4,0,0,0,4,0.0,0.0,0.0,14.9553,120,0.75,2.0,1.0
025_RC105,25,RC,4,5,OPTIMAL,5.2126,4,0,0,0,4,0.0,0.0,0.0,5.2126,120,0.75,2.0,1.0
025_RC105,25,RC,4,6,OPTIMAL,2.6269,4,0,0,0,4,0.0,0.0,0.0,2.6269,120,0.75,2.0,1.0
025_RC105,25,RC,4,7,OPTIMAL,35.3883,4,0,0,0,4,0.0,0.0,0.0,35.3883,120,0.75,2.0,1.0
025_RC105,25,RC,4,8,OPTIMAL,9.8671,4,0,0,0,4,0.0,0.0,0.0,9.8671,120,0.75,2.0,1.0
025_RC105,25,RC,4,9,OPTIMAL,20.8422,4,0,0,0,4,0.0,0.0,0.0,20.8422,120,0.75,2.0,1.0
025_RC105,25,RC,6,0,OPTIMAL,25.4236,6,0,0,0,6,0.0,0.0,0.0,25.4236,120,0.75,2.0,1.0
025_RC105,25,RC,6,1,OPTIMAL,9.9317,6,0,0,0,6,0.0,0.0,0.0,9.9317,120,0.75,2.0,1.0
025_RC105,25,RC,6,2,OPTIMAL,14.4138,6,0,0,0,6,0.0,0.0,0.0,14.4138,120,0.75,2.0,1.0
025_RC105,25,RC,6,3,OPTIMAL,35.2544,6,0,0,0,6,0.0,0.0,0.0,35.2544,120,0.75,2.0,1.0
025_RC105,25,RC,6,4,OPTIMAL,58.1823,6,0,0,0,6,0.0,0.0,0.0,58.1823,120,0.75,2.0,1.0
025_RC105,25,RC,6,5,OPTIMAL,20.7707,6,0,0,0,6,0.0,0.0,0.0,20.7707,120,0.75,2.0,1.0
025_RC105,25,RC,6,6,OPTIMAL,15.3592,6,0,0,0,6,0.0,0.0,0.0,15.3592,120,0.75,2.0,1.0
025_RC105,25,RC,6,7,OPTIMAL,31.4305,6,0,0,0,6,0.0,0.0,0.0,31.4305,120,0.75,2.0,1.0
025_RC105,25,RC,6,8,OPTIMAL,34.0292,6,0,0,0,6,0.0,0.0,0.0,34.0292,120,0.75,2.0,1.0
025_RC105,25,RC,6,9,OPTIMAL,38.0907,6,0,0,0,6,0.0,0.0,0.0,38.0907,120,0.75,2.0,1.0
025_RC106,25,RC,2,0,OPTIMAL,0.9628,2,0,0,0,2,0.0,0.0,0.0,0.9628,120,0.75,2.0,1.0
025_RC106,25,RC,2,1,OPTIMAL,1.3631,2,0,0,0,2,0.0,0.0,0.0,1.3631,120,0.75,2.0,1.0
025_RC106,25,RC,2,2,OPTIMAL,0.6825,2,0,0,0,2,0.0,0.0,0.0,0.6825,120,0.75,2.0,1.0
025_RC106,25,RC,2,3,OPTIMAL,7.311,2,0,0,0,2,0.0,0.0,0.0,7.311,120,0.75,2.0,1.0
025_RC106,25,RC,2,4,OPTIMAL,18.5505,2,0,0,0,2,0.0,0.0,0.0,18.5505,120,0.75,2.0,1.0
025_RC106,25,RC,2,5,OPTIMAL,1.892,2,0,0,0,2,0.0,0.0,0.0,1.892,120,0.75,2.0,1.0
025_RC106,25,RC,2,6,OPTIMAL,12.001,2,0,0,0,2,0.0,0.0,0.0,12.001,120,0.75,2.0,1.0
025_RC106,25,RC,2,7,OPTIMAL,5.3562,2,0,0,0,2,0.0,0.0,0.0,5.3562,120,0.75,2.0,1.0
025_RC106,25,RC,2,8,OPTIMAL,0.4544,2,0,0,0,2,0.0,0.0,0.0,0.4544,120,0.75,2.0,1.0
025_RC106,25,RC,2,9,OPTIMAL,12.0134,2,0,0,0,2,0.0,0.0,0.0,12.0134,120,0.75,2.0,1.0
025_RC106,25,RC,4,0,OPTIMAL,13.4849,4,0,0,0,4,0.0,0.0,0.0,13.4849,120,0.75,2.0,1.0
025_RC106,25,RC,4,1,OPTIMAL,41.8332,4,0,0,0,4,0.0,0.0,0.0,41.8332,120,0.75,2.0,1.0
025_RC106,25,RC,4,2,OPTIMAL,3.0888,4,0,0,0,4,0.0,0.0,0.0,3.0888,120,0.75,2.0,1.0
025_RC106,25,RC,4,3,OPTIMAL,10.8136,4,0,0,0,4,0.0,0.0,0.0,10.8136,120,0.75,2.0,1.0
025_RC106,25,RC,4,4,OPTIMAL,31.1292,4,0,0,0,4,0.0,0.0,0.0,31.1292,120,0.75,2.0,1.0
025_RC106,25,RC,4,5,OPTIMAL,13.4775,4,0,0,0,4,0.0,0.0,0.0,13.4775,120,0.75,2.0,1.0
025_RC106,25,RC,4,6,OPTIMAL,1.526,4,0,0,0,4,0.0,0.0,0.0,1.526,120,0.75,2.0,1.0
025_RC106,25,RC,4,7,OPTIMAL,19.9645,4,0,0,0,4,0.0,0.0,0.0,19.9645,120,0.75,2.0,1.0
025_RC106,25,RC,4,8,OPTIMAL,26.6128,4,0,0,0,4,0.0,0.0,0.0,26.6128,120,0.75,2.0,1.0
025_RC106,25,RC,4,9,OPTIMAL,46.5727,4,0,0,0,4,0.0,0.0,0.0,46.5727,120,0.75,2.0,1.0
025_RC106,25,RC,6,0,OPTIMAL,18.4522,6,0,0,0,6,0.0,0.0,0.0,18.4522,120,0.75,2.0,1.0
025_RC106,25,RC,6,1,OPTIMAL,8.4877,6,0,0,0,6,0.0,0.0,0.0,8.4877,120,0.75,2.0,1.0
025_RC106,25,RC,6,2,OPTIMAL,26.2718,6,0,0,0,6,0.0,0.0,0.0,26.2718,120,0.75,2.0,1.0
025_RC106,25,RC,6,3,OPTIMAL,19.0667,6,0,0,0,6,0.0,0.0,0.0,19.0667,120,0.75,2.0,1.0
025_RC106,25,RC,6,4,OPTIMAL,66.7681,6,0,0,0,6,0.0,0.0,0.0,66.7681,120,0.75,2.0,1.0
025_RC106,25,RC,6,5,OPTIMAL,21.9647,6,0,0,0,6,0.0,0.0,0.0,21.9647,120,0.75,2.0,1.0
025_RC106,25,RC,6,6,OPTIMAL,19.949,6,0,0,0,6,0.0,0.0,0.0,19.949,120,0.75,2.0,1.0
025_RC106,25,RC,6,7,OPTIMAL,23.9322,6,0,0,0,6,0.0,0.0,0.0,23.9322,120,0.75,2.0,1.0
025_RC106,25,RC,6,8,OPTIMAL,31.7296,6,0,0,0,6,0.0,0.0,0.0,31.7296,120,0.75,2.0,1.0
025_RC106,25,RC,6,9,OPTIMAL,21.3983,6,0,0,0,6,0.0,0.0,0.0,21.3983,120,0.75,2.0,1.0
025_RC107,25,RC,2,0,OPTIMAL,6.5006,2,0,0,0,2,0.0,0.0,0.0,6.5006,120,0.75,2.0,1.0
025_RC107,25,RC,2,1,OPTIMAL,0.1217,2,0,0,0,2,0.0,0.0,0.0,0.1217,120,0.75,2.0,1.0
025_RC107,25,RC,2,2,OPTIMAL,43.687,2,0,0,0,2,0.0,0.0,0.0,43.687,120,0.75,2.0,1.0
025_RC107,25,RC,2,3,OPTIMAL,51.646,2,0,0,0,2,0.0,0.0,0.0,51.646,120,0.75,2.0,1.0
025_RC107,25,RC,2,4,OPTIMAL,18.5505,2,0,0,0,2,0.0,0.0,0.0,18.5505,120,0.75,2.0,1.0
025_RC107,25,RC,2,5,OPTIMAL,49.0675,2,0,0,0,2,0.0,0.0,0.0,49.0675,120,0.75,2.0,1.0
025_RC107,25,RC,2,6,OPTIMAL,5.8019,2,0,0,0,2,0.0,0.0,0.0,5.8019,120,0.75,2.0,1.0
025_RC107,25,RC,2,7,OPTIMAL,0.5254,2,0,0,0,2,0.0,0.0,0.0,0.5254,120,0.75,2.0,1.0
025_RC107,25,RC,2,8,OPTIMAL,0.8934,2,0,0,0,2,0.0,0.0,0.0,0.8934,120,0.75,2.0,1.0
025_RC107,25,RC,2,9,OPTIMAL,18.5456,2,0,0,0,2,0.0,0.0,0.0,18.5456,120,0.75,2.0,1.0
025_RC107,25,RC,4,0,OPTIMAL,42.0288,4,0,0,0,4,0.0,0.0,0.0,42.0288,120,0.75,2.0,1.0
025_RC107,25,RC,4,1,OPTIMAL,31.5584,4,0,0,0,4,0.0,0.0,0.0,31.5584,120,0.75,2.0,1.0
025_RC107,25,RC,4,2,OPTIMAL,0.9685,4,0,0,0,4,0.0,0.0,0.0,0.9685,120,0.75,2.0,1.0
025_RC107,25,RC,4,3,OPTIMAL,54.5773,4,0,0,0,4,0.0,0.0,0.0,54.5773,120,0.75,2.0,1.0
025_RC107,25,RC,4,4,OPTIMAL,24.3754,4,0,0,0,4,0.0,0.0,0.0,24.3754,120,0.75,2.0,1.0
025_RC107,25,RC,4,5,OPTIMAL,20.9033,4,0,0,0,4,0.0,0.0,0.0,20.9033,120,0.75,2.0,1.0
025_RC107,25,RC,4,6,OPTIMAL,30.7061,4,0,0,0,4,0.0,0.0,0.0,30.7061,120,0.75,2.0,1.0
025_RC107,25,RC,4,7,OPTIMAL,38.5756,4,0,0,0,4,0.0,0.0,0.0,38.5756,120,0.75,2.0,1.0
025_RC107,25,RC,4,8,OPTIMAL,26.5695,4,0,0,0,4,0.0,0.0,0.0,26.5695,120,0.75,2.0,1.0
025_RC107,25,RC,4,9,OPTIMAL,29.4268,4,0,0,0,4,0.0,0.0,0.0,29.4268,120,0.75,2.0,1.0
025_RC107,25,RC,6,0,OPTIMAL,19.4482,6,0,0,0,6,0.0,0.0,0.0,19.4482,120,0.75,2.0,1.0
025_RC107,25,RC,6,1,OPTIMAL,123.9719,6,0,0,0,6,0.0,0.0,0.0,123.9719,120,0.75,2.0,1.0
025_RC107,25,RC,6,2,OPTIMAL,105.9001,6,0,0,0,6,0.0,0.0,0.0,105.9001,120,0.75,2.0,1.0
025_RC107,25,RC,6,3,OPTIMAL,14.8635,6,0,0,0,6,0.0,0.0,0.0,14.8635,120,0.75,2.0,1.0
025_RC107,25,RC,6,4,OPTIMAL,140.5817,6,0,0,0,6,0.0,0.0,0.0,140.5817,120,0.75,2.0,1.0
025_RC107,25,RC,6,5,OPTIMAL,8.2996,6,0,0,0,6,0.0,0.0,0.0,8.2996,120,0.75,2.0,1.0
025_RC107,25,RC,6,6,OPTIMAL,37.7081,6,0,0,0,6,0.0,0.0,0.0,37.7081,120,0.75,2.0,1.0
025_RC107,25,RC,6,7,OPTIMAL,69.3457,6,0,0,0,6,0.0,0.0,0.0,69.3457,120,0.75,2.0,1.0
025_RC107,25,RC,6,8,OPTIMAL,83.7515,6,0,0,0,6,0.0,0.0,0.0,83.7515,120,0.75,2.0,1.0
025_RC107,25,RC,6,9,OPTIMAL,38.0564,6,0,0,0,6,0.0,0.0,0.0,38.0564,120,0.75,2.0,1.0
025_RC108,25,RC,2,0,OPTIMAL,5.5491,2,0,0,0,2,0.0,0.0,0.0,5.5491,120,0.75,2.0,1.0
025_RC108,25,RC,2,1,OPTIMAL,0.6093,2,0,0,0,2,0.0,0.0,0.0,0.6093,120,0.75,2.0,1.0
025_RC108,25,RC,2,2,OPTIMAL,13.4825,2,0,0,0,2,0.0,0.0,0.0,13.4825,120,0.75,2.0,1.0
025_RC108,25,RC,2,3,OPTIMAL,63.2721,2,1,1,0,1,0.5,62.2384,0.0,1.0337,120,0.75,2.0,1.0
025_RC108,25,RC,2,4,OPTIMAL,37.0989,2,0,0,0,2,0.0,0.0,0.0,37.0989,120,0.75,2.0,1.0
025_RC108,25,RC,2,5,OPTIMAL,49.0675,2,0,0,0,2,0.0,0.0,0.0,49.0675,120,0.75,2.0,1.0
025_RC108,25,RC,2,6,OPTIMAL,43.3463,2,0,0,0,2,0.0,0.0,0.0,43.3463,120,0.75,2.0,1.0
025_RC108,25,RC,2,7,OPTIMAL,52.5693,2,1,1,0,1,0.5,49.4275,0.0,3.1418,120,0.75,2.0,1.0
025_RC108,25,RC,2,8,OPTIMAL,0.6163,2,0,0,0,2,0.0,0.0,0.0,0.6163,120,0.75,2.0,1.0
025_RC108,25,RC,2,9,OPTIMAL,37.0966,2,0,0,0,2,0.0,0.0,0.0,37.0966,120,0.75,2.0,1.0
025_RC108,25,RC,4,0,OPTIMAL,77.7443,4,0,0,0,4,0.0,0.0,0.0,77.7443,120,0.75,2.0,1.0
025_RC108,25,RC,4,1,OPTIMAL,79.2086,4,1,1,0,3,0.25,64.3445,0.0,14.8642,120,0.75,2.0,1.0
025_RC108,25,RC,4,2,OPTIMAL,41.1729,4,0,0,0,4,0.0,0.0,0.0,41.1729,120,0.75,2.0,1.0
025_RC108,25,RC,4,3,OPTIMAL,69.9001,4,1,1,0,3,0.25,61.0955,0.0,8.8046,120,0.75,2.0,1.0
025_RC108,25,RC,4,4,OPTIMAL,75.1082,4,1,1,0,3,0.25,60.839,0.0,14.2692,120,0.75,2.0,1.0
025_RC108,25,RC,4,5,OPTIMAL,22.374,4,0,0,0,4,0.0,0.0,0.0,22.374,120,0.75,2.0,1.0
025_RC108,25,RC,4,6,OPTIMAL,15.2787,4,0,0,0,4,0.0,0.0,0.0,15.2787,120,0.75,2.0,1.0
025_RC108,25,RC,4,7,OPTIMAL,75.9334,4,0,0,0,4,0.0,0.0,0.0,75.9334,120,0.75,2.0,1.0
025_RC108,25,RC,4,8,OPTIMAL,51.0758,4,0,0,0,4,0.0,0.0,0.0,51.0758,120,0.75,2.0,1.0
025_RC108,25,RC,4,9,OPTIMAL,66.4985,4,0,0,0,4,0.0,0.0,0.0,66.4985,120,0.75,2.0,1.0
025_RC108,25,RC,6,0,OPTIMAL,42.7324,6,0,0,0,6,0.0,0.0,0.0,42.7324,120,0.75,2.0,1.0
025_RC108,25,RC,6,1,OPTIMAL,113.799,6,2,1,1,4,0.3333,92.4053,0.0,21.3936,120,0.75,2.0,1.0
025_RC108,25,RC,6,2,OPTIMAL,45.5383,6,0,0,0,6,0.0,0.0,0.0,45.5383,120,0.75,2.0,1.0
025_RC108,25,RC,6,3,OPTIMAL,62.8751,6,0,0,0,6,0.0,0.0,0.0,62.8751,120,0.75,2.0,1.0
025_RC108,25,RC,6,4,OPTIMAL,193.2713,6,2,2,0,4,0.3333,109.7682,0.0,83.5031,120,0.75,2.0,1.0
025_RC108,25,RC,6,5,OPTIMAL,26.4508,6,0,0,0,6,0.0,0.0,0.0,26.4508,120,0.75,2.0,1.0
025_RC108,25,RC,6,6,OPTIMAL,29.5935,6,0,0,0,6,0.0,0.0,0.0,29.5935,120,0.75,2.0,1.0
025_RC108,25,RC,6,7,OPTIMAL,89.6389,6,1,0,1,5,0.1667,66.0762,0.0,23.5627,120,0.75,2.0,1.0
025_RC108,25,RC,6,8,OPTIMAL,149.2114,6,2,1,1,4,0.3333,121.9357,0.0,27.2756,120,0.75,2.0,1.0
025_RC108,25,RC,6,9,OPTIMAL,85.7443,6,1,1,0,5,0.1667,52.4351,0.0,33.3092,120,0.75,2.0,1.0
025_RC201,25,RC,2,0,OPTIMAL,29.6361,2,0,0,0,2,0.0,0.0,0.0,29.6361,120,0.75,2.0,1.0
025_RC201,25,RC,2,1,OPTIMAL,14.0882,2,0,0,0,2,0.0,0.0,0.0,14.0882,120,0.75,2.0,1.0
025_RC201,25,RC,2,2,OPTIMAL,106.2211,2,2,1,1,0,1.0,106.2211,0.0,0.0,120,0.75,2.0,1.0
025_RC201,25,RC,2,3,OPTIMAL,118.1334,2,2,2,0,0,1.0,118.1334,0.0,0.0,120,0.75,2.0,1.0
025_RC201,25,RC,2,4,OPTIMAL,99.9719,2,0,0,0,2,0.0,0.0,0.0,99.9719,120,0.75,2.0,1.0
025_RC201,25,RC,2,5,OPTIMAL,60.7379,2,1,0,1,1,0.5,48.456,0.0,12.2819,120,0.75,2.0,1.0
025_RC201,25,RC,2,6,OPTIMAL,121.9043,2,2,2,0,0,1.0,121.9043,0.0,0.0,120,0.75,2.0,1.0
025_RC201,25,RC,2,7,OPTIMAL,52.0099,2,1,1,0,1,0.5,49.4275,0.0,2.5824,120,0.75,2.0,1.0
025_RC201,25,RC,2,8,OPTIMAL,1.2635,2,0,0,0,2,0.0,0.0,0.0,1.2635,120,0.75,2.0,1.0
025_RC201,25,RC,2,9,OPTIMAL,62.471,2,0,0,0,2,0.0,0.0,0.0,62.471,120,0.75,2.0,1.0
025_RC201,25,RC,4,0,OPTIMAL,83.1459,4,1,0,1,3,0.25,58.4584,0.0,24.6875,120,0.75,2.0,1.0
025_RC201,25,RC,4,1,OPTIMAL,114.4253,4,1,1,0,3,0.25,64.3445,0.0,50.0808,120,0.75,2.0,1.0
025_RC201,25,RC,4,2,OPTIMAL,109.9348,4,2,1,1,2,0.5,99.4578,0.0,10.4771,120,0.75,2.0,1.0
025_RC201,25,RC,4,3,OPTIMAL,117.7827,4,2,2,0,2,0.5,114.3572,0.0,3.4255,120,0.75,2.0,1.0
025_RC201,25,RC,4,4,OPTIMAL,128.0467,4,2,2,0,2,0.5,115.7842,0.0,12.2625,120,0.75,2.0,1.0
025_RC201,25,RC,4,5,OPTIMAL,113.8248,4,2,1,1,2,0.5,104.7491,0.0,9.0758,120,0.75,2.0,1.0
025_RC201,25,RC,4,6,OPTIMAL,80.0356,4,1,1,0,3,0.25,53.4904,0.0,26.5451,120,0.75,2.0,1.0
025_RC201,25,RC,4,7,OPTIMAL,106.9187,4,1,1,0,3,0.25,72.0243,0.0,34.8945,120,0.75,2.0,1.0
025_RC201,25,RC,4,8,OPTIMAL,113.1422,4,1,1,0,3,0.25,58.0436,0.0,55.0986,120,0.75,2.0,1.0
025_RC201,25,RC,4,9,OPTIMAL,161.2351,4,2,2,0,2,0.5,139.3101,0.0,21.9251,120,0.75,2.0,1.0
025_RC201,25,RC,6,0,OPTIMAL,181.1327,6,2,2,0,4,0.3333,118.9101,0.0,62.2226,120,0.75,2.0,1.0
025_RC201,25,RC,6,1,OPTIMAL,201.8806,6,4,2,2,2,0.6667,196.2489,0.0,5.6318,120,0.75,2.0,1.0
025_RC201,25,RC,6,2,OPTIMAL,120.4864,6,1,0,1,5,0.1667,64.3689,0.0,56.1176,120,0.75,2.0,1.0
025_RC201,25,RC,6,3,OPTIMAL,174.0559,6,2,1,1,4,0.3333,119.2178,0.0,54.8382,120,0.75,2.0,1.0
025_RC201,25,RC,6,4,OPTIMAL,319.7254,6,5,3,2,1,0.8333,299.3275,0.0,20.3979,120,0.75,2.0,1.0
025_RC201,25,RC,6,5,OPTIMAL,71.1601,6,0,0,0,6,0.0,0.0,0.0,71.1601,120,0.75,2.0,1.0
025_RC201,25,RC,6,6,OPTIMAL,141.2982,6,1,0,1,5,0.1667,57.18,0.0,84.1182,120,0.75,2.0,1.0
025_RC201,25,RC,6,7,OPTIMAL,238.3881,6,4,0,4,2,0.6667,232.449,0.0,5.9391,120,0.75,2.0,1.0
025_RC201,25,RC,6,8,OPTIMAL,151.0273,6,2,1,1,4,0.3333,121.9357,0.0,29.0915,120,0.75,2.0,1.0
025_RC201,25,RC,6,9,OPTIMAL,206.4357,6,3,2,1,3,0.5,164.6196,0.0,41.816,120,0.75,2.0,1.0
025_RC202,25,RC,2,0,OPTIMAL,33.3068,2,0,0,0,2,0.0,0.0,0.0,33.3068,120,0.75,2.0,1.0
025_RC202,25,RC,2,1,OPTIMAL,15.0929,2,0,0,0,2,0.0,0.0,0.0,15.0929,120,0.75,2.0,1.0
025_RC202,25,RC,2,2,OPTIMAL,106.2211,2,2,1,1,0,1.0,106.2211,0.0,0.0,120,0.75,2.0,1.0
025_RC202,25,RC,2,3,OPTIMAL,118.1334,2,2,2,0,0,1.0,118.1334,0.0,0.0,120,0.75,2.0,1.0
025_RC202,25,RC,2,4,OPTIMAL,20.8789,2,0,0,0,2,0.0,0.0,0.0,20.8789,120,0.75,2.0,1.0
025_RC202,25,RC,2,5,OPTIMAL,108.343,2,2,0,2,0,1.0,108.343,0.0,0.0,120,0.75,2.0,1.0
025_RC202,25,RC,2,6,OPTIMAL,121.9043,2,2,2,0,0,1.0,121.9043,0.0,0.0,120,0.75,2.0,1.0
025_RC202,25,RC,2,7,OPTIMAL,98.7047,2,2,1,1,0,1.0,98.7047,0.0,0.0,120,0.75,2.0,1.0
025_RC202,25,RC,2,8,OPTIMAL,32.0789,2,0,0,0,2,0.0,0.0,0.0,32.0789,120,0.75,2.0,1.0
025_RC202,25,RC,2,9,OPTIMAL,38.0953,2,0,0,0,2,0.0,0.0,0.0,38.0953,120,0.75,2.0,1.0
025_RC202,25,RC,4,0,OPTIMAL,228.4287,4,4,0,4,0,1.0,228.4287,0.0,0.0,120,0.75,2.0,1.0
025_RC202,25,RC,4,1,OPTIMAL,216.1253,4,3,1,2,1,0.75,182.5816,0.0,33.5437,120,0.75,2.0,1.0
025_RC202,25,RC,4,2,OPTIMAL,146.1437,4,2,1,1,2,0.5,99.4578,0.0,46.6859,120,0.75,2.0,1.0
025_RC202,25,RC,4,3,OPTIMAL,143.5569,4,2,2,0,2,0.5,114.3572,0.0,29.1997,120,0.75,2.0,1.0
025_RC202,25,RC,4,4,OPTIMAL,199.6402,4,3,2,1,1,0.75,165.5788,0.0,34.0614,120,0.75,2.0,1.0
025_RC202,25,RC,4,5,OPTIMAL,103.2198,4,1,1,0,3,0.25,53.3988,0.0,49.821,120,0.75,2.0,1.0
025_RC202,25,RC,4,6,OPTIMAL,159.2871,4,3,2,1,1,0.75,157.9296,0.0,1.3575,120,0.75,2.0,1.0
025_RC202,25,RC,4,7,OPTIMAL,106.9187,4,1,1,0,3,0.25,72.0243,0.0,34.8945,120,0.75,2.0,1.0
025_RC202,25,RC,4,8,OPTIMAL,117.0341,4,1,1,0,3,0.25,58.0436,0.0,58.9905,120,0.75,2.0,1.0
025_RC202,25,RC,4,9,OPTIMAL,149.0703,4,2,2,0,2,0.5,127.7212,0.0,21.349,120,0.75,2.0,1.0
025_RC202,25,RC,6,0,OPTIMAL,180.2513,6,2,2,0,4,0.3333,118.9101,0.0,61.3412,120,0.75,2.0,1.0
025_RC202,25,RC,6,1,OPTIMAL,245.2732,6,4,3,1,2,0.6667,205.7891,0.0,39.4841,120,0.75,2.0,1.0
025_RC202,25,RC,6,2,OPTIMAL,212.8863,6,3,0,3,3,0.5,174.949,0.0,37.9373,120,0.75,2.0,1.0
025_RC202,25,RC,6,3,OPTIMAL,189.0597,6,3,1,2,3,0.5,173.2546,0.0,15.8051,120,0.75,2.0,1.0
025_RC202,25,RC,6,4,OPTIMAL,366.7568,6,6,3,3,0,1.0,366.7568,0.0,0.0,120,0.75,2.0,1.0
025_RC202,25,RC,6,5,OPTIMAL,103.5214,6,1,1,0,5,0.1667,46.7172,0.0,56.8042,120,0.75,2.0,1.0
025_RC202,25,RC,6,6,OPTIMAL,233.4473,6,4,3,1,2,0.6667,218.6721,0.0,14.7753,120,0.75,2.0,1.0
025_RC202,25,RC,6,7,OPTIMAL,160.5626,6,2,0,2,4,0.3333,127.3956,0.0,33.167,120,0.75,2.0,1.0
025_RC202,25,RC,6,8,OPTIMAL,160.0116,6,2,1,1,4,0.3333,109.613,0.0,50.3986,120,0.75,2.0,1.0
025_RC202,25,RC,6,9,OPTIMAL,248.5288,6,4,2,2,2,0.6667,225.2484,0.0,23.2803,120,0.75,2.0,1.0
025_RC203,25,RC,2,0,OPTIMAL,33.3068,2,0,0,0,2,0.0,0.0,0.0,33.3068,120,0.75,2.0,1.0
025_RC203,25,RC,2,1,OPTIMAL,64.262,2,1,1,0,1,0.5,62.0534,0.0,2.2085,120,0.75,2.0,1.0
025_RC203,25,RC,2,2,OPTIMAL,106.2211,2,2,1,1,0,1.0,106.2211,0.0,0.0,120,0.75,2.0,1.0
025_RC203,25,RC,2,3,OPTIMAL,118.1334,2,2,2,0,0,1.0,118.1334,0.0,0.0,120,0.75,2.0,1.0
025_RC203,25,RC,2,4,OPTIMAL,66.0405,2,1,0,1,1,0.5,66.0402,0.0,0.0003,120,0.75,2.0,1.0
025_RC203,25,RC,2,5,OPTIMAL,60.7379,2,1,0,1,1,0.5,48.456,0.0,12.2819,120,0.75,2.0,1.0
025_RC203,25,RC,2,6,OPTIMAL,121.9043,2,2,2,0,0,1.0,121.9043,0.0,0.0,120,0.75,2.0,1.0
025_RC203,25,RC,2,7,OPTIMAL,52.0099,2,1,1,0,1,0.5,49.4275,0.0,2.5824,120,0.75,2.0,1.0
025_RC203,25,RC,2,8,OPTIMAL,107.0023,2,2,2,0,0,1.0,107.0023,0.0,0.0,120,0.75,2.0,1.0
025_RC203,25,RC,2,9,OPTIMAL,66.4547,2,1,0,1,1,0.5,66.4435,0.0,0.0112,120,0.75,2.0,1.0
025_RC203,25,RC,4,0,OPTIMAL,63.9026,4,0,0,0,4,0.0,0.0,0.0,63.9026,120,0.75,2.0,1.0
025_RC203,25,RC,4,1,OPTIMAL,181.5224,4,2,1,1,2,0.5,124.7353,0.0,56.7871,120,0.75,2.0,1.0
025_RC203,25,RC,4,2,OPTIMAL,114.2258,4,2,1,1,2,0.5,99.4578,0.0,14.768,120,0.75,2.0,1.0
025_RC203,25,RC,4,3,OPTIMAL,175.728,4,3,3,0,1,0.75,172.4109,0.0,3.317,120,0.75,2.0,1.0
025_RC203,25,RC,4,4,OPTIMAL,153.5656,4,2,2,0,2,0.5,115.7842,0.0,37.7814,120,0.75,2.0,1.0
025_RC203,25,RC,4,5,OPTIMAL,112.5671,4,2,2,0,2,0.5,104.7491,0.0,7.8181,120,0.75,2.0,1.0
025_RC203,25,RC,4,6,OPTIMAL,110.6912,4,2,2,0,2,0.5,109.7745,0.0,0.9167,120,0.75,2.0,1.0
025_RC203,25,RC,4,7,OPTIMAL,224.6283,4,3,3,0,1,0.75,209.5569,0.0,15.0714,120,0.75,2.0,1.0
025_RC203,25,RC,4,8,OPTIMAL,175.2751,4,2,2,0,2,0.5,120.1774,0.0,55.0977,120,0.75,2.0,1.0
025_RC203,25,RC,4,9,OPTIMAL,157.8521,4,2,2,0,2,0.5,127.7212,0.0,30.1309,120,0.75,2.0,1.0
025_RC203,25,RC,6,0,OPTIMAL,243.0813,6,4,4,0,2,0.6667,239.7005,0.0,3.3808,120,0.75,2.0,1.0
025_RC203,25,RC,6,1,OPTIMAL,257.1321,6,5,4,1,1,0.8333,257.1318,0.0,0.0003,120,0.75,2.0,1.0
025_RC203,25,RC,6,2,OPTIMAL,169.5248,6,2,0,2,4,0.3333,120.2274,0.0,49.2974,120,0.75,2.0,1.0
025_RC203,25,RC,6,3,OPTIMAL,234.2471,6,4,2,2,2,0.6667,226.6607,0.0,7.5864,120,0.75,2.0,1.0
025_RC203,25,RC,6,4,OPTIMAL,319.7254,6,5,4,1,1,0.8333,299.3275,0.0,20.3979,120,0.75,2.0,1.0
025_RC203,25,RC,6,5,OPTIMAL,171.007,6,1,1,0,5,0.1667,46.7172,0.0,124.2898,120,0.75,2.0,1.0
025_RC203,25,RC,6,6,OPTIMAL,271.674,6,4,3,1,2,0.6667,218.6721,0.0,53.0019,120,0.75,2.0,1.0
025_RC203,25,RC,6,7,OPTIMAL,142.1095,6,2,0,2,4,0.3333,127.3956,0.0,14.7139,120,0.75,2.0,1.0
025_RC203,25,RC,6,8,OPTIMAL,205.8652,6,3,3,0,3,0.5,178.8443,0.0,27.0209,120,0.75,2.0,1.0
025_RC203,25,RC,6,9,OPTIMAL,210.2775,6,3,2,1,3,0.5,164.6196,0.0,45.6579,120,0.75,2.0,1.0
025_RC204,25,RC,2,0,OPTIMAL,87.0617,2,1,0,1,1,0.5,54.1163,0.0,32.9454,120,0.75,2.0,1.0
025_RC204,25,RC,2,1,OPTIMAL,64.262,2,1,1,0,1,0.5,62.0534,0.0,2.2085,120,0.75,2.0,1.0
025_RC204,25,RC,2,2,OPTIMAL,106.2211,2,2,2,0,0,1.0,106.2211,0.0,0.0,120,0.75,2.0,1.0
025_RC204,25,RC,2,3,OPTIMAL,118.1334,2,2,2,0,0,1.0,118.1334,0.0,0.0,120,0.75,2.0,1.0
025_RC204,25,RC,2,4,OPTIMAL,66.3231,2,1,0,1,1,0.5,66.0402,0.0,0.2829,120,0.75,2.0,1.0
025_RC204,25,RC,2,5,OPTIMAL,60.7379,2,1,0,1,1,0.5,48.456,0.0,12.2819,120,0.75,2.0,1.0
025_RC204,25,RC,2,6,OPTIMAL,121.9043,2,2,2,0,0,1.0,121.9043,0.0,0.0,120,0.75,2.0,1.0
025_RC204,25,RC,2,7,OPTIMAL,98.7047,2,2,1,1,0,1.0,98.7047,0.0,0.0,120,0.75,2.0,1.0
025_RC204,25,RC,2,8,OPTIMAL,107.0023,2,2,2,0,0,1.0,107.0023,0.0,0.0,120,0.75,2.0,1.0
025_RC204,25,RC,2,9,OPTIMAL,70.6937,2,1,0,1,1,0.5,66.4435,0.0,4.2502,120,0.75,2.0,1.0
025_RC204,25,RC,4,0,OPTIMAL,130.1174,4,2,1,1,2,0.5,127.1253,0.0,2.9921,120,0.75,2.0,1.0
025_RC204,25,RC,4,1,OPTIMAL,223.566,4,3,2,1,1,0.75,176.4499,0.0,47.116,120,0.75,2.0,1.0
025_RC204,25,RC,4,2,OPTIMAL,162.0097,4,3,1,2,1,0.75,156.5133,0.0,5.4964,120,0.75,2.0,1.0
025_RC204,25,RC,4,3,OPTIMAL,217.1876,4,4,3,1,0,1.0,217.1876,0.0,0.0,120,0.75,2.0,1.0
025_RC204,25,RC,4,4,OPTIMAL,198.8995,4,3,2,1,1,0.75,163.7783,0.0,35.1212,120,0.75,2.0,1.0
025_RC204,25,RC,4,5,OPTIMAL,116.7216,4,2,2,0,2,0.5,104.7491,0.0,11.9726,120,0.75,2.0,1.0
025_RC204,25,RC,4,6,OPTIMAL,110.6912,4,2,2,0,2,0.5,109.7745,0.0,0.9167,120,0.75,2.0,1.0
025_RC204,25,RC,4,7,OPTIMAL,273.1135,4,4,4,0,0,1.0,273.1135,0.0,0.0,120,0.75,2.0,1.0
025_RC204,25,RC,4,8,OPTIMAL,175.2751,4,2,2,0,2,0.5,120.1774,0.0,55.0977,120,0.75,2.0,1.0
025_RC204,25,RC,4,9,OPTIMAL,202.5473,4,3,3,0,1,0.75,184.577,0.0,17.9703,120,0.75,2.0,1.0
025_RC204,25,RC,6,0,OPTIMAL,289.8034,6,5,5,0,1,0.8333,289.0849,0.0,0.7185,120,0.75,2.0,1.0
025_RC204,25,RC,6,1,OPTIMAL,305.831,6,6,4,2,0,1.0,305.831,0.0,0.0,120,0.75,2.0,1.0
025_RC204,25,RC,6,2,OPTIMAL,238.0687,6,4,4,0,2,0.6667,224.004,0.0,14.0647,120,0.75,2.0,1.0
025_RC204,25,RC,6,3,OPTIMAL,234.2471,6,4,3,1,2,0.6667,226.6607,0.0,7.5864,120,0.75,2.0,1.0
025_RC204,25,RC,6,4,OPTIMAL,366.7568,6,6,4,2,0,1.0,366.7568,0.0,0.0,120,0.75,2.0,1.0
025_RC204,25,RC,6,5,OPTIMAL,260.5621,6,3,2,1,3,0.5,173.2216,0.0,87.3405,120,0.75,2.0,1.0
025_RC204,25,RC,6,6,OPTIMAL,293.6955,6,5,4,1,1,0.8333,271.6405,0.0,22.0551,120,0.75,2.0,1.0
025_RC204,25,RC,6,7,OPTIMAL,194.3806,6,3,1,2,3,0.5,183.0816,0.0,11.299,120,0.75,2.0,1.0
025_RC204,25,RC,6,8,OPTIMAL,296.736,6,5,4,1,1,0.8333,296.2464,0.0,0.4896,120,0.75,2.0,1.0
025_RC204,25,RC,6,9,OPTIMAL,297.237,6,5,4,1,1,0.8333,285.792,0.0,11.445,120,0.75,2.0,1.0
025_RC205,25,RC,2,0,OPTIMAL,82.2123,2,1,0,1,1,0.5,54.1163,0.0,28.0959,120,0.75,2.0,1.0
025_RC205,25,RC,2,1,OPTIMAL,13.6962,2,0,0,0,2,0.0,0.0,0.0,13.6962,120,0.75,2.0,1.0
025_RC205,25,RC,2,2,OPTIMAL,56.6863,2,1,0,1,1,0.5,56.0758,0.0,0.6105,120,0.75,2.0,1.0
025_RC205,25,RC,2,3,OPTIMAL,66.8746,2,1,1,0,1,0.5,62.2384,0.0,4.6362,120,0.75,2.0,1.0
025_RC205,25,RC,2,4,OPTIMAL,66.0404,2,1,1,0,1,0.5,66.0402,0.0,0.0001,120,0.75,2.0,1.0
025_RC205,25,RC,2,5,OPTIMAL,108.343,2,2,0,2,0,1.0,108.343,0.0,0.0,120,0.75,2.0,1.0
025_RC205,25,RC,2,6,OPTIMAL,110.4038,2,1,1,0,1,0.5,68.1829,0.0,42.2208,120,0.75,2.0,1.0
025_RC205,25,RC,2,7,OPTIMAL,85.1006,2,1,0,1,1,0.5,49.4275,0.0,35.6731,120,0.75,2.0,1.0
025_RC205,25,RC,2,8,OPTIMAL,3.3754,2,0,0,0,2,0.0,0.0,0.0,3.3754,120,0.75,2.0,1.0
025_RC205,25,RC,2,9,OPTIMAL,75.919,2,1,1,0,1,0.5,66.4435,0.0,9.4756,120,0.75,2.0,1.0
025_RC205,25,RC,4,0,OPTIMAL,228.4287,4,4,0,4,0,1.0,228.4287,0.0,0.0,120,0.75,2.0,1.0
025_RC205,25,RC,4,1,OPTIMAL,234.2962,4,4,1,3,0,1.0,234.2962,0.0,0.0,120,0.75,2.0,1.0
025_RC205,25,RC,4,2,OPTIMAL,108.949,4,2,1,1,2,0.5,105.8683,0.0,3.0807,120,0.75,2.0,1.0
025_RC205,25,RC,4,3,OPTIMAL,151.6769,4,2,1,1,2,0.5,105.8722,0.0,45.8047,120,0.75,2.0,1.0
025_RC205,25,RC,4,4,OPTIMAL,164.7802,4,3,1,2,1,0.75,158.6278,0.0,6.1525,120,0.75,2.0,1.0
025_RC205,25,RC,4,5,OPTIMAL,113.8248,4,2,1,1,2,0.5,104.7491,0.0,9.0758,120,0.75,2.0,1.0
025_RC205,25,RC,4,6,OPTIMAL,118.2266,4,2,1,1,2,0.5,101.6455,0.0,16.5811,120,0.75,2.0,1.0
025_RC205,25,RC,4,7,OPTIMAL,226.3337,4,3,1,2,1,0.75,203.1235,0.0,23.2102,120,0.75,2.0,1.0
025_RC205,25,RC,4,8,OPTIMAL,108.9544,4,1,1,0,3,0.25,58.0436,0.0,50.9109,120,0.75,2.0,1.0
025_RC205,25,RC,4,9,OPTIMAL,193.3589,4,3,3,0,1,0.75,184.577,0.0,8.7818,120,0.75,2.0,1.0
025_RC205,25,RC,6,0,OPTIMAL,270.7033,6,4,3,1,2,0.6667,230.881,0.0,39.8224,120,0.75,2.0,1.0
025_RC205,25,RC,6,1,OPTIMAL,263.1795,6,5,4,1,1,0.8333,257.1318,0.0,6.0477,120,0.75,2.0,1.0
025_RC205,25,RC,6,2,OPTIMAL,184.657,6,3,0,3,3,0.5,169.2823,0.0,15.3747,120,0.75,2.0,1.0
025_RC205,25,RC,6,3,OPTIMAL,228.5887,6,3,2,1,3,0.5,172.6239,0.0,55.9648,120,0.75,2.0,1.0
025_RC205,25,RC,6,4,OPTIMAL,366.7568,6,6,4,2,0,1.0,366.7568,0.0,0.0,120,0.75,2.0,1.0
025_RC205,25,RC,6,5,OPTIMAL,190.4499,6,3,1,2,3,0.5,183.4446,0.0,7.0053,120,0.75,2.0,1.0
025_RC205,25,RC,6,6,OPTIMAL,168.5948,6,2,2,0,4,0.3333,115.1987,0.0,53.3961,120,0.75,2.0,1.0
025_RC205,25,RC,6,7,OPTIMAL,207.2199,6,3,1,2,3,0.5,183.0816,0.0,24.1382,120,0.75,2.0,1.0
025_RC205,25,RC,6,8,OPTIMAL,339.8793,6,5,2,3,1,0.8333,293.6114,0.0,46.2679,120,0.75,2.0,1.0
025_RC205,25,RC,6,9,OPTIMAL,241.8283,6,4,3,1,2,0.6667,225.1632,0.0,16.6651,120,0.75,2.0,1.0
025_RC206,25,RC,2,0,OPTIMAL,35.1203,2,0,0,0,2,0.0,0.0,0.0,35.1203,120,0.75,2.0,1.0
025_RC206,25,RC,2,1,OPTIMAL,13.6962,2,0,0,0,2,0.0,0.0,0.0,13.6962,120,0.75,2.0,1.0
025_RC206,25,RC,2,2,OPTIMAL,56.6863,2,1,1,0,1,0.5,56.0758,0.0,0.6105,120,0.75,2.0,1.0
025_RC206,25,RC,2,3,OPTIMAL,66.8746,2,1,1,0,1,0.5,62.2384,0.0,4.6362,120,0.75,2.0,1.0
025_RC206,25,RC,2,4,OPTIMAL,114.4171,2,1,0,1,1,0.5,66.0402,0.0,48.3769,120,0.75,2.0,1.0
025_RC206,25,RC,2,5,OPTIMAL,61.6325,2,1,0,1,1,0.5,59.887,0.0,1.7455,120,0.75,2.0,1.0
025_RC206,25,RC,2,6,OPTIMAL,76.6506,2,1,1,0,1,0.5,68.1829,0.0,8.4676,120,0.75,2.0,1.0
025_RC206,25,RC,2,7,OPTIMAL,52.0099,2,1,1,0,1,0.5,49.4275,0.0,2.5824,120,0.75,2.0,1.0
025_RC206,25,RC,2,8,OPTIMAL,1.1366,2,0,0,0,2,0.0,0.0,0.0,1.1366,120,0.75,2.0,1.0
025_RC206,25,RC,2,9,OPTIMAL,75.919,2,1,0,1,1,0.5,66.4435,0.0,9.4756,120,0.75,2.0,1.0
025_RC206,25,RC,4,0,OPTIMAL,228.4287,4,4,2,2,0,1.0,228.4287,0.0,0.0,120,0.75,2.0,1.0
025_RC206,25,RC,4,1,OPTIMAL,223.6184,4,3,3,0,1,0.75,176.4499,0.0,47.1685,120,0.75,2.0,1.0
025_RC206,25,RC,4,2,OPTIMAL,108.949,4,2,2,0,2,0.5,105.8683,0.0,3.0807,120,0.75,2.0,1.0
025_RC206,25,RC,4,3,OPTIMAL,114.2133,4,2,2,0,2,0.5,105.8722,0.0,8.3412,120,0.75,2.0,1.0
025_RC206,25,RC,4,4,OPTIMAL,213.5729,4,4,1,3,0,1.0,213.5729,0.0,0.0,120,0.75,2.0,1.0
025_RC206,25,RC,4,5,OPTIMAL,71.5475,4,1,0,1,3,0.25,51.3503,0.0,20.1972,120,0.75,2.0,1.0
025_RC206,25,RC,4,6,OPTIMAL,103.2268,4,1,0,1,3,0.25,48.1551,0.0,55.0717,120,0.75,2.0,1.0
025_RC206,25,RC,4,7,OPTIMAL,211.4362,4,3,3,0,1,0.75,205.5709,0.0,5.8653,120,0.75,2.0,1.0
025_RC206,25,RC,4,8,OPTIMAL,119.7049,4,2,1,1,2,0.5,117.7022,0.0,2.0027,120,0.75,2.0,1.0
025_RC206,25,RC,4,9,OPTIMAL,211.2579,4,3,2,1,1,0.75,198.6907,0.0,12.5672,120,0.75,2.0,1.0
025_RC206,25,RC,6,0,OPTIMAL,176.08,6,3,2,1,3,0.5,168.2945,0.0,7.7855,120,0.75,2.0,1.0
025_RC206,25,RC,6,1,OPTIMAL,209.4442,6,4,2,2,2,0.6667,205.7891,0.0,3.6551,120,0.75,2.0,1.0
025_RC206,25,RC,6,2,OPTIMAL,209.0923,6,3,2,1,3,0.5,169.2823,0.0,39.81,120,0.75,2.0,1.0
025_RC206,25,RC,6,3,OPTIMAL,231.7249,6,4,2,2,2,0.6667,226.6607,0.0,5.0641,120,0.75,2.0,1.0
025_RC206,25,RC,6,4,OPTIMAL,366.7568,6,6,4,2,0,1.0,366.7568,0.0,0.0,120,0.75,2.0,1.0
025_RC206,25,RC,6,5,OPTIMAL,240.4191,6,4,3,1,2,0.6667,237.0315,0.0,3.3876,120,0.75,2.0,1.0
025_RC206,25,RC,6,6,OPTIMAL,166.0865,6,1,0,1,5,0.1667,57.18,0.0,108.9065,120,0.75,2.0,1.0
025_RC206,25,RC,6,7,OPTIMAL,245.4567,6,4,2,2,2,0.6667,232.449,0.0,13.0078,120,0.75,2.0,1.0
025_RC206,25,RC,6,8,OPTIMAL,296.736,6,5,2,3,1,0.8333,296.2464,0.0,0.4896,120,0.75,2.0,1.0
025_RC206,25,RC,6,9,OPTIMAL,132.3795,6,2,1,1,4,0.3333,99.7929,0.0,32.5866,120,0.75,2.0,1.0
025_RC207,25,RC,2,0,OPTIMAL,33.2482,2,0,0,0,2,0.0,0.0,0.0,33.2482,120,0.75,2.0,1.0
025_RC207,25,RC,2,1,OPTIMAL,111.5313,2,1,0,1,1,0.5,55.4251,0.0,56.1062,120,0.75,2.0,1.0
025_RC207,25,RC,2,2,OPTIMAL,56.1133,2,1,1,0,1,0.5,56.0758,0.0,0.0375,120,0.75,2.0,1.0
025_RC207,25,RC,2,3,OPTIMAL,109.2096,2,1,1,0,1,0.5,62.2384,0.0,46.9712,120,0.75,2.0,1.0
025_RC207,25,RC,2,4,OPTIMAL,66.1655,2,1,1,0,1,0.5,66.0402,0.0,0.1253,120,0.75,2.0,1.0
025_RC207,25,RC,2,5,OPTIMAL,108.343,2,2,1,1,0,1.0,108.343,0.0,0.0,120,0.75,2.0,1.0
025_RC207,25,RC,2,6,OPTIMAL,93.323,2,1,0,1,1,0.5,68.1829,0.0,25.1401,120,0.75,2.0,1.0
025_RC207,25,RC,2,7,OPTIMAL,53.5175,2,1,1,0,1,0.5,49.4275,0.0,4.0899,120,0.75,2.0,1.0
025_RC207,25,RC,2,8,OPTIMAL,15.1222,2,0,0,0,2,0.0,0.0,0.0,15.1222,120,0.75,2.0,1.0
025_RC207,25,RC,2,9,OPTIMAL,66.6687,2,1,1,0,1,0.5,66.4435,0.0,0.2253,120,0.75,2.0,1.0
025_RC207,25,RC,4,0,OPTIMAL,228.4287,4,4,4,0,0,1.0,228.4287,0.0,0.0,120,0.75,2.0,1.0
025_RC207,25,RC,4,1,OPTIMAL,183.354,4,3,2,1,1,0.75,182.5816,0.0,0.7724,120,0.75,2.0,1.0
025_RC207,25,RC,4,2,OPTIMAL,108.6929,4,1,1,0,3,0.25,48.8128,0.0,59.8801,120,0.75,2.0,1.0
025_RC207,25,RC,4,3,OPTIMAL,128.6142,4,2,1,1,2,0.5,119.1492,0.0,9.465,120,0.75,2.0,1.0
025_RC207,25,RC,4,4,OPTIMAL,168.7189,4,3,2,1,1,0.75,165.5788,0.0,3.1402,120,0.75,2.0,1.0
025_RC207,25,RC,4,5,OPTIMAL,180.4471,4,3,2,1,1,0.75,174.1285,0.0,6.3187,120,0.75,2.0,1.0
025_RC207,25,RC,4,6,OPTIMAL,181.8378,4,3,2,1,1,0.75,157.9296,0.0,23.9082,120,0.75,2.0,1.0
025_RC207,25,RC,4,7,OPTIMAL,167.2454,4,2,1,1,2,0.5,142.0143,0.0,25.2311,120,0.75,2.0,1.0
025_RC207,25,RC,4,8,OPTIMAL,130.8787,4,2,2,0,2,0.5,117.7022,0.0,13.1766,120,0.75,2.0,1.0
025_RC207,25,RC,4,9,OPTIMAL,147.1528,4,2,0,2,2,0.5,127.7212,0.0,19.4315,120,0.75,2.0,1.0
025_RC207,25,RC,6,0,OPTIMAL,191.7235,6,3,1,2,3,0.5,168.2945,0.0,23.429,120,0.75,2.0,1.0
025_RC207,25,RC,6,1,OPTIMAL,305.831,6,6,3,3,0,1.0,305.831,0.0,0.0,120,0.75,2.0,1.0
025_RC207,25,RC,6,2,OPTIMAL,229.2559,6,4,3,1,2,0.6667,224.004,0.0,5.2519,120,0.75,2.0,1.0
025_RC207,25,RC,6,3,OPTIMAL,274.2361,6,4,1,3,2,0.6667,240.2313,0.0,34.0048,120,0.75,2.0,1.0
025_RC207,25,RC,6,4,OPTIMAL,357.9195,6,5,4,1,1,0.8333,299.3275,0.0,58.592,120,0.75,2.0,1.0
025_RC207,25,RC,6,5,OPTIMAL,113.646,6,2,2,0,4,0.3333,103.6574,0.0,9.9885,120,0.75,2.0,1.0
025_RC207,25,RC,6,6,OPTIMAL,279.3572,6,5,0,5,1,0.8333,271.6405,0.0,7.7167,120,0.75,2.0,1.0
025_RC207,25,RC,6,7,OPTIMAL,169.8855,6,2,2,0,4,0.3333,127.3956,0.0,42.49,120,0.75,2.0,1.0
025_RC207,25,RC,6,8,OPTIMAL,310.3862,6,5,4,1,1,0.8333,293.6114,0.0,16.7748,120,0.75,2.0,1.0
025_RC207,25,RC,6,9,OPTIMAL,256.6122,6,4,1,3,2,0.6667,225.2484,0.0,31.3637,120,0.75,2.0,1.0
025_RC208,25,RC,2,0,OPTIMAL,32.2667,2,0,0,0,2,0.0,0.0,0.0,32.2667,120,0.75,2.0,1.0
025_RC208,25,RC,2,1,OPTIMAL,62.1085,2,1,1,0,1,0.5,62.0534,0.0,0.055,120,0.75,2.0,1.0
025_RC208,25,RC,2,2,OPTIMAL,106.2211,2,2,2,0,0,1.0,106.2211,0.0,0.0,120,0.75,2.0,1.0
025_RC208,25,RC,2,3,OPTIMAL,118.1334,2,2,2,0,0,1.0,118.1334,0.0,0.0,120,0.75,2.0,1.0
025_RC208,25,RC,2,4,OPTIMAL,66.0404,2,1,1,0,1,0.5,66.0402,0.0,0.0001,120,0.75,2.0,1.0
025_RC208,25,RC,2,5,OPTIMAL,108.343,2,2,2,0,0,1.0,108.343,0.0,0.0,120,0.75,2.0,1.0
025_RC208,25,RC,2,6,OPTIMAL,121.9043,2,2,2,0,0,1.0,121.9043,0.0,0.0,120,0.75,2.0,1.0
025_RC208,25,RC,2,7,OPTIMAL,98.7047,2,2,2,0,0,1.0,98.7047,0.0,0.0,120,0.75,2.0,1.0
025_RC208,25,RC,2,8,OPTIMAL,1.1366,2,0,0,0,2,0.0,0.0,0.0,1.1366,120,0.75,2.0,1.0
025_RC208,25,RC,2,9,OPTIMAL,66.4547,2,1,1,0,1,0.5,66.4435,0.0,0.0112,120,0.75,2.0,1.0
025_RC208,25,RC,4,0,OPTIMAL,122.9772,4,2,2,0,2,0.5,101.3034,0.0,21.6739,120,0.75,2.0,1.0
025_RC208,25,RC,4,1,OPTIMAL,139.5354,4,2,2,0,2,0.5,124.7353,0.0,14.8,120,0.75,2.0,1.0
025_RC208,25,RC,4,2,OPTIMAL,119.6448,4,2,2,0,2,0.5,99.4578,0.0,20.187,120,0.75,2.0,1.0
025_RC208,25,RC,4,3,OPTIMAL,127.8886,4,2,2,0,2,0.5,119.1492,0.0,8.7394,120,0.75,2.0,1.0
025_RC208,25,RC,4,4,OPTIMAL,166.7576,4,3,3,0,1,0.75,165.5788,0.0,1.1788,120,0.75,2.0,1.0
025_RC208,25,RC,4,5,OPTIMAL,67.8926,4,1,1,0,3,0.25,51.3503,0.0,16.5423,120,0.75,2.0,1.0
025_RC208,25,RC,4,6,OPTIMAL,175.2867,4,3,1,2,1,0.75,159.3864,0.0,15.9003,120,0.75,2.0,1.0
025_RC208,25,RC,4,7,OPTIMAL,215.3506,4,2,2,0,2,0.5,137.5326,0.0,77.8179,120,0.75,2.0,1.0
025_RC208,25,RC,4,8,OPTIMAL,74.7538,4,1,1,0,3,0.25,58.0436,0.0,16.7102,120,0.75,2.0,1.0
025_RC208,25,RC,4,9,OPTIMAL,191.4414,4,3,3,0,1,0.75,184.577,0.0,6.8643,120,0.75,2.0,1.0
025_RC208,25,RC,6,0,OPTIMAL,262.6545,6,4,4,0,2,0.6667,235.7114,0.0,26.9431,120,0.75,2.0,1.0
025_RC208,25,RC,6,1,OPTIMAL,284.8055,6,5,5,0,1,0.8333,257.1318,0.0,27.6737,120,0.75,2.0,1.0
025_RC208,25,RC,6,2,OPTIMAL,206.9166,6,3,3,0,3,0.5,169.2823,0.0,37.6343,120,0.75,2.0,1.0
025_RC208,25,RC,6,3,OPTIMAL,288.1196,6,4,4,0,2,0.6667,240.2313,0.0,47.8883,120,0.75,2.0,1.0
025_RC208,25,RC,6,4,OPTIMAL,319.1605,6,5,5,0,1,0.8333,299.3275,0.0,19.833,120,0.75,2.0,1.0
025_RC208,25,RC,6,5,OPTIMAL,132.4193,6,2,1,1,4,0.3333,123.9791,0.0,8.4402,120,0.75,2.0,1.0
025_RC208,25,RC,6,6,OPTIMAL,238.7285,6,4,3,1,2,0.6667,213.6218,0.0,25.1068,120,0.75,2.0,1.0
025_RC208,25,RC,6,7,OPTIMAL,143.5101,6,2,2,0,4,0.3333,127.3956,0.0,16.1145,120,0.75,2.0,1.0
025_RC208,25,RC,6,8,OPTIMAL,293.0887,6,5,5,0,1,0.8333,292.0797,0.0,1.0089,120,0.75,2.0,1.0
025_RC208,25,RC,6,9,OPTIMAL,276.2782,6,4,4,0,2,0.6667,225.1632,0.0,51.1149,120,0.75,2.0,1.0
