instance,size,class,level,seed_idx,status,objective,n_emergencies,n_outsourced,n_outsourced_infeasible,n_outsourced_economic,n_inserted,frac_outsourced,outsourcing,tw_penalty,completion_penalty,W,LAMBDA,PI_S,PI_C
030_C101,30,C,2,0,OPTIMAL,257.1844,2,2,2,0,0,1.0,257.1844,0.0,0.0,80,2.0,2.0,1.0
030_C101,30,C,2,1,OPTIMAL,172.8112,2,1,1,0,1,0.5,164.1808,0.0,8.6304,80,2.0,2.0,1.0
030_C101,30,C,2,2,OPTIMAL,175.2177,2,1,1,0,1,0.5,147.2838,0.0,27.9338,80,2.0,2.0,1.0
030_C101,30,C,2,3,OPTIMAL,157.263,2,1,1,0,1,0.5,149.6224,0.0,7.6407,80,2.0,2.0,1.0
030_C101,30,C,2,4,OPTIMAL,87.0373,2,1,1,0,1,0.5,73.3112,0.0,13.7261,80,2.0,2.0,1.0
030_C101,30,C,2,5,OPTIMAL,163.4683,2,1,1,0,1,0.5,157.7524,0.0,5.7159,80,2.0,2.0,1.0
030_C101,30,C,2,6,OPTIMAL,173.2441,2,1,1,0,1,0.5,171.921,0.0,1.3232,80,2.0,2.0,1.0
030_C101,30,C,2,7,OPTIMAL,6.1548,2,0,0,0,2,0.0,0.0,0.0,6.1548,80,2.0,2.0,1.0
030_C101,30,C,2,8,OPTIMAL,163.9133,2,1,1,0,1,0.5,159.4324,0.0,4.481,80,2.0,2.0,1.0
030_C101,30,C,2,9,OPTIMAL,17.2274,2,0,0,0,2,0.0,0.0,0.0,17.2274,80,2.0,2.0,1.0
030_C101,30,C,4,0,OPTIMAL,178.665,4,2,2,0,2,0.5,174.4712,0.0,4.1938,80,2.0,2.0,1.0
030_C101,30,C,4,1,OPTIMAL,199.865,4,1,1,0,3,0.25,166.4121,0.0,33.4528,80,2.0,2.0,1.0
030_C101,30,C,4,2,OPTIMAL,176.1909,4,1,1,0,3,0.25,159.0793,0.0,17.1116,80,2.0,2.0,1.0
030_C101,30,C,4,3,OPTIMAL,7.6028,4,0,0,0,4,0.0,0.0,0.0,7.6028,80,2.0,2.0,1.0
030_C101,30,C,4,4,OPTIMAL,45.359,4,0,0,0,4,0.0,0.0,0.0,45.359,80,2.0,2.0,1.0
030_C101,30,C,4,5,OPTIMAL,427.1952,4,3,3,0,1,0.75,381.3003,0.0,45.8949,80,2.0,2.0,1.0
030_C101,30,C,4,6,OPTIMAL,375.075,4,2,2,0,2,0.5,295.8501,0.0,79.225,80,2.0,2.0,1.0
030_C101,30,C,4,7,OPTIMAL,106.0873,4,1,1,0,3,0.25,77.9647,0.0,28.1226,80,2.0,2.0,1.0
030_C101,30,C,4,8,OPTIMAL,73.3987,4,0,0,0,4,0.0,0.0,0.0,73.3987,80,2.0,2.0,1.0
030_C101,30,C,4,9,OPTIMAL,41.0236,4,0,0,0,4,0.0,0.0,0.0,41.0236,80,2.0,2.0,1.0
030_C101,30,C,6,0,OPTIMAL,215.3947,6,3,3,0,3,0.5,173.1191,0.0,42.2756,80,2.0,2.0,1.0
030_C101,30,C,6,1,OPTIMAL,240.5215,6,2,2,0,4,0.3333,215.4982,0.0,25.0233,80,2.0,2.0,1.0
030_C101,30,C,6,2,OPTIMAL,311.2214,6,2,2,0,4,0.3333,296.2453,0.0,14.9762,80,2.0,2.0,1.0
030_C101,30,C,6,3,OPTIMAL,306.0987,6,3,3,0,3,0.5,302.1653,0.0,3.9334,80,2.0,2.0,1.0
030_C101,30,C,6,4,OPTIMAL,219.5356,6,1,1,0,5,0.1667,156.7789,0.0,62.7566,80,2.0,2.0,1.0
030_C101,30,C,6,5,OPTIMAL,488.8705,6,4,2,2,2,0.6667,425.2342,0.0,63.6363,80,2.0,2.0,1.0
030_C101,30,C,6,6,OPTIMAL,486.7903,6,3,3,0,3,0.5,475.7527,0.0,11.0376,80,2.0,2.0,1.0
030_C101,30,C,6,7,OPTIMAL,275.8645,6,3,2,1,3,0.5,256.7757,0.0,19.0888,80,2.0,2.0,1.0
030_C101,30,C,6,8,OPTIMAL,501.6337,6,4,4,0,2,0.6667,460.0353,0.0,41.5984,80,2.0,2.0,1.0
030_C101,30,C,6,9,OPTIMAL,406.6446,6,3,3,0,3,0.5,368.5264,0.0,38.1182,80,2.0,2.0,1.0
030_C105,30,C,2,0,OPTIMAL,197.5413,2,1,1,0,1,0.5,169.5875,0.0,27.9538,80,2.0,2.0,1.0
030_C105,30,C,2,1,OPTIMAL,296.4235,2,2,2,0,0,1.0,296.4235,0.0,0.0,80,2.0,2.0,1.0
030_C105,30,C,2,2,OPTIMAL,147.5181,2,1,1,0,1,0.5,147.2838,0.0,0.2343,80,2.0,2.0,1.0
030_C105,30,C,2,3,OPTIMAL,153.1913,2,1,1,0,1,0.5,149.6224,0.0,3.569,80,2.0,2.0,1.0
030_C105,30,C,2,4,OPTIMAL,19.553,2,0,0,0,2,0.0,0.0,0.0,19.553,80,2.0,2.0,1.0
030_C105,30,C,2,5,OPTIMAL,77.8196,2,1,1,0,1,0.5,72.6049,0.0,5.2147,80,2.0,2.0,1.0
030_C105,30,C,2,6,OPTIMAL,173.2441,2,1,1,0,1,0.5,171.921,0.0,1.3232,80,2.0,2.0,1.0
030_C105,30,C,2,7,OPTIMAL,26.7139,2,0,0,0,2,0.0,0.0,0.0,26.7139,80,2.0,2.0,1.0
030_C105,30,C,2,8,OPTIMAL,295.4185,2,2,2,0,0,1.0,295.4185,0.0,0.0,80,2.0,2.0,1.0
030_C105,30,C,2,9,OPTIMAL,14.5179,2,0,0,0,2,0.0,0.0,0.0,14.5179,80,2.0,2.0,1.0
030_C105,30,C,4,0,OPTIMAL,311.1462,4,3,3,0,1,0.75,309.5791,0.0,1.5672,80,2.0,2.0,1.0
030_C105,30,C,4,1,OPTIMAL,261.7572,4,1,1,0,3,0.25,166.4121,0.0,95.3451,80,2.0,2.0,1.0
030_C105,30,C,4,2,OPTIMAL,248.1528,4,2,2,0,2,0.5,234.6366,0.0,13.5161,80,2.0,2.0,1.0
030_C105,30,C,4,3,OPTIMAL,175.8564,4,1,1,0,3,0.25,139.9919,0.0,35.8645,80,2.0,2.0,1.0
030_C105,30,C,4,4,OPTIMAL,170.066,4,1,1,0,3,0.25,162.1316,0.0,7.9344,80,2.0,2.0,1.0
030_C105,30,C,4,5,OPTIMAL,401.362,4,3,3,0,1,0.75,381.3003,0.0,20.0617,80,2.0,2.0,1.0
030_C105,30,C,4,6,OPTIMAL,412.9257,4,3,3,0,1,0.75,411.4311,0.0,1.4945,80,2.0,2.0,1.0
030_C105,30,C,4,7,OPTIMAL,59.0981,4,0,0,0,4,0.0,0.0,0.0,59.0981,80,2.0,2.0,1.0
030_C105,30,C,4,8,OPTIMAL,183.1962,4,1,1,0,3,0.25,134.1079,0.0,49.0884,80,2.0,2.0,1.0
030_C105,30,C,4,9,OPTIMAL,81.9928,4,1,1,0,3,0.25,71.9396,0.0,10.0532,80,2.0,2.0,1.0
030_C105,30,C,6,0,OPTIMAL,250.1584,6,2,2,0,4,0.3333,219.7825,0.0,30.3759,80,2.0,2.0,1.0
030_C105,30,C,6,1,OPTIMAL,376.4478,6,4,4,0,2,0.6667,360.7979,0.0,15.6499,80,2.0,2.0,1.0
030_C105,30,C,6,2,OPTIMAL,411.4813,6,3,3,0,3,0.5,368.7186,0.0,42.7627,80,2.0,2.0,1.0
030_C105,30,C,6,3,OPTIMAL,373.569,6,3,3,0,3,0.5,337.006,0.0,36.563,80,2.0,2.0,1.0
030_C105,30,C,6,4,OPTIMAL,197.9965,6,1,1,0,5,0.1667,140.2865,0.0,57.71,80,2.0,2.0,1.0
030_C105,30,C,6,5,OPTIMAL,460.3879,6,4,3,1,2,0.6667,434.9106,0.0,25.4773,80,2.0,2.0,1.0
030_C105,30,C,6,6,OPTIMAL,296.3403,6,1,1,0,5,0.1667,148.7319,0.0,147.6085,80,2.0,2.0,1.0
030_C105,30,C,6,7,OPTIMAL,383.7566,6,4,4,0,2,0.6667,330.644,0.0,53.1126,80,2.0,2.0,1.0
030_C105,30,C,6,8,OPTIMAL,267.7809,6,3,2,1,3,0.5,226.4593,0.0,41.3216,80,2.0,2.0,1.0
030_C105,30,C,6,9,OPTIMAL,488.6034,6,4,4,0,2,0.6667,459.7891,0.0,28.8143,80,2.0,2.0,1.0
030_C106,30,C,2,0,OPTIMAL,257.1844,2,2,2,0,0,1.0,257.1844,0.0,0.0,80,2.0,2.0,1.0
030_C106,30,C,2,1,OPTIMAL,172.8112,2,1,1,0,1,0.5,164.1808,0.0,8.6304,80,2.0,2.0,1.0
030_C106,30,C,2,2,OPTIMAL,175.2177,2,1,1,0,1,0.5,147.2838,0.0,27.9338,80,2.0,2.0,1.0
030_C106,30,C,2,3,OPTIMAL,153.1913,2,1,1,0,1,0.5,149.6224,0.0,3.569,80,2.0,2.0,1.0
030_C106,30,C,2,4,OPTIMAL,87.0373,2,1,1,0,1,0.5,73.3112,0.0,13.7261,80,2.0,2.0,1.0
030_C106,30,C,2,5,OPTIMAL,163.9063,2,1,1,0,1,0.5,157.7524,0.0,6.1539,80,2.0,2.0,1.0
030_C106,30,C,2,6,OPTIMAL,173.2441,2,1,1,0,1,0.5,171.921,0.0,1.3232,80,2.0,2.0,1.0
030_C106,30,C,2,7,OPTIMAL,6.1548,2,0,0,0,2,0.0,0.0,0.0,6.1548,80,2.0,2.0,1.0
030_C106,30,C,2,8,OPTIMAL,295.4185,2,2,2,0,0,1.0,295.4185,0.0,0.0,80,2.0,2.0,1.0
030_C106,30,C,2,9,OPTIMAL,72.6666,2,1,1,0,1,0.5,71.5123,0.0,1.1543,80,2.0,2.0,1.0
030_C106,30,C,4,0,OPTIMAL,311.1462,4,3,2,1,1,0.75,309.5791,0.0,1.5672,80,2.0,2.0,1.0
030_C106,30,C,4,1,OPTIMAL,414.4099,4,4,2,2,0,1.0,414.4099,0.0,0.0,80,2.0,2.0,1.0
030_C106,30,C,4,2,OPTIMAL,176.1909,4,1,1,0,3,0.25,159.0793,0.0,17.1116,80,2.0,2.0,1.0
030_C106,30,C,4,3,OPTIMAL,240.4251,4,2,2,0,2,0.5,215.9642,0.0,24.4609,80,2.0,2.0,1.0
030_C106,30,C,4,4,OPTIMAL,37.0473,4,0,0,0,4,0.0,0.0,0.0,37.0473,80,2.0,2.0,1.0
030_C106,30,C,4,5,OPTIMAL,391.3649,4,3,3,0,1,0.75,381.3003,0.0,10.0646,80,2.0,2.0,1.0
030_C106,30,C,4,6,OPTIMAL,343.4478,4,2,2,0,2,0.5,295.8501,0.0,47.5977,80,2.0,2.0,1.0
030_C106,30,C,4,7,OPTIMAL,153.876,4,2,1,1,2,0.5,147.4573,0.0,6.4187,80,2.0,2.0,1.0
030_C106,30,C,4,8,OPTIMAL,165.159,4,1,0,1,3,0.25,76.2328,0.0,88.9262,80,2.0,2.0,1.0
030_C106,30,C,4,9,OPTIMAL,41.0236,4,0,0,0,4,0.0,0.0,0.0,41.0236,80,2.0,2.0,1.0
030_C106,30,C,6,0,OPTIMAL,220.8152,6,3,3,0,3,0.5,188.4118,0.0,32.4034,80,2.0,2.0,1.0
030_C106,30,C,6,1,OPTIMAL,376.4478,6,4,4,0,2,0.6667,360.7979,0.0,15.6499,80,2.0,2.0,1.0
030_C106,30,C,6,2,OPTIMAL,322.2772,6,2,2,0,4,0.3333,296.2453,0.0,26.0319,80,2.0,2.0,1.0
030_C106,30,C,6,3,OPTIMAL,347.8418,6,4,1,3,2,0.6667,345.3641,0.0,2.4777,80,2.0,2.0,1.0
030_C106,30,C,6,4,OPTIMAL,448.561,6,4,4,0,2,0.6667,429.5726,0.0,18.9884,80,2.0,2.0,1.0
030_C106,30,C,6,5,OPTIMAL,534.8102,6,5,5,0,1,0.8333,515.2272,0.0,19.583,80,2.0,2.0,1.0
030_C106,30,C,6,6,OPTIMAL,555.2664,6,4,4,0,2,0.6667,547.3314,0.0,7.935,80,2.0,2.0,1.0
030_C106,30,C,6,7,OPTIMAL,427.7147,6,5,5,0,1,0.8333,425.0983,0.0,2.6164,80,2.0,2.0,1.0
030_C106,30,C,6,8,OPTIMAL,360.6184,6,3,2,1,3,0.5,288.6475,0.0,71.9709,80,2.0,2.0,1.0
030_C106,30,C,6,9,OPTIMAL,488.6034,6,4,4,0,2,0.6667,459.7891,0.0,28.8143,80,2.0,2.0,1.0
030_C107,30,C,2,0,OPTIMAL,179.5943,2,1,1,0,1,0.5,169.5875,0.0,10.0069,80,2.0,2.0,1.0
030_C107,30,C,2,1,OPTIMAL,296.4235,2,2,2,0,0,1.0,296.4235,0.0,0.0,80,2.0,2.0,1.0
030_C107,30,C,2,2,OPTIMAL,266.1615,2,2,2,0,0,1.0,266.1615,0.0,0.0,80,2.0,2.0,1.0
030_C107,30,C,2,3,OPTIMAL,38.7483,2,0,0,0,2,0.0,0.0,0.0,38.7483,80,2.0,2.0,1.0
030_C107,30,C,2,4,OPTIMAL,77.095,2,1,0,1,1,0.5,71.268,0.0,5.8269,80,2.0,2.0,1.0
030_C107,30,C,2,5,OPTIMAL,160.4612,2,1,1,0,1,0.5,157.7524,0.0,2.7087,80,2.0,2.0,1.0
030_C107,30,C,2,6,OPTIMAL,175.9503,2,1,1,0,1,0.5,171.921,0.0,4.0293,80,2.0,2.0,1.0
030_C107,30,C,2,7,OPTIMAL,75.3625,2,1,1,0,1,0.5,68.8779,0.0,6.4846,80,2.0,2.0,1.0
030_C107,30,C,2,8,OPTIMAL,58.6797,2,0,0,0,2,0.0,0.0,0.0,58.6797,80,2.0,2.0,1.0
030_C107,30,C,2,9,OPTIMAL,14.5179,2,0,0,0,2,0.0,0.0,0.0,14.5179,80,2.0,2.0,1.0
030_C107,30,C,4,0,OPTIMAL,314.6794,4,3,2,1,1,0.75,309.5791,0.0,5.1003,80,2.0,2.0,1.0
030_C107,30,C,4,1,OPTIMAL,260.933,4,3,3,0,1,0.75,247.9978,0.0,12.9352,80,2.0,2.0,1.0
030_C107,30,C,4,2,OPTIMAL,193.7145,4,1,1,0,3,0.25,159.0793,0.0,34.6351,80,2.0,2.0,1.0
030_C107,30,C,4,3,OPTIMAL,282.577,4,3,1,2,1,0.75,269.3573,0.0,13.2198,80,2.0,2.0,1.0
030_C107,30,C,4,4,OPTIMAL,123.9748,4,1,1,0,3,0.25,79.0571,0.0,44.9177,80,2.0,2.0,1.0
030_C107,30,C,4,5,OPTIMAL,456.2259,4,3,3,0,1,0.75,451.2688,0.0,4.9571,80,2.0,2.0,1.0
030_C107,30,C,4,6,OPTIMAL,298.0654,4,2,2,0,2,0.5,295.8501,0.0,2.2153,80,2.0,2.0,1.0
030_C107,30,C,4,7,OPTIMAL,181.3682,4,2,2,0,2,0.5,144.8645,0.0,36.5037,80,2.0,2.0,1.0
030_C107,30,C,4,8,OPTIMAL,298.0925,4,3,3,0,1,0.75,297.2732,0.0,0.8192,80,2.0,2.0,1.0
030_C107,30,C,4,9,OPTIMAL,99.5438,4,1,1,0,3,0.25,77.4771,0.0,22.0667,80,2.0,2.0,1.0
030_C107,30,C,6,0,OPTIMAL,261.733,6,2,1,1,4,0.3333,219.7825,0.0,41.9505,80,2.0,2.0,1.0
030_C107,30,C,6,1,OPTIMAL,433.9349,6,4,4,0,2,0.6667,398.4116,0.0,35.5233,80,2.0,2.0,1.0
030_C107,30,C,6,2,OPTIMAL,347.0379,6,2,2,0,4,0.3333,267.519,0.0,79.5189,80,2.0,2.0,1.0
030_C107,30,C,6,3,OPTIMAL,194.3155,6,2,1,1,4,0.3333,159.8627,0.0,34.4529,80,2.0,2.0,1.0
030_C107,30,C,6,4,OPTIMAL,380.196,6,3,3,0,3,0.5,359.6181,0.0,20.5778,80,2.0,2.0,1.0
030_C107,30,C,6,5,OPTIMAL,495.4758,6,5,5,0,1,0.8333,482.3931,0.0,13.0827,80,2.0,2.0,1.0
030_C107,30,C,6,6,OPTIMAL,614.2508,6,4,4,0,2,0.6667,611.0862,0.0,3.1646,80,2.0,2.0,1.0
030_C107,30,C,6,7,OPTIMAL,573.2588,6,6,6,0,0,1.0,573.2588,0.0,0.0,80,2.0,2.0,1.0
030_C107,30,C,6,8,OPTIMAL,210.6518,6,1,1,0,5,0.1667,158.4023,0.0,52.2495,80,2.0,2.0,1.0
030_C107,30,C,6,9,OPTIMAL,253.5596,6,2,2,0,4,0.3333,222.5759,0.0,30.9837,80,2.0,2.0,1.0
030_C108,30,C,2,0,OPTIMAL,257.1844,2,2,2,0,0,1.0,257.1844,0.0,0.0,80,2.0,2.0,1.0
030_C108,30,C,2,1,OPTIMAL,296.4235,2,2,1,1,0,1.0,296.4235,0.0,0.0,80,2.0,2.0,1.0
030_C108,30,C,2,2,OPTIMAL,171.0099,2,1,1,0,1,0.5,147.2838,0.0,23.7261,80,2.0,2.0,1.0
030_C108,30,C,2,3,OPTIMAL,153.1913,2,1,1,0,1,0.5,149.6224,0.0,3.569,80,2.0,2.0,1.0
030_C108,30,C,2,4,OPTIMAL,144.5792,2,2,1,1,0,1.0,144.5792,0.0,0.0,80,2.0,2.0,1.0
030_C108,30,C,2,5,OPTIMAL,160.4612,2,1,1,0,1,0.5,157.7524,0.0,2.7087,80,2.0,2.0,1.0
030_C108,30,C,2,6,OPTIMAL,228.5213,2,2,1,1,0,1.0,228.5213,0.0,0.0,80,2.0,2.0,1.0
030_C108,30,C,2,7,OPTIMAL,148.1078,2,2,1,1,0,1.0,148.1078,0.0,0.0,80,2.0,2.0,1.0
030_C108,30,C,2,8,OPTIMAL,148.1917,2,1,0,1,1,0.5,135.9862,0.0,12.2056,80,2.0,2.0,1.0
030_C108,30,C,2,9,OPTIMAL,24.7618,2,0,0,0,2,0.0,0.0,0.0,24.7618,80,2.0,2.0,1.0
030_C108,30,C,4,0,OPTIMAL,377.6514,4,4,4,0,0,1.0,377.6514,0.0,0.0,80,2.0,2.0,1.0
030_C108,30,C,4,1,OPTIMAL,130.9934,4,1,1,0,3,0.25,81.9806,0.0,49.0129,80,2.0,2.0,1.0
030_C108,30,C,4,2,OPTIMAL,257.9432,4,2,2,0,2,0.5,243.593,0.0,14.3502,80,2.0,2.0,1.0
030_C108,30,C,4,3,OPTIMAL,122.6534,4,1,0,1,3,0.25,61.6314,0.0,61.022,80,2.0,2.0,1.0
030_C108,30,C,4,4,OPTIMAL,163.651,4,2,0,2,2,0.5,126.0461,0.0,37.605,80,2.0,2.0,1.0
030_C108,30,C,4,5,OPTIMAL,528.6413,4,4,3,1,0,1.0,528.6413,0.0,0.0,80,2.0,2.0,1.0
030_C108,30,C,4,6,OPTIMAL,412.0027,4,3,3,0,1,0.75,411.4311,0.0,0.5716,80,2.0,2.0,1.0
030_C108,30,C,4,7,OPTIMAL,233.9251,4,3,3,0,1,0.75,222.8292,0.0,11.0959,80,2.0,2.0,1.0
030_C108,30,C,4,8,OPTIMAL,239.7891,4,2,1,1,2,0.5,210.3407,0.0,29.4484,80,2.0,2.0,1.0
030_C108,30,C,4,9,OPTIMAL,78.0016,4,1,0,1,3,0.25,71.9396,0.0,6.062,80,2.0,2.0,1.0
030_C108,30,C,6,0,OPTIMAL,294.671,6,3,3,0,3,0.5,291.0467,0.0,3.6242,80,2.0,2.0,1.0
030_C108,30,C,6,1,OPTIMAL,276.457,6,2,2,0,4,0.3333,215.4982,0.0,60.9588,80,2.0,2.0,1.0
030_C108,30,C,6,2,OPTIMAL,314.2144,6,2,2,0,4,0.3333,267.519,0.0,46.6954,80,2.0,2.0,1.0
030_C108,30,C,6,3,OPTIMAL,185.2008,6,2,1,1,4,0.3333,119.1719,0.0,66.029,80,2.0,2.0,1.0
030_C108,30,C,6,4,OPTIMAL,252.0865,6,2,2,0,4,0.3333,231.7826,0.0,20.3039,80,2.0,2.0,1.0
030_C108,30,C,6,5,OPTIMAL,414.1851,6,4,3,1,2,0.6667,402.0765,0.0,12.1087,80,2.0,2.0,1.0
030_C108,30,C,6,6,OPTIMAL,624.0109,6,4,3,1,2,0.6667,526.598,0.0,97.4129,80,2.0,2.0,1.0
030_C108,30,C,6,7,OPTIMAL,522.1182,6,5,2,3,1,0.8333,474.5753,0.0,47.5429,80,2.0,2.0,1.0
030_C108,30,C,6,8,OPTIMAL,338.8354,6,2,2,0,4,0.3333,307.1615,0.0,31.6739,80,2.0,2.0,1.0
030_C108,30,C,6,9,OPTIMAL,379.2835,6,4,1,3,2,0.6667,353.6081,0.0,25.6754,80,2.0,2.0,1.0
030_C109,30,C,2,0,OPTIMAL,257.1844,2,2,2,0,0,1.0,257.1844,0.0,0.0,80,2.0,2.0,1.0
030_C109,30,C,2,1,OPTIMAL,296.4235,2,2,2,0,0,1.0,296.4235,0.0,0.0,80,2.0,2.0,1.0
030_C109,30,C,2,2,OPTIMAL,266.1615,2,2,2,0,0,1.0,266.1615,0.0,0.0,80,2.0,2.0,1.0
030_C109,30,C,2,3,OPTIMAL,5.6097,2,0,0,0,2,0.0,0.0,0.0,5.6097,80,2.0,2.0,1.0
030_C109,30,C,2,4,OPTIMAL,97.998,2,1,1,0,1,0.5,71.268,0.0,26.73,80,2.0,2.0,1.0
030_C109,30,C,2,5,OPTIMAL,175.9645,2,1,1,0,1,0.5,157.7524,0.0,18.2121,80,2.0,2.0,1.0
030_C109,30,C,2,6,OPTIMAL,184.0772,2,1,1,0,1,0.5,171.921,0.0,12.1563,80,2.0,2.0,1.0
030_C109,30,C,2,7,OPTIMAL,25.457,2,0,0,0,2,0.0,0.0,0.0,25.457,80,2.0,2.0,1.0
030_C109,30,C,2,8,OPTIMAL,89.1397,2,0,0,0,2,0.0,0.0,0.0,89.1397,80,2.0,2.0,1.0
030_C109,30,C,2,9,OPTIMAL,44.6267,2,0,0,0,2,0.0,0.0,0.0,44.6267,80,2.0,2.0,1.0
030_C109,30,C,4,0,OPTIMAL,317.1321,4,3,3,0,1,0.75,309.5791,0.0,7.5531,80,2.0,2.0,1.0
030_C109,30,C,4,1,OPTIMAL,414.4099,4,4,4,0,0,1.0,414.4099,0.0,0.0,80,2.0,2.0,1.0
030_C109,30,C,4,2,OPTIMAL,253.9644,4,2,2,0,2,0.5,234.6366,0.0,19.3278,80,2.0,2.0,1.0
030_C109,30,C,4,3,OPTIMAL,225.5915,4,2,2,0,2,0.5,207.7259,0.0,17.8656,80,2.0,2.0,1.0
030_C109,30,C,4,4,OPTIMAL,316.9002,4,3,2,1,1,0.75,288.1777,0.0,28.7225,80,2.0,2.0,1.0
030_C109,30,C,4,5,OPTIMAL,456.939,4,3,3,0,1,0.75,451.2688,0.0,5.6703,80,2.0,2.0,1.0
030_C109,30,C,4,6,OPTIMAL,297.8916,4,2,2,0,2,0.5,295.8501,0.0,2.0416,80,2.0,2.0,1.0
030_C109,30,C,4,7,OPTIMAL,248.7422,4,3,2,1,1,0.75,222.8292,0.0,25.913,80,2.0,2.0,1.0
030_C109,30,C,4,8,OPTIMAL,297.6534,4,3,2,1,1,0.75,297.2732,0.0,0.3802,80,2.0,2.0,1.0
030_C109,30,C,4,9,OPTIMAL,170.9919,4,2,1,1,2,0.5,149.4167,0.0,21.5752,80,2.0,2.0,1.0
030_C109,30,C,6,0,OPTIMAL,304.5955,6,3,3,0,3,0.5,291.0467,0.0,13.5488,80,2.0,2.0,1.0
030_C109,30,C,6,1,OPTIMAL,449.6352,6,4,4,0,2,0.6667,398.4116,0.0,51.2236,80,2.0,2.0,1.0
030_C109,30,C,6,2,OPTIMAL,516.2209,6,4,4,0,2,0.6667,511.5099,0.0,4.7111,80,2.0,2.0,1.0
030_C109,30,C,6,3,OPTIMAL,419.3395,6,5,2,3,1,0.8333,409.6082,0.0,9.7313,80,2.0,2.0,1.0
030_C109,30,C,6,4,OPTIMAL,457.4466,6,4,4,0,2,0.6667,434.6218,0.0,22.8248,80,2.0,2.0,1.0
030_C109,30,C,6,5,OPTIMAL,500.6664,6,5,5,0,1,0.8333,492.0694,0.0,8.5969,80,2.0,2.0,1.0
030_C109,30,C,6,6,OPTIMAL,624.6452,6,4,4,0,2,0.6667,611.0862,0.0,13.5591,80,2.0,2.0,1.0
030_C109,30,C,6,7,OPTIMAL,416.9925,6,4,4,0,2,0.6667,380.121,0.0,36.8714,80,2.0,2.0,1.0
030_C109,30,C,6,8,OPTIMAL,403.2529,6,4,3,1,2,0.6667,396.7114,0.0,6.5414,80,2.0,2.0,1.0
030_C109,30,C,6,9,OPTIMAL,437.5363,6,4,3,1,2,0.6667,393.4063,0.0,44.13,80,2.0,2.0,1.0
030_C201,30,C,2,0,OPTIMAL,74.9362,2,1,1,0,1,0.5,74.8993,0.0,0.037,80,2.0,2.0,1.0
030_C201,30,C,2,1,OPTIMAL,117.0482,2,2,2,0,0,1.0,117.0482,0.0,0.0,80,2.0,2.0,1.0
030_C201,30,C,2,2,OPTIMAL,57.2916,2,1,1,0,1,0.5,54.5255,0.0,2.7661,80,2.0,2.0,1.0
030_C201,30,C,2,3,OPTIMAL,102.7459,2,1,1,0,1,0.5,102.7335,0.0,0.0124,80,2.0,2.0,1.0
030_C201,30,C,2,4,OPTIMAL,256.3474,2,2,2,0,0,1.0,256.3474,0.0,0.0,80,2.0,2.0,1.0
030_C201,30,C,2,5,OPTIMAL,194.3001,2,2,2,0,0,1.0,194.3001,0.0,0.0,80,2.0,2.0,1.0
030_C201,30,C,2,6,OPTIMAL,235.5284,2,2,2,0,0,1.0,235.5284,0.0,0.0,80,2.0,2.0,1.0
030_C201,30,C,2,7,OPTIMAL,224.5761,2,2,2,0,0,1.0,224.5761,0.0,0.0,80,2.0,2.0,1.0
030_C201,30,C,2,8,OPTIMAL,173.1408,2,2,2,0,0,1.0,173.1408,0.0,0.0,80,2.0,2.0,1.0
030_C201,30,C,2,9,OPTIMAL,63.6291,2,1,1,0,1,0.5,42.1145,0.0,21.5146,80,2.0,2.0,1.0
030_C201,30,C,4,0,OPTIMAL,424.1238,4,4,4,0,0,1.0,424.1238,0.0,0.0,80,2.0,2.0,1.0
030_C201,30,C,4,1,OPTIMAL,390.524,4,3,3,0,1,0.75,389.0831,0.0,1.4409,80,2.0,2.0,1.0
030_C201,30,C,4,2,OPTIMAL,318.1765,4,3,3,0,1,0.75,317.8029,0.0,0.3736,80,2.0,2.0,1.0
030_C201,30,C,4,3,OPTIMAL,295.8952,4,4,4,0,0,1.0,295.8952,0.0,0.0,80,2.0,2.0,1.0
030_C201,30,C,4,4,OPTIMAL,374.1732,4,4,4,0,0,1.0,374.1732,0.0,0.0,80,2.0,2.0,1.0
030_C201,30,C,4,5,OPTIMAL,548.6116,4,4,4,0,0,1.0,548.6116,0.0,0.0,80,2.0,2.0,1.0
030_C201,30,C,4,6,OPTIMAL,435.7975,4,4,4,0,0,1.0,435.7975,0.0,0.0,80,2.0,2.0,1.0
030_C201,30,C,4,7,OPTIMAL,484.3871,4,4,4,0,0,1.0,484.3871,0.0,0.0,80,2.0,2.0,1.0
030_C201,30,C,4,8,OPTIMAL,201.177,4,2,2,0,2,0.5,160.9985,0.0,40.1785,80,2.0,2.0,1.0
030_C201,30,C,4,9,OPTIMAL,312.8954,4,3,2,1,1,0.75,312.8667,0.0,0.0287,80,2.0,2.0,1.0
030_C201,30,C,6,0,OPTIMAL,503.1193,6,5,5,0,1,0.8333,480.2791,0.0,22.8403,80,2.0,2.0,1.0
030_C201,30,C,6,1,OPTIMAL,541.405,6,5,5,0,1,0.8333,539.1852,0.0,2.2198,80,2.0,2.0,1.0
030_C201,30,C,6,2,OPTIMAL,538.7196,6,5,4,1,1,0.8333,498.2979,0.0,40.4217,80,2.0,2.0,1.0
030_C201,30,C,6,3,OPTIMAL,525.1558,6,5,5,0,1,0.8333,510.0557,0.0,15.1001,80,2.0,2.0,1.0
030_C201,30,C,6,4,OPTIMAL,366.449,6,3,3,0,3,0.5,353.7223,0.0,12.7267,80,2.0,2.0,1.0
030_C201,30,C,6,5,OPTIMAL,440.6984,6,4,4,0,2,0.6667,418.6381,0.0,22.0603,80,2.0,2.0,1.0
030_C201,30,C,6,6,OPTIMAL,590.1777,6,5,5,0,1,0.8333,561.4463,0.0,28.7314,80,2.0,2.0,1.0
030_C201,30,C,6,7,OPTIMAL,433.7058,6,5,5,0,1,0.8333,430.2546,0.0,3.4512,80,2.0,2.0,1.0
030_C201,30,C,6,8,OPTIMAL,564.3286,6,4,4,0,2,0.6667,545.5906,0.0,18.738,80,2.0,2.0,1.0
030_C201,30,C,6,9,OPTIMAL,634.3059,6,5,5,0,1,0.8333,606.0987,0.0,28.2072,80,2.0,2.0,1.0
030_C202,30,C,2,0,OPTIMAL,111.8462,2,2,2,0,0,1.0,111.8462,0.0,0.0,80,2.0,2.0,1.0
030_C202,30,C,2,1,OPTIMAL,117.0482,2,2,2,0,0,1.0,117.0482,0.0,0.0,80,2.0,2.0,1.0
030_C202,30,C,2,2,OPTIMAL,57.2916,2,1,1,0,1,0.5,54.5255,0.0,2.7661,80,2.0,2.0,1.0
030_C202,30,C,2,3,OPTIMAL,102.7459,2,1,1,0,1,0.5,102.7335,0.0,0.0124,80,2.0,2.0,1.0
030_C202,30,C,2,4,OPTIMAL,256.3474,2,2,2,0,0,1.0,256.3474,0.0,0.0,80,2.0,2.0,1.0
030_C202,30,C,2,5,OPTIMAL,194.3001,2,2,2,0,0,1.0,194.3001,0.0,0.0,80,2.0,2.0,1.0
030_C202,30,C,2,6,OPTIMAL,235.5284,2,2,2,0,0,1.0,235.5284,0.0,0.0,80,2.0,2.0,1.0
030_C202,30,C,2,7,OPTIMAL,224.5761,2,2,2,0,0,1.0,224.5761,0.0,0.0,80,2.0,2.0,1.0
030_C202,30,C,2,8,OPTIMAL,173.1408,2,2,2,0,0,1.0,173.1408,0.0,0.0,80,2.0,2.0,1.0
030_C202,30,C,2,9,OPTIMAL,63.6291,2,1,1,0,1,0.5,42.1145,0.0,21.5146,80,2.0,2.0,1.0
030_C202,30,C,4,0,OPTIMAL,424.1238,4,4,4,0,0,1.0,424.1238,0.0,0.0,80,2.0,2.0,1.0
030_C202,30,C,4,1,OPTIMAL,433.6979,4,4,3,1,0,1.0,433.6979,0.0,0.0,80,2.0,2.0,1.0
030_C202,30,C,4,2,OPTIMAL,363.9095,4,4,3,1,0,1.0,363.9095,0.0,0.0,80,2.0,2.0,1.0
030_C202,30,C,4,3,OPTIMAL,295.8952,4,4,4,0,0,1.0,295.8952,0.0,0.0,80,2.0,2.0,1.0
030_C202,30,C,4,4,OPTIMAL,374.1732,4,4,4,0,0,1.0,374.1732,0.0,0.0,80,2.0,2.0,1.0
030_C202,30,C,4,5,OPTIMAL,548.6116,4,4,4,0,0,1.0,548.6116,0.0,0.0,80,2.0,2.0,1.0
030_C202,30,C,4,6,OPTIMAL,435.7975,4,4,4,0,0,1.0,435.7975,0.0,0.0,80,2.0,2.0,1.0
030_C202,30,C,4,7,OPTIMAL,484.3871,4,4,4,0,0,1.0,484.3871,0.0,0.0,80,2.0,2.0,1.0
030_C202,30,C,4,8,OPTIMAL,176.2397,4,2,2,0,2,0.5,160.9985,0.0,15.2412,80,2.0,2.0,1.0
030_C202,30,C,4,9,OPTIMAL,312.8954,4,3,3,0,1,0.75,312.8667,0.0,0.0287,80,2.0,2.0,1.0
030_C202,30,C,6,0,OPTIMAL,526.591,6,6,6,0,0,1.0,526.591,0.0,0.0,80,2.0,2.0,1.0
030_C202,30,C,6,1,OPTIMAL,539.5889,6,5,5,0,1,0.8333,539.1852,0.0,0.4037,80,2.0,2.0,1.0
030_C202,30,C,6,2,OPTIMAL,538.7196,6,5,4,1,1,0.8333,498.2979,0.0,40.4217,80,2.0,2.0,1.0
030_C202,30,C,6,3,OPTIMAL,568.9886,6,6,5,1,0,1.0,568.9886,0.0,0.0,80,2.0,2.0,1.0
030_C202,30,C,6,4,OPTIMAL,440.9814,6,4,4,0,2,0.6667,434.8598,0.0,6.1216,80,2.0,2.0,1.0
030_C202,30,C,6,5,OPTIMAL,494.2218,6,5,5,0,1,0.8333,473.2745,0.0,20.9472,80,2.0,2.0,1.0
030_C202,30,C,6,6,OPTIMAL,590.1777,6,5,5,0,1,0.8333,561.4463,0.0,28.7314,80,2.0,2.0,1.0
030_C202,30,C,6,7,OPTIMAL,433.7058,6,5,5,0,1,0.8333,430.2546,0.0,3.4512,80,2.0,2.0,1.0
030_C202,30,C,6,8,OPTIMAL,648.3441,6,5,5,0,1,0.8333,648.3282,0.0,0.0158,80,2.0,2.0,1.0
030_C202,30,C,6,9,OPTIMAL,634.3059,6,5,5,0,1,0.8333,606.0987,0.0,28.2072,80,2.0,2.0,1.0
030_C203,30,C,2,0,OPTIMAL,111.8462,2,2,2,0,0,1.0,111.8462,0.0,0.0,80,2.0,2.0,1.0
030_C203,30,C,2,1,OPTIMAL,117.0482,2,2,2,0,0,1.0,117.0482,0.0,0.0,80,2.0,2.0,1.0
030_C203,30,C,2,2,OPTIMAL,133.4903,2,2,2,0,0,1.0,133.4903,0.0,0.0,80,2.0,2.0,1.0
030_C203,30,C,2,3,OPTIMAL,102.7459,2,1,1,0,1,0.5,102.7335,0.0,0.0124,80,2.0,2.0,1.0
030_C203,30,C,2,4,OPTIMAL,256.3474,2,2,2,0,0,1.0,256.3474,0.0,0.0,80,2.0,2.0,1.0
030_C203,30,C,2,5,OPTIMAL,194.3001,2,2,2,0,0,1.0,194.3001,0.0,0.0,80,2.0,2.0,1.0
030_C203,30,C,2,6,OPTIMAL,235.5284,2,2,2,0,0,1.0,235.5284,0.0,0.0,80,2.0,2.0,1.0
030_C203,30,C,2,7,OPTIMAL,224.5761,2,2,2,0,0,1.0,224.5761,0.0,0.0,80,2.0,2.0,1.0
030_C203,30,C,2,8,OPTIMAL,173.1408,2,2,2,0,0,1.0,173.1408,0.0,0.0,80,2.0,2.0,1.0
030_C203,30,C,2,9,OPTIMAL,63.6291,2,1,1,0,1,0.5,42.1145,0.0,21.5146,80,2.0,2.0,1.0
030_C203,30,C,4,0,OPTIMAL,424.1238,4,4,4,0,0,1.0,424.1238,0.0,0.0,80,2.0,2.0,1.0
030_C203,30,C,4,1,OPTIMAL,390.524,4,3,3,0,1,0.75,389.0831,0.0,1.4409,80,2.0,2.0,1.0
030_C203,30,C,4,2,OPTIMAL,363.9095,4,4,4,0,0,1.0,363.9095,0.0,0.0,80,2.0,2.0,1.0
030_C203,30,C,4,3,OPTIMAL,295.8952,4,4,4,0,0,1.0,295.8952,0.0,0.0,80,2.0,2.0,1.0
030_C203,30,C,4,4,OPTIMAL,374.1732,4,4,4,0,0,1.0,374.1732,0.0,0.0,80,2.0,2.0,1.0
030_C203,30,C,4,5,OPTIMAL,548.6116,4,4,4,0,0,1.0,548.6116,0.0,0.0,80,2.0,2.0,1.0
030_C203,30,C,4,6,OPTIMAL,435.7975,4,4,4,0,0,1.0,435.7975,0.0,0.0,80,2.0,2.0,1.0
030_C203,30,C,4,7,OPTIMAL,484.3871,4,4,4,0,0,1.0,484.3871,0.0,0.0,80,2.0,2.0,1.0
030_C203,30,C,4,8,OPTIMAL,179.4617,4,2,2,0,2,0.5,160.9985,0.0,18.4632,80,2.0,2.0,1.0
030_C203,30,C,4,9,OPTIMAL,364.2487,4,4,4,0,0,1.0,364.2487,0.0,0.0,80,2.0,2.0,1.0
030_C203,30,C,6,0,OPTIMAL,526.591,6,6,6,0,0,1.0,526.591,0.0,0.0,80,2.0,2.0,1.0
030_C203,30,C,6,1,OPTIMAL,539.3392,6,5,5,0,1,0.8333,539.1852,0.0,0.154,80,2.0,2.0,1.0
030_C203,30,C,6,2,OPTIMAL,658.1187,6,6,6,0,0,1.0,658.1187,0.0,0.0,80,2.0,2.0,1.0
030_C203,30,C,6,3,OPTIMAL,568.9886,6,6,5,1,0,1.0,568.9886,0.0,0.0,80,2.0,2.0,1.0
030_C203,30,C,6,4,OPTIMAL,440.9814,6,4,4,0,2,0.6667,434.8598,0.0,6.1216,80,2.0,2.0,1.0
030_C203,30,C,6,5,OPTIMAL,552.5273,6,6,5,1,0,1.0,552.5273,0.0,0.0,80,2.0,2.0,1.0
030_C203,30,C,6,6,OPTIMAL,590.1777,6,5,5,0,1,0.8333,561.4463,0.0,28.7314,80,2.0,2.0,1.0
030_C203,30,C,6,7,OPTIMAL,433.7058,6,5,5,0,1,0.8333,430.2546,0.0,3.4512,80,2.0,2.0,1.0
030_C203,30,C,6,8,OPTIMAL,648.3441,6,5,5,0,1,0.8333,648.3282,0.0,0.0158,80,2.0,2.0,1.0
030_C203,30,C,6,9,OPTIMAL,634.3059,6,5,5,0,1,0.8333,606.0987,0.0,28.2072,80,2.0,2.0,1.0
030_C205,30,C,2,0,OPTIMAL,111.8462,2,2,2,0,0,1.0,111.8462,0.0,0.0,80,2.0,2.0,1.0
030_C205,30,C,2,1,OPTIMAL,117.0482,2,2,2,0,0,1.0,117.0482,0.0,0.0,80,2.0,2.0,1.0
030_C205,30,C,2,2,OPTIMAL,133.4903,2,2,2,0,0,1.0,133.4903,0.0,0.0,80,2.0,2.0,1.0
030_C205,30,C,2,3,OPTIMAL,246.355,2,2,2,0,0,1.0,246.355,0.0,0.0,80,2.0,2.0,1.0
030_C205,30,C,2,4,OPTIMAL,256.3474,2,2,2,0,0,1.0,256.3474,0.0,0.0,80,2.0,2.0,1.0
030_C205,30,C,2,5,OPTIMAL,194.3001,2,2,2,0,0,1.0,194.3001,0.0,0.0,80,2.0,2.0,1.0
030_C205,30,C,2,6,OPTIMAL,79.0321,2,1,1,0,1,0.5,75.2682,0.0,3.7639,80,2.0,2.0,1.0
030_C205,30,C,2,7,OPTIMAL,224.5761,2,2,2,0,0,1.0,224.5761,0.0,0.0,80,2.0,2.0,1.0
030_C205,30,C,2,8,OPTIMAL,173.1408,2,2,2,0,0,1.0,173.1408,0.0,0.0,80,2.0,2.0,1.0
030_C205,30,C,2,9,OPTIMAL,140.2873,2,2,2,0,0,1.0,140.2873,0.0,0.0,80,2.0,2.0,1.0
030_C205,30,C,4,0,OPTIMAL,350.8167,4,3,3,0,1,0.75,349.0971,0.0,1.7196,80,2.0,2.0,1.0
030_C205,30,C,4,1,OPTIMAL,433.6979,4,4,4,0,0,1.0,433.6979,0.0,0.0,80,2.0,2.0,1.0
030_C205,30,C,4,2,OPTIMAL,300.634,4,3,3,0,1,0.75,292.0574,0.0,8.5765,80,2.0,2.0,1.0
030_C205,30,C,4,3,OPTIMAL,295.8952,4,4,4,0,0,1.0,295.8952,0.0,0.0,80,2.0,2.0,1.0
030_C205,30,C,4,4,OPTIMAL,374.1732,4,4,4,0,0,1.0,374.1732,0.0,0.0,80,2.0,2.0,1.0
030_C205,30,C,4,5,OPTIMAL,436.3384,4,3,3,0,1,0.75,436.336,0.0,0.0025,80,2.0,2.0,1.0
030_C205,30,C,4,6,OPTIMAL,358.8376,4,3,3,0,1,0.75,303.9338,0.0,54.9038,80,2.0,2.0,1.0
030_C205,30,C,4,7,OPTIMAL,484.3871,4,4,3,1,0,1.0,484.3871,0.0,0.0,80,2.0,2.0,1.0
030_C205,30,C,4,8,OPTIMAL,236.068,4,3,3,0,1,0.75,197.3703,0.0,38.6977,80,2.0,2.0,1.0
030_C205,30,C,4,9,OPTIMAL,364.2487,4,4,4,0,0,1.0,364.2487,0.0,0.0,80,2.0,2.0,1.0
030_C205,30,C,6,0,OPTIMAL,491.7735,6,5,5,0,1,0.8333,480.2791,0.0,11.4944,80,2.0,2.0,1.0
030_C205,30,C,6,1,OPTIMAL,541.405,6,5,5,0,1,0.8333,539.1852,0.0,2.2198,80,2.0,2.0,1.0
030_C205,30,C,6,2,OPTIMAL,658.1187,6,6,6,0,0,1.0,658.1187,0.0,0.0,80,2.0,2.0,1.0
030_C205,30,C,6,3,OPTIMAL,568.9886,6,6,5,1,0,1.0,568.9886,0.0,0.0,80,2.0,2.0,1.0
030_C205,30,C,6,4,OPTIMAL,392.5039,6,3,3,0,3,0.5,313.8588,0.0,78.6451,80,2.0,2.0,1.0
030_C205,30,C,6,5,OPTIMAL,512.7369,6,5,5,0,1,0.8333,497.8909,0.0,14.846,80,2.0,2.0,1.0
030_C205,30,C,6,6,OPTIMAL,524.1458,6,5,5,0,1,0.8333,524.1393,0.0,0.0065,80,2.0,2.0,1.0
030_C205,30,C,6,7,OPTIMAL,503.3571,6,6,5,1,0,1.0,503.3571,0.0,0.0,80,2.0,2.0,1.0
030_C205,30,C,6,8,OPTIMAL,582.7794,6,4,4,0,2,0.6667,553.5549,0.0,29.2246,80,2.0,2.0,1.0
030_C205,30,C,6,9,OPTIMAL,660.3457,6,4,4,0,2,0.6667,631.8155,0.0,28.5302,80,2.0,2.0,1.0
030_C206,30,C,2,0,OPTIMAL,111.8462,2,2,2,0,0,1.0,111.8462,0.0,0.0,80,2.0,2.0,1.0
030_C206,30,C,2,1,OPTIMAL,32.5844,2,0,0,0,2,0.0,0.0,0.0,32.5844,80,2.0,2.0,1.0
030_C206,30,C,2,2,OPTIMAL,133.4903,2,2,2,0,0,1.0,133.4903,0.0,0.0,80,2.0,2.0,1.0
030_C206,30,C,2,3,OPTIMAL,105.3596,2,1,1,0,1,0.5,102.7335,0.0,2.6261,80,2.0,2.0,1.0
030_C206,30,C,2,4,OPTIMAL,256.3474,2,2,2,0,0,1.0,256.3474,0.0,0.0,80,2.0,2.0,1.0
030_C206,30,C,2,5,OPTIMAL,194.3001,2,2,2,0,0,1.0,194.3001,0.0,0.0,80,2.0,2.0,1.0
030_C206,30,C,2,6,OPTIMAL,235.5284,2,2,2,0,0,1.0,235.5284,0.0,0.0,80,2.0,2.0,1.0
030_C206,30,C,2,7,OPTIMAL,224.5761,2,2,2,0,0,1.0,224.5761,0.0,0.0,80,2.0,2.0,1.0
030_C206,30,C,2,8,OPTIMAL,114.4017,2,1,1,0,1,0.5,92.8819,0.0,21.5198,80,2.0,2.0,1.0
030_C206,30,C,2,9,OPTIMAL,140.2873,2,2,1,1,0,1.0,140.2873,0.0,0.0,80,2.0,2.0,1.0
030_C206,30,C,4,0,OPTIMAL,424.1238,4,4,4,0,0,1.0,424.1238,0.0,0.0,80,2.0,2.0,1.0
030_C206,30,C,4,1,OPTIMAL,433.6979,4,4,4,0,0,1.0,433.6979,0.0,0.0,80,2.0,2.0,1.0
030_C206,30,C,4,2,OPTIMAL,363.9095,4,4,3,1,0,1.0,363.9095,0.0,0.0,80,2.0,2.0,1.0
030_C206,30,C,4,3,OPTIMAL,295.8952,4,4,2,2,0,1.0,295.8952,0.0,0.0,80,2.0,2.0,1.0
030_C206,30,C,4,4,OPTIMAL,374.1732,4,4,4,0,0,1.0,374.1732,0.0,0.0,80,2.0,2.0,1.0
030_C206,30,C,4,5,OPTIMAL,323.9514,4,2,2,0,2,0.5,285.4604,0.0,38.491,80,2.0,2.0,1.0
030_C206,30,C,4,6,OPTIMAL,195.8085,4,1,1,0,3,0.25,114.0232,0.0,81.7853,80,2.0,2.0,1.0
030_C206,30,C,4,7,OPTIMAL,484.3871,4,4,4,0,0,1.0,484.3871,0.0,0.0,80,2.0,2.0,1.0
030_C206,30,C,4,8,OPTIMAL,227.4056,4,3,3,0,1,0.75,197.3703,0.0,30.0353,80,2.0,2.0,1.0
030_C206,30,C,4,9,OPTIMAL,364.2487,4,4,4,0,0,1.0,364.2487,0.0,0.0,80,2.0,2.0,1.0
030_C206,30,C,6,0,OPTIMAL,455.0099,6,5,5,0,1,0.8333,445.4342,0.0,9.5758,80,2.0,2.0,1.0
030_C206,30,C,6,1,OPTIMAL,539.2622,6,5,5,0,1,0.8333,539.1852,0.0,0.077,80,2.0,2.0,1.0
030_C206,30,C,6,2,OPTIMAL,658.1187,6,6,6,0,0,1.0,658.1187,0.0,0.0,80,2.0,2.0,1.0
030_C206,30,C,6,3,OPTIMAL,568.9886,6,6,6,0,0,1.0,568.9886,0.0,0.0,80,2.0,2.0,1.0
030_C206,30,C,6,4,OPTIMAL,548.1344,6,5,4,1,1,0.8333,507.8521,0.0,40.2823,80,2.0,2.0,1.0
030_C206,30,C,6,5,OPTIMAL,500.3236,6,5,4,1,1,0.8333,497.8909,0.0,2.4327,80,2.0,2.0,1.0
030_C206,30,C,6,6,OPTIMAL,625.4523,6,6,5,1,0,1.0,625.4523,0.0,0.0,80,2.0,2.0,1.0
030_C206,30,C,6,7,OPTIMAL,438.884,6,5,5,0,1,0.8333,395.9109,0.0,42.9731,80,2.0,2.0,1.0
030_C206,30,C,6,8,OPTIMAL,624.8492,6,5,5,0,1,0.8333,607.907,0.0,16.9422,80,2.0,2.0,1.0
030_C206,30,C,6,9,OPTIMAL,746.8297,6,6,5,1,0,1.0,746.8297,0.0,0.0,80,2.0,2.0,1.0
030_C207,30,C,2,0,OPTIMAL,47.8903,2,1,1,0,1,0.5,36.947,0.0,10.9433,80,2.0,2.0,1.0
030_C207,30,C,2,1,OPTIMAL,117.0482,2,2,2,0,0,1.0,117.0482,0.0,0.0,80,2.0,2.0,1.0
030_C207,30,C,2,2,OPTIMAL,89.1481,2,1,1,0,1,0.5,54.5255,0.0,34.6226,80,2.0,2.0,1.0
030_C207,30,C,2,3,OPTIMAL,246.355,2,2,2,0,0,1.0,246.355,0.0,0.0,80,2.0,2.0,1.0
030_C207,30,C,2,4,OPTIMAL,33.926,2,0,0,0,2,0.0,0.0,0.0,33.926,80,2.0,2.0,1.0
030_C207,30,C,2,5,OPTIMAL,127.0513,2,1,1,0,1,0.5,89.5269,0.0,37.5244,80,2.0,2.0,1.0
030_C207,30,C,2,6,OPTIMAL,235.5284,2,2,2,0,0,1.0,235.5284,0.0,0.0,80,2.0,2.0,1.0
030_C207,30,C,2,7,OPTIMAL,224.5761,2,2,2,0,0,1.0,224.5761,0.0,0.0,80,2.0,2.0,1.0
030_C207,30,C,2,8,OPTIMAL,173.1408,2,2,2,0,0,1.0,173.1408,0.0,0.0,80,2.0,2.0,1.0
030_C207,30,C,2,9,OPTIMAL,140.2873,2,2,2,0,0,1.0,140.2873,0.0,0.0,80,2.0,2.0,1.0
030_C207,30,C,4,0,OPTIMAL,352.0373,4,3,3,0,1,0.75,349.0971,0.0,2.9402,80,2.0,2.0,1.0
030_C207,30,C,4,1,OPTIMAL,297.1503,4,3,3,0,1,0.75,295.6033,0.0,1.547,80,2.0,2.0,1.0
030_C207,30,C,4,2,OPTIMAL,354.9218,4,3,3,0,1,0.75,317.8029,0.0,37.1188,80,2.0,2.0,1.0
030_C207,30,C,4,3,OPTIMAL,295.8952,4,4,4,0,0,1.0,295.8952,0.0,0.0,80,2.0,2.0,1.0
030_C207,30,C,4,4,OPTIMAL,105.8359,4,1,1,0,3,0.25,76.4048,0.0,29.4311,80,2.0,2.0,1.0
030_C207,30,C,4,5,OPTIMAL,548.6116,4,4,4,0,0,1.0,548.6116,0.0,0.0,80,2.0,2.0,1.0
030_C207,30,C,4,6,OPTIMAL,435.7975,4,4,4,0,0,1.0,435.7975,0.0,0.0,80,2.0,2.0,1.0
030_C207,30,C,4,7,OPTIMAL,484.3871,4,4,4,0,0,1.0,484.3871,0.0,0.0,80,2.0,2.0,1.0
030_C207,30,C,4,8,OPTIMAL,235.9483,4,2,1,1,2,0.5,160.9985,0.0,74.9498,80,2.0,2.0,1.0
030_C207,30,C,4,9,OPTIMAL,243.2399,4,3,3,0,1,0.75,242.1908,0.0,1.0491,80,2.0,2.0,1.0
030_C207,30,C,6,0,OPTIMAL,484.7393,6,5,5,0,1,0.8333,480.2791,0.0,4.4603,80,2.0,2.0,1.0
030_C207,30,C,6,1,OPTIMAL,541.405,6,5,5,0,1,0.8333,539.1852,0.0,2.2198,80,2.0,2.0,1.0
030_C207,30,C,6,2,OPTIMAL,494.454,6,4,4,0,2,0.6667,471.8431,0.0,22.6108,80,2.0,2.0,1.0
030_C207,30,C,6,3,OPTIMAL,503.3374,6,5,5,0,1,0.8333,445.3537,0.0,57.9837,80,2.0,2.0,1.0
030_C207,30,C,6,4,OPTIMAL,599.1896,6,6,6,0,0,1.0,599.1896,0.0,0.0,80,2.0,2.0,1.0
030_C207,30,C,6,5,OPTIMAL,489.8071,6,4,3,1,2,0.6667,452.6804,0.0,37.1267,80,2.0,2.0,1.0
030_C207,30,C,6,6,OPTIMAL,625.4523,6,6,6,0,0,1.0,625.4523,0.0,0.0,80,2.0,2.0,1.0
030_C207,30,C,6,7,OPTIMAL,337.6841,6,3,3,0,3,0.5,293.3817,0.0,44.3024,80,2.0,2.0,1.0
030_C207,30,C,6,8,OPTIMAL,650.3704,6,5,4,1,1,0.8333,648.3282,0.0,2.0421,80,2.0,2.0,1.0
030_C207,30,C,6,9,OPTIMAL,746.8297,6,6,6,0,0,1.0,746.8297,0.0,0.0,80,2.0,2.0,1.0
030_C208,30,C,2,0,OPTIMAL,86.9797,2,1,1,0,1,0.5,74.8993,0.0,12.0804,80,2.0,2.0,1.0
030_C208,30,C,2,1,OPTIMAL,117.0482,2,2,2,0,0,1.0,117.0482,0.0,0.0,80,2.0,2.0,1.0
030_C208,30,C,2,2,OPTIMAL,133.4903,2,2,2,0,0,1.0,133.4903,0.0,0.0,80,2.0,2.0,1.0
030_C208,30,C,2,3,OPTIMAL,246.355,2,2,2,0,0,1.0,246.355,0.0,0.0,80,2.0,2.0,1.0
030_C208,30,C,2,4,OPTIMAL,120.7797,2,1,1,0,1,0.5,92.7659,0.0,28.0137,80,2.0,2.0,1.0
030_C208,30,C,2,5,OPTIMAL,127.0513,2,1,1,0,1,0.5,89.5269,0.0,37.5244,80,2.0,2.0,1.0
030_C208,30,C,2,6,OPTIMAL,235.5284,2,2,2,0,0,1.0,235.5284,0.0,0.0,80,2.0,2.0,1.0
030_C208,30,C,2,7,OPTIMAL,224.5761,2,2,2,0,0,1.0,224.5761,0.0,0.0,80,2.0,2.0,1.0
030_C208,30,C,2,8,OPTIMAL,84.072,2,1,1,0,1,0.5,80.2589,0.0,3.8132,80,2.0,2.0,1.0
030_C208,30,C,2,9,OPTIMAL,140.2873,2,2,2,0,0,1.0,140.2873,0.0,0.0,80,2.0,2.0,1.0
030_C208,30,C,4,0,OPTIMAL,353.5942,4,3,2,1,1,0.75,349.0971,0.0,4.4971,80,2.0,2.0,1.0
030_C208,30,C,4,1,OPTIMAL,310.7475,4,2,2,0,2,0.5,262.4926,0.0,48.2549,80,2.0,2.0,1.0
030_C208,30,C,4,2,OPTIMAL,318.4256,4,3,3,0,1,0.75,317.8029,0.0,0.6227,80,2.0,2.0,1.0
030_C208,30,C,4,3,OPTIMAL,245.4228,4,3,3,0,1,0.75,219.2798,0.0,26.1429,80,2.0,2.0,1.0
030_C208,30,C,4,4,OPTIMAL,227.5607,4,3,2,1,1,0.75,221.5251,0.0,6.0356,80,2.0,2.0,1.0
030_C208,30,C,4,5,OPTIMAL,436.2246,4,3,3,0,1,0.75,397.736,0.0,38.4886,80,2.0,2.0,1.0
030_C208,30,C,4,6,OPTIMAL,435.7975,4,4,4,0,0,1.0,435.7975,0.0,0.0,80,2.0,2.0,1.0
030_C208,30,C,4,7,OPTIMAL,351.6452,4,3,3,0,1,0.75,314.0859,0.0,37.5593,80,2.0,2.0,1.0
030_C208,30,C,4,8,OPTIMAL,255.4029,4,3,3,0,1,0.75,197.3703,0.0,58.0326,80,2.0,2.0,1.0
030_C208,30,C,4,9,OPTIMAL,336.0528,4,3,2,1,1,0.75,312.8667,0.0,23.1861,80,2.0,2.0,1.0
030_C208,30,C,6,0,OPTIMAL,461.4136,6,5,5,0,1,0.8333,445.4342,0.0,15.9795,80,2.0,2.0,1.0
030_C208,30,C,6,1,OPTIMAL,322.7278,6,3,3,0,3,0.5,279.0426,0.0,43.6852,80,2.0,2.0,1.0
030_C208,30,C,6,2,OPTIMAL,566.77,6,5,5,0,1,0.8333,554.6571,0.0,12.1129,80,2.0,2.0,1.0
030_C208,30,C,6,3,OPTIMAL,367.791,6,4,4,0,2,0.6667,357.3058,0.0,10.4852,80,2.0,2.0,1.0
030_C208,30,C,6,4,OPTIMAL,599.1896,6,6,6,0,0,1.0,599.1896,0.0,0.0,80,2.0,2.0,1.0
030_C208,30,C,6,5,OPTIMAL,552.5273,6,6,5,1,0,1.0,552.5273,0.0,0.0,80,2.0,2.0,1.0
030_C208,30,C,6,6,OPTIMAL,529.9143,6,5,5,0,1,0.8333,522.0641,0.0,7.8502,80,2.0,2.0,1.0
030_C208,30,C,6,7,OPTIMAL,397.1466,6,4,4,0,2,0.6667,375.9855,0.0,21.1611,80,2.0,2.0,1.0
030_C208,30,C,6,8,OPTIMAL,625.0321,6,5,5,0,1,0.8333,599.9428,0.0,25.0894,80,2.0,2.0,1.0
030_C208,30,C,6,9,OPTIMAL,746.8297,6,6,6,0,0,1.0,746.8297,0.0,0.0,80,2.0,2.0,1.0
030_R101,30,R,2,0,OPTIMAL,163.9295,2,1,1,0,1,0.5,163.703,0.0,0.2265,80,2.0,2.0,1.0
030_R101,30,R,2,1,OPTIMAL,0.3144,2,0,0,0,2,0.0,0.0,0.0,0.3144,80,2.0,2.0,1.0
030_R101,30,R,2,2,OPTIMAL,240.1475,2,2,1,1,0,1.0,240.1475,0.0,0.0,80,2.0,2.0,1.0
030_R101,30,R,2,3,OPTIMAL,183.6227,2,1,1,0,1,0.5,183.531,0.0,0.0917,80,2.0,2.0,1.0
030_R101,30,R,2,4,OPTIMAL,152.4561,2,1,1,0,1,0.5,118.9716,5.2855,28.199,80,2.0,2.0,1.0
030_R101,30,R,2,5,OPTIMAL,322.2462,2,2,2,0,0,1.0,322.2462,0.0,0.0,80,2.0,2.0,1.0
030_R101,30,R,2,6,OPTIMAL,122.4725,2,1,1,0,1,0.5,120.3748,0.0,2.0977,80,2.0,2.0,1.0
030_R101,30,R,2,7,OPTIMAL,172.2152,2,1,1,0,1,0.5,171.2431,0.0,0.9721,80,2.0,2.0,1.0
030_R101,30,R,2,8,OPTIMAL,2.8286,2,0,0,0,2,0.0,0.0,0.0,2.8286,80,2.0,2.0,1.0
030_R101,30,R,2,9,OPTIMAL,287.762,2,2,2,0,0,1.0,287.762,0.0,0.0,80,2.0,2.0,1.0
030_R101,30,R,4,0,OPTIMAL,418.6331,4,3,3,0,1,0.75,411.9486,0.0,6.6845,80,2.0,2.0,1.0
030_R101,30,R,4,1,OPTIMAL,436.3218,4,3,3,0,1,0.75,436.0497,0.0,0.272,80,2.0,2.0,1.0
030_R101,30,R,4,2,OPTIMAL,305.2083,4,1,1,0,3,0.25,152.8847,47.8551,104.4685,80,2.0,2.0,1.0
030_R101,30,R,4,3,OPTIMAL,303.6215,4,2,2,0,2,0.5,294.9956,0.0,8.6258,80,2.0,2.0,1.0
030_R101,30,R,4,4,OPTIMAL,534.8073,4,4,4,0,0,1.0,534.8073,0.0,0.0,80,2.0,2.0,1.0
030_R101,30,R,4,5,OPTIMAL,256.2135,4,2,2,0,2,0.5,236.2937,0.0,19.9198,80,2.0,2.0,1.0
030_R101,30,R,4,6,OPTIMAL,585.4873,4,4,4,0,0,1.0,585.4873,0.0,0.0,80,2.0,2.0,1.0
030_R101,30,R,4,7,OPTIMAL,410.5946,4,3,3,0,1,0.75,393.7677,0.0,16.8268,80,2.0,2.0,1.0
030_R101,30,R,4,8,OPTIMAL,318.6142,4,2,2,0,2,0.5,305.2752,0.0,13.339,80,2.0,2.0,1.0
030_R101,30,R,4,9,OPTIMAL,284.4616,4,2,2,0,2,0.5,282.1777,0.0,2.2839,80,2.0,2.0,1.0
030_R101,30,R,6,0,OPTIMAL,415.7202,6,3,2,1,3,0.5,366.0475,11.6225,38.0502,80,2.0,2.0,1.0
030_R101,30,R,6,1,OPTIMAL,486.748,6,4,3,1,2,0.6667,484.5491,0.0,2.1989,80,2.0,2.0,1.0
030_R101,30,R,6,2,OPTIMAL,356.6049,6,3,2,1,3,0.5,294.2614,5.0808,57.2626,80,2.0,2.0,1.0
030_R101,30,R,6,3,OPTIMAL,818.2679,6,5,5,0,1,0.8333,818.1021,0.0,0.1658,80,2.0,2.0,1.0
030_R101,30,R,6,4,OPTIMAL,184.3788,6,1,1,0,5,0.1667,122.559,11.6478,50.1719,80,2.0,2.0,1.0
030_R101,30,R,6,5,OPTIMAL,604.3384,6,4,4,0,2,0.6667,591.0181,0.0,13.3204,80,2.0,2.0,1.0
030_R101,30,R,6,6,OPTIMAL,748.8085,6,5,5,0,1,0.8333,720.9398,2.4776,25.3911,80,2.0,2.0,1.0
030_R101,30,R,6,7,OPTIMAL,632.8229,6,5,5,0,1,0.8333,632.7834,0.0,0.0395,80,2.0,2.0,1.0
030_R101,30,R,6,8,OPTIMAL,553.0917,6,4,3,1,2,0.6667,518.7402,5.4179,28.9335,80,2.0,2.0,1.0
030_R101,30,R,6,9,OPTIMAL,743.7536,6,5,5,0,1,0.8333,742.9759,0.0,0.7777,80,2.0,2.0,1.0
030_R102,30,R,2,0,OPTIMAL,163.8163,2,1,1,0,1,0.5,163.703,0.0,0.1133,80,2.0,2.0,1.0
030_R102,30,R,2,1,OPTIMAL,0.2519,2,0,0,0,2,0.0,0.0,0.0,0.2519,80,2.0,2.0,1.0
030_R102,30,R,2,2,OPTIMAL,101.7892,2,0,0,0,2,0.0,0.0,26.5532,75.2359,80,2.0,2.0,1.0
030_R102,30,R,2,3,OPTIMAL,183.5769,2,1,1,0,1,0.5,183.531,0.0,0.0458,80,2.0,2.0,1.0
030_R102,30,R,2,4,OPTIMAL,74.0133,2,0,0,0,2,0.0,0.0,10.0395,63.9738,80,2.0,2.0,1.0
030_R102,30,R,2,5,OPTIMAL,322.2462,2,2,1,1,0,1.0,322.2462,0.0,0.0,80,2.0,2.0,1.0
030_R102,30,R,2,6,OPTIMAL,81.2259,2,0,0,0,2,0.0,0.0,29.3117,51.9142,80,2.0,2.0,1.0
030_R102,30,R,2,7,OPTIMAL,172.5537,2,1,1,0,1,0.5,171.2431,0.0,1.3106,80,2.0,2.0,1.0
030_R102,30,R,2,8,OPTIMAL,92.6196,2,0,0,0,2,0.0,0.0,35.4177,57.2019,80,2.0,2.0,1.0
030_R102,30,R,2,9,OPTIMAL,182.8183,2,1,1,0,1,0.5,169.6045,0.0,13.2138,80,2.0,2.0,1.0
030_R102,30,R,4,0,OPTIMAL,248.6423,4,1,0,1,3,0.25,135.1639,25.6201,87.8583,80,2.0,2.0,1.0
030_R102,30,R,4,1,OPTIMAL,279.0183,4,1,1,0,3,0.25,183.6472,35.5062,59.8649,80,2.0,2.0,1.0
030_R102,30,R,4,2,OPTIMAL,38.0566,4,0,0,0,4,0.0,0.0,0.0,38.0566,80,2.0,2.0,1.0
030_R102,30,R,4,3,OPTIMAL,35.6691,4,0,0,0,4,0.0,0.0,0.0,35.6691,80,2.0,2.0,1.0
030_R102,30,R,4,4,OPTIMAL,369.2314,4,1,1,0,3,0.25,178.1154,65.1222,125.9938,80,2.0,2.0,1.0
030_R102,30,R,4,5,OPTIMAL,158.4054,4,0,0,0,4,0.0,0.0,50.3591,108.0463,80,2.0,2.0,1.0
030_R102,30,R,4,6,OPTIMAL,328.1837,4,1,1,0,3,0.25,164.5736,57.565,106.0451,80,2.0,2.0,1.0
030_R102,30,R,4,7,OPTIMAL,211.6328,4,1,0,1,3,0.25,118.5508,22.8319,70.2501,80,2.0,2.0,1.0
030_R102,30,R,4,8,OPTIMAL,204.3236,4,1,1,0,3,0.25,164.4927,5.8032,34.0277,80,2.0,2.0,1.0
030_R102,30,R,4,9,OPTIMAL,262.2777,4,1,1,0,3,0.25,144.1725,33.9758,84.1293,80,2.0,2.0,1.0
030_R102,30,R,6,0,OPTIMAL,434.9821,6,2,1,1,4,0.3333,302.3791,38.4785,94.1244,80,2.0,2.0,1.0
030_R102,30,R,6,1,OPTIMAL,272.2407,6,1,0,1,5,0.1667,123.9909,59.1834,89.0664,80,2.0,2.0,1.0
030_R102,30,R,6,2,OPTIMAL,121.5811,6,0,0,0,6,0.0,0.0,23.0201,98.561,80,2.0,2.0,1.0
030_R102,30,R,6,3,OPTIMAL,712.8598,6,3,3,0,3,0.5,527.7732,52.0283,133.0582,80,2.0,2.0,1.0
030_R102,30,R,6,4,OPTIMAL,57.308,6,0,0,0,6,0.0,0.0,5.5667,51.7414,80,2.0,2.0,1.0
030_R102,30,R,6,5,OPTIMAL,298.2976,6,1,1,0,5,0.1667,184.6157,29.1093,84.5725,80,2.0,2.0,1.0
030_R102,30,R,6,6,OPTIMAL,625.122,6,3,2,1,3,0.5,448.5873,61.3952,115.1396,80,2.0,2.0,1.0
030_R102,30,R,6,7,OPTIMAL,388.2658,6,2,1,1,4,0.3333,307.5972,6.0622,74.6064,80,2.0,2.0,1.0
030_R102,30,R,6,8,OPTIMAL,329.6961,6,2,2,0,4,0.3333,319.9648,0.0,9.7313,80,2.0,2.0,1.0
030_R102,30,R,6,9,OPTIMAL,513.7684,6,2,1,1,4,0.3333,333.9868,57.5911,122.1905,80,2.0,2.0,1.0
030_R103,30,R,2,0,OPTIMAL,163.9295,2,1,1,0,1,0.5,163.703,0.0,0.2265,80,2.0,2.0,1.0
030_R103,30,R,2,1,OPTIMAL,0.1323,2,0,0,0,2,0.0,0.0,0.0,0.1323,80,2.0,2.0,1.0
030_R103,30,R,2,2,OPTIMAL,191.4006,2,1,0,1,1,0.5,121.2402,19.4477,50.7126,80,2.0,2.0,1.0
030_R103,30,R,2,3,OPTIMAL,183.5769,2,1,1,0,1,0.5,183.531,0.0,0.0458,80,2.0,2.0,1.0
030_R103,30,R,2,4,OPTIMAL,122.0975,2,0,0,0,2,0.0,0.0,26.4175,95.68,80,2.0,2.0,1.0
030_R103,30,R,2,5,OPTIMAL,322.2462,2,2,1,1,0,1.0,322.2462,0.0,0.0,80,2.0,2.0,1.0
030_R103,30,R,2,6,OPTIMAL,79.8218,2,0,0,0,2,0.0,0.0,22.3836,57.4382,80,2.0,2.0,1.0
030_R103,30,R,2,7,OPTIMAL,172.4532,2,1,1,0,1,0.5,171.2431,0.0,1.2101,80,2.0,2.0,1.0
030_R103,30,R,2,8,OPTIMAL,96.539,2,0,0,0,2,0.0,0.0,30.9142,65.6248,80,2.0,2.0,1.0
030_R103,30,R,2,9,OPTIMAL,170.8958,2,1,1,0,1,0.5,169.6045,0.0,1.2913,80,2.0,2.0,1.0
030_R103,30,R,4,0,OPTIMAL,145.3518,4,1,0,1,3,0.25,135.1639,0.0,10.1879,80,2.0,2.0,1.0
030_R103,30,R,4,1,OPTIMAL,337.2749,4,2,1,1,2,0.5,330.6277,0.0,6.6472,80,2.0,2.0,1.0
030_R103,30,R,4,2,OPTIMAL,301.6417,4,2,0,2,2,0.5,285.0985,0.0,16.5432,80,2.0,2.0,1.0
030_R103,30,R,4,3,OPTIMAL,297.7948,4,2,0,2,2,0.5,294.9956,0.0,2.7992,80,2.0,2.0,1.0
030_R103,30,R,4,4,OPTIMAL,184.2739,4,1,1,0,3,0.25,178.1154,0.0,6.1586,80,2.0,2.0,1.0
030_R103,30,R,4,5,OPTIMAL,149.1286,4,1,0,1,3,0.25,126.1572,0.0,22.9715,80,2.0,2.0,1.0
030_R103,30,R,4,6,OPTIMAL,310.8095,4,2,1,1,2,0.5,307.5601,0.0,3.2494,80,2.0,2.0,1.0
030_R103,30,R,4,7,OPTIMAL,266.2315,4,2,0,2,2,0.5,263.778,0.0,2.4535,80,2.0,2.0,1.0
030_R103,30,R,4,8,OPTIMAL,172.2356,4,1,1,0,3,0.25,164.4927,0.0,7.7429,80,2.0,2.0,1.0
030_R103,30,R,4,9,OPTIMAL,231.8159,4,1,0,1,3,0.25,144.1725,25.513,62.1304,80,2.0,2.0,1.0
030_R103,30,R,6,0,OPTIMAL,455.1422,6,3,1,2,3,0.5,448.2209,0.0,6.9213,80,2.0,2.0,1.0
030_R103,30,R,6,1,OPTIMAL,296.2449,6,2,0,2,4,0.3333,292.4455,0.0,3.7994,80,2.0,2.0,1.0
030_R103,30,R,6,2,OPTIMAL,105.0005,6,0,0,0,6,0.0,0.0,19.284,85.7166,80,2.0,2.0,1.0
030_R103,30,R,6,3,OPTIMAL,808.8957,6,5,3,2,1,0.8333,804.7713,0.0,4.1244,80,2.0,2.0,1.0
030_R103,30,R,6,4,OPTIMAL,147.4528,6,1,0,1,5,0.1667,143.9398,0.0,3.513,80,2.0,2.0,1.0
030_R103,30,R,6,5,OPTIMAL,410.0703,6,2,1,1,4,0.3333,335.4072,18.5687,56.0945,80,2.0,2.0,1.0
030_R103,30,R,6,6,OPTIMAL,588.9453,6,4,1,3,2,0.6667,584.2328,0.0,4.7125,80,2.0,2.0,1.0
030_R103,30,R,6,7,OPTIMAL,361.2638,6,2,1,1,4,0.3333,307.5972,12.3962,41.2704,80,2.0,2.0,1.0
030_R103,30,R,6,8,OPTIMAL,321.8709,6,2,1,1,4,0.3333,319.9648,0.0,1.9061,80,2.0,2.0,1.0
030_R103,30,R,6,9,OPTIMAL,483.7606,6,3,1,2,3,0.5,475.053,0.0,8.7076,80,2.0,2.0,1.0
030_R105,30,R,2,0,OPTIMAL,163.9295,2,1,1,0,1,0.5,163.703,0.0,0.2265,80,2.0,2.0,1.0
030_R105,30,R,2,1,OPTIMAL,0.1259,2,0,0,0,2,0.0,0.0,0.0,0.1259,80,2.0,2.0,1.0
030_R105,30,R,2,2,OPTIMAL,91.3432,2,0,0,0,2,0.0,0.0,0.0,91.3432,80,2.0,2.0,1.0
030_R105,30,R,2,3,OPTIMAL,183.6227,2,1,1,0,1,0.5,183.531,0.0,0.0917,80,2.0,2.0,1.0
030_R105,30,R,2,4,OPTIMAL,72.2937,2,0,0,0,2,0.0,0.0,0.0,72.2937,80,2.0,2.0,1.0
030_R105,30,R,2,5,OPTIMAL,322.2462,2,2,2,0,0,1.0,322.2462,0.0,0.0,80,2.0,2.0,1.0
030_R105,30,R,2,6,OPTIMAL,63.8957,2,0,0,0,2,0.0,0.0,0.0,63.8957,80,2.0,2.0,1.0
030_R105,30,R,2,7,OPTIMAL,172.2152,2,1,1,0,1,0.5,171.2431,0.0,0.9721,80,2.0,2.0,1.0
030_R105,30,R,2,8,OPTIMAL,2.2922,2,0,0,0,2,0.0,0.0,0.0,2.2922,80,2.0,2.0,1.0
030_R105,30,R,2,9,OPTIMAL,287.762,2,2,2,0,0,1.0,287.762,0.0,0.0,80,2.0,2.0,1.0
030_R105,30,R,4,0,OPTIMAL,236.6003,4,1,1,0,3,0.25,133.4889,0.0,103.1114,80,2.0,2.0,1.0
030_R105,30,R,4,1,OPTIMAL,436.1857,4,3,2,1,1,0.75,436.0497,0.0,0.136,80,2.0,2.0,1.0
030_R105,30,R,4,2,OPTIMAL,201.548,4,1,1,0,3,0.25,152.8847,0.0,48.6633,80,2.0,2.0,1.0
030_R105,30,R,4,3,OPTIMAL,194.7148,4,1,1,0,3,0.25,146.1261,0.0,48.5887,80,2.0,2.0,1.0
030_R105,30,R,4,4,OPTIMAL,489.8708,4,3,3,0,1,0.75,439.1521,0.0,50.7187,80,2.0,2.0,1.0
030_R105,30,R,4,5,OPTIMAL,247.8719,4,2,1,1,2,0.5,236.2937,0.0,11.5781,80,2.0,2.0,1.0
030_R105,30,R,4,6,OPTIMAL,492.2246,4,3,3,0,1,0.75,451.149,0.0,41.0757,80,2.0,2.0,1.0
030_R105,30,R,4,7,OPTIMAL,306.5539,4,2,2,0,2,0.5,248.5405,0.0,58.0134,80,2.0,2.0,1.0
030_R105,30,R,4,8,OPTIMAL,221.6158,4,1,1,0,3,0.25,164.4927,0.0,57.1231,80,2.0,2.0,1.0
030_R105,30,R,4,9,OPTIMAL,53.3268,4,0,0,0,4,0.0,0.0,0.0,53.3268,80,2.0,2.0,1.0
030_R105,30,R,6,0,OPTIMAL,346.308,6,2,2,0,4,0.3333,283.8092,0.0,62.4988,80,2.0,2.0,1.0
030_R105,30,R,6,1,OPTIMAL,472.1443,6,3,3,0,3,0.5,416.4364,0.0,55.708,80,2.0,2.0,1.0
030_R105,30,R,6,2,OPTIMAL,319.1183,6,2,1,1,4,0.3333,234.4066,0.0,84.7118,80,2.0,2.0,1.0
030_R105,30,R,6,3,OPTIMAL,603.526,6,3,3,0,3,0.5,527.7732,0.0,75.7527,80,2.0,2.0,1.0
030_R105,30,R,6,4,OPTIMAL,160.5478,6,1,1,0,5,0.1667,122.559,0.0,37.9887,80,2.0,2.0,1.0
030_R105,30,R,6,5,OPTIMAL,506.5029,6,3,2,1,3,0.5,453.3256,0.0,53.1773,80,2.0,2.0,1.0
030_R105,30,R,6,6,OPTIMAL,532.3664,6,3,2,1,3,0.5,448.5873,0.0,83.7791,80,2.0,2.0,1.0
030_R105,30,R,6,7,OPTIMAL,389.9963,6,2,1,1,4,0.3333,282.3641,0.0,107.6322,80,2.0,2.0,1.0
030_R105,30,R,6,8,OPTIMAL,349.4517,6,2,2,0,4,0.3333,296.8396,0.0,52.6121,80,2.0,2.0,1.0
030_R105,30,R,6,9,OPTIMAL,522.9322,6,3,3,0,3,0.5,468.5943,0.0,54.3379,80,2.0,2.0,1.0
030_R106,30,R,2,0,OPTIMAL,163.8163,2,1,1,0,1,0.5,163.703,0.0,0.1133,80,2.0,2.0,1.0
030_R106,30,R,2,1,OPTIMAL,0.2511,2,0,0,0,2,0.0,0.0,0.0,0.2511,80,2.0,2.0,1.0
030_R106,30,R,2,2,OPTIMAL,73.1156,2,0,0,0,2,0.0,0.0,0.0,73.1156,80,2.0,2.0,1.0
030_R106,30,R,2,3,OPTIMAL,183.6227,2,1,1,0,1,0.5,183.531,0.0,0.0917,80,2.0,2.0,1.0
030_R106,30,R,2,4,OPTIMAL,70.3411,2,0,0,0,2,0.0,0.0,0.0,70.3411,80,2.0,2.0,1.0
030_R106,30,R,2,5,OPTIMAL,322.2462,2,2,2,0,0,1.0,322.2462,0.0,0.0,80,2.0,2.0,1.0
030_R106,30,R,2,6,OPTIMAL,48.3639,2,0,0,0,2,0.0,0.0,0.0,48.3639,80,2.0,2.0,1.0
030_R106,30,R,2,7,OPTIMAL,172.2152,2,1,1,0,1,0.5,171.2431,0.0,0.9721,80,2.0,2.0,1.0
030_R106,30,R,2,8,OPTIMAL,1.6176,2,0,0,0,2,0.0,0.0,0.0,1.6176,80,2.0,2.0,1.0
030_R106,30,R,2,9,OPTIMAL,279.844,2,1,1,0,1,0.5,169.6045,15.4844,94.7552,80,2.0,2.0,1.0
030_R106,30,R,4,0,OPTIMAL,80.3012,4,0,0,0,4,0.0,0.0,0.0,80.3012,80,2.0,2.0,1.0
030_R106,30,R,4,1,OPTIMAL,380.5331,4,2,1,1,2,0.5,330.6277,0.0,49.9054,80,2.0,2.0,1.0
030_R106,30,R,4,2,OPTIMAL,200.2861,4,1,0,1,3,0.25,152.8847,0.0,47.4015,80,2.0,2.0,1.0
030_R106,30,R,4,3,OPTIMAL,187.5642,4,1,0,1,3,0.25,146.1261,0.0,41.438,80,2.0,2.0,1.0
030_R106,30,R,4,4,OPTIMAL,353.9474,4,1,1,0,3,0.25,178.1154,10.5144,165.3176,80,2.0,2.0,1.0
030_R106,30,R,4,5,OPTIMAL,120.6137,4,0,0,0,4,0.0,0.0,5.4344,115.1793,80,2.0,2.0,1.0
030_R106,30,R,4,6,OPTIMAL,480.4741,4,3,1,2,1,0.75,451.149,0.0,29.3251,80,2.0,2.0,1.0
030_R106,30,R,4,7,OPTIMAL,185.0727,4,0,0,0,4,0.0,0.0,18.6164,166.4563,80,2.0,2.0,1.0
030_R106,30,R,4,8,OPTIMAL,203.2007,4,1,1,0,3,0.25,164.4927,0.0,38.708,80,2.0,2.0,1.0
030_R106,30,R,4,9,OPTIMAL,41.9683,4,0,0,0,4,0.0,0.0,0.0,41.9683,80,2.0,2.0,1.0
030_R106,30,R,6,0,OPTIMAL,278.473,6,1,1,0,5,0.1667,173.8298,4.1947,100.4485,80,2.0,2.0,1.0
030_R106,30,R,6,1,OPTIMAL,422.9101,6,3,0,3,3,0.5,416.4364,0.0,6.4738,80,2.0,2.0,1.0
030_R106,30,R,6,2,OPTIMAL,127.4976,6,0,0,0,6,0.0,0.0,0.0,127.4976,80,2.0,2.0,1.0
030_R106,30,R,6,3,OPTIMAL,603.1599,6,3,3,0,3,0.5,527.7732,0.0,75.3866,80,2.0,2.0,1.0
030_R106,30,R,6,4,OPTIMAL,52.4142,6,0,0,0,6,0.0,0.0,0.0,52.4142,80,2.0,2.0,1.0
030_R106,30,R,6,5,OPTIMAL,437.7739,6,2,1,1,4,0.3333,335.4072,0.0,102.3667,80,2.0,2.0,1.0
030_R106,30,R,6,6,OPTIMAL,475.3918,6,2,1,1,4,0.3333,311.8803,18.5491,144.9624,80,2.0,2.0,1.0
030_R106,30,R,6,7,OPTIMAL,338.8306,6,1,1,0,5,0.1667,170.1936,8.3088,160.3283,80,2.0,2.0,1.0
030_R106,30,R,6,8,OPTIMAL,283.4754,6,1,1,0,5,0.1667,180.283,10.7181,92.4743,80,2.0,2.0,1.0
030_R106,30,R,6,9,OPTIMAL,421.9062,6,2,1,1,4,0.3333,333.9868,0.0,87.9195,80,2.0,2.0,1.0
030_R107,30,R,2,0,OPTIMAL,163.9295,2,1,1,0,1,0.5,163.703,0.0,0.2265,80,2.0,2.0,1.0
030_R107,30,R,2,1,OPTIMAL,0.1323,2,0,0,0,2,0.0,0.0,0.0,0.1323,80,2.0,2.0,1.0
030_R107,30,R,2,2,OPTIMAL,115.437,2,0,0,0,2,0.0,0.0,0.0,115.437,80,2.0,2.0,1.0
030_R107,30,R,2,3,OPTIMAL,183.6227,2,1,1,0,1,0.5,183.531,0.0,0.0917,80,2.0,2.0,1.0
030_R107,30,R,2,4,OPTIMAL,50.3855,2,0,0,0,2,0.0,0.0,0.0,50.3855,80,2.0,2.0,1.0
030_R107,30,R,2,5,OPTIMAL,320.2875,2,1,1,0,1,0.5,163.3174,44.8807,112.0894,80,2.0,2.0,1.0
030_R107,30,R,2,6,OPTIMAL,51.5793,2,0,0,0,2,0.0,0.0,0.0,51.5793,80,2.0,2.0,1.0
030_R107,30,R,2,7,OPTIMAL,173.6633,2,1,1,0,1,0.5,171.2431,0.0,2.4202,80,2.0,2.0,1.0
030_R107,30,R,2,8,OPTIMAL,58.9861,2,0,0,0,2,0.0,0.0,0.0,58.9861,80,2.0,2.0,1.0
030_R107,30,R,2,9,OPTIMAL,170.8958,2,1,1,0,1,0.5,169.6045,0.0,1.2913,80,2.0,2.0,1.0
030_R107,30,R,4,0,OPTIMAL,154.0904,4,0,0,0,4,0.0,0.0,20.655,133.4354,80,2.0,2.0,1.0
030_R107,30,R,4,1,OPTIMAL,319.1729,4,1,1,0,3,0.25,183.6472,33.5888,101.937,80,2.0,2.0,1.0
030_R107,30,R,4,2,OPTIMAL,186.0679,4,0,0,0,4,0.0,0.0,40.3626,145.7052,80,2.0,2.0,1.0
030_R107,30,R,4,3,OPTIMAL,132.8833,4,0,0,0,4,0.0,0.0,32.3637,100.5196,80,2.0,2.0,1.0
030_R107,30,R,4,4,OPTIMAL,217.7162,4,1,1,0,3,0.25,178.1154,0.0,39.6008,80,2.0,2.0,1.0
030_R107,30,R,4,5,OPTIMAL,172.9106,4,0,0,0,4,0.0,0.0,13.5684,159.3421,80,2.0,2.0,1.0
030_R107,30,R,4,6,OPTIMAL,278.6776,4,1,1,0,3,0.25,164.5736,20.7743,93.3296,80,2.0,2.0,1.0
030_R107,30,R,4,7,OPTIMAL,128.2324,4,0,0,0,4,0.0,0.0,16.5696,111.6628,80,2.0,2.0,1.0
030_R107,30,R,4,8,OPTIMAL,172.5922,4,1,1,0,3,0.25,164.4927,0.0,8.0996,80,2.0,2.0,1.0
030_R107,30,R,4,9,OPTIMAL,202.3314,4,1,0,1,3,0.25,144.1725,0.0,58.1589,80,2.0,2.0,1.0
030_R107,30,R,6,0,OPTIMAL,288.4219,6,1,1,0,5,0.1667,173.8298,17.9195,96.6726,80,2.0,2.0,1.0
030_R107,30,R,6,1,OPTIMAL,251.3295,6,0,0,0,6,0.0,0.0,56.7296,194.5999,80,2.0,2.0,1.0
030_R107,30,R,6,2,OPTIMAL,68.0054,6,0,0,0,6,0.0,0.0,0.0,68.0054,80,2.0,2.0,1.0
030_R107,30,R,6,3,OPTIMAL,774.5687,6,4,4,0,2,0.6667,680.0609,12.5858,81.9219,80,2.0,2.0,1.0
030_R107,30,R,6,4,OPTIMAL,27.1225,6,0,0,0,6,0.0,0.0,0.0,27.1225,80,2.0,2.0,1.0
030_R107,30,R,6,5,OPTIMAL,379.974,6,1,1,0,5,0.1667,184.6157,38.4695,156.8888,80,2.0,2.0,1.0
030_R107,30,R,6,6,OPTIMAL,520.652,6,2,1,1,4,0.3333,311.8803,23.0448,185.7269,80,2.0,2.0,1.0
030_R107,30,R,6,7,OPTIMAL,350.4139,6,2,1,1,4,0.3333,307.5972,0.0,42.8167,80,2.0,2.0,1.0
030_R107,30,R,6,8,OPTIMAL,325.1006,6,2,1,1,4,0.3333,319.9648,0.0,5.1359,80,2.0,2.0,1.0
030_R107,30,R,6,9,OPTIMAL,487.8346,6,1,1,0,5,0.1667,177.2009,63.3713,247.2623,80,2.0,2.0,1.0
030_R109,30,R,2,0,OPTIMAL,163.8163,2,1,1,0,1,0.5,163.703,0.0,0.1133,80,2.0,2.0,1.0
030_R109,30,R,2,1,OPTIMAL,0.0661,2,0,0,0,2,0.0,0.0,0.0,0.0661,80,2.0,2.0,1.0
030_R109,30,R,2,2,OPTIMAL,32.2571,2,0,0,0,2,0.0,0.0,0.0,32.2571,80,2.0,2.0,1.0
030_R109,30,R,2,3,OPTIMAL,183.5769,2,1,1,0,1,0.5,183.531,0.0,0.0458,80,2.0,2.0,1.0
030_R109,30,R,2,4,OPTIMAL,61.9107,2,0,0,0,2,0.0,0.0,0.0,61.9107,80,2.0,2.0,1.0
030_R109,30,R,2,5,OPTIMAL,322.2462,2,2,2,0,0,1.0,322.2462,0.0,0.0,80,2.0,2.0,1.0
030_R109,30,R,2,6,OPTIMAL,37.5595,2,0,0,0,2,0.0,0.0,0.0,37.5595,80,2.0,2.0,1.0
030_R109,30,R,2,7,OPTIMAL,171.4236,2,1,1,0,1,0.5,171.2431,0.0,0.1805,80,2.0,2.0,1.0
030_R109,30,R,2,8,OPTIMAL,41.2491,2,0,0,0,2,0.0,0.0,0.0,41.2491,80,2.0,2.0,1.0
030_R109,30,R,2,9,OPTIMAL,170.2501,2,1,1,0,1,0.5,169.6045,0.0,0.6456,80,2.0,2.0,1.0
030_R109,30,R,4,0,OPTIMAL,125.3979,4,0,0,0,4,0.0,0.0,0.0,125.3979,80,2.0,2.0,1.0
030_R109,30,R,4,1,OPTIMAL,335.7055,4,2,1,1,2,0.5,330.6277,0.0,5.0778,80,2.0,2.0,1.0
030_R109,30,R,4,2,OPTIMAL,228.2716,4,1,1,0,3,0.25,152.8847,0.0,75.387,80,2.0,2.0,1.0
030_R109,30,R,4,3,OPTIMAL,213.046,4,1,0,1,3,0.25,146.1261,0.0,66.9199,80,2.0,2.0,1.0
030_R109,30,R,4,4,OPTIMAL,364.1294,4,2,1,1,2,0.5,309.8522,0.0,54.2772,80,2.0,2.0,1.0
030_R109,30,R,4,5,OPTIMAL,80.5604,4,0,0,0,4,0.0,0.0,0.0,80.5604,80,2.0,2.0,1.0
030_R109,30,R,4,6,OPTIMAL,406.848,4,2,1,1,2,0.5,308.1625,0.0,98.6855,80,2.0,2.0,1.0
030_R109,30,R,4,7,OPTIMAL,156.9087,4,0,0,0,4,0.0,0.0,0.0,156.9087,80,2.0,2.0,1.0
030_R109,30,R,4,8,OPTIMAL,227.3628,4,1,1,0,3,0.25,164.4927,0.0,62.8701,80,2.0,2.0,1.0
030_R109,30,R,4,9,OPTIMAL,189.9325,4,1,1,0,3,0.25,144.1725,0.0,45.76,80,2.0,2.0,1.0
030_R109,30,R,6,0,OPTIMAL,246.647,6,1,1,0,5,0.1667,173.8298,0.0,72.8172,80,2.0,2.0,1.0
030_R109,30,R,6,1,OPTIMAL,301.0104,6,2,1,1,4,0.3333,292.4455,0.0,8.5649,80,2.0,2.0,1.0
030_R109,30,R,6,2,OPTIMAL,134.3004,6,0,0,0,6,0.0,0.0,0.0,134.3004,80,2.0,2.0,1.0
030_R109,30,R,6,3,OPTIMAL,613.5411,6,3,3,0,3,0.5,527.7732,0.0,85.7679,80,2.0,2.0,1.0
030_R109,30,R,6,4,OPTIMAL,92.1716,6,0,0,0,6,0.0,0.0,0.0,92.1716,80,2.0,2.0,1.0
030_R109,30,R,6,5,OPTIMAL,425.7085,6,2,2,0,4,0.3333,335.4072,0.0,90.3013,80,2.0,2.0,1.0
030_R109,30,R,6,6,OPTIMAL,405.0047,6,2,1,1,4,0.3333,311.8803,0.0,93.1244,80,2.0,2.0,1.0
030_R109,30,R,6,7,OPTIMAL,200.1716,6,1,1,0,5,0.1667,170.1936,0.0,29.9781,80,2.0,2.0,1.0
030_R109,30,R,6,8,OPTIMAL,373.5291,6,2,1,1,4,0.3333,319.9648,0.0,53.5644,80,2.0,2.0,1.0
030_R109,30,R,6,9,OPTIMAL,430.839,6,2,2,0,4,0.3333,333.9868,0.0,96.8522,80,2.0,2.0,1.0
030_R110,30,R,2,0,OPTIMAL,163.9295,2,1,1,0,1,0.5,163.703,0.0,0.2265,80,2.0,2.0,1.0
030_R110,30,R,2,1,OPTIMAL,0.0689,2,0,0,0,2,0.0,0.0,0.0,0.0689,80,2.0,2.0,1.0
030_R110,30,R,2,2,OPTIMAL,88.3319,2,0,0,0,2,0.0,0.0,0.0,88.3319,80,2.0,2.0,1.0
030_R110,30,R,2,3,OPTIMAL,183.5769,2,1,1,0,1,0.5,183.531,0.0,0.0458,80,2.0,2.0,1.0
030_R110,30,R,2,4,OPTIMAL,70.707,2,0,0,0,2,0.0,0.0,0.0,70.707,80,2.0,2.0,1.0
030_R110,30,R,2,5,OPTIMAL,322.2462,2,2,2,0,0,1.0,322.2462,0.0,0.0,80,2.0,2.0,1.0
030_R110,30,R,2,6,OPTIMAL,16.4358,2,0,0,0,2,0.0,0.0,0.0,16.4358,80,2.0,2.0,1.0
030_R110,30,R,2,7,OPTIMAL,171.3635,2,1,1,0,1,0.5,171.2431,0.0,0.1203,80,2.0,2.0,1.0
030_R110,30,R,2,8,OPTIMAL,84.1652,2,0,0,0,2,0.0,0.0,0.0,84.1652,80,2.0,2.0,1.0
030_R110,30,R,2,9,OPTIMAL,170.8958,2,1,1,0,1,0.5,169.6045,0.0,1.2913,80,2.0,2.0,1.0
030_R110,30,R,4,0,OPTIMAL,318.2954,4,2,0,2,2,0.5,268.6527,0.0,49.6426,80,2.0,2.0,1.0
030_R110,30,R,4,1,OPTIMAL,338.8531,4,2,1,1,2,0.5,330.6277,0.0,8.2254,80,2.0,2.0,1.0
030_R110,30,R,4,2,OPTIMAL,270.7637,4,1,0,1,3,0.25,152.8847,0.0,117.879,80,2.0,2.0,1.0
030_R110,30,R,4,3,OPTIMAL,312.8788,4,2,1,1,2,0.5,294.9956,0.0,17.8831,80,2.0,2.0,1.0
030_R110,30,R,4,4,OPTIMAL,347.4074,4,2,1,1,2,0.5,309.8522,0.0,37.5552,80,2.0,2.0,1.0
030_R110,30,R,4,5,OPTIMAL,287.181,4,1,0,1,3,0.25,126.991,12.9224,147.2676,80,2.0,2.0,1.0
030_R110,30,R,4,6,OPTIMAL,341.3633,4,2,1,1,2,0.5,308.1625,0.0,33.2008,80,2.0,2.0,1.0
030_R110,30,R,4,7,OPTIMAL,317.0282,4,2,1,1,2,0.5,275.217,0.0,41.8112,80,2.0,2.0,1.0
030_R110,30,R,4,8,OPTIMAL,236.8955,4,1,1,0,3,0.25,164.4927,0.0,72.4029,80,2.0,2.0,1.0
030_R110,30,R,4,9,OPTIMAL,262.6195,4,1,0,1,3,0.25,144.1725,0.0,118.4469,80,2.0,2.0,1.0
030_R110,30,R,6,0,OPTIMAL,495.3678,6,3,2,1,3,0.5,448.2209,0.0,47.1469,80,2.0,2.0,1.0
030_R110,30,R,6,1,OPTIMAL,168.3147,6,1,0,1,5,0.1667,147.5378,0.0,20.7769,80,2.0,2.0,1.0
030_R110,30,R,6,2,OPTIMAL,216.6044,6,1,0,1,5,0.1667,119.2588,0.0,97.3456,80,2.0,2.0,1.0
030_R110,30,R,6,3,OPTIMAL,833.5529,6,4,4,0,2,0.6667,680.0609,11.9398,141.5522,80,2.0,2.0,1.0
030_R110,30,R,6,4,OPTIMAL,304.8035,6,2,0,2,4,0.3333,266.4988,0.0,38.3047,80,2.0,2.0,1.0
030_R110,30,R,6,5,OPTIMAL,473.9842,6,2,1,1,4,0.3333,335.4072,0.0,138.577,80,2.0,2.0,1.0
030_R110,30,R,6,6,OPTIMAL,441.2393,6,2,1,1,4,0.3333,311.8803,0.0,129.3591,80,2.0,2.0,1.0
030_R110,30,R,6,7,OPTIMAL,311.7496,6,2,1,1,4,0.3333,307.5972,0.0,4.1524,80,2.0,2.0,1.0
030_R110,30,R,6,8,OPTIMAL,426.1298,6,2,1,1,4,0.3333,319.9648,0.0,106.1651,80,2.0,2.0,1.0
030_R110,30,R,6,9,OPTIMAL,500.8348,6,3,2,1,3,0.5,468.5943,0.0,32.2405,80,2.0,2.0,1.0
030_R111,30,R,2,0,OPTIMAL,163.9295,2,1,1,0,1,0.5,163.703,0.0,0.2265,80,2.0,2.0,1.0
030_R111,30,R,2,1,OPTIMAL,0.1323,2,0,0,0,2,0.0,0.0,0.0,0.1323,80,2.0,2.0,1.0
030_R111,30,R,2,2,OPTIMAL,83.9186,2,0,0,0,2,0.0,0.0,0.0,83.9186,80,2.0,2.0,1.0
030_R111,30,R,2,3,OPTIMAL,183.6227,2,1,1,0,1,0.5,183.531,0.0,0.0917,80,2.0,2.0,1.0
030_R111,30,R,2,4,OPTIMAL,95.8075,2,0,0,0,2,0.0,0.0,0.0,95.8075,80,2.0,2.0,1.0
030_R111,30,R,2,5,OPTIMAL,322.2462,2,2,2,0,0,1.0,322.2462,0.0,0.0,80,2.0,2.0,1.0
030_R111,30,R,2,6,OPTIMAL,52.3302,2,0,0,0,2,0.0,0.0,0.0,52.3302,80,2.0,2.0,1.0
030_R111,30,R,2,7,OPTIMAL,173.6633,2,1,1,0,1,0.5,171.2431,0.0,2.4202,80,2.0,2.0,1.0
030_R111,30,R,2,8,OPTIMAL,58.9861,2,0,0,0,2,0.0,0.0,0.0,58.9861,80,2.0,2.0,1.0
030_R111,30,R,2,9,OPTIMAL,170.8958,2,1,1,0,1,0.5,169.6045,0.0,1.2913,80,2.0,2.0,1.0
030_R111,30,R,4,0,OPTIMAL,133.0342,4,0,0,0,4,0.0,0.0,0.0,133.0342,80,2.0,2.0,1.0
030_R111,30,R,4,1,OPTIMAL,378.948,4,2,1,1,2,0.5,330.6277,2.8431,45.4772,80,2.0,2.0,1.0
030_R111,30,R,4,2,OPTIMAL,232.5742,4,1,0,1,3,0.25,152.8847,0.0,79.6895,80,2.0,2.0,1.0
030_R111,30,R,4,3,OPTIMAL,214.8529,4,1,0,1,3,0.25,146.1261,0.0,68.7268,80,2.0,2.0,1.0
030_R111,30,R,4,4,OPTIMAL,279.4224,4,1,1,0,3,0.25,178.1154,0.0,101.307,80,2.0,2.0,1.0
030_R111,30,R,4,5,OPTIMAL,110.2659,4,0,0,0,4,0.0,0.0,0.0,110.2659,80,2.0,2.0,1.0
030_R111,30,R,4,6,OPTIMAL,307.9724,4,1,1,0,3,0.25,164.5736,0.0,143.3988,80,2.0,2.0,1.0
030_R111,30,R,4,7,OPTIMAL,68.79,4,0,0,0,4,0.0,0.0,0.0,68.79,80,2.0,2.0,1.0
030_R111,30,R,4,8,OPTIMAL,206.2074,4,1,1,0,3,0.25,164.4927,0.0,41.7148,80,2.0,2.0,1.0
030_R111,30,R,4,9,OPTIMAL,239.9261,4,1,0,1,3,0.25,144.1725,0.0,95.7536,80,2.0,2.0,1.0
030_R111,30,R,6,0,OPTIMAL,380.854,6,1,1,0,5,0.1667,173.8298,6.3557,200.6685,80,2.0,2.0,1.0
030_R111,30,R,6,1,OPTIMAL,236.8481,6,1,0,1,5,0.1667,147.5378,0.0,89.3103,80,2.0,2.0,1.0
030_R111,30,R,6,2,OPTIMAL,116.1382,6,0,0,0,6,0.0,0.0,0.0,116.1382,80,2.0,2.0,1.0
030_R111,30,R,6,3,OPTIMAL,706.2858,6,3,3,0,3,0.5,527.7732,0.0,178.5125,80,2.0,2.0,1.0
030_R111,30,R,6,4,OPTIMAL,67.5995,6,0,0,0,6,0.0,0.0,0.0,67.5995,80,2.0,2.0,1.0
030_R111,30,R,6,5,OPTIMAL,421.9672,6,2,1,1,4,0.3333,335.4072,0.0,86.56,80,2.0,2.0,1.0
030_R111,30,R,6,6,OPTIMAL,527.9618,6,2,1,1,4,0.3333,311.8803,27.4772,188.6044,80,2.0,2.0,1.0
030_R111,30,R,6,7,OPTIMAL,331.8381,6,1,1,0,5,0.1667,170.1936,0.0,161.6445,80,2.0,2.0,1.0
030_R111,30,R,6,8,OPTIMAL,322.787,6,2,1,1,4,0.3333,319.9648,0.0,2.8223,80,2.0,2.0,1.0
030_R111,30,R,6,9,OPTIMAL,454.5864,6,2,1,1,4,0.3333,333.9868,0.0,120.5996,80,2.0,2.0,1.0
030_R201,30,R,2,0,OPTIMAL,202.7892,2,2,2,0,0,1.0,202.7892,0.0,0.0,80,2.0,2.0,1.0
030_R201,30,R,2,1,OPTIMAL,27.5669,2,0,0,0,2,0.0,0.0,0.0,27.5669,80,2.0,2.0,1.0
030_R201,30,R,2,2,OPTIMAL,240.1475,2,2,2,0,0,1.0,240.1475,0.0,0.0,80,2.0,2.0,1.0
030_R201,30,R,2,3,OPTIMAL,208.4745,2,1,1,0,1,0.5,183.531,0.0,24.9435,80,2.0,2.0,1.0
030_R201,30,R,2,4,OPTIMAL,260.9463,2,2,2,0,0,1.0,260.9463,0.0,0.0,80,2.0,2.0,1.0
030_R201,30,R,2,5,OPTIMAL,322.2462,2,2,2,0,0,1.0,322.2462,0.0,0.0,80,2.0,2.0,1.0
030_R201,30,R,2,6,OPTIMAL,14.0058,2,0,0,0,2,0.0,0.0,0.0,14.0058,80,2.0,2.0,1.0
030_R201,30,R,2,7,OPTIMAL,171.4281,2,1,1,0,1,0.5,171.2431,0.0,0.185,80,2.0,2.0,1.0
030_R201,30,R,2,8,OPTIMAL,112.386,2,1,1,0,1,0.5,102.1031,0.0,10.283,80,2.0,2.0,1.0
030_R201,30,R,2,9,OPTIMAL,287.762,2,2,2,0,0,1.0,287.762,0.0,0.0,80,2.0,2.0,1.0
030_R201,30,R,4,0,OPTIMAL,386.7511,4,3,3,0,1,0.75,375.7109,0.0,11.0401,80,2.0,2.0,1.0
030_R201,30,R,4,1,OPTIMAL,514.7327,4,4,4,0,0,1.0,514.7327,0.0,0.0,80,2.0,2.0,1.0
030_R201,30,R,4,2,OPTIMAL,323.2968,4,3,3,0,1,0.75,322.2828,0.0,1.014,80,2.0,2.0,1.0
030_R201,30,R,4,3,OPTIMAL,218.9961,4,2,1,1,2,0.5,174.7475,0.0,44.2486,80,2.0,2.0,1.0
030_R201,30,R,4,4,OPTIMAL,437.7796,4,3,3,0,1,0.75,403.0705,0.0,34.709,80,2.0,2.0,1.0
030_R201,30,R,4,5,OPTIMAL,307.2693,4,2,1,1,2,0.5,255.4833,0.0,51.786,80,2.0,2.0,1.0
030_R201,30,R,4,6,OPTIMAL,585.4873,4,4,4,0,0,1.0,585.4873,0.0,0.0,80,2.0,2.0,1.0
030_R201,30,R,4,7,OPTIMAL,428.1202,4,3,3,0,1,0.75,393.7677,0.0,34.3525,80,2.0,2.0,1.0
030_R201,30,R,4,8,OPTIMAL,383.3454,4,3,3,0,1,0.75,371.5726,0.0,11.7728,80,2.0,2.0,1.0
030_R201,30,R,4,9,OPTIMAL,294.6286,4,2,2,0,2,0.5,282.1777,0.0,12.4508,80,2.0,2.0,1.0
030_R201,30,R,6,0,OPTIMAL,564.4538,6,4,3,1,2,0.6667,530.4592,0.0,33.9947,80,2.0,2.0,1.0
030_R201,30,R,6,1,OPTIMAL,375.0324,6,3,3,0,3,0.5,359.3495,0.0,15.6829,80,2.0,2.0,1.0
030_R201,30,R,6,2,OPTIMAL,399.1679,6,3,3,0,3,0.5,361.4962,0.0,37.6717,80,2.0,2.0,1.0
030_R201,30,R,6,3,OPTIMAL,791.8164,6,5,5,0,1,0.8333,762.0689,0.0,29.7474,80,2.0,2.0,1.0
030_R201,30,R,6,4,OPTIMAL,342.3922,6,3,2,1,3,0.5,305.0729,0.0,37.3194,80,2.0,2.0,1.0
030_R201,30,R,6,5,OPTIMAL,475.3373,6,4,4,0,2,0.6667,453.5148,0.0,21.8225,80,2.0,2.0,1.0
030_R201,30,R,6,6,OPTIMAL,810.0652,6,6,6,0,0,1.0,810.0652,0.0,0.0,80,2.0,2.0,1.0
030_R201,30,R,6,7,OPTIMAL,634.2498,6,5,4,1,1,0.8333,590.7973,0.0,43.4526,80,2.0,2.0,1.0
030_R201,30,R,6,8,OPTIMAL,396.0696,6,2,2,0,4,0.3333,319.9648,0.0,76.1048,80,2.0,2.0,1.0
030_R201,30,R,6,9,OPTIMAL,669.5809,6,5,5,0,1,0.8333,628.7781,0.0,40.8027,80,2.0,2.0,1.0
030_R205,30,R,2,0,OPTIMAL,57.5515,2,0,0,0,2,0.0,0.0,0.0,57.5515,80,2.0,2.0,1.0
030_R205,30,R,2,1,OPTIMAL,39.4289,2,0,0,0,2,0.0,0.0,0.0,39.4289,80,2.0,2.0,1.0
030_R205,30,R,2,2,OPTIMAL,158.9603,2,1,1,0,1,0.5,121.2402,0.0,37.7201,80,2.0,2.0,1.0
030_R205,30,R,2,3,OPTIMAL,185.6224,2,1,1,0,1,0.5,183.531,0.0,2.0914,80,2.0,2.0,1.0
030_R205,30,R,2,4,OPTIMAL,260.9463,2,2,2,0,0,1.0,260.9463,0.0,0.0,80,2.0,2.0,1.0
030_R205,30,R,2,5,OPTIMAL,322.2462,2,2,2,0,0,1.0,322.2462,0.0,0.0,80,2.0,2.0,1.0
030_R205,30,R,2,6,OPTIMAL,93.9272,2,1,1,0,1,0.5,73.0229,0.0,20.9042,80,2.0,2.0,1.0
030_R205,30,R,2,7,OPTIMAL,187.0217,2,1,1,0,1,0.5,171.2431,0.0,15.7786,80,2.0,2.0,1.0
030_R205,30,R,2,8,OPTIMAL,120.9344,2,1,1,0,1,0.5,43.1321,0.0,77.8024,80,2.0,2.0,1.0
030_R205,30,R,2,9,OPTIMAL,287.762,2,2,2,0,0,1.0,287.762,0.0,0.0,80,2.0,2.0,1.0
030_R205,30,R,4,0,OPTIMAL,519.0068,4,4,4,0,0,1.0,519.0068,0.0,0.0,80,2.0,2.0,1.0
030_R205,30,R,4,1,OPTIMAL,440.111,4,3,2,1,1,0.75,409.3107,0.0,30.8003,80,2.0,2.0,1.0
030_R205,30,R,4,2,OPTIMAL,439.6811,4,4,3,1,0,1.0,439.6811,0.0,0.0,80,2.0,2.0,1.0
030_R205,30,R,4,3,OPTIMAL,194.7038,4,1,1,0,3,0.25,146.1261,0.0,48.5777,80,2.0,2.0,1.0
030_R205,30,R,4,4,OPTIMAL,405.6845,4,3,3,0,1,0.75,405.5074,0.0,0.1771,80,2.0,2.0,1.0
030_R205,30,R,4,5,OPTIMAL,420.2654,4,3,2,1,1,0.75,381.6405,0.0,38.6249,80,2.0,2.0,1.0
030_R205,30,R,4,6,OPTIMAL,585.4873,4,4,4,0,0,1.0,585.4873,0.0,0.0,80,2.0,2.0,1.0
030_R205,30,R,4,7,OPTIMAL,431.3614,4,3,3,0,1,0.75,393.7677,0.0,37.5937,80,2.0,2.0,1.0
030_R205,30,R,4,8,OPTIMAL,384.4492,4,3,2,1,1,0.75,383.3036,0.0,1.1456,80,2.0,2.0,1.0
030_R205,30,R,4,9,OPTIMAL,259.1385,4,1,1,0,3,0.25,138.0052,0.0,121.1333,80,2.0,2.0,1.0
030_R205,30,R,6,0,OPTIMAL,714.073,6,6,4,2,0,1.0,714.073,0.0,0.0,80,2.0,2.0,1.0
030_R205,30,R,6,1,OPTIMAL,369.8893,6,3,2,1,3,0.5,339.6414,0.0,30.2479,80,2.0,2.0,1.0
030_R205,30,R,6,2,OPTIMAL,332.15,6,2,2,0,4,0.3333,195.3549,0.0,136.795,80,2.0,2.0,1.0
030_R205,30,R,6,3,OPTIMAL,865.5882,6,5,5,0,1,0.8333,818.1021,0.0,47.4861,80,2.0,2.0,1.0
030_R205,30,R,6,4,OPTIMAL,451.5674,6,4,4,0,2,0.6667,427.6319,0.0,23.9355,80,2.0,2.0,1.0
030_R205,30,R,6,5,OPTIMAL,580.7901,6,4,3,1,2,0.6667,554.7961,0.0,25.9939,80,2.0,2.0,1.0
030_R205,30,R,6,6,OPTIMAL,735.5517,6,5,4,1,1,0.8333,720.9398,0.0,14.6119,80,2.0,2.0,1.0
030_R205,30,R,6,7,OPTIMAL,300.3473,6,1,1,0,5,0.1667,170.1936,0.0,130.1537,80,2.0,2.0,1.0
030_R205,30,R,6,8,OPTIMAL,403.8626,6,3,3,0,3,0.5,366.8681,0.0,36.9945,80,2.0,2.0,1.0
030_R205,30,R,6,9,OPTIMAL,497.7934,6,3,3,0,3,0.5,445.1239,0.0,52.6695,80,2.0,2.0,1.0
030_R209,30,R,2,0,OPTIMAL,177.1446,2,1,1,0,1,0.5,163.703,0.0,13.4416,80,2.0,2.0,1.0
030_R209,30,R,2,1,OPTIMAL,4.5338,2,0,0,0,2,0.0,0.0,0.0,4.5338,80,2.0,2.0,1.0
030_R209,30,R,2,2,OPTIMAL,240.1475,2,2,2,0,0,1.0,240.1475,0.0,0.0,80,2.0,2.0,1.0
030_R209,30,R,2,3,OPTIMAL,247.9777,2,2,2,0,0,1.0,247.9777,0.0,0.0,80,2.0,2.0,1.0
030_R209,30,R,2,4,OPTIMAL,260.9463,2,2,1,1,0,1.0,260.9463,0.0,0.0,80,2.0,2.0,1.0
030_R209,30,R,2,5,OPTIMAL,322.2462,2,2,2,0,0,1.0,322.2462,0.0,0.0,80,2.0,2.0,1.0
030_R209,30,R,2,6,OPTIMAL,83.4311,2,1,1,0,1,0.5,73.0229,0.0,10.4081,80,2.0,2.0,1.0
030_R209,30,R,2,7,OPTIMAL,171.3033,2,1,1,0,1,0.5,171.2431,0.0,0.0602,80,2.0,2.0,1.0
030_R209,30,R,2,8,OPTIMAL,71.9505,2,1,1,0,1,0.5,43.1321,0.0,28.8184,80,2.0,2.0,1.0
030_R209,30,R,2,9,OPTIMAL,287.762,2,2,2,0,0,1.0,287.762,0.0,0.0,80,2.0,2.0,1.0
030_R209,30,R,4,0,OPTIMAL,411.9486,4,3,3,0,1,0.75,411.9486,0.0,0.0,80,2.0,2.0,1.0
030_R209,30,R,4,1,OPTIMAL,423.4613,4,3,3,0,1,0.75,409.3107,0.0,14.1506,80,2.0,2.0,1.0
030_R209,30,R,4,2,OPTIMAL,342.0719,4,3,3,0,1,0.75,307.4672,0.0,34.6047,80,2.0,2.0,1.0
030_R209,30,R,4,3,OPTIMAL,373.4568,4,3,2,1,1,0.75,368.3258,0.0,5.131,80,2.0,2.0,1.0
030_R209,30,R,4,4,OPTIMAL,405.6845,4,3,3,0,1,0.75,405.5074,0.0,0.1771,80,2.0,2.0,1.0
030_R209,30,R,4,5,OPTIMAL,490.9432,4,4,4,0,0,1.0,490.9432,0.0,0.0,80,2.0,2.0,1.0
030_R209,30,R,4,6,OPTIMAL,507.9053,4,3,3,0,1,0.75,451.149,0.0,56.7564,80,2.0,2.0,1.0
030_R209,30,R,4,7,OPTIMAL,383.0707,4,3,3,0,1,0.75,350.9064,0.0,32.1643,80,2.0,2.0,1.0
030_R209,30,R,4,8,OPTIMAL,384.4492,4,3,3,0,1,0.75,383.3036,0.0,1.1456,80,2.0,2.0,1.0
030_R209,30,R,4,9,OPTIMAL,327.7539,4,3,2,1,1,0.75,327.067,0.0,0.6869,80,2.0,2.0,1.0
030_R209,30,R,6,0,OPTIMAL,630.3042,6,5,3,2,1,0.8333,604.0936,0.0,26.2106,80,2.0,2.0,1.0
030_R209,30,R,6,1,OPTIMAL,448.9498,6,4,2,2,2,0.6667,414.3268,0.0,34.6229,80,2.0,2.0,1.0
030_R209,30,R,6,2,OPTIMAL,534.1195,6,4,4,0,2,0.6667,496.9962,0.0,37.1233,80,2.0,2.0,1.0
030_R209,30,R,6,3,OPTIMAL,717.9209,6,4,4,0,2,0.6667,680.0609,0.0,37.86,80,2.0,2.0,1.0
030_R209,30,R,6,4,OPTIMAL,471.3641,6,4,3,1,2,0.6667,450.6067,0.0,20.7574,80,2.0,2.0,1.0
030_R209,30,R,6,5,OPTIMAL,674.4377,6,5,5,0,1,0.8333,672.7146,0.0,1.7232,80,2.0,2.0,1.0
030_R209,30,R,6,6,OPTIMAL,485.0757,6,3,3,0,3,0.5,448.5873,0.0,36.4884,80,2.0,2.0,1.0
030_R209,30,R,6,7,OPTIMAL,504.3836,6,4,2,2,2,0.6667,487.9572,0.0,16.4263,80,2.0,2.0,1.0
030_R209,30,R,6,8,OPTIMAL,446.572,6,4,2,2,2,0.6667,382.4294,0.0,64.1427,80,2.0,2.0,1.0
030_R209,30,R,6,9,OPTIMAL,551.1573,6,3,3,0,3,0.5,452.8747,0.0,98.2826,80,2.0,2.0,1.0
030_RC101,30,RC,2,0,OPTIMAL,283.2967,2,2,2,0,0,1.0,283.2967,0.0,0.0,80,2.0,2.0,1.0
030_RC101,30,RC,2,1,OPTIMAL,183.1838,2,1,1,0,1,0.5,176.2357,0.0,6.9482,80,2.0,2.0,1.0
030_RC101,30,RC,2,2,OPTIMAL,371.2098,2,2,2,0,0,1.0,371.2098,0.0,0.0,80,2.0,2.0,1.0
030_RC101,30,RC,2,3,OPTIMAL,309.2849,2,2,2,0,0,1.0,309.2849,0.0,0.0,80,2.0,2.0,1.0
030_RC101,30,RC,2,4,OPTIMAL,163.2546,2,1,1,0,1,0.5,143.5198,0.0,19.7348,80,2.0,2.0,1.0
030_RC101,30,RC,2,5,OPTIMAL,354.4255,2,2,2,0,0,1.0,354.4255,0.0,0.0,80,2.0,2.0,1.0
030_RC101,30,RC,2,6,OPTIMAL,152.6763,2,1,1,0,1,0.5,150.6133,0.0,2.063,80,2.0,2.0,1.0
030_RC101,30,RC,2,7,OPTIMAL,335.9551,2,2,2,0,0,1.0,335.9551,0.0,0.0,80,2.0,2.0,1.0
030_RC101,30,RC,2,8,OPTIMAL,289.5801,2,2,2,0,0,1.0,289.5801,0.0,0.0,80,2.0,2.0,1.0
030_RC101,30,RC,2,9,OPTIMAL,155.6003,2,1,1,0,1,0.5,152.0524,0.0,3.5479,80,2.0,2.0,1.0
030_RC101,30,RC,4,0,OPTIMAL,635.1042,4,4,4,0,0,1.0,635.1042,0.0,0.0,80,2.0,2.0,1.0
030_RC101,30,RC,4,1,OPTIMAL,537.7466,4,3,3,0,1,0.75,535.3338,0.0,2.4128,80,2.0,2.0,1.0
030_RC101,30,RC,4,2,OPTIMAL,457.4191,4,3,1,2,1,0.75,441.1281,0.0,16.291,80,2.0,2.0,1.0
030_RC101,30,RC,4,3,OPTIMAL,630.9196,4,3,3,0,1,0.75,625.4406,0.0,5.479,80,2.0,2.0,1.0
030_RC101,30,RC,4,4,OPTIMAL,620.7372,4,4,4,0,0,1.0,620.7372,0.0,0.0,80,2.0,2.0,1.0
030_RC101,30,RC,4,5,OPTIMAL,483.1625,4,3,3,0,1,0.75,478.5955,0.0,4.567,80,2.0,2.0,1.0
030_RC101,30,RC,4,6,OPTIMAL,674.4177,4,4,4,0,0,1.0,674.4177,0.0,0.0,80,2.0,2.0,1.0
030_RC101,30,RC,4,7,OPTIMAL,702.3437,4,4,4,0,0,1.0,702.3437,0.0,0.0,80,2.0,2.0,1.0
030_RC101,30,RC,4,8,OPTIMAL,459.4935,4,3,2,1,1,0.75,454.9352,0.0,4.5582,80,2.0,2.0,1.0
030_RC101,30,RC,4,9,OPTIMAL,326.1635,4,2,2,0,2,0.5,322.3161,0.0,3.8474,80,2.0,2.0,1.0
030_RC101,30,RC,6,0,OPTIMAL,854.872,6,5,5,0,1,0.8333,852.1204,0.0,2.7516,80,2.0,2.0,1.0
030_RC101,30,RC,6,1,OPTIMAL,1060.1377,6,6,6,0,0,1.0,1060.1377,0.0,0.0,80,2.0,2.0,1.0
030_RC101,30,RC,6,2,OPTIMAL,982.93,6,6,6,0,0,1.0,982.93,0.0,0.0,80,2.0,2.0,1.0
030_RC101,30,RC,6,3,OPTIMAL,751.6098,6,4,4,0,2,0.6667,722.9942,0.0,28.6156,80,2.0,2.0,1.0
030_RC101,30,RC,6,4,OPTIMAL,879.0458,6,6,6,0,0,1.0,879.0458,0.0,0.0,80,2.0,2.0,1.0
030_RC101,30,RC,6,5,OPTIMAL,1024.6498,6,6,6,0,0,1.0,1024.6498,0.0,0.0,80,2.0,2.0,1.0
030_RC101,30,RC,6,6,OPTIMAL,652.9706,6,4,4,0,2,0.6667,643.4304,0.0,9.5402,80,2.0,2.0,1.0
030_RC101,30,RC,6,7,OPTIMAL,656.8762,6,4,4,0,2,0.6667,651.3544,0.0,5.5218,80,2.0,2.0,1.0
030_RC101,30,RC,6,8,OPTIMAL,642.3027,6,4,4,0,2,0.6667,621.1704,0.0,21.1323,80,2.0,2.0,1.0
030_RC101,30,RC,6,9,OPTIMAL,1043.599,6,6,6,0,0,1.0,1043.599,0.0,0.0,80,2.0,2.0,1.0
030_RC102,30,RC,2,0,OPTIMAL,164.5973,2,1,1,0,1,0.5,130.6657,0.0,33.9316,80,2.0,2.0,1.0
030_RC102,30,RC,2,1,OPTIMAL,311.4517,2,2,2,0,0,1.0,311.4517,0.0,0.0,80,2.0,2.0,1.0
030_RC102,30,RC,2,2,OPTIMAL,371.2098,2,2,2,0,0,1.0,371.2098,0.0,0.0,80,2.0,2.0,1.0
030_RC102,30,RC,2,3,OPTIMAL,173.6765,2,1,1,0,1,0.5,170.0573,0.0,3.6192,80,2.0,2.0,1.0
030_RC102,30,RC,2,4,OPTIMAL,184.2604,2,1,1,0,1,0.5,154.6906,0.0,29.5698,80,2.0,2.0,1.0
030_RC102,30,RC,2,5,OPTIMAL,354.4255,2,2,2,0,0,1.0,354.4255,0.0,0.0,80,2.0,2.0,1.0
030_RC102,30,RC,2,6,OPTIMAL,174.7212,2,1,1,0,1,0.5,141.3786,0.0,33.3426,80,2.0,2.0,1.0
030_RC102,30,RC,2,7,OPTIMAL,335.9551,2,2,2,0,0,1.0,335.9551,0.0,0.0,80,2.0,2.0,1.0
030_RC102,30,RC,2,8,OPTIMAL,34.6812,2,0,0,0,2,0.0,0.0,0.0,34.6812,80,2.0,2.0,1.0
030_RC102,30,RC,2,9,OPTIMAL,182.1177,2,1,1,0,1,0.5,146.9339,0.0,35.1838,80,2.0,2.0,1.0
030_RC102,30,RC,4,0,OPTIMAL,380.2339,4,2,2,0,2,0.5,375.9571,0.0,4.2768,80,2.0,2.0,1.0
030_RC102,30,RC,4,1,OPTIMAL,677.6044,4,4,4,0,0,1.0,677.6044,0.0,0.0,80,2.0,2.0,1.0
030_RC102,30,RC,4,2,OPTIMAL,593.6367,4,4,4,0,0,1.0,593.6367,0.0,0.0,80,2.0,2.0,1.0
030_RC102,30,RC,4,3,OPTIMAL,755.3252,4,4,4,0,0,1.0,755.3252,0.0,0.0,80,2.0,2.0,1.0
030_RC102,30,RC,4,4,OPTIMAL,508.5701,4,3,3,0,1,0.75,508.4396,0.0,0.1305,80,2.0,2.0,1.0
030_RC102,30,RC,4,5,OPTIMAL,490.9119,4,3,3,0,1,0.75,485.6227,0.0,5.2892,80,2.0,2.0,1.0
030_RC102,30,RC,4,6,OPTIMAL,416.6851,4,2,2,0,2,0.5,386.8663,0.0,29.8187,80,2.0,2.0,1.0
030_RC102,30,RC,4,7,OPTIMAL,702.3437,4,4,4,0,0,1.0,702.3437,0.0,0.0,80,2.0,2.0,1.0
030_RC102,30,RC,4,8,OPTIMAL,472.4912,4,3,3,0,1,0.75,472.4808,0.0,0.0104,80,2.0,2.0,1.0
030_RC102,30,RC,4,9,OPTIMAL,578.9003,4,4,4,0,0,1.0,578.9003,0.0,0.0,80,2.0,2.0,1.0
030_RC102,30,RC,6,0,OPTIMAL,857.5225,6,5,5,0,1,0.8333,827.3388,0.0,30.1837,80,2.0,2.0,1.0
030_RC102,30,RC,6,1,OPTIMAL,1060.1377,6,6,6,0,0,1.0,1060.1377,0.0,0.0,80,2.0,2.0,1.0
030_RC102,30,RC,6,2,OPTIMAL,739.1284,6,4,4,0,2,0.6667,683.5243,0.0,55.6041,80,2.0,2.0,1.0
030_RC102,30,RC,6,3,OPTIMAL,904.8892,6,5,5,0,1,0.8333,884.8118,0.0,20.0774,80,2.0,2.0,1.0
030_RC102,30,RC,6,4,OPTIMAL,487.2715,6,3,3,0,3,0.5,483.8577,0.0,3.4139,80,2.0,2.0,1.0
030_RC102,30,RC,6,5,OPTIMAL,758.9323,6,4,4,0,2,0.6667,741.6479,0.0,17.2844,80,2.0,2.0,1.0
030_RC102,30,RC,6,6,OPTIMAL,671.8202,6,4,4,0,2,0.6667,636.4673,0.0,35.3529,80,2.0,2.0,1.0
030_RC102,30,RC,6,7,OPTIMAL,804.4505,6,5,5,0,1,0.8333,780.7244,0.0,23.7261,80,2.0,2.0,1.0
030_RC102,30,RC,6,8,OPTIMAL,652.7653,6,4,4,0,2,0.6667,612.5641,0.0,40.2012,80,2.0,2.0,1.0
030_RC102,30,RC,6,9,OPTIMAL,922.2382,6,5,5,0,1,0.8333,891.8619,0.0,30.3762,80,2.0,2.0,1.0
030_RC105,30,RC,2,0,OPTIMAL,197.1224,2,1,1,0,1,0.5,130.6657,15.5593,50.8974,80,2.0,2.0,1.0
030_RC105,30,RC,2,1,OPTIMAL,179.6243,2,1,1,0,1,0.5,176.2357,0.0,3.3886,80,2.0,2.0,1.0
030_RC105,30,RC,2,2,OPTIMAL,371.2098,2,2,2,0,0,1.0,371.2098,0.0,0.0,80,2.0,2.0,1.0
030_RC105,30,RC,2,3,OPTIMAL,172.4701,2,1,1,0,1,0.5,170.0573,0.0,2.4128,80,2.0,2.0,1.0
030_RC105,30,RC,2,4,OPTIMAL,58.9146,2,0,0,0,2,0.0,0.0,11.1974,47.7171,80,2.0,2.0,1.0
030_RC105,30,RC,2,5,OPTIMAL,354.4255,2,2,2,0,0,1.0,354.4255,0.0,0.0,80,2.0,2.0,1.0
030_RC105,30,RC,2,6,OPTIMAL,69.1102,2,0,0,0,2,0.0,0.0,14.9703,54.14,80,2.0,2.0,1.0
030_RC105,30,RC,2,7,OPTIMAL,335.9551,2,2,2,0,0,1.0,335.9551,0.0,0.0,80,2.0,2.0,1.0
030_RC105,30,RC,2,8,OPTIMAL,40.3499,2,0,0,0,2,0.0,0.0,0.0,40.3499,80,2.0,2.0,1.0
030_RC105,30,RC,2,9,OPTIMAL,76.6829,2,0,0,0,2,0.0,0.0,16.8114,59.8715,80,2.0,2.0,1.0
030_RC105,30,RC,4,0,OPTIMAL,515.2404,4,3,3,0,1,0.75,513.5222,0.0,1.7182,80,2.0,2.0,1.0
030_RC105,30,RC,4,1,OPTIMAL,540.1595,4,3,3,0,1,0.75,535.3338,0.0,4.8256,80,2.0,2.0,1.0
030_RC105,30,RC,4,2,OPTIMAL,291.0001,4,2,2,0,2,0.5,286.8355,0.0,4.1646,80,2.0,2.0,1.0
030_RC105,30,RC,4,3,OPTIMAL,628.4681,4,3,3,0,1,0.75,625.4406,0.0,3.0274,80,2.0,2.0,1.0
030_RC105,30,RC,4,4,OPTIMAL,508.6354,4,3,3,0,1,0.75,508.4396,0.0,0.1958,80,2.0,2.0,1.0
030_RC105,30,RC,4,5,OPTIMAL,487.7294,4,3,3,0,1,0.75,478.5955,0.0,9.1339,80,2.0,2.0,1.0
030_RC105,30,RC,4,6,OPTIMAL,434.1809,4,2,2,0,2,0.5,386.8663,6.6137,40.7008,80,2.0,2.0,1.0
030_RC105,30,RC,4,7,OPTIMAL,702.3437,4,4,4,0,0,1.0,702.3437,0.0,0.0,80,2.0,2.0,1.0
030_RC105,30,RC,4,8,OPTIMAL,331.1551,4,2,1,1,2,0.5,322.0317,0.0,9.1234,80,2.0,2.0,1.0
030_RC105,30,RC,4,9,OPTIMAL,324.6161,4,2,2,0,2,0.5,322.3161,0.0,2.3,80,2.0,2.0,1.0
030_RC105,30,RC,6,0,OPTIMAL,758.008,6,4,4,0,2,0.6667,699.213,11.8113,46.9837,80,2.0,2.0,1.0
030_RC105,30,RC,6,1,OPTIMAL,1060.1377,6,6,6,0,0,1.0,1060.1377,0.0,0.0,80,2.0,2.0,1.0
030_RC105,30,RC,6,2,OPTIMAL,765.2076,6,4,4,0,2,0.6667,683.5243,15.9838,65.6995,80,2.0,2.0,1.0
030_RC105,30,RC,6,3,OPTIMAL,759.1627,6,4,4,0,2,0.6667,734.2479,0.1083,24.8065,80,2.0,2.0,1.0
030_RC105,30,RC,6,4,OPTIMAL,622.4112,6,4,4,0,2,0.6667,618.9119,0.0,3.4993,80,2.0,2.0,1.0
030_RC105,30,RC,6,5,OPTIMAL,753.1708,6,4,4,0,2,0.6667,741.6479,0.0,11.5229,80,2.0,2.0,1.0
030_RC105,30,RC,6,6,OPTIMAL,572.7588,6,3,3,0,3,0.5,489.8782,17.7364,65.1442,80,2.0,2.0,1.0
030_RC105,30,RC,6,7,OPTIMAL,523.7548,6,3,3,0,3,0.5,496.546,0.3477,26.861,80,2.0,2.0,1.0
030_RC105,30,RC,6,8,OPTIMAL,545.1638,6,3,3,0,3,0.5,460.7869,17.9699,66.4071,80,2.0,2.0,1.0
030_RC105,30,RC,6,9,OPTIMAL,949.4302,6,5,5,0,1,0.8333,891.8619,12.0039,45.5644,80,2.0,2.0,1.0
030_RC106,30,RC,2,0,OPTIMAL,283.2967,2,2,2,0,0,1.0,283.2967,0.0,0.0,80,2.0,2.0,1.0
030_RC106,30,RC,2,1,OPTIMAL,177.6081,2,1,1,0,1,0.5,176.2357,0.0,1.3724,80,2.0,2.0,1.0
030_RC106,30,RC,2,2,OPTIMAL,371.2098,2,2,2,0,0,1.0,371.2098,0.0,0.0,80,2.0,2.0,1.0
030_RC106,30,RC,2,3,OPTIMAL,193.29,2,1,1,0,1,0.5,170.0573,0.0,23.2327,80,2.0,2.0,1.0
030_RC106,30,RC,2,4,OPTIMAL,298.2104,2,2,2,0,0,1.0,298.2104,0.0,0.0,80,2.0,2.0,1.0
030_RC106,30,RC,2,5,OPTIMAL,354.4255,2,2,2,0,0,1.0,354.4255,0.0,0.0,80,2.0,2.0,1.0
030_RC106,30,RC,2,6,OPTIMAL,291.9919,2,2,2,0,0,1.0,291.9919,0.0,0.0,80,2.0,2.0,1.0
030_RC106,30,RC,2,7,OPTIMAL,335.9551,2,2,2,0,0,1.0,335.9551,0.0,0.0,80,2.0,2.0,1.0
030_RC106,30,RC,2,8,OPTIMAL,171.098,2,1,1,0,1,0.5,152.2074,0.0,18.8906,80,2.0,2.0,1.0
030_RC106,30,RC,2,9,OPTIMAL,298.9864,2,2,2,0,0,1.0,298.9864,0.0,0.0,80,2.0,2.0,1.0
030_RC106,30,RC,4,0,OPTIMAL,515.2478,4,3,3,0,1,0.75,513.5222,0.0,1.7256,80,2.0,2.0,1.0
030_RC106,30,RC,4,1,OPTIMAL,677.6044,4,4,4,0,0,1.0,677.6044,0.0,0.0,80,2.0,2.0,1.0
030_RC106,30,RC,4,2,OPTIMAL,441.3792,4,3,3,0,1,0.75,441.1281,0.0,0.2511,80,2.0,2.0,1.0
030_RC106,30,RC,4,3,OPTIMAL,755.3252,4,4,4,0,0,1.0,755.3252,0.0,0.0,80,2.0,2.0,1.0
030_RC106,30,RC,4,4,OPTIMAL,508.5049,4,3,3,0,1,0.75,508.4396,0.0,0.0653,80,2.0,2.0,1.0
030_RC106,30,RC,4,5,OPTIMAL,631.2244,4,4,4,0,0,1.0,631.2244,0.0,0.0,80,2.0,2.0,1.0
030_RC106,30,RC,4,6,OPTIMAL,559.1502,4,3,2,1,1,0.75,526.8437,0.0,32.3065,80,2.0,2.0,1.0
030_RC106,30,RC,4,7,OPTIMAL,702.3437,4,4,4,0,0,1.0,702.3437,0.0,0.0,80,2.0,2.0,1.0
030_RC106,30,RC,4,8,OPTIMAL,491.3528,4,3,3,0,1,0.75,472.4808,0.0,18.872,80,2.0,2.0,1.0
030_RC106,30,RC,4,9,OPTIMAL,578.9003,4,4,4,0,0,1.0,578.9003,0.0,0.0,80,2.0,2.0,1.0
030_RC106,30,RC,6,0,OPTIMAL,980.2463,6,6,6,0,0,1.0,980.2463,0.0,0.0,80,2.0,2.0,1.0
030_RC106,30,RC,6,1,OPTIMAL,1060.1377,6,6,6,0,0,1.0,1060.1377,0.0,0.0,80,2.0,2.0,1.0
030_RC106,30,RC,6,2,OPTIMAL,864.6399,6,5,5,0,1,0.8333,839.9838,0.0,24.6561,80,2.0,2.0,1.0
030_RC106,30,RC,6,3,OPTIMAL,909.7554,6,5,5,0,1,0.8333,884.8118,0.0,24.9436,80,2.0,2.0,1.0
030_RC106,30,RC,6,4,OPTIMAL,646.8839,6,4,4,0,2,0.6667,618.9119,0.0,27.9719,80,2.0,2.0,1.0
030_RC106,30,RC,6,5,OPTIMAL,907.5306,6,5,4,1,1,0.8333,880.5165,0.0,27.0141,80,2.0,2.0,1.0
030_RC106,30,RC,6,6,OPTIMAL,784.6854,6,5,5,0,1,0.8333,783.033,0.0,1.6524,80,2.0,2.0,1.0
030_RC106,30,RC,6,7,OPTIMAL,935.5328,6,6,6,0,0,1.0,935.5328,0.0,0.0,80,2.0,2.0,1.0
030_RC106,30,RC,6,8,OPTIMAL,800.839,6,5,5,0,1,0.8333,772.0434,0.0,28.7956,80,2.0,2.0,1.0
030_RC106,30,RC,6,9,OPTIMAL,1043.599,6,6,6,0,0,1.0,1043.599,0.0,0.0,80,2.0,2.0,1.0
030_RC107,30,RC,2,0,OPTIMAL,164.5973,2,1,1,0,1,0.5,130.6657,0.0,33.9316,80,2.0,2.0,1.0
030_RC107,30,RC,2,1,OPTIMAL,180.4337,2,1,1,0,1,0.5,176.2357,0.0,4.1981,80,2.0,2.0,1.0
030_RC107,30,RC,2,2,OPTIMAL,371.2098,2,2,2,0,0,1.0,371.2098,0.0,0.0,80,2.0,2.0,1.0
030_RC107,30,RC,2,3,OPTIMAL,188.9942,2,1,1,0,1,0.5,170.0573,0.0,18.9369,80,2.0,2.0,1.0
030_RC107,30,RC,2,4,OPTIMAL,36.2947,2,0,0,0,2,0.0,0.0,0.0,36.2947,80,2.0,2.0,1.0
030_RC107,30,RC,2,5,OPTIMAL,354.4255,2,2,2,0,0,1.0,354.4255,0.0,0.0,80,2.0,2.0,1.0
030_RC107,30,RC,2,6,OPTIMAL,33.4328,2,0,0,0,2,0.0,0.0,0.0,33.4328,80,2.0,2.0,1.0
030_RC107,30,RC,2,7,OPTIMAL,335.9551,2,2,2,0,0,1.0,335.9551,0.0,0.0,80,2.0,2.0,1.0
030_RC107,30,RC,2,8,OPTIMAL,166.5241,2,1,0,1,1,0.5,137.3727,0.0,29.1514,80,2.0,2.0,1.0
030_RC107,30,RC,2,9,OPTIMAL,153.896,2,1,1,0,1,0.5,152.0524,0.0,1.8435,80,2.0,2.0,1.0
030_RC107,30,RC,4,0,OPTIMAL,516.9734,4,3,3,0,1,0.75,513.5222,0.0,3.4512,80,2.0,2.0,1.0
030_RC107,30,RC,4,1,OPTIMAL,535.3338,4,3,3,0,1,0.75,535.3338,0.0,0.0,80,2.0,2.0,1.0
030_RC107,30,RC,4,2,OPTIMAL,167.9471,4,1,1,0,3,0.25,150.7194,0.0,17.2277,80,2.0,2.0,1.0
030_RC107,30,RC,4,3,OPTIMAL,626.9806,4,3,3,0,1,0.75,625.4406,0.0,1.54,80,2.0,2.0,1.0
030_RC107,30,RC,4,4,OPTIMAL,508.5701,4,3,3,0,1,0.75,508.4396,0.0,0.1305,80,2.0,2.0,1.0
030_RC107,30,RC,4,5,OPTIMAL,631.2244,4,4,4,0,0,1.0,631.2244,0.0,0.0,80,2.0,2.0,1.0
030_RC107,30,RC,4,6,OPTIMAL,551.8297,4,3,2,1,1,0.75,526.8437,0.0,24.986,80,2.0,2.0,1.0
030_RC107,30,RC,4,7,OPTIMAL,702.3437,4,4,4,0,0,1.0,702.3437,0.0,0.0,80,2.0,2.0,1.0
030_RC107,30,RC,4,8,OPTIMAL,356.8736,4,2,2,0,2,0.5,338.1437,0.0,18.7299,80,2.0,2.0,1.0
030_RC107,30,RC,4,9,OPTIMAL,324.6556,4,2,2,0,2,0.5,322.3161,0.0,2.3396,80,2.0,2.0,1.0
030_RC107,30,RC,6,0,OPTIMAL,732.1763,6,4,4,0,2,0.6667,699.213,0.0,32.9633,80,2.0,2.0,1.0
030_RC107,30,RC,6,1,OPTIMAL,1060.1377,6,6,6,0,0,1.0,1060.1377,0.0,0.0,80,2.0,2.0,1.0
030_RC107,30,RC,6,2,OPTIMAL,726.097,6,4,3,1,2,0.6667,687.1923,0.0,38.9047,80,2.0,2.0,1.0
030_RC107,30,RC,6,3,OPTIMAL,772.0077,6,4,4,0,2,0.6667,730.3722,0.0,41.6355,80,2.0,2.0,1.0
030_RC107,30,RC,6,4,OPTIMAL,641.0083,6,4,4,0,2,0.6667,618.9119,0.0,22.0963,80,2.0,2.0,1.0
030_RC107,30,RC,6,5,OPTIMAL,901.9743,6,5,4,1,1,0.8333,880.5165,0.0,21.4578,80,2.0,2.0,1.0
030_RC107,30,RC,6,6,OPTIMAL,649.3265,6,4,4,0,2,0.6667,643.4304,0.0,5.8961,80,2.0,2.0,1.0
030_RC107,30,RC,6,7,OPTIMAL,684.6892,6,4,4,0,2,0.6667,648.2447,0.0,36.4445,80,2.0,2.0,1.0
030_RC107,30,RC,6,8,OPTIMAL,662.6058,6,4,4,0,2,0.6667,636.388,0.0,26.2178,80,2.0,2.0,1.0
030_RC107,30,RC,6,9,OPTIMAL,922.2382,6,5,5,0,1,0.8333,891.8619,0.0,30.3762,80,2.0,2.0,1.0
030_RC201,30,RC,2,0,OPTIMAL,132.2027,2,1,1,0,1,0.5,130.6657,0.0,1.537,80,2.0,2.0,1.0
030_RC201,30,RC,2,1,OPTIMAL,311.4517,2,2,2,0,0,1.0,311.4517,0.0,0.0,80,2.0,2.0,1.0
030_RC201,30,RC,2,2,OPTIMAL,371.2098,2,2,2,0,0,1.0,371.2098,0.0,0.0,80,2.0,2.0,1.0
030_RC201,30,RC,2,3,OPTIMAL,154.1243,2,1,1,0,1,0.5,139.2276,0.0,14.8967,80,2.0,2.0,1.0
030_RC201,30,RC,2,4,OPTIMAL,298.2104,2,2,2,0,0,1.0,298.2104,0.0,0.0,80,2.0,2.0,1.0
030_RC201,30,RC,2,5,OPTIMAL,179.5231,2,1,1,0,1,0.5,178.3949,0.0,1.1282,80,2.0,2.0,1.0
030_RC201,30,RC,2,6,OPTIMAL,291.9919,2,2,2,0,0,1.0,291.9919,0.0,0.0,80,2.0,2.0,1.0
030_RC201,30,RC,2,7,OPTIMAL,246.6796,2,1,1,0,1,0.5,205.9201,0.0,40.7596,80,2.0,2.0,1.0
030_RC201,30,RC,2,8,OPTIMAL,289.5801,2,2,2,0,0,1.0,289.5801,0.0,0.0,80,2.0,2.0,1.0
030_RC201,30,RC,2,9,OPTIMAL,155.6003,2,1,1,0,1,0.5,152.0524,0.0,3.5479,80,2.0,2.0,1.0
030_RC201,30,RC,4,0,OPTIMAL,546.0803,4,3,3,0,1,0.75,513.5222,0.0,32.558,80,2.0,2.0,1.0
030_RC201,30,RC,4,1,OPTIMAL,538.0448,4,3,3,0,1,0.75,535.3338,0.0,2.711,80,2.0,2.0,1.0
030_RC201,30,RC,4,2,OPTIMAL,460.0227,4,3,3,0,1,0.75,457.5206,0.0,2.5021,80,2.0,2.0,1.0
030_RC201,30,RC,4,3,OPTIMAL,627.4598,4,3,3,0,1,0.75,625.4406,0.0,2.0192,80,2.0,2.0,1.0
030_RC201,30,RC,4,4,OPTIMAL,620.7372,4,4,4,0,0,1.0,620.7372,0.0,0.0,80,2.0,2.0,1.0
030_RC201,30,RC,4,5,OPTIMAL,479.0675,4,3,3,0,1,0.75,478.5955,0.0,0.472,80,2.0,2.0,1.0
030_RC201,30,RC,4,6,OPTIMAL,539.3367,4,3,3,0,1,0.75,526.8437,0.0,12.493,80,2.0,2.0,1.0
030_RC201,30,RC,4,7,OPTIMAL,576.2995,4,3,3,0,1,0.75,548.9006,0.0,27.3988,80,2.0,2.0,1.0
030_RC201,30,RC,4,8,OPTIMAL,377.7415,4,2,2,0,2,0.5,320.5981,0.0,57.1433,80,2.0,2.0,1.0
030_RC201,30,RC,4,9,OPTIMAL,578.9003,4,4,4,0,0,1.0,578.9003,0.0,0.0,80,2.0,2.0,1.0
030_RC201,30,RC,6,0,OPTIMAL,550.5481,6,3,3,0,3,0.5,521.5886,0.0,28.9595,80,2.0,2.0,1.0
030_RC201,30,RC,6,1,OPTIMAL,898.1986,6,5,5,0,1,0.8333,875.0516,0.0,23.1471,80,2.0,2.0,1.0
030_RC201,30,RC,6,2,OPTIMAL,654.389,6,4,4,0,2,0.6667,642.3977,0.0,11.9912,80,2.0,2.0,1.0
030_RC201,30,RC,6,3,OPTIMAL,691.1843,6,4,4,0,2,0.6667,683.9476,0.0,7.2367,80,2.0,2.0,1.0
030_RC201,30,RC,6,4,OPTIMAL,442.6205,6,3,2,1,3,0.5,422.8457,0.0,19.7747,80,2.0,2.0,1.0
030_RC201,30,RC,6,5,OPTIMAL,749.3882,6,4,4,0,2,0.6667,740.954,0.0,8.4342,80,2.0,2.0,1.0
030_RC201,30,RC,6,6,OPTIMAL,790.7016,6,5,5,0,1,0.8333,790.0195,0.0,0.6821,80,2.0,2.0,1.0
030_RC201,30,RC,6,7,OPTIMAL,836.8129,6,5,5,0,1,0.8333,780.7244,0.0,56.0885,80,2.0,2.0,1.0
030_RC201,30,RC,6,8,OPTIMAL,462.7855,6,3,3,0,3,0.5,453.1953,0.0,9.5902,80,2.0,2.0,1.0
030_RC201,30,RC,6,9,OPTIMAL,1043.599,6,6,6,0,0,1.0,1043.599,0.0,0.0,80,2.0,2.0,1.0
030_RC203,30,RC,2,0,OPTIMAL,283.2967,2,2,2,0,0,1.0,283.2967,0.0,0.0,80,2.0,2.0,1.0
030_RC203,30,RC,2,1,OPTIMAL,311.4517,2,2,2,0,0,1.0,311.4517,0.0,0.0,80,2.0,2.0,1.0
030_RC203,30,RC,2,2,OPTIMAL,371.2098,2,2,2,0,0,1.0,371.2098,0.0,0.0,80,2.0,2.0,1.0
030_RC203,30,RC,2,3,OPTIMAL,144.6079,2,1,1,0,1,0.5,139.2276,0.0,5.3804,80,2.0,2.0,1.0
030_RC203,30,RC,2,4,OPTIMAL,298.2104,2,2,2,0,0,1.0,298.2104,0.0,0.0,80,2.0,2.0,1.0
030_RC203,30,RC,2,5,OPTIMAL,179.5231,2,1,1,0,1,0.5,178.3949,0.0,1.1282,80,2.0,2.0,1.0
030_RC203,30,RC,2,6,OPTIMAL,291.9919,2,2,2,0,0,1.0,291.9919,0.0,0.0,80,2.0,2.0,1.0
030_RC203,30,RC,2,7,OPTIMAL,335.9551,2,2,2,0,0,1.0,335.9551,0.0,0.0,80,2.0,2.0,1.0
030_RC203,30,RC,2,8,OPTIMAL,289.5801,2,2,2,0,0,1.0,289.5801,0.0,0.0,80,2.0,2.0,1.0
030_RC203,30,RC,2,9,OPTIMAL,159.1483,2,1,1,0,1,0.5,152.0524,0.0,7.0958,80,2.0,2.0,1.0
030_RC203,30,RC,4,0,OPTIMAL,546.0803,4,3,3,0,1,0.75,513.5222,0.0,32.558,80,2.0,2.0,1.0
030_RC203,30,RC,4,1,OPTIMAL,538.0448,4,3,3,0,1,0.75,535.3338,0.0,2.711,80,2.0,2.0,1.0
030_RC203,30,RC,4,2,OPTIMAL,593.6367,4,4,4,0,0,1.0,593.6367,0.0,0.0,80,2.0,2.0,1.0
030_RC203,30,RC,4,3,OPTIMAL,627.4598,4,3,3,0,1,0.75,625.4406,0.0,2.0192,80,2.0,2.0,1.0
030_RC203,30,RC,4,4,OPTIMAL,620.7372,4,4,4,0,0,1.0,620.7372,0.0,0.0,80,2.0,2.0,1.0
030_RC203,30,RC,4,5,OPTIMAL,631.2244,4,4,4,0,0,1.0,631.2244,0.0,0.0,80,2.0,2.0,1.0
030_RC203,30,RC,4,6,OPTIMAL,674.4177,4,4,4,0,0,1.0,674.4177,0.0,0.0,80,2.0,2.0,1.0
030_RC203,30,RC,4,7,OPTIMAL,702.3437,4,4,4,0,0,1.0,702.3437,0.0,0.0,80,2.0,2.0,1.0
030_RC203,30,RC,4,8,OPTIMAL,458.7837,4,3,3,0,1,0.75,454.9352,0.0,3.8485,80,2.0,2.0,1.0
030_RC203,30,RC,4,9,OPTIMAL,578.9003,4,4,4,0,0,1.0,578.9003,0.0,0.0,80,2.0,2.0,1.0
030_RC203,30,RC,6,0,OPTIMAL,858.4767,6,5,4,1,1,0.8333,852.1204,0.0,6.3563,80,2.0,2.0,1.0
030_RC203,30,RC,6,1,OPTIMAL,1060.1377,6,6,5,1,0,1.0,1060.1377,0.0,0.0,80,2.0,2.0,1.0
030_RC203,30,RC,6,2,OPTIMAL,982.93,6,6,6,0,0,1.0,982.93,0.0,0.0,80,2.0,2.0,1.0
030_RC203,30,RC,6,3,OPTIMAL,740.9973,6,4,4,0,2,0.6667,734.2479,0.0,6.7494,80,2.0,2.0,1.0
030_RC203,30,RC,6,4,OPTIMAL,744.3267,6,5,3,2,1,0.8333,743.9915,0.0,0.3351,80,2.0,2.0,1.0
030_RC203,30,RC,6,5,OPTIMAL,883.9141,6,5,5,0,1,0.8333,879.8226,0.0,4.0914,80,2.0,2.0,1.0
030_RC203,30,RC,6,6,OPTIMAL,926.0621,6,6,6,0,0,1.0,926.0621,0.0,0.0,80,2.0,2.0,1.0
030_RC203,30,RC,6,7,OPTIMAL,785.9503,6,5,5,0,1,0.8333,780.7244,0.0,5.2258,80,2.0,2.0,1.0
030_RC203,30,RC,6,8,OPTIMAL,773.5087,6,5,5,0,1,0.8333,772.9477,0.0,0.561,80,2.0,2.0,1.0
030_RC203,30,RC,6,9,OPTIMAL,1043.599,6,6,6,0,0,1.0,1043.599,0.0,0.0,80,2.0,2.0,1.0
030_RC205,30,RC,2,0,OPTIMAL,283.2967,2,2,2,0,0,1.0,283.2967,0.0,0.0,80,2.0,2.0,1.0
030_RC205,30,RC,2,1,OPTIMAL,8.0877,2,0,0,0,2,0.0,0.0,0.0,8.0877,80,2.0,2.0,1.0
030_RC205,30,RC,2,2,OPTIMAL,371.2098,2,2,1,1,0,1.0,371.2098,0.0,0.0,80,2.0,2.0,1.0
030_RC205,30,RC,2,3,OPTIMAL,150.5303,2,1,1,0,1,0.5,139.2276,0.0,11.3028,80,2.0,2.0,1.0
030_RC205,30,RC,2,4,OPTIMAL,298.2104,2,2,2,0,0,1.0,298.2104,0.0,0.0,80,2.0,2.0,1.0
030_RC205,30,RC,2,5,OPTIMAL,354.4255,2,2,2,0,0,1.0,354.4255,0.0,0.0,80,2.0,2.0,1.0
030_RC205,30,RC,2,6,OPTIMAL,157.2445,2,1,1,0,1,0.5,141.3786,0.0,15.8659,80,2.0,2.0,1.0
030_RC205,30,RC,2,7,OPTIMAL,335.9551,2,2,2,0,0,1.0,335.9551,0.0,0.0,80,2.0,2.0,1.0
030_RC205,30,RC,2,8,OPTIMAL,195.3887,2,1,1,0,1,0.5,152.2074,0.0,43.1813,80,2.0,2.0,1.0
030_RC205,30,RC,2,9,OPTIMAL,298.9864,2,2,2,0,0,1.0,298.9864,0.0,0.0,80,2.0,2.0,1.0
030_RC205,30,RC,4,0,OPTIMAL,635.1042,4,4,4,0,0,1.0,635.1042,0.0,0.0,80,2.0,2.0,1.0
030_RC205,30,RC,4,1,OPTIMAL,538.0448,4,3,3,0,1,0.75,535.3338,0.0,2.711,80,2.0,2.0,1.0
030_RC205,30,RC,4,2,OPTIMAL,342.6862,4,2,2,0,2,0.5,286.8355,0.0,55.8507,80,2.0,2.0,1.0
030_RC205,30,RC,4,3,OPTIMAL,755.3252,4,4,3,1,0,1.0,755.3252,0.0,0.0,80,2.0,2.0,1.0
030_RC205,30,RC,4,4,OPTIMAL,458.232,4,3,3,0,1,0.75,456.9612,0.0,1.2708,80,2.0,2.0,1.0
030_RC205,30,RC,4,5,OPTIMAL,631.2244,4,4,4,0,0,1.0,631.2244,0.0,0.0,80,2.0,2.0,1.0
030_RC205,30,RC,4,6,OPTIMAL,536.476,4,3,3,0,1,0.75,526.8437,0.0,9.6324,80,2.0,2.0,1.0
030_RC205,30,RC,4,7,OPTIMAL,702.3437,4,4,4,0,0,1.0,702.3437,0.0,0.0,80,2.0,2.0,1.0
030_RC205,30,RC,4,8,OPTIMAL,362.1737,4,2,2,0,2,0.5,322.0317,0.0,40.142,80,2.0,2.0,1.0
030_RC205,30,RC,4,9,OPTIMAL,441.8908,4,3,3,0,1,0.75,424.4488,0.0,17.442,80,2.0,2.0,1.0
030_RC205,30,RC,6,0,OPTIMAL,980.2463,6,6,5,1,0,1.0,980.2463,0.0,0.0,80,2.0,2.0,1.0
030_RC205,30,RC,6,1,OPTIMAL,912.8226,6,5,4,1,1,0.8333,898.8542,0.0,13.9684,80,2.0,2.0,1.0
030_RC205,30,RC,6,2,OPTIMAL,837.9221,6,5,4,1,1,0.8333,830.1384,0.0,7.7837,80,2.0,2.0,1.0
030_RC205,30,RC,6,3,OPTIMAL,885.7818,6,5,5,0,1,0.8333,884.8118,0.0,0.97,80,2.0,2.0,1.0
030_RC205,30,RC,6,4,OPTIMAL,744.1296,6,5,5,0,1,0.8333,743.9915,0.0,0.138,80,2.0,2.0,1.0
030_RC205,30,RC,6,5,OPTIMAL,1024.6498,6,6,6,0,0,1.0,1024.6498,0.0,0.0,80,2.0,2.0,1.0
030_RC205,30,RC,6,6,OPTIMAL,795.6828,6,5,5,0,1,0.8333,783.033,0.0,12.6498,80,2.0,2.0,1.0
030_RC205,30,RC,6,7,OPTIMAL,641.6836,6,4,4,0,2,0.6667,629.0258,0.0,12.6578,80,2.0,2.0,1.0
030_RC205,30,RC,6,8,OPTIMAL,762.8039,6,5,5,0,1,0.8333,748.33,0.0,14.4739,80,2.0,2.0,1.0
030_RC205,30,RC,6,9,OPTIMAL,894.974,6,5,4,1,1,0.8333,879.9975,0.0,14.9765,80,2.0,2.0,1.0
035_C101,35,C,3,0,OPTIMAL,460.4265,3,3,3,0,0,1.0,460.4265,0.0,0.0,80,2.0,2.0,1.0
035_C101,35,C,3,1,OPTIMAL,132.7728,3,1,0,1,2,0.3333,76.4375,0.0,56.3353,80,2.0,2.0,1.0
035_C101,35,C,3,2,OPTIMAL,79.1203,3,1,0,1,2,0.3333,53.2178,0.0,25.9025,80,2.0,2.0,1.0
035_C101,35,C,3,3,OPTIMAL,177.6923,3,1,1,0,2,0.3333,50.0104,0.0,127.6819,80,2.0,2.0,1.0
035_C101,35,C,3,4,OPTIMAL,127.2622,3,2,1,1,1,0.6667,124.2853,0.0,2.9769,80,2.0,2.0,1.0
035_C101,35,C,3,5,OPTIMAL,26.1995,3,0,0,0,3,0.0,0.0,0.0,26.1995,80,2.0,2.0,1.0
035_C101,35,C,3,6,OPTIMAL,308.8943,3,2,2,0,1,0.6667,263.8174,0.0,45.0769,80,2.0,2.0,1.0
035_C101,35,C,3,7,OPTIMAL,111.8554,3,1,1,0,2,0.3333,101.1098,0.0,10.7456,80,2.0,2.0,1.0
035_C101,35,C,3,8,OPTIMAL,272.3078,3,2,2,0,1,0.6667,246.3244,0.0,25.9833,80,2.0,2.0,1.0
035_C101,35,C,3,9,OPTIMAL,275.7562,3,2,1,1,1,0.6667,268.2837,0.0,7.4725,80,2.0,2.0,1.0
035_C101,35,C,6,0,OPTIMAL,690.433,6,6,4,2,0,1.0,690.433,0.0,0.0,80,2.0,2.0,1.0
035_C101,35,C,6,1,OPTIMAL,627.423,6,4,4,0,2,0.6667,615.148,0.0,12.275,80,2.0,2.0,1.0
035_C101,35,C,6,2,OPTIMAL,251.5266,6,2,1,1,4,0.3333,215.555,0.0,35.9716,80,2.0,2.0,1.0
035_C101,35,C,6,3,OPTIMAL,387.4722,6,3,3,0,3,0.5,371.2646,0.0,16.2076,80,2.0,2.0,1.0
035_C101,35,C,6,4,OPTIMAL,260.4054,6,2,1,1,4,0.3333,175.4202,0.0,84.9852,80,2.0,2.0,1.0
035_C101,35,C,6,5,OPTIMAL,471.8679,6,4,3,1,2,0.6667,438.6589,0.0,33.2089,80,2.0,2.0,1.0
035_C101,35,C,6,6,OPTIMAL,434.1261,6,3,3,0,3,0.5,357.4851,0.0,76.641,80,2.0,2.0,1.0
035_C101,35,C,6,7,OPTIMAL,434.7544,6,4,4,0,2,0.6667,431.5656,0.0,3.1889,80,2.0,2.0,1.0
035_C101,35,C,6,8,OPTIMAL,535.3707,6,5,4,1,1,0.8333,516.1552,0.0,19.2155,80,2.0,2.0,1.0
035_C101,35,C,6,9,OPTIMAL,629.889,6,4,4,0,2,0.6667,622.6199,0.0,7.2691,80,2.0,2.0,1.0
035_C101,35,C,9,0,OPTIMAL,850.1767,9,7,6,1,2,0.7778,787.1301,0.0,63.0467,80,2.0,2.0,1.0
035_C101,35,C,9,1,OPTIMAL,479.1829,9,4,3,1,5,0.4444,354.2767,0.0,124.9062,80,2.0,2.0,1.0
035_C101,35,C,9,2,OPTIMAL,346.3731,9,4,2,2,5,0.4444,298.5588,0.0,47.8143,80,2.0,2.0,1.0
035_C101,35,C,9,3,OPTIMAL,803.258,9,6,6,0,3,0.6667,783.2935,0.0,19.9645,80,2.0,2.0,1.0
035_C101,35,C,9,4,OPTIMAL,507.2206,9,5,4,1,4,0.5556,456.8241,0.0,50.3966,80,2.0,2.0,1.0
035_C101,35,C,9,5,OPTIMAL,525.1775,9,4,2,2,5,0.4444,456.1945,0.0,68.9829,80,2.0,2.0,1.0
035_C101,35,C,9,6,OPTIMAL,931.2642,9,7,6,1,2,0.7778,915.9933,0.0,15.2709,80,2.0,2.0,1.0
035_C101,35,C,9,7,OPTIMAL,754.6465,9,7,6,1,2,0.7778,749.5847,0.0,5.0619,80,2.0,2.0,1.0
035_C101,35,C,9,8,OPTIMAL,403.8686,9,3,3,0,6,0.3333,297.7726,0.0,106.096,80,2.0,2.0,1.0
035_C101,35,C,9,9,OPTIMAL,671.4293,9,5,5,0,4,0.5556,618.0321,0.0,53.3972,80,2.0,2.0,1.0
035_C105,35,C,3,0,OPTIMAL,200.7989,3,1,1,0,2,0.3333,159.4218,0.0,41.3771,80,2.0,2.0,1.0
035_C105,35,C,3,1,OPTIMAL,152.0901,3,1,1,0,2,0.3333,119.4112,0.0,32.6789,80,2.0,2.0,1.0
035_C105,35,C,3,2,OPTIMAL,10.3852,3,0,0,0,3,0.0,0.0,0.0,10.3852,80,2.0,2.0,1.0
035_C105,35,C,3,3,OPTIMAL,338.1571,3,3,3,0,0,1.0,338.1571,0.0,0.0,80,2.0,2.0,1.0
035_C105,35,C,3,4,OPTIMAL,213.2474,3,2,2,0,1,0.6667,191.8473,0.0,21.4001,80,2.0,2.0,1.0
035_C105,35,C,3,5,OPTIMAL,36.3251,3,0,0,0,3,0.0,0.0,0.0,36.3251,80,2.0,2.0,1.0
035_C105,35,C,3,6,OPTIMAL,391.6676,3,3,3,0,0,1.0,391.6676,0.0,0.0,80,2.0,2.0,1.0
035_C105,35,C,3,7,OPTIMAL,251.7818,3,2,2,0,1,0.6667,204.7174,0.0,47.0644,80,2.0,2.0,1.0
035_C105,35,C,3,8,OPTIMAL,244.338,3,1,1,0,2,0.3333,161.0358,0.0,83.3022,80,2.0,2.0,1.0
035_C105,35,C,3,9,OPTIMAL,282.7077,3,2,2,0,1,0.6667,232.8351,0.0,49.8726,80,2.0,2.0,1.0
035_C105,35,C,6,0,OPTIMAL,396.6734,6,2,2,0,4,0.3333,305.5654,0.0,91.108,80,2.0,2.0,1.0
035_C105,35,C,6,1,OPTIMAL,626.8568,6,4,4,0,2,0.6667,615.148,0.0,11.7088,80,2.0,2.0,1.0
035_C105,35,C,6,2,OPTIMAL,200.44,6,1,1,0,5,0.1667,154.619,0.0,45.821,80,2.0,2.0,1.0
035_C105,35,C,6,3,OPTIMAL,370.556,6,3,3,0,3,0.5,319.7176,0.0,50.8385,80,2.0,2.0,1.0
035_C105,35,C,6,4,OPTIMAL,195.895,6,1,1,0,5,0.1667,135.8882,0.0,60.0068,80,2.0,2.0,1.0
035_C105,35,C,6,5,OPTIMAL,294.9259,6,2,2,0,4,0.3333,237.8415,0.0,57.0844,80,2.0,2.0,1.0
035_C105,35,C,6,6,OPTIMAL,429.6822,6,3,3,0,3,0.5,352.2192,0.0,77.463,80,2.0,2.0,1.0
035_C105,35,C,6,7,OPTIMAL,406.5924,6,3,3,0,3,0.5,374.5373,0.0,32.0551,80,2.0,2.0,1.0
035_C105,35,C,6,8,OPTIMAL,471.1953,6,3,3,0,3,0.5,397.5582,0.0,73.6371,80,2.0,2.0,1.0
035_C105,35,C,6,9,OPTIMAL,713.18,6,5,5,0,1,0.8333,703.9015,0.0,9.2785,80,2.0,2.0,1.0
035_C105,35,C,9,0,OPTIMAL,457.8908,9,3,3,0,6,0.3333,374.8348,0.0,83.056,80,2.0,2.0,1.0
035_C105,35,C,9,1,OPTIMAL,381.9388,9,2,2,0,7,0.2222,244.6461,0.0,137.2927,80,2.0,2.0,1.0
035_C105,35,C,9,2,OPTIMAL,137.6301,9,0,0,0,9,0.0,0.0,0.0,137.6301,80,2.0,2.0,1.0
035_C105,35,C,9,3,OPTIMAL,267.0081,9,2,2,0,7,0.2222,151.3809,0.0,115.6272,80,2.0,2.0,1.0
035_C105,35,C,9,4,OPTIMAL,458.9873,9,3,3,0,6,0.3333,340.0366,0.0,118.9507,80,2.0,2.0,1.0
035_C105,35,C,9,5,OPTIMAL,496.3897,9,4,4,0,5,0.4444,481.1317,0.0,15.258,80,2.0,2.0,1.0
035_C105,35,C,9,6,OPTIMAL,330.1348,9,2,1,1,7,0.2222,213.5982,0.0,116.5365,80,2.0,2.0,1.0
035_C105,35,C,9,7,OPTIMAL,710.2812,9,6,6,0,3,0.6667,688.1784,0.0,22.1029,80,2.0,2.0,1.0
035_C105,35,C,9,8,OPTIMAL,317.5147,9,2,2,0,7,0.2222,210.1547,0.0,107.36,80,2.0,2.0,1.0
035_C105,35,C,9,9,OPTIMAL,709.7672,9,6,6,0,3,0.6667,679.2015,0.0,30.5656,80,2.0,2.0,1.0
035_C106,35,C,3,0,OPTIMAL,460.4265,3,3,3,0,0,1.0,460.4265,0.0,0.0,80,2.0,2.0,1.0
035_C106,35,C,3,1,OPTIMAL,81.2516,3,0,0,0,3,0.0,0.0,0.0,81.2516,80,2.0,2.0,1.0
035_C106,35,C,3,2,OPTIMAL,72.328,3,1,0,1,2,0.3333,69.9897,0.0,2.3383,80,2.0,2.0,1.0
035_C106,35,C,3,3,OPTIMAL,338.1571,3,3,2,1,0,1.0,338.1571,0.0,0.0,80,2.0,2.0,1.0
035_C106,35,C,3,4,OPTIMAL,260.9198,3,3,2,1,0,1.0,260.9198,0.0,0.0,80,2.0,2.0,1.0
035_C106,35,C,3,5,OPTIMAL,64.499,3,1,1,0,2,0.3333,52.0316,0.0,12.4673,80,2.0,2.0,1.0
035_C106,35,C,3,6,OPTIMAL,391.6676,3,3,2,1,0,1.0,391.6676,0.0,0.0,80,2.0,2.0,1.0
035_C106,35,C,3,7,OPTIMAL,78.2387,3,0,0,0,3,0.0,0.0,0.0,78.2387,80,2.0,2.0,1.0
035_C106,35,C,3,8,OPTIMAL,334.4956,3,3,2,1,0,1.0,334.4956,0.0,0.0,80,2.0,2.0,1.0
035_C106,35,C,3,9,OPTIMAL,302.5726,3,2,2,0,1,0.6667,237.975,0.0,64.5976,80,2.0,2.0,1.0
035_C106,35,C,6,0,OPTIMAL,634.3873,6,5,4,1,1,0.8333,626.262,0.0,8.1253,80,2.0,2.0,1.0
035_C106,35,C,6,1,OPTIMAL,629.9022,6,4,4,0,2,0.6667,615.148,0.0,14.7542,80,2.0,2.0,1.0
035_C106,35,C,6,2,OPTIMAL,265.1197,6,2,2,0,4,0.3333,231.2862,0.0,33.8335,80,2.0,2.0,1.0
035_C106,35,C,6,3,OPTIMAL,352.3945,6,3,3,0,3,0.5,311.5777,0.0,40.8168,80,2.0,2.0,1.0
035_C106,35,C,6,4,OPTIMAL,330.1361,6,4,3,1,2,0.6667,304.1601,0.0,25.9759,80,2.0,2.0,1.0
035_C106,35,C,6,5,OPTIMAL,466.8,6,4,2,2,2,0.6667,438.6589,0.0,28.1411,80,2.0,2.0,1.0
035_C106,35,C,6,6,OPTIMAL,453.409,6,3,3,0,3,0.5,387.8088,0.0,65.6001,80,2.0,2.0,1.0
035_C106,35,C,6,7,OPTIMAL,361.9684,6,3,3,0,3,0.5,351.9356,0.0,10.0328,80,2.0,2.0,1.0
035_C106,35,C,6,8,OPTIMAL,530.9339,6,5,4,1,1,0.8333,516.1552,0.0,14.7786,80,2.0,2.0,1.0
035_C106,35,C,6,9,OPTIMAL,713.4176,6,5,5,0,1,0.8333,712.8863,0.0,0.5312,80,2.0,2.0,1.0
035_C106,35,C,9,0,OPTIMAL,769.694,9,6,5,1,3,0.6667,721.6045,0.0,48.0895,80,2.0,2.0,1.0
035_C106,35,C,9,1,OPTIMAL,663.7865,9,7,4,3,2,0.7778,648.9792,0.0,14.8074,80,2.0,2.0,1.0
035_C106,35,C,9,2,OPTIMAL,417.3615,9,4,3,1,5,0.4444,349.9735,0.0,67.388,80,2.0,2.0,1.0
035_C106,35,C,9,3,OPTIMAL,819.379,9,6,5,1,3,0.6667,682.5126,0.0,136.8664,80,2.0,2.0,1.0
035_C106,35,C,9,4,OPTIMAL,414.5348,9,4,4,0,5,0.4444,318.8872,0.0,95.6476,80,2.0,2.0,1.0
035_C106,35,C,9,5,OPTIMAL,753.7129,9,7,7,0,2,0.7778,727.4417,0.0,26.2712,80,2.0,2.0,1.0
035_C106,35,C,9,6,OPTIMAL,723.8327,9,5,5,0,4,0.5556,716.3345,0.0,7.4982,80,2.0,2.0,1.0
035_C106,35,C,9,7,OPTIMAL,545.224,9,4,1,3,5,0.4444,456.8773,0.0,88.3468,80,2.0,2.0,1.0
035_C106,35,C,9,8,OPTIMAL,333.8873,9,2,2,0,7,0.2222,209.9314,0.0,123.9559,80,2.0,2.0,1.0
035_C106,35,C,9,9,OPTIMAL,682.9649,9,5,4,1,4,0.5556,618.0321,0.0,64.9328,80,2.0,2.0,1.0
035_C107,35,C,3,0,OPTIMAL,460.4265,3,3,3,0,0,1.0,460.4265,0.0,0.0,80,2.0,2.0,1.0
035_C107,35,C,3,1,OPTIMAL,283.235,3,3,2,1,0,1.0,283.235,0.0,0.0,80,2.0,2.0,1.0
035_C107,35,C,3,2,OPTIMAL,16.8466,3,0,0,0,3,0.0,0.0,0.0,16.8466,80,2.0,2.0,1.0
035_C107,35,C,3,3,OPTIMAL,194.6774,3,2,2,0,1,0.6667,194.0752,0.0,0.6022,80,2.0,2.0,1.0
035_C107,35,C,3,4,OPTIMAL,163.5447,3,2,2,0,1,0.6667,124.2853,0.0,39.2595,80,2.0,2.0,1.0
035_C107,35,C,3,5,OPTIMAL,107.969,3,1,1,0,2,0.3333,52.0316,0.0,55.9374,80,2.0,2.0,1.0
035_C107,35,C,3,6,OPTIMAL,302.6704,3,2,2,0,1,0.6667,270.2011,0.0,32.4693,80,2.0,2.0,1.0
035_C107,35,C,3,7,OPTIMAL,262.6577,3,2,0,2,1,0.6667,240.3203,0.0,22.3374,80,2.0,2.0,1.0
035_C107,35,C,3,8,OPTIMAL,177.0556,3,1,1,0,2,0.3333,161.0358,0.0,16.0198,80,2.0,2.0,1.0
035_C107,35,C,3,9,OPTIMAL,314.3919,3,2,1,1,1,0.6667,268.2837,0.0,46.1082,80,2.0,2.0,1.0
035_C107,35,C,6,0,OPTIMAL,413.8388,6,3,3,0,3,0.5,391.4641,0.0,22.3747,80,2.0,2.0,1.0
035_C107,35,C,6,1,OPTIMAL,770.8047,6,6,4,2,0,1.0,770.8047,0.0,0.0,80,2.0,2.0,1.0
035_C107,35,C,6,2,OPTIMAL,418.7084,6,5,4,1,1,0.8333,415.7207,0.0,2.9878,80,2.0,2.0,1.0
035_C107,35,C,6,3,OPTIMAL,419.259,6,4,3,1,2,0.6667,364.6487,0.0,54.6103,80,2.0,2.0,1.0
035_C107,35,C,6,4,OPTIMAL,291.0679,6,3,3,0,3,0.5,264.6281,0.0,26.4398,80,2.0,2.0,1.0
035_C107,35,C,6,5,OPTIMAL,424.7824,6,3,3,0,3,0.5,372.6792,0.0,52.1032,80,2.0,2.0,1.0
035_C107,35,C,6,6,OPTIMAL,487.8062,6,3,2,1,3,0.5,402.0831,0.0,85.7231,80,2.0,2.0,1.0
035_C107,35,C,6,7,OPTIMAL,319.3377,6,3,2,1,3,0.5,251.1374,0.0,68.2003,80,2.0,2.0,1.0
035_C107,35,C,6,8,OPTIMAL,415.7225,6,3,2,1,3,0.5,376.9327,0.0,38.7897,80,2.0,2.0,1.0
035_C107,35,C,6,9,OPTIMAL,427.8105,6,3,3,0,3,0.5,396.108,0.0,31.7025,80,2.0,2.0,1.0
035_C107,35,C,9,0,OPTIMAL,759.0154,9,6,5,1,3,0.6667,742.1411,0.0,16.8743,80,2.0,2.0,1.0
035_C107,35,C,9,1,OPTIMAL,693.1293,9,7,7,0,2,0.7778,684.0155,0.0,9.1138,80,2.0,2.0,1.0
035_C107,35,C,9,2,OPTIMAL,390.8389,9,4,4,0,5,0.4444,344.2161,0.0,46.6228,80,2.0,2.0,1.0
035_C107,35,C,9,3,OPTIMAL,561.6089,9,4,3,1,5,0.4444,517.4339,0.0,44.175,80,2.0,2.0,1.0
035_C107,35,C,9,4,OPTIMAL,467.5133,9,4,3,1,5,0.4444,369.3655,0.0,98.1477,80,2.0,2.0,1.0
035_C107,35,C,9,5,OPTIMAL,638.0294,9,5,5,0,4,0.5556,606.097,0.0,31.9324,80,2.0,2.0,1.0
035_C107,35,C,9,6,OPTIMAL,695.2485,9,6,6,0,3,0.6667,685.7823,0.0,9.4662,80,2.0,2.0,1.0
035_C107,35,C,9,7,OPTIMAL,705.1705,9,6,6,0,3,0.6667,636.4027,0.0,68.7678,80,2.0,2.0,1.0
035_C107,35,C,9,8,OPTIMAL,532.9849,9,5,3,2,4,0.5556,526.4494,0.0,6.5355,80,2.0,2.0,1.0
035_C107,35,C,9,9,OPTIMAL,638.1959,9,6,5,1,3,0.6667,597.4286,0.0,40.7673,80,2.0,2.0,1.0
035_C108,35,C,3,0,OPTIMAL,375.518,3,2,2,0,1,0.6667,306.9716,0.0,68.5464,80,2.0,2.0,1.0
035_C108,35,C,3,1,OPTIMAL,81.9355,3,1,1,0,2,0.3333,76.4375,0.0,5.498,80,2.0,2.0,1.0
035_C108,35,C,3,2,OPTIMAL,74.5983,3,1,0,1,2,0.3333,69.9897,0.0,4.6086,80,2.0,2.0,1.0
035_C108,35,C,3,3,OPTIMAL,338.1571,3,3,3,0,0,1.0,338.1571,0.0,0.0,80,2.0,2.0,1.0
035_C108,35,C,3,4,OPTIMAL,163.5447,3,2,2,0,1,0.6667,124.2853,0.0,39.2595,80,2.0,2.0,1.0
035_C108,35,C,3,5,OPTIMAL,75.4193,3,1,1,0,2,0.3333,52.0316,0.0,23.3877,80,2.0,2.0,1.0
035_C108,35,C,3,6,OPTIMAL,391.6676,3,3,3,0,0,1.0,391.6676,0.0,0.0,80,2.0,2.0,1.0
035_C108,35,C,3,7,OPTIMAL,179.8808,3,1,0,1,2,0.3333,139.2105,0.0,40.6703,80,2.0,2.0,1.0
035_C108,35,C,3,8,OPTIMAL,177.0556,3,1,1,0,2,0.3333,161.0358,0.0,16.0198,80,2.0,2.0,1.0
035_C108,35,C,3,9,OPTIMAL,184.3469,3,1,1,0,2,0.3333,136.7118,0.0,47.6351,80,2.0,2.0,1.0
035_C108,35,C,6,0,OPTIMAL,579.4804,6,4,3,1,2,0.6667,533.9711,0.0,45.5093,80,2.0,2.0,1.0
035_C108,35,C,6,1,OPTIMAL,655.4833,6,4,3,1,2,0.6667,615.148,0.0,40.3353,80,2.0,2.0,1.0
035_C108,35,C,6,2,OPTIMAL,355.9989,6,3,2,1,3,0.5,292.2274,0.0,63.7715,80,2.0,2.0,1.0
035_C108,35,C,6,3,OPTIMAL,451.17,6,5,2,3,1,0.8333,441.1677,0.0,10.0023,80,2.0,2.0,1.0
035_C108,35,C,6,4,OPTIMAL,215.1164,6,2,2,0,4,0.3333,151.5402,0.0,63.5762,80,2.0,2.0,1.0
035_C108,35,C,6,5,OPTIMAL,407.2161,6,3,3,0,3,0.5,374.759,0.0,32.4571,80,2.0,2.0,1.0
035_C108,35,C,6,6,OPTIMAL,475.5277,6,3,2,1,3,0.5,387.8088,0.0,87.7189,80,2.0,2.0,1.0
035_C108,35,C,6,7,OPTIMAL,350.4302,6,3,2,1,3,0.5,289.1557,0.0,61.2745,80,2.0,2.0,1.0
035_C108,35,C,6,8,OPTIMAL,464.3319,6,4,4,0,2,0.6667,452.5736,0.0,11.7583,80,2.0,2.0,1.0
035_C108,35,C,6,9,OPTIMAL,712.9249,6,5,5,0,1,0.8333,712.8863,0.0,0.0386,80,2.0,2.0,1.0
035_C108,35,C,9,0,OPTIMAL,728.6145,9,6,5,1,3,0.6667,657.9371,0.0,70.6774,80,2.0,2.0,1.0
035_C108,35,C,9,1,OPTIMAL,495.2752,9,6,4,2,3,0.6667,444.5745,0.0,50.7007,80,2.0,2.0,1.0
035_C108,35,C,9,2,OPTIMAL,341.3122,9,3,3,0,6,0.3333,206.3402,0.0,134.9721,80,2.0,2.0,1.0
035_C108,35,C,9,3,OPTIMAL,604.7323,9,4,2,2,5,0.4444,531.8105,0.0,72.9218,80,2.0,2.0,1.0
035_C108,35,C,9,4,OPTIMAL,578.523,9,5,4,1,4,0.5556,545.1414,0.0,33.3816,80,2.0,2.0,1.0
035_C108,35,C,9,5,OPTIMAL,633.9962,9,5,3,2,4,0.5556,606.097,0.0,27.8992,80,2.0,2.0,1.0
035_C108,35,C,9,6,OPTIMAL,882.7789,9,7,7,0,2,0.7778,881.4226,0.0,1.3563,80,2.0,2.0,1.0
035_C108,35,C,9,7,OPTIMAL,715.9012,9,7,5,2,2,0.7778,706.2321,0.0,9.6691,80,2.0,2.0,1.0
035_C108,35,C,9,8,OPTIMAL,407.4235,9,3,3,0,6,0.3333,319.077,0.0,88.3466,80,2.0,2.0,1.0
035_C108,35,C,9,9,OPTIMAL,597.8294,9,5,3,2,4,0.5556,546.6247,0.0,51.2047,80,2.0,2.0,1.0
035_C201,35,C,3,0,OPTIMAL,343.5646,3,3,3,0,0,1.0,343.5646,0.0,0.0,80,2.0,2.0,1.0
035_C201,35,C,3,1,OPTIMAL,256.5048,3,3,2,1,0,1.0,256.5048,0.0,0.0,80,2.0,2.0,1.0
035_C201,35,C,3,2,OPTIMAL,236.5688,3,2,1,1,1,0.6667,218.5589,0.0,18.0099,80,2.0,2.0,1.0
035_C201,35,C,3,3,OPTIMAL,344.7999,3,3,3,0,0,1.0,344.7999,0.0,0.0,80,2.0,2.0,1.0
035_C201,35,C,3,4,OPTIMAL,354.4814,3,3,3,0,0,1.0,354.4814,0.0,0.0,80,2.0,2.0,1.0
035_C201,35,C,3,5,OPTIMAL,317.3113,3,3,3,0,0,1.0,317.3113,0.0,0.0,80,2.0,2.0,1.0
035_C201,35,C,3,6,OPTIMAL,226.0612,3,2,2,0,1,0.6667,206.9986,0.0,19.0626,80,2.0,2.0,1.0
035_C201,35,C,3,7,OPTIMAL,212.3089,3,3,2,1,0,1.0,212.3089,0.0,0.0,80,2.0,2.0,1.0
035_C201,35,C,3,8,OPTIMAL,306.1527,3,3,3,0,0,1.0,306.1527,0.0,0.0,80,2.0,2.0,1.0
035_C201,35,C,3,9,OPTIMAL,183.9614,3,2,2,0,1,0.6667,151.2583,0.0,32.7031,80,2.0,2.0,1.0
035_C201,35,C,6,0,OPTIMAL,568.4412,6,5,5,0,1,0.8333,561.7036,0.0,6.7376,80,2.0,2.0,1.0
035_C201,35,C,6,1,OPTIMAL,513.1654,6,6,6,0,0,1.0,513.1654,0.0,0.0,80,2.0,2.0,1.0
035_C201,35,C,6,2,OPTIMAL,435.131,6,4,3,1,2,0.6667,424.3869,0.0,10.7441,80,2.0,2.0,1.0
035_C201,35,C,6,3,OPTIMAL,502.1818,6,5,5,0,1,0.8333,501.433,0.0,0.7488,80,2.0,2.0,1.0
035_C201,35,C,6,4,OPTIMAL,664.5648,6,6,5,1,0,1.0,664.5648,0.0,0.0,80,2.0,2.0,1.0
035_C201,35,C,6,5,OPTIMAL,538.1086,6,5,5,0,1,0.8333,536.3256,0.0,1.783,80,2.0,2.0,1.0
035_C201,35,C,6,6,OPTIMAL,622.9784,6,4,4,0,2,0.6667,568.2165,0.0,54.7619,80,2.0,2.0,1.0
035_C201,35,C,6,7,OPTIMAL,380.8924,6,4,4,0,2,0.6667,354.0837,0.0,26.8087,80,2.0,2.0,1.0
035_C201,35,C,6,8,OPTIMAL,426.4799,6,4,4,0,2,0.6667,383.756,0.0,42.7238,80,2.0,2.0,1.0
035_C201,35,C,6,9,OPTIMAL,591.6192,6,4,4,0,2,0.6667,590.7034,0.0,0.9158,80,2.0,2.0,1.0
035_C201,35,C,9,0,OPTIMAL,876.0661,9,8,8,0,1,0.8889,874.3179,0.0,1.7482,80,2.0,2.0,1.0
035_C201,35,C,9,1,OPTIMAL,820.5692,9,9,8,1,0,1.0,820.5692,0.0,0.0,80,2.0,2.0,1.0
035_C201,35,C,9,2,OPTIMAL,630.6933,9,6,5,1,3,0.6667,603.502,0.0,27.1913,80,2.0,2.0,1.0
035_C201,35,C,9,3,OPTIMAL,1156.4338,9,9,8,1,0,1.0,1156.4338,0.0,0.0,80,2.0,2.0,1.0
035_C201,35,C,9,4,OPTIMAL,824.2508,9,8,8,0,1,0.8889,811.9652,0.0,12.2856,80,2.0,2.0,1.0
035_C201,35,C,9,5,OPTIMAL,692.851,9,7,6,1,2,0.7778,683.3804,0.0,9.4706,80,2.0,2.0,1.0
035_C201,35,C,9,6,OPTIMAL,827.3222,9,7,7,0,2,0.7778,811.2803,0.0,16.0419,80,2.0,2.0,1.0
035_C201,35,C,9,7,OPTIMAL,737.2522,9,6,5,1,3,0.6667,651.8269,0.0,85.4253,80,2.0,2.0,1.0
035_C201,35,C,9,8,OPTIMAL,904.1932,9,7,7,0,2,0.7778,884.5982,0.0,19.595,80,2.0,2.0,1.0
035_C201,35,C,9,9,OPTIMAL,1042.9445,9,9,8,1,0,1.0,1042.9445,0.0,0.0,80,2.0,2.0,1.0
035_C202,35,C,3,0,OPTIMAL,343.5646,3,3,3,0,0,1.0,343.5646,0.0,0.0,80,2.0,2.0,1.0
035_C202,35,C,3,1,OPTIMAL,178.6753,3,2,2,0,1,0.6667,159.1484,0.0,19.5269,80,2.0,2.0,1.0
035_C202,35,C,3,2,OPTIMAL,236.5688,3,2,1,1,1,0.6667,218.5589,0.0,18.0099,80,2.0,2.0,1.0
035_C202,35,C,3,3,OPTIMAL,344.7999,3,3,3,0,0,1.0,344.7999,0.0,0.0,80,2.0,2.0,1.0
035_C202,35,C,3,4,OPTIMAL,354.4814,3,3,3,0,0,1.0,354.4814,0.0,0.0,80,2.0,2.0,1.0
035_C202,35,C,3,5,OPTIMAL,231.8552,3,2,2,0,1,0.6667,200.315,0.0,31.5402,80,2.0,2.0,1.0
035_C202,35,C,3,6,OPTIMAL,216.1407,3,2,2,0,1,0.6667,206.9986,0.0,9.1421,80,2.0,2.0,1.0
035_C202,35,C,3,7,OPTIMAL,165.5101,3,2,2,0,1,0.6667,157.7471,0.0,7.763,80,2.0,2.0,1.0
035_C202,35,C,3,8,OPTIMAL,306.1527,3,3,3,0,0,1.0,306.1527,0.0,0.0,80,2.0,2.0,1.0
035_C202,35,C,3,9,OPTIMAL,157.8466,3,2,2,0,1,0.6667,151.2583,0.0,6.5883,80,2.0,2.0,1.0
035_C202,35,C,6,0,OPTIMAL,568.4412,6,5,5,0,1,0.8333,561.7036,0.0,6.7376,80,2.0,2.0,1.0
035_C202,35,C,6,1,OPTIMAL,513.1654,6,6,6,0,0,1.0,513.1654,0.0,0.0,80,2.0,2.0,1.0
035_C202,35,C,6,2,OPTIMAL,588.7454,6,5,4,1,1,0.8333,587.4202,0.0,1.3252,80,2.0,2.0,1.0
035_C202,35,C,6,3,OPTIMAL,459.4376,6,4,4,0,2,0.6667,453.1411,0.0,6.2965,80,2.0,2.0,1.0
035_C202,35,C,6,4,OPTIMAL,664.5648,6,6,6,0,0,1.0,664.5648,0.0,0.0,80,2.0,2.0,1.0
035_C202,35,C,6,5,OPTIMAL,585.9537,6,6,5,1,0,1.0,585.9537,0.0,0.0,80,2.0,2.0,1.0
035_C202,35,C,6,6,OPTIMAL,686.8522,6,5,5,0,1,0.8333,643.9777,0.0,42.8745,80,2.0,2.0,1.0
035_C202,35,C,6,7,OPTIMAL,496.7001,6,5,5,0,1,0.8333,491.1975,0.0,5.5026,80,2.0,2.0,1.0
035_C202,35,C,6,8,OPTIMAL,500.8855,6,5,4,1,1,0.8333,469.7738,0.0,31.1117,80,2.0,2.0,1.0
035_C202,35,C,6,9,OPTIMAL,661.6725,6,5,4,1,1,0.8333,660.9555,0.0,0.717,80,2.0,2.0,1.0
035_C202,35,C,9,0,OPTIMAL,876.0661,9,8,8,0,1,0.8889,874.3179,0.0,1.7482,80,2.0,2.0,1.0
035_C202,35,C,9,1,OPTIMAL,743.5336,9,8,8,0,1,0.8889,735.3228,0.0,8.2108,80,2.0,2.0,1.0
035_C202,35,C,9,2,OPTIMAL,611.8988,9,6,5,1,3,0.6667,574.2905,0.0,37.6083,80,2.0,2.0,1.0
035_C202,35,C,9,3,OPTIMAL,1111.5809,9,8,8,0,1,0.8889,1080.6683,0.0,30.9126,80,2.0,2.0,1.0
035_C202,35,C,9,4,OPTIMAL,824.2508,9,8,8,0,1,0.8889,811.9652,0.0,12.2856,80,2.0,2.0,1.0
035_C202,35,C,9,5,OPTIMAL,818.5512,9,8,7,1,1,0.8889,811.8389,0.0,6.7122,80,2.0,2.0,1.0
035_C202,35,C,9,6,OPTIMAL,906.0111,9,8,8,0,1,0.8889,890.1449,0.0,15.8662,80,2.0,2.0,1.0
035_C202,35,C,9,7,OPTIMAL,704.4881,9,6,6,0,3,0.6667,642.5321,0.0,61.956,80,2.0,2.0,1.0
035_C202,35,C,9,8,OPTIMAL,992.1541,9,8,8,0,1,0.8889,972.5591,0.0,19.595,80,2.0,2.0,1.0
035_C202,35,C,9,9,OPTIMAL,1042.9445,9,9,9,0,0,1.0,1042.9445,0.0,0.0,80,2.0,2.0,1.0
035_C205,35,C,3,0,OPTIMAL,343.5646,3,3,3,0,0,1.0,343.5646,0.0,0.0,80,2.0,2.0,1.0
035_C205,35,C,3,1,OPTIMAL,218.5325,3,2,2,0,1,0.6667,203.3132,0.0,15.2193,80,2.0,2.0,1.0
035_C205,35,C,3,2,OPTIMAL,333.4395,3,3,2,1,0,1.0,333.4395,0.0,0.0,80,2.0,2.0,1.0
035_C205,35,C,3,3,OPTIMAL,344.7999,3,3,3,0,0,1.0,344.7999,0.0,0.0,80,2.0,2.0,1.0
035_C205,35,C,3,4,OPTIMAL,312.8864,3,2,2,0,1,0.6667,250.3714,0.0,62.515,80,2.0,2.0,1.0
035_C205,35,C,3,5,OPTIMAL,253.9113,3,2,2,0,1,0.6667,200.315,0.0,53.5962,80,2.0,2.0,1.0
035_C205,35,C,3,6,OPTIMAL,246.2693,3,3,3,0,0,1.0,246.2693,0.0,0.0,80,2.0,2.0,1.0
035_C205,35,C,3,7,OPTIMAL,212.3089,3,3,3,0,0,1.0,212.3089,0.0,0.0,80,2.0,2.0,1.0
035_C205,35,C,3,8,OPTIMAL,306.1527,3,3,2,1,0,1.0,306.1527,0.0,0.0,80,2.0,2.0,1.0
035_C205,35,C,3,9,OPTIMAL,231.9755,3,2,2,0,1,0.6667,225.5674,0.0,6.4081,80,2.0,2.0,1.0
035_C205,35,C,6,0,OPTIMAL,529.8385,6,5,4,1,1,0.8333,529.8325,0.0,0.006,80,2.0,2.0,1.0
035_C205,35,C,6,1,OPTIMAL,435.1459,6,5,5,0,1,0.8333,434.7384,0.0,0.4075,80,2.0,2.0,1.0
035_C205,35,C,6,2,OPTIMAL,368.4155,6,3,2,1,3,0.5,297.6375,0.0,70.778,80,2.0,2.0,1.0
035_C205,35,C,6,3,OPTIMAL,501.9474,6,5,5,0,1,0.8333,501.433,0.0,0.5144,80,2.0,2.0,1.0
035_C205,35,C,6,4,OPTIMAL,664.5648,6,6,6,0,0,1.0,664.5648,0.0,0.0,80,2.0,2.0,1.0
035_C205,35,C,6,5,OPTIMAL,420.1284,6,4,3,1,2,0.6667,409.6172,0.0,10.5112,80,2.0,2.0,1.0
035_C205,35,C,6,6,OPTIMAL,698.8822,6,5,5,0,1,0.8333,672.432,0.0,26.4502,80,2.0,2.0,1.0
035_C205,35,C,6,7,OPTIMAL,226.959,6,2,2,0,4,0.3333,166.4883,0.0,60.4707,80,2.0,2.0,1.0
035_C205,35,C,6,8,OPTIMAL,410.4096,6,5,5,0,1,0.8333,397.3862,0.0,13.0234,80,2.0,2.0,1.0
035_C205,35,C,6,9,OPTIMAL,713.807,6,6,6,0,0,1.0,713.807,0.0,0.0,80,2.0,2.0,1.0
035_C205,35,C,9,0,OPTIMAL,836.7603,9,6,6,0,3,0.6667,793.3462,0.0,43.4141,80,2.0,2.0,1.0
035_C205,35,C,9,1,OPTIMAL,735.5835,9,7,7,0,2,0.7778,724.7447,0.0,10.8388,80,2.0,2.0,1.0
035_C205,35,C,9,2,OPTIMAL,753.1399,9,7,5,2,2,0.7778,713.042,0.0,40.0979,80,2.0,2.0,1.0
035_C205,35,C,9,3,OPTIMAL,1156.4338,9,9,9,0,0,1.0,1156.4338,0.0,0.0,80,2.0,2.0,1.0
035_C205,35,C,9,4,OPTIMAL,780.5286,9,7,6,1,2,0.7778,767.4588,0.0,13.0698,80,2.0,2.0,1.0
035_C205,35,C,9,5,OPTIMAL,690.0321,9,6,6,0,3,0.6667,653.0444,0.0,36.9877,80,2.0,2.0,1.0
035_C205,35,C,9,6,OPTIMAL,850.8372,9,8,7,1,1,0.8889,834.658,0.0,16.1791,80,2.0,2.0,1.0
035_C205,35,C,9,7,OPTIMAL,623.7249,9,5,5,0,4,0.5556,587.7532,0.0,35.9718,80,2.0,2.0,1.0
035_C205,35,C,9,8,OPTIMAL,925.6251,9,7,7,0,2,0.7778,886.6875,0.0,38.9376,80,2.0,2.0,1.0
035_C205,35,C,9,9,OPTIMAL,887.814,9,7,7,0,2,0.7778,879.8105,0.0,8.0035,80,2.0,2.0,1.0
035_C206,35,C,3,0,OPTIMAL,343.5646,3,3,3,0,0,1.0,343.5646,0.0,0.0,80,2.0,2.0,1.0
035_C206,35,C,3,1,OPTIMAL,256.5048,3,3,3,0,0,1.0,256.5048,0.0,0.0,80,2.0,2.0,1.0
035_C206,35,C,3,2,OPTIMAL,333.4395,3,3,2,1,0,1.0,333.4395,0.0,0.0,80,2.0,2.0,1.0
035_C206,35,C,3,3,OPTIMAL,344.7999,3,3,3,0,0,1.0,344.7999,0.0,0.0,80,2.0,2.0,1.0
035_C206,35,C,3,4,OPTIMAL,354.4814,3,3,3,0,0,1.0,354.4814,0.0,0.0,80,2.0,2.0,1.0
035_C206,35,C,3,5,OPTIMAL,253.9113,3,2,2,0,1,0.6667,200.315,0.0,53.5962,80,2.0,2.0,1.0
035_C206,35,C,3,6,OPTIMAL,246.2693,3,3,2,1,0,1.0,246.2693,0.0,0.0,80,2.0,2.0,1.0
035_C206,35,C,3,7,OPTIMAL,116.9403,3,2,2,0,1,0.6667,110.5834,0.0,6.3568,80,2.0,2.0,1.0
035_C206,35,C,3,8,OPTIMAL,229.9315,3,2,2,0,1,0.6667,194.3649,0.0,35.5667,80,2.0,2.0,1.0
035_C206,35,C,3,9,OPTIMAL,174.1418,3,2,1,1,1,0.6667,151.2583,0.0,22.8835,80,2.0,2.0,1.0
035_C206,35,C,6,0,OPTIMAL,507.4537,6,4,4,0,2,0.6667,472.4302,0.0,35.0235,80,2.0,2.0,1.0
035_C206,35,C,6,1,OPTIMAL,446.9673,6,5,5,0,1,0.8333,434.9192,0.0,12.0481,80,2.0,2.0,1.0
035_C206,35,C,6,2,OPTIMAL,607.0531,6,5,5,0,1,0.8333,587.4202,0.0,19.633,80,2.0,2.0,1.0
035_C206,35,C,6,3,OPTIMAL,417.5042,6,3,3,0,3,0.5,400.185,0.0,17.3192,80,2.0,2.0,1.0
035_C206,35,C,6,4,OPTIMAL,664.5648,6,6,6,0,0,1.0,664.5648,0.0,0.0,80,2.0,2.0,1.0
035_C206,35,C,6,5,OPTIMAL,479.1495,6,5,5,0,1,0.8333,445.5446,0.0,33.6049,80,2.0,2.0,1.0
035_C206,35,C,6,6,OPTIMAL,758.3258,6,6,6,0,0,1.0,758.3258,0.0,0.0,80,2.0,2.0,1.0
035_C206,35,C,6,7,OPTIMAL,520.2032,6,5,4,1,1,0.8333,491.1975,0.0,29.0057,80,2.0,2.0,1.0
035_C206,35,C,6,8,OPTIMAL,536.3958,6,6,5,1,0,1.0,536.3958,0.0,0.0,80,2.0,2.0,1.0
035_C206,35,C,6,9,OPTIMAL,713.807,6,6,5,1,0,1.0,713.807,0.0,0.0,80,2.0,2.0,1.0
035_C206,35,C,9,0,OPTIMAL,1003.622,9,9,9,0,0,1.0,1003.622,0.0,0.0,80,2.0,2.0,1.0
035_C206,35,C,9,1,OPTIMAL,741.5063,9,8,8,0,1,0.8889,735.3228,0.0,6.1834,80,2.0,2.0,1.0
035_C206,35,C,9,2,OPTIMAL,802.5764,9,8,8,0,1,0.8889,758.6453,0.0,43.9311,80,2.0,2.0,1.0
035_C206,35,C,9,3,OPTIMAL,977.5726,9,7,7,0,2,0.7778,915.3546,0.0,62.218,80,2.0,2.0,1.0
035_C206,35,C,9,4,OPTIMAL,687.0364,9,6,6,0,3,0.6667,620.3808,0.0,66.6555,80,2.0,2.0,1.0
035_C206,35,C,9,5,OPTIMAL,852.4005,9,8,7,1,1,0.8889,839.9504,0.0,12.4501,80,2.0,2.0,1.0
035_C206,35,C,9,6,OPTIMAL,905.607,9,8,8,0,1,0.8889,874.9462,0.0,30.6608,80,2.0,2.0,1.0
035_C206,35,C,9,7,OPTIMAL,799.7396,9,6,6,0,3,0.6667,793.8757,0.0,5.8639,80,2.0,2.0,1.0
035_C206,35,C,9,8,OPTIMAL,1016.883,9,8,7,1,1,0.8889,1008.1843,0.0,8.6987,80,2.0,2.0,1.0
035_C206,35,C,9,9,OPTIMAL,1042.9445,9,9,9,0,0,1.0,1042.9445,0.0,0.0,80,2.0,2.0,1.0
035_C207,35,C,3,0,OPTIMAL,330.1797,3,2,2,0,1,0.6667,217.2878,0.0,112.8919,80,2.0,2.0,1.0
035_C207,35,C,3,1,OPTIMAL,209.7849,3,2,2,0,1,0.6667,203.3132,0.0,6.4717,80,2.0,2.0,1.0
035_C207,35,C,3,2,OPTIMAL,333.4395,3,3,2,1,0,1.0,333.4395,0.0,0.0,80,2.0,2.0,1.0
035_C207,35,C,3,3,OPTIMAL,344.7999,3,3,3,0,0,1.0,344.7999,0.0,0.0,80,2.0,2.0,1.0
035_C207,35,C,3,4,OPTIMAL,354.4814,3,3,3,0,0,1.0,354.4814,0.0,0.0,80,2.0,2.0,1.0
035_C207,35,C,3,5,OPTIMAL,218.827,3,1,1,0,2,0.3333,144.983,0.0,73.844,80,2.0,2.0,1.0
035_C207,35,C,3,6,OPTIMAL,215.982,3,2,2,0,1,0.6667,206.9986,0.0,8.9835,80,2.0,2.0,1.0
035_C207,35,C,3,7,OPTIMAL,212.3089,3,3,2,1,0,1.0,212.3089,0.0,0.0,80,2.0,2.0,1.0
035_C207,35,C,3,8,OPTIMAL,306.1527,3,3,3,0,0,1.0,306.1527,0.0,0.0,80,2.0,2.0,1.0
035_C207,35,C,3,9,OPTIMAL,268.6082,3,3,2,1,0,1.0,268.6082,0.0,0.0,80,2.0,2.0,1.0
035_C207,35,C,6,0,OPTIMAL,619.9718,6,6,5,1,0,1.0,619.9718,0.0,0.0,80,2.0,2.0,1.0
035_C207,35,C,6,1,OPTIMAL,474.5538,6,5,5,0,1,0.8333,474.545,0.0,0.0088,80,2.0,2.0,1.0
035_C207,35,C,6,2,OPTIMAL,641.3372,6,6,6,0,0,1.0,641.3372,0.0,0.0,80,2.0,2.0,1.0
035_C207,35,C,6,3,OPTIMAL,471.8489,6,3,3,0,3,0.5,434.689,0.0,37.1599,80,2.0,2.0,1.0
035_C207,35,C,6,4,OPTIMAL,664.5648,6,6,6,0,0,1.0,664.5648,0.0,0.0,80,2.0,2.0,1.0
035_C207,35,C,6,5,OPTIMAL,582.8837,6,5,4,1,1,0.8333,487.6261,0.0,95.2576,80,2.0,2.0,1.0
035_C207,35,C,6,6,OPTIMAL,598.6447,6,5,5,0,1,0.8333,590.2247,0.0,8.42,80,2.0,2.0,1.0
035_C207,35,C,6,7,OPTIMAL,549.7054,6,6,5,1,0,1.0,549.7054,0.0,0.0,80,2.0,2.0,1.0
035_C207,35,C,6,8,OPTIMAL,415.0866,6,4,4,0,2,0.6667,380.781,0.0,34.3056,80,2.0,2.0,1.0
035_C207,35,C,6,9,OPTIMAL,665.4033,6,4,4,0,2,0.6667,590.7034,0.0,74.6999,80,2.0,2.0,1.0
035_C207,35,C,9,0,OPTIMAL,1003.622,9,9,9,0,0,1.0,1003.622,0.0,0.0,80,2.0,2.0,1.0
035_C207,35,C,9,1,OPTIMAL,820.5692,9,9,9,0,0,1.0,820.5692,0.0,0.0,80,2.0,2.0,1.0
035_C207,35,C,9,2,OPTIMAL,737.0952,9,7,5,2,2,0.7778,690.2193,0.0,46.8759,80,2.0,2.0,1.0
035_C207,35,C,9,3,OPTIMAL,1053.2717,9,8,7,1,1,0.8889,1041.3572,0.0,11.9145,80,2.0,2.0,1.0
035_C207,35,C,9,4,OPTIMAL,744.2992,9,7,6,1,2,0.7778,732.7672,0.0,11.532,80,2.0,2.0,1.0
035_C207,35,C,9,5,OPTIMAL,718.3273,9,8,7,1,1,0.8889,717.9631,0.0,0.3641,80,2.0,2.0,1.0
035_C207,35,C,9,6,OPTIMAL,738.5411,9,6,6,0,3,0.6667,720.8014,0.0,17.7397,80,2.0,2.0,1.0
035_C207,35,C,9,7,OPTIMAL,805.4269,9,7,7,0,2,0.7778,756.911,0.0,48.5159,80,2.0,2.0,1.0
035_C207,35,C,9,8,OPTIMAL,1061.7525,9,9,9,0,0,1.0,1061.7525,0.0,0.0,80,2.0,2.0,1.0
035_C207,35,C,9,9,OPTIMAL,1042.9445,9,9,9,0,0,1.0,1042.9445,0.0,0.0,80,2.0,2.0,1.0
035_C208,35,C,3,0,OPTIMAL,245.5388,3,2,2,0,1,0.6667,217.2878,0.0,28.251,80,2.0,2.0,1.0
035_C208,35,C,3,1,OPTIMAL,197.5208,3,2,1,1,1,0.6667,159.1484,0.0,38.3724,80,2.0,2.0,1.0
035_C208,35,C,3,2,OPTIMAL,333.4395,3,3,3,0,0,1.0,333.4395,0.0,0.0,80,2.0,2.0,1.0
035_C208,35,C,3,3,OPTIMAL,344.7999,3,3,3,0,0,1.0,344.7999,0.0,0.0,80,2.0,2.0,1.0
035_C208,35,C,3,4,OPTIMAL,354.4814,3,3,3,0,0,1.0,354.4814,0.0,0.0,80,2.0,2.0,1.0
035_C208,35,C,3,5,OPTIMAL,201.9376,3,1,1,0,2,0.3333,144.983,0.0,56.9546,80,2.0,2.0,1.0
035_C208,35,C,3,6,OPTIMAL,215.982,3,2,1,1,1,0.6667,206.9986,0.0,8.9835,80,2.0,2.0,1.0
035_C208,35,C,3,7,OPTIMAL,120.0862,3,2,2,0,1,0.6667,110.5834,0.0,9.5028,80,2.0,2.0,1.0
035_C208,35,C,3,8,OPTIMAL,306.1527,3,3,3,0,0,1.0,306.1527,0.0,0.0,80,2.0,2.0,1.0
035_C208,35,C,3,9,OPTIMAL,174.1418,3,2,2,0,1,0.6667,151.2583,0.0,22.8835,80,2.0,2.0,1.0
035_C208,35,C,6,0,OPTIMAL,575.3345,6,5,5,0,1,0.8333,530.6984,0.0,44.636,80,2.0,2.0,1.0
035_C208,35,C,6,1,OPTIMAL,485.2289,6,5,4,1,1,0.8333,474.545,0.0,10.6838,80,2.0,2.0,1.0
035_C208,35,C,6,2,OPTIMAL,527.3804,6,5,5,0,1,0.8333,502.6284,0.0,24.752,80,2.0,2.0,1.0
035_C208,35,C,6,3,OPTIMAL,573.682,6,4,4,0,2,0.6667,547.228,0.0,26.454,80,2.0,2.0,1.0
035_C208,35,C,6,4,OPTIMAL,664.5648,6,6,6,0,0,1.0,664.5648,0.0,0.0,80,2.0,2.0,1.0
035_C208,35,C,6,5,OPTIMAL,316.6095,6,3,3,0,3,0.5,294.8116,0.0,21.7979,80,2.0,2.0,1.0
035_C208,35,C,6,6,OPTIMAL,592.7538,6,5,5,0,1,0.8333,590.2247,0.0,2.5291,80,2.0,2.0,1.0
035_C208,35,C,6,7,OPTIMAL,470.0091,6,5,4,1,1,0.8333,451.453,0.0,18.5561,80,2.0,2.0,1.0
035_C208,35,C,6,8,OPTIMAL,318.0995,6,3,3,0,3,0.5,291.6493,0.0,26.4502,80,2.0,2.0,1.0
035_C208,35,C,6,9,OPTIMAL,713.807,6,6,5,1,0,1.0,713.807,0.0,0.0,80,2.0,2.0,1.0
035_C208,35,C,9,0,OPTIMAL,901.8387,9,8,7,1,1,0.8889,889.1255,0.0,12.7132,80,2.0,2.0,1.0
035_C208,35,C,9,1,OPTIMAL,678.2396,9,7,5,2,2,0.7778,629.964,0.0,48.2755,80,2.0,2.0,1.0
035_C208,35,C,9,2,OPTIMAL,821.7088,9,8,8,0,1,0.8889,819.7113,0.0,1.9974,80,2.0,2.0,1.0
035_C208,35,C,9,3,OPTIMAL,1156.4338,9,9,8,1,0,1.0,1156.4338,0.0,0.0,80,2.0,2.0,1.0
035_C208,35,C,9,4,OPTIMAL,523.9863,9,5,4,1,4,0.5556,497.2917,0.0,26.6946,80,2.0,2.0,1.0
035_C208,35,C,9,5,OPTIMAL,535.3432,9,6,6,0,3,0.6667,495.5574,0.0,39.7858,80,2.0,2.0,1.0
035_C208,35,C,9,6,OPTIMAL,629.1879,9,5,5,0,4,0.5556,587.8197,0.0,41.3682,80,2.0,2.0,1.0
035_C208,35,C,9,7,OPTIMAL,972.8308,9,9,9,0,0,1.0,972.8308,0.0,0.0,80,2.0,2.0,1.0
035_C208,35,C,9,8,OPTIMAL,1061.7525,9,9,8,1,0,1.0,1061.7525,0.0,0.0,80,2.0,2.0,1.0
035_C208,35,C,9,9,OPTIMAL,923.2785,9,8,8,0,1,0.8889,905.5006,0.0,17.7779,80,2.0,2.0,1.0
035_R101,35,R,3,0,OPTIMAL,178.7876,3,1,1,0,2,0.3333,151.3669,1.5216,25.899,80,2.0,2.0,1.0
035_R101,35,R,3,1,OPTIMAL,51.7277,3,0,0,0,3,0.0,0.0,0.0,51.7277,80,2.0,2.0,1.0
035_R101,35,R,3,2,OPTIMAL,267.7511,3,2,2,0,1,0.6667,267.6583,0.0,0.0927,80,2.0,2.0,1.0
035_R101,35,R,3,3,OPTIMAL,191.5217,3,1,1,0,2,0.3333,145.2068,0.0,46.3149,80,2.0,2.0,1.0
035_R101,35,R,3,4,OPTIMAL,307.16,3,2,2,0,1,0.6667,284.4795,0.0,22.6806,80,2.0,2.0,1.0
035_R101,35,R,3,5,OPTIMAL,121.1059,3,1,1,0,2,0.3333,121.0053,0.0,0.1007,80,2.0,2.0,1.0
035_R101,35,R,3,6,OPTIMAL,415.7217,3,3,3,0,0,1.0,415.7217,0.0,0.0,80,2.0,2.0,1.0
035_R101,35,R,3,7,OPTIMAL,40.3875,3,0,0,0,3,0.0,0.0,7.8723,32.5152,80,2.0,2.0,1.0
035_R101,35,R,3,8,OPTIMAL,195.4264,3,1,1,0,2,0.3333,126.8113,5.7338,62.8813,80,2.0,2.0,1.0
035_R101,35,R,3,9,OPTIMAL,283.9886,3,2,2,0,1,0.6667,282.8312,0.0,1.1574,80,2.0,2.0,1.0
035_R101,35,R,6,0,OPTIMAL,391.9433,6,3,3,0,3,0.5,380.0468,0.0,11.8965,80,2.0,2.0,1.0
035_R101,35,R,6,1,OPTIMAL,548.1109,6,4,4,0,2,0.6667,546.4492,0.0,1.6617,80,2.0,2.0,1.0
035_R101,35,R,6,2,OPTIMAL,425.2806,6,3,3,0,3,0.5,421.215,0.0,4.0656,80,2.0,2.0,1.0
035_R101,35,R,6,3,OPTIMAL,507.698,6,3,3,0,3,0.5,484.1273,0.0,23.5707,80,2.0,2.0,1.0
035_R101,35,R,6,4,OPTIMAL,405.5144,6,3,3,0,3,0.5,403.7426,0.0,1.7718,80,2.0,2.0,1.0
035_R101,35,R,6,5,OPTIMAL,316.0089,6,2,2,0,4,0.3333,293.2621,0.0,22.7468,80,2.0,2.0,1.0
035_R101,35,R,6,6,OPTIMAL,402.7817,6,3,3,0,3,0.5,387.6454,0.0,15.1364,80,2.0,2.0,1.0
035_R101,35,R,6,7,OPTIMAL,565.9055,6,4,4,0,2,0.6667,530.3373,5.5308,30.0375,80,2.0,2.0,1.0
035_R101,35,R,6,8,OPTIMAL,480.1769,6,3,3,0,3,0.5,460.7219,0.0,19.455,80,2.0,2.0,1.0
035_R101,35,R,6,9,OPTIMAL,593.0882,6,4,4,0,2,0.6667,563.703,0.0,29.3851,80,2.0,2.0,1.0
035_R101,35,R,9,0,OPTIMAL,697.6854,9,5,5,0,4,0.5556,648.5269,4.1947,44.9638,80,2.0,2.0,1.0
035_R101,35,R,9,1,OPTIMAL,713.4095,9,5,3,2,4,0.5556,575.632,20.8331,116.9443,80,2.0,2.0,1.0
035_R101,35,R,9,2,OPTIMAL,686.676,9,4,4,0,5,0.4444,616.4447,6.3514,63.8799,80,2.0,2.0,1.0
035_R101,35,R,9,3,OPTIMAL,602.2111,9,4,4,0,5,0.4444,556.4789,0.0,45.7323,80,2.0,2.0,1.0
035_R101,35,R,9,4,OPTIMAL,346.3394,9,2,2,0,7,0.2222,249.0829,14.7421,82.5144,80,2.0,2.0,1.0
035_R101,35,R,9,5,OPTIMAL,850.4154,9,6,6,0,3,0.6667,824.4357,0.0,25.9798,80,2.0,2.0,1.0
035_R101,35,R,9,6,OPTIMAL,753.5208,9,5,5,0,4,0.5556,642.9233,22.6495,87.948,80,2.0,2.0,1.0
035_R101,35,R,9,7,OPTIMAL,292.3864,9,2,2,0,7,0.2222,254.4717,0.0,37.9147,80,2.0,2.0,1.0
035_R101,35,R,9,8,OPTIMAL,748.6023,9,6,5,1,3,0.6667,743.31,0.0,5.2923,80,2.0,2.0,1.0
035_R101,35,R,9,9,OPTIMAL,896.2967,9,7,6,1,2,0.7778,868.1781,1.6782,26.4405,80,2.0,2.0,1.0
035_R102,35,R,3,0,OPTIMAL,156.9753,3,1,0,1,2,0.3333,151.3669,0.0,5.6084,80,2.0,2.0,1.0
035_R102,35,R,3,1,OPTIMAL,43.9884,3,0,0,0,3,0.0,0.0,0.0,43.9884,80,2.0,2.0,1.0
035_R102,35,R,3,2,OPTIMAL,267.9365,3,2,0,2,1,0.6667,267.6583,0.0,0.2782,80,2.0,2.0,1.0
035_R102,35,R,3,3,OPTIMAL,171.6611,3,1,0,1,2,0.3333,145.2068,0.0,26.4543,80,2.0,2.0,1.0
035_R102,35,R,3,4,OPTIMAL,88.8296,3,0,0,0,3,0.0,0.0,10.1937,78.636,80,2.0,2.0,1.0
035_R102,35,R,3,5,OPTIMAL,145.409,3,1,0,1,2,0.3333,127.0498,0.0,18.3592,80,2.0,2.0,1.0
035_R102,35,R,3,6,OPTIMAL,185.5336,3,1,0,1,2,0.3333,137.1924,0.0,48.3411,80,2.0,2.0,1.0
035_R102,35,R,3,7,OPTIMAL,9.889,3,0,0,0,3,0.0,0.0,0.0,9.889,80,2.0,2.0,1.0
035_R102,35,R,3,8,OPTIMAL,30.886,3,0,0,0,3,0.0,0.0,0.0,30.886,80,2.0,2.0,1.0
035_R102,35,R,3,9,OPTIMAL,146.0971,3,1,0,1,2,0.3333,143.6875,0.0,2.4096,80,2.0,2.0,1.0
035_R102,35,R,6,0,OPTIMAL,240.5342,6,1,0,1,5,0.1667,133.7302,39.4106,67.3934,80,2.0,2.0,1.0
035_R102,35,R,6,1,OPTIMAL,557.952,6,3,1,2,3,0.5,460.895,20.1216,76.9354,80,2.0,2.0,1.0
035_R102,35,R,6,2,OPTIMAL,416.443,6,2,1,1,4,0.3333,294.3725,51.6934,70.3772,80,2.0,2.0,1.0
035_R102,35,R,6,3,OPTIMAL,310.2156,6,1,1,0,5,0.1667,184.736,10.597,114.8826,80,2.0,2.0,1.0
035_R102,35,R,6,4,OPTIMAL,441.3067,6,3,0,3,3,0.5,382.8358,0.0,58.4709,80,2.0,2.0,1.0
035_R102,35,R,6,5,OPTIMAL,309.4128,6,2,1,1,4,0.3333,293.2621,0.0,16.1507,80,2.0,2.0,1.0
035_R102,35,R,6,6,OPTIMAL,440.318,6,2,0,2,4,0.3333,264.3805,50.2756,125.6619,80,2.0,2.0,1.0
035_R102,35,R,6,7,OPTIMAL,507.5355,6,2,1,1,4,0.3333,314.3745,59.4761,133.6848,80,2.0,2.0,1.0
035_R102,35,R,6,8,OPTIMAL,372.1821,6,2,2,0,4,0.3333,335.9826,0.0,36.1995,80,2.0,2.0,1.0
035_R102,35,R,6,9,OPTIMAL,488.0048,6,3,1,2,3,0.5,420.9806,0.0,67.0242,80,2.0,2.0,1.0
035_R102,35,R,9,0,OPTIMAL,434.96,9,2,0,2,7,0.2222,292.5269,17.4828,124.9503,80,2.0,2.0,1.0
035_R102,35,R,9,1,OPTIMAL,366.8099,9,2,1,1,7,0.2222,288.371,0.0,78.4389,80,2.0,2.0,1.0
035_R102,35,R,9,2,OPTIMAL,665.1336,9,2,2,0,7,0.2222,351.9143,110.7401,202.4792,80,2.0,2.0,1.0
035_R102,35,R,9,3,OPTIMAL,603.7044,9,2,0,2,7,0.2222,280.9995,76.6901,246.0148,80,2.0,2.0,1.0
035_R102,35,R,9,4,OPTIMAL,56.6644,9,0,0,0,9,0.0,0.0,0.0,56.6644,80,2.0,2.0,1.0
035_R102,35,R,9,5,OPTIMAL,504.6142,9,2,1,1,7,0.2222,318.2662,34.6,151.7481,80,2.0,2.0,1.0
035_R102,35,R,9,6,OPTIMAL,452.7416,9,2,1,1,7,0.2222,310.2566,42.7101,99.7749,80,2.0,2.0,1.0
035_R102,35,R,9,7,OPTIMAL,195.4759,9,1,0,1,8,0.1111,122.8947,0.0,72.5812,80,2.0,2.0,1.0
035_R102,35,R,9,8,OPTIMAL,571.3662,9,4,1,3,5,0.4444,538.6641,0.0,32.7021,80,2.0,2.0,1.0
035_R102,35,R,9,9,OPTIMAL,595.6187,9,2,0,2,7,0.2222,283.4129,84.4251,227.7807,80,2.0,2.0,1.0
035_R103,35,R,3,0,OPTIMAL,156.7311,3,1,0,1,2,0.3333,151.3669,0.0,5.3642,80,2.0,2.0,1.0
035_R103,35,R,3,1,OPTIMAL,48.735,3,0,0,0,3,0.0,0.0,0.0,48.735,80,2.0,2.0,1.0
035_R103,35,R,3,2,OPTIMAL,246.9369,3,1,0,1,2,0.3333,136.1492,45.8296,64.9581,80,2.0,2.0,1.0
035_R103,35,R,3,3,OPTIMAL,39.4522,3,0,0,0,3,0.0,0.0,0.0,39.4522,80,2.0,2.0,1.0
035_R103,35,R,3,4,OPTIMAL,191.5167,3,1,0,1,2,0.3333,150.5187,0.0,40.998,80,2.0,2.0,1.0
035_R103,35,R,3,5,OPTIMAL,127.8331,3,1,0,1,2,0.3333,127.0498,0.0,0.7832,80,2.0,2.0,1.0
035_R103,35,R,3,6,OPTIMAL,182.0507,3,1,0,1,2,0.3333,137.1924,0.0,44.8583,80,2.0,2.0,1.0
035_R103,35,R,3,7,OPTIMAL,9.4103,3,0,0,0,3,0.0,0.0,0.0,9.4103,80,2.0,2.0,1.0
035_R103,35,R,3,8,OPTIMAL,16.9373,3,0,0,0,3,0.0,0.0,0.0,16.9373,80,2.0,2.0,1.0
035_R103,35,R,3,9,OPTIMAL,147.2544,3,1,0,1,2,0.3333,143.6875,0.0,3.5669,80,2.0,2.0,1.0
035_R103,35,R,6,0,OPTIMAL,140.6595,6,0,0,0,6,0.0,0.0,54.5807,86.0788,80,2.0,2.0,1.0
035_R103,35,R,6,1,OPTIMAL,516.6604,6,3,1,2,3,0.5,460.895,12.3618,43.4036,80,2.0,2.0,1.0
035_R103,35,R,6,2,OPTIMAL,264.875,6,1,1,0,5,0.1667,170.3912,32.211,62.2728,80,2.0,2.0,1.0
035_R103,35,R,6,3,OPTIMAL,411.1462,6,2,2,0,4,0.3333,343.3135,4.9572,62.8755,80,2.0,2.0,1.0
035_R103,35,R,6,4,OPTIMAL,419.8916,6,2,0,2,4,0.3333,257.1812,43.8256,118.8847,80,2.0,2.0,1.0
035_R103,35,R,6,5,OPTIMAL,268.2089,6,1,1,0,5,0.1667,173.1706,29.1009,65.9375,80,2.0,2.0,1.0
035_R103,35,R,6,6,OPTIMAL,398.7881,6,2,0,2,4,0.3333,264.3805,32.2707,102.137,80,2.0,2.0,1.0
035_R103,35,R,6,7,OPTIMAL,367.7694,6,2,1,1,4,0.3333,314.3745,5.0127,48.3822,80,2.0,2.0,1.0
035_R103,35,R,6,8,OPTIMAL,455.2309,6,2,2,0,4,0.3333,335.9826,37.9742,81.2741,80,2.0,2.0,1.0
035_R103,35,R,6,9,OPTIMAL,438.0359,6,1,1,0,5,0.1667,168.4907,88.5818,180.9634,80,2.0,2.0,1.0
035_R103,35,R,9,0,OPTIMAL,343.9748,9,2,0,2,7,0.2222,292.5269,0.0849,51.363,80,2.0,2.0,1.0
035_R103,35,R,9,1,OPTIMAL,505.3065,9,3,1,2,6,0.3333,457.1807,0.0,48.1258,80,2.0,2.0,1.0
035_R103,35,R,9,2,OPTIMAL,511.3762,9,2,2,0,7,0.2222,351.9143,54.8463,104.6156,80,2.0,2.0,1.0
035_R103,35,R,9,3,OPTIMAL,583.3047,9,3,0,3,6,0.3333,425.6074,41.2564,116.4409,80,2.0,2.0,1.0
035_R103,35,R,9,4,OPTIMAL,25.0062,9,0,0,0,9,0.0,0.0,0.0,25.0062,80,2.0,2.0,1.0
035_R103,35,R,9,5,OPTIMAL,411.3991,9,2,1,1,7,0.2222,318.2662,3.4967,89.6362,80,2.0,2.0,1.0
035_R103,35,R,9,6,OPTIMAL,346.63,9,2,1,1,7,0.2222,310.2566,1.5666,34.8068,80,2.0,2.0,1.0
035_R103,35,R,9,7,OPTIMAL,167.6454,9,0,0,0,9,0.0,0.0,38.6376,129.0078,80,2.0,2.0,1.0
035_R103,35,R,9,8,OPTIMAL,507.5917,9,3,1,2,6,0.3333,420.3826,27.351,59.858,80,2.0,2.0,1.0
035_R103,35,R,9,9,OPTIMAL,568.5746,9,3,0,3,6,0.3333,407.9587,29.5252,131.0907,80,2.0,2.0,1.0
035_R105,35,R,3,0,OPTIMAL,190.4547,3,1,1,0,2,0.3333,151.3669,0.0,39.0877,80,2.0,2.0,1.0
035_R105,35,R,3,1,OPTIMAL,57.3466,3,0,0,0,3,0.0,0.0,0.0,57.3466,80,2.0,2.0,1.0
035_R105,35,R,3,2,OPTIMAL,145.2468,3,1,1,0,2,0.3333,131.5091,0.0,13.7377,80,2.0,2.0,1.0
035_R105,35,R,3,3,OPTIMAL,192.4378,3,1,1,0,2,0.3333,145.2068,0.0,47.231,80,2.0,2.0,1.0
035_R105,35,R,3,4,OPTIMAL,166.8399,3,0,0,0,3,0.0,0.0,0.0,166.8399,80,2.0,2.0,1.0
035_R105,35,R,3,5,OPTIMAL,121.1059,3,1,1,0,2,0.3333,121.0053,0.0,0.1007,80,2.0,2.0,1.0
035_R105,35,R,3,6,OPTIMAL,217.4365,3,1,1,0,2,0.3333,141.7924,0.0,75.6441,80,2.0,2.0,1.0
035_R105,35,R,3,7,OPTIMAL,52.0545,3,0,0,0,3,0.0,0.0,0.0,52.0545,80,2.0,2.0,1.0
035_R105,35,R,3,8,OPTIMAL,200.0509,3,1,1,0,2,0.3333,126.8113,0.0,73.2396,80,2.0,2.0,1.0
035_R105,35,R,3,9,OPTIMAL,159.5518,3,1,1,0,2,0.3333,139.1437,0.0,20.4081,80,2.0,2.0,1.0
035_R105,35,R,6,0,OPTIMAL,350.114,6,2,2,0,4,0.3333,274.7799,0.0,75.3341,80,2.0,2.0,1.0
035_R105,35,R,6,1,OPTIMAL,421.139,6,2,2,0,4,0.3333,322.4065,0.0,98.7325,80,2.0,2.0,1.0
035_R105,35,R,6,2,OPTIMAL,420.4256,6,2,2,0,4,0.3333,297.2337,0.0,123.192,80,2.0,2.0,1.0
035_R105,35,R,6,3,OPTIMAL,443.2609,6,2,2,0,4,0.3333,343.3135,0.0,99.9475,80,2.0,2.0,1.0
035_R105,35,R,6,4,OPTIMAL,333.564,6,2,2,0,4,0.3333,271.17,0.0,62.3941,80,2.0,2.0,1.0
035_R105,35,R,6,5,OPTIMAL,321.7658,6,2,1,1,4,0.3333,293.2621,0.0,28.5037,80,2.0,2.0,1.0
035_R105,35,R,6,6,OPTIMAL,220.9288,6,1,0,1,5,0.1667,118.1766,0.0,102.7522,80,2.0,2.0,1.0
035_R105,35,R,6,7,OPTIMAL,401.489,6,2,2,0,4,0.3333,291.855,0.0,109.634,80,2.0,2.0,1.0
035_R105,35,R,6,8,OPTIMAL,487.619,6,3,3,0,3,0.5,460.7219,0.0,26.8971,80,2.0,2.0,1.0
035_R105,35,R,6,9,OPTIMAL,523.9811,6,3,2,1,3,0.5,420.9806,0.0,103.0005,80,2.0,2.0,1.0
035_R105,35,R,9,0,OPTIMAL,464.4465,9,2,2,0,7,0.2222,271.8167,0.0,192.6298,80,2.0,2.0,1.0
035_R105,35,R,9,1,OPTIMAL,605.2965,9,3,3,0,6,0.3333,441.3863,0.0,163.9103,80,2.0,2.0,1.0
035_R105,35,R,9,2,OPTIMAL,628.1715,9,3,3,0,6,0.3333,482.8131,0.0,145.3584,80,2.0,2.0,1.0
035_R105,35,R,9,3,OPTIMAL,497.5866,9,2,2,0,7,0.2222,287.297,0.0,210.2896,80,2.0,2.0,1.0
035_R105,35,R,9,4,OPTIMAL,352.2181,9,2,2,0,7,0.2222,249.0829,0.0,103.1352,80,2.0,2.0,1.0
035_R105,35,R,9,5,OPTIMAL,730.0622,9,4,4,0,5,0.4444,597.3539,0.0,132.7084,80,2.0,2.0,1.0
035_R105,35,R,9,6,OPTIMAL,596.2722,9,4,2,2,5,0.4444,499.3328,0.0,96.9394,80,2.0,2.0,1.0
035_R105,35,R,9,7,OPTIMAL,231.6052,9,1,0,1,8,0.1111,122.8947,0.0,108.7105,80,2.0,2.0,1.0
035_R105,35,R,9,8,OPTIMAL,692.0758,9,4,4,0,5,0.4444,557.8359,0.0,134.2399,80,2.0,2.0,1.0
035_R105,35,R,9,9,OPTIMAL,620.5435,9,3,2,1,6,0.3333,396.0095,0.0,224.5339,80,2.0,2.0,1.0
035_R106,35,R,3,0,OPTIMAL,154.5615,3,1,0,1,2,0.3333,151.3669,0.0,3.1946,80,2.0,2.0,1.0
035_R106,35,R,3,1,OPTIMAL,67.3143,3,0,0,0,3,0.0,0.0,0.0,67.3143,80,2.0,2.0,1.0
035_R106,35,R,3,2,OPTIMAL,122.3238,3,0,0,0,3,0.0,0.0,29.0343,93.2895,80,2.0,2.0,1.0
035_R106,35,R,3,3,OPTIMAL,151.0289,3,0,0,0,3,0.0,0.0,26.0244,125.0045,80,2.0,2.0,1.0
035_R106,35,R,3,4,OPTIMAL,107.5088,3,0,0,0,3,0.0,0.0,0.0,107.5088,80,2.0,2.0,1.0
035_R106,35,R,3,5,OPTIMAL,109.4298,3,0,0,0,3,0.0,0.0,18.0866,91.3432,80,2.0,2.0,1.0
035_R106,35,R,3,6,OPTIMAL,214.7724,3,1,0,1,2,0.3333,141.7924,0.0,72.98,80,2.0,2.0,1.0
035_R106,35,R,3,7,OPTIMAL,9.2512,3,0,0,0,3,0.0,0.0,0.0,9.2512,80,2.0,2.0,1.0
035_R106,35,R,3,8,OPTIMAL,58.8131,3,0,0,0,3,0.0,0.0,0.0,58.8131,80,2.0,2.0,1.0
035_R106,35,R,3,9,OPTIMAL,158.53,3,1,0,1,2,0.3333,139.1437,0.0,19.3863,80,2.0,2.0,1.0
035_R106,35,R,6,0,OPTIMAL,308.5267,6,1,0,1,5,0.1667,141.0497,21.0646,146.4124,80,2.0,2.0,1.0
035_R106,35,R,6,1,OPTIMAL,402.9251,6,2,2,0,4,0.3333,322.4065,0.0,80.5186,80,2.0,2.0,1.0
035_R106,35,R,6,2,OPTIMAL,294.1201,6,1,1,0,5,0.1667,170.3912,8.5811,115.1479,80,2.0,2.0,1.0
035_R106,35,R,6,3,OPTIMAL,345.398,6,1,1,0,5,0.1667,184.736,0.0,160.662,80,2.0,2.0,1.0
035_R106,35,R,6,4,OPTIMAL,287.3328,6,1,0,1,5,0.1667,145.5154,0.0,141.8175,80,2.0,2.0,1.0
035_R106,35,R,6,5,OPTIMAL,244.1151,6,1,1,0,5,0.1667,173.1706,3.1948,67.7497,80,2.0,2.0,1.0
035_R106,35,R,6,6,OPTIMAL,144.4943,6,0,0,0,6,0.0,0.0,0.0,144.4943,80,2.0,2.0,1.0
035_R106,35,R,6,7,OPTIMAL,343.4507,6,1,1,0,5,0.1667,166.2407,6.9267,170.2833,80,2.0,2.0,1.0
035_R106,35,R,6,8,OPTIMAL,459.6673,6,2,2,0,4,0.3333,335.9826,13.4399,110.2448,80,2.0,2.0,1.0
035_R106,35,R,6,9,OPTIMAL,422.1833,6,1,1,0,5,0.1667,168.4907,35.04,218.6526,80,2.0,2.0,1.0
035_R106,35,R,9,0,OPTIMAL,380.7417,9,1,0,1,8,0.1111,151.9896,15.3777,213.3744,80,2.0,2.0,1.0
035_R106,35,R,9,1,OPTIMAL,537.7699,9,2,1,1,7,0.2222,320.5673,17.727,199.4757,80,2.0,2.0,1.0
035_R106,35,R,9,2,OPTIMAL,542.9052,9,2,2,0,7,0.2222,351.9143,12.2344,178.7565,80,2.0,2.0,1.0
035_R106,35,R,9,3,OPTIMAL,348.1321,9,1,0,1,8,0.1111,150.9542,0.0,197.178,80,2.0,2.0,1.0
035_R106,35,R,9,4,OPTIMAL,163.5313,9,0,0,0,9,0.0,0.0,14.7361,148.7952,80,2.0,2.0,1.0
035_R106,35,R,9,5,OPTIMAL,617.057,9,3,1,2,6,0.3333,462.2608,0.0,154.7961,80,2.0,2.0,1.0
035_R106,35,R,9,6,OPTIMAL,369.1785,9,1,1,0,8,0.1111,166.6661,7.6193,194.8931,80,2.0,2.0,1.0
035_R106,35,R,9,7,OPTIMAL,142.6489,9,0,0,0,9,0.0,0.0,0.0,142.6489,80,2.0,2.0,1.0
035_R106,35,R,9,8,OPTIMAL,495.6045,9,2,1,1,7,0.2222,313.1728,10.7527,171.679,80,2.0,2.0,1.0
035_R106,35,R,9,9,OPTIMAL,410.8731,9,1,0,1,8,0.1111,154.3852,0.0,256.488,80,2.0,2.0,1.0
035_R109,35,R,3,0,OPTIMAL,179.8987,3,1,1,0,2,0.3333,151.3669,0.0,28.5318,80,2.0,2.0,1.0
035_R109,35,R,3,1,OPTIMAL,19.9365,3,0,0,0,3,0.0,0.0,0.0,19.9365,80,2.0,2.0,1.0
035_R109,35,R,3,2,OPTIMAL,131.6024,3,1,0,1,2,0.3333,131.5091,0.0,0.0932,80,2.0,2.0,1.0
035_R109,35,R,3,3,OPTIMAL,145.7776,3,1,1,0,2,0.3333,145.2068,0.0,0.5708,80,2.0,2.0,1.0
035_R109,35,R,3,4,OPTIMAL,104.3412,3,0,0,0,3,0.0,0.0,0.0,104.3412,80,2.0,2.0,1.0
035_R109,35,R,3,5,OPTIMAL,0.9323,3,0,0,0,3,0.0,0.0,0.0,0.9323,80,2.0,2.0,1.0
035_R109,35,R,3,6,OPTIMAL,168.4685,3,1,0,1,2,0.3333,141.7924,0.0,26.6761,80,2.0,2.0,1.0
035_R109,35,R,3,7,OPTIMAL,34.946,3,0,0,0,3,0.0,0.0,0.0,34.946,80,2.0,2.0,1.0
035_R109,35,R,3,8,OPTIMAL,144.6752,3,0,0,0,3,0.0,0.0,0.0,144.6752,80,2.0,2.0,1.0
035_R109,35,R,3,9,OPTIMAL,283.1212,3,2,0,2,1,0.6667,282.8312,0.0,0.29,80,2.0,2.0,1.0
035_R109,35,R,6,0,OPTIMAL,217.6465,6,1,0,1,5,0.1667,141.0497,0.0,76.5968,80,2.0,2.0,1.0
035_R109,35,R,6,1,OPTIMAL,325.2242,6,2,2,0,4,0.3333,322.4065,0.0,2.8177,80,2.0,2.0,1.0
035_R109,35,R,6,2,OPTIMAL,266.6116,6,1,1,0,5,0.1667,170.3912,0.0,96.2204,80,2.0,2.0,1.0
035_R109,35,R,6,3,OPTIMAL,374.5068,6,2,2,0,4,0.3333,343.3135,0.0,31.1933,80,2.0,2.0,1.0
035_R109,35,R,6,4,OPTIMAL,245.4723,6,1,0,1,5,0.1667,145.5154,0.0,99.9569,80,2.0,2.0,1.0
035_R109,35,R,6,5,OPTIMAL,249.1985,6,1,1,0,5,0.1667,173.1706,0.0,76.028,80,2.0,2.0,1.0
035_R109,35,R,6,6,OPTIMAL,239.0515,6,1,0,1,5,0.1667,128.0872,0.0,110.9643,80,2.0,2.0,1.0
035_R109,35,R,6,7,OPTIMAL,397.9593,6,2,2,0,4,0.3333,314.3745,0.0,83.5847,80,2.0,2.0,1.0
035_R109,35,R,6,8,OPTIMAL,483.3072,6,3,2,1,3,0.5,460.7219,0.0,22.5853,80,2.0,2.0,1.0
035_R109,35,R,6,9,OPTIMAL,423.8596,6,2,1,1,4,0.3333,305.1376,0.0,118.722,80,2.0,2.0,1.0
035_R109,35,R,9,0,OPTIMAL,346.5125,9,2,1,1,7,0.2222,292.5269,0.0,53.9856,80,2.0,2.0,1.0
035_R109,35,R,9,1,OPTIMAL,373.2661,9,2,2,0,7,0.2222,320.5673,0.0,52.6988,80,2.0,2.0,1.0
035_R109,35,R,9,2,OPTIMAL,505.2712,9,2,2,0,7,0.2222,351.9143,0.0,153.3569,80,2.0,2.0,1.0
035_R109,35,R,9,3,OPTIMAL,338.2489,9,1,1,0,8,0.1111,150.9542,0.0,187.2948,80,2.0,2.0,1.0
035_R109,35,R,9,4,OPTIMAL,93.6036,9,0,0,0,9,0.0,0.0,0.0,93.6036,80,2.0,2.0,1.0
035_R109,35,R,9,5,OPTIMAL,629.2244,9,3,2,1,6,0.3333,462.2608,0.0,166.9636,80,2.0,2.0,1.0
035_R109,35,R,9,6,OPTIMAL,373.1424,9,2,1,1,7,0.2222,310.2566,0.0,62.8857,80,2.0,2.0,1.0
035_R109,35,R,9,7,OPTIMAL,65.5387,9,0,0,0,9,0.0,0.0,0.0,65.5387,80,2.0,2.0,1.0
035_R109,35,R,9,8,OPTIMAL,424.2112,9,2,1,1,7,0.2222,313.1728,0.0,111.0384,80,2.0,2.0,1.0
035_R109,35,R,9,9,OPTIMAL,466.0645,9,2,1,1,7,0.2222,283.4129,0.0,182.6516,80,2.0,2.0,1.0
035_R201,35,R,3,0,OPTIMAL,137.3064,3,1,0,1,2,0.3333,111.6121,0.0,25.6943,80,2.0,2.0,1.0
035_R201,35,R,3,1,OPTIMAL,155.4128,3,1,1,0,2,0.3333,126.2764,0.0,29.1364,80,2.0,2.0,1.0
035_R201,35,R,3,2,OPTIMAL,127.0974,3,0,0,0,3,0.0,0.0,0.0,127.0974,80,2.0,2.0,1.0
035_R201,35,R,3,3,OPTIMAL,111.3184,3,1,0,1,2,0.3333,96.622,0.0,14.6964,80,2.0,2.0,1.0
035_R201,35,R,3,4,OPTIMAL,306.3559,3,2,2,0,1,0.6667,284.4795,0.0,21.8764,80,2.0,2.0,1.0
035_R201,35,R,3,5,OPTIMAL,279.8288,3,2,2,0,1,0.6667,248.0551,0.0,31.7737,80,2.0,2.0,1.0
035_R201,35,R,3,6,OPTIMAL,352.7839,3,2,2,0,1,0.6667,278.5293,0.0,74.2546,80,2.0,2.0,1.0
035_R201,35,R,3,7,OPTIMAL,92.2365,3,1,0,1,2,0.3333,41.1637,0.0,51.0728,80,2.0,2.0,1.0
035_R201,35,R,3,8,OPTIMAL,220.913,3,2,2,0,1,0.6667,204.1966,0.0,16.7164,80,2.0,2.0,1.0
035_R201,35,R,3,9,OPTIMAL,112.1812,3,0,0,0,3,0.0,0.0,0.0,112.1812,80,2.0,2.0,1.0
035_R201,35,R,6,0,OPTIMAL,435.8434,6,3,3,0,3,0.5,250.0405,0.0,185.8029,80,2.0,2.0,1.0
035_R201,35,R,6,1,OPTIMAL,547.4561,6,4,4,0,2,0.6667,506.181,0.0,41.2751,80,2.0,2.0,1.0
035_R201,35,R,6,2,OPTIMAL,424.4573,6,3,2,1,3,0.5,393.5831,0.0,30.8742,80,2.0,2.0,1.0
035_R201,35,R,6,3,OPTIMAL,578.6103,6,4,3,1,2,0.6667,574.5563,0.0,4.054,80,2.0,2.0,1.0
035_R201,35,R,6,4,OPTIMAL,342.2897,6,2,0,2,4,0.3333,258.2273,0.0,84.0625,80,2.0,2.0,1.0
035_R201,35,R,6,5,OPTIMAL,469.2317,6,3,3,0,3,0.5,335.3173,0.0,133.9143,80,2.0,2.0,1.0
035_R201,35,R,6,6,OPTIMAL,494.7461,6,4,4,0,2,0.6667,461.9334,0.0,32.8126,80,2.0,2.0,1.0
035_R201,35,R,6,7,OPTIMAL,517.1678,6,3,3,0,3,0.5,439.9889,0.0,77.1789,80,2.0,2.0,1.0
035_R201,35,R,6,8,OPTIMAL,484.1678,6,4,3,1,2,0.6667,448.5396,0.0,35.6282,80,2.0,2.0,1.0
035_R201,35,R,6,9,OPTIMAL,531.2887,6,3,3,0,3,0.5,447.86,0.0,83.4287,80,2.0,2.0,1.0
035_R201,35,R,9,0,OPTIMAL,818.8312,9,6,5,1,3,0.6667,742.8562,0.0,75.975,80,2.0,2.0,1.0
035_R201,35,R,9,1,OPTIMAL,717.6399,9,5,5,0,4,0.5556,644.1618,0.0,73.4781,80,2.0,2.0,1.0
035_R201,35,R,9,2,OPTIMAL,860.3323,9,6,6,0,3,0.6667,837.0775,0.0,23.2549,80,2.0,2.0,1.0
035_R201,35,R,9,3,OPTIMAL,507.7386,9,3,3,0,6,0.3333,364.5832,0.0,143.1554,80,2.0,2.0,1.0
035_R201,35,R,9,4,OPTIMAL,454.6641,9,4,4,0,5,0.4444,379.852,0.0,74.812,80,2.0,2.0,1.0
035_R201,35,R,9,5,OPTIMAL,646.0911,9,6,6,0,3,0.6667,623.7676,0.0,22.3234,80,2.0,2.0,1.0
035_R201,35,R,9,6,OPTIMAL,518.8254,9,3,3,0,6,0.3333,347.8457,0.0,170.9797,80,2.0,2.0,1.0
035_R201,35,R,9,7,OPTIMAL,405.9439,9,3,2,1,6,0.3333,346.7451,0.0,59.1988,80,2.0,2.0,1.0
035_R201,35,R,9,8,OPTIMAL,654.4728,9,4,4,0,5,0.4444,557.8359,0.0,96.6369,80,2.0,2.0,1.0
035_R201,35,R,9,9,OPTIMAL,966.416,9,7,5,2,2,0.7778,871.2729,0.0,95.1432,80,2.0,2.0,1.0
035_R205,35,R,3,0,OPTIMAL,263.2431,3,2,2,0,1,0.6667,262.979,0.0,0.2641,80,2.0,2.0,1.0
035_R205,35,R,3,1,OPTIMAL,158.3443,3,1,1,0,2,0.3333,118.3723,0.0,39.972,80,2.0,2.0,1.0
035_R205,35,R,3,2,OPTIMAL,183.1482,3,1,1,0,2,0.3333,136.1492,0.0,46.9991,80,2.0,2.0,1.0
035_R205,35,R,3,3,OPTIMAL,251.8678,3,2,2,0,1,0.6667,241.8288,0.0,10.039,80,2.0,2.0,1.0
035_R205,35,R,3,4,OPTIMAL,239.9971,3,2,2,0,1,0.6667,235.6731,0.0,4.324,80,2.0,2.0,1.0
035_R205,35,R,3,5,OPTIMAL,262.9903,3,2,2,0,1,0.6667,248.0551,0.0,14.9353,80,2.0,2.0,1.0
035_R205,35,R,3,6,OPTIMAL,301.0615,3,2,1,1,1,0.6667,278.5293,0.0,22.5322,80,2.0,2.0,1.0
035_R205,35,R,3,7,OPTIMAL,48.9909,3,1,1,0,2,0.3333,41.1637,0.0,7.8272,80,2.0,2.0,1.0
035_R205,35,R,3,8,OPTIMAL,275.8139,3,2,0,2,1,0.6667,242.9773,0.0,32.8366,80,2.0,2.0,1.0
035_R205,35,R,3,9,OPTIMAL,283.7236,3,2,2,0,1,0.6667,282.8312,0.0,0.8924,80,2.0,2.0,1.0
035_R205,35,R,6,0,OPTIMAL,568.7892,6,5,4,1,1,0.8333,568.5705,0.0,0.2187,80,2.0,2.0,1.0
035_R205,35,R,6,1,OPTIMAL,370.8062,6,2,0,2,4,0.3333,322.4065,0.0,48.3997,80,2.0,2.0,1.0
035_R205,35,R,6,2,OPTIMAL,672.6029,6,6,3,3,0,1.0,672.6029,0.0,0.0,80,2.0,2.0,1.0
035_R205,35,R,6,3,OPTIMAL,671.5397,6,5,3,2,1,0.8333,650.659,0.0,20.8808,80,2.0,2.0,1.0
035_R205,35,R,6,4,OPTIMAL,518.7835,6,4,4,0,2,0.6667,515.4085,0.0,3.375,80,2.0,2.0,1.0
035_R205,35,R,6,5,OPTIMAL,309.388,6,2,1,1,4,0.3333,255.4091,0.0,53.979,80,2.0,2.0,1.0
035_R205,35,R,6,6,OPTIMAL,451.5635,6,3,1,2,3,0.5,382.557,0.0,69.0064,80,2.0,2.0,1.0
035_R205,35,R,6,7,OPTIMAL,579.0007,6,4,2,2,2,0.6667,575.317,0.0,3.6836,80,2.0,2.0,1.0
035_R205,35,R,6,8,OPTIMAL,498.3831,6,3,2,1,3,0.5,460.7597,0.0,37.6234,80,2.0,2.0,1.0
035_R205,35,R,6,9,OPTIMAL,490.8226,6,3,2,1,3,0.5,427.0561,0.0,63.7665,80,2.0,2.0,1.0
035_R205,35,R,9,0,OPTIMAL,673.6014,9,5,3,2,4,0.5556,601.2909,0.0,72.3105,80,2.0,2.0,1.0
035_R205,35,R,9,1,OPTIMAL,848.8505,9,7,5,2,2,0.7778,805.5828,0.0,43.2677,80,2.0,2.0,1.0
035_R205,35,R,9,2,OPTIMAL,749.0562,9,5,5,0,4,0.5556,703.4459,0.0,45.6103,80,2.0,2.0,1.0
035_R205,35,R,9,3,OPTIMAL,749.184,9,6,4,2,3,0.6667,741.8128,0.0,7.3712,80,2.0,2.0,1.0
035_R205,35,R,9,4,OPTIMAL,496.089,9,4,2,2,5,0.4444,418.0308,0.0,78.0582,80,2.0,2.0,1.0
035_R205,35,R,9,5,OPTIMAL,981.6968,9,7,7,0,2,0.7778,947.0186,0.0,34.6783,80,2.0,2.0,1.0
035_R205,35,R,9,6,OPTIMAL,650.1973,9,5,3,2,4,0.5556,591.0647,0.0,59.1327,80,2.0,2.0,1.0
035_R205,35,R,9,7,OPTIMAL,336.6944,9,4,4,0,5,0.4444,287.1005,0.0,49.5939,80,2.0,2.0,1.0
035_R205,35,R,9,8,OPTIMAL,505.5582,9,3,3,0,6,0.3333,402.6583,0.0,102.8999,80,2.0,2.0,1.0
035_R205,35,R,9,9,OPTIMAL,718.0489,9,5,3,2,4,0.5556,665.1219,0.0,52.927,80,2.0,2.0,1.0
035_R210,35,R,3,0,OPTIMAL,309.8393,3,3,3,0,0,1.0,309.8393,0.0,0.0,80,2.0,2.0,1.0
035_R210,35,R,3,1,OPTIMAL,150.0682,3,1,1,0,2,0.3333,126.2764,0.0,23.7918,80,2.0,2.0,1.0
035_R210,35,R,3,2,OPTIMAL,273.0957,3,2,2,0,1,0.6667,267.6583,0.0,5.4374,80,2.0,2.0,1.0
035_R210,35,R,3,3,OPTIMAL,251.8678,3,2,1,1,1,0.6667,241.8288,0.0,10.039,80,2.0,2.0,1.0
035_R210,35,R,3,4,OPTIMAL,386.1919,3,3,3,0,0,1.0,386.1919,0.0,0.0,80,2.0,2.0,1.0
035_R210,35,R,3,5,OPTIMAL,170.3749,3,1,0,1,2,0.3333,121.0053,0.0,49.3696,80,2.0,2.0,1.0
035_R210,35,R,3,6,OPTIMAL,415.7217,3,3,3,0,0,1.0,415.7217,0.0,0.0,80,2.0,2.0,1.0
035_R210,35,R,3,7,OPTIMAL,180.9313,3,2,2,0,1,0.6667,159.1937,0.0,21.7375,80,2.0,2.0,1.0
035_R210,35,R,3,8,OPTIMAL,255.1265,3,2,2,0,1,0.6667,242.9773,0.0,12.1492,80,2.0,2.0,1.0
035_R210,35,R,3,9,OPTIMAL,163.8042,3,1,1,0,2,0.3333,139.1437,0.0,24.6605,80,2.0,2.0,1.0
035_R210,35,R,6,0,OPTIMAL,356.7532,6,3,3,0,3,0.5,322.2539,0.0,34.4993,80,2.0,2.0,1.0
035_R210,35,R,6,1,OPTIMAL,411.6615,6,3,2,1,3,0.5,386.17,0.0,25.4915,80,2.0,2.0,1.0
035_R210,35,R,6,2,OPTIMAL,672.6029,6,6,6,0,0,1.0,672.6029,0.0,0.0,80,2.0,2.0,1.0
035_R210,35,R,6,3,OPTIMAL,456.2041,6,3,3,0,3,0.5,415.9788,0.0,40.2253,80,2.0,2.0,1.0
035_R210,35,R,6,4,OPTIMAL,412.7209,6,4,3,1,2,0.6667,347.8331,0.0,64.8878,80,2.0,2.0,1.0
035_R210,35,R,6,5,OPTIMAL,503.3224,6,5,5,0,1,0.8333,503.1918,0.0,0.1306,80,2.0,2.0,1.0
035_R210,35,R,6,6,OPTIMAL,408.4737,6,3,3,0,3,0.5,382.557,0.0,25.9167,80,2.0,2.0,1.0
035_R210,35,R,6,7,OPTIMAL,492.9906,6,4,4,0,2,0.6667,492.8583,0.0,0.1323,80,2.0,2.0,1.0
035_R210,35,R,6,8,OPTIMAL,258.0076,6,1,1,0,5,0.1667,173.1807,0.0,84.8269,80,2.0,2.0,1.0
035_R210,35,R,6,9,OPTIMAL,569.3469,6,4,4,0,2,0.6667,539.8338,0.0,29.5131,80,2.0,2.0,1.0
035_R210,35,R,9,0,OPTIMAL,582.6209,9,4,4,0,5,0.4444,430.6822,0.0,151.9387,80,2.0,2.0,1.0
035_R210,35,R,9,1,OPTIMAL,958.8135,9,8,6,2,1,0.8889,958.598,0.0,0.2155,80,2.0,2.0,1.0
035_R210,35,R,9,2,OPTIMAL,775.4143,9,5,5,0,4,0.5556,716.7842,0.0,58.6301,80,2.0,2.0,1.0
035_R210,35,R,9,3,OPTIMAL,498.3355,9,3,3,0,6,0.3333,390.9634,0.0,107.3721,80,2.0,2.0,1.0
035_R210,35,R,9,4,OPTIMAL,511.4579,9,4,4,0,5,0.4444,422.8545,0.0,88.6034,80,2.0,2.0,1.0
035_R210,35,R,9,5,OPTIMAL,756.2185,9,5,5,0,4,0.5556,674.6572,0.0,81.5613,80,2.0,2.0,1.0
035_R210,35,R,9,6,OPTIMAL,600.6421,9,5,3,2,4,0.5556,559.1048,0.0,41.5373,80,2.0,2.0,1.0
035_R210,35,R,9,7,OPTIMAL,540.2133,9,6,5,1,3,0.6667,491.3862,0.0,48.8271,80,2.0,2.0,1.0
035_R210,35,R,9,8,OPTIMAL,689.2865,9,4,4,0,5,0.4444,554.8569,0.0,134.4296,80,2.0,2.0,1.0
035_R210,35,R,9,9,OPTIMAL,998.3086,9,8,8,0,1,0.8889,997.1795,0.0,1.1291,80,2.0,2.0,1.0
035_RC101,35,RC,3,0,OPTIMAL,303.0913,3,2,2,0,1,0.6667,294.285,0.0,8.8063,80,2.0,2.0,1.0
035_RC101,35,RC,3,1,OPTIMAL,369.64,3,2,2,0,1,0.6667,368.5847,0.0,1.0553,80,2.0,2.0,1.0
035_RC101,35,RC,3,2,OPTIMAL,549.1837,3,3,3,0,0,1.0,549.1837,0.0,0.0,80,2.0,2.0,1.0
035_RC101,35,RC,3,3,OPTIMAL,477.6963,3,3,3,0,0,1.0,477.6963,0.0,0.0,80,2.0,2.0,1.0
035_RC101,35,RC,3,4,OPTIMAL,338.0563,3,2,2,0,1,0.6667,335.8469,0.0,2.2094,80,2.0,2.0,1.0
035_RC101,35,RC,3,5,OPTIMAL,485.9886,3,3,3,0,0,1.0,485.9886,0.0,0.0,80,2.0,2.0,1.0
035_RC101,35,RC,3,6,OPTIMAL,386.7803,3,2,2,0,1,0.6667,386.7473,0.0,0.033,80,2.0,2.0,1.0
035_RC101,35,RC,3,7,OPTIMAL,359.8148,3,2,2,0,1,0.6667,347.836,0.0,11.9788,80,2.0,2.0,1.0
035_RC101,35,RC,3,8,OPTIMAL,500.1516,3,3,3,0,0,1.0,500.1516,0.0,0.0,80,2.0,2.0,1.0
035_RC101,35,RC,3,9,OPTIMAL,432.0951,3,3,3,0,0,1.0,432.0951,0.0,0.0,80,2.0,2.0,1.0
035_RC101,35,RC,6,0,OPTIMAL,781.3653,6,5,5,0,1,0.8333,781.3599,0.0,0.0054,80,2.0,2.0,1.0
035_RC101,35,RC,6,1,OPTIMAL,931.7152,6,6,6,0,0,1.0,931.7152,0.0,0.0,80,2.0,2.0,1.0
035_RC101,35,RC,6,2,OPTIMAL,774.966,6,5,5,0,1,0.8333,763.4668,0.0,11.4992,80,2.0,2.0,1.0
035_RC101,35,RC,6,3,OPTIMAL,803.0659,6,5,5,0,1,0.8333,799.7339,0.0,3.3321,80,2.0,2.0,1.0
035_RC101,35,RC,6,4,OPTIMAL,559.1109,6,3,3,0,3,0.5,523.1884,0.0,35.9225,80,2.0,2.0,1.0
035_RC101,35,RC,6,5,OPTIMAL,719.0591,6,4,3,1,2,0.6667,691.9011,0.0,27.158,80,2.0,2.0,1.0
035_RC101,35,RC,6,6,OPTIMAL,618.2503,6,4,4,0,2,0.6667,613.4196,0.0,4.8307,80,2.0,2.0,1.0
035_RC101,35,RC,6,7,OPTIMAL,808.3872,6,5,5,0,1,0.8333,806.7637,0.0,1.6235,80,2.0,2.0,1.0
035_RC101,35,RC,6,8,OPTIMAL,937.7474,6,5,5,0,1,0.8333,937.6025,0.0,0.1449,80,2.0,2.0,1.0
035_RC101,35,RC,6,9,OPTIMAL,653.3576,6,4,4,0,2,0.6667,645.41,0.0,7.9476,80,2.0,2.0,1.0
035_RC101,35,RC,9,0,OPTIMAL,1134.6526,9,7,6,1,2,0.7778,1119.8198,0.0,14.8328,80,2.0,2.0,1.0
035_RC101,35,RC,9,1,OPTIMAL,1389.0123,9,8,8,0,1,0.8889,1387.3162,0.0,1.6961,80,2.0,2.0,1.0
035_RC101,35,RC,9,2,OPTIMAL,1411.087,9,8,8,0,1,0.8889,1410.2304,0.0,0.8566,80,2.0,2.0,1.0
035_RC101,35,RC,9,3,OPTIMAL,1047.9191,9,6,6,0,3,0.6667,1040.3345,0.0,7.5847,80,2.0,2.0,1.0
035_RC101,35,RC,9,4,OPTIMAL,1287.1484,9,7,7,0,2,0.7778,1278.6025,0.0,8.5459,80,2.0,2.0,1.0
035_RC101,35,RC,9,5,OPTIMAL,976.9999,9,6,6,0,3,0.6667,966.7099,0.0,10.29,80,2.0,2.0,1.0
035_RC101,35,RC,9,6,OPTIMAL,1160.8892,9,7,7,0,2,0.7778,1159.8959,0.0,0.9933,80,2.0,2.0,1.0
035_RC101,35,RC,9,7,OPTIMAL,1347.1636,9,8,8,0,1,0.8889,1328.1637,0.0,19.0,80,2.0,2.0,1.0
035_RC101,35,RC,9,8,OPTIMAL,1369.8288,9,8,8,0,1,0.8889,1364.4536,0.0,5.3752,80,2.0,2.0,1.0
035_RC101,35,RC,9,9,OPTIMAL,938.3465,9,6,5,1,3,0.6667,910.3028,0.0,28.0436,80,2.0,2.0,1.0
