instance,size,class,level,seed_idx,status,objective,n_emergencies,n_outsourced,n_outsourced_infeasible,n_outsourced_economic,n_inserted,frac_outsourced,outsourcing,tw_penalty,completion_penalty,W,LAMBDA,PI_S,PI_C
010_C101,10,C,1,0,OPTIMAL,6.4458,1,0,0,0,1,0.0,0.0,0.0,6.4458,90,0.5,1,1.0
010_C101,10,C,1,1,OPTIMAL,2.8206,1,0,0,0,1,0.0,0.0,0.0,2.8206,90,0.5,1,1.0
010_C101,10,C,1,2,OPTIMAL,7.8471,1,0,0,0,1,0.0,0.0,0.0,7.8471,90,0.5,1,1.0
010_C101,10,C,1,3,OPTIMAL,28.8461,1,1,0,1,0,1.0,28.8461,0.0,0.0,90,0.5,1,1.0
010_C101,10,C,1,4,OPTIMAL,30.4527,1,1,1,0,0,1.0,30.4527,0.0,0.0,90,0.5,1,1.0
010_C101,10,C,1,5,OPTIMAL,36.7772,1,1,1,0,0,1.0,36.7772,0.0,0.0,90,0.5,1,1.0
010_C101,10,C,1,6,OPTIMAL,8.7068,1,1,1,0,0,1.0,8.7068,0.0,0.0,90,0.5,1,1.0
010_C101,10,C,1,7,OPTIMAL,18.7392,1,1,1,0,0,1.0,18.7392,0.0,0.0,90,0.5,1,1.0
010_C101,10,C,1,8,OPTIMAL,17.8356,1,1,1,0,0,1.0,17.8356,0.0,0.0,90,0.5,1,1.0
010_C101,10,C,1,9,OPTIMAL,16.0223,1,1,1,0,0,1.0,16.0223,0.0,0.0,90,0.5,1,1.0
010_C101,10,C,2,0,OPTIMAL,60.6158,2,2,2,0,0,1.0,60.6158,0.0,0.0,90,0.5,1,1.0
010_C101,10,C,2,1,OPTIMAL,57.703,2,2,2,0,0,1.0,57.703,0.0,0.0,90,0.5,1,1.0
010_C101,10,C,2,2,OPTIMAL,37.5672,2,2,2,0,0,1.0,37.5672,0.0,0.0,90,0.5,1,1.0
010_C101,10,C,2,3,OPTIMAL,13.3081,2,1,1,0,1,0.5,12.1366,0.0,1.1714,90,0.5,1,1.0
010_C101,10,C,2,4,OPTIMAL,48.0265,2,2,2,0,0,1.0,48.0265,0.0,0.0,90,0.5,1,1.0
010_C101,10,C,2,5,OPTIMAL,21.568,2,1,1,0,1,0.5,15.937,0.0,5.631,90,0.5,1,1.0
010_C101,10,C,2,6,OPTIMAL,55.4842,2,2,2,0,0,1.0,55.4842,0.0,0.0,90,0.5,1,1.0
010_C101,10,C,2,7,OPTIMAL,30.1956,2,2,2,0,0,1.0,30.1956,0.0,0.0,90,0.5,1,1.0
010_C101,10,C,2,8,OPTIMAL,29.3625,2,2,2,0,0,1.0,29.3625,0.0,0.0,90,0.5,1,1.0
010_C101,10,C,2,9,OPTIMAL,61.3785,2,2,2,0,0,1.0,61.3785,0.0,0.0,90,0.5,1,1.0
010_C101,10,C,3,0,OPTIMAL,75.1647,3,3,3,0,0,1.0,75.1647,0.0,0.0,90,0.5,1,1.0
010_C101,10,C,3,1,OPTIMAL,65.8694,3,3,3,0,0,1.0,65.8694,0.0,0.0,90,0.5,1,1.0
010_C101,10,C,3,2,OPTIMAL,73.3618,3,3,3,0,0,1.0,73.3618,0.0,0.0,90,0.5,1,1.0
010_C101,10,C,3,3,OPTIMAL,56.8003,3,2,2,0,1,0.6667,51.1072,0.0,5.6931,90,0.5,1,1.0
010_C101,10,C,3,4,OPTIMAL,52.3058,3,3,3,0,0,1.0,52.3058,0.0,0.0,90,0.5,1,1.0
010_C101,10,C,3,5,OPTIMAL,65.9301,3,3,3,0,0,1.0,65.9301,0.0,0.0,90,0.5,1,1.0
010_C101,10,C,3,6,OPTIMAL,31.4697,3,2,1,1,1,0.6667,30.9672,0.0,0.5024,90,0.5,1,1.0
010_C101,10,C,3,7,OPTIMAL,62.9068,3,2,2,0,1,0.6667,60.951,0.0,1.9558,90,0.5,1,1.0
010_C101,10,C,3,8,OPTIMAL,55.3325,3,2,2,0,1,0.6667,51.927,0.0,3.4054,90,0.5,1,1.0
010_C101,10,C,3,9,OPTIMAL,48.0065,3,3,2,1,0,1.0,48.0065,0.0,0.0,90,0.5,1,1.0
010_C102,10,C,1,0,OPTIMAL,12.554,1,1,0,1,0,1.0,12.554,0.0,0.0,90,0.5,1,1.0
010_C102,10,C,1,1,OPTIMAL,14.1165,1,1,1,0,0,1.0,14.1165,0.0,0.0,90,0.5,1,1.0
010_C102,10,C,1,2,OPTIMAL,20.0934,1,1,0,1,0,1.0,20.0934,0.0,0.0,90,0.5,1,1.0
010_C102,10,C,1,3,OPTIMAL,28.8461,1,1,1,0,0,1.0,28.8461,0.0,0.0,90,0.5,1,1.0
010_C102,10,C,1,4,OPTIMAL,30.4527,1,1,1,0,0,1.0,30.4527,0.0,0.0,90,0.5,1,1.0
010_C102,10,C,1,5,OPTIMAL,36.7772,1,1,1,0,0,1.0,36.7772,0.0,0.0,90,0.5,1,1.0
010_C102,10,C,1,6,OPTIMAL,8.7068,1,1,1,0,0,1.0,8.7068,0.0,0.0,90,0.5,1,1.0
010_C102,10,C,1,7,OPTIMAL,18.7392,1,1,1,0,0,1.0,18.7392,0.0,0.0,90,0.5,1,1.0
010_C102,10,C,1,8,OPTIMAL,17.8356,1,1,1,0,0,1.0,17.8356,0.0,0.0,90,0.5,1,1.0
010_C102,10,C,1,9,OPTIMAL,16.0223,1,1,1,0,0,1.0,16.0223,0.0,0.0,90,0.5,1,1.0
010_C102,10,C,2,0,OPTIMAL,60.6158,2,2,2,0,0,1.0,60.6158,0.0,0.0,90,0.5,1,1.0
010_C102,10,C,2,1,OPTIMAL,57.703,2,2,2,0,0,1.0,57.703,0.0,0.0,90,0.5,1,1.0
010_C102,10,C,2,2,OPTIMAL,37.5672,2,2,2,0,0,1.0,37.5672,0.0,0.0,90,0.5,1,1.0
010_C102,10,C,2,3,OPTIMAL,32.0264,2,2,2,0,0,1.0,32.0264,0.0,0.0,90,0.5,1,1.0
010_C102,10,C,2,4,OPTIMAL,48.0265,2,2,2,0,0,1.0,48.0265,0.0,0.0,90,0.5,1,1.0
010_C102,10,C,2,5,OPTIMAL,21.568,2,1,1,0,1,0.5,15.937,0.0,5.631,90,0.5,1,1.0
010_C102,10,C,2,6,OPTIMAL,55.4842,2,2,2,0,0,1.0,55.4842,0.0,0.0,90,0.5,1,1.0
010_C102,10,C,2,7,OPTIMAL,30.1956,2,2,2,0,0,1.0,30.1956,0.0,0.0,90,0.5,1,1.0
010_C102,10,C,2,8,OPTIMAL,29.3625,2,2,2,0,0,1.0,29.3625,0.0,0.0,90,0.5,1,1.0
010_C102,10,C,2,9,OPTIMAL,61.3785,2,2,2,0,0,1.0,61.3785,0.0,0.0,90,0.5,1,1.0
010_C102,10,C,3,0,OPTIMAL,75.1647,3,3,3,0,0,1.0,75.1647,0.0,0.0,90,0.5,1,1.0
010_C102,10,C,3,1,OPTIMAL,65.8694,3,3,3,0,0,1.0,65.8694,0.0,0.0,90,0.5,1,1.0
010_C102,10,C,3,2,OPTIMAL,73.3618,3,3,3,0,0,1.0,73.3618,0.0,0.0,90,0.5,1,1.0
010_C102,10,C,3,3,OPTIMAL,56.8003,3,2,2,0,1,0.6667,51.1072,0.0,5.6931,90,0.5,1,1.0
010_C102,10,C,3,4,OPTIMAL,52.3058,3,3,3,0,0,1.0,52.3058,0.0,0.0,90,0.5,1,1.0
010_C102,10,C,3,5,OPTIMAL,65.9301,3,3,3,0,0,1.0,65.9301,0.0,0.0,90,0.5,1,1.0
010_C102,10,C,3,6,OPTIMAL,47.0135,3,3,3,0,0,1.0,47.0135,0.0,0.0,90,0.5,1,1.0
010_C102,10,C,3,7,OPTIMAL,80.6572,3,3,3,0,0,1.0,80.6572,0.0,0.0,90,0.5,1,1.0
010_C102,10,C,3,8,OPTIMAL,55.3325,3,2,2,0,1,0.6667,51.927,0.0,3.4054,90,0.5,1,1.0
010_C102,10,C,3,9,OPTIMAL,48.0065,3,3,3,0,0,1.0,48.0065,0.0,0.0,90,0.5,1,1.0
010_C103,10,C,1,0,OPTIMAL,12.554,1,1,0,1,0,1.0,12.554,0.0,0.0,90,0.5,1,1.0
010_C103,10,C,1,1,OPTIMAL,14.1165,1,1,1,0,0,1.0,14.1165,0.0,0.0,90,0.5,1,1.0
010_C103,10,C,1,2,OPTIMAL,20.0934,1,1,0,1,0,1.0,20.0934,0.0,0.0,90,0.5,1,1.0
010_C103,10,C,1,3,OPTIMAL,28.8461,1,1,1,0,0,1.0,28.8461,0.0,0.0,90,0.5,1,1.0
010_C103,10,C,1,4,OPTIMAL,30.4527,1,1,1,0,0,1.0,30.4527,0.0,0.0,90,0.5,1,1.0
010_C103,10,C,1,5,OPTIMAL,36.7772,1,1,1,0,0,1.0,36.7772,0.0,0.0,90,0.5,1,1.0
010_C103,10,C,1,6,OPTIMAL,8.7068,1,1,1,0,0,1.0,8.7068,0.0,0.0,90,0.5,1,1.0
010_C103,10,C,1,7,OPTIMAL,18.7392,1,1,1,0,0,1.0,18.7392,0.0,0.0,90,0.5,1,1.0
010_C103,10,C,1,8,OPTIMAL,17.8356,1,1,1,0,0,1.0,17.8356,0.0,0.0,90,0.5,1,1.0
010_C103,10,C,1,9,OPTIMAL,16.0223,1,1,1,0,0,1.0,16.0223,0.0,0.0,90,0.5,1,1.0
010_C103,10,C,2,0,OPTIMAL,60.6158,2,2,2,0,0,1.0,60.6158,0.0,0.0,90,0.5,1,1.0
010_C103,10,C,2,1,OPTIMAL,57.703,2,2,2,0,0,1.0,57.703,0.0,0.0,90,0.5,1,1.0
010_C103,10,C,2,2,OPTIMAL,37.5672,2,2,2,0,0,1.0,37.5672,0.0,0.0,90,0.5,1,1.0
010_C103,10,C,2,3,OPTIMAL,32.0264,2,2,2,0,0,1.0,32.0264,0.0,0.0,90,0.5,1,1.0
010_C103,10,C,2,4,OPTIMAL,48.0265,2,2,2,0,0,1.0,48.0265,0.0,0.0,90,0.5,1,1.0
010_C103,10,C,2,5,OPTIMAL,26.3375,2,2,2,0,0,1.0,26.3375,0.0,0.0,90,0.5,1,1.0
010_C103,10,C,2,6,OPTIMAL,55.4842,2,2,2,0,0,1.0,55.4842,0.0,0.0,90,0.5,1,1.0
010_C103,10,C,2,7,OPTIMAL,30.1956,2,2,2,0,0,1.0,30.1956,0.0,0.0,90,0.5,1,1.0
010_C103,10,C,2,8,OPTIMAL,29.3625,2,2,2,0,0,1.0,29.3625,0.0,0.0,90,0.5,1,1.0
010_C103,10,C,2,9,OPTIMAL,61.3785,2,2,2,0,0,1.0,61.3785,0.0,0.0,90,0.5,1,1.0
010_C103,10,C,3,0,OPTIMAL,75.1647,3,3,3,0,0,1.0,75.1647,0.0,0.0,90,0.5,1,1.0
010_C103,10,C,3,1,OPTIMAL,65.8694,3,3,3,0,0,1.0,65.8694,0.0,0.0,90,0.5,1,1.0
010_C103,10,C,3,2,OPTIMAL,73.3618,3,3,3,0,0,1.0,73.3618,0.0,0.0,90,0.5,1,1.0
010_C103,10,C,3,3,OPTIMAL,61.6698,3,3,3,0,0,1.0,61.6698,0.0,0.0,90,0.5,1,1.0
010_C103,10,C,3,4,OPTIMAL,52.3058,3,3,3,0,0,1.0,52.3058,0.0,0.0,90,0.5,1,1.0
010_C103,10,C,3,5,OPTIMAL,65.9301,3,3,3,0,0,1.0,65.9301,0.0,0.0,90,0.5,1,1.0
010_C103,10,C,3,6,OPTIMAL,47.0135,3,3,3,0,0,1.0,47.0135,0.0,0.0,90,0.5,1,1.0
010_C103,10,C,3,7,OPTIMAL,80.6572,3,3,3,0,0,1.0,80.6572,0.0,0.0,90,0.5,1,1.0
010_C103,10,C,3,8,OPTIMAL,68.698,3,3,3,0,0,1.0,68.698,0.0,0.0,90,0.5,1,1.0
010_C103,10,C,3,9,OPTIMAL,48.0065,3,3,3,0,0,1.0,48.0065,0.0,0.0,90,0.5,1,1.0
010_C104,10,C,1,0,OPTIMAL,12.554,1,1,0,1,0,1.0,12.554,0.0,0.0,90,0.5,1,1.0
010_C104,10,C,1,1,OPTIMAL,14.1165,1,1,1,0,0,1.0,14.1165,0.0,0.0,90,0.5,1,1.0
010_C104,10,C,1,2,OPTIMAL,20.0934,1,1,0,1,0,1.0,20.0934,0.0,0.0,90,0.5,1,1.0
010_C104,10,C,1,3,OPTIMAL,28.8461,1,1,1,0,0,1.0,28.8461,0.0,0.0,90,0.5,1,1.0
010_C104,10,C,1,4,OPTIMAL,30.4527,1,1,1,0,0,1.0,30.4527,0.0,0.0,90,0.5,1,1.0
010_C104,10,C,1,5,OPTIMAL,36.7772,1,1,1,0,0,1.0,36.7772,0.0,0.0,90,0.5,1,1.0
010_C104,10,C,1,6,OPTIMAL,8.7068,1,1,1,0,0,1.0,8.7068,0.0,0.0,90,0.5,1,1.0
010_C104,10,C,1,7,OPTIMAL,18.7392,1,1,1,0,0,1.0,18.7392,0.0,0.0,90,0.5,1,1.0
010_C104,10,C,1,8,OPTIMAL,17.8356,1,1,1,0,0,1.0,17.8356,0.0,0.0,90,0.5,1,1.0
010_C104,10,C,1,9,OPTIMAL,16.0223,1,1,1,0,0,1.0,16.0223,0.0,0.0,90,0.5,1,1.0
010_C104,10,C,2,0,OPTIMAL,60.6158,2,2,2,0,0,1.0,60.6158,0.0,0.0,90,0.5,1,1.0
010_C104,10,C,2,1,OPTIMAL,57.703,2,2,2,0,0,1.0,57.703,0.0,0.0,90,0.5,1,1.0
010_C104,10,C,2,2,OPTIMAL,37.5672,2,2,2,0,0,1.0,37.5672,0.0,0.0,90,0.5,1,1.0
010_C104,10,C,2,3,OPTIMAL,32.0264,2,2,2,0,0,1.0,32.0264,0.0,0.0,90,0.5,1,1.0
010_C104,10,C,2,4,OPTIMAL,48.0265,2,2,2,0,0,1.0,48.0265,0.0,0.0,90,0.5,1,1.0
010_C104,10,C,2,5,OPTIMAL,26.3375,2,2,2,0,0,1.0,26.3375,0.0,0.0,90,0.5,1,1.0
010_C104,10,C,2,6,OPTIMAL,55.4842,2,2,2,0,0,1.0,55.4842,0.0,0.0,90,0.5,1,1.0
010_C104,10,C,2,7,OPTIMAL,30.1956,2,2,2,0,0,1.0,30.1956,0.0,0.0,90,0.5,1,1.0
010_C104,10,C,2,8,OPTIMAL,29.3625,2,2,2,0,0,1.0,29.3625,0.0,0.0,90,0.5,1,1.0
010_C104,10,C,2,9,OPTIMAL,61.3785,2,2,2,0,0,1.0,61.3785,0.0,0.0,90,0.5,1,1.0
010_C104,10,C,3,0,OPTIMAL,75.1647,3,3,3,0,0,1.0,75.1647,0.0,0.0,90,0.5,1,1.0
010_C104,10,C,3,1,OPTIMAL,65.8694,3,3,3,0,0,1.0,65.8694,0.0,0.0,90,0.5,1,1.0
010_C104,10,C,3,2,OPTIMAL,73.3618,3,3,3,0,0,1.0,73.3618,0.0,0.0,90,0.5,1,1.0
010_C104,10,C,3,3,OPTIMAL,61.6698,3,3,3,0,0,1.0,61.6698,0.0,0.0,90,0.5,1,1.0
010_C104,10,C,3,4,OPTIMAL,52.3058,3,3,3,0,0,1.0,52.3058,0.0,0.0,90,0.5,1,1.0
010_C104,10,C,3,5,OPTIMAL,65.9301,3,3,3,0,0,1.0,65.9301,0.0,0.0,90,0.5,1,1.0
010_C104,10,C,3,6,OPTIMAL,47.0135,3,3,3,0,0,1.0,47.0135,0.0,0.0,90,0.5,1,1.0
010_C104,10,C,3,7,OPTIMAL,80.6572,3,3,3,0,0,1.0,80.6572,0.0,0.0,90,0.5,1,1.0
010_C104,10,C,3,8,OPTIMAL,68.698,3,3,3,0,0,1.0,68.698,0.0,0.0,90,0.5,1,1.0
010_C104,10,C,3,9,OPTIMAL,48.0065,3,3,3,0,0,1.0,48.0065,0.0,0.0,90,0.5,1,1.0
010_C105,10,C,1,0,OPTIMAL,6.4458,1,0,0,0,1,0.0,0.0,0.0,6.4458,90,0.5,1,1.0
010_C105,10,C,1,1,OPTIMAL,14.1165,1,1,1,0,0,1.0,14.1165,0.0,0.0,90,0.5,1,1.0
010_C105,10,C,1,2,OPTIMAL,7.8471,1,0,0,0,1,0.0,0.0,0.0,7.8471,90,0.5,1,1.0
010_C105,10,C,1,3,OPTIMAL,28.8461,1,1,0,1,0,1.0,28.8461,0.0,0.0,90,0.5,1,1.0
010_C105,10,C,1,4,OPTIMAL,30.4527,1,1,1,0,0,1.0,30.4527,0.0,0.0,90,0.5,1,1.0
010_C105,10,C,1,5,OPTIMAL,36.7772,1,1,1,0,0,1.0,36.7772,0.0,0.0,90,0.5,1,1.0
010_C105,10,C,1,6,OPTIMAL,8.7068,1,1,1,0,0,1.0,8.7068,0.0,0.0,90,0.5,1,1.0
010_C105,10,C,1,7,OPTIMAL,18.7392,1,1,1,0,0,1.0,18.7392,0.0,0.0,90,0.5,1,1.0
010_C105,10,C,1,8,OPTIMAL,5.5276,1,0,0,0,1,0.0,0.0,0.0,5.5276,90,0.5,1,1.0
010_C105,10,C,1,9,OPTIMAL,16.0223,1,1,1,0,0,1.0,16.0223,0.0,0.0,90,0.5,1,1.0
010_C105,10,C,2,0,OPTIMAL,60.6158,2,2,2,0,0,1.0,60.6158,0.0,0.0,90,0.5,1,1.0
010_C105,10,C,2,1,OPTIMAL,57.703,2,2,2,0,0,1.0,57.703,0.0,0.0,90,0.5,1,1.0
010_C105,10,C,2,2,OPTIMAL,37.5672,2,2,2,0,0,1.0,37.5672,0.0,0.0,90,0.5,1,1.0
010_C105,10,C,2,3,OPTIMAL,13.3081,2,1,1,0,1,0.5,12.1366,0.0,1.1714,90,0.5,1,1.0
010_C105,10,C,2,4,OPTIMAL,34.5124,2,1,1,0,1,0.5,30.9996,0.0,3.5129,90,0.5,1,1.0
010_C105,10,C,2,5,OPTIMAL,26.3375,2,2,2,0,0,1.0,26.3375,0.0,0.0,90,0.5,1,1.0
010_C105,10,C,2,6,OPTIMAL,55.4842,2,2,2,0,0,1.0,55.4842,0.0,0.0,90,0.5,1,1.0
010_C105,10,C,2,7,OPTIMAL,10.2252,2,1,1,0,1,0.5,10.1562,0.0,0.069,90,0.5,1,1.0
010_C105,10,C,2,8,OPTIMAL,29.3625,2,2,2,0,0,1.0,29.3625,0.0,0.0,90,0.5,1,1.0
010_C105,10,C,2,9,OPTIMAL,61.3785,2,2,2,0,0,1.0,61.3785,0.0,0.0,90,0.5,1,1.0
010_C105,10,C,3,0,OPTIMAL,75.1647,3,3,3,0,0,1.0,75.1647,0.0,0.0,90,0.5,1,1.0
010_C105,10,C,3,1,OPTIMAL,65.8694,3,3,3,0,0,1.0,65.8694,0.0,0.0,90,0.5,1,1.0
010_C105,10,C,3,2,OPTIMAL,73.3618,3,3,3,0,0,1.0,73.3618,0.0,0.0,90,0.5,1,1.0
010_C105,10,C,3,3,OPTIMAL,46.8132,3,1,1,0,2,0.3333,41.0681,0.0,5.7451,90,0.5,1,1.0
010_C105,10,C,3,4,OPTIMAL,52.3058,3,3,3,0,0,1.0,52.3058,0.0,0.0,90,0.5,1,1.0
010_C105,10,C,3,5,OPTIMAL,65.9301,3,3,3,0,0,1.0,65.9301,0.0,0.0,90,0.5,1,1.0
010_C105,10,C,3,6,OPTIMAL,12.6311,3,1,0,1,2,0.3333,10.6857,0.0,1.9454,90,0.5,1,1.0
010_C105,10,C,3,7,OPTIMAL,62.9068,3,2,1,1,1,0.6667,60.951,0.0,1.9558,90,0.5,1,1.0
010_C105,10,C,3,8,OPTIMAL,68.698,3,3,2,1,0,1.0,68.698,0.0,0.0,90,0.5,1,1.0
010_C105,10,C,3,9,OPTIMAL,48.0065,3,3,3,0,0,1.0,48.0065,0.0,0.0,90,0.5,1,1.0
010_C106,10,C,1,0,OPTIMAL,6.4458,1,0,0,0,1,0.0,0.0,0.0,6.4458,90,0.5,1,1.0
010_C106,10,C,1,1,OPTIMAL,5.6412,1,0,0,0,1,0.0,0.0,0.0,5.6412,90,0.5,1,1.0
010_C106,10,C,1,2,OPTIMAL,7.8471,1,0,0,0,1,0.0,0.0,0.0,7.8471,90,0.5,1,1.0
010_C106,10,C,1,3,OPTIMAL,28.8461,1,1,0,1,0,1.0,28.8461,0.0,0.0,90,0.5,1,1.0
010_C106,10,C,1,4,OPTIMAL,30.4527,1,1,1,0,0,1.0,30.4527,0.0,0.0,90,0.5,1,1.0
010_C106,10,C,1,5,OPTIMAL,36.7772,1,1,1,0,0,1.0,36.7772,0.0,0.0,90,0.5,1,1.0
010_C106,10,C,1,6,OPTIMAL,8.7068,1,1,1,0,0,1.0,8.7068,0.0,0.0,90,0.5,1,1.0
010_C106,10,C,1,7,OPTIMAL,18.7392,1,1,1,0,0,1.0,18.7392,0.0,0.0,90,0.5,1,1.0
010_C106,10,C,1,8,OPTIMAL,17.8356,1,1,1,0,0,1.0,17.8356,0.0,0.0,90,0.5,1,1.0
010_C106,10,C,1,9,OPTIMAL,16.0223,1,1,1,0,0,1.0,16.0223,0.0,0.0,90,0.5,1,1.0
010_C106,10,C,2,0,OPTIMAL,60.6158,2,2,2,0,0,1.0,60.6158,0.0,0.0,90,0.5,1,1.0
010_C106,10,C,2,1,OPTIMAL,57.703,2,2,2,0,0,1.0,57.703,0.0,0.0,90,0.5,1,1.0
010_C106,10,C,2,2,OPTIMAL,37.5672,2,2,2,0,0,1.0,37.5672,0.0,0.0,90,0.5,1,1.0
010_C106,10,C,2,3,OPTIMAL,13.3081,2,1,1,0,1,0.5,12.1366,0.0,1.1714,90,0.5,1,1.0
010_C106,10,C,2,4,OPTIMAL,48.0265,2,2,2,0,0,1.0,48.0265,0.0,0.0,90,0.5,1,1.0
010_C106,10,C,2,5,OPTIMAL,26.3375,2,2,1,1,0,1.0,26.3375,0.0,0.0,90,0.5,1,1.0
010_C106,10,C,2,6,OPTIMAL,55.4842,2,2,2,0,0,1.0,55.4842,0.0,0.0,90,0.5,1,1.0
010_C106,10,C,2,7,OPTIMAL,10.2252,2,1,1,0,1,0.5,10.1562,0.0,0.069,90,0.5,1,1.0
010_C106,10,C,2,8,OPTIMAL,29.3625,2,2,2,0,0,1.0,29.3625,0.0,0.0,90,0.5,1,1.0
010_C106,10,C,2,9,OPTIMAL,61.3785,2,2,2,0,0,1.0,61.3785,0.0,0.0,90,0.5,1,1.0
010_C106,10,C,3,0,OPTIMAL,75.1647,3,3,3,0,0,1.0,75.1647,0.0,0.0,90,0.5,1,1.0
010_C106,10,C,3,1,OPTIMAL,65.8694,3,3,3,0,0,1.0,65.8694,0.0,0.0,90,0.5,1,1.0
010_C106,10,C,3,2,OPTIMAL,73.3618,3,3,3,0,0,1.0,73.3618,0.0,0.0,90,0.5,1,1.0
010_C106,10,C,3,3,OPTIMAL,61.6698,3,3,1,2,0,1.0,61.6698,0.0,0.0,90,0.5,1,1.0
010_C106,10,C,3,4,OPTIMAL,52.3058,3,3,3,0,0,1.0,52.3058,0.0,0.0,90,0.5,1,1.0
010_C106,10,C,3,5,OPTIMAL,65.9301,3,3,3,0,0,1.0,65.9301,0.0,0.0,90,0.5,1,1.0
010_C106,10,C,3,6,OPTIMAL,27.65,3,2,0,2,1,0.6667,26.732,0.0,0.918,90,0.5,1,1.0
010_C106,10,C,3,7,OPTIMAL,62.9068,3,2,0,2,1,0.6667,60.951,0.0,1.9558,90,0.5,1,1.0
010_C106,10,C,3,8,OPTIMAL,62.1434,3,2,1,1,1,0.6667,51.927,0.0,10.2163,90,0.5,1,1.0
010_C106,10,C,3,9,OPTIMAL,48.0065,3,3,2,1,0,1.0,48.0065,0.0,0.0,90,0.5,1,1.0
010_C107,10,C,1,0,OPTIMAL,6.4458,1,0,0,0,1,0.0,0.0,0.0,6.4458,90,0.5,1,1.0
010_C107,10,C,1,1,OPTIMAL,0.0013,1,0,0,0,1,0.0,0.0,0.0,0.0013,90,0.5,1,1.0
010_C107,10,C,1,2,OPTIMAL,20.0934,1,1,1,0,0,1.0,20.0934,0.0,0.0,90,0.5,1,1.0
010_C107,10,C,1,3,OPTIMAL,28.8461,1,1,1,0,0,1.0,28.8461,0.0,0.0,90,0.5,1,1.0
010_C107,10,C,1,4,OPTIMAL,30.4527,1,1,1,0,0,1.0,30.4527,0.0,0.0,90,0.5,1,1.0
010_C107,10,C,1,5,OPTIMAL,36.7772,1,1,1,0,0,1.0,36.7772,0.0,0.0,90,0.5,1,1.0
010_C107,10,C,1,6,OPTIMAL,8.7068,1,1,1,0,0,1.0,8.7068,0.0,0.0,90,0.5,1,1.0
010_C107,10,C,1,7,OPTIMAL,18.7392,1,1,1,0,0,1.0,18.7392,0.0,0.0,90,0.5,1,1.0
010_C107,10,C,1,8,OPTIMAL,5.5276,1,0,0,0,1,0.0,0.0,0.0,5.5276,90,0.5,1,1.0
010_C107,10,C,1,9,OPTIMAL,16.0223,1,1,1,0,0,1.0,16.0223,0.0,0.0,90,0.5,1,1.0
010_C107,10,C,2,0,OPTIMAL,60.6158,2,2,1,1,0,1.0,60.6158,0.0,0.0,90,0.5,1,1.0
010_C107,10,C,2,1,OPTIMAL,57.703,2,2,2,0,0,1.0,57.703,0.0,0.0,90,0.5,1,1.0
010_C107,10,C,2,2,OPTIMAL,37.5672,2,2,2,0,0,1.0,37.5672,0.0,0.0,90,0.5,1,1.0
010_C107,10,C,2,3,OPTIMAL,15.8273,2,1,1,0,1,0.5,12.1366,0.0,3.6907,90,0.5,1,1.0
010_C107,10,C,2,4,OPTIMAL,34.5124,2,1,1,0,1,0.5,30.9996,0.0,3.5129,90,0.5,1,1.0
010_C107,10,C,2,5,OPTIMAL,22.3064,2,1,1,0,1,0.5,15.937,0.0,6.3694,90,0.5,1,1.0
010_C107,10,C,2,6,OPTIMAL,55.4842,2,2,2,0,0,1.0,55.4842,0.0,0.0,90,0.5,1,1.0
010_C107,10,C,2,7,OPTIMAL,10.2252,2,1,1,0,1,0.5,10.1562,0.0,0.069,90,0.5,1,1.0
010_C107,10,C,2,8,OPTIMAL,29.3625,2,2,2,0,0,1.0,29.3625,0.0,0.0,90,0.5,1,1.0
010_C107,10,C,2,9,OPTIMAL,61.3785,2,2,2,0,0,1.0,61.3785,0.0,0.0,90,0.5,1,1.0
010_C107,10,C,3,0,OPTIMAL,75.1647,3,3,3,0,0,1.0,75.1647,0.0,0.0,90,0.5,1,1.0
010_C107,10,C,3,1,OPTIMAL,65.8694,3,3,3,0,0,1.0,65.8694,0.0,0.0,90,0.5,1,1.0
010_C107,10,C,3,2,OPTIMAL,73.3618,3,3,3,0,0,1.0,73.3618,0.0,0.0,90,0.5,1,1.0
010_C107,10,C,3,3,OPTIMAL,51.6827,3,2,2,0,1,0.6667,51.6307,0.0,0.052,90,0.5,1,1.0
010_C107,10,C,3,4,OPTIMAL,52.3058,3,3,3,0,0,1.0,52.3058,0.0,0.0,90,0.5,1,1.0
010_C107,10,C,3,5,OPTIMAL,65.9301,3,3,2,1,0,1.0,65.9301,0.0,0.0,90,0.5,1,1.0
010_C107,10,C,3,6,OPTIMAL,3.9983,3,0,0,0,3,0.0,0.0,0.0,3.9983,90,0.5,1,1.0
010_C107,10,C,3,7,OPTIMAL,80.6572,3,3,3,0,0,1.0,80.6572,0.0,0.0,90,0.5,1,1.0
010_C107,10,C,3,8,OPTIMAL,54.5661,3,2,2,0,1,0.6667,51.927,0.0,2.639,90,0.5,1,1.0
010_C107,10,C,3,9,OPTIMAL,40.1092,3,2,2,0,1,0.6667,36.5975,0.0,3.5117,90,0.5,1,1.0
010_C108,10,C,1,0,OPTIMAL,6.4458,1,0,0,0,1,0.0,0.0,0.0,6.4458,90,0.5,1,1.0
010_C108,10,C,1,1,OPTIMAL,0.0013,1,0,0,0,1,0.0,0.0,0.0,0.0013,90,0.5,1,1.0
010_C108,10,C,1,2,OPTIMAL,20.0934,1,1,1,0,0,1.0,20.0934,0.0,0.0,90,0.5,1,1.0
010_C108,10,C,1,3,OPTIMAL,28.8461,1,1,1,0,0,1.0,28.8461,0.0,0.0,90,0.5,1,1.0
010_C108,10,C,1,4,OPTIMAL,30.4527,1,1,1,0,0,1.0,30.4527,0.0,0.0,90,0.5,1,1.0
010_C108,10,C,1,5,OPTIMAL,36.7772,1,1,1,0,0,1.0,36.7772,0.0,0.0,90,0.5,1,1.0
010_C108,10,C,1,6,OPTIMAL,8.7068,1,1,1,0,0,1.0,8.7068,0.0,0.0,90,0.5,1,1.0
010_C108,10,C,1,7,OPTIMAL,18.7392,1,1,1,0,0,1.0,18.7392,0.0,0.0,90,0.5,1,1.0
010_C108,10,C,1,8,OPTIMAL,1.6558,1,0,0,0,1,0.0,0.0,0.0,1.6558,90,0.5,1,1.0
010_C108,10,C,1,9,OPTIMAL,16.0223,1,1,1,0,0,1.0,16.0223,0.0,0.0,90,0.5,1,1.0
010_C108,10,C,2,0,OPTIMAL,60.6158,2,2,1,1,0,1.0,60.6158,0.0,0.0,90,0.5,1,1.0
010_C108,10,C,2,1,OPTIMAL,57.703,2,2,2,0,0,1.0,57.703,0.0,0.0,90,0.5,1,1.0
010_C108,10,C,2,2,OPTIMAL,37.5672,2,2,2,0,0,1.0,37.5672,0.0,0.0,90,0.5,1,1.0
010_C108,10,C,2,3,OPTIMAL,15.8273,2,1,1,0,1,0.5,12.1366,0.0,3.6907,90,0.5,1,1.0
010_C108,10,C,2,4,OPTIMAL,33.7281,2,1,1,0,1,0.5,30.9996,0.0,2.7285,90,0.5,1,1.0
010_C108,10,C,2,5,OPTIMAL,26.3375,2,2,2,0,0,1.0,26.3375,0.0,0.0,90,0.5,1,1.0
010_C108,10,C,2,6,OPTIMAL,55.4842,2,2,2,0,0,1.0,55.4842,0.0,0.0,90,0.5,1,1.0
010_C108,10,C,2,7,OPTIMAL,10.2252,2,1,1,0,1,0.5,10.1562,0.0,0.069,90,0.5,1,1.0
010_C108,10,C,2,8,OPTIMAL,29.3625,2,2,2,0,0,1.0,29.3625,0.0,0.0,90,0.5,1,1.0
010_C108,10,C,2,9,OPTIMAL,61.3785,2,2,2,0,0,1.0,61.3785,0.0,0.0,90,0.5,1,1.0
010_C108,10,C,3,0,OPTIMAL,75.1647,3,3,3,0,0,1.0,75.1647,0.0,0.0,90,0.5,1,1.0
010_C108,10,C,3,1,OPTIMAL,65.8694,3,3,3,0,0,1.0,65.8694,0.0,0.0,90,0.5,1,1.0
010_C108,10,C,3,2,OPTIMAL,73.3618,3,3,3,0,0,1.0,73.3618,0.0,0.0,90,0.5,1,1.0
010_C108,10,C,3,3,OPTIMAL,47.5637,3,1,1,0,2,0.3333,41.0681,0.0,6.4956,90,0.5,1,1.0
010_C108,10,C,3,4,OPTIMAL,52.3058,3,3,3,0,0,1.0,52.3058,0.0,0.0,90,0.5,1,1.0
010_C108,10,C,3,5,OPTIMAL,65.9301,3,3,3,0,0,1.0,65.9301,0.0,0.0,90,0.5,1,1.0
010_C108,10,C,3,6,OPTIMAL,3.9983,3,0,0,0,3,0.0,0.0,0.0,3.9983,90,0.5,1,1.0
010_C108,10,C,3,7,OPTIMAL,64.3025,3,2,2,0,1,0.6667,60.951,0.0,3.3515,90,0.5,1,1.0
010_C108,10,C,3,8,OPTIMAL,68.698,3,3,3,0,0,1.0,68.698,0.0,0.0,90,0.5,1,1.0
010_C108,10,C,3,9,OPTIMAL,40.1092,3,2,2,0,1,0.6667,36.5975,0.0,3.5117,90,0.5,1,1.0
010_C109,10,C,1,0,OPTIMAL,6.4458,1,0,0,0,1,0.0,0.0,0.0,6.4458,90,0.5,1,1.0
010_C109,10,C,1,1,OPTIMAL,0.3563,1,0,0,0,1,0.0,0.0,0.0,0.3563,90,0.5,1,1.0
010_C109,10,C,1,2,OPTIMAL,2.6927,1,0,0,0,1,0.0,0.0,0.0,2.6927,90,0.5,1,1.0
010_C109,10,C,1,3,OPTIMAL,28.8461,1,1,1,0,0,1.0,28.8461,0.0,0.0,90,0.5,1,1.0
010_C109,10,C,1,4,OPTIMAL,30.4527,1,1,1,0,0,1.0,30.4527,0.0,0.0,90,0.5,1,1.0
010_C109,10,C,1,5,OPTIMAL,36.7772,1,1,1,0,0,1.0,36.7772,0.0,0.0,90,0.5,1,1.0
010_C109,10,C,1,6,OPTIMAL,8.7068,1,1,1,0,0,1.0,8.7068,0.0,0.0,90,0.5,1,1.0
010_C109,10,C,1,7,OPTIMAL,18.7392,1,1,1,0,0,1.0,18.7392,0.0,0.0,90,0.5,1,1.0
010_C109,10,C,1,8,OPTIMAL,17.8356,1,1,1,0,0,1.0,17.8356,0.0,0.0,90,0.5,1,1.0
010_C109,10,C,1,9,OPTIMAL,16.0223,1,1,1,0,0,1.0,16.0223,0.0,0.0,90,0.5,1,1.0
010_C109,10,C,2,0,OPTIMAL,60.6158,2,2,2,0,0,1.0,60.6158,0.0,0.0,90,0.5,1,1.0
010_C109,10,C,2,1,OPTIMAL,19.5434,2,1,1,0,1,0.5,17.6163,0.0,1.9271,90,0.5,1,1.0
010_C109,10,C,2,2,OPTIMAL,37.5672,2,2,2,0,0,1.0,37.5672,0.0,0.0,90,0.5,1,1.0
010_C109,10,C,2,3,OPTIMAL,32.0264,2,2,2,0,0,1.0,32.0264,0.0,0.0,90,0.5,1,1.0
010_C109,10,C,2,4,OPTIMAL,33.7281,2,1,1,0,1,0.5,30.9996,0.0,2.7285,90,0.5,1,1.0
010_C109,10,C,2,5,OPTIMAL,26.3375,2,2,1,1,0,1.0,26.3375,0.0,0.0,90,0.5,1,1.0
010_C109,10,C,2,6,OPTIMAL,55.4842,2,2,2,0,0,1.0,55.4842,0.0,0.0,90,0.5,1,1.0
010_C109,10,C,2,7,OPTIMAL,13.0794,2,1,1,0,1,0.5,10.1562,0.0,2.9232,90,0.5,1,1.0
010_C109,10,C,2,8,OPTIMAL,29.3625,2,2,2,0,0,1.0,29.3625,0.0,0.0,90,0.5,1,1.0
010_C109,10,C,2,9,OPTIMAL,61.3785,2,2,2,0,0,1.0,61.3785,0.0,0.0,90,0.5,1,1.0
010_C109,10,C,3,0,OPTIMAL,75.1647,3,3,3,0,0,1.0,75.1647,0.0,0.0,90,0.5,1,1.0
010_C109,10,C,3,1,OPTIMAL,65.8694,3,3,3,0,0,1.0,65.8694,0.0,0.0,90,0.5,1,1.0
010_C109,10,C,3,2,OPTIMAL,73.3618,3,3,3,0,0,1.0,73.3618,0.0,0.0,90,0.5,1,1.0
010_C109,10,C,3,3,OPTIMAL,24.6124,3,2,1,1,1,0.6667,20.6017,0.0,4.0107,90,0.5,1,1.0
010_C109,10,C,3,4,OPTIMAL,52.3058,3,3,3,0,0,1.0,52.3058,0.0,0.0,90,0.5,1,1.0
010_C109,10,C,3,5,OPTIMAL,65.9301,3,3,2,1,0,1.0,65.9301,0.0,0.0,90,0.5,1,1.0
010_C109,10,C,3,6,OPTIMAL,30.0565,3,2,2,0,1,0.6667,26.732,0.0,3.3245,90,0.5,1,1.0
010_C109,10,C,3,7,OPTIMAL,80.6572,3,3,3,0,0,1.0,80.6572,0.0,0.0,90,0.5,1,1.0
010_C109,10,C,3,8,OPTIMAL,42.941,3,1,1,0,2,0.3333,35.7663,0.0,7.1746,90,0.5,1,1.0
010_C109,10,C,3,9,OPTIMAL,48.0065,3,3,3,0,0,1.0,48.0065,0.0,0.0,90,0.5,1,1.0
010_C201,10,C,1,0,OPTIMAL,12.7129,1,1,1,0,0,1.0,12.7129,0.0,0.0,90,0.5,1,1.0
010_C201,10,C,1,1,OPTIMAL,27.2075,1,1,1,0,0,1.0,27.2075,0.0,0.0,90,0.5,1,1.0
010_C201,10,C,1,2,OPTIMAL,27.0952,1,1,1,0,0,1.0,27.0952,0.0,0.0,90,0.5,1,1.0
010_C201,10,C,1,3,OPTIMAL,1.4632,1,0,0,0,1,0.0,0.0,0.0,1.4632,90,0.5,1,1.0
010_C201,10,C,1,4,OPTIMAL,23.5985,1,1,1,0,0,1.0,23.5985,0.0,0.0,90,0.5,1,1.0
010_C201,10,C,1,5,OPTIMAL,20.4266,1,1,1,0,0,1.0,20.4266,0.0,0.0,90,0.5,1,1.0
010_C201,10,C,1,6,OPTIMAL,27.2405,1,1,1,0,0,1.0,27.2405,0.0,0.0,90,0.5,1,1.0
010_C201,10,C,1,7,OPTIMAL,12.2054,1,1,0,1,0,1.0,12.2054,0.0,0.0,90,0.5,1,1.0
010_C201,10,C,1,8,OPTIMAL,26.7456,1,1,1,0,0,1.0,26.7456,0.0,0.0,90,0.5,1,1.0
010_C201,10,C,1,9,OPTIMAL,27.7089,1,1,1,0,0,1.0,27.7089,0.0,0.0,90,0.5,1,1.0
010_C201,10,C,2,0,OPTIMAL,38.9103,2,2,1,1,0,1.0,38.9103,0.0,0.0,90,0.5,1,1.0
010_C201,10,C,2,1,OPTIMAL,39.1679,2,2,2,0,0,1.0,39.1679,0.0,0.0,90,0.5,1,1.0
010_C201,10,C,2,2,OPTIMAL,47.398,2,2,2,0,0,1.0,47.398,0.0,0.0,90,0.5,1,1.0
010_C201,10,C,2,3,OPTIMAL,37.0757,2,2,2,0,0,1.0,37.0757,0.0,0.0,90,0.5,1,1.0
010_C201,10,C,2,4,OPTIMAL,48.8293,2,2,2,0,0,1.0,48.8293,0.0,0.0,90,0.5,1,1.0
010_C201,10,C,2,5,OPTIMAL,54.7613,2,2,2,0,0,1.0,54.7613,0.0,0.0,90,0.5,1,1.0
010_C201,10,C,2,6,OPTIMAL,51.295,2,2,2,0,0,1.0,51.295,0.0,0.0,90,0.5,1,1.0
010_C201,10,C,2,7,OPTIMAL,43.0828,2,2,2,0,0,1.0,43.0828,0.0,0.0,90,0.5,1,1.0
010_C201,10,C,2,8,OPTIMAL,46.2497,2,2,2,0,0,1.0,46.2497,0.0,0.0,90,0.5,1,1.0
010_C201,10,C,2,9,OPTIMAL,53.113,2,2,2,0,0,1.0,53.113,0.0,0.0,90,0.5,1,1.0
010_C201,10,C,3,0,OPTIMAL,70.1301,3,3,2,1,0,1.0,70.1301,0.0,0.0,90,0.5,1,1.0
010_C201,10,C,3,1,OPTIMAL,61.9275,3,3,3,0,0,1.0,61.9275,0.0,0.0,90,0.5,1,1.0
010_C201,10,C,3,2,OPTIMAL,62.635,3,3,3,0,0,1.0,62.635,0.0,0.0,90,0.5,1,1.0
010_C201,10,C,3,3,OPTIMAL,55.6849,3,3,3,0,0,1.0,55.6849,0.0,0.0,90,0.5,1,1.0
010_C201,10,C,3,4,OPTIMAL,63.9817,3,2,2,0,1,0.6667,46.1409,0.0,17.8408,90,0.5,1,1.0
010_C201,10,C,3,5,OPTIMAL,68.7335,3,3,2,1,0,1.0,68.7335,0.0,0.0,90,0.5,1,1.0
010_C201,10,C,3,6,OPTIMAL,70.1549,3,3,2,1,0,1.0,70.1549,0.0,0.0,90,0.5,1,1.0
010_C201,10,C,3,7,OPTIMAL,67.1678,3,3,3,0,0,1.0,67.1678,0.0,0.0,90,0.5,1,1.0
010_C201,10,C,3,8,OPTIMAL,50.9758,3,2,2,0,1,0.6667,48.097,0.0,2.8788,90,0.5,1,1.0
010_C201,10,C,3,9,OPTIMAL,74.8186,3,3,3,0,0,1.0,74.8186,0.0,0.0,90,0.5,1,1.0
010_C202,10,C,1,0,OPTIMAL,12.7129,1,1,1,0,0,1.0,12.7129,0.0,0.0,90,0.5,1,1.0
010_C202,10,C,1,1,OPTIMAL,27.2075,1,1,1,0,0,1.0,27.2075,0.0,0.0,90,0.5,1,1.0
010_C202,10,C,1,2,OPTIMAL,27.0952,1,1,1,0,0,1.0,27.0952,0.0,0.0,90,0.5,1,1.0
010_C202,10,C,1,3,OPTIMAL,26.4431,1,1,1,0,0,1.0,26.4431,0.0,0.0,90,0.5,1,1.0
010_C202,10,C,1,4,OPTIMAL,23.5985,1,1,1,0,0,1.0,23.5985,0.0,0.0,90,0.5,1,1.0
010_C202,10,C,1,5,OPTIMAL,6.8013,1,0,0,0,1,0.0,0.0,0.0,6.8013,90,0.5,1,1.0
010_C202,10,C,1,6,OPTIMAL,27.2405,1,1,1,0,0,1.0,27.2405,0.0,0.0,90,0.5,1,1.0
010_C202,10,C,1,7,OPTIMAL,3.4869,1,0,0,0,1,0.0,0.0,0.0,3.4869,90,0.5,1,1.0
010_C202,10,C,1,8,OPTIMAL,26.7456,1,1,1,0,0,1.0,26.7456,0.0,0.0,90,0.5,1,1.0
010_C202,10,C,1,9,OPTIMAL,27.7089,1,1,1,0,0,1.0,27.7089,0.0,0.0,90,0.5,1,1.0
010_C202,10,C,2,0,OPTIMAL,38.9103,2,2,1,1,0,1.0,38.9103,0.0,0.0,90,0.5,1,1.0
010_C202,10,C,2,1,OPTIMAL,39.1679,2,2,2,0,0,1.0,39.1679,0.0,0.0,90,0.5,1,1.0
010_C202,10,C,2,2,OPTIMAL,47.398,2,2,2,0,0,1.0,47.398,0.0,0.0,90,0.5,1,1.0
010_C202,10,C,2,3,OPTIMAL,37.0757,2,2,2,0,0,1.0,37.0757,0.0,0.0,90,0.5,1,1.0
010_C202,10,C,2,4,OPTIMAL,48.8293,2,2,2,0,0,1.0,48.8293,0.0,0.0,90,0.5,1,1.0
010_C202,10,C,2,5,OPTIMAL,54.7613,2,2,2,0,0,1.0,54.7613,0.0,0.0,90,0.5,1,1.0
010_C202,10,C,2,6,OPTIMAL,51.295,2,2,2,0,0,1.0,51.295,0.0,0.0,90,0.5,1,1.0
010_C202,10,C,2,7,OPTIMAL,43.0828,2,2,2,0,0,1.0,43.0828,0.0,0.0,90,0.5,1,1.0
010_C202,10,C,2,8,OPTIMAL,46.2497,2,2,2,0,0,1.0,46.2497,0.0,0.0,90,0.5,1,1.0
010_C202,10,C,2,9,OPTIMAL,53.113,2,2,2,0,0,1.0,53.113,0.0,0.0,90,0.5,1,1.0
010_C202,10,C,3,0,OPTIMAL,70.1301,3,3,2,1,0,1.0,70.1301,0.0,0.0,90,0.5,1,1.0
010_C202,10,C,3,1,OPTIMAL,61.9275,3,3,3,0,0,1.0,61.9275,0.0,0.0,90,0.5,1,1.0
010_C202,10,C,3,2,OPTIMAL,62.635,3,3,3,0,0,1.0,62.635,0.0,0.0,90,0.5,1,1.0
010_C202,10,C,3,3,OPTIMAL,55.6849,3,3,2,1,0,1.0,55.6849,0.0,0.0,90,0.5,1,1.0
010_C202,10,C,3,4,OPTIMAL,74.8248,3,3,3,0,0,1.0,74.8248,0.0,0.0,90,0.5,1,1.0
010_C202,10,C,3,5,OPTIMAL,68.7335,3,3,2,1,0,1.0,68.7335,0.0,0.0,90,0.5,1,1.0
010_C202,10,C,3,6,OPTIMAL,70.1549,3,3,2,1,0,1.0,70.1549,0.0,0.0,90,0.5,1,1.0
010_C202,10,C,3,7,OPTIMAL,67.1678,3,3,2,1,0,1.0,67.1678,0.0,0.0,90,0.5,1,1.0
010_C202,10,C,3,8,OPTIMAL,65.8577,3,3,2,1,0,1.0,65.8577,0.0,0.0,90,0.5,1,1.0
010_C202,10,C,3,9,OPTIMAL,74.8186,3,3,3,0,0,1.0,74.8186,0.0,0.0,90,0.5,1,1.0
010_C203,10,C,1,0,OPTIMAL,12.7129,1,1,1,0,0,1.0,12.7129,0.0,0.0,90,0.5,1,1.0
010_C203,10,C,1,1,OPTIMAL,27.2075,1,1,1,0,0,1.0,27.2075,0.0,0.0,90,0.5,1,1.0
010_C203,10,C,1,2,OPTIMAL,27.0952,1,1,1,0,0,1.0,27.0952,0.0,0.0,90,0.5,1,1.0
010_C203,10,C,1,3,OPTIMAL,26.4431,1,1,1,0,0,1.0,26.4431,0.0,0.0,90,0.5,1,1.0
010_C203,10,C,1,4,OPTIMAL,23.5985,1,1,1,0,0,1.0,23.5985,0.0,0.0,90,0.5,1,1.0
010_C203,10,C,1,5,OPTIMAL,6.8013,1,0,0,0,1,0.0,0.0,0.0,6.8013,90,0.5,1,1.0
010_C203,10,C,1,6,OPTIMAL,27.2405,1,1,1,0,0,1.0,27.2405,0.0,0.0,90,0.5,1,1.0
010_C203,10,C,1,7,OPTIMAL,3.4869,1,0,0,0,1,0.0,0.0,0.0,3.4869,90,0.5,1,1.0
010_C203,10,C,1,8,OPTIMAL,26.7456,1,1,1,0,0,1.0,26.7456,0.0,0.0,90,0.5,1,1.0
010_C203,10,C,1,9,OPTIMAL,27.7089,1,1,1,0,0,1.0,27.7089,0.0,0.0,90,0.5,1,1.0
010_C203,10,C,2,0,OPTIMAL,38.9103,2,2,1,1,0,1.0,38.9103,0.0,0.0,90,0.5,1,1.0
010_C203,10,C,2,1,OPTIMAL,39.1679,2,2,2,0,0,1.0,39.1679,0.0,0.0,90,0.5,1,1.0
010_C203,10,C,2,2,OPTIMAL,47.398,2,2,2,0,0,1.0,47.398,0.0,0.0,90,0.5,1,1.0
010_C203,10,C,2,3,OPTIMAL,37.0757,2,2,2,0,0,1.0,37.0757,0.0,0.0,90,0.5,1,1.0
010_C203,10,C,2,4,OPTIMAL,48.8293,2,2,2,0,0,1.0,48.8293,0.0,0.0,90,0.5,1,1.0
010_C203,10,C,2,5,OPTIMAL,54.7613,2,2,2,0,0,1.0,54.7613,0.0,0.0,90,0.5,1,1.0
010_C203,10,C,2,6,OPTIMAL,51.295,2,2,2,0,0,1.0,51.295,0.0,0.0,90,0.5,1,1.0
010_C203,10,C,2,7,OPTIMAL,43.0828,2,2,2,0,0,1.0,43.0828,0.0,0.0,90,0.5,1,1.0
010_C203,10,C,2,8,OPTIMAL,46.2497,2,2,2,0,0,1.0,46.2497,0.0,0.0,90,0.5,1,1.0
010_C203,10,C,2,9,OPTIMAL,53.113,2,2,2,0,0,1.0,53.113,0.0,0.0,90,0.5,1,1.0
010_C203,10,C,3,0,OPTIMAL,70.1301,3,3,2,1,0,1.0,70.1301,0.0,0.0,90,0.5,1,1.0
010_C203,10,C,3,1,OPTIMAL,61.9275,3,3,3,0,0,1.0,61.9275,0.0,0.0,90,0.5,1,1.0
010_C203,10,C,3,2,OPTIMAL,62.635,3,3,3,0,0,1.0,62.635,0.0,0.0,90,0.5,1,1.0
010_C203,10,C,3,3,OPTIMAL,55.6849,3,3,2,1,0,1.0,55.6849,0.0,0.0,90,0.5,1,1.0
010_C203,10,C,3,4,OPTIMAL,74.8248,3,3,3,0,0,1.0,74.8248,0.0,0.0,90,0.5,1,1.0
010_C203,10,C,3,5,OPTIMAL,68.7335,3,3,2,1,0,1.0,68.7335,0.0,0.0,90,0.5,1,1.0
010_C203,10,C,3,6,OPTIMAL,70.1549,3,3,2,1,0,1.0,70.1549,0.0,0.0,90,0.5,1,1.0
010_C203,10,C,3,7,OPTIMAL,67.1678,3,3,2,1,0,1.0,67.1678,0.0,0.0,90,0.5,1,1.0
010_C203,10,C,3,8,OPTIMAL,65.8577,3,3,2,1,0,1.0,65.8577,0.0,0.0,90,0.5,1,1.0
010_C203,10,C,3,9,OPTIMAL,74.8186,3,3,3,0,0,1.0,74.8186,0.0,0.0,90,0.5,1,1.0
010_C204,10,C,1,0,OPTIMAL,12.7129,1,1,1,0,0,1.0,12.7129,0.0,0.0,90,0.5,1,1.0
010_C204,10,C,1,1,OPTIMAL,27.2075,1,1,1,0,0,1.0,27.2075,0.0,0.0,90,0.5,1,1.0
010_C204,10,C,1,2,OPTIMAL,27.0952,1,1,1,0,0,1.0,27.0952,0.0,0.0,90,0.5,1,1.0
010_C204,10,C,1,3,OPTIMAL,26.4431,1,1,1,0,0,1.0,26.4431,0.0,0.0,90,0.5,1,1.0
010_C204,10,C,1,4,OPTIMAL,23.5985,1,1,1,0,0,1.0,23.5985,0.0,0.0,90,0.5,1,1.0
010_C204,10,C,1,5,OPTIMAL,20.4266,1,1,0,1,0,1.0,20.4266,0.0,0.0,90,0.5,1,1.0
010_C204,10,C,1,6,OPTIMAL,27.2405,1,1,1,0,0,1.0,27.2405,0.0,0.0,90,0.5,1,1.0
010_C204,10,C,1,7,OPTIMAL,12.2054,1,1,0,1,0,1.0,12.2054,0.0,0.0,90,0.5,1,1.0
010_C204,10,C,1,8,OPTIMAL,26.7456,1,1,1,0,0,1.0,26.7456,0.0,0.0,90,0.5,1,1.0
010_C204,10,C,1,9,OPTIMAL,27.7089,1,1,1,0,0,1.0,27.7089,0.0,0.0,90,0.5,1,1.0
010_C204,10,C,2,0,OPTIMAL,38.9103,2,2,1,1,0,1.0,38.9103,0.0,0.0,90,0.5,1,1.0
010_C204,10,C,2,1,OPTIMAL,39.1679,2,2,2,0,0,1.0,39.1679,0.0,0.0,90,0.5,1,1.0
010_C204,10,C,2,2,OPTIMAL,47.398,2,2,2,0,0,1.0,47.398,0.0,0.0,90,0.5,1,1.0
010_C204,10,C,2,3,OPTIMAL,37.0757,2,2,2,0,0,1.0,37.0757,0.0,0.0,90,0.5,1,1.0
010_C204,10,C,2,4,OPTIMAL,48.8293,2,2,2,0,0,1.0,48.8293,0.0,0.0,90,0.5,1,1.0
010_C204,10,C,2,5,OPTIMAL,54.7613,2,2,2,0,0,1.0,54.7613,0.0,0.0,90,0.5,1,1.0
010_C204,10,C,2,6,OPTIMAL,51.295,2,2,2,0,0,1.0,51.295,0.0,0.0,90,0.5,1,1.0
010_C204,10,C,2,7,OPTIMAL,43.0828,2,2,2,0,0,1.0,43.0828,0.0,0.0,90,0.5,1,1.0
010_C204,10,C,2,8,OPTIMAL,46.2497,2,2,2,0,0,1.0,46.2497,0.0,0.0,90,0.5,1,1.0
010_C204,10,C,2,9,OPTIMAL,53.113,2,2,2,0,0,1.0,53.113,0.0,0.0,90,0.5,1,1.0
010_C204,10,C,3,0,OPTIMAL,70.1301,3,3,2,1,0,1.0,70.1301,0.0,0.0,90,0.5,1,1.0
010_C204,10,C,3,1,OPTIMAL,61.9275,3,3,3,0,0,1.0,61.9275,0.0,0.0,90,0.5,1,1.0
010_C204,10,C,3,2,OPTIMAL,62.635,3,3,3,0,0,1.0,62.635,0.0,0.0,90,0.5,1,1.0
010_C204,10,C,3,3,OPTIMAL,55.6849,3,3,2,1,0,1.0,55.6849,0.0,0.0,90,0.5,1,1.0
010_C204,10,C,3,4,OPTIMAL,74.8248,3,3,3,0,0,1.0,74.8248,0.0,0.0,90,0.5,1,1.0
010_C204,10,C,3,5,OPTIMAL,68.7335,3,3,2,1,0,1.0,68.7335,0.0,0.0,90,0.5,1,1.0
010_C204,10,C,3,6,OPTIMAL,70.1549,3,3,2,1,0,1.0,70.1549,0.0,0.0,90,0.5,1,1.0
010_C204,10,C,3,7,OPTIMAL,66.8793,3,2,2,0,1,0.6667,56.4844,0.0,10.3949,90,0.5,1,1.0
010_C204,10,C,3,8,OPTIMAL,65.8577,3,3,2,1,0,1.0,65.8577,0.0,0.0,90,0.5,1,1.0
010_C204,10,C,3,9,OPTIMAL,74.8186,3,3,3,0,0,1.0,74.8186,0.0,0.0,90,0.5,1,1.0
010_C205,10,C,1,0,OPTIMAL,6.9772,1,0,0,0,1,0.0,0.0,0.0,6.9772,90,0.5,1,1.0
010_C205,10,C,1,1,OPTIMAL,27.2075,1,1,1,0,0,1.0,27.2075,0.0,0.0,90,0.5,1,1.0
010_C205,10,C,1,2,OPTIMAL,27.0952,1,1,1,0,0,1.0,27.0952,0.0,0.0,90,0.5,1,1.0
010_C205,10,C,1,3,OPTIMAL,26.4431,1,1,1,0,0,1.0,26.4431,0.0,0.0,90,0.5,1,1.0
010_C205,10,C,1,4,OPTIMAL,23.5985,1,1,1,0,0,1.0,23.5985,0.0,0.0,90,0.5,1,1.0
010_C205,10,C,1,5,OPTIMAL,20.4266,1,1,1,0,0,1.0,20.4266,0.0,0.0,90,0.5,1,1.0
010_C205,10,C,1,6,OPTIMAL,27.2405,1,1,1,0,0,1.0,27.2405,0.0,0.0,90,0.5,1,1.0
010_C205,10,C,1,7,OPTIMAL,12.2054,1,1,1,0,0,1.0,12.2054,0.0,0.0,90,0.5,1,1.0
010_C205,10,C,1,8,OPTIMAL,26.7456,1,1,1,0,0,1.0,26.7456,0.0,0.0,90,0.5,1,1.0
010_C205,10,C,1,9,OPTIMAL,27.7089,1,1,1,0,0,1.0,27.7089,0.0,0.0,90,0.5,1,1.0
010_C205,10,C,2,0,OPTIMAL,38.9103,2,2,2,0,0,1.0,38.9103,0.0,0.0,90,0.5,1,1.0
010_C205,10,C,2,1,OPTIMAL,39.1679,2,2,2,0,0,1.0,39.1679,0.0,0.0,90,0.5,1,1.0
010_C205,10,C,2,2,OPTIMAL,47.398,2,2,2,0,0,1.0,47.398,0.0,0.0,90,0.5,1,1.0
010_C205,10,C,2,3,OPTIMAL,37.0757,2,2,2,0,0,1.0,37.0757,0.0,0.0,90,0.5,1,1.0
010_C205,10,C,2,4,OPTIMAL,48.8293,2,2,2,0,0,1.0,48.8293,0.0,0.0,90,0.5,1,1.0
010_C205,10,C,2,5,OPTIMAL,54.7613,2,2,1,1,0,1.0,54.7613,0.0,0.0,90,0.5,1,1.0
010_C205,10,C,2,6,OPTIMAL,51.295,2,2,2,0,0,1.0,51.295,0.0,0.0,90,0.5,1,1.0
010_C205,10,C,2,7,OPTIMAL,27.0381,2,1,1,0,1,0.5,26.657,0.0,0.3812,90,0.5,1,1.0
010_C205,10,C,2,8,OPTIMAL,46.2497,2,2,2,0,0,1.0,46.2497,0.0,0.0,90,0.5,1,1.0
010_C205,10,C,2,9,OPTIMAL,53.113,2,2,1,1,0,1.0,53.113,0.0,0.0,90,0.5,1,1.0
010_C205,10,C,3,0,OPTIMAL,70.1301,3,3,3,0,0,1.0,70.1301,0.0,0.0,90,0.5,1,1.0
010_C205,10,C,3,1,OPTIMAL,61.9275,3,3,3,0,0,1.0,61.9275,0.0,0.0,90,0.5,1,1.0
010_C205,10,C,3,2,OPTIMAL,62.635,3,3,3,0,0,1.0,62.635,0.0,0.0,90,0.5,1,1.0
010_C205,10,C,3,3,OPTIMAL,55.6849,3,3,3,0,0,1.0,55.6849,0.0,0.0,90,0.5,1,1.0
010_C205,10,C,3,4,OPTIMAL,48.2742,3,2,1,1,1,0.6667,46.1409,0.0,2.1334,90,0.5,1,1.0
010_C205,10,C,3,5,OPTIMAL,68.7335,3,3,2,1,0,1.0,68.7335,0.0,0.0,90,0.5,1,1.0
010_C205,10,C,3,6,OPTIMAL,70.1549,3,3,3,0,0,1.0,70.1549,0.0,0.0,90,0.5,1,1.0
010_C205,10,C,3,7,OPTIMAL,67.1678,3,3,3,0,0,1.0,67.1678,0.0,0.0,90,0.5,1,1.0
010_C205,10,C,3,8,OPTIMAL,65.8577,3,3,3,0,0,1.0,65.8577,0.0,0.0,90,0.5,1,1.0
010_C205,10,C,3,9,OPTIMAL,74.8186,3,3,3,0,0,1.0,74.8186,0.0,0.0,90,0.5,1,1.0
010_C206,10,C,1,0,OPTIMAL,12.7129,1,1,1,0,0,1.0,12.7129,0.0,0.0,90,0.5,1,1.0
010_C206,10,C,1,1,OPTIMAL,27.2075,1,1,1,0,0,1.0,27.2075,0.0,0.0,90,0.5,1,1.0
010_C206,10,C,1,2,OPTIMAL,27.0952,1,1,1,0,0,1.0,27.0952,0.0,0.0,90,0.5,1,1.0
010_C206,10,C,1,3,OPTIMAL,26.4431,1,1,1,0,0,1.0,26.4431,0.0,0.0,90,0.5,1,1.0
010_C206,10,C,1,4,OPTIMAL,23.5985,1,1,1,0,0,1.0,23.5985,0.0,0.0,90,0.5,1,1.0
010_C206,10,C,1,5,OPTIMAL,20.4266,1,1,1,0,0,1.0,20.4266,0.0,0.0,90,0.5,1,1.0
010_C206,10,C,1,6,OPTIMAL,27.2405,1,1,1,0,0,1.0,27.2405,0.0,0.0,90,0.5,1,1.0
010_C206,10,C,1,7,OPTIMAL,12.2054,1,1,1,0,0,1.0,12.2054,0.0,0.0,90,0.5,1,1.0
010_C206,10,C,1,8,OPTIMAL,26.7456,1,1,1,0,0,1.0,26.7456,0.0,0.0,90,0.5,1,1.0
010_C206,10,C,1,9,OPTIMAL,27.7089,1,1,1,0,0,1.0,27.7089,0.0,0.0,90,0.5,1,1.0
010_C206,10,C,2,0,OPTIMAL,38.9103,2,2,2,0,0,1.0,38.9103,0.0,0.0,90,0.5,1,1.0
010_C206,10,C,2,1,OPTIMAL,28.6247,2,1,1,0,1,0.5,18.0828,0.0,10.5419,90,0.5,1,1.0
010_C206,10,C,2,2,OPTIMAL,47.398,2,2,2,0,0,1.0,47.398,0.0,0.0,90,0.5,1,1.0
010_C206,10,C,2,3,OPTIMAL,37.0757,2,2,2,0,0,1.0,37.0757,0.0,0.0,90,0.5,1,1.0
010_C206,10,C,2,4,OPTIMAL,48.8293,2,2,2,0,0,1.0,48.8293,0.0,0.0,90,0.5,1,1.0
010_C206,10,C,2,5,OPTIMAL,54.7613,2,2,2,0,0,1.0,54.7613,0.0,0.0,90,0.5,1,1.0
010_C206,10,C,2,6,OPTIMAL,51.295,2,2,2,0,0,1.0,51.295,0.0,0.0,90,0.5,1,1.0
010_C206,10,C,2,7,OPTIMAL,43.0828,2,2,2,0,0,1.0,43.0828,0.0,0.0,90,0.5,1,1.0
010_C206,10,C,2,8,OPTIMAL,46.2497,2,2,2,0,0,1.0,46.2497,0.0,0.0,90,0.5,1,1.0
010_C206,10,C,2,9,OPTIMAL,53.113,2,2,2,0,0,1.0,53.113,0.0,0.0,90,0.5,1,1.0
010_C206,10,C,3,0,OPTIMAL,70.1301,3,3,3,0,0,1.0,70.1301,0.0,0.0,90,0.5,1,1.0
010_C206,10,C,3,1,OPTIMAL,61.9275,3,3,3,0,0,1.0,61.9275,0.0,0.0,90,0.5,1,1.0
010_C206,10,C,3,2,OPTIMAL,62.635,3,3,3,0,0,1.0,62.635,0.0,0.0,90,0.5,1,1.0
010_C206,10,C,3,3,OPTIMAL,55.6849,3,3,3,0,0,1.0,55.6849,0.0,0.0,90,0.5,1,1.0
010_C206,10,C,3,4,OPTIMAL,48.2742,3,2,2,0,1,0.6667,46.1409,0.0,2.1334,90,0.5,1,1.0
010_C206,10,C,3,5,OPTIMAL,68.7335,3,3,2,1,0,1.0,68.7335,0.0,0.0,90,0.5,1,1.0
010_C206,10,C,3,6,OPTIMAL,70.1549,3,3,3,0,0,1.0,70.1549,0.0,0.0,90,0.5,1,1.0
010_C206,10,C,3,7,OPTIMAL,67.1678,3,3,3,0,0,1.0,67.1678,0.0,0.0,90,0.5,1,1.0
010_C206,10,C,3,8,OPTIMAL,65.8577,3,3,2,1,0,1.0,65.8577,0.0,0.0,90,0.5,1,1.0
010_C206,10,C,3,9,OPTIMAL,74.8186,3,3,3,0,0,1.0,74.8186,0.0,0.0,90,0.5,1,1.0
010_C207,10,C,1,0,OPTIMAL,12.7129,1,1,1,0,0,1.0,12.7129,0.0,0.0,90,0.5,1,1.0
010_C207,10,C,1,1,OPTIMAL,27.2075,1,1,1,0,0,1.0,27.2075,0.0,0.0,90,0.5,1,1.0
010_C207,10,C,1,2,OPTIMAL,27.0952,1,1,1,0,0,1.0,27.0952,0.0,0.0,90,0.5,1,1.0
010_C207,10,C,1,3,OPTIMAL,26.4431,1,1,1,0,0,1.0,26.4431,0.0,0.0,90,0.5,1,1.0
010_C207,10,C,1,4,OPTIMAL,23.5985,1,1,0,1,0,1.0,23.5985,0.0,0.0,90,0.5,1,1.0
010_C207,10,C,1,5,OPTIMAL,20.4266,1,1,1,0,0,1.0,20.4266,0.0,0.0,90,0.5,1,1.0
010_C207,10,C,1,6,OPTIMAL,27.2405,1,1,1,0,0,1.0,27.2405,0.0,0.0,90,0.5,1,1.0
010_C207,10,C,1,7,OPTIMAL,12.2054,1,1,1,0,0,1.0,12.2054,0.0,0.0,90,0.5,1,1.0
010_C207,10,C,1,8,OPTIMAL,26.7456,1,1,1,0,0,1.0,26.7456,0.0,0.0,90,0.5,1,1.0
010_C207,10,C,1,9,OPTIMAL,27.7089,1,1,1,0,0,1.0,27.7089,0.0,0.0,90,0.5,1,1.0
010_C207,10,C,2,0,OPTIMAL,38.9103,2,2,2,0,0,1.0,38.9103,0.0,0.0,90,0.5,1,1.0
010_C207,10,C,2,1,OPTIMAL,26.7216,2,1,0,1,1,0.5,18.0828,0.0,8.6388,90,0.5,1,1.0
010_C207,10,C,2,2,OPTIMAL,47.398,2,2,1,1,0,1.0,47.398,0.0,0.0,90,0.5,1,1.0
010_C207,10,C,2,3,OPTIMAL,33.4581,2,1,1,0,1,0.5,13.8893,0.0,19.5687,90,0.5,1,1.0
010_C207,10,C,2,4,OPTIMAL,48.8293,2,2,2,0,0,1.0,48.8293,0.0,0.0,90,0.5,1,1.0
010_C207,10,C,2,5,OPTIMAL,54.7613,2,2,2,0,0,1.0,54.7613,0.0,0.0,90,0.5,1,1.0
010_C207,10,C,2,6,OPTIMAL,51.295,2,2,2,0,0,1.0,51.295,0.0,0.0,90,0.5,1,1.0
010_C207,10,C,2,7,OPTIMAL,43.0828,2,2,2,0,0,1.0,43.0828,0.0,0.0,90,0.5,1,1.0
010_C207,10,C,2,8,OPTIMAL,46.2497,2,2,2,0,0,1.0,46.2497,0.0,0.0,90,0.5,1,1.0
010_C207,10,C,2,9,OPTIMAL,53.113,2,2,2,0,0,1.0,53.113,0.0,0.0,90,0.5,1,1.0
010_C207,10,C,3,0,OPTIMAL,45.7996,3,2,2,0,1,0.6667,43.2366,0.0,2.5631,90,0.5,1,1.0
010_C207,10,C,3,1,OPTIMAL,61.9275,3,3,3,0,0,1.0,61.9275,0.0,0.0,90,0.5,1,1.0
010_C207,10,C,3,2,OPTIMAL,62.635,3,3,2,1,0,1.0,62.635,0.0,0.0,90,0.5,1,1.0
010_C207,10,C,3,3,OPTIMAL,55.6849,3,3,3,0,0,1.0,55.6849,0.0,0.0,90,0.5,1,1.0
010_C207,10,C,3,4,OPTIMAL,74.8248,3,3,2,1,0,1.0,74.8248,0.0,0.0,90,0.5,1,1.0
010_C207,10,C,3,5,OPTIMAL,68.7335,3,3,3,0,0,1.0,68.7335,0.0,0.0,90,0.5,1,1.0
010_C207,10,C,3,6,OPTIMAL,70.1549,3,3,3,0,0,1.0,70.1549,0.0,0.0,90,0.5,1,1.0
010_C207,10,C,3,7,OPTIMAL,67.1678,3,3,3,0,0,1.0,67.1678,0.0,0.0,90,0.5,1,1.0
010_C207,10,C,3,8,OPTIMAL,50.9758,3,2,2,0,1,0.6667,48.097,0.0,2.8788,90,0.5,1,1.0
010_C207,10,C,3,9,OPTIMAL,74.8186,3,3,3,0,0,1.0,74.8186,0.0,0.0,90,0.5,1,1.0
010_C208,10,C,1,0,OPTIMAL,12.7129,1,1,0,1,0,1.0,12.7129,0.0,0.0,90,0.5,1,1.0
010_C208,10,C,1,1,OPTIMAL,27.2075,1,1,1,0,0,1.0,27.2075,0.0,0.0,90,0.5,1,1.0
010_C208,10,C,1,2,OPTIMAL,27.0952,1,1,1,0,0,1.0,27.0952,0.0,0.0,90,0.5,1,1.0
010_C208,10,C,1,3,OPTIMAL,26.4431,1,1,1,0,0,1.0,26.4431,0.0,0.0,90,0.5,1,1.0
010_C208,10,C,1,4,OPTIMAL,23.5985,1,1,1,0,0,1.0,23.5985,0.0,0.0,90,0.5,1,1.0
010_C208,10,C,1,5,OPTIMAL,20.4266,1,1,0,1,0,1.0,20.4266,0.0,0.0,90,0.5,1,1.0
010_C208,10,C,1,6,OPTIMAL,27.2405,1,1,1,0,0,1.0,27.2405,0.0,0.0,90,0.5,1,1.0
010_C208,10,C,1,7,OPTIMAL,12.2054,1,1,1,0,0,1.0,12.2054,0.0,0.0,90,0.5,1,1.0
010_C208,10,C,1,8,OPTIMAL,26.7456,1,1,1,0,0,1.0,26.7456,0.0,0.0,90,0.5,1,1.0
010_C208,10,C,1,9,OPTIMAL,27.7089,1,1,1,0,0,1.0,27.7089,0.0,0.0,90,0.5,1,1.0
010_C208,10,C,2,0,OPTIMAL,38.9103,2,2,2,0,0,1.0,38.9103,0.0,0.0,90,0.5,1,1.0
010_C208,10,C,2,1,OPTIMAL,39.1679,2,2,1,1,0,1.0,39.1679,0.0,0.0,90,0.5,1,1.0
010_C208,10,C,2,2,OPTIMAL,34.8533,2,1,1,0,1,0.5,23.9347,0.0,10.9186,90,0.5,1,1.0
010_C208,10,C,2,3,OPTIMAL,36.7348,2,1,1,0,1,0.5,23.1863,0.0,13.5484,90,0.5,1,1.0
010_C208,10,C,2,4,OPTIMAL,48.8293,2,2,2,0,0,1.0,48.8293,0.0,0.0,90,0.5,1,1.0
010_C208,10,C,2,5,OPTIMAL,54.7613,2,2,2,0,0,1.0,54.7613,0.0,0.0,90,0.5,1,1.0
010_C208,10,C,2,6,OPTIMAL,51.295,2,2,2,0,0,1.0,51.295,0.0,0.0,90,0.5,1,1.0
010_C208,10,C,2,7,OPTIMAL,28.317,2,1,1,0,1,0.5,26.657,0.0,1.66,90,0.5,1,1.0
010_C208,10,C,2,8,OPTIMAL,46.2497,2,2,2,0,0,1.0,46.2497,0.0,0.0,90,0.5,1,1.0
010_C208,10,C,2,9,OPTIMAL,53.113,2,2,2,0,0,1.0,53.113,0.0,0.0,90,0.5,1,1.0
010_C208,10,C,3,0,OPTIMAL,70.1301,3,3,3,0,0,1.0,70.1301,0.0,0.0,90,0.5,1,1.0
010_C208,10,C,3,1,OPTIMAL,61.9275,3,3,3,0,0,1.0,61.9275,0.0,0.0,90,0.5,1,1.0
010_C208,10,C,3,2,OPTIMAL,62.635,3,3,2,1,0,1.0,62.635,0.0,0.0,90,0.5,1,1.0
010_C208,10,C,3,3,OPTIMAL,46.5155,3,2,2,0,1,0.6667,41.8111,0.0,4.7044,90,0.5,1,1.0
010_C208,10,C,3,4,OPTIMAL,68.7849,3,2,2,0,1,0.6667,58.9443,0.0,9.8406,90,0.5,1,1.0
010_C208,10,C,3,5,OPTIMAL,68.7335,3,3,3,0,0,1.0,68.7335,0.0,0.0,90,0.5,1,1.0
010_C208,10,C,3,6,OPTIMAL,70.1549,3,3,3,0,0,1.0,70.1549,0.0,0.0,90,0.5,1,1.0
010_C208,10,C,3,7,OPTIMAL,67.1678,3,3,2,1,0,1.0,67.1678,0.0,0.0,90,0.5,1,1.0
010_C208,10,C,3,8,OPTIMAL,65.8577,3,3,2,1,0,1.0,65.8577,0.0,0.0,90,0.5,1,1.0
010_C208,10,C,3,9,OPTIMAL,74.8186,3,3,3,0,0,1.0,74.8186,0.0,0.0,90,0.5,1,1.0
010_R101,10,R,1,0,OPTIMAL,20.5717,1,1,0,1,0,1.0,20.5717,0.0,0.0,90,0.5,1,1.0
010_R101,10,R,1,1,OPTIMAL,5.4693,1,0,0,0,1,0.0,0.0,0.0,5.4693,90,0.5,1,1.0
010_R101,10,R,1,2,OPTIMAL,0.4673,1,0,0,0,1,0.0,0.0,0.0,0.4673,90,0.5,1,1.0
010_R101,10,R,1,3,OPTIMAL,4.6255,1,0,0,0,1,0.0,0.0,0.0,4.6255,90,0.5,1,1.0
010_R101,10,R,1,4,OPTIMAL,4.4447,1,0,0,0,1,0.0,0.0,0.0,4.4447,90,0.5,1,1.0
010_R101,10,R,1,5,OPTIMAL,3.8621,1,0,0,0,1,0.0,0.0,0.0,3.8621,90,0.5,1,1.0
010_R101,10,R,1,6,OPTIMAL,13.3736,1,0,0,0,1,0.0,0.0,0.0,13.3736,90,0.5,1,1.0
010_R101,10,R,1,7,OPTIMAL,6.5305,1,0,0,0,1,0.0,0.0,0.0,6.5305,90,0.5,1,1.0
010_R101,10,R,1,8,OPTIMAL,25.7199,1,1,1,0,0,1.0,25.7199,0.0,0.0,90,0.5,1,1.0
010_R101,10,R,1,9,OPTIMAL,1.0304,1,0,0,0,1,0.0,0.0,0.0,1.0304,90,0.5,1,1.0
010_R101,10,R,2,0,OPTIMAL,57.3759,2,2,0,2,0,1.0,57.3759,0.0,0.0,90,0.5,1,1.0
010_R101,10,R,2,1,OPTIMAL,14.7413,2,0,0,0,2,0.0,0.0,0.0,14.7413,90,0.5,1,1.0
010_R101,10,R,2,2,OPTIMAL,42.8134,2,1,0,1,1,0.5,18.8192,0.0,23.9942,90,0.5,1,1.0
010_R101,10,R,2,3,OPTIMAL,22.1302,2,0,0,0,2,0.0,0.0,0.0,22.1302,90,0.5,1,1.0
010_R101,10,R,2,4,OPTIMAL,29.605,2,1,1,0,1,0.5,25.6817,0.0,3.9233,90,0.5,1,1.0
010_R101,10,R,2,5,OPTIMAL,9.7562,2,0,0,0,2,0.0,0.0,0.0,9.7562,90,0.5,1,1.0
010_R101,10,R,2,6,OPTIMAL,7.5077,2,0,0,0,2,0.0,0.0,0.0,7.5077,90,0.5,1,1.0
010_R101,10,R,2,7,OPTIMAL,42.5757,2,2,0,2,0,1.0,42.5757,0.0,0.0,90,0.5,1,1.0
010_R101,10,R,2,8,OPTIMAL,4.256,2,0,0,0,2,0.0,0.0,0.0,4.256,90,0.5,1,1.0
010_R101,10,R,2,9,OPTIMAL,3.0756,2,0,0,0,2,0.0,0.0,0.0,3.0756,90,0.5,1,1.0
010_R101,10,R,3,0,OPTIMAL,62.9532,3,2,0,2,1,0.6667,60.5978,0.0,2.3554,90,0.5,1,1.0
010_R101,10,R,3,1,OPTIMAL,42.2158,3,1,1,0,2,0.3333,32.1708,0.0,10.045,90,0.5,1,1.0
010_R101,10,R,3,2,OPTIMAL,32.5789,3,1,0,1,2,0.3333,32.0865,0.0,0.4923,90,0.5,1,1.0
010_R101,10,R,3,3,OPTIMAL,43.5611,3,1,0,1,2,0.3333,31.5057,0.0,12.0555,90,0.5,1,1.0
010_R101,10,R,3,4,OPTIMAL,41.5464,3,2,0,2,1,0.6667,37.2583,0.0,4.2881,90,0.5,1,1.0
010_R101,10,R,3,5,OPTIMAL,23.8092,3,0,0,0,3,0.0,0.0,0.0,23.8092,90,0.5,1,1.0
010_R101,10,R,3,6,OPTIMAL,44.6005,3,1,0,1,2,0.3333,22.2162,0.0,22.3843,90,0.5,1,1.0
010_R101,10,R,3,7,OPTIMAL,33.6263,3,2,0,2,1,0.6667,33.1238,0.0,0.5024,90,0.5,1,1.0
010_R101,10,R,3,8,OPTIMAL,26.5284,3,1,0,1,2,0.3333,21.9197,0.0,4.6087,90,0.5,1,1.0
010_R101,10,R,3,9,OPTIMAL,7.48,3,0,0,0,3,0.0,0.0,0.0,7.48,90,0.5,1,1.0
010_R102,10,R,1,0,OPTIMAL,20.5717,1,1,0,1,0,1.0,20.5717,0.0,0.0,90,0.5,1,1.0
010_R102,10,R,1,1,OPTIMAL,17.9431,1,1,0,1,0,1.0,17.9431,0.0,0.0,90,0.5,1,1.0
010_R102,10,R,1,2,OPTIMAL,0.4673,1,0,0,0,1,0.0,0.0,0.0,0.4673,90,0.5,1,1.0
010_R102,10,R,1,3,OPTIMAL,8.6434,1,0,0,0,1,0.0,0.0,0.0,8.6434,90,0.5,1,1.0
010_R102,10,R,1,4,OPTIMAL,1.8976,1,0,0,0,1,0.0,0.0,0.0,1.8976,90,0.5,1,1.0
010_R102,10,R,1,5,OPTIMAL,3.8621,1,0,0,0,1,0.0,0.0,0.0,3.8621,90,0.5,1,1.0
010_R102,10,R,1,6,OPTIMAL,13.3736,1,0,0,0,1,0.0,0.0,0.0,13.3736,90,0.5,1,1.0
010_R102,10,R,1,7,OPTIMAL,10.3099,1,0,0,0,1,0.0,0.0,0.0,10.3099,90,0.5,1,1.0
010_R102,10,R,1,8,OPTIMAL,25.7199,1,1,1,0,0,1.0,25.7199,0.0,0.0,90,0.5,1,1.0
010_R102,10,R,1,9,OPTIMAL,1.0304,1,0,0,0,1,0.0,0.0,0.0,1.0304,90,0.5,1,1.0
010_R102,10,R,2,0,OPTIMAL,57.3759,2,2,0,2,0,1.0,57.3759,0.0,0.0,90,0.5,1,1.0
010_R102,10,R,2,1,OPTIMAL,12.7161,2,0,0,0,2,0.0,0.0,0.0,12.7161,90,0.5,1,1.0
010_R102,10,R,2,2,OPTIMAL,42.8134,2,1,0,1,1,0.5,18.8192,0.0,23.9942,90,0.5,1,1.0
010_R102,10,R,2,3,OPTIMAL,25.6283,2,0,0,0,2,0.0,0.0,0.0,25.6283,90,0.5,1,1.0
010_R102,10,R,2,4,OPTIMAL,26.996,2,1,1,0,1,0.5,25.6817,0.0,1.3142,90,0.5,1,1.0
010_R102,10,R,2,5,OPTIMAL,3.5987,2,0,0,0,2,0.0,0.0,0.0,3.5987,90,0.5,1,1.0
010_R102,10,R,2,6,OPTIMAL,13.2429,2,0,0,0,2,0.0,0.0,0.0,13.2429,90,0.5,1,1.0
010_R102,10,R,2,7,OPTIMAL,29.822,2,1,0,1,1,0.5,28.9546,0.0,0.8673,90,0.5,1,1.0
010_R102,10,R,2,8,OPTIMAL,20.1045,2,1,0,1,1,0.5,19.9067,0.0,0.1978,90,0.5,1,1.0
010_R102,10,R,2,9,OPTIMAL,7.0864,2,0,0,0,2,0.0,0.0,0.0,7.0864,90,0.5,1,1.0
010_R102,10,R,3,0,OPTIMAL,45.4721,3,1,0,1,2,0.3333,21.5751,0.0,23.897,90,0.5,1,1.0
010_R102,10,R,3,1,OPTIMAL,53.3631,3,1,0,1,2,0.3333,32.1708,0.0,21.1923,90,0.5,1,1.0
010_R102,10,R,3,2,OPTIMAL,37.5694,3,1,0,1,2,0.3333,32.0865,0.0,5.4829,90,0.5,1,1.0
010_R102,10,R,3,3,OPTIMAL,43.5611,3,1,0,1,2,0.3333,31.5057,0.0,12.0555,90,0.5,1,1.0
010_R102,10,R,3,4,OPTIMAL,41.5464,3,2,0,2,1,0.6667,37.2583,0.0,4.2881,90,0.5,1,1.0
010_R102,10,R,3,5,OPTIMAL,43.0801,3,1,1,0,2,0.3333,19.3005,0.0,23.7796,90,0.5,1,1.0
010_R102,10,R,3,6,OPTIMAL,48.249,3,1,1,0,2,0.3333,22.2162,0.0,26.0328,90,0.5,1,1.0
010_R102,10,R,3,7,OPTIMAL,53.3429,3,3,1,2,0,1.0,53.3429,0.0,0.0,90,0.5,1,1.0
010_R102,10,R,3,8,OPTIMAL,29.7891,3,1,0,1,2,0.3333,21.9197,0.0,7.8695,90,0.5,1,1.0
010_R102,10,R,3,9,OPTIMAL,3.214,3,0,0,0,3,0.0,0.0,0.0,3.214,90,0.5,1,1.0
010_R103,10,R,1,0,OPTIMAL,20.5717,1,1,0,1,0,1.0,20.5717,0.0,0.0,90,0.5,1,1.0
010_R103,10,R,1,1,OPTIMAL,17.9431,1,1,0,1,0,1.0,17.9431,0.0,0.0,90,0.5,1,1.0
010_R103,10,R,1,2,OPTIMAL,0.4673,1,0,0,0,1,0.0,0.0,0.0,0.4673,90,0.5,1,1.0
010_R103,10,R,1,3,OPTIMAL,8.6434,1,0,0,0,1,0.0,0.0,0.0,8.6434,90,0.5,1,1.0
010_R103,10,R,1,4,OPTIMAL,1.8976,1,0,0,0,1,0.0,0.0,0.0,1.8976,90,0.5,1,1.0
010_R103,10,R,1,5,OPTIMAL,3.8621,1,0,0,0,1,0.0,0.0,0.0,3.8621,90,0.5,1,1.0
010_R103,10,R,1,6,OPTIMAL,13.3736,1,0,0,0,1,0.0,0.0,0.0,13.3736,90,0.5,1,1.0
010_R103,10,R,1,7,OPTIMAL,10.3099,1,0,0,0,1,0.0,0.0,0.0,10.3099,90,0.5,1,1.0
010_R103,10,R,1,8,OPTIMAL,25.7199,1,1,1,0,0,1.0,25.7199,0.0,0.0,90,0.5,1,1.0
010_R103,10,R,1,9,OPTIMAL,1.0304,1,0,0,0,1,0.0,0.0,0.0,1.0304,90,0.5,1,1.0
010_R103,10,R,2,0,OPTIMAL,57.3759,2,2,0,2,0,1.0,57.3759,0.0,0.0,90,0.5,1,1.0
010_R103,10,R,2,1,OPTIMAL,12.7161,2,0,0,0,2,0.0,0.0,0.0,12.7161,90,0.5,1,1.0
010_R103,10,R,2,2,OPTIMAL,42.8134,2,1,0,1,1,0.5,18.8192,0.0,23.9942,90,0.5,1,1.0
010_R103,10,R,2,3,OPTIMAL,25.6283,2,0,0,0,2,0.0,0.0,0.0,25.6283,90,0.5,1,1.0
010_R103,10,R,2,4,OPTIMAL,26.996,2,1,1,0,1,0.5,25.6817,0.0,1.3142,90,0.5,1,1.0
010_R103,10,R,2,5,OPTIMAL,3.5987,2,0,0,0,2,0.0,0.0,0.0,3.5987,90,0.5,1,1.0
010_R103,10,R,2,6,OPTIMAL,13.2429,2,0,0,0,2,0.0,0.0,0.0,13.2429,90,0.5,1,1.0
010_R103,10,R,2,7,OPTIMAL,29.822,2,1,0,1,1,0.5,28.9546,0.0,0.8673,90,0.5,1,1.0
010_R103,10,R,2,8,OPTIMAL,20.1045,2,1,0,1,1,0.5,19.9067,0.0,0.1978,90,0.5,1,1.0
010_R103,10,R,2,9,OPTIMAL,7.0864,2,0,0,0,2,0.0,0.0,0.0,7.0864,90,0.5,1,1.0
010_R103,10,R,3,0,OPTIMAL,45.4721,3,1,0,1,2,0.3333,21.5751,0.0,23.897,90,0.5,1,1.0
010_R103,10,R,3,1,OPTIMAL,53.3631,3,1,0,1,2,0.3333,32.1708,0.0,21.1923,90,0.5,1,1.0
010_R103,10,R,3,2,OPTIMAL,37.5694,3,1,0,1,2,0.3333,32.0865,0.0,5.4829,90,0.5,1,1.0
010_R103,10,R,3,3,OPTIMAL,43.5611,3,1,0,1,2,0.3333,31.5057,0.0,12.0555,90,0.5,1,1.0
010_R103,10,R,3,4,OPTIMAL,41.5464,3,2,0,2,1,0.6667,37.2583,0.0,4.2881,90,0.5,1,1.0
010_R103,10,R,3,5,OPTIMAL,43.0801,3,1,1,0,2,0.3333,19.3005,0.0,23.7796,90,0.5,1,1.0
010_R103,10,R,3,6,OPTIMAL,48.249,3,1,1,0,2,0.3333,22.2162,0.0,26.0328,90,0.5,1,1.0
010_R103,10,R,3,7,OPTIMAL,53.3429,3,3,1,2,0,1.0,53.3429,0.0,0.0,90,0.5,1,1.0
010_R103,10,R,3,8,OPTIMAL,29.7891,3,1,0,1,2,0.3333,21.9197,0.0,7.8695,90,0.5,1,1.0
010_R103,10,R,3,9,OPTIMAL,3.214,3,0,0,0,3,0.0,0.0,0.0,3.214,90,0.5,1,1.0
010_R104,10,R,1,0,OPTIMAL,20.5717,1,1,0,1,0,1.0,20.5717,0.0,0.0,90,0.5,1,1.0
010_R104,10,R,1,1,OPTIMAL,17.9431,1,1,0,1,0,1.0,17.9431,0.0,0.0,90,0.5,1,1.0
010_R104,10,R,1,2,OPTIMAL,4.9978,1,0,0,0,1,0.0,0.0,0.0,4.9978,90,0.5,1,1.0
010_R104,10,R,1,3,OPTIMAL,17.1216,1,1,0,1,0,1.0,17.1216,0.0,0.0,90,0.5,1,1.0
010_R104,10,R,1,4,OPTIMAL,1.8976,1,0,0,0,1,0.0,0.0,0.0,1.8976,90,0.5,1,1.0
010_R104,10,R,1,5,OPTIMAL,16.7096,1,1,1,0,0,1.0,16.7096,0.0,0.0,90,0.5,1,1.0
010_R104,10,R,1,6,OPTIMAL,22.9492,1,1,1,0,0,1.0,22.9492,0.0,0.0,90,0.5,1,1.0
010_R104,10,R,1,7,OPTIMAL,6.5305,1,0,0,0,1,0.0,0.0,0.0,6.5305,90,0.5,1,1.0
010_R104,10,R,1,8,OPTIMAL,25.7199,1,1,1,0,0,1.0,25.7199,0.0,0.0,90,0.5,1,1.0
010_R104,10,R,1,9,OPTIMAL,3.3148,1,0,0,0,1,0.0,0.0,0.0,3.3148,90,0.5,1,1.0
010_R104,10,R,2,0,OPTIMAL,57.3759,2,2,0,2,0,1.0,57.3759,0.0,0.0,90,0.5,1,1.0
010_R104,10,R,2,1,OPTIMAL,23.3323,2,1,1,0,1,0.5,21.3071,0.0,2.0252,90,0.5,1,1.0
010_R104,10,R,2,2,OPTIMAL,44.1043,2,2,1,1,0,1.0,44.1043,0.0,0.0,90,0.5,1,1.0
010_R104,10,R,2,3,OPTIMAL,22.1302,2,0,0,0,2,0.0,0.0,0.0,22.1302,90,0.5,1,1.0
010_R104,10,R,2,4,OPTIMAL,26.996,2,1,1,0,1,0.5,25.6817,0.0,1.3142,90,0.5,1,1.0
010_R104,10,R,2,5,OPTIMAL,3.5987,2,0,0,0,2,0.0,0.0,0.0,3.5987,90,0.5,1,1.0
010_R104,10,R,2,6,OPTIMAL,18.0097,2,1,0,1,1,0.5,10.5574,0.0,7.4523,90,0.5,1,1.0
010_R104,10,R,2,7,OPTIMAL,29.822,2,1,0,1,1,0.5,28.9546,0.0,0.8673,90,0.5,1,1.0
010_R104,10,R,2,8,OPTIMAL,20.1045,2,1,0,1,1,0.5,19.9067,0.0,0.1978,90,0.5,1,1.0
010_R104,10,R,2,9,OPTIMAL,28.6016,2,0,0,0,2,0.0,0.0,0.0,28.6016,90,0.5,1,1.0
010_R104,10,R,3,0,OPTIMAL,52.5608,3,2,0,2,1,0.6667,49.6199,0.0,2.9408,90,0.5,1,1.0
010_R104,10,R,3,1,OPTIMAL,47.0423,3,1,0,1,2,0.3333,32.1708,0.0,14.8715,90,0.5,1,1.0
010_R104,10,R,3,2,OPTIMAL,61.0628,3,1,1,0,2,0.3333,32.0865,0.0,28.9763,90,0.5,1,1.0
010_R104,10,R,3,3,OPTIMAL,55.4397,3,2,1,1,1,0.6667,50.8395,0.0,4.6001,90,0.5,1,1.0
010_R104,10,R,3,4,OPTIMAL,54.8513,3,2,0,2,1,0.6667,37.2583,0.0,17.593,90,0.5,1,1.0
010_R104,10,R,3,5,OPTIMAL,53.948,3,0,0,0,3,0.0,0.0,0.0,53.948,90,0.5,1,1.0
010_R104,10,R,3,6,OPTIMAL,44.6005,3,1,1,0,2,0.3333,22.2162,0.0,22.3843,90,0.5,1,1.0
010_R104,10,R,3,7,OPTIMAL,49.304,3,2,0,2,1,0.6667,38.5413,0.0,10.7628,90,0.5,1,1.0
010_R104,10,R,3,8,OPTIMAL,40.2414,3,2,1,1,1,0.6667,32.9899,0.0,7.2515,90,0.5,1,1.0
010_R104,10,R,3,9,OPTIMAL,3.5121,3,0,0,0,3,0.0,0.0,0.0,3.5121,90,0.5,1,1.0
010_R105,10,R,1,0,OPTIMAL,20.5717,1,1,0,1,0,1.0,20.5717,0.0,0.0,90,0.5,1,1.0
010_R105,10,R,1,1,OPTIMAL,5.4693,1,0,0,0,1,0.0,0.0,0.0,5.4693,90,0.5,1,1.0
010_R105,10,R,1,2,OPTIMAL,9.6783,1,1,0,1,0,1.0,9.6783,0.0,0.0,90,0.5,1,1.0
010_R105,10,R,1,3,OPTIMAL,4.6255,1,0,0,0,1,0.0,0.0,0.0,4.6255,90,0.5,1,1.0
010_R105,10,R,1,4,OPTIMAL,4.4447,1,0,0,0,1,0.0,0.0,0.0,4.4447,90,0.5,1,1.0
010_R105,10,R,1,5,OPTIMAL,3.8621,1,0,0,0,1,0.0,0.0,0.0,3.8621,90,0.5,1,1.0
010_R105,10,R,1,6,OPTIMAL,13.3736,1,0,0,0,1,0.0,0.0,0.0,13.3736,90,0.5,1,1.0
010_R105,10,R,1,7,OPTIMAL,11.9123,1,0,0,0,1,0.0,0.0,0.0,11.9123,90,0.5,1,1.0
010_R105,10,R,1,8,OPTIMAL,25.7199,1,1,0,1,0,1.0,25.7199,0.0,0.0,90,0.5,1,1.0
010_R105,10,R,1,9,OPTIMAL,1.0304,1,0,0,0,1,0.0,0.0,0.0,1.0304,90,0.5,1,1.0
010_R105,10,R,2,0,OPTIMAL,57.3759,2,2,0,2,0,1.0,57.3759,0.0,0.0,90,0.5,1,1.0
010_R105,10,R,2,1,OPTIMAL,24.2799,2,1,0,1,1,0.5,13.589,0.0,10.6909,90,0.5,1,1.0
010_R105,10,R,2,2,OPTIMAL,37.9576,2,0,0,0,2,0.0,0.0,0.0,37.9576,90,0.5,1,1.0
010_R105,10,R,2,3,OPTIMAL,25.6283,2,0,0,0,2,0.0,0.0,0.0,25.6283,90,0.5,1,1.0
010_R105,10,R,2,4,OPTIMAL,29.605,2,1,1,0,1,0.5,25.6817,0.0,3.9233,90,0.5,1,1.0
010_R105,10,R,2,5,OPTIMAL,9.7562,2,0,0,0,2,0.0,0.0,0.0,9.7562,90,0.5,1,1.0
010_R105,10,R,2,6,OPTIMAL,12.2088,2,0,0,0,2,0.0,0.0,0.0,12.2088,90,0.5,1,1.0
010_R105,10,R,2,7,OPTIMAL,30.6893,2,1,0,1,1,0.5,28.9546,0.0,1.7347,90,0.5,1,1.0
010_R105,10,R,2,8,OPTIMAL,7.7232,2,0,0,0,2,0.0,0.0,0.0,7.7232,90,0.5,1,1.0
010_R105,10,R,2,9,OPTIMAL,3.0756,2,0,0,0,2,0.0,0.0,0.0,3.0756,90,0.5,1,1.0
010_R105,10,R,3,0,OPTIMAL,52.5065,3,2,0,2,1,0.6667,49.6199,0.0,2.8866,90,0.5,1,1.0
010_R105,10,R,3,1,OPTIMAL,48.5366,3,1,1,0,2,0.3333,32.1708,0.0,16.3658,90,0.5,1,1.0
010_R105,10,R,3,2,OPTIMAL,32.5789,3,1,0,1,2,0.3333,32.0865,0.0,0.4923,90,0.5,1,1.0
010_R105,10,R,3,3,OPTIMAL,43.5611,3,1,0,1,2,0.3333,31.5057,0.0,12.0555,90,0.5,1,1.0
010_R105,10,R,3,4,OPTIMAL,41.5464,3,2,0,2,1,0.6667,37.2583,0.0,4.2881,90,0.5,1,1.0
010_R105,10,R,3,5,OPTIMAL,23.8092,3,0,0,0,3,0.0,0.0,0.0,23.8092,90,0.5,1,1.0
010_R105,10,R,3,6,OPTIMAL,48.249,3,1,1,0,2,0.3333,22.2162,0.0,26.0328,90,0.5,1,1.0
010_R105,10,R,3,7,OPTIMAL,33.6263,3,2,0,2,1,0.6667,33.1238,0.0,0.5024,90,0.5,1,1.0
010_R105,10,R,3,8,OPTIMAL,26.5284,3,1,0,1,2,0.3333,21.9197,0.0,4.6087,90,0.5,1,1.0
010_R105,10,R,3,9,OPTIMAL,7.8225,3,0,0,0,3,0.0,0.0,0.0,7.8225,90,0.5,1,1.0
010_R106,10,R,1,0,OPTIMAL,20.5717,1,1,0,1,0,1.0,20.5717,0.0,0.0,90,0.5,1,1.0
010_R106,10,R,1,1,OPTIMAL,17.9431,1,1,0,1,0,1.0,17.9431,0.0,0.0,90,0.5,1,1.0
010_R106,10,R,1,2,OPTIMAL,9.6783,1,1,0,1,0,1.0,9.6783,0.0,0.0,90,0.5,1,1.0
010_R106,10,R,1,3,OPTIMAL,8.6434,1,0,0,0,1,0.0,0.0,0.0,8.6434,90,0.5,1,1.0
010_R106,10,R,1,4,OPTIMAL,1.8976,1,0,0,0,1,0.0,0.0,0.0,1.8976,90,0.5,1,1.0
010_R106,10,R,1,5,OPTIMAL,3.8621,1,0,0,0,1,0.0,0.0,0.0,3.8621,90,0.5,1,1.0
010_R106,10,R,1,6,OPTIMAL,13.3736,1,0,0,0,1,0.0,0.0,0.0,13.3736,90,0.5,1,1.0
010_R106,10,R,1,7,OPTIMAL,11.9123,1,0,0,0,1,0.0,0.0,0.0,11.9123,90,0.5,1,1.0
010_R106,10,R,1,8,OPTIMAL,25.7199,1,1,1,0,0,1.0,25.7199,0.0,0.0,90,0.5,1,1.0
010_R106,10,R,1,9,OPTIMAL,1.0304,1,0,0,0,1,0.0,0.0,0.0,1.0304,90,0.5,1,1.0
010_R106,10,R,2,0,OPTIMAL,57.3759,2,2,2,0,0,1.0,57.3759,0.0,0.0,90,0.5,1,1.0
010_R106,10,R,2,1,OPTIMAL,12.7161,2,0,0,0,2,0.0,0.0,0.0,12.7161,90,0.5,1,1.0
010_R106,10,R,2,2,OPTIMAL,37.9576,2,0,0,0,2,0.0,0.0,0.0,37.9576,90,0.5,1,1.0
010_R106,10,R,2,3,OPTIMAL,25.6283,2,0,0,0,2,0.0,0.0,0.0,25.6283,90,0.5,1,1.0
010_R106,10,R,2,4,OPTIMAL,26.996,2,1,1,0,1,0.5,25.6817,0.0,1.3142,90,0.5,1,1.0
010_R106,10,R,2,5,OPTIMAL,3.5987,2,0,0,0,2,0.0,0.0,0.0,3.5987,90,0.5,1,1.0
010_R106,10,R,2,6,OPTIMAL,13.2429,2,0,0,0,2,0.0,0.0,0.0,13.2429,90,0.5,1,1.0
010_R106,10,R,2,7,OPTIMAL,29.822,2,1,0,1,1,0.5,28.9546,0.0,0.8673,90,0.5,1,1.0
010_R106,10,R,2,8,OPTIMAL,20.1045,2,1,0,1,1,0.5,19.9067,0.0,0.1978,90,0.5,1,1.0
010_R106,10,R,2,9,OPTIMAL,7.0864,2,0,0,0,2,0.0,0.0,0.0,7.0864,90,0.5,1,1.0
010_R106,10,R,3,0,OPTIMAL,51.9836,3,1,0,1,2,0.3333,21.5751,0.0,30.4085,90,0.5,1,1.0
010_R106,10,R,3,1,OPTIMAL,53.3631,3,1,0,1,2,0.3333,32.1708,0.0,21.1923,90,0.5,1,1.0
010_R106,10,R,3,2,OPTIMAL,51.2388,3,1,0,1,2,0.3333,21.2993,0.0,29.9394,90,0.5,1,1.0
010_R106,10,R,3,3,OPTIMAL,43.5611,3,1,0,1,2,0.3333,31.5057,0.0,12.0555,90,0.5,1,1.0
010_R106,10,R,3,4,OPTIMAL,41.5464,3,2,0,2,1,0.6667,37.2583,0.0,4.2881,90,0.5,1,1.0
010_R106,10,R,3,5,OPTIMAL,32.0613,3,0,0,0,3,0.0,0.0,0.0,32.0613,90,0.5,1,1.0
010_R106,10,R,3,6,OPTIMAL,48.249,3,1,1,0,2,0.3333,22.2162,0.0,26.0328,90,0.5,1,1.0
010_R106,10,R,3,7,OPTIMAL,38.8393,3,2,0,2,1,0.6667,38.5413,0.0,0.298,90,0.5,1,1.0
010_R106,10,R,3,8,OPTIMAL,29.7891,3,1,0,1,2,0.3333,21.9197,0.0,7.8695,90,0.5,1,1.0
010_R106,10,R,3,9,OPTIMAL,3.214,3,0,0,0,3,0.0,0.0,0.0,3.214,90,0.5,1,1.0
010_R107,10,R,1,0,OPTIMAL,20.5717,1,1,0,1,0,1.0,20.5717,0.0,0.0,90,0.5,1,1.0
010_R107,10,R,1,1,OPTIMAL,17.9431,1,1,0,1,0,1.0,17.9431,0.0,0.0,90,0.5,1,1.0
010_R107,10,R,1,2,OPTIMAL,9.6783,1,1,0,1,0,1.0,9.6783,0.0,0.0,90,0.5,1,1.0
010_R107,10,R,1,3,OPTIMAL,8.6434,1,0,0,0,1,0.0,0.0,0.0,8.6434,90,0.5,1,1.0
010_R107,10,R,1,4,OPTIMAL,1.8976,1,0,0,0,1,0.0,0.0,0.0,1.8976,90,0.5,1,1.0
010_R107,10,R,1,5,OPTIMAL,3.8621,1,0,0,0,1,0.0,0.0,0.0,3.8621,90,0.5,1,1.0
010_R107,10,R,1,6,OPTIMAL,13.3736,1,0,0,0,1,0.0,0.0,0.0,13.3736,90,0.5,1,1.0
010_R107,10,R,1,7,OPTIMAL,11.9123,1,0,0,0,1,0.0,0.0,0.0,11.9123,90,0.5,1,1.0
010_R107,10,R,1,8,OPTIMAL,25.7199,1,1,1,0,0,1.0,25.7199,0.0,0.0,90,0.5,1,1.0
010_R107,10,R,1,9,OPTIMAL,1.0304,1,0,0,0,1,0.0,0.0,0.0,1.0304,90,0.5,1,1.0
010_R107,10,R,2,0,OPTIMAL,57.3759,2,2,2,0,0,1.0,57.3759,0.0,0.0,90,0.5,1,1.0
010_R107,10,R,2,1,OPTIMAL,12.7161,2,0,0,0,2,0.0,0.0,0.0,12.7161,90,0.5,1,1.0
010_R107,10,R,2,2,OPTIMAL,37.9576,2,0,0,0,2,0.0,0.0,0.0,37.9576,90,0.5,1,1.0
010_R107,10,R,2,3,OPTIMAL,25.6283,2,0,0,0,2,0.0,0.0,0.0,25.6283,90,0.5,1,1.0
010_R107,10,R,2,4,OPTIMAL,26.996,2,1,1,0,1,0.5,25.6817,0.0,1.3142,90,0.5,1,1.0
010_R107,10,R,2,5,OPTIMAL,3.5987,2,0,0,0,2,0.0,0.0,0.0,3.5987,90,0.5,1,1.0
010_R107,10,R,2,6,OPTIMAL,13.2429,2,0,0,0,2,0.0,0.0,0.0,13.2429,90,0.5,1,1.0
010_R107,10,R,2,7,OPTIMAL,29.822,2,1,0,1,1,0.5,28.9546,0.0,0.8673,90,0.5,1,1.0
010_R107,10,R,2,8,OPTIMAL,20.1045,2,1,0,1,1,0.5,19.9067,0.0,0.1978,90,0.5,1,1.0
010_R107,10,R,2,9,OPTIMAL,7.0864,2,0,0,0,2,0.0,0.0,0.0,7.0864,90,0.5,1,1.0
010_R107,10,R,3,0,OPTIMAL,51.9836,3,1,0,1,2,0.3333,21.5751,0.0,30.4085,90,0.5,1,1.0
010_R107,10,R,3,1,OPTIMAL,53.3631,3,1,0,1,2,0.3333,32.1708,0.0,21.1923,90,0.5,1,1.0
010_R107,10,R,3,2,OPTIMAL,51.2388,3,1,0,1,2,0.3333,21.2993,0.0,29.9394,90,0.5,1,1.0
010_R107,10,R,3,3,OPTIMAL,43.5611,3,1,0,1,2,0.3333,31.5057,0.0,12.0555,90,0.5,1,1.0
010_R107,10,R,3,4,OPTIMAL,41.5464,3,2,0,2,1,0.6667,37.2583,0.0,4.2881,90,0.5,1,1.0
010_R107,10,R,3,5,OPTIMAL,32.0613,3,0,0,0,3,0.0,0.0,0.0,32.0613,90,0.5,1,1.0
010_R107,10,R,3,6,OPTIMAL,48.249,3,1,1,0,2,0.3333,22.2162,0.0,26.0328,90,0.5,1,1.0
010_R107,10,R,3,7,OPTIMAL,38.8393,3,2,0,2,1,0.6667,38.5413,0.0,0.298,90,0.5,1,1.0
010_R107,10,R,3,8,OPTIMAL,29.7891,3,1,0,1,2,0.3333,21.9197,0.0,7.8695,90,0.5,1,1.0
010_R107,10,R,3,9,OPTIMAL,3.214,3,0,0,0,3,0.0,0.0,0.0,3.214,90,0.5,1,1.0
010_R108,10,R,1,0,OPTIMAL,20.5717,1,1,0,1,0,1.0,20.5717,0.0,0.0,90,0.5,1,1.0
010_R108,10,R,1,1,OPTIMAL,17.9431,1,1,0,1,0,1.0,17.9431,0.0,0.0,90,0.5,1,1.0
010_R108,10,R,1,2,OPTIMAL,9.6783,1,1,0,1,0,1.0,9.6783,0.0,0.0,90,0.5,1,1.0
010_R108,10,R,1,3,OPTIMAL,17.1216,1,1,0,1,0,1.0,17.1216,0.0,0.0,90,0.5,1,1.0
010_R108,10,R,1,4,OPTIMAL,1.8976,1,0,0,0,1,0.0,0.0,0.0,1.8976,90,0.5,1,1.0
010_R108,10,R,1,5,OPTIMAL,16.7096,1,1,0,1,0,1.0,16.7096,0.0,0.0,90,0.5,1,1.0
010_R108,10,R,1,6,OPTIMAL,22.9492,1,1,1,0,0,1.0,22.9492,0.0,0.0,90,0.5,1,1.0
010_R108,10,R,1,7,OPTIMAL,21.9573,1,1,1,0,0,1.0,21.9573,0.0,0.0,90,0.5,1,1.0
010_R108,10,R,1,8,OPTIMAL,25.7199,1,1,1,0,0,1.0,25.7199,0.0,0.0,90,0.5,1,1.0
010_R108,10,R,1,9,OPTIMAL,3.8785,1,0,0,0,1,0.0,0.0,0.0,3.8785,90,0.5,1,1.0
010_R108,10,R,2,0,OPTIMAL,57.3759,2,2,2,0,0,1.0,57.3759,0.0,0.0,90,0.5,1,1.0
010_R108,10,R,2,1,OPTIMAL,23.3323,2,1,1,0,1,0.5,21.3071,0.0,2.0252,90,0.5,1,1.0
010_R108,10,R,2,2,OPTIMAL,39.2485,2,1,1,0,1,0.5,25.2851,0.0,13.9634,90,0.5,1,1.0
010_R108,10,R,2,3,OPTIMAL,36.5221,2,1,0,1,1,0.5,24.0329,0.0,12.4891,90,0.5,1,1.0
010_R108,10,R,2,4,OPTIMAL,26.996,2,1,1,0,1,0.5,25.6817,0.0,1.3142,90,0.5,1,1.0
010_R108,10,R,2,5,OPTIMAL,3.5987,2,0,0,0,2,0.0,0.0,0.0,3.5987,90,0.5,1,1.0
010_R108,10,R,2,6,OPTIMAL,22.7108,2,1,0,1,1,0.5,10.5574,0.0,12.1534,90,0.5,1,1.0
010_R108,10,R,2,7,OPTIMAL,29.822,2,1,0,1,1,0.5,28.9546,0.0,0.8673,90,0.5,1,1.0
010_R108,10,R,2,8,OPTIMAL,20.1045,2,1,0,1,1,0.5,19.9067,0.0,0.1978,90,0.5,1,1.0
010_R108,10,R,2,9,OPTIMAL,30.5186,2,1,0,1,1,0.5,23.9544,0.0,6.5642,90,0.5,1,1.0
010_R108,10,R,3,0,OPTIMAL,52.5608,3,2,0,2,1,0.6667,49.6199,0.0,2.9408,90,0.5,1,1.0
010_R108,10,R,3,1,OPTIMAL,53.3631,3,1,0,1,2,0.3333,32.1708,0.0,21.1923,90,0.5,1,1.0
010_R108,10,R,3,2,OPTIMAL,71.6046,3,2,2,0,1,0.6667,53.3859,0.0,18.2187,90,0.5,1,1.0
010_R108,10,R,3,3,OPTIMAL,55.4397,3,2,1,1,1,0.6667,50.8395,0.0,4.6001,90,0.5,1,1.0
010_R108,10,R,3,4,OPTIMAL,54.8513,3,2,0,2,1,0.6667,37.2583,0.0,17.593,90,0.5,1,1.0
010_R108,10,R,3,5,OPTIMAL,37.374,3,0,0,0,3,0.0,0.0,0.0,37.374,90,0.5,1,1.0
010_R108,10,R,3,6,OPTIMAL,48.249,3,1,1,0,2,0.3333,22.2162,0.0,26.0328,90,0.5,1,1.0
010_R108,10,R,3,7,OPTIMAL,19.6217,3,1,0,1,2,0.3333,18.3222,0.0,1.2996,90,0.5,1,1.0
010_R108,10,R,3,8,OPTIMAL,40.2414,3,2,1,1,1,0.6667,32.9899,0.0,7.2515,90,0.5,1,1.0
010_R108,10,R,3,9,OPTIMAL,3.5121,3,0,0,0,3,0.0,0.0,0.0,3.5121,90,0.5,1,1.0
010_R109,10,R,1,0,OPTIMAL,20.5717,1,1,0,1,0,1.0,20.5717,0.0,0.0,90,0.5,1,1.0
010_R109,10,R,1,1,OPTIMAL,17.9431,1,1,0,1,0,1.0,17.9431,0.0,0.0,90,0.5,1,1.0
010_R109,10,R,1,2,OPTIMAL,9.6783,1,1,0,1,0,1.0,9.6783,0.0,0.0,90,0.5,1,1.0
010_R109,10,R,1,3,OPTIMAL,17.1216,1,1,0,1,0,1.0,17.1216,0.0,0.0,90,0.5,1,1.0
010_R109,10,R,1,4,OPTIMAL,32.7976,1,1,0,1,0,1.0,32.7976,0.0,0.0,90,0.5,1,1.0
010_R109,10,R,1,5,OPTIMAL,16.7096,1,1,0,1,0,1.0,16.7096,0.0,0.0,90,0.5,1,1.0
010_R109,10,R,1,6,OPTIMAL,22.9492,1,1,0,1,0,1.0,22.9492,0.0,0.0,90,0.5,1,1.0
010_R109,10,R,1,7,OPTIMAL,21.9573,1,1,0,1,0,1.0,21.9573,0.0,0.0,90,0.5,1,1.0
010_R109,10,R,1,8,OPTIMAL,25.7199,1,1,0,1,0,1.0,25.7199,0.0,0.0,90,0.5,1,1.0
010_R109,10,R,1,9,OPTIMAL,1.0304,1,0,0,0,1,0.0,0.0,0.0,1.0304,90,0.5,1,1.0
010_R109,10,R,2,0,OPTIMAL,57.3759,2,2,2,0,0,1.0,57.3759,0.0,0.0,90,0.5,1,1.0
010_R109,10,R,2,1,OPTIMAL,34.8961,2,2,0,2,0,1.0,34.8961,0.0,0.0,90,0.5,1,1.0
010_R109,10,R,2,2,OPTIMAL,44.1043,2,2,0,2,0,1.0,44.1043,0.0,0.0,90,0.5,1,1.0
010_R109,10,R,2,3,OPTIMAL,40.4355,2,2,0,2,0,1.0,40.4355,0.0,0.0,90,0.5,1,1.0
010_R109,10,R,2,4,OPTIMAL,57.8958,2,2,0,2,0,1.0,57.8958,0.0,0.0,90,0.5,1,1.0
010_R109,10,R,2,5,OPTIMAL,56.2064,2,2,0,2,0,1.0,56.2064,0.0,0.0,90,0.5,1,1.0
010_R109,10,R,2,6,OPTIMAL,8.5419,2,0,0,0,2,0.0,0.0,0.0,8.5419,90,0.5,1,1.0
010_R109,10,R,2,7,OPTIMAL,19.1827,2,1,0,1,1,0.5,13.621,0.0,5.5616,90,0.5,1,1.0
010_R109,10,R,2,8,OPTIMAL,33.6328,2,2,0,2,0,1.0,33.6328,0.0,0.0,90,0.5,1,1.0
010_R109,10,R,2,9,OPTIMAL,46.1123,2,2,0,2,0,1.0,46.1123,0.0,0.0,90,0.5,1,1.0
010_R109,10,R,3,0,OPTIMAL,57.9782,3,2,0,2,1,0.6667,54.1281,0.0,3.8501,90,0.5,1,1.0
010_R109,10,R,3,1,OPTIMAL,75.372,3,3,1,2,0,1.0,75.372,0.0,0.0,90,0.5,1,1.0
010_R109,10,R,3,2,OPTIMAL,78.1013,3,3,0,3,0,1.0,78.1013,0.0,0.0,90,0.5,1,1.0
010_R109,10,R,3,3,OPTIMAL,53.1396,3,2,1,1,1,0.6667,50.8395,0.0,2.3001,90,0.5,1,1.0
010_R109,10,R,3,4,OPTIMAL,64.1318,3,3,0,3,0,1.0,64.1318,0.0,0.0,90,0.5,1,1.0
010_R109,10,R,3,5,OPTIMAL,53.7317,3,2,0,2,1,0.6667,48.2153,0.0,5.5164,90,0.5,1,1.0
010_R109,10,R,3,6,OPTIMAL,48.118,3,2,0,2,1,0.6667,41.7183,0.0,6.3997,90,0.5,1,1.0
010_R109,10,R,3,7,OPTIMAL,40.2253,3,2,0,2,1,0.6667,33.1238,0.0,7.1014,90,0.5,1,1.0
010_R109,10,R,3,8,OPTIMAL,46.5247,3,2,0,2,1,0.6667,45.9068,0.0,0.618,90,0.5,1,1.0
010_R109,10,R,3,9,OPTIMAL,18.9241,3,1,0,1,2,0.3333,17.5323,0.0,1.3918,90,0.5,1,1.0
010_R110,10,R,1,0,OPTIMAL,20.5717,1,1,1,0,0,1.0,20.5717,0.0,0.0,90,0.5,1,1.0
010_R110,10,R,1,1,OPTIMAL,17.9431,1,1,0,1,0,1.0,17.9431,0.0,0.0,90,0.5,1,1.0
010_R110,10,R,1,2,OPTIMAL,9.6783,1,1,0,1,0,1.0,9.6783,0.0,0.0,90,0.5,1,1.0
010_R110,10,R,1,3,OPTIMAL,17.1216,1,1,0,1,0,1.0,17.1216,0.0,0.0,90,0.5,1,1.0
010_R110,10,R,1,4,OPTIMAL,32.7976,1,1,0,1,0,1.0,32.7976,0.0,0.0,90,0.5,1,1.0
010_R110,10,R,1,5,OPTIMAL,16.7096,1,1,0,1,0,1.0,16.7096,0.0,0.0,90,0.5,1,1.0
010_R110,10,R,1,6,OPTIMAL,22.9492,1,1,0,1,0,1.0,22.9492,0.0,0.0,90,0.5,1,1.0
010_R110,10,R,1,7,OPTIMAL,21.9573,1,1,0,1,0,1.0,21.9573,0.0,0.0,90,0.5,1,1.0
010_R110,10,R,1,8,OPTIMAL,3.0006,1,0,0,0,1,0.0,0.0,0.0,3.0006,90,0.5,1,1.0
010_R110,10,R,1,9,OPTIMAL,1.0304,1,0,0,0,1,0.0,0.0,0.0,1.0304,90,0.5,1,1.0
010_R110,10,R,2,0,OPTIMAL,57.3759,2,2,2,0,0,1.0,57.3759,0.0,0.0,90,0.5,1,1.0
010_R110,10,R,2,1,OPTIMAL,34.8961,2,2,0,2,0,1.0,34.8961,0.0,0.0,90,0.5,1,1.0
010_R110,10,R,2,2,OPTIMAL,44.1043,2,2,0,2,0,1.0,44.1043,0.0,0.0,90,0.5,1,1.0
010_R110,10,R,2,3,OPTIMAL,40.4355,2,2,0,2,0,1.0,40.4355,0.0,0.0,90,0.5,1,1.0
010_R110,10,R,2,4,OPTIMAL,34.2519,2,1,0,1,1,0.5,32.2141,0.0,2.0378,90,0.5,1,1.0
010_R110,10,R,2,5,OPTIMAL,56.2064,2,2,0,2,0,1.0,56.2064,0.0,0.0,90,0.5,1,1.0
010_R110,10,R,2,6,OPTIMAL,21.5106,2,1,0,1,1,0.5,20.421,0.0,1.0896,90,0.5,1,1.0
010_R110,10,R,2,7,OPTIMAL,21.6242,2,1,0,1,1,0.5,13.621,0.0,8.0031,90,0.5,1,1.0
010_R110,10,R,2,8,OPTIMAL,28.7903,2,1,0,1,1,0.5,13.7261,0.0,15.0642,90,0.5,1,1.0
010_R110,10,R,2,9,OPTIMAL,44.6997,2,1,0,1,1,0.5,23.9544,0.0,20.7453,90,0.5,1,1.0
010_R110,10,R,3,0,OPTIMAL,56.7707,3,1,0,1,2,0.3333,32.553,0.0,24.2178,90,0.5,1,1.0
010_R110,10,R,3,1,OPTIMAL,74.866,3,2,0,2,1,0.6667,53.0648,0.0,21.8013,90,0.5,1,1.0
010_R110,10,R,3,2,OPTIMAL,78.1013,3,3,0,3,0,1.0,78.1013,0.0,0.0,90,0.5,1,1.0
010_R110,10,R,3,3,OPTIMAL,53.1396,3,2,1,1,1,0.6667,50.8395,0.0,2.3001,90,0.5,1,1.0
010_R110,10,R,3,4,OPTIMAL,39.5632,3,2,0,2,1,0.6667,38.8391,0.0,0.7241,90,0.5,1,1.0
010_R110,10,R,3,5,OPTIMAL,48.2448,3,2,1,1,1,0.6667,48.2153,0.0,0.0296,90,0.5,1,1.0
010_R110,10,R,3,6,OPTIMAL,38.7627,3,2,0,2,1,0.6667,38.7516,0.0,0.0111,90,0.5,1,1.0
010_R110,10,R,3,7,OPTIMAL,27.1111,3,1,0,1,2,0.3333,14.8017,0.0,12.3094,90,0.5,1,1.0
010_R110,10,R,3,8,OPTIMAL,46.5247,3,2,0,2,1,0.6667,45.9068,0.0,0.618,90,0.5,1,1.0
010_R110,10,R,3,9,OPTIMAL,18.9241,3,1,0,1,2,0.3333,17.5323,0.0,1.3918,90,0.5,1,1.0
010_R111,10,R,1,0,OPTIMAL,20.5717,1,1,0,1,0,1.0,20.5717,0.0,0.0,90,0.5,1,1.0
010_R111,10,R,1,1,OPTIMAL,17.9431,1,1,0,1,0,1.0,17.9431,0.0,0.0,90,0.5,1,1.0
010_R111,10,R,1,2,OPTIMAL,9.6783,1,1,0,1,0,1.0,9.6783,0.0,0.0,90,0.5,1,1.0
010_R111,10,R,1,3,OPTIMAL,17.1216,1,1,0,1,0,1.0,17.1216,0.0,0.0,90,0.5,1,1.0
010_R111,10,R,1,4,OPTIMAL,1.8976,1,0,0,0,1,0.0,0.0,0.0,1.8976,90,0.5,1,1.0
010_R111,10,R,1,5,OPTIMAL,16.7096,1,1,0,1,0,1.0,16.7096,0.0,0.0,90,0.5,1,1.0
010_R111,10,R,1,6,OPTIMAL,13.3736,1,0,0,0,1,0.0,0.0,0.0,13.3736,90,0.5,1,1.0
010_R111,10,R,1,7,OPTIMAL,11.9123,1,0,0,0,1,0.0,0.0,0.0,11.9123,90,0.5,1,1.0
010_R111,10,R,1,8,OPTIMAL,25.7199,1,1,0,1,0,1.0,25.7199,0.0,0.0,90,0.5,1,1.0
010_R111,10,R,1,9,OPTIMAL,1.0304,1,0,0,0,1,0.0,0.0,0.0,1.0304,90,0.5,1,1.0
010_R111,10,R,2,0,OPTIMAL,57.3759,2,2,2,0,0,1.0,57.3759,0.0,0.0,90,0.5,1,1.0
010_R111,10,R,2,1,OPTIMAL,12.7161,2,0,0,0,2,0.0,0.0,0.0,12.7161,90,0.5,1,1.0
010_R111,10,R,2,2,OPTIMAL,37.9576,2,0,0,0,2,0.0,0.0,0.0,37.9576,90,0.5,1,1.0
010_R111,10,R,2,3,OPTIMAL,22.1302,2,0,0,0,2,0.0,0.0,0.0,22.1302,90,0.5,1,1.0
010_R111,10,R,2,4,OPTIMAL,26.996,2,1,0,1,1,0.5,25.6817,0.0,1.3142,90,0.5,1,1.0
010_R111,10,R,2,5,OPTIMAL,3.5987,2,0,0,0,2,0.0,0.0,0.0,3.5987,90,0.5,1,1.0
010_R111,10,R,2,6,OPTIMAL,8.5419,2,0,0,0,2,0.0,0.0,0.0,8.5419,90,0.5,1,1.0
010_R111,10,R,2,7,OPTIMAL,29.822,2,1,1,0,1,0.5,28.9546,0.0,0.8673,90,0.5,1,1.0
010_R111,10,R,2,8,OPTIMAL,20.1045,2,1,0,1,1,0.5,19.9067,0.0,0.1978,90,0.5,1,1.0
010_R111,10,R,2,9,OPTIMAL,7.0864,2,0,0,0,2,0.0,0.0,0.0,7.0864,90,0.5,1,1.0
010_R111,10,R,3,0,OPTIMAL,45.4721,3,1,0,1,2,0.3333,21.5751,0.0,23.897,90,0.5,1,1.0
010_R111,10,R,3,1,OPTIMAL,47.0423,3,1,0,1,2,0.3333,32.1708,0.0,14.8715,90,0.5,1,1.0
010_R111,10,R,3,2,OPTIMAL,50.3229,3,0,0,0,3,0.0,0.0,0.0,50.3229,90,0.5,1,1.0
010_R111,10,R,3,3,OPTIMAL,43.5611,3,1,0,1,2,0.3333,31.5057,0.0,12.0555,90,0.5,1,1.0
010_R111,10,R,3,4,OPTIMAL,41.5464,3,2,0,2,1,0.6667,37.2583,0.0,4.2881,90,0.5,1,1.0
010_R111,10,R,3,5,OPTIMAL,29.2961,3,0,0,0,3,0.0,0.0,0.0,29.2961,90,0.5,1,1.0
010_R111,10,R,3,6,OPTIMAL,44.6005,3,1,0,1,2,0.3333,22.2162,0.0,22.3843,90,0.5,1,1.0
010_R111,10,R,3,7,OPTIMAL,46.7672,3,2,0,2,1,0.6667,38.5413,0.0,8.2259,90,0.5,1,1.0
010_R111,10,R,3,8,OPTIMAL,29.7891,3,1,0,1,2,0.3333,21.9197,0.0,7.8695,90,0.5,1,1.0
010_R111,10,R,3,9,OPTIMAL,3.214,3,0,0,0,3,0.0,0.0,0.0,3.214,90,0.5,1,1.0
010_R112,10,R,1,0,OPTIMAL,20.5717,1,1,1,0,0,1.0,20.5717,0.0,0.0,90,0.5,1,1.0
010_R112,10,R,1,1,OPTIMAL,17.9431,1,1,1,0,0,1.0,17.9431,0.0,0.0,90,0.5,1,1.0
010_R112,10,R,1,2,OPTIMAL,9.6783,1,1,1,0,0,1.0,9.6783,0.0,0.0,90,0.5,1,1.0
010_R112,10,R,1,3,OPTIMAL,17.1216,1,1,1,0,0,1.0,17.1216,0.0,0.0,90,0.5,1,1.0
010_R112,10,R,1,4,OPTIMAL,32.1805,1,0,0,0,1,0.0,0.0,0.0,32.1805,90,0.5,1,1.0
010_R112,10,R,1,5,OPTIMAL,16.7096,1,1,1,0,0,1.0,16.7096,0.0,0.0,90,0.5,1,1.0
010_R112,10,R,1,6,OPTIMAL,22.9492,1,1,1,0,0,1.0,22.9492,0.0,0.0,90,0.5,1,1.0
010_R112,10,R,1,7,OPTIMAL,21.9573,1,1,1,0,0,1.0,21.9573,0.0,0.0,90,0.5,1,1.0
010_R112,10,R,1,8,OPTIMAL,3.0006,1,0,0,0,1,0.0,0.0,0.0,3.0006,90,0.5,1,1.0
010_R112,10,R,1,9,OPTIMAL,2.0609,1,0,0,0,1,0.0,0.0,0.0,2.0609,90,0.5,1,1.0
010_R112,10,R,2,0,OPTIMAL,57.3759,2,2,2,0,0,1.0,57.3759,0.0,0.0,90,0.5,1,1.0
010_R112,10,R,2,1,OPTIMAL,22.4769,2,1,1,0,1,0.5,21.3071,0.0,1.1698,90,0.5,1,1.0
010_R112,10,R,2,2,OPTIMAL,44.1043,2,2,2,0,0,1.0,44.1043,0.0,0.0,90,0.5,1,1.0
010_R112,10,R,2,3,OPTIMAL,40.4355,2,2,2,0,0,1.0,40.4355,0.0,0.0,90,0.5,1,1.0
010_R112,10,R,2,4,OPTIMAL,27.7371,2,0,0,0,2,0.0,0.0,0.0,27.7371,90,0.5,1,1.0
010_R112,10,R,2,5,OPTIMAL,53.5817,2,1,1,0,1,0.5,24.2089,0.0,29.3728,90,0.5,1,1.0
010_R112,10,R,2,6,OPTIMAL,22.6002,2,1,0,1,1,0.5,20.421,0.0,2.1791,90,0.5,1,1.0
010_R112,10,R,2,7,OPTIMAL,5.563,2,0,0,0,2,0.0,0.0,0.0,5.563,90,0.5,1,1.0
010_R112,10,R,2,8,OPTIMAL,16.0929,2,0,0,0,2,0.0,0.0,0.0,16.0929,90,0.5,1,1.0
010_R112,10,R,2,9,OPTIMAL,1.7989,2,0,0,0,2,0.0,0.0,0.0,1.7989,90,0.5,1,1.0
010_R112,10,R,3,0,OPTIMAL,14.9277,3,0,0,0,3,0.0,0.0,0.0,14.9277,90,0.5,1,1.0
010_R112,10,R,3,1,OPTIMAL,23.1787,3,1,0,1,2,0.3333,20.894,0.0,2.2847,90,0.5,1,1.0
010_R112,10,R,3,2,OPTIMAL,53.6414,3,2,2,0,1,0.6667,53.3859,0.0,0.2556,90,0.5,1,1.0
010_R112,10,R,3,3,OPTIMAL,53.1396,3,2,2,0,1,0.6667,50.8395,0.0,2.3001,90,0.5,1,1.0
010_R112,10,R,3,4,OPTIMAL,16.9778,3,1,1,0,2,0.3333,11.9656,0.0,5.0123,90,0.5,1,1.0
010_R112,10,R,3,5,OPTIMAL,25.6019,3,1,1,0,2,0.3333,21.1417,0.0,4.4601,90,0.5,1,1.0
010_R112,10,R,3,6,OPTIMAL,38.7627,3,2,1,1,1,0.6667,38.7516,0.0,0.0111,90,0.5,1,1.0
010_R112,10,R,3,7,OPTIMAL,12.2072,3,0,0,0,3,0.0,0.0,0.0,12.2072,90,0.5,1,1.0
010_R112,10,R,3,8,OPTIMAL,47.1427,3,2,1,1,1,0.6667,45.9068,0.0,1.2359,90,0.5,1,1.0
010_R112,10,R,3,9,OPTIMAL,7.48,3,0,0,0,3,0.0,0.0,0.0,7.48,90,0.5,1,1.0
010_R201,10,R,1,0,OPTIMAL,20.5717,1,1,1,0,0,1.0,20.5717,0.0,0.0,90,0.5,1,1.0
010_R201,10,R,1,1,OPTIMAL,17.9431,1,1,1,0,0,1.0,17.9431,0.0,0.0,90,0.5,1,1.0
010_R201,10,R,1,2,OPTIMAL,9.6783,1,1,1,0,0,1.0,9.6783,0.0,0.0,90,0.5,1,1.0
010_R201,10,R,1,3,OPTIMAL,17.1216,1,1,1,0,0,1.0,17.1216,0.0,0.0,90,0.5,1,1.0
010_R201,10,R,1,4,OPTIMAL,32.7976,1,1,0,1,0,1.0,32.7976,0.0,0.0,90,0.5,1,1.0
010_R201,10,R,1,5,OPTIMAL,16.7096,1,1,1,0,0,1.0,16.7096,0.0,0.0,90,0.5,1,1.0
010_R201,10,R,1,6,OPTIMAL,22.9492,1,1,0,1,0,1.0,22.9492,0.0,0.0,90,0.5,1,1.0
010_R201,10,R,1,7,OPTIMAL,11.9123,1,0,0,0,1,0.0,0.0,0.0,11.9123,90,0.5,1,1.0
010_R201,10,R,1,8,OPTIMAL,25.7199,1,1,1,0,0,1.0,25.7199,0.0,0.0,90,0.5,1,1.0
010_R201,10,R,1,9,OPTIMAL,10.7511,1,1,1,0,0,1.0,10.7511,0.0,0.0,90,0.5,1,1.0
010_R201,10,R,2,0,OPTIMAL,57.3759,2,2,2,0,0,1.0,57.3759,0.0,0.0,90,0.5,1,1.0
010_R201,10,R,2,1,OPTIMAL,23.3323,2,1,0,1,1,0.5,21.3071,0.0,2.0252,90,0.5,1,1.0
010_R201,10,R,2,2,OPTIMAL,44.1043,2,2,2,0,0,1.0,44.1043,0.0,0.0,90,0.5,1,1.0
010_R201,10,R,2,3,OPTIMAL,29.5417,2,1,0,1,1,0.5,16.4025,0.0,13.1392,90,0.5,1,1.0
010_R201,10,R,2,4,OPTIMAL,57.8958,2,2,2,0,0,1.0,57.8958,0.0,0.0,90,0.5,1,1.0
010_R201,10,R,2,5,OPTIMAL,56.2064,2,2,1,1,0,1.0,56.2064,0.0,0.0,90,0.5,1,1.0
010_R201,10,R,2,6,OPTIMAL,30.9784,2,2,2,0,0,1.0,30.9784,0.0,0.0,90,0.5,1,1.0
010_R201,10,R,2,7,OPTIMAL,42.5757,2,2,1,1,0,1.0,42.5757,0.0,0.0,90,0.5,1,1.0
010_R201,10,R,2,8,OPTIMAL,33.6328,2,2,1,1,0,1.0,33.6328,0.0,0.0,90,0.5,1,1.0
010_R201,10,R,2,9,OPTIMAL,30.5186,2,1,1,0,1,0.5,23.9544,0.0,6.5642,90,0.5,1,1.0
010_R201,10,R,3,0,OPTIMAL,82.1729,3,3,2,1,0,1.0,82.1729,0.0,0.0,90,0.5,1,1.0
010_R201,10,R,3,1,OPTIMAL,75.372,3,3,2,1,0,1.0,75.372,0.0,0.0,90,0.5,1,1.0
010_R201,10,R,3,2,OPTIMAL,53.6414,3,2,1,1,1,0.6667,53.3859,0.0,0.2556,90,0.5,1,1.0
010_R201,10,R,3,3,OPTIMAL,71.4531,3,3,2,1,0,1.0,71.4531,0.0,0.0,90,0.5,1,1.0
010_R201,10,R,3,4,OPTIMAL,64.1318,3,3,1,2,0,1.0,64.1318,0.0,0.0,90,0.5,1,1.0
010_R201,10,R,3,5,OPTIMAL,44.8875,3,2,2,0,1,0.6667,40.4422,0.0,4.4453,90,0.5,1,1.0
010_R201,10,R,3,6,OPTIMAL,48.118,3,2,1,1,1,0.6667,41.7183,0.0,6.3997,90,0.5,1,1.0
010_R201,10,R,3,7,OPTIMAL,53.3429,3,3,3,0,0,1.0,53.3429,0.0,0.0,90,0.5,1,1.0
010_R201,10,R,3,8,OPTIMAL,56.977,3,3,2,1,0,1.0,56.977,0.0,0.0,90,0.5,1,1.0
010_R201,10,R,3,9,OPTIMAL,53.2514,3,3,1,2,0,1.0,53.2514,0.0,0.0,90,0.5,1,1.0
010_R202,10,R,1,0,OPTIMAL,20.5717,1,1,1,0,0,1.0,20.5717,0.0,0.0,90,0.5,1,1.0
010_R202,10,R,1,1,OPTIMAL,17.9431,1,1,1,0,0,1.0,17.9431,0.0,0.0,90,0.5,1,1.0
010_R202,10,R,1,2,OPTIMAL,9.6783,1,1,1,0,0,1.0,9.6783,0.0,0.0,90,0.5,1,1.0
010_R202,10,R,1,3,OPTIMAL,17.1216,1,1,1,0,0,1.0,17.1216,0.0,0.0,90,0.5,1,1.0
010_R202,10,R,1,4,OPTIMAL,32.7976,1,1,1,0,0,1.0,32.7976,0.0,0.0,90,0.5,1,1.0
010_R202,10,R,1,5,OPTIMAL,16.7096,1,1,1,0,0,1.0,16.7096,0.0,0.0,90,0.5,1,1.0
010_R202,10,R,1,6,OPTIMAL,22.9492,1,1,1,0,0,1.0,22.9492,0.0,0.0,90,0.5,1,1.0
010_R202,10,R,1,7,OPTIMAL,11.9123,1,0,0,0,1,0.0,0.0,0.0,11.9123,90,0.5,1,1.0
010_R202,10,R,1,8,OPTIMAL,25.7199,1,1,1,0,0,1.0,25.7199,0.0,0.0,90,0.5,1,1.0
010_R202,10,R,1,9,OPTIMAL,10.7511,1,1,1,0,0,1.0,10.7511,0.0,0.0,90,0.5,1,1.0
010_R202,10,R,2,0,OPTIMAL,57.3759,2,2,2,0,0,1.0,57.3759,0.0,0.0,90,0.5,1,1.0
010_R202,10,R,2,1,OPTIMAL,23.3323,2,1,1,0,1,0.5,21.3071,0.0,2.0252,90,0.5,1,1.0
010_R202,10,R,2,2,OPTIMAL,44.1043,2,2,2,0,0,1.0,44.1043,0.0,0.0,90,0.5,1,1.0
010_R202,10,R,2,3,OPTIMAL,29.5417,2,1,1,0,1,0.5,16.4025,0.0,13.1392,90,0.5,1,1.0
010_R202,10,R,2,4,OPTIMAL,57.8958,2,2,2,0,0,1.0,57.8958,0.0,0.0,90,0.5,1,1.0
010_R202,10,R,2,5,OPTIMAL,56.2064,2,2,1,1,0,1.0,56.2064,0.0,0.0,90,0.5,1,1.0
010_R202,10,R,2,6,OPTIMAL,30.9784,2,2,2,0,0,1.0,30.9784,0.0,0.0,90,0.5,1,1.0
010_R202,10,R,2,7,OPTIMAL,42.5757,2,2,2,0,0,1.0,42.5757,0.0,0.0,90,0.5,1,1.0
010_R202,10,R,2,8,OPTIMAL,33.6328,2,2,2,0,0,1.0,33.6328,0.0,0.0,90,0.5,1,1.0
010_R202,10,R,2,9,OPTIMAL,30.5186,2,1,1,0,1,0.5,23.9544,0.0,6.5642,90,0.5,1,1.0
010_R202,10,R,3,0,OPTIMAL,82.1729,3,3,3,0,0,1.0,82.1729,0.0,0.0,90,0.5,1,1.0
010_R202,10,R,3,1,OPTIMAL,75.372,3,3,2,1,0,1.0,75.372,0.0,0.0,90,0.5,1,1.0
010_R202,10,R,3,2,OPTIMAL,53.6414,3,2,1,1,1,0.6667,53.3859,0.0,0.2556,90,0.5,1,1.0
010_R202,10,R,3,3,OPTIMAL,68.7912,3,2,1,1,1,0.6667,50.8395,0.0,17.9516,90,0.5,1,1.0
010_R202,10,R,3,4,OPTIMAL,64.1318,3,3,3,0,0,1.0,64.1318,0.0,0.0,90,0.5,1,1.0
010_R202,10,R,3,5,OPTIMAL,44.8875,3,2,2,0,1,0.6667,40.4422,0.0,4.4453,90,0.5,1,1.0
010_R202,10,R,3,6,OPTIMAL,58.7044,3,2,2,0,1,0.6667,41.7183,0.0,16.9861,90,0.5,1,1.0
010_R202,10,R,3,7,OPTIMAL,53.3429,3,3,3,0,0,1.0,53.3429,0.0,0.0,90,0.5,1,1.0
010_R202,10,R,3,8,OPTIMAL,56.977,3,3,2,1,0,1.0,56.977,0.0,0.0,90,0.5,1,1.0
010_R202,10,R,3,9,OPTIMAL,53.2514,3,3,2,1,0,1.0,53.2514,0.0,0.0,90,0.5,1,1.0
010_R203,10,R,1,0,OPTIMAL,20.5717,1,1,1,0,0,1.0,20.5717,0.0,0.0,90,0.5,1,1.0
010_R203,10,R,1,1,OPTIMAL,17.9431,1,1,1,0,0,1.0,17.9431,0.0,0.0,90,0.5,1,1.0
010_R203,10,R,1,2,OPTIMAL,9.6783,1,1,1,0,0,1.0,9.6783,0.0,0.0,90,0.5,1,1.0
010_R203,10,R,1,3,OPTIMAL,17.1216,1,1,1,0,0,1.0,17.1216,0.0,0.0,90,0.5,1,1.0
010_R203,10,R,1,4,OPTIMAL,32.7976,1,1,1,0,0,1.0,32.7976,0.0,0.0,90,0.5,1,1.0
010_R203,10,R,1,5,OPTIMAL,16.7096,1,1,1,0,0,1.0,16.7096,0.0,0.0,90,0.5,1,1.0
010_R203,10,R,1,6,OPTIMAL,22.9492,1,1,1,0,0,1.0,22.9492,0.0,0.0,90,0.5,1,1.0
010_R203,10,R,1,7,OPTIMAL,11.9123,1,0,0,0,1,0.0,0.0,0.0,11.9123,90,0.5,1,1.0
010_R203,10,R,1,8,OPTIMAL,25.7199,1,1,1,0,0,1.0,25.7199,0.0,0.0,90,0.5,1,1.0
010_R203,10,R,1,9,OPTIMAL,10.7511,1,1,1,0,0,1.0,10.7511,0.0,0.0,90,0.5,1,1.0
010_R203,10,R,2,0,OPTIMAL,57.3759,2,2,2,0,0,1.0,57.3759,0.0,0.0,90,0.5,1,1.0
010_R203,10,R,2,1,OPTIMAL,23.3323,2,1,1,0,1,0.5,21.3071,0.0,2.0252,90,0.5,1,1.0
010_R203,10,R,2,2,OPTIMAL,44.1043,2,2,2,0,0,1.0,44.1043,0.0,0.0,90,0.5,1,1.0
010_R203,10,R,2,3,OPTIMAL,29.5417,2,1,1,0,1,0.5,16.4025,0.0,13.1392,90,0.5,1,1.0
010_R203,10,R,2,4,OPTIMAL,57.8958,2,2,2,0,0,1.0,57.8958,0.0,0.0,90,0.5,1,1.0
010_R203,10,R,2,5,OPTIMAL,56.2064,2,2,1,1,0,1.0,56.2064,0.0,0.0,90,0.5,1,1.0
010_R203,10,R,2,6,OPTIMAL,30.9784,2,2,2,0,0,1.0,30.9784,0.0,0.0,90,0.5,1,1.0
010_R203,10,R,2,7,OPTIMAL,42.5757,2,2,2,0,0,1.0,42.5757,0.0,0.0,90,0.5,1,1.0
010_R203,10,R,2,8,OPTIMAL,33.6328,2,2,2,0,0,1.0,33.6328,0.0,0.0,90,0.5,1,1.0
010_R203,10,R,2,9,OPTIMAL,30.5186,2,1,1,0,1,0.5,23.9544,0.0,6.5642,90,0.5,1,1.0
010_R203,10,R,3,0,OPTIMAL,82.1729,3,3,3,0,0,1.0,82.1729,0.0,0.0,90,0.5,1,1.0
010_R203,10,R,3,1,OPTIMAL,75.372,3,3,2,1,0,1.0,75.372,0.0,0.0,90,0.5,1,1.0
010_R203,10,R,3,2,OPTIMAL,53.6414,3,2,1,1,1,0.6667,53.3859,0.0,0.2556,90,0.5,1,1.0
010_R203,10,R,3,3,OPTIMAL,68.7912,3,2,1,1,1,0.6667,50.8395,0.0,17.9516,90,0.5,1,1.0
010_R203,10,R,3,4,OPTIMAL,64.1318,3,3,3,0,0,1.0,64.1318,0.0,0.0,90,0.5,1,1.0
010_R203,10,R,3,5,OPTIMAL,44.8875,3,2,2,0,1,0.6667,40.4422,0.0,4.4453,90,0.5,1,1.0
010_R203,10,R,3,6,OPTIMAL,58.7044,3,2,2,0,1,0.6667,41.7183,0.0,16.9861,90,0.5,1,1.0
010_R203,10,R,3,7,OPTIMAL,53.3429,3,3,3,0,0,1.0,53.3429,0.0,0.0,90,0.5,1,1.0
010_R203,10,R,3,8,OPTIMAL,56.977,3,3,2,1,0,1.0,56.977,0.0,0.0,90,0.5,1,1.0
010_R203,10,R,3,9,OPTIMAL,53.2514,3,3,2,1,0,1.0,53.2514,0.0,0.0,90,0.5,1,1.0
010_R204,10,R,1,0,OPTIMAL,20.5717,1,1,1,0,0,1.0,20.5717,0.0,0.0,90,0.5,1,1.0
010_R204,10,R,1,1,OPTIMAL,17.9431,1,1,1,0,0,1.0,17.9431,0.0,0.0,90,0.5,1,1.0
010_R204,10,R,1,2,OPTIMAL,9.6783,1,1,1,0,0,1.0,9.6783,0.0,0.0,90,0.5,1,1.0
010_R204,10,R,1,3,OPTIMAL,17.1216,1,1,1,0,0,1.0,17.1216,0.0,0.0,90,0.5,1,1.0
010_R204,10,R,1,4,OPTIMAL,32.7976,1,1,1,0,0,1.0,32.7976,0.0,0.0,90,0.5,1,1.0
010_R204,10,R,1,5,OPTIMAL,16.7096,1,1,1,0,0,1.0,16.7096,0.0,0.0,90,0.5,1,1.0
010_R204,10,R,1,6,OPTIMAL,22.9492,1,1,1,0,0,1.0,22.9492,0.0,0.0,90,0.5,1,1.0
010_R204,10,R,1,7,OPTIMAL,21.9573,1,1,1,0,0,1.0,21.9573,0.0,0.0,90,0.5,1,1.0
010_R204,10,R,1,8,OPTIMAL,25.7199,1,1,1,0,0,1.0,25.7199,0.0,0.0,90,0.5,1,1.0
010_R204,10,R,1,9,OPTIMAL,10.7511,1,1,1,0,0,1.0,10.7511,0.0,0.0,90,0.5,1,1.0
010_R204,10,R,2,0,OPTIMAL,57.3759,2,2,2,0,0,1.0,57.3759,0.0,0.0,90,0.5,1,1.0
010_R204,10,R,2,1,OPTIMAL,23.3323,2,1,1,0,1,0.5,21.3071,0.0,2.0252,90,0.5,1,1.0
010_R204,10,R,2,2,OPTIMAL,44.1043,2,2,2,0,0,1.0,44.1043,0.0,0.0,90,0.5,1,1.0
010_R204,10,R,2,3,OPTIMAL,40.4355,2,2,2,0,0,1.0,40.4355,0.0,0.0,90,0.5,1,1.0
010_R204,10,R,2,4,OPTIMAL,57.8958,2,2,2,0,0,1.0,57.8958,0.0,0.0,90,0.5,1,1.0
010_R204,10,R,2,5,OPTIMAL,56.2064,2,2,2,0,0,1.0,56.2064,0.0,0.0,90,0.5,1,1.0
010_R204,10,R,2,6,OPTIMAL,30.9784,2,2,2,0,0,1.0,30.9784,0.0,0.0,90,0.5,1,1.0
010_R204,10,R,2,7,OPTIMAL,42.5757,2,2,2,0,0,1.0,42.5757,0.0,0.0,90,0.5,1,1.0
010_R204,10,R,2,8,OPTIMAL,33.6328,2,2,2,0,0,1.0,33.6328,0.0,0.0,90,0.5,1,1.0
010_R204,10,R,2,9,OPTIMAL,30.5186,2,1,1,0,1,0.5,23.9544,0.0,6.5642,90,0.5,1,1.0
010_R204,10,R,3,0,OPTIMAL,82.1729,3,3,3,0,0,1.0,82.1729,0.0,0.0,90,0.5,1,1.0
010_R204,10,R,3,1,OPTIMAL,75.372,3,3,3,0,0,1.0,75.372,0.0,0.0,90,0.5,1,1.0
010_R204,10,R,3,2,OPTIMAL,78.1013,3,3,2,1,0,1.0,78.1013,0.0,0.0,90,0.5,1,1.0
010_R204,10,R,3,3,OPTIMAL,71.4531,3,3,1,2,0,1.0,71.4531,0.0,0.0,90,0.5,1,1.0
010_R204,10,R,3,4,OPTIMAL,64.1318,3,3,3,0,0,1.0,64.1318,0.0,0.0,90,0.5,1,1.0
010_R204,10,R,3,5,OPTIMAL,67.5157,3,3,3,0,0,1.0,67.5157,0.0,0.0,90,0.5,1,1.0
010_R204,10,R,3,6,OPTIMAL,60.9677,3,3,2,1,0,1.0,60.9677,0.0,0.0,90,0.5,1,1.0
010_R204,10,R,3,7,OPTIMAL,53.3429,3,3,3,0,0,1.0,53.3429,0.0,0.0,90,0.5,1,1.0
010_R204,10,R,3,8,OPTIMAL,56.977,3,3,3,0,0,1.0,56.977,0.0,0.0,90,0.5,1,1.0
010_R204,10,R,3,9,OPTIMAL,38.2204,3,2,2,0,1,0.6667,37.1267,0.0,1.0937,90,0.5,1,1.0
010_R205,10,R,1,0,OPTIMAL,20.5717,1,1,1,0,0,1.0,20.5717,0.0,0.0,90,0.5,1,1.0
010_R205,10,R,1,1,OPTIMAL,17.9431,1,1,1,0,0,1.0,17.9431,0.0,0.0,90,0.5,1,1.0
010_R205,10,R,1,2,OPTIMAL,9.6783,1,1,0,1,0,1.0,9.6783,0.0,0.0,90,0.5,1,1.0
010_R205,10,R,1,3,OPTIMAL,17.1216,1,1,1,0,0,1.0,17.1216,0.0,0.0,90,0.5,1,1.0
010_R205,10,R,1,4,OPTIMAL,32.7976,1,1,1,0,0,1.0,32.7976,0.0,0.0,90,0.5,1,1.0
010_R205,10,R,1,5,OPTIMAL,16.7096,1,1,1,0,0,1.0,16.7096,0.0,0.0,90,0.5,1,1.0
010_R205,10,R,1,6,OPTIMAL,22.9492,1,1,1,0,0,1.0,22.9492,0.0,0.0,90,0.5,1,1.0
010_R205,10,R,1,7,OPTIMAL,21.9573,1,1,1,0,0,1.0,21.9573,0.0,0.0,90,0.5,1,1.0
010_R205,10,R,1,8,OPTIMAL,25.7199,1,1,1,0,0,1.0,25.7199,0.0,0.0,90,0.5,1,1.0
010_R205,10,R,1,9,OPTIMAL,8.7097,1,0,0,0,1,0.0,0.0,0.0,8.7097,90,0.5,1,1.0
010_R205,10,R,2,0,OPTIMAL,57.3759,2,2,2,0,0,1.0,57.3759,0.0,0.0,90,0.5,1,1.0
010_R205,10,R,2,1,OPTIMAL,34.8961,2,2,2,0,0,1.0,34.8961,0.0,0.0,90,0.5,1,1.0
010_R205,10,R,2,2,OPTIMAL,44.1043,2,2,1,1,0,1.0,44.1043,0.0,0.0,90,0.5,1,1.0
010_R205,10,R,2,3,OPTIMAL,40.4355,2,2,2,0,0,1.0,40.4355,0.0,0.0,90,0.5,1,1.0
010_R205,10,R,2,4,OPTIMAL,56.6672,2,1,0,1,1,0.5,25.6817,0.0,30.9854,90,0.5,1,1.0
010_R205,10,R,2,5,OPTIMAL,56.2064,2,2,1,1,0,1.0,56.2064,0.0,0.0,90,0.5,1,1.0
010_R205,10,R,2,6,OPTIMAL,30.9784,2,2,2,0,0,1.0,30.9784,0.0,0.0,90,0.5,1,1.0
010_R205,10,R,2,7,OPTIMAL,42.5757,2,2,2,0,0,1.0,42.5757,0.0,0.0,90,0.5,1,1.0
010_R205,10,R,2,8,OPTIMAL,20.1045,2,1,1,0,1,0.5,19.9067,0.0,0.1978,90,0.5,1,1.0
010_R205,10,R,2,9,OPTIMAL,1.7989,2,0,0,0,2,0.0,0.0,0.0,1.7989,90,0.5,1,1.0
010_R205,10,R,3,0,OPTIMAL,52.5608,3,2,2,0,1,0.6667,49.6199,0.0,2.9408,90,0.5,1,1.0
010_R205,10,R,3,1,OPTIMAL,75.372,3,3,3,0,0,1.0,75.372,0.0,0.0,90,0.5,1,1.0
010_R205,10,R,3,2,OPTIMAL,78.1013,3,3,2,1,0,1.0,78.1013,0.0,0.0,90,0.5,1,1.0
010_R205,10,R,3,3,OPTIMAL,71.4531,3,3,3,0,0,1.0,71.4531,0.0,0.0,90,0.5,1,1.0
010_R205,10,R,3,4,OPTIMAL,64.1318,3,3,3,0,0,1.0,64.1318,0.0,0.0,90,0.5,1,1.0
010_R205,10,R,3,5,OPTIMAL,48.2301,3,2,2,0,1,0.6667,48.2153,0.0,0.0148,90,0.5,1,1.0
010_R205,10,R,3,6,OPTIMAL,60.9677,3,3,3,0,0,1.0,60.9677,0.0,0.0,90,0.5,1,1.0
010_R205,10,R,3,7,OPTIMAL,53.3429,3,3,3,0,0,1.0,53.3429,0.0,0.0,90,0.5,1,1.0
010_R205,10,R,3,8,OPTIMAL,56.977,3,3,2,1,0,1.0,56.977,0.0,0.0,90,0.5,1,1.0
010_R205,10,R,3,9,OPTIMAL,38.2204,3,2,2,0,1,0.6667,37.1267,0.0,1.0937,90,0.5,1,1.0
010_R206,10,R,1,0,OPTIMAL,20.5717,1,1,1,0,0,1.0,20.5717,0.0,0.0,90,0.5,1,1.0
010_R206,10,R,1,1,OPTIMAL,17.9431,1,1,1,0,0,1.0,17.9431,0.0,0.0,90,0.5,1,1.0
010_R206,10,R,1,2,OPTIMAL,9.6783,1,1,0,1,0,1.0,9.6783,0.0,0.0,90,0.5,1,1.0
010_R206,10,R,1,3,OPTIMAL,17.1216,1,1,1,0,0,1.0,17.1216,0.0,0.0,90,0.5,1,1.0
010_R206,10,R,1,4,OPTIMAL,32.7976,1,1,1,0,0,1.0,32.7976,0.0,0.0,90,0.5,1,1.0
010_R206,10,R,1,5,OPTIMAL,16.7096,1,1,1,0,0,1.0,16.7096,0.0,0.0,90,0.5,1,1.0
010_R206,10,R,1,6,OPTIMAL,22.9492,1,1,1,0,0,1.0,22.9492,0.0,0.0,90,0.5,1,1.0
010_R206,10,R,1,7,OPTIMAL,21.9573,1,1,1,0,0,1.0,21.9573,0.0,0.0,90,0.5,1,1.0
010_R206,10,R,1,8,OPTIMAL,25.7199,1,1,1,0,0,1.0,25.7199,0.0,0.0,90,0.5,1,1.0
010_R206,10,R,1,9,OPTIMAL,10.7511,1,1,1,0,0,1.0,10.7511,0.0,0.0,90,0.5,1,1.0
010_R206,10,R,2,0,OPTIMAL,57.3759,2,2,2,0,0,1.0,57.3759,0.0,0.0,90,0.5,1,1.0
010_R206,10,R,2,1,OPTIMAL,34.8961,2,2,2,0,0,1.0,34.8961,0.0,0.0,90,0.5,1,1.0
010_R206,10,R,2,2,OPTIMAL,44.1043,2,2,1,1,0,1.0,44.1043,0.0,0.0,90,0.5,1,1.0
010_R206,10,R,2,3,OPTIMAL,40.4355,2,2,2,0,0,1.0,40.4355,0.0,0.0,90,0.5,1,1.0
010_R206,10,R,2,4,OPTIMAL,56.6672,2,1,0,1,1,0.5,25.6817,0.0,30.9854,90,0.5,1,1.0
010_R206,10,R,2,5,OPTIMAL,56.2064,2,2,1,1,0,1.0,56.2064,0.0,0.0,90,0.5,1,1.0
010_R206,10,R,2,6,OPTIMAL,30.9784,2,2,2,0,0,1.0,30.9784,0.0,0.0,90,0.5,1,1.0
010_R206,10,R,2,7,OPTIMAL,42.5757,2,2,2,0,0,1.0,42.5757,0.0,0.0,90,0.5,1,1.0
010_R206,10,R,2,8,OPTIMAL,20.1045,2,1,1,0,1,0.5,19.9067,0.0,0.1978,90,0.5,1,1.0
010_R206,10,R,2,9,OPTIMAL,22.68,2,1,1,0,1,0.5,22.1578,0.0,0.5222,90,0.5,1,1.0
010_R206,10,R,3,0,OPTIMAL,52.5608,3,2,2,0,1,0.6667,49.6199,0.0,2.9408,90,0.5,1,1.0
010_R206,10,R,3,1,OPTIMAL,75.372,3,3,3,0,0,1.0,75.372,0.0,0.0,90,0.5,1,1.0
010_R206,10,R,3,2,OPTIMAL,78.1013,3,3,2,1,0,1.0,78.1013,0.0,0.0,90,0.5,1,1.0
010_R206,10,R,3,3,OPTIMAL,53.1396,3,2,2,0,1,0.6667,50.8395,0.0,2.3001,90,0.5,1,1.0
010_R206,10,R,3,4,OPTIMAL,64.1318,3,3,3,0,0,1.0,64.1318,0.0,0.0,90,0.5,1,1.0
010_R206,10,R,3,5,OPTIMAL,67.5157,3,3,3,0,0,1.0,67.5157,0.0,0.0,90,0.5,1,1.0
010_R206,10,R,3,6,OPTIMAL,60.9677,3,3,3,0,0,1.0,60.9677,0.0,0.0,90,0.5,1,1.0
010_R206,10,R,3,7,OPTIMAL,53.3429,3,3,3,0,0,1.0,53.3429,0.0,0.0,90,0.5,1,1.0
010_R206,10,R,3,8,OPTIMAL,56.977,3,3,3,0,0,1.0,56.977,0.0,0.0,90,0.5,1,1.0
010_R206,10,R,3,9,OPTIMAL,53.2514,3,3,2,1,0,1.0,53.2514,0.0,0.0,90,0.5,1,1.0
010_R207,10,R,1,0,OPTIMAL,20.5717,1,1,1,0,0,1.0,20.5717,0.0,0.0,90,0.5,1,1.0
010_R207,10,R,1,1,OPTIMAL,17.9431,1,1,1,0,0,1.0,17.9431,0.0,0.0,90,0.5,1,1.0
010_R207,10,R,1,2,OPTIMAL,9.6783,1,1,0,1,0,1.0,9.6783,0.0,0.0,90,0.5,1,1.0
010_R207,10,R,1,3,OPTIMAL,17.1216,1,1,1,0,0,1.0,17.1216,0.0,0.0,90,0.5,1,1.0
010_R207,10,R,1,4,OPTIMAL,32.7976,1,1,1,0,0,1.0,32.7976,0.0,0.0,90,0.5,1,1.0
010_R207,10,R,1,5,OPTIMAL,16.7096,1,1,1,0,0,1.0,16.7096,0.0,0.0,90,0.5,1,1.0
010_R207,10,R,1,6,OPTIMAL,22.9492,1,1,1,0,0,1.0,22.9492,0.0,0.0,90,0.5,1,1.0
010_R207,10,R,1,7,OPTIMAL,21.9573,1,1,1,0,0,1.0,21.9573,0.0,0.0,90,0.5,1,1.0
010_R207,10,R,1,8,OPTIMAL,25.7199,1,1,1,0,0,1.0,25.7199,0.0,0.0,90,0.5,1,1.0
010_R207,10,R,1,9,OPTIMAL,10.7511,1,1,1,0,0,1.0,10.7511,0.0,0.0,90,0.5,1,1.0
010_R207,10,R,2,0,OPTIMAL,57.3759,2,2,2,0,0,1.0,57.3759,0.0,0.0,90,0.5,1,1.0
010_R207,10,R,2,1,OPTIMAL,34.8961,2,2,2,0,0,1.0,34.8961,0.0,0.0,90,0.5,1,1.0
010_R207,10,R,2,2,OPTIMAL,44.1043,2,2,1,1,0,1.0,44.1043,0.0,0.0,90,0.5,1,1.0
010_R207,10,R,2,3,OPTIMAL,40.4355,2,2,2,0,0,1.0,40.4355,0.0,0.0,90,0.5,1,1.0
010_R207,10,R,2,4,OPTIMAL,56.6672,2,1,0,1,1,0.5,25.6817,0.0,30.9854,90,0.5,1,1.0
010_R207,10,R,2,5,OPTIMAL,56.2064,2,2,1,1,0,1.0,56.2064,0.0,0.0,90,0.5,1,1.0
010_R207,10,R,2,6,OPTIMAL,30.9784,2,2,2,0,0,1.0,30.9784,0.0,0.0,90,0.5,1,1.0
010_R207,10,R,2,7,OPTIMAL,42.5757,2,2,2,0,0,1.0,42.5757,0.0,0.0,90,0.5,1,1.0
010_R207,10,R,2,8,OPTIMAL,20.1045,2,1,1,0,1,0.5,19.9067,0.0,0.1978,90,0.5,1,1.0
010_R207,10,R,2,9,OPTIMAL,22.68,2,1,1,0,1,0.5,22.1578,0.0,0.5222,90,0.5,1,1.0
010_R207,10,R,3,0,OPTIMAL,52.5608,3,2,2,0,1,0.6667,49.6199,0.0,2.9408,90,0.5,1,1.0
010_R207,10,R,3,1,OPTIMAL,75.372,3,3,3,0,0,1.0,75.372,0.0,0.0,90,0.5,1,1.0
010_R207,10,R,3,2,OPTIMAL,78.1013,3,3,2,1,0,1.0,78.1013,0.0,0.0,90,0.5,1,1.0
010_R207,10,R,3,3,OPTIMAL,53.1396,3,2,2,0,1,0.6667,50.8395,0.0,2.3001,90,0.5,1,1.0
010_R207,10,R,3,4,OPTIMAL,64.1318,3,3,3,0,0,1.0,64.1318,0.0,0.0,90,0.5,1,1.0
010_R207,10,R,3,5,OPTIMAL,67.5157,3,3,3,0,0,1.0,67.5157,0.0,0.0,90,0.5,1,1.0
010_R207,10,R,3,6,OPTIMAL,60.9677,3,3,3,0,0,1.0,60.9677,0.0,0.0,90,0.5,1,1.0
010_R207,10,R,3,7,OPTIMAL,53.3429,3,3,3,0,0,1.0,53.3429,0.0,0.0,90,0.5,1,1.0
010_R207,10,R,3,8,OPTIMAL,56.977,3,3,3,0,0,1.0,56.977,0.0,0.0,90,0.5,1,1.0
010_R207,10,R,3,9,OPTIMAL,53.2514,3,3,2,1,0,1.0,53.2514,0.0,0.0,90,0.5,1,1.0
010_R208,10,R,1,0,OPTIMAL,20.5717,1,1,1,0,0,1.0,20.5717,0.0,0.0,90,0.5,1,1.0
010_R208,10,R,1,1,OPTIMAL,17.9431,1,1,1,0,0,1.0,17.9431,0.0,0.0,90,0.5,1,1.0
010_R208,10,R,1,2,OPTIMAL,9.6783,1,1,0,1,0,1.0,9.6783,0.0,0.0,90,0.5,1,1.0
010_R208,10,R,1,3,OPTIMAL,17.1216,1,1,1,0,0,1.0,17.1216,0.0,0.0,90,0.5,1,1.0
010_R208,10,R,1,4,OPTIMAL,32.7976,1,1,1,0,0,1.0,32.7976,0.0,0.0,90,0.5,1,1.0
010_R208,10,R,1,5,OPTIMAL,16.7096,1,1,1,0,0,1.0,16.7096,0.0,0.0,90,0.5,1,1.0
010_R208,10,R,1,6,OPTIMAL,22.9492,1,1,1,0,0,1.0,22.9492,0.0,0.0,90,0.5,1,1.0
010_R208,10,R,1,7,OPTIMAL,21.9573,1,1,1,0,0,1.0,21.9573,0.0,0.0,90,0.5,1,1.0
010_R208,10,R,1,8,OPTIMAL,25.7199,1,1,1,0,0,1.0,25.7199,0.0,0.0,90,0.5,1,1.0
010_R208,10,R,1,9,OPTIMAL,10.7511,1,1,1,0,0,1.0,10.7511,0.0,0.0,90,0.5,1,1.0
010_R208,10,R,2,0,OPTIMAL,57.3759,2,2,2,0,0,1.0,57.3759,0.0,0.0,90,0.5,1,1.0
010_R208,10,R,2,1,OPTIMAL,34.8961,2,2,2,0,0,1.0,34.8961,0.0,0.0,90,0.5,1,1.0
010_R208,10,R,2,2,OPTIMAL,44.1043,2,2,1,1,0,1.0,44.1043,0.0,0.0,90,0.5,1,1.0
010_R208,10,R,2,3,OPTIMAL,40.4355,2,2,2,0,0,1.0,40.4355,0.0,0.0,90,0.5,1,1.0
010_R208,10,R,2,4,OPTIMAL,57.8958,2,2,2,0,0,1.0,57.8958,0.0,0.0,90,0.5,1,1.0
010_R208,10,R,2,5,OPTIMAL,56.2064,2,2,1,1,0,1.0,56.2064,0.0,0.0,90,0.5,1,1.0
010_R208,10,R,2,6,OPTIMAL,30.9784,2,2,2,0,0,1.0,30.9784,0.0,0.0,90,0.5,1,1.0
010_R208,10,R,2,7,OPTIMAL,42.5757,2,2,2,0,0,1.0,42.5757,0.0,0.0,90,0.5,1,1.0
010_R208,10,R,2,8,OPTIMAL,33.6328,2,2,1,1,0,1.0,33.6328,0.0,0.0,90,0.5,1,1.0
010_R208,10,R,2,9,OPTIMAL,46.1123,2,2,2,0,0,1.0,46.1123,0.0,0.0,90,0.5,1,1.0
010_R208,10,R,3,0,OPTIMAL,82.1729,3,3,2,1,0,1.0,82.1729,0.0,0.0,90,0.5,1,1.0
010_R208,10,R,3,1,OPTIMAL,75.372,3,3,3,0,0,1.0,75.372,0.0,0.0,90,0.5,1,1.0
010_R208,10,R,3,2,OPTIMAL,78.1013,3,3,2,1,0,1.0,78.1013,0.0,0.0,90,0.5,1,1.0
010_R208,10,R,3,3,OPTIMAL,71.4531,3,3,2,1,0,1.0,71.4531,0.0,0.0,90,0.5,1,1.0
010_R208,10,R,3,4,OPTIMAL,64.1318,3,3,3,0,0,1.0,64.1318,0.0,0.0,90,0.5,1,1.0
010_R208,10,R,3,5,OPTIMAL,67.5157,3,3,3,0,0,1.0,67.5157,0.0,0.0,90,0.5,1,1.0
010_R208,10,R,3,6,OPTIMAL,60.9677,3,3,3,0,0,1.0,60.9677,0.0,0.0,90,0.5,1,1.0
010_R208,10,R,3,7,OPTIMAL,53.3429,3,3,3,0,0,1.0,53.3429,0.0,0.0,90,0.5,1,1.0
010_R208,10,R,3,8,OPTIMAL,56.977,3,3,3,0,0,1.0,56.977,0.0,0.0,90,0.5,1,1.0
010_R208,10,R,3,9,OPTIMAL,38.2204,3,2,2,0,1,0.6667,37.1267,0.0,1.0937,90,0.5,1,1.0
010_R209,10,R,1,0,OPTIMAL,20.5717,1,1,1,0,0,1.0,20.5717,0.0,0.0,90,0.5,1,1.0
010_R209,10,R,1,1,OPTIMAL,17.9431,1,1,1,0,0,1.0,17.9431,0.0,0.0,90,0.5,1,1.0
010_R209,10,R,1,2,OPTIMAL,9.6783,1,1,0,1,0,1.0,9.6783,0.0,0.0,90,0.5,1,1.0
010_R209,10,R,1,3,OPTIMAL,17.1216,1,1,1,0,0,1.0,17.1216,0.0,0.0,90,0.5,1,1.0
010_R209,10,R,1,4,OPTIMAL,32.7976,1,1,1,0,0,1.0,32.7976,0.0,0.0,90,0.5,1,1.0
010_R209,10,R,1,5,OPTIMAL,16.7096,1,1,1,0,0,1.0,16.7096,0.0,0.0,90,0.5,1,1.0
010_R209,10,R,1,6,OPTIMAL,22.9492,1,1,1,0,0,1.0,22.9492,0.0,0.0,90,0.5,1,1.0
010_R209,10,R,1,7,OPTIMAL,21.9573,1,1,1,0,0,1.0,21.9573,0.0,0.0,90,0.5,1,1.0
010_R209,10,R,1,8,OPTIMAL,25.7199,1,1,1,0,0,1.0,25.7199,0.0,0.0,90,0.5,1,1.0
010_R209,10,R,1,9,OPTIMAL,1.0304,1,0,0,0,1,0.0,0.0,0.0,1.0304,90,0.5,1,1.0
010_R209,10,R,2,0,OPTIMAL,57.3759,2,2,2,0,0,1.0,57.3759,0.0,0.0,90,0.5,1,1.0
010_R209,10,R,2,1,OPTIMAL,34.8961,2,2,2,0,0,1.0,34.8961,0.0,0.0,90,0.5,1,1.0
010_R209,10,R,2,2,OPTIMAL,44.1043,2,2,1,1,0,1.0,44.1043,0.0,0.0,90,0.5,1,1.0
010_R209,10,R,2,3,OPTIMAL,40.4355,2,2,2,0,0,1.0,40.4355,0.0,0.0,90,0.5,1,1.0
010_R209,10,R,2,4,OPTIMAL,56.6672,2,1,1,0,1,0.5,25.6817,0.0,30.9854,90,0.5,1,1.0
010_R209,10,R,2,5,OPTIMAL,56.2064,2,2,2,0,0,1.0,56.2064,0.0,0.0,90,0.5,1,1.0
010_R209,10,R,2,6,OPTIMAL,30.9784,2,2,1,1,0,1.0,30.9784,0.0,0.0,90,0.5,1,1.0
010_R209,10,R,2,7,OPTIMAL,41.8173,2,1,1,0,1,0.5,28.9546,0.0,12.8626,90,0.5,1,1.0
010_R209,10,R,2,8,OPTIMAL,33.6328,2,2,2,0,0,1.0,33.6328,0.0,0.0,90,0.5,1,1.0
010_R209,10,R,2,9,OPTIMAL,22.68,2,1,1,0,1,0.5,22.1578,0.0,0.5222,90,0.5,1,1.0
010_R209,10,R,3,0,OPTIMAL,82.1729,3,3,3,0,0,1.0,82.1729,0.0,0.0,90,0.5,1,1.0
010_R209,10,R,3,1,OPTIMAL,75.372,3,3,2,1,0,1.0,75.372,0.0,0.0,90,0.5,1,1.0
010_R209,10,R,3,2,OPTIMAL,77.0251,3,2,2,0,1,0.6667,56.802,0.0,20.2231,90,0.5,1,1.0
010_R209,10,R,3,3,OPTIMAL,71.4531,3,3,2,1,0,1.0,71.4531,0.0,0.0,90,0.5,1,1.0
010_R209,10,R,3,4,OPTIMAL,64.1318,3,3,3,0,0,1.0,64.1318,0.0,0.0,90,0.5,1,1.0
010_R209,10,R,3,5,OPTIMAL,48.2301,3,2,2,0,1,0.6667,48.2153,0.0,0.0148,90,0.5,1,1.0
010_R209,10,R,3,6,OPTIMAL,60.9677,3,3,3,0,0,1.0,60.9677,0.0,0.0,90,0.5,1,1.0
010_R209,10,R,3,7,OPTIMAL,53.3429,3,3,2,1,0,1.0,53.3429,0.0,0.0,90,0.5,1,1.0
010_R209,10,R,3,8,OPTIMAL,56.977,3,3,3,0,0,1.0,56.977,0.0,0.0,90,0.5,1,1.0
010_R209,10,R,3,9,OPTIMAL,38.2204,3,2,2,0,1,0.6667,37.1267,0.0,1.0937,90,0.5,1,1.0
010_R210,10,R,1,0,OPTIMAL,20.5717,1,1,1,0,0,1.0,20.5717,0.0,0.0,90,0.5,1,1.0
010_R210,10,R,1,1,OPTIMAL,17.9431,1,1,1,0,0,1.0,17.9431,0.0,0.0,90,0.5,1,1.0
010_R210,10,R,1,2,OPTIMAL,9.6783,1,1,1,0,0,1.0,9.6783,0.0,0.0,90,0.5,1,1.0
010_R210,10,R,1,3,OPTIMAL,17.1216,1,1,1,0,0,1.0,17.1216,0.0,0.0,90,0.5,1,1.0
010_R210,10,R,1,4,OPTIMAL,32.1805,1,0,0,0,1,0.0,0.0,0.0,32.1805,90,0.5,1,1.0
010_R210,10,R,1,5,OPTIMAL,16.7096,1,1,1,0,0,1.0,16.7096,0.0,0.0,90,0.5,1,1.0
010_R210,10,R,1,6,OPTIMAL,22.9492,1,1,1,0,0,1.0,22.9492,0.0,0.0,90,0.5,1,1.0
010_R210,10,R,1,7,OPTIMAL,21.9573,1,1,1,0,0,1.0,21.9573,0.0,0.0,90,0.5,1,1.0
010_R210,10,R,1,8,OPTIMAL,25.7199,1,1,1,0,0,1.0,25.7199,0.0,0.0,90,0.5,1,1.0
010_R210,10,R,1,9,OPTIMAL,10.7511,1,1,1,0,0,1.0,10.7511,0.0,0.0,90,0.5,1,1.0
010_R210,10,R,2,0,OPTIMAL,57.3759,2,2,2,0,0,1.0,57.3759,0.0,0.0,90,0.5,1,1.0
010_R210,10,R,2,1,OPTIMAL,23.3323,2,1,1,0,1,0.5,21.3071,0.0,2.0252,90,0.5,1,1.0
010_R210,10,R,2,2,OPTIMAL,44.1043,2,2,2,0,0,1.0,44.1043,0.0,0.0,90,0.5,1,1.0
010_R210,10,R,2,3,OPTIMAL,40.4355,2,2,2,0,0,1.0,40.4355,0.0,0.0,90,0.5,1,1.0
010_R210,10,R,2,4,OPTIMAL,57.8958,2,2,1,1,0,1.0,57.8958,0.0,0.0,90,0.5,1,1.0
010_R210,10,R,2,5,OPTIMAL,56.2064,2,2,2,0,0,1.0,56.2064,0.0,0.0,90,0.5,1,1.0
010_R210,10,R,2,6,OPTIMAL,30.9784,2,2,1,1,0,1.0,30.9784,0.0,0.0,90,0.5,1,1.0
010_R210,10,R,2,7,OPTIMAL,35.1268,2,1,1,0,1,0.5,28.9546,0.0,6.1722,90,0.5,1,1.0
010_R210,10,R,2,8,OPTIMAL,33.6328,2,2,0,2,0,1.0,33.6328,0.0,0.0,90,0.5,1,1.0
010_R210,10,R,2,9,OPTIMAL,30.5186,2,1,1,0,1,0.5,23.9544,0.0,6.5642,90,0.5,1,1.0
010_R210,10,R,3,0,OPTIMAL,82.1729,3,3,2,1,0,1.0,82.1729,0.0,0.0,90,0.5,1,1.0
010_R210,10,R,3,1,OPTIMAL,75.372,3,3,2,1,0,1.0,75.372,0.0,0.0,90,0.5,1,1.0
010_R210,10,R,3,2,OPTIMAL,78.1013,3,3,2,1,0,1.0,78.1013,0.0,0.0,90,0.5,1,1.0
010_R210,10,R,3,3,OPTIMAL,68.7912,3,2,1,1,1,0.6667,50.8395,0.0,17.9516,90,0.5,1,1.0
010_R210,10,R,3,4,OPTIMAL,41.5464,3,2,2,0,1,0.6667,37.2583,0.0,4.2881,90,0.5,1,1.0
010_R210,10,R,3,5,OPTIMAL,67.5157,3,3,3,0,0,1.0,67.5157,0.0,0.0,90,0.5,1,1.0
010_R210,10,R,3,6,OPTIMAL,48.118,3,2,2,0,1,0.6667,41.7183,0.0,6.3997,90,0.5,1,1.0
010_R210,10,R,3,7,OPTIMAL,53.3429,3,3,2,1,0,1.0,53.3429,0.0,0.0,90,0.5,1,1.0
010_R210,10,R,3,8,OPTIMAL,56.977,3,3,2,1,0,1.0,56.977,0.0,0.0,90,0.5,1,1.0
010_R210,10,R,3,9,OPTIMAL,53.2514,3,3,2,1,0,1.0,53.2514,0.0,0.0,90,0.5,1,1.0
010_R211,10,R,1,0,OPTIMAL,20.5717,1,1,1,0,0,1.0,20.5717,0.0,0.0,90,0.5,1,1.0
010_R211,10,R,1,1,OPTIMAL,17.9431,1,1,1,0,0,1.0,17.9431,0.0,0.0,90,0.5,1,1.0
010_R211,10,R,1,2,OPTIMAL,9.6783,1,1,1,0,0,1.0,9.6783,0.0,0.0,90,0.5,1,1.0
010_R211,10,R,1,3,OPTIMAL,17.1216,1,1,1,0,0,1.0,17.1216,0.0,0.0,90,0.5,1,1.0
010_R211,10,R,1,4,OPTIMAL,32.7976,1,1,1,0,0,1.0,32.7976,0.0,0.0,90,0.5,1,1.0
010_R211,10,R,1,5,OPTIMAL,16.7096,1,1,1,0,0,1.0,16.7096,0.0,0.0,90,0.5,1,1.0
010_R211,10,R,1,6,OPTIMAL,22.9492,1,1,1,0,0,1.0,22.9492,0.0,0.0,90,0.5,1,1.0
010_R211,10,R,1,7,OPTIMAL,21.9573,1,1,1,0,0,1.0,21.9573,0.0,0.0,90,0.5,1,1.0
010_R211,10,R,1,8,OPTIMAL,25.7199,1,1,0,1,0,1.0,25.7199,0.0,0.0,90,0.5,1,1.0
010_R211,10,R,1,9,OPTIMAL,1.0304,1,0,0,0,1,0.0,0.0,0.0,1.0304,90,0.5,1,1.0
010_R211,10,R,2,0,OPTIMAL,57.3759,2,2,2,0,0,1.0,57.3759,0.0,0.0,90,0.5,1,1.0
010_R211,10,R,2,1,OPTIMAL,29.5257,2,1,1,0,1,0.5,21.3071,0.0,8.2186,90,0.5,1,1.0
010_R211,10,R,2,2,OPTIMAL,44.1043,2,2,2,0,0,1.0,44.1043,0.0,0.0,90,0.5,1,1.0
010_R211,10,R,2,3,OPTIMAL,40.4355,2,2,2,0,0,1.0,40.4355,0.0,0.0,90,0.5,1,1.0
010_R211,10,R,2,4,OPTIMAL,57.8958,2,2,0,2,0,1.0,57.8958,0.0,0.0,90,0.5,1,1.0
010_R211,10,R,2,5,OPTIMAL,56.2064,2,2,2,0,0,1.0,56.2064,0.0,0.0,90,0.5,1,1.0
010_R211,10,R,2,6,OPTIMAL,28.7157,2,1,0,1,1,0.5,20.421,0.0,8.2947,90,0.5,1,1.0
010_R211,10,R,2,7,OPTIMAL,34.7148,2,1,1,0,1,0.5,13.621,0.0,21.0938,90,0.5,1,1.0
010_R211,10,R,2,8,OPTIMAL,24.2605,2,1,0,1,1,0.5,19.9067,0.0,4.3537,90,0.5,1,1.0
010_R211,10,R,2,9,OPTIMAL,46.1123,2,2,1,1,0,1.0,46.1123,0.0,0.0,90,0.5,1,1.0
010_R211,10,R,3,0,OPTIMAL,75.0842,3,2,1,1,1,0.6667,54.1281,0.0,20.9561,90,0.5,1,1.0
010_R211,10,R,3,1,OPTIMAL,75.372,3,3,1,2,0,1.0,75.372,0.0,0.0,90,0.5,1,1.0
010_R211,10,R,3,2,OPTIMAL,78.1013,3,3,3,0,0,1.0,78.1013,0.0,0.0,90,0.5,1,1.0
010_R211,10,R,3,3,OPTIMAL,71.4531,3,3,3,0,0,1.0,71.4531,0.0,0.0,90,0.5,1,1.0
010_R211,10,R,3,4,OPTIMAL,64.1318,3,3,3,0,0,1.0,64.1318,0.0,0.0,90,0.5,1,1.0
010_R211,10,R,3,5,OPTIMAL,53.7317,3,2,2,0,1,0.6667,48.2153,0.0,5.5164,90,0.5,1,1.0
010_R211,10,R,3,6,OPTIMAL,60.9677,3,3,2,1,0,1.0,60.9677,0.0,0.0,90,0.5,1,1.0
010_R211,10,R,3,7,OPTIMAL,19.3705,3,1,0,1,2,0.3333,18.3222,0.0,1.0484,90,0.5,1,1.0
010_R211,10,R,3,8,OPTIMAL,55.6517,3,2,2,0,1,0.6667,45.9068,0.0,9.7449,90,0.5,1,1.0
010_R211,10,R,3,9,OPTIMAL,53.2514,3,3,3,0,0,1.0,53.2514,0.0,0.0,90,0.5,1,1.0
010_RC101,10,RC,1,0,OPTIMAL,14.8659,1,0,0,0,1,0.0,0.0,0.0,14.8659,90,0.5,1,1.0
010_RC101,10,RC,1,1,OPTIMAL,13.2806,1,0,0,0,1,0.0,0.0,0.0,13.2806,90,0.5,1,1.0
010_RC101,10,RC,1,2,OPTIMAL,37.2758,1,1,1,0,0,1.0,37.2758,0.0,0.0,90,0.5,1,1.0
010_RC101,10,RC,1,3,OPTIMAL,0.3421,1,0,0,0,1,0.0,0.0,0.0,0.3421,90,0.5,1,1.0
010_RC101,10,RC,1,4,OPTIMAL,0.5392,1,0,0,0,1,0.0,0.0,0.0,0.5392,90,0.5,1,1.0
010_RC101,10,RC,1,5,OPTIMAL,9.0115,1,0,0,0,1,0.0,0.0,0.0,9.0115,90,0.5,1,1.0
010_RC101,10,RC,1,6,OPTIMAL,0.5254,1,0,0,0,1,0.0,0.0,0.0,0.5254,90,0.5,1,1.0
010_RC101,10,RC,1,7,OPTIMAL,13.6041,1,0,0,0,1,0.0,0.0,0.0,13.6041,90,0.5,1,1.0
010_RC101,10,RC,1,8,OPTIMAL,16.4088,1,0,0,0,1,0.0,0.0,0.0,16.4088,90,0.5,1,1.0
010_RC101,10,RC,1,9,OPTIMAL,10.962,1,0,0,0,1,0.0,0.0,0.0,10.962,90,0.5,1,1.0
010_RC101,10,RC,2,0,OPTIMAL,40.4218,2,1,1,0,1,0.5,36.8759,0.0,3.546,90,0.5,1,1.0
010_RC101,10,RC,2,1,OPTIMAL,43.4492,2,1,1,0,1,0.5,39.1305,0.0,4.3187,90,0.5,1,1.0
010_RC101,10,RC,2,2,OPTIMAL,48.6929,2,1,1,0,1,0.5,40.9871,0.0,7.7058,90,0.5,1,1.0
010_RC101,10,RC,2,3,OPTIMAL,75.5705,2,2,1,1,0,1.0,75.5705,0.0,0.0,90,0.5,1,1.0
010_RC101,10,RC,2,4,OPTIMAL,40.4374,2,1,1,0,1,0.5,40.143,0.0,0.2944,90,0.5,1,1.0
010_RC101,10,RC,2,5,OPTIMAL,15.0904,2,0,0,0,2,0.0,0.0,0.0,15.0904,90,0.5,1,1.0
010_RC101,10,RC,2,6,OPTIMAL,9.9558,2,0,0,0,2,0.0,0.0,0.0,9.9558,90,0.5,1,1.0
010_RC101,10,RC,2,7,OPTIMAL,70.5436,2,2,2,0,0,1.0,70.5436,0.0,0.0,90,0.5,1,1.0
010_RC101,10,RC,2,8,OPTIMAL,68.2234,2,2,1,1,0,1.0,68.2234,0.0,0.0,90,0.5,1,1.0
010_RC101,10,RC,2,9,OPTIMAL,19.1053,2,0,0,0,2,0.0,0.0,1.069,18.0364,90,0.5,1,1.0
010_RC101,10,RC,3,0,OPTIMAL,92.4748,3,2,2,0,1,0.6667,81.2032,0.0,11.2717,90,0.5,1,1.0
010_RC101,10,RC,3,1,OPTIMAL,40.0436,3,1,1,0,2,0.3333,36.822,0.0,3.2216,90,0.5,1,1.0
010_RC101,10,RC,3,2,OPTIMAL,86.8625,3,2,2,0,1,0.6667,81.9773,0.0,4.8852,90,0.5,1,1.0
010_RC101,10,RC,3,3,OPTIMAL,46.0678,3,0,0,0,3,0.0,0.0,0.0,46.0678,90,0.5,1,1.0
010_RC101,10,RC,3,4,OPTIMAL,79.3097,3,2,1,1,1,0.6667,79.2904,0.0,0.0193,90,0.5,1,1.0
010_RC101,10,RC,3,5,OPTIMAL,42.8679,3,1,1,0,2,0.3333,30.8234,0.0,12.0445,90,0.5,1,1.0
010_RC101,10,RC,3,6,OPTIMAL,46.8784,3,1,1,0,2,0.3333,38.6453,0.0,8.2331,90,0.5,1,1.0
010_RC101,10,RC,3,7,OPTIMAL,20.6874,3,0,0,0,3,0.0,0.0,1.5203,19.1671,90,0.5,1,1.0
010_RC101,10,RC,3,8,OPTIMAL,51.6986,3,1,1,0,2,0.3333,40.8689,0.0,10.8296,90,0.5,1,1.0
010_RC101,10,RC,3,9,OPTIMAL,51.3225,3,1,1,0,2,0.3333,31.6557,0.0,19.6668,90,0.5,1,1.0
010_RC102,10,RC,1,0,OPTIMAL,8.5799,1,0,0,0,1,0.0,0.0,0.0,8.5799,90,0.5,1,1.0
010_RC102,10,RC,1,1,OPTIMAL,6.6403,1,0,0,0,1,0.0,0.0,0.0,6.6403,90,0.5,1,1.0
010_RC102,10,RC,1,2,OPTIMAL,37.2758,1,1,1,0,0,1.0,37.2758,0.0,0.0,90,0.5,1,1.0
010_RC102,10,RC,1,3,OPTIMAL,0.3421,1,0,0,0,1,0.0,0.0,0.0,0.3421,90,0.5,1,1.0
010_RC102,10,RC,1,4,OPTIMAL,5.9336,1,0,0,0,1,0.0,0.0,0.0,5.9336,90,0.5,1,1.0
010_RC102,10,RC,1,5,OPTIMAL,4.5058,1,0,0,0,1,0.0,0.0,0.0,4.5058,90,0.5,1,1.0
010_RC102,10,RC,1,6,OPTIMAL,0.5254,1,0,0,0,1,0.0,0.0,0.0,0.5254,90,0.5,1,1.0
010_RC102,10,RC,1,7,OPTIMAL,13.6041,1,0,0,0,1,0.0,0.0,0.0,13.6041,90,0.5,1,1.0
010_RC102,10,RC,1,8,OPTIMAL,16.4088,1,0,0,0,1,0.0,0.0,0.0,16.4088,90,0.5,1,1.0
010_RC102,10,RC,1,9,OPTIMAL,5.481,1,0,0,0,1,0.0,0.0,0.0,5.481,90,0.5,1,1.0
010_RC102,10,RC,2,0,OPTIMAL,74.0384,2,2,2,0,0,1.0,74.0384,0.0,0.0,90,0.5,1,1.0
010_RC102,10,RC,2,1,OPTIMAL,71.497,2,2,2,0,0,1.0,71.497,0.0,0.0,90,0.5,1,1.0
010_RC102,10,RC,2,2,OPTIMAL,80.1956,2,2,1,1,0,1.0,80.1956,0.0,0.0,90,0.5,1,1.0
010_RC102,10,RC,2,3,OPTIMAL,75.5705,2,2,2,0,0,1.0,75.5705,0.0,0.0,90,0.5,1,1.0
010_RC102,10,RC,2,4,OPTIMAL,40.4374,2,1,1,0,1,0.5,40.143,0.0,0.2944,90,0.5,1,1.0
010_RC102,10,RC,2,5,OPTIMAL,44.2829,2,1,1,0,1,0.5,33.0317,0.0,11.2512,90,0.5,1,1.0
010_RC102,10,RC,2,6,OPTIMAL,9.9558,2,0,0,0,2,0.0,0.0,0.0,9.9558,90,0.5,1,1.0
010_RC102,10,RC,2,7,OPTIMAL,45.4946,2,1,1,0,1,0.5,38.4823,0.0,7.0123,90,0.5,1,1.0
010_RC102,10,RC,2,8,OPTIMAL,68.2234,2,2,2,0,0,1.0,68.2234,0.0,0.0,90,0.5,1,1.0
010_RC102,10,RC,2,9,OPTIMAL,9.3896,2,0,0,0,2,0.0,0.0,0.0,9.3896,90,0.5,1,1.0
010_RC102,10,RC,3,0,OPTIMAL,93.0545,3,2,2,0,1,0.6667,81.2032,0.0,11.8513,90,0.5,1,1.0
010_RC102,10,RC,3,1,OPTIMAL,38.4512,3,1,1,0,2,0.3333,36.822,0.0,1.6293,90,0.5,1,1.0
010_RC102,10,RC,3,2,OPTIMAL,95.0289,3,2,2,0,1,0.6667,85.3778,0.0,9.6511,90,0.5,1,1.0
010_RC102,10,RC,3,3,OPTIMAL,43.3931,3,1,1,0,2,0.3333,40.9366,0.0,2.4565,90,0.5,1,1.0
010_RC102,10,RC,3,4,OPTIMAL,64.5432,3,1,1,0,2,0.3333,47.4712,0.0,17.072,90,0.5,1,1.0
010_RC102,10,RC,3,5,OPTIMAL,48.7382,3,1,1,0,2,0.3333,38.914,0.0,9.8242,90,0.5,1,1.0
010_RC102,10,RC,3,6,OPTIMAL,43.0702,3,1,1,0,2,0.3333,38.6453,0.0,4.4249,90,0.5,1,1.0
010_RC102,10,RC,3,7,OPTIMAL,40.9448,3,1,1,0,2,0.3333,37.8231,0.0,3.1217,90,0.5,1,1.0
010_RC102,10,RC,3,8,OPTIMAL,77.6008,3,2,1,1,1,0.6667,72.423,0.0,5.1778,90,0.5,1,1.0
010_RC102,10,RC,3,9,OPTIMAL,33.048,3,1,1,0,2,0.3333,31.6557,0.0,1.3923,90,0.5,1,1.0
010_RC103,10,RC,1,0,OPTIMAL,8.5799,1,0,0,0,1,0.0,0.0,0.0,8.5799,90,0.5,1,1.0
010_RC103,10,RC,1,1,OPTIMAL,6.6403,1,0,0,0,1,0.0,0.0,0.0,6.6403,90,0.5,1,1.0
010_RC103,10,RC,1,2,OPTIMAL,37.2758,1,1,1,0,0,1.0,37.2758,0.0,0.0,90,0.5,1,1.0
010_RC103,10,RC,1,3,OPTIMAL,35.7768,1,1,1,0,0,1.0,35.7768,0.0,0.0,90,0.5,1,1.0
010_RC103,10,RC,1,4,OPTIMAL,5.9336,1,0,0,0,1,0.0,0.0,0.0,5.9336,90,0.5,1,1.0
010_RC103,10,RC,1,5,OPTIMAL,4.5058,1,0,0,0,1,0.0,0.0,0.0,4.5058,90,0.5,1,1.0
010_RC103,10,RC,1,6,OPTIMAL,43.901,1,1,0,1,0,1.0,43.901,0.0,0.0,90,0.5,1,1.0
010_RC103,10,RC,1,7,OPTIMAL,41.8286,1,1,1,0,0,1.0,41.8286,0.0,0.0,90,0.5,1,1.0
010_RC103,10,RC,1,8,OPTIMAL,43.2226,1,1,0,1,0,1.0,43.2226,0.0,0.0,90,0.5,1,1.0
010_RC103,10,RC,1,9,OPTIMAL,5.481,1,0,0,0,1,0.0,0.0,0.0,5.481,90,0.5,1,1.0
010_RC103,10,RC,2,0,OPTIMAL,74.0384,2,2,2,0,0,1.0,74.0384,0.0,0.0,90,0.5,1,1.0
010_RC103,10,RC,2,1,OPTIMAL,34.6674,2,1,1,0,1,0.5,32.3665,0.0,2.3009,90,0.5,1,1.0
010_RC103,10,RC,2,2,OPTIMAL,80.1956,2,2,1,1,0,1.0,80.1956,0.0,0.0,90,0.5,1,1.0
010_RC103,10,RC,2,3,OPTIMAL,75.5705,2,2,2,0,0,1.0,75.5705,0.0,0.0,90,0.5,1,1.0
010_RC103,10,RC,2,4,OPTIMAL,73.3373,2,2,2,0,0,1.0,73.3373,0.0,0.0,90,0.5,1,1.0
010_RC103,10,RC,2,5,OPTIMAL,38.9706,2,1,1,0,1,0.5,33.0317,0.0,5.9389,90,0.5,1,1.0
010_RC103,10,RC,2,6,OPTIMAL,53.0034,2,1,1,0,1,0.5,39.8777,0.0,13.1257,90,0.5,1,1.0
010_RC103,10,RC,2,7,OPTIMAL,5.343,2,0,0,0,2,0.0,0.0,0.0,5.343,90,0.5,1,1.0
010_RC103,10,RC,2,8,OPTIMAL,68.2234,2,2,2,0,0,1.0,68.2234,0.0,0.0,90,0.5,1,1.0
010_RC103,10,RC,2,9,OPTIMAL,42.3722,2,1,1,0,1,0.5,34.8761,0.0,7.4962,90,0.5,1,1.0
010_RC103,10,RC,3,0,OPTIMAL,43.1844,3,1,0,1,2,0.3333,36.429,0.0,6.7554,90,0.5,1,1.0
010_RC103,10,RC,3,1,OPTIMAL,71.1498,3,2,1,1,1,0.6667,70.3536,0.0,0.7962,90,0.5,1,1.0
010_RC103,10,RC,3,2,OPTIMAL,61.2557,3,1,1,0,2,0.3333,37.6763,0.0,23.5794,90,0.5,1,1.0
010_RC103,10,RC,3,3,OPTIMAL,65.3659,3,1,1,0,2,0.3333,40.9366,0.0,24.4294,90,0.5,1,1.0
010_RC103,10,RC,3,4,OPTIMAL,59.5741,3,1,1,0,2,0.3333,47.4712,0.0,12.1029,90,0.5,1,1.0
010_RC103,10,RC,3,5,OPTIMAL,78.0792,3,2,1,1,1,0.6667,74.5311,0.0,3.5481,90,0.5,1,1.0
010_RC103,10,RC,3,6,OPTIMAL,42.838,3,1,0,1,2,0.3333,35.3701,0.0,7.4679,90,0.5,1,1.0
010_RC103,10,RC,3,7,OPTIMAL,39.3839,3,1,1,0,2,0.3333,37.8231,0.0,1.5609,90,0.5,1,1.0
010_RC103,10,RC,3,8,OPTIMAL,37.9091,3,1,0,1,2,0.3333,31.554,0.0,6.3551,90,0.5,1,1.0
010_RC103,10,RC,3,9,OPTIMAL,66.8775,3,2,1,1,1,0.6667,66.4904,0.0,0.3871,90,0.5,1,1.0
010_RC104,10,RC,1,0,OPTIMAL,9.76,1,0,0,0,1,0.0,0.0,0.0,9.76,90,0.5,1,1.0
010_RC104,10,RC,1,1,OPTIMAL,9.6725,1,0,0,0,1,0.0,0.0,0.0,9.6725,90,0.5,1,1.0
010_RC104,10,RC,1,2,OPTIMAL,37.2758,1,1,1,0,0,1.0,37.2758,0.0,0.0,90,0.5,1,1.0
010_RC104,10,RC,1,3,OPTIMAL,35.7768,1,1,1,0,0,1.0,35.7768,0.0,0.0,90,0.5,1,1.0
010_RC104,10,RC,1,4,OPTIMAL,5.9336,1,0,0,0,1,0.0,0.0,0.0,5.9336,90,0.5,1,1.0
010_RC104,10,RC,1,5,OPTIMAL,0.0746,1,0,0,0,1,0.0,0.0,0.0,0.0746,90,0.5,1,1.0
010_RC104,10,RC,1,6,OPTIMAL,43.901,1,1,0,1,0,1.0,43.901,0.0,0.0,90,0.5,1,1.0
010_RC104,10,RC,1,7,OPTIMAL,41.8286,1,1,1,0,0,1.0,41.8286,0.0,0.0,90,0.5,1,1.0
010_RC104,10,RC,1,8,OPTIMAL,43.2226,1,1,1,0,0,1.0,43.2226,0.0,0.0,90,0.5,1,1.0
010_RC104,10,RC,1,9,OPTIMAL,32.0151,1,1,1,0,0,1.0,32.0151,0.0,0.0,90,0.5,1,1.0
010_RC104,10,RC,2,0,OPTIMAL,74.0384,2,2,2,0,0,1.0,74.0384,0.0,0.0,90,0.5,1,1.0
010_RC104,10,RC,2,1,OPTIMAL,34.6674,2,1,1,0,1,0.5,32.3665,0.0,2.3009,90,0.5,1,1.0
010_RC104,10,RC,2,2,OPTIMAL,80.1956,2,2,2,0,0,1.0,80.1956,0.0,0.0,90,0.5,1,1.0
010_RC104,10,RC,2,3,OPTIMAL,75.5705,2,2,2,0,0,1.0,75.5705,0.0,0.0,90,0.5,1,1.0
010_RC104,10,RC,2,4,OPTIMAL,73.3373,2,2,2,0,0,1.0,73.3373,0.0,0.0,90,0.5,1,1.0
010_RC104,10,RC,2,5,OPTIMAL,38.9706,2,1,1,0,1,0.5,33.0317,0.0,5.9389,90,0.5,1,1.0
010_RC104,10,RC,2,6,OPTIMAL,53.0034,2,1,1,0,1,0.5,39.8777,0.0,13.1257,90,0.5,1,1.0
010_RC104,10,RC,2,7,OPTIMAL,5.343,2,0,0,0,2,0.0,0.0,0.0,5.343,90,0.5,1,1.0
010_RC104,10,RC,2,8,OPTIMAL,68.2234,2,2,2,0,0,1.0,68.2234,0.0,0.0,90,0.5,1,1.0
010_RC104,10,RC,2,9,OPTIMAL,42.3722,2,1,1,0,1,0.5,34.8761,0.0,7.4962,90,0.5,1,1.0
010_RC104,10,RC,3,0,OPTIMAL,43.1844,3,1,0,1,2,0.3333,36.429,0.0,6.7554,90,0.5,1,1.0
010_RC104,10,RC,3,1,OPTIMAL,71.1498,3,2,2,0,1,0.6667,70.3536,0.0,0.7962,90,0.5,1,1.0
010_RC104,10,RC,3,2,OPTIMAL,61.2557,3,1,1,0,2,0.3333,37.6763,0.0,23.5794,90,0.5,1,1.0
010_RC104,10,RC,3,3,OPTIMAL,65.3659,3,1,1,0,2,0.3333,40.9366,0.0,24.4294,90,0.5,1,1.0
010_RC104,10,RC,3,4,OPTIMAL,53.6001,3,1,1,0,2,0.3333,47.4712,0.0,6.129,90,0.5,1,1.0
010_RC104,10,RC,3,5,OPTIMAL,78.0792,3,2,2,0,1,0.6667,74.5311,0.0,3.5481,90,0.5,1,1.0
010_RC104,10,RC,3,6,OPTIMAL,42.838,3,1,1,0,2,0.3333,35.3701,0.0,7.4679,90,0.5,1,1.0
010_RC104,10,RC,3,7,OPTIMAL,39.3839,3,1,1,0,2,0.3333,37.8231,0.0,1.5609,90,0.5,1,1.0
010_RC104,10,RC,3,8,OPTIMAL,38.2799,3,1,1,0,2,0.3333,31.554,0.0,6.7259,90,0.5,1,1.0
010_RC104,10,RC,3,9,OPTIMAL,66.8775,3,2,1,1,1,0.6667,66.4904,0.0,0.3871,90,0.5,1,1.0
010_RC105,10,RC,1,0,OPTIMAL,8.5799,1,0,0,0,1,0.0,0.0,0.0,8.5799,90,0.5,1,1.0
010_RC105,10,RC,1,1,OPTIMAL,6.6403,1,0,0,0,1,0.0,0.0,0.0,6.6403,90,0.5,1,1.0
010_RC105,10,RC,1,2,OPTIMAL,0.0336,1,0,0,0,1,0.0,0.0,0.0,0.0336,90,0.5,1,1.0
010_RC105,10,RC,1,3,OPTIMAL,0.415,1,0,0,0,1,0.0,0.0,0.0,0.415,90,0.5,1,1.0
010_RC105,10,RC,1,4,OPTIMAL,3.9557,1,0,0,0,1,0.0,0.0,0.0,3.9557,90,0.5,1,1.0
010_RC105,10,RC,1,5,OPTIMAL,0.0746,1,0,0,0,1,0.0,0.0,0.0,0.0746,90,0.5,1,1.0
010_RC105,10,RC,1,6,OPTIMAL,43.901,1,1,1,0,0,1.0,43.901,0.0,0.0,90,0.5,1,1.0
010_RC105,10,RC,1,7,OPTIMAL,0.4908,1,0,0,0,1,0.0,0.0,0.0,0.4908,90,0.5,1,1.0
010_RC105,10,RC,1,8,OPTIMAL,0.2516,1,0,0,0,1,0.0,0.0,0.0,0.2516,90,0.5,1,1.0
010_RC105,10,RC,1,9,OPTIMAL,5.481,1,0,0,0,1,0.0,0.0,0.0,5.481,90,0.5,1,1.0
010_RC105,10,RC,2,0,OPTIMAL,74.0384,2,2,1,1,0,1.0,74.0384,0.0,0.0,90,0.5,1,1.0
010_RC105,10,RC,2,1,OPTIMAL,71.497,2,2,2,0,0,1.0,71.497,0.0,0.0,90,0.5,1,1.0
010_RC105,10,RC,2,2,OPTIMAL,80.1956,2,2,2,0,0,1.0,80.1956,0.0,0.0,90,0.5,1,1.0
010_RC105,10,RC,2,3,OPTIMAL,75.5705,2,2,2,0,0,1.0,75.5705,0.0,0.0,90,0.5,1,1.0
010_RC105,10,RC,2,4,OPTIMAL,73.3373,2,2,1,1,0,1.0,73.3373,0.0,0.0,90,0.5,1,1.0
010_RC105,10,RC,2,5,OPTIMAL,44.2829,2,1,0,1,1,0.5,33.0317,0.0,11.2512,90,0.5,1,1.0
010_RC105,10,RC,2,6,OPTIMAL,38.1132,2,1,1,0,1,0.5,36.4973,0.0,1.616,90,0.5,1,1.0
010_RC105,10,RC,2,7,OPTIMAL,53.9671,2,1,1,0,1,0.5,38.4823,0.0,15.4848,90,0.5,1,1.0
010_RC105,10,RC,2,8,OPTIMAL,68.2234,2,2,1,1,0,1.0,68.2234,0.0,0.0,90,0.5,1,1.0
010_RC105,10,RC,2,9,OPTIMAL,9.5227,2,0,0,0,2,0.0,0.0,0.0,9.5227,90,0.5,1,1.0
010_RC105,10,RC,3,0,OPTIMAL,93.0545,3,2,2,0,1,0.6667,81.2032,0.0,11.8513,90,0.5,1,1.0
010_RC105,10,RC,3,1,OPTIMAL,40.5631,3,1,1,0,2,0.3333,36.822,0.0,3.7412,90,0.5,1,1.0
010_RC105,10,RC,3,2,OPTIMAL,92.3464,3,2,2,0,1,0.6667,85.3778,0.0,6.9686,90,0.5,1,1.0
010_RC105,10,RC,3,3,OPTIMAL,81.1674,3,2,2,0,1,0.6667,79.534,0.0,1.6334,90,0.5,1,1.0
010_RC105,10,RC,3,4,OPTIMAL,60.0369,3,1,1,0,2,0.3333,47.4712,0.0,12.5657,90,0.5,1,1.0
010_RC105,10,RC,3,5,OPTIMAL,59.7473,3,1,0,1,2,0.3333,38.914,0.0,20.8333,90,0.5,1,1.0
010_RC105,10,RC,3,6,OPTIMAL,42.9089,3,1,1,0,2,0.3333,38.6453,0.0,4.2635,90,0.5,1,1.0
010_RC105,10,RC,3,7,OPTIMAL,40.9448,3,1,1,0,2,0.3333,37.8231,0.0,3.1217,90,0.5,1,1.0
010_RC105,10,RC,3,8,OPTIMAL,77.9717,3,2,2,0,1,0.6667,72.423,0.0,5.5487,90,0.5,1,1.0
010_RC105,10,RC,3,9,OPTIMAL,101.8174,3,3,1,2,0,1.0,101.8174,0.0,0.0,90,0.5,1,1.0
010_RC106,10,RC,1,0,OPTIMAL,17.1598,1,0,0,0,1,0.0,0.0,0.0,17.1598,90,0.5,1,1.0
010_RC106,10,RC,1,1,OPTIMAL,13.2806,1,0,0,0,1,0.0,0.0,0.0,13.2806,90,0.5,1,1.0
010_RC106,10,RC,1,2,OPTIMAL,37.2758,1,1,1,0,0,1.0,37.2758,0.0,0.0,90,0.5,1,1.0
010_RC106,10,RC,1,3,OPTIMAL,0.3421,1,0,0,0,1,0.0,0.0,0.0,0.3421,90,0.5,1,1.0
010_RC106,10,RC,1,4,OPTIMAL,29.7847,1,1,0,1,0,1.0,29.7847,0.0,0.0,90,0.5,1,1.0
010_RC106,10,RC,1,5,OPTIMAL,9.0115,1,0,0,0,1,0.0,0.0,0.0,9.0115,90,0.5,1,1.0
010_RC106,10,RC,1,6,OPTIMAL,0.5254,1,0,0,0,1,0.0,0.0,0.0,0.5254,90,0.5,1,1.0
010_RC106,10,RC,1,7,OPTIMAL,13.6041,1,0,0,0,1,0.0,0.0,0.0,13.6041,90,0.5,1,1.0
010_RC106,10,RC,1,8,OPTIMAL,16.4088,1,0,0,0,1,0.0,0.0,0.0,16.4088,90,0.5,1,1.0
010_RC106,10,RC,1,9,OPTIMAL,32.0151,1,1,1,0,0,1.0,32.0151,0.0,0.0,90,0.5,1,1.0
010_RC106,10,RC,2,0,OPTIMAL,74.0384,2,2,1,1,0,1.0,74.0384,0.0,0.0,90,0.5,1,1.0
010_RC106,10,RC,2,1,OPTIMAL,32.3772,2,1,1,0,1,0.5,32.3665,0.0,0.0108,90,0.5,1,1.0
010_RC106,10,RC,2,2,OPTIMAL,80.1956,2,2,1,1,0,1.0,80.1956,0.0,0.0,90,0.5,1,1.0
010_RC106,10,RC,2,3,OPTIMAL,75.5705,2,2,2,0,0,1.0,75.5705,0.0,0.0,90,0.5,1,1.0
010_RC106,10,RC,2,4,OPTIMAL,40.232,2,1,0,1,1,0.5,40.143,0.0,0.089,90,0.5,1,1.0
010_RC106,10,RC,2,5,OPTIMAL,51.4552,2,1,0,1,1,0.5,33.0317,0.0,18.4235,90,0.5,1,1.0
010_RC106,10,RC,2,6,OPTIMAL,9.9558,2,0,0,0,2,0.0,0.0,0.0,9.9558,90,0.5,1,1.0
010_RC106,10,RC,2,7,OPTIMAL,70.5436,2,2,1,1,0,1.0,70.5436,0.0,0.0,90,0.5,1,1.0
010_RC106,10,RC,2,8,OPTIMAL,68.2234,2,2,2,0,0,1.0,68.2234,0.0,0.0,90,0.5,1,1.0
010_RC106,10,RC,2,9,OPTIMAL,35.369,2,1,0,1,1,0.5,34.1828,0.0,1.1861,90,0.5,1,1.0
010_RC106,10,RC,3,0,OPTIMAL,62.5587,3,1,1,0,2,0.3333,44.7742,0.0,17.7846,90,0.5,1,1.0
010_RC106,10,RC,3,1,OPTIMAL,68.5794,3,2,1,1,1,0.6667,67.85,0.0,0.7293,90,0.5,1,1.0
010_RC106,10,RC,3,2,OPTIMAL,119.6537,3,3,2,1,0,1.0,119.6537,0.0,0.0,90,0.5,1,1.0
010_RC106,10,RC,3,3,OPTIMAL,73.8591,3,1,1,0,2,0.3333,40.9366,0.0,32.9225,90,0.5,1,1.0
010_RC106,10,RC,3,4,OPTIMAL,112.1854,3,3,1,2,0,1.0,112.1854,0.0,0.0,90,0.5,1,1.0
010_RC106,10,RC,3,5,OPTIMAL,105.3545,3,3,1,2,0,1.0,105.3545,0.0,0.0,90,0.5,1,1.0
010_RC106,10,RC,3,6,OPTIMAL,47.3418,3,1,1,0,2,0.3333,38.6453,0.0,8.6965,90,0.5,1,1.0
010_RC106,10,RC,3,7,OPTIMAL,100.0305,3,3,1,2,0,1.0,100.0305,0.0,0.0,90,0.5,1,1.0
010_RC106,10,RC,3,8,OPTIMAL,41.9449,3,1,0,1,2,0.3333,31.554,0.0,10.3909,90,0.5,1,1.0
010_RC106,10,RC,3,9,OPTIMAL,51.3225,3,1,1,0,2,0.3333,31.6557,0.0,19.6668,90,0.5,1,1.0
010_RC107,10,RC,1,0,OPTIMAL,8.5799,1,0,0,0,1,0.0,0.0,0.0,8.5799,90,0.5,1,1.0
010_RC107,10,RC,1,1,OPTIMAL,6.6403,1,0,0,0,1,0.0,0.0,0.0,6.6403,90,0.5,1,1.0
010_RC107,10,RC,1,2,OPTIMAL,37.2758,1,1,1,0,0,1.0,37.2758,0.0,0.0,90,0.5,1,1.0
010_RC107,10,RC,1,3,OPTIMAL,0.3421,1,0,0,0,1,0.0,0.0,0.0,0.3421,90,0.5,1,1.0
010_RC107,10,RC,1,4,OPTIMAL,29.7847,1,1,0,1,0,1.0,29.7847,0.0,0.0,90,0.5,1,1.0
010_RC107,10,RC,1,5,OPTIMAL,32.0538,1,1,1,0,0,1.0,32.0538,0.0,0.0,90,0.5,1,1.0
010_RC107,10,RC,1,6,OPTIMAL,0.5254,1,0,0,0,1,0.0,0.0,0.0,0.5254,90,0.5,1,1.0
010_RC107,10,RC,1,7,OPTIMAL,13.6041,1,0,0,0,1,0.0,0.0,0.0,13.6041,90,0.5,1,1.0
010_RC107,10,RC,1,8,OPTIMAL,16.4088,1,0,0,0,1,0.0,0.0,0.0,16.4088,90,0.5,1,1.0
010_RC107,10,RC,1,9,OPTIMAL,32.0151,1,1,0,1,0,1.0,32.0151,0.0,0.0,90,0.5,1,1.0
010_RC107,10,RC,2,0,OPTIMAL,40.4218,2,1,1,0,1,0.5,36.8759,0.0,3.546,90,0.5,1,1.0
010_RC107,10,RC,2,1,OPTIMAL,71.497,2,2,2,0,0,1.0,71.497,0.0,0.0,90,0.5,1,1.0
010_RC107,10,RC,2,2,OPTIMAL,48.6929,2,1,1,0,1,0.5,40.9871,0.0,7.7058,90,0.5,1,1.0
010_RC107,10,RC,2,3,OPTIMAL,75.5705,2,2,2,0,0,1.0,75.5705,0.0,0.0,90,0.5,1,1.0
010_RC107,10,RC,2,4,OPTIMAL,2.2324,2,0,0,0,2,0.0,0.0,0.0,2.2324,90,0.5,1,1.0
010_RC107,10,RC,2,5,OPTIMAL,42.2434,2,1,1,0,1,0.5,33.0317,0.0,9.2117,90,0.5,1,1.0
010_RC107,10,RC,2,6,OPTIMAL,9.9558,2,0,0,0,2,0.0,0.0,0.0,9.9558,90,0.5,1,1.0
010_RC107,10,RC,2,7,OPTIMAL,38.6573,2,1,1,0,1,0.5,38.4823,0.0,0.175,90,0.5,1,1.0
010_RC107,10,RC,2,8,OPTIMAL,68.2234,2,2,2,0,0,1.0,68.2234,0.0,0.0,90,0.5,1,1.0
010_RC107,10,RC,2,9,OPTIMAL,18.0364,2,0,0,0,2,0.0,0.0,0.0,18.0364,90,0.5,1,1.0
010_RC107,10,RC,3,0,OPTIMAL,53.6666,3,1,1,0,2,0.3333,44.7742,0.0,8.8924,90,0.5,1,1.0
010_RC107,10,RC,3,1,OPTIMAL,5.6605,3,0,0,0,3,0.0,0.0,0.0,5.6605,90,0.5,1,1.0
010_RC107,10,RC,3,2,OPTIMAL,104.68,3,2,2,0,1,0.6667,85.3778,0.0,19.3022,90,0.5,1,1.0
010_RC107,10,RC,3,3,OPTIMAL,80.0192,3,2,2,0,1,0.6667,80.0128,0.0,0.0064,90,0.5,1,1.0
010_RC107,10,RC,3,4,OPTIMAL,48.2606,3,1,1,0,2,0.3333,47.4712,0.0,0.7894,90,0.5,1,1.0
010_RC107,10,RC,3,5,OPTIMAL,12.1272,3,0,0,0,3,0.0,0.0,0.0,12.1272,90,0.5,1,1.0
010_RC107,10,RC,3,6,OPTIMAL,50.0667,3,1,1,0,2,0.3333,38.6453,0.0,11.4213,90,0.5,1,1.0
010_RC107,10,RC,3,7,OPTIMAL,45.6517,3,1,1,0,2,0.3333,37.8231,0.0,7.8287,90,0.5,1,1.0
010_RC107,10,RC,3,8,OPTIMAL,11.1085,3,0,0,0,3,0.0,0.0,0.0,11.1085,90,0.5,1,1.0
010_RC107,10,RC,3,9,OPTIMAL,57.4596,3,1,1,0,2,0.3333,31.6557,0.0,25.8039,90,0.5,1,1.0
010_RC108,10,RC,1,0,OPTIMAL,8.5799,1,0,0,0,1,0.0,0.0,0.0,8.5799,90,0.5,1,1.0
010_RC108,10,RC,1,1,OPTIMAL,6.6403,1,0,0,0,1,0.0,0.0,0.0,6.6403,90,0.5,1,1.0
010_RC108,10,RC,1,2,OPTIMAL,37.2758,1,1,1,0,0,1.0,37.2758,0.0,0.0,90,0.5,1,1.0
010_RC108,10,RC,1,3,OPTIMAL,0.4651,1,0,0,0,1,0.0,0.0,0.0,0.4651,90,0.5,1,1.0
010_RC108,10,RC,1,4,OPTIMAL,5.9336,1,0,0,0,1,0.0,0.0,0.0,5.9336,90,0.5,1,1.0
010_RC108,10,RC,1,5,OPTIMAL,4.5058,1,0,0,0,1,0.0,0.0,0.0,4.5058,90,0.5,1,1.0
010_RC108,10,RC,1,6,OPTIMAL,0.815,1,0,0,0,1,0.0,0.0,0.0,0.815,90,0.5,1,1.0
010_RC108,10,RC,1,7,OPTIMAL,27.2083,1,0,0,0,1,0.0,0.0,0.0,27.2083,90,0.5,1,1.0
010_RC108,10,RC,1,8,OPTIMAL,43.2226,1,1,1,0,0,1.0,43.2226,0.0,0.0,90,0.5,1,1.0
010_RC108,10,RC,1,9,OPTIMAL,5.481,1,0,0,0,1,0.0,0.0,0.0,5.481,90,0.5,1,1.0
010_RC108,10,RC,2,0,OPTIMAL,3.0016,2,0,0,0,2,0.0,0.0,0.0,3.0016,90,0.5,1,1.0
010_RC108,10,RC,2,1,OPTIMAL,33.6985,2,1,1,0,1,0.5,32.3665,0.0,1.332,90,0.5,1,1.0
010_RC108,10,RC,2,2,OPTIMAL,42.8636,2,1,1,0,1,0.5,40.9871,0.0,1.8765,90,0.5,1,1.0
010_RC108,10,RC,2,3,OPTIMAL,75.5705,2,2,2,0,0,1.0,75.5705,0.0,0.0,90,0.5,1,1.0
010_RC108,10,RC,2,4,OPTIMAL,1.9565,2,0,0,0,2,0.0,0.0,0.0,1.9565,90,0.5,1,1.0
010_RC108,10,RC,2,5,OPTIMAL,66.7853,2,1,1,0,1,0.5,33.0317,0.0,33.7537,90,0.5,1,1.0
010_RC108,10,RC,2,6,OPTIMAL,8.7815,2,0,0,0,2,0.0,0.0,0.0,8.7815,90,0.5,1,1.0
010_RC108,10,RC,2,7,OPTIMAL,1.0042,2,0,0,0,2,0.0,0.0,0.0,1.0042,90,0.5,1,1.0
010_RC108,10,RC,2,8,OPTIMAL,68.2234,2,2,2,0,0,1.0,68.2234,0.0,0.0,90,0.5,1,1.0
010_RC108,10,RC,2,9,OPTIMAL,15.477,2,0,0,0,2,0.0,0.0,0.0,15.477,90,0.5,1,1.0
010_RC108,10,RC,3,0,OPTIMAL,77.6574,3,2,1,1,1,0.6667,77.1151,0.0,0.5423,90,0.5,1,1.0
010_RC108,10,RC,3,1,OPTIMAL,6.4999,3,0,0,0,3,0.0,0.0,0.0,6.4999,90,0.5,1,1.0
010_RC108,10,RC,3,2,OPTIMAL,84.0989,3,1,1,0,2,0.3333,37.6763,0.0,46.4226,90,0.5,1,1.0
010_RC108,10,RC,3,3,OPTIMAL,46.7232,3,1,1,0,2,0.3333,40.9366,0.0,5.7866,90,0.5,1,1.0
010_RC108,10,RC,3,4,OPTIMAL,48.6408,3,1,1,0,2,0.3333,47.4712,0.0,1.1696,90,0.5,1,1.0
010_RC108,10,RC,3,5,OPTIMAL,37.785,3,1,0,1,2,0.3333,35.6172,0.0,2.1678,90,0.5,1,1.0
010_RC108,10,RC,3,6,OPTIMAL,36.9757,3,1,1,0,2,0.3333,35.5931,0.0,1.3826,90,0.5,1,1.0
010_RC108,10,RC,3,7,OPTIMAL,41.0858,3,1,1,0,2,0.3333,37.8231,0.0,3.2627,90,0.5,1,1.0
010_RC108,10,RC,3,8,OPTIMAL,10.9326,3,0,0,0,3,0.0,0.0,0.0,10.9326,90,0.5,1,1.0
010_RC108,10,RC,3,9,OPTIMAL,35.1695,3,1,1,0,2,0.3333,31.6557,0.0,3.5138,90,0.5,1,1.0
010_RC201,10,RC,1,0,OPTIMAL,35.5354,1,1,1,0,0,1.0,35.5354,0.0,0.0,90,0.5,1,1.0
010_RC201,10,RC,1,1,OPTIMAL,6.6403,1,0,0,0,1,0.0,0.0,0.0,6.6403,90,0.5,1,1.0
010_RC201,10,RC,1,2,OPTIMAL,37.2758,1,1,1,0,0,1.0,37.2758,0.0,0.0,90,0.5,1,1.0
010_RC201,10,RC,1,3,OPTIMAL,35.7768,1,1,1,0,0,1.0,35.7768,0.0,0.0,90,0.5,1,1.0
010_RC201,10,RC,1,4,OPTIMAL,29.7847,1,1,1,0,0,1.0,29.7847,0.0,0.0,90,0.5,1,1.0
010_RC201,10,RC,1,5,OPTIMAL,32.0538,1,1,1,0,0,1.0,32.0538,0.0,0.0,90,0.5,1,1.0
010_RC201,10,RC,1,6,OPTIMAL,0.2627,1,0,0,0,1,0.0,0.0,0.0,0.2627,90,0.5,1,1.0
010_RC201,10,RC,1,7,OPTIMAL,13.6041,1,0,0,0,1,0.0,0.0,0.0,13.6041,90,0.5,1,1.0
010_RC201,10,RC,1,8,OPTIMAL,43.2226,1,1,1,0,0,1.0,43.2226,0.0,0.0,90,0.5,1,1.0
010_RC201,10,RC,1,9,OPTIMAL,32.0151,1,1,1,0,0,1.0,32.0151,0.0,0.0,90,0.5,1,1.0
010_RC201,10,RC,2,0,OPTIMAL,74.0384,2,2,2,0,0,1.0,74.0384,0.0,0.0,90,0.5,1,1.0
010_RC201,10,RC,2,1,OPTIMAL,71.497,2,2,2,0,0,1.0,71.497,0.0,0.0,90,0.5,1,1.0
010_RC201,10,RC,2,2,OPTIMAL,80.1956,2,2,2,0,0,1.0,80.1956,0.0,0.0,90,0.5,1,1.0
010_RC201,10,RC,2,3,OPTIMAL,75.5705,2,2,2,0,0,1.0,75.5705,0.0,0.0,90,0.5,1,1.0
010_RC201,10,RC,2,4,OPTIMAL,34.9729,2,1,0,1,1,0.5,33.1944,0.0,1.7785,90,0.5,1,1.0
010_RC201,10,RC,2,5,OPTIMAL,44.2829,2,1,1,0,1,0.5,33.0317,0.0,11.2512,90,0.5,1,1.0
010_RC201,10,RC,2,6,OPTIMAL,40.0278,2,1,1,0,1,0.5,39.8777,0.0,0.1502,90,0.5,1,1.0
010_RC201,10,RC,2,7,OPTIMAL,70.5436,2,2,2,0,0,1.0,70.5436,0.0,0.0,90,0.5,1,1.0
010_RC201,10,RC,2,8,OPTIMAL,68.2234,2,2,2,0,0,1.0,68.2234,0.0,0.0,90,0.5,1,1.0
010_RC201,10,RC,2,9,OPTIMAL,69.0589,2,2,2,0,0,1.0,69.0589,0.0,0.0,90,0.5,1,1.0
010_RC201,10,RC,3,0,OPTIMAL,56.8966,3,1,1,0,2,0.3333,44.7742,0.0,12.1225,90,0.5,1,1.0
010_RC201,10,RC,3,1,OPTIMAL,65.9783,3,2,2,0,1,0.6667,64.5598,0.0,1.4185,90,0.5,1,1.0
010_RC201,10,RC,3,2,OPTIMAL,119.6537,3,3,3,0,0,1.0,119.6537,0.0,0.0,90,0.5,1,1.0
010_RC201,10,RC,3,3,OPTIMAL,80.016,3,2,2,0,1,0.6667,80.0128,0.0,0.0032,90,0.5,1,1.0
010_RC201,10,RC,3,4,OPTIMAL,59.2769,3,1,1,0,2,0.3333,47.4712,0.0,11.8057,90,0.5,1,1.0
010_RC201,10,RC,3,5,OPTIMAL,105.3545,3,3,3,0,0,1.0,105.3545,0.0,0.0,90,0.5,1,1.0
010_RC201,10,RC,3,6,OPTIMAL,109.6085,3,3,3,0,0,1.0,109.6085,0.0,0.0,90,0.5,1,1.0
010_RC201,10,RC,3,7,OPTIMAL,74.7057,3,2,2,0,1,0.6667,71.2258,0.0,3.4799,90,0.5,1,1.0
010_RC201,10,RC,3,8,OPTIMAL,106.6346,3,3,2,1,0,1.0,106.6346,0.0,0.0,90,0.5,1,1.0
010_RC201,10,RC,3,9,OPTIMAL,67.4853,3,2,2,0,1,0.6667,66.9827,0.0,0.5026,90,0.5,1,1.0
010_RC202,10,RC,1,0,OPTIMAL,35.5354,1,1,1,0,0,1.0,35.5354,0.0,0.0,90,0.5,1,1.0
010_RC202,10,RC,1,1,OPTIMAL,31.4319,1,1,0,1,0,1.0,31.4319,0.0,0.0,90,0.5,1,1.0
010_RC202,10,RC,1,2,OPTIMAL,37.2758,1,1,1,0,0,1.0,37.2758,0.0,0.0,90,0.5,1,1.0
010_RC202,10,RC,1,3,OPTIMAL,35.7768,1,1,1,0,0,1.0,35.7768,0.0,0.0,90,0.5,1,1.0
010_RC202,10,RC,1,4,OPTIMAL,29.7847,1,1,1,0,0,1.0,29.7847,0.0,0.0,90,0.5,1,1.0
010_RC202,10,RC,1,5,OPTIMAL,32.0538,1,1,1,0,0,1.0,32.0538,0.0,0.0,90,0.5,1,1.0
010_RC202,10,RC,1,6,OPTIMAL,0.2627,1,0,0,0,1,0.0,0.0,0.0,0.2627,90,0.5,1,1.0
010_RC202,10,RC,1,7,OPTIMAL,41.8286,1,1,0,1,0,1.0,41.8286,0.0,0.0,90,0.5,1,1.0
010_RC202,10,RC,1,8,OPTIMAL,43.2226,1,1,1,0,0,1.0,43.2226,0.0,0.0,90,0.5,1,1.0
010_RC202,10,RC,1,9,OPTIMAL,32.0151,1,1,1,0,0,1.0,32.0151,0.0,0.0,90,0.5,1,1.0
010_RC202,10,RC,2,0,OPTIMAL,74.0384,2,2,2,0,0,1.0,74.0384,0.0,0.0,90,0.5,1,1.0
010_RC202,10,RC,2,1,OPTIMAL,71.497,2,2,2,0,0,1.0,71.497,0.0,0.0,90,0.5,1,1.0
010_RC202,10,RC,2,2,OPTIMAL,80.1956,2,2,2,0,0,1.0,80.1956,0.0,0.0,90,0.5,1,1.0
010_RC202,10,RC,2,3,OPTIMAL,75.5705,2,2,2,0,0,1.0,75.5705,0.0,0.0,90,0.5,1,1.0
010_RC202,10,RC,2,4,OPTIMAL,73.3373,2,2,1,1,0,1.0,73.3373,0.0,0.0,90,0.5,1,1.0
010_RC202,10,RC,2,5,OPTIMAL,44.2829,2,1,1,0,1,0.5,33.0317,0.0,11.2512,90,0.5,1,1.0
010_RC202,10,RC,2,6,OPTIMAL,40.0278,2,1,1,0,1,0.5,39.8777,0.0,0.1502,90,0.5,1,1.0
010_RC202,10,RC,2,7,OPTIMAL,70.5436,2,2,2,0,0,1.0,70.5436,0.0,0.0,90,0.5,1,1.0
010_RC202,10,RC,2,8,OPTIMAL,68.2234,2,2,2,0,0,1.0,68.2234,0.0,0.0,90,0.5,1,1.0
010_RC202,10,RC,2,9,OPTIMAL,69.0589,2,2,2,0,0,1.0,69.0589,0.0,0.0,90,0.5,1,1.0
010_RC202,10,RC,3,0,OPTIMAL,56.8966,3,1,1,0,2,0.3333,44.7742,0.0,12.1225,90,0.5,1,1.0
010_RC202,10,RC,3,1,OPTIMAL,101.3817,3,3,3,0,0,1.0,101.3817,0.0,0.0,90,0.5,1,1.0
010_RC202,10,RC,3,2,OPTIMAL,119.6537,3,3,3,0,0,1.0,119.6537,0.0,0.0,90,0.5,1,1.0
010_RC202,10,RC,3,3,OPTIMAL,80.016,3,2,2,0,1,0.6667,80.0128,0.0,0.0032,90,0.5,1,1.0
010_RC202,10,RC,3,4,OPTIMAL,80.6041,3,2,2,0,1,0.6667,79.2904,0.0,1.3137,90,0.5,1,1.0
010_RC202,10,RC,3,5,OPTIMAL,105.3545,3,3,2,1,0,1.0,105.3545,0.0,0.0,90,0.5,1,1.0
010_RC202,10,RC,3,6,OPTIMAL,109.6085,3,3,3,0,0,1.0,109.6085,0.0,0.0,90,0.5,1,1.0
010_RC202,10,RC,3,7,OPTIMAL,100.0305,3,3,3,0,0,1.0,100.0305,0.0,0.0,90,0.5,1,1.0
010_RC202,10,RC,3,8,OPTIMAL,106.6346,3,3,3,0,0,1.0,106.6346,0.0,0.0,90,0.5,1,1.0
010_RC202,10,RC,3,9,OPTIMAL,67.4853,3,2,2,0,1,0.6667,66.9827,0.0,0.5026,90,0.5,1,1.0
010_RC203,10,RC,1,0,OPTIMAL,35.5354,1,1,1,0,0,1.0,35.5354,0.0,0.0,90,0.5,1,1.0
010_RC203,10,RC,1,1,OPTIMAL,31.4319,1,1,0,1,0,1.0,31.4319,0.0,0.0,90,0.5,1,1.0
010_RC203,10,RC,1,2,OPTIMAL,37.2758,1,1,1,0,0,1.0,37.2758,0.0,0.0,90,0.5,1,1.0
010_RC203,10,RC,1,3,OPTIMAL,35.7768,1,1,1,0,0,1.0,35.7768,0.0,0.0,90,0.5,1,1.0
010_RC203,10,RC,1,4,OPTIMAL,29.7847,1,1,1,0,0,1.0,29.7847,0.0,0.0,90,0.5,1,1.0
010_RC203,10,RC,1,5,OPTIMAL,32.0538,1,1,1,0,0,1.0,32.0538,0.0,0.0,90,0.5,1,1.0
010_RC203,10,RC,1,6,OPTIMAL,43.901,1,1,1,0,0,1.0,43.901,0.0,0.0,90,0.5,1,1.0
010_RC203,10,RC,1,7,OPTIMAL,41.8286,1,1,1,0,0,1.0,41.8286,0.0,0.0,90,0.5,1,1.0
010_RC203,10,RC,1,8,OPTIMAL,43.2226,1,1,1,0,0,1.0,43.2226,0.0,0.0,90,0.5,1,1.0
010_RC203,10,RC,1,9,OPTIMAL,32.0151,1,1,1,0,0,1.0,32.0151,0.0,0.0,90,0.5,1,1.0
010_RC203,10,RC,2,0,OPTIMAL,74.0384,2,2,2,0,0,1.0,74.0384,0.0,0.0,90,0.5,1,1.0
010_RC203,10,RC,2,1,OPTIMAL,71.497,2,2,2,0,0,1.0,71.497,0.0,0.0,90,0.5,1,1.0
010_RC203,10,RC,2,2,OPTIMAL,80.1956,2,2,2,0,0,1.0,80.1956,0.0,0.0,90,0.5,1,1.0
010_RC203,10,RC,2,3,OPTIMAL,75.5705,2,2,2,0,0,1.0,75.5705,0.0,0.0,90,0.5,1,1.0
010_RC203,10,RC,2,4,OPTIMAL,73.3373,2,2,1,1,0,1.0,73.3373,0.0,0.0,90,0.5,1,1.0
010_RC203,10,RC,2,5,OPTIMAL,68.0965,2,2,1,1,0,1.0,68.0965,0.0,0.0,90,0.5,1,1.0
010_RC203,10,RC,2,6,OPTIMAL,76.3749,2,2,2,0,0,1.0,76.3749,0.0,0.0,90,0.5,1,1.0
010_RC203,10,RC,2,7,OPTIMAL,70.5436,2,2,1,1,0,1.0,70.5436,0.0,0.0,90,0.5,1,1.0
010_RC203,10,RC,2,8,OPTIMAL,68.2234,2,2,2,0,0,1.0,68.2234,0.0,0.0,90,0.5,1,1.0
010_RC203,10,RC,2,9,OPTIMAL,69.0589,2,2,2,0,0,1.0,69.0589,0.0,0.0,90,0.5,1,1.0
010_RC203,10,RC,3,0,OPTIMAL,68.8534,3,2,1,1,1,0.6667,68.77,0.0,0.0834,90,0.5,1,1.0
010_RC203,10,RC,3,1,OPTIMAL,101.3817,3,3,3,0,0,1.0,101.3817,0.0,0.0,90,0.5,1,1.0
010_RC203,10,RC,3,2,OPTIMAL,87.4533,3,2,2,0,1,0.6667,71.9522,0.0,15.5011,90,0.5,1,1.0
010_RC203,10,RC,3,3,OPTIMAL,118.6102,3,3,3,0,0,1.0,118.6102,0.0,0.0,90,0.5,1,1.0
010_RC203,10,RC,3,4,OPTIMAL,80.6041,3,2,2,0,1,0.6667,79.2904,0.0,1.3137,90,0.5,1,1.0
010_RC203,10,RC,3,5,OPTIMAL,105.3545,3,3,2,1,0,1.0,105.3545,0.0,0.0,90,0.5,1,1.0
010_RC203,10,RC,3,6,OPTIMAL,109.6085,3,3,3,0,0,1.0,109.6085,0.0,0.0,90,0.5,1,1.0
010_RC203,10,RC,3,7,OPTIMAL,100.0305,3,3,3,0,0,1.0,100.0305,0.0,0.0,90,0.5,1,1.0
010_RC203,10,RC,3,8,OPTIMAL,106.6346,3,3,3,0,0,1.0,106.6346,0.0,0.0,90,0.5,1,1.0
010_RC203,10,RC,3,9,OPTIMAL,101.8174,3,3,3,0,0,1.0,101.8174,0.0,0.0,90,0.5,1,1.0
010_RC204,10,RC,1,0,OPTIMAL,35.5354,1,1,1,0,0,1.0,35.5354,0.0,0.0,90,0.5,1,1.0
010_RC204,10,RC,1,1,OPTIMAL,31.4319,1,1,1,0,0,1.0,31.4319,0.0,0.0,90,0.5,1,1.0
010_RC204,10,RC,1,2,OPTIMAL,37.2758,1,1,1,0,0,1.0,37.2758,0.0,0.0,90,0.5,1,1.0
010_RC204,10,RC,1,3,OPTIMAL,35.7768,1,1,1,0,0,1.0,35.7768,0.0,0.0,90,0.5,1,1.0
010_RC204,10,RC,1,4,OPTIMAL,29.7847,1,1,1,0,0,1.0,29.7847,0.0,0.0,90,0.5,1,1.0
010_RC204,10,RC,1,5,OPTIMAL,32.0538,1,1,1,0,0,1.0,32.0538,0.0,0.0,90,0.5,1,1.0
010_RC204,10,RC,1,6,OPTIMAL,43.901,1,1,1,0,0,1.0,43.901,0.0,0.0,90,0.5,1,1.0
010_RC204,10,RC,1,7,OPTIMAL,41.8286,1,1,1,0,0,1.0,41.8286,0.0,0.0,90,0.5,1,1.0
010_RC204,10,RC,1,8,OPTIMAL,43.2226,1,1,1,0,0,1.0,43.2226,0.0,0.0,90,0.5,1,1.0
010_RC204,10,RC,1,9,OPTIMAL,32.0151,1,1,1,0,0,1.0,32.0151,0.0,0.0,90,0.5,1,1.0
010_RC204,10,RC,2,0,OPTIMAL,74.0384,2,2,2,0,0,1.0,74.0384,0.0,0.0,90,0.5,1,1.0
010_RC204,10,RC,2,1,OPTIMAL,71.497,2,2,2,0,0,1.0,71.497,0.0,0.0,90,0.5,1,1.0
010_RC204,10,RC,2,2,OPTIMAL,80.1956,2,2,2,0,0,1.0,80.1956,0.0,0.0,90,0.5,1,1.0
010_RC204,10,RC,2,3,OPTIMAL,75.5705,2,2,2,0,0,1.0,75.5705,0.0,0.0,90,0.5,1,1.0
010_RC204,10,RC,2,4,OPTIMAL,73.3373,2,2,1,1,0,1.0,73.3373,0.0,0.0,90,0.5,1,1.0
010_RC204,10,RC,2,5,OPTIMAL,68.0965,2,2,1,1,0,1.0,68.0965,0.0,0.0,90,0.5,1,1.0
010_RC204,10,RC,2,6,OPTIMAL,76.3749,2,2,2,0,0,1.0,76.3749,0.0,0.0,90,0.5,1,1.0
010_RC204,10,RC,2,7,OPTIMAL,47.4353,2,1,1,0,1,0.5,38.4823,0.0,8.953,90,0.5,1,1.0
010_RC204,10,RC,2,8,OPTIMAL,68.2234,2,2,2,0,0,1.0,68.2234,0.0,0.0,90,0.5,1,1.0
010_RC204,10,RC,2,9,OPTIMAL,69.0589,2,2,2,0,0,1.0,69.0589,0.0,0.0,90,0.5,1,1.0
010_RC204,10,RC,3,0,OPTIMAL,68.8534,3,2,1,1,1,0.6667,68.77,0.0,0.0834,90,0.5,1,1.0
010_RC204,10,RC,3,1,OPTIMAL,101.3817,3,3,3,0,0,1.0,101.3817,0.0,0.0,90,0.5,1,1.0
010_RC204,10,RC,3,2,OPTIMAL,87.4533,3,2,2,0,1,0.6667,71.9522,0.0,15.5011,90,0.5,1,1.0
010_RC204,10,RC,3,3,OPTIMAL,118.6102,3,3,3,0,0,1.0,118.6102,0.0,0.0,90,0.5,1,1.0
010_RC204,10,RC,3,4,OPTIMAL,80.6041,3,2,2,0,1,0.6667,79.2904,0.0,1.3137,90,0.5,1,1.0
010_RC204,10,RC,3,5,OPTIMAL,82.8363,3,2,2,0,1,0.6667,74.5311,0.0,8.3051,90,0.5,1,1.0
010_RC204,10,RC,3,6,OPTIMAL,74.1687,3,2,2,0,1,0.6667,70.9632,0.0,3.2055,90,0.5,1,1.0
010_RC204,10,RC,3,7,OPTIMAL,100.0305,3,3,3,0,0,1.0,100.0305,0.0,0.0,90,0.5,1,1.0
010_RC204,10,RC,3,8,OPTIMAL,106.6346,3,3,3,0,0,1.0,106.6346,0.0,0.0,90,0.5,1,1.0
010_RC204,10,RC,3,9,OPTIMAL,101.8174,3,3,3,0,0,1.0,101.8174,0.0,0.0,90,0.5,1,1.0
010_RC205,10,RC,1,0,OPTIMAL,8.5799,1,0,0,0,1,0.0,0.0,0.0,8.5799,90,0.5,1,1.0
010_RC205,10,RC,1,1,OPTIMAL,6.6403,1,0,0,0,1,0.0,0.0,0.0,6.6403,90,0.5,1,1.0
010_RC205,10,RC,1,2,OPTIMAL,37.2758,1,1,1,0,0,1.0,37.2758,0.0,0.0,90,0.5,1,1.0
010_RC205,10,RC,1,3,OPTIMAL,35.7768,1,1,1,0,0,1.0,35.7768,0.0,0.0,90,0.5,1,1.0
010_RC205,10,RC,1,4,OPTIMAL,29.7847,1,1,1,0,0,1.0,29.7847,0.0,0.0,90,0.5,1,1.0
010_RC205,10,RC,1,5,OPTIMAL,32.0538,1,1,1,0,0,1.0,32.0538,0.0,0.0,90,0.5,1,1.0
010_RC205,10,RC,1,6,OPTIMAL,43.901,1,1,1,0,0,1.0,43.901,0.0,0.0,90,0.5,1,1.0
010_RC205,10,RC,1,7,OPTIMAL,41.8286,1,1,1,0,0,1.0,41.8286,0.0,0.0,90,0.5,1,1.0
010_RC205,10,RC,1,8,OPTIMAL,43.2226,1,1,1,0,0,1.0,43.2226,0.0,0.0,90,0.5,1,1.0
010_RC205,10,RC,1,9,OPTIMAL,32.0151,1,1,1,0,0,1.0,32.0151,0.0,0.0,90,0.5,1,1.0
010_RC205,10,RC,2,0,OPTIMAL,74.0384,2,2,1,1,0,1.0,74.0384,0.0,0.0,90,0.5,1,1.0
010_RC205,10,RC,2,1,OPTIMAL,33.0325,2,1,1,0,1,0.5,32.3665,0.0,0.666,90,0.5,1,1.0
010_RC205,10,RC,2,2,OPTIMAL,80.1956,2,2,2,0,0,1.0,80.1956,0.0,0.0,90,0.5,1,1.0
010_RC205,10,RC,2,3,OPTIMAL,75.5705,2,2,2,0,0,1.0,75.5705,0.0,0.0,90,0.5,1,1.0
010_RC205,10,RC,2,4,OPTIMAL,73.3373,2,2,2,0,0,1.0,73.3373,0.0,0.0,90,0.5,1,1.0
010_RC205,10,RC,2,5,OPTIMAL,68.0965,2,2,2,0,0,1.0,68.0965,0.0,0.0,90,0.5,1,1.0
010_RC205,10,RC,2,6,OPTIMAL,76.3749,2,2,1,1,0,1.0,76.3749,0.0,0.0,90,0.5,1,1.0
010_RC205,10,RC,2,7,OPTIMAL,47.5659,2,1,1,0,1,0.5,38.4823,0.0,9.0836,90,0.5,1,1.0
010_RC205,10,RC,2,8,OPTIMAL,68.2234,2,2,2,0,0,1.0,68.2234,0.0,0.0,90,0.5,1,1.0
010_RC205,10,RC,2,9,OPTIMAL,69.0589,2,2,2,0,0,1.0,69.0589,0.0,0.0,90,0.5,1,1.0
010_RC205,10,RC,3,0,OPTIMAL,113.5441,3,3,3,0,0,1.0,113.5441,0.0,0.0,90,0.5,1,1.0
010_RC205,10,RC,3,1,OPTIMAL,101.3817,3,3,2,1,0,1.0,101.3817,0.0,0.0,90,0.5,1,1.0
010_RC205,10,RC,3,2,OPTIMAL,119.6537,3,3,3,0,0,1.0,119.6537,0.0,0.0,90,0.5,1,1.0
010_RC205,10,RC,3,3,OPTIMAL,118.6102,3,3,3,0,0,1.0,118.6102,0.0,0.0,90,0.5,1,1.0
010_RC205,10,RC,3,4,OPTIMAL,53.754,3,1,1,0,2,0.3333,47.4712,0.0,6.2829,90,0.5,1,1.0
010_RC205,10,RC,3,5,OPTIMAL,83.261,3,2,2,0,1,0.6667,74.5311,0.0,8.7299,90,0.5,1,1.0
010_RC205,10,RC,3,6,OPTIMAL,78.2777,3,2,1,1,1,0.6667,74.0154,0.0,4.2623,90,0.5,1,1.0
010_RC205,10,RC,3,7,OPTIMAL,71.4919,3,2,2,0,1,0.6667,71.2258,0.0,0.2661,90,0.5,1,1.0
010_RC205,10,RC,3,8,OPTIMAL,106.6346,3,3,3,0,0,1.0,106.6346,0.0,0.0,90,0.5,1,1.0
010_RC205,10,RC,3,9,OPTIMAL,101.8174,3,3,3,0,0,1.0,101.8174,0.0,0.0,90,0.5,1,1.0
010_RC206,10,RC,1,0,OPTIMAL,35.5354,1,1,1,0,0,1.0,35.5354,0.0,0.0,90,0.5,1,1.0
010_RC206,10,RC,1,1,OPTIMAL,31.4319,1,1,1,0,0,1.0,31.4319,0.0,0.0,90,0.5,1,1.0
010_RC206,10,RC,1,2,OPTIMAL,37.2758,1,1,1,0,0,1.0,37.2758,0.0,0.0,90,0.5,1,1.0
010_RC206,10,RC,1,3,OPTIMAL,35.7768,1,1,1,0,0,1.0,35.7768,0.0,0.0,90,0.5,1,1.0
010_RC206,10,RC,1,4,OPTIMAL,29.7847,1,1,1,0,0,1.0,29.7847,0.0,0.0,90,0.5,1,1.0
010_RC206,10,RC,1,5,OPTIMAL,32.0538,1,1,1,0,0,1.0,32.0538,0.0,0.0,90,0.5,1,1.0
010_RC206,10,RC,1,6,OPTIMAL,43.901,1,1,1,0,0,1.0,43.901,0.0,0.0,90,0.5,1,1.0
010_RC206,10,RC,1,7,OPTIMAL,41.8286,1,1,1,0,0,1.0,41.8286,0.0,0.0,90,0.5,1,1.0
010_RC206,10,RC,1,8,OPTIMAL,43.2226,1,1,1,0,0,1.0,43.2226,0.0,0.0,90,0.5,1,1.0
010_RC206,10,RC,1,9,OPTIMAL,32.0151,1,1,1,0,0,1.0,32.0151,0.0,0.0,90,0.5,1,1.0
010_RC206,10,RC,2,0,OPTIMAL,74.0384,2,2,1,1,0,1.0,74.0384,0.0,0.0,90,0.5,1,1.0
010_RC206,10,RC,2,1,OPTIMAL,33.0325,2,1,1,0,1,0.5,32.3665,0.0,0.666,90,0.5,1,1.0
010_RC206,10,RC,2,2,OPTIMAL,80.1956,2,2,2,0,0,1.0,80.1956,0.0,0.0,90,0.5,1,1.0
010_RC206,10,RC,2,3,OPTIMAL,75.5705,2,2,2,0,0,1.0,75.5705,0.0,0.0,90,0.5,1,1.0
010_RC206,10,RC,2,4,OPTIMAL,73.3373,2,2,2,0,0,1.0,73.3373,0.0,0.0,90,0.5,1,1.0
010_RC206,10,RC,2,5,OPTIMAL,68.0965,2,2,2,0,0,1.0,68.0965,0.0,0.0,90,0.5,1,1.0
010_RC206,10,RC,2,6,OPTIMAL,76.3749,2,2,1,1,0,1.0,76.3749,0.0,0.0,90,0.5,1,1.0
010_RC206,10,RC,2,7,OPTIMAL,70.5436,2,2,2,0,0,1.0,70.5436,0.0,0.0,90,0.5,1,1.0
010_RC206,10,RC,2,8,OPTIMAL,68.2234,2,2,2,0,0,1.0,68.2234,0.0,0.0,90,0.5,1,1.0
010_RC206,10,RC,2,9,OPTIMAL,69.0589,2,2,1,1,0,1.0,69.0589,0.0,0.0,90,0.5,1,1.0
010_RC206,10,RC,3,0,OPTIMAL,113.5441,3,3,3,0,0,1.0,113.5441,0.0,0.0,90,0.5,1,1.0
010_RC206,10,RC,3,1,OPTIMAL,101.3817,3,3,2,1,0,1.0,101.3817,0.0,0.0,90,0.5,1,1.0
010_RC206,10,RC,3,2,OPTIMAL,119.6537,3,3,3,0,0,1.0,119.6537,0.0,0.0,90,0.5,1,1.0
010_RC206,10,RC,3,3,OPTIMAL,118.6102,3,3,3,0,0,1.0,118.6102,0.0,0.0,90,0.5,1,1.0
010_RC206,10,RC,3,4,OPTIMAL,112.1854,3,3,3,0,0,1.0,112.1854,0.0,0.0,90,0.5,1,1.0
010_RC206,10,RC,3,5,OPTIMAL,105.3545,3,3,2,1,0,1.0,105.3545,0.0,0.0,90,0.5,1,1.0
010_RC206,10,RC,3,6,OPTIMAL,109.6085,3,3,3,0,0,1.0,109.6085,0.0,0.0,90,0.5,1,1.0
010_RC206,10,RC,3,7,OPTIMAL,67.9225,3,2,2,0,1,0.6667,66.6278,0.0,1.2948,90,0.5,1,1.0
010_RC206,10,RC,3,8,OPTIMAL,77.6008,3,2,2,0,1,0.6667,72.423,0.0,5.1778,90,0.5,1,1.0
010_RC206,10,RC,3,9,OPTIMAL,101.8174,3,3,3,0,0,1.0,101.8174,0.0,0.0,90,0.5,1,1.0
010_RC207,10,RC,1,0,OPTIMAL,35.5354,1,1,1,0,0,1.0,35.5354,0.0,0.0,90,0.5,1,1.0
010_RC207,10,RC,1,1,OPTIMAL,31.4319,1,1,0,1,0,1.0,31.4319,0.0,0.0,90,0.5,1,1.0
010_RC207,10,RC,1,2,OPTIMAL,37.2758,1,1,1,0,0,1.0,37.2758,0.0,0.0,90,0.5,1,1.0
010_RC207,10,RC,1,3,OPTIMAL,35.7768,1,1,1,0,0,1.0,35.7768,0.0,0.0,90,0.5,1,1.0
010_RC207,10,RC,1,4,OPTIMAL,29.7847,1,1,0,1,0,1.0,29.7847,0.0,0.0,90,0.5,1,1.0
010_RC207,10,RC,1,5,OPTIMAL,32.0538,1,1,1,0,0,1.0,32.0538,0.0,0.0,90,0.5,1,1.0
010_RC207,10,RC,1,6,OPTIMAL,0.2627,1,0,0,0,1,0.0,0.0,0.0,0.2627,90,0.5,1,1.0
010_RC207,10,RC,1,7,OPTIMAL,41.8286,1,1,1,0,0,1.0,41.8286,0.0,0.0,90,0.5,1,1.0
010_RC207,10,RC,1,8,OPTIMAL,43.2226,1,1,1,0,0,1.0,43.2226,0.0,0.0,90,0.5,1,1.0
010_RC207,10,RC,1,9,OPTIMAL,32.0151,1,1,1,0,0,1.0,32.0151,0.0,0.0,90,0.5,1,1.0
010_RC207,10,RC,2,0,OPTIMAL,74.0384,2,2,1,1,0,1.0,74.0384,0.0,0.0,90,0.5,1,1.0
010_RC207,10,RC,2,1,OPTIMAL,33.0325,2,1,1,0,1,0.5,32.3665,0.0,0.666,90,0.5,1,1.0
010_RC207,10,RC,2,2,OPTIMAL,80.1956,2,2,2,0,0,1.0,80.1956,0.0,0.0,90,0.5,1,1.0
010_RC207,10,RC,2,3,OPTIMAL,75.5705,2,2,2,0,0,1.0,75.5705,0.0,0.0,90,0.5,1,1.0
010_RC207,10,RC,2,4,OPTIMAL,73.3373,2,2,1,1,0,1.0,73.3373,0.0,0.0,90,0.5,1,1.0
010_RC207,10,RC,2,5,OPTIMAL,68.0965,2,2,2,0,0,1.0,68.0965,0.0,0.0,90,0.5,1,1.0
010_RC207,10,RC,2,6,OPTIMAL,40.0278,2,1,0,1,1,0.5,39.8777,0.0,0.1502,90,0.5,1,1.0
010_RC207,10,RC,2,7,OPTIMAL,70.5436,2,2,2,0,0,1.0,70.5436,0.0,0.0,90,0.5,1,1.0
010_RC207,10,RC,2,8,OPTIMAL,68.2234,2,2,2,0,0,1.0,68.2234,0.0,0.0,90,0.5,1,1.0
010_RC207,10,RC,2,9,OPTIMAL,69.0589,2,2,2,0,0,1.0,69.0589,0.0,0.0,90,0.5,1,1.0
010_RC207,10,RC,3,0,OPTIMAL,113.5441,3,3,3,0,0,1.0,113.5441,0.0,0.0,90,0.5,1,1.0
010_RC207,10,RC,3,1,OPTIMAL,101.3817,3,3,0,3,0,1.0,101.3817,0.0,0.0,90,0.5,1,1.0
010_RC207,10,RC,3,2,OPTIMAL,119.6537,3,3,2,1,0,1.0,119.6537,0.0,0.0,90,0.5,1,1.0
010_RC207,10,RC,3,3,OPTIMAL,80.016,3,2,2,0,1,0.6667,80.0128,0.0,0.0032,90,0.5,1,1.0
010_RC207,10,RC,3,4,OPTIMAL,80.7513,3,2,2,0,1,0.6667,80.3662,0.0,0.385,90,0.5,1,1.0
010_RC207,10,RC,3,5,OPTIMAL,105.3545,3,3,2,1,0,1.0,105.3545,0.0,0.0,90,0.5,1,1.0
010_RC207,10,RC,3,6,OPTIMAL,109.6085,3,3,2,1,0,1.0,109.6085,0.0,0.0,90,0.5,1,1.0
010_RC207,10,RC,3,7,OPTIMAL,72.3125,3,2,2,0,1,0.6667,71.2258,0.0,1.0867,90,0.5,1,1.0
010_RC207,10,RC,3,8,OPTIMAL,39.0023,3,1,1,0,2,0.3333,31.554,0.0,7.4483,90,0.5,1,1.0
010_RC207,10,RC,3,9,OPTIMAL,67.4853,3,2,2,0,1,0.6667,66.9827,0.0,0.5026,90,0.5,1,1.0
010_RC208,10,RC,1,0,OPTIMAL,35.5354,1,1,1,0,0,1.0,35.5354,0.0,0.0,90,0.5,1,1.0
010_RC208,10,RC,1,1,OPTIMAL,31.4319,1,1,1,0,0,1.0,31.4319,0.0,0.0,90,0.5,1,1.0
010_RC208,10,RC,1,2,OPTIMAL,37.2758,1,1,0,1,0,1.0,37.2758,0.0,0.0,90,0.5,1,1.0
010_RC208,10,RC,1,3,OPTIMAL,35.7768,1,1,0,1,0,1.0,35.7768,0.0,0.0,90,0.5,1,1.0
010_RC208,10,RC,1,4,OPTIMAL,29.7847,1,1,1,0,0,1.0,29.7847,0.0,0.0,90,0.5,1,1.0
010_RC208,10,RC,1,5,OPTIMAL,32.0538,1,1,1,0,0,1.0,32.0538,0.0,0.0,90,0.5,1,1.0
010_RC208,10,RC,1,6,OPTIMAL,43.901,1,1,1,0,0,1.0,43.901,0.0,0.0,90,0.5,1,1.0
010_RC208,10,RC,1,7,OPTIMAL,41.8286,1,1,1,0,0,1.0,41.8286,0.0,0.0,90,0.5,1,1.0
010_RC208,10,RC,1,8,OPTIMAL,43.2226,1,1,1,0,0,1.0,43.2226,0.0,0.0,90,0.5,1,1.0
010_RC208,10,RC,1,9,OPTIMAL,32.0151,1,1,1,0,0,1.0,32.0151,0.0,0.0,90,0.5,1,1.0
010_RC208,10,RC,2,0,OPTIMAL,74.0384,2,2,2,0,0,1.0,74.0384,0.0,0.0,90,0.5,1,1.0
010_RC208,10,RC,2,1,OPTIMAL,32.3719,2,1,1,0,1,0.5,32.3665,0.0,0.0054,90,0.5,1,1.0
010_RC208,10,RC,2,2,OPTIMAL,80.1956,2,2,2,0,0,1.0,80.1956,0.0,0.0,90,0.5,1,1.0
010_RC208,10,RC,2,3,OPTIMAL,75.5705,2,2,2,0,0,1.0,75.5705,0.0,0.0,90,0.5,1,1.0
010_RC208,10,RC,2,4,OPTIMAL,73.3373,2,2,1,1,0,1.0,73.3373,0.0,0.0,90,0.5,1,1.0
010_RC208,10,RC,2,5,OPTIMAL,68.0965,2,2,2,0,0,1.0,68.0965,0.0,0.0,90,0.5,1,1.0
010_RC208,10,RC,2,6,OPTIMAL,76.3749,2,2,2,0,0,1.0,76.3749,0.0,0.0,90,0.5,1,1.0
010_RC208,10,RC,2,7,OPTIMAL,47.5659,2,1,1,0,1,0.5,38.4823,0.0,9.0836,90,0.5,1,1.0
010_RC208,10,RC,2,8,OPTIMAL,68.2234,2,2,2,0,0,1.0,68.2234,0.0,0.0,90,0.5,1,1.0
010_RC208,10,RC,2,9,OPTIMAL,69.0589,2,2,1,1,0,1.0,69.0589,0.0,0.0,90,0.5,1,1.0
010_RC208,10,RC,3,0,OPTIMAL,77.1153,3,2,2,0,1,0.6667,77.1151,0.0,0.0002,90,0.5,1,1.0
010_RC208,10,RC,3,1,OPTIMAL,101.3817,3,3,3,0,0,1.0,101.3817,0.0,0.0,90,0.5,1,1.0
010_RC208,10,RC,3,2,OPTIMAL,119.6537,3,3,3,0,0,1.0,119.6537,0.0,0.0,90,0.5,1,1.0
010_RC208,10,RC,3,3,OPTIMAL,118.6102,3,3,3,0,0,1.0,118.6102,0.0,0.0,90,0.5,1,1.0
010_RC208,10,RC,3,4,OPTIMAL,84.2714,3,1,1,0,2,0.3333,47.4712,0.0,36.8002,90,0.5,1,1.0
010_RC208,10,RC,3,5,OPTIMAL,83.261,3,2,2,0,1,0.6667,74.5311,0.0,8.7299,90,0.5,1,1.0
010_RC208,10,RC,3,6,OPTIMAL,71.6509,3,2,1,1,1,0.6667,70.9632,0.0,0.6877,90,0.5,1,1.0
010_RC208,10,RC,3,7,OPTIMAL,100.0305,3,3,3,0,0,1.0,100.0305,0.0,0.0,90,0.5,1,1.0
010_RC208,10,RC,3,8,OPTIMAL,65.7833,3,2,2,0,1,0.6667,65.7656,0.0,0.0176,90,0.5,1,1.0
010_RC208,10,RC,3,9,OPTIMAL,101.8174,3,3,3,0,0,1.0,101.8174,0.0,0.0,90,0.5,1,1.0
015_C101,15,C,1,0,OPTIMAL,7.4157,1,0,0,0,1,0.0,0.0,0.0,7.4157,90,0.5,1,1.0
015_C101,15,C,1,1,OPTIMAL,17.8086,1,1,1,0,0,1.0,17.8086,0.0,0.0,90,0.5,1,1.0
015_C101,15,C,1,2,OPTIMAL,17.2941,1,1,1,0,0,1.0,17.2941,0.0,0.0,90,0.5,1,1.0
015_C101,15,C,1,3,OPTIMAL,11.2423,1,0,0,0,1,0.0,0.0,0.0,11.2423,90,0.5,1,1.0
015_C101,15,C,1,4,OPTIMAL,38.546,1,1,1,0,0,1.0,38.546,0.0,0.0,90,0.5,1,1.0
015_C101,15,C,1,5,OPTIMAL,8.0968,1,0,0,0,1,0.0,0.0,0.0,8.0968,90,0.5,1,1.0
015_C101,15,C,1,6,OPTIMAL,17.4909,1,1,1,0,0,1.0,17.4909,0.0,0.0,90,0.5,1,1.0
015_C101,15,C,1,7,OPTIMAL,0.0041,1,0,0,0,1,0.0,0.0,0.0,0.0041,90,0.5,1,1.0
015_C101,15,C,1,8,OPTIMAL,3.9999,1,0,0,0,1,0.0,0.0,0.0,3.9999,90,0.5,1,1.0
015_C101,15,C,1,9,OPTIMAL,15.8438,1,1,1,0,0,1.0,15.8438,0.0,0.0,90,0.5,1,1.0
015_C101,15,C,2,0,OPTIMAL,35.0299,2,2,2,0,0,1.0,35.0299,0.0,0.0,90,0.5,1,1.0
015_C101,15,C,2,1,OPTIMAL,18.548,2,1,1,0,1,0.5,17.6344,0.0,0.9136,90,0.5,1,1.0
015_C101,15,C,2,2,OPTIMAL,14.4231,2,0,0,0,2,0.0,0.0,0.0,14.4231,90,0.5,1,1.0
015_C101,15,C,2,3,OPTIMAL,69.9338,2,2,2,0,0,1.0,69.9338,0.0,0.0,90,0.5,1,1.0
015_C101,15,C,2,4,OPTIMAL,10.7563,2,0,0,0,2,0.0,0.0,0.0,10.7563,90,0.5,1,1.0
015_C101,15,C,2,5,OPTIMAL,37.2595,2,2,2,0,0,1.0,37.2595,0.0,0.0,90,0.5,1,1.0
015_C101,15,C,2,6,OPTIMAL,51.5049,2,2,2,0,0,1.0,51.5049,0.0,0.0,90,0.5,1,1.0
015_C101,15,C,2,7,OPTIMAL,14.7723,2,1,0,1,1,0.5,9.8022,0.0,4.97,90,0.5,1,1.0
015_C101,15,C,2,8,OPTIMAL,28.6262,2,2,2,0,0,1.0,28.6262,0.0,0.0,90,0.5,1,1.0
015_C101,15,C,2,9,OPTIMAL,7.522,2,0,0,0,2,0.0,0.0,0.0,7.522,90,0.5,1,1.0
015_C101,15,C,3,0,OPTIMAL,82.6255,3,2,2,0,1,0.6667,73.9781,0.0,8.6474,90,0.5,1,1.0
015_C101,15,C,3,1,OPTIMAL,17.9304,3,1,1,0,2,0.3333,16.1059,0.0,1.8245,90,0.5,1,1.0
015_C101,15,C,3,2,OPTIMAL,68.506,3,3,3,0,0,1.0,68.506,0.0,0.0,90,0.5,1,1.0
015_C101,15,C,3,3,OPTIMAL,62.0024,3,2,1,1,1,0.6667,58.8218,0.0,3.1806,90,0.5,1,1.0
015_C101,15,C,3,4,OPTIMAL,37.17,3,2,2,0,1,0.6667,32.458,0.0,4.712,90,0.5,1,1.0
015_C101,15,C,3,5,OPTIMAL,54.4621,3,2,2,0,1,0.6667,54.4537,0.0,0.0083,90,0.5,1,1.0
015_C101,15,C,3,6,OPTIMAL,6.7499,3,0,0,0,3,0.0,0.0,0.0,6.7499,90,0.5,1,1.0
015_C101,15,C,3,7,OPTIMAL,49.6491,3,2,2,0,1,0.6667,49.4578,0.0,0.1913,90,0.5,1,1.0
015_C101,15,C,3,8,OPTIMAL,52.994,3,2,2,0,1,0.6667,52.5639,0.0,0.4301,90,0.5,1,1.0
015_C101,15,C,3,9,OPTIMAL,59.0883,3,2,2,0,1,0.6667,49.3005,0.0,9.7877,90,0.5,1,1.0
015_C102,15,C,1,0,OPTIMAL,7.4157,1,0,0,0,1,0.0,0.0,0.0,7.4157,90,0.5,1,1.0
015_C102,15,C,1,1,OPTIMAL,17.8086,1,1,1,0,0,1.0,17.8086,0.0,0.0,90,0.5,1,1.0
015_C102,15,C,1,2,OPTIMAL,17.2941,1,1,1,0,0,1.0,17.2941,0.0,0.0,90,0.5,1,1.0
015_C102,15,C,1,3,OPTIMAL,21.6717,1,1,1,0,0,1.0,21.6717,0.0,0.0,90,0.5,1,1.0
015_C102,15,C,1,4,OPTIMAL,38.546,1,1,1,0,0,1.0,38.546,0.0,0.0,90,0.5,1,1.0
015_C102,15,C,1,5,OPTIMAL,8.0968,1,0,0,0,1,0.0,0.0,0.0,8.0968,90,0.5,1,1.0
015_C102,15,C,1,6,OPTIMAL,17.4909,1,1,1,0,0,1.0,17.4909,0.0,0.0,90,0.5,1,1.0
015_C102,15,C,1,7,OPTIMAL,17.5385,1,1,0,1,0,1.0,17.5385,0.0,0.0,90,0.5,1,1.0
015_C102,15,C,1,8,OPTIMAL,7.9998,1,0,0,0,1,0.0,0.0,0.0,7.9998,90,0.5,1,1.0
015_C102,15,C,1,9,OPTIMAL,15.8438,1,1,1,0,0,1.0,15.8438,0.0,0.0,90,0.5,1,1.0
015_C102,15,C,2,0,OPTIMAL,35.0299,2,2,2,0,0,1.0,35.0299,0.0,0.0,90,0.5,1,1.0
015_C102,15,C,2,1,OPTIMAL,28.272,2,2,1,1,0,1.0,28.272,0.0,0.0,90,0.5,1,1.0
015_C102,15,C,2,2,OPTIMAL,28.5308,2,1,1,0,1,0.5,17.4529,0.0,11.0779,90,0.5,1,1.0
015_C102,15,C,2,3,OPTIMAL,69.9338,2,2,2,0,0,1.0,69.9338,0.0,0.0,90,0.5,1,1.0
015_C102,15,C,2,4,OPTIMAL,22.5018,2,1,1,0,1,0.5,18.215,0.0,4.2867,90,0.5,1,1.0
015_C102,15,C,2,5,OPTIMAL,37.2595,2,2,2,0,0,1.0,37.2595,0.0,0.0,90,0.5,1,1.0
015_C102,15,C,2,6,OPTIMAL,51.5049,2,2,2,0,0,1.0,51.5049,0.0,0.0,90,0.5,1,1.0
015_C102,15,C,2,7,OPTIMAL,14.7723,2,1,0,1,1,0.5,9.8022,0.0,4.97,90,0.5,1,1.0
015_C102,15,C,2,8,OPTIMAL,28.6262,2,2,2,0,0,1.0,28.6262,0.0,0.0,90,0.5,1,1.0
015_C102,15,C,2,9,OPTIMAL,41.0349,2,2,2,0,0,1.0,41.0349,0.0,0.0,90,0.5,1,1.0
015_C102,15,C,3,0,OPTIMAL,82.6255,3,2,2,0,1,0.6667,73.9781,0.0,8.6474,90,0.5,1,1.0
015_C102,15,C,3,1,OPTIMAL,17.9304,3,1,1,0,2,0.3333,16.1059,0.0,1.8245,90,0.5,1,1.0
015_C102,15,C,3,2,OPTIMAL,68.506,3,3,3,0,0,1.0,68.506,0.0,0.0,90,0.5,1,1.0
015_C102,15,C,3,3,OPTIMAL,69.5855,3,3,3,0,0,1.0,69.5855,0.0,0.0,90,0.5,1,1.0
015_C102,15,C,3,4,OPTIMAL,49.8577,3,3,3,0,0,1.0,49.8577,0.0,0.0,90,0.5,1,1.0
015_C102,15,C,3,5,OPTIMAL,54.4621,3,2,2,0,1,0.6667,54.4537,0.0,0.0083,90,0.5,1,1.0
015_C102,15,C,3,6,OPTIMAL,26.248,3,1,1,0,2,0.3333,17.2566,0.0,8.9914,90,0.5,1,1.0
015_C102,15,C,3,7,OPTIMAL,50.0698,3,2,2,0,1,0.6667,49.4578,0.0,0.612,90,0.5,1,1.0
015_C102,15,C,3,8,OPTIMAL,52.994,3,2,2,0,1,0.6667,52.5639,0.0,0.4301,90,0.5,1,1.0
015_C102,15,C,3,9,OPTIMAL,66.6521,3,2,2,0,1,0.6667,49.3005,0.0,17.3515,90,0.5,1,1.0
015_C103,15,C,1,0,OPTIMAL,37.1098,1,1,0,1,0,1.0,37.1098,0.0,0.0,90,0.5,1,1.0
015_C103,15,C,1,1,OPTIMAL,17.8086,1,1,1,0,0,1.0,17.8086,0.0,0.0,90,0.5,1,1.0
015_C103,15,C,1,2,OPTIMAL,17.2941,1,1,1,0,0,1.0,17.2941,0.0,0.0,90,0.5,1,1.0
015_C103,15,C,1,3,OPTIMAL,21.6717,1,1,1,0,0,1.0,21.6717,0.0,0.0,90,0.5,1,1.0
015_C103,15,C,1,4,OPTIMAL,38.546,1,1,1,0,0,1.0,38.546,0.0,0.0,90,0.5,1,1.0
015_C103,15,C,1,5,OPTIMAL,8.0968,1,0,0,0,1,0.0,0.0,0.0,8.0968,90,0.5,1,1.0
015_C103,15,C,1,6,OPTIMAL,17.4909,1,1,1,0,0,1.0,17.4909,0.0,0.0,90,0.5,1,1.0
015_C103,15,C,1,7,OPTIMAL,17.5385,1,1,0,1,0,1.0,17.5385,0.0,0.0,90,0.5,1,1.0
015_C103,15,C,1,8,OPTIMAL,17.5704,1,1,1,0,0,1.0,17.5704,0.0,0.0,90,0.5,1,1.0
015_C103,15,C,1,9,OPTIMAL,15.8438,1,1,1,0,0,1.0,15.8438,0.0,0.0,90,0.5,1,1.0
015_C103,15,C,2,0,OPTIMAL,35.0299,2,2,2,0,0,1.0,35.0299,0.0,0.0,90,0.5,1,1.0
015_C103,15,C,2,1,OPTIMAL,28.272,2,2,1,1,0,1.0,28.272,0.0,0.0,90,0.5,1,1.0
015_C103,15,C,2,2,OPTIMAL,28.5308,2,1,1,0,1,0.5,17.4529,0.0,11.0779,90,0.5,1,1.0
015_C103,15,C,2,3,OPTIMAL,69.9338,2,2,2,0,0,1.0,69.9338,0.0,0.0,90,0.5,1,1.0
015_C103,15,C,2,4,OPTIMAL,29.9395,2,2,1,1,0,1.0,29.9395,0.0,0.0,90,0.5,1,1.0
015_C103,15,C,2,5,OPTIMAL,37.2595,2,2,2,0,0,1.0,37.2595,0.0,0.0,90,0.5,1,1.0
015_C103,15,C,2,6,OPTIMAL,51.5049,2,2,2,0,0,1.0,51.5049,0.0,0.0,90,0.5,1,1.0
015_C103,15,C,2,7,OPTIMAL,14.7723,2,1,0,1,1,0.5,9.8022,0.0,4.97,90,0.5,1,1.0
015_C103,15,C,2,8,OPTIMAL,28.6262,2,2,2,0,0,1.0,28.6262,0.0,0.0,90,0.5,1,1.0
015_C103,15,C,2,9,OPTIMAL,41.0349,2,2,2,0,0,1.0,41.0349,0.0,0.0,90,0.5,1,1.0
015_C103,15,C,3,0,OPTIMAL,93.7392,3,3,2,1,0,1.0,93.7392,0.0,0.0,90,0.5,1,1.0
015_C103,15,C,3,1,OPTIMAL,17.9304,3,1,1,0,2,0.3333,16.1059,0.0,1.8245,90,0.5,1,1.0
015_C103,15,C,3,2,OPTIMAL,68.506,3,3,3,0,0,1.0,68.506,0.0,0.0,90,0.5,1,1.0
015_C103,15,C,3,3,OPTIMAL,69.5855,3,3,3,0,0,1.0,69.5855,0.0,0.0,90,0.5,1,1.0
015_C103,15,C,3,4,OPTIMAL,49.8577,3,3,3,0,0,1.0,49.8577,0.0,0.0,90,0.5,1,1.0
015_C103,15,C,3,5,OPTIMAL,54.4621,3,2,2,0,1,0.6667,54.4537,0.0,0.0083,90,0.5,1,1.0
015_C103,15,C,3,6,OPTIMAL,35.4834,3,2,2,0,1,0.6667,34.5953,0.0,0.8881,90,0.5,1,1.0
015_C103,15,C,3,7,OPTIMAL,50.0698,3,2,2,0,1,0.6667,49.4578,0.0,0.612,90,0.5,1,1.0
015_C103,15,C,3,8,OPTIMAL,52.994,3,2,2,0,1,0.6667,52.5639,0.0,0.4301,90,0.5,1,1.0
015_C103,15,C,3,9,OPTIMAL,68.6947,3,3,3,0,0,1.0,68.6947,0.0,0.0,90,0.5,1,1.0
015_C104,15,C,1,0,OPTIMAL,37.1098,1,1,0,1,0,1.0,37.1098,0.0,0.0,90,0.5,1,1.0
015_C104,15,C,1,1,OPTIMAL,17.8086,1,1,1,0,0,1.0,17.8086,0.0,0.0,90,0.5,1,1.0
015_C104,15,C,1,2,OPTIMAL,17.2941,1,1,1,0,0,1.0,17.2941,0.0,0.0,90,0.5,1,1.0
015_C104,15,C,1,3,OPTIMAL,21.6717,1,1,1,0,0,1.0,21.6717,0.0,0.0,90,0.5,1,1.0
015_C104,15,C,1,4,OPTIMAL,38.546,1,1,1,0,0,1.0,38.546,0.0,0.0,90,0.5,1,1.0
015_C104,15,C,1,5,OPTIMAL,19.8545,1,1,1,0,0,1.0,19.8545,0.0,0.0,90,0.5,1,1.0
015_C104,15,C,1,6,OPTIMAL,17.4909,1,1,1,0,0,1.0,17.4909,0.0,0.0,90,0.5,1,1.0
015_C104,15,C,1,7,OPTIMAL,17.5385,1,1,1,0,0,1.0,17.5385,0.0,0.0,90,0.5,1,1.0
015_C104,15,C,1,8,OPTIMAL,17.5704,1,1,1,0,0,1.0,17.5704,0.0,0.0,90,0.5,1,1.0
015_C104,15,C,1,9,OPTIMAL,15.8438,1,1,1,0,0,1.0,15.8438,0.0,0.0,90,0.5,1,1.0
015_C104,15,C,2,0,OPTIMAL,35.0299,2,2,2,0,0,1.0,35.0299,0.0,0.0,90,0.5,1,1.0
015_C104,15,C,2,1,OPTIMAL,28.272,2,2,2,0,0,1.0,28.272,0.0,0.0,90,0.5,1,1.0
015_C104,15,C,2,2,OPTIMAL,40.9157,2,2,1,1,0,1.0,40.9157,0.0,0.0,90,0.5,1,1.0
015_C104,15,C,2,3,OPTIMAL,69.9338,2,2,2,0,0,1.0,69.9338,0.0,0.0,90,0.5,1,1.0
015_C104,15,C,2,4,OPTIMAL,29.9395,2,2,1,1,0,1.0,29.9395,0.0,0.0,90,0.5,1,1.0
015_C104,15,C,2,5,OPTIMAL,37.2595,2,2,2,0,0,1.0,37.2595,0.0,0.0,90,0.5,1,1.0
015_C104,15,C,2,6,OPTIMAL,51.5049,2,2,2,0,0,1.0,51.5049,0.0,0.0,90,0.5,1,1.0
015_C104,15,C,2,7,OPTIMAL,30.3124,2,2,0,2,0,1.0,30.3124,0.0,0.0,90,0.5,1,1.0
015_C104,15,C,2,8,OPTIMAL,28.6262,2,2,2,0,0,1.0,28.6262,0.0,0.0,90,0.5,1,1.0
015_C104,15,C,2,9,OPTIMAL,41.0349,2,2,2,0,0,1.0,41.0349,0.0,0.0,90,0.5,1,1.0
015_C104,15,C,3,0,OPTIMAL,93.7392,3,3,2,1,0,1.0,93.7392,0.0,0.0,90,0.5,1,1.0
015_C104,15,C,3,1,OPTIMAL,49.9373,3,3,2,1,0,1.0,49.9373,0.0,0.0,90,0.5,1,1.0
015_C104,15,C,3,2,OPTIMAL,68.506,3,3,3,0,0,1.0,68.506,0.0,0.0,90,0.5,1,1.0
015_C104,15,C,3,3,OPTIMAL,69.5855,3,3,3,0,0,1.0,69.5855,0.0,0.0,90,0.5,1,1.0
015_C104,15,C,3,4,OPTIMAL,49.8577,3,3,3,0,0,1.0,49.8577,0.0,0.0,90,0.5,1,1.0
015_C104,15,C,3,5,OPTIMAL,69.846,3,3,3,0,0,1.0,69.846,0.0,0.0,90,0.5,1,1.0
015_C104,15,C,3,6,OPTIMAL,36.7215,3,2,2,0,1,0.6667,34.5953,0.0,2.1261,90,0.5,1,1.0
015_C104,15,C,3,7,OPTIMAL,50.0698,3,2,2,0,1,0.6667,49.4578,0.0,0.612,90,0.5,1,1.0
015_C104,15,C,3,8,OPTIMAL,52.994,3,2,2,0,1,0.6667,52.5639,0.0,0.4301,90,0.5,1,1.0
015_C104,15,C,3,9,OPTIMAL,68.6947,3,3,3,0,0,1.0,68.6947,0.0,0.0,90,0.5,1,1.0
015_C105,15,C,1,0,OPTIMAL,7.4157,1,0,0,0,1,0.0,0.0,0.0,7.4157,90,0.5,1,1.0
015_C105,15,C,1,1,OPTIMAL,17.8086,1,1,1,0,0,1.0,17.8086,0.0,0.0,90,0.5,1,1.0
015_C105,15,C,1,2,OPTIMAL,17.2941,1,1,0,1,0,1.0,17.2941,0.0,0.0,90,0.5,1,1.0
015_C105,15,C,1,3,OPTIMAL,21.6717,1,1,1,0,0,1.0,21.6717,0.0,0.0,90,0.5,1,1.0
015_C105,15,C,1,4,OPTIMAL,38.546,1,1,1,0,0,1.0,38.546,0.0,0.0,90,0.5,1,1.0
015_C105,15,C,1,5,OPTIMAL,8.0968,1,0,0,0,1,0.0,0.0,0.0,8.0968,90,0.5,1,1.0
015_C105,15,C,1,6,OPTIMAL,17.4909,1,1,1,0,0,1.0,17.4909,0.0,0.0,90,0.5,1,1.0
015_C105,15,C,1,7,OPTIMAL,0.0041,1,0,0,0,1,0.0,0.0,0.0,0.0041,90,0.5,1,1.0
015_C105,15,C,1,8,OPTIMAL,0.3259,1,0,0,0,1,0.0,0.0,0.0,0.3259,90,0.5,1,1.0
015_C105,15,C,1,9,OPTIMAL,15.8438,1,1,1,0,0,1.0,15.8438,0.0,0.0,90,0.5,1,1.0
015_C105,15,C,2,0,OPTIMAL,35.0299,2,2,2,0,0,1.0,35.0299,0.0,0.0,90,0.5,1,1.0
015_C105,15,C,2,1,OPTIMAL,28.272,2,2,1,1,0,1.0,28.272,0.0,0.0,90,0.5,1,1.0
015_C105,15,C,2,2,OPTIMAL,13.7388,2,0,0,0,2,0.0,0.0,0.0,13.7388,90,0.5,1,1.0
015_C105,15,C,2,3,OPTIMAL,69.9338,2,2,1,1,0,1.0,69.9338,0.0,0.0,90,0.5,1,1.0
015_C105,15,C,2,4,OPTIMAL,10.7563,2,0,0,0,2,0.0,0.0,0.0,10.7563,90,0.5,1,1.0
015_C105,15,C,2,5,OPTIMAL,37.2595,2,2,2,0,0,1.0,37.2595,0.0,0.0,90,0.5,1,1.0
015_C105,15,C,2,6,OPTIMAL,51.5049,2,2,2,0,0,1.0,51.5049,0.0,0.0,90,0.5,1,1.0
015_C105,15,C,2,7,OPTIMAL,14.7723,2,1,0,1,1,0.5,9.8022,0.0,4.97,90,0.5,1,1.0
015_C105,15,C,2,8,OPTIMAL,28.6262,2,2,2,0,0,1.0,28.6262,0.0,0.0,90,0.5,1,1.0
015_C105,15,C,2,9,OPTIMAL,41.0349,2,2,2,0,0,1.0,41.0349,0.0,0.0,90,0.5,1,1.0
015_C105,15,C,3,0,OPTIMAL,93.7392,3,3,3,0,0,1.0,93.7392,0.0,0.0,90,0.5,1,1.0
015_C105,15,C,3,1,OPTIMAL,38.5907,3,2,2,0,1,0.6667,34.0463,0.0,4.5444,90,0.5,1,1.0
015_C105,15,C,3,2,OPTIMAL,68.506,3,3,2,1,0,1.0,68.506,0.0,0.0,90,0.5,1,1.0
015_C105,15,C,3,3,OPTIMAL,62.0024,3,2,2,0,1,0.6667,58.8218,0.0,3.1806,90,0.5,1,1.0
015_C105,15,C,3,4,OPTIMAL,37.17,3,2,2,0,1,0.6667,32.458,0.0,4.712,90,0.5,1,1.0
015_C105,15,C,3,5,OPTIMAL,56.3221,3,2,1,1,1,0.6667,54.4537,0.0,1.8683,90,0.5,1,1.0
015_C105,15,C,3,6,OPTIMAL,3.2559,3,0,0,0,3,0.0,0.0,0.0,3.2559,90,0.5,1,1.0
015_C105,15,C,3,7,OPTIMAL,49.6491,3,2,2,0,1,0.6667,49.4578,0.0,0.1913,90,0.5,1,1.0
015_C105,15,C,3,8,OPTIMAL,67.1851,3,3,3,0,0,1.0,67.1851,0.0,0.0,90,0.5,1,1.0
015_C105,15,C,3,9,OPTIMAL,38.3579,3,1,0,1,2,0.3333,28.7221,0.0,9.6359,90,0.5,1,1.0
015_C106,15,C,1,0,OPTIMAL,7.4157,1,0,0,0,1,0.0,0.0,0.0,7.4157,90,0.5,1,1.0
015_C106,15,C,1,1,OPTIMAL,17.8086,1,1,1,0,0,1.0,17.8086,0.0,0.0,90,0.5,1,1.0
015_C106,15,C,1,2,OPTIMAL,5.6145,1,0,0,0,1,0.0,0.0,0.0,5.6145,90,0.5,1,1.0
015_C106,15,C,1,3,OPTIMAL,21.6717,1,1,1,0,0,1.0,21.6717,0.0,0.0,90,0.5,1,1.0
015_C106,15,C,1,4,OPTIMAL,38.546,1,1,1,0,0,1.0,38.546,0.0,0.0,90,0.5,1,1.0
015_C106,15,C,1,5,OPTIMAL,10.6426,1,0,0,0,1,0.0,0.0,0.0,10.6426,90,0.5,1,1.0
015_C106,15,C,1,6,OPTIMAL,17.4909,1,1,1,0,0,1.0,17.4909,0.0,0.0,90,0.5,1,1.0
015_C106,15,C,1,7,OPTIMAL,0.0041,1,0,0,0,1,0.0,0.0,0.0,0.0041,90,0.5,1,1.0
015_C106,15,C,1,8,OPTIMAL,0.3259,1,0,0,0,1,0.0,0.0,0.0,0.3259,90,0.5,1,1.0
015_C106,15,C,1,9,OPTIMAL,15.8438,1,1,1,0,0,1.0,15.8438,0.0,0.0,90,0.5,1,1.0
015_C106,15,C,2,0,OPTIMAL,35.0299,2,2,2,0,0,1.0,35.0299,0.0,0.0,90,0.5,1,1.0
015_C106,15,C,2,1,OPTIMAL,18.548,2,1,1,0,1,0.5,17.6344,0.0,0.9136,90,0.5,1,1.0
015_C106,15,C,2,2,OPTIMAL,14.4231,2,0,0,0,2,0.0,0.0,0.0,14.4231,90,0.5,1,1.0
015_C106,15,C,2,3,OPTIMAL,69.9338,2,2,2,0,0,1.0,69.9338,0.0,0.0,90,0.5,1,1.0
015_C106,15,C,2,4,OPTIMAL,18.194,2,1,1,0,1,0.5,11.7244,0.0,6.4695,90,0.5,1,1.0
015_C106,15,C,2,5,OPTIMAL,22.6734,2,1,1,0,1,0.5,19.7354,0.0,2.9379,90,0.5,1,1.0
015_C106,15,C,2,6,OPTIMAL,51.5049,2,2,2,0,0,1.0,51.5049,0.0,0.0,90,0.5,1,1.0
015_C106,15,C,2,7,OPTIMAL,14.7723,2,1,0,1,1,0.5,9.8022,0.0,4.97,90,0.5,1,1.0
015_C106,15,C,2,8,OPTIMAL,28.6262,2,2,2,0,0,1.0,28.6262,0.0,0.0,90,0.5,1,1.0
015_C106,15,C,2,9,OPTIMAL,20.9855,2,1,0,1,1,0.5,20.3509,0.0,0.6346,90,0.5,1,1.0
015_C106,15,C,3,0,OPTIMAL,82.6255,3,2,2,0,1,0.6667,73.9781,0.0,8.6474,90,0.5,1,1.0
015_C106,15,C,3,1,OPTIMAL,38.5907,3,2,2,0,1,0.6667,34.0463,0.0,4.5444,90,0.5,1,1.0
015_C106,15,C,3,2,OPTIMAL,68.506,3,3,3,0,0,1.0,68.506,0.0,0.0,90,0.5,1,1.0
015_C106,15,C,3,3,OPTIMAL,69.5855,3,3,1,2,0,1.0,69.5855,0.0,0.0,90,0.5,1,1.0
015_C106,15,C,3,4,OPTIMAL,49.8577,3,3,2,1,0,1.0,49.8577,0.0,0.0,90,0.5,1,1.0
015_C106,15,C,3,5,OPTIMAL,56.3221,3,2,1,1,1,0.6667,54.4537,0.0,1.8683,90,0.5,1,1.0
015_C106,15,C,3,6,OPTIMAL,17.3537,3,1,0,1,2,0.3333,17.2566,0.0,0.0971,90,0.5,1,1.0
015_C106,15,C,3,7,OPTIMAL,49.6491,3,2,2,0,1,0.6667,49.4578,0.0,0.1913,90,0.5,1,1.0
015_C106,15,C,3,8,OPTIMAL,52.994,3,2,2,0,1,0.6667,52.5639,0.0,0.4301,90,0.5,1,1.0
015_C106,15,C,3,9,OPTIMAL,55.1898,3,2,1,1,1,0.6667,49.3005,0.0,5.8893,90,0.5,1,1.0
015_C107,15,C,1,0,OPTIMAL,37.1098,1,1,1,0,0,1.0,37.1098,0.0,0.0,90,0.5,1,1.0
015_C107,15,C,1,1,OPTIMAL,17.8086,1,1,1,0,0,1.0,17.8086,0.0,0.0,90,0.5,1,1.0
015_C107,15,C,1,2,OPTIMAL,5.6145,1,0,0,0,1,0.0,0.0,0.0,5.6145,90,0.5,1,1.0
015_C107,15,C,1,3,OPTIMAL,11.4362,1,0,0,0,1,0.0,0.0,0.0,11.4362,90,0.5,1,1.0
015_C107,15,C,1,4,OPTIMAL,12.2665,1,0,0,0,1,0.0,0.0,0.0,12.2665,90,0.5,1,1.0
015_C107,15,C,1,5,OPTIMAL,8.0968,1,0,0,0,1,0.0,0.0,0.0,8.0968,90,0.5,1,1.0
015_C107,15,C,1,6,OPTIMAL,5.1069,1,0,0,0,1,0.0,0.0,0.0,5.1069,90,0.5,1,1.0
015_C107,15,C,1,7,OPTIMAL,17.5385,1,1,1,0,0,1.0,17.5385,0.0,0.0,90,0.5,1,1.0
015_C107,15,C,1,8,OPTIMAL,0.3259,1,0,0,0,1,0.0,0.0,0.0,0.3259,90,0.5,1,1.0
015_C107,15,C,1,9,OPTIMAL,15.8438,1,1,1,0,0,1.0,15.8438,0.0,0.0,90,0.5,1,1.0
015_C107,15,C,2,0,OPTIMAL,35.0299,2,2,2,0,0,1.0,35.0299,0.0,0.0,90,0.5,1,1.0
015_C107,15,C,2,1,OPTIMAL,19.5496,2,1,1,0,1,0.5,17.6344,0.0,1.9152,90,0.5,1,1.0
015_C107,15,C,2,2,OPTIMAL,26.1237,2,1,1,0,1,0.5,23.4628,0.0,2.661,90,0.5,1,1.0
015_C107,15,C,2,3,OPTIMAL,69.9338,2,2,0,2,0,1.0,69.9338,0.0,0.0,90,0.5,1,1.0
015_C107,15,C,2,4,OPTIMAL,29.9395,2,2,2,0,0,1.0,29.9395,0.0,0.0,90,0.5,1,1.0
015_C107,15,C,2,5,OPTIMAL,24.8539,2,1,1,0,1,0.5,17.5241,0.0,7.3298,90,0.5,1,1.0
015_C107,15,C,2,6,OPTIMAL,20.4999,2,1,0,1,1,0.5,18.8028,0.0,1.6971,90,0.5,1,1.0
015_C107,15,C,2,7,OPTIMAL,20.8936,2,1,1,0,1,0.5,20.5102,0.0,0.3834,90,0.5,1,1.0
015_C107,15,C,2,8,OPTIMAL,14.8431,2,1,1,0,1,0.5,11.2743,0.0,3.5688,90,0.5,1,1.0
015_C107,15,C,2,9,OPTIMAL,24.6123,2,1,1,0,1,0.5,20.3509,0.0,4.2613,90,0.5,1,1.0
015_C107,15,C,3,0,OPTIMAL,93.7392,3,3,3,0,0,1.0,93.7392,0.0,0.0,90,0.5,1,1.0
015_C107,15,C,3,1,OPTIMAL,17.5445,3,1,1,0,2,0.3333,16.1059,0.0,1.4386,90,0.5,1,1.0
015_C107,15,C,3,2,OPTIMAL,68.506,3,3,3,0,0,1.0,68.506,0.0,0.0,90,0.5,1,1.0
015_C107,15,C,3,3,OPTIMAL,62.0024,3,2,2,0,1,0.6667,58.8218,0.0,3.1806,90,0.5,1,1.0
015_C107,15,C,3,4,OPTIMAL,49.8577,3,3,3,0,0,1.0,49.8577,0.0,0.0,90,0.5,1,1.0
015_C107,15,C,3,5,OPTIMAL,55.1618,3,2,2,0,1,0.6667,54.4537,0.0,0.7081,90,0.5,1,1.0
015_C107,15,C,3,6,OPTIMAL,10.3693,3,0,0,0,3,0.0,0.0,0.0,10.3693,90,0.5,1,1.0
015_C107,15,C,3,7,OPTIMAL,49.6491,3,2,1,1,1,0.6667,49.4578,0.0,0.1913,90,0.5,1,1.0
015_C107,15,C,3,8,OPTIMAL,67.1851,3,3,3,0,0,1.0,67.1851,0.0,0.0,90,0.5,1,1.0
015_C107,15,C,3,9,OPTIMAL,55.1898,3,2,2,0,1,0.6667,49.3005,0.0,5.8893,90,0.5,1,1.0
015_C108,15,C,1,0,OPTIMAL,37.1098,1,1,1,0,0,1.0,37.1098,0.0,0.0,90,0.5,1,1.0
015_C108,15,C,1,1,OPTIMAL,17.8086,1,1,1,0,0,1.0,17.8086,0.0,0.0,90,0.5,1,1.0
015_C108,15,C,1,2,OPTIMAL,8.0534,1,0,0,0,1,0.0,0.0,0.0,8.0534,90,0.5,1,1.0
015_C108,15,C,1,3,OPTIMAL,11.4362,1,0,0,0,1,0.0,0.0,0.0,11.4362,90,0.5,1,1.0
015_C108,15,C,1,4,OPTIMAL,38.546,1,1,0,1,0,1.0,38.546,0.0,0.0,90,0.5,1,1.0
015_C108,15,C,1,5,OPTIMAL,19.8545,1,1,1,0,0,1.0,19.8545,0.0,0.0,90,0.5,1,1.0
015_C108,15,C,1,6,OPTIMAL,1.3979,1,0,0,0,1,0.0,0.0,0.0,1.3979,90,0.5,1,1.0
015_C108,15,C,1,7,OPTIMAL,0.1583,1,0,0,0,1,0.0,0.0,0.0,0.1583,90,0.5,1,1.0
015_C108,15,C,1,8,OPTIMAL,3.1577,1,0,0,0,1,0.0,0.0,0.0,3.1577,90,0.5,1,1.0
015_C108,15,C,1,9,OPTIMAL,15.8438,1,1,1,0,0,1.0,15.8438,0.0,0.0,90,0.5,1,1.0
015_C108,15,C,2,0,OPTIMAL,35.0299,2,2,2,0,0,1.0,35.0299,0.0,0.0,90,0.5,1,1.0
015_C108,15,C,2,1,OPTIMAL,19.5496,2,1,1,0,1,0.5,17.6344,0.0,1.9152,90,0.5,1,1.0
015_C108,15,C,2,2,OPTIMAL,40.9157,2,2,1,1,0,1.0,40.9157,0.0,0.0,90,0.5,1,1.0
015_C108,15,C,2,3,OPTIMAL,69.9338,2,2,1,1,0,1.0,69.9338,0.0,0.0,90,0.5,1,1.0
015_C108,15,C,2,4,OPTIMAL,17.6857,2,1,1,0,1,0.5,11.7244,0.0,5.9613,90,0.5,1,1.0
015_C108,15,C,2,5,OPTIMAL,37.2595,2,2,1,1,0,1.0,37.2595,0.0,0.0,90,0.5,1,1.0
015_C108,15,C,2,6,OPTIMAL,4.2704,2,0,0,0,2,0.0,0.0,0.0,4.2704,90,0.5,1,1.0
015_C108,15,C,2,7,OPTIMAL,20.8936,2,1,0,1,1,0.5,20.5102,0.0,0.3834,90,0.5,1,1.0
015_C108,15,C,2,8,OPTIMAL,14.8431,2,1,1,0,1,0.5,11.2743,0.0,3.5688,90,0.5,1,1.0
015_C108,15,C,2,9,OPTIMAL,24.6123,2,1,1,0,1,0.5,20.3509,0.0,4.2613,90,0.5,1,1.0
015_C108,15,C,3,0,OPTIMAL,93.7392,3,3,3,0,0,1.0,93.7392,0.0,0.0,90,0.5,1,1.0
015_C108,15,C,3,1,OPTIMAL,17.5445,3,1,1,0,2,0.3333,16.1059,0.0,1.4386,90,0.5,1,1.0
015_C108,15,C,3,2,OPTIMAL,68.506,3,3,3,0,0,1.0,68.506,0.0,0.0,90,0.5,1,1.0
015_C108,15,C,3,3,OPTIMAL,69.5855,3,3,3,0,0,1.0,69.5855,0.0,0.0,90,0.5,1,1.0
015_C108,15,C,3,4,OPTIMAL,49.8577,3,3,3,0,0,1.0,49.8577,0.0,0.0,90,0.5,1,1.0
015_C108,15,C,3,5,OPTIMAL,55.1618,3,2,2,0,1,0.6667,54.4537,0.0,0.7081,90,0.5,1,1.0
015_C108,15,C,3,6,OPTIMAL,21.9399,3,1,1,0,2,0.3333,17.2566,0.0,4.6833,90,0.5,1,1.0
015_C108,15,C,3,7,OPTIMAL,49.8405,3,2,2,0,1,0.6667,49.4578,0.0,0.3827,90,0.5,1,1.0
015_C108,15,C,3,8,OPTIMAL,49.8209,3,2,2,0,1,0.6667,47.7885,0.0,2.0324,90,0.5,1,1.0
015_C108,15,C,3,9,OPTIMAL,56.8514,3,2,1,1,1,0.6667,49.3005,0.0,7.5509,90,0.5,1,1.0
015_C109,15,C,1,0,OPTIMAL,37.1098,1,1,1,0,0,1.0,37.1098,0.0,0.0,90,0.5,1,1.0
015_C109,15,C,1,1,OPTIMAL,17.8086,1,1,1,0,0,1.0,17.8086,0.0,0.0,90,0.5,1,1.0
015_C109,15,C,1,2,OPTIMAL,4.2697,1,0,0,0,1,0.0,0.0,0.0,4.2697,90,0.5,1,1.0
015_C109,15,C,1,3,OPTIMAL,8.4055,1,0,0,0,1,0.0,0.0,0.0,8.4055,90,0.5,1,1.0
015_C109,15,C,1,4,OPTIMAL,38.546,1,1,1,0,0,1.0,38.546,0.0,0.0,90,0.5,1,1.0
015_C109,15,C,1,5,OPTIMAL,6.9916,1,0,0,0,1,0.0,0.0,0.0,6.9916,90,0.5,1,1.0
015_C109,15,C,1,6,OPTIMAL,1.3979,1,0,0,0,1,0.0,0.0,0.0,1.3979,90,0.5,1,1.0
015_C109,15,C,1,7,OPTIMAL,17.5385,1,1,1,0,0,1.0,17.5385,0.0,0.0,90,0.5,1,1.0
015_C109,15,C,1,8,OPTIMAL,0.5779,1,0,0,0,1,0.0,0.0,0.0,0.5779,90,0.5,1,1.0
015_C109,15,C,1,9,OPTIMAL,15.8438,1,1,1,0,0,1.0,15.8438,0.0,0.0,90,0.5,1,1.0
015_C109,15,C,2,0,OPTIMAL,35.0299,2,2,2,0,0,1.0,35.0299,0.0,0.0,90,0.5,1,1.0
015_C109,15,C,2,1,OPTIMAL,28.272,2,2,2,0,0,1.0,28.272,0.0,0.0,90,0.5,1,1.0
015_C109,15,C,2,2,OPTIMAL,40.9157,2,2,2,0,0,1.0,40.9157,0.0,0.0,90,0.5,1,1.0
015_C109,15,C,2,3,OPTIMAL,69.9338,2,2,1,1,0,1.0,69.9338,0.0,0.0,90,0.5,1,1.0
015_C109,15,C,2,4,OPTIMAL,29.9395,2,2,2,0,0,1.0,29.9395,0.0,0.0,90,0.5,1,1.0
015_C109,15,C,2,5,OPTIMAL,37.2595,2,2,1,1,0,1.0,37.2595,0.0,0.0,90,0.5,1,1.0
015_C109,15,C,2,6,OPTIMAL,37.5854,2,1,0,1,1,0.5,32.7022,0.0,4.8832,90,0.5,1,1.0
015_C109,15,C,2,7,OPTIMAL,30.3124,2,2,1,1,0,1.0,30.3124,0.0,0.0,90,0.5,1,1.0
015_C109,15,C,2,8,OPTIMAL,14.4144,2,1,1,0,1,0.5,11.2743,0.0,3.1401,90,0.5,1,1.0
015_C109,15,C,2,9,OPTIMAL,41.0349,2,2,2,0,0,1.0,41.0349,0.0,0.0,90,0.5,1,1.0
015_C109,15,C,3,0,OPTIMAL,93.7392,3,3,3,0,0,1.0,93.7392,0.0,0.0,90,0.5,1,1.0
015_C109,15,C,3,1,OPTIMAL,34.0863,3,2,1,1,1,0.6667,34.0463,0.0,0.04,90,0.5,1,1.0
015_C109,15,C,3,2,OPTIMAL,35.6833,3,2,2,0,1,0.6667,29.7119,0.0,5.9714,90,0.5,1,1.0
015_C109,15,C,3,3,OPTIMAL,69.5855,3,3,3,0,0,1.0,69.5855,0.0,0.0,90,0.5,1,1.0
015_C109,15,C,3,4,OPTIMAL,49.8577,3,3,3,0,0,1.0,49.8577,0.0,0.0,90,0.5,1,1.0
015_C109,15,C,3,5,OPTIMAL,22.6969,3,1,1,0,2,0.3333,19.2943,0.0,3.4026,90,0.5,1,1.0
015_C109,15,C,3,6,OPTIMAL,25.2238,3,1,1,0,2,0.3333,17.2566,0.0,7.9672,90,0.5,1,1.0
015_C109,15,C,3,7,OPTIMAL,50.3352,3,2,2,0,1,0.6667,49.4578,0.0,0.8774,90,0.5,1,1.0
015_C109,15,C,3,8,OPTIMAL,49.8209,3,2,2,0,1,0.6667,47.7885,0.0,2.0324,90,0.5,1,1.0
015_C109,15,C,3,9,OPTIMAL,54.1166,3,2,2,0,1,0.6667,49.3005,0.0,4.8161,90,0.5,1,1.0
015_C201,15,C,1,0,OPTIMAL,9.0231,1,1,1,0,0,1.0,9.0231,0.0,0.0,90,0.5,1,1.0
015_C201,15,C,1,1,OPTIMAL,29.5061,1,1,1,0,0,1.0,29.5061,0.0,0.0,90,0.5,1,1.0
015_C201,15,C,1,2,OPTIMAL,24.5058,1,1,1,0,0,1.0,24.5058,0.0,0.0,90,0.5,1,1.0
015_C201,15,C,1,3,OPTIMAL,22.6085,1,1,1,0,0,1.0,22.6085,0.0,0.0,90,0.5,1,1.0
015_C201,15,C,1,4,OPTIMAL,10.419,1,1,0,1,0,1.0,10.419,0.0,0.0,90,0.5,1,1.0
015_C201,15,C,1,5,OPTIMAL,37.9565,1,1,1,0,0,1.0,37.9565,0.0,0.0,90,0.5,1,1.0
015_C201,15,C,1,6,OPTIMAL,38.744,1,1,1,0,0,1.0,38.744,0.0,0.0,90,0.5,1,1.0
015_C201,15,C,1,7,OPTIMAL,24.8738,1,1,1,0,0,1.0,24.8738,0.0,0.0,90,0.5,1,1.0
015_C201,15,C,1,8,OPTIMAL,27.153,1,1,1,0,0,1.0,27.153,0.0,0.0,90,0.5,1,1.0
015_C201,15,C,1,9,OPTIMAL,29.9064,1,1,0,1,0,1.0,29.9064,0.0,0.0,90,0.5,1,1.0
015_C201,15,C,2,0,OPTIMAL,63.1016,2,2,1,1,0,1.0,63.1016,0.0,0.0,90,0.5,1,1.0
015_C201,15,C,2,1,OPTIMAL,65.8929,2,2,2,0,0,1.0,65.8929,0.0,0.0,90,0.5,1,1.0
015_C201,15,C,2,2,OPTIMAL,58.4372,2,2,2,0,0,1.0,58.4372,0.0,0.0,90,0.5,1,1.0
015_C201,15,C,2,3,OPTIMAL,65.3083,2,2,2,0,0,1.0,65.3083,0.0,0.0,90,0.5,1,1.0
015_C201,15,C,2,4,OPTIMAL,72.0815,2,2,1,1,0,1.0,72.0815,0.0,0.0,90,0.5,1,1.0
015_C201,15,C,2,5,OPTIMAL,49.6917,2,2,1,1,0,1.0,49.6917,0.0,0.0,90,0.5,1,1.0
015_C201,15,C,2,6,OPTIMAL,45.8202,2,2,1,1,0,1.0,45.8202,0.0,0.0,90,0.5,1,1.0
015_C201,15,C,2,7,OPTIMAL,49.9689,2,2,2,0,0,1.0,49.9689,0.0,0.0,90,0.5,1,1.0
015_C201,15,C,2,8,OPTIMAL,26.3026,2,1,1,0,1,0.5,25.0073,0.0,1.2952,90,0.5,1,1.0
015_C201,15,C,2,9,OPTIMAL,33.9681,2,2,2,0,0,1.0,33.9681,0.0,0.0,90,0.5,1,1.0
015_C201,15,C,3,0,OPTIMAL,99.4543,3,3,3,0,0,1.0,99.4543,0.0,0.0,90,0.5,1,1.0
015_C201,15,C,3,1,OPTIMAL,69.6462,3,3,3,0,0,1.0,69.6462,0.0,0.0,90,0.5,1,1.0
015_C201,15,C,3,2,OPTIMAL,103.8321,3,3,2,1,0,1.0,103.8321,0.0,0.0,90,0.5,1,1.0
015_C201,15,C,3,3,OPTIMAL,62.9318,3,3,2,1,0,1.0,62.9318,0.0,0.0,90,0.5,1,1.0
015_C201,15,C,3,4,OPTIMAL,70.675,3,3,3,0,0,1.0,70.675,0.0,0.0,90,0.5,1,1.0
015_C201,15,C,3,5,OPTIMAL,78.3323,3,3,3,0,0,1.0,78.3323,0.0,0.0,90,0.5,1,1.0
015_C201,15,C,3,6,OPTIMAL,58.5699,3,3,3,0,0,1.0,58.5699,0.0,0.0,90,0.5,1,1.0
015_C201,15,C,3,7,OPTIMAL,81.9577,3,3,3,0,0,1.0,81.9577,0.0,0.0,90,0.5,1,1.0
015_C201,15,C,3,8,OPTIMAL,49.1051,3,1,1,0,2,0.3333,24.6738,0.0,24.4313,90,0.5,1,1.0
015_C201,15,C,3,9,OPTIMAL,83.8878,3,3,2,1,0,1.0,83.8878,0.0,0.0,90,0.5,1,1.0
015_C202,15,C,1,0,OPTIMAL,9.0231,1,1,1,0,0,1.0,9.0231,0.0,0.0,90,0.5,1,1.0
015_C202,15,C,1,1,OPTIMAL,29.5061,1,1,1,0,0,1.0,29.5061,0.0,0.0,90,0.5,1,1.0
015_C202,15,C,1,2,OPTIMAL,0.2023,1,0,0,0,1,0.0,0.0,0.0,0.2023,90,0.5,1,1.0
015_C202,15,C,1,3,OPTIMAL,22.6085,1,1,1,0,0,1.0,22.6085,0.0,0.0,90,0.5,1,1.0
015_C202,15,C,1,4,OPTIMAL,10.419,1,1,0,1,0,1.0,10.419,0.0,0.0,90,0.5,1,1.0
015_C202,15,C,1,5,OPTIMAL,37.9565,1,1,1,0,0,1.0,37.9565,0.0,0.0,90,0.5,1,1.0
015_C202,15,C,1,6,OPTIMAL,38.744,1,1,1,0,0,1.0,38.744,0.0,0.0,90,0.5,1,1.0
015_C202,15,C,1,7,OPTIMAL,24.8738,1,1,1,0,0,1.0,24.8738,0.0,0.0,90,0.5,1,1.0
015_C202,15,C,1,8,OPTIMAL,27.153,1,1,1,0,0,1.0,27.153,0.0,0.0,90,0.5,1,1.0
015_C202,15,C,1,9,OPTIMAL,12.4295,1,0,0,0,1,0.0,0.0,0.0,12.4295,90,0.5,1,1.0
015_C202,15,C,2,0,OPTIMAL,63.1016,2,2,1,1,0,1.0,63.1016,0.0,0.0,90,0.5,1,1.0
015_C202,15,C,2,1,OPTIMAL,65.8929,2,2,2,0,0,1.0,65.8929,0.0,0.0,90,0.5,1,1.0
015_C202,15,C,2,2,OPTIMAL,58.4372,2,2,2,0,0,1.0,58.4372,0.0,0.0,90,0.5,1,1.0
015_C202,15,C,2,3,OPTIMAL,65.3083,2,2,2,0,0,1.0,65.3083,0.0,0.0,90,0.5,1,1.0
015_C202,15,C,2,4,OPTIMAL,72.0815,2,2,1,1,0,1.0,72.0815,0.0,0.0,90,0.5,1,1.0
015_C202,15,C,2,5,OPTIMAL,49.6917,2,2,1,1,0,1.0,49.6917,0.0,0.0,90,0.5,1,1.0
015_C202,15,C,2,6,OPTIMAL,45.8202,2,2,1,1,0,1.0,45.8202,0.0,0.0,90,0.5,1,1.0
015_C202,15,C,2,7,OPTIMAL,49.9689,2,2,2,0,0,1.0,49.9689,0.0,0.0,90,0.5,1,1.0
015_C202,15,C,2,8,OPTIMAL,45.9129,2,2,2,0,0,1.0,45.9129,0.0,0.0,90,0.5,1,1.0
015_C202,15,C,2,9,OPTIMAL,33.9681,2,2,2,0,0,1.0,33.9681,0.0,0.0,90,0.5,1,1.0
015_C202,15,C,3,0,OPTIMAL,99.4543,3,3,3,0,0,1.0,99.4543,0.0,0.0,90,0.5,1,1.0
015_C202,15,C,3,1,OPTIMAL,69.6462,3,3,3,0,0,1.0,69.6462,0.0,0.0,90,0.5,1,1.0
015_C202,15,C,3,2,OPTIMAL,70.8869,3,2,2,0,1,0.6667,70.8187,0.0,0.0682,90,0.5,1,1.0
015_C202,15,C,3,3,OPTIMAL,62.9318,3,3,2,1,0,1.0,62.9318,0.0,0.0,90,0.5,1,1.0
015_C202,15,C,3,4,OPTIMAL,70.675,3,3,3,0,0,1.0,70.675,0.0,0.0,90,0.5,1,1.0
015_C202,15,C,3,5,OPTIMAL,68.1118,3,2,2,0,1,0.6667,52.6801,0.0,15.4317,90,0.5,1,1.0
015_C202,15,C,3,6,OPTIMAL,58.5699,3,3,3,0,0,1.0,58.5699,0.0,0.0,90,0.5,1,1.0
015_C202,15,C,3,7,OPTIMAL,81.9577,3,3,3,0,0,1.0,81.9577,0.0,0.0,90,0.5,1,1.0
015_C202,15,C,3,8,OPTIMAL,71.3443,3,2,2,0,1,0.6667,53.04,0.0,18.3044,90,0.5,1,1.0
015_C202,15,C,3,9,OPTIMAL,83.8878,3,3,2,1,0,1.0,83.8878,0.0,0.0,90,0.5,1,1.0
015_C203,15,C,1,0,OPTIMAL,9.0231,1,1,1,0,0,1.0,9.0231,0.0,0.0,90,0.5,1,1.0
015_C203,15,C,1,1,OPTIMAL,29.5061,1,1,1,0,0,1.0,29.5061,0.0,0.0,90,0.5,1,1.0
015_C203,15,C,1,2,OPTIMAL,24.5058,1,1,0,1,0,1.0,24.5058,0.0,0.0,90,0.5,1,1.0
015_C203,15,C,1,3,OPTIMAL,22.6085,1,1,1,0,0,1.0,22.6085,0.0,0.0,90,0.5,1,1.0
015_C203,15,C,1,4,OPTIMAL,10.419,1,1,0,1,0,1.0,10.419,0.0,0.0,90,0.5,1,1.0
015_C203,15,C,1,5,OPTIMAL,37.9565,1,1,1,0,0,1.0,37.9565,0.0,0.0,90,0.5,1,1.0
015_C203,15,C,1,6,OPTIMAL,38.744,1,1,1,0,0,1.0,38.744,0.0,0.0,90,0.5,1,1.0
015_C203,15,C,1,7,OPTIMAL,24.8738,1,1,1,0,0,1.0,24.8738,0.0,0.0,90,0.5,1,1.0
015_C203,15,C,1,8,OPTIMAL,27.153,1,1,1,0,0,1.0,27.153,0.0,0.0,90,0.5,1,1.0
015_C203,15,C,1,9,OPTIMAL,19.8717,1,0,0,0,1,0.0,0.0,0.0,19.8717,90,0.5,1,1.0
015_C203,15,C,2,0,OPTIMAL,63.1016,2,2,1,1,0,1.0,63.1016,0.0,0.0,90,0.5,1,1.0
015_C203,15,C,2,1,OPTIMAL,65.8929,2,2,2,0,0,1.0,65.8929,0.0,0.0,90,0.5,1,1.0
015_C203,15,C,2,2,OPTIMAL,58.4372,2,2,2,0,0,1.0,58.4372,0.0,0.0,90,0.5,1,1.0
015_C203,15,C,2,3,OPTIMAL,65.3083,2,2,2,0,0,1.0,65.3083,0.0,0.0,90,0.5,1,1.0
015_C203,15,C,2,4,OPTIMAL,72.0815,2,2,1,1,0,1.0,72.0815,0.0,0.0,90,0.5,1,1.0
015_C203,15,C,2,5,OPTIMAL,49.6917,2,2,1,1,0,1.0,49.6917,0.0,0.0,90,0.5,1,1.0
015_C203,15,C,2,6,OPTIMAL,45.8202,2,2,1,1,0,1.0,45.8202,0.0,0.0,90,0.5,1,1.0
015_C203,15,C,2,7,OPTIMAL,49.9689,2,2,2,0,0,1.0,49.9689,0.0,0.0,90,0.5,1,1.0
015_C203,15,C,2,8,OPTIMAL,45.9129,2,2,2,0,0,1.0,45.9129,0.0,0.0,90,0.5,1,1.0
015_C203,15,C,2,9,OPTIMAL,33.9681,2,2,2,0,0,1.0,33.9681,0.0,0.0,90,0.5,1,1.0
015_C203,15,C,3,0,OPTIMAL,99.4543,3,3,3,0,0,1.0,99.4543,0.0,0.0,90,0.5,1,1.0
015_C203,15,C,3,1,OPTIMAL,69.6462,3,3,3,0,0,1.0,69.6462,0.0,0.0,90,0.5,1,1.0
015_C203,15,C,3,2,OPTIMAL,70.8869,3,2,2,0,1,0.6667,70.8187,0.0,0.0682,90,0.5,1,1.0
015_C203,15,C,3,3,OPTIMAL,62.9318,3,3,2,1,0,1.0,62.9318,0.0,0.0,90,0.5,1,1.0
015_C203,15,C,3,4,OPTIMAL,70.675,3,3,3,0,0,1.0,70.675,0.0,0.0,90,0.5,1,1.0
015_C203,15,C,3,5,OPTIMAL,78.3323,3,3,2,1,0,1.0,78.3323,0.0,0.0,90,0.5,1,1.0
015_C203,15,C,3,6,OPTIMAL,58.5699,3,3,3,0,0,1.0,58.5699,0.0,0.0,90,0.5,1,1.0
015_C203,15,C,3,7,OPTIMAL,81.9577,3,3,3,0,0,1.0,81.9577,0.0,0.0,90,0.5,1,1.0
015_C203,15,C,3,8,OPTIMAL,80.4576,3,3,3,0,0,1.0,80.4576,0.0,0.0,90,0.5,1,1.0
015_C203,15,C,3,9,OPTIMAL,83.8878,3,3,2,1,0,1.0,83.8878,0.0,0.0,90,0.5,1,1.0
015_C204,15,C,1,0,OPTIMAL,9.0231,1,1,1,0,0,1.0,9.0231,0.0,0.0,90,0.5,1,1.0
015_C204,15,C,1,1,OPTIMAL,29.5061,1,1,1,0,0,1.0,29.5061,0.0,0.0,90,0.5,1,1.0
015_C204,15,C,1,2,OPTIMAL,24.5058,1,1,0,1,0,1.0,24.5058,0.0,0.0,90,0.5,1,1.0
015_C204,15,C,1,3,OPTIMAL,22.6085,1,1,1,0,0,1.0,22.6085,0.0,0.0,90,0.5,1,1.0
015_C204,15,C,1,4,OPTIMAL,10.419,1,1,0,1,0,1.0,10.419,0.0,0.0,90,0.5,1,1.0
015_C204,15,C,1,5,OPTIMAL,37.9565,1,1,1,0,0,1.0,37.9565,0.0,0.0,90,0.5,1,1.0
015_C204,15,C,1,6,OPTIMAL,38.744,1,1,1,0,0,1.0,38.744,0.0,0.0,90,0.5,1,1.0
015_C204,15,C,1,7,OPTIMAL,24.8738,1,1,1,0,0,1.0,24.8738,0.0,0.0,90,0.5,1,1.0
015_C204,15,C,1,8,OPTIMAL,27.153,1,1,1,0,0,1.0,27.153,0.0,0.0,90,0.5,1,1.0
015_C204,15,C,1,9,OPTIMAL,15.8974,1,0,0,0,1,0.0,0.0,0.0,15.8974,90,0.5,1,1.0
015_C204,15,C,2,0,OPTIMAL,63.1016,2,2,1,1,0,1.0,63.1016,0.0,0.0,90,0.5,1,1.0
015_C204,15,C,2,1,OPTIMAL,65.8929,2,2,2,0,0,1.0,65.8929,0.0,0.0,90,0.5,1,1.0
015_C204,15,C,2,2,OPTIMAL,58.4372,2,2,2,0,0,1.0,58.4372,0.0,0.0,90,0.5,1,1.0
015_C204,15,C,2,3,OPTIMAL,65.3083,2,2,2,0,0,1.0,65.3083,0.0,0.0,90,0.5,1,1.0
015_C204,15,C,2,4,OPTIMAL,72.0815,2,2,2,0,0,1.0,72.0815,0.0,0.0,90,0.5,1,1.0
015_C204,15,C,2,5,OPTIMAL,27.2641,2,1,1,0,1,0.5,27.2628,0.0,0.0013,90,0.5,1,1.0
015_C204,15,C,2,6,OPTIMAL,45.8202,2,2,2,0,0,1.0,45.8202,0.0,0.0,90,0.5,1,1.0
015_C204,15,C,2,7,OPTIMAL,49.9689,2,2,2,0,0,1.0,49.9689,0.0,0.0,90,0.5,1,1.0
015_C204,15,C,2,8,OPTIMAL,45.9129,2,2,2,0,0,1.0,45.9129,0.0,0.0,90,0.5,1,1.0
015_C204,15,C,2,9,OPTIMAL,33.9681,2,2,2,0,0,1.0,33.9681,0.0,0.0,90,0.5,1,1.0
015_C204,15,C,3,0,OPTIMAL,99.4543,3,3,3,0,0,1.0,99.4543,0.0,0.0,90,0.5,1,1.0
015_C204,15,C,3,1,OPTIMAL,69.6462,3,3,3,0,0,1.0,69.6462,0.0,0.0,90,0.5,1,1.0
015_C204,15,C,3,2,OPTIMAL,70.8869,3,2,2,0,1,0.6667,70.8187,0.0,0.0682,90,0.5,1,1.0
015_C204,15,C,3,3,OPTIMAL,62.9318,3,3,2,1,0,1.0,62.9318,0.0,0.0,90,0.5,1,1.0
015_C204,15,C,3,4,OPTIMAL,70.675,3,3,3,0,0,1.0,70.675,0.0,0.0,90,0.5,1,1.0
015_C204,15,C,3,5,OPTIMAL,78.3323,3,3,2,1,0,1.0,78.3323,0.0,0.0,90,0.5,1,1.0
015_C204,15,C,3,6,OPTIMAL,58.5699,3,3,3,0,0,1.0,58.5699,0.0,0.0,90,0.5,1,1.0
015_C204,15,C,3,7,OPTIMAL,81.9577,3,3,3,0,0,1.0,81.9577,0.0,0.0,90,0.5,1,1.0
015_C204,15,C,3,8,OPTIMAL,80.4576,3,3,3,0,0,1.0,80.4576,0.0,0.0,90,0.5,1,1.0
015_C204,15,C,3,9,OPTIMAL,83.8878,3,3,2,1,0,1.0,83.8878,0.0,0.0,90,0.5,1,1.0
015_C205,15,C,1,0,OPTIMAL,9.0231,1,1,1,0,0,1.0,9.0231,0.0,0.0,90,0.5,1,1.0
015_C205,15,C,1,1,OPTIMAL,29.5061,1,1,1,0,0,1.0,29.5061,0.0,0.0,90,0.5,1,1.0
015_C205,15,C,1,2,OPTIMAL,24.5058,1,1,1,0,0,1.0,24.5058,0.0,0.0,90,0.5,1,1.0
015_C205,15,C,1,3,OPTIMAL,22.6085,1,1,1,0,0,1.0,22.6085,0.0,0.0,90,0.5,1,1.0
015_C205,15,C,1,4,OPTIMAL,10.419,1,1,1,0,0,1.0,10.419,0.0,0.0,90,0.5,1,1.0
015_C205,15,C,1,5,OPTIMAL,37.9565,1,1,1,0,0,1.0,37.9565,0.0,0.0,90,0.5,1,1.0
015_C205,15,C,1,6,OPTIMAL,38.744,1,1,1,0,0,1.0,38.744,0.0,0.0,90,0.5,1,1.0
015_C205,15,C,1,7,OPTIMAL,0.1908,1,0,0,0,1,0.0,0.0,0.0,0.1908,90,0.5,1,1.0
015_C205,15,C,1,8,OPTIMAL,27.153,1,1,1,0,0,1.0,27.153,0.0,0.0,90,0.5,1,1.0
015_C205,15,C,1,9,OPTIMAL,29.9064,1,1,0,1,0,1.0,29.9064,0.0,0.0,90,0.5,1,1.0
015_C205,15,C,2,0,OPTIMAL,63.1016,2,2,2,0,0,1.0,63.1016,0.0,0.0,90,0.5,1,1.0
015_C205,15,C,2,1,OPTIMAL,65.8929,2,2,2,0,0,1.0,65.8929,0.0,0.0,90,0.5,1,1.0
015_C205,15,C,2,2,OPTIMAL,40.6908,2,1,1,0,1,0.5,38.8535,0.0,1.8373,90,0.5,1,1.0
015_C205,15,C,2,3,OPTIMAL,65.3083,2,2,1,1,0,1.0,65.3083,0.0,0.0,90,0.5,1,1.0
015_C205,15,C,2,4,OPTIMAL,72.0815,2,2,2,0,0,1.0,72.0815,0.0,0.0,90,0.5,1,1.0
015_C205,15,C,2,5,OPTIMAL,49.6917,2,2,2,0,0,1.0,49.6917,0.0,0.0,90,0.5,1,1.0
015_C205,15,C,2,6,OPTIMAL,45.8202,2,2,2,0,0,1.0,45.8202,0.0,0.0,90,0.5,1,1.0
015_C205,15,C,2,7,OPTIMAL,49.9689,2,2,2,0,0,1.0,49.9689,0.0,0.0,90,0.5,1,1.0
015_C205,15,C,2,8,OPTIMAL,28.9186,2,1,1,0,1,0.5,25.0073,0.0,3.9112,90,0.5,1,1.0
015_C205,15,C,2,9,OPTIMAL,33.9681,2,2,2,0,0,1.0,33.9681,0.0,0.0,90,0.5,1,1.0
015_C205,15,C,3,0,OPTIMAL,99.4543,3,3,2,1,0,1.0,99.4543,0.0,0.0,90,0.5,1,1.0
015_C205,15,C,3,1,OPTIMAL,69.6462,3,3,2,1,0,1.0,69.6462,0.0,0.0,90,0.5,1,1.0
015_C205,15,C,3,2,OPTIMAL,103.8321,3,3,3,0,0,1.0,103.8321,0.0,0.0,90,0.5,1,1.0
015_C205,15,C,3,3,OPTIMAL,41.4555,3,2,2,0,1,0.6667,35.3275,0.0,6.128,90,0.5,1,1.0
015_C205,15,C,3,4,OPTIMAL,52.9836,3,2,2,0,1,0.6667,52.2449,0.0,0.7387,90,0.5,1,1.0
015_C205,15,C,3,5,OPTIMAL,78.3323,3,3,2,1,0,1.0,78.3323,0.0,0.0,90,0.5,1,1.0
015_C205,15,C,3,6,OPTIMAL,58.5699,3,3,3,0,0,1.0,58.5699,0.0,0.0,90,0.5,1,1.0
015_C205,15,C,3,7,OPTIMAL,81.9577,3,3,2,1,0,1.0,81.9577,0.0,0.0,90,0.5,1,1.0
015_C205,15,C,3,8,OPTIMAL,53.7912,3,2,2,0,1,0.6667,52.0915,0.0,1.6997,90,0.5,1,1.0
015_C205,15,C,3,9,OPTIMAL,75.7113,3,2,2,0,1,0.6667,63.8299,0.0,11.8814,90,0.5,1,1.0
015_C206,15,C,1,0,OPTIMAL,9.0231,1,1,1,0,0,1.0,9.0231,0.0,0.0,90,0.5,1,1.0
015_C206,15,C,1,1,OPTIMAL,29.5061,1,1,0,1,0,1.0,29.5061,0.0,0.0,90,0.5,1,1.0
015_C206,15,C,1,2,OPTIMAL,24.5058,1,1,1,0,0,1.0,24.5058,0.0,0.0,90,0.5,1,1.0
015_C206,15,C,1,3,OPTIMAL,22.6085,1,1,1,0,0,1.0,22.6085,0.0,0.0,90,0.5,1,1.0
015_C206,15,C,1,4,OPTIMAL,10.419,1,1,1,0,0,1.0,10.419,0.0,0.0,90,0.5,1,1.0
015_C206,15,C,1,5,OPTIMAL,37.9565,1,1,1,0,0,1.0,37.9565,0.0,0.0,90,0.5,1,1.0
015_C206,15,C,1,6,OPTIMAL,38.744,1,1,1,0,0,1.0,38.744,0.0,0.0,90,0.5,1,1.0
015_C206,15,C,1,7,OPTIMAL,24.8738,1,1,1,0,0,1.0,24.8738,0.0,0.0,90,0.5,1,1.0
015_C206,15,C,1,8,OPTIMAL,27.153,1,1,1,0,0,1.0,27.153,0.0,0.0,90,0.5,1,1.0
015_C206,15,C,1,9,OPTIMAL,19.4621,1,0,0,0,1,0.0,0.0,0.0,19.4621,90,0.5,1,1.0
015_C206,15,C,2,0,OPTIMAL,63.1016,2,2,2,0,0,1.0,63.1016,0.0,0.0,90,0.5,1,1.0
015_C206,15,C,2,1,OPTIMAL,65.8929,2,2,2,0,0,1.0,65.8929,0.0,0.0,90,0.5,1,1.0
015_C206,15,C,2,2,OPTIMAL,40.6908,2,1,1,0,1,0.5,38.8535,0.0,1.8373,90,0.5,1,1.0
015_C206,15,C,2,3,OPTIMAL,65.3083,2,2,2,0,0,1.0,65.3083,0.0,0.0,90,0.5,1,1.0
015_C206,15,C,2,4,OPTIMAL,72.0815,2,2,2,0,0,1.0,72.0815,0.0,0.0,90,0.5,1,1.0
015_C206,15,C,2,5,OPTIMAL,28.365,2,1,1,0,1,0.5,27.2628,0.0,1.1021,90,0.5,1,1.0
015_C206,15,C,2,6,OPTIMAL,45.8202,2,2,2,0,0,1.0,45.8202,0.0,0.0,90,0.5,1,1.0
015_C206,15,C,2,7,OPTIMAL,49.9689,2,2,2,0,0,1.0,49.9689,0.0,0.0,90,0.5,1,1.0
015_C206,15,C,2,8,OPTIMAL,45.9129,2,2,2,0,0,1.0,45.9129,0.0,0.0,90,0.5,1,1.0
015_C206,15,C,2,9,OPTIMAL,19.08,2,1,1,0,1,0.5,14.3925,0.0,4.6874,90,0.5,1,1.0
015_C206,15,C,3,0,OPTIMAL,99.4543,3,3,3,0,0,1.0,99.4543,0.0,0.0,90,0.5,1,1.0
015_C206,15,C,3,1,OPTIMAL,69.6462,3,3,3,0,0,1.0,69.6462,0.0,0.0,90,0.5,1,1.0
015_C206,15,C,3,2,OPTIMAL,103.8321,3,3,3,0,0,1.0,103.8321,0.0,0.0,90,0.5,1,1.0
015_C206,15,C,3,3,OPTIMAL,41.4555,3,2,2,0,1,0.6667,35.3275,0.0,6.128,90,0.5,1,1.0
015_C206,15,C,3,4,OPTIMAL,70.675,3,3,3,0,0,1.0,70.675,0.0,0.0,90,0.5,1,1.0
015_C206,15,C,3,5,OPTIMAL,78.3323,3,3,3,0,0,1.0,78.3323,0.0,0.0,90,0.5,1,1.0
015_C206,15,C,3,6,OPTIMAL,58.5699,3,3,3,0,0,1.0,58.5699,0.0,0.0,90,0.5,1,1.0
015_C206,15,C,3,7,OPTIMAL,81.9577,3,3,2,1,0,1.0,81.9577,0.0,0.0,90,0.5,1,1.0
015_C206,15,C,3,8,OPTIMAL,80.4576,3,3,3,0,0,1.0,80.4576,0.0,0.0,90,0.5,1,1.0
015_C206,15,C,3,9,OPTIMAL,83.8878,3,3,3,0,0,1.0,83.8878,0.0,0.0,90,0.5,1,1.0
015_C207,15,C,1,0,OPTIMAL,9.0231,1,1,1,0,0,1.0,9.0231,0.0,0.0,90,0.5,1,1.0
015_C207,15,C,1,1,OPTIMAL,29.5061,1,1,1,0,0,1.0,29.5061,0.0,0.0,90,0.5,1,1.0
015_C207,15,C,1,2,OPTIMAL,24.5058,1,1,1,0,0,1.0,24.5058,0.0,0.0,90,0.5,1,1.0
015_C207,15,C,1,3,OPTIMAL,22.6085,1,1,1,0,0,1.0,22.6085,0.0,0.0,90,0.5,1,1.0
015_C207,15,C,1,4,OPTIMAL,9.632,1,0,0,0,1,0.0,0.0,0.0,9.632,90,0.5,1,1.0
015_C207,15,C,1,5,OPTIMAL,37.9565,1,1,1,0,0,1.0,37.9565,0.0,0.0,90,0.5,1,1.0
015_C207,15,C,1,6,OPTIMAL,38.744,1,1,1,0,0,1.0,38.744,0.0,0.0,90,0.5,1,1.0
015_C207,15,C,1,7,OPTIMAL,24.8738,1,1,1,0,0,1.0,24.8738,0.0,0.0,90,0.5,1,1.0
015_C207,15,C,1,8,OPTIMAL,27.153,1,1,1,0,0,1.0,27.153,0.0,0.0,90,0.5,1,1.0
015_C207,15,C,1,9,OPTIMAL,29.9064,1,1,0,1,0,1.0,29.9064,0.0,0.0,90,0.5,1,1.0
015_C207,15,C,2,0,OPTIMAL,63.1016,2,2,2,0,0,1.0,63.1016,0.0,0.0,90,0.5,1,1.0
015_C207,15,C,2,1,OPTIMAL,65.8929,2,2,1,1,0,1.0,65.8929,0.0,0.0,90,0.5,1,1.0
015_C207,15,C,2,2,OPTIMAL,44.6277,2,1,1,0,1,0.5,38.8535,0.0,5.7742,90,0.5,1,1.0
015_C207,15,C,2,3,OPTIMAL,65.3083,2,2,2,0,0,1.0,65.3083,0.0,0.0,90,0.5,1,1.0
015_C207,15,C,2,4,OPTIMAL,72.0815,2,2,2,0,0,1.0,72.0815,0.0,0.0,90,0.5,1,1.0
015_C207,15,C,2,5,OPTIMAL,49.6917,2,2,2,0,0,1.0,49.6917,0.0,0.0,90,0.5,1,1.0
015_C207,15,C,2,6,OPTIMAL,45.8202,2,2,2,0,0,1.0,45.8202,0.0,0.0,90,0.5,1,1.0
015_C207,15,C,2,7,OPTIMAL,49.9689,2,2,2,0,0,1.0,49.9689,0.0,0.0,90,0.5,1,1.0
015_C207,15,C,2,8,OPTIMAL,45.9129,2,2,1,1,0,1.0,45.9129,0.0,0.0,90,0.5,1,1.0
015_C207,15,C,2,9,OPTIMAL,33.9681,2,2,2,0,0,1.0,33.9681,0.0,0.0,90,0.5,1,1.0
015_C207,15,C,3,0,OPTIMAL,99.4543,3,3,2,1,0,1.0,99.4543,0.0,0.0,90,0.5,1,1.0
015_C207,15,C,3,1,OPTIMAL,69.6462,3,3,3,0,0,1.0,69.6462,0.0,0.0,90,0.5,1,1.0
015_C207,15,C,3,2,OPTIMAL,103.8321,3,3,3,0,0,1.0,103.8321,0.0,0.0,90,0.5,1,1.0
015_C207,15,C,3,3,OPTIMAL,62.9318,3,3,3,0,0,1.0,62.9318,0.0,0.0,90,0.5,1,1.0
015_C207,15,C,3,4,OPTIMAL,70.675,3,3,3,0,0,1.0,70.675,0.0,0.0,90,0.5,1,1.0
015_C207,15,C,3,5,OPTIMAL,78.3323,3,3,3,0,0,1.0,78.3323,0.0,0.0,90,0.5,1,1.0
015_C207,15,C,3,6,OPTIMAL,58.5699,3,3,3,0,0,1.0,58.5699,0.0,0.0,90,0.5,1,1.0
015_C207,15,C,3,7,OPTIMAL,81.9577,3,3,3,0,0,1.0,81.9577,0.0,0.0,90,0.5,1,1.0
015_C207,15,C,3,8,OPTIMAL,80.4576,3,3,2,1,0,1.0,80.4576,0.0,0.0,90,0.5,1,1.0
015_C207,15,C,3,9,OPTIMAL,26.3386,3,1,1,0,2,0.3333,20.058,0.0,6.2807,90,0.5,1,1.0
015_C208,15,C,1,0,OPTIMAL,9.0231,1,1,1,0,0,1.0,9.0231,0.0,0.0,90,0.5,1,1.0
015_C208,15,C,1,1,OPTIMAL,29.5061,1,1,0,1,0,1.0,29.5061,0.0,0.0,90,0.5,1,1.0
015_C208,15,C,1,2,OPTIMAL,7.1707,1,0,0,0,1,0.0,0.0,0.0,7.1707,90,0.5,1,1.0
015_C208,15,C,1,3,OPTIMAL,22.6085,1,1,1,0,0,1.0,22.6085,0.0,0.0,90,0.5,1,1.0
015_C208,15,C,1,4,OPTIMAL,10.419,1,1,1,0,0,1.0,10.419,0.0,0.0,90,0.5,1,1.0
015_C208,15,C,1,5,OPTIMAL,37.9565,1,1,1,0,0,1.0,37.9565,0.0,0.0,90,0.5,1,1.0
015_C208,15,C,1,6,OPTIMAL,38.744,1,1,1,0,0,1.0,38.744,0.0,0.0,90,0.5,1,1.0
015_C208,15,C,1,7,OPTIMAL,24.8738,1,1,1,0,0,1.0,24.8738,0.0,0.0,90,0.5,1,1.0
015_C208,15,C,1,8,OPTIMAL,27.153,1,1,1,0,0,1.0,27.153,0.0,0.0,90,0.5,1,1.0
015_C208,15,C,1,9,OPTIMAL,29.9064,1,1,0,1,0,1.0,29.9064,0.0,0.0,90,0.5,1,1.0
015_C208,15,C,2,0,OPTIMAL,63.1016,2,2,2,0,0,1.0,63.1016,0.0,0.0,90,0.5,1,1.0
015_C208,15,C,2,1,OPTIMAL,65.8929,2,2,1,1,0,1.0,65.8929,0.0,0.0,90,0.5,1,1.0
015_C208,15,C,2,2,OPTIMAL,58.4372,2,2,2,0,0,1.0,58.4372,0.0,0.0,90,0.5,1,1.0
015_C208,15,C,2,3,OPTIMAL,65.3083,2,2,2,0,0,1.0,65.3083,0.0,0.0,90,0.5,1,1.0
015_C208,15,C,2,4,OPTIMAL,72.0815,2,2,2,0,0,1.0,72.0815,0.0,0.0,90,0.5,1,1.0
015_C208,15,C,2,5,OPTIMAL,28.365,2,1,1,0,1,0.5,27.2628,0.0,1.1021,90,0.5,1,1.0
015_C208,15,C,2,6,OPTIMAL,45.8202,2,2,2,0,0,1.0,45.8202,0.0,0.0,90,0.5,1,1.0
015_C208,15,C,2,7,OPTIMAL,22.2741,2,1,1,0,1,0.5,22.0132,0.0,0.2609,90,0.5,1,1.0
015_C208,15,C,2,8,OPTIMAL,45.9129,2,2,2,0,0,1.0,45.9129,0.0,0.0,90,0.5,1,1.0
015_C208,15,C,2,9,OPTIMAL,22.4967,2,1,1,0,1,0.5,14.3925,0.0,8.1041,90,0.5,1,1.0
015_C208,15,C,3,0,OPTIMAL,99.4543,3,3,3,0,0,1.0,99.4543,0.0,0.0,90,0.5,1,1.0
015_C208,15,C,3,1,OPTIMAL,69.6462,3,3,3,0,0,1.0,69.6462,0.0,0.0,90,0.5,1,1.0
015_C208,15,C,3,2,OPTIMAL,103.8321,3,3,3,0,0,1.0,103.8321,0.0,0.0,90,0.5,1,1.0
015_C208,15,C,3,3,OPTIMAL,62.9318,3,3,3,0,0,1.0,62.9318,0.0,0.0,90,0.5,1,1.0
015_C208,15,C,3,4,OPTIMAL,70.675,3,3,3,0,0,1.0,70.675,0.0,0.0,90,0.5,1,1.0
015_C208,15,C,3,5,OPTIMAL,50.4316,3,1,1,0,2,0.3333,23.0294,0.0,27.4021,90,0.5,1,1.0
015_C208,15,C,3,6,OPTIMAL,45.8066,3,2,2,0,1,0.6667,38.0857,0.0,7.7209,90,0.5,1,1.0
015_C208,15,C,3,7,OPTIMAL,81.9577,3,3,2,1,0,1.0,81.9577,0.0,0.0,90,0.5,1,1.0
015_C208,15,C,3,8,OPTIMAL,80.4576,3,3,3,0,0,1.0,80.4576,0.0,0.0,90,0.5,1,1.0
015_C208,15,C,3,9,OPTIMAL,83.8878,3,3,3,0,0,1.0,83.8878,0.0,0.0,90,0.5,1,1.0
015_R101,15,R,1,0,OPTIMAL,6.1338,1,0,0,0,1,0.0,0.0,0.0,6.1338,90,0.5,1,1.0
015_R101,15,R,1,1,OPTIMAL,4.1611,1,0,0,0,1,0.0,0.0,0.0,4.1611,90,0.5,1,1.0
015_R101,15,R,1,2,OPTIMAL,0.2304,1,0,0,0,1,0.0,0.0,0.0,0.2304,90,0.5,1,1.0
015_R101,15,R,1,3,OPTIMAL,22.9917,1,1,0,1,0,1.0,22.9917,0.0,0.0,90,0.5,1,1.0
015_R101,15,R,1,4,OPTIMAL,7.7316,1,0,0,0,1,0.0,0.0,0.0,7.7316,90,0.5,1,1.0
015_R101,15,R,1,5,OPTIMAL,17.5761,1,0,0,0,1,0.0,0.0,0.0,17.5761,90,0.5,1,1.0
015_R101,15,R,1,6,OPTIMAL,11.9608,1,0,0,0,1,0.0,0.0,0.0,11.9608,90,0.5,1,1.0
015_R101,15,R,1,7,OPTIMAL,3.2438,1,0,0,0,1,0.0,0.0,0.0,3.2438,90,0.5,1,1.0
015_R101,15,R,1,8,OPTIMAL,33.1669,1,1,1,0,0,1.0,33.1669,0.0,0.0,90,0.5,1,1.0
015_R101,15,R,1,9,OPTIMAL,26.4923,1,1,0,1,0,1.0,26.4923,0.0,0.0,90,0.5,1,1.0
015_R101,15,R,2,0,OPTIMAL,8.8225,2,0,0,0,2,0.0,0.0,0.0,8.8225,90,0.5,1,1.0
015_R101,15,R,2,1,OPTIMAL,1.2725,2,0,0,0,2,0.0,0.0,0.0,1.2725,90,0.5,1,1.0
015_R101,15,R,2,2,OPTIMAL,37.839,2,1,0,1,1,0.5,29.806,0.0,8.0329,90,0.5,1,1.0
015_R101,15,R,2,3,OPTIMAL,4.9802,2,0,0,0,2,0.0,0.0,0.0,4.9802,90,0.5,1,1.0
015_R101,15,R,2,4,OPTIMAL,5.4688,2,0,0,0,2,0.0,0.0,0.0,5.4688,90,0.5,1,1.0
015_R101,15,R,2,5,OPTIMAL,57.4196,2,2,1,1,0,1.0,57.4196,0.0,0.0,90,0.5,1,1.0
015_R101,15,R,2,6,OPTIMAL,34.5449,2,1,0,1,1,0.5,33.8968,0.0,0.6481,90,0.5,1,1.0
015_R101,15,R,2,7,OPTIMAL,62.9128,2,2,1,1,0,1.0,62.9128,0.0,0.0,90,0.5,1,1.0
015_R101,15,R,2,8,OPTIMAL,16.1944,2,0,0,0,2,0.0,0.0,0.0,16.1944,90,0.5,1,1.0
015_R101,15,R,2,9,OPTIMAL,31.0445,2,1,0,1,1,0.5,28.2764,0.0,2.7681,90,0.5,1,1.0
015_R101,15,R,3,0,OPTIMAL,19.5884,3,1,0,1,2,0.3333,17.2173,0.0,2.3711,90,0.5,1,1.0
015_R101,15,R,3,1,OPTIMAL,4.3805,3,0,0,0,3,0.0,0.0,0.0,4.3805,90,0.5,1,1.0
015_R101,15,R,3,2,OPTIMAL,25.6748,3,0,0,0,3,0.0,0.0,0.0,25.6748,90,0.5,1,1.0
015_R101,15,R,3,3,OPTIMAL,16.7221,3,0,0,0,3,0.0,0.0,0.0,16.7221,90,0.5,1,1.0
015_R101,15,R,3,4,OPTIMAL,9.2298,3,0,0,0,3,0.0,0.0,0.0,9.2298,90,0.5,1,1.0
015_R101,15,R,3,5,OPTIMAL,15.5243,3,0,0,0,3,0.0,0.0,0.0,15.5243,90,0.5,1,1.0
015_R101,15,R,3,6,OPTIMAL,41.0385,3,1,0,1,2,0.3333,23.5862,0.0,17.4523,90,0.5,1,1.0
015_R101,15,R,3,7,OPTIMAL,29.0133,3,1,0,1,2,0.3333,28.6276,0.0,0.3857,90,0.5,1,1.0
015_R101,15,R,3,8,OPTIMAL,60.2007,3,2,0,2,1,0.6667,55.1893,0.0,5.0114,90,0.5,1,1.0
015_R101,15,R,3,9,OPTIMAL,33.3849,3,1,0,1,2,0.3333,32.3627,0.0,1.0222,90,0.5,1,1.0
015_R102,15,R,1,0,OPTIMAL,0.0181,1,0,0,0,1,0.0,0.0,0.0,0.0181,90,0.5,1,1.0
015_R102,15,R,1,1,OPTIMAL,4.1611,1,0,0,0,1,0.0,0.0,0.0,4.1611,90,0.5,1,1.0
015_R102,15,R,1,2,OPTIMAL,13.0729,1,1,0,1,0,1.0,13.0729,0.0,0.0,90,0.5,1,1.0
015_R102,15,R,1,3,OPTIMAL,22.9917,1,1,0,1,0,1.0,22.9917,0.0,0.0,90,0.5,1,1.0
015_R102,15,R,1,4,OPTIMAL,3.8658,1,0,0,0,1,0.0,0.0,0.0,3.8658,90,0.5,1,1.0
015_R102,15,R,1,5,OPTIMAL,17.5761,1,0,0,0,1,0.0,0.0,0.0,17.5761,90,0.5,1,1.0
015_R102,15,R,1,6,OPTIMAL,5.9804,1,0,0,0,1,0.0,0.0,0.0,5.9804,90,0.5,1,1.0
015_R102,15,R,1,7,OPTIMAL,3.2438,1,0,0,0,1,0.0,0.0,0.0,3.2438,90,0.5,1,1.0
015_R102,15,R,1,8,OPTIMAL,27.203,1,0,0,0,1,0.0,0.0,0.0,27.203,90,0.5,1,1.0
015_R102,15,R,1,9,OPTIMAL,18.7794,1,0,0,0,1,0.0,0.0,0.0,18.7794,90,0.5,1,1.0
015_R102,15,R,2,0,OPTIMAL,8.5026,2,0,0,0,2,0.0,0.0,0.0,8.5026,90,0.5,1,1.0
015_R102,15,R,2,1,OPTIMAL,1.2725,2,0,0,0,2,0.0,0.0,0.0,1.2725,90,0.5,1,1.0
015_R102,15,R,2,2,OPTIMAL,37.839,2,1,0,1,1,0.5,29.806,0.0,8.0329,90,0.5,1,1.0
015_R102,15,R,2,3,OPTIMAL,32.3468,2,0,0,0,2,0.0,0.0,0.0,32.3468,90,0.5,1,1.0
015_R102,15,R,2,4,OPTIMAL,3.2968,2,0,0,0,2,0.0,0.0,0.0,3.2968,90,0.5,1,1.0
015_R102,15,R,2,5,OPTIMAL,57.4196,2,2,1,1,0,1.0,57.4196,0.0,0.0,90,0.5,1,1.0
015_R102,15,R,2,6,OPTIMAL,39.658,2,1,0,1,1,0.5,33.8968,0.0,5.7613,90,0.5,1,1.0
015_R102,15,R,2,7,OPTIMAL,62.9128,2,2,0,2,0,1.0,62.9128,0.0,0.0,90,0.5,1,1.0
015_R102,15,R,2,8,OPTIMAL,20.3368,2,0,0,0,2,0.0,0.0,0.0,20.3368,90,0.5,1,1.0
015_R102,15,R,2,9,OPTIMAL,23.8007,2,0,0,0,2,0.0,0.0,0.0,23.8007,90,0.5,1,1.0
015_R102,15,R,3,0,OPTIMAL,22.1156,3,1,0,1,2,0.3333,17.2173,0.0,4.8983,90,0.5,1,1.0
015_R102,15,R,3,1,OPTIMAL,24.5458,3,1,0,1,2,0.3333,20.3251,0.0,4.2207,90,0.5,1,1.0
015_R102,15,R,3,2,OPTIMAL,33.0572,3,1,0,1,2,0.3333,24.3269,0.0,8.7303,90,0.5,1,1.0
015_R102,15,R,3,3,OPTIMAL,16.7221,3,0,0,0,3,0.0,0.0,0.0,16.7221,90,0.5,1,1.0
015_R102,15,R,3,4,OPTIMAL,17.6085,3,0,0,0,3,0.0,0.0,0.0,17.6085,90,0.5,1,1.0
015_R102,15,R,3,5,OPTIMAL,17.7934,3,0,0,0,3,0.0,0.0,0.0,17.7934,90,0.5,1,1.0
015_R102,15,R,3,6,OPTIMAL,19.9755,3,0,0,0,3,0.0,0.0,0.0,19.9755,90,0.5,1,1.0
015_R102,15,R,3,7,OPTIMAL,22.0165,3,0,0,0,3,0.0,0.0,0.0,22.0165,90,0.5,1,1.0
015_R102,15,R,3,8,OPTIMAL,61.4968,3,2,1,1,1,0.6667,55.1893,0.0,6.3075,90,0.5,1,1.0
015_R102,15,R,3,9,OPTIMAL,65.322,3,1,0,1,2,0.3333,32.3627,0.0,32.9593,90,0.5,1,1.0
015_R103,15,R,1,0,OPTIMAL,0.0181,1,0,0,0,1,0.0,0.0,0.0,0.0181,90,0.5,1,1.0
015_R103,15,R,1,1,OPTIMAL,4.1611,1,0,0,0,1,0.0,0.0,0.0,4.1611,90,0.5,1,1.0
015_R103,15,R,1,2,OPTIMAL,0.4609,1,0,0,0,1,0.0,0.0,0.0,0.4609,90,0.5,1,1.0
015_R103,15,R,1,3,OPTIMAL,22.9917,1,1,0,1,0,1.0,22.9917,0.0,0.0,90,0.5,1,1.0
015_R103,15,R,1,4,OPTIMAL,3.8658,1,0,0,0,1,0.0,0.0,0.0,3.8658,90,0.5,1,1.0
015_R103,15,R,1,5,OPTIMAL,17.5761,1,0,0,0,1,0.0,0.0,0.0,17.5761,90,0.5,1,1.0
015_R103,15,R,1,6,OPTIMAL,5.9804,1,0,0,0,1,0.0,0.0,0.0,5.9804,90,0.5,1,1.0
015_R103,15,R,1,7,OPTIMAL,3.2438,1,0,0,0,1,0.0,0.0,0.0,3.2438,90,0.5,1,1.0
015_R103,15,R,1,8,OPTIMAL,27.203,1,0,0,0,1,0.0,0.0,0.0,27.203,90,0.5,1,1.0
015_R103,15,R,1,9,OPTIMAL,18.7794,1,0,0,0,1,0.0,0.0,0.0,18.7794,90,0.5,1,1.0
015_R103,15,R,2,0,OPTIMAL,8.5026,2,0,0,0,2,0.0,0.0,0.0,8.5026,90,0.5,1,1.0
015_R103,15,R,2,1,OPTIMAL,1.2725,2,0,0,0,2,0.0,0.0,0.0,1.2725,90,0.5,1,1.0
015_R103,15,R,2,2,OPTIMAL,37.839,2,1,0,1,1,0.5,29.806,0.0,8.0329,90,0.5,1,1.0
015_R103,15,R,2,3,OPTIMAL,32.3468,2,0,0,0,2,0.0,0.0,0.0,32.3468,90,0.5,1,1.0
015_R103,15,R,2,4,OPTIMAL,3.2968,2,0,0,0,2,0.0,0.0,0.0,3.2968,90,0.5,1,1.0
015_R103,15,R,2,5,OPTIMAL,57.4196,2,2,0,2,0,1.0,57.4196,0.0,0.0,90,0.5,1,1.0
015_R103,15,R,2,6,OPTIMAL,39.658,2,1,0,1,1,0.5,33.8968,0.0,5.7613,90,0.5,1,1.0
015_R103,15,R,2,7,OPTIMAL,62.9128,2,2,0,2,0,1.0,62.9128,0.0,0.0,90,0.5,1,1.0
015_R103,15,R,2,8,OPTIMAL,20.3368,2,0,0,0,2,0.0,0.0,0.0,20.3368,90,0.5,1,1.0
015_R103,15,R,2,9,OPTIMAL,23.8007,2,0,0,0,2,0.0,0.0,0.0,23.8007,90,0.5,1,1.0
015_R103,15,R,3,0,OPTIMAL,22.1156,3,1,0,1,2,0.3333,17.2173,0.0,4.8983,90,0.5,1,1.0
015_R103,15,R,3,1,OPTIMAL,24.5458,3,1,0,1,2,0.3333,20.3251,0.0,4.2207,90,0.5,1,1.0
015_R103,15,R,3,2,OPTIMAL,28.3807,3,0,0,0,3,0.0,0.0,0.0,28.3807,90,0.5,1,1.0
015_R103,15,R,3,3,OPTIMAL,16.7221,3,0,0,0,3,0.0,0.0,0.0,16.7221,90,0.5,1,1.0
015_R103,15,R,3,4,OPTIMAL,11.8802,3,0,0,0,3,0.0,0.0,0.0,11.8802,90,0.5,1,1.0
015_R103,15,R,3,5,OPTIMAL,17.7934,3,0,0,0,3,0.0,0.0,0.0,17.7934,90,0.5,1,1.0
015_R103,15,R,3,6,OPTIMAL,38.3423,3,1,0,1,2,0.3333,23.5862,0.0,14.7561,90,0.5,1,1.0
015_R103,15,R,3,7,OPTIMAL,22.0165,3,0,0,0,3,0.0,0.0,0.0,22.0165,90,0.5,1,1.0
015_R103,15,R,3,8,OPTIMAL,55.4847,3,2,1,1,1,0.6667,55.1893,0.0,0.2954,90,0.5,1,1.0
015_R103,15,R,3,9,OPTIMAL,60.8287,3,1,0,1,2,0.3333,32.3627,0.0,28.466,90,0.5,1,1.0
015_R104,15,R,1,0,OPTIMAL,3.0669,1,0,0,0,1,0.0,0.0,0.0,3.0669,90,0.5,1,1.0
015_R104,15,R,1,1,OPTIMAL,27.0369,1,1,1,0,0,1.0,27.0369,0.0,0.0,90,0.5,1,1.0
015_R104,15,R,1,2,OPTIMAL,0.4609,1,0,0,0,1,0.0,0.0,0.0,0.4609,90,0.5,1,1.0
015_R104,15,R,1,3,OPTIMAL,22.9917,1,1,1,0,0,1.0,22.9917,0.0,0.0,90,0.5,1,1.0
015_R104,15,R,1,4,OPTIMAL,1.4732,1,0,0,0,1,0.0,0.0,0.0,1.4732,90,0.5,1,1.0
015_R104,15,R,1,5,OPTIMAL,17.5761,1,0,0,0,1,0.0,0.0,0.0,17.5761,90,0.5,1,1.0
015_R104,15,R,1,6,OPTIMAL,5.9804,1,0,0,0,1,0.0,0.0,0.0,5.9804,90,0.5,1,1.0
015_R104,15,R,1,7,OPTIMAL,3.2438,1,0,0,0,1,0.0,0.0,0.0,3.2438,90,0.5,1,1.0
015_R104,15,R,1,8,OPTIMAL,25.8754,1,0,0,0,1,0.0,0.0,0.0,25.8754,90,0.5,1,1.0
015_R104,15,R,1,9,OPTIMAL,26.4923,1,1,0,1,0,1.0,26.4923,0.0,0.0,90,0.5,1,1.0
015_R104,15,R,2,0,OPTIMAL,8.5026,2,0,0,0,2,0.0,0.0,0.0,8.5026,90,0.5,1,1.0
015_R104,15,R,2,1,OPTIMAL,1.2725,2,0,0,0,2,0.0,0.0,0.0,1.2725,90,0.5,1,1.0
015_R104,15,R,2,2,OPTIMAL,37.839,2,1,0,1,1,0.5,29.806,0.0,8.0329,90,0.5,1,1.0
015_R104,15,R,2,3,OPTIMAL,25.3143,2,0,0,0,2,0.0,0.0,0.0,25.3143,90,0.5,1,1.0
015_R104,15,R,2,4,OPTIMAL,3.2968,2,0,0,0,2,0.0,0.0,0.0,3.2968,90,0.5,1,1.0
015_R104,15,R,2,5,OPTIMAL,54.3083,2,1,0,1,1,0.5,34.3481,0.0,19.9602,90,0.5,1,1.0
015_R104,15,R,2,6,OPTIMAL,47.6465,2,2,0,2,0,1.0,47.6465,0.0,0.0,90,0.5,1,1.0
015_R104,15,R,2,7,OPTIMAL,62.9128,2,2,1,1,0,1.0,62.9128,0.0,0.0,90,0.5,1,1.0
015_R104,15,R,2,8,OPTIMAL,20.3368,2,0,0,0,2,0.0,0.0,0.0,20.3368,90,0.5,1,1.0
015_R104,15,R,2,9,OPTIMAL,9.5159,2,0,0,0,2,0.0,0.0,0.0,9.5159,90,0.5,1,1.0
015_R104,15,R,3,0,OPTIMAL,22.1156,3,1,0,1,2,0.3333,17.2173,0.0,4.8983,90,0.5,1,1.0
015_R104,15,R,3,1,OPTIMAL,24.7898,3,1,0,1,2,0.3333,20.3251,0.0,4.4646,90,0.5,1,1.0
015_R104,15,R,3,2,OPTIMAL,21.5971,3,0,0,0,3,0.0,0.0,0.0,21.5971,90,0.5,1,1.0
015_R104,15,R,3,3,OPTIMAL,28.4514,3,1,0,1,2,0.3333,21.4505,0.0,7.0009,90,0.5,1,1.0
015_R104,15,R,3,4,OPTIMAL,11.8802,3,0,0,0,3,0.0,0.0,0.0,11.8802,90,0.5,1,1.0
015_R104,15,R,3,5,OPTIMAL,17.7934,3,0,0,0,3,0.0,0.0,0.0,17.7934,90,0.5,1,1.0
015_R104,15,R,3,6,OPTIMAL,38.3423,3,1,0,1,2,0.3333,23.5862,0.0,14.7561,90,0.5,1,1.0
015_R104,15,R,3,7,OPTIMAL,29.0133,3,1,0,1,2,0.3333,28.6276,0.0,0.3857,90,0.5,1,1.0
015_R104,15,R,3,8,OPTIMAL,55.4847,3,2,1,1,1,0.6667,55.1893,0.0,0.2954,90,0.5,1,1.0
015_R104,15,R,3,9,OPTIMAL,69.0888,3,1,0,1,2,0.3333,32.3627,0.0,36.7261,90,0.5,1,1.0
015_R105,15,R,1,0,OPTIMAL,0.0181,1,0,0,0,1,0.0,0.0,0.0,0.0181,90,0.5,1,1.0
015_R105,15,R,1,1,OPTIMAL,4.1611,1,0,0,0,1,0.0,0.0,0.0,4.1611,90,0.5,1,1.0
015_R105,15,R,1,2,OPTIMAL,0.2304,1,0,0,0,1,0.0,0.0,0.0,0.2304,90,0.5,1,1.0
015_R105,15,R,1,3,OPTIMAL,22.9917,1,1,0,1,0,1.0,22.9917,0.0,0.0,90,0.5,1,1.0
015_R105,15,R,1,4,OPTIMAL,24.133,1,1,0,1,0,1.0,24.133,0.0,0.0,90,0.5,1,1.0
015_R105,15,R,1,5,OPTIMAL,17.5761,1,0,0,0,1,0.0,0.0,0.0,17.5761,90,0.5,1,1.0
015_R105,15,R,1,6,OPTIMAL,1.4854,1,0,0,0,1,0.0,0.0,0.0,1.4854,90,0.5,1,1.0
015_R105,15,R,1,7,OPTIMAL,3.2438,1,0,0,0,1,0.0,0.0,0.0,3.2438,90,0.5,1,1.0
015_R105,15,R,1,8,OPTIMAL,1.8392,1,0,0,0,1,0.0,0.0,0.0,1.8392,90,0.5,1,1.0
015_R105,15,R,1,9,OPTIMAL,26.4923,1,1,0,1,0,1.0,26.4923,0.0,0.0,90,0.5,1,1.0
015_R105,15,R,2,0,OPTIMAL,8.3953,2,0,0,0,2,0.0,0.0,0.0,8.3953,90,0.5,1,1.0
015_R105,15,R,2,1,OPTIMAL,1.2725,2,0,0,0,2,0.0,0.0,0.0,1.2725,90,0.5,1,1.0
015_R105,15,R,2,2,OPTIMAL,37.839,2,1,0,1,1,0.5,29.806,0.0,8.0329,90,0.5,1,1.0
015_R105,15,R,2,3,OPTIMAL,4.9802,2,0,0,0,2,0.0,0.0,0.0,4.9802,90,0.5,1,1.0
015_R105,15,R,2,4,OPTIMAL,36.6763,2,1,0,1,1,0.5,20.5467,0.0,16.1296,90,0.5,1,1.0
015_R105,15,R,2,5,OPTIMAL,57.4196,2,2,0,2,0,1.0,57.4196,0.0,0.0,90,0.5,1,1.0
015_R105,15,R,2,6,OPTIMAL,34.5449,2,1,0,1,1,0.5,33.8968,0.0,0.6481,90,0.5,1,1.0
015_R105,15,R,2,7,OPTIMAL,62.9128,2,2,2,0,0,1.0,62.9128,0.0,0.0,90,0.5,1,1.0
015_R105,15,R,2,8,OPTIMAL,15.8435,2,0,0,0,2,0.0,0.0,0.0,15.8435,90,0.5,1,1.0
015_R105,15,R,2,9,OPTIMAL,11.0232,2,0,0,0,2,0.0,0.0,0.0,11.0232,90,0.5,1,1.0
015_R105,15,R,3,0,OPTIMAL,25.4489,3,1,0,1,2,0.3333,17.2173,0.0,8.2316,90,0.5,1,1.0
015_R105,15,R,3,1,OPTIMAL,4.3805,3,0,0,0,3,0.0,0.0,0.0,4.3805,90,0.5,1,1.0
015_R105,15,R,3,2,OPTIMAL,15.1578,3,1,0,1,2,0.3333,14.3962,0.0,0.7616,90,0.5,1,1.0
015_R105,15,R,3,3,OPTIMAL,28.4514,3,1,0,1,2,0.3333,21.4505,0.0,7.0009,90,0.5,1,1.0
015_R105,15,R,3,4,OPTIMAL,11.1368,3,0,0,0,3,0.0,0.0,0.0,11.1368,90,0.5,1,1.0
015_R105,15,R,3,5,OPTIMAL,26.1583,3,0,0,0,3,0.0,0.0,0.0,26.1583,90,0.5,1,1.0
015_R105,15,R,3,6,OPTIMAL,42.4008,3,1,0,1,2,0.3333,23.5862,0.0,18.8147,90,0.5,1,1.0
015_R105,15,R,3,7,OPTIMAL,29.0133,3,1,0,1,2,0.3333,28.6276,0.0,0.3857,90,0.5,1,1.0
015_R105,15,R,3,8,OPTIMAL,60.2007,3,2,0,2,1,0.6667,55.1893,0.0,5.0114,90,0.5,1,1.0
015_R105,15,R,3,9,OPTIMAL,60.2859,3,1,0,1,2,0.3333,32.3627,0.0,27.9232,90,0.5,1,1.0
015_R106,15,R,1,0,OPTIMAL,0.0181,1,0,0,0,1,0.0,0.0,0.0,0.0181,90,0.5,1,1.0
015_R106,15,R,1,1,OPTIMAL,4.1611,1,0,0,0,1,0.0,0.0,0.0,4.1611,90,0.5,1,1.0
015_R106,15,R,1,2,OPTIMAL,0.4609,1,0,0,0,1,0.0,0.0,0.0,0.4609,90,0.5,1,1.0
015_R106,15,R,1,3,OPTIMAL,22.9917,1,1,0,1,0,1.0,22.9917,0.0,0.0,90,0.5,1,1.0
015_R106,15,R,1,4,OPTIMAL,3.8658,1,0,0,0,1,0.0,0.0,0.0,3.8658,90,0.5,1,1.0
015_R106,15,R,1,5,OPTIMAL,19.8065,1,1,0,1,0,1.0,19.8065,0.0,0.0,90,0.5,1,1.0
015_R106,15,R,1,6,OPTIMAL,1.4854,1,0,0,0,1,0.0,0.0,0.0,1.4854,90,0.5,1,1.0
015_R106,15,R,1,7,OPTIMAL,25.4396,1,1,0,1,0,1.0,25.4396,0.0,0.0,90,0.5,1,1.0
015_R106,15,R,1,8,OPTIMAL,33.1669,1,1,0,1,0,1.0,33.1669,0.0,0.0,90,0.5,1,1.0
015_R106,15,R,1,9,OPTIMAL,18.849,1,0,0,0,1,0.0,0.0,0.0,18.849,90,0.5,1,1.0
015_R106,15,R,2,0,OPTIMAL,12.1214,2,1,0,1,1,0.5,11.8015,0.0,0.3199,90,0.5,1,1.0
015_R106,15,R,2,1,OPTIMAL,1.2725,2,0,0,0,2,0.0,0.0,0.0,1.2725,90,0.5,1,1.0
015_R106,15,R,2,2,OPTIMAL,37.839,2,1,1,0,1,0.5,29.806,0.0,8.0329,90,0.5,1,1.0
015_R106,15,R,2,3,OPTIMAL,8.5868,2,0,0,0,2,0.0,0.0,0.0,8.5868,90,0.5,1,1.0
015_R106,15,R,2,4,OPTIMAL,3.2968,2,0,0,0,2,0.0,0.0,0.0,3.2968,90,0.5,1,1.0
015_R106,15,R,2,5,OPTIMAL,54.3083,2,1,0,1,1,0.5,34.3481,0.0,19.9602,90,0.5,1,1.0
015_R106,15,R,2,6,OPTIMAL,39.658,2,1,0,1,1,0.5,33.8968,0.0,5.7613,90,0.5,1,1.0
015_R106,15,R,2,7,OPTIMAL,62.9128,2,2,1,1,0,1.0,62.9128,0.0,0.0,90,0.5,1,1.0
015_R106,15,R,2,8,OPTIMAL,31.7128,2,2,0,2,0,1.0,31.7128,0.0,0.0,90,0.5,1,1.0
015_R106,15,R,2,9,OPTIMAL,29.6605,2,1,0,1,1,0.5,28.2764,0.0,1.3841,90,0.5,1,1.0
015_R106,15,R,3,0,OPTIMAL,22.1156,3,1,0,1,2,0.3333,17.2173,0.0,4.8983,90,0.5,1,1.0
015_R106,15,R,3,1,OPTIMAL,24.5458,3,1,0,1,2,0.3333,20.3251,0.0,4.2207,90,0.5,1,1.0
015_R106,15,R,3,2,OPTIMAL,5.7644,3,0,0,0,3,0.0,0.0,0.0,5.7644,90,0.5,1,1.0
015_R106,15,R,3,3,OPTIMAL,28.4514,3,1,0,1,2,0.3333,21.4505,0.0,7.0009,90,0.5,1,1.0
015_R106,15,R,3,4,OPTIMAL,11.2984,3,0,0,0,3,0.0,0.0,0.0,11.2984,90,0.5,1,1.0
015_R106,15,R,3,5,OPTIMAL,39.4477,3,2,0,2,1,0.6667,34.6291,0.0,4.8186,90,0.5,1,1.0
015_R106,15,R,3,6,OPTIMAL,38.3423,3,1,0,1,2,0.3333,23.5862,0.0,14.7561,90,0.5,1,1.0
015_R106,15,R,3,7,OPTIMAL,47.2903,3,1,0,1,2,0.3333,23.8669,0.0,23.4234,90,0.5,1,1.0
015_R106,15,R,3,8,OPTIMAL,53.192,3,1,0,1,2,0.3333,28.2874,0.0,24.9046,90,0.5,1,1.0
015_R106,15,R,3,9,OPTIMAL,62.0088,3,2,0,2,1,0.6667,52.7956,0.0,9.2132,90,0.5,1,1.0
015_R107,15,R,1,0,OPTIMAL,0.0181,1,0,0,0,1,0.0,0.0,0.0,0.0181,90,0.5,1,1.0
015_R107,15,R,1,1,OPTIMAL,4.1611,1,0,0,0,1,0.0,0.0,0.0,4.1611,90,0.5,1,1.0
015_R107,15,R,1,2,OPTIMAL,13.0729,1,1,0,1,0,1.0,13.0729,0.0,0.0,90,0.5,1,1.0
015_R107,15,R,1,3,OPTIMAL,22.9917,1,1,0,1,0,1.0,22.9917,0.0,0.0,90,0.5,1,1.0
015_R107,15,R,1,4,OPTIMAL,3.8658,1,0,0,0,1,0.0,0.0,0.0,3.8658,90,0.5,1,1.0
015_R107,15,R,1,5,OPTIMAL,17.5761,1,0,0,0,1,0.0,0.0,0.0,17.5761,90,0.5,1,1.0
015_R107,15,R,1,6,OPTIMAL,1.4854,1,0,0,0,1,0.0,0.0,0.0,1.4854,90,0.5,1,1.0
015_R107,15,R,1,7,OPTIMAL,3.2438,1,0,0,0,1,0.0,0.0,0.0,3.2438,90,0.5,1,1.0
015_R107,15,R,1,8,OPTIMAL,33.1669,1,1,0,1,0,1.0,33.1669,0.0,0.0,90,0.5,1,1.0
015_R107,15,R,1,9,OPTIMAL,18.849,1,0,0,0,1,0.0,0.0,0.0,18.849,90,0.5,1,1.0
015_R107,15,R,2,0,OPTIMAL,8.5026,2,0,0,0,2,0.0,0.0,0.0,8.5026,90,0.5,1,1.0
015_R107,15,R,2,1,OPTIMAL,1.2725,2,0,0,0,2,0.0,0.0,0.0,1.2725,90,0.5,1,1.0
015_R107,15,R,2,2,OPTIMAL,43.1207,2,1,1,0,1,0.5,29.806,0.0,13.3147,90,0.5,1,1.0
015_R107,15,R,2,3,OPTIMAL,39.2507,2,1,0,1,1,0.5,31.5399,0.0,7.7107,90,0.5,1,1.0
015_R107,15,R,2,4,OPTIMAL,3.2968,2,0,0,0,2,0.0,0.0,0.0,3.2968,90,0.5,1,1.0
015_R107,15,R,2,5,OPTIMAL,54.3083,2,1,1,0,1,0.5,34.3481,0.0,19.9602,90,0.5,1,1.0
015_R107,15,R,2,6,OPTIMAL,39.658,2,1,0,1,1,0.5,33.8968,0.0,5.7613,90,0.5,1,1.0
015_R107,15,R,2,7,OPTIMAL,62.9128,2,2,1,1,0,1.0,62.9128,0.0,0.0,90,0.5,1,1.0
015_R107,15,R,2,8,OPTIMAL,15.8435,2,0,0,0,2,0.0,0.0,0.0,15.8435,90,0.5,1,1.0
015_R107,15,R,2,9,OPTIMAL,29.6605,2,1,0,1,1,0.5,28.2764,0.0,1.3841,90,0.5,1,1.0
015_R107,15,R,3,0,OPTIMAL,22.1156,3,1,0,1,2,0.3333,17.2173,0.0,4.8983,90,0.5,1,1.0
015_R107,15,R,3,1,OPTIMAL,24.5458,3,1,0,1,2,0.3333,20.3251,0.0,4.2207,90,0.5,1,1.0
015_R107,15,R,3,2,OPTIMAL,9.4177,3,0,0,0,3,0.0,0.0,0.0,9.4177,90,0.5,1,1.0
015_R107,15,R,3,3,OPTIMAL,32.4741,3,1,0,1,2,0.3333,21.4505,0.0,11.0237,90,0.5,1,1.0
015_R107,15,R,3,4,OPTIMAL,21.9486,3,0,0,0,3,0.0,0.0,0.0,21.9486,90,0.5,1,1.0
015_R107,15,R,3,5,OPTIMAL,26.3357,3,0,0,0,3,0.0,0.0,0.0,26.3357,90,0.5,1,1.0
015_R107,15,R,3,6,OPTIMAL,26.8379,3,0,0,0,3,0.0,0.0,0.0,26.8379,90,0.5,1,1.0
015_R107,15,R,3,7,OPTIMAL,23.4958,3,0,0,0,3,0.0,0.0,0.0,23.4958,90,0.5,1,1.0
015_R107,15,R,3,8,OPTIMAL,61.4968,3,2,0,2,1,0.6667,55.1893,0.0,6.3075,90,0.5,1,1.0
015_R107,15,R,3,9,OPTIMAL,60.8287,3,1,0,1,2,0.3333,32.3627,0.0,28.466,90,0.5,1,1.0
015_R108,15,R,1,0,OPTIMAL,3.0669,1,0,0,0,1,0.0,0.0,0.0,3.0669,90,0.5,1,1.0
015_R108,15,R,1,1,OPTIMAL,27.0369,1,1,1,0,0,1.0,27.0369,0.0,0.0,90,0.5,1,1.0
015_R108,15,R,1,2,OPTIMAL,13.0729,1,1,0,1,0,1.0,13.0729,0.0,0.0,90,0.5,1,1.0
015_R108,15,R,1,3,OPTIMAL,22.9917,1,1,0,1,0,1.0,22.9917,0.0,0.0,90,0.5,1,1.0
015_R108,15,R,1,4,OPTIMAL,1.4732,1,0,0,0,1,0.0,0.0,0.0,1.4732,90,0.5,1,1.0
015_R108,15,R,1,5,OPTIMAL,17.5761,1,0,0,0,1,0.0,0.0,0.0,17.5761,90,0.5,1,1.0
015_R108,15,R,1,6,OPTIMAL,1.4854,1,0,0,0,1,0.0,0.0,0.0,1.4854,90,0.5,1,1.0
015_R108,15,R,1,7,OPTIMAL,3.2438,1,0,0,0,1,0.0,0.0,0.0,3.2438,90,0.5,1,1.0
015_R108,15,R,1,8,OPTIMAL,22.5174,1,0,0,0,1,0.0,0.0,0.0,22.5174,90,0.5,1,1.0
015_R108,15,R,1,9,OPTIMAL,26.4923,1,1,0,1,0,1.0,26.4923,0.0,0.0,90,0.5,1,1.0
015_R108,15,R,2,0,OPTIMAL,8.5026,2,0,0,0,2,0.0,0.0,0.0,8.5026,90,0.5,1,1.0
015_R108,15,R,2,1,OPTIMAL,1.2725,2,0,0,0,2,0.0,0.0,0.0,1.2725,90,0.5,1,1.0
015_R108,15,R,2,2,OPTIMAL,43.1207,2,1,1,0,1,0.5,29.806,0.0,13.3147,90,0.5,1,1.0
015_R108,15,R,2,3,OPTIMAL,24.7136,2,0,0,0,2,0.0,0.0,0.0,24.7136,90,0.5,1,1.0
015_R108,15,R,2,4,OPTIMAL,3.2968,2,0,0,0,2,0.0,0.0,0.0,3.2968,90,0.5,1,1.0
015_R108,15,R,2,5,OPTIMAL,54.3083,2,1,0,1,1,0.5,34.3481,0.0,19.9602,90,0.5,1,1.0
015_R108,15,R,2,6,OPTIMAL,47.6465,2,2,0,2,0,1.0,47.6465,0.0,0.0,90,0.5,1,1.0
015_R108,15,R,2,7,OPTIMAL,62.9128,2,2,1,1,0,1.0,62.9128,0.0,0.0,90,0.5,1,1.0
015_R108,15,R,2,8,OPTIMAL,15.8435,2,0,0,0,2,0.0,0.0,0.0,15.8435,90,0.5,1,1.0
015_R108,15,R,2,9,OPTIMAL,9.5159,2,0,0,0,2,0.0,0.0,0.0,9.5159,90,0.5,1,1.0
015_R108,15,R,3,0,OPTIMAL,22.1156,3,1,0,1,2,0.3333,17.2173,0.0,4.8983,90,0.5,1,1.0
015_R108,15,R,3,1,OPTIMAL,24.7898,3,1,0,1,2,0.3333,20.3251,0.0,4.4646,90,0.5,1,1.0
015_R108,15,R,3,2,OPTIMAL,9.4177,3,0,0,0,3,0.0,0.0,0.0,9.4177,90,0.5,1,1.0
015_R108,15,R,3,3,OPTIMAL,32.4741,3,1,0,1,2,0.3333,21.4505,0.0,11.0237,90,0.5,1,1.0
015_R108,15,R,3,4,OPTIMAL,21.9486,3,0,0,0,3,0.0,0.0,0.0,21.9486,90,0.5,1,1.0
015_R108,15,R,3,5,OPTIMAL,28.3238,3,1,0,1,2,0.3333,20.1551,0.0,8.1687,90,0.5,1,1.0
015_R108,15,R,3,6,OPTIMAL,26.8379,3,0,0,0,3,0.0,0.0,0.0,26.8379,90,0.5,1,1.0
015_R108,15,R,3,7,OPTIMAL,29.0133,3,1,0,1,2,0.3333,28.6276,0.0,0.3857,90,0.5,1,1.0
015_R108,15,R,3,8,OPTIMAL,61.4968,3,2,1,1,1,0.6667,55.1893,0.0,6.3075,90,0.5,1,1.0
015_R108,15,R,3,9,OPTIMAL,60.8287,3,1,0,1,2,0.3333,32.3627,0.0,28.466,90,0.5,1,1.0
015_R109,15,R,1,0,OPTIMAL,0.0181,1,0,0,0,1,0.0,0.0,0.0,0.0181,90,0.5,1,1.0
015_R109,15,R,1,1,OPTIMAL,4.1611,1,0,0,0,1,0.0,0.0,0.0,4.1611,90,0.5,1,1.0
015_R109,15,R,1,2,OPTIMAL,0.4609,1,0,0,0,1,0.0,0.0,0.0,0.4609,90,0.5,1,1.0
015_R109,15,R,1,3,OPTIMAL,22.9917,1,1,0,1,0,1.0,22.9917,0.0,0.0,90,0.5,1,1.0
015_R109,15,R,1,4,OPTIMAL,3.8658,1,0,0,0,1,0.0,0.0,0.0,3.8658,90,0.5,1,1.0
015_R109,15,R,1,5,OPTIMAL,17.5761,1,0,0,0,1,0.0,0.0,0.0,17.5761,90,0.5,1,1.0
015_R109,15,R,1,6,OPTIMAL,1.4854,1,0,0,0,1,0.0,0.0,0.0,1.4854,90,0.5,1,1.0
015_R109,15,R,1,7,OPTIMAL,25.4396,1,1,0,1,0,1.0,25.4396,0.0,0.0,90,0.5,1,1.0
015_R109,15,R,1,8,OPTIMAL,0.9196,1,0,0,0,1,0.0,0.0,0.0,0.9196,90,0.5,1,1.0
015_R109,15,R,1,9,OPTIMAL,21.9853,1,0,0,0,1,0.0,0.0,0.0,21.9853,90,0.5,1,1.0
015_R109,15,R,2,0,OPTIMAL,41.3981,2,1,0,1,1,0.5,33.2154,0.0,8.1827,90,0.5,1,1.0
015_R109,15,R,2,1,OPTIMAL,16.6308,2,1,0,1,1,0.5,15.4561,0.0,1.1746,90,0.5,1,1.0
015_R109,15,R,2,2,OPTIMAL,37.839,2,1,0,1,1,0.5,29.806,0.0,8.0329,90,0.5,1,1.0
015_R109,15,R,2,3,OPTIMAL,4.1041,2,0,0,0,2,0.0,0.0,0.0,4.1041,90,0.5,1,1.0
015_R109,15,R,2,4,OPTIMAL,22.2798,2,1,0,1,1,0.5,20.5467,0.0,1.7331,90,0.5,1,1.0
015_R109,15,R,2,5,OPTIMAL,27.8471,2,1,0,1,1,0.5,23.0714,0.0,4.7757,90,0.5,1,1.0
015_R109,15,R,2,6,OPTIMAL,34.5449,2,1,1,0,1,0.5,33.8968,0.0,0.6481,90,0.5,1,1.0
015_R109,15,R,2,7,OPTIMAL,62.9128,2,2,0,2,0,1.0,62.9128,0.0,0.0,90,0.5,1,1.0
015_R109,15,R,2,8,OPTIMAL,22.3988,2,1,0,1,1,0.5,19.0581,0.0,3.3407,90,0.5,1,1.0
015_R109,15,R,2,9,OPTIMAL,29.6605,2,1,0,1,1,0.5,28.2764,0.0,1.3841,90,0.5,1,1.0
015_R109,15,R,3,0,OPTIMAL,21.5336,3,0,0,0,3,0.0,0.0,0.0,21.5336,90,0.5,1,1.0
015_R109,15,R,3,1,OPTIMAL,28.5162,3,0,0,0,3,0.0,0.0,0.0,28.5162,90,0.5,1,1.0
015_R109,15,R,3,2,OPTIMAL,3.3862,3,0,0,0,3,0.0,0.0,0.0,3.3862,90,0.5,1,1.0
015_R109,15,R,3,3,OPTIMAL,44.4671,3,2,0,2,1,0.6667,39.6191,0.0,4.848,90,0.5,1,1.0
015_R109,15,R,3,4,OPTIMAL,9.3914,3,0,0,0,3,0.0,0.0,0.0,9.3914,90,0.5,1,1.0
015_R109,15,R,3,5,OPTIMAL,28.7816,3,1,0,1,2,0.3333,20.1551,0.0,8.6265,90,0.5,1,1.0
015_R109,15,R,3,6,OPTIMAL,20.2143,3,0,0,0,3,0.0,0.0,0.0,20.2143,90,0.5,1,1.0
015_R109,15,R,3,7,OPTIMAL,29.0133,3,1,0,1,2,0.3333,28.6276,0.0,0.3857,90,0.5,1,1.0
015_R109,15,R,3,8,OPTIMAL,42.9047,3,1,1,0,2,0.3333,28.2874,0.0,14.6173,90,0.5,1,1.0
015_R109,15,R,3,9,OPTIMAL,59.4973,3,1,1,0,2,0.3333,32.3627,0.0,27.1345,90,0.5,1,1.0
015_R110,15,R,1,0,OPTIMAL,17.8286,1,0,0,0,1,0.0,0.0,0.0,17.8286,90,0.5,1,1.0
015_R110,15,R,1,1,OPTIMAL,27.0369,1,1,0,1,0,1.0,27.0369,0.0,0.0,90,0.5,1,1.0
015_R110,15,R,1,2,OPTIMAL,0.4609,1,0,0,0,1,0.0,0.0,0.0,0.4609,90,0.5,1,1.0
015_R110,15,R,1,3,OPTIMAL,22.9917,1,1,0,1,0,1.0,22.9917,0.0,0.0,90,0.5,1,1.0
015_R110,15,R,1,4,OPTIMAL,17.7113,1,0,0,0,1,0.0,0.0,0.0,17.7113,90,0.5,1,1.0
015_R110,15,R,1,5,OPTIMAL,19.8065,1,1,0,1,0,1.0,19.8065,0.0,0.0,90,0.5,1,1.0
015_R110,15,R,1,6,OPTIMAL,1.4854,1,0,0,0,1,0.0,0.0,0.0,1.4854,90,0.5,1,1.0
015_R110,15,R,1,7,OPTIMAL,25.4396,1,1,0,1,0,1.0,25.4396,0.0,0.0,90,0.5,1,1.0
015_R110,15,R,1,8,OPTIMAL,4.049,1,0,0,0,1,0.0,0.0,0.0,4.049,90,0.5,1,1.0
015_R110,15,R,1,9,OPTIMAL,3.4091,1,0,0,0,1,0.0,0.0,0.0,3.4091,90,0.5,1,1.0
015_R110,15,R,2,0,OPTIMAL,38.2645,2,1,0,1,1,0.5,11.8015,0.0,26.463,90,0.5,1,1.0
015_R110,15,R,2,1,OPTIMAL,28.8947,2,0,0,0,2,0.0,0.0,0.0,28.8947,90,0.5,1,1.0
015_R110,15,R,2,2,OPTIMAL,45.8719,2,1,0,1,1,0.5,29.806,0.0,16.0659,90,0.5,1,1.0
015_R110,15,R,2,3,OPTIMAL,9.8339,2,0,0,0,2,0.0,0.0,0.0,9.8339,90,0.5,1,1.0
015_R110,15,R,2,4,OPTIMAL,33.4369,2,0,0,0,2,0.0,0.0,0.0,33.4369,90,0.5,1,1.0
015_R110,15,R,2,5,OPTIMAL,5.1662,2,0,0,0,2,0.0,0.0,0.0,5.1662,90,0.5,1,1.0
015_R110,15,R,2,6,OPTIMAL,34.5449,2,1,1,0,1,0.5,33.8968,0.0,0.6481,90,0.5,1,1.0
015_R110,15,R,2,7,OPTIMAL,31.5674,2,1,0,1,1,0.5,31.4045,0.0,0.1629,90,0.5,1,1.0
015_R110,15,R,2,8,OPTIMAL,22.7497,2,1,0,1,1,0.5,19.0581,0.0,3.6916,90,0.5,1,1.0
015_R110,15,R,2,9,OPTIMAL,31.8053,2,1,0,1,1,0.5,28.2764,0.0,3.5289,90,0.5,1,1.0
015_R110,15,R,3,0,OPTIMAL,23.2164,3,0,0,0,3,0.0,0.0,0.0,23.2164,90,0.5,1,1.0
015_R110,15,R,3,1,OPTIMAL,46.7912,3,0,0,0,3,0.0,0.0,0.0,46.7912,90,0.5,1,1.0
015_R110,15,R,3,2,OPTIMAL,4.0736,3,0,0,0,3,0.0,0.0,0.0,4.0736,90,0.5,1,1.0
015_R110,15,R,3,3,OPTIMAL,39.7893,3,2,0,2,1,0.6667,39.6191,0.0,0.1702,90,0.5,1,1.0
015_R110,15,R,3,4,OPTIMAL,20.9118,3,1,0,1,2,0.3333,18.6117,0.0,2.3001,90,0.5,1,1.0
015_R110,15,R,3,5,OPTIMAL,36.7209,3,2,0,2,1,0.6667,34.6291,0.0,2.0917,90,0.5,1,1.0
015_R110,15,R,3,6,OPTIMAL,34.9045,3,1,0,1,2,0.3333,22.053,0.0,12.8515,90,0.5,1,1.0
015_R110,15,R,3,7,OPTIMAL,31.388,3,1,0,1,2,0.3333,23.8669,0.0,7.5211,90,0.5,1,1.0
015_R110,15,R,3,8,OPTIMAL,42.9047,3,1,1,0,2,0.3333,28.2874,0.0,14.6173,90,0.5,1,1.0
015_R110,15,R,3,9,OPTIMAL,67.6829,3,1,1,0,2,0.3333,32.3627,0.0,35.3202,90,0.5,1,1.0
015_R111,15,R,1,0,OPTIMAL,0.0181,1,0,0,0,1,0.0,0.0,0.0,0.0181,90,0.5,1,1.0
015_R111,15,R,1,1,OPTIMAL,4.9976,1,0,0,0,1,0.0,0.0,0.0,4.9976,90,0.5,1,1.0
015_R111,15,R,1,2,OPTIMAL,3.5438,1,0,0,0,1,0.0,0.0,0.0,3.5438,90,0.5,1,1.0
015_R111,15,R,1,3,OPTIMAL,22.9917,1,1,0,1,0,1.0,22.9917,0.0,0.0,90,0.5,1,1.0
015_R111,15,R,1,4,OPTIMAL,3.8658,1,0,0,0,1,0.0,0.0,0.0,3.8658,90,0.5,1,1.0
015_R111,15,R,1,5,OPTIMAL,17.5761,1,0,0,0,1,0.0,0.0,0.0,17.5761,90,0.5,1,1.0
015_R111,15,R,1,6,OPTIMAL,1.4854,1,0,0,0,1,0.0,0.0,0.0,1.4854,90,0.5,1,1.0
015_R111,15,R,1,7,OPTIMAL,3.2438,1,0,0,0,1,0.0,0.0,0.0,3.2438,90,0.5,1,1.0
015_R111,15,R,1,8,OPTIMAL,33.1669,1,1,0,1,0,1.0,33.1669,0.0,0.0,90,0.5,1,1.0
015_R111,15,R,1,9,OPTIMAL,18.849,1,0,0,0,1,0.0,0.0,0.0,18.849,90,0.5,1,1.0
015_R111,15,R,2,0,OPTIMAL,8.5026,2,0,0,0,2,0.0,0.0,0.0,8.5026,90,0.5,1,1.0
015_R111,15,R,2,1,OPTIMAL,1.2725,2,0,0,0,2,0.0,0.0,0.0,1.2725,90,0.5,1,1.0
015_R111,15,R,2,2,OPTIMAL,37.839,2,1,1,0,1,0.5,29.806,0.0,8.0329,90,0.5,1,1.0
015_R111,15,R,2,3,OPTIMAL,8.5868,2,0,0,0,2,0.0,0.0,0.0,8.5868,90,0.5,1,1.0
015_R111,15,R,2,4,OPTIMAL,2.8579,2,0,0,0,2,0.0,0.0,0.0,2.8579,90,0.5,1,1.0
015_R111,15,R,2,5,OPTIMAL,54.3083,2,1,0,1,1,0.5,34.3481,0.0,19.9602,90,0.5,1,1.0
015_R111,15,R,2,6,OPTIMAL,47.6465,2,2,0,2,0,1.0,47.6465,0.0,0.0,90,0.5,1,1.0
015_R111,15,R,2,7,OPTIMAL,62.9128,2,2,1,1,0,1.0,62.9128,0.0,0.0,90,0.5,1,1.0
015_R111,15,R,2,8,OPTIMAL,15.8435,2,0,0,0,2,0.0,0.0,0.0,15.8435,90,0.5,1,1.0
015_R111,15,R,2,9,OPTIMAL,29.6605,2,1,0,1,1,0.5,28.2764,0.0,1.3841,90,0.5,1,1.0
015_R111,15,R,3,0,OPTIMAL,22.1156,3,1,0,1,2,0.3333,17.2173,0.0,4.8983,90,0.5,1,1.0
015_R111,15,R,3,1,OPTIMAL,24.5458,3,1,0,1,2,0.3333,20.3251,0.0,4.2207,90,0.5,1,1.0
015_R111,15,R,3,2,OPTIMAL,5.7644,3,0,0,0,3,0.0,0.0,0.0,5.7644,90,0.5,1,1.0
015_R111,15,R,3,3,OPTIMAL,28.4514,3,1,0,1,2,0.3333,21.4505,0.0,7.0009,90,0.5,1,1.0
015_R111,15,R,3,4,OPTIMAL,11.2984,3,0,0,0,3,0.0,0.0,0.0,11.2984,90,0.5,1,1.0
015_R111,15,R,3,5,OPTIMAL,28.7816,3,1,0,1,2,0.3333,20.1551,0.0,8.6265,90,0.5,1,1.0
015_R111,15,R,3,6,OPTIMAL,19.1919,3,0,0,0,3,0.0,0.0,0.0,19.1919,90,0.5,1,1.0
015_R111,15,R,3,7,OPTIMAL,27.0858,3,0,0,0,3,0.0,0.0,0.0,27.0858,90,0.5,1,1.0
015_R111,15,R,3,8,OPTIMAL,60.7132,3,2,0,2,1,0.6667,55.1893,0.0,5.5239,90,0.5,1,1.0
015_R111,15,R,3,9,OPTIMAL,69.2535,3,1,0,1,2,0.3333,32.3627,0.0,36.8908,90,0.5,1,1.0
015_R112,15,R,1,0,OPTIMAL,0.0181,1,0,0,0,1,0.0,0.0,0.0,0.0181,90,0.5,1,1.0
015_R112,15,R,1,1,OPTIMAL,27.0369,1,1,1,0,0,1.0,27.0369,0.0,0.0,90,0.5,1,1.0
015_R112,15,R,1,2,OPTIMAL,4.3273,1,0,0,0,1,0.0,0.0,0.0,4.3273,90,0.5,1,1.0
015_R112,15,R,1,3,OPTIMAL,22.9917,1,1,1,0,0,1.0,22.9917,0.0,0.0,90,0.5,1,1.0
015_R112,15,R,1,4,OPTIMAL,22.4312,1,0,0,0,1,0.0,0.0,0.0,22.4312,90,0.5,1,1.0
015_R112,15,R,1,5,OPTIMAL,19.8065,1,1,1,0,0,1.0,19.8065,0.0,0.0,90,0.5,1,1.0
015_R112,15,R,1,6,OPTIMAL,0.504,1,0,0,0,1,0.0,0.0,0.0,0.504,90,0.5,1,1.0
015_R112,15,R,1,7,OPTIMAL,25.4396,1,1,1,0,0,1.0,25.4396,0.0,0.0,90,0.5,1,1.0
015_R112,15,R,1,8,OPTIMAL,4.629,1,0,0,0,1,0.0,0.0,0.0,4.629,90,0.5,1,1.0
015_R112,15,R,1,9,OPTIMAL,1.7045,1,0,0,0,1,0.0,0.0,0.0,1.7045,90,0.5,1,1.0
015_R112,15,R,2,0,OPTIMAL,30.7891,2,1,1,0,1,0.5,11.8015,0.0,18.9876,90,0.5,1,1.0
015_R112,15,R,2,1,OPTIMAL,35.9098,2,1,0,1,1,0.5,25.1052,0.0,10.8046,90,0.5,1,1.0
015_R112,15,R,2,2,OPTIMAL,37.839,2,1,1,0,1,0.5,29.806,0.0,8.0329,90,0.5,1,1.0
015_R112,15,R,2,3,OPTIMAL,13.0155,2,0,0,0,2,0.0,0.0,0.0,13.0155,90,0.5,1,1.0
015_R112,15,R,2,4,OPTIMAL,17.4605,2,0,0,0,2,0.0,0.0,0.0,17.4605,90,0.5,1,1.0
015_R112,15,R,2,5,OPTIMAL,8.2197,2,0,0,0,2,0.0,0.0,0.0,8.2197,90,0.5,1,1.0
015_R112,15,R,2,6,OPTIMAL,47.6465,2,2,2,0,0,1.0,47.6465,0.0,0.0,90,0.5,1,1.0
015_R112,15,R,2,7,OPTIMAL,31.4052,2,1,1,0,1,0.5,31.4045,0.0,0.0007,90,0.5,1,1.0
015_R112,15,R,2,8,OPTIMAL,31.7128,2,2,1,1,0,1.0,31.7128,0.0,0.0,90,0.5,1,1.0
015_R112,15,R,2,9,OPTIMAL,33.2522,2,1,0,1,1,0.5,28.2764,0.0,4.9758,90,0.5,1,1.0
015_R112,15,R,3,0,OPTIMAL,18.4758,3,0,0,0,3,0.0,0.0,0.0,18.4758,90,0.5,1,1.0
015_R112,15,R,3,1,OPTIMAL,34.231,3,1,0,1,2,0.3333,32.4834,0.0,1.7476,90,0.5,1,1.0
015_R112,15,R,3,2,OPTIMAL,3.027,3,0,0,0,3,0.0,0.0,0.0,3.027,90,0.5,1,1.0
015_R112,15,R,3,3,OPTIMAL,39.7893,3,2,1,1,1,0.6667,39.6191,0.0,0.1702,90,0.5,1,1.0
015_R112,15,R,3,4,OPTIMAL,22.9804,3,1,0,1,2,0.3333,18.6117,0.0,4.3687,90,0.5,1,1.0
015_R112,15,R,3,5,OPTIMAL,46.5615,3,2,1,1,1,0.6667,34.6291,0.0,11.9323,90,0.5,1,1.0
015_R112,15,R,3,6,OPTIMAL,22.7357,3,0,0,0,3,0.0,0.0,0.0,22.7357,90,0.5,1,1.0
015_R112,15,R,3,7,OPTIMAL,29.3239,3,1,0,1,2,0.3333,23.8669,0.0,5.457,90,0.5,1,1.0
015_R112,15,R,3,8,OPTIMAL,39.1893,3,1,1,0,2,0.3333,28.2874,0.0,10.902,90,0.5,1,1.0
015_R112,15,R,3,9,OPTIMAL,61.2201,3,2,2,0,1,0.6667,52.7956,0.0,8.4246,90,0.5,1,1.0
015_R201,15,R,1,0,OPTIMAL,24.9516,1,0,0,0,1,0.0,0.0,0.0,24.9516,90,0.5,1,1.0
015_R201,15,R,1,1,OPTIMAL,27.0369,1,1,1,0,0,1.0,27.0369,0.0,0.0,90,0.5,1,1.0
015_R201,15,R,1,2,OPTIMAL,0.2304,1,0,0,0,1,0.0,0.0,0.0,0.2304,90,0.5,1,1.0
015_R201,15,R,1,3,OPTIMAL,22.9917,1,1,0,1,0,1.0,22.9917,0.0,0.0,90,0.5,1,1.0
015_R201,15,R,1,4,OPTIMAL,3.8658,1,0,0,0,1,0.0,0.0,0.0,3.8658,90,0.5,1,1.0
015_R201,15,R,1,5,OPTIMAL,19.8065,1,1,1,0,0,1.0,19.8065,0.0,0.0,90,0.5,1,1.0
015_R201,15,R,1,6,OPTIMAL,13.9006,1,1,1,0,0,1.0,13.9006,0.0,0.0,90,0.5,1,1.0
015_R201,15,R,1,7,OPTIMAL,25.4396,1,1,1,0,0,1.0,25.4396,0.0,0.0,90,0.5,1,1.0
015_R201,15,R,1,8,OPTIMAL,33.1669,1,1,1,0,0,1.0,33.1669,0.0,0.0,90,0.5,1,1.0
015_R201,15,R,1,9,OPTIMAL,26.4923,1,1,1,0,0,1.0,26.4923,0.0,0.0,90,0.5,1,1.0
015_R201,15,R,2,0,OPTIMAL,39.1896,2,1,1,0,1,0.5,11.8015,0.0,27.3881,90,0.5,1,1.0
015_R201,15,R,2,1,OPTIMAL,40.5613,2,2,0,2,0,1.0,40.5613,0.0,0.0,90,0.5,1,1.0
015_R201,15,R,2,2,OPTIMAL,37.839,2,1,1,0,1,0.5,29.806,0.0,8.0329,90,0.5,1,1.0
015_R201,15,R,2,3,OPTIMAL,34.7679,2,1,1,0,1,0.5,31.5399,0.0,3.2279,90,0.5,1,1.0
015_R201,15,R,2,4,OPTIMAL,38.2562,2,1,0,1,1,0.5,20.5467,0.0,17.7095,90,0.5,1,1.0
015_R201,15,R,2,5,OPTIMAL,57.4196,2,2,2,0,0,1.0,57.4196,0.0,0.0,90,0.5,1,1.0
015_R201,15,R,2,6,OPTIMAL,47.6465,2,2,1,1,0,1.0,47.6465,0.0,0.0,90,0.5,1,1.0
015_R201,15,R,2,7,OPTIMAL,62.9128,2,2,2,0,0,1.0,62.9128,0.0,0.0,90,0.5,1,1.0
015_R201,15,R,2,8,OPTIMAL,31.7128,2,2,2,0,0,1.0,31.7128,0.0,0.0,90,0.5,1,1.0
015_R201,15,R,2,9,OPTIMAL,62.3175,2,2,2,0,0,1.0,62.3175,0.0,0.0,90,0.5,1,1.0
015_R201,15,R,3,0,OPTIMAL,25.2389,3,1,1,0,2,0.3333,17.2173,0.0,8.0215,90,0.5,1,1.0
015_R201,15,R,3,1,OPTIMAL,57.6657,3,2,2,0,1,0.6667,57.5058,0.0,0.1598,90,0.5,1,1.0
015_R201,15,R,3,2,OPTIMAL,43.2458,3,2,1,1,1,0.6667,38.3173,0.0,4.9285,90,0.5,1,1.0
015_R201,15,R,3,3,OPTIMAL,48.0704,3,3,2,1,0,1.0,48.0704,0.0,0.0,90,0.5,1,1.0
015_R201,15,R,3,4,OPTIMAL,52.3522,3,3,2,1,0,1.0,52.3522,0.0,0.0,90,0.5,1,1.0
015_R201,15,R,3,5,OPTIMAL,55.6427,3,3,2,1,0,1.0,55.6427,0.0,0.0,90,0.5,1,1.0
015_R201,15,R,3,6,OPTIMAL,48.3354,3,2,0,2,1,0.6667,45.6392,0.0,2.6962,90,0.5,1,1.0
015_R201,15,R,3,7,OPTIMAL,80.5458,3,3,3,0,0,1.0,80.5458,0.0,0.0,90,0.5,1,1.0
015_R201,15,R,3,8,OPTIMAL,72.2882,3,3,1,2,0,1.0,72.2882,0.0,0.0,90,0.5,1,1.0
015_R201,15,R,3,9,OPTIMAL,72.9966,3,2,2,0,1,0.6667,52.7956,0.0,20.2011,90,0.5,1,1.0
015_R202,15,R,1,0,OPTIMAL,25.0521,1,1,0,1,0,1.0,25.0521,0.0,0.0,90,0.5,1,1.0
015_R202,15,R,1,1,OPTIMAL,27.0369,1,1,1,0,0,1.0,27.0369,0.0,0.0,90,0.5,1,1.0
015_R202,15,R,1,2,OPTIMAL,13.0729,1,1,1,0,0,1.0,13.0729,0.0,0.0,90,0.5,1,1.0
015_R202,15,R,1,3,OPTIMAL,22.9917,1,1,0,1,0,1.0,22.9917,0.0,0.0,90,0.5,1,1.0
015_R202,15,R,1,4,OPTIMAL,3.8658,1,0,0,0,1,0.0,0.0,0.0,3.8658,90,0.5,1,1.0
015_R202,15,R,1,5,OPTIMAL,19.8065,1,1,1,0,0,1.0,19.8065,0.0,0.0,90,0.5,1,1.0
015_R202,15,R,1,6,OPTIMAL,13.9006,1,1,1,0,0,1.0,13.9006,0.0,0.0,90,0.5,1,1.0
015_R202,15,R,1,7,OPTIMAL,25.4396,1,1,1,0,0,1.0,25.4396,0.0,0.0,90,0.5,1,1.0
015_R202,15,R,1,8,OPTIMAL,33.1669,1,1,0,1,0,1.0,33.1669,0.0,0.0,90,0.5,1,1.0
015_R202,15,R,1,9,OPTIMAL,26.4923,1,1,1,0,0,1.0,26.4923,0.0,0.0,90,0.5,1,1.0
015_R202,15,R,2,0,OPTIMAL,45.0169,2,2,2,0,0,1.0,45.0169,0.0,0.0,90,0.5,1,1.0
015_R202,15,R,2,1,OPTIMAL,40.5613,2,2,1,1,0,1.0,40.5613,0.0,0.0,90,0.5,1,1.0
015_R202,15,R,2,2,OPTIMAL,52.0376,2,2,1,1,0,1.0,52.0376,0.0,0.0,90,0.5,1,1.0
015_R202,15,R,2,3,OPTIMAL,46.0061,2,2,2,0,0,1.0,46.0061,0.0,0.0,90,0.5,1,1.0
015_R202,15,R,2,4,OPTIMAL,46.3322,2,2,1,1,0,1.0,46.3322,0.0,0.0,90,0.5,1,1.0
015_R202,15,R,2,5,OPTIMAL,57.4196,2,2,2,0,0,1.0,57.4196,0.0,0.0,90,0.5,1,1.0
015_R202,15,R,2,6,OPTIMAL,47.6465,2,2,1,1,0,1.0,47.6465,0.0,0.0,90,0.5,1,1.0
015_R202,15,R,2,7,OPTIMAL,62.9128,2,2,2,0,0,1.0,62.9128,0.0,0.0,90,0.5,1,1.0
015_R202,15,R,2,8,OPTIMAL,31.7128,2,2,2,0,0,1.0,31.7128,0.0,0.0,90,0.5,1,1.0
015_R202,15,R,2,9,OPTIMAL,62.3175,2,2,2,0,0,1.0,62.3175,0.0,0.0,90,0.5,1,1.0
015_R202,15,R,3,0,OPTIMAL,49.2488,3,3,2,1,0,1.0,49.2488,0.0,0.0,90,0.5,1,1.0
015_R202,15,R,3,1,OPTIMAL,77.831,3,3,3,0,0,1.0,77.831,0.0,0.0,90,0.5,1,1.0
015_R202,15,R,3,2,OPTIMAL,43.2458,3,2,1,1,1,0.6667,38.3173,0.0,4.9285,90,0.5,1,1.0
015_R202,15,R,3,3,OPTIMAL,48.0704,3,3,2,1,0,1.0,48.0704,0.0,0.0,90,0.5,1,1.0
015_R202,15,R,3,4,OPTIMAL,46.1576,3,2,2,0,1,0.6667,38.8729,0.0,7.2846,90,0.5,1,1.0
015_R202,15,R,3,5,OPTIMAL,55.6427,3,3,2,1,0,1.0,55.6427,0.0,0.0,90,0.5,1,1.0
015_R202,15,R,3,6,OPTIMAL,48.3354,3,2,1,1,1,0.6667,45.6392,0.0,2.6962,90,0.5,1,1.0
015_R202,15,R,3,7,OPTIMAL,80.5458,3,3,3,0,0,1.0,80.5458,0.0,0.0,90,0.5,1,1.0
015_R202,15,R,3,8,OPTIMAL,72.2882,3,3,2,1,0,1.0,72.2882,0.0,0.0,90,0.5,1,1.0
015_R202,15,R,3,9,OPTIMAL,72.9966,3,2,2,0,1,0.6667,52.7956,0.0,20.2011,90,0.5,1,1.0
015_R203,15,R,1,0,OPTIMAL,17.8286,1,0,0,0,1,0.0,0.0,0.0,17.8286,90,0.5,1,1.0
015_R203,15,R,1,1,OPTIMAL,27.0369,1,1,1,0,0,1.0,27.0369,0.0,0.0,90,0.5,1,1.0
015_R203,15,R,1,2,OPTIMAL,13.0729,1,1,1,0,0,1.0,13.0729,0.0,0.0,90,0.5,1,1.0
015_R203,15,R,1,3,OPTIMAL,22.9917,1,1,0,1,0,1.0,22.9917,0.0,0.0,90,0.5,1,1.0
015_R203,15,R,1,4,OPTIMAL,3.8658,1,0,0,0,1,0.0,0.0,0.0,3.8658,90,0.5,1,1.0
015_R203,15,R,1,5,OPTIMAL,19.8065,1,1,1,0,0,1.0,19.8065,0.0,0.0,90,0.5,1,1.0
015_R203,15,R,1,6,OPTIMAL,13.9006,1,1,1,0,0,1.0,13.9006,0.0,0.0,90,0.5,1,1.0
015_R203,15,R,1,7,OPTIMAL,25.4396,1,1,1,0,0,1.0,25.4396,0.0,0.0,90,0.5,1,1.0
015_R203,15,R,1,8,OPTIMAL,33.1669,1,1,1,0,0,1.0,33.1669,0.0,0.0,90,0.5,1,1.0
015_R203,15,R,1,9,OPTIMAL,26.4923,1,1,1,0,0,1.0,26.4923,0.0,0.0,90,0.5,1,1.0
015_R203,15,R,2,0,OPTIMAL,45.0169,2,2,2,0,0,1.0,45.0169,0.0,0.0,90,0.5,1,1.0
015_R203,15,R,2,1,OPTIMAL,40.5613,2,2,1,1,0,1.0,40.5613,0.0,0.0,90,0.5,1,1.0
015_R203,15,R,2,2,OPTIMAL,52.0376,2,2,1,1,0,1.0,52.0376,0.0,0.0,90,0.5,1,1.0
015_R203,15,R,2,3,OPTIMAL,46.0061,2,2,2,0,0,1.0,46.0061,0.0,0.0,90,0.5,1,1.0
015_R203,15,R,2,4,OPTIMAL,46.3322,2,2,1,1,0,1.0,46.3322,0.0,0.0,90,0.5,1,1.0
015_R203,15,R,2,5,OPTIMAL,57.4196,2,2,2,0,0,1.0,57.4196,0.0,0.0,90,0.5,1,1.0
015_R203,15,R,2,6,OPTIMAL,47.6465,2,2,1,1,0,1.0,47.6465,0.0,0.0,90,0.5,1,1.0
015_R203,15,R,2,7,OPTIMAL,62.9128,2,2,2,0,0,1.0,62.9128,0.0,0.0,90,0.5,1,1.0
015_R203,15,R,2,8,OPTIMAL,31.7128,2,2,2,0,0,1.0,31.7128,0.0,0.0,90,0.5,1,1.0
015_R203,15,R,2,9,OPTIMAL,62.3175,2,2,2,0,0,1.0,62.3175,0.0,0.0,90,0.5,1,1.0
015_R203,15,R,3,0,OPTIMAL,44.1232,3,2,2,0,1,0.6667,36.3117,0.0,7.8115,90,0.5,1,1.0
015_R203,15,R,3,1,OPTIMAL,77.831,3,3,3,0,0,1.0,77.831,0.0,0.0,90,0.5,1,1.0
015_R203,15,R,3,2,OPTIMAL,43.2458,3,2,1,1,1,0.6667,38.3173,0.0,4.9285,90,0.5,1,1.0
015_R203,15,R,3,3,OPTIMAL,48.0704,3,3,2,1,0,1.0,48.0704,0.0,0.0,90,0.5,1,1.0
015_R203,15,R,3,4,OPTIMAL,46.1576,3,2,2,0,1,0.6667,38.8729,0.0,7.2846,90,0.5,1,1.0
015_R203,15,R,3,5,OPTIMAL,55.6427,3,3,2,1,0,1.0,55.6427,0.0,0.0,90,0.5,1,1.0
015_R203,15,R,3,6,OPTIMAL,48.3354,3,2,1,1,1,0.6667,45.6392,0.0,2.6962,90,0.5,1,1.0
015_R203,15,R,3,7,OPTIMAL,80.5458,3,3,3,0,0,1.0,80.5458,0.0,0.0,90,0.5,1,1.0
015_R203,15,R,3,8,OPTIMAL,72.2882,3,3,2,1,0,1.0,72.2882,0.0,0.0,90,0.5,1,1.0
015_R203,15,R,3,9,OPTIMAL,72.9966,3,2,2,0,1,0.6667,52.7956,0.0,20.2011,90,0.5,1,1.0
015_R204,15,R,1,0,OPTIMAL,17.8286,1,0,0,0,1,0.0,0.0,0.0,17.8286,90,0.5,1,1.0
015_R204,15,R,1,1,OPTIMAL,27.0369,1,1,1,0,0,1.0,27.0369,0.0,0.0,90,0.5,1,1.0
015_R204,15,R,1,2,OPTIMAL,13.0729,1,1,1,0,0,1.0,13.0729,0.0,0.0,90,0.5,1,1.0
015_R204,15,R,1,3,OPTIMAL,22.9917,1,1,0,1,0,1.0,22.9917,0.0,0.0,90,0.5,1,1.0
015_R204,15,R,1,4,OPTIMAL,3.8658,1,0,0,0,1,0.0,0.0,0.0,3.8658,90,0.5,1,1.0
015_R204,15,R,1,5,OPTIMAL,19.8065,1,1,1,0,0,1.0,19.8065,0.0,0.0,90,0.5,1,1.0
015_R204,15,R,1,6,OPTIMAL,13.9006,1,1,1,0,0,1.0,13.9006,0.0,0.0,90,0.5,1,1.0
015_R204,15,R,1,7,OPTIMAL,25.4396,1,1,1,0,0,1.0,25.4396,0.0,0.0,90,0.5,1,1.0
015_R204,15,R,1,8,OPTIMAL,33.1669,1,1,0,1,0,1.0,33.1669,0.0,0.0,90,0.5,1,1.0
015_R204,15,R,1,9,OPTIMAL,26.4923,1,1,1,0,0,1.0,26.4923,0.0,0.0,90,0.5,1,1.0
015_R204,15,R,2,0,OPTIMAL,45.0169,2,2,2,0,0,1.0,45.0169,0.0,0.0,90,0.5,1,1.0
015_R204,15,R,2,1,OPTIMAL,40.5613,2,2,2,0,0,1.0,40.5613,0.0,0.0,90,0.5,1,1.0
015_R204,15,R,2,2,OPTIMAL,37.839,2,1,1,0,1,0.5,29.806,0.0,8.0329,90,0.5,1,1.0
015_R204,15,R,2,3,OPTIMAL,46.0061,2,2,2,0,0,1.0,46.0061,0.0,0.0,90,0.5,1,1.0
015_R204,15,R,2,4,OPTIMAL,46.3322,2,2,1,1,0,1.0,46.3322,0.0,0.0,90,0.5,1,1.0
015_R204,15,R,2,5,OPTIMAL,57.4196,2,2,2,0,0,1.0,57.4196,0.0,0.0,90,0.5,1,1.0
015_R204,15,R,2,6,OPTIMAL,47.6465,2,2,1,1,0,1.0,47.6465,0.0,0.0,90,0.5,1,1.0
015_R204,15,R,2,7,OPTIMAL,62.9128,2,2,2,0,0,1.0,62.9128,0.0,0.0,90,0.5,1,1.0
015_R204,15,R,2,8,OPTIMAL,31.7128,2,2,2,0,0,1.0,31.7128,0.0,0.0,90,0.5,1,1.0
015_R204,15,R,2,9,OPTIMAL,62.3175,2,2,2,0,0,1.0,62.3175,0.0,0.0,90,0.5,1,1.0
015_R204,15,R,3,0,OPTIMAL,48.468,3,2,2,0,1,0.6667,36.3117,0.0,12.1563,90,0.5,1,1.0
015_R204,15,R,3,1,OPTIMAL,77.831,3,3,3,0,0,1.0,77.831,0.0,0.0,90,0.5,1,1.0
015_R204,15,R,3,2,OPTIMAL,43.2458,3,2,1,1,1,0.6667,38.3173,0.0,4.9285,90,0.5,1,1.0
015_R204,15,R,3,3,OPTIMAL,48.0704,3,3,3,0,0,1.0,48.0704,0.0,0.0,90,0.5,1,1.0
015_R204,15,R,3,4,OPTIMAL,46.1576,3,2,2,0,1,0.6667,38.8729,0.0,7.2846,90,0.5,1,1.0
015_R204,15,R,3,5,OPTIMAL,55.6427,3,3,3,0,0,1.0,55.6427,0.0,0.0,90,0.5,1,1.0
015_R204,15,R,3,6,OPTIMAL,48.3354,3,2,1,1,1,0.6667,45.6392,0.0,2.6962,90,0.5,1,1.0
015_R204,15,R,3,7,OPTIMAL,80.5458,3,3,2,1,0,1.0,80.5458,0.0,0.0,90,0.5,1,1.0
015_R204,15,R,3,8,OPTIMAL,72.2882,3,3,3,0,0,1.0,72.2882,0.0,0.0,90,0.5,1,1.0
015_R204,15,R,3,9,OPTIMAL,72.9966,3,2,2,0,1,0.6667,52.7956,0.0,20.2011,90,0.5,1,1.0
015_R205,15,R,1,0,OPTIMAL,25.0521,1,1,1,0,0,1.0,25.0521,0.0,0.0,90,0.5,1,1.0
015_R205,15,R,1,1,OPTIMAL,27.0369,1,1,0,1,0,1.0,27.0369,0.0,0.0,90,0.5,1,1.0
015_R205,15,R,1,2,OPTIMAL,13.0729,1,1,0,1,0,1.0,13.0729,0.0,0.0,90,0.5,1,1.0
015_R205,15,R,1,3,OPTIMAL,22.9917,1,1,1,0,0,1.0,22.9917,0.0,0.0,90,0.5,1,1.0
015_R205,15,R,1,4,OPTIMAL,24.133,1,1,1,0,0,1.0,24.133,0.0,0.0,90,0.5,1,1.0
015_R205,15,R,1,5,OPTIMAL,19.8065,1,1,1,0,0,1.0,19.8065,0.0,0.0,90,0.5,1,1.0
015_R205,15,R,1,6,OPTIMAL,12.1175,1,0,0,0,1,0.0,0.0,0.0,12.1175,90,0.5,1,1.0
015_R205,15,R,1,7,OPTIMAL,25.4396,1,1,1,0,0,1.0,25.4396,0.0,0.0,90,0.5,1,1.0
015_R205,15,R,1,8,OPTIMAL,33.1669,1,1,1,0,0,1.0,33.1669,0.0,0.0,90,0.5,1,1.0
015_R205,15,R,1,9,OPTIMAL,26.4923,1,1,0,1,0,1.0,26.4923,0.0,0.0,90,0.5,1,1.0
015_R205,15,R,2,0,OPTIMAL,42.2956,2,1,1,0,1,0.5,11.8015,0.0,30.494,90,0.5,1,1.0
015_R205,15,R,2,1,OPTIMAL,40.5613,2,2,1,1,0,1.0,40.5613,0.0,0.0,90,0.5,1,1.0
015_R205,15,R,2,2,OPTIMAL,52.0376,2,2,1,1,0,1.0,52.0376,0.0,0.0,90,0.5,1,1.0
015_R205,15,R,2,3,OPTIMAL,46.0061,2,2,1,1,0,1.0,46.0061,0.0,0.0,90,0.5,1,1.0
015_R205,15,R,2,4,OPTIMAL,45.2287,2,1,1,0,1,0.5,20.5467,0.0,24.682,90,0.5,1,1.0
015_R205,15,R,2,5,OPTIMAL,57.4196,2,2,2,0,0,1.0,57.4196,0.0,0.0,90,0.5,1,1.0
015_R205,15,R,2,6,OPTIMAL,47.6465,2,2,2,0,0,1.0,47.6465,0.0,0.0,90,0.5,1,1.0
015_R205,15,R,2,7,OPTIMAL,62.9128,2,2,1,1,0,1.0,62.9128,0.0,0.0,90,0.5,1,1.0
015_R205,15,R,2,8,OPTIMAL,31.7128,2,2,1,1,0,1.0,31.7128,0.0,0.0,90,0.5,1,1.0
015_R205,15,R,2,9,OPTIMAL,29.6605,2,1,1,0,1,0.5,28.2764,0.0,1.3841,90,0.5,1,1.0
015_R205,15,R,3,0,OPTIMAL,34.894,3,2,1,1,1,0.6667,30.1544,0.0,4.7396,90,0.5,1,1.0
015_R205,15,R,3,1,OPTIMAL,54.2365,3,2,1,1,1,0.6667,52.8086,0.0,1.4279,90,0.5,1,1.0
015_R205,15,R,3,2,OPTIMAL,44.1301,3,2,0,2,1,0.6667,28.3866,0.0,15.7435,90,0.5,1,1.0
015_R205,15,R,3,3,OPTIMAL,48.0704,3,3,3,0,0,1.0,48.0704,0.0,0.0,90,0.5,1,1.0
015_R205,15,R,3,4,OPTIMAL,34.0679,3,2,1,1,1,0.6667,32.0909,0.0,1.977,90,0.5,1,1.0
015_R205,15,R,3,5,OPTIMAL,55.6427,3,3,2,1,0,1.0,55.6427,0.0,0.0,90,0.5,1,1.0
015_R205,15,R,3,6,OPTIMAL,67.5587,3,1,0,1,2,0.3333,34.3611,0.0,33.1975,90,0.5,1,1.0
015_R205,15,R,3,7,OPTIMAL,80.5458,3,3,3,0,0,1.0,80.5458,0.0,0.0,90,0.5,1,1.0
015_R205,15,R,3,8,OPTIMAL,60.2007,3,2,1,1,1,0.6667,55.1893,0.0,5.0114,90,0.5,1,1.0
015_R205,15,R,3,9,OPTIMAL,73.861,3,3,2,1,0,1.0,73.861,0.0,0.0,90,0.5,1,1.0
015_R206,15,R,1,0,OPTIMAL,25.0521,1,1,1,0,0,1.0,25.0521,0.0,0.0,90,0.5,1,1.0
015_R206,15,R,1,1,OPTIMAL,27.0369,1,1,0,1,0,1.0,27.0369,0.0,0.0,90,0.5,1,1.0
015_R206,15,R,1,2,OPTIMAL,13.0729,1,1,1,0,0,1.0,13.0729,0.0,0.0,90,0.5,1,1.0
015_R206,15,R,1,3,OPTIMAL,22.9917,1,1,1,0,0,1.0,22.9917,0.0,0.0,90,0.5,1,1.0
015_R206,15,R,1,4,OPTIMAL,24.133,1,1,1,0,0,1.0,24.133,0.0,0.0,90,0.5,1,1.0
015_R206,15,R,1,5,OPTIMAL,19.8065,1,1,1,0,0,1.0,19.8065,0.0,0.0,90,0.5,1,1.0
015_R206,15,R,1,6,OPTIMAL,13.9006,1,1,1,0,0,1.0,13.9006,0.0,0.0,90,0.5,1,1.0
015_R206,15,R,1,7,OPTIMAL,25.4396,1,1,1,0,0,1.0,25.4396,0.0,0.0,90,0.5,1,1.0
015_R206,15,R,1,8,OPTIMAL,33.1669,1,1,1,0,0,1.0,33.1669,0.0,0.0,90,0.5,1,1.0
015_R206,15,R,1,9,OPTIMAL,26.4923,1,1,0,1,0,1.0,26.4923,0.0,0.0,90,0.5,1,1.0
015_R206,15,R,2,0,OPTIMAL,42.2956,2,1,1,0,1,0.5,11.8015,0.0,30.494,90,0.5,1,1.0
015_R206,15,R,2,1,OPTIMAL,40.5613,2,2,1,1,0,1.0,40.5613,0.0,0.0,90,0.5,1,1.0
015_R206,15,R,2,2,OPTIMAL,52.0376,2,2,1,1,0,1.0,52.0376,0.0,0.0,90,0.5,1,1.0
015_R206,15,R,2,3,OPTIMAL,46.0061,2,2,1,1,0,1.0,46.0061,0.0,0.0,90,0.5,1,1.0
015_R206,15,R,2,4,OPTIMAL,45.2287,2,1,1,0,1,0.5,20.5467,0.0,24.682,90,0.5,1,1.0
015_R206,15,R,2,5,OPTIMAL,57.4196,2,2,2,0,0,1.0,57.4196,0.0,0.0,90,0.5,1,1.0
015_R206,15,R,2,6,OPTIMAL,47.6465,2,2,2,0,0,1.0,47.6465,0.0,0.0,90,0.5,1,1.0
015_R206,15,R,2,7,OPTIMAL,62.9128,2,2,1,1,0,1.0,62.9128,0.0,0.0,90,0.5,1,1.0
015_R206,15,R,2,8,OPTIMAL,31.7128,2,2,1,1,0,1.0,31.7128,0.0,0.0,90,0.5,1,1.0
015_R206,15,R,2,9,OPTIMAL,29.6605,2,1,1,0,1,0.5,28.2764,0.0,1.3841,90,0.5,1,1.0
015_R206,15,R,3,0,OPTIMAL,34.894,3,2,1,1,1,0.6667,30.1544,0.0,4.7396,90,0.5,1,1.0
015_R206,15,R,3,1,OPTIMAL,54.2365,3,2,1,1,1,0.6667,52.8086,0.0,1.4279,90,0.5,1,1.0
015_R206,15,R,3,2,OPTIMAL,52.7135,3,3,2,1,0,1.0,52.7135,0.0,0.0,90,0.5,1,1.0
015_R206,15,R,3,3,OPTIMAL,48.0704,3,3,3,0,0,1.0,48.0704,0.0,0.0,90,0.5,1,1.0
015_R206,15,R,3,4,OPTIMAL,46.1576,3,2,2,0,1,0.6667,38.8729,0.0,7.2846,90,0.5,1,1.0
015_R206,15,R,3,5,OPTIMAL,55.6427,3,3,3,0,0,1.0,55.6427,0.0,0.0,90,0.5,1,1.0
015_R206,15,R,3,6,OPTIMAL,70.0072,3,2,2,0,1,0.6667,57.9473,0.0,12.0599,90,0.5,1,1.0
015_R206,15,R,3,7,OPTIMAL,80.5458,3,3,3,0,0,1.0,80.5458,0.0,0.0,90,0.5,1,1.0
015_R206,15,R,3,8,OPTIMAL,72.2882,3,3,2,1,0,1.0,72.2882,0.0,0.0,90,0.5,1,1.0
015_R206,15,R,3,9,OPTIMAL,73.861,3,3,3,0,0,1.0,73.861,0.0,0.0,90,0.5,1,1.0
015_R207,15,R,1,0,OPTIMAL,25.0521,1,1,1,0,0,1.0,25.0521,0.0,0.0,90,0.5,1,1.0
015_R207,15,R,1,1,OPTIMAL,27.0369,1,1,0,1,0,1.0,27.0369,0.0,0.0,90,0.5,1,1.0
015_R207,15,R,1,2,OPTIMAL,13.0729,1,1,1,0,0,1.0,13.0729,0.0,0.0,90,0.5,1,1.0
015_R207,15,R,1,3,OPTIMAL,22.9917,1,1,1,0,0,1.0,22.9917,0.0,0.0,90,0.5,1,1.0
015_R207,15,R,1,4,OPTIMAL,24.133,1,1,1,0,0,1.0,24.133,0.0,0.0,90,0.5,1,1.0
015_R207,15,R,1,5,OPTIMAL,19.8065,1,1,1,0,0,1.0,19.8065,0.0,0.0,90,0.5,1,1.0
015_R207,15,R,1,6,OPTIMAL,13.9006,1,1,1,0,0,1.0,13.9006,0.0,0.0,90,0.5,1,1.0
015_R207,15,R,1,7,OPTIMAL,25.4396,1,1,1,0,0,1.0,25.4396,0.0,0.0,90,0.5,1,1.0
015_R207,15,R,1,8,OPTIMAL,33.1669,1,1,1,0,0,1.0,33.1669,0.0,0.0,90,0.5,1,1.0
015_R207,15,R,1,9,OPTIMAL,26.4923,1,1,0,1,0,1.0,26.4923,0.0,0.0,90,0.5,1,1.0
015_R207,15,R,2,0,OPTIMAL,42.2956,2,1,1,0,1,0.5,11.8015,0.0,30.494,90,0.5,1,1.0
015_R207,15,R,2,1,OPTIMAL,40.5613,2,2,1,1,0,1.0,40.5613,0.0,0.0,90,0.5,1,1.0
015_R207,15,R,2,2,OPTIMAL,52.0376,2,2,1,1,0,1.0,52.0376,0.0,0.0,90,0.5,1,1.0
015_R207,15,R,2,3,OPTIMAL,46.0061,2,2,1,1,0,1.0,46.0061,0.0,0.0,90,0.5,1,1.0
015_R207,15,R,2,4,OPTIMAL,45.2287,2,1,1,0,1,0.5,20.5467,0.0,24.682,90,0.5,1,1.0
015_R207,15,R,2,5,OPTIMAL,57.4196,2,2,2,0,0,1.0,57.4196,0.0,0.0,90,0.5,1,1.0
015_R207,15,R,2,6,OPTIMAL,47.6465,2,2,2,0,0,1.0,47.6465,0.0,0.0,90,0.5,1,1.0
015_R207,15,R,2,7,OPTIMAL,62.9128,2,2,1,1,0,1.0,62.9128,0.0,0.0,90,0.5,1,1.0
015_R207,15,R,2,8,OPTIMAL,31.7128,2,2,1,1,0,1.0,31.7128,0.0,0.0,90,0.5,1,1.0
015_R207,15,R,2,9,OPTIMAL,29.6605,2,1,1,0,1,0.5,28.2764,0.0,1.3841,90,0.5,1,1.0
015_R207,15,R,3,0,OPTIMAL,34.894,3,2,1,1,1,0.6667,30.1544,0.0,4.7396,90,0.5,1,1.0
015_R207,15,R,3,1,OPTIMAL,77.831,3,3,1,2,0,1.0,77.831,0.0,0.0,90,0.5,1,1.0
015_R207,15,R,3,2,OPTIMAL,52.7135,3,3,2,1,0,1.0,52.7135,0.0,0.0,90,0.5,1,1.0
015_R207,15,R,3,3,OPTIMAL,48.0704,3,3,3,0,0,1.0,48.0704,0.0,0.0,90,0.5,1,1.0
015_R207,15,R,3,4,OPTIMAL,52.3522,3,3,2,1,0,1.0,52.3522,0.0,0.0,90,0.5,1,1.0
015_R207,15,R,3,5,OPTIMAL,55.6427,3,3,3,0,0,1.0,55.6427,0.0,0.0,90,0.5,1,1.0
015_R207,15,R,3,6,OPTIMAL,70.0072,3,2,2,0,1,0.6667,57.9473,0.0,12.0599,90,0.5,1,1.0
015_R207,15,R,3,7,OPTIMAL,80.5458,3,3,3,0,0,1.0,80.5458,0.0,0.0,90,0.5,1,1.0
015_R207,15,R,3,8,OPTIMAL,72.2882,3,3,2,1,0,1.0,72.2882,0.0,0.0,90,0.5,1,1.0
015_R207,15,R,3,9,OPTIMAL,73.861,3,3,3,0,0,1.0,73.861,0.0,0.0,90,0.5,1,1.0
015_R208,15,R,1,0,OPTIMAL,25.0521,1,1,1,0,0,1.0,25.0521,0.0,0.0,90,0.5,1,1.0
015_R208,15,R,1,1,OPTIMAL,27.0369,1,1,0,1,0,1.0,27.0369,0.0,0.0,90,0.5,1,1.0
015_R208,15,R,1,2,OPTIMAL,13.0729,1,1,1,0,0,1.0,13.0729,0.0,0.0,90,0.5,1,1.0
015_R208,15,R,1,3,OPTIMAL,22.9917,1,1,1,0,0,1.0,22.9917,0.0,0.0,90,0.5,1,1.0
015_R208,15,R,1,4,OPTIMAL,24.133,1,1,1,0,0,1.0,24.133,0.0,0.0,90,0.5,1,1.0
015_R208,15,R,1,5,OPTIMAL,19.8065,1,1,1,0,0,1.0,19.8065,0.0,0.0,90,0.5,1,1.0
015_R208,15,R,1,6,OPTIMAL,13.9006,1,1,1,0,0,1.0,13.9006,0.0,0.0,90,0.5,1,1.0
015_R208,15,R,1,7,OPTIMAL,25.4396,1,1,1,0,0,1.0,25.4396,0.0,0.0,90,0.5,1,1.0
015_R208,15,R,1,8,OPTIMAL,33.1669,1,1,0,1,0,1.0,33.1669,0.0,0.0,90,0.5,1,1.0
015_R208,15,R,1,9,OPTIMAL,26.4923,1,1,0,1,0,1.0,26.4923,0.0,0.0,90,0.5,1,1.0
015_R208,15,R,2,0,OPTIMAL,45.0169,2,2,1,1,0,1.0,45.0169,0.0,0.0,90,0.5,1,1.0
015_R208,15,R,2,1,OPTIMAL,40.5613,2,2,1,1,0,1.0,40.5613,0.0,0.0,90,0.5,1,1.0
015_R208,15,R,2,2,OPTIMAL,52.0376,2,2,1,1,0,1.0,52.0376,0.0,0.0,90,0.5,1,1.0
015_R208,15,R,2,3,OPTIMAL,46.0061,2,2,2,0,0,1.0,46.0061,0.0,0.0,90,0.5,1,1.0
015_R208,15,R,2,4,OPTIMAL,46.3322,2,2,1,1,0,1.0,46.3322,0.0,0.0,90,0.5,1,1.0
015_R208,15,R,2,5,OPTIMAL,57.4196,2,2,2,0,0,1.0,57.4196,0.0,0.0,90,0.5,1,1.0
015_R208,15,R,2,6,OPTIMAL,47.6465,2,2,2,0,0,1.0,47.6465,0.0,0.0,90,0.5,1,1.0
015_R208,15,R,2,7,OPTIMAL,62.9128,2,2,1,1,0,1.0,62.9128,0.0,0.0,90,0.5,1,1.0
015_R208,15,R,2,8,OPTIMAL,31.7128,2,2,1,1,0,1.0,31.7128,0.0,0.0,90,0.5,1,1.0
015_R208,15,R,2,9,OPTIMAL,29.6605,2,1,1,0,1,0.5,28.2764,0.0,1.3841,90,0.5,1,1.0
015_R208,15,R,3,0,OPTIMAL,49.2488,3,3,2,1,0,1.0,49.2488,0.0,0.0,90,0.5,1,1.0
015_R208,15,R,3,1,OPTIMAL,77.831,3,3,3,0,0,1.0,77.831,0.0,0.0,90,0.5,1,1.0
015_R208,15,R,3,2,OPTIMAL,52.7135,3,3,2,1,0,1.0,52.7135,0.0,0.0,90,0.5,1,1.0
015_R208,15,R,3,3,OPTIMAL,48.0704,3,3,3,0,0,1.0,48.0704,0.0,0.0,90,0.5,1,1.0
015_R208,15,R,3,4,OPTIMAL,39.196,3,2,2,0,1,0.6667,38.8729,0.0,0.3231,90,0.5,1,1.0
015_R208,15,R,3,5,OPTIMAL,55.6427,3,3,3,0,0,1.0,55.6427,0.0,0.0,90,0.5,1,1.0
015_R208,15,R,3,6,OPTIMAL,80.0003,3,3,2,1,0,1.0,80.0003,0.0,0.0,90,0.5,1,1.0
015_R208,15,R,3,7,OPTIMAL,80.5458,3,3,3,0,0,1.0,80.5458,0.0,0.0,90,0.5,1,1.0
015_R208,15,R,3,8,OPTIMAL,72.2882,3,3,2,1,0,1.0,72.2882,0.0,0.0,90,0.5,1,1.0
015_R208,15,R,3,9,OPTIMAL,73.861,3,3,3,0,0,1.0,73.861,0.0,0.0,90,0.5,1,1.0
015_R209,15,R,1,0,OPTIMAL,25.0521,1,1,1,0,0,1.0,25.0521,0.0,0.0,90,0.5,1,1.0
015_R209,15,R,1,1,OPTIMAL,27.0369,1,1,1,0,0,1.0,27.0369,0.0,0.0,90,0.5,1,1.0
015_R209,15,R,1,2,OPTIMAL,13.0729,1,1,0,1,0,1.0,13.0729,0.0,0.0,90,0.5,1,1.0
015_R209,15,R,1,3,OPTIMAL,22.9917,1,1,1,0,0,1.0,22.9917,0.0,0.0,90,0.5,1,1.0
015_R209,15,R,1,4,OPTIMAL,24.133,1,1,1,0,0,1.0,24.133,0.0,0.0,90,0.5,1,1.0
015_R209,15,R,1,5,OPTIMAL,19.8065,1,1,1,0,0,1.0,19.8065,0.0,0.0,90,0.5,1,1.0
015_R209,15,R,1,6,OPTIMAL,13.9006,1,1,0,1,0,1.0,13.9006,0.0,0.0,90,0.5,1,1.0
015_R209,15,R,1,7,OPTIMAL,25.4396,1,1,1,0,0,1.0,25.4396,0.0,0.0,90,0.5,1,1.0
015_R209,15,R,1,8,OPTIMAL,33.1669,1,1,0,1,0,1.0,33.1669,0.0,0.0,90,0.5,1,1.0
015_R209,15,R,1,9,OPTIMAL,26.4923,1,1,1,0,0,1.0,26.4923,0.0,0.0,90,0.5,1,1.0
015_R209,15,R,2,0,OPTIMAL,45.0169,2,2,2,0,0,1.0,45.0169,0.0,0.0,90,0.5,1,1.0
015_R209,15,R,2,1,OPTIMAL,40.5613,2,2,1,1,0,1.0,40.5613,0.0,0.0,90,0.5,1,1.0
015_R209,15,R,2,2,OPTIMAL,52.0376,2,2,2,0,0,1.0,52.0376,0.0,0.0,90,0.5,1,1.0
015_R209,15,R,2,3,OPTIMAL,34.7679,2,1,1,0,1,0.5,31.5399,0.0,3.2279,90,0.5,1,1.0
015_R209,15,R,2,4,OPTIMAL,46.3322,2,2,0,2,0,1.0,46.3322,0.0,0.0,90,0.5,1,1.0
015_R209,15,R,2,5,OPTIMAL,57.4196,2,2,2,0,0,1.0,57.4196,0.0,0.0,90,0.5,1,1.0
015_R209,15,R,2,6,OPTIMAL,47.6465,2,2,2,0,0,1.0,47.6465,0.0,0.0,90,0.5,1,1.0
015_R209,15,R,2,7,OPTIMAL,62.9128,2,2,1,1,0,1.0,62.9128,0.0,0.0,90,0.5,1,1.0
015_R209,15,R,2,8,OPTIMAL,31.7128,2,2,1,1,0,1.0,31.7128,0.0,0.0,90,0.5,1,1.0
015_R209,15,R,2,9,OPTIMAL,62.3175,2,2,1,1,0,1.0,62.3175,0.0,0.0,90,0.5,1,1.0
015_R209,15,R,3,0,OPTIMAL,40.6454,3,2,1,1,1,0.6667,36.3117,0.0,4.3336,90,0.5,1,1.0
015_R209,15,R,3,1,OPTIMAL,52.1107,3,1,1,0,2,0.3333,25.0224,0.0,27.0883,90,0.5,1,1.0
015_R209,15,R,3,2,OPTIMAL,52.7135,3,3,2,1,0,1.0,52.7135,0.0,0.0,90,0.5,1,1.0
015_R209,15,R,3,3,OPTIMAL,44.4671,3,2,2,0,1,0.6667,39.6191,0.0,4.848,90,0.5,1,1.0
015_R209,15,R,3,4,OPTIMAL,52.3522,3,3,0,3,0,1.0,52.3522,0.0,0.0,90,0.5,1,1.0
015_R209,15,R,3,5,OPTIMAL,55.6427,3,3,2,1,0,1.0,55.6427,0.0,0.0,90,0.5,1,1.0
015_R209,15,R,3,6,OPTIMAL,77.5518,3,2,1,1,1,0.6667,56.4141,0.0,21.1376,90,0.5,1,1.0
015_R209,15,R,3,7,OPTIMAL,80.5458,3,3,2,1,0,1.0,80.5458,0.0,0.0,90,0.5,1,1.0
015_R209,15,R,3,8,OPTIMAL,60.2007,3,2,1,1,1,0.6667,55.1893,0.0,5.0114,90,0.5,1,1.0
015_R209,15,R,3,9,OPTIMAL,73.861,3,3,2,1,0,1.0,73.861,0.0,0.0,90,0.5,1,1.0
015_R210,15,R,1,0,OPTIMAL,17.8286,1,0,0,0,1,0.0,0.0,0.0,17.8286,90,0.5,1,1.0
015_R210,15,R,1,1,OPTIMAL,27.0369,1,1,1,0,0,1.0,27.0369,0.0,0.0,90,0.5,1,1.0
015_R210,15,R,1,2,OPTIMAL,13.0729,1,1,1,0,0,1.0,13.0729,0.0,0.0,90,0.5,1,1.0
015_R210,15,R,1,3,OPTIMAL,22.9917,1,1,1,0,0,1.0,22.9917,0.0,0.0,90,0.5,1,1.0
015_R210,15,R,1,4,OPTIMAL,3.8658,1,0,0,0,1,0.0,0.0,0.0,3.8658,90,0.5,1,1.0
015_R210,15,R,1,5,OPTIMAL,19.8065,1,1,1,0,0,1.0,19.8065,0.0,0.0,90,0.5,1,1.0
015_R210,15,R,1,6,OPTIMAL,7.5174,1,0,0,0,1,0.0,0.0,0.0,7.5174,90,0.5,1,1.0
015_R210,15,R,1,7,OPTIMAL,25.4396,1,1,1,0,0,1.0,25.4396,0.0,0.0,90,0.5,1,1.0
015_R210,15,R,1,8,OPTIMAL,27.203,1,0,0,0,1,0.0,0.0,0.0,27.203,90,0.5,1,1.0
015_R210,15,R,1,9,OPTIMAL,26.4923,1,1,1,0,0,1.0,26.4923,0.0,0.0,90,0.5,1,1.0
015_R210,15,R,2,0,OPTIMAL,45.0169,2,2,2,0,0,1.0,45.0169,0.0,0.0,90,0.5,1,1.0
015_R210,15,R,2,1,OPTIMAL,40.5613,2,2,1,1,0,1.0,40.5613,0.0,0.0,90,0.5,1,1.0
015_R210,15,R,2,2,OPTIMAL,52.0376,2,2,1,1,0,1.0,52.0376,0.0,0.0,90,0.5,1,1.0
015_R210,15,R,2,3,OPTIMAL,46.0061,2,2,1,1,0,1.0,46.0061,0.0,0.0,90,0.5,1,1.0
015_R210,15,R,2,4,OPTIMAL,46.3322,2,2,1,1,0,1.0,46.3322,0.0,0.0,90,0.5,1,1.0
015_R210,15,R,2,5,OPTIMAL,57.4196,2,2,0,2,0,1.0,57.4196,0.0,0.0,90,0.5,1,1.0
015_R210,15,R,2,6,OPTIMAL,47.6465,2,2,2,0,0,1.0,47.6465,0.0,0.0,90,0.5,1,1.0
015_R210,15,R,2,7,OPTIMAL,62.9128,2,2,2,0,0,1.0,62.9128,0.0,0.0,90,0.5,1,1.0
015_R210,15,R,2,8,OPTIMAL,31.7128,2,2,2,0,0,1.0,31.7128,0.0,0.0,90,0.5,1,1.0
015_R210,15,R,2,9,OPTIMAL,62.3175,2,2,2,0,0,1.0,62.3175,0.0,0.0,90,0.5,1,1.0
015_R210,15,R,3,0,OPTIMAL,49.2488,3,3,2,1,0,1.0,49.2488,0.0,0.0,90,0.5,1,1.0
015_R210,15,R,3,1,OPTIMAL,75.8513,3,2,2,0,1,0.6667,45.3476,0.0,30.5037,90,0.5,1,1.0
015_R210,15,R,3,2,OPTIMAL,43.2458,3,2,1,1,1,0.6667,38.3173,0.0,4.9285,90,0.5,1,1.0
015_R210,15,R,3,3,OPTIMAL,48.0704,3,3,2,1,0,1.0,48.0704,0.0,0.0,90,0.5,1,1.0
015_R210,15,R,3,4,OPTIMAL,52.3522,3,3,2,1,0,1.0,52.3522,0.0,0.0,90,0.5,1,1.0
015_R210,15,R,3,5,OPTIMAL,55.6427,3,3,3,0,0,1.0,55.6427,0.0,0.0,90,0.5,1,1.0
015_R210,15,R,3,6,OPTIMAL,47.9957,3,0,0,0,3,0.0,0.0,0.0,47.9957,90,0.5,1,1.0
015_R210,15,R,3,7,OPTIMAL,73.549,3,2,1,1,1,0.6667,51.9182,0.0,21.6308,90,0.5,1,1.0
015_R210,15,R,3,8,OPTIMAL,72.2882,3,3,3,0,0,1.0,72.2882,0.0,0.0,90,0.5,1,1.0
015_R210,15,R,3,9,OPTIMAL,72.9966,3,2,2,0,1,0.6667,52.7956,0.0,20.2011,90,0.5,1,1.0
015_R211,15,R,1,0,OPTIMAL,0.0181,1,0,0,0,1,0.0,0.0,0.0,0.0181,90,0.5,1,1.0
015_R211,15,R,1,1,OPTIMAL,27.0369,1,1,1,0,0,1.0,27.0369,0.0,0.0,90,0.5,1,1.0
015_R211,15,R,1,2,OPTIMAL,6.1367,1,0,0,0,1,0.0,0.0,0.0,6.1367,90,0.5,1,1.0
015_R211,15,R,1,3,OPTIMAL,22.9917,1,1,1,0,0,1.0,22.9917,0.0,0.0,90,0.5,1,1.0
015_R211,15,R,1,4,OPTIMAL,17.7113,1,0,0,0,1,0.0,0.0,0.0,17.7113,90,0.5,1,1.0
015_R211,15,R,1,5,OPTIMAL,19.8065,1,1,1,0,0,1.0,19.8065,0.0,0.0,90,0.5,1,1.0
015_R211,15,R,1,6,OPTIMAL,13.9006,1,1,0,1,0,1.0,13.9006,0.0,0.0,90,0.5,1,1.0
015_R211,15,R,1,7,OPTIMAL,25.4396,1,1,1,0,0,1.0,25.4396,0.0,0.0,90,0.5,1,1.0
015_R211,15,R,1,8,OPTIMAL,33.1669,1,1,1,0,0,1.0,33.1669,0.0,0.0,90,0.5,1,1.0
015_R211,15,R,1,9,OPTIMAL,26.4923,1,1,1,0,0,1.0,26.4923,0.0,0.0,90,0.5,1,1.0
015_R211,15,R,2,0,OPTIMAL,45.0169,2,2,2,0,0,1.0,45.0169,0.0,0.0,90,0.5,1,1.0
015_R211,15,R,2,1,OPTIMAL,40.5613,2,2,1,1,0,1.0,40.5613,0.0,0.0,90,0.5,1,1.0
015_R211,15,R,2,2,OPTIMAL,52.0376,2,2,1,1,0,1.0,52.0376,0.0,0.0,90,0.5,1,1.0
015_R211,15,R,2,3,OPTIMAL,37.3288,2,1,1,0,1,0.5,31.5399,0.0,5.7888,90,0.5,1,1.0
015_R211,15,R,2,4,OPTIMAL,46.3322,2,2,2,0,0,1.0,46.3322,0.0,0.0,90,0.5,1,1.0
015_R211,15,R,2,5,OPTIMAL,57.4196,2,2,1,1,0,1.0,57.4196,0.0,0.0,90,0.5,1,1.0
015_R211,15,R,2,6,OPTIMAL,47.6465,2,2,2,0,0,1.0,47.6465,0.0,0.0,90,0.5,1,1.0
015_R211,15,R,2,7,OPTIMAL,62.9128,2,2,2,0,0,1.0,62.9128,0.0,0.0,90,0.5,1,1.0
015_R211,15,R,2,8,OPTIMAL,31.7128,2,2,2,0,0,1.0,31.7128,0.0,0.0,90,0.5,1,1.0
015_R211,15,R,2,9,OPTIMAL,62.3175,2,2,2,0,0,1.0,62.3175,0.0,0.0,90,0.5,1,1.0
015_R211,15,R,3,0,OPTIMAL,49.2488,3,3,2,1,0,1.0,49.2488,0.0,0.0,90,0.5,1,1.0
015_R211,15,R,3,1,OPTIMAL,77.831,3,3,1,2,0,1.0,77.831,0.0,0.0,90,0.5,1,1.0
015_R211,15,R,3,2,OPTIMAL,17.2281,3,1,1,0,2,0.3333,13.9904,0.0,3.2377,90,0.5,1,1.0
015_R211,15,R,3,3,OPTIMAL,48.0704,3,3,3,0,0,1.0,48.0704,0.0,0.0,90,0.5,1,1.0
015_R211,15,R,3,4,OPTIMAL,22.6573,3,1,0,1,2,0.3333,18.6117,0.0,4.0456,90,0.5,1,1.0
015_R211,15,R,3,5,OPTIMAL,46.5615,3,2,2,0,1,0.6667,34.6291,0.0,11.9323,90,0.5,1,1.0
015_R211,15,R,3,6,OPTIMAL,75.2884,3,2,1,1,1,0.6667,45.6392,0.0,29.6492,90,0.5,1,1.0
015_R211,15,R,3,7,OPTIMAL,80.5458,3,3,3,0,0,1.0,80.5458,0.0,0.0,90,0.5,1,1.0
015_R211,15,R,3,8,OPTIMAL,72.2882,3,3,3,0,0,1.0,72.2882,0.0,0.0,90,0.5,1,1.0
015_R211,15,R,3,9,OPTIMAL,73.239,3,2,2,0,1,0.6667,52.7956,0.0,20.4435,90,0.5,1,1.0
015_RC101,15,RC,1,0,OPTIMAL,45.7818,1,1,1,0,0,1.0,45.7818,0.0,0.0,90,0.5,1,1.0
015_RC101,15,RC,1,1,OPTIMAL,10.8414,1,0,0,0,1,0.0,0.0,0.0,10.8414,90,0.5,1,1.0
015_RC101,15,RC,1,2,OPTIMAL,2.4662,1,0,0,0,1,0.0,0.0,0.0,2.4662,90,0.5,1,1.0
015_RC101,15,RC,1,3,OPTIMAL,0.0007,1,0,0,0,1,0.0,0.0,0.0,0.0007,90,0.5,1,1.0
015_RC101,15,RC,1,4,OPTIMAL,1.7142,1,0,0,0,1,0.0,0.0,0.0,1.7142,90,0.5,1,1.0
015_RC101,15,RC,1,5,OPTIMAL,2.5881,1,0,0,0,1,0.0,0.0,0.0,2.5881,90,0.5,1,1.0
015_RC101,15,RC,1,6,OPTIMAL,0.8029,1,0,0,0,1,0.0,0.0,0.0,0.8029,90,0.5,1,1.0
015_RC101,15,RC,1,7,OPTIMAL,4.4851,1,0,0,0,1,0.0,0.0,0.0,4.4851,90,0.5,1,1.0
015_RC101,15,RC,1,8,OPTIMAL,31.4398,1,1,1,0,0,1.0,31.4398,0.0,0.0,90,0.5,1,1.0
015_RC101,15,RC,1,9,OPTIMAL,0.9657,1,0,0,0,1,0.0,0.0,0.0,0.9657,90,0.5,1,1.0
015_RC101,15,RC,2,0,OPTIMAL,24.6068,2,0,0,0,2,0.0,0.0,0.0,24.6068,90,0.5,1,1.0
015_RC101,15,RC,2,1,OPTIMAL,44.2307,2,1,1,0,1,0.5,43.2127,0.0,1.018,90,0.5,1,1.0
015_RC101,15,RC,2,2,OPTIMAL,0.3485,2,0,0,0,2,0.0,0.0,0.0,0.3485,90,0.5,1,1.0
015_RC101,15,RC,2,3,OPTIMAL,22.1502,2,0,0,0,2,0.0,0.0,0.0,22.1502,90,0.5,1,1.0
015_RC101,15,RC,2,4,OPTIMAL,51.5171,2,1,0,1,1,0.5,37.2676,0.0,14.2494,90,0.5,1,1.0
015_RC101,15,RC,2,5,OPTIMAL,9.0261,2,0,0,0,2,0.0,0.0,0.0,9.0261,90,0.5,1,1.0
015_RC101,15,RC,2,6,OPTIMAL,14.2382,2,0,0,0,2,0.0,0.0,0.0,14.2382,90,0.5,1,1.0
015_RC101,15,RC,2,7,OPTIMAL,0.6055,2,0,0,0,2,0.0,0.0,0.0,0.6055,90,0.5,1,1.0
015_RC101,15,RC,2,8,OPTIMAL,41.3014,2,1,0,1,1,0.5,40.8758,0.0,0.4255,90,0.5,1,1.0
015_RC101,15,RC,2,9,OPTIMAL,15.9267,2,0,0,0,2,0.0,0.0,0.0,15.9267,90,0.5,1,1.0
015_RC101,15,RC,3,0,OPTIMAL,8.9888,3,0,0,0,3,0.0,0.0,0.0,8.9888,90,0.5,1,1.0
015_RC101,15,RC,3,1,OPTIMAL,10.0419,3,0,0,0,3,0.0,0.0,0.0,10.0419,90,0.5,1,1.0
015_RC101,15,RC,3,2,OPTIMAL,17.8427,3,0,0,0,3,0.0,0.0,0.0,17.8427,90,0.5,1,1.0
015_RC101,15,RC,3,3,OPTIMAL,21.0099,3,0,0,0,3,0.0,0.0,0.0,21.0099,90,0.5,1,1.0
015_RC101,15,RC,3,4,OPTIMAL,15.0859,3,0,0,0,3,0.0,0.0,0.0,15.0859,90,0.5,1,1.0
015_RC101,15,RC,3,5,OPTIMAL,52.8508,3,1,0,1,2,0.3333,37.2262,0.0,15.6247,90,0.5,1,1.0
015_RC101,15,RC,3,6,OPTIMAL,11.2392,3,0,0,0,3,0.0,0.0,0.0,11.2392,90,0.5,1,1.0
015_RC101,15,RC,3,7,OPTIMAL,98.2276,3,2,1,1,1,0.6667,78.3236,0.0,19.904,90,0.5,1,1.0
015_RC101,15,RC,3,8,OPTIMAL,56.6859,3,1,1,0,2,0.3333,41.5179,0.0,15.1679,90,0.5,1,1.0
015_RC101,15,RC,3,9,OPTIMAL,10.94,3,0,0,0,3,0.0,0.0,0.0,10.94,90,0.5,1,1.0
015_RC102,15,RC,1,0,OPTIMAL,3.132,1,0,0,0,1,0.0,0.0,0.0,3.132,90,0.5,1,1.0
015_RC102,15,RC,1,1,OPTIMAL,0.6209,1,0,0,0,1,0.0,0.0,0.0,0.6209,90,0.5,1,1.0
015_RC102,15,RC,1,2,OPTIMAL,3.5881,1,0,0,0,1,0.0,0.0,0.0,3.5881,90,0.5,1,1.0
015_RC102,15,RC,1,3,OPTIMAL,0.0007,1,0,0,0,1,0.0,0.0,0.0,0.0007,90,0.5,1,1.0
015_RC102,15,RC,1,4,OPTIMAL,2.5713,1,0,0,0,1,0.0,0.0,0.0,2.5713,90,0.5,1,1.0
015_RC102,15,RC,1,5,OPTIMAL,0.5369,1,0,0,0,1,0.0,0.0,0.0,0.5369,90,0.5,1,1.0
015_RC102,15,RC,1,6,OPTIMAL,0.4014,1,0,0,0,1,0.0,0.0,0.0,0.4014,90,0.5,1,1.0
015_RC102,15,RC,1,7,OPTIMAL,6.9116,1,0,0,0,1,0.0,0.0,0.0,6.9116,90,0.5,1,1.0
015_RC102,15,RC,1,8,OPTIMAL,9.4522,1,0,0,0,1,0.0,0.0,0.0,9.4522,90,0.5,1,1.0
015_RC102,15,RC,1,9,OPTIMAL,31.3437,1,1,1,0,0,1.0,31.3437,0.0,0.0,90,0.5,1,1.0
015_RC102,15,RC,2,0,OPTIMAL,8.0386,2,0,0,0,2,0.0,0.0,0.0,8.0386,90,0.5,1,1.0
015_RC102,15,RC,2,1,OPTIMAL,29.5818,2,1,1,0,1,0.5,28.2878,0.0,1.2941,90,0.5,1,1.0
015_RC102,15,RC,2,2,OPTIMAL,0.5285,2,0,0,0,2,0.0,0.0,0.0,0.5285,90,0.5,1,1.0
015_RC102,15,RC,2,3,OPTIMAL,8.3353,2,0,0,0,2,0.0,0.0,0.0,8.3353,90,0.5,1,1.0
015_RC102,15,RC,2,4,OPTIMAL,38.3779,2,1,1,0,1,0.5,37.2676,0.0,1.1103,90,0.5,1,1.0
015_RC102,15,RC,2,5,OPTIMAL,0.62,2,0,0,0,2,0.0,0.0,0.0,0.62,90,0.5,1,1.0
015_RC102,15,RC,2,6,OPTIMAL,56.6829,2,1,1,0,1,0.5,35.7557,0.0,20.9273,90,0.5,1,1.0
015_RC102,15,RC,2,7,OPTIMAL,1.509,2,0,0,0,2,0.0,0.0,0.0,1.509,90,0.5,1,1.0
015_RC102,15,RC,2,8,OPTIMAL,80.0673,2,2,2,0,0,1.0,80.0673,0.0,0.0,90,0.5,1,1.0
015_RC102,15,RC,2,9,OPTIMAL,16.5008,2,0,0,0,2,0.0,0.0,0.0,16.5008,90,0.5,1,1.0
015_RC102,15,RC,3,0,OPTIMAL,12.9329,3,0,0,0,3,0.0,0.0,0.0,12.9329,90,0.5,1,1.0
015_RC102,15,RC,3,1,OPTIMAL,40.8194,3,1,1,0,2,0.3333,31.7327,0.0,9.0866,90,0.5,1,1.0
015_RC102,15,RC,3,2,OPTIMAL,10.5987,3,0,0,0,3,0.0,0.0,0.0,10.5987,90,0.5,1,1.0
015_RC102,15,RC,3,3,OPTIMAL,69.3737,3,1,1,0,2,0.3333,39.009,0.0,30.3647,90,0.5,1,1.0
015_RC102,15,RC,3,4,OPTIMAL,7.0401,3,0,0,0,3,0.0,0.0,0.0,7.0401,90,0.5,1,1.0
015_RC102,15,RC,3,5,OPTIMAL,15.5605,3,0,0,0,3,0.0,0.0,0.0,15.5605,90,0.5,1,1.0
015_RC102,15,RC,3,6,OPTIMAL,68.2491,3,2,1,1,1,0.6667,68.0691,0.0,0.1799,90,0.5,1,1.0
015_RC102,15,RC,3,7,OPTIMAL,23.6828,3,0,0,0,3,0.0,0.0,0.0,23.6828,90,0.5,1,1.0
015_RC102,15,RC,3,8,OPTIMAL,52.4883,3,1,1,0,2,0.3333,41.5179,0.0,10.9704,90,0.5,1,1.0
015_RC102,15,RC,3,9,OPTIMAL,44.9726,3,1,1,0,2,0.3333,32.352,0.0,12.6206,90,0.5,1,1.0
015_RC103,15,RC,1,0,OPTIMAL,9.2548,1,0,0,0,1,0.0,0.0,0.0,9.2548,90,0.5,1,1.0
015_RC103,15,RC,1,1,OPTIMAL,0.6209,1,0,0,0,1,0.0,0.0,0.0,0.6209,90,0.5,1,1.0
015_RC103,15,RC,1,2,OPTIMAL,3.5881,1,0,0,0,1,0.0,0.0,0.0,3.5881,90,0.5,1,1.0
015_RC103,15,RC,1,3,OPTIMAL,0.0007,1,0,0,0,1,0.0,0.0,0.0,0.0007,90,0.5,1,1.0
015_RC103,15,RC,1,4,OPTIMAL,6.8087,1,0,0,0,1,0.0,0.0,0.0,6.8087,90,0.5,1,1.0
015_RC103,15,RC,1,5,OPTIMAL,0.5369,1,0,0,0,1,0.0,0.0,0.0,0.5369,90,0.5,1,1.0
015_RC103,15,RC,1,6,OPTIMAL,0.4014,1,0,0,0,1,0.0,0.0,0.0,0.4014,90,0.5,1,1.0
015_RC103,15,RC,1,7,OPTIMAL,6.9116,1,0,0,0,1,0.0,0.0,0.0,6.9116,90,0.5,1,1.0
015_RC103,15,RC,1,8,OPTIMAL,18.9044,1,0,0,0,1,0.0,0.0,0.0,18.9044,90,0.5,1,1.0
015_RC103,15,RC,1,9,OPTIMAL,31.3437,1,1,1,0,0,1.0,31.3437,0.0,0.0,90,0.5,1,1.0
015_RC103,15,RC,2,0,OPTIMAL,5.7668,2,0,0,0,2,0.0,0.0,0.0,5.7668,90,0.5,1,1.0
015_RC103,15,RC,2,1,OPTIMAL,29.1854,2,1,1,0,1,0.5,28.2878,0.0,0.8976,90,0.5,1,1.0
015_RC103,15,RC,2,2,OPTIMAL,2.5413,2,0,0,0,2,0.0,0.0,0.0,2.5413,90,0.5,1,1.0
015_RC103,15,RC,2,3,OPTIMAL,8.3353,2,0,0,0,2,0.0,0.0,0.0,8.3353,90,0.5,1,1.0
015_RC103,15,RC,2,4,OPTIMAL,3.5647,2,0,0,0,2,0.0,0.0,0.0,3.5647,90,0.5,1,1.0
015_RC103,15,RC,2,5,OPTIMAL,0.62,2,0,0,0,2,0.0,0.0,0.0,0.62,90,0.5,1,1.0
015_RC103,15,RC,2,6,OPTIMAL,58.2123,2,1,1,0,1,0.5,35.7557,0.0,22.4567,90,0.5,1,1.0
015_RC103,15,RC,2,7,OPTIMAL,1.5285,2,0,0,0,2,0.0,0.0,0.0,1.5285,90,0.5,1,1.0
015_RC103,15,RC,2,8,OPTIMAL,80.0673,2,2,2,0,0,1.0,80.0673,0.0,0.0,90,0.5,1,1.0
015_RC103,15,RC,2,9,OPTIMAL,27.4253,2,0,0,0,2,0.0,0.0,0.0,27.4253,90,0.5,1,1.0
015_RC103,15,RC,3,0,OPTIMAL,47.5632,3,1,0,1,2,0.3333,36.3083,0.0,11.2549,90,0.5,1,1.0
015_RC103,15,RC,3,1,OPTIMAL,77.1489,3,2,2,0,1,0.6667,75.2537,0.0,1.8951,90,0.5,1,1.0
015_RC103,15,RC,3,2,OPTIMAL,8.6558,3,0,0,0,3,0.0,0.0,0.0,8.6558,90,0.5,1,1.0
015_RC103,15,RC,3,3,OPTIMAL,87.1901,3,2,2,0,1,0.6667,85.7856,0.0,1.4045,90,0.5,1,1.0
015_RC103,15,RC,3,4,OPTIMAL,10.0636,3,0,0,0,3,0.0,0.0,0.0,10.0636,90,0.5,1,1.0
015_RC103,15,RC,3,5,OPTIMAL,53.7313,3,1,1,0,2,0.3333,42.6763,0.0,11.055,90,0.5,1,1.0
015_RC103,15,RC,3,6,OPTIMAL,71.686,3,1,1,0,2,0.3333,35.7447,0.0,35.9413,90,0.5,1,1.0
015_RC103,15,RC,3,7,OPTIMAL,20.427,3,0,0,0,3,0.0,0.0,0.0,20.427,90,0.5,1,1.0
015_RC103,15,RC,3,8,OPTIMAL,63.0246,3,1,1,0,2,0.3333,41.5179,0.0,21.5067,90,0.5,1,1.0
015_RC103,15,RC,3,9,OPTIMAL,45.0053,3,1,1,0,2,0.3333,32.352,0.0,12.6533,90,0.5,1,1.0
015_RC104,15,RC,1,0,OPTIMAL,9.396,1,0,0,0,1,0.0,0.0,0.0,9.396,90,0.5,1,1.0
015_RC104,15,RC,1,1,OPTIMAL,0.6209,1,0,0,0,1,0.0,0.0,0.0,0.6209,90,0.5,1,1.0
015_RC104,15,RC,1,2,OPTIMAL,3.5881,1,0,0,0,1,0.0,0.0,0.0,3.5881,90,0.5,1,1.0
015_RC104,15,RC,1,3,OPTIMAL,0.0007,1,0,0,0,1,0.0,0.0,0.0,0.0007,90,0.5,1,1.0
015_RC104,15,RC,1,4,OPTIMAL,37.6796,1,1,0,1,0,1.0,37.6796,0.0,0.0,90,0.5,1,1.0
015_RC104,15,RC,1,5,OPTIMAL,0.5369,1,0,0,0,1,0.0,0.0,0.0,0.5369,90,0.5,1,1.0
015_RC104,15,RC,1,6,OPTIMAL,0.4014,1,0,0,0,1,0.0,0.0,0.0,0.4014,90,0.5,1,1.0
015_RC104,15,RC,1,7,OPTIMAL,6.9116,1,0,0,0,1,0.0,0.0,0.0,6.9116,90,0.5,1,1.0
015_RC104,15,RC,1,8,OPTIMAL,18.9044,1,0,0,0,1,0.0,0.0,0.0,18.9044,90,0.5,1,1.0
015_RC104,15,RC,1,9,OPTIMAL,31.3437,1,1,1,0,0,1.0,31.3437,0.0,0.0,90,0.5,1,1.0
015_RC104,15,RC,2,0,OPTIMAL,15.4138,2,0,0,0,2,0.0,0.0,0.0,15.4138,90,0.5,1,1.0
015_RC104,15,RC,2,1,OPTIMAL,28.9009,2,1,1,0,1,0.5,28.2878,0.0,0.6131,90,0.5,1,1.0
015_RC104,15,RC,2,2,OPTIMAL,35.3529,2,1,1,0,1,0.5,35.2106,0.0,0.1423,90,0.5,1,1.0
015_RC104,15,RC,2,3,OPTIMAL,8.3353,2,0,0,0,2,0.0,0.0,0.0,8.3353,90,0.5,1,1.0
015_RC104,15,RC,2,4,OPTIMAL,38.3779,2,1,1,0,1,0.5,37.2676,0.0,1.1103,90,0.5,1,1.0
015_RC104,15,RC,2,5,OPTIMAL,0.62,2,0,0,0,2,0.0,0.0,0.0,0.62,90,0.5,1,1.0
015_RC104,15,RC,2,6,OPTIMAL,81.8919,2,2,2,0,0,1.0,81.8919,0.0,0.0,90,0.5,1,1.0
015_RC104,15,RC,2,7,OPTIMAL,33.8171,2,1,0,1,1,0.5,32.4739,0.0,1.3433,90,0.5,1,1.0
015_RC104,15,RC,2,8,OPTIMAL,80.0673,2,2,2,0,0,1.0,80.0673,0.0,0.0,90,0.5,1,1.0
015_RC104,15,RC,2,9,OPTIMAL,43.4069,2,1,0,1,1,0.5,42.5458,0.0,0.8611,90,0.5,1,1.0
015_RC104,15,RC,3,0,OPTIMAL,46.7344,3,1,1,0,2,0.3333,36.3083,0.0,10.4261,90,0.5,1,1.0
015_RC104,15,RC,3,1,OPTIMAL,77.1489,3,2,2,0,1,0.6667,75.2537,0.0,1.8951,90,0.5,1,1.0
015_RC104,15,RC,3,2,OPTIMAL,40.6777,3,1,0,1,2,0.3333,35.1384,0.0,5.5392,90,0.5,1,1.0
015_RC104,15,RC,3,3,OPTIMAL,95.142,3,2,2,0,1,0.6667,85.7856,0.0,9.3565,90,0.5,1,1.0
015_RC104,15,RC,3,4,OPTIMAL,7.0401,3,0,0,0,3,0.0,0.0,0.0,7.0401,90,0.5,1,1.0
015_RC104,15,RC,3,5,OPTIMAL,44.9724,3,1,1,0,2,0.3333,42.6763,0.0,2.2961,90,0.5,1,1.0
015_RC104,15,RC,3,6,OPTIMAL,63.7756,3,1,1,0,2,0.3333,35.7447,0.0,28.0309,90,0.5,1,1.0
015_RC104,15,RC,3,7,OPTIMAL,48.9231,3,1,0,1,2,0.3333,34.5161,0.0,14.407,90,0.5,1,1.0
015_RC104,15,RC,3,8,OPTIMAL,52.4883,3,1,1,0,2,0.3333,41.5179,0.0,10.9704,90,0.5,1,1.0
015_RC104,15,RC,3,9,OPTIMAL,45.183,3,1,1,0,2,0.3333,32.352,0.0,12.831,90,0.5,1,1.0
015_RC105,15,RC,1,0,OPTIMAL,12.2638,1,0,0,0,1,0.0,0.0,0.0,12.2638,90,0.5,1,1.0
015_RC105,15,RC,1,1,OPTIMAL,0.6209,1,0,0,0,1,0.0,0.0,0.0,0.6209,90,0.5,1,1.0
015_RC105,15,RC,1,2,OPTIMAL,3.5881,1,0,0,0,1,0.0,0.0,0.0,3.5881,90,0.5,1,1.0
015_RC105,15,RC,1,3,OPTIMAL,0.0007,1,0,0,0,1,0.0,0.0,0.0,0.0007,90,0.5,1,1.0
015_RC105,15,RC,1,4,OPTIMAL,5.455,1,0,0,0,1,0.0,0.0,0.0,5.455,90,0.5,1,1.0
015_RC105,15,RC,1,5,OPTIMAL,0.5369,1,0,0,0,1,0.0,0.0,0.0,0.5369,90,0.5,1,1.0
015_RC105,15,RC,1,6,OPTIMAL,0.4014,1,0,0,0,1,0.0,0.0,0.0,0.4014,90,0.5,1,1.0
015_RC105,15,RC,1,7,OPTIMAL,4.6077,1,0,0,0,1,0.0,0.0,0.0,4.6077,90,0.5,1,1.0
015_RC105,15,RC,1,8,OPTIMAL,16.222,1,0,0,0,1,0.0,0.0,0.0,16.222,90,0.5,1,1.0
015_RC105,15,RC,1,9,OPTIMAL,31.3437,1,1,1,0,0,1.0,31.3437,0.0,0.0,90,0.5,1,1.0
015_RC105,15,RC,2,0,OPTIMAL,18.4014,2,0,0,0,2,0.0,0.0,0.0,18.4014,90,0.5,1,1.0
015_RC105,15,RC,2,1,OPTIMAL,30.9044,2,1,1,0,1,0.5,28.2878,0.0,2.6166,90,0.5,1,1.0
015_RC105,15,RC,2,2,OPTIMAL,0.5285,2,0,0,0,2,0.0,0.0,0.0,0.5285,90,0.5,1,1.0
015_RC105,15,RC,2,3,OPTIMAL,8.3353,2,0,0,0,2,0.0,0.0,0.0,8.3353,90,0.5,1,1.0
015_RC105,15,RC,2,4,OPTIMAL,3.3843,2,0,0,0,2,0.0,0.0,0.0,3.3843,90,0.5,1,1.0
015_RC105,15,RC,2,5,OPTIMAL,0.62,2,0,0,0,2,0.0,0.0,0.0,0.62,90,0.5,1,1.0
015_RC105,15,RC,2,6,OPTIMAL,80.669,2,1,1,0,1,0.5,35.7557,0.0,44.9134,90,0.5,1,1.0
015_RC105,15,RC,2,7,OPTIMAL,1.509,2,0,0,0,2,0.0,0.0,0.0,1.509,90,0.5,1,1.0
015_RC105,15,RC,2,8,OPTIMAL,50.002,2,1,1,0,1,0.5,40.8758,0.0,9.1262,90,0.5,1,1.0
015_RC105,15,RC,2,9,OPTIMAL,15.7231,2,0,0,0,2,0.0,0.0,0.0,15.7231,90,0.5,1,1.0
015_RC105,15,RC,3,0,OPTIMAL,10.423,3,0,0,0,3,0.0,0.0,0.0,10.423,90,0.5,1,1.0
015_RC105,15,RC,3,1,OPTIMAL,6.8276,3,0,0,0,3,0.0,0.0,0.0,6.8276,90,0.5,1,1.0
015_RC105,15,RC,3,2,OPTIMAL,10.5987,3,0,0,0,3,0.0,0.0,0.0,10.5987,90,0.5,1,1.0
015_RC105,15,RC,3,3,OPTIMAL,73.3005,3,1,1,0,2,0.3333,39.009,0.0,34.2915,90,0.5,1,1.0
015_RC105,15,RC,3,4,OPTIMAL,11.6575,3,0,0,0,3,0.0,0.0,0.0,11.6575,90,0.5,1,1.0
015_RC105,15,RC,3,5,OPTIMAL,22.7995,3,0,0,0,3,0.0,0.0,0.0,22.7995,90,0.5,1,1.0
015_RC105,15,RC,3,6,OPTIMAL,40.6684,3,1,1,0,2,0.3333,35.7447,0.0,4.9238,90,0.5,1,1.0
015_RC105,15,RC,3,7,OPTIMAL,90.9555,3,2,1,1,1,0.6667,78.3236,0.0,12.6319,90,0.5,1,1.0
015_RC105,15,RC,3,8,OPTIMAL,50.4422,3,1,1,0,2,0.3333,41.5179,0.0,8.9242,90,0.5,1,1.0
015_RC105,15,RC,3,9,OPTIMAL,13.1348,3,0,0,0,3,0.0,0.0,0.0,13.1348,90,0.5,1,1.0
015_RC106,15,RC,1,0,OPTIMAL,12.2638,1,0,0,0,1,0.0,0.0,0.0,12.2638,90,0.5,1,1.0
015_RC106,15,RC,1,1,OPTIMAL,1.2418,1,0,0,0,1,0.0,0.0,0.0,1.2418,90,0.5,1,1.0
015_RC106,15,RC,1,2,OPTIMAL,2.4662,1,0,0,0,1,0.0,0.0,0.0,2.4662,90,0.5,1,1.0
015_RC106,15,RC,1,3,OPTIMAL,0.0007,1,0,0,0,1,0.0,0.0,0.0,0.0007,90,0.5,1,1.0
015_RC106,15,RC,1,4,OPTIMAL,5.455,1,0,0,0,1,0.0,0.0,0.0,5.455,90,0.5,1,1.0
015_RC106,15,RC,1,5,OPTIMAL,7.0019,1,0,0,0,1,0.0,0.0,0.0,7.0019,90,0.5,1,1.0
015_RC106,15,RC,1,6,OPTIMAL,7.7334,1,0,0,0,1,0.0,0.0,0.0,7.7334,90,0.5,1,1.0
015_RC106,15,RC,1,7,OPTIMAL,8.9701,1,0,0,0,1,0.0,0.0,0.0,8.9701,90,0.5,1,1.0
015_RC106,15,RC,1,8,OPTIMAL,8.109,1,0,0,0,1,0.0,0.0,0.0,8.109,90,0.5,1,1.0
015_RC106,15,RC,1,9,OPTIMAL,0.9657,1,0,0,0,1,0.0,0.0,0.0,0.9657,90,0.5,1,1.0
015_RC106,15,RC,2,0,OPTIMAL,9.5039,2,0,0,0,2,0.0,0.0,0.0,9.5039,90,0.5,1,1.0
015_RC106,15,RC,2,1,OPTIMAL,3.6346,2,0,0,0,2,0.0,0.0,0.0,3.6346,90,0.5,1,1.0
015_RC106,15,RC,2,2,OPTIMAL,4.5263,2,0,0,0,2,0.0,0.0,0.0,4.5263,90,0.5,1,1.0
015_RC106,15,RC,2,3,OPTIMAL,36.9086,2,1,0,1,1,0.5,36.7021,0.0,0.2065,90,0.5,1,1.0
015_RC106,15,RC,2,4,OPTIMAL,15.1261,2,0,0,0,2,0.0,0.0,0.0,15.1261,90,0.5,1,1.0
015_RC106,15,RC,2,5,OPTIMAL,5.8912,2,0,0,0,2,0.0,0.0,0.0,5.8912,90,0.5,1,1.0
015_RC106,15,RC,2,6,OPTIMAL,45.2001,2,0,0,0,2,0.0,0.0,0.0,45.2001,90,0.5,1,1.0
015_RC106,15,RC,2,7,OPTIMAL,0.6055,2,0,0,0,2,0.0,0.0,0.0,0.6055,90,0.5,1,1.0
015_RC106,15,RC,2,8,OPTIMAL,41.3014,2,1,1,0,1,0.5,40.8758,0.0,0.4255,90,0.5,1,1.0
015_RC106,15,RC,2,9,OPTIMAL,16.2138,2,0,0,0,2,0.0,0.0,0.0,16.2138,90,0.5,1,1.0
015_RC106,15,RC,3,0,OPTIMAL,56.0641,3,1,1,0,2,0.3333,41.5368,0.0,14.5273,90,0.5,1,1.0
015_RC106,15,RC,3,1,OPTIMAL,69.9565,3,2,2,0,1,0.6667,65.1621,0.0,4.7943,90,0.5,1,1.0
015_RC106,15,RC,3,2,OPTIMAL,17.8427,3,0,0,0,3,0.0,0.0,0.0,17.8427,90,0.5,1,1.0
015_RC106,15,RC,3,3,OPTIMAL,24.1287,3,0,0,0,3,0.0,0.0,0.0,24.1287,90,0.5,1,1.0
015_RC106,15,RC,3,4,OPTIMAL,15.1407,3,0,0,0,3,0.0,0.0,0.0,15.1407,90,0.5,1,1.0
015_RC106,15,RC,3,5,OPTIMAL,52.8508,3,1,0,1,2,0.3333,37.2262,0.0,15.6247,90,0.5,1,1.0
015_RC106,15,RC,3,6,OPTIMAL,11.2992,3,0,0,0,3,0.0,0.0,0.0,11.2992,90,0.5,1,1.0
015_RC106,15,RC,3,7,OPTIMAL,78.5432,3,1,1,0,2,0.3333,43.8075,0.0,34.7357,90,0.5,1,1.0
015_RC106,15,RC,3,8,OPTIMAL,57.655,3,1,1,0,2,0.3333,41.5179,0.0,16.1371,90,0.5,1,1.0
015_RC106,15,RC,3,9,OPTIMAL,42.6936,3,1,1,0,2,0.3333,32.352,0.0,10.3416,90,0.5,1,1.0
015_RC107,15,RC,1,0,OPTIMAL,16.3517,1,0,0,0,1,0.0,0.0,0.0,16.3517,90,0.5,1,1.0
015_RC107,15,RC,1,1,OPTIMAL,1.137,1,0,0,0,1,0.0,0.0,0.0,1.137,90,0.5,1,1.0
015_RC107,15,RC,1,2,OPTIMAL,0.2764,1,0,0,0,1,0.0,0.0,0.0,0.2764,90,0.5,1,1.0
015_RC107,15,RC,1,3,OPTIMAL,36.0642,1,1,0,1,0,1.0,36.0642,0.0,0.0,90,0.5,1,1.0
015_RC107,15,RC,1,4,OPTIMAL,5.455,1,0,0,0,1,0.0,0.0,0.0,5.455,90,0.5,1,1.0
015_RC107,15,RC,1,5,OPTIMAL,1.0738,1,0,0,0,1,0.0,0.0,0.0,1.0738,90,0.5,1,1.0
015_RC107,15,RC,1,6,OPTIMAL,0.8029,1,0,0,0,1,0.0,0.0,0.0,0.8029,90,0.5,1,1.0
015_RC107,15,RC,1,7,OPTIMAL,8.9701,1,0,0,0,1,0.0,0.0,0.0,8.9701,90,0.5,1,1.0
015_RC107,15,RC,1,8,OPTIMAL,8.109,1,0,0,0,1,0.0,0.0,0.0,8.109,90,0.5,1,1.0
015_RC107,15,RC,1,9,OPTIMAL,0.0014,1,0,0,0,1,0.0,0.0,0.0,0.0014,90,0.5,1,1.0
015_RC107,15,RC,2,0,OPTIMAL,6.0066,2,0,0,0,2,0.0,0.0,0.0,6.0066,90,0.5,1,1.0
015_RC107,15,RC,2,1,OPTIMAL,3.6281,2,0,0,0,2,0.0,0.0,0.0,3.6281,90,0.5,1,1.0
015_RC107,15,RC,2,2,OPTIMAL,0.3409,2,0,0,0,2,0.0,0.0,0.0,0.3409,90,0.5,1,1.0
015_RC107,15,RC,2,3,OPTIMAL,35.4052,2,1,0,1,1,0.5,35.2447,0.0,0.1605,90,0.5,1,1.0
015_RC107,15,RC,2,4,OPTIMAL,40.5984,2,1,1,0,1,0.5,37.2676,0.0,3.3308,90,0.5,1,1.0
015_RC107,15,RC,2,5,OPTIMAL,0.9763,2,0,0,0,2,0.0,0.0,0.0,0.9763,90,0.5,1,1.0
015_RC107,15,RC,2,6,OPTIMAL,46.4034,2,1,1,0,1,0.5,46.1362,0.0,0.2672,90,0.5,1,1.0
015_RC107,15,RC,2,7,OPTIMAL,6.1721,2,0,0,0,2,0.0,0.0,0.0,6.1721,90,0.5,1,1.0
015_RC107,15,RC,2,8,OPTIMAL,40.9927,2,1,1,0,1,0.5,40.8758,0.0,0.1168,90,0.5,1,1.0
015_RC107,15,RC,2,9,OPTIMAL,16.2138,2,0,0,0,2,0.0,0.0,0.0,16.2138,90,0.5,1,1.0
015_RC107,15,RC,3,0,OPTIMAL,46.3419,3,1,1,0,2,0.3333,41.5368,0.0,4.8051,90,0.5,1,1.0
015_RC107,15,RC,3,1,OPTIMAL,68.1448,3,2,2,0,1,0.6667,65.1621,0.0,2.9827,90,0.5,1,1.0
015_RC107,15,RC,3,2,OPTIMAL,8.6337,3,0,0,0,3,0.0,0.0,0.0,8.6337,90,0.5,1,1.0
015_RC107,15,RC,3,3,OPTIMAL,17.3651,3,0,0,0,3,0.0,0.0,0.0,17.3651,90,0.5,1,1.0
015_RC107,15,RC,3,4,OPTIMAL,39.1421,3,1,1,0,2,0.3333,34.6557,0.0,4.4864,90,0.5,1,1.0
015_RC107,15,RC,3,5,OPTIMAL,52.7776,3,1,1,0,2,0.3333,37.2262,0.0,15.5514,90,0.5,1,1.0
015_RC107,15,RC,3,6,OPTIMAL,46.6923,3,1,0,1,2,0.3333,32.3245,0.0,14.3678,90,0.5,1,1.0
015_RC107,15,RC,3,7,OPTIMAL,90.827,3,2,1,1,1,0.6667,83.4112,0.0,7.4158,90,0.5,1,1.0
015_RC107,15,RC,3,8,OPTIMAL,57.433,3,1,1,0,2,0.3333,41.5179,0.0,15.9151,90,0.5,1,1.0
015_RC107,15,RC,3,9,OPTIMAL,43.5312,3,1,1,0,2,0.3333,32.352,0.0,11.1792,90,0.5,1,1.0
015_RC108,15,RC,1,0,OPTIMAL,9.9233,1,0,0,0,1,0.0,0.0,0.0,9.9233,90,0.5,1,1.0
015_RC108,15,RC,1,1,OPTIMAL,1.137,1,0,0,0,1,0.0,0.0,0.0,1.137,90,0.5,1,1.0
015_RC108,15,RC,1,2,OPTIMAL,17.5314,1,0,0,0,1,0.0,0.0,0.0,17.5314,90,0.5,1,1.0
015_RC108,15,RC,1,3,OPTIMAL,9.6692,1,0,0,0,1,0.0,0.0,0.0,9.6692,90,0.5,1,1.0
015_RC108,15,RC,1,4,OPTIMAL,10.9101,1,0,0,0,1,0.0,0.0,0.0,10.9101,90,0.5,1,1.0
015_RC108,15,RC,1,5,OPTIMAL,34.7012,1,1,0,1,0,1.0,34.7012,0.0,0.0,90,0.5,1,1.0
015_RC108,15,RC,1,6,OPTIMAL,1.971,1,0,0,0,1,0.0,0.0,0.0,1.971,90,0.5,1,1.0
015_RC108,15,RC,1,7,OPTIMAL,5.3106,1,0,0,0,1,0.0,0.0,0.0,5.3106,90,0.5,1,1.0
015_RC108,15,RC,1,8,OPTIMAL,0.1487,1,0,0,0,1,0.0,0.0,0.0,0.1487,90,0.5,1,1.0
015_RC108,15,RC,1,9,OPTIMAL,0.9657,1,0,0,0,1,0.0,0.0,0.0,0.9657,90,0.5,1,1.0
015_RC108,15,RC,2,0,OPTIMAL,4.6403,2,0,0,0,2,0.0,0.0,0.0,4.6403,90,0.5,1,1.0
015_RC108,15,RC,2,1,OPTIMAL,3.6346,2,0,0,0,2,0.0,0.0,0.0,3.6346,90,0.5,1,1.0
015_RC108,15,RC,2,2,OPTIMAL,32.3633,2,1,0,1,1,0.5,32.2476,0.0,0.1157,90,0.5,1,1.0
015_RC108,15,RC,2,3,OPTIMAL,35.3517,2,1,1,0,1,0.5,35.2447,0.0,0.107,90,0.5,1,1.0
015_RC108,15,RC,2,4,OPTIMAL,2.7873,2,0,0,0,2,0.0,0.0,0.0,2.7873,90,0.5,1,1.0
015_RC108,15,RC,2,5,OPTIMAL,36.7781,2,1,1,0,1,0.5,32.6033,0.0,4.1748,90,0.5,1,1.0
015_RC108,15,RC,2,6,OPTIMAL,46.235,2,0,0,0,2,0.0,0.0,0.0,46.235,90,0.5,1,1.0
015_RC108,15,RC,2,7,OPTIMAL,6.3378,2,0,0,0,2,0.0,0.0,0.0,6.3378,90,0.5,1,1.0
015_RC108,15,RC,2,8,OPTIMAL,41.3014,2,1,1,0,1,0.5,40.8758,0.0,0.4255,90,0.5,1,1.0
015_RC108,15,RC,2,9,OPTIMAL,33.3657,2,0,0,0,2,0.0,0.0,0.0,33.3657,90,0.5,1,1.0
015_RC108,15,RC,3,0,OPTIMAL,51.0931,3,1,0,1,2,0.3333,36.3083,0.0,14.7848,90,0.5,1,1.0
015_RC108,15,RC,3,1,OPTIMAL,71.7439,3,2,2,0,1,0.6667,65.1621,0.0,6.5818,90,0.5,1,1.0
015_RC108,15,RC,3,2,OPTIMAL,49.2122,3,1,1,0,2,0.3333,37.6541,0.0,11.5582,90,0.5,1,1.0
015_RC108,15,RC,3,3,OPTIMAL,52.631,3,0,0,0,3,0.0,0.0,0.0,52.631,90,0.5,1,1.0
015_RC108,15,RC,3,4,OPTIMAL,41.0801,3,1,1,0,2,0.3333,34.6557,0.0,6.4244,90,0.5,1,1.0
015_RC108,15,RC,3,5,OPTIMAL,43.068,3,1,1,0,2,0.3333,42.6763,0.0,0.3917,90,0.5,1,1.0
015_RC108,15,RC,3,6,OPTIMAL,6.1216,3,0,0,0,3,0.0,0.0,0.0,6.1216,90,0.5,1,1.0
015_RC108,15,RC,3,7,OPTIMAL,67.587,3,1,1,0,2,0.3333,43.8075,0.0,23.7796,90,0.5,1,1.0
015_RC108,15,RC,3,8,OPTIMAL,68.9384,3,1,1,0,2,0.3333,41.5179,0.0,27.4205,90,0.5,1,1.0
015_RC108,15,RC,3,9,OPTIMAL,75.5957,3,2,2,0,1,0.6667,74.261,0.0,1.3347,90,0.5,1,1.0
015_RC201,15,RC,1,0,OPTIMAL,45.7818,1,1,1,0,0,1.0,45.7818,0.0,0.0,90,0.5,1,1.0
015_RC201,15,RC,1,1,OPTIMAL,0.6209,1,0,0,0,1,0.0,0.0,0.0,0.6209,90,0.5,1,1.0
015_RC201,15,RC,1,2,OPTIMAL,34.817,1,1,0,1,0,1.0,34.817,0.0,0.0,90,0.5,1,1.0
015_RC201,15,RC,1,3,OPTIMAL,36.0642,1,1,1,0,0,1.0,36.0642,0.0,0.0,90,0.5,1,1.0
015_RC201,15,RC,1,4,OPTIMAL,37.6796,1,1,1,0,0,1.0,37.6796,0.0,0.0,90,0.5,1,1.0
015_RC201,15,RC,1,5,OPTIMAL,0.5369,1,0,0,0,1,0.0,0.0,0.0,0.5369,90,0.5,1,1.0
015_RC201,15,RC,1,6,OPTIMAL,30.9084,1,1,1,0,0,1.0,30.9084,0.0,0.0,90,0.5,1,1.0
015_RC201,15,RC,1,7,OPTIMAL,40.6956,1,1,1,0,0,1.0,40.6956,0.0,0.0,90,0.5,1,1.0
015_RC201,15,RC,1,8,OPTIMAL,31.4398,1,1,1,0,0,1.0,31.4398,0.0,0.0,90,0.5,1,1.0
015_RC201,15,RC,1,9,OPTIMAL,0.9657,1,0,0,0,1,0.0,0.0,0.0,0.9657,90,0.5,1,1.0
015_RC201,15,RC,2,0,OPTIMAL,43.4681,2,1,1,0,1,0.5,32.7429,0.0,10.7253,90,0.5,1,1.0
015_RC201,15,RC,2,1,OPTIMAL,44.2307,2,1,1,0,1,0.5,43.2127,0.0,1.018,90,0.5,1,1.0
015_RC201,15,RC,2,2,OPTIMAL,35.3529,2,1,1,0,1,0.5,35.2106,0.0,0.1423,90,0.5,1,1.0
015_RC201,15,RC,2,3,OPTIMAL,36.9086,2,1,1,0,1,0.5,36.7021,0.0,0.2065,90,0.5,1,1.0
015_RC201,15,RC,2,4,OPTIMAL,70.0969,2,2,1,1,0,1.0,70.0969,0.0,0.0,90,0.5,1,1.0
015_RC201,15,RC,2,5,OPTIMAL,31.563,2,1,1,0,1,0.5,31.5586,0.0,0.0044,90,0.5,1,1.0
015_RC201,15,RC,2,6,OPTIMAL,81.8919,2,2,2,0,0,1.0,81.8919,0.0,0.0,90,0.5,1,1.0
015_RC201,15,RC,2,7,OPTIMAL,66.1206,2,2,2,0,0,1.0,66.1206,0.0,0.0,90,0.5,1,1.0
015_RC201,15,RC,2,8,OPTIMAL,80.0673,2,2,2,0,0,1.0,80.0673,0.0,0.0,90,0.5,1,1.0
015_RC201,15,RC,2,9,OPTIMAL,53.452,2,1,1,0,1,0.5,37.8123,0.0,15.6397,90,0.5,1,1.0
015_RC201,15,RC,3,0,OPTIMAL,108.5304,3,3,3,0,0,1.0,108.5304,0.0,0.0,90,0.5,1,1.0
015_RC201,15,RC,3,1,OPTIMAL,68.1448,3,2,2,0,1,0.6667,65.1621,0.0,2.9827,90,0.5,1,1.0
015_RC201,15,RC,3,2,OPTIMAL,45.4452,3,1,1,0,2,0.3333,35.1384,0.0,10.3068,90,0.5,1,1.0
015_RC201,15,RC,3,3,OPTIMAL,49.6376,3,1,1,0,2,0.3333,39.009,0.0,10.6286,90,0.5,1,1.0
015_RC201,15,RC,3,4,OPTIMAL,38.2695,3,1,1,0,2,0.3333,34.6557,0.0,3.6138,90,0.5,1,1.0
015_RC201,15,RC,3,5,OPTIMAL,82.1895,3,2,2,0,1,0.6667,79.9025,0.0,2.287,90,0.5,1,1.0
015_RC201,15,RC,3,6,OPTIMAL,68.0778,3,2,0,2,1,0.6667,66.6274,0.0,1.4504,90,0.5,1,1.0
015_RC201,15,RC,3,7,OPTIMAL,117.9273,3,3,3,0,0,1.0,117.9273,0.0,0.0,90,0.5,1,1.0
015_RC201,15,RC,3,8,OPTIMAL,89.6563,3,2,2,0,1,0.6667,75.6794,0.0,13.9769,90,0.5,1,1.0
015_RC201,15,RC,3,9,OPTIMAL,74.7582,3,2,2,0,1,0.6667,65.3586,0.0,9.3996,90,0.5,1,1.0
015_RC202,15,RC,1,0,OPTIMAL,45.7818,1,1,1,0,0,1.0,45.7818,0.0,0.0,90,0.5,1,1.0
015_RC202,15,RC,1,1,OPTIMAL,29.9838,1,1,0,1,0,1.0,29.9838,0.0,0.0,90,0.5,1,1.0
015_RC202,15,RC,1,2,OPTIMAL,34.817,1,1,0,1,0,1.0,34.817,0.0,0.0,90,0.5,1,1.0
015_RC202,15,RC,1,3,OPTIMAL,36.0642,1,1,1,0,0,1.0,36.0642,0.0,0.0,90,0.5,1,1.0
015_RC202,15,RC,1,4,OPTIMAL,37.6796,1,1,1,0,0,1.0,37.6796,0.0,0.0,90,0.5,1,1.0
015_RC202,15,RC,1,5,OPTIMAL,34.7012,1,1,0,1,0,1.0,34.7012,0.0,0.0,90,0.5,1,1.0
015_RC202,15,RC,1,6,OPTIMAL,30.9084,1,1,1,0,0,1.0,30.9084,0.0,0.0,90,0.5,1,1.0
015_RC202,15,RC,1,7,OPTIMAL,40.6956,1,1,1,0,0,1.0,40.6956,0.0,0.0,90,0.5,1,1.0
015_RC202,15,RC,1,8,OPTIMAL,27.7227,1,0,0,0,1,0.0,0.0,0.0,27.7227,90,0.5,1,1.0
015_RC202,15,RC,1,9,OPTIMAL,31.3437,1,1,1,0,0,1.0,31.3437,0.0,0.0,90,0.5,1,1.0
015_RC202,15,RC,2,0,OPTIMAL,43.4681,2,1,1,0,1,0.5,32.7429,0.0,10.7253,90,0.5,1,1.0
015_RC202,15,RC,2,1,OPTIMAL,71.5005,2,2,2,0,0,1.0,71.5005,0.0,0.0,90,0.5,1,1.0
015_RC202,15,RC,2,2,OPTIMAL,67.4582,2,2,1,1,0,1.0,67.4582,0.0,0.0,90,0.5,1,1.0
015_RC202,15,RC,2,3,OPTIMAL,71.9468,2,2,1,1,0,1.0,71.9468,0.0,0.0,90,0.5,1,1.0
015_RC202,15,RC,2,4,OPTIMAL,70.0969,2,2,1,1,0,1.0,70.0969,0.0,0.0,90,0.5,1,1.0
015_RC202,15,RC,2,5,OPTIMAL,64.1619,2,2,1,1,0,1.0,64.1619,0.0,0.0,90,0.5,1,1.0
015_RC202,15,RC,2,6,OPTIMAL,81.8919,2,2,2,0,0,1.0,81.8919,0.0,0.0,90,0.5,1,1.0
015_RC202,15,RC,2,7,OPTIMAL,66.1206,2,2,2,0,0,1.0,66.1206,0.0,0.0,90,0.5,1,1.0
015_RC202,15,RC,2,8,OPTIMAL,80.0673,2,2,2,0,0,1.0,80.0673,0.0,0.0,90,0.5,1,1.0
015_RC202,15,RC,2,9,OPTIMAL,53.452,2,1,1,0,1,0.5,37.8123,0.0,15.6397,90,0.5,1,1.0
015_RC202,15,RC,3,0,OPTIMAL,108.5304,3,3,3,0,0,1.0,108.5304,0.0,0.0,90,0.5,1,1.0
015_RC202,15,RC,3,1,OPTIMAL,68.1448,3,2,2,0,1,0.6667,65.1621,0.0,2.9827,90,0.5,1,1.0
015_RC202,15,RC,3,2,OPTIMAL,103.4439,3,3,2,1,0,1.0,103.4439,0.0,0.0,90,0.5,1,1.0
015_RC202,15,RC,3,3,OPTIMAL,83.3365,3,2,2,0,1,0.6667,75.8267,0.0,7.5098,90,0.5,1,1.0
015_RC202,15,RC,3,4,OPTIMAL,42.3124,3,1,1,0,2,0.3333,34.6557,0.0,7.6567,90,0.5,1,1.0
015_RC202,15,RC,3,5,OPTIMAL,108.992,3,3,2,1,0,1.0,108.992,0.0,0.0,90,0.5,1,1.0
015_RC202,15,RC,3,6,OPTIMAL,102.3721,3,3,1,2,0,1.0,102.3721,0.0,0.0,90,0.5,1,1.0
015_RC202,15,RC,3,7,OPTIMAL,77.7549,3,2,2,0,1,0.6667,74.1198,0.0,3.6351,90,0.5,1,1.0
015_RC202,15,RC,3,8,OPTIMAL,62.2166,3,1,1,0,2,0.3333,41.5179,0.0,20.6987,90,0.5,1,1.0
015_RC202,15,RC,3,9,OPTIMAL,107.2676,3,3,3,0,0,1.0,107.2676,0.0,0.0,90,0.5,1,1.0
015_RC203,15,RC,1,0,OPTIMAL,45.7818,1,1,1,0,0,1.0,45.7818,0.0,0.0,90,0.5,1,1.0
015_RC203,15,RC,1,1,OPTIMAL,0.6209,1,0,0,0,1,0.0,0.0,0.0,0.6209,90,0.5,1,1.0
015_RC203,15,RC,1,2,OPTIMAL,34.817,1,1,1,0,0,1.0,34.817,0.0,0.0,90,0.5,1,1.0
015_RC203,15,RC,1,3,OPTIMAL,36.0642,1,1,1,0,0,1.0,36.0642,0.0,0.0,90,0.5,1,1.0
015_RC203,15,RC,1,4,OPTIMAL,37.6796,1,1,1,0,0,1.0,37.6796,0.0,0.0,90,0.5,1,1.0
015_RC203,15,RC,1,5,OPTIMAL,34.7012,1,1,0,1,0,1.0,34.7012,0.0,0.0,90,0.5,1,1.0
015_RC203,15,RC,1,6,OPTIMAL,30.9084,1,1,1,0,0,1.0,30.9084,0.0,0.0,90,0.5,1,1.0
015_RC203,15,RC,1,7,OPTIMAL,40.6956,1,1,1,0,0,1.0,40.6956,0.0,0.0,90,0.5,1,1.0
015_RC203,15,RC,1,8,OPTIMAL,31.4398,1,1,0,1,0,1.0,31.4398,0.0,0.0,90,0.5,1,1.0
015_RC203,15,RC,1,9,OPTIMAL,31.3437,1,1,1,0,0,1.0,31.3437,0.0,0.0,90,0.5,1,1.0
015_RC203,15,RC,2,0,OPTIMAL,77.509,2,2,2,0,0,1.0,77.509,0.0,0.0,90,0.5,1,1.0
015_RC203,15,RC,2,1,OPTIMAL,71.5005,2,2,2,0,0,1.0,71.5005,0.0,0.0,90,0.5,1,1.0
015_RC203,15,RC,2,2,OPTIMAL,67.4582,2,2,1,1,0,1.0,67.4582,0.0,0.0,90,0.5,1,1.0
015_RC203,15,RC,2,3,OPTIMAL,71.9468,2,2,1,1,0,1.0,71.9468,0.0,0.0,90,0.5,1,1.0
015_RC203,15,RC,2,4,OPTIMAL,70.0969,2,2,2,0,0,1.0,70.0969,0.0,0.0,90,0.5,1,1.0
015_RC203,15,RC,2,5,OPTIMAL,64.1619,2,2,1,1,0,1.0,64.1619,0.0,0.0,90,0.5,1,1.0
015_RC203,15,RC,2,6,OPTIMAL,81.8919,2,2,2,0,0,1.0,81.8919,0.0,0.0,90,0.5,1,1.0
015_RC203,15,RC,2,7,OPTIMAL,66.1206,2,2,2,0,0,1.0,66.1206,0.0,0.0,90,0.5,1,1.0
015_RC203,15,RC,2,8,OPTIMAL,80.0673,2,2,2,0,0,1.0,80.0673,0.0,0.0,90,0.5,1,1.0
015_RC203,15,RC,2,9,OPTIMAL,80.3581,2,2,2,0,0,1.0,80.3581,0.0,0.0,90,0.5,1,1.0
015_RC203,15,RC,3,0,OPTIMAL,108.5304,3,3,3,0,0,1.0,108.5304,0.0,0.0,90,0.5,1,1.0
015_RC203,15,RC,3,1,OPTIMAL,108.6831,3,3,3,0,0,1.0,108.6831,0.0,0.0,90,0.5,1,1.0
015_RC203,15,RC,3,2,OPTIMAL,103.4439,3,3,2,1,0,1.0,103.4439,0.0,0.0,90,0.5,1,1.0
015_RC203,15,RC,3,3,OPTIMAL,122.6033,3,3,3,0,0,1.0,122.6033,0.0,0.0,90,0.5,1,1.0
015_RC203,15,RC,3,4,OPTIMAL,43.6783,3,1,1,0,2,0.3333,34.6557,0.0,9.0226,90,0.5,1,1.0
015_RC203,15,RC,3,5,OPTIMAL,82.1895,3,2,2,0,1,0.6667,79.9025,0.0,2.287,90,0.5,1,1.0
015_RC203,15,RC,3,6,OPTIMAL,102.3721,3,3,1,2,0,1.0,102.3721,0.0,0.0,90,0.5,1,1.0
015_RC203,15,RC,3,7,OPTIMAL,74.4991,3,2,2,0,1,0.6667,74.1198,0.0,0.3793,90,0.5,1,1.0
015_RC203,15,RC,3,8,OPTIMAL,56.643,3,1,1,0,2,0.3333,41.5179,0.0,15.1251,90,0.5,1,1.0
015_RC203,15,RC,3,9,OPTIMAL,107.2676,3,3,3,0,0,1.0,107.2676,0.0,0.0,90,0.5,1,1.0
015_RC204,15,RC,1,0,OPTIMAL,45.7818,1,1,1,0,0,1.0,45.7818,0.0,0.0,90,0.5,1,1.0
015_RC204,15,RC,1,1,OPTIMAL,0.6209,1,0,0,0,1,0.0,0.0,0.0,0.6209,90,0.5,1,1.0
015_RC204,15,RC,1,2,OPTIMAL,34.817,1,1,1,0,0,1.0,34.817,0.0,0.0,90,0.5,1,1.0
015_RC204,15,RC,1,3,OPTIMAL,36.0642,1,1,1,0,0,1.0,36.0642,0.0,0.0,90,0.5,1,1.0
015_RC204,15,RC,1,4,OPTIMAL,37.6796,1,1,1,0,0,1.0,37.6796,0.0,0.0,90,0.5,1,1.0
015_RC204,15,RC,1,5,OPTIMAL,34.7012,1,1,0,1,0,1.0,34.7012,0.0,0.0,90,0.5,1,1.0
015_RC204,15,RC,1,6,OPTIMAL,30.9084,1,1,1,0,0,1.0,30.9084,0.0,0.0,90,0.5,1,1.0
015_RC204,15,RC,1,7,OPTIMAL,40.6956,1,1,1,0,0,1.0,40.6956,0.0,0.0,90,0.5,1,1.0
015_RC204,15,RC,1,8,OPTIMAL,18.9044,1,0,0,0,1,0.0,0.0,0.0,18.9044,90,0.5,1,1.0
015_RC204,15,RC,1,9,OPTIMAL,31.3437,1,1,1,0,0,1.0,31.3437,0.0,0.0,90,0.5,1,1.0
015_RC204,15,RC,2,0,OPTIMAL,77.509,2,2,2,0,0,1.0,77.509,0.0,0.0,90,0.5,1,1.0
015_RC204,15,RC,2,1,OPTIMAL,71.5005,2,2,2,0,0,1.0,71.5005,0.0,0.0,90,0.5,1,1.0
015_RC204,15,RC,2,2,OPTIMAL,67.4582,2,2,1,1,0,1.0,67.4582,0.0,0.0,90,0.5,1,1.0
015_RC204,15,RC,2,3,OPTIMAL,71.9468,2,2,1,1,0,1.0,71.9468,0.0,0.0,90,0.5,1,1.0
015_RC204,15,RC,2,4,OPTIMAL,70.0969,2,2,2,0,0,1.0,70.0969,0.0,0.0,90,0.5,1,1.0
015_RC204,15,RC,2,5,OPTIMAL,64.1619,2,2,1,1,0,1.0,64.1619,0.0,0.0,90,0.5,1,1.0
015_RC204,15,RC,2,6,OPTIMAL,81.8919,2,2,2,0,0,1.0,81.8919,0.0,0.0,90,0.5,1,1.0
015_RC204,15,RC,2,7,OPTIMAL,66.1206,2,2,2,0,0,1.0,66.1206,0.0,0.0,90,0.5,1,1.0
015_RC204,15,RC,2,8,OPTIMAL,80.0673,2,2,2,0,0,1.0,80.0673,0.0,0.0,90,0.5,1,1.0
015_RC204,15,RC,2,9,OPTIMAL,80.3581,2,2,2,0,0,1.0,80.3581,0.0,0.0,90,0.5,1,1.0
015_RC204,15,RC,3,0,OPTIMAL,108.5304,3,3,3,0,0,1.0,108.5304,0.0,0.0,90,0.5,1,1.0
015_RC204,15,RC,3,1,OPTIMAL,108.6831,3,3,3,0,0,1.0,108.6831,0.0,0.0,90,0.5,1,1.0
015_RC204,15,RC,3,2,OPTIMAL,103.4439,3,3,2,1,0,1.0,103.4439,0.0,0.0,90,0.5,1,1.0
015_RC204,15,RC,3,3,OPTIMAL,122.6033,3,3,2,1,0,1.0,122.6033,0.0,0.0,90,0.5,1,1.0
015_RC204,15,RC,3,4,OPTIMAL,44.5901,3,1,1,0,2,0.3333,34.6557,0.0,9.9344,90,0.5,1,1.0
015_RC204,15,RC,3,5,OPTIMAL,82.1895,3,2,2,0,1,0.6667,79.9025,0.0,2.287,90,0.5,1,1.0
015_RC204,15,RC,3,6,OPTIMAL,102.3721,3,3,1,2,0,1.0,102.3721,0.0,0.0,90,0.5,1,1.0
015_RC204,15,RC,3,7,OPTIMAL,81.2815,3,2,2,0,1,0.6667,74.1198,0.0,7.1617,90,0.5,1,1.0
015_RC204,15,RC,3,8,OPTIMAL,80.2183,3,2,2,0,1,0.6667,79.0701,0.0,1.1483,90,0.5,1,1.0
015_RC204,15,RC,3,9,OPTIMAL,107.2676,3,3,3,0,0,1.0,107.2676,0.0,0.0,90,0.5,1,1.0
015_RC205,15,RC,1,0,OPTIMAL,45.7818,1,1,1,0,0,1.0,45.7818,0.0,0.0,90,0.5,1,1.0
015_RC205,15,RC,1,1,OPTIMAL,29.9838,1,1,1,0,0,1.0,29.9838,0.0,0.0,90,0.5,1,1.0
015_RC205,15,RC,1,2,OPTIMAL,34.817,1,1,1,0,0,1.0,34.817,0.0,0.0,90,0.5,1,1.0
015_RC205,15,RC,1,3,OPTIMAL,36.0642,1,1,1,0,0,1.0,36.0642,0.0,0.0,90,0.5,1,1.0
015_RC205,15,RC,1,4,OPTIMAL,5.455,1,0,0,0,1,0.0,0.0,0.0,5.455,90,0.5,1,1.0
015_RC205,15,RC,1,5,OPTIMAL,34.7012,1,1,1,0,0,1.0,34.7012,0.0,0.0,90,0.5,1,1.0
015_RC205,15,RC,1,6,OPTIMAL,30.9084,1,1,1,0,0,1.0,30.9084,0.0,0.0,90,0.5,1,1.0
015_RC205,15,RC,1,7,OPTIMAL,40.6956,1,1,1,0,0,1.0,40.6956,0.0,0.0,90,0.5,1,1.0
015_RC205,15,RC,1,8,OPTIMAL,9.4522,1,0,0,0,1,0.0,0.0,0.0,9.4522,90,0.5,1,1.0
015_RC205,15,RC,1,9,OPTIMAL,31.3437,1,1,1,0,0,1.0,31.3437,0.0,0.0,90,0.5,1,1.0
015_RC205,15,RC,2,0,OPTIMAL,77.509,2,2,2,0,0,1.0,77.509,0.0,0.0,90,0.5,1,1.0
015_RC205,15,RC,2,1,OPTIMAL,45.497,2,1,1,0,1,0.5,43.2127,0.0,2.2843,90,0.5,1,1.0
015_RC205,15,RC,2,2,OPTIMAL,67.4582,2,2,2,0,0,1.0,67.4582,0.0,0.0,90,0.5,1,1.0
015_RC205,15,RC,2,3,OPTIMAL,36.9086,2,1,1,0,1,0.5,36.7021,0.0,0.2065,90,0.5,1,1.0
015_RC205,15,RC,2,4,OPTIMAL,33.7059,2,1,1,0,1,0.5,32.8292,0.0,0.8767,90,0.5,1,1.0
015_RC205,15,RC,2,5,OPTIMAL,31.563,2,1,1,0,1,0.5,31.5586,0.0,0.0044,90,0.5,1,1.0
015_RC205,15,RC,2,6,OPTIMAL,58.7298,2,1,1,0,1,0.5,35.7557,0.0,22.9741,90,0.5,1,1.0
015_RC205,15,RC,2,7,OPTIMAL,33.8125,2,1,1,0,1,0.5,33.6468,0.0,0.1657,90,0.5,1,1.0
015_RC205,15,RC,2,8,OPTIMAL,45.4389,2,1,1,0,1,0.5,40.8758,0.0,4.5631,90,0.5,1,1.0
015_RC205,15,RC,2,9,OPTIMAL,80.3581,2,2,2,0,0,1.0,80.3581,0.0,0.0,90,0.5,1,1.0
015_RC205,15,RC,3,0,OPTIMAL,108.5304,3,3,3,0,0,1.0,108.5304,0.0,0.0,90,0.5,1,1.0
015_RC205,15,RC,3,1,OPTIMAL,108.6831,3,3,3,0,0,1.0,108.6831,0.0,0.0,90,0.5,1,1.0
015_RC205,15,RC,3,2,OPTIMAL,74.0655,3,2,2,0,1,0.6667,72.7925,0.0,1.273,90,0.5,1,1.0
015_RC205,15,RC,3,3,OPTIMAL,122.6033,3,3,3,0,0,1.0,122.6033,0.0,0.0,90,0.5,1,1.0
015_RC205,15,RC,3,4,OPTIMAL,67.4687,3,2,1,1,1,0.6667,64.1518,0.0,3.3169,90,0.5,1,1.0
015_RC205,15,RC,3,5,OPTIMAL,45.6375,3,1,1,0,2,0.3333,42.6763,0.0,2.9612,90,0.5,1,1.0
015_RC205,15,RC,3,6,OPTIMAL,102.3721,3,3,3,0,0,1.0,102.3721,0.0,0.0,90,0.5,1,1.0
015_RC205,15,RC,3,7,OPTIMAL,77.7549,3,2,2,0,1,0.6667,74.1198,0.0,3.6351,90,0.5,1,1.0
015_RC205,15,RC,3,8,OPTIMAL,80.0392,3,2,1,1,1,0.6667,79.0701,0.0,0.9691,90,0.5,1,1.0
015_RC205,15,RC,3,9,OPTIMAL,44.8744,3,1,1,0,2,0.3333,32.352,0.0,12.5224,90,0.5,1,1.0
015_RC206,15,RC,1,0,OPTIMAL,45.7818,1,1,1,0,0,1.0,45.7818,0.0,0.0,90,0.5,1,1.0
015_RC206,15,RC,1,1,OPTIMAL,29.9838,1,1,1,0,0,1.0,29.9838,0.0,0.0,90,0.5,1,1.0
015_RC206,15,RC,1,2,OPTIMAL,34.817,1,1,1,0,0,1.0,34.817,0.0,0.0,90,0.5,1,1.0
015_RC206,15,RC,1,3,OPTIMAL,36.0642,1,1,1,0,0,1.0,36.0642,0.0,0.0,90,0.5,1,1.0
015_RC206,15,RC,1,4,OPTIMAL,37.6796,1,1,1,0,0,1.0,37.6796,0.0,0.0,90,0.5,1,1.0
015_RC206,15,RC,1,5,OPTIMAL,34.7012,1,1,1,0,0,1.0,34.7012,0.0,0.0,90,0.5,1,1.0
015_RC206,15,RC,1,6,OPTIMAL,30.9084,1,1,0,1,0,1.0,30.9084,0.0,0.0,90,0.5,1,1.0
015_RC206,15,RC,1,7,OPTIMAL,40.6956,1,1,1,0,0,1.0,40.6956,0.0,0.0,90,0.5,1,1.0
015_RC206,15,RC,1,8,OPTIMAL,31.4398,1,1,0,1,0,1.0,31.4398,0.0,0.0,90,0.5,1,1.0
015_RC206,15,RC,1,9,OPTIMAL,31.3437,1,1,0,1,0,1.0,31.3437,0.0,0.0,90,0.5,1,1.0
015_RC206,15,RC,2,0,OPTIMAL,34.5852,2,1,1,0,1,0.5,32.7429,0.0,1.8423,90,0.5,1,1.0
015_RC206,15,RC,2,1,OPTIMAL,29.5818,2,1,1,0,1,0.5,28.2878,0.0,1.2941,90,0.5,1,1.0
015_RC206,15,RC,2,2,OPTIMAL,67.4582,2,2,1,1,0,1.0,67.4582,0.0,0.0,90,0.5,1,1.0
015_RC206,15,RC,2,3,OPTIMAL,71.9468,2,2,2,0,0,1.0,71.9468,0.0,0.0,90,0.5,1,1.0
015_RC206,15,RC,2,4,OPTIMAL,70.0969,2,2,2,0,0,1.0,70.0969,0.0,0.0,90,0.5,1,1.0
015_RC206,15,RC,2,5,OPTIMAL,34.6907,2,1,1,0,1,0.5,32.6033,0.0,2.0874,90,0.5,1,1.0
015_RC206,15,RC,2,6,OPTIMAL,58.7298,2,1,1,0,1,0.5,35.7557,0.0,22.9741,90,0.5,1,1.0
015_RC206,15,RC,2,7,OPTIMAL,6.1721,2,0,0,0,2,0.0,0.0,0.0,6.1721,90,0.5,1,1.0
015_RC206,15,RC,2,8,OPTIMAL,41.3014,2,1,1,0,1,0.5,40.8758,0.0,0.4255,90,0.5,1,1.0
015_RC206,15,RC,2,9,OPTIMAL,80.3581,2,2,2,0,0,1.0,80.3581,0.0,0.0,90,0.5,1,1.0
015_RC206,15,RC,3,0,OPTIMAL,79.0838,3,2,2,0,1,0.6667,77.8451,0.0,1.2386,90,0.5,1,1.0
015_RC206,15,RC,3,1,OPTIMAL,108.6831,3,3,3,0,0,1.0,108.6831,0.0,0.0,90,0.5,1,1.0
015_RC206,15,RC,3,2,OPTIMAL,73.3649,3,2,2,0,1,0.6667,68.3055,0.0,5.0594,90,0.5,1,1.0
015_RC206,15,RC,3,3,OPTIMAL,89.5576,3,1,1,0,2,0.3333,39.009,0.0,50.5486,90,0.5,1,1.0
015_RC206,15,RC,3,4,OPTIMAL,45.9304,3,1,1,0,2,0.3333,34.6557,0.0,11.2746,90,0.5,1,1.0
015_RC206,15,RC,3,5,OPTIMAL,108.992,3,3,3,0,0,1.0,108.992,0.0,0.0,90,0.5,1,1.0
015_RC206,15,RC,3,6,OPTIMAL,102.3721,3,3,3,0,0,1.0,102.3721,0.0,0.0,90,0.5,1,1.0
015_RC206,15,RC,3,7,OPTIMAL,90.827,3,2,1,1,1,0.6667,83.4112,0.0,7.4158,90,0.5,1,1.0
015_RC206,15,RC,3,8,OPTIMAL,80.0392,3,2,2,0,1,0.6667,79.0701,0.0,0.9691,90,0.5,1,1.0
015_RC206,15,RC,3,9,OPTIMAL,74.268,3,2,2,0,1,0.6667,74.261,0.0,0.007,90,0.5,1,1.0
015_RC207,15,RC,1,0,OPTIMAL,45.7818,1,1,1,0,0,1.0,45.7818,0.0,0.0,90,0.5,1,1.0
015_RC207,15,RC,1,1,OPTIMAL,0.0076,1,0,0,0,1,0.0,0.0,0.0,0.0076,90,0.5,1,1.0
015_RC207,15,RC,1,2,OPTIMAL,34.817,1,1,1,0,0,1.0,34.817,0.0,0.0,90,0.5,1,1.0
015_RC207,15,RC,1,3,OPTIMAL,36.0642,1,1,1,0,0,1.0,36.0642,0.0,0.0,90,0.5,1,1.0
015_RC207,15,RC,1,4,OPTIMAL,5.455,1,0,0,0,1,0.0,0.0,0.0,5.455,90,0.5,1,1.0
015_RC207,15,RC,1,5,OPTIMAL,34.7012,1,1,1,0,0,1.0,34.7012,0.0,0.0,90,0.5,1,1.0
015_RC207,15,RC,1,6,OPTIMAL,30.9084,1,1,0,1,0,1.0,30.9084,0.0,0.0,90,0.5,1,1.0
015_RC207,15,RC,1,7,OPTIMAL,40.6956,1,1,1,0,0,1.0,40.6956,0.0,0.0,90,0.5,1,1.0
015_RC207,15,RC,1,8,OPTIMAL,31.4398,1,1,0,1,0,1.0,31.4398,0.0,0.0,90,0.5,1,1.0
015_RC207,15,RC,1,9,OPTIMAL,31.3437,1,1,0,1,0,1.0,31.3437,0.0,0.0,90,0.5,1,1.0
015_RC207,15,RC,2,0,OPTIMAL,53.6956,2,1,0,1,1,0.5,32.7429,0.0,20.9527,90,0.5,1,1.0
015_RC207,15,RC,2,1,OPTIMAL,29.5818,2,1,1,0,1,0.5,28.2878,0.0,1.2941,90,0.5,1,1.0
015_RC207,15,RC,2,2,OPTIMAL,67.4582,2,2,2,0,0,1.0,67.4582,0.0,0.0,90,0.5,1,1.0
015_RC207,15,RC,2,3,OPTIMAL,71.9468,2,2,1,1,0,1.0,71.9468,0.0,0.0,90,0.5,1,1.0
015_RC207,15,RC,2,4,OPTIMAL,70.0969,2,2,1,1,0,1.0,70.0969,0.0,0.0,90,0.5,1,1.0
015_RC207,15,RC,2,5,OPTIMAL,64.1619,2,2,2,0,0,1.0,64.1619,0.0,0.0,90,0.5,1,1.0
015_RC207,15,RC,2,6,OPTIMAL,81.8919,2,2,2,0,0,1.0,81.8919,0.0,0.0,90,0.5,1,1.0
015_RC207,15,RC,2,7,OPTIMAL,38.4802,2,1,0,1,1,0.5,32.4739,0.0,6.0064,90,0.5,1,1.0
015_RC207,15,RC,2,8,OPTIMAL,48.864,2,1,1,0,1,0.5,40.8758,0.0,7.9882,90,0.5,1,1.0
015_RC207,15,RC,2,9,OPTIMAL,80.3581,2,2,2,0,0,1.0,80.3581,0.0,0.0,90,0.5,1,1.0
015_RC207,15,RC,3,0,OPTIMAL,83.8554,3,2,2,0,1,0.6667,77.8451,0.0,6.0103,90,0.5,1,1.0
015_RC207,15,RC,3,1,OPTIMAL,68.1448,3,2,2,0,1,0.6667,65.1621,0.0,2.9827,90,0.5,1,1.0
015_RC207,15,RC,3,2,OPTIMAL,73.5121,3,2,2,0,1,0.6667,72.7925,0.0,0.7196,90,0.5,1,1.0
015_RC207,15,RC,3,3,OPTIMAL,70.0438,3,1,1,0,2,0.3333,39.009,0.0,31.0348,90,0.5,1,1.0
015_RC207,15,RC,3,4,OPTIMAL,45.9304,3,1,1,0,2,0.3333,34.6557,0.0,11.2746,90,0.5,1,1.0
015_RC207,15,RC,3,5,OPTIMAL,108.992,3,3,3,0,0,1.0,108.992,0.0,0.0,90,0.5,1,1.0
015_RC207,15,RC,3,6,OPTIMAL,102.3721,3,3,2,1,0,1.0,102.3721,0.0,0.0,90,0.5,1,1.0
015_RC207,15,RC,3,7,OPTIMAL,90.827,3,2,1,1,1,0.6667,83.4112,0.0,7.4158,90,0.5,1,1.0
015_RC207,15,RC,3,8,OPTIMAL,80.0392,3,2,2,0,1,0.6667,79.0701,0.0,0.9691,90,0.5,1,1.0
015_RC207,15,RC,3,9,OPTIMAL,74.268,3,2,2,0,1,0.6667,74.261,0.0,0.007,90,0.5,1,1.0
015_RC208,15,RC,1,0,OPTIMAL,12.8547,1,0,0,0,1,0.0,0.0,0.0,12.8547,90,0.5,1,1.0
015_RC208,15,RC,1,1,OPTIMAL,29.9838,1,1,1,0,0,1.0,29.9838,0.0,0.0,90,0.5,1,1.0
015_RC208,15,RC,1,2,OPTIMAL,34.817,1,1,1,0,0,1.0,34.817,0.0,0.0,90,0.5,1,1.0
015_RC208,15,RC,1,3,OPTIMAL,36.0642,1,1,1,0,0,1.0,36.0642,0.0,0.0,90,0.5,1,1.0
015_RC208,15,RC,1,4,OPTIMAL,37.6796,1,1,1,0,0,1.0,37.6796,0.0,0.0,90,0.5,1,1.0
015_RC208,15,RC,1,5,OPTIMAL,34.7012,1,1,1,0,0,1.0,34.7012,0.0,0.0,90,0.5,1,1.0
015_RC208,15,RC,1,6,OPTIMAL,30.9084,1,1,1,0,0,1.0,30.9084,0.0,0.0,90,0.5,1,1.0
015_RC208,15,RC,1,7,OPTIMAL,40.6956,1,1,1,0,0,1.0,40.6956,0.0,0.0,90,0.5,1,1.0
015_RC208,15,RC,1,8,OPTIMAL,9.4522,1,0,0,0,1,0.0,0.0,0.0,9.4522,90,0.5,1,1.0
015_RC208,15,RC,1,9,OPTIMAL,31.3437,1,1,1,0,0,1.0,31.3437,0.0,0.0,90,0.5,1,1.0
015_RC208,15,RC,2,0,OPTIMAL,77.509,2,2,2,0,0,1.0,77.509,0.0,0.0,90,0.5,1,1.0
015_RC208,15,RC,2,1,OPTIMAL,43.2824,2,1,1,0,1,0.5,43.2127,0.0,0.0697,90,0.5,1,1.0
015_RC208,15,RC,2,2,OPTIMAL,67.4582,2,2,1,1,0,1.0,67.4582,0.0,0.0,90,0.5,1,1.0
015_RC208,15,RC,2,3,OPTIMAL,71.9468,2,2,2,0,0,1.0,71.9468,0.0,0.0,90,0.5,1,1.0
015_RC208,15,RC,2,4,OPTIMAL,70.0969,2,2,2,0,0,1.0,70.0969,0.0,0.0,90,0.5,1,1.0
015_RC208,15,RC,2,5,OPTIMAL,64.1619,2,2,2,0,0,1.0,64.1619,0.0,0.0,90,0.5,1,1.0
015_RC208,15,RC,2,6,OPTIMAL,81.8919,2,2,2,0,0,1.0,81.8919,0.0,0.0,90,0.5,1,1.0
015_RC208,15,RC,2,7,OPTIMAL,66.1206,2,2,2,0,0,1.0,66.1206,0.0,0.0,90,0.5,1,1.0
015_RC208,15,RC,2,8,OPTIMAL,48.864,2,1,1,0,1,0.5,40.8758,0.0,7.9882,90,0.5,1,1.0
015_RC208,15,RC,2,9,OPTIMAL,80.3581,2,2,2,0,0,1.0,80.3581,0.0,0.0,90,0.5,1,1.0
015_RC208,15,RC,3,0,OPTIMAL,108.5304,3,3,3,0,0,1.0,108.5304,0.0,0.0,90,0.5,1,1.0
015_RC208,15,RC,3,1,OPTIMAL,108.6831,3,3,3,0,0,1.0,108.6831,0.0,0.0,90,0.5,1,1.0
015_RC208,15,RC,3,2,OPTIMAL,73.5121,3,2,2,0,1,0.6667,72.7925,0.0,0.7196,90,0.5,1,1.0
015_RC208,15,RC,3,3,OPTIMAL,122.6033,3,3,3,0,0,1.0,122.6033,0.0,0.0,90,0.5,1,1.0
015_RC208,15,RC,3,4,OPTIMAL,98.8075,3,3,2,1,0,1.0,98.8075,0.0,0.0,90,0.5,1,1.0
015_RC208,15,RC,3,5,OPTIMAL,79.9758,3,2,2,0,1,0.6667,79.9025,0.0,0.0733,90,0.5,1,1.0
015_RC208,15,RC,3,6,OPTIMAL,102.3721,3,3,3,0,0,1.0,102.3721,0.0,0.0,90,0.5,1,1.0
015_RC208,15,RC,3,7,OPTIMAL,77.7549,3,2,2,0,1,0.6667,74.1198,0.0,3.6351,90,0.5,1,1.0
015_RC208,15,RC,3,8,OPTIMAL,80.0392,3,2,2,0,1,0.6667,79.0701,0.0,0.9691,90,0.5,1,1.0
015_RC208,15,RC,3,9,OPTIMAL,107.2676,3,3,3,0,0,1.0,107.2676,0.0,0.0,90,0.5,1,1.0
025_C101,25,C,2,0,OPTIMAL,42.3464,2,1,0,1,1,0.5,37.9572,0.0,4.3893,90,0.5,1,1.0
025_C101,25,C,2,1,OPTIMAL,53.3361,2,1,1,0,1,0.5,40.5188,0.0,12.8174,90,0.5,1,1.0
025_C101,25,C,2,2,OPTIMAL,24.2178,2,1,1,0,1,0.5,21.2684,0.0,2.9494,90,0.5,1,1.0
025_C101,25,C,2,3,OPTIMAL,16.8147,2,0,0,0,2,0.0,0.0,0.0,16.8147,90,0.5,1,1.0
025_C101,25,C,2,4,OPTIMAL,4.1965,2,0,0,0,2,0.0,0.0,0.0,4.1965,90,0.5,1,1.0
025_C101,25,C,2,5,OPTIMAL,38.2087,2,1,1,0,1,0.5,33.8564,0.0,4.3522,90,0.5,1,1.0
025_C101,25,C,2,6,OPTIMAL,14.2702,2,0,0,0,2,0.0,0.0,0.0,14.2702,90,0.5,1,1.0
025_C101,25,C,2,7,OPTIMAL,79.9276,2,2,1,1,0,1.0,79.9276,0.0,0.0,90,0.5,1,1.0
025_C101,25,C,2,8,OPTIMAL,38.2431,2,1,1,0,1,0.5,34.9078,0.0,3.3353,90,0.5,1,1.0
025_C101,25,C,2,9,OPTIMAL,14.8221,2,0,0,0,2,0.0,0.0,0.0,14.8221,90,0.5,1,1.0
025_C101,25,C,4,0,OPTIMAL,55.3071,4,2,2,0,2,0.5,51.5464,0.0,3.7607,90,0.5,1,1.0
025_C101,25,C,4,1,OPTIMAL,65.9887,4,1,1,0,3,0.25,38.9948,0.0,26.9939,90,0.5,1,1.0
025_C101,25,C,4,2,OPTIMAL,56.1837,4,1,1,0,3,0.25,36.5444,0.0,19.6394,90,0.5,1,1.0
025_C101,25,C,4,3,OPTIMAL,77.4034,4,3,2,1,1,0.75,67.1889,0.0,10.2145,90,0.5,1,1.0
025_C101,25,C,4,4,OPTIMAL,80.72,4,2,2,0,2,0.5,71.7097,0.0,9.0104,90,0.5,1,1.0
025_C101,25,C,4,5,OPTIMAL,94.9374,4,3,3,0,1,0.75,94.2904,0.0,0.6471,90,0.5,1,1.0
025_C101,25,C,4,6,OPTIMAL,57.6882,4,2,2,0,2,0.5,52.0265,0.0,5.6616,90,0.5,1,1.0
025_C101,25,C,4,7,OPTIMAL,50.1117,4,2,1,1,2,0.5,42.2818,0.0,7.8298,90,0.5,1,1.0
025_C101,25,C,4,8,OPTIMAL,114.7771,4,3,3,0,1,0.75,108.1078,0.0,6.6693,90,0.5,1,1.0
025_C101,25,C,4,9,OPTIMAL,45.4609,4,1,1,0,3,0.25,35.6854,0.0,9.7755,90,0.5,1,1.0
025_C101,25,C,6,0,OPTIMAL,66.6212,6,3,2,1,3,0.5,51.5336,0.0,15.0876,90,0.5,1,1.0
025_C101,25,C,6,1,OPTIMAL,92.3578,6,3,3,0,3,0.5,85.1945,0.0,7.1633,90,0.5,1,1.0
025_C101,25,C,6,2,OPTIMAL,99.6258,6,4,3,1,2,0.6667,93.2804,0.0,6.3453,90,0.5,1,1.0
025_C101,25,C,6,3,OPTIMAL,71.268,6,2,2,0,4,0.3333,52.713,0.0,18.555,90,0.5,1,1.0
025_C101,25,C,6,4,OPTIMAL,61.9977,6,2,2,0,4,0.3333,36.4588,0.0,25.5389,90,0.5,1,1.0
025_C101,25,C,6,5,OPTIMAL,44.7211,6,1,1,0,5,0.1667,19.9909,0.0,24.7302,90,0.5,1,1.0
025_C101,25,C,6,6,OPTIMAL,70.4763,6,1,1,0,5,0.1667,20.7774,0.0,49.6989,90,0.5,1,1.0
025_C101,25,C,6,7,OPTIMAL,25.2399,6,0,0,0,6,0.0,0.0,0.0,25.2399,90,0.5,1,1.0
025_C101,25,C,6,8,OPTIMAL,106.231,6,2,2,0,4,0.3333,78.4365,0.0,27.7945,90,0.5,1,1.0
025_C101,25,C,6,9,OPTIMAL,58.237,6,2,1,1,4,0.3333,32.1411,0.0,26.0959,90,0.5,1,1.0
025_C102,25,C,2,0,OPTIMAL,52.2689,2,2,1,1,0,1.0,52.2689,0.0,0.0,90,0.5,1,1.0
025_C102,25,C,2,1,OPTIMAL,53.3361,2,1,1,0,1,0.5,40.5188,0.0,12.8174,90,0.5,1,1.0
025_C102,25,C,2,2,OPTIMAL,24.2178,2,1,1,0,1,0.5,21.2684,0.0,2.9494,90,0.5,1,1.0
025_C102,25,C,2,3,OPTIMAL,51.0723,2,2,0,2,0,1.0,51.0723,0.0,0.0,90,0.5,1,1.0
025_C102,25,C,2,4,OPTIMAL,11.3058,2,0,0,0,2,0.0,0.0,0.0,11.3058,90,0.5,1,1.0
025_C102,25,C,2,5,OPTIMAL,38.2087,2,1,1,0,1,0.5,33.8564,0.0,4.3522,90,0.5,1,1.0
025_C102,25,C,2,6,OPTIMAL,14.2702,2,0,0,0,2,0.0,0.0,0.0,14.2702,90,0.5,1,1.0
025_C102,25,C,2,7,OPTIMAL,79.9276,2,2,1,1,0,1.0,79.9276,0.0,0.0,90,0.5,1,1.0
025_C102,25,C,2,8,OPTIMAL,39.4087,2,1,1,0,1,0.5,34.9078,0.0,4.5009,90,0.5,1,1.0
025_C102,25,C,2,9,OPTIMAL,47.4512,2,1,1,0,1,0.5,41.3347,0.0,6.1165,90,0.5,1,1.0
025_C102,25,C,4,0,OPTIMAL,55.3071,4,2,2,0,2,0.5,51.5464,0.0,3.7607,90,0.5,1,1.0
025_C102,25,C,4,1,OPTIMAL,65.9887,4,1,1,0,3,0.25,38.9948,0.0,26.9939,90,0.5,1,1.0
025_C102,25,C,4,2,OPTIMAL,56.1837,4,1,1,0,3,0.25,36.5444,0.0,19.6394,90,0.5,1,1.0
025_C102,25,C,4,3,OPTIMAL,88.7018,4,4,3,1,0,1.0,88.7018,0.0,0.0,90,0.5,1,1.0
025_C102,25,C,4,4,OPTIMAL,96.9252,4,3,2,1,1,0.75,92.5955,0.0,4.3297,90,0.5,1,1.0
025_C102,25,C,4,5,OPTIMAL,94.9374,4,3,3,0,1,0.75,94.2904,0.0,0.6471,90,0.5,1,1.0
025_C102,25,C,4,6,OPTIMAL,57.6882,4,2,2,0,2,0.5,52.0265,0.0,5.6616,90,0.5,1,1.0
025_C102,25,C,4,7,OPTIMAL,50.6319,4,3,1,2,1,0.75,49.6242,0.0,1.0077,90,0.5,1,1.0
025_C102,25,C,4,8,OPTIMAL,123.6839,4,4,3,1,0,1.0,123.6839,0.0,0.0,90,0.5,1,1.0
025_C102,25,C,4,9,OPTIMAL,70.1696,4,2,1,1,2,0.5,53.5277,0.0,16.6419,90,0.5,1,1.0
025_C102,25,C,6,0,OPTIMAL,79.4507,6,4,2,2,2,0.6667,66.1752,0.0,13.2756,90,0.5,1,1.0
025_C102,25,C,6,1,OPTIMAL,128.2737,6,4,4,0,2,0.6667,124.9276,0.0,3.346,90,0.5,1,1.0
025_C102,25,C,6,2,OPTIMAL,113.4155,6,5,4,1,1,0.8333,108.26,0.0,5.1555,90,0.5,1,1.0
025_C102,25,C,6,3,OPTIMAL,97.0304,6,4,2,2,2,0.6667,93.9023,0.0,3.1281,90,0.5,1,1.0
025_C102,25,C,6,4,OPTIMAL,61.9977,6,2,2,0,4,0.3333,36.4588,0.0,25.5389,90,0.5,1,1.0
025_C102,25,C,6,5,OPTIMAL,45.9849,6,1,1,0,5,0.1667,19.9909,0.0,25.994,90,0.5,1,1.0
025_C102,25,C,6,6,OPTIMAL,98.7592,6,4,3,1,2,0.6667,64.6431,0.0,34.1161,90,0.5,1,1.0
025_C102,25,C,6,7,OPTIMAL,67.4258,6,2,1,1,4,0.3333,49.4011,0.0,18.0248,90,0.5,1,1.0
025_C102,25,C,6,8,OPTIMAL,100.1741,6,2,2,0,4,0.3333,78.4365,0.0,21.7376,90,0.5,1,1.0
025_C102,25,C,6,9,OPTIMAL,71.062,6,3,1,2,3,0.5,42.9677,0.0,28.0943,90,0.5,1,1.0
025_C103,25,C,2,0,OPTIMAL,42.3464,2,1,1,0,1,0.5,37.9572,0.0,4.3893,90,0.5,1,1.0
025_C103,25,C,2,1,OPTIMAL,59.1309,2,2,2,0,0,1.0,59.1309,0.0,0.0,90,0.5,1,1.0
025_C103,25,C,2,2,OPTIMAL,32.8706,2,2,2,0,0,1.0,32.8706,0.0,0.0,90,0.5,1,1.0
025_C103,25,C,2,3,OPTIMAL,49.7,2,1,0,1,1,0.5,41.8768,0.0,7.8232,90,0.5,1,1.0
025_C103,25,C,2,4,OPTIMAL,17.2493,2,1,0,1,1,0.5,14.4638,0.0,2.7855,90,0.5,1,1.0
025_C103,25,C,2,5,OPTIMAL,53.8622,2,2,1,1,0,1.0,53.8622,0.0,0.0,90,0.5,1,1.0
025_C103,25,C,2,6,OPTIMAL,42.9994,2,1,1,0,1,0.5,39.5463,0.0,3.4531,90,0.5,1,1.0
025_C103,25,C,2,7,OPTIMAL,79.9276,2,2,1,1,0,1.0,79.9276,0.0,0.0,90,0.5,1,1.0
025_C103,25,C,2,8,OPTIMAL,38.2431,2,1,1,0,1,0.5,34.9078,0.0,3.3353,90,0.5,1,1.0
025_C103,25,C,2,9,OPTIMAL,60.0748,2,2,1,1,0,1.0,60.0748,0.0,0.0,90,0.5,1,1.0
025_C103,25,C,4,0,OPTIMAL,62.4451,4,2,2,0,2,0.5,51.5464,0.0,10.8986,90,0.5,1,1.0
025_C103,25,C,4,1,OPTIMAL,93.1592,4,1,1,0,3,0.25,38.9948,0.0,54.1644,90,0.5,1,1.0
025_C103,25,C,4,2,OPTIMAL,82.5141,4,3,2,1,1,0.75,68.8371,0.0,13.677,90,0.5,1,1.0
025_C103,25,C,4,3,OPTIMAL,77.4034,4,3,3,0,1,0.75,67.1889,0.0,10.2145,90,0.5,1,1.0
025_C103,25,C,4,4,OPTIMAL,117.1223,4,3,3,0,1,0.75,112.4416,0.0,4.6807,90,0.5,1,1.0
025_C103,25,C,4,5,OPTIMAL,125.3105,4,4,4,0,0,1.0,125.3105,0.0,0.0,90,0.5,1,1.0
025_C103,25,C,4,6,OPTIMAL,103.5858,4,4,2,2,0,1.0,103.5858,0.0,0.0,90,0.5,1,1.0
025_C103,25,C,4,7,OPTIMAL,80.7725,4,3,3,0,1,0.75,73.9504,0.0,6.8221,90,0.5,1,1.0
025_C103,25,C,4,8,OPTIMAL,114.7771,4,3,3,0,1,0.75,108.1078,0.0,6.6693,90,0.5,1,1.0
025_C103,25,C,4,9,OPTIMAL,77.1001,4,3,1,2,1,0.75,68.058,0.0,9.0421,90,0.5,1,1.0
025_C103,25,C,6,0,OPTIMAL,107.948,6,5,3,2,1,0.8333,102.3169,0.0,5.6311,90,0.5,1,1.0
025_C103,25,C,6,1,OPTIMAL,128.2737,6,4,4,0,2,0.6667,124.9276,0.0,3.346,90,0.5,1,1.0
025_C103,25,C,6,2,OPTIMAL,113.4155,6,5,4,1,1,0.8333,108.26,0.0,5.1555,90,0.5,1,1.0
025_C103,25,C,6,3,OPTIMAL,160.6852,6,6,3,3,0,1.0,160.6852,0.0,0.0,90,0.5,1,1.0
025_C103,25,C,6,4,OPTIMAL,87.7808,6,4,4,0,2,0.6667,71.7243,0.0,16.0565,90,0.5,1,1.0
025_C103,25,C,6,5,OPTIMAL,64.4181,6,3,3,0,3,0.5,58.8132,0.0,5.6049,90,0.5,1,1.0
025_C103,25,C,6,6,OPTIMAL,98.7592,6,4,3,1,2,0.6667,64.6431,0.0,34.1161,90,0.5,1,1.0
025_C103,25,C,6,7,OPTIMAL,54.591,6,1,1,0,5,0.1667,33.1457,0.0,21.4452,90,0.5,1,1.0
025_C103,25,C,6,8,OPTIMAL,91.5798,6,2,2,0,4,0.3333,78.4365,0.0,13.1433,90,0.5,1,1.0
025_C103,25,C,6,9,OPTIMAL,97.0279,6,4,3,1,2,0.6667,79.4716,0.0,17.5562,90,0.5,1,1.0
025_C104,25,C,2,0,OPTIMAL,52.2689,2,2,1,1,0,1.0,52.2689,0.0,0.0,90,0.5,1,1.0
025_C104,25,C,2,1,OPTIMAL,59.1309,2,2,2,0,0,1.0,59.1309,0.0,0.0,90,0.5,1,1.0
025_C104,25,C,2,2,OPTIMAL,32.8706,2,2,2,0,0,1.0,32.8706,0.0,0.0,90,0.5,1,1.0
025_C104,25,C,2,3,OPTIMAL,51.0723,2,2,1,1,0,1.0,51.0723,0.0,0.0,90,0.5,1,1.0
025_C104,25,C,2,4,OPTIMAL,17.2493,2,1,0,1,1,0.5,14.4638,0.0,2.7855,90,0.5,1,1.0
025_C104,25,C,2,5,OPTIMAL,53.8622,2,2,1,1,0,1.0,53.8622,0.0,0.0,90,0.5,1,1.0
025_C104,25,C,2,6,OPTIMAL,72.8951,2,2,2,0,0,1.0,72.8951,0.0,0.0,90,0.5,1,1.0
025_C104,25,C,2,7,OPTIMAL,79.9276,2,2,1,1,0,1.0,79.9276,0.0,0.0,90,0.5,1,1.0
025_C104,25,C,2,8,OPTIMAL,48.5455,2,2,1,1,0,1.0,48.5455,0.0,0.0,90,0.5,1,1.0
025_C104,25,C,2,9,OPTIMAL,60.0748,2,2,1,1,0,1.0,60.0748,0.0,0.0,90,0.5,1,1.0
025_C104,25,C,4,0,OPTIMAL,62.4451,4,2,2,0,2,0.5,51.5464,0.0,10.8986,90,0.5,1,1.0
025_C104,25,C,4,1,OPTIMAL,115.3171,4,2,2,0,2,0.5,80.322,0.0,34.9951,90,0.5,1,1.0
025_C104,25,C,4,2,OPTIMAL,108.7013,4,4,3,1,0,1.0,108.7013,0.0,0.0,90,0.5,1,1.0
025_C104,25,C,4,3,OPTIMAL,88.7018,4,4,3,1,0,1.0,88.7018,0.0,0.0,90,0.5,1,1.0
025_C104,25,C,4,4,OPTIMAL,133.3275,4,4,3,1,0,1.0,133.3275,0.0,0.0,90,0.5,1,1.0
025_C104,25,C,4,5,OPTIMAL,125.3105,4,4,4,0,0,1.0,125.3105,0.0,0.0,90,0.5,1,1.0
025_C104,25,C,4,6,OPTIMAL,103.5858,4,4,2,2,0,1.0,103.5858,0.0,0.0,90,0.5,1,1.0
025_C104,25,C,4,7,OPTIMAL,81.2927,4,4,3,1,0,1.0,81.2927,0.0,0.0,90,0.5,1,1.0
025_C104,25,C,4,8,OPTIMAL,123.6839,4,4,3,1,0,1.0,123.6839,0.0,0.0,90,0.5,1,1.0
025_C104,25,C,4,9,OPTIMAL,88.4543,4,4,3,1,0,1.0,88.4543,0.0,0.0,90,0.5,1,1.0
025_C104,25,C,6,0,OPTIMAL,107.948,6,5,4,1,1,0.8333,102.3169,0.0,5.6311,90,0.5,1,1.0
025_C104,25,C,6,1,OPTIMAL,128.2737,6,4,4,0,2,0.6667,124.9276,0.0,3.346,90,0.5,1,1.0
025_C104,25,C,6,2,OPTIMAL,118.764,6,6,5,1,0,1.0,118.764,0.0,0.0,90,0.5,1,1.0
025_C104,25,C,6,3,OPTIMAL,160.6852,6,6,5,1,0,1.0,160.6852,0.0,0.0,90,0.5,1,1.0
025_C104,25,C,6,4,OPTIMAL,88.3225,6,5,5,0,1,0.8333,80.1651,0.0,8.1575,90,0.5,1,1.0
025_C104,25,C,6,5,OPTIMAL,78.9852,6,4,3,1,2,0.6667,74.3142,0.0,4.6709,90,0.5,1,1.0
025_C104,25,C,6,6,OPTIMAL,115.7133,6,5,5,0,1,0.8333,85.1006,0.0,30.6127,90,0.5,1,1.0
025_C104,25,C,6,7,OPTIMAL,72.9806,6,3,2,1,3,0.5,66.0559,0.0,6.9247,90,0.5,1,1.0
025_C104,25,C,6,8,OPTIMAL,91.5798,6,2,2,0,4,0.3333,78.4365,0.0,13.1433,90,0.5,1,1.0
025_C104,25,C,6,9,OPTIMAL,99.0656,6,4,4,0,2,0.6667,79.4716,0.0,19.5939,90,0.5,1,1.0
025_C105,25,C,2,0,OPTIMAL,42.2752,2,1,1,0,1,0.5,37.9572,0.0,4.318,90,0.5,1,1.0
025_C105,25,C,2,1,OPTIMAL,59.1309,2,2,1,1,0,1.0,59.1309,0.0,0.0,90,0.5,1,1.0
025_C105,25,C,2,2,OPTIMAL,20.6219,2,0,0,0,2,0.0,0.0,0.0,20.6219,90,0.5,1,1.0
025_C105,25,C,2,3,OPTIMAL,49.7,2,1,1,0,1,0.5,41.8768,0.0,7.8232,90,0.5,1,1.0
025_C105,25,C,2,4,OPTIMAL,8.8028,2,0,0,0,2,0.0,0.0,0.0,8.8028,90,0.5,1,1.0
025_C105,25,C,2,5,OPTIMAL,53.8622,2,2,0,2,0,1.0,53.8622,0.0,0.0,90,0.5,1,1.0
025_C105,25,C,2,6,OPTIMAL,42.9994,2,1,1,0,1,0.5,39.5463,0.0,3.4531,90,0.5,1,1.0
025_C105,25,C,2,7,OPTIMAL,43.5351,2,1,1,0,1,0.5,37.6195,0.0,5.9156,90,0.5,1,1.0
025_C105,25,C,2,8,OPTIMAL,36.4193,2,1,0,1,1,0.5,34.9078,0.0,1.5115,90,0.5,1,1.0
025_C105,25,C,2,9,OPTIMAL,47.4512,2,1,1,0,1,0.5,41.3347,0.0,6.1165,90,0.5,1,1.0
025_C105,25,C,4,0,OPTIMAL,75.99,4,3,3,0,1,0.75,72.6655,0.0,3.3245,90,0.5,1,1.0
025_C105,25,C,4,1,OPTIMAL,88.2989,4,2,2,0,2,0.5,80.322,0.0,7.9769,90,0.5,1,1.0
025_C105,25,C,4,2,OPTIMAL,46.881,4,1,1,0,3,0.25,39.8641,0.0,7.0168,90,0.5,1,1.0
025_C105,25,C,4,3,OPTIMAL,72.2342,4,2,2,0,2,0.5,51.5331,0.0,20.7011,90,0.5,1,1.0
025_C105,25,C,4,4,OPTIMAL,47.0974,4,1,1,0,3,0.25,38.0828,0.0,9.0146,90,0.5,1,1.0
025_C105,25,C,4,5,OPTIMAL,87.5034,4,2,2,0,2,0.5,54.7593,0.0,32.7441,90,0.5,1,1.0
025_C105,25,C,4,6,OPTIMAL,57.2782,4,2,2,0,2,0.5,52.0265,0.0,5.2517,90,0.5,1,1.0
025_C105,25,C,4,7,OPTIMAL,66.7655,4,2,2,0,2,0.5,52.8156,0.0,13.9498,90,0.5,1,1.0
025_C105,25,C,4,8,OPTIMAL,114.7771,4,3,2,1,1,0.75,108.1078,0.0,6.6693,90,0.5,1,1.0
025_C105,25,C,4,9,OPTIMAL,46.1772,4,1,1,0,3,0.25,35.6854,0.0,10.4919,90,0.5,1,1.0
025_C105,25,C,6,0,OPTIMAL,126.4143,6,4,3,1,2,0.6667,114.6761,0.0,11.7382,90,0.5,1,1.0
025_C105,25,C,6,1,OPTIMAL,100.5072,6,3,1,2,3,0.5,89.7514,0.0,10.7558,90,0.5,1,1.0
025_C105,25,C,6,2,OPTIMAL,108.7729,6,5,3,2,1,0.8333,108.26,0.0,0.5129,90,0.5,1,1.0
025_C105,25,C,6,3,OPTIMAL,127.7636,6,3,3,0,3,0.5,106.72,0.0,21.0436,90,0.5,1,1.0
025_C105,25,C,6,4,OPTIMAL,59.2509,6,2,2,0,4,0.3333,35.6275,0.0,23.6234,90,0.5,1,1.0
025_C105,25,C,6,5,OPTIMAL,44.1916,6,1,0,1,5,0.1667,15.501,0.0,28.6905,90,0.5,1,1.0
025_C105,25,C,6,6,OPTIMAL,39.0086,6,1,1,0,5,0.1667,20.7774,0.0,18.2311,90,0.5,1,1.0
025_C105,25,C,6,7,OPTIMAL,80.4215,6,2,2,0,4,0.3333,71.8824,0.0,8.5392,90,0.5,1,1.0
025_C105,25,C,6,8,OPTIMAL,122.3503,6,4,4,0,2,0.6667,107.577,0.0,14.7733,90,0.5,1,1.0
025_C105,25,C,6,9,OPTIMAL,60.8876,6,2,2,0,4,0.3333,54.4227,0.0,6.4648,90,0.5,1,1.0
025_C106,25,C,2,0,OPTIMAL,52.2689,2,2,1,1,0,1.0,52.2689,0.0,0.0,90,0.5,1,1.0
025_C106,25,C,2,1,OPTIMAL,53.3361,2,1,1,0,1,0.5,40.5188,0.0,12.8174,90,0.5,1,1.0
025_C106,25,C,2,2,OPTIMAL,20.6219,2,0,0,0,2,0.0,0.0,0.0,20.6219,90,0.5,1,1.0
025_C106,25,C,2,3,OPTIMAL,51.0723,2,2,0,2,0,1.0,51.0723,0.0,0.0,90,0.5,1,1.0
025_C106,25,C,2,4,OPTIMAL,4.1965,2,0,0,0,2,0.0,0.0,0.0,4.1965,90,0.5,1,1.0
025_C106,25,C,2,5,OPTIMAL,53.8622,2,2,0,2,0,1.0,53.8622,0.0,0.0,90,0.5,1,1.0
025_C106,25,C,2,6,OPTIMAL,42.9994,2,1,0,1,1,0.5,39.5463,0.0,3.4531,90,0.5,1,1.0
025_C106,25,C,2,7,OPTIMAL,79.9276,2,2,2,0,0,1.0,79.9276,0.0,0.0,90,0.5,1,1.0
025_C106,25,C,2,8,OPTIMAL,36.4193,2,1,1,0,1,0.5,34.9078,0.0,1.5115,90,0.5,1,1.0
025_C106,25,C,2,9,OPTIMAL,60.0748,2,2,0,2,0,1.0,60.0748,0.0,0.0,90,0.5,1,1.0
025_C106,25,C,4,0,OPTIMAL,58.3188,4,2,2,0,2,0.5,51.5464,0.0,6.7724,90,0.5,1,1.0
025_C106,25,C,4,1,OPTIMAL,96.1849,4,2,1,1,2,0.5,70.5378,0.0,25.647,90,0.5,1,1.0
025_C106,25,C,4,2,OPTIMAL,82.5141,4,3,1,2,1,0.75,68.8371,0.0,13.677,90,0.5,1,1.0
025_C106,25,C,4,3,OPTIMAL,88.7018,4,4,2,2,0,1.0,88.7018,0.0,0.0,90,0.5,1,1.0
025_C106,25,C,4,4,OPTIMAL,117.4433,4,3,2,1,1,0.75,112.4416,0.0,5.0017,90,0.5,1,1.0
025_C106,25,C,4,5,OPTIMAL,125.3105,4,4,3,1,0,1.0,125.3105,0.0,0.0,90,0.5,1,1.0
025_C106,25,C,4,6,OPTIMAL,90.7797,4,3,2,1,1,0.75,88.41,0.0,2.3697,90,0.5,1,1.0
025_C106,25,C,4,7,OPTIMAL,67.2857,4,3,1,2,1,0.75,60.158,0.0,7.1277,90,0.5,1,1.0
025_C106,25,C,4,8,OPTIMAL,123.6839,4,4,3,1,0,1.0,123.6839,0.0,0.0,90,0.5,1,1.0
025_C106,25,C,4,9,OPTIMAL,63.179,4,2,1,1,2,0.5,53.5277,0.0,9.6513,90,0.5,1,1.0
025_C106,25,C,6,0,OPTIMAL,107.8877,6,4,2,2,2,0.6667,92.3305,0.0,15.5572,90,0.5,1,1.0
025_C106,25,C,6,1,OPTIMAL,159.6898,6,6,3,3,0,1.0,159.6898,0.0,0.0,90,0.5,1,1.0
025_C106,25,C,6,2,OPTIMAL,113.4155,6,5,3,2,1,0.8333,108.26,0.0,5.1555,90,0.5,1,1.0
025_C106,25,C,6,3,OPTIMAL,130.8291,6,5,3,2,1,0.8333,129.6021,0.0,1.227,90,0.5,1,1.0
025_C106,25,C,6,4,OPTIMAL,60.8351,6,2,2,0,4,0.3333,36.4588,0.0,24.3763,90,0.5,1,1.0
025_C106,25,C,6,5,OPTIMAL,60.7916,6,2,0,2,4,0.3333,41.3747,0.0,19.4169,90,0.5,1,1.0
025_C106,25,C,6,6,OPTIMAL,108.1275,6,5,2,3,1,0.8333,105.9004,0.0,2.227,90,0.5,1,1.0
025_C106,25,C,6,7,OPTIMAL,81.427,6,3,0,3,3,0.5,63.7655,0.0,17.6616,90,0.5,1,1.0
025_C106,25,C,6,8,OPTIMAL,105.7054,6,2,2,0,4,0.3333,78.4365,0.0,27.2689,90,0.5,1,1.0
025_C106,25,C,6,9,OPTIMAL,74.4443,6,2,1,1,4,0.3333,54.4227,0.0,20.0216,90,0.5,1,1.0
025_C107,25,C,2,0,OPTIMAL,42.2752,2,1,1,0,1,0.5,37.9572,0.0,4.318,90,0.5,1,1.0
025_C107,25,C,2,1,OPTIMAL,53.3751,2,1,1,0,1,0.5,40.5188,0.0,12.8564,90,0.5,1,1.0
025_C107,25,C,2,2,OPTIMAL,15.0155,2,0,0,0,2,0.0,0.0,0.0,15.0155,90,0.5,1,1.0
025_C107,25,C,2,3,OPTIMAL,51.0723,2,2,2,0,0,1.0,51.0723,0.0,0.0,90,0.5,1,1.0
025_C107,25,C,2,4,OPTIMAL,5.3385,2,0,0,0,2,0.0,0.0,0.0,5.3385,90,0.5,1,1.0
025_C107,25,C,2,5,OPTIMAL,34.4681,2,1,1,0,1,0.5,33.8564,0.0,0.6117,90,0.5,1,1.0
025_C107,25,C,2,6,OPTIMAL,72.8951,2,2,1,1,0,1.0,72.8951,0.0,0.0,90,0.5,1,1.0
025_C107,25,C,2,7,OPTIMAL,79.9276,2,2,1,1,0,1.0,79.9276,0.0,0.0,90,0.5,1,1.0
025_C107,25,C,2,8,OPTIMAL,7.6866,2,0,0,0,2,0.0,0.0,0.0,7.6866,90,0.5,1,1.0
025_C107,25,C,2,9,OPTIMAL,60.0748,2,2,2,0,0,1.0,60.0748,0.0,0.0,90,0.5,1,1.0
025_C107,25,C,4,0,OPTIMAL,60.4211,4,2,2,0,2,0.5,51.5464,0.0,8.8747,90,0.5,1,1.0
025_C107,25,C,4,1,OPTIMAL,89.5223,4,2,2,0,2,0.5,72.8703,0.0,16.652,90,0.5,1,1.0
025_C107,25,C,4,2,OPTIMAL,18.9698,4,0,0,0,4,0.0,0.0,0.0,18.9698,90,0.5,1,1.0
025_C107,25,C,4,3,OPTIMAL,70.0148,4,2,1,1,2,0.5,51.5331,0.0,18.4818,90,0.5,1,1.0
025_C107,25,C,4,4,OPTIMAL,82.2855,4,2,2,0,2,0.5,78.8148,0.0,3.4707,90,0.5,1,1.0
025_C107,25,C,4,5,OPTIMAL,54.956,4,1,1,0,3,0.25,15.7862,0.0,39.1698,90,0.5,1,1.0
025_C107,25,C,4,6,OPTIMAL,90.3698,4,3,3,0,1,0.75,88.41,0.0,1.9598,90,0.5,1,1.0
025_C107,25,C,4,7,OPTIMAL,61.8194,4,1,1,0,3,0.25,21.1471,0.0,40.6723,90,0.5,1,1.0
025_C107,25,C,4,8,OPTIMAL,84.7303,4,2,2,0,2,0.5,68.2781,0.0,16.4522,90,0.5,1,1.0
025_C107,25,C,4,9,OPTIMAL,63.6721,4,2,2,0,2,0.5,53.5277,0.0,10.1444,90,0.5,1,1.0
025_C107,25,C,6,0,OPTIMAL,90.1524,6,3,3,0,3,0.5,77.6889,0.0,12.4636,90,0.5,1,1.0
025_C107,25,C,6,1,OPTIMAL,58.2028,6,1,0,1,5,0.1667,39.7331,0.0,18.4698,90,0.5,1,1.0
025_C107,25,C,6,2,OPTIMAL,72.7029,6,4,4,0,2,0.6667,70.5158,0.0,2.1871,90,0.5,1,1.0
025_C107,25,C,6,3,OPTIMAL,110.3677,6,3,3,0,3,0.5,93.5965,0.0,16.7713,90,0.5,1,1.0
025_C107,25,C,6,4,OPTIMAL,55.4526,6,2,2,0,4,0.3333,25.7766,0.0,29.6759,90,0.5,1,1.0
025_C107,25,C,6,5,OPTIMAL,30.3166,6,0,0,0,6,0.0,0.0,0.0,30.3166,90,0.5,1,1.0
025_C107,25,C,6,6,OPTIMAL,48.9044,6,2,2,0,4,0.3333,32.4969,0.0,16.4076,90,0.5,1,1.0
025_C107,25,C,6,7,OPTIMAL,54.5198,6,2,0,2,4,0.3333,49.4011,0.0,5.1187,90,0.5,1,1.0
025_C107,25,C,6,8,OPTIMAL,104.3815,6,3,2,1,3,0.5,89.5744,0.0,14.807,90,0.5,1,1.0
025_C107,25,C,6,9,OPTIMAL,60.8876,6,2,2,0,4,0.3333,54.4227,0.0,6.4648,90,0.5,1,1.0
025_C108,25,C,2,0,OPTIMAL,52.2689,2,2,0,2,0,1.0,52.2689,0.0,0.0,90,0.5,1,1.0
025_C108,25,C,2,1,OPTIMAL,53.3751,2,1,1,0,1,0.5,40.5188,0.0,12.8564,90,0.5,1,1.0
025_C108,25,C,2,2,OPTIMAL,31.5923,2,1,1,0,1,0.5,21.2684,0.0,10.3239,90,0.5,1,1.0
025_C108,25,C,2,3,OPTIMAL,51.0723,2,2,1,1,0,1.0,51.0723,0.0,0.0,90,0.5,1,1.0
025_C108,25,C,2,4,OPTIMAL,10.2216,2,0,0,0,2,0.0,0.0,0.0,10.2216,90,0.5,1,1.0
025_C108,25,C,2,5,OPTIMAL,34.4681,2,1,1,0,1,0.5,33.8564,0.0,0.6117,90,0.5,1,1.0
025_C108,25,C,2,6,OPTIMAL,72.8951,2,2,1,1,0,1.0,72.8951,0.0,0.0,90,0.5,1,1.0
025_C108,25,C,2,7,OPTIMAL,46.7775,2,1,1,0,1,0.5,37.6195,0.0,9.158,90,0.5,1,1.0
025_C108,25,C,2,8,OPTIMAL,35.6649,2,1,0,1,1,0.5,34.9078,0.0,0.757,90,0.5,1,1.0
025_C108,25,C,2,9,OPTIMAL,60.0748,2,2,0,2,0,1.0,60.0748,0.0,0.0,90,0.5,1,1.0
025_C108,25,C,4,0,OPTIMAL,65.9388,4,2,2,0,2,0.5,51.5464,0.0,14.3924,90,0.5,1,1.0
025_C108,25,C,4,1,OPTIMAL,88.4328,4,2,1,1,2,0.5,80.322,0.0,8.1108,90,0.5,1,1.0
025_C108,25,C,4,2,OPTIMAL,81.9673,4,2,1,1,2,0.5,76.4085,0.0,5.5588,90,0.5,1,1.0
025_C108,25,C,4,3,OPTIMAL,83.5326,4,3,1,2,1,0.75,73.046,0.0,10.4866,90,0.5,1,1.0
025_C108,25,C,4,4,OPTIMAL,83.7839,4,2,2,0,2,0.5,71.7097,0.0,12.0742,90,0.5,1,1.0
025_C108,25,C,4,5,OPTIMAL,96.303,4,3,2,1,1,0.75,94.2904,0.0,2.0126,90,0.5,1,1.0
025_C108,25,C,4,6,OPTIMAL,59.9704,4,2,2,0,2,0.5,52.0265,0.0,7.9439,90,0.5,1,1.0
025_C108,25,C,4,7,OPTIMAL,66.6995,4,3,1,2,1,0.75,60.158,0.0,6.5415,90,0.5,1,1.0
025_C108,25,C,4,8,OPTIMAL,123.6839,4,4,2,2,0,1.0,123.6839,0.0,0.0,90,0.5,1,1.0
025_C108,25,C,4,9,OPTIMAL,68.458,4,2,1,1,2,0.5,53.5277,0.0,14.9303,90,0.5,1,1.0
025_C108,25,C,6,0,OPTIMAL,107.2151,6,5,3,2,1,0.8333,102.3169,0.0,4.8982,90,0.5,1,1.0
025_C108,25,C,6,1,OPTIMAL,87.2902,6,2,1,1,4,0.3333,74.9093,0.0,12.3809,90,0.5,1,1.0
025_C108,25,C,6,2,OPTIMAL,108.7729,6,5,3,2,1,0.8333,108.26,0.0,0.5129,90,0.5,1,1.0
025_C108,25,C,6,3,OPTIMAL,101.272,6,4,2,2,2,0.6667,93.9023,0.0,7.3697,90,0.5,1,1.0
025_C108,25,C,6,4,OPTIMAL,54.3973,6,1,1,0,5,0.1667,17.3359,0.0,37.0614,90,0.5,1,1.0
025_C108,25,C,6,5,OPTIMAL,60.4988,6,2,1,1,4,0.3333,41.3747,0.0,19.124,90,0.5,1,1.0
025_C108,25,C,6,6,OPTIMAL,73.4291,6,4,3,1,2,0.6667,64.6431,0.0,8.786,90,0.5,1,1.0
025_C108,25,C,6,7,OPTIMAL,66.2478,6,3,0,3,3,0.5,59.3222,0.0,6.9256,90,0.5,1,1.0
025_C108,25,C,6,8,OPTIMAL,103.2248,6,3,2,1,3,0.5,90.067,0.0,13.1579,90,0.5,1,1.0
025_C108,25,C,6,9,OPTIMAL,84.5751,6,4,2,2,2,0.6667,80.4392,0.0,4.1359,90,0.5,1,1.0
025_C109,25,C,2,0,OPTIMAL,52.2689,2,2,1,1,0,1.0,52.2689,0.0,0.0,90,0.5,1,1.0
025_C109,25,C,2,1,OPTIMAL,59.1309,2,2,1,1,0,1.0,59.1309,0.0,0.0,90,0.5,1,1.0
025_C109,25,C,2,2,OPTIMAL,25.3366,2,1,0,1,1,0.5,21.2684,0.0,4.0682,90,0.5,1,1.0
025_C109,25,C,2,3,OPTIMAL,51.0723,2,2,2,0,0,1.0,51.0723,0.0,0.0,90,0.5,1,1.0
025_C109,25,C,2,4,OPTIMAL,24.163,2,2,0,2,0,1.0,24.163,0.0,0.0,90,0.5,1,1.0
025_C109,25,C,2,5,OPTIMAL,53.8622,2,2,1,1,0,1.0,53.8622,0.0,0.0,90,0.5,1,1.0
025_C109,25,C,2,6,OPTIMAL,72.8951,2,2,1,1,0,1.0,72.8951,0.0,0.0,90,0.5,1,1.0
025_C109,25,C,2,7,OPTIMAL,79.9276,2,2,2,0,0,1.0,79.9276,0.0,0.0,90,0.5,1,1.0
025_C109,25,C,2,8,OPTIMAL,10.0157,2,0,0,0,2,0.0,0.0,0.0,10.0157,90,0.5,1,1.0
025_C109,25,C,2,9,OPTIMAL,60.0748,2,2,2,0,0,1.0,60.0748,0.0,0.0,90,0.5,1,1.0
025_C109,25,C,4,0,OPTIMAL,72.6779,4,3,2,1,1,0.75,72.6655,0.0,0.0124,90,0.5,1,1.0
025_C109,25,C,4,1,OPTIMAL,133.217,4,4,2,2,0,1.0,133.217,0.0,0.0,90,0.5,1,1.0
025_C109,25,C,4,2,OPTIMAL,63.7304,4,2,0,2,2,0.5,54.7203,0.0,9.0101,90,0.5,1,1.0
025_C109,25,C,4,3,OPTIMAL,81.8634,4,3,2,1,1,0.75,73.046,0.0,8.8174,90,0.5,1,1.0
025_C109,25,C,4,4,OPTIMAL,133.3275,4,4,2,2,0,1.0,133.3275,0.0,0.0,90,0.5,1,1.0
025_C109,25,C,4,5,OPTIMAL,88.743,4,3,1,2,1,0.75,85.7795,0.0,2.9635,90,0.5,1,1.0
025_C109,25,C,4,6,OPTIMAL,103.5858,4,4,3,1,0,1.0,103.5858,0.0,0.0,90,0.5,1,1.0
025_C109,25,C,4,7,OPTIMAL,66.6995,4,3,1,2,1,0.75,60.158,0.0,6.5415,90,0.5,1,1.0
025_C109,25,C,4,8,OPTIMAL,96.956,4,3,2,1,1,0.75,83.8542,0.0,13.1018,90,0.5,1,1.0
025_C109,25,C,4,9,OPTIMAL,73.1422,4,3,2,1,1,0.75,68.058,0.0,5.0842,90,0.5,1,1.0
025_C109,25,C,6,0,OPTIMAL,135.0502,6,5,4,1,1,0.8333,129.3177,0.0,5.7325,90,0.5,1,1.0
025_C109,25,C,6,1,OPTIMAL,127.0077,6,4,1,3,2,0.6667,124.9276,0.0,2.0801,90,0.5,1,1.0
025_C109,25,C,6,2,OPTIMAL,118.764,6,6,4,2,0,1.0,118.764,0.0,0.0,90,0.5,1,1.0
025_C109,25,C,6,3,OPTIMAL,160.6852,6,6,5,1,0,1.0,160.6852,0.0,0.0,90,0.5,1,1.0
025_C109,25,C,6,4,OPTIMAL,79.2377,6,5,1,4,1,0.8333,77.1722,0.0,2.0655,90,0.5,1,1.0
025_C109,25,C,6,5,OPTIMAL,55.7747,6,3,1,2,3,0.5,47.7576,0.0,8.0171,90,0.5,1,1.0
025_C109,25,C,6,6,OPTIMAL,70.8352,6,4,3,1,2,0.6667,66.8333,0.0,4.0019,90,0.5,1,1.0
025_C109,25,C,6,7,OPTIMAL,103.4257,6,4,1,3,2,0.6667,98.0588,0.0,5.3668,90,0.5,1,1.0
025_C109,25,C,6,8,OPTIMAL,115.7687,6,4,2,2,2,0.6667,107.577,0.0,8.1917,90,0.5,1,1.0
025_C109,25,C,6,9,OPTIMAL,97.2035,6,5,2,3,1,0.8333,97.18,0.0,0.0235,90,0.5,1,1.0
025_C201,25,C,2,0,OPTIMAL,69.1683,2,2,2,0,0,1.0,69.1683,0.0,0.0,90,0.5,1,1.0
025_C201,25,C,2,1,OPTIMAL,39.5948,2,2,2,0,0,1.0,39.5948,0.0,0.0,90,0.5,1,1.0
025_C201,25,C,2,2,OPTIMAL,51.1827,2,1,1,0,1,0.5,40.5621,0.0,10.6206,90,0.5,1,1.0
025_C201,25,C,2,3,OPTIMAL,48.44,2,1,1,0,1,0.5,25.7848,0.0,22.6551,90,0.5,1,1.0
025_C201,25,C,2,4,OPTIMAL,31.3759,2,1,1,0,1,0.5,27.6017,0.0,3.7742,90,0.5,1,1.0
025_C201,25,C,2,5,OPTIMAL,68.543,2,1,0,1,1,0.5,36.6204,0.0,31.9226,90,0.5,1,1.0
025_C201,25,C,2,6,OPTIMAL,42.2497,2,1,1,0,1,0.5,36.7631,0.0,5.4866,90,0.5,1,1.0
025_C201,25,C,2,7,OPTIMAL,76.6159,2,2,2,0,0,1.0,76.6159,0.0,0.0,90,0.5,1,1.0
025_C201,25,C,2,8,OPTIMAL,28.2032,2,2,2,0,0,1.0,28.2032,0.0,0.0,90,0.5,1,1.0
025_C201,25,C,2,9,OPTIMAL,19.424,2,1,1,0,1,0.5,12.9475,0.0,6.4765,90,0.5,1,1.0
025_C201,25,C,4,0,OPTIMAL,98.3506,4,4,4,0,0,1.0,98.3506,0.0,0.0,90,0.5,1,1.0
025_C201,25,C,4,1,OPTIMAL,81.0923,4,4,4,0,0,1.0,81.0923,0.0,0.0,90,0.5,1,1.0
025_C201,25,C,4,2,OPTIMAL,88.5769,4,3,2,1,1,0.75,79.9199,0.0,8.6571,90,0.5,1,1.0
025_C201,25,C,4,3,OPTIMAL,73.6052,4,2,2,0,2,0.5,36.3672,0.0,37.238,90,0.5,1,1.0
025_C201,25,C,4,4,OPTIMAL,70.2732,4,3,3,0,1,0.75,67.1472,0.0,3.126,90,0.5,1,1.0
025_C201,25,C,4,5,OPTIMAL,72.3534,4,3,3,0,1,0.75,72.295,0.0,0.0585,90,0.5,1,1.0
025_C201,25,C,4,6,OPTIMAL,80.7421,4,3,2,1,1,0.75,79.0539,0.0,1.6881,90,0.5,1,1.0
025_C201,25,C,4,7,OPTIMAL,124.8124,4,4,3,1,0,1.0,124.8124,0.0,0.0,90,0.5,1,1.0
025_C201,25,C,4,8,OPTIMAL,117.3527,4,3,3,0,1,0.75,94.3308,0.0,23.0218,90,0.5,1,1.0
025_C201,25,C,4,9,OPTIMAL,61.8074,4,2,2,0,2,0.5,55.9642,0.0,5.8432,90,0.5,1,1.0
025_C201,25,C,6,0,OPTIMAL,151.7428,6,4,4,0,2,0.6667,140.6408,0.0,11.1019,90,0.5,1,1.0
025_C201,25,C,6,1,OPTIMAL,173.6337,6,6,5,1,0,1.0,173.6337,0.0,0.0,90,0.5,1,1.0
025_C201,25,C,6,2,OPTIMAL,159.325,6,6,5,1,0,1.0,159.325,0.0,0.0,90,0.5,1,1.0
025_C201,25,C,6,3,OPTIMAL,114.0446,6,5,5,0,1,0.8333,114.0318,0.0,0.0127,90,0.5,1,1.0
025_C201,25,C,6,4,OPTIMAL,153.3519,6,5,5,0,1,0.8333,129.8374,0.0,23.5145,90,0.5,1,1.0
025_C201,25,C,6,5,OPTIMAL,74.7604,6,3,3,0,3,0.5,49.2434,0.0,25.5171,90,0.5,1,1.0
025_C201,25,C,6,6,OPTIMAL,129.2178,6,5,5,0,1,0.8333,128.9567,0.0,0.2612,90,0.5,1,1.0
025_C201,25,C,6,7,OPTIMAL,148.1026,6,6,5,1,0,1.0,148.1026,0.0,0.0,90,0.5,1,1.0
025_C201,25,C,6,8,OPTIMAL,150.58,6,6,4,2,0,1.0,150.58,0.0,0.0,90,0.5,1,1.0
025_C201,25,C,6,9,OPTIMAL,144.5477,6,5,4,1,1,0.8333,133.4443,0.0,11.1034,90,0.5,1,1.0
025_C202,25,C,2,0,OPTIMAL,69.1683,2,2,2,0,0,1.0,69.1683,0.0,0.0,90,0.5,1,1.0
025_C202,25,C,2,1,OPTIMAL,39.5948,2,2,2,0,0,1.0,39.5948,0.0,0.0,90,0.5,1,1.0
025_C202,25,C,2,2,OPTIMAL,51.1827,2,1,1,0,1,0.5,40.5621,0.0,10.6206,90,0.5,1,1.0
025_C202,25,C,2,3,OPTIMAL,48.44,2,1,1,0,1,0.5,25.7848,0.0,22.6551,90,0.5,1,1.0
025_C202,25,C,2,4,OPTIMAL,31.3759,2,1,1,0,1,0.5,27.6017,0.0,3.7742,90,0.5,1,1.0
025_C202,25,C,2,5,OPTIMAL,68.543,2,1,1,0,1,0.5,36.6204,0.0,31.9226,90,0.5,1,1.0
025_C202,25,C,2,6,OPTIMAL,42.2497,2,1,1,0,1,0.5,36.7631,0.0,5.4866,90,0.5,1,1.0
025_C202,25,C,2,7,OPTIMAL,76.6159,2,2,2,0,0,1.0,76.6159,0.0,0.0,90,0.5,1,1.0
025_C202,25,C,2,8,OPTIMAL,28.2032,2,2,2,0,0,1.0,28.2032,0.0,0.0,90,0.5,1,1.0
025_C202,25,C,2,9,OPTIMAL,22.8461,2,2,1,1,0,1.0,22.8461,0.0,0.0,90,0.5,1,1.0
025_C202,25,C,4,0,OPTIMAL,98.3506,4,4,4,0,0,1.0,98.3506,0.0,0.0,90,0.5,1,1.0
025_C202,25,C,4,1,OPTIMAL,81.0923,4,4,4,0,0,1.0,81.0923,0.0,0.0,90,0.5,1,1.0
025_C202,25,C,4,2,OPTIMAL,67.1339,4,2,2,0,2,0.5,58.2978,0.0,8.8362,90,0.5,1,1.0
025_C202,25,C,4,3,OPTIMAL,98.5462,4,3,2,1,1,0.75,61.438,0.0,37.1082,90,0.5,1,1.0
025_C202,25,C,4,4,OPTIMAL,70.2732,4,3,3,0,1,0.75,67.1472,0.0,3.126,90,0.5,1,1.0
025_C202,25,C,4,5,OPTIMAL,82.81,4,4,3,1,0,1.0,82.81,0.0,0.0,90,0.5,1,1.0
025_C202,25,C,4,6,OPTIMAL,69.165,4,2,2,0,2,0.5,67.2735,0.0,1.8915,90,0.5,1,1.0
025_C202,25,C,4,7,OPTIMAL,124.8124,4,4,4,0,0,1.0,124.8124,0.0,0.0,90,0.5,1,1.0
025_C202,25,C,4,8,OPTIMAL,117.3527,4,3,3,0,1,0.75,94.3308,0.0,23.0218,90,0.5,1,1.0
025_C202,25,C,4,9,OPTIMAL,72.5247,4,3,3,0,1,0.75,70.451,0.0,2.0738,90,0.5,1,1.0
025_C202,25,C,6,0,OPTIMAL,158.0472,6,5,5,0,1,0.8333,151.9907,0.0,6.0565,90,0.5,1,1.0
025_C202,25,C,6,1,OPTIMAL,163.2372,6,5,5,0,1,0.8333,156.0405,0.0,7.1967,90,0.5,1,1.0
025_C202,25,C,6,2,OPTIMAL,159.325,6,6,5,1,0,1.0,159.325,0.0,0.0,90,0.5,1,1.0
025_C202,25,C,6,3,OPTIMAL,114.0446,6,5,5,0,1,0.8333,114.0318,0.0,0.0127,90,0.5,1,1.0
025_C202,25,C,6,4,OPTIMAL,153.3519,6,5,5,0,1,0.8333,129.8374,0.0,23.5145,90,0.5,1,1.0
025_C202,25,C,6,5,OPTIMAL,74.7604,6,3,3,0,3,0.5,49.2434,0.0,25.5171,90,0.5,1,1.0
025_C202,25,C,6,6,OPTIMAL,129.2178,6,5,5,0,1,0.8333,128.9567,0.0,0.2612,90,0.5,1,1.0
025_C202,25,C,6,7,OPTIMAL,148.1026,6,6,5,1,0,1.0,148.1026,0.0,0.0,90,0.5,1,1.0
025_C202,25,C,6,8,OPTIMAL,150.58,6,6,6,0,0,1.0,150.58,0.0,0.0,90,0.5,1,1.0
025_C202,25,C,6,9,OPTIMAL,149.5455,6,6,5,1,0,1.0,149.5455,0.0,0.0,90,0.5,1,1.0
025_C203,25,C,2,0,OPTIMAL,69.1683,2,2,2,0,0,1.0,69.1683,0.0,0.0,90,0.5,1,1.0
025_C203,25,C,2,1,OPTIMAL,39.5948,2,2,2,0,0,1.0,39.5948,0.0,0.0,90,0.5,1,1.0
025_C203,25,C,2,2,OPTIMAL,51.1827,2,1,1,0,1,0.5,40.5621,0.0,10.6206,90,0.5,1,1.0
025_C203,25,C,2,3,OPTIMAL,63.4316,2,2,1,1,0,1.0,63.4316,0.0,0.0,90,0.5,1,1.0
025_C203,25,C,2,4,OPTIMAL,31.3759,2,1,1,0,1,0.5,27.6017,0.0,3.7742,90,0.5,1,1.0
025_C203,25,C,2,5,OPTIMAL,75.9003,2,2,1,1,0,1.0,75.9003,0.0,0.0,90,0.5,1,1.0
025_C203,25,C,2,6,OPTIMAL,51.4607,2,2,2,0,0,1.0,51.4607,0.0,0.0,90,0.5,1,1.0
025_C203,25,C,2,7,OPTIMAL,76.6159,2,2,2,0,0,1.0,76.6159,0.0,0.0,90,0.5,1,1.0
025_C203,25,C,2,8,OPTIMAL,28.2032,2,2,2,0,0,1.0,28.2032,0.0,0.0,90,0.5,1,1.0
025_C203,25,C,2,9,OPTIMAL,22.8461,2,2,1,1,0,1.0,22.8461,0.0,0.0,90,0.5,1,1.0
025_C203,25,C,4,0,OPTIMAL,98.3506,4,4,4,0,0,1.0,98.3506,0.0,0.0,90,0.5,1,1.0
025_C203,25,C,4,1,OPTIMAL,81.0923,4,4,4,0,0,1.0,81.0923,0.0,0.0,90,0.5,1,1.0
025_C203,25,C,4,2,OPTIMAL,67.1339,4,2,2,0,2,0.5,58.2978,0.0,8.8362,90,0.5,1,1.0
025_C203,25,C,4,3,OPTIMAL,103.2144,4,4,3,1,0,1.0,103.2144,0.0,0.0,90,0.5,1,1.0
025_C203,25,C,4,4,OPTIMAL,106.7143,4,4,4,0,0,1.0,106.7143,0.0,0.0,90,0.5,1,1.0
025_C203,25,C,4,5,OPTIMAL,82.81,4,4,3,1,0,1.0,82.81,0.0,0.0,90,0.5,1,1.0
025_C203,25,C,4,6,OPTIMAL,98.8584,4,3,3,0,1,0.75,98.655,0.0,0.2034,90,0.5,1,1.0
025_C203,25,C,4,7,OPTIMAL,124.8124,4,4,4,0,0,1.0,124.8124,0.0,0.0,90,0.5,1,1.0
025_C203,25,C,4,8,OPTIMAL,124.6158,4,4,3,1,0,1.0,124.6158,0.0,0.0,90,0.5,1,1.0
025_C203,25,C,4,9,OPTIMAL,104.4715,4,4,4,0,0,1.0,104.4715,0.0,0.0,90,0.5,1,1.0
025_C203,25,C,6,0,OPTIMAL,175.0715,6,6,5,1,0,1.0,175.0715,0.0,0.0,90,0.5,1,1.0
025_C203,25,C,6,1,OPTIMAL,163.2372,6,5,5,0,1,0.8333,156.0405,0.0,7.1967,90,0.5,1,1.0
025_C203,25,C,6,2,OPTIMAL,159.325,6,6,5,1,0,1.0,159.325,0.0,0.0,90,0.5,1,1.0
025_C203,25,C,6,3,OPTIMAL,139.0964,6,6,6,0,0,1.0,139.0964,0.0,0.0,90,0.5,1,1.0
025_C203,25,C,6,4,OPTIMAL,155.3745,6,6,6,0,0,1.0,155.3745,0.0,0.0,90,0.5,1,1.0
025_C203,25,C,6,5,OPTIMAL,119.4262,6,5,4,1,1,0.8333,107.4659,0.0,11.9603,90,0.5,1,1.0
025_C203,25,C,6,6,OPTIMAL,136.8078,6,6,6,0,0,1.0,136.8078,0.0,0.0,90,0.5,1,1.0
025_C203,25,C,6,7,OPTIMAL,148.1026,6,6,6,0,0,1.0,148.1026,0.0,0.0,90,0.5,1,1.0
025_C203,25,C,6,8,OPTIMAL,150.58,6,6,6,0,0,1.0,150.58,0.0,0.0,90,0.5,1,1.0
025_C203,25,C,6,9,OPTIMAL,149.5455,6,6,5,1,0,1.0,149.5455,0.0,0.0,90,0.5,1,1.0
025_C204,25,C,2,0,OPTIMAL,69.1683,2,2,2,0,0,1.0,69.1683,0.0,0.0,90,0.5,1,1.0
025_C204,25,C,2,1,OPTIMAL,39.5948,2,2,2,0,0,1.0,39.5948,0.0,0.0,90,0.5,1,1.0
025_C204,25,C,2,2,OPTIMAL,51.1827,2,1,1,0,1,0.5,40.5621,0.0,10.6206,90,0.5,1,1.0
025_C204,25,C,2,3,OPTIMAL,63.4316,2,2,1,1,0,1.0,63.4316,0.0,0.0,90,0.5,1,1.0
025_C204,25,C,2,4,OPTIMAL,31.3759,2,1,1,0,1,0.5,27.6017,0.0,3.7742,90,0.5,1,1.0
025_C204,25,C,2,5,OPTIMAL,75.9003,2,2,1,1,0,1.0,75.9003,0.0,0.0,90,0.5,1,1.0
025_C204,25,C,2,6,OPTIMAL,51.4607,2,2,2,0,0,1.0,51.4607,0.0,0.0,90,0.5,1,1.0
025_C204,25,C,2,7,OPTIMAL,76.6159,2,2,2,0,0,1.0,76.6159,0.0,0.0,90,0.5,1,1.0
025_C204,25,C,2,8,OPTIMAL,28.2032,2,2,2,0,0,1.0,28.2032,0.0,0.0,90,0.5,1,1.0
025_C204,25,C,2,9,OPTIMAL,22.8461,2,2,1,1,0,1.0,22.8461,0.0,0.0,90,0.5,1,1.0
025_C204,25,C,4,0,OPTIMAL,98.3506,4,4,4,0,0,1.0,98.3506,0.0,0.0,90,0.5,1,1.0
025_C204,25,C,4,1,OPTIMAL,81.0923,4,4,4,0,0,1.0,81.0923,0.0,0.0,90,0.5,1,1.0
025_C204,25,C,4,2,OPTIMAL,76.0092,4,3,3,0,1,0.75,75.8301,0.0,0.1791,90,0.5,1,1.0
025_C204,25,C,4,3,OPTIMAL,103.2144,4,4,3,1,0,1.0,103.2144,0.0,0.0,90,0.5,1,1.0
025_C204,25,C,4,4,OPTIMAL,106.7143,4,4,4,0,0,1.0,106.7143,0.0,0.0,90,0.5,1,1.0
025_C204,25,C,4,5,OPTIMAL,82.81,4,4,3,1,0,1.0,82.81,0.0,0.0,90,0.5,1,1.0
025_C204,25,C,4,6,OPTIMAL,98.8584,4,3,3,0,1,0.75,98.655,0.0,0.2034,90,0.5,1,1.0
025_C204,25,C,4,7,OPTIMAL,124.8124,4,4,4,0,0,1.0,124.8124,0.0,0.0,90,0.5,1,1.0
025_C204,25,C,4,8,OPTIMAL,124.6158,4,4,3,1,0,1.0,124.6158,0.0,0.0,90,0.5,1,1.0
025_C204,25,C,4,9,OPTIMAL,104.4715,4,4,4,0,0,1.0,104.4715,0.0,0.0,90,0.5,1,1.0
025_C204,25,C,6,0,OPTIMAL,175.0715,6,6,5,1,0,1.0,175.0715,0.0,0.0,90,0.5,1,1.0
025_C204,25,C,6,1,OPTIMAL,163.2372,6,5,5,0,1,0.8333,156.0405,0.0,7.1967,90,0.5,1,1.0
025_C204,25,C,6,2,OPTIMAL,159.325,6,6,5,1,0,1.0,159.325,0.0,0.0,90,0.5,1,1.0
025_C204,25,C,6,3,OPTIMAL,139.0964,6,6,6,0,0,1.0,139.0964,0.0,0.0,90,0.5,1,1.0
025_C204,25,C,6,4,OPTIMAL,155.3745,6,6,6,0,0,1.0,155.3745,0.0,0.0,90,0.5,1,1.0
025_C204,25,C,6,5,OPTIMAL,119.4262,6,5,4,1,1,0.8333,107.4659,0.0,11.9603,90,0.5,1,1.0
025_C204,25,C,6,6,OPTIMAL,136.8078,6,6,6,0,0,1.0,136.8078,0.0,0.0,90,0.5,1,1.0
025_C204,25,C,6,7,OPTIMAL,148.1026,6,6,6,0,0,1.0,148.1026,0.0,0.0,90,0.5,1,1.0
025_C204,25,C,6,8,OPTIMAL,150.58,6,6,6,0,0,1.0,150.58,0.0,0.0,90,0.5,1,1.0
025_C204,25,C,6,9,OPTIMAL,149.5455,6,6,5,1,0,1.0,149.5455,0.0,0.0,90,0.5,1,1.0
025_C205,25,C,2,0,OPTIMAL,69.1683,2,2,2,0,0,1.0,69.1683,0.0,0.0,90,0.5,1,1.0
025_C205,25,C,2,1,OPTIMAL,39.5948,2,2,2,0,0,1.0,39.5948,0.0,0.0,90,0.5,1,1.0
025_C205,25,C,2,2,OPTIMAL,80.4989,2,2,2,0,0,1.0,80.4989,0.0,0.0,90,0.5,1,1.0
025_C205,25,C,2,3,OPTIMAL,34.9033,2,1,1,0,1,0.5,25.7848,0.0,9.1185,90,0.5,1,1.0
025_C205,25,C,2,4,OPTIMAL,48.3276,2,2,2,0,0,1.0,48.3276,0.0,0.0,90,0.5,1,1.0
025_C205,25,C,2,5,OPTIMAL,75.9003,2,2,1,1,0,1.0,75.9003,0.0,0.0,90,0.5,1,1.0
025_C205,25,C,2,6,OPTIMAL,44.5486,2,1,1,0,1,0.5,36.7631,0.0,7.7855,90,0.5,1,1.0
025_C205,25,C,2,7,OPTIMAL,53.2503,2,1,1,0,1,0.5,37.8009,0.0,15.4493,90,0.5,1,1.0
025_C205,25,C,2,8,OPTIMAL,28.2032,2,2,2,0,0,1.0,28.2032,0.0,0.0,90,0.5,1,1.0
025_C205,25,C,2,9,OPTIMAL,14.6437,2,1,0,1,1,0.5,12.9475,0.0,1.6962,90,0.5,1,1.0
025_C205,25,C,4,0,OPTIMAL,98.3506,4,4,4,0,0,1.0,98.3506,0.0,0.0,90,0.5,1,1.0
025_C205,25,C,4,1,OPTIMAL,59.2106,4,3,3,0,1,0.75,58.6888,0.0,0.5218,90,0.5,1,1.0
025_C205,25,C,4,2,OPTIMAL,90.6606,4,3,3,0,1,0.75,79.9199,0.0,10.7407,90,0.5,1,1.0
025_C205,25,C,4,3,OPTIMAL,64.0193,4,2,2,0,2,0.5,59.8495,0.0,4.1698,90,0.5,1,1.0
025_C205,25,C,4,4,OPTIMAL,70.8758,4,3,3,0,1,0.75,67.1472,0.0,3.7286,90,0.5,1,1.0
025_C205,25,C,4,5,OPTIMAL,71.1814,4,2,2,0,2,0.5,51.0699,0.0,20.1114,90,0.5,1,1.0
025_C205,25,C,4,6,OPTIMAL,77.7768,4,2,2,0,2,0.5,50.14,0.0,27.6368,90,0.5,1,1.0
025_C205,25,C,4,7,OPTIMAL,104.8642,4,3,3,0,1,0.75,82.5942,0.0,22.27,90,0.5,1,1.0
025_C205,25,C,4,8,OPTIMAL,124.6158,4,4,3,1,0,1.0,124.6158,0.0,0.0,90,0.5,1,1.0
025_C205,25,C,4,9,OPTIMAL,67.4592,4,2,2,0,2,0.5,55.9642,0.0,11.495,90,0.5,1,1.0
025_C205,25,C,6,0,OPTIMAL,167.5916,6,5,4,1,1,0.8333,151.9907,0.0,15.601,90,0.5,1,1.0
025_C205,25,C,6,1,OPTIMAL,173.6337,6,6,6,0,0,1.0,173.6337,0.0,0.0,90,0.5,1,1.0
025_C205,25,C,6,2,OPTIMAL,159.325,6,6,6,0,0,1.0,159.325,0.0,0.0,90,0.5,1,1.0
025_C205,25,C,6,3,OPTIMAL,139.0964,6,6,5,1,0,1.0,139.0964,0.0,0.0,90,0.5,1,1.0
025_C205,25,C,6,4,OPTIMAL,148.0245,6,5,4,1,1,0.8333,145.6932,0.0,2.3313,90,0.5,1,1.0
025_C205,25,C,6,5,OPTIMAL,140.5671,6,5,5,0,1,0.8333,133.6651,0.0,6.902,90,0.5,1,1.0
025_C205,25,C,6,6,OPTIMAL,129.1012,6,5,4,1,1,0.8333,123.3641,0.0,5.7371,90,0.5,1,1.0
025_C205,25,C,6,7,OPTIMAL,111.9458,6,4,4,0,2,0.6667,96.4924,0.0,15.4534,90,0.5,1,1.0
025_C205,25,C,6,8,OPTIMAL,150.58,6,6,6,0,0,1.0,150.58,0.0,0.0,90,0.5,1,1.0
025_C205,25,C,6,9,OPTIMAL,125.5926,6,5,4,1,1,0.8333,125.366,0.0,0.2266,90,0.5,1,1.0
025_C206,25,C,2,0,OPTIMAL,69.1683,2,2,2,0,0,1.0,69.1683,0.0,0.0,90,0.5,1,1.0
025_C206,25,C,2,1,OPTIMAL,39.5948,2,2,2,0,0,1.0,39.5948,0.0,0.0,90,0.5,1,1.0
025_C206,25,C,2,2,OPTIMAL,80.4989,2,2,2,0,0,1.0,80.4989,0.0,0.0,90,0.5,1,1.0
025_C206,25,C,2,3,OPTIMAL,63.4316,2,2,2,0,0,1.0,63.4316,0.0,0.0,90,0.5,1,1.0
025_C206,25,C,2,4,OPTIMAL,48.3276,2,2,2,0,0,1.0,48.3276,0.0,0.0,90,0.5,1,1.0
025_C206,25,C,2,5,OPTIMAL,75.9003,2,2,1,1,0,1.0,75.9003,0.0,0.0,90,0.5,1,1.0
025_C206,25,C,2,6,OPTIMAL,45.2352,2,1,0,1,1,0.5,36.7631,0.0,8.4722,90,0.5,1,1.0
025_C206,25,C,2,7,OPTIMAL,76.6159,2,2,2,0,0,1.0,76.6159,0.0,0.0,90,0.5,1,1.0
025_C206,25,C,2,8,OPTIMAL,28.2032,2,2,2,0,0,1.0,28.2032,0.0,0.0,90,0.5,1,1.0
025_C206,25,C,2,9,OPTIMAL,22.8461,2,2,2,0,0,1.0,22.8461,0.0,0.0,90,0.5,1,1.0
025_C206,25,C,4,0,OPTIMAL,98.3506,4,4,3,1,0,1.0,98.3506,0.0,0.0,90,0.5,1,1.0
025_C206,25,C,4,1,OPTIMAL,50.0079,4,2,2,0,2,0.5,36.7291,0.0,13.2787,90,0.5,1,1.0
025_C206,25,C,4,2,OPTIMAL,90.6606,4,3,3,0,1,0.75,79.9199,0.0,10.7407,90,0.5,1,1.0
025_C206,25,C,4,3,OPTIMAL,87.2975,4,3,2,1,1,0.75,84.9202,0.0,2.3773,90,0.5,1,1.0
025_C206,25,C,4,4,OPTIMAL,73.4563,4,3,3,0,1,0.75,67.1472,0.0,6.3091,90,0.5,1,1.0
025_C206,25,C,4,5,OPTIMAL,82.81,4,4,4,0,0,1.0,82.81,0.0,0.0,90,0.5,1,1.0
025_C206,25,C,4,6,OPTIMAL,65.9813,4,2,1,1,2,0.5,40.6943,0.0,25.287,90,0.5,1,1.0
025_C206,25,C,4,7,OPTIMAL,102.3222,4,3,3,0,1,0.75,101.12,0.0,1.2021,90,0.5,1,1.0
025_C206,25,C,4,8,OPTIMAL,117.571,4,3,2,1,1,0.75,103.1311,0.0,14.4399,90,0.5,1,1.0
025_C206,25,C,4,9,OPTIMAL,69.3186,4,2,2,0,2,0.5,55.9642,0.0,13.3544,90,0.5,1,1.0
025_C206,25,C,6,0,OPTIMAL,162.7147,6,4,3,1,2,0.6667,140.6408,0.0,22.0738,90,0.5,1,1.0
025_C206,25,C,6,1,OPTIMAL,155.6686,6,5,4,1,1,0.8333,138.0143,0.0,17.6544,90,0.5,1,1.0
025_C206,25,C,6,2,OPTIMAL,159.325,6,6,6,0,0,1.0,159.325,0.0,0.0,90,0.5,1,1.0
025_C206,25,C,6,3,OPTIMAL,114.3211,6,5,5,0,1,0.8333,114.0318,0.0,0.2892,90,0.5,1,1.0
025_C206,25,C,6,4,OPTIMAL,155.3745,6,6,6,0,0,1.0,155.3745,0.0,0.0,90,0.5,1,1.0
025_C206,25,C,6,5,OPTIMAL,131.3357,6,5,5,0,1,0.8333,127.9017,0.0,3.434,90,0.5,1,1.0
025_C206,25,C,6,6,OPTIMAL,131.2512,6,5,5,0,1,0.8333,123.3641,0.0,7.8871,90,0.5,1,1.0
025_C206,25,C,6,7,OPTIMAL,118.0418,6,5,4,1,1,0.8333,116.3977,0.0,1.6441,90,0.5,1,1.0
025_C206,25,C,6,8,OPTIMAL,143.1545,6,5,3,2,1,0.8333,141.1077,0.0,2.0468,90,0.5,1,1.0
025_C206,25,C,6,9,OPTIMAL,125.6127,6,5,4,1,1,0.8333,125.366,0.0,0.2467,90,0.5,1,1.0
025_C207,25,C,2,0,OPTIMAL,69.1683,2,2,2,0,0,1.0,69.1683,0.0,0.0,90,0.5,1,1.0
025_C207,25,C,2,1,OPTIMAL,32.0301,2,1,1,0,1,0.5,24.8477,0.0,7.1823,90,0.5,1,1.0
025_C207,25,C,2,2,OPTIMAL,80.4989,2,2,1,1,0,1.0,80.4989,0.0,0.0,90,0.5,1,1.0
025_C207,25,C,2,3,OPTIMAL,63.4316,2,2,2,0,0,1.0,63.4316,0.0,0.0,90,0.5,1,1.0
025_C207,25,C,2,4,OPTIMAL,39.4423,2,1,1,0,1,0.5,27.6017,0.0,11.8406,90,0.5,1,1.0
025_C207,25,C,2,5,OPTIMAL,75.9003,2,2,2,0,0,1.0,75.9003,0.0,0.0,90,0.5,1,1.0
025_C207,25,C,2,6,OPTIMAL,43.8829,2,1,1,0,1,0.5,36.7631,0.0,7.1199,90,0.5,1,1.0
025_C207,25,C,2,7,OPTIMAL,76.6159,2,2,2,0,0,1.0,76.6159,0.0,0.0,90,0.5,1,1.0
025_C207,25,C,2,8,OPTIMAL,28.2032,2,2,2,0,0,1.0,28.2032,0.0,0.0,90,0.5,1,1.0
025_C207,25,C,2,9,OPTIMAL,22.8461,2,2,2,0,0,1.0,22.8461,0.0,0.0,90,0.5,1,1.0
025_C207,25,C,4,0,OPTIMAL,71.8348,4,3,2,1,1,0.75,59.0476,0.0,12.7872,90,0.5,1,1.0
025_C207,25,C,4,1,OPTIMAL,46.9902,4,2,1,1,2,0.5,36.7291,0.0,10.2611,90,0.5,1,1.0
025_C207,25,C,4,2,OPTIMAL,97.4522,4,4,3,1,0,1.0,97.4522,0.0,0.0,90,0.5,1,1.0
025_C207,25,C,4,3,OPTIMAL,94.3351,4,3,3,0,1,0.75,85.1413,0.0,9.1938,90,0.5,1,1.0
025_C207,25,C,4,4,OPTIMAL,65.5282,4,2,2,0,2,0.5,47.4309,0.0,18.0972,90,0.5,1,1.0
025_C207,25,C,4,5,OPTIMAL,82.81,4,4,4,0,0,1.0,82.81,0.0,0.0,90,0.5,1,1.0
025_C207,25,C,4,6,OPTIMAL,110.4354,4,4,2,2,0,1.0,110.4354,0.0,0.0,90,0.5,1,1.0
025_C207,25,C,4,7,OPTIMAL,103.5432,4,3,3,0,1,0.75,101.12,0.0,2.4232,90,0.5,1,1.0
025_C207,25,C,4,8,OPTIMAL,124.6158,4,4,3,1,0,1.0,124.6158,0.0,0.0,90,0.5,1,1.0
025_C207,25,C,4,9,OPTIMAL,40.3274,4,1,1,0,3,0.25,23.5918,0.0,16.7356,90,0.5,1,1.0
025_C207,25,C,6,0,OPTIMAL,166.5568,6,5,4,1,1,0.8333,136.366,0.0,30.1909,90,0.5,1,1.0
025_C207,25,C,6,1,OPTIMAL,123.5843,6,4,4,0,2,0.6667,109.1022,0.0,14.4821,90,0.5,1,1.0
025_C207,25,C,6,2,OPTIMAL,159.325,6,6,5,1,0,1.0,159.325,0.0,0.0,90,0.5,1,1.0
025_C207,25,C,6,3,OPTIMAL,129.1556,6,5,4,1,1,0.8333,121.7791,0.0,7.3765,90,0.5,1,1.0
025_C207,25,C,6,4,OPTIMAL,98.0511,6,4,3,1,2,0.6667,90.5715,0.0,7.4795,90,0.5,1,1.0
025_C207,25,C,6,5,OPTIMAL,148.7581,6,6,5,1,0,1.0,148.7581,0.0,0.0,90,0.5,1,1.0
025_C207,25,C,6,6,OPTIMAL,113.5775,6,4,4,0,2,0.6667,90.2438,0.0,23.3337,90,0.5,1,1.0
025_C207,25,C,6,7,OPTIMAL,118.4331,6,5,5,0,1,0.8333,111.1991,0.0,7.2339,90,0.5,1,1.0
025_C207,25,C,6,8,OPTIMAL,139.7072,6,5,3,2,1,0.8333,114.5655,0.0,25.1416,90,0.5,1,1.0
025_C207,25,C,6,9,OPTIMAL,114.0092,6,4,4,0,2,0.6667,111.8232,0.0,2.186,90,0.5,1,1.0
025_C208,25,C,2,0,OPTIMAL,69.1683,2,2,2,0,0,1.0,69.1683,0.0,0.0,90,0.5,1,1.0
025_C208,25,C,2,1,OPTIMAL,39.5948,2,2,2,0,0,1.0,39.5948,0.0,0.0,90,0.5,1,1.0
025_C208,25,C,2,2,OPTIMAL,80.4989,2,2,2,0,0,1.0,80.4989,0.0,0.0,90,0.5,1,1.0
025_C208,25,C,2,3,OPTIMAL,63.4316,2,2,2,0,0,1.0,63.4316,0.0,0.0,90,0.5,1,1.0
025_C208,25,C,2,4,OPTIMAL,48.3276,2,2,1,1,0,1.0,48.3276,0.0,0.0,90,0.5,1,1.0
025_C208,25,C,2,5,OPTIMAL,75.9003,2,2,2,0,0,1.0,75.9003,0.0,0.0,90,0.5,1,1.0
025_C208,25,C,2,6,OPTIMAL,51.4607,2,2,2,0,0,1.0,51.4607,0.0,0.0,90,0.5,1,1.0
025_C208,25,C,2,7,OPTIMAL,76.6159,2,2,2,0,0,1.0,76.6159,0.0,0.0,90,0.5,1,1.0
025_C208,25,C,2,8,OPTIMAL,28.2032,2,2,2,0,0,1.0,28.2032,0.0,0.0,90,0.5,1,1.0
025_C208,25,C,2,9,OPTIMAL,22.8461,2,2,1,1,0,1.0,22.8461,0.0,0.0,90,0.5,1,1.0
025_C208,25,C,4,0,OPTIMAL,69.203,4,3,2,1,1,0.75,59.0476,0.0,10.1554,90,0.5,1,1.0
025_C208,25,C,4,1,OPTIMAL,60.4131,4,3,3,0,1,0.75,58.6888,0.0,1.7243,90,0.5,1,1.0
025_C208,25,C,4,2,OPTIMAL,89.073,4,3,3,0,1,0.75,75.8301,0.0,13.2429,90,0.5,1,1.0
025_C208,25,C,4,3,OPTIMAL,85.6371,4,3,3,0,1,0.75,84.9202,0.0,0.7168,90,0.5,1,1.0
025_C208,25,C,4,4,OPTIMAL,106.7143,4,4,3,1,0,1.0,106.7143,0.0,0.0,90,0.5,1,1.0
025_C208,25,C,4,5,OPTIMAL,78.0554,4,3,3,0,1,0.75,61.585,0.0,16.4704,90,0.5,1,1.0
025_C208,25,C,4,6,OPTIMAL,82.5325,4,2,2,0,2,0.5,60.2954,0.0,22.2372,90,0.5,1,1.0
025_C208,25,C,4,7,OPTIMAL,103.6908,4,3,3,0,1,0.75,101.12,0.0,2.5708,90,0.5,1,1.0
025_C208,25,C,4,8,OPTIMAL,124.6158,4,4,4,0,0,1.0,124.6158,0.0,0.0,90,0.5,1,1.0
025_C208,25,C,4,9,OPTIMAL,104.4715,4,4,3,1,0,1.0,104.4715,0.0,0.0,90,0.5,1,1.0
025_C208,25,C,6,0,OPTIMAL,175.0715,6,6,5,1,0,1.0,175.0715,0.0,0.0,90,0.5,1,1.0
025_C208,25,C,6,1,OPTIMAL,124.8249,6,4,3,1,2,0.6667,120.4211,0.0,4.4039,90,0.5,1,1.0
025_C208,25,C,6,2,OPTIMAL,159.325,6,6,6,0,0,1.0,159.325,0.0,0.0,90,0.5,1,1.0
025_C208,25,C,6,3,OPTIMAL,130.0623,6,5,5,0,1,0.8333,126.9221,0.0,3.1401,90,0.5,1,1.0
025_C208,25,C,6,4,OPTIMAL,124.6553,6,3,3,0,3,0.5,98.848,0.0,25.8073,90,0.5,1,1.0
025_C208,25,C,6,5,OPTIMAL,136.8309,6,5,5,0,1,0.8333,127.9017,0.0,8.9292,90,0.5,1,1.0
025_C208,25,C,6,6,OPTIMAL,121.2009,6,5,4,1,1,0.8333,114.2294,0.0,6.9714,90,0.5,1,1.0
025_C208,25,C,6,7,OPTIMAL,116.4564,6,5,5,0,1,0.8333,116.3977,0.0,0.0587,90,0.5,1,1.0
025_C208,25,C,6,8,OPTIMAL,150.58,6,6,6,0,0,1.0,150.58,0.0,0.0,90,0.5,1,1.0
025_C208,25,C,6,9,OPTIMAL,128.6296,6,5,4,1,1,0.8333,125.5378,0.0,3.0918,90,0.5,1,1.0
025_R101,25,R,2,0,OPTIMAL,3.9376,2,0,0,0,2,0.0,0.0,0.0,3.9376,90,0.5,1,1.0
025_R101,25,R,2,1,OPTIMAL,8.9964,2,0,0,0,2,0.0,0.0,0.0,8.9964,90,0.5,1,1.0
025_R101,25,R,2,2,OPTIMAL,60.6384,2,1,0,1,1,0.5,34.1166,0.0,26.5218,90,0.5,1,1.0
025_R101,25,R,2,3,OPTIMAL,55.5899,2,1,0,1,1,0.5,30.9439,0.4699,24.1761,90,0.5,1,1.0
025_R101,25,R,2,4,OPTIMAL,0.2164,2,0,0,0,2,0.0,0.0,0.0,0.2164,90,0.5,1,1.0
025_R101,25,R,2,5,OPTIMAL,13.5247,2,0,0,0,2,0.0,0.0,0.0,13.5247,90,0.5,1,1.0
025_R101,25,R,2,6,OPTIMAL,51.5845,2,1,1,0,1,0.5,32.0129,0.0,19.5716,90,0.5,1,1.0
025_R101,25,R,2,7,OPTIMAL,24.2981,2,0,0,0,2,0.0,0.0,0.0,24.2981,90,0.5,1,1.0
025_R101,25,R,2,8,OPTIMAL,23.2414,2,0,0,0,2,0.0,0.0,0.0,23.2414,90,0.5,1,1.0
025_R101,25,R,2,9,OPTIMAL,4.3411,2,0,0,0,2,0.0,0.0,0.0,4.3411,90,0.5,1,1.0
025_R101,25,R,4,0,OPTIMAL,51.1316,4,1,0,1,3,0.25,28.0968,0.0,23.0349,90,0.5,1,1.0
025_R101,25,R,4,1,OPTIMAL,13.4923,4,0,0,0,4,0.0,0.0,0.0,13.4923,90,0.5,1,1.0
025_R101,25,R,4,2,OPTIMAL,35.9614,4,1,0,1,3,0.25,27.1251,0.0,8.8363,90,0.5,1,1.0
025_R101,25,R,4,3,OPTIMAL,69.6372,4,2,0,2,2,0.5,56.837,0.0,12.8002,90,0.5,1,1.0
025_R101,25,R,4,4,OPTIMAL,48.0875,4,0,0,0,4,0.0,0.0,0.6872,47.4004,90,0.5,1,1.0
025_R101,25,R,4,5,OPTIMAL,70.27,4,0,0,0,4,0.0,0.0,0.0,70.27,90,0.5,1,1.0
025_R101,25,R,4,6,OPTIMAL,18.7922,4,0,0,0,4,0.0,0.0,0.0,18.7922,90,0.5,1,1.0
025_R101,25,R,4,7,OPTIMAL,75.3616,4,0,0,0,4,0.0,0.0,0.0,75.3616,90,0.5,1,1.0
025_R101,25,R,4,8,OPTIMAL,35.3258,4,1,0,1,3,0.25,34.0767,0.0,1.2491,90,0.5,1,1.0
025_R101,25,R,4,9,OPTIMAL,78.6151,4,3,0,3,1,0.75,75.9552,0.0,2.6599,90,0.5,1,1.0
025_R101,25,R,6,0,OPTIMAL,62.6673,6,0,0,0,6,0.0,0.0,0.827,61.8403,90,0.5,1,1.0
025_R101,25,R,6,1,OPTIMAL,70.508,6,1,0,1,5,0.1667,28.3546,0.0,42.1533,90,0.5,1,1.0
025_R101,25,R,6,2,OPTIMAL,93.8031,6,2,0,2,4,0.3333,60.3317,0.0,33.4714,90,0.5,1,1.0
025_R101,25,R,6,3,OPTIMAL,93.6713,6,3,0,3,3,0.5,85.0108,0.0,8.6605,90,0.5,1,1.0
025_R101,25,R,6,4,OPTIMAL,27.1972,6,0,0,0,6,0.0,0.0,0.0,27.1972,90,0.5,1,1.0
025_R101,25,R,6,5,OPTIMAL,99.8844,6,2,0,2,4,0.3333,69.1339,0.0,30.7505,90,0.5,1,1.0
025_R101,25,R,6,6,OPTIMAL,90.6543,6,2,1,1,4,0.3333,69.9723,0.0,20.682,90,0.5,1,1.0
025_R101,25,R,6,7,OPTIMAL,79.4755,6,2,2,0,4,0.3333,63.1536,0.0,16.3219,90,0.5,1,1.0
025_R101,25,R,6,8,OPTIMAL,60.348,6,1,0,1,5,0.1667,29.2899,0.0,31.0581,90,0.5,1,1.0
025_R101,25,R,6,9,OPTIMAL,42.2638,6,0,0,0,6,0.0,0.0,0.0,42.2638,90,0.5,1,1.0
025_R102,25,R,2,0,OPTIMAL,4.9634,2,0,0,0,2,0.0,0.0,0.0,4.9634,90,0.5,1,1.0
025_R102,25,R,2,1,OPTIMAL,8.862,2,0,0,0,2,0.0,0.0,0.0,8.862,90,0.5,1,1.0
025_R102,25,R,2,2,OPTIMAL,60.6384,2,1,1,0,1,0.5,34.1166,0.0,26.5218,90,0.5,1,1.0
025_R102,25,R,2,3,OPTIMAL,48.3147,2,0,0,0,2,0.0,0.0,0.0,48.3147,90,0.5,1,1.0
025_R102,25,R,2,4,OPTIMAL,0.2807,2,0,0,0,2,0.0,0.0,0.0,0.2807,90,0.5,1,1.0
025_R102,25,R,2,5,OPTIMAL,13.5247,2,0,0,0,2,0.0,0.0,0.0,13.5247,90,0.5,1,1.0
025_R102,25,R,2,6,OPTIMAL,50.0078,2,0,0,0,2,0.0,0.0,0.0,50.0078,90,0.5,1,1.0
025_R102,25,R,2,7,OPTIMAL,25.286,2,0,0,0,2,0.0,0.0,0.0,25.286,90,0.5,1,1.0
025_R102,25,R,2,8,OPTIMAL,19.7674,2,0,0,0,2,0.0,0.0,0.0,19.7674,90,0.5,1,1.0
025_R102,25,R,2,9,OPTIMAL,4.3411,2,0,0,0,2,0.0,0.0,0.0,4.3411,90,0.5,1,1.0
025_R102,25,R,4,0,OPTIMAL,62.3072,4,1,0,1,3,0.25,28.0968,1.4531,32.7574,90,0.5,1,1.0
025_R102,25,R,4,1,OPTIMAL,18.3315,4,0,0,0,4,0.0,0.0,0.0,18.3315,90,0.5,1,1.0
025_R102,25,R,4,2,OPTIMAL,35.9614,4,1,0,1,3,0.25,27.1251,0.0,8.8363,90,0.5,1,1.0
025_R102,25,R,4,3,OPTIMAL,69.6372,4,2,0,2,2,0.5,56.837,0.0,12.8002,90,0.5,1,1.0
025_R102,25,R,4,4,OPTIMAL,39.2938,4,0,0,0,4,0.0,0.0,0.0,39.2938,90,0.5,1,1.0
025_R102,25,R,4,5,OPTIMAL,57.0952,4,0,0,0,4,0.0,0.0,0.0,57.0952,90,0.5,1,1.0
025_R102,25,R,4,6,OPTIMAL,18.5411,4,0,0,0,4,0.0,0.0,0.0,18.5411,90,0.5,1,1.0
025_R102,25,R,4,7,OPTIMAL,79.8158,4,2,1,1,2,0.5,56.2348,0.0,23.581,90,0.5,1,1.0
025_R102,25,R,4,8,OPTIMAL,35.3258,4,1,1,0,3,0.25,34.0767,0.0,1.2491,90,0.5,1,1.0
025_R102,25,R,4,9,OPTIMAL,61.5231,4,1,0,1,3,0.25,31.8093,0.0,29.7138,90,0.5,1,1.0
025_R102,25,R,6,0,OPTIMAL,42.801,6,0,0,0,6,0.0,0.0,0.0,42.801,90,0.5,1,1.0
025_R102,25,R,6,1,OPTIMAL,57.8875,6,0,0,0,6,0.0,0.0,0.0,57.8875,90,0.5,1,1.0
025_R102,25,R,6,2,OPTIMAL,93.0652,6,2,0,2,4,0.3333,60.3317,0.0,32.7335,90,0.5,1,1.0
025_R102,25,R,6,3,OPTIMAL,82.3263,6,2,0,2,4,0.3333,59.0994,0.0,23.2269,90,0.5,1,1.0
025_R102,25,R,6,4,OPTIMAL,24.2689,6,0,0,0,6,0.0,0.0,0.0,24.2689,90,0.5,1,1.0
025_R102,25,R,6,5,OPTIMAL,83.5547,6,1,1,0,5,0.1667,33.4788,0.0,50.0759,90,0.5,1,1.0
025_R102,25,R,6,6,OPTIMAL,54.6275,6,1,0,1,5,0.1667,33.7379,0.0,20.8896,90,0.5,1,1.0
025_R102,25,R,6,7,OPTIMAL,65.6164,6,1,1,0,5,0.1667,32.9715,0.0,32.6449,90,0.5,1,1.0
025_R102,25,R,6,8,OPTIMAL,60.3423,6,1,1,0,5,0.1667,29.2899,0.0,31.0524,90,0.5,1,1.0
025_R102,25,R,6,9,OPTIMAL,46.8929,6,0,0,0,6,0.0,0.0,0.0,46.8929,90,0.5,1,1.0
025_R103,25,R,2,0,OPTIMAL,3.9376,2,0,0,0,2,0.0,0.0,0.0,3.9376,90,0.5,1,1.0
025_R103,25,R,2,1,OPTIMAL,12.0224,2,0,0,0,2,0.0,0.0,0.0,12.0224,90,0.5,1,1.0
025_R103,25,R,2,2,OPTIMAL,60.6384,2,1,1,0,1,0.5,34.1166,0.0,26.5218,90,0.5,1,1.0
025_R103,25,R,2,3,OPTIMAL,43.6393,2,1,0,1,1,0.5,30.9439,0.0,12.6954,90,0.5,1,1.0
025_R103,25,R,2,4,OPTIMAL,5.3544,2,0,0,0,2,0.0,0.0,0.0,5.3544,90,0.5,1,1.0
025_R103,25,R,2,5,OPTIMAL,13.5247,2,0,0,0,2,0.0,0.0,0.0,13.5247,90,0.5,1,1.0
025_R103,25,R,2,6,OPTIMAL,23.5999,2,0,0,0,2,0.0,0.0,0.0,23.5999,90,0.5,1,1.0
025_R103,25,R,2,7,OPTIMAL,25.286,2,0,0,0,2,0.0,0.0,0.0,25.286,90,0.5,1,1.0
025_R103,25,R,2,8,OPTIMAL,29.1916,2,0,0,0,2,0.0,0.0,0.0,29.1916,90,0.5,1,1.0
025_R103,25,R,2,9,OPTIMAL,4.3411,2,0,0,0,2,0.0,0.0,0.0,4.3411,90,0.5,1,1.0
025_R103,25,R,4,0,OPTIMAL,79.567,4,2,0,2,2,0.5,59.5469,0.0,20.0201,90,0.5,1,1.0
025_R103,25,R,4,1,OPTIMAL,38.3583,4,0,0,0,4,0.0,0.0,0.0,38.3583,90,0.5,1,1.0
025_R103,25,R,4,2,OPTIMAL,30.4011,4,0,0,0,4,0.0,0.0,0.0,30.4011,90,0.5,1,1.0
025_R103,25,R,4,3,OPTIMAL,68.9408,4,1,0,1,3,0.25,30.3654,0.0,38.5754,90,0.5,1,1.0
025_R103,25,R,4,4,OPTIMAL,40.2462,4,0,0,0,4,0.0,0.0,0.0,40.2462,90,0.5,1,1.0
025_R103,25,R,4,5,OPTIMAL,64.9632,4,1,0,1,3,0.25,31.309,0.0,33.6542,90,0.5,1,1.0
025_R103,25,R,4,6,OPTIMAL,17.4864,4,0,0,0,4,0.0,0.0,0.0,17.4864,90,0.5,1,1.0
025_R103,25,R,4,7,OPTIMAL,77.0103,4,1,0,1,3,0.25,22.9316,0.0,54.0786,90,0.5,1,1.0
025_R103,25,R,4,8,OPTIMAL,35.3258,4,1,1,0,3,0.25,34.0767,0.0,1.2491,90,0.5,1,1.0
025_R103,25,R,4,9,OPTIMAL,52.8387,4,1,0,1,3,0.25,31.8093,0.0,21.0294,90,0.5,1,1.0
025_R103,25,R,6,0,OPTIMAL,67.7818,6,0,0,0,6,0.0,0.0,0.0,67.7818,90,0.5,1,1.0
025_R103,25,R,6,1,OPTIMAL,61.3247,6,1,0,1,5,0.1667,33.6592,0.0,27.6655,90,0.5,1,1.0
025_R103,25,R,6,2,OPTIMAL,114.2239,6,2,0,2,4,0.3333,60.3317,0.0,53.8922,90,0.5,1,1.0
025_R103,25,R,6,3,OPTIMAL,82.2131,6,2,0,2,4,0.3333,59.0994,0.0,23.1137,90,0.5,1,1.0
025_R103,25,R,6,4,OPTIMAL,30.3805,6,0,0,0,6,0.0,0.0,0.0,30.3805,90,0.5,1,1.0
025_R103,25,R,6,5,OPTIMAL,105.0227,6,2,0,2,4,0.3333,52.9881,0.0,52.0345,90,0.5,1,1.0
025_R103,25,R,6,6,OPTIMAL,102.7444,6,2,0,2,4,0.3333,66.609,0.5942,35.5411,90,0.5,1,1.0
025_R103,25,R,6,7,OPTIMAL,64.6679,6,1,1,0,5,0.1667,32.9715,0.0,31.6963,90,0.5,1,1.0
025_R103,25,R,6,8,OPTIMAL,93.7664,6,2,1,1,4,0.3333,50.2693,0.0,43.4971,90,0.5,1,1.0
025_R103,25,R,6,9,OPTIMAL,63.4052,6,0,0,0,6,0.0,0.0,0.0,63.4052,90,0.5,1,1.0
025_R104,25,R,2,0,OPTIMAL,22.6871,2,1,0,1,1,0.5,19.8843,0.0,2.8028,90,0.5,1,1.0
025_R104,25,R,2,1,OPTIMAL,30.6699,2,1,0,1,1,0.5,26.8789,0.0,3.791,90,0.5,1,1.0
025_R104,25,R,2,2,OPTIMAL,35.1907,2,1,1,0,1,0.5,34.1166,0.0,1.0741,90,0.5,1,1.0
025_R104,25,R,2,3,OPTIMAL,31.3869,2,1,0,1,1,0.5,30.9439,0.0,0.443,90,0.5,1,1.0
025_R104,25,R,2,4,OPTIMAL,14.7556,2,1,0,1,1,0.5,14.6258,0.0,0.1297,90,0.5,1,1.0
025_R104,25,R,2,5,OPTIMAL,31.2043,2,1,1,0,1,0.5,30.3653,0.0,0.839,90,0.5,1,1.0
025_R104,25,R,2,6,OPTIMAL,36.7389,2,1,1,0,1,0.5,32.7106,0.0,4.0283,90,0.5,1,1.0
025_R104,25,R,2,7,OPTIMAL,2.8581,2,0,0,0,2,0.0,0.0,0.0,2.8581,90,0.5,1,1.0
025_R104,25,R,2,8,OPTIMAL,46.4027,2,2,0,2,0,1.0,46.4027,0.0,0.0,90,0.5,1,1.0
025_R104,25,R,2,9,OPTIMAL,14.8547,2,0,0,0,2,0.0,0.0,0.0,14.8547,90,0.5,1,1.0
025_R104,25,R,4,0,OPTIMAL,71.224,4,1,1,0,3,0.25,19.607,0.4531,51.164,90,0.5,1,1.0
025_R104,25,R,4,1,OPTIMAL,68.3585,4,2,1,1,2,0.5,57.1113,0.0,11.2472,90,0.5,1,1.0
025_R104,25,R,4,2,OPTIMAL,46.8089,4,1,0,1,3,0.25,26.9836,0.0,19.8253,90,0.5,1,1.0
025_R104,25,R,4,3,OPTIMAL,101.7101,4,3,1,2,1,0.75,84.4469,0.0,17.2632,90,0.5,1,1.0
025_R104,25,R,4,4,OPTIMAL,41.0108,4,0,0,0,4,0.0,0.0,0.0,41.0108,90,0.5,1,1.0
025_R104,25,R,4,5,OPTIMAL,63.7344,4,1,0,1,3,0.25,28.9016,0.0,34.8328,90,0.5,1,1.0
025_R104,25,R,4,6,OPTIMAL,36.3696,4,1,0,1,3,0.25,28.0513,0.0,8.3183,90,0.5,1,1.0
025_R104,25,R,4,7,OPTIMAL,65.7967,4,1,0,1,3,0.25,33.3032,0.0,32.4935,90,0.5,1,1.0
025_R104,25,R,4,8,OPTIMAL,64.826,4,2,0,2,2,0.5,34.0233,0.0,30.8027,90,0.5,1,1.0
025_R104,25,R,4,9,OPTIMAL,52.9807,4,1,0,1,3,0.25,31.8093,0.0,21.1714,90,0.5,1,1.0
025_R104,25,R,6,0,OPTIMAL,113.656,6,4,0,4,2,0.6667,113.0296,0.0,0.6263,90,0.5,1,1.0
025_R104,25,R,6,1,OPTIMAL,115.3653,6,4,2,2,2,0.6667,113.7851,0.0,1.5802,90,0.5,1,1.0
025_R104,25,R,6,2,OPTIMAL,118.5377,6,3,1,2,3,0.5,86.8675,0.0,31.6702,90,0.5,1,1.0
025_R104,25,R,6,3,OPTIMAL,107.2596,6,4,1,3,2,0.6667,103.6602,0.0,3.5994,90,0.5,1,1.0
025_R104,25,R,6,4,OPTIMAL,86.4102,6,3,1,2,3,0.5,68.8524,0.0,17.5578,90,0.5,1,1.0
025_R104,25,R,6,5,OPTIMAL,120.6316,6,2,1,1,4,0.3333,56.7755,0.0,63.8561,90,0.5,1,1.0
025_R104,25,R,6,6,OPTIMAL,92.4407,6,2,0,2,4,0.3333,66.609,0.0,25.8317,90,0.5,1,1.0
025_R104,25,R,6,7,OPTIMAL,96.2954,6,3,2,1,3,0.5,93.057,0.0,3.2384,90,0.5,1,1.0
025_R104,25,R,6,8,OPTIMAL,97.1544,6,3,2,1,3,0.5,63.9591,0.0,33.1953,90,0.5,1,1.0
025_R104,25,R,6,9,OPTIMAL,80.3359,6,2,1,1,4,0.3333,47.5348,0.0,32.8011,90,0.5,1,1.0
025_R105,25,R,2,0,OPTIMAL,22.6613,2,1,0,1,1,0.5,19.8843,0.0,2.777,90,0.5,1,1.0
025_R105,25,R,2,1,OPTIMAL,27.6439,2,1,0,1,1,0.5,26.8789,0.0,0.765,90,0.5,1,1.0
025_R105,25,R,2,2,OPTIMAL,63.9784,2,2,1,1,0,1.0,63.9784,0.0,0.0,90,0.5,1,1.0
025_R105,25,R,2,3,OPTIMAL,16.0516,2,0,0,0,2,0.0,0.0,0.0,16.0516,90,0.5,1,1.0
025_R105,25,R,2,4,OPTIMAL,18.5147,2,0,0,0,2,0.0,0.0,0.0,18.5147,90,0.5,1,1.0
025_R105,25,R,2,5,OPTIMAL,51.0554,2,1,0,1,1,0.5,30.3653,0.0,20.6901,90,0.5,1,1.0
025_R105,25,R,2,6,OPTIMAL,51.5845,2,1,1,0,1,0.5,32.0129,0.0,19.5716,90,0.5,1,1.0
025_R105,25,R,2,7,OPTIMAL,27.7917,2,0,0,0,2,0.0,0.0,0.0,27.7917,90,0.5,1,1.0
025_R105,25,R,2,8,OPTIMAL,38.705,2,1,0,1,1,0.5,32.5706,0.0,6.1344,90,0.5,1,1.0
025_R105,25,R,2,9,OPTIMAL,14.8547,2,0,0,0,2,0.0,0.0,0.0,14.8547,90,0.5,1,1.0
025_R105,25,R,4,0,OPTIMAL,94.7481,4,3,0,3,1,0.75,87.9323,0.0,6.8159,90,0.5,1,1.0
025_R105,25,R,4,1,OPTIMAL,28.0003,4,1,0,1,3,0.25,27.1786,0.0,0.8217,90,0.5,1,1.0
025_R105,25,R,4,2,OPTIMAL,13.9448,4,0,0,0,4,0.0,0.0,0.0,13.9448,90,0.5,1,1.0
025_R105,25,R,4,3,OPTIMAL,62.5164,4,2,0,2,2,0.5,59.4259,0.0,3.0905,90,0.5,1,1.0
025_R105,25,R,4,4,OPTIMAL,32.4593,4,0,0,0,4,0.0,0.0,0.0,32.4593,90,0.5,1,1.0
025_R105,25,R,4,5,OPTIMAL,48.7778,4,0,0,0,4,0.0,0.0,0.0,48.7778,90,0.5,1,1.0
025_R105,25,R,4,6,OPTIMAL,66.2434,4,2,0,2,2,0.5,61.8089,0.0,4.4345,90,0.5,1,1.0
025_R105,25,R,4,7,OPTIMAL,72.1991,4,0,0,0,4,0.0,0.0,0.0,72.1991,90,0.5,1,1.0
025_R105,25,R,4,8,OPTIMAL,25.0772,4,1,0,1,3,0.25,18.9192,0.0,6.158,90,0.5,1,1.0
025_R105,25,R,4,9,OPTIMAL,80.5933,4,3,0,3,1,0.75,75.9552,0.0,4.6381,90,0.5,1,1.0
025_R105,25,R,6,0,OPTIMAL,75.2017,6,2,0,2,4,0.3333,53.0188,0.0,22.1829,90,0.5,1,1.0
025_R105,25,R,6,1,OPTIMAL,76.9244,6,1,0,1,5,0.1667,27.6392,0.0,49.2853,90,0.5,1,1.0
025_R105,25,R,6,2,OPTIMAL,98.7049,6,1,1,0,5,0.1667,32.5459,0.0,66.1589,90,0.5,1,1.0
025_R105,25,R,6,3,OPTIMAL,93.6713,6,3,0,3,3,0.5,85.0108,0.0,8.6605,90,0.5,1,1.0
025_R105,25,R,6,4,OPTIMAL,81.6221,6,2,0,2,4,0.3333,53.0831,0.0,28.5391,90,0.5,1,1.0
025_R105,25,R,6,5,OPTIMAL,82.7239,6,1,0,1,5,0.1667,33.4788,0.0,49.245,90,0.5,1,1.0
025_R105,25,R,6,6,OPTIMAL,90.6543,6,2,0,2,4,0.3333,69.9723,0.0,20.682,90,0.5,1,1.0
025_R105,25,R,6,7,OPTIMAL,102.3791,6,3,1,2,3,0.5,96.9825,0.0,5.3966,90,0.5,1,1.0
025_R105,25,R,6,8,OPTIMAL,93.4124,6,3,0,3,3,0.5,76.0852,0.0,17.3272,90,0.5,1,1.0
025_R105,25,R,6,9,OPTIMAL,42.6595,6,0,0,0,6,0.0,0.0,0.0,42.6595,90,0.5,1,1.0
025_R106,25,R,2,0,OPTIMAL,23.3949,2,0,0,0,2,0.0,0.0,0.0,23.3949,90,0.5,1,1.0
025_R106,25,R,2,1,OPTIMAL,8.862,2,0,0,0,2,0.0,0.0,0.0,8.862,90,0.5,1,1.0
025_R106,25,R,2,2,OPTIMAL,63.9784,2,2,0,2,0,1.0,63.9784,0.0,0.0,90,0.5,1,1.0
025_R106,25,R,2,3,OPTIMAL,32.6021,2,1,0,1,1,0.5,30.9439,0.0,1.6582,90,0.5,1,1.0
025_R106,25,R,2,4,OPTIMAL,5.3544,2,0,0,0,2,0.0,0.0,0.0,5.3544,90,0.5,1,1.0
025_R106,25,R,2,5,OPTIMAL,13.5247,2,0,0,0,2,0.0,0.0,0.0,13.5247,90,0.5,1,1.0
025_R106,25,R,2,6,OPTIMAL,51.5845,2,1,0,1,1,0.5,32.0129,0.0,19.5716,90,0.5,1,1.0
025_R106,25,R,2,7,OPTIMAL,27.376,2,0,0,0,2,0.0,0.0,0.0,27.376,90,0.5,1,1.0
025_R106,25,R,2,8,OPTIMAL,38.705,2,1,0,1,1,0.5,32.5706,0.0,6.1344,90,0.5,1,1.0
025_R106,25,R,2,9,OPTIMAL,4.3411,2,0,0,0,2,0.0,0.0,0.0,4.3411,90,0.5,1,1.0
025_R106,25,R,4,0,OPTIMAL,54.3379,4,1,0,1,3,0.25,31.4501,0.0,22.8878,90,0.5,1,1.0
025_R106,25,R,4,1,OPTIMAL,45.1938,4,1,0,1,3,0.25,17.7604,0.0,27.4334,90,0.5,1,1.0
025_R106,25,R,4,2,OPTIMAL,29.8262,4,0,0,0,4,0.0,0.0,0.0,29.8262,90,0.5,1,1.0
025_R106,25,R,4,3,OPTIMAL,85.9542,4,2,1,1,2,0.5,55.3863,0.0,30.5678,90,0.5,1,1.0
025_R106,25,R,4,4,OPTIMAL,45.3082,4,0,0,0,4,0.0,0.0,0.0,45.3082,90,0.5,1,1.0
025_R106,25,R,4,5,OPTIMAL,76.6655,4,1,0,1,3,0.25,28.9016,0.0,47.764,90,0.5,1,1.0
025_R106,25,R,4,6,OPTIMAL,27.8929,4,0,0,0,4,0.0,0.0,0.0,27.8929,90,0.5,1,1.0
025_R106,25,R,4,7,OPTIMAL,53.0208,4,1,0,1,3,0.25,22.9316,0.0,30.0892,90,0.5,1,1.0
025_R106,25,R,4,8,OPTIMAL,30.8753,4,1,0,1,3,0.25,25.1544,0.0,5.7208,90,0.5,1,1.0
025_R106,25,R,4,9,OPTIMAL,86.3892,4,3,0,3,1,0.75,84.4396,0.0,1.9496,90,0.5,1,1.0
025_R106,25,R,6,0,OPTIMAL,72.4932,6,1,0,1,5,0.1667,34.282,0.0,38.2111,90,0.5,1,1.0
025_R106,25,R,6,1,OPTIMAL,72.7441,6,2,0,2,4,0.3333,62.0138,0.0,10.7304,90,0.5,1,1.0
025_R106,25,R,6,2,OPTIMAL,106.1639,6,1,1,0,5,0.1667,32.5459,0.0,73.6179,90,0.5,1,1.0
025_R106,25,R,6,3,OPTIMAL,92.5268,6,3,0,3,3,0.5,85.0108,0.0,7.516,90,0.5,1,1.0
025_R106,25,R,6,4,OPTIMAL,50.8721,6,1,0,1,5,0.1667,15.7693,0.0,35.1028,90,0.5,1,1.0
025_R106,25,R,6,5,OPTIMAL,105.699,6,3,1,2,3,0.5,80.7768,0.0,24.9222,90,0.5,1,1.0
025_R106,25,R,6,6,OPTIMAL,80.6545,6,2,0,2,4,0.3333,69.9723,0.0,10.6822,90,0.5,1,1.0
025_R106,25,R,6,7,OPTIMAL,102.3791,6,3,1,2,3,0.5,96.9825,0.0,5.3966,90,0.5,1,1.0
025_R106,25,R,6,8,OPTIMAL,98.4091,6,3,1,2,3,0.5,83.3748,0.0,15.0343,90,0.5,1,1.0
025_R106,25,R,6,9,OPTIMAL,64.5181,6,1,0,1,5,0.1667,14.9968,0.0,49.5213,90,0.5,1,1.0
025_R107,25,R,2,0,OPTIMAL,3.9376,2,0,0,0,2,0.0,0.0,0.0,3.9376,90,0.5,1,1.0
025_R107,25,R,2,1,OPTIMAL,12.0224,2,0,0,0,2,0.0,0.0,0.0,12.0224,90,0.5,1,1.0
025_R107,25,R,2,2,OPTIMAL,60.6384,2,1,1,0,1,0.5,34.1166,0.0,26.5218,90,0.5,1,1.0
025_R107,25,R,2,3,OPTIMAL,27.0888,2,0,0,0,2,0.0,0.0,0.0,27.0888,90,0.5,1,1.0
025_R107,25,R,2,4,OPTIMAL,14.7556,2,1,0,1,1,0.5,14.6258,0.0,0.1297,90,0.5,1,1.0
025_R107,25,R,2,5,OPTIMAL,13.5247,2,0,0,0,2,0.0,0.0,0.0,13.5247,90,0.5,1,1.0
025_R107,25,R,2,6,OPTIMAL,27.554,2,0,0,0,2,0.0,0.0,0.0,27.554,90,0.5,1,1.0
025_R107,25,R,2,7,OPTIMAL,25.286,2,0,0,0,2,0.0,0.0,0.0,25.286,90,0.5,1,1.0
025_R107,25,R,2,8,OPTIMAL,29.1916,2,0,0,0,2,0.0,0.0,0.0,29.1916,90,0.5,1,1.0
025_R107,25,R,2,9,OPTIMAL,4.3411,2,0,0,0,2,0.0,0.0,0.0,4.3411,90,0.5,1,1.0
025_R107,25,R,4,0,OPTIMAL,57.0119,4,1,0,1,3,0.25,28.0968,0.0,28.9151,90,0.5,1,1.0
025_R107,25,R,4,1,OPTIMAL,35.755,4,0,0,0,4,0.0,0.0,0.0,35.755,90,0.5,1,1.0
025_R107,25,R,4,2,OPTIMAL,35.9614,4,1,0,1,3,0.25,27.1251,0.0,8.8363,90,0.5,1,1.0
025_R107,25,R,4,3,OPTIMAL,94.0648,4,3,1,2,1,0.75,81.858,0.0,12.2068,90,0.5,1,1.0
025_R107,25,R,4,4,OPTIMAL,40.2462,4,0,0,0,4,0.0,0.0,0.0,40.2462,90,0.5,1,1.0
025_R107,25,R,4,5,OPTIMAL,88.5564,4,1,0,1,3,0.25,28.9016,0.0,59.6548,90,0.5,1,1.0
025_R107,25,R,4,6,OPTIMAL,20.6549,4,0,0,0,4,0.0,0.0,0.0,20.6549,90,0.5,1,1.0
025_R107,25,R,4,7,OPTIMAL,53.0208,4,1,0,1,3,0.25,22.9316,0.0,30.0892,90,0.5,1,1.0
025_R107,25,R,4,8,OPTIMAL,6.1714,4,0,0,0,4,0.0,0.0,0.0,6.1714,90,0.5,1,1.0
025_R107,25,R,4,9,OPTIMAL,52.8387,4,1,0,1,3,0.25,31.8093,0.0,21.0294,90,0.5,1,1.0
025_R107,25,R,6,0,OPTIMAL,54.3052,6,0,0,0,6,0.0,0.0,0.0,54.3052,90,0.5,1,1.0
025_R107,25,R,6,1,OPTIMAL,72.7441,6,2,1,1,4,0.3333,62.0138,0.0,10.7304,90,0.5,1,1.0
025_R107,25,R,6,2,OPTIMAL,109.8189,6,1,1,0,5,0.1667,32.5459,0.0,77.273,90,0.5,1,1.0
025_R107,25,R,6,3,OPTIMAL,89.5434,6,3,0,3,3,0.5,85.0108,0.0,4.5326,90,0.5,1,1.0
025_R107,25,R,6,4,OPTIMAL,56.1893,6,2,0,2,4,0.3333,41.1972,0.0,14.992,90,0.5,1,1.0
025_R107,25,R,6,5,OPTIMAL,94.4071,6,1,0,1,5,0.1667,33.4788,0.0,60.9282,90,0.5,1,1.0
025_R107,25,R,6,6,OPTIMAL,102.9374,6,2,0,2,4,0.3333,69.9723,0.0,32.965,90,0.5,1,1.0
025_R107,25,R,6,7,OPTIMAL,62.984,6,1,1,0,5,0.1667,32.9715,0.0,30.0124,90,0.5,1,1.0
025_R107,25,R,6,8,OPTIMAL,92.0468,6,1,1,0,5,0.1667,29.2899,0.0,62.7569,90,0.5,1,1.0
025_R107,25,R,6,9,OPTIMAL,55.6405,6,0,0,0,6,0.0,0.0,0.0,55.6405,90,0.5,1,1.0
025_R108,25,R,2,0,OPTIMAL,22.6613,2,1,0,1,1,0.5,19.8843,0.0,2.777,90,0.5,1,1.0
025_R108,25,R,2,1,OPTIMAL,30.6699,2,1,0,1,1,0.5,26.8789,0.0,3.791,90,0.5,1,1.0
025_R108,25,R,2,2,OPTIMAL,60.6384,2,1,1,0,1,0.5,34.1166,0.0,26.5218,90,0.5,1,1.0
025_R108,25,R,2,3,OPTIMAL,31.6084,2,1,0,1,1,0.5,30.9439,0.0,0.6644,90,0.5,1,1.0
025_R108,25,R,2,4,OPTIMAL,49.8052,2,2,1,1,0,1.0,49.8052,0.0,0.0,90,0.5,1,1.0
025_R108,25,R,2,5,OPTIMAL,66.3823,2,2,0,2,0,1.0,66.3823,0.0,0.0,90,0.5,1,1.0
025_R108,25,R,2,6,OPTIMAL,36.7389,2,1,1,0,1,0.5,32.7106,0.0,4.0283,90,0.5,1,1.0
025_R108,25,R,2,7,OPTIMAL,25.286,2,0,0,0,2,0.0,0.0,0.0,25.286,90,0.5,1,1.0
025_R108,25,R,2,8,OPTIMAL,36.8893,2,1,0,1,1,0.5,13.8321,0.0,23.0572,90,0.5,1,1.0
025_R108,25,R,2,9,OPTIMAL,14.8547,2,0,0,0,2,0.0,0.0,0.0,14.8547,90,0.5,1,1.0
025_R108,25,R,4,0,OPTIMAL,89.8543,4,2,2,0,2,0.5,47.9923,0.0,41.8619,90,0.5,1,1.0
025_R108,25,R,4,1,OPTIMAL,75.347,4,3,1,2,1,0.75,74.8716,0.0,0.4754,90,0.5,1,1.0
025_R108,25,R,4,2,OPTIMAL,36.7594,4,1,1,0,3,0.25,26.9836,0.0,9.7758,90,0.5,1,1.0
025_R108,25,R,4,3,OPTIMAL,86.944,4,3,1,2,1,0.75,84.4469,0.0,2.4972,90,0.5,1,1.0
025_R108,25,R,4,4,OPTIMAL,40.2462,4,0,0,0,4,0.0,0.0,0.0,40.2462,90,0.5,1,1.0
025_R108,25,R,4,5,OPTIMAL,66.9671,4,1,1,0,3,0.25,28.9016,0.0,38.0656,90,0.5,1,1.0
025_R108,25,R,4,6,OPTIMAL,38.1817,4,1,0,1,3,0.25,28.0513,0.0,10.1303,90,0.5,1,1.0
025_R108,25,R,4,7,OPTIMAL,123.913,4,3,0,3,1,0.75,95.6703,0.0,28.2428,90,0.5,1,1.0
025_R108,25,R,4,8,OPTIMAL,64.1001,4,3,0,3,1,0.75,59.1778,0.0,4.9224,90,0.5,1,1.0
025_R108,25,R,4,9,OPTIMAL,54.8722,4,2,0,2,2,0.5,54.5372,0.0,0.3351,90,0.5,1,1.0
025_R108,25,R,6,0,OPTIMAL,107.8935,6,3,1,2,3,0.5,78.7476,0.0,29.1459,90,0.5,1,1.0
025_R108,25,R,6,1,OPTIMAL,115.3653,6,4,3,1,2,0.6667,113.7851,0.0,1.5802,90,0.5,1,1.0
025_R108,25,R,6,2,OPTIMAL,138.6852,6,3,2,1,3,0.5,95.1443,0.0,43.5409,90,0.5,1,1.0
025_R108,25,R,6,3,OPTIMAL,107.2596,6,4,0,4,2,0.6667,103.6602,0.0,3.5994,90,0.5,1,1.0
025_R108,25,R,6,4,OPTIMAL,91.1035,6,3,1,2,3,0.5,68.8524,0.0,22.2511,90,0.5,1,1.0
025_R108,25,R,6,5,OPTIMAL,124.8218,6,3,1,2,3,0.5,82.953,0.0,41.8687,90,0.5,1,1.0
025_R108,25,R,6,6,OPTIMAL,106.5521,6,2,0,2,4,0.3333,55.5846,0.0,50.9675,90,0.5,1,1.0
025_R108,25,R,6,7,OPTIMAL,119.935,6,3,2,1,3,0.5,92.6144,0.0,27.3206,90,0.5,1,1.0
025_R108,25,R,6,8,OPTIMAL,105.4068,6,3,1,2,3,0.5,63.9591,0.0,41.4477,90,0.5,1,1.0
025_R108,25,R,6,9,OPTIMAL,82.0881,6,2,1,1,4,0.3333,47.5348,0.0,34.5532,90,0.5,1,1.0
025_R109,25,R,2,0,OPTIMAL,22.6613,2,1,0,1,1,0.5,19.8843,0.0,2.777,90,0.5,1,1.0
025_R109,25,R,2,1,OPTIMAL,27.3889,2,1,1,0,1,0.5,26.8789,0.0,0.51,90,0.5,1,1.0
025_R109,25,R,2,2,OPTIMAL,58.3361,2,1,0,1,1,0.5,29.8618,0.0,28.4743,90,0.5,1,1.0
025_R109,25,R,2,3,OPTIMAL,1.9117,2,0,0,0,2,0.0,0.0,0.0,1.9117,90,0.5,1,1.0
025_R109,25,R,2,4,OPTIMAL,18.5147,2,0,0,0,2,0.0,0.0,0.0,18.5147,90,0.5,1,1.0
025_R109,25,R,2,5,OPTIMAL,33.3758,2,0,0,0,2,0.0,0.0,0.0,33.3758,90,0.5,1,1.0
025_R109,25,R,2,6,OPTIMAL,64.7235,2,2,0,2,0,1.0,64.7235,0.0,0.0,90,0.5,1,1.0
025_R109,25,R,2,7,OPTIMAL,29.578,2,1,0,1,1,0.5,27.7179,0.0,1.8601,90,0.5,1,1.0
025_R109,25,R,2,8,OPTIMAL,33.1097,2,0,0,0,2,0.0,0.0,0.0,33.1097,90,0.5,1,1.0
025_R109,25,R,2,9,OPTIMAL,4.3411,2,0,0,0,2,0.0,0.0,0.0,4.3411,90,0.5,1,1.0
025_R109,25,R,4,0,OPTIMAL,42.2917,4,0,0,0,4,0.0,0.0,0.0,42.2917,90,0.5,1,1.0
025_R109,25,R,4,1,OPTIMAL,27.966,4,1,0,1,3,0.25,27.1786,0.0,0.7875,90,0.5,1,1.0
025_R109,25,R,4,2,OPTIMAL,33.3361,4,0,0,0,4,0.0,0.0,0.0,33.3361,90,0.5,1,1.0
025_R109,25,R,4,3,OPTIMAL,86.9918,4,3,1,2,1,0.75,84.4469,0.0,2.5449,90,0.5,1,1.0
025_R109,25,R,4,4,OPTIMAL,54.1904,4,1,0,1,3,0.25,35.1327,0.0,19.0577,90,0.5,1,1.0
025_R109,25,R,4,5,OPTIMAL,54.9774,4,0,0,0,4,0.0,0.0,0.0,54.9774,90,0.5,1,1.0
025_R109,25,R,4,6,OPTIMAL,47.3273,4,1,1,0,3,0.25,28.0513,0.0,19.2759,90,0.5,1,1.0
025_R109,25,R,4,7,OPTIMAL,51.8079,4,0,0,0,4,0.0,0.0,0.0,51.8079,90,0.5,1,1.0
025_R109,25,R,4,8,OPTIMAL,6.1714,4,0,0,0,4,0.0,0.0,0.0,6.1714,90,0.5,1,1.0
025_R109,25,R,4,9,OPTIMAL,76.0375,4,2,1,1,2,0.5,61.7117,0.0,14.3258,90,0.5,1,1.0
025_R109,25,R,6,0,OPTIMAL,72.7391,6,1,0,1,5,0.1667,18.7368,0.0,54.0023,90,0.5,1,1.0
025_R109,25,R,6,1,OPTIMAL,124.0477,6,4,1,3,2,0.6667,99.847,0.0,24.2007,90,0.5,1,1.0
025_R109,25,R,6,2,OPTIMAL,113.9255,6,0,0,0,6,0.0,0.0,0.0,113.9255,90,0.5,1,1.0
025_R109,25,R,6,3,OPTIMAL,35.8059,6,1,0,1,5,0.1667,27.0775,0.0,8.7284,90,0.5,1,1.0
025_R109,25,R,6,4,OPTIMAL,41.7873,6,1,0,1,5,0.1667,19.8592,0.0,21.9281,90,0.5,1,1.0
025_R109,25,R,6,5,OPTIMAL,74.9919,6,0,0,0,6,0.0,0.0,0.0,74.9919,90,0.5,1,1.0
025_R109,25,R,6,6,OPTIMAL,124.621,6,4,1,3,2,0.6667,97.9261,0.0,26.6949,90,0.5,1,1.0
025_R109,25,R,6,7,OPTIMAL,140.2608,6,3,1,2,3,0.5,89.825,0.0,50.4359,90,0.5,1,1.0
025_R109,25,R,6,8,OPTIMAL,105.7314,6,3,1,2,3,0.5,72.6427,0.0,33.0887,90,0.5,1,1.0
025_R109,25,R,6,9,OPTIMAL,68.619,6,1,0,1,5,0.1667,32.538,0.0,36.081,90,0.5,1,1.0
025_R110,25,R,2,0,OPTIMAL,25.7474,2,1,1,0,1,0.5,19.8843,0.0,5.8632,90,0.5,1,1.0
025_R110,25,R,2,1,OPTIMAL,27.6439,2,1,1,0,1,0.5,26.8789,0.0,0.765,90,0.5,1,1.0
025_R110,25,R,2,2,OPTIMAL,57.7145,2,1,1,0,1,0.5,34.1166,0.0,23.5979,90,0.5,1,1.0
025_R110,25,R,2,3,OPTIMAL,14.3039,2,0,0,0,2,0.0,0.0,0.0,14.3039,90,0.5,1,1.0
025_R110,25,R,2,4,OPTIMAL,24.8324,2,0,0,0,2,0.0,0.0,0.0,24.8324,90,0.5,1,1.0
025_R110,25,R,2,5,OPTIMAL,51.0554,2,1,1,0,1,0.5,30.3653,0.0,20.6901,90,0.5,1,1.0
025_R110,25,R,2,6,OPTIMAL,46.2132,2,1,0,1,1,0.5,32.7106,0.0,13.5026,90,0.5,1,1.0
025_R110,25,R,2,7,OPTIMAL,11.0045,2,0,0,0,2,0.0,0.0,0.0,11.0045,90,0.5,1,1.0
025_R110,25,R,2,8,OPTIMAL,46.4027,2,2,0,2,0,1.0,46.4027,0.0,0.0,90,0.5,1,1.0
025_R110,25,R,2,9,OPTIMAL,46.7403,2,2,0,2,0,1.0,46.7403,0.0,0.0,90,0.5,1,1.0
025_R110,25,R,4,0,OPTIMAL,73.7928,4,1,0,1,3,0.25,28.3854,0.0,45.4074,90,0.5,1,1.0
025_R110,25,R,4,1,OPTIMAL,28.0003,4,1,0,1,3,0.25,27.1786,0.0,0.8217,90,0.5,1,1.0
025_R110,25,R,4,2,OPTIMAL,27.381,4,0,0,0,4,0.0,0.0,0.0,27.381,90,0.5,1,1.0
025_R110,25,R,4,3,OPTIMAL,88.3035,4,3,1,2,1,0.75,84.4469,0.0,3.8566,90,0.5,1,1.0
025_R110,25,R,4,4,OPTIMAL,70.1377,4,1,0,1,3,0.25,35.1327,0.0,35.005,90,0.5,1,1.0
025_R110,25,R,4,5,OPTIMAL,60.7833,4,2,0,2,2,0.5,47.8186,0.0,12.9647,90,0.5,1,1.0
025_R110,25,R,4,6,OPTIMAL,47.3355,4,1,1,0,3,0.25,28.0513,0.0,19.2842,90,0.5,1,1.0
025_R110,25,R,4,7,OPTIMAL,72.1112,4,0,0,0,4,0.0,0.0,0.0,72.1112,90,0.5,1,1.0
025_R110,25,R,4,8,OPTIMAL,39.1579,4,1,0,1,3,0.25,18.9192,0.0,20.2387,90,0.5,1,1.0
025_R110,25,R,4,9,OPTIMAL,50.1693,4,1,1,0,3,0.25,31.8093,0.0,18.36,90,0.5,1,1.0
025_R110,25,R,6,0,OPTIMAL,86.7908,6,1,0,1,5,0.1667,18.7368,0.0,68.054,90,0.5,1,1.0
025_R110,25,R,6,1,OPTIMAL,110.2883,6,4,3,1,2,0.6667,99.847,0.0,10.4414,90,0.5,1,1.0
025_R110,25,R,6,2,OPTIMAL,83.3996,6,2,0,2,4,0.3333,50.4808,0.0,32.9188,90,0.5,1,1.0
025_R110,25,R,6,3,OPTIMAL,77.7558,6,2,1,1,4,0.3333,45.7269,0.0,32.0289,90,0.5,1,1.0
025_R110,25,R,6,4,OPTIMAL,70.5844,6,2,0,2,4,0.3333,53.0831,0.0,17.5013,90,0.5,1,1.0
025_R110,25,R,6,5,OPTIMAL,109.5225,6,1,0,1,5,0.1667,27.7887,0.0,81.7338,90,0.5,1,1.0
025_R110,25,R,6,6,OPTIMAL,79.2795,6,2,1,1,4,0.3333,49.7247,0.0,29.5548,90,0.5,1,1.0
025_R110,25,R,6,7,OPTIMAL,148.9832,6,4,1,3,2,0.6667,122.7965,0.0,26.1867,90,0.5,1,1.0
025_R110,25,R,6,8,OPTIMAL,98.091,6,2,1,1,4,0.3333,42.9797,0.0,55.1113,90,0.5,1,1.0
025_R110,25,R,6,9,OPTIMAL,67.3542,6,2,0,2,4,0.3333,40.9019,0.0,26.4524,90,0.5,1,1.0
025_R111,25,R,2,0,OPTIMAL,22.6613,2,1,0,1,1,0.5,19.8843,0.0,2.777,90,0.5,1,1.0
025_R111,25,R,2,1,OPTIMAL,31.4157,2,1,0,1,1,0.5,26.8789,0.0,4.5368,90,0.5,1,1.0
025_R111,25,R,2,2,OPTIMAL,29.5484,2,0,0,0,2,0.0,0.0,0.0,29.5484,90,0.5,1,1.0
025_R111,25,R,2,3,OPTIMAL,41.1494,2,1,0,1,1,0.5,26.756,0.0,14.3934,90,0.5,1,1.0
025_R111,25,R,2,4,OPTIMAL,14.626,2,1,0,1,1,0.5,14.6258,0.0,0.0002,90,0.5,1,1.0
025_R111,25,R,2,5,OPTIMAL,15.2779,2,0,0,0,2,0.0,0.0,0.0,15.2779,90,0.5,1,1.0
025_R111,25,R,2,6,OPTIMAL,36.7389,2,1,0,1,1,0.5,32.7106,0.0,4.0283,90,0.5,1,1.0
025_R111,25,R,2,7,OPTIMAL,2.8581,2,0,0,0,2,0.0,0.0,0.0,2.8581,90,0.5,1,1.0
025_R111,25,R,2,8,OPTIMAL,35.0943,2,0,0,0,2,0.0,0.0,0.0,35.0943,90,0.5,1,1.0
025_R111,25,R,2,9,OPTIMAL,4.3411,2,0,0,0,2,0.0,0.0,0.0,4.3411,90,0.5,1,1.0
025_R111,25,R,4,0,OPTIMAL,53.5452,4,0,0,0,4,0.0,0.0,0.0,53.5452,90,0.5,1,1.0
025_R111,25,R,4,1,OPTIMAL,55.5161,4,1,0,1,3,0.25,27.1786,0.0,28.3376,90,0.5,1,1.0
025_R111,25,R,4,2,OPTIMAL,35.9615,4,1,0,1,3,0.25,27.1251,0.0,8.8364,90,0.5,1,1.0
025_R111,25,R,4,3,OPTIMAL,110.9185,4,4,0,4,0,1.0,110.9185,0.0,0.0,90,0.5,1,1.0
025_R111,25,R,4,4,OPTIMAL,43.2742,4,1,0,1,3,0.25,32.0963,0.0,11.1779,90,0.5,1,1.0
025_R111,25,R,4,5,OPTIMAL,77.0437,4,1,1,0,3,0.25,28.9016,0.0,48.1422,90,0.5,1,1.0
025_R111,25,R,4,6,OPTIMAL,56.1091,4,1,0,1,3,0.25,28.0513,0.0,28.0578,90,0.5,1,1.0
025_R111,25,R,4,7,OPTIMAL,36.7185,4,0,0,0,4,0.0,0.0,0.0,36.7185,90,0.5,1,1.0
025_R111,25,R,4,8,OPTIMAL,6.9565,4,0,0,0,4,0.0,0.0,0.0,6.9565,90,0.5,1,1.0
025_R111,25,R,4,9,OPTIMAL,56.5959,4,1,0,1,3,0.25,31.8093,0.0,24.7866,90,0.5,1,1.0
025_R111,25,R,6,0,OPTIMAL,73.4028,6,1,0,1,5,0.1667,18.7368,0.0,54.666,90,0.5,1,1.0
025_R111,25,R,6,1,OPTIMAL,118.0799,6,4,1,3,2,0.6667,113.7851,0.0,4.2948,90,0.5,1,1.0
025_R111,25,R,6,2,OPTIMAL,94.3467,6,1,0,1,5,0.1667,34.8127,0.0,59.5341,90,0.5,1,1.0
025_R111,25,R,6,3,OPTIMAL,90.4766,6,3,0,3,3,0.5,85.0108,0.0,5.4658,90,0.5,1,1.0
025_R111,25,R,6,4,OPTIMAL,81.199,6,2,0,2,4,0.3333,35.6285,0.0,45.5705,90,0.5,1,1.0
025_R111,25,R,6,5,OPTIMAL,103.9295,6,1,1,0,5,0.1667,35.6551,0.0,68.2745,90,0.5,1,1.0
025_R111,25,R,6,6,OPTIMAL,96.8505,6,1,0,1,5,0.1667,33.7379,0.0,63.1126,90,0.5,1,1.0
025_R111,25,R,6,7,OPTIMAL,108.5147,6,2,0,2,4,0.3333,56.4385,0.0,52.0762,90,0.5,1,1.0
025_R111,25,R,6,8,OPTIMAL,121.2124,6,3,0,3,3,0.5,72.6427,0.0,48.5697,90,0.5,1,1.0
025_R111,25,R,6,9,OPTIMAL,57.3725,6,1,0,1,5,0.1667,32.538,0.0,24.8345,90,0.5,1,1.0
025_R112,25,R,2,0,OPTIMAL,28.1155,2,1,1,0,1,0.5,19.8843,0.0,8.2312,90,0.5,1,1.0
025_R112,25,R,2,1,OPTIMAL,38.5627,2,1,1,0,1,0.5,26.8789,0.0,11.6838,90,0.5,1,1.0
025_R112,25,R,2,2,OPTIMAL,34.6535,2,1,1,0,1,0.5,34.1166,0.0,0.5369,90,0.5,1,1.0
025_R112,25,R,2,3,OPTIMAL,31.6568,2,1,1,0,1,0.5,30.9439,0.0,0.7128,90,0.5,1,1.0
025_R112,25,R,2,4,OPTIMAL,49.8052,2,2,1,1,0,1.0,49.8052,0.0,0.0,90,0.5,1,1.0
025_R112,25,R,2,5,OPTIMAL,66.3823,2,2,1,1,0,1.0,66.3823,0.0,0.0,90,0.5,1,1.0
025_R112,25,R,2,6,OPTIMAL,64.7235,2,2,1,1,0,1.0,64.7235,0.0,0.0,90,0.5,1,1.0
025_R112,25,R,2,7,OPTIMAL,23.4111,2,1,0,1,1,0.5,21.5179,0.0,1.8932,90,0.5,1,1.0
025_R112,25,R,2,8,OPTIMAL,10.6209,2,0,0,0,2,0.0,0.0,0.0,10.6209,90,0.5,1,1.0
025_R112,25,R,2,9,OPTIMAL,16.1536,2,1,1,0,1,0.5,12.8645,0.0,3.2891,90,0.5,1,1.0
025_R112,25,R,4,0,OPTIMAL,80.3606,4,2,2,0,2,0.5,47.9923,0.0,32.3683,90,0.5,1,1.0
025_R112,25,R,4,1,OPTIMAL,76.5951,4,3,3,0,1,0.75,74.8716,0.0,1.7235,90,0.5,1,1.0
025_R112,25,R,4,2,OPTIMAL,66.0381,4,2,1,1,2,0.5,55.5784,0.0,10.4597,90,0.5,1,1.0
025_R112,25,R,4,3,OPTIMAL,107.181,4,3,3,0,1,0.75,84.4469,0.0,22.7341,90,0.5,1,1.0
025_R112,25,R,4,4,OPTIMAL,60.1764,4,0,0,0,4,0.0,0.0,0.0,60.1764,90,0.5,1,1.0
025_R112,25,R,4,5,OPTIMAL,58.6707,4,2,2,0,2,0.5,47.8186,0.0,10.852,90,0.5,1,1.0
025_R112,25,R,4,6,OPTIMAL,54.8764,4,1,1,0,3,0.25,28.0513,0.0,26.8251,90,0.5,1,1.0
025_R112,25,R,4,7,OPTIMAL,94.68,4,2,1,1,2,0.5,72.7386,0.0,21.9413,90,0.5,1,1.0
025_R112,25,R,4,8,OPTIMAL,58.551,4,2,2,0,2,0.5,44.0736,0.0,14.4775,90,0.5,1,1.0
025_R112,25,R,4,9,OPTIMAL,56.5887,4,2,1,1,2,0.5,54.5372,0.0,2.0515,90,0.5,1,1.0
025_R112,25,R,6,0,OPTIMAL,107.1378,6,3,2,1,3,0.5,78.7476,0.0,28.3901,90,0.5,1,1.0
025_R112,25,R,6,1,OPTIMAL,126.7644,6,5,5,0,1,0.8333,123.979,0.0,2.7853,90,0.5,1,1.0
025_R112,25,R,6,2,OPTIMAL,105.7899,6,3,2,1,3,0.5,85.2935,0.0,20.4964,90,0.5,1,1.0
025_R112,25,R,6,3,OPTIMAL,97.0602,6,3,1,2,3,0.5,77.7488,0.0,19.3115,90,0.5,1,1.0
025_R112,25,R,6,4,OPTIMAL,85.9635,6,3,3,0,3,0.5,68.8524,0.0,17.1112,90,0.5,1,1.0
025_R112,25,R,6,5,OPTIMAL,117.8455,6,3,2,1,3,0.5,82.953,0.0,34.8925,90,0.5,1,1.0
025_R112,25,R,6,6,OPTIMAL,60.7915,6,1,1,0,5,0.1667,19.3501,0.0,41.4413,90,0.5,1,1.0
025_R112,25,R,6,7,OPTIMAL,152.3805,6,4,3,1,2,0.6667,122.7965,0.0,29.584,90,0.5,1,1.0
025_R112,25,R,6,8,OPTIMAL,131.62,6,4,3,1,2,0.6667,97.0646,0.0,34.5553,90,0.5,1,1.0
025_R112,25,R,6,9,OPTIMAL,69.4775,6,3,3,0,3,0.5,55.8987,0.0,13.5788,90,0.5,1,1.0
025_R201,25,R,2,0,OPTIMAL,46.7341,2,2,2,0,0,1.0,46.7341,0.0,0.0,90,0.5,1,1.0
025_R201,25,R,2,1,OPTIMAL,27.5096,2,1,1,0,1,0.5,26.8789,0.0,0.6307,90,0.5,1,1.0
025_R201,25,R,2,2,OPTIMAL,63.9784,2,2,1,1,0,1.0,63.9784,0.0,0.0,90,0.5,1,1.0
025_R201,25,R,2,3,OPTIMAL,57.6999,2,2,1,1,0,1.0,57.6999,0.0,0.0,90,0.5,1,1.0
025_R201,25,R,2,4,OPTIMAL,49.8052,2,2,2,0,0,1.0,49.8052,0.0,0.0,90,0.5,1,1.0
025_R201,25,R,2,5,OPTIMAL,33.3758,2,0,0,0,2,0.0,0.0,0.0,33.3758,90,0.5,1,1.0
025_R201,25,R,2,6,OPTIMAL,64.7235,2,2,1,1,0,1.0,64.7235,0.0,0.0,90,0.5,1,1.0
025_R201,25,R,2,7,OPTIMAL,49.2357,2,2,1,1,0,1.0,49.2357,0.0,0.0,90,0.5,1,1.0
025_R201,25,R,2,8,OPTIMAL,46.4027,2,2,2,0,0,1.0,46.4027,0.0,0.0,90,0.5,1,1.0
025_R201,25,R,2,9,OPTIMAL,16.8775,2,1,1,0,1,0.5,12.8645,0.0,4.013,90,0.5,1,1.0
025_R201,25,R,4,0,OPTIMAL,107.5393,4,4,3,1,0,1.0,107.5393,0.0,0.0,90,0.5,1,1.0
025_R201,25,R,4,1,OPTIMAL,79.098,4,2,1,1,2,0.5,57.1113,0.0,21.9867,90,0.5,1,1.0
025_R201,25,R,4,2,OPTIMAL,88.9737,4,2,2,0,2,0.5,61.1646,0.0,27.8091,90,0.5,1,1.0
025_R201,25,R,4,3,OPTIMAL,110.9185,4,4,4,0,0,1.0,110.9185,0.0,0.0,90,0.5,1,1.0
025_R201,25,R,4,4,OPTIMAL,110.1993,4,3,2,1,1,0.75,98.9043,0.0,11.295,90,0.5,1,1.0
025_R201,25,R,4,5,OPTIMAL,90.9549,4,2,1,1,2,0.5,60.2106,0.0,30.7443,90,0.5,1,1.0
025_R201,25,R,4,6,OPTIMAL,85.5223,4,3,2,1,1,0.75,53.0836,0.0,32.4387,90,0.5,1,1.0
025_R201,25,R,4,7,OPTIMAL,110.9543,4,2,1,1,2,0.5,69.1795,0.0,41.7748,90,0.5,1,1.0
025_R201,25,R,4,8,OPTIMAL,49.6449,4,2,1,1,2,0.5,49.1809,0.0,0.464,90,0.5,1,1.0
025_R201,25,R,4,9,OPTIMAL,98.6831,4,4,1,3,0,1.0,98.6831,0.0,0.0,90,0.5,1,1.0
025_R201,25,R,6,0,OPTIMAL,113.592,6,4,4,0,2,0.6667,113.0296,0.0,0.5624,90,0.5,1,1.0
025_R201,25,R,6,1,OPTIMAL,138.4144,6,4,3,1,2,0.6667,99.847,0.0,38.5674,90,0.5,1,1.0
025_R201,25,R,6,2,OPTIMAL,139.2298,6,4,2,2,2,0.6667,111.8294,0.0,27.4004,90,0.5,1,1.0
025_R201,25,R,6,3,OPTIMAL,106.8799,6,4,3,1,2,0.6667,103.6602,0.0,3.2197,90,0.5,1,1.0
025_R201,25,R,6,4,OPTIMAL,114.6037,6,4,3,1,2,0.6667,96.8346,0.0,17.7691,90,0.5,1,1.0
025_R201,25,R,6,5,OPTIMAL,164.3162,6,6,2,4,0,1.0,164.3162,0.0,0.0,90,0.5,1,1.0
025_R201,25,R,6,6,OPTIMAL,136.1004,6,5,4,1,1,0.8333,134.1606,0.0,1.9398,90,0.5,1,1.0
025_R201,25,R,6,7,OPTIMAL,158.8345,6,5,3,2,1,0.8333,156.6255,0.0,2.2091,90,0.5,1,1.0
025_R201,25,R,6,8,OPTIMAL,147.4509,6,4,2,2,2,0.6667,105.7483,0.0,41.7026,90,0.5,1,1.0
025_R201,25,R,6,9,OPTIMAL,123.3562,6,4,2,2,2,0.6667,105.8373,0.0,17.5189,90,0.5,1,1.0
025_R202,25,R,2,0,OPTIMAL,46.7341,2,2,2,0,0,1.0,46.7341,0.0,0.0,90,0.5,1,1.0
025_R202,25,R,2,1,OPTIMAL,27.5096,2,1,1,0,1,0.5,26.8789,0.0,0.6307,90,0.5,1,1.0
025_R202,25,R,2,2,OPTIMAL,63.9784,2,2,2,0,0,1.0,63.9784,0.0,0.0,90,0.5,1,1.0
025_R202,25,R,2,3,OPTIMAL,57.6999,2,2,1,1,0,1.0,57.6999,0.0,0.0,90,0.5,1,1.0
025_R202,25,R,2,4,OPTIMAL,49.8052,2,2,2,0,0,1.0,49.8052,0.0,0.0,90,0.5,1,1.0
025_R202,25,R,2,5,OPTIMAL,33.3758,2,0,0,0,2,0.0,0.0,0.0,33.3758,90,0.5,1,1.0
025_R202,25,R,2,6,OPTIMAL,64.7235,2,2,1,1,0,1.0,64.7235,0.0,0.0,90,0.5,1,1.0
025_R202,25,R,2,7,OPTIMAL,49.2357,2,2,1,1,0,1.0,49.2357,0.0,0.0,90,0.5,1,1.0
025_R202,25,R,2,8,OPTIMAL,46.4027,2,2,2,0,0,1.0,46.4027,0.0,0.0,90,0.5,1,1.0
025_R202,25,R,2,9,OPTIMAL,46.7403,2,2,1,1,0,1.0,46.7403,0.0,0.0,90,0.5,1,1.0
025_R202,25,R,4,0,OPTIMAL,107.5393,4,4,3,1,0,1.0,107.5393,0.0,0.0,90,0.5,1,1.0
025_R202,25,R,4,1,OPTIMAL,79.098,4,2,1,1,2,0.5,57.1113,0.0,21.9867,90,0.5,1,1.0
025_R202,25,R,4,2,OPTIMAL,88.9737,4,2,2,0,2,0.5,61.1646,0.0,27.8091,90,0.5,1,1.0
025_R202,25,R,4,3,OPTIMAL,110.9185,4,4,4,0,0,1.0,110.9185,0.0,0.0,90,0.5,1,1.0
025_R202,25,R,4,4,OPTIMAL,110.1993,4,3,3,0,1,0.75,98.9043,0.0,11.295,90,0.5,1,1.0
025_R202,25,R,4,5,OPTIMAL,113.609,4,4,1,3,0,1.0,113.609,0.0,0.0,90,0.5,1,1.0
025_R202,25,R,4,6,OPTIMAL,86.8411,4,4,3,1,0,1.0,86.8411,0.0,0.0,90,0.5,1,1.0
025_R202,25,R,4,7,OPTIMAL,114.954,4,3,3,0,1,0.75,92.1111,0.0,22.8429,90,0.5,1,1.0
025_R202,25,R,4,8,OPTIMAL,74.3488,4,3,1,2,1,0.75,74.3353,0.0,0.0134,90,0.5,1,1.0
025_R202,25,R,4,9,OPTIMAL,98.6831,4,4,2,2,0,1.0,98.6831,0.0,0.0,90,0.5,1,1.0
025_R202,25,R,6,0,OPTIMAL,134.0839,6,5,5,0,1,0.8333,133.5854,0.0,0.4985,90,0.5,1,1.0
025_R202,25,R,6,1,OPTIMAL,139.8166,6,6,4,2,0,1.0,139.8166,0.0,0.0,90,0.5,1,1.0
025_R202,25,R,6,2,OPTIMAL,143.6347,6,5,2,3,1,0.8333,139.6151,0.0,4.0196,90,0.5,1,1.0
025_R202,25,R,6,3,OPTIMAL,106.8799,6,4,4,0,2,0.6667,103.6602,0.0,3.2197,90,0.5,1,1.0
025_R202,25,R,6,4,OPTIMAL,114.6037,6,4,4,0,2,0.6667,96.8346,0.0,17.7691,90,0.5,1,1.0
025_R202,25,R,6,5,OPTIMAL,164.3162,6,6,5,1,0,1.0,164.3162,0.0,0.0,90,0.5,1,1.0
025_R202,25,R,6,6,OPTIMAL,136.1004,6,5,4,1,1,0.8333,134.1606,0.0,1.9398,90,0.5,1,1.0
025_R202,25,R,6,7,OPTIMAL,156.8048,6,4,2,2,2,0.6667,126.4434,0.0,30.3614,90,0.5,1,1.0
025_R202,25,R,6,8,OPTIMAL,149.3317,6,6,2,4,0,1.0,149.3317,0.0,0.0,90,0.5,1,1.0
025_R202,25,R,6,9,OPTIMAL,123.3562,6,4,2,2,2,0.6667,105.8373,0.0,17.5189,90,0.5,1,1.0
025_R203,25,R,2,0,OPTIMAL,46.7341,2,2,2,0,0,1.0,46.7341,0.0,0.0,90,0.5,1,1.0
025_R203,25,R,2,1,OPTIMAL,51.0119,2,2,2,0,0,1.0,51.0119,0.0,0.0,90,0.5,1,1.0
025_R203,25,R,2,2,OPTIMAL,63.9784,2,2,2,0,0,1.0,63.9784,0.0,0.0,90,0.5,1,1.0
025_R203,25,R,2,3,OPTIMAL,57.6999,2,2,2,0,0,1.0,57.6999,0.0,0.0,90,0.5,1,1.0
025_R203,25,R,2,4,OPTIMAL,49.8052,2,2,2,0,0,1.0,49.8052,0.0,0.0,90,0.5,1,1.0
025_R203,25,R,2,5,OPTIMAL,51.0554,2,1,0,1,1,0.5,30.3653,0.0,20.6901,90,0.5,1,1.0
025_R203,25,R,2,6,OPTIMAL,64.7235,2,2,1,1,0,1.0,64.7235,0.0,0.0,90,0.5,1,1.0
025_R203,25,R,2,7,OPTIMAL,49.2357,2,2,2,0,0,1.0,49.2357,0.0,0.0,90,0.5,1,1.0
025_R203,25,R,2,8,OPTIMAL,46.4027,2,2,2,0,0,1.0,46.4027,0.0,0.0,90,0.5,1,1.0
025_R203,25,R,2,9,OPTIMAL,46.7403,2,2,1,1,0,1.0,46.7403,0.0,0.0,90,0.5,1,1.0
025_R203,25,R,4,0,OPTIMAL,107.5393,4,4,3,1,0,1.0,107.5393,0.0,0.0,90,0.5,1,1.0
025_R203,25,R,4,1,OPTIMAL,79.8043,4,3,1,2,1,0.75,74.8716,0.0,4.9327,90,0.5,1,1.0
025_R203,25,R,4,2,OPTIMAL,93.9284,4,3,3,0,1,0.75,89.7594,0.0,4.169,90,0.5,1,1.0
025_R203,25,R,4,3,OPTIMAL,110.9185,4,4,4,0,0,1.0,110.9185,0.0,0.0,90,0.5,1,1.0
025_R203,25,R,4,4,OPTIMAL,126.407,4,4,4,0,0,1.0,126.407,0.0,0.0,90,0.5,1,1.0
025_R203,25,R,4,5,OPTIMAL,113.609,4,4,1,3,0,1.0,113.609,0.0,0.0,90,0.5,1,1.0
025_R203,25,R,4,6,OPTIMAL,86.8411,4,4,3,1,0,1.0,86.8411,0.0,0.0,90,0.5,1,1.0
025_R203,25,R,4,7,OPTIMAL,114.954,4,3,3,0,1,0.75,92.1111,0.0,22.8429,90,0.5,1,1.0
025_R203,25,R,4,8,OPTIMAL,68.5507,4,3,2,1,1,0.75,68.1001,0.0,0.4506,90,0.5,1,1.0
025_R203,25,R,4,9,OPTIMAL,84.5817,4,3,3,0,1,0.75,84.4396,0.0,0.1421,90,0.5,1,1.0
025_R203,25,R,6,0,OPTIMAL,134.0839,6,5,5,0,1,0.8333,133.5854,0.0,0.4985,90,0.5,1,1.0
025_R203,25,R,6,1,OPTIMAL,139.8166,6,6,5,1,0,1.0,139.8166,0.0,0.0,90,0.5,1,1.0
025_R203,25,R,6,2,OPTIMAL,143.6347,6,5,3,2,1,0.8333,139.6151,0.0,4.0196,90,0.5,1,1.0
025_R203,25,R,6,3,OPTIMAL,112.1251,6,4,4,0,2,0.6667,103.6602,0.0,8.4649,90,0.5,1,1.0
025_R203,25,R,6,4,OPTIMAL,134.3594,6,5,4,1,1,0.8333,116.6938,0.0,17.6656,90,0.5,1,1.0
025_R203,25,R,6,5,OPTIMAL,164.3162,6,6,5,1,0,1.0,164.3162,0.0,0.0,90,0.5,1,1.0
025_R203,25,R,6,6,OPTIMAL,146.3801,6,6,5,1,0,1.0,146.3801,0.0,0.0,90,0.5,1,1.0
025_R203,25,R,6,7,OPTIMAL,144.0492,6,4,2,2,2,0.6667,126.4434,0.0,17.6058,90,0.5,1,1.0
025_R203,25,R,6,8,OPTIMAL,147.6121,6,5,4,1,1,0.8333,128.3523,0.0,19.2598,90,0.5,1,1.0
025_R203,25,R,6,9,OPTIMAL,133.9217,6,6,3,3,0,1.0,133.9217,0.0,0.0,90,0.5,1,1.0
025_R204,25,R,2,0,OPTIMAL,46.7341,2,2,2,0,0,1.0,46.7341,0.0,0.0,90,0.5,1,1.0
025_R204,25,R,2,1,OPTIMAL,51.0119,2,2,2,0,0,1.0,51.0119,0.0,0.0,90,0.5,1,1.0
025_R204,25,R,2,2,OPTIMAL,63.9784,2,2,2,0,0,1.0,63.9784,0.0,0.0,90,0.5,1,1.0
025_R204,25,R,2,3,OPTIMAL,57.6999,2,2,2,0,0,1.0,57.6999,0.0,0.0,90,0.5,1,1.0
025_R204,25,R,2,4,OPTIMAL,49.8052,2,2,2,0,0,1.0,49.8052,0.0,0.0,90,0.5,1,1.0
025_R204,25,R,2,5,OPTIMAL,66.3823,2,2,2,0,0,1.0,66.3823,0.0,0.0,90,0.5,1,1.0
025_R204,25,R,2,6,OPTIMAL,64.7235,2,2,1,1,0,1.0,64.7235,0.0,0.0,90,0.5,1,1.0
025_R204,25,R,2,7,OPTIMAL,49.2357,2,2,2,0,0,1.0,49.2357,0.0,0.0,90,0.5,1,1.0
025_R204,25,R,2,8,OPTIMAL,46.4027,2,2,2,0,0,1.0,46.4027,0.0,0.0,90,0.5,1,1.0
025_R204,25,R,2,9,OPTIMAL,16.8775,2,1,1,0,1,0.5,12.8645,0.0,4.013,90,0.5,1,1.0
025_R204,25,R,4,0,OPTIMAL,107.5393,4,4,3,1,0,1.0,107.5393,0.0,0.0,90,0.5,1,1.0
025_R204,25,R,4,1,OPTIMAL,79.8043,4,3,2,1,1,0.75,74.8716,0.0,4.9327,90,0.5,1,1.0
025_R204,25,R,4,2,OPTIMAL,116.743,4,4,4,0,0,1.0,116.743,0.0,0.0,90,0.5,1,1.0
025_R204,25,R,4,3,OPTIMAL,110.9185,4,4,4,0,0,1.0,110.9185,0.0,0.0,90,0.5,1,1.0
025_R204,25,R,4,4,OPTIMAL,126.407,4,4,4,0,0,1.0,126.407,0.0,0.0,90,0.5,1,1.0
025_R204,25,R,4,5,OPTIMAL,93.9504,4,3,2,1,1,0.75,79.1277,0.0,14.8227,90,0.5,1,1.0
025_R204,25,R,4,6,OPTIMAL,86.8411,4,4,3,1,0,1.0,86.8411,0.0,0.0,90,0.5,1,1.0
025_R204,25,R,4,7,OPTIMAL,128.9734,4,4,4,0,0,1.0,128.9734,0.0,0.0,90,0.5,1,1.0
025_R204,25,R,4,8,OPTIMAL,69.0013,4,3,3,0,1,0.75,68.1001,0.0,0.9012,90,0.5,1,1.0
025_R204,25,R,4,9,OPTIMAL,84.5817,4,3,2,1,1,0.75,84.4396,0.0,0.1421,90,0.5,1,1.0
025_R204,25,R,6,0,OPTIMAL,134.0839,6,5,5,0,1,0.8333,133.5854,0.0,0.4985,90,0.5,1,1.0
025_R204,25,R,6,1,OPTIMAL,139.8166,6,6,5,1,0,1.0,139.8166,0.0,0.0,90,0.5,1,1.0
025_R204,25,R,6,2,OPTIMAL,139.2298,6,4,4,0,2,0.6667,111.8294,0.0,27.4004,90,0.5,1,1.0
025_R204,25,R,6,3,OPTIMAL,121.0684,6,5,5,0,1,0.8333,118.085,0.0,2.9834,90,0.5,1,1.0
025_R204,25,R,6,4,OPTIMAL,134.3594,6,5,4,1,1,0.8333,116.6938,0.0,17.6656,90,0.5,1,1.0
025_R204,25,R,6,5,OPTIMAL,164.3162,6,6,6,0,0,1.0,164.3162,0.0,0.0,90,0.5,1,1.0
025_R204,25,R,6,6,OPTIMAL,146.3801,6,6,6,0,0,1.0,146.3801,0.0,0.0,90,0.5,1,1.0
025_R204,25,R,6,7,OPTIMAL,128.0415,6,4,3,1,2,0.6667,126.4434,0.0,1.5981,90,0.5,1,1.0
025_R204,25,R,6,8,OPTIMAL,149.3317,6,6,4,2,0,1.0,149.3317,0.0,0.0,90,0.5,1,1.0
025_R204,25,R,6,9,OPTIMAL,133.9217,6,6,5,1,0,1.0,133.9217,0.0,0.0,90,0.5,1,1.0
025_R205,25,R,2,0,OPTIMAL,46.7341,2,2,1,1,0,1.0,46.7341,0.0,0.0,90,0.5,1,1.0
025_R205,25,R,2,1,OPTIMAL,47.3697,2,1,1,0,1,0.5,26.8789,0.0,20.4908,90,0.5,1,1.0
025_R205,25,R,2,2,OPTIMAL,63.9784,2,2,1,1,0,1.0,63.9784,0.0,0.0,90,0.5,1,1.0
025_R205,25,R,2,3,OPTIMAL,27.0888,2,0,0,0,2,0.0,0.0,0.0,27.0888,90,0.5,1,1.0
025_R205,25,R,2,4,OPTIMAL,49.8052,2,2,1,1,0,1.0,49.8052,0.0,0.0,90,0.5,1,1.0
025_R205,25,R,2,5,OPTIMAL,66.3823,2,2,2,0,0,1.0,66.3823,0.0,0.0,90,0.5,1,1.0
025_R205,25,R,2,6,OPTIMAL,64.7235,2,2,2,0,0,1.0,64.7235,0.0,0.0,90,0.5,1,1.0
025_R205,25,R,2,7,OPTIMAL,49.2357,2,2,2,0,0,1.0,49.2357,0.0,0.0,90,0.5,1,1.0
025_R205,25,R,2,8,OPTIMAL,46.4027,2,2,1,1,0,1.0,46.4027,0.0,0.0,90,0.5,1,1.0
025_R205,25,R,2,9,OPTIMAL,46.7403,2,2,2,0,0,1.0,46.7403,0.0,0.0,90,0.5,1,1.0
025_R205,25,R,4,0,OPTIMAL,94.0493,4,2,0,2,2,0.5,56.4821,0.0,37.5672,90,0.5,1,1.0
025_R205,25,R,4,1,OPTIMAL,65.2634,4,2,1,1,2,0.5,57.1113,0.0,8.1521,90,0.5,1,1.0
025_R205,25,R,4,2,OPTIMAL,87.3707,4,3,1,2,1,0.75,82.7035,0.0,4.6672,90,0.5,1,1.0
025_R205,25,R,4,3,OPTIMAL,110.9185,4,4,3,1,0,1.0,110.9185,0.0,0.0,90,0.5,1,1.0
025_R205,25,R,4,4,OPTIMAL,116.7798,4,3,0,3,1,0.75,98.9043,0.0,17.8755,90,0.5,1,1.0
025_R205,25,R,4,5,OPTIMAL,86.4508,4,2,2,0,2,0.5,53.3985,0.0,33.0524,90,0.5,1,1.0
025_R205,25,R,4,6,OPTIMAL,84.1291,4,3,3,0,1,0.75,75.6458,0.0,8.4833,90,0.5,1,1.0
025_R205,25,R,4,7,OPTIMAL,128.9734,4,4,3,1,0,1.0,128.9734,0.0,0.0,90,0.5,1,1.0
025_R205,25,R,4,8,OPTIMAL,81.5444,4,3,1,2,1,0.75,68.1001,0.0,13.4443,90,0.5,1,1.0
025_R205,25,R,4,9,OPTIMAL,85.2523,4,2,1,1,2,0.5,46.0528,0.0,39.1996,90,0.5,1,1.0
025_R205,25,R,6,0,OPTIMAL,136.2747,6,4,2,2,2,0.6667,104.4211,0.0,31.8536,90,0.5,1,1.0
025_R205,25,R,6,1,OPTIMAL,139.8166,6,6,5,1,0,1.0,139.8166,0.0,0.0,90,0.5,1,1.0
025_R205,25,R,6,2,OPTIMAL,162.4369,6,5,3,2,1,0.8333,139.6151,0.0,22.8218,90,0.5,1,1.0
025_R205,25,R,6,3,OPTIMAL,153.0868,6,6,4,2,0,1.0,153.0868,0.0,0.0,90,0.5,1,1.0
025_R205,25,R,6,4,OPTIMAL,139.6784,6,5,3,2,1,0.8333,121.7756,0.0,17.9028,90,0.5,1,1.0
025_R205,25,R,6,5,OPTIMAL,150.7051,6,5,5,0,1,0.8333,143.1958,0.0,7.5093,90,0.5,1,1.0
025_R205,25,R,6,6,OPTIMAL,134.4172,6,4,2,2,2,0.6667,97.9261,0.0,36.4911,90,0.5,1,1.0
025_R205,25,R,6,7,OPTIMAL,156.4766,6,4,4,0,2,0.6667,122.7965,0.0,33.6801,90,0.5,1,1.0
025_R205,25,R,6,8,OPTIMAL,149.3317,6,6,3,3,0,1.0,149.3317,0.0,0.0,90,0.5,1,1.0
025_R205,25,R,6,9,OPTIMAL,94.6268,6,4,2,2,2,0.6667,87.0772,0.0,7.5496,90,0.5,1,1.0
025_R206,25,R,2,0,OPTIMAL,46.7341,2,2,2,0,0,1.0,46.7341,0.0,0.0,90,0.5,1,1.0
025_R206,25,R,2,1,OPTIMAL,51.0119,2,2,1,1,0,1.0,51.0119,0.0,0.0,90,0.5,1,1.0
025_R206,25,R,2,2,OPTIMAL,63.9784,2,2,1,1,0,1.0,63.9784,0.0,0.0,90,0.5,1,1.0
025_R206,25,R,2,3,OPTIMAL,27.0888,2,0,0,0,2,0.0,0.0,0.0,27.0888,90,0.5,1,1.0
025_R206,25,R,2,4,OPTIMAL,49.8052,2,2,2,0,0,1.0,49.8052,0.0,0.0,90,0.5,1,1.0
025_R206,25,R,2,5,OPTIMAL,66.3823,2,2,2,0,0,1.0,66.3823,0.0,0.0,90,0.5,1,1.0
025_R206,25,R,2,6,OPTIMAL,64.7235,2,2,2,0,0,1.0,64.7235,0.0,0.0,90,0.5,1,1.0
025_R206,25,R,2,7,OPTIMAL,49.2357,2,2,2,0,0,1.0,49.2357,0.0,0.0,90,0.5,1,1.0
025_R206,25,R,2,8,OPTIMAL,46.4027,2,2,1,1,0,1.0,46.4027,0.0,0.0,90,0.5,1,1.0
025_R206,25,R,2,9,OPTIMAL,46.7403,2,2,2,0,0,1.0,46.7403,0.0,0.0,90,0.5,1,1.0
025_R206,25,R,4,0,OPTIMAL,98.1,4,3,1,2,1,0.75,76.0891,0.0,22.0109,90,0.5,1,1.0
025_R206,25,R,4,1,OPTIMAL,65.2634,4,2,1,1,2,0.5,57.1113,0.0,8.1521,90,0.5,1,1.0
025_R206,25,R,4,2,OPTIMAL,116.743,4,4,3,1,0,1.0,116.743,0.0,0.0,90,0.5,1,1.0
025_R206,25,R,4,3,OPTIMAL,110.9185,4,4,4,0,0,1.0,110.9185,0.0,0.0,90,0.5,1,1.0
025_R206,25,R,4,4,OPTIMAL,126.407,4,4,2,2,0,1.0,126.407,0.0,0.0,90,0.5,1,1.0
025_R206,25,R,4,5,OPTIMAL,101.2622,4,2,2,0,2,0.5,53.3985,0.0,47.8637,90,0.5,1,1.0
025_R206,25,R,4,6,OPTIMAL,84.1291,4,3,3,0,1,0.75,75.6458,0.0,8.4833,90,0.5,1,1.0
025_R206,25,R,4,7,OPTIMAL,128.9734,4,4,4,0,0,1.0,128.9734,0.0,0.0,90,0.5,1,1.0
025_R206,25,R,4,8,OPTIMAL,93.2545,4,4,1,3,0,1.0,93.2545,0.0,0.0,90,0.5,1,1.0
025_R206,25,R,4,9,OPTIMAL,94.1134,4,3,1,2,1,0.75,68.7807,0.0,25.3327,90,0.5,1,1.0
025_R206,25,R,6,0,OPTIMAL,136.2747,6,4,2,2,2,0.6667,104.4211,0.0,31.8536,90,0.5,1,1.0
025_R206,25,R,6,1,OPTIMAL,139.8166,6,6,6,0,0,1.0,139.8166,0.0,0.0,90,0.5,1,1.0
025_R206,25,R,6,2,OPTIMAL,162.4369,6,5,4,1,1,0.8333,139.6151,0.0,22.8218,90,0.5,1,1.0
025_R206,25,R,6,3,OPTIMAL,153.0868,6,6,5,1,0,1.0,153.0868,0.0,0.0,90,0.5,1,1.0
025_R206,25,R,6,4,OPTIMAL,139.6784,6,5,5,0,1,0.8333,121.7756,0.0,17.9028,90,0.5,1,1.0
025_R206,25,R,6,5,OPTIMAL,150.7051,6,5,5,0,1,0.8333,143.1958,0.0,7.5093,90,0.5,1,1.0
025_R206,25,R,6,6,OPTIMAL,134.4172,6,4,3,1,2,0.6667,97.9261,0.0,36.4911,90,0.5,1,1.0
025_R206,25,R,6,7,OPTIMAL,148.1416,6,3,3,0,3,0.5,92.6144,0.0,55.5272,90,0.5,1,1.0
025_R206,25,R,6,8,OPTIMAL,149.3317,6,6,3,3,0,1.0,149.3317,0.0,0.0,90,0.5,1,1.0
025_R206,25,R,6,9,OPTIMAL,94.6268,6,4,2,2,2,0.6667,87.0772,0.0,7.5496,90,0.5,1,1.0
025_R207,25,R,2,0,OPTIMAL,46.7341,2,2,2,0,0,1.0,46.7341,0.0,0.0,90,0.5,1,1.0
025_R207,25,R,2,1,OPTIMAL,51.0119,2,2,2,0,0,1.0,51.0119,0.0,0.0,90,0.5,1,1.0
025_R207,25,R,2,2,OPTIMAL,63.9784,2,2,1,1,0,1.0,63.9784,0.0,0.0,90,0.5,1,1.0
025_R207,25,R,2,3,OPTIMAL,43.6393,2,1,0,1,1,0.5,30.9439,0.0,12.6954,90,0.5,1,1.0
025_R207,25,R,2,4,OPTIMAL,49.8052,2,2,2,0,0,1.0,49.8052,0.0,0.0,90,0.5,1,1.0
025_R207,25,R,2,5,OPTIMAL,66.3823,2,2,2,0,0,1.0,66.3823,0.0,0.0,90,0.5,1,1.0
025_R207,25,R,2,6,OPTIMAL,64.7235,2,2,2,0,0,1.0,64.7235,0.0,0.0,90,0.5,1,1.0
025_R207,25,R,2,7,OPTIMAL,49.2357,2,2,2,0,0,1.0,49.2357,0.0,0.0,90,0.5,1,1.0
025_R207,25,R,2,8,OPTIMAL,46.4027,2,2,1,1,0,1.0,46.4027,0.0,0.0,90,0.5,1,1.0
025_R207,25,R,2,9,OPTIMAL,46.7403,2,2,2,0,0,1.0,46.7403,0.0,0.0,90,0.5,1,1.0
025_R207,25,R,4,0,OPTIMAL,98.1,4,3,1,2,1,0.75,76.0891,0.0,22.0109,90,0.5,1,1.0
025_R207,25,R,4,1,OPTIMAL,106.5723,4,4,2,2,0,1.0,106.5723,0.0,0.0,90,0.5,1,1.0
025_R207,25,R,4,2,OPTIMAL,87.3707,4,3,3,0,1,0.75,82.7035,0.0,4.6672,90,0.5,1,1.0
025_R207,25,R,4,3,OPTIMAL,110.9185,4,4,4,0,0,1.0,110.9185,0.0,0.0,90,0.5,1,1.0
025_R207,25,R,4,4,OPTIMAL,126.407,4,4,3,1,0,1.0,126.407,0.0,0.0,90,0.5,1,1.0
025_R207,25,R,4,5,OPTIMAL,113.609,4,4,3,1,0,1.0,113.609,0.0,0.0,90,0.5,1,1.0
025_R207,25,R,4,6,OPTIMAL,84.1291,4,3,3,0,1,0.75,75.6458,0.0,8.4833,90,0.5,1,1.0
025_R207,25,R,4,7,OPTIMAL,128.9734,4,4,4,0,0,1.0,128.9734,0.0,0.0,90,0.5,1,1.0
025_R207,25,R,4,8,OPTIMAL,93.2545,4,4,1,3,0,1.0,93.2545,0.0,0.0,90,0.5,1,1.0
025_R207,25,R,4,9,OPTIMAL,80.012,4,2,1,1,2,0.5,54.5372,0.0,25.4748,90,0.5,1,1.0
025_R207,25,R,6,0,OPTIMAL,136.2747,6,4,3,1,2,0.6667,104.4211,0.0,31.8536,90,0.5,1,1.0
025_R207,25,R,6,1,OPTIMAL,139.8166,6,6,6,0,0,1.0,139.8166,0.0,0.0,90,0.5,1,1.0
025_R207,25,R,6,2,OPTIMAL,162.4369,6,5,4,1,1,0.8333,139.6151,0.0,22.8218,90,0.5,1,1.0
025_R207,25,R,6,3,OPTIMAL,153.0868,6,6,5,1,0,1.0,153.0868,0.0,0.0,90,0.5,1,1.0
025_R207,25,R,6,4,OPTIMAL,139.6784,6,5,5,0,1,0.8333,121.7756,0.0,17.9028,90,0.5,1,1.0
025_R207,25,R,6,5,OPTIMAL,150.7051,6,5,5,0,1,0.8333,143.1958,0.0,7.5093,90,0.5,1,1.0
025_R207,25,R,6,6,OPTIMAL,134.4172,6,4,3,1,2,0.6667,97.9261,0.0,36.4911,90,0.5,1,1.0
025_R207,25,R,6,7,OPTIMAL,122.7756,6,3,3,0,3,0.5,92.6144,0.0,30.1612,90,0.5,1,1.0
025_R207,25,R,6,8,OPTIMAL,149.3317,6,6,3,3,0,1.0,149.3317,0.0,0.0,90,0.5,1,1.0
025_R207,25,R,6,9,OPTIMAL,114.5569,6,4,3,1,2,0.6667,87.0772,0.0,27.4798,90,0.5,1,1.0
025_R208,25,R,2,0,OPTIMAL,46.7341,2,2,2,0,0,1.0,46.7341,0.0,0.0,90,0.5,1,1.0
025_R208,25,R,2,1,OPTIMAL,51.0119,2,2,2,0,0,1.0,51.0119,0.0,0.0,90,0.5,1,1.0
025_R208,25,R,2,2,OPTIMAL,63.9784,2,2,2,0,0,1.0,63.9784,0.0,0.0,90,0.5,1,1.0
025_R208,25,R,2,3,OPTIMAL,55.5428,2,1,0,1,1,0.5,26.756,0.0,28.7869,90,0.5,1,1.0
025_R208,25,R,2,4,OPTIMAL,49.8052,2,2,2,0,0,1.0,49.8052,0.0,0.0,90,0.5,1,1.0
025_R208,25,R,2,5,OPTIMAL,66.3823,2,2,2,0,0,1.0,66.3823,0.0,0.0,90,0.5,1,1.0
025_R208,25,R,2,6,OPTIMAL,64.7235,2,2,2,0,0,1.0,64.7235,0.0,0.0,90,0.5,1,1.0
025_R208,25,R,2,7,OPTIMAL,49.2357,2,2,2,0,0,1.0,49.2357,0.0,0.0,90,0.5,1,1.0
025_R208,25,R,2,8,OPTIMAL,46.4027,2,2,2,0,0,1.0,46.4027,0.0,0.0,90,0.5,1,1.0
025_R208,25,R,2,9,OPTIMAL,46.7403,2,2,2,0,0,1.0,46.7403,0.0,0.0,90,0.5,1,1.0
025_R208,25,R,4,0,OPTIMAL,107.5393,4,4,4,0,0,1.0,107.5393,0.0,0.0,90,0.5,1,1.0
025_R208,25,R,4,1,OPTIMAL,104.8102,4,3,3,0,1,0.75,88.8119,0.0,15.9983,90,0.5,1,1.0
025_R208,25,R,4,2,OPTIMAL,116.743,4,4,3,1,0,1.0,116.743,0.0,0.0,90,0.5,1,1.0
025_R208,25,R,4,3,OPTIMAL,110.9185,4,4,4,0,0,1.0,110.9185,0.0,0.0,90,0.5,1,1.0
025_R208,25,R,4,4,OPTIMAL,126.407,4,4,3,1,0,1.0,126.407,0.0,0.0,90,0.5,1,1.0
025_R208,25,R,4,5,OPTIMAL,113.609,4,4,3,1,0,1.0,113.609,0.0,0.0,90,0.5,1,1.0
025_R208,25,R,4,6,OPTIMAL,86.8411,4,4,3,1,0,1.0,86.8411,0.0,0.0,90,0.5,1,1.0
025_R208,25,R,4,7,OPTIMAL,128.9734,4,4,4,0,0,1.0,128.9734,0.0,0.0,90,0.5,1,1.0
025_R208,25,R,4,8,OPTIMAL,93.2545,4,4,2,2,0,1.0,93.2545,0.0,0.0,90,0.5,1,1.0
025_R208,25,R,4,9,OPTIMAL,80.012,4,2,1,1,2,0.5,54.5372,0.0,25.4748,90,0.5,1,1.0
025_R208,25,R,6,0,OPTIMAL,145.6333,6,5,5,0,1,0.8333,138.7031,0.0,6.9301,90,0.5,1,1.0
025_R208,25,R,6,1,OPTIMAL,139.8166,6,6,6,0,0,1.0,139.8166,0.0,0.0,90,0.5,1,1.0
025_R208,25,R,6,2,OPTIMAL,162.4369,6,5,4,1,1,0.8333,139.6151,0.0,22.8218,90,0.5,1,1.0
025_R208,25,R,6,3,OPTIMAL,153.0868,6,6,6,0,0,1.0,153.0868,0.0,0.0,90,0.5,1,1.0
025_R208,25,R,6,4,OPTIMAL,139.6784,6,5,5,0,1,0.8333,121.7756,0.0,17.9028,90,0.5,1,1.0
025_R208,25,R,6,5,OPTIMAL,150.7051,6,5,5,0,1,0.8333,143.1958,0.0,7.5093,90,0.5,1,1.0
025_R208,25,R,6,6,OPTIMAL,145.8966,6,5,4,1,1,0.8333,134.1606,0.0,11.736,90,0.5,1,1.0
025_R208,25,R,6,7,OPTIMAL,128.2591,6,4,4,0,2,0.6667,126.4434,0.0,1.8157,90,0.5,1,1.0
025_R208,25,R,6,8,OPTIMAL,149.3317,6,6,6,0,0,1.0,149.3317,0.0,0.0,90,0.5,1,1.0
025_R208,25,R,6,9,OPTIMAL,131.1633,6,5,5,0,1,0.8333,118.9249,0.0,12.2385,90,0.5,1,1.0
025_R209,25,R,2,0,OPTIMAL,46.7341,2,2,2,0,0,1.0,46.7341,0.0,0.0,90,0.5,1,1.0
025_R209,25,R,2,1,OPTIMAL,32.7208,2,1,1,0,1,0.5,26.8789,0.0,5.8419,90,0.5,1,1.0
025_R209,25,R,2,2,OPTIMAL,63.9784,2,2,2,0,0,1.0,63.9784,0.0,0.0,90,0.5,1,1.0
025_R209,25,R,2,3,OPTIMAL,57.6999,2,2,2,0,0,1.0,57.6999,0.0,0.0,90,0.5,1,1.0
025_R209,25,R,2,4,OPTIMAL,49.8052,2,2,1,1,0,1.0,49.8052,0.0,0.0,90,0.5,1,1.0
025_R209,25,R,2,5,OPTIMAL,66.3823,2,2,1,1,0,1.0,66.3823,0.0,0.0,90,0.5,1,1.0
025_R209,25,R,2,6,OPTIMAL,64.7235,2,2,2,0,0,1.0,64.7235,0.0,0.0,90,0.5,1,1.0
025_R209,25,R,2,7,OPTIMAL,37.4833,2,1,0,1,1,0.5,27.7179,0.0,9.7655,90,0.5,1,1.0
025_R209,25,R,2,8,OPTIMAL,46.4027,2,2,1,1,0,1.0,46.4027,0.0,0.0,90,0.5,1,1.0
025_R209,25,R,2,9,OPTIMAL,46.7403,2,2,2,0,0,1.0,46.7403,0.0,0.0,90,0.5,1,1.0
025_R209,25,R,4,0,OPTIMAL,107.5393,4,4,3,1,0,1.0,107.5393,0.0,0.0,90,0.5,1,1.0
025_R209,25,R,4,1,OPTIMAL,74.5303,4,2,2,0,2,0.5,44.9389,0.0,29.5914,90,0.5,1,1.0
025_R209,25,R,4,2,OPTIMAL,104.8804,4,3,3,0,1,0.75,88.1481,0.0,16.7323,90,0.5,1,1.0
025_R209,25,R,4,3,OPTIMAL,110.9185,4,4,4,0,0,1.0,110.9185,0.0,0.0,90,0.5,1,1.0
025_R209,25,R,4,4,OPTIMAL,102.4202,4,3,1,2,1,0.75,98.9043,0.0,3.5158,90,0.5,1,1.0
025_R209,25,R,4,5,OPTIMAL,110.6279,4,3,2,1,1,0.75,82.3,0.0,28.3279,90,0.5,1,1.0
025_R209,25,R,4,6,OPTIMAL,86.8411,4,4,2,2,0,1.0,86.8411,0.0,0.0,90,0.5,1,1.0
025_R209,25,R,4,7,OPTIMAL,110.1622,4,2,1,1,2,0.5,72.7386,0.0,37.4235,90,0.5,1,1.0
025_R209,25,R,4,8,OPTIMAL,93.2545,4,4,1,3,0,1.0,93.2545,0.0,0.0,90,0.5,1,1.0
025_R209,25,R,4,9,OPTIMAL,89.3326,4,3,2,1,1,0.75,84.4396,0.0,4.893,90,0.5,1,1.0
025_R209,25,R,6,0,OPTIMAL,129.4085,6,4,2,2,2,0.6667,104.4211,0.0,24.9874,90,0.5,1,1.0
025_R209,25,R,6,1,OPTIMAL,139.8166,6,6,5,1,0,1.0,139.8166,0.0,0.0,90,0.5,1,1.0
025_R209,25,R,6,2,OPTIMAL,151.9673,6,5,3,2,1,0.8333,144.0376,0.0,7.9297,90,0.5,1,1.0
025_R209,25,R,6,3,OPTIMAL,138.8983,6,5,3,2,1,0.8333,138.662,0.0,0.2363,90,0.5,1,1.0
025_R209,25,R,6,4,OPTIMAL,147.2035,6,6,4,2,0,1.0,147.2035,0.0,0.0,90,0.5,1,1.0
025_R209,25,R,6,5,OPTIMAL,135.2381,6,5,4,1,1,0.8333,130.8374,0.0,4.4007,90,0.5,1,1.0
025_R209,25,R,6,6,OPTIMAL,130.3348,6,4,3,1,2,0.6667,97.9261,0.0,32.4087,90,0.5,1,1.0
025_R209,25,R,6,7,OPTIMAL,156.4766,6,4,4,0,2,0.6667,122.7965,0.0,33.6801,90,0.5,1,1.0
025_R209,25,R,6,8,OPTIMAL,149.3317,6,6,5,1,0,1.0,149.3317,0.0,0.0,90,0.5,1,1.0
025_R209,25,R,6,9,OPTIMAL,116.3958,6,4,4,0,2,0.6667,88.9865,0.0,27.4093,90,0.5,1,1.0
025_R210,25,R,2,0,OPTIMAL,46.7341,2,2,1,1,0,1.0,46.7341,0.0,0.0,90,0.5,1,1.0
025_R210,25,R,2,1,OPTIMAL,51.0119,2,2,2,0,0,1.0,51.0119,0.0,0.0,90,0.5,1,1.0
025_R210,25,R,2,2,OPTIMAL,63.9784,2,2,1,1,0,1.0,63.9784,0.0,0.0,90,0.5,1,1.0
025_R210,25,R,2,3,OPTIMAL,57.6999,2,2,1,1,0,1.0,57.6999,0.0,0.0,90,0.5,1,1.0
025_R210,25,R,2,4,OPTIMAL,49.8052,2,2,1,1,0,1.0,49.8052,0.0,0.0,90,0.5,1,1.0
025_R210,25,R,2,5,OPTIMAL,66.3823,2,2,2,0,0,1.0,66.3823,0.0,0.0,90,0.5,1,1.0
025_R210,25,R,2,6,OPTIMAL,64.7235,2,2,2,0,0,1.0,64.7235,0.0,0.0,90,0.5,1,1.0
025_R210,25,R,2,7,OPTIMAL,39.6715,2,1,1,0,1,0.5,21.5179,0.0,18.1536,90,0.5,1,1.0
025_R210,25,R,2,8,OPTIMAL,46.4027,2,2,2,0,0,1.0,46.4027,0.0,0.0,90,0.5,1,1.0
025_R210,25,R,2,9,OPTIMAL,46.7403,2,2,1,1,0,1.0,46.7403,0.0,0.0,90,0.5,1,1.0
025_R210,25,R,4,0,OPTIMAL,107.5393,4,4,3,1,0,1.0,107.5393,0.0,0.0,90,0.5,1,1.0
025_R210,25,R,4,1,OPTIMAL,79.8043,4,3,3,0,1,0.75,74.8716,0.0,4.9327,90,0.5,1,1.0
025_R210,25,R,4,2,OPTIMAL,116.743,4,4,4,0,0,1.0,116.743,0.0,0.0,90,0.5,1,1.0
025_R210,25,R,4,3,OPTIMAL,110.9185,4,4,3,1,0,1.0,110.9185,0.0,0.0,90,0.5,1,1.0
025_R210,25,R,4,4,OPTIMAL,126.407,4,4,2,2,0,1.0,126.407,0.0,0.0,90,0.5,1,1.0
025_R210,25,R,4,5,OPTIMAL,84.8794,4,3,2,1,1,0.75,79.1277,0.0,5.7517,90,0.5,1,1.0
025_R210,25,R,4,6,OPTIMAL,69.0754,4,2,2,0,2,0.5,41.8882,0.0,27.1871,90,0.5,1,1.0
025_R210,25,R,4,7,OPTIMAL,128.9734,4,4,3,1,0,1.0,128.9734,0.0,0.0,90,0.5,1,1.0
025_R210,25,R,4,8,OPTIMAL,61.736,4,2,2,0,2,0.5,34.0233,0.0,27.7126,90,0.5,1,1.0
025_R210,25,R,4,9,OPTIMAL,95.5664,4,3,3,0,1,0.75,84.4396,0.0,11.1268,90,0.5,1,1.0
025_R210,25,R,6,0,OPTIMAL,134.0839,6,5,3,2,1,0.8333,133.5854,0.0,0.4985,90,0.5,1,1.0
025_R210,25,R,6,1,OPTIMAL,139.8166,6,6,5,1,0,1.0,139.8166,0.0,0.0,90,0.5,1,1.0
025_R210,25,R,6,2,OPTIMAL,143.6347,6,5,2,3,1,0.8333,139.6151,0.0,4.0196,90,0.5,1,1.0
025_R210,25,R,6,3,OPTIMAL,121.0684,6,5,4,1,1,0.8333,118.085,0.0,2.9834,90,0.5,1,1.0
025_R210,25,R,6,4,OPTIMAL,134.3594,6,5,3,2,1,0.8333,116.6938,0.0,17.6656,90,0.5,1,1.0
025_R210,25,R,6,5,OPTIMAL,164.3162,6,6,4,2,0,1.0,164.3162,0.0,0.0,90,0.5,1,1.0
025_R210,25,R,6,6,OPTIMAL,145.1766,6,5,4,1,1,0.8333,131.9165,0.0,13.26,90,0.5,1,1.0
025_R210,25,R,6,7,OPTIMAL,165.1398,6,5,3,2,1,0.8333,156.6255,0.0,8.5143,90,0.5,1,1.0
025_R210,25,R,6,8,OPTIMAL,147.6121,6,5,3,2,1,0.8333,128.3523,0.0,19.2598,90,0.5,1,1.0
025_R210,25,R,6,9,OPTIMAL,133.9217,6,6,4,2,0,1.0,133.9217,0.0,0.0,90,0.5,1,1.0
025_R211,25,R,2,0,OPTIMAL,28.1155,2,1,1,0,1,0.5,19.8843,0.0,8.2312,90,0.5,1,1.0
025_R211,25,R,2,1,OPTIMAL,51.0119,2,2,2,0,0,1.0,51.0119,0.0,0.0,90,0.5,1,1.0
025_R211,25,R,2,2,OPTIMAL,63.9784,2,2,2,0,0,1.0,63.9784,0.0,0.0,90,0.5,1,1.0
025_R211,25,R,2,3,OPTIMAL,57.6999,2,2,1,1,0,1.0,57.6999,0.0,0.0,90,0.5,1,1.0
025_R211,25,R,2,4,OPTIMAL,49.8052,2,2,1,1,0,1.0,49.8052,0.0,0.0,90,0.5,1,1.0
025_R211,25,R,2,5,OPTIMAL,66.3823,2,2,2,0,0,1.0,66.3823,0.0,0.0,90,0.5,1,1.0
025_R211,25,R,2,6,OPTIMAL,64.7235,2,2,1,1,0,1.0,64.7235,0.0,0.0,90,0.5,1,1.0
025_R211,25,R,2,7,OPTIMAL,49.2357,2,2,2,0,0,1.0,49.2357,0.0,0.0,90,0.5,1,1.0
025_R211,25,R,2,8,OPTIMAL,18.8868,2,1,0,1,1,0.5,13.8321,0.0,5.0547,90,0.5,1,1.0
025_R211,25,R,2,9,OPTIMAL,46.7403,2,2,1,1,0,1.0,46.7403,0.0,0.0,90,0.5,1,1.0
025_R211,25,R,4,0,OPTIMAL,107.5393,4,4,2,2,0,1.0,107.5393,0.0,0.0,90,0.5,1,1.0
025_R211,25,R,4,1,OPTIMAL,106.5723,4,4,4,0,0,1.0,106.5723,0.0,0.0,90,0.5,1,1.0
025_R211,25,R,4,2,OPTIMAL,104.8804,4,3,3,0,1,0.75,88.1481,0.0,16.7323,90,0.5,1,1.0
025_R211,25,R,4,3,OPTIMAL,110.9185,4,4,4,0,0,1.0,110.9185,0.0,0.0,90,0.5,1,1.0
025_R211,25,R,4,4,OPTIMAL,102.4202,4,3,2,1,1,0.75,98.9043,0.0,3.5158,90,0.5,1,1.0
025_R211,25,R,4,5,OPTIMAL,113.609,4,4,3,1,0,1.0,113.609,0.0,0.0,90,0.5,1,1.0
025_R211,25,R,4,6,OPTIMAL,76.3261,4,3,1,2,1,0.75,75.6458,0.0,0.6803,90,0.5,1,1.0
025_R211,25,R,4,7,OPTIMAL,112.7661,4,3,3,0,1,0.75,106.0418,0.0,6.7243,90,0.5,1,1.0
025_R211,25,R,4,8,OPTIMAL,93.2545,4,4,3,1,0,1.0,93.2545,0.0,0.0,90,0.5,1,1.0
025_R211,25,R,4,9,OPTIMAL,89.3326,4,3,3,0,1,0.75,84.4396,0.0,4.893,90,0.5,1,1.0
025_R211,25,R,6,0,OPTIMAL,135.2548,6,5,5,0,1,0.8333,133.5854,0.0,1.6694,90,0.5,1,1.0
025_R211,25,R,6,1,OPTIMAL,125.3717,6,5,5,0,1,0.8333,123.979,0.0,1.3927,90,0.5,1,1.0
025_R211,25,R,6,2,OPTIMAL,171.8234,6,6,4,2,0,1.0,171.8234,0.0,0.0,90,0.5,1,1.0
025_R211,25,R,6,3,OPTIMAL,153.0868,6,6,3,3,0,1.0,153.0868,0.0,0.0,90,0.5,1,1.0
025_R211,25,R,6,4,OPTIMAL,141.7192,6,5,4,1,1,0.8333,124.7901,0.0,16.9292,90,0.5,1,1.0
025_R211,25,R,6,5,OPTIMAL,135.2381,6,5,5,0,1,0.8333,130.8374,0.0,4.4007,90,0.5,1,1.0
025_R211,25,R,6,6,OPTIMAL,125.6157,6,4,4,0,2,0.6667,101.542,0.0,24.0737,90,0.5,1,1.0
025_R211,25,R,6,7,OPTIMAL,165.1398,6,5,4,1,1,0.8333,156.6255,0.0,8.5143,90,0.5,1,1.0
025_R211,25,R,6,8,OPTIMAL,149.1155,6,5,5,0,1,0.8333,116.2262,0.0,32.8893,90,0.5,1,1.0
025_R211,25,R,6,9,OPTIMAL,133.9217,6,6,5,1,0,1.0,133.9217,0.0,0.0,90,0.5,1,1.0
025_RC101,25,RC,2,0,OPTIMAL,0.7276,2,0,0,0,2,0.0,0.0,0.0,0.7276,90,0.5,1,1.0
025_RC101,25,RC,2,1,OPTIMAL,4.5002,2,0,0,0,2,0.0,0.0,0.0,4.5002,90,0.5,1,1.0
025_RC101,25,RC,2,2,OPTIMAL,0.6825,2,0,0,0,2,0.0,0.0,0.0,0.6825,90,0.5,1,1.0
025_RC101,25,RC,2,3,OPTIMAL,7.311,2,0,0,0,2,0.0,0.0,0.0,7.311,90,0.5,1,1.0
025_RC101,25,RC,2,4,OPTIMAL,52.4095,2,1,1,0,1,0.5,33.8611,0.0,18.5484,90,0.5,1,1.0
025_RC101,25,RC,2,5,OPTIMAL,2.1197,2,0,0,0,2,0.0,0.0,0.0,2.1197,90,0.5,1,1.0
025_RC101,25,RC,2,6,OPTIMAL,29.592,2,0,0,0,2,0.0,0.0,0.0,29.592,90,0.5,1,1.0
025_RC101,25,RC,2,7,OPTIMAL,2.7084,2,0,0,0,2,0.0,0.0,0.0,2.7084,90,0.5,1,1.0
025_RC101,25,RC,2,8,OPTIMAL,0.1138,2,0,0,0,2,0.0,0.0,0.0,0.1138,90,0.5,1,1.0
025_RC101,25,RC,2,9,OPTIMAL,37.4744,2,0,0,0,2,0.0,0.0,0.0,37.4744,90,0.5,1,1.0
025_RC101,25,RC,4,0,OPTIMAL,31.0497,4,0,0,0,4,0.0,0.0,0.0,31.0497,90,0.5,1,1.0
025_RC101,25,RC,4,1,OPTIMAL,39.26,4,0,0,0,4,0.0,0.0,0.0,39.26,90,0.5,1,1.0
025_RC101,25,RC,4,2,OPTIMAL,4.3744,4,0,0,0,4,0.0,0.0,0.0,4.3744,90,0.5,1,1.0
025_RC101,25,RC,4,3,OPTIMAL,16.7663,4,0,0,0,4,0.0,0.0,0.0,16.7663,90,0.5,1,1.0
025_RC101,25,RC,4,4,OPTIMAL,56.8892,4,1,0,1,3,0.25,33.1964,0.0,23.6928,90,0.5,1,1.0
025_RC101,25,RC,4,5,OPTIMAL,56.6099,4,1,1,0,3,0.25,35.5992,0.0,21.0107,90,0.5,1,1.0
025_RC101,25,RC,4,6,OPTIMAL,6.0869,4,0,0,0,4,0.0,0.0,0.0,6.0869,90,0.5,1,1.0
025_RC101,25,RC,4,7,OPTIMAL,56.6209,4,1,0,1,3,0.25,48.0162,0.0,8.6047,90,0.5,1,1.0
025_RC101,25,RC,4,8,OPTIMAL,28.692,4,0,0,0,4,0.0,0.0,0.0,28.692,90,0.5,1,1.0
025_RC101,25,RC,4,9,OPTIMAL,83.3291,4,1,1,0,3,0.25,47.313,0.0,36.016,90,0.5,1,1.0
025_RC101,25,RC,6,0,OPTIMAL,39.129,6,0,0,0,6,0.0,0.0,0.0,39.129,90,0.5,1,1.0
025_RC101,25,RC,6,1,OPTIMAL,14.8047,6,0,0,0,6,0.0,0.0,0.0,14.8047,90,0.5,1,1.0
025_RC101,25,RC,6,2,OPTIMAL,25.0861,6,0,0,0,6,0.0,0.0,0.0,25.0861,90,0.5,1,1.0
025_RC101,25,RC,6,3,OPTIMAL,24.4354,6,0,0,0,6,0.0,0.0,0.0,24.4354,90,0.5,1,1.0
025_RC101,25,RC,6,4,OPTIMAL,65.2117,6,0,0,0,6,0.0,0.0,0.0,65.2117,90,0.5,1,1.0
025_RC101,25,RC,6,5,OPTIMAL,57.9822,6,1,0,1,5,0.1667,35.7246,0.0,22.2576,90,0.5,1,1.0
025_RC101,25,RC,6,6,OPTIMAL,65.9923,6,1,0,1,5,0.1667,39.2977,0.0,26.6946,90,0.5,1,1.0
025_RC101,25,RC,6,7,OPTIMAL,93.4519,6,2,1,1,4,0.3333,70.0356,0.0,23.4163,90,0.5,1,1.0
025_RC101,25,RC,6,8,OPTIMAL,77.0565,6,0,0,0,6,0.0,0.0,0.0,77.0565,90,0.5,1,1.0
025_RC101,25,RC,6,9,OPTIMAL,80.7908,6,1,1,0,5,0.1667,43.2178,0.0,37.573,90,0.5,1,1.0
025_RC102,25,RC,2,0,OPTIMAL,0.682,2,0,0,0,2,0.0,0.0,0.0,0.682,90,0.5,1,1.0
025_RC102,25,RC,2,1,OPTIMAL,2.4568,2,0,0,0,2,0.0,0.0,0.0,2.4568,90,0.5,1,1.0
025_RC102,25,RC,2,2,OPTIMAL,0.6825,2,0,0,0,2,0.0,0.0,0.0,0.6825,90,0.5,1,1.0
025_RC102,25,RC,2,3,OPTIMAL,7.311,2,0,0,0,2,0.0,0.0,0.0,7.311,90,0.5,1,1.0
025_RC102,25,RC,2,4,OPTIMAL,18.5485,2,0,0,0,2,0.0,0.0,0.0,18.5485,90,0.5,1,1.0
025_RC102,25,RC,2,5,OPTIMAL,1.892,2,0,0,0,2,0.0,0.0,0.0,1.892,90,0.5,1,1.0
025_RC102,25,RC,2,6,OPTIMAL,31.4592,2,0,0,0,2,0.0,0.0,0.0,31.4592,90,0.5,1,1.0
025_RC102,25,RC,2,7,OPTIMAL,3.4044,2,0,0,0,2,0.0,0.0,0.0,3.4044,90,0.5,1,1.0
025_RC102,25,RC,2,8,OPTIMAL,0.3542,2,0,0,0,2,0.0,0.0,0.0,0.3542,90,0.5,1,1.0
025_RC102,25,RC,2,9,OPTIMAL,38.9986,2,0,0,0,2,0.0,0.0,0.0,38.9986,90,0.5,1,1.0
025_RC102,25,RC,4,0,OPTIMAL,12.4802,4,0,0,0,4,0.0,0.0,0.0,12.4802,90,0.5,1,1.0
025_RC102,25,RC,4,1,OPTIMAL,19.0565,4,0,0,0,4,0.0,0.0,0.0,19.0565,90,0.5,1,1.0
025_RC102,25,RC,4,2,OPTIMAL,11.1377,4,0,0,0,4,0.0,0.0,0.0,11.1377,90,0.5,1,1.0
025_RC102,25,RC,4,3,OPTIMAL,41.2016,4,1,1,0,3,0.25,40.7303,0.0,0.4712,90,0.5,1,1.0
025_RC102,25,RC,4,4,OPTIMAL,47.7182,4,1,0,1,3,0.25,33.1964,0.0,14.5218,90,0.5,1,1.0
025_RC102,25,RC,4,5,OPTIMAL,17.9882,4,0,0,0,4,0.0,0.0,0.0,17.9882,90,0.5,1,1.0
025_RC102,25,RC,4,6,OPTIMAL,1.7431,4,0,0,0,4,0.0,0.0,0.0,1.7431,90,0.5,1,1.0
025_RC102,25,RC,4,7,OPTIMAL,59.5375,4,1,0,1,3,0.25,48.0162,0.0,11.5214,90,0.5,1,1.0
025_RC102,25,RC,4,8,OPTIMAL,10.9786,4,0,0,0,4,0.0,0.0,0.0,10.9786,90,0.5,1,1.0
025_RC102,25,RC,4,9,OPTIMAL,81.9995,4,1,1,0,3,0.25,47.313,0.0,34.6864,90,0.5,1,1.0
025_RC102,25,RC,6,0,OPTIMAL,56.9816,6,0,0,0,6,0.0,0.0,0.0,56.9816,90,0.5,1,1.0
025_RC102,25,RC,6,1,OPTIMAL,43.1073,6,1,0,1,5,0.1667,40.5886,0.0,2.5187,90,0.5,1,1.0
025_RC102,25,RC,6,2,OPTIMAL,21.3921,6,0,0,0,6,0.0,0.0,0.0,21.3921,90,0.5,1,1.0
025_RC102,25,RC,6,3,OPTIMAL,68.9137,6,1,1,0,5,0.1667,42.1572,0.0,26.7565,90,0.5,1,1.0
025_RC102,25,RC,6,4,OPTIMAL,83.2967,6,1,0,1,5,0.1667,38.6002,0.0,44.6964,90,0.5,1,1.0
025_RC102,25,RC,6,5,OPTIMAL,17.8741,6,0,0,0,6,0.0,0.0,0.0,17.8741,90,0.5,1,1.0
025_RC102,25,RC,6,6,OPTIMAL,31.4205,6,0,0,0,6,0.0,0.0,0.0,31.4205,90,0.5,1,1.0
025_RC102,25,RC,6,7,OPTIMAL,60.7738,6,1,0,1,5,0.1667,37.0038,0.0,23.77,90,0.5,1,1.0
025_RC102,25,RC,6,8,OPTIMAL,74.0864,6,0,0,0,6,0.0,0.0,0.0,74.0864,90,0.5,1,1.0
025_RC102,25,RC,6,9,OPTIMAL,34.6807,6,0,0,0,6,0.0,0.0,0.0,34.6807,90,0.5,1,1.0
025_RC103,25,RC,2,0,OPTIMAL,0.7276,2,0,0,0,2,0.0,0.0,0.0,0.7276,90,0.5,1,1.0
025_RC103,25,RC,2,1,OPTIMAL,16.0992,2,0,0,0,2,0.0,0.0,0.0,16.0992,90,0.5,1,1.0
025_RC103,25,RC,2,2,OPTIMAL,0.6836,2,0,0,0,2,0.0,0.0,0.0,0.6836,90,0.5,1,1.0
025_RC103,25,RC,2,3,OPTIMAL,12.0526,2,0,0,0,2,0.0,0.0,0.0,12.0526,90,0.5,1,1.0
025_RC103,25,RC,2,4,OPTIMAL,45.2335,2,1,1,0,1,0.5,44.0268,0.0,1.2067,90,0.5,1,1.0
025_RC103,25,RC,2,5,OPTIMAL,1.892,2,0,0,0,2,0.0,0.0,0.0,1.892,90,0.5,1,1.0
025_RC103,25,RC,2,6,OPTIMAL,25.6469,2,0,0,0,2,0.0,0.0,0.0,25.6469,90,0.5,1,1.0
025_RC103,25,RC,2,7,OPTIMAL,3.7257,2,0,0,0,2,0.0,0.0,0.0,3.7257,90,0.5,1,1.0
025_RC103,25,RC,2,8,OPTIMAL,1.5886,2,0,0,0,2,0.0,0.0,0.0,1.5886,90,0.5,1,1.0
025_RC103,25,RC,2,9,OPTIMAL,44.3068,2,1,1,0,1,0.5,44.2956,0.0,0.0112,90,0.5,1,1.0
025_RC103,25,RC,4,0,OPTIMAL,21.821,4,0,0,0,4,0.0,0.0,0.0,21.821,90,0.5,1,1.0
025_RC103,25,RC,4,1,OPTIMAL,27.4191,4,0,0,0,4,0.0,0.0,0.0,27.4191,90,0.5,1,1.0
025_RC103,25,RC,4,2,OPTIMAL,9.9651,4,0,0,0,4,0.0,0.0,0.0,9.9651,90,0.5,1,1.0
025_RC103,25,RC,4,3,OPTIMAL,49.3468,4,1,1,0,3,0.25,40.7303,0.0,8.6165,90,0.5,1,1.0
025_RC103,25,RC,4,4,OPTIMAL,48.9711,4,1,0,1,3,0.25,33.1964,0.0,15.7747,90,0.5,1,1.0
025_RC103,25,RC,4,5,OPTIMAL,25.086,4,0,0,0,4,0.0,0.0,0.0,25.086,90,0.5,1,1.0
025_RC103,25,RC,4,6,OPTIMAL,2.1508,4,0,0,0,4,0.0,0.0,0.0,2.1508,90,0.5,1,1.0
025_RC103,25,RC,4,7,OPTIMAL,86.2455,4,1,1,0,3,0.25,48.0162,0.0,38.2293,90,0.5,1,1.0
025_RC103,25,RC,4,8,OPTIMAL,11.863,4,0,0,0,4,0.0,0.0,0.0,11.863,90,0.5,1,1.0
025_RC103,25,RC,4,9,OPTIMAL,82.1166,4,1,1,0,3,0.25,47.313,0.0,34.8036,90,0.5,1,1.0
025_RC103,25,RC,6,0,OPTIMAL,79.2376,6,1,1,0,5,0.1667,42.7879,0.0,36.4497,90,0.5,1,1.0
025_RC103,25,RC,6,1,OPTIMAL,43.1073,6,1,0,1,5,0.1667,40.5886,0.0,2.5187,90,0.5,1,1.0
025_RC103,25,RC,6,2,OPTIMAL,21.3921,6,0,0,0,6,0.0,0.0,0.0,21.3921,90,0.5,1,1.0
025_RC103,25,RC,6,3,OPTIMAL,69.5287,6,1,1,0,5,0.1667,42.1572,0.0,27.3715,90,0.5,1,1.0
025_RC103,25,RC,6,4,OPTIMAL,100.7381,6,2,1,1,4,0.3333,84.9828,0.0,15.7553,90,0.5,1,1.0
025_RC103,25,RC,6,5,OPTIMAL,62.8786,6,1,0,1,5,0.1667,37.9602,0.0,24.9184,90,0.5,1,1.0
025_RC103,25,RC,6,6,OPTIMAL,37.7486,6,0,0,0,6,0.0,0.0,0.0,37.7486,90,0.5,1,1.0
025_RC103,25,RC,6,7,OPTIMAL,26.5022,6,0,0,0,6,0.0,0.0,0.0,26.5022,90,0.5,1,1.0
025_RC103,25,RC,6,8,OPTIMAL,97.0075,6,1,1,0,5,0.1667,44.3975,0.0,52.6101,90,0.5,1,1.0
025_RC103,25,RC,6,9,OPTIMAL,29.7963,6,0,0,0,6,0.0,0.0,0.0,29.7963,90,0.5,1,1.0
025_RC104,25,RC,2,0,OPTIMAL,4.365,2,0,0,0,2,0.0,0.0,0.0,4.365,90,0.5,1,1.0
025_RC104,25,RC,2,1,OPTIMAL,43.5775,2,1,1,0,1,0.5,41.3689,0.0,2.2085,90,0.5,1,1.0
025_RC104,25,RC,2,2,OPTIMAL,7.9925,2,0,0,0,2,0.0,0.0,0.0,7.9925,90,0.5,1,1.0
025_RC104,25,RC,2,3,OPTIMAL,46.989,2,1,1,0,1,0.5,37.2634,0.0,9.7256,90,0.5,1,1.0
025_RC104,25,RC,2,4,OPTIMAL,47.4706,2,1,1,0,1,0.5,44.0268,0.0,3.4438,90,0.5,1,1.0
025_RC104,25,RC,2,5,OPTIMAL,41.6702,2,1,0,1,1,0.5,39.9247,0.0,1.7455,90,0.5,1,1.0
025_RC104,25,RC,2,6,OPTIMAL,54.9159,2,1,1,0,1,0.5,45.4553,0.0,9.4606,90,0.5,1,1.0
025_RC104,25,RC,2,7,OPTIMAL,3.7257,2,0,0,0,2,0.0,0.0,0.0,3.7257,90,0.5,1,1.0
025_RC104,25,RC,2,8,OPTIMAL,4.0986,2,0,0,0,2,0.0,0.0,0.0,4.0986,90,0.5,1,1.0
025_RC104,25,RC,2,9,OPTIMAL,44.318,2,1,1,0,1,0.5,44.2956,0.0,0.0224,90,0.5,1,1.0
025_RC104,25,RC,4,0,OPTIMAL,53.8877,4,1,0,1,3,0.25,32.9689,0.0,20.9188,90,0.5,1,1.0
025_RC104,25,RC,4,1,OPTIMAL,23.9736,4,0,0,0,4,0.0,0.0,0.0,23.9736,90,0.5,1,1.0
025_RC104,25,RC,4,2,OPTIMAL,43.4183,4,1,0,1,3,0.25,33.7633,0.0,9.655,90,0.5,1,1.0
025_RC104,25,RC,4,3,OPTIMAL,51.432,4,1,1,0,3,0.25,40.7303,0.0,10.7017,90,0.5,1,1.0
025_RC104,25,RC,4,4,OPTIMAL,81.188,4,2,1,1,2,0.5,69.8265,0.0,11.3615,90,0.5,1,1.0
025_RC104,25,RC,4,5,OPTIMAL,25.664,4,0,0,0,4,0.0,0.0,0.0,25.664,90,0.5,1,1.0
025_RC104,25,RC,4,6,OPTIMAL,39.0389,4,1,1,0,3,0.25,35.6603,0.0,3.3786,90,0.5,1,1.0
025_RC104,25,RC,4,7,OPTIMAL,103.3361,4,2,2,0,2,0.5,94.6762,0.0,8.6598,90,0.5,1,1.0
025_RC104,25,RC,4,8,OPTIMAL,10.7607,4,0,0,0,4,0.0,0.0,0.0,10.7607,90,0.5,1,1.0
025_RC104,25,RC,4,9,OPTIMAL,105.3601,4,2,2,0,2,0.5,92.8734,0.0,12.4867,90,0.5,1,1.0
025_RC104,25,RC,6,0,OPTIMAL,59.4582,6,1,1,0,5,0.1667,42.7879,0.0,16.6703,90,0.5,1,1.0
025_RC104,25,RC,6,1,OPTIMAL,86.0832,6,2,0,2,4,0.3333,75.5892,0.0,10.494,90,0.5,1,1.0
025_RC104,25,RC,6,2,OPTIMAL,64.0458,6,1,0,1,5,0.1667,32.7033,0.0,31.3425,90,0.5,1,1.0
025_RC104,25,RC,6,3,OPTIMAL,62.3866,6,1,0,1,5,0.1667,35.6041,0.0,26.7825,90,0.5,1,1.0
025_RC104,25,RC,6,4,OPTIMAL,138.5044,6,3,2,1,3,0.5,123.9151,0.0,14.5893,90,0.5,1,1.0
025_RC104,25,RC,6,5,OPTIMAL,60.0303,6,1,1,0,5,0.1667,37.9602,0.0,22.0702,90,0.5,1,1.0
025_RC104,25,RC,6,6,OPTIMAL,62.2492,6,1,0,1,5,0.1667,35.3123,0.0,26.9369,90,0.5,1,1.0
025_RC104,25,RC,6,7,OPTIMAL,31.1165,6,0,0,0,6,0.0,0.0,0.0,31.1165,90,0.5,1,1.0
025_RC104,25,RC,6,8,OPTIMAL,107.3992,6,2,2,0,4,0.3333,83.3576,0.0,24.0416,90,0.5,1,1.0
025_RC104,25,RC,6,9,OPTIMAL,32.803,6,0,0,0,6,0.0,0.0,0.0,32.803,90,0.5,1,1.0
025_RC105,25,RC,2,0,OPTIMAL,0.407,2,0,0,0,2,0.0,0.0,0.0,0.407,90,0.5,1,1.0
025_RC105,25,RC,2,1,OPTIMAL,13.6962,2,0,0,0,2,0.0,0.0,0.0,13.6962,90,0.5,1,1.0
025_RC105,25,RC,2,2,OPTIMAL,0.7575,2,0,0,0,2,0.0,0.0,0.0,0.7575,90,0.5,1,1.0
025_RC105,25,RC,2,3,OPTIMAL,7.3252,2,0,0,0,2,0.0,0.0,0.0,7.3252,90,0.5,1,1.0
025_RC105,25,RC,2,4,OPTIMAL,20.8789,2,0,0,0,2,0.0,0.0,0.0,20.8789,90,0.5,1,1.0
025_RC105,25,RC,2,5,OPTIMAL,1.892,2,0,0,0,2,0.0,0.0,0.0,1.892,90,0.5,1,1.0
025_RC105,25,RC,2,6,OPTIMAL,50.1838,2,0,0,0,2,0.0,0.0,0.0,50.1838,90,0.5,1,1.0
025_RC105,25,RC,2,7,OPTIMAL,3.7257,2,0,0,0,2,0.0,0.0,0.0,3.7257,90,0.5,1,1.0
025_RC105,25,RC,2,8,OPTIMAL,7.2179,2,0,0,0,2,0.0,0.0,0.0,7.2179,90,0.5,1,1.0
025_RC105,25,RC,2,9,OPTIMAL,40.8225,2,0,0,0,2,0.0,0.0,2.7273,38.0953,90,0.5,1,1.0
025_RC105,25,RC,4,0,OPTIMAL,36.5244,4,0,0,0,4,0.0,0.0,3.9926,32.5318,90,0.5,1,1.0
025_RC105,25,RC,4,1,OPTIMAL,22.7304,4,0,0,0,4,0.0,0.0,0.0,22.7304,90,0.5,1,1.0
025_RC105,25,RC,4,2,OPTIMAL,42.4219,4,1,1,0,3,0.25,32.5418,0.0,9.8801,90,0.5,1,1.0
025_RC105,25,RC,4,3,OPTIMAL,17.258,4,0,0,0,4,0.0,0.0,0.0,17.258,90,0.5,1,1.0
025_RC105,25,RC,4,4,OPTIMAL,19.7415,4,0,0,0,4,0.0,0.0,0.0,19.7415,90,0.5,1,1.0
025_RC105,25,RC,4,5,OPTIMAL,18.5128,4,0,0,0,4,0.0,0.0,0.0,18.5128,90,0.5,1,1.0
025_RC105,25,RC,4,6,OPTIMAL,2.6269,4,0,0,0,4,0.0,0.0,0.0,2.6269,90,0.5,1,1.0
025_RC105,25,RC,4,7,OPTIMAL,68.4829,4,0,0,0,4,0.0,0.0,3.1344,65.3485,90,0.5,1,1.0
025_RC105,25,RC,4,8,OPTIMAL,10.067,4,0,0,0,4,0.0,0.0,0.0,10.067,90,0.5,1,1.0
025_RC105,25,RC,4,9,OPTIMAL,80.8663,4,1,1,0,3,0.25,47.313,0.0,33.5533,90,0.5,1,1.0
025_RC105,25,RC,6,0,OPTIMAL,35.2103,6,0,0,0,6,0.0,0.0,0.0,35.2103,90,0.5,1,1.0
025_RC105,25,RC,6,1,OPTIMAL,20.0532,6,0,0,0,6,0.0,0.0,0.0,20.0532,90,0.5,1,1.0
025_RC105,25,RC,6,2,OPTIMAL,17.918,6,0,0,0,6,0.0,0.0,0.0,17.918,90,0.5,1,1.0
025_RC105,25,RC,6,3,OPTIMAL,36.9434,6,0,0,0,6,0.0,0.0,0.0,36.9434,90,0.5,1,1.0
025_RC105,25,RC,6,4,OPTIMAL,89.7683,6,1,1,0,5,0.1667,38.6002,0.0,51.1681,90,0.5,1,1.0
025_RC105,25,RC,6,5,OPTIMAL,20.7707,6,0,0,0,6,0.0,0.0,0.0,20.7707,90,0.5,1,1.0
025_RC105,25,RC,6,6,OPTIMAL,49.8074,6,1,1,0,5,0.1667,38.12,0.0,11.6873,90,0.5,1,1.0
025_RC105,25,RC,6,7,OPTIMAL,90.1851,6,1,1,0,5,0.1667,44.0508,0.0,46.1343,90,0.5,1,1.0
025_RC105,25,RC,6,8,OPTIMAL,60.7725,6,0,0,0,6,0.0,0.0,1.1533,59.6191,90,0.5,1,1.0
025_RC105,25,RC,6,9,OPTIMAL,39.9954,6,0,0,0,6,0.0,0.0,0.0,39.9954,90,0.5,1,1.0
025_RC106,25,RC,2,0,OPTIMAL,5.8803,2,0,0,0,2,0.0,0.0,0.0,5.8803,90,0.5,1,1.0
025_RC106,25,RC,2,1,OPTIMAL,16.1316,2,0,0,0,2,0.0,0.0,0.0,16.1316,90,0.5,1,1.0
025_RC106,25,RC,2,2,OPTIMAL,0.6825,2,0,0,0,2,0.0,0.0,0.0,0.6825,90,0.5,1,1.0
025_RC106,25,RC,2,3,OPTIMAL,46.1285,2,1,1,0,1,0.5,41.4923,0.0,4.6362,90,0.5,1,1.0
025_RC106,25,RC,2,4,OPTIMAL,59.4957,2,1,1,0,1,0.5,33.8611,0.0,25.6346,90,0.5,1,1.0
025_RC106,25,RC,2,5,OPTIMAL,2.1197,2,0,0,0,2,0.0,0.0,0.0,2.1197,90,0.5,1,1.0
025_RC106,25,RC,2,6,OPTIMAL,31.9337,2,0,0,0,2,0.0,0.0,0.0,31.9337,90,0.5,1,1.0
025_RC106,25,RC,2,7,OPTIMAL,36.0935,2,1,1,0,1,0.5,32.9517,0.0,3.1418,90,0.5,1,1.0
025_RC106,25,RC,2,8,OPTIMAL,0.9038,2,0,0,0,2,0.0,0.0,0.0,0.9038,90,0.5,1,1.0
025_RC106,25,RC,2,9,OPTIMAL,12.2222,2,0,0,0,2,0.0,0.0,0.0,12.2222,90,0.5,1,1.0
025_RC106,25,RC,4,0,OPTIMAL,31.2021,4,0,0,0,4,0.0,0.0,0.0,31.2021,90,0.5,1,1.0
025_RC106,25,RC,4,1,OPTIMAL,76.1887,4,1,1,0,3,0.25,42.8963,0.0,33.2924,90,0.5,1,1.0
025_RC106,25,RC,4,2,OPTIMAL,14.4071,4,0,0,0,4,0.0,0.0,0.0,14.4071,90,0.5,1,1.0
025_RC106,25,RC,4,3,OPTIMAL,49.7054,4,1,1,0,3,0.25,40.7303,0.0,8.9751,90,0.5,1,1.0
025_RC106,25,RC,4,4,OPTIMAL,64.1032,4,1,1,0,3,0.25,40.5594,0.0,23.5438,90,0.5,1,1.0
025_RC106,25,RC,4,5,OPTIMAL,26.7773,4,0,0,0,4,0.0,0.0,0.0,26.7773,90,0.5,1,1.0
025_RC106,25,RC,4,6,OPTIMAL,4.9731,4,0,0,0,4,0.0,0.0,0.0,4.9731,90,0.5,1,1.0
025_RC106,25,RC,4,7,OPTIMAL,70.1408,4,0,0,0,4,0.0,0.0,0.0,70.1408,90,0.5,1,1.0
025_RC106,25,RC,4,8,OPTIMAL,31.4074,4,0,0,0,4,0.0,0.0,0.0,31.4074,90,0.5,1,1.0
025_RC106,25,RC,4,9,OPTIMAL,83.1426,4,1,1,0,3,0.25,47.313,0.0,35.8296,90,0.5,1,1.0
025_RC106,25,RC,6,0,OPTIMAL,18.4522,6,0,0,0,6,0.0,0.0,0.0,18.4522,90,0.5,1,1.0
025_RC106,25,RC,6,1,OPTIMAL,42.7271,6,1,1,0,5,0.1667,30.3597,0.0,12.3674,90,0.5,1,1.0
025_RC106,25,RC,6,2,OPTIMAL,28.7367,6,0,0,0,6,0.0,0.0,0.0,28.7367,90,0.5,1,1.0
025_RC106,25,RC,6,3,OPTIMAL,30.0156,6,0,0,0,6,0.0,0.0,0.0,30.0156,90,0.5,1,1.0
025_RC106,25,RC,6,4,OPTIMAL,120.3793,6,2,2,0,4,0.3333,73.1788,0.0,47.2006,90,0.5,1,1.0
025_RC106,25,RC,6,5,OPTIMAL,94.2204,6,1,0,1,5,0.1667,44.6926,0.0,49.5278,90,0.5,1,1.0
025_RC106,25,RC,6,6,OPTIMAL,69.9123,6,0,0,0,6,0.0,0.0,0.0,69.9123,90,0.5,1,1.0
025_RC106,25,RC,6,7,OPTIMAL,93.1747,6,1,1,0,5,0.1667,33.0318,0.0,60.1429,90,0.5,1,1.0
025_RC106,25,RC,6,8,OPTIMAL,72.7957,6,1,0,1,5,0.1667,36.893,0.0,35.9027,90,0.5,1,1.0
025_RC106,25,RC,6,9,OPTIMAL,71.9203,6,1,1,0,5,0.1667,34.9567,0.0,36.9636,90,0.5,1,1.0
025_RC107,25,RC,2,0,OPTIMAL,6.5006,2,0,0,0,2,0.0,0.0,0.0,6.5006,90,0.5,1,1.0
025_RC107,25,RC,2,1,OPTIMAL,15.3198,2,0,0,0,2,0.0,0.0,0.0,15.3198,90,0.5,1,1.0
025_RC107,25,RC,2,2,OPTIMAL,37.4589,2,1,0,1,1,0.5,37.3839,0.0,0.075,90,0.5,1,1.0
025_RC107,25,RC,2,3,OPTIMAL,46.1285,2,1,1,0,1,0.5,41.4923,0.0,4.6362,90,0.5,1,1.0
025_RC107,25,RC,2,4,OPTIMAL,18.5505,2,0,0,0,2,0.0,0.0,0.0,18.5505,90,0.5,1,1.0
025_RC107,25,RC,2,5,OPTIMAL,72.2287,2,2,1,1,0,1.0,72.2287,0.0,0.0,90,0.5,1,1.0
025_RC107,25,RC,2,6,OPTIMAL,22.0706,2,0,0,0,2,0.0,0.0,0.0,22.0706,90,0.5,1,1.0
025_RC107,25,RC,2,7,OPTIMAL,33.2853,2,1,1,0,1,0.5,32.9517,0.0,0.3337,90,0.5,1,1.0
025_RC107,25,RC,2,8,OPTIMAL,0.8934,2,0,0,0,2,0.0,0.0,0.0,0.8934,90,0.5,1,1.0
025_RC107,25,RC,2,9,OPTIMAL,18.7212,2,0,0,0,2,0.0,0.0,0.0,18.7212,90,0.5,1,1.0
025_RC107,25,RC,4,0,OPTIMAL,92.1058,4,2,0,2,2,0.5,67.5356,0.0,24.5702,90,0.5,1,1.0
025_RC107,25,RC,4,1,OPTIMAL,62.6296,4,1,1,0,3,0.25,42.8963,0.0,19.7332,90,0.5,1,1.0
025_RC107,25,RC,4,2,OPTIMAL,33.8704,4,1,1,0,3,0.25,32.5418,0.0,1.3285,90,0.5,1,1.0
025_RC107,25,RC,4,3,OPTIMAL,49.5782,4,1,1,0,3,0.25,40.7303,0.0,8.8479,90,0.5,1,1.0
025_RC107,25,RC,4,4,OPTIMAL,54.0387,4,1,1,0,3,0.25,40.5594,0.0,13.4793,90,0.5,1,1.0
025_RC107,25,RC,4,5,OPTIMAL,43.0422,4,0,0,0,4,0.0,0.0,0.0,43.0422,90,0.5,1,1.0
025_RC107,25,RC,4,6,OPTIMAL,59.6945,4,1,0,1,3,0.25,32.1034,0.0,27.5911,90,0.5,1,1.0
025_RC107,25,RC,4,7,OPTIMAL,38.5756,4,0,0,0,4,0.0,0.0,0.0,38.5756,90,0.5,1,1.0
025_RC107,25,RC,4,8,OPTIMAL,56.6506,4,1,1,0,3,0.25,38.6957,0.0,17.9549,90,0.5,1,1.0
025_RC107,25,RC,4,9,OPTIMAL,90.3047,4,1,1,0,3,0.25,47.313,0.0,42.9917,90,0.5,1,1.0
025_RC107,25,RC,6,0,OPTIMAL,19.4482,6,0,0,0,6,0.0,0.0,0.0,19.4482,90,0.5,1,1.0
025_RC107,25,RC,6,1,OPTIMAL,111.7948,6,3,1,2,3,0.5,96.6041,0.0,15.1907,90,0.5,1,1.0
025_RC107,25,RC,6,2,OPTIMAL,96.9109,6,2,1,1,4,0.3333,81.09,0.0,15.8209,90,0.5,1,1.0
025_RC107,25,RC,6,3,OPTIMAL,19.1236,6,0,0,0,6,0.0,0.0,0.0,19.1236,90,0.5,1,1.0
025_RC107,25,RC,6,4,OPTIMAL,145.759,6,3,2,1,3,0.5,114.5689,0.0,31.1901,90,0.5,1,1.0
025_RC107,25,RC,6,5,OPTIMAL,26.0891,6,0,0,0,6,0.0,0.0,0.0,26.0891,90,0.5,1,1.0
025_RC107,25,RC,6,6,OPTIMAL,73.6313,6,0,0,0,6,0.0,0.0,0.0,73.6313,90,0.5,1,1.0
025_RC107,25,RC,6,7,OPTIMAL,113.199,6,2,1,1,4,0.3333,84.9304,0.0,28.2687,90,0.5,1,1.0
025_RC107,25,RC,6,8,OPTIMAL,112.732,6,2,1,1,4,0.3333,73.0754,0.0,39.6567,90,0.5,1,1.0
025_RC107,25,RC,6,9,OPTIMAL,75.1275,6,1,1,0,5,0.1667,34.9567,0.0,40.1707,90,0.5,1,1.0
025_RC108,25,RC,2,0,OPTIMAL,11.028,2,0,0,0,2,0.0,0.0,0.0,11.028,90,0.5,1,1.0
025_RC108,25,RC,2,1,OPTIMAL,37.0051,2,0,0,0,2,0.0,0.0,0.0,37.0051,90,0.5,1,1.0
025_RC108,25,RC,2,2,OPTIMAL,37.4589,2,1,1,0,1,0.5,37.3839,0.0,0.075,90,0.5,1,1.0
025_RC108,25,RC,2,3,OPTIMAL,50.7646,2,1,1,0,1,0.5,41.4923,0.0,9.2724,90,0.5,1,1.0
025_RC108,25,RC,2,4,OPTIMAL,77.8879,2,2,2,0,0,1.0,77.8879,0.0,0.0,90,0.5,1,1.0
025_RC108,25,RC,2,5,OPTIMAL,42.4708,2,1,1,0,1,0.5,39.9247,0.0,2.5461,90,0.5,1,1.0
025_RC108,25,RC,2,6,OPTIMAL,46.5529,2,1,1,0,1,0.5,45.4553,0.0,1.0976,90,0.5,1,1.0
025_RC108,25,RC,2,7,OPTIMAL,36.0935,2,1,1,0,1,0.5,32.9517,0.0,3.1418,90,0.5,1,1.0
025_RC108,25,RC,2,8,OPTIMAL,0.6163,2,0,0,0,2,0.0,0.0,0.0,0.6163,90,0.5,1,1.0
025_RC108,25,RC,2,9,OPTIMAL,44.3459,2,1,1,0,1,0.5,44.2956,0.0,0.0502,90,0.5,1,1.0
025_RC108,25,RC,4,0,OPTIMAL,100.0474,4,2,2,0,2,0.5,67.5356,0.0,32.5118,90,0.5,1,1.0
025_RC108,25,RC,4,1,OPTIMAL,92.1193,4,2,2,0,2,0.5,83.1569,0.0,8.9624,90,0.5,1,1.0
025_RC108,25,RC,4,2,OPTIMAL,74.3378,4,2,1,1,2,0.5,70.5789,0.0,3.7589,90,0.5,1,1.0
025_RC108,25,RC,4,3,OPTIMAL,49.5349,4,1,1,0,3,0.25,40.7303,0.0,8.8046,90,0.5,1,1.0
025_RC108,25,RC,4,4,OPTIMAL,111.5647,4,3,2,1,1,0.75,110.3858,0.0,1.1788,90,0.5,1,1.0
025_RC108,25,RC,4,5,OPTIMAL,40.5307,4,0,0,0,4,0.0,0.0,0.0,40.5307,90,0.5,1,1.0
025_RC108,25,RC,4,6,OPTIMAL,47.2896,4,1,1,0,3,0.25,32.1034,0.0,15.1862,90,0.5,1,1.0
025_RC108,25,RC,4,7,OPTIMAL,95.1556,4,2,0,2,2,0.5,94.6762,0.0,0.4794,90,0.5,1,1.0
025_RC108,25,RC,4,8,OPTIMAL,43.5973,4,1,1,0,3,0.25,38.6957,0.0,4.9016,90,0.5,1,1.0
025_RC108,25,RC,4,9,OPTIMAL,114.7984,4,2,2,0,2,0.5,92.8734,0.0,21.9251,90,0.5,1,1.0
025_RC108,25,RC,6,0,OPTIMAL,48.5743,6,1,0,1,5,0.1667,42.7879,0.0,5.7864,90,0.5,1,1.0
025_RC108,25,RC,6,1,OPTIMAL,111.3503,6,3,2,1,3,0.5,96.6041,0.0,14.7461,90,0.5,1,1.0
025_RC108,25,RC,6,2,OPTIMAL,101.5137,6,2,2,0,4,0.3333,80.1516,0.0,21.3622,90,0.5,1,1.0
025_RC108,25,RC,6,3,OPTIMAL,82.8156,6,2,2,0,4,0.3333,72.9253,0.0,9.8902,90,0.5,1,1.0
025_RC108,25,RC,6,4,OPTIMAL,216.9147,6,5,4,1,1,0.8333,199.5517,0.0,17.363,90,0.5,1,1.0
025_RC108,25,RC,6,5,OPTIMAL,106.0012,6,2,1,1,4,0.3333,77.6039,0.0,28.3973,90,0.5,1,1.0
025_RC108,25,RC,6,6,OPTIMAL,90.2313,6,1,0,1,5,0.1667,38.12,0.0,52.1113,90,0.5,1,1.0
025_RC108,25,RC,6,7,OPTIMAL,152.2345,6,3,3,0,3,0.5,117.9621,0.0,34.2723,90,0.5,1,1.0
025_RC108,25,RC,6,8,OPTIMAL,131.1397,6,3,2,1,3,0.5,120.5985,0.0,10.5412,90,0.5,1,1.0
025_RC108,25,RC,6,9,OPTIMAL,68.2659,6,1,1,0,5,0.1667,34.9567,0.0,33.3092,90,0.5,1,1.0
025_RC201,25,RC,2,0,OPTIMAL,38.2217,2,1,0,1,1,0.5,32.6318,0.0,5.5899,90,0.5,1,1.0
025_RC201,25,RC,2,1,OPTIMAL,43.5775,2,1,1,0,1,0.5,41.3689,0.0,2.2085,90,0.5,1,1.0
025_RC201,25,RC,2,2,OPTIMAL,70.8141,2,2,2,0,0,1.0,70.8141,0.0,0.0,90,0.5,1,1.0
025_RC201,25,RC,2,3,OPTIMAL,78.7556,2,2,2,0,0,1.0,78.7556,0.0,0.0,90,0.5,1,1.0
025_RC201,25,RC,2,4,OPTIMAL,77.8879,2,2,1,1,0,1.0,77.8879,0.0,0.0,90,0.5,1,1.0
025_RC201,25,RC,2,5,OPTIMAL,41.6702,2,1,0,1,1,0.5,39.9247,0.0,1.7455,90,0.5,1,1.0
025_RC201,25,RC,2,6,OPTIMAL,81.2696,2,2,2,0,0,1.0,81.2696,0.0,0.0,90,0.5,1,1.0
025_RC201,25,RC,2,7,OPTIMAL,65.8031,2,2,2,0,0,1.0,65.8031,0.0,0.0,90,0.5,1,1.0
025_RC201,25,RC,2,8,OPTIMAL,32.0789,2,0,0,0,2,0.0,0.0,0.0,32.0789,90,0.5,1,1.0
025_RC201,25,RC,2,9,OPTIMAL,53.7712,2,1,0,1,1,0.5,44.2956,0.0,9.4756,90,0.5,1,1.0
025_RC201,25,RC,4,0,OPTIMAL,117.7207,4,3,1,2,1,0.75,117.7191,0.0,0.0017,90,0.5,1,1.0
025_RC201,25,RC,4,1,OPTIMAL,131.3921,4,3,2,1,1,0.75,121.7211,0.0,9.6711,90,0.5,1,1.0
025_RC201,25,RC,4,2,OPTIMAL,77.3542,4,2,1,1,2,0.5,66.3052,0.0,11.0491,90,0.5,1,1.0
025_RC201,25,RC,4,3,OPTIMAL,118.2576,4,3,3,0,1,0.75,114.9406,0.0,3.317,90,0.5,1,1.0
025_RC201,25,RC,4,4,OPTIMAL,89.452,4,2,2,0,2,0.5,77.1894,0.0,12.2625,90,0.5,1,1.0
025_RC201,25,RC,4,5,OPTIMAL,105.9382,4,3,3,0,1,0.75,103.1811,0.0,2.7571,90,0.5,1,1.0
025_RC201,25,RC,4,6,OPTIMAL,62.2054,4,1,1,0,3,0.25,35.6603,0.0,26.5451,90,0.5,1,1.0
025_RC201,25,RC,4,7,OPTIMAL,106.3604,4,2,2,0,2,0.5,94.6762,0.0,11.6842,90,0.5,1,1.0
025_RC201,25,RC,4,8,OPTIMAL,82.3764,4,2,2,0,2,0.5,78.4681,0.0,3.9083,90,0.5,1,1.0
025_RC201,25,RC,4,9,OPTIMAL,140.1351,4,3,3,0,1,0.75,130.7772,0.0,9.3579,90,0.5,1,1.0
025_RC201,25,RC,6,0,OPTIMAL,127.6947,6,3,2,1,3,0.5,124.218,0.0,3.4767,90,0.5,1,1.0
025_RC201,25,RC,6,1,OPTIMAL,136.8016,6,4,4,0,2,0.6667,130.8326,0.0,5.969,90,0.5,1,1.0
025_RC201,25,RC,6,2,OPTIMAL,217.441,6,6,4,2,0,1.0,217.441,0.0,0.0,90,0.5,1,1.0
025_RC201,25,RC,6,3,OPTIMAL,207.0279,6,5,5,0,1,0.8333,196.1788,0.0,10.8491,90,0.5,1,1.0
025_RC201,25,RC,6,4,OPTIMAL,219.9496,6,5,4,1,1,0.8333,199.5517,0.0,20.3979,90,0.5,1,1.0
025_RC201,25,RC,6,5,OPTIMAL,93.5698,6,2,1,1,4,0.3333,69.105,0.0,24.4649,90,0.5,1,1.0
025_RC201,25,RC,6,6,OPTIMAL,178.0877,6,4,2,2,2,0.6667,145.6968,0.0,32.3909,90,0.5,1,1.0
025_RC201,25,RC,6,7,OPTIMAL,160.9051,6,4,2,2,2,0.6667,154.966,0.0,5.9391,90,0.5,1,1.0
025_RC201,25,RC,6,8,OPTIMAL,132.9556,6,3,3,0,3,0.5,120.5985,0.0,12.3571,90,0.5,1,1.0
025_RC201,25,RC,6,9,OPTIMAL,207.3263,6,5,4,1,1,0.8333,190.528,0.0,16.7983,90,0.5,1,1.0
025_RC202,25,RC,2,0,OPTIMAL,68.7093,2,2,0,2,0,1.0,68.7093,0.0,0.0,90,0.5,1,1.0
025_RC202,25,RC,2,1,OPTIMAL,43.5775,2,1,1,0,1,0.5,41.3689,0.0,2.2085,90,0.5,1,1.0
025_RC202,25,RC,2,2,OPTIMAL,70.8141,2,2,2,0,0,1.0,70.8141,0.0,0.0,90,0.5,1,1.0
025_RC202,25,RC,2,3,OPTIMAL,78.7556,2,2,2,0,0,1.0,78.7556,0.0,0.0,90,0.5,1,1.0
025_RC202,25,RC,2,4,OPTIMAL,20.8789,2,0,0,0,2,0.0,0.0,0.0,20.8789,90,0.5,1,1.0
025_RC202,25,RC,2,5,OPTIMAL,72.2287,2,2,0,2,0,1.0,72.2287,0.0,0.0,90,0.5,1,1.0
025_RC202,25,RC,2,6,OPTIMAL,81.2696,2,2,2,0,0,1.0,81.2696,0.0,0.0,90,0.5,1,1.0
025_RC202,25,RC,2,7,OPTIMAL,65.8031,2,2,2,0,0,1.0,65.8031,0.0,0.0,90,0.5,1,1.0
025_RC202,25,RC,2,8,OPTIMAL,32.0789,2,0,0,0,2,0.0,0.0,0.0,32.0789,90,0.5,1,1.0
025_RC202,25,RC,2,9,OPTIMAL,38.0953,2,0,0,0,2,0.0,0.0,0.0,38.0953,90,0.5,1,1.0
025_RC202,25,RC,4,0,OPTIMAL,152.2858,4,4,1,3,0,1.0,152.2858,0.0,0.0,90,0.5,1,1.0
025_RC202,25,RC,4,1,OPTIMAL,155.2647,4,3,2,1,1,0.75,121.7211,0.0,33.5437,90,0.5,1,1.0
025_RC202,25,RC,4,2,OPTIMAL,137.2254,4,4,1,3,0,1.0,137.2254,0.0,0.0,90,0.5,1,1.0
025_RC202,25,RC,4,3,OPTIMAL,144.0318,4,3,3,0,1,0.75,114.9406,0.0,29.0912,90,0.5,1,1.0
025_RC202,25,RC,4,4,OPTIMAL,142.382,4,4,2,2,0,1.0,142.382,0.0,0.0,90,0.5,1,1.0
025_RC202,25,RC,4,5,OPTIMAL,73.0837,4,2,2,0,2,0.5,69.8327,0.0,3.251,90,0.5,1,1.0
025_RC202,25,RC,4,6,OPTIMAL,106.6439,4,3,2,1,1,0.75,105.2864,0.0,1.3575,90,0.5,1,1.0
025_RC202,25,RC,4,7,OPTIMAL,106.3604,4,2,2,0,2,0.5,94.6762,0.0,11.6842,90,0.5,1,1.0
025_RC202,25,RC,4,8,OPTIMAL,82.6868,4,2,2,0,2,0.5,78.4681,0.0,4.2187,90,0.5,1,1.0
025_RC202,25,RC,4,9,OPTIMAL,170.3644,4,4,4,0,0,1.0,170.3644,0.0,0.0,90,0.5,1,1.0
025_RC202,25,RC,6,0,OPTIMAL,127.8758,6,3,2,1,3,0.5,124.218,0.0,3.6577,90,0.5,1,1.0
025_RC202,25,RC,6,1,OPTIMAL,203.8873,6,6,5,1,0,1.0,203.8873,0.0,0.0,90,0.5,1,1.0
025_RC202,25,RC,6,2,OPTIMAL,151.9565,6,4,2,2,2,0.6667,149.336,0.0,2.6206,90,0.5,1,1.0
025_RC202,25,RC,6,3,OPTIMAL,207.209,6,5,5,0,1,0.8333,196.1788,0.0,11.0302,90,0.5,1,1.0
025_RC202,25,RC,6,4,OPTIMAL,244.5046,6,6,4,2,0,1.0,244.5046,0.0,0.0,90,0.5,1,1.0
025_RC202,25,RC,6,5,OPTIMAL,86.4086,6,2,1,1,4,0.3333,70.7885,0.0,15.6201,90,0.5,1,1.0
025_RC202,25,RC,6,6,OPTIMAL,189.3645,6,5,4,1,1,0.8333,181.0936,0.0,8.2709,90,0.5,1,1.0
025_RC202,25,RC,6,7,OPTIMAL,118.0974,6,2,1,1,4,0.3333,84.9304,0.0,33.167,90,0.5,1,1.0
025_RC202,25,RC,6,8,OPTIMAL,168.6483,6,4,3,1,2,0.6667,156.7808,0.0,11.8675,90,0.5,1,1.0
025_RC202,25,RC,6,9,OPTIMAL,229.453,6,6,5,1,0,1.0,229.453,0.0,0.0,90,0.5,1,1.0
025_RC203,25,RC,2,0,OPTIMAL,38.2217,2,1,0,1,1,0.5,32.6318,0.0,5.5899,90,0.5,1,1.0
025_RC203,25,RC,2,1,OPTIMAL,43.5775,2,1,1,0,1,0.5,41.3689,0.0,2.2085,90,0.5,1,1.0
025_RC203,25,RC,2,2,OPTIMAL,70.8141,2,2,2,0,0,1.0,70.8141,0.0,0.0,90,0.5,1,1.0
025_RC203,25,RC,2,3,OPTIMAL,78.7556,2,2,2,0,0,1.0,78.7556,0.0,0.0,90,0.5,1,1.0
025_RC203,25,RC,2,4,OPTIMAL,44.0271,2,1,1,0,1,0.5,44.0268,0.0,0.0003,90,0.5,1,1.0
025_RC203,25,RC,2,5,OPTIMAL,41.6702,2,1,0,1,1,0.5,39.9247,0.0,1.7455,90,0.5,1,1.0
025_RC203,25,RC,2,6,OPTIMAL,81.2696,2,2,2,0,0,1.0,81.2696,0.0,0.0,90,0.5,1,1.0
025_RC203,25,RC,2,7,OPTIMAL,65.8031,2,2,2,0,0,1.0,65.8031,0.0,0.0,90,0.5,1,1.0
025_RC203,25,RC,2,8,OPTIMAL,71.3349,2,2,2,0,0,1.0,71.3349,0.0,0.0,90,0.5,1,1.0
025_RC203,25,RC,2,9,OPTIMAL,44.3068,2,1,1,0,1,0.5,44.2956,0.0,0.0112,90,0.5,1,1.0
025_RC203,25,RC,4,0,OPTIMAL,117.7207,4,3,1,2,1,0.75,117.7191,0.0,0.0017,90,0.5,1,1.0
025_RC203,25,RC,4,1,OPTIMAL,131.3921,4,3,2,1,1,0.75,121.7211,0.0,9.6711,90,0.5,1,1.0
025_RC203,25,RC,4,2,OPTIMAL,108.46,4,3,1,2,1,0.75,99.1883,0.0,9.2716,90,0.5,1,1.0
025_RC203,25,RC,4,3,OPTIMAL,118.2576,4,3,3,0,1,0.75,114.9406,0.0,3.317,90,0.5,1,1.0
025_RC203,25,RC,4,4,OPTIMAL,113.046,4,3,2,1,1,0.75,110.3858,0.0,2.6602,90,0.5,1,1.0
025_RC203,25,RC,4,5,OPTIMAL,77.6508,4,2,2,0,2,0.5,69.8327,0.0,7.8181,90,0.5,1,1.0
025_RC203,25,RC,4,6,OPTIMAL,74.0997,4,2,2,0,2,0.5,73.183,0.0,0.9167,90,0.5,1,1.0
025_RC203,25,RC,4,7,OPTIMAL,182.0757,4,4,4,0,0,1.0,182.0757,0.0,0.0,90,0.5,1,1.0
025_RC203,25,RC,4,8,OPTIMAL,120.2165,4,3,3,0,1,0.75,119.8907,0.0,0.3258,90,0.5,1,1.0
025_RC203,25,RC,4,9,OPTIMAL,141.0217,4,3,3,0,1,0.75,123.0514,0.0,17.9703,90,0.5,1,1.0
025_RC203,25,RC,6,0,OPTIMAL,163.1811,6,4,4,0,2,0.6667,159.8003,0.0,3.3808,90,0.5,1,1.0
025_RC203,25,RC,6,1,OPTIMAL,171.7588,6,5,5,0,1,0.8333,171.4212,0.0,0.3376,90,0.5,1,1.0
025_RC203,25,RC,6,2,OPTIMAL,156.9547,6,4,2,2,2,0.6667,149.336,0.0,7.6188,90,0.5,1,1.0
025_RC203,25,RC,6,3,OPTIMAL,201.9315,6,5,5,0,1,0.8333,196.1788,0.0,5.7527,90,0.5,1,1.0
025_RC203,25,RC,6,4,OPTIMAL,219.9496,6,5,4,1,1,0.8333,199.5517,0.0,20.3979,90,0.5,1,1.0
025_RC203,25,RC,6,5,OPTIMAL,166.826,6,4,4,0,2,0.6667,149.5221,0.0,17.3039,90,0.5,1,1.0
025_RC203,25,RC,6,6,OPTIMAL,194.4769,6,5,4,1,1,0.8333,181.0936,0.0,13.3833,90,0.5,1,1.0
025_RC203,25,RC,6,7,OPTIMAL,99.6443,6,2,1,1,4,0.3333,84.9304,0.0,14.7139,90,0.5,1,1.0
025_RC203,25,RC,6,8,OPTIMAL,168.824,6,4,4,0,2,0.6667,158.5375,0.0,10.2865,90,0.5,1,1.0
025_RC203,25,RC,6,9,OPTIMAL,229.453,6,6,5,1,0,1.0,229.453,0.0,0.0,90,0.5,1,1.0
025_RC204,25,RC,2,0,OPTIMAL,68.7093,2,2,0,2,0,1.0,68.7093,0.0,0.0,90,0.5,1,1.0
025_RC204,25,RC,2,1,OPTIMAL,43.5775,2,1,1,0,1,0.5,41.3689,0.0,2.2085,90,0.5,1,1.0
025_RC204,25,RC,2,2,OPTIMAL,70.8141,2,2,2,0,0,1.0,70.8141,0.0,0.0,90,0.5,1,1.0
025_RC204,25,RC,2,3,OPTIMAL,78.7556,2,2,2,0,0,1.0,78.7556,0.0,0.0,90,0.5,1,1.0
025_RC204,25,RC,2,4,OPTIMAL,44.3097,2,1,1,0,1,0.5,44.0268,0.0,0.2829,90,0.5,1,1.0
025_RC204,25,RC,2,5,OPTIMAL,41.6702,2,1,0,1,1,0.5,39.9247,0.0,1.7455,90,0.5,1,1.0
025_RC204,25,RC,2,6,OPTIMAL,81.2696,2,2,2,0,0,1.0,81.2696,0.0,0.0,90,0.5,1,1.0
025_RC204,25,RC,2,7,OPTIMAL,65.8031,2,2,2,0,0,1.0,65.8031,0.0,0.0,90,0.5,1,1.0
025_RC204,25,RC,2,8,OPTIMAL,71.3349,2,2,2,0,0,1.0,71.3349,0.0,0.0,90,0.5,1,1.0
025_RC204,25,RC,2,9,OPTIMAL,48.5459,2,1,1,0,1,0.5,44.2956,0.0,4.2502,90,0.5,1,1.0
025_RC204,25,RC,4,0,OPTIMAL,117.7207,4,3,2,1,1,0.75,117.7191,0.0,0.0017,90,0.5,1,1.0
025_RC204,25,RC,4,1,OPTIMAL,156.1975,4,4,3,1,0,1.0,156.1975,0.0,0.0,90,0.5,1,1.0
025_RC204,25,RC,4,2,OPTIMAL,137.2254,4,4,1,3,0,1.0,137.2254,0.0,0.0,90,0.5,1,1.0
025_RC204,25,RC,4,3,OPTIMAL,144.7917,4,4,3,1,0,1.0,144.7917,0.0,0.0,90,0.5,1,1.0
025_RC204,25,RC,4,4,OPTIMAL,142.382,4,4,2,2,0,1.0,142.382,0.0,0.0,90,0.5,1,1.0
025_RC204,25,RC,4,5,OPTIMAL,81.8053,4,2,2,0,2,0.5,69.8327,0.0,11.9726,90,0.5,1,1.0
025_RC204,25,RC,4,6,OPTIMAL,74.0997,4,2,2,0,2,0.5,73.183,0.0,0.9167,90,0.5,1,1.0
025_RC204,25,RC,4,7,OPTIMAL,182.0757,4,4,4,0,0,1.0,182.0757,0.0,0.0,90,0.5,1,1.0
025_RC204,25,RC,4,8,OPTIMAL,120.2165,4,3,3,0,1,0.75,119.8907,0.0,0.3258,90,0.5,1,1.0
025_RC204,25,RC,4,9,OPTIMAL,141.0217,4,3,3,0,1,0.75,123.0514,0.0,17.9703,90,0.5,1,1.0
025_RC204,25,RC,6,0,OPTIMAL,193.4418,6,5,5,0,1,0.8333,192.7233,0.0,0.7185,90,0.5,1,1.0
025_RC204,25,RC,6,1,OPTIMAL,203.8873,6,6,6,0,0,1.0,203.8873,0.0,0.0,90,0.5,1,1.0
025_RC204,25,RC,6,2,OPTIMAL,163.4007,6,4,4,0,2,0.6667,149.336,0.0,14.0647,90,0.5,1,1.0
025_RC204,25,RC,6,3,OPTIMAL,201.9315,6,5,5,0,1,0.8333,196.1788,0.0,5.7527,90,0.5,1,1.0
025_RC204,25,RC,6,4,OPTIMAL,244.5046,6,6,5,1,0,1.0,244.5046,0.0,0.0,90,0.5,1,1.0
025_RC204,25,RC,6,5,OPTIMAL,189.2388,6,5,4,1,1,0.8333,189.1658,0.0,0.073,90,0.5,1,1.0
025_RC204,25,RC,6,6,OPTIMAL,203.1487,6,5,4,1,1,0.8333,181.0936,0.0,22.0551,90,0.5,1,1.0
025_RC204,25,RC,6,7,OPTIMAL,133.3534,6,3,1,2,3,0.5,122.0544,0.0,11.299,90,0.5,1,1.0
025_RC204,25,RC,6,8,OPTIMAL,197.9872,6,5,4,1,1,0.8333,197.4976,0.0,0.4896,90,0.5,1,1.0
025_RC204,25,RC,6,9,OPTIMAL,229.453,6,6,5,1,0,1.0,229.453,0.0,0.0,90,0.5,1,1.0
025_RC205,25,RC,2,0,OPTIMAL,64.1735,2,1,0,1,1,0.5,36.0775,0.0,28.0959,90,0.5,1,1.0
025_RC205,25,RC,2,1,OPTIMAL,13.6962,2,0,0,0,2,0.0,0.0,0.0,13.6962,90,0.5,1,1.0
025_RC205,25,RC,2,2,OPTIMAL,37.9943,2,1,1,0,1,0.5,37.3839,0.0,0.6105,90,0.5,1,1.0
025_RC205,25,RC,2,3,OPTIMAL,46.1285,2,1,1,0,1,0.5,41.4923,0.0,4.6362,90,0.5,1,1.0
025_RC205,25,RC,2,4,OPTIMAL,44.027,2,1,1,0,1,0.5,44.0268,0.0,0.0001,90,0.5,1,1.0
025_RC205,25,RC,2,5,OPTIMAL,72.2287,2,2,1,1,0,1.0,72.2287,0.0,0.0,90,0.5,1,1.0
025_RC205,25,RC,2,6,OPTIMAL,81.2696,2,2,2,0,0,1.0,81.2696,0.0,0.0,90,0.5,1,1.0
025_RC205,25,RC,2,7,OPTIMAL,65.8031,2,2,1,1,0,1.0,65.8031,0.0,0.0,90,0.5,1,1.0
025_RC205,25,RC,2,8,OPTIMAL,30.3463,2,1,1,0,1,0.5,28.8302,0.0,1.5162,90,0.5,1,1.0
025_RC205,25,RC,2,9,OPTIMAL,53.7712,2,1,1,0,1,0.5,44.2956,0.0,9.4756,90,0.5,1,1.0
025_RC205,25,RC,4,0,OPTIMAL,152.2858,4,4,2,2,0,1.0,152.2858,0.0,0.0,90,0.5,1,1.0
025_RC205,25,RC,4,1,OPTIMAL,156.1975,4,4,3,1,0,1.0,156.1975,0.0,0.0,90,0.5,1,1.0
025_RC205,25,RC,4,2,OPTIMAL,73.6596,4,2,1,1,2,0.5,70.5789,0.0,3.0807,90,0.5,1,1.0
025_RC205,25,RC,4,3,OPTIMAL,106.1977,4,3,2,1,1,0.75,106.0892,0.0,0.1085,90,0.5,1,1.0
025_RC205,25,RC,4,4,OPTIMAL,111.9043,4,3,2,1,1,0.75,105.7519,0.0,6.1525,90,0.5,1,1.0
025_RC205,25,RC,4,5,OPTIMAL,89.3104,4,2,2,0,2,0.5,69.8327,0.0,19.4777,90,0.5,1,1.0
025_RC205,25,RC,4,6,OPTIMAL,122.1579,4,3,2,1,1,0.75,106.2576,0.0,15.9003,90,0.5,1,1.0
025_RC205,25,RC,4,7,OPTIMAL,182.0757,4,4,4,0,0,1.0,182.0757,0.0,0.0,90,0.5,1,1.0
025_RC205,25,RC,4,8,OPTIMAL,79.2372,4,2,2,0,2,0.5,78.4681,0.0,0.7691,90,0.5,1,1.0
025_RC205,25,RC,4,9,OPTIMAL,170.3644,4,4,4,0,0,1.0,170.3644,0.0,0.0,90,0.5,1,1.0
025_RC205,25,RC,6,0,OPTIMAL,222.4259,6,6,5,1,0,1.0,222.4259,0.0,0.0,90,0.5,1,1.0
025_RC205,25,RC,6,1,OPTIMAL,203.8873,6,6,5,1,0,1.0,203.8873,0.0,0.0,90,0.5,1,1.0
025_RC205,25,RC,6,2,OPTIMAL,128.2296,6,3,1,2,3,0.5,112.8548,0.0,15.3747,90,0.5,1,1.0
025_RC205,25,RC,6,3,OPTIMAL,235.289,6,6,5,1,0,1.0,235.289,0.0,0.0,90,0.5,1,1.0
025_RC205,25,RC,6,4,OPTIMAL,244.5046,6,6,5,1,0,1.0,244.5046,0.0,0.0,90,0.5,1,1.0
025_RC205,25,RC,6,5,OPTIMAL,129.8169,6,3,3,0,3,0.5,122.2964,0.0,7.5205,90,0.5,1,1.0
025_RC205,25,RC,6,6,OPTIMAL,160.0025,6,4,4,0,2,0.6667,145.7814,0.0,14.2212,90,0.5,1,1.0
025_RC205,25,RC,6,7,OPTIMAL,146.1927,6,3,2,1,3,0.5,122.0544,0.0,24.1382,90,0.5,1,1.0
025_RC205,25,RC,6,8,OPTIMAL,233.68,6,6,4,2,0,1.0,233.68,0.0,0.0,90,0.5,1,1.0
025_RC205,25,RC,6,9,OPTIMAL,194.0338,6,5,3,2,1,0.8333,190.528,0.0,3.5058,90,0.5,1,1.0
025_RC206,25,RC,2,0,OPTIMAL,35.1203,2,0,0,0,2,0.0,0.0,0.0,35.1203,90,0.5,1,1.0
025_RC206,25,RC,2,1,OPTIMAL,42.1807,2,1,1,0,1,0.5,41.3689,0.0,0.8118,90,0.5,1,1.0
025_RC206,25,RC,2,2,OPTIMAL,37.9943,2,1,1,0,1,0.5,37.3839,0.0,0.6105,90,0.5,1,1.0
025_RC206,25,RC,2,3,OPTIMAL,46.1285,2,1,1,0,1,0.5,41.4923,0.0,4.6362,90,0.5,1,1.0
025_RC206,25,RC,2,4,OPTIMAL,77.8879,2,2,2,0,0,1.0,77.8879,0.0,0.0,90,0.5,1,1.0
025_RC206,25,RC,2,5,OPTIMAL,72.2287,2,2,0,2,0,1.0,72.2287,0.0,0.0,90,0.5,1,1.0
025_RC206,25,RC,2,6,OPTIMAL,53.9229,2,1,1,0,1,0.5,45.4553,0.0,8.4676,90,0.5,1,1.0
025_RC206,25,RC,2,7,OPTIMAL,35.5341,2,1,1,0,1,0.5,32.9517,0.0,2.5824,90,0.5,1,1.0
025_RC206,25,RC,2,8,OPTIMAL,71.3349,2,2,1,1,0,1.0,71.3349,0.0,0.0,90,0.5,1,1.0
025_RC206,25,RC,2,9,OPTIMAL,53.7712,2,1,0,1,1,0.5,44.2956,0.0,9.4756,90,0.5,1,1.0
025_RC206,25,RC,4,0,OPTIMAL,152.2858,4,4,2,2,0,1.0,152.2858,0.0,0.0,90,0.5,1,1.0
025_RC206,25,RC,4,1,OPTIMAL,156.1975,4,4,3,1,0,1.0,156.1975,0.0,0.0,90,0.5,1,1.0
025_RC206,25,RC,4,2,OPTIMAL,105.3373,4,3,3,0,1,0.75,103.462,0.0,1.8753,90,0.5,1,1.0
025_RC206,25,RC,4,3,OPTIMAL,117.5166,4,3,2,1,1,0.75,109.2839,0.0,8.2327,90,0.5,1,1.0
025_RC206,25,RC,4,4,OPTIMAL,142.382,4,4,3,1,0,1.0,142.382,0.0,0.0,90,0.5,1,1.0
025_RC206,25,RC,4,5,OPTIMAL,89.3104,4,2,2,0,2,0.5,69.8327,0.0,19.4777,90,0.5,1,1.0
025_RC206,25,RC,4,6,OPTIMAL,86.4628,4,2,1,1,2,0.5,69.6261,0.0,16.8367,90,0.5,1,1.0
025_RC206,25,RC,4,7,OPTIMAL,142.9126,4,3,3,0,1,0.75,137.0473,0.0,5.8653,90,0.5,1,1.0
025_RC206,25,RC,4,8,OPTIMAL,156.9079,4,4,3,1,0,1.0,156.9079,0.0,0.0,90,0.5,1,1.0
025_RC206,25,RC,4,9,OPTIMAL,170.3644,4,4,3,1,0,1.0,170.3644,0.0,0.0,90,0.5,1,1.0
025_RC206,25,RC,6,0,OPTIMAL,155.5154,6,4,2,2,2,0.6667,147.7786,0.0,7.7368,90,0.5,1,1.0
025_RC206,25,RC,6,1,OPTIMAL,175.0171,6,5,4,1,1,0.8333,171.4212,0.0,3.5959,90,0.5,1,1.0
025_RC206,25,RC,6,2,OPTIMAL,154.5288,6,4,3,1,2,0.6667,142.7824,0.0,11.7463,90,0.5,1,1.0
025_RC206,25,RC,6,3,OPTIMAL,169.3492,6,4,2,2,2,0.6667,151.1072,0.0,18.242,90,0.5,1,1.0
025_RC206,25,RC,6,4,OPTIMAL,244.5046,6,6,5,1,0,1.0,244.5046,0.0,0.0,90,0.5,1,1.0
025_RC206,25,RC,6,5,OPTIMAL,161.4086,6,4,3,1,2,0.6667,158.021,0.0,3.3876,90,0.5,1,1.0
025_RC206,25,RC,6,6,OPTIMAL,155.8562,6,4,3,1,2,0.6667,148.1268,0.0,7.7294,90,0.5,1,1.0
025_RC206,25,RC,6,7,OPTIMAL,197.8605,6,5,4,1,1,0.8333,192.09,0.0,5.7705,90,0.5,1,1.0
025_RC206,25,RC,6,8,OPTIMAL,233.68,6,6,4,2,0,1.0,233.68,0.0,0.0,90,0.5,1,1.0
025_RC206,25,RC,6,9,OPTIMAL,155.1222,6,4,3,1,2,0.6667,145.816,0.0,9.3062,90,0.5,1,1.0
025_RC207,25,RC,2,0,OPTIMAL,68.7093,2,2,2,0,0,1.0,68.7093,0.0,0.0,90,0.5,1,1.0
025_RC207,25,RC,2,1,OPTIMAL,78.319,2,2,0,2,0,1.0,78.319,0.0,0.0,90,0.5,1,1.0
025_RC207,25,RC,2,2,OPTIMAL,70.8141,2,2,2,0,0,1.0,70.8141,0.0,0.0,90,0.5,1,1.0
025_RC207,25,RC,2,3,OPTIMAL,78.7556,2,2,1,1,0,1.0,78.7556,0.0,0.0,90,0.5,1,1.0
025_RC207,25,RC,2,4,OPTIMAL,44.1521,2,1,1,0,1,0.5,44.0268,0.0,0.1253,90,0.5,1,1.0
025_RC207,25,RC,2,5,OPTIMAL,72.2287,2,2,2,0,0,1.0,72.2287,0.0,0.0,90,0.5,1,1.0
025_RC207,25,RC,2,6,OPTIMAL,81.2696,2,2,2,0,0,1.0,81.2696,0.0,0.0,90,0.5,1,1.0
025_RC207,25,RC,2,7,OPTIMAL,65.8031,2,2,2,0,0,1.0,65.8031,0.0,0.0,90,0.5,1,1.0
025_RC207,25,RC,2,8,OPTIMAL,42.5409,2,1,1,0,1,0.5,42.5047,0.0,0.0362,90,0.5,1,1.0
025_RC207,25,RC,2,9,OPTIMAL,44.5209,2,1,1,0,1,0.5,44.2956,0.0,0.2253,90,0.5,1,1.0
025_RC207,25,RC,4,0,OPTIMAL,152.2858,4,4,4,0,0,1.0,152.2858,0.0,0.0,90,0.5,1,1.0
025_RC207,25,RC,4,1,OPTIMAL,122.4935,4,3,3,0,1,0.75,121.7211,0.0,0.7724,90,0.5,1,1.0
025_RC207,25,RC,4,2,OPTIMAL,86.4922,4,2,1,1,2,0.5,66.3052,0.0,20.187,90,0.5,1,1.0
025_RC207,25,RC,4,3,OPTIMAL,116.173,4,3,2,1,1,0.75,114.9406,0.0,1.2323,90,0.5,1,1.0
025_RC207,25,RC,4,4,OPTIMAL,113.526,4,3,2,1,1,0.75,110.3858,0.0,3.1402,90,0.5,1,1.0
025_RC207,25,RC,4,5,OPTIMAL,122.4043,4,3,2,1,1,0.75,116.0857,0.0,6.3187,90,0.5,1,1.0
025_RC207,25,RC,4,6,OPTIMAL,129.1946,4,3,3,0,1,0.75,105.2864,0.0,23.9082,90,0.5,1,1.0
025_RC207,25,RC,4,7,OPTIMAL,119.9073,4,2,1,1,2,0.5,94.6762,0.0,25.2311,90,0.5,1,1.0
025_RC207,25,RC,4,8,OPTIMAL,91.6447,4,2,2,0,2,0.5,78.4681,0.0,13.1766,90,0.5,1,1.0
025_RC207,25,RC,4,9,OPTIMAL,104.579,4,2,1,1,2,0.5,85.1475,0.0,19.4315,90,0.5,1,1.0
025_RC207,25,RC,6,0,OPTIMAL,160.0854,6,4,2,2,2,0.6667,157.141,0.0,2.9444,90,0.5,1,1.0
025_RC207,25,RC,6,1,OPTIMAL,203.8873,6,6,3,3,0,1.0,203.8873,0.0,0.0,90,0.5,1,1.0
025_RC207,25,RC,6,2,OPTIMAL,184.2725,6,5,3,2,1,0.8333,179.2636,0.0,5.009,90,0.5,1,1.0
025_RC207,25,RC,6,3,OPTIMAL,200.258,6,4,2,2,2,0.6667,160.1542,0.0,40.1038,90,0.5,1,1.0
025_RC207,25,RC,6,4,OPTIMAL,244.5046,6,6,6,0,0,1.0,244.5046,0.0,0.0,90,0.5,1,1.0
025_RC207,25,RC,6,5,OPTIMAL,109.7078,6,3,3,0,3,0.5,104.8295,0.0,4.8782,90,0.5,1,1.0
025_RC207,25,RC,6,6,OPTIMAL,188.8104,6,5,3,2,1,0.8333,181.0936,0.0,7.7167,90,0.5,1,1.0
025_RC207,25,RC,6,7,OPTIMAL,127.4203,6,2,2,0,4,0.3333,84.9304,0.0,42.49,90,0.5,1,1.0
025_RC207,25,RC,6,8,OPTIMAL,233.68,6,6,5,1,0,1.0,233.68,0.0,0.0,90,0.5,1,1.0
025_RC207,25,RC,6,9,OPTIMAL,181.5293,6,4,1,3,2,0.6667,150.1656,0.0,31.3637,90,0.5,1,1.0
025_RC208,25,RC,2,0,OPTIMAL,37.0979,2,1,0,1,1,0.5,36.0775,0.0,1.0204,90,0.5,1,1.0
025_RC208,25,RC,2,1,OPTIMAL,78.319,2,2,2,0,0,1.0,78.319,0.0,0.0,90,0.5,1,1.0
025_RC208,25,RC,2,2,OPTIMAL,70.8141,2,2,2,0,0,1.0,70.8141,0.0,0.0,90,0.5,1,1.0
025_RC208,25,RC,2,3,OPTIMAL,78.7556,2,2,2,0,0,1.0,78.7556,0.0,0.0,90,0.5,1,1.0
025_RC208,25,RC,2,4,OPTIMAL,44.027,2,1,1,0,1,0.5,44.0268,0.0,0.0001,90,0.5,1,1.0
025_RC208,25,RC,2,5,OPTIMAL,72.2287,2,2,2,0,0,1.0,72.2287,0.0,0.0,90,0.5,1,1.0
025_RC208,25,RC,2,6,OPTIMAL,81.2696,2,2,2,0,0,1.0,81.2696,0.0,0.0,90,0.5,1,1.0
025_RC208,25,RC,2,7,OPTIMAL,65.8031,2,2,2,0,0,1.0,65.8031,0.0,0.0,90,0.5,1,1.0
025_RC208,25,RC,2,8,OPTIMAL,29.9305,2,1,1,0,1,0.5,28.8302,0.0,1.1004,90,0.5,1,1.0
025_RC208,25,RC,2,9,OPTIMAL,44.5209,2,1,1,0,1,0.5,44.2956,0.0,0.2253,90,0.5,1,1.0
025_RC208,25,RC,4,0,OPTIMAL,89.2095,4,2,2,0,2,0.5,67.5356,0.0,21.6739,90,0.5,1,1.0
025_RC208,25,RC,4,1,OPTIMAL,97.9569,4,2,2,0,2,0.5,83.1569,0.0,14.8,90,0.5,1,1.0
025_RC208,25,RC,4,2,OPTIMAL,86.4922,4,2,2,0,2,0.5,66.3052,0.0,20.187,90,0.5,1,1.0
025_RC208,25,RC,4,3,OPTIMAL,115.4473,4,3,3,0,1,0.75,114.9406,0.0,0.5067,90,0.5,1,1.0
025_RC208,25,RC,4,4,OPTIMAL,142.382,4,4,4,0,0,1.0,142.382,0.0,0.0,90,0.5,1,1.0
025_RC208,25,RC,4,5,OPTIMAL,50.7758,4,1,1,0,3,0.25,34.2335,0.0,16.5423,90,0.5,1,1.0
025_RC208,25,RC,4,6,OPTIMAL,143.7803,4,4,4,0,0,1.0,143.7803,0.0,0.0,90,0.5,1,1.0
025_RC208,25,RC,4,7,OPTIMAL,182.0757,4,4,4,0,0,1.0,182.0757,0.0,0.0,90,0.5,1,1.0
025_RC208,25,RC,4,8,OPTIMAL,91.8924,4,2,2,0,2,0.5,78.4681,0.0,13.4243,90,0.5,1,1.0
025_RC208,25,RC,4,9,OPTIMAL,129.9157,4,3,3,0,1,0.75,123.0514,0.0,6.8643,90,0.5,1,1.0
025_RC208,25,RC,6,0,OPTIMAL,222.4259,6,6,6,0,0,1.0,222.4259,0.0,0.0,90,0.5,1,1.0
025_RC208,25,RC,6,1,OPTIMAL,199.0949,6,5,5,0,1,0.8333,171.4212,0.0,27.6737,90,0.5,1,1.0
025_RC208,25,RC,6,2,OPTIMAL,150.4892,6,3,3,0,3,0.5,112.8548,0.0,37.6343,90,0.5,1,1.0
025_RC208,25,RC,6,3,OPTIMAL,201.4141,6,5,5,0,1,0.8333,199.2644,0.0,2.1497,90,0.5,1,1.0
025_RC208,25,RC,6,4,OPTIMAL,219.3846,6,5,5,0,1,0.8333,199.5517,0.0,19.833,90,0.5,1,1.0
025_RC208,25,RC,6,5,OPTIMAL,159.3801,6,4,3,1,2,0.6667,153.4412,0.0,5.9388,90,0.5,1,1.0
025_RC208,25,RC,6,6,OPTIMAL,167.5213,6,4,4,0,2,0.6667,142.4145,0.0,25.1068,90,0.5,1,1.0
025_RC208,25,RC,6,7,OPTIMAL,130.9438,6,3,2,1,3,0.5,122.0544,0.0,8.8893,90,0.5,1,1.0
025_RC208,25,RC,6,8,OPTIMAL,195.7287,6,5,5,0,1,0.8333,194.7198,0.0,1.0089,90,0.5,1,1.0
025_RC208,25,RC,6,9,OPTIMAL,201.2238,6,4,4,0,2,0.6667,150.1088,0.0,51.1149,90,0.5,1,1.0
