instance,size,class,level,seed_idx,status,objective,n_emergencies,n_outsourced,n_outsourced_infeasible,n_outsourced_economic,n_inserted,frac_outsourced,outsourcing,tw_penalty,completion_penalty,W,LAMBDA,PI_S,PI_C
010_C101,10,C,1,0,OPTIMAL,6.4458,1,0,0,0,1,0.0,0.0,0.0,6.4458,120,5.0,2.0,1.0
010_C101,10,C,1,1,OPTIMAL,2.8206,1,0,0,0,1,0.0,0.0,0.0,2.8206,120,5.0,2.0,1.0
010_C101,10,C,1,2,OPTIMAL,7.8471,1,0,0,0,1,0.0,0.0,0.0,7.8471,120,5.0,2.0,1.0
010_C101,10,C,1,3,OPTIMAL,32.5475,1,0,0,0,1,0.0,0.0,0.0,32.5475,120,5.0,2.0,1.0
010_C101,10,C,1,4,OPTIMAL,304.5268,1,1,1,0,0,1.0,304.5268,0.0,0.0,120,5.0,2.0,1.0
010_C101,10,C,1,5,OPTIMAL,367.7718,1,1,1,0,0,1.0,367.7718,0.0,0.0,120,5.0,2.0,1.0
010_C101,10,C,1,6,OPTIMAL,87.0677,1,1,1,0,0,1.0,87.0677,0.0,0.0,120,5.0,2.0,1.0
010_C101,10,C,1,7,OPTIMAL,187.3922,1,1,1,0,0,1.0,187.3922,0.0,0.0,120,5.0,2.0,1.0
010_C101,10,C,1,8,OPTIMAL,5.5276,1,0,0,0,1,0.0,0.0,0.0,5.5276,120,5.0,2.0,1.0
010_C101,10,C,1,9,OPTIMAL,160.2227,1,1,1,0,0,1.0,160.2227,0.0,0.0,120,5.0,2.0,1.0
010_C101,10,C,2,0,OPTIMAL,259.7283,2,1,1,0,1,0.5,212.6633,0.0,47.065,120,5.0,2.0,1.0
010_C101,10,C,2,1,OPTIMAL,577.0304,2,2,2,0,0,1.0,577.0304,0.0,0.0,120,5.0,2.0,1.0
010_C101,10,C,2,2,OPTIMAL,375.6718,2,2,2,0,0,1.0,375.6718,0.0,0.0,120,5.0,2.0,1.0
010_C101,10,C,2,3,OPTIMAL,122.5377,2,1,1,0,1,0.5,121.3663,0.0,1.1714,120,5.0,2.0,1.0
010_C101,10,C,2,4,OPTIMAL,480.2651,2,2,2,0,0,1.0,480.2651,0.0,0.0,120,5.0,2.0,1.0
010_C101,10,C,2,5,OPTIMAL,165.0007,2,1,1,0,1,0.5,159.3698,0.0,5.631,120,5.0,2.0,1.0
010_C101,10,C,2,6,OPTIMAL,554.8421,2,2,2,0,0,1.0,554.8421,0.0,0.0,120,5.0,2.0,1.0
010_C101,10,C,2,7,OPTIMAL,14.3731,2,0,0,0,2,0.0,0.0,0.0,14.3731,120,5.0,2.0,1.0
010_C101,10,C,2,8,OPTIMAL,293.6251,2,2,1,1,0,1.0,293.6251,0.0,0.0,120,5.0,2.0,1.0
010_C101,10,C,2,9,OPTIMAL,613.7852,2,2,2,0,0,1.0,613.7852,0.0,0.0,120,5.0,2.0,1.0
010_C101,10,C,3,0,OPTIMAL,751.6466,3,3,3,0,0,1.0,751.6466,0.0,0.0,120,5.0,2.0,1.0
010_C101,10,C,3,1,OPTIMAL,658.6937,3,3,3,0,0,1.0,658.6937,0.0,0.0,120,5.0,2.0,1.0
010_C101,10,C,3,2,OPTIMAL,733.6176,3,3,3,0,0,1.0,733.6176,0.0,0.0,120,5.0,2.0,1.0
010_C101,10,C,3,3,OPTIMAL,429.0312,3,1,1,0,2,0.3333,410.681,0.0,18.3502,120,5.0,2.0,1.0
010_C101,10,C,3,4,OPTIMAL,523.0575,3,3,3,0,0,1.0,523.0575,0.0,0.0,120,5.0,2.0,1.0
010_C101,10,C,3,5,OPTIMAL,275.2833,3,2,2,0,1,0.6667,274.4722,0.0,0.8111,120,5.0,2.0,1.0
010_C101,10,C,3,6,OPTIMAL,108.2774,3,1,0,1,2,0.3333,106.8569,0.0,1.4204,120,5.0,2.0,1.0
010_C101,10,C,3,7,OPTIMAL,251.0126,3,1,0,1,2,0.3333,197.062,0.0,53.9506,120,5.0,2.0,1.0
010_C101,10,C,3,8,OPTIMAL,522.6757,3,2,2,0,1,0.6667,519.2702,0.0,3.4054,120,5.0,2.0,1.0
010_C101,10,C,3,9,OPTIMAL,211.9725,3,1,1,0,2,0.3333,194.5828,0.0,17.3896,120,5.0,2.0,1.0
010_C102,10,C,1,0,OPTIMAL,17.2946,1,0,0,0,1,0.0,0.0,0.0,17.2946,120,5.0,2.0,1.0
010_C102,10,C,1,1,OPTIMAL,141.1646,1,1,1,0,0,1.0,141.1646,0.0,0.0,120,5.0,2.0,1.0
010_C102,10,C,1,2,OPTIMAL,200.9337,1,1,0,1,0,1.0,200.9337,0.0,0.0,120,5.0,2.0,1.0
010_C102,10,C,1,3,OPTIMAL,288.4615,1,1,1,0,0,1.0,288.4615,0.0,0.0,120,5.0,2.0,1.0
010_C102,10,C,1,4,OPTIMAL,304.5268,1,1,1,0,0,1.0,304.5268,0.0,0.0,120,5.0,2.0,1.0
010_C102,10,C,1,5,OPTIMAL,367.7718,1,1,1,0,0,1.0,367.7718,0.0,0.0,120,5.0,2.0,1.0
010_C102,10,C,1,6,OPTIMAL,87.0677,1,1,1,0,0,1.0,87.0677,0.0,0.0,120,5.0,2.0,1.0
010_C102,10,C,1,7,OPTIMAL,187.3922,1,1,1,0,0,1.0,187.3922,0.0,0.0,120,5.0,2.0,1.0
010_C102,10,C,1,8,OPTIMAL,178.3558,1,1,1,0,0,1.0,178.3558,0.0,0.0,120,5.0,2.0,1.0
010_C102,10,C,1,9,OPTIMAL,160.2227,1,1,1,0,0,1.0,160.2227,0.0,0.0,120,5.0,2.0,1.0
010_C102,10,C,2,0,OPTIMAL,606.1582,2,2,1,1,0,1.0,606.1582,0.0,0.0,120,5.0,2.0,1.0
010_C102,10,C,2,1,OPTIMAL,577.0304,2,2,2,0,0,1.0,577.0304,0.0,0.0,120,5.0,2.0,1.0
010_C102,10,C,2,2,OPTIMAL,375.6718,2,2,2,0,0,1.0,375.6718,0.0,0.0,120,5.0,2.0,1.0
010_C102,10,C,2,3,OPTIMAL,320.2638,2,2,2,0,0,1.0,320.2638,0.0,0.0,120,5.0,2.0,1.0
010_C102,10,C,2,4,OPTIMAL,480.2651,2,2,2,0,0,1.0,480.2651,0.0,0.0,120,5.0,2.0,1.0
010_C102,10,C,2,5,OPTIMAL,165.0007,2,1,1,0,1,0.5,159.3698,0.0,5.631,120,5.0,2.0,1.0
010_C102,10,C,2,6,OPTIMAL,554.8421,2,2,2,0,0,1.0,554.8421,0.0,0.0,120,5.0,2.0,1.0
010_C102,10,C,2,7,OPTIMAL,301.9561,2,2,2,0,0,1.0,301.9561,0.0,0.0,120,5.0,2.0,1.0
010_C102,10,C,2,8,OPTIMAL,293.6251,2,2,2,0,0,1.0,293.6251,0.0,0.0,120,5.0,2.0,1.0
010_C102,10,C,2,9,OPTIMAL,613.7852,2,2,2,0,0,1.0,613.7852,0.0,0.0,120,5.0,2.0,1.0
010_C102,10,C,3,0,OPTIMAL,751.6466,3,3,3,0,0,1.0,751.6466,0.0,0.0,120,5.0,2.0,1.0
010_C102,10,C,3,1,OPTIMAL,658.6937,3,3,3,0,0,1.0,658.6937,0.0,0.0,120,5.0,2.0,1.0
010_C102,10,C,3,2,OPTIMAL,733.6176,3,3,3,0,0,1.0,733.6176,0.0,0.0,120,5.0,2.0,1.0
010_C102,10,C,3,3,OPTIMAL,516.7648,3,2,2,0,1,0.6667,511.0717,0.0,5.6931,120,5.0,2.0,1.0
010_C102,10,C,3,4,OPTIMAL,523.0575,3,3,3,0,0,1.0,523.0575,0.0,0.0,120,5.0,2.0,1.0
010_C102,10,C,3,5,OPTIMAL,659.3012,3,3,3,0,0,1.0,659.3012,0.0,0.0,120,5.0,2.0,1.0
010_C102,10,C,3,6,OPTIMAL,470.1355,3,3,3,0,0,1.0,470.1355,0.0,0.0,120,5.0,2.0,1.0
010_C102,10,C,3,7,OPTIMAL,806.5717,3,3,3,0,0,1.0,806.5717,0.0,0.0,120,5.0,2.0,1.0
010_C102,10,C,3,8,OPTIMAL,522.6757,3,2,2,0,1,0.6667,519.2702,0.0,3.4054,120,5.0,2.0,1.0
010_C102,10,C,3,9,OPTIMAL,480.0647,3,3,3,0,0,1.0,480.0647,0.0,0.0,120,5.0,2.0,1.0
010_C103,10,C,1,0,OPTIMAL,70.5946,1,0,0,0,1,0.0,0.0,0.0,70.5946,120,5.0,2.0,1.0
010_C103,10,C,1,1,OPTIMAL,141.1646,1,1,1,0,0,1.0,141.1646,0.0,0.0,120,5.0,2.0,1.0
010_C103,10,C,1,2,OPTIMAL,200.9337,1,1,0,1,0,1.0,200.9337,0.0,0.0,120,5.0,2.0,1.0
010_C103,10,C,1,3,OPTIMAL,288.4615,1,1,1,0,0,1.0,288.4615,0.0,0.0,120,5.0,2.0,1.0
010_C103,10,C,1,4,OPTIMAL,304.5268,1,1,1,0,0,1.0,304.5268,0.0,0.0,120,5.0,2.0,1.0
010_C103,10,C,1,5,OPTIMAL,367.7718,1,1,1,0,0,1.0,367.7718,0.0,0.0,120,5.0,2.0,1.0
010_C103,10,C,1,6,OPTIMAL,87.0677,1,1,1,0,0,1.0,87.0677,0.0,0.0,120,5.0,2.0,1.0
010_C103,10,C,1,7,OPTIMAL,187.3922,1,1,1,0,0,1.0,187.3922,0.0,0.0,120,5.0,2.0,1.0
010_C103,10,C,1,8,OPTIMAL,178.3558,1,1,1,0,0,1.0,178.3558,0.0,0.0,120,5.0,2.0,1.0
010_C103,10,C,1,9,OPTIMAL,160.2227,1,1,1,0,0,1.0,160.2227,0.0,0.0,120,5.0,2.0,1.0
010_C103,10,C,2,0,OPTIMAL,606.1582,2,2,1,1,0,1.0,606.1582,0.0,0.0,120,5.0,2.0,1.0
010_C103,10,C,2,1,OPTIMAL,577.0304,2,2,2,0,0,1.0,577.0304,0.0,0.0,120,5.0,2.0,1.0
010_C103,10,C,2,2,OPTIMAL,375.6718,2,2,2,0,0,1.0,375.6718,0.0,0.0,120,5.0,2.0,1.0
010_C103,10,C,2,3,OPTIMAL,320.2638,2,2,2,0,0,1.0,320.2638,0.0,0.0,120,5.0,2.0,1.0
010_C103,10,C,2,4,OPTIMAL,480.2651,2,2,2,0,0,1.0,480.2651,0.0,0.0,120,5.0,2.0,1.0
010_C103,10,C,2,5,OPTIMAL,263.3755,2,2,2,0,0,1.0,263.3755,0.0,0.0,120,5.0,2.0,1.0
010_C103,10,C,2,6,OPTIMAL,554.8421,2,2,2,0,0,1.0,554.8421,0.0,0.0,120,5.0,2.0,1.0
010_C103,10,C,2,7,OPTIMAL,301.9561,2,2,2,0,0,1.0,301.9561,0.0,0.0,120,5.0,2.0,1.0
010_C103,10,C,2,8,OPTIMAL,293.6251,2,2,2,0,0,1.0,293.6251,0.0,0.0,120,5.0,2.0,1.0
010_C103,10,C,2,9,OPTIMAL,613.7852,2,2,2,0,0,1.0,613.7852,0.0,0.0,120,5.0,2.0,1.0
010_C103,10,C,3,0,OPTIMAL,751.6466,3,3,3,0,0,1.0,751.6466,0.0,0.0,120,5.0,2.0,1.0
010_C103,10,C,3,1,OPTIMAL,658.6937,3,3,3,0,0,1.0,658.6937,0.0,0.0,120,5.0,2.0,1.0
010_C103,10,C,3,2,OPTIMAL,733.6176,3,3,3,0,0,1.0,733.6176,0.0,0.0,120,5.0,2.0,1.0
010_C103,10,C,3,3,OPTIMAL,616.6976,3,3,3,0,0,1.0,616.6976,0.0,0.0,120,5.0,2.0,1.0
010_C103,10,C,3,4,OPTIMAL,523.0575,3,3,3,0,0,1.0,523.0575,0.0,0.0,120,5.0,2.0,1.0
010_C103,10,C,3,5,OPTIMAL,659.3012,3,3,3,0,0,1.0,659.3012,0.0,0.0,120,5.0,2.0,1.0
010_C103,10,C,3,6,OPTIMAL,470.1355,3,3,3,0,0,1.0,470.1355,0.0,0.0,120,5.0,2.0,1.0
010_C103,10,C,3,7,OPTIMAL,806.5717,3,3,3,0,0,1.0,806.5717,0.0,0.0,120,5.0,2.0,1.0
010_C103,10,C,3,8,OPTIMAL,686.9798,3,3,3,0,0,1.0,686.9798,0.0,0.0,120,5.0,2.0,1.0
010_C103,10,C,3,9,OPTIMAL,480.0647,3,3,3,0,0,1.0,480.0647,0.0,0.0,120,5.0,2.0,1.0
010_C104,10,C,1,0,OPTIMAL,70.5946,1,0,0,0,1,0.0,0.0,0.0,70.5946,120,5.0,2.0,1.0
010_C104,10,C,1,1,OPTIMAL,141.1646,1,1,1,0,0,1.0,141.1646,0.0,0.0,120,5.0,2.0,1.0
010_C104,10,C,1,2,OPTIMAL,200.9337,1,1,0,1,0,1.0,200.9337,0.0,0.0,120,5.0,2.0,1.0
010_C104,10,C,1,3,OPTIMAL,288.4615,1,1,1,0,0,1.0,288.4615,0.0,0.0,120,5.0,2.0,1.0
010_C104,10,C,1,4,OPTIMAL,304.5268,1,1,1,0,0,1.0,304.5268,0.0,0.0,120,5.0,2.0,1.0
010_C104,10,C,1,5,OPTIMAL,367.7718,1,1,1,0,0,1.0,367.7718,0.0,0.0,120,5.0,2.0,1.0
010_C104,10,C,1,6,OPTIMAL,87.0677,1,1,1,0,0,1.0,87.0677,0.0,0.0,120,5.0,2.0,1.0
010_C104,10,C,1,7,OPTIMAL,187.3922,1,1,1,0,0,1.0,187.3922,0.0,0.0,120,5.0,2.0,1.0
010_C104,10,C,1,8,OPTIMAL,178.3558,1,1,1,0,0,1.0,178.3558,0.0,0.0,120,5.0,2.0,1.0
010_C104,10,C,1,9,OPTIMAL,160.2227,1,1,1,0,0,1.0,160.2227,0.0,0.0,120,5.0,2.0,1.0
010_C104,10,C,2,0,OPTIMAL,606.1582,2,2,1,1,0,1.0,606.1582,0.0,0.0,120,5.0,2.0,1.0
010_C104,10,C,2,1,OPTIMAL,577.0304,2,2,2,0,0,1.0,577.0304,0.0,0.0,120,5.0,2.0,1.0
010_C104,10,C,2,2,OPTIMAL,375.6718,2,2,2,0,0,1.0,375.6718,0.0,0.0,120,5.0,2.0,1.0
010_C104,10,C,2,3,OPTIMAL,320.2638,2,2,2,0,0,1.0,320.2638,0.0,0.0,120,5.0,2.0,1.0
010_C104,10,C,2,4,OPTIMAL,480.2651,2,2,2,0,0,1.0,480.2651,0.0,0.0,120,5.0,2.0,1.0
010_C104,10,C,2,5,OPTIMAL,263.3755,2,2,2,0,0,1.0,263.3755,0.0,0.0,120,5.0,2.0,1.0
010_C104,10,C,2,6,OPTIMAL,554.8421,2,2,2,0,0,1.0,554.8421,0.0,0.0,120,5.0,2.0,1.0
010_C104,10,C,2,7,OPTIMAL,301.9561,2,2,2,0,0,1.0,301.9561,0.0,0.0,120,5.0,2.0,1.0
010_C104,10,C,2,8,OPTIMAL,293.6251,2,2,2,0,0,1.0,293.6251,0.0,0.0,120,5.0,2.0,1.0
010_C104,10,C,2,9,OPTIMAL,613.7852,2,2,2,0,0,1.0,613.7852,0.0,0.0,120,5.0,2.0,1.0
010_C104,10,C,3,0,OPTIMAL,751.6466,3,3,3,0,0,1.0,751.6466,0.0,0.0,120,5.0,2.0,1.0
010_C104,10,C,3,1,OPTIMAL,658.6937,3,3,3,0,0,1.0,658.6937,0.0,0.0,120,5.0,2.0,1.0
010_C104,10,C,3,2,OPTIMAL,733.6176,3,3,3,0,0,1.0,733.6176,0.0,0.0,120,5.0,2.0,1.0
010_C104,10,C,3,3,OPTIMAL,616.6976,3,3,3,0,0,1.0,616.6976,0.0,0.0,120,5.0,2.0,1.0
010_C104,10,C,3,4,OPTIMAL,523.0575,3,3,3,0,0,1.0,523.0575,0.0,0.0,120,5.0,2.0,1.0
010_C104,10,C,3,5,OPTIMAL,659.3012,3,3,3,0,0,1.0,659.3012,0.0,0.0,120,5.0,2.0,1.0
010_C104,10,C,3,6,OPTIMAL,470.1355,3,3,3,0,0,1.0,470.1355,0.0,0.0,120,5.0,2.0,1.0
010_C104,10,C,3,7,OPTIMAL,806.5717,3,3,3,0,0,1.0,806.5717,0.0,0.0,120,5.0,2.0,1.0
010_C104,10,C,3,8,OPTIMAL,686.9798,3,3,3,0,0,1.0,686.9798,0.0,0.0,120,5.0,2.0,1.0
010_C104,10,C,3,9,OPTIMAL,480.0647,3,3,3,0,0,1.0,480.0647,0.0,0.0,120,5.0,2.0,1.0
010_C105,10,C,1,0,OPTIMAL,6.4458,1,0,0,0,1,0.0,0.0,0.0,6.4458,120,5.0,2.0,1.0
010_C105,10,C,1,1,OPTIMAL,0.0013,1,0,0,0,1,0.0,0.0,0.0,0.0013,120,5.0,2.0,1.0
010_C105,10,C,1,2,OPTIMAL,7.8471,1,0,0,0,1,0.0,0.0,0.0,7.8471,120,5.0,2.0,1.0
010_C105,10,C,1,3,OPTIMAL,32.5475,1,0,0,0,1,0.0,0.0,0.0,32.5475,120,5.0,2.0,1.0
010_C105,10,C,1,4,OPTIMAL,304.5268,1,1,1,0,0,1.0,304.5268,0.0,0.0,120,5.0,2.0,1.0
010_C105,10,C,1,5,OPTIMAL,367.7718,1,1,1,0,0,1.0,367.7718,0.0,0.0,120,5.0,2.0,1.0
010_C105,10,C,1,6,OPTIMAL,87.0677,1,1,1,0,0,1.0,87.0677,0.0,0.0,120,5.0,2.0,1.0
010_C105,10,C,1,7,OPTIMAL,187.3922,1,1,1,0,0,1.0,187.3922,0.0,0.0,120,5.0,2.0,1.0
010_C105,10,C,1,8,OPTIMAL,5.5276,1,0,0,0,1,0.0,0.0,0.0,5.5276,120,5.0,2.0,1.0
010_C105,10,C,1,9,OPTIMAL,160.2227,1,1,1,0,0,1.0,160.2227,0.0,0.0,120,5.0,2.0,1.0
010_C105,10,C,2,0,OPTIMAL,606.1582,2,2,2,0,0,1.0,606.1582,0.0,0.0,120,5.0,2.0,1.0
010_C105,10,C,2,1,OPTIMAL,577.0304,2,2,2,0,0,1.0,577.0304,0.0,0.0,120,5.0,2.0,1.0
010_C105,10,C,2,2,OPTIMAL,375.6718,2,2,2,0,0,1.0,375.6718,0.0,0.0,120,5.0,2.0,1.0
010_C105,10,C,2,3,OPTIMAL,122.5377,2,1,1,0,1,0.5,121.3663,0.0,1.1714,120,5.0,2.0,1.0
010_C105,10,C,2,4,OPTIMAL,313.5085,2,1,1,0,1,0.5,309.9957,0.0,3.5129,120,5.0,2.0,1.0
010_C105,10,C,2,5,OPTIMAL,165.0007,2,1,1,0,1,0.5,159.3698,0.0,5.631,120,5.0,2.0,1.0
010_C105,10,C,2,6,OPTIMAL,554.8421,2,2,2,0,0,1.0,554.8421,0.0,0.0,120,5.0,2.0,1.0
010_C105,10,C,2,7,OPTIMAL,101.6309,2,1,1,0,1,0.5,101.5619,0.0,0.069,120,5.0,2.0,1.0
010_C105,10,C,2,8,OPTIMAL,293.6251,2,2,2,0,0,1.0,293.6251,0.0,0.0,120,5.0,2.0,1.0
010_C105,10,C,2,9,OPTIMAL,613.7852,2,2,2,0,0,1.0,613.7852,0.0,0.0,120,5.0,2.0,1.0
010_C105,10,C,3,0,OPTIMAL,751.6466,3,3,3,0,0,1.0,751.6466,0.0,0.0,120,5.0,2.0,1.0
010_C105,10,C,3,1,OPTIMAL,658.6937,3,3,3,0,0,1.0,658.6937,0.0,0.0,120,5.0,2.0,1.0
010_C105,10,C,3,2,OPTIMAL,733.6176,3,3,3,0,0,1.0,733.6176,0.0,0.0,120,5.0,2.0,1.0
010_C105,10,C,3,3,OPTIMAL,416.4261,3,1,1,0,2,0.3333,410.681,0.0,5.7451,120,5.0,2.0,1.0
010_C105,10,C,3,4,OPTIMAL,523.0575,3,3,3,0,0,1.0,523.0575,0.0,0.0,120,5.0,2.0,1.0
010_C105,10,C,3,5,OPTIMAL,659.3012,3,3,3,0,0,1.0,659.3012,0.0,0.0,120,5.0,2.0,1.0
010_C105,10,C,3,6,OPTIMAL,14.3177,3,0,0,0,3,0.0,0.0,0.0,14.3177,120,5.0,2.0,1.0
010_C105,10,C,3,7,OPTIMAL,451.8702,3,2,1,1,1,0.6667,400.9607,0.0,50.9095,120,5.0,2.0,1.0
010_C105,10,C,3,8,OPTIMAL,205.4684,3,1,1,0,2,0.3333,161.607,0.0,43.8614,120,5.0,2.0,1.0
010_C105,10,C,3,9,OPTIMAL,369.4862,3,2,2,0,1,0.6667,365.9745,0.0,3.5117,120,5.0,2.0,1.0
010_C106,10,C,1,0,OPTIMAL,6.4458,1,0,0,0,1,0.0,0.0,0.0,6.4458,120,5.0,2.0,1.0
010_C106,10,C,1,1,OPTIMAL,0.0013,1,0,0,0,1,0.0,0.0,0.0,0.0013,120,5.0,2.0,1.0
010_C106,10,C,1,2,OPTIMAL,7.8471,1,0,0,0,1,0.0,0.0,0.0,7.8471,120,5.0,2.0,1.0
010_C106,10,C,1,3,OPTIMAL,288.4615,1,1,0,1,0,1.0,288.4615,0.0,0.0,120,5.0,2.0,1.0
010_C106,10,C,1,4,OPTIMAL,304.5268,1,1,1,0,0,1.0,304.5268,0.0,0.0,120,5.0,2.0,1.0
010_C106,10,C,1,5,OPTIMAL,367.7718,1,1,1,0,0,1.0,367.7718,0.0,0.0,120,5.0,2.0,1.0
010_C106,10,C,1,6,OPTIMAL,87.0677,1,1,1,0,0,1.0,87.0677,0.0,0.0,120,5.0,2.0,1.0
010_C106,10,C,1,7,OPTIMAL,187.3922,1,1,1,0,0,1.0,187.3922,0.0,0.0,120,5.0,2.0,1.0
010_C106,10,C,1,8,OPTIMAL,11.0552,1,0,0,0,1,0.0,0.0,0.0,11.0552,120,5.0,2.0,1.0
010_C106,10,C,1,9,OPTIMAL,160.2227,1,1,1,0,0,1.0,160.2227,0.0,0.0,120,5.0,2.0,1.0
010_C106,10,C,2,0,OPTIMAL,606.1582,2,2,2,0,0,1.0,606.1582,0.0,0.0,120,5.0,2.0,1.0
010_C106,10,C,2,1,OPTIMAL,577.0304,2,2,2,0,0,1.0,577.0304,0.0,0.0,120,5.0,2.0,1.0
010_C106,10,C,2,2,OPTIMAL,375.6718,2,2,2,0,0,1.0,375.6718,0.0,0.0,120,5.0,2.0,1.0
010_C106,10,C,2,3,OPTIMAL,122.5377,2,1,1,0,1,0.5,121.3663,0.0,1.1714,120,5.0,2.0,1.0
010_C106,10,C,2,4,OPTIMAL,480.2651,2,2,2,0,0,1.0,480.2651,0.0,0.0,120,5.0,2.0,1.0
010_C106,10,C,2,5,OPTIMAL,176.2627,2,1,1,0,1,0.5,159.3698,0.0,16.8929,120,5.0,2.0,1.0
010_C106,10,C,2,6,OPTIMAL,554.8421,2,2,2,0,0,1.0,554.8421,0.0,0.0,120,5.0,2.0,1.0
010_C106,10,C,2,7,OPTIMAL,101.6309,2,1,0,1,1,0.5,101.5619,0.0,0.069,120,5.0,2.0,1.0
010_C106,10,C,2,8,OPTIMAL,293.6251,2,2,1,1,0,1.0,293.6251,0.0,0.0,120,5.0,2.0,1.0
010_C106,10,C,2,9,OPTIMAL,613.7852,2,2,2,0,0,1.0,613.7852,0.0,0.0,120,5.0,2.0,1.0
010_C106,10,C,3,0,OPTIMAL,751.6466,3,3,3,0,0,1.0,751.6466,0.0,0.0,120,5.0,2.0,1.0
010_C106,10,C,3,1,OPTIMAL,658.6937,3,3,3,0,0,1.0,658.6937,0.0,0.0,120,5.0,2.0,1.0
010_C106,10,C,3,2,OPTIMAL,733.6176,3,3,3,0,0,1.0,733.6176,0.0,0.0,120,5.0,2.0,1.0
010_C106,10,C,3,3,OPTIMAL,440.4174,3,1,1,0,2,0.3333,410.681,0.0,29.7364,120,5.0,2.0,1.0
010_C106,10,C,3,4,OPTIMAL,523.0575,3,3,3,0,0,1.0,523.0575,0.0,0.0,120,5.0,2.0,1.0
010_C106,10,C,3,5,OPTIMAL,276.0944,3,2,2,0,1,0.6667,274.4722,0.0,1.6223,120,5.0,2.0,1.0
010_C106,10,C,3,6,OPTIMAL,108.2774,3,1,0,1,2,0.3333,106.8569,0.0,1.4204,120,5.0,2.0,1.0
010_C106,10,C,3,7,OPTIMAL,611.4656,3,2,0,2,1,0.6667,609.5097,0.0,1.9558,120,5.0,2.0,1.0
010_C106,10,C,3,8,OPTIMAL,529.4866,3,2,1,1,1,0.6667,519.2702,0.0,10.2163,120,5.0,2.0,1.0
010_C106,10,C,3,9,OPTIMAL,382.4981,3,2,1,1,1,0.6667,365.9745,0.0,16.5236,120,5.0,2.0,1.0
010_C107,10,C,1,0,OPTIMAL,6.4458,1,0,0,0,1,0.0,0.0,0.0,6.4458,120,5.0,2.0,1.0
010_C107,10,C,1,1,OPTIMAL,0.0013,1,0,0,0,1,0.0,0.0,0.0,0.0013,120,5.0,2.0,1.0
010_C107,10,C,1,2,OPTIMAL,7.8471,1,0,0,0,1,0.0,0.0,0.0,7.8471,120,5.0,2.0,1.0
010_C107,10,C,1,3,OPTIMAL,288.4615,1,1,1,0,0,1.0,288.4615,0.0,0.0,120,5.0,2.0,1.0
010_C107,10,C,1,4,OPTIMAL,304.5268,1,1,1,0,0,1.0,304.5268,0.0,0.0,120,5.0,2.0,1.0
010_C107,10,C,1,5,OPTIMAL,367.7718,1,1,1,0,0,1.0,367.7718,0.0,0.0,120,5.0,2.0,1.0
010_C107,10,C,1,6,OPTIMAL,87.0677,1,1,1,0,0,1.0,87.0677,0.0,0.0,120,5.0,2.0,1.0
010_C107,10,C,1,7,OPTIMAL,187.3922,1,1,1,0,0,1.0,187.3922,0.0,0.0,120,5.0,2.0,1.0
010_C107,10,C,1,8,OPTIMAL,1.6558,1,0,0,0,1,0.0,0.0,0.0,1.6558,120,5.0,2.0,1.0
010_C107,10,C,1,9,OPTIMAL,160.2227,1,1,1,0,0,1.0,160.2227,0.0,0.0,120,5.0,2.0,1.0
010_C107,10,C,2,0,OPTIMAL,258.3066,2,1,1,0,1,0.5,212.6633,0.0,45.6433,120,5.0,2.0,1.0
010_C107,10,C,2,1,OPTIMAL,577.0304,2,2,2,0,0,1.0,577.0304,0.0,0.0,120,5.0,2.0,1.0
010_C107,10,C,2,2,OPTIMAL,375.6718,2,2,2,0,0,1.0,375.6718,0.0,0.0,120,5.0,2.0,1.0
010_C107,10,C,2,3,OPTIMAL,125.0569,2,1,1,0,1,0.5,121.3663,0.0,3.6907,120,5.0,2.0,1.0
010_C107,10,C,2,4,OPTIMAL,313.5085,2,1,1,0,1,0.5,309.9957,0.0,3.5129,120,5.0,2.0,1.0
010_C107,10,C,2,5,OPTIMAL,165.7392,2,1,1,0,1,0.5,159.3698,0.0,6.3694,120,5.0,2.0,1.0
010_C107,10,C,2,6,OPTIMAL,554.8421,2,2,2,0,0,1.0,554.8421,0.0,0.0,120,5.0,2.0,1.0
010_C107,10,C,2,7,OPTIMAL,101.6309,2,1,1,0,1,0.5,101.5619,0.0,0.069,120,5.0,2.0,1.0
010_C107,10,C,2,8,OPTIMAL,293.6251,2,2,2,0,0,1.0,293.6251,0.0,0.0,120,5.0,2.0,1.0
010_C107,10,C,2,9,OPTIMAL,613.7852,2,2,2,0,0,1.0,613.7852,0.0,0.0,120,5.0,2.0,1.0
010_C107,10,C,3,0,OPTIMAL,751.6466,3,3,3,0,0,1.0,751.6466,0.0,0.0,120,5.0,2.0,1.0
010_C107,10,C,3,1,OPTIMAL,658.6937,3,3,3,0,0,1.0,658.6937,0.0,0.0,120,5.0,2.0,1.0
010_C107,10,C,3,2,OPTIMAL,733.6176,3,3,3,0,0,1.0,733.6176,0.0,0.0,120,5.0,2.0,1.0
010_C107,10,C,3,3,OPTIMAL,516.3589,3,2,2,0,1,0.6667,516.3069,0.0,0.052,120,5.0,2.0,1.0
010_C107,10,C,3,4,OPTIMAL,523.0575,3,3,3,0,0,1.0,523.0575,0.0,0.0,120,5.0,2.0,1.0
010_C107,10,C,3,5,OPTIMAL,319.2799,3,2,2,0,1,0.6667,274.4722,0.0,44.8077,120,5.0,2.0,1.0
010_C107,10,C,3,6,OPTIMAL,3.9983,3,0,0,0,3,0.0,0.0,0.0,3.9983,120,5.0,2.0,1.0
010_C107,10,C,3,7,OPTIMAL,611.4656,3,2,2,0,1,0.6667,609.5097,0.0,1.9558,120,5.0,2.0,1.0
010_C107,10,C,3,8,OPTIMAL,205.4684,3,1,1,0,2,0.3333,161.607,0.0,43.8614,120,5.0,2.0,1.0
010_C107,10,C,3,9,OPTIMAL,369.4862,3,2,2,0,1,0.6667,365.9745,0.0,3.5117,120,5.0,2.0,1.0
010_C108,10,C,1,0,OPTIMAL,6.4458,1,0,0,0,1,0.0,0.0,0.0,6.4458,120,5.0,2.0,1.0
010_C108,10,C,1,1,OPTIMAL,0.0013,1,0,0,0,1,0.0,0.0,0.0,0.0013,120,5.0,2.0,1.0
010_C108,10,C,1,2,OPTIMAL,200.9337,1,1,1,0,0,1.0,200.9337,0.0,0.0,120,5.0,2.0,1.0
010_C108,10,C,1,3,OPTIMAL,288.4615,1,1,1,0,0,1.0,288.4615,0.0,0.0,120,5.0,2.0,1.0
010_C108,10,C,1,4,OPTIMAL,304.5268,1,1,1,0,0,1.0,304.5268,0.0,0.0,120,5.0,2.0,1.0
010_C108,10,C,1,5,OPTIMAL,367.7718,1,1,1,0,0,1.0,367.7718,0.0,0.0,120,5.0,2.0,1.0
010_C108,10,C,1,6,OPTIMAL,87.0677,1,1,1,0,0,1.0,87.0677,0.0,0.0,120,5.0,2.0,1.0
010_C108,10,C,1,7,OPTIMAL,187.3922,1,1,1,0,0,1.0,187.3922,0.0,0.0,120,5.0,2.0,1.0
010_C108,10,C,1,8,OPTIMAL,1.6558,1,0,0,0,1,0.0,0.0,0.0,1.6558,120,5.0,2.0,1.0
010_C108,10,C,1,9,OPTIMAL,160.2227,1,1,1,0,0,1.0,160.2227,0.0,0.0,120,5.0,2.0,1.0
010_C108,10,C,2,0,OPTIMAL,258.3066,2,1,1,0,1,0.5,212.6633,0.0,45.6433,120,5.0,2.0,1.0
010_C108,10,C,2,1,OPTIMAL,577.0304,2,2,2,0,0,1.0,577.0304,0.0,0.0,120,5.0,2.0,1.0
010_C108,10,C,2,2,OPTIMAL,375.6718,2,2,2,0,0,1.0,375.6718,0.0,0.0,120,5.0,2.0,1.0
010_C108,10,C,2,3,OPTIMAL,125.0569,2,1,1,0,1,0.5,121.3663,0.0,3.6907,120,5.0,2.0,1.0
010_C108,10,C,2,4,OPTIMAL,312.7242,2,1,1,0,1,0.5,309.9957,0.0,2.7285,120,5.0,2.0,1.0
010_C108,10,C,2,5,OPTIMAL,165.7392,2,1,1,0,1,0.5,159.3698,0.0,6.3694,120,5.0,2.0,1.0
010_C108,10,C,2,6,OPTIMAL,554.8421,2,2,2,0,0,1.0,554.8421,0.0,0.0,120,5.0,2.0,1.0
010_C108,10,C,2,7,OPTIMAL,101.6309,2,1,1,0,1,0.5,101.5619,0.0,0.069,120,5.0,2.0,1.0
010_C108,10,C,2,8,OPTIMAL,293.6251,2,2,2,0,0,1.0,293.6251,0.0,0.0,120,5.0,2.0,1.0
010_C108,10,C,2,9,OPTIMAL,216.2513,2,1,1,0,1,0.5,214.5245,0.0,1.7268,120,5.0,2.0,1.0
010_C108,10,C,3,0,OPTIMAL,751.6466,3,3,3,0,0,1.0,751.6466,0.0,0.0,120,5.0,2.0,1.0
010_C108,10,C,3,1,OPTIMAL,658.6937,3,3,3,0,0,1.0,658.6937,0.0,0.0,120,5.0,2.0,1.0
010_C108,10,C,3,2,OPTIMAL,733.6176,3,3,3,0,0,1.0,733.6176,0.0,0.0,120,5.0,2.0,1.0
010_C108,10,C,3,3,OPTIMAL,417.1766,3,1,1,0,2,0.3333,410.681,0.0,6.4956,120,5.0,2.0,1.0
010_C108,10,C,3,4,OPTIMAL,523.0575,3,3,3,0,0,1.0,523.0575,0.0,0.0,120,5.0,2.0,1.0
010_C108,10,C,3,5,OPTIMAL,319.2799,3,2,2,0,1,0.6667,274.4722,0.0,44.8077,120,5.0,2.0,1.0
010_C108,10,C,3,6,OPTIMAL,3.9983,3,0,0,0,3,0.0,0.0,0.0,3.9983,120,5.0,2.0,1.0
010_C108,10,C,3,7,OPTIMAL,611.4656,3,2,2,0,1,0.6667,609.5097,0.0,1.9558,120,5.0,2.0,1.0
010_C108,10,C,3,8,OPTIMAL,519.8595,3,2,2,0,1,0.6667,519.2702,0.0,0.5893,120,5.0,2.0,1.0
010_C108,10,C,3,9,OPTIMAL,369.4862,3,2,2,0,1,0.6667,365.9745,0.0,3.5117,120,5.0,2.0,1.0
010_C109,10,C,1,0,OPTIMAL,6.4458,1,0,0,0,1,0.0,0.0,0.0,6.4458,120,5.0,2.0,1.0
010_C109,10,C,1,1,OPTIMAL,0.3563,1,0,0,0,1,0.0,0.0,0.0,0.3563,120,5.0,2.0,1.0
010_C109,10,C,1,2,OPTIMAL,2.6927,1,0,0,0,1,0.0,0.0,0.0,2.6927,120,5.0,2.0,1.0
010_C109,10,C,1,3,OPTIMAL,288.4615,1,1,1,0,0,1.0,288.4615,0.0,0.0,120,5.0,2.0,1.0
010_C109,10,C,1,4,OPTIMAL,304.5268,1,1,1,0,0,1.0,304.5268,0.0,0.0,120,5.0,2.0,1.0
010_C109,10,C,1,5,OPTIMAL,367.7718,1,1,1,0,0,1.0,367.7718,0.0,0.0,120,5.0,2.0,1.0
010_C109,10,C,1,6,OPTIMAL,87.0677,1,1,1,0,0,1.0,87.0677,0.0,0.0,120,5.0,2.0,1.0
010_C109,10,C,1,7,OPTIMAL,187.3922,1,1,1,0,0,1.0,187.3922,0.0,0.0,120,5.0,2.0,1.0
010_C109,10,C,1,8,OPTIMAL,0.0511,1,0,0,0,1,0.0,0.0,0.0,0.0511,120,5.0,2.0,1.0
010_C109,10,C,1,9,OPTIMAL,160.2227,1,1,1,0,0,1.0,160.2227,0.0,0.0,120,5.0,2.0,1.0
010_C109,10,C,2,0,OPTIMAL,261.4391,2,1,1,0,1,0.5,212.6633,0.0,48.7757,120,5.0,2.0,1.0
010_C109,10,C,2,1,OPTIMAL,178.0897,2,1,1,0,1,0.5,176.1626,0.0,1.9271,120,5.0,2.0,1.0
010_C109,10,C,2,2,OPTIMAL,375.6718,2,2,2,0,0,1.0,375.6718,0.0,0.0,120,5.0,2.0,1.0
010_C109,10,C,2,3,OPTIMAL,320.2638,2,2,2,0,0,1.0,320.2638,0.0,0.0,120,5.0,2.0,1.0
010_C109,10,C,2,4,OPTIMAL,310.6541,2,1,1,0,1,0.5,309.9957,0.0,0.6585,120,5.0,2.0,1.0
010_C109,10,C,2,5,OPTIMAL,172.4334,2,1,1,0,1,0.5,159.3698,0.0,13.0637,120,5.0,2.0,1.0
010_C109,10,C,2,6,OPTIMAL,554.8421,2,2,2,0,0,1.0,554.8421,0.0,0.0,120,5.0,2.0,1.0
010_C109,10,C,2,7,OPTIMAL,104.4851,2,1,1,0,1,0.5,101.5619,0.0,2.9232,120,5.0,2.0,1.0
010_C109,10,C,2,8,OPTIMAL,293.6251,2,2,2,0,0,1.0,293.6251,0.0,0.0,120,5.0,2.0,1.0
010_C109,10,C,2,9,OPTIMAL,216.2513,2,1,1,0,1,0.5,214.5245,0.0,1.7268,120,5.0,2.0,1.0
010_C109,10,C,3,0,OPTIMAL,751.6466,3,3,3,0,0,1.0,751.6466,0.0,0.0,120,5.0,2.0,1.0
010_C109,10,C,3,1,OPTIMAL,658.6937,3,3,3,0,0,1.0,658.6937,0.0,0.0,120,5.0,2.0,1.0
010_C109,10,C,3,2,OPTIMAL,733.6176,3,3,3,0,0,1.0,733.6176,0.0,0.0,120,5.0,2.0,1.0
010_C109,10,C,3,3,OPTIMAL,117.6652,3,1,1,0,2,0.3333,100.3907,0.0,17.2745,120,5.0,2.0,1.0
010_C109,10,C,3,4,OPTIMAL,523.0575,3,3,3,0,0,1.0,523.0575,0.0,0.0,120,5.0,2.0,1.0
010_C109,10,C,3,5,OPTIMAL,317.7152,3,2,2,0,1,0.6667,274.4722,0.0,43.243,120,5.0,2.0,1.0
010_C109,10,C,3,6,OPTIMAL,176.6636,3,1,1,0,2,0.3333,160.463,0.0,16.2006,120,5.0,2.0,1.0
010_C109,10,C,3,7,OPTIMAL,612.8613,3,2,2,0,1,0.6667,609.5097,0.0,3.3515,120,5.0,2.0,1.0
010_C109,10,C,3,8,OPTIMAL,364.8379,3,1,1,0,2,0.3333,357.6632,0.0,7.1746,120,5.0,2.0,1.0
010_C109,10,C,3,9,OPTIMAL,480.0647,3,3,3,0,0,1.0,480.0647,0.0,0.0,120,5.0,2.0,1.0
010_C201,10,C,1,0,OPTIMAL,127.1288,1,1,1,0,0,1.0,127.1288,0.0,0.0,120,5.0,2.0,1.0
010_C201,10,C,1,1,OPTIMAL,272.0754,1,1,1,0,0,1.0,272.0754,0.0,0.0,120,5.0,2.0,1.0
010_C201,10,C,1,2,OPTIMAL,270.9522,1,1,1,0,0,1.0,270.9522,0.0,0.0,120,5.0,2.0,1.0
010_C201,10,C,1,3,OPTIMAL,1.4632,1,0,0,0,1,0.0,0.0,0.0,1.4632,120,5.0,2.0,1.0
010_C201,10,C,1,4,OPTIMAL,235.9849,1,1,1,0,0,1.0,235.9849,0.0,0.0,120,5.0,2.0,1.0
010_C201,10,C,1,5,OPTIMAL,204.2656,1,1,1,0,0,1.0,204.2656,0.0,0.0,120,5.0,2.0,1.0
010_C201,10,C,1,6,OPTIMAL,272.405,1,1,1,0,0,1.0,272.405,0.0,0.0,120,5.0,2.0,1.0
010_C201,10,C,1,7,OPTIMAL,122.0544,1,1,0,1,0,1.0,122.0544,0.0,0.0,120,5.0,2.0,1.0
010_C201,10,C,1,8,OPTIMAL,267.4565,1,1,1,0,0,1.0,267.4565,0.0,0.0,120,5.0,2.0,1.0
010_C201,10,C,1,9,OPTIMAL,277.0886,1,1,1,0,0,1.0,277.0886,0.0,0.0,120,5.0,2.0,1.0
010_C201,10,C,2,0,OPTIMAL,389.1025,2,2,1,1,0,1.0,389.1025,0.0,0.0,120,5.0,2.0,1.0
010_C201,10,C,2,1,OPTIMAL,189.4666,2,1,1,0,1,0.5,180.8278,0.0,8.6388,120,5.0,2.0,1.0
010_C201,10,C,2,2,OPTIMAL,473.9802,2,2,2,0,0,1.0,473.9802,0.0,0.0,120,5.0,2.0,1.0
010_C201,10,C,2,3,OPTIMAL,158.462,2,1,1,0,1,0.5,138.8933,0.0,19.5687,120,5.0,2.0,1.0
010_C201,10,C,2,4,OPTIMAL,488.2932,2,2,2,0,0,1.0,488.2932,0.0,0.0,120,5.0,2.0,1.0
010_C201,10,C,2,5,OPTIMAL,344.2873,2,1,1,0,1,0.5,276.4278,0.0,67.8594,120,5.0,2.0,1.0
010_C201,10,C,2,6,OPTIMAL,512.9495,2,2,2,0,0,1.0,512.9495,0.0,0.0,120,5.0,2.0,1.0
010_C201,10,C,2,7,OPTIMAL,430.828,2,2,2,0,0,1.0,430.828,0.0,0.0,120,5.0,2.0,1.0
010_C201,10,C,2,8,OPTIMAL,462.4969,2,2,2,0,0,1.0,462.4969,0.0,0.0,120,5.0,2.0,1.0
010_C201,10,C,2,9,OPTIMAL,531.1297,2,2,2,0,0,1.0,531.1297,0.0,0.0,120,5.0,2.0,1.0
010_C201,10,C,3,0,OPTIMAL,701.3015,3,3,2,1,0,1.0,701.3015,0.0,0.0,120,5.0,2.0,1.0
010_C201,10,C,3,1,OPTIMAL,619.2751,3,3,3,0,0,1.0,619.2751,0.0,0.0,120,5.0,2.0,1.0
010_C201,10,C,3,2,OPTIMAL,626.3501,3,3,3,0,0,1.0,626.3501,0.0,0.0,120,5.0,2.0,1.0
010_C201,10,C,3,3,OPTIMAL,556.8494,3,3,3,0,0,1.0,556.8494,0.0,0.0,120,5.0,2.0,1.0
010_C201,10,C,3,4,OPTIMAL,216.872,3,1,1,0,2,0.3333,158.8057,0.0,58.0663,120,5.0,2.0,1.0
010_C201,10,C,3,5,OPTIMAL,461.7684,3,2,2,0,1,0.6667,429.599,0.0,32.1695,120,5.0,2.0,1.0
010_C201,10,C,3,6,OPTIMAL,701.5494,3,3,2,1,0,1.0,701.5494,0.0,0.0,120,5.0,2.0,1.0
010_C201,10,C,3,7,OPTIMAL,671.6779,3,3,3,0,0,1.0,671.6779,0.0,0.0,120,5.0,2.0,1.0
010_C201,10,C,3,8,OPTIMAL,483.8485,3,2,2,0,1,0.6667,480.9697,0.0,2.8788,120,5.0,2.0,1.0
010_C201,10,C,3,9,OPTIMAL,748.1856,3,3,3,0,0,1.0,748.1856,0.0,0.0,120,5.0,2.0,1.0
010_C202,10,C,1,0,OPTIMAL,127.1288,1,1,1,0,0,1.0,127.1288,0.0,0.0,120,5.0,2.0,1.0
010_C202,10,C,1,1,OPTIMAL,272.0754,1,1,1,0,0,1.0,272.0754,0.0,0.0,120,5.0,2.0,1.0
010_C202,10,C,1,2,OPTIMAL,270.9522,1,1,1,0,0,1.0,270.9522,0.0,0.0,120,5.0,2.0,1.0
010_C202,10,C,1,3,OPTIMAL,264.4312,1,1,1,0,0,1.0,264.4312,0.0,0.0,120,5.0,2.0,1.0
010_C202,10,C,1,4,OPTIMAL,235.9849,1,1,1,0,0,1.0,235.9849,0.0,0.0,120,5.0,2.0,1.0
010_C202,10,C,1,5,OPTIMAL,6.8013,1,0,0,0,1,0.0,0.0,0.0,6.8013,120,5.0,2.0,1.0
010_C202,10,C,1,6,OPTIMAL,272.405,1,1,1,0,0,1.0,272.405,0.0,0.0,120,5.0,2.0,1.0
010_C202,10,C,1,7,OPTIMAL,3.4869,1,0,0,0,1,0.0,0.0,0.0,3.4869,120,5.0,2.0,1.0
010_C202,10,C,1,8,OPTIMAL,267.4565,1,1,1,0,0,1.0,267.4565,0.0,0.0,120,5.0,2.0,1.0
010_C202,10,C,1,9,OPTIMAL,277.0886,1,1,1,0,0,1.0,277.0886,0.0,0.0,120,5.0,2.0,1.0
010_C202,10,C,2,0,OPTIMAL,166.1583,2,1,1,0,1,0.5,124.43,0.0,41.7283,120,5.0,2.0,1.0
010_C202,10,C,2,1,OPTIMAL,391.6794,2,2,2,0,0,1.0,391.6794,0.0,0.0,120,5.0,2.0,1.0
010_C202,10,C,2,2,OPTIMAL,473.9802,2,2,2,0,0,1.0,473.9802,0.0,0.0,120,5.0,2.0,1.0
010_C202,10,C,2,3,OPTIMAL,370.7566,2,2,2,0,0,1.0,370.7566,0.0,0.0,120,5.0,2.0,1.0
010_C202,10,C,2,4,OPTIMAL,488.2932,2,2,2,0,0,1.0,488.2932,0.0,0.0,120,5.0,2.0,1.0
010_C202,10,C,2,5,OPTIMAL,547.6132,2,2,2,0,0,1.0,547.6132,0.0,0.0,120,5.0,2.0,1.0
010_C202,10,C,2,6,OPTIMAL,512.9495,2,2,2,0,0,1.0,512.9495,0.0,0.0,120,5.0,2.0,1.0
010_C202,10,C,2,7,OPTIMAL,430.828,2,2,2,0,0,1.0,430.828,0.0,0.0,120,5.0,2.0,1.0
010_C202,10,C,2,8,OPTIMAL,462.4969,2,2,2,0,0,1.0,462.4969,0.0,0.0,120,5.0,2.0,1.0
010_C202,10,C,2,9,OPTIMAL,531.1297,2,2,2,0,0,1.0,531.1297,0.0,0.0,120,5.0,2.0,1.0
010_C202,10,C,3,0,OPTIMAL,701.3015,3,3,2,1,0,1.0,701.3015,0.0,0.0,120,5.0,2.0,1.0
010_C202,10,C,3,1,OPTIMAL,619.2751,3,3,3,0,0,1.0,619.2751,0.0,0.0,120,5.0,2.0,1.0
010_C202,10,C,3,2,OPTIMAL,626.3501,3,3,3,0,0,1.0,626.3501,0.0,0.0,120,5.0,2.0,1.0
010_C202,10,C,3,3,OPTIMAL,440.618,3,2,2,0,1,0.6667,310.7849,0.0,129.8331,120,5.0,2.0,1.0
010_C202,10,C,3,4,OPTIMAL,485.8706,3,2,2,0,1,0.6667,445.6451,0.0,40.2255,120,5.0,2.0,1.0
010_C202,10,C,3,5,OPTIMAL,461.7684,3,2,2,0,1,0.6667,429.599,0.0,32.1695,120,5.0,2.0,1.0
010_C202,10,C,3,6,OPTIMAL,435.264,3,2,2,0,1,0.6667,383.0756,0.0,52.1883,120,5.0,2.0,1.0
010_C202,10,C,3,7,OPTIMAL,591.2572,3,2,2,0,1,0.6667,564.8436,0.0,26.4137,120,5.0,2.0,1.0
010_C202,10,C,3,8,OPTIMAL,530.1649,3,2,2,0,1,0.6667,463.0863,0.0,67.0786,120,5.0,2.0,1.0
010_C202,10,C,3,9,OPTIMAL,748.1856,3,3,3,0,0,1.0,748.1856,0.0,0.0,120,5.0,2.0,1.0
010_C203,10,C,1,0,OPTIMAL,127.1288,1,1,1,0,0,1.0,127.1288,0.0,0.0,120,5.0,2.0,1.0
010_C203,10,C,1,1,OPTIMAL,272.0754,1,1,1,0,0,1.0,272.0754,0.0,0.0,120,5.0,2.0,1.0
010_C203,10,C,1,2,OPTIMAL,270.9522,1,1,1,0,0,1.0,270.9522,0.0,0.0,120,5.0,2.0,1.0
010_C203,10,C,1,3,OPTIMAL,264.4312,1,1,1,0,0,1.0,264.4312,0.0,0.0,120,5.0,2.0,1.0
010_C203,10,C,1,4,OPTIMAL,235.9849,1,1,1,0,0,1.0,235.9849,0.0,0.0,120,5.0,2.0,1.0
010_C203,10,C,1,5,OPTIMAL,6.8013,1,0,0,0,1,0.0,0.0,0.0,6.8013,120,5.0,2.0,1.0
010_C203,10,C,1,6,OPTIMAL,272.405,1,1,1,0,0,1.0,272.405,0.0,0.0,120,5.0,2.0,1.0
010_C203,10,C,1,7,OPTIMAL,3.4869,1,0,0,0,1,0.0,0.0,0.0,3.4869,120,5.0,2.0,1.0
010_C203,10,C,1,8,OPTIMAL,267.4565,1,1,1,0,0,1.0,267.4565,0.0,0.0,120,5.0,2.0,1.0
010_C203,10,C,1,9,OPTIMAL,277.0886,1,1,1,0,0,1.0,277.0886,0.0,0.0,120,5.0,2.0,1.0
010_C203,10,C,2,0,OPTIMAL,166.1583,2,1,1,0,1,0.5,124.43,0.0,41.7283,120,5.0,2.0,1.0
010_C203,10,C,2,1,OPTIMAL,391.6794,2,2,2,0,0,1.0,391.6794,0.0,0.0,120,5.0,2.0,1.0
010_C203,10,C,2,2,OPTIMAL,473.9802,2,2,2,0,0,1.0,473.9802,0.0,0.0,120,5.0,2.0,1.0
010_C203,10,C,2,3,OPTIMAL,370.7566,2,2,2,0,0,1.0,370.7566,0.0,0.0,120,5.0,2.0,1.0
010_C203,10,C,2,4,OPTIMAL,488.2932,2,2,2,0,0,1.0,488.2932,0.0,0.0,120,5.0,2.0,1.0
010_C203,10,C,2,5,OPTIMAL,547.6132,2,2,2,0,0,1.0,547.6132,0.0,0.0,120,5.0,2.0,1.0
010_C203,10,C,2,6,OPTIMAL,512.9495,2,2,2,0,0,1.0,512.9495,0.0,0.0,120,5.0,2.0,1.0
010_C203,10,C,2,7,OPTIMAL,430.828,2,2,2,0,0,1.0,430.828,0.0,0.0,120,5.0,2.0,1.0
010_C203,10,C,2,8,OPTIMAL,462.4969,2,2,2,0,0,1.0,462.4969,0.0,0.0,120,5.0,2.0,1.0
010_C203,10,C,2,9,OPTIMAL,531.1297,2,2,2,0,0,1.0,531.1297,0.0,0.0,120,5.0,2.0,1.0
010_C203,10,C,3,0,OPTIMAL,701.3015,3,3,2,1,0,1.0,701.3015,0.0,0.0,120,5.0,2.0,1.0
010_C203,10,C,3,1,OPTIMAL,619.2751,3,3,3,0,0,1.0,619.2751,0.0,0.0,120,5.0,2.0,1.0
010_C203,10,C,3,2,OPTIMAL,626.3501,3,3,3,0,0,1.0,626.3501,0.0,0.0,120,5.0,2.0,1.0
010_C203,10,C,3,3,OPTIMAL,440.618,3,2,2,0,1,0.6667,310.7849,0.0,129.8331,120,5.0,2.0,1.0
010_C203,10,C,3,4,OPTIMAL,485.8706,3,2,2,0,1,0.6667,445.6451,0.0,40.2255,120,5.0,2.0,1.0
010_C203,10,C,3,5,OPTIMAL,461.7684,3,2,2,0,1,0.6667,429.599,0.0,32.1695,120,5.0,2.0,1.0
010_C203,10,C,3,6,OPTIMAL,435.264,3,2,2,0,1,0.6667,383.0756,0.0,52.1883,120,5.0,2.0,1.0
010_C203,10,C,3,7,OPTIMAL,591.2572,3,2,2,0,1,0.6667,564.8436,0.0,26.4137,120,5.0,2.0,1.0
010_C203,10,C,3,8,OPTIMAL,530.1649,3,2,2,0,1,0.6667,463.0863,0.0,67.0786,120,5.0,2.0,1.0
010_C203,10,C,3,9,OPTIMAL,748.1856,3,3,3,0,0,1.0,748.1856,0.0,0.0,120,5.0,2.0,1.0
010_C204,10,C,1,0,OPTIMAL,127.1288,1,1,1,0,0,1.0,127.1288,0.0,0.0,120,5.0,2.0,1.0
010_C204,10,C,1,1,OPTIMAL,272.0754,1,1,1,0,0,1.0,272.0754,0.0,0.0,120,5.0,2.0,1.0
010_C204,10,C,1,2,OPTIMAL,270.9522,1,1,1,0,0,1.0,270.9522,0.0,0.0,120,5.0,2.0,1.0
010_C204,10,C,1,3,OPTIMAL,264.4312,1,1,1,0,0,1.0,264.4312,0.0,0.0,120,5.0,2.0,1.0
010_C204,10,C,1,4,OPTIMAL,235.9849,1,1,1,0,0,1.0,235.9849,0.0,0.0,120,5.0,2.0,1.0
010_C204,10,C,1,5,OPTIMAL,24.6458,1,0,0,0,1,0.0,0.0,0.0,24.6458,120,5.0,2.0,1.0
010_C204,10,C,1,6,OPTIMAL,272.405,1,1,1,0,0,1.0,272.405,0.0,0.0,120,5.0,2.0,1.0
010_C204,10,C,1,7,OPTIMAL,122.0544,1,1,0,1,0,1.0,122.0544,0.0,0.0,120,5.0,2.0,1.0
010_C204,10,C,1,8,OPTIMAL,267.4565,1,1,1,0,0,1.0,267.4565,0.0,0.0,120,5.0,2.0,1.0
010_C204,10,C,1,9,OPTIMAL,277.0886,1,1,1,0,0,1.0,277.0886,0.0,0.0,120,5.0,2.0,1.0
010_C204,10,C,2,0,OPTIMAL,389.1025,2,2,1,1,0,1.0,389.1025,0.0,0.0,120,5.0,2.0,1.0
010_C204,10,C,2,1,OPTIMAL,391.6794,2,2,2,0,0,1.0,391.6794,0.0,0.0,120,5.0,2.0,1.0
010_C204,10,C,2,2,OPTIMAL,473.9802,2,2,2,0,0,1.0,473.9802,0.0,0.0,120,5.0,2.0,1.0
010_C204,10,C,2,3,OPTIMAL,370.7566,2,2,2,0,0,1.0,370.7566,0.0,0.0,120,5.0,2.0,1.0
010_C204,10,C,2,4,OPTIMAL,488.2932,2,2,2,0,0,1.0,488.2932,0.0,0.0,120,5.0,2.0,1.0
010_C204,10,C,2,5,OPTIMAL,547.6132,2,2,2,0,0,1.0,547.6132,0.0,0.0,120,5.0,2.0,1.0
010_C204,10,C,2,6,OPTIMAL,512.9495,2,2,2,0,0,1.0,512.9495,0.0,0.0,120,5.0,2.0,1.0
010_C204,10,C,2,7,OPTIMAL,430.828,2,2,2,0,0,1.0,430.828,0.0,0.0,120,5.0,2.0,1.0
010_C204,10,C,2,8,OPTIMAL,462.4969,2,2,2,0,0,1.0,462.4969,0.0,0.0,120,5.0,2.0,1.0
010_C204,10,C,2,9,OPTIMAL,531.1297,2,2,2,0,0,1.0,531.1297,0.0,0.0,120,5.0,2.0,1.0
010_C204,10,C,3,0,OPTIMAL,701.3015,3,3,2,1,0,1.0,701.3015,0.0,0.0,120,5.0,2.0,1.0
010_C204,10,C,3,1,OPTIMAL,619.2751,3,3,3,0,0,1.0,619.2751,0.0,0.0,120,5.0,2.0,1.0
010_C204,10,C,3,2,OPTIMAL,626.3501,3,3,3,0,0,1.0,626.3501,0.0,0.0,120,5.0,2.0,1.0
010_C204,10,C,3,3,OPTIMAL,340.5049,3,2,2,0,1,0.6667,310.7849,0.0,29.72,120,5.0,2.0,1.0
010_C204,10,C,3,4,OPTIMAL,748.2483,3,3,3,0,0,1.0,748.2483,0.0,0.0,120,5.0,2.0,1.0
010_C204,10,C,3,5,OPTIMAL,461.7684,3,2,2,0,1,0.6667,429.599,0.0,32.1695,120,5.0,2.0,1.0
010_C204,10,C,3,6,OPTIMAL,701.5494,3,3,2,1,0,1.0,701.5494,0.0,0.0,120,5.0,2.0,1.0
010_C204,10,C,3,7,OPTIMAL,575.2385,3,2,2,0,1,0.6667,564.8436,0.0,10.3949,120,5.0,2.0,1.0
010_C204,10,C,3,8,OPTIMAL,489.2214,3,2,2,0,1,0.6667,463.0863,0.0,26.135,120,5.0,2.0,1.0
010_C204,10,C,3,9,OPTIMAL,748.1856,3,3,3,0,0,1.0,748.1856,0.0,0.0,120,5.0,2.0,1.0
010_C205,10,C,1,0,OPTIMAL,6.9772,1,0,0,0,1,0.0,0.0,0.0,6.9772,120,5.0,2.0,1.0
010_C205,10,C,1,1,OPTIMAL,272.0754,1,1,1,0,0,1.0,272.0754,0.0,0.0,120,5.0,2.0,1.0
010_C205,10,C,1,2,OPTIMAL,270.9522,1,1,1,0,0,1.0,270.9522,0.0,0.0,120,5.0,2.0,1.0
010_C205,10,C,1,3,OPTIMAL,264.4312,1,1,1,0,0,1.0,264.4312,0.0,0.0,120,5.0,2.0,1.0
010_C205,10,C,1,4,OPTIMAL,235.9849,1,1,1,0,0,1.0,235.9849,0.0,0.0,120,5.0,2.0,1.0
010_C205,10,C,1,5,OPTIMAL,204.2656,1,1,1,0,0,1.0,204.2656,0.0,0.0,120,5.0,2.0,1.0
010_C205,10,C,1,6,OPTIMAL,272.405,1,1,1,0,0,1.0,272.405,0.0,0.0,120,5.0,2.0,1.0
010_C205,10,C,1,7,OPTIMAL,122.0544,1,1,1,0,0,1.0,122.0544,0.0,0.0,120,5.0,2.0,1.0
010_C205,10,C,1,8,OPTIMAL,267.4565,1,1,1,0,0,1.0,267.4565,0.0,0.0,120,5.0,2.0,1.0
010_C205,10,C,1,9,OPTIMAL,277.0886,1,1,1,0,0,1.0,277.0886,0.0,0.0,120,5.0,2.0,1.0
010_C205,10,C,2,0,OPTIMAL,389.1025,2,2,2,0,0,1.0,389.1025,0.0,0.0,120,5.0,2.0,1.0
010_C205,10,C,2,1,OPTIMAL,391.6794,2,2,2,0,0,1.0,391.6794,0.0,0.0,120,5.0,2.0,1.0
010_C205,10,C,2,2,OPTIMAL,473.9802,2,2,2,0,0,1.0,473.9802,0.0,0.0,120,5.0,2.0,1.0
010_C205,10,C,2,3,OPTIMAL,370.7566,2,2,2,0,0,1.0,370.7566,0.0,0.0,120,5.0,2.0,1.0
010_C205,10,C,2,4,OPTIMAL,488.2932,2,2,2,0,0,1.0,488.2932,0.0,0.0,120,5.0,2.0,1.0
010_C205,10,C,2,5,OPTIMAL,547.6132,2,2,1,1,0,1.0,547.6132,0.0,0.0,120,5.0,2.0,1.0
010_C205,10,C,2,6,OPTIMAL,512.9495,2,2,2,0,0,1.0,512.9495,0.0,0.0,120,5.0,2.0,1.0
010_C205,10,C,2,7,OPTIMAL,266.9508,2,1,1,0,1,0.5,266.5697,0.0,0.3812,120,5.0,2.0,1.0
010_C205,10,C,2,8,OPTIMAL,462.4969,2,2,2,0,0,1.0,462.4969,0.0,0.0,120,5.0,2.0,1.0
010_C205,10,C,2,9,OPTIMAL,301.8065,2,1,1,0,1,0.5,265.5975,0.0,36.209,120,5.0,2.0,1.0
010_C205,10,C,3,0,OPTIMAL,701.3015,3,3,3,0,0,1.0,701.3015,0.0,0.0,120,5.0,2.0,1.0
010_C205,10,C,3,1,OPTIMAL,619.2751,3,3,3,0,0,1.0,619.2751,0.0,0.0,120,5.0,2.0,1.0
010_C205,10,C,3,2,OPTIMAL,626.3501,3,3,3,0,0,1.0,626.3501,0.0,0.0,120,5.0,2.0,1.0
010_C205,10,C,3,3,OPTIMAL,424.2304,3,2,2,0,1,0.6667,418.111,0.0,6.1194,120,5.0,2.0,1.0
010_C205,10,C,3,4,OPTIMAL,463.5422,3,2,1,1,1,0.6667,461.4089,0.0,2.1334,120,5.0,2.0,1.0
010_C205,10,C,3,5,OPTIMAL,433.7668,3,2,2,0,1,0.6667,394.7715,0.0,38.9954,120,5.0,2.0,1.0
010_C205,10,C,3,6,OPTIMAL,701.5494,3,3,3,0,0,1.0,701.5494,0.0,0.0,120,5.0,2.0,1.0
010_C205,10,C,3,7,OPTIMAL,671.6779,3,3,3,0,0,1.0,671.6779,0.0,0.0,120,5.0,2.0,1.0
010_C205,10,C,3,8,OPTIMAL,473.404,3,2,2,0,1,0.6667,463.0863,0.0,10.3177,120,5.0,2.0,1.0
010_C205,10,C,3,9,OPTIMAL,563.9385,3,2,2,0,1,0.6667,508.9855,0.0,54.953,120,5.0,2.0,1.0
010_C206,10,C,1,0,OPTIMAL,127.1288,1,1,1,0,0,1.0,127.1288,0.0,0.0,120,5.0,2.0,1.0
010_C206,10,C,1,1,OPTIMAL,272.0754,1,1,1,0,0,1.0,272.0754,0.0,0.0,120,5.0,2.0,1.0
010_C206,10,C,1,2,OPTIMAL,270.9522,1,1,1,0,0,1.0,270.9522,0.0,0.0,120,5.0,2.0,1.0
010_C206,10,C,1,3,OPTIMAL,264.4312,1,1,0,1,0,1.0,264.4312,0.0,0.0,120,5.0,2.0,1.0
010_C206,10,C,1,4,OPTIMAL,235.9849,1,1,1,0,0,1.0,235.9849,0.0,0.0,120,5.0,2.0,1.0
010_C206,10,C,1,5,OPTIMAL,204.2656,1,1,1,0,0,1.0,204.2656,0.0,0.0,120,5.0,2.0,1.0
010_C206,10,C,1,6,OPTIMAL,272.405,1,1,1,0,0,1.0,272.405,0.0,0.0,120,5.0,2.0,1.0
010_C206,10,C,1,7,OPTIMAL,122.0544,1,1,1,0,0,1.0,122.0544,0.0,0.0,120,5.0,2.0,1.0
010_C206,10,C,1,8,OPTIMAL,267.4565,1,1,1,0,0,1.0,267.4565,0.0,0.0,120,5.0,2.0,1.0
010_C206,10,C,1,9,OPTIMAL,277.0886,1,1,1,0,0,1.0,277.0886,0.0,0.0,120,5.0,2.0,1.0
010_C206,10,C,2,0,OPTIMAL,389.1025,2,2,2,0,0,1.0,389.1025,0.0,0.0,120,5.0,2.0,1.0
010_C206,10,C,2,1,OPTIMAL,191.3698,2,1,1,0,1,0.5,180.8278,0.0,10.5419,120,5.0,2.0,1.0
010_C206,10,C,2,2,OPTIMAL,248.3052,2,1,1,0,1,0.5,239.3471,0.0,8.9581,120,5.0,2.0,1.0
010_C206,10,C,2,3,OPTIMAL,247.0555,2,1,1,0,1,0.5,231.8633,0.0,15.1922,120,5.0,2.0,1.0
010_C206,10,C,2,4,OPTIMAL,488.2932,2,2,2,0,0,1.0,488.2932,0.0,0.0,120,5.0,2.0,1.0
010_C206,10,C,2,5,OPTIMAL,547.6132,2,2,2,0,0,1.0,547.6132,0.0,0.0,120,5.0,2.0,1.0
010_C206,10,C,2,6,OPTIMAL,512.9495,2,2,2,0,0,1.0,512.9495,0.0,0.0,120,5.0,2.0,1.0
010_C206,10,C,2,7,OPTIMAL,430.828,2,2,2,0,0,1.0,430.828,0.0,0.0,120,5.0,2.0,1.0
010_C206,10,C,2,8,OPTIMAL,462.4969,2,2,2,0,0,1.0,462.4969,0.0,0.0,120,5.0,2.0,1.0
010_C206,10,C,2,9,OPTIMAL,531.1297,2,2,2,0,0,1.0,531.1297,0.0,0.0,120,5.0,2.0,1.0
010_C206,10,C,3,0,OPTIMAL,701.3015,3,3,3,0,0,1.0,701.3015,0.0,0.0,120,5.0,2.0,1.0
010_C206,10,C,3,1,OPTIMAL,619.2751,3,3,3,0,0,1.0,619.2751,0.0,0.0,120,5.0,2.0,1.0
010_C206,10,C,3,2,OPTIMAL,626.3501,3,3,3,0,0,1.0,626.3501,0.0,0.0,120,5.0,2.0,1.0
010_C206,10,C,3,3,OPTIMAL,556.8494,3,3,3,0,0,1.0,556.8494,0.0,0.0,120,5.0,2.0,1.0
010_C206,10,C,3,4,OPTIMAL,312.9739,3,1,1,0,2,0.3333,302.6032,0.0,10.3707,120,5.0,2.0,1.0
010_C206,10,C,3,5,OPTIMAL,687.335,3,3,2,1,0,1.0,687.335,0.0,0.0,120,5.0,2.0,1.0
010_C206,10,C,3,6,OPTIMAL,701.5494,3,3,3,0,0,1.0,701.5494,0.0,0.0,120,5.0,2.0,1.0
010_C206,10,C,3,7,OPTIMAL,671.6779,3,3,3,0,0,1.0,671.6779,0.0,0.0,120,5.0,2.0,1.0
010_C206,10,C,3,8,OPTIMAL,658.5773,3,3,2,1,0,1.0,658.5773,0.0,0.0,120,5.0,2.0,1.0
010_C206,10,C,3,9,OPTIMAL,748.1856,3,3,3,0,0,1.0,748.1856,0.0,0.0,120,5.0,2.0,1.0
010_C207,10,C,1,0,OPTIMAL,6.9772,1,0,0,0,1,0.0,0.0,0.0,6.9772,120,5.0,2.0,1.0
010_C207,10,C,1,1,OPTIMAL,272.0754,1,1,1,0,0,1.0,272.0754,0.0,0.0,120,5.0,2.0,1.0
010_C207,10,C,1,2,OPTIMAL,270.9522,1,1,1,0,0,1.0,270.9522,0.0,0.0,120,5.0,2.0,1.0
010_C207,10,C,1,3,OPTIMAL,264.4312,1,1,1,0,0,1.0,264.4312,0.0,0.0,120,5.0,2.0,1.0
010_C207,10,C,1,4,OPTIMAL,53.6417,1,0,0,0,1,0.0,0.0,0.0,53.6417,120,5.0,2.0,1.0
010_C207,10,C,1,5,OPTIMAL,204.2656,1,1,1,0,0,1.0,204.2656,0.0,0.0,120,5.0,2.0,1.0
010_C207,10,C,1,6,OPTIMAL,272.405,1,1,1,0,0,1.0,272.405,0.0,0.0,120,5.0,2.0,1.0
010_C207,10,C,1,7,OPTIMAL,122.0544,1,1,1,0,0,1.0,122.0544,0.0,0.0,120,5.0,2.0,1.0
010_C207,10,C,1,8,OPTIMAL,267.4565,1,1,1,0,0,1.0,267.4565,0.0,0.0,120,5.0,2.0,1.0
010_C207,10,C,1,9,OPTIMAL,277.0886,1,1,1,0,0,1.0,277.0886,0.0,0.0,120,5.0,2.0,1.0
010_C207,10,C,2,0,OPTIMAL,389.1025,2,2,2,0,0,1.0,389.1025,0.0,0.0,120,5.0,2.0,1.0
010_C207,10,C,2,1,OPTIMAL,189.4666,2,1,0,1,1,0.5,180.8278,0.0,8.6388,120,5.0,2.0,1.0
010_C207,10,C,2,2,OPTIMAL,473.9802,2,2,1,1,0,1.0,473.9802,0.0,0.0,120,5.0,2.0,1.0
010_C207,10,C,2,3,OPTIMAL,158.462,2,1,1,0,1,0.5,138.8933,0.0,19.5687,120,5.0,2.0,1.0
010_C207,10,C,2,4,OPTIMAL,488.2932,2,2,2,0,0,1.0,488.2932,0.0,0.0,120,5.0,2.0,1.0
010_C207,10,C,2,5,OPTIMAL,547.6132,2,2,2,0,0,1.0,547.6132,0.0,0.0,120,5.0,2.0,1.0
010_C207,10,C,2,6,OPTIMAL,512.9495,2,2,2,0,0,1.0,512.9495,0.0,0.0,120,5.0,2.0,1.0
010_C207,10,C,2,7,OPTIMAL,430.828,2,2,2,0,0,1.0,430.828,0.0,0.0,120,5.0,2.0,1.0
010_C207,10,C,2,8,OPTIMAL,462.4969,2,2,2,0,0,1.0,462.4969,0.0,0.0,120,5.0,2.0,1.0
010_C207,10,C,2,9,OPTIMAL,531.1297,2,2,2,0,0,1.0,531.1297,0.0,0.0,120,5.0,2.0,1.0
010_C207,10,C,3,0,OPTIMAL,434.9286,3,2,2,0,1,0.6667,432.3656,0.0,2.5631,120,5.0,2.0,1.0
010_C207,10,C,3,1,OPTIMAL,619.2751,3,3,3,0,0,1.0,619.2751,0.0,0.0,120,5.0,2.0,1.0
010_C207,10,C,3,2,OPTIMAL,626.3501,3,3,1,2,0,1.0,626.3501,0.0,0.0,120,5.0,2.0,1.0
010_C207,10,C,3,3,OPTIMAL,556.8494,3,3,3,0,0,1.0,556.8494,0.0,0.0,120,5.0,2.0,1.0
010_C207,10,C,3,4,OPTIMAL,514.772,3,2,2,0,1,0.6667,461.4089,0.0,53.3631,120,5.0,2.0,1.0
010_C207,10,C,3,5,OPTIMAL,687.335,3,3,3,0,0,1.0,687.335,0.0,0.0,120,5.0,2.0,1.0
010_C207,10,C,3,6,OPTIMAL,701.5494,3,3,3,0,0,1.0,701.5494,0.0,0.0,120,5.0,2.0,1.0
010_C207,10,C,3,7,OPTIMAL,671.6779,3,3,3,0,0,1.0,671.6779,0.0,0.0,120,5.0,2.0,1.0
010_C207,10,C,3,8,OPTIMAL,483.8485,3,2,2,0,1,0.6667,480.9697,0.0,2.8788,120,5.0,2.0,1.0
010_C207,10,C,3,9,OPTIMAL,748.1856,3,3,3,0,0,1.0,748.1856,0.0,0.0,120,5.0,2.0,1.0
010_C208,10,C,1,0,OPTIMAL,127.1288,1,1,0,1,0,1.0,127.1288,0.0,0.0,120,5.0,2.0,1.0
010_C208,10,C,1,1,OPTIMAL,272.0754,1,1,1,0,0,1.0,272.0754,0.0,0.0,120,5.0,2.0,1.0
010_C208,10,C,1,2,OPTIMAL,270.9522,1,1,1,0,0,1.0,270.9522,0.0,0.0,120,5.0,2.0,1.0
010_C208,10,C,1,3,OPTIMAL,264.4312,1,1,1,0,0,1.0,264.4312,0.0,0.0,120,5.0,2.0,1.0
010_C208,10,C,1,4,OPTIMAL,235.9849,1,1,1,0,0,1.0,235.9849,0.0,0.0,120,5.0,2.0,1.0
010_C208,10,C,1,5,OPTIMAL,204.2656,1,1,0,1,0,1.0,204.2656,0.0,0.0,120,5.0,2.0,1.0
010_C208,10,C,1,6,OPTIMAL,272.405,1,1,1,0,0,1.0,272.405,0.0,0.0,120,5.0,2.0,1.0
010_C208,10,C,1,7,OPTIMAL,122.0544,1,1,1,0,0,1.0,122.0544,0.0,0.0,120,5.0,2.0,1.0
010_C208,10,C,1,8,OPTIMAL,267.4565,1,1,1,0,0,1.0,267.4565,0.0,0.0,120,5.0,2.0,1.0
010_C208,10,C,1,9,OPTIMAL,277.0886,1,1,1,0,0,1.0,277.0886,0.0,0.0,120,5.0,2.0,1.0
010_C208,10,C,2,0,OPTIMAL,389.1025,2,2,2,0,0,1.0,389.1025,0.0,0.0,120,5.0,2.0,1.0
010_C208,10,C,2,1,OPTIMAL,391.6794,2,2,1,1,0,1.0,391.6794,0.0,0.0,120,5.0,2.0,1.0
010_C208,10,C,2,2,OPTIMAL,250.2657,2,1,1,0,1,0.5,239.3471,0.0,10.9186,120,5.0,2.0,1.0
010_C208,10,C,2,3,OPTIMAL,245.4118,2,1,1,0,1,0.5,231.8633,0.0,13.5484,120,5.0,2.0,1.0
010_C208,10,C,2,4,OPTIMAL,488.2932,2,2,2,0,0,1.0,488.2932,0.0,0.0,120,5.0,2.0,1.0
010_C208,10,C,2,5,OPTIMAL,547.6132,2,2,2,0,0,1.0,547.6132,0.0,0.0,120,5.0,2.0,1.0
010_C208,10,C,2,6,OPTIMAL,512.9495,2,2,2,0,0,1.0,512.9495,0.0,0.0,120,5.0,2.0,1.0
010_C208,10,C,2,7,OPTIMAL,268.2297,2,1,1,0,1,0.5,266.5697,0.0,1.66,120,5.0,2.0,1.0
010_C208,10,C,2,8,OPTIMAL,462.4969,2,2,2,0,0,1.0,462.4969,0.0,0.0,120,5.0,2.0,1.0
010_C208,10,C,2,9,OPTIMAL,531.1297,2,2,2,0,0,1.0,531.1297,0.0,0.0,120,5.0,2.0,1.0
010_C208,10,C,3,0,OPTIMAL,701.3015,3,3,3,0,0,1.0,701.3015,0.0,0.0,120,5.0,2.0,1.0
010_C208,10,C,3,1,OPTIMAL,619.2751,3,3,3,0,0,1.0,619.2751,0.0,0.0,120,5.0,2.0,1.0
010_C208,10,C,3,2,OPTIMAL,405.1997,3,2,1,1,1,0.6667,376.0558,0.0,29.1439,120,5.0,2.0,1.0
010_C208,10,C,3,3,OPTIMAL,422.8154,3,2,1,1,1,0.6667,418.111,0.0,4.7044,120,5.0,2.0,1.0
010_C208,10,C,3,4,OPTIMAL,599.2833,3,2,2,0,1,0.6667,589.4427,0.0,9.8406,120,5.0,2.0,1.0
010_C208,10,C,3,5,OPTIMAL,687.335,3,3,3,0,0,1.0,687.335,0.0,0.0,120,5.0,2.0,1.0
010_C208,10,C,3,6,OPTIMAL,701.5494,3,3,3,0,0,1.0,701.5494,0.0,0.0,120,5.0,2.0,1.0
010_C208,10,C,3,7,OPTIMAL,671.6779,3,3,2,1,0,1.0,671.6779,0.0,0.0,120,5.0,2.0,1.0
010_C208,10,C,3,8,OPTIMAL,658.5773,3,3,2,1,0,1.0,658.5773,0.0,0.0,120,5.0,2.0,1.0
010_C208,10,C,3,9,OPTIMAL,748.1856,3,3,2,1,0,1.0,748.1856,0.0,0.0,120,5.0,2.0,1.0
010_R101,10,R,1,0,OPTIMAL,28.6454,1,0,0,0,1,0.0,0.0,0.0,28.6454,120,5.0,2.0,1.0
010_R101,10,R,1,1,OPTIMAL,5.4693,1,0,0,0,1,0.0,0.0,0.0,5.4693,120,5.0,2.0,1.0
010_R101,10,R,1,2,OPTIMAL,0.4673,1,0,0,0,1,0.0,0.0,0.0,0.4673,120,5.0,2.0,1.0
010_R101,10,R,1,3,OPTIMAL,4.6255,1,0,0,0,1,0.0,0.0,0.0,4.6255,120,5.0,2.0,1.0
010_R101,10,R,1,4,OPTIMAL,3.7952,1,0,0,0,1,0.0,0.0,0.0,3.7952,120,5.0,2.0,1.0
010_R101,10,R,1,5,OPTIMAL,3.8621,1,0,0,0,1,0.0,0.0,0.0,3.8621,120,5.0,2.0,1.0
010_R101,10,R,1,6,OPTIMAL,7.0417,1,0,0,0,1,0.0,0.0,0.0,7.0417,120,5.0,2.0,1.0
010_R101,10,R,1,7,OPTIMAL,4.4326,1,0,0,0,1,0.0,0.0,0.0,4.4326,120,5.0,2.0,1.0
010_R101,10,R,1,8,OPTIMAL,40.4282,1,0,0,0,1,0.0,0.0,0.3043,40.1239,120,5.0,2.0,1.0
010_R101,10,R,1,9,OPTIMAL,0.0932,1,0,0,0,1,0.0,0.0,0.0,0.0932,120,5.0,2.0,1.0
010_R101,10,R,2,0,OPTIMAL,71.1208,2,0,0,0,2,0.0,0.0,0.0,71.1208,120,5.0,2.0,1.0
010_R101,10,R,2,1,OPTIMAL,9.0684,2,0,0,0,2,0.0,0.0,0.0,9.0684,120,5.0,2.0,1.0
010_R101,10,R,2,2,OPTIMAL,15.0454,2,0,0,0,2,0.0,0.0,0.0,15.0454,120,5.0,2.0,1.0
010_R101,10,R,2,3,OPTIMAL,22.1302,2,0,0,0,2,0.0,0.0,0.0,22.1302,120,5.0,2.0,1.0
010_R101,10,R,2,4,OPTIMAL,41.2364,2,0,0,0,2,0.0,0.0,0.0,41.2364,120,5.0,2.0,1.0
010_R101,10,R,2,5,OPTIMAL,6.2757,2,0,0,0,2,0.0,0.0,0.0,6.2757,120,5.0,2.0,1.0
010_R101,10,R,2,6,OPTIMAL,7.5077,2,0,0,0,2,0.0,0.0,0.0,7.5077,120,5.0,2.0,1.0
010_R101,10,R,2,7,OPTIMAL,7.2963,2,0,0,0,2,0.0,0.0,0.0,7.2963,120,5.0,2.0,1.0
010_R101,10,R,2,8,OPTIMAL,4.256,2,0,0,0,2,0.0,0.0,0.0,4.256,120,5.0,2.0,1.0
010_R101,10,R,2,9,OPTIMAL,3.0756,2,0,0,0,2,0.0,0.0,0.0,3.0756,120,5.0,2.0,1.0
010_R101,10,R,3,0,OPTIMAL,9.0921,3,0,0,0,3,0.0,0.0,0.0,9.0921,120,5.0,2.0,1.0
010_R101,10,R,3,1,OPTIMAL,11.5897,3,0,0,0,3,0.0,0.0,0.0,11.5897,120,5.0,2.0,1.0
010_R101,10,R,3,2,OPTIMAL,8.7672,3,0,0,0,3,0.0,0.0,0.0,8.7672,120,5.0,2.0,1.0
010_R101,10,R,3,3,OPTIMAL,35.7558,3,0,0,0,3,0.0,0.0,0.0,35.7558,120,5.0,2.0,1.0
010_R101,10,R,3,4,OPTIMAL,41.1048,3,0,0,0,3,0.0,0.0,0.0,41.1048,120,5.0,2.0,1.0
010_R101,10,R,3,5,OPTIMAL,5.8026,3,0,0,0,3,0.0,0.0,0.0,5.8026,120,5.0,2.0,1.0
010_R101,10,R,3,6,OPTIMAL,47.3818,3,0,0,0,3,0.0,0.0,0.0,47.3818,120,5.0,2.0,1.0
010_R101,10,R,3,7,OPTIMAL,31.6727,3,0,0,0,3,0.0,0.0,0.0,31.6727,120,5.0,2.0,1.0
010_R101,10,R,3,8,OPTIMAL,13.5293,3,0,0,0,3,0.0,0.0,0.0,13.5293,120,5.0,2.0,1.0
010_R101,10,R,3,9,OPTIMAL,5.0362,3,0,0,0,3,0.0,0.0,0.0,5.0362,120,5.0,2.0,1.0
010_R102,10,R,1,0,OPTIMAL,28.6454,1,0,0,0,1,0.0,0.0,0.0,28.6454,120,5.0,2.0,1.0
010_R102,10,R,1,1,OPTIMAL,6.6824,1,0,0,0,1,0.0,0.0,0.0,6.6824,120,5.0,2.0,1.0
010_R102,10,R,1,2,OPTIMAL,0.4673,1,0,0,0,1,0.0,0.0,0.0,0.4673,120,5.0,2.0,1.0
010_R102,10,R,1,3,OPTIMAL,0.3935,1,0,0,0,1,0.0,0.0,0.0,0.3935,120,5.0,2.0,1.0
010_R102,10,R,1,4,OPTIMAL,1.8976,1,0,0,0,1,0.0,0.0,0.0,1.8976,120,5.0,2.0,1.0
010_R102,10,R,1,5,OPTIMAL,2.8776,1,0,0,0,1,0.0,0.0,0.0,2.8776,120,5.0,2.0,1.0
010_R102,10,R,1,6,OPTIMAL,11.3323,1,0,0,0,1,0.0,0.0,0.0,11.3323,120,5.0,2.0,1.0
010_R102,10,R,1,7,OPTIMAL,10.3099,1,0,0,0,1,0.0,0.0,0.0,10.3099,120,5.0,2.0,1.0
010_R102,10,R,1,8,OPTIMAL,32.3684,1,0,0,0,1,0.0,0.0,0.0,32.3684,120,5.0,2.0,1.0
010_R102,10,R,1,9,OPTIMAL,1.0304,1,0,0,0,1,0.0,0.0,0.0,1.0304,120,5.0,2.0,1.0
010_R102,10,R,2,0,OPTIMAL,76.3133,2,0,0,0,2,0.0,0.0,0.0,76.3133,120,5.0,2.0,1.0
010_R102,10,R,2,1,OPTIMAL,12.3251,2,0,0,0,2,0.0,0.0,0.0,12.3251,120,5.0,2.0,1.0
010_R102,10,R,2,2,OPTIMAL,15.0454,2,0,0,0,2,0.0,0.0,0.0,15.0454,120,5.0,2.0,1.0
010_R102,10,R,2,3,OPTIMAL,25.6283,2,0,0,0,2,0.0,0.0,0.0,25.6283,120,5.0,2.0,1.0
010_R102,10,R,2,4,OPTIMAL,48.4477,2,0,0,0,2,0.0,0.0,0.0,48.4477,120,5.0,2.0,1.0
010_R102,10,R,2,5,OPTIMAL,3.5987,2,0,0,0,2,0.0,0.0,0.0,3.5987,120,5.0,2.0,1.0
010_R102,10,R,2,6,OPTIMAL,12.2088,2,0,0,0,2,0.0,0.0,0.0,12.2088,120,5.0,2.0,1.0
010_R102,10,R,2,7,OPTIMAL,9.2394,2,0,0,0,2,0.0,0.0,0.0,9.2394,120,5.0,2.0,1.0
010_R102,10,R,2,8,OPTIMAL,24.7905,2,0,0,0,2,0.0,0.0,0.0,24.7905,120,5.0,2.0,1.0
010_R102,10,R,2,9,OPTIMAL,7.0864,2,0,0,0,2,0.0,0.0,0.0,7.0864,120,5.0,2.0,1.0
010_R102,10,R,3,0,OPTIMAL,10.2452,3,0,0,0,3,0.0,0.0,0.0,10.2452,120,5.0,2.0,1.0
010_R102,10,R,3,1,OPTIMAL,22.9906,3,0,0,0,3,0.0,0.0,0.0,22.9906,120,5.0,2.0,1.0
010_R102,10,R,3,2,OPTIMAL,27.648,3,0,0,0,3,0.0,0.0,0.0,27.648,120,5.0,2.0,1.0
010_R102,10,R,3,3,OPTIMAL,37.2269,3,0,0,0,3,0.0,0.0,0.0,37.2269,120,5.0,2.0,1.0
010_R102,10,R,3,4,OPTIMAL,33.4265,3,0,0,0,3,0.0,0.0,0.0,33.4265,120,5.0,2.0,1.0
010_R102,10,R,3,5,OPTIMAL,32.0613,3,0,0,0,3,0.0,0.0,0.0,32.0613,120,5.0,2.0,1.0
010_R102,10,R,3,6,OPTIMAL,65.9826,3,0,0,0,3,0.0,0.0,0.0,65.9826,120,5.0,2.0,1.0
010_R102,10,R,3,7,OPTIMAL,25.9207,3,0,0,0,3,0.0,0.0,0.0,25.9207,120,5.0,2.0,1.0
010_R102,10,R,3,8,OPTIMAL,22.6202,3,0,0,0,3,0.0,0.0,0.0,22.6202,120,5.0,2.0,1.0
010_R102,10,R,3,9,OPTIMAL,3.214,3,0,0,0,3,0.0,0.0,0.0,3.214,120,5.0,2.0,1.0
010_R103,10,R,1,0,OPTIMAL,28.6454,1,0,0,0,1,0.0,0.0,0.0,28.6454,120,5.0,2.0,1.0
010_R103,10,R,1,1,OPTIMAL,6.6824,1,0,0,0,1,0.0,0.0,0.0,6.6824,120,5.0,2.0,1.0
010_R103,10,R,1,2,OPTIMAL,0.4673,1,0,0,0,1,0.0,0.0,0.0,0.4673,120,5.0,2.0,1.0
010_R103,10,R,1,3,OPTIMAL,0.3935,1,0,0,0,1,0.0,0.0,0.0,0.3935,120,5.0,2.0,1.0
010_R103,10,R,1,4,OPTIMAL,1.8976,1,0,0,0,1,0.0,0.0,0.0,1.8976,120,5.0,2.0,1.0
010_R103,10,R,1,5,OPTIMAL,2.8776,1,0,0,0,1,0.0,0.0,0.0,2.8776,120,5.0,2.0,1.0
010_R103,10,R,1,6,OPTIMAL,11.3323,1,0,0,0,1,0.0,0.0,0.0,11.3323,120,5.0,2.0,1.0
010_R103,10,R,1,7,OPTIMAL,10.3099,1,0,0,0,1,0.0,0.0,0.0,10.3099,120,5.0,2.0,1.0
010_R103,10,R,1,8,OPTIMAL,32.3684,1,0,0,0,1,0.0,0.0,0.0,32.3684,120,5.0,2.0,1.0
010_R103,10,R,1,9,OPTIMAL,1.0304,1,0,0,0,1,0.0,0.0,0.0,1.0304,120,5.0,2.0,1.0
010_R103,10,R,2,0,OPTIMAL,76.3133,2,0,0,0,2,0.0,0.0,0.0,76.3133,120,5.0,2.0,1.0
010_R103,10,R,2,1,OPTIMAL,12.3251,2,0,0,0,2,0.0,0.0,0.0,12.3251,120,5.0,2.0,1.0
010_R103,10,R,2,2,OPTIMAL,15.0454,2,0,0,0,2,0.0,0.0,0.0,15.0454,120,5.0,2.0,1.0
010_R103,10,R,2,3,OPTIMAL,25.6283,2,0,0,0,2,0.0,0.0,0.0,25.6283,120,5.0,2.0,1.0
010_R103,10,R,2,4,OPTIMAL,48.4477,2,0,0,0,2,0.0,0.0,0.0,48.4477,120,5.0,2.0,1.0
010_R103,10,R,2,5,OPTIMAL,3.5987,2,0,0,0,2,0.0,0.0,0.0,3.5987,120,5.0,2.0,1.0
010_R103,10,R,2,6,OPTIMAL,12.2088,2,0,0,0,2,0.0,0.0,0.0,12.2088,120,5.0,2.0,1.0
010_R103,10,R,2,7,OPTIMAL,9.2394,2,0,0,0,2,0.0,0.0,0.0,9.2394,120,5.0,2.0,1.0
010_R103,10,R,2,8,OPTIMAL,24.7905,2,0,0,0,2,0.0,0.0,0.0,24.7905,120,5.0,2.0,1.0
010_R103,10,R,2,9,OPTIMAL,7.0864,2,0,0,0,2,0.0,0.0,0.0,7.0864,120,5.0,2.0,1.0
010_R103,10,R,3,0,OPTIMAL,10.2452,3,0,0,0,3,0.0,0.0,0.0,10.2452,120,5.0,2.0,1.0
010_R103,10,R,3,1,OPTIMAL,22.9906,3,0,0,0,3,0.0,0.0,0.0,22.9906,120,5.0,2.0,1.0
010_R103,10,R,3,2,OPTIMAL,27.648,3,0,0,0,3,0.0,0.0,0.0,27.648,120,5.0,2.0,1.0
010_R103,10,R,3,3,OPTIMAL,37.2269,3,0,0,0,3,0.0,0.0,0.0,37.2269,120,5.0,2.0,1.0
010_R103,10,R,3,4,OPTIMAL,33.4265,3,0,0,0,3,0.0,0.0,0.0,33.4265,120,5.0,2.0,1.0
010_R103,10,R,3,5,OPTIMAL,32.0613,3,0,0,0,3,0.0,0.0,0.0,32.0613,120,5.0,2.0,1.0
010_R103,10,R,3,6,OPTIMAL,65.9826,3,0,0,0,3,0.0,0.0,0.0,65.9826,120,5.0,2.0,1.0
010_R103,10,R,3,7,OPTIMAL,25.9207,3,0,0,0,3,0.0,0.0,0.0,25.9207,120,5.0,2.0,1.0
010_R103,10,R,3,8,OPTIMAL,22.6202,3,0,0,0,3,0.0,0.0,0.0,22.6202,120,5.0,2.0,1.0
010_R103,10,R,3,9,OPTIMAL,3.214,3,0,0,0,3,0.0,0.0,0.0,3.214,120,5.0,2.0,1.0
010_R104,10,R,1,0,OPTIMAL,36.7292,1,0,0,0,1,0.0,0.0,0.0,36.7292,120,5.0,2.0,1.0
010_R104,10,R,1,1,OPTIMAL,27.3726,1,0,0,0,1,0.0,0.0,0.0,27.3726,120,5.0,2.0,1.0
010_R104,10,R,1,2,OPTIMAL,4.9978,1,0,0,0,1,0.0,0.0,0.0,4.9978,120,5.0,2.0,1.0
010_R104,10,R,1,3,OPTIMAL,0.3935,1,0,0,0,1,0.0,0.0,0.0,0.3935,120,5.0,2.0,1.0
010_R104,10,R,1,4,OPTIMAL,1.8976,1,0,0,0,1,0.0,0.0,0.0,1.8976,120,5.0,2.0,1.0
010_R104,10,R,1,5,OPTIMAL,2.8776,1,0,0,0,1,0.0,0.0,0.0,2.8776,120,5.0,2.0,1.0
010_R104,10,R,1,6,OPTIMAL,7.0417,1,0,0,0,1,0.0,0.0,0.0,7.0417,120,5.0,2.0,1.0
010_R104,10,R,1,7,OPTIMAL,6.5305,1,0,0,0,1,0.0,0.0,0.0,6.5305,120,5.0,2.0,1.0
010_R104,10,R,1,8,OPTIMAL,32.3684,1,0,0,0,1,0.0,0.0,0.0,32.3684,120,5.0,2.0,1.0
010_R104,10,R,1,9,OPTIMAL,3.3148,1,0,0,0,1,0.0,0.0,0.0,3.3148,120,5.0,2.0,1.0
010_R104,10,R,2,0,OPTIMAL,280.1741,2,1,0,1,1,0.5,227.9166,0.0,52.2575,120,5.0,2.0,1.0
010_R104,10,R,2,1,OPTIMAL,8.5507,2,0,0,0,2,0.0,0.0,0.0,8.5507,120,5.0,2.0,1.0
010_R104,10,R,2,2,OPTIMAL,15.0454,2,0,0,0,2,0.0,0.0,0.0,15.0454,120,5.0,2.0,1.0
010_R104,10,R,2,3,OPTIMAL,22.1302,2,0,0,0,2,0.0,0.0,0.0,22.1302,120,5.0,2.0,1.0
010_R104,10,R,2,4,OPTIMAL,258.1317,2,1,1,0,1,0.5,256.8174,0.0,1.3142,120,5.0,2.0,1.0
010_R104,10,R,2,5,OPTIMAL,3.5987,2,0,0,0,2,0.0,0.0,0.0,3.5987,120,5.0,2.0,1.0
010_R104,10,R,2,6,OPTIMAL,7.5632,2,0,0,0,2,0.0,0.0,0.0,7.5632,120,5.0,2.0,1.0
010_R104,10,R,2,7,OPTIMAL,6.429,2,0,0,0,2,0.0,0.0,0.0,6.429,120,5.0,2.0,1.0
010_R104,10,R,2,8,OPTIMAL,50.7873,2,0,0,0,2,0.0,0.0,0.0,50.7873,120,5.0,2.0,1.0
010_R104,10,R,2,9,OPTIMAL,24.5598,2,0,0,0,2,0.0,0.0,0.0,24.5598,120,5.0,2.0,1.0
010_R104,10,R,3,0,OPTIMAL,11.5018,3,0,0,0,3,0.0,0.0,0.0,11.5018,120,5.0,2.0,1.0
010_R104,10,R,3,1,OPTIMAL,16.6697,3,0,0,0,3,0.0,0.0,0.0,16.6697,120,5.0,2.0,1.0
010_R104,10,R,3,2,OPTIMAL,76.5486,3,0,0,0,3,0.0,0.0,16.4374,60.1112,120,5.0,2.0,1.0
010_R104,10,R,3,3,OPTIMAL,56.0758,3,0,0,0,3,0.0,0.0,0.0,56.0758,120,5.0,2.0,1.0
010_R104,10,R,3,4,OPTIMAL,50.0441,3,0,0,0,3,0.0,0.0,0.0,50.0441,120,5.0,2.0,1.0
010_R104,10,R,3,5,OPTIMAL,42.8609,3,0,0,0,3,0.0,0.0,0.0,42.8609,120,5.0,2.0,1.0
010_R104,10,R,3,6,OPTIMAL,105.1729,3,0,0,0,3,0.0,0.0,0.0,105.1729,120,5.0,2.0,1.0
010_R104,10,R,3,7,OPTIMAL,31.475,3,0,0,0,3,0.0,0.0,0.0,31.475,120,5.0,2.0,1.0
010_R104,10,R,3,8,OPTIMAL,16.7296,3,0,0,0,3,0.0,0.0,0.0,16.7296,120,5.0,2.0,1.0
010_R104,10,R,3,9,OPTIMAL,3.5121,3,0,0,0,3,0.0,0.0,0.0,3.5121,120,5.0,2.0,1.0
010_R105,10,R,1,0,OPTIMAL,28.6454,1,0,0,0,1,0.0,0.0,0.0,28.6454,120,5.0,2.0,1.0
010_R105,10,R,1,1,OPTIMAL,5.4693,1,0,0,0,1,0.0,0.0,0.0,5.4693,120,5.0,2.0,1.0
010_R105,10,R,1,2,OPTIMAL,0.4673,1,0,0,0,1,0.0,0.0,0.0,0.4673,120,5.0,2.0,1.0
010_R105,10,R,1,3,OPTIMAL,4.6255,1,0,0,0,1,0.0,0.0,0.0,4.6255,120,5.0,2.0,1.0
010_R105,10,R,1,4,OPTIMAL,4.4447,1,0,0,0,1,0.0,0.0,0.0,4.4447,120,5.0,2.0,1.0
010_R105,10,R,1,5,OPTIMAL,3.8621,1,0,0,0,1,0.0,0.0,0.0,3.8621,120,5.0,2.0,1.0
010_R105,10,R,1,6,OPTIMAL,11.3323,1,0,0,0,1,0.0,0.0,0.0,11.3323,120,5.0,2.0,1.0
010_R105,10,R,1,7,OPTIMAL,4.4326,1,0,0,0,1,0.0,0.0,0.0,4.4326,120,5.0,2.0,1.0
010_R105,10,R,1,8,OPTIMAL,54.1008,1,0,0,0,1,0.0,0.0,0.0,54.1008,120,5.0,2.0,1.0
010_R105,10,R,1,9,OPTIMAL,1.0304,1,0,0,0,1,0.0,0.0,0.0,1.0304,120,5.0,2.0,1.0
010_R105,10,R,2,0,OPTIMAL,71.1208,2,0,0,0,2,0.0,0.0,0.0,71.1208,120,5.0,2.0,1.0
010_R105,10,R,2,1,OPTIMAL,12.8428,2,0,0,0,2,0.0,0.0,0.0,12.8428,120,5.0,2.0,1.0
010_R105,10,R,2,2,OPTIMAL,15.0454,2,0,0,0,2,0.0,0.0,0.0,15.0454,120,5.0,2.0,1.0
010_R105,10,R,2,3,OPTIMAL,23.7787,2,0,0,0,2,0.0,0.0,0.0,23.7787,120,5.0,2.0,1.0
010_R105,10,R,2,4,OPTIMAL,59.5125,2,0,0,0,2,0.0,0.0,0.0,59.5125,120,5.0,2.0,1.0
010_R105,10,R,2,5,OPTIMAL,9.7562,2,0,0,0,2,0.0,0.0,0.0,9.7562,120,5.0,2.0,1.0
010_R105,10,R,2,6,OPTIMAL,12.2088,2,0,0,0,2,0.0,0.0,0.0,12.2088,120,5.0,2.0,1.0
010_R105,10,R,2,7,OPTIMAL,10.1067,2,0,0,0,2,0.0,0.0,0.0,10.1067,120,5.0,2.0,1.0
010_R105,10,R,2,8,OPTIMAL,7.7232,2,0,0,0,2,0.0,0.0,0.0,7.7232,120,5.0,2.0,1.0
010_R105,10,R,2,9,OPTIMAL,3.0756,2,0,0,0,2,0.0,0.0,0.0,3.0756,120,5.0,2.0,1.0
010_R105,10,R,3,0,OPTIMAL,10.191,3,0,0,0,3,0.0,0.0,0.0,10.191,120,5.0,2.0,1.0
010_R105,10,R,3,1,OPTIMAL,17.9105,3,0,0,0,3,0.0,0.0,0.0,17.9105,120,5.0,2.0,1.0
010_R105,10,R,3,2,OPTIMAL,8.7672,3,0,0,0,3,0.0,0.0,0.0,8.7672,120,5.0,2.0,1.0
010_R105,10,R,3,3,OPTIMAL,37.2269,3,0,0,0,3,0.0,0.0,0.0,37.2269,120,5.0,2.0,1.0
010_R105,10,R,3,4,OPTIMAL,84.169,3,0,0,0,3,0.0,0.0,0.0,84.169,120,5.0,2.0,1.0
010_R105,10,R,3,5,OPTIMAL,5.8026,3,0,0,0,3,0.0,0.0,0.0,5.8026,120,5.0,2.0,1.0
010_R105,10,R,3,6,OPTIMAL,70.3444,3,0,0,0,3,0.0,0.0,0.0,70.3444,120,5.0,2.0,1.0
010_R105,10,R,3,7,OPTIMAL,26.969,3,0,0,0,3,0.0,0.0,0.0,26.969,120,5.0,2.0,1.0
010_R105,10,R,3,8,OPTIMAL,19.6987,3,0,0,0,3,0.0,0.0,0.0,19.6987,120,5.0,2.0,1.0
010_R105,10,R,3,9,OPTIMAL,6.4639,3,0,0,0,3,0.0,0.0,0.0,6.4639,120,5.0,2.0,1.0
010_R106,10,R,1,0,OPTIMAL,28.6454,1,0,0,0,1,0.0,0.0,0.0,28.6454,120,5.0,2.0,1.0
010_R106,10,R,1,1,OPTIMAL,6.6824,1,0,0,0,1,0.0,0.0,0.0,6.6824,120,5.0,2.0,1.0
010_R106,10,R,1,2,OPTIMAL,0.4673,1,0,0,0,1,0.0,0.0,0.0,0.4673,120,5.0,2.0,1.0
010_R106,10,R,1,3,OPTIMAL,8.6434,1,0,0,0,1,0.0,0.0,0.0,8.6434,120,5.0,2.0,1.0
010_R106,10,R,1,4,OPTIMAL,1.8976,1,0,0,0,1,0.0,0.0,0.0,1.8976,120,5.0,2.0,1.0
010_R106,10,R,1,5,OPTIMAL,2.8776,1,0,0,0,1,0.0,0.0,0.0,2.8776,120,5.0,2.0,1.0
010_R106,10,R,1,6,OPTIMAL,11.3323,1,0,0,0,1,0.0,0.0,0.0,11.3323,120,5.0,2.0,1.0
010_R106,10,R,1,7,OPTIMAL,10.3099,1,0,0,0,1,0.0,0.0,0.0,10.3099,120,5.0,2.0,1.0
010_R106,10,R,1,8,OPTIMAL,32.3684,1,0,0,0,1,0.0,0.0,0.0,32.3684,120,5.0,2.0,1.0
010_R106,10,R,1,9,OPTIMAL,1.0304,1,0,0,0,1,0.0,0.0,0.0,1.0304,120,5.0,2.0,1.0
010_R106,10,R,2,0,OPTIMAL,76.3133,2,0,0,0,2,0.0,0.0,0.0,76.3133,120,5.0,2.0,1.0
010_R106,10,R,2,1,OPTIMAL,12.3251,2,0,0,0,2,0.0,0.0,0.0,12.3251,120,5.0,2.0,1.0
010_R106,10,R,2,2,OPTIMAL,15.0454,2,0,0,0,2,0.0,0.0,0.0,15.0454,120,5.0,2.0,1.0
010_R106,10,R,2,3,OPTIMAL,25.6283,2,0,0,0,2,0.0,0.0,0.0,25.6283,120,5.0,2.0,1.0
010_R106,10,R,2,4,OPTIMAL,40.6976,2,0,0,0,2,0.0,0.0,6.2556,34.442,120,5.0,2.0,1.0
010_R106,10,R,2,5,OPTIMAL,3.5987,2,0,0,0,2,0.0,0.0,0.0,3.5987,120,5.0,2.0,1.0
010_R106,10,R,2,6,OPTIMAL,12.2088,2,0,0,0,2,0.0,0.0,0.0,12.2088,120,5.0,2.0,1.0
010_R106,10,R,2,7,OPTIMAL,8.3749,2,0,0,0,2,0.0,0.0,0.0,8.3749,120,5.0,2.0,1.0
010_R106,10,R,2,8,OPTIMAL,27.1234,2,0,0,0,2,0.0,0.0,0.0,27.1234,120,5.0,2.0,1.0
010_R106,10,R,2,9,OPTIMAL,7.0864,2,0,0,0,2,0.0,0.0,0.0,7.0864,120,5.0,2.0,1.0
010_R106,10,R,3,0,OPTIMAL,10.2452,3,0,0,0,3,0.0,0.0,0.0,10.2452,120,5.0,2.0,1.0
010_R106,10,R,3,1,OPTIMAL,22.9906,3,0,0,0,3,0.0,0.0,0.0,22.9906,120,5.0,2.0,1.0
010_R106,10,R,3,2,OPTIMAL,23.1978,3,0,0,0,3,0.0,0.0,0.0,23.1978,120,5.0,2.0,1.0
010_R106,10,R,3,3,OPTIMAL,37.2269,3,0,0,0,3,0.0,0.0,0.0,37.2269,120,5.0,2.0,1.0
010_R106,10,R,3,4,OPTIMAL,33.4265,3,0,0,0,3,0.0,0.0,0.0,33.4265,120,5.0,2.0,1.0
010_R106,10,R,3,5,OPTIMAL,32.0613,3,0,0,0,3,0.0,0.0,0.0,32.0613,120,5.0,2.0,1.0
010_R106,10,R,3,6,OPTIMAL,54.8226,3,0,0,0,3,0.0,0.0,0.0,54.8226,120,5.0,2.0,1.0
010_R106,10,R,3,7,OPTIMAL,25.4216,3,0,0,0,3,0.0,0.0,0.0,25.4216,120,5.0,2.0,1.0
010_R106,10,R,3,8,OPTIMAL,22.6202,3,0,0,0,3,0.0,0.0,0.0,22.6202,120,5.0,2.0,1.0
010_R106,10,R,3,9,OPTIMAL,3.214,3,0,0,0,3,0.0,0.0,0.0,3.214,120,5.0,2.0,1.0
010_R107,10,R,1,0,OPTIMAL,28.6454,1,0,0,0,1,0.0,0.0,0.0,28.6454,120,5.0,2.0,1.0
010_R107,10,R,1,1,OPTIMAL,6.6824,1,0,0,0,1,0.0,0.0,0.0,6.6824,120,5.0,2.0,1.0
010_R107,10,R,1,2,OPTIMAL,0.4673,1,0,0,0,1,0.0,0.0,0.0,0.4673,120,5.0,2.0,1.0
010_R107,10,R,1,3,OPTIMAL,8.6434,1,0,0,0,1,0.0,0.0,0.0,8.6434,120,5.0,2.0,1.0
010_R107,10,R,1,4,OPTIMAL,1.8976,1,0,0,0,1,0.0,0.0,0.0,1.8976,120,5.0,2.0,1.0
010_R107,10,R,1,5,OPTIMAL,2.8776,1,0,0,0,1,0.0,0.0,0.0,2.8776,120,5.0,2.0,1.0
010_R107,10,R,1,6,OPTIMAL,11.3323,1,0,0,0,1,0.0,0.0,0.0,11.3323,120,5.0,2.0,1.0
010_R107,10,R,1,7,OPTIMAL,10.3099,1,0,0,0,1,0.0,0.0,0.0,10.3099,120,5.0,2.0,1.0
010_R107,10,R,1,8,OPTIMAL,32.3684,1,0,0,0,1,0.0,0.0,0.0,32.3684,120,5.0,2.0,1.0
010_R107,10,R,1,9,OPTIMAL,1.0304,1,0,0,0,1,0.0,0.0,0.0,1.0304,120,5.0,2.0,1.0
010_R107,10,R,2,0,OPTIMAL,76.3133,2,0,0,0,2,0.0,0.0,0.0,76.3133,120,5.0,2.0,1.0
010_R107,10,R,2,1,OPTIMAL,12.3251,2,0,0,0,2,0.0,0.0,0.0,12.3251,120,5.0,2.0,1.0
010_R107,10,R,2,2,OPTIMAL,15.0454,2,0,0,0,2,0.0,0.0,0.0,15.0454,120,5.0,2.0,1.0
010_R107,10,R,2,3,OPTIMAL,25.6283,2,0,0,0,2,0.0,0.0,0.0,25.6283,120,5.0,2.0,1.0
010_R107,10,R,2,4,OPTIMAL,40.6976,2,0,0,0,2,0.0,0.0,6.2556,34.442,120,5.0,2.0,1.0
010_R107,10,R,2,5,OPTIMAL,3.5987,2,0,0,0,2,0.0,0.0,0.0,3.5987,120,5.0,2.0,1.0
010_R107,10,R,2,6,OPTIMAL,12.2088,2,0,0,0,2,0.0,0.0,0.0,12.2088,120,5.0,2.0,1.0
010_R107,10,R,2,7,OPTIMAL,8.3749,2,0,0,0,2,0.0,0.0,0.0,8.3749,120,5.0,2.0,1.0
010_R107,10,R,2,8,OPTIMAL,27.1234,2,0,0,0,2,0.0,0.0,0.0,27.1234,120,5.0,2.0,1.0
010_R107,10,R,2,9,OPTIMAL,7.0864,2,0,0,0,2,0.0,0.0,0.0,7.0864,120,5.0,2.0,1.0
010_R107,10,R,3,0,OPTIMAL,10.2452,3,0,0,0,3,0.0,0.0,0.0,10.2452,120,5.0,2.0,1.0
010_R107,10,R,3,1,OPTIMAL,22.9906,3,0,0,0,3,0.0,0.0,0.0,22.9906,120,5.0,2.0,1.0
010_R107,10,R,3,2,OPTIMAL,23.1978,3,0,0,0,3,0.0,0.0,0.0,23.1978,120,5.0,2.0,1.0
010_R107,10,R,3,3,OPTIMAL,37.2269,3,0,0,0,3,0.0,0.0,0.0,37.2269,120,5.0,2.0,1.0
010_R107,10,R,3,4,OPTIMAL,33.4265,3,0,0,0,3,0.0,0.0,0.0,33.4265,120,5.0,2.0,1.0
010_R107,10,R,3,5,OPTIMAL,32.0613,3,0,0,0,3,0.0,0.0,0.0,32.0613,120,5.0,2.0,1.0
010_R107,10,R,3,6,OPTIMAL,54.8226,3,0,0,0,3,0.0,0.0,0.0,54.8226,120,5.0,2.0,1.0
010_R107,10,R,3,7,OPTIMAL,25.4216,3,0,0,0,3,0.0,0.0,0.0,25.4216,120,5.0,2.0,1.0
010_R107,10,R,3,8,OPTIMAL,22.6202,3,0,0,0,3,0.0,0.0,0.0,22.6202,120,5.0,2.0,1.0
010_R107,10,R,3,9,OPTIMAL,3.214,3,0,0,0,3,0.0,0.0,0.0,3.214,120,5.0,2.0,1.0
010_R108,10,R,1,0,OPTIMAL,36.7292,1,0,0,0,1,0.0,0.0,0.0,36.7292,120,5.0,2.0,1.0
010_R108,10,R,1,1,OPTIMAL,27.3726,1,0,0,0,1,0.0,0.0,0.0,27.3726,120,5.0,2.0,1.0
010_R108,10,R,1,2,OPTIMAL,7.2445,1,0,0,0,1,0.0,0.0,0.0,7.2445,120,5.0,2.0,1.0
010_R108,10,R,1,3,OPTIMAL,24.0169,1,0,0,0,1,0.0,0.0,0.0,24.0169,120,5.0,2.0,1.0
010_R108,10,R,1,4,OPTIMAL,1.8976,1,0,0,0,1,0.0,0.0,0.0,1.8976,120,5.0,2.0,1.0
010_R108,10,R,1,5,OPTIMAL,2.8776,1,0,0,0,1,0.0,0.0,0.0,2.8776,120,5.0,2.0,1.0
010_R108,10,R,1,6,OPTIMAL,11.3323,1,0,0,0,1,0.0,0.0,0.0,11.3323,120,5.0,2.0,1.0
010_R108,10,R,1,7,OPTIMAL,10.3099,1,0,0,0,1,0.0,0.0,0.0,10.3099,120,5.0,2.0,1.0
010_R108,10,R,1,8,OPTIMAL,32.3684,1,0,0,0,1,0.0,0.0,0.0,32.3684,120,5.0,2.0,1.0
010_R108,10,R,1,9,OPTIMAL,3.8785,1,0,0,0,1,0.0,0.0,0.0,3.8785,120,5.0,2.0,1.0
010_R108,10,R,2,0,OPTIMAL,280.1741,2,1,0,1,1,0.5,227.9166,0.0,52.2575,120,5.0,2.0,1.0
010_R108,10,R,2,1,OPTIMAL,12.3251,2,0,0,0,2,0.0,0.0,0.0,12.3251,120,5.0,2.0,1.0
010_R108,10,R,2,2,OPTIMAL,15.0454,2,0,0,0,2,0.0,0.0,0.0,15.0454,120,5.0,2.0,1.0
010_R108,10,R,2,3,OPTIMAL,29.02,2,0,0,0,2,0.0,0.0,0.0,29.02,120,5.0,2.0,1.0
010_R108,10,R,2,4,OPTIMAL,40.6976,2,0,0,0,2,0.0,0.0,6.2556,34.442,120,5.0,2.0,1.0
010_R108,10,R,2,5,OPTIMAL,3.5987,2,0,0,0,2,0.0,0.0,0.0,3.5987,120,5.0,2.0,1.0
010_R108,10,R,2,6,OPTIMAL,12.2643,2,0,0,0,2,0.0,0.0,0.0,12.2643,120,5.0,2.0,1.0
010_R108,10,R,2,7,OPTIMAL,9.2394,2,0,0,0,2,0.0,0.0,0.0,9.2394,120,5.0,2.0,1.0
010_R108,10,R,2,8,OPTIMAL,60.7873,2,0,0,0,2,0.0,0.0,0.0,60.7873,120,5.0,2.0,1.0
010_R108,10,R,2,9,OPTIMAL,24.5598,2,0,0,0,2,0.0,0.0,0.0,24.5598,120,5.0,2.0,1.0
010_R108,10,R,3,0,OPTIMAL,12.6007,3,0,0,0,3,0.0,0.0,0.0,12.6007,120,5.0,2.0,1.0
010_R108,10,R,3,1,OPTIMAL,22.9906,3,0,0,0,3,0.0,0.0,0.0,22.9906,120,5.0,2.0,1.0
010_R108,10,R,3,2,OPTIMAL,260.2988,3,1,0,1,2,0.3333,212.9934,0.0,47.3054,120,5.0,2.0,1.0
010_R108,10,R,3,3,OPTIMAL,57.5469,3,0,0,0,3,0.0,0.0,0.0,57.5469,120,5.0,2.0,1.0
010_R108,10,R,3,4,OPTIMAL,64.48,3,0,0,0,3,0.0,0.0,0.0,64.48,120,5.0,2.0,1.0
010_R108,10,R,3,5,OPTIMAL,37.374,3,0,0,0,3,0.0,0.0,0.0,37.374,120,5.0,2.0,1.0
010_R108,10,R,3,6,OPTIMAL,54.8226,3,0,0,0,3,0.0,0.0,0.0,54.8226,120,5.0,2.0,1.0
010_R108,10,R,3,7,OPTIMAL,47.1735,3,0,0,0,3,0.0,0.0,0.0,47.1735,120,5.0,2.0,1.0
010_R108,10,R,3,8,OPTIMAL,22.899,3,0,0,0,3,0.0,0.0,0.0,22.899,120,5.0,2.0,1.0
010_R108,10,R,3,9,OPTIMAL,3.5121,3,0,0,0,3,0.0,0.0,0.0,3.5121,120,5.0,2.0,1.0
010_R109,10,R,1,0,OPTIMAL,205.7171,1,1,0,1,0,1.0,205.7171,0.0,0.0,120,5.0,2.0,1.0
010_R109,10,R,1,1,OPTIMAL,179.4312,1,1,0,1,0,1.0,179.4312,0.0,0.0,120,5.0,2.0,1.0
010_R109,10,R,1,2,OPTIMAL,0.4673,1,0,0,0,1,0.0,0.0,0.0,0.4673,120,5.0,2.0,1.0
010_R109,10,R,1,3,OPTIMAL,171.2162,1,1,0,1,0,1.0,171.2162,0.0,0.0,120,5.0,2.0,1.0
010_R109,10,R,1,4,OPTIMAL,327.9757,1,1,0,1,0,1.0,327.9757,0.0,0.0,120,5.0,2.0,1.0
010_R109,10,R,1,5,OPTIMAL,167.0955,1,1,0,1,0,1.0,167.0955,0.0,0.0,120,5.0,2.0,1.0
010_R109,10,R,1,6,OPTIMAL,229.4917,1,1,0,1,0,1.0,229.4917,0.0,0.0,120,5.0,2.0,1.0
010_R109,10,R,1,7,OPTIMAL,6.5305,1,0,0,0,1,0.0,0.0,0.0,6.5305,120,5.0,2.0,1.0
010_R109,10,R,1,8,OPTIMAL,257.1994,1,1,0,1,0,1.0,257.1994,0.0,0.0,120,5.0,2.0,1.0
010_R109,10,R,1,9,OPTIMAL,1.0304,1,0,0,0,1,0.0,0.0,0.0,1.0304,120,5.0,2.0,1.0
010_R109,10,R,2,0,OPTIMAL,573.7586,2,2,0,2,0,1.0,573.7586,0.0,0.0,120,5.0,2.0,1.0
010_R109,10,R,2,1,OPTIMAL,229.1911,2,1,0,1,1,0.5,213.0711,0.0,16.12,120,5.0,2.0,1.0
010_R109,10,R,2,2,OPTIMAL,441.0426,2,2,0,2,0,1.0,441.0426,0.0,0.0,120,5.0,2.0,1.0
010_R109,10,R,2,3,OPTIMAL,173.6664,2,1,0,1,1,0.5,164.0254,0.0,9.641,120,5.0,2.0,1.0
010_R109,10,R,2,4,OPTIMAL,578.9582,2,2,0,2,0,1.0,578.9582,0.0,0.0,120,5.0,2.0,1.0
010_R109,10,R,2,5,OPTIMAL,562.0642,2,2,0,2,0,1.0,562.0642,0.0,0.0,120,5.0,2.0,1.0
010_R109,10,R,2,6,OPTIMAL,7.5077,2,0,0,0,2,0.0,0.0,0.0,7.5077,120,5.0,2.0,1.0
010_R109,10,R,2,7,OPTIMAL,141.772,2,1,0,1,1,0.5,136.2104,0.0,5.5616,120,5.0,2.0,1.0
010_R109,10,R,2,8,OPTIMAL,141.1214,2,1,0,1,1,0.5,137.261,0.0,3.8604,120,5.0,2.0,1.0
010_R109,10,R,2,9,OPTIMAL,461.1227,2,2,0,2,0,1.0,461.1227,0.0,0.0,120,5.0,2.0,1.0
010_R109,10,R,3,0,OPTIMAL,331.7353,3,1,0,1,2,0.3333,325.5298,0.0,6.2055,120,5.0,2.0,1.0
010_R109,10,R,3,1,OPTIMAL,553.8527,3,2,0,2,1,0.6667,544.7807,0.0,9.072,120,5.0,2.0,1.0
010_R109,10,R,3,2,OPTIMAL,781.0134,3,3,0,3,0,1.0,781.0134,0.0,0.0,120,5.0,2.0,1.0
010_R109,10,R,3,3,OPTIMAL,510.6954,3,2,0,2,1,0.6667,508.3953,0.0,2.3001,120,5.0,2.0,1.0
010_R109,10,R,3,4,OPTIMAL,418.5673,3,2,0,2,1,0.6667,388.3909,0.0,30.1764,120,5.0,2.0,1.0
010_R109,10,R,3,5,OPTIMAL,487.6691,3,2,0,2,1,0.6667,482.1526,0.0,5.5164,120,5.0,2.0,1.0
010_R109,10,R,3,6,OPTIMAL,423.5827,3,2,0,2,1,0.6667,417.183,0.0,6.3997,120,5.0,2.0,1.0
010_R109,10,R,3,7,OPTIMAL,338.3397,3,2,0,2,1,0.6667,331.2382,0.0,7.1014,120,5.0,2.0,1.0
010_R109,10,R,3,8,OPTIMAL,459.3463,3,2,0,2,1,0.6667,459.0675,0.0,0.2788,120,5.0,2.0,1.0
010_R109,10,R,3,9,OPTIMAL,176.715,3,1,0,1,2,0.3333,175.3232,0.0,1.3918,120,5.0,2.0,1.0
010_R110,10,R,1,0,OPTIMAL,205.7171,1,1,0,1,0,1.0,205.7171,0.0,0.0,120,5.0,2.0,1.0
010_R110,10,R,1,1,OPTIMAL,179.4312,1,1,0,1,0,1.0,179.4312,0.0,0.0,120,5.0,2.0,1.0
010_R110,10,R,1,2,OPTIMAL,19.9371,1,0,0,0,1,0.0,0.0,0.0,19.9371,120,5.0,2.0,1.0
010_R110,10,R,1,3,OPTIMAL,171.2162,1,1,0,1,0,1.0,171.2162,0.0,0.0,120,5.0,2.0,1.0
010_R110,10,R,1,4,OPTIMAL,327.9757,1,1,0,1,0,1.0,327.9757,0.0,0.0,120,5.0,2.0,1.0
010_R110,10,R,1,5,OPTIMAL,167.0955,1,1,0,1,0,1.0,167.0955,0.0,0.0,120,5.0,2.0,1.0
010_R110,10,R,1,6,OPTIMAL,229.4917,1,1,0,1,0,1.0,229.4917,0.0,0.0,120,5.0,2.0,1.0
010_R110,10,R,1,7,OPTIMAL,4.4326,1,0,0,0,1,0.0,0.0,0.0,4.4326,120,5.0,2.0,1.0
010_R110,10,R,1,8,OPTIMAL,3.0006,1,0,0,0,1,0.0,0.0,0.0,3.0006,120,5.0,2.0,1.0
010_R110,10,R,1,9,OPTIMAL,1.0304,1,0,0,0,1,0.0,0.0,0.0,1.0304,120,5.0,2.0,1.0
010_R110,10,R,2,0,OPTIMAL,573.7586,2,2,0,2,0,1.0,573.7586,0.0,0.0,120,5.0,2.0,1.0
010_R110,10,R,2,1,OPTIMAL,234.4115,2,1,0,1,1,0.5,213.0711,0.0,21.3404,120,5.0,2.0,1.0
010_R110,10,R,2,2,OPTIMAL,441.0426,2,2,0,2,0,1.0,441.0426,0.0,0.0,120,5.0,2.0,1.0
010_R110,10,R,2,3,OPTIMAL,175.3149,2,1,0,1,1,0.5,164.0254,0.0,11.2896,120,5.0,2.0,1.0
010_R110,10,R,2,4,OPTIMAL,324.1786,2,1,0,1,1,0.5,322.1408,0.0,2.0378,120,5.0,2.0,1.0
010_R110,10,R,2,5,OPTIMAL,320.8968,2,1,0,1,1,0.5,319.9751,0.0,0.9217,120,5.0,2.0,1.0
010_R110,10,R,2,6,OPTIMAL,38.3065,2,0,0,0,2,0.0,0.0,0.0,38.3065,120,5.0,2.0,1.0
010_R110,10,R,2,7,OPTIMAL,27.8427,2,0,0,0,2,0.0,0.0,0.0,27.8427,120,5.0,2.0,1.0
010_R110,10,R,2,8,OPTIMAL,22.255,2,0,0,0,2,0.0,0.0,0.0,22.255,120,5.0,2.0,1.0
010_R110,10,R,2,9,OPTIMAL,50.5772,2,0,0,0,2,0.0,0.0,0.0,50.5772,120,5.0,2.0,1.0
010_R110,10,R,3,0,OPTIMAL,335.5854,3,1,0,1,2,0.3333,325.5298,0.0,10.0556,120,5.0,2.0,1.0
010_R110,10,R,3,1,OPTIMAL,552.449,3,2,0,2,1,0.6667,530.6478,0.0,21.8013,120,5.0,2.0,1.0
010_R110,10,R,3,2,OPTIMAL,567.1628,3,2,0,2,1,0.6667,533.8586,0.0,33.3042,120,5.0,2.0,1.0
010_R110,10,R,3,3,OPTIMAL,510.6954,3,2,0,2,1,0.6667,508.3953,0.0,2.3001,120,5.0,2.0,1.0
010_R110,10,R,3,4,OPTIMAL,389.115,3,2,0,2,1,0.6667,388.3909,0.0,0.7241,120,5.0,2.0,1.0
010_R110,10,R,3,5,OPTIMAL,482.1822,3,2,0,2,1,0.6667,482.1526,0.0,0.0296,120,5.0,2.0,1.0
010_R110,10,R,3,6,OPTIMAL,229.6887,3,1,0,1,2,0.3333,195.0212,0.0,34.6675,120,5.0,2.0,1.0
010_R110,10,R,3,7,OPTIMAL,45.7969,3,0,0,0,3,0.0,0.0,0.0,45.7969,120,5.0,2.0,1.0
010_R110,10,R,3,8,OPTIMAL,243.3691,3,1,0,1,2,0.3333,219.1965,0.0,24.1726,120,5.0,2.0,1.0
010_R110,10,R,3,9,OPTIMAL,28.2737,3,0,0,0,3,0.0,0.0,0.0,28.2737,120,5.0,2.0,1.0
010_R111,10,R,1,0,OPTIMAL,28.6454,1,0,0,0,1,0.0,0.0,0.0,28.6454,120,5.0,2.0,1.0
010_R111,10,R,1,1,OPTIMAL,6.6824,1,0,0,0,1,0.0,0.0,0.0,6.6824,120,5.0,2.0,1.0
010_R111,10,R,1,2,OPTIMAL,0.4673,1,0,0,0,1,0.0,0.0,0.0,0.4673,120,5.0,2.0,1.0
010_R111,10,R,1,3,OPTIMAL,8.6434,1,0,0,0,1,0.0,0.0,0.0,8.6434,120,5.0,2.0,1.0
010_R111,10,R,1,4,OPTIMAL,1.8976,1,0,0,0,1,0.0,0.0,0.0,1.8976,120,5.0,2.0,1.0
010_R111,10,R,1,5,OPTIMAL,2.8776,1,0,0,0,1,0.0,0.0,0.0,2.8776,120,5.0,2.0,1.0
010_R111,10,R,1,6,OPTIMAL,7.0417,1,0,0,0,1,0.0,0.0,0.0,7.0417,120,5.0,2.0,1.0
010_R111,10,R,1,7,OPTIMAL,6.5305,1,0,0,0,1,0.0,0.0,0.0,6.5305,120,5.0,2.0,1.0
010_R111,10,R,1,8,OPTIMAL,32.3684,1,0,0,0,1,0.0,0.0,0.0,32.3684,120,5.0,2.0,1.0
010_R111,10,R,1,9,OPTIMAL,1.0304,1,0,0,0,1,0.0,0.0,0.0,1.0304,120,5.0,2.0,1.0
010_R111,10,R,2,0,OPTIMAL,280.1741,2,1,0,1,1,0.5,227.9166,0.0,52.2575,120,5.0,2.0,1.0
010_R111,10,R,2,1,OPTIMAL,8.5507,2,0,0,0,2,0.0,0.0,0.0,8.5507,120,5.0,2.0,1.0
010_R111,10,R,2,2,OPTIMAL,15.0454,2,0,0,0,2,0.0,0.0,0.0,15.0454,120,5.0,2.0,1.0
010_R111,10,R,2,3,OPTIMAL,22.1302,2,0,0,0,2,0.0,0.0,0.0,22.1302,120,5.0,2.0,1.0
010_R111,10,R,2,4,OPTIMAL,46.6976,2,0,0,0,2,0.0,0.0,12.2556,34.442,120,5.0,2.0,1.0
010_R111,10,R,2,5,OPTIMAL,3.5987,2,0,0,0,2,0.0,0.0,0.0,3.5987,120,5.0,2.0,1.0
010_R111,10,R,2,6,OPTIMAL,7.5077,2,0,0,0,2,0.0,0.0,0.0,7.5077,120,5.0,2.0,1.0
010_R111,10,R,2,7,OPTIMAL,6.429,2,0,0,0,2,0.0,0.0,0.0,6.429,120,5.0,2.0,1.0
010_R111,10,R,2,8,OPTIMAL,28.2294,2,0,0,0,2,0.0,0.0,0.0,28.2294,120,5.0,2.0,1.0
010_R111,10,R,2,9,OPTIMAL,1.7989,2,0,0,0,2,0.0,0.0,0.0,1.7989,120,5.0,2.0,1.0
010_R111,10,R,3,0,OPTIMAL,9.1464,3,0,0,0,3,0.0,0.0,0.0,9.1464,120,5.0,2.0,1.0
010_R111,10,R,3,1,OPTIMAL,11.3567,3,0,0,0,3,0.0,0.0,0.0,11.3567,120,5.0,2.0,1.0
010_R111,10,R,3,2,OPTIMAL,23.1978,3,0,0,0,3,0.0,0.0,0.0,23.1978,120,5.0,2.0,1.0
010_R111,10,R,3,3,OPTIMAL,53.7757,3,0,0,0,3,0.0,0.0,0.0,53.7757,120,5.0,2.0,1.0
010_R111,10,R,3,4,OPTIMAL,56.3713,3,0,0,0,3,0.0,0.0,0.0,56.3713,120,5.0,2.0,1.0
010_R111,10,R,3,5,OPTIMAL,29.2961,3,0,0,0,3,0.0,0.0,0.0,29.2961,120,5.0,2.0,1.0
010_R111,10,R,3,6,OPTIMAL,51.1741,3,0,0,0,3,0.0,0.0,0.0,51.1741,120,5.0,2.0,1.0
010_R111,10,R,3,7,OPTIMAL,25.9207,3,0,0,0,3,0.0,0.0,0.0,25.9207,120,5.0,2.0,1.0
010_R111,10,R,3,8,OPTIMAL,16.4508,3,0,0,0,3,0.0,0.0,0.0,16.4508,120,5.0,2.0,1.0
010_R111,10,R,3,9,OPTIMAL,3.214,3,0,0,0,3,0.0,0.0,0.0,3.214,120,5.0,2.0,1.0
010_R112,10,R,1,0,OPTIMAL,205.7171,1,1,1,0,0,1.0,205.7171,0.0,0.0,120,5.0,2.0,1.0
010_R112,10,R,1,1,OPTIMAL,179.4312,1,1,1,0,0,1.0,179.4312,0.0,0.0,120,5.0,2.0,1.0
010_R112,10,R,1,2,OPTIMAL,14.3526,1,0,0,0,1,0.0,0.0,0.0,14.3526,120,5.0,2.0,1.0
010_R112,10,R,1,3,OPTIMAL,171.2162,1,1,1,0,0,1.0,171.2162,0.0,0.0,120,5.0,2.0,1.0
010_R112,10,R,1,4,OPTIMAL,26.5436,1,0,0,0,1,0.0,0.0,0.0,26.5436,120,5.0,2.0,1.0
010_R112,10,R,1,5,OPTIMAL,167.0955,1,1,1,0,0,1.0,167.0955,0.0,0.0,120,5.0,2.0,1.0
010_R112,10,R,1,6,OPTIMAL,13.3736,1,0,0,0,1,0.0,0.0,0.0,13.3736,120,5.0,2.0,1.0
010_R112,10,R,1,7,OPTIMAL,11.9123,1,0,0,0,1,0.0,0.0,0.0,11.9123,120,5.0,2.0,1.0
010_R112,10,R,1,8,OPTIMAL,3.0006,1,0,0,0,1,0.0,0.0,0.0,3.0006,120,5.0,2.0,1.0
010_R112,10,R,1,9,OPTIMAL,2.0609,1,0,0,0,1,0.0,0.0,0.0,2.0609,120,5.0,2.0,1.0
010_R112,10,R,2,0,OPTIMAL,573.7586,2,2,2,0,0,1.0,573.7586,0.0,0.0,120,5.0,2.0,1.0
010_R112,10,R,2,1,OPTIMAL,11.8607,2,0,0,0,2,0.0,0.0,0.0,11.8607,120,5.0,2.0,1.0
010_R112,10,R,2,2,OPTIMAL,55.4053,2,0,0,0,2,0.0,0.0,0.0,55.4053,120,5.0,2.0,1.0
010_R112,10,R,2,3,OPTIMAL,64.5675,2,0,0,0,2,0.0,0.0,0.0,64.5675,120,5.0,2.0,1.0
010_R112,10,R,2,4,OPTIMAL,27.7371,2,0,0,0,2,0.0,0.0,0.0,27.7371,120,5.0,2.0,1.0
010_R112,10,R,2,5,OPTIMAL,27.2807,2,0,0,0,2,0.0,0.0,0.0,27.2807,120,5.0,2.0,1.0
010_R112,10,R,2,6,OPTIMAL,27.8722,2,0,0,0,2,0.0,0.0,0.0,27.8722,120,5.0,2.0,1.0
010_R112,10,R,2,7,OPTIMAL,5.563,2,0,0,0,2,0.0,0.0,0.0,5.563,120,5.0,2.0,1.0
010_R112,10,R,2,8,OPTIMAL,15.262,2,0,0,0,2,0.0,0.0,0.0,15.262,120,5.0,2.0,1.0
010_R112,10,R,2,9,OPTIMAL,1.7989,2,0,0,0,2,0.0,0.0,0.0,1.7989,120,5.0,2.0,1.0
010_R112,10,R,3,0,OPTIMAL,9.1464,3,0,0,0,3,0.0,0.0,0.0,9.1464,120,5.0,2.0,1.0
010_R112,10,R,3,1,OPTIMAL,31.8054,3,0,0,0,3,0.0,0.0,0.0,31.8054,120,5.0,2.0,1.0
010_R112,10,R,3,2,OPTIMAL,54.5906,3,0,0,0,3,0.0,0.0,0.0,54.5906,120,5.0,2.0,1.0
010_R112,10,R,3,3,OPTIMAL,327.1122,3,1,1,0,2,0.3333,315.0568,0.0,12.0555,120,5.0,2.0,1.0
010_R112,10,R,3,4,OPTIMAL,124.6681,3,1,1,0,2,0.3333,119.6558,0.0,5.0123,120,5.0,2.0,1.0
010_R112,10,R,3,5,OPTIMAL,215.8774,3,1,1,0,2,0.3333,211.4173,0.0,4.4601,120,5.0,2.0,1.0
010_R112,10,R,3,6,OPTIMAL,45.0722,3,0,0,0,3,0.0,0.0,0.0,45.0722,120,5.0,2.0,1.0
010_R112,10,R,3,7,OPTIMAL,12.2072,3,0,0,0,3,0.0,0.0,0.0,12.2072,120,5.0,2.0,1.0
010_R112,10,R,3,8,OPTIMAL,34.1857,3,0,0,0,3,0.0,0.0,0.0,34.1857,120,5.0,2.0,1.0
010_R112,10,R,3,9,OPTIMAL,6.1214,3,0,0,0,3,0.0,0.0,0.0,6.1214,120,5.0,2.0,1.0
010_R201,10,R,1,0,OPTIMAL,205.7171,1,1,1,0,0,1.0,205.7171,0.0,0.0,120,5.0,2.0,1.0
010_R201,10,R,1,1,OPTIMAL,179.4312,1,1,1,0,0,1.0,179.4312,0.0,0.0,120,5.0,2.0,1.0
010_R201,10,R,1,2,OPTIMAL,14.691,1,0,0,0,1,0.0,0.0,0.0,14.691,120,5.0,2.0,1.0
010_R201,10,R,1,3,OPTIMAL,4.6255,1,0,0,0,1,0.0,0.0,0.0,4.6255,120,5.0,2.0,1.0
010_R201,10,R,1,4,OPTIMAL,50.9429,1,0,0,0,1,0.0,0.0,0.0,50.9429,120,5.0,2.0,1.0
010_R201,10,R,1,5,OPTIMAL,4.3955,1,0,0,0,1,0.0,0.0,0.0,4.3955,120,5.0,2.0,1.0
010_R201,10,R,1,6,OPTIMAL,31.1164,1,0,0,0,1,0.0,0.0,0.0,31.1164,120,5.0,2.0,1.0
010_R201,10,R,1,7,OPTIMAL,11.9123,1,0,0,0,1,0.0,0.0,0.0,11.9123,120,5.0,2.0,1.0
010_R201,10,R,1,8,OPTIMAL,32.3684,1,0,0,0,1,0.0,0.0,0.0,32.3684,120,5.0,2.0,1.0
010_R201,10,R,1,9,OPTIMAL,107.5108,1,1,1,0,0,1.0,107.5108,0.0,0.0,120,5.0,2.0,1.0
010_R201,10,R,2,0,OPTIMAL,573.7586,2,2,2,0,0,1.0,573.7586,0.0,0.0,120,5.0,2.0,1.0
010_R201,10,R,2,1,OPTIMAL,29.6856,2,0,0,0,2,0.0,0.0,0.0,29.6856,120,5.0,2.0,1.0
010_R201,10,R,2,2,OPTIMAL,238.3255,2,1,1,0,1,0.5,188.192,0.0,50.1335,120,5.0,2.0,1.0
010_R201,10,R,2,3,OPTIMAL,25.6283,2,0,0,0,2,0.0,0.0,0.0,25.6283,120,5.0,2.0,1.0
010_R201,10,R,2,4,OPTIMAL,100.4123,2,0,0,0,2,0.0,0.0,0.0,100.4123,120,5.0,2.0,1.0
010_R201,10,R,2,5,OPTIMAL,271.4619,2,1,0,1,1,0.5,242.0891,0.0,29.3728,120,5.0,2.0,1.0
010_R201,10,R,2,6,OPTIMAL,309.7844,2,2,2,0,0,1.0,309.7844,0.0,0.0,120,5.0,2.0,1.0
010_R201,10,R,2,7,OPTIMAL,62.7116,2,0,0,0,2,0.0,0.0,0.0,62.7116,120,5.0,2.0,1.0
010_R201,10,R,2,8,OPTIMAL,213.948,2,1,1,0,1,0.5,199.0673,0.0,14.8806,120,5.0,2.0,1.0
010_R201,10,R,2,9,OPTIMAL,246.1086,2,1,1,0,1,0.5,239.5445,0.0,6.5642,120,5.0,2.0,1.0
010_R201,10,R,3,0,OPTIMAL,312.4925,3,1,1,0,2,0.3333,215.7511,0.0,96.7414,120,5.0,2.0,1.0
010_R201,10,R,3,1,OPTIMAL,574.3014,3,2,2,0,1,0.6667,544.7807,0.0,29.5206,120,5.0,2.0,1.0
010_R201,10,R,3,2,OPTIMAL,247.4849,3,1,1,0,2,0.3333,212.9934,0.0,34.4915,120,5.0,2.0,1.0
010_R201,10,R,3,3,OPTIMAL,546.1429,3,2,2,0,1,0.6667,521.192,0.0,24.9508,120,5.0,2.0,1.0
010_R201,10,R,3,4,OPTIMAL,53.9452,3,0,0,0,3,0.0,0.0,0.0,53.9452,120,5.0,2.0,1.0
010_R201,10,R,3,5,OPTIMAL,408.8674,3,2,2,0,1,0.6667,404.4221,0.0,4.4453,120,5.0,2.0,1.0
010_R201,10,R,3,6,OPTIMAL,89.2113,3,0,0,0,3,0.0,0.0,0.0,89.2113,120,5.0,2.0,1.0
010_R201,10,R,3,7,OPTIMAL,533.4294,3,3,3,0,0,1.0,533.4294,0.0,0.0,120,5.0,2.0,1.0
010_R201,10,R,3,8,OPTIMAL,179.6229,3,1,1,0,2,0.3333,110.7023,0.0,68.9206,120,5.0,2.0,1.0
010_R201,10,R,3,9,OPTIMAL,191.4808,3,1,1,0,2,0.3333,161.2467,0.0,30.2341,120,5.0,2.0,1.0
010_R202,10,R,1,0,OPTIMAL,205.7171,1,1,1,0,0,1.0,205.7171,0.0,0.0,120,5.0,2.0,1.0
010_R202,10,R,1,1,OPTIMAL,179.4312,1,1,1,0,0,1.0,179.4312,0.0,0.0,120,5.0,2.0,1.0
010_R202,10,R,1,2,OPTIMAL,14.691,1,0,0,0,1,0.0,0.0,0.0,14.691,120,5.0,2.0,1.0
010_R202,10,R,1,3,OPTIMAL,171.2162,1,1,1,0,0,1.0,171.2162,0.0,0.0,120,5.0,2.0,1.0
010_R202,10,R,1,4,OPTIMAL,327.9757,1,1,1,0,0,1.0,327.9757,0.0,0.0,120,5.0,2.0,1.0
010_R202,10,R,1,5,OPTIMAL,167.0955,1,1,1,0,0,1.0,167.0955,0.0,0.0,120,5.0,2.0,1.0
010_R202,10,R,1,6,OPTIMAL,229.4917,1,1,0,1,0,1.0,229.4917,0.0,0.0,120,5.0,2.0,1.0
010_R202,10,R,1,7,OPTIMAL,11.9123,1,0,0,0,1,0.0,0.0,0.0,11.9123,120,5.0,2.0,1.0
010_R202,10,R,1,8,OPTIMAL,32.3684,1,0,0,0,1,0.0,0.0,0.0,32.3684,120,5.0,2.0,1.0
010_R202,10,R,1,9,OPTIMAL,107.5108,1,1,1,0,0,1.0,107.5108,0.0,0.0,120,5.0,2.0,1.0
010_R202,10,R,2,0,OPTIMAL,573.7586,2,2,2,0,0,1.0,573.7586,0.0,0.0,120,5.0,2.0,1.0
010_R202,10,R,2,1,OPTIMAL,215.0963,2,1,0,1,1,0.5,213.0711,0.0,2.0252,120,5.0,2.0,1.0
010_R202,10,R,2,2,OPTIMAL,441.0426,2,2,1,1,0,1.0,441.0426,0.0,0.0,120,5.0,2.0,1.0
010_R202,10,R,2,3,OPTIMAL,177.1645,2,1,0,1,1,0.5,164.0254,0.0,13.1392,120,5.0,2.0,1.0
010_R202,10,R,2,4,OPTIMAL,578.9582,2,2,2,0,0,1.0,578.9582,0.0,0.0,120,5.0,2.0,1.0
010_R202,10,R,2,5,OPTIMAL,271.4619,2,1,0,1,1,0.5,242.0891,0.0,29.3728,120,5.0,2.0,1.0
010_R202,10,R,2,6,OPTIMAL,309.7844,2,2,2,0,0,1.0,309.7844,0.0,0.0,120,5.0,2.0,1.0
010_R202,10,R,2,7,OPTIMAL,425.7569,2,2,2,0,0,1.0,425.7569,0.0,0.0,120,5.0,2.0,1.0
010_R202,10,R,2,8,OPTIMAL,336.3284,2,2,2,0,0,1.0,336.3284,0.0,0.0,120,5.0,2.0,1.0
010_R202,10,R,2,9,OPTIMAL,246.1086,2,1,1,0,1,0.5,239.5445,0.0,6.5642,120,5.0,2.0,1.0
010_R202,10,R,3,0,OPTIMAL,821.7292,3,3,3,0,0,1.0,821.7292,0.0,0.0,120,5.0,2.0,1.0
010_R202,10,R,3,1,OPTIMAL,574.3014,3,2,2,0,1,0.6667,544.7807,0.0,29.5206,120,5.0,2.0,1.0
010_R202,10,R,3,2,OPTIMAL,534.1142,3,2,1,1,1,0.6667,533.8586,0.0,0.2556,120,5.0,2.0,1.0
010_R202,10,R,3,3,OPTIMAL,526.347,3,2,1,1,1,0.6667,508.3953,0.0,17.9516,120,5.0,2.0,1.0
010_R202,10,R,3,4,OPTIMAL,376.8706,3,2,2,0,1,0.6667,372.5825,0.0,4.2881,120,5.0,2.0,1.0
010_R202,10,R,3,5,OPTIMAL,408.8674,3,2,2,0,1,0.6667,404.4221,0.0,4.4453,120,5.0,2.0,1.0
010_R202,10,R,3,6,OPTIMAL,434.1691,3,2,2,0,1,0.6667,417.183,0.0,16.9861,120,5.0,2.0,1.0
010_R202,10,R,3,7,OPTIMAL,533.4294,3,3,3,0,0,1.0,533.4294,0.0,0.0,120,5.0,2.0,1.0
010_R202,10,R,3,8,OPTIMAL,359.2513,3,2,1,1,1,0.6667,329.8989,0.0,29.3525,120,5.0,2.0,1.0
010_R202,10,R,3,9,OPTIMAL,232.3633,3,1,1,0,2,0.3333,195.9442,0.0,36.4191,120,5.0,2.0,1.0
010_R203,10,R,1,0,OPTIMAL,205.7171,1,1,1,0,0,1.0,205.7171,0.0,0.0,120,5.0,2.0,1.0
010_R203,10,R,1,1,OPTIMAL,179.4312,1,1,1,0,0,1.0,179.4312,0.0,0.0,120,5.0,2.0,1.0
010_R203,10,R,1,2,OPTIMAL,14.691,1,0,0,0,1,0.0,0.0,0.0,14.691,120,5.0,2.0,1.0
010_R203,10,R,1,3,OPTIMAL,171.2162,1,1,1,0,0,1.0,171.2162,0.0,0.0,120,5.0,2.0,1.0
010_R203,10,R,1,4,OPTIMAL,327.9757,1,1,1,0,0,1.0,327.9757,0.0,0.0,120,5.0,2.0,1.0
010_R203,10,R,1,5,OPTIMAL,167.0955,1,1,1,0,0,1.0,167.0955,0.0,0.0,120,5.0,2.0,1.0
010_R203,10,R,1,6,OPTIMAL,229.4917,1,1,0,1,0,1.0,229.4917,0.0,0.0,120,5.0,2.0,1.0
010_R203,10,R,1,7,OPTIMAL,11.9123,1,0,0,0,1,0.0,0.0,0.0,11.9123,120,5.0,2.0,1.0
010_R203,10,R,1,8,OPTIMAL,32.3684,1,0,0,0,1,0.0,0.0,0.0,32.3684,120,5.0,2.0,1.0
010_R203,10,R,1,9,OPTIMAL,107.5108,1,1,1,0,0,1.0,107.5108,0.0,0.0,120,5.0,2.0,1.0
010_R203,10,R,2,0,OPTIMAL,573.7586,2,2,2,0,0,1.0,573.7586,0.0,0.0,120,5.0,2.0,1.0
010_R203,10,R,2,1,OPTIMAL,215.0963,2,1,0,1,1,0.5,213.0711,0.0,2.0252,120,5.0,2.0,1.0
010_R203,10,R,2,2,OPTIMAL,441.0426,2,2,1,1,0,1.0,441.0426,0.0,0.0,120,5.0,2.0,1.0
010_R203,10,R,2,3,OPTIMAL,177.1645,2,1,0,1,1,0.5,164.0254,0.0,13.1392,120,5.0,2.0,1.0
010_R203,10,R,2,4,OPTIMAL,578.9582,2,2,2,0,0,1.0,578.9582,0.0,0.0,120,5.0,2.0,1.0
010_R203,10,R,2,5,OPTIMAL,271.4619,2,1,0,1,1,0.5,242.0891,0.0,29.3728,120,5.0,2.0,1.0
010_R203,10,R,2,6,OPTIMAL,309.7844,2,2,2,0,0,1.0,309.7844,0.0,0.0,120,5.0,2.0,1.0
010_R203,10,R,2,7,OPTIMAL,425.7569,2,2,2,0,0,1.0,425.7569,0.0,0.0,120,5.0,2.0,1.0
010_R203,10,R,2,8,OPTIMAL,336.3284,2,2,2,0,0,1.0,336.3284,0.0,0.0,120,5.0,2.0,1.0
010_R203,10,R,2,9,OPTIMAL,246.1086,2,1,1,0,1,0.5,239.5445,0.0,6.5642,120,5.0,2.0,1.0
010_R203,10,R,3,0,OPTIMAL,821.7292,3,3,3,0,0,1.0,821.7292,0.0,0.0,120,5.0,2.0,1.0
010_R203,10,R,3,1,OPTIMAL,574.3014,3,2,2,0,1,0.6667,544.7807,0.0,29.5206,120,5.0,2.0,1.0
010_R203,10,R,3,2,OPTIMAL,534.1142,3,2,1,1,1,0.6667,533.8586,0.0,0.2556,120,5.0,2.0,1.0
010_R203,10,R,3,3,OPTIMAL,526.347,3,2,1,1,1,0.6667,508.3953,0.0,17.9516,120,5.0,2.0,1.0
010_R203,10,R,3,4,OPTIMAL,376.8706,3,2,2,0,1,0.6667,372.5825,0.0,4.2881,120,5.0,2.0,1.0
010_R203,10,R,3,5,OPTIMAL,408.8674,3,2,2,0,1,0.6667,404.4221,0.0,4.4453,120,5.0,2.0,1.0
010_R203,10,R,3,6,OPTIMAL,434.1691,3,2,2,0,1,0.6667,417.183,0.0,16.9861,120,5.0,2.0,1.0
010_R203,10,R,3,7,OPTIMAL,533.4294,3,3,3,0,0,1.0,533.4294,0.0,0.0,120,5.0,2.0,1.0
010_R203,10,R,3,8,OPTIMAL,359.2513,3,2,1,1,1,0.6667,329.8989,0.0,29.3525,120,5.0,2.0,1.0
010_R203,10,R,3,9,OPTIMAL,232.3633,3,1,1,0,2,0.3333,195.9442,0.0,36.4191,120,5.0,2.0,1.0
010_R204,10,R,1,0,OPTIMAL,205.7171,1,1,1,0,0,1.0,205.7171,0.0,0.0,120,5.0,2.0,1.0
010_R204,10,R,1,1,OPTIMAL,179.4312,1,1,1,0,0,1.0,179.4312,0.0,0.0,120,5.0,2.0,1.0
010_R204,10,R,1,2,OPTIMAL,96.7829,1,1,1,0,0,1.0,96.7829,0.0,0.0,120,5.0,2.0,1.0
010_R204,10,R,1,3,OPTIMAL,171.2162,1,1,1,0,0,1.0,171.2162,0.0,0.0,120,5.0,2.0,1.0
010_R204,10,R,1,4,OPTIMAL,327.9757,1,1,1,0,0,1.0,327.9757,0.0,0.0,120,5.0,2.0,1.0
010_R204,10,R,1,5,OPTIMAL,167.0955,1,1,1,0,0,1.0,167.0955,0.0,0.0,120,5.0,2.0,1.0
010_R204,10,R,1,6,OPTIMAL,229.4917,1,1,0,1,0,1.0,229.4917,0.0,0.0,120,5.0,2.0,1.0
010_R204,10,R,1,7,OPTIMAL,219.5735,1,1,1,0,0,1.0,219.5735,0.0,0.0,120,5.0,2.0,1.0
010_R204,10,R,1,8,OPTIMAL,32.3684,1,0,0,0,1,0.0,0.0,0.0,32.3684,120,5.0,2.0,1.0
010_R204,10,R,1,9,OPTIMAL,107.5108,1,1,1,0,0,1.0,107.5108,0.0,0.0,120,5.0,2.0,1.0
010_R204,10,R,2,0,OPTIMAL,573.7586,2,2,2,0,0,1.0,573.7586,0.0,0.0,120,5.0,2.0,1.0
010_R204,10,R,2,1,OPTIMAL,215.0963,2,1,0,1,1,0.5,213.0711,0.0,2.0252,120,5.0,2.0,1.0
010_R204,10,R,2,2,OPTIMAL,441.0426,2,2,1,1,0,1.0,441.0426,0.0,0.0,120,5.0,2.0,1.0
010_R204,10,R,2,3,OPTIMAL,404.3547,2,2,1,1,0,1.0,404.3547,0.0,0.0,120,5.0,2.0,1.0
010_R204,10,R,2,4,OPTIMAL,578.9582,2,2,2,0,0,1.0,578.9582,0.0,0.0,120,5.0,2.0,1.0
010_R204,10,R,2,5,OPTIMAL,562.0642,2,2,2,0,0,1.0,562.0642,0.0,0.0,120,5.0,2.0,1.0
010_R204,10,R,2,6,OPTIMAL,309.7844,2,2,2,0,0,1.0,309.7844,0.0,0.0,120,5.0,2.0,1.0
010_R204,10,R,2,7,OPTIMAL,425.7569,2,2,2,0,0,1.0,425.7569,0.0,0.0,120,5.0,2.0,1.0
010_R204,10,R,2,8,OPTIMAL,336.3284,2,2,2,0,0,1.0,336.3284,0.0,0.0,120,5.0,2.0,1.0
010_R204,10,R,2,9,OPTIMAL,246.1086,2,1,1,0,1,0.5,239.5445,0.0,6.5642,120,5.0,2.0,1.0
010_R204,10,R,3,0,OPTIMAL,821.7292,3,3,3,0,0,1.0,821.7292,0.0,0.0,120,5.0,2.0,1.0
010_R204,10,R,3,1,OPTIMAL,753.7203,3,3,3,0,0,1.0,753.7203,0.0,0.0,120,5.0,2.0,1.0
010_R204,10,R,3,2,OPTIMAL,781.0134,3,3,2,1,0,1.0,781.0134,0.0,0.0,120,5.0,2.0,1.0
010_R204,10,R,3,3,OPTIMAL,536.5104,3,2,1,1,1,0.6667,508.3953,0.0,28.1151,120,5.0,2.0,1.0
010_R204,10,R,3,4,OPTIMAL,641.3176,3,3,3,0,0,1.0,641.3176,0.0,0.0,120,5.0,2.0,1.0
010_R204,10,R,3,5,OPTIMAL,675.1574,3,3,3,0,0,1.0,675.1574,0.0,0.0,120,5.0,2.0,1.0
010_R204,10,R,3,6,OPTIMAL,452.8391,3,2,2,0,1,0.6667,417.183,0.0,35.6561,120,5.0,2.0,1.0
010_R204,10,R,3,7,OPTIMAL,533.4294,3,3,3,0,0,1.0,533.4294,0.0,0.0,120,5.0,2.0,1.0
010_R204,10,R,3,8,OPTIMAL,569.7699,3,3,2,1,0,1.0,569.7699,0.0,0.0,120,5.0,2.0,1.0
010_R204,10,R,3,9,OPTIMAL,372.3611,3,2,2,0,1,0.6667,371.2674,0.0,1.0937,120,5.0,2.0,1.0
010_R205,10,R,1,0,OPTIMAL,205.7171,1,1,1,0,0,1.0,205.7171,0.0,0.0,120,5.0,2.0,1.0
010_R205,10,R,1,1,OPTIMAL,179.4312,1,1,1,0,0,1.0,179.4312,0.0,0.0,120,5.0,2.0,1.0
010_R205,10,R,1,2,OPTIMAL,96.7829,1,1,0,1,0,1.0,96.7829,0.0,0.0,120,5.0,2.0,1.0
010_R205,10,R,1,3,OPTIMAL,171.2162,1,1,1,0,0,1.0,171.2162,0.0,0.0,120,5.0,2.0,1.0
010_R205,10,R,1,4,OPTIMAL,327.9757,1,1,1,0,0,1.0,327.9757,0.0,0.0,120,5.0,2.0,1.0
010_R205,10,R,1,5,OPTIMAL,167.0955,1,1,1,0,0,1.0,167.0955,0.0,0.0,120,5.0,2.0,1.0
010_R205,10,R,1,6,OPTIMAL,229.4917,1,1,1,0,0,1.0,229.4917,0.0,0.0,120,5.0,2.0,1.0
010_R205,10,R,1,7,OPTIMAL,219.5735,1,1,1,0,0,1.0,219.5735,0.0,0.0,120,5.0,2.0,1.0
010_R205,10,R,1,8,OPTIMAL,257.1994,1,1,1,0,0,1.0,257.1994,0.0,0.0,120,5.0,2.0,1.0
010_R205,10,R,1,9,OPTIMAL,8.7097,1,0,0,0,1,0.0,0.0,0.0,8.7097,120,5.0,2.0,1.0
010_R205,10,R,2,0,OPTIMAL,573.7586,2,2,2,0,0,1.0,573.7586,0.0,0.0,120,5.0,2.0,1.0
010_R205,10,R,2,1,OPTIMAL,221.2897,2,1,1,0,1,0.5,213.0711,0.0,8.2186,120,5.0,2.0,1.0
010_R205,10,R,2,2,OPTIMAL,441.0426,2,2,0,2,0,1.0,441.0426,0.0,0.0,120,5.0,2.0,1.0
010_R205,10,R,2,3,OPTIMAL,404.3547,2,2,1,1,0,1.0,404.3547,0.0,0.0,120,5.0,2.0,1.0
010_R205,10,R,2,4,OPTIMAL,78.1189,2,0,0,0,2,0.0,0.0,0.0,78.1189,120,5.0,2.0,1.0
010_R205,10,R,2,5,OPTIMAL,562.0642,2,2,1,1,0,1.0,562.0642,0.0,0.0,120,5.0,2.0,1.0
010_R205,10,R,2,6,OPTIMAL,133.3907,2,1,1,0,1,0.5,105.574,0.0,27.8167,120,5.0,2.0,1.0
010_R205,10,R,2,7,OPTIMAL,290.4138,2,1,1,0,1,0.5,289.5465,0.0,0.8673,120,5.0,2.0,1.0
010_R205,10,R,2,8,OPTIMAL,199.2651,2,1,1,0,1,0.5,199.0673,0.0,0.1978,120,5.0,2.0,1.0
010_R205,10,R,2,9,OPTIMAL,1.7989,2,0,0,0,2,0.0,0.0,0.0,1.7989,120,5.0,2.0,1.0
010_R205,10,R,3,0,OPTIMAL,499.1402,3,2,2,0,1,0.6667,496.1994,0.0,2.9408,120,5.0,2.0,1.0
010_R205,10,R,3,1,OPTIMAL,531.1342,3,2,2,0,1,0.6667,530.6478,0.0,0.4865,120,5.0,2.0,1.0
010_R205,10,R,3,2,OPTIMAL,781.0134,3,3,1,2,0,1.0,781.0134,0.0,0.0,120,5.0,2.0,1.0
010_R205,10,R,3,3,OPTIMAL,536.5104,3,2,1,1,1,0.6667,508.3953,0.0,28.1151,120,5.0,2.0,1.0
010_R205,10,R,3,4,OPTIMAL,641.3176,3,3,3,0,0,1.0,641.3176,0.0,0.0,120,5.0,2.0,1.0
010_R205,10,R,3,5,OPTIMAL,482.1674,3,2,2,0,1,0.6667,482.1526,0.0,0.0148,120,5.0,2.0,1.0
010_R205,10,R,3,6,OPTIMAL,416.3055,3,2,2,0,1,0.6667,387.5157,0.0,28.7898,120,5.0,2.0,1.0
010_R205,10,R,3,7,OPTIMAL,331.4895,3,2,0,2,1,0.6667,331.2382,0.0,0.2512,120,5.0,2.0,1.0
010_R205,10,R,3,8,OPTIMAL,569.7699,3,3,2,1,0,1.0,569.7699,0.0,0.0,120,5.0,2.0,1.0
010_R205,10,R,3,9,OPTIMAL,372.3611,3,2,2,0,1,0.6667,371.2674,0.0,1.0937,120,5.0,2.0,1.0
010_R206,10,R,1,0,OPTIMAL,205.7171,1,1,1,0,0,1.0,205.7171,0.0,0.0,120,5.0,2.0,1.0
010_R206,10,R,1,1,OPTIMAL,179.4312,1,1,1,0,0,1.0,179.4312,0.0,0.0,120,5.0,2.0,1.0
010_R206,10,R,1,2,OPTIMAL,96.7829,1,1,0,1,0,1.0,96.7829,0.0,0.0,120,5.0,2.0,1.0
010_R206,10,R,1,3,OPTIMAL,171.2162,1,1,1,0,0,1.0,171.2162,0.0,0.0,120,5.0,2.0,1.0
010_R206,10,R,1,4,OPTIMAL,327.9757,1,1,1,0,0,1.0,327.9757,0.0,0.0,120,5.0,2.0,1.0
010_R206,10,R,1,5,OPTIMAL,167.0955,1,1,1,0,0,1.0,167.0955,0.0,0.0,120,5.0,2.0,1.0
010_R206,10,R,1,6,OPTIMAL,229.4917,1,1,1,0,0,1.0,229.4917,0.0,0.0,120,5.0,2.0,1.0
010_R206,10,R,1,7,OPTIMAL,219.5735,1,1,1,0,0,1.0,219.5735,0.0,0.0,120,5.0,2.0,1.0
010_R206,10,R,1,8,OPTIMAL,257.1994,1,1,1,0,0,1.0,257.1994,0.0,0.0,120,5.0,2.0,1.0
010_R206,10,R,1,9,OPTIMAL,107.5108,1,1,1,0,0,1.0,107.5108,0.0,0.0,120,5.0,2.0,1.0
010_R206,10,R,2,0,OPTIMAL,573.7586,2,2,2,0,0,1.0,573.7586,0.0,0.0,120,5.0,2.0,1.0
010_R206,10,R,2,1,OPTIMAL,348.9608,2,2,2,0,0,1.0,348.9608,0.0,0.0,120,5.0,2.0,1.0
010_R206,10,R,2,2,OPTIMAL,441.0426,2,2,1,1,0,1.0,441.0426,0.0,0.0,120,5.0,2.0,1.0
010_R206,10,R,2,3,OPTIMAL,404.3547,2,2,2,0,0,1.0,404.3547,0.0,0.0,120,5.0,2.0,1.0
010_R206,10,R,2,4,OPTIMAL,287.8029,2,1,0,1,1,0.5,256.8174,0.0,30.9854,120,5.0,2.0,1.0
010_R206,10,R,2,5,OPTIMAL,562.0642,2,2,1,1,0,1.0,562.0642,0.0,0.0,120,5.0,2.0,1.0
010_R206,10,R,2,6,OPTIMAL,133.3907,2,1,1,0,1,0.5,105.574,0.0,27.8167,120,5.0,2.0,1.0
010_R206,10,R,2,7,OPTIMAL,290.4138,2,1,1,0,1,0.5,289.5465,0.0,0.8673,120,5.0,2.0,1.0
010_R206,10,R,2,8,OPTIMAL,199.2651,2,1,1,0,1,0.5,199.0673,0.0,0.1978,120,5.0,2.0,1.0
010_R206,10,R,2,9,OPTIMAL,222.1005,2,1,1,0,1,0.5,221.5782,0.0,0.5222,120,5.0,2.0,1.0
010_R206,10,R,3,0,OPTIMAL,499.1402,3,2,2,0,1,0.6667,496.1994,0.0,2.9408,120,5.0,2.0,1.0
010_R206,10,R,3,1,OPTIMAL,557.0372,3,2,2,0,1,0.6667,530.6478,0.0,26.3894,120,5.0,2.0,1.0
010_R206,10,R,3,2,OPTIMAL,781.0134,3,3,2,1,0,1.0,781.0134,0.0,0.0,120,5.0,2.0,1.0
010_R206,10,R,3,3,OPTIMAL,510.6954,3,2,2,0,1,0.6667,508.3953,0.0,2.3001,120,5.0,2.0,1.0
010_R206,10,R,3,4,OPTIMAL,641.3176,3,3,3,0,0,1.0,641.3176,0.0,0.0,120,5.0,2.0,1.0
010_R206,10,R,3,5,OPTIMAL,675.1574,3,3,3,0,0,1.0,675.1574,0.0,0.0,120,5.0,2.0,1.0
010_R206,10,R,3,6,OPTIMAL,416.3055,3,2,2,0,1,0.6667,387.5157,0.0,28.7898,120,5.0,2.0,1.0
010_R206,10,R,3,7,OPTIMAL,533.4294,3,3,3,0,0,1.0,533.4294,0.0,0.0,120,5.0,2.0,1.0
010_R206,10,R,3,8,OPTIMAL,569.7699,3,3,3,0,0,1.0,569.7699,0.0,0.0,120,5.0,2.0,1.0
010_R206,10,R,3,9,OPTIMAL,391.5187,3,2,2,0,1,0.6667,371.2674,0.0,20.2513,120,5.0,2.0,1.0
010_R207,10,R,1,0,OPTIMAL,205.7171,1,1,1,0,0,1.0,205.7171,0.0,0.0,120,5.0,2.0,1.0
010_R207,10,R,1,1,OPTIMAL,179.4312,1,1,1,0,0,1.0,179.4312,0.0,0.0,120,5.0,2.0,1.0
010_R207,10,R,1,2,OPTIMAL,96.7829,1,1,0,1,0,1.0,96.7829,0.0,0.0,120,5.0,2.0,1.0
010_R207,10,R,1,3,OPTIMAL,171.2162,1,1,1,0,0,1.0,171.2162,0.0,0.0,120,5.0,2.0,1.0
010_R207,10,R,1,4,OPTIMAL,327.9757,1,1,1,0,0,1.0,327.9757,0.0,0.0,120,5.0,2.0,1.0
010_R207,10,R,1,5,OPTIMAL,167.0955,1,1,1,0,0,1.0,167.0955,0.0,0.0,120,5.0,2.0,1.0
010_R207,10,R,1,6,OPTIMAL,229.4917,1,1,1,0,0,1.0,229.4917,0.0,0.0,120,5.0,2.0,1.0
010_R207,10,R,1,7,OPTIMAL,219.5735,1,1,1,0,0,1.0,219.5735,0.0,0.0,120,5.0,2.0,1.0
010_R207,10,R,1,8,OPTIMAL,257.1994,1,1,1,0,0,1.0,257.1994,0.0,0.0,120,5.0,2.0,1.0
010_R207,10,R,1,9,OPTIMAL,107.5108,1,1,1,0,0,1.0,107.5108,0.0,0.0,120,5.0,2.0,1.0
010_R207,10,R,2,0,OPTIMAL,573.7586,2,2,2,0,0,1.0,573.7586,0.0,0.0,120,5.0,2.0,1.0
010_R207,10,R,2,1,OPTIMAL,348.9608,2,2,2,0,0,1.0,348.9608,0.0,0.0,120,5.0,2.0,1.0
010_R207,10,R,2,2,OPTIMAL,441.0426,2,2,1,1,0,1.0,441.0426,0.0,0.0,120,5.0,2.0,1.0
010_R207,10,R,2,3,OPTIMAL,404.3547,2,2,2,0,0,1.0,404.3547,0.0,0.0,120,5.0,2.0,1.0
010_R207,10,R,2,4,OPTIMAL,287.8029,2,1,0,1,1,0.5,256.8174,0.0,30.9854,120,5.0,2.0,1.0
010_R207,10,R,2,5,OPTIMAL,562.0642,2,2,1,1,0,1.0,562.0642,0.0,0.0,120,5.0,2.0,1.0
010_R207,10,R,2,6,OPTIMAL,133.3907,2,1,1,0,1,0.5,105.574,0.0,27.8167,120,5.0,2.0,1.0
010_R207,10,R,2,7,OPTIMAL,290.4138,2,1,1,0,1,0.5,289.5465,0.0,0.8673,120,5.0,2.0,1.0
010_R207,10,R,2,8,OPTIMAL,199.2651,2,1,1,0,1,0.5,199.0673,0.0,0.1978,120,5.0,2.0,1.0
010_R207,10,R,2,9,OPTIMAL,222.1005,2,1,1,0,1,0.5,221.5782,0.0,0.5222,120,5.0,2.0,1.0
010_R207,10,R,3,0,OPTIMAL,499.1402,3,2,2,0,1,0.6667,496.1994,0.0,2.9408,120,5.0,2.0,1.0
010_R207,10,R,3,1,OPTIMAL,557.0372,3,2,2,0,1,0.6667,530.6478,0.0,26.3894,120,5.0,2.0,1.0
010_R207,10,R,3,2,OPTIMAL,781.0134,3,3,2,1,0,1.0,781.0134,0.0,0.0,120,5.0,2.0,1.0
010_R207,10,R,3,3,OPTIMAL,510.6954,3,2,2,0,1,0.6667,508.3953,0.0,2.3001,120,5.0,2.0,1.0
010_R207,10,R,3,4,OPTIMAL,641.3176,3,3,3,0,0,1.0,641.3176,0.0,0.0,120,5.0,2.0,1.0
010_R207,10,R,3,5,OPTIMAL,675.1574,3,3,3,0,0,1.0,675.1574,0.0,0.0,120,5.0,2.0,1.0
010_R207,10,R,3,6,OPTIMAL,416.3055,3,2,2,0,1,0.6667,387.5157,0.0,28.7898,120,5.0,2.0,1.0
010_R207,10,R,3,7,OPTIMAL,533.4294,3,3,3,0,0,1.0,533.4294,0.0,0.0,120,5.0,2.0,1.0
010_R207,10,R,3,8,OPTIMAL,569.7699,3,3,3,0,0,1.0,569.7699,0.0,0.0,120,5.0,2.0,1.0
010_R207,10,R,3,9,OPTIMAL,391.5187,3,2,2,0,1,0.6667,371.2674,0.0,20.2513,120,5.0,2.0,1.0
010_R208,10,R,1,0,OPTIMAL,205.7171,1,1,1,0,0,1.0,205.7171,0.0,0.0,120,5.0,2.0,1.0
010_R208,10,R,1,1,OPTIMAL,179.4312,1,1,1,0,0,1.0,179.4312,0.0,0.0,120,5.0,2.0,1.0
010_R208,10,R,1,2,OPTIMAL,96.7829,1,1,0,1,0,1.0,96.7829,0.0,0.0,120,5.0,2.0,1.0
010_R208,10,R,1,3,OPTIMAL,171.2162,1,1,1,0,0,1.0,171.2162,0.0,0.0,120,5.0,2.0,1.0
010_R208,10,R,1,4,OPTIMAL,327.9757,1,1,1,0,0,1.0,327.9757,0.0,0.0,120,5.0,2.0,1.0
010_R208,10,R,1,5,OPTIMAL,167.0955,1,1,1,0,0,1.0,167.0955,0.0,0.0,120,5.0,2.0,1.0
010_R208,10,R,1,6,OPTIMAL,229.4917,1,1,1,0,0,1.0,229.4917,0.0,0.0,120,5.0,2.0,1.0
010_R208,10,R,1,7,OPTIMAL,219.5735,1,1,1,0,0,1.0,219.5735,0.0,0.0,120,5.0,2.0,1.0
010_R208,10,R,1,8,OPTIMAL,257.1994,1,1,1,0,0,1.0,257.1994,0.0,0.0,120,5.0,2.0,1.0
010_R208,10,R,1,9,OPTIMAL,107.5108,1,1,1,0,0,1.0,107.5108,0.0,0.0,120,5.0,2.0,1.0
010_R208,10,R,2,0,OPTIMAL,573.7586,2,2,2,0,0,1.0,573.7586,0.0,0.0,120,5.0,2.0,1.0
010_R208,10,R,2,1,OPTIMAL,348.9608,2,2,2,0,0,1.0,348.9608,0.0,0.0,120,5.0,2.0,1.0
010_R208,10,R,2,2,OPTIMAL,441.0426,2,2,1,1,0,1.0,441.0426,0.0,0.0,120,5.0,2.0,1.0
010_R208,10,R,2,3,OPTIMAL,404.3547,2,2,2,0,0,1.0,404.3547,0.0,0.0,120,5.0,2.0,1.0
010_R208,10,R,2,4,OPTIMAL,578.9582,2,2,2,0,0,1.0,578.9582,0.0,0.0,120,5.0,2.0,1.0
010_R208,10,R,2,5,OPTIMAL,562.0642,2,2,1,1,0,1.0,562.0642,0.0,0.0,120,5.0,2.0,1.0
010_R208,10,R,2,6,OPTIMAL,309.7844,2,2,2,0,0,1.0,309.7844,0.0,0.0,120,5.0,2.0,1.0
010_R208,10,R,2,7,OPTIMAL,425.7569,2,2,1,1,0,1.0,425.7569,0.0,0.0,120,5.0,2.0,1.0
010_R208,10,R,2,8,OPTIMAL,336.3284,2,2,1,1,0,1.0,336.3284,0.0,0.0,120,5.0,2.0,1.0
010_R208,10,R,2,9,OPTIMAL,461.1227,2,2,2,0,0,1.0,461.1227,0.0,0.0,120,5.0,2.0,1.0
010_R208,10,R,3,0,OPTIMAL,821.7292,3,3,2,1,0,1.0,821.7292,0.0,0.0,120,5.0,2.0,1.0
010_R208,10,R,3,1,OPTIMAL,753.7203,3,3,3,0,0,1.0,753.7203,0.0,0.0,120,5.0,2.0,1.0
010_R208,10,R,3,2,OPTIMAL,781.0134,3,3,2,1,0,1.0,781.0134,0.0,0.0,120,5.0,2.0,1.0
010_R208,10,R,3,3,OPTIMAL,536.5104,3,2,2,0,1,0.6667,508.3953,0.0,28.1151,120,5.0,2.0,1.0
010_R208,10,R,3,4,OPTIMAL,641.3176,3,3,3,0,0,1.0,641.3176,0.0,0.0,120,5.0,2.0,1.0
010_R208,10,R,3,5,OPTIMAL,675.1574,3,3,3,0,0,1.0,675.1574,0.0,0.0,120,5.0,2.0,1.0
010_R208,10,R,3,6,OPTIMAL,609.6774,3,3,2,1,0,1.0,609.6774,0.0,0.0,120,5.0,2.0,1.0
010_R208,10,R,3,7,OPTIMAL,533.4294,3,3,3,0,0,1.0,533.4294,0.0,0.0,120,5.0,2.0,1.0
010_R208,10,R,3,8,OPTIMAL,569.7699,3,3,3,0,0,1.0,569.7699,0.0,0.0,120,5.0,2.0,1.0
010_R208,10,R,3,9,OPTIMAL,372.3611,3,2,2,0,1,0.6667,371.2674,0.0,1.0937,120,5.0,2.0,1.0
010_R209,10,R,1,0,OPTIMAL,205.7171,1,1,1,0,0,1.0,205.7171,0.0,0.0,120,5.0,2.0,1.0
010_R209,10,R,1,1,OPTIMAL,179.4312,1,1,1,0,0,1.0,179.4312,0.0,0.0,120,5.0,2.0,1.0
010_R209,10,R,1,2,OPTIMAL,18.3701,1,0,0,0,1,0.0,0.0,0.0,18.3701,120,5.0,2.0,1.0
010_R209,10,R,1,3,OPTIMAL,171.2162,1,1,1,0,0,1.0,171.2162,0.0,0.0,120,5.0,2.0,1.0
010_R209,10,R,1,4,OPTIMAL,32.1805,1,0,0,0,1,0.0,0.0,0.0,32.1805,120,5.0,2.0,1.0
010_R209,10,R,1,5,OPTIMAL,167.0955,1,1,1,0,0,1.0,167.0955,0.0,0.0,120,5.0,2.0,1.0
010_R209,10,R,1,6,OPTIMAL,229.4917,1,1,1,0,0,1.0,229.4917,0.0,0.0,120,5.0,2.0,1.0
010_R209,10,R,1,7,OPTIMAL,219.5735,1,1,1,0,0,1.0,219.5735,0.0,0.0,120,5.0,2.0,1.0
010_R209,10,R,1,8,OPTIMAL,257.1994,1,1,1,0,0,1.0,257.1994,0.0,0.0,120,5.0,2.0,1.0
010_R209,10,R,1,9,OPTIMAL,1.0304,1,0,0,0,1,0.0,0.0,0.0,1.0304,120,5.0,2.0,1.0
010_R209,10,R,2,0,OPTIMAL,573.7586,2,2,2,0,0,1.0,573.7586,0.0,0.0,120,5.0,2.0,1.0
010_R209,10,R,2,1,OPTIMAL,348.9608,2,2,2,0,0,1.0,348.9608,0.0,0.0,120,5.0,2.0,1.0
010_R209,10,R,2,2,OPTIMAL,289.7611,2,1,1,0,1,0.5,252.8506,0.0,36.9105,120,5.0,2.0,1.0
010_R209,10,R,2,3,OPTIMAL,404.3547,2,2,2,0,0,1.0,404.3547,0.0,0.0,120,5.0,2.0,1.0
010_R209,10,R,2,4,OPTIMAL,287.8029,2,1,1,0,1,0.5,256.8174,0.0,30.9854,120,5.0,2.0,1.0
010_R209,10,R,2,5,OPTIMAL,562.0642,2,2,2,0,0,1.0,562.0642,0.0,0.0,120,5.0,2.0,1.0
010_R209,10,R,2,6,OPTIMAL,133.3907,2,1,1,0,1,0.5,105.574,0.0,27.8167,120,5.0,2.0,1.0
010_R209,10,R,2,7,OPTIMAL,290.4138,2,1,1,0,1,0.5,289.5465,0.0,0.8673,120,5.0,2.0,1.0
010_R209,10,R,2,8,OPTIMAL,336.3284,2,2,2,0,0,1.0,336.3284,0.0,0.0,120,5.0,2.0,1.0
010_R209,10,R,2,9,OPTIMAL,222.1005,2,1,1,0,1,0.5,221.5782,0.0,0.5222,120,5.0,2.0,1.0
010_R209,10,R,3,0,OPTIMAL,545.7114,3,2,2,0,1,0.6667,496.1994,0.0,49.512,120,5.0,2.0,1.0
010_R209,10,R,3,1,OPTIMAL,753.7203,3,3,2,1,0,1.0,753.7203,0.0,0.0,120,5.0,2.0,1.0
010_R209,10,R,3,2,OPTIMAL,588.2431,3,2,2,0,1,0.6667,568.02,0.0,20.2231,120,5.0,2.0,1.0
010_R209,10,R,3,3,OPTIMAL,536.5104,3,2,2,0,1,0.6667,508.3953,0.0,28.1151,120,5.0,2.0,1.0
010_R209,10,R,3,4,OPTIMAL,376.8706,3,2,2,0,1,0.6667,372.5825,0.0,4.2881,120,5.0,2.0,1.0
010_R209,10,R,3,5,OPTIMAL,482.1674,3,2,2,0,1,0.6667,482.1526,0.0,0.0148,120,5.0,2.0,1.0
010_R209,10,R,3,6,OPTIMAL,431.2364,3,2,2,0,1,0.6667,387.5157,0.0,43.7208,120,5.0,2.0,1.0
010_R209,10,R,3,7,OPTIMAL,386.2099,3,2,1,1,1,0.6667,385.4127,0.0,0.7971,120,5.0,2.0,1.0
010_R209,10,R,3,8,OPTIMAL,390.4621,3,2,2,0,1,0.6667,350.5734,0.0,39.8887,120,5.0,2.0,1.0
010_R209,10,R,3,9,OPTIMAL,372.3611,3,2,2,0,1,0.6667,371.2674,0.0,1.0937,120,5.0,2.0,1.0
010_R210,10,R,1,0,OPTIMAL,205.7171,1,1,1,0,0,1.0,205.7171,0.0,0.0,120,5.0,2.0,1.0
010_R210,10,R,1,1,OPTIMAL,179.4312,1,1,1,0,0,1.0,179.4312,0.0,0.0,120,5.0,2.0,1.0
010_R210,10,R,1,2,OPTIMAL,96.7829,1,1,1,0,0,1.0,96.7829,0.0,0.0,120,5.0,2.0,1.0
010_R210,10,R,1,3,OPTIMAL,171.2162,1,1,1,0,0,1.0,171.2162,0.0,0.0,120,5.0,2.0,1.0
010_R210,10,R,1,4,OPTIMAL,32.1805,1,0,0,0,1,0.0,0.0,0.0,32.1805,120,5.0,2.0,1.0
010_R210,10,R,1,5,OPTIMAL,167.0955,1,1,1,0,0,1.0,167.0955,0.0,0.0,120,5.0,2.0,1.0
010_R210,10,R,1,6,OPTIMAL,229.4917,1,1,0,1,0,1.0,229.4917,0.0,0.0,120,5.0,2.0,1.0
010_R210,10,R,1,7,OPTIMAL,219.5735,1,1,1,0,0,1.0,219.5735,0.0,0.0,120,5.0,2.0,1.0
010_R210,10,R,1,8,OPTIMAL,32.3684,1,0,0,0,1,0.0,0.0,0.0,32.3684,120,5.0,2.0,1.0
010_R210,10,R,1,9,OPTIMAL,21.4433,1,0,0,0,1,0.0,0.0,0.0,21.4433,120,5.0,2.0,1.0
010_R210,10,R,2,0,OPTIMAL,573.7586,2,2,2,0,0,1.0,573.7586,0.0,0.0,120,5.0,2.0,1.0
010_R210,10,R,2,1,OPTIMAL,215.0963,2,1,0,1,1,0.5,213.0711,0.0,2.0252,120,5.0,2.0,1.0
010_R210,10,R,2,2,OPTIMAL,441.0426,2,2,1,1,0,1.0,441.0426,0.0,0.0,120,5.0,2.0,1.0
010_R210,10,R,2,3,OPTIMAL,404.3547,2,2,1,1,0,1.0,404.3547,0.0,0.0,120,5.0,2.0,1.0
010_R210,10,R,2,4,OPTIMAL,124.6815,2,0,0,0,2,0.0,0.0,0.0,124.6815,120,5.0,2.0,1.0
010_R210,10,R,2,5,OPTIMAL,562.0642,2,2,2,0,0,1.0,562.0642,0.0,0.0,120,5.0,2.0,1.0
010_R210,10,R,2,6,OPTIMAL,223.1139,2,1,1,0,1,0.5,204.2104,0.0,18.9035,120,5.0,2.0,1.0
010_R210,10,R,2,7,OPTIMAL,53.4375,2,0,0,0,2,0.0,0.0,0.0,53.4375,120,5.0,2.0,1.0
010_R210,10,R,2,8,OPTIMAL,39.2264,2,0,0,0,2,0.0,0.0,0.0,39.2264,120,5.0,2.0,1.0
010_R210,10,R,2,9,OPTIMAL,7.0864,2,0,0,0,2,0.0,0.0,0.0,7.0864,120,5.0,2.0,1.0
010_R210,10,R,3,0,OPTIMAL,286.4253,3,1,0,1,2,0.3333,215.7511,0.0,70.6742,120,5.0,2.0,1.0
010_R210,10,R,3,1,OPTIMAL,467.3074,3,2,2,0,1,0.6667,432.0121,0.0,35.2953,120,5.0,2.0,1.0
010_R210,10,R,3,2,OPTIMAL,534.1142,3,2,1,1,1,0.6667,533.8586,0.0,0.2556,120,5.0,2.0,1.0
010_R210,10,R,3,3,OPTIMAL,526.347,3,2,1,1,1,0.6667,508.3953,0.0,17.9516,120,5.0,2.0,1.0
010_R210,10,R,3,4,OPTIMAL,376.8706,3,2,2,0,1,0.6667,372.5825,0.0,4.2881,120,5.0,2.0,1.0
010_R210,10,R,3,5,OPTIMAL,675.1574,3,3,3,0,0,1.0,675.1574,0.0,0.0,120,5.0,2.0,1.0
010_R210,10,R,3,6,OPTIMAL,224.9119,3,1,1,0,2,0.3333,195.0212,0.0,29.8907,120,5.0,2.0,1.0
010_R210,10,R,3,7,OPTIMAL,356.0122,3,2,2,0,1,0.6667,331.2382,0.0,24.774,120,5.0,2.0,1.0
010_R210,10,R,3,8,OPTIMAL,479.3473,3,2,1,1,1,0.6667,459.0675,0.0,20.2798,120,5.0,2.0,1.0
010_R210,10,R,3,9,OPTIMAL,232.3633,3,1,1,0,2,0.3333,195.9442,0.0,36.4191,120,5.0,2.0,1.0
010_R211,10,R,1,0,OPTIMAL,205.7171,1,1,1,0,0,1.0,205.7171,0.0,0.0,120,5.0,2.0,1.0
010_R211,10,R,1,1,OPTIMAL,179.4312,1,1,1,0,0,1.0,179.4312,0.0,0.0,120,5.0,2.0,1.0
010_R211,10,R,1,2,OPTIMAL,96.7829,1,1,1,0,0,1.0,96.7829,0.0,0.0,120,5.0,2.0,1.0
010_R211,10,R,1,3,OPTIMAL,171.2162,1,1,1,0,0,1.0,171.2162,0.0,0.0,120,5.0,2.0,1.0
010_R211,10,R,1,4,OPTIMAL,327.9757,1,1,1,0,0,1.0,327.9757,0.0,0.0,120,5.0,2.0,1.0
010_R211,10,R,1,5,OPTIMAL,167.0955,1,1,1,0,0,1.0,167.0955,0.0,0.0,120,5.0,2.0,1.0
010_R211,10,R,1,6,OPTIMAL,229.4917,1,1,1,0,0,1.0,229.4917,0.0,0.0,120,5.0,2.0,1.0
010_R211,10,R,1,7,OPTIMAL,219.5735,1,1,1,0,0,1.0,219.5735,0.0,0.0,120,5.0,2.0,1.0
010_R211,10,R,1,8,OPTIMAL,27.0504,1,0,0,0,1,0.0,0.0,0.0,27.0504,120,5.0,2.0,1.0
010_R211,10,R,1,9,OPTIMAL,1.0304,1,0,0,0,1,0.0,0.0,0.0,1.0304,120,5.0,2.0,1.0
010_R211,10,R,2,0,OPTIMAL,573.7586,2,2,2,0,0,1.0,573.7586,0.0,0.0,120,5.0,2.0,1.0
010_R211,10,R,2,1,OPTIMAL,214.2409,2,1,1,0,1,0.5,213.0711,0.0,1.1698,120,5.0,2.0,1.0
010_R211,10,R,2,2,OPTIMAL,441.0426,2,2,2,0,0,1.0,441.0426,0.0,0.0,120,5.0,2.0,1.0
010_R211,10,R,2,3,OPTIMAL,404.3547,2,2,2,0,0,1.0,404.3547,0.0,0.0,120,5.0,2.0,1.0
010_R211,10,R,2,4,OPTIMAL,349.9354,2,1,0,1,1,0.5,322.1408,0.0,27.7946,120,5.0,2.0,1.0
010_R211,10,R,2,5,OPTIMAL,562.0642,2,2,2,0,0,1.0,562.0642,0.0,0.0,120,5.0,2.0,1.0
010_R211,10,R,2,6,OPTIMAL,205.3,2,1,0,1,1,0.5,204.2104,0.0,1.0896,120,5.0,2.0,1.0
010_R211,10,R,2,7,OPTIMAL,157.3042,2,1,1,0,1,0.5,136.2104,0.0,21.0938,120,5.0,2.0,1.0
010_R211,10,R,2,8,OPTIMAL,52.5378,2,0,0,0,2,0.0,0.0,0.0,52.5378,120,5.0,2.0,1.0
010_R211,10,R,2,9,OPTIMAL,1.7989,2,0,0,0,2,0.0,0.0,0.0,1.7989,120,5.0,2.0,1.0
010_R211,10,R,3,0,OPTIMAL,382.9946,3,1,1,0,2,0.3333,325.5298,0.0,57.4648,120,5.0,2.0,1.0
010_R211,10,R,3,1,OPTIMAL,237.1272,3,1,1,0,2,0.3333,208.9396,0.0,28.1876,120,5.0,2.0,1.0
010_R211,10,R,3,2,OPTIMAL,781.0134,3,3,3,0,0,1.0,781.0134,0.0,0.0,120,5.0,2.0,1.0
010_R211,10,R,3,3,OPTIMAL,714.5306,3,3,3,0,0,1.0,714.5306,0.0,0.0,120,5.0,2.0,1.0
010_R211,10,R,3,4,OPTIMAL,641.3176,3,3,3,0,0,1.0,641.3176,0.0,0.0,120,5.0,2.0,1.0
010_R211,10,R,3,5,OPTIMAL,487.6691,3,2,2,0,1,0.6667,482.1526,0.0,5.5164,120,5.0,2.0,1.0
010_R211,10,R,3,6,OPTIMAL,455.3343,3,2,2,0,1,0.6667,417.183,0.0,38.1513,120,5.0,2.0,1.0
010_R211,10,R,3,7,OPTIMAL,37.6404,3,0,0,0,3,0.0,0.0,0.0,37.6404,120,5.0,2.0,1.0
010_R211,10,R,3,8,OPTIMAL,459.6855,3,2,2,0,1,0.6667,459.0675,0.0,0.618,120,5.0,2.0,1.0
010_R211,10,R,3,9,OPTIMAL,355.837,3,2,2,0,1,0.6667,336.5699,0.0,19.2671,120,5.0,2.0,1.0
010_RC101,10,RC,1,0,OPTIMAL,14.8659,1,0,0,0,1,0.0,0.0,0.0,14.8659,120,5.0,2.0,1.0
010_RC101,10,RC,1,1,OPTIMAL,13.2806,1,0,0,0,1,0.0,0.0,0.0,13.2806,120,5.0,2.0,1.0
010_RC101,10,RC,1,2,OPTIMAL,26.7016,1,0,0,0,1,0.0,0.0,0.0,26.7016,120,5.0,2.0,1.0
010_RC101,10,RC,1,3,OPTIMAL,0.3421,1,0,0,0,1,0.0,0.0,0.0,0.3421,120,5.0,2.0,1.0
010_RC101,10,RC,1,4,OPTIMAL,0.5392,1,0,0,0,1,0.0,0.0,0.0,0.5392,120,5.0,2.0,1.0
010_RC101,10,RC,1,5,OPTIMAL,1.2729,1,0,0,0,1,0.0,0.0,0.0,1.2729,120,5.0,2.0,1.0
010_RC101,10,RC,1,6,OPTIMAL,0.5254,1,0,0,0,1,0.0,0.0,0.0,0.5254,120,5.0,2.0,1.0
010_RC101,10,RC,1,7,OPTIMAL,0.034,1,0,0,0,1,0.0,0.0,0.0,0.034,120,5.0,2.0,1.0
010_RC101,10,RC,1,8,OPTIMAL,0.0065,1,0,0,0,1,0.0,0.0,0.0,0.0065,120,5.0,2.0,1.0
010_RC101,10,RC,1,9,OPTIMAL,3.4429,1,0,0,0,1,0.0,0.0,0.0,3.4429,120,5.0,2.0,1.0
010_RC101,10,RC,2,0,OPTIMAL,368.7641,2,1,0,1,1,0.5,368.7585,0.0,0.0056,120,5.0,2.0,1.0
010_RC101,10,RC,2,1,OPTIMAL,4.3295,2,0,0,0,2,0.0,0.0,0.0,4.3295,120,5.0,2.0,1.0
010_RC101,10,RC,2,2,OPTIMAL,15.751,2,0,0,0,2,0.0,0.0,0.0,15.751,120,5.0,2.0,1.0
010_RC101,10,RC,2,3,OPTIMAL,23.3159,2,0,0,0,2,0.0,0.0,0.0,23.3159,120,5.0,2.0,1.0
010_RC101,10,RC,2,4,OPTIMAL,2.027,2,0,0,0,2,0.0,0.0,0.0,2.027,120,5.0,2.0,1.0
010_RC101,10,RC,2,5,OPTIMAL,15.0904,2,0,0,0,2,0.0,0.0,0.0,15.0904,120,5.0,2.0,1.0
010_RC101,10,RC,2,6,OPTIMAL,1.6948,2,0,0,0,2,0.0,0.0,0.0,1.6948,120,5.0,2.0,1.0
010_RC101,10,RC,2,7,OPTIMAL,15.2697,2,0,0,0,2,0.0,0.0,0.5035,14.7662,120,5.0,2.0,1.0
010_RC101,10,RC,2,8,OPTIMAL,3.6683,2,0,0,0,2,0.0,0.0,0.0,3.6683,120,5.0,2.0,1.0
010_RC101,10,RC,2,9,OPTIMAL,20.1743,2,0,0,0,2,0.0,0.0,2.1379,18.0364,120,5.0,2.0,1.0
010_RC101,10,RC,3,0,OPTIMAL,459.0135,3,1,1,0,2,0.3333,447.7415,0.0,11.272,120,5.0,2.0,1.0
010_RC101,10,RC,3,1,OPTIMAL,371.4411,3,1,0,1,2,0.3333,368.2195,0.0,3.2216,120,5.0,2.0,1.0
010_RC101,10,RC,3,2,OPTIMAL,504.3444,3,1,1,0,2,0.3333,477.0147,3.1423,24.1874,120,5.0,2.0,1.0
010_RC101,10,RC,3,3,OPTIMAL,37.6111,3,0,0,0,3,0.0,0.0,0.0,37.6111,120,5.0,2.0,1.0
010_RC101,10,RC,3,4,OPTIMAL,81.3561,3,0,0,0,3,0.0,0.0,14.4848,66.8713,120,5.0,2.0,1.0
010_RC101,10,RC,3,5,OPTIMAL,24.2964,3,0,0,0,3,0.0,0.0,4.6751,19.6213,120,5.0,2.0,1.0
010_RC101,10,RC,3,6,OPTIMAL,394.6865,3,1,1,0,2,0.3333,386.4535,0.0,8.2331,120,5.0,2.0,1.0
010_RC101,10,RC,3,7,OPTIMAL,22.2077,3,0,0,0,3,0.0,0.0,3.0406,19.1671,120,5.0,2.0,1.0
010_RC101,10,RC,3,8,OPTIMAL,7.3973,3,0,0,0,3,0.0,0.0,0.0,7.3973,120,5.0,2.0,1.0
010_RC101,10,RC,3,9,OPTIMAL,30.0231,3,0,0,0,3,0.0,0.0,0.0,30.0231,120,5.0,2.0,1.0
010_RC102,10,RC,1,0,OPTIMAL,8.5799,1,0,0,0,1,0.0,0.0,0.0,8.5799,120,5.0,2.0,1.0
010_RC102,10,RC,1,1,OPTIMAL,6.6403,1,0,0,0,1,0.0,0.0,0.0,6.6403,120,5.0,2.0,1.0
010_RC102,10,RC,1,2,OPTIMAL,0.0504,1,0,0,0,1,0.0,0.0,0.0,0.0504,120,5.0,2.0,1.0
010_RC102,10,RC,1,3,OPTIMAL,0.3421,1,0,0,0,1,0.0,0.0,0.0,0.3421,120,5.0,2.0,1.0
010_RC102,10,RC,1,4,OPTIMAL,5.9336,1,0,0,0,1,0.0,0.0,0.0,5.9336,120,5.0,2.0,1.0
010_RC102,10,RC,1,5,OPTIMAL,0.0746,1,0,0,0,1,0.0,0.0,0.0,0.0746,120,5.0,2.0,1.0
010_RC102,10,RC,1,6,OPTIMAL,0.5254,1,0,0,0,1,0.0,0.0,0.0,0.5254,120,5.0,2.0,1.0
010_RC102,10,RC,1,7,OPTIMAL,0.034,1,0,0,0,1,0.0,0.0,0.0,0.034,120,5.0,2.0,1.0
010_RC102,10,RC,1,8,OPTIMAL,0.0065,1,0,0,0,1,0.0,0.0,0.0,0.0065,120,5.0,2.0,1.0
010_RC102,10,RC,1,9,OPTIMAL,0.1068,1,0,0,0,1,0.0,0.0,0.0,0.1068,120,5.0,2.0,1.0
010_RC102,10,RC,2,0,OPTIMAL,212.1288,2,0,0,0,2,0.0,0.0,54.478,157.6508,120,5.0,2.0,1.0
010_RC102,10,RC,2,1,OPTIMAL,40.3252,2,0,0,0,2,0.0,0.0,0.0,40.3252,120,5.0,2.0,1.0
010_RC102,10,RC,2,2,OPTIMAL,64.6755,2,0,0,0,2,0.0,0.0,0.0,64.6755,120,5.0,2.0,1.0
010_RC102,10,RC,2,3,OPTIMAL,19.384,2,0,0,0,2,0.0,0.0,0.0,19.384,120,5.0,2.0,1.0
010_RC102,10,RC,2,4,OPTIMAL,401.5186,2,1,1,0,1,0.5,401.4296,0.0,0.089,120,5.0,2.0,1.0
010_RC102,10,RC,2,5,OPTIMAL,52.0062,2,0,0,0,2,0.0,0.0,0.0,52.0062,120,5.0,2.0,1.0
010_RC102,10,RC,2,6,OPTIMAL,1.6948,2,0,0,0,2,0.0,0.0,0.0,1.6948,120,5.0,2.0,1.0
010_RC102,10,RC,2,7,OPTIMAL,7.7539,2,0,0,0,2,0.0,0.0,0.0,7.7539,120,5.0,2.0,1.0
010_RC102,10,RC,2,8,OPTIMAL,3.4926,2,0,0,0,2,0.0,0.0,0.0,3.4926,120,5.0,2.0,1.0
010_RC102,10,RC,2,9,OPTIMAL,9.3896,2,0,0,0,2,0.0,0.0,0.0,9.3896,120,5.0,2.0,1.0
010_RC102,10,RC,3,0,OPTIMAL,456.634,3,1,1,0,2,0.3333,447.7415,0.0,8.8924,120,5.0,2.0,1.0
010_RC102,10,RC,3,1,OPTIMAL,369.8488,3,1,1,0,2,0.3333,368.2195,0.0,1.6293,120,5.0,2.0,1.0
010_RC102,10,RC,3,2,OPTIMAL,541.6951,3,1,1,0,2,0.3333,477.0147,0.0,64.6803,120,5.0,2.0,1.0
010_RC102,10,RC,3,3,OPTIMAL,59.7925,3,0,0,0,3,0.0,0.0,0.0,59.7925,120,5.0,2.0,1.0
010_RC102,10,RC,3,4,OPTIMAL,27.8966,3,0,0,0,3,0.0,0.0,0.0,27.8966,120,5.0,2.0,1.0
010_RC102,10,RC,3,5,OPTIMAL,63.2729,3,0,0,0,3,0.0,0.0,0.0,63.2729,120,5.0,2.0,1.0
010_RC102,10,RC,3,6,OPTIMAL,177.4728,3,0,0,0,3,0.0,0.0,60.575,116.8978,120,5.0,2.0,1.0
010_RC102,10,RC,3,7,OPTIMAL,56.4745,3,0,0,0,3,0.0,0.0,0.0,56.4745,120,5.0,2.0,1.0
010_RC102,10,RC,3,8,OPTIMAL,43.4774,3,0,0,0,3,0.0,0.0,0.0,43.4774,120,5.0,2.0,1.0
010_RC102,10,RC,3,9,OPTIMAL,6.5704,3,0,0,0,3,0.0,0.0,0.0,6.5704,120,5.0,2.0,1.0
010_RC103,10,RC,1,0,OPTIMAL,8.5799,1,0,0,0,1,0.0,0.0,0.0,8.5799,120,5.0,2.0,1.0
010_RC103,10,RC,1,1,OPTIMAL,6.6403,1,0,0,0,1,0.0,0.0,0.0,6.6403,120,5.0,2.0,1.0
010_RC103,10,RC,1,2,OPTIMAL,0.0504,1,0,0,0,1,0.0,0.0,0.0,0.0504,120,5.0,2.0,1.0
010_RC103,10,RC,1,3,OPTIMAL,4.7357,1,0,0,0,1,0.0,0.0,0.0,4.7357,120,5.0,2.0,1.0
010_RC103,10,RC,1,4,OPTIMAL,5.9336,1,0,0,0,1,0.0,0.0,0.0,5.9336,120,5.0,2.0,1.0
010_RC103,10,RC,1,5,OPTIMAL,0.0746,1,0,0,0,1,0.0,0.0,0.0,0.0746,120,5.0,2.0,1.0
010_RC103,10,RC,1,6,OPTIMAL,2.1261,1,0,0,0,1,0.0,0.0,0.0,2.1261,120,5.0,2.0,1.0
010_RC103,10,RC,1,7,OPTIMAL,51.0268,1,0,0,0,1,0.0,0.0,0.0,51.0268,120,5.0,2.0,1.0
010_RC103,10,RC,1,8,OPTIMAL,53.5489,1,0,0,0,1,0.0,0.0,0.0,53.5489,120,5.0,2.0,1.0
010_RC103,10,RC,1,9,OPTIMAL,0.1068,1,0,0,0,1,0.0,0.0,0.0,0.1068,120,5.0,2.0,1.0
010_RC103,10,RC,2,0,OPTIMAL,105.5607,2,0,0,0,2,0.0,0.0,0.0,105.5607,120,5.0,2.0,1.0
010_RC103,10,RC,2,1,OPTIMAL,42.6154,2,0,0,0,2,0.0,0.0,0.0,42.6154,120,5.0,2.0,1.0
010_RC103,10,RC,2,2,OPTIMAL,108.7914,2,0,0,0,2,0.0,0.0,0.0,108.7914,120,5.0,2.0,1.0
010_RC103,10,RC,2,3,OPTIMAL,384.6969,2,1,0,1,1,0.5,328.0658,0.0,56.6311,120,5.0,2.0,1.0
010_RC103,10,RC,2,4,OPTIMAL,401.6966,2,1,1,0,1,0.5,401.4296,0.0,0.267,120,5.0,2.0,1.0
010_RC103,10,RC,2,5,OPTIMAL,46.6939,2,0,0,0,2,0.0,0.0,0.0,46.6939,120,5.0,2.0,1.0
010_RC103,10,RC,2,6,OPTIMAL,55.113,2,0,0,0,2,0.0,0.0,0.0,55.113,120,5.0,2.0,1.0
010_RC103,10,RC,2,7,OPTIMAL,5.343,2,0,0,0,2,0.0,0.0,0.0,5.343,120,5.0,2.0,1.0
010_RC103,10,RC,2,8,OPTIMAL,362.1782,2,1,0,1,1,0.5,315.1848,0.0,46.9934,120,5.0,2.0,1.0
010_RC103,10,RC,2,9,OPTIMAL,45.3493,2,0,0,0,2,0.0,0.0,0.0,45.3493,120,5.0,2.0,1.0
010_RC103,10,RC,3,0,OPTIMAL,8.6714,3,0,0,0,3,0.0,0.0,0.0,8.6714,120,5.0,2.0,1.0
010_RC103,10,RC,3,1,OPTIMAL,407.2282,3,1,1,0,2,0.3333,368.2195,0.0,39.0087,120,5.0,2.0,1.0
010_RC103,10,RC,3,2,OPTIMAL,78.6087,3,0,0,0,3,0.0,0.0,0.0,78.6087,120,5.0,2.0,1.0
010_RC103,10,RC,3,3,OPTIMAL,62.8851,3,0,0,0,3,0.0,0.0,0.0,62.8851,120,5.0,2.0,1.0
010_RC103,10,RC,3,4,OPTIMAL,476.4106,3,1,1,0,2,0.3333,474.7118,0.0,1.6987,120,5.0,2.0,1.0
010_RC103,10,RC,3,5,OPTIMAL,101.7675,3,0,0,0,3,0.0,0.0,0.0,101.7675,120,5.0,2.0,1.0
010_RC103,10,RC,3,6,OPTIMAL,51.7093,3,0,0,0,3,0.0,0.0,0.0,51.7093,120,5.0,2.0,1.0
010_RC103,10,RC,3,7,OPTIMAL,54.9137,3,0,0,0,3,0.0,0.0,0.0,54.9137,120,5.0,2.0,1.0
010_RC103,10,RC,3,8,OPTIMAL,44.6194,3,0,0,0,3,0.0,0.0,0.0,44.6194,120,5.0,2.0,1.0
010_RC103,10,RC,3,9,OPTIMAL,10.2553,3,0,0,0,3,0.0,0.0,0.0,10.2553,120,5.0,2.0,1.0
010_RC104,10,RC,1,0,OPTIMAL,9.76,1,0,0,0,1,0.0,0.0,0.0,9.76,120,5.0,2.0,1.0
010_RC104,10,RC,1,1,OPTIMAL,9.6725,1,0,0,0,1,0.0,0.0,0.0,9.6725,120,5.0,2.0,1.0
010_RC104,10,RC,1,2,OPTIMAL,0.0504,1,0,0,0,1,0.0,0.0,0.0,0.0504,120,5.0,2.0,1.0
010_RC104,10,RC,1,3,OPTIMAL,4.7357,1,0,0,0,1,0.0,0.0,0.0,4.7357,120,5.0,2.0,1.0
010_RC104,10,RC,1,4,OPTIMAL,5.9336,1,0,0,0,1,0.0,0.0,0.0,5.9336,120,5.0,2.0,1.0
010_RC104,10,RC,1,5,OPTIMAL,0.0746,1,0,0,0,1,0.0,0.0,0.0,0.0746,120,5.0,2.0,1.0
010_RC104,10,RC,1,6,OPTIMAL,2.1261,1,0,0,0,1,0.0,0.0,0.0,2.1261,120,5.0,2.0,1.0
010_RC104,10,RC,1,7,OPTIMAL,51.0268,1,0,0,0,1,0.0,0.0,0.0,51.0268,120,5.0,2.0,1.0
010_RC104,10,RC,1,8,OPTIMAL,53.5489,1,0,0,0,1,0.0,0.0,0.0,53.5489,120,5.0,2.0,1.0
010_RC104,10,RC,1,9,OPTIMAL,0.1068,1,0,0,0,1,0.0,0.0,0.0,0.1068,120,5.0,2.0,1.0
010_RC104,10,RC,2,0,OPTIMAL,105.5607,2,0,0,0,2,0.0,0.0,0.0,105.5607,120,5.0,2.0,1.0
010_RC104,10,RC,2,1,OPTIMAL,325.9657,2,1,1,0,1,0.5,323.6648,0.0,2.3009,120,5.0,2.0,1.0
010_RC104,10,RC,2,2,OPTIMAL,439.9357,2,1,0,1,1,0.5,392.085,0.0,47.8507,120,5.0,2.0,1.0
010_RC104,10,RC,2,3,OPTIMAL,755.7047,2,2,2,0,0,1.0,755.7047,0.0,0.0,120,5.0,2.0,1.0
010_RC104,10,RC,2,4,OPTIMAL,401.6966,2,1,1,0,1,0.5,401.4296,0.0,0.267,120,5.0,2.0,1.0
010_RC104,10,RC,2,5,OPTIMAL,49.5721,2,0,0,0,2,0.0,0.0,0.0,49.5721,120,5.0,2.0,1.0
010_RC104,10,RC,2,6,OPTIMAL,55.113,2,0,0,0,2,0.0,0.0,0.0,55.113,120,5.0,2.0,1.0
010_RC104,10,RC,2,7,OPTIMAL,5.343,2,0,0,0,2,0.0,0.0,0.0,5.343,120,5.0,2.0,1.0
010_RC104,10,RC,2,8,OPTIMAL,357.2751,2,1,1,0,1,0.5,315.1848,0.0,42.0904,120,5.0,2.0,1.0
010_RC104,10,RC,2,9,OPTIMAL,45.3493,2,0,0,0,2,0.0,0.0,0.0,45.3493,120,5.0,2.0,1.0
010_RC104,10,RC,3,0,OPTIMAL,8.6714,3,0,0,0,3,0.0,0.0,0.0,8.6714,120,5.0,2.0,1.0
010_RC104,10,RC,3,1,OPTIMAL,407.2282,3,1,1,0,2,0.3333,368.2195,0.0,39.0087,120,5.0,2.0,1.0
010_RC104,10,RC,3,2,OPTIMAL,400.3426,3,1,1,0,2,0.3333,376.7632,0.0,23.5794,120,5.0,2.0,1.0
010_RC104,10,RC,3,3,OPTIMAL,414.9149,3,1,1,0,2,0.3333,409.3658,0.0,5.5491,120,5.0,2.0,1.0
010_RC104,10,RC,3,4,OPTIMAL,476.2567,3,1,1,0,2,0.3333,474.7118,0.0,1.5449,120,5.0,2.0,1.0
010_RC104,10,RC,3,5,OPTIMAL,414.5553,3,1,0,1,2,0.3333,356.1719,0.0,58.3835,120,5.0,2.0,1.0
010_RC104,10,RC,3,6,OPTIMAL,51.7093,3,0,0,0,3,0.0,0.0,0.0,51.7093,120,5.0,2.0,1.0
010_RC104,10,RC,3,7,OPTIMAL,379.7915,3,1,1,0,2,0.3333,378.2306,0.0,1.5609,120,5.0,2.0,1.0
010_RC104,10,RC,3,8,OPTIMAL,322.2662,3,1,0,1,2,0.3333,315.5402,0.0,6.7259,120,5.0,2.0,1.0
010_RC104,10,RC,3,9,OPTIMAL,321.6344,3,1,1,0,2,0.3333,316.5573,0.0,5.0771,120,5.0,2.0,1.0
010_RC105,10,RC,1,0,OPTIMAL,8.5799,1,0,0,0,1,0.0,0.0,0.0,8.5799,120,5.0,2.0,1.0
010_RC105,10,RC,1,1,OPTIMAL,6.6403,1,0,0,0,1,0.0,0.0,0.0,6.6403,120,5.0,2.0,1.0
010_RC105,10,RC,1,2,OPTIMAL,0.0336,1,0,0,0,1,0.0,0.0,0.0,0.0336,120,5.0,2.0,1.0
010_RC105,10,RC,1,3,OPTIMAL,0.415,1,0,0,0,1,0.0,0.0,0.0,0.415,120,5.0,2.0,1.0
010_RC105,10,RC,1,4,OPTIMAL,3.9557,1,0,0,0,1,0.0,0.0,0.0,3.9557,120,5.0,2.0,1.0
010_RC105,10,RC,1,5,OPTIMAL,0.0746,1,0,0,0,1,0.0,0.0,0.0,0.0746,120,5.0,2.0,1.0
010_RC105,10,RC,1,6,OPTIMAL,0.7881,1,0,0,0,1,0.0,0.0,0.0,0.7881,120,5.0,2.0,1.0
010_RC105,10,RC,1,7,OPTIMAL,0.4908,1,0,0,0,1,0.0,0.0,0.0,0.4908,120,5.0,2.0,1.0
010_RC105,10,RC,1,8,OPTIMAL,0.2516,1,0,0,0,1,0.0,0.0,0.0,0.2516,120,5.0,2.0,1.0
010_RC105,10,RC,1,9,OPTIMAL,0.1068,1,0,0,0,1,0.0,0.0,0.0,0.1068,120,5.0,2.0,1.0
010_RC105,10,RC,2,0,OPTIMAL,56.0475,2,0,0,0,2,0.0,0.0,0.0,56.0475,120,5.0,2.0,1.0
010_RC105,10,RC,2,1,OPTIMAL,235.065,2,0,0,0,2,0.0,0.0,86.0341,149.031,120,5.0,2.0,1.0
010_RC105,10,RC,2,2,OPTIMAL,58.9411,2,0,0,0,2,0.0,0.0,0.0,58.9411,120,5.0,2.0,1.0
010_RC105,10,RC,2,3,OPTIMAL,167.3987,2,0,0,0,2,0.0,0.0,0.0,167.3987,120,5.0,2.0,1.0
010_RC105,10,RC,2,4,OPTIMAL,10.3474,2,0,0,0,2,0.0,0.0,0.0,10.3474,120,5.0,2.0,1.0
010_RC105,10,RC,2,5,OPTIMAL,52.0062,2,0,0,0,2,0.0,0.0,0.0,52.0062,120,5.0,2.0,1.0
010_RC105,10,RC,2,6,OPTIMAL,2.0665,2,0,0,0,2,0.0,0.0,0.0,2.0665,120,5.0,2.0,1.0
010_RC105,10,RC,2,7,OPTIMAL,190.8149,2,0,0,0,2,0.0,0.0,80.5601,110.2548,120,5.0,2.0,1.0
010_RC105,10,RC,2,8,OPTIMAL,0.3556,2,0,0,0,2,0.0,0.0,0.0,0.3556,120,5.0,2.0,1.0
010_RC105,10,RC,2,9,OPTIMAL,7.0786,2,0,0,0,2,0.0,0.0,0.0,7.0786,120,5.0,2.0,1.0
010_RC105,10,RC,3,0,OPTIMAL,637.5206,3,1,1,0,2,0.3333,447.7415,76.8763,112.9027,120,5.0,2.0,1.0
010_RC105,10,RC,3,1,OPTIMAL,3.842,3,0,0,0,3,0.0,0.0,0.0,3.842,120,5.0,2.0,1.0
010_RC105,10,RC,3,2,OPTIMAL,539.0126,3,1,1,0,2,0.3333,477.0147,0.0,61.9979,120,5.0,2.0,1.0
010_RC105,10,RC,3,3,OPTIMAL,58.979,3,0,0,0,3,0.0,0.0,0.0,58.979,120,5.0,2.0,1.0
010_RC105,10,RC,3,4,OPTIMAL,69.381,3,0,0,0,3,0.0,0.0,0.0,69.381,120,5.0,2.0,1.0
010_RC105,10,RC,3,5,OPTIMAL,67.9875,3,0,0,0,3,0.0,0.0,0.0,67.9875,120,5.0,2.0,1.0
010_RC105,10,RC,3,6,OPTIMAL,201.3524,3,0,0,0,3,0.0,0.0,80.575,120.7774,120,5.0,2.0,1.0
010_RC105,10,RC,3,7,OPTIMAL,56.4745,3,0,0,0,3,0.0,0.0,0.0,56.4745,120,5.0,2.0,1.0
010_RC105,10,RC,3,8,OPTIMAL,247.7653,3,0,0,0,3,0.0,0.0,91.9918,155.7736,120,5.0,2.0,1.0
010_RC105,10,RC,3,9,OPTIMAL,6.944,3,0,0,0,3,0.0,0.0,0.0,6.944,120,5.0,2.0,1.0
010_RC106,10,RC,1,0,OPTIMAL,14.8659,1,0,0,0,1,0.0,0.0,0.0,14.8659,120,5.0,2.0,1.0
010_RC106,10,RC,1,1,OPTIMAL,13.2806,1,0,0,0,1,0.0,0.0,0.0,13.2806,120,5.0,2.0,1.0
010_RC106,10,RC,1,2,OPTIMAL,372.7582,1,1,0,1,0,1.0,372.7582,0.0,0.0,120,5.0,2.0,1.0
010_RC106,10,RC,1,3,OPTIMAL,0.3421,1,0,0,0,1,0.0,0.0,0.0,0.3421,120,5.0,2.0,1.0
010_RC106,10,RC,1,4,OPTIMAL,0.5392,1,0,0,0,1,0.0,0.0,0.0,0.5392,120,5.0,2.0,1.0
010_RC106,10,RC,1,5,OPTIMAL,9.0115,1,0,0,0,1,0.0,0.0,0.0,9.0115,120,5.0,2.0,1.0
010_RC106,10,RC,1,6,OPTIMAL,0.5254,1,0,0,0,1,0.0,0.0,0.0,0.5254,120,5.0,2.0,1.0
010_RC106,10,RC,1,7,OPTIMAL,13.6041,1,0,0,0,1,0.0,0.0,0.0,13.6041,120,5.0,2.0,1.0
010_RC106,10,RC,1,8,OPTIMAL,16.4088,1,0,0,0,1,0.0,0.0,0.0,16.4088,120,5.0,2.0,1.0
010_RC106,10,RC,1,9,OPTIMAL,10.962,1,0,0,0,1,0.0,0.0,0.0,10.962,120,5.0,2.0,1.0
010_RC106,10,RC,2,0,OPTIMAL,469.926,2,1,0,1,1,0.5,368.7585,0.0,101.1675,120,5.0,2.0,1.0
010_RC106,10,RC,2,1,OPTIMAL,323.6756,2,1,0,1,1,0.5,323.6648,0.0,0.0108,120,5.0,2.0,1.0
010_RC106,10,RC,2,2,OPTIMAL,117.353,2,0,0,0,2,0.0,0.0,0.0,117.353,120,5.0,2.0,1.0
010_RC106,10,RC,2,3,OPTIMAL,755.7047,2,2,1,1,0,1.0,755.7047,0.0,0.0,120,5.0,2.0,1.0
010_RC106,10,RC,2,4,OPTIMAL,401.5186,2,1,0,1,1,0.5,401.4296,0.0,0.089,120,5.0,2.0,1.0
010_RC106,10,RC,2,5,OPTIMAL,82.1336,2,0,0,0,2,0.0,0.0,0.0,82.1336,120,5.0,2.0,1.0
010_RC106,10,RC,2,6,OPTIMAL,4.533,2,0,0,0,2,0.0,0.0,0.0,4.533,120,5.0,2.0,1.0
010_RC106,10,RC,2,7,OPTIMAL,77.8822,2,0,0,0,2,0.0,0.0,0.0,77.8822,120,5.0,2.0,1.0
010_RC106,10,RC,2,8,OPTIMAL,318.5016,2,1,0,1,1,0.5,315.1848,0.0,3.3169,120,5.0,2.0,1.0
010_RC106,10,RC,2,9,OPTIMAL,66.6682,2,0,0,0,2,0.0,0.0,0.0,66.6682,120,5.0,2.0,1.0
010_RC106,10,RC,3,0,OPTIMAL,17.8402,3,0,0,0,3,0.0,0.0,0.0,17.8402,120,5.0,2.0,1.0
010_RC106,10,RC,3,1,OPTIMAL,431.5261,3,1,0,1,2,0.3333,368.2195,0.0,63.3066,120,5.0,2.0,1.0
010_RC106,10,RC,3,2,OPTIMAL,452.5295,3,1,0,1,2,0.3333,376.7632,0.0,75.7663,120,5.0,2.0,1.0
010_RC106,10,RC,3,3,OPTIMAL,442.2883,3,1,0,1,2,0.3333,409.3658,0.0,32.9225,120,5.0,2.0,1.0
010_RC106,10,RC,3,4,OPTIMAL,483.4499,3,1,1,0,2,0.3333,474.7118,0.0,8.738,120,5.0,2.0,1.0
010_RC106,10,RC,3,5,OPTIMAL,180.9537,3,0,0,0,3,0.0,0.0,0.0,180.9537,120,5.0,2.0,1.0
010_RC106,10,RC,3,6,OPTIMAL,9.6085,3,0,0,0,3,0.0,0.0,0.0,9.6085,120,5.0,2.0,1.0
010_RC106,10,RC,3,7,OPTIMAL,455.0379,3,1,0,1,2,0.3333,378.2306,0.0,76.8073,120,5.0,2.0,1.0
010_RC106,10,RC,3,8,OPTIMAL,65.6154,3,0,0,0,3,0.0,0.0,0.0,65.6154,120,5.0,2.0,1.0
010_RC106,10,RC,3,9,OPTIMAL,336.2241,3,1,0,1,2,0.3333,316.5573,0.0,19.6668,120,5.0,2.0,1.0
010_RC107,10,RC,1,0,OPTIMAL,8.5799,1,0,0,0,1,0.0,0.0,0.0,8.5799,120,5.0,2.0,1.0
010_RC107,10,RC,1,1,OPTIMAL,6.6403,1,0,0,0,1,0.0,0.0,0.0,6.6403,120,5.0,2.0,1.0
010_RC107,10,RC,1,2,OPTIMAL,136.9111,1,0,0,0,1,0.0,0.0,26.0537,110.8574,120,5.0,2.0,1.0
010_RC107,10,RC,1,3,OPTIMAL,0.3421,1,0,0,0,1,0.0,0.0,0.0,0.3421,120,5.0,2.0,1.0
010_RC107,10,RC,1,4,OPTIMAL,76.6329,1,0,0,0,1,0.0,0.0,0.0,76.6329,120,5.0,2.0,1.0
010_RC107,10,RC,1,5,OPTIMAL,4.5058,1,0,0,0,1,0.0,0.0,0.0,4.5058,120,5.0,2.0,1.0
010_RC107,10,RC,1,6,OPTIMAL,0.5254,1,0,0,0,1,0.0,0.0,0.0,0.5254,120,5.0,2.0,1.0
010_RC107,10,RC,1,7,OPTIMAL,0.034,1,0,0,0,1,0.0,0.0,0.0,0.034,120,5.0,2.0,1.0
010_RC107,10,RC,1,8,OPTIMAL,0.0065,1,0,0,0,1,0.0,0.0,0.0,0.0065,120,5.0,2.0,1.0
010_RC107,10,RC,1,9,OPTIMAL,5.481,1,0,0,0,1,0.0,0.0,0.0,5.481,120,5.0,2.0,1.0
010_RC107,10,RC,2,0,OPTIMAL,2.5824,2,0,0,0,2,0.0,0.0,0.0,2.5824,120,5.0,2.0,1.0
010_RC107,10,RC,2,1,OPTIMAL,4.3295,2,0,0,0,2,0.0,0.0,0.0,4.3295,120,5.0,2.0,1.0
010_RC107,10,RC,2,2,OPTIMAL,19.7038,2,0,0,0,2,0.0,0.0,0.0,19.7038,120,5.0,2.0,1.0
010_RC107,10,RC,2,3,OPTIMAL,105.1267,2,0,0,0,2,0.0,0.0,0.0,105.1267,120,5.0,2.0,1.0
010_RC107,10,RC,2,4,OPTIMAL,2.027,2,0,0,0,2,0.0,0.0,0.0,2.027,120,5.0,2.0,1.0
010_RC107,10,RC,2,5,OPTIMAL,15.368,2,0,0,0,2,0.0,0.0,0.0,15.368,120,5.0,2.0,1.0
010_RC107,10,RC,2,6,OPTIMAL,1.6948,2,0,0,0,2,0.0,0.0,0.0,1.6948,120,5.0,2.0,1.0
010_RC107,10,RC,2,7,OPTIMAL,0.9167,2,0,0,0,2,0.0,0.0,0.0,0.9167,120,5.0,2.0,1.0
010_RC107,10,RC,2,8,OPTIMAL,85.3543,2,0,0,0,2,0.0,0.0,0.0,85.3543,120,5.0,2.0,1.0
010_RC107,10,RC,2,9,OPTIMAL,18.0364,2,0,0,0,2,0.0,0.0,0.0,18.0364,120,5.0,2.0,1.0
010_RC107,10,RC,3,0,OPTIMAL,456.634,3,1,1,0,2,0.3333,447.7415,0.0,8.8924,120,5.0,2.0,1.0
010_RC107,10,RC,3,1,OPTIMAL,2.2844,3,0,0,0,3,0.0,0.0,0.0,2.2844,120,5.0,2.0,1.0
010_RC107,10,RC,3,2,OPTIMAL,501.2021,3,1,1,0,2,0.3333,477.0147,0.0,24.1874,120,5.0,2.0,1.0
010_RC107,10,RC,3,3,OPTIMAL,43.7482,3,0,0,0,3,0.0,0.0,0.0,43.7482,120,5.0,2.0,1.0
010_RC107,10,RC,3,4,OPTIMAL,475.5013,3,1,1,0,2,0.3333,474.7118,0.0,0.7894,120,5.0,2.0,1.0
010_RC107,10,RC,3,5,OPTIMAL,6.8984,3,0,0,0,3,0.0,0.0,0.0,6.8984,120,5.0,2.0,1.0
010_RC107,10,RC,3,6,OPTIMAL,12.3334,3,0,0,0,3,0.0,0.0,0.0,12.3334,120,5.0,2.0,1.0
010_RC107,10,RC,3,7,OPTIMAL,3.9526,3,0,0,0,3,0.0,0.0,0.0,3.9526,120,5.0,2.0,1.0
010_RC107,10,RC,3,8,OPTIMAL,11.1085,3,0,0,0,3,0.0,0.0,0.0,11.1085,120,5.0,2.0,1.0
010_RC107,10,RC,3,9,OPTIMAL,58.6095,3,0,0,0,3,0.0,0.0,0.0,58.6095,120,5.0,2.0,1.0
010_RC108,10,RC,1,0,OPTIMAL,8.5799,1,0,0,0,1,0.0,0.0,0.0,8.5799,120,5.0,2.0,1.0
010_RC108,10,RC,1,1,OPTIMAL,6.6403,1,0,0,0,1,0.0,0.0,0.0,6.6403,120,5.0,2.0,1.0
010_RC108,10,RC,1,2,OPTIMAL,0.0504,1,0,0,0,1,0.0,0.0,0.0,0.0504,120,5.0,2.0,1.0
010_RC108,10,RC,1,3,OPTIMAL,0.4651,1,0,0,0,1,0.0,0.0,0.0,0.4651,120,5.0,2.0,1.0
010_RC108,10,RC,1,4,OPTIMAL,4.176,1,0,0,0,1,0.0,0.0,0.0,4.176,120,5.0,2.0,1.0
010_RC108,10,RC,1,5,OPTIMAL,4.5058,1,0,0,0,1,0.0,0.0,0.0,4.5058,120,5.0,2.0,1.0
010_RC108,10,RC,1,6,OPTIMAL,0.815,1,0,0,0,1,0.0,0.0,0.0,0.815,120,5.0,2.0,1.0
010_RC108,10,RC,1,7,OPTIMAL,0.0007,1,0,0,0,1,0.0,0.0,0.0,0.0007,120,5.0,2.0,1.0
010_RC108,10,RC,1,8,OPTIMAL,0.0066,1,0,0,0,1,0.0,0.0,0.0,0.0066,120,5.0,2.0,1.0
010_RC108,10,RC,1,9,OPTIMAL,5.481,1,0,0,0,1,0.0,0.0,0.0,5.481,120,5.0,2.0,1.0
010_RC108,10,RC,2,0,OPTIMAL,3.0016,2,0,0,0,2,0.0,0.0,0.0,3.0016,120,5.0,2.0,1.0
010_RC108,10,RC,2,1,OPTIMAL,0.6305,2,0,0,0,2,0.0,0.0,0.0,0.6305,120,5.0,2.0,1.0
010_RC108,10,RC,2,2,OPTIMAL,55.0278,2,0,0,0,2,0.0,0.0,0.0,55.0278,120,5.0,2.0,1.0
010_RC108,10,RC,2,3,OPTIMAL,431.5708,2,1,1,0,1,0.5,427.6389,0.0,3.9319,120,5.0,2.0,1.0
010_RC108,10,RC,2,4,OPTIMAL,1.9565,2,0,0,0,2,0.0,0.0,0.0,1.9565,120,5.0,2.0,1.0
010_RC108,10,RC,2,5,OPTIMAL,10.3449,2,0,0,0,2,0.0,0.0,0.0,10.3449,120,5.0,2.0,1.0
010_RC108,10,RC,2,6,OPTIMAL,8.7815,2,0,0,0,2,0.0,0.0,0.0,8.7815,120,5.0,2.0,1.0
010_RC108,10,RC,2,7,OPTIMAL,1.0042,2,0,0,0,2,0.0,0.0,0.0,1.0042,120,5.0,2.0,1.0
010_RC108,10,RC,2,8,OPTIMAL,85.8864,2,0,0,0,2,0.0,0.0,0.0,85.8864,120,5.0,2.0,1.0
010_RC108,10,RC,2,9,OPTIMAL,15.477,2,0,0,0,2,0.0,0.0,0.0,15.477,120,5.0,2.0,1.0
010_RC108,10,RC,3,0,OPTIMAL,28.1782,3,0,0,0,3,0.0,0.0,0.0,28.1782,120,5.0,2.0,1.0
010_RC108,10,RC,3,1,OPTIMAL,6.4999,3,0,0,0,3,0.0,0.0,0.0,6.4999,120,5.0,2.0,1.0
010_RC108,10,RC,3,2,OPTIMAL,50.5495,3,0,0,0,3,0.0,0.0,0.0,50.5495,120,5.0,2.0,1.0
010_RC108,10,RC,3,3,OPTIMAL,8.9952,3,0,0,0,3,0.0,0.0,0.0,8.9952,120,5.0,2.0,1.0
010_RC108,10,RC,3,4,OPTIMAL,475.8815,3,1,1,0,2,0.3333,474.7118,0.0,1.1696,120,5.0,2.0,1.0
010_RC108,10,RC,3,5,OPTIMAL,7.624,3,0,0,0,3,0.0,0.0,0.0,7.624,120,5.0,2.0,1.0
010_RC108,10,RC,3,6,OPTIMAL,12.178,3,0,0,0,3,0.0,0.0,0.0,12.178,120,5.0,2.0,1.0
010_RC108,10,RC,3,7,OPTIMAL,1.6277,3,0,0,0,3,0.0,0.0,0.0,1.6277,120,5.0,2.0,1.0
010_RC108,10,RC,3,8,OPTIMAL,6.3957,3,0,0,0,3,0.0,0.0,0.0,6.3957,120,5.0,2.0,1.0
010_RC108,10,RC,3,9,OPTIMAL,8.6919,3,0,0,0,3,0.0,0.0,0.0,8.6919,120,5.0,2.0,1.0
010_RC201,10,RC,1,0,OPTIMAL,8.5799,1,0,0,0,1,0.0,0.0,0.0,8.5799,120,5.0,2.0,1.0
010_RC201,10,RC,1,1,OPTIMAL,6.6403,1,0,0,0,1,0.0,0.0,0.0,6.6403,120,5.0,2.0,1.0
010_RC201,10,RC,1,2,OPTIMAL,372.7582,1,1,1,0,0,1.0,372.7582,0.0,0.0,120,5.0,2.0,1.0
010_RC201,10,RC,1,3,OPTIMAL,52.9157,1,0,0,0,1,0.0,0.0,0.0,52.9157,120,5.0,2.0,1.0
010_RC201,10,RC,1,4,OPTIMAL,297.8473,1,1,1,0,0,1.0,297.8473,0.0,0.0,120,5.0,2.0,1.0
010_RC201,10,RC,1,5,OPTIMAL,320.5385,1,1,1,0,0,1.0,320.5385,0.0,0.0,120,5.0,2.0,1.0
010_RC201,10,RC,1,6,OPTIMAL,0.2627,1,0,0,0,1,0.0,0.0,0.0,0.2627,120,5.0,2.0,1.0
010_RC201,10,RC,1,7,OPTIMAL,13.6041,1,0,0,0,1,0.0,0.0,0.0,13.6041,120,5.0,2.0,1.0
010_RC201,10,RC,1,8,OPTIMAL,432.2262,1,1,1,0,0,1.0,432.2262,0.0,0.0,120,5.0,2.0,1.0
010_RC201,10,RC,1,9,OPTIMAL,320.151,1,1,1,0,0,1.0,320.151,0.0,0.0,120,5.0,2.0,1.0
010_RC201,10,RC,2,0,OPTIMAL,374.6239,2,1,1,0,1,0.5,371.625,0.0,2.9988,120,5.0,2.0,1.0
010_RC201,10,RC,2,1,OPTIMAL,324.3308,2,1,1,0,1,0.5,323.6648,0.0,0.666,120,5.0,2.0,1.0
010_RC201,10,RC,2,2,OPTIMAL,801.9556,2,2,1,1,0,1.0,801.9556,0.0,0.0,120,5.0,2.0,1.0
010_RC201,10,RC,2,3,OPTIMAL,755.7047,2,2,2,0,0,1.0,755.7047,0.0,0.0,120,5.0,2.0,1.0
010_RC201,10,RC,2,4,OPTIMAL,46.4121,2,0,0,0,2,0.0,0.0,0.0,46.4121,120,5.0,2.0,1.0
010_RC201,10,RC,2,5,OPTIMAL,341.5681,2,1,1,0,1,0.5,330.3169,0.0,11.2512,120,5.0,2.0,1.0
010_RC201,10,RC,2,6,OPTIMAL,398.9268,2,1,1,0,1,0.5,398.7766,0.0,0.1502,120,5.0,2.0,1.0
010_RC201,10,RC,2,7,OPTIMAL,705.4359,2,2,2,0,0,1.0,705.4359,0.0,0.0,120,5.0,2.0,1.0
010_RC201,10,RC,2,8,OPTIMAL,682.2342,2,2,2,0,0,1.0,682.2342,0.0,0.0,120,5.0,2.0,1.0
010_RC201,10,RC,2,9,OPTIMAL,690.5889,2,2,2,0,0,1.0,690.5889,0.0,0.0,120,5.0,2.0,1.0
010_RC201,10,RC,3,0,OPTIMAL,459.864,3,1,1,0,2,0.3333,447.7415,0.0,12.1225,120,5.0,2.0,1.0
010_RC201,10,RC,3,1,OPTIMAL,647.0161,3,2,2,0,1,0.6667,645.5976,0.0,1.4185,120,5.0,2.0,1.0
010_RC201,10,RC,3,2,OPTIMAL,1196.5366,3,3,3,0,0,1.0,1196.5366,0.0,0.0,120,5.0,2.0,1.0
010_RC201,10,RC,3,3,OPTIMAL,463.7839,3,1,1,0,2,0.3333,409.3658,0.0,54.4181,120,5.0,2.0,1.0
010_RC201,10,RC,3,4,OPTIMAL,486.5175,3,1,1,0,2,0.3333,474.7118,0.0,11.8057,120,5.0,2.0,1.0
010_RC201,10,RC,3,5,OPTIMAL,1053.5451,3,3,3,0,0,1.0,1053.5451,0.0,0.0,120,5.0,2.0,1.0
010_RC201,10,RC,3,6,OPTIMAL,743.0107,3,2,2,0,1,0.6667,742.3848,0.0,0.6259,120,5.0,2.0,1.0
010_RC201,10,RC,3,7,OPTIMAL,715.7379,3,2,2,0,1,0.6667,712.2579,0.0,3.4799,120,5.0,2.0,1.0
010_RC201,10,RC,3,8,OPTIMAL,322.9885,3,1,0,1,2,0.3333,315.5402,0.0,7.4483,120,5.0,2.0,1.0
010_RC201,10,RC,3,9,OPTIMAL,334.0527,3,1,1,0,2,0.3333,316.5573,0.0,17.4954,120,5.0,2.0,1.0
010_RC202,10,RC,1,0,OPTIMAL,355.3541,1,1,0,1,0,1.0,355.3541,0.0,0.0,120,5.0,2.0,1.0
010_RC202,10,RC,1,1,OPTIMAL,314.3194,1,1,0,1,0,1.0,314.3194,0.0,0.0,120,5.0,2.0,1.0
010_RC202,10,RC,1,2,OPTIMAL,372.7582,1,1,1,0,0,1.0,372.7582,0.0,0.0,120,5.0,2.0,1.0
010_RC202,10,RC,1,3,OPTIMAL,40.0087,1,0,0,0,1,0.0,0.0,0.0,40.0087,120,5.0,2.0,1.0
010_RC202,10,RC,1,4,OPTIMAL,297.8473,1,1,1,0,0,1.0,297.8473,0.0,0.0,120,5.0,2.0,1.0
010_RC202,10,RC,1,5,OPTIMAL,320.5385,1,1,1,0,0,1.0,320.5385,0.0,0.0,120,5.0,2.0,1.0
010_RC202,10,RC,1,6,OPTIMAL,0.2627,1,0,0,0,1,0.0,0.0,0.0,0.2627,120,5.0,2.0,1.0
010_RC202,10,RC,1,7,OPTIMAL,418.2864,1,1,0,1,0,1.0,418.2864,0.0,0.0,120,5.0,2.0,1.0
010_RC202,10,RC,1,8,OPTIMAL,432.2262,1,1,1,0,0,1.0,432.2262,0.0,0.0,120,5.0,2.0,1.0
010_RC202,10,RC,1,9,OPTIMAL,320.151,1,1,1,0,0,1.0,320.151,0.0,0.0,120,5.0,2.0,1.0
010_RC202,10,RC,2,0,OPTIMAL,740.3835,2,2,2,0,0,1.0,740.3835,0.0,0.0,120,5.0,2.0,1.0
010_RC202,10,RC,2,1,OPTIMAL,324.3308,2,1,1,0,1,0.5,323.6648,0.0,0.666,120,5.0,2.0,1.0
010_RC202,10,RC,2,2,OPTIMAL,801.9556,2,2,2,0,0,1.0,801.9556,0.0,0.0,120,5.0,2.0,1.0
010_RC202,10,RC,2,3,OPTIMAL,755.7047,2,2,2,0,0,1.0,755.7047,0.0,0.0,120,5.0,2.0,1.0
010_RC202,10,RC,2,4,OPTIMAL,437.2972,2,1,1,0,1,0.5,401.4296,0.0,35.8676,120,5.0,2.0,1.0
010_RC202,10,RC,2,5,OPTIMAL,341.5681,2,1,1,0,1,0.5,330.3169,0.0,11.2512,120,5.0,2.0,1.0
010_RC202,10,RC,2,6,OPTIMAL,398.9268,2,1,1,0,1,0.5,398.7766,0.0,0.1502,120,5.0,2.0,1.0
010_RC202,10,RC,2,7,OPTIMAL,519.2373,2,1,1,0,1,0.5,384.8231,0.0,134.4142,120,5.0,2.0,1.0
010_RC202,10,RC,2,8,OPTIMAL,682.2342,2,2,2,0,0,1.0,682.2342,0.0,0.0,120,5.0,2.0,1.0
010_RC202,10,RC,2,9,OPTIMAL,690.5889,2,2,2,0,0,1.0,690.5889,0.0,0.0,120,5.0,2.0,1.0
010_RC202,10,RC,3,0,OPTIMAL,459.864,3,1,1,0,2,0.3333,447.7415,0.0,12.1225,120,5.0,2.0,1.0
010_RC202,10,RC,3,1,OPTIMAL,1013.8171,3,3,3,0,0,1.0,1013.8171,0.0,0.0,120,5.0,2.0,1.0
010_RC202,10,RC,3,2,OPTIMAL,1196.5366,3,3,3,0,0,1.0,1196.5366,0.0,0.0,120,5.0,2.0,1.0
010_RC202,10,RC,3,3,OPTIMAL,463.7839,3,1,1,0,2,0.3333,409.3658,0.0,54.4181,120,5.0,2.0,1.0
010_RC202,10,RC,3,4,OPTIMAL,506.6006,3,1,1,0,2,0.3333,474.7118,0.0,31.8887,120,5.0,2.0,1.0
010_RC202,10,RC,3,5,OPTIMAL,875.7068,3,2,2,0,1,0.6667,745.3115,0.0,130.3954,120,5.0,2.0,1.0
010_RC202,10,RC,3,6,OPTIMAL,1096.0853,3,3,2,1,0,1.0,1096.0853,0.0,0.0,120,5.0,2.0,1.0
010_RC202,10,RC,3,7,OPTIMAL,742.7453,3,2,2,0,1,0.6667,712.2579,0.0,30.4874,120,5.0,2.0,1.0
010_RC202,10,RC,3,8,OPTIMAL,659.9269,3,2,1,1,1,0.6667,657.6564,0.0,2.2704,120,5.0,2.0,1.0
010_RC202,10,RC,3,9,OPTIMAL,670.3296,3,2,2,0,1,0.6667,669.827,0.0,0.5026,120,5.0,2.0,1.0
010_RC203,10,RC,1,0,OPTIMAL,355.3541,1,1,0,1,0,1.0,355.3541,0.0,0.0,120,5.0,2.0,1.0
010_RC203,10,RC,1,1,OPTIMAL,314.3194,1,1,0,1,0,1.0,314.3194,0.0,0.0,120,5.0,2.0,1.0
010_RC203,10,RC,1,2,OPTIMAL,372.7582,1,1,1,0,0,1.0,372.7582,0.0,0.0,120,5.0,2.0,1.0
010_RC203,10,RC,1,3,OPTIMAL,357.7678,1,1,0,1,0,1.0,357.7678,0.0,0.0,120,5.0,2.0,1.0
010_RC203,10,RC,1,4,OPTIMAL,297.8473,1,1,1,0,0,1.0,297.8473,0.0,0.0,120,5.0,2.0,1.0
010_RC203,10,RC,1,5,OPTIMAL,320.5385,1,1,1,0,0,1.0,320.5385,0.0,0.0,120,5.0,2.0,1.0
010_RC203,10,RC,1,6,OPTIMAL,439.0103,1,1,1,0,0,1.0,439.0103,0.0,0.0,120,5.0,2.0,1.0
010_RC203,10,RC,1,7,OPTIMAL,418.2864,1,1,0,1,0,1.0,418.2864,0.0,0.0,120,5.0,2.0,1.0
010_RC203,10,RC,1,8,OPTIMAL,432.2262,1,1,1,0,0,1.0,432.2262,0.0,0.0,120,5.0,2.0,1.0
010_RC203,10,RC,1,9,OPTIMAL,320.151,1,1,1,0,0,1.0,320.151,0.0,0.0,120,5.0,2.0,1.0
010_RC203,10,RC,2,0,OPTIMAL,740.3835,2,2,2,0,0,1.0,740.3835,0.0,0.0,120,5.0,2.0,1.0
010_RC203,10,RC,2,1,OPTIMAL,374.8964,2,1,1,0,1,0.5,323.6648,0.0,51.2316,120,5.0,2.0,1.0
010_RC203,10,RC,2,2,OPTIMAL,801.9556,2,2,2,0,0,1.0,801.9556,0.0,0.0,120,5.0,2.0,1.0
010_RC203,10,RC,2,3,OPTIMAL,755.7047,2,2,2,0,0,1.0,755.7047,0.0,0.0,120,5.0,2.0,1.0
010_RC203,10,RC,2,4,OPTIMAL,733.3731,2,2,1,1,0,1.0,733.3731,0.0,0.0,120,5.0,2.0,1.0
010_RC203,10,RC,2,5,OPTIMAL,680.9653,2,2,1,1,0,1.0,680.9653,0.0,0.0,120,5.0,2.0,1.0
010_RC203,10,RC,2,6,OPTIMAL,763.7491,2,2,2,0,0,1.0,763.7491,0.0,0.0,120,5.0,2.0,1.0
010_RC203,10,RC,2,7,OPTIMAL,481.3212,2,1,1,0,1,0.5,384.8231,0.0,96.498,120,5.0,2.0,1.0
010_RC203,10,RC,2,8,OPTIMAL,682.2342,2,2,2,0,0,1.0,682.2342,0.0,0.0,120,5.0,2.0,1.0
010_RC203,10,RC,2,9,OPTIMAL,690.5889,2,2,2,0,0,1.0,690.5889,0.0,0.0,120,5.0,2.0,1.0
010_RC203,10,RC,3,0,OPTIMAL,687.7834,3,2,1,1,1,0.6667,687.6999,0.0,0.0834,120,5.0,2.0,1.0
010_RC203,10,RC,3,1,OPTIMAL,1013.8171,3,3,3,0,0,1.0,1013.8171,0.0,0.0,120,5.0,2.0,1.0
010_RC203,10,RC,3,2,OPTIMAL,735.023,3,2,2,0,1,0.6667,719.5219,0.0,15.5011,120,5.0,2.0,1.0
010_RC203,10,RC,3,3,OPTIMAL,849.7549,3,2,2,0,1,0.6667,795.34,0.0,54.4149,120,5.0,2.0,1.0
010_RC203,10,RC,3,4,OPTIMAL,794.2173,3,2,2,0,1,0.6667,792.9036,0.0,1.3137,120,5.0,2.0,1.0
010_RC203,10,RC,3,5,OPTIMAL,834.1397,3,2,2,0,1,0.6667,745.3115,0.0,88.8283,120,5.0,2.0,1.0
010_RC203,10,RC,3,6,OPTIMAL,1096.0853,3,3,3,0,0,1.0,1096.0853,0.0,0.0,120,5.0,2.0,1.0
010_RC203,10,RC,3,7,OPTIMAL,1000.305,3,3,3,0,0,1.0,1000.305,0.0,0.0,120,5.0,2.0,1.0
010_RC203,10,RC,3,8,OPTIMAL,711.769,3,2,1,1,1,0.6667,657.6564,0.0,54.1126,120,5.0,2.0,1.0
010_RC203,10,RC,3,9,OPTIMAL,1018.174,3,3,3,0,0,1.0,1018.174,0.0,0.0,120,5.0,2.0,1.0
010_RC204,10,RC,1,0,OPTIMAL,355.3541,1,1,1,0,0,1.0,355.3541,0.0,0.0,120,5.0,2.0,1.0
010_RC204,10,RC,1,1,OPTIMAL,314.3194,1,1,1,0,0,1.0,314.3194,0.0,0.0,120,5.0,2.0,1.0
010_RC204,10,RC,1,2,OPTIMAL,372.7582,1,1,1,0,0,1.0,372.7582,0.0,0.0,120,5.0,2.0,1.0
010_RC204,10,RC,1,3,OPTIMAL,357.7678,1,1,0,1,0,1.0,357.7678,0.0,0.0,120,5.0,2.0,1.0
010_RC204,10,RC,1,4,OPTIMAL,297.8473,1,1,1,0,0,1.0,297.8473,0.0,0.0,120,5.0,2.0,1.0
010_RC204,10,RC,1,5,OPTIMAL,320.5385,1,1,1,0,0,1.0,320.5385,0.0,0.0,120,5.0,2.0,1.0
010_RC204,10,RC,1,6,OPTIMAL,439.0103,1,1,1,0,0,1.0,439.0103,0.0,0.0,120,5.0,2.0,1.0
010_RC204,10,RC,1,7,OPTIMAL,418.2864,1,1,1,0,0,1.0,418.2864,0.0,0.0,120,5.0,2.0,1.0
010_RC204,10,RC,1,8,OPTIMAL,432.2262,1,1,1,0,0,1.0,432.2262,0.0,0.0,120,5.0,2.0,1.0
010_RC204,10,RC,1,9,OPTIMAL,320.151,1,1,1,0,0,1.0,320.151,0.0,0.0,120,5.0,2.0,1.0
010_RC204,10,RC,2,0,OPTIMAL,740.3835,2,2,2,0,0,1.0,740.3835,0.0,0.0,120,5.0,2.0,1.0
010_RC204,10,RC,2,1,OPTIMAL,374.8964,2,1,1,0,1,0.5,323.6648,0.0,51.2316,120,5.0,2.0,1.0
010_RC204,10,RC,2,2,OPTIMAL,801.9556,2,2,2,0,0,1.0,801.9556,0.0,0.0,120,5.0,2.0,1.0
010_RC204,10,RC,2,3,OPTIMAL,755.7047,2,2,2,0,0,1.0,755.7047,0.0,0.0,120,5.0,2.0,1.0
010_RC204,10,RC,2,4,OPTIMAL,733.3731,2,2,1,1,0,1.0,733.3731,0.0,0.0,120,5.0,2.0,1.0
010_RC204,10,RC,2,5,OPTIMAL,680.9653,2,2,1,1,0,1.0,680.9653,0.0,0.0,120,5.0,2.0,1.0
010_RC204,10,RC,2,6,OPTIMAL,763.7491,2,2,2,0,0,1.0,763.7491,0.0,0.0,120,5.0,2.0,1.0
010_RC204,10,RC,2,7,OPTIMAL,393.7761,2,1,1,0,1,0.5,384.8231,0.0,8.953,120,5.0,2.0,1.0
010_RC204,10,RC,2,8,OPTIMAL,682.2342,2,2,2,0,0,1.0,682.2342,0.0,0.0,120,5.0,2.0,1.0
010_RC204,10,RC,2,9,OPTIMAL,690.5889,2,2,2,0,0,1.0,690.5889,0.0,0.0,120,5.0,2.0,1.0
010_RC204,10,RC,3,0,OPTIMAL,687.7834,3,2,1,1,1,0.6667,687.6999,0.0,0.0834,120,5.0,2.0,1.0
010_RC204,10,RC,3,1,OPTIMAL,1013.8171,3,3,3,0,0,1.0,1013.8171,0.0,0.0,120,5.0,2.0,1.0
010_RC204,10,RC,3,2,OPTIMAL,735.023,3,2,2,0,1,0.6667,719.5219,0.0,15.5011,120,5.0,2.0,1.0
010_RC204,10,RC,3,3,OPTIMAL,849.7549,3,2,2,0,1,0.6667,795.34,0.0,54.4149,120,5.0,2.0,1.0
010_RC204,10,RC,3,4,OPTIMAL,794.2173,3,2,2,0,1,0.6667,792.9036,0.0,1.3137,120,5.0,2.0,1.0
010_RC204,10,RC,3,5,OPTIMAL,753.6166,3,2,2,0,1,0.6667,745.3115,0.0,8.3051,120,5.0,2.0,1.0
010_RC204,10,RC,3,6,OPTIMAL,712.8374,3,2,2,0,1,0.6667,709.6319,0.0,3.2055,120,5.0,2.0,1.0
010_RC204,10,RC,3,7,OPTIMAL,1000.305,3,3,3,0,0,1.0,1000.305,0.0,0.0,120,5.0,2.0,1.0
010_RC204,10,RC,3,8,OPTIMAL,711.769,3,2,2,0,1,0.6667,657.6564,0.0,54.1126,120,5.0,2.0,1.0
010_RC204,10,RC,3,9,OPTIMAL,1018.174,3,3,3,0,0,1.0,1018.174,0.0,0.0,120,5.0,2.0,1.0
010_RC205,10,RC,1,0,OPTIMAL,8.5799,1,0,0,0,1,0.0,0.0,0.0,8.5799,120,5.0,2.0,1.0
010_RC205,10,RC,1,1,OPTIMAL,6.6403,1,0,0,0,1,0.0,0.0,0.0,6.6403,120,5.0,2.0,1.0
010_RC205,10,RC,1,2,OPTIMAL,372.7582,1,1,1,0,0,1.0,372.7582,0.0,0.0,120,5.0,2.0,1.0
010_RC205,10,RC,1,3,OPTIMAL,40.0087,1,0,0,0,1,0.0,0.0,0.0,40.0087,120,5.0,2.0,1.0
010_RC205,10,RC,1,4,OPTIMAL,0.7143,1,0,0,0,1,0.0,0.0,0.0,0.7143,120,5.0,2.0,1.0
010_RC205,10,RC,1,5,OPTIMAL,320.5385,1,1,1,0,0,1.0,320.5385,0.0,0.0,120,5.0,2.0,1.0
010_RC205,10,RC,1,6,OPTIMAL,0.2627,1,0,0,0,1,0.0,0.0,0.0,0.2627,120,5.0,2.0,1.0
010_RC205,10,RC,1,7,OPTIMAL,56.2337,1,0,0,0,1,0.0,0.0,0.0,56.2337,120,5.0,2.0,1.0
010_RC205,10,RC,1,8,OPTIMAL,432.2262,1,1,1,0,0,1.0,432.2262,0.0,0.0,120,5.0,2.0,1.0
010_RC205,10,RC,1,9,OPTIMAL,320.151,1,1,1,0,0,1.0,320.151,0.0,0.0,120,5.0,2.0,1.0
010_RC205,10,RC,2,0,OPTIMAL,740.3835,2,2,1,1,0,1.0,740.3835,0.0,0.0,120,5.0,2.0,1.0
010_RC205,10,RC,2,1,OPTIMAL,324.3308,2,1,1,0,1,0.5,323.6648,0.0,0.666,120,5.0,2.0,1.0
010_RC205,10,RC,2,2,OPTIMAL,801.9556,2,2,2,0,0,1.0,801.9556,0.0,0.0,120,5.0,2.0,1.0
010_RC205,10,RC,2,3,OPTIMAL,755.7047,2,2,2,0,0,1.0,755.7047,0.0,0.0,120,5.0,2.0,1.0
010_RC205,10,RC,2,4,OPTIMAL,733.3731,2,2,2,0,0,1.0,733.3731,0.0,0.0,120,5.0,2.0,1.0
010_RC205,10,RC,2,5,OPTIMAL,680.9653,2,2,2,0,0,1.0,680.9653,0.0,0.0,120,5.0,2.0,1.0
010_RC205,10,RC,2,6,OPTIMAL,398.9268,2,1,0,1,1,0.5,398.7766,0.0,0.1502,120,5.0,2.0,1.0
010_RC205,10,RC,2,7,OPTIMAL,393.9068,2,1,1,0,1,0.5,384.8231,0.0,9.0836,120,5.0,2.0,1.0
010_RC205,10,RC,2,8,OPTIMAL,682.2342,2,2,2,0,0,1.0,682.2342,0.0,0.0,120,5.0,2.0,1.0
010_RC205,10,RC,2,9,OPTIMAL,690.5889,2,2,2,0,0,1.0,690.5889,0.0,0.0,120,5.0,2.0,1.0
010_RC205,10,RC,3,0,OPTIMAL,817.9702,3,2,2,0,1,0.6667,771.1513,0.0,46.8188,120,5.0,2.0,1.0
010_RC205,10,RC,3,1,OPTIMAL,1013.8171,3,3,1,2,0,1.0,1013.8171,0.0,0.0,120,5.0,2.0,1.0
010_RC205,10,RC,3,2,OPTIMAL,789.8435,3,2,2,0,1,0.6667,719.5219,0.0,70.3216,120,5.0,2.0,1.0
010_RC205,10,RC,3,3,OPTIMAL,800.1309,3,2,2,0,1,0.6667,800.1277,0.0,0.0032,120,5.0,2.0,1.0
010_RC205,10,RC,3,4,OPTIMAL,480.9947,3,1,1,0,2,0.3333,474.7118,0.0,6.2829,120,5.0,2.0,1.0
010_RC205,10,RC,3,5,OPTIMAL,754.0414,3,2,2,0,1,0.6667,745.3115,0.0,8.7299,120,5.0,2.0,1.0
010_RC205,10,RC,3,6,OPTIMAL,744.4163,3,2,1,1,1,0.6667,740.154,0.0,4.2623,120,5.0,2.0,1.0
010_RC205,10,RC,3,7,OPTIMAL,712.524,3,2,2,0,1,0.6667,712.2579,0.0,0.2661,120,5.0,2.0,1.0
010_RC205,10,RC,3,8,OPTIMAL,659.9269,3,2,2,0,1,0.6667,657.6564,0.0,2.2704,120,5.0,2.0,1.0
010_RC205,10,RC,3,9,OPTIMAL,1018.174,3,3,3,0,0,1.0,1018.174,0.0,0.0,120,5.0,2.0,1.0
010_RC206,10,RC,1,0,OPTIMAL,355.3541,1,1,1,0,0,1.0,355.3541,0.0,0.0,120,5.0,2.0,1.0
010_RC206,10,RC,1,1,OPTIMAL,314.3194,1,1,1,0,0,1.0,314.3194,0.0,0.0,120,5.0,2.0,1.0
010_RC206,10,RC,1,2,OPTIMAL,372.7582,1,1,0,1,0,1.0,372.7582,0.0,0.0,120,5.0,2.0,1.0
010_RC206,10,RC,1,3,OPTIMAL,357.7678,1,1,1,0,0,1.0,357.7678,0.0,0.0,120,5.0,2.0,1.0
010_RC206,10,RC,1,4,OPTIMAL,297.8473,1,1,1,0,0,1.0,297.8473,0.0,0.0,120,5.0,2.0,1.0
010_RC206,10,RC,1,5,OPTIMAL,320.5385,1,1,1,0,0,1.0,320.5385,0.0,0.0,120,5.0,2.0,1.0
010_RC206,10,RC,1,6,OPTIMAL,439.0103,1,1,0,1,0,1.0,439.0103,0.0,0.0,120,5.0,2.0,1.0
010_RC206,10,RC,1,7,OPTIMAL,418.2864,1,1,1,0,0,1.0,418.2864,0.0,0.0,120,5.0,2.0,1.0
010_RC206,10,RC,1,8,OPTIMAL,432.2262,1,1,1,0,0,1.0,432.2262,0.0,0.0,120,5.0,2.0,1.0
010_RC206,10,RC,1,9,OPTIMAL,320.151,1,1,1,0,0,1.0,320.151,0.0,0.0,120,5.0,2.0,1.0
010_RC206,10,RC,2,0,OPTIMAL,740.3835,2,2,0,2,0,1.0,740.3835,0.0,0.0,120,5.0,2.0,1.0
010_RC206,10,RC,2,1,OPTIMAL,324.3308,2,1,1,0,1,0.5,323.6648,0.0,0.666,120,5.0,2.0,1.0
010_RC206,10,RC,2,2,OPTIMAL,801.9556,2,2,2,0,0,1.0,801.9556,0.0,0.0,120,5.0,2.0,1.0
010_RC206,10,RC,2,3,OPTIMAL,755.7047,2,2,2,0,0,1.0,755.7047,0.0,0.0,120,5.0,2.0,1.0
010_RC206,10,RC,2,4,OPTIMAL,388.0267,2,1,1,0,1,0.5,331.9435,0.0,56.0832,120,5.0,2.0,1.0
010_RC206,10,RC,2,5,OPTIMAL,680.9653,2,2,2,0,0,1.0,680.9653,0.0,0.0,120,5.0,2.0,1.0
010_RC206,10,RC,2,6,OPTIMAL,417.4397,2,1,0,1,1,0.5,364.9725,0.0,52.4672,120,5.0,2.0,1.0
010_RC206,10,RC,2,7,OPTIMAL,705.4359,2,2,2,0,0,1.0,705.4359,0.0,0.0,120,5.0,2.0,1.0
010_RC206,10,RC,2,8,OPTIMAL,682.2342,2,2,2,0,0,1.0,682.2342,0.0,0.0,120,5.0,2.0,1.0
010_RC206,10,RC,2,9,OPTIMAL,353.0839,2,1,0,1,1,0.5,348.7605,0.0,4.3234,120,5.0,2.0,1.0
010_RC206,10,RC,3,0,OPTIMAL,771.1515,3,2,2,0,1,0.6667,771.1513,0.0,0.0002,120,5.0,2.0,1.0
010_RC206,10,RC,3,1,OPTIMAL,388.0535,3,1,0,1,2,0.3333,335.3168,0.0,52.7366,120,5.0,2.0,1.0
010_RC206,10,RC,3,2,OPTIMAL,861.8562,3,2,2,0,1,0.6667,853.7779,0.0,8.0783,120,5.0,2.0,1.0
010_RC206,10,RC,3,3,OPTIMAL,1186.1019,3,3,2,1,0,1.0,1186.1019,0.0,0.0,120,5.0,2.0,1.0
010_RC206,10,RC,3,4,OPTIMAL,832.3212,3,2,2,0,1,0.6667,792.9036,0.0,39.4176,120,5.0,2.0,1.0
010_RC206,10,RC,3,5,OPTIMAL,1053.5451,3,3,2,1,0,1.0,1053.5451,0.0,0.0,120,5.0,2.0,1.0
010_RC206,10,RC,3,6,OPTIMAL,1096.0853,3,3,2,1,0,1.0,1096.0853,0.0,0.0,120,5.0,2.0,1.0
010_RC206,10,RC,3,7,OPTIMAL,667.5725,3,2,2,0,1,0.6667,666.2777,0.0,1.2948,120,5.0,2.0,1.0
010_RC206,10,RC,3,8,OPTIMAL,322.9885,3,1,1,0,2,0.3333,315.5402,0.0,7.4483,120,5.0,2.0,1.0
010_RC206,10,RC,3,9,OPTIMAL,1018.174,3,3,3,0,0,1.0,1018.174,0.0,0.0,120,5.0,2.0,1.0
010_RC207,10,RC,1,0,OPTIMAL,355.3541,1,1,0,1,0,1.0,355.3541,0.0,0.0,120,5.0,2.0,1.0
010_RC207,10,RC,1,1,OPTIMAL,314.3194,1,1,0,1,0,1.0,314.3194,0.0,0.0,120,5.0,2.0,1.0
010_RC207,10,RC,1,2,OPTIMAL,372.7582,1,1,1,0,0,1.0,372.7582,0.0,0.0,120,5.0,2.0,1.0
010_RC207,10,RC,1,3,OPTIMAL,357.7678,1,1,1,0,0,1.0,357.7678,0.0,0.0,120,5.0,2.0,1.0
010_RC207,10,RC,1,4,OPTIMAL,38.3165,1,0,0,0,1,0.0,0.0,0.0,38.3165,120,5.0,2.0,1.0
010_RC207,10,RC,1,5,OPTIMAL,320.5385,1,1,1,0,0,1.0,320.5385,0.0,0.0,120,5.0,2.0,1.0
010_RC207,10,RC,1,6,OPTIMAL,0.2627,1,0,0,0,1,0.0,0.0,0.0,0.2627,120,5.0,2.0,1.0
010_RC207,10,RC,1,7,OPTIMAL,418.2864,1,1,0,1,0,1.0,418.2864,0.0,0.0,120,5.0,2.0,1.0
010_RC207,10,RC,1,8,OPTIMAL,432.2262,1,1,1,0,0,1.0,432.2262,0.0,0.0,120,5.0,2.0,1.0
010_RC207,10,RC,1,9,OPTIMAL,320.151,1,1,1,0,0,1.0,320.151,0.0,0.0,120,5.0,2.0,1.0
010_RC207,10,RC,2,0,OPTIMAL,740.3835,2,2,0,2,0,1.0,740.3835,0.0,0.0,120,5.0,2.0,1.0
010_RC207,10,RC,2,1,OPTIMAL,324.3308,2,1,1,0,1,0.5,323.6648,0.0,0.666,120,5.0,2.0,1.0
010_RC207,10,RC,2,2,OPTIMAL,801.9556,2,2,2,0,0,1.0,801.9556,0.0,0.0,120,5.0,2.0,1.0
010_RC207,10,RC,2,3,OPTIMAL,755.7047,2,2,2,0,0,1.0,755.7047,0.0,0.0,120,5.0,2.0,1.0
010_RC207,10,RC,2,4,OPTIMAL,733.3731,2,2,1,1,0,1.0,733.3731,0.0,0.0,120,5.0,2.0,1.0
010_RC207,10,RC,2,5,OPTIMAL,374.7332,2,1,1,0,1,0.5,330.3169,0.0,44.4163,120,5.0,2.0,1.0
010_RC207,10,RC,2,6,OPTIMAL,398.9268,2,1,0,1,1,0.5,398.7766,0.0,0.1502,120,5.0,2.0,1.0
010_RC207,10,RC,2,7,OPTIMAL,426.462,2,1,1,0,1,0.5,384.8231,0.0,41.6388,120,5.0,2.0,1.0
010_RC207,10,RC,2,8,OPTIMAL,682.2342,2,2,2,0,0,1.0,682.2342,0.0,0.0,120,5.0,2.0,1.0
010_RC207,10,RC,2,9,OPTIMAL,690.5889,2,2,2,0,0,1.0,690.5889,0.0,0.0,120,5.0,2.0,1.0
010_RC207,10,RC,3,0,OPTIMAL,491.3173,3,1,1,0,2,0.3333,447.7415,0.0,43.5758,120,5.0,2.0,1.0
010_RC207,10,RC,3,1,OPTIMAL,445.6896,3,1,0,1,2,0.3333,368.2195,0.0,77.4701,120,5.0,2.0,1.0
010_RC207,10,RC,3,2,OPTIMAL,889.5626,3,2,2,0,1,0.6667,853.7779,0.0,35.7847,120,5.0,2.0,1.0
010_RC207,10,RC,3,3,OPTIMAL,800.1309,3,2,2,0,1,0.6667,800.1277,0.0,0.0032,120,5.0,2.0,1.0
010_RC207,10,RC,3,4,OPTIMAL,481.6462,3,1,1,0,2,0.3333,474.7118,0.0,6.9343,120,5.0,2.0,1.0
010_RC207,10,RC,3,5,OPTIMAL,785.6227,3,2,1,1,1,0.6667,745.3115,0.0,40.3113,120,5.0,2.0,1.0
010_RC207,10,RC,3,6,OPTIMAL,786.9451,3,2,2,0,1,0.6667,742.3848,0.0,44.5603,120,5.0,2.0,1.0
010_RC207,10,RC,3,7,OPTIMAL,713.3446,3,2,2,0,1,0.6667,712.2579,0.0,1.0867,120,5.0,2.0,1.0
010_RC207,10,RC,3,8,OPTIMAL,322.9885,3,1,1,0,2,0.3333,315.5402,0.0,7.4483,120,5.0,2.0,1.0
010_RC207,10,RC,3,9,OPTIMAL,670.3296,3,2,2,0,1,0.6667,669.827,0.0,0.5026,120,5.0,2.0,1.0
010_RC208,10,RC,1,0,OPTIMAL,355.3541,1,1,1,0,0,1.0,355.3541,0.0,0.0,120,5.0,2.0,1.0
010_RC208,10,RC,1,1,OPTIMAL,314.3194,1,1,1,0,0,1.0,314.3194,0.0,0.0,120,5.0,2.0,1.0
010_RC208,10,RC,1,2,OPTIMAL,372.7582,1,1,0,1,0,1.0,372.7582,0.0,0.0,120,5.0,2.0,1.0
010_RC208,10,RC,1,3,OPTIMAL,357.7678,1,1,0,1,0,1.0,357.7678,0.0,0.0,120,5.0,2.0,1.0
010_RC208,10,RC,1,4,OPTIMAL,297.8473,1,1,1,0,0,1.0,297.8473,0.0,0.0,120,5.0,2.0,1.0
010_RC208,10,RC,1,5,OPTIMAL,320.5385,1,1,1,0,0,1.0,320.5385,0.0,0.0,120,5.0,2.0,1.0
010_RC208,10,RC,1,6,OPTIMAL,439.0103,1,1,1,0,0,1.0,439.0103,0.0,0.0,120,5.0,2.0,1.0
010_RC208,10,RC,1,7,OPTIMAL,418.2864,1,1,1,0,0,1.0,418.2864,0.0,0.0,120,5.0,2.0,1.0
010_RC208,10,RC,1,8,OPTIMAL,432.2262,1,1,1,0,0,1.0,432.2262,0.0,0.0,120,5.0,2.0,1.0
010_RC208,10,RC,1,9,OPTIMAL,320.151,1,1,1,0,0,1.0,320.151,0.0,0.0,120,5.0,2.0,1.0
010_RC208,10,RC,2,0,OPTIMAL,740.3835,2,2,2,0,0,1.0,740.3835,0.0,0.0,120,5.0,2.0,1.0
010_RC208,10,RC,2,1,OPTIMAL,323.6702,2,1,1,0,1,0.5,323.6648,0.0,0.0054,120,5.0,2.0,1.0
010_RC208,10,RC,2,2,OPTIMAL,801.9556,2,2,2,0,0,1.0,801.9556,0.0,0.0,120,5.0,2.0,1.0
010_RC208,10,RC,2,3,OPTIMAL,755.7047,2,2,2,0,0,1.0,755.7047,0.0,0.0,120,5.0,2.0,1.0
010_RC208,10,RC,2,4,OPTIMAL,733.3731,2,2,1,1,0,1.0,733.3731,0.0,0.0,120,5.0,2.0,1.0
010_RC208,10,RC,2,5,OPTIMAL,680.9653,2,2,1,1,0,1.0,680.9653,0.0,0.0,120,5.0,2.0,1.0
010_RC208,10,RC,2,6,OPTIMAL,763.7491,2,2,2,0,0,1.0,763.7491,0.0,0.0,120,5.0,2.0,1.0
010_RC208,10,RC,2,7,OPTIMAL,393.9068,2,1,1,0,1,0.5,384.8231,0.0,9.0836,120,5.0,2.0,1.0
010_RC208,10,RC,2,8,OPTIMAL,682.2342,2,2,2,0,0,1.0,682.2342,0.0,0.0,120,5.0,2.0,1.0
010_RC208,10,RC,2,9,OPTIMAL,394.1921,2,1,0,1,1,0.5,348.7605,0.0,45.4316,120,5.0,2.0,1.0
010_RC208,10,RC,3,0,OPTIMAL,771.1515,3,2,1,1,1,0.6667,771.1513,0.0,0.0002,120,5.0,2.0,1.0
010_RC208,10,RC,3,1,OPTIMAL,740.4091,3,2,2,0,1,0.6667,703.5364,0.0,36.8727,120,5.0,2.0,1.0
010_RC208,10,RC,3,2,OPTIMAL,493.0409,3,1,1,0,2,0.3333,376.7632,0.0,116.2778,120,5.0,2.0,1.0
010_RC208,10,RC,3,3,OPTIMAL,1186.1019,3,3,3,0,0,1.0,1186.1019,0.0,0.0,120,5.0,2.0,1.0
010_RC208,10,RC,3,4,OPTIMAL,481.6462,3,1,1,0,2,0.3333,474.7118,0.0,6.9343,120,5.0,2.0,1.0
010_RC208,10,RC,3,5,OPTIMAL,754.0414,3,2,2,0,1,0.6667,745.3115,0.0,8.7299,120,5.0,2.0,1.0
010_RC208,10,RC,3,6,OPTIMAL,710.3196,3,2,1,1,1,0.6667,709.6319,0.0,0.6877,120,5.0,2.0,1.0
010_RC208,10,RC,3,7,OPTIMAL,446.0345,3,1,1,0,2,0.3333,378.2306,0.0,67.8038,120,5.0,2.0,1.0
010_RC208,10,RC,3,8,OPTIMAL,657.6741,3,2,2,0,1,0.6667,657.6564,0.0,0.0176,120,5.0,2.0,1.0
010_RC208,10,RC,3,9,OPTIMAL,1018.174,3,3,2,1,0,1.0,1018.174,0.0,0.0,120,5.0,2.0,1.0
015_C101,15,C,1,0,OPTIMAL,7.4157,1,0,0,0,1,0.0,0.0,0.0,7.4157,120,5.0,2.0,1.0
015_C101,15,C,1,1,OPTIMAL,178.0864,1,1,1,0,0,1.0,178.0864,0.0,0.0,120,5.0,2.0,1.0
015_C101,15,C,1,2,OPTIMAL,10.6186,1,0,0,0,1,0.0,0.0,0.0,10.6186,120,5.0,2.0,1.0
015_C101,15,C,1,3,OPTIMAL,11.2423,1,0,0,0,1,0.0,0.0,0.0,11.2423,120,5.0,2.0,1.0
015_C101,15,C,1,4,OPTIMAL,385.4597,1,1,1,0,0,1.0,385.4597,0.0,0.0,120,5.0,2.0,1.0
015_C101,15,C,1,5,OPTIMAL,8.0968,1,0,0,0,1,0.0,0.0,0.0,8.0968,120,5.0,2.0,1.0
015_C101,15,C,1,6,OPTIMAL,174.9095,1,1,1,0,0,1.0,174.9095,0.0,0.0,120,5.0,2.0,1.0
015_C101,15,C,1,7,OPTIMAL,0.0041,1,0,0,0,1,0.0,0.0,0.0,0.0041,120,5.0,2.0,1.0
015_C101,15,C,1,8,OPTIMAL,3.9999,1,0,0,0,1,0.0,0.0,0.0,3.9999,120,5.0,2.0,1.0
015_C101,15,C,1,9,OPTIMAL,158.4375,1,1,1,0,0,1.0,158.4375,0.0,0.0,120,5.0,2.0,1.0
015_C101,15,C,2,0,OPTIMAL,350.2994,2,2,2,0,0,1.0,350.2994,0.0,0.0,120,5.0,2.0,1.0
015_C101,15,C,2,1,OPTIMAL,177.2573,2,1,1,0,1,0.5,176.3437,0.0,0.9136,120,5.0,2.0,1.0
015_C101,15,C,2,2,OPTIMAL,13.7388,2,0,0,0,2,0.0,0.0,0.0,13.7388,120,5.0,2.0,1.0
015_C101,15,C,2,3,OPTIMAL,369.3932,2,1,1,0,1,0.5,325.7418,0.0,43.6514,120,5.0,2.0,1.0
015_C101,15,C,2,4,OPTIMAL,10.7563,2,0,0,0,2,0.0,0.0,0.0,10.7563,120,5.0,2.0,1.0
015_C101,15,C,2,5,OPTIMAL,200.2924,2,1,1,0,1,0.5,197.3544,0.0,2.9379,120,5.0,2.0,1.0
015_C101,15,C,2,6,OPTIMAL,515.0495,2,2,2,0,0,1.0,515.0495,0.0,0.0,120,5.0,2.0,1.0
015_C101,15,C,2,7,OPTIMAL,15.6235,2,0,0,0,2,0.0,0.0,0.0,15.6235,120,5.0,2.0,1.0
015_C101,15,C,2,8,OPTIMAL,286.2618,2,2,2,0,0,1.0,286.2618,0.0,0.0,120,5.0,2.0,1.0
015_C101,15,C,2,9,OPTIMAL,7.522,2,0,0,0,2,0.0,0.0,0.0,7.522,120,5.0,2.0,1.0
015_C101,15,C,3,0,OPTIMAL,423.7847,3,1,1,0,2,0.3333,375.4912,0.0,48.2935,120,5.0,2.0,1.0
015_C101,15,C,3,1,OPTIMAL,162.8836,3,1,1,0,2,0.3333,161.0591,0.0,1.8245,120,5.0,2.0,1.0
015_C101,15,C,3,2,OPTIMAL,341.3932,3,2,2,0,1,0.6667,297.1186,0.0,44.2746,120,5.0,2.0,1.0
015_C101,15,C,3,3,OPTIMAL,259.2456,3,1,1,0,2,0.3333,209.1561,0.0,50.0896,120,5.0,2.0,1.0
015_C101,15,C,3,4,OPTIMAL,329.2923,3,2,2,0,1,0.6667,324.5803,0.0,4.712,120,5.0,2.0,1.0
015_C101,15,C,3,5,OPTIMAL,40.8111,3,0,0,0,3,0.0,0.0,0.0,40.8111,120,5.0,2.0,1.0
015_C101,15,C,3,6,OPTIMAL,5.5247,3,0,0,0,3,0.0,0.0,0.0,5.5247,120,5.0,2.0,1.0
015_C101,15,C,3,7,OPTIMAL,216.7385,3,1,1,0,2,0.3333,181.6838,0.0,35.0547,120,5.0,2.0,1.0
015_C101,15,C,3,8,OPTIMAL,526.0689,3,2,2,0,1,0.6667,525.6388,0.0,0.4301,120,5.0,2.0,1.0
015_C101,15,C,3,9,OPTIMAL,44.5362,3,0,0,0,3,0.0,0.0,0.0,44.5362,120,5.0,2.0,1.0
015_C102,15,C,1,0,OPTIMAL,7.4157,1,0,0,0,1,0.0,0.0,0.0,7.4157,120,5.0,2.0,1.0
015_C102,15,C,1,1,OPTIMAL,178.0864,1,1,1,0,0,1.0,178.0864,0.0,0.0,120,5.0,2.0,1.0
015_C102,15,C,1,2,OPTIMAL,18.1824,1,0,0,0,1,0.0,0.0,0.0,18.1824,120,5.0,2.0,1.0
015_C102,15,C,1,3,OPTIMAL,216.7168,1,1,1,0,0,1.0,216.7168,0.0,0.0,120,5.0,2.0,1.0
015_C102,15,C,1,4,OPTIMAL,385.4597,1,1,1,0,0,1.0,385.4597,0.0,0.0,120,5.0,2.0,1.0
015_C102,15,C,1,5,OPTIMAL,8.0968,1,0,0,0,1,0.0,0.0,0.0,8.0968,120,5.0,2.0,1.0
015_C102,15,C,1,6,OPTIMAL,174.9095,1,1,1,0,0,1.0,174.9095,0.0,0.0,120,5.0,2.0,1.0
015_C102,15,C,1,7,OPTIMAL,175.3854,1,1,0,1,0,1.0,175.3854,0.0,0.0,120,5.0,2.0,1.0
015_C102,15,C,1,8,OPTIMAL,7.9998,1,0,0,0,1,0.0,0.0,0.0,7.9998,120,5.0,2.0,1.0
015_C102,15,C,1,9,OPTIMAL,158.4375,1,1,1,0,0,1.0,158.4375,0.0,0.0,120,5.0,2.0,1.0
015_C102,15,C,2,0,OPTIMAL,350.2994,2,2,2,0,0,1.0,350.2994,0.0,0.0,120,5.0,2.0,1.0
015_C102,15,C,2,1,OPTIMAL,282.7197,2,2,1,1,0,1.0,282.7197,0.0,0.0,120,5.0,2.0,1.0
015_C102,15,C,2,2,OPTIMAL,13.7388,2,0,0,0,2,0.0,0.0,0.0,13.7388,120,5.0,2.0,1.0
015_C102,15,C,2,3,OPTIMAL,699.3379,2,2,2,0,0,1.0,699.3379,0.0,0.0,120,5.0,2.0,1.0
015_C102,15,C,2,4,OPTIMAL,186.437,2,1,1,0,1,0.5,182.1502,0.0,4.2867,120,5.0,2.0,1.0
015_C102,15,C,2,5,OPTIMAL,200.2924,2,1,1,0,1,0.5,197.3544,0.0,2.9379,120,5.0,2.0,1.0
015_C102,15,C,2,6,OPTIMAL,515.0495,2,2,2,0,0,1.0,515.0495,0.0,0.0,120,5.0,2.0,1.0
015_C102,15,C,2,7,OPTIMAL,15.6235,2,0,0,0,2,0.0,0.0,0.0,15.6235,120,5.0,2.0,1.0
015_C102,15,C,2,8,OPTIMAL,286.2618,2,2,2,0,0,1.0,286.2618,0.0,0.0,120,5.0,2.0,1.0
015_C102,15,C,2,9,OPTIMAL,410.3494,2,2,1,1,0,1.0,410.3494,0.0,0.0,120,5.0,2.0,1.0
015_C102,15,C,3,0,OPTIMAL,423.7847,3,1,1,0,2,0.3333,375.4912,0.0,48.2935,120,5.0,2.0,1.0
015_C102,15,C,3,1,OPTIMAL,162.8836,3,1,1,0,2,0.3333,161.0591,0.0,1.8245,120,5.0,2.0,1.0
015_C102,15,C,3,2,OPTIMAL,341.3932,3,2,2,0,1,0.6667,297.1186,0.0,44.2746,120,5.0,2.0,1.0
015_C102,15,C,3,3,OPTIMAL,695.8552,3,3,3,0,0,1.0,695.8552,0.0,0.0,120,5.0,2.0,1.0
015_C102,15,C,3,4,OPTIMAL,498.5769,3,3,3,0,0,1.0,498.5769,0.0,0.0,120,5.0,2.0,1.0
015_C102,15,C,3,5,OPTIMAL,40.8111,3,0,0,0,3,0.0,0.0,0.0,40.8111,120,5.0,2.0,1.0
015_C102,15,C,3,6,OPTIMAL,181.5577,3,1,1,0,2,0.3333,172.5662,0.0,8.9914,120,5.0,2.0,1.0
015_C102,15,C,3,7,OPTIMAL,495.1899,3,2,2,0,1,0.6667,494.5779,0.0,0.612,120,5.0,2.0,1.0
015_C102,15,C,3,8,OPTIMAL,526.0689,3,2,2,0,1,0.6667,525.6388,0.0,0.4301,120,5.0,2.0,1.0
015_C102,15,C,3,9,OPTIMAL,52.1,3,0,0,0,3,0.0,0.0,0.0,52.1,120,5.0,2.0,1.0
015_C103,15,C,1,0,OPTIMAL,371.0976,1,1,0,1,0,1.0,371.0976,0.0,0.0,120,5.0,2.0,1.0
015_C103,15,C,1,1,OPTIMAL,178.0864,1,1,1,0,0,1.0,178.0864,0.0,0.0,120,5.0,2.0,1.0
015_C103,15,C,1,2,OPTIMAL,172.9406,1,1,1,0,0,1.0,172.9406,0.0,0.0,120,5.0,2.0,1.0
015_C103,15,C,1,3,OPTIMAL,216.7168,1,1,1,0,0,1.0,216.7168,0.0,0.0,120,5.0,2.0,1.0
015_C103,15,C,1,4,OPTIMAL,385.4597,1,1,1,0,0,1.0,385.4597,0.0,0.0,120,5.0,2.0,1.0
015_C103,15,C,1,5,OPTIMAL,8.0968,1,0,0,0,1,0.0,0.0,0.0,8.0968,120,5.0,2.0,1.0
015_C103,15,C,1,6,OPTIMAL,174.9095,1,1,1,0,0,1.0,174.9095,0.0,0.0,120,5.0,2.0,1.0
015_C103,15,C,1,7,OPTIMAL,175.3854,1,1,0,1,0,1.0,175.3854,0.0,0.0,120,5.0,2.0,1.0
015_C103,15,C,1,8,OPTIMAL,175.7042,1,1,1,0,0,1.0,175.7042,0.0,0.0,120,5.0,2.0,1.0
015_C103,15,C,1,9,OPTIMAL,158.4375,1,1,1,0,0,1.0,158.4375,0.0,0.0,120,5.0,2.0,1.0
015_C103,15,C,2,0,OPTIMAL,350.2994,2,2,2,0,0,1.0,350.2994,0.0,0.0,120,5.0,2.0,1.0
015_C103,15,C,2,1,OPTIMAL,282.7197,2,2,1,1,0,1.0,282.7197,0.0,0.0,120,5.0,2.0,1.0
015_C103,15,C,2,2,OPTIMAL,13.7388,2,0,0,0,2,0.0,0.0,0.0,13.7388,120,5.0,2.0,1.0
015_C103,15,C,2,3,OPTIMAL,699.3379,2,2,2,0,0,1.0,699.3379,0.0,0.0,120,5.0,2.0,1.0
015_C103,15,C,2,4,OPTIMAL,299.3947,2,2,1,1,0,1.0,299.3947,0.0,0.0,120,5.0,2.0,1.0
015_C103,15,C,2,5,OPTIMAL,372.595,2,2,1,1,0,1.0,372.595,0.0,0.0,120,5.0,2.0,1.0
015_C103,15,C,2,6,OPTIMAL,515.0495,2,2,2,0,0,1.0,515.0495,0.0,0.0,120,5.0,2.0,1.0
015_C103,15,C,2,7,OPTIMAL,15.6235,2,0,0,0,2,0.0,0.0,0.0,15.6235,120,5.0,2.0,1.0
015_C103,15,C,2,8,OPTIMAL,286.2618,2,2,2,0,0,1.0,286.2618,0.0,0.0,120,5.0,2.0,1.0
015_C103,15,C,2,9,OPTIMAL,410.3494,2,2,1,1,0,1.0,410.3494,0.0,0.0,120,5.0,2.0,1.0
015_C103,15,C,3,0,OPTIMAL,612.7487,3,2,1,1,1,0.6667,573.1026,0.0,39.6461,120,5.0,2.0,1.0
015_C103,15,C,3,1,OPTIMAL,162.8836,3,1,1,0,2,0.3333,161.0591,0.0,1.8245,120,5.0,2.0,1.0
015_C103,15,C,3,2,OPTIMAL,341.3932,3,2,2,0,1,0.6667,297.1186,0.0,44.2746,120,5.0,2.0,1.0
015_C103,15,C,3,3,OPTIMAL,695.8552,3,3,3,0,0,1.0,695.8552,0.0,0.0,120,5.0,2.0,1.0
015_C103,15,C,3,4,OPTIMAL,498.5769,3,3,3,0,0,1.0,498.5769,0.0,0.0,120,5.0,2.0,1.0
015_C103,15,C,3,5,OPTIMAL,40.8111,3,0,0,0,3,0.0,0.0,0.0,40.8111,120,5.0,2.0,1.0
015_C103,15,C,3,6,OPTIMAL,346.8414,3,2,2,0,1,0.6667,345.9534,0.0,0.8881,120,5.0,2.0,1.0
015_C103,15,C,3,7,OPTIMAL,495.1899,3,2,2,0,1,0.6667,494.5779,0.0,0.612,120,5.0,2.0,1.0
015_C103,15,C,3,8,OPTIMAL,526.0689,3,2,2,0,1,0.6667,525.6388,0.0,0.4301,120,5.0,2.0,1.0
015_C103,15,C,3,9,OPTIMAL,430.7279,3,2,1,1,1,0.6667,399.7261,0.0,31.0018,120,5.0,2.0,1.0
015_C104,15,C,1,0,OPTIMAL,371.0976,1,1,0,1,0,1.0,371.0976,0.0,0.0,120,5.0,2.0,1.0
015_C104,15,C,1,1,OPTIMAL,178.0864,1,1,1,0,0,1.0,178.0864,0.0,0.0,120,5.0,2.0,1.0
015_C104,15,C,1,2,OPTIMAL,172.9406,1,1,1,0,0,1.0,172.9406,0.0,0.0,120,5.0,2.0,1.0
015_C104,15,C,1,3,OPTIMAL,216.7168,1,1,1,0,0,1.0,216.7168,0.0,0.0,120,5.0,2.0,1.0
015_C104,15,C,1,4,OPTIMAL,385.4597,1,1,1,0,0,1.0,385.4597,0.0,0.0,120,5.0,2.0,1.0
015_C104,15,C,1,5,OPTIMAL,198.5449,1,1,1,0,0,1.0,198.5449,0.0,0.0,120,5.0,2.0,1.0
015_C104,15,C,1,6,OPTIMAL,174.9095,1,1,1,0,0,1.0,174.9095,0.0,0.0,120,5.0,2.0,1.0
015_C104,15,C,1,7,OPTIMAL,175.3854,1,1,1,0,0,1.0,175.3854,0.0,0.0,120,5.0,2.0,1.0
015_C104,15,C,1,8,OPTIMAL,175.7042,1,1,1,0,0,1.0,175.7042,0.0,0.0,120,5.0,2.0,1.0
015_C104,15,C,1,9,OPTIMAL,158.4375,1,1,1,0,0,1.0,158.4375,0.0,0.0,120,5.0,2.0,1.0
015_C104,15,C,2,0,OPTIMAL,350.2994,2,2,2,0,0,1.0,350.2994,0.0,0.0,120,5.0,2.0,1.0
015_C104,15,C,2,1,OPTIMAL,282.7197,2,2,2,0,0,1.0,282.7197,0.0,0.0,120,5.0,2.0,1.0
015_C104,15,C,2,2,OPTIMAL,237.2885,2,1,0,1,1,0.5,234.6276,0.0,2.661,120,5.0,2.0,1.0
015_C104,15,C,2,3,OPTIMAL,699.3379,2,2,2,0,0,1.0,699.3379,0.0,0.0,120,5.0,2.0,1.0
015_C104,15,C,2,4,OPTIMAL,299.3947,2,2,1,1,0,1.0,299.3947,0.0,0.0,120,5.0,2.0,1.0
015_C104,15,C,2,5,OPTIMAL,372.595,2,2,1,1,0,1.0,372.595,0.0,0.0,120,5.0,2.0,1.0
015_C104,15,C,2,6,OPTIMAL,515.0495,2,2,2,0,0,1.0,515.0495,0.0,0.0,120,5.0,2.0,1.0
015_C104,15,C,2,7,OPTIMAL,303.124,2,2,0,2,0,1.0,303.124,0.0,0.0,120,5.0,2.0,1.0
015_C104,15,C,2,8,OPTIMAL,286.2618,2,2,2,0,0,1.0,286.2618,0.0,0.0,120,5.0,2.0,1.0
015_C104,15,C,2,9,OPTIMAL,410.3494,2,2,2,0,0,1.0,410.3494,0.0,0.0,120,5.0,2.0,1.0
015_C104,15,C,3,0,OPTIMAL,612.7487,3,2,1,1,1,0.6667,573.1026,0.0,39.6461,120,5.0,2.0,1.0
015_C104,15,C,3,1,OPTIMAL,499.3727,3,3,2,1,0,1.0,499.3727,0.0,0.0,120,5.0,2.0,1.0
015_C104,15,C,3,2,OPTIMAL,341.3932,3,2,2,0,1,0.6667,297.1186,0.0,44.2746,120,5.0,2.0,1.0
015_C104,15,C,3,3,OPTIMAL,695.8552,3,3,3,0,0,1.0,695.8552,0.0,0.0,120,5.0,2.0,1.0
015_C104,15,C,3,4,OPTIMAL,498.5769,3,3,3,0,0,1.0,498.5769,0.0,0.0,120,5.0,2.0,1.0
015_C104,15,C,3,5,OPTIMAL,194.7256,3,1,1,0,2,0.3333,153.9229,0.0,40.8028,120,5.0,2.0,1.0
015_C104,15,C,3,6,OPTIMAL,348.0795,3,2,2,0,1,0.6667,345.9534,0.0,2.1261,120,5.0,2.0,1.0
015_C104,15,C,3,7,OPTIMAL,495.1899,3,2,2,0,1,0.6667,494.5779,0.0,0.612,120,5.0,2.0,1.0
015_C104,15,C,3,8,OPTIMAL,526.0689,3,2,2,0,1,0.6667,525.6388,0.0,0.4301,120,5.0,2.0,1.0
015_C104,15,C,3,9,OPTIMAL,686.9467,3,3,1,2,0,1.0,686.9467,0.0,0.0,120,5.0,2.0,1.0
015_C105,15,C,1,0,OPTIMAL,7.4157,1,0,0,0,1,0.0,0.0,0.0,7.4157,120,5.0,2.0,1.0
015_C105,15,C,1,1,OPTIMAL,178.0864,1,1,1,0,0,1.0,178.0864,0.0,0.0,120,5.0,2.0,1.0
015_C105,15,C,1,2,OPTIMAL,5.6145,1,0,0,0,1,0.0,0.0,0.0,5.6145,120,5.0,2.0,1.0
015_C105,15,C,1,3,OPTIMAL,11.4362,1,0,0,0,1,0.0,0.0,0.0,11.4362,120,5.0,2.0,1.0
015_C105,15,C,1,4,OPTIMAL,12.2665,1,0,0,0,1,0.0,0.0,0.0,12.2665,120,5.0,2.0,1.0
015_C105,15,C,1,5,OPTIMAL,8.0968,1,0,0,0,1,0.0,0.0,0.0,8.0968,120,5.0,2.0,1.0
015_C105,15,C,1,6,OPTIMAL,174.9095,1,1,1,0,0,1.0,174.9095,0.0,0.0,120,5.0,2.0,1.0
015_C105,15,C,1,7,OPTIMAL,0.0041,1,0,0,0,1,0.0,0.0,0.0,0.0041,120,5.0,2.0,1.0
015_C105,15,C,1,8,OPTIMAL,0.3259,1,0,0,0,1,0.0,0.0,0.0,0.3259,120,5.0,2.0,1.0
015_C105,15,C,1,9,OPTIMAL,158.4375,1,1,1,0,0,1.0,158.4375,0.0,0.0,120,5.0,2.0,1.0
015_C105,15,C,2,0,OPTIMAL,350.2994,2,2,2,0,0,1.0,350.2994,0.0,0.0,120,5.0,2.0,1.0
015_C105,15,C,2,1,OPTIMAL,177.2573,2,1,1,0,1,0.5,176.3437,0.0,0.9136,120,5.0,2.0,1.0
015_C105,15,C,2,2,OPTIMAL,13.7388,2,0,0,0,2,0.0,0.0,0.0,13.7388,120,5.0,2.0,1.0
015_C105,15,C,2,3,OPTIMAL,418.6578,2,1,1,0,1,0.5,373.5962,0.0,45.0616,120,5.0,2.0,1.0
015_C105,15,C,2,4,OPTIMAL,10.248,2,0,0,0,2,0.0,0.0,0.0,10.248,120,5.0,2.0,1.0
015_C105,15,C,2,5,OPTIMAL,372.595,2,2,2,0,0,1.0,372.595,0.0,0.0,120,5.0,2.0,1.0
015_C105,15,C,2,6,OPTIMAL,338.7944,2,1,1,0,1,0.5,327.0217,0.0,11.7728,120,5.0,2.0,1.0
015_C105,15,C,2,7,OPTIMAL,15.6235,2,0,0,0,2,0.0,0.0,0.0,15.6235,120,5.0,2.0,1.0
015_C105,15,C,2,8,OPTIMAL,116.3118,2,1,1,0,1,0.5,112.743,0.0,3.5688,120,5.0,2.0,1.0
015_C105,15,C,2,9,OPTIMAL,7.522,2,0,0,0,2,0.0,0.0,0.0,7.522,120,5.0,2.0,1.0
015_C105,15,C,3,0,OPTIMAL,748.4282,3,2,2,0,1,0.6667,739.7807,0.0,8.6474,120,5.0,2.0,1.0
015_C105,15,C,3,1,OPTIMAL,161.768,3,1,1,0,2,0.3333,161.0591,0.0,0.7089,120,5.0,2.0,1.0
015_C105,15,C,3,2,OPTIMAL,341.3932,3,2,2,0,1,0.6667,297.1186,0.0,44.2746,120,5.0,2.0,1.0
015_C105,15,C,3,3,OPTIMAL,254.3069,3,1,1,0,2,0.3333,209.1561,0.0,45.1509,120,5.0,2.0,1.0
015_C105,15,C,3,4,OPTIMAL,329.2923,3,2,2,0,1,0.6667,324.5803,0.0,4.712,120,5.0,2.0,1.0
015_C105,15,C,3,5,OPTIMAL,231.766,3,1,1,0,2,0.3333,192.9434,0.0,38.8226,120,5.0,2.0,1.0
015_C105,15,C,3,6,OPTIMAL,3.2559,3,0,0,0,3,0.0,0.0,0.0,3.2559,120,5.0,2.0,1.0
015_C105,15,C,3,7,OPTIMAL,494.7692,3,2,2,0,1,0.6667,494.5779,0.0,0.1913,120,5.0,2.0,1.0
015_C105,15,C,3,8,OPTIMAL,671.8508,3,3,3,0,0,1.0,671.8508,0.0,0.0,120,5.0,2.0,1.0
015_C105,15,C,3,9,OPTIMAL,40.6377,3,0,0,0,3,0.0,0.0,0.0,40.6377,120,5.0,2.0,1.0
015_C106,15,C,1,0,OPTIMAL,7.4157,1,0,0,0,1,0.0,0.0,0.0,7.4157,120,5.0,2.0,1.0
015_C106,15,C,1,1,OPTIMAL,178.0864,1,1,1,0,0,1.0,178.0864,0.0,0.0,120,5.0,2.0,1.0
015_C106,15,C,1,2,OPTIMAL,5.6145,1,0,0,0,1,0.0,0.0,0.0,5.6145,120,5.0,2.0,1.0
015_C106,15,C,1,3,OPTIMAL,216.7168,1,1,1,0,0,1.0,216.7168,0.0,0.0,120,5.0,2.0,1.0
015_C106,15,C,1,4,OPTIMAL,385.4597,1,1,1,0,0,1.0,385.4597,0.0,0.0,120,5.0,2.0,1.0
015_C106,15,C,1,5,OPTIMAL,8.0968,1,0,0,0,1,0.0,0.0,0.0,8.0968,120,5.0,2.0,1.0
015_C106,15,C,1,6,OPTIMAL,174.9095,1,1,1,0,0,1.0,174.9095,0.0,0.0,120,5.0,2.0,1.0
015_C106,15,C,1,7,OPTIMAL,0.0041,1,0,0,0,1,0.0,0.0,0.0,0.0041,120,5.0,2.0,1.0
015_C106,15,C,1,8,OPTIMAL,0.3259,1,0,0,0,1,0.0,0.0,0.0,0.3259,120,5.0,2.0,1.0
015_C106,15,C,1,9,OPTIMAL,158.4375,1,1,1,0,0,1.0,158.4375,0.0,0.0,120,5.0,2.0,1.0
015_C106,15,C,2,0,OPTIMAL,350.2994,2,2,2,0,0,1.0,350.2994,0.0,0.0,120,5.0,2.0,1.0
015_C106,15,C,2,1,OPTIMAL,177.2573,2,1,1,0,1,0.5,176.3437,0.0,0.9136,120,5.0,2.0,1.0
015_C106,15,C,2,2,OPTIMAL,13.7388,2,0,0,0,2,0.0,0.0,0.0,13.7388,120,5.0,2.0,1.0
015_C106,15,C,2,3,OPTIMAL,369.3932,2,1,1,0,1,0.5,325.7418,0.0,43.6514,120,5.0,2.0,1.0
015_C106,15,C,2,4,OPTIMAL,10.7563,2,0,0,0,2,0.0,0.0,0.0,10.7563,120,5.0,2.0,1.0
015_C106,15,C,2,5,OPTIMAL,200.2924,2,1,1,0,1,0.5,197.3544,0.0,2.9379,120,5.0,2.0,1.0
015_C106,15,C,2,6,OPTIMAL,329.595,2,1,1,0,1,0.5,327.0217,0.0,2.5733,120,5.0,2.0,1.0
015_C106,15,C,2,7,OPTIMAL,15.6235,2,0,0,0,2,0.0,0.0,0.0,15.6235,120,5.0,2.0,1.0
015_C106,15,C,2,8,OPTIMAL,286.2618,2,2,2,0,0,1.0,286.2618,0.0,0.0,120,5.0,2.0,1.0
015_C106,15,C,2,9,OPTIMAL,31.8487,2,0,0,0,2,0.0,0.0,0.0,31.8487,120,5.0,2.0,1.0
015_C106,15,C,3,0,OPTIMAL,748.4282,3,2,2,0,1,0.6667,739.7807,0.0,8.6474,120,5.0,2.0,1.0
015_C106,15,C,3,1,OPTIMAL,161.768,3,1,1,0,2,0.3333,161.0591,0.0,0.7089,120,5.0,2.0,1.0
015_C106,15,C,3,2,OPTIMAL,341.3932,3,2,2,0,1,0.6667,297.1186,0.0,44.2746,120,5.0,2.0,1.0
015_C106,15,C,3,3,OPTIMAL,259.2456,3,1,1,0,2,0.3333,209.1561,0.0,50.0896,120,5.0,2.0,1.0
015_C106,15,C,3,4,OPTIMAL,349.6154,3,2,2,0,1,0.6667,324.5803,0.0,25.0352,120,5.0,2.0,1.0
015_C106,15,C,3,5,OPTIMAL,231.766,3,1,1,0,2,0.3333,192.9434,0.0,38.8226,120,5.0,2.0,1.0
015_C106,15,C,3,6,OPTIMAL,172.6634,3,1,0,1,2,0.3333,172.5662,0.0,0.0971,120,5.0,2.0,1.0
015_C106,15,C,3,7,OPTIMAL,216.7385,3,1,1,0,2,0.3333,181.6838,0.0,35.0547,120,5.0,2.0,1.0
015_C106,15,C,3,8,OPTIMAL,526.0689,3,2,2,0,1,0.6667,525.6388,0.0,0.4301,120,5.0,2.0,1.0
015_C106,15,C,3,9,OPTIMAL,40.6377,3,0,0,0,3,0.0,0.0,0.0,40.6377,120,5.0,2.0,1.0
015_C107,15,C,1,0,OPTIMAL,371.0976,1,1,1,0,0,1.0,371.0976,0.0,0.0,120,5.0,2.0,1.0
015_C107,15,C,1,1,OPTIMAL,178.0864,1,1,1,0,0,1.0,178.0864,0.0,0.0,120,5.0,2.0,1.0
015_C107,15,C,1,2,OPTIMAL,5.6145,1,0,0,0,1,0.0,0.0,0.0,5.6145,120,5.0,2.0,1.0
015_C107,15,C,1,3,OPTIMAL,11.4362,1,0,0,0,1,0.0,0.0,0.0,11.4362,120,5.0,2.0,1.0
015_C107,15,C,1,4,OPTIMAL,12.2665,1,0,0,0,1,0.0,0.0,0.0,12.2665,120,5.0,2.0,1.0
015_C107,15,C,1,5,OPTIMAL,8.0968,1,0,0,0,1,0.0,0.0,0.0,8.0968,120,5.0,2.0,1.0
015_C107,15,C,1,6,OPTIMAL,5.1069,1,0,0,0,1,0.0,0.0,0.0,5.1069,120,5.0,2.0,1.0
015_C107,15,C,1,7,OPTIMAL,0.0041,1,0,0,0,1,0.0,0.0,0.0,0.0041,120,5.0,2.0,1.0
015_C107,15,C,1,8,OPTIMAL,0.3259,1,0,0,0,1,0.0,0.0,0.0,0.3259,120,5.0,2.0,1.0
015_C107,15,C,1,9,OPTIMAL,158.4375,1,1,1,0,0,1.0,158.4375,0.0,0.0,120,5.0,2.0,1.0
015_C107,15,C,2,0,OPTIMAL,350.2994,2,2,2,0,0,1.0,350.2994,0.0,0.0,120,5.0,2.0,1.0
015_C107,15,C,2,1,OPTIMAL,178.2589,2,1,1,0,1,0.5,176.3437,0.0,1.9152,120,5.0,2.0,1.0
015_C107,15,C,2,2,OPTIMAL,13.7388,2,0,0,0,2,0.0,0.0,0.0,13.7388,120,5.0,2.0,1.0
015_C107,15,C,2,3,OPTIMAL,84.8719,2,0,0,0,2,0.0,0.0,0.0,84.8719,120,5.0,2.0,1.0
015_C107,15,C,2,4,OPTIMAL,123.2057,2,1,1,0,1,0.5,117.2444,0.0,5.9613,120,5.0,2.0,1.0
015_C107,15,C,2,5,OPTIMAL,182.5704,2,1,1,0,1,0.5,175.2405,0.0,7.3298,120,5.0,2.0,1.0
015_C107,15,C,2,6,OPTIMAL,4.2704,2,0,0,0,2,0.0,0.0,0.0,4.2704,120,5.0,2.0,1.0
015_C107,15,C,2,7,OPTIMAL,2.0583,2,0,0,0,2,0.0,0.0,0.0,2.0583,120,5.0,2.0,1.0
015_C107,15,C,2,8,OPTIMAL,116.3118,2,1,1,0,1,0.5,112.743,0.0,3.5688,120,5.0,2.0,1.0
015_C107,15,C,2,9,OPTIMAL,207.7708,2,1,1,0,1,0.5,203.5094,0.0,4.2613,120,5.0,2.0,1.0
015_C107,15,C,3,0,OPTIMAL,575.2834,3,2,2,0,1,0.6667,573.1026,0.0,2.1808,120,5.0,2.0,1.0
015_C107,15,C,3,1,OPTIMAL,162.4977,3,1,1,0,2,0.3333,161.0591,0.0,1.4386,120,5.0,2.0,1.0
015_C107,15,C,3,2,OPTIMAL,685.0597,3,3,3,0,0,1.0,685.0597,0.0,0.0,120,5.0,2.0,1.0
015_C107,15,C,3,3,OPTIMAL,254.3069,3,1,1,0,2,0.3333,209.1561,0.0,45.1509,120,5.0,2.0,1.0
015_C107,15,C,3,4,OPTIMAL,498.5769,3,3,3,0,0,1.0,498.5769,0.0,0.0,120,5.0,2.0,1.0
015_C107,15,C,3,5,OPTIMAL,358.5196,3,1,1,0,2,0.3333,351.5939,0.0,6.9257,120,5.0,2.0,1.0
015_C107,15,C,3,6,OPTIMAL,5.1492,3,0,0,0,3,0.0,0.0,0.0,5.1492,120,5.0,2.0,1.0
015_C107,15,C,3,7,OPTIMAL,219.1743,3,1,1,0,2,0.3333,181.6838,0.0,37.4905,120,5.0,2.0,1.0
015_C107,15,C,3,8,OPTIMAL,483.0198,3,2,2,0,1,0.6667,477.8851,0.0,5.1347,120,5.0,2.0,1.0
015_C107,15,C,3,9,OPTIMAL,242.6757,3,1,1,0,2,0.3333,205.7846,0.0,36.8911,120,5.0,2.0,1.0
015_C108,15,C,1,0,OPTIMAL,371.0976,1,1,1,0,0,1.0,371.0976,0.0,0.0,120,5.0,2.0,1.0
015_C108,15,C,1,1,OPTIMAL,178.0864,1,1,1,0,0,1.0,178.0864,0.0,0.0,120,5.0,2.0,1.0
015_C108,15,C,1,2,OPTIMAL,5.6145,1,0,0,0,1,0.0,0.0,0.0,5.6145,120,5.0,2.0,1.0
015_C108,15,C,1,3,OPTIMAL,8.4055,1,0,0,0,1,0.0,0.0,0.0,8.4055,120,5.0,2.0,1.0
015_C108,15,C,1,4,OPTIMAL,385.4597,1,1,0,1,0,1.0,385.4597,0.0,0.0,120,5.0,2.0,1.0
015_C108,15,C,1,5,OPTIMAL,6.9916,1,0,0,0,1,0.0,0.0,0.0,6.9916,120,5.0,2.0,1.0
015_C108,15,C,1,6,OPTIMAL,1.3979,1,0,0,0,1,0.0,0.0,0.0,1.3979,120,5.0,2.0,1.0
015_C108,15,C,1,7,OPTIMAL,0.0041,1,0,0,0,1,0.0,0.0,0.0,0.0041,120,5.0,2.0,1.0
015_C108,15,C,1,8,OPTIMAL,3.1577,1,0,0,0,1,0.0,0.0,0.0,3.1577,120,5.0,2.0,1.0
015_C108,15,C,1,9,OPTIMAL,158.4375,1,1,1,0,0,1.0,158.4375,0.0,0.0,120,5.0,2.0,1.0
015_C108,15,C,2,0,OPTIMAL,350.2994,2,2,2,0,0,1.0,350.2994,0.0,0.0,120,5.0,2.0,1.0
015_C108,15,C,2,1,OPTIMAL,178.2589,2,1,1,0,1,0.5,176.3437,0.0,1.9152,120,5.0,2.0,1.0
015_C108,15,C,2,2,OPTIMAL,212.7295,2,1,1,0,1,0.5,174.5293,0.0,38.2002,120,5.0,2.0,1.0
015_C108,15,C,2,3,OPTIMAL,84.8719,2,0,0,0,2,0.0,0.0,0.0,84.8719,120,5.0,2.0,1.0
015_C108,15,C,2,4,OPTIMAL,123.2057,2,1,1,0,1,0.5,117.2444,0.0,5.9613,120,5.0,2.0,1.0
015_C108,15,C,2,5,OPTIMAL,372.595,2,2,1,1,0,1.0,372.595,0.0,0.0,120,5.0,2.0,1.0
015_C108,15,C,2,6,OPTIMAL,4.2704,2,0,0,0,2,0.0,0.0,0.0,4.2704,120,5.0,2.0,1.0
015_C108,15,C,2,7,OPTIMAL,2.0583,2,0,0,0,2,0.0,0.0,0.0,2.0583,120,5.0,2.0,1.0
015_C108,15,C,2,8,OPTIMAL,115.8831,2,1,1,0,1,0.5,112.743,0.0,3.1401,120,5.0,2.0,1.0
015_C108,15,C,2,9,OPTIMAL,207.7708,2,1,1,0,1,0.5,203.5094,0.0,4.2613,120,5.0,2.0,1.0
015_C108,15,C,3,0,OPTIMAL,937.3921,3,3,2,1,0,1.0,937.3921,0.0,0.0,120,5.0,2.0,1.0
015_C108,15,C,3,1,OPTIMAL,162.4977,3,1,1,0,2,0.3333,161.0591,0.0,1.4386,120,5.0,2.0,1.0
015_C108,15,C,3,2,OPTIMAL,685.0597,3,3,3,0,0,1.0,685.0597,0.0,0.0,120,5.0,2.0,1.0
015_C108,15,C,3,3,OPTIMAL,591.3985,3,2,2,0,1,0.6667,588.2179,0.0,3.1806,120,5.0,2.0,1.0
015_C108,15,C,3,4,OPTIMAL,498.5769,3,3,3,0,0,1.0,498.5769,0.0,0.0,120,5.0,2.0,1.0
015_C108,15,C,3,5,OPTIMAL,545.2454,3,2,1,1,1,0.6667,544.5373,0.0,0.7081,120,5.0,2.0,1.0
015_C108,15,C,3,6,OPTIMAL,7.842,3,0,0,0,3,0.0,0.0,0.0,7.842,120,5.0,2.0,1.0
015_C108,15,C,3,7,OPTIMAL,219.3656,3,1,1,0,2,0.3333,181.6838,0.0,37.6818,120,5.0,2.0,1.0
015_C108,15,C,3,8,OPTIMAL,479.9174,3,2,2,0,1,0.6667,477.8851,0.0,2.0324,120,5.0,2.0,1.0
015_C108,15,C,3,9,OPTIMAL,251.1899,3,1,1,0,2,0.3333,205.7846,0.0,45.4053,120,5.0,2.0,1.0
015_C109,15,C,1,0,OPTIMAL,371.0976,1,1,0,1,0,1.0,371.0976,0.0,0.0,120,5.0,2.0,1.0
015_C109,15,C,1,1,OPTIMAL,178.0864,1,1,1,0,0,1.0,178.0864,0.0,0.0,120,5.0,2.0,1.0
015_C109,15,C,1,2,OPTIMAL,4.2697,1,0,0,0,1,0.0,0.0,0.0,4.2697,120,5.0,2.0,1.0
015_C109,15,C,1,3,OPTIMAL,8.4055,1,0,0,0,1,0.0,0.0,0.0,8.4055,120,5.0,2.0,1.0
015_C109,15,C,1,4,OPTIMAL,385.4597,1,1,1,0,0,1.0,385.4597,0.0,0.0,120,5.0,2.0,1.0
015_C109,15,C,1,5,OPTIMAL,6.9916,1,0,0,0,1,0.0,0.0,0.0,6.9916,120,5.0,2.0,1.0
015_C109,15,C,1,6,OPTIMAL,1.3979,1,0,0,0,1,0.0,0.0,0.0,1.3979,120,5.0,2.0,1.0
015_C109,15,C,1,7,OPTIMAL,175.3854,1,1,0,1,0,1.0,175.3854,0.0,0.0,120,5.0,2.0,1.0
015_C109,15,C,1,8,OPTIMAL,0.5779,1,0,0,0,1,0.0,0.0,0.0,0.5779,120,5.0,2.0,1.0
015_C109,15,C,1,9,OPTIMAL,158.4375,1,1,1,0,0,1.0,158.4375,0.0,0.0,120,5.0,2.0,1.0
015_C109,15,C,2,0,OPTIMAL,350.2994,2,2,2,0,0,1.0,350.2994,0.0,0.0,120,5.0,2.0,1.0
015_C109,15,C,2,1,OPTIMAL,282.7197,2,2,2,0,0,1.0,282.7197,0.0,0.0,120,5.0,2.0,1.0
015_C109,15,C,2,2,OPTIMAL,11.9117,2,0,0,0,2,0.0,0.0,0.0,11.9117,120,5.0,2.0,1.0
015_C109,15,C,2,3,OPTIMAL,699.3379,2,2,1,1,0,1.0,699.3379,0.0,0.0,120,5.0,2.0,1.0
015_C109,15,C,2,4,OPTIMAL,299.3947,2,2,2,0,0,1.0,299.3947,0.0,0.0,120,5.0,2.0,1.0
015_C109,15,C,2,5,OPTIMAL,372.595,2,2,1,1,0,1.0,372.595,0.0,0.0,120,5.0,2.0,1.0
015_C109,15,C,2,6,OPTIMAL,5.4408,2,0,0,0,2,0.0,0.0,0.0,5.4408,120,5.0,2.0,1.0
015_C109,15,C,2,7,OPTIMAL,2.0583,2,0,0,0,2,0.0,0.0,0.0,2.0583,120,5.0,2.0,1.0
015_C109,15,C,2,8,OPTIMAL,115.8831,2,1,1,0,1,0.5,112.743,0.0,3.1401,120,5.0,2.0,1.0
015_C109,15,C,2,9,OPTIMAL,410.3494,2,2,2,0,0,1.0,410.3494,0.0,0.0,120,5.0,2.0,1.0
015_C109,15,C,3,0,OPTIMAL,937.3921,3,3,2,1,0,1.0,937.3921,0.0,0.0,120,5.0,2.0,1.0
015_C109,15,C,3,1,OPTIMAL,340.503,3,2,1,1,1,0.6667,340.4629,0.0,0.04,120,5.0,2.0,1.0
015_C109,15,C,3,2,OPTIMAL,303.09,3,2,2,0,1,0.6667,297.1186,0.0,5.9714,120,5.0,2.0,1.0
015_C109,15,C,3,3,OPTIMAL,322.5668,3,2,2,0,1,0.6667,316.7933,0.0,5.7735,120,5.0,2.0,1.0
015_C109,15,C,3,4,OPTIMAL,498.5769,3,3,3,0,0,1.0,498.5769,0.0,0.0,120,5.0,2.0,1.0
015_C109,15,C,3,5,OPTIMAL,196.346,3,1,1,0,2,0.3333,192.9434,0.0,3.4026,120,5.0,2.0,1.0
015_C109,15,C,3,6,OPTIMAL,175.7834,3,1,1,0,2,0.3333,172.5662,0.0,3.2172,120,5.0,2.0,1.0
015_C109,15,C,3,7,OPTIMAL,495.4553,3,2,2,0,1,0.6667,494.5779,0.0,0.8774,120,5.0,2.0,1.0
015_C109,15,C,3,8,OPTIMAL,337.4898,3,1,1,0,2,0.3333,331.673,0.0,5.8168,120,5.0,2.0,1.0
015_C109,15,C,3,9,OPTIMAL,241.7351,3,1,1,0,2,0.3333,205.7846,0.0,35.9505,120,5.0,2.0,1.0
015_C201,15,C,1,0,OPTIMAL,90.2306,1,1,1,0,0,1.0,90.2306,0.0,0.0,120,5.0,2.0,1.0
015_C201,15,C,1,1,OPTIMAL,295.0609,1,1,1,0,0,1.0,295.0609,0.0,0.0,120,5.0,2.0,1.0
015_C201,15,C,1,2,OPTIMAL,245.058,1,1,1,0,0,1.0,245.058,0.0,0.0,120,5.0,2.0,1.0
015_C201,15,C,1,3,OPTIMAL,226.0854,1,1,1,0,0,1.0,226.0854,0.0,0.0,120,5.0,2.0,1.0
015_C201,15,C,1,4,OPTIMAL,104.1899,1,1,0,1,0,1.0,104.1899,0.0,0.0,120,5.0,2.0,1.0
015_C201,15,C,1,5,OPTIMAL,379.5648,1,1,1,0,0,1.0,379.5648,0.0,0.0,120,5.0,2.0,1.0
015_C201,15,C,1,6,OPTIMAL,387.4404,1,1,1,0,0,1.0,387.4404,0.0,0.0,120,5.0,2.0,1.0
015_C201,15,C,1,7,OPTIMAL,248.7381,1,1,0,1,0,1.0,248.7381,0.0,0.0,120,5.0,2.0,1.0
015_C201,15,C,1,8,OPTIMAL,271.5297,1,1,1,0,0,1.0,271.5297,0.0,0.0,120,5.0,2.0,1.0
015_C201,15,C,1,9,OPTIMAL,30.6904,1,0,0,0,1,0.0,0.0,0.0,30.6904,120,5.0,2.0,1.0
015_C201,15,C,2,0,OPTIMAL,631.0158,2,2,0,2,0,1.0,631.0158,0.0,0.0,120,5.0,2.0,1.0
015_C201,15,C,2,1,OPTIMAL,658.929,2,2,1,1,0,1.0,658.929,0.0,0.0,120,5.0,2.0,1.0
015_C201,15,C,2,2,OPTIMAL,584.3719,2,2,2,0,0,1.0,584.3719,0.0,0.0,120,5.0,2.0,1.0
015_C201,15,C,2,3,OPTIMAL,653.0826,2,2,2,0,0,1.0,653.0826,0.0,0.0,120,5.0,2.0,1.0
015_C201,15,C,2,4,OPTIMAL,379.8562,2,1,1,0,1,0.5,336.4902,0.0,43.366,120,5.0,2.0,1.0
015_C201,15,C,2,5,OPTIMAL,496.9174,2,2,1,1,0,1.0,496.9174,0.0,0.0,120,5.0,2.0,1.0
015_C201,15,C,2,6,OPTIMAL,230.3157,2,1,1,0,1,0.5,203.4724,0.0,26.8434,120,5.0,2.0,1.0
015_C201,15,C,2,7,OPTIMAL,499.6894,2,2,1,1,0,1.0,499.6894,0.0,0.0,120,5.0,2.0,1.0
015_C201,15,C,2,8,OPTIMAL,251.3687,2,1,1,0,1,0.5,250.0734,0.0,1.2952,120,5.0,2.0,1.0
015_C201,15,C,2,9,OPTIMAL,339.6809,2,2,2,0,0,1.0,339.6809,0.0,0.0,120,5.0,2.0,1.0
015_C201,15,C,3,0,OPTIMAL,994.543,3,3,3,0,0,1.0,994.543,0.0,0.0,120,5.0,2.0,1.0
015_C201,15,C,3,1,OPTIMAL,696.4619,3,3,3,0,0,1.0,696.4619,0.0,0.0,120,5.0,2.0,1.0
015_C201,15,C,3,2,OPTIMAL,1038.3211,3,3,2,1,0,1.0,1038.3211,0.0,0.0,120,5.0,2.0,1.0
015_C201,15,C,3,3,OPTIMAL,629.3181,3,3,2,1,0,1.0,629.3181,0.0,0.0,120,5.0,2.0,1.0
015_C201,15,C,3,4,OPTIMAL,706.7504,3,3,3,0,0,1.0,706.7504,0.0,0.0,120,5.0,2.0,1.0
015_C201,15,C,3,5,OPTIMAL,783.3232,3,3,3,0,0,1.0,783.3232,0.0,0.0,120,5.0,2.0,1.0
015_C201,15,C,3,6,OPTIMAL,585.6986,3,3,3,0,0,1.0,585.6986,0.0,0.0,120,5.0,2.0,1.0
015_C201,15,C,3,7,OPTIMAL,819.5768,3,3,2,1,0,1.0,819.5768,0.0,0.0,120,5.0,2.0,1.0
015_C201,15,C,3,8,OPTIMAL,271.1696,3,1,1,0,2,0.3333,246.7383,0.0,24.4313,120,5.0,2.0,1.0
015_C201,15,C,3,9,OPTIMAL,838.8785,3,3,2,1,0,1.0,838.8785,0.0,0.0,120,5.0,2.0,1.0
015_C202,15,C,1,0,OPTIMAL,90.2306,1,1,1,0,0,1.0,90.2306,0.0,0.0,120,5.0,2.0,1.0
015_C202,15,C,1,1,OPTIMAL,295.0609,1,1,1,0,0,1.0,295.0609,0.0,0.0,120,5.0,2.0,1.0
015_C202,15,C,1,2,OPTIMAL,0.2023,1,0,0,0,1,0.0,0.0,0.0,0.2023,120,5.0,2.0,1.0
015_C202,15,C,1,3,OPTIMAL,226.0854,1,1,1,0,0,1.0,226.0854,0.0,0.0,120,5.0,2.0,1.0
015_C202,15,C,1,4,OPTIMAL,104.1899,1,1,0,1,0,1.0,104.1899,0.0,0.0,120,5.0,2.0,1.0
015_C202,15,C,1,5,OPTIMAL,379.5648,1,1,1,0,0,1.0,379.5648,0.0,0.0,120,5.0,2.0,1.0
015_C202,15,C,1,6,OPTIMAL,387.4404,1,1,1,0,0,1.0,387.4404,0.0,0.0,120,5.0,2.0,1.0
015_C202,15,C,1,7,OPTIMAL,248.7381,1,1,0,1,0,1.0,248.7381,0.0,0.0,120,5.0,2.0,1.0
015_C202,15,C,1,8,OPTIMAL,271.5297,1,1,1,0,0,1.0,271.5297,0.0,0.0,120,5.0,2.0,1.0
015_C202,15,C,1,9,OPTIMAL,12.4295,1,0,0,0,1,0.0,0.0,0.0,12.4295,120,5.0,2.0,1.0
015_C202,15,C,2,0,OPTIMAL,631.0158,2,2,0,2,0,1.0,631.0158,0.0,0.0,120,5.0,2.0,1.0
015_C202,15,C,2,1,OPTIMAL,658.929,2,2,1,1,0,1.0,658.929,0.0,0.0,120,5.0,2.0,1.0
015_C202,15,C,2,2,OPTIMAL,584.3719,2,2,2,0,0,1.0,584.3719,0.0,0.0,120,5.0,2.0,1.0
015_C202,15,C,2,3,OPTIMAL,653.0826,2,2,2,0,0,1.0,653.0826,0.0,0.0,120,5.0,2.0,1.0
015_C202,15,C,2,4,OPTIMAL,379.8562,2,1,1,0,1,0.5,336.4902,0.0,43.366,120,5.0,2.0,1.0
015_C202,15,C,2,5,OPTIMAL,496.9174,2,2,1,1,0,1.0,496.9174,0.0,0.0,120,5.0,2.0,1.0
015_C202,15,C,2,6,OPTIMAL,230.3157,2,1,1,0,1,0.5,203.4724,0.0,26.8434,120,5.0,2.0,1.0
015_C202,15,C,2,7,OPTIMAL,499.6894,2,2,1,1,0,1.0,499.6894,0.0,0.0,120,5.0,2.0,1.0
015_C202,15,C,2,8,OPTIMAL,459.1292,2,2,2,0,0,1.0,459.1292,0.0,0.0,120,5.0,2.0,1.0
015_C202,15,C,2,9,OPTIMAL,339.6809,2,2,2,0,0,1.0,339.6809,0.0,0.0,120,5.0,2.0,1.0
015_C202,15,C,3,0,OPTIMAL,994.543,3,3,3,0,0,1.0,994.543,0.0,0.0,120,5.0,2.0,1.0
015_C202,15,C,3,1,OPTIMAL,696.4619,3,3,3,0,0,1.0,696.4619,0.0,0.0,120,5.0,2.0,1.0
015_C202,15,C,3,2,OPTIMAL,708.2548,3,2,2,0,1,0.6667,708.1866,0.0,0.0682,120,5.0,2.0,1.0
015_C202,15,C,3,3,OPTIMAL,629.3181,3,3,2,1,0,1.0,629.3181,0.0,0.0,120,5.0,2.0,1.0
015_C202,15,C,3,4,OPTIMAL,706.7504,3,3,3,0,0,1.0,706.7504,0.0,0.0,120,5.0,2.0,1.0
015_C202,15,C,3,5,OPTIMAL,542.2327,3,2,2,0,1,0.6667,526.801,0.0,15.4317,120,5.0,2.0,1.0
015_C202,15,C,3,6,OPTIMAL,585.6986,3,3,3,0,0,1.0,585.6986,0.0,0.0,120,5.0,2.0,1.0
015_C202,15,C,3,7,OPTIMAL,819.5768,3,3,2,1,0,1.0,819.5768,0.0,0.0,120,5.0,2.0,1.0
015_C202,15,C,3,8,OPTIMAL,548.7041,3,2,2,0,1,0.6667,530.3997,0.0,18.3044,120,5.0,2.0,1.0
015_C202,15,C,3,9,OPTIMAL,838.8785,3,3,2,1,0,1.0,838.8785,0.0,0.0,120,5.0,2.0,1.0
015_C203,15,C,1,0,OPTIMAL,90.2306,1,1,1,0,0,1.0,90.2306,0.0,0.0,120,5.0,2.0,1.0
015_C203,15,C,1,1,OPTIMAL,295.0609,1,1,1,0,0,1.0,295.0609,0.0,0.0,120,5.0,2.0,1.0
015_C203,15,C,1,2,OPTIMAL,48.5766,1,0,0,0,1,0.0,0.0,0.0,48.5766,120,5.0,2.0,1.0
015_C203,15,C,1,3,OPTIMAL,226.0854,1,1,1,0,0,1.0,226.0854,0.0,0.0,120,5.0,2.0,1.0
015_C203,15,C,1,4,OPTIMAL,104.1899,1,1,0,1,0,1.0,104.1899,0.0,0.0,120,5.0,2.0,1.0
015_C203,15,C,1,5,OPTIMAL,379.5648,1,1,1,0,0,1.0,379.5648,0.0,0.0,120,5.0,2.0,1.0
015_C203,15,C,1,6,OPTIMAL,387.4404,1,1,1,0,0,1.0,387.4404,0.0,0.0,120,5.0,2.0,1.0
015_C203,15,C,1,7,OPTIMAL,248.7381,1,1,0,1,0,1.0,248.7381,0.0,0.0,120,5.0,2.0,1.0
015_C203,15,C,1,8,OPTIMAL,271.5297,1,1,1,0,0,1.0,271.5297,0.0,0.0,120,5.0,2.0,1.0
015_C203,15,C,1,9,OPTIMAL,19.8717,1,0,0,0,1,0.0,0.0,0.0,19.8717,120,5.0,2.0,1.0
015_C203,15,C,2,0,OPTIMAL,631.0158,2,2,0,2,0,1.0,631.0158,0.0,0.0,120,5.0,2.0,1.0
015_C203,15,C,2,1,OPTIMAL,658.929,2,2,1,1,0,1.0,658.929,0.0,0.0,120,5.0,2.0,1.0
015_C203,15,C,2,2,OPTIMAL,584.3719,2,2,2,0,0,1.0,584.3719,0.0,0.0,120,5.0,2.0,1.0
015_C203,15,C,2,3,OPTIMAL,653.0826,2,2,2,0,0,1.0,653.0826,0.0,0.0,120,5.0,2.0,1.0
015_C203,15,C,2,4,OPTIMAL,379.8562,2,1,1,0,1,0.5,336.4902,0.0,43.366,120,5.0,2.0,1.0
015_C203,15,C,2,5,OPTIMAL,496.9174,2,2,1,1,0,1.0,496.9174,0.0,0.0,120,5.0,2.0,1.0
015_C203,15,C,2,6,OPTIMAL,230.3157,2,1,1,0,1,0.5,203.4724,0.0,26.8434,120,5.0,2.0,1.0
015_C203,15,C,2,7,OPTIMAL,499.6894,2,2,1,1,0,1.0,499.6894,0.0,0.0,120,5.0,2.0,1.0
015_C203,15,C,2,8,OPTIMAL,459.1292,2,2,2,0,0,1.0,459.1292,0.0,0.0,120,5.0,2.0,1.0
015_C203,15,C,2,9,OPTIMAL,339.6809,2,2,2,0,0,1.0,339.6809,0.0,0.0,120,5.0,2.0,1.0
015_C203,15,C,3,0,OPTIMAL,994.543,3,3,3,0,0,1.0,994.543,0.0,0.0,120,5.0,2.0,1.0
015_C203,15,C,3,1,OPTIMAL,696.4619,3,3,3,0,0,1.0,696.4619,0.0,0.0,120,5.0,2.0,1.0
015_C203,15,C,3,2,OPTIMAL,708.2548,3,2,2,0,1,0.6667,708.1866,0.0,0.0682,120,5.0,2.0,1.0
015_C203,15,C,3,3,OPTIMAL,629.3181,3,3,2,1,0,1.0,629.3181,0.0,0.0,120,5.0,2.0,1.0
015_C203,15,C,3,4,OPTIMAL,706.7504,3,3,3,0,0,1.0,706.7504,0.0,0.0,120,5.0,2.0,1.0
015_C203,15,C,3,5,OPTIMAL,638.891,3,2,2,0,1,0.6667,526.801,0.0,112.09,120,5.0,2.0,1.0
015_C203,15,C,3,6,OPTIMAL,585.6986,3,3,3,0,0,1.0,585.6986,0.0,0.0,120,5.0,2.0,1.0
015_C203,15,C,3,7,OPTIMAL,819.5768,3,3,2,1,0,1.0,819.5768,0.0,0.0,120,5.0,2.0,1.0
015_C203,15,C,3,8,OPTIMAL,804.5765,3,3,3,0,0,1.0,804.5765,0.0,0.0,120,5.0,2.0,1.0
015_C203,15,C,3,9,OPTIMAL,838.8785,3,3,2,1,0,1.0,838.8785,0.0,0.0,120,5.0,2.0,1.0
015_C204,15,C,1,0,OPTIMAL,90.2306,1,1,1,0,0,1.0,90.2306,0.0,0.0,120,5.0,2.0,1.0
015_C204,15,C,1,1,OPTIMAL,295.0609,1,1,1,0,0,1.0,295.0609,0.0,0.0,120,5.0,2.0,1.0
015_C204,15,C,1,2,OPTIMAL,47.9172,1,0,0,0,1,0.0,0.0,0.0,47.9172,120,5.0,2.0,1.0
015_C204,15,C,1,3,OPTIMAL,226.0854,1,1,1,0,0,1.0,226.0854,0.0,0.0,120,5.0,2.0,1.0
015_C204,15,C,1,4,OPTIMAL,104.1899,1,1,0,1,0,1.0,104.1899,0.0,0.0,120,5.0,2.0,1.0
015_C204,15,C,1,5,OPTIMAL,379.5648,1,1,1,0,0,1.0,379.5648,0.0,0.0,120,5.0,2.0,1.0
015_C204,15,C,1,6,OPTIMAL,387.4404,1,1,1,0,0,1.0,387.4404,0.0,0.0,120,5.0,2.0,1.0
015_C204,15,C,1,7,OPTIMAL,248.7381,1,1,1,0,0,1.0,248.7381,0.0,0.0,120,5.0,2.0,1.0
015_C204,15,C,1,8,OPTIMAL,271.5297,1,1,1,0,0,1.0,271.5297,0.0,0.0,120,5.0,2.0,1.0
015_C204,15,C,1,9,OPTIMAL,15.8974,1,0,0,0,1,0.0,0.0,0.0,15.8974,120,5.0,2.0,1.0
015_C204,15,C,2,0,OPTIMAL,631.0158,2,2,0,2,0,1.0,631.0158,0.0,0.0,120,5.0,2.0,1.0
015_C204,15,C,2,1,OPTIMAL,424.5583,2,1,1,0,1,0.5,391.0409,0.0,33.5173,120,5.0,2.0,1.0
015_C204,15,C,2,2,OPTIMAL,584.3719,2,2,2,0,0,1.0,584.3719,0.0,0.0,120,5.0,2.0,1.0
015_C204,15,C,2,3,OPTIMAL,653.0826,2,2,2,0,0,1.0,653.0826,0.0,0.0,120,5.0,2.0,1.0
015_C204,15,C,2,4,OPTIMAL,720.8147,2,2,2,0,0,1.0,720.8147,0.0,0.0,120,5.0,2.0,1.0
015_C204,15,C,2,5,OPTIMAL,272.6295,2,1,1,0,1,0.5,272.6283,0.0,0.0013,120,5.0,2.0,1.0
015_C204,15,C,2,6,OPTIMAL,458.2024,2,2,2,0,0,1.0,458.2024,0.0,0.0,120,5.0,2.0,1.0
015_C204,15,C,2,7,OPTIMAL,499.6894,2,2,1,1,0,1.0,499.6894,0.0,0.0,120,5.0,2.0,1.0
015_C204,15,C,2,8,OPTIMAL,459.1292,2,2,2,0,0,1.0,459.1292,0.0,0.0,120,5.0,2.0,1.0
015_C204,15,C,2,9,OPTIMAL,339.6809,2,2,2,0,0,1.0,339.6809,0.0,0.0,120,5.0,2.0,1.0
015_C204,15,C,3,0,OPTIMAL,994.543,3,3,3,0,0,1.0,994.543,0.0,0.0,120,5.0,2.0,1.0
015_C204,15,C,3,1,OPTIMAL,696.4619,3,3,3,0,0,1.0,696.4619,0.0,0.0,120,5.0,2.0,1.0
015_C204,15,C,3,2,OPTIMAL,708.2548,3,2,2,0,1,0.6667,708.1866,0.0,0.0682,120,5.0,2.0,1.0
015_C204,15,C,3,3,OPTIMAL,629.3181,3,3,2,1,0,1.0,629.3181,0.0,0.0,120,5.0,2.0,1.0
015_C204,15,C,3,4,OPTIMAL,706.7504,3,3,3,0,0,1.0,706.7504,0.0,0.0,120,5.0,2.0,1.0
015_C204,15,C,3,5,OPTIMAL,573.7464,3,2,2,0,1,0.6667,526.801,0.0,46.9454,120,5.0,2.0,1.0
015_C204,15,C,3,6,OPTIMAL,585.6986,3,3,3,0,0,1.0,585.6986,0.0,0.0,120,5.0,2.0,1.0
015_C204,15,C,3,7,OPTIMAL,819.5768,3,3,2,1,0,1.0,819.5768,0.0,0.0,120,5.0,2.0,1.0
015_C204,15,C,3,8,OPTIMAL,804.5765,3,3,3,0,0,1.0,804.5765,0.0,0.0,120,5.0,2.0,1.0
015_C204,15,C,3,9,OPTIMAL,838.8785,3,3,2,1,0,1.0,838.8785,0.0,0.0,120,5.0,2.0,1.0
015_C205,15,C,1,0,OPTIMAL,90.2306,1,1,1,0,0,1.0,90.2306,0.0,0.0,120,5.0,2.0,1.0
015_C205,15,C,1,1,OPTIMAL,295.0609,1,1,1,0,0,1.0,295.0609,0.0,0.0,120,5.0,2.0,1.0
015_C205,15,C,1,2,OPTIMAL,245.058,1,1,1,0,0,1.0,245.058,0.0,0.0,120,5.0,2.0,1.0
015_C205,15,C,1,3,OPTIMAL,226.0854,1,1,1,0,0,1.0,226.0854,0.0,0.0,120,5.0,2.0,1.0
015_C205,15,C,1,4,OPTIMAL,104.1899,1,1,1,0,0,1.0,104.1899,0.0,0.0,120,5.0,2.0,1.0
015_C205,15,C,1,5,OPTIMAL,379.5648,1,1,1,0,0,1.0,379.5648,0.0,0.0,120,5.0,2.0,1.0
015_C205,15,C,1,6,OPTIMAL,62.7757,1,0,0,0,1,0.0,0.0,0.0,62.7757,120,5.0,2.0,1.0
015_C205,15,C,1,7,OPTIMAL,0.1908,1,0,0,0,1,0.0,0.0,0.0,0.1908,120,5.0,2.0,1.0
015_C205,15,C,1,8,OPTIMAL,271.5297,1,1,1,0,0,1.0,271.5297,0.0,0.0,120,5.0,2.0,1.0
015_C205,15,C,1,9,OPTIMAL,30.6904,1,0,0,0,1,0.0,0.0,0.0,30.6904,120,5.0,2.0,1.0
015_C205,15,C,2,0,OPTIMAL,631.0158,2,2,2,0,0,1.0,631.0158,0.0,0.0,120,5.0,2.0,1.0
015_C205,15,C,2,1,OPTIMAL,658.929,2,2,2,0,0,1.0,658.929,0.0,0.0,120,5.0,2.0,1.0
015_C205,15,C,2,2,OPTIMAL,390.3724,2,1,1,0,1,0.5,388.5351,0.0,1.8373,120,5.0,2.0,1.0
015_C205,15,C,2,3,OPTIMAL,653.0826,2,2,1,1,0,1.0,653.0826,0.0,0.0,120,5.0,2.0,1.0
015_C205,15,C,2,4,OPTIMAL,720.8147,2,2,2,0,0,1.0,720.8147,0.0,0.0,120,5.0,2.0,1.0
015_C205,15,C,2,5,OPTIMAL,496.9174,2,2,2,0,0,1.0,496.9174,0.0,0.0,120,5.0,2.0,1.0
015_C205,15,C,2,6,OPTIMAL,458.2024,2,2,2,0,0,1.0,458.2024,0.0,0.0,120,5.0,2.0,1.0
015_C205,15,C,2,7,OPTIMAL,301.4336,2,1,1,0,1,0.5,279.557,0.0,21.8765,120,5.0,2.0,1.0
015_C205,15,C,2,8,OPTIMAL,253.9846,2,1,1,0,1,0.5,250.0734,0.0,3.9112,120,5.0,2.0,1.0
015_C205,15,C,2,9,OPTIMAL,20.929,2,0,0,0,2,0.0,0.0,0.0,20.929,120,5.0,2.0,1.0
015_C205,15,C,3,0,OPTIMAL,782.3483,3,2,1,1,1,0.6667,753.8042,0.0,28.5441,120,5.0,2.0,1.0
015_C205,15,C,3,1,OPTIMAL,480.2991,3,2,2,0,1,0.6667,434.5238,0.0,45.7753,120,5.0,2.0,1.0
015_C205,15,C,3,2,OPTIMAL,1038.3211,3,3,3,0,0,1.0,1038.3211,0.0,0.0,120,5.0,2.0,1.0
015_C205,15,C,3,3,OPTIMAL,359.4027,3,2,2,0,1,0.6667,353.2747,0.0,6.128,120,5.0,2.0,1.0
015_C205,15,C,3,4,OPTIMAL,523.1879,3,2,2,0,1,0.6667,522.4492,0.0,0.7387,120,5.0,2.0,1.0
015_C205,15,C,3,5,OPTIMAL,538.2208,3,2,0,2,1,0.6667,526.801,0.0,11.4198,120,5.0,2.0,1.0
015_C205,15,C,3,6,OPTIMAL,397.7423,3,2,2,0,1,0.6667,358.0112,0.0,39.7311,120,5.0,2.0,1.0
015_C205,15,C,3,7,OPTIMAL,588.7464,3,2,2,0,1,0.6667,560.9851,0.0,27.7613,120,5.0,2.0,1.0
015_C205,15,C,3,8,OPTIMAL,265.1973,3,1,1,0,2,0.3333,246.7383,0.0,18.459,120,5.0,2.0,1.0
015_C205,15,C,3,9,OPTIMAL,650.1802,3,2,2,0,1,0.6667,638.2988,0.0,11.8814,120,5.0,2.0,1.0
015_C206,15,C,1,0,OPTIMAL,90.2306,1,1,1,0,0,1.0,90.2306,0.0,0.0,120,5.0,2.0,1.0
015_C206,15,C,1,1,OPTIMAL,38.779,1,0,0,0,1,0.0,0.0,0.0,38.779,120,5.0,2.0,1.0
015_C206,15,C,1,2,OPTIMAL,245.058,1,1,1,0,0,1.0,245.058,0.0,0.0,120,5.0,2.0,1.0
015_C206,15,C,1,3,OPTIMAL,226.0854,1,1,1,0,0,1.0,226.0854,0.0,0.0,120,5.0,2.0,1.0
015_C206,15,C,1,4,OPTIMAL,104.1899,1,1,1,0,0,1.0,104.1899,0.0,0.0,120,5.0,2.0,1.0
015_C206,15,C,1,5,OPTIMAL,379.5648,1,1,1,0,0,1.0,379.5648,0.0,0.0,120,5.0,2.0,1.0
015_C206,15,C,1,6,OPTIMAL,387.4404,1,1,1,0,0,1.0,387.4404,0.0,0.0,120,5.0,2.0,1.0
015_C206,15,C,1,7,OPTIMAL,248.7381,1,1,1,0,0,1.0,248.7381,0.0,0.0,120,5.0,2.0,1.0
015_C206,15,C,1,8,OPTIMAL,271.5297,1,1,1,0,0,1.0,271.5297,0.0,0.0,120,5.0,2.0,1.0
015_C206,15,C,1,9,OPTIMAL,19.4621,1,0,0,0,1,0.0,0.0,0.0,19.4621,120,5.0,2.0,1.0
015_C206,15,C,2,0,OPTIMAL,631.0158,2,2,2,0,0,1.0,631.0158,0.0,0.0,120,5.0,2.0,1.0
015_C206,15,C,2,1,OPTIMAL,658.929,2,2,2,0,0,1.0,658.929,0.0,0.0,120,5.0,2.0,1.0
015_C206,15,C,2,2,OPTIMAL,390.3724,2,1,1,0,1,0.5,388.5351,0.0,1.8373,120,5.0,2.0,1.0
015_C206,15,C,2,3,OPTIMAL,653.0826,2,2,2,0,0,1.0,653.0826,0.0,0.0,120,5.0,2.0,1.0
015_C206,15,C,2,4,OPTIMAL,720.8147,2,2,2,0,0,1.0,720.8147,0.0,0.0,120,5.0,2.0,1.0
015_C206,15,C,2,5,OPTIMAL,273.7304,2,1,1,0,1,0.5,272.6283,0.0,1.1021,120,5.0,2.0,1.0
015_C206,15,C,2,6,OPTIMAL,458.2024,2,2,2,0,0,1.0,458.2024,0.0,0.0,120,5.0,2.0,1.0
015_C206,15,C,2,7,OPTIMAL,224.0487,2,1,1,0,1,0.5,220.1324,0.0,3.9163,120,5.0,2.0,1.0
015_C206,15,C,2,8,OPTIMAL,459.1292,2,2,2,0,0,1.0,459.1292,0.0,0.0,120,5.0,2.0,1.0
015_C206,15,C,2,9,OPTIMAL,148.6128,2,1,1,0,1,0.5,143.9253,0.0,4.6874,120,5.0,2.0,1.0
015_C206,15,C,3,0,OPTIMAL,790.0221,3,2,2,0,1,0.6667,753.8042,0.0,36.2179,120,5.0,2.0,1.0
015_C206,15,C,3,1,OPTIMAL,696.4619,3,3,3,0,0,1.0,696.4619,0.0,0.0,120,5.0,2.0,1.0
015_C206,15,C,3,2,OPTIMAL,1038.3211,3,3,3,0,0,1.0,1038.3211,0.0,0.0,120,5.0,2.0,1.0
015_C206,15,C,3,3,OPTIMAL,233.1169,3,1,1,0,2,0.3333,231.8958,0.0,1.2211,120,5.0,2.0,1.0
015_C206,15,C,3,4,OPTIMAL,706.7504,3,3,3,0,0,1.0,706.7504,0.0,0.0,120,5.0,2.0,1.0
015_C206,15,C,3,5,OPTIMAL,783.3232,3,3,3,0,0,1.0,783.3232,0.0,0.0,120,5.0,2.0,1.0
015_C206,15,C,3,6,OPTIMAL,585.6986,3,3,3,0,0,1.0,585.6986,0.0,0.0,120,5.0,2.0,1.0
015_C206,15,C,3,7,OPTIMAL,353.8673,3,1,1,0,2,0.3333,281.5825,0.0,72.2848,120,5.0,2.0,1.0
015_C206,15,C,3,8,OPTIMAL,547.159,3,2,2,0,1,0.6667,530.3997,0.0,16.7593,120,5.0,2.0,1.0
015_C206,15,C,3,9,OPTIMAL,838.8785,3,3,3,0,0,1.0,838.8785,0.0,0.0,120,5.0,2.0,1.0
015_C207,15,C,1,0,OPTIMAL,90.2306,1,1,1,0,0,1.0,90.2306,0.0,0.0,120,5.0,2.0,1.0
015_C207,15,C,1,1,OPTIMAL,50.6499,1,0,0,0,1,0.0,0.0,0.0,50.6499,120,5.0,2.0,1.0
015_C207,15,C,1,2,OPTIMAL,245.058,1,1,1,0,0,1.0,245.058,0.0,0.0,120,5.0,2.0,1.0
015_C207,15,C,1,3,OPTIMAL,226.0854,1,1,1,0,0,1.0,226.0854,0.0,0.0,120,5.0,2.0,1.0
015_C207,15,C,1,4,OPTIMAL,9.632,1,0,0,0,1,0.0,0.0,0.0,9.632,120,5.0,2.0,1.0
015_C207,15,C,1,5,OPTIMAL,379.5648,1,1,1,0,0,1.0,379.5648,0.0,0.0,120,5.0,2.0,1.0
015_C207,15,C,1,6,OPTIMAL,387.4404,1,1,1,0,0,1.0,387.4404,0.0,0.0,120,5.0,2.0,1.0
015_C207,15,C,1,7,OPTIMAL,248.7381,1,1,1,0,0,1.0,248.7381,0.0,0.0,120,5.0,2.0,1.0
015_C207,15,C,1,8,OPTIMAL,271.5297,1,1,1,0,0,1.0,271.5297,0.0,0.0,120,5.0,2.0,1.0
015_C207,15,C,1,9,OPTIMAL,30.6904,1,0,0,0,1,0.0,0.0,0.0,30.6904,120,5.0,2.0,1.0
015_C207,15,C,2,0,OPTIMAL,631.0158,2,2,2,0,0,1.0,631.0158,0.0,0.0,120,5.0,2.0,1.0
015_C207,15,C,2,1,OPTIMAL,271.4205,2,1,0,1,1,0.5,267.888,0.0,3.5325,120,5.0,2.0,1.0
015_C207,15,C,2,2,OPTIMAL,394.3093,2,1,1,0,1,0.5,388.5351,0.0,5.7742,120,5.0,2.0,1.0
015_C207,15,C,2,3,OPTIMAL,653.0826,2,2,2,0,0,1.0,653.0826,0.0,0.0,120,5.0,2.0,1.0
015_C207,15,C,2,4,OPTIMAL,388.8884,2,1,1,0,1,0.5,384.3244,0.0,4.564,120,5.0,2.0,1.0
015_C207,15,C,2,5,OPTIMAL,496.9174,2,2,2,0,0,1.0,496.9174,0.0,0.0,120,5.0,2.0,1.0
015_C207,15,C,2,6,OPTIMAL,458.2024,2,2,2,0,0,1.0,458.2024,0.0,0.0,120,5.0,2.0,1.0
015_C207,15,C,2,7,OPTIMAL,499.6894,2,2,2,0,0,1.0,499.6894,0.0,0.0,120,5.0,2.0,1.0
015_C207,15,C,2,8,OPTIMAL,459.1292,2,2,1,1,0,1.0,459.1292,0.0,0.0,120,5.0,2.0,1.0
015_C207,15,C,2,9,OPTIMAL,339.6809,2,2,2,0,0,1.0,339.6809,0.0,0.0,120,5.0,2.0,1.0
015_C207,15,C,3,0,OPTIMAL,792.1614,3,2,2,0,1,0.6667,753.8042,0.0,38.3572,120,5.0,2.0,1.0
015_C207,15,C,3,1,OPTIMAL,696.4619,3,3,3,0,0,1.0,696.4619,0.0,0.0,120,5.0,2.0,1.0
015_C207,15,C,3,2,OPTIMAL,1038.3211,3,3,3,0,0,1.0,1038.3211,0.0,0.0,120,5.0,2.0,1.0
015_C207,15,C,3,3,OPTIMAL,629.3181,3,3,2,1,0,1.0,629.3181,0.0,0.0,120,5.0,2.0,1.0
015_C207,15,C,3,4,OPTIMAL,706.7504,3,3,3,0,0,1.0,706.7504,0.0,0.0,120,5.0,2.0,1.0
015_C207,15,C,3,5,OPTIMAL,783.3232,3,3,3,0,0,1.0,783.3232,0.0,0.0,120,5.0,2.0,1.0
015_C207,15,C,3,6,OPTIMAL,585.6986,3,3,2,1,0,1.0,585.6986,0.0,0.0,120,5.0,2.0,1.0
015_C207,15,C,3,7,OPTIMAL,600.4748,3,2,2,0,1,0.6667,560.9851,0.0,39.4897,120,5.0,2.0,1.0
015_C207,15,C,3,8,OPTIMAL,286.7759,3,1,1,0,2,0.3333,246.7383,0.0,40.0376,120,5.0,2.0,1.0
015_C207,15,C,3,9,OPTIMAL,18.1621,3,0,0,0,3,0.0,0.0,0.0,18.1621,120,5.0,2.0,1.0
015_C208,15,C,1,0,OPTIMAL,90.2306,1,1,1,0,0,1.0,90.2306,0.0,0.0,120,5.0,2.0,1.0
015_C208,15,C,1,1,OPTIMAL,40.8625,1,0,0,0,1,0.0,0.0,0.0,40.8625,120,5.0,2.0,1.0
015_C208,15,C,1,2,OPTIMAL,7.1707,1,0,0,0,1,0.0,0.0,0.0,7.1707,120,5.0,2.0,1.0
015_C208,15,C,1,3,OPTIMAL,226.0854,1,1,1,0,0,1.0,226.0854,0.0,0.0,120,5.0,2.0,1.0
015_C208,15,C,1,4,OPTIMAL,104.1899,1,1,1,0,0,1.0,104.1899,0.0,0.0,120,5.0,2.0,1.0
015_C208,15,C,1,5,OPTIMAL,379.5648,1,1,1,0,0,1.0,379.5648,0.0,0.0,120,5.0,2.0,1.0
015_C208,15,C,1,6,OPTIMAL,55.1508,1,0,0,0,1,0.0,0.0,0.0,55.1508,120,5.0,2.0,1.0
015_C208,15,C,1,7,OPTIMAL,248.7381,1,1,1,0,0,1.0,248.7381,0.0,0.0,120,5.0,2.0,1.0
015_C208,15,C,1,8,OPTIMAL,271.5297,1,1,1,0,0,1.0,271.5297,0.0,0.0,120,5.0,2.0,1.0
015_C208,15,C,1,9,OPTIMAL,4.5809,1,0,0,0,1,0.0,0.0,0.0,4.5809,120,5.0,2.0,1.0
015_C208,15,C,2,0,OPTIMAL,631.0158,2,2,2,0,0,1.0,631.0158,0.0,0.0,120,5.0,2.0,1.0
015_C208,15,C,2,1,OPTIMAL,422.2115,2,1,1,0,1,0.5,391.0409,0.0,31.1705,120,5.0,2.0,1.0
015_C208,15,C,2,2,OPTIMAL,584.3719,2,2,2,0,0,1.0,584.3719,0.0,0.0,120,5.0,2.0,1.0
015_C208,15,C,2,3,OPTIMAL,653.0826,2,2,2,0,0,1.0,653.0826,0.0,0.0,120,5.0,2.0,1.0
015_C208,15,C,2,4,OPTIMAL,386.4854,2,1,1,0,1,0.5,384.3244,0.0,2.161,120,5.0,2.0,1.0
015_C208,15,C,2,5,OPTIMAL,273.7304,2,1,1,0,1,0.5,272.6283,0.0,1.1021,120,5.0,2.0,1.0
015_C208,15,C,2,6,OPTIMAL,458.2024,2,2,2,0,0,1.0,458.2024,0.0,0.0,120,5.0,2.0,1.0
015_C208,15,C,2,7,OPTIMAL,220.3933,2,1,1,0,1,0.5,220.1324,0.0,0.2609,120,5.0,2.0,1.0
015_C208,15,C,2,8,OPTIMAL,255.4115,2,1,1,0,1,0.5,250.0734,0.0,5.338,120,5.0,2.0,1.0
015_C208,15,C,2,9,OPTIMAL,152.0294,2,1,1,0,1,0.5,143.9253,0.0,8.1041,120,5.0,2.0,1.0
015_C208,15,C,3,0,OPTIMAL,994.543,3,3,3,0,0,1.0,994.543,0.0,0.0,120,5.0,2.0,1.0
015_C208,15,C,3,1,OPTIMAL,696.4619,3,3,3,0,0,1.0,696.4619,0.0,0.0,120,5.0,2.0,1.0
015_C208,15,C,3,2,OPTIMAL,425.5341,3,1,1,0,2,0.3333,408.4982,0.0,17.0359,120,5.0,2.0,1.0
015_C208,15,C,3,3,OPTIMAL,236.2505,3,1,1,0,2,0.3333,231.8958,0.0,4.3547,120,5.0,2.0,1.0
015_C208,15,C,3,4,OPTIMAL,706.7504,3,3,3,0,0,1.0,706.7504,0.0,0.0,120,5.0,2.0,1.0
015_C208,15,C,3,5,OPTIMAL,257.6965,3,1,1,0,2,0.3333,230.2943,0.0,27.4021,120,5.0,2.0,1.0
015_C208,15,C,3,6,OPTIMAL,388.5777,3,2,2,0,1,0.6667,380.8568,0.0,7.7209,120,5.0,2.0,1.0
015_C208,15,C,3,7,OPTIMAL,819.5768,3,3,2,1,0,1.0,819.5768,0.0,0.0,120,5.0,2.0,1.0
015_C208,15,C,3,8,OPTIMAL,804.5765,3,3,3,0,0,1.0,804.5765,0.0,0.0,120,5.0,2.0,1.0
015_C208,15,C,3,9,OPTIMAL,838.8785,3,3,3,0,0,1.0,838.8785,0.0,0.0,120,5.0,2.0,1.0
015_R101,15,R,1,0,OPTIMAL,0.0181,1,0,0,0,1,0.0,0.0,0.0,0.0181,120,5.0,2.0,1.0
015_R101,15,R,1,1,OPTIMAL,4.1611,1,0,0,0,1,0.0,0.0,0.0,4.1611,120,5.0,2.0,1.0
015_R101,15,R,1,2,OPTIMAL,0.2304,1,0,0,0,1,0.0,0.0,0.0,0.2304,120,5.0,2.0,1.0
015_R101,15,R,1,3,OPTIMAL,11.6677,1,0,0,0,1,0.0,0.0,0.0,11.6677,120,5.0,2.0,1.0
015_R101,15,R,1,4,OPTIMAL,7.7316,1,0,0,0,1,0.0,0.0,0.0,7.7316,120,5.0,2.0,1.0
015_R101,15,R,1,5,OPTIMAL,17.5761,1,0,0,0,1,0.0,0.0,0.0,17.5761,120,5.0,2.0,1.0
015_R101,15,R,1,6,OPTIMAL,1.4854,1,0,0,0,1,0.0,0.0,0.0,1.4854,120,5.0,2.0,1.0
015_R101,15,R,1,7,OPTIMAL,3.2438,1,0,0,0,1,0.0,0.0,0.0,3.2438,120,5.0,2.0,1.0
015_R101,15,R,1,8,OPTIMAL,1.8392,1,0,0,0,1,0.0,0.0,0.0,1.8392,120,5.0,2.0,1.0
015_R101,15,R,1,9,OPTIMAL,1.7045,1,0,0,0,1,0.0,0.0,0.0,1.7045,120,5.0,2.0,1.0
015_R101,15,R,2,0,OPTIMAL,8.8225,2,0,0,0,2,0.0,0.0,0.0,8.8225,120,5.0,2.0,1.0
015_R101,15,R,2,1,OPTIMAL,1.2725,2,0,0,0,2,0.0,0.0,0.0,1.2725,120,5.0,2.0,1.0
015_R101,15,R,2,2,OPTIMAL,59.3831,2,0,0,0,2,0.0,0.0,0.0,59.3831,120,5.0,2.0,1.0
015_R101,15,R,2,3,OPTIMAL,1.8628,2,0,0,0,2,0.0,0.0,0.0,1.8628,120,5.0,2.0,1.0
015_R101,15,R,2,4,OPTIMAL,2.8579,2,0,0,0,2,0.0,0.0,0.0,2.8579,120,5.0,2.0,1.0
015_R101,15,R,2,5,OPTIMAL,47.82,2,0,0,0,2,0.0,0.0,6.6123,41.2077,120,5.0,2.0,1.0
015_R101,15,R,2,6,OPTIMAL,46.3656,2,0,0,0,2,0.0,0.0,0.0,46.3656,120,5.0,2.0,1.0
015_R101,15,R,2,7,OPTIMAL,37.5648,2,0,0,0,2,0.0,0.0,0.0,37.5648,120,5.0,2.0,1.0
015_R101,15,R,2,8,OPTIMAL,15.8435,2,0,0,0,2,0.0,0.0,0.0,15.8435,120,5.0,2.0,1.0
015_R101,15,R,2,9,OPTIMAL,10.4741,2,0,0,0,2,0.0,0.0,0.0,10.4741,120,5.0,2.0,1.0
015_R101,15,R,3,0,OPTIMAL,8.0299,3,0,0,0,3,0.0,0.0,0.0,8.0299,120,5.0,2.0,1.0
015_R101,15,R,3,1,OPTIMAL,4.3805,3,0,0,0,3,0.0,0.0,0.0,4.3805,120,5.0,2.0,1.0
015_R101,15,R,3,2,OPTIMAL,3.312,3,0,0,0,3,0.0,0.0,0.0,3.312,120,5.0,2.0,1.0
015_R101,15,R,3,3,OPTIMAL,16.7221,3,0,0,0,3,0.0,0.0,0.0,16.7221,120,5.0,2.0,1.0
015_R101,15,R,3,4,OPTIMAL,9.2298,3,0,0,0,3,0.0,0.0,0.0,9.2298,120,5.0,2.0,1.0
015_R101,15,R,3,5,OPTIMAL,15.5243,3,0,0,0,3,0.0,0.0,0.0,15.5243,120,5.0,2.0,1.0
015_R101,15,R,3,6,OPTIMAL,22.9105,3,0,0,0,3,0.0,0.0,0.0,22.9105,120,5.0,2.0,1.0
015_R101,15,R,3,7,OPTIMAL,5.2161,3,0,0,0,3,0.0,0.0,0.0,5.2161,120,5.0,2.0,1.0
015_R101,15,R,3,8,OPTIMAL,72.6049,3,0,0,0,3,0.0,0.0,0.0,72.6049,120,5.0,2.0,1.0
015_R101,15,R,3,9,OPTIMAL,43.7662,3,0,0,0,3,0.0,0.0,0.0,43.7662,120,5.0,2.0,1.0
015_R102,15,R,1,0,OPTIMAL,0.0181,1,0,0,0,1,0.0,0.0,0.0,0.0181,120,5.0,2.0,1.0
015_R102,15,R,1,1,OPTIMAL,4.1611,1,0,0,0,1,0.0,0.0,0.0,4.1611,120,5.0,2.0,1.0
015_R102,15,R,1,2,OPTIMAL,4.3273,1,0,0,0,1,0.0,0.0,0.0,4.3273,120,5.0,2.0,1.0
015_R102,15,R,1,3,OPTIMAL,11.6677,1,0,0,0,1,0.0,0.0,0.0,11.6677,120,5.0,2.0,1.0
015_R102,15,R,1,4,OPTIMAL,3.8658,1,0,0,0,1,0.0,0.0,0.0,3.8658,120,5.0,2.0,1.0
015_R102,15,R,1,5,OPTIMAL,17.5761,1,0,0,0,1,0.0,0.0,0.0,17.5761,120,5.0,2.0,1.0
015_R102,15,R,1,6,OPTIMAL,1.4854,1,0,0,0,1,0.0,0.0,0.0,1.4854,120,5.0,2.0,1.0
015_R102,15,R,1,7,OPTIMAL,3.2438,1,0,0,0,1,0.0,0.0,0.0,3.2438,120,5.0,2.0,1.0
015_R102,15,R,1,8,OPTIMAL,0.9196,1,0,0,0,1,0.0,0.0,0.0,0.9196,120,5.0,2.0,1.0
015_R102,15,R,1,9,OPTIMAL,1.7045,1,0,0,0,1,0.0,0.0,0.0,1.7045,120,5.0,2.0,1.0
015_R102,15,R,2,0,OPTIMAL,8.5026,2,0,0,0,2,0.0,0.0,0.0,8.5026,120,5.0,2.0,1.0
015_R102,15,R,2,1,OPTIMAL,1.2725,2,0,0,0,2,0.0,0.0,0.0,1.2725,120,5.0,2.0,1.0
015_R102,15,R,2,2,OPTIMAL,64.9264,2,0,0,0,2,0.0,0.0,0.0,64.9264,120,5.0,2.0,1.0
015_R102,15,R,2,3,OPTIMAL,8.5868,2,0,0,0,2,0.0,0.0,0.0,8.5868,120,5.0,2.0,1.0
015_R102,15,R,2,4,OPTIMAL,2.8579,2,0,0,0,2,0.0,0.0,0.0,2.8579,120,5.0,2.0,1.0
015_R102,15,R,2,5,OPTIMAL,43.3432,2,0,0,0,2,0.0,0.0,5.7382,37.605,120,5.0,2.0,1.0
015_R102,15,R,2,6,OPTIMAL,46.3656,2,0,0,0,2,0.0,0.0,0.0,46.3656,120,5.0,2.0,1.0
015_R102,15,R,2,7,OPTIMAL,50.0579,2,0,0,0,2,0.0,0.0,1.6621,48.3958,120,5.0,2.0,1.0
015_R102,15,R,2,8,OPTIMAL,15.8435,2,0,0,0,2,0.0,0.0,0.0,15.8435,120,5.0,2.0,1.0
015_R102,15,R,2,9,OPTIMAL,5.2371,2,0,0,0,2,0.0,0.0,0.0,5.2371,120,5.0,2.0,1.0
015_R102,15,R,3,0,OPTIMAL,10.5571,3,0,0,0,3,0.0,0.0,0.0,10.5571,120,5.0,2.0,1.0
015_R102,15,R,3,1,OPTIMAL,9.2145,3,0,0,0,3,0.0,0.0,0.0,9.2145,120,5.0,2.0,1.0
015_R102,15,R,3,2,OPTIMAL,7.0395,3,0,0,0,3,0.0,0.0,0.0,7.0395,120,5.0,2.0,1.0
015_R102,15,R,3,3,OPTIMAL,16.7221,3,0,0,0,3,0.0,0.0,0.0,16.7221,120,5.0,2.0,1.0
015_R102,15,R,3,4,OPTIMAL,17.0267,3,0,0,0,3,0.0,0.0,0.0,17.0267,120,5.0,2.0,1.0
015_R102,15,R,3,5,OPTIMAL,17.7934,3,0,0,0,3,0.0,0.0,0.0,17.7934,120,5.0,2.0,1.0
015_R102,15,R,3,6,OPTIMAL,19.9755,3,0,0,0,3,0.0,0.0,0.0,19.9755,120,5.0,2.0,1.0
015_R102,15,R,3,7,OPTIMAL,5.2161,3,0,0,0,3,0.0,0.0,0.0,5.2161,120,5.0,2.0,1.0
015_R102,15,R,3,8,OPTIMAL,67.8889,3,0,0,0,3,0.0,0.0,0.0,67.8889,120,5.0,2.0,1.0
015_R102,15,R,3,9,OPTIMAL,48.4399,3,0,0,0,3,0.0,0.0,0.0,48.4399,120,5.0,2.0,1.0
015_R103,15,R,1,0,OPTIMAL,0.0181,1,0,0,0,1,0.0,0.0,0.0,0.0181,120,5.0,2.0,1.0
015_R103,15,R,1,1,OPTIMAL,4.1611,1,0,0,0,1,0.0,0.0,0.0,4.1611,120,5.0,2.0,1.0
015_R103,15,R,1,2,OPTIMAL,0.4609,1,0,0,0,1,0.0,0.0,0.0,0.4609,120,5.0,2.0,1.0
015_R103,15,R,1,3,OPTIMAL,11.6677,1,0,0,0,1,0.0,0.0,0.0,11.6677,120,5.0,2.0,1.0
015_R103,15,R,1,4,OPTIMAL,3.8658,1,0,0,0,1,0.0,0.0,0.0,3.8658,120,5.0,2.0,1.0
015_R103,15,R,1,5,OPTIMAL,17.5761,1,0,0,0,1,0.0,0.0,0.0,17.5761,120,5.0,2.0,1.0
015_R103,15,R,1,6,OPTIMAL,1.4854,1,0,0,0,1,0.0,0.0,0.0,1.4854,120,5.0,2.0,1.0
015_R103,15,R,1,7,OPTIMAL,3.2438,1,0,0,0,1,0.0,0.0,0.0,3.2438,120,5.0,2.0,1.0
015_R103,15,R,1,8,OPTIMAL,0.9196,1,0,0,0,1,0.0,0.0,0.0,0.9196,120,5.0,2.0,1.0
015_R103,15,R,1,9,OPTIMAL,1.7045,1,0,0,0,1,0.0,0.0,0.0,1.7045,120,5.0,2.0,1.0
015_R103,15,R,2,0,OPTIMAL,8.5026,2,0,0,0,2,0.0,0.0,0.0,8.5026,120,5.0,2.0,1.0
015_R103,15,R,2,1,OPTIMAL,1.2725,2,0,0,0,2,0.0,0.0,0.0,1.2725,120,5.0,2.0,1.0
015_R103,15,R,2,2,OPTIMAL,64.9264,2,0,0,0,2,0.0,0.0,0.0,64.9264,120,5.0,2.0,1.0
015_R103,15,R,2,3,OPTIMAL,8.5868,2,0,0,0,2,0.0,0.0,0.0,8.5868,120,5.0,2.0,1.0
015_R103,15,R,2,4,OPTIMAL,2.8579,2,0,0,0,2,0.0,0.0,0.0,2.8579,120,5.0,2.0,1.0
015_R103,15,R,2,5,OPTIMAL,43.3432,2,0,0,0,2,0.0,0.0,5.7382,37.605,120,5.0,2.0,1.0
015_R103,15,R,2,6,OPTIMAL,46.3656,2,0,0,0,2,0.0,0.0,0.0,46.3656,120,5.0,2.0,1.0
015_R103,15,R,2,7,OPTIMAL,37.5648,2,0,0,0,2,0.0,0.0,0.0,37.5648,120,5.0,2.0,1.0
015_R103,15,R,2,8,OPTIMAL,15.8435,2,0,0,0,2,0.0,0.0,0.0,15.8435,120,5.0,2.0,1.0
015_R103,15,R,2,9,OPTIMAL,5.2371,2,0,0,0,2,0.0,0.0,0.0,5.2371,120,5.0,2.0,1.0
015_R103,15,R,3,0,OPTIMAL,10.5571,3,0,0,0,3,0.0,0.0,0.0,10.5571,120,5.0,2.0,1.0
015_R103,15,R,3,1,OPTIMAL,9.2145,3,0,0,0,3,0.0,0.0,0.0,9.2145,120,5.0,2.0,1.0
015_R103,15,R,3,2,OPTIMAL,3.3862,3,0,0,0,3,0.0,0.0,0.0,3.3862,120,5.0,2.0,1.0
015_R103,15,R,3,3,OPTIMAL,16.7221,3,0,0,0,3,0.0,0.0,0.0,16.7221,120,5.0,2.0,1.0
015_R103,15,R,3,4,OPTIMAL,11.2984,3,0,0,0,3,0.0,0.0,0.0,11.2984,120,5.0,2.0,1.0
015_R103,15,R,3,5,OPTIMAL,17.7934,3,0,0,0,3,0.0,0.0,0.0,17.7934,120,5.0,2.0,1.0
015_R103,15,R,3,6,OPTIMAL,20.2143,3,0,0,0,3,0.0,0.0,0.0,20.2143,120,5.0,2.0,1.0
015_R103,15,R,3,7,OPTIMAL,5.2161,3,0,0,0,3,0.0,0.0,0.0,5.2161,120,5.0,2.0,1.0
015_R103,15,R,3,8,OPTIMAL,67.8889,3,0,0,0,3,0.0,0.0,0.0,67.8889,120,5.0,2.0,1.0
015_R103,15,R,3,9,OPTIMAL,48.4399,3,0,0,0,3,0.0,0.0,0.0,48.4399,120,5.0,2.0,1.0
015_R104,15,R,1,0,OPTIMAL,3.0669,1,0,0,0,1,0.0,0.0,0.0,3.0669,120,5.0,2.0,1.0
015_R104,15,R,1,1,OPTIMAL,22.461,1,0,0,0,1,0.0,0.0,0.0,22.461,120,5.0,2.0,1.0
015_R104,15,R,1,2,OPTIMAL,0.4609,1,0,0,0,1,0.0,0.0,0.0,0.4609,120,5.0,2.0,1.0
015_R104,15,R,1,3,OPTIMAL,11.6677,1,0,0,0,1,0.0,0.0,0.0,11.6677,120,5.0,2.0,1.0
015_R104,15,R,1,4,OPTIMAL,1.4732,1,0,0,0,1,0.0,0.0,0.0,1.4732,120,5.0,2.0,1.0
015_R104,15,R,1,5,OPTIMAL,17.5761,1,0,0,0,1,0.0,0.0,0.0,17.5761,120,5.0,2.0,1.0
015_R104,15,R,1,6,OPTIMAL,1.4854,1,0,0,0,1,0.0,0.0,0.0,1.4854,120,5.0,2.0,1.0
015_R104,15,R,1,7,OPTIMAL,3.2438,1,0,0,0,1,0.0,0.0,0.0,3.2438,120,5.0,2.0,1.0
015_R104,15,R,1,8,OPTIMAL,0.9196,1,0,0,0,1,0.0,0.0,0.0,0.9196,120,5.0,2.0,1.0
015_R104,15,R,1,9,OPTIMAL,1.7045,1,0,0,0,1,0.0,0.0,0.0,1.7045,120,5.0,2.0,1.0
015_R104,15,R,2,0,OPTIMAL,8.5026,2,0,0,0,2,0.0,0.0,0.0,8.5026,120,5.0,2.0,1.0
015_R104,15,R,2,1,OPTIMAL,1.2725,2,0,0,0,2,0.0,0.0,0.0,1.2725,120,5.0,2.0,1.0
015_R104,15,R,2,2,OPTIMAL,64.9264,2,0,0,0,2,0.0,0.0,0.0,64.9264,120,5.0,2.0,1.0
015_R104,15,R,2,3,OPTIMAL,8.5868,2,0,0,0,2,0.0,0.0,0.0,8.5868,120,5.0,2.0,1.0
015_R104,15,R,2,4,OPTIMAL,3.2968,2,0,0,0,2,0.0,0.0,0.0,3.2968,120,5.0,2.0,1.0
015_R104,15,R,2,5,OPTIMAL,24.7359,2,0,0,0,2,0.0,0.0,0.0,24.7359,120,5.0,2.0,1.0
015_R104,15,R,2,6,OPTIMAL,46.3656,2,0,0,0,2,0.0,0.0,0.0,46.3656,120,5.0,2.0,1.0
015_R104,15,R,2,7,OPTIMAL,50.0579,2,0,0,0,2,0.0,0.0,1.6621,48.3958,120,5.0,2.0,1.0
015_R104,15,R,2,8,OPTIMAL,15.8435,2,0,0,0,2,0.0,0.0,0.0,15.8435,120,5.0,2.0,1.0
015_R104,15,R,2,9,OPTIMAL,5.2371,2,0,0,0,2,0.0,0.0,0.0,5.2371,120,5.0,2.0,1.0
015_R104,15,R,3,0,OPTIMAL,14.9019,3,0,0,0,3,0.0,0.0,0.0,14.9019,120,5.0,2.0,1.0
015_R104,15,R,3,1,OPTIMAL,9.4584,3,0,0,0,3,0.0,0.0,0.0,9.4584,120,5.0,2.0,1.0
015_R104,15,R,3,2,OPTIMAL,3.3862,3,0,0,0,3,0.0,0.0,0.0,3.3862,120,5.0,2.0,1.0
015_R104,15,R,3,3,OPTIMAL,32.6213,3,0,0,0,3,0.0,0.0,0.0,32.6213,120,5.0,2.0,1.0
015_R104,15,R,3,4,OPTIMAL,11.2984,3,0,0,0,3,0.0,0.0,0.0,11.2984,120,5.0,2.0,1.0
015_R104,15,R,3,5,OPTIMAL,17.7934,3,0,0,0,3,0.0,0.0,0.0,17.7934,120,5.0,2.0,1.0
015_R104,15,R,3,6,OPTIMAL,20.2143,3,0,0,0,3,0.0,0.0,0.0,20.2143,120,5.0,2.0,1.0
015_R104,15,R,3,7,OPTIMAL,5.2161,3,0,0,0,3,0.0,0.0,0.0,5.2161,120,5.0,2.0,1.0
015_R104,15,R,3,8,OPTIMAL,54.9327,3,0,0,0,3,0.0,0.0,0.0,54.9327,120,5.0,2.0,1.0
015_R104,15,R,3,9,OPTIMAL,49.4151,3,0,0,0,3,0.0,0.0,0.0,49.4151,120,5.0,2.0,1.0
015_R105,15,R,1,0,OPTIMAL,0.0181,1,0,0,0,1,0.0,0.0,0.0,0.0181,120,5.0,2.0,1.0
015_R105,15,R,1,1,OPTIMAL,4.1611,1,0,0,0,1,0.0,0.0,0.0,4.1611,120,5.0,2.0,1.0
015_R105,15,R,1,2,OPTIMAL,0.2304,1,0,0,0,1,0.0,0.0,0.0,0.2304,120,5.0,2.0,1.0
015_R105,15,R,1,3,OPTIMAL,23.9374,1,0,0,0,1,0.0,0.0,0.0,23.9374,120,5.0,2.0,1.0
015_R105,15,R,1,4,OPTIMAL,0.7366,1,0,0,0,1,0.0,0.0,0.0,0.7366,120,5.0,2.0,1.0
015_R105,15,R,1,5,OPTIMAL,17.5761,1,0,0,0,1,0.0,0.0,0.0,17.5761,120,5.0,2.0,1.0
015_R105,15,R,1,6,OPTIMAL,1.4854,1,0,0,0,1,0.0,0.0,0.0,1.4854,120,5.0,2.0,1.0
015_R105,15,R,1,7,OPTIMAL,3.2438,1,0,0,0,1,0.0,0.0,0.0,3.2438,120,5.0,2.0,1.0
015_R105,15,R,1,8,OPTIMAL,1.8392,1,0,0,0,1,0.0,0.0,0.0,1.8392,120,5.0,2.0,1.0
015_R105,15,R,1,9,OPTIMAL,1.7045,1,0,0,0,1,0.0,0.0,0.0,1.7045,120,5.0,2.0,1.0
015_R105,15,R,2,0,OPTIMAL,8.3953,2,0,0,0,2,0.0,0.0,0.0,8.3953,120,5.0,2.0,1.0
015_R105,15,R,2,1,OPTIMAL,1.2725,2,0,0,0,2,0.0,0.0,0.0,1.2725,120,5.0,2.0,1.0
015_R105,15,R,2,2,OPTIMAL,52.5277,2,0,0,0,2,0.0,0.0,0.0,52.5277,120,5.0,2.0,1.0
015_R105,15,R,2,3,OPTIMAL,4.9802,2,0,0,0,2,0.0,0.0,0.0,4.9802,120,5.0,2.0,1.0
015_R105,15,R,2,4,OPTIMAL,2.8579,2,0,0,0,2,0.0,0.0,0.0,2.8579,120,5.0,2.0,1.0
015_R105,15,R,2,5,OPTIMAL,5.1662,2,0,0,0,2,0.0,0.0,0.0,5.1662,120,5.0,2.0,1.0
015_R105,15,R,2,6,OPTIMAL,46.3656,2,0,0,0,2,0.0,0.0,0.0,46.3656,120,5.0,2.0,1.0
015_R105,15,R,2,7,OPTIMAL,41.9495,2,0,0,0,2,0.0,0.0,0.0,41.9495,120,5.0,2.0,1.0
015_R105,15,R,2,8,OPTIMAL,15.8435,2,0,0,0,2,0.0,0.0,0.0,15.8435,120,5.0,2.0,1.0
015_R105,15,R,2,9,OPTIMAL,11.0232,2,0,0,0,2,0.0,0.0,0.0,11.0232,120,5.0,2.0,1.0
015_R105,15,R,3,0,OPTIMAL,16.0932,3,0,0,0,3,0.0,0.0,0.0,16.0932,120,5.0,2.0,1.0
015_R105,15,R,3,1,OPTIMAL,4.3805,3,0,0,0,3,0.0,0.0,0.0,4.3805,120,5.0,2.0,1.0
015_R105,15,R,3,2,OPTIMAL,3.2366,3,0,0,0,3,0.0,0.0,0.0,3.2366,120,5.0,2.0,1.0
015_R105,15,R,3,3,OPTIMAL,16.7221,3,0,0,0,3,0.0,0.0,0.0,16.7221,120,5.0,2.0,1.0
015_R105,15,R,3,4,OPTIMAL,11.1368,3,0,0,0,3,0.0,0.0,0.0,11.1368,120,5.0,2.0,1.0
015_R105,15,R,3,5,OPTIMAL,17.616,3,0,0,0,3,0.0,0.0,0.0,17.616,120,5.0,2.0,1.0
015_R105,15,R,3,6,OPTIMAL,20.062,3,0,0,0,3,0.0,0.0,0.0,20.062,120,5.0,2.0,1.0
015_R105,15,R,3,7,OPTIMAL,5.2161,3,0,0,0,3,0.0,0.0,0.0,5.2161,120,5.0,2.0,1.0
015_R105,15,R,3,8,OPTIMAL,43.0257,3,0,0,0,3,0.0,0.0,0.0,43.0257,120,5.0,2.0,1.0
015_R105,15,R,3,9,OPTIMAL,43.7662,3,0,0,0,3,0.0,0.0,0.0,43.7662,120,5.0,2.0,1.0
015_R106,15,R,1,0,OPTIMAL,0.0181,1,0,0,0,1,0.0,0.0,0.0,0.0181,120,5.0,2.0,1.0
015_R106,15,R,1,1,OPTIMAL,4.1611,1,0,0,0,1,0.0,0.0,0.0,4.1611,120,5.0,2.0,1.0
015_R106,15,R,1,2,OPTIMAL,0.4609,1,0,0,0,1,0.0,0.0,0.0,0.4609,120,5.0,2.0,1.0
015_R106,15,R,1,3,OPTIMAL,229.9168,1,1,0,1,0,1.0,229.9168,0.0,0.0,120,5.0,2.0,1.0
015_R106,15,R,1,4,OPTIMAL,0.7366,1,0,0,0,1,0.0,0.0,0.0,0.7366,120,5.0,2.0,1.0
015_R106,15,R,1,5,OPTIMAL,198.065,1,1,0,1,0,1.0,198.065,0.0,0.0,120,5.0,2.0,1.0
015_R106,15,R,1,6,OPTIMAL,1.4854,1,0,0,0,1,0.0,0.0,0.0,1.4854,120,5.0,2.0,1.0
015_R106,15,R,1,7,OPTIMAL,254.3957,1,1,0,1,0,1.0,254.3957,0.0,0.0,120,5.0,2.0,1.0
015_R106,15,R,1,8,OPTIMAL,0.9196,1,0,0,0,1,0.0,0.0,0.0,0.9196,120,5.0,2.0,1.0
015_R106,15,R,1,9,OPTIMAL,1.7045,1,0,0,0,1,0.0,0.0,0.0,1.7045,120,5.0,2.0,1.0
015_R106,15,R,2,0,OPTIMAL,17.1728,2,0,0,0,2,0.0,0.0,0.0,17.1728,120,5.0,2.0,1.0
015_R106,15,R,2,1,OPTIMAL,1.2725,2,0,0,0,2,0.0,0.0,0.0,1.2725,120,5.0,2.0,1.0
015_R106,15,R,2,2,OPTIMAL,70.5966,2,0,0,0,2,0.0,0.0,0.0,70.5966,120,5.0,2.0,1.0
015_R106,15,R,2,3,OPTIMAL,8.5868,2,0,0,0,2,0.0,0.0,0.0,8.5868,120,5.0,2.0,1.0
015_R106,15,R,2,4,OPTIMAL,2.8579,2,0,0,0,2,0.0,0.0,0.0,2.8579,120,5.0,2.0,1.0
015_R106,15,R,2,5,OPTIMAL,24.7359,2,0,0,0,2,0.0,0.0,0.0,24.7359,120,5.0,2.0,1.0
015_R106,15,R,2,6,OPTIMAL,339.2885,2,1,0,1,1,0.5,338.9677,0.0,0.3208,120,5.0,2.0,1.0
015_R106,15,R,2,7,OPTIMAL,37.5648,2,0,0,0,2,0.0,0.0,0.0,37.5648,120,5.0,2.0,1.0
015_R106,15,R,2,8,OPTIMAL,198.4147,2,1,0,1,1,0.5,190.5807,0.0,7.834,120,5.0,2.0,1.0
015_R106,15,R,2,9,OPTIMAL,5.2371,2,0,0,0,2,0.0,0.0,0.0,5.2371,120,5.0,2.0,1.0
015_R106,15,R,3,0,OPTIMAL,10.5571,3,0,0,0,3,0.0,0.0,0.0,10.5571,120,5.0,2.0,1.0
015_R106,15,R,3,1,OPTIMAL,30.8884,3,0,0,0,3,0.0,0.0,0.0,30.8884,120,5.0,2.0,1.0
015_R106,15,R,3,2,OPTIMAL,3.3109,3,0,0,0,3,0.0,0.0,0.0,3.3109,120,5.0,2.0,1.0
015_R106,15,R,3,3,OPTIMAL,16.7221,3,0,0,0,3,0.0,0.0,0.0,16.7221,120,5.0,2.0,1.0
015_R106,15,R,3,4,OPTIMAL,11.2984,3,0,0,0,3,0.0,0.0,0.0,11.2984,120,5.0,2.0,1.0
015_R106,15,R,3,5,OPTIMAL,158.726,3,1,0,1,2,0.3333,144.7405,0.0,13.9855,120,5.0,2.0,1.0
015_R106,15,R,3,6,OPTIMAL,20.2143,3,0,0,0,3,0.0,0.0,0.0,20.2143,120,5.0,2.0,1.0
015_R106,15,R,3,7,OPTIMAL,35.9972,3,0,0,0,3,0.0,0.0,0.0,35.9972,120,5.0,2.0,1.0
015_R106,15,R,3,8,OPTIMAL,307.7785,3,1,0,1,2,0.3333,282.8739,0.0,24.9046,120,5.0,2.0,1.0
015_R106,15,R,3,9,OPTIMAL,528.9307,3,2,0,2,1,0.6667,527.9555,0.0,0.9752,120,5.0,2.0,1.0
015_R107,15,R,1,0,OPTIMAL,0.0181,1,0,0,0,1,0.0,0.0,0.0,0.0181,120,5.0,2.0,1.0
015_R107,15,R,1,1,OPTIMAL,4.1611,1,0,0,0,1,0.0,0.0,0.0,4.1611,120,5.0,2.0,1.0
015_R107,15,R,1,2,OPTIMAL,4.3273,1,0,0,0,1,0.0,0.0,0.0,4.3273,120,5.0,2.0,1.0
015_R107,15,R,1,3,OPTIMAL,23.9374,1,0,0,0,1,0.0,0.0,0.0,23.9374,120,5.0,2.0,1.0
015_R107,15,R,1,4,OPTIMAL,0.7366,1,0,0,0,1,0.0,0.0,0.0,0.7366,120,5.0,2.0,1.0
015_R107,15,R,1,5,OPTIMAL,17.5761,1,0,0,0,1,0.0,0.0,0.0,17.5761,120,5.0,2.0,1.0
015_R107,15,R,1,6,OPTIMAL,1.4854,1,0,0,0,1,0.0,0.0,0.0,1.4854,120,5.0,2.0,1.0
015_R107,15,R,1,7,OPTIMAL,3.2438,1,0,0,0,1,0.0,0.0,0.0,3.2438,120,5.0,2.0,1.0
015_R107,15,R,1,8,OPTIMAL,0.9196,1,0,0,0,1,0.0,0.0,0.0,0.9196,120,5.0,2.0,1.0
015_R107,15,R,1,9,OPTIMAL,1.7045,1,0,0,0,1,0.0,0.0,0.0,1.7045,120,5.0,2.0,1.0
015_R107,15,R,2,0,OPTIMAL,8.5026,2,0,0,0,2,0.0,0.0,0.0,8.5026,120,5.0,2.0,1.0
015_R107,15,R,2,1,OPTIMAL,1.2725,2,0,0,0,2,0.0,0.0,0.0,1.2725,120,5.0,2.0,1.0
015_R107,15,R,2,2,OPTIMAL,57.8094,2,0,0,0,2,0.0,0.0,0.0,57.8094,120,5.0,2.0,1.0
015_R107,15,R,2,3,OPTIMAL,6.6649,2,0,0,0,2,0.0,0.0,0.0,6.6649,120,5.0,2.0,1.0
015_R107,15,R,2,4,OPTIMAL,2.8579,2,0,0,0,2,0.0,0.0,0.0,2.8579,120,5.0,2.0,1.0
015_R107,15,R,2,5,OPTIMAL,5.1662,2,0,0,0,2,0.0,0.0,0.0,5.1662,120,5.0,2.0,1.0
015_R107,15,R,2,6,OPTIMAL,46.3656,2,0,0,0,2,0.0,0.0,0.0,46.3656,120,5.0,2.0,1.0
015_R107,15,R,2,7,OPTIMAL,41.9495,2,0,0,0,2,0.0,0.0,0.0,41.9495,120,5.0,2.0,1.0
015_R107,15,R,2,8,OPTIMAL,15.8435,2,0,0,0,2,0.0,0.0,0.0,15.8435,120,5.0,2.0,1.0
015_R107,15,R,2,9,OPTIMAL,5.2371,2,0,0,0,2,0.0,0.0,0.0,5.2371,120,5.0,2.0,1.0
015_R107,15,R,3,0,OPTIMAL,10.5571,3,0,0,0,3,0.0,0.0,0.0,10.5571,120,5.0,2.0,1.0
015_R107,15,R,3,1,OPTIMAL,27.8463,3,0,0,0,3,0.0,0.0,0.0,27.8463,120,5.0,2.0,1.0
015_R107,15,R,3,2,OPTIMAL,6.9642,3,0,0,0,3,0.0,0.0,0.0,6.9642,120,5.0,2.0,1.0
015_R107,15,R,3,3,OPTIMAL,20.7449,3,0,0,0,3,0.0,0.0,0.0,20.7449,120,5.0,2.0,1.0
015_R107,15,R,3,4,OPTIMAL,21.9486,3,0,0,0,3,0.0,0.0,0.0,21.9486,120,5.0,2.0,1.0
015_R107,15,R,3,5,OPTIMAL,24.667,3,0,0,0,3,0.0,0.0,0.0,24.667,120,5.0,2.0,1.0
015_R107,15,R,3,6,OPTIMAL,26.8379,3,0,0,0,3,0.0,0.0,0.0,26.8379,120,5.0,2.0,1.0
015_R107,15,R,3,7,OPTIMAL,7.2953,3,0,0,0,3,0.0,0.0,0.0,7.2953,120,5.0,2.0,1.0
015_R107,15,R,3,8,OPTIMAL,40.1673,3,0,0,0,3,0.0,0.0,0.0,40.1673,120,5.0,2.0,1.0
015_R107,15,R,3,9,OPTIMAL,62.9719,3,0,0,0,3,0.0,0.0,0.0,62.9719,120,5.0,2.0,1.0
015_R108,15,R,1,0,OPTIMAL,3.0669,1,0,0,0,1,0.0,0.0,0.0,3.0669,120,5.0,2.0,1.0
015_R108,15,R,1,1,OPTIMAL,22.461,1,0,0,0,1,0.0,0.0,0.0,22.461,120,5.0,2.0,1.0
015_R108,15,R,1,2,OPTIMAL,4.3273,1,0,0,0,1,0.0,0.0,0.0,4.3273,120,5.0,2.0,1.0
015_R108,15,R,1,3,OPTIMAL,29.1599,1,0,0,0,1,0.0,0.0,0.0,29.1599,120,5.0,2.0,1.0
015_R108,15,R,1,4,OPTIMAL,1.4732,1,0,0,0,1,0.0,0.0,0.0,1.4732,120,5.0,2.0,1.0
015_R108,15,R,1,5,OPTIMAL,17.5761,1,0,0,0,1,0.0,0.0,0.0,17.5761,120,5.0,2.0,1.0
015_R108,15,R,1,6,OPTIMAL,1.4854,1,0,0,0,1,0.0,0.0,0.0,1.4854,120,5.0,2.0,1.0
015_R108,15,R,1,7,OPTIMAL,3.2438,1,0,0,0,1,0.0,0.0,0.0,3.2438,120,5.0,2.0,1.0
015_R108,15,R,1,8,OPTIMAL,0.9196,1,0,0,0,1,0.0,0.0,0.0,0.9196,120,5.0,2.0,1.0
015_R108,15,R,1,9,OPTIMAL,1.7045,1,0,0,0,1,0.0,0.0,0.0,1.7045,120,5.0,2.0,1.0
015_R108,15,R,2,0,OPTIMAL,8.5026,2,0,0,0,2,0.0,0.0,0.0,8.5026,120,5.0,2.0,1.0
015_R108,15,R,2,1,OPTIMAL,1.2725,2,0,0,0,2,0.0,0.0,0.0,1.2725,120,5.0,2.0,1.0
015_R108,15,R,2,2,OPTIMAL,70.2082,2,0,0,0,2,0.0,0.0,0.0,70.2082,120,5.0,2.0,1.0
015_R108,15,R,2,3,OPTIMAL,6.6649,2,0,0,0,2,0.0,0.0,0.0,6.6649,120,5.0,2.0,1.0
015_R108,15,R,2,4,OPTIMAL,3.2968,2,0,0,0,2,0.0,0.0,0.0,3.2968,120,5.0,2.0,1.0
015_R108,15,R,2,5,OPTIMAL,5.1662,2,0,0,0,2,0.0,0.0,0.0,5.1662,120,5.0,2.0,1.0
015_R108,15,R,2,6,OPTIMAL,46.3656,2,0,0,0,2,0.0,0.0,0.0,46.3656,120,5.0,2.0,1.0
015_R108,15,R,2,7,OPTIMAL,81.5169,2,0,0,0,2,0.0,0.0,9.3014,72.2155,120,5.0,2.0,1.0
015_R108,15,R,2,8,OPTIMAL,15.8435,2,0,0,0,2,0.0,0.0,0.0,15.8435,120,5.0,2.0,1.0
015_R108,15,R,2,9,OPTIMAL,5.2371,2,0,0,0,2,0.0,0.0,0.0,5.2371,120,5.0,2.0,1.0
015_R108,15,R,3,0,OPTIMAL,18.4103,3,0,0,0,3,0.0,0.0,0.0,18.4103,120,5.0,2.0,1.0
015_R108,15,R,3,1,OPTIMAL,39.3891,3,0,0,0,3,0.0,0.0,0.0,39.3891,120,5.0,2.0,1.0
015_R108,15,R,3,2,OPTIMAL,7.0395,3,0,0,0,3,0.0,0.0,0.0,7.0395,120,5.0,2.0,1.0
015_R108,15,R,3,3,OPTIMAL,48.5848,3,0,0,0,3,0.0,0.0,0.0,48.5848,120,5.0,2.0,1.0
015_R108,15,R,3,4,OPTIMAL,21.9486,3,0,0,0,3,0.0,0.0,0.0,21.9486,120,5.0,2.0,1.0
015_R108,15,R,3,5,OPTIMAL,24.667,3,0,0,0,3,0.0,0.0,0.0,24.667,120,5.0,2.0,1.0
015_R108,15,R,3,6,OPTIMAL,26.8379,3,0,0,0,3,0.0,0.0,0.0,26.8379,120,5.0,2.0,1.0
015_R108,15,R,3,7,OPTIMAL,7.2953,3,0,0,0,3,0.0,0.0,0.0,7.2953,120,5.0,2.0,1.0
015_R108,15,R,3,8,OPTIMAL,40.1673,3,0,0,0,3,0.0,0.0,0.0,40.1673,120,5.0,2.0,1.0
015_R108,15,R,3,9,OPTIMAL,64.0521,3,0,0,0,3,0.0,0.0,0.0,64.0521,120,5.0,2.0,1.0
015_R109,15,R,1,0,OPTIMAL,0.0181,1,0,0,0,1,0.0,0.0,0.0,0.0181,120,5.0,2.0,1.0
015_R109,15,R,1,1,OPTIMAL,4.1611,1,0,0,0,1,0.0,0.0,0.0,4.1611,120,5.0,2.0,1.0
015_R109,15,R,1,2,OPTIMAL,0.4609,1,0,0,0,1,0.0,0.0,0.0,0.4609,120,5.0,2.0,1.0
015_R109,15,R,1,3,OPTIMAL,29.1599,1,0,0,0,1,0.0,0.0,0.0,29.1599,120,5.0,2.0,1.0
015_R109,15,R,1,4,OPTIMAL,0.7366,1,0,0,0,1,0.0,0.0,0.0,0.7366,120,5.0,2.0,1.0
015_R109,15,R,1,5,OPTIMAL,17.5761,1,0,0,0,1,0.0,0.0,0.0,17.5761,120,5.0,2.0,1.0
015_R109,15,R,1,6,OPTIMAL,1.4854,1,0,0,0,1,0.0,0.0,0.0,1.4854,120,5.0,2.0,1.0
015_R109,15,R,1,7,OPTIMAL,3.2438,1,0,0,0,1,0.0,0.0,0.0,3.2438,120,5.0,2.0,1.0
015_R109,15,R,1,8,OPTIMAL,0.9196,1,0,0,0,1,0.0,0.0,0.0,0.9196,120,5.0,2.0,1.0
015_R109,15,R,1,9,OPTIMAL,1.7045,1,0,0,0,1,0.0,0.0,0.0,1.7045,120,5.0,2.0,1.0
015_R109,15,R,2,0,OPTIMAL,8.5026,2,0,0,0,2,0.0,0.0,0.0,8.5026,120,5.0,2.0,1.0
015_R109,15,R,2,1,OPTIMAL,11.9793,2,0,0,0,2,0.0,0.0,0.0,11.9793,120,5.0,2.0,1.0
015_R109,15,R,2,2,OPTIMAL,39.5996,2,0,0,0,2,0.0,0.0,0.0,39.5996,120,5.0,2.0,1.0
015_R109,15,R,2,3,OPTIMAL,4.1041,2,0,0,0,2,0.0,0.0,0.0,4.1041,120,5.0,2.0,1.0
015_R109,15,R,2,4,OPTIMAL,17.4605,2,0,0,0,2,0.0,0.0,0.0,17.4605,120,5.0,2.0,1.0
015_R109,15,R,2,5,OPTIMAL,5.1662,2,0,0,0,2,0.0,0.0,0.0,5.1662,120,5.0,2.0,1.0
015_R109,15,R,2,6,OPTIMAL,46.6929,2,0,0,0,2,0.0,0.0,0.0,46.6929,120,5.0,2.0,1.0
015_R109,15,R,2,7,OPTIMAL,41.1098,2,0,0,0,2,0.0,0.0,0.0,41.1098,120,5.0,2.0,1.0
015_R109,15,R,2,8,OPTIMAL,15.8435,2,0,0,0,2,0.0,0.0,0.0,15.8435,120,5.0,2.0,1.0
015_R109,15,R,2,9,OPTIMAL,30.6438,2,0,0,0,2,0.0,0.0,0.0,30.6438,120,5.0,2.0,1.0
015_R109,15,R,3,0,OPTIMAL,18.0557,3,0,0,0,3,0.0,0.0,0.0,18.0557,120,5.0,2.0,1.0
015_R109,15,R,3,1,OPTIMAL,4.3805,3,0,0,0,3,0.0,0.0,0.0,4.3805,120,5.0,2.0,1.0
015_R109,15,R,3,2,OPTIMAL,3.3109,3,0,0,0,3,0.0,0.0,0.0,3.3109,120,5.0,2.0,1.0
015_R109,15,R,3,3,OPTIMAL,16.6653,3,0,0,0,3,0.0,0.0,0.0,16.6653,120,5.0,2.0,1.0
015_R109,15,R,3,4,OPTIMAL,9.3914,3,0,0,0,3,0.0,0.0,0.0,9.3914,120,5.0,2.0,1.0
015_R109,15,R,3,5,OPTIMAL,15.5243,3,0,0,0,3,0.0,0.0,0.0,15.5243,120,5.0,2.0,1.0
015_R109,15,R,3,6,OPTIMAL,17.3658,3,0,0,0,3,0.0,0.0,0.0,17.3658,120,5.0,2.0,1.0
015_R109,15,R,3,7,OPTIMAL,5.2161,3,0,0,0,3,0.0,0.0,0.0,5.2161,120,5.0,2.0,1.0
015_R109,15,R,3,8,OPTIMAL,43.0257,3,0,0,0,3,0.0,0.0,0.0,43.0257,120,5.0,2.0,1.0
015_R109,15,R,3,9,OPTIMAL,43.988,3,0,0,0,3,0.0,0.0,0.0,43.988,120,5.0,2.0,1.0
015_R110,15,R,1,0,OPTIMAL,17.8286,1,0,0,0,1,0.0,0.0,0.0,17.8286,120,5.0,2.0,1.0
015_R110,15,R,1,1,OPTIMAL,29.8081,1,0,0,0,1,0.0,0.0,0.0,29.8081,120,5.0,2.0,1.0
015_R110,15,R,1,2,OPTIMAL,0.4609,1,0,0,0,1,0.0,0.0,0.0,0.4609,120,5.0,2.0,1.0
015_R110,15,R,1,3,OPTIMAL,42.5493,1,0,0,0,1,0.0,0.0,0.0,42.5493,120,5.0,2.0,1.0
015_R110,15,R,1,4,OPTIMAL,15.3431,1,0,0,0,1,0.0,0.0,0.0,15.3431,120,5.0,2.0,1.0
015_R110,15,R,1,5,OPTIMAL,34.556,1,0,0,0,1,0.0,0.0,0.0,34.556,120,5.0,2.0,1.0
015_R110,15,R,1,6,OPTIMAL,0.504,1,0,0,0,1,0.0,0.0,0.0,0.504,120,5.0,2.0,1.0
015_R110,15,R,1,7,OPTIMAL,26.0977,1,0,0,0,1,0.0,0.0,0.0,26.0977,120,5.0,2.0,1.0
015_R110,15,R,1,8,OPTIMAL,4.049,1,0,0,0,1,0.0,0.0,0.0,4.049,120,5.0,2.0,1.0
015_R110,15,R,1,9,OPTIMAL,3.4091,1,0,0,0,1,0.0,0.0,0.0,3.4091,120,5.0,2.0,1.0
015_R110,15,R,2,0,OPTIMAL,48.3282,2,0,0,0,2,0.0,0.0,0.0,48.3282,120,5.0,2.0,1.0
015_R110,15,R,2,1,OPTIMAL,14.1379,2,0,0,0,2,0.0,0.0,0.0,14.1379,120,5.0,2.0,1.0
015_R110,15,R,2,2,OPTIMAL,47.6326,2,0,0,0,2,0.0,0.0,0.0,47.6326,120,5.0,2.0,1.0
015_R110,15,R,2,3,OPTIMAL,9.8339,2,0,0,0,2,0.0,0.0,0.0,9.8339,120,5.0,2.0,1.0
015_R110,15,R,2,4,OPTIMAL,33.4369,2,0,0,0,2,0.0,0.0,0.0,33.4369,120,5.0,2.0,1.0
015_R110,15,R,2,5,OPTIMAL,5.1662,2,0,0,0,2,0.0,0.0,0.0,5.1662,120,5.0,2.0,1.0
015_R110,15,R,2,6,OPTIMAL,67.5225,2,0,0,0,2,0.0,0.0,0.0,67.5225,120,5.0,2.0,1.0
015_R110,15,R,2,7,OPTIMAL,47.8992,2,0,0,0,2,0.0,0.0,0.0,47.8992,120,5.0,2.0,1.0
015_R110,15,R,2,8,OPTIMAL,34.1399,2,0,0,0,2,0.0,0.0,0.0,34.1399,120,5.0,2.0,1.0
015_R110,15,R,2,9,OPTIMAL,25.9456,2,0,0,0,2,0.0,0.0,0.0,25.9456,120,5.0,2.0,1.0
015_R110,15,R,3,0,OPTIMAL,23.2164,3,0,0,0,3,0.0,0.0,0.0,23.2164,120,5.0,2.0,1.0
015_R110,15,R,3,1,OPTIMAL,19.1013,3,0,0,0,3,0.0,0.0,0.0,19.1013,120,5.0,2.0,1.0
015_R110,15,R,3,2,OPTIMAL,4.0736,3,0,0,0,3,0.0,0.0,0.0,4.0736,120,5.0,2.0,1.0
015_R110,15,R,3,3,OPTIMAL,44.2807,3,0,0,0,3,0.0,0.0,0.0,44.2807,120,5.0,2.0,1.0
015_R110,15,R,3,4,OPTIMAL,16.4826,3,0,0,0,3,0.0,0.0,0.0,16.4826,120,5.0,2.0,1.0
015_R110,15,R,3,5,OPTIMAL,42.423,3,0,0,0,3,0.0,0.0,0.0,42.423,120,5.0,2.0,1.0
015_R110,15,R,3,6,OPTIMAL,34.1228,3,0,0,0,3,0.0,0.0,0.0,34.1228,120,5.0,2.0,1.0
015_R110,15,R,3,7,OPTIMAL,7.5935,3,0,0,0,3,0.0,0.0,0.0,7.5935,120,5.0,2.0,1.0
015_R110,15,R,3,8,OPTIMAL,63.9151,3,0,0,0,3,0.0,0.0,0.0,63.9151,120,5.0,2.0,1.0
015_R110,15,R,3,9,OPTIMAL,65.3687,3,0,0,0,3,0.0,0.0,0.0,65.3687,120,5.0,2.0,1.0
015_R111,15,R,1,0,OPTIMAL,0.0181,1,0,0,0,1,0.0,0.0,0.0,0.0181,120,5.0,2.0,1.0
015_R111,15,R,1,1,OPTIMAL,4.9976,1,0,0,0,1,0.0,0.0,0.0,4.9976,120,5.0,2.0,1.0
015_R111,15,R,1,2,OPTIMAL,3.5438,1,0,0,0,1,0.0,0.0,0.0,3.5438,120,5.0,2.0,1.0
015_R111,15,R,1,3,OPTIMAL,11.6677,1,0,0,0,1,0.0,0.0,0.0,11.6677,120,5.0,2.0,1.0
015_R111,15,R,1,4,OPTIMAL,0.7366,1,0,0,0,1,0.0,0.0,0.0,0.7366,120,5.0,2.0,1.0
015_R111,15,R,1,5,OPTIMAL,17.5761,1,0,0,0,1,0.0,0.0,0.0,17.5761,120,5.0,2.0,1.0
015_R111,15,R,1,6,OPTIMAL,1.4854,1,0,0,0,1,0.0,0.0,0.0,1.4854,120,5.0,2.0,1.0
015_R111,15,R,1,7,OPTIMAL,3.2438,1,0,0,0,1,0.0,0.0,0.0,3.2438,120,5.0,2.0,1.0
015_R111,15,R,1,8,OPTIMAL,0.9196,1,0,0,0,1,0.0,0.0,0.0,0.9196,120,5.0,2.0,1.0
015_R111,15,R,1,9,OPTIMAL,1.7045,1,0,0,0,1,0.0,0.0,0.0,1.7045,120,5.0,2.0,1.0
015_R111,15,R,2,0,OPTIMAL,8.5026,2,0,0,0,2,0.0,0.0,0.0,8.5026,120,5.0,2.0,1.0
015_R111,15,R,2,1,OPTIMAL,1.2725,2,0,0,0,2,0.0,0.0,0.0,1.2725,120,5.0,2.0,1.0
015_R111,15,R,2,2,OPTIMAL,39.5996,2,0,0,0,2,0.0,0.0,0.0,39.5996,120,5.0,2.0,1.0
015_R111,15,R,2,3,OPTIMAL,6.5484,2,0,0,0,2,0.0,0.0,0.0,6.5484,120,5.0,2.0,1.0
015_R111,15,R,2,4,OPTIMAL,2.8579,2,0,0,0,2,0.0,0.0,0.0,2.8579,120,5.0,2.0,1.0
015_R111,15,R,2,5,OPTIMAL,5.1662,2,0,0,0,2,0.0,0.0,0.0,5.1662,120,5.0,2.0,1.0
015_R111,15,R,2,6,OPTIMAL,46.3656,2,0,0,0,2,0.0,0.0,0.0,46.3656,120,5.0,2.0,1.0
015_R111,15,R,2,7,OPTIMAL,37.5648,2,0,0,0,2,0.0,0.0,0.0,37.5648,120,5.0,2.0,1.0
015_R111,15,R,2,8,OPTIMAL,15.8435,2,0,0,0,2,0.0,0.0,0.0,15.8435,120,5.0,2.0,1.0
015_R111,15,R,2,9,OPTIMAL,5.2371,2,0,0,0,2,0.0,0.0,0.0,5.2371,120,5.0,2.0,1.0
015_R111,15,R,3,0,OPTIMAL,7.0792,3,0,0,0,3,0.0,0.0,0.0,7.0792,120,5.0,2.0,1.0
015_R111,15,R,3,1,OPTIMAL,4.3805,3,0,0,0,3,0.0,0.0,0.0,4.3805,120,5.0,2.0,1.0
015_R111,15,R,3,2,OPTIMAL,3.3109,3,0,0,0,3,0.0,0.0,0.0,3.3109,120,5.0,2.0,1.0
015_R111,15,R,3,3,OPTIMAL,23.1187,3,0,0,0,3,0.0,0.0,0.0,23.1187,120,5.0,2.0,1.0
015_R111,15,R,3,4,OPTIMAL,11.2984,3,0,0,0,3,0.0,0.0,0.0,11.2984,120,5.0,2.0,1.0
015_R111,15,R,3,5,OPTIMAL,17.7934,3,0,0,0,3,0.0,0.0,0.0,17.7934,120,5.0,2.0,1.0
015_R111,15,R,3,6,OPTIMAL,19.1919,3,0,0,0,3,0.0,0.0,0.0,19.1919,120,5.0,2.0,1.0
015_R111,15,R,3,7,OPTIMAL,5.2161,3,0,0,0,3,0.0,0.0,0.0,5.2161,120,5.0,2.0,1.0
015_R111,15,R,3,8,OPTIMAL,45.3959,3,0,0,0,3,0.0,0.0,0.0,45.3959,120,5.0,2.0,1.0
015_R111,15,R,3,9,OPTIMAL,62.9719,3,0,0,0,3,0.0,0.0,0.0,62.9719,120,5.0,2.0,1.0
015_R112,15,R,1,0,OPTIMAL,0.0181,1,0,0,0,1,0.0,0.0,0.0,0.0181,120,5.0,2.0,1.0
015_R112,15,R,1,1,OPTIMAL,4.1611,1,0,0,0,1,0.0,0.0,0.0,4.1611,120,5.0,2.0,1.0
015_R112,15,R,1,2,OPTIMAL,4.3273,1,0,0,0,1,0.0,0.0,0.0,4.3273,120,5.0,2.0,1.0
015_R112,15,R,1,3,OPTIMAL,33.408,1,0,0,0,1,0.0,0.0,0.0,33.408,120,5.0,2.0,1.0
015_R112,15,R,1,4,OPTIMAL,0.7366,1,0,0,0,1,0.0,0.0,0.0,0.7366,120,5.0,2.0,1.0
015_R112,15,R,1,5,OPTIMAL,39.0682,1,0,0,0,1,0.0,0.0,0.0,39.0682,120,5.0,2.0,1.0
015_R112,15,R,1,6,OPTIMAL,0.504,1,0,0,0,1,0.0,0.0,0.0,0.504,120,5.0,2.0,1.0
015_R112,15,R,1,7,OPTIMAL,254.3957,1,1,1,0,0,1.0,254.3957,0.0,0.0,120,5.0,2.0,1.0
015_R112,15,R,1,8,OPTIMAL,4.629,1,0,0,0,1,0.0,0.0,0.0,4.629,120,5.0,2.0,1.0
015_R112,15,R,1,9,OPTIMAL,1.7045,1,0,0,0,1,0.0,0.0,0.0,1.7045,120,5.0,2.0,1.0
015_R112,15,R,2,0,OPTIMAL,137.0028,2,1,1,0,1,0.5,118.0152,0.0,18.9876,120,5.0,2.0,1.0
015_R112,15,R,2,1,OPTIMAL,11.9793,2,0,0,0,2,0.0,0.0,0.0,11.9793,120,5.0,2.0,1.0
015_R112,15,R,2,2,OPTIMAL,46.5485,2,0,0,0,2,0.0,0.0,0.0,46.5485,120,5.0,2.0,1.0
015_R112,15,R,2,3,OPTIMAL,12.3485,2,0,0,0,2,0.0,0.0,0.0,12.3485,120,5.0,2.0,1.0
015_R112,15,R,2,4,OPTIMAL,17.4605,2,0,0,0,2,0.0,0.0,0.0,17.4605,120,5.0,2.0,1.0
015_R112,15,R,2,5,OPTIMAL,8.2197,2,0,0,0,2,0.0,0.0,0.0,8.2197,120,5.0,2.0,1.0
015_R112,15,R,2,6,OPTIMAL,344.7289,2,1,1,0,1,0.5,338.9677,0.0,5.7613,120,5.0,2.0,1.0
015_R112,15,R,2,7,OPTIMAL,40.9475,2,0,0,0,2,0.0,0.0,0.0,40.9475,120,5.0,2.0,1.0
015_R112,15,R,2,8,OPTIMAL,193.9214,2,1,1,0,1,0.5,190.5807,0.0,3.3407,120,5.0,2.0,1.0
015_R112,15,R,2,9,OPTIMAL,10.6117,2,0,0,0,2,0.0,0.0,0.0,10.6117,120,5.0,2.0,1.0
015_R112,15,R,3,0,OPTIMAL,18.4758,3,0,0,0,3,0.0,0.0,0.0,18.4758,120,5.0,2.0,1.0
015_R112,15,R,3,1,OPTIMAL,10.009,3,0,0,0,3,0.0,0.0,0.0,10.009,120,5.0,2.0,1.0
015_R112,15,R,3,2,OPTIMAL,3.027,3,0,0,0,3,0.0,0.0,0.0,3.027,120,5.0,2.0,1.0
015_R112,15,R,3,3,OPTIMAL,235.2036,3,1,1,0,2,0.3333,214.5045,0.0,20.6991,120,5.0,2.0,1.0
015_R112,15,R,3,4,OPTIMAL,11.46,3,0,0,0,3,0.0,0.0,0.0,11.46,120,5.0,2.0,1.0
015_R112,15,R,3,5,OPTIMAL,173.0103,3,1,1,0,2,0.3333,144.7405,0.0,28.2698,120,5.0,2.0,1.0
015_R112,15,R,3,6,OPTIMAL,22.7357,3,0,0,0,3,0.0,0.0,0.0,22.7357,120,5.0,2.0,1.0
015_R112,15,R,3,7,OPTIMAL,5.5294,3,0,0,0,3,0.0,0.0,0.0,5.5294,120,5.0,2.0,1.0
015_R112,15,R,3,8,OPTIMAL,293.7759,3,1,1,0,2,0.3333,282.8739,0.0,10.902,120,5.0,2.0,1.0
015_R112,15,R,3,9,OPTIMAL,348.0632,3,1,1,0,2,0.3333,323.6273,0.0,24.4359,120,5.0,2.0,1.0
015_R201,15,R,1,0,OPTIMAL,24.9516,1,0,0,0,1,0.0,0.0,0.0,24.9516,120,5.0,2.0,1.0
015_R201,15,R,1,1,OPTIMAL,270.3693,1,1,1,0,0,1.0,270.3693,0.0,0.0,120,5.0,2.0,1.0
015_R201,15,R,1,2,OPTIMAL,0.2304,1,0,0,0,1,0.0,0.0,0.0,0.2304,120,5.0,2.0,1.0
015_R201,15,R,1,3,OPTIMAL,29.1599,1,0,0,0,1,0.0,0.0,0.0,29.1599,120,5.0,2.0,1.0
015_R201,15,R,1,4,OPTIMAL,3.8658,1,0,0,0,1,0.0,0.0,0.0,3.8658,120,5.0,2.0,1.0
015_R201,15,R,1,5,OPTIMAL,198.065,1,1,1,0,0,1.0,198.065,0.0,0.0,120,5.0,2.0,1.0
015_R201,15,R,1,6,OPTIMAL,15.8658,1,0,0,0,1,0.0,0.0,0.0,15.8658,120,5.0,2.0,1.0
015_R201,15,R,1,7,OPTIMAL,254.3957,1,1,1,0,0,1.0,254.3957,0.0,0.0,120,5.0,2.0,1.0
015_R201,15,R,1,8,OPTIMAL,48.3027,1,0,0,0,1,0.0,0.0,0.0,48.3027,120,5.0,2.0,1.0
015_R201,15,R,1,9,OPTIMAL,44.0799,1,0,0,0,1,0.0,0.0,0.0,44.0799,120,5.0,2.0,1.0
015_R201,15,R,2,0,OPTIMAL,145.4033,2,1,1,0,1,0.5,118.0152,0.0,27.3881,120,5.0,2.0,1.0
015_R201,15,R,2,1,OPTIMAL,30.7857,2,0,0,0,2,0.0,0.0,0.0,30.7857,120,5.0,2.0,1.0
015_R201,15,R,2,2,OPTIMAL,306.0932,2,1,1,0,1,0.5,298.0603,0.0,8.0329,120,5.0,2.0,1.0
015_R201,15,R,2,3,OPTIMAL,318.6274,2,1,1,0,1,0.5,315.3995,0.0,3.2279,120,5.0,2.0,1.0
015_R201,15,R,2,4,OPTIMAL,45.8819,2,0,0,0,2,0.0,0.0,0.0,45.8819,120,5.0,2.0,1.0
015_R201,15,R,2,5,OPTIMAL,79.2938,2,0,0,0,2,0.0,0.0,0.0,79.2938,120,5.0,2.0,1.0
015_R201,15,R,2,6,OPTIMAL,366.4603,2,1,1,0,1,0.5,338.9677,0.0,27.4926,120,5.0,2.0,1.0
015_R201,15,R,2,7,OPTIMAL,629.1281,2,2,2,0,0,1.0,629.1281,0.0,0.0,120,5.0,2.0,1.0
015_R201,15,R,2,8,OPTIMAL,317.1277,2,2,1,1,0,1.0,317.1277,0.0,0.0,120,5.0,2.0,1.0
015_R201,15,R,2,9,OPTIMAL,623.1754,2,2,2,0,0,1.0,623.1754,0.0,0.0,120,5.0,2.0,1.0
015_R201,15,R,3,0,OPTIMAL,38.0409,3,0,0,0,3,0.0,0.0,0.0,38.0409,120,5.0,2.0,1.0
015_R201,15,R,3,1,OPTIMAL,480.4041,3,2,1,1,1,0.6667,453.4756,0.0,26.9284,120,5.0,2.0,1.0
015_R201,15,R,3,2,OPTIMAL,52.8407,3,0,0,0,3,0.0,0.0,0.0,52.8407,120,5.0,2.0,1.0
015_R201,15,R,3,3,OPTIMAL,409.2834,3,2,1,1,1,0.6667,396.1911,0.0,13.0923,120,5.0,2.0,1.0
015_R201,15,R,3,4,OPTIMAL,411.5582,3,2,2,0,1,0.6667,388.7293,0.0,22.8289,120,5.0,2.0,1.0
015_R201,15,R,3,5,OPTIMAL,375.379,3,2,1,1,1,0.6667,346.2915,0.0,29.0875,120,5.0,2.0,1.0
015_R201,15,R,3,6,OPTIMAL,48.0436,3,0,0,0,3,0.0,0.0,0.0,48.0436,120,5.0,2.0,1.0
015_R201,15,R,3,7,OPTIMAL,525.2582,3,2,1,1,1,0.6667,524.945,0.0,0.3133,120,5.0,2.0,1.0
015_R201,15,R,3,8,OPTIMAL,356.8601,3,1,1,0,2,0.3333,282.8739,0.0,73.9862,120,5.0,2.0,1.0
015_R201,15,R,3,9,OPTIMAL,548.1566,3,2,2,0,1,0.6667,527.9555,0.0,20.2011,120,5.0,2.0,1.0
015_R202,15,R,1,0,OPTIMAL,250.5214,1,1,0,1,0,1.0,250.5214,0.0,0.0,120,5.0,2.0,1.0
015_R202,15,R,1,1,OPTIMAL,270.3693,1,1,1,0,0,1.0,270.3693,0.0,0.0,120,5.0,2.0,1.0
015_R202,15,R,1,2,OPTIMAL,19.9402,1,0,0,0,1,0.0,0.0,0.0,19.9402,120,5.0,2.0,1.0
015_R202,15,R,1,3,OPTIMAL,229.9168,1,1,0,1,0,1.0,229.9168,0.0,0.0,120,5.0,2.0,1.0
015_R202,15,R,1,4,OPTIMAL,3.8658,1,0,0,0,1,0.0,0.0,0.0,3.8658,120,5.0,2.0,1.0
015_R202,15,R,1,5,OPTIMAL,198.065,1,1,0,1,0,1.0,198.065,0.0,0.0,120,5.0,2.0,1.0
015_R202,15,R,1,6,OPTIMAL,139.0055,1,1,1,0,0,1.0,139.0055,0.0,0.0,120,5.0,2.0,1.0
015_R202,15,R,1,7,OPTIMAL,254.3957,1,1,1,0,0,1.0,254.3957,0.0,0.0,120,5.0,2.0,1.0
015_R202,15,R,1,8,OPTIMAL,48.3027,1,0,0,0,1,0.0,0.0,0.0,48.3027,120,5.0,2.0,1.0
015_R202,15,R,1,9,OPTIMAL,264.9233,1,1,1,0,0,1.0,264.9233,0.0,0.0,120,5.0,2.0,1.0
015_R202,15,R,2,0,OPTIMAL,450.1695,2,2,2,0,0,1.0,450.1695,0.0,0.0,120,5.0,2.0,1.0
015_R202,15,R,2,1,OPTIMAL,405.6131,2,2,1,1,0,1.0,405.6131,0.0,0.0,120,5.0,2.0,1.0
015_R202,15,R,2,2,OPTIMAL,520.3761,2,2,1,1,0,1.0,520.3761,0.0,0.0,120,5.0,2.0,1.0
015_R202,15,R,2,3,OPTIMAL,460.0609,2,2,2,0,0,1.0,460.0609,0.0,0.0,120,5.0,2.0,1.0
015_R202,15,R,2,4,OPTIMAL,463.3216,2,2,1,1,0,1.0,463.3216,0.0,0.0,120,5.0,2.0,1.0
015_R202,15,R,2,5,OPTIMAL,268.7411,2,1,0,1,1,0.5,230.7142,0.0,38.027,120,5.0,2.0,1.0
015_R202,15,R,2,6,OPTIMAL,476.4648,2,2,1,1,0,1.0,476.4648,0.0,0.0,120,5.0,2.0,1.0
015_R202,15,R,2,7,OPTIMAL,629.1281,2,2,2,0,0,1.0,629.1281,0.0,0.0,120,5.0,2.0,1.0
015_R202,15,R,2,8,OPTIMAL,209.2775,2,1,1,0,1,0.5,190.5807,0.0,18.6968,120,5.0,2.0,1.0
015_R202,15,R,2,9,OPTIMAL,623.1754,2,2,2,0,0,1.0,623.1754,0.0,0.0,120,5.0,2.0,1.0
015_R202,15,R,3,0,OPTIMAL,492.4878,3,3,2,1,0,1.0,492.4878,0.0,0.0,120,5.0,2.0,1.0
015_R202,15,R,3,1,OPTIMAL,778.3097,3,3,3,0,0,1.0,778.3097,0.0,0.0,120,5.0,2.0,1.0
015_R202,15,R,3,2,OPTIMAL,300.3643,3,2,1,1,1,0.6667,283.8658,0.0,16.4986,120,5.0,2.0,1.0
015_R202,15,R,3,3,OPTIMAL,324.0398,3,2,2,0,1,0.6667,299.0171,0.0,25.0227,120,5.0,2.0,1.0
015_R202,15,R,3,4,OPTIMAL,396.0139,3,2,2,0,1,0.6667,388.7293,0.0,7.2846,120,5.0,2.0,1.0
015_R202,15,R,3,5,OPTIMAL,384.08,3,2,1,1,1,0.6667,354.8762,0.0,29.2038,120,5.0,2.0,1.0
015_R202,15,R,3,6,OPTIMAL,253.7311,3,1,1,0,2,0.3333,220.5302,0.0,33.2009,120,5.0,2.0,1.0
015_R202,15,R,3,7,OPTIMAL,330.9261,3,1,1,0,2,0.3333,286.2761,0.0,44.65,120,5.0,2.0,1.0
015_R202,15,R,3,8,OPTIMAL,722.882,3,3,2,1,0,1.0,722.882,0.0,0.0,120,5.0,2.0,1.0
015_R202,15,R,3,9,OPTIMAL,548.1566,3,2,2,0,1,0.6667,527.9555,0.0,20.2011,120,5.0,2.0,1.0
015_R203,15,R,1,0,OPTIMAL,17.8286,1,0,0,0,1,0.0,0.0,0.0,17.8286,120,5.0,2.0,1.0
015_R203,15,R,1,1,OPTIMAL,270.3693,1,1,1,0,0,1.0,270.3693,0.0,0.0,120,5.0,2.0,1.0
015_R203,15,R,1,2,OPTIMAL,19.9402,1,0,0,0,1,0.0,0.0,0.0,19.9402,120,5.0,2.0,1.0
015_R203,15,R,1,3,OPTIMAL,229.9168,1,1,0,1,0,1.0,229.9168,0.0,0.0,120,5.0,2.0,1.0
015_R203,15,R,1,4,OPTIMAL,3.8658,1,0,0,0,1,0.0,0.0,0.0,3.8658,120,5.0,2.0,1.0
015_R203,15,R,1,5,OPTIMAL,198.065,1,1,0,1,0,1.0,198.065,0.0,0.0,120,5.0,2.0,1.0
015_R203,15,R,1,6,OPTIMAL,139.0055,1,1,1,0,0,1.0,139.0055,0.0,0.0,120,5.0,2.0,1.0
015_R203,15,R,1,7,OPTIMAL,254.3957,1,1,1,0,0,1.0,254.3957,0.0,0.0,120,5.0,2.0,1.0
015_R203,15,R,1,8,OPTIMAL,65.2777,1,0,0,0,1,0.0,0.0,0.0,65.2777,120,5.0,2.0,1.0
015_R203,15,R,1,9,OPTIMAL,264.9233,1,1,1,0,0,1.0,264.9233,0.0,0.0,120,5.0,2.0,1.0
015_R203,15,R,2,0,OPTIMAL,450.1695,2,2,2,0,0,1.0,450.1695,0.0,0.0,120,5.0,2.0,1.0
015_R203,15,R,2,1,OPTIMAL,186.4869,2,1,1,0,1,0.5,154.5613,0.0,31.9256,120,5.0,2.0,1.0
015_R203,15,R,2,2,OPTIMAL,321.1169,2,1,1,0,1,0.5,298.0603,0.0,23.0566,120,5.0,2.0,1.0
015_R203,15,R,2,3,OPTIMAL,460.0609,2,2,2,0,0,1.0,460.0609,0.0,0.0,120,5.0,2.0,1.0
015_R203,15,R,2,4,OPTIMAL,286.0271,2,1,1,0,1,0.5,257.8547,0.0,28.1724,120,5.0,2.0,1.0
015_R203,15,R,2,5,OPTIMAL,68.9622,2,0,0,0,2,0.0,0.0,0.0,68.9622,120,5.0,2.0,1.0
015_R203,15,R,2,6,OPTIMAL,476.4648,2,2,1,1,0,1.0,476.4648,0.0,0.0,120,5.0,2.0,1.0
015_R203,15,R,2,7,OPTIMAL,629.1281,2,2,2,0,0,1.0,629.1281,0.0,0.0,120,5.0,2.0,1.0
015_R203,15,R,2,8,OPTIMAL,209.2775,2,1,1,0,1,0.5,190.5807,0.0,18.6968,120,5.0,2.0,1.0
015_R203,15,R,2,9,OPTIMAL,623.1754,2,2,2,0,0,1.0,623.1754,0.0,0.0,120,5.0,2.0,1.0
015_R203,15,R,3,0,OPTIMAL,370.9287,3,2,2,0,1,0.6667,363.1172,0.0,7.8115,120,5.0,2.0,1.0
015_R203,15,R,3,1,OPTIMAL,778.3097,3,3,3,0,0,1.0,778.3097,0.0,0.0,120,5.0,2.0,1.0
015_R203,15,R,3,2,OPTIMAL,300.3643,3,2,1,1,1,0.6667,283.8658,0.0,16.4986,120,5.0,2.0,1.0
015_R203,15,R,3,3,OPTIMAL,324.0398,3,2,2,0,1,0.6667,299.0171,0.0,25.0227,120,5.0,2.0,1.0
015_R203,15,R,3,4,OPTIMAL,396.0139,3,2,2,0,1,0.6667,388.7293,0.0,7.2846,120,5.0,2.0,1.0
015_R203,15,R,3,5,OPTIMAL,203.0318,3,1,1,0,2,0.3333,144.7405,0.0,58.2913,120,5.0,2.0,1.0
015_R203,15,R,3,6,OPTIMAL,253.7311,3,1,1,0,2,0.3333,220.5302,0.0,33.2009,120,5.0,2.0,1.0
015_R203,15,R,3,7,OPTIMAL,330.9261,3,1,1,0,2,0.3333,286.2761,0.0,44.65,120,5.0,2.0,1.0
015_R203,15,R,3,8,OPTIMAL,491.4284,3,2,2,0,1,0.6667,453.863,0.0,37.5654,120,5.0,2.0,1.0
015_R203,15,R,3,9,OPTIMAL,548.1566,3,2,2,0,1,0.6667,527.9555,0.0,20.2011,120,5.0,2.0,1.0
015_R204,15,R,1,0,OPTIMAL,17.8286,1,0,0,0,1,0.0,0.0,0.0,17.8286,120,5.0,2.0,1.0
015_R204,15,R,1,1,OPTIMAL,270.3693,1,1,1,0,0,1.0,270.3693,0.0,0.0,120,5.0,2.0,1.0
015_R204,15,R,1,2,OPTIMAL,19.9402,1,0,0,0,1,0.0,0.0,0.0,19.9402,120,5.0,2.0,1.0
015_R204,15,R,1,3,OPTIMAL,229.9168,1,1,0,1,0,1.0,229.9168,0.0,0.0,120,5.0,2.0,1.0
015_R204,15,R,1,4,OPTIMAL,3.8658,1,0,0,0,1,0.0,0.0,0.0,3.8658,120,5.0,2.0,1.0
015_R204,15,R,1,5,OPTIMAL,198.065,1,1,0,1,0,1.0,198.065,0.0,0.0,120,5.0,2.0,1.0
015_R204,15,R,1,6,OPTIMAL,139.0055,1,1,1,0,0,1.0,139.0055,0.0,0.0,120,5.0,2.0,1.0
015_R204,15,R,1,7,OPTIMAL,254.3957,1,1,1,0,0,1.0,254.3957,0.0,0.0,120,5.0,2.0,1.0
015_R204,15,R,1,8,OPTIMAL,54.4061,1,0,0,0,1,0.0,0.0,0.0,54.4061,120,5.0,2.0,1.0
015_R204,15,R,1,9,OPTIMAL,264.9233,1,1,1,0,0,1.0,264.9233,0.0,0.0,120,5.0,2.0,1.0
015_R204,15,R,2,0,OPTIMAL,450.1695,2,2,2,0,0,1.0,450.1695,0.0,0.0,120,5.0,2.0,1.0
015_R204,15,R,2,1,OPTIMAL,155.7359,2,1,1,0,1,0.5,154.5613,0.0,1.1746,120,5.0,2.0,1.0
015_R204,15,R,2,2,OPTIMAL,306.0932,2,1,1,0,1,0.5,298.0603,0.0,8.0329,120,5.0,2.0,1.0
015_R204,15,R,2,3,OPTIMAL,460.0609,2,2,2,0,0,1.0,460.0609,0.0,0.0,120,5.0,2.0,1.0
015_R204,15,R,2,4,OPTIMAL,290.4864,2,1,1,0,1,0.5,257.8547,0.0,32.6317,120,5.0,2.0,1.0
015_R204,15,R,2,5,OPTIMAL,68.9622,2,0,0,0,2,0.0,0.0,0.0,68.9622,120,5.0,2.0,1.0
015_R204,15,R,2,6,OPTIMAL,476.4648,2,2,1,1,0,1.0,476.4648,0.0,0.0,120,5.0,2.0,1.0
015_R204,15,R,2,7,OPTIMAL,629.1281,2,2,2,0,0,1.0,629.1281,0.0,0.0,120,5.0,2.0,1.0
015_R204,15,R,2,8,OPTIMAL,317.1277,2,2,2,0,0,1.0,317.1277,0.0,0.0,120,5.0,2.0,1.0
015_R204,15,R,2,9,OPTIMAL,623.1754,2,2,2,0,0,1.0,623.1754,0.0,0.0,120,5.0,2.0,1.0
015_R204,15,R,3,0,OPTIMAL,375.2735,3,2,2,0,1,0.6667,363.1172,0.0,12.1563,120,5.0,2.0,1.0
015_R204,15,R,3,1,OPTIMAL,778.3097,3,3,3,0,0,1.0,778.3097,0.0,0.0,120,5.0,2.0,1.0
015_R204,15,R,3,2,OPTIMAL,300.3643,3,2,1,1,1,0.6667,283.8658,0.0,16.4986,120,5.0,2.0,1.0
015_R204,15,R,3,3,OPTIMAL,480.7037,3,3,3,0,0,1.0,480.7037,0.0,0.0,120,5.0,2.0,1.0
015_R204,15,R,3,4,OPTIMAL,396.0139,3,2,2,0,1,0.6667,388.7293,0.0,7.2846,120,5.0,2.0,1.0
015_R204,15,R,3,5,OPTIMAL,556.4272,3,3,3,0,0,1.0,556.4272,0.0,0.0,120,5.0,2.0,1.0
015_R204,15,R,3,6,OPTIMAL,253.7311,3,1,1,0,2,0.3333,220.5302,0.0,33.2009,120,5.0,2.0,1.0
015_R204,15,R,3,7,OPTIMAL,269.554,3,1,1,0,2,0.3333,238.6689,0.0,30.8852,120,5.0,2.0,1.0
015_R204,15,R,3,8,OPTIMAL,491.4284,3,2,2,0,1,0.6667,453.863,0.0,37.5654,120,5.0,2.0,1.0
015_R204,15,R,3,9,OPTIMAL,548.1566,3,2,2,0,1,0.6667,527.9555,0.0,20.2011,120,5.0,2.0,1.0
015_R205,15,R,1,0,OPTIMAL,31.4552,1,0,0,0,1,0.0,0.0,0.0,31.4552,120,5.0,2.0,1.0
015_R205,15,R,1,1,OPTIMAL,270.3693,1,1,0,1,0,1.0,270.3693,0.0,0.0,120,5.0,2.0,1.0
015_R205,15,R,1,2,OPTIMAL,23.2442,1,0,0,0,1,0.0,0.0,0.0,23.2442,120,5.0,2.0,1.0
015_R205,15,R,1,3,OPTIMAL,229.9168,1,1,1,0,0,1.0,229.9168,0.0,0.0,120,5.0,2.0,1.0
015_R205,15,R,1,4,OPTIMAL,39.1899,1,0,0,0,1,0.0,0.0,0.0,39.1899,120,5.0,2.0,1.0
015_R205,15,R,1,5,OPTIMAL,198.065,1,1,1,0,0,1.0,198.065,0.0,0.0,120,5.0,2.0,1.0
015_R205,15,R,1,6,OPTIMAL,12.1175,1,0,0,0,1,0.0,0.0,0.0,12.1175,120,5.0,2.0,1.0
015_R205,15,R,1,7,OPTIMAL,254.3957,1,1,1,0,0,1.0,254.3957,0.0,0.0,120,5.0,2.0,1.0
015_R205,15,R,1,8,OPTIMAL,331.6694,1,1,1,0,0,1.0,331.6694,0.0,0.0,120,5.0,2.0,1.0
015_R205,15,R,1,9,OPTIMAL,18.578,1,0,0,0,1,0.0,0.0,0.0,18.578,120,5.0,2.0,1.0
015_R205,15,R,2,0,OPTIMAL,148.5092,2,1,1,0,1,0.5,118.0152,0.0,30.494,120,5.0,2.0,1.0
015_R205,15,R,2,1,OPTIMAL,65.2004,2,0,0,0,2,0.0,0.0,0.0,65.2004,120,5.0,2.0,1.0
015_R205,15,R,2,2,OPTIMAL,520.3761,2,2,1,1,0,1.0,520.3761,0.0,0.0,120,5.0,2.0,1.0
015_R205,15,R,2,3,OPTIMAL,21.2505,2,0,0,0,2,0.0,0.0,0.0,21.2505,120,5.0,2.0,1.0
015_R205,15,R,2,4,OPTIMAL,54.5807,2,0,0,0,2,0.0,0.0,0.0,54.5807,120,5.0,2.0,1.0
015_R205,15,R,2,5,OPTIMAL,574.1956,2,2,2,0,0,1.0,574.1956,0.0,0.0,120,5.0,2.0,1.0
015_R205,15,R,2,6,OPTIMAL,476.4648,2,2,2,0,0,1.0,476.4648,0.0,0.0,120,5.0,2.0,1.0
015_R205,15,R,2,7,OPTIMAL,347.4888,2,1,0,1,1,0.5,314.045,0.0,33.4438,120,5.0,2.0,1.0
015_R205,15,R,2,8,OPTIMAL,317.1277,2,2,1,1,0,1.0,317.1277,0.0,0.0,120,5.0,2.0,1.0
015_R205,15,R,2,9,OPTIMAL,5.2371,2,0,0,0,2,0.0,0.0,0.0,5.2371,120,5.0,2.0,1.0
015_R205,15,R,3,0,OPTIMAL,167.9456,3,1,1,0,2,0.3333,129.3706,0.0,38.575,120,5.0,2.0,1.0
015_R205,15,R,3,1,OPTIMAL,86.9755,3,0,0,0,3,0.0,0.0,0.0,86.9755,120,5.0,2.0,1.0
015_R205,15,R,3,2,OPTIMAL,27.0733,3,0,0,0,3,0.0,0.0,0.0,27.0733,120,5.0,2.0,1.0
015_R205,15,R,3,3,OPTIMAL,401.039,3,2,2,0,1,0.6667,396.1911,0.0,4.848,120,5.0,2.0,1.0
015_R205,15,R,3,4,OPTIMAL,45.118,3,0,0,0,3,0.0,0.0,0.0,45.118,120,5.0,2.0,1.0
015_R205,15,R,3,5,OPTIMAL,358.2238,3,2,2,0,1,0.6667,346.2915,0.0,11.9323,120,5.0,2.0,1.0
015_R205,15,R,3,6,OPTIMAL,309.9479,3,1,0,1,2,0.3333,235.8618,0.0,74.0861,120,5.0,2.0,1.0
015_R205,15,R,3,7,OPTIMAL,575.2347,3,2,1,1,1,0.6667,519.1816,0.0,56.0532,120,5.0,2.0,1.0
015_R205,15,R,3,8,OPTIMAL,320.1061,3,1,1,0,2,0.3333,282.8739,0.0,37.2322,120,5.0,2.0,1.0
015_R205,15,R,3,9,OPTIMAL,569.8509,3,2,2,0,1,0.6667,527.9555,0.0,41.8954,120,5.0,2.0,1.0
015_R206,15,R,1,0,OPTIMAL,250.5214,1,1,1,0,0,1.0,250.5214,0.0,0.0,120,5.0,2.0,1.0
015_R206,15,R,1,1,OPTIMAL,270.3693,1,1,0,1,0,1.0,270.3693,0.0,0.0,120,5.0,2.0,1.0
015_R206,15,R,1,2,OPTIMAL,130.7288,1,1,1,0,0,1.0,130.7288,0.0,0.0,120,5.0,2.0,1.0
015_R206,15,R,1,3,OPTIMAL,229.9168,1,1,1,0,0,1.0,229.9168,0.0,0.0,120,5.0,2.0,1.0
015_R206,15,R,1,4,OPTIMAL,241.3298,1,1,1,0,0,1.0,241.3298,0.0,0.0,120,5.0,2.0,1.0
015_R206,15,R,1,5,OPTIMAL,198.065,1,1,1,0,0,1.0,198.065,0.0,0.0,120,5.0,2.0,1.0
015_R206,15,R,1,6,OPTIMAL,139.0055,1,1,1,0,0,1.0,139.0055,0.0,0.0,120,5.0,2.0,1.0
015_R206,15,R,1,7,OPTIMAL,254.3957,1,1,1,0,0,1.0,254.3957,0.0,0.0,120,5.0,2.0,1.0
015_R206,15,R,1,8,OPTIMAL,109.4323,1,0,0,0,1,0.0,0.0,0.0,109.4323,120,5.0,2.0,1.0
015_R206,15,R,1,9,OPTIMAL,18.578,1,0,0,0,1,0.0,0.0,0.0,18.578,120,5.0,2.0,1.0
015_R206,15,R,2,0,OPTIMAL,148.5092,2,1,1,0,1,0.5,118.0152,0.0,30.494,120,5.0,2.0,1.0
015_R206,15,R,2,1,OPTIMAL,273.5433,2,1,1,0,1,0.5,251.0518,0.0,22.4915,120,5.0,2.0,1.0
015_R206,15,R,2,2,OPTIMAL,520.3761,2,2,1,1,0,1.0,520.3761,0.0,0.0,120,5.0,2.0,1.0
015_R206,15,R,2,3,OPTIMAL,21.2505,2,0,0,0,2,0.0,0.0,0.0,21.2505,120,5.0,2.0,1.0
015_R206,15,R,2,4,OPTIMAL,225.6792,2,1,1,0,1,0.5,205.4669,0.0,20.2123,120,5.0,2.0,1.0
015_R206,15,R,2,5,OPTIMAL,574.1956,2,2,2,0,0,1.0,574.1956,0.0,0.0,120,5.0,2.0,1.0
015_R206,15,R,2,6,OPTIMAL,476.4648,2,2,2,0,0,1.0,476.4648,0.0,0.0,120,5.0,2.0,1.0
015_R206,15,R,2,7,OPTIMAL,347.4888,2,1,0,1,1,0.5,314.045,0.0,33.4438,120,5.0,2.0,1.0
015_R206,15,R,2,8,OPTIMAL,317.1277,2,2,1,1,0,1.0,317.1277,0.0,0.0,120,5.0,2.0,1.0
015_R206,15,R,2,9,OPTIMAL,5.2371,2,0,0,0,2,0.0,0.0,0.0,5.2371,120,5.0,2.0,1.0
015_R206,15,R,3,0,OPTIMAL,167.9456,3,1,1,0,2,0.3333,129.3706,0.0,38.575,120,5.0,2.0,1.0
015_R206,15,R,3,1,OPTIMAL,304.3535,3,1,0,1,2,0.3333,250.2242,0.0,54.1294,120,5.0,2.0,1.0
015_R206,15,R,3,2,OPTIMAL,405.9889,3,2,2,0,1,0.6667,387.2308,0.0,18.7581,120,5.0,2.0,1.0
015_R206,15,R,3,3,OPTIMAL,405.5381,3,2,2,0,1,0.6667,396.1911,0.0,9.347,120,5.0,2.0,1.0
015_R206,15,R,3,4,OPTIMAL,235.6238,3,1,1,0,2,0.3333,202.6126,0.0,33.0112,120,5.0,2.0,1.0
015_R206,15,R,3,5,OPTIMAL,358.2238,3,2,2,0,1,0.6667,346.2915,0.0,11.9323,120,5.0,2.0,1.0
015_R206,15,R,3,6,OPTIMAL,591.5329,3,2,2,0,1,0.6667,579.473,0.0,12.0599,120,5.0,2.0,1.0
015_R206,15,R,3,7,OPTIMAL,805.4577,3,3,2,1,0,1.0,805.4577,0.0,0.0,120,5.0,2.0,1.0
015_R206,15,R,3,8,OPTIMAL,577.5151,3,2,2,0,1,0.6667,551.8929,0.0,25.6222,120,5.0,2.0,1.0
015_R206,15,R,3,9,OPTIMAL,738.6097,3,3,3,0,0,1.0,738.6097,0.0,0.0,120,5.0,2.0,1.0
015_R207,15,R,1,0,OPTIMAL,250.5214,1,1,1,0,0,1.0,250.5214,0.0,0.0,120,5.0,2.0,1.0
015_R207,15,R,1,1,OPTIMAL,270.3693,1,1,0,1,0,1.0,270.3693,0.0,0.0,120,5.0,2.0,1.0
015_R207,15,R,1,2,OPTIMAL,130.7288,1,1,1,0,0,1.0,130.7288,0.0,0.0,120,5.0,2.0,1.0
015_R207,15,R,1,3,OPTIMAL,229.9168,1,1,1,0,0,1.0,229.9168,0.0,0.0,120,5.0,2.0,1.0
015_R207,15,R,1,4,OPTIMAL,241.3298,1,1,1,0,0,1.0,241.3298,0.0,0.0,120,5.0,2.0,1.0
015_R207,15,R,1,5,OPTIMAL,198.065,1,1,1,0,0,1.0,198.065,0.0,0.0,120,5.0,2.0,1.0
015_R207,15,R,1,6,OPTIMAL,139.0055,1,1,1,0,0,1.0,139.0055,0.0,0.0,120,5.0,2.0,1.0
015_R207,15,R,1,7,OPTIMAL,254.3957,1,1,1,0,0,1.0,254.3957,0.0,0.0,120,5.0,2.0,1.0
015_R207,15,R,1,8,OPTIMAL,331.6694,1,1,1,0,0,1.0,331.6694,0.0,0.0,120,5.0,2.0,1.0
015_R207,15,R,1,9,OPTIMAL,18.578,1,0,0,0,1,0.0,0.0,0.0,18.578,120,5.0,2.0,1.0
015_R207,15,R,2,0,OPTIMAL,148.5092,2,1,1,0,1,0.5,118.0152,0.0,30.494,120,5.0,2.0,1.0
015_R207,15,R,2,1,OPTIMAL,273.5433,2,1,1,0,1,0.5,251.0518,0.0,22.4915,120,5.0,2.0,1.0
015_R207,15,R,2,2,OPTIMAL,520.3761,2,2,1,1,0,1.0,520.3761,0.0,0.0,120,5.0,2.0,1.0
015_R207,15,R,2,3,OPTIMAL,145.5376,2,1,0,1,1,0.5,144.6614,0.0,0.8761,120,5.0,2.0,1.0
015_R207,15,R,2,4,OPTIMAL,225.6792,2,1,1,0,1,0.5,205.4669,0.0,20.2123,120,5.0,2.0,1.0
015_R207,15,R,2,5,OPTIMAL,574.1956,2,2,2,0,0,1.0,574.1956,0.0,0.0,120,5.0,2.0,1.0
015_R207,15,R,2,6,OPTIMAL,476.4648,2,2,2,0,0,1.0,476.4648,0.0,0.0,120,5.0,2.0,1.0
015_R207,15,R,2,7,OPTIMAL,347.4888,2,1,0,1,1,0.5,314.045,0.0,33.4438,120,5.0,2.0,1.0
015_R207,15,R,2,8,OPTIMAL,317.1277,2,2,1,1,0,1.0,317.1277,0.0,0.0,120,5.0,2.0,1.0
015_R207,15,R,2,9,OPTIMAL,5.2371,2,0,0,0,2,0.0,0.0,0.0,5.2371,120,5.0,2.0,1.0
015_R207,15,R,3,0,OPTIMAL,306.2835,3,2,1,1,1,0.6667,301.544,0.0,4.7396,120,5.0,2.0,1.0
015_R207,15,R,3,1,OPTIMAL,778.3097,3,3,0,3,0,1.0,778.3097,0.0,0.0,120,5.0,2.0,1.0
015_R207,15,R,3,2,OPTIMAL,405.9889,3,2,2,0,1,0.6667,387.2308,0.0,18.7581,120,5.0,2.0,1.0
015_R207,15,R,3,3,OPTIMAL,405.5381,3,2,2,0,1,0.6667,396.1911,0.0,9.347,120,5.0,2.0,1.0
015_R207,15,R,3,4,OPTIMAL,411.5582,3,2,1,1,1,0.6667,388.7293,0.0,22.8289,120,5.0,2.0,1.0
015_R207,15,R,3,5,OPTIMAL,556.4272,3,3,2,1,0,1.0,556.4272,0.0,0.0,120,5.0,2.0,1.0
015_R207,15,R,3,6,OPTIMAL,591.5329,3,2,2,0,1,0.6667,579.473,0.0,12.0599,120,5.0,2.0,1.0
015_R207,15,R,3,7,OPTIMAL,805.4577,3,3,2,1,0,1.0,805.4577,0.0,0.0,120,5.0,2.0,1.0
015_R207,15,R,3,8,OPTIMAL,577.5151,3,2,2,0,1,0.6667,551.8929,0.0,25.6222,120,5.0,2.0,1.0
015_R207,15,R,3,9,OPTIMAL,738.6097,3,3,3,0,0,1.0,738.6097,0.0,0.0,120,5.0,2.0,1.0
015_R208,15,R,1,0,OPTIMAL,250.5214,1,1,1,0,0,1.0,250.5214,0.0,0.0,120,5.0,2.0,1.0
015_R208,15,R,1,1,OPTIMAL,270.3693,1,1,0,1,0,1.0,270.3693,0.0,0.0,120,5.0,2.0,1.0
015_R208,15,R,1,2,OPTIMAL,130.7288,1,1,1,0,0,1.0,130.7288,0.0,0.0,120,5.0,2.0,1.0
015_R208,15,R,1,3,OPTIMAL,229.9168,1,1,1,0,0,1.0,229.9168,0.0,0.0,120,5.0,2.0,1.0
015_R208,15,R,1,4,OPTIMAL,241.3298,1,1,1,0,0,1.0,241.3298,0.0,0.0,120,5.0,2.0,1.0
015_R208,15,R,1,5,OPTIMAL,198.065,1,1,1,0,0,1.0,198.065,0.0,0.0,120,5.0,2.0,1.0
015_R208,15,R,1,6,OPTIMAL,139.0055,1,1,1,0,0,1.0,139.0055,0.0,0.0,120,5.0,2.0,1.0
015_R208,15,R,1,7,OPTIMAL,254.3957,1,1,1,0,0,1.0,254.3957,0.0,0.0,120,5.0,2.0,1.0
015_R208,15,R,1,8,OPTIMAL,35.6467,1,0,0,0,1,0.0,0.0,0.0,35.6467,120,5.0,2.0,1.0
015_R208,15,R,1,9,OPTIMAL,18.578,1,0,0,0,1,0.0,0.0,0.0,18.578,120,5.0,2.0,1.0
015_R208,15,R,2,0,OPTIMAL,450.1695,2,2,1,1,0,1.0,450.1695,0.0,0.0,120,5.0,2.0,1.0
015_R208,15,R,2,1,OPTIMAL,405.6131,2,2,1,1,0,1.0,405.6131,0.0,0.0,120,5.0,2.0,1.0
015_R208,15,R,2,2,OPTIMAL,520.3761,2,2,1,1,0,1.0,520.3761,0.0,0.0,120,5.0,2.0,1.0
015_R208,15,R,2,3,OPTIMAL,145.5376,2,1,1,0,1,0.5,144.6614,0.0,0.8761,120,5.0,2.0,1.0
015_R208,15,R,2,4,OPTIMAL,463.3216,2,2,1,1,0,1.0,463.3216,0.0,0.0,120,5.0,2.0,1.0
015_R208,15,R,2,5,OPTIMAL,574.1956,2,2,2,0,0,1.0,574.1956,0.0,0.0,120,5.0,2.0,1.0
015_R208,15,R,2,6,OPTIMAL,476.4648,2,2,2,0,0,1.0,476.4648,0.0,0.0,120,5.0,2.0,1.0
015_R208,15,R,2,7,OPTIMAL,347.4888,2,1,0,1,1,0.5,314.045,0.0,33.4438,120,5.0,2.0,1.0
015_R208,15,R,2,8,OPTIMAL,317.1277,2,2,1,1,0,1.0,317.1277,0.0,0.0,120,5.0,2.0,1.0
015_R208,15,R,2,9,OPTIMAL,5.2371,2,0,0,0,2,0.0,0.0,0.0,5.2371,120,5.0,2.0,1.0
015_R208,15,R,3,0,OPTIMAL,492.4878,3,3,2,1,0,1.0,492.4878,0.0,0.0,120,5.0,2.0,1.0
015_R208,15,R,3,1,OPTIMAL,778.3097,3,3,3,0,0,1.0,778.3097,0.0,0.0,120,5.0,2.0,1.0
015_R208,15,R,3,2,OPTIMAL,409.6698,3,2,2,0,1,0.6667,387.2308,0.0,22.439,120,5.0,2.0,1.0
015_R208,15,R,3,3,OPTIMAL,480.7037,3,3,2,1,0,1.0,480.7037,0.0,0.0,120,5.0,2.0,1.0
015_R208,15,R,3,4,OPTIMAL,389.0524,3,2,2,0,1,0.6667,388.7293,0.0,0.3231,120,5.0,2.0,1.0
015_R208,15,R,3,5,OPTIMAL,556.4272,3,3,3,0,0,1.0,556.4272,0.0,0.0,120,5.0,2.0,1.0
015_R208,15,R,3,6,OPTIMAL,800.0032,3,3,2,1,0,1.0,800.0032,0.0,0.0,120,5.0,2.0,1.0
015_R208,15,R,3,7,OPTIMAL,805.4577,3,3,2,1,0,1.0,805.4577,0.0,0.0,120,5.0,2.0,1.0
015_R208,15,R,3,8,OPTIMAL,577.8438,3,2,2,0,1,0.6667,551.8929,0.0,25.9509,120,5.0,2.0,1.0
015_R208,15,R,3,9,OPTIMAL,738.6097,3,3,3,0,0,1.0,738.6097,0.0,0.0,120,5.0,2.0,1.0
015_R209,15,R,1,0,OPTIMAL,250.5214,1,1,0,1,0,1.0,250.5214,0.0,0.0,120,5.0,2.0,1.0
015_R209,15,R,1,1,OPTIMAL,270.3693,1,1,0,1,0,1.0,270.3693,0.0,0.0,120,5.0,2.0,1.0
015_R209,15,R,1,2,OPTIMAL,25.6787,1,0,0,0,1,0.0,0.0,0.0,25.6787,120,5.0,2.0,1.0
015_R209,15,R,1,3,OPTIMAL,229.9168,1,1,1,0,0,1.0,229.9168,0.0,0.0,120,5.0,2.0,1.0
015_R209,15,R,1,4,OPTIMAL,241.3298,1,1,0,1,0,1.0,241.3298,0.0,0.0,120,5.0,2.0,1.0
015_R209,15,R,1,5,OPTIMAL,198.065,1,1,1,0,0,1.0,198.065,0.0,0.0,120,5.0,2.0,1.0
015_R209,15,R,1,6,OPTIMAL,25.8977,1,0,0,0,1,0.0,0.0,0.0,25.8977,120,5.0,2.0,1.0
015_R209,15,R,1,7,OPTIMAL,254.3957,1,1,1,0,0,1.0,254.3957,0.0,0.0,120,5.0,2.0,1.0
015_R209,15,R,1,8,OPTIMAL,0.9196,1,0,0,0,1,0.0,0.0,0.0,0.9196,120,5.0,2.0,1.0
015_R209,15,R,1,9,OPTIMAL,264.9233,1,1,1,0,0,1.0,264.9233,0.0,0.0,120,5.0,2.0,1.0
015_R209,15,R,2,0,OPTIMAL,450.1695,2,2,2,0,0,1.0,450.1695,0.0,0.0,120,5.0,2.0,1.0
015_R209,15,R,2,1,OPTIMAL,405.6131,2,2,1,1,0,1.0,405.6131,0.0,0.0,120,5.0,2.0,1.0
015_R209,15,R,2,2,OPTIMAL,520.3761,2,2,0,2,0,1.0,520.3761,0.0,0.0,120,5.0,2.0,1.0
015_R209,15,R,2,3,OPTIMAL,65.3944,2,0,0,0,2,0.0,0.0,0.0,65.3944,120,5.0,2.0,1.0
015_R209,15,R,2,4,OPTIMAL,463.3216,2,2,0,2,0,1.0,463.3216,0.0,0.0,120,5.0,2.0,1.0
015_R209,15,R,2,5,OPTIMAL,574.1956,2,2,0,2,0,1.0,574.1956,0.0,0.0,120,5.0,2.0,1.0
015_R209,15,R,2,6,OPTIMAL,476.4648,2,2,2,0,0,1.0,476.4648,0.0,0.0,120,5.0,2.0,1.0
015_R209,15,R,2,7,OPTIMAL,629.1281,2,2,1,1,0,1.0,629.1281,0.0,0.0,120,5.0,2.0,1.0
015_R209,15,R,2,8,OPTIMAL,317.1277,2,2,1,1,0,1.0,317.1277,0.0,0.0,120,5.0,2.0,1.0
015_R209,15,R,2,9,OPTIMAL,396.6951,2,1,1,0,1,0.5,340.4114,0.0,56.2837,120,5.0,2.0,1.0
015_R209,15,R,3,0,OPTIMAL,225.2968,3,1,0,1,2,0.3333,190.9438,0.0,34.353,120,5.0,2.0,1.0
015_R209,15,R,3,1,OPTIMAL,277.3124,3,1,0,1,2,0.3333,250.2242,0.0,27.0883,120,5.0,2.0,1.0
015_R209,15,R,3,2,OPTIMAL,174.5602,3,1,0,1,2,0.3333,143.9619,0.0,30.5983,120,5.0,2.0,1.0
015_R209,15,R,3,3,OPTIMAL,401.039,3,2,2,0,1,0.6667,396.1911,0.0,4.848,120,5.0,2.0,1.0
015_R209,15,R,3,4,OPTIMAL,230.9486,3,1,0,1,2,0.3333,186.1167,0.0,44.8319,120,5.0,2.0,1.0
015_R209,15,R,3,5,OPTIMAL,556.4272,3,3,2,1,0,1.0,556.4272,0.0,0.0,120,5.0,2.0,1.0
015_R209,15,R,3,6,OPTIMAL,585.2791,3,2,1,1,1,0.6667,564.1414,0.0,21.1376,120,5.0,2.0,1.0
015_R209,15,R,3,7,OPTIMAL,567.7082,3,2,2,0,1,0.6667,519.1816,0.0,48.5266,120,5.0,2.0,1.0
015_R209,15,R,3,8,OPTIMAL,556.9043,3,2,1,1,1,0.6667,551.8929,0.0,5.0114,120,5.0,2.0,1.0
015_R209,15,R,3,9,OPTIMAL,738.6097,3,3,2,1,0,1.0,738.6097,0.0,0.0,120,5.0,2.0,1.0
015_R210,15,R,1,0,OPTIMAL,17.8286,1,0,0,0,1,0.0,0.0,0.0,17.8286,120,5.0,2.0,1.0
015_R210,15,R,1,1,OPTIMAL,270.3693,1,1,1,0,0,1.0,270.3693,0.0,0.0,120,5.0,2.0,1.0
015_R210,15,R,1,2,OPTIMAL,2.1637,1,0,0,0,1,0.0,0.0,0.0,2.1637,120,5.0,2.0,1.0
015_R210,15,R,1,3,OPTIMAL,29.1599,1,0,0,0,1,0.0,0.0,0.0,29.1599,120,5.0,2.0,1.0
015_R210,15,R,1,4,OPTIMAL,3.8658,1,0,0,0,1,0.0,0.0,0.0,3.8658,120,5.0,2.0,1.0
015_R210,15,R,1,5,OPTIMAL,198.065,1,1,1,0,0,1.0,198.065,0.0,0.0,120,5.0,2.0,1.0
015_R210,15,R,1,6,OPTIMAL,7.5174,1,0,0,0,1,0.0,0.0,0.0,7.5174,120,5.0,2.0,1.0
015_R210,15,R,1,7,OPTIMAL,254.3957,1,1,1,0,0,1.0,254.3957,0.0,0.0,120,5.0,2.0,1.0
015_R210,15,R,1,8,OPTIMAL,27.203,1,0,0,0,1,0.0,0.0,0.0,27.203,120,5.0,2.0,1.0
015_R210,15,R,1,9,OPTIMAL,264.9233,1,1,1,0,0,1.0,264.9233,0.0,0.0,120,5.0,2.0,1.0
015_R210,15,R,2,0,OPTIMAL,174.9195,2,1,1,0,1,0.5,118.0152,0.0,56.9043,120,5.0,2.0,1.0
015_R210,15,R,2,1,OPTIMAL,268.8675,2,1,1,0,1,0.5,251.0518,0.0,17.8156,120,5.0,2.0,1.0
015_R210,15,R,2,2,OPTIMAL,321.1169,2,1,1,0,1,0.5,298.0603,0.0,23.0566,120,5.0,2.0,1.0
015_R210,15,R,2,3,OPTIMAL,335.7738,2,1,1,0,1,0.5,315.3995,0.0,20.3743,120,5.0,2.0,1.0
015_R210,15,R,2,4,OPTIMAL,71.8412,2,0,0,0,2,0.0,0.0,0.0,71.8412,120,5.0,2.0,1.0
015_R210,15,R,2,5,OPTIMAL,68.9622,2,0,0,0,2,0.0,0.0,0.0,68.9622,120,5.0,2.0,1.0
015_R210,15,R,2,6,OPTIMAL,366.4603,2,1,1,0,1,0.5,338.9677,0.0,27.4926,120,5.0,2.0,1.0
015_R210,15,R,2,7,OPTIMAL,629.1281,2,2,2,0,0,1.0,629.1281,0.0,0.0,120,5.0,2.0,1.0
015_R210,15,R,2,8,OPTIMAL,317.1277,2,2,2,0,0,1.0,317.1277,0.0,0.0,120,5.0,2.0,1.0
015_R210,15,R,2,9,OPTIMAL,362.8281,2,1,1,0,1,0.5,340.4114,0.0,22.4167,120,5.0,2.0,1.0
015_R210,15,R,3,0,OPTIMAL,67.8718,3,0,0,0,3,0.0,0.0,0.0,67.8718,120,5.0,2.0,1.0
015_R210,15,R,3,1,OPTIMAL,483.9794,3,2,1,1,1,0.6667,453.4756,0.0,30.5037,120,5.0,2.0,1.0
015_R210,15,R,3,2,OPTIMAL,300.3643,3,2,1,1,1,0.6667,283.8658,0.0,16.4986,120,5.0,2.0,1.0
015_R210,15,R,3,3,OPTIMAL,411.4269,3,2,2,0,1,0.6667,396.1911,0.0,15.2359,120,5.0,2.0,1.0
015_R210,15,R,3,4,OPTIMAL,243.0275,3,1,1,0,2,0.3333,186.1167,0.0,56.9109,120,5.0,2.0,1.0
015_R210,15,R,3,5,OPTIMAL,556.4272,3,3,3,0,0,1.0,556.4272,0.0,0.0,120,5.0,2.0,1.0
015_R210,15,R,3,6,OPTIMAL,47.9957,3,0,0,0,3,0.0,0.0,0.0,47.9957,120,5.0,2.0,1.0
015_R210,15,R,3,7,OPTIMAL,260.613,3,1,1,0,2,0.3333,238.6689,0.0,21.9441,120,5.0,2.0,1.0
015_R210,15,R,3,8,OPTIMAL,491.4284,3,2,2,0,1,0.6667,453.863,0.0,37.5654,120,5.0,2.0,1.0
015_R210,15,R,3,9,OPTIMAL,548.1566,3,2,2,0,1,0.6667,527.9555,0.0,20.2011,120,5.0,2.0,1.0
015_R211,15,R,1,0,OPTIMAL,0.0181,1,0,0,0,1,0.0,0.0,0.0,0.0181,120,5.0,2.0,1.0
015_R211,15,R,1,1,OPTIMAL,270.3693,1,1,1,0,0,1.0,270.3693,0.0,0.0,120,5.0,2.0,1.0
015_R211,15,R,1,2,OPTIMAL,6.1367,1,0,0,0,1,0.0,0.0,0.0,6.1367,120,5.0,2.0,1.0
015_R211,15,R,1,3,OPTIMAL,229.9168,1,1,1,0,0,1.0,229.9168,0.0,0.0,120,5.0,2.0,1.0
015_R211,15,R,1,4,OPTIMAL,15.3431,1,0,0,0,1,0.0,0.0,0.0,15.3431,120,5.0,2.0,1.0
015_R211,15,R,1,5,OPTIMAL,198.065,1,1,1,0,0,1.0,198.065,0.0,0.0,120,5.0,2.0,1.0
015_R211,15,R,1,6,OPTIMAL,1.4854,1,0,0,0,1,0.0,0.0,0.0,1.4854,120,5.0,2.0,1.0
015_R211,15,R,1,7,OPTIMAL,254.3957,1,1,1,0,0,1.0,254.3957,0.0,0.0,120,5.0,2.0,1.0
015_R211,15,R,1,8,OPTIMAL,0.9196,1,0,0,0,1,0.0,0.0,0.0,0.9196,120,5.0,2.0,1.0
015_R211,15,R,1,9,OPTIMAL,18.7794,1,0,0,0,1,0.0,0.0,0.0,18.7794,120,5.0,2.0,1.0
015_R211,15,R,2,0,OPTIMAL,450.1695,2,2,2,0,0,1.0,450.1695,0.0,0.0,120,5.0,2.0,1.0
015_R211,15,R,2,1,OPTIMAL,405.6131,2,2,1,1,0,1.0,405.6131,0.0,0.0,120,5.0,2.0,1.0
015_R211,15,R,2,2,OPTIMAL,342.0274,2,1,1,0,1,0.5,298.0603,0.0,43.9671,120,5.0,2.0,1.0
015_R211,15,R,2,3,OPTIMAL,321.1883,2,1,1,0,1,0.5,315.3995,0.0,5.7888,120,5.0,2.0,1.0
015_R211,15,R,2,4,OPTIMAL,292.2231,2,1,1,0,1,0.5,257.8547,0.0,34.3684,120,5.0,2.0,1.0
015_R211,15,R,2,5,OPTIMAL,30.4063,2,0,0,0,2,0.0,0.0,0.0,30.4063,120,5.0,2.0,1.0
015_R211,15,R,2,6,OPTIMAL,476.4648,2,2,2,0,0,1.0,476.4648,0.0,0.0,120,5.0,2.0,1.0
015_R211,15,R,2,7,OPTIMAL,629.1281,2,2,2,0,0,1.0,629.1281,0.0,0.0,120,5.0,2.0,1.0
015_R211,15,R,2,8,OPTIMAL,317.1277,2,2,2,0,0,1.0,317.1277,0.0,0.0,120,5.0,2.0,1.0
015_R211,15,R,2,9,OPTIMAL,623.1754,2,2,2,0,0,1.0,623.1754,0.0,0.0,120,5.0,2.0,1.0
015_R211,15,R,3,0,OPTIMAL,388.027,3,2,1,1,1,0.6667,363.1172,0.0,24.9098,120,5.0,2.0,1.0
015_R211,15,R,3,1,OPTIMAL,529.5134,3,2,0,2,1,0.6667,528.0855,0.0,1.4279,120,5.0,2.0,1.0
015_R211,15,R,3,2,OPTIMAL,143.1416,3,1,1,0,2,0.3333,139.9038,0.0,3.2377,120,5.0,2.0,1.0
015_R211,15,R,3,3,OPTIMAL,480.7037,3,3,3,0,0,1.0,480.7037,0.0,0.0,120,5.0,2.0,1.0
015_R211,15,R,3,4,OPTIMAL,190.1623,3,1,0,1,2,0.3333,186.1167,0.0,4.0456,120,5.0,2.0,1.0
015_R211,15,R,3,5,OPTIMAL,358.2238,3,2,2,0,1,0.6667,346.2915,0.0,11.9323,120,5.0,2.0,1.0
015_R211,15,R,3,6,OPTIMAL,255.6376,3,1,1,0,2,0.3333,220.5302,0.0,35.1074,120,5.0,2.0,1.0
015_R211,15,R,3,7,OPTIMAL,805.4577,3,3,3,0,0,1.0,805.4577,0.0,0.0,120,5.0,2.0,1.0
015_R211,15,R,3,8,OPTIMAL,458.4575,3,2,2,0,1,0.6667,453.863,0.0,4.5945,120,5.0,2.0,1.0
015_R211,15,R,3,9,OPTIMAL,536.3801,3,2,2,0,1,0.6667,527.9555,0.0,8.4246,120,5.0,2.0,1.0
015_RC101,15,RC,1,0,OPTIMAL,9.396,1,0,0,0,1,0.0,0.0,0.0,9.396,120,5.0,2.0,1.0
015_RC101,15,RC,1,1,OPTIMAL,1.2418,1,0,0,0,1,0.0,0.0,0.0,1.2418,120,5.0,2.0,1.0
015_RC101,15,RC,1,2,OPTIMAL,2.4662,1,0,0,0,1,0.0,0.0,0.0,2.4662,120,5.0,2.0,1.0
015_RC101,15,RC,1,3,OPTIMAL,0.0007,1,0,0,0,1,0.0,0.0,0.0,0.0007,120,5.0,2.0,1.0
015_RC101,15,RC,1,4,OPTIMAL,1.1795,1,0,0,0,1,0.0,0.0,0.0,1.1795,120,5.0,2.0,1.0
015_RC101,15,RC,1,5,OPTIMAL,1.0738,1,0,0,0,1,0.0,0.0,0.0,1.0738,120,5.0,2.0,1.0
015_RC101,15,RC,1,6,OPTIMAL,0.8029,1,0,0,0,1,0.0,0.0,0.0,0.8029,120,5.0,2.0,1.0
015_RC101,15,RC,1,7,OPTIMAL,4.4851,1,0,0,0,1,0.0,0.0,0.0,4.4851,120,5.0,2.0,1.0
015_RC101,15,RC,1,8,OPTIMAL,8.109,1,0,0,0,1,0.0,0.0,0.0,8.109,120,5.0,2.0,1.0
015_RC101,15,RC,1,9,OPTIMAL,0.9657,1,0,0,0,1,0.0,0.0,0.0,0.9657,120,5.0,2.0,1.0
015_RC101,15,RC,2,0,OPTIMAL,7.8489,2,0,0,0,2,0.0,0.0,0.0,7.8489,120,5.0,2.0,1.0
015_RC101,15,RC,2,1,OPTIMAL,1.316,2,0,0,0,2,0.0,0.0,0.0,1.316,120,5.0,2.0,1.0
015_RC101,15,RC,2,2,OPTIMAL,0.3485,2,0,0,0,2,0.0,0.0,0.0,0.3485,120,5.0,2.0,1.0
015_RC101,15,RC,2,3,OPTIMAL,9.3673,2,0,0,0,2,0.0,0.0,0.0,9.3673,120,5.0,2.0,1.0
015_RC101,15,RC,2,4,OPTIMAL,0.8807,2,0,0,0,2,0.0,0.0,0.0,0.8807,120,5.0,2.0,1.0
015_RC101,15,RC,2,5,OPTIMAL,0.2118,2,0,0,0,2,0.0,0.0,0.0,0.2118,120,5.0,2.0,1.0
015_RC101,15,RC,2,6,OPTIMAL,14.2382,2,0,0,0,2,0.0,0.0,0.0,14.2382,120,5.0,2.0,1.0
015_RC101,15,RC,2,7,OPTIMAL,0.5502,2,0,0,0,2,0.0,0.0,0.0,0.5502,120,5.0,2.0,1.0
015_RC101,15,RC,2,8,OPTIMAL,12.3625,2,0,0,0,2,0.0,0.0,0.0,12.3625,120,5.0,2.0,1.0
015_RC101,15,RC,2,9,OPTIMAL,5.3382,2,0,0,0,2,0.0,0.0,0.0,5.3382,120,5.0,2.0,1.0
015_RC101,15,RC,3,0,OPTIMAL,7.5621,3,0,0,0,3,0.0,0.0,0.0,7.5621,120,5.0,2.0,1.0
015_RC101,15,RC,3,1,OPTIMAL,10.0419,3,0,0,0,3,0.0,0.0,0.0,10.0419,120,5.0,2.0,1.0
015_RC101,15,RC,3,2,OPTIMAL,17.8427,3,0,0,0,3,0.0,0.0,0.0,17.8427,120,5.0,2.0,1.0
015_RC101,15,RC,3,3,OPTIMAL,21.0099,3,0,0,0,3,0.0,0.0,0.0,21.0099,120,5.0,2.0,1.0
015_RC101,15,RC,3,4,OPTIMAL,10.4897,3,0,0,0,3,0.0,0.0,0.0,10.4897,120,5.0,2.0,1.0
015_RC101,15,RC,3,5,OPTIMAL,1.2933,3,0,0,0,3,0.0,0.0,0.0,1.2933,120,5.0,2.0,1.0
015_RC101,15,RC,3,6,OPTIMAL,11.2392,3,0,0,0,3,0.0,0.0,0.0,11.2392,120,5.0,2.0,1.0
015_RC101,15,RC,3,7,OPTIMAL,40.9825,3,0,0,0,3,0.0,0.0,0.0,40.9825,120,5.0,2.0,1.0
015_RC101,15,RC,3,8,OPTIMAL,28.221,3,0,0,0,3,0.0,0.0,0.0,28.221,120,5.0,2.0,1.0
015_RC101,15,RC,3,9,OPTIMAL,6.0189,3,0,0,0,3,0.0,0.0,0.0,6.0189,120,5.0,2.0,1.0
015_RC102,15,RC,1,0,OPTIMAL,3.132,1,0,0,0,1,0.0,0.0,0.0,3.132,120,5.0,2.0,1.0
015_RC102,15,RC,1,1,OPTIMAL,0.6209,1,0,0,0,1,0.0,0.0,0.0,0.6209,120,5.0,2.0,1.0
015_RC102,15,RC,1,2,OPTIMAL,3.5881,1,0,0,0,1,0.0,0.0,0.0,3.5881,120,5.0,2.0,1.0
015_RC102,15,RC,1,3,OPTIMAL,0.0007,1,0,0,0,1,0.0,0.0,0.0,0.0007,120,5.0,2.0,1.0
015_RC102,15,RC,1,4,OPTIMAL,2.5713,1,0,0,0,1,0.0,0.0,0.0,2.5713,120,5.0,2.0,1.0
015_RC102,15,RC,1,5,OPTIMAL,0.5369,1,0,0,0,1,0.0,0.0,0.0,0.5369,120,5.0,2.0,1.0
015_RC102,15,RC,1,6,OPTIMAL,0.4014,1,0,0,0,1,0.0,0.0,0.0,0.4014,120,5.0,2.0,1.0
015_RC102,15,RC,1,7,OPTIMAL,6.9116,1,0,0,0,1,0.0,0.0,0.0,6.9116,120,5.0,2.0,1.0
015_RC102,15,RC,1,8,OPTIMAL,4.0545,1,0,0,0,1,0.0,0.0,0.0,4.0545,120,5.0,2.0,1.0
015_RC102,15,RC,1,9,OPTIMAL,0.0007,1,0,0,0,1,0.0,0.0,0.0,0.0007,120,5.0,2.0,1.0
015_RC102,15,RC,2,0,OPTIMAL,8.0386,2,0,0,0,2,0.0,0.0,0.0,8.0386,120,5.0,2.0,1.0
015_RC102,15,RC,2,1,OPTIMAL,0.5167,2,0,0,0,2,0.0,0.0,0.0,0.5167,120,5.0,2.0,1.0
015_RC102,15,RC,2,2,OPTIMAL,0.5285,2,0,0,0,2,0.0,0.0,0.0,0.5285,120,5.0,2.0,1.0
015_RC102,15,RC,2,3,OPTIMAL,7.0238,2,0,0,0,2,0.0,0.0,0.0,7.0238,120,5.0,2.0,1.0
015_RC102,15,RC,2,4,OPTIMAL,3.9843,2,0,0,0,2,0.0,0.0,0.0,3.9843,120,5.0,2.0,1.0
015_RC102,15,RC,2,5,OPTIMAL,0.62,2,0,0,0,2,0.0,0.0,0.0,0.62,120,5.0,2.0,1.0
015_RC102,15,RC,2,6,OPTIMAL,26.0901,2,0,0,0,2,0.0,0.0,0.0,26.0901,120,5.0,2.0,1.0
015_RC102,15,RC,2,7,OPTIMAL,0.2354,2,0,0,0,2,0.0,0.0,0.0,0.2354,120,5.0,2.0,1.0
015_RC102,15,RC,2,8,OPTIMAL,126.8539,2,0,0,0,2,0.0,0.0,21.7609,105.093,120,5.0,2.0,1.0
015_RC102,15,RC,2,9,OPTIMAL,8.4378,2,0,0,0,2,0.0,0.0,0.0,8.4378,120,5.0,2.0,1.0
015_RC102,15,RC,3,0,OPTIMAL,11.5737,3,0,0,0,3,0.0,0.0,0.0,11.5737,120,5.0,2.0,1.0
015_RC102,15,RC,3,1,OPTIMAL,2.0872,3,0,0,0,3,0.0,0.0,0.0,2.0872,120,5.0,2.0,1.0
015_RC102,15,RC,3,2,OPTIMAL,10.0453,3,0,0,0,3,0.0,0.0,0.0,10.0453,120,5.0,2.0,1.0
015_RC102,15,RC,3,3,OPTIMAL,19.4476,3,0,0,0,3,0.0,0.0,0.0,19.4476,120,5.0,2.0,1.0
015_RC102,15,RC,3,4,OPTIMAL,6.7282,3,0,0,0,3,0.0,0.0,0.0,6.7282,120,5.0,2.0,1.0
015_RC102,15,RC,3,5,OPTIMAL,1.7248,3,0,0,0,3,0.0,0.0,0.0,1.7248,120,5.0,2.0,1.0
015_RC102,15,RC,3,6,OPTIMAL,13.801,3,0,0,0,3,0.0,0.0,0.0,13.801,120,5.0,2.0,1.0
015_RC102,15,RC,3,7,OPTIMAL,23.6828,3,0,0,0,3,0.0,0.0,0.0,23.6828,120,5.0,2.0,1.0
015_RC102,15,RC,3,8,OPTIMAL,18.3145,3,0,0,0,3,0.0,0.0,0.0,18.3145,120,5.0,2.0,1.0
015_RC102,15,RC,3,9,OPTIMAL,13.1348,3,0,0,0,3,0.0,0.0,0.0,13.1348,120,5.0,2.0,1.0
015_RC103,15,RC,1,0,OPTIMAL,9.2548,1,0,0,0,1,0.0,0.0,0.0,9.2548,120,5.0,2.0,1.0
015_RC103,15,RC,1,1,OPTIMAL,0.6209,1,0,0,0,1,0.0,0.0,0.0,0.6209,120,5.0,2.0,1.0
015_RC103,15,RC,1,2,OPTIMAL,3.5881,1,0,0,0,1,0.0,0.0,0.0,3.5881,120,5.0,2.0,1.0
015_RC103,15,RC,1,3,OPTIMAL,0.0007,1,0,0,0,1,0.0,0.0,0.0,0.0007,120,5.0,2.0,1.0
015_RC103,15,RC,1,4,OPTIMAL,6.8087,1,0,0,0,1,0.0,0.0,0.0,6.8087,120,5.0,2.0,1.0
015_RC103,15,RC,1,5,OPTIMAL,0.5369,1,0,0,0,1,0.0,0.0,0.0,0.5369,120,5.0,2.0,1.0
015_RC103,15,RC,1,6,OPTIMAL,0.4014,1,0,0,0,1,0.0,0.0,0.0,0.4014,120,5.0,2.0,1.0
015_RC103,15,RC,1,7,OPTIMAL,6.9116,1,0,0,0,1,0.0,0.0,0.0,6.9116,120,5.0,2.0,1.0
015_RC103,15,RC,1,8,OPTIMAL,4.0545,1,0,0,0,1,0.0,0.0,0.0,4.0545,120,5.0,2.0,1.0
015_RC103,15,RC,1,9,OPTIMAL,0.0007,1,0,0,0,1,0.0,0.0,0.0,0.0007,120,5.0,2.0,1.0
015_RC103,15,RC,2,0,OPTIMAL,5.7668,2,0,0,0,2,0.0,0.0,0.0,5.7668,120,5.0,2.0,1.0
015_RC103,15,RC,2,1,OPTIMAL,0.9673,2,0,0,0,2,0.0,0.0,0.0,0.9673,120,5.0,2.0,1.0
015_RC103,15,RC,2,2,OPTIMAL,2.5413,2,0,0,0,2,0.0,0.0,0.0,2.5413,120,5.0,2.0,1.0
015_RC103,15,RC,2,3,OPTIMAL,7.0238,2,0,0,0,2,0.0,0.0,0.0,7.0238,120,5.0,2.0,1.0
015_RC103,15,RC,2,4,OPTIMAL,1.6514,2,0,0,0,2,0.0,0.0,0.0,1.6514,120,5.0,2.0,1.0
015_RC103,15,RC,2,5,OPTIMAL,0.62,2,0,0,0,2,0.0,0.0,0.0,0.62,120,5.0,2.0,1.0
015_RC103,15,RC,2,6,OPTIMAL,27.6195,2,0,0,0,2,0.0,0.0,0.0,27.6195,120,5.0,2.0,1.0
015_RC103,15,RC,2,7,OPTIMAL,0.255,2,0,0,0,2,0.0,0.0,0.0,0.255,120,5.0,2.0,1.0
015_RC103,15,RC,2,8,OPTIMAL,167.4228,2,0,0,0,2,0.0,0.0,21.7609,145.6619,120,5.0,2.0,1.0
015_RC103,15,RC,2,9,OPTIMAL,27.4253,2,0,0,0,2,0.0,0.0,0.0,27.4253,120,5.0,2.0,1.0
015_RC103,15,RC,3,0,OPTIMAL,13.5937,3,0,0,0,3,0.0,0.0,0.0,13.5937,120,5.0,2.0,1.0
015_RC103,15,RC,3,1,OPTIMAL,6.3773,3,0,0,0,3,0.0,0.0,0.0,6.3773,120,5.0,2.0,1.0
015_RC103,15,RC,3,2,OPTIMAL,8.1025,3,0,0,0,3,0.0,0.0,0.0,8.1025,120,5.0,2.0,1.0
015_RC103,15,RC,3,3,OPTIMAL,15.9414,3,0,0,0,3,0.0,0.0,0.0,15.9414,120,5.0,2.0,1.0
015_RC103,15,RC,3,4,OPTIMAL,9.7517,3,0,0,0,3,0.0,0.0,0.0,9.7517,120,5.0,2.0,1.0
015_RC103,15,RC,3,5,OPTIMAL,27.3744,3,0,0,0,3,0.0,0.0,0.0,27.3744,120,5.0,2.0,1.0
015_RC103,15,RC,3,6,OPTIMAL,20.9769,3,0,0,0,3,0.0,0.0,0.0,20.9769,120,5.0,2.0,1.0
015_RC103,15,RC,3,7,OPTIMAL,20.427,3,0,0,0,3,0.0,0.0,0.0,20.427,120,5.0,2.0,1.0
015_RC103,15,RC,3,8,OPTIMAL,71.7823,3,0,0,0,3,0.0,0.0,0.0,71.7823,120,5.0,2.0,1.0
015_RC103,15,RC,3,9,OPTIMAL,13.2517,3,0,0,0,3,0.0,0.0,0.0,13.2517,120,5.0,2.0,1.0
015_RC104,15,RC,1,0,OPTIMAL,9.396,1,0,0,0,1,0.0,0.0,0.0,9.396,120,5.0,2.0,1.0
015_RC104,15,RC,1,1,OPTIMAL,0.6209,1,0,0,0,1,0.0,0.0,0.0,0.6209,120,5.0,2.0,1.0
015_RC104,15,RC,1,2,OPTIMAL,3.5881,1,0,0,0,1,0.0,0.0,0.0,3.5881,120,5.0,2.0,1.0
015_RC104,15,RC,1,3,OPTIMAL,0.0007,1,0,0,0,1,0.0,0.0,0.0,0.0007,120,5.0,2.0,1.0
015_RC104,15,RC,1,4,OPTIMAL,44.313,1,0,0,0,1,0.0,0.0,0.0,44.313,120,5.0,2.0,1.0
015_RC104,15,RC,1,5,OPTIMAL,0.5369,1,0,0,0,1,0.0,0.0,0.0,0.5369,120,5.0,2.0,1.0
015_RC104,15,RC,1,6,OPTIMAL,0.4014,1,0,0,0,1,0.0,0.0,0.0,0.4014,120,5.0,2.0,1.0
015_RC104,15,RC,1,7,OPTIMAL,6.9116,1,0,0,0,1,0.0,0.0,0.0,6.9116,120,5.0,2.0,1.0
015_RC104,15,RC,1,8,OPTIMAL,4.0545,1,0,0,0,1,0.0,0.0,0.0,4.0545,120,5.0,2.0,1.0
015_RC104,15,RC,1,9,OPTIMAL,0.0007,1,0,0,0,1,0.0,0.0,0.0,0.0007,120,5.0,2.0,1.0
015_RC104,15,RC,2,0,OPTIMAL,10.7147,2,0,0,0,2,0.0,0.0,0.0,10.7147,120,5.0,2.0,1.0
015_RC104,15,RC,2,1,OPTIMAL,0.6828,2,0,0,0,2,0.0,0.0,0.0,0.6828,120,5.0,2.0,1.0
015_RC104,15,RC,2,2,OPTIMAL,39.7793,2,0,0,0,2,0.0,0.0,0.0,39.7793,120,5.0,2.0,1.0
015_RC104,15,RC,2,3,OPTIMAL,7.0238,2,0,0,0,2,0.0,0.0,0.0,7.0238,120,5.0,2.0,1.0
015_RC104,15,RC,2,4,OPTIMAL,3.9843,2,0,0,0,2,0.0,0.0,0.0,3.9843,120,5.0,2.0,1.0
015_RC104,15,RC,2,5,OPTIMAL,0.62,2,0,0,0,2,0.0,0.0,0.0,0.62,120,5.0,2.0,1.0
015_RC104,15,RC,2,6,OPTIMAL,59.3652,2,0,0,0,2,0.0,0.0,0.0,59.3652,120,5.0,2.0,1.0
015_RC104,15,RC,2,7,OPTIMAL,34.5368,2,0,0,0,2,0.0,0.0,0.0,34.5368,120,5.0,2.0,1.0
015_RC104,15,RC,2,8,OPTIMAL,98.8329,2,0,0,0,2,0.0,0.0,0.0,98.8329,120,5.0,2.0,1.0
015_RC104,15,RC,2,9,OPTIMAL,49.7675,2,0,0,0,2,0.0,0.0,0.0,49.7675,120,5.0,2.0,1.0
015_RC104,15,RC,3,0,OPTIMAL,51.5804,3,0,0,0,3,0.0,0.0,0.0,51.5804,120,5.0,2.0,1.0
015_RC104,15,RC,3,1,OPTIMAL,2.1951,3,0,0,0,3,0.0,0.0,0.0,2.1951,120,5.0,2.0,1.0
015_RC104,15,RC,3,2,OPTIMAL,40.762,3,0,0,0,3,0.0,0.0,0.0,40.762,120,5.0,2.0,1.0
015_RC104,15,RC,3,3,OPTIMAL,27.8027,3,0,0,0,3,0.0,0.0,0.0,27.8027,120,5.0,2.0,1.0
015_RC104,15,RC,3,4,OPTIMAL,6.7282,3,0,0,0,3,0.0,0.0,0.0,6.7282,120,5.0,2.0,1.0
015_RC104,15,RC,3,5,OPTIMAL,53.263,3,0,0,0,3,0.0,0.0,0.0,53.263,120,5.0,2.0,1.0
015_RC104,15,RC,3,6,OPTIMAL,13.801,3,0,0,0,3,0.0,0.0,0.0,13.801,120,5.0,2.0,1.0
015_RC104,15,RC,3,7,OPTIMAL,23.8266,3,0,0,0,3,0.0,0.0,0.0,23.8266,120,5.0,2.0,1.0
015_RC104,15,RC,3,8,OPTIMAL,420.4407,3,1,1,0,2,0.3333,415.1793,0.0,5.2614,120,5.0,2.0,1.0
015_RC104,15,RC,3,9,OPTIMAL,13.4294,3,0,0,0,3,0.0,0.0,0.0,13.4294,120,5.0,2.0,1.0
015_RC105,15,RC,1,0,OPTIMAL,12.2638,1,0,0,0,1,0.0,0.0,0.0,12.2638,120,5.0,2.0,1.0
015_RC105,15,RC,1,1,OPTIMAL,0.6209,1,0,0,0,1,0.0,0.0,0.0,0.6209,120,5.0,2.0,1.0
015_RC105,15,RC,1,2,OPTIMAL,3.5881,1,0,0,0,1,0.0,0.0,0.0,3.5881,120,5.0,2.0,1.0
015_RC105,15,RC,1,3,OPTIMAL,0.0007,1,0,0,0,1,0.0,0.0,0.0,0.0007,120,5.0,2.0,1.0
015_RC105,15,RC,1,4,OPTIMAL,1.7142,1,0,0,0,1,0.0,0.0,0.0,1.7142,120,5.0,2.0,1.0
015_RC105,15,RC,1,5,OPTIMAL,0.5369,1,0,0,0,1,0.0,0.0,0.0,0.5369,120,5.0,2.0,1.0
015_RC105,15,RC,1,6,OPTIMAL,0.4014,1,0,0,0,1,0.0,0.0,0.0,0.4014,120,5.0,2.0,1.0
015_RC105,15,RC,1,7,OPTIMAL,4.6077,1,0,0,0,1,0.0,0.0,0.0,4.6077,120,5.0,2.0,1.0
015_RC105,15,RC,1,8,OPTIMAL,4.0545,1,0,0,0,1,0.0,0.0,0.0,4.0545,120,5.0,2.0,1.0
015_RC105,15,RC,1,9,OPTIMAL,5.1117,1,0,0,0,1,0.0,0.0,0.0,5.1117,120,5.0,2.0,1.0
015_RC105,15,RC,2,0,OPTIMAL,7.4218,2,0,0,0,2,0.0,0.0,0.0,7.4218,120,5.0,2.0,1.0
015_RC105,15,RC,2,1,OPTIMAL,4.8667,2,0,0,0,2,0.0,0.0,0.0,4.8667,120,5.0,2.0,1.0
015_RC105,15,RC,2,2,OPTIMAL,0.2062,2,0,0,0,2,0.0,0.0,0.0,0.2062,120,5.0,2.0,1.0
015_RC105,15,RC,2,3,OPTIMAL,7.0238,2,0,0,0,2,0.0,0.0,0.0,7.0238,120,5.0,2.0,1.0
015_RC105,15,RC,2,4,OPTIMAL,1.471,2,0,0,0,2,0.0,0.0,0.0,1.471,120,5.0,2.0,1.0
015_RC105,15,RC,2,5,OPTIMAL,0.62,2,0,0,0,2,0.0,0.0,0.0,0.62,120,5.0,2.0,1.0
015_RC105,15,RC,2,6,OPTIMAL,65.8643,2,0,0,0,2,0.0,0.0,0.0,65.8643,120,5.0,2.0,1.0
015_RC105,15,RC,2,7,OPTIMAL,1.509,2,0,0,0,2,0.0,0.0,0.0,1.509,120,5.0,2.0,1.0
015_RC105,15,RC,2,8,OPTIMAL,48.6411,2,0,0,0,2,0.0,0.0,0.0,48.6411,120,5.0,2.0,1.0
015_RC105,15,RC,2,9,OPTIMAL,5.1346,2,0,0,0,2,0.0,0.0,0.0,5.1346,120,5.0,2.0,1.0
015_RC105,15,RC,3,0,OPTIMAL,8.5237,3,0,0,0,3,0.0,0.0,0.0,8.5237,120,5.0,2.0,1.0
015_RC105,15,RC,3,1,OPTIMAL,3.2495,3,0,0,0,3,0.0,0.0,0.0,3.2495,120,5.0,2.0,1.0
015_RC105,15,RC,3,2,OPTIMAL,10.0453,3,0,0,0,3,0.0,0.0,0.0,10.0453,120,5.0,2.0,1.0
015_RC105,15,RC,3,3,OPTIMAL,38.9491,3,0,0,0,3,0.0,0.0,0.0,38.9491,120,5.0,2.0,1.0
015_RC105,15,RC,3,4,OPTIMAL,7.2557,3,0,0,0,3,0.0,0.0,0.0,7.2557,120,5.0,2.0,1.0
015_RC105,15,RC,3,5,OPTIMAL,15.9868,3,0,0,0,3,0.0,0.0,0.0,15.9868,120,5.0,2.0,1.0
015_RC105,15,RC,3,6,OPTIMAL,10.8667,3,0,0,0,3,0.0,0.0,0.0,10.8667,120,5.0,2.0,1.0
015_RC105,15,RC,3,7,OPTIMAL,28.3013,3,0,0,0,3,0.0,0.0,0.0,28.3013,120,5.0,2.0,1.0
015_RC105,15,RC,3,8,OPTIMAL,21.9773,3,0,0,0,3,0.0,0.0,0.0,21.9773,120,5.0,2.0,1.0
015_RC105,15,RC,3,9,OPTIMAL,13.1348,3,0,0,0,3,0.0,0.0,0.0,13.1348,120,5.0,2.0,1.0
015_RC106,15,RC,1,0,OPTIMAL,12.2638,1,0,0,0,1,0.0,0.0,0.0,12.2638,120,5.0,2.0,1.0
015_RC106,15,RC,1,1,OPTIMAL,1.2418,1,0,0,0,1,0.0,0.0,0.0,1.2418,120,5.0,2.0,1.0
015_RC106,15,RC,1,2,OPTIMAL,2.4662,1,0,0,0,1,0.0,0.0,0.0,2.4662,120,5.0,2.0,1.0
015_RC106,15,RC,1,3,OPTIMAL,0.0007,1,0,0,0,1,0.0,0.0,0.0,0.0007,120,5.0,2.0,1.0
015_RC106,15,RC,1,4,OPTIMAL,1.7142,1,0,0,0,1,0.0,0.0,0.0,1.7142,120,5.0,2.0,1.0
015_RC106,15,RC,1,5,OPTIMAL,1.0738,1,0,0,0,1,0.0,0.0,0.0,1.0738,120,5.0,2.0,1.0
015_RC106,15,RC,1,6,OPTIMAL,0.8029,1,0,0,0,1,0.0,0.0,0.0,0.8029,120,5.0,2.0,1.0
015_RC106,15,RC,1,7,OPTIMAL,3.9727,1,0,0,0,1,0.0,0.0,0.0,3.9727,120,5.0,2.0,1.0
015_RC106,15,RC,1,8,OPTIMAL,8.109,1,0,0,0,1,0.0,0.0,0.0,8.109,120,5.0,2.0,1.0
015_RC106,15,RC,1,9,OPTIMAL,0.0014,1,0,0,0,1,0.0,0.0,0.0,0.0014,120,5.0,2.0,1.0
015_RC106,15,RC,2,0,OPTIMAL,9.5039,2,0,0,0,2,0.0,0.0,0.0,9.5039,120,5.0,2.0,1.0
015_RC106,15,RC,2,1,OPTIMAL,0.4374,2,0,0,0,2,0.0,0.0,0.0,0.4374,120,5.0,2.0,1.0
015_RC106,15,RC,2,2,OPTIMAL,0.3485,2,0,0,0,2,0.0,0.0,0.0,0.3485,120,5.0,2.0,1.0
015_RC106,15,RC,2,3,OPTIMAL,9.3673,2,0,0,0,2,0.0,0.0,0.0,9.3673,120,5.0,2.0,1.0
015_RC106,15,RC,2,4,OPTIMAL,0.8807,2,0,0,0,2,0.0,0.0,0.0,0.8807,120,5.0,2.0,1.0
015_RC106,15,RC,2,5,OPTIMAL,0.2118,2,0,0,0,2,0.0,0.0,0.0,0.2118,120,5.0,2.0,1.0
015_RC106,15,RC,2,6,OPTIMAL,14.2382,2,0,0,0,2,0.0,0.0,0.0,14.2382,120,5.0,2.0,1.0
015_RC106,15,RC,2,7,OPTIMAL,0.2354,2,0,0,0,2,0.0,0.0,0.0,0.2354,120,5.0,2.0,1.0
015_RC106,15,RC,2,8,OPTIMAL,46.9829,2,0,0,0,2,0.0,0.0,0.0,46.9829,120,5.0,2.0,1.0
015_RC106,15,RC,2,9,OPTIMAL,5.6252,2,0,0,0,2,0.0,0.0,0.0,5.6252,120,5.0,2.0,1.0
015_RC106,15,RC,3,0,OPTIMAL,8.5017,3,0,0,0,3,0.0,0.0,0.0,8.5017,120,5.0,2.0,1.0
015_RC106,15,RC,3,1,OPTIMAL,10.0419,3,0,0,0,3,0.0,0.0,0.0,10.0419,120,5.0,2.0,1.0
015_RC106,15,RC,3,2,OPTIMAL,7.2009,3,0,0,0,3,0.0,0.0,0.0,7.2009,120,5.0,2.0,1.0
015_RC106,15,RC,3,3,OPTIMAL,24.1287,3,0,0,0,3,0.0,0.0,0.0,24.1287,120,5.0,2.0,1.0
015_RC106,15,RC,3,4,OPTIMAL,5.3625,3,0,0,0,3,0.0,0.0,0.0,5.3625,120,5.0,2.0,1.0
015_RC106,15,RC,3,5,OPTIMAL,15.6307,3,0,0,0,3,0.0,0.0,0.0,15.6307,120,5.0,2.0,1.0
015_RC106,15,RC,3,6,OPTIMAL,1.7147,3,0,0,0,3,0.0,0.0,0.0,1.7147,120,5.0,2.0,1.0
015_RC106,15,RC,3,7,OPTIMAL,18.3158,3,0,0,0,3,0.0,0.0,0.0,18.3158,120,5.0,2.0,1.0
015_RC106,15,RC,3,8,OPTIMAL,17.3454,3,0,0,0,3,0.0,0.0,0.0,17.3454,120,5.0,2.0,1.0
015_RC106,15,RC,3,9,OPTIMAL,6.0189,3,0,0,0,3,0.0,0.0,0.0,6.0189,120,5.0,2.0,1.0
015_RC107,15,RC,1,0,OPTIMAL,16.3517,1,0,0,0,1,0.0,0.0,0.0,16.3517,120,5.0,2.0,1.0
015_RC107,15,RC,1,1,OPTIMAL,1.137,1,0,0,0,1,0.0,0.0,0.0,1.137,120,5.0,2.0,1.0
015_RC107,15,RC,1,2,OPTIMAL,0.2764,1,0,0,0,1,0.0,0.0,0.0,0.2764,120,5.0,2.0,1.0
015_RC107,15,RC,1,3,OPTIMAL,9.6692,1,0,0,0,1,0.0,0.0,0.0,9.6692,120,5.0,2.0,1.0
015_RC107,15,RC,1,4,OPTIMAL,0.0005,1,0,0,0,1,0.0,0.0,0.0,0.0005,120,5.0,2.0,1.0
015_RC107,15,RC,1,5,OPTIMAL,1.0738,1,0,0,0,1,0.0,0.0,0.0,1.0738,120,5.0,2.0,1.0
015_RC107,15,RC,1,6,OPTIMAL,0.8029,1,0,0,0,1,0.0,0.0,0.0,0.8029,120,5.0,2.0,1.0
015_RC107,15,RC,1,7,OPTIMAL,8.9701,1,0,0,0,1,0.0,0.0,0.0,8.9701,120,5.0,2.0,1.0
015_RC107,15,RC,1,8,OPTIMAL,0.2231,1,0,0,0,1,0.0,0.0,0.0,0.2231,120,5.0,2.0,1.0
015_RC107,15,RC,1,9,OPTIMAL,0.0014,1,0,0,0,1,0.0,0.0,0.0,0.0014,120,5.0,2.0,1.0
015_RC107,15,RC,2,0,OPTIMAL,6.0066,2,0,0,0,2,0.0,0.0,0.0,6.0066,120,5.0,2.0,1.0
015_RC107,15,RC,2,1,OPTIMAL,0.5881,2,0,0,0,2,0.0,0.0,0.0,0.5881,120,5.0,2.0,1.0
015_RC107,15,RC,2,2,OPTIMAL,0.3409,2,0,0,0,2,0.0,0.0,0.0,0.3409,120,5.0,2.0,1.0
015_RC107,15,RC,2,3,OPTIMAL,9.0157,2,0,0,0,2,0.0,0.0,0.0,9.0157,120,5.0,2.0,1.0
015_RC107,15,RC,2,4,OPTIMAL,5.0842,2,0,0,0,2,0.0,0.0,0.0,5.0842,120,5.0,2.0,1.0
015_RC107,15,RC,2,5,OPTIMAL,0.9763,2,0,0,0,2,0.0,0.0,0.0,0.9763,120,5.0,2.0,1.0
015_RC107,15,RC,2,6,OPTIMAL,7.6516,2,0,0,0,2,0.0,0.0,0.0,7.6516,120,5.0,2.0,1.0
015_RC107,15,RC,2,7,OPTIMAL,2.3837,2,0,0,0,2,0.0,0.0,0.0,2.3837,120,5.0,2.0,1.0
015_RC107,15,RC,2,8,OPTIMAL,408.8752,2,1,1,0,1,0.5,408.7584,0.0,0.1168,120,5.0,2.0,1.0
015_RC107,15,RC,2,9,OPTIMAL,3.3505,2,0,0,0,2,0.0,0.0,0.0,3.3505,120,5.0,2.0,1.0
015_RC107,15,RC,3,0,OPTIMAL,9.6246,3,0,0,0,3,0.0,0.0,0.0,9.6246,120,5.0,2.0,1.0
015_RC107,15,RC,3,1,OPTIMAL,39.1022,3,0,0,0,3,0.0,0.0,0.0,39.1022,120,5.0,2.0,1.0
015_RC107,15,RC,3,2,OPTIMAL,3.6867,3,0,0,0,3,0.0,0.0,0.0,3.6867,120,5.0,2.0,1.0
015_RC107,15,RC,3,3,OPTIMAL,17.3651,3,0,0,0,3,0.0,0.0,0.0,17.3651,120,5.0,2.0,1.0
015_RC107,15,RC,3,4,OPTIMAL,11.4778,3,0,0,0,3,0.0,0.0,0.0,11.4778,120,5.0,2.0,1.0
015_RC107,15,RC,3,5,OPTIMAL,15.5574,3,0,0,0,3,0.0,0.0,0.0,15.5574,120,5.0,2.0,1.0
015_RC107,15,RC,3,6,OPTIMAL,0.3208,3,0,0,0,3,0.0,0.0,0.0,0.3208,120,5.0,2.0,1.0
015_RC107,15,RC,3,7,OPTIMAL,17.0532,3,0,0,0,3,0.0,0.0,0.0,17.0532,120,5.0,2.0,1.0
015_RC107,15,RC,3,8,OPTIMAL,28.9681,3,0,0,0,3,0.0,0.0,0.0,28.9681,120,5.0,2.0,1.0
015_RC107,15,RC,3,9,OPTIMAL,50.7034,3,0,0,0,3,0.0,0.0,0.0,50.7034,120,5.0,2.0,1.0
015_RC108,15,RC,1,0,OPTIMAL,9.9233,1,0,0,0,1,0.0,0.0,0.0,9.9233,120,5.0,2.0,1.0
015_RC108,15,RC,1,1,OPTIMAL,1.137,1,0,0,0,1,0.0,0.0,0.0,1.137,120,5.0,2.0,1.0
015_RC108,15,RC,1,2,OPTIMAL,7.2327,1,0,0,0,1,0.0,0.0,0.0,7.2327,120,5.0,2.0,1.0
015_RC108,15,RC,1,3,OPTIMAL,9.6692,1,0,0,0,1,0.0,0.0,0.0,9.6692,120,5.0,2.0,1.0
015_RC108,15,RC,1,4,OPTIMAL,0.2657,1,0,0,0,1,0.0,0.0,0.0,0.2657,120,5.0,2.0,1.0
015_RC108,15,RC,1,5,OPTIMAL,2.5881,1,0,0,0,1,0.0,0.0,0.0,2.5881,120,5.0,2.0,1.0
015_RC108,15,RC,1,6,OPTIMAL,1.971,1,0,0,0,1,0.0,0.0,0.0,1.971,120,5.0,2.0,1.0
015_RC108,15,RC,1,7,OPTIMAL,3.9727,1,0,0,0,1,0.0,0.0,0.0,3.9727,120,5.0,2.0,1.0
015_RC108,15,RC,1,8,OPTIMAL,0.1487,1,0,0,0,1,0.0,0.0,0.0,0.1487,120,5.0,2.0,1.0
015_RC108,15,RC,1,9,OPTIMAL,0.0021,1,0,0,0,1,0.0,0.0,0.0,0.0021,120,5.0,2.0,1.0
015_RC108,15,RC,2,0,OPTIMAL,4.6403,2,0,0,0,2,0.0,0.0,0.0,4.6403,120,5.0,2.0,1.0
015_RC108,15,RC,2,1,OPTIMAL,0.9512,2,0,0,0,2,0.0,0.0,0.0,0.9512,120,5.0,2.0,1.0
015_RC108,15,RC,2,2,OPTIMAL,0.6945,2,0,0,0,2,0.0,0.0,0.0,0.6945,120,5.0,2.0,1.0
015_RC108,15,RC,2,3,OPTIMAL,8.9622,2,0,0,0,2,0.0,0.0,0.0,8.9622,120,5.0,2.0,1.0
015_RC108,15,RC,2,4,OPTIMAL,2.7873,2,0,0,0,2,0.0,0.0,0.0,2.7873,120,5.0,2.0,1.0
015_RC108,15,RC,2,5,OPTIMAL,1.9941,2,0,0,0,2,0.0,0.0,0.0,1.9941,120,5.0,2.0,1.0
015_RC108,15,RC,2,6,OPTIMAL,16.5319,2,0,0,0,2,0.0,0.0,0.0,16.5319,120,5.0,2.0,1.0
015_RC108,15,RC,2,7,OPTIMAL,6.3378,2,0,0,0,2,0.0,0.0,0.0,6.3378,120,5.0,2.0,1.0
015_RC108,15,RC,2,8,OPTIMAL,409.1839,2,1,1,0,1,0.5,408.7584,0.0,0.4255,120,5.0,2.0,1.0
015_RC108,15,RC,2,9,OPTIMAL,9.0281,2,0,0,0,2,0.0,0.0,0.0,9.0281,120,5.0,2.0,1.0
015_RC108,15,RC,3,0,OPTIMAL,11.0085,3,0,0,0,3,0.0,0.0,0.0,11.0085,120,5.0,2.0,1.0
015_RC108,15,RC,3,1,OPTIMAL,651.8053,3,2,2,0,1,0.6667,651.6212,0.0,0.1841,120,5.0,2.0,1.0
015_RC108,15,RC,3,2,OPTIMAL,11.8034,3,0,0,0,3,0.0,0.0,0.0,11.8034,120,5.0,2.0,1.0
015_RC108,15,RC,3,3,OPTIMAL,24.1858,3,0,0,0,3,0.0,0.0,0.0,24.1858,120,5.0,2.0,1.0
015_RC108,15,RC,3,4,OPTIMAL,10.6166,3,0,0,0,3,0.0,0.0,0.0,10.6166,120,5.0,2.0,1.0
015_RC108,15,RC,3,5,OPTIMAL,31.3479,3,0,0,0,3,0.0,0.0,0.0,31.3479,120,5.0,2.0,1.0
015_RC108,15,RC,3,6,OPTIMAL,2.0663,3,0,0,0,3,0.0,0.0,0.0,2.0663,120,5.0,2.0,1.0
015_RC108,15,RC,3,7,OPTIMAL,35.3587,3,0,0,0,3,0.0,0.0,0.0,35.3587,120,5.0,2.0,1.0
015_RC108,15,RC,3,8,OPTIMAL,140.6533,3,0,0,0,3,0.0,0.0,0.0,140.6533,120,5.0,2.0,1.0
015_RC108,15,RC,3,9,OPTIMAL,329.0575,3,1,1,0,2,0.3333,323.5201,0.0,5.5374,120,5.0,2.0,1.0
015_RC201,15,RC,1,0,OPTIMAL,457.8178,1,1,1,0,0,1.0,457.8178,0.0,0.0,120,5.0,2.0,1.0
015_RC201,15,RC,1,1,OPTIMAL,0.6209,1,0,0,0,1,0.0,0.0,0.0,0.6209,120,5.0,2.0,1.0
015_RC201,15,RC,1,2,OPTIMAL,42.4068,1,0,0,0,1,0.0,0.0,0.0,42.4068,120,5.0,2.0,1.0
015_RC201,15,RC,1,3,OPTIMAL,0.0007,1,0,0,0,1,0.0,0.0,0.0,0.0007,120,5.0,2.0,1.0
015_RC201,15,RC,1,4,OPTIMAL,5.455,1,0,0,0,1,0.0,0.0,0.0,5.455,120,5.0,2.0,1.0
015_RC201,15,RC,1,5,OPTIMAL,0.5369,1,0,0,0,1,0.0,0.0,0.0,0.5369,120,5.0,2.0,1.0
015_RC201,15,RC,1,6,OPTIMAL,309.0839,1,1,1,0,0,1.0,309.0839,0.0,0.0,120,5.0,2.0,1.0
015_RC201,15,RC,1,7,OPTIMAL,56.8272,1,0,0,0,1,0.0,0.0,0.0,56.8272,120,5.0,2.0,1.0
015_RC201,15,RC,1,8,OPTIMAL,314.3979,1,1,1,0,0,1.0,314.3979,0.0,0.0,120,5.0,2.0,1.0
015_RC201,15,RC,1,9,OPTIMAL,0.9657,1,0,0,0,1,0.0,0.0,0.0,0.9657,120,5.0,2.0,1.0
015_RC201,15,RC,2,0,OPTIMAL,51.6017,2,0,0,0,2,0.0,0.0,0.0,51.6017,120,5.0,2.0,1.0
015_RC201,15,RC,2,1,OPTIMAL,433.145,2,1,1,0,1,0.5,432.127,0.0,1.018,120,5.0,2.0,1.0
015_RC201,15,RC,2,2,OPTIMAL,352.2482,2,1,1,0,1,0.5,352.1059,0.0,0.1423,120,5.0,2.0,1.0
015_RC201,15,RC,2,3,OPTIMAL,40.5825,2,0,0,0,2,0.0,0.0,0.0,40.5825,120,5.0,2.0,1.0
015_RC201,15,RC,2,4,OPTIMAL,407.261,2,1,0,1,1,0.5,372.6763,0.0,34.5847,120,5.0,2.0,1.0
015_RC201,15,RC,2,5,OPTIMAL,315.5906,2,1,1,0,1,0.5,315.5862,0.0,0.0044,120,5.0,2.0,1.0
015_RC201,15,RC,2,6,OPTIMAL,510.4482,2,1,1,0,1,0.5,461.3621,0.0,49.0861,120,5.0,2.0,1.0
015_RC201,15,RC,2,7,OPTIMAL,661.2064,2,2,2,0,0,1.0,661.2064,0.0,0.0,120,5.0,2.0,1.0
015_RC201,15,RC,2,8,OPTIMAL,409.1839,2,1,1,0,1,0.5,408.7584,0.0,0.4255,120,5.0,2.0,1.0
015_RC201,15,RC,2,9,OPTIMAL,70.4031,2,0,0,0,2,0.0,0.0,0.0,70.4031,120,5.0,2.0,1.0
015_RC201,15,RC,3,0,OPTIMAL,779.6898,3,2,2,0,1,0.6667,778.4512,0.0,1.2386,120,5.0,2.0,1.0
015_RC201,15,RC,3,1,OPTIMAL,654.6039,3,2,2,0,1,0.6667,651.6212,0.0,2.9827,120,5.0,2.0,1.0
015_RC201,15,RC,3,2,OPTIMAL,361.6911,3,1,1,0,2,0.3333,351.3843,0.0,10.3068,120,5.0,2.0,1.0
015_RC201,15,RC,3,3,OPTIMAL,14.5142,3,0,0,0,3,0.0,0.0,0.0,14.5142,120,5.0,2.0,1.0
015_RC201,15,RC,3,4,OPTIMAL,47.4192,3,0,0,0,3,0.0,0.0,0.0,47.4192,120,5.0,2.0,1.0
015_RC201,15,RC,3,5,OPTIMAL,801.312,3,2,2,0,1,0.6667,799.025,0.0,2.287,120,5.0,2.0,1.0
015_RC201,15,RC,3,6,OPTIMAL,78.7364,3,0,0,0,3,0.0,0.0,0.0,78.7364,120,5.0,2.0,1.0
015_RC201,15,RC,3,7,OPTIMAL,1179.2728,3,3,3,0,0,1.0,1179.2728,0.0,0.0,120,5.0,2.0,1.0
015_RC201,15,RC,3,8,OPTIMAL,430.1253,3,1,1,0,2,0.3333,415.1793,0.0,14.946,120,5.0,2.0,1.0
015_RC201,15,RC,3,9,OPTIMAL,333.0249,3,1,1,0,2,0.3333,323.5201,0.0,9.5048,120,5.0,2.0,1.0
015_RC202,15,RC,1,0,OPTIMAL,457.8178,1,1,1,0,0,1.0,457.8178,0.0,0.0,120,5.0,2.0,1.0
015_RC202,15,RC,1,1,OPTIMAL,30.8957,1,0,0,0,1,0.0,0.0,0.0,30.8957,120,5.0,2.0,1.0
015_RC202,15,RC,1,2,OPTIMAL,42.4068,1,0,0,0,1,0.0,0.0,0.0,42.4068,120,5.0,2.0,1.0
015_RC202,15,RC,1,3,OPTIMAL,360.6419,1,1,0,1,0,1.0,360.6419,0.0,0.0,120,5.0,2.0,1.0
015_RC202,15,RC,1,4,OPTIMAL,5.455,1,0,0,0,1,0.0,0.0,0.0,5.455,120,5.0,2.0,1.0
015_RC202,15,RC,1,5,OPTIMAL,347.0119,1,1,0,1,0,1.0,347.0119,0.0,0.0,120,5.0,2.0,1.0
015_RC202,15,RC,1,6,OPTIMAL,309.0839,1,1,1,0,0,1.0,309.0839,0.0,0.0,120,5.0,2.0,1.0
015_RC202,15,RC,1,7,OPTIMAL,56.8272,1,0,0,0,1,0.0,0.0,0.0,56.8272,120,5.0,2.0,1.0
015_RC202,15,RC,1,8,OPTIMAL,27.7227,1,0,0,0,1,0.0,0.0,0.0,27.7227,120,5.0,2.0,1.0
015_RC202,15,RC,1,9,OPTIMAL,313.437,1,1,1,0,0,1.0,313.437,0.0,0.0,120,5.0,2.0,1.0
015_RC202,15,RC,2,0,OPTIMAL,338.1538,2,1,1,0,1,0.5,327.4285,0.0,10.7253,120,5.0,2.0,1.0
015_RC202,15,RC,2,1,OPTIMAL,715.0049,2,2,2,0,0,1.0,715.0049,0.0,0.0,120,5.0,2.0,1.0
015_RC202,15,RC,2,2,OPTIMAL,674.5819,2,2,1,1,0,1.0,674.5819,0.0,0.0,120,5.0,2.0,1.0
015_RC202,15,RC,2,3,OPTIMAL,392.8234,2,1,0,1,1,0.5,352.4474,0.0,40.376,120,5.0,2.0,1.0
015_RC202,15,RC,2,4,OPTIMAL,407.261,2,1,0,1,1,0.5,372.6763,0.0,34.5847,120,5.0,2.0,1.0
015_RC202,15,RC,2,5,OPTIMAL,641.6191,2,2,1,1,0,1.0,641.6191,0.0,0.0,120,5.0,2.0,1.0
015_RC202,15,RC,2,6,OPTIMAL,510.4482,2,1,1,0,1,0.5,461.3621,0.0,49.0861,120,5.0,2.0,1.0
015_RC202,15,RC,2,7,OPTIMAL,661.2064,2,2,2,0,0,1.0,661.2064,0.0,0.0,120,5.0,2.0,1.0
015_RC202,15,RC,2,8,OPTIMAL,800.6731,2,2,2,0,0,1.0,800.6731,0.0,0.0,120,5.0,2.0,1.0
015_RC202,15,RC,2,9,OPTIMAL,393.7629,2,1,1,0,1,0.5,378.1232,0.0,15.6397,120,5.0,2.0,1.0
015_RC202,15,RC,3,0,OPTIMAL,779.6898,3,2,2,0,1,0.6667,778.4512,0.0,1.2386,120,5.0,2.0,1.0
015_RC202,15,RC,3,1,OPTIMAL,654.6039,3,2,2,0,1,0.6667,651.6212,0.0,2.9827,120,5.0,2.0,1.0
015_RC202,15,RC,3,2,OPTIMAL,1034.4389,3,3,2,1,0,1.0,1034.4389,0.0,0.0,120,5.0,2.0,1.0
015_RC202,15,RC,3,3,OPTIMAL,765.7771,3,2,2,0,1,0.6667,758.2673,0.0,7.5098,120,5.0,2.0,1.0
015_RC202,15,RC,3,4,OPTIMAL,354.2139,3,1,1,0,2,0.3333,346.5572,0.0,7.6567,120,5.0,2.0,1.0
015_RC202,15,RC,3,5,OPTIMAL,831.4093,3,2,2,0,1,0.6667,799.025,0.0,32.3843,120,5.0,2.0,1.0
015_RC202,15,RC,3,6,OPTIMAL,723.3713,3,2,1,1,1,0.6667,680.6915,0.0,42.6798,120,5.0,2.0,1.0
015_RC202,15,RC,3,7,OPTIMAL,744.8334,3,2,2,0,1,0.6667,741.1983,0.0,3.6351,120,5.0,2.0,1.0
015_RC202,15,RC,3,8,OPTIMAL,435.878,3,1,1,0,2,0.3333,415.1793,0.0,20.6987,120,5.0,2.0,1.0
015_RC202,15,RC,3,9,OPTIMAL,782.6011,3,2,1,1,1,0.6667,742.6099,0.0,39.9912,120,5.0,2.0,1.0
015_RC203,15,RC,1,0,OPTIMAL,457.8178,1,1,1,0,0,1.0,457.8178,0.0,0.0,120,5.0,2.0,1.0
015_RC203,15,RC,1,1,OPTIMAL,0.6209,1,0,0,0,1,0.0,0.0,0.0,0.6209,120,5.0,2.0,1.0
015_RC203,15,RC,1,2,OPTIMAL,348.17,1,1,1,0,0,1.0,348.17,0.0,0.0,120,5.0,2.0,1.0
015_RC203,15,RC,1,3,OPTIMAL,360.6419,1,1,0,1,0,1.0,360.6419,0.0,0.0,120,5.0,2.0,1.0
015_RC203,15,RC,1,4,OPTIMAL,376.7959,1,1,1,0,0,1.0,376.7959,0.0,0.0,120,5.0,2.0,1.0
015_RC203,15,RC,1,5,OPTIMAL,347.0119,1,1,0,1,0,1.0,347.0119,0.0,0.0,120,5.0,2.0,1.0
015_RC203,15,RC,1,6,OPTIMAL,309.0839,1,1,1,0,0,1.0,309.0839,0.0,0.0,120,5.0,2.0,1.0
015_RC203,15,RC,1,7,OPTIMAL,56.8272,1,0,0,0,1,0.0,0.0,0.0,56.8272,120,5.0,2.0,1.0
015_RC203,15,RC,1,8,OPTIMAL,60.6894,1,0,0,0,1,0.0,0.0,0.0,60.6894,120,5.0,2.0,1.0
015_RC203,15,RC,1,9,OPTIMAL,313.437,1,1,1,0,0,1.0,313.437,0.0,0.0,120,5.0,2.0,1.0
015_RC203,15,RC,2,0,OPTIMAL,775.0902,2,2,2,0,0,1.0,775.0902,0.0,0.0,120,5.0,2.0,1.0
015_RC203,15,RC,2,1,OPTIMAL,715.0049,2,2,2,0,0,1.0,715.0049,0.0,0.0,120,5.0,2.0,1.0
015_RC203,15,RC,2,2,OPTIMAL,674.5819,2,2,1,1,0,1.0,674.5819,0.0,0.0,120,5.0,2.0,1.0
015_RC203,15,RC,2,3,OPTIMAL,719.4684,2,2,1,1,0,1.0,719.4684,0.0,0.0,120,5.0,2.0,1.0
015_RC203,15,RC,2,4,OPTIMAL,700.9685,2,2,2,0,0,1.0,700.9685,0.0,0.0,120,5.0,2.0,1.0
015_RC203,15,RC,2,5,OPTIMAL,641.6191,2,2,1,1,0,1.0,641.6191,0.0,0.0,120,5.0,2.0,1.0
015_RC203,15,RC,2,6,OPTIMAL,510.4482,2,1,1,0,1,0.5,461.3621,0.0,49.0861,120,5.0,2.0,1.0
015_RC203,15,RC,2,7,OPTIMAL,661.2064,2,2,2,0,0,1.0,661.2064,0.0,0.0,120,5.0,2.0,1.0
015_RC203,15,RC,2,8,OPTIMAL,800.6731,2,2,2,0,0,1.0,800.6731,0.0,0.0,120,5.0,2.0,1.0
015_RC203,15,RC,2,9,OPTIMAL,432.5485,2,1,1,0,1,0.5,378.1232,0.0,54.4253,120,5.0,2.0,1.0
015_RC203,15,RC,3,0,OPTIMAL,779.6898,3,2,2,0,1,0.6667,778.4512,0.0,1.2386,120,5.0,2.0,1.0
015_RC203,15,RC,3,1,OPTIMAL,1086.8313,3,3,2,1,0,1.0,1086.8313,0.0,0.0,120,5.0,2.0,1.0
015_RC203,15,RC,3,2,OPTIMAL,1034.4389,3,3,2,1,0,1.0,1034.4389,0.0,0.0,120,5.0,2.0,1.0
015_RC203,15,RC,3,3,OPTIMAL,1009.0048,3,2,2,0,1,0.6667,857.8558,0.0,151.149,120,5.0,2.0,1.0
015_RC203,15,RC,3,4,OPTIMAL,355.5798,3,1,1,0,2,0.3333,346.5572,0.0,9.0226,120,5.0,2.0,1.0
015_RC203,15,RC,3,5,OPTIMAL,801.312,3,2,2,0,1,0.6667,799.025,0.0,2.287,120,5.0,2.0,1.0
015_RC203,15,RC,3,6,OPTIMAL,723.3713,3,2,1,1,1,0.6667,680.6915,0.0,42.6798,120,5.0,2.0,1.0
015_RC203,15,RC,3,7,OPTIMAL,741.5776,3,2,2,0,1,0.6667,741.1983,0.0,0.3793,120,5.0,2.0,1.0
015_RC203,15,RC,3,8,OPTIMAL,430.3044,3,1,1,0,2,0.3333,415.1793,0.0,15.1251,120,5.0,2.0,1.0
015_RC203,15,RC,3,9,OPTIMAL,782.6011,3,2,1,1,1,0.6667,742.6099,0.0,39.9912,120,5.0,2.0,1.0
015_RC204,15,RC,1,0,OPTIMAL,457.8178,1,1,1,0,0,1.0,457.8178,0.0,0.0,120,5.0,2.0,1.0
015_RC204,15,RC,1,1,OPTIMAL,0.6209,1,0,0,0,1,0.0,0.0,0.0,0.6209,120,5.0,2.0,1.0
015_RC204,15,RC,1,2,OPTIMAL,348.17,1,1,1,0,0,1.0,348.17,0.0,0.0,120,5.0,2.0,1.0
015_RC204,15,RC,1,3,OPTIMAL,360.6419,1,1,0,1,0,1.0,360.6419,0.0,0.0,120,5.0,2.0,1.0
015_RC204,15,RC,1,4,OPTIMAL,376.7959,1,1,1,0,0,1.0,376.7959,0.0,0.0,120,5.0,2.0,1.0
015_RC204,15,RC,1,5,OPTIMAL,347.0119,1,1,0,1,0,1.0,347.0119,0.0,0.0,120,5.0,2.0,1.0
015_RC204,15,RC,1,6,OPTIMAL,309.0839,1,1,1,0,0,1.0,309.0839,0.0,0.0,120,5.0,2.0,1.0
015_RC204,15,RC,1,7,OPTIMAL,56.8272,1,0,0,0,1,0.0,0.0,0.0,56.8272,120,5.0,2.0,1.0
015_RC204,15,RC,1,8,OPTIMAL,18.9044,1,0,0,0,1,0.0,0.0,0.0,18.9044,120,5.0,2.0,1.0
015_RC204,15,RC,1,9,OPTIMAL,313.437,1,1,1,0,0,1.0,313.437,0.0,0.0,120,5.0,2.0,1.0
015_RC204,15,RC,2,0,OPTIMAL,775.0902,2,2,2,0,0,1.0,775.0902,0.0,0.0,120,5.0,2.0,1.0
015_RC204,15,RC,2,1,OPTIMAL,715.0049,2,2,2,0,0,1.0,715.0049,0.0,0.0,120,5.0,2.0,1.0
015_RC204,15,RC,2,2,OPTIMAL,674.5819,2,2,1,1,0,1.0,674.5819,0.0,0.0,120,5.0,2.0,1.0
015_RC204,15,RC,2,3,OPTIMAL,719.4684,2,2,1,1,0,1.0,719.4684,0.0,0.0,120,5.0,2.0,1.0
015_RC204,15,RC,2,4,OPTIMAL,700.9685,2,2,2,0,0,1.0,700.9685,0.0,0.0,120,5.0,2.0,1.0
015_RC204,15,RC,2,5,OPTIMAL,641.6191,2,2,1,1,0,1.0,641.6191,0.0,0.0,120,5.0,2.0,1.0
015_RC204,15,RC,2,6,OPTIMAL,818.9187,2,2,2,0,0,1.0,818.9187,0.0,0.0,120,5.0,2.0,1.0
015_RC204,15,RC,2,7,OPTIMAL,661.2064,2,2,2,0,0,1.0,661.2064,0.0,0.0,120,5.0,2.0,1.0
015_RC204,15,RC,2,8,OPTIMAL,800.6731,2,2,2,0,0,1.0,800.6731,0.0,0.0,120,5.0,2.0,1.0
015_RC204,15,RC,2,9,OPTIMAL,803.5811,2,2,2,0,0,1.0,803.5811,0.0,0.0,120,5.0,2.0,1.0
015_RC204,15,RC,3,0,OPTIMAL,779.6898,3,2,2,0,1,0.6667,778.4512,0.0,1.2386,120,5.0,2.0,1.0
015_RC204,15,RC,3,1,OPTIMAL,1086.8313,3,3,3,0,0,1.0,1086.8313,0.0,0.0,120,5.0,2.0,1.0
015_RC204,15,RC,3,2,OPTIMAL,1034.4389,3,3,2,1,0,1.0,1034.4389,0.0,0.0,120,5.0,2.0,1.0
015_RC204,15,RC,3,3,OPTIMAL,923.294,3,2,2,0,1,0.6667,857.8558,0.0,65.4382,120,5.0,2.0,1.0
015_RC204,15,RC,3,4,OPTIMAL,356.4916,3,1,1,0,2,0.3333,346.5572,0.0,9.9344,120,5.0,2.0,1.0
015_RC204,15,RC,3,5,OPTIMAL,801.312,3,2,2,0,1,0.6667,799.025,0.0,2.287,120,5.0,2.0,1.0
015_RC204,15,RC,3,6,OPTIMAL,723.3713,3,2,1,1,1,0.6667,680.6915,0.0,42.6798,120,5.0,2.0,1.0
015_RC204,15,RC,3,7,OPTIMAL,748.36,3,2,2,0,1,0.6667,741.1983,0.0,7.1617,120,5.0,2.0,1.0
015_RC204,15,RC,3,8,OPTIMAL,791.8491,3,2,2,0,1,0.6667,790.7008,0.0,1.1483,120,5.0,2.0,1.0
015_RC204,15,RC,3,9,OPTIMAL,782.6011,3,2,1,1,1,0.6667,742.6099,0.0,39.9912,120,5.0,2.0,1.0
015_RC205,15,RC,1,0,OPTIMAL,457.8178,1,1,1,0,0,1.0,457.8178,0.0,0.0,120,5.0,2.0,1.0
015_RC205,15,RC,1,1,OPTIMAL,299.8379,1,1,1,0,0,1.0,299.8379,0.0,0.0,120,5.0,2.0,1.0
015_RC205,15,RC,1,2,OPTIMAL,348.17,1,1,1,0,0,1.0,348.17,0.0,0.0,120,5.0,2.0,1.0
015_RC205,15,RC,1,3,OPTIMAL,360.6419,1,1,1,0,0,1.0,360.6419,0.0,0.0,120,5.0,2.0,1.0
015_RC205,15,RC,1,4,OPTIMAL,5.455,1,0,0,0,1,0.0,0.0,0.0,5.455,120,5.0,2.0,1.0
015_RC205,15,RC,1,5,OPTIMAL,0.5369,1,0,0,0,1,0.0,0.0,0.0,0.5369,120,5.0,2.0,1.0
015_RC205,15,RC,1,6,OPTIMAL,309.0839,1,1,1,0,0,1.0,309.0839,0.0,0.0,120,5.0,2.0,1.0
015_RC205,15,RC,1,7,OPTIMAL,406.956,1,1,1,0,0,1.0,406.956,0.0,0.0,120,5.0,2.0,1.0
015_RC205,15,RC,1,8,OPTIMAL,9.4522,1,0,0,0,1,0.0,0.0,0.0,9.4522,120,5.0,2.0,1.0
015_RC205,15,RC,1,9,OPTIMAL,313.437,1,1,1,0,0,1.0,313.437,0.0,0.0,120,5.0,2.0,1.0
015_RC205,15,RC,2,0,OPTIMAL,329.2709,2,1,1,0,1,0.5,327.4285,0.0,1.8423,120,5.0,2.0,1.0
015_RC205,15,RC,2,1,OPTIMAL,8.6231,2,0,0,0,2,0.0,0.0,0.0,8.6231,120,5.0,2.0,1.0
015_RC205,15,RC,2,2,OPTIMAL,362.1131,2,1,1,0,1,0.5,322.4761,0.0,39.637,120,5.0,2.0,1.0
015_RC205,15,RC,2,3,OPTIMAL,367.2276,2,1,1,0,1,0.5,367.0211,0.0,0.2065,120,5.0,2.0,1.0
015_RC205,15,RC,2,4,OPTIMAL,329.1689,2,1,1,0,1,0.5,328.2922,0.0,0.8767,120,5.0,2.0,1.0
015_RC205,15,RC,2,5,OPTIMAL,39.5969,2,0,0,0,2,0.0,0.0,0.0,39.5969,120,5.0,2.0,1.0
015_RC205,15,RC,2,6,OPTIMAL,72.0603,2,0,0,0,2,0.0,0.0,0.0,72.0603,120,5.0,2.0,1.0
015_RC205,15,RC,2,7,OPTIMAL,336.6334,2,1,0,1,1,0.5,336.4677,0.0,0.1657,120,5.0,2.0,1.0
015_RC205,15,RC,2,8,OPTIMAL,413.3215,2,1,1,0,1,0.5,408.7584,0.0,4.5631,120,5.0,2.0,1.0
015_RC205,15,RC,2,9,OPTIMAL,56.1829,2,0,0,0,2,0.0,0.0,0.0,56.1829,120,5.0,2.0,1.0
015_RC205,15,RC,3,0,OPTIMAL,674.399,3,2,2,0,1,0.6667,669.9363,0.0,4.4627,120,5.0,2.0,1.0
015_RC205,15,RC,3,1,OPTIMAL,1086.8313,3,3,3,0,0,1.0,1086.8313,0.0,0.0,120,5.0,2.0,1.0
015_RC205,15,RC,3,2,OPTIMAL,10.5987,3,0,0,0,3,0.0,0.0,0.0,10.5987,120,5.0,2.0,1.0
015_RC205,15,RC,3,3,OPTIMAL,765.7771,3,2,2,0,1,0.6667,758.2673,0.0,7.5098,120,5.0,2.0,1.0
015_RC205,15,RC,3,4,OPTIMAL,39.1578,3,0,0,0,3,0.0,0.0,0.0,39.1578,120,5.0,2.0,1.0
015_RC205,15,RC,3,5,OPTIMAL,429.7243,3,1,1,0,2,0.3333,426.7631,0.0,2.9612,120,5.0,2.0,1.0
015_RC205,15,RC,3,6,OPTIMAL,511.4911,3,1,1,0,2,0.3333,357.4466,0.0,154.0445,120,5.0,2.0,1.0
015_RC205,15,RC,3,7,OPTIMAL,744.8334,3,2,0,2,1,0.6667,741.1983,0.0,3.6351,120,5.0,2.0,1.0
015_RC205,15,RC,3,8,OPTIMAL,430.1253,3,1,1,0,2,0.3333,415.1793,0.0,14.946,120,5.0,2.0,1.0
015_RC205,15,RC,3,9,OPTIMAL,336.0425,3,1,1,0,2,0.3333,323.5201,0.0,12.5224,120,5.0,2.0,1.0
015_RC206,15,RC,1,0,OPTIMAL,457.8178,1,1,1,0,0,1.0,457.8178,0.0,0.0,120,5.0,2.0,1.0
015_RC206,15,RC,1,1,OPTIMAL,0.6209,1,0,0,0,1,0.0,0.0,0.0,0.6209,120,5.0,2.0,1.0
015_RC206,15,RC,1,2,OPTIMAL,8.7657,1,0,0,0,1,0.0,0.0,0.0,8.7657,120,5.0,2.0,1.0
015_RC206,15,RC,1,3,OPTIMAL,360.6419,1,1,0,1,0,1.0,360.6419,0.0,0.0,120,5.0,2.0,1.0
015_RC206,15,RC,1,4,OPTIMAL,5.455,1,0,0,0,1,0.0,0.0,0.0,5.455,120,5.0,2.0,1.0
015_RC206,15,RC,1,5,OPTIMAL,347.0119,1,1,0,1,0,1.0,347.0119,0.0,0.0,120,5.0,2.0,1.0
015_RC206,15,RC,1,6,OPTIMAL,309.0839,1,1,0,1,0,1.0,309.0839,0.0,0.0,120,5.0,2.0,1.0
015_RC206,15,RC,1,7,OPTIMAL,406.956,1,1,1,0,0,1.0,406.956,0.0,0.0,120,5.0,2.0,1.0
015_RC206,15,RC,1,8,OPTIMAL,53.2156,1,0,0,0,1,0.0,0.0,0.0,53.2156,120,5.0,2.0,1.0
015_RC206,15,RC,1,9,OPTIMAL,37.8816,1,0,0,0,1,0.0,0.0,0.0,37.8816,120,5.0,2.0,1.0
015_RC206,15,RC,2,0,OPTIMAL,3.9245,2,0,0,0,2,0.0,0.0,0.0,3.9245,120,5.0,2.0,1.0
015_RC206,15,RC,2,1,OPTIMAL,2.312,2,0,0,0,2,0.0,0.0,0.0,2.312,120,5.0,2.0,1.0
015_RC206,15,RC,2,2,OPTIMAL,674.5819,2,2,1,1,0,1.0,674.5819,0.0,0.0,120,5.0,2.0,1.0
015_RC206,15,RC,2,3,OPTIMAL,359.2646,2,1,1,0,1,0.5,352.4474,0.0,6.8172,120,5.0,2.0,1.0
015_RC206,15,RC,2,4,OPTIMAL,373.7866,2,1,1,0,1,0.5,372.6763,0.0,1.1103,120,5.0,2.0,1.0
015_RC206,15,RC,2,5,OPTIMAL,328.1203,2,1,0,1,1,0.5,326.0329,0.0,2.0874,120,5.0,2.0,1.0
015_RC206,15,RC,2,6,OPTIMAL,380.5307,2,1,1,0,1,0.5,357.5566,0.0,22.9741,120,5.0,2.0,1.0
015_RC206,15,RC,2,7,OPTIMAL,6.1721,2,0,0,0,2,0.0,0.0,0.0,6.1721,120,5.0,2.0,1.0
015_RC206,15,RC,2,8,OPTIMAL,409.1839,2,1,1,0,1,0.5,408.7584,0.0,0.4255,120,5.0,2.0,1.0
015_RC206,15,RC,2,9,OPTIMAL,803.5811,2,2,2,0,0,1.0,803.5811,0.0,0.0,120,5.0,2.0,1.0
015_RC206,15,RC,3,0,OPTIMAL,779.6898,3,2,2,0,1,0.6667,778.4512,0.0,1.2386,120,5.0,2.0,1.0
015_RC206,15,RC,3,1,OPTIMAL,668.6707,3,2,2,0,1,0.6667,651.6212,0.0,17.0494,120,5.0,2.0,1.0
015_RC206,15,RC,3,2,OPTIMAL,688.114,3,2,1,1,1,0.6667,683.0546,0.0,5.0594,120,5.0,2.0,1.0
015_RC206,15,RC,3,3,OPTIMAL,101.352,3,0,0,0,3,0.0,0.0,0.0,101.352,120,5.0,2.0,1.0
015_RC206,15,RC,3,4,OPTIMAL,357.8319,3,1,1,0,2,0.3333,346.5572,0.0,11.2746,120,5.0,2.0,1.0
015_RC206,15,RC,3,5,OPTIMAL,1089.9198,3,3,3,0,0,1.0,1089.9198,0.0,0.0,120,5.0,2.0,1.0
015_RC206,15,RC,3,6,OPTIMAL,440.0631,3,1,0,1,2,0.3333,323.2449,0.0,116.8182,120,5.0,2.0,1.0
015_RC206,15,RC,3,7,OPTIMAL,461.8541,3,1,1,0,2,0.3333,438.0745,0.0,23.7796,120,5.0,2.0,1.0
015_RC206,15,RC,3,8,OPTIMAL,458.1277,3,1,1,0,2,0.3333,415.1793,0.0,42.9484,120,5.0,2.0,1.0
015_RC206,15,RC,3,9,OPTIMAL,742.6169,3,2,2,0,1,0.6667,742.6099,0.0,0.007,120,5.0,2.0,1.0
015_RC207,15,RC,1,0,OPTIMAL,457.8178,1,1,1,0,0,1.0,457.8178,0.0,0.0,120,5.0,2.0,1.0
015_RC207,15,RC,1,1,OPTIMAL,0.0076,1,0,0,0,1,0.0,0.0,0.0,0.0076,120,5.0,2.0,1.0
015_RC207,15,RC,1,2,OPTIMAL,42.7207,1,0,0,0,1,0.0,0.0,0.0,42.7207,120,5.0,2.0,1.0
015_RC207,15,RC,1,3,OPTIMAL,360.6419,1,1,0,1,0,1.0,360.6419,0.0,0.0,120,5.0,2.0,1.0
015_RC207,15,RC,1,4,OPTIMAL,5.455,1,0,0,0,1,0.0,0.0,0.0,5.455,120,5.0,2.0,1.0
015_RC207,15,RC,1,5,OPTIMAL,347.0119,1,1,1,0,0,1.0,347.0119,0.0,0.0,120,5.0,2.0,1.0
015_RC207,15,RC,1,6,OPTIMAL,309.0839,1,1,0,1,0,1.0,309.0839,0.0,0.0,120,5.0,2.0,1.0
015_RC207,15,RC,1,7,OPTIMAL,406.956,1,1,1,0,0,1.0,406.956,0.0,0.0,120,5.0,2.0,1.0
015_RC207,15,RC,1,8,OPTIMAL,4.0545,1,0,0,0,1,0.0,0.0,0.0,4.0545,120,5.0,2.0,1.0
015_RC207,15,RC,1,9,OPTIMAL,37.8816,1,0,0,0,1,0.0,0.0,0.0,37.8816,120,5.0,2.0,1.0
015_RC207,15,RC,2,0,OPTIMAL,101.3191,2,0,0,0,2,0.0,0.0,0.0,101.3191,120,5.0,2.0,1.0
015_RC207,15,RC,2,1,OPTIMAL,1.3637,2,0,0,0,2,0.0,0.0,0.0,1.3637,120,5.0,2.0,1.0
015_RC207,15,RC,2,2,OPTIMAL,674.5819,2,2,1,1,0,1.0,674.5819,0.0,0.0,120,5.0,2.0,1.0
015_RC207,15,RC,2,3,OPTIMAL,393.4552,2,1,1,0,1,0.5,352.4474,0.0,41.0078,120,5.0,2.0,1.0
015_RC207,15,RC,2,4,OPTIMAL,74.0592,2,0,0,0,2,0.0,0.0,0.0,74.0592,120,5.0,2.0,1.0
015_RC207,15,RC,2,5,OPTIMAL,360.7286,2,1,1,0,1,0.5,326.0329,0.0,34.6957,120,5.0,2.0,1.0
015_RC207,15,RC,2,6,OPTIMAL,380.5307,2,1,0,1,1,0.5,357.5566,0.0,22.9741,120,5.0,2.0,1.0
015_RC207,15,RC,2,7,OPTIMAL,6.1721,2,0,0,0,2,0.0,0.0,0.0,6.1721,120,5.0,2.0,1.0
015_RC207,15,RC,2,8,OPTIMAL,416.7465,2,1,1,0,1,0.5,408.7584,0.0,7.9882,120,5.0,2.0,1.0
015_RC207,15,RC,2,9,OPTIMAL,97.529,2,0,0,0,2,0.0,0.0,0.0,97.529,120,5.0,2.0,1.0
015_RC207,15,RC,3,0,OPTIMAL,468.8652,3,1,1,0,2,0.3333,363.0833,0.0,105.7819,120,5.0,2.0,1.0
015_RC207,15,RC,3,1,OPTIMAL,654.6039,3,2,2,0,1,0.6667,651.6212,0.0,2.9827,120,5.0,2.0,1.0
015_RC207,15,RC,3,2,OPTIMAL,417.5969,3,1,1,0,2,0.3333,376.5407,0.0,41.0563,120,5.0,2.0,1.0
015_RC207,15,RC,3,3,OPTIMAL,81.8383,3,0,0,0,3,0.0,0.0,0.0,81.8383,120,5.0,2.0,1.0
015_RC207,15,RC,3,4,OPTIMAL,357.8319,3,1,1,0,2,0.3333,346.5572,0.0,11.2746,120,5.0,2.0,1.0
015_RC207,15,RC,3,5,OPTIMAL,508.7184,3,1,1,0,2,0.3333,426.7631,0.0,81.9552,120,5.0,2.0,1.0
015_RC207,15,RC,3,6,OPTIMAL,716.7122,3,2,2,0,1,0.6667,666.2744,0.0,50.4379,120,5.0,2.0,1.0
015_RC207,15,RC,3,7,OPTIMAL,461.8541,3,1,1,0,2,0.3333,438.0745,0.0,23.7796,120,5.0,2.0,1.0
015_RC207,15,RC,3,8,OPTIMAL,458.1277,3,1,1,0,2,0.3333,415.1793,0.0,42.9484,120,5.0,2.0,1.0
015_RC207,15,RC,3,9,OPTIMAL,742.6169,3,2,2,0,1,0.6667,742.6099,0.0,0.007,120,5.0,2.0,1.0
015_RC208,15,RC,1,0,OPTIMAL,12.8547,1,0,0,0,1,0.0,0.0,0.0,12.8547,120,5.0,2.0,1.0
015_RC208,15,RC,1,1,OPTIMAL,299.8379,1,1,1,0,0,1.0,299.8379,0.0,0.0,120,5.0,2.0,1.0
015_RC208,15,RC,1,2,OPTIMAL,348.17,1,1,1,0,0,1.0,348.17,0.0,0.0,120,5.0,2.0,1.0
015_RC208,15,RC,1,3,OPTIMAL,360.6419,1,1,1,0,0,1.0,360.6419,0.0,0.0,120,5.0,2.0,1.0
015_RC208,15,RC,1,4,OPTIMAL,376.7959,1,1,1,0,0,1.0,376.7959,0.0,0.0,120,5.0,2.0,1.0
015_RC208,15,RC,1,5,OPTIMAL,347.0119,1,1,1,0,0,1.0,347.0119,0.0,0.0,120,5.0,2.0,1.0
015_RC208,15,RC,1,6,OPTIMAL,309.0839,1,1,1,0,0,1.0,309.0839,0.0,0.0,120,5.0,2.0,1.0
015_RC208,15,RC,1,7,OPTIMAL,406.956,1,1,1,0,0,1.0,406.956,0.0,0.0,120,5.0,2.0,1.0
015_RC208,15,RC,1,8,OPTIMAL,4.0545,1,0,0,0,1,0.0,0.0,0.0,4.0545,120,5.0,2.0,1.0
015_RC208,15,RC,1,9,OPTIMAL,313.437,1,1,1,0,0,1.0,313.437,0.0,0.0,120,5.0,2.0,1.0
015_RC208,15,RC,2,0,OPTIMAL,482.9105,2,1,1,0,1,0.5,447.6617,0.0,35.2488,120,5.0,2.0,1.0
015_RC208,15,RC,2,1,OPTIMAL,432.1967,2,1,1,0,1,0.5,432.127,0.0,0.0697,120,5.0,2.0,1.0
015_RC208,15,RC,2,2,OPTIMAL,322.8623,2,1,1,0,1,0.5,322.4761,0.0,0.3862,120,5.0,2.0,1.0
015_RC208,15,RC,2,3,OPTIMAL,719.4684,2,2,2,0,0,1.0,719.4684,0.0,0.0,120,5.0,2.0,1.0
015_RC208,15,RC,2,4,OPTIMAL,700.9685,2,2,2,0,0,1.0,700.9685,0.0,0.0,120,5.0,2.0,1.0
015_RC208,15,RC,2,5,OPTIMAL,641.6191,2,2,2,0,0,1.0,641.6191,0.0,0.0,120,5.0,2.0,1.0
015_RC208,15,RC,2,6,OPTIMAL,818.9187,2,2,2,0,0,1.0,818.9187,0.0,0.0,120,5.0,2.0,1.0
015_RC208,15,RC,2,7,OPTIMAL,661.2064,2,2,2,0,0,1.0,661.2064,0.0,0.0,120,5.0,2.0,1.0
015_RC208,15,RC,2,8,OPTIMAL,416.7465,2,1,1,0,1,0.5,408.7584,0.0,7.9882,120,5.0,2.0,1.0
015_RC208,15,RC,2,9,OPTIMAL,498.3439,2,1,1,0,1,0.5,425.4579,0.0,72.886,120,5.0,2.0,1.0
015_RC208,15,RC,3,0,OPTIMAL,751.025,3,2,2,0,1,0.6667,669.9363,0.0,81.0887,120,5.0,2.0,1.0
015_RC208,15,RC,3,1,OPTIMAL,1086.8313,3,3,3,0,0,1.0,1086.8313,0.0,0.0,120,5.0,2.0,1.0
015_RC208,15,RC,3,2,OPTIMAL,728.6446,3,2,1,1,1,0.6667,727.925,0.0,0.7196,120,5.0,2.0,1.0
015_RC208,15,RC,3,3,OPTIMAL,1226.0331,3,3,3,0,0,1.0,1226.0331,0.0,0.0,120,5.0,2.0,1.0
015_RC208,15,RC,3,4,OPTIMAL,382.0862,3,1,1,0,2,0.3333,346.5572,0.0,35.529,120,5.0,2.0,1.0
015_RC208,15,RC,3,5,OPTIMAL,799.0982,3,2,2,0,1,0.6667,799.025,0.0,0.0733,120,5.0,2.0,1.0
015_RC208,15,RC,3,6,OPTIMAL,727.5132,3,2,1,1,1,0.6667,680.6915,0.0,46.8217,120,5.0,2.0,1.0
015_RC208,15,RC,3,7,OPTIMAL,744.8334,3,2,0,2,1,0.6667,741.1983,0.0,3.6351,120,5.0,2.0,1.0
015_RC208,15,RC,3,8,OPTIMAL,791.6699,3,2,2,0,1,0.6667,790.7008,0.0,0.9691,120,5.0,2.0,1.0
015_RC208,15,RC,3,9,OPTIMAL,742.7464,3,2,2,0,1,0.6667,742.6099,0.0,0.1365,120,5.0,2.0,1.0
025_C101,25,C,2,0,OPTIMAL,51.3978,2,0,0,0,2,0.0,0.0,0.0,51.3978,120,5.0,2.0,1.0
025_C101,25,C,2,1,OPTIMAL,61.5119,2,0,0,0,2,0.0,0.0,0.0,61.5119,120,5.0,2.0,1.0
025_C101,25,C,2,2,OPTIMAL,14.5985,2,0,0,0,2,0.0,0.0,0.0,14.5985,120,5.0,2.0,1.0
025_C101,25,C,2,3,OPTIMAL,13.3889,2,0,0,0,2,0.0,0.0,0.0,13.3889,120,5.0,2.0,1.0
025_C101,25,C,2,4,OPTIMAL,4.1965,2,0,0,0,2,0.0,0.0,0.0,4.1965,120,5.0,2.0,1.0
025_C101,25,C,2,5,OPTIMAL,52.5661,2,0,0,0,2,0.0,0.0,0.0,52.5661,120,5.0,2.0,1.0
025_C101,25,C,2,6,OPTIMAL,14.2702,2,0,0,0,2,0.0,0.0,0.0,14.2702,120,5.0,2.0,1.0
025_C101,25,C,2,7,OPTIMAL,54.319,2,0,0,0,2,0.0,0.0,0.0,54.319,120,5.0,2.0,1.0
025_C101,25,C,2,8,OPTIMAL,40.3687,2,0,0,0,2,0.0,0.0,0.0,40.3687,120,5.0,2.0,1.0
025_C101,25,C,2,9,OPTIMAL,14.8221,2,0,0,0,2,0.0,0.0,0.0,14.8221,120,5.0,2.0,1.0
025_C101,25,C,4,0,OPTIMAL,360.4783,4,1,1,0,3,0.25,329.8525,0.0,30.6258,120,5.0,2.0,1.0
025_C101,25,C,4,1,OPTIMAL,416.9419,4,1,1,0,3,0.25,389.948,0.0,26.9939,120,5.0,2.0,1.0
025_C101,25,C,4,2,OPTIMAL,54.669,4,0,0,0,4,0.0,0.0,0.0,54.669,120,5.0,2.0,1.0
025_C101,25,C,4,3,OPTIMAL,68.7987,4,0,0,0,4,0.0,0.0,0.0,68.7987,120,5.0,2.0,1.0
025_C101,25,C,4,4,OPTIMAL,389.843,4,1,1,0,3,0.25,380.8285,0.0,9.0146,120,5.0,2.0,1.0
025_C101,25,C,4,5,OPTIMAL,589.0322,4,2,2,0,2,0.5,547.5934,0.0,41.4388,120,5.0,2.0,1.0
025_C101,25,C,4,6,OPTIMAL,525.927,4,2,2,0,2,0.5,520.2654,0.0,5.6616,120,5.0,2.0,1.0
025_C101,25,C,4,7,OPTIMAL,230.0024,4,1,1,0,3,0.25,211.4711,0.0,18.5313,120,5.0,2.0,1.0
025_C101,25,C,4,8,OPTIMAL,446.5213,4,1,1,0,3,0.25,353.1901,0.0,93.3312,120,5.0,2.0,1.0
025_C101,25,C,4,9,OPTIMAL,366.6292,4,1,1,0,3,0.25,356.8537,0.0,9.7755,120,5.0,2.0,1.0
025_C101,25,C,6,0,OPTIMAL,435.1703,6,2,2,0,4,0.3333,415.4719,0.0,19.6985,120,5.0,2.0,1.0
025_C101,25,C,6,1,OPTIMAL,89.581,6,0,0,0,6,0.0,0.0,0.0,89.581,120,5.0,2.0,1.0
025_C101,25,C,6,2,OPTIMAL,271.4487,6,1,1,0,5,0.1667,214.5169,0.0,56.9318,120,5.0,2.0,1.0
025_C101,25,C,6,3,OPTIMAL,423.5423,6,1,1,0,5,0.1667,399.3705,0.0,24.1718,120,5.0,2.0,1.0
025_C101,25,C,6,4,OPTIMAL,214.1054,6,1,1,0,5,0.1667,173.3585,0.0,40.7469,120,5.0,2.0,1.0
025_C101,25,C,6,5,OPTIMAL,25.2994,6,0,0,0,6,0.0,0.0,0.0,25.2994,120,5.0,2.0,1.0
025_C101,25,C,6,6,OPTIMAL,225.1087,6,1,1,0,5,0.1667,207.7744,0.0,17.3343,120,5.0,2.0,1.0
025_C101,25,C,6,7,OPTIMAL,19.0751,6,0,0,0,6,0.0,0.0,0.0,19.0751,120,5.0,2.0,1.0
025_C101,25,C,6,8,OPTIMAL,794.2915,6,2,2,0,4,0.3333,784.3648,0.0,9.9266,120,5.0,2.0,1.0
025_C101,25,C,6,9,OPTIMAL,205.672,6,1,1,0,5,0.1667,179.1877,0.0,26.4843,120,5.0,2.0,1.0
025_C102,25,C,2,0,OPTIMAL,397.9439,2,1,0,1,1,0.5,379.5716,0.0,18.3723,120,5.0,2.0,1.0
025_C102,25,C,2,1,OPTIMAL,61.5119,2,0,0,0,2,0.0,0.0,0.0,61.5119,120,5.0,2.0,1.0
025_C102,25,C,2,2,OPTIMAL,14.5985,2,0,0,0,2,0.0,0.0,0.0,14.5985,120,5.0,2.0,1.0
025_C102,25,C,2,3,OPTIMAL,53.9823,2,0,0,0,2,0.0,0.0,0.0,53.9823,120,5.0,2.0,1.0
025_C102,25,C,2,4,OPTIMAL,4.8965,2,0,0,0,2,0.0,0.0,0.0,4.8965,120,5.0,2.0,1.0
025_C102,25,C,2,5,OPTIMAL,342.9164,2,1,0,1,1,0.5,338.5642,0.0,4.3522,120,5.0,2.0,1.0
025_C102,25,C,2,6,OPTIMAL,14.2702,2,0,0,0,2,0.0,0.0,0.0,14.2702,120,5.0,2.0,1.0
025_C102,25,C,2,7,OPTIMAL,382.1104,2,1,1,0,1,0.5,376.1948,0.0,5.9156,120,5.0,2.0,1.0
025_C102,25,C,2,8,OPTIMAL,41.5343,2,0,0,0,2,0.0,0.0,0.0,41.5343,120,5.0,2.0,1.0
025_C102,25,C,2,9,OPTIMAL,54.9588,2,0,0,0,2,0.0,0.0,0.0,54.9588,120,5.0,2.0,1.0
025_C102,25,C,4,0,OPTIMAL,519.2251,4,2,2,0,2,0.5,515.4644,0.0,3.7607,120,5.0,2.0,1.0
025_C102,25,C,4,1,OPTIMAL,416.9419,4,1,1,0,3,0.25,389.948,0.0,26.9939,120,5.0,2.0,1.0
025_C102,25,C,4,2,OPTIMAL,54.669,4,0,0,0,4,0.0,0.0,0.0,54.669,120,5.0,2.0,1.0
025_C102,25,C,4,3,OPTIMAL,887.0185,4,4,1,3,0,1.0,887.0185,0.0,0.0,120,5.0,2.0,1.0
025_C102,25,C,4,4,OPTIMAL,390.164,4,1,1,0,3,0.25,380.8285,0.0,9.3356,120,5.0,2.0,1.0
025_C102,25,C,4,5,OPTIMAL,589.0322,4,2,2,0,2,0.5,547.5934,0.0,41.4388,120,5.0,2.0,1.0
025_C102,25,C,4,6,OPTIMAL,525.927,4,2,2,0,2,0.5,520.2654,0.0,5.6616,120,5.0,2.0,1.0
025_C102,25,C,4,7,OPTIMAL,497.2493,4,3,1,2,1,0.75,496.2416,0.0,1.0077,120,5.0,2.0,1.0
025_C102,25,C,4,8,OPTIMAL,884.0347,4,3,2,1,1,0.75,838.5421,0.0,45.4926,120,5.0,2.0,1.0
025_C102,25,C,4,9,OPTIMAL,545.6444,4,2,1,1,2,0.5,535.2767,0.0,10.3677,120,5.0,2.0,1.0
025_C102,25,C,6,0,OPTIMAL,579.7743,6,3,2,1,3,0.5,561.8879,0.0,17.8864,120,5.0,2.0,1.0
025_C102,25,C,6,1,OPTIMAL,483.0944,6,1,1,0,5,0.1667,397.3307,0.0,85.7637,120,5.0,2.0,1.0
025_C102,25,C,6,2,OPTIMAL,976.682,6,4,3,1,2,0.6667,967.1943,0.0,9.4878,120,5.0,2.0,1.0
025_C102,25,C,6,3,OPTIMAL,942.1512,6,4,2,2,2,0.6667,939.0231,0.0,3.1281,120,5.0,2.0,1.0
025_C102,25,C,6,4,OPTIMAL,385.4631,6,2,1,1,4,0.3333,364.5878,0.0,20.8752,120,5.0,2.0,1.0
025_C102,25,C,6,5,OPTIMAL,224.1011,6,1,0,1,5,0.1667,199.9086,0.0,24.1925,120,5.0,2.0,1.0
025_C102,25,C,6,6,OPTIMAL,471.4487,6,3,2,1,3,0.5,463.7589,0.0,7.6898,120,5.0,2.0,1.0
025_C102,25,C,6,7,OPTIMAL,215.3575,6,1,0,1,5,0.1667,162.5533,0.0,52.8043,120,5.0,2.0,1.0
025_C102,25,C,6,8,OPTIMAL,794.2915,6,2,2,0,4,0.3333,784.3648,0.0,9.9266,120,5.0,2.0,1.0
025_C102,25,C,6,9,OPTIMAL,315.9363,6,2,1,1,4,0.3333,287.4536,0.0,28.4827,120,5.0,2.0,1.0
025_C103,25,C,2,0,OPTIMAL,383.9609,2,1,0,1,1,0.5,379.5716,0.0,4.3893,120,5.0,2.0,1.0
025_C103,25,C,2,1,OPTIMAL,413.5781,2,1,0,1,1,0.5,405.1877,0.0,8.3904,120,5.0,2.0,1.0
025_C103,25,C,2,2,OPTIMAL,18.8796,2,0,0,0,2,0.0,0.0,0.0,18.8796,120,5.0,2.0,1.0
025_C103,25,C,2,3,OPTIMAL,57.4081,2,0,0,0,2,0.0,0.0,0.0,57.4081,120,5.0,2.0,1.0
025_C103,25,C,2,4,OPTIMAL,4.8965,2,0,0,0,2,0.0,0.0,0.0,4.8965,120,5.0,2.0,1.0
025_C103,25,C,2,5,OPTIMAL,367.1317,2,1,0,1,1,0.5,338.5642,0.0,28.5675,120,5.0,2.0,1.0
025_C103,25,C,2,6,OPTIMAL,398.9162,2,1,1,0,1,0.5,395.463,0.0,3.4531,120,5.0,2.0,1.0
025_C103,25,C,2,7,OPTIMAL,423.0459,2,1,1,0,1,0.5,376.1948,0.0,46.851,120,5.0,2.0,1.0
025_C103,25,C,2,8,OPTIMAL,40.3687,2,0,0,0,2,0.0,0.0,0.0,40.3687,120,5.0,2.0,1.0
025_C103,25,C,2,9,OPTIMAL,236.2433,2,1,0,1,1,0.5,187.401,0.0,48.8423,120,5.0,2.0,1.0
025_C103,25,C,4,0,OPTIMAL,526.363,4,2,2,0,2,0.5,515.4644,0.0,10.8986,120,5.0,2.0,1.0
025_C103,25,C,4,1,OPTIMAL,444.1124,4,1,1,0,3,0.25,389.948,0.0,54.1644,120,5.0,2.0,1.0
025_C103,25,C,4,2,OPTIMAL,73.1436,4,0,0,0,4,0.0,0.0,0.0,73.1436,120,5.0,2.0,1.0
025_C103,25,C,4,3,OPTIMAL,536.0317,4,2,1,1,2,0.5,515.3306,0.0,20.7011,120,5.0,2.0,1.0
025_C103,25,C,4,4,OPTIMAL,466.7306,4,1,1,0,3,0.25,380.8285,0.0,85.9021,120,5.0,2.0,1.0
025_C103,25,C,4,5,OPTIMAL,898.5863,4,3,2,1,1,0.75,857.7946,0.0,40.7917,120,5.0,2.0,1.0
025_C103,25,C,4,6,OPTIMAL,573.7474,4,2,2,0,2,0.5,520.2654,0.0,53.482,120,5.0,2.0,1.0
025_C103,25,C,4,7,OPTIMAL,612.2811,4,3,1,2,1,0.75,601.5796,0.0,10.7015,120,5.0,2.0,1.0
025_C103,25,C,4,8,OPTIMAL,734.9431,4,2,2,0,2,0.5,682.7812,0.0,52.1619,120,5.0,2.0,1.0
025_C103,25,C,4,9,OPTIMAL,545.6444,4,2,1,1,2,0.5,535.2767,0.0,10.3677,120,5.0,2.0,1.0
025_C103,25,C,6,0,OPTIMAL,938.8621,6,4,2,2,2,0.6667,923.3048,0.0,15.5572,120,5.0,2.0,1.0
025_C103,25,C,6,1,OPTIMAL,497.0768,6,1,1,0,5,0.1667,397.3307,0.0,99.7462,120,5.0,2.0,1.0
025_C103,25,C,6,2,OPTIMAL,1083.1133,6,5,3,2,1,0.8333,1082.6004,0.0,0.5129,120,5.0,2.0,1.0
025_C103,25,C,6,3,OPTIMAL,1334.5889,6,5,3,2,1,0.8333,1296.0209,0.0,38.568,120,5.0,2.0,1.0
025_C103,25,C,6,4,OPTIMAL,347.9666,6,2,2,0,4,0.3333,313.1688,0.0,34.7978,120,5.0,2.0,1.0
025_C103,25,C,6,5,OPTIMAL,222.8373,6,1,0,1,5,0.1667,199.9086,0.0,22.9287,120,5.0,2.0,1.0
025_C103,25,C,6,6,OPTIMAL,680.5472,6,4,2,2,2,0.6667,646.4311,0.0,34.1161,120,5.0,2.0,1.0
025_C103,25,C,6,7,OPTIMAL,56.2247,6,0,0,0,6,0.0,0.0,0.0,56.2247,120,5.0,2.0,1.0
025_C103,25,C,6,8,OPTIMAL,797.5081,6,2,2,0,4,0.3333,784.3648,0.0,13.1433,120,5.0,2.0,1.0
025_C103,25,C,6,9,OPTIMAL,670.4379,6,3,1,2,3,0.5,652.4932,0.0,17.9447,120,5.0,2.0,1.0
025_C104,25,C,2,0,OPTIMAL,522.6892,2,2,1,1,0,1.0,522.6892,0.0,0.0,120,5.0,2.0,1.0
025_C104,25,C,2,1,OPTIMAL,413.5781,2,1,0,1,1,0.5,405.1877,0.0,8.3904,120,5.0,2.0,1.0
025_C104,25,C,2,2,OPTIMAL,20.6219,2,0,0,0,2,0.0,0.0,0.0,20.6219,120,5.0,2.0,1.0
025_C104,25,C,2,3,OPTIMAL,510.7228,2,2,1,1,0,1.0,510.7228,0.0,0.0,120,5.0,2.0,1.0
025_C104,25,C,2,4,OPTIMAL,4.8965,2,0,0,0,2,0.0,0.0,0.0,4.8965,120,5.0,2.0,1.0
025_C104,25,C,2,5,OPTIMAL,538.6222,2,2,1,1,0,1.0,538.6222,0.0,0.0,120,5.0,2.0,1.0
025_C104,25,C,2,6,OPTIMAL,728.9513,2,2,2,0,0,1.0,728.9513,0.0,0.0,120,5.0,2.0,1.0
025_C104,25,C,2,7,OPTIMAL,423.0459,2,1,1,0,1,0.5,376.1948,0.0,46.851,120,5.0,2.0,1.0
025_C104,25,C,2,8,OPTIMAL,173.4098,2,1,0,1,1,0.5,136.3764,0.0,37.0334,120,5.0,2.0,1.0
025_C104,25,C,2,9,OPTIMAL,600.7477,2,2,1,1,0,1.0,600.7477,0.0,0.0,120,5.0,2.0,1.0
025_C104,25,C,4,0,OPTIMAL,526.363,4,2,2,0,2,0.5,515.4644,0.0,10.8986,120,5.0,2.0,1.0
025_C104,25,C,4,1,OPTIMAL,838.2151,4,2,2,0,2,0.5,803.22,0.0,34.9951,120,5.0,2.0,1.0
025_C104,25,C,4,2,OPTIMAL,589.322,4,2,1,1,2,0.5,547.2028,0.0,42.1192,120,5.0,2.0,1.0
025_C104,25,C,4,3,OPTIMAL,887.0185,4,4,2,2,0,1.0,887.0185,0.0,0.0,120,5.0,2.0,1.0
025_C104,25,C,4,4,OPTIMAL,467.0516,4,1,1,0,3,0.25,380.8285,0.0,86.2231,120,5.0,2.0,1.0
025_C104,25,C,4,5,OPTIMAL,898.5863,4,3,2,1,1,0.75,857.7946,0.0,40.7917,120,5.0,2.0,1.0
025_C104,25,C,4,6,OPTIMAL,573.7474,4,2,2,0,2,0.5,520.2654,0.0,53.482,120,5.0,2.0,1.0
025_C104,25,C,4,7,OPTIMAL,812.9269,4,4,1,3,0,1.0,812.9269,0.0,0.0,120,5.0,2.0,1.0
025_C104,25,C,4,8,OPTIMAL,884.0347,4,3,2,1,1,0.75,838.5421,0.0,45.4926,120,5.0,2.0,1.0
025_C104,25,C,4,9,OPTIMAL,740.5655,4,3,3,0,1,0.75,739.2399,0.0,1.3256,120,5.0,2.0,1.0
025_C104,25,C,6,0,OPTIMAL,938.8621,6,4,3,1,2,0.6667,923.3048,0.0,15.5572,120,5.0,2.0,1.0
025_C104,25,C,6,1,OPTIMAL,1252.6221,6,4,3,1,2,0.6667,1249.2761,0.0,3.346,120,5.0,2.0,1.0
025_C104,25,C,6,2,OPTIMAL,1083.1133,6,5,3,2,1,0.8333,1082.6004,0.0,0.5129,120,5.0,2.0,1.0
025_C104,25,C,6,3,OPTIMAL,1334.5889,6,5,5,0,1,0.8333,1296.0209,0.0,38.568,120,5.0,2.0,1.0
025_C104,25,C,6,4,OPTIMAL,519.3243,6,3,2,1,3,0.5,504.3981,0.0,14.9262,120,5.0,2.0,1.0
025_C104,25,C,6,5,OPTIMAL,747.8134,6,4,3,1,2,0.6667,743.1424,0.0,4.6709,120,5.0,2.0,1.0
025_C104,25,C,6,6,OPTIMAL,881.6184,6,5,4,1,1,0.8333,851.0057,0.0,30.6127,120,5.0,2.0,1.0
025_C104,25,C,6,7,OPTIMAL,667.4839,6,3,2,1,3,0.5,660.5591,0.0,6.9247,120,5.0,2.0,1.0
025_C104,25,C,6,8,OPTIMAL,797.5081,6,2,2,0,4,0.3333,784.3648,0.0,13.1433,120,5.0,2.0,1.0
025_C104,25,C,6,9,OPTIMAL,672.4755,6,3,2,1,3,0.5,652.4932,0.0,19.9823,120,5.0,2.0,1.0
025_C105,25,C,2,0,OPTIMAL,54.6322,2,0,0,0,2,0.0,0.0,0.0,54.6322,120,5.0,2.0,1.0
025_C105,25,C,2,1,OPTIMAL,65.9779,2,0,0,0,2,0.0,0.0,0.0,65.9779,120,5.0,2.0,1.0
025_C105,25,C,2,2,OPTIMAL,20.6219,2,0,0,0,2,0.0,0.0,0.0,20.6219,120,5.0,2.0,1.0
025_C105,25,C,2,3,OPTIMAL,16.8147,2,0,0,0,2,0.0,0.0,0.0,16.8147,120,5.0,2.0,1.0
025_C105,25,C,2,4,OPTIMAL,8.8028,2,0,0,0,2,0.0,0.0,0.0,8.8028,120,5.0,2.0,1.0
025_C105,25,C,2,5,OPTIMAL,43.6966,2,0,0,0,2,0.0,0.0,0.0,43.6966,120,5.0,2.0,1.0
025_C105,25,C,2,6,OPTIMAL,14.2702,2,0,0,0,2,0.0,0.0,0.0,14.2702,120,5.0,2.0,1.0
025_C105,25,C,2,7,OPTIMAL,382.1104,2,1,1,0,1,0.5,376.1948,0.0,5.9156,120,5.0,2.0,1.0
025_C105,25,C,2,8,OPTIMAL,7.6866,2,0,0,0,2,0.0,0.0,0.0,7.6866,120,5.0,2.0,1.0
025_C105,25,C,2,9,OPTIMAL,419.4633,2,1,1,0,1,0.5,413.3468,0.0,6.1165,120,5.0,2.0,1.0
025_C105,25,C,4,0,OPTIMAL,527.5118,4,2,2,0,2,0.5,515.4644,0.0,12.0474,120,5.0,2.0,1.0
025_C105,25,C,4,1,OPTIMAL,36.5541,4,0,0,0,4,0.0,0.0,0.0,36.5541,120,5.0,2.0,1.0
025_C105,25,C,4,2,OPTIMAL,18.4238,4,0,0,0,4,0.0,0.0,0.0,18.4238,120,5.0,2.0,1.0
025_C105,25,C,4,3,OPTIMAL,259.6153,4,1,1,0,3,0.25,201.9653,0.0,57.65,120,5.0,2.0,1.0
025_C105,25,C,4,4,OPTIMAL,389.843,4,1,1,0,3,0.25,380.8285,0.0,9.0146,120,5.0,2.0,1.0
025_C105,25,C,4,5,OPTIMAL,167.4549,4,1,1,0,3,0.25,157.8624,0.0,9.5925,120,5.0,2.0,1.0
025_C105,25,C,4,6,OPTIMAL,525.5171,4,2,2,0,2,0.5,520.2654,0.0,5.2517,120,5.0,2.0,1.0
025_C105,25,C,4,7,OPTIMAL,226.4286,4,1,1,0,3,0.25,211.4711,0.0,14.9575,120,5.0,2.0,1.0
025_C105,25,C,4,8,OPTIMAL,698.5839,4,2,2,0,2,0.5,682.7812,0.0,15.8027,120,5.0,2.0,1.0
025_C105,25,C,4,9,OPTIMAL,367.1223,4,1,1,0,3,0.25,356.8537,0.0,10.2686,120,5.0,2.0,1.0
025_C105,25,C,6,0,OPTIMAL,827.175,6,3,2,1,3,0.5,776.8888,0.0,50.2862,120,5.0,2.0,1.0
025_C105,25,C,6,1,OPTIMAL,415.8772,6,1,1,0,5,0.1667,397.3307,0.0,18.5465,120,5.0,2.0,1.0
025_C105,25,C,6,2,OPTIMAL,456.9467,6,2,2,0,4,0.3333,439.9555,0.0,16.9913,120,5.0,2.0,1.0
025_C105,25,C,6,3,OPTIMAL,808.997,6,2,2,0,4,0.3333,756.3684,0.0,52.6286,120,5.0,2.0,1.0
025_C105,25,C,6,4,OPTIMAL,209.6733,6,1,1,0,5,0.1667,173.3585,0.0,36.3148,120,5.0,2.0,1.0
025_C105,25,C,6,5,OPTIMAL,28.6944,6,0,0,0,6,0.0,0.0,0.0,28.6944,120,5.0,2.0,1.0
025_C105,25,C,6,6,OPTIMAL,226.0055,6,1,1,0,5,0.1667,207.7744,0.0,18.2311,120,5.0,2.0,1.0
025_C105,25,C,6,7,OPTIMAL,339.9966,6,1,1,0,5,0.1667,331.4574,0.0,8.5392,120,5.0,2.0,1.0
025_C105,25,C,6,8,OPTIMAL,812.4747,6,2,2,0,4,0.3333,784.3648,0.0,28.1099,120,5.0,2.0,1.0
025_C105,25,C,6,9,OPTIMAL,550.6922,6,2,1,1,4,0.3333,544.2273,0.0,6.4648,120,5.0,2.0,1.0
025_C106,25,C,2,0,OPTIMAL,383.8896,2,1,0,1,1,0.5,379.5716,0.0,4.318,120,5.0,2.0,1.0
025_C106,25,C,2,1,OPTIMAL,418.0051,2,1,0,1,1,0.5,405.1877,0.0,12.8174,120,5.0,2.0,1.0
025_C106,25,C,2,2,OPTIMAL,20.6219,2,0,0,0,2,0.0,0.0,0.0,20.6219,120,5.0,2.0,1.0
025_C106,25,C,2,3,OPTIMAL,427.97,2,1,0,1,1,0.5,418.7677,0.0,9.2024,120,5.0,2.0,1.0
025_C106,25,C,2,4,OPTIMAL,4.1965,2,0,0,0,2,0.0,0.0,0.0,4.1965,120,5.0,2.0,1.0
025_C106,25,C,2,5,OPTIMAL,248.2718,2,1,0,1,1,0.5,200.058,0.0,48.2138,120,5.0,2.0,1.0
025_C106,25,C,2,6,OPTIMAL,398.9162,2,1,0,1,1,0.5,395.463,0.0,3.4531,120,5.0,2.0,1.0
025_C106,25,C,2,7,OPTIMAL,799.2762,2,2,1,1,0,1.0,799.2762,0.0,0.0,120,5.0,2.0,1.0
025_C106,25,C,2,8,OPTIMAL,350.5897,2,1,0,1,1,0.5,349.0782,0.0,1.5115,120,5.0,2.0,1.0
025_C106,25,C,2,9,OPTIMAL,600.7477,2,2,0,2,0,1.0,600.7477,0.0,0.0,120,5.0,2.0,1.0
025_C106,25,C,4,0,OPTIMAL,522.2368,4,2,1,1,2,0.5,515.4644,0.0,6.7724,120,5.0,2.0,1.0
025_C106,25,C,4,1,OPTIMAL,731.0255,4,2,1,1,2,0.5,705.3785,0.0,25.647,120,5.0,2.0,1.0
025_C106,25,C,4,2,OPTIMAL,702.0482,4,3,0,3,1,0.75,688.3712,0.0,13.677,120,5.0,2.0,1.0
025_C106,25,C,4,3,OPTIMAL,615.8975,4,3,0,3,1,0.75,573.6532,0.0,42.2443,120,5.0,2.0,1.0
025_C106,25,C,4,4,OPTIMAL,793.1539,4,2,1,1,2,0.5,788.1481,0.0,5.0059,120,5.0,2.0,1.0
025_C106,25,C,4,5,OPTIMAL,1253.1048,4,4,2,2,0,1.0,1253.1048,0.0,0.0,120,5.0,2.0,1.0
025_C106,25,C,4,6,OPTIMAL,886.0594,4,3,2,1,1,0.75,884.0996,0.0,1.9598,120,5.0,2.0,1.0
025_C106,25,C,4,7,OPTIMAL,525.5529,4,3,1,2,1,0.75,496.2416,0.0,29.3113,120,5.0,2.0,1.0
025_C106,25,C,4,8,OPTIMAL,1085.1843,4,3,1,2,1,0.75,1081.0779,0.0,4.1065,120,5.0,2.0,1.0
025_C106,25,C,4,9,OPTIMAL,394.1364,4,1,1,0,3,0.25,356.8537,0.0,37.2827,120,5.0,2.0,1.0
025_C106,25,C,6,0,OPTIMAL,811.9106,6,3,2,1,3,0.5,776.8888,0.0,35.0218,120,5.0,2.0,1.0
025_C106,25,C,6,1,OPTIMAL,1418.5546,6,5,1,4,1,0.8333,1418.4815,0.0,0.0731,120,5.0,2.0,1.0
025_C106,25,C,6,2,OPTIMAL,608.9059,6,3,1,2,3,0.5,589.7516,0.0,19.1543,120,5.0,2.0,1.0
025_C106,25,C,6,3,OPTIMAL,747.3093,6,3,1,2,3,0.5,713.2604,0.0,34.0488,120,5.0,2.0,1.0
025_C106,25,C,6,4,OPTIMAL,221.2704,6,1,1,0,5,0.1667,173.3585,0.0,47.9119,120,5.0,2.0,1.0
025_C106,25,C,6,5,OPTIMAL,428.6229,6,2,0,2,4,0.3333,413.7472,0.0,14.8757,120,5.0,2.0,1.0
025_C106,25,C,6,6,OPTIMAL,1061.2314,6,5,2,3,1,0.8333,1059.0044,0.0,2.227,120,5.0,2.0,1.0
025_C106,25,C,6,7,OPTIMAL,487.7234,6,2,0,2,4,0.3333,475.1015,0.0,12.6219,120,5.0,2.0,1.0
025_C106,25,C,6,8,OPTIMAL,800.7165,6,2,2,0,4,0.3333,784.3648,0.0,16.3516,120,5.0,2.0,1.0
025_C106,25,C,6,9,OPTIMAL,564.2489,6,2,1,1,4,0.3333,544.2273,0.0,20.0216,120,5.0,2.0,1.0
025_C107,25,C,2,0,OPTIMAL,383.8896,2,1,1,0,1,0.5,379.5716,0.0,4.318,120,5.0,2.0,1.0
025_C107,25,C,2,1,OPTIMAL,416.4179,2,1,1,0,1,0.5,405.1877,0.0,11.2303,120,5.0,2.0,1.0
025_C107,25,C,2,2,OPTIMAL,15.0155,2,0,0,0,2,0.0,0.0,0.0,15.0155,120,5.0,2.0,1.0
025_C107,25,C,2,3,OPTIMAL,423.1651,2,1,1,0,1,0.5,418.7677,0.0,4.3974,120,5.0,2.0,1.0
025_C107,25,C,2,4,OPTIMAL,5.3385,2,0,0,0,2,0.0,0.0,0.0,5.3385,120,5.0,2.0,1.0
025_C107,25,C,2,5,OPTIMAL,48.8255,2,0,0,0,2,0.0,0.0,0.0,48.8255,120,5.0,2.0,1.0
025_C107,25,C,2,6,OPTIMAL,18.7203,2,0,0,0,2,0.0,0.0,0.0,18.7203,120,5.0,2.0,1.0
025_C107,25,C,2,7,OPTIMAL,473.9692,2,1,1,0,1,0.5,423.0814,0.0,50.8878,120,5.0,2.0,1.0
025_C107,25,C,2,8,OPTIMAL,7.6866,2,0,0,0,2,0.0,0.0,0.0,7.6866,120,5.0,2.0,1.0
025_C107,25,C,2,9,OPTIMAL,80.5972,2,0,0,0,2,0.0,0.0,0.0,80.5972,120,5.0,2.0,1.0
025_C107,25,C,4,0,OPTIMAL,517.7616,4,2,2,0,2,0.5,515.4644,0.0,2.2972,120,5.0,2.0,1.0
025_C107,25,C,4,1,OPTIMAL,65.1867,4,0,0,0,4,0.0,0.0,0.0,65.1867,120,5.0,2.0,1.0
025_C107,25,C,4,2,OPTIMAL,18.9698,4,0,0,0,4,0.0,0.0,0.0,18.9698,120,5.0,2.0,1.0
025_C107,25,C,4,3,OPTIMAL,258.2597,4,1,1,0,3,0.25,201.9653,0.0,56.2944,120,5.0,2.0,1.0
025_C107,25,C,4,4,OPTIMAL,392.9069,4,1,1,0,3,0.25,380.8285,0.0,12.0784,120,5.0,2.0,1.0
025_C107,25,C,4,5,OPTIMAL,168.8205,4,1,1,0,3,0.25,157.8624,0.0,10.9581,120,5.0,2.0,1.0
025_C107,25,C,4,6,OPTIMAL,885.5379,4,3,3,0,1,0.75,884.0996,0.0,1.4382,120,5.0,2.0,1.0
025_C107,25,C,4,7,OPTIMAL,224.7723,4,1,1,0,3,0.25,211.4711,0.0,13.3012,120,5.0,2.0,1.0
025_C107,25,C,4,8,OPTIMAL,696.0211,4,2,2,0,2,0.5,682.7812,0.0,13.2399,120,5.0,2.0,1.0
025_C107,25,C,4,9,OPTIMAL,367.1223,4,1,1,0,3,0.25,356.8537,0.0,10.2686,120,5.0,2.0,1.0
025_C107,25,C,6,0,OPTIMAL,468.6453,6,2,2,0,4,0.3333,415.4719,0.0,53.1734,120,5.0,2.0,1.0
025_C107,25,C,6,1,OPTIMAL,64.853,6,0,0,0,6,0.0,0.0,0.0,64.853,120,5.0,2.0,1.0
025_C107,25,C,6,2,OPTIMAL,607.0805,6,3,3,0,3,0.5,589.7516,0.0,17.3289,120,5.0,2.0,1.0
025_C107,25,C,6,3,OPTIMAL,641.919,6,2,2,0,4,0.3333,625.1332,0.0,16.7858,120,5.0,2.0,1.0
025_C107,25,C,6,4,OPTIMAL,207.4325,6,1,1,0,5,0.1667,173.3585,0.0,34.074,120,5.0,2.0,1.0
025_C107,25,C,6,5,OPTIMAL,30.3166,6,0,0,0,6,0.0,0.0,0.0,30.3166,120,5.0,2.0,1.0
025_C107,25,C,6,6,OPTIMAL,226.0055,6,1,1,0,5,0.1667,207.7744,0.0,18.2311,120,5.0,2.0,1.0
025_C107,25,C,6,7,OPTIMAL,44.1457,6,0,0,0,6,0.0,0.0,0.0,44.1457,120,5.0,2.0,1.0
025_C107,25,C,6,8,OPTIMAL,803.1008,6,2,2,0,4,0.3333,784.3648,0.0,18.736,120,5.0,2.0,1.0
025_C107,25,C,6,9,OPTIMAL,197.3423,6,1,1,0,5,0.1667,179.1877,0.0,18.1546,120,5.0,2.0,1.0
025_C108,25,C,2,0,OPTIMAL,398.9983,2,1,0,1,1,0.5,379.5716,0.0,19.4267,120,5.0,2.0,1.0
025_C108,25,C,2,1,OPTIMAL,416.4179,2,1,0,1,1,0.5,405.1877,0.0,11.2303,120,5.0,2.0,1.0
025_C108,25,C,2,2,OPTIMAL,223.0079,2,1,1,0,1,0.5,212.6841,0.0,10.3239,120,5.0,2.0,1.0
025_C108,25,C,2,3,OPTIMAL,510.7228,2,2,0,2,0,1.0,510.7228,0.0,0.0,120,5.0,2.0,1.0
025_C108,25,C,2,4,OPTIMAL,10.2216,2,0,0,0,2,0.0,0.0,0.0,10.2216,120,5.0,2.0,1.0
025_C108,25,C,2,5,OPTIMAL,339.1759,2,1,1,0,1,0.5,338.5642,0.0,0.6117,120,5.0,2.0,1.0
025_C108,25,C,2,6,OPTIMAL,18.7203,2,0,0,0,2,0.0,0.0,0.0,18.7203,120,5.0,2.0,1.0
025_C108,25,C,2,7,OPTIMAL,385.3529,2,1,0,1,1,0.5,376.1948,0.0,9.158,120,5.0,2.0,1.0
025_C108,25,C,2,8,OPTIMAL,10.0157,2,0,0,0,2,0.0,0.0,0.0,10.0157,120,5.0,2.0,1.0
025_C108,25,C,2,9,OPTIMAL,442.0313,2,1,0,1,1,0.5,413.3468,0.0,28.6845,120,5.0,2.0,1.0
025_C108,25,C,4,0,OPTIMAL,523.2793,4,2,2,0,2,0.5,515.4644,0.0,7.8149,120,5.0,2.0,1.0
025_C108,25,C,4,1,OPTIMAL,451.8748,4,1,1,0,3,0.25,389.948,0.0,61.9269,120,5.0,2.0,1.0
025_C108,25,C,4,2,OPTIMAL,66.2204,4,0,0,0,4,0.0,0.0,0.0,66.2204,120,5.0,2.0,1.0
025_C108,25,C,4,3,OPTIMAL,533.8124,4,2,1,1,2,0.5,515.3306,0.0,18.4818,120,5.0,2.0,1.0
025_C108,25,C,4,4,OPTIMAL,729.1709,4,2,2,0,2,0.5,717.0967,0.0,12.0742,120,5.0,2.0,1.0
025_C108,25,C,4,5,OPTIMAL,552.5695,4,2,2,0,2,0.5,547.5934,0.0,4.9761,120,5.0,2.0,1.0
025_C108,25,C,4,6,OPTIMAL,528.2092,4,2,2,0,2,0.5,520.2654,0.0,7.9439,120,5.0,2.0,1.0
025_C108,25,C,4,7,OPTIMAL,324.0595,4,2,1,1,2,0.5,284.8943,0.0,39.1652,120,5.0,2.0,1.0
025_C108,25,C,4,8,OPTIMAL,851.6439,4,3,2,1,1,0.75,838.5421,0.0,13.1018,120,5.0,2.0,1.0
025_C108,25,C,4,9,OPTIMAL,546.4724,4,2,1,1,2,0.5,535.2767,0.0,11.1957,120,5.0,2.0,1.0
025_C108,25,C,6,0,OPTIMAL,939.2186,6,4,2,2,2,0.6667,923.3048,0.0,15.9138,120,5.0,2.0,1.0
025_C108,25,C,6,1,OPTIMAL,422.7369,6,1,1,0,5,0.1667,351.7624,0.0,70.9745,120,5.0,2.0,1.0
025_C108,25,C,6,2,OPTIMAL,707.3449,6,4,3,1,2,0.6667,705.1578,0.0,2.1871,120,5.0,2.0,1.0
025_C108,25,C,6,3,OPTIMAL,946.3928,6,4,1,3,2,0.6667,939.0231,0.0,7.3697,120,5.0,2.0,1.0
025_C108,25,C,6,4,OPTIMAL,210.4199,6,1,1,0,5,0.1667,173.3585,0.0,37.0614,120,5.0,2.0,1.0
025_C108,25,C,6,5,OPTIMAL,221.6993,6,1,0,1,5,0.1667,199.9086,0.0,21.7907,120,5.0,2.0,1.0
025_C108,25,C,6,6,OPTIMAL,371.0062,6,2,1,1,4,0.3333,346.5644,0.0,24.4418,120,5.0,2.0,1.0
025_C108,25,C,6,7,OPTIMAL,224.1516,6,1,0,1,5,0.1667,162.5533,0.0,61.5983,120,5.0,2.0,1.0
025_C108,25,C,6,8,OPTIMAL,808.8566,6,2,2,0,4,0.3333,784.3648,0.0,24.4917,120,5.0,2.0,1.0
025_C108,25,C,6,9,OPTIMAL,574.4233,6,2,1,1,4,0.3333,544.2273,0.0,30.196,120,5.0,2.0,1.0
025_C109,25,C,2,0,OPTIMAL,522.6892,2,2,1,1,0,1.0,522.6892,0.0,0.0,120,5.0,2.0,1.0
025_C109,25,C,2,1,OPTIMAL,591.3086,2,2,1,1,0,1.0,591.3086,0.0,0.0,120,5.0,2.0,1.0
025_C109,25,C,2,2,OPTIMAL,216.7522,2,1,0,1,1,0.5,212.6841,0.0,4.0682,120,5.0,2.0,1.0
025_C109,25,C,2,3,OPTIMAL,428.9666,2,1,1,0,1,0.5,418.7677,0.0,10.1989,120,5.0,2.0,1.0
025_C109,25,C,2,4,OPTIMAL,241.6303,2,2,0,2,0,1.0,241.6303,0.0,0.0,120,5.0,2.0,1.0
025_C109,25,C,2,5,OPTIMAL,538.6222,2,2,0,2,0,1.0,538.6222,0.0,0.0,120,5.0,2.0,1.0
025_C109,25,C,2,6,OPTIMAL,87.1677,2,0,0,0,2,0.0,0.0,0.0,87.1677,120,5.0,2.0,1.0
025_C109,25,C,2,7,OPTIMAL,385.3529,2,1,1,0,1,0.5,376.1948,0.0,9.158,120,5.0,2.0,1.0
025_C109,25,C,2,8,OPTIMAL,10.0157,2,0,0,0,2,0.0,0.0,0.0,10.0157,120,5.0,2.0,1.0
025_C109,25,C,2,9,OPTIMAL,415.1748,2,1,1,0,1,0.5,413.3468,0.0,1.828,120,5.0,2.0,1.0
025_C109,25,C,4,0,OPTIMAL,726.6675,4,3,2,1,1,0.75,726.6551,0.0,0.0124,120,5.0,2.0,1.0
025_C109,25,C,4,1,OPTIMAL,967.7752,4,3,1,2,1,0.75,918.8982,0.0,48.877,120,5.0,2.0,1.0
025_C109,25,C,4,2,OPTIMAL,205.3131,4,1,0,1,3,0.25,148.5613,0.0,56.7517,120,5.0,2.0,1.0
025_C109,25,C,4,3,OPTIMAL,530.4609,4,2,2,0,2,0.5,515.3306,0.0,15.1303,120,5.0,2.0,1.0
025_C109,25,C,4,4,OPTIMAL,977.0977,4,3,1,2,1,0.75,925.955,0.0,51.1427,120,5.0,2.0,1.0
025_C109,25,C,4,5,OPTIMAL,583.9026,4,2,1,1,2,0.5,547.5934,0.0,36.3092,120,5.0,2.0,1.0
025_C109,25,C,4,6,OPTIMAL,1035.8583,4,4,3,1,0,1.0,1035.8583,0.0,0.0,120,5.0,2.0,1.0
025_C109,25,C,4,7,OPTIMAL,230.9526,4,1,1,0,3,0.25,211.4711,0.0,19.4815,120,5.0,2.0,1.0
025_C109,25,C,4,8,OPTIMAL,698.9041,4,2,2,0,2,0.5,682.7812,0.0,16.1228,120,5.0,2.0,1.0
025_C109,25,C,4,9,OPTIMAL,685.6646,4,3,1,2,1,0.75,680.5804,0.0,5.0842,120,5.0,2.0,1.0
025_C109,25,C,6,0,OPTIMAL,1298.9098,6,5,4,1,1,0.8333,1293.1773,0.0,5.7325,120,5.0,2.0,1.0
025_C109,25,C,6,1,OPTIMAL,590.5924,6,2,0,2,4,0.3333,500.183,0.0,90.4094,120,5.0,2.0,1.0
025_C109,25,C,6,2,OPTIMAL,996.144,6,4,3,1,2,0.6667,967.1943,0.0,28.9498,120,5.0,2.0,1.0
025_C109,25,C,6,3,OPTIMAL,1606.8523,6,6,4,2,0,1.0,1606.8523,0.0,0.0,120,5.0,2.0,1.0
025_C109,25,C,6,4,OPTIMAL,773.7875,6,5,1,4,1,0.8333,771.722,0.0,2.0655,120,5.0,2.0,1.0
025_C109,25,C,6,5,OPTIMAL,485.5929,6,3,1,2,3,0.5,477.5757,0.0,8.0171,120,5.0,2.0,1.0
025_C109,25,C,6,6,OPTIMAL,471.1368,6,3,2,1,3,0.5,463.7589,0.0,7.378,120,5.0,2.0,1.0
025_C109,25,C,6,7,OPTIMAL,441.8174,6,1,0,1,5,0.1667,387.3663,0.0,54.4511,120,5.0,2.0,1.0
025_C109,25,C,6,8,OPTIMAL,1083.9621,6,4,2,2,2,0.6667,1075.7704,0.0,8.1917,120,5.0,2.0,1.0
025_C109,25,C,6,9,OPTIMAL,651.7237,6,4,1,3,2,0.6667,606.7602,0.0,44.9635,120,5.0,2.0,1.0
025_C201,25,C,2,0,OPTIMAL,405.2815,2,1,0,1,1,0.5,401.7697,0.0,3.5118,120,5.0,2.0,1.0
025_C201,25,C,2,1,OPTIMAL,252.5584,2,1,1,0,1,0.5,248.4774,0.0,4.0811,120,5.0,2.0,1.0
025_C201,25,C,2,2,OPTIMAL,416.2413,2,1,1,0,1,0.5,405.6207,0.0,10.6206,120,5.0,2.0,1.0
025_C201,25,C,2,3,OPTIMAL,280.5034,2,1,1,0,1,0.5,257.8483,0.0,22.6551,120,5.0,2.0,1.0
025_C201,25,C,2,4,OPTIMAL,279.7912,2,1,1,0,1,0.5,276.0169,0.0,3.7742,120,5.0,2.0,1.0
025_C201,25,C,2,5,OPTIMAL,398.127,2,1,0,1,1,0.5,366.2044,0.0,31.9226,120,5.0,2.0,1.0
025_C201,25,C,2,6,OPTIMAL,373.1172,2,1,1,0,1,0.5,367.6306,0.0,5.4866,120,5.0,2.0,1.0
025_C201,25,C,2,7,OPTIMAL,385.3197,2,1,1,0,1,0.5,378.0095,0.0,7.3103,120,5.0,2.0,1.0
025_C201,25,C,2,8,OPTIMAL,282.0316,2,2,2,0,0,1.0,282.0316,0.0,0.0,120,5.0,2.0,1.0
025_C201,25,C,2,9,OPTIMAL,135.9515,2,1,1,0,1,0.5,129.475,0.0,6.4765,120,5.0,2.0,1.0
025_C201,25,C,4,0,OPTIMAL,524.6481,4,2,1,1,2,0.5,507.6822,0.0,16.9659,120,5.0,2.0,1.0
025_C201,25,C,4,1,OPTIMAL,377.4645,4,2,1,1,2,0.5,367.2914,0.0,10.1731,120,5.0,2.0,1.0
025_C201,25,C,4,2,OPTIMAL,807.8557,4,3,2,1,1,0.75,799.1986,0.0,8.6571,120,5.0,2.0,1.0
025_C201,25,C,4,3,OPTIMAL,229.3732,4,1,1,0,3,0.25,182.9414,0.0,46.4318,120,5.0,2.0,1.0
025_C201,25,C,4,4,OPTIMAL,488.1735,4,2,2,0,2,0.5,474.3094,0.0,13.8641,120,5.0,2.0,1.0
025_C201,25,C,4,5,OPTIMAL,499.4805,4,2,1,1,2,0.5,456.2352,0.0,43.2452,120,5.0,2.0,1.0
025_C201,25,C,4,6,OPTIMAL,145.8228,4,1,0,1,3,0.25,117.8044,0.0,28.0184,120,5.0,2.0,1.0
025_C201,25,C,4,7,OPTIMAL,603.2921,4,2,1,1,2,0.5,589.018,0.0,14.2741,120,5.0,2.0,1.0
025_C201,25,C,4,8,OPTIMAL,966.3301,4,3,1,2,1,0.75,943.3082,0.0,23.0218,120,5.0,2.0,1.0
025_C201,25,C,4,9,OPTIMAL,565.4847,4,2,2,0,2,0.5,559.6415,0.0,5.8432,120,5.0,2.0,1.0
025_C201,25,C,6,0,OPTIMAL,1137.8277,6,3,3,0,3,0.5,1069.0097,0.0,68.8181,120,5.0,2.0,1.0
025_C201,25,C,6,1,OPTIMAL,1736.3366,6,6,5,1,0,1.0,1736.3366,0.0,0.0,120,5.0,2.0,1.0
025_C201,25,C,6,2,OPTIMAL,1261.5417,6,4,4,0,2,0.6667,1213.4747,0.0,48.067,120,5.0,2.0,1.0
025_C201,25,C,6,3,OPTIMAL,565.5223,6,3,2,1,3,0.5,463.2293,0.0,102.293,120,5.0,2.0,1.0
025_C201,25,C,6,4,OPTIMAL,1099.4086,6,3,3,0,3,0.5,1069.4968,0.0,29.9117,120,5.0,2.0,1.0
025_C201,25,C,6,5,OPTIMAL,371.1924,6,2,2,0,4,0.3333,341.5034,0.0,29.6891,120,5.0,2.0,1.0
025_C201,25,C,6,6,OPTIMAL,1160.2417,6,4,4,0,2,0.6667,1155.1297,0.0,5.112,120,5.0,2.0,1.0
025_C201,25,C,6,7,OPTIMAL,642.1898,6,3,3,0,3,0.5,595.8896,0.0,46.3002,120,5.0,2.0,1.0
025_C201,25,C,6,8,OPTIMAL,1242.5346,6,5,4,1,1,0.8333,1199.0256,0.0,43.509,120,5.0,2.0,1.0
025_C201,25,C,6,9,OPTIMAL,745.3346,6,3,2,1,3,0.5,683.2031,0.0,62.1315,120,5.0,2.0,1.0
025_C202,25,C,2,0,OPTIMAL,691.6829,2,2,2,0,0,1.0,691.6829,0.0,0.0,120,5.0,2.0,1.0
025_C202,25,C,2,1,OPTIMAL,395.9484,2,2,1,1,0,1.0,395.9484,0.0,0.0,120,5.0,2.0,1.0
025_C202,25,C,2,2,OPTIMAL,416.2413,2,1,1,0,1,0.5,405.6207,0.0,10.6206,120,5.0,2.0,1.0
025_C202,25,C,2,3,OPTIMAL,280.5034,2,1,1,0,1,0.5,257.8483,0.0,22.6551,120,5.0,2.0,1.0
025_C202,25,C,2,4,OPTIMAL,279.7912,2,1,1,0,1,0.5,276.0169,0.0,3.7742,120,5.0,2.0,1.0
025_C202,25,C,2,5,OPTIMAL,398.127,2,1,1,0,1,0.5,366.2044,0.0,31.9226,120,5.0,2.0,1.0
025_C202,25,C,2,6,OPTIMAL,373.1172,2,1,1,0,1,0.5,367.6306,0.0,5.4866,120,5.0,2.0,1.0
025_C202,25,C,2,7,OPTIMAL,385.3197,2,1,1,0,1,0.5,378.0095,0.0,7.3103,120,5.0,2.0,1.0
025_C202,25,C,2,8,OPTIMAL,282.0316,2,2,2,0,0,1.0,282.0316,0.0,0.0,120,5.0,2.0,1.0
025_C202,25,C,2,9,OPTIMAL,228.4609,2,2,1,1,0,1.0,228.4609,0.0,0.0,120,5.0,2.0,1.0
025_C202,25,C,4,0,OPTIMAL,983.5061,4,4,2,2,0,1.0,983.5061,0.0,0.0,120,5.0,2.0,1.0
025_C202,25,C,4,1,OPTIMAL,386.6852,4,2,2,0,2,0.5,337.0534,0.0,49.6317,120,5.0,2.0,1.0
025_C202,25,C,4,2,OPTIMAL,591.8139,4,2,2,0,2,0.5,582.9777,0.0,8.8362,120,5.0,2.0,1.0
025_C202,25,C,4,3,OPTIMAL,651.4883,4,3,2,1,1,0.75,614.3801,0.0,37.1082,120,5.0,2.0,1.0
025_C202,25,C,4,4,OPTIMAL,674.5982,4,3,3,0,1,0.75,671.4722,0.0,3.126,120,5.0,2.0,1.0
025_C202,25,C,4,5,OPTIMAL,637.5836,4,3,1,2,1,0.75,615.8497,0.0,21.7339,120,5.0,2.0,1.0
025_C202,25,C,4,6,OPTIMAL,295.5442,4,1,1,0,3,0.25,289.139,0.0,6.4052,120,5.0,2.0,1.0
025_C202,25,C,4,7,OPTIMAL,840.1392,4,3,3,0,1,0.75,825.9417,0.0,14.1974,120,5.0,2.0,1.0
025_C202,25,C,4,8,OPTIMAL,643.3525,4,2,2,0,2,0.5,570.8817,0.0,72.4709,120,5.0,2.0,1.0
025_C202,25,C,4,9,OPTIMAL,706.5836,4,3,3,0,1,0.75,704.5098,0.0,2.0738,120,5.0,2.0,1.0
025_C202,25,C,6,0,OPTIMAL,1525.9633,6,5,5,0,1,0.8333,1519.9068,0.0,6.0565,120,5.0,2.0,1.0
025_C202,25,C,6,1,OPTIMAL,1567.6013,6,5,5,0,1,0.8333,1560.4045,0.0,7.1967,120,5.0,2.0,1.0
025_C202,25,C,6,2,OPTIMAL,1593.2501,6,6,5,1,0,1.0,1593.2501,0.0,0.0,120,5.0,2.0,1.0
025_C202,25,C,6,3,OPTIMAL,677.6509,6,3,2,1,3,0.5,637.653,0.0,39.998,120,5.0,2.0,1.0
025_C202,25,C,6,4,OPTIMAL,1192.4254,6,4,3,1,2,0.6667,1166.3097,0.0,26.1158,120,5.0,2.0,1.0
025_C202,25,C,6,5,OPTIMAL,371.1924,6,2,2,0,4,0.3333,341.5034,0.0,29.6891,120,5.0,2.0,1.0
025_C202,25,C,6,6,OPTIMAL,1160.2417,6,4,4,0,2,0.6667,1155.1297,0.0,5.112,120,5.0,2.0,1.0
025_C202,25,C,6,7,OPTIMAL,1006.59,6,4,3,1,2,0.6667,964.9241,0.0,41.6659,120,5.0,2.0,1.0
025_C202,25,C,6,8,OPTIMAL,1505.7995,6,6,6,0,0,1.0,1505.7995,0.0,0.0,120,5.0,2.0,1.0
025_C202,25,C,6,9,OPTIMAL,1254.7786,6,5,4,1,1,0.8333,1253.6596,0.0,1.119,120,5.0,2.0,1.0
025_C203,25,C,2,0,OPTIMAL,691.6829,2,2,2,0,0,1.0,691.6829,0.0,0.0,120,5.0,2.0,1.0
025_C203,25,C,2,1,OPTIMAL,395.9484,2,2,2,0,0,1.0,395.9484,0.0,0.0,120,5.0,2.0,1.0
025_C203,25,C,2,2,OPTIMAL,416.2413,2,1,1,0,1,0.5,405.6207,0.0,10.6206,120,5.0,2.0,1.0
025_C203,25,C,2,3,OPTIMAL,634.3159,2,2,1,1,0,1.0,634.3159,0.0,0.0,120,5.0,2.0,1.0
025_C203,25,C,2,4,OPTIMAL,279.7912,2,1,1,0,1,0.5,276.0169,0.0,3.7742,120,5.0,2.0,1.0
025_C203,25,C,2,5,OPTIMAL,759.0033,2,2,1,1,0,1.0,759.0033,0.0,0.0,120,5.0,2.0,1.0
025_C203,25,C,2,6,OPTIMAL,514.6071,2,2,2,0,0,1.0,514.6071,0.0,0.0,120,5.0,2.0,1.0
025_C203,25,C,2,7,OPTIMAL,385.3197,2,1,1,0,1,0.5,378.0095,0.0,7.3103,120,5.0,2.0,1.0
025_C203,25,C,2,8,OPTIMAL,282.0316,2,2,2,0,0,1.0,282.0316,0.0,0.0,120,5.0,2.0,1.0
025_C203,25,C,2,9,OPTIMAL,228.4609,2,2,1,1,0,1.0,228.4609,0.0,0.0,120,5.0,2.0,1.0
025_C203,25,C,4,0,OPTIMAL,983.5061,4,4,3,1,0,1.0,983.5061,0.0,0.0,120,5.0,2.0,1.0
025_C203,25,C,4,1,OPTIMAL,610.6955,4,3,3,0,1,0.75,561.0883,0.0,49.6072,120,5.0,2.0,1.0
025_C203,25,C,4,2,OPTIMAL,591.8139,4,2,2,0,2,0.5,582.9777,0.0,8.8362,120,5.0,2.0,1.0
025_C203,25,C,4,3,OPTIMAL,1032.1437,4,4,3,1,0,1.0,1032.1437,0.0,0.0,120,5.0,2.0,1.0
025_C203,25,C,4,4,OPTIMAL,1067.1433,4,4,4,0,0,1.0,1067.1433,0.0,0.0,120,5.0,2.0,1.0
025_C203,25,C,4,5,OPTIMAL,637.5836,4,3,1,2,1,0.75,615.8497,0.0,21.7339,120,5.0,2.0,1.0
025_C203,25,C,4,6,OPTIMAL,986.7532,4,3,3,0,1,0.75,986.5499,0.0,0.2034,120,5.0,2.0,1.0
025_C203,25,C,4,7,OPTIMAL,840.1392,4,3,3,0,1,0.75,825.9417,0.0,14.1974,120,5.0,2.0,1.0
025_C203,25,C,4,8,OPTIMAL,923.1806,4,3,2,1,1,0.75,873.7316,0.0,49.449,120,5.0,2.0,1.0
025_C203,25,C,4,9,OPTIMAL,1044.7145,4,4,4,0,0,1.0,1044.7145,0.0,0.0,120,5.0,2.0,1.0
025_C203,25,C,6,0,OPTIMAL,1750.7145,6,6,5,1,0,1.0,1750.7145,0.0,0.0,120,5.0,2.0,1.0
025_C203,25,C,6,1,OPTIMAL,1567.6013,6,5,5,0,1,0.8333,1560.4045,0.0,7.1967,120,5.0,2.0,1.0
025_C203,25,C,6,2,OPTIMAL,1593.2501,6,6,5,1,0,1.0,1593.2501,0.0,0.0,120,5.0,2.0,1.0
025_C203,25,C,6,3,OPTIMAL,928.2835,6,4,4,0,2,0.6667,888.2983,0.0,39.9852,120,5.0,2.0,1.0
025_C203,25,C,6,4,OPTIMAL,1460.7282,6,5,4,1,1,0.8333,1456.9322,0.0,3.796,120,5.0,2.0,1.0
025_C203,25,C,6,5,OPTIMAL,1086.6194,6,5,3,2,1,0.8333,1074.6591,0.0,11.9603,120,5.0,2.0,1.0
025_C203,25,C,6,6,OPTIMAL,1368.078,6,6,6,0,0,1.0,1368.078,0.0,0.0,120,5.0,2.0,1.0
025_C203,25,C,6,7,OPTIMAL,1481.0258,6,6,5,1,0,1.0,1481.0258,0.0,0.0,120,5.0,2.0,1.0
025_C203,25,C,6,8,OPTIMAL,1505.7995,6,6,6,0,0,1.0,1505.7995,0.0,0.0,120,5.0,2.0,1.0
025_C203,25,C,6,9,OPTIMAL,1495.4545,6,6,5,1,0,1.0,1495.4545,0.0,0.0,120,5.0,2.0,1.0
025_C204,25,C,2,0,OPTIMAL,691.6829,2,2,2,0,0,1.0,691.6829,0.0,0.0,120,5.0,2.0,1.0
025_C204,25,C,2,1,OPTIMAL,395.9484,2,2,2,0,0,1.0,395.9484,0.0,0.0,120,5.0,2.0,1.0
025_C204,25,C,2,2,OPTIMAL,416.2413,2,1,1,0,1,0.5,405.6207,0.0,10.6206,120,5.0,2.0,1.0
025_C204,25,C,2,3,OPTIMAL,634.3159,2,2,1,1,0,1.0,634.3159,0.0,0.0,120,5.0,2.0,1.0
025_C204,25,C,2,4,OPTIMAL,279.7912,2,1,1,0,1,0.5,276.0169,0.0,3.7742,120,5.0,2.0,1.0
025_C204,25,C,2,5,OPTIMAL,759.0033,2,2,1,1,0,1.0,759.0033,0.0,0.0,120,5.0,2.0,1.0
025_C204,25,C,2,6,OPTIMAL,514.6071,2,2,2,0,0,1.0,514.6071,0.0,0.0,120,5.0,2.0,1.0
025_C204,25,C,2,7,OPTIMAL,385.3197,2,1,1,0,1,0.5,378.0095,0.0,7.3103,120,5.0,2.0,1.0
025_C204,25,C,2,8,OPTIMAL,282.0316,2,2,2,0,0,1.0,282.0316,0.0,0.0,120,5.0,2.0,1.0
025_C204,25,C,2,9,OPTIMAL,228.4609,2,2,1,1,0,1.0,228.4609,0.0,0.0,120,5.0,2.0,1.0
025_C204,25,C,4,0,OPTIMAL,983.5061,4,4,4,0,0,1.0,983.5061,0.0,0.0,120,5.0,2.0,1.0
025_C204,25,C,4,1,OPTIMAL,610.6955,4,3,3,0,1,0.75,561.0883,0.0,49.6072,120,5.0,2.0,1.0
025_C204,25,C,4,2,OPTIMAL,758.4801,4,3,3,0,1,0.75,758.301,0.0,0.1791,120,5.0,2.0,1.0
025_C204,25,C,4,3,OPTIMAL,1032.1437,4,4,3,1,0,1.0,1032.1437,0.0,0.0,120,5.0,2.0,1.0
025_C204,25,C,4,4,OPTIMAL,1067.1433,4,4,4,0,0,1.0,1067.1433,0.0,0.0,120,5.0,2.0,1.0
025_C204,25,C,4,5,OPTIMAL,637.5836,4,3,1,2,1,0.75,615.8497,0.0,21.7339,120,5.0,2.0,1.0
025_C204,25,C,4,6,OPTIMAL,986.7532,4,3,3,0,1,0.75,986.5499,0.0,0.2034,120,5.0,2.0,1.0
025_C204,25,C,4,7,OPTIMAL,840.1392,4,3,3,0,1,0.75,825.9417,0.0,14.1974,120,5.0,2.0,1.0
025_C204,25,C,4,8,OPTIMAL,923.1806,4,3,2,1,1,0.75,873.7316,0.0,49.449,120,5.0,2.0,1.0
025_C204,25,C,4,9,OPTIMAL,1044.7145,4,4,4,0,0,1.0,1044.7145,0.0,0.0,120,5.0,2.0,1.0
025_C204,25,C,6,0,OPTIMAL,1750.7145,6,6,5,1,0,1.0,1750.7145,0.0,0.0,120,5.0,2.0,1.0
025_C204,25,C,6,1,OPTIMAL,1567.6013,6,5,5,0,1,0.8333,1560.4045,0.0,7.1967,120,5.0,2.0,1.0
025_C204,25,C,6,2,OPTIMAL,1593.2501,6,6,5,1,0,1.0,1593.2501,0.0,0.0,120,5.0,2.0,1.0
025_C204,25,C,6,3,OPTIMAL,928.2835,6,4,4,0,2,0.6667,888.2983,0.0,39.9852,120,5.0,2.0,1.0
025_C204,25,C,6,4,OPTIMAL,1460.7282,6,5,4,1,1,0.8333,1456.9322,0.0,3.796,120,5.0,2.0,1.0
025_C204,25,C,6,5,OPTIMAL,1086.6194,6,5,3,2,1,0.8333,1074.6591,0.0,11.9603,120,5.0,2.0,1.0
025_C204,25,C,6,6,OPTIMAL,1368.078,6,6,6,0,0,1.0,1368.078,0.0,0.0,120,5.0,2.0,1.0
025_C204,25,C,6,7,OPTIMAL,1481.0258,6,6,5,1,0,1.0,1481.0258,0.0,0.0,120,5.0,2.0,1.0
025_C204,25,C,6,8,OPTIMAL,1505.7995,6,6,6,0,0,1.0,1505.7995,0.0,0.0,120,5.0,2.0,1.0
025_C204,25,C,6,9,OPTIMAL,1495.4545,6,6,5,1,0,1.0,1495.4545,0.0,0.0,120,5.0,2.0,1.0
025_C205,25,C,2,0,OPTIMAL,347.6209,2,1,1,0,1,0.5,289.9132,0.0,57.7077,120,5.0,2.0,1.0
025_C205,25,C,2,1,OPTIMAL,395.9484,2,2,2,0,0,1.0,395.9484,0.0,0.0,120,5.0,2.0,1.0
025_C205,25,C,2,2,OPTIMAL,804.9892,2,2,2,0,0,1.0,804.9892,0.0,0.0,120,5.0,2.0,1.0
025_C205,25,C,2,3,OPTIMAL,266.9668,2,1,1,0,1,0.5,257.8483,0.0,9.1185,120,5.0,2.0,1.0
025_C205,25,C,2,4,OPTIMAL,42.6192,2,0,0,0,2,0.0,0.0,0.0,42.6192,120,5.0,2.0,1.0
025_C205,25,C,2,5,OPTIMAL,406.7883,2,1,1,0,1,0.5,366.2044,0.0,40.5839,120,5.0,2.0,1.0
025_C205,25,C,2,6,OPTIMAL,375.4161,2,1,1,0,1,0.5,367.6306,0.0,7.7855,120,5.0,2.0,1.0
025_C205,25,C,2,7,OPTIMAL,67.7658,2,0,0,0,2,0.0,0.0,0.0,67.7658,120,5.0,2.0,1.0
025_C205,25,C,2,8,OPTIMAL,282.0316,2,2,2,0,0,1.0,282.0316,0.0,0.0,120,5.0,2.0,1.0
025_C205,25,C,2,9,OPTIMAL,19.0323,2,0,0,0,2,0.0,0.0,0.0,19.0323,120,5.0,2.0,1.0
025_C205,25,C,4,0,OPTIMAL,983.5061,4,4,4,0,0,1.0,983.5061,0.0,0.0,120,5.0,2.0,1.0
025_C205,25,C,4,1,OPTIMAL,587.4097,4,3,3,0,1,0.75,586.8879,0.0,0.5218,120,5.0,2.0,1.0
025_C205,25,C,4,2,OPTIMAL,330.4563,4,1,1,0,3,0.25,279.1949,0.0,51.2614,120,5.0,2.0,1.0
025_C205,25,C,4,3,OPTIMAL,229.8527,4,1,1,0,3,0.25,180.7311,0.0,49.1216,120,5.0,2.0,1.0
025_C205,25,C,4,4,OPTIMAL,675.2008,4,3,3,0,1,0.75,671.4722,0.0,3.7286,120,5.0,2.0,1.0
025_C205,25,C,4,5,OPTIMAL,530.8106,4,2,2,0,2,0.5,510.6992,0.0,20.1114,120,5.0,2.0,1.0
025_C205,25,C,4,6,OPTIMAL,30.9271,4,0,0,0,4,0.0,0.0,0.0,30.9271,120,5.0,2.0,1.0
025_C205,25,C,4,7,OPTIMAL,639.9581,4,2,2,0,2,0.5,566.186,0.0,73.7721,120,5.0,2.0,1.0
025_C205,25,C,4,8,OPTIMAL,782.0452,4,2,2,0,2,0.5,728.4615,0.0,53.5838,120,5.0,2.0,1.0
025_C205,25,C,4,9,OPTIMAL,247.4222,4,1,1,0,3,0.25,235.9184,0.0,11.5037,120,5.0,2.0,1.0
025_C205,25,C,6,0,OPTIMAL,845.6088,6,2,2,0,4,0.3333,670.4643,0.0,175.1445,120,5.0,2.0,1.0
025_C205,25,C,6,1,OPTIMAL,1451.4297,6,4,4,0,2,0.6667,1425.0825,0.0,26.3473,120,5.0,2.0,1.0
025_C205,25,C,6,2,OPTIMAL,1593.2501,6,6,6,0,0,1.0,1593.2501,0.0,0.0,120,5.0,2.0,1.0
025_C205,25,C,6,3,OPTIMAL,682.8909,6,3,3,0,3,0.5,637.653,0.0,45.238,120,5.0,2.0,1.0
025_C205,25,C,6,4,OPTIMAL,773.148,6,2,2,0,4,0.3333,733.1089,0.0,40.0391,120,5.0,2.0,1.0
025_C205,25,C,6,5,OPTIMAL,765.5656,6,3,3,0,3,0.5,754.4255,0.0,11.1401,120,5.0,2.0,1.0
025_C205,25,C,6,6,OPTIMAL,1170.6342,6,4,4,0,2,0.6667,1155.1297,0.0,15.5045,120,5.0,2.0,1.0
025_C205,25,C,6,7,OPTIMAL,899.7756,6,3,3,0,3,0.5,870.0597,0.0,29.7158,120,5.0,2.0,1.0
025_C205,25,C,6,8,OPTIMAL,1056.6944,6,4,4,0,2,0.6667,973.9624,0.0,82.732,120,5.0,2.0,1.0
025_C205,25,C,6,9,OPTIMAL,996.3117,6,3,3,0,3,0.5,957.2207,0.0,39.091,120,5.0,2.0,1.0
025_C206,25,C,2,0,OPTIMAL,110.6894,2,0,0,0,2,0.0,0.0,0.0,110.6894,120,5.0,2.0,1.0
025_C206,25,C,2,1,OPTIMAL,395.9484,2,2,2,0,0,1.0,395.9484,0.0,0.0,120,5.0,2.0,1.0
025_C206,25,C,2,2,OPTIMAL,804.9892,2,2,2,0,0,1.0,804.9892,0.0,0.0,120,5.0,2.0,1.0
025_C206,25,C,2,3,OPTIMAL,260.0215,2,1,1,0,1,0.5,257.8483,0.0,2.1732,120,5.0,2.0,1.0
025_C206,25,C,2,4,OPTIMAL,483.2763,2,2,2,0,0,1.0,483.2763,0.0,0.0,120,5.0,2.0,1.0
025_C206,25,C,2,5,OPTIMAL,428.681,2,1,1,0,1,0.5,366.2044,0.0,62.4766,120,5.0,2.0,1.0
025_C206,25,C,2,6,OPTIMAL,58.9282,2,0,0,0,2,0.0,0.0,0.0,58.9282,120,5.0,2.0,1.0
025_C206,25,C,2,7,OPTIMAL,766.1587,2,2,2,0,0,1.0,766.1587,0.0,0.0,120,5.0,2.0,1.0
025_C206,25,C,2,8,OPTIMAL,282.0316,2,2,2,0,0,1.0,282.0316,0.0,0.0,120,5.0,2.0,1.0
025_C206,25,C,2,9,OPTIMAL,117.51,2,1,1,0,1,0.5,98.986,0.0,18.524,120,5.0,2.0,1.0
025_C206,25,C,4,0,OPTIMAL,914.6803,4,3,3,0,1,0.75,900.7122,0.0,13.968,120,5.0,2.0,1.0
025_C206,25,C,4,1,OPTIMAL,380.5702,4,2,2,0,2,0.5,367.2914,0.0,13.2787,120,5.0,2.0,1.0
025_C206,25,C,4,2,OPTIMAL,809.9393,4,3,3,0,1,0.75,799.1986,0.0,10.7407,120,5.0,2.0,1.0
025_C206,25,C,4,3,OPTIMAL,334.6654,4,1,1,0,3,0.25,250.7076,0.0,83.9578,120,5.0,2.0,1.0
025_C206,25,C,4,4,OPTIMAL,677.7814,4,3,3,0,1,0.75,671.4722,0.0,6.3091,120,5.0,2.0,1.0
025_C206,25,C,4,5,OPTIMAL,828.1001,4,4,4,0,0,1.0,828.1001,0.0,0.0,120,5.0,2.0,1.0
025_C206,25,C,4,6,OPTIMAL,175.0603,4,1,1,0,3,0.25,117.8044,0.0,57.2558,120,5.0,2.0,1.0
025_C206,25,C,4,7,OPTIMAL,804.1488,4,2,2,0,2,0.5,751.4445,0.0,52.7042,120,5.0,2.0,1.0
025_C206,25,C,4,8,OPTIMAL,790.3933,4,2,2,0,2,0.5,728.4615,0.0,61.9318,120,5.0,2.0,1.0
025_C206,25,C,4,9,OPTIMAL,251.7094,4,1,1,0,3,0.25,235.9184,0.0,15.7909,120,5.0,2.0,1.0
025_C206,25,C,6,0,OPTIMAL,1191.7819,6,3,3,0,3,0.5,1122.9992,0.0,68.7827,120,5.0,2.0,1.0
025_C206,25,C,6,1,OPTIMAL,1091.1169,6,4,3,1,2,0.6667,1017.6118,0.0,73.5051,120,5.0,2.0,1.0
025_C206,25,C,6,2,OPTIMAL,1494.3974,6,5,5,0,1,0.8333,1481.6535,0.0,12.7439,120,5.0,2.0,1.0
025_C206,25,C,6,3,OPTIMAL,1140.6075,6,5,5,0,1,0.8333,1140.3183,0.0,0.2892,120,5.0,2.0,1.0
025_C206,25,C,6,4,OPTIMAL,1108.494,6,3,3,0,3,0.5,1069.4968,0.0,38.9972,120,5.0,2.0,1.0
025_C206,25,C,6,5,OPTIMAL,766.5773,6,3,3,0,3,0.5,754.4255,0.0,12.1518,120,5.0,2.0,1.0
025_C206,25,C,6,6,OPTIMAL,1241.5281,6,5,5,0,1,0.8333,1233.641,0.0,7.8871,120,5.0,2.0,1.0
025_C206,25,C,6,7,OPTIMAL,1090.2576,6,4,4,0,2,0.6667,1069.1125,0.0,21.1451,120,5.0,2.0,1.0
025_C206,25,C,6,8,OPTIMAL,958.3708,6,3,2,1,3,0.5,891.9814,0.0,66.3895,120,5.0,2.0,1.0
025_C206,25,C,6,9,OPTIMAL,891.4878,6,4,3,1,2,0.6667,844.2146,0.0,47.2732,120,5.0,2.0,1.0
025_C207,25,C,2,0,OPTIMAL,691.6829,2,2,2,0,0,1.0,691.6829,0.0,0.0,120,5.0,2.0,1.0
025_C207,25,C,2,1,OPTIMAL,255.6597,2,1,1,0,1,0.5,248.4774,0.0,7.1823,120,5.0,2.0,1.0
025_C207,25,C,2,2,OPTIMAL,804.9892,2,2,1,1,0,1.0,804.9892,0.0,0.0,120,5.0,2.0,1.0
025_C207,25,C,2,3,OPTIMAL,634.3159,2,2,2,0,0,1.0,634.3159,0.0,0.0,120,5.0,2.0,1.0
025_C207,25,C,2,4,OPTIMAL,287.8575,2,1,1,0,1,0.5,276.0169,0.0,11.8406,120,5.0,2.0,1.0
025_C207,25,C,2,5,OPTIMAL,759.0033,2,2,2,0,0,1.0,759.0033,0.0,0.0,120,5.0,2.0,1.0
025_C207,25,C,2,6,OPTIMAL,373.1563,2,1,1,0,1,0.5,367.6306,0.0,5.5257,120,5.0,2.0,1.0
025_C207,25,C,2,7,OPTIMAL,766.1587,2,2,2,0,0,1.0,766.1587,0.0,0.0,120,5.0,2.0,1.0
025_C207,25,C,2,8,OPTIMAL,282.0316,2,2,2,0,0,1.0,282.0316,0.0,0.0,120,5.0,2.0,1.0
025_C207,25,C,2,9,OPTIMAL,228.4609,2,2,2,0,0,1.0,228.4609,0.0,0.0,120,5.0,2.0,1.0
025_C207,25,C,4,0,OPTIMAL,533.7615,4,2,2,0,2,0.5,507.6822,0.0,26.0793,120,5.0,2.0,1.0
025_C207,25,C,4,1,OPTIMAL,177.3252,4,1,1,0,3,0.25,117.457,0.0,59.8683,120,5.0,2.0,1.0
025_C207,25,C,4,2,OPTIMAL,819.5032,4,3,3,0,1,0.75,799.1986,0.0,20.3046,120,5.0,2.0,1.0
025_C207,25,C,4,3,OPTIMAL,610.8353,4,2,2,0,2,0.5,600.705,0.0,10.1303,120,5.0,2.0,1.0
025_C207,25,C,4,4,OPTIMAL,492.4067,4,2,2,0,2,0.5,474.3094,0.0,18.0972,120,5.0,2.0,1.0
025_C207,25,C,4,5,OPTIMAL,828.1001,4,4,4,0,0,1.0,828.1001,0.0,0.0,120,5.0,2.0,1.0
025_C207,25,C,4,6,OPTIMAL,184.0124,4,1,1,0,3,0.25,117.8044,0.0,66.208,120,5.0,2.0,1.0
025_C207,25,C,4,7,OPTIMAL,1012.5455,4,3,3,0,1,0.75,1011.2003,0.0,1.3452,120,5.0,2.0,1.0
025_C207,25,C,4,8,OPTIMAL,696.8233,4,2,2,0,2,0.5,658.8848,0.0,37.9385,120,5.0,2.0,1.0
025_C207,25,C,4,9,OPTIMAL,252.654,4,1,1,0,3,0.25,235.9184,0.0,16.7356,120,5.0,2.0,1.0
025_C207,25,C,6,0,OPTIMAL,1043.6531,6,3,3,0,3,0.5,966.7519,0.0,76.9011,120,5.0,2.0,1.0
025_C207,25,C,6,1,OPTIMAL,1105.5043,6,4,4,0,2,0.6667,1091.0222,0.0,14.4821,120,5.0,2.0,1.0
025_C207,25,C,6,2,OPTIMAL,1071.4543,6,4,4,0,2,0.6667,1061.7239,0.0,9.7303,120,5.0,2.0,1.0
025_C207,25,C,6,3,OPTIMAL,1008.165,6,4,4,0,2,0.6667,967.1458,0.0,41.0192,120,5.0,2.0,1.0
025_C207,25,C,6,4,OPTIMAL,913.1948,6,4,3,1,2,0.6667,905.7153,0.0,7.4795,120,5.0,2.0,1.0
025_C207,25,C,6,5,OPTIMAL,1265.4708,6,5,4,1,1,0.8333,1235.4496,0.0,30.0211,120,5.0,2.0,1.0
025_C207,25,C,6,6,OPTIMAL,857.0278,6,3,3,0,3,0.5,823.9266,0.0,33.1012,120,5.0,2.0,1.0
025_C207,25,C,6,7,OPTIMAL,930.5261,6,4,4,0,2,0.6667,912.9385,0.0,17.5876,120,5.0,2.0,1.0
025_C207,25,C,6,8,OPTIMAL,1089.0652,6,4,3,1,2,0.6667,1050.9331,0.0,38.132,120,5.0,2.0,1.0
025_C207,25,C,6,9,OPTIMAL,1120.4181,6,4,4,0,2,0.6667,1118.2321,0.0,2.186,120,5.0,2.0,1.0
025_C208,25,C,2,0,OPTIMAL,691.6829,2,2,2,0,0,1.0,691.6829,0.0,0.0,120,5.0,2.0,1.0
025_C208,25,C,2,1,OPTIMAL,251.3781,2,1,1,0,1,0.5,248.4774,0.0,2.9007,120,5.0,2.0,1.0
025_C208,25,C,2,2,OPTIMAL,425.8746,2,1,1,0,1,0.5,405.6207,0.0,20.254,120,5.0,2.0,1.0
025_C208,25,C,2,3,OPTIMAL,634.3159,2,2,2,0,0,1.0,634.3159,0.0,0.0,120,5.0,2.0,1.0
025_C208,25,C,2,4,OPTIMAL,42.204,2,0,0,0,2,0.0,0.0,0.0,42.204,120,5.0,2.0,1.0
025_C208,25,C,2,5,OPTIMAL,759.0033,2,2,2,0,0,1.0,759.0033,0.0,0.0,120,5.0,2.0,1.0
025_C208,25,C,2,6,OPTIMAL,60.0301,2,0,0,0,2,0.0,0.0,0.0,60.0301,120,5.0,2.0,1.0
025_C208,25,C,2,7,OPTIMAL,766.1587,2,2,2,0,0,1.0,766.1587,0.0,0.0,120,5.0,2.0,1.0
025_C208,25,C,2,8,OPTIMAL,282.0316,2,2,2,0,0,1.0,282.0316,0.0,0.0,120,5.0,2.0,1.0
025_C208,25,C,2,9,OPTIMAL,228.4609,2,2,1,1,0,1.0,228.4609,0.0,0.0,120,5.0,2.0,1.0
025_C208,25,C,4,0,OPTIMAL,280.7504,4,2,1,1,2,0.5,201.7,0.0,79.0505,120,5.0,2.0,1.0
025_C208,25,C,4,1,OPTIMAL,588.6122,4,3,3,0,1,0.75,586.8879,0.0,1.7243,120,5.0,2.0,1.0
025_C208,25,C,4,2,OPTIMAL,771.5439,4,3,3,0,1,0.75,758.301,0.0,13.2429,120,5.0,2.0,1.0
025_C208,25,C,4,3,OPTIMAL,849.9191,4,3,3,0,1,0.75,849.2022,0.0,0.7168,120,5.0,2.0,1.0
025_C208,25,C,4,4,OPTIMAL,744.2991,4,3,2,1,1,0.75,708.373,0.0,35.9261,120,5.0,2.0,1.0
025_C208,25,C,4,5,OPTIMAL,428.0857,4,2,2,0,2,0.5,371.8648,0.0,56.2208,120,5.0,2.0,1.0
025_C208,25,C,4,6,OPTIMAL,366.5168,4,1,1,0,3,0.25,313.8149,0.0,52.7019,120,5.0,2.0,1.0
025_C208,25,C,4,7,OPTIMAL,731.6945,4,2,2,0,2,0.5,681.938,0.0,49.7565,120,5.0,2.0,1.0
025_C208,25,C,4,8,OPTIMAL,1246.1582,4,4,4,0,0,1.0,1246.1582,0.0,0.0,120,5.0,2.0,1.0
025_C208,25,C,4,9,OPTIMAL,1044.7145,4,4,3,1,0,1.0,1044.7145,0.0,0.0,120,5.0,2.0,1.0
025_C208,25,C,6,0,OPTIMAL,1543.5814,6,5,4,1,1,0.8333,1519.9068,0.0,23.6746,120,5.0,2.0,1.0
025_C208,25,C,6,1,OPTIMAL,1208.6145,6,4,2,2,2,0.6667,1204.2106,0.0,4.4039,120,5.0,2.0,1.0
025_C208,25,C,6,2,OPTIMAL,1036.3445,6,4,4,0,2,0.6667,1010.7134,0.0,25.631,120,5.0,2.0,1.0
025_C208,25,C,6,3,OPTIMAL,1022.0714,6,4,4,0,2,0.6667,1018.5758,0.0,3.4957,120,5.0,2.0,1.0
025_C208,25,C,6,4,OPTIMAL,705.4443,6,2,2,0,4,0.3333,676.8383,0.0,28.606,120,5.0,2.0,1.0
025_C208,25,C,6,5,OPTIMAL,526.36,6,3,1,2,3,0.5,492.4337,0.0,33.9263,120,5.0,2.0,1.0
025_C208,25,C,6,6,OPTIMAL,1149.2658,6,5,4,1,1,0.8333,1142.2943,0.0,6.9714,120,5.0,2.0,1.0
025_C208,25,C,6,7,OPTIMAL,805.2163,6,4,4,0,2,0.6667,794.9423,0.0,10.274,120,5.0,2.0,1.0
025_C208,25,C,6,8,OPTIMAL,1318.0064,6,5,5,0,1,0.8333,1293.4775,0.0,24.5289,120,5.0,2.0,1.0
025_C208,25,C,6,9,OPTIMAL,1258.4694,6,5,3,2,1,0.8333,1255.3776,0.0,3.0918,120,5.0,2.0,1.0
025_R101,25,R,2,0,OPTIMAL,3.9376,2,0,0,0,2,0.0,0.0,0.0,3.9376,120,5.0,2.0,1.0
025_R101,25,R,2,1,OPTIMAL,8.9964,2,0,0,0,2,0.0,0.0,0.0,8.9964,120,5.0,2.0,1.0
025_R101,25,R,2,2,OPTIMAL,108.4581,2,0,0,0,2,0.0,0.0,18.7083,89.7497,120,5.0,2.0,1.0
025_R101,25,R,2,3,OPTIMAL,14.8026,2,0,0,0,2,0.0,0.0,0.0,14.8026,120,5.0,2.0,1.0
025_R101,25,R,2,4,OPTIMAL,0.2164,2,0,0,0,2,0.0,0.0,0.0,0.2164,120,5.0,2.0,1.0
025_R101,25,R,2,5,OPTIMAL,13.5247,2,0,0,0,2,0.0,0.0,0.0,13.5247,120,5.0,2.0,1.0
025_R101,25,R,2,6,OPTIMAL,86.5435,2,0,0,0,2,0.0,0.0,15.2973,71.2462,120,5.0,2.0,1.0
025_R101,25,R,2,7,OPTIMAL,24.2981,2,0,0,0,2,0.0,0.0,0.0,24.2981,120,5.0,2.0,1.0
025_R101,25,R,2,8,OPTIMAL,14.1372,2,0,0,0,2,0.0,0.0,0.0,14.1372,120,5.0,2.0,1.0
025_R101,25,R,2,9,OPTIMAL,4.3411,2,0,0,0,2,0.0,0.0,0.0,4.3411,120,5.0,2.0,1.0
025_R101,25,R,4,0,OPTIMAL,10.0417,4,0,0,0,4,0.0,0.0,0.0,10.0417,120,5.0,2.0,1.0
025_R101,25,R,4,1,OPTIMAL,7.9167,4,0,0,0,4,0.0,0.0,0.0,7.9167,120,5.0,2.0,1.0
025_R101,25,R,4,2,OPTIMAL,13.9448,4,0,0,0,4,0.0,0.0,0.0,13.9448,120,5.0,2.0,1.0
025_R101,25,R,4,3,OPTIMAL,48.7829,4,0,0,0,4,0.0,0.0,0.0,48.7829,120,5.0,2.0,1.0
025_R101,25,R,4,4,OPTIMAL,33.8336,4,0,0,0,4,0.0,0.0,1.3743,32.4593,120,5.0,2.0,1.0
025_R101,25,R,4,5,OPTIMAL,34.6063,4,0,0,0,4,0.0,0.0,0.0,34.6063,120,5.0,2.0,1.0
025_R101,25,R,4,6,OPTIMAL,15.0307,4,0,0,0,4,0.0,0.0,0.0,15.0307,120,5.0,2.0,1.0
025_R101,25,R,4,7,OPTIMAL,10.7947,4,0,0,0,4,0.0,0.0,0.0,10.7947,120,5.0,2.0,1.0
025_R101,25,R,4,8,OPTIMAL,5.3877,4,0,0,0,4,0.0,0.0,0.0,5.3877,120,5.0,2.0,1.0
025_R101,25,R,4,9,OPTIMAL,55.9944,4,0,0,0,4,0.0,0.0,2.1467,53.8477,120,5.0,2.0,1.0
025_R101,25,R,6,0,OPTIMAL,32.5757,6,0,0,0,6,0.0,0.0,0.0,32.5757,120,5.0,2.0,1.0
025_R101,25,R,6,1,OPTIMAL,57.376,6,0,0,0,6,0.0,0.0,0.0,57.376,120,5.0,2.0,1.0
025_R101,25,R,6,2,OPTIMAL,119.1304,6,0,0,0,6,0.0,0.0,11.4228,107.7077,120,5.0,2.0,1.0
025_R101,25,R,6,3,OPTIMAL,59.8559,6,0,0,0,6,0.0,0.0,0.0,59.8559,120,5.0,2.0,1.0
025_R101,25,R,6,4,OPTIMAL,9.299,6,0,0,0,6,0.0,0.0,0.0,9.299,120,5.0,2.0,1.0
025_R101,25,R,6,5,OPTIMAL,17.0344,6,0,0,0,6,0.0,0.0,0.0,17.0344,120,5.0,2.0,1.0
025_R101,25,R,6,6,OPTIMAL,32.316,6,0,0,0,6,0.0,0.0,0.0,32.316,120,5.0,2.0,1.0
025_R101,25,R,6,7,OPTIMAL,128.5051,6,0,0,0,6,0.0,0.0,16.752,111.7531,120,5.0,2.0,1.0
025_R101,25,R,6,8,OPTIMAL,78.2024,6,0,0,0,6,0.0,0.0,12.242,65.9605,120,5.0,2.0,1.0
025_R101,25,R,6,9,OPTIMAL,38.4057,6,0,0,0,6,0.0,0.0,0.0,38.4057,120,5.0,2.0,1.0
025_R102,25,R,2,0,OPTIMAL,4.9634,2,0,0,0,2,0.0,0.0,0.0,4.9634,120,5.0,2.0,1.0
025_R102,25,R,2,1,OPTIMAL,8.862,2,0,0,0,2,0.0,0.0,0.0,8.862,120,5.0,2.0,1.0
025_R102,25,R,2,2,OPTIMAL,60.8854,2,0,0,0,2,0.0,0.0,0.0,60.8854,120,5.0,2.0,1.0
025_R102,25,R,2,3,OPTIMAL,14.8026,2,0,0,0,2,0.0,0.0,0.0,14.8026,120,5.0,2.0,1.0
025_R102,25,R,2,4,OPTIMAL,0.2807,2,0,0,0,2,0.0,0.0,0.0,0.2807,120,5.0,2.0,1.0
025_R102,25,R,2,5,OPTIMAL,13.5247,2,0,0,0,2,0.0,0.0,0.0,13.5247,120,5.0,2.0,1.0
025_R102,25,R,2,6,OPTIMAL,50.0078,2,0,0,0,2,0.0,0.0,0.0,50.0078,120,5.0,2.0,1.0
025_R102,25,R,2,7,OPTIMAL,25.286,2,0,0,0,2,0.0,0.0,0.0,25.286,120,5.0,2.0,1.0
025_R102,25,R,2,8,OPTIMAL,14.1372,2,0,0,0,2,0.0,0.0,0.0,14.1372,120,5.0,2.0,1.0
025_R102,25,R,2,9,OPTIMAL,4.3411,2,0,0,0,2,0.0,0.0,0.0,4.3411,120,5.0,2.0,1.0
025_R102,25,R,4,0,OPTIMAL,15.4365,4,0,0,0,4,0.0,0.0,0.0,15.4365,120,5.0,2.0,1.0
025_R102,25,R,4,1,OPTIMAL,7.5601,4,0,0,0,4,0.0,0.0,0.0,7.5601,120,5.0,2.0,1.0
025_R102,25,R,4,2,OPTIMAL,13.9448,4,0,0,0,4,0.0,0.0,0.0,13.9448,120,5.0,2.0,1.0
025_R102,25,R,4,3,OPTIMAL,48.7829,4,0,0,0,4,0.0,0.0,0.0,48.7829,120,5.0,2.0,1.0
025_R102,25,R,4,4,OPTIMAL,28.538,4,0,0,0,4,0.0,0.0,0.0,28.538,120,5.0,2.0,1.0
025_R102,25,R,4,5,OPTIMAL,29.071,4,0,0,0,4,0.0,0.0,0.0,29.071,120,5.0,2.0,1.0
025_R102,25,R,4,6,OPTIMAL,18.5411,4,0,0,0,4,0.0,0.0,0.0,18.5411,120,5.0,2.0,1.0
025_R102,25,R,4,7,OPTIMAL,18.8353,4,0,0,0,4,0.0,0.0,0.0,18.8353,120,5.0,2.0,1.0
025_R102,25,R,4,8,OPTIMAL,5.3877,4,0,0,0,4,0.0,0.0,0.0,5.3877,120,5.0,2.0,1.0
025_R102,25,R,4,9,OPTIMAL,40.8898,4,0,0,0,4,0.0,0.0,0.0,40.8898,120,5.0,2.0,1.0
025_R102,25,R,6,0,OPTIMAL,31.4859,6,0,0,0,6,0.0,0.0,0.0,31.4859,120,5.0,2.0,1.0
025_R102,25,R,6,1,OPTIMAL,49.1478,6,0,0,0,6,0.0,0.0,0.0,49.1478,120,5.0,2.0,1.0
025_R102,25,R,6,2,OPTIMAL,90.6118,6,0,0,0,6,0.0,0.0,0.0,90.6118,120,5.0,2.0,1.0
025_R102,25,R,6,3,OPTIMAL,38.8765,6,0,0,0,6,0.0,0.0,0.0,38.8765,120,5.0,2.0,1.0
025_R102,25,R,6,4,OPTIMAL,8.9114,6,0,0,0,6,0.0,0.0,0.0,8.9114,120,5.0,2.0,1.0
025_R102,25,R,6,5,OPTIMAL,21.9292,6,0,0,0,6,0.0,0.0,0.0,21.9292,120,5.0,2.0,1.0
025_R102,25,R,6,6,OPTIMAL,33.7107,6,0,0,0,6,0.0,0.0,0.0,33.7107,120,5.0,2.0,1.0
025_R102,25,R,6,7,OPTIMAL,71.2176,6,0,0,0,6,0.0,0.0,0.0,71.2176,120,5.0,2.0,1.0
025_R102,25,R,6,8,OPTIMAL,42.0574,6,0,0,0,6,0.0,0.0,0.0,42.0574,120,5.0,2.0,1.0
025_R102,25,R,6,9,OPTIMAL,38.4057,6,0,0,0,6,0.0,0.0,0.0,38.4057,120,5.0,2.0,1.0
025_R103,25,R,2,0,OPTIMAL,3.9376,2,0,0,0,2,0.0,0.0,0.0,3.9376,120,5.0,2.0,1.0
025_R103,25,R,2,1,OPTIMAL,9.5481,2,0,0,0,2,0.0,0.0,0.0,9.5481,120,5.0,2.0,1.0
025_R103,25,R,2,2,OPTIMAL,67.4717,2,0,0,0,2,0.0,0.0,0.0,67.4717,120,5.0,2.0,1.0
025_R103,25,R,2,3,OPTIMAL,14.8026,2,0,0,0,2,0.0,0.0,0.0,14.8026,120,5.0,2.0,1.0
025_R103,25,R,2,4,OPTIMAL,0.931,2,0,0,0,2,0.0,0.0,0.0,0.931,120,5.0,2.0,1.0
025_R103,25,R,2,5,OPTIMAL,13.5247,2,0,0,0,2,0.0,0.0,0.0,13.5247,120,5.0,2.0,1.0
025_R103,25,R,2,6,OPTIMAL,23.5999,2,0,0,0,2,0.0,0.0,0.0,23.5999,120,5.0,2.0,1.0
025_R103,25,R,2,7,OPTIMAL,25.286,2,0,0,0,2,0.0,0.0,0.0,25.286,120,5.0,2.0,1.0
025_R103,25,R,2,8,OPTIMAL,23.5614,2,0,0,0,2,0.0,0.0,0.0,23.5614,120,5.0,2.0,1.0
025_R103,25,R,2,9,OPTIMAL,4.3411,2,0,0,0,2,0.0,0.0,0.0,4.3411,120,5.0,2.0,1.0
025_R103,25,R,4,0,OPTIMAL,18.6277,4,0,0,0,4,0.0,0.0,0.0,18.6277,120,5.0,2.0,1.0
025_R103,25,R,4,1,OPTIMAL,23.3424,4,0,0,0,4,0.0,0.0,0.0,23.3424,120,5.0,2.0,1.0
025_R103,25,R,4,2,OPTIMAL,13.9448,4,0,0,0,4,0.0,0.0,0.0,13.9448,120,5.0,2.0,1.0
025_R103,25,R,4,3,OPTIMAL,48.7829,4,0,0,0,4,0.0,0.0,0.0,48.7829,120,5.0,2.0,1.0
025_R103,25,R,4,4,OPTIMAL,24.783,4,0,0,0,4,0.0,0.0,0.0,24.783,120,5.0,2.0,1.0
025_R103,25,R,4,5,OPTIMAL,41.1504,4,0,0,0,4,0.0,0.0,0.0,41.1504,120,5.0,2.0,1.0
025_R103,25,R,4,6,OPTIMAL,17.4864,4,0,0,0,4,0.0,0.0,0.0,17.4864,120,5.0,2.0,1.0
025_R103,25,R,4,7,OPTIMAL,18.4329,4,0,0,0,4,0.0,0.0,0.0,18.4329,120,5.0,2.0,1.0
025_R103,25,R,4,8,OPTIMAL,5.3877,4,0,0,0,4,0.0,0.0,0.0,5.3877,120,5.0,2.0,1.0
025_R103,25,R,4,9,OPTIMAL,44.5572,4,0,0,0,4,0.0,0.0,0.0,44.5572,120,5.0,2.0,1.0
025_R103,25,R,6,0,OPTIMAL,36.3273,6,0,0,0,6,0.0,0.0,0.0,36.3273,120,5.0,2.0,1.0
025_R103,25,R,6,1,OPTIMAL,50.3488,6,0,0,0,6,0.0,0.0,0.0,50.3488,120,5.0,2.0,1.0
025_R103,25,R,6,2,OPTIMAL,104.364,6,0,0,0,6,0.0,0.0,0.0,104.364,120,5.0,2.0,1.0
025_R103,25,R,6,3,OPTIMAL,38.7633,6,0,0,0,6,0.0,0.0,0.0,38.7633,120,5.0,2.0,1.0
025_R103,25,R,6,4,OPTIMAL,12.1488,6,0,0,0,6,0.0,0.0,0.0,12.1488,120,5.0,2.0,1.0
025_R103,25,R,6,5,OPTIMAL,32.7815,6,0,0,0,6,0.0,0.0,0.0,32.7815,120,5.0,2.0,1.0
025_R103,25,R,6,6,OPTIMAL,49.9374,6,0,0,0,6,0.0,0.0,0.0,49.9374,120,5.0,2.0,1.0
025_R103,25,R,6,7,OPTIMAL,53.1383,6,0,0,0,6,0.0,0.0,0.0,53.1383,120,5.0,2.0,1.0
025_R103,25,R,6,8,OPTIMAL,60.0877,6,0,0,0,6,0.0,0.0,0.0,60.0877,120,5.0,2.0,1.0
025_R103,25,R,6,9,OPTIMAL,55.305,6,0,0,0,6,0.0,0.0,0.0,55.305,120,5.0,2.0,1.0
025_R104,25,R,2,0,OPTIMAL,25.312,2,0,0,0,2,0.0,0.0,0.0,25.312,120,5.0,2.0,1.0
025_R104,25,R,2,1,OPTIMAL,42.8221,2,0,0,0,2,0.0,0.0,0.0,42.8221,120,5.0,2.0,1.0
025_R104,25,R,2,2,OPTIMAL,148.3157,2,0,0,0,2,0.0,0.0,62.2452,86.0705,120,5.0,2.0,1.0
025_R104,25,R,2,3,OPTIMAL,14.8364,2,0,0,0,2,0.0,0.0,0.0,14.8364,120,5.0,2.0,1.0
025_R104,25,R,2,4,OPTIMAL,0.931,2,0,0,0,2,0.0,0.0,0.0,0.931,120,5.0,2.0,1.0
025_R104,25,R,2,5,OPTIMAL,88.3618,2,0,0,0,2,0.0,0.0,32.3858,55.976,120,5.0,2.0,1.0
025_R104,25,R,2,6,OPTIMAL,78.8635,2,0,0,0,2,0.0,0.0,18.0156,60.8479,120,5.0,2.0,1.0
025_R104,25,R,2,7,OPTIMAL,2.8581,2,0,0,0,2,0.0,0.0,0.0,2.8581,120,5.0,2.0,1.0
025_R104,25,R,2,8,OPTIMAL,40.4346,2,0,0,0,2,0.0,0.0,0.0,40.4346,120,5.0,2.0,1.0
025_R104,25,R,2,9,OPTIMAL,10.0355,2,0,0,0,2,0.0,0.0,0.0,10.0355,120,5.0,2.0,1.0
025_R104,25,R,4,0,OPTIMAL,72.4947,4,0,0,0,4,0.0,0.0,9.0416,63.4531,120,5.0,2.0,1.0
025_R104,25,R,4,1,OPTIMAL,51.4356,4,0,0,0,4,0.0,0.0,0.0,51.4356,120,5.0,2.0,1.0
025_R104,25,R,4,2,OPTIMAL,11.7416,4,0,0,0,4,0.0,0.0,0.0,11.7416,120,5.0,2.0,1.0
025_R104,25,R,4,3,OPTIMAL,102.0596,4,0,0,0,4,0.0,0.0,0.0,102.0596,120,5.0,2.0,1.0
025_R104,25,R,4,4,OPTIMAL,41.0108,4,0,0,0,4,0.0,0.0,0.0,41.0108,120,5.0,2.0,1.0
025_R104,25,R,4,5,OPTIMAL,92.6216,4,0,0,0,4,0.0,0.0,0.0,92.6216,120,5.0,2.0,1.0
025_R104,25,R,4,6,OPTIMAL,44.586,4,0,0,0,4,0.0,0.0,0.0,44.586,120,5.0,2.0,1.0
025_R104,25,R,4,7,OPTIMAL,18.4329,4,0,0,0,4,0.0,0.0,0.0,18.4329,120,5.0,2.0,1.0
025_R104,25,R,4,8,OPTIMAL,12.729,4,0,0,0,4,0.0,0.0,0.0,12.729,120,5.0,2.0,1.0
025_R104,25,R,4,9,OPTIMAL,46.3542,4,0,0,0,4,0.0,0.0,0.0,46.3542,120,5.0,2.0,1.0
025_R104,25,R,6,0,OPTIMAL,110.6467,6,0,0,0,6,0.0,0.0,17.39,93.2567,120,5.0,2.0,1.0
025_R104,25,R,6,1,OPTIMAL,192.2347,6,0,0,0,6,0.0,0.0,30.1211,162.1136,120,5.0,2.0,1.0
025_R104,25,R,6,2,OPTIMAL,184.6335,6,0,0,0,6,0.0,0.0,51.7059,132.9276,120,5.0,2.0,1.0
025_R104,25,R,6,3,OPTIMAL,165.5673,6,0,0,0,6,0.0,0.0,0.0,165.5673,120,5.0,2.0,1.0
025_R104,25,R,6,4,OPTIMAL,107.7809,6,0,0,0,6,0.0,0.0,20.1689,87.6121,120,5.0,2.0,1.0
025_R104,25,R,6,5,OPTIMAL,49.0188,6,0,0,0,6,0.0,0.0,0.0,49.0188,120,5.0,2.0,1.0
025_R104,25,R,6,6,OPTIMAL,53.6587,6,0,0,0,6,0.0,0.0,0.0,53.6587,120,5.0,2.0,1.0
025_R104,25,R,6,7,OPTIMAL,159.2527,6,0,0,0,6,0.0,0.0,52.3111,106.9416,120,5.0,2.0,1.0
025_R104,25,R,6,8,OPTIMAL,205.9601,6,0,0,0,6,0.0,0.0,63.1747,142.7854,120,5.0,2.0,1.0
025_R104,25,R,6,9,OPTIMAL,119.6304,6,0,0,0,6,0.0,0.0,16.5677,103.0627,120,5.0,2.0,1.0
025_R105,25,R,2,0,OPTIMAL,25.2862,2,0,0,0,2,0.0,0.0,0.0,25.2862,120,5.0,2.0,1.0
025_R105,25,R,2,1,OPTIMAL,30.5118,2,0,0,0,2,0.0,0.0,0.0,30.5118,120,5.0,2.0,1.0
025_R105,25,R,2,2,OPTIMAL,57.9869,2,0,0,0,2,0.0,0.0,0.0,57.9869,120,5.0,2.0,1.0
025_R105,25,R,2,3,OPTIMAL,0.6627,2,0,0,0,2,0.0,0.0,0.0,0.6627,120,5.0,2.0,1.0
025_R105,25,R,2,4,OPTIMAL,0.2164,2,0,0,0,2,0.0,0.0,0.0,0.2164,120,5.0,2.0,1.0
025_R105,25,R,2,5,OPTIMAL,40.4901,2,0,0,0,2,0.0,0.0,0.0,40.4901,120,5.0,2.0,1.0
025_R105,25,R,2,6,OPTIMAL,56.9791,2,0,0,0,2,0.0,0.0,0.0,56.9791,120,5.0,2.0,1.0
025_R105,25,R,2,7,OPTIMAL,20.0137,2,0,0,0,2,0.0,0.0,0.0,20.0137,120,5.0,2.0,1.0
025_R105,25,R,2,8,OPTIMAL,19.1992,2,0,0,0,2,0.0,0.0,0.0,19.1992,120,5.0,2.0,1.0
025_R105,25,R,2,9,OPTIMAL,14.8547,2,0,0,0,2,0.0,0.0,0.0,14.8547,120,5.0,2.0,1.0
025_R105,25,R,4,0,OPTIMAL,52.8684,4,0,0,0,4,0.0,0.0,0.0,52.8684,120,5.0,2.0,1.0
025_R105,25,R,4,1,OPTIMAL,35.8405,4,0,0,0,4,0.0,0.0,0.0,35.8405,120,5.0,2.0,1.0
025_R105,25,R,4,2,OPTIMAL,13.9448,4,0,0,0,4,0.0,0.0,0.0,13.9448,120,5.0,2.0,1.0
025_R105,25,R,4,3,OPTIMAL,77.5791,4,0,0,0,4,0.0,0.0,0.0,77.5791,120,5.0,2.0,1.0
025_R105,25,R,4,4,OPTIMAL,32.4593,4,0,0,0,4,0.0,0.0,0.0,32.4593,120,5.0,2.0,1.0
025_R105,25,R,4,5,OPTIMAL,39.7068,4,0,0,0,4,0.0,0.0,0.0,39.7068,120,5.0,2.0,1.0
025_R105,25,R,4,6,OPTIMAL,41.4187,4,0,0,0,4,0.0,0.0,0.0,41.4187,120,5.0,2.0,1.0
025_R105,25,R,4,7,OPTIMAL,23.4771,4,0,0,0,4,0.0,0.0,0.0,23.4771,120,5.0,2.0,1.0
025_R105,25,R,4,8,OPTIMAL,22.1457,4,0,0,0,4,0.0,0.0,0.0,22.1457,120,5.0,2.0,1.0
025_R105,25,R,4,9,OPTIMAL,73.7992,4,0,0,0,4,0.0,0.0,0.0,73.7992,120,5.0,2.0,1.0
025_R105,25,R,6,0,OPTIMAL,52.4081,6,0,0,0,6,0.0,0.0,0.0,52.4081,120,5.0,2.0,1.0
025_R105,25,R,6,1,OPTIMAL,76.1095,6,0,0,0,6,0.0,0.0,0.0,76.1095,120,5.0,2.0,1.0
025_R105,25,R,6,2,OPTIMAL,89.4746,6,0,0,0,6,0.0,0.0,0.0,89.4746,120,5.0,2.0,1.0
025_R105,25,R,6,3,OPTIMAL,34.4021,6,0,0,0,6,0.0,0.0,0.0,34.4021,120,5.0,2.0,1.0
025_R105,25,R,6,4,OPTIMAL,72.5611,6,0,0,0,6,0.0,0.0,0.0,72.5611,120,5.0,2.0,1.0
025_R105,25,R,6,5,OPTIMAL,32.7549,6,0,0,0,6,0.0,0.0,0.0,32.7549,120,5.0,2.0,1.0
025_R105,25,R,6,6,OPTIMAL,32.316,6,0,0,0,6,0.0,0.0,0.0,32.316,120,5.0,2.0,1.0
025_R105,25,R,6,7,OPTIMAL,88.2303,6,0,0,0,6,0.0,0.0,0.0,88.2303,120,5.0,2.0,1.0
025_R105,25,R,6,8,OPTIMAL,62.4534,6,0,0,0,6,0.0,0.0,0.0,62.4534,120,5.0,2.0,1.0
025_R105,25,R,6,9,OPTIMAL,42.6595,6,0,0,0,6,0.0,0.0,0.0,42.6595,120,5.0,2.0,1.0
025_R106,25,R,2,0,OPTIMAL,15.8237,2,0,0,0,2,0.0,0.0,0.0,15.8237,120,5.0,2.0,1.0
025_R106,25,R,2,1,OPTIMAL,8.862,2,0,0,0,2,0.0,0.0,0.0,8.862,120,5.0,2.0,1.0
025_R106,25,R,2,2,OPTIMAL,52.0722,2,0,0,0,2,0.0,0.0,0.0,52.0722,120,5.0,2.0,1.0
025_R106,25,R,2,3,OPTIMAL,0.6627,2,0,0,0,2,0.0,0.0,0.0,0.6627,120,5.0,2.0,1.0
025_R106,25,R,2,4,OPTIMAL,5.3544,2,0,0,0,2,0.0,0.0,0.0,5.3544,120,5.0,2.0,1.0
025_R106,25,R,2,5,OPTIMAL,13.5247,2,0,0,0,2,0.0,0.0,0.0,13.5247,120,5.0,2.0,1.0
025_R106,25,R,2,6,OPTIMAL,60.0078,2,0,0,0,2,0.0,0.0,0.0,60.0078,120,5.0,2.0,1.0
025_R106,25,R,2,7,OPTIMAL,24.9126,2,0,0,0,2,0.0,0.0,0.0,24.9126,120,5.0,2.0,1.0
025_R106,25,R,2,8,OPTIMAL,19.1992,2,0,0,0,2,0.0,0.0,0.0,19.1992,120,5.0,2.0,1.0
025_R106,25,R,2,9,OPTIMAL,4.3411,2,0,0,0,2,0.0,0.0,0.0,4.3411,120,5.0,2.0,1.0
025_R106,25,R,4,0,OPTIMAL,24.172,4,0,0,0,4,0.0,0.0,0.0,24.172,120,5.0,2.0,1.0
025_R106,25,R,4,1,OPTIMAL,32.2715,4,0,0,0,4,0.0,0.0,0.0,32.2715,120,5.0,2.0,1.0
025_R106,25,R,4,2,OPTIMAL,13.9448,4,0,0,0,4,0.0,0.0,0.0,13.9448,120,5.0,2.0,1.0
025_R106,25,R,4,3,OPTIMAL,54.664,4,0,0,0,4,0.0,0.0,0.0,54.664,120,5.0,2.0,1.0
025_R106,25,R,4,4,OPTIMAL,45.3082,4,0,0,0,4,0.0,0.0,0.0,45.3082,120,5.0,2.0,1.0
025_R106,25,R,4,5,OPTIMAL,52.0106,4,0,0,0,4,0.0,0.0,0.0,52.0106,120,5.0,2.0,1.0
025_R106,25,R,4,6,OPTIMAL,18.5411,4,0,0,0,4,0.0,0.0,0.0,18.5411,120,5.0,2.0,1.0
025_R106,25,R,4,7,OPTIMAL,18.8353,4,0,0,0,4,0.0,0.0,0.0,18.8353,120,5.0,2.0,1.0
025_R106,25,R,4,8,OPTIMAL,6.5844,4,0,0,0,4,0.0,0.0,0.0,6.5844,120,5.0,2.0,1.0
025_R106,25,R,4,9,OPTIMAL,87.7611,4,0,0,0,4,0.0,0.0,0.0,87.7611,120,5.0,2.0,1.0
025_R106,25,R,6,0,OPTIMAL,34.2272,6,0,0,0,6,0.0,0.0,0.0,34.2272,120,5.0,2.0,1.0
025_R106,25,R,6,1,OPTIMAL,49.1478,6,0,0,0,6,0.0,0.0,0.0,49.1478,120,5.0,2.0,1.0
025_R106,25,R,6,2,OPTIMAL,143.1855,6,0,0,0,6,0.0,0.0,0.0,143.1855,120,5.0,2.0,1.0
025_R106,25,R,6,3,OPTIMAL,39.2561,6,0,0,0,6,0.0,0.0,0.0,39.2561,120,5.0,2.0,1.0
025_R106,25,R,6,4,OPTIMAL,13.4963,6,0,0,0,6,0.0,0.0,0.0,13.4963,120,5.0,2.0,1.0
025_R106,25,R,6,5,OPTIMAL,72.2346,6,0,0,0,6,0.0,0.0,0.0,72.2346,120,5.0,2.0,1.0
025_R106,25,R,6,6,OPTIMAL,35.1559,6,0,0,0,6,0.0,0.0,0.0,35.1559,120,5.0,2.0,1.0
025_R106,25,R,6,7,OPTIMAL,65.7058,6,0,0,0,6,0.0,0.0,0.0,65.7058,120,5.0,2.0,1.0
025_R106,25,R,6,8,OPTIMAL,51.0262,6,0,0,0,6,0.0,0.0,0.0,51.0262,120,5.0,2.0,1.0
025_R106,25,R,6,9,OPTIMAL,57.68,6,0,0,0,6,0.0,0.0,0.0,57.68,120,5.0,2.0,1.0
025_R107,25,R,2,0,OPTIMAL,3.9376,2,0,0,0,2,0.0,0.0,0.0,3.9376,120,5.0,2.0,1.0
025_R107,25,R,2,1,OPTIMAL,8.7414,2,0,0,0,2,0.0,0.0,0.0,8.7414,120,5.0,2.0,1.0
025_R107,25,R,2,2,OPTIMAL,52.0722,2,0,0,0,2,0.0,0.0,0.0,52.0722,120,5.0,2.0,1.0
025_R107,25,R,2,3,OPTIMAL,0.6627,2,0,0,0,2,0.0,0.0,0.0,0.6627,120,5.0,2.0,1.0
025_R107,25,R,2,4,OPTIMAL,5.3544,2,0,0,0,2,0.0,0.0,0.0,5.3544,120,5.0,2.0,1.0
025_R107,25,R,2,5,OPTIMAL,13.5247,2,0,0,0,2,0.0,0.0,0.0,13.5247,120,5.0,2.0,1.0
025_R107,25,R,2,6,OPTIMAL,27.554,2,0,0,0,2,0.0,0.0,0.0,27.554,120,5.0,2.0,1.0
025_R107,25,R,2,7,OPTIMAL,24.9126,2,0,0,0,2,0.0,0.0,0.0,24.9126,120,5.0,2.0,1.0
025_R107,25,R,2,8,OPTIMAL,23.5614,2,0,0,0,2,0.0,0.0,0.0,23.5614,120,5.0,2.0,1.0
025_R107,25,R,2,9,OPTIMAL,4.3411,2,0,0,0,2,0.0,0.0,0.0,4.3411,120,5.0,2.0,1.0
025_R107,25,R,4,0,OPTIMAL,18.6277,4,0,0,0,4,0.0,0.0,0.0,18.6277,120,5.0,2.0,1.0
025_R107,25,R,4,1,OPTIMAL,23.5119,4,0,0,0,4,0.0,0.0,0.0,23.5119,120,5.0,2.0,1.0
025_R107,25,R,4,2,OPTIMAL,13.9448,4,0,0,0,4,0.0,0.0,0.0,13.9448,120,5.0,2.0,1.0
025_R107,25,R,4,3,OPTIMAL,48.7829,4,0,0,0,4,0.0,0.0,0.0,48.7829,120,5.0,2.0,1.0
025_R107,25,R,4,4,OPTIMAL,40.2462,4,0,0,0,4,0.0,0.0,0.0,40.2462,120,5.0,2.0,1.0
025_R107,25,R,4,5,OPTIMAL,51.7862,4,0,0,0,4,0.0,0.0,0.0,51.7862,120,5.0,2.0,1.0
025_R107,25,R,4,6,OPTIMAL,15.5839,4,0,0,0,4,0.0,0.0,0.0,15.5839,120,5.0,2.0,1.0
025_R107,25,R,4,7,OPTIMAL,19.3354,4,0,0,0,4,0.0,0.0,0.0,19.3354,120,5.0,2.0,1.0
025_R107,25,R,4,8,OPTIMAL,5.3877,4,0,0,0,4,0.0,0.0,0.0,5.3877,120,5.0,2.0,1.0
025_R107,25,R,4,9,OPTIMAL,44.5572,4,0,0,0,4,0.0,0.0,0.0,44.5572,120,5.0,2.0,1.0
025_R107,25,R,6,0,OPTIMAL,34.1658,6,0,0,0,6,0.0,0.0,0.0,34.1658,120,5.0,2.0,1.0
025_R107,25,R,6,1,OPTIMAL,49.1478,6,0,0,0,6,0.0,0.0,0.0,49.1478,120,5.0,2.0,1.0
025_R107,25,R,6,2,OPTIMAL,112.5802,6,0,0,0,6,0.0,0.0,0.0,112.5802,120,5.0,2.0,1.0
025_R107,25,R,6,3,OPTIMAL,24.0721,6,0,0,0,6,0.0,0.0,0.0,24.0721,120,5.0,2.0,1.0
025_R107,25,R,6,4,OPTIMAL,16.2044,6,0,0,0,6,0.0,0.0,0.0,16.2044,120,5.0,2.0,1.0
025_R107,25,R,6,5,OPTIMAL,48.8371,6,0,0,0,6,0.0,0.0,0.0,48.8371,120,5.0,2.0,1.0
025_R107,25,R,6,6,OPTIMAL,52.9445,6,0,0,0,6,0.0,0.0,0.0,52.9445,120,5.0,2.0,1.0
025_R107,25,R,6,7,OPTIMAL,35.6087,6,0,0,0,6,0.0,0.0,0.0,35.6087,120,5.0,2.0,1.0
025_R107,25,R,6,8,OPTIMAL,55.8395,6,0,0,0,6,0.0,0.0,0.0,55.8395,120,5.0,2.0,1.0
025_R107,25,R,6,9,OPTIMAL,55.6405,6,0,0,0,6,0.0,0.0,0.0,55.6405,120,5.0,2.0,1.0
025_R108,25,R,2,0,OPTIMAL,25.2862,2,0,0,0,2,0.0,0.0,0.0,25.2862,120,5.0,2.0,1.0
025_R108,25,R,2,1,OPTIMAL,42.8221,2,0,0,0,2,0.0,0.0,0.0,42.8221,120,5.0,2.0,1.0
025_R108,25,R,2,2,OPTIMAL,72.611,2,0,0,0,2,0.0,0.0,0.0,72.611,120,5.0,2.0,1.0
025_R108,25,R,2,3,OPTIMAL,108.1115,2,0,0,0,2,0.0,0.0,10.4381,97.6734,120,5.0,2.0,1.0
025_R108,25,R,2,4,OPTIMAL,29.3772,2,0,0,0,2,0.0,0.0,0.0,29.3772,120,5.0,2.0,1.0
025_R108,25,R,2,5,OPTIMAL,41.4192,2,0,0,0,2,0.0,0.0,0.0,41.4192,120,5.0,2.0,1.0
025_R108,25,R,2,6,OPTIMAL,331.1346,2,1,0,1,1,0.5,327.1063,0.0,4.0283,120,5.0,2.0,1.0
025_R108,25,R,2,7,OPTIMAL,25.286,2,0,0,0,2,0.0,0.0,0.0,25.286,120,5.0,2.0,1.0
025_R108,25,R,2,8,OPTIMAL,23.5614,2,0,0,0,2,0.0,0.0,0.0,23.5614,120,5.0,2.0,1.0
025_R108,25,R,2,9,OPTIMAL,14.8547,2,0,0,0,2,0.0,0.0,0.0,14.8547,120,5.0,2.0,1.0
025_R108,25,R,4,0,OPTIMAL,58.5767,4,0,0,0,4,0.0,0.0,0.0,58.5767,120,5.0,2.0,1.0
025_R108,25,R,4,1,OPTIMAL,86.8661,4,0,0,0,4,0.0,0.0,0.0,86.8661,120,5.0,2.0,1.0
025_R108,25,R,4,2,OPTIMAL,35.5404,4,0,0,0,4,0.0,0.0,0.0,35.5404,120,5.0,2.0,1.0
025_R108,25,R,4,3,OPTIMAL,582.6786,4,2,0,2,2,0.5,540.8148,0.0,41.8638,120,5.0,2.0,1.0
025_R108,25,R,4,4,OPTIMAL,40.2462,4,0,0,0,4,0.0,0.0,0.0,40.2462,120,5.0,2.0,1.0
025_R108,25,R,4,5,OPTIMAL,117.5278,4,0,0,0,4,0.0,0.0,0.0,117.5278,120,5.0,2.0,1.0
025_R108,25,R,4,6,OPTIMAL,44.586,4,0,0,0,4,0.0,0.0,0.0,44.586,120,5.0,2.0,1.0
025_R108,25,R,4,7,OPTIMAL,371.985,4,1,0,1,3,0.25,358.7632,0.0,13.2218,120,5.0,2.0,1.0
025_R108,25,R,4,8,OPTIMAL,266.647,4,1,0,1,3,0.25,189.1917,0.0,77.4553,120,5.0,2.0,1.0
025_R108,25,R,4,9,OPTIMAL,54.8095,4,0,0,0,4,0.0,0.0,0.0,54.8095,120,5.0,2.0,1.0
025_R108,25,R,6,0,OPTIMAL,332.1536,6,1,0,1,5,0.1667,254.9233,0.0,77.2303,120,5.0,2.0,1.0
025_R108,25,R,6,1,OPTIMAL,676.2114,6,2,1,1,4,0.3333,577.9125,0.0,98.2989,120,5.0,2.0,1.0
025_R108,25,R,6,2,OPTIMAL,405.2723,6,1,0,1,5,0.1667,277.8573,0.0,127.415,120,5.0,2.0,1.0
025_R108,25,R,6,3,OPTIMAL,391.5412,6,1,0,1,5,0.1667,320.2184,0.0,71.3228,120,5.0,2.0,1.0
025_R108,25,R,6,4,OPTIMAL,217.405,6,1,0,1,5,0.1667,157.6929,0.0,59.7121,120,5.0,2.0,1.0
025_R108,25,R,6,5,OPTIMAL,603.8382,6,2,0,2,4,0.3333,551.6436,0.0,52.1946,120,5.0,2.0,1.0
025_R108,25,R,6,6,OPTIMAL,76.1962,6,0,0,0,6,0.0,0.0,0.0,76.1962,120,5.0,2.0,1.0
025_R108,25,R,6,7,OPTIMAL,657.5277,6,2,0,2,4,0.3333,596.4292,0.0,61.0985,120,5.0,2.0,1.0
025_R108,25,R,6,8,OPTIMAL,115.9492,6,0,0,0,6,0.0,0.0,0.0,115.9492,120,5.0,2.0,1.0
025_R108,25,R,6,9,OPTIMAL,378.1247,6,1,1,0,5,0.1667,325.3799,0.0,52.7447,120,5.0,2.0,1.0
025_R109,25,R,2,0,OPTIMAL,3.9376,2,0,0,0,2,0.0,0.0,0.0,3.9376,120,5.0,2.0,1.0
025_R109,25,R,2,1,OPTIMAL,8.7414,2,0,0,0,2,0.0,0.0,0.0,8.7414,120,5.0,2.0,1.0
025_R109,25,R,2,2,OPTIMAL,29.5484,2,0,0,0,2,0.0,0.0,0.0,29.5484,120,5.0,2.0,1.0
025_R109,25,R,2,3,OPTIMAL,0.6627,2,0,0,0,2,0.0,0.0,0.0,0.6627,120,5.0,2.0,1.0
025_R109,25,R,2,4,OPTIMAL,18.5147,2,0,0,0,2,0.0,0.0,0.0,18.5147,120,5.0,2.0,1.0
025_R109,25,R,2,5,OPTIMAL,33.3758,2,0,0,0,2,0.0,0.0,0.0,33.3758,120,5.0,2.0,1.0
025_R109,25,R,2,6,OPTIMAL,73.4742,2,0,0,0,2,0.0,0.0,0.0,73.4742,120,5.0,2.0,1.0
025_R109,25,R,2,7,OPTIMAL,20.0137,2,0,0,0,2,0.0,0.0,0.0,20.0137,120,5.0,2.0,1.0
025_R109,25,R,2,8,OPTIMAL,10.6209,2,0,0,0,2,0.0,0.0,0.0,10.6209,120,5.0,2.0,1.0
025_R109,25,R,2,9,OPTIMAL,4.3411,2,0,0,0,2,0.0,0.0,0.0,4.3411,120,5.0,2.0,1.0
025_R109,25,R,4,0,OPTIMAL,33.8466,4,0,0,0,4,0.0,0.0,0.0,33.8466,120,5.0,2.0,1.0
025_R109,25,R,4,1,OPTIMAL,7.8825,4,0,0,0,4,0.0,0.0,0.0,7.8825,120,5.0,2.0,1.0
025_R109,25,R,4,2,OPTIMAL,16.604,4,0,0,0,4,0.0,0.0,0.0,16.604,120,5.0,2.0,1.0
025_R109,25,R,4,3,OPTIMAL,48.8306,4,0,0,0,4,0.0,0.0,0.0,48.8306,120,5.0,2.0,1.0
025_R109,25,R,4,4,OPTIMAL,26.7938,4,0,0,0,4,0.0,0.0,0.0,26.7938,120,5.0,2.0,1.0
025_R109,25,R,4,5,OPTIMAL,42.3991,4,0,0,0,4,0.0,0.0,0.0,42.3991,120,5.0,2.0,1.0
025_R109,25,R,4,6,OPTIMAL,28.6102,4,0,0,0,4,0.0,0.0,0.0,28.6102,120,5.0,2.0,1.0
025_R109,25,R,4,7,OPTIMAL,51.8079,4,0,0,0,4,0.0,0.0,0.0,51.8079,120,5.0,2.0,1.0
025_R109,25,R,4,8,OPTIMAL,6.1714,4,0,0,0,4,0.0,0.0,0.0,6.1714,120,5.0,2.0,1.0
025_R109,25,R,4,9,OPTIMAL,71.427,4,0,0,0,4,0.0,0.0,0.0,71.427,120,5.0,2.0,1.0
025_R109,25,R,6,0,OPTIMAL,51.6835,6,0,0,0,6,0.0,0.0,0.0,51.6835,120,5.0,2.0,1.0
025_R109,25,R,6,1,OPTIMAL,57.8875,6,0,0,0,6,0.0,0.0,0.0,57.8875,120,5.0,2.0,1.0
025_R109,25,R,6,2,OPTIMAL,41.1601,6,0,0,0,6,0.0,0.0,0.0,41.1601,120,5.0,2.0,1.0
025_R109,25,R,6,3,OPTIMAL,12.977,6,0,0,0,6,0.0,0.0,0.0,12.977,120,5.0,2.0,1.0
025_R109,25,R,6,4,OPTIMAL,13.7272,6,0,0,0,6,0.0,0.0,0.0,13.7272,120,5.0,2.0,1.0
025_R109,25,R,6,5,OPTIMAL,49.452,6,0,0,0,6,0.0,0.0,0.0,49.452,120,5.0,2.0,1.0
025_R109,25,R,6,6,OPTIMAL,59.9787,6,0,0,0,6,0.0,0.0,0.0,59.9787,120,5.0,2.0,1.0
025_R109,25,R,6,7,OPTIMAL,111.1624,6,0,0,0,6,0.0,0.0,0.0,111.1624,120,5.0,2.0,1.0
025_R109,25,R,6,8,OPTIMAL,75.4038,6,0,0,0,6,0.0,0.0,0.0,75.4038,120,5.0,2.0,1.0
025_R109,25,R,6,9,OPTIMAL,23.3566,6,0,0,0,6,0.0,0.0,0.0,23.3566,120,5.0,2.0,1.0
025_R110,25,R,2,0,OPTIMAL,41.0239,2,0,0,0,2,0.0,0.0,0.0,41.0239,120,5.0,2.0,1.0
025_R110,25,R,2,1,OPTIMAL,45.5334,2,0,0,0,2,0.0,0.0,0.0,45.5334,120,5.0,2.0,1.0
025_R110,25,R,2,2,OPTIMAL,64.4392,2,0,0,0,2,0.0,0.0,0.0,64.4392,120,5.0,2.0,1.0
025_R110,25,R,2,3,OPTIMAL,14.3039,2,0,0,0,2,0.0,0.0,0.0,14.3039,120,5.0,2.0,1.0
025_R110,25,R,2,4,OPTIMAL,18.5147,2,0,0,0,2,0.0,0.0,0.0,18.5147,120,5.0,2.0,1.0
025_R110,25,R,2,5,OPTIMAL,71.0308,2,0,0,0,2,0.0,0.0,0.0,71.0308,120,5.0,2.0,1.0
025_R110,25,R,2,6,OPTIMAL,33.0743,2,0,0,0,2,0.0,0.0,0.0,33.0743,120,5.0,2.0,1.0
025_R110,25,R,2,7,OPTIMAL,1.8703,2,0,0,0,2,0.0,0.0,0.0,1.8703,120,5.0,2.0,1.0
025_R110,25,R,2,8,OPTIMAL,33.4004,2,0,0,0,2,0.0,0.0,0.0,33.4004,120,5.0,2.0,1.0
025_R110,25,R,2,9,OPTIMAL,21.5031,2,0,0,0,2,0.0,0.0,0.0,21.5031,120,5.0,2.0,1.0
025_R110,25,R,4,0,OPTIMAL,57.1543,4,0,0,0,4,0.0,0.0,0.0,57.1543,120,5.0,2.0,1.0
025_R110,25,R,4,1,OPTIMAL,45.0764,4,0,0,0,4,0.0,0.0,0.0,45.0764,120,5.0,2.0,1.0
025_R110,25,R,4,2,OPTIMAL,10.649,4,0,0,0,4,0.0,0.0,0.0,10.649,120,5.0,2.0,1.0
025_R110,25,R,4,3,OPTIMAL,91.0275,4,0,0,0,4,0.0,0.0,0.0,91.0275,120,5.0,2.0,1.0
025_R110,25,R,4,4,OPTIMAL,52.2454,4,0,0,0,4,0.0,0.0,0.0,52.2454,120,5.0,2.0,1.0
025_R110,25,R,4,5,OPTIMAL,55.5242,4,0,0,0,4,0.0,0.0,0.0,55.5242,120,5.0,2.0,1.0
025_R110,25,R,4,6,OPTIMAL,71.8922,4,0,0,0,4,0.0,0.0,0.0,71.8922,120,5.0,2.0,1.0
025_R110,25,R,4,7,OPTIMAL,64.221,4,0,0,0,4,0.0,0.0,0.0,64.221,120,5.0,2.0,1.0
025_R110,25,R,4,8,OPTIMAL,30.4771,4,0,0,0,4,0.0,0.0,0.0,30.4771,120,5.0,2.0,1.0
025_R110,25,R,4,9,OPTIMAL,65.9405,4,0,0,0,4,0.0,0.0,0.0,65.9405,120,5.0,2.0,1.0
025_R110,25,R,6,0,OPTIMAL,71.5224,6,0,0,0,6,0.0,0.0,0.0,71.5224,120,5.0,2.0,1.0
025_R110,25,R,6,1,OPTIMAL,130.834,6,0,0,0,6,0.0,0.0,0.0,130.834,120,5.0,2.0,1.0
025_R110,25,R,6,2,OPTIMAL,119.3471,6,0,0,0,6,0.0,0.0,0.0,119.3471,120,5.0,2.0,1.0
025_R110,25,R,6,3,OPTIMAL,46.3219,6,0,0,0,6,0.0,0.0,0.0,46.3219,120,5.0,2.0,1.0
025_R110,25,R,6,4,OPTIMAL,87.9026,6,0,0,0,6,0.0,0.0,0.0,87.9026,120,5.0,2.0,1.0
025_R110,25,R,6,5,OPTIMAL,68.2173,6,0,0,0,6,0.0,0.0,0.0,68.2173,120,5.0,2.0,1.0
025_R110,25,R,6,6,OPTIMAL,45.2288,6,0,0,0,6,0.0,0.0,0.0,45.2288,120,5.0,2.0,1.0
025_R110,25,R,6,7,OPTIMAL,121.5465,6,0,0,0,6,0.0,0.0,0.0,121.5465,120,5.0,2.0,1.0
025_R110,25,R,6,8,OPTIMAL,112.3887,6,0,0,0,6,0.0,0.0,0.0,112.3887,120,5.0,2.0,1.0
025_R110,25,R,6,9,OPTIMAL,42.9359,6,0,0,0,6,0.0,0.0,0.0,42.9359,120,5.0,2.0,1.0
025_R111,25,R,2,0,OPTIMAL,3.9376,2,0,0,0,2,0.0,0.0,0.0,3.9376,120,5.0,2.0,1.0
025_R111,25,R,2,1,OPTIMAL,8.862,2,0,0,0,2,0.0,0.0,0.0,8.862,120,5.0,2.0,1.0
025_R111,25,R,2,2,OPTIMAL,29.5484,2,0,0,0,2,0.0,0.0,0.0,29.5484,120,5.0,2.0,1.0
025_R111,25,R,2,3,OPTIMAL,0.9663,2,0,0,0,2,0.0,0.0,0.0,0.9663,120,5.0,2.0,1.0
025_R111,25,R,2,4,OPTIMAL,5.2248,2,0,0,0,2,0.0,0.0,0.0,5.2248,120,5.0,2.0,1.0
025_R111,25,R,2,5,OPTIMAL,15.2779,2,0,0,0,2,0.0,0.0,0.0,15.2779,120,5.0,2.0,1.0
025_R111,25,R,2,6,OPTIMAL,23.5999,2,0,0,0,2,0.0,0.0,0.0,23.5999,120,5.0,2.0,1.0
025_R111,25,R,2,7,OPTIMAL,2.8581,2,0,0,0,2,0.0,0.0,0.0,2.8581,120,5.0,2.0,1.0
025_R111,25,R,2,8,OPTIMAL,10.6209,2,0,0,0,2,0.0,0.0,0.0,10.6209,120,5.0,2.0,1.0
025_R111,25,R,2,9,OPTIMAL,4.3411,2,0,0,0,2,0.0,0.0,0.0,4.3411,120,5.0,2.0,1.0
025_R111,25,R,4,0,OPTIMAL,22.3745,4,0,0,0,4,0.0,0.0,0.0,22.3745,120,5.0,2.0,1.0
025_R111,25,R,4,1,OPTIMAL,15.5588,4,0,0,0,4,0.0,0.0,0.0,15.5588,120,5.0,2.0,1.0
025_R111,25,R,4,2,OPTIMAL,19.0534,4,0,0,0,4,0.0,0.0,0.0,19.0534,120,5.0,2.0,1.0
025_R111,25,R,4,3,OPTIMAL,51.28,4,0,0,0,4,0.0,0.0,0.0,51.28,120,5.0,2.0,1.0
025_R111,25,R,4,4,OPTIMAL,57.0773,4,0,0,0,4,0.0,0.0,0.0,57.0773,120,5.0,2.0,1.0
025_R111,25,R,4,5,OPTIMAL,46.9619,4,0,0,0,4,0.0,0.0,0.0,46.9619,120,5.0,2.0,1.0
025_R111,25,R,4,6,OPTIMAL,10.5166,4,0,0,0,4,0.0,0.0,0.0,10.5166,120,5.0,2.0,1.0
025_R111,25,R,4,7,OPTIMAL,36.7185,4,0,0,0,4,0.0,0.0,0.0,36.7185,120,5.0,2.0,1.0
025_R111,25,R,4,8,OPTIMAL,6.9565,4,0,0,0,4,0.0,0.0,0.0,6.9565,120,5.0,2.0,1.0
025_R111,25,R,4,9,OPTIMAL,28.9475,4,0,0,0,4,0.0,0.0,0.0,28.9475,120,5.0,2.0,1.0
025_R111,25,R,6,0,OPTIMAL,54.3433,6,0,0,0,6,0.0,0.0,0.0,54.3433,120,5.0,2.0,1.0
025_R111,25,R,6,1,OPTIMAL,80.3233,6,0,0,0,6,0.0,0.0,0.0,80.3233,120,5.0,2.0,1.0
025_R111,25,R,6,2,OPTIMAL,99.1122,6,0,0,0,6,0.0,0.0,0.0,99.1122,120,5.0,2.0,1.0
025_R111,25,R,6,3,OPTIMAL,35.0861,6,0,0,0,6,0.0,0.0,0.0,35.0861,120,5.0,2.0,1.0
025_R111,25,R,6,4,OPTIMAL,27.7012,6,0,0,0,6,0.0,0.0,0.0,27.7012,120,5.0,2.0,1.0
025_R111,25,R,6,5,OPTIMAL,41.3163,6,0,0,0,6,0.0,0.0,0.0,41.3163,120,5.0,2.0,1.0
025_R111,25,R,6,6,OPTIMAL,45.4362,6,0,0,0,6,0.0,0.0,0.0,45.4362,120,5.0,2.0,1.0
025_R111,25,R,6,7,OPTIMAL,54.2006,6,0,0,0,6,0.0,0.0,0.0,54.2006,120,5.0,2.0,1.0
025_R111,25,R,6,8,OPTIMAL,97.8671,6,0,0,0,6,0.0,0.0,0.0,97.8671,120,5.0,2.0,1.0
025_R111,25,R,6,9,OPTIMAL,43.7208,6,0,0,0,6,0.0,0.0,0.0,43.7208,120,5.0,2.0,1.0
025_R112,25,R,2,0,OPTIMAL,207.0741,2,1,1,0,1,0.5,198.8429,0.0,8.2312,120,5.0,2.0,1.0
025_R112,25,R,2,1,OPTIMAL,271.0312,2,1,1,0,1,0.5,268.789,0.0,2.2422,120,5.0,2.0,1.0
025_R112,25,R,2,2,OPTIMAL,341.7026,2,1,1,0,1,0.5,341.1658,0.0,0.5369,120,5.0,2.0,1.0
025_R112,25,R,2,3,OPTIMAL,29.4997,2,0,0,0,2,0.0,0.0,0.0,29.4997,120,5.0,2.0,1.0
025_R112,25,R,2,4,OPTIMAL,191.726,2,1,1,0,1,0.5,146.2582,0.0,45.4678,120,5.0,2.0,1.0
025_R112,25,R,2,5,OPTIMAL,345.0329,2,1,1,0,1,0.5,303.6527,0.0,41.3802,120,5.0,2.0,1.0
025_R112,25,R,2,6,OPTIMAL,26.713,2,0,0,0,2,0.0,0.0,0.0,26.713,120,5.0,2.0,1.0
025_R112,25,R,2,7,OPTIMAL,3.7406,2,0,0,0,2,0.0,0.0,0.0,3.7406,120,5.0,2.0,1.0
025_R112,25,R,2,8,OPTIMAL,10.6209,2,0,0,0,2,0.0,0.0,0.0,10.6209,120,5.0,2.0,1.0
025_R112,25,R,2,9,OPTIMAL,131.9341,2,1,1,0,1,0.5,128.6449,0.0,3.2891,120,5.0,2.0,1.0
025_R112,25,R,4,0,OPTIMAL,80.8138,4,0,0,0,4,0.0,0.0,0.0,80.8138,120,5.0,2.0,1.0
025_R112,25,R,4,1,OPTIMAL,285.2844,4,1,1,0,3,0.25,271.7856,0.0,13.4988,120,5.0,2.0,1.0
025_R112,25,R,4,2,OPTIMAL,14.6289,4,0,0,0,4,0.0,0.0,0.0,14.6289,120,5.0,2.0,1.0
025_R112,25,R,4,3,OPTIMAL,852.1818,4,3,3,0,1,0.75,844.4685,0.0,7.7132,120,5.0,2.0,1.0
025_R112,25,R,4,4,OPTIMAL,50.4995,4,0,0,0,4,0.0,0.0,0.0,50.4995,120,5.0,2.0,1.0
025_R112,25,R,4,5,OPTIMAL,235.8802,4,1,1,0,3,0.25,189.1708,0.0,46.7095,120,5.0,2.0,1.0
025_R112,25,R,4,6,OPTIMAL,307.3384,4,1,1,0,3,0.25,280.5133,0.0,26.8251,120,5.0,2.0,1.0
025_R112,25,R,4,7,OPTIMAL,423.065,4,1,1,0,3,0.25,358.7632,0.0,64.3018,120,5.0,2.0,1.0
025_R112,25,R,4,8,OPTIMAL,242.2801,4,1,1,0,3,0.25,189.1917,0.0,53.0885,120,5.0,2.0,1.0
025_R112,25,R,4,9,OPTIMAL,49.9194,4,0,0,0,4,0.0,0.0,0.0,49.9194,120,5.0,2.0,1.0
025_R112,25,R,6,0,OPTIMAL,238.3569,6,1,1,0,5,0.1667,187.3677,0.0,50.9892,120,5.0,2.0,1.0
025_R112,25,R,6,1,OPTIMAL,750.9821,6,3,3,0,3,0.5,714.9233,0.0,36.0588,120,5.0,2.0,1.0
025_R112,25,R,6,2,OPTIMAL,247.8394,6,1,1,0,5,0.1667,179.3489,0.0,68.4905,120,5.0,2.0,1.0
025_R112,25,R,6,3,OPTIMAL,309.4729,6,1,1,0,5,0.1667,270.7751,0.0,38.6978,120,5.0,2.0,1.0
025_R112,25,R,6,4,OPTIMAL,532.2416,6,2,2,0,4,0.3333,489.9314,0.0,42.3102,120,5.0,2.0,1.0
025_R112,25,R,6,5,OPTIMAL,546.328,6,2,2,0,4,0.3333,472.9798,0.0,73.3482,120,5.0,2.0,1.0
025_R112,25,R,6,6,OPTIMAL,233.1737,6,1,1,0,5,0.1667,193.5015,0.0,39.6722,120,5.0,2.0,1.0
025_R112,25,R,6,7,OPTIMAL,696.3432,6,2,2,0,4,0.3333,596.4292,0.0,99.914,120,5.0,2.0,1.0
025_R112,25,R,6,8,OPTIMAL,481.028,6,2,1,1,4,0.3333,346.6918,0.0,134.3361,120,5.0,2.0,1.0
025_R112,25,R,6,9,OPTIMAL,426.5056,6,2,2,0,4,0.3333,409.0187,0.0,17.4868,120,5.0,2.0,1.0
025_R201,25,R,2,0,OPTIMAL,467.3409,2,2,2,0,0,1.0,467.3409,0.0,0.0,120,5.0,2.0,1.0
025_R201,25,R,2,1,OPTIMAL,269.4197,2,1,1,0,1,0.5,268.789,0.0,0.6307,120,5.0,2.0,1.0
025_R201,25,R,2,2,OPTIMAL,166.1993,2,0,0,0,2,0.0,0.0,0.0,166.1993,120,5.0,2.0,1.0
025_R201,25,R,2,3,OPTIMAL,66.9645,2,0,0,0,2,0.0,0.0,0.0,66.9645,120,5.0,2.0,1.0
025_R201,25,R,2,4,OPTIMAL,86.7252,2,0,0,0,2,0.0,0.0,0.0,86.7252,120,5.0,2.0,1.0
025_R201,25,R,2,5,OPTIMAL,33.3758,2,0,0,0,2,0.0,0.0,0.0,33.3758,120,5.0,2.0,1.0
025_R201,25,R,2,6,OPTIMAL,357.844,2,1,1,0,1,0.5,320.1287,0.0,37.7153,120,5.0,2.0,1.0
025_R201,25,R,2,7,OPTIMAL,51.5285,2,0,0,0,2,0.0,0.0,0.0,51.5285,120,5.0,2.0,1.0
025_R201,25,R,2,8,OPTIMAL,351.057,2,1,1,0,1,0.5,325.7063,0.0,25.3507,120,5.0,2.0,1.0
025_R201,25,R,2,9,OPTIMAL,4.3411,2,0,0,0,2,0.0,0.0,0.0,4.3411,120,5.0,2.0,1.0
025_R201,25,R,4,0,OPTIMAL,641.7301,4,2,2,0,2,0.5,598.355,0.0,43.3751,120,5.0,2.0,1.0
025_R201,25,R,4,1,OPTIMAL,368.7265,4,1,1,0,3,0.25,299.3271,0.0,69.3994,120,5.0,2.0,1.0
025_R201,25,R,4,2,OPTIMAL,185.4704,4,0,0,0,4,0.0,0.0,0.0,185.4704,120,5.0,2.0,1.0
025_R201,25,R,4,3,OPTIMAL,602.5268,4,2,2,0,2,0.5,540.8148,0.0,61.712,120,5.0,2.0,1.0
025_R201,25,R,4,4,OPTIMAL,456.8817,4,1,1,0,3,0.25,320.9627,0.0,135.919,120,5.0,2.0,1.0
025_R201,25,R,4,5,OPTIMAL,119.4249,4,0,0,0,4,0.0,0.0,0.0,119.4249,120,5.0,2.0,1.0
025_R201,25,R,4,6,OPTIMAL,463.0749,4,2,2,0,2,0.5,418.8821,0.0,44.1928,120,5.0,2.0,1.0
025_R201,25,R,4,7,OPTIMAL,68.9065,4,0,0,0,4,0.0,0.0,0.0,68.9065,120,5.0,2.0,1.0
025_R201,25,R,4,8,OPTIMAL,63.3675,4,0,0,0,4,0.0,0.0,0.0,63.3675,120,5.0,2.0,1.0
025_R201,25,R,4,9,OPTIMAL,153.8822,4,0,0,0,4,0.0,0.0,0.0,153.8822,120,5.0,2.0,1.0
025_R201,25,R,6,0,OPTIMAL,754.6346,6,2,2,0,4,0.3333,688.0055,0.0,66.6291,120,5.0,2.0,1.0
025_R201,25,R,6,1,OPTIMAL,496.2584,6,2,2,0,4,0.3333,378.3317,0.0,117.9267,120,5.0,2.0,1.0
025_R201,25,R,6,2,OPTIMAL,463.1652,6,1,1,0,5,0.1667,325.4594,0.0,137.7058,120,5.0,2.0,1.0
025_R201,25,R,6,3,OPTIMAL,756.7772,6,3,3,0,3,0.5,716.3835,0.0,40.3937,120,5.0,2.0,1.0
025_R201,25,R,6,4,OPTIMAL,773.6453,6,3,3,0,3,0.5,714.0662,0.0,59.5791,120,5.0,2.0,1.0
025_R201,25,R,6,5,OPTIMAL,434.8907,6,1,0,1,5,0.1667,267.6392,0.0,167.2516,120,5.0,2.0,1.0
025_R201,25,R,6,6,OPTIMAL,775.529,6,3,2,1,3,0.5,700.4814,0.0,75.0476,120,5.0,2.0,1.0
025_R201,25,R,6,7,OPTIMAL,807.5225,6,2,2,0,4,0.3333,672.1544,0.0,135.368,120,5.0,2.0,1.0
025_R201,25,R,6,8,OPTIMAL,555.1346,6,2,2,0,4,0.3333,467.9534,0.0,87.1812,120,5.0,2.0,1.0
025_R201,25,R,6,9,OPTIMAL,554.6275,6,1,1,0,5,0.1667,318.4769,0.0,236.1506,120,5.0,2.0,1.0
025_R202,25,R,2,0,OPTIMAL,467.3409,2,2,2,0,0,1.0,467.3409,0.0,0.0,120,5.0,2.0,1.0
025_R202,25,R,2,1,OPTIMAL,269.4197,2,1,1,0,1,0.5,268.789,0.0,0.6307,120,5.0,2.0,1.0
025_R202,25,R,2,2,OPTIMAL,639.7835,2,2,1,1,0,1.0,639.7835,0.0,0.0,120,5.0,2.0,1.0
025_R202,25,R,2,3,OPTIMAL,313.3938,2,1,1,0,1,0.5,267.5598,0.0,45.8341,120,5.0,2.0,1.0
025_R202,25,R,2,4,OPTIMAL,498.0516,2,2,0,2,0,1.0,498.0516,0.0,0.0,120,5.0,2.0,1.0
025_R202,25,R,2,5,OPTIMAL,33.3758,2,0,0,0,2,0.0,0.0,0.0,33.3758,120,5.0,2.0,1.0
025_R202,25,R,2,6,OPTIMAL,647.235,2,2,1,1,0,1.0,647.235,0.0,0.0,120,5.0,2.0,1.0
025_R202,25,R,2,7,OPTIMAL,59.4339,2,0,0,0,2,0.0,0.0,0.0,59.4339,120,5.0,2.0,1.0
025_R202,25,R,2,8,OPTIMAL,464.0269,2,2,2,0,0,1.0,464.0269,0.0,0.0,120,5.0,2.0,1.0
025_R202,25,R,2,9,OPTIMAL,339.0859,2,1,0,1,1,0.5,338.7577,0.0,0.3282,120,5.0,2.0,1.0
025_R202,25,R,4,0,OPTIMAL,814.6758,4,3,2,1,1,0.75,794.4248,0.0,20.251,120,5.0,2.0,1.0
025_R202,25,R,4,1,OPTIMAL,593.0994,4,2,1,1,2,0.5,571.1127,0.0,21.9867,120,5.0,2.0,1.0
025_R202,25,R,4,2,OPTIMAL,639.4547,4,2,2,0,2,0.5,611.6456,0.0,27.8091,120,5.0,2.0,1.0
025_R202,25,R,4,3,OPTIMAL,1109.1849,4,4,3,1,0,1.0,1109.1849,0.0,0.0,120,5.0,2.0,1.0
025_R202,25,R,4,4,OPTIMAL,1000.338,4,3,2,1,1,0.75,989.0431,0.0,11.295,120,5.0,2.0,1.0
025_R202,25,R,4,5,OPTIMAL,343.2648,4,1,0,1,3,0.25,189.1708,0.0,154.094,120,5.0,2.0,1.0
025_R202,25,R,4,6,OPTIMAL,598.3245,4,3,3,0,1,0.75,530.8355,0.0,67.4889,120,5.0,2.0,1.0
025_R202,25,R,4,7,OPTIMAL,632.8429,4,2,1,1,2,0.5,588.0795,0.0,44.7634,120,5.0,2.0,1.0
025_R202,25,R,4,8,OPTIMAL,447.5086,4,2,1,1,2,0.5,402.5859,0.0,44.9227,120,5.0,2.0,1.0
025_R202,25,R,4,9,OPTIMAL,871.8558,4,3,2,1,1,0.75,844.396,0.0,27.4598,120,5.0,2.0,1.0
025_R202,25,R,6,0,OPTIMAL,1131.0587,6,4,3,1,2,0.6667,1130.2965,0.0,0.7623,120,5.0,2.0,1.0
025_R202,25,R,6,1,OPTIMAL,1033.6559,6,4,2,2,2,0.6667,956.2442,0.0,77.4117,120,5.0,2.0,1.0
025_R202,25,R,6,2,OPTIMAL,918.0386,6,3,1,2,3,0.5,852.935,0.0,65.1036,120,5.0,2.0,1.0
025_R202,25,R,6,3,OPTIMAL,1039.8216,6,4,4,0,2,0.6667,1036.6019,0.0,3.2197,120,5.0,2.0,1.0
025_R202,25,R,6,4,OPTIMAL,986.115,6,4,3,1,2,0.6667,968.3458,0.0,17.7691,120,5.0,2.0,1.0
025_R202,25,R,6,5,OPTIMAL,1346.6011,6,5,2,3,1,0.8333,1308.374,0.0,38.2271,120,5.0,2.0,1.0
025_R202,25,R,6,6,OPTIMAL,1078.2207,6,4,4,0,2,0.6667,1037.8601,0.0,40.3606,120,5.0,2.0,1.0
025_R202,25,R,6,7,OPTIMAL,1294.7955,6,4,2,2,2,0.6667,1264.4341,0.0,30.3614,120,5.0,2.0,1.0
025_R202,25,R,6,8,OPTIMAL,1227.3508,6,5,2,3,1,0.8333,1196.6868,0.0,30.664,120,5.0,2.0,1.0
025_R202,25,R,6,9,OPTIMAL,1075.892,6,4,2,2,2,0.6667,1058.3731,0.0,17.5189,120,5.0,2.0,1.0
025_R203,25,R,2,0,OPTIMAL,467.3409,2,2,2,0,0,1.0,467.3409,0.0,0.0,120,5.0,2.0,1.0
025_R203,25,R,2,1,OPTIMAL,510.1192,2,2,2,0,0,1.0,510.1192,0.0,0.0,120,5.0,2.0,1.0
025_R203,25,R,2,2,OPTIMAL,639.7835,2,2,1,1,0,1.0,639.7835,0.0,0.0,120,5.0,2.0,1.0
025_R203,25,R,2,3,OPTIMAL,328.5538,2,1,1,0,1,0.5,267.5598,0.0,60.9941,120,5.0,2.0,1.0
025_R203,25,R,2,4,OPTIMAL,498.0516,2,2,0,2,0,1.0,498.0516,0.0,0.0,120,5.0,2.0,1.0
025_R203,25,R,2,5,OPTIMAL,324.3428,2,1,0,1,1,0.5,303.6527,0.0,20.6901,120,5.0,2.0,1.0
025_R203,25,R,2,6,OPTIMAL,647.235,2,2,1,1,0,1.0,647.235,0.0,0.0,120,5.0,2.0,1.0
025_R203,25,R,2,7,OPTIMAL,299.7078,2,1,1,0,1,0.5,277.1788,0.0,22.529,120,5.0,2.0,1.0
025_R203,25,R,2,8,OPTIMAL,464.0269,2,2,2,0,0,1.0,464.0269,0.0,0.0,120,5.0,2.0,1.0
025_R203,25,R,2,9,OPTIMAL,467.4026,2,2,0,2,0,1.0,467.4026,0.0,0.0,120,5.0,2.0,1.0
025_R203,25,R,4,0,OPTIMAL,657.5521,4,2,2,0,2,0.5,598.355,0.0,59.1971,120,5.0,2.0,1.0
025_R203,25,R,4,1,OPTIMAL,602.0652,4,2,1,1,2,0.5,571.1127,0.0,30.9524,120,5.0,2.0,1.0
025_R203,25,R,4,2,OPTIMAL,901.763,4,3,3,0,1,0.75,897.594,0.0,4.169,120,5.0,2.0,1.0
025_R203,25,R,4,3,OPTIMAL,1109.1849,4,4,3,1,0,1.0,1109.1849,0.0,0.0,120,5.0,2.0,1.0
025_R203,25,R,4,4,OPTIMAL,1264.0702,4,4,3,1,0,1.0,1264.0702,0.0,0.0,120,5.0,2.0,1.0
025_R203,25,R,4,5,OPTIMAL,633.4025,4,2,0,2,2,0.5,533.9846,0.0,99.4179,120,5.0,2.0,1.0
025_R203,25,R,4,6,OPTIMAL,868.411,4,4,3,1,0,1.0,868.411,0.0,0.0,120,5.0,2.0,1.0
025_R203,25,R,4,7,OPTIMAL,632.8429,4,2,1,1,2,0.5,588.0795,0.0,44.7634,120,5.0,2.0,1.0
025_R203,25,R,4,8,OPTIMAL,681.4514,4,3,2,1,1,0.75,681.0008,0.0,0.4506,120,5.0,2.0,1.0
025_R203,25,R,4,9,OPTIMAL,638.0953,4,2,2,0,2,0.5,617.1168,0.0,20.9784,120,5.0,2.0,1.0
025_R203,25,R,6,0,OPTIMAL,1336.3526,6,5,4,1,1,0.8333,1335.8541,0.0,0.4985,120,5.0,2.0,1.0
025_R203,25,R,6,1,OPTIMAL,980.1697,6,4,3,1,2,0.6667,873.2991,0.0,106.8705,120,5.0,2.0,1.0
025_R203,25,R,6,2,OPTIMAL,918.0386,6,3,1,2,3,0.5,852.935,0.0,65.1036,120,5.0,2.0,1.0
025_R203,25,R,6,3,OPTIMAL,1045.0668,6,4,4,0,2,0.6667,1036.6019,0.0,8.4649,120,5.0,2.0,1.0
025_R203,25,R,6,4,OPTIMAL,1022.6684,6,4,3,1,2,0.6667,968.3458,0.0,54.3226,120,5.0,2.0,1.0
025_R203,25,R,6,5,OPTIMAL,1346.6011,6,5,3,2,1,0.8333,1308.374,0.0,38.2271,120,5.0,2.0,1.0
025_R203,25,R,6,6,OPTIMAL,1198.4758,6,5,5,0,1,0.8333,1160.055,0.0,38.4208,120,5.0,2.0,1.0
025_R203,25,R,6,7,OPTIMAL,1003.7711,6,3,2,1,3,0.5,934.719,0.0,69.0521,120,5.0,2.0,1.0
025_R203,25,R,6,8,OPTIMAL,777.5836,6,3,2,1,3,0.5,693.9941,0.0,83.5895,120,5.0,2.0,1.0
025_R203,25,R,6,9,OPTIMAL,1210.5084,6,5,3,2,1,0.8333,1189.2486,0.0,21.2598,120,5.0,2.0,1.0
025_R204,25,R,2,0,OPTIMAL,467.3409,2,2,2,0,0,1.0,467.3409,0.0,0.0,120,5.0,2.0,1.0
025_R204,25,R,2,1,OPTIMAL,510.1192,2,2,2,0,0,1.0,510.1192,0.0,0.0,120,5.0,2.0,1.0
025_R204,25,R,2,2,OPTIMAL,639.7835,2,2,2,0,0,1.0,639.7835,0.0,0.0,120,5.0,2.0,1.0
025_R204,25,R,2,3,OPTIMAL,576.9991,2,2,2,0,0,1.0,576.9991,0.0,0.0,120,5.0,2.0,1.0
025_R204,25,R,2,4,OPTIMAL,498.0516,2,2,2,0,0,1.0,498.0516,0.0,0.0,120,5.0,2.0,1.0
025_R204,25,R,2,5,OPTIMAL,400.7501,2,1,1,0,1,0.5,360.17,0.0,40.5802,120,5.0,2.0,1.0
025_R204,25,R,2,6,OPTIMAL,647.235,2,2,1,1,0,1.0,647.235,0.0,0.0,120,5.0,2.0,1.0
025_R204,25,R,2,7,OPTIMAL,492.3573,2,2,2,0,0,1.0,492.3573,0.0,0.0,120,5.0,2.0,1.0
025_R204,25,R,2,8,OPTIMAL,464.0269,2,2,2,0,0,1.0,464.0269,0.0,0.0,120,5.0,2.0,1.0
025_R204,25,R,2,9,OPTIMAL,132.6579,2,1,1,0,1,0.5,128.6449,0.0,4.013,120,5.0,2.0,1.0
025_R204,25,R,4,0,OPTIMAL,653.1187,4,2,2,0,2,0.5,598.355,0.0,54.7637,120,5.0,2.0,1.0
025_R204,25,R,4,1,OPTIMAL,753.6489,4,3,2,1,1,0.75,748.7162,0.0,4.9327,120,5.0,2.0,1.0
025_R204,25,R,4,2,OPTIMAL,1167.4296,4,4,4,0,0,1.0,1167.4296,0.0,0.0,120,5.0,2.0,1.0
025_R204,25,R,4,3,OPTIMAL,1109.1849,4,4,3,1,0,1.0,1109.1849,0.0,0.0,120,5.0,2.0,1.0
025_R204,25,R,4,4,OPTIMAL,1264.0702,4,4,4,0,0,1.0,1264.0702,0.0,0.0,120,5.0,2.0,1.0
025_R204,25,R,4,5,OPTIMAL,528.0,4,2,1,1,2,0.5,478.1864,0.0,49.8137,120,5.0,2.0,1.0
025_R204,25,R,4,6,OPTIMAL,567.3883,4,3,3,0,1,0.75,530.8355,0.0,36.5528,120,5.0,2.0,1.0
025_R204,25,R,4,7,OPTIMAL,1289.7344,4,4,3,1,0,1.0,1289.7344,0.0,0.0,120,5.0,2.0,1.0
025_R204,25,R,4,8,OPTIMAL,516.0089,4,2,2,0,2,0.5,491.8092,0.0,24.1997,120,5.0,2.0,1.0
025_R204,25,R,4,9,OPTIMAL,658.9316,4,2,2,0,2,0.5,617.1168,0.0,41.8148,120,5.0,2.0,1.0
025_R204,25,R,6,0,OPTIMAL,1336.3526,6,5,4,1,1,0.8333,1335.8541,0.0,0.4985,120,5.0,2.0,1.0
025_R204,25,R,6,1,OPTIMAL,1203.1857,6,5,5,0,1,0.8333,1156.8454,0.0,46.3403,120,5.0,2.0,1.0
025_R204,25,R,6,2,OPTIMAL,983.6443,6,3,2,1,3,0.5,938.9447,0.0,44.6996,120,5.0,2.0,1.0
025_R204,25,R,6,3,OPTIMAL,1183.8336,6,5,5,0,1,0.8333,1180.8501,0.0,2.9834,120,5.0,2.0,1.0
025_R204,25,R,6,4,OPTIMAL,1011.4332,6,4,3,1,2,0.6667,968.3458,0.0,43.0874,120,5.0,2.0,1.0
025_R204,25,R,6,5,OPTIMAL,1106.4169,6,4,3,1,2,0.6667,1030.4872,0.0,75.9297,120,5.0,2.0,1.0
025_R204,25,R,6,6,OPTIMAL,1463.8008,6,6,5,1,0,1.0,1463.8008,0.0,0.0,120,5.0,2.0,1.0
025_R204,25,R,6,7,OPTIMAL,980.5854,6,3,2,1,3,0.5,934.719,0.0,45.8664,120,5.0,2.0,1.0
025_R204,25,R,6,8,OPTIMAL,1096.4753,6,4,2,2,2,0.6667,990.6244,0.0,105.8509,120,5.0,2.0,1.0
025_R204,25,R,6,9,OPTIMAL,1339.2169,6,6,4,2,0,1.0,1339.2169,0.0,0.0,120,5.0,2.0,1.0
025_R205,25,R,2,0,OPTIMAL,286.4005,2,1,1,0,1,0.5,198.8429,0.0,87.5577,120,5.0,2.0,1.0
025_R205,25,R,2,1,OPTIMAL,274.6309,2,1,1,0,1,0.5,268.789,0.0,5.8419,120,5.0,2.0,1.0
025_R205,25,R,2,2,OPTIMAL,364.7636,2,1,1,0,1,0.5,341.1658,0.0,23.5979,120,5.0,2.0,1.0
025_R205,25,R,2,3,OPTIMAL,16.0516,2,0,0,0,2,0.0,0.0,0.0,16.0516,120,5.0,2.0,1.0
025_R205,25,R,2,4,OPTIMAL,236.977,2,1,1,0,1,0.5,146.2582,0.0,90.7188,120,5.0,2.0,1.0
025_R205,25,R,2,5,OPTIMAL,412.3015,2,1,1,0,1,0.5,360.17,0.0,52.1315,120,5.0,2.0,1.0
025_R205,25,R,2,6,OPTIMAL,430.2689,2,1,1,0,1,0.5,327.1063,0.0,103.1626,120,5.0,2.0,1.0
025_R205,25,R,2,7,OPTIMAL,270.1184,2,1,1,0,1,0.5,215.1785,0.0,54.9398,120,5.0,2.0,1.0
025_R205,25,R,2,8,OPTIMAL,141.7734,2,0,0,0,2,0.0,0.0,0.0,141.7734,120,5.0,2.0,1.0
025_R205,25,R,2,9,OPTIMAL,467.4026,2,2,2,0,0,1.0,467.4026,0.0,0.0,120,5.0,2.0,1.0
025_R205,25,R,4,0,OPTIMAL,105.9145,4,0,0,0,4,0.0,0.0,0.0,105.9145,120,5.0,2.0,1.0
025_R205,25,R,4,1,OPTIMAL,314.0608,4,1,1,0,3,0.25,271.7856,0.0,42.2752,120,5.0,2.0,1.0
025_R205,25,R,4,2,OPTIMAL,350.3322,4,1,1,0,3,0.25,269.8356,0.0,80.4966,120,5.0,2.0,1.0
025_R205,25,R,4,3,OPTIMAL,846.9657,4,3,3,0,1,0.75,844.4685,0.0,2.4972,120,5.0,2.0,1.0
025_R205,25,R,4,4,OPTIMAL,143.2366,4,0,0,0,4,0.0,0.0,0.0,143.2366,120,5.0,2.0,1.0
025_R205,25,R,4,5,OPTIMAL,281.9808,4,1,1,0,3,0.25,189.1708,0.0,92.81,120,5.0,2.0,1.0
025_R205,25,R,4,6,OPTIMAL,398.5548,4,1,1,0,3,0.25,280.5133,0.0,118.0415,120,5.0,2.0,1.0
025_R205,25,R,4,7,OPTIMAL,1103.9054,4,3,3,0,1,0.75,1060.4181,0.0,43.4873,120,5.0,2.0,1.0
025_R205,25,R,4,8,OPTIMAL,67.0039,4,0,0,0,4,0.0,0.0,0.0,67.0039,120,5.0,2.0,1.0
025_R205,25,R,4,9,OPTIMAL,384.7521,4,1,1,0,3,0.25,318.0927,0.0,66.6594,120,5.0,2.0,1.0
025_R205,25,R,6,0,OPTIMAL,591.2945,6,2,2,0,4,0.3333,442.291,0.0,149.0035,120,5.0,2.0,1.0
025_R205,25,R,6,1,OPTIMAL,808.0644,6,3,3,0,3,0.5,714.9233,0.0,93.1411,120,5.0,2.0,1.0
025_R205,25,R,6,2,OPTIMAL,677.2439,6,2,1,1,4,0.3333,543.2159,0.0,134.0281,120,5.0,2.0,1.0
025_R205,25,R,6,3,OPTIMAL,709.9417,6,3,2,1,3,0.5,601.5174,0.0,108.4243,120,5.0,2.0,1.0
025_R205,25,R,6,4,OPTIMAL,529.1134,6,2,2,0,4,0.3333,489.9314,0.0,39.182,120,5.0,2.0,1.0
025_R205,25,R,6,5,OPTIMAL,657.8793,6,2,1,1,4,0.3333,551.6436,0.0,106.2357,120,5.0,2.0,1.0
025_R205,25,R,6,6,OPTIMAL,358.069,6,1,1,0,5,0.1667,193.5015,0.0,164.5676,120,5.0,2.0,1.0
025_R205,25,R,6,7,OPTIMAL,510.9373,6,1,1,0,5,0.1667,333.8646,0.0,177.0727,120,5.0,2.0,1.0
025_R205,25,R,6,8,OPTIMAL,502.4293,6,2,2,0,4,0.3333,433.5283,0.0,68.901,120,5.0,2.0,1.0
025_R205,25,R,6,9,OPTIMAL,194.2492,6,1,1,0,5,0.1667,83.6388,0.0,110.6105,120,5.0,2.0,1.0
025_R206,25,R,2,0,OPTIMAL,467.3409,2,2,2,0,0,1.0,467.3409,0.0,0.0,120,5.0,2.0,1.0
025_R206,25,R,2,1,OPTIMAL,278.5979,2,1,1,0,1,0.5,268.789,0.0,9.8089,120,5.0,2.0,1.0
025_R206,25,R,2,2,OPTIMAL,376.9657,2,1,1,0,1,0.5,341.1658,0.0,35.8,120,5.0,2.0,1.0
025_R206,25,R,2,3,OPTIMAL,16.0516,2,0,0,0,2,0.0,0.0,0.0,16.0516,120,5.0,2.0,1.0
025_R206,25,R,2,4,OPTIMAL,498.0516,2,2,2,0,0,1.0,498.0516,0.0,0.0,120,5.0,2.0,1.0
025_R206,25,R,2,5,OPTIMAL,663.8226,2,2,1,1,0,1.0,663.8226,0.0,0.0,120,5.0,2.0,1.0
025_R206,25,R,2,6,OPTIMAL,647.235,2,2,2,0,0,1.0,647.235,0.0,0.0,120,5.0,2.0,1.0
025_R206,25,R,2,7,OPTIMAL,492.3573,2,2,1,1,0,1.0,492.3573,0.0,0.0,120,5.0,2.0,1.0
025_R206,25,R,2,8,OPTIMAL,351.9574,2,1,1,0,1,0.5,325.7063,0.0,26.2511,120,5.0,2.0,1.0
025_R206,25,R,2,9,OPTIMAL,467.4026,2,2,2,0,0,1.0,467.4026,0.0,0.0,120,5.0,2.0,1.0
025_R206,25,R,4,0,OPTIMAL,517.0542,4,2,0,2,2,0.5,479.9234,0.0,37.1308,120,5.0,2.0,1.0
025_R206,25,R,4,1,OPTIMAL,579.2648,4,2,1,1,2,0.5,571.1127,0.0,8.1521,120,5.0,2.0,1.0
025_R206,25,R,4,2,OPTIMAL,619.3854,4,2,2,0,2,0.5,555.784,0.0,63.6014,120,5.0,2.0,1.0
025_R206,25,R,4,3,OPTIMAL,846.9657,4,3,3,0,1,0.75,844.4685,0.0,2.4972,120,5.0,2.0,1.0
025_R206,25,R,4,4,OPTIMAL,663.7516,4,2,1,1,2,0.5,591.78,0.0,71.9716,120,5.0,2.0,1.0
025_R206,25,R,4,5,OPTIMAL,581.8484,4,2,2,0,2,0.5,533.9846,0.0,47.8637,120,5.0,2.0,1.0
025_R206,25,R,4,6,OPTIMAL,647.272,4,2,2,0,2,0.5,618.0887,0.0,29.1833,120,5.0,2.0,1.0
025_R206,25,R,4,7,OPTIMAL,1289.7344,4,4,4,0,0,1.0,1289.7344,0.0,0.0,120,5.0,2.0,1.0
025_R206,25,R,4,8,OPTIMAL,556.3997,4,2,0,2,2,0.5,529.9591,0.0,26.4406,120,5.0,2.0,1.0
025_R206,25,R,4,9,OPTIMAL,598.1645,4,2,1,1,2,0.5,545.3719,0.0,52.7926,120,5.0,2.0,1.0
025_R206,25,R,6,0,OPTIMAL,870.4094,6,3,2,1,3,0.5,787.4762,0.0,82.9332,120,5.0,2.0,1.0
025_R206,25,R,6,1,OPTIMAL,1145.2797,6,5,4,1,1,0.8333,1114.62,0.0,30.6597,120,5.0,2.0,1.0
025_R206,25,R,6,2,OPTIMAL,1400.1706,6,5,3,2,1,0.8333,1396.1509,0.0,4.0196,120,5.0,2.0,1.0
025_R206,25,R,6,3,OPTIMAL,709.9417,6,3,2,1,3,0.5,601.5174,0.0,108.4243,120,5.0,2.0,1.0
025_R206,25,R,6,4,OPTIMAL,753.7822,6,3,2,1,3,0.5,688.5237,0.0,65.2586,120,5.0,2.0,1.0
025_R206,25,R,6,5,OPTIMAL,857.9132,6,3,1,2,3,0.5,740.619,0.0,117.2942,120,5.0,2.0,1.0
025_R206,25,R,6,6,OPTIMAL,554.3802,6,2,2,0,4,0.3333,497.2474,0.0,57.1329,120,5.0,2.0,1.0
025_R206,25,R,6,7,OPTIMAL,981.6715,6,3,1,2,3,0.5,926.1443,0.0,55.5272,120,5.0,2.0,1.0
025_R206,25,R,6,8,OPTIMAL,968.0227,6,4,2,2,2,0.6667,936.221,0.0,31.8016,120,5.0,2.0,1.0
025_R206,25,R,6,9,OPTIMAL,457.2895,6,2,1,1,4,0.3333,409.0187,0.0,48.2707,120,5.0,2.0,1.0
025_R207,25,R,2,0,OPTIMAL,467.3409,2,2,2,0,0,1.0,467.3409,0.0,0.0,120,5.0,2.0,1.0
025_R207,25,R,2,1,OPTIMAL,278.5979,2,1,1,0,1,0.5,268.789,0.0,9.8089,120,5.0,2.0,1.0
025_R207,25,R,2,2,OPTIMAL,364.7636,2,1,1,0,1,0.5,341.1658,0.0,23.5979,120,5.0,2.0,1.0
025_R207,25,R,2,3,OPTIMAL,311.0975,2,1,0,1,1,0.5,309.4393,0.0,1.6582,120,5.0,2.0,1.0
025_R207,25,R,2,4,OPTIMAL,498.0516,2,2,2,0,0,1.0,498.0516,0.0,0.0,120,5.0,2.0,1.0
025_R207,25,R,2,5,OPTIMAL,663.8226,2,2,1,1,0,1.0,663.8226,0.0,0.0,120,5.0,2.0,1.0
025_R207,25,R,2,6,OPTIMAL,647.235,2,2,2,0,0,1.0,647.235,0.0,0.0,120,5.0,2.0,1.0
025_R207,25,R,2,7,OPTIMAL,492.3573,2,2,2,0,0,1.0,492.3573,0.0,0.0,120,5.0,2.0,1.0
025_R207,25,R,2,8,OPTIMAL,351.9574,2,1,1,0,1,0.5,325.7063,0.0,26.2511,120,5.0,2.0,1.0
025_R207,25,R,2,9,OPTIMAL,467.4026,2,2,2,0,0,1.0,467.4026,0.0,0.0,120,5.0,2.0,1.0
025_R207,25,R,4,0,OPTIMAL,782.9021,4,3,1,2,1,0.75,760.8912,0.0,22.0109,120,5.0,2.0,1.0
025_R207,25,R,4,1,OPTIMAL,1065.7229,4,4,2,2,0,1.0,1065.7229,0.0,0.0,120,5.0,2.0,1.0
025_R207,25,R,4,2,OPTIMAL,565.5597,4,2,2,0,2,0.5,555.784,0.0,9.7757,120,5.0,2.0,1.0
025_R207,25,R,4,3,OPTIMAL,846.9657,4,3,3,0,1,0.75,844.4685,0.0,2.4972,120,5.0,2.0,1.0
025_R207,25,R,4,4,OPTIMAL,663.7516,4,2,2,0,2,0.5,591.78,0.0,71.9716,120,5.0,2.0,1.0
025_R207,25,R,4,5,OPTIMAL,1136.0905,4,4,3,1,0,1.0,1136.0905,0.0,0.0,120,5.0,2.0,1.0
025_R207,25,R,4,6,OPTIMAL,647.272,4,2,2,0,2,0.5,618.0887,0.0,29.1833,120,5.0,2.0,1.0
025_R207,25,R,4,7,OPTIMAL,1289.7344,4,4,4,0,0,1.0,1289.7344,0.0,0.0,120,5.0,2.0,1.0
025_R207,25,R,4,8,OPTIMAL,224.0146,4,1,0,1,3,0.25,189.1917,0.0,34.8229,120,5.0,2.0,1.0
025_R207,25,R,4,9,OPTIMAL,570.8467,4,2,1,1,2,0.5,545.3719,0.0,25.4748,120,5.0,2.0,1.0
025_R207,25,R,6,0,OPTIMAL,1076.0647,6,4,3,1,2,0.6667,1044.2112,0.0,31.8536,120,5.0,2.0,1.0
025_R207,25,R,6,1,OPTIMAL,1398.1663,6,6,4,2,0,1.0,1398.1663,0.0,0.0,120,5.0,2.0,1.0
025_R207,25,R,6,2,OPTIMAL,1400.1706,6,5,3,2,1,0.8333,1396.1509,0.0,4.0196,120,5.0,2.0,1.0
025_R207,25,R,6,3,OPTIMAL,1319.0946,6,5,4,1,1,0.8333,1271.7536,0.0,47.341,120,5.0,2.0,1.0
025_R207,25,R,6,4,OPTIMAL,753.7822,6,3,2,1,3,0.5,688.5237,0.0,65.2586,120,5.0,2.0,1.0
025_R207,25,R,6,5,OPTIMAL,1439.4673,6,5,4,1,1,0.8333,1431.958,0.0,7.5093,120,5.0,2.0,1.0
025_R207,25,R,6,6,OPTIMAL,554.8734,6,2,2,0,4,0.3333,497.2474,0.0,57.6261,120,5.0,2.0,1.0
025_R207,25,R,6,7,OPTIMAL,956.3055,6,3,1,2,3,0.5,926.1443,0.0,30.1612,120,5.0,2.0,1.0
025_R207,25,R,6,8,OPTIMAL,968.0227,6,4,2,2,2,0.6667,936.221,0.0,31.8016,120,5.0,2.0,1.0
025_R207,25,R,6,9,OPTIMAL,481.8146,6,2,1,1,4,0.3333,409.0187,0.0,72.7959,120,5.0,2.0,1.0
025_R208,25,R,2,0,OPTIMAL,467.3409,2,2,2,0,0,1.0,467.3409,0.0,0.0,120,5.0,2.0,1.0
025_R208,25,R,2,1,OPTIMAL,278.5979,2,1,1,0,1,0.5,268.789,0.0,9.8089,120,5.0,2.0,1.0
025_R208,25,R,2,2,OPTIMAL,400.0362,2,1,1,0,1,0.5,341.1658,0.0,58.8704,120,5.0,2.0,1.0
025_R208,25,R,2,3,OPTIMAL,30.4451,2,0,0,0,2,0.0,0.0,0.0,30.4451,120,5.0,2.0,1.0
025_R208,25,R,2,4,OPTIMAL,498.0516,2,2,2,0,0,1.0,498.0516,0.0,0.0,120,5.0,2.0,1.0
025_R208,25,R,2,5,OPTIMAL,663.8226,2,2,1,1,0,1.0,663.8226,0.0,0.0,120,5.0,2.0,1.0
025_R208,25,R,2,6,OPTIMAL,647.235,2,2,2,0,0,1.0,647.235,0.0,0.0,120,5.0,2.0,1.0
025_R208,25,R,2,7,OPTIMAL,492.3573,2,2,2,0,0,1.0,492.3573,0.0,0.0,120,5.0,2.0,1.0
025_R208,25,R,2,8,OPTIMAL,464.0269,2,2,2,0,0,1.0,464.0269,0.0,0.0,120,5.0,2.0,1.0
025_R208,25,R,2,9,OPTIMAL,467.4026,2,2,2,0,0,1.0,467.4026,0.0,0.0,120,5.0,2.0,1.0
025_R208,25,R,4,0,OPTIMAL,1075.3926,4,4,2,2,0,1.0,1075.3926,0.0,0.0,120,5.0,2.0,1.0
025_R208,25,R,4,1,OPTIMAL,904.1177,4,3,2,1,1,0.75,888.1193,0.0,15.9983,120,5.0,2.0,1.0
025_R208,25,R,4,2,OPTIMAL,619.3854,4,2,2,0,2,0.5,555.784,0.0,63.6014,120,5.0,2.0,1.0
025_R208,25,R,4,3,OPTIMAL,846.9657,4,3,3,0,1,0.75,844.4685,0.0,2.4972,120,5.0,2.0,1.0
025_R208,25,R,4,4,OPTIMAL,948.1158,4,3,2,1,1,0.75,912.7427,0.0,35.373,120,5.0,2.0,1.0
025_R208,25,R,4,5,OPTIMAL,1136.0905,4,4,3,1,0,1.0,1136.0905,0.0,0.0,120,5.0,2.0,1.0
025_R208,25,R,4,6,OPTIMAL,767.2918,4,3,3,0,1,0.75,756.4575,0.0,10.8342,120,5.0,2.0,1.0
025_R208,25,R,4,7,OPTIMAL,1289.7344,4,4,4,0,0,1.0,1289.7344,0.0,0.0,120,5.0,2.0,1.0
025_R208,25,R,4,8,OPTIMAL,681.902,4,3,1,2,1,0.75,681.0008,0.0,0.9012,120,5.0,2.0,1.0
025_R208,25,R,4,9,OPTIMAL,570.8467,4,2,1,1,2,0.5,545.3719,0.0,25.4748,120,5.0,2.0,1.0
025_R208,25,R,6,0,OPTIMAL,1393.9616,6,5,4,1,1,0.8333,1387.0315,0.0,6.9301,120,5.0,2.0,1.0
025_R208,25,R,6,1,OPTIMAL,1398.1663,6,6,4,2,0,1.0,1398.1663,0.0,0.0,120,5.0,2.0,1.0
025_R208,25,R,6,2,OPTIMAL,1418.9727,6,5,3,2,1,0.8333,1396.1509,0.0,22.8218,120,5.0,2.0,1.0
025_R208,25,R,6,3,OPTIMAL,1530.8679,6,6,6,0,0,1.0,1530.8679,0.0,0.0,120,5.0,2.0,1.0
025_R208,25,R,6,4,OPTIMAL,966.5339,6,4,3,1,2,0.6667,912.6585,0.0,53.8754,120,5.0,2.0,1.0
025_R208,25,R,6,5,OPTIMAL,1439.4673,6,5,4,1,1,0.8333,1431.958,0.0,7.5093,120,5.0,2.0,1.0
025_R208,25,R,6,6,OPTIMAL,896.5453,6,3,3,0,3,0.5,859.5919,0.0,36.9534,120,5.0,2.0,1.0
025_R208,25,R,6,7,OPTIMAL,1266.2498,6,4,3,1,2,0.6667,1264.4341,0.0,1.8157,120,5.0,2.0,1.0
025_R208,25,R,6,8,OPTIMAL,1273.9241,6,5,3,2,1,0.8333,1267.2764,0.0,6.6477,120,5.0,2.0,1.0
025_R208,25,R,6,9,OPTIMAL,1085.705,6,4,2,2,2,0.6667,1058.3731,0.0,27.3318,120,5.0,2.0,1.0
025_R209,25,R,2,0,OPTIMAL,467.3409,2,2,1,1,0,1.0,467.3409,0.0,0.0,120,5.0,2.0,1.0
025_R209,25,R,2,1,OPTIMAL,274.6309,2,1,1,0,1,0.5,268.789,0.0,5.8419,120,5.0,2.0,1.0
025_R209,25,R,2,2,OPTIMAL,639.7835,2,2,1,1,0,1.0,639.7835,0.0,0.0,120,5.0,2.0,1.0
025_R209,25,R,2,3,OPTIMAL,337.2241,2,1,0,1,1,0.5,309.4393,0.0,27.7848,120,5.0,2.0,1.0
025_R209,25,R,2,4,OPTIMAL,498.0516,2,2,1,1,0,1.0,498.0516,0.0,0.0,120,5.0,2.0,1.0
025_R209,25,R,2,5,OPTIMAL,663.8226,2,2,1,1,0,1.0,663.8226,0.0,0.0,120,5.0,2.0,1.0
025_R209,25,R,2,6,OPTIMAL,377.7942,2,1,1,0,1,0.5,327.1063,0.0,50.6879,120,5.0,2.0,1.0
025_R209,25,R,2,7,OPTIMAL,31.8301,2,0,0,0,2,0.0,0.0,0.0,31.8301,120,5.0,2.0,1.0
025_R209,25,R,2,8,OPTIMAL,351.9574,2,1,0,1,1,0.5,325.7063,0.0,26.2511,120,5.0,2.0,1.0
025_R209,25,R,2,9,OPTIMAL,467.4026,2,2,1,1,0,1.0,467.4026,0.0,0.0,120,5.0,2.0,1.0
025_R209,25,R,4,0,OPTIMAL,284.4205,4,1,1,0,3,0.25,196.0698,0.0,88.3506,120,5.0,2.0,1.0
025_R209,25,R,4,1,OPTIMAL,478.9805,4,2,1,1,2,0.5,449.3891,0.0,29.5914,120,5.0,2.0,1.0
025_R209,25,R,4,2,OPTIMAL,371.4469,4,1,1,0,3,0.25,269.8356,0.0,101.6113,120,5.0,2.0,1.0
025_R209,25,R,4,3,OPTIMAL,872.4146,4,3,3,0,1,0.75,844.4685,0.0,27.9461,120,5.0,2.0,1.0
025_R209,25,R,4,4,OPTIMAL,708.1948,4,2,0,2,2,0.5,668.0804,0.0,40.1144,120,5.0,2.0,1.0
025_R209,25,R,4,5,OPTIMAL,851.3281,4,3,2,1,1,0.75,823.0002,0.0,28.3279,120,5.0,2.0,1.0
025_R209,25,R,4,6,OPTIMAL,660.9574,4,2,1,1,2,0.5,618.0887,0.0,42.8687,120,5.0,2.0,1.0
025_R209,25,R,4,7,OPTIMAL,764.81,4,2,1,1,2,0.5,727.3865,0.0,37.4235,120,5.0,2.0,1.0
025_R209,25,R,4,8,OPTIMAL,313.1027,4,1,1,0,3,0.25,189.1917,0.0,123.911,120,5.0,2.0,1.0
025_R209,25,R,4,9,OPTIMAL,580.0699,4,2,1,1,2,0.5,545.3719,0.0,34.698,120,5.0,2.0,1.0
025_R209,25,R,6,0,OPTIMAL,515.0347,6,2,1,1,4,0.3333,442.291,0.0,72.7436,120,5.0,2.0,1.0
025_R209,25,R,6,1,OPTIMAL,1241.1831,6,5,5,0,1,0.8333,1239.7905,0.0,1.3927,120,5.0,2.0,1.0
025_R209,25,R,6,2,OPTIMAL,931.572,6,3,1,2,3,0.5,792.8342,0.0,138.7379,120,5.0,2.0,1.0
025_R209,25,R,6,3,OPTIMAL,836.0964,6,3,1,2,3,0.5,777.4875,0.0,58.6089,120,5.0,2.0,1.0
025_R209,25,R,6,4,OPTIMAL,768.1722,6,3,3,0,3,0.5,688.5237,0.0,79.6485,120,5.0,2.0,1.0
025_R209,25,R,6,5,OPTIMAL,835.2171,6,3,2,1,3,0.5,740.619,0.0,94.5981,120,5.0,2.0,1.0
025_R209,25,R,6,6,OPTIMAL,736.102,6,3,2,1,3,0.5,641.8828,0.0,94.2192,120,5.0,2.0,1.0
025_R209,25,R,6,7,OPTIMAL,985.9645,6,3,3,0,3,0.5,926.1443,0.0,59.8202,120,5.0,2.0,1.0
025_R209,25,R,6,8,OPTIMAL,1187.4157,6,5,3,2,1,0.8333,1162.2617,0.0,25.1539,120,5.0,2.0,1.0
025_R209,25,R,6,9,OPTIMAL,454.6057,6,2,2,0,4,0.3333,409.0187,0.0,45.587,120,5.0,2.0,1.0
025_R210,25,R,2,0,OPTIMAL,237.3708,2,1,0,1,1,0.5,198.8429,0.0,38.5279,120,5.0,2.0,1.0
025_R210,25,R,2,1,OPTIMAL,308.3622,2,1,1,0,1,0.5,268.789,0.0,39.5732,120,5.0,2.0,1.0
025_R210,25,R,2,2,OPTIMAL,639.7835,2,2,1,1,0,1.0,639.7835,0.0,0.0,120,5.0,2.0,1.0
025_R210,25,R,2,3,OPTIMAL,343.773,2,1,1,0,1,0.5,309.4393,0.0,34.3337,120,5.0,2.0,1.0
025_R210,25,R,2,4,OPTIMAL,210.046,2,1,1,0,1,0.5,146.2582,0.0,63.7878,120,5.0,2.0,1.0
025_R210,25,R,2,5,OPTIMAL,663.8226,2,2,1,1,0,1.0,663.8226,0.0,0.0,120,5.0,2.0,1.0
025_R210,25,R,2,6,OPTIMAL,387.2856,2,1,0,1,1,0.5,327.1063,0.0,60.1792,120,5.0,2.0,1.0
025_R210,25,R,2,7,OPTIMAL,233.3321,2,1,0,1,1,0.5,215.1785,0.0,18.1536,120,5.0,2.0,1.0
025_R210,25,R,2,8,OPTIMAL,464.0269,2,2,0,2,0,1.0,464.0269,0.0,0.0,120,5.0,2.0,1.0
025_R210,25,R,2,9,OPTIMAL,141.57,2,1,1,0,1,0.5,128.6449,0.0,12.9251,120,5.0,2.0,1.0
025_R210,25,R,4,0,OPTIMAL,657.5521,4,2,1,1,2,0.5,598.355,0.0,59.1971,120,5.0,2.0,1.0
025_R210,25,R,4,1,OPTIMAL,753.6489,4,3,3,0,1,0.75,748.7162,0.0,4.9327,120,5.0,2.0,1.0
025_R210,25,R,4,2,OPTIMAL,708.6339,4,2,2,0,2,0.5,610.2301,0.0,98.4038,120,5.0,2.0,1.0
025_R210,25,R,4,3,OPTIMAL,889.454,4,3,2,1,1,0.75,844.4685,0.0,44.9855,120,5.0,2.0,1.0
025_R210,25,R,4,4,OPTIMAL,698.6081,4,2,0,2,2,0.5,672.2902,0.0,26.3179,120,5.0,2.0,1.0
025_R210,25,R,4,5,OPTIMAL,517.6744,4,2,1,1,2,0.5,478.1864,0.0,39.488,120,5.0,2.0,1.0
025_R210,25,R,4,6,OPTIMAL,446.0693,4,2,1,1,2,0.5,418.8821,0.0,27.1871,120,5.0,2.0,1.0
025_R210,25,R,4,7,OPTIMAL,1062.2515,4,3,1,2,1,0.75,1060.4181,0.0,1.8334,120,5.0,2.0,1.0
025_R210,25,R,4,8,OPTIMAL,367.946,4,2,0,2,2,0.5,340.2334,0.0,27.7126,120,5.0,2.0,1.0
025_R210,25,R,4,9,OPTIMAL,645.7725,4,2,2,0,2,0.5,617.1168,0.0,28.6557,120,5.0,2.0,1.0
025_R210,25,R,6,0,OPTIMAL,1163.6428,6,4,2,2,2,0.6667,1130.2965,0.0,33.3463,120,5.0,2.0,1.0
025_R210,25,R,6,1,OPTIMAL,1074.2627,6,4,3,1,2,0.6667,998.4696,0.0,75.7931,120,5.0,2.0,1.0
025_R210,25,R,6,2,OPTIMAL,1105.7253,6,4,1,3,2,0.6667,1048.0242,0.0,57.701,120,5.0,2.0,1.0
025_R210,25,R,6,3,OPTIMAL,1183.8336,6,5,2,3,1,0.8333,1180.8501,0.0,2.9834,120,5.0,2.0,1.0
025_R210,25,R,6,4,OPTIMAL,640.801,6,2,2,0,4,0.3333,489.9314,0.0,150.8696,120,5.0,2.0,1.0
025_R210,25,R,6,5,OPTIMAL,1346.6011,6,5,2,3,1,0.8333,1308.374,0.0,38.2271,120,5.0,2.0,1.0
025_R210,25,R,6,6,OPTIMAL,729.4039,6,2,1,1,4,0.3333,555.846,0.0,173.5579,120,5.0,2.0,1.0
025_R210,25,R,6,7,OPTIMAL,1018.8731,6,3,2,1,3,0.5,934.719,0.0,84.1541,120,5.0,2.0,1.0
025_R210,25,R,6,8,OPTIMAL,1043.5498,6,4,1,3,2,0.6667,990.6244,0.0,52.9255,120,5.0,2.0,1.0
025_R210,25,R,6,9,OPTIMAL,1232.4784,6,5,3,2,1,0.8333,1208.3414,0.0,24.137,120,5.0,2.0,1.0
025_R211,25,R,2,0,OPTIMAL,207.0741,2,1,1,0,1,0.5,198.8429,0.0,8.2312,120,5.0,2.0,1.0
025_R211,25,R,2,1,OPTIMAL,278.5979,2,1,1,0,1,0.5,268.789,0.0,9.8089,120,5.0,2.0,1.0
025_R211,25,R,2,2,OPTIMAL,639.7835,2,2,1,1,0,1.0,639.7835,0.0,0.0,120,5.0,2.0,1.0
025_R211,25,R,2,3,OPTIMAL,362.4066,2,1,1,0,1,0.5,309.4393,0.0,52.9672,120,5.0,2.0,1.0
025_R211,25,R,2,4,OPTIMAL,498.0516,2,2,1,1,0,1.0,498.0516,0.0,0.0,120,5.0,2.0,1.0
025_R211,25,R,2,5,OPTIMAL,663.8226,2,2,1,1,0,1.0,663.8226,0.0,0.0,120,5.0,2.0,1.0
025_R211,25,R,2,6,OPTIMAL,361.1322,2,1,1,0,1,0.5,327.1063,0.0,34.0259,120,5.0,2.0,1.0
025_R211,25,R,2,7,OPTIMAL,492.3573,2,2,2,0,0,1.0,492.3573,0.0,0.0,120,5.0,2.0,1.0
025_R211,25,R,2,8,OPTIMAL,143.3754,2,1,0,1,1,0.5,138.3206,0.0,5.0547,120,5.0,2.0,1.0
025_R211,25,R,2,9,OPTIMAL,467.4026,2,2,1,1,0,1.0,467.4026,0.0,0.0,120,5.0,2.0,1.0
025_R211,25,R,4,0,OPTIMAL,547.456,4,2,2,0,2,0.5,479.9234,0.0,67.5326,120,5.0,2.0,1.0
025_R211,25,R,4,1,OPTIMAL,785.0813,4,3,3,0,1,0.75,748.7162,0.0,36.3651,120,5.0,2.0,1.0
025_R211,25,R,4,2,OPTIMAL,680.7117,4,2,2,0,2,0.5,610.2301,0.0,70.4815,120,5.0,2.0,1.0
025_R211,25,R,4,3,OPTIMAL,897.2447,4,3,3,0,1,0.75,844.4685,0.0,52.7762,120,5.0,2.0,1.0
025_R211,25,R,4,4,OPTIMAL,728.7848,4,2,2,0,2,0.5,672.2902,0.0,56.4946,120,5.0,2.0,1.0
025_R211,25,R,4,5,OPTIMAL,841.1323,4,3,2,1,1,0.75,823.0002,0.0,18.1321,120,5.0,2.0,1.0
025_R211,25,R,4,6,OPTIMAL,646.1135,4,2,1,1,2,0.5,618.0887,0.0,28.0248,120,5.0,2.0,1.0
025_R211,25,R,4,7,OPTIMAL,1067.1423,4,3,2,1,1,0.75,1060.4181,0.0,6.7243,120,5.0,2.0,1.0
025_R211,25,R,4,8,OPTIMAL,932.545,4,4,3,1,0,1.0,932.545,0.0,0.0,120,5.0,2.0,1.0
025_R211,25,R,4,9,OPTIMAL,849.289,4,3,3,0,1,0.75,844.396,0.0,4.893,120,5.0,2.0,1.0
025_R211,25,R,6,0,OPTIMAL,1337.5235,6,5,4,1,1,0.8333,1335.8541,0.0,1.6694,120,5.0,2.0,1.0
025_R211,25,R,6,1,OPTIMAL,1241.1831,6,5,5,0,1,0.8333,1239.7905,0.0,1.3927,120,5.0,2.0,1.0
025_R211,25,R,6,2,OPTIMAL,1718.2336,6,6,3,3,0,1.0,1718.2336,0.0,0.0,120,5.0,2.0,1.0
025_R211,25,R,6,3,OPTIMAL,1078.7576,6,4,3,1,2,0.6667,994.3561,0.0,84.4015,120,5.0,2.0,1.0
025_R211,25,R,6,4,OPTIMAL,1039.8999,6,4,3,1,2,0.6667,993.621,0.0,46.2789,120,5.0,2.0,1.0
025_R211,25,R,6,5,OPTIMAL,1312.7746,6,5,5,0,1,0.8333,1308.374,0.0,4.4007,120,5.0,2.0,1.0
025_R211,25,R,6,6,OPTIMAL,835.5711,6,3,2,1,3,0.5,678.0409,0.0,157.5303,120,5.0,2.0,1.0
025_R211,25,R,6,7,OPTIMAL,1292.9158,6,4,3,1,2,0.6667,1264.4341,0.0,28.4817,120,5.0,2.0,1.0
025_R211,25,R,6,8,OPTIMAL,1195.151,6,5,3,2,1,0.8333,1162.2617,0.0,32.8893,120,5.0,2.0,1.0
025_R211,25,R,6,9,OPTIMAL,1074.9107,6,5,4,1,1,0.8333,1020.74,0.0,54.1706,120,5.0,2.0,1.0
025_RC101,25,RC,2,0,OPTIMAL,0.7276,2,0,0,0,2,0.0,0.0,0.0,0.7276,120,5.0,2.0,1.0
025_RC101,25,RC,2,1,OPTIMAL,1.3631,2,0,0,0,2,0.0,0.0,0.0,1.3631,120,5.0,2.0,1.0
025_RC101,25,RC,2,2,OPTIMAL,0.6825,2,0,0,0,2,0.0,0.0,0.0,0.6825,120,5.0,2.0,1.0
025_RC101,25,RC,2,3,OPTIMAL,7.311,2,0,0,0,2,0.0,0.0,0.0,7.311,120,5.0,2.0,1.0
025_RC101,25,RC,2,4,OPTIMAL,19.0494,2,0,0,0,2,0.0,0.0,0.0,19.0494,120,5.0,2.0,1.0
025_RC101,25,RC,2,5,OPTIMAL,1.892,2,0,0,0,2,0.0,0.0,0.0,1.892,120,5.0,2.0,1.0
025_RC101,25,RC,2,6,OPTIMAL,11.9752,2,0,0,0,2,0.0,0.0,0.0,11.9752,120,5.0,2.0,1.0
025_RC101,25,RC,2,7,OPTIMAL,1.7569,2,0,0,0,2,0.0,0.0,0.0,1.7569,120,5.0,2.0,1.0
025_RC101,25,RC,2,8,OPTIMAL,0.1138,2,0,0,0,2,0.0,0.0,0.0,0.1138,120,5.0,2.0,1.0
025_RC101,25,RC,2,9,OPTIMAL,18.7544,2,0,0,0,2,0.0,0.0,0.0,18.7544,120,5.0,2.0,1.0
025_RC101,25,RC,4,0,OPTIMAL,14.3397,4,0,0,0,4,0.0,0.0,0.0,14.3397,120,5.0,2.0,1.0
025_RC101,25,RC,4,1,OPTIMAL,15.3169,4,0,0,0,4,0.0,0.0,0.0,15.3169,120,5.0,2.0,1.0
025_RC101,25,RC,4,2,OPTIMAL,4.3744,4,0,0,0,4,0.0,0.0,0.0,4.3744,120,5.0,2.0,1.0
025_RC101,25,RC,4,3,OPTIMAL,9.2378,4,0,0,0,4,0.0,0.0,0.0,9.2378,120,5.0,2.0,1.0
025_RC101,25,RC,4,4,OPTIMAL,26.1739,4,0,0,0,4,0.0,0.0,0.0,26.1739,120,5.0,2.0,1.0
025_RC101,25,RC,4,5,OPTIMAL,15.354,4,0,0,0,4,0.0,0.0,0.0,15.354,120,5.0,2.0,1.0
025_RC101,25,RC,4,6,OPTIMAL,2.5693,4,0,0,0,4,0.0,0.0,0.0,2.5693,120,5.0,2.0,1.0
025_RC101,25,RC,4,7,OPTIMAL,53.8986,4,0,0,0,4,0.0,0.0,0.0,53.8986,120,5.0,2.0,1.0
025_RC101,25,RC,4,8,OPTIMAL,14.8233,4,0,0,0,4,0.0,0.0,0.0,14.8233,120,5.0,2.0,1.0
025_RC101,25,RC,4,9,OPTIMAL,35.0464,4,0,0,0,4,0.0,0.0,0.0,35.0464,120,5.0,2.0,1.0
025_RC101,25,RC,6,0,OPTIMAL,34.774,6,0,0,0,6,0.0,0.0,0.0,34.774,120,5.0,2.0,1.0
025_RC101,25,RC,6,1,OPTIMAL,7.6896,6,0,0,0,6,0.0,0.0,0.0,7.6896,120,5.0,2.0,1.0
025_RC101,25,RC,6,2,OPTIMAL,18.0436,6,0,0,0,6,0.0,0.0,0.0,18.0436,120,5.0,2.0,1.0
025_RC101,25,RC,6,3,OPTIMAL,16.0286,6,0,0,0,6,0.0,0.0,0.0,16.0286,120,5.0,2.0,1.0
025_RC101,25,RC,6,4,OPTIMAL,52.1907,6,0,0,0,6,0.0,0.0,0.0,52.1907,120,5.0,2.0,1.0
025_RC101,25,RC,6,5,OPTIMAL,15.3299,6,0,0,0,6,0.0,0.0,0.0,15.3299,120,5.0,2.0,1.0
025_RC101,25,RC,6,6,OPTIMAL,51.1206,6,0,0,0,6,0.0,0.0,0.0,51.1206,120,5.0,2.0,1.0
025_RC101,25,RC,6,7,OPTIMAL,26.08,6,0,0,0,6,0.0,0.0,0.0,26.08,120,5.0,2.0,1.0
025_RC101,25,RC,6,8,OPTIMAL,39.1426,6,0,0,0,6,0.0,0.0,0.0,39.1426,120,5.0,2.0,1.0
025_RC101,25,RC,6,9,OPTIMAL,29.4381,6,0,0,0,6,0.0,0.0,0.0,29.4381,120,5.0,2.0,1.0
025_RC102,25,RC,2,0,OPTIMAL,0.682,2,0,0,0,2,0.0,0.0,0.0,0.682,120,5.0,2.0,1.0
025_RC102,25,RC,2,1,OPTIMAL,1.3631,2,0,0,0,2,0.0,0.0,0.0,1.3631,120,5.0,2.0,1.0
025_RC102,25,RC,2,2,OPTIMAL,0.6141,2,0,0,0,2,0.0,0.0,0.0,0.6141,120,5.0,2.0,1.0
025_RC102,25,RC,2,3,OPTIMAL,7.311,2,0,0,0,2,0.0,0.0,0.0,7.311,120,5.0,2.0,1.0
025_RC102,25,RC,2,4,OPTIMAL,18.5485,2,0,0,0,2,0.0,0.0,0.0,18.5485,120,5.0,2.0,1.0
025_RC102,25,RC,2,5,OPTIMAL,1.892,2,0,0,0,2,0.0,0.0,0.0,1.892,120,5.0,2.0,1.0
025_RC102,25,RC,2,6,OPTIMAL,12.788,2,0,0,0,2,0.0,0.0,0.0,12.788,120,5.0,2.0,1.0
025_RC102,25,RC,2,7,OPTIMAL,2.4529,2,0,0,0,2,0.0,0.0,0.0,2.4529,120,5.0,2.0,1.0
025_RC102,25,RC,2,8,OPTIMAL,0.3542,2,0,0,0,2,0.0,0.0,0.0,0.3542,120,5.0,2.0,1.0
025_RC102,25,RC,2,9,OPTIMAL,5.5714,2,0,0,0,2,0.0,0.0,0.0,5.5714,120,5.0,2.0,1.0
025_RC102,25,RC,4,0,OPTIMAL,12.4802,4,0,0,0,4,0.0,0.0,0.0,12.4802,120,5.0,2.0,1.0
025_RC102,25,RC,4,1,OPTIMAL,19.0565,4,0,0,0,4,0.0,0.0,0.0,19.0565,120,5.0,2.0,1.0
025_RC102,25,RC,4,2,OPTIMAL,11.1377,4,0,0,0,4,0.0,0.0,0.0,11.1377,120,5.0,2.0,1.0
025_RC102,25,RC,4,3,OPTIMAL,7.7777,4,0,0,0,4,0.0,0.0,0.0,7.7777,120,5.0,2.0,1.0
025_RC102,25,RC,4,4,OPTIMAL,17.0029,4,0,0,0,4,0.0,0.0,0.0,17.0029,120,5.0,2.0,1.0
025_RC102,25,RC,4,5,OPTIMAL,5.5463,4,0,0,0,4,0.0,0.0,0.0,5.5463,120,5.0,2.0,1.0
025_RC102,25,RC,4,6,OPTIMAL,1.7431,4,0,0,0,4,0.0,0.0,0.0,1.7431,120,5.0,2.0,1.0
025_RC102,25,RC,4,7,OPTIMAL,52.1242,4,0,0,0,4,0.0,0.0,0.0,52.1242,120,5.0,2.0,1.0
025_RC102,25,RC,4,8,OPTIMAL,10.4985,4,0,0,0,4,0.0,0.0,0.0,10.4985,120,5.0,2.0,1.0
025_RC102,25,RC,4,9,OPTIMAL,18.318,4,0,0,0,4,0.0,0.0,0.0,18.318,120,5.0,2.0,1.0
025_RC102,25,RC,6,0,OPTIMAL,13.2989,6,0,0,0,6,0.0,0.0,0.0,13.2989,120,5.0,2.0,1.0
025_RC102,25,RC,6,1,OPTIMAL,45.992,6,0,0,0,6,0.0,0.0,0.0,45.992,120,5.0,2.0,1.0
025_RC102,25,RC,6,2,OPTIMAL,21.3921,6,0,0,0,6,0.0,0.0,0.0,21.3921,120,5.0,2.0,1.0
025_RC102,25,RC,6,3,OPTIMAL,32.6284,6,0,0,0,6,0.0,0.0,0.0,32.6284,120,5.0,2.0,1.0
025_RC102,25,RC,6,4,OPTIMAL,53.1306,6,0,0,0,6,0.0,0.0,0.0,53.1306,120,5.0,2.0,1.0
025_RC102,25,RC,6,5,OPTIMAL,11.5219,6,0,0,0,6,0.0,0.0,0.0,11.5219,120,5.0,2.0,1.0
025_RC102,25,RC,6,6,OPTIMAL,21.5393,6,0,0,0,6,0.0,0.0,0.0,21.5393,120,5.0,2.0,1.0
025_RC102,25,RC,6,7,OPTIMAL,23.2054,6,0,0,0,6,0.0,0.0,0.0,23.2054,120,5.0,2.0,1.0
025_RC102,25,RC,6,8,OPTIMAL,38.8431,6,0,0,0,6,0.0,0.0,0.0,38.8431,120,5.0,2.0,1.0
025_RC102,25,RC,6,9,OPTIMAL,21.5188,6,0,0,0,6,0.0,0.0,0.0,21.5188,120,5.0,2.0,1.0
025_RC103,25,RC,2,0,OPTIMAL,0.7276,2,0,0,0,2,0.0,0.0,0.0,0.7276,120,5.0,2.0,1.0
025_RC103,25,RC,2,1,OPTIMAL,16.0992,2,0,0,0,2,0.0,0.0,0.0,16.0992,120,5.0,2.0,1.0
025_RC103,25,RC,2,2,OPTIMAL,0.645,2,0,0,0,2,0.0,0.0,0.0,0.645,120,5.0,2.0,1.0
025_RC103,25,RC,2,3,OPTIMAL,7.8562,2,0,0,0,2,0.0,0.0,0.0,7.8562,120,5.0,2.0,1.0
025_RC103,25,RC,2,4,OPTIMAL,10.2237,2,0,0,0,2,0.0,0.0,0.0,10.2237,120,5.0,2.0,1.0
025_RC103,25,RC,2,5,OPTIMAL,1.892,2,0,0,0,2,0.0,0.0,0.0,1.892,120,5.0,2.0,1.0
025_RC103,25,RC,2,6,OPTIMAL,25.4699,2,0,0,0,2,0.0,0.0,0.0,25.4699,120,5.0,2.0,1.0
025_RC103,25,RC,2,7,OPTIMAL,3.7257,2,0,0,0,2,0.0,0.0,0.0,3.7257,120,5.0,2.0,1.0
025_RC103,25,RC,2,8,OPTIMAL,1.5886,2,0,0,0,2,0.0,0.0,0.0,1.5886,120,5.0,2.0,1.0
025_RC103,25,RC,2,9,OPTIMAL,5.5602,2,0,0,0,2,0.0,0.0,0.0,5.5602,120,5.0,2.0,1.0
025_RC103,25,RC,4,0,OPTIMAL,20.3077,4,0,0,0,4,0.0,0.0,0.0,20.3077,120,5.0,2.0,1.0
025_RC103,25,RC,4,1,OPTIMAL,23.8267,4,0,0,0,4,0.0,0.0,0.0,23.8267,120,5.0,2.0,1.0
025_RC103,25,RC,4,2,OPTIMAL,9.6753,4,0,0,0,4,0.0,0.0,0.0,9.6753,120,5.0,2.0,1.0
025_RC103,25,RC,4,3,OPTIMAL,8.0817,4,0,0,0,4,0.0,0.0,0.0,8.0817,120,5.0,2.0,1.0
025_RC103,25,RC,4,4,OPTIMAL,18.2743,4,0,0,0,4,0.0,0.0,0.0,18.2743,120,5.0,2.0,1.0
025_RC103,25,RC,4,5,OPTIMAL,4.4652,4,0,0,0,4,0.0,0.0,0.0,4.4652,120,5.0,2.0,1.0
025_RC103,25,RC,4,6,OPTIMAL,0.9532,4,0,0,0,4,0.0,0.0,0.0,0.9532,120,5.0,2.0,1.0
025_RC103,25,RC,4,7,OPTIMAL,43.9859,4,0,0,0,4,0.0,0.0,0.0,43.9859,120,5.0,2.0,1.0
025_RC103,25,RC,4,8,OPTIMAL,11.863,4,0,0,0,4,0.0,0.0,0.0,11.863,120,5.0,2.0,1.0
025_RC103,25,RC,4,9,OPTIMAL,33.6927,4,0,0,0,4,0.0,0.0,0.0,33.6927,120,5.0,2.0,1.0
025_RC103,25,RC,6,0,OPTIMAL,11.2435,6,0,0,0,6,0.0,0.0,0.0,11.2435,120,5.0,2.0,1.0
025_RC103,25,RC,6,1,OPTIMAL,45.992,6,0,0,0,6,0.0,0.0,0.0,45.992,120,5.0,2.0,1.0
025_RC103,25,RC,6,2,OPTIMAL,21.3921,6,0,0,0,6,0.0,0.0,0.0,21.3921,120,5.0,2.0,1.0
025_RC103,25,RC,6,3,OPTIMAL,30.8197,6,0,0,0,6,0.0,0.0,0.0,30.8197,120,5.0,2.0,1.0
025_RC103,25,RC,6,4,OPTIMAL,47.5545,6,0,0,0,6,0.0,0.0,0.0,47.5545,120,5.0,2.0,1.0
025_RC103,25,RC,6,5,OPTIMAL,15.4003,6,0,0,0,6,0.0,0.0,0.0,15.4003,120,5.0,2.0,1.0
025_RC103,25,RC,6,6,OPTIMAL,31.867,6,0,0,0,6,0.0,0.0,0.0,31.867,120,5.0,2.0,1.0
025_RC103,25,RC,6,7,OPTIMAL,21.1052,6,0,0,0,6,0.0,0.0,0.0,21.1052,120,5.0,2.0,1.0
025_RC103,25,RC,6,8,OPTIMAL,36.7725,6,0,0,0,6,0.0,0.0,0.0,36.7725,120,5.0,2.0,1.0
025_RC103,25,RC,6,9,OPTIMAL,29.7963,6,0,0,0,6,0.0,0.0,0.0,29.7963,120,5.0,2.0,1.0
025_RC104,25,RC,2,0,OPTIMAL,1.3818,2,0,0,0,2,0.0,0.0,0.0,1.3818,120,5.0,2.0,1.0
025_RC104,25,RC,2,1,OPTIMAL,53.1972,2,0,0,0,2,0.0,0.0,0.0,53.1972,120,5.0,2.0,1.0
025_RC104,25,RC,2,2,OPTIMAL,7.9925,2,0,0,0,2,0.0,0.0,0.0,7.9925,120,5.0,2.0,1.0
025_RC104,25,RC,2,3,OPTIMAL,10.2851,2,0,0,0,2,0.0,0.0,0.0,10.2851,120,5.0,2.0,1.0
025_RC104,25,RC,2,4,OPTIMAL,10.0989,2,0,0,0,2,0.0,0.0,0.0,10.0989,120,5.0,2.0,1.0
025_RC104,25,RC,2,5,OPTIMAL,14.0275,2,0,0,0,2,0.0,0.0,0.0,14.0275,120,5.0,2.0,1.0
025_RC104,25,RC,2,6,OPTIMAL,63.8413,2,0,0,0,2,0.0,0.0,0.0,63.8413,120,5.0,2.0,1.0
025_RC104,25,RC,2,7,OPTIMAL,3.4044,2,0,0,0,2,0.0,0.0,0.0,3.4044,120,5.0,2.0,1.0
025_RC104,25,RC,2,8,OPTIMAL,0.8816,2,0,0,0,2,0.0,0.0,0.0,0.8816,120,5.0,2.0,1.0
025_RC104,25,RC,2,9,OPTIMAL,5.5714,2,0,0,0,2,0.0,0.0,0.0,5.5714,120,5.0,2.0,1.0
025_RC104,25,RC,4,0,OPTIMAL,23.9093,4,0,0,0,4,0.0,0.0,0.0,23.9093,120,5.0,2.0,1.0
025_RC104,25,RC,4,1,OPTIMAL,12.3863,4,0,0,0,4,0.0,0.0,0.0,12.3863,120,5.0,2.0,1.0
025_RC104,25,RC,4,2,OPTIMAL,9.6753,4,0,0,0,4,0.0,0.0,0.0,9.6753,120,5.0,2.0,1.0
025_RC104,25,RC,4,3,OPTIMAL,9.7071,4,0,0,0,4,0.0,0.0,0.0,9.7071,120,5.0,2.0,1.0
025_RC104,25,RC,4,4,OPTIMAL,14.8253,4,0,0,0,4,0.0,0.0,0.0,14.8253,120,5.0,2.0,1.0
025_RC104,25,RC,4,5,OPTIMAL,16.6698,4,0,0,0,4,0.0,0.0,0.0,16.6698,120,5.0,2.0,1.0
025_RC104,25,RC,4,6,OPTIMAL,3.517,4,0,0,0,4,0.0,0.0,0.0,3.517,120,5.0,2.0,1.0
025_RC104,25,RC,4,7,OPTIMAL,82.0119,4,0,0,0,4,0.0,0.0,0.0,82.0119,120,5.0,2.0,1.0
025_RC104,25,RC,4,8,OPTIMAL,10.7607,4,0,0,0,4,0.0,0.0,0.0,10.7607,120,5.0,2.0,1.0
025_RC104,25,RC,4,9,OPTIMAL,67.1398,4,0,0,0,4,0.0,0.0,0.0,67.1398,120,5.0,2.0,1.0
025_RC104,25,RC,6,0,OPTIMAL,12.1843,6,0,0,0,6,0.0,0.0,0.0,12.1843,120,5.0,2.0,1.0
025_RC104,25,RC,6,1,OPTIMAL,58.6505,6,0,0,0,6,0.0,0.0,0.0,58.6505,120,5.0,2.0,1.0
025_RC104,25,RC,6,2,OPTIMAL,31.8401,6,0,0,0,6,0.0,0.0,0.0,31.8401,120,5.0,2.0,1.0
025_RC104,25,RC,6,3,OPTIMAL,68.7811,6,0,0,0,6,0.0,0.0,0.0,68.7811,120,5.0,2.0,1.0
025_RC104,25,RC,6,4,OPTIMAL,96.3833,6,0,0,0,6,0.0,0.0,0.0,96.3833,120,5.0,2.0,1.0
025_RC104,25,RC,6,5,OPTIMAL,13.9852,6,0,0,0,6,0.0,0.0,0.0,13.9852,120,5.0,2.0,1.0
025_RC104,25,RC,6,6,OPTIMAL,60.7685,6,0,0,0,6,0.0,0.0,0.0,60.7685,120,5.0,2.0,1.0
025_RC104,25,RC,6,7,OPTIMAL,25.6403,6,0,0,0,6,0.0,0.0,0.0,25.6403,120,5.0,2.0,1.0
025_RC104,25,RC,6,8,OPTIMAL,37.1584,6,0,0,0,6,0.0,0.0,0.0,37.1584,120,5.0,2.0,1.0
025_RC104,25,RC,6,9,OPTIMAL,31.0869,6,0,0,0,6,0.0,0.0,0.0,31.0869,120,5.0,2.0,1.0
025_RC105,25,RC,2,0,OPTIMAL,0.407,2,0,0,0,2,0.0,0.0,0.0,0.407,120,5.0,2.0,1.0
025_RC105,25,RC,2,1,OPTIMAL,3.3178,2,0,0,0,2,0.0,0.0,0.0,3.3178,120,5.0,2.0,1.0
025_RC105,25,RC,2,2,OPTIMAL,0.6141,2,0,0,0,2,0.0,0.0,0.0,0.6141,120,5.0,2.0,1.0
025_RC105,25,RC,2,3,OPTIMAL,7.3252,2,0,0,0,2,0.0,0.0,0.0,7.3252,120,5.0,2.0,1.0
025_RC105,25,RC,2,4,OPTIMAL,18.5485,2,0,0,0,2,0.0,0.0,0.0,18.5485,120,5.0,2.0,1.0
025_RC105,25,RC,2,5,OPTIMAL,1.892,2,0,0,0,2,0.0,0.0,0.0,1.892,120,5.0,2.0,1.0
025_RC105,25,RC,2,6,OPTIMAL,30.6603,2,0,0,0,2,0.0,0.0,0.0,30.6603,120,5.0,2.0,1.0
025_RC105,25,RC,2,7,OPTIMAL,3.7257,2,0,0,0,2,0.0,0.0,0.0,3.7257,120,5.0,2.0,1.0
025_RC105,25,RC,2,8,OPTIMAL,0.318,2,0,0,0,2,0.0,0.0,0.0,0.318,120,5.0,2.0,1.0
025_RC105,25,RC,2,9,OPTIMAL,18.5568,2,0,0,0,2,0.0,0.0,0.0,18.5568,120,5.0,2.0,1.0
025_RC105,25,RC,4,0,OPTIMAL,21.9153,4,0,0,0,4,0.0,0.0,0.0,21.9153,120,5.0,2.0,1.0
025_RC105,25,RC,4,1,OPTIMAL,14.7237,4,0,0,0,4,0.0,0.0,0.0,14.7237,120,5.0,2.0,1.0
025_RC105,25,RC,4,2,OPTIMAL,9.8851,4,0,0,0,4,0.0,0.0,0.0,9.8851,120,5.0,2.0,1.0
025_RC105,25,RC,4,3,OPTIMAL,8.2631,4,0,0,0,4,0.0,0.0,0.0,8.2631,120,5.0,2.0,1.0
025_RC105,25,RC,4,4,OPTIMAL,14.9553,4,0,0,0,4,0.0,0.0,0.0,14.9553,120,5.0,2.0,1.0
025_RC105,25,RC,4,5,OPTIMAL,5.2126,4,0,0,0,4,0.0,0.0,0.0,5.2126,120,5.0,2.0,1.0
025_RC105,25,RC,4,6,OPTIMAL,2.6269,4,0,0,0,4,0.0,0.0,0.0,2.6269,120,5.0,2.0,1.0
025_RC105,25,RC,4,7,OPTIMAL,35.3883,4,0,0,0,4,0.0,0.0,0.0,35.3883,120,5.0,2.0,1.0
025_RC105,25,RC,4,8,OPTIMAL,9.8671,4,0,0,0,4,0.0,0.0,0.0,9.8671,120,5.0,2.0,1.0
025_RC105,25,RC,4,9,OPTIMAL,20.8422,4,0,0,0,4,0.0,0.0,0.0,20.8422,120,5.0,2.0,1.0
025_RC105,25,RC,6,0,OPTIMAL,25.4236,6,0,0,0,6,0.0,0.0,0.0,25.4236,120,5.0,2.0,1.0
025_RC105,25,RC,6,1,OPTIMAL,9.9317,6,0,0,0,6,0.0,0.0,0.0,9.9317,120,5.0,2.0,1.0
025_RC105,25,RC,6,2,OPTIMAL,14.4138,6,0,0,0,6,0.0,0.0,0.0,14.4138,120,5.0,2.0,1.0
025_RC105,25,RC,6,3,OPTIMAL,35.2544,6,0,0,0,6,0.0,0.0,0.0,35.2544,120,5.0,2.0,1.0
025_RC105,25,RC,6,4,OPTIMAL,58.1823,6,0,0,0,6,0.0,0.0,0.0,58.1823,120,5.0,2.0,1.0
025_RC105,25,RC,6,5,OPTIMAL,20.7707,6,0,0,0,6,0.0,0.0,0.0,20.7707,120,5.0,2.0,1.0
025_RC105,25,RC,6,6,OPTIMAL,15.3592,6,0,0,0,6,0.0,0.0,0.0,15.3592,120,5.0,2.0,1.0
025_RC105,25,RC,6,7,OPTIMAL,31.4305,6,0,0,0,6,0.0,0.0,0.0,31.4305,120,5.0,2.0,1.0
025_RC105,25,RC,6,8,OPTIMAL,34.0292,6,0,0,0,6,0.0,0.0,0.0,34.0292,120,5.0,2.0,1.0
025_RC105,25,RC,6,9,OPTIMAL,38.0907,6,0,0,0,6,0.0,0.0,0.0,38.0907,120,5.0,2.0,1.0
025_RC106,25,RC,2,0,OPTIMAL,0.9628,2,0,0,0,2,0.0,0.0,0.0,0.9628,120,5.0,2.0,1.0
025_RC106,25,RC,2,1,OPTIMAL,1.3631,2,0,0,0,2,0.0,0.0,0.0,1.3631,120,5.0,2.0,1.0
025_RC106,25,RC,2,2,OPTIMAL,0.6825,2,0,0,0,2,0.0,0.0,0.0,0.6825,120,5.0,2.0,1.0
025_RC106,25,RC,2,3,OPTIMAL,7.311,2,0,0,0,2,0.0,0.0,0.0,7.311,120,5.0,2.0,1.0
025_RC106,25,RC,2,4,OPTIMAL,18.5505,2,0,0,0,2,0.0,0.0,0.0,18.5505,120,5.0,2.0,1.0
025_RC106,25,RC,2,5,OPTIMAL,1.892,2,0,0,0,2,0.0,0.0,0.0,1.892,120,5.0,2.0,1.0
025_RC106,25,RC,2,6,OPTIMAL,12.001,2,0,0,0,2,0.0,0.0,0.0,12.001,120,5.0,2.0,1.0
025_RC106,25,RC,2,7,OPTIMAL,5.3562,2,0,0,0,2,0.0,0.0,0.0,5.3562,120,5.0,2.0,1.0
025_RC106,25,RC,2,8,OPTIMAL,0.4544,2,0,0,0,2,0.0,0.0,0.0,0.4544,120,5.0,2.0,1.0
025_RC106,25,RC,2,9,OPTIMAL,12.0134,2,0,0,0,2,0.0,0.0,0.0,12.0134,120,5.0,2.0,1.0
025_RC106,25,RC,4,0,OPTIMAL,13.4849,4,0,0,0,4,0.0,0.0,0.0,13.4849,120,5.0,2.0,1.0
025_RC106,25,RC,4,1,OPTIMAL,41.8332,4,0,0,0,4,0.0,0.0,0.0,41.8332,120,5.0,2.0,1.0
025_RC106,25,RC,4,2,OPTIMAL,3.0888,4,0,0,0,4,0.0,0.0,0.0,3.0888,120,5.0,2.0,1.0
025_RC106,25,RC,4,3,OPTIMAL,10.8136,4,0,0,0,4,0.0,0.0,0.0,10.8136,120,5.0,2.0,1.0
025_RC106,25,RC,4,4,OPTIMAL,31.1292,4,0,0,0,4,0.0,0.0,0.0,31.1292,120,5.0,2.0,1.0
025_RC106,25,RC,4,5,OPTIMAL,13.4775,4,0,0,0,4,0.0,0.0,0.0,13.4775,120,5.0,2.0,1.0
025_RC106,25,RC,4,6,OPTIMAL,1.526,4,0,0,0,4,0.0,0.0,0.0,1.526,120,5.0,2.0,1.0
025_RC106,25,RC,4,7,OPTIMAL,19.9645,4,0,0,0,4,0.0,0.0,0.0,19.9645,120,5.0,2.0,1.0
025_RC106,25,RC,4,8,OPTIMAL,26.6128,4,0,0,0,4,0.0,0.0,0.0,26.6128,120,5.0,2.0,1.0
025_RC106,25,RC,4,9,OPTIMAL,46.5727,4,0,0,0,4,0.0,0.0,0.0,46.5727,120,5.0,2.0,1.0
025_RC106,25,RC,6,0,OPTIMAL,18.4522,6,0,0,0,6,0.0,0.0,0.0,18.4522,120,5.0,2.0,1.0
025_RC106,25,RC,6,1,OPTIMAL,8.4877,6,0,0,0,6,0.0,0.0,0.0,8.4877,120,5.0,2.0,1.0
025_RC106,25,RC,6,2,OPTIMAL,26.2718,6,0,0,0,6,0.0,0.0,0.0,26.2718,120,5.0,2.0,1.0
025_RC106,25,RC,6,3,OPTIMAL,19.0667,6,0,0,0,6,0.0,0.0,0.0,19.0667,120,5.0,2.0,1.0
025_RC106,25,RC,6,4,OPTIMAL,66.7681,6,0,0,0,6,0.0,0.0,0.0,66.7681,120,5.0,2.0,1.0
025_RC106,25,RC,6,5,OPTIMAL,21.9647,6,0,0,0,6,0.0,0.0,0.0,21.9647,120,5.0,2.0,1.0
025_RC106,25,RC,6,6,OPTIMAL,19.949,6,0,0,0,6,0.0,0.0,0.0,19.949,120,5.0,2.0,1.0
025_RC106,25,RC,6,7,OPTIMAL,23.9322,6,0,0,0,6,0.0,0.0,0.0,23.9322,120,5.0,2.0,1.0
025_RC106,25,RC,6,8,OPTIMAL,31.7296,6,0,0,0,6,0.0,0.0,0.0,31.7296,120,5.0,2.0,1.0
025_RC106,25,RC,6,9,OPTIMAL,21.3983,6,0,0,0,6,0.0,0.0,0.0,21.3983,120,5.0,2.0,1.0
025_RC107,25,RC,2,0,OPTIMAL,6.5006,2,0,0,0,2,0.0,0.0,0.0,6.5006,120,5.0,2.0,1.0
025_RC107,25,RC,2,1,OPTIMAL,0.1217,2,0,0,0,2,0.0,0.0,0.0,0.1217,120,5.0,2.0,1.0
025_RC107,25,RC,2,2,OPTIMAL,43.687,2,0,0,0,2,0.0,0.0,0.0,43.687,120,5.0,2.0,1.0
025_RC107,25,RC,2,3,OPTIMAL,51.646,2,0,0,0,2,0.0,0.0,0.0,51.646,120,5.0,2.0,1.0
025_RC107,25,RC,2,4,OPTIMAL,18.5505,2,0,0,0,2,0.0,0.0,0.0,18.5505,120,5.0,2.0,1.0
025_RC107,25,RC,2,5,OPTIMAL,49.0675,2,0,0,0,2,0.0,0.0,0.0,49.0675,120,5.0,2.0,1.0
025_RC107,25,RC,2,6,OPTIMAL,5.8019,2,0,0,0,2,0.0,0.0,0.0,5.8019,120,5.0,2.0,1.0
025_RC107,25,RC,2,7,OPTIMAL,0.5254,2,0,0,0,2,0.0,0.0,0.0,0.5254,120,5.0,2.0,1.0
025_RC107,25,RC,2,8,OPTIMAL,0.8934,2,0,0,0,2,0.0,0.0,0.0,0.8934,120,5.0,2.0,1.0
025_RC107,25,RC,2,9,OPTIMAL,18.5456,2,0,0,0,2,0.0,0.0,0.0,18.5456,120,5.0,2.0,1.0
025_RC107,25,RC,4,0,OPTIMAL,42.0288,4,0,0,0,4,0.0,0.0,0.0,42.0288,120,5.0,2.0,1.0
025_RC107,25,RC,4,1,OPTIMAL,31.5584,4,0,0,0,4,0.0,0.0,0.0,31.5584,120,5.0,2.0,1.0
025_RC107,25,RC,4,2,OPTIMAL,0.9685,4,0,0,0,4,0.0,0.0,0.0,0.9685,120,5.0,2.0,1.0
025_RC107,25,RC,4,3,OPTIMAL,54.5773,4,0,0,0,4,0.0,0.0,0.0,54.5773,120,5.0,2.0,1.0
025_RC107,25,RC,4,4,OPTIMAL,24.3754,4,0,0,0,4,0.0,0.0,0.0,24.3754,120,5.0,2.0,1.0
025_RC107,25,RC,4,5,OPTIMAL,20.9033,4,0,0,0,4,0.0,0.0,0.0,20.9033,120,5.0,2.0,1.0
025_RC107,25,RC,4,6,OPTIMAL,30.7061,4,0,0,0,4,0.0,0.0,0.0,30.7061,120,5.0,2.0,1.0
025_RC107,25,RC,4,7,OPTIMAL,38.5756,4,0,0,0,4,0.0,0.0,0.0,38.5756,120,5.0,2.0,1.0
025_RC107,25,RC,4,8,OPTIMAL,26.5695,4,0,0,0,4,0.0,0.0,0.0,26.5695,120,5.0,2.0,1.0
025_RC107,25,RC,4,9,OPTIMAL,29.4268,4,0,0,0,4,0.0,0.0,0.0,29.4268,120,5.0,2.0,1.0
025_RC107,25,RC,6,0,OPTIMAL,19.4482,6,0,0,0,6,0.0,0.0,0.0,19.4482,120,5.0,2.0,1.0
025_RC107,25,RC,6,1,OPTIMAL,123.9719,6,0,0,0,6,0.0,0.0,0.0,123.9719,120,5.0,2.0,1.0
025_RC107,25,RC,6,2,OPTIMAL,105.9001,6,0,0,0,6,0.0,0.0,0.0,105.9001,120,5.0,2.0,1.0
025_RC107,25,RC,6,3,OPTIMAL,14.8635,6,0,0,0,6,0.0,0.0,0.0,14.8635,120,5.0,2.0,1.0
025_RC107,25,RC,6,4,OPTIMAL,140.5817,6,0,0,0,6,0.0,0.0,0.0,140.5817,120,5.0,2.0,1.0
025_RC107,25,RC,6,5,OPTIMAL,8.2996,6,0,0,0,6,0.0,0.0,0.0,8.2996,120,5.0,2.0,1.0
025_RC107,25,RC,6,6,OPTIMAL,37.7081,6,0,0,0,6,0.0,0.0,0.0,37.7081,120,5.0,2.0,1.0
025_RC107,25,RC,6,7,OPTIMAL,69.3457,6,0,0,0,6,0.0,0.0,0.0,69.3457,120,5.0,2.0,1.0
025_RC107,25,RC,6,8,OPTIMAL,83.7515,6,0,0,0,6,0.0,0.0,0.0,83.7515,120,5.0,2.0,1.0
025_RC107,25,RC,6,9,OPTIMAL,38.0564,6,0,0,0,6,0.0,0.0,0.0,38.0564,120,5.0,2.0,1.0
025_RC108,25,RC,2,0,OPTIMAL,5.5491,2,0,0,0,2,0.0,0.0,0.0,5.5491,120,5.0,2.0,1.0
025_RC108,25,RC,2,1,OPTIMAL,0.6093,2,0,0,0,2,0.0,0.0,0.0,0.6093,120,5.0,2.0,1.0
025_RC108,25,RC,2,2,OPTIMAL,13.4825,2,0,0,0,2,0.0,0.0,0.0,13.4825,120,5.0,2.0,1.0
025_RC108,25,RC,2,3,OPTIMAL,415.9563,2,1,1,0,1,0.5,414.9226,0.0,1.0337,120,5.0,2.0,1.0
025_RC108,25,RC,2,4,OPTIMAL,37.0989,2,0,0,0,2,0.0,0.0,0.0,37.0989,120,5.0,2.0,1.0
025_RC108,25,RC,2,5,OPTIMAL,49.0675,2,0,0,0,2,0.0,0.0,0.0,49.0675,120,5.0,2.0,1.0
025_RC108,25,RC,2,6,OPTIMAL,43.3463,2,0,0,0,2,0.0,0.0,0.0,43.3463,120,5.0,2.0,1.0
025_RC108,25,RC,2,7,OPTIMAL,332.6585,2,1,1,0,1,0.5,329.5168,0.0,3.1418,120,5.0,2.0,1.0
025_RC108,25,RC,2,8,OPTIMAL,0.6163,2,0,0,0,2,0.0,0.0,0.0,0.6163,120,5.0,2.0,1.0
025_RC108,25,RC,2,9,OPTIMAL,37.0966,2,0,0,0,2,0.0,0.0,0.0,37.0966,120,5.0,2.0,1.0
025_RC108,25,RC,4,0,OPTIMAL,77.7443,4,0,0,0,4,0.0,0.0,0.0,77.7443,120,5.0,2.0,1.0
025_RC108,25,RC,4,1,OPTIMAL,443.8274,4,1,1,0,3,0.25,428.9632,0.0,14.8642,120,5.0,2.0,1.0
025_RC108,25,RC,4,2,OPTIMAL,41.1729,4,0,0,0,4,0.0,0.0,0.0,41.1729,120,5.0,2.0,1.0
025_RC108,25,RC,4,3,OPTIMAL,416.1079,4,1,1,0,3,0.25,407.3033,0.0,8.8046,120,5.0,2.0,1.0
025_RC108,25,RC,4,4,OPTIMAL,419.8628,4,1,1,0,3,0.25,405.5936,0.0,14.2692,120,5.0,2.0,1.0
025_RC108,25,RC,4,5,OPTIMAL,22.374,4,0,0,0,4,0.0,0.0,0.0,22.374,120,5.0,2.0,1.0
025_RC108,25,RC,4,6,OPTIMAL,15.2787,4,0,0,0,4,0.0,0.0,0.0,15.2787,120,5.0,2.0,1.0
025_RC108,25,RC,4,7,OPTIMAL,75.9334,4,0,0,0,4,0.0,0.0,0.0,75.9334,120,5.0,2.0,1.0
025_RC108,25,RC,4,8,OPTIMAL,51.0758,4,0,0,0,4,0.0,0.0,0.0,51.0758,120,5.0,2.0,1.0
025_RC108,25,RC,4,9,OPTIMAL,66.4985,4,0,0,0,4,0.0,0.0,0.0,66.4985,120,5.0,2.0,1.0
025_RC108,25,RC,6,0,OPTIMAL,42.7324,6,0,0,0,6,0.0,0.0,0.0,42.7324,120,5.0,2.0,1.0
025_RC108,25,RC,6,1,OPTIMAL,379.5076,6,1,1,0,5,0.1667,303.597,0.0,75.9106,120,5.0,2.0,1.0
025_RC108,25,RC,6,2,OPTIMAL,45.5383,6,0,0,0,6,0.0,0.0,0.0,45.5383,120,5.0,2.0,1.0
025_RC108,25,RC,6,3,OPTIMAL,62.8751,6,0,0,0,6,0.0,0.0,0.0,62.8751,120,5.0,2.0,1.0
025_RC108,25,RC,6,4,OPTIMAL,815.2908,6,2,2,0,4,0.3333,731.7877,0.0,83.5031,120,5.0,2.0,1.0
025_RC108,25,RC,6,5,OPTIMAL,26.4508,6,0,0,0,6,0.0,0.0,0.0,26.4508,120,5.0,2.0,1.0
025_RC108,25,RC,6,6,OPTIMAL,29.5935,6,0,0,0,6,0.0,0.0,0.0,29.5935,120,5.0,2.0,1.0
025_RC108,25,RC,6,7,OPTIMAL,115.8061,6,0,0,0,6,0.0,0.0,0.0,115.8061,120,5.0,2.0,1.0
025_RC108,25,RC,6,8,OPTIMAL,570.1954,6,1,1,0,5,0.1667,368.9302,0.0,201.2652,120,5.0,2.0,1.0
025_RC108,25,RC,6,9,OPTIMAL,382.8765,6,1,1,0,5,0.1667,349.5674,0.0,33.3092,120,5.0,2.0,1.0
025_RC201,25,RC,2,0,OPTIMAL,29.6361,2,0,0,0,2,0.0,0.0,0.0,29.6361,120,5.0,2.0,1.0
025_RC201,25,RC,2,1,OPTIMAL,14.0882,2,0,0,0,2,0.0,0.0,0.0,14.0882,120,5.0,2.0,1.0
025_RC201,25,RC,2,2,OPTIMAL,708.1408,2,2,1,1,0,1.0,708.1408,0.0,0.0,120,5.0,2.0,1.0
025_RC201,25,RC,2,3,OPTIMAL,787.5562,2,2,2,0,0,1.0,787.5562,0.0,0.0,120,5.0,2.0,1.0
025_RC201,25,RC,2,4,OPTIMAL,99.9719,2,0,0,0,2,0.0,0.0,0.0,99.9719,120,5.0,2.0,1.0
025_RC201,25,RC,2,5,OPTIMAL,335.3218,2,1,0,1,1,0.5,323.0399,0.0,12.2819,120,5.0,2.0,1.0
025_RC201,25,RC,2,6,OPTIMAL,812.6955,2,2,2,0,0,1.0,812.6955,0.0,0.0,120,5.0,2.0,1.0
025_RC201,25,RC,2,7,OPTIMAL,332.0992,2,1,1,0,1,0.5,329.5168,0.0,2.5824,120,5.0,2.0,1.0
025_RC201,25,RC,2,8,OPTIMAL,1.2635,2,0,0,0,2,0.0,0.0,0.0,1.2635,120,5.0,2.0,1.0
025_RC201,25,RC,2,9,OPTIMAL,62.471,2,0,0,0,2,0.0,0.0,0.0,62.471,120,5.0,2.0,1.0
025_RC201,25,RC,4,0,OPTIMAL,92.7766,4,0,0,0,4,0.0,0.0,0.0,92.7766,120,5.0,2.0,1.0
025_RC201,25,RC,4,1,OPTIMAL,479.044,4,1,1,0,3,0.25,428.9632,0.0,50.0808,120,5.0,2.0,1.0
025_RC201,25,RC,4,2,OPTIMAL,673.5289,4,2,1,1,2,0.5,663.0518,0.0,10.4771,120,5.0,2.0,1.0
025_RC201,25,RC,4,3,OPTIMAL,765.8068,4,2,2,0,2,0.5,762.3813,0.0,3.4255,120,5.0,2.0,1.0
025_RC201,25,RC,4,4,OPTIMAL,784.157,4,2,2,0,2,0.5,771.8945,0.0,12.2625,120,5.0,2.0,1.0
025_RC201,25,RC,4,5,OPTIMAL,707.4028,4,2,1,1,2,0.5,698.327,0.0,9.0758,120,5.0,2.0,1.0
025_RC201,25,RC,4,6,OPTIMAL,383.1481,4,1,1,0,3,0.25,356.6029,0.0,26.5451,120,5.0,2.0,1.0
025_RC201,25,RC,4,7,OPTIMAL,515.0562,4,1,1,0,3,0.25,480.1617,0.0,34.8945,120,5.0,2.0,1.0
025_RC201,25,RC,4,8,OPTIMAL,442.0558,4,1,1,0,3,0.25,386.9571,0.0,55.0986,120,5.0,2.0,1.0
025_RC201,25,RC,4,9,OPTIMAL,950.6589,4,2,2,0,2,0.5,928.7338,0.0,21.9251,120,5.0,2.0,1.0
025_RC201,25,RC,6,0,OPTIMAL,854.9566,6,2,2,0,4,0.3333,792.734,0.0,62.2226,120,5.0,2.0,1.0
025_RC201,25,RC,6,1,OPTIMAL,1313.9575,6,4,2,2,2,0.6667,1308.3258,0.0,5.6318,120,5.0,2.0,1.0
025_RC201,25,RC,6,2,OPTIMAL,485.2433,6,1,0,1,5,0.1667,429.1257,0.0,56.1176,120,5.0,2.0,1.0
025_RC201,25,RC,6,3,OPTIMAL,849.6232,6,2,1,1,4,0.3333,794.785,0.0,54.8382,120,5.0,2.0,1.0
025_RC201,25,RC,6,4,OPTIMAL,2015.9145,6,5,3,2,1,0.8333,1995.5166,0.0,20.3979,120,5.0,2.0,1.0
025_RC201,25,RC,6,5,OPTIMAL,71.1601,6,0,0,0,6,0.0,0.0,0.0,71.1601,120,5.0,2.0,1.0
025_RC201,25,RC,6,6,OPTIMAL,465.3185,6,1,0,1,5,0.1667,381.2003,0.0,84.1182,120,5.0,2.0,1.0
025_RC201,25,RC,6,7,OPTIMAL,1555.5988,6,4,0,4,2,0.6667,1549.6597,0.0,5.9391,120,5.0,2.0,1.0
025_RC201,25,RC,6,8,OPTIMAL,841.9964,6,2,1,1,4,0.3333,812.9049,0.0,29.0915,120,5.0,2.0,1.0
025_RC201,25,RC,6,9,OPTIMAL,1139.2803,6,3,2,1,3,0.5,1097.4643,0.0,41.816,120,5.0,2.0,1.0
025_RC202,25,RC,2,0,OPTIMAL,33.3068,2,0,0,0,2,0.0,0.0,0.0,33.3068,120,5.0,2.0,1.0
025_RC202,25,RC,2,1,OPTIMAL,15.0929,2,0,0,0,2,0.0,0.0,0.0,15.0929,120,5.0,2.0,1.0
025_RC202,25,RC,2,2,OPTIMAL,708.1408,2,2,1,1,0,1.0,708.1408,0.0,0.0,120,5.0,2.0,1.0
025_RC202,25,RC,2,3,OPTIMAL,787.5562,2,2,2,0,0,1.0,787.5562,0.0,0.0,120,5.0,2.0,1.0
025_RC202,25,RC,2,4,OPTIMAL,20.8789,2,0,0,0,2,0.0,0.0,0.0,20.8789,120,5.0,2.0,1.0
025_RC202,25,RC,2,5,OPTIMAL,722.2865,2,2,0,2,0,1.0,722.2865,0.0,0.0,120,5.0,2.0,1.0
025_RC202,25,RC,2,6,OPTIMAL,812.6955,2,2,2,0,0,1.0,812.6955,0.0,0.0,120,5.0,2.0,1.0
025_RC202,25,RC,2,7,OPTIMAL,658.031,2,2,1,1,0,1.0,658.031,0.0,0.0,120,5.0,2.0,1.0
025_RC202,25,RC,2,8,OPTIMAL,32.0789,2,0,0,0,2,0.0,0.0,0.0,32.0789,120,5.0,2.0,1.0
025_RC202,25,RC,2,9,OPTIMAL,38.0953,2,0,0,0,2,0.0,0.0,0.0,38.0953,120,5.0,2.0,1.0
025_RC202,25,RC,4,0,OPTIMAL,1522.8577,4,4,0,4,0,1.0,1522.8577,0.0,0.0,120,5.0,2.0,1.0
025_RC202,25,RC,4,1,OPTIMAL,1250.7544,4,3,1,2,1,0.75,1217.2107,0.0,33.5437,120,5.0,2.0,1.0
025_RC202,25,RC,4,2,OPTIMAL,709.7377,4,2,1,1,2,0.5,663.0518,0.0,46.6859,120,5.0,2.0,1.0
025_RC202,25,RC,4,3,OPTIMAL,791.581,4,2,2,0,2,0.5,762.3813,0.0,29.1997,120,5.0,2.0,1.0
025_RC202,25,RC,4,4,OPTIMAL,1137.9199,4,3,2,1,1,0.75,1103.8584,0.0,34.0614,120,5.0,2.0,1.0
025_RC202,25,RC,4,5,OPTIMAL,405.8128,4,1,1,0,3,0.25,355.9917,0.0,49.821,120,5.0,2.0,1.0
025_RC202,25,RC,4,6,OPTIMAL,1054.2214,4,3,2,1,1,0.75,1052.8639,0.0,1.3575,120,5.0,2.0,1.0
025_RC202,25,RC,4,7,OPTIMAL,515.0562,4,1,1,0,3,0.25,480.1617,0.0,34.8945,120,5.0,2.0,1.0
025_RC202,25,RC,4,8,OPTIMAL,445.9476,4,1,1,0,3,0.25,386.9571,0.0,58.9905,120,5.0,2.0,1.0
025_RC202,25,RC,4,9,OPTIMAL,872.8239,4,2,2,0,2,0.5,851.4749,0.0,21.349,120,5.0,2.0,1.0
025_RC202,25,RC,6,0,OPTIMAL,854.0752,6,2,2,0,4,0.3333,792.734,0.0,61.3412,120,5.0,2.0,1.0
025_RC202,25,RC,6,1,OPTIMAL,1411.4114,6,4,3,1,2,0.6667,1371.9273,0.0,39.4841,120,5.0,2.0,1.0
025_RC202,25,RC,6,2,OPTIMAL,1204.2643,6,3,0,3,3,0.5,1166.327,0.0,37.9373,120,5.0,2.0,1.0
025_RC202,25,RC,6,3,OPTIMAL,1170.8358,6,3,1,2,3,0.5,1155.0307,0.0,15.8051,120,5.0,2.0,1.0
025_RC202,25,RC,6,4,OPTIMAL,2445.0456,6,6,3,3,0,1.0,2445.0456,0.0,0.0,120,5.0,2.0,1.0
025_RC202,25,RC,6,5,OPTIMAL,368.2522,6,1,1,0,5,0.1667,311.4479,0.0,56.8042,120,5.0,2.0,1.0
025_RC202,25,RC,6,6,OPTIMAL,1472.589,6,4,3,1,2,0.6667,1457.8137,0.0,14.7753,120,5.0,2.0,1.0
025_RC202,25,RC,6,7,OPTIMAL,882.4709,6,2,0,2,4,0.3333,849.3039,0.0,33.167,120,5.0,2.0,1.0
025_RC202,25,RC,6,8,OPTIMAL,781.1521,6,2,1,1,4,0.3333,730.7536,0.0,50.3986,120,5.0,2.0,1.0
025_RC202,25,RC,6,9,OPTIMAL,1524.9365,6,4,2,2,2,0.6667,1501.6562,0.0,23.2803,120,5.0,2.0,1.0
025_RC203,25,RC,2,0,OPTIMAL,33.3068,2,0,0,0,2,0.0,0.0,0.0,33.3068,120,5.0,2.0,1.0
025_RC203,25,RC,2,1,OPTIMAL,415.898,2,1,1,0,1,0.5,413.6895,0.0,2.2085,120,5.0,2.0,1.0
025_RC203,25,RC,2,2,OPTIMAL,708.1408,2,2,1,1,0,1.0,708.1408,0.0,0.0,120,5.0,2.0,1.0
025_RC203,25,RC,2,3,OPTIMAL,787.5562,2,2,2,0,0,1.0,787.5562,0.0,0.0,120,5.0,2.0,1.0
025_RC203,25,RC,2,4,OPTIMAL,440.2684,2,1,0,1,1,0.5,440.2681,0.0,0.0003,120,5.0,2.0,1.0
025_RC203,25,RC,2,5,OPTIMAL,335.3218,2,1,0,1,1,0.5,323.0399,0.0,12.2819,120,5.0,2.0,1.0
025_RC203,25,RC,2,6,OPTIMAL,812.6955,2,2,2,0,0,1.0,812.6955,0.0,0.0,120,5.0,2.0,1.0
025_RC203,25,RC,2,7,OPTIMAL,332.0992,2,1,1,0,1,0.5,329.5168,0.0,2.5824,120,5.0,2.0,1.0
025_RC203,25,RC,2,8,OPTIMAL,713.3488,2,2,2,0,0,1.0,713.3488,0.0,0.0,120,5.0,2.0,1.0
025_RC203,25,RC,2,9,OPTIMAL,442.9677,2,1,0,1,1,0.5,442.9565,0.0,0.0112,120,5.0,2.0,1.0
025_RC203,25,RC,4,0,OPTIMAL,63.9026,4,0,0,0,4,0.0,0.0,0.0,63.9026,120,5.0,2.0,1.0
025_RC203,25,RC,4,1,OPTIMAL,888.356,4,2,1,1,2,0.5,831.5689,0.0,56.7871,120,5.0,2.0,1.0
025_RC203,25,RC,4,2,OPTIMAL,677.8198,4,2,1,1,2,0.5,663.0518,0.0,14.768,120,5.0,2.0,1.0
025_RC203,25,RC,4,3,OPTIMAL,1152.7232,4,3,3,0,1,0.75,1149.4062,0.0,3.317,120,5.0,2.0,1.0
025_RC203,25,RC,4,4,OPTIMAL,809.6758,4,2,2,0,2,0.5,771.8945,0.0,37.7814,120,5.0,2.0,1.0
025_RC203,25,RC,4,5,OPTIMAL,706.1451,4,2,2,0,2,0.5,698.327,0.0,7.8181,120,5.0,2.0,1.0
025_RC203,25,RC,4,6,OPTIMAL,732.7466,4,2,2,0,2,0.5,731.8299,0.0,0.9167,120,5.0,2.0,1.0
025_RC203,25,RC,4,7,OPTIMAL,1412.1173,4,3,3,0,1,0.75,1397.0458,0.0,15.0714,120,5.0,2.0,1.0
025_RC203,25,RC,4,8,OPTIMAL,856.2806,4,2,2,0,2,0.5,801.1829,0.0,55.0977,120,5.0,2.0,1.0
025_RC203,25,RC,4,9,OPTIMAL,881.6058,4,2,2,0,2,0.5,851.4749,0.0,30.1309,120,5.0,2.0,1.0
025_RC203,25,RC,6,0,OPTIMAL,1601.3841,6,4,4,0,2,0.6667,1598.0034,0.0,3.3808,120,5.0,2.0,1.0
025_RC203,25,RC,6,1,OPTIMAL,1714.2123,6,5,4,1,1,0.8333,1714.212,0.0,0.0003,120,5.0,2.0,1.0
025_RC203,25,RC,6,2,OPTIMAL,850.8132,6,2,0,2,4,0.3333,801.5158,0.0,49.2974,120,5.0,2.0,1.0
025_RC203,25,RC,6,3,OPTIMAL,1518.6579,6,4,2,2,2,0.6667,1511.0715,0.0,7.5864,120,5.0,2.0,1.0
025_RC203,25,RC,6,4,OPTIMAL,2015.9145,6,5,4,1,1,0.8333,1995.5166,0.0,20.3979,120,5.0,2.0,1.0
025_RC203,25,RC,6,5,OPTIMAL,435.7377,6,1,1,0,5,0.1667,311.4479,0.0,124.2898,120,5.0,2.0,1.0
025_RC203,25,RC,6,6,OPTIMAL,1510.8157,6,4,3,1,2,0.6667,1457.8137,0.0,53.0019,120,5.0,2.0,1.0
025_RC203,25,RC,6,7,OPTIMAL,864.0178,6,2,0,2,4,0.3333,849.3039,0.0,14.7139,120,5.0,2.0,1.0
025_RC203,25,RC,6,8,OPTIMAL,1219.3161,6,3,3,0,3,0.5,1192.2952,0.0,27.0209,120,5.0,2.0,1.0
025_RC203,25,RC,6,9,OPTIMAL,1143.1222,6,3,2,1,3,0.5,1097.4643,0.0,45.6579,120,5.0,2.0,1.0
025_RC204,25,RC,2,0,OPTIMAL,393.7208,2,1,0,1,1,0.5,360.7755,0.0,32.9454,120,5.0,2.0,1.0
025_RC204,25,RC,2,1,OPTIMAL,415.898,2,1,1,0,1,0.5,413.6895,0.0,2.2085,120,5.0,2.0,1.0
025_RC204,25,RC,2,2,OPTIMAL,708.1408,2,2,2,0,0,1.0,708.1408,0.0,0.0,120,5.0,2.0,1.0
025_RC204,25,RC,2,3,OPTIMAL,787.5562,2,2,2,0,0,1.0,787.5562,0.0,0.0,120,5.0,2.0,1.0
025_RC204,25,RC,2,4,OPTIMAL,440.551,2,1,0,1,1,0.5,440.2681,0.0,0.2829,120,5.0,2.0,1.0
025_RC204,25,RC,2,5,OPTIMAL,335.3218,2,1,0,1,1,0.5,323.0399,0.0,12.2819,120,5.0,2.0,1.0
025_RC204,25,RC,2,6,OPTIMAL,812.6955,2,2,2,0,0,1.0,812.6955,0.0,0.0,120,5.0,2.0,1.0
025_RC204,25,RC,2,7,OPTIMAL,658.031,2,2,1,1,0,1.0,658.031,0.0,0.0,120,5.0,2.0,1.0
025_RC204,25,RC,2,8,OPTIMAL,713.3488,2,2,2,0,0,1.0,713.3488,0.0,0.0,120,5.0,2.0,1.0
025_RC204,25,RC,2,9,OPTIMAL,447.2067,2,1,0,1,1,0.5,442.9565,0.0,4.2502,120,5.0,2.0,1.0
025_RC204,25,RC,4,0,OPTIMAL,850.4941,4,2,1,1,2,0.5,847.502,0.0,2.9921,120,5.0,2.0,1.0
025_RC204,25,RC,4,1,OPTIMAL,1223.4489,4,3,2,1,1,0.75,1176.3329,0.0,47.116,120,5.0,2.0,1.0
025_RC204,25,RC,4,2,OPTIMAL,1048.9186,4,3,1,2,1,0.75,1043.4222,0.0,5.4964,120,5.0,2.0,1.0
025_RC204,25,RC,4,3,OPTIMAL,1447.9173,4,4,3,1,0,1.0,1447.9173,0.0,0.0,120,5.0,2.0,1.0
025_RC204,25,RC,4,4,OPTIMAL,1126.9767,4,3,2,1,1,0.75,1091.8555,0.0,35.1212,120,5.0,2.0,1.0
025_RC204,25,RC,4,5,OPTIMAL,710.2996,4,2,2,0,2,0.5,698.327,0.0,11.9726,120,5.0,2.0,1.0
025_RC204,25,RC,4,6,OPTIMAL,732.7466,4,2,2,0,2,0.5,731.8299,0.0,0.9167,120,5.0,2.0,1.0
025_RC204,25,RC,4,7,OPTIMAL,1820.7567,4,4,4,0,0,1.0,1820.7567,0.0,0.0,120,5.0,2.0,1.0
025_RC204,25,RC,4,8,OPTIMAL,856.2806,4,2,2,0,2,0.5,801.1829,0.0,55.0977,120,5.0,2.0,1.0
025_RC204,25,RC,4,9,OPTIMAL,1248.4839,4,3,3,0,1,0.75,1230.5136,0.0,17.9703,120,5.0,2.0,1.0
025_RC204,25,RC,6,0,OPTIMAL,1927.9512,6,5,5,0,1,0.8333,1927.2327,0.0,0.7185,120,5.0,2.0,1.0
025_RC204,25,RC,6,1,OPTIMAL,2038.8733,6,6,4,2,0,1.0,2038.8733,0.0,0.0,120,5.0,2.0,1.0
025_RC204,25,RC,6,2,OPTIMAL,1507.4244,6,4,4,0,2,0.6667,1493.3597,0.0,14.0647,120,5.0,2.0,1.0
025_RC204,25,RC,6,3,OPTIMAL,1518.6579,6,4,3,1,2,0.6667,1511.0715,0.0,7.5864,120,5.0,2.0,1.0
025_RC204,25,RC,6,4,OPTIMAL,2445.0456,6,6,4,2,0,1.0,2445.0456,0.0,0.0,120,5.0,2.0,1.0
025_RC204,25,RC,6,5,OPTIMAL,1242.1511,6,3,2,1,3,0.5,1154.8106,0.0,87.3405,120,5.0,2.0,1.0
025_RC204,25,RC,6,6,OPTIMAL,1832.9915,6,5,4,1,1,0.8333,1810.9364,0.0,22.0551,120,5.0,2.0,1.0
025_RC204,25,RC,6,7,OPTIMAL,1231.8433,6,3,1,2,3,0.5,1220.5443,0.0,11.299,120,5.0,2.0,1.0
025_RC204,25,RC,6,8,OPTIMAL,1975.4658,6,5,4,1,1,0.8333,1974.9763,0.0,0.4896,120,5.0,2.0,1.0
025_RC204,25,RC,6,9,OPTIMAL,1916.7252,6,5,4,1,1,0.8333,1905.2802,0.0,11.445,120,5.0,2.0,1.0
025_RC205,25,RC,2,0,OPTIMAL,388.8714,2,1,0,1,1,0.5,360.7755,0.0,28.0959,120,5.0,2.0,1.0
025_RC205,25,RC,2,1,OPTIMAL,13.6962,2,0,0,0,2,0.0,0.0,0.0,13.6962,120,5.0,2.0,1.0
025_RC205,25,RC,2,2,OPTIMAL,374.4492,2,1,0,1,1,0.5,373.8388,0.0,0.6105,120,5.0,2.0,1.0
025_RC205,25,RC,2,3,OPTIMAL,419.5588,2,1,1,0,1,0.5,414.9226,0.0,4.6362,120,5.0,2.0,1.0
025_RC205,25,RC,2,4,OPTIMAL,440.2683,2,1,1,0,1,0.5,440.2681,0.0,0.0001,120,5.0,2.0,1.0
025_RC205,25,RC,2,5,OPTIMAL,722.2865,2,2,0,2,0,1.0,722.2865,0.0,0.0,120,5.0,2.0,1.0
025_RC205,25,RC,2,6,OPTIMAL,496.7737,2,1,1,0,1,0.5,454.5529,0.0,42.2208,120,5.0,2.0,1.0
025_RC205,25,RC,2,7,OPTIMAL,365.1899,2,1,0,1,1,0.5,329.5168,0.0,35.6731,120,5.0,2.0,1.0
025_RC205,25,RC,2,8,OPTIMAL,3.3754,2,0,0,0,2,0.0,0.0,0.0,3.3754,120,5.0,2.0,1.0
025_RC205,25,RC,2,9,OPTIMAL,452.432,2,1,1,0,1,0.5,442.9565,0.0,9.4756,120,5.0,2.0,1.0
025_RC205,25,RC,4,0,OPTIMAL,1522.8577,4,4,0,4,0,1.0,1522.8577,0.0,0.0,120,5.0,2.0,1.0
025_RC205,25,RC,4,1,OPTIMAL,1561.9747,4,4,1,3,0,1.0,1561.9747,0.0,0.0,120,5.0,2.0,1.0
025_RC205,25,RC,4,2,OPTIMAL,708.8696,4,2,1,1,2,0.5,705.7889,0.0,3.0807,120,5.0,2.0,1.0
025_RC205,25,RC,4,3,OPTIMAL,751.6192,4,2,1,1,2,0.5,705.8144,0.0,45.8047,120,5.0,2.0,1.0
025_RC205,25,RC,4,4,OPTIMAL,1063.6711,4,3,1,2,1,0.75,1057.5186,0.0,6.1525,120,5.0,2.0,1.0
025_RC205,25,RC,4,5,OPTIMAL,707.4028,4,2,1,1,2,0.5,698.327,0.0,9.0758,120,5.0,2.0,1.0
025_RC205,25,RC,4,6,OPTIMAL,694.218,4,2,1,1,2,0.5,677.6369,0.0,16.5811,120,5.0,2.0,1.0
025_RC205,25,RC,4,7,OPTIMAL,1377.3666,4,3,1,2,1,0.75,1354.1564,0.0,23.2102,120,5.0,2.0,1.0
025_RC205,25,RC,4,8,OPTIMAL,437.868,4,1,1,0,3,0.25,386.9571,0.0,50.9109,120,5.0,2.0,1.0
025_RC205,25,RC,4,9,OPTIMAL,1239.2954,4,3,3,0,1,0.75,1230.5136,0.0,8.7818,120,5.0,2.0,1.0
025_RC205,25,RC,6,0,OPTIMAL,1579.0289,6,4,3,1,2,0.6667,1539.2065,0.0,39.8224,120,5.0,2.0,1.0
025_RC205,25,RC,6,1,OPTIMAL,1720.2597,6,5,4,1,1,0.8333,1714.212,0.0,6.0477,120,5.0,2.0,1.0
025_RC205,25,RC,6,2,OPTIMAL,1143.9232,6,3,0,3,3,0.5,1128.5485,0.0,15.3747,120,5.0,2.0,1.0
025_RC205,25,RC,6,3,OPTIMAL,1206.7907,6,3,2,1,3,0.5,1150.8259,0.0,55.9648,120,5.0,2.0,1.0
025_RC205,25,RC,6,4,OPTIMAL,2445.0456,6,6,4,2,0,1.0,2445.0456,0.0,0.0,120,5.0,2.0,1.0
025_RC205,25,RC,6,5,OPTIMAL,1229.9696,6,3,1,2,3,0.5,1222.9643,0.0,7.0053,120,5.0,2.0,1.0
025_RC205,25,RC,6,6,OPTIMAL,821.3877,6,2,2,0,4,0.3333,767.9915,0.0,53.3961,120,5.0,2.0,1.0
025_RC205,25,RC,6,7,OPTIMAL,1244.6825,6,3,1,2,3,0.5,1220.5443,0.0,24.1382,120,5.0,2.0,1.0
025_RC205,25,RC,6,8,OPTIMAL,2003.6772,6,5,2,3,1,0.8333,1957.4093,0.0,46.2679,120,5.0,2.0,1.0
025_RC205,25,RC,6,9,OPTIMAL,1517.7534,6,4,3,1,2,0.6667,1501.0883,0.0,16.6651,120,5.0,2.0,1.0
025_RC206,25,RC,2,0,OPTIMAL,35.1203,2,0,0,0,2,0.0,0.0,0.0,35.1203,120,5.0,2.0,1.0
025_RC206,25,RC,2,1,OPTIMAL,13.6962,2,0,0,0,2,0.0,0.0,0.0,13.6962,120,5.0,2.0,1.0
025_RC206,25,RC,2,2,OPTIMAL,374.4492,2,1,1,0,1,0.5,373.8388,0.0,0.6105,120,5.0,2.0,1.0
025_RC206,25,RC,2,3,OPTIMAL,419.5588,2,1,1,0,1,0.5,414.9226,0.0,4.6362,120,5.0,2.0,1.0
025_RC206,25,RC,2,4,OPTIMAL,488.645,2,1,0,1,1,0.5,440.2681,0.0,48.3769,120,5.0,2.0,1.0
025_RC206,25,RC,2,5,OPTIMAL,400.9922,2,1,0,1,1,0.5,399.2466,0.0,1.7455,120,5.0,2.0,1.0
025_RC206,25,RC,2,6,OPTIMAL,463.0205,2,1,1,0,1,0.5,454.5529,0.0,8.4676,120,5.0,2.0,1.0
025_RC206,25,RC,2,7,OPTIMAL,332.0992,2,1,1,0,1,0.5,329.5168,0.0,2.5824,120,5.0,2.0,1.0
025_RC206,25,RC,2,8,OPTIMAL,1.1366,2,0,0,0,2,0.0,0.0,0.0,1.1366,120,5.0,2.0,1.0
025_RC206,25,RC,2,9,OPTIMAL,452.432,2,1,0,1,1,0.5,442.9565,0.0,9.4756,120,5.0,2.0,1.0
025_RC206,25,RC,4,0,OPTIMAL,1522.8577,4,4,2,2,0,1.0,1522.8577,0.0,0.0,120,5.0,2.0,1.0
025_RC206,25,RC,4,1,OPTIMAL,1223.5014,4,3,3,0,1,0.75,1176.3329,0.0,47.1685,120,5.0,2.0,1.0
025_RC206,25,RC,4,2,OPTIMAL,708.8696,4,2,2,0,2,0.5,705.7889,0.0,3.0807,120,5.0,2.0,1.0
025_RC206,25,RC,4,3,OPTIMAL,714.1556,4,2,2,0,2,0.5,705.8144,0.0,8.3412,120,5.0,2.0,1.0
025_RC206,25,RC,4,4,OPTIMAL,1423.8195,4,4,1,3,0,1.0,1423.8195,0.0,0.0,120,5.0,2.0,1.0
025_RC206,25,RC,4,5,OPTIMAL,362.5325,4,1,0,1,3,0.25,342.3353,0.0,20.1972,120,5.0,2.0,1.0
025_RC206,25,RC,4,6,OPTIMAL,376.1057,4,1,0,1,3,0.25,321.034,0.0,55.0717,120,5.0,2.0,1.0
025_RC206,25,RC,4,7,OPTIMAL,1376.3382,4,3,3,0,1,0.75,1370.473,0.0,5.8653,120,5.0,2.0,1.0
025_RC206,25,RC,4,8,OPTIMAL,457.5257,4,1,1,0,3,0.25,386.9571,0.0,70.5686,120,5.0,2.0,1.0
025_RC206,25,RC,4,9,OPTIMAL,1024.4798,4,2,2,0,2,0.5,928.7338,0.0,95.7459,120,5.0,2.0,1.0
025_RC206,25,RC,6,0,OPTIMAL,1129.7487,6,3,2,1,3,0.5,1121.9633,0.0,7.7855,120,5.0,2.0,1.0
025_RC206,25,RC,6,1,OPTIMAL,1375.5824,6,4,2,2,2,0.6667,1371.9273,0.0,3.6551,120,5.0,2.0,1.0
025_RC206,25,RC,6,2,OPTIMAL,1168.3585,6,3,2,1,3,0.5,1128.5485,0.0,39.81,120,5.0,2.0,1.0
025_RC206,25,RC,6,3,OPTIMAL,1516.1357,6,4,2,2,2,0.6667,1511.0715,0.0,5.0641,120,5.0,2.0,1.0
025_RC206,25,RC,6,4,OPTIMAL,2445.0456,6,6,4,2,0,1.0,2445.0456,0.0,0.0,120,5.0,2.0,1.0
025_RC206,25,RC,6,5,OPTIMAL,1583.5977,6,4,3,1,2,0.6667,1580.2101,0.0,3.3876,120,5.0,2.0,1.0
025_RC206,25,RC,6,6,OPTIMAL,490.1068,6,1,0,1,5,0.1667,381.2003,0.0,108.9065,120,5.0,2.0,1.0
025_RC206,25,RC,6,7,OPTIMAL,1562.6675,6,4,2,2,2,0.6667,1549.6597,0.0,13.0078,120,5.0,2.0,1.0
025_RC206,25,RC,6,8,OPTIMAL,1975.4658,6,5,2,3,1,0.8333,1974.9763,0.0,0.4896,120,5.0,2.0,1.0
025_RC206,25,RC,6,9,OPTIMAL,697.8724,6,2,1,1,4,0.3333,665.2859,0.0,32.5866,120,5.0,2.0,1.0
025_RC207,25,RC,2,0,OPTIMAL,33.2482,2,0,0,0,2,0.0,0.0,0.0,33.2482,120,5.0,2.0,1.0
025_RC207,25,RC,2,1,OPTIMAL,425.6067,2,1,0,1,1,0.5,369.5006,0.0,56.1062,120,5.0,2.0,1.0
025_RC207,25,RC,2,2,OPTIMAL,373.8763,2,1,1,0,1,0.5,373.8388,0.0,0.0375,120,5.0,2.0,1.0
025_RC207,25,RC,2,3,OPTIMAL,461.8938,2,1,1,0,1,0.5,414.9226,0.0,46.9712,120,5.0,2.0,1.0
025_RC207,25,RC,2,4,OPTIMAL,440.3934,2,1,1,0,1,0.5,440.2681,0.0,0.1253,120,5.0,2.0,1.0
025_RC207,25,RC,2,5,OPTIMAL,722.2865,2,2,1,1,0,1.0,722.2865,0.0,0.0,120,5.0,2.0,1.0
025_RC207,25,RC,2,6,OPTIMAL,479.693,2,1,0,1,1,0.5,454.5529,0.0,25.1401,120,5.0,2.0,1.0
025_RC207,25,RC,2,7,OPTIMAL,333.6067,2,1,1,0,1,0.5,329.5168,0.0,4.0899,120,5.0,2.0,1.0
025_RC207,25,RC,2,8,OPTIMAL,15.1222,2,0,0,0,2,0.0,0.0,0.0,15.1222,120,5.0,2.0,1.0
025_RC207,25,RC,2,9,OPTIMAL,443.1817,2,1,1,0,1,0.5,442.9565,0.0,0.2253,120,5.0,2.0,1.0
025_RC207,25,RC,4,0,OPTIMAL,1522.8577,4,4,4,0,0,1.0,1522.8577,0.0,0.0,120,5.0,2.0,1.0
025_RC207,25,RC,4,1,OPTIMAL,1217.9831,4,3,2,1,1,0.75,1217.2107,0.0,0.7724,120,5.0,2.0,1.0
025_RC207,25,RC,4,2,OPTIMAL,385.2986,4,1,1,0,3,0.25,325.4185,0.0,59.8801,120,5.0,2.0,1.0
025_RC207,25,RC,4,3,OPTIMAL,490.2926,4,1,1,0,3,0.25,407.3033,0.0,82.9893,120,5.0,2.0,1.0
025_RC207,25,RC,4,4,OPTIMAL,1106.9986,4,3,2,1,1,0.75,1103.8584,0.0,3.1402,120,5.0,2.0,1.0
025_RC207,25,RC,4,5,OPTIMAL,1167.1752,4,3,2,1,1,0.75,1160.8565,0.0,6.3187,120,5.0,2.0,1.0
025_RC207,25,RC,4,6,OPTIMAL,1076.7721,4,3,2,1,1,0.75,1052.8639,0.0,23.9082,120,5.0,2.0,1.0
025_RC207,25,RC,4,7,OPTIMAL,971.9932,4,2,1,1,2,0.5,946.762,0.0,25.2311,120,5.0,2.0,1.0
025_RC207,25,RC,4,8,OPTIMAL,797.8576,4,2,2,0,2,0.5,784.6811,0.0,13.1766,120,5.0,2.0,1.0
025_RC207,25,RC,4,9,OPTIMAL,870.9064,4,2,0,2,2,0.5,851.4749,0.0,19.4315,120,5.0,2.0,1.0
025_RC207,25,RC,6,0,OPTIMAL,1145.3923,6,3,1,2,3,0.5,1121.9633,0.0,23.429,120,5.0,2.0,1.0
025_RC207,25,RC,6,1,OPTIMAL,2038.8733,6,6,3,3,0,1.0,2038.8733,0.0,0.0,120,5.0,2.0,1.0
025_RC207,25,RC,6,2,OPTIMAL,1498.6116,6,4,3,1,2,0.6667,1493.3597,0.0,5.2519,120,5.0,2.0,1.0
025_RC207,25,RC,6,3,OPTIMAL,1635.5469,6,4,1,3,2,0.6667,1601.5421,0.0,34.0048,120,5.0,2.0,1.0
025_RC207,25,RC,6,4,OPTIMAL,2054.1086,6,5,4,1,1,0.8333,1995.5166,0.0,58.592,120,5.0,2.0,1.0
025_RC207,25,RC,6,5,OPTIMAL,701.0381,6,2,2,0,4,0.3333,691.0496,0.0,9.9885,120,5.0,2.0,1.0
025_RC207,25,RC,6,6,OPTIMAL,1818.6531,6,5,0,5,1,0.8333,1810.9364,0.0,7.7167,120,5.0,2.0,1.0
025_RC207,25,RC,6,7,OPTIMAL,891.7938,6,2,2,0,4,0.3333,849.3039,0.0,42.49,120,5.0,2.0,1.0
025_RC207,25,RC,6,8,OPTIMAL,1974.1842,6,5,4,1,1,0.8333,1957.4093,0.0,16.7748,120,5.0,2.0,1.0
025_RC207,25,RC,6,9,OPTIMAL,1533.0199,6,4,1,3,2,0.6667,1501.6562,0.0,31.3637,120,5.0,2.0,1.0
025_RC208,25,RC,2,0,OPTIMAL,32.2667,2,0,0,0,2,0.0,0.0,0.0,32.2667,120,5.0,2.0,1.0
025_RC208,25,RC,2,1,OPTIMAL,413.7445,2,1,1,0,1,0.5,413.6895,0.0,0.055,120,5.0,2.0,1.0
025_RC208,25,RC,2,2,OPTIMAL,708.1408,2,2,2,0,0,1.0,708.1408,0.0,0.0,120,5.0,2.0,1.0
025_RC208,25,RC,2,3,OPTIMAL,787.5562,2,2,2,0,0,1.0,787.5562,0.0,0.0,120,5.0,2.0,1.0
025_RC208,25,RC,2,4,OPTIMAL,440.2683,2,1,1,0,1,0.5,440.2681,0.0,0.0001,120,5.0,2.0,1.0
025_RC208,25,RC,2,5,OPTIMAL,722.2865,2,2,2,0,0,1.0,722.2865,0.0,0.0,120,5.0,2.0,1.0
025_RC208,25,RC,2,6,OPTIMAL,812.6955,2,2,2,0,0,1.0,812.6955,0.0,0.0,120,5.0,2.0,1.0
025_RC208,25,RC,2,7,OPTIMAL,658.031,2,2,2,0,0,1.0,658.031,0.0,0.0,120,5.0,2.0,1.0
025_RC208,25,RC,2,8,OPTIMAL,1.1366,2,0,0,0,2,0.0,0.0,0.0,1.1366,120,5.0,2.0,1.0
025_RC208,25,RC,2,9,OPTIMAL,442.9677,2,1,1,0,1,0.5,442.9565,0.0,0.0112,120,5.0,2.0,1.0
025_RC208,25,RC,4,0,OPTIMAL,697.0296,4,2,2,0,2,0.5,675.3557,0.0,21.6739,120,5.0,2.0,1.0
025_RC208,25,RC,4,1,OPTIMAL,846.3689,4,2,2,0,2,0.5,831.5689,0.0,14.8,120,5.0,2.0,1.0
025_RC208,25,RC,4,2,OPTIMAL,683.2388,4,2,2,0,2,0.5,663.0518,0.0,20.187,120,5.0,2.0,1.0
025_RC208,25,RC,4,3,OPTIMAL,803.0675,4,2,2,0,2,0.5,794.3281,0.0,8.7394,120,5.0,2.0,1.0
025_RC208,25,RC,4,4,OPTIMAL,1105.0373,4,3,3,0,1,0.75,1103.8584,0.0,1.1788,120,5.0,2.0,1.0
025_RC208,25,RC,4,5,OPTIMAL,358.8776,4,1,1,0,3,0.25,342.3353,0.0,16.5423,120,5.0,2.0,1.0
025_RC208,25,RC,4,6,OPTIMAL,1078.4762,4,3,1,2,1,0.75,1062.576,0.0,15.9003,120,5.0,2.0,1.0
025_RC208,25,RC,4,7,OPTIMAL,994.7021,4,2,2,0,2,0.5,916.8841,0.0,77.8179,120,5.0,2.0,1.0
025_RC208,25,RC,4,8,OPTIMAL,403.6673,4,1,1,0,3,0.25,386.9571,0.0,16.7102,120,5.0,2.0,1.0
025_RC208,25,RC,4,9,OPTIMAL,1237.3779,4,3,3,0,1,0.75,1230.5136,0.0,6.8643,120,5.0,2.0,1.0
025_RC208,25,RC,6,0,OPTIMAL,1598.3527,6,4,4,0,2,0.6667,1571.4096,0.0,26.9431,120,5.0,2.0,1.0
025_RC208,25,RC,6,1,OPTIMAL,1741.8857,6,5,5,0,1,0.8333,1714.212,0.0,27.6737,120,5.0,2.0,1.0
025_RC208,25,RC,6,2,OPTIMAL,1166.1828,6,3,3,0,3,0.5,1128.5485,0.0,37.6343,120,5.0,2.0,1.0
025_RC208,25,RC,6,3,OPTIMAL,1649.4304,6,4,4,0,2,0.6667,1601.5421,0.0,47.8883,120,5.0,2.0,1.0
025_RC208,25,RC,6,4,OPTIMAL,2015.3496,6,5,5,0,1,0.8333,1995.5166,0.0,19.833,120,5.0,2.0,1.0
025_RC208,25,RC,6,5,OPTIMAL,834.9676,6,2,1,1,4,0.3333,826.5274,0.0,8.4402,120,5.0,2.0,1.0
025_RC208,25,RC,6,6,OPTIMAL,1449.252,6,4,3,1,2,0.6667,1424.1452,0.0,25.1068,120,5.0,2.0,1.0
025_RC208,25,RC,6,7,OPTIMAL,865.4184,6,2,2,0,4,0.3333,849.3039,0.0,16.1145,120,5.0,2.0,1.0
025_RC208,25,RC,6,8,OPTIMAL,1948.2072,6,5,5,0,1,0.8333,1947.1983,0.0,1.0089,120,5.0,2.0,1.0
025_RC208,25,RC,6,9,OPTIMAL,1552.2032,6,4,4,0,2,0.6667,1501.0883,0.0,51.1149,120,5.0,2.0,1.0
