instance,size,class,level,seed_idx,status,objective,n_emergencies,n_outsourced,n_outsourced_infeasible,n_outsourced_economic,n_inserted,frac_outsourced,outsourcing,tw_penalty,completion_penalty,W,LAMBDA,PI_S,PI_C
030_C101,30,C,2,0,OPTIMAL,385.7767,2,2,2,0,0,1.0,385.7767,0.0,0.0,60,3.0,2.0,1.0
030_C101,30,C,2,1,OPTIMAL,444.6353,2,2,2,0,0,1.0,444.6353,0.0,0.0,60,3.0,2.0,1.0
030_C101,30,C,2,2,OPTIMAL,399.2423,2,2,2,0,0,1.0,399.2423,0.0,0.0,60,3.0,2.0,1.0
030_C101,30,C,2,3,OPTIMAL,232.0742,2,1,1,0,1,0.5,224.4336,0.0,7.6407,60,3.0,2.0,1.0
030_C101,30,C,2,4,OPTIMAL,123.6928,2,1,1,0,1,0.5,109.9668,0.0,13.7261,60,3.0,2.0,1.0
030_C101,30,C,2,5,OPTIMAL,242.3445,2,1,1,0,1,0.5,236.6287,0.0,5.7159,60,3.0,2.0,1.0
030_C101,30,C,2,6,OPTIMAL,271.5934,2,1,1,0,1,0.5,257.8814,0.0,13.712,60,3.0,2.0,1.0
030_C101,30,C,2,7,OPTIMAL,119.0908,2,1,1,0,1,0.5,118.8449,0.0,0.2459,60,3.0,2.0,1.0
030_C101,30,C,2,8,OPTIMAL,243.6295,2,1,1,0,1,0.5,239.1485,0.0,4.481,60,3.0,2.0,1.0
030_C101,30,C,2,9,OPTIMAL,17.2274,2,0,0,0,2,0.0,0.0,0.0,17.2274,60,3.0,2.0,1.0
030_C101,30,C,4,0,OPTIMAL,366.442,4,3,3,0,1,0.75,363.8154,0.0,2.6267,60,3.0,2.0,1.0
030_C101,30,C,4,1,OPTIMAL,370.3211,4,2,2,0,2,0.5,365.5517,0.0,4.7694,60,3.0,2.0,1.0
030_C101,30,C,4,2,OPTIMAL,479.6533,4,3,3,0,1,0.75,478.7254,0.0,0.9279,60,3.0,2.0,1.0
030_C101,30,C,4,3,OPTIMAL,7.6028,4,0,0,0,4,0.0,0.0,0.0,7.6028,60,3.0,2.0,1.0
030_C101,30,C,4,4,OPTIMAL,138.9316,4,1,1,0,3,0.25,118.5857,0.0,20.3458,60,3.0,2.0,1.0
030_C101,30,C,4,5,OPTIMAL,792.962,4,4,4,0,0,1.0,792.962,0.0,0.0,60,3.0,2.0,1.0
030_C101,30,C,4,6,OPTIMAL,680.1106,4,4,4,0,0,1.0,680.1106,0.0,0.0,60,3.0,2.0,1.0
030_C101,30,C,4,7,OPTIMAL,145.0696,4,1,1,0,3,0.25,116.947,0.0,28.1226,60,3.0,2.0,1.0
030_C101,30,C,4,8,OPTIMAL,371.709,4,3,3,0,1,0.75,344.1955,0.0,27.5135,60,3.0,2.0,1.0
030_C101,30,C,4,9,OPTIMAL,151.1719,4,1,1,0,3,0.25,111.3473,0.0,39.8246,60,3.0,2.0,1.0
030_C101,30,C,6,0,OPTIMAL,706.1468,6,6,6,0,0,1.0,706.1468,0.0,0.0,60,3.0,2.0,1.0
030_C101,30,C,6,1,OPTIMAL,732.287,6,4,4,0,2,0.6667,722.9137,0.0,9.3734,60,3.0,2.0,1.0
030_C101,30,C,6,2,OPTIMAL,778.4371,6,4,4,0,2,0.6667,773.0043,0.0,5.4328,60,3.0,2.0,1.0
030_C101,30,C,6,3,OPTIMAL,521.3141,6,4,4,0,2,0.6667,518.0462,0.0,3.2679,60,3.0,2.0,1.0
030_C101,30,C,6,4,OPTIMAL,472.8504,6,3,3,0,3,0.5,441.503,0.0,31.3474,60,3.0,2.0,1.0
030_C101,30,C,6,5,OPTIMAL,858.5791,6,6,5,1,0,1.0,858.5791,0.0,0.0,60,3.0,2.0,1.0
030_C101,30,C,6,6,OPTIMAL,1026.0816,6,5,5,0,1,0.8333,1023.9972,0.0,2.0844,60,3.0,2.0,1.0
030_C101,30,C,6,7,OPTIMAL,623.8766,6,4,3,1,2,0.6667,607.4042,0.0,16.4724,60,3.0,2.0,1.0
030_C101,30,C,6,8,OPTIMAL,731.6514,6,4,4,0,2,0.6667,690.0529,0.0,41.5984,60,3.0,2.0,1.0
030_C101,30,C,6,9,OPTIMAL,691.1352,6,4,4,0,2,0.6667,672.141,0.0,18.9942,60,3.0,2.0,1.0
030_C105,30,C,2,0,OPTIMAL,385.7767,2,2,2,0,0,1.0,385.7767,0.0,0.0,60,3.0,2.0,1.0
030_C105,30,C,2,1,OPTIMAL,444.6353,2,2,2,0,0,1.0,444.6353,0.0,0.0,60,3.0,2.0,1.0
030_C105,30,C,2,2,OPTIMAL,248.8596,2,1,1,0,1,0.5,220.9257,0.0,27.9338,60,3.0,2.0,1.0
030_C105,30,C,2,3,OPTIMAL,232.0742,2,1,1,0,1,0.5,224.4336,0.0,7.6407,60,3.0,2.0,1.0
030_C105,30,C,2,4,OPTIMAL,123.6928,2,1,1,0,1,0.5,109.9668,0.0,13.7261,60,3.0,2.0,1.0
030_C105,30,C,2,5,OPTIMAL,114.1221,2,1,1,0,1,0.5,108.9073,0.0,5.2147,60,3.0,2.0,1.0
030_C105,30,C,2,6,OPTIMAL,259.2046,2,1,1,0,1,0.5,257.8814,0.0,1.3232,60,3.0,2.0,1.0
030_C105,30,C,2,7,OPTIMAL,26.7139,2,0,0,0,2,0.0,0.0,0.0,26.7139,60,3.0,2.0,1.0
030_C105,30,C,2,8,OPTIMAL,443.1278,2,2,2,0,0,1.0,443.1278,0.0,0.0,60,3.0,2.0,1.0
030_C105,30,C,2,9,OPTIMAL,240.6937,2,2,2,0,0,1.0,240.6937,0.0,0.0,60,3.0,2.0,1.0
030_C105,30,C,4,0,OPTIMAL,465.9357,4,3,3,0,1,0.75,464.3686,0.0,1.5672,60,3.0,2.0,1.0
030_C105,30,C,4,1,OPTIMAL,428.2111,4,2,2,0,2,0.5,372.589,0.0,55.6221,60,3.0,2.0,1.0
030_C105,30,C,4,2,OPTIMAL,365.4711,4,2,2,0,2,0.5,351.9549,0.0,13.5161,60,3.0,2.0,1.0
030_C105,30,C,4,3,OPTIMAL,437.712,4,3,3,0,1,0.75,416.3934,0.0,21.3186,60,3.0,2.0,1.0
030_C105,30,C,4,4,OPTIMAL,252.342,4,1,1,0,3,0.25,243.1974,0.0,9.1446,60,3.0,2.0,1.0
030_C105,30,C,4,5,OPTIMAL,592.0121,4,3,3,0,1,0.75,571.9504,0.0,20.0617,60,3.0,2.0,1.0
030_C105,30,C,4,6,OPTIMAL,618.6412,4,3,3,0,1,0.75,617.1467,0.0,1.4945,60,3.0,2.0,1.0
030_C105,30,C,4,7,OPTIMAL,352.7802,4,3,2,1,1,0.75,324.6779,0.0,28.1024,60,3.0,2.0,1.0
030_C105,30,C,4,8,OPTIMAL,358.9007,4,2,2,0,2,0.5,331.5606,0.0,27.3402,60,3.0,2.0,1.0
030_C105,30,C,4,9,OPTIMAL,334.209,4,3,3,0,1,0.75,326.0041,0.0,8.2048,60,3.0,2.0,1.0
030_C105,30,C,6,0,OPTIMAL,369.4039,6,2,2,0,4,0.3333,329.6737,0.0,39.7301,60,3.0,2.0,1.0
030_C105,30,C,6,1,OPTIMAL,767.534,6,5,5,0,1,0.8333,765.6084,0.0,1.9256,60,3.0,2.0,1.0
030_C105,30,C,6,2,OPTIMAL,777.1992,6,4,4,0,2,0.6667,769.6225,0.0,7.5766,60,3.0,2.0,1.0
030_C105,30,C,6,3,OPTIMAL,642.2736,6,4,3,1,2,0.6667,634.2886,0.0,7.9851,60,3.0,2.0,1.0
030_C105,30,C,6,4,OPTIMAL,657.5431,6,4,4,0,2,0.6667,631.6888,0.0,25.8543,60,3.0,2.0,1.0
030_C105,30,C,6,5,OPTIMAL,792.4238,6,5,4,1,1,0.8333,772.8408,0.0,19.583,60,3.0,2.0,1.0
030_C105,30,C,6,6,OPTIMAL,838.543,6,4,4,0,2,0.6667,823.8067,0.0,14.7363,60,3.0,2.0,1.0
030_C105,30,C,6,7,OPTIMAL,645.4293,6,5,5,0,1,0.8333,637.6474,0.0,7.7818,60,3.0,2.0,1.0
030_C105,30,C,6,8,OPTIMAL,827.1466,6,5,5,0,1,0.8333,800.4311,0.0,26.7155,60,3.0,2.0,1.0
030_C105,30,C,6,9,OPTIMAL,718.4979,6,4,4,0,2,0.6667,689.6837,0.0,28.8143,60,3.0,2.0,1.0
030_C106,30,C,2,0,OPTIMAL,385.7767,2,2,2,0,0,1.0,385.7767,0.0,0.0,60,3.0,2.0,1.0
030_C106,30,C,2,1,OPTIMAL,444.6353,2,2,2,0,0,1.0,444.6353,0.0,0.0,60,3.0,2.0,1.0
030_C106,30,C,2,2,OPTIMAL,399.2423,2,2,2,0,0,1.0,399.2423,0.0,0.0,60,3.0,2.0,1.0
030_C106,30,C,2,3,OPTIMAL,232.0742,2,1,1,0,1,0.5,224.4336,0.0,7.6407,60,3.0,2.0,1.0
030_C106,30,C,2,4,OPTIMAL,216.8688,2,2,2,0,0,1.0,216.8688,0.0,0.0,60,3.0,2.0,1.0
030_C106,30,C,2,5,OPTIMAL,242.7826,2,1,1,0,1,0.5,236.6287,0.0,6.1539,60,3.0,2.0,1.0
030_C106,30,C,2,6,OPTIMAL,259.2046,2,1,1,0,1,0.5,257.8814,0.0,1.3232,60,3.0,2.0,1.0
030_C106,30,C,2,7,OPTIMAL,119.0908,2,1,1,0,1,0.5,118.8449,0.0,0.2459,60,3.0,2.0,1.0
030_C106,30,C,2,8,OPTIMAL,443.1278,2,2,2,0,0,1.0,443.1278,0.0,0.0,60,3.0,2.0,1.0
030_C106,30,C,2,9,OPTIMAL,108.4228,2,1,1,0,1,0.5,107.2685,0.0,1.1543,60,3.0,2.0,1.0
030_C106,30,C,4,0,OPTIMAL,566.4771,4,4,3,1,0,1.0,566.4771,0.0,0.0,60,3.0,2.0,1.0
030_C106,30,C,4,1,OPTIMAL,621.6148,4,4,3,1,0,1.0,621.6148,0.0,0.0,60,3.0,2.0,1.0
030_C106,30,C,4,2,OPTIMAL,479.2354,4,3,3,0,1,0.75,478.7254,0.0,0.51,60,3.0,2.0,1.0
030_C106,30,C,4,3,OPTIMAL,517.9943,4,4,3,1,0,1.0,517.9943,0.0,0.0,60,3.0,2.0,1.0
030_C106,30,C,4,4,OPTIMAL,432.454,4,3,3,0,1,0.75,432.2665,0.0,0.1875,60,3.0,2.0,1.0
030_C106,30,C,4,5,OPTIMAL,792.962,4,4,4,0,0,1.0,792.962,0.0,0.0,60,3.0,2.0,1.0
030_C106,30,C,4,6,OPTIMAL,680.1106,4,4,4,0,0,1.0,680.1106,0.0,0.0,60,3.0,2.0,1.0
030_C106,30,C,4,7,OPTIMAL,334.3148,4,3,2,1,1,0.75,334.2438,0.0,0.071,60,3.0,2.0,1.0
030_C106,30,C,4,8,OPTIMAL,545.3573,4,4,3,1,0,1.0,545.3573,0.0,0.0,60,3.0,2.0,1.0
030_C106,30,C,4,9,OPTIMAL,231.8808,4,2,2,0,2,0.5,219.2567,0.0,12.6241,60,3.0,2.0,1.0
030_C106,30,C,6,0,OPTIMAL,553.803,6,4,4,0,2,0.6667,529.3769,0.0,24.4261,60,3.0,2.0,1.0
030_C106,30,C,6,1,OPTIMAL,940.8633,6,6,6,0,0,1.0,940.8633,0.0,0.0,60,3.0,2.0,1.0
030_C106,30,C,6,2,OPTIMAL,689.8232,6,3,3,0,3,0.5,660.9125,0.0,28.9106,60,3.0,2.0,1.0
030_C106,30,C,6,3,OPTIMAL,577.6811,6,4,3,1,2,0.6667,518.0462,0.0,59.6349,60,3.0,2.0,1.0
030_C106,30,C,6,4,OPTIMAL,663.3473,6,4,4,0,2,0.6667,644.359,0.0,18.9884,60,3.0,2.0,1.0
030_C106,30,C,6,5,OPTIMAL,858.5791,6,6,6,0,0,1.0,858.5791,0.0,0.0,60,3.0,2.0,1.0
030_C106,30,C,6,6,OPTIMAL,828.9321,6,4,4,0,2,0.6667,820.9971,0.0,7.935,60,3.0,2.0,1.0
030_C106,30,C,6,7,OPTIMAL,859.8882,6,6,6,0,0,1.0,859.8882,0.0,0.0,60,3.0,2.0,1.0
030_C106,30,C,6,8,OPTIMAL,702.8516,6,5,5,0,1,0.8333,686.3705,0.0,16.4811,60,3.0,2.0,1.0
030_C106,30,C,6,9,OPTIMAL,809.267,6,5,5,0,1,0.8333,809.0352,0.0,0.2319,60,3.0,2.0,1.0
030_C107,30,C,2,0,OPTIMAL,264.3881,2,1,1,0,1,0.5,254.3812,0.0,10.0069,60,3.0,2.0,1.0
030_C107,30,C,2,1,OPTIMAL,444.6353,2,2,2,0,0,1.0,444.6353,0.0,0.0,60,3.0,2.0,1.0
030_C107,30,C,2,2,OPTIMAL,399.2423,2,2,2,0,0,1.0,399.2423,0.0,0.0,60,3.0,2.0,1.0
030_C107,30,C,2,3,OPTIMAL,38.7483,2,0,0,0,2,0.0,0.0,0.0,38.7483,60,3.0,2.0,1.0
030_C107,30,C,2,4,OPTIMAL,112.729,2,1,1,0,1,0.5,106.902,0.0,5.8269,60,3.0,2.0,1.0
030_C107,30,C,2,5,OPTIMAL,239.3374,2,1,1,0,1,0.5,236.6287,0.0,2.7087,60,3.0,2.0,1.0
030_C107,30,C,2,6,OPTIMAL,261.9108,2,1,1,0,1,0.5,257.8814,0.0,4.0293,60,3.0,2.0,1.0
030_C107,30,C,2,7,OPTIMAL,109.8014,2,1,1,0,1,0.5,103.3168,0.0,6.4846,60,3.0,2.0,1.0
030_C107,30,C,2,8,OPTIMAL,443.1278,2,2,2,0,0,1.0,443.1278,0.0,0.0,60,3.0,2.0,1.0
030_C107,30,C,2,9,OPTIMAL,14.5179,2,0,0,0,2,0.0,0.0,0.0,14.5179,60,3.0,2.0,1.0
030_C107,30,C,4,0,OPTIMAL,469.4689,4,3,3,0,1,0.75,464.3686,0.0,5.1003,60,3.0,2.0,1.0
030_C107,30,C,4,1,OPTIMAL,621.6148,4,4,4,0,0,1.0,621.6148,0.0,0.0,60,3.0,2.0,1.0
030_C107,30,C,4,2,OPTIMAL,451.1449,4,3,3,0,1,0.75,433.8875,0.0,17.2574,60,3.0,2.0,1.0
030_C107,30,C,4,3,OPTIMAL,417.2557,4,3,3,0,1,0.75,404.0359,0.0,13.2198,60,3.0,2.0,1.0
030_C107,30,C,4,4,OPTIMAL,433.6316,4,3,3,0,1,0.75,432.2665,0.0,1.365,60,3.0,2.0,1.0
030_C107,30,C,4,5,OPTIMAL,701.9262,4,3,3,0,1,0.75,676.9031,0.0,25.0231,60,3.0,2.0,1.0
030_C107,30,C,4,6,OPTIMAL,479.2691,4,2,2,0,2,0.5,443.7751,0.0,35.494,60,3.0,2.0,1.0
030_C107,30,C,4,7,OPTIMAL,334.3148,4,3,2,1,1,0.75,334.2438,0.0,0.071,60,3.0,2.0,1.0
030_C107,30,C,4,8,OPTIMAL,446.7291,4,3,3,0,1,0.75,445.9098,0.0,0.8192,60,3.0,2.0,1.0
030_C107,30,C,4,9,OPTIMAL,353.9047,4,3,3,0,1,0.75,335.4724,0.0,18.4323,60,3.0,2.0,1.0
030_C107,30,C,6,0,OPTIMAL,430.5678,6,3,3,0,3,0.5,422.4863,0.0,8.0815,60,3.0,2.0,1.0
030_C107,30,C,6,1,OPTIMAL,843.8279,6,5,5,0,1,0.8333,822.0289,0.0,21.799,60,3.0,2.0,1.0
030_C107,30,C,6,2,OPTIMAL,884.5916,6,5,4,1,1,0.8333,879.3565,0.0,5.2351,60,3.0,2.0,1.0
030_C107,30,C,6,3,OPTIMAL,632.1183,6,4,4,0,2,0.6667,631.3435,0.0,0.7748,60,3.0,2.0,1.0
030_C107,30,C,6,4,OPTIMAL,626.7767,6,4,4,0,2,0.6667,620.5862,0.0,6.1906,60,3.0,2.0,1.0
030_C107,30,C,6,5,OPTIMAL,858.5791,6,6,6,0,0,1.0,858.5791,0.0,0.0,60,3.0,2.0,1.0
030_C107,30,C,6,6,OPTIMAL,934.2058,6,4,4,0,2,0.6667,916.6292,0.0,17.5765,60,3.0,2.0,1.0
030_C107,30,C,6,7,OPTIMAL,859.8882,6,6,6,0,0,1.0,859.8882,0.0,0.0,60,3.0,2.0,1.0
030_C107,30,C,6,8,OPTIMAL,619.8229,6,4,4,0,2,0.6667,595.0672,0.0,24.7557,60,3.0,2.0,1.0
030_C107,30,C,6,9,OPTIMAL,701.7367,6,4,4,0,2,0.6667,672.141,0.0,29.5956,60,3.0,2.0,1.0
030_C108,30,C,2,0,OPTIMAL,385.7767,2,2,2,0,0,1.0,385.7767,0.0,0.0,60,3.0,2.0,1.0
030_C108,30,C,2,1,OPTIMAL,444.6353,2,2,2,0,0,1.0,444.6353,0.0,0.0,60,3.0,2.0,1.0
030_C108,30,C,2,2,OPTIMAL,399.2423,2,2,2,0,0,1.0,399.2423,0.0,0.0,60,3.0,2.0,1.0
030_C108,30,C,2,3,OPTIMAL,228.0025,2,1,1,0,1,0.5,224.4336,0.0,3.569,60,3.0,2.0,1.0
030_C108,30,C,2,4,OPTIMAL,216.8688,2,2,1,1,0,1.0,216.8688,0.0,0.0,60,3.0,2.0,1.0
030_C108,30,C,2,5,OPTIMAL,239.3374,2,1,1,0,1,0.5,236.6287,0.0,2.7087,60,3.0,2.0,1.0
030_C108,30,C,2,6,OPTIMAL,342.7819,2,2,1,1,0,1.0,342.7819,0.0,0.0,60,3.0,2.0,1.0
030_C108,30,C,2,7,OPTIMAL,222.1617,2,2,2,0,0,1.0,222.1617,0.0,0.0,60,3.0,2.0,1.0
030_C108,30,C,2,8,OPTIMAL,443.1278,2,2,2,0,0,1.0,443.1278,0.0,0.0,60,3.0,2.0,1.0
030_C108,30,C,2,9,OPTIMAL,240.6937,2,2,1,1,0,1.0,240.6937,0.0,0.0,60,3.0,2.0,1.0
030_C108,30,C,4,0,OPTIMAL,566.4771,4,4,4,0,0,1.0,566.4771,0.0,0.0,60,3.0,2.0,1.0
030_C108,30,C,4,1,OPTIMAL,302.8818,4,2,2,0,2,0.5,256.0631,0.0,46.8187,60,3.0,2.0,1.0
030_C108,30,C,4,2,OPTIMAL,452.9538,4,3,2,1,1,0.75,447.322,0.0,5.6318,60,3.0,2.0,1.0
030_C108,30,C,4,3,OPTIMAL,517.9943,4,4,4,0,0,1.0,517.9943,0.0,0.0,60,3.0,2.0,1.0
030_C108,30,C,4,4,OPTIMAL,526.39,4,4,3,1,0,1.0,526.39,0.0,0.0,60,3.0,2.0,1.0
030_C108,30,C,4,5,OPTIMAL,792.962,4,4,4,0,0,1.0,792.962,0.0,0.0,60,3.0,2.0,1.0
030_C108,30,C,4,6,OPTIMAL,680.1106,4,4,3,1,0,1.0,680.1106,0.0,0.0,60,3.0,2.0,1.0
030_C108,30,C,4,7,OPTIMAL,441.6249,4,4,4,0,0,1.0,441.6249,0.0,0.0,60,3.0,2.0,1.0
030_C108,30,C,4,8,OPTIMAL,446.7291,4,3,3,0,1,0.75,445.9098,0.0,0.8192,60,3.0,2.0,1.0
030_C108,30,C,4,9,OPTIMAL,224.1196,4,2,1,1,2,0.5,219.2567,0.0,4.8629,60,3.0,2.0,1.0
030_C108,30,C,6,0,OPTIMAL,641.6503,6,5,4,1,1,0.8333,636.2732,0.0,5.3771,60,3.0,2.0,1.0
030_C108,30,C,6,1,OPTIMAL,843.8279,6,5,5,0,1,0.8333,822.0289,0.0,21.799,60,3.0,2.0,1.0
030_C108,30,C,6,2,OPTIMAL,777.9007,6,4,3,1,2,0.6667,769.6225,0.0,8.2782,60,3.0,2.0,1.0
030_C108,30,C,6,3,OPTIMAL,498.1509,6,3,3,0,3,0.5,453.248,0.0,44.9029,60,3.0,2.0,1.0
030_C108,30,C,6,4,OPTIMAL,367.9778,6,2,2,0,4,0.3333,347.6739,0.0,20.3039,60,3.0,2.0,1.0
030_C108,30,C,6,5,OPTIMAL,734.6088,6,5,5,0,1,0.8333,723.5896,0.0,11.0192,60,3.0,2.0,1.0
030_C108,30,C,6,6,OPTIMAL,1027.4478,6,5,4,1,1,0.8333,1026.8068,0.0,0.6409,60,3.0,2.0,1.0
030_C108,30,C,6,7,OPTIMAL,859.8882,6,6,5,1,0,1.0,859.8882,0.0,0.0,60,3.0,2.0,1.0
030_C108,30,C,6,8,OPTIMAL,529.454,6,2,2,0,4,0.3333,460.7422,0.0,68.7118,60,3.0,2.0,1.0
030_C108,30,C,6,9,OPTIMAL,774.1204,6,5,3,2,1,0.8333,749.3379,0.0,24.7825,60,3.0,2.0,1.0
030_C109,30,C,2,0,OPTIMAL,385.7767,2,2,2,0,0,1.0,385.7767,0.0,0.0,60,3.0,2.0,1.0
030_C109,30,C,2,1,OPTIMAL,444.6353,2,2,2,0,0,1.0,444.6353,0.0,0.0,60,3.0,2.0,1.0
030_C109,30,C,2,2,OPTIMAL,399.2423,2,2,2,0,0,1.0,399.2423,0.0,0.0,60,3.0,2.0,1.0
030_C109,30,C,2,3,OPTIMAL,228.0025,2,1,1,0,1,0.5,224.4336,0.0,3.569,60,3.0,2.0,1.0
030_C109,30,C,2,4,OPTIMAL,216.8688,2,2,2,0,0,1.0,216.8688,0.0,0.0,60,3.0,2.0,1.0
030_C109,30,C,2,5,OPTIMAL,345.536,2,2,1,1,0,1.0,345.536,0.0,0.0,60,3.0,2.0,1.0
030_C109,30,C,2,6,OPTIMAL,342.7819,2,2,1,1,0,1.0,342.7819,0.0,0.0,60,3.0,2.0,1.0
030_C109,30,C,2,7,OPTIMAL,25.457,2,0,0,0,2,0.0,0.0,0.0,25.457,60,3.0,2.0,1.0
030_C109,30,C,2,8,OPTIMAL,443.1278,2,2,2,0,0,1.0,443.1278,0.0,0.0,60,3.0,2.0,1.0
030_C109,30,C,2,9,OPTIMAL,44.6267,2,0,0,0,2,0.0,0.0,0.0,44.6267,60,3.0,2.0,1.0
030_C109,30,C,4,0,OPTIMAL,471.9217,4,3,3,0,1,0.75,464.3686,0.0,7.5531,60,3.0,2.0,1.0
030_C109,30,C,4,1,OPTIMAL,621.6148,4,4,4,0,0,1.0,621.6148,0.0,0.0,60,3.0,2.0,1.0
030_C109,30,C,4,2,OPTIMAL,560.6579,4,4,4,0,0,1.0,560.6579,0.0,0.0,60,3.0,2.0,1.0
030_C109,30,C,4,3,OPTIMAL,421.3762,4,3,3,0,1,0.75,404.0359,0.0,17.3403,60,3.0,2.0,1.0
030_C109,30,C,4,4,OPTIMAL,526.39,4,4,4,0,0,1.0,526.39,0.0,0.0,60,3.0,2.0,1.0
030_C109,30,C,4,5,OPTIMAL,682.5734,4,3,3,0,1,0.75,676.9031,0.0,5.6703,60,3.0,2.0,1.0
030_C109,30,C,4,6,OPTIMAL,471.5008,4,2,2,0,2,0.5,443.7751,0.0,27.7257,60,3.0,2.0,1.0
030_C109,30,C,4,7,OPTIMAL,360.1567,4,3,3,0,1,0.75,334.2438,0.0,25.913,60,3.0,2.0,1.0
030_C109,30,C,4,8,OPTIMAL,545.3573,4,4,3,1,0,1.0,545.3573,0.0,0.0,60,3.0,2.0,1.0
030_C109,30,C,4,9,OPTIMAL,254.2314,4,2,2,0,2,0.5,224.125,0.0,30.1063,60,3.0,2.0,1.0
030_C109,30,C,6,0,OPTIMAL,519.2661,6,4,3,1,2,0.6667,506.4436,0.0,12.8225,60,3.0,2.0,1.0
030_C109,30,C,6,1,OPTIMAL,940.8633,6,6,5,1,0,1.0,940.8633,0.0,0.0,60,3.0,2.0,1.0
030_C109,30,C,6,2,OPTIMAL,881.2662,6,5,5,0,1,0.8333,879.3565,0.0,1.9097,60,3.0,2.0,1.0
030_C109,30,C,6,3,OPTIMAL,824.9212,6,6,4,2,0,1.0,824.9212,0.0,0.0,60,3.0,2.0,1.0
030_C109,30,C,6,4,OPTIMAL,758.5926,6,5,5,0,1,0.8333,756.8645,0.0,1.7282,60,3.0,2.0,1.0
030_C109,30,C,6,5,OPTIMAL,858.5791,6,6,5,1,0,1.0,858.5791,0.0,0.0,60,3.0,2.0,1.0
030_C109,30,C,6,6,OPTIMAL,1037.3142,6,5,4,1,1,0.8333,1023.9972,0.0,13.317,60,3.0,2.0,1.0
030_C109,30,C,6,7,OPTIMAL,725.1448,6,5,5,0,1,0.8333,718.2068,0.0,6.9381,60,3.0,2.0,1.0
030_C109,30,C,6,8,OPTIMAL,601.6086,6,4,3,1,2,0.6667,595.0672,0.0,6.5414,60,3.0,2.0,1.0
030_C109,30,C,6,9,OPTIMAL,886.2321,6,6,4,2,0,1.0,886.2321,0.0,0.0,60,3.0,2.0,1.0
030_C201,30,C,2,0,OPTIMAL,112.3859,2,1,1,0,1,0.5,112.3489,0.0,0.037,60,3.0,2.0,1.0
030_C201,30,C,2,1,OPTIMAL,175.5723,2,2,2,0,0,1.0,175.5723,0.0,0.0,60,3.0,2.0,1.0
030_C201,30,C,2,2,OPTIMAL,84.5544,2,1,1,0,1,0.5,81.7883,0.0,2.7661,60,3.0,2.0,1.0
030_C201,30,C,2,3,OPTIMAL,154.1126,2,1,1,0,1,0.5,154.1002,0.0,0.0124,60,3.0,2.0,1.0
030_C201,30,C,2,4,OPTIMAL,384.5211,2,2,2,0,0,1.0,384.5211,0.0,0.0,60,3.0,2.0,1.0
030_C201,30,C,2,5,OPTIMAL,291.4502,2,2,2,0,0,1.0,291.4502,0.0,0.0,60,3.0,2.0,1.0
030_C201,30,C,2,6,OPTIMAL,353.2926,2,2,2,0,0,1.0,353.2926,0.0,0.0,60,3.0,2.0,1.0
030_C201,30,C,2,7,OPTIMAL,336.8642,2,2,2,0,0,1.0,336.8642,0.0,0.0,60,3.0,2.0,1.0
030_C201,30,C,2,8,OPTIMAL,259.7112,2,2,2,0,0,1.0,259.7112,0.0,0.0,60,3.0,2.0,1.0
030_C201,30,C,2,9,OPTIMAL,84.6864,2,1,1,0,1,0.5,63.1718,0.0,21.5146,60,3.0,2.0,1.0
030_C201,30,C,4,0,OPTIMAL,636.1857,4,4,4,0,0,1.0,636.1857,0.0,0.0,60,3.0,2.0,1.0
030_C201,30,C,4,1,OPTIMAL,650.5469,4,4,4,0,0,1.0,650.5469,0.0,0.0,60,3.0,2.0,1.0
030_C201,30,C,4,2,OPTIMAL,477.078,4,3,3,0,1,0.75,476.7044,0.0,0.3736,60,3.0,2.0,1.0
030_C201,30,C,4,3,OPTIMAL,443.8428,4,4,4,0,0,1.0,443.8428,0.0,0.0,60,3.0,2.0,1.0
030_C201,30,C,4,4,OPTIMAL,561.2598,4,4,4,0,0,1.0,561.2598,0.0,0.0,60,3.0,2.0,1.0
030_C201,30,C,4,5,OPTIMAL,822.9174,4,4,4,0,0,1.0,822.9174,0.0,0.0,60,3.0,2.0,1.0
030_C201,30,C,4,6,OPTIMAL,653.6963,4,4,4,0,0,1.0,653.6963,0.0,0.0,60,3.0,2.0,1.0
030_C201,30,C,4,7,OPTIMAL,726.5807,4,4,4,0,0,1.0,726.5807,0.0,0.0,60,3.0,2.0,1.0
030_C201,30,C,4,8,OPTIMAL,427.9293,4,3,3,0,1,0.75,426.4485,0.0,1.4808,60,3.0,2.0,1.0
030_C201,30,C,4,9,OPTIMAL,469.3287,4,3,2,1,1,0.75,469.3,0.0,0.0287,60,3.0,2.0,1.0
030_C201,30,C,6,0,OPTIMAL,789.8865,6,6,6,0,0,1.0,789.8865,0.0,0.0,60,3.0,2.0,1.0
030_C201,30,C,6,1,OPTIMAL,810.9976,6,5,5,0,1,0.8333,808.7778,0.0,2.2198,60,3.0,2.0,1.0
030_C201,30,C,6,2,OPTIMAL,987.178,6,6,6,0,0,1.0,987.178,0.0,0.0,60,3.0,2.0,1.0
030_C201,30,C,6,3,OPTIMAL,780.1837,6,5,5,0,1,0.8333,765.0836,0.0,15.1001,60,3.0,2.0,1.0
030_C201,30,C,6,4,OPTIMAL,650.4888,6,4,4,0,2,0.6667,640.072,0.0,10.4168,60,3.0,2.0,1.0
030_C201,30,C,6,5,OPTIMAL,747.9494,6,5,5,0,1,0.8333,746.8363,0.0,1.113,60,3.0,2.0,1.0
030_C201,30,C,6,6,OPTIMAL,870.9009,6,5,5,0,1,0.8333,842.1695,0.0,28.7314,60,3.0,2.0,1.0
030_C201,30,C,6,7,OPTIMAL,755.0357,6,6,6,0,0,1.0,755.0357,0.0,0.0,60,3.0,2.0,1.0
030_C201,30,C,6,8,OPTIMAL,972.5082,6,5,5,0,1,0.8333,972.4924,0.0,0.0158,60,3.0,2.0,1.0
030_C201,30,C,6,9,OPTIMAL,1120.2445,6,6,6,0,0,1.0,1120.2445,0.0,0.0,60,3.0,2.0,1.0
030_C202,30,C,2,0,OPTIMAL,167.7694,2,2,2,0,0,1.0,167.7694,0.0,0.0,60,3.0,2.0,1.0
030_C202,30,C,2,1,OPTIMAL,175.5723,2,2,2,0,0,1.0,175.5723,0.0,0.0,60,3.0,2.0,1.0
030_C202,30,C,2,2,OPTIMAL,84.5544,2,1,1,0,1,0.5,81.7883,0.0,2.7661,60,3.0,2.0,1.0
030_C202,30,C,2,3,OPTIMAL,154.1126,2,1,1,0,1,0.5,154.1002,0.0,0.0124,60,3.0,2.0,1.0
030_C202,30,C,2,4,OPTIMAL,384.5211,2,2,2,0,0,1.0,384.5211,0.0,0.0,60,3.0,2.0,1.0
030_C202,30,C,2,5,OPTIMAL,291.4502,2,2,2,0,0,1.0,291.4502,0.0,0.0,60,3.0,2.0,1.0
030_C202,30,C,2,6,OPTIMAL,353.2926,2,2,2,0,0,1.0,353.2926,0.0,0.0,60,3.0,2.0,1.0
030_C202,30,C,2,7,OPTIMAL,336.8642,2,2,2,0,0,1.0,336.8642,0.0,0.0,60,3.0,2.0,1.0
030_C202,30,C,2,8,OPTIMAL,259.7112,2,2,2,0,0,1.0,259.7112,0.0,0.0,60,3.0,2.0,1.0
030_C202,30,C,2,9,OPTIMAL,84.6864,2,1,1,0,1,0.5,63.1718,0.0,21.5146,60,3.0,2.0,1.0
030_C202,30,C,4,0,OPTIMAL,636.1857,4,4,4,0,0,1.0,636.1857,0.0,0.0,60,3.0,2.0,1.0
030_C202,30,C,4,1,OPTIMAL,650.5469,4,4,4,0,0,1.0,650.5469,0.0,0.0,60,3.0,2.0,1.0
030_C202,30,C,4,2,OPTIMAL,545.8643,4,4,3,1,0,1.0,545.8643,0.0,0.0,60,3.0,2.0,1.0
030_C202,30,C,4,3,OPTIMAL,443.8428,4,4,4,0,0,1.0,443.8428,0.0,0.0,60,3.0,2.0,1.0
030_C202,30,C,4,4,OPTIMAL,561.2598,4,4,4,0,0,1.0,561.2598,0.0,0.0,60,3.0,2.0,1.0
030_C202,30,C,4,5,OPTIMAL,822.9174,4,4,4,0,0,1.0,822.9174,0.0,0.0,60,3.0,2.0,1.0
030_C202,30,C,4,6,OPTIMAL,653.6963,4,4,4,0,0,1.0,653.6963,0.0,0.0,60,3.0,2.0,1.0
030_C202,30,C,4,7,OPTIMAL,726.5807,4,4,4,0,0,1.0,726.5807,0.0,0.0,60,3.0,2.0,1.0
030_C202,30,C,4,8,OPTIMAL,427.9293,4,3,3,0,1,0.75,426.4485,0.0,1.4808,60,3.0,2.0,1.0
030_C202,30,C,4,9,OPTIMAL,469.3287,4,3,3,0,1,0.75,469.3,0.0,0.0287,60,3.0,2.0,1.0
030_C202,30,C,6,0,OPTIMAL,789.8865,6,6,6,0,0,1.0,789.8865,0.0,0.0,60,3.0,2.0,1.0
030_C202,30,C,6,1,OPTIMAL,809.1815,6,5,5,0,1,0.8333,808.7778,0.0,0.4037,60,3.0,2.0,1.0
030_C202,30,C,6,2,OPTIMAL,987.178,6,6,6,0,0,1.0,987.178,0.0,0.0,60,3.0,2.0,1.0
030_C202,30,C,6,3,OPTIMAL,853.4829,6,6,5,1,0,1.0,853.4829,0.0,0.0,60,3.0,2.0,1.0
030_C202,30,C,6,4,OPTIMAL,765.5898,6,5,5,0,1,0.8333,761.7781,0.0,3.8117,60,3.0,2.0,1.0
030_C202,30,C,6,5,OPTIMAL,828.791,6,6,6,0,0,1.0,828.791,0.0,0.0,60,3.0,2.0,1.0
030_C202,30,C,6,6,OPTIMAL,870.9009,6,5,5,0,1,0.8333,842.1695,0.0,28.7314,60,3.0,2.0,1.0
030_C202,30,C,6,7,OPTIMAL,755.0357,6,6,6,0,0,1.0,755.0357,0.0,0.0,60,3.0,2.0,1.0
030_C202,30,C,6,8,OPTIMAL,972.5082,6,5,5,0,1,0.8333,972.4924,0.0,0.0158,60,3.0,2.0,1.0
030_C202,30,C,6,9,OPTIMAL,1120.2445,6,6,6,0,0,1.0,1120.2445,0.0,0.0,60,3.0,2.0,1.0
030_C203,30,C,2,0,OPTIMAL,167.7694,2,2,2,0,0,1.0,167.7694,0.0,0.0,60,3.0,2.0,1.0
030_C203,30,C,2,1,OPTIMAL,175.5723,2,2,2,0,0,1.0,175.5723,0.0,0.0,60,3.0,2.0,1.0
030_C203,30,C,2,2,OPTIMAL,200.2354,2,2,2,0,0,1.0,200.2354,0.0,0.0,60,3.0,2.0,1.0
030_C203,30,C,2,3,OPTIMAL,154.1126,2,1,1,0,1,0.5,154.1002,0.0,0.0124,60,3.0,2.0,1.0
030_C203,30,C,2,4,OPTIMAL,384.5211,2,2,2,0,0,1.0,384.5211,0.0,0.0,60,3.0,2.0,1.0
030_C203,30,C,2,5,OPTIMAL,291.4502,2,2,2,0,0,1.0,291.4502,0.0,0.0,60,3.0,2.0,1.0
030_C203,30,C,2,6,OPTIMAL,353.2926,2,2,2,0,0,1.0,353.2926,0.0,0.0,60,3.0,2.0,1.0
030_C203,30,C,2,7,OPTIMAL,336.8642,2,2,2,0,0,1.0,336.8642,0.0,0.0,60,3.0,2.0,1.0
030_C203,30,C,2,8,OPTIMAL,259.7112,2,2,2,0,0,1.0,259.7112,0.0,0.0,60,3.0,2.0,1.0
030_C203,30,C,2,9,OPTIMAL,84.6864,2,1,1,0,1,0.5,63.1718,0.0,21.5146,60,3.0,2.0,1.0
030_C203,30,C,4,0,OPTIMAL,636.1857,4,4,4,0,0,1.0,636.1857,0.0,0.0,60,3.0,2.0,1.0
030_C203,30,C,4,1,OPTIMAL,650.5469,4,4,4,0,0,1.0,650.5469,0.0,0.0,60,3.0,2.0,1.0
030_C203,30,C,4,2,OPTIMAL,545.8643,4,4,4,0,0,1.0,545.8643,0.0,0.0,60,3.0,2.0,1.0
030_C203,30,C,4,3,OPTIMAL,443.8428,4,4,4,0,0,1.0,443.8428,0.0,0.0,60,3.0,2.0,1.0
030_C203,30,C,4,4,OPTIMAL,561.2598,4,4,4,0,0,1.0,561.2598,0.0,0.0,60,3.0,2.0,1.0
030_C203,30,C,4,5,OPTIMAL,822.9174,4,4,4,0,0,1.0,822.9174,0.0,0.0,60,3.0,2.0,1.0
030_C203,30,C,4,6,OPTIMAL,653.6963,4,4,4,0,0,1.0,653.6963,0.0,0.0,60,3.0,2.0,1.0
030_C203,30,C,4,7,OPTIMAL,726.5807,4,4,4,0,0,1.0,726.5807,0.0,0.0,60,3.0,2.0,1.0
030_C203,30,C,4,8,OPTIMAL,427.9293,4,3,3,0,1,0.75,426.4485,0.0,1.4808,60,3.0,2.0,1.0
030_C203,30,C,4,9,OPTIMAL,546.3731,4,4,4,0,0,1.0,546.3731,0.0,0.0,60,3.0,2.0,1.0
030_C203,30,C,6,0,OPTIMAL,789.8865,6,6,6,0,0,1.0,789.8865,0.0,0.0,60,3.0,2.0,1.0
030_C203,30,C,6,1,OPTIMAL,808.9318,6,5,5,0,1,0.8333,808.7778,0.0,0.154,60,3.0,2.0,1.0
030_C203,30,C,6,2,OPTIMAL,987.178,6,6,6,0,0,1.0,987.178,0.0,0.0,60,3.0,2.0,1.0
030_C203,30,C,6,3,OPTIMAL,853.4829,6,6,5,1,0,1.0,853.4829,0.0,0.0,60,3.0,2.0,1.0
030_C203,30,C,6,4,OPTIMAL,765.5898,6,5,5,0,1,0.8333,761.7781,0.0,3.8117,60,3.0,2.0,1.0
030_C203,30,C,6,5,OPTIMAL,828.791,6,6,6,0,0,1.0,828.791,0.0,0.0,60,3.0,2.0,1.0
030_C203,30,C,6,6,OPTIMAL,870.9009,6,5,5,0,1,0.8333,842.1695,0.0,28.7314,60,3.0,2.0,1.0
030_C203,30,C,6,7,OPTIMAL,755.0357,6,6,6,0,0,1.0,755.0357,0.0,0.0,60,3.0,2.0,1.0
030_C203,30,C,6,8,OPTIMAL,972.5082,6,5,5,0,1,0.8333,972.4924,0.0,0.0158,60,3.0,2.0,1.0
030_C203,30,C,6,9,OPTIMAL,1120.2445,6,6,6,0,0,1.0,1120.2445,0.0,0.0,60,3.0,2.0,1.0
030_C205,30,C,2,0,OPTIMAL,167.7694,2,2,2,0,0,1.0,167.7694,0.0,0.0,60,3.0,2.0,1.0
030_C205,30,C,2,1,OPTIMAL,175.5723,2,2,2,0,0,1.0,175.5723,0.0,0.0,60,3.0,2.0,1.0
030_C205,30,C,2,2,OPTIMAL,200.2354,2,2,2,0,0,1.0,200.2354,0.0,0.0,60,3.0,2.0,1.0
030_C205,30,C,2,3,OPTIMAL,369.5326,2,2,2,0,0,1.0,369.5326,0.0,0.0,60,3.0,2.0,1.0
030_C205,30,C,2,4,OPTIMAL,384.5211,2,2,2,0,0,1.0,384.5211,0.0,0.0,60,3.0,2.0,1.0
030_C205,30,C,2,5,OPTIMAL,291.4502,2,2,2,0,0,1.0,291.4502,0.0,0.0,60,3.0,2.0,1.0
030_C205,30,C,2,6,OPTIMAL,353.2926,2,2,2,0,0,1.0,353.2926,0.0,0.0,60,3.0,2.0,1.0
030_C205,30,C,2,7,OPTIMAL,336.8642,2,2,2,0,0,1.0,336.8642,0.0,0.0,60,3.0,2.0,1.0
030_C205,30,C,2,8,OPTIMAL,259.7112,2,2,2,0,0,1.0,259.7112,0.0,0.0,60,3.0,2.0,1.0
030_C205,30,C,2,9,OPTIMAL,210.4309,2,2,2,0,0,1.0,210.4309,0.0,0.0,60,3.0,2.0,1.0
030_C205,30,C,4,0,OPTIMAL,525.3653,4,3,3,0,1,0.75,523.6456,0.0,1.7196,60,3.0,2.0,1.0
030_C205,30,C,4,1,OPTIMAL,650.5469,4,4,4,0,0,1.0,650.5469,0.0,0.0,60,3.0,2.0,1.0
030_C205,30,C,4,2,OPTIMAL,545.8643,4,4,4,0,0,1.0,545.8643,0.0,0.0,60,3.0,2.0,1.0
030_C205,30,C,4,3,OPTIMAL,443.8428,4,4,4,0,0,1.0,443.8428,0.0,0.0,60,3.0,2.0,1.0
030_C205,30,C,4,4,OPTIMAL,561.2598,4,4,4,0,0,1.0,561.2598,0.0,0.0,60,3.0,2.0,1.0
030_C205,30,C,4,5,OPTIMAL,654.5064,4,3,3,0,1,0.75,654.504,0.0,0.0025,60,3.0,2.0,1.0
030_C205,30,C,4,6,OPTIMAL,653.6963,4,4,4,0,0,1.0,653.6963,0.0,0.0,60,3.0,2.0,1.0
030_C205,30,C,4,7,OPTIMAL,726.5807,4,4,3,1,0,1.0,726.5807,0.0,0.0,60,3.0,2.0,1.0
030_C205,30,C,4,8,OPTIMAL,334.7531,4,3,3,0,1,0.75,296.0554,0.0,38.6977,60,3.0,2.0,1.0
030_C205,30,C,4,9,OPTIMAL,546.3731,4,4,4,0,0,1.0,546.3731,0.0,0.0,60,3.0,2.0,1.0
030_C205,30,C,6,0,OPTIMAL,789.8865,6,6,6,0,0,1.0,789.8865,0.0,0.0,60,3.0,2.0,1.0
030_C205,30,C,6,1,OPTIMAL,810.9976,6,5,5,0,1,0.8333,808.7778,0.0,2.2198,60,3.0,2.0,1.0
030_C205,30,C,6,2,OPTIMAL,987.178,6,6,6,0,0,1.0,987.178,0.0,0.0,60,3.0,2.0,1.0
030_C205,30,C,6,3,OPTIMAL,853.4829,6,6,6,0,0,1.0,853.4829,0.0,0.0,60,3.0,2.0,1.0
030_C205,30,C,6,4,OPTIMAL,783.8971,6,5,5,0,1,0.8333,749.8502,0.0,34.0469,60,3.0,2.0,1.0
030_C205,30,C,6,5,OPTIMAL,828.791,6,6,6,0,0,1.0,828.791,0.0,0.0,60,3.0,2.0,1.0
030_C205,30,C,6,6,OPTIMAL,938.1785,6,6,6,0,0,1.0,938.1785,0.0,0.0,60,3.0,2.0,1.0
030_C205,30,C,6,7,OPTIMAL,755.0357,6,6,6,0,0,1.0,755.0357,0.0,0.0,60,3.0,2.0,1.0
030_C205,30,C,6,8,OPTIMAL,859.5569,6,4,4,0,2,0.6667,830.3323,0.0,29.2246,60,3.0,2.0,1.0
030_C205,30,C,6,9,OPTIMAL,1120.2445,6,6,5,1,0,1.0,1120.2445,0.0,0.0,60,3.0,2.0,1.0
030_C206,30,C,2,0,OPTIMAL,167.7694,2,2,2,0,0,1.0,167.7694,0.0,0.0,60,3.0,2.0,1.0
030_C206,30,C,2,1,OPTIMAL,110.2031,2,1,1,0,1,0.5,107.4737,0.0,2.7294,60,3.0,2.0,1.0
030_C206,30,C,2,2,OPTIMAL,200.2354,2,2,2,0,0,1.0,200.2354,0.0,0.0,60,3.0,2.0,1.0
030_C206,30,C,2,3,OPTIMAL,369.5326,2,2,2,0,0,1.0,369.5326,0.0,0.0,60,3.0,2.0,1.0
030_C206,30,C,2,4,OPTIMAL,384.5211,2,2,2,0,0,1.0,384.5211,0.0,0.0,60,3.0,2.0,1.0
030_C206,30,C,2,5,OPTIMAL,291.4502,2,2,2,0,0,1.0,291.4502,0.0,0.0,60,3.0,2.0,1.0
030_C206,30,C,2,6,OPTIMAL,353.2926,2,2,2,0,0,1.0,353.2926,0.0,0.0,60,3.0,2.0,1.0
030_C206,30,C,2,7,OPTIMAL,336.8642,2,2,2,0,0,1.0,336.8642,0.0,0.0,60,3.0,2.0,1.0
030_C206,30,C,2,8,OPTIMAL,160.8426,2,1,1,0,1,0.5,139.3229,0.0,21.5198,60,3.0,2.0,1.0
030_C206,30,C,2,9,OPTIMAL,210.4309,2,2,1,1,0,1.0,210.4309,0.0,0.0,60,3.0,2.0,1.0
030_C206,30,C,4,0,OPTIMAL,636.1857,4,4,4,0,0,1.0,636.1857,0.0,0.0,60,3.0,2.0,1.0
030_C206,30,C,4,1,OPTIMAL,650.5469,4,4,4,0,0,1.0,650.5469,0.0,0.0,60,3.0,2.0,1.0
030_C206,30,C,4,2,OPTIMAL,545.8643,4,4,3,1,0,1.0,545.8643,0.0,0.0,60,3.0,2.0,1.0
030_C206,30,C,4,3,OPTIMAL,443.8428,4,4,4,0,0,1.0,443.8428,0.0,0.0,60,3.0,2.0,1.0
030_C206,30,C,4,4,OPTIMAL,561.2598,4,4,4,0,0,1.0,561.2598,0.0,0.0,60,3.0,2.0,1.0
030_C206,30,C,4,5,OPTIMAL,654.5064,4,3,3,0,1,0.75,654.504,0.0,0.0025,60,3.0,2.0,1.0
030_C206,30,C,4,6,OPTIMAL,653.6963,4,4,4,0,0,1.0,653.6963,0.0,0.0,60,3.0,2.0,1.0
030_C206,30,C,4,7,OPTIMAL,726.5807,4,4,4,0,0,1.0,726.5807,0.0,0.0,60,3.0,2.0,1.0
030_C206,30,C,4,8,OPTIMAL,334.7531,4,3,3,0,1,0.75,296.0554,0.0,38.6977,60,3.0,2.0,1.0
030_C206,30,C,4,9,OPTIMAL,546.3731,4,4,4,0,0,1.0,546.3731,0.0,0.0,60,3.0,2.0,1.0
030_C206,30,C,6,0,OPTIMAL,677.727,6,5,5,0,1,0.8333,668.1512,0.0,9.5758,60,3.0,2.0,1.0
030_C206,30,C,6,1,OPTIMAL,808.8548,6,5,5,0,1,0.8333,808.7778,0.0,0.077,60,3.0,2.0,1.0
030_C206,30,C,6,2,OPTIMAL,987.178,6,6,6,0,0,1.0,987.178,0.0,0.0,60,3.0,2.0,1.0
030_C206,30,C,6,3,OPTIMAL,853.4829,6,6,6,0,0,1.0,853.4829,0.0,0.0,60,3.0,2.0,1.0
030_C206,30,C,6,4,OPTIMAL,898.7844,6,6,6,0,0,1.0,898.7844,0.0,0.0,60,3.0,2.0,1.0
030_C206,30,C,6,5,OPTIMAL,749.2691,6,5,5,0,1,0.8333,746.8363,0.0,2.4327,60,3.0,2.0,1.0
030_C206,30,C,6,6,OPTIMAL,938.1785,6,6,5,1,0,1.0,938.1785,0.0,0.0,60,3.0,2.0,1.0
030_C206,30,C,6,7,OPTIMAL,755.0357,6,6,6,0,0,1.0,755.0357,0.0,0.0,60,3.0,2.0,1.0
030_C206,30,C,6,8,OPTIMAL,1054.0206,6,6,6,0,0,1.0,1054.0206,0.0,0.0,60,3.0,2.0,1.0
030_C206,30,C,6,9,OPTIMAL,1120.2445,6,6,6,0,0,1.0,1120.2445,0.0,0.0,60,3.0,2.0,1.0
030_C207,30,C,2,0,OPTIMAL,167.7694,2,2,2,0,0,1.0,167.7694,0.0,0.0,60,3.0,2.0,1.0
030_C207,30,C,2,1,OPTIMAL,175.5723,2,2,2,0,0,1.0,175.5723,0.0,0.0,60,3.0,2.0,1.0
030_C207,30,C,2,2,OPTIMAL,200.2354,2,2,2,0,0,1.0,200.2354,0.0,0.0,60,3.0,2.0,1.0
030_C207,30,C,2,3,OPTIMAL,369.5326,2,2,2,0,0,1.0,369.5326,0.0,0.0,60,3.0,2.0,1.0
030_C207,30,C,2,4,OPTIMAL,252.7248,2,1,1,0,1,0.5,245.3722,0.0,7.3526,60,3.0,2.0,1.0
030_C207,30,C,2,5,OPTIMAL,291.4502,2,2,2,0,0,1.0,291.4502,0.0,0.0,60,3.0,2.0,1.0
030_C207,30,C,2,6,OPTIMAL,353.2926,2,2,2,0,0,1.0,353.2926,0.0,0.0,60,3.0,2.0,1.0
030_C207,30,C,2,7,OPTIMAL,336.8642,2,2,2,0,0,1.0,336.8642,0.0,0.0,60,3.0,2.0,1.0
030_C207,30,C,2,8,OPTIMAL,259.7112,2,2,2,0,0,1.0,259.7112,0.0,0.0,60,3.0,2.0,1.0
030_C207,30,C,2,9,OPTIMAL,210.4309,2,2,2,0,0,1.0,210.4309,0.0,0.0,60,3.0,2.0,1.0
030_C207,30,C,4,0,OPTIMAL,526.5859,4,3,3,0,1,0.75,523.6456,0.0,2.9402,60,3.0,2.0,1.0
030_C207,30,C,4,1,OPTIMAL,448.4555,4,3,3,0,1,0.75,443.4049,0.0,5.0506,60,3.0,2.0,1.0
030_C207,30,C,4,2,OPTIMAL,545.8643,4,4,4,0,0,1.0,545.8643,0.0,0.0,60,3.0,2.0,1.0
030_C207,30,C,4,3,OPTIMAL,443.8428,4,4,4,0,0,1.0,443.8428,0.0,0.0,60,3.0,2.0,1.0
030_C207,30,C,4,4,OPTIMAL,429.3803,4,3,3,0,1,0.75,415.4108,0.0,13.9695,60,3.0,2.0,1.0
030_C207,30,C,4,5,OPTIMAL,822.9174,4,4,4,0,0,1.0,822.9174,0.0,0.0,60,3.0,2.0,1.0
030_C207,30,C,4,6,OPTIMAL,653.6963,4,4,4,0,0,1.0,653.6963,0.0,0.0,60,3.0,2.0,1.0
030_C207,30,C,4,7,OPTIMAL,726.5807,4,4,4,0,0,1.0,726.5807,0.0,0.0,60,3.0,2.0,1.0
030_C207,30,C,4,8,OPTIMAL,322.8285,4,2,2,0,2,0.5,241.4977,0.0,81.3308,60,3.0,2.0,1.0
030_C207,30,C,4,9,OPTIMAL,364.3353,4,3,3,0,1,0.75,363.2862,0.0,1.0491,60,3.0,2.0,1.0
030_C207,30,C,6,0,OPTIMAL,724.8789,6,5,5,0,1,0.8333,720.4186,0.0,4.4603,60,3.0,2.0,1.0
030_C207,30,C,6,1,OPTIMAL,810.9976,6,5,5,0,1,0.8333,808.7778,0.0,2.2198,60,3.0,2.0,1.0
030_C207,30,C,6,2,OPTIMAL,987.178,6,6,6,0,0,1.0,987.178,0.0,0.0,60,3.0,2.0,1.0
030_C207,30,C,6,3,OPTIMAL,726.0143,6,5,5,0,1,0.8333,668.0306,0.0,57.9837,60,3.0,2.0,1.0
030_C207,30,C,6,4,OPTIMAL,898.7844,6,6,6,0,0,1.0,898.7844,0.0,0.0,60,3.0,2.0,1.0
030_C207,30,C,6,5,OPTIMAL,828.791,6,6,5,1,0,1.0,828.791,0.0,0.0,60,3.0,2.0,1.0
030_C207,30,C,6,6,OPTIMAL,938.1785,6,6,6,0,0,1.0,938.1785,0.0,0.0,60,3.0,2.0,1.0
030_C207,30,C,6,7,OPTIMAL,755.0357,6,6,6,0,0,1.0,755.0357,0.0,0.0,60,3.0,2.0,1.0
030_C207,30,C,6,8,OPTIMAL,974.5345,6,5,5,0,1,0.8333,972.4924,0.0,2.0421,60,3.0,2.0,1.0
030_C207,30,C,6,9,OPTIMAL,1120.2445,6,6,6,0,0,1.0,1120.2445,0.0,0.0,60,3.0,2.0,1.0
030_C208,30,C,2,0,OPTIMAL,124.4293,2,1,1,0,1,0.5,112.3489,0.0,12.0804,60,3.0,2.0,1.0
030_C208,30,C,2,1,OPTIMAL,175.5723,2,2,2,0,0,1.0,175.5723,0.0,0.0,60,3.0,2.0,1.0
030_C208,30,C,2,2,OPTIMAL,200.2354,2,2,2,0,0,1.0,200.2354,0.0,0.0,60,3.0,2.0,1.0
030_C208,30,C,2,3,OPTIMAL,369.5326,2,2,2,0,0,1.0,369.5326,0.0,0.0,60,3.0,2.0,1.0
030_C208,30,C,2,4,OPTIMAL,384.5211,2,2,2,0,0,1.0,384.5211,0.0,0.0,60,3.0,2.0,1.0
030_C208,30,C,2,5,OPTIMAL,291.4502,2,2,2,0,0,1.0,291.4502,0.0,0.0,60,3.0,2.0,1.0
030_C208,30,C,2,6,OPTIMAL,353.2926,2,2,2,0,0,1.0,353.2926,0.0,0.0,60,3.0,2.0,1.0
030_C208,30,C,2,7,OPTIMAL,336.8642,2,2,2,0,0,1.0,336.8642,0.0,0.0,60,3.0,2.0,1.0
030_C208,30,C,2,8,OPTIMAL,124.2015,2,1,1,0,1,0.5,120.3883,0.0,3.8132,60,3.0,2.0,1.0
030_C208,30,C,2,9,OPTIMAL,210.4309,2,2,2,0,0,1.0,210.4309,0.0,0.0,60,3.0,2.0,1.0
030_C208,30,C,4,0,OPTIMAL,636.1857,4,4,4,0,0,1.0,636.1857,0.0,0.0,60,3.0,2.0,1.0
030_C208,30,C,4,1,OPTIMAL,603.9796,4,3,3,0,1,0.75,583.6247,0.0,20.3549,60,3.0,2.0,1.0
030_C208,30,C,4,2,OPTIMAL,545.8643,4,4,4,0,0,1.0,545.8643,0.0,0.0,60,3.0,2.0,1.0
030_C208,30,C,4,3,OPTIMAL,443.8428,4,4,4,0,0,1.0,443.8428,0.0,0.0,60,3.0,2.0,1.0
030_C208,30,C,4,4,OPTIMAL,338.3233,4,3,3,0,1,0.75,332.2876,0.0,6.0356,60,3.0,2.0,1.0
030_C208,30,C,4,5,OPTIMAL,822.9174,4,4,4,0,0,1.0,822.9174,0.0,0.0,60,3.0,2.0,1.0
030_C208,30,C,4,6,OPTIMAL,653.6963,4,4,4,0,0,1.0,653.6963,0.0,0.0,60,3.0,2.0,1.0
030_C208,30,C,4,7,OPTIMAL,726.5807,4,4,4,0,0,1.0,726.5807,0.0,0.0,60,3.0,2.0,1.0
030_C208,30,C,4,8,OPTIMAL,361.3319,4,3,3,0,1,0.75,296.0554,0.0,65.2765,60,3.0,2.0,1.0
030_C208,30,C,4,9,OPTIMAL,492.4861,4,3,3,0,1,0.75,469.3,0.0,23.1861,60,3.0,2.0,1.0
030_C208,30,C,6,0,OPTIMAL,684.1307,6,5,5,0,1,0.8333,668.1512,0.0,15.9795,60,3.0,2.0,1.0
030_C208,30,C,6,1,OPTIMAL,626.0599,6,4,4,0,2,0.6667,625.0878,0.0,0.9722,60,3.0,2.0,1.0
030_C208,30,C,6,2,OPTIMAL,987.178,6,6,6,0,0,1.0,987.178,0.0,0.0,60,3.0,2.0,1.0
030_C208,30,C,6,3,OPTIMAL,689.6876,6,5,5,0,1,0.8333,689.6243,0.0,0.0633,60,3.0,2.0,1.0
030_C208,30,C,6,4,OPTIMAL,898.7844,6,6,6,0,0,1.0,898.7844,0.0,0.0,60,3.0,2.0,1.0
030_C208,30,C,6,5,OPTIMAL,828.791,6,6,6,0,0,1.0,828.791,0.0,0.0,60,3.0,2.0,1.0
030_C208,30,C,6,6,OPTIMAL,938.1785,6,6,6,0,0,1.0,938.1785,0.0,0.0,60,3.0,2.0,1.0
030_C208,30,C,6,7,OPTIMAL,585.1393,6,4,4,0,2,0.6667,563.9782,0.0,21.1611,60,3.0,2.0,1.0
030_C208,30,C,6,8,OPTIMAL,925.0035,6,5,5,0,1,0.8333,899.9142,0.0,25.0894,60,3.0,2.0,1.0
030_C208,30,C,6,9,OPTIMAL,1120.2445,6,6,6,0,0,1.0,1120.2445,0.0,0.0,60,3.0,2.0,1.0
030_R101,30,R,2,0,OPTIMAL,263.6988,2,1,1,0,1,0.5,245.5545,6.7599,11.3843,60,3.0,2.0,1.0
030_R101,30,R,2,1,OPTIMAL,0.3144,2,0,0,0,2,0.0,0.0,0.0,0.3144,60,3.0,2.0,1.0
030_R101,30,R,2,2,OPTIMAL,360.2213,2,2,2,0,0,1.0,360.2213,0.0,0.0,60,3.0,2.0,1.0
030_R101,30,R,2,3,OPTIMAL,371.9666,2,2,2,0,0,1.0,371.9666,0.0,0.0,60,3.0,2.0,1.0
030_R101,30,R,2,4,OPTIMAL,391.4194,2,2,2,0,0,1.0,391.4194,0.0,0.0,60,3.0,2.0,1.0
030_R101,30,R,2,5,OPTIMAL,483.3694,2,2,2,0,0,1.0,483.3694,0.0,0.0,60,3.0,2.0,1.0
030_R101,30,R,2,6,OPTIMAL,290.0966,2,2,2,0,0,1.0,290.0966,0.0,0.0,60,3.0,2.0,1.0
030_R101,30,R,2,7,OPTIMAL,307.6046,2,2,1,1,0,1.0,307.6046,0.0,0.0,60,3.0,2.0,1.0
030_R101,30,R,2,8,OPTIMAL,167.1453,2,1,1,0,1,0.5,153.1546,5.0985,8.8922,60,3.0,2.0,1.0
030_R101,30,R,2,9,OPTIMAL,431.643,2,2,2,0,0,1.0,431.643,0.0,0.0,60,3.0,2.0,1.0
030_R101,30,R,4,0,OPTIMAL,778.5102,4,4,4,0,0,1.0,778.5102,0.0,0.0,60,3.0,2.0,1.0
030_R101,30,R,4,1,OPTIMAL,654.3466,4,3,3,0,1,0.75,654.0746,0.0,0.272,60,3.0,2.0,1.0
030_R101,30,R,4,2,OPTIMAL,628.6063,4,3,3,0,1,0.75,603.7452,6.9691,17.892,60,3.0,2.0,1.0
030_R101,30,R,4,3,OPTIMAL,565.5054,4,3,3,0,1,0.75,552.4887,2.2313,10.7854,60,3.0,2.0,1.0
030_R101,30,R,4,4,OPTIMAL,802.211,4,4,4,0,0,1.0,802.211,0.0,0.0,60,3.0,2.0,1.0
030_R101,30,R,4,5,OPTIMAL,736.4149,4,4,4,0,0,1.0,736.4149,0.0,0.0,60,3.0,2.0,1.0
030_R101,30,R,4,6,OPTIMAL,878.231,4,4,4,0,0,1.0,878.231,0.0,0.0,60,3.0,2.0,1.0
030_R101,30,R,4,7,OPTIMAL,721.3442,4,4,4,0,0,1.0,721.3442,0.0,0.0,60,3.0,2.0,1.0
030_R101,30,R,4,8,OPTIMAL,674.4016,4,4,4,0,0,1.0,674.4016,0.0,0.0,60,3.0,2.0,1.0
030_R101,30,R,4,9,OPTIMAL,585.1953,4,3,3,0,1,0.75,571.3232,5.0511,8.821,60,3.0,2.0,1.0
030_R101,30,R,6,0,OPTIMAL,1071.1095,6,6,6,0,0,1.0,1071.1095,0.0,0.0,60,3.0,2.0,1.0
030_R101,30,R,6,1,OPTIMAL,907.8326,6,6,6,0,0,1.0,907.8326,0.0,0.0,60,3.0,2.0,1.0
030_R101,30,R,6,2,OPTIMAL,857.8969,6,5,5,0,1,0.8333,835.2767,8.5503,14.0699,60,3.0,2.0,1.0
030_R101,30,R,6,3,OPTIMAL,1414.2187,6,6,6,0,0,1.0,1414.2187,0.0,0.0,60,3.0,2.0,1.0
030_R101,30,R,6,4,OPTIMAL,760.8841,6,5,5,0,1,0.8333,744.1761,3.7078,13.0002,60,3.0,2.0,1.0
030_R101,30,R,6,5,OPTIMAL,1083.337,6,6,6,0,0,1.0,1083.337,0.0,0.0,60,3.0,2.0,1.0
030_R101,30,R,6,6,OPTIMAL,1215.0979,6,6,6,0,0,1.0,1215.0979,0.0,0.0,60,3.0,2.0,1.0
030_R101,30,R,6,7,OPTIMAL,1054.4517,6,6,6,0,0,1.0,1054.4517,0.0,0.0,60,3.0,2.0,1.0
030_R101,30,R,6,8,OPTIMAL,1053.5912,6,6,6,0,0,1.0,1053.5912,0.0,0.0,60,3.0,2.0,1.0
030_R101,30,R,6,9,OPTIMAL,1115.2415,6,5,5,0,1,0.8333,1114.4639,0.0,0.7777,60,3.0,2.0,1.0
030_R102,30,R,2,0,OPTIMAL,245.6678,2,1,1,0,1,0.5,245.5545,0.0,0.1133,60,3.0,2.0,1.0
030_R102,30,R,2,1,OPTIMAL,0.2519,2,0,0,0,2,0.0,0.0,0.0,0.2519,60,3.0,2.0,1.0
030_R102,30,R,2,2,OPTIMAL,360.2213,2,2,2,0,0,1.0,360.2213,0.0,0.0,60,3.0,2.0,1.0
030_R102,30,R,2,3,OPTIMAL,275.3424,2,1,1,0,1,0.5,275.2965,0.0,0.0458,60,3.0,2.0,1.0
030_R102,30,R,2,4,OPTIMAL,391.4194,2,2,2,0,0,1.0,391.4194,0.0,0.0,60,3.0,2.0,1.0
030_R102,30,R,2,5,OPTIMAL,483.3694,2,2,2,0,0,1.0,483.3694,0.0,0.0,60,3.0,2.0,1.0
030_R102,30,R,2,6,OPTIMAL,182.0551,2,1,1,0,1,0.5,180.5622,0.0,1.493,60,3.0,2.0,1.0
030_R102,30,R,2,7,OPTIMAL,258.1753,2,1,1,0,1,0.5,256.8647,0.0,1.3106,60,3.0,2.0,1.0
030_R102,30,R,2,8,OPTIMAL,153.8292,2,1,1,0,1,0.5,153.1546,0.0,0.6746,60,3.0,2.0,1.0
030_R102,30,R,2,9,OPTIMAL,431.643,2,2,2,0,0,1.0,431.643,0.0,0.0,60,3.0,2.0,1.0
030_R102,30,R,4,0,OPTIMAL,676.7197,4,3,3,0,1,0.75,617.9229,18.8436,39.9532,60,3.0,2.0,1.0
030_R102,30,R,4,1,OPTIMAL,595.8469,4,2,2,0,2,0.5,495.9416,39.1947,60.7106,60,3.0,2.0,1.0
030_R102,30,R,4,2,OPTIMAL,487.7517,4,2,2,0,2,0.5,427.6478,16.279,43.825,60,3.0,2.0,1.0
030_R102,30,R,4,3,OPTIMAL,444.1948,4,2,2,0,2,0.5,442.4935,0.0,1.7013,60,3.0,2.0,1.0
030_R102,30,R,4,4,OPTIMAL,723.3227,4,3,3,0,1,0.75,658.7282,19.1725,45.4219,60,3.0,2.0,1.0
030_R102,30,R,4,5,OPTIMAL,736.4149,4,4,3,1,0,1.0,736.4149,0.0,0.0,60,3.0,2.0,1.0
030_R102,30,R,4,6,OPTIMAL,878.231,4,4,4,0,0,1.0,878.231,0.0,0.0,60,3.0,2.0,1.0
030_R102,30,R,4,7,OPTIMAL,590.9211,4,3,3,0,1,0.75,590.6516,0.0,0.2695,60,3.0,2.0,1.0
030_R102,30,R,4,8,OPTIMAL,458.5641,4,2,2,0,2,0.5,457.9128,0.0,0.6514,60,3.0,2.0,1.0
030_R102,30,R,4,9,OPTIMAL,578.153,4,3,3,0,1,0.75,571.3232,0.0,6.8298,60,3.0,2.0,1.0
030_R102,30,R,6,0,OPTIMAL,804.315,6,3,3,0,3,0.5,672.3313,46.2201,85.7636,60,3.0,2.0,1.0
030_R102,30,R,6,1,OPTIMAL,632.5409,6,3,3,0,3,0.5,624.6545,0.0,7.8864,60,3.0,2.0,1.0
030_R102,30,R,6,2,OPTIMAL,506.6236,6,2,2,0,4,0.3333,393.8845,34.8162,77.9228,60,3.0,2.0,1.0
030_R102,30,R,6,3,OPTIMAL,1414.2187,6,6,6,0,0,1.0,1414.2187,0.0,0.0,60,3.0,2.0,1.0
030_R102,30,R,6,4,OPTIMAL,576.5273,6,3,3,0,3,0.5,573.1817,0.0,3.3456,60,3.0,2.0,1.0
030_R102,30,R,6,5,OPTIMAL,781.9907,6,3,3,0,3,0.5,709.6495,25.4967,46.8445,60,3.0,2.0,1.0
030_R102,30,R,6,6,OPTIMAL,1084.1223,6,5,5,0,1,0.8333,1081.4097,0.0,2.7126,60,3.0,2.0,1.0
030_R102,30,R,6,7,OPTIMAL,764.3819,6,3,3,0,3,0.5,629.6516,44.4269,90.3034,60,3.0,2.0,1.0
030_R102,30,R,6,8,OPTIMAL,657.6105,6,3,3,0,3,0.5,654.7821,0.0,2.8283,60,3.0,2.0,1.0
030_R102,30,R,6,9,OPTIMAL,1114.998,6,5,5,0,1,0.8333,1114.4639,0.0,0.5341,60,3.0,2.0,1.0
030_R103,30,R,2,0,OPTIMAL,248.3967,2,1,1,0,1,0.5,245.5545,0.0,2.8422,60,3.0,2.0,1.0
030_R103,30,R,2,1,OPTIMAL,118.2355,2,1,0,1,1,0.5,118.1104,0.0,0.1252,60,3.0,2.0,1.0
030_R103,30,R,2,2,OPTIMAL,360.2213,2,2,2,0,0,1.0,360.2213,0.0,0.0,60,3.0,2.0,1.0
030_R103,30,R,2,3,OPTIMAL,275.3424,2,1,1,0,1,0.5,275.2965,0.0,0.0458,60,3.0,2.0,1.0
030_R103,30,R,2,4,OPTIMAL,391.4194,2,2,2,0,0,1.0,391.4194,0.0,0.0,60,3.0,2.0,1.0
030_R103,30,R,2,5,OPTIMAL,483.3694,2,2,2,0,0,1.0,483.3694,0.0,0.0,60,3.0,2.0,1.0
030_R103,30,R,2,6,OPTIMAL,182.8839,2,1,1,0,1,0.5,180.5622,0.0,2.3217,60,3.0,2.0,1.0
030_R103,30,R,2,7,OPTIMAL,258.0748,2,1,1,0,1,0.5,256.8647,0.0,1.2101,60,3.0,2.0,1.0
030_R103,30,R,2,8,OPTIMAL,156.5986,2,0,0,0,2,0.0,0.0,68.2529,88.3456,60,3.0,2.0,1.0
030_R103,30,R,2,9,OPTIMAL,425.5769,2,1,1,0,1,0.5,254.4068,78.2048,92.9654,60,3.0,2.0,1.0
030_R103,30,R,4,0,OPTIMAL,669.2528,4,3,3,0,1,0.75,617.9229,11.9156,39.4144,60,3.0,2.0,1.0
030_R103,30,R,4,1,OPTIMAL,677.8332,4,3,2,1,1,0.75,613.966,20.8431,43.0241,60,3.0,2.0,1.0
030_R103,30,R,4,2,OPTIMAL,608.2974,4,3,3,0,1,0.75,603.7452,0.0,4.5522,60,3.0,2.0,1.0
030_R103,30,R,4,3,OPTIMAL,445.2926,4,2,2,0,2,0.5,442.4935,0.0,2.7992,60,3.0,2.0,1.0
030_R103,30,R,4,4,OPTIMAL,702.5732,4,3,3,0,1,0.75,658.7282,10.832,33.013,60,3.0,2.0,1.0
030_R103,30,R,4,5,OPTIMAL,663.4467,4,3,3,0,1,0.75,572.4608,35.0039,55.982,60,3.0,2.0,1.0
030_R103,30,R,4,6,OPTIMAL,878.231,4,4,4,0,0,1.0,878.231,0.0,0.0,60,3.0,2.0,1.0
030_R103,30,R,4,7,OPTIMAL,587.7518,4,2,2,0,2,0.5,412.8255,78.7105,96.2159,60,3.0,2.0,1.0
030_R103,30,R,4,8,OPTIMAL,458.3927,4,2,2,0,2,0.5,457.9128,0.0,0.4799,60,3.0,2.0,1.0
030_R103,30,R,4,9,OPTIMAL,694.161,4,3,2,1,1,0.75,549.5517,64.9244,79.685,60,3.0,2.0,1.0
030_R103,30,R,6,0,OPTIMAL,786.3816,6,3,3,0,3,0.5,672.3313,28.7508,85.2995,60,3.0,2.0,1.0
030_R103,30,R,6,1,OPTIMAL,631.3898,6,3,3,0,3,0.5,624.6545,0.0,6.7353,60,3.0,2.0,1.0
030_R103,30,R,6,2,OPTIMAL,681.7739,6,3,3,0,3,0.5,572.7727,28.4751,80.5262,60,3.0,2.0,1.0
030_R103,30,R,6,3,OPTIMAL,1414.2187,6,6,6,0,0,1.0,1414.2187,0.0,0.0,60,3.0,2.0,1.0
030_R103,30,R,6,4,OPTIMAL,575.5311,6,3,3,0,3,0.5,573.1817,0.0,2.3494,60,3.0,2.0,1.0
030_R103,30,R,6,5,OPTIMAL,846.2487,6,3,3,0,3,0.5,709.6495,41.5473,95.0519,60,3.0,2.0,1.0
030_R103,30,R,6,6,OPTIMAL,1092.9788,6,5,5,0,1,0.8333,1081.4097,0.0,11.5691,60,3.0,2.0,1.0
030_R103,30,R,6,7,OPTIMAL,722.752,6,2,2,0,4,0.3333,461.3958,98.3377,163.0185,60,3.0,2.0,1.0
030_R103,30,R,6,8,OPTIMAL,702.3746,6,2,2,0,4,0.3333,479.9471,84.5301,137.8974,60,3.0,2.0,1.0
030_R103,30,R,6,9,OPTIMAL,1114.9823,6,5,5,0,1,0.8333,1114.4639,0.0,0.5184,60,3.0,2.0,1.0
030_R105,30,R,2,0,OPTIMAL,245.781,2,1,1,0,1,0.5,245.5545,0.0,0.2265,60,3.0,2.0,1.0
030_R105,30,R,2,1,OPTIMAL,0.1259,2,0,0,0,2,0.0,0.0,0.0,0.1259,60,3.0,2.0,1.0
030_R105,30,R,2,2,OPTIMAL,360.2213,2,2,2,0,0,1.0,360.2213,0.0,0.0,60,3.0,2.0,1.0
030_R105,30,R,2,3,OPTIMAL,275.3882,2,1,1,0,1,0.5,275.2965,0.0,0.0917,60,3.0,2.0,1.0
030_R105,30,R,2,4,OPTIMAL,391.4194,2,2,2,0,0,1.0,391.4194,0.0,0.0,60,3.0,2.0,1.0
030_R105,30,R,2,5,OPTIMAL,483.3694,2,2,2,0,0,1.0,483.3694,0.0,0.0,60,3.0,2.0,1.0
030_R105,30,R,2,6,OPTIMAL,191.8359,2,1,1,0,1,0.5,180.5622,0.0,11.2737,60,3.0,2.0,1.0
030_R105,30,R,2,7,OPTIMAL,259.2849,2,1,1,0,1,0.5,256.8647,0.0,2.4202,60,3.0,2.0,1.0
030_R105,30,R,2,8,OPTIMAL,154.5038,2,1,1,0,1,0.5,153.1546,0.0,1.3493,60,3.0,2.0,1.0
030_R105,30,R,2,9,OPTIMAL,431.643,2,2,2,0,0,1.0,431.643,0.0,0.0,60,3.0,2.0,1.0
030_R105,30,R,4,0,OPTIMAL,778.5102,4,4,4,0,0,1.0,778.5102,0.0,0.0,60,3.0,2.0,1.0
030_R105,30,R,4,1,OPTIMAL,654.2106,4,3,3,0,1,0.75,654.0746,0.0,0.136,60,3.0,2.0,1.0
030_R105,30,R,4,2,OPTIMAL,619.9476,4,3,3,0,1,0.75,603.7452,0.0,16.2024,60,3.0,2.0,1.0
030_R105,30,R,4,3,OPTIMAL,462.714,4,2,2,0,2,0.5,442.4935,0.0,20.2206,60,3.0,2.0,1.0
030_R105,30,R,4,4,OPTIMAL,802.211,4,4,4,0,0,1.0,802.211,0.0,0.0,60,3.0,2.0,1.0
030_R105,30,R,4,5,OPTIMAL,736.4149,4,4,4,0,0,1.0,736.4149,0.0,0.0,60,3.0,2.0,1.0
030_R105,30,R,4,6,OPTIMAL,878.231,4,4,4,0,0,1.0,878.231,0.0,0.0,60,3.0,2.0,1.0
030_R105,30,R,4,7,OPTIMAL,721.3442,4,4,4,0,0,1.0,721.3442,0.0,0.0,60,3.0,2.0,1.0
030_R105,30,R,4,8,OPTIMAL,575.1884,4,3,3,0,1,0.75,574.9554,0.0,0.2331,60,3.0,2.0,1.0
030_R105,30,R,4,9,OPTIMAL,572.794,4,3,3,0,1,0.75,571.3232,0.0,1.4708,60,3.0,2.0,1.0
030_R105,30,R,6,0,OPTIMAL,1071.1095,6,6,6,0,0,1.0,1071.1095,0.0,0.0,60,3.0,2.0,1.0
030_R105,30,R,6,1,OPTIMAL,693.7434,6,3,3,0,3,0.5,624.6545,0.0,69.0889,60,3.0,2.0,1.0
030_R105,30,R,6,2,OPTIMAL,798.3289,6,4,4,0,2,0.6667,745.4943,0.0,52.8346,60,3.0,2.0,1.0
030_R105,30,R,6,3,OPTIMAL,1414.2187,6,6,6,0,0,1.0,1414.2187,0.0,0.0,60,3.0,2.0,1.0
030_R105,30,R,6,4,OPTIMAL,414.9607,6,2,2,0,4,0.3333,399.7482,0.0,15.2125,60,3.0,2.0,1.0
030_R105,30,R,6,5,OPTIMAL,1009.4629,6,5,5,0,1,0.8333,1009.0718,0.0,0.3911,60,3.0,2.0,1.0
030_R105,30,R,6,6,OPTIMAL,1215.0979,6,6,6,0,0,1.0,1215.0979,0.0,0.0,60,3.0,2.0,1.0
030_R105,30,R,6,7,OPTIMAL,949.2145,6,5,5,0,1,0.8333,949.1751,0.0,0.0395,60,3.0,2.0,1.0
030_R105,30,R,6,8,OPTIMAL,949.1506,6,5,5,0,1,0.8333,948.5485,0.0,0.6022,60,3.0,2.0,1.0
030_R105,30,R,6,9,OPTIMAL,1114.802,6,5,5,0,1,0.8333,1114.4639,0.0,0.3381,60,3.0,2.0,1.0
030_R106,30,R,2,0,OPTIMAL,245.6678,2,1,1,0,1,0.5,245.5545,0.0,0.1133,60,3.0,2.0,1.0
030_R106,30,R,2,1,OPTIMAL,0.2511,2,0,0,0,2,0.0,0.0,0.0,0.2511,60,3.0,2.0,1.0
030_R106,30,R,2,2,OPTIMAL,360.2213,2,2,2,0,0,1.0,360.2213,0.0,0.0,60,3.0,2.0,1.0
030_R106,30,R,2,3,OPTIMAL,275.3882,2,1,1,0,1,0.5,275.2965,0.0,0.0917,60,3.0,2.0,1.0
030_R106,30,R,2,4,OPTIMAL,391.4194,2,2,2,0,0,1.0,391.4194,0.0,0.0,60,3.0,2.0,1.0
030_R106,30,R,2,5,OPTIMAL,483.3694,2,2,2,0,0,1.0,483.3694,0.0,0.0,60,3.0,2.0,1.0
030_R106,30,R,2,6,OPTIMAL,183.5481,2,1,1,0,1,0.5,180.5622,0.0,2.9859,60,3.0,2.0,1.0
030_R106,30,R,2,7,OPTIMAL,259.2849,2,1,1,0,1,0.5,256.8647,0.0,2.4202,60,3.0,2.0,1.0
030_R106,30,R,2,8,OPTIMAL,153.8292,2,1,1,0,1,0.5,153.1546,0.0,0.6746,60,3.0,2.0,1.0
030_R106,30,R,2,9,OPTIMAL,431.643,2,2,2,0,0,1.0,431.643,0.0,0.0,60,3.0,2.0,1.0
030_R106,30,R,4,0,OPTIMAL,622.5647,4,3,3,0,1,0.75,617.9229,0.0,4.6418,60,3.0,2.0,1.0
030_R106,30,R,4,1,OPTIMAL,545.847,4,2,2,0,2,0.5,495.9416,0.0,49.9054,60,3.0,2.0,1.0
030_R106,30,R,4,2,OPTIMAL,449.5482,4,2,2,0,2,0.5,427.6478,0.0,21.9004,60,3.0,2.0,1.0
030_R106,30,R,4,3,OPTIMAL,445.8075,4,2,2,0,2,0.5,442.4935,0.0,3.314,60,3.0,2.0,1.0
030_R106,30,R,4,4,OPTIMAL,693.9223,4,3,3,0,1,0.75,658.7282,0.0,35.1941,60,3.0,2.0,1.0
030_R106,30,R,4,5,OPTIMAL,652.5504,4,3,3,0,1,0.75,572.4608,5.4344,74.6552,60,3.0,2.0,1.0
030_R106,30,R,4,6,OPTIMAL,878.231,4,4,4,0,0,1.0,878.231,0.0,0.0,60,3.0,2.0,1.0
030_R106,30,R,4,7,OPTIMAL,591.1906,4,3,3,0,1,0.75,590.6516,0.0,0.539,60,3.0,2.0,1.0
030_R106,30,R,4,8,OPTIMAL,458.7493,4,2,2,0,2,0.5,457.9128,0.0,0.8366,60,3.0,2.0,1.0
030_R106,30,R,4,9,OPTIMAL,572.794,4,3,3,0,1,0.75,571.3232,0.0,1.4708,60,3.0,2.0,1.0
030_R106,30,R,6,0,OPTIMAL,778.1424,6,3,3,0,3,0.5,672.3313,0.0,105.8111,60,3.0,2.0,1.0
030_R106,30,R,6,1,OPTIMAL,631.1283,6,3,3,0,3,0.5,624.6545,0.0,6.4738,60,3.0,2.0,1.0
030_R106,30,R,6,2,OPTIMAL,635.7097,6,3,3,0,3,0.5,572.7727,0.0,62.937,60,3.0,2.0,1.0
030_R106,30,R,6,3,OPTIMAL,1414.2187,6,6,6,0,0,1.0,1414.2187,0.0,0.0,60,3.0,2.0,1.0
030_R106,30,R,6,4,OPTIMAL,403.7937,6,2,2,0,4,0.3333,399.7482,0.0,4.0455,60,3.0,2.0,1.0
030_R106,30,R,6,5,OPTIMAL,776.5309,6,3,3,0,3,0.5,709.6495,0.0,66.8814,60,3.0,2.0,1.0
030_R106,30,R,6,6,OPTIMAL,1086.8348,6,5,5,0,1,0.8333,1081.4097,0.0,5.4251,60,3.0,2.0,1.0
030_R106,30,R,6,7,OPTIMAL,726.1938,6,3,3,0,3,0.5,629.6516,0.0,96.5422,60,3.0,2.0,1.0
030_R106,30,R,6,8,OPTIMAL,658.7669,6,3,3,0,3,0.5,654.7821,0.0,3.9848,60,3.0,2.0,1.0
030_R106,30,R,6,9,OPTIMAL,1115.2415,6,5,5,0,1,0.8333,1114.4639,0.0,0.7777,60,3.0,2.0,1.0
030_R107,30,R,2,0,OPTIMAL,251.2389,2,1,1,0,1,0.5,245.5545,0.0,5.6844,60,3.0,2.0,1.0
030_R107,30,R,2,1,OPTIMAL,0.3144,2,0,0,0,2,0.0,0.0,0.0,0.3144,60,3.0,2.0,1.0
030_R107,30,R,2,2,OPTIMAL,360.2213,2,2,2,0,0,1.0,360.2213,0.0,0.0,60,3.0,2.0,1.0
030_R107,30,R,2,3,OPTIMAL,275.3882,2,1,1,0,1,0.5,275.2965,0.0,0.0917,60,3.0,2.0,1.0
030_R107,30,R,2,4,OPTIMAL,391.4194,2,2,2,0,0,1.0,391.4194,0.0,0.0,60,3.0,2.0,1.0
030_R107,30,R,2,5,OPTIMAL,483.3694,2,2,2,0,0,1.0,483.3694,0.0,0.0,60,3.0,2.0,1.0
030_R107,30,R,2,6,OPTIMAL,183.5481,2,1,1,0,1,0.5,180.5622,0.0,2.9859,60,3.0,2.0,1.0
030_R107,30,R,2,7,OPTIMAL,259.2849,2,1,1,0,1,0.5,256.8647,0.0,2.4202,60,3.0,2.0,1.0
030_R107,30,R,2,8,OPTIMAL,160.0319,2,1,0,1,1,0.5,153.1546,0.0,6.8773,60,3.0,2.0,1.0
030_R107,30,R,2,9,OPTIMAL,431.643,2,2,1,1,0,1.0,431.643,0.0,0.0,60,3.0,2.0,1.0
030_R107,30,R,4,0,OPTIMAL,658.9856,4,3,3,0,1,0.75,617.9229,0.0,41.0627,60,3.0,2.0,1.0
030_R107,30,R,4,1,OPTIMAL,541.4188,4,2,2,0,2,0.5,495.9416,0.0,45.4772,60,3.0,2.0,1.0
030_R107,30,R,4,2,OPTIMAL,608.2974,4,3,3,0,1,0.75,603.7452,0.0,4.5522,60,3.0,2.0,1.0
030_R107,30,R,4,3,OPTIMAL,445.778,4,2,2,0,2,0.5,442.4935,0.0,3.2845,60,3.0,2.0,1.0
030_R107,30,R,4,4,OPTIMAL,693.9223,4,3,3,0,1,0.75,658.7282,0.0,35.1941,60,3.0,2.0,1.0
030_R107,30,R,4,5,OPTIMAL,628.9136,4,3,3,0,1,0.75,572.4608,4.6738,51.779,60,3.0,2.0,1.0
030_R107,30,R,4,6,OPTIMAL,878.231,4,4,4,0,0,1.0,878.231,0.0,0.0,60,3.0,2.0,1.0
030_R107,30,R,4,7,OPTIMAL,591.1906,4,3,2,1,1,0.75,590.6516,0.0,0.539,60,3.0,2.0,1.0
030_R107,30,R,4,8,OPTIMAL,458.7493,4,2,2,0,2,0.5,457.9128,0.0,0.8366,60,3.0,2.0,1.0
030_R107,30,R,4,9,OPTIMAL,573.5408,4,3,2,1,1,0.75,571.3232,0.0,2.2176,60,3.0,2.0,1.0
030_R107,30,R,6,0,OPTIMAL,755.0838,6,3,3,0,3,0.5,672.3313,0.0,82.7525,60,3.0,2.0,1.0
030_R107,30,R,6,1,OPTIMAL,636.1242,6,3,3,0,3,0.5,624.6545,0.0,11.4697,60,3.0,2.0,1.0
030_R107,30,R,6,2,OPTIMAL,628.624,6,3,3,0,3,0.5,572.7727,0.0,55.8513,60,3.0,2.0,1.0
030_R107,30,R,6,3,OPTIMAL,1414.2187,6,6,6,0,0,1.0,1414.2187,0.0,0.0,60,3.0,2.0,1.0
030_R107,30,R,6,4,OPTIMAL,577.0197,6,3,3,0,3,0.5,573.1817,0.0,3.838,60,3.0,2.0,1.0
030_R107,30,R,6,5,OPTIMAL,778.7384,6,3,3,0,3,0.5,709.6495,0.0,69.0889,60,3.0,2.0,1.0
030_R107,30,R,6,6,OPTIMAL,1087.7053,6,5,5,0,1,0.8333,1081.4097,0.0,6.2956,60,3.0,2.0,1.0
030_R107,30,R,6,7,OPTIMAL,709.3542,6,3,2,1,3,0.5,629.6516,0.0,79.7025,60,3.0,2.0,1.0
030_R107,30,R,6,8,OPTIMAL,658.7669,6,3,2,1,3,0.5,654.7821,0.0,3.9848,60,3.0,2.0,1.0
030_R107,30,R,6,9,OPTIMAL,1115.1764,6,5,5,0,1,0.8333,1114.4639,0.0,0.7125,60,3.0,2.0,1.0
030_R109,30,R,2,0,OPTIMAL,245.6678,2,1,1,0,1,0.5,245.5545,0.0,0.1133,60,3.0,2.0,1.0
030_R109,30,R,2,1,OPTIMAL,0.1259,2,0,0,0,2,0.0,0.0,0.0,0.1259,60,3.0,2.0,1.0
030_R109,30,R,2,2,OPTIMAL,360.2213,2,2,2,0,0,1.0,360.2213,0.0,0.0,60,3.0,2.0,1.0
030_R109,30,R,2,3,OPTIMAL,275.3424,2,1,1,0,1,0.5,275.2965,0.0,0.0458,60,3.0,2.0,1.0
030_R109,30,R,2,4,OPTIMAL,391.4194,2,2,2,0,0,1.0,391.4194,0.0,0.0,60,3.0,2.0,1.0
030_R109,30,R,2,5,OPTIMAL,483.3694,2,2,2,0,0,1.0,483.3694,0.0,0.0,60,3.0,2.0,1.0
030_R109,30,R,2,6,OPTIMAL,206.5606,2,1,1,0,1,0.5,180.5622,0.0,25.9984,60,3.0,2.0,1.0
030_R109,30,R,2,7,OPTIMAL,258.0748,2,1,1,0,1,0.5,256.8647,0.0,1.2101,60,3.0,2.0,1.0
030_R109,30,R,2,8,OPTIMAL,112.366,2,0,0,0,2,0.0,0.0,0.0,112.366,60,3.0,2.0,1.0
030_R109,30,R,2,9,OPTIMAL,431.643,2,2,2,0,0,1.0,431.643,0.0,0.0,60,3.0,2.0,1.0
030_R109,30,R,4,0,OPTIMAL,623.4443,4,3,3,0,1,0.75,617.9229,0.0,5.5214,60,3.0,2.0,1.0
030_R109,30,R,4,1,OPTIMAL,654.2106,4,3,3,0,1,0.75,654.0746,0.0,0.136,60,3.0,2.0,1.0
030_R109,30,R,4,2,OPTIMAL,482.2435,4,2,2,0,2,0.5,427.6478,0.0,54.5957,60,3.0,2.0,1.0
030_R109,30,R,4,3,OPTIMAL,472.6031,4,2,2,0,2,0.5,442.4935,0.0,30.1096,60,3.0,2.0,1.0
030_R109,30,R,4,4,OPTIMAL,686.3183,4,3,3,0,1,0.75,658.7282,0.0,27.5901,60,3.0,2.0,1.0
030_R109,30,R,4,5,OPTIMAL,685.6768,4,3,3,0,1,0.75,572.4608,0.0,113.216,60,3.0,2.0,1.0
030_R109,30,R,4,6,OPTIMAL,878.231,4,4,4,0,0,1.0,878.231,0.0,0.0,60,3.0,2.0,1.0
030_R109,30,R,4,7,OPTIMAL,616.5746,4,3,3,0,1,0.75,590.6516,0.0,25.923,60,3.0,2.0,1.0
030_R109,30,R,4,8,OPTIMAL,477.2697,4,2,2,0,2,0.5,457.9128,0.0,19.357,60,3.0,2.0,1.0
030_R109,30,R,4,9,OPTIMAL,531.4358,4,2,2,0,2,0.5,423.2666,0.0,108.1693,60,3.0,2.0,1.0
030_R109,30,R,6,0,OPTIMAL,865.7834,6,4,4,0,2,0.6667,837.3005,0.0,28.4829,60,3.0,2.0,1.0
030_R109,30,R,6,1,OPTIMAL,680.5483,6,3,3,0,3,0.5,624.6545,0.0,55.8938,60,3.0,2.0,1.0
030_R109,30,R,6,2,OPTIMAL,766.1005,6,4,4,0,2,0.6667,745.4943,0.0,20.6062,60,3.0,2.0,1.0
030_R109,30,R,6,3,OPTIMAL,1414.2187,6,6,6,0,0,1.0,1414.2187,0.0,0.0,60,3.0,2.0,1.0
030_R109,30,R,6,4,OPTIMAL,406.5573,6,2,2,0,4,0.3333,399.7482,0.0,6.8091,60,3.0,2.0,1.0
030_R109,30,R,6,5,OPTIMAL,909.8234,6,4,4,0,2,0.6667,886.5271,0.0,23.2962,60,3.0,2.0,1.0
030_R109,30,R,6,6,OPTIMAL,1103.0295,6,5,5,0,1,0.8333,1081.4097,0.0,21.6198,60,3.0,2.0,1.0
030_R109,30,R,6,7,OPTIMAL,949.1948,6,5,5,0,1,0.8333,949.1751,0.0,0.0197,60,3.0,2.0,1.0
030_R109,30,R,6,8,OPTIMAL,847.4766,6,4,4,0,2,0.6667,825.2202,0.0,22.2564,60,3.0,2.0,1.0
030_R109,30,R,6,9,OPTIMAL,1114.7231,6,5,5,0,1,0.8333,1114.4639,0.0,0.2592,60,3.0,2.0,1.0
030_R110,30,R,2,0,OPTIMAL,245.781,2,1,1,0,1,0.5,245.5545,0.0,0.2265,60,3.0,2.0,1.0
030_R110,30,R,2,1,OPTIMAL,0.2691,2,0,0,0,2,0.0,0.0,0.0,0.2691,60,3.0,2.0,1.0
030_R110,30,R,2,2,OPTIMAL,360.2213,2,2,2,0,0,1.0,360.2213,0.0,0.0,60,3.0,2.0,1.0
030_R110,30,R,2,3,OPTIMAL,275.3424,2,1,1,0,1,0.5,275.2965,0.0,0.0458,60,3.0,2.0,1.0
030_R110,30,R,2,4,OPTIMAL,391.4194,2,2,2,0,0,1.0,391.4194,0.0,0.0,60,3.0,2.0,1.0
030_R110,30,R,2,5,OPTIMAL,483.3694,2,2,2,0,0,1.0,483.3694,0.0,0.0,60,3.0,2.0,1.0
030_R110,30,R,2,6,OPTIMAL,196.5197,2,1,1,0,1,0.5,180.5622,0.0,15.9575,60,3.0,2.0,1.0
030_R110,30,R,2,7,OPTIMAL,258.0748,2,1,1,0,1,0.5,256.8647,0.0,1.2101,60,3.0,2.0,1.0
030_R110,30,R,2,8,OPTIMAL,154.5038,2,1,0,1,1,0.5,153.1546,0.0,1.3493,60,3.0,2.0,1.0
030_R110,30,R,2,9,OPTIMAL,431.643,2,2,2,0,0,1.0,431.643,0.0,0.0,60,3.0,2.0,1.0
030_R110,30,R,4,0,OPTIMAL,625.6427,4,3,3,0,1,0.75,617.9229,0.0,7.7198,60,3.0,2.0,1.0
030_R110,30,R,4,1,OPTIMAL,654.2106,4,3,2,1,1,0.75,654.0746,0.0,0.136,60,3.0,2.0,1.0
030_R110,30,R,4,2,OPTIMAL,481.6543,4,2,2,0,2,0.5,427.6478,0.0,54.0065,60,3.0,2.0,1.0
030_R110,30,R,4,3,OPTIMAL,464.1752,4,2,2,0,2,0.5,442.4935,0.0,21.6817,60,3.0,2.0,1.0
030_R110,30,R,4,4,OPTIMAL,658.9323,4,3,3,0,1,0.75,658.7282,0.0,0.2041,60,3.0,2.0,1.0
030_R110,30,R,4,5,OPTIMAL,736.4149,4,4,3,1,0,1.0,736.4149,0.0,0.0,60,3.0,2.0,1.0
030_R110,30,R,4,6,OPTIMAL,878.231,4,4,4,0,0,1.0,878.231,0.0,0.0,60,3.0,2.0,1.0
030_R110,30,R,4,7,OPTIMAL,721.3442,4,4,3,1,0,1.0,721.3442,0.0,0.0,60,3.0,2.0,1.0
030_R110,30,R,4,8,OPTIMAL,489.3661,4,2,2,0,2,0.5,457.9128,0.0,31.4534,60,3.0,2.0,1.0
030_R110,30,R,4,9,OPTIMAL,574.7381,4,3,2,1,1,0.75,571.3232,0.0,3.4149,60,3.0,2.0,1.0
030_R110,30,R,6,0,OPTIMAL,960.7513,6,5,4,1,1,0.8333,960.6579,0.0,0.0934,60,3.0,2.0,1.0
030_R110,30,R,6,1,OPTIMAL,733.035,6,4,3,1,2,0.6667,726.8237,0.0,6.2113,60,3.0,2.0,1.0
030_R110,30,R,6,2,OPTIMAL,835.3058,6,5,4,1,1,0.8333,835.2767,0.0,0.0291,60,3.0,2.0,1.0
030_R110,30,R,6,3,OPTIMAL,1414.2187,6,6,6,0,0,1.0,1414.2187,0.0,0.0,60,3.0,2.0,1.0
030_R110,30,R,6,4,OPTIMAL,592.0585,6,3,3,0,3,0.5,573.1817,0.0,18.8768,60,3.0,2.0,1.0
030_R110,30,R,6,5,OPTIMAL,918.8019,6,4,4,0,2,0.6667,886.5271,0.0,32.2748,60,3.0,2.0,1.0
030_R110,30,R,6,6,OPTIMAL,1215.0979,6,6,5,1,0,1.0,1215.0979,0.0,0.0,60,3.0,2.0,1.0
030_R110,30,R,6,7,OPTIMAL,692.0253,6,3,2,1,3,0.5,629.6516,0.0,62.3737,60,3.0,2.0,1.0
030_R110,30,R,6,8,OPTIMAL,950.3291,6,5,3,2,1,0.8333,948.5485,0.0,1.7806,60,3.0,2.0,1.0
030_R110,30,R,6,9,OPTIMAL,1115.4561,6,5,5,0,1,0.8333,1114.4639,0.0,0.9923,60,3.0,2.0,1.0
030_R111,30,R,2,0,OPTIMAL,245.781,2,1,1,0,1,0.5,245.5545,0.0,0.2265,60,3.0,2.0,1.0
030_R111,30,R,2,1,OPTIMAL,0.377,2,0,0,0,2,0.0,0.0,0.0,0.377,60,3.0,2.0,1.0
030_R111,30,R,2,2,OPTIMAL,360.2213,2,2,2,0,0,1.0,360.2213,0.0,0.0,60,3.0,2.0,1.0
030_R111,30,R,2,3,OPTIMAL,275.3882,2,1,1,0,1,0.5,275.2965,0.0,0.0917,60,3.0,2.0,1.0
030_R111,30,R,2,4,OPTIMAL,391.4194,2,2,2,0,0,1.0,391.4194,0.0,0.0,60,3.0,2.0,1.0
030_R111,30,R,2,5,OPTIMAL,483.3694,2,2,2,0,0,1.0,483.3694,0.0,0.0,60,3.0,2.0,1.0
030_R111,30,R,2,6,OPTIMAL,185.5008,2,1,1,0,1,0.5,180.5622,0.0,4.9386,60,3.0,2.0,1.0
030_R111,30,R,2,7,OPTIMAL,259.2849,2,1,1,0,1,0.5,256.8647,0.0,2.4202,60,3.0,2.0,1.0
030_R111,30,R,2,8,OPTIMAL,154.5038,2,1,0,1,1,0.5,153.1546,0.0,1.3493,60,3.0,2.0,1.0
030_R111,30,R,2,9,OPTIMAL,431.643,2,2,1,1,0,1.0,431.643,0.0,0.0,60,3.0,2.0,1.0
030_R111,30,R,4,0,OPTIMAL,625.6427,4,3,3,0,1,0.75,617.9229,0.0,7.7198,60,3.0,2.0,1.0
030_R111,30,R,4,1,OPTIMAL,544.2618,4,2,2,0,2,0.5,495.9416,2.8431,45.4772,60,3.0,2.0,1.0
030_R111,30,R,4,2,OPTIMAL,485.3855,4,2,2,0,2,0.5,427.6478,0.279,57.4587,60,3.0,2.0,1.0
030_R111,30,R,4,3,OPTIMAL,458.0009,4,2,2,0,2,0.5,442.4935,0.0,15.5074,60,3.0,2.0,1.0
030_R111,30,R,4,4,OPTIMAL,693.9223,4,3,3,0,1,0.75,658.7282,0.0,35.1941,60,3.0,2.0,1.0
030_R111,30,R,4,5,OPTIMAL,736.4149,4,4,3,1,0,1.0,736.4149,0.0,0.0,60,3.0,2.0,1.0
030_R111,30,R,4,6,OPTIMAL,878.231,4,4,4,0,0,1.0,878.231,0.0,0.0,60,3.0,2.0,1.0
030_R111,30,R,4,7,OPTIMAL,592.503,4,3,2,1,1,0.75,590.6516,0.0,1.8513,60,3.0,2.0,1.0
030_R111,30,R,4,8,OPTIMAL,458.678,4,2,2,0,2,0.5,457.9128,0.0,0.7653,60,3.0,2.0,1.0
030_R111,30,R,4,9,OPTIMAL,578.153,4,3,2,1,1,0.75,571.3232,0.0,6.8298,60,3.0,2.0,1.0
030_R111,30,R,6,0,OPTIMAL,744.241,6,3,3,0,3,0.5,672.3313,6.3557,65.554,60,3.0,2.0,1.0
030_R111,30,R,6,1,OPTIMAL,663.2347,6,3,3,0,3,0.5,624.6545,0.0,38.5802,60,3.0,2.0,1.0
030_R111,30,R,6,2,OPTIMAL,496.863,6,2,2,0,4,0.3333,393.8845,0.0,102.9785,60,3.0,2.0,1.0
030_R111,30,R,6,3,OPTIMAL,1414.2187,6,6,6,0,0,1.0,1414.2187,0.0,0.0,60,3.0,2.0,1.0
030_R111,30,R,6,4,OPTIMAL,591.2288,6,3,3,0,3,0.5,573.1817,0.0,18.0471,60,3.0,2.0,1.0
030_R111,30,R,6,5,OPTIMAL,759.0797,6,3,3,0,3,0.5,709.6495,0.0,49.4302,60,3.0,2.0,1.0
030_R111,30,R,6,6,OPTIMAL,1085.2661,6,5,5,0,1,0.8333,1081.4097,0.0,3.8564,60,3.0,2.0,1.0
030_R111,30,R,6,7,OPTIMAL,709.3542,6,3,2,1,3,0.5,629.6516,0.0,79.7025,60,3.0,2.0,1.0
030_R111,30,R,6,8,OPTIMAL,680.6119,6,3,2,1,3,0.5,654.7821,0.0,25.8298,60,3.0,2.0,1.0
030_R111,30,R,6,9,OPTIMAL,1115.5008,6,5,5,0,1,0.8333,1114.4639,0.0,1.0369,60,3.0,2.0,1.0
030_R201,30,R,2,0,OPTIMAL,304.1839,2,2,2,0,0,1.0,304.1839,0.0,0.0,60,3.0,2.0,1.0
030_R201,30,R,2,1,OPTIMAL,121.0197,2,1,1,0,1,0.5,118.1104,0.0,2.9094,60,3.0,2.0,1.0
030_R201,30,R,2,2,OPTIMAL,360.2213,2,2,2,0,0,1.0,360.2213,0.0,0.0,60,3.0,2.0,1.0
030_R201,30,R,2,3,OPTIMAL,371.9666,2,2,2,0,0,1.0,371.9666,0.0,0.0,60,3.0,2.0,1.0
030_R201,30,R,2,4,OPTIMAL,391.4194,2,2,2,0,0,1.0,391.4194,0.0,0.0,60,3.0,2.0,1.0
030_R201,30,R,2,5,OPTIMAL,483.3694,2,2,2,0,0,1.0,483.3694,0.0,0.0,60,3.0,2.0,1.0
030_R201,30,R,2,6,OPTIMAL,24.6964,2,0,0,0,2,0.0,0.0,0.0,24.6964,60,3.0,2.0,1.0
030_R201,30,R,2,7,OPTIMAL,265.1085,2,1,1,0,1,0.5,256.8647,0.0,8.2439,60,3.0,2.0,1.0
030_R201,30,R,2,8,OPTIMAL,163.4376,2,1,1,0,1,0.5,153.1546,0.0,10.283,60,3.0,2.0,1.0
030_R201,30,R,2,9,OPTIMAL,431.643,2,2,2,0,0,1.0,431.643,0.0,0.0,60,3.0,2.0,1.0
030_R201,30,R,4,0,OPTIMAL,574.6065,4,3,3,0,1,0.75,563.5664,0.0,11.0401,60,3.0,2.0,1.0
030_R201,30,R,4,1,OPTIMAL,772.0991,4,4,4,0,0,1.0,772.0991,0.0,0.0,60,3.0,2.0,1.0
030_R201,30,R,4,2,OPTIMAL,484.4383,4,3,3,0,1,0.75,483.4242,0.0,1.014,60,3.0,2.0,1.0
030_R201,30,R,4,3,OPTIMAL,489.8395,4,3,2,1,1,0.75,485.4256,0.0,4.4139,60,3.0,2.0,1.0
030_R201,30,R,4,4,OPTIMAL,802.211,4,4,4,0,0,1.0,802.211,0.0,0.0,60,3.0,2.0,1.0
030_R201,30,R,4,5,OPTIMAL,736.4149,4,4,4,0,0,1.0,736.4149,0.0,0.0,60,3.0,2.0,1.0
030_R201,30,R,4,6,OPTIMAL,878.231,4,4,4,0,0,1.0,878.231,0.0,0.0,60,3.0,2.0,1.0
030_R201,30,R,4,7,OPTIMAL,721.3442,4,4,4,0,0,1.0,721.3442,0.0,0.0,60,3.0,2.0,1.0
030_R201,30,R,4,8,OPTIMAL,569.1317,4,3,3,0,1,0.75,557.359,0.0,11.7728,60,3.0,2.0,1.0
030_R201,30,R,4,9,OPTIMAL,567.1947,4,3,3,0,1,0.75,549.5517,0.0,17.643,60,3.0,2.0,1.0
030_R201,30,R,6,0,OPTIMAL,974.9959,6,5,4,1,1,0.8333,960.6579,0.0,14.338,60,3.0,2.0,1.0
030_R201,30,R,6,1,OPTIMAL,733.3583,6,4,4,0,2,0.6667,725.0106,0.0,8.3477,60,3.0,2.0,1.0
030_R201,30,R,6,2,OPTIMAL,854.1667,6,5,5,0,1,0.8333,835.2767,0.0,18.89,60,3.0,2.0,1.0
030_R201,30,R,6,3,OPTIMAL,1414.2187,6,6,6,0,0,1.0,1414.2187,0.0,0.0,60,3.0,2.0,1.0
030_R201,30,R,6,4,OPTIMAL,659.8733,6,4,3,1,2,0.6667,641.4478,0.0,18.4255,60,3.0,2.0,1.0
030_R201,30,R,6,5,OPTIMAL,1083.337,6,6,6,0,0,1.0,1083.337,0.0,0.0,60,3.0,2.0,1.0
030_R201,30,R,6,6,OPTIMAL,1215.0979,6,6,6,0,0,1.0,1215.0979,0.0,0.0,60,3.0,2.0,1.0
030_R201,30,R,6,7,OPTIMAL,1054.4517,6,6,6,0,0,1.0,1054.4517,0.0,0.0,60,3.0,2.0,1.0
030_R201,30,R,6,8,OPTIMAL,683.3093,6,3,3,0,3,0.5,654.7821,0.0,28.5272,60,3.0,2.0,1.0
030_R201,30,R,6,9,OPTIMAL,1145.0785,6,6,6,0,0,1.0,1145.0785,0.0,0.0,60,3.0,2.0,1.0
030_R205,30,R,2,0,OPTIMAL,304.1839,2,2,2,0,0,1.0,304.1839,0.0,0.0,60,3.0,2.0,1.0
030_R205,30,R,2,1,OPTIMAL,118.173,2,1,1,0,1,0.5,118.1104,0.0,0.0626,60,3.0,2.0,1.0
030_R205,30,R,2,2,OPTIMAL,219.5804,2,1,1,0,1,0.5,181.8603,0.0,37.7201,60,3.0,2.0,1.0
030_R205,30,R,2,3,OPTIMAL,371.9666,2,2,2,0,0,1.0,371.9666,0.0,0.0,60,3.0,2.0,1.0
030_R205,30,R,2,4,OPTIMAL,391.4194,2,2,2,0,0,1.0,391.4194,0.0,0.0,60,3.0,2.0,1.0
030_R205,30,R,2,5,OPTIMAL,483.3694,2,2,2,0,0,1.0,483.3694,0.0,0.0,60,3.0,2.0,1.0
030_R205,30,R,2,6,OPTIMAL,162.9691,2,1,1,0,1,0.5,109.5344,0.0,53.4347,60,3.0,2.0,1.0
030_R205,30,R,2,7,OPTIMAL,272.6433,2,1,1,0,1,0.5,256.8647,0.0,15.7786,60,3.0,2.0,1.0
030_R205,30,R,2,8,OPTIMAL,142.5004,2,1,1,0,1,0.5,64.6981,0.0,77.8024,60,3.0,2.0,1.0
030_R205,30,R,2,9,OPTIMAL,431.643,2,2,2,0,0,1.0,431.643,0.0,0.0,60,3.0,2.0,1.0
030_R205,30,R,4,0,OPTIMAL,778.5102,4,4,4,0,0,1.0,778.5102,0.0,0.0,60,3.0,2.0,1.0
030_R205,30,R,4,1,OPTIMAL,644.7664,4,3,2,1,1,0.75,613.966,0.0,30.8003,60,3.0,2.0,1.0
030_R205,30,R,4,2,OPTIMAL,659.5216,4,4,4,0,0,1.0,659.5216,0.0,0.0,60,3.0,2.0,1.0
030_R205,30,R,4,3,OPTIMAL,302.9312,4,2,2,0,2,0.5,262.1213,0.0,40.8099,60,3.0,2.0,1.0
030_R205,30,R,4,4,OPTIMAL,608.4382,4,3,3,0,1,0.75,608.2611,0.0,0.1771,60,3.0,2.0,1.0
030_R205,30,R,4,5,OPTIMAL,736.4149,4,4,4,0,0,1.0,736.4149,0.0,0.0,60,3.0,2.0,1.0
030_R205,30,R,4,6,OPTIMAL,878.231,4,4,4,0,0,1.0,878.231,0.0,0.0,60,3.0,2.0,1.0
030_R205,30,R,4,7,OPTIMAL,721.3442,4,4,4,0,0,1.0,721.3442,0.0,0.0,60,3.0,2.0,1.0
030_R205,30,R,4,8,OPTIMAL,576.101,4,3,3,0,1,0.75,574.9554,0.0,1.1456,60,3.0,2.0,1.0
030_R205,30,R,4,9,OPTIMAL,585.8656,4,3,3,0,1,0.75,571.3232,0.0,14.5424,60,3.0,2.0,1.0
030_R205,30,R,6,0,OPTIMAL,1071.1095,6,6,4,2,0,1.0,1071.1095,0.0,0.0,60,3.0,2.0,1.0
030_R205,30,R,6,1,OPTIMAL,738.1625,6,4,4,0,2,0.6667,726.8237,0.0,11.3388,60,3.0,2.0,1.0
030_R205,30,R,6,2,OPTIMAL,703.7252,6,4,4,0,2,0.6667,662.555,0.0,41.1702,60,3.0,2.0,1.0
030_R205,30,R,6,3,OPTIMAL,1414.2187,6,6,6,0,0,1.0,1414.2187,0.0,0.0,60,3.0,2.0,1.0
030_R205,30,R,6,4,OPTIMAL,670.655,6,4,4,0,2,0.6667,641.4478,0.0,29.2072,60,3.0,2.0,1.0
030_R205,30,R,6,5,OPTIMAL,1049.8296,6,5,5,0,1,0.8333,1009.0718,0.0,40.7578,60,3.0,2.0,1.0
030_R205,30,R,6,6,OPTIMAL,1096.0216,6,5,5,0,1,0.8333,1081.4097,0.0,14.6119,60,3.0,2.0,1.0
030_R205,30,R,6,7,OPTIMAL,916.5131,6,5,5,0,1,0.8333,900.1916,0.0,16.3214,60,3.0,2.0,1.0
030_R205,30,R,6,8,OPTIMAL,1053.5912,6,6,6,0,0,1.0,1053.5912,0.0,0.0,60,3.0,2.0,1.0
030_R205,30,R,6,9,OPTIMAL,1145.0785,6,6,6,0,0,1.0,1145.0785,0.0,0.0,60,3.0,2.0,1.0
030_R209,30,R,2,0,OPTIMAL,304.1839,2,2,2,0,0,1.0,304.1839,0.0,0.0,60,3.0,2.0,1.0
030_R209,30,R,2,1,OPTIMAL,118.173,2,1,1,0,1,0.5,118.1104,0.0,0.0626,60,3.0,2.0,1.0
030_R209,30,R,2,2,OPTIMAL,360.2213,2,2,2,0,0,1.0,360.2213,0.0,0.0,60,3.0,2.0,1.0
030_R209,30,R,2,3,OPTIMAL,371.9666,2,2,2,0,0,1.0,371.9666,0.0,0.0,60,3.0,2.0,1.0
030_R209,30,R,2,4,OPTIMAL,391.4194,2,2,2,0,0,1.0,391.4194,0.0,0.0,60,3.0,2.0,1.0
030_R209,30,R,2,5,OPTIMAL,483.3694,2,2,2,0,0,1.0,483.3694,0.0,0.0,60,3.0,2.0,1.0
030_R209,30,R,2,6,OPTIMAL,119.9425,2,1,1,0,1,0.5,109.5344,0.0,10.4081,60,3.0,2.0,1.0
030_R209,30,R,2,7,OPTIMAL,307.6046,2,2,2,0,0,1.0,307.6046,0.0,0.0,60,3.0,2.0,1.0
030_R209,30,R,2,8,OPTIMAL,217.8527,2,2,2,0,0,1.0,217.8527,0.0,0.0,60,3.0,2.0,1.0
030_R209,30,R,2,9,OPTIMAL,431.643,2,2,2,0,0,1.0,431.643,0.0,0.0,60,3.0,2.0,1.0
030_R209,30,R,4,0,OPTIMAL,617.9229,4,3,3,0,1,0.75,617.9229,0.0,0.0,60,3.0,2.0,1.0
030_R209,30,R,4,1,OPTIMAL,772.0991,4,4,4,0,0,1.0,772.0991,0.0,0.0,60,3.0,2.0,1.0
030_R209,30,R,4,2,OPTIMAL,495.8055,4,3,3,0,1,0.75,461.2009,0.0,34.6047,60,3.0,2.0,1.0
030_R209,30,R,4,3,OPTIMAL,557.6198,4,3,3,0,1,0.75,552.4887,0.0,5.131,60,3.0,2.0,1.0
030_R209,30,R,4,4,OPTIMAL,608.4382,4,3,3,0,1,0.75,608.2611,0.0,0.1771,60,3.0,2.0,1.0
030_R209,30,R,4,5,OPTIMAL,736.4149,4,4,4,0,0,1.0,736.4149,0.0,0.0,60,3.0,2.0,1.0
030_R209,30,R,4,6,OPTIMAL,878.231,4,4,4,0,0,1.0,878.231,0.0,0.0,60,3.0,2.0,1.0
030_R209,30,R,4,7,OPTIMAL,721.3442,4,4,4,0,0,1.0,721.3442,0.0,0.0,60,3.0,2.0,1.0
030_R209,30,R,4,8,OPTIMAL,576.101,4,3,3,0,1,0.75,574.9554,0.0,1.1456,60,3.0,2.0,1.0
030_R209,30,R,4,9,OPTIMAL,491.2874,4,3,2,1,1,0.75,490.6005,0.0,0.6869,60,3.0,2.0,1.0
030_R209,30,R,6,0,OPTIMAL,932.351,6,5,3,2,1,0.8333,906.1404,0.0,26.2106,60,3.0,2.0,1.0
030_R209,30,R,6,1,OPTIMAL,656.1132,6,4,4,0,2,0.6667,621.4903,0.0,34.6229,60,3.0,2.0,1.0
030_R209,30,R,6,2,OPTIMAL,822.9119,6,5,5,0,1,0.8333,805.4814,0.0,17.4305,60,3.0,2.0,1.0
030_R209,30,R,6,3,OPTIMAL,1209.2192,6,5,5,0,1,0.8333,1207.157,0.0,2.0622,60,3.0,2.0,1.0
030_R209,30,R,6,4,OPTIMAL,729.599,6,5,4,1,1,0.8333,725.0198,0.0,4.5792,60,3.0,2.0,1.0
030_R209,30,R,6,5,OPTIMAL,1010.795,6,5,5,0,1,0.8333,1009.0718,0.0,1.7232,60,3.0,2.0,1.0
030_R209,30,R,6,6,OPTIMAL,709.3693,6,3,3,0,3,0.5,672.8809,0.0,36.4884,60,3.0,2.0,1.0
030_R209,30,R,6,7,OPTIMAL,1054.4517,6,6,5,1,0,1.0,1054.4517,0.0,0.0,60,3.0,2.0,1.0
030_R209,30,R,6,8,OPTIMAL,1053.5912,6,6,6,0,0,1.0,1053.5912,0.0,0.0,60,3.0,2.0,1.0
030_R209,30,R,6,9,OPTIMAL,1123.4814,6,5,5,0,1,0.8333,1114.4639,0.0,9.0175,60,3.0,2.0,1.0
030_RC101,30,RC,2,0,OPTIMAL,424.9451,2,2,2,0,0,1.0,424.9451,0.0,0.0,60,3.0,2.0,1.0
030_RC101,30,RC,2,1,OPTIMAL,467.1775,2,2,2,0,0,1.0,467.1775,0.0,0.0,60,3.0,2.0,1.0
030_RC101,30,RC,2,2,OPTIMAL,556.8147,2,2,2,0,0,1.0,556.8147,0.0,0.0,60,3.0,2.0,1.0
030_RC101,30,RC,2,3,OPTIMAL,463.9273,2,2,2,0,0,1.0,463.9273,0.0,0.0,60,3.0,2.0,1.0
030_RC101,30,RC,2,4,OPTIMAL,447.3156,2,2,2,0,0,1.0,447.3156,0.0,0.0,60,3.0,2.0,1.0
030_RC101,30,RC,2,5,OPTIMAL,531.6382,2,2,2,0,0,1.0,531.6382,0.0,0.0,60,3.0,2.0,1.0
030_RC101,30,RC,2,6,OPTIMAL,437.9878,2,2,2,0,0,1.0,437.9878,0.0,0.0,60,3.0,2.0,1.0
030_RC101,30,RC,2,7,OPTIMAL,503.9326,2,2,2,0,0,1.0,503.9326,0.0,0.0,60,3.0,2.0,1.0
030_RC101,30,RC,2,8,OPTIMAL,434.3701,2,2,2,0,0,1.0,434.3701,0.0,0.0,60,3.0,2.0,1.0
030_RC101,30,RC,2,9,OPTIMAL,448.4795,2,2,2,0,0,1.0,448.4795,0.0,0.0,60,3.0,2.0,1.0
030_RC101,30,RC,4,0,OPTIMAL,952.6562,4,4,4,0,0,1.0,952.6562,0.0,0.0,60,3.0,2.0,1.0
030_RC101,30,RC,4,1,OPTIMAL,1016.4066,4,4,4,0,0,1.0,1016.4066,0.0,0.0,60,3.0,2.0,1.0
030_RC101,30,RC,4,2,OPTIMAL,890.4551,4,4,4,0,0,1.0,890.4551,0.0,0.0,60,3.0,2.0,1.0
030_RC101,30,RC,4,3,OPTIMAL,1132.9878,4,4,4,0,0,1.0,1132.9878,0.0,0.0,60,3.0,2.0,1.0
030_RC101,30,RC,4,4,OPTIMAL,931.1058,4,4,4,0,0,1.0,931.1058,0.0,0.0,60,3.0,2.0,1.0
030_RC101,30,RC,4,5,OPTIMAL,946.8366,4,4,4,0,0,1.0,946.8366,0.0,0.0,60,3.0,2.0,1.0
030_RC101,30,RC,4,6,OPTIMAL,1011.6266,4,4,4,0,0,1.0,1011.6266,0.0,0.0,60,3.0,2.0,1.0
030_RC101,30,RC,4,7,OPTIMAL,1053.5155,4,4,4,0,0,1.0,1053.5155,0.0,0.0,60,3.0,2.0,1.0
030_RC101,30,RC,4,8,OPTIMAL,908.0765,4,4,4,0,0,1.0,908.0765,0.0,0.0,60,3.0,2.0,1.0
030_RC101,30,RC,4,9,OPTIMAL,868.3505,4,4,4,0,0,1.0,868.3505,0.0,0.0,60,3.0,2.0,1.0
030_RC101,30,RC,6,0,OPTIMAL,1470.3694,6,6,6,0,0,1.0,1470.3694,0.0,0.0,60,3.0,2.0,1.0
030_RC101,30,RC,6,1,OPTIMAL,1590.2065,6,6,6,0,0,1.0,1590.2065,0.0,0.0,60,3.0,2.0,1.0
030_RC101,30,RC,6,2,OPTIMAL,1474.3949,6,6,6,0,0,1.0,1474.3949,0.0,0.0,60,3.0,2.0,1.0
030_RC101,30,RC,6,3,OPTIMAL,1541.9966,6,6,6,0,0,1.0,1541.9966,0.0,0.0,60,3.0,2.0,1.0
030_RC101,30,RC,6,4,OPTIMAL,1318.5687,6,6,6,0,0,1.0,1318.5687,0.0,0.0,60,3.0,2.0,1.0
030_RC101,30,RC,6,5,OPTIMAL,1536.9747,6,6,6,0,0,1.0,1536.9747,0.0,0.0,60,3.0,2.0,1.0
030_RC101,30,RC,6,6,OPTIMAL,1389.0931,6,6,6,0,0,1.0,1389.0931,0.0,0.0,60,3.0,2.0,1.0
030_RC101,30,RC,6,7,OPTIMAL,1403.2992,6,6,6,0,0,1.0,1403.2992,0.0,0.0,60,3.0,2.0,1.0
030_RC101,30,RC,6,8,OPTIMAL,1362.9046,6,6,6,0,0,1.0,1362.9046,0.0,0.0,60,3.0,2.0,1.0
030_RC101,30,RC,6,9,OPTIMAL,1565.3985,6,6,6,0,0,1.0,1565.3985,0.0,0.0,60,3.0,2.0,1.0
030_RC102,30,RC,2,0,OPTIMAL,424.9451,2,2,2,0,0,1.0,424.9451,0.0,0.0,60,3.0,2.0,1.0
030_RC102,30,RC,2,1,OPTIMAL,467.1775,2,2,2,0,0,1.0,467.1775,0.0,0.0,60,3.0,2.0,1.0
030_RC102,30,RC,2,2,OPTIMAL,556.8147,2,2,2,0,0,1.0,556.8147,0.0,0.0,60,3.0,2.0,1.0
030_RC102,30,RC,2,3,OPTIMAL,463.9273,2,2,2,0,0,1.0,463.9273,0.0,0.0,60,3.0,2.0,1.0
030_RC102,30,RC,2,4,OPTIMAL,447.3156,2,2,2,0,0,1.0,447.3156,0.0,0.0,60,3.0,2.0,1.0
030_RC102,30,RC,2,5,OPTIMAL,531.6382,2,2,2,0,0,1.0,531.6382,0.0,0.0,60,3.0,2.0,1.0
030_RC102,30,RC,2,6,OPTIMAL,437.9878,2,2,2,0,0,1.0,437.9878,0.0,0.0,60,3.0,2.0,1.0
030_RC102,30,RC,2,7,OPTIMAL,503.9326,2,2,2,0,0,1.0,503.9326,0.0,0.0,60,3.0,2.0,1.0
030_RC102,30,RC,2,8,OPTIMAL,434.3701,2,2,2,0,0,1.0,434.3701,0.0,0.0,60,3.0,2.0,1.0
030_RC102,30,RC,2,9,OPTIMAL,448.4795,2,2,2,0,0,1.0,448.4795,0.0,0.0,60,3.0,2.0,1.0
030_RC102,30,RC,4,0,OPTIMAL,952.6562,4,4,4,0,0,1.0,952.6562,0.0,0.0,60,3.0,2.0,1.0
030_RC102,30,RC,4,1,OPTIMAL,1016.4066,4,4,4,0,0,1.0,1016.4066,0.0,0.0,60,3.0,2.0,1.0
030_RC102,30,RC,4,2,OPTIMAL,890.4551,4,4,4,0,0,1.0,890.4551,0.0,0.0,60,3.0,2.0,1.0
030_RC102,30,RC,4,3,OPTIMAL,1132.9878,4,4,4,0,0,1.0,1132.9878,0.0,0.0,60,3.0,2.0,1.0
030_RC102,30,RC,4,4,OPTIMAL,931.1058,4,4,4,0,0,1.0,931.1058,0.0,0.0,60,3.0,2.0,1.0
030_RC102,30,RC,4,5,OPTIMAL,946.8366,4,4,4,0,0,1.0,946.8366,0.0,0.0,60,3.0,2.0,1.0
030_RC102,30,RC,4,6,OPTIMAL,1011.6266,4,4,4,0,0,1.0,1011.6266,0.0,0.0,60,3.0,2.0,1.0
030_RC102,30,RC,4,7,OPTIMAL,1053.5155,4,4,4,0,0,1.0,1053.5155,0.0,0.0,60,3.0,2.0,1.0
030_RC102,30,RC,4,8,OPTIMAL,908.0765,4,4,4,0,0,1.0,908.0765,0.0,0.0,60,3.0,2.0,1.0
030_RC102,30,RC,4,9,OPTIMAL,868.3505,4,4,4,0,0,1.0,868.3505,0.0,0.0,60,3.0,2.0,1.0
030_RC102,30,RC,6,0,OPTIMAL,1470.3694,6,6,6,0,0,1.0,1470.3694,0.0,0.0,60,3.0,2.0,1.0
030_RC102,30,RC,6,1,OPTIMAL,1590.2065,6,6,6,0,0,1.0,1590.2065,0.0,0.0,60,3.0,2.0,1.0
030_RC102,30,RC,6,2,OPTIMAL,1474.3949,6,6,6,0,0,1.0,1474.3949,0.0,0.0,60,3.0,2.0,1.0
030_RC102,30,RC,6,3,OPTIMAL,1541.9966,6,6,6,0,0,1.0,1541.9966,0.0,0.0,60,3.0,2.0,1.0
030_RC102,30,RC,6,4,OPTIMAL,1318.5687,6,6,6,0,0,1.0,1318.5687,0.0,0.0,60,3.0,2.0,1.0
030_RC102,30,RC,6,5,OPTIMAL,1536.9747,6,6,6,0,0,1.0,1536.9747,0.0,0.0,60,3.0,2.0,1.0
030_RC102,30,RC,6,6,OPTIMAL,1389.0931,6,6,6,0,0,1.0,1389.0931,0.0,0.0,60,3.0,2.0,1.0
030_RC102,30,RC,6,7,OPTIMAL,1403.2992,6,6,6,0,0,1.0,1403.2992,0.0,0.0,60,3.0,2.0,1.0
030_RC102,30,RC,6,8,OPTIMAL,1362.9046,6,6,6,0,0,1.0,1362.9046,0.0,0.0,60,3.0,2.0,1.0
030_RC102,30,RC,6,9,OPTIMAL,1565.3985,6,6,6,0,0,1.0,1565.3985,0.0,0.0,60,3.0,2.0,1.0
030_RC105,30,RC,2,0,OPTIMAL,424.9451,2,2,2,0,0,1.0,424.9451,0.0,0.0,60,3.0,2.0,1.0
030_RC105,30,RC,2,1,OPTIMAL,467.1775,2,2,2,0,0,1.0,467.1775,0.0,0.0,60,3.0,2.0,1.0
030_RC105,30,RC,2,2,OPTIMAL,556.8147,2,2,2,0,0,1.0,556.8147,0.0,0.0,60,3.0,2.0,1.0
030_RC105,30,RC,2,3,OPTIMAL,463.9273,2,2,2,0,0,1.0,463.9273,0.0,0.0,60,3.0,2.0,1.0
030_RC105,30,RC,2,4,OPTIMAL,447.3156,2,2,2,0,0,1.0,447.3156,0.0,0.0,60,3.0,2.0,1.0
030_RC105,30,RC,2,5,OPTIMAL,531.6382,2,2,2,0,0,1.0,531.6382,0.0,0.0,60,3.0,2.0,1.0
030_RC105,30,RC,2,6,OPTIMAL,437.9878,2,2,2,0,0,1.0,437.9878,0.0,0.0,60,3.0,2.0,1.0
030_RC105,30,RC,2,7,OPTIMAL,503.9326,2,2,2,0,0,1.0,503.9326,0.0,0.0,60,3.0,2.0,1.0
030_RC105,30,RC,2,8,OPTIMAL,434.3701,2,2,2,0,0,1.0,434.3701,0.0,0.0,60,3.0,2.0,1.0
030_RC105,30,RC,2,9,OPTIMAL,448.4795,2,2,2,0,0,1.0,448.4795,0.0,0.0,60,3.0,2.0,1.0
030_RC105,30,RC,4,0,OPTIMAL,952.6562,4,4,4,0,0,1.0,952.6562,0.0,0.0,60,3.0,2.0,1.0
030_RC105,30,RC,4,1,OPTIMAL,1016.4066,4,4,4,0,0,1.0,1016.4066,0.0,0.0,60,3.0,2.0,1.0
030_RC105,30,RC,4,2,OPTIMAL,890.4551,4,4,4,0,0,1.0,890.4551,0.0,0.0,60,3.0,2.0,1.0
030_RC105,30,RC,4,3,OPTIMAL,1132.9878,4,4,4,0,0,1.0,1132.9878,0.0,0.0,60,3.0,2.0,1.0
030_RC105,30,RC,4,4,OPTIMAL,931.1058,4,4,4,0,0,1.0,931.1058,0.0,0.0,60,3.0,2.0,1.0
030_RC105,30,RC,4,5,OPTIMAL,946.8366,4,4,4,0,0,1.0,946.8366,0.0,0.0,60,3.0,2.0,1.0
030_RC105,30,RC,4,6,OPTIMAL,1011.6266,4,4,4,0,0,1.0,1011.6266,0.0,0.0,60,3.0,2.0,1.0
030_RC105,30,RC,4,7,OPTIMAL,1053.5155,4,4,4,0,0,1.0,1053.5155,0.0,0.0,60,3.0,2.0,1.0
030_RC105,30,RC,4,8,OPTIMAL,908.0765,4,4,4,0,0,1.0,908.0765,0.0,0.0,60,3.0,2.0,1.0
030_RC105,30,RC,4,9,OPTIMAL,868.3505,4,4,4,0,0,1.0,868.3505,0.0,0.0,60,3.0,2.0,1.0
030_RC105,30,RC,6,0,OPTIMAL,1470.3694,6,6,6,0,0,1.0,1470.3694,0.0,0.0,60,3.0,2.0,1.0
030_RC105,30,RC,6,1,OPTIMAL,1590.2065,6,6,6,0,0,1.0,1590.2065,0.0,0.0,60,3.0,2.0,1.0
030_RC105,30,RC,6,2,OPTIMAL,1474.3949,6,6,6,0,0,1.0,1474.3949,0.0,0.0,60,3.0,2.0,1.0
030_RC105,30,RC,6,3,OPTIMAL,1541.9966,6,6,6,0,0,1.0,1541.9966,0.0,0.0,60,3.0,2.0,1.0
030_RC105,30,RC,6,4,OPTIMAL,1318.5687,6,6,6,0,0,1.0,1318.5687,0.0,0.0,60,3.0,2.0,1.0
030_RC105,30,RC,6,5,OPTIMAL,1536.9747,6,6,6,0,0,1.0,1536.9747,0.0,0.0,60,3.0,2.0,1.0
030_RC105,30,RC,6,6,OPTIMAL,1389.0931,6,6,6,0,0,1.0,1389.0931,0.0,0.0,60,3.0,2.0,1.0
030_RC105,30,RC,6,7,OPTIMAL,1403.2992,6,6,6,0,0,1.0,1403.2992,0.0,0.0,60,3.0,2.0,1.0
030_RC105,30,RC,6,8,OPTIMAL,1362.9046,6,6,6,0,0,1.0,1362.9046,0.0,0.0,60,3.0,2.0,1.0
030_RC105,30,RC,6,9,OPTIMAL,1565.3985,6,6,6,0,0,1.0,1565.3985,0.0,0.0,60,3.0,2.0,1.0
030_RC106,30,RC,2,0,OPTIMAL,424.9451,2,2,2,0,0,1.0,424.9451,0.0,0.0,60,3.0,2.0,1.0
030_RC106,30,RC,2,1,OPTIMAL,467.1775,2,2,2,0,0,1.0,467.1775,0.0,0.0,60,3.0,2.0,1.0
030_RC106,30,RC,2,2,OPTIMAL,556.8147,2,2,2,0,0,1.0,556.8147,0.0,0.0,60,3.0,2.0,1.0
030_RC106,30,RC,2,3,OPTIMAL,463.9273,2,2,2,0,0,1.0,463.9273,0.0,0.0,60,3.0,2.0,1.0
030_RC106,30,RC,2,4,OPTIMAL,447.3156,2,2,2,0,0,1.0,447.3156,0.0,0.0,60,3.0,2.0,1.0
030_RC106,30,RC,2,5,OPTIMAL,531.6382,2,2,2,0,0,1.0,531.6382,0.0,0.0,60,3.0,2.0,1.0
030_RC106,30,RC,2,6,OPTIMAL,437.9878,2,2,2,0,0,1.0,437.9878,0.0,0.0,60,3.0,2.0,1.0
030_RC106,30,RC,2,7,OPTIMAL,503.9326,2,2,2,0,0,1.0,503.9326,0.0,0.0,60,3.0,2.0,1.0
030_RC106,30,RC,2,8,OPTIMAL,434.3701,2,2,2,0,0,1.0,434.3701,0.0,0.0,60,3.0,2.0,1.0
030_RC106,30,RC,2,9,OPTIMAL,448.4795,2,2,2,0,0,1.0,448.4795,0.0,0.0,60,3.0,2.0,1.0
030_RC106,30,RC,4,0,OPTIMAL,952.6562,4,4,4,0,0,1.0,952.6562,0.0,0.0,60,3.0,2.0,1.0
030_RC106,30,RC,4,1,OPTIMAL,1016.4066,4,4,4,0,0,1.0,1016.4066,0.0,0.0,60,3.0,2.0,1.0
030_RC106,30,RC,4,2,OPTIMAL,890.4551,4,4,4,0,0,1.0,890.4551,0.0,0.0,60,3.0,2.0,1.0
030_RC106,30,RC,4,3,OPTIMAL,1132.9878,4,4,4,0,0,1.0,1132.9878,0.0,0.0,60,3.0,2.0,1.0
030_RC106,30,RC,4,4,OPTIMAL,931.1058,4,4,4,0,0,1.0,931.1058,0.0,0.0,60,3.0,2.0,1.0
030_RC106,30,RC,4,5,OPTIMAL,946.8366,4,4,4,0,0,1.0,946.8366,0.0,0.0,60,3.0,2.0,1.0
030_RC106,30,RC,4,6,OPTIMAL,1011.6266,4,4,4,0,0,1.0,1011.6266,0.0,0.0,60,3.0,2.0,1.0
030_RC106,30,RC,4,7,OPTIMAL,1053.5155,4,4,4,0,0,1.0,1053.5155,0.0,0.0,60,3.0,2.0,1.0
030_RC106,30,RC,4,8,OPTIMAL,908.0765,4,4,4,0,0,1.0,908.0765,0.0,0.0,60,3.0,2.0,1.0
030_RC106,30,RC,4,9,OPTIMAL,868.3505,4,4,4,0,0,1.0,868.3505,0.0,0.0,60,3.0,2.0,1.0
030_RC106,30,RC,6,0,OPTIMAL,1470.3694,6,6,6,0,0,1.0,1470.3694,0.0,0.0,60,3.0,2.0,1.0
030_RC106,30,RC,6,1,OPTIMAL,1590.2065,6,6,6,0,0,1.0,1590.2065,0.0,0.0,60,3.0,2.0,1.0
030_RC106,30,RC,6,2,OPTIMAL,1474.3949,6,6,6,0,0,1.0,1474.3949,0.0,0.0,60,3.0,2.0,1.0
030_RC106,30,RC,6,3,OPTIMAL,1541.9966,6,6,6,0,0,1.0,1541.9966,0.0,0.0,60,3.0,2.0,1.0
030_RC106,30,RC,6,4,OPTIMAL,1318.5687,6,6,6,0,0,1.0,1318.5687,0.0,0.0,60,3.0,2.0,1.0
030_RC106,30,RC,6,5,OPTIMAL,1536.9747,6,6,6,0,0,1.0,1536.9747,0.0,0.0,60,3.0,2.0,1.0
030_RC106,30,RC,6,6,OPTIMAL,1389.0931,6,6,6,0,0,1.0,1389.0931,0.0,0.0,60,3.0,2.0,1.0
030_RC106,30,RC,6,7,OPTIMAL,1403.2992,6,6,6,0,0,1.0,1403.2992,0.0,0.0,60,3.0,2.0,1.0
030_RC106,30,RC,6,8,OPTIMAL,1362.9046,6,6,6,0,0,1.0,1362.9046,0.0,0.0,60,3.0,2.0,1.0
030_RC106,30,RC,6,9,OPTIMAL,1565.3985,6,6,6,0,0,1.0,1565.3985,0.0,0.0,60,3.0,2.0,1.0
030_RC107,30,RC,2,0,OPTIMAL,424.9451,2,2,2,0,0,1.0,424.9451,0.0,0.0,60,3.0,2.0,1.0
030_RC107,30,RC,2,1,OPTIMAL,467.1775,2,2,2,0,0,1.0,467.1775,0.0,0.0,60,3.0,2.0,1.0
030_RC107,30,RC,2,2,OPTIMAL,556.8147,2,2,2,0,0,1.0,556.8147,0.0,0.0,60,3.0,2.0,1.0
030_RC107,30,RC,2,3,OPTIMAL,463.9273,2,2,2,0,0,1.0,463.9273,0.0,0.0,60,3.0,2.0,1.0
030_RC107,30,RC,2,4,OPTIMAL,447.3156,2,2,2,0,0,1.0,447.3156,0.0,0.0,60,3.0,2.0,1.0
030_RC107,30,RC,2,5,OPTIMAL,531.6382,2,2,2,0,0,1.0,531.6382,0.0,0.0,60,3.0,2.0,1.0
030_RC107,30,RC,2,6,OPTIMAL,437.9878,2,2,2,0,0,1.0,437.9878,0.0,0.0,60,3.0,2.0,1.0
030_RC107,30,RC,2,7,OPTIMAL,503.9326,2,2,2,0,0,1.0,503.9326,0.0,0.0,60,3.0,2.0,1.0
030_RC107,30,RC,2,8,OPTIMAL,434.3701,2,2,2,0,0,1.0,434.3701,0.0,0.0,60,3.0,2.0,1.0
030_RC107,30,RC,2,9,OPTIMAL,448.4795,2,2,2,0,0,1.0,448.4795,0.0,0.0,60,3.0,2.0,1.0
030_RC107,30,RC,4,0,OPTIMAL,952.6562,4,4,4,0,0,1.0,952.6562,0.0,0.0,60,3.0,2.0,1.0
030_RC107,30,RC,4,1,OPTIMAL,1016.4066,4,4,4,0,0,1.0,1016.4066,0.0,0.0,60,3.0,2.0,1.0
030_RC107,30,RC,4,2,OPTIMAL,890.4551,4,4,4,0,0,1.0,890.4551,0.0,0.0,60,3.0,2.0,1.0
030_RC107,30,RC,4,3,OPTIMAL,1132.9878,4,4,4,0,0,1.0,1132.9878,0.0,0.0,60,3.0,2.0,1.0
030_RC107,30,RC,4,4,OPTIMAL,931.1058,4,4,4,0,0,1.0,931.1058,0.0,0.0,60,3.0,2.0,1.0
030_RC107,30,RC,4,5,OPTIMAL,946.8366,4,4,4,0,0,1.0,946.8366,0.0,0.0,60,3.0,2.0,1.0
030_RC107,30,RC,4,6,OPTIMAL,1011.6266,4,4,4,0,0,1.0,1011.6266,0.0,0.0,60,3.0,2.0,1.0
030_RC107,30,RC,4,7,OPTIMAL,1053.5155,4,4,4,0,0,1.0,1053.5155,0.0,0.0,60,3.0,2.0,1.0
030_RC107,30,RC,4,8,OPTIMAL,908.0765,4,4,4,0,0,1.0,908.0765,0.0,0.0,60,3.0,2.0,1.0
030_RC107,30,RC,4,9,OPTIMAL,868.3505,4,4,4,0,0,1.0,868.3505,0.0,0.0,60,3.0,2.0,1.0
030_RC107,30,RC,6,0,OPTIMAL,1470.3694,6,6,6,0,0,1.0,1470.3694,0.0,0.0,60,3.0,2.0,1.0
030_RC107,30,RC,6,1,OPTIMAL,1590.2065,6,6,6,0,0,1.0,1590.2065,0.0,0.0,60,3.0,2.0,1.0
030_RC107,30,RC,6,2,OPTIMAL,1474.3949,6,6,6,0,0,1.0,1474.3949,0.0,0.0,60,3.0,2.0,1.0
030_RC107,30,RC,6,3,OPTIMAL,1541.9966,6,6,6,0,0,1.0,1541.9966,0.0,0.0,60,3.0,2.0,1.0
030_RC107,30,RC,6,4,OPTIMAL,1318.5687,6,6,6,0,0,1.0,1318.5687,0.0,0.0,60,3.0,2.0,1.0
030_RC107,30,RC,6,5,OPTIMAL,1536.9747,6,6,6,0,0,1.0,1536.9747,0.0,0.0,60,3.0,2.0,1.0
030_RC107,30,RC,6,6,OPTIMAL,1389.0931,6,6,6,0,0,1.0,1389.0931,0.0,0.0,60,3.0,2.0,1.0
030_RC107,30,RC,6,7,OPTIMAL,1403.2992,6,6,6,0,0,1.0,1403.2992,0.0,0.0,60,3.0,2.0,1.0
030_RC107,30,RC,6,8,OPTIMAL,1362.9046,6,6,6,0,0,1.0,1362.9046,0.0,0.0,60,3.0,2.0,1.0
030_RC107,30,RC,6,9,OPTIMAL,1565.3985,6,6,6,0,0,1.0,1565.3985,0.0,0.0,60,3.0,2.0,1.0
030_RC201,30,RC,2,0,OPTIMAL,197.5356,2,1,1,0,1,0.5,195.9986,0.0,1.537,60,3.0,2.0,1.0
030_RC201,30,RC,2,1,OPTIMAL,467.1775,2,2,2,0,0,1.0,467.1775,0.0,0.0,60,3.0,2.0,1.0
030_RC201,30,RC,2,2,OPTIMAL,556.8147,2,2,2,0,0,1.0,556.8147,0.0,0.0,60,3.0,2.0,1.0
030_RC201,30,RC,2,3,OPTIMAL,223.7381,2,1,1,0,1,0.5,208.8413,0.0,14.8967,60,3.0,2.0,1.0
030_RC201,30,RC,2,4,OPTIMAL,447.3156,2,2,2,0,0,1.0,447.3156,0.0,0.0,60,3.0,2.0,1.0
030_RC201,30,RC,2,5,OPTIMAL,531.6382,2,2,2,0,0,1.0,531.6382,0.0,0.0,60,3.0,2.0,1.0
030_RC201,30,RC,2,6,OPTIMAL,437.9878,2,2,2,0,0,1.0,437.9878,0.0,0.0,60,3.0,2.0,1.0
030_RC201,30,RC,2,7,OPTIMAL,503.9326,2,2,2,0,0,1.0,503.9326,0.0,0.0,60,3.0,2.0,1.0
030_RC201,30,RC,2,8,OPTIMAL,434.3701,2,2,2,0,0,1.0,434.3701,0.0,0.0,60,3.0,2.0,1.0
030_RC201,30,RC,2,9,OPTIMAL,231.6266,2,1,1,0,1,0.5,228.0786,0.0,3.5479,60,3.0,2.0,1.0
030_RC201,30,RC,4,0,OPTIMAL,952.6562,4,4,4,0,0,1.0,952.6562,0.0,0.0,60,3.0,2.0,1.0
030_RC201,30,RC,4,1,OPTIMAL,805.7117,4,3,3,0,1,0.75,803.0007,0.0,2.711,60,3.0,2.0,1.0
030_RC201,30,RC,4,2,OPTIMAL,890.4551,4,4,4,0,0,1.0,890.4551,0.0,0.0,60,3.0,2.0,1.0
030_RC201,30,RC,4,3,OPTIMAL,1132.9878,4,4,4,0,0,1.0,1132.9878,0.0,0.0,60,3.0,2.0,1.0
030_RC201,30,RC,4,4,OPTIMAL,931.1058,4,4,4,0,0,1.0,931.1058,0.0,0.0,60,3.0,2.0,1.0
030_RC201,30,RC,4,5,OPTIMAL,718.3653,4,3,3,0,1,0.75,717.8933,0.0,0.472,60,3.0,2.0,1.0
030_RC201,30,RC,4,6,OPTIMAL,1011.6266,4,4,4,0,0,1.0,1011.6266,0.0,0.0,60,3.0,2.0,1.0
030_RC201,30,RC,4,7,OPTIMAL,1053.5155,4,4,4,0,0,1.0,1053.5155,0.0,0.0,60,3.0,2.0,1.0
030_RC201,30,RC,4,8,OPTIMAL,908.0765,4,4,4,0,0,1.0,908.0765,0.0,0.0,60,3.0,2.0,1.0
030_RC201,30,RC,4,9,OPTIMAL,868.3505,4,4,4,0,0,1.0,868.3505,0.0,0.0,60,3.0,2.0,1.0
030_RC201,30,RC,6,0,OPTIMAL,1284.5369,6,5,5,0,1,0.8333,1278.1807,0.0,6.3563,60,3.0,2.0,1.0
030_RC201,30,RC,6,1,OPTIMAL,1335.7244,6,5,5,0,1,0.8333,1312.5773,0.0,23.1471,60,3.0,2.0,1.0
030_RC201,30,RC,6,2,OPTIMAL,1474.3949,6,6,6,0,0,1.0,1474.3949,0.0,0.0,60,3.0,2.0,1.0
030_RC201,30,RC,6,3,OPTIMAL,1253.6432,6,5,5,0,1,0.8333,1251.7673,0.0,1.8759,60,3.0,2.0,1.0
030_RC201,30,RC,6,4,OPTIMAL,691.6501,6,3,3,0,3,0.5,686.0149,0.0,5.6351,60,3.0,2.0,1.0
030_RC201,30,RC,6,5,OPTIMAL,1536.9747,6,6,6,0,0,1.0,1536.9747,0.0,0.0,60,3.0,2.0,1.0
030_RC201,30,RC,6,6,OPTIMAL,1389.0931,6,6,6,0,0,1.0,1389.0931,0.0,0.0,60,3.0,2.0,1.0
030_RC201,30,RC,6,7,OPTIMAL,1403.2992,6,6,6,0,0,1.0,1403.2992,0.0,0.0,60,3.0,2.0,1.0
030_RC201,30,RC,6,8,OPTIMAL,1362.9046,6,6,6,0,0,1.0,1362.9046,0.0,0.0,60,3.0,2.0,1.0
030_RC201,30,RC,6,9,OPTIMAL,1565.3985,6,6,6,0,0,1.0,1565.3985,0.0,0.0,60,3.0,2.0,1.0
030_RC203,30,RC,2,0,OPTIMAL,424.9451,2,2,2,0,0,1.0,424.9451,0.0,0.0,60,3.0,2.0,1.0
030_RC203,30,RC,2,1,OPTIMAL,467.1775,2,2,2,0,0,1.0,467.1775,0.0,0.0,60,3.0,2.0,1.0
030_RC203,30,RC,2,2,OPTIMAL,556.8147,2,2,2,0,0,1.0,556.8147,0.0,0.0,60,3.0,2.0,1.0
030_RC203,30,RC,2,3,OPTIMAL,214.2217,2,1,1,0,1,0.5,208.8413,0.0,5.3804,60,3.0,2.0,1.0
030_RC203,30,RC,2,4,OPTIMAL,447.3156,2,2,2,0,0,1.0,447.3156,0.0,0.0,60,3.0,2.0,1.0
030_RC203,30,RC,2,5,OPTIMAL,531.6382,2,2,2,0,0,1.0,531.6382,0.0,0.0,60,3.0,2.0,1.0
030_RC203,30,RC,2,6,OPTIMAL,437.9878,2,2,2,0,0,1.0,437.9878,0.0,0.0,60,3.0,2.0,1.0
030_RC203,30,RC,2,7,OPTIMAL,503.9326,2,2,2,0,0,1.0,503.9326,0.0,0.0,60,3.0,2.0,1.0
030_RC203,30,RC,2,8,OPTIMAL,434.3701,2,2,2,0,0,1.0,434.3701,0.0,0.0,60,3.0,2.0,1.0
030_RC203,30,RC,2,9,OPTIMAL,235.1745,2,1,1,0,1,0.5,228.0786,0.0,7.0958,60,3.0,2.0,1.0
030_RC203,30,RC,4,0,OPTIMAL,952.6562,4,4,4,0,0,1.0,952.6562,0.0,0.0,60,3.0,2.0,1.0
030_RC203,30,RC,4,1,OPTIMAL,805.7117,4,3,3,0,1,0.75,803.0007,0.0,2.711,60,3.0,2.0,1.0
030_RC203,30,RC,4,2,OPTIMAL,890.4551,4,4,4,0,0,1.0,890.4551,0.0,0.0,60,3.0,2.0,1.0
030_RC203,30,RC,4,3,OPTIMAL,1132.9878,4,4,4,0,0,1.0,1132.9878,0.0,0.0,60,3.0,2.0,1.0
030_RC203,30,RC,4,4,OPTIMAL,931.1058,4,4,4,0,0,1.0,931.1058,0.0,0.0,60,3.0,2.0,1.0
030_RC203,30,RC,4,5,OPTIMAL,946.8366,4,4,4,0,0,1.0,946.8366,0.0,0.0,60,3.0,2.0,1.0
030_RC203,30,RC,4,6,OPTIMAL,1011.6266,4,4,4,0,0,1.0,1011.6266,0.0,0.0,60,3.0,2.0,1.0
030_RC203,30,RC,4,7,OPTIMAL,1053.5155,4,4,4,0,0,1.0,1053.5155,0.0,0.0,60,3.0,2.0,1.0
030_RC203,30,RC,4,8,OPTIMAL,686.2513,4,3,3,0,1,0.75,682.4029,0.0,3.8485,60,3.0,2.0,1.0
030_RC203,30,RC,4,9,OPTIMAL,868.3505,4,4,4,0,0,1.0,868.3505,0.0,0.0,60,3.0,2.0,1.0
030_RC203,30,RC,6,0,OPTIMAL,1284.5369,6,5,5,0,1,0.8333,1278.1807,0.0,6.3563,60,3.0,2.0,1.0
030_RC203,30,RC,6,1,OPTIMAL,1590.2065,6,6,5,1,0,1.0,1590.2065,0.0,0.0,60,3.0,2.0,1.0
030_RC203,30,RC,6,2,OPTIMAL,1474.3949,6,6,6,0,0,1.0,1474.3949,0.0,0.0,60,3.0,2.0,1.0
030_RC203,30,RC,6,3,OPTIMAL,1541.9966,6,6,6,0,0,1.0,1541.9966,0.0,0.0,60,3.0,2.0,1.0
030_RC203,30,RC,6,4,OPTIMAL,1116.3225,6,5,4,1,1,0.8333,1115.9873,0.0,0.3351,60,3.0,2.0,1.0
030_RC203,30,RC,6,5,OPTIMAL,1536.9747,6,6,6,0,0,1.0,1536.9747,0.0,0.0,60,3.0,2.0,1.0
030_RC203,30,RC,6,6,OPTIMAL,1389.0931,6,6,6,0,0,1.0,1389.0931,0.0,0.0,60,3.0,2.0,1.0
030_RC203,30,RC,6,7,OPTIMAL,1176.3125,6,5,5,0,1,0.8333,1171.0867,0.0,5.2258,60,3.0,2.0,1.0
030_RC203,30,RC,6,8,OPTIMAL,1362.9046,6,6,6,0,0,1.0,1362.9046,0.0,0.0,60,3.0,2.0,1.0
030_RC203,30,RC,6,9,OPTIMAL,1565.3985,6,6,6,0,0,1.0,1565.3985,0.0,0.0,60,3.0,2.0,1.0
030_RC205,30,RC,2,0,OPTIMAL,424.9451,2,2,2,0,0,1.0,424.9451,0.0,0.0,60,3.0,2.0,1.0
030_RC205,30,RC,2,1,OPTIMAL,467.1775,2,2,2,0,0,1.0,467.1775,0.0,0.0,60,3.0,2.0,1.0
030_RC205,30,RC,2,2,OPTIMAL,556.8147,2,2,1,1,0,1.0,556.8147,0.0,0.0,60,3.0,2.0,1.0
030_RC205,30,RC,2,3,OPTIMAL,220.1441,2,1,1,0,1,0.5,208.8413,0.0,11.3028,60,3.0,2.0,1.0
030_RC205,30,RC,2,4,OPTIMAL,447.3156,2,2,2,0,0,1.0,447.3156,0.0,0.0,60,3.0,2.0,1.0
030_RC205,30,RC,2,5,OPTIMAL,531.6382,2,2,2,0,0,1.0,531.6382,0.0,0.0,60,3.0,2.0,1.0
030_RC205,30,RC,2,6,OPTIMAL,227.9338,2,1,1,0,1,0.5,212.0679,0.0,15.8659,60,3.0,2.0,1.0
030_RC205,30,RC,2,7,OPTIMAL,503.9326,2,2,2,0,0,1.0,503.9326,0.0,0.0,60,3.0,2.0,1.0
030_RC205,30,RC,2,8,OPTIMAL,434.3701,2,2,2,0,0,1.0,434.3701,0.0,0.0,60,3.0,2.0,1.0
030_RC205,30,RC,2,9,OPTIMAL,448.4795,2,2,2,0,0,1.0,448.4795,0.0,0.0,60,3.0,2.0,1.0
030_RC205,30,RC,4,0,OPTIMAL,952.6562,4,4,4,0,0,1.0,952.6562,0.0,0.0,60,3.0,2.0,1.0
030_RC205,30,RC,4,1,OPTIMAL,1016.4066,4,4,4,0,0,1.0,1016.4066,0.0,0.0,60,3.0,2.0,1.0
030_RC205,30,RC,4,2,OPTIMAL,660.1524,4,3,3,0,1,0.75,659.0162,0.0,1.1362,60,3.0,2.0,1.0
030_RC205,30,RC,4,3,OPTIMAL,1132.9878,4,4,3,1,0,1.0,1132.9878,0.0,0.0,60,3.0,2.0,1.0
030_RC205,30,RC,4,4,OPTIMAL,931.1058,4,4,4,0,0,1.0,931.1058,0.0,0.0,60,3.0,2.0,1.0
030_RC205,30,RC,4,5,OPTIMAL,946.8366,4,4,4,0,0,1.0,946.8366,0.0,0.0,60,3.0,2.0,1.0
030_RC205,30,RC,4,6,OPTIMAL,799.8979,4,3,3,0,1,0.75,790.2655,0.0,9.6324,60,3.0,2.0,1.0
030_RC205,30,RC,4,7,OPTIMAL,1053.5155,4,4,4,0,0,1.0,1053.5155,0.0,0.0,60,3.0,2.0,1.0
030_RC205,30,RC,4,8,OPTIMAL,686.9611,4,3,3,0,1,0.75,682.4029,0.0,4.5582,60,3.0,2.0,1.0
030_RC205,30,RC,4,9,OPTIMAL,654.1152,4,3,3,0,1,0.75,636.6732,0.0,17.442,60,3.0,2.0,1.0
030_RC205,30,RC,6,0,OPTIMAL,1470.3694,6,6,6,0,0,1.0,1470.3694,0.0,0.0,60,3.0,2.0,1.0
030_RC205,30,RC,6,1,OPTIMAL,1590.2065,6,6,6,0,0,1.0,1590.2065,0.0,0.0,60,3.0,2.0,1.0
030_RC205,30,RC,6,2,OPTIMAL,1474.3949,6,6,6,0,0,1.0,1474.3949,0.0,0.0,60,3.0,2.0,1.0
030_RC205,30,RC,6,3,OPTIMAL,1541.9966,6,6,6,0,0,1.0,1541.9966,0.0,0.0,60,3.0,2.0,1.0
030_RC205,30,RC,6,4,OPTIMAL,1116.1254,6,5,5,0,1,0.8333,1115.9873,0.0,0.138,60,3.0,2.0,1.0
030_RC205,30,RC,6,5,OPTIMAL,1536.9747,6,6,6,0,0,1.0,1536.9747,0.0,0.0,60,3.0,2.0,1.0
030_RC205,30,RC,6,6,OPTIMAL,1389.0931,6,6,6,0,0,1.0,1389.0931,0.0,0.0,60,3.0,2.0,1.0
030_RC205,30,RC,6,7,OPTIMAL,956.1965,6,4,4,0,2,0.6667,943.5386,0.0,12.6578,60,3.0,2.0,1.0
030_RC205,30,RC,6,8,OPTIMAL,1136.9689,6,5,5,0,1,0.8333,1122.495,0.0,14.4739,60,3.0,2.0,1.0
030_RC205,30,RC,6,9,OPTIMAL,1565.3985,6,6,6,0,0,1.0,1565.3985,0.0,0.0,60,3.0,2.0,1.0
035_C101,35,C,3,0,OPTIMAL,690.6398,3,3,3,0,0,1.0,690.6398,0.0,0.0,60,3.0,2.0,1.0
035_C101,35,C,3,1,OPTIMAL,277.5919,3,2,1,1,1,0.6667,245.7357,0.0,31.8562,60,3.0,2.0,1.0
035_C101,35,C,3,2,OPTIMAL,105.7292,3,1,0,1,2,0.3333,79.8267,0.0,25.9025,60,3.0,2.0,1.0
035_C101,35,C,3,3,OPTIMAL,507.2356,3,3,3,0,0,1.0,507.2356,0.0,0.0,60,3.0,2.0,1.0
035_C101,35,C,3,4,OPTIMAL,189.4048,3,2,1,1,1,0.6667,186.4279,0.0,2.9769,60,3.0,2.0,1.0
035_C101,35,C,3,5,OPTIMAL,188.1146,3,2,2,0,1,0.6667,184.6493,0.0,3.4653,60,3.0,2.0,1.0
035_C101,35,C,3,6,OPTIMAL,587.5014,3,3,3,0,0,1.0,587.5014,0.0,0.0,60,3.0,2.0,1.0
035_C101,35,C,3,7,OPTIMAL,361.9908,3,2,2,0,1,0.6667,360.4804,0.0,1.5103,60,3.0,2.0,1.0
035_C101,35,C,3,8,OPTIMAL,395.47,3,2,2,0,1,0.6667,369.4866,0.0,25.9833,60,3.0,2.0,1.0
035_C101,35,C,3,9,OPTIMAL,409.8981,3,2,1,1,1,0.6667,402.4256,0.0,7.4725,60,3.0,2.0,1.0
035_C101,35,C,6,0,OPTIMAL,1035.6495,6,6,5,1,0,1.0,1035.6495,0.0,0.0,60,3.0,2.0,1.0
035_C101,35,C,6,1,OPTIMAL,934.997,6,4,4,0,2,0.6667,922.722,0.0,12.275,60,3.0,2.0,1.0
035_C101,35,C,6,2,OPTIMAL,546.0543,6,4,4,0,2,0.6667,537.013,0.0,9.0414,60,3.0,2.0,1.0
035_C101,35,C,6,3,OPTIMAL,672.7422,6,4,4,0,2,0.6667,671.6753,0.0,1.067,60,3.0,2.0,1.0
035_C101,35,C,6,4,OPTIMAL,580.4527,6,4,4,0,2,0.6667,572.348,0.0,8.1047,60,3.0,2.0,1.0
035_C101,35,C,6,5,OPTIMAL,773.1887,6,5,4,1,1,0.8333,764.8193,0.0,8.3694,60,3.0,2.0,1.0
035_C101,35,C,6,6,OPTIMAL,1022.6006,6,6,6,0,0,1.0,1022.6006,0.0,0.0,60,3.0,2.0,1.0
035_C101,35,C,6,7,OPTIMAL,781.1884,6,5,5,0,1,0.8333,779.1028,0.0,2.0856,60,3.0,2.0,1.0
035_C101,35,C,6,8,OPTIMAL,983.7175,6,6,5,1,0,1.0,983.7175,0.0,0.0,60,3.0,2.0,1.0
035_C101,35,C,6,9,OPTIMAL,941.1989,6,4,4,0,2,0.6667,933.9298,0.0,7.2691,60,3.0,2.0,1.0
035_C101,35,C,9,0,OPTIMAL,1437.6383,9,8,8,0,1,0.8889,1408.2854,0.0,29.3529,60,3.0,2.0,1.0
035_C101,35,C,9,1,OPTIMAL,870.6795,9,6,5,1,3,0.6667,790.3357,0.0,80.3438,60,3.0,2.0,1.0
035_C101,35,C,9,2,OPTIMAL,503.9594,9,4,3,1,5,0.4444,447.8382,0.0,56.1212,60,3.0,2.0,1.0
035_C101,35,C,9,3,OPTIMAL,1194.9047,9,6,6,0,3,0.6667,1174.9402,0.0,19.9645,60,3.0,2.0,1.0
035_C101,35,C,9,4,OPTIMAL,946.0222,9,6,5,1,3,0.6667,914.2925,0.0,31.7297,60,3.0,2.0,1.0
035_C101,35,C,9,5,OPTIMAL,1029.035,9,6,5,1,3,0.6667,995.2511,0.0,33.7839,60,3.0,2.0,1.0
035_C101,35,C,9,6,OPTIMAL,1470.4168,9,8,7,1,1,0.8889,1451.4573,0.0,18.9594,60,3.0,2.0,1.0
035_C101,35,C,9,7,OPTIMAL,1250.7665,9,8,7,1,1,0.8889,1221.7498,0.0,29.0167,60,3.0,2.0,1.0
035_C101,35,C,9,8,OPTIMAL,939.5003,9,6,5,1,3,0.6667,904.3761,0.0,35.1243,60,3.0,2.0,1.0
035_C101,35,C,9,9,OPTIMAL,1162.5531,9,7,7,0,2,0.7778,1138.2403,0.0,24.3128,60,3.0,2.0,1.0
035_C105,35,C,3,0,OPTIMAL,509.1159,3,2,2,0,1,0.6667,469.3151,0.0,39.8007,60,3.0,2.0,1.0
035_C105,35,C,3,1,OPTIMAL,318.2521,3,2,2,0,1,0.6667,293.7731,0.0,24.479,60,3.0,2.0,1.0
035_C105,35,C,3,2,OPTIMAL,10.3852,3,0,0,0,3,0.0,0.0,0.0,10.3852,60,3.0,2.0,1.0
035_C105,35,C,3,3,OPTIMAL,507.2356,3,3,3,0,0,1.0,507.2356,0.0,0.0,60,3.0,2.0,1.0
035_C105,35,C,3,4,OPTIMAL,309.1711,3,2,2,0,1,0.6667,287.7709,0.0,21.4001,60,3.0,2.0,1.0
035_C105,35,C,3,5,OPTIMAL,36.3251,3,0,0,0,3,0.0,0.0,0.0,36.3251,60,3.0,2.0,1.0
035_C105,35,C,3,6,OPTIMAL,587.5014,3,3,3,0,0,1.0,587.5014,0.0,0.0,60,3.0,2.0,1.0
035_C105,35,C,3,7,OPTIMAL,458.7408,3,3,3,0,0,1.0,458.7408,0.0,0.0,60,3.0,2.0,1.0
035_C105,35,C,3,8,OPTIMAL,412.7999,3,2,2,0,1,0.6667,369.4866,0.0,43.3133,60,3.0,2.0,1.0
035_C105,35,C,3,9,OPTIMAL,554.3204,3,3,3,0,0,1.0,554.3204,0.0,0.0,60,3.0,2.0,1.0
035_C105,35,C,6,0,OPTIMAL,947.5183,6,5,5,0,1,0.8333,939.393,0.0,8.1253,60,3.0,2.0,1.0
035_C105,35,C,6,1,OPTIMAL,1044.7676,6,5,5,0,1,0.8333,1036.1052,0.0,8.6625,60,3.0,2.0,1.0
035_C105,35,C,6,2,OPTIMAL,292.1782,6,1,1,0,5,0.1667,231.9285,0.0,60.2497,60,3.0,2.0,1.0
035_C105,35,C,6,3,OPTIMAL,681.6748,6,4,4,0,2,0.6667,671.6753,0.0,9.9995,60,3.0,2.0,1.0
035_C105,35,C,6,4,OPTIMAL,585.7002,6,4,4,0,2,0.6667,572.348,0.0,13.3522,60,3.0,2.0,1.0
035_C105,35,C,6,5,OPTIMAL,580.9469,6,3,3,0,3,0.5,562.1385,0.0,18.8084,60,3.0,2.0,1.0
035_C105,35,C,6,6,OPTIMAL,927.9063,6,5,5,0,1,0.8333,926.6655,0.0,1.2408,60,3.0,2.0,1.0
035_C105,35,C,6,7,OPTIMAL,779.5377,6,4,4,0,2,0.6667,750.5879,0.0,28.9497,60,3.0,2.0,1.0
035_C105,35,C,6,8,OPTIMAL,744.6979,6,4,4,0,2,0.6667,691.7098,0.0,52.9881,60,3.0,2.0,1.0
035_C105,35,C,6,9,OPTIMAL,1065.1307,6,5,5,0,1,0.8333,1055.8522,0.0,9.2785,60,3.0,2.0,1.0
035_C105,35,C,9,0,OPTIMAL,1409.3111,9,8,7,1,1,0.8889,1408.2854,0.0,1.0258,60,3.0,2.0,1.0
035_C105,35,C,9,1,OPTIMAL,631.2776,9,3,3,0,6,0.3333,499.7442,0.0,131.5333,60,3.0,2.0,1.0
035_C105,35,C,9,2,OPTIMAL,817.838,9,6,6,0,3,0.6667,778.2517,0.0,39.5863,60,3.0,2.0,1.0
035_C105,35,C,9,3,OPTIMAL,1227.2183,9,7,7,0,2,0.7778,1195.78,0.0,31.4383,60,3.0,2.0,1.0
035_C105,35,C,9,4,OPTIMAL,1010.1705,9,5,5,0,4,0.5556,954.7986,0.0,55.3719,60,3.0,2.0,1.0
035_C105,35,C,9,5,OPTIMAL,901.3151,9,6,6,0,3,0.6667,892.6927,0.0,8.6224,60,3.0,2.0,1.0
035_C105,35,C,9,6,OPTIMAL,1291.4087,9,6,6,0,3,0.6667,1268.8439,0.0,22.5648,60,3.0,2.0,1.0
035_C105,35,C,9,7,OPTIMAL,1129.4389,9,7,7,0,2,0.7778,1124.377,0.0,5.0619,60,3.0,2.0,1.0
035_C105,35,C,9,8,OPTIMAL,546.9647,9,3,3,0,6,0.3333,445.4256,0.0,101.5391,60,3.0,2.0,1.0
035_C105,35,C,9,9,OPTIMAL,1144.2623,9,7,7,0,2,0.7778,1143.9481,0.0,0.3143,60,3.0,2.0,1.0
035_C106,35,C,3,0,OPTIMAL,690.6398,3,3,3,0,0,1.0,690.6398,0.0,0.0,60,3.0,2.0,1.0
035_C106,35,C,3,1,OPTIMAL,218.0703,3,1,1,0,2,0.3333,131.0794,0.0,86.9909,60,3.0,2.0,1.0
035_C106,35,C,3,2,OPTIMAL,188.0698,3,2,1,1,1,0.6667,184.8113,0.0,3.2585,60,3.0,2.0,1.0
035_C106,35,C,3,3,OPTIMAL,507.2356,3,3,2,1,0,1.0,507.2356,0.0,0.0,60,3.0,2.0,1.0
035_C106,35,C,3,4,OPTIMAL,391.3798,3,3,3,0,0,1.0,391.3798,0.0,0.0,60,3.0,2.0,1.0
035_C106,35,C,3,5,OPTIMAL,377.5867,3,3,2,1,0,1.0,377.5867,0.0,0.0,60,3.0,2.0,1.0
035_C106,35,C,3,6,OPTIMAL,587.5014,3,3,3,0,0,1.0,587.5014,0.0,0.0,60,3.0,2.0,1.0
035_C106,35,C,3,7,OPTIMAL,189.1344,3,1,1,0,2,0.3333,151.6647,0.0,37.4697,60,3.0,2.0,1.0
035_C106,35,C,3,8,OPTIMAL,501.7435,3,3,2,1,0,1.0,501.7435,0.0,0.0,60,3.0,2.0,1.0
035_C106,35,C,3,9,OPTIMAL,421.5601,3,2,2,0,1,0.6667,356.9625,0.0,64.5976,60,3.0,2.0,1.0
035_C106,35,C,6,0,OPTIMAL,1035.6495,6,6,6,0,0,1.0,1035.6495,0.0,0.0,60,3.0,2.0,1.0
035_C106,35,C,6,1,OPTIMAL,937.4762,6,4,4,0,2,0.6667,922.722,0.0,14.7542,60,3.0,2.0,1.0
035_C106,35,C,6,2,OPTIMAL,567.5131,6,4,4,0,2,0.6667,560.6098,0.0,6.9033,60,3.0,2.0,1.0
035_C106,35,C,6,3,OPTIMAL,675.4667,6,4,4,0,2,0.6667,659.4655,0.0,16.0012,60,3.0,2.0,1.0
035_C106,35,C,6,4,OPTIMAL,561.6279,6,5,4,1,1,0.8333,561.6256,0.0,0.0024,60,3.0,2.0,1.0
035_C106,35,C,6,5,OPTIMAL,768.1208,6,5,5,0,1,0.8333,764.8193,0.0,3.3015,60,3.0,2.0,1.0
035_C106,35,C,6,6,OPTIMAL,647.3134,6,3,3,0,3,0.5,581.7133,0.0,65.6001,60,3.0,2.0,1.0
035_C106,35,C,6,7,OPTIMAL,650.5372,6,4,4,0,2,0.6667,647.3483,0.0,3.1889,60,3.0,2.0,1.0
035_C106,35,C,6,8,OPTIMAL,983.7175,6,6,5,1,0,1.0,983.7175,0.0,0.0,60,3.0,2.0,1.0
035_C106,35,C,6,9,OPTIMAL,1069.8608,6,5,5,0,1,0.8333,1069.3295,0.0,0.5312,60,3.0,2.0,1.0
035_C106,35,C,9,0,OPTIMAL,1409.3111,9,8,8,0,1,0.8889,1408.2854,0.0,1.0258,60,3.0,2.0,1.0
035_C106,35,C,9,1,OPTIMAL,1077.302,9,8,6,2,1,0.8889,1066.8845,0.0,10.4175,60,3.0,2.0,1.0
035_C106,35,C,9,2,OPTIMAL,817.6817,9,6,6,0,3,0.6667,767.2449,0.0,50.4368,60,3.0,2.0,1.0
035_C106,35,C,9,3,OPTIMAL,1374.3712,9,8,7,1,1,0.8889,1369.5692,0.0,4.802,60,3.0,2.0,1.0
035_C106,35,C,9,4,OPTIMAL,1080.6768,9,7,7,0,2,0.7778,1046.1103,0.0,34.5666,60,3.0,2.0,1.0
035_C106,35,C,9,5,OPTIMAL,1231.4168,9,8,8,0,1,0.8889,1205.5456,0.0,25.8712,60,3.0,2.0,1.0
035_C106,35,C,9,6,OPTIMAL,1291.4087,9,6,6,0,3,0.6667,1268.8439,0.0,22.5648,60,3.0,2.0,1.0
035_C106,35,C,9,7,OPTIMAL,1226.8349,9,7,6,1,2,0.7778,1216.8176,0.0,10.0173,60,3.0,2.0,1.0
035_C106,35,C,9,8,OPTIMAL,653.3509,9,3,3,0,6,0.3333,551.3461,0.0,102.0047,60,3.0,2.0,1.0
035_C106,35,C,9,9,OPTIMAL,1144.2623,9,7,7,0,2,0.7778,1143.9481,0.0,0.3143,60,3.0,2.0,1.0
035_C107,35,C,3,0,OPTIMAL,690.6398,3,3,3,0,0,1.0,690.6398,0.0,0.0,60,3.0,2.0,1.0
035_C107,35,C,3,1,OPTIMAL,424.8525,3,3,3,0,0,1.0,424.8525,0.0,0.0,60,3.0,2.0,1.0
035_C107,35,C,3,2,OPTIMAL,122.6267,3,1,1,0,2,0.3333,104.9846,0.0,17.6421,60,3.0,2.0,1.0
035_C107,35,C,3,3,OPTIMAL,507.2356,3,3,3,0,0,1.0,507.2356,0.0,0.0,60,3.0,2.0,1.0
035_C107,35,C,3,4,OPTIMAL,391.3798,3,3,3,0,0,1.0,391.3798,0.0,0.0,60,3.0,2.0,1.0
035_C107,35,C,3,5,OPTIMAL,377.5867,3,3,3,0,0,1.0,377.5867,0.0,0.0,60,3.0,2.0,1.0
035_C107,35,C,3,6,OPTIMAL,587.5014,3,3,3,0,0,1.0,587.5014,0.0,0.0,60,3.0,2.0,1.0
035_C107,35,C,3,7,OPTIMAL,458.7408,3,3,3,0,0,1.0,458.7408,0.0,0.0,60,3.0,2.0,1.0
035_C107,35,C,3,8,OPTIMAL,376.795,3,2,2,0,1,0.6667,373.8106,0.0,2.9844,60,3.0,2.0,1.0
035_C107,35,C,3,9,OPTIMAL,554.3204,3,3,3,0,0,1.0,554.3204,0.0,0.0,60,3.0,2.0,1.0
035_C107,35,C,6,0,OPTIMAL,609.5709,6,3,3,0,3,0.5,587.1961,0.0,22.3747,60,3.0,2.0,1.0
035_C107,35,C,6,1,OPTIMAL,1156.2071,6,6,6,0,0,1.0,1156.2071,0.0,0.0,60,3.0,2.0,1.0
035_C107,35,C,6,2,OPTIMAL,626.5688,6,5,4,1,1,0.8333,623.581,0.0,2.9878,60,3.0,2.0,1.0
035_C107,35,C,6,3,OPTIMAL,686.5671,6,5,5,0,1,0.8333,661.7515,0.0,24.8156,60,3.0,2.0,1.0
035_C107,35,C,6,4,OPTIMAL,583.1393,6,4,4,0,2,0.6667,533.075,0.0,50.0643,60,3.0,2.0,1.0
035_C107,35,C,6,5,OPTIMAL,687.2114,6,4,4,0,2,0.6667,668.9695,0.0,18.2419,60,3.0,2.0,1.0
035_C107,35,C,6,6,OPTIMAL,784.7593,6,4,3,1,2,0.6667,741.0157,0.0,43.7436,60,3.0,2.0,1.0
035_C107,35,C,6,7,OPTIMAL,792.5079,6,5,4,1,1,0.8333,788.1725,0.0,4.3355,60,3.0,2.0,1.0
035_C107,35,C,6,8,OPTIMAL,890.7598,6,5,4,1,1,0.8333,888.3451,0.0,2.4147,60,3.0,2.0,1.0
035_C107,35,C,6,9,OPTIMAL,1079.3266,6,5,5,0,1,0.8333,1069.3295,0.0,9.9971,60,3.0,2.0,1.0
035_C107,35,C,9,0,OPTIMAL,1167.8566,9,6,5,1,3,0.6667,1113.2116,0.0,54.645,60,3.0,2.0,1.0
035_C107,35,C,9,1,OPTIMAL,1126.8534,9,8,8,0,1,0.8889,1119.439,0.0,7.4144,60,3.0,2.0,1.0
035_C107,35,C,9,2,OPTIMAL,662.3835,9,5,5,0,4,0.5556,622.8029,0.0,39.5805,60,3.0,2.0,1.0
035_C107,35,C,9,3,OPTIMAL,980.3814,9,6,6,0,3,0.6667,970.7799,0.0,9.6016,60,3.0,2.0,1.0
035_C107,35,C,9,4,OPTIMAL,1305.8616,9,8,7,1,1,0.8889,1265.8032,0.0,40.0583,60,3.0,2.0,1.0
035_C107,35,C,9,5,OPTIMAL,1228.1009,9,8,7,1,1,0.8889,1222.1234,0.0,5.9774,60,3.0,2.0,1.0
035_C107,35,C,9,6,OPTIMAL,1055.4908,9,6,6,0,3,0.6667,1028.6734,0.0,26.8174,60,3.0,2.0,1.0
035_C107,35,C,9,7,OPTIMAL,1311.9411,9,8,8,0,1,0.8889,1300.2114,0.0,11.7297,60,3.0,2.0,1.0
035_C107,35,C,9,8,OPTIMAL,821.6436,9,5,4,1,4,0.5556,789.6741,0.0,31.9695,60,3.0,2.0,1.0
035_C107,35,C,9,9,OPTIMAL,1248.3875,9,8,7,1,1,0.8889,1248.2498,0.0,0.1377,60,3.0,2.0,1.0
035_C108,35,C,3,0,OPTIMAL,690.6398,3,3,3,0,0,1.0,690.6398,0.0,0.0,60,3.0,2.0,1.0
035_C108,35,C,3,1,OPTIMAL,120.1543,3,1,1,0,2,0.3333,114.6563,0.0,5.498,60,3.0,2.0,1.0
035_C108,35,C,3,2,OPTIMAL,188.0698,3,2,1,1,1,0.6667,184.8113,0.0,3.2585,60,3.0,2.0,1.0
035_C108,35,C,3,3,OPTIMAL,507.2356,3,3,3,0,0,1.0,507.2356,0.0,0.0,60,3.0,2.0,1.0
035_C108,35,C,3,4,OPTIMAL,225.6873,3,2,2,0,1,0.6667,186.4279,0.0,39.2595,60,3.0,2.0,1.0
035_C108,35,C,3,5,OPTIMAL,185.3212,3,2,2,0,1,0.6667,184.6493,0.0,0.6719,60,3.0,2.0,1.0
035_C108,35,C,3,6,OPTIMAL,587.5014,3,3,3,0,0,1.0,587.5014,0.0,0.0,60,3.0,2.0,1.0
035_C108,35,C,3,7,OPTIMAL,382.8178,3,2,2,0,1,0.6667,360.4804,0.0,22.3374,60,3.0,2.0,1.0
035_C108,35,C,3,8,OPTIMAL,376.795,3,2,2,0,1,0.6667,373.8106,0.0,2.9844,60,3.0,2.0,1.0
035_C108,35,C,3,9,OPTIMAL,554.3204,3,3,2,1,0,1.0,554.3204,0.0,0.0,60,3.0,2.0,1.0
035_C108,35,C,6,0,OPTIMAL,960.3729,6,5,4,1,1,0.8333,939.393,0.0,20.9799,60,3.0,2.0,1.0
035_C108,35,C,6,1,OPTIMAL,1043.8587,6,5,4,1,1,0.8333,1042.8239,0.0,1.0348,60,3.0,2.0,1.0
035_C108,35,C,6,2,OPTIMAL,631.9692,6,5,5,0,1,0.8333,623.581,0.0,8.3882,60,3.0,2.0,1.0
035_C108,35,C,6,3,OPTIMAL,853.8504,6,6,4,2,0,1.0,853.8504,0.0,0.0,60,3.0,2.0,1.0
035_C108,35,C,6,4,OPTIMAL,581.1648,6,4,4,0,2,0.6667,558.14,0.0,23.0248,60,3.0,2.0,1.0
035_C108,35,C,6,5,OPTIMAL,693.8409,6,4,4,0,2,0.6667,668.9695,0.0,24.8714,60,3.0,2.0,1.0
035_C108,35,C,6,6,OPTIMAL,934.2143,6,5,4,1,1,0.8333,926.6655,0.0,7.5488,60,3.0,2.0,1.0
035_C108,35,C,6,7,OPTIMAL,672.8074,6,4,4,0,2,0.6667,656.4181,0.0,16.3893,60,3.0,2.0,1.0
035_C108,35,C,6,8,OPTIMAL,717.4545,6,4,4,0,2,0.6667,678.8604,0.0,38.5941,60,3.0,2.0,1.0
035_C108,35,C,6,9,OPTIMAL,1069.3681,6,5,5,0,1,0.8333,1069.3295,0.0,0.0386,60,3.0,2.0,1.0
035_C108,35,C,9,0,OPTIMAL,1162.3888,9,7,7,0,2,0.7778,1097.3883,0.0,65.0005,60,3.0,2.0,1.0
035_C108,35,C,9,1,OPTIMAL,996.8834,9,7,6,1,2,0.7778,961.1367,0.0,35.7467,60,3.0,2.0,1.0
035_C108,35,C,9,2,OPTIMAL,901.3338,9,7,7,0,2,0.7778,866.8472,0.0,34.4866,60,3.0,2.0,1.0
035_C108,35,C,9,3,OPTIMAL,1229.0113,9,6,4,2,3,0.6667,1174.9402,0.0,54.0711,60,3.0,2.0,1.0
035_C108,35,C,9,4,OPTIMAL,1391.0602,9,9,9,0,0,1.0,1391.0602,0.0,0.0,60,3.0,2.0,1.0
035_C108,35,C,9,5,OPTIMAL,1035.5424,9,6,6,0,3,0.6667,1023.5286,0.0,12.0139,60,3.0,2.0,1.0
035_C108,35,C,9,6,OPTIMAL,1340.8414,9,7,7,0,2,0.7778,1322.1339,0.0,18.7075,60,3.0,2.0,1.0
035_C108,35,C,9,7,OPTIMAL,1311.9411,9,8,8,0,1,0.8889,1300.2114,0.0,11.7297,60,3.0,2.0,1.0
035_C108,35,C,9,8,OPTIMAL,797.6994,9,5,4,1,4,0.5556,718.5115,0.0,79.1879,60,3.0,2.0,1.0
035_C108,35,C,9,9,OPTIMAL,1026.7642,9,6,4,2,3,0.6667,1018.8023,0.0,7.9619,60,3.0,2.0,1.0
035_C201,35,C,3,0,OPTIMAL,515.347,3,3,3,0,0,1.0,515.347,0.0,0.0,60,3.0,2.0,1.0
035_C201,35,C,3,1,OPTIMAL,384.7572,3,3,3,0,0,1.0,384.7572,0.0,0.0,60,3.0,2.0,1.0
035_C201,35,C,3,2,OPTIMAL,500.1593,3,3,3,0,0,1.0,500.1593,0.0,0.0,60,3.0,2.0,1.0
035_C201,35,C,3,3,OPTIMAL,517.1999,3,3,3,0,0,1.0,517.1999,0.0,0.0,60,3.0,2.0,1.0
035_C201,35,C,3,4,OPTIMAL,531.7221,3,3,3,0,0,1.0,531.7221,0.0,0.0,60,3.0,2.0,1.0
035_C201,35,C,3,5,OPTIMAL,475.967,3,3,3,0,0,1.0,475.967,0.0,0.0,60,3.0,2.0,1.0
035_C201,35,C,3,6,OPTIMAL,329.5605,3,2,2,0,1,0.6667,310.4978,0.0,19.0626,60,3.0,2.0,1.0
035_C201,35,C,3,7,OPTIMAL,318.4633,3,3,3,0,0,1.0,318.4633,0.0,0.0,60,3.0,2.0,1.0
035_C201,35,C,3,8,OPTIMAL,459.2291,3,3,3,0,0,1.0,459.2291,0.0,0.0,60,3.0,2.0,1.0
035_C201,35,C,3,9,OPTIMAL,259.5905,3,2,2,0,1,0.6667,226.8875,0.0,32.7031,60,3.0,2.0,1.0
035_C201,35,C,6,0,OPTIMAL,929.9577,6,6,6,0,0,1.0,929.9577,0.0,0.0,60,3.0,2.0,1.0
035_C201,35,C,6,1,OPTIMAL,769.7481,6,6,6,0,0,1.0,769.7481,0.0,0.0,60,3.0,2.0,1.0
035_C201,35,C,6,2,OPTIMAL,962.0058,6,6,6,0,0,1.0,962.0058,0.0,0.0,60,3.0,2.0,1.0
035_C201,35,C,6,3,OPTIMAL,752.8983,6,5,5,0,1,0.8333,752.1495,0.0,0.7488,60,3.0,2.0,1.0
035_C201,35,C,6,4,OPTIMAL,996.8473,6,6,5,1,0,1.0,996.8473,0.0,0.0,60,3.0,2.0,1.0
035_C201,35,C,6,5,OPTIMAL,806.2714,6,5,5,0,1,0.8333,804.4884,0.0,1.783,60,3.0,2.0,1.0
035_C201,35,C,6,6,OPTIMAL,1137.4886,6,6,6,0,0,1.0,1137.4886,0.0,0.0,60,3.0,2.0,1.0
035_C201,35,C,6,7,OPTIMAL,557.9342,6,4,4,0,2,0.6667,531.1255,0.0,26.8087,60,3.0,2.0,1.0
035_C201,35,C,6,8,OPTIMAL,687.1792,6,5,5,0,1,0.8333,675.5671,0.0,11.6121,60,3.0,2.0,1.0
035_C201,35,C,6,9,OPTIMAL,965.5311,6,5,5,0,1,0.8333,965.3323,0.0,0.1989,60,3.0,2.0,1.0
035_C201,35,C,9,0,OPTIMAL,1505.433,9,9,9,0,0,1.0,1505.433,0.0,0.0,60,3.0,2.0,1.0
035_C201,35,C,9,1,OPTIMAL,1230.8537,9,9,8,1,0,1.0,1230.8537,0.0,0.0,60,3.0,2.0,1.0
035_C201,35,C,9,2,OPTIMAL,932.4443,9,6,5,1,3,0.6667,905.2531,0.0,27.1913,60,3.0,2.0,1.0
035_C201,35,C,9,3,OPTIMAL,1734.6508,9,9,9,0,0,1.0,1734.6508,0.0,0.0,60,3.0,2.0,1.0
035_C201,35,C,9,4,OPTIMAL,1230.2334,9,8,8,0,1,0.8889,1217.9478,0.0,12.2856,60,3.0,2.0,1.0
035_C201,35,C,9,5,OPTIMAL,1224.4706,9,8,7,1,1,0.8889,1217.7584,0.0,6.7122,60,3.0,2.0,1.0
035_C201,35,C,9,6,OPTIMAL,1430.7162,9,9,9,0,0,1.0,1430.7162,0.0,0.0,60,3.0,2.0,1.0
035_C201,35,C,9,7,OPTIMAL,1390.5927,9,8,7,1,1,0.8889,1373.9953,0.0,16.5973,60,3.0,2.0,1.0
035_C201,35,C,9,8,OPTIMAL,1460.6875,9,8,8,0,1,0.8889,1460.6875,0.0,0.0,60,3.0,2.0,1.0
035_C201,35,C,9,9,OPTIMAL,1564.4168,9,9,9,0,0,1.0,1564.4168,0.0,0.0,60,3.0,2.0,1.0
035_C202,35,C,3,0,OPTIMAL,515.347,3,3,3,0,0,1.0,515.347,0.0,0.0,60,3.0,2.0,1.0
035_C202,35,C,3,1,OPTIMAL,384.7572,3,3,3,0,0,1.0,384.7572,0.0,0.0,60,3.0,2.0,1.0
035_C202,35,C,3,2,OPTIMAL,500.1593,3,3,3,0,0,1.0,500.1593,0.0,0.0,60,3.0,2.0,1.0
035_C202,35,C,3,3,OPTIMAL,517.1999,3,3,3,0,0,1.0,517.1999,0.0,0.0,60,3.0,2.0,1.0
035_C202,35,C,3,4,OPTIMAL,531.7221,3,3,3,0,0,1.0,531.7221,0.0,0.0,60,3.0,2.0,1.0
035_C202,35,C,3,5,OPTIMAL,381.6301,3,2,2,0,1,0.6667,300.4726,0.0,81.1575,60,3.0,2.0,1.0
035_C202,35,C,3,6,OPTIMAL,348.6231,3,2,2,0,1,0.6667,310.4978,0.0,38.1253,60,3.0,2.0,1.0
035_C202,35,C,3,7,OPTIMAL,318.4633,3,3,3,0,0,1.0,318.4633,0.0,0.0,60,3.0,2.0,1.0
035_C202,35,C,3,8,OPTIMAL,459.2291,3,3,3,0,0,1.0,459.2291,0.0,0.0,60,3.0,2.0,1.0
035_C202,35,C,3,9,OPTIMAL,233.4758,3,2,2,0,1,0.6667,226.8875,0.0,6.5883,60,3.0,2.0,1.0
035_C202,35,C,6,0,OPTIMAL,929.9577,6,6,6,0,0,1.0,929.9577,0.0,0.0,60,3.0,2.0,1.0
035_C202,35,C,6,1,OPTIMAL,769.7481,6,6,6,0,0,1.0,769.7481,0.0,0.0,60,3.0,2.0,1.0
035_C202,35,C,6,2,OPTIMAL,962.0058,6,6,6,0,0,1.0,962.0058,0.0,0.0,60,3.0,2.0,1.0
035_C202,35,C,6,3,OPTIMAL,686.0082,6,4,4,0,2,0.6667,679.7117,0.0,6.2965,60,3.0,2.0,1.0
035_C202,35,C,6,4,OPTIMAL,996.8473,6,6,6,0,0,1.0,996.8473,0.0,0.0,60,3.0,2.0,1.0
035_C202,35,C,6,5,OPTIMAL,878.9306,6,6,5,1,0,1.0,878.9306,0.0,0.0,60,3.0,2.0,1.0
035_C202,35,C,6,6,OPTIMAL,1137.4886,6,6,6,0,0,1.0,1137.4886,0.0,0.0,60,3.0,2.0,1.0
035_C202,35,C,6,7,OPTIMAL,742.2989,6,5,5,0,1,0.8333,736.7963,0.0,5.5026,60,3.0,2.0,1.0
035_C202,35,C,6,8,OPTIMAL,804.5937,6,6,5,1,0,1.0,804.5937,0.0,0.0,60,3.0,2.0,1.0
035_C202,35,C,6,9,OPTIMAL,1070.7104,6,6,5,1,0,1.0,1070.7104,0.0,0.0,60,3.0,2.0,1.0
035_C202,35,C,9,0,OPTIMAL,1505.433,9,9,9,0,0,1.0,1505.433,0.0,0.0,60,3.0,2.0,1.0
035_C202,35,C,9,1,OPTIMAL,1111.195,9,8,8,0,1,0.8889,1102.9843,0.0,8.2108,60,3.0,2.0,1.0
035_C202,35,C,9,2,OPTIMAL,899.0441,9,6,5,1,3,0.6667,861.4357,0.0,37.6083,60,3.0,2.0,1.0
035_C202,35,C,9,3,OPTIMAL,1734.6508,9,9,9,0,0,1.0,1734.6508,0.0,0.0,60,3.0,2.0,1.0
035_C202,35,C,9,4,OPTIMAL,1230.2334,9,8,8,0,1,0.8889,1217.9478,0.0,12.2856,60,3.0,2.0,1.0
035_C202,35,C,9,5,OPTIMAL,1224.4706,9,8,8,0,1,0.8889,1217.7584,0.0,6.7122,60,3.0,2.0,1.0
035_C202,35,C,9,6,OPTIMAL,1430.7162,9,9,9,0,0,1.0,1430.7162,0.0,0.0,60,3.0,2.0,1.0
035_C202,35,C,9,7,OPTIMAL,1364.9183,9,8,8,0,1,0.8889,1360.0532,0.0,4.8651,60,3.0,2.0,1.0
035_C202,35,C,9,8,OPTIMAL,1592.6288,9,9,9,0,0,1.0,1592.6288,0.0,0.0,60,3.0,2.0,1.0
035_C202,35,C,9,9,OPTIMAL,1564.4168,9,9,9,0,0,1.0,1564.4168,0.0,0.0,60,3.0,2.0,1.0
035_C205,35,C,3,0,OPTIMAL,515.347,3,3,3,0,0,1.0,515.347,0.0,0.0,60,3.0,2.0,1.0
035_C205,35,C,3,1,OPTIMAL,320.1892,3,2,2,0,1,0.6667,304.9698,0.0,15.2193,60,3.0,2.0,1.0
035_C205,35,C,3,2,OPTIMAL,500.1593,3,3,2,1,0,1.0,500.1593,0.0,0.0,60,3.0,2.0,1.0
035_C205,35,C,3,3,OPTIMAL,517.1999,3,3,3,0,0,1.0,517.1999,0.0,0.0,60,3.0,2.0,1.0
035_C205,35,C,3,4,OPTIMAL,531.7221,3,3,3,0,0,1.0,531.7221,0.0,0.0,60,3.0,2.0,1.0
035_C205,35,C,3,5,OPTIMAL,475.967,3,3,3,0,0,1.0,475.967,0.0,0.0,60,3.0,2.0,1.0
035_C205,35,C,3,6,OPTIMAL,369.4039,3,3,3,0,0,1.0,369.4039,0.0,0.0,60,3.0,2.0,1.0
035_C205,35,C,3,7,OPTIMAL,318.4633,3,3,3,0,0,1.0,318.4633,0.0,0.0,60,3.0,2.0,1.0
035_C205,35,C,3,8,OPTIMAL,459.2291,3,3,2,1,0,1.0,459.2291,0.0,0.0,60,3.0,2.0,1.0
035_C205,35,C,3,9,OPTIMAL,344.7592,3,2,2,0,1,0.6667,338.3511,0.0,6.4081,60,3.0,2.0,1.0
035_C205,35,C,6,0,OPTIMAL,929.9577,6,6,6,0,0,1.0,929.9577,0.0,0.0,60,3.0,2.0,1.0
035_C205,35,C,6,1,OPTIMAL,652.5151,6,5,5,0,1,0.8333,652.1076,0.0,0.4075,60,3.0,2.0,1.0
035_C205,35,C,6,2,OPTIMAL,962.0058,6,6,5,1,0,1.0,962.0058,0.0,0.0,60,3.0,2.0,1.0
035_C205,35,C,6,3,OPTIMAL,972.714,6,6,6,0,0,1.0,972.714,0.0,0.0,60,3.0,2.0,1.0
035_C205,35,C,6,4,OPTIMAL,996.8473,6,6,6,0,0,1.0,996.8473,0.0,0.0,60,3.0,2.0,1.0
035_C205,35,C,6,5,OPTIMAL,624.937,6,4,4,0,2,0.6667,614.4258,0.0,10.5112,60,3.0,2.0,1.0
035_C205,35,C,6,6,OPTIMAL,1064.9811,6,5,5,0,1,0.8333,1008.648,0.0,56.3331,60,3.0,2.0,1.0
035_C205,35,C,6,7,OPTIMAL,485.9832,6,3,3,0,3,0.5,455.4033,0.0,30.58,60,3.0,2.0,1.0
035_C205,35,C,6,8,OPTIMAL,609.1027,6,5,5,0,1,0.8333,596.0793,0.0,13.0234,60,3.0,2.0,1.0
035_C205,35,C,6,9,OPTIMAL,1070.7104,6,6,6,0,0,1.0,1070.7104,0.0,0.0,60,3.0,2.0,1.0
035_C205,35,C,9,0,OPTIMAL,1339.4786,9,7,7,0,2,0.7778,1331.518,0.0,7.9606,60,3.0,2.0,1.0
035_C205,35,C,9,1,OPTIMAL,1097.9559,9,7,7,0,2,0.7778,1087.117,0.0,10.8388,60,3.0,2.0,1.0
035_C205,35,C,9,2,OPTIMAL,1262.6032,9,8,8,0,1,0.8889,1253.8165,0.0,8.7868,60,3.0,2.0,1.0
035_C205,35,C,9,3,OPTIMAL,1734.6508,9,9,9,0,0,1.0,1734.6508,0.0,0.0,60,3.0,2.0,1.0
035_C205,35,C,9,4,OPTIMAL,1164.258,9,7,7,0,2,0.7778,1151.1882,0.0,13.0698,60,3.0,2.0,1.0
035_C205,35,C,9,5,OPTIMAL,1058.0558,9,7,7,0,2,0.7778,1034.5449,0.0,23.5109,60,3.0,2.0,1.0
035_C205,35,C,9,6,OPTIMAL,1430.7162,9,9,8,1,0,1.0,1430.7162,0.0,0.0,60,3.0,2.0,1.0
035_C205,35,C,9,7,OPTIMAL,1459.2461,9,9,9,0,0,1.0,1459.2461,0.0,0.0,60,3.0,2.0,1.0
035_C205,35,C,9,8,OPTIMAL,1592.6288,9,9,9,0,0,1.0,1592.6288,0.0,0.0,60,3.0,2.0,1.0
035_C205,35,C,9,9,OPTIMAL,1456.8608,9,8,8,0,1,0.8889,1453.5181,0.0,3.3427,60,3.0,2.0,1.0
035_C206,35,C,3,0,OPTIMAL,515.347,3,3,3,0,0,1.0,515.347,0.0,0.0,60,3.0,2.0,1.0
035_C206,35,C,3,1,OPTIMAL,384.7572,3,3,3,0,0,1.0,384.7572,0.0,0.0,60,3.0,2.0,1.0
035_C206,35,C,3,2,OPTIMAL,500.1593,3,3,2,1,0,1.0,500.1593,0.0,0.0,60,3.0,2.0,1.0
035_C206,35,C,3,3,OPTIMAL,517.1999,3,3,3,0,0,1.0,517.1999,0.0,0.0,60,3.0,2.0,1.0
035_C206,35,C,3,4,OPTIMAL,531.7221,3,3,3,0,0,1.0,531.7221,0.0,0.0,60,3.0,2.0,1.0
035_C206,35,C,3,5,OPTIMAL,475.967,3,3,3,0,0,1.0,475.967,0.0,0.0,60,3.0,2.0,1.0
035_C206,35,C,3,6,OPTIMAL,369.4039,3,3,3,0,0,1.0,369.4039,0.0,0.0,60,3.0,2.0,1.0
035_C206,35,C,3,7,OPTIMAL,172.232,3,2,2,0,1,0.6667,165.8752,0.0,6.3568,60,3.0,2.0,1.0
035_C206,35,C,3,8,OPTIMAL,459.2291,3,3,3,0,0,1.0,459.2291,0.0,0.0,60,3.0,2.0,1.0
035_C206,35,C,3,9,OPTIMAL,249.7709,3,2,2,0,1,0.6667,226.8875,0.0,22.8835,60,3.0,2.0,1.0
035_C206,35,C,6,0,OPTIMAL,849.2321,6,5,5,0,1,0.8333,842.5554,0.0,6.6767,60,3.0,2.0,1.0
035_C206,35,C,6,1,OPTIMAL,769.7481,6,6,6,0,0,1.0,769.7481,0.0,0.0,60,3.0,2.0,1.0
035_C206,35,C,6,2,OPTIMAL,962.0058,6,6,6,0,0,1.0,962.0058,0.0,0.0,60,3.0,2.0,1.0
035_C206,35,C,6,3,OPTIMAL,972.714,6,6,6,0,0,1.0,972.714,0.0,0.0,60,3.0,2.0,1.0
035_C206,35,C,6,4,OPTIMAL,996.8473,6,6,6,0,0,1.0,996.8473,0.0,0.0,60,3.0,2.0,1.0
035_C206,35,C,6,5,OPTIMAL,878.9306,6,6,6,0,0,1.0,878.9306,0.0,0.0,60,3.0,2.0,1.0
035_C206,35,C,6,6,OPTIMAL,1137.4886,6,6,6,0,0,1.0,1137.4886,0.0,0.0,60,3.0,2.0,1.0
035_C206,35,C,6,7,OPTIMAL,765.802,6,5,5,0,1,0.8333,736.7963,0.0,29.0057,60,3.0,2.0,1.0
035_C206,35,C,6,8,OPTIMAL,804.5937,6,6,5,1,0,1.0,804.5937,0.0,0.0,60,3.0,2.0,1.0
035_C206,35,C,6,9,OPTIMAL,1070.7104,6,6,6,0,0,1.0,1070.7104,0.0,0.0,60,3.0,2.0,1.0
035_C206,35,C,9,0,OPTIMAL,1505.433,9,9,9,0,0,1.0,1505.433,0.0,0.0,60,3.0,2.0,1.0
035_C206,35,C,9,1,OPTIMAL,1109.1677,9,8,8,0,1,0.8889,1102.9843,0.0,6.1834,60,3.0,2.0,1.0
035_C206,35,C,9,2,OPTIMAL,1181.899,9,8,8,0,1,0.8889,1137.9679,0.0,43.9311,60,3.0,2.0,1.0
035_C206,35,C,9,3,OPTIMAL,1734.6508,9,9,9,0,0,1.0,1734.6508,0.0,0.0,60,3.0,2.0,1.0
035_C206,35,C,9,4,OPTIMAL,1106.9037,9,7,7,0,2,0.7778,1084.9685,0.0,21.9352,60,3.0,2.0,1.0
035_C206,35,C,9,5,OPTIMAL,1314.904,9,9,8,1,0,1.0,1314.904,0.0,0.0,60,3.0,2.0,1.0
035_C206,35,C,9,6,OPTIMAL,1430.7162,9,9,9,0,0,1.0,1430.7162,0.0,0.0,60,3.0,2.0,1.0
035_C206,35,C,9,7,OPTIMAL,1280.5361,9,7,7,0,2,0.7778,1274.8024,0.0,5.7337,60,3.0,2.0,1.0
035_C206,35,C,9,8,OPTIMAL,1520.9751,9,8,8,0,1,0.8889,1512.2764,0.0,8.6987,60,3.0,2.0,1.0
035_C206,35,C,9,9,OPTIMAL,1564.4168,9,9,9,0,0,1.0,1564.4168,0.0,0.0,60,3.0,2.0,1.0
035_C207,35,C,3,0,OPTIMAL,515.347,3,3,3,0,0,1.0,515.347,0.0,0.0,60,3.0,2.0,1.0
035_C207,35,C,3,1,OPTIMAL,311.4415,3,2,2,0,1,0.6667,304.9698,0.0,6.4717,60,3.0,2.0,1.0
035_C207,35,C,3,2,OPTIMAL,500.1593,3,3,3,0,0,1.0,500.1593,0.0,0.0,60,3.0,2.0,1.0
035_C207,35,C,3,3,OPTIMAL,517.1999,3,3,3,0,0,1.0,517.1999,0.0,0.0,60,3.0,2.0,1.0
035_C207,35,C,3,4,OPTIMAL,531.7221,3,3,3,0,0,1.0,531.7221,0.0,0.0,60,3.0,2.0,1.0
035_C207,35,C,3,5,OPTIMAL,475.967,3,3,3,0,0,1.0,475.967,0.0,0.0,60,3.0,2.0,1.0
035_C207,35,C,3,6,OPTIMAL,369.4039,3,3,3,0,0,1.0,369.4039,0.0,0.0,60,3.0,2.0,1.0
035_C207,35,C,3,7,OPTIMAL,318.4633,3,3,3,0,0,1.0,318.4633,0.0,0.0,60,3.0,2.0,1.0
035_C207,35,C,3,8,OPTIMAL,459.2291,3,3,3,0,0,1.0,459.2291,0.0,0.0,60,3.0,2.0,1.0
035_C207,35,C,3,9,OPTIMAL,402.9123,3,3,3,0,0,1.0,402.9123,0.0,0.0,60,3.0,2.0,1.0
035_C207,35,C,6,0,OPTIMAL,929.9577,6,6,6,0,0,1.0,929.9577,0.0,0.0,60,3.0,2.0,1.0
035_C207,35,C,6,1,OPTIMAL,711.8263,6,5,5,0,1,0.8333,711.8176,0.0,0.0088,60,3.0,2.0,1.0
035_C207,35,C,6,2,OPTIMAL,962.0058,6,6,6,0,0,1.0,962.0058,0.0,0.0,60,3.0,2.0,1.0
035_C207,35,C,6,3,OPTIMAL,689.1935,6,3,3,0,3,0.5,652.0335,0.0,37.1599,60,3.0,2.0,1.0
035_C207,35,C,6,4,OPTIMAL,996.8473,6,6,6,0,0,1.0,996.8473,0.0,0.0,60,3.0,2.0,1.0
035_C207,35,C,6,5,OPTIMAL,878.9306,6,6,6,0,0,1.0,878.9306,0.0,0.0,60,3.0,2.0,1.0
035_C207,35,C,6,6,OPTIMAL,900.5871,6,5,5,0,1,0.8333,885.337,0.0,15.2501,60,3.0,2.0,1.0
035_C207,35,C,6,7,OPTIMAL,824.5582,6,6,5,1,0,1.0,824.5582,0.0,0.0,60,3.0,2.0,1.0
035_C207,35,C,6,8,OPTIMAL,737.0129,6,5,5,0,1,0.8333,720.1061,0.0,16.9068,60,3.0,2.0,1.0
035_C207,35,C,6,9,OPTIMAL,1012.9664,6,5,5,0,1,0.8333,991.4333,0.0,21.5332,60,3.0,2.0,1.0
035_C207,35,C,9,0,OPTIMAL,1505.433,9,9,9,0,0,1.0,1505.433,0.0,0.0,60,3.0,2.0,1.0
035_C207,35,C,9,1,OPTIMAL,1230.8537,9,9,9,0,0,1.0,1230.8537,0.0,0.0,60,3.0,2.0,1.0
035_C207,35,C,9,2,OPTIMAL,1322.2214,9,9,9,0,0,1.0,1322.2214,0.0,0.0,60,3.0,2.0,1.0
035_C207,35,C,9,3,OPTIMAL,1573.9503,9,8,7,1,1,0.8889,1562.0359,0.0,11.9145,60,3.0,2.0,1.0
035_C207,35,C,9,4,OPTIMAL,1111.0364,9,7,6,1,2,0.7778,1099.1508,0.0,11.8856,60,3.0,2.0,1.0
035_C207,35,C,9,5,OPTIMAL,1314.904,9,9,9,0,0,1.0,1314.904,0.0,0.0,60,3.0,2.0,1.0
035_C207,35,C,9,6,OPTIMAL,1098.9419,9,6,6,0,3,0.6667,1081.2022,0.0,17.7397,60,3.0,2.0,1.0
035_C207,35,C,9,7,OPTIMAL,1366.4911,9,8,8,0,1,0.8889,1339.7313,0.0,26.7598,60,3.0,2.0,1.0
035_C207,35,C,9,8,OPTIMAL,1592.6288,9,9,9,0,0,1.0,1592.6288,0.0,0.0,60,3.0,2.0,1.0
035_C207,35,C,9,9,OPTIMAL,1564.4168,9,9,9,0,0,1.0,1564.4168,0.0,0.0,60,3.0,2.0,1.0
035_C208,35,C,3,0,OPTIMAL,515.347,3,3,3,0,0,1.0,515.347,0.0,0.0,60,3.0,2.0,1.0
035_C208,35,C,3,1,OPTIMAL,384.7572,3,3,3,0,0,1.0,384.7572,0.0,0.0,60,3.0,2.0,1.0
035_C208,35,C,3,2,OPTIMAL,500.1593,3,3,3,0,0,1.0,500.1593,0.0,0.0,60,3.0,2.0,1.0
035_C208,35,C,3,3,OPTIMAL,517.1999,3,3,3,0,0,1.0,517.1999,0.0,0.0,60,3.0,2.0,1.0
035_C208,35,C,3,4,OPTIMAL,531.7221,3,3,3,0,0,1.0,531.7221,0.0,0.0,60,3.0,2.0,1.0
035_C208,35,C,3,5,OPTIMAL,396.3273,3,2,2,0,1,0.6667,392.9689,0.0,3.3583,60,3.0,2.0,1.0
035_C208,35,C,3,6,OPTIMAL,369.4039,3,3,2,1,0,1.0,369.4039,0.0,0.0,60,3.0,2.0,1.0
035_C208,35,C,3,7,OPTIMAL,175.378,3,2,2,0,1,0.6667,165.8752,0.0,9.5028,60,3.0,2.0,1.0
035_C208,35,C,3,8,OPTIMAL,459.2291,3,3,3,0,0,1.0,459.2291,0.0,0.0,60,3.0,2.0,1.0
035_C208,35,C,3,9,OPTIMAL,249.7709,3,2,2,0,1,0.6667,226.8875,0.0,22.8835,60,3.0,2.0,1.0
035_C208,35,C,6,0,OPTIMAL,929.9577,6,6,6,0,0,1.0,929.9577,0.0,0.0,60,3.0,2.0,1.0
035_C208,35,C,6,1,OPTIMAL,722.5014,6,5,4,1,1,0.8333,711.8176,0.0,10.6838,60,3.0,2.0,1.0
035_C208,35,C,6,2,OPTIMAL,778.6946,6,5,5,0,1,0.8333,753.9426,0.0,24.752,60,3.0,2.0,1.0
035_C208,35,C,6,3,OPTIMAL,908.5801,6,5,4,1,1,0.8333,900.2762,0.0,8.3039,60,3.0,2.0,1.0
035_C208,35,C,6,4,OPTIMAL,996.8473,6,6,6,0,0,1.0,996.8473,0.0,0.0,60,3.0,2.0,1.0
035_C208,35,C,6,5,OPTIMAL,579.0948,6,4,4,0,2,0.6667,559.2307,0.0,19.864,60,3.0,2.0,1.0
035_C208,35,C,6,6,OPTIMAL,887.8661,6,5,5,0,1,0.8333,885.337,0.0,2.5291,60,3.0,2.0,1.0
035_C208,35,C,6,7,OPTIMAL,824.5582,6,6,5,1,0,1.0,824.5582,0.0,0.0,60,3.0,2.0,1.0
035_C208,35,C,6,8,OPTIMAL,606.2275,6,4,4,0,2,0.6667,586.4086,0.0,19.8189,60,3.0,2.0,1.0
035_C208,35,C,6,9,OPTIMAL,1070.7104,6,6,6,0,0,1.0,1070.7104,0.0,0.0,60,3.0,2.0,1.0
035_C208,35,C,9,0,OPTIMAL,1346.4014,9,8,7,1,1,0.8889,1333.6882,0.0,12.7132,60,3.0,2.0,1.0
035_C208,35,C,9,1,OPTIMAL,1230.8537,9,9,7,2,0,1.0,1230.8537,0.0,0.0,60,3.0,2.0,1.0
035_C208,35,C,9,2,OPTIMAL,1322.2214,9,9,9,0,0,1.0,1322.2214,0.0,0.0,60,3.0,2.0,1.0
035_C208,35,C,9,3,OPTIMAL,1734.6508,9,9,8,1,0,1.0,1734.6508,0.0,0.0,60,3.0,2.0,1.0
035_C208,35,C,9,4,OPTIMAL,836.4999,9,6,6,0,3,0.6667,812.6972,0.0,23.8027,60,3.0,2.0,1.0
035_C208,35,C,9,5,OPTIMAL,1314.904,9,9,9,0,0,1.0,1314.904,0.0,0.0,60,3.0,2.0,1.0
035_C208,35,C,9,6,OPTIMAL,923.0978,9,5,5,0,4,0.5556,881.7296,0.0,41.3682,60,3.0,2.0,1.0
035_C208,35,C,9,7,OPTIMAL,1459.2461,9,9,9,0,0,1.0,1459.2461,0.0,0.0,60,3.0,2.0,1.0
035_C208,35,C,9,8,OPTIMAL,1592.6288,9,9,8,1,0,1.0,1592.6288,0.0,0.0,60,3.0,2.0,1.0
035_C208,35,C,9,9,OPTIMAL,1376.0289,9,8,8,0,1,0.8889,1358.251,0.0,17.7779,60,3.0,2.0,1.0
035_R101,35,R,3,0,OPTIMAL,464.759,3,3,3,0,0,1.0,464.759,0.0,0.0,60,3.0,2.0,1.0
035_R101,35,R,3,1,OPTIMAL,367.065,3,2,2,0,1,0.6667,366.973,0.0,0.092,60,3.0,2.0,1.0
035_R101,35,R,3,2,OPTIMAL,490.7983,3,3,3,0,0,1.0,490.7983,0.0,0.0,60,3.0,2.0,1.0
035_R101,35,R,3,3,OPTIMAL,533.8032,3,3,3,0,0,1.0,533.8032,0.0,0.0,60,3.0,2.0,1.0
035_R101,35,R,3,4,OPTIMAL,579.2878,3,3,3,0,0,1.0,579.2878,0.0,0.0,60,3.0,2.0,1.0
035_R101,35,R,3,5,OPTIMAL,475.2877,3,3,3,0,0,1.0,475.2877,0.0,0.0,60,3.0,2.0,1.0
035_R101,35,R,3,6,OPTIMAL,623.5825,3,3,3,0,0,1.0,623.5825,0.0,0.0,60,3.0,2.0,1.0
035_R101,35,R,3,7,OPTIMAL,305.3248,3,3,3,0,0,1.0,305.3248,0.0,0.0,60,3.0,2.0,1.0
035_R101,35,R,3,8,OPTIMAL,496.5119,3,3,3,0,0,1.0,496.5119,0.0,0.0,60,3.0,2.0,1.0
035_R101,35,R,3,9,OPTIMAL,426.4173,3,2,2,0,1,0.6667,424.2468,0.0,2.1705,60,3.0,2.0,1.0
035_R101,35,R,6,0,OPTIMAL,820.5802,6,5,5,0,1,0.8333,817.7708,0.0,2.8094,60,3.0,2.0,1.0
035_R101,35,R,6,1,OPTIMAL,1164.5954,6,6,6,0,0,1.0,1164.5954,0.0,0.0,60,3.0,2.0,1.0
035_R101,35,R,6,2,OPTIMAL,977.4685,6,5,5,0,1,0.8333,947.9203,4.6839,24.8643,60,3.0,2.0,1.0
035_R101,35,R,6,3,OPTIMAL,1055.7258,6,6,6,0,0,1.0,1055.7258,0.0,0.0,60,3.0,2.0,1.0
035_R101,35,R,6,4,OPTIMAL,938.8817,6,6,6,0,0,1.0,938.8817,0.0,0.0,60,3.0,2.0,1.0
035_R101,35,R,6,5,OPTIMAL,709.5061,6,4,4,0,2,0.6667,683.1133,1.2728,25.1199,60,3.0,2.0,1.0
035_R101,35,R,6,6,OPTIMAL,986.1835,6,6,6,0,0,1.0,986.1835,0.0,0.0,60,3.0,2.0,1.0
035_R101,35,R,6,7,OPTIMAL,1063.2315,6,6,6,0,0,1.0,1063.2315,0.0,0.0,60,3.0,2.0,1.0
035_R101,35,R,6,8,OPTIMAL,1024.2691,6,5,5,0,1,0.8333,988.2329,7.9279,28.1083,60,3.0,2.0,1.0
035_R101,35,R,6,9,OPTIMAL,1062.2044,6,6,6,0,0,1.0,1062.2044,0.0,0.0,60,3.0,2.0,1.0
035_R101,35,R,9,0,OPTIMAL,1394.6866,9,8,8,0,1,0.8889,1365.7366,4.3848,24.5651,60,3.0,2.0,1.0
035_R101,35,R,9,1,OPTIMAL,1442.9461,9,8,8,0,1,0.8889,1437.897,0.0,5.0491,60,3.0,2.0,1.0
035_R101,35,R,9,2,OPTIMAL,1496.5346,9,8,8,0,1,0.8889,1490.8939,0.0,5.6407,60,3.0,2.0,1.0
035_R101,35,R,9,3,OPTIMAL,1442.0606,9,8,8,0,1,0.8889,1432.0903,0.0,9.9703,60,3.0,2.0,1.0
035_R101,35,R,9,4,OPTIMAL,1087.3863,9,8,8,0,1,0.8889,1085.2436,0.0,2.1426,60,3.0,2.0,1.0
035_R101,35,R,9,5,OPTIMAL,1585.6903,9,8,8,0,1,0.8889,1551.4669,7.0215,27.2019,60,3.0,2.0,1.0
035_R101,35,R,9,6,OPTIMAL,1330.7959,9,8,8,0,1,0.8889,1325.8123,0.0,4.9836,60,3.0,2.0,1.0
035_R101,35,R,9,7,OPTIMAL,1016.4129,9,8,8,0,1,0.8889,1016.2935,0.0,0.1195,60,3.0,2.0,1.0
035_R101,35,R,9,8,OPTIMAL,1463.8957,9,8,8,0,1,0.8889,1460.8837,0.0,3.0119,60,3.0,2.0,1.0
035_R101,35,R,9,9,OPTIMAL,1606.0681,9,9,9,0,0,1.0,1606.0681,0.0,0.0,60,3.0,2.0,1.0
035_R102,35,R,3,0,OPTIMAL,232.6588,3,1,1,0,2,0.3333,227.0504,0.0,5.6084,60,3.0,2.0,1.0
035_R102,35,R,3,1,OPTIMAL,302.6242,3,1,1,0,2,0.3333,189.4146,48.0721,65.1375,60,3.0,2.0,1.0
035_R102,35,R,3,2,OPTIMAL,401.7657,3,2,2,0,1,0.6667,401.4875,0.0,0.2782,60,3.0,2.0,1.0
035_R102,35,R,3,3,OPTIMAL,324.0535,3,1,1,0,2,0.3333,217.8102,41.251,64.9923,60,3.0,2.0,1.0
035_R102,35,R,3,4,OPTIMAL,427.0083,3,2,2,0,1,0.6667,426.7192,0.0,0.2891,60,3.0,2.0,1.0
035_R102,35,R,3,5,OPTIMAL,372.1677,3,2,2,0,1,0.6667,372.0826,0.0,0.085,60,3.0,2.0,1.0
035_R102,35,R,3,6,OPTIMAL,623.5825,3,3,3,0,0,1.0,623.5825,0.0,0.0,60,3.0,2.0,1.0
035_R102,35,R,3,7,OPTIMAL,9.889,3,0,0,0,3,0.0,0.0,0.0,9.889,60,3.0,2.0,1.0
035_R102,35,R,3,8,OPTIMAL,197.0821,3,1,1,0,2,0.3333,190.217,0.0,6.8651,60,3.0,2.0,1.0
035_R102,35,R,3,9,OPTIMAL,424.8254,3,2,2,0,1,0.6667,424.2468,0.0,0.5786,60,3.0,2.0,1.0
035_R102,35,R,6,0,OPTIMAL,532.745,6,2,2,0,4,0.3333,412.1698,48.8071,71.768,60,3.0,2.0,1.0
035_R102,35,R,6,1,OPTIMAL,962.4237,6,4,4,0,2,0.6667,888.9336,26.111,47.3791,60,3.0,2.0,1.0
035_R102,35,R,6,2,OPTIMAL,691.5182,6,3,3,0,3,0.5,631.8225,23.0989,36.5969,60,3.0,2.0,1.0
035_R102,35,R,6,3,OPTIMAL,739.175,6,3,3,0,3,0.5,726.1909,0.0,12.9841,60,3.0,2.0,1.0
035_R102,35,R,6,4,OPTIMAL,753.9905,6,3,3,0,3,0.5,605.614,62.4136,85.9629,60,3.0,2.0,1.0
035_R102,35,R,6,5,OPTIMAL,458.9682,6,2,2,0,4,0.3333,439.8932,0.0,19.075,60,3.0,2.0,1.0
035_R102,35,R,6,6,OPTIMAL,786.9074,6,4,4,0,2,0.6667,785.9079,0.0,0.9995,60,3.0,2.0,1.0
035_R102,35,R,6,7,OPTIMAL,933.2339,6,4,4,0,2,0.6667,862.9755,22.4265,47.8319,60,3.0,2.0,1.0
035_R102,35,R,6,8,OPTIMAL,884.5211,6,4,4,0,2,0.6667,878.2485,0.0,6.2726,60,3.0,2.0,1.0
035_R102,35,R,6,9,OPTIMAL,802.156,6,3,3,0,3,0.5,671.7901,48.4084,81.9576,60,3.0,2.0,1.0
035_R102,35,R,9,0,OPTIMAL,917.7652,9,4,4,0,5,0.4444,821.2724,37.884,58.6089,60,3.0,2.0,1.0
035_R102,35,R,9,1,OPTIMAL,1244.3188,9,6,6,0,3,0.6667,1236.5283,0.0,7.7905,60,3.0,2.0,1.0
035_R102,35,R,9,2,OPTIMAL,1141.5174,9,5,5,0,4,0.5556,1105.1068,11.2368,25.1738,60,3.0,2.0,1.0
035_R102,35,R,9,3,OPTIMAL,1134.4586,9,5,5,0,4,0.5556,1029.7863,30.9255,73.7468,60,3.0,2.0,1.0
035_R102,35,R,9,4,OPTIMAL,571.9486,9,3,3,0,6,0.3333,556.506,0.0,15.4425,60,3.0,2.0,1.0
035_R102,35,R,9,5,OPTIMAL,1366.4072,9,6,6,0,3,0.6667,1277.2533,33.6879,55.4659,60,3.0,2.0,1.0
035_R102,35,R,9,6,OPTIMAL,984.5294,9,4,4,0,5,0.4444,807.492,72.1483,104.8891,60,3.0,2.0,1.0
035_R102,35,R,9,7,OPTIMAL,401.7006,9,2,2,0,7,0.2222,381.7075,0.0,19.9931,60,3.0,2.0,1.0
035_R102,35,R,9,8,OPTIMAL,1332.6985,9,6,6,0,3,0.6667,1199.28,53.3675,80.051,60,3.0,2.0,1.0
035_R102,35,R,9,9,OPTIMAL,1334.9089,9,6,6,0,3,0.6667,1206.5078,43.2065,85.1945,60,3.0,2.0,1.0
035_R103,35,R,3,0,OPTIMAL,278.084,3,1,1,0,2,0.3333,227.0504,5.8092,45.2244,60,3.0,2.0,1.0
035_R103,35,R,3,1,OPTIMAL,307.1861,3,1,1,0,2,0.3333,189.4146,30.657,87.1145,60,3.0,2.0,1.0
035_R103,35,R,3,2,OPTIMAL,401.5802,3,2,2,0,1,0.6667,401.4875,0.0,0.0927,60,3.0,2.0,1.0
035_R103,35,R,3,3,OPTIMAL,287.8167,3,1,1,0,2,0.3333,217.8102,21.8712,48.1353,60,3.0,2.0,1.0
035_R103,35,R,3,4,OPTIMAL,450.3137,3,2,2,0,1,0.6667,426.7192,0.0,23.5945,60,3.0,2.0,1.0
035_R103,35,R,3,5,OPTIMAL,372.1252,3,2,2,0,1,0.6667,372.0826,0.0,0.0425,60,3.0,2.0,1.0
035_R103,35,R,3,6,OPTIMAL,623.5825,3,3,3,0,0,1.0,623.5825,0.0,0.0,60,3.0,2.0,1.0
035_R103,35,R,3,7,OPTIMAL,184.8603,3,1,1,0,2,0.3333,177.0451,0.0,7.8152,60,3.0,2.0,1.0
035_R103,35,R,3,8,OPTIMAL,368.5515,3,2,2,0,1,0.6667,364.466,0.0,4.0855,60,3.0,2.0,1.0
035_R103,35,R,3,9,OPTIMAL,425.9827,3,2,2,0,1,0.6667,424.2468,0.0,1.7359,60,3.0,2.0,1.0
035_R103,35,R,6,0,OPTIMAL,591.5806,6,3,2,1,3,0.5,539.53,11.6438,40.4068,60,3.0,2.0,1.0
035_R103,35,R,6,1,OPTIMAL,915.1704,6,4,4,0,2,0.6667,888.9336,0.2958,25.941,60,3.0,2.0,1.0
035_R103,35,R,6,2,OPTIMAL,804.0886,6,4,4,0,2,0.6667,799.1044,0.0,4.9842,60,3.0,2.0,1.0
035_R103,35,R,6,3,OPTIMAL,730.9511,6,3,3,0,3,0.5,726.1909,0.0,4.7602,60,3.0,2.0,1.0
035_R103,35,R,6,4,OPTIMAL,760.9726,6,3,3,0,3,0.5,605.614,53.2914,102.0672,60,3.0,2.0,1.0
035_R103,35,R,6,5,OPTIMAL,586.5058,6,3,2,1,3,0.5,574.5519,0.0,11.9539,60,3.0,2.0,1.0
035_R103,35,R,6,6,OPTIMAL,786.4925,6,4,4,0,2,0.6667,785.9079,0.0,0.5846,60,3.0,2.0,1.0
035_R103,35,R,6,7,OPTIMAL,889.1809,6,4,4,0,2,0.6667,862.9755,0.0,26.2054,60,3.0,2.0,1.0
035_R103,35,R,6,8,OPTIMAL,883.4115,6,4,4,0,2,0.6667,878.2485,0.0,5.163,60,3.0,2.0,1.0
035_R103,35,R,6,9,OPTIMAL,792.1904,6,3,3,0,3,0.5,671.7901,32.8381,87.5623,60,3.0,2.0,1.0
035_R103,35,R,9,0,OPTIMAL,897.5956,9,4,3,1,5,0.4444,821.2724,8.1113,68.212,60,3.0,2.0,1.0
035_R103,35,R,9,1,OPTIMAL,1241.0943,9,6,6,0,3,0.6667,1236.5283,0.0,4.566,60,3.0,2.0,1.0
035_R103,35,R,9,2,OPTIMAL,1176.3065,9,5,5,0,4,0.5556,1105.1068,24.8415,46.3581,60,3.0,2.0,1.0
035_R103,35,R,9,3,OPTIMAL,1159.349,9,5,5,0,4,0.5556,1029.7863,37.5474,92.0154,60,3.0,2.0,1.0
035_R103,35,R,9,4,OPTIMAL,690.6997,9,4,2,2,5,0.4444,679.0441,0.0,11.6556,60,3.0,2.0,1.0
035_R103,35,R,9,5,OPTIMAL,1318.2784,9,6,6,0,3,0.6667,1277.2533,4.0842,36.9408,60,3.0,2.0,1.0
035_R103,35,R,9,6,OPTIMAL,1041.1688,9,5,4,1,4,0.5556,986.0862,14.1335,40.9491,60,3.0,2.0,1.0
035_R103,35,R,9,7,OPTIMAL,393.3026,9,2,2,0,7,0.2222,381.7075,0.0,11.5951,60,3.0,2.0,1.0
035_R103,35,R,9,8,OPTIMAL,1343.9027,9,6,5,1,3,0.6667,1199.28,48.7684,95.8543,60,3.0,2.0,1.0
035_R103,35,R,9,9,OPTIMAL,1284.4577,9,6,6,0,3,0.6667,1206.5078,22.849,55.1009,60,3.0,2.0,1.0
035_R105,35,R,3,0,OPTIMAL,447.3414,3,2,2,0,1,0.6667,394.4685,0.0,52.8729,60,3.0,2.0,1.0
035_R105,35,R,3,1,OPTIMAL,367.065,3,2,2,0,1,0.6667,366.973,0.0,0.092,60,3.0,2.0,1.0
035_R105,35,R,3,2,OPTIMAL,401.673,3,2,2,0,1,0.6667,401.4875,0.0,0.1855,60,3.0,2.0,1.0
035_R105,35,R,3,3,OPTIMAL,533.8032,3,3,3,0,0,1.0,533.8032,0.0,0.0,60,3.0,2.0,1.0
035_R105,35,R,3,4,OPTIMAL,579.2878,3,3,3,0,0,1.0,579.2878,0.0,0.0,60,3.0,2.0,1.0
035_R105,35,R,3,5,OPTIMAL,372.1677,3,2,2,0,1,0.6667,372.0826,0.0,0.085,60,3.0,2.0,1.0
035_R105,35,R,3,6,OPTIMAL,623.5825,3,3,3,0,0,1.0,623.5825,0.0,0.0,60,3.0,2.0,1.0
035_R105,35,R,3,7,OPTIMAL,224.3613,3,1,1,0,2,0.3333,177.0451,0.0,47.3162,60,3.0,2.0,1.0
035_R105,35,R,3,8,OPTIMAL,496.5119,3,3,3,0,0,1.0,496.5119,0.0,0.0,60,3.0,2.0,1.0
035_R105,35,R,3,9,OPTIMAL,426.4173,3,2,2,0,1,0.6667,424.2468,0.0,2.1705,60,3.0,2.0,1.0
035_R105,35,R,6,0,OPTIMAL,590.5267,6,3,3,0,3,0.5,570.0701,0.0,20.4565,60,3.0,2.0,1.0
035_R105,35,R,6,1,OPTIMAL,1027.4067,6,5,5,0,1,0.8333,1027.4065,0.0,0.0002,60,3.0,2.0,1.0
035_R105,35,R,6,2,OPTIMAL,671.7464,6,3,3,0,3,0.5,631.8225,0.0,39.9239,60,3.0,2.0,1.0
035_R105,35,R,6,3,OPTIMAL,860.3323,6,4,4,0,2,0.6667,840.345,0.0,19.9873,60,3.0,2.0,1.0
035_R105,35,R,6,4,OPTIMAL,774.3653,6,4,4,0,2,0.6667,773.1128,0.0,1.2525,60,3.0,2.0,1.0
035_R105,35,R,6,5,OPTIMAL,596.1489,6,3,3,0,3,0.5,559.7555,0.0,36.3934,60,3.0,2.0,1.0
035_R105,35,R,6,6,OPTIMAL,905.9452,6,5,5,0,1,0.8333,904.9725,0.0,0.9727,60,3.0,2.0,1.0
035_R105,35,R,6,7,OPTIMAL,1003.9298,6,5,5,0,1,0.8333,998.4981,0.0,5.4317,60,3.0,2.0,1.0
035_R105,35,R,6,8,OPTIMAL,897.2496,6,4,4,0,2,0.6667,878.2485,0.0,19.0011,60,3.0,2.0,1.0
035_R105,35,R,6,9,OPTIMAL,1045.0536,6,5,5,0,1,0.8333,983.5152,0.0,61.5384,60,3.0,2.0,1.0
035_R105,35,R,9,0,OPTIMAL,1186.488,9,6,6,0,3,0.6667,1133.2606,0.0,53.2274,60,3.0,2.0,1.0
035_R105,35,R,9,1,OPTIMAL,1306.9211,9,6,6,0,3,0.6667,1236.5283,0.0,70.3928,60,3.0,2.0,1.0
035_R105,35,R,9,2,OPTIMAL,1127.9063,9,5,5,0,4,0.5556,1105.1068,0.0,22.7995,60,3.0,2.0,1.0
035_R105,35,R,9,3,OPTIMAL,1325.4635,9,7,7,0,2,0.7778,1297.1915,0.0,28.272,60,3.0,2.0,1.0
035_R105,35,R,9,4,OPTIMAL,879.8071,9,5,4,1,4,0.5556,809.9279,0.0,69.8792,60,3.0,2.0,1.0
035_R105,35,R,9,5,OPTIMAL,1478.8531,9,7,7,0,2,0.7778,1420.5278,0.0,58.3252,60,3.0,2.0,1.0
035_R105,35,R,9,6,OPTIMAL,1204.4794,9,6,6,0,3,0.6667,1139.0461,0.0,65.4334,60,3.0,2.0,1.0
035_R105,35,R,9,7,OPTIMAL,691.3202,9,4,4,0,5,0.4444,615.5513,0.0,75.7689,60,3.0,2.0,1.0
035_R105,35,R,9,8,OPTIMAL,1425.5,9,7,7,0,2,0.7778,1360.0948,0.0,65.4052,60,3.0,2.0,1.0
035_R105,35,R,9,9,OPTIMAL,1500.3523,9,8,8,0,1,0.8889,1495.7692,0.0,4.583,60,3.0,2.0,1.0
035_R106,35,R,3,0,OPTIMAL,233.5241,3,1,1,0,2,0.3333,227.0504,0.0,6.4737,60,3.0,2.0,1.0
035_R106,35,R,3,1,OPTIMAL,237.0074,3,1,1,0,2,0.3333,189.4146,0.0,47.5928,60,3.0,2.0,1.0
035_R106,35,R,3,2,OPTIMAL,401.673,3,2,2,0,1,0.6667,401.4875,0.0,0.1855,60,3.0,2.0,1.0
035_R106,35,R,3,3,OPTIMAL,269.6323,3,1,1,0,2,0.3333,217.8102,0.0,51.8221,60,3.0,2.0,1.0
035_R106,35,R,3,4,OPTIMAL,426.7388,3,2,2,0,1,0.6667,426.7192,0.0,0.0196,60,3.0,2.0,1.0
035_R106,35,R,3,5,OPTIMAL,372.1677,3,2,2,0,1,0.6667,372.0826,0.0,0.085,60,3.0,2.0,1.0
035_R106,35,R,3,6,OPTIMAL,623.5825,3,3,3,0,0,1.0,623.5825,0.0,0.0,60,3.0,2.0,1.0
035_R106,35,R,3,7,OPTIMAL,16.7966,3,0,0,0,3,0.0,0.0,0.0,16.7966,60,3.0,2.0,1.0
035_R106,35,R,3,8,OPTIMAL,231.847,3,1,1,0,2,0.3333,190.217,0.0,41.63,60,3.0,2.0,1.0
035_R106,35,R,3,9,OPTIMAL,425.9827,3,2,2,0,1,0.6667,424.2468,0.0,1.7359,60,3.0,2.0,1.0
035_R106,35,R,6,0,OPTIMAL,460.7393,6,2,2,0,4,0.3333,412.1698,0.0,48.5694,60,3.0,2.0,1.0
035_R106,35,R,6,1,OPTIMAL,920.5198,6,4,4,0,2,0.6667,888.9336,0.0,31.5862,60,3.0,2.0,1.0
035_R106,35,R,6,2,OPTIMAL,637.628,6,3,3,0,3,0.5,631.8225,0.0,5.8055,60,3.0,2.0,1.0
035_R106,35,R,6,3,OPTIMAL,735.3872,6,3,3,0,3,0.5,726.1909,0.0,9.1963,60,3.0,2.0,1.0
035_R106,35,R,6,4,OPTIMAL,764.2411,6,3,3,0,3,0.5,605.614,23.7759,134.8512,60,3.0,2.0,1.0
035_R106,35,R,6,5,OPTIMAL,456.4928,6,2,2,0,4,0.3333,439.8932,0.0,16.5996,60,3.0,2.0,1.0
035_R106,35,R,6,6,OPTIMAL,787.0008,6,4,4,0,2,0.6667,785.9079,0.0,1.0929,60,3.0,2.0,1.0
035_R106,35,R,6,7,OPTIMAL,895.9356,6,4,4,0,2,0.6667,862.9755,0.0,32.9601,60,3.0,2.0,1.0
035_R106,35,R,6,8,OPTIMAL,884.5211,6,4,4,0,2,0.6667,878.2485,0.0,6.2726,60,3.0,2.0,1.0
035_R106,35,R,6,9,OPTIMAL,743.1958,6,3,3,0,3,0.5,671.7901,0.0,71.4058,60,3.0,2.0,1.0
035_R106,35,R,9,0,OPTIMAL,862.8713,9,4,4,0,5,0.4444,821.2724,0.0,41.5989,60,3.0,2.0,1.0
035_R106,35,R,9,1,OPTIMAL,1242.8221,9,6,6,0,3,0.6667,1236.5283,0.0,6.2938,60,3.0,2.0,1.0
035_R106,35,R,9,2,OPTIMAL,1118.7839,9,5,5,0,4,0.5556,1105.1068,0.0,13.677,60,3.0,2.0,1.0
035_R106,35,R,9,3,OPTIMAL,1146.4325,9,5,5,0,4,0.5556,1029.7863,0.0,116.6463,60,3.0,2.0,1.0
035_R106,35,R,9,4,OPTIMAL,572.3739,9,3,3,0,6,0.3333,556.506,0.0,15.8678,60,3.0,2.0,1.0
035_R106,35,R,9,5,OPTIMAL,1320.7347,9,6,6,0,3,0.6667,1277.2533,0.0,43.4814,60,3.0,2.0,1.0
035_R106,35,R,9,6,OPTIMAL,1032.4218,9,5,5,0,4,0.5556,986.0862,0.0,46.3356,60,3.0,2.0,1.0
035_R106,35,R,9,7,OPTIMAL,399.7222,9,2,2,0,7,0.2222,381.7075,0.0,18.0147,60,3.0,2.0,1.0
035_R106,35,R,9,8,OPTIMAL,1335.976,9,6,6,0,3,0.6667,1199.28,10.2066,126.4893,60,3.0,2.0,1.0
035_R106,35,R,9,9,OPTIMAL,1269.2139,9,6,6,0,3,0.6667,1206.5078,0.0,62.7061,60,3.0,2.0,1.0
035_R109,35,R,3,0,OPTIMAL,397.6143,3,2,2,0,1,0.6667,394.4685,0.0,3.1458,60,3.0,2.0,1.0
035_R109,35,R,3,1,OPTIMAL,367.065,3,2,2,0,1,0.6667,366.973,0.0,0.092,60,3.0,2.0,1.0
035_R109,35,R,3,2,OPTIMAL,401.5802,3,2,2,0,1,0.6667,401.4875,0.0,0.0927,60,3.0,2.0,1.0
035_R109,35,R,3,3,OPTIMAL,432.7252,3,2,2,0,1,0.6667,388.8701,0.0,43.8551,60,3.0,2.0,1.0
035_R109,35,R,3,4,OPTIMAL,579.2878,3,3,3,0,0,1.0,579.2878,0.0,0.0,60,3.0,2.0,1.0
035_R109,35,R,3,5,OPTIMAL,372.1252,3,2,2,0,1,0.6667,372.0826,0.0,0.0425,60,3.0,2.0,1.0
035_R109,35,R,3,6,OPTIMAL,623.5825,3,3,3,0,0,1.0,623.5825,0.0,0.0,60,3.0,2.0,1.0
035_R109,35,R,3,7,OPTIMAL,186.4719,3,1,1,0,2,0.3333,177.0451,0.0,9.4268,60,3.0,2.0,1.0
035_R109,35,R,3,8,OPTIMAL,389.2727,3,2,2,0,1,0.6667,364.466,0.0,24.8067,60,3.0,2.0,1.0
035_R109,35,R,3,9,OPTIMAL,425.4222,3,2,2,0,1,0.6667,424.2468,0.0,1.1754,60,3.0,2.0,1.0
035_R109,35,R,6,0,OPTIMAL,745.3027,6,4,4,0,2,0.6667,725.4956,0.0,19.807,60,3.0,2.0,1.0
035_R109,35,R,6,1,OPTIMAL,954.1228,6,4,4,0,2,0.6667,888.9336,0.0,65.1892,60,3.0,2.0,1.0
035_R109,35,R,6,2,OPTIMAL,712.3281,6,3,3,0,3,0.5,631.8225,0.0,80.5057,60,3.0,2.0,1.0
035_R109,35,R,6,3,OPTIMAL,777.6156,6,3,3,0,3,0.5,726.1909,0.0,51.4247,60,3.0,2.0,1.0
035_R109,35,R,6,4,OPTIMAL,775.8866,6,4,4,0,2,0.6667,773.1128,0.0,2.7738,60,3.0,2.0,1.0
035_R109,35,R,6,5,OPTIMAL,495.5879,6,2,2,0,4,0.3333,439.8932,0.0,55.6947,60,3.0,2.0,1.0
035_R109,35,R,6,6,OPTIMAL,808.9148,6,4,4,0,2,0.6667,785.9079,0.0,23.007,60,3.0,2.0,1.0
035_R109,35,R,6,7,OPTIMAL,886.7234,6,4,4,0,2,0.6667,862.9755,0.0,23.7479,60,3.0,2.0,1.0
035_R109,35,R,6,8,OPTIMAL,883.6886,6,4,4,0,2,0.6667,878.2485,0.0,5.4401,60,3.0,2.0,1.0
035_R109,35,R,6,9,OPTIMAL,878.4509,6,4,4,0,2,0.6667,845.5545,0.0,32.8964,60,3.0,2.0,1.0
035_R109,35,R,9,0,OPTIMAL,1158.9943,9,5,5,0,4,0.5556,981.7426,0.0,177.2517,60,3.0,2.0,1.0
035_R109,35,R,9,1,OPTIMAL,1275.9029,9,6,6,0,3,0.6667,1236.5283,0.0,39.3745,60,3.0,2.0,1.0
035_R109,35,R,9,2,OPTIMAL,1193.6699,9,5,5,0,4,0.5556,1105.1068,0.0,88.563,60,3.0,2.0,1.0
035_R109,35,R,9,3,OPTIMAL,1220.5209,9,5,5,0,4,0.5556,1029.7863,0.0,190.7346,60,3.0,2.0,1.0
035_R109,35,R,9,4,OPTIMAL,666.2052,9,3,3,0,6,0.3333,556.506,0.0,109.6992,60,3.0,2.0,1.0
035_R109,35,R,9,5,OPTIMAL,1358.5626,9,6,6,0,3,0.6667,1277.2533,0.0,81.3093,60,3.0,2.0,1.0
035_R109,35,R,9,6,OPTIMAL,1152.9739,9,5,5,0,4,0.5556,986.0862,0.0,166.8876,60,3.0,2.0,1.0
035_R109,35,R,9,7,OPTIMAL,591.0037,9,2,2,0,7,0.2222,381.7075,0.0,209.2962,60,3.0,2.0,1.0
035_R109,35,R,9,8,OPTIMAL,1388.6913,9,7,7,0,2,0.7778,1360.0948,0.0,28.5965,60,3.0,2.0,1.0
035_R109,35,R,9,9,OPTIMAL,1449.9472,9,7,7,0,2,0.7778,1380.0844,0.0,69.8628,60,3.0,2.0,1.0
035_R201,35,R,3,0,OPTIMAL,396.8401,3,2,2,0,1,0.6667,394.4685,0.0,2.3715,60,3.0,2.0,1.0
035_R201,35,R,3,1,OPTIMAL,383.61,3,2,2,0,1,0.6667,366.973,0.0,16.637,60,3.0,2.0,1.0
035_R201,35,R,3,2,OPTIMAL,228.6644,3,1,1,0,2,0.3333,197.2637,0.0,31.4007,60,3.0,2.0,1.0
035_R201,35,R,3,3,OPTIMAL,159.6294,3,1,0,1,2,0.3333,144.933,0.0,14.6964,60,3.0,2.0,1.0
035_R201,35,R,3,4,OPTIMAL,579.2878,3,3,3,0,0,1.0,579.2878,0.0,0.0,60,3.0,2.0,1.0
035_R201,35,R,3,5,OPTIMAL,475.2877,3,3,3,0,0,1.0,475.2877,0.0,0.0,60,3.0,2.0,1.0
035_R201,35,R,3,6,OPTIMAL,623.5825,3,3,3,0,0,1.0,623.5825,0.0,0.0,60,3.0,2.0,1.0
035_R201,35,R,3,7,OPTIMAL,157.615,3,2,1,1,1,0.6667,128.2797,0.0,29.3353,60,3.0,2.0,1.0
035_R201,35,R,3,8,OPTIMAL,496.5119,3,3,3,0,0,1.0,496.5119,0.0,0.0,60,3.0,2.0,1.0
035_R201,35,R,3,9,OPTIMAL,237.7826,3,1,1,0,2,0.3333,208.7155,0.0,29.067,60,3.0,2.0,1.0
035_R201,35,R,6,0,OPTIMAL,827.1644,6,5,5,0,1,0.8333,787.2306,0.0,39.9338,60,3.0,2.0,1.0
035_R201,35,R,6,1,OPTIMAL,1164.5954,6,6,6,0,0,1.0,1164.5954,0.0,0.0,60,3.0,2.0,1.0
035_R201,35,R,6,2,OPTIMAL,846.6702,6,5,5,0,1,0.8333,841.6224,0.0,5.0478,60,3.0,2.0,1.0
035_R201,35,R,6,3,OPTIMAL,872.8496,6,4,3,1,2,0.6667,861.8344,0.0,11.0152,60,3.0,2.0,1.0
035_R201,35,R,6,4,OPTIMAL,572.5091,6,3,3,0,3,0.5,509.9937,0.0,62.5155,60,3.0,2.0,1.0
035_R201,35,R,6,5,OPTIMAL,830.7082,6,5,5,0,1,0.8333,817.772,0.0,12.9361,60,3.0,2.0,1.0
035_R201,35,R,6,6,OPTIMAL,986.1835,6,6,6,0,0,1.0,986.1835,0.0,0.0,60,3.0,2.0,1.0
035_R201,35,R,6,7,OPTIMAL,1013.0738,6,5,5,0,1,0.8333,998.4981,0.0,14.5757,60,3.0,2.0,1.0
035_R201,35,R,6,8,OPTIMAL,708.4376,6,4,3,1,2,0.6667,672.8094,0.0,35.6282,60,3.0,2.0,1.0
035_R201,35,R,6,9,OPTIMAL,828.655,6,4,4,0,2,0.6667,809.7507,0.0,18.9043,60,3.0,2.0,1.0
035_R201,35,R,9,0,OPTIMAL,1378.225,9,8,8,0,1,0.8889,1365.7366,0.0,12.4883,60,3.0,2.0,1.0
035_R201,35,R,9,1,OPTIMAL,1438.1125,9,8,8,0,1,0.8889,1437.897,0.0,0.2155,60,3.0,2.0,1.0
035_R201,35,R,9,2,OPTIMAL,1500.8385,9,8,8,0,1,0.8889,1490.8939,0.0,9.9446,60,3.0,2.0,1.0
035_R201,35,R,9,3,OPTIMAL,1056.1071,9,6,6,0,3,0.6667,1032.508,0.0,23.599,60,3.0,2.0,1.0
035_R201,35,R,9,4,OPTIMAL,899.0927,9,7,7,0,2,0.7778,891.2907,0.0,7.802,60,3.0,2.0,1.0
035_R201,35,R,9,5,OPTIMAL,1179.8593,9,7,7,0,2,0.7778,1160.3192,0.0,19.54,60,3.0,2.0,1.0
035_R201,35,R,9,6,OPTIMAL,1239.9042,9,7,7,0,2,0.7778,1232.2213,0.0,7.683,60,3.0,2.0,1.0
035_R201,35,R,9,7,OPTIMAL,885.9487,9,6,6,0,3,0.6667,876.0481,0.0,9.9006,60,3.0,2.0,1.0
035_R201,35,R,9,8,OPTIMAL,1418.7931,9,8,7,1,1,0.8889,1413.5015,0.0,5.2915,60,3.0,2.0,1.0
035_R201,35,R,9,9,OPTIMAL,1402.0525,9,7,7,0,2,0.7778,1306.9093,0.0,95.1432,60,3.0,2.0,1.0
035_R205,35,R,3,0,OPTIMAL,408.2431,3,2,2,0,1,0.6667,394.4685,0.0,13.7746,60,3.0,2.0,1.0
035_R205,35,R,3,1,OPTIMAL,371.4699,3,2,2,0,1,0.6667,366.973,0.0,4.4969,60,3.0,2.0,1.0
035_R205,35,R,3,2,OPTIMAL,421.8653,3,2,2,0,1,0.6667,401.4875,0.0,20.3778,60,3.0,2.0,1.0
035_R205,35,R,3,3,OPTIMAL,372.7823,3,2,2,0,1,0.6667,362.7432,0.0,10.039,60,3.0,2.0,1.0
035_R205,35,R,3,4,OPTIMAL,357.8337,3,2,2,0,1,0.6667,353.5097,0.0,4.324,60,3.0,2.0,1.0
035_R205,35,R,3,5,OPTIMAL,387.0179,3,2,2,0,1,0.6667,372.0826,0.0,14.9353,60,3.0,2.0,1.0
035_R205,35,R,3,6,OPTIMAL,623.5825,3,3,3,0,0,1.0,623.5825,0.0,0.0,60,3.0,2.0,1.0
035_R205,35,R,3,7,OPTIMAL,254.6837,3,2,2,0,1,0.6667,238.7906,0.0,15.8931,60,3.0,2.0,1.0
035_R205,35,R,3,8,OPTIMAL,496.5119,3,3,3,0,0,1.0,496.5119,0.0,0.0,60,3.0,2.0,1.0
035_R205,35,R,3,9,OPTIMAL,425.1392,3,2,2,0,1,0.6667,424.2468,0.0,0.8924,60,3.0,2.0,1.0
035_R205,35,R,6,0,OPTIMAL,945.1309,6,6,6,0,0,1.0,945.1309,0.0,0.0,60,3.0,2.0,1.0
035_R205,35,R,6,1,OPTIMAL,955.0441,6,4,3,1,2,0.6667,888.9336,0.0,66.1104,60,3.0,2.0,1.0
035_R205,35,R,6,2,OPTIMAL,1008.9043,6,6,5,1,0,1.0,1008.9043,0.0,0.0,60,3.0,2.0,1.0
035_R205,35,R,6,3,OPTIMAL,1055.7258,6,6,6,0,0,1.0,1055.7258,0.0,0.0,60,3.0,2.0,1.0
035_R205,35,R,6,4,OPTIMAL,896.2591,6,5,4,1,1,0.8333,865.9744,0.0,30.2847,60,3.0,2.0,1.0
035_R205,35,R,6,5,OPTIMAL,567.6796,6,3,3,0,3,0.5,517.7723,0.0,49.9073,60,3.0,2.0,1.0
035_R205,35,R,6,6,OPTIMAL,924.1993,6,5,4,1,1,0.8333,904.9725,0.0,19.2268,60,3.0,2.0,1.0
035_R205,35,R,6,7,OPTIMAL,866.6592,6,4,4,0,2,0.6667,862.9755,0.0,3.6836,60,3.0,2.0,1.0
035_R205,35,R,6,8,OPTIMAL,881.336,6,5,3,2,1,0.8333,859.9751,0.0,21.3609,60,3.0,2.0,1.0
035_R205,35,R,6,9,OPTIMAL,1008.3656,6,5,5,0,1,0.8333,983.5152,0.0,24.8504,60,3.0,2.0,1.0
035_R205,35,R,9,0,OPTIMAL,1075.607,9,6,5,1,3,0.6667,1053.4543,0.0,22.1527,60,3.0,2.0,1.0
035_R205,35,R,9,1,OPTIMAL,1438.1125,9,8,7,1,1,0.8889,1437.897,0.0,0.2155,60,3.0,2.0,1.0
035_R205,35,R,9,2,OPTIMAL,1198.5793,9,6,5,1,3,0.6667,1191.1028,0.0,7.4765,60,3.0,2.0,1.0
035_R205,35,R,9,3,OPTIMAL,1141.2921,9,6,4,2,3,0.6667,1112.7192,0.0,28.5729,60,3.0,2.0,1.0
035_R205,35,R,9,4,OPTIMAL,724.2876,9,4,3,1,5,0.4444,627.0462,0.0,97.2414,60,3.0,2.0,1.0
035_R205,35,R,9,5,OPTIMAL,1564.7012,9,8,8,0,1,0.8889,1551.4669,0.0,13.2344,60,3.0,2.0,1.0
035_R205,35,R,9,6,OPTIMAL,1211.7116,9,8,7,1,1,0.8889,1197.7783,0.0,13.9333,60,3.0,2.0,1.0
035_R205,35,R,9,7,OPTIMAL,880.3118,9,7,6,1,2,0.7778,849.0535,0.0,31.2583,60,3.0,2.0,1.0
035_R205,35,R,9,8,OPTIMAL,1059.918,9,6,5,1,3,0.6667,1041.9091,0.0,18.0089,60,3.0,2.0,1.0
035_R205,35,R,9,9,OPTIMAL,1135.7417,9,6,6,0,3,0.6667,1113.3677,0.0,22.374,60,3.0,2.0,1.0
035_R210,35,R,3,0,OPTIMAL,464.759,3,3,3,0,0,1.0,464.759,0.0,0.0,60,3.0,2.0,1.0
035_R210,35,R,3,1,OPTIMAL,383.61,3,2,2,0,1,0.6667,366.973,0.0,16.637,60,3.0,2.0,1.0
035_R210,35,R,3,2,OPTIMAL,415.8995,3,2,2,0,1,0.6667,401.4875,0.0,14.4121,60,3.0,2.0,1.0
035_R210,35,R,3,3,OPTIMAL,372.7823,3,2,1,1,1,0.6667,362.7432,0.0,10.039,60,3.0,2.0,1.0
035_R210,35,R,3,4,OPTIMAL,579.2878,3,3,3,0,0,1.0,579.2878,0.0,0.0,60,3.0,2.0,1.0
035_R210,35,R,3,5,OPTIMAL,387.0179,3,2,2,0,1,0.6667,372.0826,0.0,14.9353,60,3.0,2.0,1.0
035_R210,35,R,3,6,OPTIMAL,623.5825,3,3,3,0,0,1.0,623.5825,0.0,0.0,60,3.0,2.0,1.0
035_R210,35,R,3,7,OPTIMAL,305.3248,3,3,3,0,0,1.0,305.3248,0.0,0.0,60,3.0,2.0,1.0
035_R210,35,R,3,8,OPTIMAL,496.5119,3,3,3,0,0,1.0,496.5119,0.0,0.0,60,3.0,2.0,1.0
035_R210,35,R,3,9,OPTIMAL,260.2521,3,2,2,0,1,0.6667,237.6131,0.0,22.6389,60,3.0,2.0,1.0
035_R210,35,R,6,0,OPTIMAL,735.717,6,5,5,0,1,0.8333,733.5563,0.0,2.1607,60,3.0,2.0,1.0
035_R210,35,R,6,1,OPTIMAL,810.8177,6,4,3,1,2,0.6667,786.9877,0.0,23.83,60,3.0,2.0,1.0
035_R210,35,R,6,2,OPTIMAL,1008.9043,6,6,6,0,0,1.0,1008.9043,0.0,0.0,60,3.0,2.0,1.0
035_R210,35,R,6,3,OPTIMAL,763.7785,6,4,4,0,2,0.6667,738.1223,0.0,25.6562,60,3.0,2.0,1.0
035_R210,35,R,6,4,OPTIMAL,775.8036,6,5,5,0,1,0.8333,750.3998,0.0,25.4038,60,3.0,2.0,1.0
035_R210,35,R,6,5,OPTIMAL,754.9183,6,5,5,0,1,0.8333,754.7877,0.0,0.1306,60,3.0,2.0,1.0
035_R210,35,R,6,6,OPTIMAL,867.9792,6,5,5,0,1,0.8333,867.1189,0.0,0.8603,60,3.0,2.0,1.0
035_R210,35,R,6,7,OPTIMAL,927.7149,6,5,5,0,1,0.8333,927.7089,0.0,0.006,60,3.0,2.0,1.0
035_R210,35,R,6,8,OPTIMAL,491.2253,6,2,2,0,4,0.3333,446.9368,0.0,44.2885,60,3.0,2.0,1.0
035_R210,35,R,6,9,OPTIMAL,893.1026,6,5,4,1,1,0.8333,888.44,0.0,4.6627,60,3.0,2.0,1.0
035_R210,35,R,9,0,OPTIMAL,1293.2629,9,8,8,0,1,0.8889,1271.9434,0.0,21.3195,60,3.0,2.0,1.0
035_R210,35,R,9,1,OPTIMAL,1438.1125,9,8,7,1,1,0.8889,1437.897,0.0,0.2155,60,3.0,2.0,1.0
035_R210,35,R,9,2,OPTIMAL,1500.8385,9,8,8,0,1,0.8889,1490.8939,0.0,9.9446,60,3.0,2.0,1.0
035_R210,35,R,9,3,OPTIMAL,999.3093,9,5,5,0,4,0.5556,977.8203,0.0,21.489,60,3.0,2.0,1.0
035_R210,35,R,9,4,OPTIMAL,880.4057,9,5,5,0,4,0.5556,809.9279,0.0,70.4778,60,3.0,2.0,1.0
035_R210,35,R,9,5,OPTIMAL,1487.9458,9,8,8,0,1,0.8889,1484.7512,0.0,3.1945,60,3.0,2.0,1.0
035_R210,35,R,9,6,OPTIMAL,1079.7572,9,6,5,1,3,0.6667,1054.0429,0.0,25.7143,60,3.0,2.0,1.0
035_R210,35,R,9,7,OPTIMAL,945.8295,9,8,8,0,1,0.8889,927.9408,0.0,17.8887,60,3.0,2.0,1.0
035_R210,35,R,9,8,OPTIMAL,1375.9738,9,7,7,0,2,0.7778,1360.0948,0.0,15.879,60,3.0,2.0,1.0
035_R210,35,R,9,9,OPTIMAL,1496.8983,9,8,8,0,1,0.8889,1495.7692,0.0,1.1291,60,3.0,2.0,1.0
035_RC101,35,RC,3,0,OPTIMAL,640.8868,3,3,3,0,0,1.0,640.8868,0.0,0.0,60,3.0,2.0,1.0
035_RC101,35,RC,3,1,OPTIMAL,762.5925,3,3,3,0,0,1.0,762.5925,0.0,0.0,60,3.0,2.0,1.0
035_RC101,35,RC,3,2,OPTIMAL,823.7756,3,3,3,0,0,1.0,823.7756,0.0,0.0,60,3.0,2.0,1.0
035_RC101,35,RC,3,3,OPTIMAL,716.5444,3,3,3,0,0,1.0,716.5444,0.0,0.0,60,3.0,2.0,1.0
035_RC101,35,RC,3,4,OPTIMAL,717.7132,3,3,3,0,0,1.0,717.7132,0.0,0.0,60,3.0,2.0,1.0
035_RC101,35,RC,3,5,OPTIMAL,728.9829,3,3,3,0,0,1.0,728.9829,0.0,0.0,60,3.0,2.0,1.0
035_RC101,35,RC,3,6,OPTIMAL,773.7784,3,3,3,0,0,1.0,773.7784,0.0,0.0,60,3.0,2.0,1.0
035_RC101,35,RC,3,7,OPTIMAL,729.4931,3,3,3,0,0,1.0,729.4931,0.0,0.0,60,3.0,2.0,1.0
035_RC101,35,RC,3,8,OPTIMAL,750.2275,3,3,3,0,0,1.0,750.2275,0.0,0.0,60,3.0,2.0,1.0
035_RC101,35,RC,3,9,OPTIMAL,648.1427,3,3,3,0,0,1.0,648.1427,0.0,0.0,60,3.0,2.0,1.0
035_RC101,35,RC,6,0,OPTIMAL,1369.9099,6,6,6,0,0,1.0,1369.9099,0.0,0.0,60,3.0,2.0,1.0
035_RC101,35,RC,6,1,OPTIMAL,1397.5727,6,6,6,0,0,1.0,1397.5727,0.0,0.0,60,3.0,2.0,1.0
035_RC101,35,RC,6,2,OPTIMAL,1336.8126,6,6,6,0,0,1.0,1336.8126,0.0,0.0,60,3.0,2.0,1.0
035_RC101,35,RC,6,3,OPTIMAL,1391.6082,6,6,6,0,0,1.0,1391.6082,0.0,0.0,60,3.0,2.0,1.0
035_RC101,35,RC,6,4,OPTIMAL,1382.6642,6,6,6,0,0,1.0,1382.6642,0.0,0.0,60,3.0,2.0,1.0
035_RC101,35,RC,6,5,OPTIMAL,1484.6278,6,6,6,0,0,1.0,1484.6278,0.0,0.0,60,3.0,2.0,1.0
035_RC101,35,RC,6,6,OPTIMAL,1317.7044,6,6,6,0,0,1.0,1317.7044,0.0,0.0,60,3.0,2.0,1.0
035_RC101,35,RC,6,7,OPTIMAL,1394.9122,6,6,6,0,0,1.0,1394.9122,0.0,0.0,60,3.0,2.0,1.0
035_RC101,35,RC,6,8,OPTIMAL,1583.3161,6,6,6,0,0,1.0,1583.3161,0.0,0.0,60,3.0,2.0,1.0
035_RC101,35,RC,6,9,OPTIMAL,1378.2797,6,6,6,0,0,1.0,1378.2797,0.0,0.0,60,3.0,2.0,1.0
035_RC101,35,RC,9,0,OPTIMAL,2103.0003,9,9,9,0,0,1.0,2103.0003,0.0,0.0,60,3.0,2.0,1.0
035_RC101,35,RC,9,1,OPTIMAL,2297.3077,9,9,9,0,0,1.0,2297.3077,0.0,0.0,60,3.0,2.0,1.0
035_RC101,35,RC,9,2,OPTIMAL,2319.8849,9,9,9,0,0,1.0,2319.8849,0.0,0.0,60,3.0,2.0,1.0
035_RC101,35,RC,9,3,OPTIMAL,2146.4559,9,9,9,0,0,1.0,2146.4559,0.0,0.0,60,3.0,2.0,1.0
035_RC101,35,RC,9,4,OPTIMAL,2350.3146,9,9,9,0,0,1.0,2350.3146,0.0,0.0,60,3.0,2.0,1.0
035_RC101,35,RC,9,5,OPTIMAL,2043.8702,9,9,9,0,0,1.0,2043.8702,0.0,0.0,60,3.0,2.0,1.0
035_RC101,35,RC,9,6,OPTIMAL,2129.3224,9,9,9,0,0,1.0,2129.3224,0.0,0.0,60,3.0,2.0,1.0
035_RC101,35,RC,9,7,OPTIMAL,2205.8184,9,9,9,0,0,1.0,2205.8184,0.0,0.0,60,3.0,2.0,1.0
035_RC101,35,RC,9,8,OPTIMAL,2275.1879,9,9,9,0,0,1.0,2275.1879,0.0,0.0,60,3.0,2.0,1.0
035_RC101,35,RC,9,9,OPTIMAL,2017.3019,9,9,9,0,0,1.0,2017.3019,0.0,0.0,60,3.0,2.0,1.0
