instance,size,class,level,seed_idx,status,objective,n_emergencies,n_outsourced,n_outsourced_infeasible,n_outsourced_economic,n_inserted,frac_outsourced,outsourcing,tw_penalty,completion_penalty,W,LAMBDA,PI_S,PI_C
010_C101,10,C,1,0,OPTIMAL,6.4458,1,0,0,0,1,0.0,0.0,0.0,6.4458,120,0.5,2.0,1.0
010_C101,10,C,1,1,OPTIMAL,2.8206,1,0,0,0,1,0.0,0.0,0.0,2.8206,120,0.5,2.0,1.0
010_C101,10,C,1,2,OPTIMAL,7.8471,1,0,0,0,1,0.0,0.0,0.0,7.8471,120,0.5,2.0,1.0
010_C101,10,C,1,3,OPTIMAL,28.8461,1,1,0,1,0,1.0,28.8461,0.0,0.0,120,0.5,2.0,1.0
010_C101,10,C,1,4,OPTIMAL,30.4527,1,1,1,0,0,1.0,30.4527,0.0,0.0,120,0.5,2.0,1.0
010_C101,10,C,1,5,OPTIMAL,36.7772,1,1,1,0,0,1.0,36.7772,0.0,0.0,120,0.5,2.0,1.0
010_C101,10,C,1,6,OPTIMAL,8.7068,1,1,1,0,0,1.0,8.7068,0.0,0.0,120,0.5,2.0,1.0
010_C101,10,C,1,7,OPTIMAL,18.7392,1,1,1,0,0,1.0,18.7392,0.0,0.0,120,0.5,2.0,1.0
010_C101,10,C,1,8,OPTIMAL,5.5276,1,0,0,0,1,0.0,0.0,0.0,5.5276,120,0.5,2.0,1.0
010_C101,10,C,1,9,OPTIMAL,16.0223,1,1,1,0,0,1.0,16.0223,0.0,0.0,120,0.5,2.0,1.0
010_C101,10,C,2,0,OPTIMAL,60.6158,2,2,1,1,0,1.0,60.6158,0.0,0.0,120,0.5,2.0,1.0
010_C101,10,C,2,1,OPTIMAL,57.703,2,2,2,0,0,1.0,57.703,0.0,0.0,120,0.5,2.0,1.0
010_C101,10,C,2,2,OPTIMAL,37.5672,2,2,2,0,0,1.0,37.5672,0.0,0.0,120,0.5,2.0,1.0
010_C101,10,C,2,3,OPTIMAL,13.3081,2,1,1,0,1,0.5,12.1366,0.0,1.1714,120,0.5,2.0,1.0
010_C101,10,C,2,4,OPTIMAL,48.0265,2,2,2,0,0,1.0,48.0265,0.0,0.0,120,0.5,2.0,1.0
010_C101,10,C,2,5,OPTIMAL,21.568,2,1,1,0,1,0.5,15.937,0.0,5.631,120,0.5,2.0,1.0
010_C101,10,C,2,6,OPTIMAL,55.4842,2,2,2,0,0,1.0,55.4842,0.0,0.0,120,0.5,2.0,1.0
010_C101,10,C,2,7,OPTIMAL,10.2252,2,1,0,1,1,0.5,10.1562,0.0,0.069,120,0.5,2.0,1.0
010_C101,10,C,2,8,OPTIMAL,29.3625,2,2,1,1,0,1.0,29.3625,0.0,0.0,120,0.5,2.0,1.0
010_C101,10,C,2,9,OPTIMAL,61.3785,2,2,2,0,0,1.0,61.3785,0.0,0.0,120,0.5,2.0,1.0
010_C101,10,C,3,0,OPTIMAL,75.1647,3,3,3,0,0,1.0,75.1647,0.0,0.0,120,0.5,2.0,1.0
010_C101,10,C,3,1,OPTIMAL,65.8694,3,3,3,0,0,1.0,65.8694,0.0,0.0,120,0.5,2.0,1.0
010_C101,10,C,3,2,OPTIMAL,73.3618,3,3,3,0,0,1.0,73.3618,0.0,0.0,120,0.5,2.0,1.0
010_C101,10,C,3,3,OPTIMAL,56.8003,3,2,1,1,1,0.6667,51.1072,0.0,5.6931,120,0.5,2.0,1.0
010_C101,10,C,3,4,OPTIMAL,52.3058,3,3,3,0,0,1.0,52.3058,0.0,0.0,120,0.5,2.0,1.0
010_C101,10,C,3,5,OPTIMAL,28.2584,3,2,2,0,1,0.6667,27.4472,0.0,0.8111,120,0.5,2.0,1.0
010_C101,10,C,3,6,OPTIMAL,12.1061,3,1,0,1,2,0.3333,10.6857,0.0,1.4204,120,0.5,2.0,1.0
010_C101,10,C,3,7,OPTIMAL,49.1613,3,1,0,1,2,0.3333,40.5611,0.0,8.6002,120,0.5,2.0,1.0
010_C101,10,C,3,8,OPTIMAL,55.3325,3,2,2,0,1,0.6667,51.927,0.0,3.4054,120,0.5,2.0,1.0
010_C101,10,C,3,9,OPTIMAL,31.7333,3,2,1,1,1,0.6667,30.8673,0.0,0.866,120,0.5,2.0,1.0
010_C102,10,C,1,0,OPTIMAL,12.554,1,1,0,1,0,1.0,12.554,0.0,0.0,120,0.5,2.0,1.0
010_C102,10,C,1,1,OPTIMAL,14.1165,1,1,1,0,0,1.0,14.1165,0.0,0.0,120,0.5,2.0,1.0
010_C102,10,C,1,2,OPTIMAL,20.0934,1,1,0,1,0,1.0,20.0934,0.0,0.0,120,0.5,2.0,1.0
010_C102,10,C,1,3,OPTIMAL,28.8461,1,1,1,0,0,1.0,28.8461,0.0,0.0,120,0.5,2.0,1.0
010_C102,10,C,1,4,OPTIMAL,30.4527,1,1,1,0,0,1.0,30.4527,0.0,0.0,120,0.5,2.0,1.0
010_C102,10,C,1,5,OPTIMAL,36.7772,1,1,1,0,0,1.0,36.7772,0.0,0.0,120,0.5,2.0,1.0
010_C102,10,C,1,6,OPTIMAL,8.7068,1,1,1,0,0,1.0,8.7068,0.0,0.0,120,0.5,2.0,1.0
010_C102,10,C,1,7,OPTIMAL,18.7392,1,1,1,0,0,1.0,18.7392,0.0,0.0,120,0.5,2.0,1.0
010_C102,10,C,1,8,OPTIMAL,17.8356,1,1,1,0,0,1.0,17.8356,0.0,0.0,120,0.5,2.0,1.0
010_C102,10,C,1,9,OPTIMAL,16.0223,1,1,1,0,0,1.0,16.0223,0.0,0.0,120,0.5,2.0,1.0
010_C102,10,C,2,0,OPTIMAL,60.6158,2,2,1,1,0,1.0,60.6158,0.0,0.0,120,0.5,2.0,1.0
010_C102,10,C,2,1,OPTIMAL,57.703,2,2,2,0,0,1.0,57.703,0.0,0.0,120,0.5,2.0,1.0
010_C102,10,C,2,2,OPTIMAL,37.5672,2,2,2,0,0,1.0,37.5672,0.0,0.0,120,0.5,2.0,1.0
010_C102,10,C,2,3,OPTIMAL,32.0264,2,2,2,0,0,1.0,32.0264,0.0,0.0,120,0.5,2.0,1.0
010_C102,10,C,2,4,OPTIMAL,48.0265,2,2,2,0,0,1.0,48.0265,0.0,0.0,120,0.5,2.0,1.0
010_C102,10,C,2,5,OPTIMAL,21.568,2,1,1,0,1,0.5,15.937,0.0,5.631,120,0.5,2.0,1.0
010_C102,10,C,2,6,OPTIMAL,55.4842,2,2,2,0,0,1.0,55.4842,0.0,0.0,120,0.5,2.0,1.0
010_C102,10,C,2,7,OPTIMAL,30.1956,2,2,2,0,0,1.0,30.1956,0.0,0.0,120,0.5,2.0,1.0
010_C102,10,C,2,8,OPTIMAL,29.3625,2,2,2,0,0,1.0,29.3625,0.0,0.0,120,0.5,2.0,1.0
010_C102,10,C,2,9,OPTIMAL,61.3785,2,2,2,0,0,1.0,61.3785,0.0,0.0,120,0.5,2.0,1.0
010_C102,10,C,3,0,OPTIMAL,75.1647,3,3,3,0,0,1.0,75.1647,0.0,0.0,120,0.5,2.0,1.0
010_C102,10,C,3,1,OPTIMAL,65.8694,3,3,3,0,0,1.0,65.8694,0.0,0.0,120,0.5,2.0,1.0
010_C102,10,C,3,2,OPTIMAL,73.3618,3,3,3,0,0,1.0,73.3618,0.0,0.0,120,0.5,2.0,1.0
010_C102,10,C,3,3,OPTIMAL,56.8003,3,2,2,0,1,0.6667,51.1072,0.0,5.6931,120,0.5,2.0,1.0
010_C102,10,C,3,4,OPTIMAL,52.3058,3,3,3,0,0,1.0,52.3058,0.0,0.0,120,0.5,2.0,1.0
010_C102,10,C,3,5,OPTIMAL,65.9301,3,3,3,0,0,1.0,65.9301,0.0,0.0,120,0.5,2.0,1.0
010_C102,10,C,3,6,OPTIMAL,47.0135,3,3,3,0,0,1.0,47.0135,0.0,0.0,120,0.5,2.0,1.0
010_C102,10,C,3,7,OPTIMAL,80.6572,3,3,3,0,0,1.0,80.6572,0.0,0.0,120,0.5,2.0,1.0
010_C102,10,C,3,8,OPTIMAL,55.3325,3,2,2,0,1,0.6667,51.927,0.0,3.4054,120,0.5,2.0,1.0
010_C102,10,C,3,9,OPTIMAL,48.0065,3,3,3,0,0,1.0,48.0065,0.0,0.0,120,0.5,2.0,1.0
010_C103,10,C,1,0,OPTIMAL,12.554,1,1,0,1,0,1.0,12.554,0.0,0.0,120,0.5,2.0,1.0
010_C103,10,C,1,1,OPTIMAL,14.1165,1,1,1,0,0,1.0,14.1165,0.0,0.0,120,0.5,2.0,1.0
010_C103,10,C,1,2,OPTIMAL,20.0934,1,1,0,1,0,1.0,20.0934,0.0,0.0,120,0.5,2.0,1.0
010_C103,10,C,1,3,OPTIMAL,28.8461,1,1,1,0,0,1.0,28.8461,0.0,0.0,120,0.5,2.0,1.0
010_C103,10,C,1,4,OPTIMAL,30.4527,1,1,1,0,0,1.0,30.4527,0.0,0.0,120,0.5,2.0,1.0
010_C103,10,C,1,5,OPTIMAL,36.7772,1,1,1,0,0,1.0,36.7772,0.0,0.0,120,0.5,2.0,1.0
010_C103,10,C,1,6,OPTIMAL,8.7068,1,1,1,0,0,1.0,8.7068,0.0,0.0,120,0.5,2.0,1.0
010_C103,10,C,1,7,OPTIMAL,18.7392,1,1,1,0,0,1.0,18.7392,0.0,0.0,120,0.5,2.0,1.0
010_C103,10,C,1,8,OPTIMAL,17.8356,1,1,1,0,0,1.0,17.8356,0.0,0.0,120,0.5,2.0,1.0
010_C103,10,C,1,9,OPTIMAL,16.0223,1,1,1,0,0,1.0,16.0223,0.0,0.0,120,0.5,2.0,1.0
010_C103,10,C,2,0,OPTIMAL,60.6158,2,2,1,1,0,1.0,60.6158,0.0,0.0,120,0.5,2.0,1.0
010_C103,10,C,2,1,OPTIMAL,57.703,2,2,2,0,0,1.0,57.703,0.0,0.0,120,0.5,2.0,1.0
010_C103,10,C,2,2,OPTIMAL,37.5672,2,2,2,0,0,1.0,37.5672,0.0,0.0,120,0.5,2.0,1.0
010_C103,10,C,2,3,OPTIMAL,32.0264,2,2,2,0,0,1.0,32.0264,0.0,0.0,120,0.5,2.0,1.0
010_C103,10,C,2,4,OPTIMAL,48.0265,2,2,2,0,0,1.0,48.0265,0.0,0.0,120,0.5,2.0,1.0
010_C103,10,C,2,5,OPTIMAL,26.3375,2,2,2,0,0,1.0,26.3375,0.0,0.0,120,0.5,2.0,1.0
010_C103,10,C,2,6,OPTIMAL,55.4842,2,2,2,0,0,1.0,55.4842,0.0,0.0,120,0.5,2.0,1.0
010_C103,10,C,2,7,OPTIMAL,30.1956,2,2,2,0,0,1.0,30.1956,0.0,0.0,120,0.5,2.0,1.0
010_C103,10,C,2,8,OPTIMAL,29.3625,2,2,2,0,0,1.0,29.3625,0.0,0.0,120,0.5,2.0,1.0
010_C103,10,C,2,9,OPTIMAL,61.3785,2,2,2,0,0,1.0,61.3785,0.0,0.0,120,0.5,2.0,1.0
010_C103,10,C,3,0,OPTIMAL,75.1647,3,3,3,0,0,1.0,75.1647,0.0,0.0,120,0.5,2.0,1.0
010_C103,10,C,3,1,OPTIMAL,65.8694,3,3,3,0,0,1.0,65.8694,0.0,0.0,120,0.5,2.0,1.0
010_C103,10,C,3,2,OPTIMAL,73.3618,3,3,3,0,0,1.0,73.3618,0.0,0.0,120,0.5,2.0,1.0
010_C103,10,C,3,3,OPTIMAL,61.6698,3,3,3,0,0,1.0,61.6698,0.0,0.0,120,0.5,2.0,1.0
010_C103,10,C,3,4,OPTIMAL,52.3058,3,3,3,0,0,1.0,52.3058,0.0,0.0,120,0.5,2.0,1.0
010_C103,10,C,3,5,OPTIMAL,65.9301,3,3,3,0,0,1.0,65.9301,0.0,0.0,120,0.5,2.0,1.0
010_C103,10,C,3,6,OPTIMAL,47.0135,3,3,3,0,0,1.0,47.0135,0.0,0.0,120,0.5,2.0,1.0
010_C103,10,C,3,7,OPTIMAL,80.6572,3,3,3,0,0,1.0,80.6572,0.0,0.0,120,0.5,2.0,1.0
010_C103,10,C,3,8,OPTIMAL,68.698,3,3,3,0,0,1.0,68.698,0.0,0.0,120,0.5,2.0,1.0
010_C103,10,C,3,9,OPTIMAL,48.0065,3,3,3,0,0,1.0,48.0065,0.0,0.0,120,0.5,2.0,1.0
010_C104,10,C,1,0,OPTIMAL,12.554,1,1,0,1,0,1.0,12.554,0.0,0.0,120,0.5,2.0,1.0
010_C104,10,C,1,1,OPTIMAL,14.1165,1,1,1,0,0,1.0,14.1165,0.0,0.0,120,0.5,2.0,1.0
010_C104,10,C,1,2,OPTIMAL,20.0934,1,1,0,1,0,1.0,20.0934,0.0,0.0,120,0.5,2.0,1.0
010_C104,10,C,1,3,OPTIMAL,28.8461,1,1,1,0,0,1.0,28.8461,0.0,0.0,120,0.5,2.0,1.0
010_C104,10,C,1,4,OPTIMAL,30.4527,1,1,1,0,0,1.0,30.4527,0.0,0.0,120,0.5,2.0,1.0
010_C104,10,C,1,5,OPTIMAL,36.7772,1,1,1,0,0,1.0,36.7772,0.0,0.0,120,0.5,2.0,1.0
010_C104,10,C,1,6,OPTIMAL,8.7068,1,1,1,0,0,1.0,8.7068,0.0,0.0,120,0.5,2.0,1.0
010_C104,10,C,1,7,OPTIMAL,18.7392,1,1,1,0,0,1.0,18.7392,0.0,0.0,120,0.5,2.0,1.0
010_C104,10,C,1,8,OPTIMAL,17.8356,1,1,1,0,0,1.0,17.8356,0.0,0.0,120,0.5,2.0,1.0
010_C104,10,C,1,9,OPTIMAL,16.0223,1,1,1,0,0,1.0,16.0223,0.0,0.0,120,0.5,2.0,1.0
010_C104,10,C,2,0,OPTIMAL,60.6158,2,2,1,1,0,1.0,60.6158,0.0,0.0,120,0.5,2.0,1.0
010_C104,10,C,2,1,OPTIMAL,57.703,2,2,2,0,0,1.0,57.703,0.0,0.0,120,0.5,2.0,1.0
010_C104,10,C,2,2,OPTIMAL,37.5672,2,2,2,0,0,1.0,37.5672,0.0,0.0,120,0.5,2.0,1.0
010_C104,10,C,2,3,OPTIMAL,32.0264,2,2,2,0,0,1.0,32.0264,0.0,0.0,120,0.5,2.0,1.0
010_C104,10,C,2,4,OPTIMAL,48.0265,2,2,2,0,0,1.0,48.0265,0.0,0.0,120,0.5,2.0,1.0
010_C104,10,C,2,5,OPTIMAL,26.3375,2,2,2,0,0,1.0,26.3375,0.0,0.0,120,0.5,2.0,1.0
010_C104,10,C,2,6,OPTIMAL,55.4842,2,2,2,0,0,1.0,55.4842,0.0,0.0,120,0.5,2.0,1.0
010_C104,10,C,2,7,OPTIMAL,30.1956,2,2,2,0,0,1.0,30.1956,0.0,0.0,120,0.5,2.0,1.0
010_C104,10,C,2,8,OPTIMAL,29.3625,2,2,2,0,0,1.0,29.3625,0.0,0.0,120,0.5,2.0,1.0
010_C104,10,C,2,9,OPTIMAL,61.3785,2,2,2,0,0,1.0,61.3785,0.0,0.0,120,0.5,2.0,1.0
010_C104,10,C,3,0,OPTIMAL,75.1647,3,3,3,0,0,1.0,75.1647,0.0,0.0,120,0.5,2.0,1.0
010_C104,10,C,3,1,OPTIMAL,65.8694,3,3,3,0,0,1.0,65.8694,0.0,0.0,120,0.5,2.0,1.0
010_C104,10,C,3,2,OPTIMAL,73.3618,3,3,3,0,0,1.0,73.3618,0.0,0.0,120,0.5,2.0,1.0
010_C104,10,C,3,3,OPTIMAL,61.6698,3,3,3,0,0,1.0,61.6698,0.0,0.0,120,0.5,2.0,1.0
010_C104,10,C,3,4,OPTIMAL,52.3058,3,3,3,0,0,1.0,52.3058,0.0,0.0,120,0.5,2.0,1.0
010_C104,10,C,3,5,OPTIMAL,65.9301,3,3,3,0,0,1.0,65.9301,0.0,0.0,120,0.5,2.0,1.0
010_C104,10,C,3,6,OPTIMAL,47.0135,3,3,3,0,0,1.0,47.0135,0.0,0.0,120,0.5,2.0,1.0
010_C104,10,C,3,7,OPTIMAL,80.6572,3,3,3,0,0,1.0,80.6572,0.0,0.0,120,0.5,2.0,1.0
010_C104,10,C,3,8,OPTIMAL,68.698,3,3,3,0,0,1.0,68.698,0.0,0.0,120,0.5,2.0,1.0
010_C104,10,C,3,9,OPTIMAL,48.0065,3,3,3,0,0,1.0,48.0065,0.0,0.0,120,0.5,2.0,1.0
010_C105,10,C,1,0,OPTIMAL,6.4458,1,0,0,0,1,0.0,0.0,0.0,6.4458,120,0.5,2.0,1.0
010_C105,10,C,1,1,OPTIMAL,0.0013,1,0,0,0,1,0.0,0.0,0.0,0.0013,120,0.5,2.0,1.0
010_C105,10,C,1,2,OPTIMAL,7.8471,1,0,0,0,1,0.0,0.0,0.0,7.8471,120,0.5,2.0,1.0
010_C105,10,C,1,3,OPTIMAL,28.8461,1,1,0,1,0,1.0,28.8461,0.0,0.0,120,0.5,2.0,1.0
010_C105,10,C,1,4,OPTIMAL,30.4527,1,1,1,0,0,1.0,30.4527,0.0,0.0,120,0.5,2.0,1.0
010_C105,10,C,1,5,OPTIMAL,36.7772,1,1,1,0,0,1.0,36.7772,0.0,0.0,120,0.5,2.0,1.0
010_C105,10,C,1,6,OPTIMAL,8.7068,1,1,1,0,0,1.0,8.7068,0.0,0.0,120,0.5,2.0,1.0
010_C105,10,C,1,7,OPTIMAL,18.7392,1,1,1,0,0,1.0,18.7392,0.0,0.0,120,0.5,2.0,1.0
010_C105,10,C,1,8,OPTIMAL,5.5276,1,0,0,0,1,0.0,0.0,0.0,5.5276,120,0.5,2.0,1.0
010_C105,10,C,1,9,OPTIMAL,16.0223,1,1,1,0,0,1.0,16.0223,0.0,0.0,120,0.5,2.0,1.0
010_C105,10,C,2,0,OPTIMAL,60.6158,2,2,2,0,0,1.0,60.6158,0.0,0.0,120,0.5,2.0,1.0
010_C105,10,C,2,1,OPTIMAL,57.703,2,2,2,0,0,1.0,57.703,0.0,0.0,120,0.5,2.0,1.0
010_C105,10,C,2,2,OPTIMAL,37.5672,2,2,2,0,0,1.0,37.5672,0.0,0.0,120,0.5,2.0,1.0
010_C105,10,C,2,3,OPTIMAL,13.3081,2,1,1,0,1,0.5,12.1366,0.0,1.1714,120,0.5,2.0,1.0
010_C105,10,C,2,4,OPTIMAL,34.5124,2,1,1,0,1,0.5,30.9996,0.0,3.5129,120,0.5,2.0,1.0
010_C105,10,C,2,5,OPTIMAL,21.568,2,1,1,0,1,0.5,15.937,0.0,5.631,120,0.5,2.0,1.0
010_C105,10,C,2,6,OPTIMAL,55.4842,2,2,2,0,0,1.0,55.4842,0.0,0.0,120,0.5,2.0,1.0
010_C105,10,C,2,7,OPTIMAL,10.2252,2,1,1,0,1,0.5,10.1562,0.0,0.069,120,0.5,2.0,1.0
010_C105,10,C,2,8,OPTIMAL,29.3625,2,2,2,0,0,1.0,29.3625,0.0,0.0,120,0.5,2.0,1.0
010_C105,10,C,2,9,OPTIMAL,61.3785,2,2,2,0,0,1.0,61.3785,0.0,0.0,120,0.5,2.0,1.0
010_C105,10,C,3,0,OPTIMAL,75.1647,3,3,3,0,0,1.0,75.1647,0.0,0.0,120,0.5,2.0,1.0
010_C105,10,C,3,1,OPTIMAL,65.8694,3,3,3,0,0,1.0,65.8694,0.0,0.0,120,0.5,2.0,1.0
010_C105,10,C,3,2,OPTIMAL,73.3618,3,3,3,0,0,1.0,73.3618,0.0,0.0,120,0.5,2.0,1.0
010_C105,10,C,3,3,OPTIMAL,46.8132,3,1,1,0,2,0.3333,41.0681,0.0,5.7451,120,0.5,2.0,1.0
010_C105,10,C,3,4,OPTIMAL,52.3058,3,3,3,0,0,1.0,52.3058,0.0,0.0,120,0.5,2.0,1.0
010_C105,10,C,3,5,OPTIMAL,65.9301,3,3,3,0,0,1.0,65.9301,0.0,0.0,120,0.5,2.0,1.0
010_C105,10,C,3,6,OPTIMAL,12.1061,3,1,0,1,2,0.3333,10.6857,0.0,1.4204,120,0.5,2.0,1.0
010_C105,10,C,3,7,OPTIMAL,62.9068,3,2,1,1,1,0.6667,60.951,0.0,1.9558,120,0.5,2.0,1.0
010_C105,10,C,3,8,OPTIMAL,54.5661,3,2,1,1,1,0.6667,51.927,0.0,2.639,120,0.5,2.0,1.0
010_C105,10,C,3,9,OPTIMAL,40.1092,3,2,2,0,1,0.6667,36.5975,0.0,3.5117,120,0.5,2.0,1.0
010_C106,10,C,1,0,OPTIMAL,6.4458,1,0,0,0,1,0.0,0.0,0.0,6.4458,120,0.5,2.0,1.0
010_C106,10,C,1,1,OPTIMAL,0.0013,1,0,0,0,1,0.0,0.0,0.0,0.0013,120,0.5,2.0,1.0
010_C106,10,C,1,2,OPTIMAL,7.8471,1,0,0,0,1,0.0,0.0,0.0,7.8471,120,0.5,2.0,1.0
010_C106,10,C,1,3,OPTIMAL,28.8461,1,1,0,1,0,1.0,28.8461,0.0,0.0,120,0.5,2.0,1.0
010_C106,10,C,1,4,OPTIMAL,30.4527,1,1,1,0,0,1.0,30.4527,0.0,0.0,120,0.5,2.0,1.0
010_C106,10,C,1,5,OPTIMAL,36.7772,1,1,1,0,0,1.0,36.7772,0.0,0.0,120,0.5,2.0,1.0
010_C106,10,C,1,6,OPTIMAL,8.7068,1,1,1,0,0,1.0,8.7068,0.0,0.0,120,0.5,2.0,1.0
010_C106,10,C,1,7,OPTIMAL,18.7392,1,1,1,0,0,1.0,18.7392,0.0,0.0,120,0.5,2.0,1.0
010_C106,10,C,1,8,OPTIMAL,11.0552,1,0,0,0,1,0.0,0.0,0.0,11.0552,120,0.5,2.0,1.0
010_C106,10,C,1,9,OPTIMAL,16.0223,1,1,1,0,0,1.0,16.0223,0.0,0.0,120,0.5,2.0,1.0
010_C106,10,C,2,0,OPTIMAL,60.6158,2,2,2,0,0,1.0,60.6158,0.0,0.0,120,0.5,2.0,1.0
010_C106,10,C,2,1,OPTIMAL,57.703,2,2,2,0,0,1.0,57.703,0.0,0.0,120,0.5,2.0,1.0
010_C106,10,C,2,2,OPTIMAL,37.5672,2,2,2,0,0,1.0,37.5672,0.0,0.0,120,0.5,2.0,1.0
010_C106,10,C,2,3,OPTIMAL,13.3081,2,1,1,0,1,0.5,12.1366,0.0,1.1714,120,0.5,2.0,1.0
010_C106,10,C,2,4,OPTIMAL,48.0265,2,2,2,0,0,1.0,48.0265,0.0,0.0,120,0.5,2.0,1.0
010_C106,10,C,2,5,OPTIMAL,26.3375,2,2,1,1,0,1.0,26.3375,0.0,0.0,120,0.5,2.0,1.0
010_C106,10,C,2,6,OPTIMAL,55.4842,2,2,2,0,0,1.0,55.4842,0.0,0.0,120,0.5,2.0,1.0
010_C106,10,C,2,7,OPTIMAL,10.2252,2,1,0,1,1,0.5,10.1562,0.0,0.069,120,0.5,2.0,1.0
010_C106,10,C,2,8,OPTIMAL,29.3625,2,2,1,1,0,1.0,29.3625,0.0,0.0,120,0.5,2.0,1.0
010_C106,10,C,2,9,OPTIMAL,61.3785,2,2,2,0,0,1.0,61.3785,0.0,0.0,120,0.5,2.0,1.0
010_C106,10,C,3,0,OPTIMAL,75.1647,3,3,3,0,0,1.0,75.1647,0.0,0.0,120,0.5,2.0,1.0
010_C106,10,C,3,1,OPTIMAL,65.8694,3,3,3,0,0,1.0,65.8694,0.0,0.0,120,0.5,2.0,1.0
010_C106,10,C,3,2,OPTIMAL,73.3618,3,3,3,0,0,1.0,73.3618,0.0,0.0,120,0.5,2.0,1.0
010_C106,10,C,3,3,OPTIMAL,61.6698,3,3,1,2,0,1.0,61.6698,0.0,0.0,120,0.5,2.0,1.0
010_C106,10,C,3,4,OPTIMAL,52.3058,3,3,3,0,0,1.0,52.3058,0.0,0.0,120,0.5,2.0,1.0
010_C106,10,C,3,5,OPTIMAL,29.0695,3,2,2,0,1,0.6667,27.4472,0.0,1.6223,120,0.5,2.0,1.0
010_C106,10,C,3,6,OPTIMAL,12.1061,3,1,0,1,2,0.3333,10.6857,0.0,1.4204,120,0.5,2.0,1.0
010_C106,10,C,3,7,OPTIMAL,62.9068,3,2,0,2,1,0.6667,60.951,0.0,1.9558,120,0.5,2.0,1.0
010_C106,10,C,3,8,OPTIMAL,62.1434,3,2,1,1,1,0.6667,51.927,0.0,10.2163,120,0.5,2.0,1.0
010_C106,10,C,3,9,OPTIMAL,48.0065,3,3,1,2,0,1.0,48.0065,0.0,0.0,120,0.5,2.0,1.0
010_C107,10,C,1,0,OPTIMAL,6.4458,1,0,0,0,1,0.0,0.0,0.0,6.4458,120,0.5,2.0,1.0
010_C107,10,C,1,1,OPTIMAL,0.0013,1,0,0,0,1,0.0,0.0,0.0,0.0013,120,0.5,2.0,1.0
010_C107,10,C,1,2,OPTIMAL,7.8471,1,0,0,0,1,0.0,0.0,0.0,7.8471,120,0.5,2.0,1.0
010_C107,10,C,1,3,OPTIMAL,28.8461,1,1,1,0,0,1.0,28.8461,0.0,0.0,120,0.5,2.0,1.0
010_C107,10,C,1,4,OPTIMAL,30.4527,1,1,1,0,0,1.0,30.4527,0.0,0.0,120,0.5,2.0,1.0
010_C107,10,C,1,5,OPTIMAL,36.7772,1,1,1,0,0,1.0,36.7772,0.0,0.0,120,0.5,2.0,1.0
010_C107,10,C,1,6,OPTIMAL,8.7068,1,1,1,0,0,1.0,8.7068,0.0,0.0,120,0.5,2.0,1.0
010_C107,10,C,1,7,OPTIMAL,18.7392,1,1,1,0,0,1.0,18.7392,0.0,0.0,120,0.5,2.0,1.0
010_C107,10,C,1,8,OPTIMAL,1.6558,1,0,0,0,1,0.0,0.0,0.0,1.6558,120,0.5,2.0,1.0
010_C107,10,C,1,9,OPTIMAL,16.0223,1,1,1,0,0,1.0,16.0223,0.0,0.0,120,0.5,2.0,1.0
010_C107,10,C,2,0,OPTIMAL,60.6158,2,2,1,1,0,1.0,60.6158,0.0,0.0,120,0.5,2.0,1.0
010_C107,10,C,2,1,OPTIMAL,57.703,2,2,2,0,0,1.0,57.703,0.0,0.0,120,0.5,2.0,1.0
010_C107,10,C,2,2,OPTIMAL,37.5672,2,2,2,0,0,1.0,37.5672,0.0,0.0,120,0.5,2.0,1.0
010_C107,10,C,2,3,OPTIMAL,15.8273,2,1,1,0,1,0.5,12.1366,0.0,3.6907,120,0.5,2.0,1.0
010_C107,10,C,2,4,OPTIMAL,34.5124,2,1,1,0,1,0.5,30.9996,0.0,3.5129,120,0.5,2.0,1.0
010_C107,10,C,2,5,OPTIMAL,22.3064,2,1,1,0,1,0.5,15.937,0.0,6.3694,120,0.5,2.0,1.0
010_C107,10,C,2,6,OPTIMAL,55.4842,2,2,2,0,0,1.0,55.4842,0.0,0.0,120,0.5,2.0,1.0
010_C107,10,C,2,7,OPTIMAL,10.2252,2,1,1,0,1,0.5,10.1562,0.0,0.069,120,0.5,2.0,1.0
010_C107,10,C,2,8,OPTIMAL,29.3625,2,2,2,0,0,1.0,29.3625,0.0,0.0,120,0.5,2.0,1.0
010_C107,10,C,2,9,OPTIMAL,61.3785,2,2,2,0,0,1.0,61.3785,0.0,0.0,120,0.5,2.0,1.0
010_C107,10,C,3,0,OPTIMAL,75.1647,3,3,3,0,0,1.0,75.1647,0.0,0.0,120,0.5,2.0,1.0
010_C107,10,C,3,1,OPTIMAL,65.8694,3,3,3,0,0,1.0,65.8694,0.0,0.0,120,0.5,2.0,1.0
010_C107,10,C,3,2,OPTIMAL,73.3618,3,3,3,0,0,1.0,73.3618,0.0,0.0,120,0.5,2.0,1.0
010_C107,10,C,3,3,OPTIMAL,51.6827,3,2,2,0,1,0.6667,51.6307,0.0,0.052,120,0.5,2.0,1.0
010_C107,10,C,3,4,OPTIMAL,52.3058,3,3,3,0,0,1.0,52.3058,0.0,0.0,120,0.5,2.0,1.0
010_C107,10,C,3,5,OPTIMAL,65.9301,3,3,2,1,0,1.0,65.9301,0.0,0.0,120,0.5,2.0,1.0
010_C107,10,C,3,6,OPTIMAL,3.9983,3,0,0,0,3,0.0,0.0,0.0,3.9983,120,0.5,2.0,1.0
010_C107,10,C,3,7,OPTIMAL,62.9068,3,2,2,0,1,0.6667,60.951,0.0,1.9558,120,0.5,2.0,1.0
010_C107,10,C,3,8,OPTIMAL,54.5661,3,2,1,1,1,0.6667,51.927,0.0,2.639,120,0.5,2.0,1.0
010_C107,10,C,3,9,OPTIMAL,40.1092,3,2,2,0,1,0.6667,36.5975,0.0,3.5117,120,0.5,2.0,1.0
010_C108,10,C,1,0,OPTIMAL,6.4458,1,0,0,0,1,0.0,0.0,0.0,6.4458,120,0.5,2.0,1.0
010_C108,10,C,1,1,OPTIMAL,0.0013,1,0,0,0,1,0.0,0.0,0.0,0.0013,120,0.5,2.0,1.0
010_C108,10,C,1,2,OPTIMAL,20.0934,1,1,1,0,0,1.0,20.0934,0.0,0.0,120,0.5,2.0,1.0
010_C108,10,C,1,3,OPTIMAL,28.8461,1,1,1,0,0,1.0,28.8461,0.0,0.0,120,0.5,2.0,1.0
010_C108,10,C,1,4,OPTIMAL,30.4527,1,1,1,0,0,1.0,30.4527,0.0,0.0,120,0.5,2.0,1.0
010_C108,10,C,1,5,OPTIMAL,36.7772,1,1,1,0,0,1.0,36.7772,0.0,0.0,120,0.5,2.0,1.0
010_C108,10,C,1,6,OPTIMAL,8.7068,1,1,1,0,0,1.0,8.7068,0.0,0.0,120,0.5,2.0,1.0
010_C108,10,C,1,7,OPTIMAL,18.7392,1,1,1,0,0,1.0,18.7392,0.0,0.0,120,0.5,2.0,1.0
010_C108,10,C,1,8,OPTIMAL,1.6558,1,0,0,0,1,0.0,0.0,0.0,1.6558,120,0.5,2.0,1.0
010_C108,10,C,1,9,OPTIMAL,16.0223,1,1,1,0,0,1.0,16.0223,0.0,0.0,120,0.5,2.0,1.0
010_C108,10,C,2,0,OPTIMAL,60.6158,2,2,1,1,0,1.0,60.6158,0.0,0.0,120,0.5,2.0,1.0
010_C108,10,C,2,1,OPTIMAL,57.703,2,2,2,0,0,1.0,57.703,0.0,0.0,120,0.5,2.0,1.0
010_C108,10,C,2,2,OPTIMAL,37.5672,2,2,2,0,0,1.0,37.5672,0.0,0.0,120,0.5,2.0,1.0
010_C108,10,C,2,3,OPTIMAL,15.8273,2,1,1,0,1,0.5,12.1366,0.0,3.6907,120,0.5,2.0,1.0
010_C108,10,C,2,4,OPTIMAL,33.7281,2,1,1,0,1,0.5,30.9996,0.0,2.7285,120,0.5,2.0,1.0
010_C108,10,C,2,5,OPTIMAL,22.3064,2,1,1,0,1,0.5,15.937,0.0,6.3694,120,0.5,2.0,1.0
010_C108,10,C,2,6,OPTIMAL,55.4842,2,2,2,0,0,1.0,55.4842,0.0,0.0,120,0.5,2.0,1.0
010_C108,10,C,2,7,OPTIMAL,10.2252,2,1,1,0,1,0.5,10.1562,0.0,0.069,120,0.5,2.0,1.0
010_C108,10,C,2,8,OPTIMAL,29.3625,2,2,2,0,0,1.0,29.3625,0.0,0.0,120,0.5,2.0,1.0
010_C108,10,C,2,9,OPTIMAL,23.1793,2,1,1,0,1,0.5,21.4525,0.0,1.7268,120,0.5,2.0,1.0
010_C108,10,C,3,0,OPTIMAL,75.1647,3,3,3,0,0,1.0,75.1647,0.0,0.0,120,0.5,2.0,1.0
010_C108,10,C,3,1,OPTIMAL,65.8694,3,3,3,0,0,1.0,65.8694,0.0,0.0,120,0.5,2.0,1.0
010_C108,10,C,3,2,OPTIMAL,73.3618,3,3,3,0,0,1.0,73.3618,0.0,0.0,120,0.5,2.0,1.0
010_C108,10,C,3,3,OPTIMAL,47.5637,3,1,1,0,2,0.3333,41.0681,0.0,6.4956,120,0.5,2.0,1.0
010_C108,10,C,3,4,OPTIMAL,52.3058,3,3,3,0,0,1.0,52.3058,0.0,0.0,120,0.5,2.0,1.0
010_C108,10,C,3,5,OPTIMAL,65.9301,3,3,2,1,0,1.0,65.9301,0.0,0.0,120,0.5,2.0,1.0
010_C108,10,C,3,6,OPTIMAL,3.9983,3,0,0,0,3,0.0,0.0,0.0,3.9983,120,0.5,2.0,1.0
010_C108,10,C,3,7,OPTIMAL,62.9068,3,2,2,0,1,0.6667,60.951,0.0,1.9558,120,0.5,2.0,1.0
010_C108,10,C,3,8,OPTIMAL,52.5163,3,2,2,0,1,0.6667,51.927,0.0,0.5893,120,0.5,2.0,1.0
010_C108,10,C,3,9,OPTIMAL,40.1092,3,2,2,0,1,0.6667,36.5975,0.0,3.5117,120,0.5,2.0,1.0
010_C109,10,C,1,0,OPTIMAL,6.4458,1,0,0,0,1,0.0,0.0,0.0,6.4458,120,0.5,2.0,1.0
010_C109,10,C,1,1,OPTIMAL,0.3563,1,0,0,0,1,0.0,0.0,0.0,0.3563,120,0.5,2.0,1.0
010_C109,10,C,1,2,OPTIMAL,2.6927,1,0,0,0,1,0.0,0.0,0.0,2.6927,120,0.5,2.0,1.0
010_C109,10,C,1,3,OPTIMAL,28.8461,1,1,1,0,0,1.0,28.8461,0.0,0.0,120,0.5,2.0,1.0
010_C109,10,C,1,4,OPTIMAL,30.4527,1,1,1,0,0,1.0,30.4527,0.0,0.0,120,0.5,2.0,1.0
010_C109,10,C,1,5,OPTIMAL,36.7772,1,1,1,0,0,1.0,36.7772,0.0,0.0,120,0.5,2.0,1.0
010_C109,10,C,1,6,OPTIMAL,8.7068,1,1,1,0,0,1.0,8.7068,0.0,0.0,120,0.5,2.0,1.0
010_C109,10,C,1,7,OPTIMAL,18.7392,1,1,1,0,0,1.0,18.7392,0.0,0.0,120,0.5,2.0,1.0
010_C109,10,C,1,8,OPTIMAL,0.0511,1,0,0,0,1,0.0,0.0,0.0,0.0511,120,0.5,2.0,1.0
010_C109,10,C,1,9,OPTIMAL,16.0223,1,1,1,0,0,1.0,16.0223,0.0,0.0,120,0.5,2.0,1.0
010_C109,10,C,2,0,OPTIMAL,60.6158,2,2,1,1,0,1.0,60.6158,0.0,0.0,120,0.5,2.0,1.0
010_C109,10,C,2,1,OPTIMAL,19.5434,2,1,1,0,1,0.5,17.6163,0.0,1.9271,120,0.5,2.0,1.0
010_C109,10,C,2,2,OPTIMAL,37.5672,2,2,2,0,0,1.0,37.5672,0.0,0.0,120,0.5,2.0,1.0
010_C109,10,C,2,3,OPTIMAL,32.0264,2,2,2,0,0,1.0,32.0264,0.0,0.0,120,0.5,2.0,1.0
010_C109,10,C,2,4,OPTIMAL,31.658,2,1,1,0,1,0.5,30.9996,0.0,0.6585,120,0.5,2.0,1.0
010_C109,10,C,2,5,OPTIMAL,26.3375,2,2,1,1,0,1.0,26.3375,0.0,0.0,120,0.5,2.0,1.0
010_C109,10,C,2,6,OPTIMAL,55.4842,2,2,2,0,0,1.0,55.4842,0.0,0.0,120,0.5,2.0,1.0
010_C109,10,C,2,7,OPTIMAL,13.0794,2,1,1,0,1,0.5,10.1562,0.0,2.9232,120,0.5,2.0,1.0
010_C109,10,C,2,8,OPTIMAL,29.3625,2,2,2,0,0,1.0,29.3625,0.0,0.0,120,0.5,2.0,1.0
010_C109,10,C,2,9,OPTIMAL,23.1793,2,1,1,0,1,0.5,21.4525,0.0,1.7268,120,0.5,2.0,1.0
010_C109,10,C,3,0,OPTIMAL,75.1647,3,3,3,0,0,1.0,75.1647,0.0,0.0,120,0.5,2.0,1.0
010_C109,10,C,3,1,OPTIMAL,65.8694,3,3,3,0,0,1.0,65.8694,0.0,0.0,120,0.5,2.0,1.0
010_C109,10,C,3,2,OPTIMAL,73.3618,3,3,3,0,0,1.0,73.3618,0.0,0.0,120,0.5,2.0,1.0
010_C109,10,C,3,3,OPTIMAL,24.6124,3,2,1,1,1,0.6667,20.6017,0.0,4.0107,120,0.5,2.0,1.0
010_C109,10,C,3,4,OPTIMAL,52.3058,3,3,3,0,0,1.0,52.3058,0.0,0.0,120,0.5,2.0,1.0
010_C109,10,C,3,5,OPTIMAL,65.9301,3,3,2,1,0,1.0,65.9301,0.0,0.0,120,0.5,2.0,1.0
010_C109,10,C,3,6,OPTIMAL,30.0565,3,2,1,1,1,0.6667,26.732,0.0,3.3245,120,0.5,2.0,1.0
010_C109,10,C,3,7,OPTIMAL,64.3025,3,2,2,0,1,0.6667,60.951,0.0,3.3515,120,0.5,2.0,1.0
010_C109,10,C,3,8,OPTIMAL,42.941,3,1,1,0,2,0.3333,35.7663,0.0,7.1746,120,0.5,2.0,1.0
010_C109,10,C,3,9,OPTIMAL,48.0065,3,3,3,0,0,1.0,48.0065,0.0,0.0,120,0.5,2.0,1.0
010_C201,10,C,1,0,OPTIMAL,12.7129,1,1,1,0,0,1.0,12.7129,0.0,0.0,120,0.5,2.0,1.0
010_C201,10,C,1,1,OPTIMAL,27.2075,1,1,1,0,0,1.0,27.2075,0.0,0.0,120,0.5,2.0,1.0
010_C201,10,C,1,2,OPTIMAL,27.0952,1,1,1,0,0,1.0,27.0952,0.0,0.0,120,0.5,2.0,1.0
010_C201,10,C,1,3,OPTIMAL,1.4632,1,0,0,0,1,0.0,0.0,0.0,1.4632,120,0.5,2.0,1.0
010_C201,10,C,1,4,OPTIMAL,23.5985,1,1,1,0,0,1.0,23.5985,0.0,0.0,120,0.5,2.0,1.0
010_C201,10,C,1,5,OPTIMAL,20.4266,1,1,1,0,0,1.0,20.4266,0.0,0.0,120,0.5,2.0,1.0
010_C201,10,C,1,6,OPTIMAL,27.2405,1,1,1,0,0,1.0,27.2405,0.0,0.0,120,0.5,2.0,1.0
010_C201,10,C,1,7,OPTIMAL,12.2054,1,1,0,1,0,1.0,12.2054,0.0,0.0,120,0.5,2.0,1.0
010_C201,10,C,1,8,OPTIMAL,26.7456,1,1,1,0,0,1.0,26.7456,0.0,0.0,120,0.5,2.0,1.0
010_C201,10,C,1,9,OPTIMAL,27.7089,1,1,1,0,0,1.0,27.7089,0.0,0.0,120,0.5,2.0,1.0
010_C201,10,C,2,0,OPTIMAL,38.9103,2,2,1,1,0,1.0,38.9103,0.0,0.0,120,0.5,2.0,1.0
010_C201,10,C,2,1,OPTIMAL,26.7216,2,1,1,0,1,0.5,18.0828,0.0,8.6388,120,0.5,2.0,1.0
010_C201,10,C,2,2,OPTIMAL,47.398,2,2,2,0,0,1.0,47.398,0.0,0.0,120,0.5,2.0,1.0
010_C201,10,C,2,3,OPTIMAL,33.4581,2,1,1,0,1,0.5,13.8893,0.0,19.5687,120,0.5,2.0,1.0
010_C201,10,C,2,4,OPTIMAL,48.8293,2,2,2,0,0,1.0,48.8293,0.0,0.0,120,0.5,2.0,1.0
010_C201,10,C,2,5,OPTIMAL,54.7613,2,2,1,1,0,1.0,54.7613,0.0,0.0,120,0.5,2.0,1.0
010_C201,10,C,2,6,OPTIMAL,51.295,2,2,2,0,0,1.0,51.295,0.0,0.0,120,0.5,2.0,1.0
010_C201,10,C,2,7,OPTIMAL,43.0828,2,2,2,0,0,1.0,43.0828,0.0,0.0,120,0.5,2.0,1.0
010_C201,10,C,2,8,OPTIMAL,46.2497,2,2,2,0,0,1.0,46.2497,0.0,0.0,120,0.5,2.0,1.0
010_C201,10,C,2,9,OPTIMAL,53.113,2,2,2,0,0,1.0,53.113,0.0,0.0,120,0.5,2.0,1.0
010_C201,10,C,3,0,OPTIMAL,70.1301,3,3,2,1,0,1.0,70.1301,0.0,0.0,120,0.5,2.0,1.0
010_C201,10,C,3,1,OPTIMAL,61.9275,3,3,3,0,0,1.0,61.9275,0.0,0.0,120,0.5,2.0,1.0
010_C201,10,C,3,2,OPTIMAL,62.635,3,3,3,0,0,1.0,62.635,0.0,0.0,120,0.5,2.0,1.0
010_C201,10,C,3,3,OPTIMAL,55.6849,3,3,3,0,0,1.0,55.6849,0.0,0.0,120,0.5,2.0,1.0
010_C201,10,C,3,4,OPTIMAL,63.9817,3,2,1,1,1,0.6667,46.1409,0.0,17.8408,120,0.5,2.0,1.0
010_C201,10,C,3,5,OPTIMAL,68.7335,3,3,2,1,0,1.0,68.7335,0.0,0.0,120,0.5,2.0,1.0
010_C201,10,C,3,6,OPTIMAL,70.1549,3,3,2,1,0,1.0,70.1549,0.0,0.0,120,0.5,2.0,1.0
010_C201,10,C,3,7,OPTIMAL,67.1678,3,3,3,0,0,1.0,67.1678,0.0,0.0,120,0.5,2.0,1.0
010_C201,10,C,3,8,OPTIMAL,50.9758,3,2,2,0,1,0.6667,48.097,0.0,2.8788,120,0.5,2.0,1.0
010_C201,10,C,3,9,OPTIMAL,74.8186,3,3,3,0,0,1.0,74.8186,0.0,0.0,120,0.5,2.0,1.0
010_C202,10,C,1,0,OPTIMAL,12.7129,1,1,1,0,0,1.0,12.7129,0.0,0.0,120,0.5,2.0,1.0
010_C202,10,C,1,1,OPTIMAL,27.2075,1,1,1,0,0,1.0,27.2075,0.0,0.0,120,0.5,2.0,1.0
010_C202,10,C,1,2,OPTIMAL,27.0952,1,1,1,0,0,1.0,27.0952,0.0,0.0,120,0.5,2.0,1.0
010_C202,10,C,1,3,OPTIMAL,26.4431,1,1,1,0,0,1.0,26.4431,0.0,0.0,120,0.5,2.0,1.0
010_C202,10,C,1,4,OPTIMAL,23.5985,1,1,1,0,0,1.0,23.5985,0.0,0.0,120,0.5,2.0,1.0
010_C202,10,C,1,5,OPTIMAL,6.8013,1,0,0,0,1,0.0,0.0,0.0,6.8013,120,0.5,2.0,1.0
010_C202,10,C,1,6,OPTIMAL,27.2405,1,1,1,0,0,1.0,27.2405,0.0,0.0,120,0.5,2.0,1.0
010_C202,10,C,1,7,OPTIMAL,3.4869,1,0,0,0,1,0.0,0.0,0.0,3.4869,120,0.5,2.0,1.0
010_C202,10,C,1,8,OPTIMAL,26.7456,1,1,1,0,0,1.0,26.7456,0.0,0.0,120,0.5,2.0,1.0
010_C202,10,C,1,9,OPTIMAL,27.7089,1,1,1,0,0,1.0,27.7089,0.0,0.0,120,0.5,2.0,1.0
010_C202,10,C,2,0,OPTIMAL,38.9103,2,2,1,1,0,1.0,38.9103,0.0,0.0,120,0.5,2.0,1.0
010_C202,10,C,2,1,OPTIMAL,39.1679,2,2,2,0,0,1.0,39.1679,0.0,0.0,120,0.5,2.0,1.0
010_C202,10,C,2,2,OPTIMAL,47.398,2,2,2,0,0,1.0,47.398,0.0,0.0,120,0.5,2.0,1.0
010_C202,10,C,2,3,OPTIMAL,37.0757,2,2,2,0,0,1.0,37.0757,0.0,0.0,120,0.5,2.0,1.0
010_C202,10,C,2,4,OPTIMAL,48.8293,2,2,2,0,0,1.0,48.8293,0.0,0.0,120,0.5,2.0,1.0
010_C202,10,C,2,5,OPTIMAL,54.7613,2,2,2,0,0,1.0,54.7613,0.0,0.0,120,0.5,2.0,1.0
010_C202,10,C,2,6,OPTIMAL,51.295,2,2,2,0,0,1.0,51.295,0.0,0.0,120,0.5,2.0,1.0
010_C202,10,C,2,7,OPTIMAL,43.0828,2,2,2,0,0,1.0,43.0828,0.0,0.0,120,0.5,2.0,1.0
010_C202,10,C,2,8,OPTIMAL,46.2497,2,2,2,0,0,1.0,46.2497,0.0,0.0,120,0.5,2.0,1.0
010_C202,10,C,2,9,OPTIMAL,53.113,2,2,2,0,0,1.0,53.113,0.0,0.0,120,0.5,2.0,1.0
010_C202,10,C,3,0,OPTIMAL,70.1301,3,3,2,1,0,1.0,70.1301,0.0,0.0,120,0.5,2.0,1.0
010_C202,10,C,3,1,OPTIMAL,61.9275,3,3,3,0,0,1.0,61.9275,0.0,0.0,120,0.5,2.0,1.0
010_C202,10,C,3,2,OPTIMAL,62.635,3,3,3,0,0,1.0,62.635,0.0,0.0,120,0.5,2.0,1.0
010_C202,10,C,3,3,OPTIMAL,55.6849,3,3,2,1,0,1.0,55.6849,0.0,0.0,120,0.5,2.0,1.0
010_C202,10,C,3,4,OPTIMAL,74.8248,3,3,2,1,0,1.0,74.8248,0.0,0.0,120,0.5,2.0,1.0
010_C202,10,C,3,5,OPTIMAL,68.7335,3,3,2,1,0,1.0,68.7335,0.0,0.0,120,0.5,2.0,1.0
010_C202,10,C,3,6,OPTIMAL,70.1549,3,3,2,1,0,1.0,70.1549,0.0,0.0,120,0.5,2.0,1.0
010_C202,10,C,3,7,OPTIMAL,67.1678,3,3,2,1,0,1.0,67.1678,0.0,0.0,120,0.5,2.0,1.0
010_C202,10,C,3,8,OPTIMAL,65.8577,3,3,2,1,0,1.0,65.8577,0.0,0.0,120,0.5,2.0,1.0
010_C202,10,C,3,9,OPTIMAL,74.8186,3,3,3,0,0,1.0,74.8186,0.0,0.0,120,0.5,2.0,1.0
010_C203,10,C,1,0,OPTIMAL,12.7129,1,1,1,0,0,1.0,12.7129,0.0,0.0,120,0.5,2.0,1.0
010_C203,10,C,1,1,OPTIMAL,27.2075,1,1,1,0,0,1.0,27.2075,0.0,0.0,120,0.5,2.0,1.0
010_C203,10,C,1,2,OPTIMAL,27.0952,1,1,1,0,0,1.0,27.0952,0.0,0.0,120,0.5,2.0,1.0
010_C203,10,C,1,3,OPTIMAL,26.4431,1,1,1,0,0,1.0,26.4431,0.0,0.0,120,0.5,2.0,1.0
010_C203,10,C,1,4,OPTIMAL,23.5985,1,1,1,0,0,1.0,23.5985,0.0,0.0,120,0.5,2.0,1.0
010_C203,10,C,1,5,OPTIMAL,6.8013,1,0,0,0,1,0.0,0.0,0.0,6.8013,120,0.5,2.0,1.0
010_C203,10,C,1,6,OPTIMAL,27.2405,1,1,1,0,0,1.0,27.2405,0.0,0.0,120,0.5,2.0,1.0
010_C203,10,C,1,7,OPTIMAL,3.4869,1,0,0,0,1,0.0,0.0,0.0,3.4869,120,0.5,2.0,1.0
010_C203,10,C,1,8,OPTIMAL,26.7456,1,1,1,0,0,1.0,26.7456,0.0,0.0,120,0.5,2.0,1.0
010_C203,10,C,1,9,OPTIMAL,27.7089,1,1,1,0,0,1.0,27.7089,0.0,0.0,120,0.5,2.0,1.0
010_C203,10,C,2,0,OPTIMAL,38.9103,2,2,1,1,0,1.0,38.9103,0.0,0.0,120,0.5,2.0,1.0
010_C203,10,C,2,1,OPTIMAL,39.1679,2,2,2,0,0,1.0,39.1679,0.0,0.0,120,0.5,2.0,1.0
010_C203,10,C,2,2,OPTIMAL,47.398,2,2,2,0,0,1.0,47.398,0.0,0.0,120,0.5,2.0,1.0
010_C203,10,C,2,3,OPTIMAL,37.0757,2,2,2,0,0,1.0,37.0757,0.0,0.0,120,0.5,2.0,1.0
010_C203,10,C,2,4,OPTIMAL,48.8293,2,2,2,0,0,1.0,48.8293,0.0,0.0,120,0.5,2.0,1.0
010_C203,10,C,2,5,OPTIMAL,54.7613,2,2,2,0,0,1.0,54.7613,0.0,0.0,120,0.5,2.0,1.0
010_C203,10,C,2,6,OPTIMAL,51.295,2,2,2,0,0,1.0,51.295,0.0,0.0,120,0.5,2.0,1.0
010_C203,10,C,2,7,OPTIMAL,43.0828,2,2,2,0,0,1.0,43.0828,0.0,0.0,120,0.5,2.0,1.0
010_C203,10,C,2,8,OPTIMAL,46.2497,2,2,2,0,0,1.0,46.2497,0.0,0.0,120,0.5,2.0,1.0
010_C203,10,C,2,9,OPTIMAL,53.113,2,2,2,0,0,1.0,53.113,0.0,0.0,120,0.5,2.0,1.0
010_C203,10,C,3,0,OPTIMAL,70.1301,3,3,2,1,0,1.0,70.1301,0.0,0.0,120,0.5,2.0,1.0
010_C203,10,C,3,1,OPTIMAL,61.9275,3,3,3,0,0,1.0,61.9275,0.0,0.0,120,0.5,2.0,1.0
010_C203,10,C,3,2,OPTIMAL,62.635,3,3,3,0,0,1.0,62.635,0.0,0.0,120,0.5,2.0,1.0
010_C203,10,C,3,3,OPTIMAL,55.6849,3,3,2,1,0,1.0,55.6849,0.0,0.0,120,0.5,2.0,1.0
010_C203,10,C,3,4,OPTIMAL,74.8248,3,3,2,1,0,1.0,74.8248,0.0,0.0,120,0.5,2.0,1.0
010_C203,10,C,3,5,OPTIMAL,68.7335,3,3,2,1,0,1.0,68.7335,0.0,0.0,120,0.5,2.0,1.0
010_C203,10,C,3,6,OPTIMAL,70.1549,3,3,2,1,0,1.0,70.1549,0.0,0.0,120,0.5,2.0,1.0
010_C203,10,C,3,7,OPTIMAL,67.1678,3,3,2,1,0,1.0,67.1678,0.0,0.0,120,0.5,2.0,1.0
010_C203,10,C,3,8,OPTIMAL,65.8577,3,3,2,1,0,1.0,65.8577,0.0,0.0,120,0.5,2.0,1.0
010_C203,10,C,3,9,OPTIMAL,74.8186,3,3,3,0,0,1.0,74.8186,0.0,0.0,120,0.5,2.0,1.0
010_C204,10,C,1,0,OPTIMAL,12.7129,1,1,1,0,0,1.0,12.7129,0.0,0.0,120,0.5,2.0,1.0
010_C204,10,C,1,1,OPTIMAL,27.2075,1,1,1,0,0,1.0,27.2075,0.0,0.0,120,0.5,2.0,1.0
010_C204,10,C,1,2,OPTIMAL,27.0952,1,1,1,0,0,1.0,27.0952,0.0,0.0,120,0.5,2.0,1.0
010_C204,10,C,1,3,OPTIMAL,26.4431,1,1,1,0,0,1.0,26.4431,0.0,0.0,120,0.5,2.0,1.0
010_C204,10,C,1,4,OPTIMAL,23.5985,1,1,1,0,0,1.0,23.5985,0.0,0.0,120,0.5,2.0,1.0
010_C204,10,C,1,5,OPTIMAL,20.4266,1,1,0,1,0,1.0,20.4266,0.0,0.0,120,0.5,2.0,1.0
010_C204,10,C,1,6,OPTIMAL,27.2405,1,1,1,0,0,1.0,27.2405,0.0,0.0,120,0.5,2.0,1.0
010_C204,10,C,1,7,OPTIMAL,12.2054,1,1,0,1,0,1.0,12.2054,0.0,0.0,120,0.5,2.0,1.0
010_C204,10,C,1,8,OPTIMAL,26.7456,1,1,1,0,0,1.0,26.7456,0.0,0.0,120,0.5,2.0,1.0
010_C204,10,C,1,9,OPTIMAL,27.7089,1,1,1,0,0,1.0,27.7089,0.0,0.0,120,0.5,2.0,1.0
010_C204,10,C,2,0,OPTIMAL,38.9103,2,2,1,1,0,1.0,38.9103,0.0,0.0,120,0.5,2.0,1.0
010_C204,10,C,2,1,OPTIMAL,39.1679,2,2,2,0,0,1.0,39.1679,0.0,0.0,120,0.5,2.0,1.0
010_C204,10,C,2,2,OPTIMAL,47.398,2,2,2,0,0,1.0,47.398,0.0,0.0,120,0.5,2.0,1.0
010_C204,10,C,2,3,OPTIMAL,37.0757,2,2,2,0,0,1.0,37.0757,0.0,0.0,120,0.5,2.0,1.0
010_C204,10,C,2,4,OPTIMAL,48.8293,2,2,2,0,0,1.0,48.8293,0.0,0.0,120,0.5,2.0,1.0
010_C204,10,C,2,5,OPTIMAL,54.7613,2,2,2,0,0,1.0,54.7613,0.0,0.0,120,0.5,2.0,1.0
010_C204,10,C,2,6,OPTIMAL,51.295,2,2,2,0,0,1.0,51.295,0.0,0.0,120,0.5,2.0,1.0
010_C204,10,C,2,7,OPTIMAL,43.0828,2,2,2,0,0,1.0,43.0828,0.0,0.0,120,0.5,2.0,1.0
010_C204,10,C,2,8,OPTIMAL,46.2497,2,2,2,0,0,1.0,46.2497,0.0,0.0,120,0.5,2.0,1.0
010_C204,10,C,2,9,OPTIMAL,53.113,2,2,2,0,0,1.0,53.113,0.0,0.0,120,0.5,2.0,1.0
010_C204,10,C,3,0,OPTIMAL,70.1301,3,3,2,1,0,1.0,70.1301,0.0,0.0,120,0.5,2.0,1.0
010_C204,10,C,3,1,OPTIMAL,61.9275,3,3,3,0,0,1.0,61.9275,0.0,0.0,120,0.5,2.0,1.0
010_C204,10,C,3,2,OPTIMAL,62.635,3,3,3,0,0,1.0,62.635,0.0,0.0,120,0.5,2.0,1.0
010_C204,10,C,3,3,OPTIMAL,55.6849,3,3,2,1,0,1.0,55.6849,0.0,0.0,120,0.5,2.0,1.0
010_C204,10,C,3,4,OPTIMAL,74.8248,3,3,3,0,0,1.0,74.8248,0.0,0.0,120,0.5,2.0,1.0
010_C204,10,C,3,5,OPTIMAL,68.7335,3,3,2,1,0,1.0,68.7335,0.0,0.0,120,0.5,2.0,1.0
010_C204,10,C,3,6,OPTIMAL,70.1549,3,3,2,1,0,1.0,70.1549,0.0,0.0,120,0.5,2.0,1.0
010_C204,10,C,3,7,OPTIMAL,66.8793,3,2,2,0,1,0.6667,56.4844,0.0,10.3949,120,0.5,2.0,1.0
010_C204,10,C,3,8,OPTIMAL,65.8577,3,3,2,1,0,1.0,65.8577,0.0,0.0,120,0.5,2.0,1.0
010_C204,10,C,3,9,OPTIMAL,74.8186,3,3,3,0,0,1.0,74.8186,0.0,0.0,120,0.5,2.0,1.0
010_C205,10,C,1,0,OPTIMAL,6.9772,1,0,0,0,1,0.0,0.0,0.0,6.9772,120,0.5,2.0,1.0
010_C205,10,C,1,1,OPTIMAL,27.2075,1,1,1,0,0,1.0,27.2075,0.0,0.0,120,0.5,2.0,1.0
010_C205,10,C,1,2,OPTIMAL,27.0952,1,1,1,0,0,1.0,27.0952,0.0,0.0,120,0.5,2.0,1.0
010_C205,10,C,1,3,OPTIMAL,26.4431,1,1,1,0,0,1.0,26.4431,0.0,0.0,120,0.5,2.0,1.0
010_C205,10,C,1,4,OPTIMAL,23.5985,1,1,1,0,0,1.0,23.5985,0.0,0.0,120,0.5,2.0,1.0
010_C205,10,C,1,5,OPTIMAL,20.4266,1,1,1,0,0,1.0,20.4266,0.0,0.0,120,0.5,2.0,1.0
010_C205,10,C,1,6,OPTIMAL,27.2405,1,1,1,0,0,1.0,27.2405,0.0,0.0,120,0.5,2.0,1.0
010_C205,10,C,1,7,OPTIMAL,12.2054,1,1,1,0,0,1.0,12.2054,0.0,0.0,120,0.5,2.0,1.0
010_C205,10,C,1,8,OPTIMAL,26.7456,1,1,1,0,0,1.0,26.7456,0.0,0.0,120,0.5,2.0,1.0
010_C205,10,C,1,9,OPTIMAL,27.7089,1,1,1,0,0,1.0,27.7089,0.0,0.0,120,0.5,2.0,1.0
010_C205,10,C,2,0,OPTIMAL,38.9103,2,2,2,0,0,1.0,38.9103,0.0,0.0,120,0.5,2.0,1.0
010_C205,10,C,2,1,OPTIMAL,39.1679,2,2,2,0,0,1.0,39.1679,0.0,0.0,120,0.5,2.0,1.0
010_C205,10,C,2,2,OPTIMAL,47.398,2,2,2,0,0,1.0,47.398,0.0,0.0,120,0.5,2.0,1.0
010_C205,10,C,2,3,OPTIMAL,37.0757,2,2,2,0,0,1.0,37.0757,0.0,0.0,120,0.5,2.0,1.0
010_C205,10,C,2,4,OPTIMAL,48.8293,2,2,2,0,0,1.0,48.8293,0.0,0.0,120,0.5,2.0,1.0
010_C205,10,C,2,5,OPTIMAL,54.7613,2,2,1,1,0,1.0,54.7613,0.0,0.0,120,0.5,2.0,1.0
010_C205,10,C,2,6,OPTIMAL,51.295,2,2,2,0,0,1.0,51.295,0.0,0.0,120,0.5,2.0,1.0
010_C205,10,C,2,7,OPTIMAL,27.0381,2,1,1,0,1,0.5,26.657,0.0,0.3812,120,0.5,2.0,1.0
010_C205,10,C,2,8,OPTIMAL,46.2497,2,2,2,0,0,1.0,46.2497,0.0,0.0,120,0.5,2.0,1.0
010_C205,10,C,2,9,OPTIMAL,53.113,2,2,1,1,0,1.0,53.113,0.0,0.0,120,0.5,2.0,1.0
010_C205,10,C,3,0,OPTIMAL,70.1301,3,3,3,0,0,1.0,70.1301,0.0,0.0,120,0.5,2.0,1.0
010_C205,10,C,3,1,OPTIMAL,61.9275,3,3,3,0,0,1.0,61.9275,0.0,0.0,120,0.5,2.0,1.0
010_C205,10,C,3,2,OPTIMAL,62.635,3,3,3,0,0,1.0,62.635,0.0,0.0,120,0.5,2.0,1.0
010_C205,10,C,3,3,OPTIMAL,47.9305,3,2,2,0,1,0.6667,41.8111,0.0,6.1194,120,0.5,2.0,1.0
010_C205,10,C,3,4,OPTIMAL,48.2742,3,2,1,1,1,0.6667,46.1409,0.0,2.1334,120,0.5,2.0,1.0
010_C205,10,C,3,5,OPTIMAL,68.7335,3,3,2,1,0,1.0,68.7335,0.0,0.0,120,0.5,2.0,1.0
010_C205,10,C,3,6,OPTIMAL,70.1549,3,3,3,0,0,1.0,70.1549,0.0,0.0,120,0.5,2.0,1.0
010_C205,10,C,3,7,OPTIMAL,67.1678,3,3,3,0,0,1.0,67.1678,0.0,0.0,120,0.5,2.0,1.0
010_C205,10,C,3,8,OPTIMAL,56.6263,3,2,2,0,1,0.6667,46.3086,0.0,10.3177,120,0.5,2.0,1.0
010_C205,10,C,3,9,OPTIMAL,74.8186,3,3,2,1,0,1.0,74.8186,0.0,0.0,120,0.5,2.0,1.0
010_C206,10,C,1,0,OPTIMAL,12.7129,1,1,1,0,0,1.0,12.7129,0.0,0.0,120,0.5,2.0,1.0
010_C206,10,C,1,1,OPTIMAL,27.2075,1,1,1,0,0,1.0,27.2075,0.0,0.0,120,0.5,2.0,1.0
010_C206,10,C,1,2,OPTIMAL,27.0952,1,1,1,0,0,1.0,27.0952,0.0,0.0,120,0.5,2.0,1.0
010_C206,10,C,1,3,OPTIMAL,26.4431,1,1,0,1,0,1.0,26.4431,0.0,0.0,120,0.5,2.0,1.0
010_C206,10,C,1,4,OPTIMAL,23.5985,1,1,1,0,0,1.0,23.5985,0.0,0.0,120,0.5,2.0,1.0
010_C206,10,C,1,5,OPTIMAL,20.4266,1,1,1,0,0,1.0,20.4266,0.0,0.0,120,0.5,2.0,1.0
010_C206,10,C,1,6,OPTIMAL,27.2405,1,1,1,0,0,1.0,27.2405,0.0,0.0,120,0.5,2.0,1.0
010_C206,10,C,1,7,OPTIMAL,12.2054,1,1,1,0,0,1.0,12.2054,0.0,0.0,120,0.5,2.0,1.0
010_C206,10,C,1,8,OPTIMAL,26.7456,1,1,1,0,0,1.0,26.7456,0.0,0.0,120,0.5,2.0,1.0
010_C206,10,C,1,9,OPTIMAL,27.7089,1,1,1,0,0,1.0,27.7089,0.0,0.0,120,0.5,2.0,1.0
010_C206,10,C,2,0,OPTIMAL,38.9103,2,2,2,0,0,1.0,38.9103,0.0,0.0,120,0.5,2.0,1.0
010_C206,10,C,2,1,OPTIMAL,28.6247,2,1,1,0,1,0.5,18.0828,0.0,10.5419,120,0.5,2.0,1.0
010_C206,10,C,2,2,OPTIMAL,32.8928,2,1,1,0,1,0.5,23.9347,0.0,8.9581,120,0.5,2.0,1.0
010_C206,10,C,2,3,OPTIMAL,37.0757,2,2,1,1,0,1.0,37.0757,0.0,0.0,120,0.5,2.0,1.0
010_C206,10,C,2,4,OPTIMAL,48.8293,2,2,2,0,0,1.0,48.8293,0.0,0.0,120,0.5,2.0,1.0
010_C206,10,C,2,5,OPTIMAL,54.7613,2,2,2,0,0,1.0,54.7613,0.0,0.0,120,0.5,2.0,1.0
010_C206,10,C,2,6,OPTIMAL,51.295,2,2,2,0,0,1.0,51.295,0.0,0.0,120,0.5,2.0,1.0
010_C206,10,C,2,7,OPTIMAL,43.0828,2,2,2,0,0,1.0,43.0828,0.0,0.0,120,0.5,2.0,1.0
010_C206,10,C,2,8,OPTIMAL,46.2497,2,2,2,0,0,1.0,46.2497,0.0,0.0,120,0.5,2.0,1.0
010_C206,10,C,2,9,OPTIMAL,53.113,2,2,2,0,0,1.0,53.113,0.0,0.0,120,0.5,2.0,1.0
010_C206,10,C,3,0,OPTIMAL,70.1301,3,3,3,0,0,1.0,70.1301,0.0,0.0,120,0.5,2.0,1.0
010_C206,10,C,3,1,OPTIMAL,61.9275,3,3,3,0,0,1.0,61.9275,0.0,0.0,120,0.5,2.0,1.0
010_C206,10,C,3,2,OPTIMAL,62.635,3,3,3,0,0,1.0,62.635,0.0,0.0,120,0.5,2.0,1.0
010_C206,10,C,3,3,OPTIMAL,55.6849,3,3,3,0,0,1.0,55.6849,0.0,0.0,120,0.5,2.0,1.0
010_C206,10,C,3,4,OPTIMAL,40.631,3,1,1,0,2,0.3333,30.2603,0.0,10.3707,120,0.5,2.0,1.0
010_C206,10,C,3,5,OPTIMAL,68.7335,3,3,2,1,0,1.0,68.7335,0.0,0.0,120,0.5,2.0,1.0
010_C206,10,C,3,6,OPTIMAL,70.1549,3,3,3,0,0,1.0,70.1549,0.0,0.0,120,0.5,2.0,1.0
010_C206,10,C,3,7,OPTIMAL,67.1678,3,3,3,0,0,1.0,67.1678,0.0,0.0,120,0.5,2.0,1.0
010_C206,10,C,3,8,OPTIMAL,65.8577,3,3,2,1,0,1.0,65.8577,0.0,0.0,120,0.5,2.0,1.0
010_C206,10,C,3,9,OPTIMAL,74.8186,3,3,3,0,0,1.0,74.8186,0.0,0.0,120,0.5,2.0,1.0
010_C207,10,C,1,0,OPTIMAL,6.9772,1,0,0,0,1,0.0,0.0,0.0,6.9772,120,0.5,2.0,1.0
010_C207,10,C,1,1,OPTIMAL,27.2075,1,1,1,0,0,1.0,27.2075,0.0,0.0,120,0.5,2.0,1.0
010_C207,10,C,1,2,OPTIMAL,27.0952,1,1,1,0,0,1.0,27.0952,0.0,0.0,120,0.5,2.0,1.0
010_C207,10,C,1,3,OPTIMAL,26.4431,1,1,1,0,0,1.0,26.4431,0.0,0.0,120,0.5,2.0,1.0
010_C207,10,C,1,4,OPTIMAL,23.5985,1,1,0,1,0,1.0,23.5985,0.0,0.0,120,0.5,2.0,1.0
010_C207,10,C,1,5,OPTIMAL,20.4266,1,1,1,0,0,1.0,20.4266,0.0,0.0,120,0.5,2.0,1.0
010_C207,10,C,1,6,OPTIMAL,27.2405,1,1,1,0,0,1.0,27.2405,0.0,0.0,120,0.5,2.0,1.0
010_C207,10,C,1,7,OPTIMAL,12.2054,1,1,1,0,0,1.0,12.2054,0.0,0.0,120,0.5,2.0,1.0
010_C207,10,C,1,8,OPTIMAL,26.7456,1,1,1,0,0,1.0,26.7456,0.0,0.0,120,0.5,2.0,1.0
010_C207,10,C,1,9,OPTIMAL,27.7089,1,1,1,0,0,1.0,27.7089,0.0,0.0,120,0.5,2.0,1.0
010_C207,10,C,2,0,OPTIMAL,38.9103,2,2,2,0,0,1.0,38.9103,0.0,0.0,120,0.5,2.0,1.0
010_C207,10,C,2,1,OPTIMAL,26.7216,2,1,0,1,1,0.5,18.0828,0.0,8.6388,120,0.5,2.0,1.0
010_C207,10,C,2,2,OPTIMAL,47.398,2,2,1,1,0,1.0,47.398,0.0,0.0,120,0.5,2.0,1.0
010_C207,10,C,2,3,OPTIMAL,33.4581,2,1,1,0,1,0.5,13.8893,0.0,19.5687,120,0.5,2.0,1.0
010_C207,10,C,2,4,OPTIMAL,48.8293,2,2,2,0,0,1.0,48.8293,0.0,0.0,120,0.5,2.0,1.0
010_C207,10,C,2,5,OPTIMAL,54.7613,2,2,2,0,0,1.0,54.7613,0.0,0.0,120,0.5,2.0,1.0
010_C207,10,C,2,6,OPTIMAL,51.295,2,2,2,0,0,1.0,51.295,0.0,0.0,120,0.5,2.0,1.0
010_C207,10,C,2,7,OPTIMAL,43.0828,2,2,2,0,0,1.0,43.0828,0.0,0.0,120,0.5,2.0,1.0
010_C207,10,C,2,8,OPTIMAL,46.2497,2,2,2,0,0,1.0,46.2497,0.0,0.0,120,0.5,2.0,1.0
010_C207,10,C,2,9,OPTIMAL,53.113,2,2,2,0,0,1.0,53.113,0.0,0.0,120,0.5,2.0,1.0
010_C207,10,C,3,0,OPTIMAL,45.7996,3,2,2,0,1,0.6667,43.2366,0.0,2.5631,120,0.5,2.0,1.0
010_C207,10,C,3,1,OPTIMAL,61.9275,3,3,3,0,0,1.0,61.9275,0.0,0.0,120,0.5,2.0,1.0
010_C207,10,C,3,2,OPTIMAL,62.635,3,3,1,2,0,1.0,62.635,0.0,0.0,120,0.5,2.0,1.0
010_C207,10,C,3,3,OPTIMAL,55.6849,3,3,3,0,0,1.0,55.6849,0.0,0.0,120,0.5,2.0,1.0
010_C207,10,C,3,4,OPTIMAL,74.8248,3,3,2,1,0,1.0,74.8248,0.0,0.0,120,0.5,2.0,1.0
010_C207,10,C,3,5,OPTIMAL,68.7335,3,3,3,0,0,1.0,68.7335,0.0,0.0,120,0.5,2.0,1.0
010_C207,10,C,3,6,OPTIMAL,70.1549,3,3,3,0,0,1.0,70.1549,0.0,0.0,120,0.5,2.0,1.0
010_C207,10,C,3,7,OPTIMAL,67.1678,3,3,3,0,0,1.0,67.1678,0.0,0.0,120,0.5,2.0,1.0
010_C207,10,C,3,8,OPTIMAL,50.9758,3,2,2,0,1,0.6667,48.097,0.0,2.8788,120,0.5,2.0,1.0
010_C207,10,C,3,9,OPTIMAL,74.8186,3,3,3,0,0,1.0,74.8186,0.0,0.0,120,0.5,2.0,1.0
010_C208,10,C,1,0,OPTIMAL,12.7129,1,1,0,1,0,1.0,12.7129,0.0,0.0,120,0.5,2.0,1.0
010_C208,10,C,1,1,OPTIMAL,27.2075,1,1,1,0,0,1.0,27.2075,0.0,0.0,120,0.5,2.0,1.0
010_C208,10,C,1,2,OPTIMAL,27.0952,1,1,1,0,0,1.0,27.0952,0.0,0.0,120,0.5,2.0,1.0
010_C208,10,C,1,3,OPTIMAL,26.4431,1,1,1,0,0,1.0,26.4431,0.0,0.0,120,0.5,2.0,1.0
010_C208,10,C,1,4,OPTIMAL,23.5985,1,1,1,0,0,1.0,23.5985,0.0,0.0,120,0.5,2.0,1.0
010_C208,10,C,1,5,OPTIMAL,20.4266,1,1,0,1,0,1.0,20.4266,0.0,0.0,120,0.5,2.0,1.0
010_C208,10,C,1,6,OPTIMAL,27.2405,1,1,1,0,0,1.0,27.2405,0.0,0.0,120,0.5,2.0,1.0
010_C208,10,C,1,7,OPTIMAL,12.2054,1,1,1,0,0,1.0,12.2054,0.0,0.0,120,0.5,2.0,1.0
010_C208,10,C,1,8,OPTIMAL,26.7456,1,1,1,0,0,1.0,26.7456,0.0,0.0,120,0.5,2.0,1.0
010_C208,10,C,1,9,OPTIMAL,27.7089,1,1,1,0,0,1.0,27.7089,0.0,0.0,120,0.5,2.0,1.0
010_C208,10,C,2,0,OPTIMAL,38.9103,2,2,2,0,0,1.0,38.9103,0.0,0.0,120,0.5,2.0,1.0
010_C208,10,C,2,1,OPTIMAL,39.1679,2,2,1,1,0,1.0,39.1679,0.0,0.0,120,0.5,2.0,1.0
010_C208,10,C,2,2,OPTIMAL,34.8533,2,1,1,0,1,0.5,23.9347,0.0,10.9186,120,0.5,2.0,1.0
010_C208,10,C,2,3,OPTIMAL,36.7348,2,1,1,0,1,0.5,23.1863,0.0,13.5484,120,0.5,2.0,1.0
010_C208,10,C,2,4,OPTIMAL,48.8293,2,2,2,0,0,1.0,48.8293,0.0,0.0,120,0.5,2.0,1.0
010_C208,10,C,2,5,OPTIMAL,54.7613,2,2,2,0,0,1.0,54.7613,0.0,0.0,120,0.5,2.0,1.0
010_C208,10,C,2,6,OPTIMAL,51.295,2,2,2,0,0,1.0,51.295,0.0,0.0,120,0.5,2.0,1.0
010_C208,10,C,2,7,OPTIMAL,28.317,2,1,1,0,1,0.5,26.657,0.0,1.66,120,0.5,2.0,1.0
010_C208,10,C,2,8,OPTIMAL,46.2497,2,2,2,0,0,1.0,46.2497,0.0,0.0,120,0.5,2.0,1.0
010_C208,10,C,2,9,OPTIMAL,53.113,2,2,2,0,0,1.0,53.113,0.0,0.0,120,0.5,2.0,1.0
010_C208,10,C,3,0,OPTIMAL,70.1301,3,3,3,0,0,1.0,70.1301,0.0,0.0,120,0.5,2.0,1.0
010_C208,10,C,3,1,OPTIMAL,61.9275,3,3,3,0,0,1.0,61.9275,0.0,0.0,120,0.5,2.0,1.0
010_C208,10,C,3,2,OPTIMAL,53.9324,3,2,1,1,1,0.6667,48.7552,0.0,5.1772,120,0.5,2.0,1.0
010_C208,10,C,3,3,OPTIMAL,46.5155,3,2,1,1,1,0.6667,41.8111,0.0,4.7044,120,0.5,2.0,1.0
010_C208,10,C,3,4,OPTIMAL,68.7849,3,2,2,0,1,0.6667,58.9443,0.0,9.8406,120,0.5,2.0,1.0
010_C208,10,C,3,5,OPTIMAL,68.7335,3,3,3,0,0,1.0,68.7335,0.0,0.0,120,0.5,2.0,1.0
010_C208,10,C,3,6,OPTIMAL,70.1549,3,3,3,0,0,1.0,70.1549,0.0,0.0,120,0.5,2.0,1.0
010_C208,10,C,3,7,OPTIMAL,67.1678,3,3,2,1,0,1.0,67.1678,0.0,0.0,120,0.5,2.0,1.0
010_C208,10,C,3,8,OPTIMAL,65.8577,3,3,2,1,0,1.0,65.8577,0.0,0.0,120,0.5,2.0,1.0
010_C208,10,C,3,9,OPTIMAL,74.8186,3,3,2,1,0,1.0,74.8186,0.0,0.0,120,0.5,2.0,1.0
010_R101,10,R,1,0,OPTIMAL,20.5717,1,1,0,1,0,1.0,20.5717,0.0,0.0,120,0.5,2.0,1.0
010_R101,10,R,1,1,OPTIMAL,5.4693,1,0,0,0,1,0.0,0.0,0.0,5.4693,120,0.5,2.0,1.0
010_R101,10,R,1,2,OPTIMAL,0.4673,1,0,0,0,1,0.0,0.0,0.0,0.4673,120,0.5,2.0,1.0
010_R101,10,R,1,3,OPTIMAL,4.6255,1,0,0,0,1,0.0,0.0,0.0,4.6255,120,0.5,2.0,1.0
010_R101,10,R,1,4,OPTIMAL,3.7952,1,0,0,0,1,0.0,0.0,0.0,3.7952,120,0.5,2.0,1.0
010_R101,10,R,1,5,OPTIMAL,3.8621,1,0,0,0,1,0.0,0.0,0.0,3.8621,120,0.5,2.0,1.0
010_R101,10,R,1,6,OPTIMAL,7.0417,1,0,0,0,1,0.0,0.0,0.0,7.0417,120,0.5,2.0,1.0
010_R101,10,R,1,7,OPTIMAL,4.4326,1,0,0,0,1,0.0,0.0,0.0,4.4326,120,0.5,2.0,1.0
010_R101,10,R,1,8,OPTIMAL,25.7199,1,1,0,1,0,1.0,25.7199,0.0,0.0,120,0.5,2.0,1.0
010_R101,10,R,1,9,OPTIMAL,0.0932,1,0,0,0,1,0.0,0.0,0.0,0.0932,120,0.5,2.0,1.0
010_R101,10,R,2,0,OPTIMAL,57.3759,2,2,0,2,0,1.0,57.3759,0.0,0.0,120,0.5,2.0,1.0
010_R101,10,R,2,1,OPTIMAL,9.0684,2,0,0,0,2,0.0,0.0,0.0,9.0684,120,0.5,2.0,1.0
010_R101,10,R,2,2,OPTIMAL,15.0454,2,0,0,0,2,0.0,0.0,0.0,15.0454,120,0.5,2.0,1.0
010_R101,10,R,2,3,OPTIMAL,22.1302,2,0,0,0,2,0.0,0.0,0.0,22.1302,120,0.5,2.0,1.0
010_R101,10,R,2,4,OPTIMAL,28.3102,2,1,0,1,1,0.5,25.6817,0.0,2.6285,120,0.5,2.0,1.0
010_R101,10,R,2,5,OPTIMAL,6.2757,2,0,0,0,2,0.0,0.0,0.0,6.2757,120,0.5,2.0,1.0
010_R101,10,R,2,6,OPTIMAL,7.5077,2,0,0,0,2,0.0,0.0,0.0,7.5077,120,0.5,2.0,1.0
010_R101,10,R,2,7,OPTIMAL,7.2963,2,0,0,0,2,0.0,0.0,0.0,7.2963,120,0.5,2.0,1.0
010_R101,10,R,2,8,OPTIMAL,4.256,2,0,0,0,2,0.0,0.0,0.0,4.256,120,0.5,2.0,1.0
010_R101,10,R,2,9,OPTIMAL,3.0756,2,0,0,0,2,0.0,0.0,0.0,3.0756,120,0.5,2.0,1.0
010_R101,10,R,3,0,OPTIMAL,9.0921,3,0,0,0,3,0.0,0.0,0.0,9.0921,120,0.5,2.0,1.0
010_R101,10,R,3,1,OPTIMAL,11.5897,3,0,0,0,3,0.0,0.0,0.0,11.5897,120,0.5,2.0,1.0
010_R101,10,R,3,2,OPTIMAL,8.7672,3,0,0,0,3,0.0,0.0,0.0,8.7672,120,0.5,2.0,1.0
010_R101,10,R,3,3,OPTIMAL,35.7558,3,0,0,0,3,0.0,0.0,0.0,35.7558,120,0.5,2.0,1.0
010_R101,10,R,3,4,OPTIMAL,31.2211,3,1,0,1,2,0.3333,25.2927,0.0,5.9284,120,0.5,2.0,1.0
010_R101,10,R,3,5,OPTIMAL,5.8026,3,0,0,0,3,0.0,0.0,0.0,5.8026,120,0.5,2.0,1.0
010_R101,10,R,3,6,OPTIMAL,44.6005,3,1,0,1,2,0.3333,22.2162,0.0,22.3843,120,0.5,2.0,1.0
010_R101,10,R,3,7,OPTIMAL,20.4189,3,1,0,1,2,0.3333,18.3222,0.0,2.0967,120,0.5,2.0,1.0
010_R101,10,R,3,8,OPTIMAL,13.5293,3,0,0,0,3,0.0,0.0,0.0,13.5293,120,0.5,2.0,1.0
010_R101,10,R,3,9,OPTIMAL,5.0362,3,0,0,0,3,0.0,0.0,0.0,5.0362,120,0.5,2.0,1.0
010_R102,10,R,1,0,OPTIMAL,20.5717,1,1,0,1,0,1.0,20.5717,0.0,0.0,120,0.5,2.0,1.0
010_R102,10,R,1,1,OPTIMAL,6.6824,1,0,0,0,1,0.0,0.0,0.0,6.6824,120,0.5,2.0,1.0
010_R102,10,R,1,2,OPTIMAL,0.4673,1,0,0,0,1,0.0,0.0,0.0,0.4673,120,0.5,2.0,1.0
010_R102,10,R,1,3,OPTIMAL,0.3935,1,0,0,0,1,0.0,0.0,0.0,0.3935,120,0.5,2.0,1.0
010_R102,10,R,1,4,OPTIMAL,1.8976,1,0,0,0,1,0.0,0.0,0.0,1.8976,120,0.5,2.0,1.0
010_R102,10,R,1,5,OPTIMAL,2.8776,1,0,0,0,1,0.0,0.0,0.0,2.8776,120,0.5,2.0,1.0
010_R102,10,R,1,6,OPTIMAL,11.3323,1,0,0,0,1,0.0,0.0,0.0,11.3323,120,0.5,2.0,1.0
010_R102,10,R,1,7,OPTIMAL,10.3099,1,0,0,0,1,0.0,0.0,0.0,10.3099,120,0.5,2.0,1.0
010_R102,10,R,1,8,OPTIMAL,25.7199,1,1,0,1,0,1.0,25.7199,0.0,0.0,120,0.5,2.0,1.0
010_R102,10,R,1,9,OPTIMAL,1.0304,1,0,0,0,1,0.0,0.0,0.0,1.0304,120,0.5,2.0,1.0
010_R102,10,R,2,0,OPTIMAL,57.3759,2,2,0,2,0,1.0,57.3759,0.0,0.0,120,0.5,2.0,1.0
010_R102,10,R,2,1,OPTIMAL,12.3251,2,0,0,0,2,0.0,0.0,0.0,12.3251,120,0.5,2.0,1.0
010_R102,10,R,2,2,OPTIMAL,15.0454,2,0,0,0,2,0.0,0.0,0.0,15.0454,120,0.5,2.0,1.0
010_R102,10,R,2,3,OPTIMAL,25.6283,2,0,0,0,2,0.0,0.0,0.0,25.6283,120,0.5,2.0,1.0
010_R102,10,R,2,4,OPTIMAL,26.996,2,1,0,1,1,0.5,25.6817,0.0,1.3142,120,0.5,2.0,1.0
010_R102,10,R,2,5,OPTIMAL,3.5987,2,0,0,0,2,0.0,0.0,0.0,3.5987,120,0.5,2.0,1.0
010_R102,10,R,2,6,OPTIMAL,12.2088,2,0,0,0,2,0.0,0.0,0.0,12.2088,120,0.5,2.0,1.0
010_R102,10,R,2,7,OPTIMAL,9.2394,2,0,0,0,2,0.0,0.0,0.0,9.2394,120,0.5,2.0,1.0
010_R102,10,R,2,8,OPTIMAL,20.1045,2,1,0,1,1,0.5,19.9067,0.0,0.1978,120,0.5,2.0,1.0
010_R102,10,R,2,9,OPTIMAL,7.0864,2,0,0,0,2,0.0,0.0,0.0,7.0864,120,0.5,2.0,1.0
010_R102,10,R,3,0,OPTIMAL,10.2452,3,0,0,0,3,0.0,0.0,0.0,10.2452,120,0.5,2.0,1.0
010_R102,10,R,3,1,OPTIMAL,22.9906,3,0,0,0,3,0.0,0.0,0.0,22.9906,120,0.5,2.0,1.0
010_R102,10,R,3,2,OPTIMAL,24.1137,3,1,0,1,2,0.3333,21.2993,0.0,2.8143,120,0.5,2.0,1.0
010_R102,10,R,3,3,OPTIMAL,37.2269,3,0,0,0,3,0.0,0.0,0.0,37.2269,120,0.5,2.0,1.0
010_R102,10,R,3,4,OPTIMAL,31.2211,3,1,0,1,2,0.3333,25.2927,0.0,5.9284,120,0.5,2.0,1.0
010_R102,10,R,3,5,OPTIMAL,32.0613,3,0,0,0,3,0.0,0.0,0.0,32.0613,120,0.5,2.0,1.0
010_R102,10,R,3,6,OPTIMAL,48.249,3,1,0,1,2,0.3333,22.2162,0.0,26.0328,120,0.5,2.0,1.0
010_R102,10,R,3,7,OPTIMAL,19.3705,3,1,0,1,2,0.3333,18.3222,0.0,1.0484,120,0.5,2.0,1.0
010_R102,10,R,3,8,OPTIMAL,22.6202,3,0,0,0,3,0.0,0.0,0.0,22.6202,120,0.5,2.0,1.0
010_R102,10,R,3,9,OPTIMAL,3.214,3,0,0,0,3,0.0,0.0,0.0,3.214,120,0.5,2.0,1.0
010_R103,10,R,1,0,OPTIMAL,20.5717,1,1,0,1,0,1.0,20.5717,0.0,0.0,120,0.5,2.0,1.0
010_R103,10,R,1,1,OPTIMAL,6.6824,1,0,0,0,1,0.0,0.0,0.0,6.6824,120,0.5,2.0,1.0
010_R103,10,R,1,2,OPTIMAL,0.4673,1,0,0,0,1,0.0,0.0,0.0,0.4673,120,0.5,2.0,1.0
010_R103,10,R,1,3,OPTIMAL,0.3935,1,0,0,0,1,0.0,0.0,0.0,0.3935,120,0.5,2.0,1.0
010_R103,10,R,1,4,OPTIMAL,1.8976,1,0,0,0,1,0.0,0.0,0.0,1.8976,120,0.5,2.0,1.0
010_R103,10,R,1,5,OPTIMAL,2.8776,1,0,0,0,1,0.0,0.0,0.0,2.8776,120,0.5,2.0,1.0
010_R103,10,R,1,6,OPTIMAL,11.3323,1,0,0,0,1,0.0,0.0,0.0,11.3323,120,0.5,2.0,1.0
010_R103,10,R,1,7,OPTIMAL,10.3099,1,0,0,0,1,0.0,0.0,0.0,10.3099,120,0.5,2.0,1.0
010_R103,10,R,1,8,OPTIMAL,25.7199,1,1,0,1,0,1.0,25.7199,0.0,0.0,120,0.5,2.0,1.0
010_R103,10,R,1,9,OPTIMAL,1.0304,1,0,0,0,1,0.0,0.0,0.0,1.0304,120,0.5,2.0,1.0
010_R103,10,R,2,0,OPTIMAL,57.3759,2,2,0,2,0,1.0,57.3759,0.0,0.0,120,0.5,2.0,1.0
010_R103,10,R,2,1,OPTIMAL,12.3251,2,0,0,0,2,0.0,0.0,0.0,12.3251,120,0.5,2.0,1.0
010_R103,10,R,2,2,OPTIMAL,15.0454,2,0,0,0,2,0.0,0.0,0.0,15.0454,120,0.5,2.0,1.0
010_R103,10,R,2,3,OPTIMAL,25.6283,2,0,0,0,2,0.0,0.0,0.0,25.6283,120,0.5,2.0,1.0
010_R103,10,R,2,4,OPTIMAL,26.996,2,1,0,1,1,0.5,25.6817,0.0,1.3142,120,0.5,2.0,1.0
010_R103,10,R,2,5,OPTIMAL,3.5987,2,0,0,0,2,0.0,0.0,0.0,3.5987,120,0.5,2.0,1.0
010_R103,10,R,2,6,OPTIMAL,12.2088,2,0,0,0,2,0.0,0.0,0.0,12.2088,120,0.5,2.0,1.0
010_R103,10,R,2,7,OPTIMAL,9.2394,2,0,0,0,2,0.0,0.0,0.0,9.2394,120,0.5,2.0,1.0
010_R103,10,R,2,8,OPTIMAL,20.1045,2,1,0,1,1,0.5,19.9067,0.0,0.1978,120,0.5,2.0,1.0
010_R103,10,R,2,9,OPTIMAL,7.0864,2,0,0,0,2,0.0,0.0,0.0,7.0864,120,0.5,2.0,1.0
010_R103,10,R,3,0,OPTIMAL,10.2452,3,0,0,0,3,0.0,0.0,0.0,10.2452,120,0.5,2.0,1.0
010_R103,10,R,3,1,OPTIMAL,22.9906,3,0,0,0,3,0.0,0.0,0.0,22.9906,120,0.5,2.0,1.0
010_R103,10,R,3,2,OPTIMAL,24.1137,3,1,0,1,2,0.3333,21.2993,0.0,2.8143,120,0.5,2.0,1.0
010_R103,10,R,3,3,OPTIMAL,37.2269,3,0,0,0,3,0.0,0.0,0.0,37.2269,120,0.5,2.0,1.0
010_R103,10,R,3,4,OPTIMAL,31.2211,3,1,0,1,2,0.3333,25.2927,0.0,5.9284,120,0.5,2.0,1.0
010_R103,10,R,3,5,OPTIMAL,32.0613,3,0,0,0,3,0.0,0.0,0.0,32.0613,120,0.5,2.0,1.0
010_R103,10,R,3,6,OPTIMAL,48.249,3,1,0,1,2,0.3333,22.2162,0.0,26.0328,120,0.5,2.0,1.0
010_R103,10,R,3,7,OPTIMAL,19.3705,3,1,0,1,2,0.3333,18.3222,0.0,1.0484,120,0.5,2.0,1.0
010_R103,10,R,3,8,OPTIMAL,22.6202,3,0,0,0,3,0.0,0.0,0.0,22.6202,120,0.5,2.0,1.0
010_R103,10,R,3,9,OPTIMAL,3.214,3,0,0,0,3,0.0,0.0,0.0,3.214,120,0.5,2.0,1.0
010_R104,10,R,1,0,OPTIMAL,20.5717,1,1,0,1,0,1.0,20.5717,0.0,0.0,120,0.5,2.0,1.0
010_R104,10,R,1,1,OPTIMAL,17.9431,1,1,0,1,0,1.0,17.9431,0.0,0.0,120,0.5,2.0,1.0
010_R104,10,R,1,2,OPTIMAL,4.9978,1,0,0,0,1,0.0,0.0,0.0,4.9978,120,0.5,2.0,1.0
010_R104,10,R,1,3,OPTIMAL,0.3935,1,0,0,0,1,0.0,0.0,0.0,0.3935,120,0.5,2.0,1.0
010_R104,10,R,1,4,OPTIMAL,1.8976,1,0,0,0,1,0.0,0.0,0.0,1.8976,120,0.5,2.0,1.0
010_R104,10,R,1,5,OPTIMAL,2.8776,1,0,0,0,1,0.0,0.0,0.0,2.8776,120,0.5,2.0,1.0
010_R104,10,R,1,6,OPTIMAL,7.0417,1,0,0,0,1,0.0,0.0,0.0,7.0417,120,0.5,2.0,1.0
010_R104,10,R,1,7,OPTIMAL,6.5305,1,0,0,0,1,0.0,0.0,0.0,6.5305,120,0.5,2.0,1.0
010_R104,10,R,1,8,OPTIMAL,25.7199,1,1,0,1,0,1.0,25.7199,0.0,0.0,120,0.5,2.0,1.0
010_R104,10,R,1,9,OPTIMAL,3.3148,1,0,0,0,1,0.0,0.0,0.0,3.3148,120,0.5,2.0,1.0
010_R104,10,R,2,0,OPTIMAL,57.3759,2,2,0,2,0,1.0,57.3759,0.0,0.0,120,0.5,2.0,1.0
010_R104,10,R,2,1,OPTIMAL,8.5507,2,0,0,0,2,0.0,0.0,0.0,8.5507,120,0.5,2.0,1.0
010_R104,10,R,2,2,OPTIMAL,15.0454,2,0,0,0,2,0.0,0.0,0.0,15.0454,120,0.5,2.0,1.0
010_R104,10,R,2,3,OPTIMAL,22.1302,2,0,0,0,2,0.0,0.0,0.0,22.1302,120,0.5,2.0,1.0
010_R104,10,R,2,4,OPTIMAL,26.996,2,1,1,0,1,0.5,25.6817,0.0,1.3142,120,0.5,2.0,1.0
010_R104,10,R,2,5,OPTIMAL,3.5987,2,0,0,0,2,0.0,0.0,0.0,3.5987,120,0.5,2.0,1.0
010_R104,10,R,2,6,OPTIMAL,7.5632,2,0,0,0,2,0.0,0.0,0.0,7.5632,120,0.5,2.0,1.0
010_R104,10,R,2,7,OPTIMAL,6.429,2,0,0,0,2,0.0,0.0,0.0,6.429,120,0.5,2.0,1.0
010_R104,10,R,2,8,OPTIMAL,20.1045,2,1,0,1,1,0.5,19.9067,0.0,0.1978,120,0.5,2.0,1.0
010_R104,10,R,2,9,OPTIMAL,24.5598,2,0,0,0,2,0.0,0.0,0.0,24.5598,120,0.5,2.0,1.0
010_R104,10,R,3,0,OPTIMAL,11.5018,3,0,0,0,3,0.0,0.0,0.0,11.5018,120,0.5,2.0,1.0
010_R104,10,R,3,1,OPTIMAL,16.6697,3,0,0,0,3,0.0,0.0,0.0,16.6697,120,0.5,2.0,1.0
010_R104,10,R,3,2,OPTIMAL,47.607,3,1,0,1,2,0.3333,21.2993,0.0,26.3077,120,0.5,2.0,1.0
010_R104,10,R,3,3,OPTIMAL,40.3281,3,1,0,1,2,0.3333,31.5057,0.0,8.8224,120,0.5,2.0,1.0
010_R104,10,R,3,4,OPTIMAL,47.8387,3,1,0,1,2,0.3333,25.2927,0.0,22.546,120,0.5,2.0,1.0
010_R104,10,R,3,5,OPTIMAL,42.8609,3,0,0,0,3,0.0,0.0,0.0,42.8609,120,0.5,2.0,1.0
010_R104,10,R,3,6,OPTIMAL,44.6005,3,1,0,1,2,0.3333,22.2162,0.0,22.3843,120,0.5,2.0,1.0
010_R104,10,R,3,7,OPTIMAL,20.2212,3,1,0,1,2,0.3333,18.3222,0.0,1.899,120,0.5,2.0,1.0
010_R104,10,R,3,8,OPTIMAL,16.7296,3,0,0,0,3,0.0,0.0,0.0,16.7296,120,0.5,2.0,1.0
010_R104,10,R,3,9,OPTIMAL,3.5121,3,0,0,0,3,0.0,0.0,0.0,3.5121,120,0.5,2.0,1.0
010_R105,10,R,1,0,OPTIMAL,20.5717,1,1,0,1,0,1.0,20.5717,0.0,0.0,120,0.5,2.0,1.0
010_R105,10,R,1,1,OPTIMAL,5.4693,1,0,0,0,1,0.0,0.0,0.0,5.4693,120,0.5,2.0,1.0
010_R105,10,R,1,2,OPTIMAL,0.4673,1,0,0,0,1,0.0,0.0,0.0,0.4673,120,0.5,2.0,1.0
010_R105,10,R,1,3,OPTIMAL,4.6255,1,0,0,0,1,0.0,0.0,0.0,4.6255,120,0.5,2.0,1.0
010_R105,10,R,1,4,OPTIMAL,4.4447,1,0,0,0,1,0.0,0.0,0.0,4.4447,120,0.5,2.0,1.0
010_R105,10,R,1,5,OPTIMAL,3.8621,1,0,0,0,1,0.0,0.0,0.0,3.8621,120,0.5,2.0,1.0
010_R105,10,R,1,6,OPTIMAL,11.3323,1,0,0,0,1,0.0,0.0,0.0,11.3323,120,0.5,2.0,1.0
010_R105,10,R,1,7,OPTIMAL,4.4326,1,0,0,0,1,0.0,0.0,0.0,4.4326,120,0.5,2.0,1.0
010_R105,10,R,1,8,OPTIMAL,25.7199,1,1,0,1,0,1.0,25.7199,0.0,0.0,120,0.5,2.0,1.0
010_R105,10,R,1,9,OPTIMAL,1.0304,1,0,0,0,1,0.0,0.0,0.0,1.0304,120,0.5,2.0,1.0
010_R105,10,R,2,0,OPTIMAL,57.3759,2,2,0,2,0,1.0,57.3759,0.0,0.0,120,0.5,2.0,1.0
010_R105,10,R,2,1,OPTIMAL,12.8428,2,0,0,0,2,0.0,0.0,0.0,12.8428,120,0.5,2.0,1.0
010_R105,10,R,2,2,OPTIMAL,15.0454,2,0,0,0,2,0.0,0.0,0.0,15.0454,120,0.5,2.0,1.0
010_R105,10,R,2,3,OPTIMAL,23.7787,2,0,0,0,2,0.0,0.0,0.0,23.7787,120,0.5,2.0,1.0
010_R105,10,R,2,4,OPTIMAL,29.605,2,1,0,1,1,0.5,25.6817,0.0,3.9233,120,0.5,2.0,1.0
010_R105,10,R,2,5,OPTIMAL,9.7562,2,0,0,0,2,0.0,0.0,0.0,9.7562,120,0.5,2.0,1.0
010_R105,10,R,2,6,OPTIMAL,12.2088,2,0,0,0,2,0.0,0.0,0.0,12.2088,120,0.5,2.0,1.0
010_R105,10,R,2,7,OPTIMAL,10.1067,2,0,0,0,2,0.0,0.0,0.0,10.1067,120,0.5,2.0,1.0
010_R105,10,R,2,8,OPTIMAL,7.7232,2,0,0,0,2,0.0,0.0,0.0,7.7232,120,0.5,2.0,1.0
010_R105,10,R,2,9,OPTIMAL,3.0756,2,0,0,0,2,0.0,0.0,0.0,3.0756,120,0.5,2.0,1.0
010_R105,10,R,3,0,OPTIMAL,10.191,3,0,0,0,3,0.0,0.0,0.0,10.191,120,0.5,2.0,1.0
010_R105,10,R,3,1,OPTIMAL,17.9105,3,0,0,0,3,0.0,0.0,0.0,17.9105,120,0.5,2.0,1.0
010_R105,10,R,3,2,OPTIMAL,8.7672,3,0,0,0,3,0.0,0.0,0.0,8.7672,120,0.5,2.0,1.0
010_R105,10,R,3,3,OPTIMAL,37.2269,3,0,0,0,3,0.0,0.0,0.0,37.2269,120,0.5,2.0,1.0
010_R105,10,R,3,4,OPTIMAL,31.2211,3,1,0,1,2,0.3333,25.2927,0.0,5.9284,120,0.5,2.0,1.0
010_R105,10,R,3,5,OPTIMAL,5.8026,3,0,0,0,3,0.0,0.0,0.0,5.8026,120,0.5,2.0,1.0
010_R105,10,R,3,6,OPTIMAL,48.249,3,1,0,1,2,0.3333,22.2162,0.0,26.0328,120,0.5,2.0,1.0
010_R105,10,R,3,7,OPTIMAL,20.4189,3,1,0,1,2,0.3333,18.3222,0.0,2.0967,120,0.5,2.0,1.0
010_R105,10,R,3,8,OPTIMAL,19.6987,3,0,0,0,3,0.0,0.0,0.0,19.6987,120,0.5,2.0,1.0
010_R105,10,R,3,9,OPTIMAL,6.4639,3,0,0,0,3,0.0,0.0,0.0,6.4639,120,0.5,2.0,1.0
010_R106,10,R,1,0,OPTIMAL,20.5717,1,1,0,1,0,1.0,20.5717,0.0,0.0,120,0.5,2.0,1.0
010_R106,10,R,1,1,OPTIMAL,6.6824,1,0,0,0,1,0.0,0.0,0.0,6.6824,120,0.5,2.0,1.0
010_R106,10,R,1,2,OPTIMAL,0.4673,1,0,0,0,1,0.0,0.0,0.0,0.4673,120,0.5,2.0,1.0
010_R106,10,R,1,3,OPTIMAL,8.6434,1,0,0,0,1,0.0,0.0,0.0,8.6434,120,0.5,2.0,1.0
010_R106,10,R,1,4,OPTIMAL,1.8976,1,0,0,0,1,0.0,0.0,0.0,1.8976,120,0.5,2.0,1.0
010_R106,10,R,1,5,OPTIMAL,2.8776,1,0,0,0,1,0.0,0.0,0.0,2.8776,120,0.5,2.0,1.0
010_R106,10,R,1,6,OPTIMAL,11.3323,1,0,0,0,1,0.0,0.0,0.0,11.3323,120,0.5,2.0,1.0
010_R106,10,R,1,7,OPTIMAL,10.3099,1,0,0,0,1,0.0,0.0,0.0,10.3099,120,0.5,2.0,1.0
010_R106,10,R,1,8,OPTIMAL,25.7199,1,1,0,1,0,1.0,25.7199,0.0,0.0,120,0.5,2.0,1.0
010_R106,10,R,1,9,OPTIMAL,1.0304,1,0,0,0,1,0.0,0.0,0.0,1.0304,120,0.5,2.0,1.0
010_R106,10,R,2,0,OPTIMAL,57.3759,2,2,0,2,0,1.0,57.3759,0.0,0.0,120,0.5,2.0,1.0
010_R106,10,R,2,1,OPTIMAL,12.3251,2,0,0,0,2,0.0,0.0,0.0,12.3251,120,0.5,2.0,1.0
010_R106,10,R,2,2,OPTIMAL,15.0454,2,0,0,0,2,0.0,0.0,0.0,15.0454,120,0.5,2.0,1.0
010_R106,10,R,2,3,OPTIMAL,25.6283,2,0,0,0,2,0.0,0.0,0.0,25.6283,120,0.5,2.0,1.0
010_R106,10,R,2,4,OPTIMAL,26.996,2,1,0,1,1,0.5,25.6817,0.0,1.3142,120,0.5,2.0,1.0
010_R106,10,R,2,5,OPTIMAL,3.5987,2,0,0,0,2,0.0,0.0,0.0,3.5987,120,0.5,2.0,1.0
010_R106,10,R,2,6,OPTIMAL,12.2088,2,0,0,0,2,0.0,0.0,0.0,12.2088,120,0.5,2.0,1.0
010_R106,10,R,2,7,OPTIMAL,8.3749,2,0,0,0,2,0.0,0.0,0.0,8.3749,120,0.5,2.0,1.0
010_R106,10,R,2,8,OPTIMAL,20.1045,2,1,0,1,1,0.5,19.9067,0.0,0.1978,120,0.5,2.0,1.0
010_R106,10,R,2,9,OPTIMAL,7.0864,2,0,0,0,2,0.0,0.0,0.0,7.0864,120,0.5,2.0,1.0
010_R106,10,R,3,0,OPTIMAL,10.2452,3,0,0,0,3,0.0,0.0,0.0,10.2452,120,0.5,2.0,1.0
010_R106,10,R,3,1,OPTIMAL,22.9906,3,0,0,0,3,0.0,0.0,0.0,22.9906,120,0.5,2.0,1.0
010_R106,10,R,3,2,OPTIMAL,23.1978,3,0,0,0,3,0.0,0.0,0.0,23.1978,120,0.5,2.0,1.0
010_R106,10,R,3,3,OPTIMAL,37.2269,3,0,0,0,3,0.0,0.0,0.0,37.2269,120,0.5,2.0,1.0
010_R106,10,R,3,4,OPTIMAL,31.2211,3,1,0,1,2,0.3333,25.2927,0.0,5.9284,120,0.5,2.0,1.0
010_R106,10,R,3,5,OPTIMAL,32.0613,3,0,0,0,3,0.0,0.0,0.0,32.0613,120,0.5,2.0,1.0
010_R106,10,R,3,6,OPTIMAL,48.249,3,1,0,1,2,0.3333,22.2162,0.0,26.0328,120,0.5,2.0,1.0
010_R106,10,R,3,7,OPTIMAL,18.8714,3,1,0,1,2,0.3333,18.3222,0.0,0.5493,120,0.5,2.0,1.0
010_R106,10,R,3,8,OPTIMAL,22.6202,3,0,0,0,3,0.0,0.0,0.0,22.6202,120,0.5,2.0,1.0
010_R106,10,R,3,9,OPTIMAL,3.214,3,0,0,0,3,0.0,0.0,0.0,3.214,120,0.5,2.0,1.0
010_R107,10,R,1,0,OPTIMAL,20.5717,1,1,0,1,0,1.0,20.5717,0.0,0.0,120,0.5,2.0,1.0
010_R107,10,R,1,1,OPTIMAL,6.6824,1,0,0,0,1,0.0,0.0,0.0,6.6824,120,0.5,2.0,1.0
010_R107,10,R,1,2,OPTIMAL,0.4673,1,0,0,0,1,0.0,0.0,0.0,0.4673,120,0.5,2.0,1.0
010_R107,10,R,1,3,OPTIMAL,8.6434,1,0,0,0,1,0.0,0.0,0.0,8.6434,120,0.5,2.0,1.0
010_R107,10,R,1,4,OPTIMAL,1.8976,1,0,0,0,1,0.0,0.0,0.0,1.8976,120,0.5,2.0,1.0
010_R107,10,R,1,5,OPTIMAL,2.8776,1,0,0,0,1,0.0,0.0,0.0,2.8776,120,0.5,2.0,1.0
010_R107,10,R,1,6,OPTIMAL,11.3323,1,0,0,0,1,0.0,0.0,0.0,11.3323,120,0.5,2.0,1.0
010_R107,10,R,1,7,OPTIMAL,10.3099,1,0,0,0,1,0.0,0.0,0.0,10.3099,120,0.5,2.0,1.0
010_R107,10,R,1,8,OPTIMAL,25.7199,1,1,0,1,0,1.0,25.7199,0.0,0.0,120,0.5,2.0,1.0
010_R107,10,R,1,9,OPTIMAL,1.0304,1,0,0,0,1,0.0,0.0,0.0,1.0304,120,0.5,2.0,1.0
010_R107,10,R,2,0,OPTIMAL,57.3759,2,2,0,2,0,1.0,57.3759,0.0,0.0,120,0.5,2.0,1.0
010_R107,10,R,2,1,OPTIMAL,12.3251,2,0,0,0,2,0.0,0.0,0.0,12.3251,120,0.5,2.0,1.0
010_R107,10,R,2,2,OPTIMAL,15.0454,2,0,0,0,2,0.0,0.0,0.0,15.0454,120,0.5,2.0,1.0
010_R107,10,R,2,3,OPTIMAL,25.6283,2,0,0,0,2,0.0,0.0,0.0,25.6283,120,0.5,2.0,1.0
010_R107,10,R,2,4,OPTIMAL,26.996,2,1,0,1,1,0.5,25.6817,0.0,1.3142,120,0.5,2.0,1.0
010_R107,10,R,2,5,OPTIMAL,3.5987,2,0,0,0,2,0.0,0.0,0.0,3.5987,120,0.5,2.0,1.0
010_R107,10,R,2,6,OPTIMAL,12.2088,2,0,0,0,2,0.0,0.0,0.0,12.2088,120,0.5,2.0,1.0
010_R107,10,R,2,7,OPTIMAL,8.3749,2,0,0,0,2,0.0,0.0,0.0,8.3749,120,0.5,2.0,1.0
010_R107,10,R,2,8,OPTIMAL,20.1045,2,1,0,1,1,0.5,19.9067,0.0,0.1978,120,0.5,2.0,1.0
010_R107,10,R,2,9,OPTIMAL,7.0864,2,0,0,0,2,0.0,0.0,0.0,7.0864,120,0.5,2.0,1.0
010_R107,10,R,3,0,OPTIMAL,10.2452,3,0,0,0,3,0.0,0.0,0.0,10.2452,120,0.5,2.0,1.0
010_R107,10,R,3,1,OPTIMAL,22.9906,3,0,0,0,3,0.0,0.0,0.0,22.9906,120,0.5,2.0,1.0
010_R107,10,R,3,2,OPTIMAL,23.1978,3,0,0,0,3,0.0,0.0,0.0,23.1978,120,0.5,2.0,1.0
010_R107,10,R,3,3,OPTIMAL,37.2269,3,0,0,0,3,0.0,0.0,0.0,37.2269,120,0.5,2.0,1.0
010_R107,10,R,3,4,OPTIMAL,31.2211,3,1,0,1,2,0.3333,25.2927,0.0,5.9284,120,0.5,2.0,1.0
010_R107,10,R,3,5,OPTIMAL,32.0613,3,0,0,0,3,0.0,0.0,0.0,32.0613,120,0.5,2.0,1.0
010_R107,10,R,3,6,OPTIMAL,48.249,3,1,0,1,2,0.3333,22.2162,0.0,26.0328,120,0.5,2.0,1.0
010_R107,10,R,3,7,OPTIMAL,18.8714,3,1,0,1,2,0.3333,18.3222,0.0,0.5493,120,0.5,2.0,1.0
010_R107,10,R,3,8,OPTIMAL,22.6202,3,0,0,0,3,0.0,0.0,0.0,22.6202,120,0.5,2.0,1.0
010_R107,10,R,3,9,OPTIMAL,3.214,3,0,0,0,3,0.0,0.0,0.0,3.214,120,0.5,2.0,1.0
010_R108,10,R,1,0,OPTIMAL,20.5717,1,1,0,1,0,1.0,20.5717,0.0,0.0,120,0.5,2.0,1.0
010_R108,10,R,1,1,OPTIMAL,17.9431,1,1,0,1,0,1.0,17.9431,0.0,0.0,120,0.5,2.0,1.0
010_R108,10,R,1,2,OPTIMAL,7.2445,1,0,0,0,1,0.0,0.0,0.0,7.2445,120,0.5,2.0,1.0
010_R108,10,R,1,3,OPTIMAL,17.1216,1,1,0,1,0,1.0,17.1216,0.0,0.0,120,0.5,2.0,1.0
010_R108,10,R,1,4,OPTIMAL,1.8976,1,0,0,0,1,0.0,0.0,0.0,1.8976,120,0.5,2.0,1.0
010_R108,10,R,1,5,OPTIMAL,2.8776,1,0,0,0,1,0.0,0.0,0.0,2.8776,120,0.5,2.0,1.0
010_R108,10,R,1,6,OPTIMAL,11.3323,1,0,0,0,1,0.0,0.0,0.0,11.3323,120,0.5,2.0,1.0
010_R108,10,R,1,7,OPTIMAL,10.3099,1,0,0,0,1,0.0,0.0,0.0,10.3099,120,0.5,2.0,1.0
010_R108,10,R,1,8,OPTIMAL,25.7199,1,1,0,1,0,1.0,25.7199,0.0,0.0,120,0.5,2.0,1.0
010_R108,10,R,1,9,OPTIMAL,3.8785,1,0,0,0,1,0.0,0.0,0.0,3.8785,120,0.5,2.0,1.0
010_R108,10,R,2,0,OPTIMAL,57.3759,2,2,0,2,0,1.0,57.3759,0.0,0.0,120,0.5,2.0,1.0
010_R108,10,R,2,1,OPTIMAL,12.3251,2,0,0,0,2,0.0,0.0,0.0,12.3251,120,0.5,2.0,1.0
010_R108,10,R,2,2,OPTIMAL,15.0454,2,0,0,0,2,0.0,0.0,0.0,15.0454,120,0.5,2.0,1.0
010_R108,10,R,2,3,OPTIMAL,29.02,2,0,0,0,2,0.0,0.0,0.0,29.02,120,0.5,2.0,1.0
010_R108,10,R,2,4,OPTIMAL,26.996,2,1,0,1,1,0.5,25.6817,0.0,1.3142,120,0.5,2.0,1.0
010_R108,10,R,2,5,OPTIMAL,3.5987,2,0,0,0,2,0.0,0.0,0.0,3.5987,120,0.5,2.0,1.0
010_R108,10,R,2,6,OPTIMAL,12.2643,2,0,0,0,2,0.0,0.0,0.0,12.2643,120,0.5,2.0,1.0
010_R108,10,R,2,7,OPTIMAL,9.2394,2,0,0,0,2,0.0,0.0,0.0,9.2394,120,0.5,2.0,1.0
010_R108,10,R,2,8,OPTIMAL,20.1045,2,1,0,1,1,0.5,19.9067,0.0,0.1978,120,0.5,2.0,1.0
010_R108,10,R,2,9,OPTIMAL,24.5598,2,0,0,0,2,0.0,0.0,0.0,24.5598,120,0.5,2.0,1.0
010_R108,10,R,3,0,OPTIMAL,12.6007,3,0,0,0,3,0.0,0.0,0.0,12.6007,120,0.5,2.0,1.0
010_R108,10,R,3,1,OPTIMAL,22.9906,3,0,0,0,3,0.0,0.0,0.0,22.9906,120,0.5,2.0,1.0
010_R108,10,R,3,2,OPTIMAL,47.6577,3,1,0,1,2,0.3333,24.7155,0.0,22.9422,120,0.5,2.0,1.0
010_R108,10,R,3,3,OPTIMAL,41.7991,3,1,0,1,2,0.3333,31.5057,0.0,10.2934,120,0.5,2.0,1.0
010_R108,10,R,3,4,OPTIMAL,54.8513,3,2,0,2,1,0.6667,37.2583,0.0,17.593,120,0.5,2.0,1.0
010_R108,10,R,3,5,OPTIMAL,37.374,3,0,0,0,3,0.0,0.0,0.0,37.374,120,0.5,2.0,1.0
010_R108,10,R,3,6,OPTIMAL,48.249,3,1,0,1,2,0.3333,22.2162,0.0,26.0328,120,0.5,2.0,1.0
010_R108,10,R,3,7,OPTIMAL,19.6217,3,1,0,1,2,0.3333,18.3222,0.0,1.2996,120,0.5,2.0,1.0
010_R108,10,R,3,8,OPTIMAL,22.899,3,0,0,0,3,0.0,0.0,0.0,22.899,120,0.5,2.0,1.0
010_R108,10,R,3,9,OPTIMAL,3.5121,3,0,0,0,3,0.0,0.0,0.0,3.5121,120,0.5,2.0,1.0
010_R109,10,R,1,0,OPTIMAL,20.5717,1,1,0,1,0,1.0,20.5717,0.0,0.0,120,0.5,2.0,1.0
010_R109,10,R,1,1,OPTIMAL,17.9431,1,1,0,1,0,1.0,17.9431,0.0,0.0,120,0.5,2.0,1.0
010_R109,10,R,1,2,OPTIMAL,0.4673,1,0,0,0,1,0.0,0.0,0.0,0.4673,120,0.5,2.0,1.0
010_R109,10,R,1,3,OPTIMAL,17.1216,1,1,0,1,0,1.0,17.1216,0.0,0.0,120,0.5,2.0,1.0
010_R109,10,R,1,4,OPTIMAL,32.7976,1,1,0,1,0,1.0,32.7976,0.0,0.0,120,0.5,2.0,1.0
010_R109,10,R,1,5,OPTIMAL,16.7096,1,1,0,1,0,1.0,16.7096,0.0,0.0,120,0.5,2.0,1.0
010_R109,10,R,1,6,OPTIMAL,22.9492,1,1,0,1,0,1.0,22.9492,0.0,0.0,120,0.5,2.0,1.0
010_R109,10,R,1,7,OPTIMAL,6.5305,1,0,0,0,1,0.0,0.0,0.0,6.5305,120,0.5,2.0,1.0
010_R109,10,R,1,8,OPTIMAL,25.7199,1,1,0,1,0,1.0,25.7199,0.0,0.0,120,0.5,2.0,1.0
010_R109,10,R,1,9,OPTIMAL,1.0304,1,0,0,0,1,0.0,0.0,0.0,1.0304,120,0.5,2.0,1.0
010_R109,10,R,2,0,OPTIMAL,57.3759,2,2,0,2,0,1.0,57.3759,0.0,0.0,120,0.5,2.0,1.0
010_R109,10,R,2,1,OPTIMAL,34.8961,2,2,0,2,0,1.0,34.8961,0.0,0.0,120,0.5,2.0,1.0
010_R109,10,R,2,2,OPTIMAL,44.1043,2,2,0,2,0,1.0,44.1043,0.0,0.0,120,0.5,2.0,1.0
010_R109,10,R,2,3,OPTIMAL,26.0435,2,1,0,1,1,0.5,16.4025,0.0,9.641,120,0.5,2.0,1.0
010_R109,10,R,2,4,OPTIMAL,57.8958,2,2,0,2,0,1.0,57.8958,0.0,0.0,120,0.5,2.0,1.0
010_R109,10,R,2,5,OPTIMAL,56.2064,2,2,0,2,0,1.0,56.2064,0.0,0.0,120,0.5,2.0,1.0
010_R109,10,R,2,6,OPTIMAL,7.5077,2,0,0,0,2,0.0,0.0,0.0,7.5077,120,0.5,2.0,1.0
010_R109,10,R,2,7,OPTIMAL,19.1827,2,1,0,1,1,0.5,13.621,0.0,5.5616,120,0.5,2.0,1.0
010_R109,10,R,2,8,OPTIMAL,17.5865,2,1,0,1,1,0.5,13.7261,0.0,3.8604,120,0.5,2.0,1.0
010_R109,10,R,2,9,OPTIMAL,46.1123,2,2,0,2,0,1.0,46.1123,0.0,0.0,120,0.5,2.0,1.0
010_R109,10,R,3,0,OPTIMAL,38.7585,3,1,0,1,2,0.3333,32.553,0.0,6.2055,120,0.5,2.0,1.0
010_R109,10,R,3,1,OPTIMAL,63.5501,3,2,0,2,1,0.6667,54.4781,0.0,9.072,120,0.5,2.0,1.0
010_R109,10,R,3,2,OPTIMAL,78.1013,3,3,0,3,0,1.0,78.1013,0.0,0.0,120,0.5,2.0,1.0
010_R109,10,R,3,3,OPTIMAL,53.1396,3,2,0,2,1,0.6667,50.8395,0.0,2.3001,120,0.5,2.0,1.0
010_R109,10,R,3,4,OPTIMAL,64.1318,3,3,0,3,0,1.0,64.1318,0.0,0.0,120,0.5,2.0,1.0
010_R109,10,R,3,5,OPTIMAL,53.7317,3,2,0,2,1,0.6667,48.2153,0.0,5.5164,120,0.5,2.0,1.0
010_R109,10,R,3,6,OPTIMAL,48.118,3,2,0,2,1,0.6667,41.7183,0.0,6.3997,120,0.5,2.0,1.0
010_R109,10,R,3,7,OPTIMAL,40.2253,3,2,0,2,1,0.6667,33.1238,0.0,7.1014,120,0.5,2.0,1.0
010_R109,10,R,3,8,OPTIMAL,46.1855,3,2,0,2,1,0.6667,45.9068,0.0,0.2788,120,0.5,2.0,1.0
010_R109,10,R,3,9,OPTIMAL,18.9241,3,1,0,1,2,0.3333,17.5323,0.0,1.3918,120,0.5,2.0,1.0
010_R110,10,R,1,0,OPTIMAL,20.5717,1,1,0,1,0,1.0,20.5717,0.0,0.0,120,0.5,2.0,1.0
010_R110,10,R,1,1,OPTIMAL,17.9431,1,1,0,1,0,1.0,17.9431,0.0,0.0,120,0.5,2.0,1.0
010_R110,10,R,1,2,OPTIMAL,9.6783,1,1,0,1,0,1.0,9.6783,0.0,0.0,120,0.5,2.0,1.0
010_R110,10,R,1,3,OPTIMAL,17.1216,1,1,0,1,0,1.0,17.1216,0.0,0.0,120,0.5,2.0,1.0
010_R110,10,R,1,4,OPTIMAL,32.7976,1,1,0,1,0,1.0,32.7976,0.0,0.0,120,0.5,2.0,1.0
010_R110,10,R,1,5,OPTIMAL,16.7096,1,1,0,1,0,1.0,16.7096,0.0,0.0,120,0.5,2.0,1.0
010_R110,10,R,1,6,OPTIMAL,22.9492,1,1,0,1,0,1.0,22.9492,0.0,0.0,120,0.5,2.0,1.0
010_R110,10,R,1,7,OPTIMAL,4.4326,1,0,0,0,1,0.0,0.0,0.0,4.4326,120,0.5,2.0,1.0
010_R110,10,R,1,8,OPTIMAL,3.0006,1,0,0,0,1,0.0,0.0,0.0,3.0006,120,0.5,2.0,1.0
010_R110,10,R,1,9,OPTIMAL,1.0304,1,0,0,0,1,0.0,0.0,0.0,1.0304,120,0.5,2.0,1.0
010_R110,10,R,2,0,OPTIMAL,57.3759,2,2,0,2,0,1.0,57.3759,0.0,0.0,120,0.5,2.0,1.0
010_R110,10,R,2,1,OPTIMAL,34.8961,2,2,0,2,0,1.0,34.8961,0.0,0.0,120,0.5,2.0,1.0
010_R110,10,R,2,2,OPTIMAL,44.1043,2,2,0,2,0,1.0,44.1043,0.0,0.0,120,0.5,2.0,1.0
010_R110,10,R,2,3,OPTIMAL,27.6921,2,1,0,1,1,0.5,16.4025,0.0,11.2896,120,0.5,2.0,1.0
010_R110,10,R,2,4,OPTIMAL,34.2519,2,1,0,1,1,0.5,32.2141,0.0,2.0378,120,0.5,2.0,1.0
010_R110,10,R,2,5,OPTIMAL,32.9192,2,1,0,1,1,0.5,31.9975,0.0,0.9217,120,0.5,2.0,1.0
010_R110,10,R,2,6,OPTIMAL,20.4765,2,1,0,1,1,0.5,20.421,0.0,0.0555,120,0.5,2.0,1.0
010_R110,10,R,2,7,OPTIMAL,21.6242,2,1,0,1,1,0.5,13.621,0.0,8.0031,120,0.5,2.0,1.0
010_R110,10,R,2,8,OPTIMAL,17.5865,2,1,0,1,1,0.5,13.7261,0.0,3.8604,120,0.5,2.0,1.0
010_R110,10,R,2,9,OPTIMAL,44.6997,2,1,0,1,1,0.5,23.9544,0.0,20.7453,120,0.5,2.0,1.0
010_R110,10,R,3,0,OPTIMAL,42.6086,3,1,0,1,2,0.3333,32.553,0.0,10.0556,120,0.5,2.0,1.0
010_R110,10,R,3,1,OPTIMAL,74.866,3,2,0,2,1,0.6667,53.0648,0.0,21.8013,120,0.5,2.0,1.0
010_R110,10,R,3,2,OPTIMAL,78.1013,3,3,0,3,0,1.0,78.1013,0.0,0.0,120,0.5,2.0,1.0
010_R110,10,R,3,3,OPTIMAL,53.1396,3,2,0,2,1,0.6667,50.8395,0.0,2.3001,120,0.5,2.0,1.0
010_R110,10,R,3,4,OPTIMAL,39.5632,3,2,0,2,1,0.6667,38.8391,0.0,0.7241,120,0.5,2.0,1.0
010_R110,10,R,3,5,OPTIMAL,48.2448,3,2,0,2,1,0.6667,48.2153,0.0,0.0296,120,0.5,2.0,1.0
010_R110,10,R,3,6,OPTIMAL,38.7627,3,2,0,2,1,0.6667,38.7516,0.0,0.0111,120,0.5,2.0,1.0
010_R110,10,R,3,7,OPTIMAL,27.1111,3,1,0,1,2,0.3333,14.8017,0.0,12.3094,120,0.5,2.0,1.0
010_R110,10,R,3,8,OPTIMAL,46.0922,3,1,0,1,2,0.3333,21.9197,0.0,24.1726,120,0.5,2.0,1.0
010_R110,10,R,3,9,OPTIMAL,18.9241,3,1,0,1,2,0.3333,17.5323,0.0,1.3918,120,0.5,2.0,1.0
010_R111,10,R,1,0,OPTIMAL,20.5717,1,1,0,1,0,1.0,20.5717,0.0,0.0,120,0.5,2.0,1.0
010_R111,10,R,1,1,OPTIMAL,6.6824,1,0,0,0,1,0.0,0.0,0.0,6.6824,120,0.5,2.0,1.0
010_R111,10,R,1,2,OPTIMAL,0.4673,1,0,0,0,1,0.0,0.0,0.0,0.4673,120,0.5,2.0,1.0
010_R111,10,R,1,3,OPTIMAL,8.6434,1,0,0,0,1,0.0,0.0,0.0,8.6434,120,0.5,2.0,1.0
010_R111,10,R,1,4,OPTIMAL,1.8976,1,0,0,0,1,0.0,0.0,0.0,1.8976,120,0.5,2.0,1.0
010_R111,10,R,1,5,OPTIMAL,2.8776,1,0,0,0,1,0.0,0.0,0.0,2.8776,120,0.5,2.0,1.0
010_R111,10,R,1,6,OPTIMAL,7.0417,1,0,0,0,1,0.0,0.0,0.0,7.0417,120,0.5,2.0,1.0
010_R111,10,R,1,7,OPTIMAL,6.5305,1,0,0,0,1,0.0,0.0,0.0,6.5305,120,0.5,2.0,1.0
010_R111,10,R,1,8,OPTIMAL,25.7199,1,1,0,1,0,1.0,25.7199,0.0,0.0,120,0.5,2.0,1.0
010_R111,10,R,1,9,OPTIMAL,1.0304,1,0,0,0,1,0.0,0.0,0.0,1.0304,120,0.5,2.0,1.0
010_R111,10,R,2,0,OPTIMAL,57.3759,2,2,0,2,0,1.0,57.3759,0.0,0.0,120,0.5,2.0,1.0
010_R111,10,R,2,1,OPTIMAL,8.5507,2,0,0,0,2,0.0,0.0,0.0,8.5507,120,0.5,2.0,1.0
010_R111,10,R,2,2,OPTIMAL,15.0454,2,0,0,0,2,0.0,0.0,0.0,15.0454,120,0.5,2.0,1.0
010_R111,10,R,2,3,OPTIMAL,22.1302,2,0,0,0,2,0.0,0.0,0.0,22.1302,120,0.5,2.0,1.0
010_R111,10,R,2,4,OPTIMAL,26.996,2,1,0,1,1,0.5,25.6817,0.0,1.3142,120,0.5,2.0,1.0
010_R111,10,R,2,5,OPTIMAL,3.5987,2,0,0,0,2,0.0,0.0,0.0,3.5987,120,0.5,2.0,1.0
010_R111,10,R,2,6,OPTIMAL,7.5077,2,0,0,0,2,0.0,0.0,0.0,7.5077,120,0.5,2.0,1.0
010_R111,10,R,2,7,OPTIMAL,6.429,2,0,0,0,2,0.0,0.0,0.0,6.429,120,0.5,2.0,1.0
010_R111,10,R,2,8,OPTIMAL,20.1045,2,1,0,1,1,0.5,19.9067,0.0,0.1978,120,0.5,2.0,1.0
010_R111,10,R,2,9,OPTIMAL,1.7989,2,0,0,0,2,0.0,0.0,0.0,1.7989,120,0.5,2.0,1.0
010_R111,10,R,3,0,OPTIMAL,9.1464,3,0,0,0,3,0.0,0.0,0.0,9.1464,120,0.5,2.0,1.0
010_R111,10,R,3,1,OPTIMAL,11.3567,3,0,0,0,3,0.0,0.0,0.0,11.3567,120,0.5,2.0,1.0
010_R111,10,R,3,2,OPTIMAL,23.1978,3,0,0,0,3,0.0,0.0,0.0,23.1978,120,0.5,2.0,1.0
010_R111,10,R,3,3,OPTIMAL,38.028,3,1,0,1,2,0.3333,31.5057,0.0,6.5223,120,0.5,2.0,1.0
010_R111,10,R,3,4,OPTIMAL,41.5464,3,2,0,2,1,0.6667,37.2583,0.0,4.2881,120,0.5,2.0,1.0
010_R111,10,R,3,5,OPTIMAL,29.2961,3,0,0,0,3,0.0,0.0,0.0,29.2961,120,0.5,2.0,1.0
010_R111,10,R,3,6,OPTIMAL,44.6005,3,1,0,1,2,0.3333,22.2162,0.0,22.3843,120,0.5,2.0,1.0
010_R111,10,R,3,7,OPTIMAL,19.3705,3,1,0,1,2,0.3333,18.3222,0.0,1.0484,120,0.5,2.0,1.0
010_R111,10,R,3,8,OPTIMAL,16.4508,3,0,0,0,3,0.0,0.0,0.0,16.4508,120,0.5,2.0,1.0
010_R111,10,R,3,9,OPTIMAL,3.214,3,0,0,0,3,0.0,0.0,0.0,3.214,120,0.5,2.0,1.0
010_R112,10,R,1,0,OPTIMAL,20.5717,1,1,1,0,0,1.0,20.5717,0.0,0.0,120,0.5,2.0,1.0
010_R112,10,R,1,1,OPTIMAL,17.9431,1,1,1,0,0,1.0,17.9431,0.0,0.0,120,0.5,2.0,1.0
010_R112,10,R,1,2,OPTIMAL,9.6783,1,1,0,1,0,1.0,9.6783,0.0,0.0,120,0.5,2.0,1.0
010_R112,10,R,1,3,OPTIMAL,17.1216,1,1,1,0,0,1.0,17.1216,0.0,0.0,120,0.5,2.0,1.0
010_R112,10,R,1,4,OPTIMAL,26.5436,1,0,0,0,1,0.0,0.0,0.0,26.5436,120,0.5,2.0,1.0
010_R112,10,R,1,5,OPTIMAL,16.7096,1,1,1,0,0,1.0,16.7096,0.0,0.0,120,0.5,2.0,1.0
010_R112,10,R,1,6,OPTIMAL,13.3736,1,0,0,0,1,0.0,0.0,0.0,13.3736,120,0.5,2.0,1.0
010_R112,10,R,1,7,OPTIMAL,11.9123,1,0,0,0,1,0.0,0.0,0.0,11.9123,120,0.5,2.0,1.0
010_R112,10,R,1,8,OPTIMAL,3.0006,1,0,0,0,1,0.0,0.0,0.0,3.0006,120,0.5,2.0,1.0
010_R112,10,R,1,9,OPTIMAL,2.0609,1,0,0,0,1,0.0,0.0,0.0,2.0609,120,0.5,2.0,1.0
010_R112,10,R,2,0,OPTIMAL,57.3759,2,2,2,0,0,1.0,57.3759,0.0,0.0,120,0.5,2.0,1.0
010_R112,10,R,2,1,OPTIMAL,11.8607,2,0,0,0,2,0.0,0.0,0.0,11.8607,120,0.5,2.0,1.0
010_R112,10,R,2,2,OPTIMAL,42.8134,2,1,0,1,1,0.5,18.8192,0.0,23.9942,120,0.5,2.0,1.0
010_R112,10,R,2,3,OPTIMAL,29.5417,2,1,0,1,1,0.5,16.4025,0.0,13.1392,120,0.5,2.0,1.0
010_R112,10,R,2,4,OPTIMAL,27.7371,2,0,0,0,2,0.0,0.0,0.0,27.7371,120,0.5,2.0,1.0
010_R112,10,R,2,5,OPTIMAL,27.2807,2,0,0,0,2,0.0,0.0,0.0,27.2807,120,0.5,2.0,1.0
010_R112,10,R,2,6,OPTIMAL,20.4765,2,1,0,1,1,0.5,20.421,0.0,0.0555,120,0.5,2.0,1.0
010_R112,10,R,2,7,OPTIMAL,5.563,2,0,0,0,2,0.0,0.0,0.0,5.563,120,0.5,2.0,1.0
010_R112,10,R,2,8,OPTIMAL,15.262,2,0,0,0,2,0.0,0.0,0.0,15.262,120,0.5,2.0,1.0
010_R112,10,R,2,9,OPTIMAL,1.7989,2,0,0,0,2,0.0,0.0,0.0,1.7989,120,0.5,2.0,1.0
010_R112,10,R,3,0,OPTIMAL,9.1464,3,0,0,0,3,0.0,0.0,0.0,9.1464,120,0.5,2.0,1.0
010_R112,10,R,3,1,OPTIMAL,23.1787,3,1,0,1,2,0.3333,20.894,0.0,2.2847,120,0.5,2.0,1.0
010_R112,10,R,3,2,OPTIMAL,32.4605,3,1,0,1,2,0.3333,32.0865,0.0,0.374,120,0.5,2.0,1.0
010_R112,10,R,3,3,OPTIMAL,43.5611,3,1,1,0,2,0.3333,31.5057,0.0,12.0555,120,0.5,2.0,1.0
010_R112,10,R,3,4,OPTIMAL,16.9778,3,1,1,0,2,0.3333,11.9656,0.0,5.0123,120,0.5,2.0,1.0
010_R112,10,R,3,5,OPTIMAL,25.6019,3,1,1,0,2,0.3333,21.1417,0.0,4.4601,120,0.5,2.0,1.0
010_R112,10,R,3,6,OPTIMAL,25.9129,3,1,0,1,2,0.3333,19.5021,0.0,6.4108,120,0.5,2.0,1.0
010_R112,10,R,3,7,OPTIMAL,12.2072,3,0,0,0,3,0.0,0.0,0.0,12.2072,120,0.5,2.0,1.0
010_R112,10,R,3,8,OPTIMAL,25.7098,3,1,0,1,2,0.3333,21.9197,0.0,3.7902,120,0.5,2.0,1.0
010_R112,10,R,3,9,OPTIMAL,6.1214,3,0,0,0,3,0.0,0.0,0.0,6.1214,120,0.5,2.0,1.0
010_R201,10,R,1,0,OPTIMAL,20.5717,1,1,1,0,0,1.0,20.5717,0.0,0.0,120,0.5,2.0,1.0
010_R201,10,R,1,1,OPTIMAL,17.9431,1,1,1,0,0,1.0,17.9431,0.0,0.0,120,0.5,2.0,1.0
010_R201,10,R,1,2,OPTIMAL,9.6783,1,1,0,1,0,1.0,9.6783,0.0,0.0,120,0.5,2.0,1.0
010_R201,10,R,1,3,OPTIMAL,4.6255,1,0,0,0,1,0.0,0.0,0.0,4.6255,120,0.5,2.0,1.0
010_R201,10,R,1,4,OPTIMAL,32.7976,1,1,0,1,0,1.0,32.7976,0.0,0.0,120,0.5,2.0,1.0
010_R201,10,R,1,5,OPTIMAL,4.3955,1,0,0,0,1,0.0,0.0,0.0,4.3955,120,0.5,2.0,1.0
010_R201,10,R,1,6,OPTIMAL,22.9492,1,1,0,1,0,1.0,22.9492,0.0,0.0,120,0.5,2.0,1.0
010_R201,10,R,1,7,OPTIMAL,11.9123,1,0,0,0,1,0.0,0.0,0.0,11.9123,120,0.5,2.0,1.0
010_R201,10,R,1,8,OPTIMAL,25.7199,1,1,0,1,0,1.0,25.7199,0.0,0.0,120,0.5,2.0,1.0
010_R201,10,R,1,9,OPTIMAL,10.7511,1,1,1,0,0,1.0,10.7511,0.0,0.0,120,0.5,2.0,1.0
010_R201,10,R,2,0,OPTIMAL,57.3759,2,2,2,0,0,1.0,57.3759,0.0,0.0,120,0.5,2.0,1.0
010_R201,10,R,2,1,OPTIMAL,23.3323,2,1,0,1,1,0.5,21.3071,0.0,2.0252,120,0.5,2.0,1.0
010_R201,10,R,2,2,OPTIMAL,44.1043,2,2,1,1,0,1.0,44.1043,0.0,0.0,120,0.5,2.0,1.0
010_R201,10,R,2,3,OPTIMAL,25.6283,2,0,0,0,2,0.0,0.0,0.0,25.6283,120,0.5,2.0,1.0
010_R201,10,R,2,4,OPTIMAL,57.8958,2,2,0,2,0,1.0,57.8958,0.0,0.0,120,0.5,2.0,1.0
010_R201,10,R,2,5,OPTIMAL,53.5817,2,1,0,1,1,0.5,24.2089,0.0,29.3728,120,0.5,2.0,1.0
010_R201,10,R,2,6,OPTIMAL,30.9784,2,2,2,0,0,1.0,30.9784,0.0,0.0,120,0.5,2.0,1.0
010_R201,10,R,2,7,OPTIMAL,41.8173,2,1,0,1,1,0.5,28.9546,0.0,12.8626,120,0.5,2.0,1.0
010_R201,10,R,2,8,OPTIMAL,33.6328,2,2,1,1,0,1.0,33.6328,0.0,0.0,120,0.5,2.0,1.0
010_R201,10,R,2,9,OPTIMAL,30.5186,2,1,1,0,1,0.5,23.9544,0.0,6.5642,120,0.5,2.0,1.0
010_R201,10,R,3,0,OPTIMAL,82.1729,3,3,1,2,0,1.0,82.1729,0.0,0.0,120,0.5,2.0,1.0
010_R201,10,R,3,1,OPTIMAL,75.372,3,3,2,1,0,1.0,75.372,0.0,0.0,120,0.5,2.0,1.0
010_R201,10,R,3,2,OPTIMAL,53.6414,3,2,1,1,1,0.6667,53.3859,0.0,0.2556,120,0.5,2.0,1.0
010_R201,10,R,3,3,OPTIMAL,71.4531,3,3,2,1,0,1.0,71.4531,0.0,0.0,120,0.5,2.0,1.0
010_R201,10,R,3,4,OPTIMAL,41.5464,3,2,0,2,1,0.6667,37.2583,0.0,4.2881,120,0.5,2.0,1.0
010_R201,10,R,3,5,OPTIMAL,44.8875,3,2,2,0,1,0.6667,40.4422,0.0,4.4453,120,0.5,2.0,1.0
010_R201,10,R,3,6,OPTIMAL,48.118,3,2,0,2,1,0.6667,41.7183,0.0,6.3997,120,0.5,2.0,1.0
010_R201,10,R,3,7,OPTIMAL,53.3429,3,3,3,0,0,1.0,53.3429,0.0,0.0,120,0.5,2.0,1.0
010_R201,10,R,3,8,OPTIMAL,56.977,3,3,1,2,0,1.0,56.977,0.0,0.0,120,0.5,2.0,1.0
010_R201,10,R,3,9,OPTIMAL,41.8073,3,2,1,1,1,0.6667,35.7191,0.0,6.0882,120,0.5,2.0,1.0
010_R202,10,R,1,0,OPTIMAL,20.5717,1,1,1,0,0,1.0,20.5717,0.0,0.0,120,0.5,2.0,1.0
010_R202,10,R,1,1,OPTIMAL,17.9431,1,1,1,0,0,1.0,17.9431,0.0,0.0,120,0.5,2.0,1.0
010_R202,10,R,1,2,OPTIMAL,9.6783,1,1,0,1,0,1.0,9.6783,0.0,0.0,120,0.5,2.0,1.0
010_R202,10,R,1,3,OPTIMAL,17.1216,1,1,1,0,0,1.0,17.1216,0.0,0.0,120,0.5,2.0,1.0
010_R202,10,R,1,4,OPTIMAL,32.7976,1,1,1,0,0,1.0,32.7976,0.0,0.0,120,0.5,2.0,1.0
010_R202,10,R,1,5,OPTIMAL,16.7096,1,1,1,0,0,1.0,16.7096,0.0,0.0,120,0.5,2.0,1.0
010_R202,10,R,1,6,OPTIMAL,22.9492,1,1,0,1,0,1.0,22.9492,0.0,0.0,120,0.5,2.0,1.0
010_R202,10,R,1,7,OPTIMAL,11.9123,1,0,0,0,1,0.0,0.0,0.0,11.9123,120,0.5,2.0,1.0
010_R202,10,R,1,8,OPTIMAL,25.7199,1,1,0,1,0,1.0,25.7199,0.0,0.0,120,0.5,2.0,1.0
010_R202,10,R,1,9,OPTIMAL,10.7511,1,1,1,0,0,1.0,10.7511,0.0,0.0,120,0.5,2.0,1.0
010_R202,10,R,2,0,OPTIMAL,57.3759,2,2,2,0,0,1.0,57.3759,0.0,0.0,120,0.5,2.0,1.0
010_R202,10,R,2,1,OPTIMAL,23.3323,2,1,0,1,1,0.5,21.3071,0.0,2.0252,120,0.5,2.0,1.0
010_R202,10,R,2,2,OPTIMAL,44.1043,2,2,1,1,0,1.0,44.1043,0.0,0.0,120,0.5,2.0,1.0
010_R202,10,R,2,3,OPTIMAL,29.5417,2,1,0,1,1,0.5,16.4025,0.0,13.1392,120,0.5,2.0,1.0
010_R202,10,R,2,4,OPTIMAL,57.8958,2,2,2,0,0,1.0,57.8958,0.0,0.0,120,0.5,2.0,1.0
010_R202,10,R,2,5,OPTIMAL,53.5817,2,1,0,1,1,0.5,24.2089,0.0,29.3728,120,0.5,2.0,1.0
010_R202,10,R,2,6,OPTIMAL,30.9784,2,2,2,0,0,1.0,30.9784,0.0,0.0,120,0.5,2.0,1.0
010_R202,10,R,2,7,OPTIMAL,42.5757,2,2,2,0,0,1.0,42.5757,0.0,0.0,120,0.5,2.0,1.0
010_R202,10,R,2,8,OPTIMAL,33.6328,2,2,2,0,0,1.0,33.6328,0.0,0.0,120,0.5,2.0,1.0
010_R202,10,R,2,9,OPTIMAL,30.5186,2,1,1,0,1,0.5,23.9544,0.0,6.5642,120,0.5,2.0,1.0
010_R202,10,R,3,0,OPTIMAL,82.1729,3,3,3,0,0,1.0,82.1729,0.0,0.0,120,0.5,2.0,1.0
010_R202,10,R,3,1,OPTIMAL,75.372,3,3,2,1,0,1.0,75.372,0.0,0.0,120,0.5,2.0,1.0
010_R202,10,R,3,2,OPTIMAL,53.6414,3,2,1,1,1,0.6667,53.3859,0.0,0.2556,120,0.5,2.0,1.0
010_R202,10,R,3,3,OPTIMAL,68.7912,3,2,1,1,1,0.6667,50.8395,0.0,17.9516,120,0.5,2.0,1.0
010_R202,10,R,3,4,OPTIMAL,41.5464,3,2,2,0,1,0.6667,37.2583,0.0,4.2881,120,0.5,2.0,1.0
010_R202,10,R,3,5,OPTIMAL,44.8875,3,2,2,0,1,0.6667,40.4422,0.0,4.4453,120,0.5,2.0,1.0
010_R202,10,R,3,6,OPTIMAL,58.7044,3,2,2,0,1,0.6667,41.7183,0.0,16.9861,120,0.5,2.0,1.0
010_R202,10,R,3,7,OPTIMAL,53.3429,3,3,3,0,0,1.0,53.3429,0.0,0.0,120,0.5,2.0,1.0
010_R202,10,R,3,8,OPTIMAL,56.977,3,3,1,2,0,1.0,56.977,0.0,0.0,120,0.5,2.0,1.0
010_R202,10,R,3,9,OPTIMAL,41.8073,3,2,1,1,1,0.6667,35.7191,0.0,6.0882,120,0.5,2.0,1.0
010_R203,10,R,1,0,OPTIMAL,20.5717,1,1,1,0,0,1.0,20.5717,0.0,0.0,120,0.5,2.0,1.0
010_R203,10,R,1,1,OPTIMAL,17.9431,1,1,1,0,0,1.0,17.9431,0.0,0.0,120,0.5,2.0,1.0
010_R203,10,R,1,2,OPTIMAL,9.6783,1,1,0,1,0,1.0,9.6783,0.0,0.0,120,0.5,2.0,1.0
010_R203,10,R,1,3,OPTIMAL,17.1216,1,1,1,0,0,1.0,17.1216,0.0,0.0,120,0.5,2.0,1.0
010_R203,10,R,1,4,OPTIMAL,32.7976,1,1,1,0,0,1.0,32.7976,0.0,0.0,120,0.5,2.0,1.0
010_R203,10,R,1,5,OPTIMAL,16.7096,1,1,1,0,0,1.0,16.7096,0.0,0.0,120,0.5,2.0,1.0
010_R203,10,R,1,6,OPTIMAL,22.9492,1,1,0,1,0,1.0,22.9492,0.0,0.0,120,0.5,2.0,1.0
010_R203,10,R,1,7,OPTIMAL,11.9123,1,0,0,0,1,0.0,0.0,0.0,11.9123,120,0.5,2.0,1.0
010_R203,10,R,1,8,OPTIMAL,25.7199,1,1,0,1,0,1.0,25.7199,0.0,0.0,120,0.5,2.0,1.0
010_R203,10,R,1,9,OPTIMAL,10.7511,1,1,1,0,0,1.0,10.7511,0.0,0.0,120,0.5,2.0,1.0
010_R203,10,R,2,0,OPTIMAL,57.3759,2,2,2,0,0,1.0,57.3759,0.0,0.0,120,0.5,2.0,1.0
010_R203,10,R,2,1,OPTIMAL,23.3323,2,1,0,1,1,0.5,21.3071,0.0,2.0252,120,0.5,2.0,1.0
010_R203,10,R,2,2,OPTIMAL,44.1043,2,2,1,1,0,1.0,44.1043,0.0,0.0,120,0.5,2.0,1.0
010_R203,10,R,2,3,OPTIMAL,29.5417,2,1,0,1,1,0.5,16.4025,0.0,13.1392,120,0.5,2.0,1.0
010_R203,10,R,2,4,OPTIMAL,57.8958,2,2,2,0,0,1.0,57.8958,0.0,0.0,120,0.5,2.0,1.0
010_R203,10,R,2,5,OPTIMAL,53.5817,2,1,0,1,1,0.5,24.2089,0.0,29.3728,120,0.5,2.0,1.0
010_R203,10,R,2,6,OPTIMAL,30.9784,2,2,2,0,0,1.0,30.9784,0.0,0.0,120,0.5,2.0,1.0
010_R203,10,R,2,7,OPTIMAL,42.5757,2,2,2,0,0,1.0,42.5757,0.0,0.0,120,0.5,2.0,1.0
010_R203,10,R,2,8,OPTIMAL,33.6328,2,2,2,0,0,1.0,33.6328,0.0,0.0,120,0.5,2.0,1.0
010_R203,10,R,2,9,OPTIMAL,30.5186,2,1,1,0,1,0.5,23.9544,0.0,6.5642,120,0.5,2.0,1.0
010_R203,10,R,3,0,OPTIMAL,82.1729,3,3,3,0,0,1.0,82.1729,0.0,0.0,120,0.5,2.0,1.0
010_R203,10,R,3,1,OPTIMAL,75.372,3,3,2,1,0,1.0,75.372,0.0,0.0,120,0.5,2.0,1.0
010_R203,10,R,3,2,OPTIMAL,53.6414,3,2,1,1,1,0.6667,53.3859,0.0,0.2556,120,0.5,2.0,1.0
010_R203,10,R,3,3,OPTIMAL,68.7912,3,2,1,1,1,0.6667,50.8395,0.0,17.9516,120,0.5,2.0,1.0
010_R203,10,R,3,4,OPTIMAL,41.5464,3,2,2,0,1,0.6667,37.2583,0.0,4.2881,120,0.5,2.0,1.0
010_R203,10,R,3,5,OPTIMAL,44.8875,3,2,2,0,1,0.6667,40.4422,0.0,4.4453,120,0.5,2.0,1.0
010_R203,10,R,3,6,OPTIMAL,58.7044,3,2,2,0,1,0.6667,41.7183,0.0,16.9861,120,0.5,2.0,1.0
010_R203,10,R,3,7,OPTIMAL,53.3429,3,3,3,0,0,1.0,53.3429,0.0,0.0,120,0.5,2.0,1.0
010_R203,10,R,3,8,OPTIMAL,56.977,3,3,1,2,0,1.0,56.977,0.0,0.0,120,0.5,2.0,1.0
010_R203,10,R,3,9,OPTIMAL,41.8073,3,2,1,1,1,0.6667,35.7191,0.0,6.0882,120,0.5,2.0,1.0
010_R204,10,R,1,0,OPTIMAL,20.5717,1,1,1,0,0,1.0,20.5717,0.0,0.0,120,0.5,2.0,1.0
010_R204,10,R,1,1,OPTIMAL,17.9431,1,1,1,0,0,1.0,17.9431,0.0,0.0,120,0.5,2.0,1.0
010_R204,10,R,1,2,OPTIMAL,9.6783,1,1,1,0,0,1.0,9.6783,0.0,0.0,120,0.5,2.0,1.0
010_R204,10,R,1,3,OPTIMAL,17.1216,1,1,1,0,0,1.0,17.1216,0.0,0.0,120,0.5,2.0,1.0
010_R204,10,R,1,4,OPTIMAL,32.7976,1,1,1,0,0,1.0,32.7976,0.0,0.0,120,0.5,2.0,1.0
010_R204,10,R,1,5,OPTIMAL,16.7096,1,1,1,0,0,1.0,16.7096,0.0,0.0,120,0.5,2.0,1.0
010_R204,10,R,1,6,OPTIMAL,22.9492,1,1,0,1,0,1.0,22.9492,0.0,0.0,120,0.5,2.0,1.0
010_R204,10,R,1,7,OPTIMAL,21.9573,1,1,1,0,0,1.0,21.9573,0.0,0.0,120,0.5,2.0,1.0
010_R204,10,R,1,8,OPTIMAL,25.7199,1,1,0,1,0,1.0,25.7199,0.0,0.0,120,0.5,2.0,1.0
010_R204,10,R,1,9,OPTIMAL,10.7511,1,1,1,0,0,1.0,10.7511,0.0,0.0,120,0.5,2.0,1.0
010_R204,10,R,2,0,OPTIMAL,57.3759,2,2,2,0,0,1.0,57.3759,0.0,0.0,120,0.5,2.0,1.0
010_R204,10,R,2,1,OPTIMAL,23.3323,2,1,0,1,1,0.5,21.3071,0.0,2.0252,120,0.5,2.0,1.0
010_R204,10,R,2,2,OPTIMAL,44.1043,2,2,1,1,0,1.0,44.1043,0.0,0.0,120,0.5,2.0,1.0
010_R204,10,R,2,3,OPTIMAL,40.4355,2,2,1,1,0,1.0,40.4355,0.0,0.0,120,0.5,2.0,1.0
010_R204,10,R,2,4,OPTIMAL,57.8958,2,2,2,0,0,1.0,57.8958,0.0,0.0,120,0.5,2.0,1.0
010_R204,10,R,2,5,OPTIMAL,56.2064,2,2,2,0,0,1.0,56.2064,0.0,0.0,120,0.5,2.0,1.0
010_R204,10,R,2,6,OPTIMAL,30.9784,2,2,2,0,0,1.0,30.9784,0.0,0.0,120,0.5,2.0,1.0
010_R204,10,R,2,7,OPTIMAL,42.5757,2,2,2,0,0,1.0,42.5757,0.0,0.0,120,0.5,2.0,1.0
010_R204,10,R,2,8,OPTIMAL,33.6328,2,2,2,0,0,1.0,33.6328,0.0,0.0,120,0.5,2.0,1.0
010_R204,10,R,2,9,OPTIMAL,30.5186,2,1,1,0,1,0.5,23.9544,0.0,6.5642,120,0.5,2.0,1.0
010_R204,10,R,3,0,OPTIMAL,82.1729,3,3,3,0,0,1.0,82.1729,0.0,0.0,120,0.5,2.0,1.0
010_R204,10,R,3,1,OPTIMAL,75.372,3,3,3,0,0,1.0,75.372,0.0,0.0,120,0.5,2.0,1.0
010_R204,10,R,3,2,OPTIMAL,78.1013,3,3,2,1,0,1.0,78.1013,0.0,0.0,120,0.5,2.0,1.0
010_R204,10,R,3,3,OPTIMAL,71.4531,3,3,1,2,0,1.0,71.4531,0.0,0.0,120,0.5,2.0,1.0
010_R204,10,R,3,4,OPTIMAL,64.1318,3,3,3,0,0,1.0,64.1318,0.0,0.0,120,0.5,2.0,1.0
010_R204,10,R,3,5,OPTIMAL,67.5157,3,3,3,0,0,1.0,67.5157,0.0,0.0,120,0.5,2.0,1.0
010_R204,10,R,3,6,OPTIMAL,60.9677,3,3,2,1,0,1.0,60.9677,0.0,0.0,120,0.5,2.0,1.0
010_R204,10,R,3,7,OPTIMAL,53.3429,3,3,3,0,0,1.0,53.3429,0.0,0.0,120,0.5,2.0,1.0
010_R204,10,R,3,8,OPTIMAL,56.977,3,3,2,1,0,1.0,56.977,0.0,0.0,120,0.5,2.0,1.0
010_R204,10,R,3,9,OPTIMAL,38.2204,3,2,2,0,1,0.6667,37.1267,0.0,1.0937,120,0.5,2.0,1.0
010_R205,10,R,1,0,OPTIMAL,20.5717,1,1,1,0,0,1.0,20.5717,0.0,0.0,120,0.5,2.0,1.0
010_R205,10,R,1,1,OPTIMAL,17.9431,1,1,1,0,0,1.0,17.9431,0.0,0.0,120,0.5,2.0,1.0
010_R205,10,R,1,2,OPTIMAL,9.6783,1,1,0,1,0,1.0,9.6783,0.0,0.0,120,0.5,2.0,1.0
010_R205,10,R,1,3,OPTIMAL,17.1216,1,1,1,0,0,1.0,17.1216,0.0,0.0,120,0.5,2.0,1.0
010_R205,10,R,1,4,OPTIMAL,32.7976,1,1,1,0,0,1.0,32.7976,0.0,0.0,120,0.5,2.0,1.0
010_R205,10,R,1,5,OPTIMAL,16.7096,1,1,1,0,0,1.0,16.7096,0.0,0.0,120,0.5,2.0,1.0
010_R205,10,R,1,6,OPTIMAL,22.9492,1,1,1,0,0,1.0,22.9492,0.0,0.0,120,0.5,2.0,1.0
010_R205,10,R,1,7,OPTIMAL,21.9573,1,1,1,0,0,1.0,21.9573,0.0,0.0,120,0.5,2.0,1.0
010_R205,10,R,1,8,OPTIMAL,25.7199,1,1,1,0,0,1.0,25.7199,0.0,0.0,120,0.5,2.0,1.0
010_R205,10,R,1,9,OPTIMAL,8.7097,1,0,0,0,1,0.0,0.0,0.0,8.7097,120,0.5,2.0,1.0
010_R205,10,R,2,0,OPTIMAL,57.3759,2,2,2,0,0,1.0,57.3759,0.0,0.0,120,0.5,2.0,1.0
010_R205,10,R,2,1,OPTIMAL,29.5257,2,1,1,0,1,0.5,21.3071,0.0,8.2186,120,0.5,2.0,1.0
010_R205,10,R,2,2,OPTIMAL,44.1043,2,2,0,2,0,1.0,44.1043,0.0,0.0,120,0.5,2.0,1.0
010_R205,10,R,2,3,OPTIMAL,40.4355,2,2,1,1,0,1.0,40.4355,0.0,0.0,120,0.5,2.0,1.0
010_R205,10,R,2,4,OPTIMAL,56.6672,2,1,0,1,1,0.5,25.6817,0.0,30.9854,120,0.5,2.0,1.0
010_R205,10,R,2,5,OPTIMAL,56.2064,2,2,1,1,0,1.0,56.2064,0.0,0.0,120,0.5,2.0,1.0
010_R205,10,R,2,6,OPTIMAL,30.9784,2,2,1,1,0,1.0,30.9784,0.0,0.0,120,0.5,2.0,1.0
010_R205,10,R,2,7,OPTIMAL,29.822,2,1,1,0,1,0.5,28.9546,0.0,0.8673,120,0.5,2.0,1.0
010_R205,10,R,2,8,OPTIMAL,20.1045,2,1,1,0,1,0.5,19.9067,0.0,0.1978,120,0.5,2.0,1.0
010_R205,10,R,2,9,OPTIMAL,1.7989,2,0,0,0,2,0.0,0.0,0.0,1.7989,120,0.5,2.0,1.0
010_R205,10,R,3,0,OPTIMAL,52.5608,3,2,2,0,1,0.6667,49.6199,0.0,2.9408,120,0.5,2.0,1.0
010_R205,10,R,3,1,OPTIMAL,53.5512,3,2,2,0,1,0.6667,53.0648,0.0,0.4865,120,0.5,2.0,1.0
010_R205,10,R,3,2,OPTIMAL,78.1013,3,3,1,2,0,1.0,78.1013,0.0,0.0,120,0.5,2.0,1.0
010_R205,10,R,3,3,OPTIMAL,71.4531,3,3,1,2,0,1.0,71.4531,0.0,0.0,120,0.5,2.0,1.0
010_R205,10,R,3,4,OPTIMAL,64.1318,3,3,3,0,0,1.0,64.1318,0.0,0.0,120,0.5,2.0,1.0
010_R205,10,R,3,5,OPTIMAL,48.2301,3,2,2,0,1,0.6667,48.2153,0.0,0.0148,120,0.5,2.0,1.0
010_R205,10,R,3,6,OPTIMAL,60.9677,3,3,2,1,0,1.0,60.9677,0.0,0.0,120,0.5,2.0,1.0
010_R205,10,R,3,7,OPTIMAL,33.375,3,2,0,2,1,0.6667,33.1238,0.0,0.2512,120,0.5,2.0,1.0
010_R205,10,R,3,8,OPTIMAL,56.977,3,3,2,1,0,1.0,56.977,0.0,0.0,120,0.5,2.0,1.0
010_R205,10,R,3,9,OPTIMAL,38.2204,3,2,2,0,1,0.6667,37.1267,0.0,1.0937,120,0.5,2.0,1.0
010_R206,10,R,1,0,OPTIMAL,20.5717,1,1,1,0,0,1.0,20.5717,0.0,0.0,120,0.5,2.0,1.0
010_R206,10,R,1,1,OPTIMAL,17.9431,1,1,1,0,0,1.0,17.9431,0.0,0.0,120,0.5,2.0,1.0
010_R206,10,R,1,2,OPTIMAL,9.6783,1,1,0,1,0,1.0,9.6783,0.0,0.0,120,0.5,2.0,1.0
010_R206,10,R,1,3,OPTIMAL,17.1216,1,1,1,0,0,1.0,17.1216,0.0,0.0,120,0.5,2.0,1.0
010_R206,10,R,1,4,OPTIMAL,32.7976,1,1,1,0,0,1.0,32.7976,0.0,0.0,120,0.5,2.0,1.0
010_R206,10,R,1,5,OPTIMAL,16.7096,1,1,1,0,0,1.0,16.7096,0.0,0.0,120,0.5,2.0,1.0
010_R206,10,R,1,6,OPTIMAL,22.9492,1,1,1,0,0,1.0,22.9492,0.0,0.0,120,0.5,2.0,1.0
010_R206,10,R,1,7,OPTIMAL,21.9573,1,1,1,0,0,1.0,21.9573,0.0,0.0,120,0.5,2.0,1.0
010_R206,10,R,1,8,OPTIMAL,25.7199,1,1,1,0,0,1.0,25.7199,0.0,0.0,120,0.5,2.0,1.0
010_R206,10,R,1,9,OPTIMAL,10.7511,1,1,1,0,0,1.0,10.7511,0.0,0.0,120,0.5,2.0,1.0
010_R206,10,R,2,0,OPTIMAL,57.3759,2,2,2,0,0,1.0,57.3759,0.0,0.0,120,0.5,2.0,1.0
010_R206,10,R,2,1,OPTIMAL,34.8961,2,2,2,0,0,1.0,34.8961,0.0,0.0,120,0.5,2.0,1.0
010_R206,10,R,2,2,OPTIMAL,44.1043,2,2,1,1,0,1.0,44.1043,0.0,0.0,120,0.5,2.0,1.0
010_R206,10,R,2,3,OPTIMAL,40.4355,2,2,2,0,0,1.0,40.4355,0.0,0.0,120,0.5,2.0,1.0
010_R206,10,R,2,4,OPTIMAL,56.6672,2,1,0,1,1,0.5,25.6817,0.0,30.9854,120,0.5,2.0,1.0
010_R206,10,R,2,5,OPTIMAL,56.2064,2,2,1,1,0,1.0,56.2064,0.0,0.0,120,0.5,2.0,1.0
010_R206,10,R,2,6,OPTIMAL,30.9784,2,2,1,1,0,1.0,30.9784,0.0,0.0,120,0.5,2.0,1.0
010_R206,10,R,2,7,OPTIMAL,29.822,2,1,1,0,1,0.5,28.9546,0.0,0.8673,120,0.5,2.0,1.0
010_R206,10,R,2,8,OPTIMAL,20.1045,2,1,1,0,1,0.5,19.9067,0.0,0.1978,120,0.5,2.0,1.0
010_R206,10,R,2,9,OPTIMAL,22.68,2,1,1,0,1,0.5,22.1578,0.0,0.5222,120,0.5,2.0,1.0
010_R206,10,R,3,0,OPTIMAL,52.5608,3,2,2,0,1,0.6667,49.6199,0.0,2.9408,120,0.5,2.0,1.0
010_R206,10,R,3,1,OPTIMAL,75.372,3,3,2,1,0,1.0,75.372,0.0,0.0,120,0.5,2.0,1.0
010_R206,10,R,3,2,OPTIMAL,78.1013,3,3,2,1,0,1.0,78.1013,0.0,0.0,120,0.5,2.0,1.0
010_R206,10,R,3,3,OPTIMAL,53.1396,3,2,2,0,1,0.6667,50.8395,0.0,2.3001,120,0.5,2.0,1.0
010_R206,10,R,3,4,OPTIMAL,64.1318,3,3,3,0,0,1.0,64.1318,0.0,0.0,120,0.5,2.0,1.0
010_R206,10,R,3,5,OPTIMAL,67.5157,3,3,3,0,0,1.0,67.5157,0.0,0.0,120,0.5,2.0,1.0
010_R206,10,R,3,6,OPTIMAL,60.9677,3,3,2,1,0,1.0,60.9677,0.0,0.0,120,0.5,2.0,1.0
010_R206,10,R,3,7,OPTIMAL,53.3429,3,3,3,0,0,1.0,53.3429,0.0,0.0,120,0.5,2.0,1.0
010_R206,10,R,3,8,OPTIMAL,56.977,3,3,3,0,0,1.0,56.977,0.0,0.0,120,0.5,2.0,1.0
010_R206,10,R,3,9,OPTIMAL,53.2514,3,3,2,1,0,1.0,53.2514,0.0,0.0,120,0.5,2.0,1.0
010_R207,10,R,1,0,OPTIMAL,20.5717,1,1,1,0,0,1.0,20.5717,0.0,0.0,120,0.5,2.0,1.0
010_R207,10,R,1,1,OPTIMAL,17.9431,1,1,1,0,0,1.0,17.9431,0.0,0.0,120,0.5,2.0,1.0
010_R207,10,R,1,2,OPTIMAL,9.6783,1,1,0,1,0,1.0,9.6783,0.0,0.0,120,0.5,2.0,1.0
010_R207,10,R,1,3,OPTIMAL,17.1216,1,1,1,0,0,1.0,17.1216,0.0,0.0,120,0.5,2.0,1.0
010_R207,10,R,1,4,OPTIMAL,32.7976,1,1,1,0,0,1.0,32.7976,0.0,0.0,120,0.5,2.0,1.0
010_R207,10,R,1,5,OPTIMAL,16.7096,1,1,1,0,0,1.0,16.7096,0.0,0.0,120,0.5,2.0,1.0
010_R207,10,R,1,6,OPTIMAL,22.9492,1,1,1,0,0,1.0,22.9492,0.0,0.0,120,0.5,2.0,1.0
010_R207,10,R,1,7,OPTIMAL,21.9573,1,1,1,0,0,1.0,21.9573,0.0,0.0,120,0.5,2.0,1.0
010_R207,10,R,1,8,OPTIMAL,25.7199,1,1,1,0,0,1.0,25.7199,0.0,0.0,120,0.5,2.0,1.0
010_R207,10,R,1,9,OPTIMAL,10.7511,1,1,1,0,0,1.0,10.7511,0.0,0.0,120,0.5,2.0,1.0
010_R207,10,R,2,0,OPTIMAL,57.3759,2,2,2,0,0,1.0,57.3759,0.0,0.0,120,0.5,2.0,1.0
010_R207,10,R,2,1,OPTIMAL,34.8961,2,2,2,0,0,1.0,34.8961,0.0,0.0,120,0.5,2.0,1.0
010_R207,10,R,2,2,OPTIMAL,44.1043,2,2,1,1,0,1.0,44.1043,0.0,0.0,120,0.5,2.0,1.0
010_R207,10,R,2,3,OPTIMAL,40.4355,2,2,2,0,0,1.0,40.4355,0.0,0.0,120,0.5,2.0,1.0
010_R207,10,R,2,4,OPTIMAL,56.6672,2,1,0,1,1,0.5,25.6817,0.0,30.9854,120,0.5,2.0,1.0
010_R207,10,R,2,5,OPTIMAL,56.2064,2,2,1,1,0,1.0,56.2064,0.0,0.0,120,0.5,2.0,1.0
010_R207,10,R,2,6,OPTIMAL,30.9784,2,2,1,1,0,1.0,30.9784,0.0,0.0,120,0.5,2.0,1.0
010_R207,10,R,2,7,OPTIMAL,29.822,2,1,1,0,1,0.5,28.9546,0.0,0.8673,120,0.5,2.0,1.0
010_R207,10,R,2,8,OPTIMAL,20.1045,2,1,1,0,1,0.5,19.9067,0.0,0.1978,120,0.5,2.0,1.0
010_R207,10,R,2,9,OPTIMAL,22.68,2,1,1,0,1,0.5,22.1578,0.0,0.5222,120,0.5,2.0,1.0
010_R207,10,R,3,0,OPTIMAL,52.5608,3,2,2,0,1,0.6667,49.6199,0.0,2.9408,120,0.5,2.0,1.0
010_R207,10,R,3,1,OPTIMAL,75.372,3,3,2,1,0,1.0,75.372,0.0,0.0,120,0.5,2.0,1.0
010_R207,10,R,3,2,OPTIMAL,78.1013,3,3,2,1,0,1.0,78.1013,0.0,0.0,120,0.5,2.0,1.0
010_R207,10,R,3,3,OPTIMAL,53.1396,3,2,2,0,1,0.6667,50.8395,0.0,2.3001,120,0.5,2.0,1.0
010_R207,10,R,3,4,OPTIMAL,64.1318,3,3,3,0,0,1.0,64.1318,0.0,0.0,120,0.5,2.0,1.0
010_R207,10,R,3,5,OPTIMAL,67.5157,3,3,3,0,0,1.0,67.5157,0.0,0.0,120,0.5,2.0,1.0
010_R207,10,R,3,6,OPTIMAL,60.9677,3,3,2,1,0,1.0,60.9677,0.0,0.0,120,0.5,2.0,1.0
010_R207,10,R,3,7,OPTIMAL,53.3429,3,3,3,0,0,1.0,53.3429,0.0,0.0,120,0.5,2.0,1.0
010_R207,10,R,3,8,OPTIMAL,56.977,3,3,3,0,0,1.0,56.977,0.0,0.0,120,0.5,2.0,1.0
010_R207,10,R,3,9,OPTIMAL,53.2514,3,3,2,1,0,1.0,53.2514,0.0,0.0,120,0.5,2.0,1.0
010_R208,10,R,1,0,OPTIMAL,20.5717,1,1,1,0,0,1.0,20.5717,0.0,0.0,120,0.5,2.0,1.0
010_R208,10,R,1,1,OPTIMAL,17.9431,1,1,1,0,0,1.0,17.9431,0.0,0.0,120,0.5,2.0,1.0
010_R208,10,R,1,2,OPTIMAL,9.6783,1,1,0,1,0,1.0,9.6783,0.0,0.0,120,0.5,2.0,1.0
010_R208,10,R,1,3,OPTIMAL,17.1216,1,1,1,0,0,1.0,17.1216,0.0,0.0,120,0.5,2.0,1.0
010_R208,10,R,1,4,OPTIMAL,32.7976,1,1,1,0,0,1.0,32.7976,0.0,0.0,120,0.5,2.0,1.0
010_R208,10,R,1,5,OPTIMAL,16.7096,1,1,1,0,0,1.0,16.7096,0.0,0.0,120,0.5,2.0,1.0
010_R208,10,R,1,6,OPTIMAL,22.9492,1,1,1,0,0,1.0,22.9492,0.0,0.0,120,0.5,2.0,1.0
010_R208,10,R,1,7,OPTIMAL,21.9573,1,1,1,0,0,1.0,21.9573,0.0,0.0,120,0.5,2.0,1.0
010_R208,10,R,1,8,OPTIMAL,25.7199,1,1,1,0,0,1.0,25.7199,0.0,0.0,120,0.5,2.0,1.0
010_R208,10,R,1,9,OPTIMAL,10.7511,1,1,1,0,0,1.0,10.7511,0.0,0.0,120,0.5,2.0,1.0
010_R208,10,R,2,0,OPTIMAL,57.3759,2,2,2,0,0,1.0,57.3759,0.0,0.0,120,0.5,2.0,1.0
010_R208,10,R,2,1,OPTIMAL,34.8961,2,2,2,0,0,1.0,34.8961,0.0,0.0,120,0.5,2.0,1.0
010_R208,10,R,2,2,OPTIMAL,44.1043,2,2,1,1,0,1.0,44.1043,0.0,0.0,120,0.5,2.0,1.0
010_R208,10,R,2,3,OPTIMAL,40.4355,2,2,2,0,0,1.0,40.4355,0.0,0.0,120,0.5,2.0,1.0
010_R208,10,R,2,4,OPTIMAL,57.8958,2,2,2,0,0,1.0,57.8958,0.0,0.0,120,0.5,2.0,1.0
010_R208,10,R,2,5,OPTIMAL,56.2064,2,2,1,1,0,1.0,56.2064,0.0,0.0,120,0.5,2.0,1.0
010_R208,10,R,2,6,OPTIMAL,30.9784,2,2,2,0,0,1.0,30.9784,0.0,0.0,120,0.5,2.0,1.0
010_R208,10,R,2,7,OPTIMAL,42.5757,2,2,1,1,0,1.0,42.5757,0.0,0.0,120,0.5,2.0,1.0
010_R208,10,R,2,8,OPTIMAL,33.6328,2,2,1,1,0,1.0,33.6328,0.0,0.0,120,0.5,2.0,1.0
010_R208,10,R,2,9,OPTIMAL,46.1123,2,2,2,0,0,1.0,46.1123,0.0,0.0,120,0.5,2.0,1.0
010_R208,10,R,3,0,OPTIMAL,82.1729,3,3,2,1,0,1.0,82.1729,0.0,0.0,120,0.5,2.0,1.0
010_R208,10,R,3,1,OPTIMAL,75.372,3,3,3,0,0,1.0,75.372,0.0,0.0,120,0.5,2.0,1.0
010_R208,10,R,3,2,OPTIMAL,78.1013,3,3,2,1,0,1.0,78.1013,0.0,0.0,120,0.5,2.0,1.0
010_R208,10,R,3,3,OPTIMAL,71.4531,3,3,2,1,0,1.0,71.4531,0.0,0.0,120,0.5,2.0,1.0
010_R208,10,R,3,4,OPTIMAL,64.1318,3,3,3,0,0,1.0,64.1318,0.0,0.0,120,0.5,2.0,1.0
010_R208,10,R,3,5,OPTIMAL,67.5157,3,3,3,0,0,1.0,67.5157,0.0,0.0,120,0.5,2.0,1.0
010_R208,10,R,3,6,OPTIMAL,60.9677,3,3,2,1,0,1.0,60.9677,0.0,0.0,120,0.5,2.0,1.0
010_R208,10,R,3,7,OPTIMAL,53.3429,3,3,3,0,0,1.0,53.3429,0.0,0.0,120,0.5,2.0,1.0
010_R208,10,R,3,8,OPTIMAL,56.977,3,3,3,0,0,1.0,56.977,0.0,0.0,120,0.5,2.0,1.0
010_R208,10,R,3,9,OPTIMAL,38.2204,3,2,2,0,1,0.6667,37.1267,0.0,1.0937,120,0.5,2.0,1.0
010_R209,10,R,1,0,OPTIMAL,20.5717,1,1,1,0,0,1.0,20.5717,0.0,0.0,120,0.5,2.0,1.0
010_R209,10,R,1,1,OPTIMAL,17.9431,1,1,1,0,0,1.0,17.9431,0.0,0.0,120,0.5,2.0,1.0
010_R209,10,R,1,2,OPTIMAL,9.6783,1,1,0,1,0,1.0,9.6783,0.0,0.0,120,0.5,2.0,1.0
010_R209,10,R,1,3,OPTIMAL,17.1216,1,1,1,0,0,1.0,17.1216,0.0,0.0,120,0.5,2.0,1.0
010_R209,10,R,1,4,OPTIMAL,32.1805,1,0,0,0,1,0.0,0.0,0.0,32.1805,120,0.5,2.0,1.0
010_R209,10,R,1,5,OPTIMAL,16.7096,1,1,1,0,0,1.0,16.7096,0.0,0.0,120,0.5,2.0,1.0
010_R209,10,R,1,6,OPTIMAL,22.9492,1,1,1,0,0,1.0,22.9492,0.0,0.0,120,0.5,2.0,1.0
010_R209,10,R,1,7,OPTIMAL,21.9573,1,1,1,0,0,1.0,21.9573,0.0,0.0,120,0.5,2.0,1.0
010_R209,10,R,1,8,OPTIMAL,25.7199,1,1,1,0,0,1.0,25.7199,0.0,0.0,120,0.5,2.0,1.0
010_R209,10,R,1,9,OPTIMAL,1.0304,1,0,0,0,1,0.0,0.0,0.0,1.0304,120,0.5,2.0,1.0
010_R209,10,R,2,0,OPTIMAL,57.3759,2,2,2,0,0,1.0,57.3759,0.0,0.0,120,0.5,2.0,1.0
010_R209,10,R,2,1,OPTIMAL,34.8961,2,2,2,0,0,1.0,34.8961,0.0,0.0,120,0.5,2.0,1.0
010_R209,10,R,2,2,OPTIMAL,44.1043,2,2,1,1,0,1.0,44.1043,0.0,0.0,120,0.5,2.0,1.0
010_R209,10,R,2,3,OPTIMAL,40.4355,2,2,2,0,0,1.0,40.4355,0.0,0.0,120,0.5,2.0,1.0
010_R209,10,R,2,4,OPTIMAL,56.6672,2,1,1,0,1,0.5,25.6817,0.0,30.9854,120,0.5,2.0,1.0
010_R209,10,R,2,5,OPTIMAL,56.2064,2,2,2,0,0,1.0,56.2064,0.0,0.0,120,0.5,2.0,1.0
010_R209,10,R,2,6,OPTIMAL,30.9784,2,2,1,1,0,1.0,30.9784,0.0,0.0,120,0.5,2.0,1.0
010_R209,10,R,2,7,OPTIMAL,29.822,2,1,1,0,1,0.5,28.9546,0.0,0.8673,120,0.5,2.0,1.0
010_R209,10,R,2,8,OPTIMAL,33.6328,2,2,2,0,0,1.0,33.6328,0.0,0.0,120,0.5,2.0,1.0
010_R209,10,R,2,9,OPTIMAL,22.68,2,1,1,0,1,0.5,22.1578,0.0,0.5222,120,0.5,2.0,1.0
010_R209,10,R,3,0,OPTIMAL,82.1729,3,3,2,1,0,1.0,82.1729,0.0,0.0,120,0.5,2.0,1.0
010_R209,10,R,3,1,OPTIMAL,75.372,3,3,2,1,0,1.0,75.372,0.0,0.0,120,0.5,2.0,1.0
010_R209,10,R,3,2,OPTIMAL,77.0251,3,2,2,0,1,0.6667,56.802,0.0,20.2231,120,0.5,2.0,1.0
010_R209,10,R,3,3,OPTIMAL,71.4531,3,3,2,1,0,1.0,71.4531,0.0,0.0,120,0.5,2.0,1.0
010_R209,10,R,3,4,OPTIMAL,41.5464,3,2,2,0,1,0.6667,37.2583,0.0,4.2881,120,0.5,2.0,1.0
010_R209,10,R,3,5,OPTIMAL,48.2301,3,2,2,0,1,0.6667,48.2153,0.0,0.0148,120,0.5,2.0,1.0
010_R209,10,R,3,6,OPTIMAL,60.9677,3,3,2,1,0,1.0,60.9677,0.0,0.0,120,0.5,2.0,1.0
010_R209,10,R,3,7,OPTIMAL,39.3384,3,2,1,1,1,0.6667,38.5413,0.0,0.7971,120,0.5,2.0,1.0
010_R209,10,R,3,8,OPTIMAL,56.977,3,3,2,1,0,1.0,56.977,0.0,0.0,120,0.5,2.0,1.0
010_R209,10,R,3,9,OPTIMAL,38.2204,3,2,2,0,1,0.6667,37.1267,0.0,1.0937,120,0.5,2.0,1.0
010_R210,10,R,1,0,OPTIMAL,20.5717,1,1,1,0,0,1.0,20.5717,0.0,0.0,120,0.5,2.0,1.0
010_R210,10,R,1,1,OPTIMAL,17.9431,1,1,1,0,0,1.0,17.9431,0.0,0.0,120,0.5,2.0,1.0
010_R210,10,R,1,2,OPTIMAL,9.6783,1,1,1,0,0,1.0,9.6783,0.0,0.0,120,0.5,2.0,1.0
010_R210,10,R,1,3,OPTIMAL,17.1216,1,1,1,0,0,1.0,17.1216,0.0,0.0,120,0.5,2.0,1.0
010_R210,10,R,1,4,OPTIMAL,32.1805,1,0,0,0,1,0.0,0.0,0.0,32.1805,120,0.5,2.0,1.0
010_R210,10,R,1,5,OPTIMAL,16.7096,1,1,1,0,0,1.0,16.7096,0.0,0.0,120,0.5,2.0,1.0
010_R210,10,R,1,6,OPTIMAL,22.9492,1,1,0,1,0,1.0,22.9492,0.0,0.0,120,0.5,2.0,1.0
010_R210,10,R,1,7,OPTIMAL,21.9573,1,1,1,0,0,1.0,21.9573,0.0,0.0,120,0.5,2.0,1.0
010_R210,10,R,1,8,OPTIMAL,25.7199,1,1,0,1,0,1.0,25.7199,0.0,0.0,120,0.5,2.0,1.0
010_R210,10,R,1,9,OPTIMAL,10.7511,1,1,0,1,0,1.0,10.7511,0.0,0.0,120,0.5,2.0,1.0
010_R210,10,R,2,0,OPTIMAL,57.3759,2,2,2,0,0,1.0,57.3759,0.0,0.0,120,0.5,2.0,1.0
010_R210,10,R,2,1,OPTIMAL,23.3323,2,1,0,1,1,0.5,21.3071,0.0,2.0252,120,0.5,2.0,1.0
010_R210,10,R,2,2,OPTIMAL,44.1043,2,2,1,1,0,1.0,44.1043,0.0,0.0,120,0.5,2.0,1.0
010_R210,10,R,2,3,OPTIMAL,40.4355,2,2,1,1,0,1.0,40.4355,0.0,0.0,120,0.5,2.0,1.0
010_R210,10,R,2,4,OPTIMAL,56.6672,2,1,0,1,1,0.5,25.6817,0.0,30.9854,120,0.5,2.0,1.0
010_R210,10,R,2,5,OPTIMAL,56.2064,2,2,2,0,0,1.0,56.2064,0.0,0.0,120,0.5,2.0,1.0
010_R210,10,R,2,6,OPTIMAL,30.9784,2,2,1,1,0,1.0,30.9784,0.0,0.0,120,0.5,2.0,1.0
010_R210,10,R,2,7,OPTIMAL,35.1268,2,1,0,1,1,0.5,28.9546,0.0,6.1722,120,0.5,2.0,1.0
010_R210,10,R,2,8,OPTIMAL,20.1045,2,1,0,1,1,0.5,19.9067,0.0,0.1978,120,0.5,2.0,1.0
010_R210,10,R,2,9,OPTIMAL,7.0864,2,0,0,0,2,0.0,0.0,0.0,7.0864,120,0.5,2.0,1.0
010_R210,10,R,3,0,OPTIMAL,73.8521,3,2,0,2,1,0.6667,49.6199,0.0,24.2321,120,0.5,2.0,1.0
010_R210,10,R,3,1,OPTIMAL,75.372,3,3,2,1,0,1.0,75.372,0.0,0.0,120,0.5,2.0,1.0
010_R210,10,R,3,2,OPTIMAL,53.6414,3,2,1,1,1,0.6667,53.3859,0.0,0.2556,120,0.5,2.0,1.0
010_R210,10,R,3,3,OPTIMAL,68.7912,3,2,1,1,1,0.6667,50.8395,0.0,17.9516,120,0.5,2.0,1.0
010_R210,10,R,3,4,OPTIMAL,41.5464,3,2,2,0,1,0.6667,37.2583,0.0,4.2881,120,0.5,2.0,1.0
010_R210,10,R,3,5,OPTIMAL,67.5157,3,3,3,0,0,1.0,67.5157,0.0,0.0,120,0.5,2.0,1.0
010_R210,10,R,3,6,OPTIMAL,48.118,3,2,1,1,1,0.6667,41.7183,0.0,6.3997,120,0.5,2.0,1.0
010_R210,10,R,3,7,OPTIMAL,53.3429,3,3,2,1,0,1.0,53.3429,0.0,0.0,120,0.5,2.0,1.0
010_R210,10,R,3,8,OPTIMAL,56.977,3,3,1,2,0,1.0,56.977,0.0,0.0,120,0.5,2.0,1.0
010_R210,10,R,3,9,OPTIMAL,41.8073,3,2,1,1,1,0.6667,35.7191,0.0,6.0882,120,0.5,2.0,1.0
010_R211,10,R,1,0,OPTIMAL,20.5717,1,1,1,0,0,1.0,20.5717,0.0,0.0,120,0.5,2.0,1.0
010_R211,10,R,1,1,OPTIMAL,17.9431,1,1,1,0,0,1.0,17.9431,0.0,0.0,120,0.5,2.0,1.0
010_R211,10,R,1,2,OPTIMAL,9.6783,1,1,1,0,0,1.0,9.6783,0.0,0.0,120,0.5,2.0,1.0
010_R211,10,R,1,3,OPTIMAL,17.1216,1,1,1,0,0,1.0,17.1216,0.0,0.0,120,0.5,2.0,1.0
010_R211,10,R,1,4,OPTIMAL,32.7976,1,1,1,0,0,1.0,32.7976,0.0,0.0,120,0.5,2.0,1.0
010_R211,10,R,1,5,OPTIMAL,16.7096,1,1,1,0,0,1.0,16.7096,0.0,0.0,120,0.5,2.0,1.0
010_R211,10,R,1,6,OPTIMAL,22.9492,1,1,1,0,0,1.0,22.9492,0.0,0.0,120,0.5,2.0,1.0
010_R211,10,R,1,7,OPTIMAL,21.9573,1,1,1,0,0,1.0,21.9573,0.0,0.0,120,0.5,2.0,1.0
010_R211,10,R,1,8,OPTIMAL,25.7199,1,1,0,1,0,1.0,25.7199,0.0,0.0,120,0.5,2.0,1.0
010_R211,10,R,1,9,OPTIMAL,1.0304,1,0,0,0,1,0.0,0.0,0.0,1.0304,120,0.5,2.0,1.0
010_R211,10,R,2,0,OPTIMAL,57.3759,2,2,2,0,0,1.0,57.3759,0.0,0.0,120,0.5,2.0,1.0
010_R211,10,R,2,1,OPTIMAL,22.4769,2,1,1,0,1,0.5,21.3071,0.0,1.1698,120,0.5,2.0,1.0
010_R211,10,R,2,2,OPTIMAL,44.1043,2,2,2,0,0,1.0,44.1043,0.0,0.0,120,0.5,2.0,1.0
010_R211,10,R,2,3,OPTIMAL,40.4355,2,2,2,0,0,1.0,40.4355,0.0,0.0,120,0.5,2.0,1.0
010_R211,10,R,2,4,OPTIMAL,57.8958,2,2,0,2,0,1.0,57.8958,0.0,0.0,120,0.5,2.0,1.0
010_R211,10,R,2,5,OPTIMAL,56.2064,2,2,2,0,0,1.0,56.2064,0.0,0.0,120,0.5,2.0,1.0
010_R211,10,R,2,6,OPTIMAL,21.5106,2,1,0,1,1,0.5,20.421,0.0,1.0896,120,0.5,2.0,1.0
010_R211,10,R,2,7,OPTIMAL,34.7148,2,1,1,0,1,0.5,13.621,0.0,21.0938,120,0.5,2.0,1.0
010_R211,10,R,2,8,OPTIMAL,24.2605,2,1,0,1,1,0.5,19.9067,0.0,4.3537,120,0.5,2.0,1.0
010_R211,10,R,2,9,OPTIMAL,1.7989,2,0,0,0,2,0.0,0.0,0.0,1.7989,120,0.5,2.0,1.0
010_R211,10,R,3,0,OPTIMAL,75.0842,3,2,1,1,1,0.6667,54.1281,0.0,20.9561,120,0.5,2.0,1.0
010_R211,10,R,3,1,OPTIMAL,44.9995,3,2,1,1,1,0.6667,43.2012,0.0,1.7983,120,0.5,2.0,1.0
010_R211,10,R,3,2,OPTIMAL,78.1013,3,3,3,0,0,1.0,78.1013,0.0,0.0,120,0.5,2.0,1.0
010_R211,10,R,3,3,OPTIMAL,71.4531,3,3,3,0,0,1.0,71.4531,0.0,0.0,120,0.5,2.0,1.0
010_R211,10,R,3,4,OPTIMAL,64.1318,3,3,3,0,0,1.0,64.1318,0.0,0.0,120,0.5,2.0,1.0
010_R211,10,R,3,5,OPTIMAL,53.7317,3,2,2,0,1,0.6667,48.2153,0.0,5.5164,120,0.5,2.0,1.0
010_R211,10,R,3,6,OPTIMAL,60.9677,3,3,2,1,0,1.0,60.9677,0.0,0.0,120,0.5,2.0,1.0
010_R211,10,R,3,7,OPTIMAL,19.3705,3,1,0,1,2,0.3333,18.3222,0.0,1.0484,120,0.5,2.0,1.0
010_R211,10,R,3,8,OPTIMAL,46.5247,3,2,2,0,1,0.6667,45.9068,0.0,0.618,120,0.5,2.0,1.0
010_R211,10,R,3,9,OPTIMAL,52.9241,3,2,2,0,1,0.6667,33.657,0.0,19.2671,120,0.5,2.0,1.0
010_RC101,10,RC,1,0,OPTIMAL,14.8659,1,0,0,0,1,0.0,0.0,0.0,14.8659,120,0.5,2.0,1.0
010_RC101,10,RC,1,1,OPTIMAL,13.2806,1,0,0,0,1,0.0,0.0,0.0,13.2806,120,0.5,2.0,1.0
010_RC101,10,RC,1,2,OPTIMAL,26.7016,1,0,0,0,1,0.0,0.0,0.0,26.7016,120,0.5,2.0,1.0
010_RC101,10,RC,1,3,OPTIMAL,0.3421,1,0,0,0,1,0.0,0.0,0.0,0.3421,120,0.5,2.0,1.0
010_RC101,10,RC,1,4,OPTIMAL,0.5392,1,0,0,0,1,0.0,0.0,0.0,0.5392,120,0.5,2.0,1.0
010_RC101,10,RC,1,5,OPTIMAL,1.2729,1,0,0,0,1,0.0,0.0,0.0,1.2729,120,0.5,2.0,1.0
010_RC101,10,RC,1,6,OPTIMAL,0.5254,1,0,0,0,1,0.0,0.0,0.0,0.5254,120,0.5,2.0,1.0
010_RC101,10,RC,1,7,OPTIMAL,0.034,1,0,0,0,1,0.0,0.0,0.0,0.034,120,0.5,2.0,1.0
010_RC101,10,RC,1,8,OPTIMAL,0.0065,1,0,0,0,1,0.0,0.0,0.0,0.0065,120,0.5,2.0,1.0
010_RC101,10,RC,1,9,OPTIMAL,3.4429,1,0,0,0,1,0.0,0.0,0.0,3.4429,120,0.5,2.0,1.0
010_RC101,10,RC,2,0,OPTIMAL,36.8814,2,1,0,1,1,0.5,36.8759,0.0,0.0056,120,0.5,2.0,1.0
010_RC101,10,RC,2,1,OPTIMAL,4.3295,2,0,0,0,2,0.0,0.0,0.0,4.3295,120,0.5,2.0,1.0
010_RC101,10,RC,2,2,OPTIMAL,15.751,2,0,0,0,2,0.0,0.0,0.0,15.751,120,0.5,2.0,1.0
010_RC101,10,RC,2,3,OPTIMAL,23.3159,2,0,0,0,2,0.0,0.0,0.0,23.3159,120,0.5,2.0,1.0
010_RC101,10,RC,2,4,OPTIMAL,2.027,2,0,0,0,2,0.0,0.0,0.0,2.027,120,0.5,2.0,1.0
010_RC101,10,RC,2,5,OPTIMAL,15.0904,2,0,0,0,2,0.0,0.0,0.0,15.0904,120,0.5,2.0,1.0
010_RC101,10,RC,2,6,OPTIMAL,1.6948,2,0,0,0,2,0.0,0.0,0.0,1.6948,120,0.5,2.0,1.0
010_RC101,10,RC,2,7,OPTIMAL,15.2697,2,0,0,0,2,0.0,0.0,0.5035,14.7662,120,0.5,2.0,1.0
010_RC101,10,RC,2,8,OPTIMAL,3.6683,2,0,0,0,2,0.0,0.0,0.0,3.6683,120,0.5,2.0,1.0
010_RC101,10,RC,2,9,OPTIMAL,20.1743,2,0,0,0,2,0.0,0.0,2.1379,18.0364,120,0.5,2.0,1.0
010_RC101,10,RC,3,0,OPTIMAL,56.0462,3,1,1,0,2,0.3333,44.7742,0.0,11.272,120,0.5,2.0,1.0
010_RC101,10,RC,3,1,OPTIMAL,40.0436,3,1,0,1,2,0.3333,36.822,0.0,3.2216,120,0.5,2.0,1.0
010_RC101,10,RC,3,2,OPTIMAL,75.0311,3,1,1,0,2,0.3333,47.7015,3.1423,24.1874,120,0.5,2.0,1.0
010_RC101,10,RC,3,3,OPTIMAL,37.6111,3,0,0,0,3,0.0,0.0,0.0,37.6111,120,0.5,2.0,1.0
010_RC101,10,RC,3,4,OPTIMAL,56.7227,3,1,0,1,2,0.3333,31.8192,0.0,24.9035,120,0.5,2.0,1.0
010_RC101,10,RC,3,5,OPTIMAL,24.2964,3,0,0,0,3,0.0,0.0,4.6751,19.6213,120,0.5,2.0,1.0
010_RC101,10,RC,3,6,OPTIMAL,46.8784,3,1,1,0,2,0.3333,38.6453,0.0,8.2331,120,0.5,2.0,1.0
010_RC101,10,RC,3,7,OPTIMAL,22.2077,3,0,0,0,3,0.0,0.0,3.0406,19.1671,120,0.5,2.0,1.0
010_RC101,10,RC,3,8,OPTIMAL,7.3973,3,0,0,0,3,0.0,0.0,0.0,7.3973,120,0.5,2.0,1.0
010_RC101,10,RC,3,9,OPTIMAL,30.0231,3,0,0,0,3,0.0,0.0,0.0,30.0231,120,0.5,2.0,1.0
010_RC102,10,RC,1,0,OPTIMAL,8.5799,1,0,0,0,1,0.0,0.0,0.0,8.5799,120,0.5,2.0,1.0
010_RC102,10,RC,1,1,OPTIMAL,6.6403,1,0,0,0,1,0.0,0.0,0.0,6.6403,120,0.5,2.0,1.0
010_RC102,10,RC,1,2,OPTIMAL,0.0504,1,0,0,0,1,0.0,0.0,0.0,0.0504,120,0.5,2.0,1.0
010_RC102,10,RC,1,3,OPTIMAL,0.3421,1,0,0,0,1,0.0,0.0,0.0,0.3421,120,0.5,2.0,1.0
010_RC102,10,RC,1,4,OPTIMAL,5.9336,1,0,0,0,1,0.0,0.0,0.0,5.9336,120,0.5,2.0,1.0
010_RC102,10,RC,1,5,OPTIMAL,0.0746,1,0,0,0,1,0.0,0.0,0.0,0.0746,120,0.5,2.0,1.0
010_RC102,10,RC,1,6,OPTIMAL,0.5254,1,0,0,0,1,0.0,0.0,0.0,0.5254,120,0.5,2.0,1.0
010_RC102,10,RC,1,7,OPTIMAL,0.034,1,0,0,0,1,0.0,0.0,0.0,0.034,120,0.5,2.0,1.0
010_RC102,10,RC,1,8,OPTIMAL,0.0065,1,0,0,0,1,0.0,0.0,0.0,0.0065,120,0.5,2.0,1.0
010_RC102,10,RC,1,9,OPTIMAL,0.1068,1,0,0,0,1,0.0,0.0,0.0,0.1068,120,0.5,2.0,1.0
010_RC102,10,RC,2,0,OPTIMAL,74.0384,2,2,0,2,0,1.0,74.0384,0.0,0.0,120,0.5,2.0,1.0
010_RC102,10,RC,2,1,OPTIMAL,32.3772,2,1,0,1,1,0.5,32.3665,0.0,0.0108,120,0.5,2.0,1.0
010_RC102,10,RC,2,2,OPTIMAL,51.2065,2,1,0,1,1,0.5,39.2085,0.0,11.998,120,0.5,2.0,1.0
010_RC102,10,RC,2,3,OPTIMAL,19.384,2,0,0,0,2,0.0,0.0,0.0,19.384,120,0.5,2.0,1.0
010_RC102,10,RC,2,4,OPTIMAL,40.232,2,1,1,0,1,0.5,40.143,0.0,0.089,120,0.5,2.0,1.0
010_RC102,10,RC,2,5,OPTIMAL,42.2434,2,1,0,1,1,0.5,33.0317,0.0,9.2117,120,0.5,2.0,1.0
010_RC102,10,RC,2,6,OPTIMAL,1.6948,2,0,0,0,2,0.0,0.0,0.0,1.6948,120,0.5,2.0,1.0
010_RC102,10,RC,2,7,OPTIMAL,7.7539,2,0,0,0,2,0.0,0.0,0.0,7.7539,120,0.5,2.0,1.0
010_RC102,10,RC,2,8,OPTIMAL,3.4926,2,0,0,0,2,0.0,0.0,0.0,3.4926,120,0.5,2.0,1.0
010_RC102,10,RC,2,9,OPTIMAL,9.3896,2,0,0,0,2,0.0,0.0,0.0,9.3896,120,0.5,2.0,1.0
010_RC102,10,RC,3,0,OPTIMAL,53.6666,3,1,1,0,2,0.3333,44.7742,0.0,8.8924,120,0.5,2.0,1.0
010_RC102,10,RC,3,1,OPTIMAL,38.4512,3,1,1,0,2,0.3333,36.822,0.0,1.6293,120,0.5,2.0,1.0
010_RC102,10,RC,3,2,OPTIMAL,95.0289,3,2,1,1,1,0.6667,85.3778,0.0,9.6511,120,0.5,2.0,1.0
010_RC102,10,RC,3,3,OPTIMAL,43.3931,3,1,0,1,2,0.3333,40.9366,0.0,2.4565,120,0.5,2.0,1.0
010_RC102,10,RC,3,4,OPTIMAL,27.8966,3,0,0,0,3,0.0,0.0,0.0,27.8966,120,0.5,2.0,1.0
010_RC102,10,RC,3,5,OPTIMAL,47.3514,3,1,0,1,2,0.3333,38.914,0.0,8.4375,120,0.5,2.0,1.0
010_RC102,10,RC,3,6,OPTIMAL,43.0702,3,1,0,1,2,0.3333,38.6453,0.0,4.4249,120,0.5,2.0,1.0
010_RC102,10,RC,3,7,OPTIMAL,40.9448,3,1,0,1,2,0.3333,37.8231,0.0,3.1217,120,0.5,2.0,1.0
010_RC102,10,RC,3,8,OPTIMAL,36.7671,3,1,0,1,2,0.3333,31.554,0.0,5.2131,120,0.5,2.0,1.0
010_RC102,10,RC,3,9,OPTIMAL,6.5704,3,0,0,0,3,0.0,0.0,0.0,6.5704,120,0.5,2.0,1.0
010_RC103,10,RC,1,0,OPTIMAL,8.5799,1,0,0,0,1,0.0,0.0,0.0,8.5799,120,0.5,2.0,1.0
010_RC103,10,RC,1,1,OPTIMAL,6.6403,1,0,0,0,1,0.0,0.0,0.0,6.6403,120,0.5,2.0,1.0
010_RC103,10,RC,1,2,OPTIMAL,0.0504,1,0,0,0,1,0.0,0.0,0.0,0.0504,120,0.5,2.0,1.0
010_RC103,10,RC,1,3,OPTIMAL,4.7357,1,0,0,0,1,0.0,0.0,0.0,4.7357,120,0.5,2.0,1.0
010_RC103,10,RC,1,4,OPTIMAL,5.9336,1,0,0,0,1,0.0,0.0,0.0,5.9336,120,0.5,2.0,1.0
010_RC103,10,RC,1,5,OPTIMAL,0.0746,1,0,0,0,1,0.0,0.0,0.0,0.0746,120,0.5,2.0,1.0
010_RC103,10,RC,1,6,OPTIMAL,2.1261,1,0,0,0,1,0.0,0.0,0.0,2.1261,120,0.5,2.0,1.0
010_RC103,10,RC,1,7,OPTIMAL,41.8286,1,1,0,1,0,1.0,41.8286,0.0,0.0,120,0.5,2.0,1.0
010_RC103,10,RC,1,8,OPTIMAL,43.2226,1,1,0,1,0,1.0,43.2226,0.0,0.0,120,0.5,2.0,1.0
010_RC103,10,RC,1,9,OPTIMAL,0.1068,1,0,0,0,1,0.0,0.0,0.0,0.1068,120,0.5,2.0,1.0
010_RC103,10,RC,2,0,OPTIMAL,74.0384,2,2,0,2,0,1.0,74.0384,0.0,0.0,120,0.5,2.0,1.0
010_RC103,10,RC,2,1,OPTIMAL,34.6674,2,1,0,1,1,0.5,32.3665,0.0,2.3009,120,0.5,2.0,1.0
010_RC103,10,RC,2,2,OPTIMAL,80.1956,2,2,0,2,0,1.0,80.1956,0.0,0.0,120,0.5,2.0,1.0
010_RC103,10,RC,2,3,OPTIMAL,46.6958,2,1,0,1,1,0.5,42.7639,0.0,3.9319,120,0.5,2.0,1.0
010_RC103,10,RC,2,4,OPTIMAL,40.41,2,1,1,0,1,0.5,40.143,0.0,0.267,120,0.5,2.0,1.0
010_RC103,10,RC,2,5,OPTIMAL,38.9706,2,1,0,1,1,0.5,33.0317,0.0,5.9389,120,0.5,2.0,1.0
010_RC103,10,RC,2,6,OPTIMAL,47.6436,2,1,0,1,1,0.5,39.8777,0.0,7.766,120,0.5,2.0,1.0
010_RC103,10,RC,2,7,OPTIMAL,5.343,2,0,0,0,2,0.0,0.0,0.0,5.343,120,0.5,2.0,1.0
010_RC103,10,RC,2,8,OPTIMAL,36.8807,2,1,0,1,1,0.5,36.7049,0.0,0.1757,120,0.5,2.0,1.0
010_RC103,10,RC,2,9,OPTIMAL,42.3722,2,1,0,1,1,0.5,34.8761,0.0,7.4962,120,0.5,2.0,1.0
010_RC103,10,RC,3,0,OPTIMAL,8.6714,3,0,0,0,3,0.0,0.0,0.0,8.6714,120,0.5,2.0,1.0
010_RC103,10,RC,3,1,OPTIMAL,71.1498,3,2,1,1,1,0.6667,70.3536,0.0,0.7962,120,0.5,2.0,1.0
010_RC103,10,RC,3,2,OPTIMAL,61.2557,3,1,0,1,2,0.3333,37.6763,0.0,23.5794,120,0.5,2.0,1.0
010_RC103,10,RC,3,3,OPTIMAL,46.4857,3,1,0,1,2,0.3333,40.9366,0.0,5.5491,120,0.5,2.0,1.0
010_RC103,10,RC,3,4,OPTIMAL,49.1699,3,1,1,0,2,0.3333,47.4712,0.0,1.6987,120,0.5,2.0,1.0
010_RC103,10,RC,3,5,OPTIMAL,78.0792,3,2,0,2,1,0.6667,74.5311,0.0,3.5481,120,0.5,2.0,1.0
010_RC103,10,RC,3,6,OPTIMAL,42.838,3,1,0,1,2,0.3333,35.3701,0.0,7.4679,120,0.5,2.0,1.0
010_RC103,10,RC,3,7,OPTIMAL,39.3839,3,1,0,1,2,0.3333,37.8231,0.0,1.5609,120,0.5,2.0,1.0
010_RC103,10,RC,3,8,OPTIMAL,37.9091,3,1,0,1,2,0.3333,31.554,0.0,6.3551,120,0.5,2.0,1.0
010_RC103,10,RC,3,9,OPTIMAL,10.2553,3,0,0,0,3,0.0,0.0,0.0,10.2553,120,0.5,2.0,1.0
010_RC104,10,RC,1,0,OPTIMAL,9.76,1,0,0,0,1,0.0,0.0,0.0,9.76,120,0.5,2.0,1.0
010_RC104,10,RC,1,1,OPTIMAL,9.6725,1,0,0,0,1,0.0,0.0,0.0,9.6725,120,0.5,2.0,1.0
010_RC104,10,RC,1,2,OPTIMAL,0.0504,1,0,0,0,1,0.0,0.0,0.0,0.0504,120,0.5,2.0,1.0
010_RC104,10,RC,1,3,OPTIMAL,4.7357,1,0,0,0,1,0.0,0.0,0.0,4.7357,120,0.5,2.0,1.0
010_RC104,10,RC,1,4,OPTIMAL,5.9336,1,0,0,0,1,0.0,0.0,0.0,5.9336,120,0.5,2.0,1.0
010_RC104,10,RC,1,5,OPTIMAL,0.0746,1,0,0,0,1,0.0,0.0,0.0,0.0746,120,0.5,2.0,1.0
010_RC104,10,RC,1,6,OPTIMAL,2.1261,1,0,0,0,1,0.0,0.0,0.0,2.1261,120,0.5,2.0,1.0
010_RC104,10,RC,1,7,OPTIMAL,41.8286,1,1,0,1,0,1.0,41.8286,0.0,0.0,120,0.5,2.0,1.0
010_RC104,10,RC,1,8,OPTIMAL,43.2226,1,1,0,1,0,1.0,43.2226,0.0,0.0,120,0.5,2.0,1.0
010_RC104,10,RC,1,9,OPTIMAL,0.1068,1,0,0,0,1,0.0,0.0,0.0,0.1068,120,0.5,2.0,1.0
010_RC104,10,RC,2,0,OPTIMAL,74.0384,2,2,0,2,0,1.0,74.0384,0.0,0.0,120,0.5,2.0,1.0
010_RC104,10,RC,2,1,OPTIMAL,34.6674,2,1,1,0,1,0.5,32.3665,0.0,2.3009,120,0.5,2.0,1.0
010_RC104,10,RC,2,2,OPTIMAL,80.1956,2,2,0,2,0,1.0,80.1956,0.0,0.0,120,0.5,2.0,1.0
010_RC104,10,RC,2,3,OPTIMAL,75.5705,2,2,2,0,0,1.0,75.5705,0.0,0.0,120,0.5,2.0,1.0
010_RC104,10,RC,2,4,OPTIMAL,40.41,2,1,1,0,1,0.5,40.143,0.0,0.267,120,0.5,2.0,1.0
010_RC104,10,RC,2,5,OPTIMAL,38.9706,2,1,0,1,1,0.5,33.0317,0.0,5.9389,120,0.5,2.0,1.0
010_RC104,10,RC,2,6,OPTIMAL,47.6436,2,1,0,1,1,0.5,39.8777,0.0,7.766,120,0.5,2.0,1.0
010_RC104,10,RC,2,7,OPTIMAL,5.343,2,0,0,0,2,0.0,0.0,0.0,5.343,120,0.5,2.0,1.0
010_RC104,10,RC,2,8,OPTIMAL,68.2234,2,2,1,1,0,1.0,68.2234,0.0,0.0,120,0.5,2.0,1.0
010_RC104,10,RC,2,9,OPTIMAL,42.3722,2,1,0,1,1,0.5,34.8761,0.0,7.4962,120,0.5,2.0,1.0
010_RC104,10,RC,3,0,OPTIMAL,8.6714,3,0,0,0,3,0.0,0.0,0.0,8.6714,120,0.5,2.0,1.0
010_RC104,10,RC,3,1,OPTIMAL,71.1498,3,2,1,1,1,0.6667,70.3536,0.0,0.7962,120,0.5,2.0,1.0
010_RC104,10,RC,3,2,OPTIMAL,61.2557,3,1,1,0,2,0.3333,37.6763,0.0,23.5794,120,0.5,2.0,1.0
010_RC104,10,RC,3,3,OPTIMAL,46.4857,3,1,1,0,2,0.3333,40.9366,0.0,5.5491,120,0.5,2.0,1.0
010_RC104,10,RC,3,4,OPTIMAL,49.016,3,1,1,0,2,0.3333,47.4712,0.0,1.5449,120,0.5,2.0,1.0
010_RC104,10,RC,3,5,OPTIMAL,78.0792,3,2,0,2,1,0.6667,74.5311,0.0,3.5481,120,0.5,2.0,1.0
010_RC104,10,RC,3,6,OPTIMAL,42.838,3,1,0,1,2,0.3333,35.3701,0.0,7.4679,120,0.5,2.0,1.0
010_RC104,10,RC,3,7,OPTIMAL,39.3839,3,1,1,0,2,0.3333,37.8231,0.0,1.5609,120,0.5,2.0,1.0
010_RC104,10,RC,3,8,OPTIMAL,38.2799,3,1,0,1,2,0.3333,31.554,0.0,6.7259,120,0.5,2.0,1.0
010_RC104,10,RC,3,9,OPTIMAL,36.7328,3,1,1,0,2,0.3333,31.6557,0.0,5.0771,120,0.5,2.0,1.0
010_RC105,10,RC,1,0,OPTIMAL,8.5799,1,0,0,0,1,0.0,0.0,0.0,8.5799,120,0.5,2.0,1.0
010_RC105,10,RC,1,1,OPTIMAL,6.6403,1,0,0,0,1,0.0,0.0,0.0,6.6403,120,0.5,2.0,1.0
010_RC105,10,RC,1,2,OPTIMAL,0.0336,1,0,0,0,1,0.0,0.0,0.0,0.0336,120,0.5,2.0,1.0
010_RC105,10,RC,1,3,OPTIMAL,0.415,1,0,0,0,1,0.0,0.0,0.0,0.415,120,0.5,2.0,1.0
010_RC105,10,RC,1,4,OPTIMAL,3.9557,1,0,0,0,1,0.0,0.0,0.0,3.9557,120,0.5,2.0,1.0
010_RC105,10,RC,1,5,OPTIMAL,0.0746,1,0,0,0,1,0.0,0.0,0.0,0.0746,120,0.5,2.0,1.0
010_RC105,10,RC,1,6,OPTIMAL,0.7881,1,0,0,0,1,0.0,0.0,0.0,0.7881,120,0.5,2.0,1.0
010_RC105,10,RC,1,7,OPTIMAL,0.4908,1,0,0,0,1,0.0,0.0,0.0,0.4908,120,0.5,2.0,1.0
010_RC105,10,RC,1,8,OPTIMAL,0.2516,1,0,0,0,1,0.0,0.0,0.0,0.2516,120,0.5,2.0,1.0
010_RC105,10,RC,1,9,OPTIMAL,0.1068,1,0,0,0,1,0.0,0.0,0.0,0.1068,120,0.5,2.0,1.0
010_RC105,10,RC,2,0,OPTIMAL,39.7394,2,1,0,1,1,0.5,37.1625,0.0,2.5769,120,0.5,2.0,1.0
010_RC105,10,RC,2,1,OPTIMAL,71.497,2,2,0,2,0,1.0,71.497,0.0,0.0,120,0.5,2.0,1.0
010_RC105,10,RC,2,2,OPTIMAL,42.5094,2,1,0,1,1,0.5,39.2085,0.0,3.3009,120,0.5,2.0,1.0
010_RC105,10,RC,2,3,OPTIMAL,46.6958,2,1,0,1,1,0.5,42.7639,0.0,3.9319,120,0.5,2.0,1.0
010_RC105,10,RC,2,4,OPTIMAL,10.3474,2,0,0,0,2,0.0,0.0,0.0,10.3474,120,0.5,2.0,1.0
010_RC105,10,RC,2,5,OPTIMAL,44.2829,2,1,0,1,1,0.5,33.0317,0.0,11.2512,120,0.5,2.0,1.0
010_RC105,10,RC,2,6,OPTIMAL,2.0665,2,0,0,0,2,0.0,0.0,0.0,2.0665,120,0.5,2.0,1.0
010_RC105,10,RC,2,7,OPTIMAL,45.4946,2,1,0,1,1,0.5,38.4823,0.0,7.0123,120,0.5,2.0,1.0
010_RC105,10,RC,2,8,OPTIMAL,0.3556,2,0,0,0,2,0.0,0.0,0.0,0.3556,120,0.5,2.0,1.0
010_RC105,10,RC,2,9,OPTIMAL,7.0786,2,0,0,0,2,0.0,0.0,0.0,7.0786,120,0.5,2.0,1.0
010_RC105,10,RC,3,0,OPTIMAL,93.0545,3,2,1,1,1,0.6667,81.2032,0.0,11.8513,120,0.5,2.0,1.0
010_RC105,10,RC,3,1,OPTIMAL,3.842,3,0,0,0,3,0.0,0.0,0.0,3.842,120,0.5,2.0,1.0
010_RC105,10,RC,3,2,OPTIMAL,92.3464,3,2,1,1,1,0.6667,85.3778,0.0,6.9686,120,0.5,2.0,1.0
010_RC105,10,RC,3,3,OPTIMAL,42.5796,3,1,0,1,2,0.3333,40.9366,0.0,1.643,120,0.5,2.0,1.0
010_RC105,10,RC,3,4,OPTIMAL,50.4836,3,1,0,1,2,0.3333,47.4712,0.0,3.0125,120,0.5,2.0,1.0
010_RC105,10,RC,3,5,OPTIMAL,52.0661,3,1,0,1,2,0.3333,38.914,0.0,13.1522,120,0.5,2.0,1.0
010_RC105,10,RC,3,6,OPTIMAL,42.9089,3,1,0,1,2,0.3333,38.6453,0.0,4.2635,120,0.5,2.0,1.0
010_RC105,10,RC,3,7,OPTIMAL,40.9448,3,1,0,1,2,0.3333,37.8231,0.0,3.1217,120,0.5,2.0,1.0
010_RC105,10,RC,3,8,OPTIMAL,75.6289,3,2,0,2,1,0.6667,72.423,0.0,3.2059,120,0.5,2.0,1.0
010_RC105,10,RC,3,9,OPTIMAL,6.944,3,0,0,0,3,0.0,0.0,0.0,6.944,120,0.5,2.0,1.0
010_RC106,10,RC,1,0,OPTIMAL,14.8659,1,0,0,0,1,0.0,0.0,0.0,14.8659,120,0.5,2.0,1.0
010_RC106,10,RC,1,1,OPTIMAL,13.2806,1,0,0,0,1,0.0,0.0,0.0,13.2806,120,0.5,2.0,1.0
010_RC106,10,RC,1,2,OPTIMAL,37.2758,1,1,0,1,0,1.0,37.2758,0.0,0.0,120,0.5,2.0,1.0
010_RC106,10,RC,1,3,OPTIMAL,0.3421,1,0,0,0,1,0.0,0.0,0.0,0.3421,120,0.5,2.0,1.0
010_RC106,10,RC,1,4,OPTIMAL,0.5392,1,0,0,0,1,0.0,0.0,0.0,0.5392,120,0.5,2.0,1.0
010_RC106,10,RC,1,5,OPTIMAL,9.0115,1,0,0,0,1,0.0,0.0,0.0,9.0115,120,0.5,2.0,1.0
010_RC106,10,RC,1,6,OPTIMAL,0.5254,1,0,0,0,1,0.0,0.0,0.0,0.5254,120,0.5,2.0,1.0
010_RC106,10,RC,1,7,OPTIMAL,13.6041,1,0,0,0,1,0.0,0.0,0.0,13.6041,120,0.5,2.0,1.0
010_RC106,10,RC,1,8,OPTIMAL,16.4088,1,0,0,0,1,0.0,0.0,0.0,16.4088,120,0.5,2.0,1.0
010_RC106,10,RC,1,9,OPTIMAL,10.962,1,0,0,0,1,0.0,0.0,0.0,10.962,120,0.5,2.0,1.0
010_RC106,10,RC,2,0,OPTIMAL,74.0384,2,2,0,2,0,1.0,74.0384,0.0,0.0,120,0.5,2.0,1.0
010_RC106,10,RC,2,1,OPTIMAL,32.3772,2,1,0,1,1,0.5,32.3665,0.0,0.0108,120,0.5,2.0,1.0
010_RC106,10,RC,2,2,OPTIMAL,51.2065,2,1,0,1,1,0.5,39.2085,0.0,11.998,120,0.5,2.0,1.0
010_RC106,10,RC,2,3,OPTIMAL,75.5705,2,2,1,1,0,1.0,75.5705,0.0,0.0,120,0.5,2.0,1.0
010_RC106,10,RC,2,4,OPTIMAL,40.232,2,1,0,1,1,0.5,40.143,0.0,0.089,120,0.5,2.0,1.0
010_RC106,10,RC,2,5,OPTIMAL,51.4552,2,1,0,1,1,0.5,33.0317,0.0,18.4235,120,0.5,2.0,1.0
010_RC106,10,RC,2,6,OPTIMAL,4.533,2,0,0,0,2,0.0,0.0,0.0,4.533,120,0.5,2.0,1.0
010_RC106,10,RC,2,7,OPTIMAL,32.8029,2,1,0,1,1,0.5,32.0613,0.0,0.7417,120,0.5,2.0,1.0
010_RC106,10,RC,2,8,OPTIMAL,34.8353,2,1,0,1,1,0.5,31.5185,0.0,3.3169,120,0.5,2.0,1.0
010_RC106,10,RC,2,9,OPTIMAL,34.9257,2,1,0,1,1,0.5,34.1828,0.0,0.7429,120,0.5,2.0,1.0
010_RC106,10,RC,3,0,OPTIMAL,17.8402,3,0,0,0,3,0.0,0.0,0.0,17.8402,120,0.5,2.0,1.0
010_RC106,10,RC,3,1,OPTIMAL,67.887,3,2,0,2,1,0.6667,67.85,0.0,0.0369,120,0.5,2.0,1.0
010_RC106,10,RC,3,2,OPTIMAL,82.2863,3,2,0,2,1,0.6667,71.9522,0.0,10.3341,120,0.5,2.0,1.0
010_RC106,10,RC,3,3,OPTIMAL,73.8591,3,1,0,1,2,0.3333,40.9366,0.0,32.9225,120,0.5,2.0,1.0
010_RC106,10,RC,3,4,OPTIMAL,56.2092,3,1,1,0,2,0.3333,47.4712,0.0,8.738,120,0.5,2.0,1.0
010_RC106,10,RC,3,5,OPTIMAL,72.4654,3,2,0,2,1,0.6667,69.7373,0.0,2.7281,120,0.5,2.0,1.0
010_RC106,10,RC,3,6,OPTIMAL,9.6085,3,0,0,0,3,0.0,0.0,0.0,9.6085,120,0.5,2.0,1.0
010_RC106,10,RC,3,7,OPTIMAL,71.5647,3,2,0,2,1,0.6667,71.2258,0.0,0.3389,120,0.5,2.0,1.0
010_RC106,10,RC,3,8,OPTIMAL,36.5235,3,1,0,1,2,0.3333,31.554,0.0,4.9694,120,0.5,2.0,1.0
010_RC106,10,RC,3,9,OPTIMAL,51.3225,3,1,0,1,2,0.3333,31.6557,0.0,19.6668,120,0.5,2.0,1.0
010_RC107,10,RC,1,0,OPTIMAL,8.5799,1,0,0,0,1,0.0,0.0,0.0,8.5799,120,0.5,2.0,1.0
010_RC107,10,RC,1,1,OPTIMAL,6.6403,1,0,0,0,1,0.0,0.0,0.0,6.6403,120,0.5,2.0,1.0
010_RC107,10,RC,1,2,OPTIMAL,37.2758,1,1,0,1,0,1.0,37.2758,0.0,0.0,120,0.5,2.0,1.0
010_RC107,10,RC,1,3,OPTIMAL,0.3421,1,0,0,0,1,0.0,0.0,0.0,0.3421,120,0.5,2.0,1.0
010_RC107,10,RC,1,4,OPTIMAL,29.7847,1,1,0,1,0,1.0,29.7847,0.0,0.0,120,0.5,2.0,1.0
010_RC107,10,RC,1,5,OPTIMAL,4.5058,1,0,0,0,1,0.0,0.0,0.0,4.5058,120,0.5,2.0,1.0
010_RC107,10,RC,1,6,OPTIMAL,0.5254,1,0,0,0,1,0.0,0.0,0.0,0.5254,120,0.5,2.0,1.0
010_RC107,10,RC,1,7,OPTIMAL,0.034,1,0,0,0,1,0.0,0.0,0.0,0.034,120,0.5,2.0,1.0
010_RC107,10,RC,1,8,OPTIMAL,0.0065,1,0,0,0,1,0.0,0.0,0.0,0.0065,120,0.5,2.0,1.0
010_RC107,10,RC,1,9,OPTIMAL,5.481,1,0,0,0,1,0.0,0.0,0.0,5.481,120,0.5,2.0,1.0
010_RC107,10,RC,2,0,OPTIMAL,2.5824,2,0,0,0,2,0.0,0.0,0.0,2.5824,120,0.5,2.0,1.0
010_RC107,10,RC,2,1,OPTIMAL,4.3295,2,0,0,0,2,0.0,0.0,0.0,4.3295,120,0.5,2.0,1.0
010_RC107,10,RC,2,2,OPTIMAL,19.7038,2,0,0,0,2,0.0,0.0,0.0,19.7038,120,0.5,2.0,1.0
010_RC107,10,RC,2,3,OPTIMAL,48.2587,2,1,0,1,1,0.5,32.8066,0.0,15.4522,120,0.5,2.0,1.0
010_RC107,10,RC,2,4,OPTIMAL,2.027,2,0,0,0,2,0.0,0.0,0.0,2.027,120,0.5,2.0,1.0
010_RC107,10,RC,2,5,OPTIMAL,15.368,2,0,0,0,2,0.0,0.0,0.0,15.368,120,0.5,2.0,1.0
010_RC107,10,RC,2,6,OPTIMAL,1.6948,2,0,0,0,2,0.0,0.0,0.0,1.6948,120,0.5,2.0,1.0
010_RC107,10,RC,2,7,OPTIMAL,0.9167,2,0,0,0,2,0.0,0.0,0.0,0.9167,120,0.5,2.0,1.0
010_RC107,10,RC,2,8,OPTIMAL,34.8353,2,1,0,1,1,0.5,31.5185,0.0,3.3169,120,0.5,2.0,1.0
010_RC107,10,RC,2,9,OPTIMAL,18.0364,2,0,0,0,2,0.0,0.0,0.0,18.0364,120,0.5,2.0,1.0
010_RC107,10,RC,3,0,OPTIMAL,53.6666,3,1,1,0,2,0.3333,44.7742,0.0,8.8924,120,0.5,2.0,1.0
010_RC107,10,RC,3,1,OPTIMAL,2.2844,3,0,0,0,3,0.0,0.0,0.0,2.2844,120,0.5,2.0,1.0
010_RC107,10,RC,3,2,OPTIMAL,71.8888,3,1,1,0,2,0.3333,47.7015,0.0,24.1874,120,0.5,2.0,1.0
010_RC107,10,RC,3,3,OPTIMAL,43.7482,3,0,0,0,3,0.0,0.0,0.0,43.7482,120,0.5,2.0,1.0
010_RC107,10,RC,3,4,OPTIMAL,48.2606,3,1,1,0,2,0.3333,47.4712,0.0,0.7894,120,0.5,2.0,1.0
010_RC107,10,RC,3,5,OPTIMAL,6.8984,3,0,0,0,3,0.0,0.0,0.0,6.8984,120,0.5,2.0,1.0
010_RC107,10,RC,3,6,OPTIMAL,12.3334,3,0,0,0,3,0.0,0.0,0.0,12.3334,120,0.5,2.0,1.0
010_RC107,10,RC,3,7,OPTIMAL,3.9526,3,0,0,0,3,0.0,0.0,0.0,3.9526,120,0.5,2.0,1.0
010_RC107,10,RC,3,8,OPTIMAL,11.1085,3,0,0,0,3,0.0,0.0,0.0,11.1085,120,0.5,2.0,1.0
010_RC107,10,RC,3,9,OPTIMAL,57.4596,3,1,0,1,2,0.3333,31.6557,0.0,25.8039,120,0.5,2.0,1.0
010_RC108,10,RC,1,0,OPTIMAL,8.5799,1,0,0,0,1,0.0,0.0,0.0,8.5799,120,0.5,2.0,1.0
010_RC108,10,RC,1,1,OPTIMAL,6.6403,1,0,0,0,1,0.0,0.0,0.0,6.6403,120,0.5,2.0,1.0
010_RC108,10,RC,1,2,OPTIMAL,0.0504,1,0,0,0,1,0.0,0.0,0.0,0.0504,120,0.5,2.0,1.0
010_RC108,10,RC,1,3,OPTIMAL,0.4651,1,0,0,0,1,0.0,0.0,0.0,0.4651,120,0.5,2.0,1.0
010_RC108,10,RC,1,4,OPTIMAL,4.176,1,0,0,0,1,0.0,0.0,0.0,4.176,120,0.5,2.0,1.0
010_RC108,10,RC,1,5,OPTIMAL,4.5058,1,0,0,0,1,0.0,0.0,0.0,4.5058,120,0.5,2.0,1.0
010_RC108,10,RC,1,6,OPTIMAL,0.815,1,0,0,0,1,0.0,0.0,0.0,0.815,120,0.5,2.0,1.0
010_RC108,10,RC,1,7,OPTIMAL,0.0007,1,0,0,0,1,0.0,0.0,0.0,0.0007,120,0.5,2.0,1.0
010_RC108,10,RC,1,8,OPTIMAL,0.0066,1,0,0,0,1,0.0,0.0,0.0,0.0066,120,0.5,2.0,1.0
010_RC108,10,RC,1,9,OPTIMAL,5.481,1,0,0,0,1,0.0,0.0,0.0,5.481,120,0.5,2.0,1.0
010_RC108,10,RC,2,0,OPTIMAL,3.0016,2,0,0,0,2,0.0,0.0,0.0,3.0016,120,0.5,2.0,1.0
010_RC108,10,RC,2,1,OPTIMAL,0.6305,2,0,0,0,2,0.0,0.0,0.0,0.6305,120,0.5,2.0,1.0
010_RC108,10,RC,2,2,OPTIMAL,42.8636,2,1,0,1,1,0.5,40.9871,0.0,1.8765,120,0.5,2.0,1.0
010_RC108,10,RC,2,3,OPTIMAL,46.6958,2,1,1,0,1,0.5,42.7639,0.0,3.9319,120,0.5,2.0,1.0
010_RC108,10,RC,2,4,OPTIMAL,1.9565,2,0,0,0,2,0.0,0.0,0.0,1.9565,120,0.5,2.0,1.0
010_RC108,10,RC,2,5,OPTIMAL,10.3449,2,0,0,0,2,0.0,0.0,0.0,10.3449,120,0.5,2.0,1.0
010_RC108,10,RC,2,6,OPTIMAL,8.7815,2,0,0,0,2,0.0,0.0,0.0,8.7815,120,0.5,2.0,1.0
010_RC108,10,RC,2,7,OPTIMAL,1.0042,2,0,0,0,2,0.0,0.0,0.0,1.0042,120,0.5,2.0,1.0
010_RC108,10,RC,2,8,OPTIMAL,36.8807,2,1,0,1,1,0.5,36.7049,0.0,0.1757,120,0.5,2.0,1.0
010_RC108,10,RC,2,9,OPTIMAL,15.477,2,0,0,0,2,0.0,0.0,0.0,15.477,120,0.5,2.0,1.0
010_RC108,10,RC,3,0,OPTIMAL,28.1782,3,0,0,0,3,0.0,0.0,0.0,28.1782,120,0.5,2.0,1.0
010_RC108,10,RC,3,1,OPTIMAL,6.4999,3,0,0,0,3,0.0,0.0,0.0,6.4999,120,0.5,2.0,1.0
010_RC108,10,RC,3,2,OPTIMAL,50.5495,3,0,0,0,3,0.0,0.0,0.0,50.5495,120,0.5,2.0,1.0
010_RC108,10,RC,3,3,OPTIMAL,8.9952,3,0,0,0,3,0.0,0.0,0.0,8.9952,120,0.5,2.0,1.0
010_RC108,10,RC,3,4,OPTIMAL,48.6408,3,1,1,0,2,0.3333,47.4712,0.0,1.1696,120,0.5,2.0,1.0
010_RC108,10,RC,3,5,OPTIMAL,7.624,3,0,0,0,3,0.0,0.0,0.0,7.624,120,0.5,2.0,1.0
010_RC108,10,RC,3,6,OPTIMAL,12.178,3,0,0,0,3,0.0,0.0,0.0,12.178,120,0.5,2.0,1.0
010_RC108,10,RC,3,7,OPTIMAL,1.6277,3,0,0,0,3,0.0,0.0,0.0,1.6277,120,0.5,2.0,1.0
010_RC108,10,RC,3,8,OPTIMAL,6.3957,3,0,0,0,3,0.0,0.0,0.0,6.3957,120,0.5,2.0,1.0
010_RC108,10,RC,3,9,OPTIMAL,8.6919,3,0,0,0,3,0.0,0.0,0.0,8.6919,120,0.5,2.0,1.0
010_RC201,10,RC,1,0,OPTIMAL,8.5799,1,0,0,0,1,0.0,0.0,0.0,8.5799,120,0.5,2.0,1.0
010_RC201,10,RC,1,1,OPTIMAL,6.6403,1,0,0,0,1,0.0,0.0,0.0,6.6403,120,0.5,2.0,1.0
010_RC201,10,RC,1,2,OPTIMAL,37.2758,1,1,1,0,0,1.0,37.2758,0.0,0.0,120,0.5,2.0,1.0
010_RC201,10,RC,1,3,OPTIMAL,35.7768,1,1,0,1,0,1.0,35.7768,0.0,0.0,120,0.5,2.0,1.0
010_RC201,10,RC,1,4,OPTIMAL,29.7847,1,1,1,0,0,1.0,29.7847,0.0,0.0,120,0.5,2.0,1.0
010_RC201,10,RC,1,5,OPTIMAL,32.0538,1,1,1,0,0,1.0,32.0538,0.0,0.0,120,0.5,2.0,1.0
010_RC201,10,RC,1,6,OPTIMAL,0.2627,1,0,0,0,1,0.0,0.0,0.0,0.2627,120,0.5,2.0,1.0
010_RC201,10,RC,1,7,OPTIMAL,13.6041,1,0,0,0,1,0.0,0.0,0.0,13.6041,120,0.5,2.0,1.0
010_RC201,10,RC,1,8,OPTIMAL,43.2226,1,1,1,0,0,1.0,43.2226,0.0,0.0,120,0.5,2.0,1.0
010_RC201,10,RC,1,9,OPTIMAL,32.0151,1,1,1,0,0,1.0,32.0151,0.0,0.0,120,0.5,2.0,1.0
010_RC201,10,RC,2,0,OPTIMAL,40.1613,2,1,1,0,1,0.5,37.1625,0.0,2.9988,120,0.5,2.0,1.0
010_RC201,10,RC,2,1,OPTIMAL,33.0325,2,1,1,0,1,0.5,32.3665,0.0,0.666,120,0.5,2.0,1.0
010_RC201,10,RC,2,2,OPTIMAL,80.1956,2,2,1,1,0,1.0,80.1956,0.0,0.0,120,0.5,2.0,1.0
010_RC201,10,RC,2,3,OPTIMAL,75.5705,2,2,2,0,0,1.0,75.5705,0.0,0.0,120,0.5,2.0,1.0
010_RC201,10,RC,2,4,OPTIMAL,34.9729,2,1,0,1,1,0.5,33.1944,0.0,1.7785,120,0.5,2.0,1.0
010_RC201,10,RC,2,5,OPTIMAL,44.2829,2,1,1,0,1,0.5,33.0317,0.0,11.2512,120,0.5,2.0,1.0
010_RC201,10,RC,2,6,OPTIMAL,40.0278,2,1,1,0,1,0.5,39.8777,0.0,0.1502,120,0.5,2.0,1.0
010_RC201,10,RC,2,7,OPTIMAL,70.5436,2,2,2,0,0,1.0,70.5436,0.0,0.0,120,0.5,2.0,1.0
010_RC201,10,RC,2,8,OPTIMAL,68.2234,2,2,2,0,0,1.0,68.2234,0.0,0.0,120,0.5,2.0,1.0
010_RC201,10,RC,2,9,OPTIMAL,69.0589,2,2,2,0,0,1.0,69.0589,0.0,0.0,120,0.5,2.0,1.0
010_RC201,10,RC,3,0,OPTIMAL,56.8966,3,1,1,0,2,0.3333,44.7742,0.0,12.1225,120,0.5,2.0,1.0
010_RC201,10,RC,3,1,OPTIMAL,65.9783,3,2,2,0,1,0.6667,64.5598,0.0,1.4185,120,0.5,2.0,1.0
010_RC201,10,RC,3,2,OPTIMAL,119.6537,3,3,3,0,0,1.0,119.6537,0.0,0.0,120,0.5,2.0,1.0
010_RC201,10,RC,3,3,OPTIMAL,80.016,3,2,1,1,1,0.6667,80.0128,0.0,0.0032,120,0.5,2.0,1.0
010_RC201,10,RC,3,4,OPTIMAL,59.2769,3,1,1,0,2,0.3333,47.4712,0.0,11.8057,120,0.5,2.0,1.0
010_RC201,10,RC,3,5,OPTIMAL,105.3545,3,3,3,0,0,1.0,105.3545,0.0,0.0,120,0.5,2.0,1.0
010_RC201,10,RC,3,6,OPTIMAL,74.8644,3,2,2,0,1,0.6667,74.2385,0.0,0.6259,120,0.5,2.0,1.0
010_RC201,10,RC,3,7,OPTIMAL,74.7057,3,2,2,0,1,0.6667,71.2258,0.0,3.4799,120,0.5,2.0,1.0
010_RC201,10,RC,3,8,OPTIMAL,39.0023,3,1,0,1,2,0.3333,31.554,0.0,7.4483,120,0.5,2.0,1.0
010_RC201,10,RC,3,9,OPTIMAL,49.1511,3,1,1,0,2,0.3333,31.6557,0.0,17.4954,120,0.5,2.0,1.0
010_RC202,10,RC,1,0,OPTIMAL,35.5354,1,1,0,1,0,1.0,35.5354,0.0,0.0,120,0.5,2.0,1.0
010_RC202,10,RC,1,1,OPTIMAL,31.4319,1,1,0,1,0,1.0,31.4319,0.0,0.0,120,0.5,2.0,1.0
010_RC202,10,RC,1,2,OPTIMAL,37.2758,1,1,1,0,0,1.0,37.2758,0.0,0.0,120,0.5,2.0,1.0
010_RC202,10,RC,1,3,OPTIMAL,35.7768,1,1,0,1,0,1.0,35.7768,0.0,0.0,120,0.5,2.0,1.0
010_RC202,10,RC,1,4,OPTIMAL,29.7847,1,1,1,0,0,1.0,29.7847,0.0,0.0,120,0.5,2.0,1.0
010_RC202,10,RC,1,5,OPTIMAL,32.0538,1,1,1,0,0,1.0,32.0538,0.0,0.0,120,0.5,2.0,1.0
010_RC202,10,RC,1,6,OPTIMAL,0.2627,1,0,0,0,1,0.0,0.0,0.0,0.2627,120,0.5,2.0,1.0
010_RC202,10,RC,1,7,OPTIMAL,41.8286,1,1,0,1,0,1.0,41.8286,0.0,0.0,120,0.5,2.0,1.0
010_RC202,10,RC,1,8,OPTIMAL,43.2226,1,1,1,0,0,1.0,43.2226,0.0,0.0,120,0.5,2.0,1.0
010_RC202,10,RC,1,9,OPTIMAL,32.0151,1,1,1,0,0,1.0,32.0151,0.0,0.0,120,0.5,2.0,1.0
010_RC202,10,RC,2,0,OPTIMAL,74.0384,2,2,2,0,0,1.0,74.0384,0.0,0.0,120,0.5,2.0,1.0
010_RC202,10,RC,2,1,OPTIMAL,33.0325,2,1,1,0,1,0.5,32.3665,0.0,0.666,120,0.5,2.0,1.0
010_RC202,10,RC,2,2,OPTIMAL,80.1956,2,2,2,0,0,1.0,80.1956,0.0,0.0,120,0.5,2.0,1.0
010_RC202,10,RC,2,3,OPTIMAL,75.5705,2,2,2,0,0,1.0,75.5705,0.0,0.0,120,0.5,2.0,1.0
010_RC202,10,RC,2,4,OPTIMAL,73.3373,2,2,1,1,0,1.0,73.3373,0.0,0.0,120,0.5,2.0,1.0
010_RC202,10,RC,2,5,OPTIMAL,44.2829,2,1,1,0,1,0.5,33.0317,0.0,11.2512,120,0.5,2.0,1.0
010_RC202,10,RC,2,6,OPTIMAL,40.0278,2,1,1,0,1,0.5,39.8777,0.0,0.1502,120,0.5,2.0,1.0
010_RC202,10,RC,2,7,OPTIMAL,70.5436,2,2,1,1,0,1.0,70.5436,0.0,0.0,120,0.5,2.0,1.0
010_RC202,10,RC,2,8,OPTIMAL,68.2234,2,2,2,0,0,1.0,68.2234,0.0,0.0,120,0.5,2.0,1.0
010_RC202,10,RC,2,9,OPTIMAL,69.0589,2,2,2,0,0,1.0,69.0589,0.0,0.0,120,0.5,2.0,1.0
010_RC202,10,RC,3,0,OPTIMAL,56.8966,3,1,1,0,2,0.3333,44.7742,0.0,12.1225,120,0.5,2.0,1.0
010_RC202,10,RC,3,1,OPTIMAL,101.3817,3,3,3,0,0,1.0,101.3817,0.0,0.0,120,0.5,2.0,1.0
010_RC202,10,RC,3,2,OPTIMAL,119.6537,3,3,3,0,0,1.0,119.6537,0.0,0.0,120,0.5,2.0,1.0
010_RC202,10,RC,3,3,OPTIMAL,80.016,3,2,1,1,1,0.6667,80.0128,0.0,0.0032,120,0.5,2.0,1.0
010_RC202,10,RC,3,4,OPTIMAL,79.3599,3,1,1,0,2,0.3333,47.4712,0.0,31.8887,120,0.5,2.0,1.0
010_RC202,10,RC,3,5,OPTIMAL,105.3545,3,3,2,1,0,1.0,105.3545,0.0,0.0,120,0.5,2.0,1.0
010_RC202,10,RC,3,6,OPTIMAL,109.6085,3,3,2,1,0,1.0,109.6085,0.0,0.0,120,0.5,2.0,1.0
010_RC202,10,RC,3,7,OPTIMAL,100.0305,3,3,2,1,0,1.0,100.0305,0.0,0.0,120,0.5,2.0,1.0
010_RC202,10,RC,3,8,OPTIMAL,68.0361,3,2,1,1,1,0.6667,65.7656,0.0,2.2704,120,0.5,2.0,1.0
010_RC202,10,RC,3,9,OPTIMAL,67.4853,3,2,2,0,1,0.6667,66.9827,0.0,0.5026,120,0.5,2.0,1.0
010_RC203,10,RC,1,0,OPTIMAL,35.5354,1,1,0,1,0,1.0,35.5354,0.0,0.0,120,0.5,2.0,1.0
010_RC203,10,RC,1,1,OPTIMAL,31.4319,1,1,0,1,0,1.0,31.4319,0.0,0.0,120,0.5,2.0,1.0
010_RC203,10,RC,1,2,OPTIMAL,37.2758,1,1,1,0,0,1.0,37.2758,0.0,0.0,120,0.5,2.0,1.0
010_RC203,10,RC,1,3,OPTIMAL,35.7768,1,1,0,1,0,1.0,35.7768,0.0,0.0,120,0.5,2.0,1.0
010_RC203,10,RC,1,4,OPTIMAL,29.7847,1,1,1,0,0,1.0,29.7847,0.0,0.0,120,0.5,2.0,1.0
010_RC203,10,RC,1,5,OPTIMAL,32.0538,1,1,1,0,0,1.0,32.0538,0.0,0.0,120,0.5,2.0,1.0
010_RC203,10,RC,1,6,OPTIMAL,43.901,1,1,1,0,0,1.0,43.901,0.0,0.0,120,0.5,2.0,1.0
010_RC203,10,RC,1,7,OPTIMAL,41.8286,1,1,0,1,0,1.0,41.8286,0.0,0.0,120,0.5,2.0,1.0
010_RC203,10,RC,1,8,OPTIMAL,43.2226,1,1,1,0,0,1.0,43.2226,0.0,0.0,120,0.5,2.0,1.0
010_RC203,10,RC,1,9,OPTIMAL,32.0151,1,1,1,0,0,1.0,32.0151,0.0,0.0,120,0.5,2.0,1.0
010_RC203,10,RC,2,0,OPTIMAL,74.0384,2,2,2,0,0,1.0,74.0384,0.0,0.0,120,0.5,2.0,1.0
010_RC203,10,RC,2,1,OPTIMAL,71.497,2,2,1,1,0,1.0,71.497,0.0,0.0,120,0.5,2.0,1.0
010_RC203,10,RC,2,2,OPTIMAL,80.1956,2,2,2,0,0,1.0,80.1956,0.0,0.0,120,0.5,2.0,1.0
010_RC203,10,RC,2,3,OPTIMAL,75.5705,2,2,2,0,0,1.0,75.5705,0.0,0.0,120,0.5,2.0,1.0
010_RC203,10,RC,2,4,OPTIMAL,73.3373,2,2,1,1,0,1.0,73.3373,0.0,0.0,120,0.5,2.0,1.0
010_RC203,10,RC,2,5,OPTIMAL,68.0965,2,2,1,1,0,1.0,68.0965,0.0,0.0,120,0.5,2.0,1.0
010_RC203,10,RC,2,6,OPTIMAL,76.3749,2,2,2,0,0,1.0,76.3749,0.0,0.0,120,0.5,2.0,1.0
010_RC203,10,RC,2,7,OPTIMAL,70.5436,2,2,1,1,0,1.0,70.5436,0.0,0.0,120,0.5,2.0,1.0
010_RC203,10,RC,2,8,OPTIMAL,68.2234,2,2,2,0,0,1.0,68.2234,0.0,0.0,120,0.5,2.0,1.0
010_RC203,10,RC,2,9,OPTIMAL,69.0589,2,2,2,0,0,1.0,69.0589,0.0,0.0,120,0.5,2.0,1.0
010_RC203,10,RC,3,0,OPTIMAL,68.8534,3,2,1,1,1,0.6667,68.77,0.0,0.0834,120,0.5,2.0,1.0
010_RC203,10,RC,3,1,OPTIMAL,101.3817,3,3,3,0,0,1.0,101.3817,0.0,0.0,120,0.5,2.0,1.0
010_RC203,10,RC,3,2,OPTIMAL,87.4533,3,2,2,0,1,0.6667,71.9522,0.0,15.5011,120,0.5,2.0,1.0
010_RC203,10,RC,3,3,OPTIMAL,118.6102,3,3,2,1,0,1.0,118.6102,0.0,0.0,120,0.5,2.0,1.0
010_RC203,10,RC,3,4,OPTIMAL,80.6041,3,2,2,0,1,0.6667,79.2904,0.0,1.3137,120,0.5,2.0,1.0
010_RC203,10,RC,3,5,OPTIMAL,105.3545,3,3,2,1,0,1.0,105.3545,0.0,0.0,120,0.5,2.0,1.0
010_RC203,10,RC,3,6,OPTIMAL,109.6085,3,3,3,0,0,1.0,109.6085,0.0,0.0,120,0.5,2.0,1.0
010_RC203,10,RC,3,7,OPTIMAL,100.0305,3,3,3,0,0,1.0,100.0305,0.0,0.0,120,0.5,2.0,1.0
010_RC203,10,RC,3,8,OPTIMAL,106.6346,3,3,1,2,0,1.0,106.6346,0.0,0.0,120,0.5,2.0,1.0
010_RC203,10,RC,3,9,OPTIMAL,101.8174,3,3,3,0,0,1.0,101.8174,0.0,0.0,120,0.5,2.0,1.0
010_RC204,10,RC,1,0,OPTIMAL,35.5354,1,1,1,0,0,1.0,35.5354,0.0,0.0,120,0.5,2.0,1.0
010_RC204,10,RC,1,1,OPTIMAL,31.4319,1,1,1,0,0,1.0,31.4319,0.0,0.0,120,0.5,2.0,1.0
010_RC204,10,RC,1,2,OPTIMAL,37.2758,1,1,1,0,0,1.0,37.2758,0.0,0.0,120,0.5,2.0,1.0
010_RC204,10,RC,1,3,OPTIMAL,35.7768,1,1,0,1,0,1.0,35.7768,0.0,0.0,120,0.5,2.0,1.0
010_RC204,10,RC,1,4,OPTIMAL,29.7847,1,1,1,0,0,1.0,29.7847,0.0,0.0,120,0.5,2.0,1.0
010_RC204,10,RC,1,5,OPTIMAL,32.0538,1,1,1,0,0,1.0,32.0538,0.0,0.0,120,0.5,2.0,1.0
010_RC204,10,RC,1,6,OPTIMAL,43.901,1,1,1,0,0,1.0,43.901,0.0,0.0,120,0.5,2.0,1.0
010_RC204,10,RC,1,7,OPTIMAL,41.8286,1,1,1,0,0,1.0,41.8286,0.0,0.0,120,0.5,2.0,1.0
010_RC204,10,RC,1,8,OPTIMAL,43.2226,1,1,1,0,0,1.0,43.2226,0.0,0.0,120,0.5,2.0,1.0
010_RC204,10,RC,1,9,OPTIMAL,32.0151,1,1,1,0,0,1.0,32.0151,0.0,0.0,120,0.5,2.0,1.0
010_RC204,10,RC,2,0,OPTIMAL,74.0384,2,2,2,0,0,1.0,74.0384,0.0,0.0,120,0.5,2.0,1.0
010_RC204,10,RC,2,1,OPTIMAL,71.497,2,2,1,1,0,1.0,71.497,0.0,0.0,120,0.5,2.0,1.0
010_RC204,10,RC,2,2,OPTIMAL,80.1956,2,2,2,0,0,1.0,80.1956,0.0,0.0,120,0.5,2.0,1.0
010_RC204,10,RC,2,3,OPTIMAL,75.5705,2,2,2,0,0,1.0,75.5705,0.0,0.0,120,0.5,2.0,1.0
010_RC204,10,RC,2,4,OPTIMAL,73.3373,2,2,1,1,0,1.0,73.3373,0.0,0.0,120,0.5,2.0,1.0
010_RC204,10,RC,2,5,OPTIMAL,68.0965,2,2,1,1,0,1.0,68.0965,0.0,0.0,120,0.5,2.0,1.0
010_RC204,10,RC,2,6,OPTIMAL,76.3749,2,2,2,0,0,1.0,76.3749,0.0,0.0,120,0.5,2.0,1.0
010_RC204,10,RC,2,7,OPTIMAL,47.4353,2,1,1,0,1,0.5,38.4823,0.0,8.953,120,0.5,2.0,1.0
010_RC204,10,RC,2,8,OPTIMAL,68.2234,2,2,2,0,0,1.0,68.2234,0.0,0.0,120,0.5,2.0,1.0
010_RC204,10,RC,2,9,OPTIMAL,69.0589,2,2,2,0,0,1.0,69.0589,0.0,0.0,120,0.5,2.0,1.0
010_RC204,10,RC,3,0,OPTIMAL,68.8534,3,2,1,1,1,0.6667,68.77,0.0,0.0834,120,0.5,2.0,1.0
010_RC204,10,RC,3,1,OPTIMAL,101.3817,3,3,3,0,0,1.0,101.3817,0.0,0.0,120,0.5,2.0,1.0
010_RC204,10,RC,3,2,OPTIMAL,87.4533,3,2,2,0,1,0.6667,71.9522,0.0,15.5011,120,0.5,2.0,1.0
010_RC204,10,RC,3,3,OPTIMAL,118.6102,3,3,2,1,0,1.0,118.6102,0.0,0.0,120,0.5,2.0,1.0
010_RC204,10,RC,3,4,OPTIMAL,80.6041,3,2,2,0,1,0.6667,79.2904,0.0,1.3137,120,0.5,2.0,1.0
010_RC204,10,RC,3,5,OPTIMAL,82.8363,3,2,2,0,1,0.6667,74.5311,0.0,8.3051,120,0.5,2.0,1.0
010_RC204,10,RC,3,6,OPTIMAL,74.1687,3,2,2,0,1,0.6667,70.9632,0.0,3.2055,120,0.5,2.0,1.0
010_RC204,10,RC,3,7,OPTIMAL,100.0305,3,3,3,0,0,1.0,100.0305,0.0,0.0,120,0.5,2.0,1.0
010_RC204,10,RC,3,8,OPTIMAL,106.6346,3,3,2,1,0,1.0,106.6346,0.0,0.0,120,0.5,2.0,1.0
010_RC204,10,RC,3,9,OPTIMAL,101.8174,3,3,3,0,0,1.0,101.8174,0.0,0.0,120,0.5,2.0,1.0
010_RC205,10,RC,1,0,OPTIMAL,8.5799,1,0,0,0,1,0.0,0.0,0.0,8.5799,120,0.5,2.0,1.0
010_RC205,10,RC,1,1,OPTIMAL,6.6403,1,0,0,0,1,0.0,0.0,0.0,6.6403,120,0.5,2.0,1.0
010_RC205,10,RC,1,2,OPTIMAL,37.2758,1,1,1,0,0,1.0,37.2758,0.0,0.0,120,0.5,2.0,1.0
010_RC205,10,RC,1,3,OPTIMAL,35.7768,1,1,0,1,0,1.0,35.7768,0.0,0.0,120,0.5,2.0,1.0
010_RC205,10,RC,1,4,OPTIMAL,0.7143,1,0,0,0,1,0.0,0.0,0.0,0.7143,120,0.5,2.0,1.0
010_RC205,10,RC,1,5,OPTIMAL,32.0538,1,1,1,0,0,1.0,32.0538,0.0,0.0,120,0.5,2.0,1.0
010_RC205,10,RC,1,6,OPTIMAL,0.2627,1,0,0,0,1,0.0,0.0,0.0,0.2627,120,0.5,2.0,1.0
010_RC205,10,RC,1,7,OPTIMAL,41.8286,1,1,0,1,0,1.0,41.8286,0.0,0.0,120,0.5,2.0,1.0
010_RC205,10,RC,1,8,OPTIMAL,43.2226,1,1,1,0,0,1.0,43.2226,0.0,0.0,120,0.5,2.0,1.0
010_RC205,10,RC,1,9,OPTIMAL,32.0151,1,1,1,0,0,1.0,32.0151,0.0,0.0,120,0.5,2.0,1.0
010_RC205,10,RC,2,0,OPTIMAL,74.0384,2,2,1,1,0,1.0,74.0384,0.0,0.0,120,0.5,2.0,1.0
010_RC205,10,RC,2,1,OPTIMAL,33.0325,2,1,1,0,1,0.5,32.3665,0.0,0.666,120,0.5,2.0,1.0
010_RC205,10,RC,2,2,OPTIMAL,80.1956,2,2,2,0,0,1.0,80.1956,0.0,0.0,120,0.5,2.0,1.0
010_RC205,10,RC,2,3,OPTIMAL,75.5705,2,2,2,0,0,1.0,75.5705,0.0,0.0,120,0.5,2.0,1.0
010_RC205,10,RC,2,4,OPTIMAL,73.3373,2,2,2,0,0,1.0,73.3373,0.0,0.0,120,0.5,2.0,1.0
010_RC205,10,RC,2,5,OPTIMAL,68.0965,2,2,2,0,0,1.0,68.0965,0.0,0.0,120,0.5,2.0,1.0
010_RC205,10,RC,2,6,OPTIMAL,40.0278,2,1,0,1,1,0.5,39.8777,0.0,0.1502,120,0.5,2.0,1.0
010_RC205,10,RC,2,7,OPTIMAL,47.5659,2,1,1,0,1,0.5,38.4823,0.0,9.0836,120,0.5,2.0,1.0
010_RC205,10,RC,2,8,OPTIMAL,68.2234,2,2,2,0,0,1.0,68.2234,0.0,0.0,120,0.5,2.0,1.0
010_RC205,10,RC,2,9,OPTIMAL,69.0589,2,2,2,0,0,1.0,69.0589,0.0,0.0,120,0.5,2.0,1.0
010_RC205,10,RC,3,0,OPTIMAL,113.5441,3,3,2,1,0,1.0,113.5441,0.0,0.0,120,0.5,2.0,1.0
010_RC205,10,RC,3,1,OPTIMAL,101.3817,3,3,1,2,0,1.0,101.3817,0.0,0.0,120,0.5,2.0,1.0
010_RC205,10,RC,3,2,OPTIMAL,119.6537,3,3,2,1,0,1.0,119.6537,0.0,0.0,120,0.5,2.0,1.0
010_RC205,10,RC,3,3,OPTIMAL,80.016,3,2,2,0,1,0.6667,80.0128,0.0,0.0032,120,0.5,2.0,1.0
010_RC205,10,RC,3,4,OPTIMAL,53.754,3,1,1,0,2,0.3333,47.4712,0.0,6.2829,120,0.5,2.0,1.0
010_RC205,10,RC,3,5,OPTIMAL,83.261,3,2,2,0,1,0.6667,74.5311,0.0,8.7299,120,0.5,2.0,1.0
010_RC205,10,RC,3,6,OPTIMAL,78.2777,3,2,1,1,1,0.6667,74.0154,0.0,4.2623,120,0.5,2.0,1.0
010_RC205,10,RC,3,7,OPTIMAL,71.4919,3,2,2,0,1,0.6667,71.2258,0.0,0.2661,120,0.5,2.0,1.0
010_RC205,10,RC,3,8,OPTIMAL,68.0361,3,2,2,0,1,0.6667,65.7656,0.0,2.2704,120,0.5,2.0,1.0
010_RC205,10,RC,3,9,OPTIMAL,101.8174,3,3,3,0,0,1.0,101.8174,0.0,0.0,120,0.5,2.0,1.0
010_RC206,10,RC,1,0,OPTIMAL,35.5354,1,1,1,0,0,1.0,35.5354,0.0,0.0,120,0.5,2.0,1.0
010_RC206,10,RC,1,1,OPTIMAL,31.4319,1,1,1,0,0,1.0,31.4319,0.0,0.0,120,0.5,2.0,1.0
010_RC206,10,RC,1,2,OPTIMAL,37.2758,1,1,0,1,0,1.0,37.2758,0.0,0.0,120,0.5,2.0,1.0
010_RC206,10,RC,1,3,OPTIMAL,35.7768,1,1,1,0,0,1.0,35.7768,0.0,0.0,120,0.5,2.0,1.0
010_RC206,10,RC,1,4,OPTIMAL,29.7847,1,1,1,0,0,1.0,29.7847,0.0,0.0,120,0.5,2.0,1.0
010_RC206,10,RC,1,5,OPTIMAL,32.0538,1,1,1,0,0,1.0,32.0538,0.0,0.0,120,0.5,2.0,1.0
010_RC206,10,RC,1,6,OPTIMAL,43.901,1,1,0,1,0,1.0,43.901,0.0,0.0,120,0.5,2.0,1.0
010_RC206,10,RC,1,7,OPTIMAL,41.8286,1,1,1,0,0,1.0,41.8286,0.0,0.0,120,0.5,2.0,1.0
010_RC206,10,RC,1,8,OPTIMAL,43.2226,1,1,1,0,0,1.0,43.2226,0.0,0.0,120,0.5,2.0,1.0
010_RC206,10,RC,1,9,OPTIMAL,32.0151,1,1,1,0,0,1.0,32.0151,0.0,0.0,120,0.5,2.0,1.0
010_RC206,10,RC,2,0,OPTIMAL,74.0384,2,2,0,2,0,1.0,74.0384,0.0,0.0,120,0.5,2.0,1.0
010_RC206,10,RC,2,1,OPTIMAL,33.0325,2,1,1,0,1,0.5,32.3665,0.0,0.666,120,0.5,2.0,1.0
010_RC206,10,RC,2,2,OPTIMAL,80.1956,2,2,2,0,0,1.0,80.1956,0.0,0.0,120,0.5,2.0,1.0
010_RC206,10,RC,2,3,OPTIMAL,75.5705,2,2,2,0,0,1.0,75.5705,0.0,0.0,120,0.5,2.0,1.0
010_RC206,10,RC,2,4,OPTIMAL,73.3373,2,2,1,1,0,1.0,73.3373,0.0,0.0,120,0.5,2.0,1.0
010_RC206,10,RC,2,5,OPTIMAL,68.0965,2,2,2,0,0,1.0,68.0965,0.0,0.0,120,0.5,2.0,1.0
010_RC206,10,RC,2,6,OPTIMAL,76.3749,2,2,0,2,0,1.0,76.3749,0.0,0.0,120,0.5,2.0,1.0
010_RC206,10,RC,2,7,OPTIMAL,70.5436,2,2,2,0,0,1.0,70.5436,0.0,0.0,120,0.5,2.0,1.0
010_RC206,10,RC,2,8,OPTIMAL,68.2234,2,2,2,0,0,1.0,68.2234,0.0,0.0,120,0.5,2.0,1.0
010_RC206,10,RC,2,9,OPTIMAL,39.1994,2,1,0,1,1,0.5,34.8761,0.0,4.3234,120,0.5,2.0,1.0
010_RC206,10,RC,3,0,OPTIMAL,77.1153,3,2,2,0,1,0.6667,77.1151,0.0,0.0002,120,0.5,2.0,1.0
010_RC206,10,RC,3,1,OPTIMAL,71.1498,3,2,0,2,1,0.6667,70.3536,0.0,0.7962,120,0.5,2.0,1.0
010_RC206,10,RC,3,2,OPTIMAL,93.4561,3,2,2,0,1,0.6667,85.3778,0.0,8.0783,120,0.5,2.0,1.0
010_RC206,10,RC,3,3,OPTIMAL,118.6102,3,3,2,1,0,1.0,118.6102,0.0,0.0,120,0.5,2.0,1.0
010_RC206,10,RC,3,4,OPTIMAL,112.1854,3,3,2,1,0,1.0,112.1854,0.0,0.0,120,0.5,2.0,1.0
010_RC206,10,RC,3,5,OPTIMAL,105.3545,3,3,2,1,0,1.0,105.3545,0.0,0.0,120,0.5,2.0,1.0
010_RC206,10,RC,3,6,OPTIMAL,109.6085,3,3,2,1,0,1.0,109.6085,0.0,0.0,120,0.5,2.0,1.0
010_RC206,10,RC,3,7,OPTIMAL,67.9225,3,2,2,0,1,0.6667,66.6278,0.0,1.2948,120,0.5,2.0,1.0
010_RC206,10,RC,3,8,OPTIMAL,39.0023,3,1,1,0,2,0.3333,31.554,0.0,7.4483,120,0.5,2.0,1.0
010_RC206,10,RC,3,9,OPTIMAL,101.8174,3,3,3,0,0,1.0,101.8174,0.0,0.0,120,0.5,2.0,1.0
010_RC207,10,RC,1,0,OPTIMAL,35.5354,1,1,0,1,0,1.0,35.5354,0.0,0.0,120,0.5,2.0,1.0
010_RC207,10,RC,1,1,OPTIMAL,31.4319,1,1,0,1,0,1.0,31.4319,0.0,0.0,120,0.5,2.0,1.0
010_RC207,10,RC,1,2,OPTIMAL,37.2758,1,1,1,0,0,1.0,37.2758,0.0,0.0,120,0.5,2.0,1.0
010_RC207,10,RC,1,3,OPTIMAL,35.7768,1,1,1,0,0,1.0,35.7768,0.0,0.0,120,0.5,2.0,1.0
010_RC207,10,RC,1,4,OPTIMAL,29.7847,1,1,0,1,0,1.0,29.7847,0.0,0.0,120,0.5,2.0,1.0
010_RC207,10,RC,1,5,OPTIMAL,32.0538,1,1,1,0,0,1.0,32.0538,0.0,0.0,120,0.5,2.0,1.0
010_RC207,10,RC,1,6,OPTIMAL,0.2627,1,0,0,0,1,0.0,0.0,0.0,0.2627,120,0.5,2.0,1.0
010_RC207,10,RC,1,7,OPTIMAL,41.8286,1,1,0,1,0,1.0,41.8286,0.0,0.0,120,0.5,2.0,1.0
010_RC207,10,RC,1,8,OPTIMAL,43.2226,1,1,1,0,0,1.0,43.2226,0.0,0.0,120,0.5,2.0,1.0
010_RC207,10,RC,1,9,OPTIMAL,32.0151,1,1,1,0,0,1.0,32.0151,0.0,0.0,120,0.5,2.0,1.0
010_RC207,10,RC,2,0,OPTIMAL,74.0384,2,2,0,2,0,1.0,74.0384,0.0,0.0,120,0.5,2.0,1.0
010_RC207,10,RC,2,1,OPTIMAL,33.0325,2,1,1,0,1,0.5,32.3665,0.0,0.666,120,0.5,2.0,1.0
010_RC207,10,RC,2,2,OPTIMAL,80.1956,2,2,2,0,0,1.0,80.1956,0.0,0.0,120,0.5,2.0,1.0
010_RC207,10,RC,2,3,OPTIMAL,75.5705,2,2,2,0,0,1.0,75.5705,0.0,0.0,120,0.5,2.0,1.0
010_RC207,10,RC,2,4,OPTIMAL,73.3373,2,2,1,1,0,1.0,73.3373,0.0,0.0,120,0.5,2.0,1.0
010_RC207,10,RC,2,5,OPTIMAL,68.0965,2,2,1,1,0,1.0,68.0965,0.0,0.0,120,0.5,2.0,1.0
010_RC207,10,RC,2,6,OPTIMAL,40.0278,2,1,0,1,1,0.5,39.8777,0.0,0.1502,120,0.5,2.0,1.0
010_RC207,10,RC,2,7,OPTIMAL,70.5436,2,2,1,1,0,1.0,70.5436,0.0,0.0,120,0.5,2.0,1.0
010_RC207,10,RC,2,8,OPTIMAL,68.2234,2,2,2,0,0,1.0,68.2234,0.0,0.0,120,0.5,2.0,1.0
010_RC207,10,RC,2,9,OPTIMAL,69.0589,2,2,2,0,0,1.0,69.0589,0.0,0.0,120,0.5,2.0,1.0
010_RC207,10,RC,3,0,OPTIMAL,77.3863,3,2,1,1,1,0.6667,77.1151,0.0,0.2711,120,0.5,2.0,1.0
010_RC207,10,RC,3,1,OPTIMAL,101.3817,3,3,0,3,0,1.0,101.3817,0.0,0.0,120,0.5,2.0,1.0
010_RC207,10,RC,3,2,OPTIMAL,119.6537,3,3,2,1,0,1.0,119.6537,0.0,0.0,120,0.5,2.0,1.0
010_RC207,10,RC,3,3,OPTIMAL,80.016,3,2,2,0,1,0.6667,80.0128,0.0,0.0032,120,0.5,2.0,1.0
010_RC207,10,RC,3,4,OPTIMAL,54.4055,3,1,1,0,2,0.3333,47.4712,0.0,6.9343,120,0.5,2.0,1.0
010_RC207,10,RC,3,5,OPTIMAL,105.3545,3,3,1,2,0,1.0,105.3545,0.0,0.0,120,0.5,2.0,1.0
010_RC207,10,RC,3,6,OPTIMAL,109.6085,3,3,2,1,0,1.0,109.6085,0.0,0.0,120,0.5,2.0,1.0
010_RC207,10,RC,3,7,OPTIMAL,72.3125,3,2,2,0,1,0.6667,71.2258,0.0,1.0867,120,0.5,2.0,1.0
010_RC207,10,RC,3,8,OPTIMAL,39.0023,3,1,1,0,2,0.3333,31.554,0.0,7.4483,120,0.5,2.0,1.0
010_RC207,10,RC,3,9,OPTIMAL,67.4853,3,2,2,0,1,0.6667,66.9827,0.0,0.5026,120,0.5,2.0,1.0
010_RC208,10,RC,1,0,OPTIMAL,35.5354,1,1,1,0,0,1.0,35.5354,0.0,0.0,120,0.5,2.0,1.0
010_RC208,10,RC,1,1,OPTIMAL,31.4319,1,1,1,0,0,1.0,31.4319,0.0,0.0,120,0.5,2.0,1.0
010_RC208,10,RC,1,2,OPTIMAL,37.2758,1,1,0,1,0,1.0,37.2758,0.0,0.0,120,0.5,2.0,1.0
010_RC208,10,RC,1,3,OPTIMAL,35.7768,1,1,0,1,0,1.0,35.7768,0.0,0.0,120,0.5,2.0,1.0
010_RC208,10,RC,1,4,OPTIMAL,29.7847,1,1,1,0,0,1.0,29.7847,0.0,0.0,120,0.5,2.0,1.0
010_RC208,10,RC,1,5,OPTIMAL,32.0538,1,1,1,0,0,1.0,32.0538,0.0,0.0,120,0.5,2.0,1.0
010_RC208,10,RC,1,6,OPTIMAL,43.901,1,1,1,0,0,1.0,43.901,0.0,0.0,120,0.5,2.0,1.0
010_RC208,10,RC,1,7,OPTIMAL,41.8286,1,1,1,0,0,1.0,41.8286,0.0,0.0,120,0.5,2.0,1.0
010_RC208,10,RC,1,8,OPTIMAL,43.2226,1,1,1,0,0,1.0,43.2226,0.0,0.0,120,0.5,2.0,1.0
010_RC208,10,RC,1,9,OPTIMAL,32.0151,1,1,1,0,0,1.0,32.0151,0.0,0.0,120,0.5,2.0,1.0
010_RC208,10,RC,2,0,OPTIMAL,74.0384,2,2,2,0,0,1.0,74.0384,0.0,0.0,120,0.5,2.0,1.0
010_RC208,10,RC,2,1,OPTIMAL,32.3719,2,1,1,0,1,0.5,32.3665,0.0,0.0054,120,0.5,2.0,1.0
010_RC208,10,RC,2,2,OPTIMAL,80.1956,2,2,2,0,0,1.0,80.1956,0.0,0.0,120,0.5,2.0,1.0
010_RC208,10,RC,2,3,OPTIMAL,75.5705,2,2,2,0,0,1.0,75.5705,0.0,0.0,120,0.5,2.0,1.0
010_RC208,10,RC,2,4,OPTIMAL,73.3373,2,2,1,1,0,1.0,73.3373,0.0,0.0,120,0.5,2.0,1.0
010_RC208,10,RC,2,5,OPTIMAL,68.0965,2,2,1,1,0,1.0,68.0965,0.0,0.0,120,0.5,2.0,1.0
010_RC208,10,RC,2,6,OPTIMAL,76.3749,2,2,2,0,0,1.0,76.3749,0.0,0.0,120,0.5,2.0,1.0
010_RC208,10,RC,2,7,OPTIMAL,47.5659,2,1,1,0,1,0.5,38.4823,0.0,9.0836,120,0.5,2.0,1.0
010_RC208,10,RC,2,8,OPTIMAL,68.2234,2,2,2,0,0,1.0,68.2234,0.0,0.0,120,0.5,2.0,1.0
010_RC208,10,RC,2,9,OPTIMAL,69.0589,2,2,0,2,0,1.0,69.0589,0.0,0.0,120,0.5,2.0,1.0
010_RC208,10,RC,3,0,OPTIMAL,77.1153,3,2,1,1,1,0.6667,77.1151,0.0,0.0002,120,0.5,2.0,1.0
010_RC208,10,RC,3,1,OPTIMAL,101.3817,3,3,2,1,0,1.0,101.3817,0.0,0.0,120,0.5,2.0,1.0
010_RC208,10,RC,3,2,OPTIMAL,87.2638,3,2,1,1,1,0.6667,71.9522,0.0,15.3116,120,0.5,2.0,1.0
010_RC208,10,RC,3,3,OPTIMAL,118.6102,3,3,3,0,0,1.0,118.6102,0.0,0.0,120,0.5,2.0,1.0
010_RC208,10,RC,3,4,OPTIMAL,54.4055,3,1,1,0,2,0.3333,47.4712,0.0,6.9343,120,0.5,2.0,1.0
010_RC208,10,RC,3,5,OPTIMAL,83.261,3,2,2,0,1,0.6667,74.5311,0.0,8.7299,120,0.5,2.0,1.0
010_RC208,10,RC,3,6,OPTIMAL,71.6509,3,2,1,1,1,0.6667,70.9632,0.0,0.6877,120,0.5,2.0,1.0
010_RC208,10,RC,3,7,OPTIMAL,100.0305,3,3,1,2,0,1.0,100.0305,0.0,0.0,120,0.5,2.0,1.0
010_RC208,10,RC,3,8,OPTIMAL,65.7833,3,2,2,0,1,0.6667,65.7656,0.0,0.0176,120,0.5,2.0,1.0
010_RC208,10,RC,3,9,OPTIMAL,101.8174,3,3,2,1,0,1.0,101.8174,0.0,0.0,120,0.5,2.0,1.0
015_C101,15,C,1,0,OPTIMAL,7.4157,1,0,0,0,1,0.0,0.0,0.0,7.4157,120,0.5,2.0,1.0
015_C101,15,C,1,1,OPTIMAL,17.8086,1,1,1,0,0,1.0,17.8086,0.0,0.0,120,0.5,2.0,1.0
015_C101,15,C,1,2,OPTIMAL,10.6186,1,0,0,0,1,0.0,0.0,0.0,10.6186,120,0.5,2.0,1.0
015_C101,15,C,1,3,OPTIMAL,11.2423,1,0,0,0,1,0.0,0.0,0.0,11.2423,120,0.5,2.0,1.0
015_C101,15,C,1,4,OPTIMAL,38.546,1,1,1,0,0,1.0,38.546,0.0,0.0,120,0.5,2.0,1.0
015_C101,15,C,1,5,OPTIMAL,8.0968,1,0,0,0,1,0.0,0.0,0.0,8.0968,120,0.5,2.0,1.0
015_C101,15,C,1,6,OPTIMAL,17.4909,1,1,1,0,0,1.0,17.4909,0.0,0.0,120,0.5,2.0,1.0
015_C101,15,C,1,7,OPTIMAL,0.0041,1,0,0,0,1,0.0,0.0,0.0,0.0041,120,0.5,2.0,1.0
015_C101,15,C,1,8,OPTIMAL,3.9999,1,0,0,0,1,0.0,0.0,0.0,3.9999,120,0.5,2.0,1.0
015_C101,15,C,1,9,OPTIMAL,15.8438,1,1,1,0,0,1.0,15.8438,0.0,0.0,120,0.5,2.0,1.0
015_C101,15,C,2,0,OPTIMAL,35.0299,2,2,2,0,0,1.0,35.0299,0.0,0.0,120,0.5,2.0,1.0
015_C101,15,C,2,1,OPTIMAL,18.548,2,1,1,0,1,0.5,17.6344,0.0,0.9136,120,0.5,2.0,1.0
015_C101,15,C,2,2,OPTIMAL,13.7388,2,0,0,0,2,0.0,0.0,0.0,13.7388,120,0.5,2.0,1.0
015_C101,15,C,2,3,OPTIMAL,69.9338,2,2,1,1,0,1.0,69.9338,0.0,0.0,120,0.5,2.0,1.0
015_C101,15,C,2,4,OPTIMAL,10.7563,2,0,0,0,2,0.0,0.0,0.0,10.7563,120,0.5,2.0,1.0
015_C101,15,C,2,5,OPTIMAL,22.6734,2,1,1,0,1,0.5,19.7354,0.0,2.9379,120,0.5,2.0,1.0
015_C101,15,C,2,6,OPTIMAL,51.5049,2,2,2,0,0,1.0,51.5049,0.0,0.0,120,0.5,2.0,1.0
015_C101,15,C,2,7,OPTIMAL,14.7723,2,1,0,1,1,0.5,9.8022,0.0,4.97,120,0.5,2.0,1.0
015_C101,15,C,2,8,OPTIMAL,28.6262,2,2,2,0,0,1.0,28.6262,0.0,0.0,120,0.5,2.0,1.0
015_C101,15,C,2,9,OPTIMAL,7.522,2,0,0,0,2,0.0,0.0,0.0,7.522,120,0.5,2.0,1.0
015_C101,15,C,3,0,OPTIMAL,82.6255,3,2,1,1,1,0.6667,73.9781,0.0,8.6474,120,0.5,2.0,1.0
015_C101,15,C,3,1,OPTIMAL,17.9304,3,1,1,0,2,0.3333,16.1059,0.0,1.8245,120,0.5,2.0,1.0
015_C101,15,C,3,2,OPTIMAL,68.506,3,3,2,1,0,1.0,68.506,0.0,0.0,120,0.5,2.0,1.0
015_C101,15,C,3,3,OPTIMAL,62.0024,3,2,1,1,1,0.6667,58.8218,0.0,3.1806,120,0.5,2.0,1.0
015_C101,15,C,3,4,OPTIMAL,37.17,3,2,2,0,1,0.6667,32.458,0.0,4.712,120,0.5,2.0,1.0
015_C101,15,C,3,5,OPTIMAL,39.0163,3,1,0,1,2,0.3333,35.1594,0.0,3.8569,120,0.5,2.0,1.0
015_C101,15,C,3,6,OPTIMAL,5.5247,3,0,0,0,3,0.0,0.0,0.0,5.5247,120,0.5,2.0,1.0
015_C101,15,C,3,7,OPTIMAL,49.6491,3,2,1,1,1,0.6667,49.4578,0.0,0.1913,120,0.5,2.0,1.0
015_C101,15,C,3,8,OPTIMAL,52.994,3,2,2,0,1,0.6667,52.5639,0.0,0.4301,120,0.5,2.0,1.0
015_C101,15,C,3,9,OPTIMAL,42.2564,3,1,0,1,2,0.3333,28.7221,0.0,13.5343,120,0.5,2.0,1.0
015_C102,15,C,1,0,OPTIMAL,7.4157,1,0,0,0,1,0.0,0.0,0.0,7.4157,120,0.5,2.0,1.0
015_C102,15,C,1,1,OPTIMAL,17.8086,1,1,1,0,0,1.0,17.8086,0.0,0.0,120,0.5,2.0,1.0
015_C102,15,C,1,2,OPTIMAL,17.2941,1,1,0,1,0,1.0,17.2941,0.0,0.0,120,0.5,2.0,1.0
015_C102,15,C,1,3,OPTIMAL,21.6717,1,1,1,0,0,1.0,21.6717,0.0,0.0,120,0.5,2.0,1.0
015_C102,15,C,1,4,OPTIMAL,38.546,1,1,1,0,0,1.0,38.546,0.0,0.0,120,0.5,2.0,1.0
015_C102,15,C,1,5,OPTIMAL,8.0968,1,0,0,0,1,0.0,0.0,0.0,8.0968,120,0.5,2.0,1.0
015_C102,15,C,1,6,OPTIMAL,17.4909,1,1,1,0,0,1.0,17.4909,0.0,0.0,120,0.5,2.0,1.0
015_C102,15,C,1,7,OPTIMAL,17.5385,1,1,0,1,0,1.0,17.5385,0.0,0.0,120,0.5,2.0,1.0
015_C102,15,C,1,8,OPTIMAL,7.9998,1,0,0,0,1,0.0,0.0,0.0,7.9998,120,0.5,2.0,1.0
015_C102,15,C,1,9,OPTIMAL,15.8438,1,1,1,0,0,1.0,15.8438,0.0,0.0,120,0.5,2.0,1.0
015_C102,15,C,2,0,OPTIMAL,35.0299,2,2,2,0,0,1.0,35.0299,0.0,0.0,120,0.5,2.0,1.0
015_C102,15,C,2,1,OPTIMAL,28.272,2,2,1,1,0,1.0,28.272,0.0,0.0,120,0.5,2.0,1.0
015_C102,15,C,2,2,OPTIMAL,13.7388,2,0,0,0,2,0.0,0.0,0.0,13.7388,120,0.5,2.0,1.0
015_C102,15,C,2,3,OPTIMAL,69.9338,2,2,2,0,0,1.0,69.9338,0.0,0.0,120,0.5,2.0,1.0
015_C102,15,C,2,4,OPTIMAL,22.5018,2,1,1,0,1,0.5,18.215,0.0,4.2867,120,0.5,2.0,1.0
015_C102,15,C,2,5,OPTIMAL,22.6734,2,1,1,0,1,0.5,19.7354,0.0,2.9379,120,0.5,2.0,1.0
015_C102,15,C,2,6,OPTIMAL,51.5049,2,2,2,0,0,1.0,51.5049,0.0,0.0,120,0.5,2.0,1.0
015_C102,15,C,2,7,OPTIMAL,14.7723,2,1,0,1,1,0.5,9.8022,0.0,4.97,120,0.5,2.0,1.0
015_C102,15,C,2,8,OPTIMAL,28.6262,2,2,2,0,0,1.0,28.6262,0.0,0.0,120,0.5,2.0,1.0
015_C102,15,C,2,9,OPTIMAL,41.0349,2,2,1,1,0,1.0,41.0349,0.0,0.0,120,0.5,2.0,1.0
015_C102,15,C,3,0,OPTIMAL,82.6255,3,2,1,1,1,0.6667,73.9781,0.0,8.6474,120,0.5,2.0,1.0
015_C102,15,C,3,1,OPTIMAL,17.9304,3,1,1,0,2,0.3333,16.1059,0.0,1.8245,120,0.5,2.0,1.0
015_C102,15,C,3,2,OPTIMAL,68.506,3,3,2,1,0,1.0,68.506,0.0,0.0,120,0.5,2.0,1.0
015_C102,15,C,3,3,OPTIMAL,69.5855,3,3,3,0,0,1.0,69.5855,0.0,0.0,120,0.5,2.0,1.0
015_C102,15,C,3,4,OPTIMAL,49.8577,3,3,3,0,0,1.0,49.8577,0.0,0.0,120,0.5,2.0,1.0
015_C102,15,C,3,5,OPTIMAL,39.0163,3,1,0,1,2,0.3333,35.1594,0.0,3.8569,120,0.5,2.0,1.0
015_C102,15,C,3,6,OPTIMAL,26.248,3,1,1,0,2,0.3333,17.2566,0.0,8.9914,120,0.5,2.0,1.0
015_C102,15,C,3,7,OPTIMAL,50.0698,3,2,2,0,1,0.6667,49.4578,0.0,0.612,120,0.5,2.0,1.0
015_C102,15,C,3,8,OPTIMAL,52.994,3,2,2,0,1,0.6667,52.5639,0.0,0.4301,120,0.5,2.0,1.0
015_C102,15,C,3,9,OPTIMAL,49.8202,3,1,0,1,2,0.3333,28.7221,0.0,21.0981,120,0.5,2.0,1.0
015_C103,15,C,1,0,OPTIMAL,37.1098,1,1,0,1,0,1.0,37.1098,0.0,0.0,120,0.5,2.0,1.0
015_C103,15,C,1,1,OPTIMAL,17.8086,1,1,1,0,0,1.0,17.8086,0.0,0.0,120,0.5,2.0,1.0
015_C103,15,C,1,2,OPTIMAL,17.2941,1,1,1,0,0,1.0,17.2941,0.0,0.0,120,0.5,2.0,1.0
015_C103,15,C,1,3,OPTIMAL,21.6717,1,1,1,0,0,1.0,21.6717,0.0,0.0,120,0.5,2.0,1.0
015_C103,15,C,1,4,OPTIMAL,38.546,1,1,1,0,0,1.0,38.546,0.0,0.0,120,0.5,2.0,1.0
015_C103,15,C,1,5,OPTIMAL,8.0968,1,0,0,0,1,0.0,0.0,0.0,8.0968,120,0.5,2.0,1.0
015_C103,15,C,1,6,OPTIMAL,17.4909,1,1,1,0,0,1.0,17.4909,0.0,0.0,120,0.5,2.0,1.0
015_C103,15,C,1,7,OPTIMAL,17.5385,1,1,0,1,0,1.0,17.5385,0.0,0.0,120,0.5,2.0,1.0
015_C103,15,C,1,8,OPTIMAL,17.5704,1,1,1,0,0,1.0,17.5704,0.0,0.0,120,0.5,2.0,1.0
015_C103,15,C,1,9,OPTIMAL,15.8438,1,1,1,0,0,1.0,15.8438,0.0,0.0,120,0.5,2.0,1.0
015_C103,15,C,2,0,OPTIMAL,35.0299,2,2,2,0,0,1.0,35.0299,0.0,0.0,120,0.5,2.0,1.0
015_C103,15,C,2,1,OPTIMAL,28.272,2,2,1,1,0,1.0,28.272,0.0,0.0,120,0.5,2.0,1.0
015_C103,15,C,2,2,OPTIMAL,13.7388,2,0,0,0,2,0.0,0.0,0.0,13.7388,120,0.5,2.0,1.0
015_C103,15,C,2,3,OPTIMAL,69.9338,2,2,2,0,0,1.0,69.9338,0.0,0.0,120,0.5,2.0,1.0
015_C103,15,C,2,4,OPTIMAL,29.9395,2,2,1,1,0,1.0,29.9395,0.0,0.0,120,0.5,2.0,1.0
015_C103,15,C,2,5,OPTIMAL,37.2595,2,2,1,1,0,1.0,37.2595,0.0,0.0,120,0.5,2.0,1.0
015_C103,15,C,2,6,OPTIMAL,51.5049,2,2,2,0,0,1.0,51.5049,0.0,0.0,120,0.5,2.0,1.0
015_C103,15,C,2,7,OPTIMAL,14.7723,2,1,0,1,1,0.5,9.8022,0.0,4.97,120,0.5,2.0,1.0
015_C103,15,C,2,8,OPTIMAL,28.6262,2,2,2,0,0,1.0,28.6262,0.0,0.0,120,0.5,2.0,1.0
015_C103,15,C,2,9,OPTIMAL,41.0349,2,2,1,1,0,1.0,41.0349,0.0,0.0,120,0.5,2.0,1.0
015_C103,15,C,3,0,OPTIMAL,93.7392,3,3,1,2,0,1.0,93.7392,0.0,0.0,120,0.5,2.0,1.0
015_C103,15,C,3,1,OPTIMAL,17.9304,3,1,1,0,2,0.3333,16.1059,0.0,1.8245,120,0.5,2.0,1.0
015_C103,15,C,3,2,OPTIMAL,68.506,3,3,2,1,0,1.0,68.506,0.0,0.0,120,0.5,2.0,1.0
015_C103,15,C,3,3,OPTIMAL,69.5855,3,3,3,0,0,1.0,69.5855,0.0,0.0,120,0.5,2.0,1.0
015_C103,15,C,3,4,OPTIMAL,49.8577,3,3,3,0,0,1.0,49.8577,0.0,0.0,120,0.5,2.0,1.0
015_C103,15,C,3,5,OPTIMAL,39.0163,3,1,0,1,2,0.3333,35.1594,0.0,3.8569,120,0.5,2.0,1.0
015_C103,15,C,3,6,OPTIMAL,35.4834,3,2,2,0,1,0.6667,34.5953,0.0,0.8881,120,0.5,2.0,1.0
015_C103,15,C,3,7,OPTIMAL,50.0698,3,2,2,0,1,0.6667,49.4578,0.0,0.612,120,0.5,2.0,1.0
015_C103,15,C,3,8,OPTIMAL,52.994,3,2,2,0,1,0.6667,52.5639,0.0,0.4301,120,0.5,2.0,1.0
015_C103,15,C,3,9,OPTIMAL,68.6947,3,3,1,2,0,1.0,68.6947,0.0,0.0,120,0.5,2.0,1.0
015_C104,15,C,1,0,OPTIMAL,37.1098,1,1,0,1,0,1.0,37.1098,0.0,0.0,120,0.5,2.0,1.0
015_C104,15,C,1,1,OPTIMAL,17.8086,1,1,1,0,0,1.0,17.8086,0.0,0.0,120,0.5,2.0,1.0
015_C104,15,C,1,2,OPTIMAL,17.2941,1,1,1,0,0,1.0,17.2941,0.0,0.0,120,0.5,2.0,1.0
015_C104,15,C,1,3,OPTIMAL,21.6717,1,1,1,0,0,1.0,21.6717,0.0,0.0,120,0.5,2.0,1.0
015_C104,15,C,1,4,OPTIMAL,38.546,1,1,1,0,0,1.0,38.546,0.0,0.0,120,0.5,2.0,1.0
015_C104,15,C,1,5,OPTIMAL,19.8545,1,1,1,0,0,1.0,19.8545,0.0,0.0,120,0.5,2.0,1.0
015_C104,15,C,1,6,OPTIMAL,17.4909,1,1,1,0,0,1.0,17.4909,0.0,0.0,120,0.5,2.0,1.0
015_C104,15,C,1,7,OPTIMAL,17.5385,1,1,1,0,0,1.0,17.5385,0.0,0.0,120,0.5,2.0,1.0
015_C104,15,C,1,8,OPTIMAL,17.5704,1,1,1,0,0,1.0,17.5704,0.0,0.0,120,0.5,2.0,1.0
015_C104,15,C,1,9,OPTIMAL,15.8438,1,1,1,0,0,1.0,15.8438,0.0,0.0,120,0.5,2.0,1.0
015_C104,15,C,2,0,OPTIMAL,35.0299,2,2,2,0,0,1.0,35.0299,0.0,0.0,120,0.5,2.0,1.0
015_C104,15,C,2,1,OPTIMAL,28.272,2,2,2,0,0,1.0,28.272,0.0,0.0,120,0.5,2.0,1.0
015_C104,15,C,2,2,OPTIMAL,26.1237,2,1,0,1,1,0.5,23.4628,0.0,2.661,120,0.5,2.0,1.0
015_C104,15,C,2,3,OPTIMAL,69.9338,2,2,2,0,0,1.0,69.9338,0.0,0.0,120,0.5,2.0,1.0
015_C104,15,C,2,4,OPTIMAL,29.9395,2,2,1,1,0,1.0,29.9395,0.0,0.0,120,0.5,2.0,1.0
015_C104,15,C,2,5,OPTIMAL,37.2595,2,2,1,1,0,1.0,37.2595,0.0,0.0,120,0.5,2.0,1.0
015_C104,15,C,2,6,OPTIMAL,51.5049,2,2,2,0,0,1.0,51.5049,0.0,0.0,120,0.5,2.0,1.0
015_C104,15,C,2,7,OPTIMAL,30.3124,2,2,0,2,0,1.0,30.3124,0.0,0.0,120,0.5,2.0,1.0
015_C104,15,C,2,8,OPTIMAL,28.6262,2,2,2,0,0,1.0,28.6262,0.0,0.0,120,0.5,2.0,1.0
015_C104,15,C,2,9,OPTIMAL,41.0349,2,2,2,0,0,1.0,41.0349,0.0,0.0,120,0.5,2.0,1.0
015_C104,15,C,3,0,OPTIMAL,93.7392,3,3,1,2,0,1.0,93.7392,0.0,0.0,120,0.5,2.0,1.0
015_C104,15,C,3,1,OPTIMAL,49.9373,3,3,2,1,0,1.0,49.9373,0.0,0.0,120,0.5,2.0,1.0
015_C104,15,C,3,2,OPTIMAL,68.506,3,3,2,1,0,1.0,68.506,0.0,0.0,120,0.5,2.0,1.0
015_C104,15,C,3,3,OPTIMAL,69.5855,3,3,3,0,0,1.0,69.5855,0.0,0.0,120,0.5,2.0,1.0
015_C104,15,C,3,4,OPTIMAL,49.8577,3,3,3,0,0,1.0,49.8577,0.0,0.0,120,0.5,2.0,1.0
015_C104,15,C,3,5,OPTIMAL,54.4002,3,2,1,1,1,0.6667,50.5517,0.0,3.8485,120,0.5,2.0,1.0
015_C104,15,C,3,6,OPTIMAL,36.7215,3,2,2,0,1,0.6667,34.5953,0.0,2.1261,120,0.5,2.0,1.0
015_C104,15,C,3,7,OPTIMAL,50.0698,3,2,2,0,1,0.6667,49.4578,0.0,0.612,120,0.5,2.0,1.0
015_C104,15,C,3,8,OPTIMAL,52.994,3,2,2,0,1,0.6667,52.5639,0.0,0.4301,120,0.5,2.0,1.0
015_C104,15,C,3,9,OPTIMAL,68.6947,3,3,1,2,0,1.0,68.6947,0.0,0.0,120,0.5,2.0,1.0
015_C105,15,C,1,0,OPTIMAL,7.4157,1,0,0,0,1,0.0,0.0,0.0,7.4157,120,0.5,2.0,1.0
015_C105,15,C,1,1,OPTIMAL,17.8086,1,1,1,0,0,1.0,17.8086,0.0,0.0,120,0.5,2.0,1.0
015_C105,15,C,1,2,OPTIMAL,5.6145,1,0,0,0,1,0.0,0.0,0.0,5.6145,120,0.5,2.0,1.0
015_C105,15,C,1,3,OPTIMAL,11.4362,1,0,0,0,1,0.0,0.0,0.0,11.4362,120,0.5,2.0,1.0
015_C105,15,C,1,4,OPTIMAL,12.2665,1,0,0,0,1,0.0,0.0,0.0,12.2665,120,0.5,2.0,1.0
015_C105,15,C,1,5,OPTIMAL,8.0968,1,0,0,0,1,0.0,0.0,0.0,8.0968,120,0.5,2.0,1.0
015_C105,15,C,1,6,OPTIMAL,17.4909,1,1,1,0,0,1.0,17.4909,0.0,0.0,120,0.5,2.0,1.0
015_C105,15,C,1,7,OPTIMAL,0.0041,1,0,0,0,1,0.0,0.0,0.0,0.0041,120,0.5,2.0,1.0
015_C105,15,C,1,8,OPTIMAL,0.3259,1,0,0,0,1,0.0,0.0,0.0,0.3259,120,0.5,2.0,1.0
015_C105,15,C,1,9,OPTIMAL,15.8438,1,1,1,0,0,1.0,15.8438,0.0,0.0,120,0.5,2.0,1.0
015_C105,15,C,2,0,OPTIMAL,35.0299,2,2,2,0,0,1.0,35.0299,0.0,0.0,120,0.5,2.0,1.0
015_C105,15,C,2,1,OPTIMAL,18.548,2,1,1,0,1,0.5,17.6344,0.0,0.9136,120,0.5,2.0,1.0
015_C105,15,C,2,2,OPTIMAL,13.7388,2,0,0,0,2,0.0,0.0,0.0,13.7388,120,0.5,2.0,1.0
015_C105,15,C,2,3,OPTIMAL,69.9338,2,2,1,1,0,1.0,69.9338,0.0,0.0,120,0.5,2.0,1.0
015_C105,15,C,2,4,OPTIMAL,10.248,2,0,0,0,2,0.0,0.0,0.0,10.248,120,0.5,2.0,1.0
015_C105,15,C,2,5,OPTIMAL,37.2595,2,2,2,0,0,1.0,37.2595,0.0,0.0,120,0.5,2.0,1.0
015_C105,15,C,2,6,OPTIMAL,44.4749,2,1,1,0,1,0.5,32.7022,0.0,11.7728,120,0.5,2.0,1.0
015_C105,15,C,2,7,OPTIMAL,14.7723,2,1,0,1,1,0.5,9.8022,0.0,4.97,120,0.5,2.0,1.0
015_C105,15,C,2,8,OPTIMAL,14.8431,2,1,1,0,1,0.5,11.2743,0.0,3.5688,120,0.5,2.0,1.0
015_C105,15,C,2,9,OPTIMAL,7.522,2,0,0,0,2,0.0,0.0,0.0,7.522,120,0.5,2.0,1.0
015_C105,15,C,3,0,OPTIMAL,82.6255,3,2,2,0,1,0.6667,73.9781,0.0,8.6474,120,0.5,2.0,1.0
015_C105,15,C,3,1,OPTIMAL,16.8148,3,1,1,0,2,0.3333,16.1059,0.0,0.7089,120,0.5,2.0,1.0
015_C105,15,C,3,2,OPTIMAL,68.506,3,3,2,1,0,1.0,68.506,0.0,0.0,120,0.5,2.0,1.0
015_C105,15,C,3,3,OPTIMAL,62.0024,3,2,1,1,1,0.6667,58.8218,0.0,3.1806,120,0.5,2.0,1.0
015_C105,15,C,3,4,OPTIMAL,37.17,3,2,2,0,1,0.6667,32.458,0.0,4.712,120,0.5,2.0,1.0
015_C105,15,C,3,5,OPTIMAL,56.3221,3,2,1,1,1,0.6667,54.4537,0.0,1.8683,120,0.5,2.0,1.0
015_C105,15,C,3,6,OPTIMAL,3.2559,3,0,0,0,3,0.0,0.0,0.0,3.2559,120,0.5,2.0,1.0
015_C105,15,C,3,7,OPTIMAL,49.6491,3,2,2,0,1,0.6667,49.4578,0.0,0.1913,120,0.5,2.0,1.0
015_C105,15,C,3,8,OPTIMAL,67.1851,3,3,3,0,0,1.0,67.1851,0.0,0.0,120,0.5,2.0,1.0
015_C105,15,C,3,9,OPTIMAL,38.3579,3,1,0,1,2,0.3333,28.7221,0.0,9.6359,120,0.5,2.0,1.0
015_C106,15,C,1,0,OPTIMAL,7.4157,1,0,0,0,1,0.0,0.0,0.0,7.4157,120,0.5,2.0,1.0
015_C106,15,C,1,1,OPTIMAL,17.8086,1,1,1,0,0,1.0,17.8086,0.0,0.0,120,0.5,2.0,1.0
015_C106,15,C,1,2,OPTIMAL,5.6145,1,0,0,0,1,0.0,0.0,0.0,5.6145,120,0.5,2.0,1.0
015_C106,15,C,1,3,OPTIMAL,21.6717,1,1,1,0,0,1.0,21.6717,0.0,0.0,120,0.5,2.0,1.0
015_C106,15,C,1,4,OPTIMAL,38.546,1,1,1,0,0,1.0,38.546,0.0,0.0,120,0.5,2.0,1.0
015_C106,15,C,1,5,OPTIMAL,8.0968,1,0,0,0,1,0.0,0.0,0.0,8.0968,120,0.5,2.0,1.0
015_C106,15,C,1,6,OPTIMAL,17.4909,1,1,1,0,0,1.0,17.4909,0.0,0.0,120,0.5,2.0,1.0
015_C106,15,C,1,7,OPTIMAL,0.0041,1,0,0,0,1,0.0,0.0,0.0,0.0041,120,0.5,2.0,1.0
015_C106,15,C,1,8,OPTIMAL,0.3259,1,0,0,0,1,0.0,0.0,0.0,0.3259,120,0.5,2.0,1.0
015_C106,15,C,1,9,OPTIMAL,15.8438,1,1,1,0,0,1.0,15.8438,0.0,0.0,120,0.5,2.0,1.0
015_C106,15,C,2,0,OPTIMAL,35.0299,2,2,2,0,0,1.0,35.0299,0.0,0.0,120,0.5,2.0,1.0
015_C106,15,C,2,1,OPTIMAL,18.548,2,1,1,0,1,0.5,17.6344,0.0,0.9136,120,0.5,2.0,1.0
015_C106,15,C,2,2,OPTIMAL,13.7388,2,0,0,0,2,0.0,0.0,0.0,13.7388,120,0.5,2.0,1.0
015_C106,15,C,2,3,OPTIMAL,69.9338,2,2,1,1,0,1.0,69.9338,0.0,0.0,120,0.5,2.0,1.0
015_C106,15,C,2,4,OPTIMAL,10.7563,2,0,0,0,2,0.0,0.0,0.0,10.7563,120,0.5,2.0,1.0
015_C106,15,C,2,5,OPTIMAL,22.6734,2,1,1,0,1,0.5,19.7354,0.0,2.9379,120,0.5,2.0,1.0
015_C106,15,C,2,6,OPTIMAL,35.2755,2,1,1,0,1,0.5,32.7022,0.0,2.5733,120,0.5,2.0,1.0
015_C106,15,C,2,7,OPTIMAL,14.7723,2,1,0,1,1,0.5,9.8022,0.0,4.97,120,0.5,2.0,1.0
015_C106,15,C,2,8,OPTIMAL,28.6262,2,2,2,0,0,1.0,28.6262,0.0,0.0,120,0.5,2.0,1.0
015_C106,15,C,2,9,OPTIMAL,20.9855,2,1,0,1,1,0.5,20.3509,0.0,0.6346,120,0.5,2.0,1.0
015_C106,15,C,3,0,OPTIMAL,82.6255,3,2,2,0,1,0.6667,73.9781,0.0,8.6474,120,0.5,2.0,1.0
015_C106,15,C,3,1,OPTIMAL,16.8148,3,1,1,0,2,0.3333,16.1059,0.0,0.7089,120,0.5,2.0,1.0
015_C106,15,C,3,2,OPTIMAL,68.506,3,3,2,1,0,1.0,68.506,0.0,0.0,120,0.5,2.0,1.0
015_C106,15,C,3,3,OPTIMAL,62.0024,3,2,1,1,1,0.6667,58.8218,0.0,3.1806,120,0.5,2.0,1.0
015_C106,15,C,3,4,OPTIMAL,49.8577,3,3,2,1,0,1.0,49.8577,0.0,0.0,120,0.5,2.0,1.0
015_C106,15,C,3,5,OPTIMAL,56.3221,3,2,1,1,1,0.6667,54.4537,0.0,1.8683,120,0.5,2.0,1.0
015_C106,15,C,3,6,OPTIMAL,17.3537,3,1,0,1,2,0.3333,17.2566,0.0,0.0971,120,0.5,2.0,1.0
015_C106,15,C,3,7,OPTIMAL,49.6491,3,2,1,1,1,0.6667,49.4578,0.0,0.1913,120,0.5,2.0,1.0
015_C106,15,C,3,8,OPTIMAL,52.994,3,2,2,0,1,0.6667,52.5639,0.0,0.4301,120,0.5,2.0,1.0
015_C106,15,C,3,9,OPTIMAL,38.3579,3,1,0,1,2,0.3333,28.7221,0.0,9.6359,120,0.5,2.0,1.0
015_C107,15,C,1,0,OPTIMAL,37.1098,1,1,1,0,0,1.0,37.1098,0.0,0.0,120,0.5,2.0,1.0
015_C107,15,C,1,1,OPTIMAL,17.8086,1,1,1,0,0,1.0,17.8086,0.0,0.0,120,0.5,2.0,1.0
015_C107,15,C,1,2,OPTIMAL,5.6145,1,0,0,0,1,0.0,0.0,0.0,5.6145,120,0.5,2.0,1.0
015_C107,15,C,1,3,OPTIMAL,11.4362,1,0,0,0,1,0.0,0.0,0.0,11.4362,120,0.5,2.0,1.0
015_C107,15,C,1,4,OPTIMAL,12.2665,1,0,0,0,1,0.0,0.0,0.0,12.2665,120,0.5,2.0,1.0
015_C107,15,C,1,5,OPTIMAL,8.0968,1,0,0,0,1,0.0,0.0,0.0,8.0968,120,0.5,2.0,1.0
015_C107,15,C,1,6,OPTIMAL,5.1069,1,0,0,0,1,0.0,0.0,0.0,5.1069,120,0.5,2.0,1.0
015_C107,15,C,1,7,OPTIMAL,0.0041,1,0,0,0,1,0.0,0.0,0.0,0.0041,120,0.5,2.0,1.0
015_C107,15,C,1,8,OPTIMAL,0.3259,1,0,0,0,1,0.0,0.0,0.0,0.3259,120,0.5,2.0,1.0
015_C107,15,C,1,9,OPTIMAL,15.8438,1,1,1,0,0,1.0,15.8438,0.0,0.0,120,0.5,2.0,1.0
015_C107,15,C,2,0,OPTIMAL,35.0299,2,2,2,0,0,1.0,35.0299,0.0,0.0,120,0.5,2.0,1.0
015_C107,15,C,2,1,OPTIMAL,19.5496,2,1,1,0,1,0.5,17.6344,0.0,1.9152,120,0.5,2.0,1.0
015_C107,15,C,2,2,OPTIMAL,13.7388,2,0,0,0,2,0.0,0.0,0.0,13.7388,120,0.5,2.0,1.0
015_C107,15,C,2,3,OPTIMAL,69.9338,2,2,0,2,0,1.0,69.9338,0.0,0.0,120,0.5,2.0,1.0
015_C107,15,C,2,4,OPTIMAL,17.6857,2,1,1,0,1,0.5,11.7244,0.0,5.9613,120,0.5,2.0,1.0
015_C107,15,C,2,5,OPTIMAL,24.8539,2,1,1,0,1,0.5,17.5241,0.0,7.3298,120,0.5,2.0,1.0
015_C107,15,C,2,6,OPTIMAL,4.2704,2,0,0,0,2,0.0,0.0,0.0,4.2704,120,0.5,2.0,1.0
015_C107,15,C,2,7,OPTIMAL,2.0583,2,0,0,0,2,0.0,0.0,0.0,2.0583,120,0.5,2.0,1.0
015_C107,15,C,2,8,OPTIMAL,14.8431,2,1,1,0,1,0.5,11.2743,0.0,3.5688,120,0.5,2.0,1.0
015_C107,15,C,2,9,OPTIMAL,24.6123,2,1,1,0,1,0.5,20.3509,0.0,4.2613,120,0.5,2.0,1.0
015_C107,15,C,3,0,OPTIMAL,59.491,3,2,2,0,1,0.6667,57.3103,0.0,2.1808,120,0.5,2.0,1.0
015_C107,15,C,3,1,OPTIMAL,17.5445,3,1,1,0,2,0.3333,16.1059,0.0,1.4386,120,0.5,2.0,1.0
015_C107,15,C,3,2,OPTIMAL,68.506,3,3,3,0,0,1.0,68.506,0.0,0.0,120,0.5,2.0,1.0
015_C107,15,C,3,3,OPTIMAL,62.0024,3,2,1,1,1,0.6667,58.8218,0.0,3.1806,120,0.5,2.0,1.0
015_C107,15,C,3,4,OPTIMAL,49.8577,3,3,3,0,0,1.0,49.8577,0.0,0.0,120,0.5,2.0,1.0
015_C107,15,C,3,5,OPTIMAL,42.0851,3,1,1,0,2,0.3333,35.1594,0.0,6.9257,120,0.5,2.0,1.0
015_C107,15,C,3,6,OPTIMAL,5.1492,3,0,0,0,3,0.0,0.0,0.0,5.1492,120,0.5,2.0,1.0
015_C107,15,C,3,7,OPTIMAL,49.6491,3,2,1,1,1,0.6667,49.4578,0.0,0.1913,120,0.5,2.0,1.0
015_C107,15,C,3,8,OPTIMAL,52.9232,3,2,2,0,1,0.6667,47.7885,0.0,5.1347,120,0.5,2.0,1.0
015_C107,15,C,3,9,OPTIMAL,55.1898,3,2,1,1,1,0.6667,49.3005,0.0,5.8893,120,0.5,2.0,1.0
015_C108,15,C,1,0,OPTIMAL,37.1098,1,1,1,0,0,1.0,37.1098,0.0,0.0,120,0.5,2.0,1.0
015_C108,15,C,1,1,OPTIMAL,17.8086,1,1,1,0,0,1.0,17.8086,0.0,0.0,120,0.5,2.0,1.0
015_C108,15,C,1,2,OPTIMAL,5.6145,1,0,0,0,1,0.0,0.0,0.0,5.6145,120,0.5,2.0,1.0
015_C108,15,C,1,3,OPTIMAL,8.4055,1,0,0,0,1,0.0,0.0,0.0,8.4055,120,0.5,2.0,1.0
015_C108,15,C,1,4,OPTIMAL,38.546,1,1,0,1,0,1.0,38.546,0.0,0.0,120,0.5,2.0,1.0
015_C108,15,C,1,5,OPTIMAL,6.9916,1,0,0,0,1,0.0,0.0,0.0,6.9916,120,0.5,2.0,1.0
015_C108,15,C,1,6,OPTIMAL,1.3979,1,0,0,0,1,0.0,0.0,0.0,1.3979,120,0.5,2.0,1.0
015_C108,15,C,1,7,OPTIMAL,0.0041,1,0,0,0,1,0.0,0.0,0.0,0.0041,120,0.5,2.0,1.0
015_C108,15,C,1,8,OPTIMAL,3.1577,1,0,0,0,1,0.0,0.0,0.0,3.1577,120,0.5,2.0,1.0
015_C108,15,C,1,9,OPTIMAL,15.8438,1,1,1,0,0,1.0,15.8438,0.0,0.0,120,0.5,2.0,1.0
015_C108,15,C,2,0,OPTIMAL,35.0299,2,2,2,0,0,1.0,35.0299,0.0,0.0,120,0.5,2.0,1.0
015_C108,15,C,2,1,OPTIMAL,19.5496,2,1,1,0,1,0.5,17.6344,0.0,1.9152,120,0.5,2.0,1.0
015_C108,15,C,2,2,OPTIMAL,40.9157,2,2,1,1,0,1.0,40.9157,0.0,0.0,120,0.5,2.0,1.0
015_C108,15,C,2,3,OPTIMAL,69.9338,2,2,0,2,0,1.0,69.9338,0.0,0.0,120,0.5,2.0,1.0
015_C108,15,C,2,4,OPTIMAL,17.6857,2,1,1,0,1,0.5,11.7244,0.0,5.9613,120,0.5,2.0,1.0
015_C108,15,C,2,5,OPTIMAL,37.2595,2,2,1,1,0,1.0,37.2595,0.0,0.0,120,0.5,2.0,1.0
015_C108,15,C,2,6,OPTIMAL,4.2704,2,0,0,0,2,0.0,0.0,0.0,4.2704,120,0.5,2.0,1.0
015_C108,15,C,2,7,OPTIMAL,2.0583,2,0,0,0,2,0.0,0.0,0.0,2.0583,120,0.5,2.0,1.0
015_C108,15,C,2,8,OPTIMAL,14.4144,2,1,1,0,1,0.5,11.2743,0.0,3.1401,120,0.5,2.0,1.0
015_C108,15,C,2,9,OPTIMAL,24.6123,2,1,1,0,1,0.5,20.3509,0.0,4.2613,120,0.5,2.0,1.0
015_C108,15,C,3,0,OPTIMAL,93.7392,3,3,2,1,0,1.0,93.7392,0.0,0.0,120,0.5,2.0,1.0
015_C108,15,C,3,1,OPTIMAL,17.5445,3,1,1,0,2,0.3333,16.1059,0.0,1.4386,120,0.5,2.0,1.0
015_C108,15,C,3,2,OPTIMAL,68.506,3,3,3,0,0,1.0,68.506,0.0,0.0,120,0.5,2.0,1.0
015_C108,15,C,3,3,OPTIMAL,62.0024,3,2,2,0,1,0.6667,58.8218,0.0,3.1806,120,0.5,2.0,1.0
015_C108,15,C,3,4,OPTIMAL,49.8577,3,3,3,0,0,1.0,49.8577,0.0,0.0,120,0.5,2.0,1.0
015_C108,15,C,3,5,OPTIMAL,55.1618,3,2,1,1,1,0.6667,54.4537,0.0,0.7081,120,0.5,2.0,1.0
015_C108,15,C,3,6,OPTIMAL,7.842,3,0,0,0,3,0.0,0.0,0.0,7.842,120,0.5,2.0,1.0
015_C108,15,C,3,7,OPTIMAL,49.8405,3,2,1,1,1,0.6667,49.4578,0.0,0.3827,120,0.5,2.0,1.0
015_C108,15,C,3,8,OPTIMAL,49.8209,3,2,2,0,1,0.6667,47.7885,0.0,2.0324,120,0.5,2.0,1.0
015_C108,15,C,3,9,OPTIMAL,56.8514,3,2,1,1,1,0.6667,49.3005,0.0,7.5509,120,0.5,2.0,1.0
015_C109,15,C,1,0,OPTIMAL,37.1098,1,1,0,1,0,1.0,37.1098,0.0,0.0,120,0.5,2.0,1.0
015_C109,15,C,1,1,OPTIMAL,17.8086,1,1,1,0,0,1.0,17.8086,0.0,0.0,120,0.5,2.0,1.0
015_C109,15,C,1,2,OPTIMAL,4.2697,1,0,0,0,1,0.0,0.0,0.0,4.2697,120,0.5,2.0,1.0
015_C109,15,C,1,3,OPTIMAL,8.4055,1,0,0,0,1,0.0,0.0,0.0,8.4055,120,0.5,2.0,1.0
015_C109,15,C,1,4,OPTIMAL,38.546,1,1,1,0,0,1.0,38.546,0.0,0.0,120,0.5,2.0,1.0
015_C109,15,C,1,5,OPTIMAL,6.9916,1,0,0,0,1,0.0,0.0,0.0,6.9916,120,0.5,2.0,1.0
015_C109,15,C,1,6,OPTIMAL,1.3979,1,0,0,0,1,0.0,0.0,0.0,1.3979,120,0.5,2.0,1.0
015_C109,15,C,1,7,OPTIMAL,17.5385,1,1,0,1,0,1.0,17.5385,0.0,0.0,120,0.5,2.0,1.0
015_C109,15,C,1,8,OPTIMAL,0.5779,1,0,0,0,1,0.0,0.0,0.0,0.5779,120,0.5,2.0,1.0
015_C109,15,C,1,9,OPTIMAL,15.8438,1,1,1,0,0,1.0,15.8438,0.0,0.0,120,0.5,2.0,1.0
015_C109,15,C,2,0,OPTIMAL,35.0299,2,2,2,0,0,1.0,35.0299,0.0,0.0,120,0.5,2.0,1.0
015_C109,15,C,2,1,OPTIMAL,28.272,2,2,2,0,0,1.0,28.272,0.0,0.0,120,0.5,2.0,1.0
015_C109,15,C,2,2,OPTIMAL,11.9117,2,0,0,0,2,0.0,0.0,0.0,11.9117,120,0.5,2.0,1.0
015_C109,15,C,2,3,OPTIMAL,69.9338,2,2,1,1,0,1.0,69.9338,0.0,0.0,120,0.5,2.0,1.0
015_C109,15,C,2,4,OPTIMAL,29.9395,2,2,2,0,0,1.0,29.9395,0.0,0.0,120,0.5,2.0,1.0
015_C109,15,C,2,5,OPTIMAL,37.2595,2,2,1,1,0,1.0,37.2595,0.0,0.0,120,0.5,2.0,1.0
015_C109,15,C,2,6,OPTIMAL,5.4408,2,0,0,0,2,0.0,0.0,0.0,5.4408,120,0.5,2.0,1.0
015_C109,15,C,2,7,OPTIMAL,2.0583,2,0,0,0,2,0.0,0.0,0.0,2.0583,120,0.5,2.0,1.0
015_C109,15,C,2,8,OPTIMAL,14.4144,2,1,1,0,1,0.5,11.2743,0.0,3.1401,120,0.5,2.0,1.0
015_C109,15,C,2,9,OPTIMAL,41.0349,2,2,2,0,0,1.0,41.0349,0.0,0.0,120,0.5,2.0,1.0
015_C109,15,C,3,0,OPTIMAL,93.7392,3,3,2,1,0,1.0,93.7392,0.0,0.0,120,0.5,2.0,1.0
015_C109,15,C,3,1,OPTIMAL,34.0863,3,2,1,1,1,0.6667,34.0463,0.0,0.04,120,0.5,2.0,1.0
015_C109,15,C,3,2,OPTIMAL,35.6833,3,2,2,0,1,0.6667,29.7119,0.0,5.9714,120,0.5,2.0,1.0
015_C109,15,C,3,3,OPTIMAL,37.4528,3,2,2,0,1,0.6667,31.6793,0.0,5.7735,120,0.5,2.0,1.0
015_C109,15,C,3,4,OPTIMAL,49.8577,3,3,3,0,0,1.0,49.8577,0.0,0.0,120,0.5,2.0,1.0
015_C109,15,C,3,5,OPTIMAL,22.6969,3,1,1,0,2,0.3333,19.2943,0.0,3.4026,120,0.5,2.0,1.0
015_C109,15,C,3,6,OPTIMAL,20.4738,3,1,1,0,2,0.3333,17.2566,0.0,3.2172,120,0.5,2.0,1.0
015_C109,15,C,3,7,OPTIMAL,50.3352,3,2,2,0,1,0.6667,49.4578,0.0,0.8774,120,0.5,2.0,1.0
015_C109,15,C,3,8,OPTIMAL,38.9841,3,1,1,0,2,0.3333,33.1673,0.0,5.8168,120,0.5,2.0,1.0
015_C109,15,C,3,9,OPTIMAL,54.1166,3,2,1,1,1,0.6667,49.3005,0.0,4.8161,120,0.5,2.0,1.0
015_C201,15,C,1,0,OPTIMAL,9.0231,1,1,1,0,0,1.0,9.0231,0.0,0.0,120,0.5,2.0,1.0
015_C201,15,C,1,1,OPTIMAL,29.5061,1,1,1,0,0,1.0,29.5061,0.0,0.0,120,0.5,2.0,1.0
015_C201,15,C,1,2,OPTIMAL,24.5058,1,1,1,0,0,1.0,24.5058,0.0,0.0,120,0.5,2.0,1.0
015_C201,15,C,1,3,OPTIMAL,22.6085,1,1,1,0,0,1.0,22.6085,0.0,0.0,120,0.5,2.0,1.0
015_C201,15,C,1,4,OPTIMAL,10.419,1,1,0,1,0,1.0,10.419,0.0,0.0,120,0.5,2.0,1.0
015_C201,15,C,1,5,OPTIMAL,37.9565,1,1,1,0,0,1.0,37.9565,0.0,0.0,120,0.5,2.0,1.0
015_C201,15,C,1,6,OPTIMAL,38.744,1,1,1,0,0,1.0,38.744,0.0,0.0,120,0.5,2.0,1.0
015_C201,15,C,1,7,OPTIMAL,24.8738,1,1,0,1,0,1.0,24.8738,0.0,0.0,120,0.5,2.0,1.0
015_C201,15,C,1,8,OPTIMAL,27.153,1,1,1,0,0,1.0,27.153,0.0,0.0,120,0.5,2.0,1.0
015_C201,15,C,1,9,OPTIMAL,29.9064,1,1,0,1,0,1.0,29.9064,0.0,0.0,120,0.5,2.0,1.0
015_C201,15,C,2,0,OPTIMAL,63.1016,2,2,0,2,0,1.0,63.1016,0.0,0.0,120,0.5,2.0,1.0
015_C201,15,C,2,1,OPTIMAL,65.8929,2,2,1,1,0,1.0,65.8929,0.0,0.0,120,0.5,2.0,1.0
015_C201,15,C,2,2,OPTIMAL,58.4372,2,2,2,0,0,1.0,58.4372,0.0,0.0,120,0.5,2.0,1.0
015_C201,15,C,2,3,OPTIMAL,65.3083,2,2,2,0,0,1.0,65.3083,0.0,0.0,120,0.5,2.0,1.0
015_C201,15,C,2,4,OPTIMAL,72.0815,2,2,1,1,0,1.0,72.0815,0.0,0.0,120,0.5,2.0,1.0
015_C201,15,C,2,5,OPTIMAL,49.6917,2,2,1,1,0,1.0,49.6917,0.0,0.0,120,0.5,2.0,1.0
015_C201,15,C,2,6,OPTIMAL,45.8202,2,2,1,1,0,1.0,45.8202,0.0,0.0,120,0.5,2.0,1.0
015_C201,15,C,2,7,OPTIMAL,49.9689,2,2,1,1,0,1.0,49.9689,0.0,0.0,120,0.5,2.0,1.0
015_C201,15,C,2,8,OPTIMAL,26.3026,2,1,1,0,1,0.5,25.0073,0.0,1.2952,120,0.5,2.0,1.0
015_C201,15,C,2,9,OPTIMAL,33.9681,2,2,2,0,0,1.0,33.9681,0.0,0.0,120,0.5,2.0,1.0
015_C201,15,C,3,0,OPTIMAL,99.4543,3,3,3,0,0,1.0,99.4543,0.0,0.0,120,0.5,2.0,1.0
015_C201,15,C,3,1,OPTIMAL,69.6462,3,3,3,0,0,1.0,69.6462,0.0,0.0,120,0.5,2.0,1.0
015_C201,15,C,3,2,OPTIMAL,103.8321,3,3,2,1,0,1.0,103.8321,0.0,0.0,120,0.5,2.0,1.0
015_C201,15,C,3,3,OPTIMAL,62.9318,3,3,2,1,0,1.0,62.9318,0.0,0.0,120,0.5,2.0,1.0
015_C201,15,C,3,4,OPTIMAL,70.675,3,3,3,0,0,1.0,70.675,0.0,0.0,120,0.5,2.0,1.0
015_C201,15,C,3,5,OPTIMAL,78.3323,3,3,3,0,0,1.0,78.3323,0.0,0.0,120,0.5,2.0,1.0
015_C201,15,C,3,6,OPTIMAL,58.5699,3,3,3,0,0,1.0,58.5699,0.0,0.0,120,0.5,2.0,1.0
015_C201,15,C,3,7,OPTIMAL,81.9577,3,3,2,1,0,1.0,81.9577,0.0,0.0,120,0.5,2.0,1.0
015_C201,15,C,3,8,OPTIMAL,49.1051,3,1,1,0,2,0.3333,24.6738,0.0,24.4313,120,0.5,2.0,1.0
015_C201,15,C,3,9,OPTIMAL,83.8878,3,3,2,1,0,1.0,83.8878,0.0,0.0,120,0.5,2.0,1.0
015_C202,15,C,1,0,OPTIMAL,9.0231,1,1,1,0,0,1.0,9.0231,0.0,0.0,120,0.5,2.0,1.0
015_C202,15,C,1,1,OPTIMAL,29.5061,1,1,1,0,0,1.0,29.5061,0.0,0.0,120,0.5,2.0,1.0
015_C202,15,C,1,2,OPTIMAL,0.2023,1,0,0,0,1,0.0,0.0,0.0,0.2023,120,0.5,2.0,1.0
015_C202,15,C,1,3,OPTIMAL,22.6085,1,1,1,0,0,1.0,22.6085,0.0,0.0,120,0.5,2.0,1.0
015_C202,15,C,1,4,OPTIMAL,10.419,1,1,0,1,0,1.0,10.419,0.0,0.0,120,0.5,2.0,1.0
015_C202,15,C,1,5,OPTIMAL,37.9565,1,1,1,0,0,1.0,37.9565,0.0,0.0,120,0.5,2.0,1.0
015_C202,15,C,1,6,OPTIMAL,38.744,1,1,1,0,0,1.0,38.744,0.0,0.0,120,0.5,2.0,1.0
015_C202,15,C,1,7,OPTIMAL,24.8738,1,1,0,1,0,1.0,24.8738,0.0,0.0,120,0.5,2.0,1.0
015_C202,15,C,1,8,OPTIMAL,27.153,1,1,1,0,0,1.0,27.153,0.0,0.0,120,0.5,2.0,1.0
015_C202,15,C,1,9,OPTIMAL,12.4295,1,0,0,0,1,0.0,0.0,0.0,12.4295,120,0.5,2.0,1.0
015_C202,15,C,2,0,OPTIMAL,63.1016,2,2,0,2,0,1.0,63.1016,0.0,0.0,120,0.5,2.0,1.0
015_C202,15,C,2,1,OPTIMAL,65.8929,2,2,1,1,0,1.0,65.8929,0.0,0.0,120,0.5,2.0,1.0
015_C202,15,C,2,2,OPTIMAL,58.4372,2,2,2,0,0,1.0,58.4372,0.0,0.0,120,0.5,2.0,1.0
015_C202,15,C,2,3,OPTIMAL,65.3083,2,2,2,0,0,1.0,65.3083,0.0,0.0,120,0.5,2.0,1.0
015_C202,15,C,2,4,OPTIMAL,72.0815,2,2,1,1,0,1.0,72.0815,0.0,0.0,120,0.5,2.0,1.0
015_C202,15,C,2,5,OPTIMAL,49.6917,2,2,1,1,0,1.0,49.6917,0.0,0.0,120,0.5,2.0,1.0
015_C202,15,C,2,6,OPTIMAL,45.8202,2,2,1,1,0,1.0,45.8202,0.0,0.0,120,0.5,2.0,1.0
015_C202,15,C,2,7,OPTIMAL,49.9689,2,2,1,1,0,1.0,49.9689,0.0,0.0,120,0.5,2.0,1.0
015_C202,15,C,2,8,OPTIMAL,45.9129,2,2,2,0,0,1.0,45.9129,0.0,0.0,120,0.5,2.0,1.0
015_C202,15,C,2,9,OPTIMAL,33.9681,2,2,2,0,0,1.0,33.9681,0.0,0.0,120,0.5,2.0,1.0
015_C202,15,C,3,0,OPTIMAL,99.4543,3,3,3,0,0,1.0,99.4543,0.0,0.0,120,0.5,2.0,1.0
015_C202,15,C,3,1,OPTIMAL,69.6462,3,3,3,0,0,1.0,69.6462,0.0,0.0,120,0.5,2.0,1.0
015_C202,15,C,3,2,OPTIMAL,70.8869,3,2,2,0,1,0.6667,70.8187,0.0,0.0682,120,0.5,2.0,1.0
015_C202,15,C,3,3,OPTIMAL,62.9318,3,3,2,1,0,1.0,62.9318,0.0,0.0,120,0.5,2.0,1.0
015_C202,15,C,3,4,OPTIMAL,70.675,3,3,3,0,0,1.0,70.675,0.0,0.0,120,0.5,2.0,1.0
015_C202,15,C,3,5,OPTIMAL,68.1118,3,2,2,0,1,0.6667,52.6801,0.0,15.4317,120,0.5,2.0,1.0
015_C202,15,C,3,6,OPTIMAL,58.5699,3,3,3,0,0,1.0,58.5699,0.0,0.0,120,0.5,2.0,1.0
015_C202,15,C,3,7,OPTIMAL,81.9577,3,3,2,1,0,1.0,81.9577,0.0,0.0,120,0.5,2.0,1.0
015_C202,15,C,3,8,OPTIMAL,71.3443,3,2,2,0,1,0.6667,53.04,0.0,18.3044,120,0.5,2.0,1.0
015_C202,15,C,3,9,OPTIMAL,83.8878,3,3,2,1,0,1.0,83.8878,0.0,0.0,120,0.5,2.0,1.0
015_C203,15,C,1,0,OPTIMAL,9.0231,1,1,1,0,0,1.0,9.0231,0.0,0.0,120,0.5,2.0,1.0
015_C203,15,C,1,1,OPTIMAL,29.5061,1,1,1,0,0,1.0,29.5061,0.0,0.0,120,0.5,2.0,1.0
015_C203,15,C,1,2,OPTIMAL,24.5058,1,1,0,1,0,1.0,24.5058,0.0,0.0,120,0.5,2.0,1.0
015_C203,15,C,1,3,OPTIMAL,22.6085,1,1,1,0,0,1.0,22.6085,0.0,0.0,120,0.5,2.0,1.0
015_C203,15,C,1,4,OPTIMAL,10.419,1,1,0,1,0,1.0,10.419,0.0,0.0,120,0.5,2.0,1.0
015_C203,15,C,1,5,OPTIMAL,37.9565,1,1,1,0,0,1.0,37.9565,0.0,0.0,120,0.5,2.0,1.0
015_C203,15,C,1,6,OPTIMAL,38.744,1,1,1,0,0,1.0,38.744,0.0,0.0,120,0.5,2.0,1.0
015_C203,15,C,1,7,OPTIMAL,24.8738,1,1,0,1,0,1.0,24.8738,0.0,0.0,120,0.5,2.0,1.0
015_C203,15,C,1,8,OPTIMAL,27.153,1,1,1,0,0,1.0,27.153,0.0,0.0,120,0.5,2.0,1.0
015_C203,15,C,1,9,OPTIMAL,19.8717,1,0,0,0,1,0.0,0.0,0.0,19.8717,120,0.5,2.0,1.0
015_C203,15,C,2,0,OPTIMAL,63.1016,2,2,0,2,0,1.0,63.1016,0.0,0.0,120,0.5,2.0,1.0
015_C203,15,C,2,1,OPTIMAL,65.8929,2,2,1,1,0,1.0,65.8929,0.0,0.0,120,0.5,2.0,1.0
015_C203,15,C,2,2,OPTIMAL,58.4372,2,2,2,0,0,1.0,58.4372,0.0,0.0,120,0.5,2.0,1.0
015_C203,15,C,2,3,OPTIMAL,65.3083,2,2,2,0,0,1.0,65.3083,0.0,0.0,120,0.5,2.0,1.0
015_C203,15,C,2,4,OPTIMAL,72.0815,2,2,1,1,0,1.0,72.0815,0.0,0.0,120,0.5,2.0,1.0
015_C203,15,C,2,5,OPTIMAL,49.6917,2,2,1,1,0,1.0,49.6917,0.0,0.0,120,0.5,2.0,1.0
015_C203,15,C,2,6,OPTIMAL,45.8202,2,2,1,1,0,1.0,45.8202,0.0,0.0,120,0.5,2.0,1.0
015_C203,15,C,2,7,OPTIMAL,49.9689,2,2,1,1,0,1.0,49.9689,0.0,0.0,120,0.5,2.0,1.0
015_C203,15,C,2,8,OPTIMAL,45.9129,2,2,2,0,0,1.0,45.9129,0.0,0.0,120,0.5,2.0,1.0
015_C203,15,C,2,9,OPTIMAL,33.9681,2,2,2,0,0,1.0,33.9681,0.0,0.0,120,0.5,2.0,1.0
015_C203,15,C,3,0,OPTIMAL,99.4543,3,3,3,0,0,1.0,99.4543,0.0,0.0,120,0.5,2.0,1.0
015_C203,15,C,3,1,OPTIMAL,69.6462,3,3,3,0,0,1.0,69.6462,0.0,0.0,120,0.5,2.0,1.0
015_C203,15,C,3,2,OPTIMAL,70.8869,3,2,2,0,1,0.6667,70.8187,0.0,0.0682,120,0.5,2.0,1.0
015_C203,15,C,3,3,OPTIMAL,62.9318,3,3,2,1,0,1.0,62.9318,0.0,0.0,120,0.5,2.0,1.0
015_C203,15,C,3,4,OPTIMAL,70.675,3,3,3,0,0,1.0,70.675,0.0,0.0,120,0.5,2.0,1.0
015_C203,15,C,3,5,OPTIMAL,78.3323,3,3,2,1,0,1.0,78.3323,0.0,0.0,120,0.5,2.0,1.0
015_C203,15,C,3,6,OPTIMAL,58.5699,3,3,3,0,0,1.0,58.5699,0.0,0.0,120,0.5,2.0,1.0
015_C203,15,C,3,7,OPTIMAL,81.9577,3,3,2,1,0,1.0,81.9577,0.0,0.0,120,0.5,2.0,1.0
015_C203,15,C,3,8,OPTIMAL,80.4576,3,3,3,0,0,1.0,80.4576,0.0,0.0,120,0.5,2.0,1.0
015_C203,15,C,3,9,OPTIMAL,83.8878,3,3,2,1,0,1.0,83.8878,0.0,0.0,120,0.5,2.0,1.0
015_C204,15,C,1,0,OPTIMAL,9.0231,1,1,1,0,0,1.0,9.0231,0.0,0.0,120,0.5,2.0,1.0
015_C204,15,C,1,1,OPTIMAL,29.5061,1,1,1,0,0,1.0,29.5061,0.0,0.0,120,0.5,2.0,1.0
015_C204,15,C,1,2,OPTIMAL,24.5058,1,1,0,1,0,1.0,24.5058,0.0,0.0,120,0.5,2.0,1.0
015_C204,15,C,1,3,OPTIMAL,22.6085,1,1,1,0,0,1.0,22.6085,0.0,0.0,120,0.5,2.0,1.0
015_C204,15,C,1,4,OPTIMAL,10.419,1,1,0,1,0,1.0,10.419,0.0,0.0,120,0.5,2.0,1.0
015_C204,15,C,1,5,OPTIMAL,37.9565,1,1,1,0,0,1.0,37.9565,0.0,0.0,120,0.5,2.0,1.0
015_C204,15,C,1,6,OPTIMAL,38.744,1,1,1,0,0,1.0,38.744,0.0,0.0,120,0.5,2.0,1.0
015_C204,15,C,1,7,OPTIMAL,24.8738,1,1,1,0,0,1.0,24.8738,0.0,0.0,120,0.5,2.0,1.0
015_C204,15,C,1,8,OPTIMAL,27.153,1,1,1,0,0,1.0,27.153,0.0,0.0,120,0.5,2.0,1.0
015_C204,15,C,1,9,OPTIMAL,15.8974,1,0,0,0,1,0.0,0.0,0.0,15.8974,120,0.5,2.0,1.0
015_C204,15,C,2,0,OPTIMAL,63.1016,2,2,0,2,0,1.0,63.1016,0.0,0.0,120,0.5,2.0,1.0
015_C204,15,C,2,1,OPTIMAL,65.8929,2,2,1,1,0,1.0,65.8929,0.0,0.0,120,0.5,2.0,1.0
015_C204,15,C,2,2,OPTIMAL,58.4372,2,2,2,0,0,1.0,58.4372,0.0,0.0,120,0.5,2.0,1.0
015_C204,15,C,2,3,OPTIMAL,65.3083,2,2,2,0,0,1.0,65.3083,0.0,0.0,120,0.5,2.0,1.0
015_C204,15,C,2,4,OPTIMAL,72.0815,2,2,2,0,0,1.0,72.0815,0.0,0.0,120,0.5,2.0,1.0
015_C204,15,C,2,5,OPTIMAL,27.2641,2,1,1,0,1,0.5,27.2628,0.0,0.0013,120,0.5,2.0,1.0
015_C204,15,C,2,6,OPTIMAL,45.8202,2,2,2,0,0,1.0,45.8202,0.0,0.0,120,0.5,2.0,1.0
015_C204,15,C,2,7,OPTIMAL,49.9689,2,2,1,1,0,1.0,49.9689,0.0,0.0,120,0.5,2.0,1.0
015_C204,15,C,2,8,OPTIMAL,45.9129,2,2,2,0,0,1.0,45.9129,0.0,0.0,120,0.5,2.0,1.0
015_C204,15,C,2,9,OPTIMAL,33.9681,2,2,2,0,0,1.0,33.9681,0.0,0.0,120,0.5,2.0,1.0
015_C204,15,C,3,0,OPTIMAL,99.4543,3,3,3,0,0,1.0,99.4543,0.0,0.0,120,0.5,2.0,1.0
015_C204,15,C,3,1,OPTIMAL,69.6462,3,3,3,0,0,1.0,69.6462,0.0,0.0,120,0.5,2.0,1.0
015_C204,15,C,3,2,OPTIMAL,70.8869,3,2,2,0,1,0.6667,70.8187,0.0,0.0682,120,0.5,2.0,1.0
015_C204,15,C,3,3,OPTIMAL,62.9318,3,3,2,1,0,1.0,62.9318,0.0,0.0,120,0.5,2.0,1.0
015_C204,15,C,3,4,OPTIMAL,70.675,3,3,3,0,0,1.0,70.675,0.0,0.0,120,0.5,2.0,1.0
015_C204,15,C,3,5,OPTIMAL,78.3323,3,3,2,1,0,1.0,78.3323,0.0,0.0,120,0.5,2.0,1.0
015_C204,15,C,3,6,OPTIMAL,58.5699,3,3,3,0,0,1.0,58.5699,0.0,0.0,120,0.5,2.0,1.0
015_C204,15,C,3,7,OPTIMAL,81.9577,3,3,2,1,0,1.0,81.9577,0.0,0.0,120,0.5,2.0,1.0
015_C204,15,C,3,8,OPTIMAL,80.4576,3,3,3,0,0,1.0,80.4576,0.0,0.0,120,0.5,2.0,1.0
015_C204,15,C,3,9,OPTIMAL,83.8878,3,3,2,1,0,1.0,83.8878,0.0,0.0,120,0.5,2.0,1.0
015_C205,15,C,1,0,OPTIMAL,9.0231,1,1,1,0,0,1.0,9.0231,0.0,0.0,120,0.5,2.0,1.0
015_C205,15,C,1,1,OPTIMAL,29.5061,1,1,1,0,0,1.0,29.5061,0.0,0.0,120,0.5,2.0,1.0
015_C205,15,C,1,2,OPTIMAL,24.5058,1,1,1,0,0,1.0,24.5058,0.0,0.0,120,0.5,2.0,1.0
015_C205,15,C,1,3,OPTIMAL,22.6085,1,1,1,0,0,1.0,22.6085,0.0,0.0,120,0.5,2.0,1.0
015_C205,15,C,1,4,OPTIMAL,10.419,1,1,1,0,0,1.0,10.419,0.0,0.0,120,0.5,2.0,1.0
015_C205,15,C,1,5,OPTIMAL,37.9565,1,1,1,0,0,1.0,37.9565,0.0,0.0,120,0.5,2.0,1.0
015_C205,15,C,1,6,OPTIMAL,38.744,1,1,0,1,0,1.0,38.744,0.0,0.0,120,0.5,2.0,1.0
015_C205,15,C,1,7,OPTIMAL,0.1908,1,0,0,0,1,0.0,0.0,0.0,0.1908,120,0.5,2.0,1.0
015_C205,15,C,1,8,OPTIMAL,27.153,1,1,1,0,0,1.0,27.153,0.0,0.0,120,0.5,2.0,1.0
015_C205,15,C,1,9,OPTIMAL,29.9064,1,1,0,1,0,1.0,29.9064,0.0,0.0,120,0.5,2.0,1.0
015_C205,15,C,2,0,OPTIMAL,63.1016,2,2,2,0,0,1.0,63.1016,0.0,0.0,120,0.5,2.0,1.0
015_C205,15,C,2,1,OPTIMAL,65.8929,2,2,2,0,0,1.0,65.8929,0.0,0.0,120,0.5,2.0,1.0
015_C205,15,C,2,2,OPTIMAL,40.6908,2,1,1,0,1,0.5,38.8535,0.0,1.8373,120,0.5,2.0,1.0
015_C205,15,C,2,3,OPTIMAL,65.3083,2,2,1,1,0,1.0,65.3083,0.0,0.0,120,0.5,2.0,1.0
015_C205,15,C,2,4,OPTIMAL,72.0815,2,2,2,0,0,1.0,72.0815,0.0,0.0,120,0.5,2.0,1.0
015_C205,15,C,2,5,OPTIMAL,49.6917,2,2,2,0,0,1.0,49.6917,0.0,0.0,120,0.5,2.0,1.0
015_C205,15,C,2,6,OPTIMAL,45.8202,2,2,2,0,0,1.0,45.8202,0.0,0.0,120,0.5,2.0,1.0
015_C205,15,C,2,7,OPTIMAL,49.8322,2,1,1,0,1,0.5,27.9557,0.0,21.8765,120,0.5,2.0,1.0
015_C205,15,C,2,8,OPTIMAL,28.9186,2,1,1,0,1,0.5,25.0073,0.0,3.9112,120,0.5,2.0,1.0
015_C205,15,C,2,9,OPTIMAL,20.1067,2,1,0,1,1,0.5,14.3925,0.0,5.7142,120,0.5,2.0,1.0
015_C205,15,C,3,0,OPTIMAL,99.4543,3,3,1,2,0,1.0,99.4543,0.0,0.0,120,0.5,2.0,1.0
015_C205,15,C,3,1,OPTIMAL,69.6462,3,3,2,1,0,1.0,69.6462,0.0,0.0,120,0.5,2.0,1.0
015_C205,15,C,3,2,OPTIMAL,103.8321,3,3,3,0,0,1.0,103.8321,0.0,0.0,120,0.5,2.0,1.0
015_C205,15,C,3,3,OPTIMAL,41.4555,3,2,2,0,1,0.6667,35.3275,0.0,6.128,120,0.5,2.0,1.0
015_C205,15,C,3,4,OPTIMAL,52.9836,3,2,2,0,1,0.6667,52.2449,0.0,0.7387,120,0.5,2.0,1.0
015_C205,15,C,3,5,OPTIMAL,64.0999,3,2,0,2,1,0.6667,52.6801,0.0,11.4198,120,0.5,2.0,1.0
015_C205,15,C,3,6,OPTIMAL,58.5699,3,3,2,1,0,1.0,58.5699,0.0,0.0,120,0.5,2.0,1.0
015_C205,15,C,3,7,OPTIMAL,81.9577,3,3,2,1,0,1.0,81.9577,0.0,0.0,120,0.5,2.0,1.0
015_C205,15,C,3,8,OPTIMAL,43.1328,3,1,1,0,2,0.3333,24.6738,0.0,18.459,120,0.5,2.0,1.0
015_C205,15,C,3,9,OPTIMAL,75.7113,3,2,2,0,1,0.6667,63.8299,0.0,11.8814,120,0.5,2.0,1.0
015_C206,15,C,1,0,OPTIMAL,9.0231,1,1,1,0,0,1.0,9.0231,0.0,0.0,120,0.5,2.0,1.0
015_C206,15,C,1,1,OPTIMAL,29.5061,1,1,0,1,0,1.0,29.5061,0.0,0.0,120,0.5,2.0,1.0
015_C206,15,C,1,2,OPTIMAL,24.5058,1,1,1,0,0,1.0,24.5058,0.0,0.0,120,0.5,2.0,1.0
015_C206,15,C,1,3,OPTIMAL,22.6085,1,1,1,0,0,1.0,22.6085,0.0,0.0,120,0.5,2.0,1.0
015_C206,15,C,1,4,OPTIMAL,10.419,1,1,1,0,0,1.0,10.419,0.0,0.0,120,0.5,2.0,1.0
015_C206,15,C,1,5,OPTIMAL,37.9565,1,1,1,0,0,1.0,37.9565,0.0,0.0,120,0.5,2.0,1.0
015_C206,15,C,1,6,OPTIMAL,38.744,1,1,1,0,0,1.0,38.744,0.0,0.0,120,0.5,2.0,1.0
015_C206,15,C,1,7,OPTIMAL,24.8738,1,1,1,0,0,1.0,24.8738,0.0,0.0,120,0.5,2.0,1.0
015_C206,15,C,1,8,OPTIMAL,27.153,1,1,1,0,0,1.0,27.153,0.0,0.0,120,0.5,2.0,1.0
015_C206,15,C,1,9,OPTIMAL,19.4621,1,0,0,0,1,0.0,0.0,0.0,19.4621,120,0.5,2.0,1.0
015_C206,15,C,2,0,OPTIMAL,63.1016,2,2,2,0,0,1.0,63.1016,0.0,0.0,120,0.5,2.0,1.0
015_C206,15,C,2,1,OPTIMAL,65.8929,2,2,2,0,0,1.0,65.8929,0.0,0.0,120,0.5,2.0,1.0
015_C206,15,C,2,2,OPTIMAL,40.6908,2,1,1,0,1,0.5,38.8535,0.0,1.8373,120,0.5,2.0,1.0
015_C206,15,C,2,3,OPTIMAL,65.3083,2,2,2,0,0,1.0,65.3083,0.0,0.0,120,0.5,2.0,1.0
015_C206,15,C,2,4,OPTIMAL,72.0815,2,2,2,0,0,1.0,72.0815,0.0,0.0,120,0.5,2.0,1.0
015_C206,15,C,2,5,OPTIMAL,28.365,2,1,1,0,1,0.5,27.2628,0.0,1.1021,120,0.5,2.0,1.0
015_C206,15,C,2,6,OPTIMAL,45.8202,2,2,2,0,0,1.0,45.8202,0.0,0.0,120,0.5,2.0,1.0
015_C206,15,C,2,7,OPTIMAL,25.9296,2,1,1,0,1,0.5,22.0132,0.0,3.9163,120,0.5,2.0,1.0
015_C206,15,C,2,8,OPTIMAL,45.9129,2,2,2,0,0,1.0,45.9129,0.0,0.0,120,0.5,2.0,1.0
015_C206,15,C,2,9,OPTIMAL,19.08,2,1,1,0,1,0.5,14.3925,0.0,4.6874,120,0.5,2.0,1.0
015_C206,15,C,3,0,OPTIMAL,99.4543,3,3,2,1,0,1.0,99.4543,0.0,0.0,120,0.5,2.0,1.0
015_C206,15,C,3,1,OPTIMAL,69.6462,3,3,3,0,0,1.0,69.6462,0.0,0.0,120,0.5,2.0,1.0
015_C206,15,C,3,2,OPTIMAL,103.8321,3,3,3,0,0,1.0,103.8321,0.0,0.0,120,0.5,2.0,1.0
015_C206,15,C,3,3,OPTIMAL,24.4107,3,1,1,0,2,0.3333,23.1896,0.0,1.2211,120,0.5,2.0,1.0
015_C206,15,C,3,4,OPTIMAL,70.675,3,3,3,0,0,1.0,70.675,0.0,0.0,120,0.5,2.0,1.0
015_C206,15,C,3,5,OPTIMAL,78.3323,3,3,3,0,0,1.0,78.3323,0.0,0.0,120,0.5,2.0,1.0
015_C206,15,C,3,6,OPTIMAL,58.5699,3,3,3,0,0,1.0,58.5699,0.0,0.0,120,0.5,2.0,1.0
015_C206,15,C,3,7,OPTIMAL,81.9577,3,3,1,2,0,1.0,81.9577,0.0,0.0,120,0.5,2.0,1.0
015_C206,15,C,3,8,OPTIMAL,69.7993,3,2,2,0,1,0.6667,53.04,0.0,16.7593,120,0.5,2.0,1.0
015_C206,15,C,3,9,OPTIMAL,83.8878,3,3,3,0,0,1.0,83.8878,0.0,0.0,120,0.5,2.0,1.0
015_C207,15,C,1,0,OPTIMAL,9.0231,1,1,1,0,0,1.0,9.0231,0.0,0.0,120,0.5,2.0,1.0
015_C207,15,C,1,1,OPTIMAL,29.5061,1,1,0,1,0,1.0,29.5061,0.0,0.0,120,0.5,2.0,1.0
015_C207,15,C,1,2,OPTIMAL,24.5058,1,1,1,0,0,1.0,24.5058,0.0,0.0,120,0.5,2.0,1.0
015_C207,15,C,1,3,OPTIMAL,22.6085,1,1,1,0,0,1.0,22.6085,0.0,0.0,120,0.5,2.0,1.0
015_C207,15,C,1,4,OPTIMAL,9.632,1,0,0,0,1,0.0,0.0,0.0,9.632,120,0.5,2.0,1.0
015_C207,15,C,1,5,OPTIMAL,37.9565,1,1,1,0,0,1.0,37.9565,0.0,0.0,120,0.5,2.0,1.0
015_C207,15,C,1,6,OPTIMAL,38.744,1,1,1,0,0,1.0,38.744,0.0,0.0,120,0.5,2.0,1.0
015_C207,15,C,1,7,OPTIMAL,24.8738,1,1,1,0,0,1.0,24.8738,0.0,0.0,120,0.5,2.0,1.0
015_C207,15,C,1,8,OPTIMAL,27.153,1,1,1,0,0,1.0,27.153,0.0,0.0,120,0.5,2.0,1.0
015_C207,15,C,1,9,OPTIMAL,29.9064,1,1,0,1,0,1.0,29.9064,0.0,0.0,120,0.5,2.0,1.0
015_C207,15,C,2,0,OPTIMAL,63.1016,2,2,2,0,0,1.0,63.1016,0.0,0.0,120,0.5,2.0,1.0
015_C207,15,C,2,1,OPTIMAL,30.3213,2,1,0,1,1,0.5,26.7888,0.0,3.5325,120,0.5,2.0,1.0
015_C207,15,C,2,2,OPTIMAL,44.6277,2,1,1,0,1,0.5,38.8535,0.0,5.7742,120,0.5,2.0,1.0
015_C207,15,C,2,3,OPTIMAL,65.3083,2,2,2,0,0,1.0,65.3083,0.0,0.0,120,0.5,2.0,1.0
015_C207,15,C,2,4,OPTIMAL,42.9964,2,1,1,0,1,0.5,38.4324,0.0,4.564,120,0.5,2.0,1.0
015_C207,15,C,2,5,OPTIMAL,49.6917,2,2,2,0,0,1.0,49.6917,0.0,0.0,120,0.5,2.0,1.0
015_C207,15,C,2,6,OPTIMAL,45.8202,2,2,2,0,0,1.0,45.8202,0.0,0.0,120,0.5,2.0,1.0
015_C207,15,C,2,7,OPTIMAL,49.9689,2,2,2,0,0,1.0,49.9689,0.0,0.0,120,0.5,2.0,1.0
015_C207,15,C,2,8,OPTIMAL,45.9129,2,2,1,1,0,1.0,45.9129,0.0,0.0,120,0.5,2.0,1.0
015_C207,15,C,2,9,OPTIMAL,33.9681,2,2,2,0,0,1.0,33.9681,0.0,0.0,120,0.5,2.0,1.0
015_C207,15,C,3,0,OPTIMAL,99.4543,3,3,2,1,0,1.0,99.4543,0.0,0.0,120,0.5,2.0,1.0
015_C207,15,C,3,1,OPTIMAL,69.6462,3,3,3,0,0,1.0,69.6462,0.0,0.0,120,0.5,2.0,1.0
015_C207,15,C,3,2,OPTIMAL,103.8321,3,3,3,0,0,1.0,103.8321,0.0,0.0,120,0.5,2.0,1.0
015_C207,15,C,3,3,OPTIMAL,62.9318,3,3,2,1,0,1.0,62.9318,0.0,0.0,120,0.5,2.0,1.0
015_C207,15,C,3,4,OPTIMAL,70.675,3,3,3,0,0,1.0,70.675,0.0,0.0,120,0.5,2.0,1.0
015_C207,15,C,3,5,OPTIMAL,78.3323,3,3,3,0,0,1.0,78.3323,0.0,0.0,120,0.5,2.0,1.0
015_C207,15,C,3,6,OPTIMAL,58.5699,3,3,2,1,0,1.0,58.5699,0.0,0.0,120,0.5,2.0,1.0
015_C207,15,C,3,7,OPTIMAL,81.9577,3,3,2,1,0,1.0,81.9577,0.0,0.0,120,0.5,2.0,1.0
015_C207,15,C,3,8,OPTIMAL,53.7912,3,2,1,1,1,0.6667,52.0915,0.0,1.6997,120,0.5,2.0,1.0
015_C207,15,C,3,9,OPTIMAL,18.1621,3,0,0,0,3,0.0,0.0,0.0,18.1621,120,0.5,2.0,1.0
015_C208,15,C,1,0,OPTIMAL,9.0231,1,1,1,0,0,1.0,9.0231,0.0,0.0,120,0.5,2.0,1.0
015_C208,15,C,1,1,OPTIMAL,29.5061,1,1,0,1,0,1.0,29.5061,0.0,0.0,120,0.5,2.0,1.0
015_C208,15,C,1,2,OPTIMAL,7.1707,1,0,0,0,1,0.0,0.0,0.0,7.1707,120,0.5,2.0,1.0
015_C208,15,C,1,3,OPTIMAL,22.6085,1,1,1,0,0,1.0,22.6085,0.0,0.0,120,0.5,2.0,1.0
015_C208,15,C,1,4,OPTIMAL,10.419,1,1,1,0,0,1.0,10.419,0.0,0.0,120,0.5,2.0,1.0
015_C208,15,C,1,5,OPTIMAL,37.9565,1,1,1,0,0,1.0,37.9565,0.0,0.0,120,0.5,2.0,1.0
015_C208,15,C,1,6,OPTIMAL,38.744,1,1,0,1,0,1.0,38.744,0.0,0.0,120,0.5,2.0,1.0
015_C208,15,C,1,7,OPTIMAL,24.8738,1,1,1,0,0,1.0,24.8738,0.0,0.0,120,0.5,2.0,1.0
015_C208,15,C,1,8,OPTIMAL,27.153,1,1,1,0,0,1.0,27.153,0.0,0.0,120,0.5,2.0,1.0
015_C208,15,C,1,9,OPTIMAL,4.5809,1,0,0,0,1,0.0,0.0,0.0,4.5809,120,0.5,2.0,1.0
015_C208,15,C,2,0,OPTIMAL,63.1016,2,2,2,0,0,1.0,63.1016,0.0,0.0,120,0.5,2.0,1.0
015_C208,15,C,2,1,OPTIMAL,65.8929,2,2,1,1,0,1.0,65.8929,0.0,0.0,120,0.5,2.0,1.0
015_C208,15,C,2,2,OPTIMAL,58.4372,2,2,2,0,0,1.0,58.4372,0.0,0.0,120,0.5,2.0,1.0
015_C208,15,C,2,3,OPTIMAL,65.3083,2,2,2,0,0,1.0,65.3083,0.0,0.0,120,0.5,2.0,1.0
015_C208,15,C,2,4,OPTIMAL,40.5934,2,1,1,0,1,0.5,38.4324,0.0,2.161,120,0.5,2.0,1.0
015_C208,15,C,2,5,OPTIMAL,28.365,2,1,1,0,1,0.5,27.2628,0.0,1.1021,120,0.5,2.0,1.0
015_C208,15,C,2,6,OPTIMAL,45.8202,2,2,2,0,0,1.0,45.8202,0.0,0.0,120,0.5,2.0,1.0
015_C208,15,C,2,7,OPTIMAL,22.2741,2,1,1,0,1,0.5,22.0132,0.0,0.2609,120,0.5,2.0,1.0
015_C208,15,C,2,8,OPTIMAL,30.3454,2,1,1,0,1,0.5,25.0073,0.0,5.338,120,0.5,2.0,1.0
015_C208,15,C,2,9,OPTIMAL,22.4967,2,1,1,0,1,0.5,14.3925,0.0,8.1041,120,0.5,2.0,1.0
015_C208,15,C,3,0,OPTIMAL,99.4543,3,3,3,0,0,1.0,99.4543,0.0,0.0,120,0.5,2.0,1.0
015_C208,15,C,3,1,OPTIMAL,69.6462,3,3,3,0,0,1.0,69.6462,0.0,0.0,120,0.5,2.0,1.0
015_C208,15,C,3,2,OPTIMAL,57.8858,3,1,1,0,2,0.3333,40.8498,0.0,17.0359,120,0.5,2.0,1.0
015_C208,15,C,3,3,OPTIMAL,27.5443,3,1,1,0,2,0.3333,23.1896,0.0,4.3547,120,0.5,2.0,1.0
015_C208,15,C,3,4,OPTIMAL,70.675,3,3,3,0,0,1.0,70.675,0.0,0.0,120,0.5,2.0,1.0
015_C208,15,C,3,5,OPTIMAL,50.4316,3,1,1,0,2,0.3333,23.0294,0.0,27.4021,120,0.5,2.0,1.0
015_C208,15,C,3,6,OPTIMAL,45.8066,3,2,2,0,1,0.6667,38.0857,0.0,7.7209,120,0.5,2.0,1.0
015_C208,15,C,3,7,OPTIMAL,81.9577,3,3,2,1,0,1.0,81.9577,0.0,0.0,120,0.5,2.0,1.0
015_C208,15,C,3,8,OPTIMAL,80.4576,3,3,3,0,0,1.0,80.4576,0.0,0.0,120,0.5,2.0,1.0
015_C208,15,C,3,9,OPTIMAL,83.8878,3,3,3,0,0,1.0,83.8878,0.0,0.0,120,0.5,2.0,1.0
015_R101,15,R,1,0,OPTIMAL,0.0181,1,0,0,0,1,0.0,0.0,0.0,0.0181,120,0.5,2.0,1.0
015_R101,15,R,1,1,OPTIMAL,4.1611,1,0,0,0,1,0.0,0.0,0.0,4.1611,120,0.5,2.0,1.0
015_R101,15,R,1,2,OPTIMAL,0.2304,1,0,0,0,1,0.0,0.0,0.0,0.2304,120,0.5,2.0,1.0
015_R101,15,R,1,3,OPTIMAL,11.6677,1,0,0,0,1,0.0,0.0,0.0,11.6677,120,0.5,2.0,1.0
015_R101,15,R,1,4,OPTIMAL,7.7316,1,0,0,0,1,0.0,0.0,0.0,7.7316,120,0.5,2.0,1.0
015_R101,15,R,1,5,OPTIMAL,17.5761,1,0,0,0,1,0.0,0.0,0.0,17.5761,120,0.5,2.0,1.0
015_R101,15,R,1,6,OPTIMAL,1.4854,1,0,0,0,1,0.0,0.0,0.0,1.4854,120,0.5,2.0,1.0
015_R101,15,R,1,7,OPTIMAL,3.2438,1,0,0,0,1,0.0,0.0,0.0,3.2438,120,0.5,2.0,1.0
015_R101,15,R,1,8,OPTIMAL,1.8392,1,0,0,0,1,0.0,0.0,0.0,1.8392,120,0.5,2.0,1.0
015_R101,15,R,1,9,OPTIMAL,1.7045,1,0,0,0,1,0.0,0.0,0.0,1.7045,120,0.5,2.0,1.0
015_R101,15,R,2,0,OPTIMAL,8.8225,2,0,0,0,2,0.0,0.0,0.0,8.8225,120,0.5,2.0,1.0
015_R101,15,R,2,1,OPTIMAL,1.2725,2,0,0,0,2,0.0,0.0,0.0,1.2725,120,0.5,2.0,1.0
015_R101,15,R,2,2,OPTIMAL,37.839,2,1,0,1,1,0.5,29.806,0.0,8.0329,120,0.5,2.0,1.0
015_R101,15,R,2,3,OPTIMAL,1.8628,2,0,0,0,2,0.0,0.0,0.0,1.8628,120,0.5,2.0,1.0
015_R101,15,R,2,4,OPTIMAL,2.8579,2,0,0,0,2,0.0,0.0,0.0,2.8579,120,0.5,2.0,1.0
015_R101,15,R,2,5,OPTIMAL,27.8471,2,1,0,1,1,0.5,23.0714,0.0,4.7757,120,0.5,2.0,1.0
015_R101,15,R,2,6,OPTIMAL,34.2176,2,1,0,1,1,0.5,33.8968,0.0,0.3208,120,0.5,2.0,1.0
015_R101,15,R,2,7,OPTIMAL,31.5674,2,1,0,1,1,0.5,31.4045,0.0,0.1629,120,0.5,2.0,1.0
015_R101,15,R,2,8,OPTIMAL,15.8435,2,0,0,0,2,0.0,0.0,0.0,15.8435,120,0.5,2.0,1.0
015_R101,15,R,2,9,OPTIMAL,10.4741,2,0,0,0,2,0.0,0.0,0.0,10.4741,120,0.5,2.0,1.0
015_R101,15,R,3,0,OPTIMAL,8.0299,3,0,0,0,3,0.0,0.0,0.0,8.0299,120,0.5,2.0,1.0
015_R101,15,R,3,1,OPTIMAL,4.3805,3,0,0,0,3,0.0,0.0,0.0,4.3805,120,0.5,2.0,1.0
015_R101,15,R,3,2,OPTIMAL,3.312,3,0,0,0,3,0.0,0.0,0.0,3.312,120,0.5,2.0,1.0
015_R101,15,R,3,3,OPTIMAL,16.7221,3,0,0,0,3,0.0,0.0,0.0,16.7221,120,0.5,2.0,1.0
015_R101,15,R,3,4,OPTIMAL,9.2298,3,0,0,0,3,0.0,0.0,0.0,9.2298,120,0.5,2.0,1.0
015_R101,15,R,3,5,OPTIMAL,15.5243,3,0,0,0,3,0.0,0.0,0.0,15.5243,120,0.5,2.0,1.0
015_R101,15,R,3,6,OPTIMAL,22.9105,3,0,0,0,3,0.0,0.0,0.0,22.9105,120,0.5,2.0,1.0
015_R101,15,R,3,7,OPTIMAL,5.2161,3,0,0,0,3,0.0,0.0,0.0,5.2161,120,0.5,2.0,1.0
015_R101,15,R,3,8,OPTIMAL,60.2007,3,2,0,2,1,0.6667,55.1893,0.0,5.0114,120,0.5,2.0,1.0
015_R101,15,R,3,9,OPTIMAL,33.3849,3,1,0,1,2,0.3333,32.3627,0.0,1.0222,120,0.5,2.0,1.0
015_R102,15,R,1,0,OPTIMAL,0.0181,1,0,0,0,1,0.0,0.0,0.0,0.0181,120,0.5,2.0,1.0
015_R102,15,R,1,1,OPTIMAL,4.1611,1,0,0,0,1,0.0,0.0,0.0,4.1611,120,0.5,2.0,1.0
015_R102,15,R,1,2,OPTIMAL,4.3273,1,0,0,0,1,0.0,0.0,0.0,4.3273,120,0.5,2.0,1.0
015_R102,15,R,1,3,OPTIMAL,11.6677,1,0,0,0,1,0.0,0.0,0.0,11.6677,120,0.5,2.0,1.0
015_R102,15,R,1,4,OPTIMAL,3.8658,1,0,0,0,1,0.0,0.0,0.0,3.8658,120,0.5,2.0,1.0
015_R102,15,R,1,5,OPTIMAL,17.5761,1,0,0,0,1,0.0,0.0,0.0,17.5761,120,0.5,2.0,1.0
015_R102,15,R,1,6,OPTIMAL,1.4854,1,0,0,0,1,0.0,0.0,0.0,1.4854,120,0.5,2.0,1.0
015_R102,15,R,1,7,OPTIMAL,3.2438,1,0,0,0,1,0.0,0.0,0.0,3.2438,120,0.5,2.0,1.0
015_R102,15,R,1,8,OPTIMAL,0.9196,1,0,0,0,1,0.0,0.0,0.0,0.9196,120,0.5,2.0,1.0
015_R102,15,R,1,9,OPTIMAL,1.7045,1,0,0,0,1,0.0,0.0,0.0,1.7045,120,0.5,2.0,1.0
015_R102,15,R,2,0,OPTIMAL,8.5026,2,0,0,0,2,0.0,0.0,0.0,8.5026,120,0.5,2.0,1.0
015_R102,15,R,2,1,OPTIMAL,1.2725,2,0,0,0,2,0.0,0.0,0.0,1.2725,120,0.5,2.0,1.0
015_R102,15,R,2,2,OPTIMAL,37.839,2,1,0,1,1,0.5,29.806,0.0,8.0329,120,0.5,2.0,1.0
015_R102,15,R,2,3,OPTIMAL,8.5868,2,0,0,0,2,0.0,0.0,0.0,8.5868,120,0.5,2.0,1.0
015_R102,15,R,2,4,OPTIMAL,2.8579,2,0,0,0,2,0.0,0.0,0.0,2.8579,120,0.5,2.0,1.0
015_R102,15,R,2,5,OPTIMAL,27.8471,2,1,0,1,1,0.5,23.0714,0.0,4.7757,120,0.5,2.0,1.0
015_R102,15,R,2,6,OPTIMAL,34.2176,2,1,0,1,1,0.5,33.8968,0.0,0.3208,120,0.5,2.0,1.0
015_R102,15,R,2,7,OPTIMAL,31.5674,2,1,0,1,1,0.5,31.4045,0.0,0.1629,120,0.5,2.0,1.0
015_R102,15,R,2,8,OPTIMAL,15.8435,2,0,0,0,2,0.0,0.0,0.0,15.8435,120,0.5,2.0,1.0
015_R102,15,R,2,9,OPTIMAL,5.2371,2,0,0,0,2,0.0,0.0,0.0,5.2371,120,0.5,2.0,1.0
015_R102,15,R,3,0,OPTIMAL,10.5571,3,0,0,0,3,0.0,0.0,0.0,10.5571,120,0.5,2.0,1.0
015_R102,15,R,3,1,OPTIMAL,9.2145,3,0,0,0,3,0.0,0.0,0.0,9.2145,120,0.5,2.0,1.0
015_R102,15,R,3,2,OPTIMAL,7.0395,3,0,0,0,3,0.0,0.0,0.0,7.0395,120,0.5,2.0,1.0
015_R102,15,R,3,3,OPTIMAL,16.7221,3,0,0,0,3,0.0,0.0,0.0,16.7221,120,0.5,2.0,1.0
015_R102,15,R,3,4,OPTIMAL,17.0267,3,0,0,0,3,0.0,0.0,0.0,17.0267,120,0.5,2.0,1.0
015_R102,15,R,3,5,OPTIMAL,17.7934,3,0,0,0,3,0.0,0.0,0.0,17.7934,120,0.5,2.0,1.0
015_R102,15,R,3,6,OPTIMAL,19.9755,3,0,0,0,3,0.0,0.0,0.0,19.9755,120,0.5,2.0,1.0
015_R102,15,R,3,7,OPTIMAL,5.2161,3,0,0,0,3,0.0,0.0,0.0,5.2161,120,0.5,2.0,1.0
015_R102,15,R,3,8,OPTIMAL,55.4847,3,2,0,2,1,0.6667,55.1893,0.0,0.2954,120,0.5,2.0,1.0
015_R102,15,R,3,9,OPTIMAL,38.0587,3,1,0,1,2,0.3333,32.3627,0.0,5.6959,120,0.5,2.0,1.0
015_R103,15,R,1,0,OPTIMAL,0.0181,1,0,0,0,1,0.0,0.0,0.0,0.0181,120,0.5,2.0,1.0
015_R103,15,R,1,1,OPTIMAL,4.1611,1,0,0,0,1,0.0,0.0,0.0,4.1611,120,0.5,2.0,1.0
015_R103,15,R,1,2,OPTIMAL,0.4609,1,0,0,0,1,0.0,0.0,0.0,0.4609,120,0.5,2.0,1.0
015_R103,15,R,1,3,OPTIMAL,11.6677,1,0,0,0,1,0.0,0.0,0.0,11.6677,120,0.5,2.0,1.0
015_R103,15,R,1,4,OPTIMAL,3.8658,1,0,0,0,1,0.0,0.0,0.0,3.8658,120,0.5,2.0,1.0
015_R103,15,R,1,5,OPTIMAL,17.5761,1,0,0,0,1,0.0,0.0,0.0,17.5761,120,0.5,2.0,1.0
015_R103,15,R,1,6,OPTIMAL,1.4854,1,0,0,0,1,0.0,0.0,0.0,1.4854,120,0.5,2.0,1.0
015_R103,15,R,1,7,OPTIMAL,3.2438,1,0,0,0,1,0.0,0.0,0.0,3.2438,120,0.5,2.0,1.0
015_R103,15,R,1,8,OPTIMAL,0.9196,1,0,0,0,1,0.0,0.0,0.0,0.9196,120,0.5,2.0,1.0
015_R103,15,R,1,9,OPTIMAL,1.7045,1,0,0,0,1,0.0,0.0,0.0,1.7045,120,0.5,2.0,1.0
015_R103,15,R,2,0,OPTIMAL,8.5026,2,0,0,0,2,0.0,0.0,0.0,8.5026,120,0.5,2.0,1.0
015_R103,15,R,2,1,OPTIMAL,1.2725,2,0,0,0,2,0.0,0.0,0.0,1.2725,120,0.5,2.0,1.0
015_R103,15,R,2,2,OPTIMAL,37.839,2,1,0,1,1,0.5,29.806,0.0,8.0329,120,0.5,2.0,1.0
015_R103,15,R,2,3,OPTIMAL,8.5868,2,0,0,0,2,0.0,0.0,0.0,8.5868,120,0.5,2.0,1.0
015_R103,15,R,2,4,OPTIMAL,2.8579,2,0,0,0,2,0.0,0.0,0.0,2.8579,120,0.5,2.0,1.0
015_R103,15,R,2,5,OPTIMAL,27.8471,2,1,0,1,1,0.5,23.0714,0.0,4.7757,120,0.5,2.0,1.0
015_R103,15,R,2,6,OPTIMAL,34.2176,2,1,0,1,1,0.5,33.8968,0.0,0.3208,120,0.5,2.0,1.0
015_R103,15,R,2,7,OPTIMAL,31.5674,2,1,0,1,1,0.5,31.4045,0.0,0.1629,120,0.5,2.0,1.0
015_R103,15,R,2,8,OPTIMAL,15.8435,2,0,0,0,2,0.0,0.0,0.0,15.8435,120,0.5,2.0,1.0
015_R103,15,R,2,9,OPTIMAL,5.2371,2,0,0,0,2,0.0,0.0,0.0,5.2371,120,0.5,2.0,1.0
015_R103,15,R,3,0,OPTIMAL,10.5571,3,0,0,0,3,0.0,0.0,0.0,10.5571,120,0.5,2.0,1.0
015_R103,15,R,3,1,OPTIMAL,9.2145,3,0,0,0,3,0.0,0.0,0.0,9.2145,120,0.5,2.0,1.0
015_R103,15,R,3,2,OPTIMAL,3.3862,3,0,0,0,3,0.0,0.0,0.0,3.3862,120,0.5,2.0,1.0
015_R103,15,R,3,3,OPTIMAL,16.7221,3,0,0,0,3,0.0,0.0,0.0,16.7221,120,0.5,2.0,1.0
015_R103,15,R,3,4,OPTIMAL,11.2984,3,0,0,0,3,0.0,0.0,0.0,11.2984,120,0.5,2.0,1.0
015_R103,15,R,3,5,OPTIMAL,17.7934,3,0,0,0,3,0.0,0.0,0.0,17.7934,120,0.5,2.0,1.0
015_R103,15,R,3,6,OPTIMAL,20.2143,3,0,0,0,3,0.0,0.0,0.0,20.2143,120,0.5,2.0,1.0
015_R103,15,R,3,7,OPTIMAL,5.2161,3,0,0,0,3,0.0,0.0,0.0,5.2161,120,0.5,2.0,1.0
015_R103,15,R,3,8,OPTIMAL,55.4847,3,2,0,2,1,0.6667,55.1893,0.0,0.2954,120,0.5,2.0,1.0
015_R103,15,R,3,9,OPTIMAL,38.0587,3,1,0,1,2,0.3333,32.3627,0.0,5.6959,120,0.5,2.0,1.0
015_R104,15,R,1,0,OPTIMAL,3.0669,1,0,0,0,1,0.0,0.0,0.0,3.0669,120,0.5,2.0,1.0
015_R104,15,R,1,1,OPTIMAL,22.461,1,0,0,0,1,0.0,0.0,0.0,22.461,120,0.5,2.0,1.0
015_R104,15,R,1,2,OPTIMAL,0.4609,1,0,0,0,1,0.0,0.0,0.0,0.4609,120,0.5,2.0,1.0
015_R104,15,R,1,3,OPTIMAL,11.6677,1,0,0,0,1,0.0,0.0,0.0,11.6677,120,0.5,2.0,1.0
015_R104,15,R,1,4,OPTIMAL,1.4732,1,0,0,0,1,0.0,0.0,0.0,1.4732,120,0.5,2.0,1.0
015_R104,15,R,1,5,OPTIMAL,17.5761,1,0,0,0,1,0.0,0.0,0.0,17.5761,120,0.5,2.0,1.0
015_R104,15,R,1,6,OPTIMAL,1.4854,1,0,0,0,1,0.0,0.0,0.0,1.4854,120,0.5,2.0,1.0
015_R104,15,R,1,7,OPTIMAL,3.2438,1,0,0,0,1,0.0,0.0,0.0,3.2438,120,0.5,2.0,1.0
015_R104,15,R,1,8,OPTIMAL,0.9196,1,0,0,0,1,0.0,0.0,0.0,0.9196,120,0.5,2.0,1.0
015_R104,15,R,1,9,OPTIMAL,1.7045,1,0,0,0,1,0.0,0.0,0.0,1.7045,120,0.5,2.0,1.0
015_R104,15,R,2,0,OPTIMAL,8.5026,2,0,0,0,2,0.0,0.0,0.0,8.5026,120,0.5,2.0,1.0
015_R104,15,R,2,1,OPTIMAL,1.2725,2,0,0,0,2,0.0,0.0,0.0,1.2725,120,0.5,2.0,1.0
015_R104,15,R,2,2,OPTIMAL,37.839,2,1,0,1,1,0.5,29.806,0.0,8.0329,120,0.5,2.0,1.0
015_R104,15,R,2,3,OPTIMAL,8.5868,2,0,0,0,2,0.0,0.0,0.0,8.5868,120,0.5,2.0,1.0
015_R104,15,R,2,4,OPTIMAL,3.2968,2,0,0,0,2,0.0,0.0,0.0,3.2968,120,0.5,2.0,1.0
015_R104,15,R,2,5,OPTIMAL,24.7359,2,0,0,0,2,0.0,0.0,0.0,24.7359,120,0.5,2.0,1.0
015_R104,15,R,2,6,OPTIMAL,34.2176,2,1,0,1,1,0.5,33.8968,0.0,0.3208,120,0.5,2.0,1.0
015_R104,15,R,2,7,OPTIMAL,31.5674,2,1,0,1,1,0.5,31.4045,0.0,0.1629,120,0.5,2.0,1.0
015_R104,15,R,2,8,OPTIMAL,15.8435,2,0,0,0,2,0.0,0.0,0.0,15.8435,120,0.5,2.0,1.0
015_R104,15,R,2,9,OPTIMAL,5.2371,2,0,0,0,2,0.0,0.0,0.0,5.2371,120,0.5,2.0,1.0
015_R104,15,R,3,0,OPTIMAL,14.9019,3,0,0,0,3,0.0,0.0,0.0,14.9019,120,0.5,2.0,1.0
015_R104,15,R,3,1,OPTIMAL,9.4584,3,0,0,0,3,0.0,0.0,0.0,9.4584,120,0.5,2.0,1.0
015_R104,15,R,3,2,OPTIMAL,3.3862,3,0,0,0,3,0.0,0.0,0.0,3.3862,120,0.5,2.0,1.0
015_R104,15,R,3,3,OPTIMAL,28.4514,3,1,0,1,2,0.3333,21.4505,0.0,7.0009,120,0.5,2.0,1.0
015_R104,15,R,3,4,OPTIMAL,11.2984,3,0,0,0,3,0.0,0.0,0.0,11.2984,120,0.5,2.0,1.0
015_R104,15,R,3,5,OPTIMAL,17.7934,3,0,0,0,3,0.0,0.0,0.0,17.7934,120,0.5,2.0,1.0
015_R104,15,R,3,6,OPTIMAL,20.2143,3,0,0,0,3,0.0,0.0,0.0,20.2143,120,0.5,2.0,1.0
015_R104,15,R,3,7,OPTIMAL,5.2161,3,0,0,0,3,0.0,0.0,0.0,5.2161,120,0.5,2.0,1.0
015_R104,15,R,3,8,OPTIMAL,53.192,3,1,0,1,2,0.3333,28.2874,0.0,24.9046,120,0.5,2.0,1.0
015_R104,15,R,3,9,OPTIMAL,39.0338,3,1,0,1,2,0.3333,32.3627,0.0,6.6711,120,0.5,2.0,1.0
015_R105,15,R,1,0,OPTIMAL,0.0181,1,0,0,0,1,0.0,0.0,0.0,0.0181,120,0.5,2.0,1.0
015_R105,15,R,1,1,OPTIMAL,4.1611,1,0,0,0,1,0.0,0.0,0.0,4.1611,120,0.5,2.0,1.0
015_R105,15,R,1,2,OPTIMAL,0.2304,1,0,0,0,1,0.0,0.0,0.0,0.2304,120,0.5,2.0,1.0
015_R105,15,R,1,3,OPTIMAL,22.9917,1,1,0,1,0,1.0,22.9917,0.0,0.0,120,0.5,2.0,1.0
015_R105,15,R,1,4,OPTIMAL,0.7366,1,0,0,0,1,0.0,0.0,0.0,0.7366,120,0.5,2.0,1.0
015_R105,15,R,1,5,OPTIMAL,17.5761,1,0,0,0,1,0.0,0.0,0.0,17.5761,120,0.5,2.0,1.0
015_R105,15,R,1,6,OPTIMAL,1.4854,1,0,0,0,1,0.0,0.0,0.0,1.4854,120,0.5,2.0,1.0
015_R105,15,R,1,7,OPTIMAL,3.2438,1,0,0,0,1,0.0,0.0,0.0,3.2438,120,0.5,2.0,1.0
015_R105,15,R,1,8,OPTIMAL,1.8392,1,0,0,0,1,0.0,0.0,0.0,1.8392,120,0.5,2.0,1.0
015_R105,15,R,1,9,OPTIMAL,1.7045,1,0,0,0,1,0.0,0.0,0.0,1.7045,120,0.5,2.0,1.0
015_R105,15,R,2,0,OPTIMAL,8.3953,2,0,0,0,2,0.0,0.0,0.0,8.3953,120,0.5,2.0,1.0
015_R105,15,R,2,1,OPTIMAL,1.2725,2,0,0,0,2,0.0,0.0,0.0,1.2725,120,0.5,2.0,1.0
015_R105,15,R,2,2,OPTIMAL,37.839,2,1,0,1,1,0.5,29.806,0.0,8.0329,120,0.5,2.0,1.0
015_R105,15,R,2,3,OPTIMAL,4.9802,2,0,0,0,2,0.0,0.0,0.0,4.9802,120,0.5,2.0,1.0
015_R105,15,R,2,4,OPTIMAL,2.8579,2,0,0,0,2,0.0,0.0,0.0,2.8579,120,0.5,2.0,1.0
015_R105,15,R,2,5,OPTIMAL,5.1662,2,0,0,0,2,0.0,0.0,0.0,5.1662,120,0.5,2.0,1.0
015_R105,15,R,2,6,OPTIMAL,34.2176,2,1,0,1,1,0.5,33.8968,0.0,0.3208,120,0.5,2.0,1.0
015_R105,15,R,2,7,OPTIMAL,31.5674,2,1,0,1,1,0.5,31.4045,0.0,0.1629,120,0.5,2.0,1.0
015_R105,15,R,2,8,OPTIMAL,15.8435,2,0,0,0,2,0.0,0.0,0.0,15.8435,120,0.5,2.0,1.0
015_R105,15,R,2,9,OPTIMAL,11.0232,2,0,0,0,2,0.0,0.0,0.0,11.0232,120,0.5,2.0,1.0
015_R105,15,R,3,0,OPTIMAL,16.0932,3,0,0,0,3,0.0,0.0,0.0,16.0932,120,0.5,2.0,1.0
015_R105,15,R,3,1,OPTIMAL,4.3805,3,0,0,0,3,0.0,0.0,0.0,4.3805,120,0.5,2.0,1.0
015_R105,15,R,3,2,OPTIMAL,3.2366,3,0,0,0,3,0.0,0.0,0.0,3.2366,120,0.5,2.0,1.0
015_R105,15,R,3,3,OPTIMAL,16.7221,3,0,0,0,3,0.0,0.0,0.0,16.7221,120,0.5,2.0,1.0
015_R105,15,R,3,4,OPTIMAL,11.1368,3,0,0,0,3,0.0,0.0,0.0,11.1368,120,0.5,2.0,1.0
015_R105,15,R,3,5,OPTIMAL,17.616,3,0,0,0,3,0.0,0.0,0.0,17.616,120,0.5,2.0,1.0
015_R105,15,R,3,6,OPTIMAL,20.062,3,0,0,0,3,0.0,0.0,0.0,20.062,120,0.5,2.0,1.0
015_R105,15,R,3,7,OPTIMAL,5.2161,3,0,0,0,3,0.0,0.0,0.0,5.2161,120,0.5,2.0,1.0
015_R105,15,R,3,8,OPTIMAL,36.0356,3,1,0,1,2,0.3333,28.2874,0.0,7.7482,120,0.5,2.0,1.0
015_R105,15,R,3,9,OPTIMAL,33.3849,3,1,0,1,2,0.3333,32.3627,0.0,1.0222,120,0.5,2.0,1.0
015_R106,15,R,1,0,OPTIMAL,0.0181,1,0,0,0,1,0.0,0.0,0.0,0.0181,120,0.5,2.0,1.0
015_R106,15,R,1,1,OPTIMAL,4.1611,1,0,0,0,1,0.0,0.0,0.0,4.1611,120,0.5,2.0,1.0
015_R106,15,R,1,2,OPTIMAL,0.4609,1,0,0,0,1,0.0,0.0,0.0,0.4609,120,0.5,2.0,1.0
015_R106,15,R,1,3,OPTIMAL,22.9917,1,1,0,1,0,1.0,22.9917,0.0,0.0,120,0.5,2.0,1.0
015_R106,15,R,1,4,OPTIMAL,0.7366,1,0,0,0,1,0.0,0.0,0.0,0.7366,120,0.5,2.0,1.0
015_R106,15,R,1,5,OPTIMAL,19.8065,1,1,0,1,0,1.0,19.8065,0.0,0.0,120,0.5,2.0,1.0
015_R106,15,R,1,6,OPTIMAL,1.4854,1,0,0,0,1,0.0,0.0,0.0,1.4854,120,0.5,2.0,1.0
015_R106,15,R,1,7,OPTIMAL,25.4396,1,1,0,1,0,1.0,25.4396,0.0,0.0,120,0.5,2.0,1.0
015_R106,15,R,1,8,OPTIMAL,0.9196,1,0,0,0,1,0.0,0.0,0.0,0.9196,120,0.5,2.0,1.0
015_R106,15,R,1,9,OPTIMAL,1.7045,1,0,0,0,1,0.0,0.0,0.0,1.7045,120,0.5,2.0,1.0
015_R106,15,R,2,0,OPTIMAL,12.1214,2,1,0,1,1,0.5,11.8015,0.0,0.3199,120,0.5,2.0,1.0
015_R106,15,R,2,1,OPTIMAL,1.2725,2,0,0,0,2,0.0,0.0,0.0,1.2725,120,0.5,2.0,1.0
015_R106,15,R,2,2,OPTIMAL,37.839,2,1,0,1,1,0.5,29.806,0.0,8.0329,120,0.5,2.0,1.0
015_R106,15,R,2,3,OPTIMAL,8.5868,2,0,0,0,2,0.0,0.0,0.0,8.5868,120,0.5,2.0,1.0
015_R106,15,R,2,4,OPTIMAL,2.8579,2,0,0,0,2,0.0,0.0,0.0,2.8579,120,0.5,2.0,1.0
015_R106,15,R,2,5,OPTIMAL,24.7359,2,0,0,0,2,0.0,0.0,0.0,24.7359,120,0.5,2.0,1.0
015_R106,15,R,2,6,OPTIMAL,34.2176,2,1,0,1,1,0.5,33.8968,0.0,0.3208,120,0.5,2.0,1.0
015_R106,15,R,2,7,OPTIMAL,31.5674,2,1,0,1,1,0.5,31.4045,0.0,0.1629,120,0.5,2.0,1.0
015_R106,15,R,2,8,OPTIMAL,26.892,2,1,0,1,1,0.5,19.0581,0.0,7.834,120,0.5,2.0,1.0
015_R106,15,R,2,9,OPTIMAL,5.2371,2,0,0,0,2,0.0,0.0,0.0,5.2371,120,0.5,2.0,1.0
015_R106,15,R,3,0,OPTIMAL,10.5571,3,0,0,0,3,0.0,0.0,0.0,10.5571,120,0.5,2.0,1.0
015_R106,15,R,3,1,OPTIMAL,24.5458,3,1,0,1,2,0.3333,20.3251,0.0,4.2207,120,0.5,2.0,1.0
015_R106,15,R,3,2,OPTIMAL,3.3109,3,0,0,0,3,0.0,0.0,0.0,3.3109,120,0.5,2.0,1.0
015_R106,15,R,3,3,OPTIMAL,16.7221,3,0,0,0,3,0.0,0.0,0.0,16.7221,120,0.5,2.0,1.0
015_R106,15,R,3,4,OPTIMAL,11.2984,3,0,0,0,3,0.0,0.0,0.0,11.2984,120,0.5,2.0,1.0
015_R106,15,R,3,5,OPTIMAL,28.4596,3,1,0,1,2,0.3333,14.474,0.0,13.9855,120,0.5,2.0,1.0
015_R106,15,R,3,6,OPTIMAL,20.2143,3,0,0,0,3,0.0,0.0,0.0,20.2143,120,0.5,2.0,1.0
015_R106,15,R,3,7,OPTIMAL,29.0106,3,1,0,1,2,0.3333,23.8669,0.0,5.1437,120,0.5,2.0,1.0
015_R106,15,R,3,8,OPTIMAL,53.192,3,1,0,1,2,0.3333,28.2874,0.0,24.9046,120,0.5,2.0,1.0
015_R106,15,R,3,9,OPTIMAL,53.7707,3,2,0,2,1,0.6667,52.7956,0.0,0.9752,120,0.5,2.0,1.0
015_R107,15,R,1,0,OPTIMAL,0.0181,1,0,0,0,1,0.0,0.0,0.0,0.0181,120,0.5,2.0,1.0
015_R107,15,R,1,1,OPTIMAL,4.1611,1,0,0,0,1,0.0,0.0,0.0,4.1611,120,0.5,2.0,1.0
015_R107,15,R,1,2,OPTIMAL,4.3273,1,0,0,0,1,0.0,0.0,0.0,4.3273,120,0.5,2.0,1.0
015_R107,15,R,1,3,OPTIMAL,22.9917,1,1,0,1,0,1.0,22.9917,0.0,0.0,120,0.5,2.0,1.0
015_R107,15,R,1,4,OPTIMAL,0.7366,1,0,0,0,1,0.0,0.0,0.0,0.7366,120,0.5,2.0,1.0
015_R107,15,R,1,5,OPTIMAL,17.5761,1,0,0,0,1,0.0,0.0,0.0,17.5761,120,0.5,2.0,1.0
015_R107,15,R,1,6,OPTIMAL,1.4854,1,0,0,0,1,0.0,0.0,0.0,1.4854,120,0.5,2.0,1.0
015_R107,15,R,1,7,OPTIMAL,3.2438,1,0,0,0,1,0.0,0.0,0.0,3.2438,120,0.5,2.0,1.0
015_R107,15,R,1,8,OPTIMAL,0.9196,1,0,0,0,1,0.0,0.0,0.0,0.9196,120,0.5,2.0,1.0
015_R107,15,R,1,9,OPTIMAL,1.7045,1,0,0,0,1,0.0,0.0,0.0,1.7045,120,0.5,2.0,1.0
015_R107,15,R,2,0,OPTIMAL,8.5026,2,0,0,0,2,0.0,0.0,0.0,8.5026,120,0.5,2.0,1.0
015_R107,15,R,2,1,OPTIMAL,1.2725,2,0,0,0,2,0.0,0.0,0.0,1.2725,120,0.5,2.0,1.0
015_R107,15,R,2,2,OPTIMAL,43.1207,2,1,0,1,1,0.5,29.806,0.0,13.3147,120,0.5,2.0,1.0
015_R107,15,R,2,3,OPTIMAL,6.6649,2,0,0,0,2,0.0,0.0,0.0,6.6649,120,0.5,2.0,1.0
015_R107,15,R,2,4,OPTIMAL,2.8579,2,0,0,0,2,0.0,0.0,0.0,2.8579,120,0.5,2.0,1.0
015_R107,15,R,2,5,OPTIMAL,5.1662,2,0,0,0,2,0.0,0.0,0.0,5.1662,120,0.5,2.0,1.0
015_R107,15,R,2,6,OPTIMAL,34.2176,2,1,0,1,1,0.5,33.8968,0.0,0.3208,120,0.5,2.0,1.0
015_R107,15,R,2,7,OPTIMAL,31.5674,2,1,0,1,1,0.5,31.4045,0.0,0.1629,120,0.5,2.0,1.0
015_R107,15,R,2,8,OPTIMAL,15.8435,2,0,0,0,2,0.0,0.0,0.0,15.8435,120,0.5,2.0,1.0
015_R107,15,R,2,9,OPTIMAL,5.2371,2,0,0,0,2,0.0,0.0,0.0,5.2371,120,0.5,2.0,1.0
015_R107,15,R,3,0,OPTIMAL,10.5571,3,0,0,0,3,0.0,0.0,0.0,10.5571,120,0.5,2.0,1.0
015_R107,15,R,3,1,OPTIMAL,24.5458,3,1,0,1,2,0.3333,20.3251,0.0,4.2207,120,0.5,2.0,1.0
015_R107,15,R,3,2,OPTIMAL,6.9642,3,0,0,0,3,0.0,0.0,0.0,6.9642,120,0.5,2.0,1.0
015_R107,15,R,3,3,OPTIMAL,20.7449,3,0,0,0,3,0.0,0.0,0.0,20.7449,120,0.5,2.0,1.0
015_R107,15,R,3,4,OPTIMAL,21.9486,3,0,0,0,3,0.0,0.0,0.0,21.9486,120,0.5,2.0,1.0
015_R107,15,R,3,5,OPTIMAL,24.667,3,0,0,0,3,0.0,0.0,0.0,24.667,120,0.5,2.0,1.0
015_R107,15,R,3,6,OPTIMAL,26.8379,3,0,0,0,3,0.0,0.0,0.0,26.8379,120,0.5,2.0,1.0
015_R107,15,R,3,7,OPTIMAL,7.2953,3,0,0,0,3,0.0,0.0,0.0,7.2953,120,0.5,2.0,1.0
015_R107,15,R,3,8,OPTIMAL,33.1772,3,1,0,1,2,0.3333,28.2874,0.0,4.8898,120,0.5,2.0,1.0
015_R107,15,R,3,9,OPTIMAL,52.5907,3,1,0,1,2,0.3333,32.3627,0.0,20.2279,120,0.5,2.0,1.0
015_R108,15,R,1,0,OPTIMAL,3.0669,1,0,0,0,1,0.0,0.0,0.0,3.0669,120,0.5,2.0,1.0
015_R108,15,R,1,1,OPTIMAL,22.461,1,0,0,0,1,0.0,0.0,0.0,22.461,120,0.5,2.0,1.0
015_R108,15,R,1,2,OPTIMAL,4.3273,1,0,0,0,1,0.0,0.0,0.0,4.3273,120,0.5,2.0,1.0
015_R108,15,R,1,3,OPTIMAL,22.9917,1,1,0,1,0,1.0,22.9917,0.0,0.0,120,0.5,2.0,1.0
015_R108,15,R,1,4,OPTIMAL,1.4732,1,0,0,0,1,0.0,0.0,0.0,1.4732,120,0.5,2.0,1.0
015_R108,15,R,1,5,OPTIMAL,17.5761,1,0,0,0,1,0.0,0.0,0.0,17.5761,120,0.5,2.0,1.0
015_R108,15,R,1,6,OPTIMAL,1.4854,1,0,0,0,1,0.0,0.0,0.0,1.4854,120,0.5,2.0,1.0
015_R108,15,R,1,7,OPTIMAL,3.2438,1,0,0,0,1,0.0,0.0,0.0,3.2438,120,0.5,2.0,1.0
015_R108,15,R,1,8,OPTIMAL,0.9196,1,0,0,0,1,0.0,0.0,0.0,0.9196,120,0.5,2.0,1.0
015_R108,15,R,1,9,OPTIMAL,1.7045,1,0,0,0,1,0.0,0.0,0.0,1.7045,120,0.5,2.0,1.0
015_R108,15,R,2,0,OPTIMAL,8.5026,2,0,0,0,2,0.0,0.0,0.0,8.5026,120,0.5,2.0,1.0
015_R108,15,R,2,1,OPTIMAL,1.2725,2,0,0,0,2,0.0,0.0,0.0,1.2725,120,0.5,2.0,1.0
015_R108,15,R,2,2,OPTIMAL,43.1207,2,1,0,1,1,0.5,29.806,0.0,13.3147,120,0.5,2.0,1.0
015_R108,15,R,2,3,OPTIMAL,6.6649,2,0,0,0,2,0.0,0.0,0.0,6.6649,120,0.5,2.0,1.0
015_R108,15,R,2,4,OPTIMAL,3.2968,2,0,0,0,2,0.0,0.0,0.0,3.2968,120,0.5,2.0,1.0
015_R108,15,R,2,5,OPTIMAL,5.1662,2,0,0,0,2,0.0,0.0,0.0,5.1662,120,0.5,2.0,1.0
015_R108,15,R,2,6,OPTIMAL,34.2176,2,1,0,1,1,0.5,33.8968,0.0,0.3208,120,0.5,2.0,1.0
015_R108,15,R,2,7,OPTIMAL,31.5674,2,1,0,1,1,0.5,31.4045,0.0,0.1629,120,0.5,2.0,1.0
015_R108,15,R,2,8,OPTIMAL,15.8435,2,0,0,0,2,0.0,0.0,0.0,15.8435,120,0.5,2.0,1.0
015_R108,15,R,2,9,OPTIMAL,5.2371,2,0,0,0,2,0.0,0.0,0.0,5.2371,120,0.5,2.0,1.0
015_R108,15,R,3,0,OPTIMAL,15.6826,3,1,0,1,2,0.3333,12.9371,0.0,2.7456,120,0.5,2.0,1.0
015_R108,15,R,3,1,OPTIMAL,24.7898,3,1,0,1,2,0.3333,20.3251,0.0,4.4646,120,0.5,2.0,1.0
015_R108,15,R,3,2,OPTIMAL,7.0395,3,0,0,0,3,0.0,0.0,0.0,7.0395,120,0.5,2.0,1.0
015_R108,15,R,3,3,OPTIMAL,32.4741,3,1,0,1,2,0.3333,21.4505,0.0,11.0237,120,0.5,2.0,1.0
015_R108,15,R,3,4,OPTIMAL,21.9486,3,0,0,0,3,0.0,0.0,0.0,21.9486,120,0.5,2.0,1.0
015_R108,15,R,3,5,OPTIMAL,24.667,3,0,0,0,3,0.0,0.0,0.0,24.667,120,0.5,2.0,1.0
015_R108,15,R,3,6,OPTIMAL,26.8379,3,0,0,0,3,0.0,0.0,0.0,26.8379,120,0.5,2.0,1.0
015_R108,15,R,3,7,OPTIMAL,7.2953,3,0,0,0,3,0.0,0.0,0.0,7.2953,120,0.5,2.0,1.0
015_R108,15,R,3,8,OPTIMAL,33.1772,3,1,0,1,2,0.3333,28.2874,0.0,4.8898,120,0.5,2.0,1.0
015_R108,15,R,3,9,OPTIMAL,53.6708,3,1,0,1,2,0.3333,32.3627,0.0,21.3081,120,0.5,2.0,1.0
015_R109,15,R,1,0,OPTIMAL,0.0181,1,0,0,0,1,0.0,0.0,0.0,0.0181,120,0.5,2.0,1.0
015_R109,15,R,1,1,OPTIMAL,4.1611,1,0,0,0,1,0.0,0.0,0.0,4.1611,120,0.5,2.0,1.0
015_R109,15,R,1,2,OPTIMAL,0.4609,1,0,0,0,1,0.0,0.0,0.0,0.4609,120,0.5,2.0,1.0
015_R109,15,R,1,3,OPTIMAL,22.9917,1,1,0,1,0,1.0,22.9917,0.0,0.0,120,0.5,2.0,1.0
015_R109,15,R,1,4,OPTIMAL,0.7366,1,0,0,0,1,0.0,0.0,0.0,0.7366,120,0.5,2.0,1.0
015_R109,15,R,1,5,OPTIMAL,17.5761,1,0,0,0,1,0.0,0.0,0.0,17.5761,120,0.5,2.0,1.0
015_R109,15,R,1,6,OPTIMAL,1.4854,1,0,0,0,1,0.0,0.0,0.0,1.4854,120,0.5,2.0,1.0
015_R109,15,R,1,7,OPTIMAL,3.2438,1,0,0,0,1,0.0,0.0,0.0,3.2438,120,0.5,2.0,1.0
015_R109,15,R,1,8,OPTIMAL,0.9196,1,0,0,0,1,0.0,0.0,0.0,0.9196,120,0.5,2.0,1.0
015_R109,15,R,1,9,OPTIMAL,1.7045,1,0,0,0,1,0.0,0.0,0.0,1.7045,120,0.5,2.0,1.0
015_R109,15,R,2,0,OPTIMAL,8.5026,2,0,0,0,2,0.0,0.0,0.0,8.5026,120,0.5,2.0,1.0
015_R109,15,R,2,1,OPTIMAL,11.9793,2,0,0,0,2,0.0,0.0,0.0,11.9793,120,0.5,2.0,1.0
015_R109,15,R,2,2,OPTIMAL,37.839,2,1,0,1,1,0.5,29.806,0.0,8.0329,120,0.5,2.0,1.0
015_R109,15,R,2,3,OPTIMAL,4.1041,2,0,0,0,2,0.0,0.0,0.0,4.1041,120,0.5,2.0,1.0
015_R109,15,R,2,4,OPTIMAL,17.4605,2,0,0,0,2,0.0,0.0,0.0,17.4605,120,0.5,2.0,1.0
015_R109,15,R,2,5,OPTIMAL,5.1662,2,0,0,0,2,0.0,0.0,0.0,5.1662,120,0.5,2.0,1.0
015_R109,15,R,2,6,OPTIMAL,34.5449,2,1,0,1,1,0.5,33.8968,0.0,0.6481,120,0.5,2.0,1.0
015_R109,15,R,2,7,OPTIMAL,31.5674,2,1,0,1,1,0.5,31.4045,0.0,0.1629,120,0.5,2.0,1.0
015_R109,15,R,2,8,OPTIMAL,15.8435,2,0,0,0,2,0.0,0.0,0.0,15.8435,120,0.5,2.0,1.0
015_R109,15,R,2,9,OPTIMAL,29.6605,2,1,0,1,1,0.5,28.2764,0.0,1.3841,120,0.5,2.0,1.0
015_R109,15,R,3,0,OPTIMAL,18.0557,3,0,0,0,3,0.0,0.0,0.0,18.0557,120,0.5,2.0,1.0
015_R109,15,R,3,1,OPTIMAL,4.3805,3,0,0,0,3,0.0,0.0,0.0,4.3805,120,0.5,2.0,1.0
015_R109,15,R,3,2,OPTIMAL,3.3109,3,0,0,0,3,0.0,0.0,0.0,3.3109,120,0.5,2.0,1.0
015_R109,15,R,3,3,OPTIMAL,16.6653,3,0,0,0,3,0.0,0.0,0.0,16.6653,120,0.5,2.0,1.0
015_R109,15,R,3,4,OPTIMAL,9.3914,3,0,0,0,3,0.0,0.0,0.0,9.3914,120,0.5,2.0,1.0
015_R109,15,R,3,5,OPTIMAL,15.5243,3,0,0,0,3,0.0,0.0,0.0,15.5243,120,0.5,2.0,1.0
015_R109,15,R,3,6,OPTIMAL,17.3658,3,0,0,0,3,0.0,0.0,0.0,17.3658,120,0.5,2.0,1.0
015_R109,15,R,3,7,OPTIMAL,5.2161,3,0,0,0,3,0.0,0.0,0.0,5.2161,120,0.5,2.0,1.0
015_R109,15,R,3,8,OPTIMAL,36.0356,3,1,0,1,2,0.3333,28.2874,0.0,7.7482,120,0.5,2.0,1.0
015_R109,15,R,3,9,OPTIMAL,33.6068,3,1,0,1,2,0.3333,32.3627,0.0,1.244,120,0.5,2.0,1.0
015_R110,15,R,1,0,OPTIMAL,17.8286,1,0,0,0,1,0.0,0.0,0.0,17.8286,120,0.5,2.0,1.0
015_R110,15,R,1,1,OPTIMAL,27.0369,1,1,0,1,0,1.0,27.0369,0.0,0.0,120,0.5,2.0,1.0
015_R110,15,R,1,2,OPTIMAL,0.4609,1,0,0,0,1,0.0,0.0,0.0,0.4609,120,0.5,2.0,1.0
015_R110,15,R,1,3,OPTIMAL,22.9917,1,1,0,1,0,1.0,22.9917,0.0,0.0,120,0.5,2.0,1.0
015_R110,15,R,1,4,OPTIMAL,15.3431,1,0,0,0,1,0.0,0.0,0.0,15.3431,120,0.5,2.0,1.0
015_R110,15,R,1,5,OPTIMAL,19.8065,1,1,0,1,0,1.0,19.8065,0.0,0.0,120,0.5,2.0,1.0
015_R110,15,R,1,6,OPTIMAL,0.504,1,0,0,0,1,0.0,0.0,0.0,0.504,120,0.5,2.0,1.0
015_R110,15,R,1,7,OPTIMAL,25.4396,1,1,0,1,0,1.0,25.4396,0.0,0.0,120,0.5,2.0,1.0
015_R110,15,R,1,8,OPTIMAL,4.049,1,0,0,0,1,0.0,0.0,0.0,4.049,120,0.5,2.0,1.0
015_R110,15,R,1,9,OPTIMAL,3.4091,1,0,0,0,1,0.0,0.0,0.0,3.4091,120,0.5,2.0,1.0
015_R110,15,R,2,0,OPTIMAL,38.2645,2,1,0,1,1,0.5,11.8015,0.0,26.463,120,0.5,2.0,1.0
015_R110,15,R,2,1,OPTIMAL,14.1379,2,0,0,0,2,0.0,0.0,0.0,14.1379,120,0.5,2.0,1.0
015_R110,15,R,2,2,OPTIMAL,45.8719,2,1,0,1,1,0.5,29.806,0.0,16.0659,120,0.5,2.0,1.0
015_R110,15,R,2,3,OPTIMAL,9.8339,2,0,0,0,2,0.0,0.0,0.0,9.8339,120,0.5,2.0,1.0
015_R110,15,R,2,4,OPTIMAL,33.4369,2,0,0,0,2,0.0,0.0,0.0,33.4369,120,0.5,2.0,1.0
015_R110,15,R,2,5,OPTIMAL,5.1662,2,0,0,0,2,0.0,0.0,0.0,5.1662,120,0.5,2.0,1.0
015_R110,15,R,2,6,OPTIMAL,34.5449,2,1,0,1,1,0.5,33.8968,0.0,0.6481,120,0.5,2.0,1.0
015_R110,15,R,2,7,OPTIMAL,31.5674,2,1,0,1,1,0.5,31.4045,0.0,0.1629,120,0.5,2.0,1.0
015_R110,15,R,2,8,OPTIMAL,22.3988,2,1,0,1,1,0.5,19.0581,0.0,3.3407,120,0.5,2.0,1.0
015_R110,15,R,2,9,OPTIMAL,25.9456,2,0,0,0,2,0.0,0.0,0.0,25.9456,120,0.5,2.0,1.0
015_R110,15,R,3,0,OPTIMAL,23.2164,3,0,0,0,3,0.0,0.0,0.0,23.2164,120,0.5,2.0,1.0
015_R110,15,R,3,1,OPTIMAL,19.1013,3,0,0,0,3,0.0,0.0,0.0,19.1013,120,0.5,2.0,1.0
015_R110,15,R,3,2,OPTIMAL,4.0736,3,0,0,0,3,0.0,0.0,0.0,4.0736,120,0.5,2.0,1.0
015_R110,15,R,3,3,OPTIMAL,38.5652,3,1,0,1,2,0.3333,21.4505,0.0,17.1148,120,0.5,2.0,1.0
015_R110,15,R,3,4,OPTIMAL,16.4826,3,0,0,0,3,0.0,0.0,0.0,16.4826,120,0.5,2.0,1.0
015_R110,15,R,3,5,OPTIMAL,27.46,3,1,0,1,2,0.3333,20.1551,0.0,7.3049,120,0.5,2.0,1.0
015_R110,15,R,3,6,OPTIMAL,32.056,3,1,0,1,2,0.3333,22.053,0.0,10.003,120,0.5,2.0,1.0
015_R110,15,R,3,7,OPTIMAL,7.5935,3,0,0,0,3,0.0,0.0,0.0,7.5935,120,0.5,2.0,1.0
015_R110,15,R,3,8,OPTIMAL,36.0356,3,1,0,1,2,0.3333,28.2874,0.0,7.7482,120,0.5,2.0,1.0
015_R110,15,R,3,9,OPTIMAL,33.3849,3,1,0,1,2,0.3333,32.3627,0.0,1.0222,120,0.5,2.0,1.0
015_R111,15,R,1,0,OPTIMAL,0.0181,1,0,0,0,1,0.0,0.0,0.0,0.0181,120,0.5,2.0,1.0
015_R111,15,R,1,1,OPTIMAL,4.9976,1,0,0,0,1,0.0,0.0,0.0,4.9976,120,0.5,2.0,1.0
015_R111,15,R,1,2,OPTIMAL,3.5438,1,0,0,0,1,0.0,0.0,0.0,3.5438,120,0.5,2.0,1.0
015_R111,15,R,1,3,OPTIMAL,11.6677,1,0,0,0,1,0.0,0.0,0.0,11.6677,120,0.5,2.0,1.0
015_R111,15,R,1,4,OPTIMAL,0.7366,1,0,0,0,1,0.0,0.0,0.0,0.7366,120,0.5,2.0,1.0
015_R111,15,R,1,5,OPTIMAL,17.5761,1,0,0,0,1,0.0,0.0,0.0,17.5761,120,0.5,2.0,1.0
015_R111,15,R,1,6,OPTIMAL,1.4854,1,0,0,0,1,0.0,0.0,0.0,1.4854,120,0.5,2.0,1.0
015_R111,15,R,1,7,OPTIMAL,3.2438,1,0,0,0,1,0.0,0.0,0.0,3.2438,120,0.5,2.0,1.0
015_R111,15,R,1,8,OPTIMAL,0.9196,1,0,0,0,1,0.0,0.0,0.0,0.9196,120,0.5,2.0,1.0
015_R111,15,R,1,9,OPTIMAL,1.7045,1,0,0,0,1,0.0,0.0,0.0,1.7045,120,0.5,2.0,1.0
015_R111,15,R,2,0,OPTIMAL,8.5026,2,0,0,0,2,0.0,0.0,0.0,8.5026,120,0.5,2.0,1.0
015_R111,15,R,2,1,OPTIMAL,1.2725,2,0,0,0,2,0.0,0.0,0.0,1.2725,120,0.5,2.0,1.0
015_R111,15,R,2,2,OPTIMAL,37.839,2,1,0,1,1,0.5,29.806,0.0,8.0329,120,0.5,2.0,1.0
015_R111,15,R,2,3,OPTIMAL,6.5484,2,0,0,0,2,0.0,0.0,0.0,6.5484,120,0.5,2.0,1.0
015_R111,15,R,2,4,OPTIMAL,2.8579,2,0,0,0,2,0.0,0.0,0.0,2.8579,120,0.5,2.0,1.0
015_R111,15,R,2,5,OPTIMAL,5.1662,2,0,0,0,2,0.0,0.0,0.0,5.1662,120,0.5,2.0,1.0
015_R111,15,R,2,6,OPTIMAL,34.2176,2,1,0,1,1,0.5,33.8968,0.0,0.3208,120,0.5,2.0,1.0
015_R111,15,R,2,7,OPTIMAL,31.5674,2,1,0,1,1,0.5,31.4045,0.0,0.1629,120,0.5,2.0,1.0
015_R111,15,R,2,8,OPTIMAL,15.8435,2,0,0,0,2,0.0,0.0,0.0,15.8435,120,0.5,2.0,1.0
015_R111,15,R,2,9,OPTIMAL,5.2371,2,0,0,0,2,0.0,0.0,0.0,5.2371,120,0.5,2.0,1.0
015_R111,15,R,3,0,OPTIMAL,7.0792,3,0,0,0,3,0.0,0.0,0.0,7.0792,120,0.5,2.0,1.0
015_R111,15,R,3,1,OPTIMAL,4.3805,3,0,0,0,3,0.0,0.0,0.0,4.3805,120,0.5,2.0,1.0
015_R111,15,R,3,2,OPTIMAL,3.3109,3,0,0,0,3,0.0,0.0,0.0,3.3109,120,0.5,2.0,1.0
015_R111,15,R,3,3,OPTIMAL,23.1187,3,0,0,0,3,0.0,0.0,0.0,23.1187,120,0.5,2.0,1.0
015_R111,15,R,3,4,OPTIMAL,11.2984,3,0,0,0,3,0.0,0.0,0.0,11.2984,120,0.5,2.0,1.0
015_R111,15,R,3,5,OPTIMAL,17.7934,3,0,0,0,3,0.0,0.0,0.0,17.7934,120,0.5,2.0,1.0
015_R111,15,R,3,6,OPTIMAL,19.1919,3,0,0,0,3,0.0,0.0,0.0,19.1919,120,0.5,2.0,1.0
015_R111,15,R,3,7,OPTIMAL,5.2161,3,0,0,0,3,0.0,0.0,0.0,5.2161,120,0.5,2.0,1.0
015_R111,15,R,3,8,OPTIMAL,38.4058,3,1,0,1,2,0.3333,28.2874,0.0,10.1184,120,0.5,2.0,1.0
015_R111,15,R,3,9,OPTIMAL,52.5907,3,1,0,1,2,0.3333,32.3627,0.0,20.2279,120,0.5,2.0,1.0
015_R112,15,R,1,0,OPTIMAL,0.0181,1,0,0,0,1,0.0,0.0,0.0,0.0181,120,0.5,2.0,1.0
015_R112,15,R,1,1,OPTIMAL,4.1611,1,0,0,0,1,0.0,0.0,0.0,4.1611,120,0.5,2.0,1.0
015_R112,15,R,1,2,OPTIMAL,4.3273,1,0,0,0,1,0.0,0.0,0.0,4.3273,120,0.5,2.0,1.0
015_R112,15,R,1,3,OPTIMAL,22.9917,1,1,0,1,0,1.0,22.9917,0.0,0.0,120,0.5,2.0,1.0
015_R112,15,R,1,4,OPTIMAL,0.7366,1,0,0,0,1,0.0,0.0,0.0,0.7366,120,0.5,2.0,1.0
015_R112,15,R,1,5,OPTIMAL,19.8065,1,1,0,1,0,1.0,19.8065,0.0,0.0,120,0.5,2.0,1.0
015_R112,15,R,1,6,OPTIMAL,0.504,1,0,0,0,1,0.0,0.0,0.0,0.504,120,0.5,2.0,1.0
015_R112,15,R,1,7,OPTIMAL,25.4396,1,1,1,0,0,1.0,25.4396,0.0,0.0,120,0.5,2.0,1.0
015_R112,15,R,1,8,OPTIMAL,4.629,1,0,0,0,1,0.0,0.0,0.0,4.629,120,0.5,2.0,1.0
015_R112,15,R,1,9,OPTIMAL,1.7045,1,0,0,0,1,0.0,0.0,0.0,1.7045,120,0.5,2.0,1.0
015_R112,15,R,2,0,OPTIMAL,30.7891,2,1,1,0,1,0.5,11.8015,0.0,18.9876,120,0.5,2.0,1.0
015_R112,15,R,2,1,OPTIMAL,11.9793,2,0,0,0,2,0.0,0.0,0.0,11.9793,120,0.5,2.0,1.0
015_R112,15,R,2,2,OPTIMAL,37.839,2,1,0,1,1,0.5,29.806,0.0,8.0329,120,0.5,2.0,1.0
015_R112,15,R,2,3,OPTIMAL,12.3485,2,0,0,0,2,0.0,0.0,0.0,12.3485,120,0.5,2.0,1.0
015_R112,15,R,2,4,OPTIMAL,17.4605,2,0,0,0,2,0.0,0.0,0.0,17.4605,120,0.5,2.0,1.0
015_R112,15,R,2,5,OPTIMAL,8.2197,2,0,0,0,2,0.0,0.0,0.0,8.2197,120,0.5,2.0,1.0
015_R112,15,R,2,6,OPTIMAL,39.658,2,1,1,0,1,0.5,33.8968,0.0,5.7613,120,0.5,2.0,1.0
015_R112,15,R,2,7,OPTIMAL,31.4052,2,1,0,1,1,0.5,31.4045,0.0,0.0007,120,0.5,2.0,1.0
015_R112,15,R,2,8,OPTIMAL,22.3988,2,1,1,0,1,0.5,19.0581,0.0,3.3407,120,0.5,2.0,1.0
015_R112,15,R,2,9,OPTIMAL,10.6117,2,0,0,0,2,0.0,0.0,0.0,10.6117,120,0.5,2.0,1.0
015_R112,15,R,3,0,OPTIMAL,18.4758,3,0,0,0,3,0.0,0.0,0.0,18.4758,120,0.5,2.0,1.0
015_R112,15,R,3,1,OPTIMAL,10.009,3,0,0,0,3,0.0,0.0,0.0,10.009,120,0.5,2.0,1.0
015_R112,15,R,3,2,OPTIMAL,3.027,3,0,0,0,3,0.0,0.0,0.0,3.027,120,0.5,2.0,1.0
015_R112,15,R,3,3,OPTIMAL,39.7893,3,2,1,1,1,0.6667,39.6191,0.0,0.1702,120,0.5,2.0,1.0
015_R112,15,R,3,4,OPTIMAL,11.46,3,0,0,0,3,0.0,0.0,0.0,11.46,120,0.5,2.0,1.0
015_R112,15,R,3,5,OPTIMAL,39.4477,3,2,1,1,1,0.6667,34.6291,0.0,4.8186,120,0.5,2.0,1.0
015_R112,15,R,3,6,OPTIMAL,22.7357,3,0,0,0,3,0.0,0.0,0.0,22.7357,120,0.5,2.0,1.0
015_R112,15,R,3,7,OPTIMAL,5.5294,3,0,0,0,3,0.0,0.0,0.0,5.5294,120,0.5,2.0,1.0
015_R112,15,R,3,8,OPTIMAL,39.1893,3,1,1,0,2,0.3333,28.2874,0.0,10.902,120,0.5,2.0,1.0
015_R112,15,R,3,9,OPTIMAL,53.7707,3,2,1,1,1,0.6667,52.7956,0.0,0.9752,120,0.5,2.0,1.0
015_R201,15,R,1,0,OPTIMAL,24.9516,1,0,0,0,1,0.0,0.0,0.0,24.9516,120,0.5,2.0,1.0
015_R201,15,R,1,1,OPTIMAL,27.0369,1,1,1,0,0,1.0,27.0369,0.0,0.0,120,0.5,2.0,1.0
015_R201,15,R,1,2,OPTIMAL,0.2304,1,0,0,0,1,0.0,0.0,0.0,0.2304,120,0.5,2.0,1.0
015_R201,15,R,1,3,OPTIMAL,22.9917,1,1,0,1,0,1.0,22.9917,0.0,0.0,120,0.5,2.0,1.0
015_R201,15,R,1,4,OPTIMAL,3.8658,1,0,0,0,1,0.0,0.0,0.0,3.8658,120,0.5,2.0,1.0
015_R201,15,R,1,5,OPTIMAL,19.8065,1,1,1,0,0,1.0,19.8065,0.0,0.0,120,0.5,2.0,1.0
015_R201,15,R,1,6,OPTIMAL,13.9006,1,1,0,1,0,1.0,13.9006,0.0,0.0,120,0.5,2.0,1.0
015_R201,15,R,1,7,OPTIMAL,25.4396,1,1,1,0,0,1.0,25.4396,0.0,0.0,120,0.5,2.0,1.0
015_R201,15,R,1,8,OPTIMAL,33.1669,1,1,0,1,0,1.0,33.1669,0.0,0.0,120,0.5,2.0,1.0
015_R201,15,R,1,9,OPTIMAL,26.4923,1,1,0,1,0,1.0,26.4923,0.0,0.0,120,0.5,2.0,1.0
015_R201,15,R,2,0,OPTIMAL,39.1896,2,1,1,0,1,0.5,11.8015,0.0,27.3881,120,0.5,2.0,1.0
015_R201,15,R,2,1,OPTIMAL,16.6308,2,1,0,1,1,0.5,15.4561,0.0,1.1746,120,0.5,2.0,1.0
015_R201,15,R,2,2,OPTIMAL,37.839,2,1,1,0,1,0.5,29.806,0.0,8.0329,120,0.5,2.0,1.0
015_R201,15,R,2,3,OPTIMAL,34.7679,2,1,1,0,1,0.5,31.5399,0.0,3.2279,120,0.5,2.0,1.0
015_R201,15,R,2,4,OPTIMAL,38.2562,2,1,0,1,1,0.5,20.5467,0.0,17.7095,120,0.5,2.0,1.0
015_R201,15,R,2,5,OPTIMAL,57.4196,2,2,0,2,0,1.0,57.4196,0.0,0.0,120,0.5,2.0,1.0
015_R201,15,R,2,6,OPTIMAL,47.6465,2,2,1,1,0,1.0,47.6465,0.0,0.0,120,0.5,2.0,1.0
015_R201,15,R,2,7,OPTIMAL,62.9128,2,2,2,0,0,1.0,62.9128,0.0,0.0,120,0.5,2.0,1.0
015_R201,15,R,2,8,OPTIMAL,31.7128,2,2,1,1,0,1.0,31.7128,0.0,0.0,120,0.5,2.0,1.0
015_R201,15,R,2,9,OPTIMAL,62.3175,2,2,2,0,0,1.0,62.3175,0.0,0.0,120,0.5,2.0,1.0
015_R201,15,R,3,0,OPTIMAL,25.2389,3,1,0,1,2,0.3333,17.2173,0.0,8.0215,120,0.5,2.0,1.0
015_R201,15,R,3,1,OPTIMAL,57.6657,3,2,1,1,1,0.6667,57.5058,0.0,0.1598,120,0.5,2.0,1.0
015_R201,15,R,3,2,OPTIMAL,43.2458,3,2,0,2,1,0.6667,38.3173,0.0,4.9285,120,0.5,2.0,1.0
015_R201,15,R,3,3,OPTIMAL,48.0704,3,3,1,2,0,1.0,48.0704,0.0,0.0,120,0.5,2.0,1.0
015_R201,15,R,3,4,OPTIMAL,52.3522,3,3,2,1,0,1.0,52.3522,0.0,0.0,120,0.5,2.0,1.0
015_R201,15,R,3,5,OPTIMAL,55.6427,3,3,1,2,0,1.0,55.6427,0.0,0.0,120,0.5,2.0,1.0
015_R201,15,R,3,6,OPTIMAL,45.8868,3,1,0,1,2,0.3333,22.053,0.0,23.8338,120,0.5,2.0,1.0
015_R201,15,R,3,7,OPTIMAL,52.8078,3,2,1,1,1,0.6667,52.4945,0.0,0.3133,120,0.5,2.0,1.0
015_R201,15,R,3,8,OPTIMAL,72.2882,3,3,1,2,0,1.0,72.2882,0.0,0.0,120,0.5,2.0,1.0
015_R201,15,R,3,9,OPTIMAL,72.9966,3,2,2,0,1,0.6667,52.7956,0.0,20.2011,120,0.5,2.0,1.0
015_R202,15,R,1,0,OPTIMAL,25.0521,1,1,0,1,0,1.0,25.0521,0.0,0.0,120,0.5,2.0,1.0
015_R202,15,R,1,1,OPTIMAL,27.0369,1,1,1,0,0,1.0,27.0369,0.0,0.0,120,0.5,2.0,1.0
015_R202,15,R,1,2,OPTIMAL,13.0729,1,1,0,1,0,1.0,13.0729,0.0,0.0,120,0.5,2.0,1.0
015_R202,15,R,1,3,OPTIMAL,22.9917,1,1,0,1,0,1.0,22.9917,0.0,0.0,120,0.5,2.0,1.0
015_R202,15,R,1,4,OPTIMAL,3.8658,1,0,0,0,1,0.0,0.0,0.0,3.8658,120,0.5,2.0,1.0
015_R202,15,R,1,5,OPTIMAL,19.8065,1,1,0,1,0,1.0,19.8065,0.0,0.0,120,0.5,2.0,1.0
015_R202,15,R,1,6,OPTIMAL,13.9006,1,1,1,0,0,1.0,13.9006,0.0,0.0,120,0.5,2.0,1.0
015_R202,15,R,1,7,OPTIMAL,25.4396,1,1,1,0,0,1.0,25.4396,0.0,0.0,120,0.5,2.0,1.0
015_R202,15,R,1,8,OPTIMAL,33.1669,1,1,0,1,0,1.0,33.1669,0.0,0.0,120,0.5,2.0,1.0
015_R202,15,R,1,9,OPTIMAL,26.4923,1,1,1,0,0,1.0,26.4923,0.0,0.0,120,0.5,2.0,1.0
015_R202,15,R,2,0,OPTIMAL,45.0169,2,2,2,0,0,1.0,45.0169,0.0,0.0,120,0.5,2.0,1.0
015_R202,15,R,2,1,OPTIMAL,40.5613,2,2,1,1,0,1.0,40.5613,0.0,0.0,120,0.5,2.0,1.0
015_R202,15,R,2,2,OPTIMAL,52.0376,2,2,1,1,0,1.0,52.0376,0.0,0.0,120,0.5,2.0,1.0
015_R202,15,R,2,3,OPTIMAL,46.0061,2,2,2,0,0,1.0,46.0061,0.0,0.0,120,0.5,2.0,1.0
015_R202,15,R,2,4,OPTIMAL,46.3322,2,2,1,1,0,1.0,46.3322,0.0,0.0,120,0.5,2.0,1.0
015_R202,15,R,2,5,OPTIMAL,57.4196,2,2,0,2,0,1.0,57.4196,0.0,0.0,120,0.5,2.0,1.0
015_R202,15,R,2,6,OPTIMAL,47.6465,2,2,1,1,0,1.0,47.6465,0.0,0.0,120,0.5,2.0,1.0
015_R202,15,R,2,7,OPTIMAL,62.9128,2,2,2,0,0,1.0,62.9128,0.0,0.0,120,0.5,2.0,1.0
015_R202,15,R,2,8,OPTIMAL,31.7128,2,2,1,1,0,1.0,31.7128,0.0,0.0,120,0.5,2.0,1.0
015_R202,15,R,2,9,OPTIMAL,62.3175,2,2,2,0,0,1.0,62.3175,0.0,0.0,120,0.5,2.0,1.0
015_R202,15,R,3,0,OPTIMAL,49.2488,3,3,2,1,0,1.0,49.2488,0.0,0.0,120,0.5,2.0,1.0
015_R202,15,R,3,1,OPTIMAL,77.831,3,3,3,0,0,1.0,77.831,0.0,0.0,120,0.5,2.0,1.0
015_R202,15,R,3,2,OPTIMAL,43.2458,3,2,1,1,1,0.6667,38.3173,0.0,4.9285,120,0.5,2.0,1.0
015_R202,15,R,3,3,OPTIMAL,48.0704,3,3,2,1,0,1.0,48.0704,0.0,0.0,120,0.5,2.0,1.0
015_R202,15,R,3,4,OPTIMAL,46.1576,3,2,2,0,1,0.6667,38.8729,0.0,7.2846,120,0.5,2.0,1.0
015_R202,15,R,3,5,OPTIMAL,55.6427,3,3,1,2,0,1.0,55.6427,0.0,0.0,120,0.5,2.0,1.0
015_R202,15,R,3,6,OPTIMAL,48.3354,3,2,1,1,1,0.6667,45.6392,0.0,2.6962,120,0.5,2.0,1.0
015_R202,15,R,3,7,OPTIMAL,52.8078,3,2,1,1,1,0.6667,52.4945,0.0,0.3133,120,0.5,2.0,1.0
015_R202,15,R,3,8,OPTIMAL,72.2882,3,3,2,1,0,1.0,72.2882,0.0,0.0,120,0.5,2.0,1.0
015_R202,15,R,3,9,OPTIMAL,72.9966,3,2,2,0,1,0.6667,52.7956,0.0,20.2011,120,0.5,2.0,1.0
015_R203,15,R,1,0,OPTIMAL,17.8286,1,0,0,0,1,0.0,0.0,0.0,17.8286,120,0.5,2.0,1.0
015_R203,15,R,1,1,OPTIMAL,27.0369,1,1,1,0,0,1.0,27.0369,0.0,0.0,120,0.5,2.0,1.0
015_R203,15,R,1,2,OPTIMAL,13.0729,1,1,0,1,0,1.0,13.0729,0.0,0.0,120,0.5,2.0,1.0
015_R203,15,R,1,3,OPTIMAL,22.9917,1,1,0,1,0,1.0,22.9917,0.0,0.0,120,0.5,2.0,1.0
015_R203,15,R,1,4,OPTIMAL,3.8658,1,0,0,0,1,0.0,0.0,0.0,3.8658,120,0.5,2.0,1.0
015_R203,15,R,1,5,OPTIMAL,19.8065,1,1,0,1,0,1.0,19.8065,0.0,0.0,120,0.5,2.0,1.0
015_R203,15,R,1,6,OPTIMAL,13.9006,1,1,1,0,0,1.0,13.9006,0.0,0.0,120,0.5,2.0,1.0
015_R203,15,R,1,7,OPTIMAL,25.4396,1,1,1,0,0,1.0,25.4396,0.0,0.0,120,0.5,2.0,1.0
015_R203,15,R,1,8,OPTIMAL,33.1669,1,1,0,1,0,1.0,33.1669,0.0,0.0,120,0.5,2.0,1.0
015_R203,15,R,1,9,OPTIMAL,26.4923,1,1,1,0,0,1.0,26.4923,0.0,0.0,120,0.5,2.0,1.0
015_R203,15,R,2,0,OPTIMAL,45.0169,2,2,2,0,0,1.0,45.0169,0.0,0.0,120,0.5,2.0,1.0
015_R203,15,R,2,1,OPTIMAL,40.5613,2,2,1,1,0,1.0,40.5613,0.0,0.0,120,0.5,2.0,1.0
015_R203,15,R,2,2,OPTIMAL,52.0376,2,2,1,1,0,1.0,52.0376,0.0,0.0,120,0.5,2.0,1.0
015_R203,15,R,2,3,OPTIMAL,46.0061,2,2,2,0,0,1.0,46.0061,0.0,0.0,120,0.5,2.0,1.0
015_R203,15,R,2,4,OPTIMAL,46.3322,2,2,1,1,0,1.0,46.3322,0.0,0.0,120,0.5,2.0,1.0
015_R203,15,R,2,5,OPTIMAL,57.4196,2,2,0,2,0,1.0,57.4196,0.0,0.0,120,0.5,2.0,1.0
015_R203,15,R,2,6,OPTIMAL,47.6465,2,2,1,1,0,1.0,47.6465,0.0,0.0,120,0.5,2.0,1.0
015_R203,15,R,2,7,OPTIMAL,62.9128,2,2,2,0,0,1.0,62.9128,0.0,0.0,120,0.5,2.0,1.0
015_R203,15,R,2,8,OPTIMAL,31.7128,2,2,1,1,0,1.0,31.7128,0.0,0.0,120,0.5,2.0,1.0
015_R203,15,R,2,9,OPTIMAL,62.3175,2,2,2,0,0,1.0,62.3175,0.0,0.0,120,0.5,2.0,1.0
015_R203,15,R,3,0,OPTIMAL,44.1232,3,2,2,0,1,0.6667,36.3117,0.0,7.8115,120,0.5,2.0,1.0
015_R203,15,R,3,1,OPTIMAL,77.831,3,3,3,0,0,1.0,77.831,0.0,0.0,120,0.5,2.0,1.0
015_R203,15,R,3,2,OPTIMAL,43.2458,3,2,1,1,1,0.6667,38.3173,0.0,4.9285,120,0.5,2.0,1.0
015_R203,15,R,3,3,OPTIMAL,48.0704,3,3,2,1,0,1.0,48.0704,0.0,0.0,120,0.5,2.0,1.0
015_R203,15,R,3,4,OPTIMAL,46.1576,3,2,2,0,1,0.6667,38.8729,0.0,7.2846,120,0.5,2.0,1.0
015_R203,15,R,3,5,OPTIMAL,55.6427,3,3,1,2,0,1.0,55.6427,0.0,0.0,120,0.5,2.0,1.0
015_R203,15,R,3,6,OPTIMAL,48.3354,3,2,1,1,1,0.6667,45.6392,0.0,2.6962,120,0.5,2.0,1.0
015_R203,15,R,3,7,OPTIMAL,52.8078,3,2,1,1,1,0.6667,52.4945,0.0,0.3133,120,0.5,2.0,1.0
015_R203,15,R,3,8,OPTIMAL,72.2882,3,3,2,1,0,1.0,72.2882,0.0,0.0,120,0.5,2.0,1.0
015_R203,15,R,3,9,OPTIMAL,72.9966,3,2,2,0,1,0.6667,52.7956,0.0,20.2011,120,0.5,2.0,1.0
015_R204,15,R,1,0,OPTIMAL,17.8286,1,0,0,0,1,0.0,0.0,0.0,17.8286,120,0.5,2.0,1.0
015_R204,15,R,1,1,OPTIMAL,27.0369,1,1,1,0,0,1.0,27.0369,0.0,0.0,120,0.5,2.0,1.0
015_R204,15,R,1,2,OPTIMAL,13.0729,1,1,0,1,0,1.0,13.0729,0.0,0.0,120,0.5,2.0,1.0
015_R204,15,R,1,3,OPTIMAL,22.9917,1,1,0,1,0,1.0,22.9917,0.0,0.0,120,0.5,2.0,1.0
015_R204,15,R,1,4,OPTIMAL,3.8658,1,0,0,0,1,0.0,0.0,0.0,3.8658,120,0.5,2.0,1.0
015_R204,15,R,1,5,OPTIMAL,19.8065,1,1,0,1,0,1.0,19.8065,0.0,0.0,120,0.5,2.0,1.0
015_R204,15,R,1,6,OPTIMAL,13.9006,1,1,1,0,0,1.0,13.9006,0.0,0.0,120,0.5,2.0,1.0
015_R204,15,R,1,7,OPTIMAL,25.4396,1,1,1,0,0,1.0,25.4396,0.0,0.0,120,0.5,2.0,1.0
015_R204,15,R,1,8,OPTIMAL,33.1669,1,1,0,1,0,1.0,33.1669,0.0,0.0,120,0.5,2.0,1.0
015_R204,15,R,1,9,OPTIMAL,26.4923,1,1,1,0,0,1.0,26.4923,0.0,0.0,120,0.5,2.0,1.0
015_R204,15,R,2,0,OPTIMAL,45.0169,2,2,2,0,0,1.0,45.0169,0.0,0.0,120,0.5,2.0,1.0
015_R204,15,R,2,1,OPTIMAL,16.6308,2,1,1,0,1,0.5,15.4561,0.0,1.1746,120,0.5,2.0,1.0
015_R204,15,R,2,2,OPTIMAL,37.839,2,1,1,0,1,0.5,29.806,0.0,8.0329,120,0.5,2.0,1.0
015_R204,15,R,2,3,OPTIMAL,46.0061,2,2,2,0,0,1.0,46.0061,0.0,0.0,120,0.5,2.0,1.0
015_R204,15,R,2,4,OPTIMAL,46.3322,2,2,1,1,0,1.0,46.3322,0.0,0.0,120,0.5,2.0,1.0
015_R204,15,R,2,5,OPTIMAL,57.4196,2,2,0,2,0,1.0,57.4196,0.0,0.0,120,0.5,2.0,1.0
015_R204,15,R,2,6,OPTIMAL,47.6465,2,2,1,1,0,1.0,47.6465,0.0,0.0,120,0.5,2.0,1.0
015_R204,15,R,2,7,OPTIMAL,62.9128,2,2,2,0,0,1.0,62.9128,0.0,0.0,120,0.5,2.0,1.0
015_R204,15,R,2,8,OPTIMAL,31.7128,2,2,2,0,0,1.0,31.7128,0.0,0.0,120,0.5,2.0,1.0
015_R204,15,R,2,9,OPTIMAL,62.3175,2,2,2,0,0,1.0,62.3175,0.0,0.0,120,0.5,2.0,1.0
015_R204,15,R,3,0,OPTIMAL,48.468,3,2,2,0,1,0.6667,36.3117,0.0,12.1563,120,0.5,2.0,1.0
015_R204,15,R,3,1,OPTIMAL,77.831,3,3,3,0,0,1.0,77.831,0.0,0.0,120,0.5,2.0,1.0
015_R204,15,R,3,2,OPTIMAL,43.2458,3,2,1,1,1,0.6667,38.3173,0.0,4.9285,120,0.5,2.0,1.0
015_R204,15,R,3,3,OPTIMAL,48.0704,3,3,3,0,0,1.0,48.0704,0.0,0.0,120,0.5,2.0,1.0
015_R204,15,R,3,4,OPTIMAL,46.1576,3,2,2,0,1,0.6667,38.8729,0.0,7.2846,120,0.5,2.0,1.0
015_R204,15,R,3,5,OPTIMAL,55.6427,3,3,3,0,0,1.0,55.6427,0.0,0.0,120,0.5,2.0,1.0
015_R204,15,R,3,6,OPTIMAL,48.3354,3,2,1,1,1,0.6667,45.6392,0.0,2.6962,120,0.5,2.0,1.0
015_R204,15,R,3,7,OPTIMAL,52.8078,3,2,1,1,1,0.6667,52.4945,0.0,0.3133,120,0.5,2.0,1.0
015_R204,15,R,3,8,OPTIMAL,72.2882,3,3,2,1,0,1.0,72.2882,0.0,0.0,120,0.5,2.0,1.0
015_R204,15,R,3,9,OPTIMAL,72.9966,3,2,2,0,1,0.6667,52.7956,0.0,20.2011,120,0.5,2.0,1.0
015_R205,15,R,1,0,OPTIMAL,25.0521,1,1,0,1,0,1.0,25.0521,0.0,0.0,120,0.5,2.0,1.0
015_R205,15,R,1,1,OPTIMAL,27.0369,1,1,0,1,0,1.0,27.0369,0.0,0.0,120,0.5,2.0,1.0
015_R205,15,R,1,2,OPTIMAL,13.0729,1,1,0,1,0,1.0,13.0729,0.0,0.0,120,0.5,2.0,1.0
015_R205,15,R,1,3,OPTIMAL,22.9917,1,1,1,0,0,1.0,22.9917,0.0,0.0,120,0.5,2.0,1.0
015_R205,15,R,1,4,OPTIMAL,24.133,1,1,0,1,0,1.0,24.133,0.0,0.0,120,0.5,2.0,1.0
015_R205,15,R,1,5,OPTIMAL,19.8065,1,1,1,0,0,1.0,19.8065,0.0,0.0,120,0.5,2.0,1.0
015_R205,15,R,1,6,OPTIMAL,12.1175,1,0,0,0,1,0.0,0.0,0.0,12.1175,120,0.5,2.0,1.0
015_R205,15,R,1,7,OPTIMAL,25.4396,1,1,1,0,0,1.0,25.4396,0.0,0.0,120,0.5,2.0,1.0
015_R205,15,R,1,8,OPTIMAL,33.1669,1,1,1,0,0,1.0,33.1669,0.0,0.0,120,0.5,2.0,1.0
015_R205,15,R,1,9,OPTIMAL,18.578,1,0,0,0,1,0.0,0.0,0.0,18.578,120,0.5,2.0,1.0
015_R205,15,R,2,0,OPTIMAL,42.2956,2,1,1,0,1,0.5,11.8015,0.0,30.494,120,0.5,2.0,1.0
015_R205,15,R,2,1,OPTIMAL,40.5613,2,2,0,2,0,1.0,40.5613,0.0,0.0,120,0.5,2.0,1.0
015_R205,15,R,2,2,OPTIMAL,52.0376,2,2,1,1,0,1.0,52.0376,0.0,0.0,120,0.5,2.0,1.0
015_R205,15,R,2,3,OPTIMAL,15.3423,2,1,0,1,1,0.5,14.4661,0.0,0.8761,120,0.5,2.0,1.0
015_R205,15,R,2,4,OPTIMAL,40.759,2,1,0,1,1,0.5,20.5467,0.0,20.2123,120,0.5,2.0,1.0
015_R205,15,R,2,5,OPTIMAL,57.4196,2,2,2,0,0,1.0,57.4196,0.0,0.0,120,0.5,2.0,1.0
015_R205,15,R,2,6,OPTIMAL,47.6465,2,2,2,0,0,1.0,47.6465,0.0,0.0,120,0.5,2.0,1.0
015_R205,15,R,2,7,OPTIMAL,62.9128,2,2,0,2,0,1.0,62.9128,0.0,0.0,120,0.5,2.0,1.0
015_R205,15,R,2,8,OPTIMAL,31.7128,2,2,1,1,0,1.0,31.7128,0.0,0.0,120,0.5,2.0,1.0
015_R205,15,R,2,9,OPTIMAL,5.2371,2,0,0,0,2,0.0,0.0,0.0,5.2371,120,0.5,2.0,1.0
015_R205,15,R,3,0,OPTIMAL,34.894,3,2,1,1,1,0.6667,30.1544,0.0,4.7396,120,0.5,2.0,1.0
015_R205,15,R,3,1,OPTIMAL,54.2365,3,2,0,2,1,0.6667,52.8086,0.0,1.4279,120,0.5,2.0,1.0
015_R205,15,R,3,2,OPTIMAL,27.0733,3,0,0,0,3,0.0,0.0,0.0,27.0733,120,0.5,2.0,1.0
015_R205,15,R,3,3,OPTIMAL,44.4671,3,2,2,0,1,0.6667,39.6191,0.0,4.848,120,0.5,2.0,1.0
015_R205,15,R,3,4,OPTIMAL,34.0679,3,2,0,2,1,0.6667,32.0909,0.0,1.977,120,0.5,2.0,1.0
015_R205,15,R,3,5,OPTIMAL,46.5615,3,2,2,0,1,0.6667,34.6291,0.0,11.9323,120,0.5,2.0,1.0
015_R205,15,R,3,6,OPTIMAL,67.5587,3,1,0,1,2,0.3333,34.3611,0.0,33.1975,120,0.5,2.0,1.0
015_R205,15,R,3,7,OPTIMAL,80.5458,3,3,1,2,0,1.0,80.5458,0.0,0.0,120,0.5,2.0,1.0
015_R205,15,R,3,8,OPTIMAL,60.2007,3,2,1,1,1,0.6667,55.1893,0.0,5.0114,120,0.5,2.0,1.0
015_R205,15,R,3,9,OPTIMAL,73.861,3,3,2,1,0,1.0,73.861,0.0,0.0,120,0.5,2.0,1.0
015_R206,15,R,1,0,OPTIMAL,25.0521,1,1,1,0,0,1.0,25.0521,0.0,0.0,120,0.5,2.0,1.0
015_R206,15,R,1,1,OPTIMAL,27.0369,1,1,0,1,0,1.0,27.0369,0.0,0.0,120,0.5,2.0,1.0
015_R206,15,R,1,2,OPTIMAL,13.0729,1,1,1,0,0,1.0,13.0729,0.0,0.0,120,0.5,2.0,1.0
015_R206,15,R,1,3,OPTIMAL,22.9917,1,1,1,0,0,1.0,22.9917,0.0,0.0,120,0.5,2.0,1.0
015_R206,15,R,1,4,OPTIMAL,24.133,1,1,1,0,0,1.0,24.133,0.0,0.0,120,0.5,2.0,1.0
015_R206,15,R,1,5,OPTIMAL,19.8065,1,1,1,0,0,1.0,19.8065,0.0,0.0,120,0.5,2.0,1.0
015_R206,15,R,1,6,OPTIMAL,13.9006,1,1,1,0,0,1.0,13.9006,0.0,0.0,120,0.5,2.0,1.0
015_R206,15,R,1,7,OPTIMAL,25.4396,1,1,1,0,0,1.0,25.4396,0.0,0.0,120,0.5,2.0,1.0
015_R206,15,R,1,8,OPTIMAL,33.1669,1,1,0,1,0,1.0,33.1669,0.0,0.0,120,0.5,2.0,1.0
015_R206,15,R,1,9,OPTIMAL,18.578,1,0,0,0,1,0.0,0.0,0.0,18.578,120,0.5,2.0,1.0
015_R206,15,R,2,0,OPTIMAL,42.2956,2,1,1,0,1,0.5,11.8015,0.0,30.494,120,0.5,2.0,1.0
015_R206,15,R,2,1,OPTIMAL,40.5613,2,2,1,1,0,1.0,40.5613,0.0,0.0,120,0.5,2.0,1.0
015_R206,15,R,2,2,OPTIMAL,52.0376,2,2,1,1,0,1.0,52.0376,0.0,0.0,120,0.5,2.0,1.0
015_R206,15,R,2,3,OPTIMAL,15.3423,2,1,0,1,1,0.5,14.4661,0.0,0.8761,120,0.5,2.0,1.0
015_R206,15,R,2,4,OPTIMAL,40.759,2,1,1,0,1,0.5,20.5467,0.0,20.2123,120,0.5,2.0,1.0
015_R206,15,R,2,5,OPTIMAL,57.4196,2,2,2,0,0,1.0,57.4196,0.0,0.0,120,0.5,2.0,1.0
015_R206,15,R,2,6,OPTIMAL,47.6465,2,2,2,0,0,1.0,47.6465,0.0,0.0,120,0.5,2.0,1.0
015_R206,15,R,2,7,OPTIMAL,62.9128,2,2,0,2,0,1.0,62.9128,0.0,0.0,120,0.5,2.0,1.0
015_R206,15,R,2,8,OPTIMAL,31.7128,2,2,1,1,0,1.0,31.7128,0.0,0.0,120,0.5,2.0,1.0
015_R206,15,R,2,9,OPTIMAL,5.2371,2,0,0,0,2,0.0,0.0,0.0,5.2371,120,0.5,2.0,1.0
015_R206,15,R,3,0,OPTIMAL,34.894,3,2,1,1,1,0.6667,30.1544,0.0,4.7396,120,0.5,2.0,1.0
015_R206,15,R,3,1,OPTIMAL,54.2365,3,2,0,2,1,0.6667,52.8086,0.0,1.4279,120,0.5,2.0,1.0
015_R206,15,R,3,2,OPTIMAL,52.7135,3,3,2,1,0,1.0,52.7135,0.0,0.0,120,0.5,2.0,1.0
015_R206,15,R,3,3,OPTIMAL,48.0704,3,3,2,1,0,1.0,48.0704,0.0,0.0,120,0.5,2.0,1.0
015_R206,15,R,3,4,OPTIMAL,46.1576,3,2,1,1,1,0.6667,38.8729,0.0,7.2846,120,0.5,2.0,1.0
015_R206,15,R,3,5,OPTIMAL,46.5615,3,2,2,0,1,0.6667,34.6291,0.0,11.9323,120,0.5,2.0,1.0
015_R206,15,R,3,6,OPTIMAL,70.0072,3,2,2,0,1,0.6667,57.9473,0.0,12.0599,120,0.5,2.0,1.0
015_R206,15,R,3,7,OPTIMAL,80.5458,3,3,2,1,0,1.0,80.5458,0.0,0.0,120,0.5,2.0,1.0
015_R206,15,R,3,8,OPTIMAL,72.2882,3,3,2,1,0,1.0,72.2882,0.0,0.0,120,0.5,2.0,1.0
015_R206,15,R,3,9,OPTIMAL,73.861,3,3,3,0,0,1.0,73.861,0.0,0.0,120,0.5,2.0,1.0
015_R207,15,R,1,0,OPTIMAL,25.0521,1,1,1,0,0,1.0,25.0521,0.0,0.0,120,0.5,2.0,1.0
015_R207,15,R,1,1,OPTIMAL,27.0369,1,1,0,1,0,1.0,27.0369,0.0,0.0,120,0.5,2.0,1.0
015_R207,15,R,1,2,OPTIMAL,13.0729,1,1,1,0,0,1.0,13.0729,0.0,0.0,120,0.5,2.0,1.0
015_R207,15,R,1,3,OPTIMAL,22.9917,1,1,1,0,0,1.0,22.9917,0.0,0.0,120,0.5,2.0,1.0
015_R207,15,R,1,4,OPTIMAL,24.133,1,1,1,0,0,1.0,24.133,0.0,0.0,120,0.5,2.0,1.0
015_R207,15,R,1,5,OPTIMAL,19.8065,1,1,1,0,0,1.0,19.8065,0.0,0.0,120,0.5,2.0,1.0
015_R207,15,R,1,6,OPTIMAL,13.9006,1,1,1,0,0,1.0,13.9006,0.0,0.0,120,0.5,2.0,1.0
015_R207,15,R,1,7,OPTIMAL,25.4396,1,1,1,0,0,1.0,25.4396,0.0,0.0,120,0.5,2.0,1.0
015_R207,15,R,1,8,OPTIMAL,33.1669,1,1,1,0,0,1.0,33.1669,0.0,0.0,120,0.5,2.0,1.0
015_R207,15,R,1,9,OPTIMAL,18.578,1,0,0,0,1,0.0,0.0,0.0,18.578,120,0.5,2.0,1.0
015_R207,15,R,2,0,OPTIMAL,42.2956,2,1,1,0,1,0.5,11.8015,0.0,30.494,120,0.5,2.0,1.0
015_R207,15,R,2,1,OPTIMAL,40.5613,2,2,1,1,0,1.0,40.5613,0.0,0.0,120,0.5,2.0,1.0
015_R207,15,R,2,2,OPTIMAL,52.0376,2,2,1,1,0,1.0,52.0376,0.0,0.0,120,0.5,2.0,1.0
015_R207,15,R,2,3,OPTIMAL,15.3423,2,1,0,1,1,0.5,14.4661,0.0,0.8761,120,0.5,2.0,1.0
015_R207,15,R,2,4,OPTIMAL,40.759,2,1,1,0,1,0.5,20.5467,0.0,20.2123,120,0.5,2.0,1.0
015_R207,15,R,2,5,OPTIMAL,57.4196,2,2,2,0,0,1.0,57.4196,0.0,0.0,120,0.5,2.0,1.0
015_R207,15,R,2,6,OPTIMAL,47.6465,2,2,2,0,0,1.0,47.6465,0.0,0.0,120,0.5,2.0,1.0
015_R207,15,R,2,7,OPTIMAL,62.9128,2,2,0,2,0,1.0,62.9128,0.0,0.0,120,0.5,2.0,1.0
015_R207,15,R,2,8,OPTIMAL,31.7128,2,2,1,1,0,1.0,31.7128,0.0,0.0,120,0.5,2.0,1.0
015_R207,15,R,2,9,OPTIMAL,5.2371,2,0,0,0,2,0.0,0.0,0.0,5.2371,120,0.5,2.0,1.0
015_R207,15,R,3,0,OPTIMAL,34.894,3,2,1,1,1,0.6667,30.1544,0.0,4.7396,120,0.5,2.0,1.0
015_R207,15,R,3,1,OPTIMAL,77.831,3,3,0,3,0,1.0,77.831,0.0,0.0,120,0.5,2.0,1.0
015_R207,15,R,3,2,OPTIMAL,52.7135,3,3,2,1,0,1.0,52.7135,0.0,0.0,120,0.5,2.0,1.0
015_R207,15,R,3,3,OPTIMAL,48.0704,3,3,2,1,0,1.0,48.0704,0.0,0.0,120,0.5,2.0,1.0
015_R207,15,R,3,4,OPTIMAL,52.3522,3,3,1,2,0,1.0,52.3522,0.0,0.0,120,0.5,2.0,1.0
015_R207,15,R,3,5,OPTIMAL,55.6427,3,3,2,1,0,1.0,55.6427,0.0,0.0,120,0.5,2.0,1.0
015_R207,15,R,3,6,OPTIMAL,70.0072,3,2,2,0,1,0.6667,57.9473,0.0,12.0599,120,0.5,2.0,1.0
015_R207,15,R,3,7,OPTIMAL,80.5458,3,3,2,1,0,1.0,80.5458,0.0,0.0,120,0.5,2.0,1.0
015_R207,15,R,3,8,OPTIMAL,72.2882,3,3,2,1,0,1.0,72.2882,0.0,0.0,120,0.5,2.0,1.0
015_R207,15,R,3,9,OPTIMAL,73.861,3,3,3,0,0,1.0,73.861,0.0,0.0,120,0.5,2.0,1.0
015_R208,15,R,1,0,OPTIMAL,25.0521,1,1,1,0,0,1.0,25.0521,0.0,0.0,120,0.5,2.0,1.0
015_R208,15,R,1,1,OPTIMAL,27.0369,1,1,0,1,0,1.0,27.0369,0.0,0.0,120,0.5,2.0,1.0
015_R208,15,R,1,2,OPTIMAL,13.0729,1,1,1,0,0,1.0,13.0729,0.0,0.0,120,0.5,2.0,1.0
015_R208,15,R,1,3,OPTIMAL,22.9917,1,1,1,0,0,1.0,22.9917,0.0,0.0,120,0.5,2.0,1.0
015_R208,15,R,1,4,OPTIMAL,24.133,1,1,1,0,0,1.0,24.133,0.0,0.0,120,0.5,2.0,1.0
015_R208,15,R,1,5,OPTIMAL,19.8065,1,1,1,0,0,1.0,19.8065,0.0,0.0,120,0.5,2.0,1.0
015_R208,15,R,1,6,OPTIMAL,13.9006,1,1,1,0,0,1.0,13.9006,0.0,0.0,120,0.5,2.0,1.0
015_R208,15,R,1,7,OPTIMAL,25.4396,1,1,1,0,0,1.0,25.4396,0.0,0.0,120,0.5,2.0,1.0
015_R208,15,R,1,8,OPTIMAL,33.1669,1,1,0,1,0,1.0,33.1669,0.0,0.0,120,0.5,2.0,1.0
015_R208,15,R,1,9,OPTIMAL,18.578,1,0,0,0,1,0.0,0.0,0.0,18.578,120,0.5,2.0,1.0
015_R208,15,R,2,0,OPTIMAL,45.0169,2,2,1,1,0,1.0,45.0169,0.0,0.0,120,0.5,2.0,1.0
015_R208,15,R,2,1,OPTIMAL,40.5613,2,2,1,1,0,1.0,40.5613,0.0,0.0,120,0.5,2.0,1.0
015_R208,15,R,2,2,OPTIMAL,52.0376,2,2,1,1,0,1.0,52.0376,0.0,0.0,120,0.5,2.0,1.0
015_R208,15,R,2,3,OPTIMAL,15.3423,2,1,1,0,1,0.5,14.4661,0.0,0.8761,120,0.5,2.0,1.0
015_R208,15,R,2,4,OPTIMAL,46.3322,2,2,1,1,0,1.0,46.3322,0.0,0.0,120,0.5,2.0,1.0
015_R208,15,R,2,5,OPTIMAL,57.4196,2,2,2,0,0,1.0,57.4196,0.0,0.0,120,0.5,2.0,1.0
015_R208,15,R,2,6,OPTIMAL,47.6465,2,2,2,0,0,1.0,47.6465,0.0,0.0,120,0.5,2.0,1.0
015_R208,15,R,2,7,OPTIMAL,62.9128,2,2,0,2,0,1.0,62.9128,0.0,0.0,120,0.5,2.0,1.0
015_R208,15,R,2,8,OPTIMAL,31.7128,2,2,1,1,0,1.0,31.7128,0.0,0.0,120,0.5,2.0,1.0
015_R208,15,R,2,9,OPTIMAL,5.2371,2,0,0,0,2,0.0,0.0,0.0,5.2371,120,0.5,2.0,1.0
015_R208,15,R,3,0,OPTIMAL,49.2488,3,3,2,1,0,1.0,49.2488,0.0,0.0,120,0.5,2.0,1.0
015_R208,15,R,3,1,OPTIMAL,77.831,3,3,3,0,0,1.0,77.831,0.0,0.0,120,0.5,2.0,1.0
015_R208,15,R,3,2,OPTIMAL,52.7135,3,3,2,1,0,1.0,52.7135,0.0,0.0,120,0.5,2.0,1.0
015_R208,15,R,3,3,OPTIMAL,48.0704,3,3,2,1,0,1.0,48.0704,0.0,0.0,120,0.5,2.0,1.0
015_R208,15,R,3,4,OPTIMAL,39.196,3,2,2,0,1,0.6667,38.8729,0.0,0.3231,120,0.5,2.0,1.0
015_R208,15,R,3,5,OPTIMAL,55.6427,3,3,3,0,0,1.0,55.6427,0.0,0.0,120,0.5,2.0,1.0
015_R208,15,R,3,6,OPTIMAL,80.0003,3,3,2,1,0,1.0,80.0003,0.0,0.0,120,0.5,2.0,1.0
015_R208,15,R,3,7,OPTIMAL,80.5458,3,3,2,1,0,1.0,80.5458,0.0,0.0,120,0.5,2.0,1.0
015_R208,15,R,3,8,OPTIMAL,72.2882,3,3,2,1,0,1.0,72.2882,0.0,0.0,120,0.5,2.0,1.0
015_R208,15,R,3,9,OPTIMAL,73.861,3,3,3,0,0,1.0,73.861,0.0,0.0,120,0.5,2.0,1.0
015_R209,15,R,1,0,OPTIMAL,25.0521,1,1,0,1,0,1.0,25.0521,0.0,0.0,120,0.5,2.0,1.0
015_R209,15,R,1,1,OPTIMAL,27.0369,1,1,0,1,0,1.0,27.0369,0.0,0.0,120,0.5,2.0,1.0
015_R209,15,R,1,2,OPTIMAL,13.0729,1,1,0,1,0,1.0,13.0729,0.0,0.0,120,0.5,2.0,1.0
015_R209,15,R,1,3,OPTIMAL,22.9917,1,1,1,0,0,1.0,22.9917,0.0,0.0,120,0.5,2.0,1.0
015_R209,15,R,1,4,OPTIMAL,24.133,1,1,0,1,0,1.0,24.133,0.0,0.0,120,0.5,2.0,1.0
015_R209,15,R,1,5,OPTIMAL,19.8065,1,1,1,0,0,1.0,19.8065,0.0,0.0,120,0.5,2.0,1.0
015_R209,15,R,1,6,OPTIMAL,13.9006,1,1,0,1,0,1.0,13.9006,0.0,0.0,120,0.5,2.0,1.0
015_R209,15,R,1,7,OPTIMAL,25.4396,1,1,1,0,0,1.0,25.4396,0.0,0.0,120,0.5,2.0,1.0
015_R209,15,R,1,8,OPTIMAL,0.9196,1,0,0,0,1,0.0,0.0,0.0,0.9196,120,0.5,2.0,1.0
015_R209,15,R,1,9,OPTIMAL,26.4923,1,1,1,0,0,1.0,26.4923,0.0,0.0,120,0.5,2.0,1.0
015_R209,15,R,2,0,OPTIMAL,45.0169,2,2,2,0,0,1.0,45.0169,0.0,0.0,120,0.5,2.0,1.0
015_R209,15,R,2,1,OPTIMAL,40.5613,2,2,1,1,0,1.0,40.5613,0.0,0.0,120,0.5,2.0,1.0
015_R209,15,R,2,2,OPTIMAL,52.0376,2,2,0,2,0,1.0,52.0376,0.0,0.0,120,0.5,2.0,1.0
015_R209,15,R,2,3,OPTIMAL,34.7679,2,1,0,1,1,0.5,31.5399,0.0,3.2279,120,0.5,2.0,1.0
015_R209,15,R,2,4,OPTIMAL,46.3322,2,2,0,2,0,1.0,46.3322,0.0,0.0,120,0.5,2.0,1.0
015_R209,15,R,2,5,OPTIMAL,57.4196,2,2,0,2,0,1.0,57.4196,0.0,0.0,120,0.5,2.0,1.0
015_R209,15,R,2,6,OPTIMAL,47.6465,2,2,2,0,0,1.0,47.6465,0.0,0.0,120,0.5,2.0,1.0
015_R209,15,R,2,7,OPTIMAL,62.9128,2,2,1,1,0,1.0,62.9128,0.0,0.0,120,0.5,2.0,1.0
015_R209,15,R,2,8,OPTIMAL,31.7128,2,2,1,1,0,1.0,31.7128,0.0,0.0,120,0.5,2.0,1.0
015_R209,15,R,2,9,OPTIMAL,62.3175,2,2,1,1,0,1.0,62.3175,0.0,0.0,120,0.5,2.0,1.0
015_R209,15,R,3,0,OPTIMAL,40.6454,3,2,0,2,1,0.6667,36.3117,0.0,4.3336,120,0.5,2.0,1.0
015_R209,15,R,3,1,OPTIMAL,52.1107,3,1,0,1,2,0.3333,25.0224,0.0,27.0883,120,0.5,2.0,1.0
015_R209,15,R,3,2,OPTIMAL,38.7973,3,2,0,2,1,0.6667,38.7231,0.0,0.0742,120,0.5,2.0,1.0
015_R209,15,R,3,3,OPTIMAL,44.4671,3,2,2,0,1,0.6667,39.6191,0.0,4.848,120,0.5,2.0,1.0
015_R209,15,R,3,4,OPTIMAL,52.3522,3,3,0,3,0,1.0,52.3522,0.0,0.0,120,0.5,2.0,1.0
015_R209,15,R,3,5,OPTIMAL,55.6427,3,3,2,1,0,1.0,55.6427,0.0,0.0,120,0.5,2.0,1.0
015_R209,15,R,3,6,OPTIMAL,77.5518,3,2,1,1,1,0.6667,56.4141,0.0,21.1376,120,0.5,2.0,1.0
015_R209,15,R,3,7,OPTIMAL,80.5458,3,3,2,1,0,1.0,80.5458,0.0,0.0,120,0.5,2.0,1.0
015_R209,15,R,3,8,OPTIMAL,60.2007,3,2,1,1,1,0.6667,55.1893,0.0,5.0114,120,0.5,2.0,1.0
015_R209,15,R,3,9,OPTIMAL,73.861,3,3,2,1,0,1.0,73.861,0.0,0.0,120,0.5,2.0,1.0
015_R210,15,R,1,0,OPTIMAL,17.8286,1,0,0,0,1,0.0,0.0,0.0,17.8286,120,0.5,2.0,1.0
015_R210,15,R,1,1,OPTIMAL,27.0369,1,1,1,0,0,1.0,27.0369,0.0,0.0,120,0.5,2.0,1.0
015_R210,15,R,1,2,OPTIMAL,2.1637,1,0,0,0,1,0.0,0.0,0.0,2.1637,120,0.5,2.0,1.0
015_R210,15,R,1,3,OPTIMAL,22.9917,1,1,0,1,0,1.0,22.9917,0.0,0.0,120,0.5,2.0,1.0
015_R210,15,R,1,4,OPTIMAL,3.8658,1,0,0,0,1,0.0,0.0,0.0,3.8658,120,0.5,2.0,1.0
015_R210,15,R,1,5,OPTIMAL,19.8065,1,1,1,0,0,1.0,19.8065,0.0,0.0,120,0.5,2.0,1.0
015_R210,15,R,1,6,OPTIMAL,7.5174,1,0,0,0,1,0.0,0.0,0.0,7.5174,120,0.5,2.0,1.0
015_R210,15,R,1,7,OPTIMAL,25.4396,1,1,1,0,0,1.0,25.4396,0.0,0.0,120,0.5,2.0,1.0
015_R210,15,R,1,8,OPTIMAL,27.203,1,0,0,0,1,0.0,0.0,0.0,27.203,120,0.5,2.0,1.0
015_R210,15,R,1,9,OPTIMAL,26.4923,1,1,1,0,0,1.0,26.4923,0.0,0.0,120,0.5,2.0,1.0
015_R210,15,R,2,0,OPTIMAL,45.0169,2,2,1,1,0,1.0,45.0169,0.0,0.0,120,0.5,2.0,1.0
015_R210,15,R,2,1,OPTIMAL,40.5613,2,2,1,1,0,1.0,40.5613,0.0,0.0,120,0.5,2.0,1.0
015_R210,15,R,2,2,OPTIMAL,52.0376,2,2,1,1,0,1.0,52.0376,0.0,0.0,120,0.5,2.0,1.0
015_R210,15,R,2,3,OPTIMAL,46.0061,2,2,1,1,0,1.0,46.0061,0.0,0.0,120,0.5,2.0,1.0
015_R210,15,R,2,4,OPTIMAL,46.3322,2,2,0,2,0,1.0,46.3322,0.0,0.0,120,0.5,2.0,1.0
015_R210,15,R,2,5,OPTIMAL,57.4196,2,2,0,2,0,1.0,57.4196,0.0,0.0,120,0.5,2.0,1.0
015_R210,15,R,2,6,OPTIMAL,47.6465,2,2,1,1,0,1.0,47.6465,0.0,0.0,120,0.5,2.0,1.0
015_R210,15,R,2,7,OPTIMAL,62.9128,2,2,2,0,0,1.0,62.9128,0.0,0.0,120,0.5,2.0,1.0
015_R210,15,R,2,8,OPTIMAL,31.7128,2,2,2,0,0,1.0,31.7128,0.0,0.0,120,0.5,2.0,1.0
015_R210,15,R,2,9,OPTIMAL,56.4578,2,1,1,0,1,0.5,34.0411,0.0,22.4167,120,0.5,2.0,1.0
015_R210,15,R,3,0,OPTIMAL,44.1232,3,2,0,2,1,0.6667,36.3117,0.0,7.8115,120,0.5,2.0,1.0
015_R210,15,R,3,1,OPTIMAL,75.8513,3,2,1,1,1,0.6667,45.3476,0.0,30.5037,120,0.5,2.0,1.0
015_R210,15,R,3,2,OPTIMAL,43.2458,3,2,1,1,1,0.6667,38.3173,0.0,4.9285,120,0.5,2.0,1.0
015_R210,15,R,3,3,OPTIMAL,48.0704,3,3,2,1,0,1.0,48.0704,0.0,0.0,120,0.5,2.0,1.0
015_R210,15,R,3,4,OPTIMAL,52.3522,3,3,1,2,0,1.0,52.3522,0.0,0.0,120,0.5,2.0,1.0
015_R210,15,R,3,5,OPTIMAL,55.6427,3,3,3,0,0,1.0,55.6427,0.0,0.0,120,0.5,2.0,1.0
015_R210,15,R,3,6,OPTIMAL,47.9957,3,0,0,0,3,0.0,0.0,0.0,47.9957,120,0.5,2.0,1.0
015_R210,15,R,3,7,OPTIMAL,45.811,3,1,1,0,2,0.3333,23.8669,0.0,21.9441,120,0.5,2.0,1.0
015_R210,15,R,3,8,OPTIMAL,72.2882,3,3,2,1,0,1.0,72.2882,0.0,0.0,120,0.5,2.0,1.0
015_R210,15,R,3,9,OPTIMAL,72.9966,3,2,2,0,1,0.6667,52.7956,0.0,20.2011,120,0.5,2.0,1.0
015_R211,15,R,1,0,OPTIMAL,0.0181,1,0,0,0,1,0.0,0.0,0.0,0.0181,120,0.5,2.0,1.0
015_R211,15,R,1,1,OPTIMAL,27.0369,1,1,1,0,0,1.0,27.0369,0.0,0.0,120,0.5,2.0,1.0
015_R211,15,R,1,2,OPTIMAL,6.1367,1,0,0,0,1,0.0,0.0,0.0,6.1367,120,0.5,2.0,1.0
015_R211,15,R,1,3,OPTIMAL,22.9917,1,1,1,0,0,1.0,22.9917,0.0,0.0,120,0.5,2.0,1.0
015_R211,15,R,1,4,OPTIMAL,15.3431,1,0,0,0,1,0.0,0.0,0.0,15.3431,120,0.5,2.0,1.0
015_R211,15,R,1,5,OPTIMAL,19.8065,1,1,1,0,0,1.0,19.8065,0.0,0.0,120,0.5,2.0,1.0
015_R211,15,R,1,6,OPTIMAL,1.4854,1,0,0,0,1,0.0,0.0,0.0,1.4854,120,0.5,2.0,1.0
015_R211,15,R,1,7,OPTIMAL,25.4396,1,1,1,0,0,1.0,25.4396,0.0,0.0,120,0.5,2.0,1.0
015_R211,15,R,1,8,OPTIMAL,0.9196,1,0,0,0,1,0.0,0.0,0.0,0.9196,120,0.5,2.0,1.0
015_R211,15,R,1,9,OPTIMAL,18.7794,1,0,0,0,1,0.0,0.0,0.0,18.7794,120,0.5,2.0,1.0
015_R211,15,R,2,0,OPTIMAL,45.0169,2,2,2,0,0,1.0,45.0169,0.0,0.0,120,0.5,2.0,1.0
015_R211,15,R,2,1,OPTIMAL,40.5613,2,2,1,1,0,1.0,40.5613,0.0,0.0,120,0.5,2.0,1.0
015_R211,15,R,2,2,OPTIMAL,52.0376,2,2,1,1,0,1.0,52.0376,0.0,0.0,120,0.5,2.0,1.0
015_R211,15,R,2,3,OPTIMAL,37.3288,2,1,1,0,1,0.5,31.5399,0.0,5.7888,120,0.5,2.0,1.0
015_R211,15,R,2,4,OPTIMAL,46.3322,2,2,1,1,0,1.0,46.3322,0.0,0.0,120,0.5,2.0,1.0
015_R211,15,R,2,5,OPTIMAL,27.8471,2,1,0,1,1,0.5,23.0714,0.0,4.7757,120,0.5,2.0,1.0
015_R211,15,R,2,6,OPTIMAL,47.6465,2,2,2,0,0,1.0,47.6465,0.0,0.0,120,0.5,2.0,1.0
015_R211,15,R,2,7,OPTIMAL,62.9128,2,2,2,0,0,1.0,62.9128,0.0,0.0,120,0.5,2.0,1.0
015_R211,15,R,2,8,OPTIMAL,31.7128,2,2,2,0,0,1.0,31.7128,0.0,0.0,120,0.5,2.0,1.0
015_R211,15,R,2,9,OPTIMAL,62.3175,2,2,2,0,0,1.0,62.3175,0.0,0.0,120,0.5,2.0,1.0
015_R211,15,R,3,0,OPTIMAL,49.2488,3,3,1,2,0,1.0,49.2488,0.0,0.0,120,0.5,2.0,1.0
015_R211,15,R,3,1,OPTIMAL,54.2365,3,2,0,2,1,0.6667,52.8086,0.0,1.4279,120,0.5,2.0,1.0
015_R211,15,R,3,2,OPTIMAL,17.2281,3,1,1,0,2,0.3333,13.9904,0.0,3.2377,120,0.5,2.0,1.0
015_R211,15,R,3,3,OPTIMAL,48.0704,3,3,3,0,0,1.0,48.0704,0.0,0.0,120,0.5,2.0,1.0
015_R211,15,R,3,4,OPTIMAL,22.6573,3,1,0,1,2,0.3333,18.6117,0.0,4.0456,120,0.5,2.0,1.0
015_R211,15,R,3,5,OPTIMAL,46.5615,3,2,2,0,1,0.6667,34.6291,0.0,11.9323,120,0.5,2.0,1.0
015_R211,15,R,3,6,OPTIMAL,57.1604,3,1,1,0,2,0.3333,22.053,0.0,35.1074,120,0.5,2.0,1.0
015_R211,15,R,3,7,OPTIMAL,80.5458,3,3,3,0,0,1.0,80.5458,0.0,0.0,120,0.5,2.0,1.0
015_R211,15,R,3,8,OPTIMAL,49.9808,3,2,2,0,1,0.6667,45.3863,0.0,4.5945,120,0.5,2.0,1.0
015_R211,15,R,3,9,OPTIMAL,61.2201,3,2,2,0,1,0.6667,52.7956,0.0,8.4246,120,0.5,2.0,1.0
015_RC101,15,RC,1,0,OPTIMAL,9.396,1,0,0,0,1,0.0,0.0,0.0,9.396,120,0.5,2.0,1.0
015_RC101,15,RC,1,1,OPTIMAL,1.2418,1,0,0,0,1,0.0,0.0,0.0,1.2418,120,0.5,2.0,1.0
015_RC101,15,RC,1,2,OPTIMAL,2.4662,1,0,0,0,1,0.0,0.0,0.0,2.4662,120,0.5,2.0,1.0
015_RC101,15,RC,1,3,OPTIMAL,0.0007,1,0,0,0,1,0.0,0.0,0.0,0.0007,120,0.5,2.0,1.0
015_RC101,15,RC,1,4,OPTIMAL,1.1795,1,0,0,0,1,0.0,0.0,0.0,1.1795,120,0.5,2.0,1.0
015_RC101,15,RC,1,5,OPTIMAL,1.0738,1,0,0,0,1,0.0,0.0,0.0,1.0738,120,0.5,2.0,1.0
015_RC101,15,RC,1,6,OPTIMAL,0.8029,1,0,0,0,1,0.0,0.0,0.0,0.8029,120,0.5,2.0,1.0
015_RC101,15,RC,1,7,OPTIMAL,4.4851,1,0,0,0,1,0.0,0.0,0.0,4.4851,120,0.5,2.0,1.0
015_RC101,15,RC,1,8,OPTIMAL,8.109,1,0,0,0,1,0.0,0.0,0.0,8.109,120,0.5,2.0,1.0
015_RC101,15,RC,1,9,OPTIMAL,0.9657,1,0,0,0,1,0.0,0.0,0.0,0.9657,120,0.5,2.0,1.0
015_RC101,15,RC,2,0,OPTIMAL,7.8489,2,0,0,0,2,0.0,0.0,0.0,7.8489,120,0.5,2.0,1.0
015_RC101,15,RC,2,1,OPTIMAL,1.316,2,0,0,0,2,0.0,0.0,0.0,1.316,120,0.5,2.0,1.0
015_RC101,15,RC,2,2,OPTIMAL,0.3485,2,0,0,0,2,0.0,0.0,0.0,0.3485,120,0.5,2.0,1.0
015_RC101,15,RC,2,3,OPTIMAL,9.3673,2,0,0,0,2,0.0,0.0,0.0,9.3673,120,0.5,2.0,1.0
015_RC101,15,RC,2,4,OPTIMAL,0.8807,2,0,0,0,2,0.0,0.0,0.0,0.8807,120,0.5,2.0,1.0
015_RC101,15,RC,2,5,OPTIMAL,0.2118,2,0,0,0,2,0.0,0.0,0.0,0.2118,120,0.5,2.0,1.0
015_RC101,15,RC,2,6,OPTIMAL,14.2382,2,0,0,0,2,0.0,0.0,0.0,14.2382,120,0.5,2.0,1.0
015_RC101,15,RC,2,7,OPTIMAL,0.5502,2,0,0,0,2,0.0,0.0,0.0,0.5502,120,0.5,2.0,1.0
015_RC101,15,RC,2,8,OPTIMAL,12.3625,2,0,0,0,2,0.0,0.0,0.0,12.3625,120,0.5,2.0,1.0
015_RC101,15,RC,2,9,OPTIMAL,5.3382,2,0,0,0,2,0.0,0.0,0.0,5.3382,120,0.5,2.0,1.0
015_RC101,15,RC,3,0,OPTIMAL,7.5621,3,0,0,0,3,0.0,0.0,0.0,7.5621,120,0.5,2.0,1.0
015_RC101,15,RC,3,1,OPTIMAL,10.0419,3,0,0,0,3,0.0,0.0,0.0,10.0419,120,0.5,2.0,1.0
015_RC101,15,RC,3,2,OPTIMAL,17.8427,3,0,0,0,3,0.0,0.0,0.0,17.8427,120,0.5,2.0,1.0
015_RC101,15,RC,3,3,OPTIMAL,21.0099,3,0,0,0,3,0.0,0.0,0.0,21.0099,120,0.5,2.0,1.0
015_RC101,15,RC,3,4,OPTIMAL,10.4897,3,0,0,0,3,0.0,0.0,0.0,10.4897,120,0.5,2.0,1.0
015_RC101,15,RC,3,5,OPTIMAL,1.2933,3,0,0,0,3,0.0,0.0,0.0,1.2933,120,0.5,2.0,1.0
015_RC101,15,RC,3,6,OPTIMAL,11.2392,3,0,0,0,3,0.0,0.0,0.0,11.2392,120,0.5,2.0,1.0
015_RC101,15,RC,3,7,OPTIMAL,40.9825,3,0,0,0,3,0.0,0.0,0.0,40.9825,120,0.5,2.0,1.0
015_RC101,15,RC,3,8,OPTIMAL,28.221,3,0,0,0,3,0.0,0.0,0.0,28.221,120,0.5,2.0,1.0
015_RC101,15,RC,3,9,OPTIMAL,6.0189,3,0,0,0,3,0.0,0.0,0.0,6.0189,120,0.5,2.0,1.0
015_RC102,15,RC,1,0,OPTIMAL,3.132,1,0,0,0,1,0.0,0.0,0.0,3.132,120,0.5,2.0,1.0
015_RC102,15,RC,1,1,OPTIMAL,0.6209,1,0,0,0,1,0.0,0.0,0.0,0.6209,120,0.5,2.0,1.0
015_RC102,15,RC,1,2,OPTIMAL,3.5881,1,0,0,0,1,0.0,0.0,0.0,3.5881,120,0.5,2.0,1.0
015_RC102,15,RC,1,3,OPTIMAL,0.0007,1,0,0,0,1,0.0,0.0,0.0,0.0007,120,0.5,2.0,1.0
015_RC102,15,RC,1,4,OPTIMAL,2.5713,1,0,0,0,1,0.0,0.0,0.0,2.5713,120,0.5,2.0,1.0
015_RC102,15,RC,1,5,OPTIMAL,0.5369,1,0,0,0,1,0.0,0.0,0.0,0.5369,120,0.5,2.0,1.0
015_RC102,15,RC,1,6,OPTIMAL,0.4014,1,0,0,0,1,0.0,0.0,0.0,0.4014,120,0.5,2.0,1.0
015_RC102,15,RC,1,7,OPTIMAL,6.9116,1,0,0,0,1,0.0,0.0,0.0,6.9116,120,0.5,2.0,1.0
015_RC102,15,RC,1,8,OPTIMAL,4.0545,1,0,0,0,1,0.0,0.0,0.0,4.0545,120,0.5,2.0,1.0
015_RC102,15,RC,1,9,OPTIMAL,0.0007,1,0,0,0,1,0.0,0.0,0.0,0.0007,120,0.5,2.0,1.0
015_RC102,15,RC,2,0,OPTIMAL,8.0386,2,0,0,0,2,0.0,0.0,0.0,8.0386,120,0.5,2.0,1.0
015_RC102,15,RC,2,1,OPTIMAL,0.5167,2,0,0,0,2,0.0,0.0,0.0,0.5167,120,0.5,2.0,1.0
015_RC102,15,RC,2,2,OPTIMAL,0.5285,2,0,0,0,2,0.0,0.0,0.0,0.5285,120,0.5,2.0,1.0
015_RC102,15,RC,2,3,OPTIMAL,7.0238,2,0,0,0,2,0.0,0.0,0.0,7.0238,120,0.5,2.0,1.0
015_RC102,15,RC,2,4,OPTIMAL,3.9843,2,0,0,0,2,0.0,0.0,0.0,3.9843,120,0.5,2.0,1.0
015_RC102,15,RC,2,5,OPTIMAL,0.62,2,0,0,0,2,0.0,0.0,0.0,0.62,120,0.5,2.0,1.0
015_RC102,15,RC,2,6,OPTIMAL,26.0901,2,0,0,0,2,0.0,0.0,0.0,26.0901,120,0.5,2.0,1.0
015_RC102,15,RC,2,7,OPTIMAL,0.2354,2,0,0,0,2,0.0,0.0,0.0,0.2354,120,0.5,2.0,1.0
015_RC102,15,RC,2,8,OPTIMAL,51.1285,2,1,0,1,1,0.5,39.1915,0.0,11.937,120,0.5,2.0,1.0
015_RC102,15,RC,2,9,OPTIMAL,8.4378,2,0,0,0,2,0.0,0.0,0.0,8.4378,120,0.5,2.0,1.0
015_RC102,15,RC,3,0,OPTIMAL,11.5737,3,0,0,0,3,0.0,0.0,0.0,11.5737,120,0.5,2.0,1.0
015_RC102,15,RC,3,1,OPTIMAL,2.0872,3,0,0,0,3,0.0,0.0,0.0,2.0872,120,0.5,2.0,1.0
015_RC102,15,RC,3,2,OPTIMAL,10.0453,3,0,0,0,3,0.0,0.0,0.0,10.0453,120,0.5,2.0,1.0
015_RC102,15,RC,3,3,OPTIMAL,19.4476,3,0,0,0,3,0.0,0.0,0.0,19.4476,120,0.5,2.0,1.0
015_RC102,15,RC,3,4,OPTIMAL,6.7282,3,0,0,0,3,0.0,0.0,0.0,6.7282,120,0.5,2.0,1.0
015_RC102,15,RC,3,5,OPTIMAL,1.7248,3,0,0,0,3,0.0,0.0,0.0,1.7248,120,0.5,2.0,1.0
015_RC102,15,RC,3,6,OPTIMAL,13.801,3,0,0,0,3,0.0,0.0,0.0,13.801,120,0.5,2.0,1.0
015_RC102,15,RC,3,7,OPTIMAL,23.6828,3,0,0,0,3,0.0,0.0,0.0,23.6828,120,0.5,2.0,1.0
015_RC102,15,RC,3,8,OPTIMAL,18.3145,3,0,0,0,3,0.0,0.0,0.0,18.3145,120,0.5,2.0,1.0
015_RC102,15,RC,3,9,OPTIMAL,13.1348,3,0,0,0,3,0.0,0.0,0.0,13.1348,120,0.5,2.0,1.0
015_RC103,15,RC,1,0,OPTIMAL,9.2548,1,0,0,0,1,0.0,0.0,0.0,9.2548,120,0.5,2.0,1.0
015_RC103,15,RC,1,1,OPTIMAL,0.6209,1,0,0,0,1,0.0,0.0,0.0,0.6209,120,0.5,2.0,1.0
015_RC103,15,RC,1,2,OPTIMAL,3.5881,1,0,0,0,1,0.0,0.0,0.0,3.5881,120,0.5,2.0,1.0
015_RC103,15,RC,1,3,OPTIMAL,0.0007,1,0,0,0,1,0.0,0.0,0.0,0.0007,120,0.5,2.0,1.0
015_RC103,15,RC,1,4,OPTIMAL,6.8087,1,0,0,0,1,0.0,0.0,0.0,6.8087,120,0.5,2.0,1.0
015_RC103,15,RC,1,5,OPTIMAL,0.5369,1,0,0,0,1,0.0,0.0,0.0,0.5369,120,0.5,2.0,1.0
015_RC103,15,RC,1,6,OPTIMAL,0.4014,1,0,0,0,1,0.0,0.0,0.0,0.4014,120,0.5,2.0,1.0
015_RC103,15,RC,1,7,OPTIMAL,6.9116,1,0,0,0,1,0.0,0.0,0.0,6.9116,120,0.5,2.0,1.0
015_RC103,15,RC,1,8,OPTIMAL,4.0545,1,0,0,0,1,0.0,0.0,0.0,4.0545,120,0.5,2.0,1.0
015_RC103,15,RC,1,9,OPTIMAL,0.0007,1,0,0,0,1,0.0,0.0,0.0,0.0007,120,0.5,2.0,1.0
015_RC103,15,RC,2,0,OPTIMAL,5.7668,2,0,0,0,2,0.0,0.0,0.0,5.7668,120,0.5,2.0,1.0
015_RC103,15,RC,2,1,OPTIMAL,0.9673,2,0,0,0,2,0.0,0.0,0.0,0.9673,120,0.5,2.0,1.0
015_RC103,15,RC,2,2,OPTIMAL,2.5413,2,0,0,0,2,0.0,0.0,0.0,2.5413,120,0.5,2.0,1.0
015_RC103,15,RC,2,3,OPTIMAL,7.0238,2,0,0,0,2,0.0,0.0,0.0,7.0238,120,0.5,2.0,1.0
015_RC103,15,RC,2,4,OPTIMAL,1.6514,2,0,0,0,2,0.0,0.0,0.0,1.6514,120,0.5,2.0,1.0
015_RC103,15,RC,2,5,OPTIMAL,0.62,2,0,0,0,2,0.0,0.0,0.0,0.62,120,0.5,2.0,1.0
015_RC103,15,RC,2,6,OPTIMAL,27.6195,2,0,0,0,2,0.0,0.0,0.0,27.6195,120,0.5,2.0,1.0
015_RC103,15,RC,2,7,OPTIMAL,0.255,2,0,0,0,2,0.0,0.0,0.0,0.255,120,0.5,2.0,1.0
015_RC103,15,RC,2,8,OPTIMAL,80.0673,2,2,0,2,0,1.0,80.0673,0.0,0.0,120,0.5,2.0,1.0
015_RC103,15,RC,2,9,OPTIMAL,27.4253,2,0,0,0,2,0.0,0.0,0.0,27.4253,120,0.5,2.0,1.0
015_RC103,15,RC,3,0,OPTIMAL,13.5937,3,0,0,0,3,0.0,0.0,0.0,13.5937,120,0.5,2.0,1.0
015_RC103,15,RC,3,1,OPTIMAL,6.3773,3,0,0,0,3,0.0,0.0,0.0,6.3773,120,0.5,2.0,1.0
015_RC103,15,RC,3,2,OPTIMAL,8.1025,3,0,0,0,3,0.0,0.0,0.0,8.1025,120,0.5,2.0,1.0
015_RC103,15,RC,3,3,OPTIMAL,15.9414,3,0,0,0,3,0.0,0.0,0.0,15.9414,120,0.5,2.0,1.0
015_RC103,15,RC,3,4,OPTIMAL,9.7517,3,0,0,0,3,0.0,0.0,0.0,9.7517,120,0.5,2.0,1.0
015_RC103,15,RC,3,5,OPTIMAL,27.3744,3,0,0,0,3,0.0,0.0,0.0,27.3744,120,0.5,2.0,1.0
015_RC103,15,RC,3,6,OPTIMAL,20.9769,3,0,0,0,3,0.0,0.0,0.0,20.9769,120,0.5,2.0,1.0
015_RC103,15,RC,3,7,OPTIMAL,20.427,3,0,0,0,3,0.0,0.0,0.0,20.427,120,0.5,2.0,1.0
015_RC103,15,RC,3,8,OPTIMAL,57.3156,3,1,0,1,2,0.3333,41.5179,0.0,15.7977,120,0.5,2.0,1.0
015_RC103,15,RC,3,9,OPTIMAL,13.2517,3,0,0,0,3,0.0,0.0,0.0,13.2517,120,0.5,2.0,1.0
015_RC104,15,RC,1,0,OPTIMAL,9.396,1,0,0,0,1,0.0,0.0,0.0,9.396,120,0.5,2.0,1.0
015_RC104,15,RC,1,1,OPTIMAL,0.6209,1,0,0,0,1,0.0,0.0,0.0,0.6209,120,0.5,2.0,1.0
015_RC104,15,RC,1,2,OPTIMAL,3.5881,1,0,0,0,1,0.0,0.0,0.0,3.5881,120,0.5,2.0,1.0
015_RC104,15,RC,1,3,OPTIMAL,0.0007,1,0,0,0,1,0.0,0.0,0.0,0.0007,120,0.5,2.0,1.0
015_RC104,15,RC,1,4,OPTIMAL,37.6796,1,1,0,1,0,1.0,37.6796,0.0,0.0,120,0.5,2.0,1.0
015_RC104,15,RC,1,5,OPTIMAL,0.5369,1,0,0,0,1,0.0,0.0,0.0,0.5369,120,0.5,2.0,1.0
015_RC104,15,RC,1,6,OPTIMAL,0.4014,1,0,0,0,1,0.0,0.0,0.0,0.4014,120,0.5,2.0,1.0
015_RC104,15,RC,1,7,OPTIMAL,6.9116,1,0,0,0,1,0.0,0.0,0.0,6.9116,120,0.5,2.0,1.0
015_RC104,15,RC,1,8,OPTIMAL,4.0545,1,0,0,0,1,0.0,0.0,0.0,4.0545,120,0.5,2.0,1.0
015_RC104,15,RC,1,9,OPTIMAL,0.0007,1,0,0,0,1,0.0,0.0,0.0,0.0007,120,0.5,2.0,1.0
015_RC104,15,RC,2,0,OPTIMAL,10.7147,2,0,0,0,2,0.0,0.0,0.0,10.7147,120,0.5,2.0,1.0
015_RC104,15,RC,2,1,OPTIMAL,0.6828,2,0,0,0,2,0.0,0.0,0.0,0.6828,120,0.5,2.0,1.0
015_RC104,15,RC,2,2,OPTIMAL,35.3529,2,1,0,1,1,0.5,35.2106,0.0,0.1423,120,0.5,2.0,1.0
015_RC104,15,RC,2,3,OPTIMAL,7.0238,2,0,0,0,2,0.0,0.0,0.0,7.0238,120,0.5,2.0,1.0
015_RC104,15,RC,2,4,OPTIMAL,3.9843,2,0,0,0,2,0.0,0.0,0.0,3.9843,120,0.5,2.0,1.0
015_RC104,15,RC,2,5,OPTIMAL,0.62,2,0,0,0,2,0.0,0.0,0.0,0.62,120,0.5,2.0,1.0
015_RC104,15,RC,2,6,OPTIMAL,51.299,2,1,0,1,1,0.5,46.1362,0.0,5.1628,120,0.5,2.0,1.0
015_RC104,15,RC,2,7,OPTIMAL,32.5436,2,1,0,1,1,0.5,32.4739,0.0,0.0697,120,0.5,2.0,1.0
015_RC104,15,RC,2,8,OPTIMAL,80.0673,2,2,0,2,0,1.0,80.0673,0.0,0.0,120,0.5,2.0,1.0
015_RC104,15,RC,2,9,OPTIMAL,43.4069,2,1,0,1,1,0.5,42.5458,0.0,0.8611,120,0.5,2.0,1.0
015_RC104,15,RC,3,0,OPTIMAL,46.2618,3,1,0,1,2,0.3333,36.3083,0.0,9.9535,120,0.5,2.0,1.0
015_RC104,15,RC,3,1,OPTIMAL,2.1951,3,0,0,0,3,0.0,0.0,0.0,2.1951,120,0.5,2.0,1.0
015_RC104,15,RC,3,2,OPTIMAL,40.1243,3,1,0,1,2,0.3333,35.1384,0.0,4.9859,120,0.5,2.0,1.0
015_RC104,15,RC,3,3,OPTIMAL,27.8027,3,0,0,0,3,0.0,0.0,0.0,27.8027,120,0.5,2.0,1.0
015_RC104,15,RC,3,4,OPTIMAL,6.7282,3,0,0,0,3,0.0,0.0,0.0,6.7282,120,0.5,2.0,1.0
015_RC104,15,RC,3,5,OPTIMAL,42.6856,3,1,0,1,2,0.3333,42.6763,0.0,0.0093,120,0.5,2.0,1.0
015_RC104,15,RC,3,6,OPTIMAL,13.801,3,0,0,0,3,0.0,0.0,0.0,13.801,120,0.5,2.0,1.0
015_RC104,15,RC,3,7,OPTIMAL,23.8266,3,0,0,0,3,0.0,0.0,0.0,23.8266,120,0.5,2.0,1.0
015_RC104,15,RC,3,8,OPTIMAL,46.7794,3,1,1,0,2,0.3333,41.5179,0.0,5.2614,120,0.5,2.0,1.0
015_RC104,15,RC,3,9,OPTIMAL,13.4294,3,0,0,0,3,0.0,0.0,0.0,13.4294,120,0.5,2.0,1.0
015_RC105,15,RC,1,0,OPTIMAL,12.2638,1,0,0,0,1,0.0,0.0,0.0,12.2638,120,0.5,2.0,1.0
015_RC105,15,RC,1,1,OPTIMAL,0.6209,1,0,0,0,1,0.0,0.0,0.0,0.6209,120,0.5,2.0,1.0
015_RC105,15,RC,1,2,OPTIMAL,3.5881,1,0,0,0,1,0.0,0.0,0.0,3.5881,120,0.5,2.0,1.0
015_RC105,15,RC,1,3,OPTIMAL,0.0007,1,0,0,0,1,0.0,0.0,0.0,0.0007,120,0.5,2.0,1.0
015_RC105,15,RC,1,4,OPTIMAL,1.7142,1,0,0,0,1,0.0,0.0,0.0,1.7142,120,0.5,2.0,1.0
015_RC105,15,RC,1,5,OPTIMAL,0.5369,1,0,0,0,1,0.0,0.0,0.0,0.5369,120,0.5,2.0,1.0
015_RC105,15,RC,1,6,OPTIMAL,0.4014,1,0,0,0,1,0.0,0.0,0.0,0.4014,120,0.5,2.0,1.0
015_RC105,15,RC,1,7,OPTIMAL,4.6077,1,0,0,0,1,0.0,0.0,0.0,4.6077,120,0.5,2.0,1.0
015_RC105,15,RC,1,8,OPTIMAL,4.0545,1,0,0,0,1,0.0,0.0,0.0,4.0545,120,0.5,2.0,1.0
015_RC105,15,RC,1,9,OPTIMAL,5.1117,1,0,0,0,1,0.0,0.0,0.0,5.1117,120,0.5,2.0,1.0
015_RC105,15,RC,2,0,OPTIMAL,7.4218,2,0,0,0,2,0.0,0.0,0.0,7.4218,120,0.5,2.0,1.0
015_RC105,15,RC,2,1,OPTIMAL,4.8667,2,0,0,0,2,0.0,0.0,0.0,4.8667,120,0.5,2.0,1.0
015_RC105,15,RC,2,2,OPTIMAL,0.2062,2,0,0,0,2,0.0,0.0,0.0,0.2062,120,0.5,2.0,1.0
015_RC105,15,RC,2,3,OPTIMAL,7.0238,2,0,0,0,2,0.0,0.0,0.0,7.0238,120,0.5,2.0,1.0
015_RC105,15,RC,2,4,OPTIMAL,1.471,2,0,0,0,2,0.0,0.0,0.0,1.471,120,0.5,2.0,1.0
015_RC105,15,RC,2,5,OPTIMAL,0.62,2,0,0,0,2,0.0,0.0,0.0,0.62,120,0.5,2.0,1.0
015_RC105,15,RC,2,6,OPTIMAL,49.7072,2,1,0,1,1,0.5,35.7557,0.0,13.9515,120,0.5,2.0,1.0
015_RC105,15,RC,2,7,OPTIMAL,1.509,2,0,0,0,2,0.0,0.0,0.0,1.509,120,0.5,2.0,1.0
015_RC105,15,RC,2,8,OPTIMAL,42.9596,2,1,0,1,1,0.5,40.8758,0.0,2.0837,120,0.5,2.0,1.0
015_RC105,15,RC,2,9,OPTIMAL,5.1346,2,0,0,0,2,0.0,0.0,0.0,5.1346,120,0.5,2.0,1.0
015_RC105,15,RC,3,0,OPTIMAL,8.5237,3,0,0,0,3,0.0,0.0,0.0,8.5237,120,0.5,2.0,1.0
015_RC105,15,RC,3,1,OPTIMAL,3.2495,3,0,0,0,3,0.0,0.0,0.0,3.2495,120,0.5,2.0,1.0
015_RC105,15,RC,3,2,OPTIMAL,10.0453,3,0,0,0,3,0.0,0.0,0.0,10.0453,120,0.5,2.0,1.0
015_RC105,15,RC,3,3,OPTIMAL,38.9491,3,0,0,0,3,0.0,0.0,0.0,38.9491,120,0.5,2.0,1.0
015_RC105,15,RC,3,4,OPTIMAL,7.2557,3,0,0,0,3,0.0,0.0,0.0,7.2557,120,0.5,2.0,1.0
015_RC105,15,RC,3,5,OPTIMAL,15.9868,3,0,0,0,3,0.0,0.0,0.0,15.9868,120,0.5,2.0,1.0
015_RC105,15,RC,3,6,OPTIMAL,10.8667,3,0,0,0,3,0.0,0.0,0.0,10.8667,120,0.5,2.0,1.0
015_RC105,15,RC,3,7,OPTIMAL,28.3013,3,0,0,0,3,0.0,0.0,0.0,28.3013,120,0.5,2.0,1.0
015_RC105,15,RC,3,8,OPTIMAL,21.9773,3,0,0,0,3,0.0,0.0,0.0,21.9773,120,0.5,2.0,1.0
015_RC105,15,RC,3,9,OPTIMAL,13.1348,3,0,0,0,3,0.0,0.0,0.0,13.1348,120,0.5,2.0,1.0
015_RC106,15,RC,1,0,OPTIMAL,12.2638,1,0,0,0,1,0.0,0.0,0.0,12.2638,120,0.5,2.0,1.0
015_RC106,15,RC,1,1,OPTIMAL,1.2418,1,0,0,0,1,0.0,0.0,0.0,1.2418,120,0.5,2.0,1.0
015_RC106,15,RC,1,2,OPTIMAL,2.4662,1,0,0,0,1,0.0,0.0,0.0,2.4662,120,0.5,2.0,1.0
015_RC106,15,RC,1,3,OPTIMAL,0.0007,1,0,0,0,1,0.0,0.0,0.0,0.0007,120,0.5,2.0,1.0
015_RC106,15,RC,1,4,OPTIMAL,1.7142,1,0,0,0,1,0.0,0.0,0.0,1.7142,120,0.5,2.0,1.0
015_RC106,15,RC,1,5,OPTIMAL,1.0738,1,0,0,0,1,0.0,0.0,0.0,1.0738,120,0.5,2.0,1.0
015_RC106,15,RC,1,6,OPTIMAL,0.8029,1,0,0,0,1,0.0,0.0,0.0,0.8029,120,0.5,2.0,1.0
015_RC106,15,RC,1,7,OPTIMAL,3.9727,1,0,0,0,1,0.0,0.0,0.0,3.9727,120,0.5,2.0,1.0
015_RC106,15,RC,1,8,OPTIMAL,8.109,1,0,0,0,1,0.0,0.0,0.0,8.109,120,0.5,2.0,1.0
015_RC106,15,RC,1,9,OPTIMAL,0.0014,1,0,0,0,1,0.0,0.0,0.0,0.0014,120,0.5,2.0,1.0
015_RC106,15,RC,2,0,OPTIMAL,9.5039,2,0,0,0,2,0.0,0.0,0.0,9.5039,120,0.5,2.0,1.0
015_RC106,15,RC,2,1,OPTIMAL,0.4374,2,0,0,0,2,0.0,0.0,0.0,0.4374,120,0.5,2.0,1.0
015_RC106,15,RC,2,2,OPTIMAL,0.3485,2,0,0,0,2,0.0,0.0,0.0,0.3485,120,0.5,2.0,1.0
015_RC106,15,RC,2,3,OPTIMAL,9.3673,2,0,0,0,2,0.0,0.0,0.0,9.3673,120,0.5,2.0,1.0
015_RC106,15,RC,2,4,OPTIMAL,0.8807,2,0,0,0,2,0.0,0.0,0.0,0.8807,120,0.5,2.0,1.0
015_RC106,15,RC,2,5,OPTIMAL,0.2118,2,0,0,0,2,0.0,0.0,0.0,0.2118,120,0.5,2.0,1.0
015_RC106,15,RC,2,6,OPTIMAL,14.2382,2,0,0,0,2,0.0,0.0,0.0,14.2382,120,0.5,2.0,1.0
015_RC106,15,RC,2,7,OPTIMAL,0.2354,2,0,0,0,2,0.0,0.0,0.0,0.2354,120,0.5,2.0,1.0
015_RC106,15,RC,2,8,OPTIMAL,41.3014,2,1,0,1,1,0.5,40.8758,0.0,0.4255,120,0.5,2.0,1.0
015_RC106,15,RC,2,9,OPTIMAL,5.6252,2,0,0,0,2,0.0,0.0,0.0,5.6252,120,0.5,2.0,1.0
015_RC106,15,RC,3,0,OPTIMAL,8.5017,3,0,0,0,3,0.0,0.0,0.0,8.5017,120,0.5,2.0,1.0
015_RC106,15,RC,3,1,OPTIMAL,10.0419,3,0,0,0,3,0.0,0.0,0.0,10.0419,120,0.5,2.0,1.0
015_RC106,15,RC,3,2,OPTIMAL,7.2009,3,0,0,0,3,0.0,0.0,0.0,7.2009,120,0.5,2.0,1.0
015_RC106,15,RC,3,3,OPTIMAL,24.1287,3,0,0,0,3,0.0,0.0,0.0,24.1287,120,0.5,2.0,1.0
015_RC106,15,RC,3,4,OPTIMAL,5.3625,3,0,0,0,3,0.0,0.0,0.0,5.3625,120,0.5,2.0,1.0
015_RC106,15,RC,3,5,OPTIMAL,15.6307,3,0,0,0,3,0.0,0.0,0.0,15.6307,120,0.5,2.0,1.0
015_RC106,15,RC,3,6,OPTIMAL,1.7147,3,0,0,0,3,0.0,0.0,0.0,1.7147,120,0.5,2.0,1.0
015_RC106,15,RC,3,7,OPTIMAL,18.3158,3,0,0,0,3,0.0,0.0,0.0,18.3158,120,0.5,2.0,1.0
015_RC106,15,RC,3,8,OPTIMAL,17.3454,3,0,0,0,3,0.0,0.0,0.0,17.3454,120,0.5,2.0,1.0
015_RC106,15,RC,3,9,OPTIMAL,6.0189,3,0,0,0,3,0.0,0.0,0.0,6.0189,120,0.5,2.0,1.0
015_RC107,15,RC,1,0,OPTIMAL,16.3517,1,0,0,0,1,0.0,0.0,0.0,16.3517,120,0.5,2.0,1.0
015_RC107,15,RC,1,1,OPTIMAL,1.137,1,0,0,0,1,0.0,0.0,0.0,1.137,120,0.5,2.0,1.0
015_RC107,15,RC,1,2,OPTIMAL,0.2764,1,0,0,0,1,0.0,0.0,0.0,0.2764,120,0.5,2.0,1.0
015_RC107,15,RC,1,3,OPTIMAL,9.6692,1,0,0,0,1,0.0,0.0,0.0,9.6692,120,0.5,2.0,1.0
015_RC107,15,RC,1,4,OPTIMAL,0.0005,1,0,0,0,1,0.0,0.0,0.0,0.0005,120,0.5,2.0,1.0
015_RC107,15,RC,1,5,OPTIMAL,1.0738,1,0,0,0,1,0.0,0.0,0.0,1.0738,120,0.5,2.0,1.0
015_RC107,15,RC,1,6,OPTIMAL,0.8029,1,0,0,0,1,0.0,0.0,0.0,0.8029,120,0.5,2.0,1.0
015_RC107,15,RC,1,7,OPTIMAL,8.9701,1,0,0,0,1,0.0,0.0,0.0,8.9701,120,0.5,2.0,1.0
015_RC107,15,RC,1,8,OPTIMAL,0.2231,1,0,0,0,1,0.0,0.0,0.0,0.2231,120,0.5,2.0,1.0
015_RC107,15,RC,1,9,OPTIMAL,0.0014,1,0,0,0,1,0.0,0.0,0.0,0.0014,120,0.5,2.0,1.0
015_RC107,15,RC,2,0,OPTIMAL,6.0066,2,0,0,0,2,0.0,0.0,0.0,6.0066,120,0.5,2.0,1.0
015_RC107,15,RC,2,1,OPTIMAL,0.5881,2,0,0,0,2,0.0,0.0,0.0,0.5881,120,0.5,2.0,1.0
015_RC107,15,RC,2,2,OPTIMAL,0.3409,2,0,0,0,2,0.0,0.0,0.0,0.3409,120,0.5,2.0,1.0
015_RC107,15,RC,2,3,OPTIMAL,9.0157,2,0,0,0,2,0.0,0.0,0.0,9.0157,120,0.5,2.0,1.0
015_RC107,15,RC,2,4,OPTIMAL,5.0842,2,0,0,0,2,0.0,0.0,0.0,5.0842,120,0.5,2.0,1.0
015_RC107,15,RC,2,5,OPTIMAL,0.9763,2,0,0,0,2,0.0,0.0,0.0,0.9763,120,0.5,2.0,1.0
015_RC107,15,RC,2,6,OPTIMAL,7.6516,2,0,0,0,2,0.0,0.0,0.0,7.6516,120,0.5,2.0,1.0
015_RC107,15,RC,2,7,OPTIMAL,2.3837,2,0,0,0,2,0.0,0.0,0.0,2.3837,120,0.5,2.0,1.0
015_RC107,15,RC,2,8,OPTIMAL,40.9927,2,1,1,0,1,0.5,40.8758,0.0,0.1168,120,0.5,2.0,1.0
015_RC107,15,RC,2,9,OPTIMAL,3.3505,2,0,0,0,2,0.0,0.0,0.0,3.3505,120,0.5,2.0,1.0
015_RC107,15,RC,3,0,OPTIMAL,9.6246,3,0,0,0,3,0.0,0.0,0.0,9.6246,120,0.5,2.0,1.0
015_RC107,15,RC,3,1,OPTIMAL,38.5163,3,1,0,1,2,0.3333,33.4294,0.0,5.0869,120,0.5,2.0,1.0
015_RC107,15,RC,3,2,OPTIMAL,3.6867,3,0,0,0,3,0.0,0.0,0.0,3.6867,120,0.5,2.0,1.0
015_RC107,15,RC,3,3,OPTIMAL,17.3651,3,0,0,0,3,0.0,0.0,0.0,17.3651,120,0.5,2.0,1.0
015_RC107,15,RC,3,4,OPTIMAL,11.4778,3,0,0,0,3,0.0,0.0,0.0,11.4778,120,0.5,2.0,1.0
015_RC107,15,RC,3,5,OPTIMAL,15.5574,3,0,0,0,3,0.0,0.0,0.0,15.5574,120,0.5,2.0,1.0
015_RC107,15,RC,3,6,OPTIMAL,0.3208,3,0,0,0,3,0.0,0.0,0.0,0.3208,120,0.5,2.0,1.0
015_RC107,15,RC,3,7,OPTIMAL,17.0532,3,0,0,0,3,0.0,0.0,0.0,17.0532,120,0.5,2.0,1.0
015_RC107,15,RC,3,8,OPTIMAL,28.9681,3,0,0,0,3,0.0,0.0,0.0,28.9681,120,0.5,2.0,1.0
015_RC107,15,RC,3,9,OPTIMAL,40.7377,3,1,0,1,2,0.3333,32.352,0.0,8.3857,120,0.5,2.0,1.0
015_RC108,15,RC,1,0,OPTIMAL,9.9233,1,0,0,0,1,0.0,0.0,0.0,9.9233,120,0.5,2.0,1.0
015_RC108,15,RC,1,1,OPTIMAL,1.137,1,0,0,0,1,0.0,0.0,0.0,1.137,120,0.5,2.0,1.0
015_RC108,15,RC,1,2,OPTIMAL,7.2327,1,0,0,0,1,0.0,0.0,0.0,7.2327,120,0.5,2.0,1.0
015_RC108,15,RC,1,3,OPTIMAL,9.6692,1,0,0,0,1,0.0,0.0,0.0,9.6692,120,0.5,2.0,1.0
015_RC108,15,RC,1,4,OPTIMAL,0.2657,1,0,0,0,1,0.0,0.0,0.0,0.2657,120,0.5,2.0,1.0
015_RC108,15,RC,1,5,OPTIMAL,2.5881,1,0,0,0,1,0.0,0.0,0.0,2.5881,120,0.5,2.0,1.0
015_RC108,15,RC,1,6,OPTIMAL,1.971,1,0,0,0,1,0.0,0.0,0.0,1.971,120,0.5,2.0,1.0
015_RC108,15,RC,1,7,OPTIMAL,3.9727,1,0,0,0,1,0.0,0.0,0.0,3.9727,120,0.5,2.0,1.0
015_RC108,15,RC,1,8,OPTIMAL,0.1487,1,0,0,0,1,0.0,0.0,0.0,0.1487,120,0.5,2.0,1.0
015_RC108,15,RC,1,9,OPTIMAL,0.0021,1,0,0,0,1,0.0,0.0,0.0,0.0021,120,0.5,2.0,1.0
015_RC108,15,RC,2,0,OPTIMAL,4.6403,2,0,0,0,2,0.0,0.0,0.0,4.6403,120,0.5,2.0,1.0
015_RC108,15,RC,2,1,OPTIMAL,0.9512,2,0,0,0,2,0.0,0.0,0.0,0.9512,120,0.5,2.0,1.0
015_RC108,15,RC,2,2,OPTIMAL,0.6945,2,0,0,0,2,0.0,0.0,0.0,0.6945,120,0.5,2.0,1.0
015_RC108,15,RC,2,3,OPTIMAL,8.9622,2,0,0,0,2,0.0,0.0,0.0,8.9622,120,0.5,2.0,1.0
015_RC108,15,RC,2,4,OPTIMAL,2.7873,2,0,0,0,2,0.0,0.0,0.0,2.7873,120,0.5,2.0,1.0
015_RC108,15,RC,2,5,OPTIMAL,1.9941,2,0,0,0,2,0.0,0.0,0.0,1.9941,120,0.5,2.0,1.0
015_RC108,15,RC,2,6,OPTIMAL,16.5319,2,0,0,0,2,0.0,0.0,0.0,16.5319,120,0.5,2.0,1.0
015_RC108,15,RC,2,7,OPTIMAL,6.3378,2,0,0,0,2,0.0,0.0,0.0,6.3378,120,0.5,2.0,1.0
015_RC108,15,RC,2,8,OPTIMAL,41.3014,2,1,1,0,1,0.5,40.8758,0.0,0.4255,120,0.5,2.0,1.0
015_RC108,15,RC,2,9,OPTIMAL,9.0281,2,0,0,0,2,0.0,0.0,0.0,9.0281,120,0.5,2.0,1.0
015_RC108,15,RC,3,0,OPTIMAL,11.0085,3,0,0,0,3,0.0,0.0,0.0,11.0085,120,0.5,2.0,1.0
015_RC108,15,RC,3,1,OPTIMAL,65.3462,3,2,2,0,1,0.6667,65.1621,0.0,0.1841,120,0.5,2.0,1.0
015_RC108,15,RC,3,2,OPTIMAL,11.8034,3,0,0,0,3,0.0,0.0,0.0,11.8034,120,0.5,2.0,1.0
015_RC108,15,RC,3,3,OPTIMAL,24.1858,3,0,0,0,3,0.0,0.0,0.0,24.1858,120,0.5,2.0,1.0
015_RC108,15,RC,3,4,OPTIMAL,10.6166,3,0,0,0,3,0.0,0.0,0.0,10.6166,120,0.5,2.0,1.0
015_RC108,15,RC,3,5,OPTIMAL,31.3479,3,0,0,0,3,0.0,0.0,0.0,31.3479,120,0.5,2.0,1.0
015_RC108,15,RC,3,6,OPTIMAL,2.0663,3,0,0,0,3,0.0,0.0,0.0,2.0663,120,0.5,2.0,1.0
015_RC108,15,RC,3,7,OPTIMAL,35.3587,3,0,0,0,3,0.0,0.0,0.0,35.3587,120,0.5,2.0,1.0
015_RC108,15,RC,3,8,OPTIMAL,56.2049,3,1,0,1,2,0.3333,41.5179,0.0,14.687,120,0.5,2.0,1.0
015_RC108,15,RC,3,9,OPTIMAL,37.8894,3,1,1,0,2,0.3333,32.352,0.0,5.5374,120,0.5,2.0,1.0
015_RC201,15,RC,1,0,OPTIMAL,45.7818,1,1,1,0,0,1.0,45.7818,0.0,0.0,120,0.5,2.0,1.0
015_RC201,15,RC,1,1,OPTIMAL,0.6209,1,0,0,0,1,0.0,0.0,0.0,0.6209,120,0.5,2.0,1.0
015_RC201,15,RC,1,2,OPTIMAL,34.817,1,1,0,1,0,1.0,34.817,0.0,0.0,120,0.5,2.0,1.0
015_RC201,15,RC,1,3,OPTIMAL,0.0007,1,0,0,0,1,0.0,0.0,0.0,0.0007,120,0.5,2.0,1.0
015_RC201,15,RC,1,4,OPTIMAL,5.455,1,0,0,0,1,0.0,0.0,0.0,5.455,120,0.5,2.0,1.0
015_RC201,15,RC,1,5,OPTIMAL,0.5369,1,0,0,0,1,0.0,0.0,0.0,0.5369,120,0.5,2.0,1.0
015_RC201,15,RC,1,6,OPTIMAL,30.9084,1,1,1,0,0,1.0,30.9084,0.0,0.0,120,0.5,2.0,1.0
015_RC201,15,RC,1,7,OPTIMAL,40.6956,1,1,0,1,0,1.0,40.6956,0.0,0.0,120,0.5,2.0,1.0
015_RC201,15,RC,1,8,OPTIMAL,31.4398,1,1,1,0,0,1.0,31.4398,0.0,0.0,120,0.5,2.0,1.0
015_RC201,15,RC,1,9,OPTIMAL,0.9657,1,0,0,0,1,0.0,0.0,0.0,0.9657,120,0.5,2.0,1.0
015_RC201,15,RC,2,0,OPTIMAL,43.4681,2,1,0,1,1,0.5,32.7429,0.0,10.7253,120,0.5,2.0,1.0
015_RC201,15,RC,2,1,OPTIMAL,44.2307,2,1,1,0,1,0.5,43.2127,0.0,1.018,120,0.5,2.0,1.0
015_RC201,15,RC,2,2,OPTIMAL,35.3529,2,1,1,0,1,0.5,35.2106,0.0,0.1423,120,0.5,2.0,1.0
015_RC201,15,RC,2,3,OPTIMAL,36.9086,2,1,0,1,1,0.5,36.7021,0.0,0.2065,120,0.5,2.0,1.0
015_RC201,15,RC,2,4,OPTIMAL,70.0969,2,2,0,2,0,1.0,70.0969,0.0,0.0,120,0.5,2.0,1.0
015_RC201,15,RC,2,5,OPTIMAL,31.563,2,1,1,0,1,0.5,31.5586,0.0,0.0044,120,0.5,2.0,1.0
015_RC201,15,RC,2,6,OPTIMAL,81.8919,2,2,1,1,0,1.0,81.8919,0.0,0.0,120,0.5,2.0,1.0
015_RC201,15,RC,2,7,OPTIMAL,66.1206,2,2,2,0,0,1.0,66.1206,0.0,0.0,120,0.5,2.0,1.0
015_RC201,15,RC,2,8,OPTIMAL,41.3014,2,1,1,0,1,0.5,40.8758,0.0,0.4255,120,0.5,2.0,1.0
015_RC201,15,RC,2,9,OPTIMAL,53.452,2,1,0,1,1,0.5,37.8123,0.0,15.6397,120,0.5,2.0,1.0
015_RC201,15,RC,3,0,OPTIMAL,79.0838,3,2,2,0,1,0.6667,77.8451,0.0,1.2386,120,0.5,2.0,1.0
015_RC201,15,RC,3,1,OPTIMAL,68.1448,3,2,2,0,1,0.6667,65.1621,0.0,2.9827,120,0.5,2.0,1.0
015_RC201,15,RC,3,2,OPTIMAL,45.4452,3,1,1,0,2,0.3333,35.1384,0.0,10.3068,120,0.5,2.0,1.0
015_RC201,15,RC,3,3,OPTIMAL,14.5142,3,0,0,0,3,0.0,0.0,0.0,14.5142,120,0.5,2.0,1.0
015_RC201,15,RC,3,4,OPTIMAL,38.2695,3,1,0,1,2,0.3333,34.6557,0.0,3.6138,120,0.5,2.0,1.0
015_RC201,15,RC,3,5,OPTIMAL,82.1895,3,2,2,0,1,0.6667,79.9025,0.0,2.287,120,0.5,2.0,1.0
015_RC201,15,RC,3,6,OPTIMAL,68.0778,3,2,0,2,1,0.6667,66.6274,0.0,1.4504,120,0.5,2.0,1.0
015_RC201,15,RC,3,7,OPTIMAL,117.9273,3,3,3,0,0,1.0,117.9273,0.0,0.0,120,0.5,2.0,1.0
015_RC201,15,RC,3,8,OPTIMAL,56.4639,3,1,1,0,2,0.3333,41.5179,0.0,14.946,120,0.5,2.0,1.0
015_RC201,15,RC,3,9,OPTIMAL,41.8568,3,1,1,0,2,0.3333,32.352,0.0,9.5048,120,0.5,2.0,1.0
015_RC202,15,RC,1,0,OPTIMAL,45.7818,1,1,1,0,0,1.0,45.7818,0.0,0.0,120,0.5,2.0,1.0
015_RC202,15,RC,1,1,OPTIMAL,29.9838,1,1,0,1,0,1.0,29.9838,0.0,0.0,120,0.5,2.0,1.0
015_RC202,15,RC,1,2,OPTIMAL,34.817,1,1,0,1,0,1.0,34.817,0.0,0.0,120,0.5,2.0,1.0
015_RC202,15,RC,1,3,OPTIMAL,36.0642,1,1,0,1,0,1.0,36.0642,0.0,0.0,120,0.5,2.0,1.0
015_RC202,15,RC,1,4,OPTIMAL,5.455,1,0,0,0,1,0.0,0.0,0.0,5.455,120,0.5,2.0,1.0
015_RC202,15,RC,1,5,OPTIMAL,34.7012,1,1,0,1,0,1.0,34.7012,0.0,0.0,120,0.5,2.0,1.0
015_RC202,15,RC,1,6,OPTIMAL,30.9084,1,1,1,0,0,1.0,30.9084,0.0,0.0,120,0.5,2.0,1.0
015_RC202,15,RC,1,7,OPTIMAL,40.6956,1,1,0,1,0,1.0,40.6956,0.0,0.0,120,0.5,2.0,1.0
015_RC202,15,RC,1,8,OPTIMAL,27.7227,1,0,0,0,1,0.0,0.0,0.0,27.7227,120,0.5,2.0,1.0
015_RC202,15,RC,1,9,OPTIMAL,31.3437,1,1,1,0,0,1.0,31.3437,0.0,0.0,120,0.5,2.0,1.0
015_RC202,15,RC,2,0,OPTIMAL,43.4681,2,1,1,0,1,0.5,32.7429,0.0,10.7253,120,0.5,2.0,1.0
015_RC202,15,RC,2,1,OPTIMAL,71.5005,2,2,2,0,0,1.0,71.5005,0.0,0.0,120,0.5,2.0,1.0
015_RC202,15,RC,2,2,OPTIMAL,67.4582,2,2,1,1,0,1.0,67.4582,0.0,0.0,120,0.5,2.0,1.0
015_RC202,15,RC,2,3,OPTIMAL,71.9468,2,2,0,2,0,1.0,71.9468,0.0,0.0,120,0.5,2.0,1.0
015_RC202,15,RC,2,4,OPTIMAL,70.0969,2,2,0,2,0,1.0,70.0969,0.0,0.0,120,0.5,2.0,1.0
015_RC202,15,RC,2,5,OPTIMAL,64.1619,2,2,1,1,0,1.0,64.1619,0.0,0.0,120,0.5,2.0,1.0
015_RC202,15,RC,2,6,OPTIMAL,81.8919,2,2,1,1,0,1.0,81.8919,0.0,0.0,120,0.5,2.0,1.0
015_RC202,15,RC,2,7,OPTIMAL,66.1206,2,2,2,0,0,1.0,66.1206,0.0,0.0,120,0.5,2.0,1.0
015_RC202,15,RC,2,8,OPTIMAL,80.0673,2,2,2,0,0,1.0,80.0673,0.0,0.0,120,0.5,2.0,1.0
015_RC202,15,RC,2,9,OPTIMAL,53.452,2,1,1,0,1,0.5,37.8123,0.0,15.6397,120,0.5,2.0,1.0
015_RC202,15,RC,3,0,OPTIMAL,79.0838,3,2,2,0,1,0.6667,77.8451,0.0,1.2386,120,0.5,2.0,1.0
015_RC202,15,RC,3,1,OPTIMAL,68.1448,3,2,2,0,1,0.6667,65.1621,0.0,2.9827,120,0.5,2.0,1.0
015_RC202,15,RC,3,2,OPTIMAL,103.4439,3,3,2,1,0,1.0,103.4439,0.0,0.0,120,0.5,2.0,1.0
015_RC202,15,RC,3,3,OPTIMAL,83.3365,3,2,2,0,1,0.6667,75.8267,0.0,7.5098,120,0.5,2.0,1.0
015_RC202,15,RC,3,4,OPTIMAL,42.3124,3,1,1,0,2,0.3333,34.6557,0.0,7.6567,120,0.5,2.0,1.0
015_RC202,15,RC,3,5,OPTIMAL,108.992,3,3,2,1,0,1.0,108.992,0.0,0.0,120,0.5,2.0,1.0
015_RC202,15,RC,3,6,OPTIMAL,102.3721,3,3,1,2,0,1.0,102.3721,0.0,0.0,120,0.5,2.0,1.0
015_RC202,15,RC,3,7,OPTIMAL,77.7549,3,2,2,0,1,0.6667,74.1198,0.0,3.6351,120,0.5,2.0,1.0
015_RC202,15,RC,3,8,OPTIMAL,62.2166,3,1,1,0,2,0.3333,41.5179,0.0,20.6987,120,0.5,2.0,1.0
015_RC202,15,RC,3,9,OPTIMAL,107.2676,3,3,1,2,0,1.0,107.2676,0.0,0.0,120,0.5,2.0,1.0
015_RC203,15,RC,1,0,OPTIMAL,45.7818,1,1,1,0,0,1.0,45.7818,0.0,0.0,120,0.5,2.0,1.0
015_RC203,15,RC,1,1,OPTIMAL,0.6209,1,0,0,0,1,0.0,0.0,0.0,0.6209,120,0.5,2.0,1.0
015_RC203,15,RC,1,2,OPTIMAL,34.817,1,1,1,0,0,1.0,34.817,0.0,0.0,120,0.5,2.0,1.0
015_RC203,15,RC,1,3,OPTIMAL,36.0642,1,1,0,1,0,1.0,36.0642,0.0,0.0,120,0.5,2.0,1.0
015_RC203,15,RC,1,4,OPTIMAL,37.6796,1,1,1,0,0,1.0,37.6796,0.0,0.0,120,0.5,2.0,1.0
015_RC203,15,RC,1,5,OPTIMAL,34.7012,1,1,0,1,0,1.0,34.7012,0.0,0.0,120,0.5,2.0,1.0
015_RC203,15,RC,1,6,OPTIMAL,30.9084,1,1,1,0,0,1.0,30.9084,0.0,0.0,120,0.5,2.0,1.0
015_RC203,15,RC,1,7,OPTIMAL,40.6956,1,1,0,1,0,1.0,40.6956,0.0,0.0,120,0.5,2.0,1.0
015_RC203,15,RC,1,8,OPTIMAL,31.4398,1,1,0,1,0,1.0,31.4398,0.0,0.0,120,0.5,2.0,1.0
015_RC203,15,RC,1,9,OPTIMAL,31.3437,1,1,1,0,0,1.0,31.3437,0.0,0.0,120,0.5,2.0,1.0
015_RC203,15,RC,2,0,OPTIMAL,77.509,2,2,2,0,0,1.0,77.509,0.0,0.0,120,0.5,2.0,1.0
015_RC203,15,RC,2,1,OPTIMAL,71.5005,2,2,2,0,0,1.0,71.5005,0.0,0.0,120,0.5,2.0,1.0
015_RC203,15,RC,2,2,OPTIMAL,67.4582,2,2,1,1,0,1.0,67.4582,0.0,0.0,120,0.5,2.0,1.0
015_RC203,15,RC,2,3,OPTIMAL,71.9468,2,2,1,1,0,1.0,71.9468,0.0,0.0,120,0.5,2.0,1.0
015_RC203,15,RC,2,4,OPTIMAL,70.0969,2,2,2,0,0,1.0,70.0969,0.0,0.0,120,0.5,2.0,1.0
015_RC203,15,RC,2,5,OPTIMAL,64.1619,2,2,1,1,0,1.0,64.1619,0.0,0.0,120,0.5,2.0,1.0
015_RC203,15,RC,2,6,OPTIMAL,81.8919,2,2,1,1,0,1.0,81.8919,0.0,0.0,120,0.5,2.0,1.0
015_RC203,15,RC,2,7,OPTIMAL,66.1206,2,2,2,0,0,1.0,66.1206,0.0,0.0,120,0.5,2.0,1.0
015_RC203,15,RC,2,8,OPTIMAL,80.0673,2,2,2,0,0,1.0,80.0673,0.0,0.0,120,0.5,2.0,1.0
015_RC203,15,RC,2,9,OPTIMAL,80.3581,2,2,1,1,0,1.0,80.3581,0.0,0.0,120,0.5,2.0,1.0
015_RC203,15,RC,3,0,OPTIMAL,79.0838,3,2,2,0,1,0.6667,77.8451,0.0,1.2386,120,0.5,2.0,1.0
015_RC203,15,RC,3,1,OPTIMAL,108.6831,3,3,2,1,0,1.0,108.6831,0.0,0.0,120,0.5,2.0,1.0
015_RC203,15,RC,3,2,OPTIMAL,103.4439,3,3,2,1,0,1.0,103.4439,0.0,0.0,120,0.5,2.0,1.0
015_RC203,15,RC,3,3,OPTIMAL,122.6033,3,3,2,1,0,1.0,122.6033,0.0,0.0,120,0.5,2.0,1.0
015_RC203,15,RC,3,4,OPTIMAL,43.6783,3,1,1,0,2,0.3333,34.6557,0.0,9.0226,120,0.5,2.0,1.0
015_RC203,15,RC,3,5,OPTIMAL,82.1895,3,2,2,0,1,0.6667,79.9025,0.0,2.287,120,0.5,2.0,1.0
015_RC203,15,RC,3,6,OPTIMAL,102.3721,3,3,1,2,0,1.0,102.3721,0.0,0.0,120,0.5,2.0,1.0
015_RC203,15,RC,3,7,OPTIMAL,74.4991,3,2,2,0,1,0.6667,74.1198,0.0,0.3793,120,0.5,2.0,1.0
015_RC203,15,RC,3,8,OPTIMAL,56.643,3,1,1,0,2,0.3333,41.5179,0.0,15.1251,120,0.5,2.0,1.0
015_RC203,15,RC,3,9,OPTIMAL,107.2676,3,3,1,2,0,1.0,107.2676,0.0,0.0,120,0.5,2.0,1.0
015_RC204,15,RC,1,0,OPTIMAL,45.7818,1,1,1,0,0,1.0,45.7818,0.0,0.0,120,0.5,2.0,1.0
015_RC204,15,RC,1,1,OPTIMAL,0.6209,1,0,0,0,1,0.0,0.0,0.0,0.6209,120,0.5,2.0,1.0
015_RC204,15,RC,1,2,OPTIMAL,34.817,1,1,1,0,0,1.0,34.817,0.0,0.0,120,0.5,2.0,1.0
015_RC204,15,RC,1,3,OPTIMAL,36.0642,1,1,0,1,0,1.0,36.0642,0.0,0.0,120,0.5,2.0,1.0
015_RC204,15,RC,1,4,OPTIMAL,37.6796,1,1,1,0,0,1.0,37.6796,0.0,0.0,120,0.5,2.0,1.0
015_RC204,15,RC,1,5,OPTIMAL,34.7012,1,1,0,1,0,1.0,34.7012,0.0,0.0,120,0.5,2.0,1.0
015_RC204,15,RC,1,6,OPTIMAL,30.9084,1,1,1,0,0,1.0,30.9084,0.0,0.0,120,0.5,2.0,1.0
015_RC204,15,RC,1,7,OPTIMAL,40.6956,1,1,0,1,0,1.0,40.6956,0.0,0.0,120,0.5,2.0,1.0
015_RC204,15,RC,1,8,OPTIMAL,18.9044,1,0,0,0,1,0.0,0.0,0.0,18.9044,120,0.5,2.0,1.0
015_RC204,15,RC,1,9,OPTIMAL,31.3437,1,1,1,0,0,1.0,31.3437,0.0,0.0,120,0.5,2.0,1.0
015_RC204,15,RC,2,0,OPTIMAL,77.509,2,2,2,0,0,1.0,77.509,0.0,0.0,120,0.5,2.0,1.0
015_RC204,15,RC,2,1,OPTIMAL,71.5005,2,2,2,0,0,1.0,71.5005,0.0,0.0,120,0.5,2.0,1.0
015_RC204,15,RC,2,2,OPTIMAL,67.4582,2,2,1,1,0,1.0,67.4582,0.0,0.0,120,0.5,2.0,1.0
015_RC204,15,RC,2,3,OPTIMAL,71.9468,2,2,1,1,0,1.0,71.9468,0.0,0.0,120,0.5,2.0,1.0
015_RC204,15,RC,2,4,OPTIMAL,70.0969,2,2,2,0,0,1.0,70.0969,0.0,0.0,120,0.5,2.0,1.0
015_RC204,15,RC,2,5,OPTIMAL,64.1619,2,2,1,1,0,1.0,64.1619,0.0,0.0,120,0.5,2.0,1.0
015_RC204,15,RC,2,6,OPTIMAL,81.8919,2,2,2,0,0,1.0,81.8919,0.0,0.0,120,0.5,2.0,1.0
015_RC204,15,RC,2,7,OPTIMAL,66.1206,2,2,2,0,0,1.0,66.1206,0.0,0.0,120,0.5,2.0,1.0
015_RC204,15,RC,2,8,OPTIMAL,80.0673,2,2,2,0,0,1.0,80.0673,0.0,0.0,120,0.5,2.0,1.0
015_RC204,15,RC,2,9,OPTIMAL,80.3581,2,2,2,0,0,1.0,80.3581,0.0,0.0,120,0.5,2.0,1.0
015_RC204,15,RC,3,0,OPTIMAL,79.0838,3,2,2,0,1,0.6667,77.8451,0.0,1.2386,120,0.5,2.0,1.0
015_RC204,15,RC,3,1,OPTIMAL,108.6831,3,3,3,0,0,1.0,108.6831,0.0,0.0,120,0.5,2.0,1.0
015_RC204,15,RC,3,2,OPTIMAL,103.4439,3,3,2,1,0,1.0,103.4439,0.0,0.0,120,0.5,2.0,1.0
015_RC204,15,RC,3,3,OPTIMAL,122.6033,3,3,2,1,0,1.0,122.6033,0.0,0.0,120,0.5,2.0,1.0
015_RC204,15,RC,3,4,OPTIMAL,44.5901,3,1,1,0,2,0.3333,34.6557,0.0,9.9344,120,0.5,2.0,1.0
015_RC204,15,RC,3,5,OPTIMAL,82.1895,3,2,2,0,1,0.6667,79.9025,0.0,2.287,120,0.5,2.0,1.0
015_RC204,15,RC,3,6,OPTIMAL,102.3721,3,3,1,2,0,1.0,102.3721,0.0,0.0,120,0.5,2.0,1.0
015_RC204,15,RC,3,7,OPTIMAL,81.2815,3,2,2,0,1,0.6667,74.1198,0.0,7.1617,120,0.5,2.0,1.0
015_RC204,15,RC,3,8,OPTIMAL,80.2183,3,2,2,0,1,0.6667,79.0701,0.0,1.1483,120,0.5,2.0,1.0
015_RC204,15,RC,3,9,OPTIMAL,107.2676,3,3,1,2,0,1.0,107.2676,0.0,0.0,120,0.5,2.0,1.0
015_RC205,15,RC,1,0,OPTIMAL,45.7818,1,1,1,0,0,1.0,45.7818,0.0,0.0,120,0.5,2.0,1.0
015_RC205,15,RC,1,1,OPTIMAL,29.9838,1,1,1,0,0,1.0,29.9838,0.0,0.0,120,0.5,2.0,1.0
015_RC205,15,RC,1,2,OPTIMAL,34.817,1,1,1,0,0,1.0,34.817,0.0,0.0,120,0.5,2.0,1.0
015_RC205,15,RC,1,3,OPTIMAL,36.0642,1,1,1,0,0,1.0,36.0642,0.0,0.0,120,0.5,2.0,1.0
015_RC205,15,RC,1,4,OPTIMAL,5.455,1,0,0,0,1,0.0,0.0,0.0,5.455,120,0.5,2.0,1.0
015_RC205,15,RC,1,5,OPTIMAL,0.5369,1,0,0,0,1,0.0,0.0,0.0,0.5369,120,0.5,2.0,1.0
015_RC205,15,RC,1,6,OPTIMAL,30.9084,1,1,1,0,0,1.0,30.9084,0.0,0.0,120,0.5,2.0,1.0
015_RC205,15,RC,1,7,OPTIMAL,40.6956,1,1,1,0,0,1.0,40.6956,0.0,0.0,120,0.5,2.0,1.0
015_RC205,15,RC,1,8,OPTIMAL,9.4522,1,0,0,0,1,0.0,0.0,0.0,9.4522,120,0.5,2.0,1.0
015_RC205,15,RC,1,9,OPTIMAL,31.3437,1,1,1,0,0,1.0,31.3437,0.0,0.0,120,0.5,2.0,1.0
015_RC205,15,RC,2,0,OPTIMAL,34.5852,2,1,1,0,1,0.5,32.7429,0.0,1.8423,120,0.5,2.0,1.0
015_RC205,15,RC,2,1,OPTIMAL,8.6231,2,0,0,0,2,0.0,0.0,0.0,8.6231,120,0.5,2.0,1.0
015_RC205,15,RC,2,2,OPTIMAL,67.4582,2,2,1,1,0,1.0,67.4582,0.0,0.0,120,0.5,2.0,1.0
015_RC205,15,RC,2,3,OPTIMAL,36.9086,2,1,1,0,1,0.5,36.7021,0.0,0.2065,120,0.5,2.0,1.0
015_RC205,15,RC,2,4,OPTIMAL,33.7059,2,1,1,0,1,0.5,32.8292,0.0,0.8767,120,0.5,2.0,1.0
015_RC205,15,RC,2,5,OPTIMAL,31.563,2,1,0,1,1,0.5,31.5586,0.0,0.0044,120,0.5,2.0,1.0
015_RC205,15,RC,2,6,OPTIMAL,58.7298,2,1,0,1,1,0.5,35.7557,0.0,22.9741,120,0.5,2.0,1.0
015_RC205,15,RC,2,7,OPTIMAL,33.8125,2,1,0,1,1,0.5,33.6468,0.0,0.1657,120,0.5,2.0,1.0
015_RC205,15,RC,2,8,OPTIMAL,45.4389,2,1,1,0,1,0.5,40.8758,0.0,4.5631,120,0.5,2.0,1.0
015_RC205,15,RC,2,9,OPTIMAL,44.3034,2,1,0,1,1,0.5,42.5458,0.0,1.7576,120,0.5,2.0,1.0
015_RC205,15,RC,3,0,OPTIMAL,71.4563,3,2,2,0,1,0.6667,66.9936,0.0,4.4627,120,0.5,2.0,1.0
015_RC205,15,RC,3,1,OPTIMAL,108.6831,3,3,3,0,0,1.0,108.6831,0.0,0.0,120,0.5,2.0,1.0
015_RC205,15,RC,3,2,OPTIMAL,10.5987,3,0,0,0,3,0.0,0.0,0.0,10.5987,120,0.5,2.0,1.0
015_RC205,15,RC,3,3,OPTIMAL,83.3365,3,2,2,0,1,0.6667,75.8267,0.0,7.5098,120,0.5,2.0,1.0
015_RC205,15,RC,3,4,OPTIMAL,36.8792,3,1,0,1,2,0.3333,30.0033,0.0,6.8759,120,0.5,2.0,1.0
015_RC205,15,RC,3,5,OPTIMAL,45.6375,3,1,1,0,2,0.3333,42.6763,0.0,2.9612,120,0.5,2.0,1.0
015_RC205,15,RC,3,6,OPTIMAL,102.3721,3,3,1,2,0,1.0,102.3721,0.0,0.0,120,0.5,2.0,1.0
015_RC205,15,RC,3,7,OPTIMAL,77.7549,3,2,0,2,1,0.6667,74.1198,0.0,3.6351,120,0.5,2.0,1.0
015_RC205,15,RC,3,8,OPTIMAL,56.4639,3,1,1,0,2,0.3333,41.5179,0.0,14.946,120,0.5,2.0,1.0
015_RC205,15,RC,3,9,OPTIMAL,44.8744,3,1,1,0,2,0.3333,32.352,0.0,12.5224,120,0.5,2.0,1.0
015_RC206,15,RC,1,0,OPTIMAL,45.7818,1,1,1,0,0,1.0,45.7818,0.0,0.0,120,0.5,2.0,1.0
015_RC206,15,RC,1,1,OPTIMAL,0.6209,1,0,0,0,1,0.0,0.0,0.0,0.6209,120,0.5,2.0,1.0
015_RC206,15,RC,1,2,OPTIMAL,8.7657,1,0,0,0,1,0.0,0.0,0.0,8.7657,120,0.5,2.0,1.0
015_RC206,15,RC,1,3,OPTIMAL,36.0642,1,1,0,1,0,1.0,36.0642,0.0,0.0,120,0.5,2.0,1.0
015_RC206,15,RC,1,4,OPTIMAL,5.455,1,0,0,0,1,0.0,0.0,0.0,5.455,120,0.5,2.0,1.0
015_RC206,15,RC,1,5,OPTIMAL,34.7012,1,1,0,1,0,1.0,34.7012,0.0,0.0,120,0.5,2.0,1.0
015_RC206,15,RC,1,6,OPTIMAL,30.9084,1,1,0,1,0,1.0,30.9084,0.0,0.0,120,0.5,2.0,1.0
015_RC206,15,RC,1,7,OPTIMAL,40.6956,1,1,1,0,0,1.0,40.6956,0.0,0.0,120,0.5,2.0,1.0
015_RC206,15,RC,1,8,OPTIMAL,31.4398,1,1,0,1,0,1.0,31.4398,0.0,0.0,120,0.5,2.0,1.0
015_RC206,15,RC,1,9,OPTIMAL,31.3437,1,1,0,1,0,1.0,31.3437,0.0,0.0,120,0.5,2.0,1.0
015_RC206,15,RC,2,0,OPTIMAL,3.9245,2,0,0,0,2,0.0,0.0,0.0,3.9245,120,0.5,2.0,1.0
015_RC206,15,RC,2,1,OPTIMAL,2.312,2,0,0,0,2,0.0,0.0,0.0,2.312,120,0.5,2.0,1.0
015_RC206,15,RC,2,2,OPTIMAL,67.4582,2,2,1,1,0,1.0,67.4582,0.0,0.0,120,0.5,2.0,1.0
015_RC206,15,RC,2,3,OPTIMAL,42.062,2,1,1,0,1,0.5,35.2447,0.0,6.8172,120,0.5,2.0,1.0
015_RC206,15,RC,2,4,OPTIMAL,38.3779,2,1,1,0,1,0.5,37.2676,0.0,1.1103,120,0.5,2.0,1.0
015_RC206,15,RC,2,5,OPTIMAL,34.6907,2,1,0,1,1,0.5,32.6033,0.0,2.0874,120,0.5,2.0,1.0
015_RC206,15,RC,2,6,OPTIMAL,58.7298,2,1,1,0,1,0.5,35.7557,0.0,22.9741,120,0.5,2.0,1.0
015_RC206,15,RC,2,7,OPTIMAL,6.1721,2,0,0,0,2,0.0,0.0,0.0,6.1721,120,0.5,2.0,1.0
015_RC206,15,RC,2,8,OPTIMAL,41.3014,2,1,1,0,1,0.5,40.8758,0.0,0.4255,120,0.5,2.0,1.0
015_RC206,15,RC,2,9,OPTIMAL,80.3581,2,2,2,0,0,1.0,80.3581,0.0,0.0,120,0.5,2.0,1.0
015_RC206,15,RC,3,0,OPTIMAL,79.0838,3,2,2,0,1,0.6667,77.8451,0.0,1.2386,120,0.5,2.0,1.0
015_RC206,15,RC,3,1,OPTIMAL,82.2115,3,2,2,0,1,0.6667,65.1621,0.0,17.0494,120,0.5,2.0,1.0
015_RC206,15,RC,3,2,OPTIMAL,73.3649,3,2,1,1,1,0.6667,68.3055,0.0,5.0594,120,0.5,2.0,1.0
015_RC206,15,RC,3,3,OPTIMAL,89.5576,3,1,0,1,2,0.3333,39.009,0.0,50.5486,120,0.5,2.0,1.0
015_RC206,15,RC,3,4,OPTIMAL,45.9304,3,1,1,0,2,0.3333,34.6557,0.0,11.2746,120,0.5,2.0,1.0
015_RC206,15,RC,3,5,OPTIMAL,108.992,3,3,3,0,0,1.0,108.992,0.0,0.0,120,0.5,2.0,1.0
015_RC206,15,RC,3,6,OPTIMAL,102.3721,3,3,0,3,0,1.0,102.3721,0.0,0.0,120,0.5,2.0,1.0
015_RC206,15,RC,3,7,OPTIMAL,67.587,3,1,1,0,2,0.3333,43.8075,0.0,23.7796,120,0.5,2.0,1.0
015_RC206,15,RC,3,8,OPTIMAL,80.0392,3,2,1,1,1,0.6667,79.0701,0.0,0.9691,120,0.5,2.0,1.0
015_RC206,15,RC,3,9,OPTIMAL,74.268,3,2,2,0,1,0.6667,74.261,0.0,0.007,120,0.5,2.0,1.0
015_RC207,15,RC,1,0,OPTIMAL,45.7818,1,1,1,0,0,1.0,45.7818,0.0,0.0,120,0.5,2.0,1.0
015_RC207,15,RC,1,1,OPTIMAL,0.0076,1,0,0,0,1,0.0,0.0,0.0,0.0076,120,0.5,2.0,1.0
015_RC207,15,RC,1,2,OPTIMAL,34.817,1,1,0,1,0,1.0,34.817,0.0,0.0,120,0.5,2.0,1.0
015_RC207,15,RC,1,3,OPTIMAL,36.0642,1,1,0,1,0,1.0,36.0642,0.0,0.0,120,0.5,2.0,1.0
015_RC207,15,RC,1,4,OPTIMAL,5.455,1,0,0,0,1,0.0,0.0,0.0,5.455,120,0.5,2.0,1.0
015_RC207,15,RC,1,5,OPTIMAL,34.7012,1,1,1,0,0,1.0,34.7012,0.0,0.0,120,0.5,2.0,1.0
015_RC207,15,RC,1,6,OPTIMAL,30.9084,1,1,0,1,0,1.0,30.9084,0.0,0.0,120,0.5,2.0,1.0
015_RC207,15,RC,1,7,OPTIMAL,40.6956,1,1,1,0,0,1.0,40.6956,0.0,0.0,120,0.5,2.0,1.0
015_RC207,15,RC,1,8,OPTIMAL,4.0545,1,0,0,0,1,0.0,0.0,0.0,4.0545,120,0.5,2.0,1.0
015_RC207,15,RC,1,9,OPTIMAL,31.3437,1,1,0,1,0,1.0,31.3437,0.0,0.0,120,0.5,2.0,1.0
015_RC207,15,RC,2,0,OPTIMAL,53.6956,2,1,0,1,1,0.5,32.7429,0.0,20.9527,120,0.5,2.0,1.0
015_RC207,15,RC,2,1,OPTIMAL,1.3637,2,0,0,0,2,0.0,0.0,0.0,1.3637,120,0.5,2.0,1.0
015_RC207,15,RC,2,2,OPTIMAL,67.4582,2,2,1,1,0,1.0,67.4582,0.0,0.0,120,0.5,2.0,1.0
015_RC207,15,RC,2,3,OPTIMAL,71.9468,2,2,1,1,0,1.0,71.9468,0.0,0.0,120,0.5,2.0,1.0
015_RC207,15,RC,2,4,OPTIMAL,38.3779,2,1,0,1,1,0.5,37.2676,0.0,1.1103,120,0.5,2.0,1.0
015_RC207,15,RC,2,5,OPTIMAL,64.1619,2,2,1,1,0,1.0,64.1619,0.0,0.0,120,0.5,2.0,1.0
015_RC207,15,RC,2,6,OPTIMAL,58.7298,2,1,0,1,1,0.5,35.7557,0.0,22.9741,120,0.5,2.0,1.0
015_RC207,15,RC,2,7,OPTIMAL,6.1721,2,0,0,0,2,0.0,0.0,0.0,6.1721,120,0.5,2.0,1.0
015_RC207,15,RC,2,8,OPTIMAL,48.864,2,1,1,0,1,0.5,40.8758,0.0,7.9882,120,0.5,2.0,1.0
015_RC207,15,RC,2,9,OPTIMAL,53.452,2,1,0,1,1,0.5,37.8123,0.0,15.6397,120,0.5,2.0,1.0
015_RC207,15,RC,3,0,OPTIMAL,83.8554,3,2,1,1,1,0.6667,77.8451,0.0,6.0103,120,0.5,2.0,1.0
015_RC207,15,RC,3,1,OPTIMAL,68.1448,3,2,2,0,1,0.6667,65.1621,0.0,2.9827,120,0.5,2.0,1.0
015_RC207,15,RC,3,2,OPTIMAL,73.5121,3,2,1,1,1,0.6667,72.7925,0.0,0.7196,120,0.5,2.0,1.0
015_RC207,15,RC,3,3,OPTIMAL,70.0438,3,1,0,1,2,0.3333,39.009,0.0,31.0348,120,0.5,2.0,1.0
015_RC207,15,RC,3,4,OPTIMAL,45.9304,3,1,1,0,2,0.3333,34.6557,0.0,11.2746,120,0.5,2.0,1.0
015_RC207,15,RC,3,5,OPTIMAL,80.5379,3,2,1,1,1,0.6667,79.9025,0.0,0.6354,120,0.5,2.0,1.0
015_RC207,15,RC,3,6,OPTIMAL,102.3721,3,3,2,1,0,1.0,102.3721,0.0,0.0,120,0.5,2.0,1.0
015_RC207,15,RC,3,7,OPTIMAL,67.587,3,1,1,0,2,0.3333,43.8075,0.0,23.7796,120,0.5,2.0,1.0
015_RC207,15,RC,3,8,OPTIMAL,80.0392,3,2,1,1,1,0.6667,79.0701,0.0,0.9691,120,0.5,2.0,1.0
015_RC207,15,RC,3,9,OPTIMAL,74.268,3,2,2,0,1,0.6667,74.261,0.0,0.007,120,0.5,2.0,1.0
015_RC208,15,RC,1,0,OPTIMAL,12.8547,1,0,0,0,1,0.0,0.0,0.0,12.8547,120,0.5,2.0,1.0
015_RC208,15,RC,1,1,OPTIMAL,29.9838,1,1,1,0,0,1.0,29.9838,0.0,0.0,120,0.5,2.0,1.0
015_RC208,15,RC,1,2,OPTIMAL,34.817,1,1,1,0,0,1.0,34.817,0.0,0.0,120,0.5,2.0,1.0
015_RC208,15,RC,1,3,OPTIMAL,36.0642,1,1,1,0,0,1.0,36.0642,0.0,0.0,120,0.5,2.0,1.0
015_RC208,15,RC,1,4,OPTIMAL,37.6796,1,1,1,0,0,1.0,37.6796,0.0,0.0,120,0.5,2.0,1.0
015_RC208,15,RC,1,5,OPTIMAL,34.7012,1,1,1,0,0,1.0,34.7012,0.0,0.0,120,0.5,2.0,1.0
015_RC208,15,RC,1,6,OPTIMAL,30.9084,1,1,1,0,0,1.0,30.9084,0.0,0.0,120,0.5,2.0,1.0
015_RC208,15,RC,1,7,OPTIMAL,40.6956,1,1,1,0,0,1.0,40.6956,0.0,0.0,120,0.5,2.0,1.0
015_RC208,15,RC,1,8,OPTIMAL,4.0545,1,0,0,0,1,0.0,0.0,0.0,4.0545,120,0.5,2.0,1.0
015_RC208,15,RC,1,9,OPTIMAL,31.3437,1,1,1,0,0,1.0,31.3437,0.0,0.0,120,0.5,2.0,1.0
015_RC208,15,RC,2,0,OPTIMAL,77.509,2,2,1,1,0,1.0,77.509,0.0,0.0,120,0.5,2.0,1.0
015_RC208,15,RC,2,1,OPTIMAL,43.2824,2,1,1,0,1,0.5,43.2127,0.0,0.0697,120,0.5,2.0,1.0
015_RC208,15,RC,2,2,OPTIMAL,32.6338,2,1,1,0,1,0.5,32.2476,0.0,0.3862,120,0.5,2.0,1.0
015_RC208,15,RC,2,3,OPTIMAL,71.9468,2,2,2,0,0,1.0,71.9468,0.0,0.0,120,0.5,2.0,1.0
015_RC208,15,RC,2,4,OPTIMAL,70.0969,2,2,2,0,0,1.0,70.0969,0.0,0.0,120,0.5,2.0,1.0
015_RC208,15,RC,2,5,OPTIMAL,64.1619,2,2,2,0,0,1.0,64.1619,0.0,0.0,120,0.5,2.0,1.0
015_RC208,15,RC,2,6,OPTIMAL,81.8919,2,2,2,0,0,1.0,81.8919,0.0,0.0,120,0.5,2.0,1.0
015_RC208,15,RC,2,7,OPTIMAL,66.1206,2,2,2,0,0,1.0,66.1206,0.0,0.0,120,0.5,2.0,1.0
015_RC208,15,RC,2,8,OPTIMAL,48.864,2,1,1,0,1,0.5,40.8758,0.0,7.9882,120,0.5,2.0,1.0
015_RC208,15,RC,2,9,OPTIMAL,80.3581,2,2,1,1,0,1.0,80.3581,0.0,0.0,120,0.5,2.0,1.0
015_RC208,15,RC,3,0,OPTIMAL,108.5304,3,3,2,1,0,1.0,108.5304,0.0,0.0,120,0.5,2.0,1.0
015_RC208,15,RC,3,1,OPTIMAL,108.6831,3,3,3,0,0,1.0,108.6831,0.0,0.0,120,0.5,2.0,1.0
015_RC208,15,RC,3,2,OPTIMAL,73.5121,3,2,1,1,1,0.6667,72.7925,0.0,0.7196,120,0.5,2.0,1.0
015_RC208,15,RC,3,3,OPTIMAL,122.6033,3,3,3,0,0,1.0,122.6033,0.0,0.0,120,0.5,2.0,1.0
015_RC208,15,RC,3,4,OPTIMAL,67.9061,3,2,1,1,1,0.6667,64.659,0.0,3.2471,120,0.5,2.0,1.0
015_RC208,15,RC,3,5,OPTIMAL,79.9758,3,2,2,0,1,0.6667,79.9025,0.0,0.0733,120,0.5,2.0,1.0
015_RC208,15,RC,3,6,OPTIMAL,102.3721,3,3,1,2,0,1.0,102.3721,0.0,0.0,120,0.5,2.0,1.0
015_RC208,15,RC,3,7,OPTIMAL,77.7549,3,2,0,2,1,0.6667,74.1198,0.0,3.6351,120,0.5,2.0,1.0
015_RC208,15,RC,3,8,OPTIMAL,80.0392,3,2,2,0,1,0.6667,79.0701,0.0,0.9691,120,0.5,2.0,1.0
015_RC208,15,RC,3,9,OPTIMAL,74.3975,3,2,2,0,1,0.6667,74.261,0.0,0.1365,120,0.5,2.0,1.0
025_C101,25,C,2,0,OPTIMAL,42.3464,2,1,0,1,1,0.5,37.9572,0.0,4.3893,120,0.5,2.0,1.0
025_C101,25,C,2,1,OPTIMAL,48.9092,2,1,0,1,1,0.5,40.5188,0.0,8.3904,120,0.5,2.0,1.0
025_C101,25,C,2,2,OPTIMAL,14.5985,2,0,0,0,2,0.0,0.0,0.0,14.5985,120,0.5,2.0,1.0
025_C101,25,C,2,3,OPTIMAL,13.3889,2,0,0,0,2,0.0,0.0,0.0,13.3889,120,0.5,2.0,1.0
025_C101,25,C,2,4,OPTIMAL,4.1965,2,0,0,0,2,0.0,0.0,0.0,4.1965,120,0.5,2.0,1.0
025_C101,25,C,2,5,OPTIMAL,38.2087,2,1,0,1,1,0.5,33.8564,0.0,4.3522,120,0.5,2.0,1.0
025_C101,25,C,2,6,OPTIMAL,14.2702,2,0,0,0,2,0.0,0.0,0.0,14.2702,120,0.5,2.0,1.0
025_C101,25,C,2,7,OPTIMAL,43.5351,2,1,0,1,1,0.5,37.6195,0.0,5.9156,120,0.5,2.0,1.0
025_C101,25,C,2,8,OPTIMAL,36.4193,2,1,0,1,1,0.5,34.9078,0.0,1.5115,120,0.5,2.0,1.0
025_C101,25,C,2,9,OPTIMAL,14.8221,2,0,0,0,2,0.0,0.0,0.0,14.8221,120,0.5,2.0,1.0
025_C101,25,C,4,0,OPTIMAL,55.3071,4,2,1,1,2,0.5,51.5464,0.0,3.7607,120,0.5,2.0,1.0
025_C101,25,C,4,1,OPTIMAL,65.9887,4,1,1,0,3,0.25,38.9948,0.0,26.9939,120,0.5,2.0,1.0
025_C101,25,C,4,2,OPTIMAL,52.5351,4,1,0,1,3,0.25,36.5444,0.0,15.9907,120,0.5,2.0,1.0
025_C101,25,C,4,3,OPTIMAL,63.1863,4,1,0,1,3,0.25,31.3365,0.0,31.8498,120,0.5,2.0,1.0
025_C101,25,C,4,4,OPTIMAL,47.0974,4,1,1,0,3,0.25,38.0828,0.0,9.0146,120,0.5,2.0,1.0
025_C101,25,C,4,5,OPTIMAL,94.9374,4,3,2,1,1,0.75,94.2904,0.0,0.6471,120,0.5,2.0,1.0
025_C101,25,C,4,6,OPTIMAL,57.6882,4,2,2,0,2,0.5,52.0265,0.0,5.6616,120,0.5,2.0,1.0
025_C101,25,C,4,7,OPTIMAL,39.6785,4,1,1,0,3,0.25,21.1471,0.0,18.5313,120,0.5,2.0,1.0
025_C101,25,C,4,8,OPTIMAL,114.7771,4,3,1,2,1,0.75,108.1078,0.0,6.6693,120,0.5,2.0,1.0
025_C101,25,C,4,9,OPTIMAL,45.4609,4,1,1,0,3,0.25,35.6854,0.0,9.7755,120,0.5,2.0,1.0
025_C101,25,C,6,0,OPTIMAL,61.2456,6,2,2,0,4,0.3333,41.5472,0.0,19.6985,120,0.5,2.0,1.0
025_C101,25,C,6,1,OPTIMAL,79.4458,6,2,0,2,4,0.3333,71.431,0.0,8.0148,120,0.5,2.0,1.0
025_C101,25,C,6,2,OPTIMAL,77.619,6,2,1,1,4,0.3333,59.196,0.0,18.4231,120,0.5,2.0,1.0
025_C101,25,C,6,3,OPTIMAL,64.1088,6,1,1,0,5,0.1667,39.9371,0.0,24.1718,120,0.5,2.0,1.0
025_C101,25,C,6,4,OPTIMAL,57.334,6,2,1,1,4,0.3333,36.4588,0.0,20.8752,120,0.5,2.0,1.0
025_C101,25,C,6,5,OPTIMAL,25.2994,6,0,0,0,6,0.0,0.0,0.0,25.2994,120,0.5,2.0,1.0
025_C101,25,C,6,6,OPTIMAL,38.1118,6,1,1,0,5,0.1667,20.7774,0.0,17.3343,120,0.5,2.0,1.0
025_C101,25,C,6,7,OPTIMAL,19.0751,6,0,0,0,6,0.0,0.0,0.0,19.0751,120,0.5,2.0,1.0
025_C101,25,C,6,8,OPTIMAL,88.3631,6,2,2,0,4,0.3333,78.4365,0.0,9.9266,120,0.5,2.0,1.0
025_C101,25,C,6,9,OPTIMAL,44.4031,6,1,1,0,5,0.1667,17.9188,0.0,26.4843,120,0.5,2.0,1.0
025_C102,25,C,2,0,OPTIMAL,52.2689,2,2,0,2,0,1.0,52.2689,0.0,0.0,120,0.5,2.0,1.0
025_C102,25,C,2,1,OPTIMAL,48.9092,2,1,0,1,1,0.5,40.5188,0.0,8.3904,120,0.5,2.0,1.0
025_C102,25,C,2,2,OPTIMAL,14.5985,2,0,0,0,2,0.0,0.0,0.0,14.5985,120,0.5,2.0,1.0
025_C102,25,C,2,3,OPTIMAL,46.2742,2,1,0,1,1,0.5,41.8768,0.0,4.3974,120,0.5,2.0,1.0
025_C102,25,C,2,4,OPTIMAL,4.8965,2,0,0,0,2,0.0,0.0,0.0,4.8965,120,0.5,2.0,1.0
025_C102,25,C,2,5,OPTIMAL,38.2087,2,1,0,1,1,0.5,33.8564,0.0,4.3522,120,0.5,2.0,1.0
025_C102,25,C,2,6,OPTIMAL,14.2702,2,0,0,0,2,0.0,0.0,0.0,14.2702,120,0.5,2.0,1.0
025_C102,25,C,2,7,OPTIMAL,43.5351,2,1,1,0,1,0.5,37.6195,0.0,5.9156,120,0.5,2.0,1.0
025_C102,25,C,2,8,OPTIMAL,36.4193,2,1,0,1,1,0.5,34.9078,0.0,1.5115,120,0.5,2.0,1.0
025_C102,25,C,2,9,OPTIMAL,47.4512,2,1,0,1,1,0.5,41.3347,0.0,6.1165,120,0.5,2.0,1.0
025_C102,25,C,4,0,OPTIMAL,55.3071,4,2,2,0,2,0.5,51.5464,0.0,3.7607,120,0.5,2.0,1.0
025_C102,25,C,4,1,OPTIMAL,65.9887,4,1,1,0,3,0.25,38.9948,0.0,26.9939,120,0.5,2.0,1.0
025_C102,25,C,4,2,OPTIMAL,52.5351,4,1,0,1,3,0.25,36.5444,0.0,15.9907,120,0.5,2.0,1.0
025_C102,25,C,4,3,OPTIMAL,88.7018,4,4,1,3,0,1.0,88.7018,0.0,0.0,120,0.5,2.0,1.0
025_C102,25,C,4,4,OPTIMAL,47.4184,4,1,1,0,3,0.25,38.0828,0.0,9.3356,120,0.5,2.0,1.0
025_C102,25,C,4,5,OPTIMAL,94.9374,4,3,2,1,1,0.75,94.2904,0.0,0.6471,120,0.5,2.0,1.0
025_C102,25,C,4,6,OPTIMAL,57.6882,4,2,2,0,2,0.5,52.0265,0.0,5.6616,120,0.5,2.0,1.0
025_C102,25,C,4,7,OPTIMAL,50.6319,4,3,1,2,1,0.75,49.6242,0.0,1.0077,120,0.5,2.0,1.0
025_C102,25,C,4,8,OPTIMAL,123.6839,4,4,2,2,0,1.0,123.6839,0.0,0.0,120,0.5,2.0,1.0
025_C102,25,C,4,9,OPTIMAL,63.8954,4,2,1,1,2,0.5,53.5277,0.0,10.3677,120,0.5,2.0,1.0
025_C102,25,C,6,0,OPTIMAL,74.0752,6,3,2,1,3,0.5,56.1888,0.0,17.8864,120,0.5,2.0,1.0
025_C102,25,C,6,1,OPTIMAL,115.3617,6,3,1,2,3,0.5,111.164,0.0,4.1976,120,0.5,2.0,1.0
025_C102,25,C,6,2,OPTIMAL,106.2072,6,4,3,1,2,0.6667,96.7194,0.0,9.4878,120,0.5,2.0,1.0
025_C102,25,C,6,3,OPTIMAL,97.0304,6,4,2,2,2,0.6667,93.9023,0.0,3.1281,120,0.5,2.0,1.0
025_C102,25,C,6,4,OPTIMAL,57.334,6,2,1,1,4,0.3333,36.4588,0.0,20.8752,120,0.5,2.0,1.0
025_C102,25,C,6,5,OPTIMAL,44.1834,6,1,0,1,5,0.1667,19.9909,0.0,24.1925,120,0.5,2.0,1.0
025_C102,25,C,6,6,OPTIMAL,54.0657,6,3,2,1,3,0.5,46.3759,0.0,7.6898,120,0.5,2.0,1.0
025_C102,25,C,6,7,OPTIMAL,67.4258,6,2,0,2,4,0.3333,49.4011,0.0,18.0248,120,0.5,2.0,1.0
025_C102,25,C,6,8,OPTIMAL,88.3631,6,2,2,0,4,0.3333,78.4365,0.0,9.9266,120,0.5,2.0,1.0
025_C102,25,C,6,9,OPTIMAL,57.2281,6,2,1,1,4,0.3333,28.7454,0.0,28.4827,120,0.5,2.0,1.0
025_C103,25,C,2,0,OPTIMAL,42.3464,2,1,0,1,1,0.5,37.9572,0.0,4.3893,120,0.5,2.0,1.0
025_C103,25,C,2,1,OPTIMAL,48.9092,2,1,0,1,1,0.5,40.5188,0.0,8.3904,120,0.5,2.0,1.0
025_C103,25,C,2,2,OPTIMAL,18.8796,2,0,0,0,2,0.0,0.0,0.0,18.8796,120,0.5,2.0,1.0
025_C103,25,C,2,3,OPTIMAL,49.7,2,1,0,1,1,0.5,41.8768,0.0,7.8232,120,0.5,2.0,1.0
025_C103,25,C,2,4,OPTIMAL,4.8965,2,0,0,0,2,0.0,0.0,0.0,4.8965,120,0.5,2.0,1.0
025_C103,25,C,2,5,OPTIMAL,53.8622,2,2,0,2,0,1.0,53.8622,0.0,0.0,120,0.5,2.0,1.0
025_C103,25,C,2,6,OPTIMAL,42.9994,2,1,1,0,1,0.5,39.5463,0.0,3.4531,120,0.5,2.0,1.0
025_C103,25,C,2,7,OPTIMAL,79.9276,2,2,1,1,0,1.0,79.9276,0.0,0.0,120,0.5,2.0,1.0
025_C103,25,C,2,8,OPTIMAL,36.4193,2,1,0,1,1,0.5,34.9078,0.0,1.5115,120,0.5,2.0,1.0
025_C103,25,C,2,9,OPTIMAL,60.0748,2,2,0,2,0,1.0,60.0748,0.0,0.0,120,0.5,2.0,1.0
025_C103,25,C,4,0,OPTIMAL,62.4451,4,2,2,0,2,0.5,51.5464,0.0,10.8986,120,0.5,2.0,1.0
025_C103,25,C,4,1,OPTIMAL,93.1592,4,1,1,0,3,0.25,38.9948,0.0,54.1644,120,0.5,2.0,1.0
025_C103,25,C,4,2,OPTIMAL,67.3836,4,2,0,2,2,0.5,51.4005,0.0,15.9831,120,0.5,2.0,1.0
025_C103,25,C,4,3,OPTIMAL,72.2342,4,2,1,1,2,0.5,51.5331,0.0,20.7011,120,0.5,2.0,1.0
025_C103,25,C,4,4,OPTIMAL,117.1223,4,3,1,2,1,0.75,112.4416,0.0,4.6807,120,0.5,2.0,1.0
025_C103,25,C,4,5,OPTIMAL,121.1839,4,3,2,1,1,0.75,94.2904,0.0,26.8936,120,0.5,2.0,1.0
025_C103,25,C,4,6,OPTIMAL,103.5858,4,4,2,2,0,1.0,103.5858,0.0,0.0,120,0.5,2.0,1.0
025_C103,25,C,4,7,OPTIMAL,70.8595,4,3,1,2,1,0.75,60.158,0.0,10.7015,120,0.5,2.0,1.0
025_C103,25,C,4,8,OPTIMAL,114.7771,4,3,2,1,1,0.75,108.1078,0.0,6.6693,120,0.5,2.0,1.0
025_C103,25,C,4,9,OPTIMAL,63.8954,4,2,1,1,2,0.5,53.5277,0.0,10.3677,120,0.5,2.0,1.0
025_C103,25,C,6,0,OPTIMAL,107.8877,6,4,2,2,2,0.6667,92.3305,0.0,15.5572,120,0.5,2.0,1.0
025_C103,25,C,6,1,OPTIMAL,128.2737,6,4,1,3,2,0.6667,124.9276,0.0,3.346,120,0.5,2.0,1.0
025_C103,25,C,6,2,OPTIMAL,108.7729,6,5,3,2,1,0.8333,108.26,0.0,0.5129,120,0.5,2.0,1.0
025_C103,25,C,6,3,OPTIMAL,160.6852,6,6,3,3,0,1.0,160.6852,0.0,0.0,120,0.5,2.0,1.0
025_C103,25,C,6,4,OPTIMAL,65.366,6,3,2,1,3,0.5,50.4398,0.0,14.9262,120,0.5,2.0,1.0
025_C103,25,C,6,5,OPTIMAL,42.9195,6,1,0,1,5,0.1667,19.9909,0.0,22.9287,120,0.5,2.0,1.0
025_C103,25,C,6,6,OPTIMAL,98.7592,6,4,2,2,2,0.6667,64.6431,0.0,34.1161,120,0.5,2.0,1.0
025_C103,25,C,6,7,OPTIMAL,54.591,6,1,0,1,5,0.1667,33.1457,0.0,21.4452,120,0.5,2.0,1.0
025_C103,25,C,6,8,OPTIMAL,91.5798,6,2,2,0,4,0.3333,78.4365,0.0,13.1433,120,0.5,2.0,1.0
025_C103,25,C,6,9,OPTIMAL,83.194,6,3,1,2,3,0.5,65.2493,0.0,17.9447,120,0.5,2.0,1.0
025_C104,25,C,2,0,OPTIMAL,52.2689,2,2,1,1,0,1.0,52.2689,0.0,0.0,120,0.5,2.0,1.0
025_C104,25,C,2,1,OPTIMAL,48.9092,2,1,0,1,1,0.5,40.5188,0.0,8.3904,120,0.5,2.0,1.0
025_C104,25,C,2,2,OPTIMAL,20.6219,2,0,0,0,2,0.0,0.0,0.0,20.6219,120,0.5,2.0,1.0
025_C104,25,C,2,3,OPTIMAL,51.0723,2,2,1,1,0,1.0,51.0723,0.0,0.0,120,0.5,2.0,1.0
025_C104,25,C,2,4,OPTIMAL,4.8965,2,0,0,0,2,0.0,0.0,0.0,4.8965,120,0.5,2.0,1.0
025_C104,25,C,2,5,OPTIMAL,53.8622,2,2,1,1,0,1.0,53.8622,0.0,0.0,120,0.5,2.0,1.0
025_C104,25,C,2,6,OPTIMAL,72.8951,2,2,2,0,0,1.0,72.8951,0.0,0.0,120,0.5,2.0,1.0
025_C104,25,C,2,7,OPTIMAL,79.9276,2,2,1,1,0,1.0,79.9276,0.0,0.0,120,0.5,2.0,1.0
025_C104,25,C,2,8,OPTIMAL,36.4193,2,1,0,1,1,0.5,34.9078,0.0,1.5115,120,0.5,2.0,1.0
025_C104,25,C,2,9,OPTIMAL,60.0748,2,2,1,1,0,1.0,60.0748,0.0,0.0,120,0.5,2.0,1.0
025_C104,25,C,4,0,OPTIMAL,62.4451,4,2,2,0,2,0.5,51.5464,0.0,10.8986,120,0.5,2.0,1.0
025_C104,25,C,4,1,OPTIMAL,115.3171,4,2,2,0,2,0.5,80.322,0.0,34.9951,120,0.5,2.0,1.0
025_C104,25,C,4,2,OPTIMAL,94.7055,4,3,1,2,1,0.75,91.2647,0.0,3.4408,120,0.5,2.0,1.0
025_C104,25,C,4,3,OPTIMAL,88.7018,4,4,2,2,0,1.0,88.7018,0.0,0.0,120,0.5,2.0,1.0
025_C104,25,C,4,4,OPTIMAL,117.4433,4,3,1,2,1,0.75,112.4416,0.0,5.0017,120,0.5,2.0,1.0
025_C104,25,C,4,5,OPTIMAL,121.1839,4,3,2,1,1,0.75,94.2904,0.0,26.8936,120,0.5,2.0,1.0
025_C104,25,C,4,6,OPTIMAL,103.5858,4,4,2,2,0,1.0,103.5858,0.0,0.0,120,0.5,2.0,1.0
025_C104,25,C,4,7,OPTIMAL,81.2927,4,4,1,3,0,1.0,81.2927,0.0,0.0,120,0.5,2.0,1.0
025_C104,25,C,4,8,OPTIMAL,123.6839,4,4,2,2,0,1.0,123.6839,0.0,0.0,120,0.5,2.0,1.0
025_C104,25,C,4,9,OPTIMAL,75.2496,4,3,3,0,1,0.75,73.924,0.0,1.3256,120,0.5,2.0,1.0
025_C104,25,C,6,0,OPTIMAL,107.8877,6,4,3,1,2,0.6667,92.3305,0.0,15.5572,120,0.5,2.0,1.0
025_C104,25,C,6,1,OPTIMAL,128.2737,6,4,3,1,2,0.6667,124.9276,0.0,3.346,120,0.5,2.0,1.0
025_C104,25,C,6,2,OPTIMAL,108.7729,6,5,3,2,1,0.8333,108.26,0.0,0.5129,120,0.5,2.0,1.0
025_C104,25,C,6,3,OPTIMAL,160.6852,6,6,5,1,0,1.0,160.6852,0.0,0.0,120,0.5,2.0,1.0
025_C104,25,C,6,4,OPTIMAL,65.366,6,3,2,1,3,0.5,50.4398,0.0,14.9262,120,0.5,2.0,1.0
025_C104,25,C,6,5,OPTIMAL,78.9852,6,4,3,1,2,0.6667,74.3142,0.0,4.6709,120,0.5,2.0,1.0
025_C104,25,C,6,6,OPTIMAL,115.7133,6,5,4,1,1,0.8333,85.1006,0.0,30.6127,120,0.5,2.0,1.0
025_C104,25,C,6,7,OPTIMAL,72.9806,6,3,2,1,3,0.5,66.0559,0.0,6.9247,120,0.5,2.0,1.0
025_C104,25,C,6,8,OPTIMAL,91.5798,6,2,2,0,4,0.3333,78.4365,0.0,13.1433,120,0.5,2.0,1.0
025_C104,25,C,6,9,OPTIMAL,85.2317,6,3,2,1,3,0.5,65.2493,0.0,19.9823,120,0.5,2.0,1.0
025_C105,25,C,2,0,OPTIMAL,42.2752,2,1,0,1,1,0.5,37.9572,0.0,4.318,120,0.5,2.0,1.0
025_C105,25,C,2,1,OPTIMAL,53.3751,2,1,0,1,1,0.5,40.5188,0.0,12.8564,120,0.5,2.0,1.0
025_C105,25,C,2,2,OPTIMAL,20.6219,2,0,0,0,2,0.0,0.0,0.0,20.6219,120,0.5,2.0,1.0
025_C105,25,C,2,3,OPTIMAL,16.8147,2,0,0,0,2,0.0,0.0,0.0,16.8147,120,0.5,2.0,1.0
025_C105,25,C,2,4,OPTIMAL,8.8028,2,0,0,0,2,0.0,0.0,0.0,8.8028,120,0.5,2.0,1.0
025_C105,25,C,2,5,OPTIMAL,38.2087,2,1,0,1,1,0.5,33.8564,0.0,4.3522,120,0.5,2.0,1.0
025_C105,25,C,2,6,OPTIMAL,14.2702,2,0,0,0,2,0.0,0.0,0.0,14.2702,120,0.5,2.0,1.0
025_C105,25,C,2,7,OPTIMAL,43.5351,2,1,1,0,1,0.5,37.6195,0.0,5.9156,120,0.5,2.0,1.0
025_C105,25,C,2,8,OPTIMAL,7.6866,2,0,0,0,2,0.0,0.0,0.0,7.6866,120,0.5,2.0,1.0
025_C105,25,C,2,9,OPTIMAL,47.4512,2,1,1,0,1,0.5,41.3347,0.0,6.1165,120,0.5,2.0,1.0
025_C105,25,C,4,0,OPTIMAL,63.5938,4,2,2,0,2,0.5,51.5464,0.0,12.0474,120,0.5,2.0,1.0
025_C105,25,C,4,1,OPTIMAL,36.5541,4,0,0,0,4,0.0,0.0,0.0,36.5541,120,0.5,2.0,1.0
025_C105,25,C,4,2,OPTIMAL,18.4238,4,0,0,0,4,0.0,0.0,0.0,18.4238,120,0.5,2.0,1.0
025_C105,25,C,4,3,OPTIMAL,72.2342,4,2,1,1,2,0.5,51.5331,0.0,20.7011,120,0.5,2.0,1.0
025_C105,25,C,4,4,OPTIMAL,47.0974,4,1,1,0,3,0.25,38.0828,0.0,9.0146,120,0.5,2.0,1.0
025_C105,25,C,4,5,OPTIMAL,25.3788,4,1,1,0,3,0.25,15.7862,0.0,9.5925,120,0.5,2.0,1.0
025_C105,25,C,4,6,OPTIMAL,57.2782,4,2,2,0,2,0.5,52.0265,0.0,5.2517,120,0.5,2.0,1.0
025_C105,25,C,4,7,OPTIMAL,36.1047,4,1,1,0,3,0.25,21.1471,0.0,14.9575,120,0.5,2.0,1.0
025_C105,25,C,4,8,OPTIMAL,84.0808,4,2,2,0,2,0.5,68.2781,0.0,15.8027,120,0.5,2.0,1.0
025_C105,25,C,4,9,OPTIMAL,45.954,4,1,1,0,3,0.25,35.6854,0.0,10.2686,120,0.5,2.0,1.0
025_C105,25,C,6,0,OPTIMAL,126.4143,6,4,2,2,2,0.6667,114.6761,0.0,11.7382,120,0.5,2.0,1.0
025_C105,25,C,6,1,OPTIMAL,58.2796,6,1,1,0,5,0.1667,39.7331,0.0,18.5465,120,0.5,2.0,1.0
025_C105,25,C,6,2,OPTIMAL,58.9131,6,3,2,1,3,0.5,55.5362,0.0,3.377,120,0.5,2.0,1.0
025_C105,25,C,6,3,OPTIMAL,127.7636,6,3,2,1,3,0.5,106.72,0.0,21.0436,120,0.5,2.0,1.0
025_C105,25,C,6,4,OPTIMAL,53.6506,6,1,1,0,5,0.1667,17.3359,0.0,36.3148,120,0.5,2.0,1.0
025_C105,25,C,6,5,OPTIMAL,28.6944,6,0,0,0,6,0.0,0.0,0.0,28.6944,120,0.5,2.0,1.0
025_C105,25,C,6,6,OPTIMAL,39.0086,6,1,1,0,5,0.1667,20.7774,0.0,18.2311,120,0.5,2.0,1.0
025_C105,25,C,6,7,OPTIMAL,41.6849,6,1,1,0,5,0.1667,33.1457,0.0,8.5392,120,0.5,2.0,1.0
025_C105,25,C,6,8,OPTIMAL,104.3815,6,3,2,1,3,0.5,89.5744,0.0,14.807,120,0.5,2.0,1.0
025_C105,25,C,6,9,OPTIMAL,60.8876,6,2,1,1,4,0.3333,54.4227,0.0,6.4648,120,0.5,2.0,1.0
025_C106,25,C,2,0,OPTIMAL,42.2752,2,1,0,1,1,0.5,37.9572,0.0,4.318,120,0.5,2.0,1.0
025_C106,25,C,2,1,OPTIMAL,53.3361,2,1,0,1,1,0.5,40.5188,0.0,12.8174,120,0.5,2.0,1.0
025_C106,25,C,2,2,OPTIMAL,20.6219,2,0,0,0,2,0.0,0.0,0.0,20.6219,120,0.5,2.0,1.0
025_C106,25,C,2,3,OPTIMAL,51.0723,2,2,0,2,0,1.0,51.0723,0.0,0.0,120,0.5,2.0,1.0
025_C106,25,C,2,4,OPTIMAL,4.1965,2,0,0,0,2,0.0,0.0,0.0,4.1965,120,0.5,2.0,1.0
025_C106,25,C,2,5,OPTIMAL,53.8622,2,2,0,2,0,1.0,53.8622,0.0,0.0,120,0.5,2.0,1.0
025_C106,25,C,2,6,OPTIMAL,42.9994,2,1,0,1,1,0.5,39.5463,0.0,3.4531,120,0.5,2.0,1.0
025_C106,25,C,2,7,OPTIMAL,79.9276,2,2,1,1,0,1.0,79.9276,0.0,0.0,120,0.5,2.0,1.0
025_C106,25,C,2,8,OPTIMAL,36.4193,2,1,0,1,1,0.5,34.9078,0.0,1.5115,120,0.5,2.0,1.0
025_C106,25,C,2,9,OPTIMAL,60.0748,2,2,0,2,0,1.0,60.0748,0.0,0.0,120,0.5,2.0,1.0
025_C106,25,C,4,0,OPTIMAL,58.3188,4,2,1,1,2,0.5,51.5464,0.0,6.7724,120,0.5,2.0,1.0
025_C106,25,C,4,1,OPTIMAL,96.1849,4,2,1,1,2,0.5,70.5378,0.0,25.647,120,0.5,2.0,1.0
025_C106,25,C,4,2,OPTIMAL,82.5141,4,3,0,3,1,0.75,68.8371,0.0,13.677,120,0.5,2.0,1.0
025_C106,25,C,4,3,OPTIMAL,88.7018,4,4,0,4,0,1.0,88.7018,0.0,0.0,120,0.5,2.0,1.0
025_C106,25,C,4,4,OPTIMAL,83.8207,4,2,1,1,2,0.5,78.8148,0.0,5.0059,120,0.5,2.0,1.0
025_C106,25,C,4,5,OPTIMAL,125.3105,4,4,2,2,0,1.0,125.3105,0.0,0.0,120,0.5,2.0,1.0
025_C106,25,C,4,6,OPTIMAL,90.3698,4,3,2,1,1,0.75,88.41,0.0,1.9598,120,0.5,2.0,1.0
025_C106,25,C,4,7,OPTIMAL,67.2857,4,3,1,2,1,0.75,60.158,0.0,7.1277,120,0.5,2.0,1.0
025_C106,25,C,4,8,OPTIMAL,112.2143,4,3,1,2,1,0.75,108.1078,0.0,4.1065,120,0.5,2.0,1.0
025_C106,25,C,4,9,OPTIMAL,63.179,4,2,1,1,2,0.5,53.5277,0.0,9.6513,120,0.5,2.0,1.0
025_C106,25,C,6,0,OPTIMAL,107.8877,6,4,2,2,2,0.6667,92.3305,0.0,15.5572,120,0.5,2.0,1.0
025_C106,25,C,6,1,OPTIMAL,141.9212,6,5,1,4,1,0.8333,141.8481,0.0,0.0731,120,0.5,2.0,1.0
025_C106,25,C,6,2,OPTIMAL,74.5283,6,4,1,3,2,0.6667,70.5158,0.0,4.0126,120,0.5,2.0,1.0
025_C106,25,C,6,3,OPTIMAL,97.0304,6,4,1,3,2,0.6667,93.9023,0.0,3.1281,120,0.5,2.0,1.0
025_C106,25,C,6,4,OPTIMAL,60.8351,6,2,1,1,4,0.3333,36.4588,0.0,24.3763,120,0.5,2.0,1.0
025_C106,25,C,6,5,OPTIMAL,56.2504,6,2,0,2,4,0.3333,41.3747,0.0,14.8757,120,0.5,2.0,1.0
025_C106,25,C,6,6,OPTIMAL,108.1275,6,5,2,3,1,0.8333,105.9004,0.0,2.227,120,0.5,2.0,1.0
025_C106,25,C,6,7,OPTIMAL,60.1321,6,2,0,2,4,0.3333,47.5101,0.0,12.6219,120,0.5,2.0,1.0
025_C106,25,C,6,8,OPTIMAL,94.7881,6,2,2,0,4,0.3333,78.4365,0.0,16.3516,120,0.5,2.0,1.0
025_C106,25,C,6,9,OPTIMAL,74.4443,6,2,1,1,4,0.3333,54.4227,0.0,20.0216,120,0.5,2.0,1.0
025_C107,25,C,2,0,OPTIMAL,42.2752,2,1,1,0,1,0.5,37.9572,0.0,4.318,120,0.5,2.0,1.0
025_C107,25,C,2,1,OPTIMAL,51.749,2,1,1,0,1,0.5,40.5188,0.0,11.2303,120,0.5,2.0,1.0
025_C107,25,C,2,2,OPTIMAL,15.0155,2,0,0,0,2,0.0,0.0,0.0,15.0155,120,0.5,2.0,1.0
025_C107,25,C,2,3,OPTIMAL,46.2742,2,1,1,0,1,0.5,41.8768,0.0,4.3974,120,0.5,2.0,1.0
025_C107,25,C,2,4,OPTIMAL,5.3385,2,0,0,0,2,0.0,0.0,0.0,5.3385,120,0.5,2.0,1.0
025_C107,25,C,2,5,OPTIMAL,34.4681,2,1,0,1,1,0.5,33.8564,0.0,0.6117,120,0.5,2.0,1.0
025_C107,25,C,2,6,OPTIMAL,18.7203,2,0,0,0,2,0.0,0.0,0.0,18.7203,120,0.5,2.0,1.0
025_C107,25,C,2,7,OPTIMAL,79.9276,2,2,1,1,0,1.0,79.9276,0.0,0.0,120,0.5,2.0,1.0
025_C107,25,C,2,8,OPTIMAL,7.6866,2,0,0,0,2,0.0,0.0,0.0,7.6866,120,0.5,2.0,1.0
025_C107,25,C,2,9,OPTIMAL,47.4512,2,1,0,1,1,0.5,41.3347,0.0,6.1165,120,0.5,2.0,1.0
025_C107,25,C,4,0,OPTIMAL,53.8436,4,2,2,0,2,0.5,51.5464,0.0,2.2972,120,0.5,2.0,1.0
025_C107,25,C,4,1,OPTIMAL,64.2984,4,1,0,1,3,0.25,31.543,0.0,32.7554,120,0.5,2.0,1.0
025_C107,25,C,4,2,OPTIMAL,18.9698,4,0,0,0,4,0.0,0.0,0.0,18.9698,120,0.5,2.0,1.0
025_C107,25,C,4,3,OPTIMAL,68.6237,4,2,1,1,2,0.5,51.5331,0.0,17.0906,120,0.5,2.0,1.0
025_C107,25,C,4,4,OPTIMAL,50.1613,4,1,1,0,3,0.25,38.0828,0.0,12.0784,120,0.5,2.0,1.0
025_C107,25,C,4,5,OPTIMAL,26.7443,4,1,1,0,3,0.25,15.7862,0.0,10.9581,120,0.5,2.0,1.0
025_C107,25,C,4,6,OPTIMAL,89.8482,4,3,3,0,1,0.75,88.41,0.0,1.4382,120,0.5,2.0,1.0
025_C107,25,C,4,7,OPTIMAL,34.4483,4,1,1,0,3,0.25,21.1471,0.0,13.3012,120,0.5,2.0,1.0
025_C107,25,C,4,8,OPTIMAL,81.518,4,2,2,0,2,0.5,68.2781,0.0,13.2399,120,0.5,2.0,1.0
025_C107,25,C,4,9,OPTIMAL,45.954,4,1,1,0,3,0.25,35.6854,0.0,10.2686,120,0.5,2.0,1.0
025_C107,25,C,6,0,OPTIMAL,90.1524,6,3,2,1,3,0.5,77.6889,0.0,12.4636,120,0.5,2.0,1.0
025_C107,25,C,6,1,OPTIMAL,57.8645,6,1,0,1,5,0.1667,39.7331,0.0,18.1315,120,0.5,2.0,1.0
025_C107,25,C,6,2,OPTIMAL,72.7029,6,4,3,1,2,0.6667,70.5158,0.0,2.1871,120,0.5,2.0,1.0
025_C107,25,C,6,3,OPTIMAL,79.2991,6,2,2,0,4,0.3333,62.5133,0.0,16.7858,120,0.5,2.0,1.0
025_C107,25,C,6,4,OPTIMAL,51.4098,6,1,1,0,5,0.1667,17.3359,0.0,34.074,120,0.5,2.0,1.0
025_C107,25,C,6,5,OPTIMAL,30.3166,6,0,0,0,6,0.0,0.0,0.0,30.3166,120,0.5,2.0,1.0
025_C107,25,C,6,6,OPTIMAL,39.0086,6,1,1,0,5,0.1667,20.7774,0.0,18.2311,120,0.5,2.0,1.0
025_C107,25,C,6,7,OPTIMAL,39.3897,6,1,0,1,5,0.1667,33.1457,0.0,6.2439,120,0.5,2.0,1.0
025_C107,25,C,6,8,OPTIMAL,97.1725,6,2,2,0,4,0.3333,78.4365,0.0,18.736,120,0.5,2.0,1.0
025_C107,25,C,6,9,OPTIMAL,36.0734,6,1,1,0,5,0.1667,17.9188,0.0,18.1546,120,0.5,2.0,1.0
025_C108,25,C,2,0,OPTIMAL,52.2689,2,2,0,2,0,1.0,52.2689,0.0,0.0,120,0.5,2.0,1.0
025_C108,25,C,2,1,OPTIMAL,51.749,2,1,0,1,1,0.5,40.5188,0.0,11.2303,120,0.5,2.0,1.0
025_C108,25,C,2,2,OPTIMAL,31.5923,2,1,1,0,1,0.5,21.2684,0.0,10.3239,120,0.5,2.0,1.0
025_C108,25,C,2,3,OPTIMAL,51.0723,2,2,0,2,0,1.0,51.0723,0.0,0.0,120,0.5,2.0,1.0
025_C108,25,C,2,4,OPTIMAL,10.2216,2,0,0,0,2,0.0,0.0,0.0,10.2216,120,0.5,2.0,1.0
025_C108,25,C,2,5,OPTIMAL,34.4681,2,1,1,0,1,0.5,33.8564,0.0,0.6117,120,0.5,2.0,1.0
025_C108,25,C,2,6,OPTIMAL,18.7203,2,0,0,0,2,0.0,0.0,0.0,18.7203,120,0.5,2.0,1.0
025_C108,25,C,2,7,OPTIMAL,46.7775,2,1,0,1,1,0.5,37.6195,0.0,9.158,120,0.5,2.0,1.0
025_C108,25,C,2,8,OPTIMAL,10.0157,2,0,0,0,2,0.0,0.0,0.0,10.0157,120,0.5,2.0,1.0
025_C108,25,C,2,9,OPTIMAL,60.0748,2,2,0,2,0,1.0,60.0748,0.0,0.0,120,0.5,2.0,1.0
025_C108,25,C,4,0,OPTIMAL,59.3614,4,2,2,0,2,0.5,51.5464,0.0,7.8149,120,0.5,2.0,1.0
025_C108,25,C,4,1,OPTIMAL,88.4328,4,2,1,1,2,0.5,80.322,0.0,8.1108,120,0.5,2.0,1.0
025_C108,25,C,4,2,OPTIMAL,53.4678,4,1,0,1,3,0.25,39.8641,0.0,13.6036,120,0.5,2.0,1.0
025_C108,25,C,4,3,OPTIMAL,70.0148,4,2,1,1,2,0.5,51.5331,0.0,18.4818,120,0.5,2.0,1.0
025_C108,25,C,4,4,OPTIMAL,83.7839,4,2,2,0,2,0.5,71.7097,0.0,12.0742,120,0.5,2.0,1.0
025_C108,25,C,4,5,OPTIMAL,59.7355,4,2,2,0,2,0.5,54.7593,0.0,4.9761,120,0.5,2.0,1.0
025_C108,25,C,4,6,OPTIMAL,59.9704,4,2,2,0,2,0.5,52.0265,0.0,7.9439,120,0.5,2.0,1.0
025_C108,25,C,4,7,OPTIMAL,66.6995,4,3,1,2,1,0.75,60.158,0.0,6.5415,120,0.5,2.0,1.0
025_C108,25,C,4,8,OPTIMAL,96.956,4,3,2,1,1,0.75,83.8542,0.0,13.1018,120,0.5,2.0,1.0
025_C108,25,C,4,9,OPTIMAL,64.7234,4,2,1,1,2,0.5,53.5277,0.0,11.1957,120,0.5,2.0,1.0
025_C108,25,C,6,0,OPTIMAL,107.2151,6,5,2,3,1,0.8333,102.3169,0.0,4.8982,120,0.5,2.0,1.0
025_C108,25,C,6,1,OPTIMAL,87.0082,6,2,1,1,4,0.3333,74.9093,0.0,12.0989,120,0.5,2.0,1.0
025_C108,25,C,6,2,OPTIMAL,72.7029,6,4,3,1,2,0.6667,70.5158,0.0,2.1871,120,0.5,2.0,1.0
025_C108,25,C,6,3,OPTIMAL,101.272,6,4,1,3,2,0.6667,93.9023,0.0,7.3697,120,0.5,2.0,1.0
025_C108,25,C,6,4,OPTIMAL,54.3973,6,1,1,0,5,0.1667,17.3359,0.0,37.0614,120,0.5,2.0,1.0
025_C108,25,C,6,5,OPTIMAL,41.7816,6,1,0,1,5,0.1667,19.9909,0.0,21.7907,120,0.5,2.0,1.0
025_C108,25,C,6,6,OPTIMAL,57.4816,6,3,1,2,3,0.5,46.3759,0.0,11.1057,120,0.5,2.0,1.0
025_C108,25,C,6,7,OPTIMAL,66.2478,6,3,0,3,3,0.5,59.3222,0.0,6.9256,120,0.5,2.0,1.0
025_C108,25,C,6,8,OPTIMAL,101.9283,6,3,2,1,3,0.5,90.067,0.0,11.8614,120,0.5,2.0,1.0
025_C108,25,C,6,9,OPTIMAL,81.4618,6,3,1,2,3,0.5,65.2493,0.0,16.2124,120,0.5,2.0,1.0
025_C109,25,C,2,0,OPTIMAL,52.2689,2,2,1,1,0,1.0,52.2689,0.0,0.0,120,0.5,2.0,1.0
025_C109,25,C,2,1,OPTIMAL,59.1309,2,2,1,1,0,1.0,59.1309,0.0,0.0,120,0.5,2.0,1.0
025_C109,25,C,2,2,OPTIMAL,25.3366,2,1,0,1,1,0.5,21.2684,0.0,4.0682,120,0.5,2.0,1.0
025_C109,25,C,2,3,OPTIMAL,51.0723,2,2,1,1,0,1.0,51.0723,0.0,0.0,120,0.5,2.0,1.0
025_C109,25,C,2,4,OPTIMAL,24.163,2,2,0,2,0,1.0,24.163,0.0,0.0,120,0.5,2.0,1.0
025_C109,25,C,2,5,OPTIMAL,53.8622,2,2,0,2,0,1.0,53.8622,0.0,0.0,120,0.5,2.0,1.0
025_C109,25,C,2,6,OPTIMAL,72.8951,2,2,0,2,0,1.0,72.8951,0.0,0.0,120,0.5,2.0,1.0
025_C109,25,C,2,7,OPTIMAL,46.7775,2,1,1,0,1,0.5,37.6195,0.0,9.158,120,0.5,2.0,1.0
025_C109,25,C,2,8,OPTIMAL,10.0157,2,0,0,0,2,0.0,0.0,0.0,10.0157,120,0.5,2.0,1.0
025_C109,25,C,2,9,OPTIMAL,43.1627,2,1,1,0,1,0.5,41.3347,0.0,1.828,120,0.5,2.0,1.0
025_C109,25,C,4,0,OPTIMAL,72.6779,4,3,2,1,1,0.75,72.6655,0.0,0.0124,120,0.5,2.0,1.0
025_C109,25,C,4,1,OPTIMAL,133.217,4,4,1,3,0,1.0,133.217,0.0,0.0,120,0.5,2.0,1.0
025_C109,25,C,4,2,OPTIMAL,63.7304,4,2,0,2,2,0.5,54.7203,0.0,9.0101,120,0.5,2.0,1.0
025_C109,25,C,4,3,OPTIMAL,66.6634,4,2,2,0,2,0.5,51.5331,0.0,15.1303,120,0.5,2.0,1.0
025_C109,25,C,4,4,OPTIMAL,133.3275,4,4,1,3,0,1.0,133.3275,0.0,0.0,120,0.5,2.0,1.0
025_C109,25,C,4,5,OPTIMAL,88.743,4,3,1,2,1,0.75,85.7795,0.0,2.9635,120,0.5,2.0,1.0
025_C109,25,C,4,6,OPTIMAL,103.5858,4,4,3,1,0,1.0,103.5858,0.0,0.0,120,0.5,2.0,1.0
025_C109,25,C,4,7,OPTIMAL,38.9695,4,2,1,1,2,0.5,28.4894,0.0,10.48,120,0.5,2.0,1.0
025_C109,25,C,4,8,OPTIMAL,84.401,4,2,2,0,2,0.5,68.2781,0.0,16.1228,120,0.5,2.0,1.0
025_C109,25,C,4,9,OPTIMAL,73.1422,4,3,1,2,1,0.75,68.058,0.0,5.0842,120,0.5,2.0,1.0
025_C109,25,C,6,0,OPTIMAL,135.0502,6,5,4,1,1,0.8333,129.3177,0.0,5.7325,120,0.5,2.0,1.0
025_C109,25,C,6,1,OPTIMAL,127.0077,6,4,0,4,2,0.6667,124.9276,0.0,2.0801,120,0.5,2.0,1.0
025_C109,25,C,6,2,OPTIMAL,118.764,6,6,3,3,0,1.0,118.764,0.0,0.0,120,0.5,2.0,1.0
025_C109,25,C,6,3,OPTIMAL,160.6852,6,6,4,2,0,1.0,160.6852,0.0,0.0,120,0.5,2.0,1.0
025_C109,25,C,6,4,OPTIMAL,79.2377,6,5,1,4,1,0.8333,77.1722,0.0,2.0655,120,0.5,2.0,1.0
025_C109,25,C,6,5,OPTIMAL,55.7747,6,3,1,2,3,0.5,47.7576,0.0,8.0171,120,0.5,2.0,1.0
025_C109,25,C,6,6,OPTIMAL,53.7539,6,3,2,1,3,0.5,46.3759,0.0,7.378,120,0.5,2.0,1.0
025_C109,25,C,6,7,OPTIMAL,87.4686,6,3,0,3,3,0.5,81.8035,0.0,5.6651,120,0.5,2.0,1.0
025_C109,25,C,6,8,OPTIMAL,115.7687,6,4,2,2,2,0.6667,107.577,0.0,8.1917,120,0.5,2.0,1.0
025_C109,25,C,6,9,OPTIMAL,97.2035,6,5,1,4,1,0.8333,97.18,0.0,0.0235,120,0.5,2.0,1.0
025_C201,25,C,2,0,OPTIMAL,43.6888,2,1,0,1,1,0.5,40.177,0.0,3.5118,120,0.5,2.0,1.0
025_C201,25,C,2,1,OPTIMAL,28.9288,2,1,1,0,1,0.5,24.8477,0.0,4.0811,120,0.5,2.0,1.0
025_C201,25,C,2,2,OPTIMAL,51.1827,2,1,1,0,1,0.5,40.5621,0.0,10.6206,120,0.5,2.0,1.0
025_C201,25,C,2,3,OPTIMAL,48.44,2,1,1,0,1,0.5,25.7848,0.0,22.6551,120,0.5,2.0,1.0
025_C201,25,C,2,4,OPTIMAL,31.3759,2,1,1,0,1,0.5,27.6017,0.0,3.7742,120,0.5,2.0,1.0
025_C201,25,C,2,5,OPTIMAL,68.543,2,1,0,1,1,0.5,36.6204,0.0,31.9226,120,0.5,2.0,1.0
025_C201,25,C,2,6,OPTIMAL,42.2497,2,1,1,0,1,0.5,36.7631,0.0,5.4866,120,0.5,2.0,1.0
025_C201,25,C,2,7,OPTIMAL,45.1112,2,1,1,0,1,0.5,37.8009,0.0,7.3103,120,0.5,2.0,1.0
025_C201,25,C,2,8,OPTIMAL,28.2032,2,2,2,0,0,1.0,28.2032,0.0,0.0,120,0.5,2.0,1.0
025_C201,25,C,2,9,OPTIMAL,19.424,2,1,1,0,1,0.5,12.9475,0.0,6.4765,120,0.5,2.0,1.0
025_C201,25,C,4,0,OPTIMAL,62.7214,4,3,1,2,1,0.75,59.0476,0.0,3.6738,120,0.5,2.0,1.0
025_C201,25,C,4,1,OPTIMAL,46.9022,4,2,1,1,2,0.5,36.7291,0.0,10.1731,120,0.5,2.0,1.0
025_C201,25,C,4,2,OPTIMAL,88.5769,4,3,2,1,1,0.75,79.9199,0.0,8.6571,120,0.5,2.0,1.0
025_C201,25,C,4,3,OPTIMAL,64.7259,4,1,1,0,3,0.25,18.2941,0.0,46.4318,120,0.5,2.0,1.0
025_C201,25,C,4,4,OPTIMAL,61.295,4,2,2,0,2,0.5,47.4309,0.0,13.8641,120,0.5,2.0,1.0
025_C201,25,C,4,5,OPTIMAL,72.3534,4,3,1,2,1,0.75,72.295,0.0,0.0585,120,0.5,2.0,1.0
025_C201,25,C,4,6,OPTIMAL,39.7988,4,1,0,1,3,0.25,11.7804,0.0,28.0184,120,0.5,2.0,1.0
025_C201,25,C,4,7,OPTIMAL,73.1759,4,2,1,1,2,0.5,58.9018,0.0,14.2741,120,0.5,2.0,1.0
025_C201,25,C,4,8,OPTIMAL,117.3527,4,3,1,2,1,0.75,94.3308,0.0,23.0218,120,0.5,2.0,1.0
025_C201,25,C,4,9,OPTIMAL,61.8074,4,2,2,0,2,0.5,55.9642,0.0,5.8432,120,0.5,2.0,1.0
025_C201,25,C,6,0,OPTIMAL,151.7428,6,4,3,1,2,0.6667,140.6408,0.0,11.1019,120,0.5,2.0,1.0
025_C201,25,C,6,1,OPTIMAL,173.6337,6,6,5,1,0,1.0,173.6337,0.0,0.0,120,0.5,2.0,1.0
025_C201,25,C,6,2,OPTIMAL,159.325,6,6,4,2,0,1.0,159.325,0.0,0.0,120,0.5,2.0,1.0
025_C201,25,C,6,3,OPTIMAL,114.0446,6,5,2,3,1,0.8333,114.0318,0.0,0.0127,120,0.5,2.0,1.0
025_C201,25,C,6,4,OPTIMAL,136.8614,6,3,3,0,3,0.5,106.9497,0.0,29.9117,120,0.5,2.0,1.0
025_C201,25,C,6,5,OPTIMAL,63.8394,6,2,2,0,4,0.3333,34.1503,0.0,29.6891,120,0.5,2.0,1.0
025_C201,25,C,6,6,OPTIMAL,120.625,6,4,4,0,2,0.6667,115.513,0.0,5.112,120,0.5,2.0,1.0
025_C201,25,C,6,7,OPTIMAL,99.8956,6,4,3,1,2,0.6667,79.4942,0.0,20.4014,120,0.5,2.0,1.0
025_C201,25,C,6,8,OPTIMAL,150.58,6,6,4,2,0,1.0,150.58,0.0,0.0,120,0.5,2.0,1.0
025_C201,25,C,6,9,OPTIMAL,121.4872,6,4,2,2,2,0.6667,109.2648,0.0,12.2223,120,0.5,2.0,1.0
025_C202,25,C,2,0,OPTIMAL,69.1683,2,2,2,0,0,1.0,69.1683,0.0,0.0,120,0.5,2.0,1.0
025_C202,25,C,2,1,OPTIMAL,39.5948,2,2,1,1,0,1.0,39.5948,0.0,0.0,120,0.5,2.0,1.0
025_C202,25,C,2,2,OPTIMAL,51.1827,2,1,1,0,1,0.5,40.5621,0.0,10.6206,120,0.5,2.0,1.0
025_C202,25,C,2,3,OPTIMAL,48.44,2,1,1,0,1,0.5,25.7848,0.0,22.6551,120,0.5,2.0,1.0
025_C202,25,C,2,4,OPTIMAL,31.3759,2,1,1,0,1,0.5,27.6017,0.0,3.7742,120,0.5,2.0,1.0
025_C202,25,C,2,5,OPTIMAL,68.543,2,1,1,0,1,0.5,36.6204,0.0,31.9226,120,0.5,2.0,1.0
025_C202,25,C,2,6,OPTIMAL,42.2497,2,1,1,0,1,0.5,36.7631,0.0,5.4866,120,0.5,2.0,1.0
025_C202,25,C,2,7,OPTIMAL,45.1112,2,1,1,0,1,0.5,37.8009,0.0,7.3103,120,0.5,2.0,1.0
025_C202,25,C,2,8,OPTIMAL,28.2032,2,2,2,0,0,1.0,28.2032,0.0,0.0,120,0.5,2.0,1.0
025_C202,25,C,2,9,OPTIMAL,22.8461,2,2,1,1,0,1.0,22.8461,0.0,0.0,120,0.5,2.0,1.0
025_C202,25,C,4,0,OPTIMAL,98.3506,4,4,2,2,0,1.0,98.3506,0.0,0.0,120,0.5,2.0,1.0
025_C202,25,C,4,1,OPTIMAL,58.7133,4,3,2,1,1,0.75,58.6888,0.0,0.0245,120,0.5,2.0,1.0
025_C202,25,C,4,2,OPTIMAL,67.1339,4,2,2,0,2,0.5,58.2978,0.0,8.8362,120,0.5,2.0,1.0
025_C202,25,C,4,3,OPTIMAL,98.5462,4,3,2,1,1,0.75,61.438,0.0,37.1082,120,0.5,2.0,1.0
025_C202,25,C,4,4,OPTIMAL,70.2732,4,3,3,0,1,0.75,67.1472,0.0,3.126,120,0.5,2.0,1.0
025_C202,25,C,4,5,OPTIMAL,82.81,4,4,1,3,0,1.0,82.81,0.0,0.0,120,0.5,2.0,1.0
025_C202,25,C,4,6,OPTIMAL,35.3191,4,1,1,0,3,0.25,28.9139,0.0,6.4052,120,0.5,2.0,1.0
025_C202,25,C,4,7,OPTIMAL,96.7916,4,3,3,0,1,0.75,82.5942,0.0,14.1974,120,0.5,2.0,1.0
025_C202,25,C,4,8,OPTIMAL,117.3527,4,3,2,1,1,0.75,94.3308,0.0,23.0218,120,0.5,2.0,1.0
025_C202,25,C,4,9,OPTIMAL,72.5247,4,3,3,0,1,0.75,70.451,0.0,2.0738,120,0.5,2.0,1.0
025_C202,25,C,6,0,OPTIMAL,158.0472,6,5,5,0,1,0.8333,151.9907,0.0,6.0565,120,0.5,2.0,1.0
025_C202,25,C,6,1,OPTIMAL,163.2372,6,5,5,0,1,0.8333,156.0405,0.0,7.1967,120,0.5,2.0,1.0
025_C202,25,C,6,2,OPTIMAL,159.325,6,6,5,1,0,1.0,159.325,0.0,0.0,120,0.5,2.0,1.0
025_C202,25,C,6,3,OPTIMAL,101.9986,6,4,2,2,2,0.6667,101.8576,0.0,0.141,120,0.5,2.0,1.0
025_C202,25,C,6,4,OPTIMAL,142.7467,6,4,3,1,2,0.6667,116.631,0.0,26.1158,120,0.5,2.0,1.0
025_C202,25,C,6,5,OPTIMAL,63.8394,6,2,2,0,4,0.3333,34.1503,0.0,29.6891,120,0.5,2.0,1.0
025_C202,25,C,6,6,OPTIMAL,120.625,6,4,4,0,2,0.6667,115.513,0.0,5.112,120,0.5,2.0,1.0
025_C202,25,C,6,7,OPTIMAL,132.1647,6,5,3,2,1,0.8333,116.3977,0.0,15.767,120,0.5,2.0,1.0
025_C202,25,C,6,8,OPTIMAL,150.58,6,6,6,0,0,1.0,150.58,0.0,0.0,120,0.5,2.0,1.0
025_C202,25,C,6,9,OPTIMAL,126.4849,6,5,4,1,1,0.8333,125.366,0.0,1.119,120,0.5,2.0,1.0
025_C203,25,C,2,0,OPTIMAL,69.1683,2,2,2,0,0,1.0,69.1683,0.0,0.0,120,0.5,2.0,1.0
025_C203,25,C,2,1,OPTIMAL,39.5948,2,2,2,0,0,1.0,39.5948,0.0,0.0,120,0.5,2.0,1.0
025_C203,25,C,2,2,OPTIMAL,51.1827,2,1,1,0,1,0.5,40.5621,0.0,10.6206,120,0.5,2.0,1.0
025_C203,25,C,2,3,OPTIMAL,63.4316,2,2,1,1,0,1.0,63.4316,0.0,0.0,120,0.5,2.0,1.0
025_C203,25,C,2,4,OPTIMAL,31.3759,2,1,1,0,1,0.5,27.6017,0.0,3.7742,120,0.5,2.0,1.0
025_C203,25,C,2,5,OPTIMAL,75.9003,2,2,1,1,0,1.0,75.9003,0.0,0.0,120,0.5,2.0,1.0
025_C203,25,C,2,6,OPTIMAL,51.4607,2,2,2,0,0,1.0,51.4607,0.0,0.0,120,0.5,2.0,1.0
025_C203,25,C,2,7,OPTIMAL,45.1112,2,1,1,0,1,0.5,37.8009,0.0,7.3103,120,0.5,2.0,1.0
025_C203,25,C,2,8,OPTIMAL,28.2032,2,2,2,0,0,1.0,28.2032,0.0,0.0,120,0.5,2.0,1.0
025_C203,25,C,2,9,OPTIMAL,22.8461,2,2,1,1,0,1.0,22.8461,0.0,0.0,120,0.5,2.0,1.0
025_C203,25,C,4,0,OPTIMAL,98.3506,4,4,3,1,0,1.0,98.3506,0.0,0.0,120,0.5,2.0,1.0
025_C203,25,C,4,1,OPTIMAL,81.0923,4,4,3,1,0,1.0,81.0923,0.0,0.0,120,0.5,2.0,1.0
025_C203,25,C,4,2,OPTIMAL,67.1339,4,2,2,0,2,0.5,58.2978,0.0,8.8362,120,0.5,2.0,1.0
025_C203,25,C,4,3,OPTIMAL,103.2144,4,4,3,1,0,1.0,103.2144,0.0,0.0,120,0.5,2.0,1.0
025_C203,25,C,4,4,OPTIMAL,106.7143,4,4,4,0,0,1.0,106.7143,0.0,0.0,120,0.5,2.0,1.0
025_C203,25,C,4,5,OPTIMAL,82.81,4,4,1,3,0,1.0,82.81,0.0,0.0,120,0.5,2.0,1.0
025_C203,25,C,4,6,OPTIMAL,98.8584,4,3,3,0,1,0.75,98.655,0.0,0.2034,120,0.5,2.0,1.0
025_C203,25,C,4,7,OPTIMAL,96.7916,4,3,3,0,1,0.75,82.5942,0.0,14.1974,120,0.5,2.0,1.0
025_C203,25,C,4,8,OPTIMAL,124.6158,4,4,2,2,0,1.0,124.6158,0.0,0.0,120,0.5,2.0,1.0
025_C203,25,C,4,9,OPTIMAL,104.4715,4,4,4,0,0,1.0,104.4715,0.0,0.0,120,0.5,2.0,1.0
025_C203,25,C,6,0,OPTIMAL,175.0715,6,6,5,1,0,1.0,175.0715,0.0,0.0,120,0.5,2.0,1.0
025_C203,25,C,6,1,OPTIMAL,163.2372,6,5,5,0,1,0.8333,156.0405,0.0,7.1967,120,0.5,2.0,1.0
025_C203,25,C,6,2,OPTIMAL,159.325,6,6,5,1,0,1.0,159.325,0.0,0.0,120,0.5,2.0,1.0
025_C203,25,C,6,3,OPTIMAL,127.0504,6,5,4,1,1,0.8333,126.9221,0.0,0.1283,120,0.5,2.0,1.0
025_C203,25,C,6,4,OPTIMAL,149.4892,6,5,4,1,1,0.8333,145.6932,0.0,3.796,120,0.5,2.0,1.0
025_C203,25,C,6,5,OPTIMAL,119.4262,6,5,3,2,1,0.8333,107.4659,0.0,11.9603,120,0.5,2.0,1.0
025_C203,25,C,6,6,OPTIMAL,136.8078,6,6,6,0,0,1.0,136.8078,0.0,0.0,120,0.5,2.0,1.0
025_C203,25,C,6,7,OPTIMAL,148.1026,6,6,5,1,0,1.0,148.1026,0.0,0.0,120,0.5,2.0,1.0
025_C203,25,C,6,8,OPTIMAL,150.58,6,6,6,0,0,1.0,150.58,0.0,0.0,120,0.5,2.0,1.0
025_C203,25,C,6,9,OPTIMAL,149.5455,6,6,5,1,0,1.0,149.5455,0.0,0.0,120,0.5,2.0,1.0
025_C204,25,C,2,0,OPTIMAL,69.1683,2,2,2,0,0,1.0,69.1683,0.0,0.0,120,0.5,2.0,1.0
025_C204,25,C,2,1,OPTIMAL,39.5948,2,2,2,0,0,1.0,39.5948,0.0,0.0,120,0.5,2.0,1.0
025_C204,25,C,2,2,OPTIMAL,51.1827,2,1,1,0,1,0.5,40.5621,0.0,10.6206,120,0.5,2.0,1.0
025_C204,25,C,2,3,OPTIMAL,63.4316,2,2,1,1,0,1.0,63.4316,0.0,0.0,120,0.5,2.0,1.0
025_C204,25,C,2,4,OPTIMAL,31.3759,2,1,1,0,1,0.5,27.6017,0.0,3.7742,120,0.5,2.0,1.0
025_C204,25,C,2,5,OPTIMAL,75.9003,2,2,1,1,0,1.0,75.9003,0.0,0.0,120,0.5,2.0,1.0
025_C204,25,C,2,6,OPTIMAL,51.4607,2,2,2,0,0,1.0,51.4607,0.0,0.0,120,0.5,2.0,1.0
025_C204,25,C,2,7,OPTIMAL,45.1112,2,1,1,0,1,0.5,37.8009,0.0,7.3103,120,0.5,2.0,1.0
025_C204,25,C,2,8,OPTIMAL,28.2032,2,2,2,0,0,1.0,28.2032,0.0,0.0,120,0.5,2.0,1.0
025_C204,25,C,2,9,OPTIMAL,22.8461,2,2,1,1,0,1.0,22.8461,0.0,0.0,120,0.5,2.0,1.0
025_C204,25,C,4,0,OPTIMAL,98.3506,4,4,4,0,0,1.0,98.3506,0.0,0.0,120,0.5,2.0,1.0
025_C204,25,C,4,1,OPTIMAL,81.0923,4,4,3,1,0,1.0,81.0923,0.0,0.0,120,0.5,2.0,1.0
025_C204,25,C,4,2,OPTIMAL,76.0092,4,3,3,0,1,0.75,75.8301,0.0,0.1791,120,0.5,2.0,1.0
025_C204,25,C,4,3,OPTIMAL,103.2144,4,4,3,1,0,1.0,103.2144,0.0,0.0,120,0.5,2.0,1.0
025_C204,25,C,4,4,OPTIMAL,106.7143,4,4,4,0,0,1.0,106.7143,0.0,0.0,120,0.5,2.0,1.0
025_C204,25,C,4,5,OPTIMAL,82.81,4,4,1,3,0,1.0,82.81,0.0,0.0,120,0.5,2.0,1.0
025_C204,25,C,4,6,OPTIMAL,98.8584,4,3,3,0,1,0.75,98.655,0.0,0.2034,120,0.5,2.0,1.0
025_C204,25,C,4,7,OPTIMAL,96.7916,4,3,3,0,1,0.75,82.5942,0.0,14.1974,120,0.5,2.0,1.0
025_C204,25,C,4,8,OPTIMAL,124.6158,4,4,2,2,0,1.0,124.6158,0.0,0.0,120,0.5,2.0,1.0
025_C204,25,C,4,9,OPTIMAL,104.4715,4,4,4,0,0,1.0,104.4715,0.0,0.0,120,0.5,2.0,1.0
025_C204,25,C,6,0,OPTIMAL,175.0715,6,6,5,1,0,1.0,175.0715,0.0,0.0,120,0.5,2.0,1.0
025_C204,25,C,6,1,OPTIMAL,163.2372,6,5,5,0,1,0.8333,156.0405,0.0,7.1967,120,0.5,2.0,1.0
025_C204,25,C,6,2,OPTIMAL,159.325,6,6,5,1,0,1.0,159.325,0.0,0.0,120,0.5,2.0,1.0
025_C204,25,C,6,3,OPTIMAL,127.0504,6,5,4,1,1,0.8333,126.9221,0.0,0.1283,120,0.5,2.0,1.0
025_C204,25,C,6,4,OPTIMAL,149.4892,6,5,4,1,1,0.8333,145.6932,0.0,3.796,120,0.5,2.0,1.0
025_C204,25,C,6,5,OPTIMAL,119.4262,6,5,3,2,1,0.8333,107.4659,0.0,11.9603,120,0.5,2.0,1.0
025_C204,25,C,6,6,OPTIMAL,136.8078,6,6,6,0,0,1.0,136.8078,0.0,0.0,120,0.5,2.0,1.0
025_C204,25,C,6,7,OPTIMAL,148.1026,6,6,5,1,0,1.0,148.1026,0.0,0.0,120,0.5,2.0,1.0
025_C204,25,C,6,8,OPTIMAL,150.58,6,6,6,0,0,1.0,150.58,0.0,0.0,120,0.5,2.0,1.0
025_C204,25,C,6,9,OPTIMAL,149.5455,6,6,5,1,0,1.0,149.5455,0.0,0.0,120,0.5,2.0,1.0
025_C205,25,C,2,0,OPTIMAL,69.1683,2,2,1,1,0,1.0,69.1683,0.0,0.0,120,0.5,2.0,1.0
025_C205,25,C,2,1,OPTIMAL,39.5948,2,2,2,0,0,1.0,39.5948,0.0,0.0,120,0.5,2.0,1.0
025_C205,25,C,2,2,OPTIMAL,80.4989,2,2,2,0,0,1.0,80.4989,0.0,0.0,120,0.5,2.0,1.0
025_C205,25,C,2,3,OPTIMAL,34.9033,2,1,1,0,1,0.5,25.7848,0.0,9.1185,120,0.5,2.0,1.0
025_C205,25,C,2,4,OPTIMAL,34.1164,2,1,0,1,1,0.5,27.6017,0.0,6.5147,120,0.5,2.0,1.0
025_C205,25,C,2,5,OPTIMAL,75.9003,2,2,1,1,0,1.0,75.9003,0.0,0.0,120,0.5,2.0,1.0
025_C205,25,C,2,6,OPTIMAL,44.5486,2,1,1,0,1,0.5,36.7631,0.0,7.7855,120,0.5,2.0,1.0
025_C205,25,C,2,7,OPTIMAL,53.2503,2,1,0,1,1,0.5,37.8009,0.0,15.4493,120,0.5,2.0,1.0
025_C205,25,C,2,8,OPTIMAL,28.2032,2,2,2,0,0,1.0,28.2032,0.0,0.0,120,0.5,2.0,1.0
025_C205,25,C,2,9,OPTIMAL,14.6437,2,1,0,1,1,0.5,12.9475,0.0,1.6962,120,0.5,2.0,1.0
025_C205,25,C,4,0,OPTIMAL,98.3506,4,4,4,0,0,1.0,98.3506,0.0,0.0,120,0.5,2.0,1.0
025_C205,25,C,4,1,OPTIMAL,59.2106,4,3,3,0,1,0.75,58.6888,0.0,0.5218,120,0.5,2.0,1.0
025_C205,25,C,4,2,OPTIMAL,73.4421,4,2,1,1,2,0.5,58.2978,0.0,15.1443,120,0.5,2.0,1.0
025_C205,25,C,4,3,OPTIMAL,64.0193,4,2,1,1,2,0.5,59.8495,0.0,4.1698,120,0.5,2.0,1.0
025_C205,25,C,4,4,OPTIMAL,70.8758,4,3,3,0,1,0.75,67.1472,0.0,3.7286,120,0.5,2.0,1.0
025_C205,25,C,4,5,OPTIMAL,71.1814,4,2,2,0,2,0.5,51.0699,0.0,20.1114,120,0.5,2.0,1.0
025_C205,25,C,4,6,OPTIMAL,30.9271,4,0,0,0,4,0.0,0.0,0.0,30.9271,120,0.5,2.0,1.0
025_C205,25,C,4,7,OPTIMAL,104.8642,4,3,2,1,1,0.75,82.5942,0.0,22.27,120,0.5,2.0,1.0
025_C205,25,C,4,8,OPTIMAL,123.6233,4,3,2,1,1,0.75,103.1311,0.0,20.4922,120,0.5,2.0,1.0
025_C205,25,C,4,9,OPTIMAL,35.0956,4,1,1,0,3,0.25,23.5918,0.0,11.5037,120,0.5,2.0,1.0
025_C205,25,C,6,0,OPTIMAL,162.7147,6,4,2,2,2,0.6667,140.6408,0.0,22.0738,120,0.5,2.0,1.0
025_C205,25,C,6,1,OPTIMAL,158.5073,6,5,4,1,1,0.8333,156.0405,0.0,2.4668,120,0.5,2.0,1.0
025_C205,25,C,6,2,OPTIMAL,159.325,6,6,6,0,0,1.0,159.325,0.0,0.0,120,0.5,2.0,1.0
025_C205,25,C,6,3,OPTIMAL,102.6499,6,4,3,1,2,0.6667,101.8576,0.0,0.7923,120,0.5,2.0,1.0
025_C205,25,C,6,4,OPTIMAL,109.8092,6,3,2,1,3,0.5,98.848,0.0,10.9612,120,0.5,2.0,1.0
025_C205,25,C,6,5,OPTIMAL,86.5826,6,3,3,0,3,0.5,75.4426,0.0,11.1401,120,0.5,2.0,1.0
025_C205,25,C,6,6,OPTIMAL,129.1012,6,5,4,1,1,0.8333,123.3641,0.0,5.7371,120,0.5,2.0,1.0
025_C205,25,C,6,7,OPTIMAL,111.9458,6,4,3,1,2,0.6667,96.4924,0.0,15.4534,120,0.5,2.0,1.0
025_C205,25,C,6,8,OPTIMAL,150.58,6,6,4,2,0,1.0,150.58,0.0,0.0,120,0.5,2.0,1.0
025_C205,25,C,6,9,OPTIMAL,125.5926,6,5,3,2,1,0.8333,125.366,0.0,0.2266,120,0.5,2.0,1.0
025_C206,25,C,2,0,OPTIMAL,69.1683,2,2,0,2,0,1.0,69.1683,0.0,0.0,120,0.5,2.0,1.0
025_C206,25,C,2,1,OPTIMAL,39.5948,2,2,2,0,0,1.0,39.5948,0.0,0.0,120,0.5,2.0,1.0
025_C206,25,C,2,2,OPTIMAL,80.4989,2,2,2,0,0,1.0,80.4989,0.0,0.0,120,0.5,2.0,1.0
025_C206,25,C,2,3,OPTIMAL,27.958,2,1,1,0,1,0.5,25.7848,0.0,2.1732,120,0.5,2.0,1.0
025_C206,25,C,2,4,OPTIMAL,48.3276,2,2,2,0,0,1.0,48.3276,0.0,0.0,120,0.5,2.0,1.0
025_C206,25,C,2,5,OPTIMAL,75.9003,2,2,1,1,0,1.0,75.9003,0.0,0.0,120,0.5,2.0,1.0
025_C206,25,C,2,6,OPTIMAL,45.2352,2,1,0,1,1,0.5,36.7631,0.0,8.4722,120,0.5,2.0,1.0
025_C206,25,C,2,7,OPTIMAL,76.6159,2,2,2,0,0,1.0,76.6159,0.0,0.0,120,0.5,2.0,1.0
025_C206,25,C,2,8,OPTIMAL,28.2032,2,2,2,0,0,1.0,28.2032,0.0,0.0,120,0.5,2.0,1.0
025_C206,25,C,2,9,OPTIMAL,22.8461,2,2,1,1,0,1.0,22.8461,0.0,0.0,120,0.5,2.0,1.0
025_C206,25,C,4,0,OPTIMAL,98.3506,4,4,3,1,0,1.0,98.3506,0.0,0.0,120,0.5,2.0,1.0
025_C206,25,C,4,1,OPTIMAL,50.0079,4,2,2,0,2,0.5,36.7291,0.0,13.2787,120,0.5,2.0,1.0
025_C206,25,C,4,2,OPTIMAL,90.6606,4,3,3,0,1,0.75,79.9199,0.0,10.7407,120,0.5,2.0,1.0
025_C206,25,C,4,3,OPTIMAL,79.5924,4,2,1,1,2,0.5,66.8471,0.0,12.7453,120,0.5,2.0,1.0
025_C206,25,C,4,4,OPTIMAL,73.4563,4,3,3,0,1,0.75,67.1472,0.0,6.3091,120,0.5,2.0,1.0
025_C206,25,C,4,5,OPTIMAL,82.81,4,4,4,0,0,1.0,82.81,0.0,0.0,120,0.5,2.0,1.0
025_C206,25,C,4,6,OPTIMAL,65.9813,4,2,1,1,2,0.5,40.6943,0.0,25.287,120,0.5,2.0,1.0
025_C206,25,C,4,7,OPTIMAL,102.3222,4,3,2,1,1,0.75,101.12,0.0,1.2021,120,0.5,2.0,1.0
025_C206,25,C,4,8,OPTIMAL,117.571,4,3,2,1,1,0.75,103.1311,0.0,14.4399,120,0.5,2.0,1.0
025_C206,25,C,4,9,OPTIMAL,39.3828,4,1,1,0,3,0.25,23.5918,0.0,15.7909,120,0.5,2.0,1.0
025_C206,25,C,6,0,OPTIMAL,162.7147,6,4,3,1,2,0.6667,140.6408,0.0,22.0738,120,0.5,2.0,1.0
025_C206,25,C,6,1,OPTIMAL,155.6686,6,5,3,2,1,0.8333,138.0143,0.0,17.6544,120,0.5,2.0,1.0
025_C206,25,C,6,2,OPTIMAL,159.325,6,6,5,1,0,1.0,159.325,0.0,0.0,120,0.5,2.0,1.0
025_C206,25,C,6,3,OPTIMAL,114.3211,6,5,5,0,1,0.8333,114.0318,0.0,0.2892,120,0.5,2.0,1.0
025_C206,25,C,6,4,OPTIMAL,144.1371,6,4,3,1,2,0.6667,132.4868,0.0,11.6502,120,0.5,2.0,1.0
025_C206,25,C,6,5,OPTIMAL,87.5943,6,3,3,0,3,0.5,75.4426,0.0,12.1518,120,0.5,2.0,1.0
025_C206,25,C,6,6,OPTIMAL,131.2512,6,5,5,0,1,0.8333,123.3641,0.0,7.8871,120,0.5,2.0,1.0
025_C206,25,C,6,7,OPTIMAL,118.0418,6,5,4,1,1,0.8333,116.3977,0.0,1.6441,120,0.5,2.0,1.0
025_C206,25,C,6,8,OPTIMAL,140.3934,6,4,2,2,2,0.6667,110.4303,0.0,29.9631,120,0.5,2.0,1.0
025_C206,25,C,6,9,OPTIMAL,125.6127,6,5,3,2,1,0.8333,125.366,0.0,0.2467,120,0.5,2.0,1.0
025_C207,25,C,2,0,OPTIMAL,69.1683,2,2,2,0,0,1.0,69.1683,0.0,0.0,120,0.5,2.0,1.0
025_C207,25,C,2,1,OPTIMAL,32.0301,2,1,1,0,1,0.5,24.8477,0.0,7.1823,120,0.5,2.0,1.0
025_C207,25,C,2,2,OPTIMAL,80.4989,2,2,1,1,0,1.0,80.4989,0.0,0.0,120,0.5,2.0,1.0
025_C207,25,C,2,3,OPTIMAL,63.4316,2,2,2,0,0,1.0,63.4316,0.0,0.0,120,0.5,2.0,1.0
025_C207,25,C,2,4,OPTIMAL,39.4423,2,1,1,0,1,0.5,27.6017,0.0,11.8406,120,0.5,2.0,1.0
025_C207,25,C,2,5,OPTIMAL,75.9003,2,2,2,0,0,1.0,75.9003,0.0,0.0,120,0.5,2.0,1.0
025_C207,25,C,2,6,OPTIMAL,42.2888,2,1,1,0,1,0.5,36.7631,0.0,5.5257,120,0.5,2.0,1.0
025_C207,25,C,2,7,OPTIMAL,76.6159,2,2,2,0,0,1.0,76.6159,0.0,0.0,120,0.5,2.0,1.0
025_C207,25,C,2,8,OPTIMAL,28.2032,2,2,2,0,0,1.0,28.2032,0.0,0.0,120,0.5,2.0,1.0
025_C207,25,C,2,9,OPTIMAL,22.8461,2,2,2,0,0,1.0,22.8461,0.0,0.0,120,0.5,2.0,1.0
025_C207,25,C,4,0,OPTIMAL,71.8348,4,3,2,1,1,0.75,59.0476,0.0,12.7872,120,0.5,2.0,1.0
025_C207,25,C,4,1,OPTIMAL,46.9902,4,2,1,1,2,0.5,36.7291,0.0,10.2611,120,0.5,2.0,1.0
025_C207,25,C,4,2,OPTIMAL,97.4522,4,4,3,1,0,1.0,97.4522,0.0,0.0,120,0.5,2.0,1.0
025_C207,25,C,4,3,OPTIMAL,70.2008,4,2,2,0,2,0.5,60.0705,0.0,10.1303,120,0.5,2.0,1.0
025_C207,25,C,4,4,OPTIMAL,65.5282,4,2,2,0,2,0.5,47.4309,0.0,18.0972,120,0.5,2.0,1.0
025_C207,25,C,4,5,OPTIMAL,82.81,4,4,4,0,0,1.0,82.81,0.0,0.0,120,0.5,2.0,1.0
025_C207,25,C,4,6,OPTIMAL,76.4376,4,2,1,1,2,0.5,40.6943,0.0,35.7433,120,0.5,2.0,1.0
025_C207,25,C,4,7,OPTIMAL,102.4652,4,3,3,0,1,0.75,101.12,0.0,1.3452,120,0.5,2.0,1.0
025_C207,25,C,4,8,OPTIMAL,103.8269,4,2,2,0,2,0.5,65.8885,0.0,37.9385,120,0.5,2.0,1.0
025_C207,25,C,4,9,OPTIMAL,40.3274,4,1,1,0,3,0.25,23.5918,0.0,16.7356,120,0.5,2.0,1.0
025_C207,25,C,6,0,OPTIMAL,166.5568,6,5,3,2,1,0.8333,136.366,0.0,30.1909,120,0.5,2.0,1.0
025_C207,25,C,6,1,OPTIMAL,123.5843,6,4,4,0,2,0.6667,109.1022,0.0,14.4821,120,0.5,2.0,1.0
025_C207,25,C,6,2,OPTIMAL,115.9027,6,4,4,0,2,0.6667,106.1724,0.0,9.7303,120,0.5,2.0,1.0
025_C207,25,C,6,3,OPTIMAL,129.1556,6,5,4,1,1,0.8333,121.7791,0.0,7.3765,120,0.5,2.0,1.0
025_C207,25,C,6,4,OPTIMAL,98.0511,6,4,3,1,2,0.6667,90.5715,0.0,7.4795,120,0.5,2.0,1.0
025_C207,25,C,6,5,OPTIMAL,148.7581,6,6,4,2,0,1.0,148.7581,0.0,0.0,120,0.5,2.0,1.0
025_C207,25,C,6,6,OPTIMAL,113.5775,6,4,3,1,2,0.6667,90.2438,0.0,23.3337,120,0.5,2.0,1.0
025_C207,25,C,6,7,OPTIMAL,108.8815,6,4,4,0,2,0.6667,91.2939,0.0,17.5876,120,0.5,2.0,1.0
025_C207,25,C,6,8,OPTIMAL,139.7072,6,5,3,2,1,0.8333,114.5655,0.0,25.1416,120,0.5,2.0,1.0
025_C207,25,C,6,9,OPTIMAL,114.0092,6,4,4,0,2,0.6667,111.8232,0.0,2.186,120,0.5,2.0,1.0
025_C208,25,C,2,0,OPTIMAL,69.1683,2,2,2,0,0,1.0,69.1683,0.0,0.0,120,0.5,2.0,1.0
025_C208,25,C,2,1,OPTIMAL,27.7484,2,1,1,0,1,0.5,24.8477,0.0,2.9007,120,0.5,2.0,1.0
025_C208,25,C,2,2,OPTIMAL,60.816,2,1,1,0,1,0.5,40.5621,0.0,20.254,120,0.5,2.0,1.0
025_C208,25,C,2,3,OPTIMAL,63.4316,2,2,2,0,0,1.0,63.4316,0.0,0.0,120,0.5,2.0,1.0
025_C208,25,C,2,4,OPTIMAL,32.7584,2,1,0,1,1,0.5,27.6017,0.0,5.1567,120,0.5,2.0,1.0
025_C208,25,C,2,5,OPTIMAL,75.9003,2,2,2,0,0,1.0,75.9003,0.0,0.0,120,0.5,2.0,1.0
025_C208,25,C,2,6,OPTIMAL,46.3371,2,1,0,1,1,0.5,36.7631,0.0,9.574,120,0.5,2.0,1.0
025_C208,25,C,2,7,OPTIMAL,76.6159,2,2,2,0,0,1.0,76.6159,0.0,0.0,120,0.5,2.0,1.0
025_C208,25,C,2,8,OPTIMAL,28.2032,2,2,2,0,0,1.0,28.2032,0.0,0.0,120,0.5,2.0,1.0
025_C208,25,C,2,9,OPTIMAL,22.8461,2,2,1,1,0,1.0,22.8461,0.0,0.0,120,0.5,2.0,1.0
025_C208,25,C,4,0,OPTIMAL,69.203,4,3,1,2,1,0.75,59.0476,0.0,10.1554,120,0.5,2.0,1.0
025_C208,25,C,4,1,OPTIMAL,60.4131,4,3,3,0,1,0.75,58.6888,0.0,1.7243,120,0.5,2.0,1.0
025_C208,25,C,4,2,OPTIMAL,89.073,4,3,3,0,1,0.75,75.8301,0.0,13.2429,120,0.5,2.0,1.0
025_C208,25,C,4,3,OPTIMAL,85.6371,4,3,3,0,1,0.75,84.9202,0.0,0.7168,120,0.5,2.0,1.0
025_C208,25,C,4,4,OPTIMAL,106.7143,4,4,2,2,0,1.0,106.7143,0.0,0.0,120,0.5,2.0,1.0
025_C208,25,C,4,5,OPTIMAL,78.0554,4,3,2,1,1,0.75,61.585,0.0,16.4704,120,0.5,2.0,1.0
025_C208,25,C,4,6,OPTIMAL,82.5325,4,2,1,1,2,0.5,60.2954,0.0,22.2372,120,0.5,2.0,1.0
025_C208,25,C,4,7,OPTIMAL,103.6908,4,3,2,1,1,0.75,101.12,0.0,2.5708,120,0.5,2.0,1.0
025_C208,25,C,4,8,OPTIMAL,124.6158,4,4,4,0,0,1.0,124.6158,0.0,0.0,120,0.5,2.0,1.0
025_C208,25,C,4,9,OPTIMAL,104.4715,4,4,3,1,0,1.0,104.4715,0.0,0.0,120,0.5,2.0,1.0
025_C208,25,C,6,0,OPTIMAL,175.0715,6,6,4,2,0,1.0,175.0715,0.0,0.0,120,0.5,2.0,1.0
025_C208,25,C,6,1,OPTIMAL,124.8249,6,4,2,2,2,0.6667,120.4211,0.0,4.4039,120,0.5,2.0,1.0
025_C208,25,C,6,2,OPTIMAL,126.7024,6,4,4,0,2,0.6667,101.0713,0.0,25.631,120,0.5,2.0,1.0
025_C208,25,C,6,3,OPTIMAL,105.3532,6,4,4,0,2,0.6667,101.8576,0.0,3.4957,120,0.5,2.0,1.0
025_C208,25,C,6,4,OPTIMAL,96.2899,6,2,2,0,4,0.3333,67.6838,0.0,28.606,120,0.5,2.0,1.0
025_C208,25,C,6,5,OPTIMAL,83.1697,6,3,1,2,3,0.5,49.2434,0.0,33.9263,120,0.5,2.0,1.0
025_C208,25,C,6,6,OPTIMAL,121.2009,6,5,4,1,1,0.8333,114.2294,0.0,6.9714,120,0.5,2.0,1.0
025_C208,25,C,6,7,OPTIMAL,89.7682,6,4,4,0,2,0.6667,79.4942,0.0,10.274,120,0.5,2.0,1.0
025_C208,25,C,6,8,OPTIMAL,150.58,6,6,5,1,0,1.0,150.58,0.0,0.0,120,0.5,2.0,1.0
025_C208,25,C,6,9,OPTIMAL,128.6296,6,5,3,2,1,0.8333,125.5378,0.0,3.0918,120,0.5,2.0,1.0
025_R101,25,R,2,0,OPTIMAL,3.9376,2,0,0,0,2,0.0,0.0,0.0,3.9376,120,0.5,2.0,1.0
025_R101,25,R,2,1,OPTIMAL,8.9964,2,0,0,0,2,0.0,0.0,0.0,8.9964,120,0.5,2.0,1.0
025_R101,25,R,2,2,OPTIMAL,60.6384,2,1,0,1,1,0.5,34.1166,0.0,26.5218,120,0.5,2.0,1.0
025_R101,25,R,2,3,OPTIMAL,14.8026,2,0,0,0,2,0.0,0.0,0.0,14.8026,120,0.5,2.0,1.0
025_R101,25,R,2,4,OPTIMAL,0.2164,2,0,0,0,2,0.0,0.0,0.0,0.2164,120,0.5,2.0,1.0
025_R101,25,R,2,5,OPTIMAL,13.5247,2,0,0,0,2,0.0,0.0,0.0,13.5247,120,0.5,2.0,1.0
025_R101,25,R,2,6,OPTIMAL,51.5845,2,1,0,1,1,0.5,32.0129,0.0,19.5716,120,0.5,2.0,1.0
025_R101,25,R,2,7,OPTIMAL,24.2981,2,0,0,0,2,0.0,0.0,0.0,24.2981,120,0.5,2.0,1.0
025_R101,25,R,2,8,OPTIMAL,14.1372,2,0,0,0,2,0.0,0.0,0.0,14.1372,120,0.5,2.0,1.0
025_R101,25,R,2,9,OPTIMAL,4.3411,2,0,0,0,2,0.0,0.0,0.0,4.3411,120,0.5,2.0,1.0
025_R101,25,R,4,0,OPTIMAL,10.0417,4,0,0,0,4,0.0,0.0,0.0,10.0417,120,0.5,2.0,1.0
025_R101,25,R,4,1,OPTIMAL,7.9167,4,0,0,0,4,0.0,0.0,0.0,7.9167,120,0.5,2.0,1.0
025_R101,25,R,4,2,OPTIMAL,13.9448,4,0,0,0,4,0.0,0.0,0.0,13.9448,120,0.5,2.0,1.0
025_R101,25,R,4,3,OPTIMAL,45.6627,4,1,0,1,3,0.25,30.3654,0.0,15.2973,120,0.5,2.0,1.0
025_R101,25,R,4,4,OPTIMAL,33.8336,4,0,0,0,4,0.0,0.0,1.3743,32.4593,120,0.5,2.0,1.0
025_R101,25,R,4,5,OPTIMAL,34.6063,4,0,0,0,4,0.0,0.0,0.0,34.6063,120,0.5,2.0,1.0
025_R101,25,R,4,6,OPTIMAL,15.0307,4,0,0,0,4,0.0,0.0,0.0,15.0307,120,0.5,2.0,1.0
025_R101,25,R,4,7,OPTIMAL,10.7947,4,0,0,0,4,0.0,0.0,0.0,10.7947,120,0.5,2.0,1.0
025_R101,25,R,4,8,OPTIMAL,5.3877,4,0,0,0,4,0.0,0.0,0.0,5.3877,120,0.5,2.0,1.0
025_R101,25,R,4,9,OPTIMAL,53.4122,4,1,0,1,3,0.25,14.2435,0.0,39.1687,120,0.5,2.0,1.0
025_R101,25,R,6,0,OPTIMAL,32.5757,6,0,0,0,6,0.0,0.0,0.0,32.5757,120,0.5,2.0,1.0
025_R101,25,R,6,1,OPTIMAL,57.376,6,0,0,0,6,0.0,0.0,0.0,57.376,120,0.5,2.0,1.0
025_R101,25,R,6,2,OPTIMAL,84.4321,6,2,0,2,4,0.3333,60.3317,0.0,24.1004,120,0.5,2.0,1.0
025_R101,25,R,6,3,OPTIMAL,50.2215,6,1,0,1,5,0.1667,25.9114,0.0,24.3101,120,0.5,2.0,1.0
025_R101,25,R,6,4,OPTIMAL,9.299,6,0,0,0,6,0.0,0.0,0.0,9.299,120,0.5,2.0,1.0
025_R101,25,R,6,5,OPTIMAL,17.0344,6,0,0,0,6,0.0,0.0,0.0,17.0344,120,0.5,2.0,1.0
025_R101,25,R,6,6,OPTIMAL,32.316,6,0,0,0,6,0.0,0.0,0.0,32.316,120,0.5,2.0,1.0
025_R101,25,R,6,7,OPTIMAL,77.2578,6,2,0,2,4,0.3333,63.1536,0.0,14.1043,120,0.5,2.0,1.0
025_R101,25,R,6,8,OPTIMAL,60.348,6,1,0,1,5,0.1667,29.2899,0.0,31.0581,120,0.5,2.0,1.0
025_R101,25,R,6,9,OPTIMAL,38.4057,6,0,0,0,6,0.0,0.0,0.0,38.4057,120,0.5,2.0,1.0
025_R102,25,R,2,0,OPTIMAL,4.9634,2,0,0,0,2,0.0,0.0,0.0,4.9634,120,0.5,2.0,1.0
025_R102,25,R,2,1,OPTIMAL,8.862,2,0,0,0,2,0.0,0.0,0.0,8.862,120,0.5,2.0,1.0
025_R102,25,R,2,2,OPTIMAL,57.7145,2,1,0,1,1,0.5,34.1166,0.0,23.5979,120,0.5,2.0,1.0
025_R102,25,R,2,3,OPTIMAL,14.8026,2,0,0,0,2,0.0,0.0,0.0,14.8026,120,0.5,2.0,1.0
025_R102,25,R,2,4,OPTIMAL,0.2807,2,0,0,0,2,0.0,0.0,0.0,0.2807,120,0.5,2.0,1.0
025_R102,25,R,2,5,OPTIMAL,13.5247,2,0,0,0,2,0.0,0.0,0.0,13.5247,120,0.5,2.0,1.0
025_R102,25,R,2,6,OPTIMAL,50.0078,2,0,0,0,2,0.0,0.0,0.0,50.0078,120,0.5,2.0,1.0
025_R102,25,R,2,7,OPTIMAL,25.286,2,0,0,0,2,0.0,0.0,0.0,25.286,120,0.5,2.0,1.0
025_R102,25,R,2,8,OPTIMAL,14.1372,2,0,0,0,2,0.0,0.0,0.0,14.1372,120,0.5,2.0,1.0
025_R102,25,R,2,9,OPTIMAL,4.3411,2,0,0,0,2,0.0,0.0,0.0,4.3411,120,0.5,2.0,1.0
025_R102,25,R,4,0,OPTIMAL,15.4365,4,0,0,0,4,0.0,0.0,0.0,15.4365,120,0.5,2.0,1.0
025_R102,25,R,4,1,OPTIMAL,7.5601,4,0,0,0,4,0.0,0.0,0.0,7.5601,120,0.5,2.0,1.0
025_R102,25,R,4,2,OPTIMAL,13.9448,4,0,0,0,4,0.0,0.0,0.0,13.9448,120,0.5,2.0,1.0
025_R102,25,R,4,3,OPTIMAL,45.6627,4,1,0,1,3,0.25,30.3654,0.0,15.2973,120,0.5,2.0,1.0
025_R102,25,R,4,4,OPTIMAL,28.538,4,0,0,0,4,0.0,0.0,0.0,28.538,120,0.5,2.0,1.0
025_R102,25,R,4,5,OPTIMAL,29.071,4,0,0,0,4,0.0,0.0,0.0,29.071,120,0.5,2.0,1.0
025_R102,25,R,4,6,OPTIMAL,18.5411,4,0,0,0,4,0.0,0.0,0.0,18.5411,120,0.5,2.0,1.0
025_R102,25,R,4,7,OPTIMAL,18.8353,4,0,0,0,4,0.0,0.0,0.0,18.8353,120,0.5,2.0,1.0
025_R102,25,R,4,8,OPTIMAL,5.3877,4,0,0,0,4,0.0,0.0,0.0,5.3877,120,0.5,2.0,1.0
025_R102,25,R,4,9,OPTIMAL,40.8898,4,0,0,0,4,0.0,0.0,0.0,40.8898,120,0.5,2.0,1.0
025_R102,25,R,6,0,OPTIMAL,31.4859,6,0,0,0,6,0.0,0.0,0.0,31.4859,120,0.5,2.0,1.0
025_R102,25,R,6,1,OPTIMAL,49.1478,6,0,0,0,6,0.0,0.0,0.0,49.1478,120,0.5,2.0,1.0
025_R102,25,R,6,2,OPTIMAL,79.2892,6,1,0,1,5,0.1667,32.5459,0.0,46.7433,120,0.5,2.0,1.0
025_R102,25,R,6,3,OPTIMAL,38.8765,6,0,0,0,6,0.0,0.0,0.0,38.8765,120,0.5,2.0,1.0
025_R102,25,R,6,4,OPTIMAL,8.9114,6,0,0,0,6,0.0,0.0,0.0,8.9114,120,0.5,2.0,1.0
025_R102,25,R,6,5,OPTIMAL,21.9292,6,0,0,0,6,0.0,0.0,0.0,21.9292,120,0.5,2.0,1.0
025_R102,25,R,6,6,OPTIMAL,33.7107,6,0,0,0,6,0.0,0.0,0.0,33.7107,120,0.5,2.0,1.0
025_R102,25,R,6,7,OPTIMAL,65.6164,6,1,0,1,5,0.1667,32.9715,0.0,32.6449,120,0.5,2.0,1.0
025_R102,25,R,6,8,OPTIMAL,42.0574,6,0,0,0,6,0.0,0.0,0.0,42.0574,120,0.5,2.0,1.0
025_R102,25,R,6,9,OPTIMAL,38.4057,6,0,0,0,6,0.0,0.0,0.0,38.4057,120,0.5,2.0,1.0
025_R103,25,R,2,0,OPTIMAL,3.9376,2,0,0,0,2,0.0,0.0,0.0,3.9376,120,0.5,2.0,1.0
025_R103,25,R,2,1,OPTIMAL,9.5481,2,0,0,0,2,0.0,0.0,0.0,9.5481,120,0.5,2.0,1.0
025_R103,25,R,2,2,OPTIMAL,57.7145,2,1,0,1,1,0.5,34.1166,0.0,23.5979,120,0.5,2.0,1.0
025_R103,25,R,2,3,OPTIMAL,14.8026,2,0,0,0,2,0.0,0.0,0.0,14.8026,120,0.5,2.0,1.0
025_R103,25,R,2,4,OPTIMAL,0.931,2,0,0,0,2,0.0,0.0,0.0,0.931,120,0.5,2.0,1.0
025_R103,25,R,2,5,OPTIMAL,13.5247,2,0,0,0,2,0.0,0.0,0.0,13.5247,120,0.5,2.0,1.0
025_R103,25,R,2,6,OPTIMAL,23.5999,2,0,0,0,2,0.0,0.0,0.0,23.5999,120,0.5,2.0,1.0
025_R103,25,R,2,7,OPTIMAL,25.286,2,0,0,0,2,0.0,0.0,0.0,25.286,120,0.5,2.0,1.0
025_R103,25,R,2,8,OPTIMAL,23.5614,2,0,0,0,2,0.0,0.0,0.0,23.5614,120,0.5,2.0,1.0
025_R103,25,R,2,9,OPTIMAL,4.3411,2,0,0,0,2,0.0,0.0,0.0,4.3411,120,0.5,2.0,1.0
025_R103,25,R,4,0,OPTIMAL,18.6277,4,0,0,0,4,0.0,0.0,0.0,18.6277,120,0.5,2.0,1.0
025_R103,25,R,4,1,OPTIMAL,23.3424,4,0,0,0,4,0.0,0.0,0.0,23.3424,120,0.5,2.0,1.0
025_R103,25,R,4,2,OPTIMAL,13.9448,4,0,0,0,4,0.0,0.0,0.0,13.9448,120,0.5,2.0,1.0
025_R103,25,R,4,3,OPTIMAL,45.6627,4,1,0,1,3,0.25,30.3654,0.0,15.2973,120,0.5,2.0,1.0
025_R103,25,R,4,4,OPTIMAL,24.783,4,0,0,0,4,0.0,0.0,0.0,24.783,120,0.5,2.0,1.0
025_R103,25,R,4,5,OPTIMAL,41.1504,4,0,0,0,4,0.0,0.0,0.0,41.1504,120,0.5,2.0,1.0
025_R103,25,R,4,6,OPTIMAL,17.4864,4,0,0,0,4,0.0,0.0,0.0,17.4864,120,0.5,2.0,1.0
025_R103,25,R,4,7,OPTIMAL,18.4329,4,0,0,0,4,0.0,0.0,0.0,18.4329,120,0.5,2.0,1.0
025_R103,25,R,4,8,OPTIMAL,5.3877,4,0,0,0,4,0.0,0.0,0.0,5.3877,120,0.5,2.0,1.0
025_R103,25,R,4,9,OPTIMAL,39.6854,4,1,0,1,3,0.25,31.8093,0.0,7.8761,120,0.5,2.0,1.0
025_R103,25,R,6,0,OPTIMAL,36.3273,6,0,0,0,6,0.0,0.0,0.0,36.3273,120,0.5,2.0,1.0
025_R103,25,R,6,1,OPTIMAL,50.3488,6,0,0,0,6,0.0,0.0,0.0,50.3488,120,0.5,2.0,1.0
025_R103,25,R,6,2,OPTIMAL,98.3058,6,1,0,1,5,0.1667,32.5459,0.0,65.7599,120,0.5,2.0,1.0
025_R103,25,R,6,3,OPTIMAL,38.7633,6,0,0,0,6,0.0,0.0,0.0,38.7633,120,0.5,2.0,1.0
025_R103,25,R,6,4,OPTIMAL,12.1488,6,0,0,0,6,0.0,0.0,0.0,12.1488,120,0.5,2.0,1.0
025_R103,25,R,6,5,OPTIMAL,32.7815,6,0,0,0,6,0.0,0.0,0.0,32.7815,120,0.5,2.0,1.0
025_R103,25,R,6,6,OPTIMAL,49.9374,6,0,0,0,6,0.0,0.0,0.0,49.9374,120,0.5,2.0,1.0
025_R103,25,R,6,7,OPTIMAL,47.2031,6,1,0,1,5,0.1667,32.9715,0.0,14.2316,120,0.5,2.0,1.0
025_R103,25,R,6,8,OPTIMAL,60.0877,6,0,0,0,6,0.0,0.0,0.0,60.0877,120,0.5,2.0,1.0
025_R103,25,R,6,9,OPTIMAL,55.305,6,0,0,0,6,0.0,0.0,0.0,55.305,120,0.5,2.0,1.0
025_R104,25,R,2,0,OPTIMAL,22.6871,2,1,0,1,1,0.5,19.8843,0.0,2.8028,120,0.5,2.0,1.0
025_R104,25,R,2,1,OPTIMAL,27.3889,2,1,0,1,1,0.5,26.8789,0.0,0.51,120,0.5,2.0,1.0
025_R104,25,R,2,2,OPTIMAL,35.1907,2,1,0,1,1,0.5,34.1166,0.0,1.0741,120,0.5,2.0,1.0
025_R104,25,R,2,3,OPTIMAL,14.8364,2,0,0,0,2,0.0,0.0,0.0,14.8364,120,0.5,2.0,1.0
025_R104,25,R,2,4,OPTIMAL,0.931,2,0,0,0,2,0.0,0.0,0.0,0.931,120,0.5,2.0,1.0
025_R104,25,R,2,5,OPTIMAL,31.2043,2,1,0,1,1,0.5,30.3653,0.0,0.839,120,0.5,2.0,1.0
025_R104,25,R,2,6,OPTIMAL,36.7389,2,1,0,1,1,0.5,32.7106,0.0,4.0283,120,0.5,2.0,1.0
025_R104,25,R,2,7,OPTIMAL,2.8581,2,0,0,0,2,0.0,0.0,0.0,2.8581,120,0.5,2.0,1.0
025_R104,25,R,2,8,OPTIMAL,33.0748,2,1,0,1,1,0.5,32.5706,0.0,0.5042,120,0.5,2.0,1.0
025_R104,25,R,2,9,OPTIMAL,10.0355,2,0,0,0,2,0.0,0.0,0.0,10.0355,120,0.5,2.0,1.0
025_R104,25,R,4,0,OPTIMAL,55.4538,4,1,0,1,3,0.25,28.3854,0.0,27.0685,120,0.5,2.0,1.0
025_R104,25,R,4,1,OPTIMAL,43.5954,4,1,0,1,3,0.25,27.1786,0.0,16.4168,120,0.5,2.0,1.0
025_R104,25,R,4,2,OPTIMAL,11.7416,4,0,0,0,4,0.0,0.0,0.0,11.7416,120,0.5,2.0,1.0
025_R104,25,R,4,3,OPTIMAL,80.8118,4,2,0,2,2,0.5,59.4259,0.0,21.3859,120,0.5,2.0,1.0
025_R104,25,R,4,4,OPTIMAL,41.0108,4,0,0,0,4,0.0,0.0,0.0,41.0108,120,0.5,2.0,1.0
025_R104,25,R,4,5,OPTIMAL,63.7344,4,1,0,1,3,0.25,28.9016,0.0,34.8328,120,0.5,2.0,1.0
025_R104,25,R,4,6,OPTIMAL,36.3696,4,1,0,1,3,0.25,28.0513,0.0,8.3183,120,0.5,2.0,1.0
025_R104,25,R,4,7,OPTIMAL,18.4329,4,0,0,0,4,0.0,0.0,0.0,18.4329,120,0.5,2.0,1.0
025_R104,25,R,4,8,OPTIMAL,12.729,4,0,0,0,4,0.0,0.0,0.0,12.729,120,0.5,2.0,1.0
025_R104,25,R,4,9,OPTIMAL,39.8275,4,1,0,1,3,0.25,31.8093,0.0,8.0182,120,0.5,2.0,1.0
025_R104,25,R,6,0,OPTIMAL,62.3938,6,2,0,2,4,0.3333,53.2553,0.0,9.1385,120,0.5,2.0,1.0
025_R104,25,R,6,1,OPTIMAL,109.4036,6,3,0,3,3,0.5,89.653,0.0,19.7506,120,0.5,2.0,1.0
025_R104,25,R,6,2,OPTIMAL,84.7911,6,1,0,1,5,0.1667,32.5459,0.0,52.2452,120,0.5,2.0,1.0
025_R104,25,R,6,3,OPTIMAL,76.8303,6,2,0,2,4,0.3333,52.9889,0.0,23.8413,120,0.5,2.0,1.0
025_R104,25,R,6,4,OPTIMAL,48.1375,6,1,0,1,5,0.1667,33.2239,0.0,14.9136,120,0.5,2.0,1.0
025_R104,25,R,6,5,OPTIMAL,49.0188,6,0,0,0,6,0.0,0.0,0.0,49.0188,120,0.5,2.0,1.0
025_R104,25,R,6,6,OPTIMAL,53.6587,6,0,0,0,6,0.0,0.0,0.0,53.6587,120,0.5,2.0,1.0
025_R104,25,R,6,7,OPTIMAL,64.8509,6,1,0,1,5,0.1667,32.9715,0.0,31.8794,120,0.5,2.0,1.0
025_R104,25,R,6,8,OPTIMAL,81.5408,6,2,0,2,4,0.3333,42.9797,0.0,38.5611,120,0.5,2.0,1.0
025_R104,25,R,6,9,OPTIMAL,70.1962,6,1,0,1,5,0.1667,32.538,0.0,37.6582,120,0.5,2.0,1.0
025_R105,25,R,2,0,OPTIMAL,22.6613,2,1,0,1,1,0.5,19.8843,0.0,2.777,120,0.5,2.0,1.0
025_R105,25,R,2,1,OPTIMAL,27.6439,2,1,0,1,1,0.5,26.8789,0.0,0.765,120,0.5,2.0,1.0
025_R105,25,R,2,2,OPTIMAL,54.8159,2,1,0,1,1,0.5,34.1166,0.0,20.6993,120,0.5,2.0,1.0
025_R105,25,R,2,3,OPTIMAL,0.6627,2,0,0,0,2,0.0,0.0,0.0,0.6627,120,0.5,2.0,1.0
025_R105,25,R,2,4,OPTIMAL,0.2164,2,0,0,0,2,0.0,0.0,0.0,0.2164,120,0.5,2.0,1.0
025_R105,25,R,2,5,OPTIMAL,31.2043,2,1,0,1,1,0.5,30.3653,0.0,0.839,120,0.5,2.0,1.0
025_R105,25,R,2,6,OPTIMAL,51.5845,2,1,0,1,1,0.5,32.0129,0.0,19.5716,120,0.5,2.0,1.0
025_R105,25,R,2,7,OPTIMAL,20.0137,2,0,0,0,2,0.0,0.0,0.0,20.0137,120,0.5,2.0,1.0
025_R105,25,R,2,8,OPTIMAL,19.1992,2,0,0,0,2,0.0,0.0,0.0,19.1992,120,0.5,2.0,1.0
025_R105,25,R,2,9,OPTIMAL,14.8547,2,0,0,0,2,0.0,0.0,0.0,14.8547,120,0.5,2.0,1.0
025_R105,25,R,4,0,OPTIMAL,42.2837,4,1,0,1,3,0.25,28.3854,0.0,13.8984,120,0.5,2.0,1.0
025_R105,25,R,4,1,OPTIMAL,28.0003,4,1,0,1,3,0.25,27.1786,0.0,0.8217,120,0.5,2.0,1.0
025_R105,25,R,4,2,OPTIMAL,13.9448,4,0,0,0,4,0.0,0.0,0.0,13.9448,120,0.5,2.0,1.0
025_R105,25,R,4,3,OPTIMAL,62.5164,4,2,0,2,2,0.5,59.4259,0.0,3.0905,120,0.5,2.0,1.0
025_R105,25,R,4,4,OPTIMAL,32.4593,4,0,0,0,4,0.0,0.0,0.0,32.4593,120,0.5,2.0,1.0
025_R105,25,R,4,5,OPTIMAL,39.7068,4,0,0,0,4,0.0,0.0,0.0,39.7068,120,0.5,2.0,1.0
025_R105,25,R,4,6,OPTIMAL,33.2023,4,1,0,1,3,0.25,28.0513,0.0,5.151,120,0.5,2.0,1.0
025_R105,25,R,4,7,OPTIMAL,23.4771,4,0,0,0,4,0.0,0.0,0.0,23.4771,120,0.5,2.0,1.0
025_R105,25,R,4,8,OPTIMAL,22.1457,4,0,0,0,4,0.0,0.0,0.0,22.1457,120,0.5,2.0,1.0
025_R105,25,R,4,9,OPTIMAL,66.8436,4,2,0,2,2,0.5,61.7117,0.0,5.1319,120,0.5,2.0,1.0
025_R105,25,R,6,0,OPTIMAL,52.4081,6,0,0,0,6,0.0,0.0,0.0,52.4081,120,0.5,2.0,1.0
025_R105,25,R,6,1,OPTIMAL,68.1847,6,1,0,1,5,0.1667,27.6392,0.0,40.5456,120,0.5,2.0,1.0
025_R105,25,R,6,2,OPTIMAL,75.2002,6,1,0,1,5,0.1667,32.5459,0.0,42.6543,120,0.5,2.0,1.0
025_R105,25,R,6,3,OPTIMAL,34.4021,6,0,0,0,6,0.0,0.0,0.0,34.4021,120,0.5,2.0,1.0
025_R105,25,R,6,4,OPTIMAL,56.5827,6,1,0,1,5,0.1667,33.2239,0.0,23.3589,120,0.5,2.0,1.0
025_R105,25,R,6,5,OPTIMAL,32.7549,6,0,0,0,6,0.0,0.0,0.0,32.7549,120,0.5,2.0,1.0
025_R105,25,R,6,6,OPTIMAL,32.316,6,0,0,0,6,0.0,0.0,0.0,32.316,120,0.5,2.0,1.0
025_R105,25,R,6,7,OPTIMAL,79.4755,6,2,0,2,4,0.3333,63.1536,0.0,16.3219,120,0.5,2.0,1.0
025_R105,25,R,6,8,OPTIMAL,62.4534,6,0,0,0,6,0.0,0.0,0.0,62.4534,120,0.5,2.0,1.0
025_R105,25,R,6,9,OPTIMAL,42.6595,6,0,0,0,6,0.0,0.0,0.0,42.6595,120,0.5,2.0,1.0
025_R106,25,R,2,0,OPTIMAL,15.8237,2,0,0,0,2,0.0,0.0,0.0,15.8237,120,0.5,2.0,1.0
025_R106,25,R,2,1,OPTIMAL,8.862,2,0,0,0,2,0.0,0.0,0.0,8.862,120,0.5,2.0,1.0
025_R106,25,R,2,2,OPTIMAL,52.0722,2,0,0,0,2,0.0,0.0,0.0,52.0722,120,0.5,2.0,1.0
025_R106,25,R,2,3,OPTIMAL,0.6627,2,0,0,0,2,0.0,0.0,0.0,0.6627,120,0.5,2.0,1.0
025_R106,25,R,2,4,OPTIMAL,5.3544,2,0,0,0,2,0.0,0.0,0.0,5.3544,120,0.5,2.0,1.0
025_R106,25,R,2,5,OPTIMAL,13.5247,2,0,0,0,2,0.0,0.0,0.0,13.5247,120,0.5,2.0,1.0
025_R106,25,R,2,6,OPTIMAL,51.5845,2,1,0,1,1,0.5,32.0129,0.0,19.5716,120,0.5,2.0,1.0
025_R106,25,R,2,7,OPTIMAL,24.9126,2,0,0,0,2,0.0,0.0,0.0,24.9126,120,0.5,2.0,1.0
025_R106,25,R,2,8,OPTIMAL,19.1992,2,0,0,0,2,0.0,0.0,0.0,19.1992,120,0.5,2.0,1.0
025_R106,25,R,2,9,OPTIMAL,4.3411,2,0,0,0,2,0.0,0.0,0.0,4.3411,120,0.5,2.0,1.0
025_R106,25,R,4,0,OPTIMAL,24.172,4,0,0,0,4,0.0,0.0,0.0,24.172,120,0.5,2.0,1.0
025_R106,25,R,4,1,OPTIMAL,32.2715,4,0,0,0,4,0.0,0.0,0.0,32.2715,120,0.5,2.0,1.0
025_R106,25,R,4,2,OPTIMAL,13.9448,4,0,0,0,4,0.0,0.0,0.0,13.9448,120,0.5,2.0,1.0
025_R106,25,R,4,3,OPTIMAL,45.6627,4,1,0,1,3,0.25,30.3654,0.0,15.2973,120,0.5,2.0,1.0
025_R106,25,R,4,4,OPTIMAL,45.3082,4,0,0,0,4,0.0,0.0,0.0,45.3082,120,0.5,2.0,1.0
025_R106,25,R,4,5,OPTIMAL,52.0106,4,0,0,0,4,0.0,0.0,0.0,52.0106,120,0.5,2.0,1.0
025_R106,25,R,4,6,OPTIMAL,18.5411,4,0,0,0,4,0.0,0.0,0.0,18.5411,120,0.5,2.0,1.0
025_R106,25,R,4,7,OPTIMAL,18.8353,4,0,0,0,4,0.0,0.0,0.0,18.8353,120,0.5,2.0,1.0
025_R106,25,R,4,8,OPTIMAL,6.5844,4,0,0,0,4,0.0,0.0,0.0,6.5844,120,0.5,2.0,1.0
025_R106,25,R,4,9,OPTIMAL,71.3444,4,2,0,2,2,0.5,61.7117,0.0,9.6328,120,0.5,2.0,1.0
025_R106,25,R,6,0,OPTIMAL,34.2272,6,0,0,0,6,0.0,0.0,0.0,34.2272,120,0.5,2.0,1.0
025_R106,25,R,6,1,OPTIMAL,49.1478,6,0,0,0,6,0.0,0.0,0.0,49.1478,120,0.5,2.0,1.0
025_R106,25,R,6,2,OPTIMAL,106.1639,6,1,0,1,5,0.1667,32.5459,0.0,73.6179,120,0.5,2.0,1.0
025_R106,25,R,6,3,OPTIMAL,39.2561,6,0,0,0,6,0.0,0.0,0.0,39.2561,120,0.5,2.0,1.0
025_R106,25,R,6,4,OPTIMAL,13.4963,6,0,0,0,6,0.0,0.0,0.0,13.4963,120,0.5,2.0,1.0
025_R106,25,R,6,5,OPTIMAL,60.129,6,2,0,2,4,0.3333,47.298,0.0,12.831,120,0.5,2.0,1.0
025_R106,25,R,6,6,OPTIMAL,35.1559,6,0,0,0,6,0.0,0.0,0.0,35.1559,120,0.5,2.0,1.0
025_R106,25,R,6,7,OPTIMAL,62.4568,6,1,0,1,5,0.1667,30.1821,0.0,32.2747,120,0.5,2.0,1.0
025_R106,25,R,6,8,OPTIMAL,51.0262,6,0,0,0,6,0.0,0.0,0.0,51.0262,120,0.5,2.0,1.0
025_R106,25,R,6,9,OPTIMAL,57.68,6,0,0,0,6,0.0,0.0,0.0,57.68,120,0.5,2.0,1.0
025_R107,25,R,2,0,OPTIMAL,3.9376,2,0,0,0,2,0.0,0.0,0.0,3.9376,120,0.5,2.0,1.0
025_R107,25,R,2,1,OPTIMAL,8.7414,2,0,0,0,2,0.0,0.0,0.0,8.7414,120,0.5,2.0,1.0
025_R107,25,R,2,2,OPTIMAL,52.0722,2,0,0,0,2,0.0,0.0,0.0,52.0722,120,0.5,2.0,1.0
025_R107,25,R,2,3,OPTIMAL,0.6627,2,0,0,0,2,0.0,0.0,0.0,0.6627,120,0.5,2.0,1.0
025_R107,25,R,2,4,OPTIMAL,5.3544,2,0,0,0,2,0.0,0.0,0.0,5.3544,120,0.5,2.0,1.0
025_R107,25,R,2,5,OPTIMAL,13.5247,2,0,0,0,2,0.0,0.0,0.0,13.5247,120,0.5,2.0,1.0
025_R107,25,R,2,6,OPTIMAL,27.554,2,0,0,0,2,0.0,0.0,0.0,27.554,120,0.5,2.0,1.0
025_R107,25,R,2,7,OPTIMAL,24.9126,2,0,0,0,2,0.0,0.0,0.0,24.9126,120,0.5,2.0,1.0
025_R107,25,R,2,8,OPTIMAL,23.5614,2,0,0,0,2,0.0,0.0,0.0,23.5614,120,0.5,2.0,1.0
025_R107,25,R,2,9,OPTIMAL,4.3411,2,0,0,0,2,0.0,0.0,0.0,4.3411,120,0.5,2.0,1.0
025_R107,25,R,4,0,OPTIMAL,18.6277,4,0,0,0,4,0.0,0.0,0.0,18.6277,120,0.5,2.0,1.0
025_R107,25,R,4,1,OPTIMAL,23.5119,4,0,0,0,4,0.0,0.0,0.0,23.5119,120,0.5,2.0,1.0
025_R107,25,R,4,2,OPTIMAL,13.9448,4,0,0,0,4,0.0,0.0,0.0,13.9448,120,0.5,2.0,1.0
025_R107,25,R,4,3,OPTIMAL,45.6627,4,1,0,1,3,0.25,30.3654,0.0,15.2973,120,0.5,2.0,1.0
025_R107,25,R,4,4,OPTIMAL,40.2462,4,0,0,0,4,0.0,0.0,0.0,40.2462,120,0.5,2.0,1.0
025_R107,25,R,4,5,OPTIMAL,51.7862,4,0,0,0,4,0.0,0.0,0.0,51.7862,120,0.5,2.0,1.0
025_R107,25,R,4,6,OPTIMAL,15.5839,4,0,0,0,4,0.0,0.0,0.0,15.5839,120,0.5,2.0,1.0
025_R107,25,R,4,7,OPTIMAL,19.3354,4,0,0,0,4,0.0,0.0,0.0,19.3354,120,0.5,2.0,1.0
025_R107,25,R,4,8,OPTIMAL,5.3877,4,0,0,0,4,0.0,0.0,0.0,5.3877,120,0.5,2.0,1.0
025_R107,25,R,4,9,OPTIMAL,39.6854,4,1,0,1,3,0.25,31.8093,0.0,7.8761,120,0.5,2.0,1.0
025_R107,25,R,6,0,OPTIMAL,34.1658,6,0,0,0,6,0.0,0.0,0.0,34.1658,120,0.5,2.0,1.0
025_R107,25,R,6,1,OPTIMAL,49.1478,6,0,0,0,6,0.0,0.0,0.0,49.1478,120,0.5,2.0,1.0
025_R107,25,R,6,2,OPTIMAL,107.6768,6,1,0,1,5,0.1667,32.5459,0.0,75.1308,120,0.5,2.0,1.0
025_R107,25,R,6,3,OPTIMAL,24.0721,6,0,0,0,6,0.0,0.0,0.0,24.0721,120,0.5,2.0,1.0
025_R107,25,R,6,4,OPTIMAL,16.2044,6,0,0,0,6,0.0,0.0,0.0,16.2044,120,0.5,2.0,1.0
025_R107,25,R,6,5,OPTIMAL,48.8371,6,0,0,0,6,0.0,0.0,0.0,48.8371,120,0.5,2.0,1.0
025_R107,25,R,6,6,OPTIMAL,52.9445,6,0,0,0,6,0.0,0.0,0.0,52.9445,120,0.5,2.0,1.0
025_R107,25,R,6,7,OPTIMAL,35.6087,6,0,0,0,6,0.0,0.0,0.0,35.6087,120,0.5,2.0,1.0
025_R107,25,R,6,8,OPTIMAL,55.8395,6,0,0,0,6,0.0,0.0,0.0,55.8395,120,0.5,2.0,1.0
025_R107,25,R,6,9,OPTIMAL,55.6405,6,0,0,0,6,0.0,0.0,0.0,55.6405,120,0.5,2.0,1.0
025_R108,25,R,2,0,OPTIMAL,22.6613,2,1,0,1,1,0.5,19.8843,0.0,2.777,120,0.5,2.0,1.0
025_R108,25,R,2,1,OPTIMAL,27.3889,2,1,0,1,1,0.5,26.8789,0.0,0.51,120,0.5,2.0,1.0
025_R108,25,R,2,2,OPTIMAL,60.6384,2,1,0,1,1,0.5,34.1166,0.0,26.5218,120,0.5,2.0,1.0
025_R108,25,R,2,3,OPTIMAL,31.6084,2,1,0,1,1,0.5,30.9439,0.0,0.6644,120,0.5,2.0,1.0
025_R108,25,R,2,4,OPTIMAL,14.7556,2,1,0,1,1,0.5,14.6258,0.0,0.1297,120,0.5,2.0,1.0
025_R108,25,R,2,5,OPTIMAL,31.2043,2,1,0,1,1,0.5,30.3653,0.0,0.839,120,0.5,2.0,1.0
025_R108,25,R,2,6,OPTIMAL,36.7389,2,1,0,1,1,0.5,32.7106,0.0,4.0283,120,0.5,2.0,1.0
025_R108,25,R,2,7,OPTIMAL,25.286,2,0,0,0,2,0.0,0.0,0.0,25.286,120,0.5,2.0,1.0
025_R108,25,R,2,8,OPTIMAL,23.5614,2,0,0,0,2,0.0,0.0,0.0,23.5614,120,0.5,2.0,1.0
025_R108,25,R,2,9,OPTIMAL,14.8547,2,0,0,0,2,0.0,0.0,0.0,14.8547,120,0.5,2.0,1.0
025_R108,25,R,4,0,OPTIMAL,43.671,4,1,0,1,3,0.25,19.607,0.0,24.064,120,0.5,2.0,1.0
025_R108,25,R,4,1,OPTIMAL,53.3566,4,2,0,2,2,0.5,44.9389,0.0,8.4177,120,0.5,2.0,1.0
025_R108,25,R,4,2,OPTIMAL,35.5404,4,0,0,0,4,0.0,0.0,0.0,35.5404,120,0.5,2.0,1.0
025_R108,25,R,4,3,OPTIMAL,86.944,4,3,0,3,1,0.75,84.4469,0.0,2.4972,120,0.5,2.0,1.0
025_R108,25,R,4,4,OPTIMAL,40.2462,4,0,0,0,4,0.0,0.0,0.0,40.2462,120,0.5,2.0,1.0
025_R108,25,R,4,5,OPTIMAL,66.9671,4,1,0,1,3,0.25,28.9016,0.0,38.0656,120,0.5,2.0,1.0
025_R108,25,R,4,6,OPTIMAL,36.3696,4,1,0,1,3,0.25,28.0513,0.0,8.3183,120,0.5,2.0,1.0
025_R108,25,R,4,7,OPTIMAL,49.0981,4,1,0,1,3,0.25,35.8763,0.0,13.2218,120,0.5,2.0,1.0
025_R108,25,R,4,8,OPTIMAL,48.9973,4,2,0,2,2,0.5,44.0736,0.0,4.9237,120,0.5,2.0,1.0
025_R108,25,R,4,9,OPTIMAL,39.8275,4,1,0,1,3,0.25,31.8093,0.0,8.0182,120,0.5,2.0,1.0
025_R108,25,R,6,0,OPTIMAL,86.7798,6,3,0,3,3,0.5,78.7476,0.0,8.0321,120,0.5,2.0,1.0
025_R108,25,R,6,1,OPTIMAL,113.5547,6,3,1,2,3,0.5,89.653,0.0,23.9017,120,0.5,2.0,1.0
025_R108,25,R,6,2,OPTIMAL,120.4492,6,2,0,2,4,0.3333,60.3317,0.0,60.1176,120,0.5,2.0,1.0
025_R108,25,R,6,3,OPTIMAL,78.4114,6,2,0,2,4,0.3333,59.0994,0.0,19.312,120,0.5,2.0,1.0
025_R108,25,R,6,4,OPTIMAL,58.6527,6,2,0,2,4,0.3333,48.9931,0.0,9.6596,120,0.5,2.0,1.0
025_R108,25,R,6,5,OPTIMAL,97.4451,6,3,0,3,3,0.5,82.953,0.0,14.492,120,0.5,2.0,1.0
025_R108,25,R,6,6,OPTIMAL,70.0669,6,1,0,1,5,0.1667,19.3501,0.0,50.7168,120,0.5,2.0,1.0
025_R108,25,R,6,7,OPTIMAL,102.4703,6,3,0,3,3,0.5,92.6144,0.0,9.8559,120,0.5,2.0,1.0
025_R108,25,R,6,8,OPTIMAL,77.9884,6,2,0,2,4,0.3333,42.9797,0.0,35.0087,120,0.5,2.0,1.0
025_R108,25,R,6,9,OPTIMAL,82.0881,6,2,1,1,4,0.3333,47.5348,0.0,34.5532,120,0.5,2.0,1.0
025_R109,25,R,2,0,OPTIMAL,3.9376,2,0,0,0,2,0.0,0.0,0.0,3.9376,120,0.5,2.0,1.0
025_R109,25,R,2,1,OPTIMAL,8.7414,2,0,0,0,2,0.0,0.0,0.0,8.7414,120,0.5,2.0,1.0
025_R109,25,R,2,2,OPTIMAL,29.5484,2,0,0,0,2,0.0,0.0,0.0,29.5484,120,0.5,2.0,1.0
025_R109,25,R,2,3,OPTIMAL,0.6627,2,0,0,0,2,0.0,0.0,0.0,0.6627,120,0.5,2.0,1.0
025_R109,25,R,2,4,OPTIMAL,18.5147,2,0,0,0,2,0.0,0.0,0.0,18.5147,120,0.5,2.0,1.0
025_R109,25,R,2,5,OPTIMAL,33.3758,2,0,0,0,2,0.0,0.0,0.0,33.3758,120,0.5,2.0,1.0
025_R109,25,R,2,6,OPTIMAL,51.5845,2,1,0,1,1,0.5,32.0129,0.0,19.5716,120,0.5,2.0,1.0
025_R109,25,R,2,7,OPTIMAL,20.0137,2,0,0,0,2,0.0,0.0,0.0,20.0137,120,0.5,2.0,1.0
025_R109,25,R,2,8,OPTIMAL,10.6209,2,0,0,0,2,0.0,0.0,0.0,10.6209,120,0.5,2.0,1.0
025_R109,25,R,2,9,OPTIMAL,4.3411,2,0,0,0,2,0.0,0.0,0.0,4.3411,120,0.5,2.0,1.0
025_R109,25,R,4,0,OPTIMAL,33.8466,4,0,0,0,4,0.0,0.0,0.0,33.8466,120,0.5,2.0,1.0
025_R109,25,R,4,1,OPTIMAL,7.8825,4,0,0,0,4,0.0,0.0,0.0,7.8825,120,0.5,2.0,1.0
025_R109,25,R,4,2,OPTIMAL,16.604,4,0,0,0,4,0.0,0.0,0.0,16.604,120,0.5,2.0,1.0
025_R109,25,R,4,3,OPTIMAL,45.7105,4,1,0,1,3,0.25,30.3654,0.0,15.3451,120,0.5,2.0,1.0
025_R109,25,R,4,4,OPTIMAL,26.7938,4,0,0,0,4,0.0,0.0,0.0,26.7938,120,0.5,2.0,1.0
025_R109,25,R,4,5,OPTIMAL,42.3991,4,0,0,0,4,0.0,0.0,0.0,42.3991,120,0.5,2.0,1.0
025_R109,25,R,4,6,OPTIMAL,28.6102,4,0,0,0,4,0.0,0.0,0.0,28.6102,120,0.5,2.0,1.0
025_R109,25,R,4,7,OPTIMAL,51.8079,4,0,0,0,4,0.0,0.0,0.0,51.8079,120,0.5,2.0,1.0
025_R109,25,R,4,8,OPTIMAL,6.1714,4,0,0,0,4,0.0,0.0,0.0,6.1714,120,0.5,2.0,1.0
025_R109,25,R,4,9,OPTIMAL,56.1056,4,1,0,1,3,0.25,29.9024,0.0,26.2032,120,0.5,2.0,1.0
025_R109,25,R,6,0,OPTIMAL,51.6835,6,0,0,0,6,0.0,0.0,0.0,51.6835,120,0.5,2.0,1.0
025_R109,25,R,6,1,OPTIMAL,57.8875,6,0,0,0,6,0.0,0.0,0.0,57.8875,120,0.5,2.0,1.0
025_R109,25,R,6,2,OPTIMAL,41.1601,6,0,0,0,6,0.0,0.0,0.0,41.1601,120,0.5,2.0,1.0
025_R109,25,R,6,3,OPTIMAL,12.977,6,0,0,0,6,0.0,0.0,0.0,12.977,120,0.5,2.0,1.0
025_R109,25,R,6,4,OPTIMAL,13.7272,6,0,0,0,6,0.0,0.0,0.0,13.7272,120,0.5,2.0,1.0
025_R109,25,R,6,5,OPTIMAL,49.452,6,0,0,0,6,0.0,0.0,0.0,49.452,120,0.5,2.0,1.0
025_R109,25,R,6,6,OPTIMAL,59.9787,6,0,0,0,6,0.0,0.0,0.0,59.9787,120,0.5,2.0,1.0
025_R109,25,R,6,7,OPTIMAL,83.8055,6,1,0,1,5,0.1667,30.1821,0.0,53.6234,120,0.5,2.0,1.0
025_R109,25,R,6,8,OPTIMAL,72.1117,6,1,0,1,5,0.1667,29.2899,0.0,42.8219,120,0.5,2.0,1.0
025_R109,25,R,6,9,OPTIMAL,23.3566,6,0,0,0,6,0.0,0.0,0.0,23.3566,120,0.5,2.0,1.0
025_R110,25,R,2,0,OPTIMAL,25.7474,2,1,0,1,1,0.5,19.8843,0.0,5.8632,120,0.5,2.0,1.0
025_R110,25,R,2,1,OPTIMAL,27.6439,2,1,0,1,1,0.5,26.8789,0.0,0.765,120,0.5,2.0,1.0
025_R110,25,R,2,2,OPTIMAL,35.1907,2,1,0,1,1,0.5,34.1166,0.0,1.0741,120,0.5,2.0,1.0
025_R110,25,R,2,3,OPTIMAL,14.3039,2,0,0,0,2,0.0,0.0,0.0,14.3039,120,0.5,2.0,1.0
025_R110,25,R,2,4,OPTIMAL,18.5147,2,0,0,0,2,0.0,0.0,0.0,18.5147,120,0.5,2.0,1.0
025_R110,25,R,2,5,OPTIMAL,50.0438,2,1,0,1,1,0.5,30.3653,0.0,19.6786,120,0.5,2.0,1.0
025_R110,25,R,2,6,OPTIMAL,33.0743,2,0,0,0,2,0.0,0.0,0.0,33.0743,120,0.5,2.0,1.0
025_R110,25,R,2,7,OPTIMAL,1.8703,2,0,0,0,2,0.0,0.0,0.0,1.8703,120,0.5,2.0,1.0
025_R110,25,R,2,8,OPTIMAL,33.4004,2,0,0,0,2,0.0,0.0,0.0,33.4004,120,0.5,2.0,1.0
025_R110,25,R,2,9,OPTIMAL,16.8775,2,1,0,1,1,0.5,12.8645,0.0,4.013,120,0.5,2.0,1.0
025_R110,25,R,4,0,OPTIMAL,46.5696,4,1,0,1,3,0.25,28.3854,0.0,18.1843,120,0.5,2.0,1.0
025_R110,25,R,4,1,OPTIMAL,28.0003,4,1,0,1,3,0.25,27.1786,0.0,0.8217,120,0.5,2.0,1.0
025_R110,25,R,4,2,OPTIMAL,10.649,4,0,0,0,4,0.0,0.0,0.0,10.649,120,0.5,2.0,1.0
025_R110,25,R,4,3,OPTIMAL,63.8759,4,2,0,2,2,0.5,59.4259,0.0,4.45,120,0.5,2.0,1.0
025_R110,25,R,4,4,OPTIMAL,52.2454,4,0,0,0,4,0.0,0.0,0.0,52.2454,120,0.5,2.0,1.0
025_R110,25,R,4,5,OPTIMAL,49.8104,4,1,0,1,3,0.25,18.9171,0.0,30.8934,120,0.5,2.0,1.0
025_R110,25,R,4,6,OPTIMAL,47.3355,4,1,0,1,3,0.25,28.0513,0.0,19.2842,120,0.5,2.0,1.0
025_R110,25,R,4,7,OPTIMAL,64.221,4,0,0,0,4,0.0,0.0,0.0,64.221,120,0.5,2.0,1.0
025_R110,25,R,4,8,OPTIMAL,25.0772,4,1,0,1,3,0.25,18.9192,0.0,6.158,120,0.5,2.0,1.0
025_R110,25,R,4,9,OPTIMAL,48.1911,4,1,0,1,3,0.25,31.8093,0.0,16.3818,120,0.5,2.0,1.0
025_R110,25,R,6,0,OPTIMAL,67.0141,6,1,0,1,5,0.1667,18.7368,0.0,48.2773,120,0.5,2.0,1.0
025_R110,25,R,6,1,OPTIMAL,98.77,6,3,0,3,3,0.5,66.1878,0.0,32.5822,120,0.5,2.0,1.0
025_R110,25,R,6,2,OPTIMAL,83.3996,6,2,0,2,4,0.3333,50.4808,0.0,32.9188,120,0.5,2.0,1.0
025_R110,25,R,6,3,OPTIMAL,46.3219,6,0,0,0,6,0.0,0.0,0.0,46.3219,120,0.5,2.0,1.0
025_R110,25,R,6,4,OPTIMAL,58.0164,6,2,0,2,4,0.3333,53.0831,0.0,4.9333,120,0.5,2.0,1.0
025_R110,25,R,6,5,OPTIMAL,63.6889,6,1,0,1,5,0.1667,27.7887,0.0,35.9003,120,0.5,2.0,1.0
025_R110,25,R,6,6,OPTIMAL,45.2288,6,0,0,0,6,0.0,0.0,0.0,45.2288,120,0.5,2.0,1.0
025_R110,25,R,6,7,OPTIMAL,89.4145,6,1,0,1,5,0.1667,32.9715,0.0,56.443,120,0.5,2.0,1.0
025_R110,25,R,6,8,OPTIMAL,92.7143,6,2,0,2,4,0.3333,42.9797,0.0,49.7346,120,0.5,2.0,1.0
025_R110,25,R,6,9,OPTIMAL,36.7819,6,1,0,1,5,0.1667,8.3639,0.0,28.418,120,0.5,2.0,1.0
025_R111,25,R,2,0,OPTIMAL,3.9376,2,0,0,0,2,0.0,0.0,0.0,3.9376,120,0.5,2.0,1.0
025_R111,25,R,2,1,OPTIMAL,8.862,2,0,0,0,2,0.0,0.0,0.0,8.862,120,0.5,2.0,1.0
025_R111,25,R,2,2,OPTIMAL,29.5484,2,0,0,0,2,0.0,0.0,0.0,29.5484,120,0.5,2.0,1.0
025_R111,25,R,2,3,OPTIMAL,0.9663,2,0,0,0,2,0.0,0.0,0.0,0.9663,120,0.5,2.0,1.0
025_R111,25,R,2,4,OPTIMAL,5.2248,2,0,0,0,2,0.0,0.0,0.0,5.2248,120,0.5,2.0,1.0
025_R111,25,R,2,5,OPTIMAL,15.2779,2,0,0,0,2,0.0,0.0,0.0,15.2779,120,0.5,2.0,1.0
025_R111,25,R,2,6,OPTIMAL,23.5999,2,0,0,0,2,0.0,0.0,0.0,23.5999,120,0.5,2.0,1.0
025_R111,25,R,2,7,OPTIMAL,2.8581,2,0,0,0,2,0.0,0.0,0.0,2.8581,120,0.5,2.0,1.0
025_R111,25,R,2,8,OPTIMAL,10.6209,2,0,0,0,2,0.0,0.0,0.0,10.6209,120,0.5,2.0,1.0
025_R111,25,R,2,9,OPTIMAL,4.3411,2,0,0,0,2,0.0,0.0,0.0,4.3411,120,0.5,2.0,1.0
025_R111,25,R,4,0,OPTIMAL,22.3745,4,0,0,0,4,0.0,0.0,0.0,22.3745,120,0.5,2.0,1.0
025_R111,25,R,4,1,OPTIMAL,15.5588,4,0,0,0,4,0.0,0.0,0.0,15.5588,120,0.5,2.0,1.0
025_R111,25,R,4,2,OPTIMAL,19.0534,4,0,0,0,4,0.0,0.0,0.0,19.0534,120,0.5,2.0,1.0
025_R111,25,R,4,3,OPTIMAL,48.1599,4,1,0,1,3,0.25,30.3654,0.0,17.7945,120,0.5,2.0,1.0
025_R111,25,R,4,4,OPTIMAL,43.2742,4,1,0,1,3,0.25,32.0963,0.0,11.1779,120,0.5,2.0,1.0
025_R111,25,R,4,5,OPTIMAL,46.9619,4,0,0,0,4,0.0,0.0,0.0,46.9619,120,0.5,2.0,1.0
025_R111,25,R,4,6,OPTIMAL,10.5166,4,0,0,0,4,0.0,0.0,0.0,10.5166,120,0.5,2.0,1.0
025_R111,25,R,4,7,OPTIMAL,36.7185,4,0,0,0,4,0.0,0.0,0.0,36.7185,120,0.5,2.0,1.0
025_R111,25,R,4,8,OPTIMAL,6.9565,4,0,0,0,4,0.0,0.0,0.0,6.9565,120,0.5,2.0,1.0
025_R111,25,R,4,9,OPTIMAL,28.9475,4,0,0,0,4,0.0,0.0,0.0,28.9475,120,0.5,2.0,1.0
025_R111,25,R,6,0,OPTIMAL,54.3433,6,0,0,0,6,0.0,0.0,0.0,54.3433,120,0.5,2.0,1.0
025_R111,25,R,6,1,OPTIMAL,72.8149,6,2,0,2,4,0.3333,62.0138,0.0,10.8011,120,0.5,2.0,1.0
025_R111,25,R,6,2,OPTIMAL,89.3032,6,2,0,2,4,0.3333,67.3586,0.0,21.9445,120,0.5,2.0,1.0
025_R111,25,R,6,3,OPTIMAL,35.0861,6,0,0,0,6,0.0,0.0,0.0,35.0861,120,0.5,2.0,1.0
025_R111,25,R,6,4,OPTIMAL,27.7012,6,0,0,0,6,0.0,0.0,0.0,27.7012,120,0.5,2.0,1.0
025_R111,25,R,6,5,OPTIMAL,41.3163,6,0,0,0,6,0.0,0.0,0.0,41.3163,120,0.5,2.0,1.0
025_R111,25,R,6,6,OPTIMAL,45.4362,6,0,0,0,6,0.0,0.0,0.0,45.4362,120,0.5,2.0,1.0
025_R111,25,R,6,7,OPTIMAL,54.2006,6,0,0,0,6,0.0,0.0,0.0,54.2006,120,0.5,2.0,1.0
025_R111,25,R,6,8,OPTIMAL,88.3787,6,2,0,2,4,0.3333,58.9529,0.0,29.4258,120,0.5,2.0,1.0
025_R111,25,R,6,9,OPTIMAL,43.7208,6,0,0,0,6,0.0,0.0,0.0,43.7208,120,0.5,2.0,1.0
025_R112,25,R,2,0,OPTIMAL,28.1155,2,1,1,0,1,0.5,19.8843,0.0,8.2312,120,0.5,2.0,1.0
025_R112,25,R,2,1,OPTIMAL,29.1211,2,1,1,0,1,0.5,26.8789,0.0,2.2422,120,0.5,2.0,1.0
025_R112,25,R,2,2,OPTIMAL,34.6535,2,1,1,0,1,0.5,34.1166,0.0,0.5369,120,0.5,2.0,1.0
025_R112,25,R,2,3,OPTIMAL,29.4997,2,0,0,0,2,0.0,0.0,0.0,29.4997,120,0.5,2.0,1.0
025_R112,25,R,2,4,OPTIMAL,49.8052,2,2,1,1,0,1.0,49.8052,0.0,0.0,120,0.5,2.0,1.0
025_R112,25,R,2,5,OPTIMAL,66.3823,2,2,1,1,0,1.0,66.3823,0.0,0.0,120,0.5,2.0,1.0
025_R112,25,R,2,6,OPTIMAL,26.713,2,0,0,0,2,0.0,0.0,0.0,26.713,120,0.5,2.0,1.0
025_R112,25,R,2,7,OPTIMAL,3.7406,2,0,0,0,2,0.0,0.0,0.0,3.7406,120,0.5,2.0,1.0
025_R112,25,R,2,8,OPTIMAL,10.6209,2,0,0,0,2,0.0,0.0,0.0,10.6209,120,0.5,2.0,1.0
025_R112,25,R,2,9,OPTIMAL,16.1536,2,1,1,0,1,0.5,12.8645,0.0,3.2891,120,0.5,2.0,1.0
025_R112,25,R,4,0,OPTIMAL,67.5695,4,1,0,1,3,0.25,28.3854,0.0,39.1841,120,0.5,2.0,1.0
025_R112,25,R,4,1,OPTIMAL,40.6774,4,1,1,0,3,0.25,27.1786,0.0,13.4988,120,0.5,2.0,1.0
025_R112,25,R,4,2,OPTIMAL,14.6289,4,0,0,0,4,0.0,0.0,0.0,14.6289,120,0.5,2.0,1.0
025_R112,25,R,4,3,OPTIMAL,92.1601,4,3,3,0,1,0.75,84.4469,0.0,7.7132,120,0.5,2.0,1.0
025_R112,25,R,4,4,OPTIMAL,50.4995,4,0,0,0,4,0.0,0.0,0.0,50.4995,120,0.5,2.0,1.0
025_R112,25,R,4,5,OPTIMAL,58.6707,4,2,1,1,2,0.5,47.8186,0.0,10.852,120,0.5,2.0,1.0
025_R112,25,R,4,6,OPTIMAL,54.8764,4,1,1,0,3,0.25,28.0513,0.0,26.8251,120,0.5,2.0,1.0
025_R112,25,R,4,7,OPTIMAL,94.68,4,2,1,1,2,0.5,72.7386,0.0,21.9413,120,0.5,2.0,1.0
025_R112,25,R,4,8,OPTIMAL,57.6624,4,2,1,1,2,0.5,44.0736,0.0,13.5888,120,0.5,2.0,1.0
025_R112,25,R,4,9,OPTIMAL,44.1852,4,1,0,1,3,0.25,22.7279,0.0,21.4573,120,0.5,2.0,1.0
025_R112,25,R,6,0,OPTIMAL,69.7259,6,1,1,0,5,0.1667,18.7368,0.0,50.9892,120,0.5,2.0,1.0
025_R112,25,R,6,1,OPTIMAL,103.1802,6,4,3,1,2,0.6667,99.847,0.0,3.3333,120,0.5,2.0,1.0
025_R112,25,R,6,2,OPTIMAL,75.627,6,2,1,1,4,0.3333,50.4808,0.0,25.1462,120,0.5,2.0,1.0
025_R112,25,R,6,3,OPTIMAL,60.9491,6,2,1,1,4,0.3333,45.7269,0.0,15.2222,120,0.5,2.0,1.0
025_R112,25,R,6,4,OPTIMAL,85.9635,6,3,2,1,3,0.5,68.8524,0.0,17.1112,120,0.5,2.0,1.0
025_R112,25,R,6,5,OPTIMAL,104.0487,6,3,2,1,3,0.5,82.953,0.0,21.0957,120,0.5,2.0,1.0
025_R112,25,R,6,6,OPTIMAL,59.0224,6,1,1,0,5,0.1667,19.3501,0.0,39.6722,120,0.5,2.0,1.0
025_R112,25,R,6,7,OPTIMAL,118.8482,6,3,2,1,3,0.5,92.6144,0.0,26.2338,120,0.5,2.0,1.0
025_R112,25,R,6,8,OPTIMAL,117.7865,6,3,1,2,3,0.5,63.9591,0.0,53.8274,120,0.5,2.0,1.0
025_R112,25,R,6,9,OPTIMAL,58.3887,6,2,2,0,4,0.3333,40.9019,0.0,17.4868,120,0.5,2.0,1.0
025_R201,25,R,2,0,OPTIMAL,46.7341,2,2,2,0,0,1.0,46.7341,0.0,0.0,120,0.5,2.0,1.0
025_R201,25,R,2,1,OPTIMAL,27.5096,2,1,1,0,1,0.5,26.8789,0.0,0.6307,120,0.5,2.0,1.0
025_R201,25,R,2,2,OPTIMAL,58.3361,2,1,0,1,1,0.5,29.8618,0.0,28.4743,120,0.5,2.0,1.0
025_R201,25,R,2,3,OPTIMAL,52.0743,2,1,0,1,1,0.5,30.9439,0.0,21.1304,120,0.5,2.0,1.0
025_R201,25,R,2,4,OPTIMAL,49.8052,2,2,0,2,0,1.0,49.8052,0.0,0.0,120,0.5,2.0,1.0
025_R201,25,R,2,5,OPTIMAL,33.3758,2,0,0,0,2,0.0,0.0,0.0,33.3758,120,0.5,2.0,1.0
025_R201,25,R,2,6,OPTIMAL,64.7235,2,2,1,1,0,1.0,64.7235,0.0,0.0,120,0.5,2.0,1.0
025_R201,25,R,2,7,OPTIMAL,29.578,2,1,0,1,1,0.5,27.7179,0.0,1.8601,120,0.5,2.0,1.0
025_R201,25,R,2,8,OPTIMAL,46.4027,2,2,1,1,0,1.0,46.4027,0.0,0.0,120,0.5,2.0,1.0
025_R201,25,R,2,9,OPTIMAL,4.3411,2,0,0,0,2,0.0,0.0,0.0,4.3411,120,0.5,2.0,1.0
025_R201,25,R,4,0,OPTIMAL,99.6935,4,3,2,1,1,0.75,79.4425,0.0,20.251,120,0.5,2.0,1.0
025_R201,25,R,4,1,OPTIMAL,79.098,4,2,1,1,2,0.5,57.1113,0.0,21.9867,120,0.5,2.0,1.0
025_R201,25,R,4,2,OPTIMAL,88.9737,4,2,0,2,2,0.5,61.1646,0.0,27.8091,120,0.5,2.0,1.0
025_R201,25,R,4,3,OPTIMAL,110.9185,4,4,2,2,0,1.0,110.9185,0.0,0.0,120,0.5,2.0,1.0
025_R201,25,R,4,4,OPTIMAL,110.1993,4,3,1,2,1,0.75,98.9043,0.0,11.295,120,0.5,2.0,1.0
025_R201,25,R,4,5,OPTIMAL,90.9549,4,2,0,2,2,0.5,60.2106,0.0,30.7443,120,0.5,2.0,1.0
025_R201,25,R,4,6,OPTIMAL,85.5223,4,3,2,1,1,0.75,53.0836,0.0,32.4387,120,0.5,2.0,1.0
025_R201,25,R,4,7,OPTIMAL,68.9065,4,0,0,0,4,0.0,0.0,0.0,68.9065,120,0.5,2.0,1.0
025_R201,25,R,4,8,OPTIMAL,49.6449,4,2,0,2,2,0.5,49.1809,0.0,0.464,120,0.5,2.0,1.0
025_R201,25,R,4,9,OPTIMAL,96.7916,4,3,0,3,1,0.75,75.9552,0.0,20.8364,120,0.5,2.0,1.0
025_R201,25,R,6,0,OPTIMAL,113.592,6,4,2,2,2,0.6667,113.0296,0.0,0.5624,120,0.5,2.0,1.0
025_R201,25,R,6,1,OPTIMAL,124.2826,6,4,2,2,2,0.6667,99.847,0.0,24.4357,120,0.5,2.0,1.0
025_R201,25,R,6,2,OPTIMAL,134.9159,6,3,1,2,3,0.5,85.2935,0.0,49.6224,120,0.5,2.0,1.0
025_R201,25,R,6,3,OPTIMAL,106.8799,6,4,3,1,2,0.6667,103.6602,0.0,3.2197,120,0.5,2.0,1.0
025_R201,25,R,6,4,OPTIMAL,114.6037,6,4,3,1,2,0.6667,96.8346,0.0,17.7691,120,0.5,2.0,1.0
025_R201,25,R,6,5,OPTIMAL,157.3568,6,4,0,4,2,0.6667,123.6865,0.0,33.6703,120,0.5,2.0,1.0
025_R201,25,R,6,6,OPTIMAL,133.0894,6,4,2,2,2,0.6667,103.786,0.0,29.3034,120,0.5,2.0,1.0
025_R201,25,R,6,7,OPTIMAL,158.8345,6,5,2,3,1,0.8333,156.6255,0.0,2.2091,120,0.5,2.0,1.0
025_R201,25,R,6,8,OPTIMAL,128.5998,6,4,2,2,2,0.6667,105.7483,0.0,22.8516,120,0.5,2.0,1.0
025_R201,25,R,6,9,OPTIMAL,123.3562,6,4,1,3,2,0.6667,105.8373,0.0,17.5189,120,0.5,2.0,1.0
025_R202,25,R,2,0,OPTIMAL,46.7341,2,2,2,0,0,1.0,46.7341,0.0,0.0,120,0.5,2.0,1.0
025_R202,25,R,2,1,OPTIMAL,27.5096,2,1,1,0,1,0.5,26.8789,0.0,0.6307,120,0.5,2.0,1.0
025_R202,25,R,2,2,OPTIMAL,63.9784,2,2,1,1,0,1.0,63.9784,0.0,0.0,120,0.5,2.0,1.0
025_R202,25,R,2,3,OPTIMAL,57.6999,2,2,1,1,0,1.0,57.6999,0.0,0.0,120,0.5,2.0,1.0
025_R202,25,R,2,4,OPTIMAL,49.8052,2,2,0,2,0,1.0,49.8052,0.0,0.0,120,0.5,2.0,1.0
025_R202,25,R,2,5,OPTIMAL,33.3758,2,0,0,0,2,0.0,0.0,0.0,33.3758,120,0.5,2.0,1.0
025_R202,25,R,2,6,OPTIMAL,64.7235,2,2,1,1,0,1.0,64.7235,0.0,0.0,120,0.5,2.0,1.0
025_R202,25,R,2,7,OPTIMAL,37.4833,2,1,0,1,1,0.5,27.7179,0.0,9.7655,120,0.5,2.0,1.0
025_R202,25,R,2,8,OPTIMAL,46.4027,2,2,2,0,0,1.0,46.4027,0.0,0.0,120,0.5,2.0,1.0
025_R202,25,R,2,9,OPTIMAL,34.204,2,1,0,1,1,0.5,33.8758,0.0,0.3282,120,0.5,2.0,1.0
025_R202,25,R,4,0,OPTIMAL,99.6935,4,3,2,1,1,0.75,79.4425,0.0,20.251,120,0.5,2.0,1.0
025_R202,25,R,4,1,OPTIMAL,79.098,4,2,1,1,2,0.5,57.1113,0.0,21.9867,120,0.5,2.0,1.0
025_R202,25,R,4,2,OPTIMAL,88.9737,4,2,2,0,2,0.5,61.1646,0.0,27.8091,120,0.5,2.0,1.0
025_R202,25,R,4,3,OPTIMAL,110.9185,4,4,3,1,0,1.0,110.9185,0.0,0.0,120,0.5,2.0,1.0
025_R202,25,R,4,4,OPTIMAL,110.1993,4,3,2,1,1,0.75,98.9043,0.0,11.295,120,0.5,2.0,1.0
025_R202,25,R,4,5,OPTIMAL,113.609,4,4,0,4,0,1.0,113.609,0.0,0.0,120,0.5,2.0,1.0
025_R202,25,R,4,6,OPTIMAL,86.8411,4,4,3,1,0,1.0,86.8411,0.0,0.0,120,0.5,2.0,1.0
025_R202,25,R,4,7,OPTIMAL,103.5714,4,2,1,1,2,0.5,58.808,0.0,44.7634,120,0.5,2.0,1.0
025_R202,25,R,4,8,OPTIMAL,74.3488,4,3,1,2,1,0.75,74.3353,0.0,0.0134,120,0.5,2.0,1.0
025_R202,25,R,4,9,OPTIMAL,98.6831,4,4,2,2,0,1.0,98.6831,0.0,0.0,120,0.5,2.0,1.0
025_R202,25,R,6,0,OPTIMAL,113.7919,6,4,3,1,2,0.6667,113.0296,0.0,0.7623,120,0.5,2.0,1.0
025_R202,25,R,6,1,OPTIMAL,139.8166,6,6,2,4,0,1.0,139.8166,0.0,0.0,120,0.5,2.0,1.0
025_R202,25,R,6,2,OPTIMAL,143.6347,6,5,1,4,1,0.8333,139.6151,0.0,4.0196,120,0.5,2.0,1.0
025_R202,25,R,6,3,OPTIMAL,106.8799,6,4,4,0,2,0.6667,103.6602,0.0,3.2197,120,0.5,2.0,1.0
025_R202,25,R,6,4,OPTIMAL,114.6037,6,4,3,1,2,0.6667,96.8346,0.0,17.7691,120,0.5,2.0,1.0
025_R202,25,R,6,5,OPTIMAL,164.3162,6,6,2,4,0,1.0,164.3162,0.0,0.0,120,0.5,2.0,1.0
025_R202,25,R,6,6,OPTIMAL,136.1004,6,5,4,1,1,0.8333,134.1606,0.0,1.9398,120,0.5,2.0,1.0
025_R202,25,R,6,7,OPTIMAL,156.8048,6,4,2,2,2,0.6667,126.4434,0.0,30.3614,120,0.5,2.0,1.0
025_R202,25,R,6,8,OPTIMAL,149.3317,6,6,2,4,0,1.0,149.3317,0.0,0.0,120,0.5,2.0,1.0
025_R202,25,R,6,9,OPTIMAL,123.3562,6,4,2,2,2,0.6667,105.8373,0.0,17.5189,120,0.5,2.0,1.0
025_R203,25,R,2,0,OPTIMAL,46.7341,2,2,2,0,0,1.0,46.7341,0.0,0.0,120,0.5,2.0,1.0
025_R203,25,R,2,1,OPTIMAL,51.0119,2,2,2,0,0,1.0,51.0119,0.0,0.0,120,0.5,2.0,1.0
025_R203,25,R,2,2,OPTIMAL,63.9784,2,2,1,1,0,1.0,63.9784,0.0,0.0,120,0.5,2.0,1.0
025_R203,25,R,2,3,OPTIMAL,57.6999,2,2,1,1,0,1.0,57.6999,0.0,0.0,120,0.5,2.0,1.0
025_R203,25,R,2,4,OPTIMAL,49.8052,2,2,0,2,0,1.0,49.8052,0.0,0.0,120,0.5,2.0,1.0
025_R203,25,R,2,5,OPTIMAL,51.0554,2,1,0,1,1,0.5,30.3653,0.0,20.6901,120,0.5,2.0,1.0
025_R203,25,R,2,6,OPTIMAL,64.7235,2,2,1,1,0,1.0,64.7235,0.0,0.0,120,0.5,2.0,1.0
025_R203,25,R,2,7,OPTIMAL,49.2357,2,2,1,1,0,1.0,49.2357,0.0,0.0,120,0.5,2.0,1.0
025_R203,25,R,2,8,OPTIMAL,46.4027,2,2,2,0,0,1.0,46.4027,0.0,0.0,120,0.5,2.0,1.0
025_R203,25,R,2,9,OPTIMAL,46.7403,2,2,0,2,0,1.0,46.7403,0.0,0.0,120,0.5,2.0,1.0
025_R203,25,R,4,0,OPTIMAL,99.6935,4,3,2,1,1,0.75,79.4425,0.0,20.251,120,0.5,2.0,1.0
025_R203,25,R,4,1,OPTIMAL,79.8043,4,3,1,2,1,0.75,74.8716,0.0,4.9327,120,0.5,2.0,1.0
025_R203,25,R,4,2,OPTIMAL,93.9284,4,3,3,0,1,0.75,89.7594,0.0,4.169,120,0.5,2.0,1.0
025_R203,25,R,4,3,OPTIMAL,110.9185,4,4,3,1,0,1.0,110.9185,0.0,0.0,120,0.5,2.0,1.0
025_R203,25,R,4,4,OPTIMAL,126.407,4,4,3,1,0,1.0,126.407,0.0,0.0,120,0.5,2.0,1.0
025_R203,25,R,4,5,OPTIMAL,113.609,4,4,0,4,0,1.0,113.609,0.0,0.0,120,0.5,2.0,1.0
025_R203,25,R,4,6,OPTIMAL,86.8411,4,4,3,1,0,1.0,86.8411,0.0,0.0,120,0.5,2.0,1.0
025_R203,25,R,4,7,OPTIMAL,103.5714,4,2,1,1,2,0.5,58.808,0.0,44.7634,120,0.5,2.0,1.0
025_R203,25,R,4,8,OPTIMAL,68.5507,4,3,2,1,1,0.75,68.1001,0.0,0.4506,120,0.5,2.0,1.0
025_R203,25,R,4,9,OPTIMAL,82.6901,4,2,2,0,2,0.5,61.7117,0.0,20.9784,120,0.5,2.0,1.0
025_R203,25,R,6,0,OPTIMAL,134.0839,6,5,4,1,1,0.8333,133.5854,0.0,0.4985,120,0.5,2.0,1.0
025_R203,25,R,6,1,OPTIMAL,139.8166,6,6,3,3,0,1.0,139.8166,0.0,0.0,120,0.5,2.0,1.0
025_R203,25,R,6,2,OPTIMAL,143.6347,6,5,1,4,1,0.8333,139.6151,0.0,4.0196,120,0.5,2.0,1.0
025_R203,25,R,6,3,OPTIMAL,112.1251,6,4,4,0,2,0.6667,103.6602,0.0,8.4649,120,0.5,2.0,1.0
025_R203,25,R,6,4,OPTIMAL,134.3594,6,5,3,2,1,0.8333,116.6938,0.0,17.6656,120,0.5,2.0,1.0
025_R203,25,R,6,5,OPTIMAL,164.3162,6,6,3,3,0,1.0,164.3162,0.0,0.0,120,0.5,2.0,1.0
025_R203,25,R,6,6,OPTIMAL,146.3801,6,6,5,1,0,1.0,146.3801,0.0,0.0,120,0.5,2.0,1.0
025_R203,25,R,6,7,OPTIMAL,144.0492,6,4,2,2,2,0.6667,126.4434,0.0,17.6058,120,0.5,2.0,1.0
025_R203,25,R,6,8,OPTIMAL,147.6121,6,5,2,3,1,0.8333,128.3523,0.0,19.2598,120,0.5,2.0,1.0
025_R203,25,R,6,9,OPTIMAL,133.9217,6,6,3,3,0,1.0,133.9217,0.0,0.0,120,0.5,2.0,1.0
025_R204,25,R,2,0,OPTIMAL,46.7341,2,2,2,0,0,1.0,46.7341,0.0,0.0,120,0.5,2.0,1.0
025_R204,25,R,2,1,OPTIMAL,51.0119,2,2,2,0,0,1.0,51.0119,0.0,0.0,120,0.5,2.0,1.0
025_R204,25,R,2,2,OPTIMAL,63.9784,2,2,2,0,0,1.0,63.9784,0.0,0.0,120,0.5,2.0,1.0
025_R204,25,R,2,3,OPTIMAL,57.6999,2,2,2,0,0,1.0,57.6999,0.0,0.0,120,0.5,2.0,1.0
025_R204,25,R,2,4,OPTIMAL,49.8052,2,2,2,0,0,1.0,49.8052,0.0,0.0,120,0.5,2.0,1.0
025_R204,25,R,2,5,OPTIMAL,66.3823,2,2,1,1,0,1.0,66.3823,0.0,0.0,120,0.5,2.0,1.0
025_R204,25,R,2,6,OPTIMAL,64.7235,2,2,1,1,0,1.0,64.7235,0.0,0.0,120,0.5,2.0,1.0
025_R204,25,R,2,7,OPTIMAL,49.2357,2,2,2,0,0,1.0,49.2357,0.0,0.0,120,0.5,2.0,1.0
025_R204,25,R,2,8,OPTIMAL,46.4027,2,2,2,0,0,1.0,46.4027,0.0,0.0,120,0.5,2.0,1.0
025_R204,25,R,2,9,OPTIMAL,16.8775,2,1,1,0,1,0.5,12.8645,0.0,4.013,120,0.5,2.0,1.0
025_R204,25,R,4,0,OPTIMAL,99.6935,4,3,2,1,1,0.75,79.4425,0.0,20.251,120,0.5,2.0,1.0
025_R204,25,R,4,1,OPTIMAL,79.8043,4,3,2,1,1,0.75,74.8716,0.0,4.9327,120,0.5,2.0,1.0
025_R204,25,R,4,2,OPTIMAL,116.743,4,4,4,0,0,1.0,116.743,0.0,0.0,120,0.5,2.0,1.0
025_R204,25,R,4,3,OPTIMAL,110.9185,4,4,3,1,0,1.0,110.9185,0.0,0.0,120,0.5,2.0,1.0
025_R204,25,R,4,4,OPTIMAL,126.407,4,4,4,0,0,1.0,126.407,0.0,0.0,120,0.5,2.0,1.0
025_R204,25,R,4,5,OPTIMAL,93.9504,4,3,1,2,1,0.75,79.1277,0.0,14.8227,120,0.5,2.0,1.0
025_R204,25,R,4,6,OPTIMAL,86.8411,4,4,3,1,0,1.0,86.8411,0.0,0.0,120,0.5,2.0,1.0
025_R204,25,R,4,7,OPTIMAL,128.9734,4,4,3,1,0,1.0,128.9734,0.0,0.0,120,0.5,2.0,1.0
025_R204,25,R,4,8,OPTIMAL,69.0013,4,3,2,1,1,0.75,68.1001,0.0,0.9012,120,0.5,2.0,1.0
025_R204,25,R,4,9,OPTIMAL,84.5817,4,3,2,1,1,0.75,84.4396,0.0,0.1421,120,0.5,2.0,1.0
025_R204,25,R,6,0,OPTIMAL,134.0839,6,5,4,1,1,0.8333,133.5854,0.0,0.4985,120,0.5,2.0,1.0
025_R204,25,R,6,1,OPTIMAL,139.8166,6,6,5,1,0,1.0,139.8166,0.0,0.0,120,0.5,2.0,1.0
025_R204,25,R,6,2,OPTIMAL,138.5941,6,3,2,1,3,0.5,93.8945,0.0,44.6996,120,0.5,2.0,1.0
025_R204,25,R,6,3,OPTIMAL,121.0684,6,5,5,0,1,0.8333,118.085,0.0,2.9834,120,0.5,2.0,1.0
025_R204,25,R,6,4,OPTIMAL,134.3594,6,5,3,2,1,0.8333,116.6938,0.0,17.6656,120,0.5,2.0,1.0
025_R204,25,R,6,5,OPTIMAL,164.3162,6,6,3,3,0,1.0,164.3162,0.0,0.0,120,0.5,2.0,1.0
025_R204,25,R,6,6,OPTIMAL,146.3801,6,6,5,1,0,1.0,146.3801,0.0,0.0,120,0.5,2.0,1.0
025_R204,25,R,6,7,OPTIMAL,128.0415,6,4,2,2,2,0.6667,126.4434,0.0,1.5981,120,0.5,2.0,1.0
025_R204,25,R,6,8,OPTIMAL,149.3317,6,6,2,4,0,1.0,149.3317,0.0,0.0,120,0.5,2.0,1.0
025_R204,25,R,6,9,OPTIMAL,133.9217,6,6,4,2,0,1.0,133.9217,0.0,0.0,120,0.5,2.0,1.0
025_R205,25,R,2,0,OPTIMAL,46.7341,2,2,1,1,0,1.0,46.7341,0.0,0.0,120,0.5,2.0,1.0
025_R205,25,R,2,1,OPTIMAL,32.7208,2,1,1,0,1,0.5,26.8789,0.0,5.8419,120,0.5,2.0,1.0
025_R205,25,R,2,2,OPTIMAL,57.7145,2,1,1,0,1,0.5,34.1166,0.0,23.5979,120,0.5,2.0,1.0
025_R205,25,R,2,3,OPTIMAL,16.0516,2,0,0,0,2,0.0,0.0,0.0,16.0516,120,0.5,2.0,1.0
025_R205,25,R,2,4,OPTIMAL,49.8052,2,2,1,1,0,1.0,49.8052,0.0,0.0,120,0.5,2.0,1.0
025_R205,25,R,2,5,OPTIMAL,66.3823,2,2,1,1,0,1.0,66.3823,0.0,0.0,120,0.5,2.0,1.0
025_R205,25,R,2,6,OPTIMAL,64.7235,2,2,1,1,0,1.0,64.7235,0.0,0.0,120,0.5,2.0,1.0
025_R205,25,R,2,7,OPTIMAL,49.2357,2,2,1,1,0,1.0,49.2357,0.0,0.0,120,0.5,2.0,1.0
025_R205,25,R,2,8,OPTIMAL,46.4027,2,2,0,2,0,1.0,46.4027,0.0,0.0,120,0.5,2.0,1.0
025_R205,25,R,2,9,OPTIMAL,46.7403,2,2,2,0,0,1.0,46.7403,0.0,0.0,120,0.5,2.0,1.0
025_R205,25,R,4,0,OPTIMAL,81.0724,4,1,0,1,3,0.25,28.3854,0.0,52.687,120,0.5,2.0,1.0
025_R205,25,R,4,1,OPTIMAL,65.2634,4,2,1,1,2,0.5,57.1113,0.0,8.1521,120,0.5,2.0,1.0
025_R205,25,R,4,2,OPTIMAL,65.3541,4,2,1,1,2,0.5,55.5784,0.0,9.7757,120,0.5,2.0,1.0
025_R205,25,R,4,3,OPTIMAL,86.944,4,3,3,0,1,0.75,84.4469,0.0,2.4972,120,0.5,2.0,1.0
025_R205,25,R,4,4,OPTIMAL,116.7798,4,3,0,3,1,0.75,98.9043,0.0,17.8755,120,0.5,2.0,1.0
025_R205,25,R,4,5,OPTIMAL,86.4508,4,2,1,1,2,0.5,53.3985,0.0,33.0524,120,0.5,2.0,1.0
025_R205,25,R,4,6,OPTIMAL,74.7226,4,2,1,1,2,0.5,61.8089,0.0,12.9137,120,0.5,2.0,1.0
025_R205,25,R,4,7,OPTIMAL,128.9734,4,4,3,1,0,1.0,128.9734,0.0,0.0,120,0.5,2.0,1.0
025_R205,25,R,4,8,OPTIMAL,39.3963,4,2,0,2,2,0.5,34.0233,0.0,5.373,120,0.5,2.0,1.0
025_R205,25,R,4,9,OPTIMAL,85.2523,4,2,1,1,2,0.5,46.0528,0.0,39.1996,120,0.5,2.0,1.0
025_R205,25,R,6,0,OPTIMAL,136.2747,6,4,2,2,2,0.6667,104.4211,0.0,31.8536,120,0.5,2.0,1.0
025_R205,25,R,6,1,OPTIMAL,139.8166,6,6,3,3,0,1.0,139.8166,0.0,0.0,120,0.5,2.0,1.0
025_R205,25,R,6,2,OPTIMAL,134.9357,6,3,1,2,3,0.5,93.8945,0.0,41.0413,120,0.5,2.0,1.0
025_R205,25,R,6,3,OPTIMAL,129.1166,6,5,2,3,1,0.8333,118.085,0.0,11.0316,120,0.5,2.0,1.0
025_R205,25,R,6,4,OPTIMAL,88.1751,6,2,2,0,4,0.3333,48.9931,0.0,39.182,120,0.5,2.0,1.0
025_R205,25,R,6,5,OPTIMAL,142.0405,6,4,1,3,2,0.6667,115.4071,0.0,26.6334,120,0.5,2.0,1.0
025_R205,25,R,6,6,OPTIMAL,106.8576,6,2,1,1,4,0.3333,49.7247,0.0,57.1329,120,0.5,2.0,1.0
025_R205,25,R,6,7,OPTIMAL,146.5661,6,3,1,2,3,0.5,89.825,0.0,56.7411,120,0.5,2.0,1.0
025_R205,25,R,6,8,OPTIMAL,108.9618,6,3,2,1,3,0.5,72.6427,0.0,36.3191,120,0.5,2.0,1.0
025_R205,25,R,6,9,OPTIMAL,87.588,6,3,1,2,3,0.5,73.9896,0.0,13.5984,120,0.5,2.0,1.0
025_R206,25,R,2,0,OPTIMAL,46.7341,2,2,2,0,0,1.0,46.7341,0.0,0.0,120,0.5,2.0,1.0
025_R206,25,R,2,1,OPTIMAL,36.6878,2,1,1,0,1,0.5,26.8789,0.0,9.8089,120,0.5,2.0,1.0
025_R206,25,R,2,2,OPTIMAL,63.9784,2,2,1,1,0,1.0,63.9784,0.0,0.0,120,0.5,2.0,1.0
025_R206,25,R,2,3,OPTIMAL,16.0516,2,0,0,0,2,0.0,0.0,0.0,16.0516,120,0.5,2.0,1.0
025_R206,25,R,2,4,OPTIMAL,49.8052,2,2,2,0,0,1.0,49.8052,0.0,0.0,120,0.5,2.0,1.0
025_R206,25,R,2,5,OPTIMAL,66.3823,2,2,1,1,0,1.0,66.3823,0.0,0.0,120,0.5,2.0,1.0
025_R206,25,R,2,6,OPTIMAL,64.7235,2,2,2,0,0,1.0,64.7235,0.0,0.0,120,0.5,2.0,1.0
025_R206,25,R,2,7,OPTIMAL,49.2357,2,2,1,1,0,1.0,49.2357,0.0,0.0,120,0.5,2.0,1.0
025_R206,25,R,2,8,OPTIMAL,46.4027,2,2,1,1,0,1.0,46.4027,0.0,0.0,120,0.5,2.0,1.0
025_R206,25,R,2,9,OPTIMAL,46.7403,2,2,2,0,0,1.0,46.7403,0.0,0.0,120,0.5,2.0,1.0
025_R206,25,R,4,0,OPTIMAL,85.1231,4,2,0,2,2,0.5,47.9923,0.0,37.1308,120,0.5,2.0,1.0
025_R206,25,R,4,1,OPTIMAL,65.2634,4,2,1,1,2,0.5,57.1113,0.0,8.1521,120,0.5,2.0,1.0
025_R206,25,R,4,2,OPTIMAL,94.7264,4,3,2,1,1,0.75,89.6179,0.0,5.1085,120,0.5,2.0,1.0
025_R206,25,R,4,3,OPTIMAL,86.944,4,3,3,0,1,0.75,84.4469,0.0,2.4972,120,0.5,2.0,1.0
025_R206,25,R,4,4,OPTIMAL,126.407,4,4,1,3,0,1.0,126.407,0.0,0.0,120,0.5,2.0,1.0
025_R206,25,R,4,5,OPTIMAL,101.2622,4,2,2,0,2,0.5,53.3985,0.0,47.8637,120,0.5,2.0,1.0
025_R206,25,R,4,6,OPTIMAL,84.1291,4,3,2,1,1,0.75,75.6458,0.0,8.4833,120,0.5,2.0,1.0
025_R206,25,R,4,7,OPTIMAL,128.9734,4,4,4,0,0,1.0,128.9734,0.0,0.0,120,0.5,2.0,1.0
025_R206,25,R,4,8,OPTIMAL,68.5507,4,3,0,3,1,0.75,68.1001,0.0,0.4506,120,0.5,2.0,1.0
025_R206,25,R,4,9,OPTIMAL,94.1134,4,3,1,2,1,0.75,68.7807,0.0,25.3327,120,0.5,2.0,1.0
025_R206,25,R,6,0,OPTIMAL,136.2747,6,4,2,2,2,0.6667,104.4211,0.0,31.8536,120,0.5,2.0,1.0
025_R206,25,R,6,1,OPTIMAL,139.8166,6,6,4,2,0,1.0,139.8166,0.0,0.0,120,0.5,2.0,1.0
025_R206,25,R,6,2,OPTIMAL,143.6347,6,5,3,2,1,0.8333,139.6151,0.0,4.0196,120,0.5,2.0,1.0
025_R206,25,R,6,3,OPTIMAL,129.1166,6,5,2,3,1,0.8333,118.085,0.0,11.0316,120,0.5,2.0,1.0
025_R206,25,R,6,4,OPTIMAL,128.648,6,4,2,2,2,0.6667,99.3621,0.0,29.2859,120,0.5,2.0,1.0
025_R206,25,R,6,5,OPTIMAL,150.7051,6,5,1,4,1,0.8333,143.1958,0.0,7.5093,120,0.5,2.0,1.0
025_R206,25,R,6,6,OPTIMAL,106.8576,6,2,2,0,4,0.3333,49.7247,0.0,57.1329,120,0.5,2.0,1.0
025_R206,25,R,6,7,OPTIMAL,148.1416,6,3,1,2,3,0.5,92.6144,0.0,55.5272,120,0.5,2.0,1.0
025_R206,25,R,6,8,OPTIMAL,125.4237,6,4,2,2,2,0.6667,93.6221,0.0,31.8016,120,0.5,2.0,1.0
025_R206,25,R,6,9,OPTIMAL,87.588,6,3,1,2,3,0.5,73.9896,0.0,13.5984,120,0.5,2.0,1.0
025_R207,25,R,2,0,OPTIMAL,46.7341,2,2,2,0,0,1.0,46.7341,0.0,0.0,120,0.5,2.0,1.0
025_R207,25,R,2,1,OPTIMAL,36.6878,2,1,1,0,1,0.5,26.8789,0.0,9.8089,120,0.5,2.0,1.0
025_R207,25,R,2,2,OPTIMAL,57.7145,2,1,1,0,1,0.5,34.1166,0.0,23.5979,120,0.5,2.0,1.0
025_R207,25,R,2,3,OPTIMAL,32.6021,2,1,0,1,1,0.5,30.9439,0.0,1.6582,120,0.5,2.0,1.0
025_R207,25,R,2,4,OPTIMAL,49.8052,2,2,2,0,0,1.0,49.8052,0.0,0.0,120,0.5,2.0,1.0
025_R207,25,R,2,5,OPTIMAL,66.3823,2,2,1,1,0,1.0,66.3823,0.0,0.0,120,0.5,2.0,1.0
025_R207,25,R,2,6,OPTIMAL,64.7235,2,2,2,0,0,1.0,64.7235,0.0,0.0,120,0.5,2.0,1.0
025_R207,25,R,2,7,OPTIMAL,49.2357,2,2,2,0,0,1.0,49.2357,0.0,0.0,120,0.5,2.0,1.0
025_R207,25,R,2,8,OPTIMAL,46.4027,2,2,1,1,0,1.0,46.4027,0.0,0.0,120,0.5,2.0,1.0
025_R207,25,R,2,9,OPTIMAL,46.7403,2,2,2,0,0,1.0,46.7403,0.0,0.0,120,0.5,2.0,1.0
025_R207,25,R,4,0,OPTIMAL,98.1,4,3,1,2,1,0.75,76.0891,0.0,22.0109,120,0.5,2.0,1.0
025_R207,25,R,4,1,OPTIMAL,106.5723,4,4,2,2,0,1.0,106.5723,0.0,0.0,120,0.5,2.0,1.0
025_R207,25,R,4,2,OPTIMAL,65.3541,4,2,2,0,2,0.5,55.5784,0.0,9.7757,120,0.5,2.0,1.0
025_R207,25,R,4,3,OPTIMAL,86.944,4,3,3,0,1,0.75,84.4469,0.0,2.4972,120,0.5,2.0,1.0
025_R207,25,R,4,4,OPTIMAL,126.407,4,4,2,2,0,1.0,126.407,0.0,0.0,120,0.5,2.0,1.0
025_R207,25,R,4,5,OPTIMAL,113.609,4,4,3,1,0,1.0,113.609,0.0,0.0,120,0.5,2.0,1.0
025_R207,25,R,4,6,OPTIMAL,84.1291,4,3,2,1,1,0.75,75.6458,0.0,8.4833,120,0.5,2.0,1.0
025_R207,25,R,4,7,OPTIMAL,128.9734,4,4,4,0,0,1.0,128.9734,0.0,0.0,120,0.5,2.0,1.0
025_R207,25,R,4,8,OPTIMAL,39.3963,4,2,0,2,2,0.5,34.0233,0.0,5.373,120,0.5,2.0,1.0
025_R207,25,R,4,9,OPTIMAL,80.012,4,2,1,1,2,0.5,54.5372,0.0,25.4748,120,0.5,2.0,1.0
025_R207,25,R,6,0,OPTIMAL,136.2747,6,4,3,1,2,0.6667,104.4211,0.0,31.8536,120,0.5,2.0,1.0
025_R207,25,R,6,1,OPTIMAL,139.8166,6,6,4,2,0,1.0,139.8166,0.0,0.0,120,0.5,2.0,1.0
025_R207,25,R,6,2,OPTIMAL,143.6347,6,5,3,2,1,0.8333,139.6151,0.0,4.0196,120,0.5,2.0,1.0
025_R207,25,R,6,3,OPTIMAL,153.0868,6,6,4,2,0,1.0,153.0868,0.0,0.0,120,0.5,2.0,1.0
025_R207,25,R,6,4,OPTIMAL,128.648,6,4,2,2,2,0.6667,99.3621,0.0,29.2859,120,0.5,2.0,1.0
025_R207,25,R,6,5,OPTIMAL,150.7051,6,5,4,1,1,0.8333,143.1958,0.0,7.5093,120,0.5,2.0,1.0
025_R207,25,R,6,6,OPTIMAL,107.3508,6,2,2,0,4,0.3333,49.7247,0.0,57.6261,120,0.5,2.0,1.0
025_R207,25,R,6,7,OPTIMAL,122.7756,6,3,1,2,3,0.5,92.6144,0.0,30.1612,120,0.5,2.0,1.0
025_R207,25,R,6,8,OPTIMAL,125.4237,6,4,2,2,2,0.6667,93.6221,0.0,31.8016,120,0.5,2.0,1.0
025_R207,25,R,6,9,OPTIMAL,107.5182,6,3,1,2,3,0.5,73.9896,0.0,33.5286,120,0.5,2.0,1.0
025_R208,25,R,2,0,OPTIMAL,46.7341,2,2,2,0,0,1.0,46.7341,0.0,0.0,120,0.5,2.0,1.0
025_R208,25,R,2,1,OPTIMAL,36.6878,2,1,1,0,1,0.5,26.8789,0.0,9.8089,120,0.5,2.0,1.0
025_R208,25,R,2,2,OPTIMAL,63.9784,2,2,1,1,0,1.0,63.9784,0.0,0.0,120,0.5,2.0,1.0
025_R208,25,R,2,3,OPTIMAL,30.4451,2,0,0,0,2,0.0,0.0,0.0,30.4451,120,0.5,2.0,1.0
025_R208,25,R,2,4,OPTIMAL,49.8052,2,2,2,0,0,1.0,49.8052,0.0,0.0,120,0.5,2.0,1.0
025_R208,25,R,2,5,OPTIMAL,66.3823,2,2,1,1,0,1.0,66.3823,0.0,0.0,120,0.5,2.0,1.0
025_R208,25,R,2,6,OPTIMAL,64.7235,2,2,2,0,0,1.0,64.7235,0.0,0.0,120,0.5,2.0,1.0
025_R208,25,R,2,7,OPTIMAL,49.2357,2,2,2,0,0,1.0,49.2357,0.0,0.0,120,0.5,2.0,1.0
025_R208,25,R,2,8,OPTIMAL,46.4027,2,2,2,0,0,1.0,46.4027,0.0,0.0,120,0.5,2.0,1.0
025_R208,25,R,2,9,OPTIMAL,46.7403,2,2,2,0,0,1.0,46.7403,0.0,0.0,120,0.5,2.0,1.0
025_R208,25,R,4,0,OPTIMAL,107.5393,4,4,2,2,0,1.0,107.5393,0.0,0.0,120,0.5,2.0,1.0
025_R208,25,R,4,1,OPTIMAL,104.8102,4,3,2,1,1,0.75,88.8119,0.0,15.9983,120,0.5,2.0,1.0
025_R208,25,R,4,2,OPTIMAL,94.7264,4,3,2,1,1,0.75,89.6179,0.0,5.1085,120,0.5,2.0,1.0
025_R208,25,R,4,3,OPTIMAL,86.944,4,3,3,0,1,0.75,84.4469,0.0,2.4972,120,0.5,2.0,1.0
025_R208,25,R,4,4,OPTIMAL,126.407,4,4,2,2,0,1.0,126.407,0.0,0.0,120,0.5,2.0,1.0
025_R208,25,R,4,5,OPTIMAL,113.609,4,4,3,1,0,1.0,113.609,0.0,0.0,120,0.5,2.0,1.0
025_R208,25,R,4,6,OPTIMAL,86.48,4,3,3,0,1,0.75,75.6458,0.0,10.8342,120,0.5,2.0,1.0
025_R208,25,R,4,7,OPTIMAL,128.9734,4,4,4,0,0,1.0,128.9734,0.0,0.0,120,0.5,2.0,1.0
025_R208,25,R,4,8,OPTIMAL,69.0013,4,3,1,2,1,0.75,68.1001,0.0,0.9012,120,0.5,2.0,1.0
025_R208,25,R,4,9,OPTIMAL,80.012,4,2,1,1,2,0.5,54.5372,0.0,25.4748,120,0.5,2.0,1.0
025_R208,25,R,6,0,OPTIMAL,145.6333,6,5,4,1,1,0.8333,138.7031,0.0,6.9301,120,0.5,2.0,1.0
025_R208,25,R,6,1,OPTIMAL,139.8166,6,6,4,2,0,1.0,139.8166,0.0,0.0,120,0.5,2.0,1.0
025_R208,25,R,6,2,OPTIMAL,162.4369,6,5,3,2,1,0.8333,139.6151,0.0,22.8218,120,0.5,2.0,1.0
025_R208,25,R,6,3,OPTIMAL,153.0868,6,6,6,0,0,1.0,153.0868,0.0,0.0,120,0.5,2.0,1.0
025_R208,25,R,6,4,OPTIMAL,139.6784,6,5,3,2,1,0.8333,121.7756,0.0,17.9028,120,0.5,2.0,1.0
025_R208,25,R,6,5,OPTIMAL,150.7051,6,5,4,1,1,0.8333,143.1958,0.0,7.5093,120,0.5,2.0,1.0
025_R208,25,R,6,6,OPTIMAL,122.9126,6,3,3,0,3,0.5,85.9592,0.0,36.9534,120,0.5,2.0,1.0
025_R208,25,R,6,7,OPTIMAL,128.2591,6,4,3,1,2,0.6667,126.4434,0.0,1.8157,120,0.5,2.0,1.0
025_R208,25,R,6,8,OPTIMAL,133.3754,6,5,3,2,1,0.8333,126.7276,0.0,6.6477,120,0.5,2.0,1.0
025_R208,25,R,6,9,OPTIMAL,131.1633,6,5,2,3,1,0.8333,118.9249,0.0,12.2385,120,0.5,2.0,1.0
025_R209,25,R,2,0,OPTIMAL,46.7341,2,2,1,1,0,1.0,46.7341,0.0,0.0,120,0.5,2.0,1.0
025_R209,25,R,2,1,OPTIMAL,32.7208,2,1,1,0,1,0.5,26.8789,0.0,5.8419,120,0.5,2.0,1.0
025_R209,25,R,2,2,OPTIMAL,63.9784,2,2,1,1,0,1.0,63.9784,0.0,0.0,120,0.5,2.0,1.0
025_R209,25,R,2,3,OPTIMAL,57.6999,2,2,0,2,0,1.0,57.6999,0.0,0.0,120,0.5,2.0,1.0
025_R209,25,R,2,4,OPTIMAL,49.8052,2,2,1,1,0,1.0,49.8052,0.0,0.0,120,0.5,2.0,1.0
025_R209,25,R,2,5,OPTIMAL,66.3823,2,2,1,1,0,1.0,66.3823,0.0,0.0,120,0.5,2.0,1.0
025_R209,25,R,2,6,OPTIMAL,64.7235,2,2,1,1,0,1.0,64.7235,0.0,0.0,120,0.5,2.0,1.0
025_R209,25,R,2,7,OPTIMAL,31.8301,2,0,0,0,2,0.0,0.0,0.0,31.8301,120,0.5,2.0,1.0
025_R209,25,R,2,8,OPTIMAL,46.4027,2,2,0,2,0,1.0,46.4027,0.0,0.0,120,0.5,2.0,1.0
025_R209,25,R,2,9,OPTIMAL,46.7403,2,2,1,1,0,1.0,46.7403,0.0,0.0,120,0.5,2.0,1.0
025_R209,25,R,4,0,OPTIMAL,85.1231,4,2,1,1,2,0.5,47.9923,0.0,37.1308,120,0.5,2.0,1.0
025_R209,25,R,4,1,OPTIMAL,74.5303,4,2,1,1,2,0.5,44.9389,0.0,29.5914,120,0.5,2.0,1.0
025_R209,25,R,4,2,OPTIMAL,104.8804,4,3,1,2,1,0.75,88.1481,0.0,16.7323,120,0.5,2.0,1.0
025_R209,25,R,4,3,OPTIMAL,110.9185,4,4,3,1,0,1.0,110.9185,0.0,0.0,120,0.5,2.0,1.0
025_R209,25,R,4,4,OPTIMAL,102.4202,4,3,0,3,1,0.75,98.9043,0.0,3.5158,120,0.5,2.0,1.0
025_R209,25,R,4,5,OPTIMAL,110.6279,4,3,2,1,1,0.75,82.3,0.0,28.3279,120,0.5,2.0,1.0
025_R209,25,R,4,6,OPTIMAL,86.8411,4,4,1,3,0,1.0,86.8411,0.0,0.0,120,0.5,2.0,1.0
025_R209,25,R,4,7,OPTIMAL,110.1622,4,2,1,1,2,0.5,72.7386,0.0,37.4235,120,0.5,2.0,1.0
025_R209,25,R,4,8,OPTIMAL,93.2545,4,4,1,3,0,1.0,93.2545,0.0,0.0,120,0.5,2.0,1.0
025_R209,25,R,4,9,OPTIMAL,89.2352,4,2,1,1,2,0.5,54.5372,0.0,34.698,120,0.5,2.0,1.0
025_R209,25,R,6,0,OPTIMAL,105.4044,6,3,1,2,3,0.5,78.7476,0.0,26.6568,120,0.5,2.0,1.0
025_R209,25,R,6,1,OPTIMAL,125.3717,6,5,5,0,1,0.8333,123.979,0.0,1.3927,120,0.5,2.0,1.0
025_R209,25,R,6,2,OPTIMAL,151.9673,6,5,1,4,1,0.8333,144.0376,0.0,7.9297,120,0.5,2.0,1.0
025_R209,25,R,6,3,OPTIMAL,114.9281,6,4,1,3,2,0.6667,103.6602,0.0,11.2679,120,0.5,2.0,1.0
025_R209,25,R,6,4,OPTIMAL,123.3291,6,4,3,1,2,0.6667,94.2803,0.0,29.0487,120,0.5,2.0,1.0
025_R209,25,R,6,5,OPTIMAL,133.0981,6,3,2,1,3,0.5,82.953,0.0,50.1451,120,0.5,2.0,1.0
025_R209,25,R,6,6,OPTIMAL,129.8416,6,4,2,2,2,0.6667,97.9261,0.0,31.9155,120,0.5,2.0,1.0
025_R209,25,R,6,7,OPTIMAL,152.4346,6,3,3,0,3,0.5,92.6144,0.0,59.8202,120,0.5,2.0,1.0
025_R209,25,R,6,8,OPTIMAL,141.3801,6,5,3,2,1,0.8333,116.2262,0.0,25.1539,120,0.5,2.0,1.0
025_R209,25,R,6,9,OPTIMAL,85.3535,6,3,2,1,3,0.5,55.8987,0.0,29.4548,120,0.5,2.0,1.0
025_R210,25,R,2,0,OPTIMAL,46.7341,2,2,0,2,0,1.0,46.7341,0.0,0.0,120,0.5,2.0,1.0
025_R210,25,R,2,1,OPTIMAL,51.0119,2,2,1,1,0,1.0,51.0119,0.0,0.0,120,0.5,2.0,1.0
025_R210,25,R,2,2,OPTIMAL,63.9784,2,2,1,1,0,1.0,63.9784,0.0,0.0,120,0.5,2.0,1.0
025_R210,25,R,2,3,OPTIMAL,57.6999,2,2,1,1,0,1.0,57.6999,0.0,0.0,120,0.5,2.0,1.0
025_R210,25,R,2,4,OPTIMAL,49.8052,2,2,1,1,0,1.0,49.8052,0.0,0.0,120,0.5,2.0,1.0
025_R210,25,R,2,5,OPTIMAL,66.3823,2,2,1,1,0,1.0,66.3823,0.0,0.0,120,0.5,2.0,1.0
025_R210,25,R,2,6,OPTIMAL,64.7235,2,2,0,2,0,1.0,64.7235,0.0,0.0,120,0.5,2.0,1.0
025_R210,25,R,2,7,OPTIMAL,39.6715,2,1,0,1,1,0.5,21.5179,0.0,18.1536,120,0.5,2.0,1.0
025_R210,25,R,2,8,OPTIMAL,46.4027,2,2,0,2,0,1.0,46.4027,0.0,0.0,120,0.5,2.0,1.0
025_R210,25,R,2,9,OPTIMAL,25.7896,2,1,1,0,1,0.5,12.8645,0.0,12.9251,120,0.5,2.0,1.0
025_R210,25,R,4,0,OPTIMAL,99.6935,4,3,1,2,1,0.75,79.4425,0.0,20.251,120,0.5,2.0,1.0
025_R210,25,R,4,1,OPTIMAL,79.8043,4,3,3,0,1,0.75,74.8716,0.0,4.9327,120,0.5,2.0,1.0
025_R210,25,R,4,2,OPTIMAL,116.743,4,4,2,2,0,1.0,116.743,0.0,0.0,120,0.5,2.0,1.0
025_R210,25,R,4,3,OPTIMAL,110.9185,4,4,2,2,0,1.0,110.9185,0.0,0.0,120,0.5,2.0,1.0
025_R210,25,R,4,4,OPTIMAL,93.5469,4,2,0,2,2,0.5,67.229,0.0,26.3179,120,0.5,2.0,1.0
025_R210,25,R,4,5,OPTIMAL,84.8794,4,3,1,2,1,0.75,79.1277,0.0,5.7517,120,0.5,2.0,1.0
025_R210,25,R,4,6,OPTIMAL,69.0754,4,2,1,1,2,0.5,41.8882,0.0,27.1871,120,0.5,2.0,1.0
025_R210,25,R,4,7,OPTIMAL,107.8752,4,3,1,2,1,0.75,106.0418,0.0,1.8334,120,0.5,2.0,1.0
025_R210,25,R,4,8,OPTIMAL,61.736,4,2,0,2,2,0.5,34.0233,0.0,27.7126,120,0.5,2.0,1.0
025_R210,25,R,4,9,OPTIMAL,90.3673,4,2,2,0,2,0.5,61.7117,0.0,28.6557,120,0.5,2.0,1.0
025_R210,25,R,6,0,OPTIMAL,134.0839,6,5,2,3,1,0.8333,133.5854,0.0,0.4985,120,0.5,2.0,1.0
025_R210,25,R,6,1,OPTIMAL,139.8166,6,6,3,3,0,1.0,139.8166,0.0,0.0,120,0.5,2.0,1.0
025_R210,25,R,6,2,OPTIMAL,143.6347,6,5,1,4,1,0.8333,139.6151,0.0,4.0196,120,0.5,2.0,1.0
025_R210,25,R,6,3,OPTIMAL,121.0684,6,5,2,3,1,0.8333,118.085,0.0,2.9834,120,0.5,2.0,1.0
025_R210,25,R,6,4,OPTIMAL,132.467,6,4,2,2,2,0.6667,94.2803,0.0,38.1867,120,0.5,2.0,1.0
025_R210,25,R,6,5,OPTIMAL,164.3162,6,6,2,4,0,1.0,164.3162,0.0,0.0,120,0.5,2.0,1.0
025_R210,25,R,6,6,OPTIMAL,145.1766,6,5,1,4,1,0.8333,131.9165,0.0,13.26,120,0.5,2.0,1.0
025_R210,25,R,6,7,OPTIMAL,158.9671,6,5,2,3,1,0.8333,156.6255,0.0,2.3417,120,0.5,2.0,1.0
025_R210,25,R,6,8,OPTIMAL,147.6121,6,5,1,4,1,0.8333,128.3523,0.0,19.2598,120,0.5,2.0,1.0
025_R210,25,R,6,9,OPTIMAL,133.9217,6,6,3,3,0,1.0,133.9217,0.0,0.0,120,0.5,2.0,1.0
025_R211,25,R,2,0,OPTIMAL,28.1155,2,1,1,0,1,0.5,19.8843,0.0,8.2312,120,0.5,2.0,1.0
025_R211,25,R,2,1,OPTIMAL,36.6878,2,1,1,0,1,0.5,26.8789,0.0,9.8089,120,0.5,2.0,1.0
025_R211,25,R,2,2,OPTIMAL,63.9784,2,2,1,1,0,1.0,63.9784,0.0,0.0,120,0.5,2.0,1.0
025_R211,25,R,2,3,OPTIMAL,57.6999,2,2,1,1,0,1.0,57.6999,0.0,0.0,120,0.5,2.0,1.0
025_R211,25,R,2,4,OPTIMAL,49.8052,2,2,1,1,0,1.0,49.8052,0.0,0.0,120,0.5,2.0,1.0
025_R211,25,R,2,5,OPTIMAL,66.3823,2,2,1,1,0,1.0,66.3823,0.0,0.0,120,0.5,2.0,1.0
025_R211,25,R,2,6,OPTIMAL,64.7235,2,2,1,1,0,1.0,64.7235,0.0,0.0,120,0.5,2.0,1.0
025_R211,25,R,2,7,OPTIMAL,49.2357,2,2,2,0,0,1.0,49.2357,0.0,0.0,120,0.5,2.0,1.0
025_R211,25,R,2,8,OPTIMAL,18.8868,2,1,0,1,1,0.5,13.8321,0.0,5.0547,120,0.5,2.0,1.0
025_R211,25,R,2,9,OPTIMAL,46.7403,2,2,1,1,0,1.0,46.7403,0.0,0.0,120,0.5,2.0,1.0
025_R211,25,R,4,0,OPTIMAL,106.9529,4,3,2,1,1,0.75,76.0891,0.0,30.8638,120,0.5,2.0,1.0
025_R211,25,R,4,1,OPTIMAL,106.5723,4,4,3,1,0,1.0,106.5723,0.0,0.0,120,0.5,2.0,1.0
025_R211,25,R,4,2,OPTIMAL,104.8804,4,3,2,1,1,0.75,88.1481,0.0,16.7323,120,0.5,2.0,1.0
025_R211,25,R,4,3,OPTIMAL,110.9185,4,4,3,1,0,1.0,110.9185,0.0,0.0,120,0.5,2.0,1.0
025_R211,25,R,4,4,OPTIMAL,102.4202,4,3,2,1,1,0.75,98.9043,0.0,3.5158,120,0.5,2.0,1.0
025_R211,25,R,4,5,OPTIMAL,100.4321,4,3,2,1,1,0.75,82.3,0.0,18.1321,120,0.5,2.0,1.0
025_R211,25,R,4,6,OPTIMAL,76.3261,4,3,1,2,1,0.75,75.6458,0.0,0.6803,120,0.5,2.0,1.0
025_R211,25,R,4,7,OPTIMAL,112.7661,4,3,2,1,1,0.75,106.0418,0.0,6.7243,120,0.5,2.0,1.0
025_R211,25,R,4,8,OPTIMAL,93.2545,4,4,3,1,0,1.0,93.2545,0.0,0.0,120,0.5,2.0,1.0
025_R211,25,R,4,9,OPTIMAL,89.3326,4,3,3,0,1,0.75,84.4396,0.0,4.893,120,0.5,2.0,1.0
025_R211,25,R,6,0,OPTIMAL,135.2548,6,5,4,1,1,0.8333,133.5854,0.0,1.6694,120,0.5,2.0,1.0
025_R211,25,R,6,1,OPTIMAL,125.3717,6,5,5,0,1,0.8333,123.979,0.0,1.3927,120,0.5,2.0,1.0
025_R211,25,R,6,2,OPTIMAL,171.8234,6,6,3,3,0,1.0,171.8234,0.0,0.0,120,0.5,2.0,1.0
025_R211,25,R,6,3,OPTIMAL,153.0868,6,6,3,3,0,1.0,153.0868,0.0,0.0,120,0.5,2.0,1.0
025_R211,25,R,6,4,OPTIMAL,141.7192,6,5,3,2,1,0.8333,124.7901,0.0,16.9292,120,0.5,2.0,1.0
025_R211,25,R,6,5,OPTIMAL,135.2381,6,5,5,0,1,0.8333,130.8374,0.0,4.4007,120,0.5,2.0,1.0
025_R211,25,R,6,6,OPTIMAL,125.6157,6,4,2,2,2,0.6667,101.542,0.0,24.0737,120,0.5,2.0,1.0
025_R211,25,R,6,7,OPTIMAL,154.9251,6,4,3,1,2,0.6667,126.4434,0.0,28.4817,120,0.5,2.0,1.0
025_R211,25,R,6,8,OPTIMAL,149.1155,6,5,3,2,1,0.8333,116.2262,0.0,32.8893,120,0.5,2.0,1.0
025_R211,25,R,6,9,OPTIMAL,133.9217,6,6,4,2,0,1.0,133.9217,0.0,0.0,120,0.5,2.0,1.0
025_RC101,25,RC,2,0,OPTIMAL,0.7276,2,0,0,0,2,0.0,0.0,0.0,0.7276,120,0.5,2.0,1.0
025_RC101,25,RC,2,1,OPTIMAL,1.3631,2,0,0,0,2,0.0,0.0,0.0,1.3631,120,0.5,2.0,1.0
025_RC101,25,RC,2,2,OPTIMAL,0.6825,2,0,0,0,2,0.0,0.0,0.0,0.6825,120,0.5,2.0,1.0
025_RC101,25,RC,2,3,OPTIMAL,7.311,2,0,0,0,2,0.0,0.0,0.0,7.311,120,0.5,2.0,1.0
025_RC101,25,RC,2,4,OPTIMAL,19.0494,2,0,0,0,2,0.0,0.0,0.0,19.0494,120,0.5,2.0,1.0
025_RC101,25,RC,2,5,OPTIMAL,1.892,2,0,0,0,2,0.0,0.0,0.0,1.892,120,0.5,2.0,1.0
025_RC101,25,RC,2,6,OPTIMAL,11.9752,2,0,0,0,2,0.0,0.0,0.0,11.9752,120,0.5,2.0,1.0
025_RC101,25,RC,2,7,OPTIMAL,1.7569,2,0,0,0,2,0.0,0.0,0.0,1.7569,120,0.5,2.0,1.0
025_RC101,25,RC,2,8,OPTIMAL,0.1138,2,0,0,0,2,0.0,0.0,0.0,0.1138,120,0.5,2.0,1.0
025_RC101,25,RC,2,9,OPTIMAL,18.7544,2,0,0,0,2,0.0,0.0,0.0,18.7544,120,0.5,2.0,1.0
025_RC101,25,RC,4,0,OPTIMAL,14.3397,4,0,0,0,4,0.0,0.0,0.0,14.3397,120,0.5,2.0,1.0
025_RC101,25,RC,4,1,OPTIMAL,15.3169,4,0,0,0,4,0.0,0.0,0.0,15.3169,120,0.5,2.0,1.0
025_RC101,25,RC,4,2,OPTIMAL,4.3744,4,0,0,0,4,0.0,0.0,0.0,4.3744,120,0.5,2.0,1.0
025_RC101,25,RC,4,3,OPTIMAL,9.2378,4,0,0,0,4,0.0,0.0,0.0,9.2378,120,0.5,2.0,1.0
025_RC101,25,RC,4,4,OPTIMAL,26.1739,4,0,0,0,4,0.0,0.0,0.0,26.1739,120,0.5,2.0,1.0
025_RC101,25,RC,4,5,OPTIMAL,15.354,4,0,0,0,4,0.0,0.0,0.0,15.354,120,0.5,2.0,1.0
025_RC101,25,RC,4,6,OPTIMAL,2.5693,4,0,0,0,4,0.0,0.0,0.0,2.5693,120,0.5,2.0,1.0
025_RC101,25,RC,4,7,OPTIMAL,53.8986,4,0,0,0,4,0.0,0.0,0.0,53.8986,120,0.5,2.0,1.0
025_RC101,25,RC,4,8,OPTIMAL,14.8233,4,0,0,0,4,0.0,0.0,0.0,14.8233,120,0.5,2.0,1.0
025_RC101,25,RC,4,9,OPTIMAL,35.0464,4,0,0,0,4,0.0,0.0,0.0,35.0464,120,0.5,2.0,1.0
025_RC101,25,RC,6,0,OPTIMAL,34.774,6,0,0,0,6,0.0,0.0,0.0,34.774,120,0.5,2.0,1.0
025_RC101,25,RC,6,1,OPTIMAL,7.6896,6,0,0,0,6,0.0,0.0,0.0,7.6896,120,0.5,2.0,1.0
025_RC101,25,RC,6,2,OPTIMAL,18.0436,6,0,0,0,6,0.0,0.0,0.0,18.0436,120,0.5,2.0,1.0
025_RC101,25,RC,6,3,OPTIMAL,16.0286,6,0,0,0,6,0.0,0.0,0.0,16.0286,120,0.5,2.0,1.0
025_RC101,25,RC,6,4,OPTIMAL,52.1907,6,0,0,0,6,0.0,0.0,0.0,52.1907,120,0.5,2.0,1.0
025_RC101,25,RC,6,5,OPTIMAL,15.3299,6,0,0,0,6,0.0,0.0,0.0,15.3299,120,0.5,2.0,1.0
025_RC101,25,RC,6,6,OPTIMAL,51.1206,6,0,0,0,6,0.0,0.0,0.0,51.1206,120,0.5,2.0,1.0
025_RC101,25,RC,6,7,OPTIMAL,26.08,6,0,0,0,6,0.0,0.0,0.0,26.08,120,0.5,2.0,1.0
025_RC101,25,RC,6,8,OPTIMAL,39.1426,6,0,0,0,6,0.0,0.0,0.0,39.1426,120,0.5,2.0,1.0
025_RC101,25,RC,6,9,OPTIMAL,29.4381,6,0,0,0,6,0.0,0.0,0.0,29.4381,120,0.5,2.0,1.0
025_RC102,25,RC,2,0,OPTIMAL,0.682,2,0,0,0,2,0.0,0.0,0.0,0.682,120,0.5,2.0,1.0
025_RC102,25,RC,2,1,OPTIMAL,1.3631,2,0,0,0,2,0.0,0.0,0.0,1.3631,120,0.5,2.0,1.0
025_RC102,25,RC,2,2,OPTIMAL,0.6141,2,0,0,0,2,0.0,0.0,0.0,0.6141,120,0.5,2.0,1.0
025_RC102,25,RC,2,3,OPTIMAL,7.311,2,0,0,0,2,0.0,0.0,0.0,7.311,120,0.5,2.0,1.0
025_RC102,25,RC,2,4,OPTIMAL,18.5485,2,0,0,0,2,0.0,0.0,0.0,18.5485,120,0.5,2.0,1.0
025_RC102,25,RC,2,5,OPTIMAL,1.892,2,0,0,0,2,0.0,0.0,0.0,1.892,120,0.5,2.0,1.0
025_RC102,25,RC,2,6,OPTIMAL,12.788,2,0,0,0,2,0.0,0.0,0.0,12.788,120,0.5,2.0,1.0
025_RC102,25,RC,2,7,OPTIMAL,2.4529,2,0,0,0,2,0.0,0.0,0.0,2.4529,120,0.5,2.0,1.0
025_RC102,25,RC,2,8,OPTIMAL,0.3542,2,0,0,0,2,0.0,0.0,0.0,0.3542,120,0.5,2.0,1.0
025_RC102,25,RC,2,9,OPTIMAL,5.5714,2,0,0,0,2,0.0,0.0,0.0,5.5714,120,0.5,2.0,1.0
025_RC102,25,RC,4,0,OPTIMAL,12.4802,4,0,0,0,4,0.0,0.0,0.0,12.4802,120,0.5,2.0,1.0
025_RC102,25,RC,4,1,OPTIMAL,19.0565,4,0,0,0,4,0.0,0.0,0.0,19.0565,120,0.5,2.0,1.0
025_RC102,25,RC,4,2,OPTIMAL,11.1377,4,0,0,0,4,0.0,0.0,0.0,11.1377,120,0.5,2.0,1.0
025_RC102,25,RC,4,3,OPTIMAL,7.7777,4,0,0,0,4,0.0,0.0,0.0,7.7777,120,0.5,2.0,1.0
025_RC102,25,RC,4,4,OPTIMAL,17.0029,4,0,0,0,4,0.0,0.0,0.0,17.0029,120,0.5,2.0,1.0
025_RC102,25,RC,4,5,OPTIMAL,5.5463,4,0,0,0,4,0.0,0.0,0.0,5.5463,120,0.5,2.0,1.0
025_RC102,25,RC,4,6,OPTIMAL,1.7431,4,0,0,0,4,0.0,0.0,0.0,1.7431,120,0.5,2.0,1.0
025_RC102,25,RC,4,7,OPTIMAL,52.1242,4,0,0,0,4,0.0,0.0,0.0,52.1242,120,0.5,2.0,1.0
025_RC102,25,RC,4,8,OPTIMAL,10.4985,4,0,0,0,4,0.0,0.0,0.0,10.4985,120,0.5,2.0,1.0
025_RC102,25,RC,4,9,OPTIMAL,18.318,4,0,0,0,4,0.0,0.0,0.0,18.318,120,0.5,2.0,1.0
025_RC102,25,RC,6,0,OPTIMAL,13.2989,6,0,0,0,6,0.0,0.0,0.0,13.2989,120,0.5,2.0,1.0
025_RC102,25,RC,6,1,OPTIMAL,42.6468,6,1,0,1,5,0.1667,40.5886,0.0,2.0582,120,0.5,2.0,1.0
025_RC102,25,RC,6,2,OPTIMAL,21.3921,6,0,0,0,6,0.0,0.0,0.0,21.3921,120,0.5,2.0,1.0
025_RC102,25,RC,6,3,OPTIMAL,32.6284,6,0,0,0,6,0.0,0.0,0.0,32.6284,120,0.5,2.0,1.0
025_RC102,25,RC,6,4,OPTIMAL,53.1306,6,0,0,0,6,0.0,0.0,0.0,53.1306,120,0.5,2.0,1.0
025_RC102,25,RC,6,5,OPTIMAL,11.5219,6,0,0,0,6,0.0,0.0,0.0,11.5219,120,0.5,2.0,1.0
025_RC102,25,RC,6,6,OPTIMAL,21.5393,6,0,0,0,6,0.0,0.0,0.0,21.5393,120,0.5,2.0,1.0
025_RC102,25,RC,6,7,OPTIMAL,23.2054,6,0,0,0,6,0.0,0.0,0.0,23.2054,120,0.5,2.0,1.0
025_RC102,25,RC,6,8,OPTIMAL,38.8431,6,0,0,0,6,0.0,0.0,0.0,38.8431,120,0.5,2.0,1.0
025_RC102,25,RC,6,9,OPTIMAL,21.5188,6,0,0,0,6,0.0,0.0,0.0,21.5188,120,0.5,2.0,1.0
025_RC103,25,RC,2,0,OPTIMAL,0.7276,2,0,0,0,2,0.0,0.0,0.0,0.7276,120,0.5,2.0,1.0
025_RC103,25,RC,2,1,OPTIMAL,16.0992,2,0,0,0,2,0.0,0.0,0.0,16.0992,120,0.5,2.0,1.0
025_RC103,25,RC,2,2,OPTIMAL,0.645,2,0,0,0,2,0.0,0.0,0.0,0.645,120,0.5,2.0,1.0
025_RC103,25,RC,2,3,OPTIMAL,7.8562,2,0,0,0,2,0.0,0.0,0.0,7.8562,120,0.5,2.0,1.0
025_RC103,25,RC,2,4,OPTIMAL,10.2237,2,0,0,0,2,0.0,0.0,0.0,10.2237,120,0.5,2.0,1.0
025_RC103,25,RC,2,5,OPTIMAL,1.892,2,0,0,0,2,0.0,0.0,0.0,1.892,120,0.5,2.0,1.0
025_RC103,25,RC,2,6,OPTIMAL,25.4699,2,0,0,0,2,0.0,0.0,0.0,25.4699,120,0.5,2.0,1.0
025_RC103,25,RC,2,7,OPTIMAL,3.7257,2,0,0,0,2,0.0,0.0,0.0,3.7257,120,0.5,2.0,1.0
025_RC103,25,RC,2,8,OPTIMAL,1.5886,2,0,0,0,2,0.0,0.0,0.0,1.5886,120,0.5,2.0,1.0
025_RC103,25,RC,2,9,OPTIMAL,5.5602,2,0,0,0,2,0.0,0.0,0.0,5.5602,120,0.5,2.0,1.0
025_RC103,25,RC,4,0,OPTIMAL,20.3077,4,0,0,0,4,0.0,0.0,0.0,20.3077,120,0.5,2.0,1.0
025_RC103,25,RC,4,1,OPTIMAL,23.8267,4,0,0,0,4,0.0,0.0,0.0,23.8267,120,0.5,2.0,1.0
025_RC103,25,RC,4,2,OPTIMAL,9.6753,4,0,0,0,4,0.0,0.0,0.0,9.6753,120,0.5,2.0,1.0
025_RC103,25,RC,4,3,OPTIMAL,8.0817,4,0,0,0,4,0.0,0.0,0.0,8.0817,120,0.5,2.0,1.0
025_RC103,25,RC,4,4,OPTIMAL,18.2743,4,0,0,0,4,0.0,0.0,0.0,18.2743,120,0.5,2.0,1.0
025_RC103,25,RC,4,5,OPTIMAL,4.4652,4,0,0,0,4,0.0,0.0,0.0,4.4652,120,0.5,2.0,1.0
025_RC103,25,RC,4,6,OPTIMAL,0.9532,4,0,0,0,4,0.0,0.0,0.0,0.9532,120,0.5,2.0,1.0
025_RC103,25,RC,4,7,OPTIMAL,43.9859,4,0,0,0,4,0.0,0.0,0.0,43.9859,120,0.5,2.0,1.0
025_RC103,25,RC,4,8,OPTIMAL,11.863,4,0,0,0,4,0.0,0.0,0.0,11.863,120,0.5,2.0,1.0
025_RC103,25,RC,4,9,OPTIMAL,33.6927,4,0,0,0,4,0.0,0.0,0.0,33.6927,120,0.5,2.0,1.0
025_RC103,25,RC,6,0,OPTIMAL,11.2435,6,0,0,0,6,0.0,0.0,0.0,11.2435,120,0.5,2.0,1.0
025_RC103,25,RC,6,1,OPTIMAL,42.6468,6,1,0,1,5,0.1667,40.5886,0.0,2.0582,120,0.5,2.0,1.0
025_RC103,25,RC,6,2,OPTIMAL,21.3921,6,0,0,0,6,0.0,0.0,0.0,21.3921,120,0.5,2.0,1.0
025_RC103,25,RC,6,3,OPTIMAL,30.8197,6,0,0,0,6,0.0,0.0,0.0,30.8197,120,0.5,2.0,1.0
025_RC103,25,RC,6,4,OPTIMAL,47.5545,6,0,0,0,6,0.0,0.0,0.0,47.5545,120,0.5,2.0,1.0
025_RC103,25,RC,6,5,OPTIMAL,15.4003,6,0,0,0,6,0.0,0.0,0.0,15.4003,120,0.5,2.0,1.0
025_RC103,25,RC,6,6,OPTIMAL,31.867,6,0,0,0,6,0.0,0.0,0.0,31.867,120,0.5,2.0,1.0
025_RC103,25,RC,6,7,OPTIMAL,21.1052,6,0,0,0,6,0.0,0.0,0.0,21.1052,120,0.5,2.0,1.0
025_RC103,25,RC,6,8,OPTIMAL,36.7725,6,0,0,0,6,0.0,0.0,0.0,36.7725,120,0.5,2.0,1.0
025_RC103,25,RC,6,9,OPTIMAL,29.7963,6,0,0,0,6,0.0,0.0,0.0,29.7963,120,0.5,2.0,1.0
025_RC104,25,RC,2,0,OPTIMAL,1.3818,2,0,0,0,2,0.0,0.0,0.0,1.3818,120,0.5,2.0,1.0
025_RC104,25,RC,2,1,OPTIMAL,43.5775,2,1,0,1,1,0.5,41.3689,0.0,2.2085,120,0.5,2.0,1.0
025_RC104,25,RC,2,2,OPTIMAL,7.9925,2,0,0,0,2,0.0,0.0,0.0,7.9925,120,0.5,2.0,1.0
025_RC104,25,RC,2,3,OPTIMAL,10.2851,2,0,0,0,2,0.0,0.0,0.0,10.2851,120,0.5,2.0,1.0
025_RC104,25,RC,2,4,OPTIMAL,10.0989,2,0,0,0,2,0.0,0.0,0.0,10.0989,120,0.5,2.0,1.0
025_RC104,25,RC,2,5,OPTIMAL,14.0275,2,0,0,0,2,0.0,0.0,0.0,14.0275,120,0.5,2.0,1.0
025_RC104,25,RC,2,6,OPTIMAL,50.0086,2,1,0,1,1,0.5,45.4553,0.0,4.5533,120,0.5,2.0,1.0
025_RC104,25,RC,2,7,OPTIMAL,3.4044,2,0,0,0,2,0.0,0.0,0.0,3.4044,120,0.5,2.0,1.0
025_RC104,25,RC,2,8,OPTIMAL,0.8816,2,0,0,0,2,0.0,0.0,0.0,0.8816,120,0.5,2.0,1.0
025_RC104,25,RC,2,9,OPTIMAL,5.5714,2,0,0,0,2,0.0,0.0,0.0,5.5714,120,0.5,2.0,1.0
025_RC104,25,RC,4,0,OPTIMAL,23.9093,4,0,0,0,4,0.0,0.0,0.0,23.9093,120,0.5,2.0,1.0
025_RC104,25,RC,4,1,OPTIMAL,12.3863,4,0,0,0,4,0.0,0.0,0.0,12.3863,120,0.5,2.0,1.0
025_RC104,25,RC,4,2,OPTIMAL,9.6753,4,0,0,0,4,0.0,0.0,0.0,9.6753,120,0.5,2.0,1.0
025_RC104,25,RC,4,3,OPTIMAL,9.7071,4,0,0,0,4,0.0,0.0,0.0,9.7071,120,0.5,2.0,1.0
025_RC104,25,RC,4,4,OPTIMAL,14.8253,4,0,0,0,4,0.0,0.0,0.0,14.8253,120,0.5,2.0,1.0
025_RC104,25,RC,4,5,OPTIMAL,16.6698,4,0,0,0,4,0.0,0.0,0.0,16.6698,120,0.5,2.0,1.0
025_RC104,25,RC,4,6,OPTIMAL,3.517,4,0,0,0,4,0.0,0.0,0.0,3.517,120,0.5,2.0,1.0
025_RC104,25,RC,4,7,OPTIMAL,69.8696,4,1,0,1,3,0.25,46.66,0.0,23.2095,120,0.5,2.0,1.0
025_RC104,25,RC,4,8,OPTIMAL,10.7607,4,0,0,0,4,0.0,0.0,0.0,10.7607,120,0.5,2.0,1.0
025_RC104,25,RC,4,9,OPTIMAL,56.9361,4,1,0,1,3,0.25,45.5604,0.0,11.3758,120,0.5,2.0,1.0
025_RC104,25,RC,6,0,OPTIMAL,12.1843,6,0,0,0,6,0.0,0.0,0.0,12.1843,120,0.5,2.0,1.0
025_RC104,25,RC,6,1,OPTIMAL,56.0901,6,1,0,1,5,0.1667,31.2439,0.0,24.8462,120,0.5,2.0,1.0
025_RC104,25,RC,6,2,OPTIMAL,31.8401,6,0,0,0,6,0.0,0.0,0.0,31.8401,120,0.5,2.0,1.0
025_RC104,25,RC,6,3,OPTIMAL,62.3866,6,1,0,1,5,0.1667,35.6041,0.0,26.7825,120,0.5,2.0,1.0
025_RC104,25,RC,6,4,OPTIMAL,83.5649,6,1,0,1,5,0.1667,46.3826,0.0,37.1823,120,0.5,2.0,1.0
025_RC104,25,RC,6,5,OPTIMAL,13.9852,6,0,0,0,6,0.0,0.0,0.0,13.9852,120,0.5,2.0,1.0
025_RC104,25,RC,6,6,OPTIMAL,55.3291,6,1,0,1,5,0.1667,35.3123,0.0,20.0168,120,0.5,2.0,1.0
025_RC104,25,RC,6,7,OPTIMAL,25.6403,6,0,0,0,6,0.0,0.0,0.0,25.6403,120,0.5,2.0,1.0
025_RC104,25,RC,6,8,OPTIMAL,37.1584,6,0,0,0,6,0.0,0.0,0.0,37.1584,120,0.5,2.0,1.0
025_RC104,25,RC,6,9,OPTIMAL,31.0869,6,0,0,0,6,0.0,0.0,0.0,31.0869,120,0.5,2.0,1.0
025_RC105,25,RC,2,0,OPTIMAL,0.407,2,0,0,0,2,0.0,0.0,0.0,0.407,120,0.5,2.0,1.0
025_RC105,25,RC,2,1,OPTIMAL,3.3178,2,0,0,0,2,0.0,0.0,0.0,3.3178,120,0.5,2.0,1.0
025_RC105,25,RC,2,2,OPTIMAL,0.6141,2,0,0,0,2,0.0,0.0,0.0,0.6141,120,0.5,2.0,1.0
025_RC105,25,RC,2,3,OPTIMAL,7.3252,2,0,0,0,2,0.0,0.0,0.0,7.3252,120,0.5,2.0,1.0
025_RC105,25,RC,2,4,OPTIMAL,18.5485,2,0,0,0,2,0.0,0.0,0.0,18.5485,120,0.5,2.0,1.0
025_RC105,25,RC,2,5,OPTIMAL,1.892,2,0,0,0,2,0.0,0.0,0.0,1.892,120,0.5,2.0,1.0
025_RC105,25,RC,2,6,OPTIMAL,30.6603,2,0,0,0,2,0.0,0.0,0.0,30.6603,120,0.5,2.0,1.0
025_RC105,25,RC,2,7,OPTIMAL,3.7257,2,0,0,0,2,0.0,0.0,0.0,3.7257,120,0.5,2.0,1.0
025_RC105,25,RC,2,8,OPTIMAL,0.318,2,0,0,0,2,0.0,0.0,0.0,0.318,120,0.5,2.0,1.0
025_RC105,25,RC,2,9,OPTIMAL,18.5568,2,0,0,0,2,0.0,0.0,0.0,18.5568,120,0.5,2.0,1.0
025_RC105,25,RC,4,0,OPTIMAL,21.9153,4,0,0,0,4,0.0,0.0,0.0,21.9153,120,0.5,2.0,1.0
025_RC105,25,RC,4,1,OPTIMAL,14.7237,4,0,0,0,4,0.0,0.0,0.0,14.7237,120,0.5,2.0,1.0
025_RC105,25,RC,4,2,OPTIMAL,9.8851,4,0,0,0,4,0.0,0.0,0.0,9.8851,120,0.5,2.0,1.0
025_RC105,25,RC,4,3,OPTIMAL,8.2631,4,0,0,0,4,0.0,0.0,0.0,8.2631,120,0.5,2.0,1.0
025_RC105,25,RC,4,4,OPTIMAL,14.9553,4,0,0,0,4,0.0,0.0,0.0,14.9553,120,0.5,2.0,1.0
025_RC105,25,RC,4,5,OPTIMAL,5.2126,4,0,0,0,4,0.0,0.0,0.0,5.2126,120,0.5,2.0,1.0
025_RC105,25,RC,4,6,OPTIMAL,2.6269,4,0,0,0,4,0.0,0.0,0.0,2.6269,120,0.5,2.0,1.0
025_RC105,25,RC,4,7,OPTIMAL,35.3883,4,0,0,0,4,0.0,0.0,0.0,35.3883,120,0.5,2.0,1.0
025_RC105,25,RC,4,8,OPTIMAL,9.8671,4,0,0,0,4,0.0,0.0,0.0,9.8671,120,0.5,2.0,1.0
025_RC105,25,RC,4,9,OPTIMAL,20.8422,4,0,0,0,4,0.0,0.0,0.0,20.8422,120,0.5,2.0,1.0
025_RC105,25,RC,6,0,OPTIMAL,25.4236,6,0,0,0,6,0.0,0.0,0.0,25.4236,120,0.5,2.0,1.0
025_RC105,25,RC,6,1,OPTIMAL,9.9317,6,0,0,0,6,0.0,0.0,0.0,9.9317,120,0.5,2.0,1.0
025_RC105,25,RC,6,2,OPTIMAL,14.4138,6,0,0,0,6,0.0,0.0,0.0,14.4138,120,0.5,2.0,1.0
025_RC105,25,RC,6,3,OPTIMAL,35.2544,6,0,0,0,6,0.0,0.0,0.0,35.2544,120,0.5,2.0,1.0
025_RC105,25,RC,6,4,OPTIMAL,58.1823,6,0,0,0,6,0.0,0.0,0.0,58.1823,120,0.5,2.0,1.0
025_RC105,25,RC,6,5,OPTIMAL,20.7707,6,0,0,0,6,0.0,0.0,0.0,20.7707,120,0.5,2.0,1.0
025_RC105,25,RC,6,6,OPTIMAL,15.3592,6,0,0,0,6,0.0,0.0,0.0,15.3592,120,0.5,2.0,1.0
025_RC105,25,RC,6,7,OPTIMAL,31.4305,6,0,0,0,6,0.0,0.0,0.0,31.4305,120,0.5,2.0,1.0
025_RC105,25,RC,6,8,OPTIMAL,34.0292,6,0,0,0,6,0.0,0.0,0.0,34.0292,120,0.5,2.0,1.0
025_RC105,25,RC,6,9,OPTIMAL,38.0907,6,0,0,0,6,0.0,0.0,0.0,38.0907,120,0.5,2.0,1.0
025_RC106,25,RC,2,0,OPTIMAL,0.9628,2,0,0,0,2,0.0,0.0,0.0,0.9628,120,0.5,2.0,1.0
025_RC106,25,RC,2,1,OPTIMAL,1.3631,2,0,0,0,2,0.0,0.0,0.0,1.3631,120,0.5,2.0,1.0
025_RC106,25,RC,2,2,OPTIMAL,0.6825,2,0,0,0,2,0.0,0.0,0.0,0.6825,120,0.5,2.0,1.0
025_RC106,25,RC,2,3,OPTIMAL,7.311,2,0,0,0,2,0.0,0.0,0.0,7.311,120,0.5,2.0,1.0
025_RC106,25,RC,2,4,OPTIMAL,18.5505,2,0,0,0,2,0.0,0.0,0.0,18.5505,120,0.5,2.0,1.0
025_RC106,25,RC,2,5,OPTIMAL,1.892,2,0,0,0,2,0.0,0.0,0.0,1.892,120,0.5,2.0,1.0
025_RC106,25,RC,2,6,OPTIMAL,12.001,2,0,0,0,2,0.0,0.0,0.0,12.001,120,0.5,2.0,1.0
025_RC106,25,RC,2,7,OPTIMAL,5.3562,2,0,0,0,2,0.0,0.0,0.0,5.3562,120,0.5,2.0,1.0
025_RC106,25,RC,2,8,OPTIMAL,0.4544,2,0,0,0,2,0.0,0.0,0.0,0.4544,120,0.5,2.0,1.0
025_RC106,25,RC,2,9,OPTIMAL,12.0134,2,0,0,0,2,0.0,0.0,0.0,12.0134,120,0.5,2.0,1.0
025_RC106,25,RC,4,0,OPTIMAL,13.4849,4,0,0,0,4,0.0,0.0,0.0,13.4849,120,0.5,2.0,1.0
025_RC106,25,RC,4,1,OPTIMAL,41.8332,4,0,0,0,4,0.0,0.0,0.0,41.8332,120,0.5,2.0,1.0
025_RC106,25,RC,4,2,OPTIMAL,3.0888,4,0,0,0,4,0.0,0.0,0.0,3.0888,120,0.5,2.0,1.0
025_RC106,25,RC,4,3,OPTIMAL,10.8136,4,0,0,0,4,0.0,0.0,0.0,10.8136,120,0.5,2.0,1.0
025_RC106,25,RC,4,4,OPTIMAL,31.1292,4,0,0,0,4,0.0,0.0,0.0,31.1292,120,0.5,2.0,1.0
025_RC106,25,RC,4,5,OPTIMAL,13.4775,4,0,0,0,4,0.0,0.0,0.0,13.4775,120,0.5,2.0,1.0
025_RC106,25,RC,4,6,OPTIMAL,1.526,4,0,0,0,4,0.0,0.0,0.0,1.526,120,0.5,2.0,1.0
025_RC106,25,RC,4,7,OPTIMAL,19.9645,4,0,0,0,4,0.0,0.0,0.0,19.9645,120,0.5,2.0,1.0
025_RC106,25,RC,4,8,OPTIMAL,26.6128,4,0,0,0,4,0.0,0.0,0.0,26.6128,120,0.5,2.0,1.0
025_RC106,25,RC,4,9,OPTIMAL,46.5727,4,0,0,0,4,0.0,0.0,0.0,46.5727,120,0.5,2.0,1.0
025_RC106,25,RC,6,0,OPTIMAL,18.4522,6,0,0,0,6,0.0,0.0,0.0,18.4522,120,0.5,2.0,1.0
025_RC106,25,RC,6,1,OPTIMAL,8.4877,6,0,0,0,6,0.0,0.0,0.0,8.4877,120,0.5,2.0,1.0
025_RC106,25,RC,6,2,OPTIMAL,26.2718,6,0,0,0,6,0.0,0.0,0.0,26.2718,120,0.5,2.0,1.0
025_RC106,25,RC,6,3,OPTIMAL,19.0667,6,0,0,0,6,0.0,0.0,0.0,19.0667,120,0.5,2.0,1.0
025_RC106,25,RC,6,4,OPTIMAL,66.7681,6,0,0,0,6,0.0,0.0,0.0,66.7681,120,0.5,2.0,1.0
025_RC106,25,RC,6,5,OPTIMAL,21.9647,6,0,0,0,6,0.0,0.0,0.0,21.9647,120,0.5,2.0,1.0
025_RC106,25,RC,6,6,OPTIMAL,19.949,6,0,0,0,6,0.0,0.0,0.0,19.949,120,0.5,2.0,1.0
025_RC106,25,RC,6,7,OPTIMAL,23.9322,6,0,0,0,6,0.0,0.0,0.0,23.9322,120,0.5,2.0,1.0
025_RC106,25,RC,6,8,OPTIMAL,31.7296,6,0,0,0,6,0.0,0.0,0.0,31.7296,120,0.5,2.0,1.0
025_RC106,25,RC,6,9,OPTIMAL,21.3983,6,0,0,0,6,0.0,0.0,0.0,21.3983,120,0.5,2.0,1.0
025_RC107,25,RC,2,0,OPTIMAL,6.5006,2,0,0,0,2,0.0,0.0,0.0,6.5006,120,0.5,2.0,1.0
025_RC107,25,RC,2,1,OPTIMAL,0.1217,2,0,0,0,2,0.0,0.0,0.0,0.1217,120,0.5,2.0,1.0
025_RC107,25,RC,2,2,OPTIMAL,37.4589,2,1,0,1,1,0.5,37.3839,0.0,0.075,120,0.5,2.0,1.0
025_RC107,25,RC,2,3,OPTIMAL,41.841,2,1,0,1,1,0.5,41.4923,0.0,0.3487,120,0.5,2.0,1.0
025_RC107,25,RC,2,4,OPTIMAL,18.5505,2,0,0,0,2,0.0,0.0,0.0,18.5505,120,0.5,2.0,1.0
025_RC107,25,RC,2,5,OPTIMAL,42.4708,2,1,0,1,1,0.5,39.9247,0.0,2.5461,120,0.5,2.0,1.0
025_RC107,25,RC,2,6,OPTIMAL,5.8019,2,0,0,0,2,0.0,0.0,0.0,5.8019,120,0.5,2.0,1.0
025_RC107,25,RC,2,7,OPTIMAL,0.5254,2,0,0,0,2,0.0,0.0,0.0,0.5254,120,0.5,2.0,1.0
025_RC107,25,RC,2,8,OPTIMAL,0.8934,2,0,0,0,2,0.0,0.0,0.0,0.8934,120,0.5,2.0,1.0
025_RC107,25,RC,2,9,OPTIMAL,18.5456,2,0,0,0,2,0.0,0.0,0.0,18.5456,120,0.5,2.0,1.0
025_RC107,25,RC,4,0,OPTIMAL,40.342,4,1,0,1,3,0.25,34.5667,0.0,5.7753,120,0.5,2.0,1.0
025_RC107,25,RC,4,1,OPTIMAL,31.5584,4,0,0,0,4,0.0,0.0,0.0,31.5584,120,0.5,2.0,1.0
025_RC107,25,RC,4,2,OPTIMAL,0.9685,4,0,0,0,4,0.0,0.0,0.0,0.9685,120,0.5,2.0,1.0
025_RC107,25,RC,4,3,OPTIMAL,45.9854,4,1,0,1,3,0.25,40.7303,0.0,5.2551,120,0.5,2.0,1.0
025_RC107,25,RC,4,4,OPTIMAL,24.3754,4,0,0,0,4,0.0,0.0,0.0,24.3754,120,0.5,2.0,1.0
025_RC107,25,RC,4,5,OPTIMAL,20.9033,4,0,0,0,4,0.0,0.0,0.0,20.9033,120,0.5,2.0,1.0
025_RC107,25,RC,4,6,OPTIMAL,30.7061,4,0,0,0,4,0.0,0.0,0.0,30.7061,120,0.5,2.0,1.0
025_RC107,25,RC,4,7,OPTIMAL,38.5756,4,0,0,0,4,0.0,0.0,0.0,38.5756,120,0.5,2.0,1.0
025_RC107,25,RC,4,8,OPTIMAL,26.5695,4,0,0,0,4,0.0,0.0,0.0,26.5695,120,0.5,2.0,1.0
025_RC107,25,RC,4,9,OPTIMAL,29.4268,4,0,0,0,4,0.0,0.0,0.0,29.4268,120,0.5,2.0,1.0
025_RC107,25,RC,6,0,OPTIMAL,19.4482,6,0,0,0,6,0.0,0.0,0.0,19.4482,120,0.5,2.0,1.0
025_RC107,25,RC,6,1,OPTIMAL,108.9639,6,3,0,3,3,0.5,96.6041,0.0,12.3598,120,0.5,2.0,1.0
025_RC107,25,RC,6,2,OPTIMAL,91.1799,6,1,0,1,5,0.1667,42.9126,0.0,48.2673,120,0.5,2.0,1.0
025_RC107,25,RC,6,3,OPTIMAL,14.8635,6,0,0,0,6,0.0,0.0,0.0,14.8635,120,0.5,2.0,1.0
025_RC107,25,RC,6,4,OPTIMAL,113.579,6,2,0,2,4,0.3333,80.3224,0.0,33.2566,120,0.5,2.0,1.0
025_RC107,25,RC,6,5,OPTIMAL,8.2996,6,0,0,0,6,0.0,0.0,0.0,8.2996,120,0.5,2.0,1.0
025_RC107,25,RC,6,6,OPTIMAL,37.7081,6,0,0,0,6,0.0,0.0,0.0,37.7081,120,0.5,2.0,1.0
025_RC107,25,RC,6,7,OPTIMAL,60.1394,6,1,0,1,5,0.1667,40.8796,0.0,19.2599,120,0.5,2.0,1.0
025_RC107,25,RC,6,8,OPTIMAL,75.8677,6,1,0,1,5,0.1667,39.308,0.0,36.5598,120,0.5,2.0,1.0
025_RC107,25,RC,6,9,OPTIMAL,38.0564,6,0,0,0,6,0.0,0.0,0.0,38.0564,120,0.5,2.0,1.0
025_RC108,25,RC,2,0,OPTIMAL,5.5491,2,0,0,0,2,0.0,0.0,0.0,5.5491,120,0.5,2.0,1.0
025_RC108,25,RC,2,1,OPTIMAL,0.6093,2,0,0,0,2,0.0,0.0,0.0,0.6093,120,0.5,2.0,1.0
025_RC108,25,RC,2,2,OPTIMAL,13.4825,2,0,0,0,2,0.0,0.0,0.0,13.4825,120,0.5,2.0,1.0
025_RC108,25,RC,2,3,OPTIMAL,42.5259,2,1,1,0,1,0.5,41.4923,0.0,1.0337,120,0.5,2.0,1.0
025_RC108,25,RC,2,4,OPTIMAL,37.0989,2,0,0,0,2,0.0,0.0,0.0,37.0989,120,0.5,2.0,1.0
025_RC108,25,RC,2,5,OPTIMAL,42.4708,2,1,0,1,1,0.5,39.9247,0.0,2.5461,120,0.5,2.0,1.0
025_RC108,25,RC,2,6,OPTIMAL,43.3463,2,0,0,0,2,0.0,0.0,0.0,43.3463,120,0.5,2.0,1.0
025_RC108,25,RC,2,7,OPTIMAL,36.0935,2,1,1,0,1,0.5,32.9517,0.0,3.1418,120,0.5,2.0,1.0
025_RC108,25,RC,2,8,OPTIMAL,0.6163,2,0,0,0,2,0.0,0.0,0.0,0.6163,120,0.5,2.0,1.0
025_RC108,25,RC,2,9,OPTIMAL,37.0966,2,0,0,0,2,0.0,0.0,0.0,37.0966,120,0.5,2.0,1.0
025_RC108,25,RC,4,0,OPTIMAL,71.7581,4,1,0,1,3,0.25,34.5667,0.0,37.1914,120,0.5,2.0,1.0
025_RC108,25,RC,4,1,OPTIMAL,57.7605,4,1,1,0,3,0.25,42.8963,0.0,14.8642,120,0.5,2.0,1.0
025_RC108,25,RC,4,2,OPTIMAL,36.8963,4,1,0,1,3,0.25,32.5418,0.0,4.3544,120,0.5,2.0,1.0
025_RC108,25,RC,4,3,OPTIMAL,49.5349,4,1,1,0,3,0.25,40.7303,0.0,8.8046,120,0.5,2.0,1.0
025_RC108,25,RC,4,4,OPTIMAL,54.8285,4,1,1,0,3,0.25,40.5594,0.0,14.2692,120,0.5,2.0,1.0
025_RC108,25,RC,4,5,OPTIMAL,22.374,4,0,0,0,4,0.0,0.0,0.0,22.374,120,0.5,2.0,1.0
025_RC108,25,RC,4,6,OPTIMAL,15.2787,4,0,0,0,4,0.0,0.0,0.0,15.2787,120,0.5,2.0,1.0
025_RC108,25,RC,4,7,OPTIMAL,69.6775,4,1,0,1,3,0.25,48.0162,0.0,21.6613,120,0.5,2.0,1.0
025_RC108,25,RC,4,8,OPTIMAL,43.4475,4,1,0,1,3,0.25,38.6957,0.0,4.7518,120,0.5,2.0,1.0
025_RC108,25,RC,4,9,OPTIMAL,66.4985,4,0,0,0,4,0.0,0.0,0.0,66.4985,120,0.5,2.0,1.0
025_RC108,25,RC,6,0,OPTIMAL,42.7324,6,0,0,0,6,0.0,0.0,0.0,42.7324,120,0.5,2.0,1.0
025_RC108,25,RC,6,1,OPTIMAL,82.9972,6,2,1,1,4,0.3333,61.6036,0.0,21.3936,120,0.5,2.0,1.0
025_RC108,25,RC,6,2,OPTIMAL,45.5383,6,0,0,0,6,0.0,0.0,0.0,45.5383,120,0.5,2.0,1.0
025_RC108,25,RC,6,3,OPTIMAL,53.0939,6,1,0,1,5,0.1667,37.3213,0.0,15.7727,120,0.5,2.0,1.0
025_RC108,25,RC,6,4,OPTIMAL,156.6819,6,2,2,0,4,0.3333,73.1788,0.0,83.5031,120,0.5,2.0,1.0
025_RC108,25,RC,6,5,OPTIMAL,26.4508,6,0,0,0,6,0.0,0.0,0.0,26.4508,120,0.5,2.0,1.0
025_RC108,25,RC,6,6,OPTIMAL,29.5935,6,0,0,0,6,0.0,0.0,0.0,29.5935,120,0.5,2.0,1.0
025_RC108,25,RC,6,7,OPTIMAL,67.6135,6,1,0,1,5,0.1667,44.0508,0.0,23.5627,120,0.5,2.0,1.0
025_RC108,25,RC,6,8,OPTIMAL,108.5661,6,2,1,1,4,0.3333,81.2905,0.0,27.2756,120,0.5,2.0,1.0
025_RC108,25,RC,6,9,OPTIMAL,68.2659,6,1,1,0,5,0.1667,34.9567,0.0,33.3092,120,0.5,2.0,1.0
025_RC201,25,RC,2,0,OPTIMAL,29.6361,2,0,0,0,2,0.0,0.0,0.0,29.6361,120,0.5,2.0,1.0
025_RC201,25,RC,2,1,OPTIMAL,14.0882,2,0,0,0,2,0.0,0.0,0.0,14.0882,120,0.5,2.0,1.0
025_RC201,25,RC,2,2,OPTIMAL,70.8141,2,2,1,1,0,1.0,70.8141,0.0,0.0,120,0.5,2.0,1.0
025_RC201,25,RC,2,3,OPTIMAL,78.7556,2,2,2,0,0,1.0,78.7556,0.0,0.0,120,0.5,2.0,1.0
025_RC201,25,RC,2,4,OPTIMAL,77.8879,2,2,0,2,0,1.0,77.8879,0.0,0.0,120,0.5,2.0,1.0
025_RC201,25,RC,2,5,OPTIMAL,41.6702,2,1,0,1,1,0.5,39.9247,0.0,1.7455,120,0.5,2.0,1.0
025_RC201,25,RC,2,6,OPTIMAL,81.2696,2,2,2,0,0,1.0,81.2696,0.0,0.0,120,0.5,2.0,1.0
025_RC201,25,RC,2,7,OPTIMAL,35.5341,2,1,1,0,1,0.5,32.9517,0.0,2.5824,120,0.5,2.0,1.0
025_RC201,25,RC,2,8,OPTIMAL,1.2635,2,0,0,0,2,0.0,0.0,0.0,1.2635,120,0.5,2.0,1.0
025_RC201,25,RC,2,9,OPTIMAL,53.7712,2,1,0,1,1,0.5,44.2956,0.0,9.4756,120,0.5,2.0,1.0
025_RC201,25,RC,4,0,OPTIMAL,63.6598,4,1,0,1,3,0.25,38.9723,0.0,24.6875,120,0.5,2.0,1.0
025_RC201,25,RC,4,1,OPTIMAL,92.9771,4,1,1,0,3,0.25,42.8963,0.0,50.0808,120,0.5,2.0,1.0
025_RC201,25,RC,4,2,OPTIMAL,76.7822,4,2,1,1,2,0.5,66.3052,0.0,10.4771,120,0.5,2.0,1.0
025_RC201,25,RC,4,3,OPTIMAL,79.6636,4,2,2,0,2,0.5,76.2381,0.0,3.4255,120,0.5,2.0,1.0
025_RC201,25,RC,4,4,OPTIMAL,89.452,4,2,2,0,2,0.5,77.1894,0.0,12.2625,120,0.5,2.0,1.0
025_RC201,25,RC,4,5,OPTIMAL,78.9085,4,2,1,1,2,0.5,69.8327,0.0,9.0758,120,0.5,2.0,1.0
025_RC201,25,RC,4,6,OPTIMAL,62.2054,4,1,1,0,3,0.25,35.6603,0.0,26.5451,120,0.5,2.0,1.0
025_RC201,25,RC,4,7,OPTIMAL,82.9106,4,1,1,0,3,0.25,48.0162,0.0,34.8945,120,0.5,2.0,1.0
025_RC201,25,RC,4,8,OPTIMAL,78.7949,4,2,1,1,2,0.5,78.4681,0.0,0.3268,120,0.5,2.0,1.0
025_RC201,25,RC,4,9,OPTIMAL,114.7984,4,2,2,0,2,0.5,92.8734,0.0,21.9251,120,0.5,2.0,1.0
025_RC201,25,RC,6,0,OPTIMAL,127.6947,6,3,2,1,3,0.5,124.218,0.0,3.4767,120,0.5,2.0,1.0
025_RC201,25,RC,6,1,OPTIMAL,136.4643,6,4,2,2,2,0.6667,130.8326,0.0,5.6318,120,0.5,2.0,1.0
025_RC201,25,RC,6,2,OPTIMAL,96.4167,6,2,0,2,4,0.3333,75.6158,0.0,20.8009,120,0.5,2.0,1.0
025_RC201,25,RC,6,3,OPTIMAL,129.5725,6,3,1,2,3,0.5,115.5031,0.0,14.0695,120,0.5,2.0,1.0
025_RC201,25,RC,6,4,OPTIMAL,219.9496,6,5,3,2,1,0.8333,199.5517,0.0,20.3979,120,0.5,2.0,1.0
025_RC201,25,RC,6,5,OPTIMAL,65.2244,6,1,0,1,5,0.1667,37.9602,0.0,27.2643,120,0.5,2.0,1.0
025_RC201,25,RC,6,6,OPTIMAL,117.699,6,2,0,2,4,0.3333,71.0869,0.0,46.6121,120,0.5,2.0,1.0
025_RC201,25,RC,6,7,OPTIMAL,160.9051,6,4,0,4,2,0.6667,154.966,0.0,5.9391,120,0.5,2.0,1.0
025_RC201,25,RC,6,8,OPTIMAL,110.382,6,2,1,1,4,0.3333,81.2905,0.0,29.0915,120,0.5,2.0,1.0
025_RC201,25,RC,6,9,OPTIMAL,151.5625,6,3,2,1,3,0.5,109.7464,0.0,41.816,120,0.5,2.0,1.0
025_RC202,25,RC,2,0,OPTIMAL,32.9932,2,1,0,1,1,0.5,32.6318,0.0,0.3615,120,0.5,2.0,1.0
025_RC202,25,RC,2,1,OPTIMAL,15.0929,2,0,0,0,2,0.0,0.0,0.0,15.0929,120,0.5,2.0,1.0
025_RC202,25,RC,2,2,OPTIMAL,70.8141,2,2,1,1,0,1.0,70.8141,0.0,0.0,120,0.5,2.0,1.0
025_RC202,25,RC,2,3,OPTIMAL,78.7556,2,2,2,0,0,1.0,78.7556,0.0,0.0,120,0.5,2.0,1.0
025_RC202,25,RC,2,4,OPTIMAL,20.8789,2,0,0,0,2,0.0,0.0,0.0,20.8789,120,0.5,2.0,1.0
025_RC202,25,RC,2,5,OPTIMAL,72.2287,2,2,0,2,0,1.0,72.2287,0.0,0.0,120,0.5,2.0,1.0
025_RC202,25,RC,2,6,OPTIMAL,81.2696,2,2,2,0,0,1.0,81.2696,0.0,0.0,120,0.5,2.0,1.0
025_RC202,25,RC,2,7,OPTIMAL,65.8031,2,2,1,1,0,1.0,65.8031,0.0,0.0,120,0.5,2.0,1.0
025_RC202,25,RC,2,8,OPTIMAL,32.0789,2,0,0,0,2,0.0,0.0,0.0,32.0789,120,0.5,2.0,1.0
025_RC202,25,RC,2,9,OPTIMAL,38.0953,2,0,0,0,2,0.0,0.0,0.0,38.0953,120,0.5,2.0,1.0
025_RC202,25,RC,4,0,OPTIMAL,152.2858,4,4,0,4,0,1.0,152.2858,0.0,0.0,120,0.5,2.0,1.0
025_RC202,25,RC,4,1,OPTIMAL,155.2647,4,3,1,2,1,0.75,121.7211,0.0,33.5437,120,0.5,2.0,1.0
025_RC202,25,RC,4,2,OPTIMAL,105.5476,4,3,1,2,1,0.75,104.3422,0.0,1.2054,120,0.5,2.0,1.0
025_RC202,25,RC,4,3,OPTIMAL,105.4378,4,2,2,0,2,0.5,76.2381,0.0,29.1997,120,0.5,2.0,1.0
025_RC202,25,RC,4,4,OPTIMAL,142.382,4,4,2,2,0,1.0,142.382,0.0,0.0,120,0.5,2.0,1.0
025_RC202,25,RC,4,5,OPTIMAL,73.0837,4,2,1,1,2,0.5,69.8327,0.0,3.251,120,0.5,2.0,1.0
025_RC202,25,RC,4,6,OPTIMAL,106.6439,4,3,2,1,1,0.75,105.2864,0.0,1.3575,120,0.5,2.0,1.0
025_RC202,25,RC,4,7,OPTIMAL,82.9106,4,1,1,0,3,0.25,48.0162,0.0,34.8945,120,0.5,2.0,1.0
025_RC202,25,RC,4,8,OPTIMAL,82.6868,4,2,1,1,2,0.5,78.4681,0.0,4.2187,120,0.5,2.0,1.0
025_RC202,25,RC,4,9,OPTIMAL,106.4965,4,2,2,0,2,0.5,85.1475,0.0,21.349,120,0.5,2.0,1.0
025_RC202,25,RC,6,0,OPTIMAL,127.8758,6,3,2,1,3,0.5,124.218,0.0,3.6577,120,0.5,2.0,1.0
025_RC202,25,RC,6,1,OPTIMAL,171.4215,6,5,3,2,1,0.8333,171.4212,0.0,0.0003,120,0.5,2.0,1.0
025_RC202,25,RC,6,2,OPTIMAL,151.9565,6,4,0,4,2,0.6667,149.336,0.0,2.6206,120,0.5,2.0,1.0
025_RC202,25,RC,6,3,OPTIMAL,131.3082,6,3,1,2,3,0.5,115.5031,0.0,15.8051,120,0.5,2.0,1.0
025_RC202,25,RC,6,4,OPTIMAL,244.5046,6,6,3,3,0,1.0,244.5046,0.0,0.0,120,0.5,2.0,1.0
025_RC202,25,RC,6,5,OPTIMAL,86.4086,6,2,1,1,4,0.3333,70.7885,0.0,15.6201,120,0.5,2.0,1.0
025_RC202,25,RC,6,6,OPTIMAL,160.5566,6,4,3,1,2,0.6667,145.7814,0.0,14.7753,120,0.5,2.0,1.0
025_RC202,25,RC,6,7,OPTIMAL,118.0974,6,2,0,2,4,0.3333,84.9304,0.0,33.167,120,0.5,2.0,1.0
025_RC202,25,RC,6,8,OPTIMAL,123.4739,6,2,1,1,4,0.3333,73.0754,0.0,50.3986,120,0.5,2.0,1.0
025_RC202,25,RC,6,9,OPTIMAL,173.4459,6,4,2,2,2,0.6667,150.1656,0.0,23.2803,120,0.5,2.0,1.0
025_RC203,25,RC,2,0,OPTIMAL,32.9932,2,1,0,1,1,0.5,32.6318,0.0,0.3615,120,0.5,2.0,1.0
025_RC203,25,RC,2,1,OPTIMAL,43.5775,2,1,1,0,1,0.5,41.3689,0.0,2.2085,120,0.5,2.0,1.0
025_RC203,25,RC,2,2,OPTIMAL,70.8141,2,2,1,1,0,1.0,70.8141,0.0,0.0,120,0.5,2.0,1.0
025_RC203,25,RC,2,3,OPTIMAL,78.7556,2,2,2,0,0,1.0,78.7556,0.0,0.0,120,0.5,2.0,1.0
025_RC203,25,RC,2,4,OPTIMAL,44.0271,2,1,0,1,1,0.5,44.0268,0.0,0.0003,120,0.5,2.0,1.0
025_RC203,25,RC,2,5,OPTIMAL,41.6702,2,1,0,1,1,0.5,39.9247,0.0,1.7455,120,0.5,2.0,1.0
025_RC203,25,RC,2,6,OPTIMAL,81.2696,2,2,2,0,0,1.0,81.2696,0.0,0.0,120,0.5,2.0,1.0
025_RC203,25,RC,2,7,OPTIMAL,35.5341,2,1,1,0,1,0.5,32.9517,0.0,2.5824,120,0.5,2.0,1.0
025_RC203,25,RC,2,8,OPTIMAL,71.3349,2,2,2,0,0,1.0,71.3349,0.0,0.0,120,0.5,2.0,1.0
025_RC203,25,RC,2,9,OPTIMAL,44.3068,2,1,0,1,1,0.5,44.2956,0.0,0.0112,120,0.5,2.0,1.0
025_RC203,25,RC,4,0,OPTIMAL,63.6598,4,1,0,1,3,0.25,38.9723,0.0,24.6875,120,0.5,2.0,1.0
025_RC203,25,RC,4,1,OPTIMAL,131.3921,4,3,1,2,1,0.75,121.7211,0.0,9.6711,120,0.5,2.0,1.0
025_RC203,25,RC,4,2,OPTIMAL,81.0732,4,2,1,1,2,0.5,66.3052,0.0,14.768,120,0.5,2.0,1.0
025_RC203,25,RC,4,3,OPTIMAL,118.2576,4,3,3,0,1,0.75,114.9406,0.0,3.317,120,0.5,2.0,1.0
025_RC203,25,RC,4,4,OPTIMAL,113.046,4,3,2,1,1,0.75,110.3858,0.0,2.6602,120,0.5,2.0,1.0
025_RC203,25,RC,4,5,OPTIMAL,77.6508,4,2,2,0,2,0.5,69.8327,0.0,7.8181,120,0.5,2.0,1.0
025_RC203,25,RC,4,6,OPTIMAL,74.0997,4,2,2,0,2,0.5,73.183,0.0,0.9167,120,0.5,2.0,1.0
025_RC203,25,RC,4,7,OPTIMAL,154.776,4,3,3,0,1,0.75,139.7046,0.0,15.0714,120,0.5,2.0,1.0
025_RC203,25,RC,4,8,OPTIMAL,120.2165,4,3,2,1,1,0.75,119.8907,0.0,0.3258,120,0.5,2.0,1.0
025_RC203,25,RC,4,9,OPTIMAL,115.2784,4,2,2,0,2,0.5,85.1475,0.0,30.1309,120,0.5,2.0,1.0
025_RC203,25,RC,6,0,OPTIMAL,163.1811,6,4,4,0,2,0.6667,159.8003,0.0,3.3808,120,0.5,2.0,1.0
025_RC203,25,RC,6,1,OPTIMAL,171.4215,6,5,4,1,1,0.8333,171.4212,0.0,0.0003,120,0.5,2.0,1.0
025_RC203,25,RC,6,2,OPTIMAL,126.8356,6,3,0,3,3,0.5,112.8548,0.0,13.9807,120,0.5,2.0,1.0
025_RC203,25,RC,6,3,OPTIMAL,158.6936,6,4,2,2,2,0.6667,151.1072,0.0,7.5864,120,0.5,2.0,1.0
025_RC203,25,RC,6,4,OPTIMAL,219.9496,6,5,4,1,1,0.8333,199.5517,0.0,20.3979,120,0.5,2.0,1.0
025_RC203,25,RC,6,5,OPTIMAL,141.8518,6,3,1,2,3,0.5,104.8295,0.0,37.0223,120,0.5,2.0,1.0
025_RC203,25,RC,6,6,OPTIMAL,194.4769,6,5,3,2,1,0.8333,181.0936,0.0,13.3833,120,0.5,2.0,1.0
025_RC203,25,RC,6,7,OPTIMAL,99.6443,6,2,0,2,4,0.3333,84.9304,0.0,14.7139,120,0.5,2.0,1.0
025_RC203,25,RC,6,8,OPTIMAL,146.2504,6,3,3,0,3,0.5,119.2295,0.0,27.0209,120,0.5,2.0,1.0
025_RC203,25,RC,6,9,OPTIMAL,155.4043,6,3,2,1,3,0.5,109.7464,0.0,45.6579,120,0.5,2.0,1.0
025_RC204,25,RC,2,0,OPTIMAL,68.7093,2,2,0,2,0,1.0,68.7093,0.0,0.0,120,0.5,2.0,1.0
025_RC204,25,RC,2,1,OPTIMAL,43.5775,2,1,1,0,1,0.5,41.3689,0.0,2.2085,120,0.5,2.0,1.0
025_RC204,25,RC,2,2,OPTIMAL,70.8141,2,2,2,0,0,1.0,70.8141,0.0,0.0,120,0.5,2.0,1.0
025_RC204,25,RC,2,3,OPTIMAL,78.7556,2,2,2,0,0,1.0,78.7556,0.0,0.0,120,0.5,2.0,1.0
025_RC204,25,RC,2,4,OPTIMAL,44.3097,2,1,0,1,1,0.5,44.0268,0.0,0.2829,120,0.5,2.0,1.0
025_RC204,25,RC,2,5,OPTIMAL,41.6702,2,1,0,1,1,0.5,39.9247,0.0,1.7455,120,0.5,2.0,1.0
025_RC204,25,RC,2,6,OPTIMAL,81.2696,2,2,2,0,0,1.0,81.2696,0.0,0.0,120,0.5,2.0,1.0
025_RC204,25,RC,2,7,OPTIMAL,65.8031,2,2,1,1,0,1.0,65.8031,0.0,0.0,120,0.5,2.0,1.0
025_RC204,25,RC,2,8,OPTIMAL,71.3349,2,2,2,0,0,1.0,71.3349,0.0,0.0,120,0.5,2.0,1.0
025_RC204,25,RC,2,9,OPTIMAL,48.5459,2,1,0,1,1,0.5,44.2956,0.0,4.2502,120,0.5,2.0,1.0
025_RC204,25,RC,4,0,OPTIMAL,87.7423,4,2,1,1,2,0.5,84.7502,0.0,2.9921,120,0.5,2.0,1.0
025_RC204,25,RC,4,1,OPTIMAL,156.1975,4,4,2,2,0,1.0,156.1975,0.0,0.0,120,0.5,2.0,1.0
025_RC204,25,RC,4,2,OPTIMAL,109.8386,4,3,1,2,1,0.75,104.3422,0.0,5.4964,120,0.5,2.0,1.0
025_RC204,25,RC,4,3,OPTIMAL,144.7917,4,4,3,1,0,1.0,144.7917,0.0,0.0,120,0.5,2.0,1.0
025_RC204,25,RC,4,4,OPTIMAL,142.382,4,4,2,2,0,1.0,142.382,0.0,0.0,120,0.5,2.0,1.0
025_RC204,25,RC,4,5,OPTIMAL,81.8053,4,2,2,0,2,0.5,69.8327,0.0,11.9726,120,0.5,2.0,1.0
025_RC204,25,RC,4,6,OPTIMAL,74.0997,4,2,2,0,2,0.5,73.183,0.0,0.9167,120,0.5,2.0,1.0
025_RC204,25,RC,4,7,OPTIMAL,182.0757,4,4,4,0,0,1.0,182.0757,0.0,0.0,120,0.5,2.0,1.0
025_RC204,25,RC,4,8,OPTIMAL,120.2165,4,3,2,1,1,0.75,119.8907,0.0,0.3258,120,0.5,2.0,1.0
025_RC204,25,RC,4,9,OPTIMAL,141.0217,4,3,3,0,1,0.75,123.0514,0.0,17.9703,120,0.5,2.0,1.0
025_RC204,25,RC,6,0,OPTIMAL,193.4418,6,5,5,0,1,0.8333,192.7233,0.0,0.7185,120,0.5,2.0,1.0
025_RC204,25,RC,6,1,OPTIMAL,203.8873,6,6,4,2,0,1.0,203.8873,0.0,0.0,120,0.5,2.0,1.0
025_RC204,25,RC,6,2,OPTIMAL,163.4007,6,4,4,0,2,0.6667,149.336,0.0,14.0647,120,0.5,2.0,1.0
025_RC204,25,RC,6,3,OPTIMAL,158.6936,6,4,3,1,2,0.6667,151.1072,0.0,7.5864,120,0.5,2.0,1.0
025_RC204,25,RC,6,4,OPTIMAL,244.5046,6,6,4,2,0,1.0,244.5046,0.0,0.0,120,0.5,2.0,1.0
025_RC204,25,RC,6,5,OPTIMAL,189.2388,6,5,2,3,1,0.8333,189.1658,0.0,0.073,120,0.5,2.0,1.0
025_RC204,25,RC,6,6,OPTIMAL,203.1487,6,5,4,1,1,0.8333,181.0936,0.0,22.0551,120,0.5,2.0,1.0
025_RC204,25,RC,6,7,OPTIMAL,133.3534,6,3,1,2,3,0.5,122.0544,0.0,11.299,120,0.5,2.0,1.0
025_RC204,25,RC,6,8,OPTIMAL,197.9872,6,5,4,1,1,0.8333,197.4976,0.0,0.4896,120,0.5,2.0,1.0
025_RC204,25,RC,6,9,OPTIMAL,201.973,6,5,4,1,1,0.8333,190.528,0.0,11.445,120,0.5,2.0,1.0
025_RC205,25,RC,2,0,OPTIMAL,64.1735,2,1,0,1,1,0.5,36.0775,0.0,28.0959,120,0.5,2.0,1.0
025_RC205,25,RC,2,1,OPTIMAL,13.6962,2,0,0,0,2,0.0,0.0,0.0,13.6962,120,0.5,2.0,1.0
025_RC205,25,RC,2,2,OPTIMAL,37.9943,2,1,0,1,1,0.5,37.3839,0.0,0.6105,120,0.5,2.0,1.0
025_RC205,25,RC,2,3,OPTIMAL,46.1285,2,1,1,0,1,0.5,41.4923,0.0,4.6362,120,0.5,2.0,1.0
025_RC205,25,RC,2,4,OPTIMAL,44.027,2,1,1,0,1,0.5,44.0268,0.0,0.0001,120,0.5,2.0,1.0
025_RC205,25,RC,2,5,OPTIMAL,72.2287,2,2,0,2,0,1.0,72.2287,0.0,0.0,120,0.5,2.0,1.0
025_RC205,25,RC,2,6,OPTIMAL,81.2696,2,2,1,1,0,1.0,81.2696,0.0,0.0,120,0.5,2.0,1.0
025_RC205,25,RC,2,7,OPTIMAL,65.8031,2,2,0,2,0,1.0,65.8031,0.0,0.0,120,0.5,2.0,1.0
025_RC205,25,RC,2,8,OPTIMAL,3.3754,2,0,0,0,2,0.0,0.0,0.0,3.3754,120,0.5,2.0,1.0
025_RC205,25,RC,2,9,OPTIMAL,53.7712,2,1,1,0,1,0.5,44.2956,0.0,9.4756,120,0.5,2.0,1.0
025_RC205,25,RC,4,0,OPTIMAL,152.2858,4,4,0,4,0,1.0,152.2858,0.0,0.0,120,0.5,2.0,1.0
025_RC205,25,RC,4,1,OPTIMAL,156.1975,4,4,1,3,0,1.0,156.1975,0.0,0.0,120,0.5,2.0,1.0
025_RC205,25,RC,4,2,OPTIMAL,73.6596,4,2,1,1,2,0.5,70.5789,0.0,3.0807,120,0.5,2.0,1.0
025_RC205,25,RC,4,3,OPTIMAL,106.1977,4,3,1,2,1,0.75,106.0892,0.0,0.1085,120,0.5,2.0,1.0
025_RC205,25,RC,4,4,OPTIMAL,111.9043,4,3,1,2,1,0.75,105.7519,0.0,6.1525,120,0.5,2.0,1.0
025_RC205,25,RC,4,5,OPTIMAL,78.9085,4,2,1,1,2,0.5,69.8327,0.0,9.0758,120,0.5,2.0,1.0
025_RC205,25,RC,4,6,OPTIMAL,84.3448,4,2,1,1,2,0.5,67.7637,0.0,16.5811,120,0.5,2.0,1.0
025_RC205,25,RC,4,7,OPTIMAL,158.6259,4,3,1,2,1,0.75,135.4156,0.0,23.2102,120,0.5,2.0,1.0
025_RC205,25,RC,4,8,OPTIMAL,79.2372,4,2,1,1,2,0.5,78.4681,0.0,0.7691,120,0.5,2.0,1.0
025_RC205,25,RC,4,9,OPTIMAL,131.8332,4,3,3,0,1,0.75,123.0514,0.0,8.7818,120,0.5,2.0,1.0
025_RC205,25,RC,6,0,OPTIMAL,187.7992,6,5,3,2,1,0.8333,186.8436,0.0,0.9556,120,0.5,2.0,1.0
025_RC205,25,RC,6,1,OPTIMAL,177.4689,6,5,4,1,1,0.8333,171.4212,0.0,6.0477,120,0.5,2.0,1.0
025_RC205,25,RC,6,2,OPTIMAL,128.2296,6,3,0,3,3,0.5,112.8548,0.0,15.3747,120,0.5,2.0,1.0
025_RC205,25,RC,6,3,OPTIMAL,166.4396,6,4,2,2,2,0.6667,151.1072,0.0,15.3325,120,0.5,2.0,1.0
025_RC205,25,RC,6,4,OPTIMAL,244.5046,6,6,4,2,0,1.0,244.5046,0.0,0.0,120,0.5,2.0,1.0
025_RC205,25,RC,6,5,OPTIMAL,129.3017,6,3,1,2,3,0.5,122.2964,0.0,7.0053,120,0.5,2.0,1.0
025_RC205,25,RC,6,6,OPTIMAL,130.1295,6,3,2,1,3,0.5,109.766,0.0,20.3635,120,0.5,2.0,1.0
025_RC205,25,RC,6,7,OPTIMAL,146.1927,6,3,1,2,3,0.5,122.0544,0.0,24.1382,120,0.5,2.0,1.0
025_RC205,25,RC,6,8,OPTIMAL,233.68,6,6,2,4,0,1.0,233.68,0.0,0.0,120,0.5,2.0,1.0
025_RC205,25,RC,6,9,OPTIMAL,166.7739,6,4,3,1,2,0.6667,150.1088,0.0,16.6651,120,0.5,2.0,1.0
025_RC206,25,RC,2,0,OPTIMAL,35.1203,2,0,0,0,2,0.0,0.0,0.0,35.1203,120,0.5,2.0,1.0
025_RC206,25,RC,2,1,OPTIMAL,13.6962,2,0,0,0,2,0.0,0.0,0.0,13.6962,120,0.5,2.0,1.0
025_RC206,25,RC,2,2,OPTIMAL,37.9943,2,1,1,0,1,0.5,37.3839,0.0,0.6105,120,0.5,2.0,1.0
025_RC206,25,RC,2,3,OPTIMAL,46.1285,2,1,1,0,1,0.5,41.4923,0.0,4.6362,120,0.5,2.0,1.0
025_RC206,25,RC,2,4,OPTIMAL,77.8879,2,2,0,2,0,1.0,77.8879,0.0,0.0,120,0.5,2.0,1.0
025_RC206,25,RC,2,5,OPTIMAL,41.6702,2,1,0,1,1,0.5,39.9247,0.0,1.7455,120,0.5,2.0,1.0
025_RC206,25,RC,2,6,OPTIMAL,53.9229,2,1,1,0,1,0.5,45.4553,0.0,8.4676,120,0.5,2.0,1.0
025_RC206,25,RC,2,7,OPTIMAL,35.5341,2,1,1,0,1,0.5,32.9517,0.0,2.5824,120,0.5,2.0,1.0
025_RC206,25,RC,2,8,OPTIMAL,1.1366,2,0,0,0,2,0.0,0.0,0.0,1.1366,120,0.5,2.0,1.0
025_RC206,25,RC,2,9,OPTIMAL,53.7712,2,1,0,1,1,0.5,44.2956,0.0,9.4756,120,0.5,2.0,1.0
025_RC206,25,RC,4,0,OPTIMAL,152.2858,4,4,2,2,0,1.0,152.2858,0.0,0.0,120,0.5,2.0,1.0
025_RC206,25,RC,4,1,OPTIMAL,156.1975,4,4,3,1,0,1.0,156.1975,0.0,0.0,120,0.5,2.0,1.0
025_RC206,25,RC,4,2,OPTIMAL,73.6596,4,2,2,0,2,0.5,70.5789,0.0,3.0807,120,0.5,2.0,1.0
025_RC206,25,RC,4,3,OPTIMAL,78.9226,4,2,2,0,2,0.5,70.5814,0.0,8.3412,120,0.5,2.0,1.0
025_RC206,25,RC,4,4,OPTIMAL,142.382,4,4,1,3,0,1.0,142.382,0.0,0.0,120,0.5,2.0,1.0
025_RC206,25,RC,4,5,OPTIMAL,54.4308,4,1,0,1,3,0.25,34.2335,0.0,20.1972,120,0.5,2.0,1.0
025_RC206,25,RC,4,6,OPTIMAL,73.1542,4,2,0,2,2,0.5,69.6261,0.0,3.5281,120,0.5,2.0,1.0
025_RC206,25,RC,4,7,OPTIMAL,142.9126,4,3,3,0,1,0.75,137.0473,0.0,5.8653,120,0.5,2.0,1.0
025_RC206,25,RC,4,8,OPTIMAL,80.4708,4,2,1,1,2,0.5,78.4681,0.0,2.0027,120,0.5,2.0,1.0
025_RC206,25,RC,4,9,OPTIMAL,145.0277,4,3,2,1,1,0.75,132.4605,0.0,12.5672,120,0.5,2.0,1.0
025_RC206,25,RC,6,0,OPTIMAL,119.9818,6,3,2,1,3,0.5,112.1963,0.0,7.7855,120,0.5,2.0,1.0
025_RC206,25,RC,6,1,OPTIMAL,140.8478,6,4,2,2,2,0.6667,137.1927,0.0,3.6551,120,0.5,2.0,1.0
025_RC206,25,RC,6,2,OPTIMAL,152.6649,6,3,2,1,3,0.5,112.8548,0.0,39.81,120,0.5,2.0,1.0
025_RC206,25,RC,6,3,OPTIMAL,156.1713,6,4,2,2,2,0.6667,151.1072,0.0,5.0641,120,0.5,2.0,1.0
025_RC206,25,RC,6,4,OPTIMAL,244.5046,6,6,4,2,0,1.0,244.5046,0.0,0.0,120,0.5,2.0,1.0
025_RC206,25,RC,6,5,OPTIMAL,161.4086,6,4,3,1,2,0.6667,158.021,0.0,3.3876,120,0.5,2.0,1.0
025_RC206,25,RC,6,6,OPTIMAL,127.0484,6,3,0,3,3,0.5,112.8145,0.0,14.2339,120,0.5,2.0,1.0
025_RC206,25,RC,6,7,OPTIMAL,167.9737,6,4,2,2,2,0.6667,154.966,0.0,13.0078,120,0.5,2.0,1.0
025_RC206,25,RC,6,8,OPTIMAL,197.9872,6,5,2,3,1,0.8333,197.4976,0.0,0.4896,120,0.5,2.0,1.0
025_RC206,25,RC,6,9,OPTIMAL,99.1152,6,2,1,1,4,0.3333,66.5286,0.0,32.5866,120,0.5,2.0,1.0
025_RC207,25,RC,2,0,OPTIMAL,33.2482,2,0,0,0,2,0.0,0.0,0.0,33.2482,120,0.5,2.0,1.0
025_RC207,25,RC,2,1,OPTIMAL,78.319,2,2,0,2,0,1.0,78.319,0.0,0.0,120,0.5,2.0,1.0
025_RC207,25,RC,2,2,OPTIMAL,37.4214,2,1,1,0,1,0.5,37.3839,0.0,0.0375,120,0.5,2.0,1.0
025_RC207,25,RC,2,3,OPTIMAL,78.7556,2,2,1,1,0,1.0,78.7556,0.0,0.0,120,0.5,2.0,1.0
025_RC207,25,RC,2,4,OPTIMAL,44.1521,2,1,1,0,1,0.5,44.0268,0.0,0.1253,120,0.5,2.0,1.0
025_RC207,25,RC,2,5,OPTIMAL,72.2287,2,2,1,1,0,1.0,72.2287,0.0,0.0,120,0.5,2.0,1.0
025_RC207,25,RC,2,6,OPTIMAL,70.5954,2,1,0,1,1,0.5,45.4553,0.0,25.1401,120,0.5,2.0,1.0
025_RC207,25,RC,2,7,OPTIMAL,37.0416,2,1,1,0,1,0.5,32.9517,0.0,4.0899,120,0.5,2.0,1.0
025_RC207,25,RC,2,8,OPTIMAL,15.1222,2,0,0,0,2,0.0,0.0,0.0,15.1222,120,0.5,2.0,1.0
025_RC207,25,RC,2,9,OPTIMAL,44.5209,2,1,1,0,1,0.5,44.2956,0.0,0.2253,120,0.5,2.0,1.0
025_RC207,25,RC,4,0,OPTIMAL,152.2858,4,4,4,0,0,1.0,152.2858,0.0,0.0,120,0.5,2.0,1.0
025_RC207,25,RC,4,1,OPTIMAL,122.4935,4,3,2,1,1,0.75,121.7211,0.0,0.7724,120,0.5,2.0,1.0
025_RC207,25,RC,4,2,OPTIMAL,86.4922,4,2,1,1,2,0.5,66.3052,0.0,20.187,120,0.5,2.0,1.0
025_RC207,25,RC,4,3,OPTIMAL,88.8978,4,2,1,1,2,0.5,79.4328,0.0,9.465,120,0.5,2.0,1.0
025_RC207,25,RC,4,4,OPTIMAL,113.526,4,3,2,1,1,0.75,110.3858,0.0,3.1402,120,0.5,2.0,1.0
025_RC207,25,RC,4,5,OPTIMAL,122.4043,4,3,2,1,1,0.75,116.0857,0.0,6.3187,120,0.5,2.0,1.0
025_RC207,25,RC,4,6,OPTIMAL,129.1946,4,3,2,1,1,0.75,105.2864,0.0,23.9082,120,0.5,2.0,1.0
025_RC207,25,RC,4,7,OPTIMAL,119.9073,4,2,1,1,2,0.5,94.6762,0.0,25.2311,120,0.5,2.0,1.0
025_RC207,25,RC,4,8,OPTIMAL,91.6447,4,2,2,0,2,0.5,78.4681,0.0,13.1766,120,0.5,2.0,1.0
025_RC207,25,RC,4,9,OPTIMAL,104.579,4,2,0,2,2,0.5,85.1475,0.0,19.4315,120,0.5,2.0,1.0
025_RC207,25,RC,6,0,OPTIMAL,135.6254,6,3,1,2,3,0.5,112.1963,0.0,23.429,120,0.5,2.0,1.0
025_RC207,25,RC,6,1,OPTIMAL,203.8873,6,6,3,3,0,1.0,203.8873,0.0,0.0,120,0.5,2.0,1.0
025_RC207,25,RC,6,2,OPTIMAL,154.5879,6,4,3,1,2,0.6667,149.336,0.0,5.2519,120,0.5,2.0,1.0
025_RC207,25,RC,6,3,OPTIMAL,194.159,6,4,1,3,2,0.6667,160.1542,0.0,34.0048,120,0.5,2.0,1.0
025_RC207,25,RC,6,4,OPTIMAL,244.5046,6,6,4,2,0,1.0,244.5046,0.0,0.0,120,0.5,2.0,1.0
025_RC207,25,RC,6,5,OPTIMAL,79.0935,6,2,2,0,4,0.3333,69.105,0.0,9.9885,120,0.5,2.0,1.0
025_RC207,25,RC,6,6,OPTIMAL,188.8104,6,5,0,5,1,0.8333,181.0936,0.0,7.7167,120,0.5,2.0,1.0
025_RC207,25,RC,6,7,OPTIMAL,127.4203,6,2,2,0,4,0.3333,84.9304,0.0,42.49,120,0.5,2.0,1.0
025_RC207,25,RC,6,8,OPTIMAL,212.5158,6,5,4,1,1,0.8333,195.7409,0.0,16.7748,120,0.5,2.0,1.0
025_RC207,25,RC,6,9,OPTIMAL,181.5293,6,4,1,3,2,0.6667,150.1656,0.0,31.3637,120,0.5,2.0,1.0
025_RC208,25,RC,2,0,OPTIMAL,32.2667,2,0,0,0,2,0.0,0.0,0.0,32.2667,120,0.5,2.0,1.0
025_RC208,25,RC,2,1,OPTIMAL,41.424,2,1,1,0,1,0.5,41.3689,0.0,0.055,120,0.5,2.0,1.0
025_RC208,25,RC,2,2,OPTIMAL,70.8141,2,2,2,0,0,1.0,70.8141,0.0,0.0,120,0.5,2.0,1.0
025_RC208,25,RC,2,3,OPTIMAL,78.7556,2,2,2,0,0,1.0,78.7556,0.0,0.0,120,0.5,2.0,1.0
025_RC208,25,RC,2,4,OPTIMAL,44.027,2,1,1,0,1,0.5,44.0268,0.0,0.0001,120,0.5,2.0,1.0
025_RC208,25,RC,2,5,OPTIMAL,72.2287,2,2,2,0,0,1.0,72.2287,0.0,0.0,120,0.5,2.0,1.0
025_RC208,25,RC,2,6,OPTIMAL,81.2696,2,2,2,0,0,1.0,81.2696,0.0,0.0,120,0.5,2.0,1.0
025_RC208,25,RC,2,7,OPTIMAL,65.8031,2,2,2,0,0,1.0,65.8031,0.0,0.0,120,0.5,2.0,1.0
025_RC208,25,RC,2,8,OPTIMAL,1.1366,2,0,0,0,2,0.0,0.0,0.0,1.1366,120,0.5,2.0,1.0
025_RC208,25,RC,2,9,OPTIMAL,44.3068,2,1,1,0,1,0.5,44.2956,0.0,0.0112,120,0.5,2.0,1.0
025_RC208,25,RC,4,0,OPTIMAL,89.2095,4,2,2,0,2,0.5,67.5356,0.0,21.6739,120,0.5,2.0,1.0
025_RC208,25,RC,4,1,OPTIMAL,97.9569,4,2,2,0,2,0.5,83.1569,0.0,14.8,120,0.5,2.0,1.0
025_RC208,25,RC,4,2,OPTIMAL,86.4922,4,2,2,0,2,0.5,66.3052,0.0,20.187,120,0.5,2.0,1.0
025_RC208,25,RC,4,3,OPTIMAL,88.1722,4,2,2,0,2,0.5,79.4328,0.0,8.7394,120,0.5,2.0,1.0
025_RC208,25,RC,4,4,OPTIMAL,111.5647,4,3,3,0,1,0.75,110.3858,0.0,1.1788,120,0.5,2.0,1.0
025_RC208,25,RC,4,5,OPTIMAL,50.7758,4,1,1,0,3,0.25,34.2335,0.0,16.5423,120,0.5,2.0,1.0
025_RC208,25,RC,4,6,OPTIMAL,122.1579,4,3,1,2,1,0.75,106.2576,0.0,15.9003,120,0.5,2.0,1.0
025_RC208,25,RC,4,7,OPTIMAL,155.5682,4,3,2,1,1,0.75,139.7046,0.0,15.8636,120,0.5,2.0,1.0
025_RC208,25,RC,4,8,OPTIMAL,55.4059,4,1,1,0,3,0.25,38.6957,0.0,16.7102,120,0.5,2.0,1.0
025_RC208,25,RC,4,9,OPTIMAL,129.9157,4,3,3,0,1,0.75,123.0514,0.0,6.8643,120,0.5,2.0,1.0
025_RC208,25,RC,6,0,OPTIMAL,184.0841,6,4,4,0,2,0.6667,157.141,0.0,26.9431,120,0.5,2.0,1.0
025_RC208,25,RC,6,1,OPTIMAL,199.0949,6,5,5,0,1,0.8333,171.4212,0.0,27.6737,120,0.5,2.0,1.0
025_RC208,25,RC,6,2,OPTIMAL,150.4892,6,3,3,0,3,0.5,112.8548,0.0,37.6343,120,0.5,2.0,1.0
025_RC208,25,RC,6,3,OPTIMAL,201.4141,6,5,4,1,1,0.8333,199.2644,0.0,2.1497,120,0.5,2.0,1.0
025_RC208,25,RC,6,4,OPTIMAL,219.3846,6,5,5,0,1,0.8333,199.5517,0.0,19.833,120,0.5,2.0,1.0
025_RC208,25,RC,6,5,OPTIMAL,91.0929,6,2,1,1,4,0.3333,82.6527,0.0,8.4402,120,0.5,2.0,1.0
025_RC208,25,RC,6,6,OPTIMAL,167.5213,6,4,3,1,2,0.6667,142.4145,0.0,25.1068,120,0.5,2.0,1.0
025_RC208,25,RC,6,7,OPTIMAL,101.0449,6,2,2,0,4,0.3333,84.9304,0.0,16.1145,120,0.5,2.0,1.0
025_RC208,25,RC,6,8,OPTIMAL,195.7287,6,5,5,0,1,0.8333,194.7198,0.0,1.0089,120,0.5,2.0,1.0
025_RC208,25,RC,6,9,OPTIMAL,201.2238,6,4,4,0,2,0.6667,150.1088,0.0,51.1149,120,0.5,2.0,1.0
