instance,size,class,level,seed_idx,status,objective,n_emergencies,n_outsourced,n_outsourced_infeasible,n_outsourced_economic,n_inserted,frac_outsourced,outsourcing,tw_penalty,completion_penalty,W,LAMBDA,PI_S,PI_C
030_C101,30,C,2,0,OPTIMAL,197.5413,2,1,1,0,1,0.5,169.5875,0.0,27.9538,90,2.0,2.0,1.0
030_C101,30,C,2,1,OPTIMAL,67.8628,2,0,0,0,2,0.0,0.0,0.0,67.8628,90,2.0,2.0,1.0
030_C101,30,C,2,2,OPTIMAL,175.2177,2,1,1,0,1,0.5,147.2838,0.0,27.9338,90,2.0,2.0,1.0
030_C101,30,C,2,3,OPTIMAL,157.263,2,1,1,0,1,0.5,149.6224,0.0,7.6407,90,2.0,2.0,1.0
030_C101,30,C,2,4,OPTIMAL,87.0373,2,1,1,0,1,0.5,73.3112,0.0,13.7261,90,2.0,2.0,1.0
030_C101,30,C,2,5,OPTIMAL,10.9306,2,0,0,0,2,0.0,0.0,0.0,10.9306,90,2.0,2.0,1.0
030_C101,30,C,2,6,OPTIMAL,173.2441,2,1,1,0,1,0.5,171.921,0.0,1.3232,90,2.0,2.0,1.0
030_C101,30,C,2,7,OPTIMAL,6.1548,2,0,0,0,2,0.0,0.0,0.0,6.1548,90,2.0,2.0,1.0
030_C101,30,C,2,8,OPTIMAL,163.9133,2,1,1,0,1,0.5,159.4324,0.0,4.481,90,2.0,2.0,1.0
030_C101,30,C,2,9,OPTIMAL,17.2274,2,0,0,0,2,0.0,0.0,0.0,17.2274,90,2.0,2.0,1.0
030_C101,30,C,4,0,OPTIMAL,178.665,4,2,2,0,2,0.5,174.4712,0.0,4.1938,90,2.0,2.0,1.0
030_C101,30,C,4,1,OPTIMAL,199.865,4,1,1,0,3,0.25,166.4121,0.0,33.4528,90,2.0,2.0,1.0
030_C101,30,C,4,2,OPTIMAL,176.1909,4,1,1,0,3,0.25,159.0793,0.0,17.1116,90,2.0,2.0,1.0
030_C101,30,C,4,3,OPTIMAL,7.6028,4,0,0,0,4,0.0,0.0,0.0,7.6028,90,2.0,2.0,1.0
030_C101,30,C,4,4,OPTIMAL,39.0222,4,0,0,0,4,0.0,0.0,0.0,39.0222,90,2.0,2.0,1.0
030_C101,30,C,4,5,OPTIMAL,394.8197,4,3,3,0,1,0.75,381.3003,0.0,13.5194,90,2.0,2.0,1.0
030_C101,30,C,4,6,OPTIMAL,375.075,4,2,2,0,2,0.5,295.8501,0.0,79.225,90,2.0,2.0,1.0
030_C101,30,C,4,7,OPTIMAL,106.0873,4,1,1,0,3,0.25,77.9647,0.0,28.1226,90,2.0,2.0,1.0
030_C101,30,C,4,8,OPTIMAL,73.3987,4,0,0,0,4,0.0,0.0,0.0,73.3987,90,2.0,2.0,1.0
030_C101,30,C,4,9,OPTIMAL,41.0236,4,0,0,0,4,0.0,0.0,0.0,41.0236,90,2.0,2.0,1.0
030_C101,30,C,6,0,OPTIMAL,121.0177,6,1,1,0,5,0.1667,55.2764,0.0,65.7414,90,2.0,2.0,1.0
030_C101,30,C,6,1,OPTIMAL,240.5215,6,2,2,0,4,0.3333,215.4982,0.0,25.0233,90,2.0,2.0,1.0
030_C101,30,C,6,2,OPTIMAL,311.2214,6,2,2,0,4,0.3333,296.2453,0.0,14.9762,90,2.0,2.0,1.0
030_C101,30,C,6,3,OPTIMAL,157.3358,6,1,1,0,5,0.1667,75.9731,0.0,81.3628,90,2.0,2.0,1.0
030_C101,30,C,6,4,OPTIMAL,102.2341,6,0,0,0,6,0.0,0.0,0.0,102.2341,90,2.0,2.0,1.0
030_C101,30,C,6,5,OPTIMAL,478.7048,6,4,2,2,2,0.6667,425.2342,0.0,53.4706,90,2.0,2.0,1.0
030_C101,30,C,6,6,OPTIMAL,388.675,6,2,2,0,4,0.3333,327.0209,0.0,61.6542,90,2.0,2.0,1.0
030_C101,30,C,6,7,OPTIMAL,275.8645,6,3,2,1,3,0.5,256.7757,0.0,19.0888,90,2.0,2.0,1.0
030_C101,30,C,6,8,OPTIMAL,401.3097,6,2,2,0,4,0.3333,307.1615,0.0,94.1482,90,2.0,2.0,1.0
030_C101,30,C,6,9,OPTIMAL,406.6446,6,3,2,1,3,0.5,368.5264,0.0,38.1182,90,2.0,2.0,1.0
030_C105,30,C,2,0,OPTIMAL,179.5943,2,1,1,0,1,0.5,169.5875,0.0,10.0069,90,2.0,2.0,1.0
030_C105,30,C,2,1,OPTIMAL,193.1855,2,1,1,0,1,0.5,164.1808,0.0,29.0047,90,2.0,2.0,1.0
030_C105,30,C,2,2,OPTIMAL,147.5181,2,1,1,0,1,0.5,147.2838,0.0,0.2343,90,2.0,2.0,1.0
030_C105,30,C,2,3,OPTIMAL,153.1913,2,1,1,0,1,0.5,149.6224,0.0,3.569,90,2.0,2.0,1.0
030_C105,30,C,2,4,OPTIMAL,19.553,2,0,0,0,2,0.0,0.0,0.0,19.553,90,2.0,2.0,1.0
030_C105,30,C,2,5,OPTIMAL,7.9235,2,0,0,0,2,0.0,0.0,0.0,7.9235,90,2.0,2.0,1.0
030_C105,30,C,2,6,OPTIMAL,173.2441,2,1,1,0,1,0.5,171.921,0.0,1.3232,90,2.0,2.0,1.0
030_C105,30,C,2,7,OPTIMAL,26.7139,2,0,0,0,2,0.0,0.0,0.0,26.7139,90,2.0,2.0,1.0
030_C105,30,C,2,8,OPTIMAL,295.4185,2,2,2,0,0,1.0,295.4185,0.0,0.0,90,2.0,2.0,1.0
030_C105,30,C,2,9,OPTIMAL,14.5179,2,0,0,0,2,0.0,0.0,0.0,14.5179,90,2.0,2.0,1.0
030_C105,30,C,4,0,OPTIMAL,311.1462,4,3,3,0,1,0.75,309.5791,0.0,1.5672,90,2.0,2.0,1.0
030_C105,30,C,4,1,OPTIMAL,124.7098,4,0,0,0,4,0.0,0.0,0.0,124.7098,90,2.0,2.0,1.0
030_C105,30,C,4,2,OPTIMAL,191.1942,4,1,1,0,3,0.25,159.0793,0.0,32.1148,90,2.0,2.0,1.0
030_C105,30,C,4,3,OPTIMAL,125.6093,4,0,0,0,4,0.0,0.0,0.0,125.6093,90,2.0,2.0,1.0
030_C105,30,C,4,4,OPTIMAL,170.066,4,1,1,0,3,0.25,162.1316,0.0,7.9344,90,2.0,2.0,1.0
030_C105,30,C,4,5,OPTIMAL,286.1259,4,2,2,0,2,0.5,213.467,0.0,72.659,90,2.0,2.0,1.0
030_C105,30,C,4,6,OPTIMAL,199.1608,4,1,1,0,3,0.25,144.8613,0.0,54.2995,90,2.0,2.0,1.0
030_C105,30,C,4,7,OPTIMAL,59.0981,4,0,0,0,4,0.0,0.0,0.0,59.0981,90,2.0,2.0,1.0
030_C105,30,C,4,8,OPTIMAL,115.7928,4,0,0,0,4,0.0,0.0,0.0,115.7928,90,2.0,2.0,1.0
030_C105,30,C,4,9,OPTIMAL,81.9928,4,1,1,0,3,0.25,71.9396,0.0,10.0532,90,2.0,2.0,1.0
030_C105,30,C,6,0,OPTIMAL,242.5556,6,2,1,1,4,0.3333,219.7825,0.0,22.7731,90,2.0,2.0,1.0
030_C105,30,C,6,1,OPTIMAL,376.4478,6,4,4,0,2,0.6667,360.7979,0.0,15.6499,90,2.0,2.0,1.0
030_C105,30,C,6,2,OPTIMAL,344.2431,6,2,2,0,4,0.3333,296.2453,0.0,47.9978,90,2.0,2.0,1.0
030_C105,30,C,6,3,OPTIMAL,282.4689,6,2,2,0,4,0.3333,196.6668,0.0,85.8021,90,2.0,2.0,1.0
030_C105,30,C,6,4,OPTIMAL,141.1413,6,0,0,0,6,0.0,0.0,0.0,141.1413,90,2.0,2.0,1.0
030_C105,30,C,6,5,OPTIMAL,460.3879,6,4,3,1,2,0.6667,434.9106,0.0,25.4773,90,2.0,2.0,1.0
030_C105,30,C,6,6,OPTIMAL,296.3403,6,1,1,0,5,0.1667,148.7319,0.0,147.6085,90,2.0,2.0,1.0
030_C105,30,C,6,7,OPTIMAL,372.0731,6,4,4,0,2,0.6667,330.644,0.0,41.429,90,2.0,2.0,1.0
030_C105,30,C,6,8,OPTIMAL,267.7809,6,3,2,1,3,0.5,226.4593,0.0,41.3216,90,2.0,2.0,1.0
030_C105,30,C,6,9,OPTIMAL,488.6034,6,4,4,0,2,0.6667,459.7891,0.0,28.8143,90,2.0,2.0,1.0
030_C106,30,C,2,0,OPTIMAL,179.5943,2,1,1,0,1,0.5,169.5875,0.0,10.0069,90,2.0,2.0,1.0
030_C106,30,C,2,1,OPTIMAL,172.8112,2,1,1,0,1,0.5,164.1808,0.0,8.6304,90,2.0,2.0,1.0
030_C106,30,C,2,2,OPTIMAL,175.2177,2,1,1,0,1,0.5,147.2838,0.0,27.9338,90,2.0,2.0,1.0
030_C106,30,C,2,3,OPTIMAL,153.1913,2,1,1,0,1,0.5,149.6224,0.0,3.569,90,2.0,2.0,1.0
030_C106,30,C,2,4,OPTIMAL,87.0373,2,1,1,0,1,0.5,73.3112,0.0,13.7261,90,2.0,2.0,1.0
030_C106,30,C,2,5,OPTIMAL,77.8196,2,1,0,1,1,0.5,72.6049,0.0,5.2147,90,2.0,2.0,1.0
030_C106,30,C,2,6,OPTIMAL,173.2441,2,1,1,0,1,0.5,171.921,0.0,1.3232,90,2.0,2.0,1.0
030_C106,30,C,2,7,OPTIMAL,6.1548,2,0,0,0,2,0.0,0.0,0.0,6.1548,90,2.0,2.0,1.0
030_C106,30,C,2,8,OPTIMAL,295.4185,2,2,2,0,0,1.0,295.4185,0.0,0.0,90,2.0,2.0,1.0
030_C106,30,C,2,9,OPTIMAL,72.6666,2,1,1,0,1,0.5,71.5123,0.0,1.1543,90,2.0,2.0,1.0
030_C106,30,C,4,0,OPTIMAL,311.1462,4,3,2,1,1,0.75,309.5791,0.0,1.5672,90,2.0,2.0,1.0
030_C106,30,C,4,1,OPTIMAL,186.862,4,1,0,1,3,0.25,81.9806,0.0,104.8814,90,2.0,2.0,1.0
030_C106,30,C,4,2,OPTIMAL,176.1909,4,1,1,0,3,0.25,159.0793,0.0,17.1116,90,2.0,2.0,1.0
030_C106,30,C,4,3,OPTIMAL,240.4251,4,2,2,0,2,0.5,215.9642,0.0,24.4609,90,2.0,2.0,1.0
030_C106,30,C,4,4,OPTIMAL,17.0281,4,0,0,0,4,0.0,0.0,0.0,17.0281,90,2.0,2.0,1.0
030_C106,30,C,4,5,OPTIMAL,391.3649,4,3,3,0,1,0.75,381.3003,0.0,10.0646,90,2.0,2.0,1.0
030_C106,30,C,4,6,OPTIMAL,334.3796,4,2,2,0,2,0.5,295.8501,0.0,38.5295,90,2.0,2.0,1.0
030_C106,30,C,4,7,OPTIMAL,80.5744,4,1,0,1,3,0.25,69.4926,0.0,11.0818,90,2.0,2.0,1.0
030_C106,30,C,4,8,OPTIMAL,139.1553,4,1,0,1,3,0.25,76.2328,0.0,62.9225,90,2.0,2.0,1.0
030_C106,30,C,4,9,OPTIMAL,41.0236,4,0,0,0,4,0.0,0.0,0.0,41.0236,90,2.0,2.0,1.0
030_C106,30,C,6,0,OPTIMAL,107.7407,6,1,1,0,5,0.1667,55.2764,0.0,52.4644,90,2.0,2.0,1.0
030_C106,30,C,6,1,OPTIMAL,376.4478,6,4,4,0,2,0.6667,360.7979,0.0,15.6499,90,2.0,2.0,1.0
030_C106,30,C,6,2,OPTIMAL,322.2772,6,2,2,0,4,0.3333,296.2453,0.0,26.0319,90,2.0,2.0,1.0
030_C106,30,C,6,3,OPTIMAL,217.2339,6,3,0,3,3,0.5,205.0249,0.0,12.209,90,2.0,2.0,1.0
030_C106,30,C,6,4,OPTIMAL,281.1489,6,2,2,0,4,0.3333,210.241,0.0,70.9079,90,2.0,2.0,1.0
030_C106,30,C,6,5,OPTIMAL,534.8102,6,5,5,0,1,0.8333,515.2272,0.0,19.583,90,2.0,2.0,1.0
030_C106,30,C,6,6,OPTIMAL,486.7903,6,3,1,2,3,0.5,475.7527,0.0,11.0376,90,2.0,2.0,1.0
030_C106,30,C,6,7,OPTIMAL,427.7147,6,5,5,0,1,0.8333,425.0983,0.0,2.6164,90,2.0,2.0,1.0
030_C106,30,C,6,8,OPTIMAL,360.6184,6,3,2,1,3,0.5,288.6475,0.0,71.9709,90,2.0,2.0,1.0
030_C106,30,C,6,9,OPTIMAL,488.6034,6,4,4,0,2,0.6667,459.7891,0.0,28.8143,90,2.0,2.0,1.0
030_C107,30,C,2,0,OPTIMAL,179.5943,2,1,1,0,1,0.5,169.5875,0.0,10.0069,90,2.0,2.0,1.0
030_C107,30,C,2,1,OPTIMAL,296.4235,2,2,2,0,0,1.0,296.4235,0.0,0.0,90,2.0,2.0,1.0
030_C107,30,C,2,2,OPTIMAL,120.758,2,1,1,0,1,0.5,118.8777,0.0,1.8803,90,2.0,2.0,1.0
030_C107,30,C,2,3,OPTIMAL,38.7483,2,0,0,0,2,0.0,0.0,0.0,38.7483,90,2.0,2.0,1.0
030_C107,30,C,2,4,OPTIMAL,17.4356,2,0,0,0,2,0.0,0.0,0.0,17.4356,90,2.0,2.0,1.0
030_C107,30,C,2,5,OPTIMAL,160.4612,2,1,1,0,1,0.5,157.7524,0.0,2.7087,90,2.0,2.0,1.0
030_C107,30,C,2,6,OPTIMAL,175.9503,2,1,1,0,1,0.5,171.921,0.0,4.0293,90,2.0,2.0,1.0
030_C107,30,C,2,7,OPTIMAL,75.3625,2,1,1,0,1,0.5,68.8779,0.0,6.4846,90,2.0,2.0,1.0
030_C107,30,C,2,8,OPTIMAL,58.6797,2,0,0,0,2,0.0,0.0,0.0,58.6797,90,2.0,2.0,1.0
030_C107,30,C,2,9,OPTIMAL,14.5179,2,0,0,0,2,0.0,0.0,0.0,14.5179,90,2.0,2.0,1.0
030_C107,30,C,4,0,OPTIMAL,182.8631,4,2,1,1,2,0.5,174.4712,0.0,8.3919,90,2.0,2.0,1.0
030_C107,30,C,4,1,OPTIMAL,185.3259,4,2,1,1,2,0.5,170.7087,0.0,14.6171,90,2.0,2.0,1.0
030_C107,30,C,4,2,OPTIMAL,193.7145,4,1,1,0,3,0.25,159.0793,0.0,34.6351,90,2.0,2.0,1.0
030_C107,30,C,4,3,OPTIMAL,142.7514,4,2,0,2,2,0.5,129.3654,0.0,13.386,90,2.0,2.0,1.0
030_C107,30,C,4,4,OPTIMAL,9.228,4,0,0,0,4,0.0,0.0,0.0,9.228,90,2.0,2.0,1.0
030_C107,30,C,4,5,OPTIMAL,456.2259,4,3,3,0,1,0.75,451.2688,0.0,4.9571,90,2.0,2.0,1.0
030_C107,30,C,4,6,OPTIMAL,298.0654,4,2,2,0,2,0.5,295.8501,0.0,2.2153,90,2.0,2.0,1.0
030_C107,30,C,4,7,OPTIMAL,181.3682,4,2,2,0,2,0.5,144.8645,0.0,36.5037,90,2.0,2.0,1.0
030_C107,30,C,4,8,OPTIMAL,193.2224,4,2,2,0,2,0.5,163.1653,0.0,30.057,90,2.0,2.0,1.0
030_C107,30,C,4,9,OPTIMAL,26.2803,4,0,0,0,4,0.0,0.0,0.0,26.2803,90,2.0,2.0,1.0
030_C107,30,C,6,0,OPTIMAL,145.1932,6,1,0,1,5,0.1667,55.2764,0.0,89.9169,90,2.0,2.0,1.0
030_C107,30,C,6,1,OPTIMAL,433.9349,6,4,4,0,2,0.6667,398.4116,0.0,35.5233,90,2.0,2.0,1.0
030_C107,30,C,6,2,OPTIMAL,312.6983,6,2,2,0,4,0.3333,267.519,0.0,45.1794,90,2.0,2.0,1.0
030_C107,30,C,6,3,OPTIMAL,137.2044,6,1,1,0,5,0.1667,75.9731,0.0,61.2314,90,2.0,2.0,1.0
030_C107,30,C,6,4,OPTIMAL,242.2258,6,2,2,0,4,0.3333,219.3317,0.0,22.8941,90,2.0,2.0,1.0
030_C107,30,C,6,5,OPTIMAL,442.8996,6,4,3,1,2,0.6667,425.2342,0.0,17.6654,90,2.0,2.0,1.0
030_C107,30,C,6,6,OPTIMAL,614.2508,6,4,4,0,2,0.6667,611.0862,0.0,3.1646,90,2.0,2.0,1.0
030_C107,30,C,6,7,OPTIMAL,482.3723,6,5,4,1,1,0.8333,474.5753,0.0,7.797,90,2.0,2.0,1.0
030_C107,30,C,6,8,OPTIMAL,210.6518,6,1,1,0,5,0.1667,158.4023,0.0,52.2495,90,2.0,2.0,1.0
030_C107,30,C,6,9,OPTIMAL,253.5596,6,2,2,0,4,0.3333,222.5759,0.0,30.9837,90,2.0,2.0,1.0
030_C108,30,C,2,0,OPTIMAL,257.1844,2,2,2,0,0,1.0,257.1844,0.0,0.0,90,2.0,2.0,1.0
030_C108,30,C,2,1,OPTIMAL,296.4235,2,2,1,1,0,1.0,296.4235,0.0,0.0,90,2.0,2.0,1.0
030_C108,30,C,2,2,OPTIMAL,171.0099,2,1,1,0,1,0.5,147.2838,0.0,23.7261,90,2.0,2.0,1.0
030_C108,30,C,2,3,OPTIMAL,153.1913,2,1,1,0,1,0.5,149.6224,0.0,3.569,90,2.0,2.0,1.0
030_C108,30,C,2,4,OPTIMAL,144.5792,2,2,1,1,0,1.0,144.5792,0.0,0.0,90,2.0,2.0,1.0
030_C108,30,C,2,5,OPTIMAL,160.4612,2,1,1,0,1,0.5,157.7524,0.0,2.7087,90,2.0,2.0,1.0
030_C108,30,C,2,6,OPTIMAL,175.9416,2,1,1,0,1,0.5,171.921,0.0,4.0207,90,2.0,2.0,1.0
030_C108,30,C,2,7,OPTIMAL,72.9234,2,1,0,1,1,0.5,68.8779,0.0,4.0455,90,2.0,2.0,1.0
030_C108,30,C,2,8,OPTIMAL,148.1917,2,1,0,1,1,0.5,135.9862,0.0,12.2056,90,2.0,2.0,1.0
030_C108,30,C,2,9,OPTIMAL,24.7618,2,0,0,0,2,0.0,0.0,0.0,24.7618,90,2.0,2.0,1.0
030_C108,30,C,4,0,OPTIMAL,302.6392,4,3,3,0,1,0.75,242.5436,0.0,60.0956,90,2.0,2.0,1.0
030_C108,30,C,4,1,OPTIMAL,130.9934,4,1,1,0,3,0.25,81.9806,0.0,49.0129,90,2.0,2.0,1.0
030_C108,30,C,4,2,OPTIMAL,257.9432,4,2,2,0,2,0.5,243.593,0.0,14.3502,90,2.0,2.0,1.0
030_C108,30,C,4,3,OPTIMAL,122.6534,4,1,0,1,3,0.25,61.6314,0.0,61.022,90,2.0,2.0,1.0
030_C108,30,C,4,4,OPTIMAL,163.651,4,2,0,2,2,0.5,126.0461,0.0,37.605,90,2.0,2.0,1.0
030_C108,30,C,4,5,OPTIMAL,528.6413,4,4,3,1,0,1.0,528.6413,0.0,0.0,90,2.0,2.0,1.0
030_C108,30,C,4,6,OPTIMAL,345.7095,4,2,2,0,2,0.5,260.4423,0.0,85.2672,90,2.0,2.0,1.0
030_C108,30,C,4,7,OPTIMAL,233.9251,4,3,3,0,1,0.75,222.8292,0.0,11.0959,90,2.0,2.0,1.0
030_C108,30,C,4,8,OPTIMAL,138.9336,4,1,1,0,3,0.25,76.2328,0.0,62.7008,90,2.0,2.0,1.0
030_C108,30,C,4,9,OPTIMAL,78.0016,4,1,0,1,3,0.25,71.9396,0.0,6.062,90,2.0,2.0,1.0
030_C108,30,C,6,0,OPTIMAL,181.7631,6,2,2,0,4,0.3333,126.5406,0.0,55.2225,90,2.0,2.0,1.0
030_C108,30,C,6,1,OPTIMAL,276.457,6,2,2,0,4,0.3333,215.4982,0.0,60.9588,90,2.0,2.0,1.0
030_C108,30,C,6,2,OPTIMAL,314.2144,6,2,2,0,4,0.3333,267.519,0.0,46.6954,90,2.0,2.0,1.0
030_C108,30,C,6,3,OPTIMAL,185.2008,6,2,1,1,4,0.3333,119.1719,0.0,66.029,90,2.0,2.0,1.0
030_C108,30,C,6,4,OPTIMAL,130.6347,6,1,1,0,5,0.1667,75.0037,0.0,55.631,90,2.0,2.0,1.0
030_C108,30,C,6,5,OPTIMAL,414.1851,6,4,3,1,2,0.6667,402.0765,0.0,12.1087,90,2.0,2.0,1.0
030_C108,30,C,6,6,OPTIMAL,624.0109,6,4,3,1,2,0.6667,526.598,0.0,97.4129,90,2.0,2.0,1.0
030_C108,30,C,6,7,OPTIMAL,418.8853,6,4,2,2,2,0.6667,326.4148,0.0,92.4705,90,2.0,2.0,1.0
030_C108,30,C,6,8,OPTIMAL,338.8354,6,2,2,0,4,0.3333,307.1615,0.0,31.6739,90,2.0,2.0,1.0
030_C108,30,C,6,9,OPTIMAL,330.5808,6,3,1,2,3,0.5,302.1435,0.0,28.4372,90,2.0,2.0,1.0
030_C109,30,C,2,0,OPTIMAL,206.4168,2,1,1,0,1,0.5,169.5875,0.0,36.8293,90,2.0,2.0,1.0
030_C109,30,C,2,1,OPTIMAL,296.4235,2,2,2,0,0,1.0,296.4235,0.0,0.0,90,2.0,2.0,1.0
030_C109,30,C,2,2,OPTIMAL,120.5975,2,1,1,0,1,0.5,118.8777,0.0,1.7198,90,2.0,2.0,1.0
030_C109,30,C,2,3,OPTIMAL,5.6097,2,0,0,0,2,0.0,0.0,0.0,5.6097,90,2.0,2.0,1.0
030_C109,30,C,2,4,OPTIMAL,80.7677,2,1,1,0,1,0.5,71.268,0.0,9.4997,90,2.0,2.0,1.0
030_C109,30,C,2,5,OPTIMAL,175.9645,2,1,1,0,1,0.5,157.7524,0.0,18.2121,90,2.0,2.0,1.0
030_C109,30,C,2,6,OPTIMAL,184.0772,2,1,1,0,1,0.5,171.921,0.0,12.1563,90,2.0,2.0,1.0
030_C109,30,C,2,7,OPTIMAL,25.457,2,0,0,0,2,0.0,0.0,0.0,25.457,90,2.0,2.0,1.0
030_C109,30,C,2,8,OPTIMAL,89.1397,2,0,0,0,2,0.0,0.0,0.0,89.1397,90,2.0,2.0,1.0
030_C109,30,C,2,9,OPTIMAL,44.6267,2,0,0,0,2,0.0,0.0,0.0,44.6267,90,2.0,2.0,1.0
030_C109,30,C,4,0,OPTIMAL,219.0243,4,2,2,0,2,0.5,174.4712,0.0,44.553,90,2.0,2.0,1.0
030_C109,30,C,4,1,OPTIMAL,414.4099,4,4,4,0,0,1.0,414.4099,0.0,0.0,90,2.0,2.0,1.0
030_C109,30,C,4,2,OPTIMAL,183.3636,4,1,1,0,3,0.25,159.0793,0.0,24.2843,90,2.0,2.0,1.0
030_C109,30,C,4,3,OPTIMAL,41.6921,4,0,0,0,4,0.0,0.0,0.0,41.6921,90,2.0,2.0,1.0
030_C109,30,C,4,4,OPTIMAL,239.9331,4,2,0,2,2,0.5,209.1205,0.0,30.8125,90,2.0,2.0,1.0
030_C109,30,C,4,5,OPTIMAL,456.939,4,3,3,0,1,0.75,451.2688,0.0,5.6703,90,2.0,2.0,1.0
030_C109,30,C,4,6,OPTIMAL,297.8916,4,2,2,0,2,0.5,295.8501,0.0,2.0416,90,2.0,2.0,1.0
030_C109,30,C,4,7,OPTIMAL,174.3846,4,2,1,1,2,0.5,147.4573,0.0,26.9273,90,2.0,2.0,1.0
030_C109,30,C,4,8,OPTIMAL,297.6534,4,3,2,1,1,0.75,297.2732,0.0,0.3802,90,2.0,2.0,1.0
030_C109,30,C,4,9,OPTIMAL,154.0138,4,2,0,2,2,0.5,149.4167,0.0,4.5971,90,2.0,2.0,1.0
030_C109,30,C,6,0,OPTIMAL,304.5955,6,3,3,0,3,0.5,291.0467,0.0,13.5488,90,2.0,2.0,1.0
030_C109,30,C,6,1,OPTIMAL,400.1094,6,3,3,0,3,0.5,332.3347,0.0,67.7747,90,2.0,2.0,1.0
030_C109,30,C,6,2,OPTIMAL,356.8925,6,2,2,0,4,0.3333,267.519,0.0,89.3735,90,2.0,2.0,1.0
030_C109,30,C,6,3,OPTIMAL,364.1803,6,4,1,3,2,0.6667,325.7186,0.0,38.4617,90,2.0,2.0,1.0
030_C109,30,C,6,4,OPTIMAL,300.3228,6,3,3,0,3,0.5,294.3354,0.0,5.9875,90,2.0,2.0,1.0
030_C109,30,C,6,5,OPTIMAL,500.6664,6,5,5,0,1,0.8333,492.0694,0.0,8.5969,90,2.0,2.0,1.0
030_C109,30,C,6,6,OPTIMAL,624.6452,6,4,4,0,2,0.6667,611.0862,0.0,13.5591,90,2.0,2.0,1.0
030_C109,30,C,6,7,OPTIMAL,416.9925,6,4,3,1,2,0.6667,380.121,0.0,36.8714,90,2.0,2.0,1.0
030_C109,30,C,6,8,OPTIMAL,311.0872,6,2,2,0,4,0.3333,240.7641,0.0,70.3231,90,2.0,2.0,1.0
030_C109,30,C,6,9,OPTIMAL,353.9282,6,3,2,1,3,0.5,302.1435,0.0,51.7846,90,2.0,2.0,1.0
030_C201,30,C,2,0,OPTIMAL,74.9362,2,1,1,0,1,0.5,74.8993,0.0,0.037,90,2.0,2.0,1.0
030_C201,30,C,2,1,OPTIMAL,74.3064,2,1,1,0,1,0.5,45.3991,0.0,28.9074,90,2.0,2.0,1.0
030_C201,30,C,2,2,OPTIMAL,57.2916,2,1,1,0,1,0.5,54.5255,0.0,2.7661,90,2.0,2.0,1.0
030_C201,30,C,2,3,OPTIMAL,102.7459,2,1,1,0,1,0.5,102.7335,0.0,0.0124,90,2.0,2.0,1.0
030_C201,30,C,2,4,OPTIMAL,190.7363,2,1,1,0,1,0.5,163.5815,0.0,27.1548,90,2.0,2.0,1.0
030_C201,30,C,2,5,OPTIMAL,194.3001,2,2,2,0,0,1.0,194.3001,0.0,0.0,90,2.0,2.0,1.0
030_C201,30,C,2,6,OPTIMAL,235.5284,2,2,2,0,0,1.0,235.5284,0.0,0.0,90,2.0,2.0,1.0
030_C201,30,C,2,7,OPTIMAL,224.5761,2,2,2,0,0,1.0,224.5761,0.0,0.0,90,2.0,2.0,1.0
030_C201,30,C,2,8,OPTIMAL,119.5467,2,1,1,0,1,0.5,92.8819,0.0,26.6648,90,2.0,2.0,1.0
030_C201,30,C,2,9,OPTIMAL,63.6291,2,1,1,0,1,0.5,42.1145,0.0,21.5146,90,2.0,2.0,1.0
030_C201,30,C,4,0,OPTIMAL,424.1238,4,4,4,0,0,1.0,424.1238,0.0,0.0,90,2.0,2.0,1.0
030_C201,30,C,4,1,OPTIMAL,390.524,4,3,3,0,1,0.75,389.0831,0.0,1.4409,90,2.0,2.0,1.0
030_C201,30,C,4,2,OPTIMAL,241.1448,4,2,2,0,2,0.5,223.4426,0.0,17.7022,90,2.0,2.0,1.0
030_C201,30,C,4,3,OPTIMAL,295.8952,4,4,4,0,0,1.0,295.8952,0.0,0.0,90,2.0,2.0,1.0
030_C201,30,C,4,4,OPTIMAL,330.3973,4,3,3,0,1,0.75,326.2856,0.0,4.1117,90,2.0,2.0,1.0
030_C201,30,C,4,5,OPTIMAL,548.6116,4,4,4,0,0,1.0,548.6116,0.0,0.0,90,2.0,2.0,1.0
030_C201,30,C,4,6,OPTIMAL,435.7975,4,4,4,0,0,1.0,435.7975,0.0,0.0,90,2.0,2.0,1.0
030_C201,30,C,4,7,OPTIMAL,373.6993,4,3,3,0,1,0.75,322.0086,0.0,51.6907,90,2.0,2.0,1.0
030_C201,30,C,4,8,OPTIMAL,159.1781,4,1,1,0,3,0.25,77.985,0.0,81.1931,90,2.0,2.0,1.0
030_C201,30,C,4,9,OPTIMAL,230.2458,4,2,1,1,2,0.5,214.7237,0.0,15.5222,90,2.0,2.0,1.0
030_C201,30,C,6,0,OPTIMAL,433.749,6,4,4,0,2,0.6667,399.1222,0.0,34.6268,90,2.0,2.0,1.0
030_C201,30,C,6,1,OPTIMAL,471.0478,6,4,4,0,2,0.6667,468.1812,0.0,2.8667,90,2.0,2.0,1.0
030_C201,30,C,6,2,OPTIMAL,538.7196,6,5,4,1,1,0.8333,498.2979,0.0,40.4217,90,2.0,2.0,1.0
030_C201,30,C,6,3,OPTIMAL,419.9588,6,4,4,0,2,0.6667,400.8166,0.0,19.1422,90,2.0,2.0,1.0
030_C201,30,C,6,4,OPTIMAL,260.5427,6,2,2,0,4,0.3333,204.1934,0.0,56.3493,90,2.0,2.0,1.0
030_C201,30,C,6,5,OPTIMAL,440.6984,6,4,3,1,2,0.6667,418.6381,0.0,22.0603,90,2.0,2.0,1.0
030_C201,30,C,6,6,OPTIMAL,590.1777,6,5,5,0,1,0.8333,561.4463,0.0,28.7314,90,2.0,2.0,1.0
030_C201,30,C,6,7,OPTIMAL,391.4182,6,4,4,0,2,0.6667,385.3086,0.0,6.1096,90,2.0,2.0,1.0
030_C201,30,C,6,8,OPTIMAL,564.3286,6,4,4,0,2,0.6667,545.5906,0.0,18.738,90,2.0,2.0,1.0
030_C201,30,C,6,9,OPTIMAL,634.3059,6,5,4,1,1,0.8333,606.0987,0.0,28.2072,90,2.0,2.0,1.0
030_C202,30,C,2,0,OPTIMAL,111.8462,2,2,2,0,0,1.0,111.8462,0.0,0.0,90,2.0,2.0,1.0
030_C202,30,C,2,1,OPTIMAL,117.0482,2,2,1,1,0,1.0,117.0482,0.0,0.0,90,2.0,2.0,1.0
030_C202,30,C,2,2,OPTIMAL,57.2916,2,1,1,0,1,0.5,54.5255,0.0,2.7661,90,2.0,2.0,1.0
030_C202,30,C,2,3,OPTIMAL,102.7459,2,1,1,0,1,0.5,102.7335,0.0,0.0124,90,2.0,2.0,1.0
030_C202,30,C,2,4,OPTIMAL,190.7363,2,1,1,0,1,0.5,163.5815,0.0,27.1548,90,2.0,2.0,1.0
030_C202,30,C,2,5,OPTIMAL,194.3001,2,2,2,0,0,1.0,194.3001,0.0,0.0,90,2.0,2.0,1.0
030_C202,30,C,2,6,OPTIMAL,235.5284,2,2,2,0,0,1.0,235.5284,0.0,0.0,90,2.0,2.0,1.0
030_C202,30,C,2,7,OPTIMAL,224.5761,2,2,2,0,0,1.0,224.5761,0.0,0.0,90,2.0,2.0,1.0
030_C202,30,C,2,8,OPTIMAL,119.5467,2,1,1,0,1,0.5,92.8819,0.0,26.6648,90,2.0,2.0,1.0
030_C202,30,C,2,9,OPTIMAL,63.6291,2,1,1,0,1,0.5,42.1145,0.0,21.5146,90,2.0,2.0,1.0
030_C202,30,C,4,0,OPTIMAL,424.1238,4,4,4,0,0,1.0,424.1238,0.0,0.0,90,2.0,2.0,1.0
030_C202,30,C,4,1,OPTIMAL,433.6979,4,4,3,1,0,1.0,433.6979,0.0,0.0,90,2.0,2.0,1.0
030_C202,30,C,4,2,OPTIMAL,363.9095,4,4,2,2,0,1.0,363.9095,0.0,0.0,90,2.0,2.0,1.0
030_C202,30,C,4,3,OPTIMAL,295.8952,4,4,4,0,0,1.0,295.8952,0.0,0.0,90,2.0,2.0,1.0
030_C202,30,C,4,4,OPTIMAL,330.3973,4,3,3,0,1,0.75,326.2856,0.0,4.1117,90,2.0,2.0,1.0
030_C202,30,C,4,5,OPTIMAL,548.6116,4,4,4,0,0,1.0,548.6116,0.0,0.0,90,2.0,2.0,1.0
030_C202,30,C,4,6,OPTIMAL,435.7975,4,4,4,0,0,1.0,435.7975,0.0,0.0,90,2.0,2.0,1.0
030_C202,30,C,4,7,OPTIMAL,484.3871,4,4,4,0,0,1.0,484.3871,0.0,0.0,90,2.0,2.0,1.0
030_C202,30,C,4,8,OPTIMAL,134.2408,4,1,1,0,3,0.25,77.985,0.0,56.2558,90,2.0,2.0,1.0
030_C202,30,C,4,9,OPTIMAL,230.2458,4,2,2,0,2,0.5,214.7237,0.0,15.5222,90,2.0,2.0,1.0
030_C202,30,C,6,0,OPTIMAL,457.2207,6,5,5,0,1,0.8333,445.4342,0.0,11.7865,90,2.0,2.0,1.0
030_C202,30,C,6,1,OPTIMAL,469.2318,6,4,4,0,2,0.6667,468.1812,0.0,1.0506,90,2.0,2.0,1.0
030_C202,30,C,6,2,OPTIMAL,538.7196,6,5,4,1,1,0.8333,498.2979,0.0,40.4217,90,2.0,2.0,1.0
030_C202,30,C,6,3,OPTIMAL,463.7916,6,5,4,1,1,0.8333,459.7495,0.0,4.0421,90,2.0,2.0,1.0
030_C202,30,C,6,4,OPTIMAL,335.0751,6,3,3,0,3,0.5,285.3308,0.0,49.7443,90,2.0,2.0,1.0
030_C202,30,C,6,5,OPTIMAL,494.2218,6,5,5,0,1,0.8333,473.2745,0.0,20.9472,90,2.0,2.0,1.0
030_C202,30,C,6,6,OPTIMAL,590.1777,6,5,5,0,1,0.8333,561.4463,0.0,28.7314,90,2.0,2.0,1.0
030_C202,30,C,6,7,OPTIMAL,391.4182,6,4,4,0,2,0.6667,385.3086,0.0,6.1096,90,2.0,2.0,1.0
030_C202,30,C,6,8,OPTIMAL,648.3441,6,5,5,0,1,0.8333,648.3282,0.0,0.0158,90,2.0,2.0,1.0
030_C202,30,C,6,9,OPTIMAL,533.6369,6,4,4,0,2,0.6667,441.0556,0.0,92.5813,90,2.0,2.0,1.0
030_C203,30,C,2,0,OPTIMAL,111.8462,2,2,2,0,0,1.0,111.8462,0.0,0.0,90,2.0,2.0,1.0
030_C203,30,C,2,1,OPTIMAL,117.0482,2,2,1,1,0,1.0,117.0482,0.0,0.0,90,2.0,2.0,1.0
030_C203,30,C,2,2,OPTIMAL,133.4903,2,2,2,0,0,1.0,133.4903,0.0,0.0,90,2.0,2.0,1.0
030_C203,30,C,2,3,OPTIMAL,102.7459,2,1,1,0,1,0.5,102.7335,0.0,0.0124,90,2.0,2.0,1.0
030_C203,30,C,2,4,OPTIMAL,190.7363,2,1,1,0,1,0.5,163.5815,0.0,27.1548,90,2.0,2.0,1.0
030_C203,30,C,2,5,OPTIMAL,194.3001,2,2,2,0,0,1.0,194.3001,0.0,0.0,90,2.0,2.0,1.0
030_C203,30,C,2,6,OPTIMAL,235.5284,2,2,2,0,0,1.0,235.5284,0.0,0.0,90,2.0,2.0,1.0
030_C203,30,C,2,7,OPTIMAL,224.5761,2,2,2,0,0,1.0,224.5761,0.0,0.0,90,2.0,2.0,1.0
030_C203,30,C,2,8,OPTIMAL,119.5467,2,1,1,0,1,0.5,92.8819,0.0,26.6648,90,2.0,2.0,1.0
030_C203,30,C,2,9,OPTIMAL,63.6291,2,1,1,0,1,0.5,42.1145,0.0,21.5146,90,2.0,2.0,1.0
030_C203,30,C,4,0,OPTIMAL,424.1238,4,4,4,0,0,1.0,424.1238,0.0,0.0,90,2.0,2.0,1.0
030_C203,30,C,4,1,OPTIMAL,390.524,4,3,3,0,1,0.75,389.0831,0.0,1.4409,90,2.0,2.0,1.0
030_C203,30,C,4,2,OPTIMAL,363.9095,4,4,4,0,0,1.0,363.9095,0.0,0.0,90,2.0,2.0,1.0
030_C203,30,C,4,3,OPTIMAL,295.8952,4,4,4,0,0,1.0,295.8952,0.0,0.0,90,2.0,2.0,1.0
030_C203,30,C,4,4,OPTIMAL,374.1732,4,4,4,0,0,1.0,374.1732,0.0,0.0,90,2.0,2.0,1.0
030_C203,30,C,4,5,OPTIMAL,548.6116,4,4,4,0,0,1.0,548.6116,0.0,0.0,90,2.0,2.0,1.0
030_C203,30,C,4,6,OPTIMAL,435.7975,4,4,4,0,0,1.0,435.7975,0.0,0.0,90,2.0,2.0,1.0
030_C203,30,C,4,7,OPTIMAL,484.3871,4,4,4,0,0,1.0,484.3871,0.0,0.0,90,2.0,2.0,1.0
030_C203,30,C,4,8,OPTIMAL,179.4617,4,2,1,1,2,0.5,160.9985,0.0,18.4632,90,2.0,2.0,1.0
030_C203,30,C,4,9,OPTIMAL,330.826,4,3,3,0,1,0.75,312.8667,0.0,17.9593,90,2.0,2.0,1.0
030_C203,30,C,6,0,OPTIMAL,457.2207,6,5,5,0,1,0.8333,445.4342,0.0,11.7865,90,2.0,2.0,1.0
030_C203,30,C,6,1,OPTIMAL,539.3392,6,5,5,0,1,0.8333,539.1852,0.0,0.154,90,2.0,2.0,1.0
030_C203,30,C,6,2,OPTIMAL,658.1187,6,6,6,0,0,1.0,658.1187,0.0,0.0,90,2.0,2.0,1.0
030_C203,30,C,6,3,OPTIMAL,463.7916,6,5,4,1,1,0.8333,459.7495,0.0,4.0421,90,2.0,2.0,1.0
030_C203,30,C,6,4,OPTIMAL,440.9814,6,4,4,0,2,0.6667,434.8598,0.0,6.1216,90,2.0,2.0,1.0
030_C203,30,C,6,5,OPTIMAL,552.5273,6,6,5,1,0,1.0,552.5273,0.0,0.0,90,2.0,2.0,1.0
030_C203,30,C,6,6,OPTIMAL,590.1777,6,5,5,0,1,0.8333,561.4463,0.0,28.7314,90,2.0,2.0,1.0
030_C203,30,C,6,7,OPTIMAL,391.4182,6,4,4,0,2,0.6667,385.3086,0.0,6.1096,90,2.0,2.0,1.0
030_C203,30,C,6,8,OPTIMAL,648.3441,6,5,5,0,1,0.8333,648.3282,0.0,0.0158,90,2.0,2.0,1.0
030_C203,30,C,6,9,OPTIMAL,533.6369,6,4,4,0,2,0.6667,441.0556,0.0,92.5813,90,2.0,2.0,1.0
030_C205,30,C,2,0,OPTIMAL,111.8462,2,2,2,0,0,1.0,111.8462,0.0,0.0,90,2.0,2.0,1.0
030_C205,30,C,2,1,OPTIMAL,76.363,2,1,1,0,1,0.5,71.6491,0.0,4.7139,90,2.0,2.0,1.0
030_C205,30,C,2,2,OPTIMAL,92.0792,2,1,1,0,1,0.5,54.5255,0.0,37.5536,90,2.0,2.0,1.0
030_C205,30,C,2,3,OPTIMAL,246.355,2,2,2,0,0,1.0,246.355,0.0,0.0,90,2.0,2.0,1.0
030_C205,30,C,2,4,OPTIMAL,256.3474,2,2,2,0,0,1.0,256.3474,0.0,0.0,90,2.0,2.0,1.0
030_C205,30,C,2,5,OPTIMAL,194.3001,2,2,2,0,0,1.0,194.3001,0.0,0.0,90,2.0,2.0,1.0
030_C205,30,C,2,6,OPTIMAL,79.0321,2,1,1,0,1,0.5,75.2682,0.0,3.7639,90,2.0,2.0,1.0
030_C205,30,C,2,7,OPTIMAL,224.5761,2,2,2,0,0,1.0,224.5761,0.0,0.0,90,2.0,2.0,1.0
030_C205,30,C,2,8,OPTIMAL,173.1408,2,2,2,0,0,1.0,173.1408,0.0,0.0,90,2.0,2.0,1.0
030_C205,30,C,2,9,OPTIMAL,140.2873,2,2,2,0,0,1.0,140.2873,0.0,0.0,90,2.0,2.0,1.0
030_C205,30,C,4,0,OPTIMAL,350.8167,4,3,3,0,1,0.75,349.0971,0.0,1.7196,90,2.0,2.0,1.0
030_C205,30,C,4,1,OPTIMAL,433.6979,4,4,4,0,0,1.0,433.6979,0.0,0.0,90,2.0,2.0,1.0
030_C205,30,C,4,2,OPTIMAL,300.634,4,3,3,0,1,0.75,292.0574,0.0,8.5765,90,2.0,2.0,1.0
030_C205,30,C,4,3,OPTIMAL,295.8952,4,4,4,0,0,1.0,295.8952,0.0,0.0,90,2.0,2.0,1.0
030_C205,30,C,4,4,OPTIMAL,339.159,4,3,3,0,1,0.75,326.2856,0.0,12.8734,90,2.0,2.0,1.0
030_C205,30,C,4,5,OPTIMAL,436.3384,4,3,3,0,1,0.75,436.336,0.0,0.0025,90,2.0,2.0,1.0
030_C205,30,C,4,6,OPTIMAL,358.8376,4,3,3,0,1,0.75,303.9338,0.0,54.9038,90,2.0,2.0,1.0
030_C205,30,C,4,7,OPTIMAL,374.1086,4,3,2,1,1,0.75,322.0086,0.0,52.1,90,2.0,2.0,1.0
030_C205,30,C,4,8,OPTIMAL,236.068,4,3,3,0,1,0.75,197.3703,0.0,38.6977,90,2.0,2.0,1.0
030_C205,30,C,4,9,OPTIMAL,364.2487,4,4,4,0,0,1.0,364.2487,0.0,0.0,90,2.0,2.0,1.0
030_C205,30,C,6,0,OPTIMAL,433.3379,6,4,4,0,2,0.6667,399.1222,0.0,34.2157,90,2.0,2.0,1.0
030_C205,30,C,6,1,OPTIMAL,541.405,6,5,5,0,1,0.8333,539.1852,0.0,2.2198,90,2.0,2.0,1.0
030_C205,30,C,6,2,OPTIMAL,658.1187,6,6,5,1,0,1.0,658.1187,0.0,0.0,90,2.0,2.0,1.0
030_C205,30,C,6,3,OPTIMAL,568.9886,6,6,5,1,0,1.0,568.9886,0.0,0.0,90,2.0,2.0,1.0
030_C205,30,C,6,4,OPTIMAL,392.5039,6,3,3,0,3,0.5,313.8588,0.0,78.6451,90,2.0,2.0,1.0
030_C205,30,C,6,5,OPTIMAL,512.7369,6,5,5,0,1,0.8333,497.8909,0.0,14.846,90,2.0,2.0,1.0
030_C205,30,C,6,6,OPTIMAL,468.6615,6,4,4,0,2,0.6667,410.0448,0.0,58.6167,90,2.0,2.0,1.0
030_C205,30,C,6,7,OPTIMAL,503.3571,6,6,5,1,0,1.0,503.3571,0.0,0.0,90,2.0,2.0,1.0
030_C205,30,C,6,8,OPTIMAL,582.7794,6,4,4,0,2,0.6667,553.5549,0.0,29.2246,90,2.0,2.0,1.0
030_C205,30,C,6,9,OPTIMAL,660.3457,6,4,3,1,2,0.6667,631.8155,0.0,28.5302,90,2.0,2.0,1.0
030_C206,30,C,2,0,OPTIMAL,111.8462,2,2,2,0,0,1.0,111.8462,0.0,0.0,90,2.0,2.0,1.0
030_C206,30,C,2,1,OPTIMAL,32.5844,2,0,0,0,2,0.0,0.0,0.0,32.5844,90,2.0,2.0,1.0
030_C206,30,C,2,2,OPTIMAL,133.4903,2,2,2,0,0,1.0,133.4903,0.0,0.0,90,2.0,2.0,1.0
030_C206,30,C,2,3,OPTIMAL,105.3596,2,1,1,0,1,0.5,102.7335,0.0,2.6261,90,2.0,2.0,1.0
030_C206,30,C,2,4,OPTIMAL,256.3474,2,2,2,0,0,1.0,256.3474,0.0,0.0,90,2.0,2.0,1.0
030_C206,30,C,2,5,OPTIMAL,146.3009,2,1,1,0,1,0.5,104.7732,0.0,41.5277,90,2.0,2.0,1.0
030_C206,30,C,2,6,OPTIMAL,235.5284,2,2,2,0,0,1.0,235.5284,0.0,0.0,90,2.0,2.0,1.0
030_C206,30,C,2,7,OPTIMAL,155.7357,2,1,1,0,1,0.5,120.5245,0.0,35.2112,90,2.0,2.0,1.0
030_C206,30,C,2,8,OPTIMAL,114.4017,2,1,1,0,1,0.5,92.8819,0.0,21.5198,90,2.0,2.0,1.0
030_C206,30,C,2,9,OPTIMAL,140.2873,2,2,1,1,0,1.0,140.2873,0.0,0.0,90,2.0,2.0,1.0
030_C206,30,C,4,0,OPTIMAL,424.1238,4,4,4,0,0,1.0,424.1238,0.0,0.0,90,2.0,2.0,1.0
030_C206,30,C,4,1,OPTIMAL,433.6979,4,4,3,1,0,1.0,433.6979,0.0,0.0,90,2.0,2.0,1.0
030_C206,30,C,4,2,OPTIMAL,363.9095,4,4,3,1,0,1.0,363.9095,0.0,0.0,90,2.0,2.0,1.0
030_C206,30,C,4,3,OPTIMAL,295.8952,4,4,2,2,0,1.0,295.8952,0.0,0.0,90,2.0,2.0,1.0
030_C206,30,C,4,4,OPTIMAL,308.6287,4,3,3,0,1,0.75,276.9405,0.0,31.6881,90,2.0,2.0,1.0
030_C206,30,C,4,5,OPTIMAL,323.9514,4,2,2,0,2,0.5,285.4604,0.0,38.491,90,2.0,2.0,1.0
030_C206,30,C,4,6,OPTIMAL,195.8085,4,1,1,0,3,0.25,114.0232,0.0,81.7853,90,2.0,2.0,1.0
030_C206,30,C,4,7,OPTIMAL,484.3871,4,4,4,0,0,1.0,484.3871,0.0,0.0,90,2.0,2.0,1.0
030_C206,30,C,4,8,OPTIMAL,227.4056,4,3,2,1,1,0.75,197.3703,0.0,30.0353,90,2.0,2.0,1.0
030_C206,30,C,4,9,OPTIMAL,364.2487,4,4,4,0,0,1.0,364.2487,0.0,0.0,90,2.0,2.0,1.0
030_C206,30,C,6,0,OPTIMAL,431.8212,6,4,4,0,2,0.6667,399.1222,0.0,32.699,90,2.0,2.0,1.0
030_C206,30,C,6,1,OPTIMAL,539.2622,6,5,5,0,1,0.8333,539.1852,0.0,0.077,90,2.0,2.0,1.0
030_C206,30,C,6,2,OPTIMAL,566.77,6,5,5,0,1,0.8333,554.6571,0.0,12.1129,90,2.0,2.0,1.0
030_C206,30,C,6,3,OPTIMAL,568.9886,6,6,5,1,0,1.0,568.9886,0.0,0.0,90,2.0,2.0,1.0
030_C206,30,C,6,4,OPTIMAL,548.1344,6,5,4,1,1,0.8333,507.8521,0.0,40.2823,90,2.0,2.0,1.0
030_C206,30,C,6,5,OPTIMAL,500.3236,6,5,4,1,1,0.8333,497.8909,0.0,2.4327,90,2.0,2.0,1.0
030_C206,30,C,6,6,OPTIMAL,625.4523,6,6,5,1,0,1.0,625.4523,0.0,0.0,90,2.0,2.0,1.0
030_C206,30,C,6,7,OPTIMAL,438.884,6,5,5,0,1,0.8333,395.9109,0.0,42.9731,90,2.0,2.0,1.0
030_C206,30,C,6,8,OPTIMAL,624.8492,6,5,5,0,1,0.8333,607.907,0.0,16.9422,90,2.0,2.0,1.0
030_C206,30,C,6,9,OPTIMAL,746.8297,6,6,5,1,0,1.0,746.8297,0.0,0.0,90,2.0,2.0,1.0
030_C207,30,C,2,0,OPTIMAL,47.8903,2,1,1,0,1,0.5,36.947,0.0,10.9433,90,2.0,2.0,1.0
030_C207,30,C,2,1,OPTIMAL,117.0482,2,2,2,0,0,1.0,117.0482,0.0,0.0,90,2.0,2.0,1.0
030_C207,30,C,2,2,OPTIMAL,89.1481,2,1,1,0,1,0.5,54.5255,0.0,34.6226,90,2.0,2.0,1.0
030_C207,30,C,2,3,OPTIMAL,246.355,2,2,2,0,0,1.0,246.355,0.0,0.0,90,2.0,2.0,1.0
030_C207,30,C,2,4,OPTIMAL,33.926,2,0,0,0,2,0.0,0.0,0.0,33.926,90,2.0,2.0,1.0
030_C207,30,C,2,5,OPTIMAL,127.0513,2,1,1,0,1,0.5,89.5269,0.0,37.5244,90,2.0,2.0,1.0
030_C207,30,C,2,6,OPTIMAL,235.5284,2,2,2,0,0,1.0,235.5284,0.0,0.0,90,2.0,2.0,1.0
030_C207,30,C,2,7,OPTIMAL,224.5761,2,2,2,0,0,1.0,224.5761,0.0,0.0,90,2.0,2.0,1.0
030_C207,30,C,2,8,OPTIMAL,173.1408,2,2,2,0,0,1.0,173.1408,0.0,0.0,90,2.0,2.0,1.0
030_C207,30,C,2,9,OPTIMAL,140.2873,2,2,2,0,0,1.0,140.2873,0.0,0.0,90,2.0,2.0,1.0
030_C207,30,C,4,0,OPTIMAL,352.0373,4,3,3,0,1,0.75,349.0971,0.0,2.9402,90,2.0,2.0,1.0
030_C207,30,C,4,1,OPTIMAL,297.1503,4,3,3,0,1,0.75,295.6033,0.0,1.547,90,2.0,2.0,1.0
030_C207,30,C,4,2,OPTIMAL,354.9218,4,3,3,0,1,0.75,317.8029,0.0,37.1188,90,2.0,2.0,1.0
030_C207,30,C,4,3,OPTIMAL,295.8952,4,4,4,0,0,1.0,295.8952,0.0,0.0,90,2.0,2.0,1.0
030_C207,30,C,4,4,OPTIMAL,105.8359,4,1,1,0,3,0.25,76.4048,0.0,29.4311,90,2.0,2.0,1.0
030_C207,30,C,4,5,OPTIMAL,548.6116,4,4,4,0,0,1.0,548.6116,0.0,0.0,90,2.0,2.0,1.0
030_C207,30,C,4,6,OPTIMAL,435.7975,4,4,4,0,0,1.0,435.7975,0.0,0.0,90,2.0,2.0,1.0
030_C207,30,C,4,7,OPTIMAL,484.3871,4,4,4,0,0,1.0,484.3871,0.0,0.0,90,2.0,2.0,1.0
030_C207,30,C,4,8,OPTIMAL,235.9483,4,2,1,1,2,0.5,160.9985,0.0,74.9498,90,2.0,2.0,1.0
030_C207,30,C,4,9,OPTIMAL,243.2399,4,3,3,0,1,0.75,242.1908,0.0,1.0491,90,2.0,2.0,1.0
030_C207,30,C,6,0,OPTIMAL,484.7393,6,5,5,0,1,0.8333,480.2791,0.0,4.4603,90,2.0,2.0,1.0
030_C207,30,C,6,1,OPTIMAL,474.1532,6,4,4,0,2,0.6667,468.1812,0.0,5.972,90,2.0,2.0,1.0
030_C207,30,C,6,2,OPTIMAL,494.454,6,4,4,0,2,0.6667,471.8431,0.0,22.6108,90,2.0,2.0,1.0
030_C207,30,C,6,3,OPTIMAL,503.3374,6,5,5,0,1,0.8333,445.3537,0.0,57.9837,90,2.0,2.0,1.0
030_C207,30,C,6,4,OPTIMAL,599.1896,6,6,6,0,0,1.0,599.1896,0.0,0.0,90,2.0,2.0,1.0
030_C207,30,C,6,5,OPTIMAL,489.8071,6,4,3,1,2,0.6667,452.6804,0.0,37.1267,90,2.0,2.0,1.0
030_C207,30,C,6,6,OPTIMAL,625.4523,6,6,6,0,0,1.0,625.4523,0.0,0.0,90,2.0,2.0,1.0
030_C207,30,C,6,7,OPTIMAL,337.6841,6,3,3,0,3,0.5,293.3817,0.0,44.3024,90,2.0,2.0,1.0
030_C207,30,C,6,8,OPTIMAL,650.3704,6,5,4,1,1,0.8333,648.3282,0.0,2.0421,90,2.0,2.0,1.0
030_C207,30,C,6,9,OPTIMAL,746.8297,6,6,6,0,0,1.0,746.8297,0.0,0.0,90,2.0,2.0,1.0
030_C208,30,C,2,0,OPTIMAL,86.9797,2,1,1,0,1,0.5,74.8993,0.0,12.0804,90,2.0,2.0,1.0
030_C208,30,C,2,1,OPTIMAL,117.0482,2,2,2,0,0,1.0,117.0482,0.0,0.0,90,2.0,2.0,1.0
030_C208,30,C,2,2,OPTIMAL,133.4903,2,2,2,0,0,1.0,133.4903,0.0,0.0,90,2.0,2.0,1.0
030_C208,30,C,2,3,OPTIMAL,246.355,2,2,2,0,0,1.0,246.355,0.0,0.0,90,2.0,2.0,1.0
030_C208,30,C,2,4,OPTIMAL,120.7797,2,1,1,0,1,0.5,92.7659,0.0,28.0137,90,2.0,2.0,1.0
030_C208,30,C,2,5,OPTIMAL,127.0513,2,1,1,0,1,0.5,89.5269,0.0,37.5244,90,2.0,2.0,1.0
030_C208,30,C,2,6,OPTIMAL,235.5284,2,2,2,0,0,1.0,235.5284,0.0,0.0,90,2.0,2.0,1.0
030_C208,30,C,2,7,OPTIMAL,224.5761,2,2,2,0,0,1.0,224.5761,0.0,0.0,90,2.0,2.0,1.0
030_C208,30,C,2,8,OPTIMAL,84.072,2,1,1,0,1,0.5,80.2589,0.0,3.8132,90,2.0,2.0,1.0
030_C208,30,C,2,9,OPTIMAL,140.2873,2,2,2,0,0,1.0,140.2873,0.0,0.0,90,2.0,2.0,1.0
030_C208,30,C,4,0,OPTIMAL,353.5942,4,3,2,1,1,0.75,349.0971,0.0,4.4971,90,2.0,2.0,1.0
030_C208,30,C,4,1,OPTIMAL,310.7475,4,2,2,0,2,0.5,262.4926,0.0,48.2549,90,2.0,2.0,1.0
030_C208,30,C,4,2,OPTIMAL,318.4256,4,3,3,0,1,0.75,317.8029,0.0,0.6227,90,2.0,2.0,1.0
030_C208,30,C,4,3,OPTIMAL,223.6042,4,2,2,0,2,0.5,176.4859,0.0,47.1183,90,2.0,2.0,1.0
030_C208,30,C,4,4,OPTIMAL,227.5607,4,3,2,1,1,0.75,221.5251,0.0,6.0356,90,2.0,2.0,1.0
030_C208,30,C,4,5,OPTIMAL,333.8582,4,2,2,0,2,0.5,285.4604,0.0,48.3978,90,2.0,2.0,1.0
030_C208,30,C,4,6,OPTIMAL,435.7975,4,4,4,0,0,1.0,435.7975,0.0,0.0,90,2.0,2.0,1.0
030_C208,30,C,4,7,OPTIMAL,351.6452,4,3,2,1,1,0.75,314.0859,0.0,37.5593,90,2.0,2.0,1.0
030_C208,30,C,4,8,OPTIMAL,255.4029,4,3,3,0,1,0.75,197.3703,0.0,58.0326,90,2.0,2.0,1.0
030_C208,30,C,4,9,OPTIMAL,336.0528,4,3,2,1,1,0.75,312.8667,0.0,23.1861,90,2.0,2.0,1.0
030_C208,30,C,6,0,OPTIMAL,461.4136,6,5,5,0,1,0.8333,445.4342,0.0,15.9795,90,2.0,2.0,1.0
030_C208,30,C,6,1,OPTIMAL,322.7278,6,3,3,0,3,0.5,279.0426,0.0,43.6852,90,2.0,2.0,1.0
030_C208,30,C,6,2,OPTIMAL,566.77,6,5,5,0,1,0.8333,554.6571,0.0,12.1129,90,2.0,2.0,1.0
030_C208,30,C,6,3,OPTIMAL,367.791,6,4,4,0,2,0.6667,357.3058,0.0,10.4852,90,2.0,2.0,1.0
030_C208,30,C,6,4,OPTIMAL,599.1896,6,6,6,0,0,1.0,599.1896,0.0,0.0,90,2.0,2.0,1.0
030_C208,30,C,6,5,OPTIMAL,552.5273,6,6,5,1,0,1.0,552.5273,0.0,0.0,90,2.0,2.0,1.0
030_C208,30,C,6,6,OPTIMAL,476.9544,6,4,4,0,2,0.6667,439.3205,0.0,37.634,90,2.0,2.0,1.0
030_C208,30,C,6,7,OPTIMAL,397.1466,6,4,4,0,2,0.6667,375.9855,0.0,21.1611,90,2.0,2.0,1.0
030_C208,30,C,6,8,OPTIMAL,488.204,6,3,3,0,3,0.5,450.8172,0.0,37.3868,90,2.0,2.0,1.0
030_C208,30,C,6,9,OPTIMAL,698.9816,6,5,5,0,1,0.8333,697.4199,0.0,1.5617,90,2.0,2.0,1.0
030_R101,30,R,2,0,OPTIMAL,163.9295,2,1,1,0,1,0.5,163.703,0.0,0.2265,90,2.0,2.0,1.0
030_R101,30,R,2,1,OPTIMAL,0.3144,2,0,0,0,2,0.0,0.0,0.0,0.3144,90,2.0,2.0,1.0
030_R101,30,R,2,2,OPTIMAL,161.9895,2,0,0,0,2,0.0,0.0,55.8366,106.1529,90,2.0,2.0,1.0
030_R101,30,R,2,3,OPTIMAL,183.6227,2,1,1,0,1,0.5,183.531,0.0,0.0917,90,2.0,2.0,1.0
030_R101,30,R,2,4,OPTIMAL,132.3472,2,0,0,0,2,0.0,0.0,41.0155,91.3317,90,2.0,2.0,1.0
030_R101,30,R,2,5,OPTIMAL,322.2462,2,2,2,0,0,1.0,322.2462,0.0,0.0,90,2.0,2.0,1.0
030_R101,30,R,2,6,OPTIMAL,121.9405,2,0,0,0,2,0.0,0.0,46.3723,75.5682,90,2.0,2.0,1.0
030_R101,30,R,2,7,OPTIMAL,6.9173,2,0,0,0,2,0.0,0.0,0.0,6.9173,90,2.0,2.0,1.0
030_R101,30,R,2,8,OPTIMAL,2.8286,2,0,0,0,2,0.0,0.0,0.0,2.8286,90,2.0,2.0,1.0
030_R101,30,R,2,9,OPTIMAL,287.762,2,2,2,0,0,1.0,287.762,0.0,0.0,90,2.0,2.0,1.0
030_R101,30,R,4,0,OPTIMAL,158.022,4,1,0,1,3,0.25,143.2958,0.0,14.7261,90,2.0,2.0,1.0
030_R101,30,R,4,1,OPTIMAL,436.3218,4,3,2,1,1,0.75,436.0497,0.0,0.272,90,2.0,2.0,1.0
030_R101,30,R,4,2,OPTIMAL,184.9601,4,1,1,0,3,0.25,152.8847,0.0,32.0754,90,2.0,2.0,1.0
030_R101,30,R,4,3,OPTIMAL,168.1546,4,1,1,0,3,0.25,146.1261,0.0,22.0285,90,2.0,2.0,1.0
030_R101,30,R,4,4,OPTIMAL,352.631,4,2,2,0,2,0.5,307.4153,7.7454,37.4703,90,2.0,2.0,1.0
030_R101,30,R,4,5,OPTIMAL,132.6453,4,1,0,1,3,0.25,109.3027,0.0,23.3426,90,2.0,2.0,1.0
030_R101,30,R,4,6,OPTIMAL,356.0201,4,2,2,0,2,0.5,286.5753,18.7425,50.7022,90,2.0,2.0,1.0
030_R101,30,R,4,7,OPTIMAL,173.8759,4,1,1,0,3,0.25,118.5508,12.0968,43.2283,90,2.0,2.0,1.0
030_R101,30,R,4,8,OPTIMAL,91.3468,4,0,0,0,4,0.0,0.0,29.1488,62.198,90,2.0,2.0,1.0
030_R101,30,R,4,9,OPTIMAL,84.2024,4,0,0,0,4,0.0,0.0,23.9236,60.2789,90,2.0,2.0,1.0
030_R101,30,R,6,0,OPTIMAL,301.305,6,2,2,0,4,0.3333,283.8092,0.0,17.4958,90,2.0,2.0,1.0
030_R101,30,R,6,1,OPTIMAL,461.4893,6,3,3,0,3,0.5,416.4364,6.9135,38.1395,90,2.0,2.0,1.0
030_R101,30,R,6,2,OPTIMAL,207.401,6,1,0,1,5,0.1667,115.1478,5.8277,86.4256,90,2.0,2.0,1.0
030_R101,30,R,6,3,OPTIMAL,495.3794,6,2,2,0,4,0.3333,354.2151,41.3172,99.8471,90,2.0,2.0,1.0
030_R101,30,R,6,4,OPTIMAL,62.948,6,0,0,0,6,0.0,0.0,11.6478,51.3002,90,2.0,2.0,1.0
030_R101,30,R,6,5,OPTIMAL,529.5112,6,3,2,1,3,0.5,453.3256,24.3544,51.8312,90,2.0,2.0,1.0
030_R101,30,R,6,6,OPTIMAL,595.5926,6,3,2,1,3,0.5,448.5873,63.6752,83.3302,90,2.0,2.0,1.0
030_R101,30,R,6,7,OPTIMAL,418.475,6,2,1,1,4,0.3333,282.3641,41.1952,94.9158,90,2.0,2.0,1.0
030_R101,30,R,6,8,OPTIMAL,301.6063,6,2,2,0,4,0.3333,296.8396,0.0,4.7667,90,2.0,2.0,1.0
030_R101,30,R,6,9,OPTIMAL,420.9825,6,2,2,0,4,0.3333,333.9868,15.1333,71.8624,90,2.0,2.0,1.0
030_R102,30,R,2,0,OPTIMAL,163.8163,2,1,0,1,1,0.5,163.703,0.0,0.1133,90,2.0,2.0,1.0
030_R102,30,R,2,1,OPTIMAL,0.2519,2,0,0,0,2,0.0,0.0,0.0,0.2519,90,2.0,2.0,1.0
030_R102,30,R,2,2,OPTIMAL,101.7892,2,0,0,0,2,0.0,0.0,26.5532,75.2359,90,2.0,2.0,1.0
030_R102,30,R,2,3,OPTIMAL,183.5769,2,1,1,0,1,0.5,183.531,0.0,0.0458,90,2.0,2.0,1.0
030_R102,30,R,2,4,OPTIMAL,74.0133,2,0,0,0,2,0.0,0.0,10.0395,63.9738,90,2.0,2.0,1.0
030_R102,30,R,2,5,OPTIMAL,195.9147,2,0,0,0,2,0.0,0.0,77.7605,118.1542,90,2.0,2.0,1.0
030_R102,30,R,2,6,OPTIMAL,57.4621,2,0,0,0,2,0.0,0.0,14.198,43.2641,90,2.0,2.0,1.0
030_R102,30,R,2,7,OPTIMAL,7.2559,2,0,0,0,2,0.0,0.0,0.0,7.2559,90,2.0,2.0,1.0
030_R102,30,R,2,8,OPTIMAL,92.6196,2,0,0,0,2,0.0,0.0,35.4177,57.2019,90,2.0,2.0,1.0
030_R102,30,R,2,9,OPTIMAL,182.8183,2,1,0,1,1,0.5,169.6045,0.0,13.2138,90,2.0,2.0,1.0
030_R102,30,R,4,0,OPTIMAL,197.4264,4,1,0,1,3,0.25,135.1639,14.4963,47.7662,90,2.0,2.0,1.0
030_R102,30,R,4,1,OPTIMAL,223.8705,4,1,1,0,3,0.25,183.6472,9.1213,31.102,90,2.0,2.0,1.0
030_R102,30,R,4,2,OPTIMAL,31.1804,4,0,0,0,4,0.0,0.0,0.0,31.1804,90,2.0,2.0,1.0
030_R102,30,R,4,3,OPTIMAL,20.0109,4,0,0,0,4,0.0,0.0,0.0,20.0109,90,2.0,2.0,1.0
030_R102,30,R,4,4,OPTIMAL,261.3113,4,0,0,0,4,0.0,0.0,85.5436,175.7677,90,2.0,2.0,1.0
030_R102,30,R,4,5,OPTIMAL,151.7993,4,0,0,0,4,0.0,0.0,50.3591,101.4402,90,2.0,2.0,1.0
030_R102,30,R,4,6,OPTIMAL,168.167,4,0,0,0,4,0.0,0.0,57.565,110.602,90,2.0,2.0,1.0
030_R102,30,R,4,7,OPTIMAL,41.9374,4,0,0,0,4,0.0,0.0,0.0,41.9374,90,2.0,2.0,1.0
030_R102,30,R,4,8,OPTIMAL,44.9772,4,0,0,0,4,0.0,0.0,5.8032,39.1739,90,2.0,2.0,1.0
030_R102,30,R,4,9,OPTIMAL,262.2777,4,1,0,1,3,0.25,144.1725,33.9758,84.1293,90,2.0,2.0,1.0
030_R102,30,R,6,0,OPTIMAL,252.1262,6,1,0,1,5,0.1667,128.5493,22.7684,100.8085,90,2.0,2.0,1.0
030_R102,30,R,6,1,OPTIMAL,166.0341,6,0,0,0,6,0.0,0.0,59.1834,106.8507,90,2.0,2.0,1.0
030_R102,30,R,6,2,OPTIMAL,106.3846,6,0,0,0,6,0.0,0.0,23.0201,83.3645,90,2.0,2.0,1.0
030_R102,30,R,6,3,OPTIMAL,547.3495,6,2,2,0,4,0.3333,354.2151,52.0283,141.1061,90,2.0,2.0,1.0
030_R102,30,R,6,4,OPTIMAL,24.588,6,0,0,0,6,0.0,0.0,0.0,24.588,90,2.0,2.0,1.0
030_R102,30,R,6,5,OPTIMAL,298.2976,6,1,1,0,5,0.1667,184.6157,29.1093,84.5725,90,2.0,2.0,1.0
030_R102,30,R,6,6,OPTIMAL,502.3595,6,1,0,1,5,0.1667,143.0446,124.0631,235.2519,90,2.0,2.0,1.0
030_R102,30,R,6,7,OPTIMAL,314.8427,6,1,0,1,5,0.1667,137.4037,40.4589,136.9801,90,2.0,2.0,1.0
030_R102,30,R,6,8,OPTIMAL,328.3272,6,2,1,1,4,0.3333,319.9648,0.0,8.3625,90,2.0,2.0,1.0
030_R102,30,R,6,9,OPTIMAL,372.9507,6,1,1,0,5,0.1667,177.2009,57.5911,138.1587,90,2.0,2.0,1.0
030_R103,30,R,2,0,OPTIMAL,163.9295,2,1,1,0,1,0.5,163.703,0.0,0.2265,90,2.0,2.0,1.0
030_R103,30,R,2,1,OPTIMAL,0.1323,2,0,0,0,2,0.0,0.0,0.0,0.1323,90,2.0,2.0,1.0
030_R103,30,R,2,2,OPTIMAL,96.364,2,0,0,0,2,0.0,0.0,19.4477,76.9162,90,2.0,2.0,1.0
030_R103,30,R,2,3,OPTIMAL,183.5769,2,1,1,0,1,0.5,183.531,0.0,0.0458,90,2.0,2.0,1.0
030_R103,30,R,2,4,OPTIMAL,79.2402,2,0,0,0,2,0.0,0.0,6.5997,72.6404,90,2.0,2.0,1.0
030_R103,30,R,2,5,OPTIMAL,322.2462,2,2,1,1,0,1.0,322.2462,0.0,0.0,90,2.0,2.0,1.0
030_R103,30,R,2,6,OPTIMAL,77.5486,2,0,0,0,2,0.0,0.0,22.3836,55.1649,90,2.0,2.0,1.0
030_R103,30,R,2,7,OPTIMAL,66.4119,2,0,0,0,2,0.0,0.0,9.572,56.8399,90,2.0,2.0,1.0
030_R103,30,R,2,8,OPTIMAL,2.2922,2,0,0,0,2,0.0,0.0,0.0,2.2922,90,2.0,2.0,1.0
030_R103,30,R,2,9,OPTIMAL,170.8958,2,1,0,1,1,0.5,169.6045,0.0,1.2913,90,2.0,2.0,1.0
030_R103,30,R,4,0,OPTIMAL,12.5328,4,0,0,0,4,0.0,0.0,0.0,12.5328,90,2.0,2.0,1.0
030_R103,30,R,4,1,OPTIMAL,194.5318,4,1,1,0,3,0.25,183.6472,0.0,10.8846,90,2.0,2.0,1.0
030_R103,30,R,4,2,OPTIMAL,23.1162,4,0,0,0,4,0.0,0.0,0.0,23.1162,90,2.0,2.0,1.0
030_R103,30,R,4,3,OPTIMAL,8.1658,4,0,0,0,4,0.0,0.0,0.0,8.1658,90,2.0,2.0,1.0
030_R103,30,R,4,4,OPTIMAL,184.2739,4,1,1,0,3,0.25,178.1154,0.0,6.1586,90,2.0,2.0,1.0
030_R103,30,R,4,5,OPTIMAL,23.2945,4,0,0,0,4,0.0,0.0,0.0,23.2945,90,2.0,2.0,1.0
030_R103,30,R,4,6,OPTIMAL,147.056,4,1,0,1,3,0.25,142.9865,0.0,4.0696,90,2.0,2.0,1.0
030_R103,30,R,4,7,OPTIMAL,6.9612,4,0,0,0,4,0.0,0.0,0.0,6.9612,90,2.0,2.0,1.0
030_R103,30,R,4,8,OPTIMAL,8.6938,4,0,0,0,4,0.0,0.0,0.0,8.6938,90,2.0,2.0,1.0
030_R103,30,R,4,9,OPTIMAL,7.5476,4,0,0,0,4,0.0,0.0,0.0,7.5476,90,2.0,2.0,1.0
030_R103,30,R,6,0,OPTIMAL,73.5188,6,0,0,0,6,0.0,0.0,9.3871,64.1317,90,2.0,2.0,1.0
030_R103,30,R,6,1,OPTIMAL,153.75,6,1,0,1,5,0.1667,144.9077,0.0,8.8423,90,2.0,2.0,1.0
030_R103,30,R,6,2,OPTIMAL,27.9426,6,0,0,0,6,0.0,0.0,0.0,27.9426,90,2.0,2.0,1.0
030_R103,30,R,6,3,OPTIMAL,613.744,6,3,2,1,3,0.5,527.7732,18.8671,67.1036,90,2.0,2.0,1.0
030_R103,30,R,6,4,OPTIMAL,4.9182,6,0,0,0,6,0.0,0.0,0.0,4.9182,90,2.0,2.0,1.0
030_R103,30,R,6,5,OPTIMAL,263.6849,6,1,1,0,5,0.1667,184.6157,18.5687,60.5004,90,2.0,2.0,1.0
030_R103,30,R,6,6,OPTIMAL,367.8575,6,2,0,2,4,0.3333,287.2022,3.9932,76.6621,90,2.0,2.0,1.0
030_R103,30,R,6,7,OPTIMAL,85.1209,6,0,0,0,6,0.0,0.0,5.3027,79.8181,90,2.0,2.0,1.0
030_R103,30,R,6,8,OPTIMAL,185.4188,6,1,1,0,5,0.1667,180.283,0.0,5.1358,90,2.0,2.0,1.0
030_R103,30,R,6,9,OPTIMAL,483.7606,6,3,1,2,3,0.5,475.053,0.0,8.7076,90,2.0,2.0,1.0
030_R105,30,R,2,0,OPTIMAL,163.9295,2,1,1,0,1,0.5,163.703,0.0,0.2265,90,2.0,2.0,1.0
030_R105,30,R,2,1,OPTIMAL,0.0661,2,0,0,0,2,0.0,0.0,0.0,0.0661,90,2.0,2.0,1.0
030_R105,30,R,2,2,OPTIMAL,64.1121,2,0,0,0,2,0.0,0.0,0.0,64.1121,90,2.0,2.0,1.0
030_R105,30,R,2,3,OPTIMAL,183.6227,2,1,1,0,1,0.5,183.531,0.0,0.0917,90,2.0,2.0,1.0
030_R105,30,R,2,4,OPTIMAL,45.7533,2,0,0,0,2,0.0,0.0,0.0,45.7533,90,2.0,2.0,1.0
030_R105,30,R,2,5,OPTIMAL,251.7763,2,1,1,0,1,0.5,158.9289,11.6973,81.15,90,2.0,2.0,1.0
030_R105,30,R,2,6,OPTIMAL,26.4996,2,0,0,0,2,0.0,0.0,0.0,26.4996,90,2.0,2.0,1.0
030_R105,30,R,2,7,OPTIMAL,172.2152,2,1,1,0,1,0.5,171.2431,0.0,0.9721,90,2.0,2.0,1.0
030_R105,30,R,2,8,OPTIMAL,2.2922,2,0,0,0,2,0.0,0.0,0.0,2.2922,90,2.0,2.0,1.0
030_R105,30,R,2,9,OPTIMAL,170.2501,2,1,1,0,1,0.5,169.6045,0.0,0.6456,90,2.0,2.0,1.0
030_R105,30,R,4,0,OPTIMAL,108.3717,4,0,0,0,4,0.0,0.0,0.0,108.3717,90,2.0,2.0,1.0
030_R105,30,R,4,1,OPTIMAL,334.845,4,2,2,0,2,0.5,330.6277,0.0,4.2173,90,2.0,2.0,1.0
030_R105,30,R,4,2,OPTIMAL,188.1363,4,1,1,0,3,0.25,152.8847,0.0,35.2516,90,2.0,2.0,1.0
030_R105,30,R,4,3,OPTIMAL,179.5448,4,1,1,0,3,0.25,146.1261,0.0,33.4187,90,2.0,2.0,1.0
030_R105,30,R,4,4,OPTIMAL,310.5186,4,1,1,0,3,0.25,178.1154,0.4566,131.9466,90,2.0,2.0,1.0
030_R105,30,R,4,5,OPTIMAL,72.7606,4,0,0,0,4,0.0,0.0,0.0,72.7606,90,2.0,2.0,1.0
030_R105,30,R,4,6,OPTIMAL,370.2709,4,2,2,0,2,0.5,308.1625,0.0,62.1084,90,2.0,2.0,1.0
030_R105,30,R,4,7,OPTIMAL,128.3641,4,0,0,0,4,0.0,0.0,5.8404,122.5237,90,2.0,2.0,1.0
030_R105,30,R,4,8,OPTIMAL,221.6158,4,1,1,0,3,0.25,164.4927,0.0,57.1231,90,2.0,2.0,1.0
030_R105,30,R,4,9,OPTIMAL,53.3268,4,0,0,0,4,0.0,0.0,0.0,53.3268,90,2.0,2.0,1.0
030_R105,30,R,6,0,OPTIMAL,291.6395,6,1,1,0,5,0.1667,173.8298,0.0,117.8097,90,2.0,2.0,1.0
030_R105,30,R,6,1,OPTIMAL,180.9859,6,1,1,0,5,0.1667,147.5378,0.0,33.4481,90,2.0,2.0,1.0
030_R105,30,R,6,2,OPTIMAL,137.5167,6,0,0,0,6,0.0,0.0,0.0,137.5167,90,2.0,2.0,1.0
030_R105,30,R,6,3,OPTIMAL,603.526,6,3,3,0,3,0.5,527.7732,0.0,75.7527,90,2.0,2.0,1.0
030_R105,30,R,6,4,OPTIMAL,92.913,6,0,0,0,6,0.0,0.0,0.0,92.913,90,2.0,2.0,1.0
030_R105,30,R,6,5,OPTIMAL,416.0208,6,2,2,0,4,0.3333,335.4072,0.0,80.6136,90,2.0,2.0,1.0
030_R105,30,R,6,6,OPTIMAL,532.3664,6,3,2,1,3,0.5,448.5873,0.0,83.7791,90,2.0,2.0,1.0
030_R105,30,R,6,7,OPTIMAL,199.3337,6,1,1,0,5,0.1667,170.1936,0.0,29.1402,90,2.0,2.0,1.0
030_R105,30,R,6,8,OPTIMAL,223.2848,6,1,1,0,5,0.1667,180.283,0.0,43.0018,90,2.0,2.0,1.0
030_R105,30,R,6,9,OPTIMAL,437.2915,6,2,2,0,4,0.3333,333.9868,0.0,103.3047,90,2.0,2.0,1.0
030_R106,30,R,2,0,OPTIMAL,69.2504,2,0,0,0,2,0.0,0.0,3.0862,66.1642,90,2.0,2.0,1.0
030_R106,30,R,2,1,OPTIMAL,0.0689,2,0,0,0,2,0.0,0.0,0.0,0.0689,90,2.0,2.0,1.0
030_R106,30,R,2,2,OPTIMAL,60.2563,2,0,0,0,2,0.0,0.0,0.0,60.2563,90,2.0,2.0,1.0
030_R106,30,R,2,3,OPTIMAL,183.6227,2,1,1,0,1,0.5,183.531,0.0,0.0917,90,2.0,2.0,1.0
030_R106,30,R,2,4,OPTIMAL,55.5092,2,0,0,0,2,0.0,0.0,0.0,55.5092,90,2.0,2.0,1.0
030_R106,30,R,2,5,OPTIMAL,227.9636,2,1,0,1,1,0.5,158.9289,2.9783,66.0564,90,2.0,2.0,1.0
030_R106,30,R,2,6,OPTIMAL,26.4996,2,0,0,0,2,0.0,0.0,0.0,26.4996,90,2.0,2.0,1.0
030_R106,30,R,2,7,OPTIMAL,93.6366,2,0,0,0,2,0.0,0.0,0.0,93.6366,90,2.0,2.0,1.0
030_R106,30,R,2,8,OPTIMAL,1.6176,2,0,0,0,2,0.0,0.0,0.0,1.6176,90,2.0,2.0,1.0
030_R106,30,R,2,9,OPTIMAL,170.8958,2,1,0,1,1,0.5,169.6045,0.0,1.2913,90,2.0,2.0,1.0
030_R106,30,R,4,0,OPTIMAL,80.3012,4,0,0,0,4,0.0,0.0,0.0,80.3012,90,2.0,2.0,1.0
030_R106,30,R,4,1,OPTIMAL,190.7257,4,1,1,0,3,0.25,183.6472,0.0,7.0785,90,2.0,2.0,1.0
030_R106,30,R,4,2,OPTIMAL,49.5635,4,0,0,0,4,0.0,0.0,0.0,49.5635,90,2.0,2.0,1.0
030_R106,30,R,4,3,OPTIMAL,48.0536,4,0,0,0,4,0.0,0.0,0.0,48.0536,90,2.0,2.0,1.0
030_R106,30,R,4,4,OPTIMAL,293.4424,4,1,1,0,3,0.25,178.1154,10.5144,104.8127,90,2.0,2.0,1.0
030_R106,30,R,4,5,OPTIMAL,40.7938,4,0,0,0,4,0.0,0.0,0.0,40.7938,90,2.0,2.0,1.0
030_R106,30,R,4,6,OPTIMAL,132.5329,4,0,0,0,4,0.0,0.0,0.0,132.5329,90,2.0,2.0,1.0
030_R106,30,R,4,7,OPTIMAL,72.0262,4,0,0,0,4,0.0,0.0,0.0,72.0262,90,2.0,2.0,1.0
030_R106,30,R,4,8,OPTIMAL,121.2722,4,0,0,0,4,0.0,0.0,0.0,121.2722,90,2.0,2.0,1.0
030_R106,30,R,4,9,OPTIMAL,41.9683,4,0,0,0,4,0.0,0.0,0.0,41.9683,90,2.0,2.0,1.0
030_R106,30,R,6,0,OPTIMAL,196.6183,6,0,0,0,6,0.0,0.0,0.0,196.6183,90,2.0,2.0,1.0
030_R106,30,R,6,1,OPTIMAL,34.1222,6,0,0,0,6,0.0,0.0,0.0,34.1222,90,2.0,2.0,1.0
030_R106,30,R,6,2,OPTIMAL,89.8217,6,0,0,0,6,0.0,0.0,0.0,89.8217,90,2.0,2.0,1.0
030_R106,30,R,6,3,OPTIMAL,475.1716,6,1,1,0,5,0.1667,180.7435,11.5058,282.9222,90,2.0,2.0,1.0
030_R106,30,R,6,4,OPTIMAL,52.1154,6,0,0,0,6,0.0,0.0,0.0,52.1154,90,2.0,2.0,1.0
030_R106,30,R,6,5,OPTIMAL,252.2353,6,1,1,0,5,0.1667,184.6157,0.0,67.6196,90,2.0,2.0,1.0
030_R106,30,R,6,6,OPTIMAL,402.5308,6,1,0,1,5,0.1667,143.0446,18.5491,240.9371,90,2.0,2.0,1.0
030_R106,30,R,6,7,OPTIMAL,120.2096,6,0,0,0,6,0.0,0.0,0.0,120.2096,90,2.0,2.0,1.0
030_R106,30,R,6,8,OPTIMAL,188.6856,6,1,1,0,5,0.1667,180.283,0.0,8.4026,90,2.0,2.0,1.0
030_R106,30,R,6,9,OPTIMAL,421.2122,6,2,1,1,4,0.3333,333.9868,0.0,87.2255,90,2.0,2.0,1.0
030_R107,30,R,2,0,OPTIMAL,163.9295,2,1,1,0,1,0.5,163.703,0.0,0.2265,90,2.0,2.0,1.0
030_R107,30,R,2,1,OPTIMAL,0.1323,2,0,0,0,2,0.0,0.0,0.0,0.1323,90,2.0,2.0,1.0
030_R107,30,R,2,2,OPTIMAL,74.7985,2,0,0,0,2,0.0,0.0,0.0,74.7985,90,2.0,2.0,1.0
030_R107,30,R,2,3,OPTIMAL,183.6227,2,1,1,0,1,0.5,183.531,0.0,0.0917,90,2.0,2.0,1.0
030_R107,30,R,2,4,OPTIMAL,29.6487,2,0,0,0,2,0.0,0.0,0.0,29.6487,90,2.0,2.0,1.0
030_R107,30,R,2,5,OPTIMAL,320.2875,2,1,1,0,1,0.5,163.3174,44.8807,112.0894,90,2.0,2.0,1.0
030_R107,30,R,2,6,OPTIMAL,32.6722,2,0,0,0,2,0.0,0.0,0.0,32.6722,90,2.0,2.0,1.0
030_R107,30,R,2,7,OPTIMAL,7.1001,2,0,0,0,2,0.0,0.0,0.0,7.1001,90,2.0,2.0,1.0
030_R107,30,R,2,8,OPTIMAL,58.9861,2,0,0,0,2,0.0,0.0,0.0,58.9861,90,2.0,2.0,1.0
030_R107,30,R,2,9,OPTIMAL,170.8958,2,1,0,1,1,0.5,169.6045,0.0,1.2913,90,2.0,2.0,1.0
030_R107,30,R,4,0,OPTIMAL,117.0174,4,0,0,0,4,0.0,0.0,20.655,96.3624,90,2.0,2.0,1.0
030_R107,30,R,4,1,OPTIMAL,190.8617,4,1,1,0,3,0.25,183.6472,0.0,7.2145,90,2.0,2.0,1.0
030_R107,30,R,4,2,OPTIMAL,26.0897,4,0,0,0,4,0.0,0.0,0.0,26.0897,90,2.0,2.0,1.0
030_R107,30,R,4,3,OPTIMAL,13.734,4,0,0,0,4,0.0,0.0,0.0,13.734,90,2.0,2.0,1.0
030_R107,30,R,4,4,OPTIMAL,178.551,4,1,1,0,3,0.25,178.1154,0.0,0.4356,90,2.0,2.0,1.0
030_R107,30,R,4,5,OPTIMAL,117.6093,4,0,0,0,4,0.0,0.0,13.5684,104.0409,90,2.0,2.0,1.0
030_R107,30,R,4,6,OPTIMAL,118.6609,4,0,0,0,4,0.0,0.0,20.7743,97.8865,90,2.0,2.0,1.0
030_R107,30,R,4,7,OPTIMAL,9.2372,4,0,0,0,4,0.0,0.0,0.0,9.2372,90,2.0,2.0,1.0
030_R107,30,R,4,8,OPTIMAL,13.2458,4,0,0,0,4,0.0,0.0,0.0,13.2458,90,2.0,2.0,1.0
030_R107,30,R,4,9,OPTIMAL,202.3314,4,1,0,1,3,0.25,144.1725,0.0,58.1589,90,2.0,2.0,1.0
030_R107,30,R,6,0,OPTIMAL,218.6795,6,0,0,0,6,0.0,0.0,18.7717,199.9078,90,2.0,2.0,1.0
030_R107,30,R,6,1,OPTIMAL,124.4851,6,0,0,0,6,0.0,0.0,22.3928,102.0923,90,2.0,2.0,1.0
030_R107,30,R,6,2,OPTIMAL,27.8527,6,0,0,0,6,0.0,0.0,0.0,27.8527,90,2.0,2.0,1.0
030_R107,30,R,6,3,OPTIMAL,556.067,6,2,2,0,4,0.3333,354.2151,12.5858,189.2661,90,2.0,2.0,1.0
030_R107,30,R,6,4,OPTIMAL,8.6385,6,0,0,0,6,0.0,0.0,0.0,8.6385,90,2.0,2.0,1.0
030_R107,30,R,6,5,OPTIMAL,224.5663,6,1,1,0,5,0.1667,184.6157,0.0,39.9506,90,2.0,2.0,1.0
030_R107,30,R,6,6,OPTIMAL,379.6546,6,1,0,1,5,0.1667,143.0446,23.0448,213.5652,90,2.0,2.0,1.0
030_R107,30,R,6,7,OPTIMAL,237.3197,6,0,0,0,6,0.0,0.0,23.1833,214.1365,90,2.0,2.0,1.0
030_R107,30,R,6,8,OPTIMAL,316.0461,6,1,1,0,5,0.1667,180.283,29.6261,106.137,90,2.0,2.0,1.0
030_R107,30,R,6,9,OPTIMAL,446.579,6,1,1,0,5,0.1667,177.2009,63.3713,206.0067,90,2.0,2.0,1.0
030_R109,30,R,2,0,OPTIMAL,90.6917,2,0,0,0,2,0.0,0.0,0.0,90.6917,90,2.0,2.0,1.0
030_R109,30,R,2,1,OPTIMAL,0.0661,2,0,0,0,2,0.0,0.0,0.0,0.0661,90,2.0,2.0,1.0
030_R109,30,R,2,2,OPTIMAL,29.6846,2,0,0,0,2,0.0,0.0,0.0,29.6846,90,2.0,2.0,1.0
030_R109,30,R,2,3,OPTIMAL,183.5769,2,1,1,0,1,0.5,183.531,0.0,0.0458,90,2.0,2.0,1.0
030_R109,30,R,2,4,OPTIMAL,56.0736,2,0,0,0,2,0.0,0.0,0.0,56.0736,90,2.0,2.0,1.0
030_R109,30,R,2,5,OPTIMAL,249.4589,2,1,0,1,1,0.5,158.9289,0.0,90.53,90,2.0,2.0,1.0
030_R109,30,R,2,6,OPTIMAL,21.1319,2,0,0,0,2,0.0,0.0,0.0,21.1319,90,2.0,2.0,1.0
030_R109,30,R,2,7,OPTIMAL,8.8753,2,0,0,0,2,0.0,0.0,0.0,8.8753,90,2.0,2.0,1.0
030_R109,30,R,2,8,OPTIMAL,2.9728,2,0,0,0,2,0.0,0.0,0.0,2.9728,90,2.0,2.0,1.0
030_R109,30,R,2,9,OPTIMAL,170.2501,2,1,1,0,1,0.5,169.6045,0.0,0.6456,90,2.0,2.0,1.0
030_R109,30,R,4,0,OPTIMAL,61.577,4,0,0,0,4,0.0,0.0,0.0,61.577,90,2.0,2.0,1.0
030_R109,30,R,4,1,OPTIMAL,221.4525,4,1,1,0,3,0.25,183.6472,0.0,37.8053,90,2.0,2.0,1.0
030_R109,30,R,4,2,OPTIMAL,79.8022,4,0,0,0,4,0.0,0.0,0.0,79.8022,90,2.0,2.0,1.0
030_R109,30,R,4,3,OPTIMAL,80.5436,4,0,0,0,4,0.0,0.0,0.0,80.5436,90,2.0,2.0,1.0
030_R109,30,R,4,4,OPTIMAL,208.3682,4,1,1,0,3,0.25,178.1154,0.0,30.2528,90,2.0,2.0,1.0
030_R109,30,R,4,5,OPTIMAL,25.2936,4,0,0,0,4,0.0,0.0,0.0,25.2936,90,2.0,2.0,1.0
030_R109,30,R,4,6,OPTIMAL,74.8857,4,0,0,0,4,0.0,0.0,0.0,74.8857,90,2.0,2.0,1.0
030_R109,30,R,4,7,OPTIMAL,40.0718,4,0,0,0,4,0.0,0.0,0.0,40.0718,90,2.0,2.0,1.0
030_R109,30,R,4,8,OPTIMAL,59.3096,4,0,0,0,4,0.0,0.0,0.0,59.3096,90,2.0,2.0,1.0
030_R109,30,R,4,9,OPTIMAL,49.4185,4,0,0,0,4,0.0,0.0,0.0,49.4185,90,2.0,2.0,1.0
030_R109,30,R,6,0,OPTIMAL,222.092,6,1,1,0,5,0.1667,173.8298,0.0,48.2623,90,2.0,2.0,1.0
030_R109,30,R,6,1,OPTIMAL,163.6293,6,1,0,1,5,0.1667,147.5378,0.0,16.0915,90,2.0,2.0,1.0
030_R109,30,R,6,2,OPTIMAL,79.2996,6,0,0,0,6,0.0,0.0,0.0,79.2996,90,2.0,2.0,1.0
030_R109,30,R,6,3,OPTIMAL,552.7729,6,2,2,0,4,0.3333,354.3016,0.0,198.4713,90,2.0,2.0,1.0
030_R109,30,R,6,4,OPTIMAL,41.37,6,0,0,0,6,0.0,0.0,0.0,41.37,90,2.0,2.0,1.0
030_R109,30,R,6,5,OPTIMAL,288.4844,6,1,1,0,5,0.1667,184.6157,0.0,103.8687,90,2.0,2.0,1.0
030_R109,30,R,6,6,OPTIMAL,322.5184,6,1,1,0,5,0.1667,168.8357,0.0,153.6827,90,2.0,2.0,1.0
030_R109,30,R,6,7,OPTIMAL,190.0981,6,1,1,0,5,0.1667,170.1936,0.0,19.9045,90,2.0,2.0,1.0
030_R109,30,R,6,8,OPTIMAL,193.019,6,1,1,0,5,0.1667,180.283,0.0,12.736,90,2.0,2.0,1.0
030_R109,30,R,6,9,OPTIMAL,428.9996,6,2,1,1,4,0.3333,333.9868,0.0,95.0128,90,2.0,2.0,1.0
030_R110,30,R,2,0,OPTIMAL,69.2423,2,0,0,0,2,0.0,0.0,0.0,69.2423,90,2.0,2.0,1.0
030_R110,30,R,2,1,OPTIMAL,0.0689,2,0,0,0,2,0.0,0.0,0.0,0.0689,90,2.0,2.0,1.0
030_R110,30,R,2,2,OPTIMAL,40.4011,2,0,0,0,2,0.0,0.0,0.0,40.4011,90,2.0,2.0,1.0
030_R110,30,R,2,3,OPTIMAL,183.5769,2,1,1,0,1,0.5,183.531,0.0,0.0458,90,2.0,2.0,1.0
030_R110,30,R,2,4,OPTIMAL,70.707,2,0,0,0,2,0.0,0.0,0.0,70.707,90,2.0,2.0,1.0
030_R110,30,R,2,5,OPTIMAL,228.0633,2,1,0,1,1,0.5,158.9289,0.0,69.1344,90,2.0,2.0,1.0
030_R110,30,R,2,6,OPTIMAL,3.1681,2,0,0,0,2,0.0,0.0,0.0,3.1681,90,2.0,2.0,1.0
030_R110,30,R,2,7,OPTIMAL,7.1402,2,0,0,0,2,0.0,0.0,0.0,7.1402,90,2.0,2.0,1.0
030_R110,30,R,2,8,OPTIMAL,3.8952,2,0,0,0,2,0.0,0.0,0.0,3.8952,90,2.0,2.0,1.0
030_R110,30,R,2,9,OPTIMAL,170.8958,2,1,0,1,1,0.5,169.6045,0.0,1.2913,90,2.0,2.0,1.0
030_R110,30,R,4,0,OPTIMAL,56.3946,4,0,0,0,4,0.0,0.0,0.0,56.3946,90,2.0,2.0,1.0
030_R110,30,R,4,1,OPTIMAL,338.8531,4,2,1,1,2,0.5,330.6277,0.0,8.2254,90,2.0,2.0,1.0
030_R110,30,R,4,2,OPTIMAL,217.8493,4,1,0,1,3,0.25,152.8847,0.0,64.9647,90,2.0,2.0,1.0
030_R110,30,R,4,3,OPTIMAL,227.5583,4,1,0,1,3,0.25,146.1261,0.0,81.4321,90,2.0,2.0,1.0
030_R110,30,R,4,4,OPTIMAL,215.6779,4,1,1,0,3,0.25,178.1154,0.0,37.5625,90,2.0,2.0,1.0
030_R110,30,R,4,5,OPTIMAL,9.88,4,0,0,0,4,0.0,0.0,0.0,9.88,90,2.0,2.0,1.0
030_R110,30,R,4,6,OPTIMAL,183.625,4,1,0,1,3,0.25,143.5889,0.0,40.0362,90,2.0,2.0,1.0
030_R110,30,R,4,7,OPTIMAL,79.1007,4,0,0,0,4,0.0,0.0,0.0,79.1007,90,2.0,2.0,1.0
030_R110,30,R,4,8,OPTIMAL,73.3266,4,0,0,0,4,0.0,0.0,0.0,73.3266,90,2.0,2.0,1.0
030_R110,30,R,4,9,OPTIMAL,51.1071,4,0,0,0,4,0.0,0.0,0.0,51.1071,90,2.0,2.0,1.0
030_R110,30,R,6,0,OPTIMAL,260.5512,6,1,1,0,5,0.1667,173.8298,0.0,86.7215,90,2.0,2.0,1.0
030_R110,30,R,6,1,OPTIMAL,168.3147,6,1,0,1,5,0.1667,147.5378,0.0,20.7769,90,2.0,2.0,1.0
030_R110,30,R,6,2,OPTIMAL,97.4313,6,0,0,0,6,0.0,0.0,0.0,97.4313,90,2.0,2.0,1.0
030_R110,30,R,6,3,OPTIMAL,645.0371,6,3,2,1,3,0.5,527.7732,0.0,117.2638,90,2.0,2.0,1.0
030_R110,30,R,6,4,OPTIMAL,78.3206,6,0,0,0,6,0.0,0.0,0.0,78.3206,90,2.0,2.0,1.0
030_R110,30,R,6,5,OPTIMAL,378.3417,6,2,1,1,4,0.3333,335.4072,0.0,42.9345,90,2.0,2.0,1.0
030_R110,30,R,6,6,OPTIMAL,263.3029,6,1,1,0,5,0.1667,168.8357,0.0,94.4672,90,2.0,2.0,1.0
030_R110,30,R,6,7,OPTIMAL,181.7251,6,1,1,0,5,0.1667,170.1936,0.0,11.5316,90,2.0,2.0,1.0
030_R110,30,R,6,8,OPTIMAL,187.2538,6,1,1,0,5,0.1667,180.283,0.0,6.9708,90,2.0,2.0,1.0
030_R110,30,R,6,9,OPTIMAL,452.6487,6,2,1,1,4,0.3333,333.9868,0.0,118.6619,90,2.0,2.0,1.0
030_R111,30,R,2,0,OPTIMAL,69.2423,2,0,0,0,2,0.0,0.0,0.0,69.2423,90,2.0,2.0,1.0
030_R111,30,R,2,1,OPTIMAL,0.1323,2,0,0,0,2,0.0,0.0,0.0,0.1323,90,2.0,2.0,1.0
030_R111,30,R,2,2,OPTIMAL,83.9186,2,0,0,0,2,0.0,0.0,0.0,83.9186,90,2.0,2.0,1.0
030_R111,30,R,2,3,OPTIMAL,183.6227,2,1,1,0,1,0.5,183.531,0.0,0.0917,90,2.0,2.0,1.0
030_R111,30,R,2,4,OPTIMAL,87.1298,2,0,0,0,2,0.0,0.0,0.0,87.1298,90,2.0,2.0,1.0
030_R111,30,R,2,5,OPTIMAL,228.0633,2,1,0,1,1,0.5,158.9289,0.0,69.1344,90,2.0,2.0,1.0
030_R111,30,R,2,6,OPTIMAL,52.3302,2,0,0,0,2,0.0,0.0,0.0,52.3302,90,2.0,2.0,1.0
030_R111,30,R,2,7,OPTIMAL,41.1421,2,0,0,0,2,0.0,0.0,0.0,41.1421,90,2.0,2.0,1.0
030_R111,30,R,2,8,OPTIMAL,46.819,2,0,0,0,2,0.0,0.0,0.0,46.819,90,2.0,2.0,1.0
030_R111,30,R,2,9,OPTIMAL,170.8958,2,1,0,1,1,0.5,169.6045,0.0,1.2913,90,2.0,2.0,1.0
030_R111,30,R,4,0,OPTIMAL,133.0342,4,0,0,0,4,0.0,0.0,0.0,133.0342,90,2.0,2.0,1.0
030_R111,30,R,4,1,OPTIMAL,188.557,4,1,1,0,3,0.25,183.6472,0.0,4.9098,90,2.0,2.0,1.0
030_R111,30,R,4,2,OPTIMAL,102.1884,4,0,0,0,4,0.0,0.0,0.0,102.1884,90,2.0,2.0,1.0
030_R111,30,R,4,3,OPTIMAL,71.1516,4,0,0,0,4,0.0,0.0,0.0,71.1516,90,2.0,2.0,1.0
030_R111,30,R,4,4,OPTIMAL,171.9196,4,0,0,0,4,0.0,0.0,19.4424,152.4771,90,2.0,2.0,1.0
030_R111,30,R,4,5,OPTIMAL,110.2659,4,0,0,0,4,0.0,0.0,0.0,110.2659,90,2.0,2.0,1.0
030_R111,30,R,4,6,OPTIMAL,154.2962,4,0,0,0,4,0.0,0.0,0.0,154.2962,90,2.0,2.0,1.0
030_R111,30,R,4,7,OPTIMAL,49.0727,4,0,0,0,4,0.0,0.0,0.0,49.0727,90,2.0,2.0,1.0
030_R111,30,R,4,8,OPTIMAL,81.623,4,0,0,0,4,0.0,0.0,0.0,81.623,90,2.0,2.0,1.0
030_R111,30,R,4,9,OPTIMAL,173.1569,4,0,0,0,4,0.0,0.0,0.0,173.1569,90,2.0,2.0,1.0
030_R111,30,R,6,0,OPTIMAL,190.7119,6,0,0,0,6,0.0,0.0,0.0,190.7119,90,2.0,2.0,1.0
030_R111,30,R,6,1,OPTIMAL,91.5238,6,0,0,0,6,0.0,0.0,0.0,91.5238,90,2.0,2.0,1.0
030_R111,30,R,6,2,OPTIMAL,106.7006,6,0,0,0,6,0.0,0.0,0.0,106.7006,90,2.0,2.0,1.0
030_R111,30,R,6,3,OPTIMAL,615.5815,6,2,1,1,4,0.3333,305.4539,3.5058,306.6218,90,2.0,2.0,1.0
030_R111,30,R,6,4,OPTIMAL,45.1052,6,0,0,0,6,0.0,0.0,0.0,45.1052,90,2.0,2.0,1.0
030_R111,30,R,6,5,OPTIMAL,310.6016,6,1,1,0,5,0.1667,184.6157,0.0,125.9858,90,2.0,2.0,1.0
030_R111,30,R,6,6,OPTIMAL,369.3073,6,1,0,1,5,0.1667,143.0446,0.0,226.2628,90,2.0,2.0,1.0
030_R111,30,R,6,7,OPTIMAL,165.6259,6,0,0,0,6,0.0,0.0,0.0,165.6259,90,2.0,2.0,1.0
030_R111,30,R,6,8,OPTIMAL,271.7412,6,1,1,0,5,0.1667,180.283,0.0,91.4582,90,2.0,2.0,1.0
030_R111,30,R,6,9,OPTIMAL,454.3402,6,2,1,1,4,0.3333,333.9868,0.0,120.3534,90,2.0,2.0,1.0
030_R201,30,R,2,0,OPTIMAL,202.7892,2,2,2,0,0,1.0,202.7892,0.0,0.0,90,2.0,2.0,1.0
030_R201,30,R,2,1,OPTIMAL,27.5669,2,0,0,0,2,0.0,0.0,0.0,27.5669,90,2.0,2.0,1.0
030_R201,30,R,2,2,OPTIMAL,119.1012,2,1,1,0,1,0.5,118.9073,0.0,0.1939,90,2.0,2.0,1.0
030_R201,30,R,2,3,OPTIMAL,74.3181,2,0,0,0,2,0.0,0.0,0.0,74.3181,90,2.0,2.0,1.0
030_R201,30,R,2,4,OPTIMAL,260.9463,2,2,2,0,0,1.0,260.9463,0.0,0.0,90,2.0,2.0,1.0
030_R201,30,R,2,5,OPTIMAL,322.2462,2,2,2,0,0,1.0,322.2462,0.0,0.0,90,2.0,2.0,1.0
030_R201,30,R,2,6,OPTIMAL,14.0058,2,0,0,0,2,0.0,0.0,0.0,14.0058,90,2.0,2.0,1.0
030_R201,30,R,2,7,OPTIMAL,171.4281,2,1,1,0,1,0.5,171.2431,0.0,0.185,90,2.0,2.0,1.0
030_R201,30,R,2,8,OPTIMAL,112.386,2,1,1,0,1,0.5,102.1031,0.0,10.283,90,2.0,2.0,1.0
030_R201,30,R,2,9,OPTIMAL,287.762,2,2,2,0,0,1.0,287.762,0.0,0.0,90,2.0,2.0,1.0
030_R201,30,R,4,0,OPTIMAL,276.524,4,2,2,0,2,0.5,242.2221,0.0,34.3019,90,2.0,2.0,1.0
030_R201,30,R,4,1,OPTIMAL,443.2956,4,3,3,0,1,0.75,436.0497,0.0,7.2458,90,2.0,2.0,1.0
030_R201,30,R,4,2,OPTIMAL,225.6877,4,2,1,1,2,0.5,190.069,0.0,35.6187,90,2.0,2.0,1.0
030_R201,30,R,4,3,OPTIMAL,218.9961,4,2,1,1,2,0.5,174.7475,0.0,44.2486,90,2.0,2.0,1.0
030_R201,30,R,4,4,OPTIMAL,260.9456,4,2,2,0,2,0.5,224.9551,0.0,35.9905,90,2.0,2.0,1.0
030_R201,30,R,4,5,OPTIMAL,302.6236,4,2,1,1,2,0.5,255.4833,0.0,47.1402,90,2.0,2.0,1.0
030_R201,30,R,4,6,OPTIMAL,394.7192,4,2,2,0,2,0.5,307.5601,0.0,87.1591,90,2.0,2.0,1.0
030_R201,30,R,4,7,OPTIMAL,349.9095,4,2,2,0,2,0.5,263.778,0.0,86.1315,90,2.0,2.0,1.0
030_R201,30,R,4,8,OPTIMAL,224.2375,4,1,1,0,3,0.25,140.7825,0.0,83.455,90,2.0,2.0,1.0
030_R201,30,R,4,9,OPTIMAL,157.3103,4,1,1,0,3,0.25,144.1725,0.0,13.1377,90,2.0,2.0,1.0
030_R201,30,R,6,0,OPTIMAL,496.4065,6,3,3,0,3,0.5,448.2209,0.0,48.1856,90,2.0,2.0,1.0
030_R201,30,R,6,1,OPTIMAL,336.7915,6,2,2,0,4,0.3333,292.4455,0.0,44.346,90,2.0,2.0,1.0
030_R201,30,R,6,2,OPTIMAL,279.9261,6,2,1,1,4,0.3333,242.2374,0.0,37.6887,90,2.0,2.0,1.0
030_R201,30,R,6,3,OPTIMAL,791.8164,6,5,5,0,1,0.8333,762.0689,0.0,29.7474,90,2.0,2.0,1.0
030_R201,30,R,6,4,OPTIMAL,335.3947,6,3,2,1,3,0.5,305.0729,0.0,30.3218,90,2.0,2.0,1.0
030_R201,30,R,6,5,OPTIMAL,365.5433,6,3,3,0,3,0.5,315.8223,0.0,49.721,90,2.0,2.0,1.0
030_R201,30,R,6,6,OPTIMAL,655.2347,6,4,4,0,2,0.6667,577.8952,0.0,77.3394,90,2.0,2.0,1.0
030_R201,30,R,6,7,OPTIMAL,534.0737,6,4,3,1,2,0.6667,487.9572,0.0,46.1165,90,2.0,2.0,1.0
030_R201,30,R,6,8,OPTIMAL,300.7057,6,1,1,0,5,0.1667,180.283,0.0,120.4228,90,2.0,2.0,1.0
030_R201,30,R,6,9,OPTIMAL,497.2136,6,4,4,0,2,0.6667,451.5772,0.0,45.6365,90,2.0,2.0,1.0
030_R205,30,R,2,0,OPTIMAL,57.5515,2,0,0,0,2,0.0,0.0,0.0,57.5515,90,2.0,2.0,1.0
030_R205,30,R,2,1,OPTIMAL,4.5169,2,0,0,0,2,0.0,0.0,0.0,4.5169,90,2.0,2.0,1.0
030_R205,30,R,2,2,OPTIMAL,158.9603,2,1,1,0,1,0.5,121.2402,0.0,37.7201,90,2.0,2.0,1.0
030_R205,30,R,2,3,OPTIMAL,185.6224,2,1,1,0,1,0.5,183.531,0.0,2.0914,90,2.0,2.0,1.0
030_R205,30,R,2,4,OPTIMAL,260.9463,2,2,2,0,0,1.0,260.9463,0.0,0.0,90,2.0,2.0,1.0
030_R205,30,R,2,5,OPTIMAL,322.2462,2,2,2,0,0,1.0,322.2462,0.0,0.0,90,2.0,2.0,1.0
030_R205,30,R,2,6,OPTIMAL,93.9272,2,1,1,0,1,0.5,73.0229,0.0,20.9042,90,2.0,2.0,1.0
030_R205,30,R,2,7,OPTIMAL,187.0217,2,1,1,0,1,0.5,171.2431,0.0,15.7786,90,2.0,2.0,1.0
030_R205,30,R,2,8,OPTIMAL,76.6593,2,1,1,0,1,0.5,43.1321,0.0,33.5273,90,2.0,2.0,1.0
030_R205,30,R,2,9,OPTIMAL,287.762,2,2,2,0,0,1.0,287.762,0.0,0.0,90,2.0,2.0,1.0
030_R205,30,R,4,0,OPTIMAL,519.0068,4,4,3,1,0,1.0,519.0068,0.0,0.0,90,2.0,2.0,1.0
030_R205,30,R,4,1,OPTIMAL,349.9365,4,2,1,1,2,0.5,262.3302,0.0,87.6063,90,2.0,2.0,1.0
030_R205,30,R,4,2,OPTIMAL,439.6811,4,4,3,1,0,1.0,439.6811,0.0,0.0,90,2.0,2.0,1.0
030_R205,30,R,4,3,OPTIMAL,194.7038,4,1,1,0,3,0.25,146.1261,0.0,48.5777,90,2.0,2.0,1.0
030_R205,30,R,4,4,OPTIMAL,311.7782,4,2,2,0,2,0.5,309.8522,0.0,1.926,90,2.0,2.0,1.0
030_R205,30,R,4,5,OPTIMAL,295.2526,4,2,2,0,2,0.5,253.1482,0.0,42.1044,90,2.0,2.0,1.0
030_R205,30,R,4,6,OPTIMAL,464.095,4,3,3,0,1,0.75,420.9137,0.0,43.1812,90,2.0,2.0,1.0
030_R205,30,R,4,7,OPTIMAL,431.3614,4,3,3,0,1,0.75,393.7677,0.0,37.5937,90,2.0,2.0,1.0
030_R205,30,R,4,8,OPTIMAL,306.6564,4,2,1,1,2,0.5,305.2752,0.0,1.3812,90,2.0,2.0,1.0
030_R205,30,R,4,9,OPTIMAL,259.1385,4,1,1,0,3,0.25,138.0052,0.0,121.1333,90,2.0,2.0,1.0
030_R205,30,R,6,0,OPTIMAL,714.073,6,6,4,2,0,1.0,714.073,0.0,0.0,90,2.0,2.0,1.0
030_R205,30,R,6,1,OPTIMAL,369.8893,6,3,2,1,3,0.5,339.6414,0.0,30.2479,90,2.0,2.0,1.0
030_R205,30,R,6,2,OPTIMAL,292.5871,6,1,1,0,5,0.1667,135.5,0.0,157.0871,90,2.0,2.0,1.0
030_R205,30,R,6,3,OPTIMAL,865.5882,6,5,5,0,1,0.8333,818.1021,0.0,47.4861,90,2.0,2.0,1.0
030_R205,30,R,6,4,OPTIMAL,402.1904,6,2,2,0,4,0.3333,266.4988,0.0,135.6916,90,2.0,2.0,1.0
030_R205,30,R,6,5,OPTIMAL,580.7901,6,4,3,1,2,0.6667,554.7961,0.0,25.9939,90,2.0,2.0,1.0
030_R205,30,R,6,6,OPTIMAL,657.8177,6,4,4,0,2,0.6667,592.7449,0.0,65.0728,90,2.0,2.0,1.0
030_R205,30,R,6,7,OPTIMAL,300.3473,6,1,1,0,5,0.1667,170.1936,0.0,130.1537,90,2.0,2.0,1.0
030_R205,30,R,6,8,OPTIMAL,403.8626,6,3,3,0,3,0.5,366.8681,0.0,36.9945,90,2.0,2.0,1.0
030_R205,30,R,6,9,OPTIMAL,364.0119,6,2,2,0,4,0.3333,310.5164,0.0,53.4956,90,2.0,2.0,1.0
030_R209,30,R,2,0,OPTIMAL,177.1446,2,1,1,0,1,0.5,163.703,0.0,13.4416,90,2.0,2.0,1.0
030_R209,30,R,2,1,OPTIMAL,4.5338,2,0,0,0,2,0.0,0.0,0.0,4.5338,90,2.0,2.0,1.0
030_R209,30,R,2,2,OPTIMAL,240.1475,2,2,2,0,0,1.0,240.1475,0.0,0.0,90,2.0,2.0,1.0
030_R209,30,R,2,3,OPTIMAL,247.9777,2,2,2,0,0,1.0,247.9777,0.0,0.0,90,2.0,2.0,1.0
030_R209,30,R,2,4,OPTIMAL,260.9463,2,2,1,1,0,1.0,260.9463,0.0,0.0,90,2.0,2.0,1.0
030_R209,30,R,2,5,OPTIMAL,322.2462,2,2,2,0,0,1.0,322.2462,0.0,0.0,90,2.0,2.0,1.0
030_R209,30,R,2,6,OPTIMAL,83.4311,2,1,1,0,1,0.5,73.0229,0.0,10.4081,90,2.0,2.0,1.0
030_R209,30,R,2,7,OPTIMAL,171.3033,2,1,1,0,1,0.5,171.2431,0.0,0.0602,90,2.0,2.0,1.0
030_R209,30,R,2,8,OPTIMAL,31.2423,2,0,0,0,2,0.0,0.0,0.0,31.2423,90,2.0,2.0,1.0
030_R209,30,R,2,9,OPTIMAL,287.762,2,2,2,0,0,1.0,287.762,0.0,0.0,90,2.0,2.0,1.0
030_R209,30,R,4,0,OPTIMAL,411.9486,4,3,2,1,1,0.75,411.9486,0.0,0.0,90,2.0,2.0,1.0
030_R209,30,R,4,1,OPTIMAL,161.7672,4,0,0,0,4,0.0,0.0,0.0,161.7672,90,2.0,2.0,1.0
030_R209,30,R,4,2,OPTIMAL,342.0719,4,3,3,0,1,0.75,307.4672,0.0,34.6047,90,2.0,2.0,1.0
030_R209,30,R,4,3,OPTIMAL,373.4568,4,3,2,1,1,0.75,368.3258,0.0,5.131,90,2.0,2.0,1.0
030_R209,30,R,4,4,OPTIMAL,311.7782,4,2,2,0,2,0.5,309.8522,0.0,1.926,90,2.0,2.0,1.0
030_R209,30,R,4,5,OPTIMAL,437.5049,4,3,3,0,1,0.75,381.6405,0.0,55.8644,90,2.0,2.0,1.0
030_R209,30,R,4,6,OPTIMAL,396.5309,4,2,0,2,2,0.5,308.1625,0.0,88.3684,90,2.0,2.0,1.0
030_R209,30,R,4,7,OPTIMAL,383.0707,4,3,3,0,1,0.75,350.9064,0.0,32.1643,90,2.0,2.0,1.0
030_R209,30,R,4,8,OPTIMAL,384.4492,4,3,3,0,1,0.75,383.3036,0.0,1.1456,90,2.0,2.0,1.0
030_R209,30,R,4,9,OPTIMAL,244.1107,4,2,1,1,2,0.5,228.3626,0.0,15.7481,90,2.0,2.0,1.0
030_R209,30,R,6,0,OPTIMAL,630.3042,6,5,3,2,1,0.8333,604.0936,0.0,26.2106,90,2.0,2.0,1.0
030_R209,30,R,6,1,OPTIMAL,448.9498,6,4,2,2,2,0.6667,414.3268,0.0,34.6229,90,2.0,2.0,1.0
030_R209,30,R,6,2,OPTIMAL,531.8149,6,4,4,0,2,0.6667,496.9962,0.0,34.8187,90,2.0,2.0,1.0
030_R209,30,R,6,3,OPTIMAL,567.7397,6,3,3,0,3,0.5,506.5893,0.0,61.1504,90,2.0,2.0,1.0
030_R209,30,R,6,4,OPTIMAL,471.3641,6,4,3,1,2,0.6667,450.6067,0.0,20.7574,90,2.0,2.0,1.0
030_R209,30,R,6,5,OPTIMAL,559.4554,6,4,4,0,2,0.6667,535.0221,0.0,24.4333,90,2.0,2.0,1.0
030_R209,30,R,6,6,OPTIMAL,367.3949,6,2,2,0,4,0.3333,279.7516,0.0,87.6433,90,2.0,2.0,1.0
030_R209,30,R,6,7,OPTIMAL,396.2083,6,2,1,1,4,0.3333,280.3691,0.0,115.8391,90,2.0,2.0,1.0
030_R209,30,R,6,8,OPTIMAL,446.572,6,4,2,2,2,0.6667,382.4294,0.0,64.1427,90,2.0,2.0,1.0
030_R209,30,R,6,9,OPTIMAL,503.4375,6,3,3,0,3,0.5,452.8747,0.0,50.5628,90,2.0,2.0,1.0
030_RC101,30,RC,2,0,OPTIMAL,133.989,2,1,1,0,1,0.5,130.6657,0.0,3.3232,90,2.0,2.0,1.0
030_RC101,30,RC,2,1,OPTIMAL,183.1838,2,1,1,0,1,0.5,176.2357,0.0,6.9482,90,2.0,2.0,1.0
030_RC101,30,RC,2,2,OPTIMAL,371.2098,2,2,2,0,0,1.0,371.2098,0.0,0.0,90,2.0,2.0,1.0
030_RC101,30,RC,2,3,OPTIMAL,66.1651,2,0,0,0,2,0.0,0.0,7.3173,58.8478,90,2.0,2.0,1.0
030_RC101,30,RC,2,4,OPTIMAL,27.4932,2,0,0,0,2,0.0,0.0,0.0,27.4932,90,2.0,2.0,1.0
030_RC101,30,RC,2,5,OPTIMAL,354.4255,2,2,2,0,0,1.0,354.4255,0.0,0.0,90,2.0,2.0,1.0
030_RC101,30,RC,2,6,OPTIMAL,7.8139,2,0,0,0,2,0.0,0.0,0.0,7.8139,90,2.0,2.0,1.0
030_RC101,30,RC,2,7,OPTIMAL,335.9551,2,2,2,0,0,1.0,335.9551,0.0,0.0,90,2.0,2.0,1.0
030_RC101,30,RC,2,8,OPTIMAL,22.1001,2,0,0,0,2,0.0,0.0,0.0,22.1001,90,2.0,2.0,1.0
030_RC101,30,RC,2,9,OPTIMAL,11.6535,2,0,0,0,2,0.0,0.0,0.0,11.6535,90,2.0,2.0,1.0
030_RC101,30,RC,4,0,OPTIMAL,517.5702,4,3,3,0,1,0.75,513.5222,0.0,4.048,90,2.0,2.0,1.0
030_RC101,30,RC,4,1,OPTIMAL,398.3876,4,2,2,0,2,0.5,376.5865,0.0,21.8011,90,2.0,2.0,1.0
030_RC101,30,RC,4,2,OPTIMAL,325.268,4,2,1,1,2,0.5,286.8355,2.0777,36.3547,90,2.0,2.0,1.0
030_RC101,30,RC,4,3,OPTIMAL,630.9196,4,3,3,0,1,0.75,625.4406,0.0,5.479,90,2.0,2.0,1.0
030_RC101,30,RC,4,4,OPTIMAL,508.5701,4,3,3,0,1,0.75,508.4396,0.0,0.1305,90,2.0,2.0,1.0
030_RC101,30,RC,4,5,OPTIMAL,349.4365,4,2,2,0,2,0.5,324.3122,0.0,25.1243,90,2.0,2.0,1.0
030_RC101,30,RC,4,6,OPTIMAL,266.0197,4,1,1,0,3,0.25,216.2742,0.0,49.7455,90,2.0,2.0,1.0
030_RC101,30,RC,4,7,OPTIMAL,426.8767,4,2,2,0,2,0.5,403.2499,0.0,23.6268,90,2.0,2.0,1.0
030_RC101,30,RC,4,8,OPTIMAL,216.2184,4,1,1,0,3,0.25,187.6946,0.0,28.5238,90,2.0,2.0,1.0
030_RC101,30,RC,4,9,OPTIMAL,62.3957,4,0,0,0,4,0.0,0.0,8.0609,54.3349,90,2.0,2.0,1.0
030_RC101,30,RC,6,0,OPTIMAL,545.5997,6,3,3,0,3,0.5,532.3502,0.0,13.2495,90,2.0,2.0,1.0
030_RC101,30,RC,6,1,OPTIMAL,776.8123,6,4,4,0,2,0.6667,731.2898,0.0,45.5225,90,2.0,2.0,1.0
030_RC101,30,RC,6,2,OPTIMAL,562.8049,6,3,3,0,3,0.5,530.7328,0.0,32.0721,90,2.0,2.0,1.0
030_RC101,30,RC,6,3,OPTIMAL,609.0936,6,3,3,0,3,0.5,579.8083,0.0,29.2854,90,2.0,2.0,1.0
030_RC101,30,RC,6,4,OPTIMAL,487.8403,6,3,1,2,3,0.5,433.2226,0.0,54.6177,90,2.0,2.0,1.0
030_RC101,30,RC,6,5,OPTIMAL,632.4431,6,3,3,0,3,0.5,596.8207,0.0,35.6224,90,2.0,2.0,1.0
030_RC101,30,RC,6,6,OPTIMAL,347.9259,6,2,2,0,4,0.3333,327.4984,0.0,20.4275,90,2.0,2.0,1.0
030_RC101,30,RC,6,7,OPTIMAL,511.8697,6,3,2,1,3,0.5,467.3062,0.0,44.5635,90,2.0,2.0,1.0
030_RC101,30,RC,6,8,OPTIMAL,342.3155,6,2,0,2,4,0.3333,296.8328,0.0,45.4827,90,2.0,2.0,1.0
030_RC101,30,RC,6,9,OPTIMAL,607.6878,6,3,3,0,3,0.5,571.6215,0.0,36.0662,90,2.0,2.0,1.0
030_RC102,30,RC,2,0,OPTIMAL,130.9389,2,1,1,0,1,0.5,130.6657,0.0,0.2731,90,2.0,2.0,1.0
030_RC102,30,RC,2,1,OPTIMAL,311.4517,2,2,2,0,0,1.0,311.4517,0.0,0.0,90,2.0,2.0,1.0
030_RC102,30,RC,2,2,OPTIMAL,371.2098,2,2,2,0,0,1.0,371.2098,0.0,0.0,90,2.0,2.0,1.0
030_RC102,30,RC,2,3,OPTIMAL,173.6765,2,1,1,0,1,0.5,170.0573,0.0,3.6192,90,2.0,2.0,1.0
030_RC102,30,RC,2,4,OPTIMAL,155.2368,2,1,1,0,1,0.5,154.6906,0.0,0.5462,90,2.0,2.0,1.0
030_RC102,30,RC,2,5,OPTIMAL,354.4255,2,2,2,0,0,1.0,354.4255,0.0,0.0,90,2.0,2.0,1.0
030_RC102,30,RC,2,6,OPTIMAL,6.5794,2,0,0,0,2,0.0,0.0,0.0,6.5794,90,2.0,2.0,1.0
030_RC102,30,RC,2,7,OPTIMAL,335.9551,2,2,2,0,0,1.0,335.9551,0.0,0.0,90,2.0,2.0,1.0
030_RC102,30,RC,2,8,OPTIMAL,12.6569,2,0,0,0,2,0.0,0.0,0.0,12.6569,90,2.0,2.0,1.0
030_RC102,30,RC,2,9,OPTIMAL,9.4504,2,0,0,0,2,0.0,0.0,0.0,9.4504,90,2.0,2.0,1.0
030_RC102,30,RC,4,0,OPTIMAL,380.2339,4,2,2,0,2,0.5,375.9571,0.0,4.2768,90,2.0,2.0,1.0
030_RC102,30,RC,4,1,OPTIMAL,542.5723,4,3,3,0,1,0.75,535.3338,0.0,7.2384,90,2.0,2.0,1.0
030_RC102,30,RC,4,2,OPTIMAL,593.6367,4,4,4,0,0,1.0,593.6367,0.0,0.0,90,2.0,2.0,1.0
030_RC102,30,RC,4,3,OPTIMAL,755.3252,4,4,4,0,0,1.0,755.3252,0.0,0.0,90,2.0,2.0,1.0
030_RC102,30,RC,4,4,OPTIMAL,508.5701,4,3,3,0,1,0.75,508.4396,0.0,0.1305,90,2.0,2.0,1.0
030_RC102,30,RC,4,5,OPTIMAL,338.2912,4,2,2,0,2,0.5,332.9938,0.0,5.2974,90,2.0,2.0,1.0
030_RC102,30,RC,4,6,OPTIMAL,392.5568,4,2,2,0,2,0.5,386.8663,0.0,5.6905,90,2.0,2.0,1.0
030_RC102,30,RC,4,7,OPTIMAL,429.1998,4,2,2,0,2,0.5,403.2499,0.0,25.9499,90,2.0,2.0,1.0
030_RC102,30,RC,4,8,OPTIMAL,332.2612,4,2,1,1,2,0.5,322.0317,0.0,10.2295,90,2.0,2.0,1.0
030_RC102,30,RC,4,9,OPTIMAL,295.5312,4,2,2,0,2,0.5,295.1131,0.0,0.4181,90,2.0,2.0,1.0
030_RC102,30,RC,6,0,OPTIMAL,665.6517,6,4,4,0,2,0.6667,660.476,0.0,5.1757,90,2.0,2.0,1.0
030_RC102,30,RC,6,1,OPTIMAL,765.5344,6,4,4,0,2,0.6667,732.0061,0.0,33.5283,90,2.0,2.0,1.0
030_RC102,30,RC,6,2,OPTIMAL,688.173,6,4,4,0,2,0.6667,683.5243,0.0,4.6487,90,2.0,2.0,1.0
030_RC102,30,RC,6,3,OPTIMAL,749.0449,6,4,4,0,2,0.6667,734.2479,0.0,14.797,90,2.0,2.0,1.0
030_RC102,30,RC,6,4,OPTIMAL,337.2547,6,2,2,0,4,0.3333,324.6827,0.0,12.572,90,2.0,2.0,1.0
030_RC102,30,RC,6,5,OPTIMAL,751.0645,6,4,4,0,2,0.6667,741.6479,0.0,9.4166,90,2.0,2.0,1.0
030_RC102,30,RC,6,6,OPTIMAL,354.1202,6,2,2,0,4,0.3333,334.4849,0.0,19.6353,90,2.0,2.0,1.0
030_RC102,30,RC,6,7,OPTIMAL,366.5056,6,2,2,0,4,0.3333,334.8265,0.0,31.6791,90,2.0,2.0,1.0
030_RC102,30,RC,6,8,OPTIMAL,320.6638,6,2,2,0,4,0.3333,295.9285,0.0,24.7353,90,2.0,2.0,1.0
030_RC102,30,RC,6,9,OPTIMAL,582.0732,6,3,3,0,3,0.5,571.6215,0.0,10.4517,90,2.0,2.0,1.0
030_RC105,30,RC,2,0,OPTIMAL,135.2405,2,1,1,0,1,0.5,130.6657,0.0,4.5748,90,2.0,2.0,1.0
030_RC105,30,RC,2,1,OPTIMAL,179.6243,2,1,1,0,1,0.5,176.2357,0.0,3.3886,90,2.0,2.0,1.0
030_RC105,30,RC,2,2,OPTIMAL,371.2098,2,2,2,0,0,1.0,371.2098,0.0,0.0,90,2.0,2.0,1.0
030_RC105,30,RC,2,3,OPTIMAL,29.1131,2,0,0,0,2,0.0,0.0,0.0,29.1131,90,2.0,2.0,1.0
030_RC105,30,RC,2,4,OPTIMAL,11.2636,2,0,0,0,2,0.0,0.0,0.0,11.2636,90,2.0,2.0,1.0
030_RC105,30,RC,2,5,OPTIMAL,354.4255,2,2,2,0,0,1.0,354.4255,0.0,0.0,90,2.0,2.0,1.0
030_RC105,30,RC,2,6,OPTIMAL,10.5216,2,0,0,0,2,0.0,0.0,0.0,10.5216,90,2.0,2.0,1.0
030_RC105,30,RC,2,7,OPTIMAL,335.9551,2,2,2,0,0,1.0,335.9551,0.0,0.0,90,2.0,2.0,1.0
030_RC105,30,RC,2,8,OPTIMAL,14.3771,2,0,0,0,2,0.0,0.0,0.0,14.3771,90,2.0,2.0,1.0
030_RC105,30,RC,2,9,OPTIMAL,15.2574,2,0,0,0,2,0.0,0.0,0.0,15.2574,90,2.0,2.0,1.0
030_RC105,30,RC,4,0,OPTIMAL,515.2404,4,3,3,0,1,0.75,513.5222,0.0,1.7182,90,2.0,2.0,1.0
030_RC105,30,RC,4,1,OPTIMAL,423.225,4,2,2,0,2,0.5,376.5865,17.9713,28.6672,90,2.0,2.0,1.0
030_RC105,30,RC,4,2,OPTIMAL,179.7486,4,1,1,0,3,0.25,150.7194,0.0,29.0292,90,2.0,2.0,1.0
030_RC105,30,RC,4,3,OPTIMAL,628.4681,4,3,3,0,1,0.75,625.4406,0.0,3.0274,90,2.0,2.0,1.0
030_RC105,30,RC,4,4,OPTIMAL,508.6354,4,3,3,0,1,0.75,508.4396,0.0,0.1958,90,2.0,2.0,1.0
030_RC105,30,RC,4,5,OPTIMAL,377.5971,4,2,2,0,2,0.5,324.3122,21.2945,31.9904,90,2.0,2.0,1.0
030_RC105,30,RC,4,6,OPTIMAL,265.83,4,1,1,0,3,0.25,216.2742,17.1757,32.3801,90,2.0,2.0,1.0
030_RC105,30,RC,4,7,OPTIMAL,437.2788,4,2,2,0,2,0.5,403.2499,5.1223,28.9066,90,2.0,2.0,1.0
030_RC105,30,RC,4,8,OPTIMAL,214.6529,4,1,1,0,3,0.25,187.6946,8.1278,18.8306,90,2.0,2.0,1.0
030_RC105,30,RC,4,9,OPTIMAL,36.8975,4,0,0,0,4,0.0,0.0,0.0,36.8975,90,2.0,2.0,1.0
030_RC105,30,RC,6,0,OPTIMAL,545.3426,6,3,3,0,3,0.5,532.3502,0.0,12.9925,90,2.0,2.0,1.0
030_RC105,30,RC,6,1,OPTIMAL,619.6927,6,3,3,0,3,0.5,570.7226,0.0,48.97,90,2.0,2.0,1.0
030_RC105,30,RC,6,2,OPTIMAL,554.8989,6,3,3,0,3,0.5,530.7328,0.0,24.1661,90,2.0,2.0,1.0
030_RC105,30,RC,6,3,OPTIMAL,603.8855,6,3,3,0,3,0.5,579.8083,0.1083,23.9689,90,2.0,2.0,1.0
030_RC105,30,RC,6,4,OPTIMAL,185.6655,6,1,1,0,5,0.1667,135.0543,0.0,50.6112,90,2.0,2.0,1.0
030_RC105,30,RC,6,5,OPTIMAL,632.2097,6,3,3,0,3,0.5,596.8207,6.6642,28.7248,90,2.0,2.0,1.0
030_RC105,30,RC,6,6,OPTIMAL,350.0213,6,2,2,0,4,0.3333,327.4984,0.8225,21.7004,90,2.0,2.0,1.0
030_RC105,30,RC,6,7,OPTIMAL,523.7548,6,3,2,1,3,0.5,496.546,0.3477,26.861,90,2.0,2.0,1.0
030_RC105,30,RC,6,8,OPTIMAL,231.7061,6,1,1,0,5,0.1667,160.2731,19.4357,51.9973,90,2.0,2.0,1.0
030_RC105,30,RC,6,9,OPTIMAL,619.6533,6,3,3,0,3,0.5,571.6215,9.4338,38.598,90,2.0,2.0,1.0
030_RC106,30,RC,2,0,OPTIMAL,133.7156,2,1,1,0,1,0.5,130.6657,0.0,3.0498,90,2.0,2.0,1.0
030_RC106,30,RC,2,1,OPTIMAL,177.6081,2,1,1,0,1,0.5,176.2357,0.0,1.3724,90,2.0,2.0,1.0
030_RC106,30,RC,2,2,OPTIMAL,371.2098,2,2,2,0,0,1.0,371.2098,0.0,0.0,90,2.0,2.0,1.0
030_RC106,30,RC,2,3,OPTIMAL,51.8792,2,0,0,0,2,0.0,0.0,0.0,51.8792,90,2.0,2.0,1.0
030_RC106,30,RC,2,4,OPTIMAL,9.4088,2,0,0,0,2,0.0,0.0,0.0,9.4088,90,2.0,2.0,1.0
030_RC106,30,RC,2,5,OPTIMAL,354.4255,2,2,2,0,0,1.0,354.4255,0.0,0.0,90,2.0,2.0,1.0
030_RC106,30,RC,2,6,OPTIMAL,4.3539,2,0,0,0,2,0.0,0.0,0.0,4.3539,90,2.0,2.0,1.0
030_RC106,30,RC,2,7,OPTIMAL,335.9551,2,2,2,0,0,1.0,335.9551,0.0,0.0,90,2.0,2.0,1.0
030_RC106,30,RC,2,8,OPTIMAL,13.6561,2,0,0,0,2,0.0,0.0,0.0,13.6561,90,2.0,2.0,1.0
030_RC106,30,RC,2,9,OPTIMAL,7.2846,2,0,0,0,2,0.0,0.0,0.0,7.2846,90,2.0,2.0,1.0
030_RC106,30,RC,4,0,OPTIMAL,515.2478,4,3,3,0,1,0.75,513.5222,0.0,1.7256,90,2.0,2.0,1.0
030_RC106,30,RC,4,1,OPTIMAL,535.3338,4,3,3,0,1,0.75,535.3338,0.0,0.0,90,2.0,2.0,1.0
030_RC106,30,RC,4,2,OPTIMAL,182.23,4,1,1,0,3,0.25,150.7194,0.0,31.5106,90,2.0,2.0,1.0
030_RC106,30,RC,4,3,OPTIMAL,630.0606,4,3,3,0,1,0.75,625.4406,0.0,4.62,90,2.0,2.0,1.0
030_RC106,30,RC,4,4,OPTIMAL,508.5049,4,3,3,0,1,0.75,508.4396,0.0,0.0653,90,2.0,2.0,1.0
030_RC106,30,RC,4,5,OPTIMAL,496.2165,4,3,3,0,1,0.75,478.5955,0.0,17.621,90,2.0,2.0,1.0
030_RC106,30,RC,4,6,OPTIMAL,403.3744,4,2,2,0,2,0.5,386.8663,0.0,16.508,90,2.0,2.0,1.0
030_RC106,30,RC,4,7,OPTIMAL,425.7369,4,2,2,0,2,0.5,403.2499,0.0,22.487,90,2.0,2.0,1.0
030_RC106,30,RC,4,8,OPTIMAL,205.3117,4,1,1,0,3,0.25,187.6946,0.0,17.617,90,2.0,2.0,1.0
030_RC106,30,RC,4,9,OPTIMAL,48.1648,4,0,0,0,4,0.0,0.0,0.0,48.1648,90,2.0,2.0,1.0
030_RC106,30,RC,6,0,OPTIMAL,546.3285,6,3,3,0,3,0.5,532.3502,0.0,13.9783,90,2.0,2.0,1.0
030_RC106,30,RC,6,1,OPTIMAL,656.7364,6,3,3,0,3,0.5,570.7226,0.0,86.0138,90,2.0,2.0,1.0
030_RC106,30,RC,6,2,OPTIMAL,562.4132,6,3,3,0,3,0.5,530.7328,0.0,31.6805,90,2.0,2.0,1.0
030_RC106,30,RC,6,3,OPTIMAL,598.3196,6,3,3,0,3,0.5,579.8083,0.0,18.5113,90,2.0,2.0,1.0
030_RC106,30,RC,6,4,OPTIMAL,225.6151,6,1,1,0,5,0.1667,135.0543,0.0,90.5608,90,2.0,2.0,1.0
030_RC106,30,RC,6,5,OPTIMAL,627.9763,6,3,3,0,3,0.5,596.8207,0.0,31.1555,90,2.0,2.0,1.0
030_RC106,30,RC,6,6,OPTIMAL,339.9776,6,2,2,0,4,0.3333,327.4984,0.0,12.4792,90,2.0,2.0,1.0
030_RC106,30,RC,6,7,OPTIMAL,518.3857,6,3,3,0,3,0.5,496.546,0.0,21.8397,90,2.0,2.0,1.0
030_RC106,30,RC,6,8,OPTIMAL,377.1043,6,2,2,0,4,0.3333,325.1315,0.0,51.9729,90,2.0,2.0,1.0
030_RC106,30,RC,6,9,OPTIMAL,747.5352,6,4,4,0,2,0.6667,735.223,0.0,12.3122,90,2.0,2.0,1.0
030_RC107,30,RC,2,0,OPTIMAL,164.5973,2,1,1,0,1,0.5,130.6657,0.0,33.9316,90,2.0,2.0,1.0
030_RC107,30,RC,2,1,OPTIMAL,180.4337,2,1,1,0,1,0.5,176.2357,0.0,4.1981,90,2.0,2.0,1.0
030_RC107,30,RC,2,2,OPTIMAL,371.2098,2,2,2,0,0,1.0,371.2098,0.0,0.0,90,2.0,2.0,1.0
030_RC107,30,RC,2,3,OPTIMAL,56.0064,2,0,0,0,2,0.0,0.0,0.0,56.0064,90,2.0,2.0,1.0
030_RC107,30,RC,2,4,OPTIMAL,36.2947,2,0,0,0,2,0.0,0.0,0.0,36.2947,90,2.0,2.0,1.0
030_RC107,30,RC,2,5,OPTIMAL,354.4255,2,2,2,0,0,1.0,354.4255,0.0,0.0,90,2.0,2.0,1.0
030_RC107,30,RC,2,6,OPTIMAL,33.4328,2,0,0,0,2,0.0,0.0,0.0,33.4328,90,2.0,2.0,1.0
030_RC107,30,RC,2,7,OPTIMAL,335.9551,2,2,2,0,0,1.0,335.9551,0.0,0.0,90,2.0,2.0,1.0
030_RC107,30,RC,2,8,OPTIMAL,45.1935,2,0,0,0,2,0.0,0.0,0.0,45.1935,90,2.0,2.0,1.0
030_RC107,30,RC,2,9,OPTIMAL,37.0273,2,0,0,0,2,0.0,0.0,0.0,37.0273,90,2.0,2.0,1.0
030_RC107,30,RC,4,0,OPTIMAL,516.9734,4,3,3,0,1,0.75,513.5222,0.0,3.4512,90,2.0,2.0,1.0
030_RC107,30,RC,4,1,OPTIMAL,412.7598,4,2,2,0,2,0.5,376.5865,0.0,36.1733,90,2.0,2.0,1.0
030_RC107,30,RC,4,2,OPTIMAL,167.9471,4,1,1,0,3,0.25,150.7194,0.0,17.2277,90,2.0,2.0,1.0
030_RC107,30,RC,4,3,OPTIMAL,626.9806,4,3,3,0,1,0.75,625.4406,0.0,1.54,90,2.0,2.0,1.0
030_RC107,30,RC,4,4,OPTIMAL,508.5701,4,3,3,0,1,0.75,508.4396,0.0,0.1305,90,2.0,2.0,1.0
030_RC107,30,RC,4,5,OPTIMAL,496.2165,4,3,2,1,1,0.75,478.5955,0.0,17.621,90,2.0,2.0,1.0
030_RC107,30,RC,4,6,OPTIMAL,304.9784,4,1,1,0,3,0.25,216.2742,0.0,88.7041,90,2.0,2.0,1.0
030_RC107,30,RC,4,7,OPTIMAL,455.3704,4,2,2,0,2,0.5,403.2499,0.0,52.1205,90,2.0,2.0,1.0
030_RC107,30,RC,4,8,OPTIMAL,211.67,4,1,1,0,3,0.25,187.6946,0.0,23.9754,90,2.0,2.0,1.0
030_RC107,30,RC,4,9,OPTIMAL,74.0775,4,0,0,0,4,0.0,0.0,0.0,74.0775,90,2.0,2.0,1.0
030_RC107,30,RC,6,0,OPTIMAL,732.1763,6,4,3,1,2,0.6667,699.213,0.0,32.9633,90,2.0,2.0,1.0
030_RC107,30,RC,6,1,OPTIMAL,804.5055,6,4,3,1,2,0.6667,738.287,0.0,66.2185,90,2.0,2.0,1.0
030_RC107,30,RC,6,2,OPTIMAL,603.9936,6,3,3,0,3,0.5,530.7328,0.0,73.2608,90,2.0,2.0,1.0
030_RC107,30,RC,6,3,OPTIMAL,622.5126,6,3,3,0,3,0.5,579.8083,0.0,42.7044,90,2.0,2.0,1.0
030_RC107,30,RC,6,4,OPTIMAL,356.4064,6,2,1,1,4,0.3333,294.2292,0.0,62.1771,90,2.0,2.0,1.0
030_RC107,30,RC,6,5,OPTIMAL,653.3206,6,3,3,0,3,0.5,596.8207,0.0,56.4998,90,2.0,2.0,1.0
030_RC107,30,RC,6,6,OPTIMAL,527.9965,6,3,2,1,3,0.5,481.0506,0.0,46.9459,90,2.0,2.0,1.0
030_RC107,30,RC,6,7,OPTIMAL,539.7817,6,3,3,0,3,0.5,496.546,0.0,43.2356,90,2.0,2.0,1.0
030_RC107,30,RC,6,8,OPTIMAL,377.1808,6,2,0,2,4,0.3333,301.418,0.0,75.7628,90,2.0,2.0,1.0
030_RC107,30,RC,6,9,OPTIMAL,795.6453,6,4,3,1,2,0.6667,728.2604,0.0,67.3849,90,2.0,2.0,1.0
030_RC201,30,RC,2,0,OPTIMAL,2.3398,2,0,0,0,2,0.0,0.0,0.0,2.3398,90,2.0,2.0,1.0
030_RC201,30,RC,2,1,OPTIMAL,147.413,2,1,1,0,1,0.5,135.216,0.0,12.1969,90,2.0,2.0,1.0
030_RC201,30,RC,2,2,OPTIMAL,371.2098,2,2,2,0,0,1.0,371.2098,0.0,0.0,90,2.0,2.0,1.0
030_RC201,30,RC,2,3,OPTIMAL,154.1243,2,1,1,0,1,0.5,139.2276,0.0,14.8967,90,2.0,2.0,1.0
030_RC201,30,RC,2,4,OPTIMAL,298.2104,2,2,2,0,0,1.0,298.2104,0.0,0.0,90,2.0,2.0,1.0
030_RC201,30,RC,2,5,OPTIMAL,179.5231,2,1,1,0,1,0.5,178.3949,0.0,1.1282,90,2.0,2.0,1.0
030_RC201,30,RC,2,6,OPTIMAL,158.0499,2,1,1,0,1,0.5,141.3786,0.0,16.6713,90,2.0,2.0,1.0
030_RC201,30,RC,2,7,OPTIMAL,246.6796,2,1,1,0,1,0.5,205.9201,0.0,40.7596,90,2.0,2.0,1.0
030_RC201,30,RC,2,8,OPTIMAL,175.8708,2,1,1,0,1,0.5,137.3727,0.0,38.4981,90,2.0,2.0,1.0
030_RC201,30,RC,2,9,OPTIMAL,155.6003,2,1,1,0,1,0.5,152.0524,0.0,3.5479,90,2.0,2.0,1.0
030_RC201,30,RC,4,0,OPTIMAL,546.0803,4,3,3,0,1,0.75,513.5222,0.0,32.558,90,2.0,2.0,1.0
030_RC201,30,RC,4,1,OPTIMAL,232.6258,4,1,1,0,3,0.25,190.0698,0.0,42.556,90,2.0,2.0,1.0
030_RC201,30,RC,4,2,OPTIMAL,344.642,4,2,2,0,2,0.5,306.8012,0.0,37.8408,90,2.0,2.0,1.0
030_RC201,30,RC,4,3,OPTIMAL,627.4598,4,3,3,0,1,0.75,625.4406,0.0,2.0192,90,2.0,2.0,1.0
030_RC201,30,RC,4,4,OPTIMAL,620.7372,4,4,4,0,0,1.0,620.7372,0.0,0.0,90,2.0,2.0,1.0
030_RC201,30,RC,4,5,OPTIMAL,479.0675,4,3,3,0,1,0.75,478.5955,0.0,0.472,90,2.0,2.0,1.0
030_RC201,30,RC,4,6,OPTIMAL,400.9703,4,2,2,0,2,0.5,386.8663,0.0,14.1039,90,2.0,2.0,1.0
030_RC201,30,RC,4,7,OPTIMAL,368.1521,4,2,2,0,2,0.5,335.6327,0.0,32.5194,90,2.0,2.0,1.0
030_RC201,30,RC,4,8,OPTIMAL,377.7415,4,2,2,0,2,0.5,320.5981,0.0,57.1433,90,2.0,2.0,1.0
030_RC201,30,RC,4,9,OPTIMAL,372.8224,4,2,2,0,2,0.5,297.2002,0.0,75.6221,90,2.0,2.0,1.0
030_RC201,30,RC,6,0,OPTIMAL,550.5481,6,3,3,0,3,0.5,521.5886,0.0,28.9595,90,2.0,2.0,1.0
030_RC201,30,RC,6,1,OPTIMAL,898.1986,6,5,5,0,1,0.8333,875.0516,0.0,23.1471,90,2.0,2.0,1.0
030_RC201,30,RC,6,2,OPTIMAL,453.1776,6,2,2,0,4,0.3333,341.7384,0.0,111.4393,90,2.0,2.0,1.0
030_RC201,30,RC,6,3,OPTIMAL,488.628,6,3,3,0,3,0.5,477.0704,0.0,11.5576,90,2.0,2.0,1.0
030_RC201,30,RC,6,4,OPTIMAL,442.6205,6,3,2,1,3,0.5,422.8457,0.0,19.7747,90,2.0,2.0,1.0
030_RC201,30,RC,6,5,OPTIMAL,749.3882,6,4,4,0,2,0.6667,740.954,0.0,8.4342,90,2.0,2.0,1.0
030_RC201,30,RC,6,6,OPTIMAL,526.7423,6,3,3,0,3,0.5,488.037,0.0,38.7052,90,2.0,2.0,1.0
030_RC201,30,RC,6,7,OPTIMAL,696.2274,6,4,4,0,2,0.6667,648.7673,0.0,47.4601,90,2.0,2.0,1.0
030_RC201,30,RC,6,8,OPTIMAL,462.7855,6,3,3,0,3,0.5,453.1953,0.0,9.5902,90,2.0,2.0,1.0
030_RC201,30,RC,6,9,OPTIMAL,903.9524,6,5,5,0,1,0.8333,886.9601,0.0,16.9923,90,2.0,2.0,1.0
030_RC203,30,RC,2,0,OPTIMAL,283.2967,2,2,1,1,0,1.0,283.2967,0.0,0.0,90,2.0,2.0,1.0
030_RC203,30,RC,2,1,OPTIMAL,311.4517,2,2,1,1,0,1.0,311.4517,0.0,0.0,90,2.0,2.0,1.0
030_RC203,30,RC,2,2,OPTIMAL,371.2098,2,2,2,0,0,1.0,371.2098,0.0,0.0,90,2.0,2.0,1.0
030_RC203,30,RC,2,3,OPTIMAL,144.6079,2,1,1,0,1,0.5,139.2276,0.0,5.3804,90,2.0,2.0,1.0
030_RC203,30,RC,2,4,OPTIMAL,298.2104,2,2,2,0,0,1.0,298.2104,0.0,0.0,90,2.0,2.0,1.0
030_RC203,30,RC,2,5,OPTIMAL,179.5231,2,1,1,0,1,0.5,178.3949,0.0,1.1282,90,2.0,2.0,1.0
030_RC203,30,RC,2,6,OPTIMAL,291.9919,2,2,2,0,0,1.0,291.9919,0.0,0.0,90,2.0,2.0,1.0
030_RC203,30,RC,2,7,OPTIMAL,335.9551,2,2,2,0,0,1.0,335.9551,0.0,0.0,90,2.0,2.0,1.0
030_RC203,30,RC,2,8,OPTIMAL,289.5801,2,2,2,0,0,1.0,289.5801,0.0,0.0,90,2.0,2.0,1.0
030_RC203,30,RC,2,9,OPTIMAL,159.1483,2,1,1,0,1,0.5,152.0524,0.0,7.0958,90,2.0,2.0,1.0
030_RC203,30,RC,4,0,OPTIMAL,546.0803,4,3,3,0,1,0.75,513.5222,0.0,32.558,90,2.0,2.0,1.0
030_RC203,30,RC,4,1,OPTIMAL,538.0448,4,3,3,0,1,0.75,535.3338,0.0,2.711,90,2.0,2.0,1.0
030_RC203,30,RC,4,2,OPTIMAL,472.8253,4,3,3,0,1,0.75,442.9173,0.0,29.9081,90,2.0,2.0,1.0
030_RC203,30,RC,4,3,OPTIMAL,627.4598,4,3,3,0,1,0.75,625.4406,0.0,2.0192,90,2.0,2.0,1.0
030_RC203,30,RC,4,4,OPTIMAL,620.7372,4,4,4,0,0,1.0,620.7372,0.0,0.0,90,2.0,2.0,1.0
030_RC203,30,RC,4,5,OPTIMAL,631.2244,4,4,4,0,0,1.0,631.2244,0.0,0.0,90,2.0,2.0,1.0
030_RC203,30,RC,4,6,OPTIMAL,674.4177,4,4,4,0,0,1.0,674.4177,0.0,0.0,90,2.0,2.0,1.0
030_RC203,30,RC,4,7,OPTIMAL,702.3437,4,4,4,0,0,1.0,702.3437,0.0,0.0,90,2.0,2.0,1.0
030_RC203,30,RC,4,8,OPTIMAL,458.7837,4,3,3,0,1,0.75,454.9352,0.0,3.8485,90,2.0,2.0,1.0
030_RC203,30,RC,4,9,OPTIMAL,578.9003,4,4,4,0,0,1.0,578.9003,0.0,0.0,90,2.0,2.0,1.0
030_RC203,30,RC,6,0,OPTIMAL,854.3892,6,5,4,1,1,0.8333,802.6219,0.0,51.7673,90,2.0,2.0,1.0
030_RC203,30,RC,6,1,OPTIMAL,1060.1377,6,6,5,1,0,1.0,1060.1377,0.0,0.0,90,2.0,2.0,1.0
030_RC203,30,RC,6,2,OPTIMAL,852.0524,6,5,4,1,1,0.8333,830.1384,0.0,21.914,90,2.0,2.0,1.0
030_RC203,30,RC,6,3,OPTIMAL,740.9973,6,4,4,0,2,0.6667,734.2479,0.0,6.7494,90,2.0,2.0,1.0
030_RC203,30,RC,6,4,OPTIMAL,744.3267,6,5,3,2,1,0.8333,743.9915,0.0,0.3351,90,2.0,2.0,1.0
030_RC203,30,RC,6,5,OPTIMAL,883.9141,6,5,5,0,1,0.8333,879.8226,0.0,4.0914,90,2.0,2.0,1.0
030_RC203,30,RC,6,6,OPTIMAL,788.1723,6,5,5,0,1,0.8333,786.4594,0.0,1.7129,90,2.0,2.0,1.0
030_RC203,30,RC,6,7,OPTIMAL,785.9503,6,5,5,0,1,0.8333,780.7244,0.0,5.2258,90,2.0,2.0,1.0
030_RC203,30,RC,6,8,OPTIMAL,773.5087,6,5,5,0,1,0.8333,772.9477,0.0,0.561,90,2.0,2.0,1.0
030_RC203,30,RC,6,9,OPTIMAL,1043.599,6,6,6,0,0,1.0,1043.599,0.0,0.0,90,2.0,2.0,1.0
030_RC205,30,RC,2,0,OPTIMAL,153.4338,2,1,1,0,1,0.5,152.631,0.0,0.8028,90,2.0,2.0,1.0
030_RC205,30,RC,2,1,OPTIMAL,8.0877,2,0,0,0,2,0.0,0.0,0.0,8.0877,90,2.0,2.0,1.0
030_RC205,30,RC,2,2,OPTIMAL,371.2098,2,2,1,1,0,1.0,371.2098,0.0,0.0,90,2.0,2.0,1.0
030_RC205,30,RC,2,3,OPTIMAL,47.5431,2,0,0,0,2,0.0,0.0,0.0,47.5431,90,2.0,2.0,1.0
030_RC205,30,RC,2,4,OPTIMAL,298.2104,2,2,2,0,0,1.0,298.2104,0.0,0.0,90,2.0,2.0,1.0
030_RC205,30,RC,2,5,OPTIMAL,354.4255,2,2,2,0,0,1.0,354.4255,0.0,0.0,90,2.0,2.0,1.0
030_RC205,30,RC,2,6,OPTIMAL,157.2445,2,1,1,0,1,0.5,141.3786,0.0,15.8659,90,2.0,2.0,1.0
030_RC205,30,RC,2,7,OPTIMAL,335.9551,2,2,2,0,0,1.0,335.9551,0.0,0.0,90,2.0,2.0,1.0
030_RC205,30,RC,2,8,OPTIMAL,195.3887,2,1,1,0,1,0.5,152.2074,0.0,43.1813,90,2.0,2.0,1.0
030_RC205,30,RC,2,9,OPTIMAL,298.9864,2,2,2,0,0,1.0,298.9864,0.0,0.0,90,2.0,2.0,1.0
030_RC205,30,RC,4,0,OPTIMAL,541.9189,4,3,3,0,1,0.75,513.5222,0.0,28.3966,90,2.0,2.0,1.0
030_RC205,30,RC,4,1,OPTIMAL,538.0448,4,3,3,0,1,0.75,535.3338,0.0,2.711,90,2.0,2.0,1.0
030_RC205,30,RC,4,2,OPTIMAL,342.6862,4,2,2,0,2,0.5,286.8355,0.0,55.8507,90,2.0,2.0,1.0
030_RC205,30,RC,4,3,OPTIMAL,755.3252,4,4,3,1,0,1.0,755.3252,0.0,0.0,90,2.0,2.0,1.0
030_RC205,30,RC,4,4,OPTIMAL,458.232,4,3,3,0,1,0.75,456.9612,0.0,1.2708,90,2.0,2.0,1.0
030_RC205,30,RC,4,5,OPTIMAL,631.2244,4,4,3,1,0,1.0,631.2244,0.0,0.0,90,2.0,2.0,1.0
030_RC205,30,RC,4,6,OPTIMAL,536.476,4,3,3,0,1,0.75,526.8437,0.0,9.6324,90,2.0,2.0,1.0
030_RC205,30,RC,4,7,OPTIMAL,702.3437,4,4,3,1,0,1.0,702.3437,0.0,0.0,90,2.0,2.0,1.0
030_RC205,30,RC,4,8,OPTIMAL,362.1737,4,2,2,0,2,0.5,322.0317,0.0,40.142,90,2.0,2.0,1.0
030_RC205,30,RC,4,9,OPTIMAL,441.8908,4,3,3,0,1,0.75,424.4488,0.0,17.442,90,2.0,2.0,1.0
030_RC205,30,RC,6,0,OPTIMAL,702.6412,6,4,3,1,2,0.6667,677.8573,0.0,24.7839,90,2.0,2.0,1.0
030_RC205,30,RC,6,1,OPTIMAL,912.8226,6,5,4,1,1,0.8333,898.8542,0.0,13.9684,90,2.0,2.0,1.0
030_RC205,30,RC,6,2,OPTIMAL,730.5429,6,4,3,1,2,0.6667,687.1923,0.0,43.3506,90,2.0,2.0,1.0
030_RC205,30,RC,6,3,OPTIMAL,885.7818,6,5,5,0,1,0.8333,884.8118,0.0,0.97,90,2.0,2.0,1.0
030_RC205,30,RC,6,4,OPTIMAL,609.231,6,4,3,1,2,0.6667,608.535,0.0,0.696,90,2.0,2.0,1.0
030_RC205,30,RC,6,5,OPTIMAL,1024.6498,6,6,6,0,0,1.0,1024.6498,0.0,0.0,90,2.0,2.0,1.0
030_RC205,30,RC,6,6,OPTIMAL,795.6828,6,5,5,0,1,0.8333,783.033,0.0,12.6498,90,2.0,2.0,1.0
030_RC205,30,RC,6,7,OPTIMAL,641.6836,6,4,4,0,2,0.6667,629.0258,0.0,12.6578,90,2.0,2.0,1.0
030_RC205,30,RC,6,8,OPTIMAL,762.8039,6,5,5,0,1,0.8333,748.33,0.0,14.4739,90,2.0,2.0,1.0
030_RC205,30,RC,6,9,OPTIMAL,697.1949,6,4,3,1,2,0.6667,677.7587,0.0,19.4361,90,2.0,2.0,1.0
035_C101,35,C,3,0,OPTIMAL,345.0956,3,2,2,0,1,0.6667,306.9716,0.0,38.124,90,2.0,2.0,1.0
035_C101,35,C,3,1,OPTIMAL,132.7728,3,1,0,1,2,0.3333,76.4375,0.0,56.3353,90,2.0,2.0,1.0
035_C101,35,C,3,2,OPTIMAL,79.1203,3,1,0,1,2,0.3333,53.2178,0.0,25.9025,90,2.0,2.0,1.0
035_C101,35,C,3,3,OPTIMAL,177.6923,3,1,1,0,2,0.3333,50.0104,0.0,127.6819,90,2.0,2.0,1.0
035_C101,35,C,3,4,OPTIMAL,127.2622,3,2,1,1,1,0.6667,124.2853,0.0,2.9769,90,2.0,2.0,1.0
035_C101,35,C,3,5,OPTIMAL,26.1995,3,0,0,0,3,0.0,0.0,0.0,26.1995,90,2.0,2.0,1.0
035_C101,35,C,3,6,OPTIMAL,308.8943,3,2,2,0,1,0.6667,263.8174,0.0,45.0769,90,2.0,2.0,1.0
035_C101,35,C,3,7,OPTIMAL,111.8554,3,1,1,0,2,0.3333,101.1098,0.0,10.7456,90,2.0,2.0,1.0
035_C101,35,C,3,8,OPTIMAL,272.3078,3,2,2,0,1,0.6667,246.3244,0.0,25.9833,90,2.0,2.0,1.0
035_C101,35,C,3,9,OPTIMAL,275.7562,3,2,1,1,1,0.6667,268.2837,0.0,7.4725,90,2.0,2.0,1.0
035_C101,35,C,6,0,OPTIMAL,634.3873,6,5,4,1,1,0.8333,626.262,0.0,8.1253,90,2.0,2.0,1.0
035_C101,35,C,6,1,OPTIMAL,627.423,6,4,4,0,2,0.6667,615.148,0.0,12.275,90,2.0,2.0,1.0
035_C101,35,C,6,2,OPTIMAL,251.5266,6,2,1,1,4,0.3333,215.555,0.0,35.9716,90,2.0,2.0,1.0
035_C101,35,C,6,3,OPTIMAL,387.4722,6,3,3,0,3,0.5,371.2646,0.0,16.2076,90,2.0,2.0,1.0
035_C101,35,C,6,4,OPTIMAL,188.2317,6,1,1,0,5,0.1667,84.665,0.0,103.5667,90,2.0,2.0,1.0
035_C101,35,C,6,5,OPTIMAL,393.5674,6,3,1,2,3,0.5,374.759,0.0,18.8084,90,2.0,2.0,1.0
035_C101,35,C,6,6,OPTIMAL,434.1261,6,3,3,0,3,0.5,357.4851,0.0,76.641,90,2.0,2.0,1.0
035_C101,35,C,6,7,OPTIMAL,382.971,6,3,3,0,3,0.5,351.9356,0.0,31.0353,90,2.0,2.0,1.0
035_C101,35,C,6,8,OPTIMAL,535.3707,6,5,3,2,1,0.8333,516.1552,0.0,19.2155,90,2.0,2.0,1.0
035_C101,35,C,6,9,OPTIMAL,629.889,6,4,4,0,2,0.6667,622.6199,0.0,7.2691,90,2.0,2.0,1.0
035_C101,35,C,9,0,OPTIMAL,707.9628,9,6,3,3,3,0.6667,650.4697,0.0,57.4932,90,2.0,2.0,1.0
035_C101,35,C,9,1,OPTIMAL,431.2238,9,3,1,2,6,0.3333,313.4373,0.0,117.7865,90,2.0,2.0,1.0
035_C101,35,C,9,2,OPTIMAL,252.5789,9,2,1,1,7,0.2222,150.5777,0.0,102.0012,90,2.0,2.0,1.0
035_C101,35,C,9,3,OPTIMAL,530.5292,9,4,3,1,5,0.4444,496.393,0.0,34.1361,90,2.0,2.0,1.0
035_C101,35,C,9,4,OPTIMAL,358.1061,9,3,2,1,6,0.3333,240.6041,0.0,117.5019,90,2.0,2.0,1.0
035_C101,35,C,9,5,OPTIMAL,432.2861,9,3,2,1,6,0.3333,406.1388,0.0,26.1473,90,2.0,2.0,1.0
035_C101,35,C,9,6,OPTIMAL,817.864,9,6,3,3,3,0.6667,711.4218,0.0,106.4422,90,2.0,2.0,1.0
035_C101,35,C,9,7,OPTIMAL,754.6465,9,7,6,1,2,0.7778,749.5847,0.0,5.0619,90,2.0,2.0,1.0
035_C101,35,C,9,8,OPTIMAL,312.8458,9,2,1,1,7,0.2222,209.9314,0.0,102.9144,90,2.0,2.0,1.0
035_C101,35,C,9,9,OPTIMAL,671.4293,9,5,5,0,4,0.5556,618.0321,0.0,53.3972,90,2.0,2.0,1.0
035_C105,35,C,3,0,OPTIMAL,85.6179,3,0,0,0,3,0.0,0.0,0.0,85.6179,90,2.0,2.0,1.0
035_C105,35,C,3,1,OPTIMAL,61.2168,3,0,0,0,3,0.0,0.0,0.0,61.2168,90,2.0,2.0,1.0
035_C105,35,C,3,2,OPTIMAL,9.4554,3,0,0,0,3,0.0,0.0,0.0,9.4554,90,2.0,2.0,1.0
035_C105,35,C,3,3,OPTIMAL,194.6774,3,2,2,0,1,0.6667,194.0752,0.0,0.6022,90,2.0,2.0,1.0
035_C105,35,C,3,4,OPTIMAL,213.2474,3,2,2,0,1,0.6667,191.8473,0.0,21.4001,90,2.0,2.0,1.0
035_C105,35,C,3,5,OPTIMAL,36.3251,3,0,0,0,3,0.0,0.0,0.0,36.3251,90,2.0,2.0,1.0
035_C105,35,C,3,6,OPTIMAL,391.6676,3,3,3,0,0,1.0,391.6676,0.0,0.0,90,2.0,2.0,1.0
035_C105,35,C,3,7,OPTIMAL,234.4969,3,1,1,0,2,0.3333,139.2105,0.0,95.2864,90,2.0,2.0,1.0
035_C105,35,C,3,8,OPTIMAL,127.5033,3,0,0,0,3,0.0,0.0,0.0,127.5033,90,2.0,2.0,1.0
035_C105,35,C,3,9,OPTIMAL,189.3905,3,1,1,0,2,0.3333,101.2632,0.0,88.1273,90,2.0,2.0,1.0
035_C105,35,C,6,0,OPTIMAL,276.9127,6,1,1,0,5,0.1667,163.0584,0.0,113.8543,90,2.0,2.0,1.0
035_C105,35,C,6,1,OPTIMAL,514.5415,6,3,3,0,3,0.5,444.3663,0.0,70.1751,90,2.0,2.0,1.0
035_C105,35,C,6,2,OPTIMAL,198.9176,6,1,1,0,5,0.1667,154.619,0.0,44.2986,90,2.0,2.0,1.0
035_C105,35,C,6,3,OPTIMAL,354.5327,6,3,3,0,3,0.5,319.7176,0.0,34.8151,90,2.0,2.0,1.0
035_C105,35,C,6,4,OPTIMAL,178.6233,6,1,1,0,5,0.1667,135.8882,0.0,42.7351,90,2.0,2.0,1.0
035_C105,35,C,6,5,OPTIMAL,144.8252,6,1,1,0,5,0.1667,73.3004,0.0,71.5248,90,2.0,2.0,1.0
035_C105,35,C,6,6,OPTIMAL,429.6822,6,3,3,0,3,0.5,352.2192,0.0,77.463,90,2.0,2.0,1.0
035_C105,35,C,6,7,OPTIMAL,297.3509,6,2,2,0,4,0.3333,226.081,0.0,71.2699,90,2.0,2.0,1.0
035_C105,35,C,6,8,OPTIMAL,471.1953,6,3,2,1,3,0.5,397.5582,0.0,73.6371,90,2.0,2.0,1.0
035_C105,35,C,6,9,OPTIMAL,395.1538,6,2,2,0,4,0.3333,329.2349,0.0,65.9189,90,2.0,2.0,1.0
035_C105,35,C,9,0,OPTIMAL,288.1214,9,1,1,0,8,0.1111,158.5364,0.0,129.585,90,2.0,2.0,1.0
035_C105,35,C,9,1,OPTIMAL,381.9388,9,2,2,0,7,0.2222,244.6461,0.0,137.2927,90,2.0,2.0,1.0
035_C105,35,C,9,2,OPTIMAL,135.1528,9,0,0,0,9,0.0,0.0,0.0,135.1528,90,2.0,2.0,1.0
035_C105,35,C,9,3,OPTIMAL,218.3125,9,1,1,0,8,0.1111,72.141,0.0,146.1714,90,2.0,2.0,1.0
035_C105,35,C,9,4,OPTIMAL,458.9873,9,3,3,0,6,0.3333,340.0366,0.0,118.9507,90,2.0,2.0,1.0
035_C105,35,C,9,5,OPTIMAL,496.3897,9,4,4,0,5,0.4444,481.1317,0.0,15.258,90,2.0,2.0,1.0
035_C105,35,C,9,6,OPTIMAL,296.6056,9,2,1,1,7,0.2222,213.5982,0.0,83.0074,90,2.0,2.0,1.0
035_C105,35,C,9,7,OPTIMAL,651.2853,9,5,5,0,4,0.5556,617.4527,0.0,33.8326,90,2.0,2.0,1.0
035_C105,35,C,9,8,OPTIMAL,250.6708,9,1,1,0,8,0.1111,157.6327,0.0,93.0382,90,2.0,2.0,1.0
035_C105,35,C,9,9,OPTIMAL,637.6411,9,5,5,0,4,0.5556,546.6247,0.0,91.0164,90,2.0,2.0,1.0
035_C106,35,C,3,0,OPTIMAL,460.4265,3,3,2,1,0,1.0,460.4265,0.0,0.0,90,2.0,2.0,1.0
035_C106,35,C,3,1,OPTIMAL,81.2516,3,0,0,0,3,0.0,0.0,0.0,81.2516,90,2.0,2.0,1.0
035_C106,35,C,3,2,OPTIMAL,72.328,3,1,0,1,2,0.3333,69.9897,0.0,2.3383,90,2.0,2.0,1.0
035_C106,35,C,3,3,OPTIMAL,238.3189,3,2,1,1,1,0.6667,194.0752,0.0,44.2436,90,2.0,2.0,1.0
035_C106,35,C,3,4,OPTIMAL,260.9198,3,3,2,1,0,1.0,260.9198,0.0,0.0,90,2.0,2.0,1.0
035_C106,35,C,3,5,OPTIMAL,64.499,3,1,1,0,2,0.3333,52.0316,0.0,12.4673,90,2.0,2.0,1.0
035_C106,35,C,3,6,OPTIMAL,391.6676,3,3,2,1,0,1.0,391.6676,0.0,0.0,90,2.0,2.0,1.0
035_C106,35,C,3,7,OPTIMAL,78.2387,3,0,0,0,3,0.0,0.0,0.0,78.2387,90,2.0,2.0,1.0
035_C106,35,C,3,8,OPTIMAL,334.4956,3,3,1,2,0,1.0,334.4956,0.0,0.0,90,2.0,2.0,1.0
035_C106,35,C,3,9,OPTIMAL,293.494,3,2,2,0,1,0.6667,237.975,0.0,55.519,90,2.0,2.0,1.0
035_C106,35,C,6,0,OPTIMAL,526.7449,6,4,3,1,2,0.6667,486.7388,0.0,40.0062,90,2.0,2.0,1.0
035_C106,35,C,6,1,OPTIMAL,626.8568,6,4,3,1,2,0.6667,615.148,0.0,11.7088,90,2.0,2.0,1.0
035_C106,35,C,6,2,OPTIMAL,263.5973,6,2,2,0,4,0.3333,231.2862,0.0,32.3111,90,2.0,2.0,1.0
035_C106,35,C,6,3,OPTIMAL,352.3945,6,3,3,0,3,0.5,311.5777,0.0,40.8168,90,2.0,2.0,1.0
035_C106,35,C,6,4,OPTIMAL,330.1361,6,4,3,1,2,0.6667,304.1601,0.0,25.9759,90,2.0,2.0,1.0
035_C106,35,C,6,5,OPTIMAL,393.5674,6,3,2,1,3,0.5,374.759,0.0,18.8084,90,2.0,2.0,1.0
035_C106,35,C,6,6,OPTIMAL,453.409,6,3,3,0,3,0.5,387.8088,0.0,65.6001,90,2.0,2.0,1.0
035_C106,35,C,6,7,OPTIMAL,361.9684,6,3,2,1,3,0.5,351.9356,0.0,10.0328,90,2.0,2.0,1.0
035_C106,35,C,6,8,OPTIMAL,530.9339,6,5,4,1,1,0.8333,516.1552,0.0,14.7786,90,2.0,2.0,1.0
035_C106,35,C,6,9,OPTIMAL,590.1118,6,4,4,0,2,0.6667,538.4331,0.0,51.6787,90,2.0,2.0,1.0
035_C106,35,C,9,0,OPTIMAL,667.2022,9,5,4,1,4,0.5556,563.0681,0.0,104.1341,90,2.0,2.0,1.0
035_C106,35,C,9,1,OPTIMAL,494.0007,9,5,3,2,4,0.5556,438.3738,0.0,55.6269,90,2.0,2.0,1.0
035_C106,35,C,9,2,OPTIMAL,396.8676,9,4,2,2,5,0.4444,349.9735,0.0,46.8941,90,2.0,2.0,1.0
035_C106,35,C,9,3,OPTIMAL,475.9479,9,2,1,1,7,0.2222,207.6117,0.0,268.3362,90,2.0,2.0,1.0
035_C106,35,C,9,4,OPTIMAL,351.3326,9,3,3,0,6,0.3333,246.4588,0.0,104.8738,90,2.0,2.0,1.0
035_C106,35,C,9,5,OPTIMAL,674.4264,9,6,2,4,3,0.6667,645.1008,0.0,29.3256,90,2.0,2.0,1.0
035_C106,35,C,9,6,OPTIMAL,294.7692,9,1,1,0,8,0.1111,143.5009,0.0,151.2683,90,2.0,2.0,1.0
035_C106,35,C,9,7,OPTIMAL,536.8451,9,4,1,3,5,0.4444,456.8773,0.0,79.9678,90,2.0,2.0,1.0
035_C106,35,C,9,8,OPTIMAL,322.5055,9,2,2,0,7,0.2222,209.9314,0.0,112.5741,90,2.0,2.0,1.0
035_C106,35,C,9,9,OPTIMAL,682.9649,9,5,4,1,4,0.5556,618.0321,0.0,64.9328,90,2.0,2.0,1.0
035_C107,35,C,3,0,OPTIMAL,460.4265,3,3,3,0,0,1.0,460.4265,0.0,0.0,90,2.0,2.0,1.0
035_C107,35,C,3,1,OPTIMAL,199.1492,3,2,1,1,1,0.6667,195.8487,0.0,3.3005,90,2.0,2.0,1.0
035_C107,35,C,3,2,OPTIMAL,8.3894,3,0,0,0,3,0.0,0.0,0.0,8.3894,90,2.0,2.0,1.0
035_C107,35,C,3,3,OPTIMAL,194.6774,3,2,2,0,1,0.6667,194.0752,0.0,0.6022,90,2.0,2.0,1.0
035_C107,35,C,3,4,OPTIMAL,132.218,3,2,2,0,1,0.6667,124.2853,0.0,7.9327,90,2.0,2.0,1.0
035_C107,35,C,3,5,OPTIMAL,75.4193,3,1,1,0,2,0.3333,52.0316,0.0,23.3877,90,2.0,2.0,1.0
035_C107,35,C,3,6,OPTIMAL,197.9326,3,1,1,0,2,0.3333,142.3508,0.0,55.5817,90,2.0,2.0,1.0
035_C107,35,C,3,7,OPTIMAL,262.6577,3,2,0,2,1,0.6667,240.3203,0.0,22.3374,90,2.0,2.0,1.0
035_C107,35,C,3,8,OPTIMAL,177.0556,3,1,1,0,2,0.3333,161.0358,0.0,16.0198,90,2.0,2.0,1.0
035_C107,35,C,3,9,OPTIMAL,215.905,3,1,1,0,2,0.3333,136.7118,0.0,79.1931,90,2.0,2.0,1.0
035_C107,35,C,6,0,OPTIMAL,413.8388,6,3,3,0,3,0.5,391.4641,0.0,22.3747,90,2.0,2.0,1.0
035_C107,35,C,6,1,OPTIMAL,638.7787,6,4,3,1,2,0.6667,553.9841,0.0,84.7945,90,2.0,2.0,1.0
035_C107,35,C,6,2,OPTIMAL,251.0879,6,3,2,1,3,0.5,198.5444,0.0,52.5435,90,2.0,2.0,1.0
035_C107,35,C,6,3,OPTIMAL,379.3115,6,3,3,0,3,0.5,311.5777,0.0,67.7338,90,2.0,2.0,1.0
035_C107,35,C,6,4,OPTIMAL,245.0104,6,2,1,1,4,0.3333,217.1714,0.0,27.839,90,2.0,2.0,1.0
035_C107,35,C,6,5,OPTIMAL,361.1475,6,2,2,0,4,0.3333,301.4586,0.0,59.6889,90,2.0,2.0,1.0
035_C107,35,C,6,6,OPTIMAL,487.8062,6,3,2,1,3,0.5,402.0831,0.0,85.7231,90,2.0,2.0,1.0
035_C107,35,C,6,7,OPTIMAL,319.3377,6,3,2,1,3,0.5,251.1374,0.0,68.2003,90,2.0,2.0,1.0
035_C107,35,C,6,8,OPTIMAL,301.1558,6,2,1,1,4,0.3333,213.35,0.0,87.8058,90,2.0,2.0,1.0
035_C107,35,C,6,9,OPTIMAL,266.6541,6,2,2,0,4,0.3333,221.6548,0.0,44.9994,90,2.0,2.0,1.0
035_C107,35,C,9,0,OPTIMAL,681.6146,9,5,5,0,4,0.5556,605.746,0.0,75.8686,90,2.0,2.0,1.0
035_C107,35,C,9,1,OPTIMAL,440.6215,9,4,3,1,5,0.4444,353.21,0.0,87.4115,90,2.0,2.0,1.0
035_C107,35,C,9,2,OPTIMAL,390.8389,9,4,4,0,5,0.4444,344.2161,0.0,46.6228,90,2.0,2.0,1.0
035_C107,35,C,9,3,OPTIMAL,530.3984,9,4,3,1,5,0.4444,517.4339,0.0,12.9645,90,2.0,2.0,1.0
035_C107,35,C,9,4,OPTIMAL,448.4858,9,4,2,2,5,0.4444,369.3655,0.0,79.1203,90,2.0,2.0,1.0
035_C107,35,C,9,5,OPTIMAL,638.0294,9,5,5,0,4,0.5556,606.097,0.0,31.9324,90,2.0,2.0,1.0
035_C107,35,C,9,6,OPTIMAL,609.0348,9,5,5,0,4,0.5556,599.5667,0.0,9.4682,90,2.0,2.0,1.0
035_C107,35,C,9,7,OPTIMAL,584.626,9,5,2,3,4,0.5556,547.2096,0.0,37.4164,90,2.0,2.0,1.0
035_C107,35,C,9,8,OPTIMAL,532.9849,9,5,3,2,4,0.5556,526.4494,0.0,6.5355,90,2.0,2.0,1.0
035_C107,35,C,9,9,OPTIMAL,610.9944,9,6,4,2,3,0.6667,597.4286,0.0,13.5658,90,2.0,2.0,1.0
035_C108,35,C,3,0,OPTIMAL,375.518,3,2,2,0,1,0.6667,306.9716,0.0,68.5464,90,2.0,2.0,1.0
035_C108,35,C,3,1,OPTIMAL,81.9355,3,1,1,0,2,0.3333,76.4375,0.0,5.498,90,2.0,2.0,1.0
035_C108,35,C,3,2,OPTIMAL,74.5983,3,1,0,1,2,0.3333,69.9897,0.0,4.6086,90,2.0,2.0,1.0
035_C108,35,C,3,3,OPTIMAL,338.1571,3,3,2,1,0,1.0,338.1571,0.0,0.0,90,2.0,2.0,1.0
035_C108,35,C,3,4,OPTIMAL,163.5447,3,2,2,0,1,0.6667,124.2853,0.0,39.2595,90,2.0,2.0,1.0
035_C108,35,C,3,5,OPTIMAL,63.8842,3,1,1,0,2,0.3333,52.0316,0.0,11.8525,90,2.0,2.0,1.0
035_C108,35,C,3,6,OPTIMAL,391.6676,3,3,3,0,0,1.0,391.6676,0.0,0.0,90,2.0,2.0,1.0
035_C108,35,C,3,7,OPTIMAL,65.9939,3,0,0,0,3,0.0,0.0,0.0,65.9939,90,2.0,2.0,1.0
035_C108,35,C,3,8,OPTIMAL,177.0556,3,1,1,0,2,0.3333,161.0358,0.0,16.0198,90,2.0,2.0,1.0
035_C108,35,C,3,9,OPTIMAL,184.3469,3,1,1,0,2,0.3333,136.7118,0.0,47.6351,90,2.0,2.0,1.0
035_C108,35,C,6,0,OPTIMAL,445.8112,6,3,2,1,3,0.5,394.4479,0.0,51.3633,90,2.0,2.0,1.0
035_C108,35,C,6,1,OPTIMAL,655.4833,6,4,3,1,2,0.6667,615.148,0.0,40.3353,90,2.0,2.0,1.0
035_C108,35,C,6,2,OPTIMAL,311.1666,6,2,1,1,4,0.3333,215.5602,0.0,95.6064,90,2.0,2.0,1.0
035_C108,35,C,6,3,OPTIMAL,371.7467,6,3,1,2,3,0.5,319.7176,0.0,52.0291,90,2.0,2.0,1.0
035_C108,35,C,6,4,OPTIMAL,127.9737,6,1,1,0,5,0.1667,70.2569,0.0,57.7168,90,2.0,2.0,1.0
035_C108,35,C,6,5,OPTIMAL,407.2161,6,3,3,0,3,0.5,374.759,0.0,32.4571,90,2.0,2.0,1.0
035_C108,35,C,6,6,OPTIMAL,475.5277,6,3,2,1,3,0.5,387.8088,0.0,87.7189,90,2.0,2.0,1.0
035_C108,35,C,6,7,OPTIMAL,341.8261,6,3,2,1,3,0.5,289.1557,0.0,52.6704,90,2.0,2.0,1.0
035_C108,35,C,6,8,OPTIMAL,464.3319,6,4,4,0,2,0.6667,452.5736,0.0,11.7583,90,2.0,2.0,1.0
035_C108,35,C,6,9,OPTIMAL,712.9249,6,5,5,0,1,0.8333,712.8863,0.0,0.0386,90,2.0,2.0,1.0
035_C108,35,C,9,0,OPTIMAL,728.6145,9,6,5,1,3,0.6667,657.9371,0.0,70.6774,90,2.0,2.0,1.0
035_C108,35,C,9,1,OPTIMAL,347.0756,9,3,2,1,6,0.3333,196.085,0.0,150.9906,90,2.0,2.0,1.0
035_C108,35,C,9,2,OPTIMAL,341.3122,9,3,3,0,6,0.3333,206.3402,0.0,134.9721,90,2.0,2.0,1.0
035_C108,35,C,9,3,OPTIMAL,604.7323,9,4,1,3,5,0.4444,531.8105,0.0,72.9218,90,2.0,2.0,1.0
035_C108,35,C,9,4,OPTIMAL,423.5073,9,3,3,0,6,0.3333,379.6129,0.0,43.8944,90,2.0,2.0,1.0
035_C108,35,C,9,5,OPTIMAL,633.9962,9,5,2,3,4,0.5556,606.097,0.0,27.8992,90,2.0,2.0,1.0
035_C108,35,C,9,6,OPTIMAL,882.7789,9,7,7,0,2,0.7778,881.4226,0.0,1.3563,90,2.0,2.0,1.0
035_C108,35,C,9,7,OPTIMAL,647.7496,9,6,4,2,3,0.6667,583.1988,0.0,64.5508,90,2.0,2.0,1.0
035_C108,35,C,9,8,OPTIMAL,376.9638,9,3,3,0,6,0.3333,319.077,0.0,57.8868,90,2.0,2.0,1.0
035_C108,35,C,9,9,OPTIMAL,597.8294,9,5,2,3,4,0.5556,546.6247,0.0,51.2047,90,2.0,2.0,1.0
035_C201,35,C,3,0,OPTIMAL,343.5646,3,3,3,0,0,1.0,343.5646,0.0,0.0,90,2.0,2.0,1.0
035_C201,35,C,3,1,OPTIMAL,256.5048,3,3,2,1,0,1.0,256.5048,0.0,0.0,90,2.0,2.0,1.0
035_C201,35,C,3,2,OPTIMAL,148.0118,3,1,1,0,2,0.3333,95.4341,0.0,52.5777,90,2.0,2.0,1.0
035_C201,35,C,3,3,OPTIMAL,344.7999,3,3,2,1,0,1.0,344.7999,0.0,0.0,90,2.0,2.0,1.0
035_C201,35,C,3,4,OPTIMAL,354.4814,3,3,3,0,0,1.0,354.4814,0.0,0.0,90,2.0,2.0,1.0
035_C201,35,C,3,5,OPTIMAL,253.9113,3,2,2,0,1,0.6667,200.315,0.0,53.5962,90,2.0,2.0,1.0
035_C201,35,C,3,6,OPTIMAL,226.0612,3,2,2,0,1,0.6667,206.9986,0.0,19.0626,90,2.0,2.0,1.0
035_C201,35,C,3,7,OPTIMAL,114.9983,3,2,1,1,1,0.6667,110.5834,0.0,4.4149,90,2.0,2.0,1.0
035_C201,35,C,3,8,OPTIMAL,306.1527,3,3,3,0,0,1.0,306.1527,0.0,0.0,90,2.0,2.0,1.0
035_C201,35,C,3,9,OPTIMAL,183.9614,3,2,2,0,1,0.6667,151.2583,0.0,32.7031,90,2.0,2.0,1.0
035_C201,35,C,6,0,OPTIMAL,524.9426,6,4,4,0,2,0.6667,401.195,0.0,123.7476,90,2.0,2.0,1.0
035_C201,35,C,6,1,OPTIMAL,504.4558,6,5,5,0,1,0.8333,437.8153,0.0,66.6405,90,2.0,2.0,1.0
035_C201,35,C,6,2,OPTIMAL,435.131,6,4,3,1,2,0.6667,424.3869,0.0,10.7441,90,2.0,2.0,1.0
035_C201,35,C,6,3,OPTIMAL,502.1818,6,5,5,0,1,0.8333,501.433,0.0,0.7488,90,2.0,2.0,1.0
035_C201,35,C,6,4,OPTIMAL,664.5648,6,6,5,1,0,1.0,664.5648,0.0,0.0,90,2.0,2.0,1.0
035_C201,35,C,6,5,OPTIMAL,538.1086,6,5,5,0,1,0.8333,536.3256,0.0,1.783,90,2.0,2.0,1.0
035_C201,35,C,6,6,OPTIMAL,622.9784,6,4,4,0,2,0.6667,568.2165,0.0,54.7619,90,2.0,2.0,1.0
035_C201,35,C,6,7,OPTIMAL,380.8924,6,4,4,0,2,0.6667,354.0837,0.0,26.8087,90,2.0,2.0,1.0
035_C201,35,C,6,8,OPTIMAL,426.4799,6,4,4,0,2,0.6667,383.756,0.0,42.7238,90,2.0,2.0,1.0
035_C201,35,C,6,9,OPTIMAL,527.1765,6,4,3,1,2,0.6667,473.3156,0.0,53.8609,90,2.0,2.0,1.0
035_C201,35,C,9,0,OPTIMAL,876.0661,9,8,8,0,1,0.8889,874.3179,0.0,1.7482,90,2.0,2.0,1.0
035_C201,35,C,9,1,OPTIMAL,638.0992,9,7,6,1,2,0.7778,587.7334,0.0,50.3659,90,2.0,2.0,1.0
035_C201,35,C,9,2,OPTIMAL,571.2399,9,5,4,1,4,0.5556,537.0051,0.0,34.2348,90,2.0,2.0,1.0
035_C201,35,C,9,3,OPTIMAL,1007.9225,9,8,6,2,1,0.8889,991.1202,0.0,16.8023,90,2.0,2.0,1.0
035_C201,35,C,9,4,OPTIMAL,824.2508,9,8,8,0,1,0.8889,811.9652,0.0,12.2856,90,2.0,2.0,1.0
035_C201,35,C,9,5,OPTIMAL,692.851,9,7,6,1,2,0.7778,683.3804,0.0,9.4706,90,2.0,2.0,1.0
035_C201,35,C,9,6,OPTIMAL,728.7593,9,6,4,2,3,0.6667,692.1275,0.0,36.6318,90,2.0,2.0,1.0
035_C201,35,C,9,7,OPTIMAL,645.4009,9,5,4,1,4,0.5556,515.5837,0.0,129.8172,90,2.0,2.0,1.0
035_C201,35,C,9,8,OPTIMAL,858.8694,9,6,6,0,3,0.6667,831.03,0.0,27.8394,90,2.0,2.0,1.0
035_C201,35,C,9,9,OPTIMAL,905.5042,9,8,6,2,1,0.8889,905.5006,0.0,0.0036,90,2.0,2.0,1.0
035_C202,35,C,3,0,OPTIMAL,343.5646,3,3,3,0,0,1.0,343.5646,0.0,0.0,90,2.0,2.0,1.0
035_C202,35,C,3,1,OPTIMAL,178.6753,3,2,2,0,1,0.6667,159.1484,0.0,19.5269,90,2.0,2.0,1.0
035_C202,35,C,3,2,OPTIMAL,236.5688,3,2,1,1,1,0.6667,218.5589,0.0,18.0099,90,2.0,2.0,1.0
035_C202,35,C,3,3,OPTIMAL,344.7999,3,3,2,1,0,1.0,344.7999,0.0,0.0,90,2.0,2.0,1.0
035_C202,35,C,3,4,OPTIMAL,354.4814,3,3,3,0,0,1.0,354.4814,0.0,0.0,90,2.0,2.0,1.0
035_C202,35,C,3,5,OPTIMAL,231.8552,3,2,2,0,1,0.6667,200.315,0.0,31.5402,90,2.0,2.0,1.0
035_C202,35,C,3,6,OPTIMAL,216.1407,3,2,2,0,1,0.6667,206.9986,0.0,9.1421,90,2.0,2.0,1.0
035_C202,35,C,3,7,OPTIMAL,165.5101,3,2,2,0,1,0.6667,157.7471,0.0,7.763,90,2.0,2.0,1.0
035_C202,35,C,3,8,OPTIMAL,306.1527,3,3,3,0,0,1.0,306.1527,0.0,0.0,90,2.0,2.0,1.0
035_C202,35,C,3,9,OPTIMAL,157.8466,3,2,2,0,1,0.6667,151.2583,0.0,6.5883,90,2.0,2.0,1.0
035_C202,35,C,6,0,OPTIMAL,568.4412,6,5,5,0,1,0.8333,561.7036,0.0,6.7376,90,2.0,2.0,1.0
035_C202,35,C,6,1,OPTIMAL,513.1654,6,6,6,0,0,1.0,513.1654,0.0,0.0,90,2.0,2.0,1.0
035_C202,35,C,6,2,OPTIMAL,588.7454,6,5,4,1,1,0.8333,587.4202,0.0,1.3252,90,2.0,2.0,1.0
035_C202,35,C,6,3,OPTIMAL,459.4376,6,4,4,0,2,0.6667,453.1411,0.0,6.2965,90,2.0,2.0,1.0
035_C202,35,C,6,4,OPTIMAL,664.5648,6,6,6,0,0,1.0,664.5648,0.0,0.0,90,2.0,2.0,1.0
035_C202,35,C,6,5,OPTIMAL,585.9537,6,6,5,1,0,1.0,585.9537,0.0,0.0,90,2.0,2.0,1.0
035_C202,35,C,6,6,OPTIMAL,686.8522,6,5,5,0,1,0.8333,643.9777,0.0,42.8745,90,2.0,2.0,1.0
035_C202,35,C,6,7,OPTIMAL,496.7001,6,5,5,0,1,0.8333,491.1975,0.0,5.5026,90,2.0,2.0,1.0
035_C202,35,C,6,8,OPTIMAL,500.8855,6,5,4,1,1,0.8333,469.7738,0.0,31.1117,90,2.0,2.0,1.0
035_C202,35,C,6,9,OPTIMAL,597.2297,6,5,3,2,1,0.8333,543.5677,0.0,53.662,90,2.0,2.0,1.0
035_C202,35,C,9,0,OPTIMAL,876.0661,9,8,8,0,1,0.8889,874.3179,0.0,1.7482,90,2.0,2.0,1.0
035_C202,35,C,9,1,OPTIMAL,672.1823,9,7,7,0,2,0.7778,646.2203,0.0,25.9619,90,2.0,2.0,1.0
035_C202,35,C,9,2,OPTIMAL,552.4454,9,5,4,1,4,0.5556,507.7936,0.0,44.6518,90,2.0,2.0,1.0
035_C202,35,C,9,3,OPTIMAL,1041.7944,9,7,6,1,2,0.7778,999.441,0.0,42.3534,90,2.0,2.0,1.0
035_C202,35,C,9,4,OPTIMAL,824.2508,9,8,8,0,1,0.8889,811.9652,0.0,12.2856,90,2.0,2.0,1.0
035_C202,35,C,9,5,OPTIMAL,818.5512,9,8,7,1,1,0.8889,811.8389,0.0,6.7122,90,2.0,2.0,1.0
035_C202,35,C,9,6,OPTIMAL,730.7336,9,6,6,0,3,0.6667,692.9638,0.0,37.7698,90,2.0,2.0,1.0
035_C202,35,C,9,7,OPTIMAL,702.7819,9,6,5,1,3,0.6667,644.2464,0.0,58.5355,90,2.0,2.0,1.0
035_C202,35,C,9,8,OPTIMAL,946.8302,9,7,7,0,2,0.7778,918.9909,0.0,27.8394,90,2.0,2.0,1.0
035_C202,35,C,9,9,OPTIMAL,968.624,9,8,7,1,1,0.8889,926.5836,0.0,42.0404,90,2.0,2.0,1.0
035_C205,35,C,3,0,OPTIMAL,343.5646,3,3,3,0,0,1.0,343.5646,0.0,0.0,90,2.0,2.0,1.0
035_C205,35,C,3,1,OPTIMAL,218.5325,3,2,2,0,1,0.6667,203.3132,0.0,15.2193,90,2.0,2.0,1.0
035_C205,35,C,3,2,OPTIMAL,333.4395,3,3,0,3,0,1.0,333.4395,0.0,0.0,90,2.0,2.0,1.0
035_C205,35,C,3,3,OPTIMAL,259.7512,3,2,2,0,1,0.6667,247.529,0.0,12.2222,90,2.0,2.0,1.0
035_C205,35,C,3,4,OPTIMAL,312.8864,3,2,2,0,1,0.6667,250.3714,0.0,62.515,90,2.0,2.0,1.0
035_C205,35,C,3,5,OPTIMAL,253.9113,3,2,2,0,1,0.6667,200.315,0.0,53.5962,90,2.0,2.0,1.0
035_C205,35,C,3,6,OPTIMAL,246.2693,3,3,3,0,0,1.0,246.2693,0.0,0.0,90,2.0,2.0,1.0
035_C205,35,C,3,7,OPTIMAL,212.3089,3,3,3,0,0,1.0,212.3089,0.0,0.0,90,2.0,2.0,1.0
035_C205,35,C,3,8,OPTIMAL,306.1527,3,3,2,1,0,1.0,306.1527,0.0,0.0,90,2.0,2.0,1.0
035_C205,35,C,3,9,OPTIMAL,231.9755,3,2,2,0,1,0.6667,225.5674,0.0,6.4081,90,2.0,2.0,1.0
035_C205,35,C,6,0,OPTIMAL,389.5083,6,3,3,0,3,0.5,343.7343,0.0,45.774,90,2.0,2.0,1.0
035_C205,35,C,6,1,OPTIMAL,435.1459,6,5,5,0,1,0.8333,434.7384,0.0,0.4075,90,2.0,2.0,1.0
035_C205,35,C,6,2,OPTIMAL,368.4155,6,3,2,1,3,0.5,297.6375,0.0,70.778,90,2.0,2.0,1.0
035_C205,35,C,6,3,OPTIMAL,501.9474,6,5,5,0,1,0.8333,501.433,0.0,0.5144,90,2.0,2.0,1.0
035_C205,35,C,6,4,OPTIMAL,664.5648,6,6,6,0,0,1.0,664.5648,0.0,0.0,90,2.0,2.0,1.0
035_C205,35,C,6,5,OPTIMAL,410.0114,6,3,2,1,3,0.5,304.8429,0.0,105.1685,90,2.0,2.0,1.0
035_C205,35,C,6,6,OPTIMAL,698.8822,6,5,5,0,1,0.8333,672.432,0.0,26.4502,90,2.0,2.0,1.0
035_C205,35,C,6,7,OPTIMAL,226.959,6,2,2,0,4,0.3333,166.4883,0.0,60.4707,90,2.0,2.0,1.0
035_C205,35,C,6,8,OPTIMAL,410.4096,6,5,5,0,1,0.8333,397.3862,0.0,13.0234,90,2.0,2.0,1.0
035_C205,35,C,6,9,OPTIMAL,713.807,6,6,6,0,0,1.0,713.807,0.0,0.0,90,2.0,2.0,1.0
035_C205,35,C,9,0,OPTIMAL,580.3813,9,4,4,0,5,0.4444,534.3763,0.0,46.0049,90,2.0,2.0,1.0
035_C205,35,C,9,1,OPTIMAL,735.5835,9,7,7,0,2,0.7778,724.7447,0.0,10.8388,90,2.0,2.0,1.0
035_C205,35,C,9,2,OPTIMAL,753.1399,9,7,5,2,2,0.7778,713.042,0.0,40.0979,90,2.0,2.0,1.0
035_C205,35,C,9,3,OPTIMAL,1114.802,9,8,8,0,1,0.8889,1080.6683,0.0,34.1337,90,2.0,2.0,1.0
035_C205,35,C,9,4,OPTIMAL,780.5286,9,7,6,1,2,0.7778,767.4588,0.0,13.0698,90,2.0,2.0,1.0
035_C205,35,C,9,5,OPTIMAL,677.4114,9,6,6,0,3,0.6667,653.0444,0.0,24.367,90,2.0,2.0,1.0
035_C205,35,C,9,6,OPTIMAL,850.8372,9,8,7,1,1,0.8889,834.658,0.0,16.1791,90,2.0,2.0,1.0
035_C205,35,C,9,7,OPTIMAL,525.5291,9,4,4,0,5,0.4444,449.7957,0.0,75.7333,90,2.0,2.0,1.0
035_C205,35,C,9,8,OPTIMAL,925.6251,9,7,7,0,2,0.7778,886.6875,0.0,38.9376,90,2.0,2.0,1.0
035_C205,35,C,9,9,OPTIMAL,887.814,9,7,7,0,2,0.7778,879.8105,0.0,8.0035,90,2.0,2.0,1.0
035_C206,35,C,3,0,OPTIMAL,343.5646,3,3,3,0,0,1.0,343.5646,0.0,0.0,90,2.0,2.0,1.0
035_C206,35,C,3,1,OPTIMAL,256.5048,3,3,3,0,0,1.0,256.5048,0.0,0.0,90,2.0,2.0,1.0
035_C206,35,C,3,2,OPTIMAL,333.4395,3,3,2,1,0,1.0,333.4395,0.0,0.0,90,2.0,2.0,1.0
035_C206,35,C,3,3,OPTIMAL,344.7999,3,3,3,0,0,1.0,344.7999,0.0,0.0,90,2.0,2.0,1.0
035_C206,35,C,3,4,OPTIMAL,354.4814,3,3,3,0,0,1.0,354.4814,0.0,0.0,90,2.0,2.0,1.0
035_C206,35,C,3,5,OPTIMAL,253.9113,3,2,2,0,1,0.6667,200.315,0.0,53.5962,90,2.0,2.0,1.0
035_C206,35,C,3,6,OPTIMAL,246.2693,3,3,2,1,0,1.0,246.2693,0.0,0.0,90,2.0,2.0,1.0
035_C206,35,C,3,7,OPTIMAL,68.9913,3,1,1,0,2,0.3333,56.0216,0.0,12.9697,90,2.0,2.0,1.0
035_C206,35,C,3,8,OPTIMAL,229.9315,3,2,2,0,1,0.6667,194.3649,0.0,35.5667,90,2.0,2.0,1.0
035_C206,35,C,3,9,OPTIMAL,174.1418,3,2,1,1,1,0.6667,151.2583,0.0,22.8835,90,2.0,2.0,1.0
035_C206,35,C,6,0,OPTIMAL,411.3553,6,3,3,0,3,0.5,344.6002,0.0,66.7551,90,2.0,2.0,1.0
035_C206,35,C,6,1,OPTIMAL,446.9673,6,5,5,0,1,0.8333,434.9192,0.0,12.0481,90,2.0,2.0,1.0
035_C206,35,C,6,2,OPTIMAL,607.0531,6,5,5,0,1,0.8333,587.4202,0.0,19.633,90,2.0,2.0,1.0
035_C206,35,C,6,3,OPTIMAL,417.5042,6,3,3,0,3,0.5,400.185,0.0,17.3192,90,2.0,2.0,1.0
035_C206,35,C,6,4,OPTIMAL,664.5648,6,6,5,1,0,1.0,664.5648,0.0,0.0,90,2.0,2.0,1.0
035_C206,35,C,6,5,OPTIMAL,403.0744,6,4,4,0,2,0.6667,367.5357,0.0,35.5388,90,2.0,2.0,1.0
035_C206,35,C,6,6,OPTIMAL,758.3258,6,6,6,0,0,1.0,758.3258,0.0,0.0,90,2.0,2.0,1.0
035_C206,35,C,6,7,OPTIMAL,520.2032,6,5,4,1,1,0.8333,491.1975,0.0,29.0057,90,2.0,2.0,1.0
035_C206,35,C,6,8,OPTIMAL,536.3958,6,6,5,1,0,1.0,536.3958,0.0,0.0,90,2.0,2.0,1.0
035_C206,35,C,6,9,OPTIMAL,713.807,6,6,5,1,0,1.0,713.807,0.0,0.0,90,2.0,2.0,1.0
035_C206,35,C,9,0,OPTIMAL,1003.622,9,9,9,0,0,1.0,1003.622,0.0,0.0,90,2.0,2.0,1.0
035_C206,35,C,9,1,OPTIMAL,697.4501,9,7,7,0,2,0.7778,688.451,0.0,8.999,90,2.0,2.0,1.0
035_C206,35,C,9,2,OPTIMAL,769.0726,9,7,7,0,2,0.7778,692.1484,0.0,76.9243,90,2.0,2.0,1.0
035_C206,35,C,9,3,OPTIMAL,791.2468,9,5,5,0,4,0.5556,680.8793,0.0,110.3675,90,2.0,2.0,1.0
035_C206,35,C,9,4,OPTIMAL,687.0364,9,6,5,1,3,0.6667,620.3808,0.0,66.6555,90,2.0,2.0,1.0
035_C206,35,C,9,5,OPTIMAL,841.7049,9,8,7,1,1,0.8889,839.9504,0.0,1.7545,90,2.0,2.0,1.0
035_C206,35,C,9,6,OPTIMAL,796.0209,9,7,7,0,2,0.7778,784.4674,0.0,11.5536,90,2.0,2.0,1.0
035_C206,35,C,9,7,OPTIMAL,799.7396,9,6,5,1,3,0.6667,793.8757,0.0,5.8639,90,2.0,2.0,1.0
035_C206,35,C,9,8,OPTIMAL,951.8494,9,7,6,1,2,0.7778,918.9909,0.0,32.8586,90,2.0,2.0,1.0
035_C206,35,C,9,9,OPTIMAL,1042.9445,9,9,8,1,0,1.0,1042.9445,0.0,0.0,90,2.0,2.0,1.0
035_C207,35,C,3,0,OPTIMAL,276.1352,3,2,2,0,1,0.6667,217.2878,0.0,58.8474,90,2.0,2.0,1.0
035_C207,35,C,3,1,OPTIMAL,209.7849,3,2,2,0,1,0.6667,203.3132,0.0,6.4717,90,2.0,2.0,1.0
035_C207,35,C,3,2,OPTIMAL,333.4395,3,3,2,1,0,1.0,333.4395,0.0,0.0,90,2.0,2.0,1.0
035_C207,35,C,3,3,OPTIMAL,344.7999,3,3,2,1,0,1.0,344.7999,0.0,0.0,90,2.0,2.0,1.0
035_C207,35,C,3,4,OPTIMAL,354.4814,3,3,3,0,0,1.0,354.4814,0.0,0.0,90,2.0,2.0,1.0
035_C207,35,C,3,5,OPTIMAL,218.827,3,1,1,0,2,0.3333,144.983,0.0,73.844,90,2.0,2.0,1.0
035_C207,35,C,3,6,OPTIMAL,215.982,3,2,2,0,1,0.6667,206.9986,0.0,8.9835,90,2.0,2.0,1.0
035_C207,35,C,3,7,OPTIMAL,212.3089,3,3,2,1,0,1.0,212.3089,0.0,0.0,90,2.0,2.0,1.0
035_C207,35,C,3,8,OPTIMAL,306.1527,3,3,3,0,0,1.0,306.1527,0.0,0.0,90,2.0,2.0,1.0
035_C207,35,C,3,9,OPTIMAL,268.6082,3,3,2,1,0,1.0,268.6082,0.0,0.0,90,2.0,2.0,1.0
035_C207,35,C,6,0,OPTIMAL,619.9718,6,6,5,1,0,1.0,619.9718,0.0,0.0,90,2.0,2.0,1.0
035_C207,35,C,6,1,OPTIMAL,399.2884,6,4,4,0,2,0.6667,396.118,0.0,3.1704,90,2.0,2.0,1.0
035_C207,35,C,6,2,OPTIMAL,641.3372,6,6,6,0,0,1.0,641.3372,0.0,0.0,90,2.0,2.0,1.0
035_C207,35,C,6,3,OPTIMAL,471.8489,6,3,3,0,3,0.5,434.689,0.0,37.1599,90,2.0,2.0,1.0
035_C207,35,C,6,4,OPTIMAL,561.932,6,5,5,0,1,0.8333,542.2739,0.0,19.6581,90,2.0,2.0,1.0
035_C207,35,C,6,5,OPTIMAL,536.5064,6,5,4,1,1,0.8333,487.6261,0.0,48.8803,90,2.0,2.0,1.0
035_C207,35,C,6,6,OPTIMAL,489.588,6,4,4,0,2,0.6667,432.3176,0.0,57.2704,90,2.0,2.0,1.0
035_C207,35,C,6,7,OPTIMAL,549.7054,6,6,5,1,0,1.0,549.7054,0.0,0.0,90,2.0,2.0,1.0
035_C207,35,C,6,8,OPTIMAL,415.0866,6,4,4,0,2,0.6667,380.781,0.0,34.3056,90,2.0,2.0,1.0
035_C207,35,C,6,9,OPTIMAL,665.4033,6,4,4,0,2,0.6667,590.7034,0.0,74.6999,90,2.0,2.0,1.0
035_C207,35,C,9,0,OPTIMAL,1003.622,9,9,9,0,0,1.0,1003.622,0.0,0.0,90,2.0,2.0,1.0
035_C207,35,C,9,1,OPTIMAL,785.927,9,8,8,0,1,0.8889,773.6973,0.0,12.2297,90,2.0,2.0,1.0
035_C207,35,C,9,2,OPTIMAL,737.0952,9,7,5,2,2,0.7778,690.2193,0.0,46.8759,90,2.0,2.0,1.0
035_C207,35,C,9,3,OPTIMAL,936.142,9,7,6,1,2,0.7778,888.1092,0.0,48.0329,90,2.0,2.0,1.0
035_C207,35,C,9,4,OPTIMAL,744.2992,9,7,6,1,2,0.7778,732.7672,0.0,11.532,90,2.0,2.0,1.0
035_C207,35,C,9,5,OPTIMAL,648.839,9,7,6,1,2,0.7778,617.6997,0.0,31.1393,90,2.0,2.0,1.0
035_C207,35,C,9,6,OPTIMAL,738.5411,9,6,6,0,3,0.6667,720.8014,0.0,17.7397,90,2.0,2.0,1.0
035_C207,35,C,9,7,OPTIMAL,805.4269,9,7,6,1,2,0.7778,756.911,0.0,48.5159,90,2.0,2.0,1.0
035_C207,35,C,9,8,OPTIMAL,1061.7525,9,9,9,0,0,1.0,1061.7525,0.0,0.0,90,2.0,2.0,1.0
035_C207,35,C,9,9,OPTIMAL,971.1936,9,8,8,0,1,0.8889,953.743,0.0,17.4507,90,2.0,2.0,1.0
035_C208,35,C,3,0,OPTIMAL,245.5388,3,2,2,0,1,0.6667,217.2878,0.0,28.251,90,2.0,2.0,1.0
035_C208,35,C,3,1,OPTIMAL,197.5208,3,2,1,1,1,0.6667,159.1484,0.0,38.3724,90,2.0,2.0,1.0
035_C208,35,C,3,2,OPTIMAL,333.4395,3,3,3,0,0,1.0,333.4395,0.0,0.0,90,2.0,2.0,1.0
035_C208,35,C,3,3,OPTIMAL,229.2378,3,1,1,0,2,0.3333,121.8433,0.0,107.3945,90,2.0,2.0,1.0
035_C208,35,C,3,4,OPTIMAL,354.4814,3,3,3,0,0,1.0,354.4814,0.0,0.0,90,2.0,2.0,1.0
035_C208,35,C,3,5,OPTIMAL,201.9376,3,1,1,0,2,0.3333,144.983,0.0,56.9546,90,2.0,2.0,1.0
035_C208,35,C,3,6,OPTIMAL,215.982,3,2,1,1,1,0.6667,206.9986,0.0,8.9835,90,2.0,2.0,1.0
035_C208,35,C,3,7,OPTIMAL,120.0862,3,2,2,0,1,0.6667,110.5834,0.0,9.5028,90,2.0,2.0,1.0
035_C208,35,C,3,8,OPTIMAL,306.1527,3,3,3,0,0,1.0,306.1527,0.0,0.0,90,2.0,2.0,1.0
035_C208,35,C,3,9,OPTIMAL,174.1418,3,2,2,0,1,0.6667,151.2583,0.0,22.8835,90,2.0,2.0,1.0
035_C208,35,C,6,0,OPTIMAL,575.3345,6,5,5,0,1,0.8333,530.6984,0.0,44.636,90,2.0,2.0,1.0
035_C208,35,C,6,1,OPTIMAL,353.3657,6,3,3,0,3,0.5,317.8718,0.0,35.4939,90,2.0,2.0,1.0
035_C208,35,C,6,2,OPTIMAL,527.3804,6,5,5,0,1,0.8333,502.6284,0.0,24.752,90,2.0,2.0,1.0
035_C208,35,C,6,3,OPTIMAL,573.682,6,4,4,0,2,0.6667,547.228,0.0,26.454,90,2.0,2.0,1.0
035_C208,35,C,6,4,OPTIMAL,324.0697,6,3,3,0,3,0.5,279.9353,0.0,44.1344,90,2.0,2.0,1.0
035_C208,35,C,6,5,OPTIMAL,316.6095,6,3,3,0,3,0.5,294.8116,0.0,21.7979,90,2.0,2.0,1.0
035_C208,35,C,6,6,OPTIMAL,592.7538,6,5,5,0,1,0.8333,590.2247,0.0,2.5291,90,2.0,2.0,1.0
035_C208,35,C,6,7,OPTIMAL,470.0091,6,5,4,1,1,0.8333,451.453,0.0,18.5561,90,2.0,2.0,1.0
035_C208,35,C,6,8,OPTIMAL,318.0995,6,3,3,0,3,0.5,291.6493,0.0,26.4502,90,2.0,2.0,1.0
035_C208,35,C,6,9,OPTIMAL,713.807,6,6,5,1,0,1.0,713.807,0.0,0.0,90,2.0,2.0,1.0
035_C208,35,C,9,0,OPTIMAL,836.1238,9,7,6,1,2,0.7778,823.3714,0.0,12.7525,90,2.0,2.0,1.0
035_C208,35,C,9,1,OPTIMAL,678.2396,9,7,5,2,2,0.7778,629.964,0.0,48.2755,90,2.0,2.0,1.0
035_C208,35,C,9,2,OPTIMAL,758.2295,9,7,5,2,2,0.7778,715.038,0.0,43.1914,90,2.0,2.0,1.0
035_C208,35,C,9,3,OPTIMAL,1156.4338,9,9,8,1,0,1.0,1156.4338,0.0,0.0,90,2.0,2.0,1.0
035_C208,35,C,9,4,OPTIMAL,523.9863,9,5,3,2,4,0.5556,497.2917,0.0,26.6946,90,2.0,2.0,1.0
035_C208,35,C,9,5,OPTIMAL,535.3432,9,6,6,0,3,0.6667,495.5574,0.0,39.7858,90,2.0,2.0,1.0
035_C208,35,C,9,6,OPTIMAL,629.1879,9,5,5,0,4,0.5556,587.8197,0.0,41.3682,90,2.0,2.0,1.0
035_C208,35,C,9,7,OPTIMAL,972.8308,9,9,9,0,0,1.0,972.8308,0.0,0.0,90,2.0,2.0,1.0
035_C208,35,C,9,8,OPTIMAL,1061.7525,9,9,8,1,0,1.0,1061.7525,0.0,0.0,90,2.0,2.0,1.0
035_C208,35,C,9,9,OPTIMAL,851.912,9,7,7,0,2,0.7778,831.5681,0.0,20.3439,90,2.0,2.0,1.0
035_R101,35,R,3,0,OPTIMAL,152.8576,3,1,1,0,2,0.3333,151.3669,0.0,1.4907,90,2.0,2.0,1.0
035_R101,35,R,3,1,OPTIMAL,51.7277,3,0,0,0,3,0.0,0.0,0.0,51.7277,90,2.0,2.0,1.0
035_R101,35,R,3,2,OPTIMAL,145.1541,3,1,1,0,2,0.3333,131.5091,0.0,13.6449,90,2.0,2.0,1.0
035_R101,35,R,3,3,OPTIMAL,191.5217,3,1,1,0,2,0.3333,145.2068,0.0,46.3149,90,2.0,2.0,1.0
035_R101,35,R,3,4,OPTIMAL,138.3536,3,0,0,0,3,0.0,0.0,41.7977,96.5559,90,2.0,2.0,1.0
035_R101,35,R,3,5,OPTIMAL,121.1059,3,1,1,0,2,0.3333,121.0053,0.0,0.1007,90,2.0,2.0,1.0
035_R101,35,R,3,6,OPTIMAL,251.0958,3,1,1,0,2,0.3333,141.7924,33.6593,75.6441,90,2.0,2.0,1.0
035_R101,35,R,3,7,OPTIMAL,1.7922,3,0,0,0,3,0.0,0.0,0.0,1.7922,90,2.0,2.0,1.0
035_R101,35,R,3,8,OPTIMAL,31.789,3,0,0,0,3,0.0,0.0,0.0,31.789,90,2.0,2.0,1.0
035_R101,35,R,3,9,OPTIMAL,159.5518,3,1,1,0,2,0.3333,139.1437,0.0,20.4081,90,2.0,2.0,1.0
035_R101,35,R,6,0,OPTIMAL,360.1883,6,2,2,0,4,0.3333,274.7799,22.5934,62.815,90,2.0,2.0,1.0
035_R101,35,R,6,1,OPTIMAL,447.5677,6,2,2,0,4,0.3333,322.4065,26.515,98.6462,90,2.0,2.0,1.0
035_R101,35,R,6,2,OPTIMAL,425.2806,6,3,2,1,3,0.5,421.215,0.0,4.0656,90,2.0,2.0,1.0
035_R101,35,R,6,3,OPTIMAL,321.1605,6,1,1,0,5,0.1667,184.736,42.3818,94.0427,90,2.0,2.0,1.0
035_R101,35,R,6,4,OPTIMAL,365.1824,6,2,2,0,4,0.3333,271.17,31.6183,62.3941,90,2.0,2.0,1.0
035_R101,35,R,6,5,OPTIMAL,300.0466,6,2,1,1,4,0.3333,293.2621,0.0,6.7845,90,2.0,2.0,1.0
035_R101,35,R,6,6,OPTIMAL,248.2779,6,1,0,1,5,0.1667,118.1766,43.5604,86.5409,90,2.0,2.0,1.0
035_R101,35,R,6,7,OPTIMAL,355.0511,6,2,2,0,4,0.3333,291.855,2.295,60.9011,90,2.0,2.0,1.0
035_R101,35,R,6,8,OPTIMAL,315.2116,6,2,2,0,4,0.3333,287.5411,0.0,27.6705,90,2.0,2.0,1.0
035_R101,35,R,6,9,OPTIMAL,381.3281,6,2,1,1,4,0.3333,252.4899,47.5354,81.3028,90,2.0,2.0,1.0
035_R101,35,R,9,0,OPTIMAL,448.0741,9,2,2,0,7,0.2222,271.8167,37.6733,138.5841,90,2.0,2.0,1.0
035_R101,35,R,9,1,OPTIMAL,447.3988,9,2,2,0,7,0.2222,273.8342,28.2881,145.2765,90,2.0,2.0,1.0
035_R101,35,R,9,2,OPTIMAL,661.5697,9,3,3,0,6,0.3333,482.8131,36.7522,142.0044,90,2.0,2.0,1.0
035_R101,35,R,9,3,OPTIMAL,517.3596,9,2,2,0,7,0.2222,287.297,79.1476,150.915,90,2.0,2.0,1.0
035_R101,35,R,9,4,OPTIMAL,185.2377,9,1,1,0,8,0.1111,117.0974,0.3608,67.7796,90,2.0,2.0,1.0
035_R101,35,R,9,5,OPTIMAL,763.6446,9,4,4,0,5,0.4444,597.3539,34.4979,131.7928,90,2.0,2.0,1.0
035_R101,35,R,9,6,OPTIMAL,322.5022,9,2,0,2,7,0.2222,213.6039,9.9749,98.9234,90,2.0,2.0,1.0
035_R101,35,R,9,7,OPTIMAL,230.5419,9,1,0,1,8,0.1111,122.8947,21.0137,86.6335,90,2.0,2.0,1.0
035_R101,35,R,9,8,OPTIMAL,597.4911,9,4,3,1,5,0.4444,546.6706,3.5304,47.2901,90,2.0,2.0,1.0
035_R101,35,R,9,9,OPTIMAL,568.3796,9,2,1,1,7,0.2222,270.1029,80.372,217.9047,90,2.0,2.0,1.0
035_R102,35,R,3,0,OPTIMAL,156.1367,3,1,0,1,2,0.3333,151.3669,0.0,4.7698,90,2.0,2.0,1.0
035_R102,35,R,3,1,OPTIMAL,43.9884,3,0,0,0,3,0.0,0.0,0.0,43.9884,90,2.0,2.0,1.0
035_R102,35,R,3,2,OPTIMAL,167.2684,3,1,0,1,2,0.3333,136.1492,2.7498,28.3694,90,2.0,2.0,1.0
035_R102,35,R,3,3,OPTIMAL,171.6611,3,1,0,1,2,0.3333,145.2068,0.0,26.4543,90,2.0,2.0,1.0
035_R102,35,R,3,4,OPTIMAL,87.8717,3,0,0,0,3,0.0,0.0,9.6155,78.2562,90,2.0,2.0,1.0
035_R102,35,R,3,5,OPTIMAL,145.409,3,1,0,1,2,0.3333,127.0498,0.0,18.3592,90,2.0,2.0,1.0
035_R102,35,R,3,6,OPTIMAL,185.5336,3,1,0,1,2,0.3333,137.1924,0.0,48.3411,90,2.0,2.0,1.0
035_R102,35,R,3,7,OPTIMAL,6.4879,3,0,0,0,3,0.0,0.0,0.0,6.4879,90,2.0,2.0,1.0
035_R102,35,R,3,8,OPTIMAL,13.0286,3,0,0,0,3,0.0,0.0,0.0,13.0286,90,2.0,2.0,1.0
035_R102,35,R,3,9,OPTIMAL,146.0971,3,1,0,1,2,0.3333,143.6875,0.0,2.4096,90,2.0,2.0,1.0
035_R102,35,R,6,0,OPTIMAL,196.8325,6,0,0,0,6,0.0,0.0,70.1393,126.6932,90,2.0,2.0,1.0
035_R102,35,R,6,1,OPTIMAL,455.514,6,2,0,2,4,0.3333,301.4718,35.3991,118.643,90,2.0,2.0,1.0
035_R102,35,R,6,2,OPTIMAL,344.9348,6,1,0,1,5,0.1667,170.3912,39.9001,134.6435,90,2.0,2.0,1.0
035_R102,35,R,6,3,OPTIMAL,256.9808,6,1,1,0,5,0.1667,184.736,0.0,72.2448,90,2.0,2.0,1.0
035_R102,35,R,6,4,OPTIMAL,441.3067,6,3,0,3,3,0.5,382.8358,0.0,58.4709,90,2.0,2.0,1.0
035_R102,35,R,6,5,OPTIMAL,275.3308,6,1,0,1,5,0.1667,173.1706,10.5234,91.6368,90,2.0,2.0,1.0
035_R102,35,R,6,6,OPTIMAL,440.318,6,2,0,2,4,0.3333,264.3805,50.2756,125.6619,90,2.0,2.0,1.0
035_R102,35,R,6,7,OPTIMAL,385.4197,6,1,0,1,5,0.1667,148.1339,77.2372,160.0487,90,2.0,2.0,1.0
035_R102,35,R,6,8,OPTIMAL,201.6374,6,1,0,1,5,0.1667,124.7393,8.2685,68.6296,90,2.0,2.0,1.0
035_R102,35,R,6,9,OPTIMAL,219.7702,6,1,0,1,5,0.1667,115.843,2.5282,101.3989,90,2.0,2.0,1.0
035_R102,35,R,9,0,OPTIMAL,406.9199,9,2,0,2,7,0.2222,292.5269,11.3528,103.0402,90,2.0,2.0,1.0
035_R102,35,R,9,1,OPTIMAL,111.0741,9,0,0,0,9,0.0,0.0,0.5683,110.5058,90,2.0,2.0,1.0
035_R102,35,R,9,2,OPTIMAL,617.1903,9,1,0,1,8,0.1111,174.8982,161.0452,281.2469,90,2.0,2.0,1.0
035_R102,35,R,9,3,OPTIMAL,585.4041,9,2,0,2,7,0.2222,280.9995,73.6171,230.7875,90,2.0,2.0,1.0
035_R102,35,R,9,4,OPTIMAL,44.5464,9,0,0,0,9,0.0,0.0,0.0,44.5464,90,2.0,2.0,1.0
035_R102,35,R,9,5,OPTIMAL,474.3101,9,2,0,2,7,0.2222,318.2662,16.5977,139.4461,90,2.0,2.0,1.0
035_R102,35,R,9,6,OPTIMAL,248.6974,9,1,0,1,8,0.1111,143.5905,22.2814,82.8254,90,2.0,2.0,1.0
035_R102,35,R,9,7,OPTIMAL,195.4759,9,1,0,1,8,0.1111,122.8947,0.0,72.5812,90,2.0,2.0,1.0
035_R102,35,R,9,8,OPTIMAL,432.8037,9,2,0,2,7,0.2222,248.3368,34.8198,149.647,90,2.0,2.0,1.0
035_R102,35,R,9,9,OPTIMAL,587.5563,9,2,0,2,7,0.2222,283.4129,84.4251,219.7183,90,2.0,2.0,1.0
035_R103,35,R,3,0,OPTIMAL,155.0271,3,1,0,1,2,0.3333,151.3669,0.0,3.6602,90,2.0,2.0,1.0
035_R103,35,R,3,1,OPTIMAL,48.735,3,0,0,0,3,0.0,0.0,0.0,48.735,90,2.0,2.0,1.0
035_R103,35,R,3,2,OPTIMAL,157.1468,3,1,0,1,2,0.3333,136.1492,0.0,20.9977,90,2.0,2.0,1.0
035_R103,35,R,3,3,OPTIMAL,39.4522,3,0,0,0,3,0.0,0.0,0.0,39.4522,90,2.0,2.0,1.0
035_R103,35,R,3,4,OPTIMAL,115.0076,3,0,0,0,3,0.0,0.0,15.2178,99.7898,90,2.0,2.0,1.0
035_R103,35,R,3,5,OPTIMAL,127.8331,3,1,0,1,2,0.3333,127.0498,0.0,0.7832,90,2.0,2.0,1.0
035_R103,35,R,3,6,OPTIMAL,182.0507,3,1,0,1,2,0.3333,137.1924,0.0,44.8583,90,2.0,2.0,1.0
035_R103,35,R,3,7,OPTIMAL,7.878,3,0,0,0,3,0.0,0.0,0.0,7.878,90,2.0,2.0,1.0
035_R103,35,R,3,8,OPTIMAL,7.2373,3,0,0,0,3,0.0,0.0,0.0,7.2373,90,2.0,2.0,1.0
035_R103,35,R,3,9,OPTIMAL,146.0984,3,1,0,1,2,0.3333,143.6875,0.0,2.411,90,2.0,2.0,1.0
035_R103,35,R,6,0,OPTIMAL,16.4065,6,0,0,0,6,0.0,0.0,0.0,16.4065,90,2.0,2.0,1.0
035_R103,35,R,6,1,OPTIMAL,516.6604,6,3,0,3,3,0.5,460.895,12.3618,43.4036,90,2.0,2.0,1.0
035_R103,35,R,6,2,OPTIMAL,260.4172,6,1,0,1,5,0.1667,170.3912,15.6171,74.4089,90,2.0,2.0,1.0
035_R103,35,R,6,3,OPTIMAL,254.4529,6,1,1,0,5,0.1667,184.736,4.9572,64.7597,90,2.0,2.0,1.0
035_R103,35,R,6,4,OPTIMAL,419.8916,6,2,0,2,4,0.3333,257.1812,43.8256,118.8847,90,2.0,2.0,1.0
035_R103,35,R,6,5,OPTIMAL,267.7609,6,1,0,1,5,0.1667,173.1706,14.1262,80.4641,90,2.0,2.0,1.0
035_R103,35,R,6,6,OPTIMAL,398.2348,6,2,0,2,4,0.3333,264.3805,32.2707,101.5836,90,2.0,2.0,1.0
035_R103,35,R,6,7,OPTIMAL,200.0613,6,1,0,1,5,0.1667,148.1339,1.8375,50.0899,90,2.0,2.0,1.0
035_R103,35,R,6,8,OPTIMAL,266.0991,6,1,0,1,5,0.1667,162.8018,10.8971,92.4002,90,2.0,2.0,1.0
035_R103,35,R,6,9,OPTIMAL,239.3328,6,0,0,0,6,0.0,0.0,49.3712,189.9615,90,2.0,2.0,1.0
035_R103,35,R,9,0,OPTIMAL,342.1761,9,2,0,2,7,0.2222,292.5269,0.0849,49.5644,90,2.0,2.0,1.0
035_R103,35,R,9,1,OPTIMAL,109.3143,9,0,0,0,9,0.0,0.0,2.7439,106.5704,90,2.0,2.0,1.0
035_R103,35,R,9,2,OPTIMAL,511.3762,9,2,1,1,7,0.2222,351.9143,54.8463,104.6156,90,2.0,2.0,1.0
035_R103,35,R,9,3,OPTIMAL,557.8409,9,2,0,2,7,0.2222,280.9995,65.2588,211.5827,90,2.0,2.0,1.0
035_R103,35,R,9,4,OPTIMAL,24.4215,9,0,0,0,9,0.0,0.0,0.0,24.4215,90,2.0,2.0,1.0
035_R103,35,R,9,5,OPTIMAL,411.3991,9,2,0,2,7,0.2222,318.2662,3.4967,89.6362,90,2.0,2.0,1.0
035_R103,35,R,9,6,OPTIMAL,230.6587,9,1,0,1,8,0.1111,143.5905,5.4103,81.6579,90,2.0,2.0,1.0
035_R103,35,R,9,7,OPTIMAL,167.6232,9,0,0,0,9,0.0,0.0,38.6376,128.9856,90,2.0,2.0,1.0
035_R103,35,R,9,8,OPTIMAL,395.7685,9,1,0,1,8,0.1111,141.127,60.1312,194.5104,90,2.0,2.0,1.0
035_R103,35,R,9,9,OPTIMAL,568.5746,9,3,0,3,6,0.3333,407.9587,29.5252,131.0907,90,2.0,2.0,1.0
035_R105,35,R,3,0,OPTIMAL,61.3616,3,0,0,0,3,0.0,0.0,0.0,61.3616,90,2.0,2.0,1.0
035_R105,35,R,3,1,OPTIMAL,22.5809,3,0,0,0,3,0.0,0.0,0.0,22.5809,90,2.0,2.0,1.0
035_R105,35,R,3,2,OPTIMAL,145.2468,3,1,0,1,2,0.3333,131.5091,0.0,13.7377,90,2.0,2.0,1.0
035_R105,35,R,3,3,OPTIMAL,168.3683,3,1,1,0,2,0.3333,145.2068,0.0,23.1615,90,2.0,2.0,1.0
035_R105,35,R,3,4,OPTIMAL,166.8399,3,0,0,0,3,0.0,0.0,0.0,166.8399,90,2.0,2.0,1.0
035_R105,35,R,3,5,OPTIMAL,1.7865,3,0,0,0,3,0.0,0.0,0.0,1.7865,90,2.0,2.0,1.0
035_R105,35,R,3,6,OPTIMAL,217.4365,3,1,1,0,2,0.3333,141.7924,0.0,75.6441,90,2.0,2.0,1.0
035_R105,35,R,3,7,OPTIMAL,50.7536,3,0,0,0,3,0.0,0.0,0.0,50.7536,90,2.0,2.0,1.0
035_R105,35,R,3,8,OPTIMAL,165.0549,3,0,0,0,3,0.0,0.0,6.4025,158.6524,90,2.0,2.0,1.0
035_R105,35,R,3,9,OPTIMAL,157.9613,3,1,1,0,2,0.3333,139.1437,0.0,18.8176,90,2.0,2.0,1.0
035_R105,35,R,6,0,OPTIMAL,288.6648,6,2,2,0,4,0.3333,274.7799,0.0,13.8849,90,2.0,2.0,1.0
035_R105,35,R,6,1,OPTIMAL,374.7242,6,2,2,0,4,0.3333,322.4065,0.0,52.3177,90,2.0,2.0,1.0
035_R105,35,R,6,2,OPTIMAL,296.9402,6,1,1,0,5,0.1667,170.3912,4.831,121.718,90,2.0,2.0,1.0
035_R105,35,R,6,3,OPTIMAL,443.2609,6,2,2,0,4,0.3333,343.3135,0.0,99.9475,90,2.0,2.0,1.0
035_R105,35,R,6,4,OPTIMAL,209.0419,6,0,0,0,6,0.0,0.0,9.978,199.0638,90,2.0,2.0,1.0
035_R105,35,R,6,5,OPTIMAL,224.6774,6,1,1,0,5,0.1667,173.1706,0.0,51.5068,90,2.0,2.0,1.0
035_R105,35,R,6,6,OPTIMAL,193.6023,6,0,0,0,6,0.0,0.0,10.6987,182.9036,90,2.0,2.0,1.0
035_R105,35,R,6,7,OPTIMAL,319.7539,6,1,1,0,5,0.1667,166.2407,3.1766,150.3366,90,2.0,2.0,1.0
035_R105,35,R,6,8,OPTIMAL,487.0497,6,3,2,1,3,0.5,460.7219,0.0,26.3278,90,2.0,2.0,1.0
035_R105,35,R,6,9,OPTIMAL,427.7125,6,2,2,0,4,0.3333,305.1376,0.0,122.5749,90,2.0,2.0,1.0
035_R105,35,R,9,0,OPTIMAL,291.0038,9,1,0,1,8,0.1111,140.5373,0.0,150.4664,90,2.0,2.0,1.0
035_R105,35,R,9,1,OPTIMAL,401.7975,9,2,2,0,7,0.2222,320.5673,0.0,81.2302,90,2.0,2.0,1.0
035_R105,35,R,9,2,OPTIMAL,544.6721,9,2,2,0,7,0.2222,351.9143,17.1384,175.6194,90,2.0,2.0,1.0
035_R105,35,R,9,3,OPTIMAL,432.9109,9,2,1,1,7,0.2222,231.7442,0.0,201.1667,90,2.0,2.0,1.0
035_R105,35,R,9,4,OPTIMAL,186.7079,9,0,0,0,9,0.0,0.0,8.8176,177.8903,90,2.0,2.0,1.0
035_R105,35,R,9,5,OPTIMAL,550.4786,9,3,3,0,6,0.3333,447.5753,0.0,102.9033,90,2.0,2.0,1.0
035_R105,35,R,9,6,OPTIMAL,308.4809,9,1,1,0,8,0.1111,166.6661,0.0,141.8148,90,2.0,2.0,1.0
035_R105,35,R,9,7,OPTIMAL,131.2511,9,0,0,0,9,0.0,0.0,0.0,131.2511,90,2.0,2.0,1.0
035_R105,35,R,9,8,OPTIMAL,377.1735,9,1,1,0,8,0.1111,172.0458,4.8703,200.2574,90,2.0,2.0,1.0
035_R105,35,R,9,9,OPTIMAL,428.19,9,1,0,1,8,0.1111,115.7177,12.513,299.9593,90,2.0,2.0,1.0
035_R106,35,R,3,0,OPTIMAL,24.8813,3,0,0,0,3,0.0,0.0,0.0,24.8813,90,2.0,2.0,1.0
035_R106,35,R,3,1,OPTIMAL,19.8181,3,0,0,0,3,0.0,0.0,0.0,19.8181,90,2.0,2.0,1.0
035_R106,35,R,3,2,OPTIMAL,122.3238,3,0,0,0,3,0.0,0.0,29.0343,93.2895,90,2.0,2.0,1.0
035_R106,35,R,3,3,OPTIMAL,111.9053,3,0,0,0,3,0.0,0.0,26.0244,85.8809,90,2.0,2.0,1.0
035_R106,35,R,3,4,OPTIMAL,107.5088,3,0,0,0,3,0.0,0.0,0.0,107.5088,90,2.0,2.0,1.0
035_R106,35,R,3,5,OPTIMAL,0.8414,3,0,0,0,3,0.0,0.0,0.0,0.8414,90,2.0,2.0,1.0
035_R106,35,R,3,6,OPTIMAL,73.2319,3,0,0,0,3,0.0,0.0,0.0,73.2319,90,2.0,2.0,1.0
035_R106,35,R,3,7,OPTIMAL,8.2946,3,0,0,0,3,0.0,0.0,0.0,8.2946,90,2.0,2.0,1.0
035_R106,35,R,3,8,OPTIMAL,58.8131,3,0,0,0,3,0.0,0.0,0.0,58.8131,90,2.0,2.0,1.0
035_R106,35,R,3,9,OPTIMAL,20.0613,3,0,0,0,3,0.0,0.0,0.0,20.0613,90,2.0,2.0,1.0
035_R106,35,R,6,0,OPTIMAL,92.7662,6,0,0,0,6,0.0,0.0,14.9303,77.8359,90,2.0,2.0,1.0
035_R106,35,R,6,1,OPTIMAL,308.3688,6,1,0,1,5,0.1667,159.4232,6.2487,142.6969,90,2.0,2.0,1.0
035_R106,35,R,6,2,OPTIMAL,241.1918,6,0,0,0,6,0.0,0.0,19.7867,221.405,90,2.0,2.0,1.0
035_R106,35,R,6,3,OPTIMAL,337.2179,6,1,1,0,5,0.1667,184.736,1.2847,151.1972,90,2.0,2.0,1.0
035_R106,35,R,6,4,OPTIMAL,157.5594,6,0,0,0,6,0.0,0.0,0.0,157.5594,90,2.0,2.0,1.0
035_R106,35,R,6,5,OPTIMAL,201.5912,6,1,0,1,5,0.1667,173.1706,0.0,28.4206,90,2.0,2.0,1.0
035_R106,35,R,6,6,OPTIMAL,144.4943,6,0,0,0,6,0.0,0.0,0.0,144.4943,90,2.0,2.0,1.0
035_R106,35,R,6,7,OPTIMAL,203.3086,6,0,0,0,6,0.0,0.0,6.9267,196.3819,90,2.0,2.0,1.0
035_R106,35,R,6,8,OPTIMAL,285.6888,6,1,0,1,5,0.1667,162.8018,0.0,122.8869,90,2.0,2.0,1.0
035_R106,35,R,6,9,OPTIMAL,309.6852,6,0,0,0,6,0.0,0.0,35.04,274.6452,90,2.0,2.0,1.0
035_R106,35,R,9,0,OPTIMAL,239.4683,9,1,0,1,8,0.1111,140.5373,0.0,98.931,90,2.0,2.0,1.0
035_R106,35,R,9,1,OPTIMAL,151.7144,9,0,0,0,9,0.0,0.0,0.0,151.7144,90,2.0,2.0,1.0
035_R106,35,R,9,2,OPTIMAL,495.8431,9,2,1,1,7,0.2222,351.9143,12.2344,131.6944,90,2.0,2.0,1.0
035_R106,35,R,9,3,OPTIMAL,269.7664,9,0,0,0,9,0.0,0.0,0.0,269.7664,90,2.0,2.0,1.0
035_R106,35,R,9,4,OPTIMAL,59.7818,9,0,0,0,9,0.0,0.0,0.0,59.7818,90,2.0,2.0,1.0
035_R106,35,R,9,5,OPTIMAL,310.5988,9,1,0,1,8,0.1111,168.4877,0.0,142.1111,90,2.0,2.0,1.0
035_R106,35,R,9,6,OPTIMAL,182.8892,9,0,0,0,9,0.0,0.0,0.0,182.8892,90,2.0,2.0,1.0
035_R106,35,R,9,7,OPTIMAL,109.821,9,0,0,0,9,0.0,0.0,2.338,107.4829,90,2.0,2.0,1.0
035_R106,35,R,9,8,OPTIMAL,243.8643,9,0,0,0,9,0.0,0.0,0.0,243.8643,90,2.0,2.0,1.0
035_R106,35,R,9,9,OPTIMAL,273.6081,9,0,0,0,9,0.0,0.0,0.0,273.6081,90,2.0,2.0,1.0
035_R109,35,R,3,0,OPTIMAL,9.2191,3,0,0,0,3,0.0,0.0,0.0,9.2191,90,2.0,2.0,1.0
035_R109,35,R,3,1,OPTIMAL,19.9365,3,0,0,0,3,0.0,0.0,0.0,19.9365,90,2.0,2.0,1.0
035_R109,35,R,3,2,OPTIMAL,72.721,3,0,0,0,3,0.0,0.0,0.0,72.721,90,2.0,2.0,1.0
035_R109,35,R,3,3,OPTIMAL,70.2814,3,0,0,0,3,0.0,0.0,0.0,70.2814,90,2.0,2.0,1.0
035_R109,35,R,3,4,OPTIMAL,65.4066,3,0,0,0,3,0.0,0.0,0.0,65.4066,90,2.0,2.0,1.0
035_R109,35,R,3,5,OPTIMAL,0.9323,3,0,0,0,3,0.0,0.0,0.0,0.9323,90,2.0,2.0,1.0
035_R109,35,R,3,6,OPTIMAL,50.2501,3,0,0,0,3,0.0,0.0,0.0,50.2501,90,2.0,2.0,1.0
035_R109,35,R,3,7,OPTIMAL,1.3096,3,0,0,0,3,0.0,0.0,0.0,1.3096,90,2.0,2.0,1.0
035_R109,35,R,3,8,OPTIMAL,0.6904,3,0,0,0,3,0.0,0.0,0.0,0.6904,90,2.0,2.0,1.0
035_R109,35,R,3,9,OPTIMAL,64.4973,3,0,0,0,3,0.0,0.0,0.0,64.4973,90,2.0,2.0,1.0
035_R109,35,R,6,0,OPTIMAL,102.1498,6,0,0,0,6,0.0,0.0,0.0,102.1498,90,2.0,2.0,1.0
035_R109,35,R,6,1,OPTIMAL,296.311,6,1,0,1,5,0.1667,159.4232,0.0,136.8879,90,2.0,2.0,1.0
035_R109,35,R,6,2,OPTIMAL,225.1517,6,1,1,0,5,0.1667,170.3912,0.0,54.7605,90,2.0,2.0,1.0
035_R109,35,R,6,3,OPTIMAL,214.669,6,1,1,0,5,0.1667,184.736,0.0,29.933,90,2.0,2.0,1.0
035_R109,35,R,6,4,OPTIMAL,185.0793,6,1,0,1,5,0.1667,145.5154,0.0,39.5639,90,2.0,2.0,1.0
035_R109,35,R,6,5,OPTIMAL,199.6994,6,1,1,0,5,0.1667,173.1706,0.0,26.5288,90,2.0,2.0,1.0
035_R109,35,R,6,6,OPTIMAL,81.1124,6,0,0,0,6,0.0,0.0,0.0,81.1124,90,2.0,2.0,1.0
035_R109,35,R,6,7,OPTIMAL,202.2918,6,1,1,0,5,0.1667,166.2407,0.0,36.0511,90,2.0,2.0,1.0
035_R109,35,R,6,8,OPTIMAL,223.2109,6,1,0,1,5,0.1667,162.8018,0.0,60.4091,90,2.0,2.0,1.0
035_R109,35,R,6,9,OPTIMAL,129.3757,6,0,0,0,6,0.0,0.0,0.0,129.3757,90,2.0,2.0,1.0
035_R109,35,R,9,0,OPTIMAL,178.2718,9,1,0,1,8,0.1111,140.5373,0.0,37.7345,90,2.0,2.0,1.0
035_R109,35,R,9,1,OPTIMAL,345.4688,9,2,1,1,7,0.2222,320.5673,0.0,24.9015,90,2.0,2.0,1.0
035_R109,35,R,9,2,OPTIMAL,418.4149,9,2,2,0,7,0.2222,351.9143,0.0,66.5006,90,2.0,2.0,1.0
035_R109,35,R,9,3,OPTIMAL,54.2473,9,0,0,0,9,0.0,0.0,0.0,54.2473,90,2.0,2.0,1.0
035_R109,35,R,9,4,OPTIMAL,13.1653,9,0,0,0,9,0.0,0.0,0.0,13.1653,90,2.0,2.0,1.0
035_R109,35,R,9,5,OPTIMAL,220.2941,9,1,0,1,8,0.1111,168.4877,0.0,51.8064,90,2.0,2.0,1.0
035_R109,35,R,9,6,OPTIMAL,33.0589,9,0,0,0,9,0.0,0.0,0.0,33.0589,90,2.0,2.0,1.0
035_R109,35,R,9,7,OPTIMAL,46.6041,9,0,0,0,9,0.0,0.0,0.0,46.6041,90,2.0,2.0,1.0
035_R109,35,R,9,8,OPTIMAL,347.2167,9,2,1,1,7,0.2222,313.1728,0.0,34.0439,90,2.0,2.0,1.0
035_R109,35,R,9,9,OPTIMAL,125.8093,9,0,0,0,9,0.0,0.0,0.0,125.8093,90,2.0,2.0,1.0
035_R201,35,R,3,0,OPTIMAL,128.6533,3,0,0,0,3,0.0,0.0,0.0,128.6533,90,2.0,2.0,1.0
035_R201,35,R,3,1,OPTIMAL,59.9185,3,0,0,0,3,0.0,0.0,0.0,59.9185,90,2.0,2.0,1.0
035_R201,35,R,3,2,OPTIMAL,127.0974,3,0,0,0,3,0.0,0.0,0.0,127.0974,90,2.0,2.0,1.0
035_R201,35,R,3,3,OPTIMAL,111.3184,3,1,0,1,2,0.3333,96.622,0.0,14.6964,90,2.0,2.0,1.0
035_R201,35,R,3,4,OPTIMAL,306.3559,3,2,2,0,1,0.6667,284.4795,0.0,21.8764,90,2.0,2.0,1.0
035_R201,35,R,3,5,OPTIMAL,183.0487,3,1,1,0,2,0.3333,127.0498,0.0,55.9988,90,2.0,2.0,1.0
035_R201,35,R,3,6,OPTIMAL,218.4495,3,1,1,0,2,0.3333,141.7924,0.0,76.657,90,2.0,2.0,1.0
035_R201,35,R,3,7,OPTIMAL,92.2365,3,1,0,1,2,0.3333,41.1637,0.0,51.0728,90,2.0,2.0,1.0
035_R201,35,R,3,8,OPTIMAL,132.9756,3,1,0,1,2,0.3333,116.166,0.0,16.8096,90,2.0,2.0,1.0
035_R201,35,R,3,9,OPTIMAL,112.1812,3,0,0,0,3,0.0,0.0,0.0,112.1812,90,2.0,2.0,1.0
035_R201,35,R,6,0,OPTIMAL,368.6435,6,2,2,0,4,0.3333,165.1338,0.0,203.5097,90,2.0,2.0,1.0
035_R201,35,R,6,1,OPTIMAL,547.4561,6,4,4,0,2,0.6667,506.181,0.0,41.2751,90,2.0,2.0,1.0
035_R201,35,R,6,2,OPTIMAL,326.0389,6,2,1,1,4,0.3333,269.6018,0.0,56.4371,90,2.0,2.0,1.0
035_R201,35,R,6,3,OPTIMAL,578.6103,6,4,3,1,2,0.6667,574.5563,0.0,4.054,90,2.0,2.0,1.0
035_R201,35,R,6,4,OPTIMAL,323.1188,6,2,0,2,4,0.3333,258.2273,0.0,64.8915,90,2.0,2.0,1.0
035_R201,35,R,6,5,OPTIMAL,390.2647,6,3,3,0,3,0.5,335.3173,0.0,54.9474,90,2.0,2.0,1.0
035_R201,35,R,6,6,OPTIMAL,398.1463,6,3,2,1,3,0.5,325.6402,0.0,72.5061,90,2.0,2.0,1.0
035_R201,35,R,6,7,OPTIMAL,493.5762,6,3,3,0,3,0.5,439.9889,0.0,53.5874,90,2.0,2.0,1.0
035_R201,35,R,6,8,OPTIMAL,427.8757,6,3,3,0,3,0.5,375.2167,0.0,52.659,90,2.0,2.0,1.0
035_R201,35,R,6,9,OPTIMAL,423.535,6,2,2,0,4,0.3333,311.2131,0.0,112.3219,90,2.0,2.0,1.0
035_R201,35,R,9,0,OPTIMAL,774.8188,9,5,3,2,4,0.5556,623.0291,0.0,151.7897,90,2.0,2.0,1.0
035_R201,35,R,9,1,OPTIMAL,497.9234,9,3,3,0,6,0.3333,386.7294,0.0,111.1939,90,2.0,2.0,1.0
035_R201,35,R,9,2,OPTIMAL,820.8948,9,6,4,2,3,0.6667,794.0685,0.0,26.8263,90,2.0,2.0,1.0
035_R201,35,R,9,3,OPTIMAL,507.7386,9,3,3,0,6,0.3333,364.5832,0.0,143.1554,90,2.0,2.0,1.0
035_R201,35,R,9,4,OPTIMAL,286.9887,9,1,0,1,8,0.1111,121.9212,0.0,165.0675,90,2.0,2.0,1.0
035_R201,35,R,9,5,OPTIMAL,606.4414,9,5,5,0,4,0.5556,528.2513,0.0,78.19,90,2.0,2.0,1.0
035_R201,35,R,9,6,OPTIMAL,437.4588,9,2,2,0,7,0.2222,285.7289,0.0,151.7298,90,2.0,2.0,1.0
035_R201,35,R,9,7,OPTIMAL,400.991,9,3,2,1,6,0.3333,346.7451,0.0,54.2459,90,2.0,2.0,1.0
035_R201,35,R,9,8,OPTIMAL,537.1079,9,2,2,0,7,0.2222,313.1728,0.0,223.9352,90,2.0,2.0,1.0
035_R201,35,R,9,9,OPTIMAL,933.2752,9,7,5,2,2,0.7778,871.2729,0.0,62.0023,90,2.0,2.0,1.0
035_R205,35,R,3,0,OPTIMAL,161.4944,3,1,1,0,2,0.3333,151.3669,0.0,10.1274,90,2.0,2.0,1.0
035_R205,35,R,3,1,OPTIMAL,52.4462,3,0,0,0,3,0.0,0.0,0.0,52.4462,90,2.0,2.0,1.0
035_R205,35,R,3,2,OPTIMAL,183.1482,3,1,1,0,2,0.3333,136.1492,0.0,46.9991,90,2.0,2.0,1.0
035_R205,35,R,3,3,OPTIMAL,251.8678,3,2,2,0,1,0.6667,241.8288,0.0,10.039,90,2.0,2.0,1.0
035_R205,35,R,3,4,OPTIMAL,239.9971,3,2,2,0,1,0.6667,235.6731,0.0,4.324,90,2.0,2.0,1.0
035_R205,35,R,3,5,OPTIMAL,262.9903,3,2,2,0,1,0.6667,248.0551,0.0,14.9353,90,2.0,2.0,1.0
035_R205,35,R,3,6,OPTIMAL,301.0615,3,2,1,1,1,0.6667,278.5293,0.0,22.5322,90,2.0,2.0,1.0
035_R205,35,R,3,7,OPTIMAL,48.9909,3,1,1,0,2,0.3333,41.1637,0.0,7.8272,90,2.0,2.0,1.0
035_R205,35,R,3,8,OPTIMAL,275.8139,3,2,0,2,1,0.6667,242.9773,0.0,32.8366,90,2.0,2.0,1.0
035_R205,35,R,3,9,OPTIMAL,283.7236,3,2,0,2,1,0.6667,282.8312,0.0,0.8924,90,2.0,2.0,1.0
035_R205,35,R,6,0,OPTIMAL,397.2989,6,3,2,1,3,0.5,329.5734,0.0,67.7255,90,2.0,2.0,1.0
035_R205,35,R,6,1,OPTIMAL,345.1433,6,2,0,2,4,0.3333,322.4065,0.0,22.7368,90,2.0,2.0,1.0
035_R205,35,R,6,2,OPTIMAL,640.2417,6,5,2,3,1,0.8333,631.9469,0.0,8.2948,90,2.0,2.0,1.0
035_R205,35,R,6,3,OPTIMAL,651.7178,6,5,2,3,1,0.8333,650.659,0.0,1.0589,90,2.0,2.0,1.0
035_R205,35,R,6,4,OPTIMAL,518.7835,6,4,2,2,2,0.6667,515.4085,0.0,3.375,90,2.0,2.0,1.0
035_R205,35,R,6,5,OPTIMAL,302.2885,6,2,1,1,4,0.3333,255.4091,0.0,46.8794,90,2.0,2.0,1.0
035_R205,35,R,6,6,OPTIMAL,428.6098,6,3,1,2,3,0.5,382.557,0.0,46.0528,90,2.0,2.0,1.0
035_R205,35,R,6,7,OPTIMAL,487.7916,6,3,2,1,3,0.5,449.7027,0.0,38.089,90,2.0,2.0,1.0
035_R205,35,R,6,8,OPTIMAL,498.3831,6,3,1,2,3,0.5,460.7597,0.0,37.6234,90,2.0,2.0,1.0
035_R205,35,R,6,9,OPTIMAL,375.8369,6,2,1,1,4,0.3333,258.5654,0.0,117.2715,90,2.0,2.0,1.0
035_R205,35,R,9,0,OPTIMAL,644.6959,9,5,1,4,4,0.5556,601.2909,0.0,43.405,90,2.0,2.0,1.0
035_R205,35,R,9,1,OPTIMAL,848.8505,9,7,5,2,2,0.7778,805.5828,0.0,43.2677,90,2.0,2.0,1.0
035_R205,35,R,9,2,OPTIMAL,714.9593,9,4,3,1,5,0.4444,603.1064,0.0,111.8529,90,2.0,2.0,1.0
035_R205,35,R,9,3,OPTIMAL,376.9178,9,2,0,2,7,0.2222,185.3339,0.0,191.5839,90,2.0,2.0,1.0
035_R205,35,R,9,4,OPTIMAL,496.089,9,4,2,2,5,0.4444,418.0308,0.0,78.0582,90,2.0,2.0,1.0
035_R205,35,R,9,5,OPTIMAL,888.0602,9,6,6,0,3,0.6667,851.5022,0.0,36.5579,90,2.0,2.0,1.0
035_R205,35,R,9,6,OPTIMAL,623.8575,9,5,3,2,4,0.5556,591.0647,0.0,32.7928,90,2.0,2.0,1.0
035_R205,35,R,9,7,OPTIMAL,336.6944,9,4,3,1,5,0.4444,287.1005,0.0,49.5939,90,2.0,2.0,1.0
035_R205,35,R,9,8,OPTIMAL,452.9183,9,2,1,1,7,0.2222,295.4484,0.0,157.4698,90,2.0,2.0,1.0
035_R205,35,R,9,9,OPTIMAL,480.9178,9,2,1,1,7,0.2222,266.0176,0.0,214.9002,90,2.0,2.0,1.0
035_R210,35,R,3,0,OPTIMAL,265.8534,3,2,2,0,1,0.6667,262.979,0.0,2.8743,90,2.0,2.0,1.0
035_R210,35,R,3,1,OPTIMAL,150.0682,3,1,1,0,2,0.3333,126.2764,0.0,23.7918,90,2.0,2.0,1.0
035_R210,35,R,3,2,OPTIMAL,273.0957,3,2,2,0,1,0.6667,267.6583,0.0,5.4374,90,2.0,2.0,1.0
035_R210,35,R,3,3,OPTIMAL,251.8678,3,2,1,1,1,0.6667,241.8288,0.0,10.039,90,2.0,2.0,1.0
035_R210,35,R,3,4,OPTIMAL,386.1919,3,3,3,0,0,1.0,386.1919,0.0,0.0,90,2.0,2.0,1.0
035_R210,35,R,3,5,OPTIMAL,107.993,3,0,0,0,3,0.0,0.0,0.0,107.993,90,2.0,2.0,1.0
035_R210,35,R,3,6,OPTIMAL,415.7217,3,3,3,0,0,1.0,415.7217,0.0,0.0,90,2.0,2.0,1.0
035_R210,35,R,3,7,OPTIMAL,180.9313,3,2,2,0,1,0.6667,159.1937,0.0,21.7375,90,2.0,2.0,1.0
035_R210,35,R,3,8,OPTIMAL,255.1265,3,2,2,0,1,0.6667,242.9773,0.0,12.1492,90,2.0,2.0,1.0
035_R210,35,R,3,9,OPTIMAL,163.8042,3,1,1,0,2,0.3333,139.1437,0.0,24.6605,90,2.0,2.0,1.0
035_R210,35,R,6,0,OPTIMAL,356.7532,6,3,3,0,3,0.5,322.2539,0.0,34.4993,90,2.0,2.0,1.0
035_R210,35,R,6,1,OPTIMAL,350.7254,6,2,2,0,4,0.3333,294.7108,0.0,56.0147,90,2.0,2.0,1.0
035_R210,35,R,6,2,OPTIMAL,574.1845,6,5,4,1,1,0.8333,548.6216,0.0,25.5629,90,2.0,2.0,1.0
035_R210,35,R,6,3,OPTIMAL,456.2041,6,3,3,0,3,0.5,415.9788,0.0,40.2253,90,2.0,2.0,1.0
035_R210,35,R,6,4,OPTIMAL,364.4413,6,3,2,1,3,0.5,299.2282,0.0,65.2131,90,2.0,2.0,1.0
035_R210,35,R,6,5,OPTIMAL,474.6808,6,4,4,0,2,0.6667,465.2731,0.0,9.4076,90,2.0,2.0,1.0
035_R210,35,R,6,6,OPTIMAL,306.0727,6,2,2,0,4,0.3333,246.2638,0.0,59.8089,90,2.0,2.0,1.0
035_R210,35,R,6,7,OPTIMAL,492.9906,6,4,4,0,2,0.6667,492.8583,0.0,0.1323,90,2.0,2.0,1.0
035_R210,35,R,6,8,OPTIMAL,216.5016,6,1,1,0,5,0.1667,173.1807,0.0,43.3209,90,2.0,2.0,1.0
035_R210,35,R,6,9,OPTIMAL,555.7659,6,4,4,0,2,0.6667,539.8338,0.0,15.9321,90,2.0,2.0,1.0
035_R210,35,R,9,0,OPTIMAL,576.2528,9,4,4,0,5,0.4444,430.6822,0.0,145.5706,90,2.0,2.0,1.0
035_R210,35,R,9,1,OPTIMAL,615.3065,9,5,4,1,4,0.5556,517.2117,0.0,98.0948,90,2.0,2.0,1.0
035_R210,35,R,9,2,OPTIMAL,491.6253,9,3,2,1,6,0.3333,367.9783,0.0,123.647,90,2.0,2.0,1.0
035_R210,35,R,9,3,OPTIMAL,387.3935,9,2,2,0,7,0.2222,246.3555,0.0,141.038,90,2.0,2.0,1.0
035_R210,35,R,9,4,OPTIMAL,417.1951,9,3,3,0,6,0.3333,300.9334,0.0,116.2617,90,2.0,2.0,1.0
035_R210,35,R,9,5,OPTIMAL,661.1749,9,4,4,0,5,0.4444,539.5642,0.0,121.6107,90,2.0,2.0,1.0
035_R210,35,R,9,6,OPTIMAL,543.4116,9,4,3,1,5,0.4444,447.4741,0.0,95.9375,90,2.0,2.0,1.0
035_R210,35,R,9,7,OPTIMAL,457.1484,9,5,4,1,4,0.5556,368.4915,0.0,88.6568,90,2.0,2.0,1.0
035_R210,35,R,9,8,OPTIMAL,682.4411,9,4,4,0,5,0.4444,554.8569,0.0,127.5842,90,2.0,2.0,1.0
035_R210,35,R,9,9,OPTIMAL,764.8606,9,6,5,1,3,0.6667,726.7063,0.0,38.1543,90,2.0,2.0,1.0
035_RC101,35,RC,3,0,OPTIMAL,187.6444,3,1,1,0,2,0.3333,181.2707,0.0,6.3737,90,2.0,2.0,1.0
035_RC101,35,RC,3,1,OPTIMAL,243.726,3,1,1,0,2,0.3333,227.9564,0.0,15.7696,90,2.0,2.0,1.0
035_RC101,35,RC,3,2,OPTIMAL,431.4716,3,2,2,0,1,0.6667,415.1634,0.0,16.3082,90,2.0,2.0,1.0
035_RC101,35,RC,3,3,OPTIMAL,184.5953,3,1,0,1,2,0.3333,140.5862,0.0,44.0092,90,2.0,2.0,1.0
035_RC101,35,RC,3,4,OPTIMAL,338.0563,3,2,2,0,1,0.6667,335.8469,0.0,2.2094,90,2.0,2.0,1.0
035_RC101,35,RC,3,5,OPTIMAL,361.8213,3,2,2,0,1,0.6667,356.1639,0.0,5.6574,90,2.0,2.0,1.0
035_RC101,35,RC,3,6,OPTIMAL,386.7803,3,2,2,0,1,0.6667,386.7473,0.0,0.033,90,2.0,2.0,1.0
035_RC101,35,RC,3,7,OPTIMAL,222.6864,3,1,1,0,2,0.3333,207.7052,0.0,14.9812,90,2.0,2.0,1.0
035_RC101,35,RC,3,8,OPTIMAL,500.1516,3,3,3,0,0,1.0,500.1516,0.0,0.0,90,2.0,2.0,1.0
035_RC101,35,RC,3,9,OPTIMAL,179.9336,3,1,1,0,2,0.3333,135.3142,0.0,44.6194,90,2.0,2.0,1.0
035_RC101,35,RC,6,0,OPTIMAL,412.4562,6,2,2,0,4,0.3333,355.6886,0.0,56.7676,90,2.0,2.0,1.0
035_RC101,35,RC,6,1,OPTIMAL,670.282,6,4,4,0,2,0.6667,633.6546,0.0,36.6274,90,2.0,2.0,1.0
035_RC101,35,RC,6,2,OPTIMAL,519.699,6,3,2,1,3,0.5,457.8496,0.0,61.8494,90,2.0,2.0,1.0
035_RC101,35,RC,6,3,OPTIMAL,515.1429,6,3,2,1,3,0.5,498.9684,0.0,16.1745,90,2.0,2.0,1.0
035_RC101,35,RC,6,4,OPTIMAL,553.8916,6,3,2,1,3,0.5,505.2422,0.0,48.6494,90,2.0,2.0,1.0
035_RC101,35,RC,6,5,OPTIMAL,463.4149,6,2,2,0,4,0.3333,422.3441,0.0,41.0708,90,2.0,2.0,1.0
035_RC101,35,RC,6,6,OPTIMAL,217.5264,6,1,1,0,5,0.1667,180.4758,0.0,37.0506,90,2.0,2.0,1.0
035_RC101,35,RC,6,7,OPTIMAL,534.4562,6,3,3,0,3,0.5,521.9782,0.0,12.478,90,2.0,2.0,1.0
035_RC101,35,RC,6,8,OPTIMAL,642.5571,6,3,3,0,3,0.5,607.2108,0.0,35.3463,90,2.0,2.0,1.0
035_RC101,35,RC,6,9,OPTIMAL,633.1519,6,4,2,2,2,0.6667,612.5197,0.0,20.6322,90,2.0,2.0,1.0
035_RC101,35,RC,9,0,OPTIMAL,750.0682,9,4,4,0,5,0.4444,680.5843,0.0,69.484,90,2.0,2.0,1.0
035_RC101,35,RC,9,1,OPTIMAL,965.079,9,5,5,0,4,0.5556,931.9124,0.0,33.1666,90,2.0,2.0,1.0
035_RC101,35,RC,9,2,OPTIMAL,1139.7465,9,6,6,0,3,0.6667,1101.4474,0.0,38.2991,90,2.0,2.0,1.0
035_RC101,35,RC,9,3,OPTIMAL,930.1517,9,5,4,1,4,0.5556,866.5505,3.5647,60.0364,90,2.0,2.0,1.0
035_RC101,35,RC,9,4,OPTIMAL,1162.4542,9,6,5,1,3,0.6667,1145.5609,0.0,16.8933,90,2.0,2.0,1.0
035_RC101,35,RC,9,5,OPTIMAL,557.9513,9,3,2,1,6,0.3333,492.8073,0.0,65.144,90,2.0,2.0,1.0
035_RC101,35,RC,9,6,OPTIMAL,898.9052,9,5,5,0,4,0.5556,885.7592,0.0,13.146,90,2.0,2.0,1.0
035_RC101,35,RC,9,7,OPTIMAL,790.9692,9,4,3,1,5,0.4444,709.7537,0.0,81.2155,90,2.0,2.0,1.0
035_RC101,35,RC,9,8,OPTIMAL,808.3025,9,4,4,0,5,0.4444,730.7306,0.0,77.5718,90,2.0,2.0,1.0
035_RC101,35,RC,9,9,OPTIMAL,549.3151,9,3,2,1,6,0.3333,467.3996,0.0,81.9155,90,2.0,2.0,1.0
