instance,size,class,level,seed_idx,status,objective,n_emergencies,n_outsourced,n_outsourced_infeasible,n_outsourced_economic,n_inserted,frac_outsourced,outsourcing,tw_penalty,completion_penalty,W,LAMBDA,PI_S,PI_C
030_C101,30,C,2,0,OPTIMAL,642.9611,2,2,2,0,0,1.0,642.9611,0.0,0.0,60,5.0,2.0,1.0
030_C101,30,C,2,1,OPTIMAL,741.0589,2,2,2,0,0,1.0,741.0589,0.0,0.0,60,5.0,2.0,1.0
030_C101,30,C,2,2,OPTIMAL,665.4038,2,2,2,0,0,1.0,665.4038,0.0,0.0,60,5.0,2.0,1.0
030_C101,30,C,2,3,OPTIMAL,381.6966,2,1,1,0,1,0.5,374.056,0.0,7.6407,60,5.0,2.0,1.0
030_C101,30,C,2,4,OPTIMAL,197.004,2,1,1,0,1,0.5,183.2779,0.0,13.7261,60,5.0,2.0,1.0
030_C101,30,C,2,5,OPTIMAL,400.097,2,1,1,0,1,0.5,394.3811,0.0,5.7159,60,5.0,2.0,1.0
030_C101,30,C,2,6,OPTIMAL,443.5143,2,1,1,0,1,0.5,429.8024,0.0,13.712,60,5.0,2.0,1.0
030_C101,30,C,2,7,OPTIMAL,198.3208,2,1,1,0,1,0.5,198.0749,0.0,0.2459,60,5.0,2.0,1.0
030_C101,30,C,2,8,OPTIMAL,403.0619,2,1,1,0,1,0.5,398.5809,0.0,4.481,60,5.0,2.0,1.0
030_C101,30,C,2,9,OPTIMAL,17.2274,2,0,0,0,2,0.0,0.0,0.0,17.2274,60,5.0,2.0,1.0
030_C101,30,C,4,0,OPTIMAL,608.9856,4,3,3,0,1,0.75,606.3589,0.0,2.6267,60,5.0,2.0,1.0
030_C101,30,C,4,1,OPTIMAL,614.0223,4,2,2,0,2,0.5,609.2529,0.0,4.7694,60,5.0,2.0,1.0
030_C101,30,C,4,2,OPTIMAL,798.8035,4,3,3,0,1,0.75,797.8756,0.0,0.9279,60,5.0,2.0,1.0
030_C101,30,C,4,3,OPTIMAL,7.6028,4,0,0,0,4,0.0,0.0,0.0,7.6028,60,5.0,2.0,1.0
030_C101,30,C,4,4,OPTIMAL,217.9887,4,1,1,0,3,0.25,197.6428,0.0,20.3458,60,5.0,2.0,1.0
030_C101,30,C,4,5,OPTIMAL,1321.6034,4,4,4,0,0,1.0,1321.6034,0.0,0.0,60,5.0,2.0,1.0
030_C101,30,C,4,6,OPTIMAL,1133.5176,4,4,4,0,0,1.0,1133.5176,0.0,0.0,60,5.0,2.0,1.0
030_C101,30,C,4,7,OPTIMAL,223.0343,4,1,1,0,3,0.25,194.9117,0.0,28.1226,60,5.0,2.0,1.0
030_C101,30,C,4,8,OPTIMAL,601.1727,4,3,3,0,1,0.75,573.6592,0.0,27.5135,60,5.0,2.0,1.0
030_C101,30,C,4,9,OPTIMAL,225.4034,4,1,1,0,3,0.25,185.5789,0.0,39.8246,60,5.0,2.0,1.0
030_C101,30,C,6,0,OPTIMAL,1176.9113,6,6,6,0,0,1.0,1176.9113,0.0,0.0,60,5.0,2.0,1.0
030_C101,30,C,6,1,OPTIMAL,1214.2295,6,4,4,0,2,0.6667,1204.8561,0.0,9.3734,60,5.0,2.0,1.0
030_C101,30,C,6,2,OPTIMAL,1293.7733,6,4,4,0,2,0.6667,1288.3405,0.0,5.4328,60,5.0,2.0,1.0
030_C101,30,C,6,3,OPTIMAL,866.6782,6,4,4,0,2,0.6667,863.4103,0.0,3.2679,60,5.0,2.0,1.0
030_C101,30,C,6,4,OPTIMAL,767.1858,6,3,3,0,3,0.5,735.8384,0.0,31.3474,60,5.0,2.0,1.0
030_C101,30,C,6,5,OPTIMAL,1430.9651,6,6,5,1,0,1.0,1430.9651,0.0,0.0,60,5.0,2.0,1.0
030_C101,30,C,6,6,OPTIMAL,1708.7464,6,5,5,0,1,0.8333,1706.662,0.0,2.0844,60,5.0,2.0,1.0
030_C101,30,C,6,7,OPTIMAL,1028.8128,6,4,3,1,2,0.6667,1012.3404,0.0,16.4724,60,5.0,2.0,1.0
030_C101,30,C,6,8,OPTIMAL,1191.6867,6,4,4,0,2,0.6667,1150.0882,0.0,41.5984,60,5.0,2.0,1.0
030_C101,30,C,6,9,OPTIMAL,1139.2293,6,4,4,0,2,0.6667,1120.2351,0.0,18.9942,60,5.0,2.0,1.0
030_C105,30,C,2,0,OPTIMAL,642.9611,2,2,2,0,0,1.0,642.9611,0.0,0.0,60,5.0,2.0,1.0
030_C105,30,C,2,1,OPTIMAL,741.0589,2,2,2,0,0,1.0,741.0589,0.0,0.0,60,5.0,2.0,1.0
030_C105,30,C,2,2,OPTIMAL,396.1434,2,1,1,0,1,0.5,368.2096,0.0,27.9338,60,5.0,2.0,1.0
030_C105,30,C,2,3,OPTIMAL,381.6966,2,1,1,0,1,0.5,374.056,0.0,7.6407,60,5.0,2.0,1.0
030_C105,30,C,2,4,OPTIMAL,197.004,2,1,1,0,1,0.5,183.2779,0.0,13.7261,60,5.0,2.0,1.0
030_C105,30,C,2,5,OPTIMAL,186.727,2,1,1,0,1,0.5,181.5122,0.0,5.2147,60,5.0,2.0,1.0
030_C105,30,C,2,6,OPTIMAL,431.1255,2,1,1,0,1,0.5,429.8024,0.0,1.3232,60,5.0,2.0,1.0
030_C105,30,C,2,7,OPTIMAL,26.7139,2,0,0,0,2,0.0,0.0,0.0,26.7139,60,5.0,2.0,1.0
030_C105,30,C,2,8,OPTIMAL,738.5463,2,2,2,0,0,1.0,738.5463,0.0,0.0,60,5.0,2.0,1.0
030_C105,30,C,2,9,OPTIMAL,401.1562,2,2,2,0,0,1.0,401.1562,0.0,0.0,60,5.0,2.0,1.0
030_C105,30,C,4,0,OPTIMAL,775.5148,4,3,3,0,1,0.75,773.9476,0.0,1.5672,60,5.0,2.0,1.0
030_C105,30,C,4,1,OPTIMAL,676.6038,4,2,2,0,2,0.5,620.9817,0.0,55.6221,60,5.0,2.0,1.0
030_C105,30,C,4,2,OPTIMAL,600.1077,4,2,2,0,2,0.5,586.5916,0.0,13.5161,60,5.0,2.0,1.0
030_C105,30,C,4,3,OPTIMAL,715.3076,4,3,3,0,1,0.75,693.989,0.0,21.3186,60,5.0,2.0,1.0
030_C105,30,C,4,4,OPTIMAL,414.4736,4,1,1,0,3,0.25,405.329,0.0,9.1446,60,5.0,2.0,1.0
030_C105,30,C,4,5,OPTIMAL,973.3124,4,3,3,0,1,0.75,953.2507,0.0,20.0617,60,5.0,2.0,1.0
030_C105,30,C,4,6,OPTIMAL,1030.0724,4,3,3,0,1,0.75,1028.5778,0.0,1.4945,60,5.0,2.0,1.0
030_C105,30,C,4,7,OPTIMAL,569.2321,4,3,2,1,1,0.75,541.1298,0.0,28.1024,60,5.0,2.0,1.0
030_C105,30,C,4,8,OPTIMAL,579.9411,4,2,2,0,2,0.5,552.6009,0.0,27.3402,60,5.0,2.0,1.0
030_C105,30,C,4,9,OPTIMAL,551.545,4,3,3,0,1,0.75,543.3402,0.0,8.2048,60,5.0,2.0,1.0
030_C105,30,C,6,0,OPTIMAL,589.1864,6,2,2,0,4,0.3333,549.4562,0.0,39.7301,60,5.0,2.0,1.0
030_C105,30,C,6,1,OPTIMAL,1277.9396,6,5,5,0,1,0.8333,1276.014,0.0,1.9256,60,5.0,2.0,1.0
030_C105,30,C,6,2,OPTIMAL,1290.2808,6,4,4,0,2,0.6667,1282.7042,0.0,7.5766,60,5.0,2.0,1.0
030_C105,30,C,6,3,OPTIMAL,1065.1327,6,4,3,1,2,0.6667,1057.1476,0.0,7.9851,60,5.0,2.0,1.0
030_C105,30,C,6,4,OPTIMAL,1078.669,6,4,4,0,2,0.6667,1052.8147,0.0,25.8543,60,5.0,2.0,1.0
030_C105,30,C,6,5,OPTIMAL,1307.651,6,5,4,1,1,0.8333,1288.068,0.0,19.583,60,5.0,2.0,1.0
030_C105,30,C,6,6,OPTIMAL,1387.7475,6,4,4,0,2,0.6667,1373.0112,0.0,14.7363,60,5.0,2.0,1.0
030_C105,30,C,6,7,OPTIMAL,1070.5276,6,5,5,0,1,0.8333,1062.7457,0.0,7.7818,60,5.0,2.0,1.0
030_C105,30,C,6,8,OPTIMAL,1360.7674,6,5,5,0,1,0.8333,1334.0518,0.0,26.7155,60,5.0,2.0,1.0
030_C105,30,C,6,9,OPTIMAL,1178.2871,6,4,4,0,2,0.6667,1149.4728,0.0,28.8143,60,5.0,2.0,1.0
030_C106,30,C,2,0,OPTIMAL,642.9611,2,2,2,0,0,1.0,642.9611,0.0,0.0,60,5.0,2.0,1.0
030_C106,30,C,2,1,OPTIMAL,741.0589,2,2,2,0,0,1.0,741.0589,0.0,0.0,60,5.0,2.0,1.0
030_C106,30,C,2,2,OPTIMAL,665.4038,2,2,2,0,0,1.0,665.4038,0.0,0.0,60,5.0,2.0,1.0
030_C106,30,C,2,3,OPTIMAL,381.6966,2,1,1,0,1,0.5,374.056,0.0,7.6407,60,5.0,2.0,1.0
030_C106,30,C,2,4,OPTIMAL,361.448,2,2,2,0,0,1.0,361.448,0.0,0.0,60,5.0,2.0,1.0
030_C106,30,C,2,5,OPTIMAL,400.535,2,1,1,0,1,0.5,394.3811,0.0,6.1539,60,5.0,2.0,1.0
030_C106,30,C,2,6,OPTIMAL,431.1255,2,1,1,0,1,0.5,429.8024,0.0,1.3232,60,5.0,2.0,1.0
030_C106,30,C,2,7,OPTIMAL,198.3208,2,1,1,0,1,0.5,198.0749,0.0,0.2459,60,5.0,2.0,1.0
030_C106,30,C,2,8,OPTIMAL,738.5463,2,2,2,0,0,1.0,738.5463,0.0,0.0,60,5.0,2.0,1.0
030_C106,30,C,2,9,OPTIMAL,179.9351,2,1,1,0,1,0.5,178.7808,0.0,1.1543,60,5.0,2.0,1.0
030_C106,30,C,4,0,OPTIMAL,944.1285,4,4,3,1,0,1.0,944.1285,0.0,0.0,60,5.0,2.0,1.0
030_C106,30,C,4,1,OPTIMAL,1036.0247,4,4,3,1,0,1.0,1036.0247,0.0,0.0,60,5.0,2.0,1.0
030_C106,30,C,4,2,OPTIMAL,798.3856,4,3,3,0,1,0.75,797.8756,0.0,0.51,60,5.0,2.0,1.0
030_C106,30,C,4,3,OPTIMAL,863.3239,4,4,3,1,0,1.0,863.3239,0.0,0.0,60,5.0,2.0,1.0
030_C106,30,C,4,4,OPTIMAL,720.6317,4,3,3,0,1,0.75,720.4442,0.0,0.1875,60,5.0,2.0,1.0
030_C106,30,C,4,5,OPTIMAL,1321.6034,4,4,4,0,0,1.0,1321.6034,0.0,0.0,60,5.0,2.0,1.0
030_C106,30,C,4,6,OPTIMAL,1133.5176,4,4,4,0,0,1.0,1133.5176,0.0,0.0,60,5.0,2.0,1.0
030_C106,30,C,4,7,OPTIMAL,557.1439,4,3,2,1,1,0.75,557.0729,0.0,0.071,60,5.0,2.0,1.0
030_C106,30,C,4,8,OPTIMAL,908.9289,4,4,3,1,0,1.0,908.9289,0.0,0.0,60,5.0,2.0,1.0
030_C106,30,C,4,9,OPTIMAL,378.052,4,2,2,0,2,0.5,365.4279,0.0,12.6241,60,5.0,2.0,1.0
030_C106,30,C,6,0,OPTIMAL,906.7209,6,4,4,0,2,0.6667,882.2948,0.0,24.4261,60,5.0,2.0,1.0
030_C106,30,C,6,1,OPTIMAL,1568.1055,6,6,6,0,0,1.0,1568.1055,0.0,0.0,60,5.0,2.0,1.0
030_C106,30,C,6,2,OPTIMAL,1130.4315,6,3,3,0,3,0.5,1101.5209,0.0,28.9106,60,5.0,2.0,1.0
030_C106,30,C,6,3,OPTIMAL,923.0452,6,4,3,1,2,0.6667,863.4103,0.0,59.6349,60,5.0,2.0,1.0
030_C106,30,C,6,4,OPTIMAL,1092.92,6,4,4,0,2,0.6667,1073.9316,0.0,18.9884,60,5.0,2.0,1.0
030_C106,30,C,6,5,OPTIMAL,1430.9651,6,6,6,0,0,1.0,1430.9651,0.0,0.0,60,5.0,2.0,1.0
030_C106,30,C,6,6,OPTIMAL,1376.2635,6,4,4,0,2,0.6667,1368.3285,0.0,7.935,60,5.0,2.0,1.0
030_C106,30,C,6,7,OPTIMAL,1433.1469,6,6,6,0,0,1.0,1433.1469,0.0,0.0,60,5.0,2.0,1.0
030_C106,30,C,6,8,OPTIMAL,1160.4319,6,5,5,0,1,0.8333,1143.9509,0.0,16.4811,60,5.0,2.0,1.0
030_C106,30,C,6,9,OPTIMAL,1348.6238,6,5,5,0,1,0.8333,1348.3919,0.0,0.2319,60,5.0,2.0,1.0
030_C107,30,C,2,0,OPTIMAL,433.9756,2,1,1,0,1,0.5,423.9687,0.0,10.0069,60,5.0,2.0,1.0
030_C107,30,C,2,1,OPTIMAL,741.0589,2,2,2,0,0,1.0,741.0589,0.0,0.0,60,5.0,2.0,1.0
030_C107,30,C,2,2,OPTIMAL,665.4038,2,2,2,0,0,1.0,665.4038,0.0,0.0,60,5.0,2.0,1.0
030_C107,30,C,2,3,OPTIMAL,38.7483,2,0,0,0,2,0.0,0.0,0.0,38.7483,60,5.0,2.0,1.0
030_C107,30,C,2,4,OPTIMAL,183.997,2,1,1,0,1,0.5,178.17,0.0,5.8269,60,5.0,2.0,1.0
030_C107,30,C,2,5,OPTIMAL,397.0898,2,1,1,0,1,0.5,394.3811,0.0,2.7087,60,5.0,2.0,1.0
030_C107,30,C,2,6,OPTIMAL,433.8317,2,1,1,0,1,0.5,429.8024,0.0,4.0293,60,5.0,2.0,1.0
030_C107,30,C,2,7,OPTIMAL,178.6793,2,1,1,0,1,0.5,172.1947,0.0,6.4846,60,5.0,2.0,1.0
030_C107,30,C,2,8,OPTIMAL,738.5463,2,2,2,0,0,1.0,738.5463,0.0,0.0,60,5.0,2.0,1.0
030_C107,30,C,2,9,OPTIMAL,14.5179,2,0,0,0,2,0.0,0.0,0.0,14.5179,60,5.0,2.0,1.0
030_C107,30,C,4,0,OPTIMAL,779.0479,4,3,3,0,1,0.75,773.9476,0.0,5.1003,60,5.0,2.0,1.0
030_C107,30,C,4,1,OPTIMAL,1036.0247,4,4,4,0,0,1.0,1036.0247,0.0,0.0,60,5.0,2.0,1.0
030_C107,30,C,4,2,OPTIMAL,740.4032,4,3,3,0,1,0.75,723.1458,0.0,17.2574,60,5.0,2.0,1.0
030_C107,30,C,4,3,OPTIMAL,686.613,4,3,3,0,1,0.75,673.3932,0.0,13.2198,60,5.0,2.0,1.0
030_C107,30,C,4,4,OPTIMAL,721.8092,4,3,3,0,1,0.75,720.4442,0.0,1.365,60,5.0,2.0,1.0
030_C107,30,C,4,5,OPTIMAL,1153.195,4,3,3,0,1,0.75,1128.1719,0.0,25.0231,60,5.0,2.0,1.0
030_C107,30,C,4,6,OPTIMAL,775.1192,4,2,2,0,2,0.5,739.6252,0.0,35.494,60,5.0,2.0,1.0
030_C107,30,C,4,7,OPTIMAL,557.1439,4,3,2,1,1,0.75,557.0729,0.0,0.071,60,5.0,2.0,1.0
030_C107,30,C,4,8,OPTIMAL,744.0023,4,3,3,0,1,0.75,743.183,0.0,0.8192,60,5.0,2.0,1.0
030_C107,30,C,4,9,OPTIMAL,577.553,4,3,3,0,1,0.75,559.1206,0.0,18.4323,60,5.0,2.0,1.0
030_C107,30,C,6,0,OPTIMAL,712.2254,6,3,3,0,3,0.5,704.1439,0.0,8.0815,60,5.0,2.0,1.0
030_C107,30,C,6,1,OPTIMAL,1391.8471,6,5,5,0,1,0.8333,1370.0482,0.0,21.799,60,5.0,2.0,1.0
030_C107,30,C,6,2,OPTIMAL,1470.8292,6,5,4,1,1,0.8333,1465.5942,0.0,5.2351,60,5.0,2.0,1.0
030_C107,30,C,6,3,OPTIMAL,1053.0139,6,4,4,0,2,0.6667,1052.2392,0.0,0.7748,60,5.0,2.0,1.0
030_C107,30,C,6,4,OPTIMAL,1040.5008,6,4,4,0,2,0.6667,1034.3103,0.0,6.1906,60,5.0,2.0,1.0
030_C107,30,C,6,5,OPTIMAL,1430.9651,6,6,6,0,0,1.0,1430.9651,0.0,0.0,60,5.0,2.0,1.0
030_C107,30,C,6,6,OPTIMAL,1545.292,6,4,4,0,2,0.6667,1527.7154,0.0,17.5765,60,5.0,2.0,1.0
030_C107,30,C,6,7,OPTIMAL,1433.1469,6,6,6,0,0,1.0,1433.1469,0.0,0.0,60,5.0,2.0,1.0
030_C107,30,C,6,8,OPTIMAL,1016.5344,6,4,4,0,2,0.6667,991.7786,0.0,24.7557,60,5.0,2.0,1.0
030_C107,30,C,6,9,OPTIMAL,1149.8307,6,4,4,0,2,0.6667,1120.2351,0.0,29.5956,60,5.0,2.0,1.0
030_C108,30,C,2,0,OPTIMAL,642.9611,2,2,2,0,0,1.0,642.9611,0.0,0.0,60,5.0,2.0,1.0
030_C108,30,C,2,1,OPTIMAL,741.0589,2,2,2,0,0,1.0,741.0589,0.0,0.0,60,5.0,2.0,1.0
030_C108,30,C,2,2,OPTIMAL,665.4038,2,2,2,0,0,1.0,665.4038,0.0,0.0,60,5.0,2.0,1.0
030_C108,30,C,2,3,OPTIMAL,377.6249,2,1,1,0,1,0.5,374.056,0.0,3.569,60,5.0,2.0,1.0
030_C108,30,C,2,4,OPTIMAL,361.448,2,2,1,1,0,1.0,361.448,0.0,0.0,60,5.0,2.0,1.0
030_C108,30,C,2,5,OPTIMAL,397.0898,2,1,1,0,1,0.5,394.3811,0.0,2.7087,60,5.0,2.0,1.0
030_C108,30,C,2,6,OPTIMAL,571.3031,2,2,1,1,0,1.0,571.3031,0.0,0.0,60,5.0,2.0,1.0
030_C108,30,C,2,7,OPTIMAL,370.2696,2,2,2,0,0,1.0,370.2696,0.0,0.0,60,5.0,2.0,1.0
030_C108,30,C,2,8,OPTIMAL,738.5463,2,2,2,0,0,1.0,738.5463,0.0,0.0,60,5.0,2.0,1.0
030_C108,30,C,2,9,OPTIMAL,401.1562,2,2,1,1,0,1.0,401.1562,0.0,0.0,60,5.0,2.0,1.0
030_C108,30,C,4,0,OPTIMAL,944.1285,4,4,4,0,0,1.0,944.1285,0.0,0.0,60,5.0,2.0,1.0
030_C108,30,C,4,1,OPTIMAL,473.5905,4,2,2,0,2,0.5,426.7718,0.0,46.8187,60,5.0,2.0,1.0
030_C108,30,C,4,2,OPTIMAL,751.1685,4,3,2,1,1,0.75,745.5367,0.0,5.6318,60,5.0,2.0,1.0
030_C108,30,C,4,3,OPTIMAL,863.3239,4,4,4,0,0,1.0,863.3239,0.0,0.0,60,5.0,2.0,1.0
030_C108,30,C,4,4,OPTIMAL,877.3166,4,4,3,1,0,1.0,877.3166,0.0,0.0,60,5.0,2.0,1.0
030_C108,30,C,4,5,OPTIMAL,1321.6034,4,4,4,0,0,1.0,1321.6034,0.0,0.0,60,5.0,2.0,1.0
030_C108,30,C,4,6,OPTIMAL,1133.5176,4,4,3,1,0,1.0,1133.5176,0.0,0.0,60,5.0,2.0,1.0
030_C108,30,C,4,7,OPTIMAL,736.0414,4,4,4,0,0,1.0,736.0414,0.0,0.0,60,5.0,2.0,1.0
030_C108,30,C,4,8,OPTIMAL,744.0023,4,3,3,0,1,0.75,743.183,0.0,0.8192,60,5.0,2.0,1.0
030_C108,30,C,4,9,OPTIMAL,370.2908,4,2,1,1,2,0.5,365.4279,0.0,4.8629,60,5.0,2.0,1.0
030_C108,30,C,6,0,OPTIMAL,1065.8324,6,5,4,1,1,0.8333,1060.4554,0.0,5.3771,60,5.0,2.0,1.0
030_C108,30,C,6,1,OPTIMAL,1391.8471,6,5,5,0,1,0.8333,1370.0482,0.0,21.799,60,5.0,2.0,1.0
030_C108,30,C,6,2,OPTIMAL,1290.9823,6,4,3,1,2,0.6667,1282.7042,0.0,8.2782,60,5.0,2.0,1.0
030_C108,30,C,6,3,OPTIMAL,800.3162,6,3,3,0,3,0.5,755.4133,0.0,44.9029,60,5.0,2.0,1.0
030_C108,30,C,6,4,OPTIMAL,599.7604,6,2,2,0,4,0.3333,579.4566,0.0,20.3039,60,5.0,2.0,1.0
030_C108,30,C,6,5,OPTIMAL,1217.0018,6,5,5,0,1,0.8333,1205.9827,0.0,11.0192,60,5.0,2.0,1.0
030_C108,30,C,6,6,OPTIMAL,1711.9857,6,5,4,1,1,0.8333,1711.3447,0.0,0.6409,60,5.0,2.0,1.0
030_C108,30,C,6,7,OPTIMAL,1433.1469,6,6,5,1,0,1.0,1433.1469,0.0,0.0,60,5.0,2.0,1.0
030_C108,30,C,6,8,OPTIMAL,836.6155,6,2,2,0,4,0.3333,767.9037,0.0,68.7118,60,5.0,2.0,1.0
030_C108,30,C,6,9,OPTIMAL,1273.679,6,5,3,2,1,0.8333,1248.8966,0.0,24.7825,60,5.0,2.0,1.0
030_C109,30,C,2,0,OPTIMAL,642.9611,2,2,2,0,0,1.0,642.9611,0.0,0.0,60,5.0,2.0,1.0
030_C109,30,C,2,1,OPTIMAL,741.0589,2,2,2,0,0,1.0,741.0589,0.0,0.0,60,5.0,2.0,1.0
030_C109,30,C,2,2,OPTIMAL,665.4038,2,2,2,0,0,1.0,665.4038,0.0,0.0,60,5.0,2.0,1.0
030_C109,30,C,2,3,OPTIMAL,377.6249,2,1,1,0,1,0.5,374.056,0.0,3.569,60,5.0,2.0,1.0
030_C109,30,C,2,4,OPTIMAL,361.448,2,2,2,0,0,1.0,361.448,0.0,0.0,60,5.0,2.0,1.0
030_C109,30,C,2,5,OPTIMAL,575.8933,2,2,1,1,0,1.0,575.8933,0.0,0.0,60,5.0,2.0,1.0
030_C109,30,C,2,6,OPTIMAL,571.3031,2,2,1,1,0,1.0,571.3031,0.0,0.0,60,5.0,2.0,1.0
030_C109,30,C,2,7,OPTIMAL,25.457,2,0,0,0,2,0.0,0.0,0.0,25.457,60,5.0,2.0,1.0
030_C109,30,C,2,8,OPTIMAL,738.5463,2,2,2,0,0,1.0,738.5463,0.0,0.0,60,5.0,2.0,1.0
030_C109,30,C,2,9,OPTIMAL,44.6267,2,0,0,0,2,0.0,0.0,0.0,44.6267,60,5.0,2.0,1.0
030_C109,30,C,4,0,OPTIMAL,781.5007,4,3,3,0,1,0.75,773.9476,0.0,7.5531,60,5.0,2.0,1.0
030_C109,30,C,4,1,OPTIMAL,1036.0247,4,4,4,0,0,1.0,1036.0247,0.0,0.0,60,5.0,2.0,1.0
030_C109,30,C,4,2,OPTIMAL,934.4298,4,4,4,0,0,1.0,934.4298,0.0,0.0,60,5.0,2.0,1.0
030_C109,30,C,4,3,OPTIMAL,690.7335,4,3,3,0,1,0.75,673.3932,0.0,17.3403,60,5.0,2.0,1.0
030_C109,30,C,4,4,OPTIMAL,877.3166,4,4,4,0,0,1.0,877.3166,0.0,0.0,60,5.0,2.0,1.0
030_C109,30,C,4,5,OPTIMAL,1133.8422,4,3,3,0,1,0.75,1128.1719,0.0,5.6703,60,5.0,2.0,1.0
030_C109,30,C,4,6,OPTIMAL,767.3509,4,2,2,0,2,0.5,739.6252,0.0,27.7257,60,5.0,2.0,1.0
030_C109,30,C,4,7,OPTIMAL,582.9859,4,3,3,0,1,0.75,557.0729,0.0,25.913,60,5.0,2.0,1.0
030_C109,30,C,4,8,OPTIMAL,908.9289,4,4,3,1,0,1.0,908.9289,0.0,0.0,60,5.0,2.0,1.0
030_C109,30,C,4,9,OPTIMAL,403.6481,4,2,2,0,2,0.5,373.5417,0.0,30.1063,60,5.0,2.0,1.0
030_C109,30,C,6,0,OPTIMAL,856.8952,6,4,3,1,2,0.6667,844.0727,0.0,12.8225,60,5.0,2.0,1.0
030_C109,30,C,6,1,OPTIMAL,1568.1055,6,6,5,1,0,1.0,1568.1055,0.0,0.0,60,5.0,2.0,1.0
030_C109,30,C,6,2,OPTIMAL,1467.5039,6,5,5,0,1,0.8333,1465.5942,0.0,1.9097,60,5.0,2.0,1.0
030_C109,30,C,6,3,OPTIMAL,1374.8687,6,6,4,2,0,1.0,1374.8687,0.0,0.0,60,5.0,2.0,1.0
030_C109,30,C,6,4,OPTIMAL,1263.1689,6,5,5,0,1,0.8333,1261.4408,0.0,1.7282,60,5.0,2.0,1.0
030_C109,30,C,6,5,OPTIMAL,1430.9651,6,6,5,1,0,1.0,1430.9651,0.0,0.0,60,5.0,2.0,1.0
030_C109,30,C,6,6,OPTIMAL,1719.9791,6,5,4,1,1,0.8333,1706.662,0.0,13.317,60,5.0,2.0,1.0
030_C109,30,C,6,7,OPTIMAL,1203.9493,6,5,5,0,1,0.8333,1197.0113,0.0,6.9381,60,5.0,2.0,1.0
030_C109,30,C,6,8,OPTIMAL,998.32,6,4,3,1,2,0.6667,991.7786,0.0,6.5414,60,5.0,2.0,1.0
030_C109,30,C,6,9,OPTIMAL,1477.0534,6,6,4,2,0,1.0,1477.0534,0.0,0.0,60,5.0,2.0,1.0
030_C201,30,C,2,0,OPTIMAL,187.2851,2,1,1,0,1,0.5,187.2481,0.0,0.037,60,5.0,2.0,1.0
030_C201,30,C,2,1,OPTIMAL,292.6205,2,2,2,0,0,1.0,292.6205,0.0,0.0,60,5.0,2.0,1.0
030_C201,30,C,2,2,OPTIMAL,139.0799,2,1,1,0,1,0.5,136.3138,0.0,2.7661,60,5.0,2.0,1.0
030_C201,30,C,2,3,OPTIMAL,256.8461,2,1,1,0,1,0.5,256.8337,0.0,0.0124,60,5.0,2.0,1.0
030_C201,30,C,2,4,OPTIMAL,640.8686,2,2,2,0,0,1.0,640.8686,0.0,0.0,60,5.0,2.0,1.0
030_C201,30,C,2,5,OPTIMAL,485.7503,2,2,2,0,0,1.0,485.7503,0.0,0.0,60,5.0,2.0,1.0
030_C201,30,C,2,6,OPTIMAL,588.821,2,2,2,0,0,1.0,588.821,0.0,0.0,60,5.0,2.0,1.0
030_C201,30,C,2,7,OPTIMAL,561.4404,2,2,2,0,0,1.0,561.4404,0.0,0.0,60,5.0,2.0,1.0
030_C201,30,C,2,8,OPTIMAL,432.8519,2,2,2,0,0,1.0,432.8519,0.0,0.0,60,5.0,2.0,1.0
030_C201,30,C,2,9,OPTIMAL,126.8009,2,1,1,0,1,0.5,105.2864,0.0,21.5146,60,5.0,2.0,1.0
030_C201,30,C,4,0,OPTIMAL,1060.3094,4,4,4,0,0,1.0,1060.3094,0.0,0.0,60,5.0,2.0,1.0
030_C201,30,C,4,1,OPTIMAL,1084.2448,4,4,4,0,0,1.0,1084.2448,0.0,0.0,60,5.0,2.0,1.0
030_C201,30,C,4,2,OPTIMAL,794.8809,4,3,3,0,1,0.75,794.5073,0.0,0.3736,60,5.0,2.0,1.0
030_C201,30,C,4,3,OPTIMAL,739.7381,4,4,4,0,0,1.0,739.7381,0.0,0.0,60,5.0,2.0,1.0
030_C201,30,C,4,4,OPTIMAL,935.433,4,4,4,0,0,1.0,935.433,0.0,0.0,60,5.0,2.0,1.0
030_C201,30,C,4,5,OPTIMAL,1371.5289,4,4,4,0,0,1.0,1371.5289,0.0,0.0,60,5.0,2.0,1.0
030_C201,30,C,4,6,OPTIMAL,1089.4938,4,4,4,0,0,1.0,1089.4938,0.0,0.0,60,5.0,2.0,1.0
030_C201,30,C,4,7,OPTIMAL,1210.9679,4,4,4,0,0,1.0,1210.9679,0.0,0.0,60,5.0,2.0,1.0
030_C201,30,C,4,8,OPTIMAL,712.2283,4,3,3,0,1,0.75,710.7476,0.0,1.4808,60,5.0,2.0,1.0
030_C201,30,C,4,9,OPTIMAL,782.1954,4,3,2,1,1,0.75,782.1667,0.0,0.0287,60,5.0,2.0,1.0
030_C201,30,C,6,0,OPTIMAL,1316.4775,6,6,6,0,0,1.0,1316.4775,0.0,0.0,60,5.0,2.0,1.0
030_C201,30,C,6,1,OPTIMAL,1350.1828,6,5,5,0,1,0.8333,1347.963,0.0,2.2198,60,5.0,2.0,1.0
030_C201,30,C,6,2,OPTIMAL,1645.2967,6,6,6,0,0,1.0,1645.2967,0.0,0.0,60,5.0,2.0,1.0
030_C201,30,C,6,3,OPTIMAL,1290.2394,6,5,5,0,1,0.8333,1275.1393,0.0,15.1001,60,5.0,2.0,1.0
030_C201,30,C,6,4,OPTIMAL,1077.2034,6,4,4,0,2,0.6667,1066.7866,0.0,10.4168,60,5.0,2.0,1.0
030_C201,30,C,6,5,OPTIMAL,1245.8403,6,5,5,0,1,0.8333,1244.7272,0.0,1.113,60,5.0,2.0,1.0
030_C201,30,C,6,6,OPTIMAL,1432.3472,6,5,5,0,1,0.8333,1403.6158,0.0,28.7314,60,5.0,2.0,1.0
030_C201,30,C,6,7,OPTIMAL,1258.3929,6,6,6,0,0,1.0,1258.3929,0.0,0.0,60,5.0,2.0,1.0
030_C201,30,C,6,8,OPTIMAL,1620.8364,6,5,5,0,1,0.8333,1620.8206,0.0,0.0158,60,5.0,2.0,1.0
030_C201,30,C,6,9,OPTIMAL,1867.0741,6,6,6,0,0,1.0,1867.0741,0.0,0.0,60,5.0,2.0,1.0
030_C202,30,C,2,0,OPTIMAL,279.6156,2,2,2,0,0,1.0,279.6156,0.0,0.0,60,5.0,2.0,1.0
030_C202,30,C,2,1,OPTIMAL,292.6205,2,2,2,0,0,1.0,292.6205,0.0,0.0,60,5.0,2.0,1.0
030_C202,30,C,2,2,OPTIMAL,139.0799,2,1,1,0,1,0.5,136.3138,0.0,2.7661,60,5.0,2.0,1.0
030_C202,30,C,2,3,OPTIMAL,256.8461,2,1,1,0,1,0.5,256.8337,0.0,0.0124,60,5.0,2.0,1.0
030_C202,30,C,2,4,OPTIMAL,640.8686,2,2,2,0,0,1.0,640.8686,0.0,0.0,60,5.0,2.0,1.0
030_C202,30,C,2,5,OPTIMAL,485.7503,2,2,2,0,0,1.0,485.7503,0.0,0.0,60,5.0,2.0,1.0
030_C202,30,C,2,6,OPTIMAL,588.821,2,2,2,0,0,1.0,588.821,0.0,0.0,60,5.0,2.0,1.0
030_C202,30,C,2,7,OPTIMAL,561.4404,2,2,2,0,0,1.0,561.4404,0.0,0.0,60,5.0,2.0,1.0
030_C202,30,C,2,8,OPTIMAL,432.8519,2,2,2,0,0,1.0,432.8519,0.0,0.0,60,5.0,2.0,1.0
030_C202,30,C,2,9,OPTIMAL,126.8009,2,1,1,0,1,0.5,105.2864,0.0,21.5146,60,5.0,2.0,1.0
030_C202,30,C,4,0,OPTIMAL,1060.3094,4,4,4,0,0,1.0,1060.3094,0.0,0.0,60,5.0,2.0,1.0
030_C202,30,C,4,1,OPTIMAL,1084.2448,4,4,4,0,0,1.0,1084.2448,0.0,0.0,60,5.0,2.0,1.0
030_C202,30,C,4,2,OPTIMAL,909.7739,4,4,3,1,0,1.0,909.7739,0.0,0.0,60,5.0,2.0,1.0
030_C202,30,C,4,3,OPTIMAL,739.7381,4,4,4,0,0,1.0,739.7381,0.0,0.0,60,5.0,2.0,1.0
030_C202,30,C,4,4,OPTIMAL,935.433,4,4,4,0,0,1.0,935.433,0.0,0.0,60,5.0,2.0,1.0
030_C202,30,C,4,5,OPTIMAL,1371.5289,4,4,4,0,0,1.0,1371.5289,0.0,0.0,60,5.0,2.0,1.0
030_C202,30,C,4,6,OPTIMAL,1089.4938,4,4,4,0,0,1.0,1089.4938,0.0,0.0,60,5.0,2.0,1.0
030_C202,30,C,4,7,OPTIMAL,1210.9679,4,4,4,0,0,1.0,1210.9679,0.0,0.0,60,5.0,2.0,1.0
030_C202,30,C,4,8,OPTIMAL,712.2283,4,3,3,0,1,0.75,710.7476,0.0,1.4808,60,5.0,2.0,1.0
030_C202,30,C,4,9,OPTIMAL,782.1954,4,3,3,0,1,0.75,782.1667,0.0,0.0287,60,5.0,2.0,1.0
030_C202,30,C,6,0,OPTIMAL,1316.4775,6,6,6,0,0,1.0,1316.4775,0.0,0.0,60,5.0,2.0,1.0
030_C202,30,C,6,1,OPTIMAL,1348.3667,6,5,5,0,1,0.8333,1347.963,0.0,0.4037,60,5.0,2.0,1.0
030_C202,30,C,6,2,OPTIMAL,1645.2967,6,6,6,0,0,1.0,1645.2967,0.0,0.0,60,5.0,2.0,1.0
030_C202,30,C,6,3,OPTIMAL,1422.4715,6,6,5,1,0,1.0,1422.4715,0.0,0.0,60,5.0,2.0,1.0
030_C202,30,C,6,4,OPTIMAL,1273.4419,6,5,5,0,1,0.8333,1269.6302,0.0,3.8117,60,5.0,2.0,1.0
030_C202,30,C,6,5,OPTIMAL,1381.3183,6,6,6,0,0,1.0,1381.3183,0.0,0.0,60,5.0,2.0,1.0
030_C202,30,C,6,6,OPTIMAL,1432.3472,6,5,5,0,1,0.8333,1403.6158,0.0,28.7314,60,5.0,2.0,1.0
030_C202,30,C,6,7,OPTIMAL,1258.3929,6,6,6,0,0,1.0,1258.3929,0.0,0.0,60,5.0,2.0,1.0
030_C202,30,C,6,8,OPTIMAL,1620.8364,6,5,5,0,1,0.8333,1620.8206,0.0,0.0158,60,5.0,2.0,1.0
030_C202,30,C,6,9,OPTIMAL,1867.0741,6,6,6,0,0,1.0,1867.0741,0.0,0.0,60,5.0,2.0,1.0
030_C203,30,C,2,0,OPTIMAL,279.6156,2,2,2,0,0,1.0,279.6156,0.0,0.0,60,5.0,2.0,1.0
030_C203,30,C,2,1,OPTIMAL,292.6205,2,2,2,0,0,1.0,292.6205,0.0,0.0,60,5.0,2.0,1.0
030_C203,30,C,2,2,OPTIMAL,333.7257,2,2,2,0,0,1.0,333.7257,0.0,0.0,60,5.0,2.0,1.0
030_C203,30,C,2,3,OPTIMAL,256.8461,2,1,1,0,1,0.5,256.8337,0.0,0.0124,60,5.0,2.0,1.0
030_C203,30,C,2,4,OPTIMAL,640.8686,2,2,2,0,0,1.0,640.8686,0.0,0.0,60,5.0,2.0,1.0
030_C203,30,C,2,5,OPTIMAL,485.7503,2,2,2,0,0,1.0,485.7503,0.0,0.0,60,5.0,2.0,1.0
030_C203,30,C,2,6,OPTIMAL,588.821,2,2,2,0,0,1.0,588.821,0.0,0.0,60,5.0,2.0,1.0
030_C203,30,C,2,7,OPTIMAL,561.4404,2,2,2,0,0,1.0,561.4404,0.0,0.0,60,5.0,2.0,1.0
030_C203,30,C,2,8,OPTIMAL,432.8519,2,2,2,0,0,1.0,432.8519,0.0,0.0,60,5.0,2.0,1.0
030_C203,30,C,2,9,OPTIMAL,126.8009,2,1,1,0,1,0.5,105.2864,0.0,21.5146,60,5.0,2.0,1.0
030_C203,30,C,4,0,OPTIMAL,1060.3094,4,4,4,0,0,1.0,1060.3094,0.0,0.0,60,5.0,2.0,1.0
030_C203,30,C,4,1,OPTIMAL,1084.2448,4,4,4,0,0,1.0,1084.2448,0.0,0.0,60,5.0,2.0,1.0
030_C203,30,C,4,2,OPTIMAL,909.7739,4,4,4,0,0,1.0,909.7739,0.0,0.0,60,5.0,2.0,1.0
030_C203,30,C,4,3,OPTIMAL,739.7381,4,4,4,0,0,1.0,739.7381,0.0,0.0,60,5.0,2.0,1.0
030_C203,30,C,4,4,OPTIMAL,935.433,4,4,4,0,0,1.0,935.433,0.0,0.0,60,5.0,2.0,1.0
030_C203,30,C,4,5,OPTIMAL,1371.5289,4,4,4,0,0,1.0,1371.5289,0.0,0.0,60,5.0,2.0,1.0
030_C203,30,C,4,6,OPTIMAL,1089.4938,4,4,4,0,0,1.0,1089.4938,0.0,0.0,60,5.0,2.0,1.0
030_C203,30,C,4,7,OPTIMAL,1210.9679,4,4,4,0,0,1.0,1210.9679,0.0,0.0,60,5.0,2.0,1.0
030_C203,30,C,4,8,OPTIMAL,712.2283,4,3,3,0,1,0.75,710.7476,0.0,1.4808,60,5.0,2.0,1.0
030_C203,30,C,4,9,OPTIMAL,910.6218,4,4,4,0,0,1.0,910.6218,0.0,0.0,60,5.0,2.0,1.0
030_C203,30,C,6,0,OPTIMAL,1316.4775,6,6,6,0,0,1.0,1316.4775,0.0,0.0,60,5.0,2.0,1.0
030_C203,30,C,6,1,OPTIMAL,1348.117,6,5,5,0,1,0.8333,1347.963,0.0,0.154,60,5.0,2.0,1.0
030_C203,30,C,6,2,OPTIMAL,1645.2967,6,6,6,0,0,1.0,1645.2967,0.0,0.0,60,5.0,2.0,1.0
030_C203,30,C,6,3,OPTIMAL,1422.4715,6,6,5,1,0,1.0,1422.4715,0.0,0.0,60,5.0,2.0,1.0
030_C203,30,C,6,4,OPTIMAL,1273.4419,6,5,5,0,1,0.8333,1269.6302,0.0,3.8117,60,5.0,2.0,1.0
030_C203,30,C,6,5,OPTIMAL,1381.3183,6,6,6,0,0,1.0,1381.3183,0.0,0.0,60,5.0,2.0,1.0
030_C203,30,C,6,6,OPTIMAL,1432.3472,6,5,5,0,1,0.8333,1403.6158,0.0,28.7314,60,5.0,2.0,1.0
030_C203,30,C,6,7,OPTIMAL,1258.3929,6,6,6,0,0,1.0,1258.3929,0.0,0.0,60,5.0,2.0,1.0
030_C203,30,C,6,8,OPTIMAL,1620.8364,6,5,5,0,1,0.8333,1620.8206,0.0,0.0158,60,5.0,2.0,1.0
030_C203,30,C,6,9,OPTIMAL,1867.0741,6,6,6,0,0,1.0,1867.0741,0.0,0.0,60,5.0,2.0,1.0
030_C205,30,C,2,0,OPTIMAL,279.6156,2,2,2,0,0,1.0,279.6156,0.0,0.0,60,5.0,2.0,1.0
030_C205,30,C,2,1,OPTIMAL,292.6205,2,2,2,0,0,1.0,292.6205,0.0,0.0,60,5.0,2.0,1.0
030_C205,30,C,2,2,OPTIMAL,333.7257,2,2,2,0,0,1.0,333.7257,0.0,0.0,60,5.0,2.0,1.0
030_C205,30,C,2,3,OPTIMAL,615.8876,2,2,2,0,0,1.0,615.8876,0.0,0.0,60,5.0,2.0,1.0
030_C205,30,C,2,4,OPTIMAL,640.8686,2,2,2,0,0,1.0,640.8686,0.0,0.0,60,5.0,2.0,1.0
030_C205,30,C,2,5,OPTIMAL,485.7503,2,2,2,0,0,1.0,485.7503,0.0,0.0,60,5.0,2.0,1.0
030_C205,30,C,2,6,OPTIMAL,588.821,2,2,2,0,0,1.0,588.821,0.0,0.0,60,5.0,2.0,1.0
030_C205,30,C,2,7,OPTIMAL,561.4404,2,2,2,0,0,1.0,561.4404,0.0,0.0,60,5.0,2.0,1.0
030_C205,30,C,2,8,OPTIMAL,432.8519,2,2,2,0,0,1.0,432.8519,0.0,0.0,60,5.0,2.0,1.0
030_C205,30,C,2,9,OPTIMAL,350.7182,2,2,2,0,0,1.0,350.7182,0.0,0.0,60,5.0,2.0,1.0
030_C205,30,C,4,0,OPTIMAL,874.4624,4,3,3,0,1,0.75,872.7427,0.0,1.7196,60,5.0,2.0,1.0
030_C205,30,C,4,1,OPTIMAL,1084.2448,4,4,4,0,0,1.0,1084.2448,0.0,0.0,60,5.0,2.0,1.0
030_C205,30,C,4,2,OPTIMAL,909.7739,4,4,4,0,0,1.0,909.7739,0.0,0.0,60,5.0,2.0,1.0
030_C205,30,C,4,3,OPTIMAL,739.7381,4,4,4,0,0,1.0,739.7381,0.0,0.0,60,5.0,2.0,1.0
030_C205,30,C,4,4,OPTIMAL,935.433,4,4,4,0,0,1.0,935.433,0.0,0.0,60,5.0,2.0,1.0
030_C205,30,C,4,5,OPTIMAL,1090.8424,4,3,3,0,1,0.75,1090.84,0.0,0.0025,60,5.0,2.0,1.0
030_C205,30,C,4,6,OPTIMAL,1089.4938,4,4,4,0,0,1.0,1089.4938,0.0,0.0,60,5.0,2.0,1.0
030_C205,30,C,4,7,OPTIMAL,1210.9679,4,4,3,1,0,1.0,1210.9679,0.0,0.0,60,5.0,2.0,1.0
030_C205,30,C,4,8,OPTIMAL,532.1234,4,3,3,0,1,0.75,493.4256,0.0,38.6977,60,5.0,2.0,1.0
030_C205,30,C,4,9,OPTIMAL,910.6218,4,4,4,0,0,1.0,910.6218,0.0,0.0,60,5.0,2.0,1.0
030_C205,30,C,6,0,OPTIMAL,1316.4775,6,6,6,0,0,1.0,1316.4775,0.0,0.0,60,5.0,2.0,1.0
030_C205,30,C,6,1,OPTIMAL,1350.1828,6,5,5,0,1,0.8333,1347.963,0.0,2.2198,60,5.0,2.0,1.0
030_C205,30,C,6,2,OPTIMAL,1645.2967,6,6,6,0,0,1.0,1645.2967,0.0,0.0,60,5.0,2.0,1.0
030_C205,30,C,6,3,OPTIMAL,1422.4715,6,6,6,0,0,1.0,1422.4715,0.0,0.0,60,5.0,2.0,1.0
030_C205,30,C,6,4,OPTIMAL,1283.7972,6,5,5,0,1,0.8333,1249.7503,0.0,34.0469,60,5.0,2.0,1.0
030_C205,30,C,6,5,OPTIMAL,1381.3183,6,6,6,0,0,1.0,1381.3183,0.0,0.0,60,5.0,2.0,1.0
030_C205,30,C,6,6,OPTIMAL,1563.6309,6,6,6,0,0,1.0,1563.6309,0.0,0.0,60,5.0,2.0,1.0
030_C205,30,C,6,7,OPTIMAL,1258.3929,6,6,6,0,0,1.0,1258.3929,0.0,0.0,60,5.0,2.0,1.0
030_C205,30,C,6,8,OPTIMAL,1413.1117,6,4,4,0,2,0.6667,1383.8872,0.0,29.2246,60,5.0,2.0,1.0
030_C205,30,C,6,9,OPTIMAL,1867.0741,6,6,5,1,0,1.0,1867.0741,0.0,0.0,60,5.0,2.0,1.0
030_C206,30,C,2,0,OPTIMAL,279.6156,2,2,2,0,0,1.0,279.6156,0.0,0.0,60,5.0,2.0,1.0
030_C206,30,C,2,1,OPTIMAL,181.8522,2,1,1,0,1,0.5,179.1229,0.0,2.7294,60,5.0,2.0,1.0
030_C206,30,C,2,2,OPTIMAL,333.7257,2,2,2,0,0,1.0,333.7257,0.0,0.0,60,5.0,2.0,1.0
030_C206,30,C,2,3,OPTIMAL,615.8876,2,2,2,0,0,1.0,615.8876,0.0,0.0,60,5.0,2.0,1.0
030_C206,30,C,2,4,OPTIMAL,640.8686,2,2,2,0,0,1.0,640.8686,0.0,0.0,60,5.0,2.0,1.0
030_C206,30,C,2,5,OPTIMAL,485.7503,2,2,2,0,0,1.0,485.7503,0.0,0.0,60,5.0,2.0,1.0
030_C206,30,C,2,6,OPTIMAL,588.821,2,2,2,0,0,1.0,588.821,0.0,0.0,60,5.0,2.0,1.0
030_C206,30,C,2,7,OPTIMAL,561.4404,2,2,2,0,0,1.0,561.4404,0.0,0.0,60,5.0,2.0,1.0
030_C206,30,C,2,8,OPTIMAL,253.7246,2,1,1,0,1,0.5,232.2048,0.0,21.5198,60,5.0,2.0,1.0
030_C206,30,C,2,9,OPTIMAL,350.7182,2,2,1,1,0,1.0,350.7182,0.0,0.0,60,5.0,2.0,1.0
030_C206,30,C,4,0,OPTIMAL,1060.3094,4,4,4,0,0,1.0,1060.3094,0.0,0.0,60,5.0,2.0,1.0
030_C206,30,C,4,1,OPTIMAL,1084.2448,4,4,4,0,0,1.0,1084.2448,0.0,0.0,60,5.0,2.0,1.0
030_C206,30,C,4,2,OPTIMAL,909.7739,4,4,3,1,0,1.0,909.7739,0.0,0.0,60,5.0,2.0,1.0
030_C206,30,C,4,3,OPTIMAL,739.7381,4,4,4,0,0,1.0,739.7381,0.0,0.0,60,5.0,2.0,1.0
030_C206,30,C,4,4,OPTIMAL,935.433,4,4,4,0,0,1.0,935.433,0.0,0.0,60,5.0,2.0,1.0
030_C206,30,C,4,5,OPTIMAL,1090.8424,4,3,3,0,1,0.75,1090.84,0.0,0.0025,60,5.0,2.0,1.0
030_C206,30,C,4,6,OPTIMAL,1089.4938,4,4,4,0,0,1.0,1089.4938,0.0,0.0,60,5.0,2.0,1.0
030_C206,30,C,4,7,OPTIMAL,1210.9679,4,4,4,0,0,1.0,1210.9679,0.0,0.0,60,5.0,2.0,1.0
030_C206,30,C,4,8,OPTIMAL,532.1234,4,3,3,0,1,0.75,493.4256,0.0,38.6977,60,5.0,2.0,1.0
030_C206,30,C,4,9,OPTIMAL,910.6218,4,4,4,0,0,1.0,910.6218,0.0,0.0,60,5.0,2.0,1.0
030_C206,30,C,6,0,OPTIMAL,1123.1612,6,5,5,0,1,0.8333,1113.5854,0.0,9.5758,60,5.0,2.0,1.0
030_C206,30,C,6,1,OPTIMAL,1348.04,6,5,5,0,1,0.8333,1347.963,0.0,0.077,60,5.0,2.0,1.0
030_C206,30,C,6,2,OPTIMAL,1645.2967,6,6,6,0,0,1.0,1645.2967,0.0,0.0,60,5.0,2.0,1.0
030_C206,30,C,6,3,OPTIMAL,1422.4715,6,6,6,0,0,1.0,1422.4715,0.0,0.0,60,5.0,2.0,1.0
030_C206,30,C,6,4,OPTIMAL,1497.9741,6,6,6,0,0,1.0,1497.9741,0.0,0.0,60,5.0,2.0,1.0
030_C206,30,C,6,5,OPTIMAL,1247.16,6,5,5,0,1,0.8333,1244.7272,0.0,2.4327,60,5.0,2.0,1.0
030_C206,30,C,6,6,OPTIMAL,1563.6309,6,6,5,1,0,1.0,1563.6309,0.0,0.0,60,5.0,2.0,1.0
030_C206,30,C,6,7,OPTIMAL,1258.3929,6,6,6,0,0,1.0,1258.3929,0.0,0.0,60,5.0,2.0,1.0
030_C206,30,C,6,8,OPTIMAL,1756.7011,6,6,6,0,0,1.0,1756.7011,0.0,0.0,60,5.0,2.0,1.0
030_C206,30,C,6,9,OPTIMAL,1867.0741,6,6,6,0,0,1.0,1867.0741,0.0,0.0,60,5.0,2.0,1.0
030_C207,30,C,2,0,OPTIMAL,279.6156,2,2,2,0,0,1.0,279.6156,0.0,0.0,60,5.0,2.0,1.0
030_C207,30,C,2,1,OPTIMAL,292.6205,2,2,2,0,0,1.0,292.6205,0.0,0.0,60,5.0,2.0,1.0
030_C207,30,C,2,2,OPTIMAL,333.7257,2,2,2,0,0,1.0,333.7257,0.0,0.0,60,5.0,2.0,1.0
030_C207,30,C,2,3,OPTIMAL,615.8876,2,2,2,0,0,1.0,615.8876,0.0,0.0,60,5.0,2.0,1.0
030_C207,30,C,2,4,OPTIMAL,416.3063,2,1,1,0,1,0.5,408.9537,0.0,7.3526,60,5.0,2.0,1.0
030_C207,30,C,2,5,OPTIMAL,485.7503,2,2,2,0,0,1.0,485.7503,0.0,0.0,60,5.0,2.0,1.0
030_C207,30,C,2,6,OPTIMAL,588.821,2,2,2,0,0,1.0,588.821,0.0,0.0,60,5.0,2.0,1.0
030_C207,30,C,2,7,OPTIMAL,561.4404,2,2,2,0,0,1.0,561.4404,0.0,0.0,60,5.0,2.0,1.0
030_C207,30,C,2,8,OPTIMAL,432.8519,2,2,2,0,0,1.0,432.8519,0.0,0.0,60,5.0,2.0,1.0
030_C207,30,C,2,9,OPTIMAL,350.7182,2,2,2,0,0,1.0,350.7182,0.0,0.0,60,5.0,2.0,1.0
030_C207,30,C,4,0,OPTIMAL,875.683,4,3,3,0,1,0.75,872.7427,0.0,2.9402,60,5.0,2.0,1.0
030_C207,30,C,4,1,OPTIMAL,744.0587,4,3,3,0,1,0.75,739.0081,0.0,5.0506,60,5.0,2.0,1.0
030_C207,30,C,4,2,OPTIMAL,909.7739,4,4,4,0,0,1.0,909.7739,0.0,0.0,60,5.0,2.0,1.0
030_C207,30,C,4,3,OPTIMAL,739.7381,4,4,4,0,0,1.0,739.7381,0.0,0.0,60,5.0,2.0,1.0
030_C207,30,C,4,4,OPTIMAL,706.3209,4,3,3,0,1,0.75,692.3513,0.0,13.9695,60,5.0,2.0,1.0
030_C207,30,C,4,5,OPTIMAL,1371.5289,4,4,4,0,0,1.0,1371.5289,0.0,0.0,60,5.0,2.0,1.0
030_C207,30,C,4,6,OPTIMAL,1089.4938,4,4,4,0,0,1.0,1089.4938,0.0,0.0,60,5.0,2.0,1.0
030_C207,30,C,4,7,OPTIMAL,1210.9679,4,4,4,0,0,1.0,1210.9679,0.0,0.0,60,5.0,2.0,1.0
030_C207,30,C,4,8,OPTIMAL,483.827,4,2,2,0,2,0.5,402.4962,0.0,81.3308,60,5.0,2.0,1.0
030_C207,30,C,4,9,OPTIMAL,606.5261,4,3,3,0,1,0.75,605.477,0.0,1.0491,60,5.0,2.0,1.0
030_C207,30,C,6,0,OPTIMAL,1205.1579,6,5,5,0,1,0.8333,1200.6976,0.0,4.4603,60,5.0,2.0,1.0
030_C207,30,C,6,1,OPTIMAL,1350.1828,6,5,5,0,1,0.8333,1347.963,0.0,2.2198,60,5.0,2.0,1.0
030_C207,30,C,6,2,OPTIMAL,1645.2967,6,6,6,0,0,1.0,1645.2967,0.0,0.0,60,5.0,2.0,1.0
030_C207,30,C,6,3,OPTIMAL,1171.368,6,5,5,0,1,0.8333,1113.3844,0.0,57.9837,60,5.0,2.0,1.0
030_C207,30,C,6,4,OPTIMAL,1497.9741,6,6,6,0,0,1.0,1497.9741,0.0,0.0,60,5.0,2.0,1.0
030_C207,30,C,6,5,OPTIMAL,1381.3183,6,6,5,1,0,1.0,1381.3183,0.0,0.0,60,5.0,2.0,1.0
030_C207,30,C,6,6,OPTIMAL,1563.6309,6,6,6,0,0,1.0,1563.6309,0.0,0.0,60,5.0,2.0,1.0
030_C207,30,C,6,7,OPTIMAL,1258.3929,6,6,6,0,0,1.0,1258.3929,0.0,0.0,60,5.0,2.0,1.0
030_C207,30,C,6,8,OPTIMAL,1622.8627,6,5,5,0,1,0.8333,1620.8206,0.0,2.0421,60,5.0,2.0,1.0
030_C207,30,C,6,9,OPTIMAL,1867.0741,6,6,6,0,0,1.0,1867.0741,0.0,0.0,60,5.0,2.0,1.0
030_C208,30,C,2,0,OPTIMAL,199.3286,2,1,1,0,1,0.5,187.2481,0.0,12.0804,60,5.0,2.0,1.0
030_C208,30,C,2,1,OPTIMAL,292.6205,2,2,2,0,0,1.0,292.6205,0.0,0.0,60,5.0,2.0,1.0
030_C208,30,C,2,2,OPTIMAL,333.7257,2,2,2,0,0,1.0,333.7257,0.0,0.0,60,5.0,2.0,1.0
030_C208,30,C,2,3,OPTIMAL,615.8876,2,2,2,0,0,1.0,615.8876,0.0,0.0,60,5.0,2.0,1.0
030_C208,30,C,2,4,OPTIMAL,640.8686,2,2,2,0,0,1.0,640.8686,0.0,0.0,60,5.0,2.0,1.0
030_C208,30,C,2,5,OPTIMAL,485.7503,2,2,2,0,0,1.0,485.7503,0.0,0.0,60,5.0,2.0,1.0
030_C208,30,C,2,6,OPTIMAL,588.821,2,2,2,0,0,1.0,588.821,0.0,0.0,60,5.0,2.0,1.0
030_C208,30,C,2,7,OPTIMAL,561.4404,2,2,2,0,0,1.0,561.4404,0.0,0.0,60,5.0,2.0,1.0
030_C208,30,C,2,8,OPTIMAL,204.4603,2,1,1,0,1,0.5,200.6471,0.0,3.8132,60,5.0,2.0,1.0
030_C208,30,C,2,9,OPTIMAL,350.7182,2,2,2,0,0,1.0,350.7182,0.0,0.0,60,5.0,2.0,1.0
030_C208,30,C,4,0,OPTIMAL,1060.3094,4,4,4,0,0,1.0,1060.3094,0.0,0.0,60,5.0,2.0,1.0
030_C208,30,C,4,1,OPTIMAL,993.0627,4,3,3,0,1,0.75,972.7078,0.0,20.3549,60,5.0,2.0,1.0
030_C208,30,C,4,2,OPTIMAL,909.7739,4,4,4,0,0,1.0,909.7739,0.0,0.0,60,5.0,2.0,1.0
030_C208,30,C,4,3,OPTIMAL,739.7381,4,4,4,0,0,1.0,739.7381,0.0,0.0,60,5.0,2.0,1.0
030_C208,30,C,4,4,OPTIMAL,559.8483,4,3,3,0,1,0.75,553.8127,0.0,6.0356,60,5.0,2.0,1.0
030_C208,30,C,4,5,OPTIMAL,1371.5289,4,4,4,0,0,1.0,1371.5289,0.0,0.0,60,5.0,2.0,1.0
030_C208,30,C,4,6,OPTIMAL,1089.4938,4,4,4,0,0,1.0,1089.4938,0.0,0.0,60,5.0,2.0,1.0
030_C208,30,C,4,7,OPTIMAL,1210.9679,4,4,4,0,0,1.0,1210.9679,0.0,0.0,60,5.0,2.0,1.0
030_C208,30,C,4,8,OPTIMAL,558.7021,4,3,3,0,1,0.75,493.4256,0.0,65.2765,60,5.0,2.0,1.0
030_C208,30,C,4,9,OPTIMAL,805.3527,4,3,3,0,1,0.75,782.1667,0.0,23.1861,60,5.0,2.0,1.0
030_C208,30,C,6,0,OPTIMAL,1129.5649,6,5,5,0,1,0.8333,1113.5854,0.0,15.9795,60,5.0,2.0,1.0
030_C208,30,C,6,1,OPTIMAL,1042.7851,6,4,4,0,2,0.6667,1041.813,0.0,0.9722,60,5.0,2.0,1.0
030_C208,30,C,6,2,OPTIMAL,1645.2967,6,6,6,0,0,1.0,1645.2967,0.0,0.0,60,5.0,2.0,1.0
030_C208,30,C,6,3,OPTIMAL,1149.4371,6,5,5,0,1,0.8333,1149.3738,0.0,0.0633,60,5.0,2.0,1.0
030_C208,30,C,6,4,OPTIMAL,1497.9741,6,6,6,0,0,1.0,1497.9741,0.0,0.0,60,5.0,2.0,1.0
030_C208,30,C,6,5,OPTIMAL,1381.3183,6,6,6,0,0,1.0,1381.3183,0.0,0.0,60,5.0,2.0,1.0
030_C208,30,C,6,6,OPTIMAL,1563.6309,6,6,6,0,0,1.0,1563.6309,0.0,0.0,60,5.0,2.0,1.0
030_C208,30,C,6,7,OPTIMAL,961.1248,6,4,4,0,2,0.6667,939.9636,0.0,21.1611,60,5.0,2.0,1.0
030_C208,30,C,6,8,OPTIMAL,1524.9463,6,5,5,0,1,0.8333,1499.857,0.0,25.0894,60,5.0,2.0,1.0
030_C208,30,C,6,9,OPTIMAL,1867.0741,6,6,6,0,0,1.0,1867.0741,0.0,0.0,60,5.0,2.0,1.0
030_R101,30,R,2,0,OPTIMAL,427.4018,2,1,1,0,1,0.5,409.2575,6.7599,11.3843,60,5.0,2.0,1.0
030_R101,30,R,2,1,OPTIMAL,0.3144,2,0,0,0,2,0.0,0.0,0.0,0.3144,60,5.0,2.0,1.0
030_R101,30,R,2,2,OPTIMAL,600.3688,2,2,2,0,0,1.0,600.3688,0.0,0.0,60,5.0,2.0,1.0
030_R101,30,R,2,3,OPTIMAL,619.9443,2,2,2,0,0,1.0,619.9443,0.0,0.0,60,5.0,2.0,1.0
030_R101,30,R,2,4,OPTIMAL,652.3657,2,2,2,0,0,1.0,652.3657,0.0,0.0,60,5.0,2.0,1.0
030_R101,30,R,2,5,OPTIMAL,805.6156,2,2,2,0,0,1.0,805.6156,0.0,0.0,60,5.0,2.0,1.0
030_R101,30,R,2,6,OPTIMAL,483.4943,2,2,2,0,0,1.0,483.4943,0.0,0.0,60,5.0,2.0,1.0
030_R101,30,R,2,7,OPTIMAL,491.6857,2,1,1,0,1,0.5,428.1078,26.7822,36.7956,60,5.0,2.0,1.0
030_R101,30,R,2,8,OPTIMAL,269.2483,2,1,1,0,1,0.5,255.2576,5.0985,8.8922,60,5.0,2.0,1.0
030_R101,30,R,2,9,OPTIMAL,719.405,2,2,2,0,0,1.0,719.405,0.0,0.0,60,5.0,2.0,1.0
030_R101,30,R,4,0,OPTIMAL,1297.5169,4,4,4,0,0,1.0,1297.5169,0.0,0.0,60,5.0,2.0,1.0
030_R101,30,R,4,1,OPTIMAL,1090.3964,4,3,3,0,1,0.75,1090.1243,0.0,0.272,60,5.0,2.0,1.0
030_R101,30,R,4,2,OPTIMAL,1031.1031,4,3,3,0,1,0.75,1006.242,6.9691,17.892,60,5.0,2.0,1.0
030_R101,30,R,4,3,OPTIMAL,933.8312,4,3,3,0,1,0.75,920.8146,2.2313,10.7854,60,5.0,2.0,1.0
030_R101,30,R,4,4,OPTIMAL,1337.0184,4,4,4,0,0,1.0,1337.0184,0.0,0.0,60,5.0,2.0,1.0
030_R101,30,R,4,5,OPTIMAL,1227.3581,4,4,4,0,0,1.0,1227.3581,0.0,0.0,60,5.0,2.0,1.0
030_R101,30,R,4,6,OPTIMAL,1463.7183,4,4,4,0,0,1.0,1463.7183,0.0,0.0,60,5.0,2.0,1.0
030_R101,30,R,4,7,OPTIMAL,1202.2403,4,4,4,0,0,1.0,1202.2403,0.0,0.0,60,5.0,2.0,1.0
030_R101,30,R,4,8,OPTIMAL,1124.0026,4,4,4,0,0,1.0,1124.0026,0.0,0.0,60,5.0,2.0,1.0
030_R101,30,R,4,9,OPTIMAL,966.0775,4,3,3,0,1,0.75,952.2054,5.0511,8.821,60,5.0,2.0,1.0
030_R101,30,R,6,0,OPTIMAL,1785.1826,6,6,6,0,0,1.0,1785.1826,0.0,0.0,60,5.0,2.0,1.0
030_R101,30,R,6,1,OPTIMAL,1513.0544,6,6,6,0,0,1.0,1513.0544,0.0,0.0,60,5.0,2.0,1.0
030_R101,30,R,6,2,OPTIMAL,1414.748,6,5,5,0,1,0.8333,1392.1278,8.5503,14.0699,60,5.0,2.0,1.0
030_R101,30,R,6,3,OPTIMAL,2357.0312,6,6,6,0,0,1.0,2357.0312,0.0,0.0,60,5.0,2.0,1.0
030_R101,30,R,6,4,OPTIMAL,1257.0015,6,5,5,0,1,0.8333,1240.2936,3.7078,13.0002,60,5.0,2.0,1.0
030_R101,30,R,6,5,OPTIMAL,1805.5616,6,6,6,0,0,1.0,1805.5616,0.0,0.0,60,5.0,2.0,1.0
030_R101,30,R,6,6,OPTIMAL,2025.1631,6,6,6,0,0,1.0,2025.1631,0.0,0.0,60,5.0,2.0,1.0
030_R101,30,R,6,7,OPTIMAL,1757.4195,6,6,6,0,0,1.0,1757.4195,0.0,0.0,60,5.0,2.0,1.0
030_R101,30,R,6,8,OPTIMAL,1755.9853,6,6,6,0,0,1.0,1755.9853,0.0,0.0,60,5.0,2.0,1.0
030_R101,30,R,6,9,OPTIMAL,1858.2175,6,5,5,0,1,0.8333,1857.4398,0.0,0.7777,60,5.0,2.0,1.0
030_R102,30,R,2,0,OPTIMAL,409.3708,2,1,1,0,1,0.5,409.2575,0.0,0.1133,60,5.0,2.0,1.0
030_R102,30,R,2,1,OPTIMAL,0.2519,2,0,0,0,2,0.0,0.0,0.0,0.2519,60,5.0,2.0,1.0
030_R102,30,R,2,2,OPTIMAL,600.3688,2,2,2,0,0,1.0,600.3688,0.0,0.0,60,5.0,2.0,1.0
030_R102,30,R,2,3,OPTIMAL,458.8734,2,1,1,0,1,0.5,458.8276,0.0,0.0458,60,5.0,2.0,1.0
030_R102,30,R,2,4,OPTIMAL,652.3657,2,2,2,0,0,1.0,652.3657,0.0,0.0,60,5.0,2.0,1.0
030_R102,30,R,2,5,OPTIMAL,805.6156,2,2,2,0,0,1.0,805.6156,0.0,0.0,60,5.0,2.0,1.0
030_R102,30,R,2,6,OPTIMAL,302.4299,2,1,1,0,1,0.5,300.937,0.0,1.493,60,5.0,2.0,1.0
030_R102,30,R,2,7,OPTIMAL,429.4184,2,1,1,0,1,0.5,428.1078,0.0,1.3106,60,5.0,2.0,1.0
030_R102,30,R,2,8,OPTIMAL,255.9323,2,1,1,0,1,0.5,255.2576,0.0,0.6746,60,5.0,2.0,1.0
030_R102,30,R,2,9,OPTIMAL,719.405,2,2,2,0,0,1.0,719.405,0.0,0.0,60,5.0,2.0,1.0
030_R102,30,R,4,0,OPTIMAL,1088.6683,4,3,3,0,1,0.75,1029.8715,18.8436,39.9532,60,5.0,2.0,1.0
030_R102,30,R,4,1,OPTIMAL,926.4746,4,2,2,0,2,0.5,826.5693,39.1947,60.7106,60,5.0,2.0,1.0
030_R102,30,R,4,2,OPTIMAL,772.8502,4,2,2,0,2,0.5,712.7463,16.279,43.825,60,5.0,2.0,1.0
030_R102,30,R,4,3,OPTIMAL,739.1904,4,2,2,0,2,0.5,737.4891,0.0,1.7013,60,5.0,2.0,1.0
030_R102,30,R,4,4,OPTIMAL,1162.4748,4,3,3,0,1,0.75,1097.8804,19.1725,45.4219,60,5.0,2.0,1.0
030_R102,30,R,4,5,OPTIMAL,1153.126,4,3,3,0,1,0.75,954.1013,97.2469,101.7778,60,5.0,2.0,1.0
030_R102,30,R,4,6,OPTIMAL,1463.7183,4,4,4,0,0,1.0,1463.7183,0.0,0.0,60,5.0,2.0,1.0
030_R102,30,R,4,7,OPTIMAL,984.6889,4,3,3,0,1,0.75,984.4194,0.0,0.2695,60,5.0,2.0,1.0
030_R102,30,R,4,8,OPTIMAL,763.8393,4,2,2,0,2,0.5,763.1879,0.0,0.6514,60,5.0,2.0,1.0
030_R102,30,R,4,9,OPTIMAL,959.0352,4,3,3,0,1,0.75,952.2054,0.0,6.8298,60,5.0,2.0,1.0
030_R102,30,R,6,0,OPTIMAL,1252.5359,6,3,3,0,3,0.5,1120.5522,46.2201,85.7636,60,5.0,2.0,1.0
030_R102,30,R,6,1,OPTIMAL,1048.9772,6,3,3,0,3,0.5,1041.0909,0.0,7.8864,60,5.0,2.0,1.0
030_R102,30,R,6,2,OPTIMAL,769.2132,6,2,2,0,4,0.3333,656.4742,34.8162,77.9228,60,5.0,2.0,1.0
030_R102,30,R,6,3,OPTIMAL,2357.0312,6,6,6,0,0,1.0,2357.0312,0.0,0.0,60,5.0,2.0,1.0
030_R102,30,R,6,4,OPTIMAL,958.6484,6,3,3,0,3,0.5,955.3029,0.0,3.3456,60,5.0,2.0,1.0
030_R102,30,R,6,5,OPTIMAL,1255.0904,6,3,3,0,3,0.5,1182.7491,25.4967,46.8445,60,5.0,2.0,1.0
030_R102,30,R,6,6,OPTIMAL,1805.0621,6,5,5,0,1,0.8333,1802.3495,0.0,2.7126,60,5.0,2.0,1.0
030_R102,30,R,6,7,OPTIMAL,1184.1497,6,3,3,0,3,0.5,1049.4194,44.4269,90.3034,60,5.0,2.0,1.0
030_R102,30,R,6,8,OPTIMAL,1094.1319,6,3,3,0,3,0.5,1091.3035,0.0,2.8283,60,5.0,2.0,1.0
030_R102,30,R,6,9,OPTIMAL,1857.9739,6,5,5,0,1,0.8333,1857.4398,0.0,0.5341,60,5.0,2.0,1.0
030_R103,30,R,2,0,OPTIMAL,412.0997,2,1,1,0,1,0.5,409.2575,0.0,2.8422,60,5.0,2.0,1.0
030_R103,30,R,2,1,OPTIMAL,142.9364,2,0,0,0,2,0.0,0.0,64.0879,78.8485,60,5.0,2.0,1.0
030_R103,30,R,2,2,OPTIMAL,600.3688,2,2,2,0,0,1.0,600.3688,0.0,0.0,60,5.0,2.0,1.0
030_R103,30,R,2,3,OPTIMAL,458.8734,2,1,1,0,1,0.5,458.8276,0.0,0.0458,60,5.0,2.0,1.0
030_R103,30,R,2,4,OPTIMAL,652.3657,2,2,2,0,0,1.0,652.3657,0.0,0.0,60,5.0,2.0,1.0
030_R103,30,R,2,5,OPTIMAL,805.6156,2,2,2,0,0,1.0,805.6156,0.0,0.0,60,5.0,2.0,1.0
030_R103,30,R,2,6,OPTIMAL,303.2587,2,1,1,0,1,0.5,300.937,0.0,2.3217,60,5.0,2.0,1.0
030_R103,30,R,2,7,OPTIMAL,429.3179,2,1,1,0,1,0.5,428.1078,0.0,1.2101,60,5.0,2.0,1.0
030_R103,30,R,2,8,OPTIMAL,156.5986,2,0,0,0,2,0.0,0.0,68.2529,88.3456,60,5.0,2.0,1.0
030_R103,30,R,2,9,OPTIMAL,595.1814,2,1,1,0,1,0.5,424.0113,78.2048,92.9654,60,5.0,2.0,1.0
030_R103,30,R,4,0,OPTIMAL,1081.2014,4,3,3,0,1,0.75,1029.8715,11.9156,39.4144,60,5.0,2.0,1.0
030_R103,30,R,4,1,OPTIMAL,1033.0171,4,2,2,0,2,0.5,826.5693,84.7531,121.6948,60,5.0,2.0,1.0
030_R103,30,R,4,2,OPTIMAL,1010.7942,4,3,3,0,1,0.75,1006.242,0.0,4.5522,60,5.0,2.0,1.0
030_R103,30,R,4,3,OPTIMAL,740.2883,4,2,2,0,2,0.5,737.4891,0.0,2.7992,60,5.0,2.0,1.0
030_R103,30,R,4,4,OPTIMAL,1141.7253,4,3,3,0,1,0.75,1097.8804,10.832,33.013,60,5.0,2.0,1.0
030_R103,30,R,4,5,OPTIMAL,1045.0872,4,3,3,0,1,0.75,954.1013,35.0039,55.982,60,5.0,2.0,1.0
030_R103,30,R,4,6,OPTIMAL,1463.7183,4,4,4,0,0,1.0,1463.7183,0.0,0.0,60,5.0,2.0,1.0
030_R103,30,R,4,7,OPTIMAL,862.9688,4,2,2,0,2,0.5,688.0424,78.7105,96.2159,60,5.0,2.0,1.0
030_R103,30,R,4,8,OPTIMAL,763.6679,4,2,2,0,2,0.5,763.1879,0.0,0.4799,60,5.0,2.0,1.0
030_R103,30,R,4,9,OPTIMAL,1060.5288,4,3,2,1,1,0.75,915.9195,64.9244,79.685,60,5.0,2.0,1.0
030_R103,30,R,6,0,OPTIMAL,1234.6025,6,3,3,0,3,0.5,1120.5522,28.7508,85.2995,60,5.0,2.0,1.0
030_R103,30,R,6,1,OPTIMAL,1047.8262,6,3,3,0,3,0.5,1041.0909,0.0,6.7353,60,5.0,2.0,1.0
030_R103,30,R,6,2,OPTIMAL,1063.6224,6,3,3,0,3,0.5,954.6211,28.4751,80.5262,60,5.0,2.0,1.0
030_R103,30,R,6,3,OPTIMAL,2357.0312,6,6,6,0,0,1.0,2357.0312,0.0,0.0,60,5.0,2.0,1.0
030_R103,30,R,6,4,OPTIMAL,957.6522,6,3,3,0,3,0.5,955.3029,0.0,2.3494,60,5.0,2.0,1.0
030_R103,30,R,6,5,OPTIMAL,1319.3484,6,3,3,0,3,0.5,1182.7491,41.5473,95.0519,60,5.0,2.0,1.0
030_R103,30,R,6,6,OPTIMAL,1813.9186,6,5,5,0,1,0.8333,1802.3495,0.0,11.5691,60,5.0,2.0,1.0
030_R103,30,R,6,7,OPTIMAL,1030.3493,6,2,2,0,4,0.3333,768.9931,98.3377,163.0185,60,5.0,2.0,1.0
030_R103,30,R,6,8,OPTIMAL,1022.3394,6,2,2,0,4,0.3333,799.9119,84.5301,137.8974,60,5.0,2.0,1.0
030_R103,30,R,6,9,OPTIMAL,1857.9582,6,5,5,0,1,0.8333,1857.4398,0.0,0.5184,60,5.0,2.0,1.0
030_R105,30,R,2,0,OPTIMAL,409.484,2,1,1,0,1,0.5,409.2575,0.0,0.2265,60,5.0,2.0,1.0
030_R105,30,R,2,1,OPTIMAL,0.1259,2,0,0,0,2,0.0,0.0,0.0,0.1259,60,5.0,2.0,1.0
030_R105,30,R,2,2,OPTIMAL,600.3688,2,2,2,0,0,1.0,600.3688,0.0,0.0,60,5.0,2.0,1.0
030_R105,30,R,2,3,OPTIMAL,458.9193,2,1,1,0,1,0.5,458.8276,0.0,0.0917,60,5.0,2.0,1.0
030_R105,30,R,2,4,OPTIMAL,652.3657,2,2,2,0,0,1.0,652.3657,0.0,0.0,60,5.0,2.0,1.0
030_R105,30,R,2,5,OPTIMAL,805.6156,2,2,2,0,0,1.0,805.6156,0.0,0.0,60,5.0,2.0,1.0
030_R105,30,R,2,6,OPTIMAL,312.2107,2,1,1,0,1,0.5,300.937,0.0,11.2737,60,5.0,2.0,1.0
030_R105,30,R,2,7,OPTIMAL,430.528,2,1,1,0,1,0.5,428.1078,0.0,2.4202,60,5.0,2.0,1.0
030_R105,30,R,2,8,OPTIMAL,256.6069,2,1,1,0,1,0.5,255.2576,0.0,1.3493,60,5.0,2.0,1.0
030_R105,30,R,2,9,OPTIMAL,719.405,2,2,2,0,0,1.0,719.405,0.0,0.0,60,5.0,2.0,1.0
030_R105,30,R,4,0,OPTIMAL,1297.5169,4,4,4,0,0,1.0,1297.5169,0.0,0.0,60,5.0,2.0,1.0
030_R105,30,R,4,1,OPTIMAL,1090.2604,4,3,3,0,1,0.75,1090.1243,0.0,0.136,60,5.0,2.0,1.0
030_R105,30,R,4,2,OPTIMAL,1022.4444,4,3,3,0,1,0.75,1006.242,0.0,16.2024,60,5.0,2.0,1.0
030_R105,30,R,4,3,OPTIMAL,757.7097,4,2,2,0,2,0.5,737.4891,0.0,20.2206,60,5.0,2.0,1.0
030_R105,30,R,4,4,OPTIMAL,1337.0184,4,4,4,0,0,1.0,1337.0184,0.0,0.0,60,5.0,2.0,1.0
030_R105,30,R,4,5,OPTIMAL,1227.3581,4,4,4,0,0,1.0,1227.3581,0.0,0.0,60,5.0,2.0,1.0
030_R105,30,R,4,6,OPTIMAL,1463.7183,4,4,4,0,0,1.0,1463.7183,0.0,0.0,60,5.0,2.0,1.0
030_R105,30,R,4,7,OPTIMAL,1202.2403,4,4,4,0,0,1.0,1202.2403,0.0,0.0,60,5.0,2.0,1.0
030_R105,30,R,4,8,OPTIMAL,958.492,4,3,3,0,1,0.75,958.2589,0.0,0.2331,60,5.0,2.0,1.0
030_R105,30,R,4,9,OPTIMAL,953.6762,4,3,3,0,1,0.75,952.2054,0.0,1.4708,60,5.0,2.0,1.0
030_R105,30,R,6,0,OPTIMAL,1785.1826,6,6,6,0,0,1.0,1785.1826,0.0,0.0,60,5.0,2.0,1.0
030_R105,30,R,6,1,OPTIMAL,1110.1798,6,3,3,0,3,0.5,1041.0909,0.0,69.0889,60,5.0,2.0,1.0
030_R105,30,R,6,2,OPTIMAL,1295.3252,6,4,4,0,2,0.6667,1242.4905,0.0,52.8346,60,5.0,2.0,1.0
030_R105,30,R,6,3,OPTIMAL,2357.0312,6,6,6,0,0,1.0,2357.0312,0.0,0.0,60,5.0,2.0,1.0
030_R105,30,R,6,4,OPTIMAL,681.4595,6,2,2,0,4,0.3333,666.247,0.0,15.2125,60,5.0,2.0,1.0
030_R105,30,R,6,5,OPTIMAL,1682.1775,6,5,5,0,1,0.8333,1681.7864,0.0,0.3911,60,5.0,2.0,1.0
030_R105,30,R,6,6,OPTIMAL,2025.1631,6,6,6,0,0,1.0,2025.1631,0.0,0.0,60,5.0,2.0,1.0
030_R105,30,R,6,7,OPTIMAL,1581.9979,6,5,5,0,1,0.8333,1581.9584,0.0,0.0395,60,5.0,2.0,1.0
030_R105,30,R,6,8,OPTIMAL,1581.5163,6,5,5,0,1,0.8333,1580.9141,0.0,0.6022,60,5.0,2.0,1.0
030_R105,30,R,6,9,OPTIMAL,1857.7779,6,5,5,0,1,0.8333,1857.4398,0.0,0.3381,60,5.0,2.0,1.0
030_R106,30,R,2,0,OPTIMAL,409.3708,2,1,1,0,1,0.5,409.2575,0.0,0.1133,60,5.0,2.0,1.0
030_R106,30,R,2,1,OPTIMAL,0.2511,2,0,0,0,2,0.0,0.0,0.0,0.2511,60,5.0,2.0,1.0
030_R106,30,R,2,2,OPTIMAL,600.3688,2,2,2,0,0,1.0,600.3688,0.0,0.0,60,5.0,2.0,1.0
030_R106,30,R,2,3,OPTIMAL,458.9193,2,1,1,0,1,0.5,458.8276,0.0,0.0917,60,5.0,2.0,1.0
030_R106,30,R,2,4,OPTIMAL,652.3657,2,2,2,0,0,1.0,652.3657,0.0,0.0,60,5.0,2.0,1.0
030_R106,30,R,2,5,OPTIMAL,805.6156,2,2,2,0,0,1.0,805.6156,0.0,0.0,60,5.0,2.0,1.0
030_R106,30,R,2,6,OPTIMAL,303.9229,2,1,1,0,1,0.5,300.937,0.0,2.9859,60,5.0,2.0,1.0
030_R106,30,R,2,7,OPTIMAL,430.528,2,1,1,0,1,0.5,428.1078,0.0,2.4202,60,5.0,2.0,1.0
030_R106,30,R,2,8,OPTIMAL,255.9323,2,1,1,0,1,0.5,255.2576,0.0,0.6746,60,5.0,2.0,1.0
030_R106,30,R,2,9,OPTIMAL,719.405,2,2,2,0,0,1.0,719.405,0.0,0.0,60,5.0,2.0,1.0
030_R106,30,R,4,0,OPTIMAL,1034.5133,4,3,3,0,1,0.75,1029.8715,0.0,4.6418,60,5.0,2.0,1.0
030_R106,30,R,4,1,OPTIMAL,876.4747,4,2,2,0,2,0.5,826.5693,0.0,49.9054,60,5.0,2.0,1.0
030_R106,30,R,4,2,OPTIMAL,734.6467,4,2,2,0,2,0.5,712.7463,0.0,21.9004,60,5.0,2.0,1.0
030_R106,30,R,4,3,OPTIMAL,740.8031,4,2,2,0,2,0.5,737.4891,0.0,3.314,60,5.0,2.0,1.0
030_R106,30,R,4,4,OPTIMAL,1133.0744,4,3,3,0,1,0.75,1097.8804,0.0,35.1941,60,5.0,2.0,1.0
030_R106,30,R,4,5,OPTIMAL,1034.1909,4,3,3,0,1,0.75,954.1013,5.4344,74.6552,60,5.0,2.0,1.0
030_R106,30,R,4,6,OPTIMAL,1463.7183,4,4,4,0,0,1.0,1463.7183,0.0,0.0,60,5.0,2.0,1.0
030_R106,30,R,4,7,OPTIMAL,984.9584,4,3,3,0,1,0.75,984.4194,0.0,0.539,60,5.0,2.0,1.0
030_R106,30,R,4,8,OPTIMAL,764.0245,4,2,2,0,2,0.5,763.1879,0.0,0.8366,60,5.0,2.0,1.0
030_R106,30,R,4,9,OPTIMAL,953.6762,4,3,3,0,1,0.75,952.2054,0.0,1.4708,60,5.0,2.0,1.0
030_R106,30,R,6,0,OPTIMAL,1226.3633,6,3,3,0,3,0.5,1120.5522,0.0,105.8111,60,5.0,2.0,1.0
030_R106,30,R,6,1,OPTIMAL,1047.5646,6,3,3,0,3,0.5,1041.0909,0.0,6.4738,60,5.0,2.0,1.0
030_R106,30,R,6,2,OPTIMAL,1017.5581,6,3,3,0,3,0.5,954.6211,0.0,62.937,60,5.0,2.0,1.0
030_R106,30,R,6,3,OPTIMAL,2357.0312,6,6,6,0,0,1.0,2357.0312,0.0,0.0,60,5.0,2.0,1.0
030_R106,30,R,6,4,OPTIMAL,670.2925,6,2,2,0,4,0.3333,666.247,0.0,4.0455,60,5.0,2.0,1.0
030_R106,30,R,6,5,OPTIMAL,1249.6306,6,3,3,0,3,0.5,1182.7491,0.0,66.8814,60,5.0,2.0,1.0
030_R106,30,R,6,6,OPTIMAL,1807.7746,6,5,5,0,1,0.8333,1802.3495,0.0,5.4251,60,5.0,2.0,1.0
030_R106,30,R,6,7,OPTIMAL,1145.9616,6,3,3,0,3,0.5,1049.4194,0.0,96.5422,60,5.0,2.0,1.0
030_R106,30,R,6,8,OPTIMAL,1095.2884,6,3,3,0,3,0.5,1091.3035,0.0,3.9848,60,5.0,2.0,1.0
030_R106,30,R,6,9,OPTIMAL,1858.2175,6,5,5,0,1,0.8333,1857.4398,0.0,0.7777,60,5.0,2.0,1.0
030_R107,30,R,2,0,OPTIMAL,414.9419,2,1,1,0,1,0.5,409.2575,0.0,5.6844,60,5.0,2.0,1.0
030_R107,30,R,2,1,OPTIMAL,0.3144,2,0,0,0,2,0.0,0.0,0.0,0.3144,60,5.0,2.0,1.0
030_R107,30,R,2,2,OPTIMAL,600.3688,2,2,2,0,0,1.0,600.3688,0.0,0.0,60,5.0,2.0,1.0
030_R107,30,R,2,3,OPTIMAL,458.9193,2,1,1,0,1,0.5,458.8276,0.0,0.0917,60,5.0,2.0,1.0
030_R107,30,R,2,4,OPTIMAL,652.3657,2,2,2,0,0,1.0,652.3657,0.0,0.0,60,5.0,2.0,1.0
030_R107,30,R,2,5,OPTIMAL,805.6156,2,2,2,0,0,1.0,805.6156,0.0,0.0,60,5.0,2.0,1.0
030_R107,30,R,2,6,OPTIMAL,303.9229,2,1,1,0,1,0.5,300.937,0.0,2.9859,60,5.0,2.0,1.0
030_R107,30,R,2,7,OPTIMAL,430.528,2,1,1,0,1,0.5,428.1078,0.0,2.4202,60,5.0,2.0,1.0
030_R107,30,R,2,8,OPTIMAL,224.2264,2,0,0,0,2,0.0,0.0,71.2665,152.9599,60,5.0,2.0,1.0
030_R107,30,R,2,9,OPTIMAL,681.1677,2,1,1,0,1,0.5,424.0113,91.1702,165.9863,60,5.0,2.0,1.0
030_R107,30,R,4,0,OPTIMAL,1070.9342,4,3,3,0,1,0.75,1029.8715,0.0,41.0627,60,5.0,2.0,1.0
030_R107,30,R,4,1,OPTIMAL,872.0465,4,2,2,0,2,0.5,826.5693,0.0,45.4772,60,5.0,2.0,1.0
030_R107,30,R,4,2,OPTIMAL,1010.7942,4,3,3,0,1,0.75,1006.242,0.0,4.5522,60,5.0,2.0,1.0
030_R107,30,R,4,3,OPTIMAL,740.7736,4,2,2,0,2,0.5,737.4891,0.0,3.2845,60,5.0,2.0,1.0
030_R107,30,R,4,4,OPTIMAL,1133.0744,4,3,3,0,1,0.75,1097.8804,0.0,35.1941,60,5.0,2.0,1.0
030_R107,30,R,4,5,OPTIMAL,1010.5541,4,3,3,0,1,0.75,954.1013,4.6738,51.779,60,5.0,2.0,1.0
030_R107,30,R,4,6,OPTIMAL,1463.7183,4,4,4,0,0,1.0,1463.7183,0.0,0.0,60,5.0,2.0,1.0
030_R107,30,R,4,7,OPTIMAL,947.7608,4,2,2,0,2,0.5,688.0424,92.1816,167.5367,60,5.0,2.0,1.0
030_R107,30,R,4,8,OPTIMAL,764.0245,4,2,2,0,2,0.5,763.1879,0.0,0.8366,60,5.0,2.0,1.0
030_R107,30,R,4,9,OPTIMAL,911.6968,4,2,2,0,2,0.5,705.4443,64.6094,141.6431,60,5.0,2.0,1.0
030_R107,30,R,6,0,OPTIMAL,1203.3046,6,3,3,0,3,0.5,1120.5522,0.0,82.7525,60,5.0,2.0,1.0
030_R107,30,R,6,1,OPTIMAL,1052.5606,6,3,3,0,3,0.5,1041.0909,0.0,11.4697,60,5.0,2.0,1.0
030_R107,30,R,6,2,OPTIMAL,1010.4724,6,3,3,0,3,0.5,954.6211,0.0,55.8513,60,5.0,2.0,1.0
030_R107,30,R,6,3,OPTIMAL,2357.0312,6,6,6,0,0,1.0,2357.0312,0.0,0.0,60,5.0,2.0,1.0
030_R107,30,R,6,4,OPTIMAL,959.1409,6,3,3,0,3,0.5,955.3029,0.0,3.838,60,5.0,2.0,1.0
030_R107,30,R,6,5,OPTIMAL,1251.838,6,3,3,0,3,0.5,1182.7491,0.0,69.0889,60,5.0,2.0,1.0
030_R107,30,R,6,6,OPTIMAL,1808.6451,6,5,5,0,1,0.8333,1802.3495,0.0,6.2956,60,5.0,2.0,1.0
030_R107,30,R,6,7,OPTIMAL,1081.6109,6,2,2,0,4,0.3333,768.9931,79.0496,233.5683,60,5.0,2.0,1.0
030_R107,30,R,6,8,OPTIMAL,1054.227,6,2,2,0,4,0.3333,799.9119,87.7571,166.558,60,5.0,2.0,1.0
030_R107,30,R,6,9,OPTIMAL,1858.1523,6,5,5,0,1,0.8333,1857.4398,0.0,0.7125,60,5.0,2.0,1.0
030_R109,30,R,2,0,OPTIMAL,409.3708,2,1,1,0,1,0.5,409.2575,0.0,0.1133,60,5.0,2.0,1.0
030_R109,30,R,2,1,OPTIMAL,0.1259,2,0,0,0,2,0.0,0.0,0.0,0.1259,60,5.0,2.0,1.0
030_R109,30,R,2,2,OPTIMAL,600.3688,2,2,2,0,0,1.0,600.3688,0.0,0.0,60,5.0,2.0,1.0
030_R109,30,R,2,3,OPTIMAL,458.8734,2,1,1,0,1,0.5,458.8276,0.0,0.0458,60,5.0,2.0,1.0
030_R109,30,R,2,4,OPTIMAL,652.3657,2,2,2,0,0,1.0,652.3657,0.0,0.0,60,5.0,2.0,1.0
030_R109,30,R,2,5,OPTIMAL,805.6156,2,2,2,0,0,1.0,805.6156,0.0,0.0,60,5.0,2.0,1.0
030_R109,30,R,2,6,OPTIMAL,326.9354,2,1,1,0,1,0.5,300.937,0.0,25.9984,60,5.0,2.0,1.0
030_R109,30,R,2,7,OPTIMAL,429.3179,2,1,1,0,1,0.5,428.1078,0.0,1.2101,60,5.0,2.0,1.0
030_R109,30,R,2,8,OPTIMAL,112.366,2,0,0,0,2,0.0,0.0,0.0,112.366,60,5.0,2.0,1.0
030_R109,30,R,2,9,OPTIMAL,719.405,2,2,2,0,0,1.0,719.405,0.0,0.0,60,5.0,2.0,1.0
030_R109,30,R,4,0,OPTIMAL,1035.3929,4,3,3,0,1,0.75,1029.8715,0.0,5.5214,60,5.0,2.0,1.0
030_R109,30,R,4,1,OPTIMAL,1090.2604,4,3,3,0,1,0.75,1090.1243,0.0,0.136,60,5.0,2.0,1.0
030_R109,30,R,4,2,OPTIMAL,767.342,4,2,2,0,2,0.5,712.7463,0.0,54.5957,60,5.0,2.0,1.0
030_R109,30,R,4,3,OPTIMAL,767.5987,4,2,2,0,2,0.5,737.4891,0.0,30.1096,60,5.0,2.0,1.0
030_R109,30,R,4,4,OPTIMAL,1125.4705,4,3,3,0,1,0.75,1097.8804,0.0,27.5901,60,5.0,2.0,1.0
030_R109,30,R,4,5,OPTIMAL,1067.3173,4,3,3,0,1,0.75,954.1013,0.0,113.216,60,5.0,2.0,1.0
030_R109,30,R,4,6,OPTIMAL,1463.7183,4,4,4,0,0,1.0,1463.7183,0.0,0.0,60,5.0,2.0,1.0
030_R109,30,R,4,7,OPTIMAL,1010.3423,4,3,3,0,1,0.75,984.4194,0.0,25.923,60,5.0,2.0,1.0
030_R109,30,R,4,8,OPTIMAL,782.5449,4,2,2,0,2,0.5,763.1879,0.0,19.357,60,5.0,2.0,1.0
030_R109,30,R,4,9,OPTIMAL,813.6136,4,2,2,0,2,0.5,705.4443,0.0,108.1693,60,5.0,2.0,1.0
030_R109,30,R,6,0,OPTIMAL,1423.9837,6,4,4,0,2,0.6667,1395.5008,0.0,28.4829,60,5.0,2.0,1.0
030_R109,30,R,6,1,OPTIMAL,1096.9847,6,3,3,0,3,0.5,1041.0909,0.0,55.8938,60,5.0,2.0,1.0
030_R109,30,R,6,2,OPTIMAL,1263.0968,6,4,4,0,2,0.6667,1242.4905,0.0,20.6062,60,5.0,2.0,1.0
030_R109,30,R,6,3,OPTIMAL,2357.0312,6,6,6,0,0,1.0,2357.0312,0.0,0.0,60,5.0,2.0,1.0
030_R109,30,R,6,4,OPTIMAL,673.0561,6,2,2,0,4,0.3333,666.247,0.0,6.8091,60,5.0,2.0,1.0
030_R109,30,R,6,5,OPTIMAL,1500.8414,6,4,4,0,2,0.6667,1477.5452,0.0,23.2962,60,5.0,2.0,1.0
030_R109,30,R,6,6,OPTIMAL,1823.9693,6,5,5,0,1,0.8333,1802.3495,0.0,21.6198,60,5.0,2.0,1.0
030_R109,30,R,6,7,OPTIMAL,1581.9782,6,5,5,0,1,0.8333,1581.9584,0.0,0.0197,60,5.0,2.0,1.0
030_R109,30,R,6,8,OPTIMAL,1397.6234,6,4,4,0,2,0.6667,1375.367,0.0,22.2564,60,5.0,2.0,1.0
030_R109,30,R,6,9,OPTIMAL,1857.699,6,5,5,0,1,0.8333,1857.4398,0.0,0.2592,60,5.0,2.0,1.0
030_R110,30,R,2,0,OPTIMAL,409.484,2,1,1,0,1,0.5,409.2575,0.0,0.2265,60,5.0,2.0,1.0
030_R110,30,R,2,1,OPTIMAL,0.2691,2,0,0,0,2,0.0,0.0,0.0,0.2691,60,5.0,2.0,1.0
030_R110,30,R,2,2,OPTIMAL,600.3688,2,2,2,0,0,1.0,600.3688,0.0,0.0,60,5.0,2.0,1.0
030_R110,30,R,2,3,OPTIMAL,458.8734,2,1,1,0,1,0.5,458.8276,0.0,0.0458,60,5.0,2.0,1.0
030_R110,30,R,2,4,OPTIMAL,652.3657,2,2,2,0,0,1.0,652.3657,0.0,0.0,60,5.0,2.0,1.0
030_R110,30,R,2,5,OPTIMAL,805.6156,2,2,2,0,0,1.0,805.6156,0.0,0.0,60,5.0,2.0,1.0
030_R110,30,R,2,6,OPTIMAL,316.8945,2,1,1,0,1,0.5,300.937,0.0,15.9575,60,5.0,2.0,1.0
030_R110,30,R,2,7,OPTIMAL,429.3179,2,1,1,0,1,0.5,428.1078,0.0,1.2101,60,5.0,2.0,1.0
030_R110,30,R,2,8,OPTIMAL,256.6069,2,1,0,1,1,0.5,255.2576,0.0,1.3493,60,5.0,2.0,1.0
030_R110,30,R,2,9,OPTIMAL,719.405,2,2,2,0,0,1.0,719.405,0.0,0.0,60,5.0,2.0,1.0
030_R110,30,R,4,0,OPTIMAL,1037.5913,4,3,3,0,1,0.75,1029.8715,0.0,7.7198,60,5.0,2.0,1.0
030_R110,30,R,4,1,OPTIMAL,1090.2604,4,3,2,1,1,0.75,1090.1243,0.0,0.136,60,5.0,2.0,1.0
030_R110,30,R,4,2,OPTIMAL,766.7528,4,2,2,0,2,0.5,712.7463,0.0,54.0065,60,5.0,2.0,1.0
030_R110,30,R,4,3,OPTIMAL,759.1708,4,2,2,0,2,0.5,737.4891,0.0,21.6817,60,5.0,2.0,1.0
030_R110,30,R,4,4,OPTIMAL,1098.0844,4,3,3,0,1,0.75,1097.8804,0.0,0.2041,60,5.0,2.0,1.0
030_R110,30,R,4,5,OPTIMAL,1227.3581,4,4,3,1,0,1.0,1227.3581,0.0,0.0,60,5.0,2.0,1.0
030_R110,30,R,4,6,OPTIMAL,1463.7183,4,4,4,0,0,1.0,1463.7183,0.0,0.0,60,5.0,2.0,1.0
030_R110,30,R,4,7,OPTIMAL,1202.2403,4,4,3,1,0,1.0,1202.2403,0.0,0.0,60,5.0,2.0,1.0
030_R110,30,R,4,8,OPTIMAL,794.6413,4,2,2,0,2,0.5,763.1879,0.0,31.4534,60,5.0,2.0,1.0
030_R110,30,R,4,9,OPTIMAL,955.6203,4,3,2,1,1,0.75,952.2054,0.0,3.4149,60,5.0,2.0,1.0
030_R110,30,R,6,0,OPTIMAL,1601.1899,6,5,4,1,1,0.8333,1601.0965,0.0,0.0934,60,5.0,2.0,1.0
030_R110,30,R,6,1,OPTIMAL,1217.5841,6,4,3,1,2,0.6667,1211.3728,0.0,6.2113,60,5.0,2.0,1.0
030_R110,30,R,6,2,OPTIMAL,1392.1569,6,5,4,1,1,0.8333,1392.1278,0.0,0.0291,60,5.0,2.0,1.0
030_R110,30,R,6,3,OPTIMAL,2357.0312,6,6,6,0,0,1.0,2357.0312,0.0,0.0,60,5.0,2.0,1.0
030_R110,30,R,6,4,OPTIMAL,974.1796,6,3,3,0,3,0.5,955.3029,0.0,18.8768,60,5.0,2.0,1.0
030_R110,30,R,6,5,OPTIMAL,1509.82,6,4,4,0,2,0.6667,1477.5452,0.0,32.2748,60,5.0,2.0,1.0
030_R110,30,R,6,6,OPTIMAL,2025.1631,6,6,5,1,0,1.0,2025.1631,0.0,0.0,60,5.0,2.0,1.0
030_R110,30,R,6,7,OPTIMAL,1111.7931,6,3,2,1,3,0.5,1049.4194,0.0,62.3737,60,5.0,2.0,1.0
030_R110,30,R,6,8,OPTIMAL,1582.6947,6,5,3,2,1,0.8333,1580.9141,0.0,1.7806,60,5.0,2.0,1.0
030_R110,30,R,6,9,OPTIMAL,1858.4321,6,5,5,0,1,0.8333,1857.4398,0.0,0.9923,60,5.0,2.0,1.0
030_R111,30,R,2,0,OPTIMAL,409.484,2,1,1,0,1,0.5,409.2575,0.0,0.2265,60,5.0,2.0,1.0
030_R111,30,R,2,1,OPTIMAL,0.377,2,0,0,0,2,0.0,0.0,0.0,0.377,60,5.0,2.0,1.0
030_R111,30,R,2,2,OPTIMAL,600.3688,2,2,2,0,0,1.0,600.3688,0.0,0.0,60,5.0,2.0,1.0
030_R111,30,R,2,3,OPTIMAL,458.9193,2,1,1,0,1,0.5,458.8276,0.0,0.0917,60,5.0,2.0,1.0
030_R111,30,R,2,4,OPTIMAL,652.3657,2,2,2,0,0,1.0,652.3657,0.0,0.0,60,5.0,2.0,1.0
030_R111,30,R,2,5,OPTIMAL,805.6156,2,2,2,0,0,1.0,805.6156,0.0,0.0,60,5.0,2.0,1.0
030_R111,30,R,2,6,OPTIMAL,305.8756,2,1,1,0,1,0.5,300.937,0.0,4.9386,60,5.0,2.0,1.0
030_R111,30,R,2,7,OPTIMAL,430.528,2,1,1,0,1,0.5,428.1078,0.0,2.4202,60,5.0,2.0,1.0
030_R111,30,R,2,8,OPTIMAL,216.9936,2,0,0,0,2,0.0,0.0,26.7077,190.2859,60,5.0,2.0,1.0
030_R111,30,R,2,9,OPTIMAL,674.487,2,1,1,0,1,0.5,424.0113,36.6595,213.8162,60,5.0,2.0,1.0
030_R111,30,R,4,0,OPTIMAL,1037.5913,4,3,3,0,1,0.75,1029.8715,0.0,7.7198,60,5.0,2.0,1.0
030_R111,30,R,4,1,OPTIMAL,874.8895,4,2,2,0,2,0.5,826.5693,2.8431,45.4772,60,5.0,2.0,1.0
030_R111,30,R,4,2,OPTIMAL,770.484,4,2,2,0,2,0.5,712.7463,0.279,57.4587,60,5.0,2.0,1.0
030_R111,30,R,4,3,OPTIMAL,752.9965,4,2,2,0,2,0.5,737.4891,0.0,15.5074,60,5.0,2.0,1.0
030_R111,30,R,4,4,OPTIMAL,1133.0744,4,3,3,0,1,0.75,1097.8804,0.0,35.1941,60,5.0,2.0,1.0
030_R111,30,R,4,5,OPTIMAL,1173.3033,4,3,3,0,1,0.75,954.1013,27.7241,191.4779,60,5.0,2.0,1.0
030_R111,30,R,4,6,OPTIMAL,1463.7183,4,4,4,0,0,1.0,1463.7183,0.0,0.0,60,5.0,2.0,1.0
030_R111,30,R,4,7,OPTIMAL,942.1395,4,2,2,0,2,0.5,688.0424,37.1652,216.9319,60,5.0,2.0,1.0
030_R111,30,R,4,8,OPTIMAL,763.9532,4,2,2,0,2,0.5,763.1879,0.0,0.7653,60,5.0,2.0,1.0
030_R111,30,R,4,9,OPTIMAL,916.2685,4,2,2,0,2,0.5,705.4443,23.3791,187.4451,60,5.0,2.0,1.0
030_R111,30,R,6,0,OPTIMAL,1192.4619,6,3,3,0,3,0.5,1120.5522,6.3557,65.554,60,5.0,2.0,1.0
030_R111,30,R,6,1,OPTIMAL,1079.6711,6,3,3,0,3,0.5,1041.0909,0.0,38.5802,60,5.0,2.0,1.0
030_R111,30,R,6,2,OPTIMAL,759.4526,6,2,2,0,4,0.3333,656.4742,0.0,102.9785,60,5.0,2.0,1.0
030_R111,30,R,6,3,OPTIMAL,2357.0312,6,6,6,0,0,1.0,2357.0312,0.0,0.0,60,5.0,2.0,1.0
030_R111,30,R,6,4,OPTIMAL,973.3499,6,3,3,0,3,0.5,955.3029,0.0,18.0471,60,5.0,2.0,1.0
030_R111,30,R,6,5,OPTIMAL,1232.1793,6,3,3,0,3,0.5,1182.7491,0.0,49.4302,60,5.0,2.0,1.0
030_R111,30,R,6,6,OPTIMAL,1806.2059,6,5,5,0,1,0.8333,1802.3495,0.0,3.8564,60,5.0,2.0,1.0
030_R111,30,R,6,7,OPTIMAL,1077.9604,6,2,2,0,4,0.3333,768.9931,30.5992,278.3681,60,5.0,2.0,1.0
030_R111,30,R,6,8,OPTIMAL,1070.2446,6,2,2,0,4,0.3333,799.9119,34.953,235.3797,60,5.0,2.0,1.0
030_R111,30,R,6,9,OPTIMAL,1858.4767,6,5,5,0,1,0.8333,1857.4398,0.0,1.0369,60,5.0,2.0,1.0
030_R201,30,R,2,0,OPTIMAL,506.9731,2,2,2,0,0,1.0,506.9731,0.0,0.0,60,5.0,2.0,1.0
030_R201,30,R,2,1,OPTIMAL,199.76,2,1,1,0,1,0.5,196.8506,0.0,2.9094,60,5.0,2.0,1.0
030_R201,30,R,2,2,OPTIMAL,600.3688,2,2,2,0,0,1.0,600.3688,0.0,0.0,60,5.0,2.0,1.0
030_R201,30,R,2,3,OPTIMAL,619.9443,2,2,2,0,0,1.0,619.9443,0.0,0.0,60,5.0,2.0,1.0
030_R201,30,R,2,4,OPTIMAL,652.3657,2,2,2,0,0,1.0,652.3657,0.0,0.0,60,5.0,2.0,1.0
030_R201,30,R,2,5,OPTIMAL,805.6156,2,2,2,0,0,1.0,805.6156,0.0,0.0,60,5.0,2.0,1.0
030_R201,30,R,2,6,OPTIMAL,24.6964,2,0,0,0,2,0.0,0.0,0.0,24.6964,60,5.0,2.0,1.0
030_R201,30,R,2,7,OPTIMAL,436.3517,2,1,1,0,1,0.5,428.1078,0.0,8.2439,60,5.0,2.0,1.0
030_R201,30,R,2,8,OPTIMAL,265.5406,2,1,1,0,1,0.5,255.2576,0.0,10.283,60,5.0,2.0,1.0
030_R201,30,R,2,9,OPTIMAL,719.405,2,2,2,0,0,1.0,719.405,0.0,0.0,60,5.0,2.0,1.0
030_R201,30,R,4,0,OPTIMAL,950.3175,4,3,3,0,1,0.75,939.2773,0.0,11.0401,60,5.0,2.0,1.0
030_R201,30,R,4,1,OPTIMAL,1286.8318,4,4,4,0,0,1.0,1286.8318,0.0,0.0,60,5.0,2.0,1.0
030_R201,30,R,4,2,OPTIMAL,806.7211,4,3,3,0,1,0.75,805.707,0.0,1.014,60,5.0,2.0,1.0
030_R201,30,R,4,3,OPTIMAL,813.4565,4,3,2,1,1,0.75,809.0426,0.0,4.4139,60,5.0,2.0,1.0
030_R201,30,R,4,4,OPTIMAL,1337.0184,4,4,4,0,0,1.0,1337.0184,0.0,0.0,60,5.0,2.0,1.0
030_R201,30,R,4,5,OPTIMAL,1227.3581,4,4,4,0,0,1.0,1227.3581,0.0,0.0,60,5.0,2.0,1.0
030_R201,30,R,4,6,OPTIMAL,1463.7183,4,4,4,0,0,1.0,1463.7183,0.0,0.0,60,5.0,2.0,1.0
030_R201,30,R,4,7,OPTIMAL,1202.2403,4,4,4,0,0,1.0,1202.2403,0.0,0.0,60,5.0,2.0,1.0
030_R201,30,R,4,8,OPTIMAL,940.7044,4,3,3,0,1,0.75,928.9316,0.0,11.7728,60,5.0,2.0,1.0
030_R201,30,R,4,9,OPTIMAL,933.5624,4,3,3,0,1,0.75,915.9195,0.0,17.643,60,5.0,2.0,1.0
030_R201,30,R,6,0,OPTIMAL,1615.4344,6,5,4,1,1,0.8333,1601.0965,0.0,14.338,60,5.0,2.0,1.0
030_R201,30,R,6,1,OPTIMAL,1216.6987,6,4,4,0,2,0.6667,1208.351,0.0,8.3477,60,5.0,2.0,1.0
030_R201,30,R,6,2,OPTIMAL,1411.0178,6,5,5,0,1,0.8333,1392.1278,0.0,18.89,60,5.0,2.0,1.0
030_R201,30,R,6,3,OPTIMAL,2357.0312,6,6,6,0,0,1.0,2357.0312,0.0,0.0,60,5.0,2.0,1.0
030_R201,30,R,6,4,OPTIMAL,1087.5052,6,4,3,1,2,0.6667,1069.0797,0.0,18.4255,60,5.0,2.0,1.0
030_R201,30,R,6,5,OPTIMAL,1805.5616,6,6,6,0,0,1.0,1805.5616,0.0,0.0,60,5.0,2.0,1.0
030_R201,30,R,6,6,OPTIMAL,2025.1631,6,6,6,0,0,1.0,2025.1631,0.0,0.0,60,5.0,2.0,1.0
030_R201,30,R,6,7,OPTIMAL,1757.4195,6,6,6,0,0,1.0,1757.4195,0.0,0.0,60,5.0,2.0,1.0
030_R201,30,R,6,8,OPTIMAL,1119.8307,6,3,3,0,3,0.5,1091.3035,0.0,28.5272,60,5.0,2.0,1.0
030_R201,30,R,6,9,OPTIMAL,1908.4641,6,6,6,0,0,1.0,1908.4641,0.0,0.0,60,5.0,2.0,1.0
030_R205,30,R,2,0,OPTIMAL,506.9731,2,2,2,0,0,1.0,506.9731,0.0,0.0,60,5.0,2.0,1.0
030_R205,30,R,2,1,OPTIMAL,196.9132,2,1,1,0,1,0.5,196.8506,0.0,0.0626,60,5.0,2.0,1.0
030_R205,30,R,2,2,OPTIMAL,340.8207,2,1,1,0,1,0.5,303.1006,0.0,37.7201,60,5.0,2.0,1.0
030_R205,30,R,2,3,OPTIMAL,619.9443,2,2,2,0,0,1.0,619.9443,0.0,0.0,60,5.0,2.0,1.0
030_R205,30,R,2,4,OPTIMAL,652.3657,2,2,2,0,0,1.0,652.3657,0.0,0.0,60,5.0,2.0,1.0
030_R205,30,R,2,5,OPTIMAL,805.6156,2,2,2,0,0,1.0,805.6156,0.0,0.0,60,5.0,2.0,1.0
030_R205,30,R,2,6,OPTIMAL,235.9921,2,1,1,0,1,0.5,182.5574,0.0,53.4347,60,5.0,2.0,1.0
030_R205,30,R,2,7,OPTIMAL,443.8864,2,1,1,0,1,0.5,428.1078,0.0,15.7786,60,5.0,2.0,1.0
030_R205,30,R,2,8,OPTIMAL,185.6325,2,1,1,0,1,0.5,107.8301,0.0,77.8024,60,5.0,2.0,1.0
030_R205,30,R,2,9,OPTIMAL,719.405,2,2,2,0,0,1.0,719.405,0.0,0.0,60,5.0,2.0,1.0
030_R205,30,R,4,0,OPTIMAL,1297.5169,4,4,4,0,0,1.0,1297.5169,0.0,0.0,60,5.0,2.0,1.0
030_R205,30,R,4,1,OPTIMAL,1054.077,4,3,2,1,1,0.75,1023.2767,0.0,30.8003,60,5.0,2.0,1.0
030_R205,30,R,4,2,OPTIMAL,1099.2027,4,4,4,0,0,1.0,1099.2027,0.0,0.0,60,5.0,2.0,1.0
030_R205,30,R,4,3,OPTIMAL,477.6788,4,2,2,0,2,0.5,436.8689,0.0,40.8099,60,5.0,2.0,1.0
030_R205,30,R,4,4,OPTIMAL,1013.9456,4,3,3,0,1,0.75,1013.7685,0.0,0.1771,60,5.0,2.0,1.0
030_R205,30,R,4,5,OPTIMAL,1227.3581,4,4,4,0,0,1.0,1227.3581,0.0,0.0,60,5.0,2.0,1.0
030_R205,30,R,4,6,OPTIMAL,1463.7183,4,4,4,0,0,1.0,1463.7183,0.0,0.0,60,5.0,2.0,1.0
030_R205,30,R,4,7,OPTIMAL,1202.2403,4,4,4,0,0,1.0,1202.2403,0.0,0.0,60,5.0,2.0,1.0
030_R205,30,R,4,8,OPTIMAL,959.4046,4,3,3,0,1,0.75,958.2589,0.0,1.1456,60,5.0,2.0,1.0
030_R205,30,R,4,9,OPTIMAL,966.7477,4,3,3,0,1,0.75,952.2054,0.0,14.5424,60,5.0,2.0,1.0
030_R205,30,R,6,0,OPTIMAL,1785.1826,6,6,4,2,0,1.0,1785.1826,0.0,0.0,60,5.0,2.0,1.0
030_R205,30,R,6,1,OPTIMAL,1222.7116,6,4,4,0,2,0.6667,1211.3728,0.0,11.3388,60,5.0,2.0,1.0
030_R205,30,R,6,2,OPTIMAL,1145.4285,6,4,4,0,2,0.6667,1104.2583,0.0,41.1702,60,5.0,2.0,1.0
030_R205,30,R,6,3,OPTIMAL,2357.0312,6,6,6,0,0,1.0,2357.0312,0.0,0.0,60,5.0,2.0,1.0
030_R205,30,R,6,4,OPTIMAL,1098.2869,6,4,4,0,2,0.6667,1069.0797,0.0,29.2072,60,5.0,2.0,1.0
030_R205,30,R,6,5,OPTIMAL,1722.5442,6,5,5,0,1,0.8333,1681.7864,0.0,40.7578,60,5.0,2.0,1.0
030_R205,30,R,6,6,OPTIMAL,1816.9614,6,5,5,0,1,0.8333,1802.3495,0.0,14.6119,60,5.0,2.0,1.0
030_R205,30,R,6,7,OPTIMAL,1516.6408,6,5,5,0,1,0.8333,1500.3194,0.0,16.3214,60,5.0,2.0,1.0
030_R205,30,R,6,8,OPTIMAL,1755.9853,6,6,6,0,0,1.0,1755.9853,0.0,0.0,60,5.0,2.0,1.0
030_R205,30,R,6,9,OPTIMAL,1908.4641,6,6,6,0,0,1.0,1908.4641,0.0,0.0,60,5.0,2.0,1.0
030_R209,30,R,2,0,OPTIMAL,506.9731,2,2,2,0,0,1.0,506.9731,0.0,0.0,60,5.0,2.0,1.0
030_R209,30,R,2,1,OPTIMAL,196.9132,2,1,1,0,1,0.5,196.8506,0.0,0.0626,60,5.0,2.0,1.0
030_R209,30,R,2,2,OPTIMAL,600.3688,2,2,2,0,0,1.0,600.3688,0.0,0.0,60,5.0,2.0,1.0
030_R209,30,R,2,3,OPTIMAL,619.9443,2,2,2,0,0,1.0,619.9443,0.0,0.0,60,5.0,2.0,1.0
030_R209,30,R,2,4,OPTIMAL,652.3657,2,2,2,0,0,1.0,652.3657,0.0,0.0,60,5.0,2.0,1.0
030_R209,30,R,2,5,OPTIMAL,805.6156,2,2,2,0,0,1.0,805.6156,0.0,0.0,60,5.0,2.0,1.0
030_R209,30,R,2,6,OPTIMAL,192.9655,2,1,1,0,1,0.5,182.5574,0.0,10.4081,60,5.0,2.0,1.0
030_R209,30,R,2,7,OPTIMAL,512.6743,2,2,2,0,0,1.0,512.6743,0.0,0.0,60,5.0,2.0,1.0
030_R209,30,R,2,8,OPTIMAL,363.0878,2,2,2,0,0,1.0,363.0878,0.0,0.0,60,5.0,2.0,1.0
030_R209,30,R,2,9,OPTIMAL,719.405,2,2,2,0,0,1.0,719.405,0.0,0.0,60,5.0,2.0,1.0
030_R209,30,R,4,0,OPTIMAL,1029.8715,4,3,3,0,1,0.75,1029.8715,0.0,0.0,60,5.0,2.0,1.0
030_R209,30,R,4,1,OPTIMAL,1286.8318,4,4,4,0,0,1.0,1286.8318,0.0,0.0,60,5.0,2.0,1.0
030_R209,30,R,4,2,OPTIMAL,803.2728,4,3,3,0,1,0.75,768.6681,0.0,34.6047,60,5.0,2.0,1.0
030_R209,30,R,4,3,OPTIMAL,925.9456,4,3,3,0,1,0.75,920.8146,0.0,5.131,60,5.0,2.0,1.0
030_R209,30,R,4,4,OPTIMAL,1013.9456,4,3,3,0,1,0.75,1013.7685,0.0,0.1771,60,5.0,2.0,1.0
030_R209,30,R,4,5,OPTIMAL,1227.3581,4,4,4,0,0,1.0,1227.3581,0.0,0.0,60,5.0,2.0,1.0
030_R209,30,R,4,6,OPTIMAL,1463.7183,4,4,4,0,0,1.0,1463.7183,0.0,0.0,60,5.0,2.0,1.0
030_R209,30,R,4,7,OPTIMAL,1202.2403,4,4,4,0,0,1.0,1202.2403,0.0,0.0,60,5.0,2.0,1.0
030_R209,30,R,4,8,OPTIMAL,959.4046,4,3,3,0,1,0.75,958.2589,0.0,1.1456,60,5.0,2.0,1.0
030_R209,30,R,4,9,OPTIMAL,818.3544,4,3,2,1,1,0.75,817.6675,0.0,0.6869,60,5.0,2.0,1.0
030_R209,30,R,6,0,OPTIMAL,1536.4446,6,5,3,2,1,0.8333,1510.234,0.0,26.2106,60,5.0,2.0,1.0
030_R209,30,R,6,1,OPTIMAL,1070.4401,6,4,4,0,2,0.6667,1035.8171,0.0,34.6229,60,5.0,2.0,1.0
030_R209,30,R,6,2,OPTIMAL,1359.8994,6,5,5,0,1,0.8333,1342.4689,0.0,17.4305,60,5.0,2.0,1.0
030_R209,30,R,6,3,OPTIMAL,2013.9905,6,5,5,0,1,0.8333,2011.9283,0.0,2.0622,60,5.0,2.0,1.0
030_R209,30,R,6,4,OPTIMAL,1212.9455,6,5,4,1,1,0.8333,1208.3663,0.0,4.5792,60,5.0,2.0,1.0
030_R209,30,R,6,5,OPTIMAL,1683.5095,6,5,5,0,1,0.8333,1681.7864,0.0,1.7232,60,5.0,2.0,1.0
030_R209,30,R,6,6,OPTIMAL,1157.9565,6,3,3,0,3,0.5,1121.4682,0.0,36.4884,60,5.0,2.0,1.0
030_R209,30,R,6,7,OPTIMAL,1757.4195,6,6,5,1,0,1.0,1757.4195,0.0,0.0,60,5.0,2.0,1.0
030_R209,30,R,6,8,OPTIMAL,1755.9853,6,6,6,0,0,1.0,1755.9853,0.0,0.0,60,5.0,2.0,1.0
030_R209,30,R,6,9,OPTIMAL,1866.4573,6,5,5,0,1,0.8333,1857.4398,0.0,9.0175,60,5.0,2.0,1.0
030_RC101,30,RC,2,0,OPTIMAL,708.2418,2,2,2,0,0,1.0,708.2418,0.0,0.0,60,5.0,2.0,1.0
030_RC101,30,RC,2,1,OPTIMAL,778.6292,2,2,2,0,0,1.0,778.6292,0.0,0.0,60,5.0,2.0,1.0
030_RC101,30,RC,2,2,OPTIMAL,928.0244,2,2,2,0,0,1.0,928.0244,0.0,0.0,60,5.0,2.0,1.0
030_RC101,30,RC,2,3,OPTIMAL,773.2121,2,2,2,0,0,1.0,773.2121,0.0,0.0,60,5.0,2.0,1.0
030_RC101,30,RC,2,4,OPTIMAL,745.5259,2,2,2,0,0,1.0,745.5259,0.0,0.0,60,5.0,2.0,1.0
030_RC101,30,RC,2,5,OPTIMAL,886.0637,2,2,2,0,0,1.0,886.0637,0.0,0.0,60,5.0,2.0,1.0
030_RC101,30,RC,2,6,OPTIMAL,729.9797,2,2,2,0,0,1.0,729.9797,0.0,0.0,60,5.0,2.0,1.0
030_RC101,30,RC,2,7,OPTIMAL,839.8877,2,2,2,0,0,1.0,839.8877,0.0,0.0,60,5.0,2.0,1.0
030_RC101,30,RC,2,8,OPTIMAL,723.9502,2,2,2,0,0,1.0,723.9502,0.0,0.0,60,5.0,2.0,1.0
030_RC101,30,RC,2,9,OPTIMAL,747.4659,2,2,2,0,0,1.0,747.4659,0.0,0.0,60,5.0,2.0,1.0
030_RC101,30,RC,4,0,OPTIMAL,1587.7604,4,4,4,0,0,1.0,1587.7604,0.0,0.0,60,5.0,2.0,1.0
030_RC101,30,RC,4,1,OPTIMAL,1694.0111,4,4,4,0,0,1.0,1694.0111,0.0,0.0,60,5.0,2.0,1.0
030_RC101,30,RC,4,2,OPTIMAL,1484.0918,4,4,4,0,0,1.0,1484.0918,0.0,0.0,60,5.0,2.0,1.0
030_RC101,30,RC,4,3,OPTIMAL,1888.3129,4,4,4,0,0,1.0,1888.3129,0.0,0.0,60,5.0,2.0,1.0
030_RC101,30,RC,4,4,OPTIMAL,1551.8431,4,4,4,0,0,1.0,1551.8431,0.0,0.0,60,5.0,2.0,1.0
030_RC101,30,RC,4,5,OPTIMAL,1578.061,4,4,4,0,0,1.0,1578.061,0.0,0.0,60,5.0,2.0,1.0
030_RC101,30,RC,4,6,OPTIMAL,1686.0443,4,4,4,0,0,1.0,1686.0443,0.0,0.0,60,5.0,2.0,1.0
030_RC101,30,RC,4,7,OPTIMAL,1755.8592,4,4,4,0,0,1.0,1755.8592,0.0,0.0,60,5.0,2.0,1.0
030_RC101,30,RC,4,8,OPTIMAL,1513.4608,4,4,4,0,0,1.0,1513.4608,0.0,0.0,60,5.0,2.0,1.0
030_RC101,30,RC,4,9,OPTIMAL,1447.2508,4,4,4,0,0,1.0,1447.2508,0.0,0.0,60,5.0,2.0,1.0
030_RC101,30,RC,6,0,OPTIMAL,2450.6157,6,6,6,0,0,1.0,2450.6157,0.0,0.0,60,5.0,2.0,1.0
030_RC101,30,RC,6,1,OPTIMAL,2650.3442,6,6,6,0,0,1.0,2650.3442,0.0,0.0,60,5.0,2.0,1.0
030_RC101,30,RC,6,2,OPTIMAL,2457.3249,6,6,6,0,0,1.0,2457.3249,0.0,0.0,60,5.0,2.0,1.0
030_RC101,30,RC,6,3,OPTIMAL,2569.9943,6,6,6,0,0,1.0,2569.9943,0.0,0.0,60,5.0,2.0,1.0
030_RC101,30,RC,6,4,OPTIMAL,2197.6146,6,6,6,0,0,1.0,2197.6146,0.0,0.0,60,5.0,2.0,1.0
030_RC101,30,RC,6,5,OPTIMAL,2561.6245,6,6,6,0,0,1.0,2561.6245,0.0,0.0,60,5.0,2.0,1.0
030_RC101,30,RC,6,6,OPTIMAL,2315.1552,6,6,6,0,0,1.0,2315.1552,0.0,0.0,60,5.0,2.0,1.0
030_RC101,30,RC,6,7,OPTIMAL,2338.832,6,6,6,0,0,1.0,2338.832,0.0,0.0,60,5.0,2.0,1.0
030_RC101,30,RC,6,8,OPTIMAL,2271.5077,6,6,6,0,0,1.0,2271.5077,0.0,0.0,60,5.0,2.0,1.0
030_RC101,30,RC,6,9,OPTIMAL,2608.9975,6,6,6,0,0,1.0,2608.9975,0.0,0.0,60,5.0,2.0,1.0
030_RC102,30,RC,2,0,OPTIMAL,708.2418,2,2,2,0,0,1.0,708.2418,0.0,0.0,60,5.0,2.0,1.0
030_RC102,30,RC,2,1,OPTIMAL,778.6292,2,2,2,0,0,1.0,778.6292,0.0,0.0,60,5.0,2.0,1.0
030_RC102,30,RC,2,2,OPTIMAL,928.0244,2,2,2,0,0,1.0,928.0244,0.0,0.0,60,5.0,2.0,1.0
030_RC102,30,RC,2,3,OPTIMAL,773.2121,2,2,2,0,0,1.0,773.2121,0.0,0.0,60,5.0,2.0,1.0
030_RC102,30,RC,2,4,OPTIMAL,745.5259,2,2,2,0,0,1.0,745.5259,0.0,0.0,60,5.0,2.0,1.0
030_RC102,30,RC,2,5,OPTIMAL,886.0637,2,2,2,0,0,1.0,886.0637,0.0,0.0,60,5.0,2.0,1.0
030_RC102,30,RC,2,6,OPTIMAL,729.9797,2,2,2,0,0,1.0,729.9797,0.0,0.0,60,5.0,2.0,1.0
030_RC102,30,RC,2,7,OPTIMAL,839.8877,2,2,2,0,0,1.0,839.8877,0.0,0.0,60,5.0,2.0,1.0
030_RC102,30,RC,2,8,OPTIMAL,723.9502,2,2,2,0,0,1.0,723.9502,0.0,0.0,60,5.0,2.0,1.0
030_RC102,30,RC,2,9,OPTIMAL,747.4659,2,2,2,0,0,1.0,747.4659,0.0,0.0,60,5.0,2.0,1.0
030_RC102,30,RC,4,0,OPTIMAL,1587.7604,4,4,4,0,0,1.0,1587.7604,0.0,0.0,60,5.0,2.0,1.0
030_RC102,30,RC,4,1,OPTIMAL,1694.0111,4,4,4,0,0,1.0,1694.0111,0.0,0.0,60,5.0,2.0,1.0
030_RC102,30,RC,4,2,OPTIMAL,1484.0918,4,4,4,0,0,1.0,1484.0918,0.0,0.0,60,5.0,2.0,1.0
030_RC102,30,RC,4,3,OPTIMAL,1888.3129,4,4,4,0,0,1.0,1888.3129,0.0,0.0,60,5.0,2.0,1.0
030_RC102,30,RC,4,4,OPTIMAL,1551.8431,4,4,4,0,0,1.0,1551.8431,0.0,0.0,60,5.0,2.0,1.0
030_RC102,30,RC,4,5,OPTIMAL,1578.061,4,4,4,0,0,1.0,1578.061,0.0,0.0,60,5.0,2.0,1.0
030_RC102,30,RC,4,6,OPTIMAL,1686.0443,4,4,4,0,0,1.0,1686.0443,0.0,0.0,60,5.0,2.0,1.0
030_RC102,30,RC,4,7,OPTIMAL,1755.8592,4,4,4,0,0,1.0,1755.8592,0.0,0.0,60,5.0,2.0,1.0
030_RC102,30,RC,4,8,OPTIMAL,1513.4608,4,4,4,0,0,1.0,1513.4608,0.0,0.0,60,5.0,2.0,1.0
030_RC102,30,RC,4,9,OPTIMAL,1447.2508,4,4,4,0,0,1.0,1447.2508,0.0,0.0,60,5.0,2.0,1.0
030_RC102,30,RC,6,0,OPTIMAL,2450.6157,6,6,6,0,0,1.0,2450.6157,0.0,0.0,60,5.0,2.0,1.0
030_RC102,30,RC,6,1,OPTIMAL,2650.3442,6,6,6,0,0,1.0,2650.3442,0.0,0.0,60,5.0,2.0,1.0
030_RC102,30,RC,6,2,OPTIMAL,2457.3249,6,6,6,0,0,1.0,2457.3249,0.0,0.0,60,5.0,2.0,1.0
030_RC102,30,RC,6,3,OPTIMAL,2569.9943,6,6,6,0,0,1.0,2569.9943,0.0,0.0,60,5.0,2.0,1.0
030_RC102,30,RC,6,4,OPTIMAL,2197.6146,6,6,6,0,0,1.0,2197.6146,0.0,0.0,60,5.0,2.0,1.0
030_RC102,30,RC,6,5,OPTIMAL,2561.6245,6,6,6,0,0,1.0,2561.6245,0.0,0.0,60,5.0,2.0,1.0
030_RC102,30,RC,6,6,OPTIMAL,2315.1552,6,6,6,0,0,1.0,2315.1552,0.0,0.0,60,5.0,2.0,1.0
030_RC102,30,RC,6,7,OPTIMAL,2338.832,6,6,6,0,0,1.0,2338.832,0.0,0.0,60,5.0,2.0,1.0
030_RC102,30,RC,6,8,OPTIMAL,2271.5077,6,6,6,0,0,1.0,2271.5077,0.0,0.0,60,5.0,2.0,1.0
030_RC102,30,RC,6,9,OPTIMAL,2608.9975,6,6,6,0,0,1.0,2608.9975,0.0,0.0,60,5.0,2.0,1.0
030_RC105,30,RC,2,0,OPTIMAL,708.2418,2,2,2,0,0,1.0,708.2418,0.0,0.0,60,5.0,2.0,1.0
030_RC105,30,RC,2,1,OPTIMAL,778.6292,2,2,2,0,0,1.0,778.6292,0.0,0.0,60,5.0,2.0,1.0
030_RC105,30,RC,2,2,OPTIMAL,928.0244,2,2,2,0,0,1.0,928.0244,0.0,0.0,60,5.0,2.0,1.0
030_RC105,30,RC,2,3,OPTIMAL,773.2121,2,2,2,0,0,1.0,773.2121,0.0,0.0,60,5.0,2.0,1.0
030_RC105,30,RC,2,4,OPTIMAL,745.5259,2,2,2,0,0,1.0,745.5259,0.0,0.0,60,5.0,2.0,1.0
030_RC105,30,RC,2,5,OPTIMAL,886.0637,2,2,2,0,0,1.0,886.0637,0.0,0.0,60,5.0,2.0,1.0
030_RC105,30,RC,2,6,OPTIMAL,729.9797,2,2,2,0,0,1.0,729.9797,0.0,0.0,60,5.0,2.0,1.0
030_RC105,30,RC,2,7,OPTIMAL,839.8877,2,2,2,0,0,1.0,839.8877,0.0,0.0,60,5.0,2.0,1.0
030_RC105,30,RC,2,8,OPTIMAL,723.9502,2,2,2,0,0,1.0,723.9502,0.0,0.0,60,5.0,2.0,1.0
030_RC105,30,RC,2,9,OPTIMAL,747.4659,2,2,2,0,0,1.0,747.4659,0.0,0.0,60,5.0,2.0,1.0
030_RC105,30,RC,4,0,OPTIMAL,1587.7604,4,4,4,0,0,1.0,1587.7604,0.0,0.0,60,5.0,2.0,1.0
030_RC105,30,RC,4,1,OPTIMAL,1694.0111,4,4,4,0,0,1.0,1694.0111,0.0,0.0,60,5.0,2.0,1.0
030_RC105,30,RC,4,2,OPTIMAL,1484.0918,4,4,4,0,0,1.0,1484.0918,0.0,0.0,60,5.0,2.0,1.0
030_RC105,30,RC,4,3,OPTIMAL,1888.3129,4,4,4,0,0,1.0,1888.3129,0.0,0.0,60,5.0,2.0,1.0
030_RC105,30,RC,4,4,OPTIMAL,1551.8431,4,4,4,0,0,1.0,1551.8431,0.0,0.0,60,5.0,2.0,1.0
030_RC105,30,RC,4,5,OPTIMAL,1578.061,4,4,4,0,0,1.0,1578.061,0.0,0.0,60,5.0,2.0,1.0
030_RC105,30,RC,4,6,OPTIMAL,1686.0443,4,4,4,0,0,1.0,1686.0443,0.0,0.0,60,5.0,2.0,1.0
030_RC105,30,RC,4,7,OPTIMAL,1755.8592,4,4,4,0,0,1.0,1755.8592,0.0,0.0,60,5.0,2.0,1.0
030_RC105,30,RC,4,8,OPTIMAL,1513.4608,4,4,4,0,0,1.0,1513.4608,0.0,0.0,60,5.0,2.0,1.0
030_RC105,30,RC,4,9,OPTIMAL,1447.2508,4,4,4,0,0,1.0,1447.2508,0.0,0.0,60,5.0,2.0,1.0
030_RC105,30,RC,6,0,OPTIMAL,2450.6157,6,6,6,0,0,1.0,2450.6157,0.0,0.0,60,5.0,2.0,1.0
030_RC105,30,RC,6,1,OPTIMAL,2650.3442,6,6,6,0,0,1.0,2650.3442,0.0,0.0,60,5.0,2.0,1.0
030_RC105,30,RC,6,2,OPTIMAL,2457.3249,6,6,6,0,0,1.0,2457.3249,0.0,0.0,60,5.0,2.0,1.0
030_RC105,30,RC,6,3,OPTIMAL,2569.9943,6,6,6,0,0,1.0,2569.9943,0.0,0.0,60,5.0,2.0,1.0
030_RC105,30,RC,6,4,OPTIMAL,2197.6146,6,6,6,0,0,1.0,2197.6146,0.0,0.0,60,5.0,2.0,1.0
030_RC105,30,RC,6,5,OPTIMAL,2561.6245,6,6,6,0,0,1.0,2561.6245,0.0,0.0,60,5.0,2.0,1.0
030_RC105,30,RC,6,6,OPTIMAL,2315.1552,6,6,6,0,0,1.0,2315.1552,0.0,0.0,60,5.0,2.0,1.0
030_RC105,30,RC,6,7,OPTIMAL,2338.832,6,6,6,0,0,1.0,2338.832,0.0,0.0,60,5.0,2.0,1.0
030_RC105,30,RC,6,8,OPTIMAL,2271.5077,6,6,6,0,0,1.0,2271.5077,0.0,0.0,60,5.0,2.0,1.0
030_RC105,30,RC,6,9,OPTIMAL,2608.9975,6,6,6,0,0,1.0,2608.9975,0.0,0.0,60,5.0,2.0,1.0
030_RC106,30,RC,2,0,OPTIMAL,708.2418,2,2,2,0,0,1.0,708.2418,0.0,0.0,60,5.0,2.0,1.0
030_RC106,30,RC,2,1,OPTIMAL,778.6292,2,2,2,0,0,1.0,778.6292,0.0,0.0,60,5.0,2.0,1.0
030_RC106,30,RC,2,2,OPTIMAL,928.0244,2,2,2,0,0,1.0,928.0244,0.0,0.0,60,5.0,2.0,1.0
030_RC106,30,RC,2,3,OPTIMAL,773.2121,2,2,2,0,0,1.0,773.2121,0.0,0.0,60,5.0,2.0,1.0
030_RC106,30,RC,2,4,OPTIMAL,745.5259,2,2,2,0,0,1.0,745.5259,0.0,0.0,60,5.0,2.0,1.0
030_RC106,30,RC,2,5,OPTIMAL,886.0637,2,2,2,0,0,1.0,886.0637,0.0,0.0,60,5.0,2.0,1.0
030_RC106,30,RC,2,6,OPTIMAL,729.9797,2,2,2,0,0,1.0,729.9797,0.0,0.0,60,5.0,2.0,1.0
030_RC106,30,RC,2,7,OPTIMAL,839.8877,2,2,2,0,0,1.0,839.8877,0.0,0.0,60,5.0,2.0,1.0
030_RC106,30,RC,2,8,OPTIMAL,723.9502,2,2,2,0,0,1.0,723.9502,0.0,0.0,60,5.0,2.0,1.0
030_RC106,30,RC,2,9,OPTIMAL,747.4659,2,2,2,0,0,1.0,747.4659,0.0,0.0,60,5.0,2.0,1.0
030_RC106,30,RC,4,0,OPTIMAL,1587.7604,4,4,4,0,0,1.0,1587.7604,0.0,0.0,60,5.0,2.0,1.0
030_RC106,30,RC,4,1,OPTIMAL,1694.0111,4,4,4,0,0,1.0,1694.0111,0.0,0.0,60,5.0,2.0,1.0
030_RC106,30,RC,4,2,OPTIMAL,1484.0918,4,4,4,0,0,1.0,1484.0918,0.0,0.0,60,5.0,2.0,1.0
030_RC106,30,RC,4,3,OPTIMAL,1888.3129,4,4,4,0,0,1.0,1888.3129,0.0,0.0,60,5.0,2.0,1.0
030_RC106,30,RC,4,4,OPTIMAL,1551.8431,4,4,4,0,0,1.0,1551.8431,0.0,0.0,60,5.0,2.0,1.0
030_RC106,30,RC,4,5,OPTIMAL,1578.061,4,4,4,0,0,1.0,1578.061,0.0,0.0,60,5.0,2.0,1.0
030_RC106,30,RC,4,6,OPTIMAL,1686.0443,4,4,4,0,0,1.0,1686.0443,0.0,0.0,60,5.0,2.0,1.0
030_RC106,30,RC,4,7,OPTIMAL,1755.8592,4,4,4,0,0,1.0,1755.8592,0.0,0.0,60,5.0,2.0,1.0
030_RC106,30,RC,4,8,OPTIMAL,1513.4608,4,4,4,0,0,1.0,1513.4608,0.0,0.0,60,5.0,2.0,1.0
030_RC106,30,RC,4,9,OPTIMAL,1447.2508,4,4,4,0,0,1.0,1447.2508,0.0,0.0,60,5.0,2.0,1.0
030_RC106,30,RC,6,0,OPTIMAL,2450.6157,6,6,6,0,0,1.0,2450.6157,0.0,0.0,60,5.0,2.0,1.0
030_RC106,30,RC,6,1,OPTIMAL,2650.3442,6,6,6,0,0,1.0,2650.3442,0.0,0.0,60,5.0,2.0,1.0
030_RC106,30,RC,6,2,OPTIMAL,2457.3249,6,6,6,0,0,1.0,2457.3249,0.0,0.0,60,5.0,2.0,1.0
030_RC106,30,RC,6,3,OPTIMAL,2569.9943,6,6,6,0,0,1.0,2569.9943,0.0,0.0,60,5.0,2.0,1.0
030_RC106,30,RC,6,4,OPTIMAL,2197.6146,6,6,6,0,0,1.0,2197.6146,0.0,0.0,60,5.0,2.0,1.0
030_RC106,30,RC,6,5,OPTIMAL,2561.6245,6,6,6,0,0,1.0,2561.6245,0.0,0.0,60,5.0,2.0,1.0
030_RC106,30,RC,6,6,OPTIMAL,2315.1552,6,6,6,0,0,1.0,2315.1552,0.0,0.0,60,5.0,2.0,1.0
030_RC106,30,RC,6,7,OPTIMAL,2338.832,6,6,6,0,0,1.0,2338.832,0.0,0.0,60,5.0,2.0,1.0
030_RC106,30,RC,6,8,OPTIMAL,2271.5077,6,6,6,0,0,1.0,2271.5077,0.0,0.0,60,5.0,2.0,1.0
030_RC106,30,RC,6,9,OPTIMAL,2608.9975,6,6,6,0,0,1.0,2608.9975,0.0,0.0,60,5.0,2.0,1.0
030_RC107,30,RC,2,0,OPTIMAL,708.2418,2,2,2,0,0,1.0,708.2418,0.0,0.0,60,5.0,2.0,1.0
030_RC107,30,RC,2,1,OPTIMAL,778.6292,2,2,2,0,0,1.0,778.6292,0.0,0.0,60,5.0,2.0,1.0
030_RC107,30,RC,2,2,OPTIMAL,928.0244,2,2,2,0,0,1.0,928.0244,0.0,0.0,60,5.0,2.0,1.0
030_RC107,30,RC,2,3,OPTIMAL,773.2121,2,2,2,0,0,1.0,773.2121,0.0,0.0,60,5.0,2.0,1.0
030_RC107,30,RC,2,4,OPTIMAL,745.5259,2,2,2,0,0,1.0,745.5259,0.0,0.0,60,5.0,2.0,1.0
030_RC107,30,RC,2,5,OPTIMAL,886.0637,2,2,2,0,0,1.0,886.0637,0.0,0.0,60,5.0,2.0,1.0
030_RC107,30,RC,2,6,OPTIMAL,729.9797,2,2,2,0,0,1.0,729.9797,0.0,0.0,60,5.0,2.0,1.0
030_RC107,30,RC,2,7,OPTIMAL,839.8877,2,2,2,0,0,1.0,839.8877,0.0,0.0,60,5.0,2.0,1.0
030_RC107,30,RC,2,8,OPTIMAL,723.9502,2,2,2,0,0,1.0,723.9502,0.0,0.0,60,5.0,2.0,1.0
030_RC107,30,RC,2,9,OPTIMAL,747.4659,2,2,2,0,0,1.0,747.4659,0.0,0.0,60,5.0,2.0,1.0
030_RC107,30,RC,4,0,OPTIMAL,1587.7604,4,4,4,0,0,1.0,1587.7604,0.0,0.0,60,5.0,2.0,1.0
030_RC107,30,RC,4,1,OPTIMAL,1694.0111,4,4,4,0,0,1.0,1694.0111,0.0,0.0,60,5.0,2.0,1.0
030_RC107,30,RC,4,2,OPTIMAL,1484.0918,4,4,4,0,0,1.0,1484.0918,0.0,0.0,60,5.0,2.0,1.0
030_RC107,30,RC,4,3,OPTIMAL,1888.3129,4,4,4,0,0,1.0,1888.3129,0.0,0.0,60,5.0,2.0,1.0
030_RC107,30,RC,4,4,OPTIMAL,1551.8431,4,4,4,0,0,1.0,1551.8431,0.0,0.0,60,5.0,2.0,1.0
030_RC107,30,RC,4,5,OPTIMAL,1578.061,4,4,4,0,0,1.0,1578.061,0.0,0.0,60,5.0,2.0,1.0
030_RC107,30,RC,4,6,OPTIMAL,1686.0443,4,4,4,0,0,1.0,1686.0443,0.0,0.0,60,5.0,2.0,1.0
030_RC107,30,RC,4,7,OPTIMAL,1755.8592,4,4,4,0,0,1.0,1755.8592,0.0,0.0,60,5.0,2.0,1.0
030_RC107,30,RC,4,8,OPTIMAL,1513.4608,4,4,4,0,0,1.0,1513.4608,0.0,0.0,60,5.0,2.0,1.0
030_RC107,30,RC,4,9,OPTIMAL,1447.2508,4,4,4,0,0,1.0,1447.2508,0.0,0.0,60,5.0,2.0,1.0
030_RC107,30,RC,6,0,OPTIMAL,2450.6157,6,6,6,0,0,1.0,2450.6157,0.0,0.0,60,5.0,2.0,1.0
030_RC107,30,RC,6,1,OPTIMAL,2650.3442,6,6,6,0,0,1.0,2650.3442,0.0,0.0,60,5.0,2.0,1.0
030_RC107,30,RC,6,2,OPTIMAL,2457.3249,6,6,6,0,0,1.0,2457.3249,0.0,0.0,60,5.0,2.0,1.0
030_RC107,30,RC,6,3,OPTIMAL,2569.9943,6,6,6,0,0,1.0,2569.9943,0.0,0.0,60,5.0,2.0,1.0
030_RC107,30,RC,6,4,OPTIMAL,2197.6146,6,6,6,0,0,1.0,2197.6146,0.0,0.0,60,5.0,2.0,1.0
030_RC107,30,RC,6,5,OPTIMAL,2561.6245,6,6,6,0,0,1.0,2561.6245,0.0,0.0,60,5.0,2.0,1.0
030_RC107,30,RC,6,6,OPTIMAL,2315.1552,6,6,6,0,0,1.0,2315.1552,0.0,0.0,60,5.0,2.0,1.0
030_RC107,30,RC,6,7,OPTIMAL,2338.832,6,6,6,0,0,1.0,2338.832,0.0,0.0,60,5.0,2.0,1.0
030_RC107,30,RC,6,8,OPTIMAL,2271.5077,6,6,6,0,0,1.0,2271.5077,0.0,0.0,60,5.0,2.0,1.0
030_RC107,30,RC,6,9,OPTIMAL,2608.9975,6,6,6,0,0,1.0,2608.9975,0.0,0.0,60,5.0,2.0,1.0
030_RC201,30,RC,2,0,OPTIMAL,328.2013,2,1,1,0,1,0.5,326.6643,0.0,1.537,60,5.0,2.0,1.0
030_RC201,30,RC,2,1,OPTIMAL,778.6292,2,2,2,0,0,1.0,778.6292,0.0,0.0,60,5.0,2.0,1.0
030_RC201,30,RC,2,2,OPTIMAL,928.0244,2,2,2,0,0,1.0,928.0244,0.0,0.0,60,5.0,2.0,1.0
030_RC201,30,RC,2,3,OPTIMAL,362.9656,2,1,1,0,1,0.5,348.0689,0.0,14.8967,60,5.0,2.0,1.0
030_RC201,30,RC,2,4,OPTIMAL,745.5259,2,2,2,0,0,1.0,745.5259,0.0,0.0,60,5.0,2.0,1.0
030_RC201,30,RC,2,5,OPTIMAL,886.0637,2,2,2,0,0,1.0,886.0637,0.0,0.0,60,5.0,2.0,1.0
030_RC201,30,RC,2,6,OPTIMAL,729.9797,2,2,2,0,0,1.0,729.9797,0.0,0.0,60,5.0,2.0,1.0
030_RC201,30,RC,2,7,OPTIMAL,839.8877,2,2,2,0,0,1.0,839.8877,0.0,0.0,60,5.0,2.0,1.0
030_RC201,30,RC,2,8,OPTIMAL,723.9502,2,2,2,0,0,1.0,723.9502,0.0,0.0,60,5.0,2.0,1.0
030_RC201,30,RC,2,9,OPTIMAL,383.679,2,1,1,0,1,0.5,380.1311,0.0,3.5479,60,5.0,2.0,1.0
030_RC201,30,RC,4,0,OPTIMAL,1587.7604,4,4,4,0,0,1.0,1587.7604,0.0,0.0,60,5.0,2.0,1.0
030_RC201,30,RC,4,1,OPTIMAL,1341.0455,4,3,3,0,1,0.75,1338.3346,0.0,2.711,60,5.0,2.0,1.0
030_RC201,30,RC,4,2,OPTIMAL,1484.0918,4,4,4,0,0,1.0,1484.0918,0.0,0.0,60,5.0,2.0,1.0
030_RC201,30,RC,4,3,OPTIMAL,1888.3129,4,4,4,0,0,1.0,1888.3129,0.0,0.0,60,5.0,2.0,1.0
030_RC201,30,RC,4,4,OPTIMAL,1551.8431,4,4,4,0,0,1.0,1551.8431,0.0,0.0,60,5.0,2.0,1.0
030_RC201,30,RC,4,5,OPTIMAL,1196.9608,4,3,3,0,1,0.75,1196.4888,0.0,0.472,60,5.0,2.0,1.0
030_RC201,30,RC,4,6,OPTIMAL,1686.0443,4,4,4,0,0,1.0,1686.0443,0.0,0.0,60,5.0,2.0,1.0
030_RC201,30,RC,4,7,OPTIMAL,1755.8592,4,4,4,0,0,1.0,1755.8592,0.0,0.0,60,5.0,2.0,1.0
030_RC201,30,RC,4,8,OPTIMAL,1513.4608,4,4,4,0,0,1.0,1513.4608,0.0,0.0,60,5.0,2.0,1.0
030_RC201,30,RC,4,9,OPTIMAL,1447.2508,4,4,4,0,0,1.0,1447.2508,0.0,0.0,60,5.0,2.0,1.0
030_RC201,30,RC,6,0,OPTIMAL,2136.6574,6,5,5,0,1,0.8333,2130.3011,0.0,6.3563,60,5.0,2.0,1.0
030_RC201,30,RC,6,1,OPTIMAL,2210.7759,6,5,5,0,1,0.8333,2187.6289,0.0,23.1471,60,5.0,2.0,1.0
030_RC201,30,RC,6,2,OPTIMAL,2457.3249,6,6,6,0,0,1.0,2457.3249,0.0,0.0,60,5.0,2.0,1.0
030_RC201,30,RC,6,3,OPTIMAL,2088.1548,6,5,5,0,1,0.8333,2086.2788,0.0,1.8759,60,5.0,2.0,1.0
030_RC201,30,RC,6,4,OPTIMAL,1148.9934,6,3,3,0,3,0.5,1143.3582,0.0,5.6351,60,5.0,2.0,1.0
030_RC201,30,RC,6,5,OPTIMAL,2561.6245,6,6,6,0,0,1.0,2561.6245,0.0,0.0,60,5.0,2.0,1.0
030_RC201,30,RC,6,6,OPTIMAL,2315.1552,6,6,6,0,0,1.0,2315.1552,0.0,0.0,60,5.0,2.0,1.0
030_RC201,30,RC,6,7,OPTIMAL,2338.832,6,6,6,0,0,1.0,2338.832,0.0,0.0,60,5.0,2.0,1.0
030_RC201,30,RC,6,8,OPTIMAL,2271.5077,6,6,6,0,0,1.0,2271.5077,0.0,0.0,60,5.0,2.0,1.0
030_RC201,30,RC,6,9,OPTIMAL,2608.9975,6,6,6,0,0,1.0,2608.9975,0.0,0.0,60,5.0,2.0,1.0
030_RC203,30,RC,2,0,OPTIMAL,708.2418,2,2,2,0,0,1.0,708.2418,0.0,0.0,60,5.0,2.0,1.0
030_RC203,30,RC,2,1,OPTIMAL,778.6292,2,2,2,0,0,1.0,778.6292,0.0,0.0,60,5.0,2.0,1.0
030_RC203,30,RC,2,2,OPTIMAL,928.0244,2,2,2,0,0,1.0,928.0244,0.0,0.0,60,5.0,2.0,1.0
030_RC203,30,RC,2,3,OPTIMAL,353.4493,2,1,1,0,1,0.5,348.0689,0.0,5.3804,60,5.0,2.0,1.0
030_RC203,30,RC,2,4,OPTIMAL,745.5259,2,2,2,0,0,1.0,745.5259,0.0,0.0,60,5.0,2.0,1.0
030_RC203,30,RC,2,5,OPTIMAL,886.0637,2,2,2,0,0,1.0,886.0637,0.0,0.0,60,5.0,2.0,1.0
030_RC203,30,RC,2,6,OPTIMAL,729.9797,2,2,2,0,0,1.0,729.9797,0.0,0.0,60,5.0,2.0,1.0
030_RC203,30,RC,2,7,OPTIMAL,839.8877,2,2,2,0,0,1.0,839.8877,0.0,0.0,60,5.0,2.0,1.0
030_RC203,30,RC,2,8,OPTIMAL,723.9502,2,2,2,0,0,1.0,723.9502,0.0,0.0,60,5.0,2.0,1.0
030_RC203,30,RC,2,9,OPTIMAL,387.2269,2,1,1,0,1,0.5,380.1311,0.0,7.0958,60,5.0,2.0,1.0
030_RC203,30,RC,4,0,OPTIMAL,1587.7604,4,4,4,0,0,1.0,1587.7604,0.0,0.0,60,5.0,2.0,1.0
030_RC203,30,RC,4,1,OPTIMAL,1341.0455,4,3,3,0,1,0.75,1338.3346,0.0,2.711,60,5.0,2.0,1.0
030_RC203,30,RC,4,2,OPTIMAL,1484.0918,4,4,4,0,0,1.0,1484.0918,0.0,0.0,60,5.0,2.0,1.0
030_RC203,30,RC,4,3,OPTIMAL,1888.3129,4,4,4,0,0,1.0,1888.3129,0.0,0.0,60,5.0,2.0,1.0
030_RC203,30,RC,4,4,OPTIMAL,1551.8431,4,4,4,0,0,1.0,1551.8431,0.0,0.0,60,5.0,2.0,1.0
030_RC203,30,RC,4,5,OPTIMAL,1578.061,4,4,4,0,0,1.0,1578.061,0.0,0.0,60,5.0,2.0,1.0
030_RC203,30,RC,4,6,OPTIMAL,1686.0443,4,4,4,0,0,1.0,1686.0443,0.0,0.0,60,5.0,2.0,1.0
030_RC203,30,RC,4,7,OPTIMAL,1755.8592,4,4,4,0,0,1.0,1755.8592,0.0,0.0,60,5.0,2.0,1.0
030_RC203,30,RC,4,8,OPTIMAL,1141.1866,4,3,3,0,1,0.75,1137.3381,0.0,3.8485,60,5.0,2.0,1.0
030_RC203,30,RC,4,9,OPTIMAL,1447.2508,4,4,4,0,0,1.0,1447.2508,0.0,0.0,60,5.0,2.0,1.0
030_RC203,30,RC,6,0,OPTIMAL,2136.6574,6,5,5,0,1,0.8333,2130.3011,0.0,6.3563,60,5.0,2.0,1.0
030_RC203,30,RC,6,1,OPTIMAL,2650.3442,6,6,5,1,0,1.0,2650.3442,0.0,0.0,60,5.0,2.0,1.0
030_RC203,30,RC,6,2,OPTIMAL,2457.3249,6,6,6,0,0,1.0,2457.3249,0.0,0.0,60,5.0,2.0,1.0
030_RC203,30,RC,6,3,OPTIMAL,2569.9943,6,6,6,0,0,1.0,2569.9943,0.0,0.0,60,5.0,2.0,1.0
030_RC203,30,RC,6,4,OPTIMAL,1860.314,6,5,4,1,1,0.8333,1859.9788,0.0,0.3351,60,5.0,2.0,1.0
030_RC203,30,RC,6,5,OPTIMAL,2561.6245,6,6,6,0,0,1.0,2561.6245,0.0,0.0,60,5.0,2.0,1.0
030_RC203,30,RC,6,6,OPTIMAL,2315.1552,6,6,6,0,0,1.0,2315.1552,0.0,0.0,60,5.0,2.0,1.0
030_RC203,30,RC,6,7,OPTIMAL,1957.0369,6,5,5,0,1,0.8333,1951.8111,0.0,5.2258,60,5.0,2.0,1.0
030_RC203,30,RC,6,8,OPTIMAL,2271.5077,6,6,6,0,0,1.0,2271.5077,0.0,0.0,60,5.0,2.0,1.0
030_RC203,30,RC,6,9,OPTIMAL,2608.9975,6,6,6,0,0,1.0,2608.9975,0.0,0.0,60,5.0,2.0,1.0
030_RC205,30,RC,2,0,OPTIMAL,708.2418,2,2,2,0,0,1.0,708.2418,0.0,0.0,60,5.0,2.0,1.0
030_RC205,30,RC,2,1,OPTIMAL,778.6292,2,2,2,0,0,1.0,778.6292,0.0,0.0,60,5.0,2.0,1.0
030_RC205,30,RC,2,2,OPTIMAL,928.0244,2,2,1,1,0,1.0,928.0244,0.0,0.0,60,5.0,2.0,1.0
030_RC205,30,RC,2,3,OPTIMAL,359.3717,2,1,1,0,1,0.5,348.0689,0.0,11.3028,60,5.0,2.0,1.0
030_RC205,30,RC,2,4,OPTIMAL,745.5259,2,2,2,0,0,1.0,745.5259,0.0,0.0,60,5.0,2.0,1.0
030_RC205,30,RC,2,5,OPTIMAL,886.0637,2,2,2,0,0,1.0,886.0637,0.0,0.0,60,5.0,2.0,1.0
030_RC205,30,RC,2,6,OPTIMAL,369.3124,2,1,1,0,1,0.5,353.4465,0.0,15.8659,60,5.0,2.0,1.0
030_RC205,30,RC,2,7,OPTIMAL,839.8877,2,2,2,0,0,1.0,839.8877,0.0,0.0,60,5.0,2.0,1.0
030_RC205,30,RC,2,8,OPTIMAL,723.9502,2,2,2,0,0,1.0,723.9502,0.0,0.0,60,5.0,2.0,1.0
030_RC205,30,RC,2,9,OPTIMAL,747.4659,2,2,2,0,0,1.0,747.4659,0.0,0.0,60,5.0,2.0,1.0
030_RC205,30,RC,4,0,OPTIMAL,1587.7604,4,4,4,0,0,1.0,1587.7604,0.0,0.0,60,5.0,2.0,1.0
030_RC205,30,RC,4,1,OPTIMAL,1694.0111,4,4,4,0,0,1.0,1694.0111,0.0,0.0,60,5.0,2.0,1.0
030_RC205,30,RC,4,2,OPTIMAL,1099.4966,4,3,3,0,1,0.75,1098.3603,0.0,1.1362,60,5.0,2.0,1.0
030_RC205,30,RC,4,3,OPTIMAL,1888.3129,4,4,3,1,0,1.0,1888.3129,0.0,0.0,60,5.0,2.0,1.0
030_RC205,30,RC,4,4,OPTIMAL,1551.8431,4,4,4,0,0,1.0,1551.8431,0.0,0.0,60,5.0,2.0,1.0
030_RC205,30,RC,4,5,OPTIMAL,1578.061,4,4,4,0,0,1.0,1578.061,0.0,0.0,60,5.0,2.0,1.0
030_RC205,30,RC,4,6,OPTIMAL,1326.7415,4,3,3,0,1,0.75,1317.1092,0.0,9.6324,60,5.0,2.0,1.0
030_RC205,30,RC,4,7,OPTIMAL,1755.8592,4,4,4,0,0,1.0,1755.8592,0.0,0.0,60,5.0,2.0,1.0
030_RC205,30,RC,4,8,OPTIMAL,1141.8963,4,3,3,0,1,0.75,1137.3381,0.0,4.5582,60,5.0,2.0,1.0
030_RC205,30,RC,4,9,OPTIMAL,1078.5641,4,3,3,0,1,0.75,1061.1221,0.0,17.442,60,5.0,2.0,1.0
030_RC205,30,RC,6,0,OPTIMAL,2450.6157,6,6,6,0,0,1.0,2450.6157,0.0,0.0,60,5.0,2.0,1.0
030_RC205,30,RC,6,1,OPTIMAL,2650.3442,6,6,6,0,0,1.0,2650.3442,0.0,0.0,60,5.0,2.0,1.0
030_RC205,30,RC,6,2,OPTIMAL,2457.3249,6,6,6,0,0,1.0,2457.3249,0.0,0.0,60,5.0,2.0,1.0
030_RC205,30,RC,6,3,OPTIMAL,2569.9943,6,6,6,0,0,1.0,2569.9943,0.0,0.0,60,5.0,2.0,1.0
030_RC205,30,RC,6,4,OPTIMAL,1860.1169,6,5,5,0,1,0.8333,1859.9788,0.0,0.138,60,5.0,2.0,1.0
030_RC205,30,RC,6,5,OPTIMAL,2561.6245,6,6,6,0,0,1.0,2561.6245,0.0,0.0,60,5.0,2.0,1.0
030_RC205,30,RC,6,6,OPTIMAL,2315.1552,6,6,6,0,0,1.0,2315.1552,0.0,0.0,60,5.0,2.0,1.0
030_RC205,30,RC,6,7,OPTIMAL,1585.2223,6,4,4,0,2,0.6667,1572.5644,0.0,12.6578,60,5.0,2.0,1.0
030_RC205,30,RC,6,8,OPTIMAL,1885.2989,6,5,5,0,1,0.8333,1870.825,0.0,14.4739,60,5.0,2.0,1.0
030_RC205,30,RC,6,9,OPTIMAL,2608.9975,6,6,6,0,0,1.0,2608.9975,0.0,0.0,60,5.0,2.0,1.0
035_C101,35,C,3,0,OPTIMAL,1151.0663,3,3,3,0,0,1.0,1151.0663,0.0,0.0,60,5.0,2.0,1.0
035_C101,35,C,3,1,OPTIMAL,441.4157,3,2,1,1,1,0.6667,409.5595,0.0,31.8562,60,5.0,2.0,1.0
035_C101,35,C,3,2,OPTIMAL,158.947,3,1,0,1,2,0.3333,133.0445,0.0,25.9025,60,5.0,2.0,1.0
035_C101,35,C,3,3,OPTIMAL,845.3927,3,3,3,0,0,1.0,845.3927,0.0,0.0,60,5.0,2.0,1.0
035_C101,35,C,3,4,OPTIMAL,313.6901,3,2,1,1,1,0.6667,310.7131,0.0,2.9769,60,5.0,2.0,1.0
035_C101,35,C,3,5,OPTIMAL,311.2142,3,2,2,0,1,0.6667,307.7489,0.0,3.4653,60,5.0,2.0,1.0
035_C101,35,C,3,6,OPTIMAL,979.169,3,3,3,0,0,1.0,979.169,0.0,0.0,60,5.0,2.0,1.0
035_C101,35,C,3,7,OPTIMAL,602.3111,3,2,2,0,1,0.6667,600.8007,0.0,1.5103,60,5.0,2.0,1.0
035_C101,35,C,3,8,OPTIMAL,641.7944,3,2,2,0,1,0.6667,615.811,0.0,25.9833,60,5.0,2.0,1.0
035_C101,35,C,3,9,OPTIMAL,678.1819,3,2,1,1,1,0.6667,670.7093,0.0,7.4725,60,5.0,2.0,1.0
035_C101,35,C,6,0,OPTIMAL,1726.0824,6,6,5,1,0,1.0,1726.0824,0.0,0.0,60,5.0,2.0,1.0
035_C101,35,C,6,1,OPTIMAL,1550.1449,6,4,4,0,2,0.6667,1537.8699,0.0,12.275,60,5.0,2.0,1.0
035_C101,35,C,6,2,OPTIMAL,904.063,6,4,4,0,2,0.6667,895.0216,0.0,9.0414,60,5.0,2.0,1.0
035_C101,35,C,6,3,OPTIMAL,1120.5258,6,4,4,0,2,0.6667,1119.4588,0.0,1.067,60,5.0,2.0,1.0
035_C101,35,C,6,4,OPTIMAL,962.0181,6,4,4,0,2,0.6667,953.9134,0.0,8.1047,60,5.0,2.0,1.0
035_C101,35,C,6,5,OPTIMAL,1283.0682,6,5,4,1,1,0.8333,1274.6989,0.0,8.3694,60,5.0,2.0,1.0
035_C101,35,C,6,6,OPTIMAL,1704.3344,6,6,6,0,0,1.0,1704.3344,0.0,0.0,60,5.0,2.0,1.0
035_C101,35,C,6,7,OPTIMAL,1300.5902,6,5,5,0,1,0.8333,1298.5046,0.0,2.0856,60,5.0,2.0,1.0
035_C101,35,C,6,8,OPTIMAL,1639.5292,6,6,5,1,0,1.0,1639.5292,0.0,0.0,60,5.0,2.0,1.0
035_C101,35,C,6,9,OPTIMAL,1563.8188,6,4,4,0,2,0.6667,1556.5497,0.0,7.2691,60,5.0,2.0,1.0
035_C101,35,C,9,0,OPTIMAL,2376.4952,9,8,8,0,1,0.8889,2347.1423,0.0,29.3529,60,5.0,2.0,1.0
035_C101,35,C,9,1,OPTIMAL,1397.57,9,6,5,1,3,0.6667,1317.2262,0.0,80.3438,60,5.0,2.0,1.0
035_C101,35,C,9,2,OPTIMAL,802.5183,9,4,3,1,5,0.4444,746.3971,0.0,56.1212,60,5.0,2.0,1.0
035_C101,35,C,9,3,OPTIMAL,1978.1982,9,6,6,0,3,0.6667,1958.2337,0.0,19.9645,60,5.0,2.0,1.0
035_C101,35,C,9,4,OPTIMAL,1555.5505,9,6,5,1,3,0.6667,1523.8208,0.0,31.7297,60,5.0,2.0,1.0
035_C101,35,C,9,5,OPTIMAL,1692.5357,9,6,5,1,3,0.6667,1658.7518,0.0,33.7839,60,5.0,2.0,1.0
035_C101,35,C,9,6,OPTIMAL,2438.055,9,8,7,1,1,0.8889,2419.0956,0.0,18.9594,60,5.0,2.0,1.0
035_C101,35,C,9,7,OPTIMAL,2065.2664,9,8,7,1,1,0.8889,2036.2497,0.0,29.0167,60,5.0,2.0,1.0
035_C101,35,C,9,8,OPTIMAL,1542.4177,9,6,5,1,3,0.6667,1507.2934,0.0,35.1243,60,5.0,2.0,1.0
035_C101,35,C,9,9,OPTIMAL,1921.38,9,7,7,0,2,0.7778,1897.0672,0.0,24.3128,60,5.0,2.0,1.0
035_C105,35,C,3,0,OPTIMAL,821.9926,3,2,2,0,1,0.6667,782.1919,0.0,39.8007,60,5.0,2.0,1.0
035_C105,35,C,3,1,OPTIMAL,514.1008,3,2,2,0,1,0.6667,489.6218,0.0,24.479,60,5.0,2.0,1.0
035_C105,35,C,3,2,OPTIMAL,10.3852,3,0,0,0,3,0.0,0.0,0.0,10.3852,60,5.0,2.0,1.0
035_C105,35,C,3,3,OPTIMAL,845.3927,3,3,3,0,0,1.0,845.3927,0.0,0.0,60,5.0,2.0,1.0
035_C105,35,C,3,4,OPTIMAL,501.0184,3,2,2,0,1,0.6667,479.6182,0.0,21.4001,60,5.0,2.0,1.0
035_C105,35,C,3,5,OPTIMAL,36.3251,3,0,0,0,3,0.0,0.0,0.0,36.3251,60,5.0,2.0,1.0
035_C105,35,C,3,6,OPTIMAL,979.169,3,3,3,0,0,1.0,979.169,0.0,0.0,60,5.0,2.0,1.0
035_C105,35,C,3,7,OPTIMAL,764.568,3,3,3,0,0,1.0,764.568,0.0,0.0,60,5.0,2.0,1.0
035_C105,35,C,3,8,OPTIMAL,659.1243,3,2,2,0,1,0.6667,615.811,0.0,43.3133,60,5.0,2.0,1.0
035_C105,35,C,3,9,OPTIMAL,923.8673,3,3,3,0,0,1.0,923.8673,0.0,0.0,60,5.0,2.0,1.0
035_C105,35,C,6,0,OPTIMAL,1573.7804,6,5,5,0,1,0.8333,1565.655,0.0,8.1253,60,5.0,2.0,1.0
035_C105,35,C,6,1,OPTIMAL,1735.5044,6,5,5,0,1,0.8333,1726.8419,0.0,8.6625,60,5.0,2.0,1.0
035_C105,35,C,6,2,OPTIMAL,446.7972,6,1,1,0,5,0.1667,386.5475,0.0,60.2497,60,5.0,2.0,1.0
035_C105,35,C,6,3,OPTIMAL,1129.4583,6,4,4,0,2,0.6667,1119.4588,0.0,9.9995,60,5.0,2.0,1.0
035_C105,35,C,6,4,OPTIMAL,967.2656,6,4,4,0,2,0.6667,953.9134,0.0,13.3522,60,5.0,2.0,1.0
035_C105,35,C,6,5,OPTIMAL,955.706,6,3,3,0,3,0.5,936.8976,0.0,18.8084,60,5.0,2.0,1.0
035_C105,35,C,6,6,OPTIMAL,1545.6833,6,5,5,0,1,0.8333,1544.4425,0.0,1.2408,60,5.0,2.0,1.0
035_C105,35,C,6,7,OPTIMAL,1279.9296,6,4,4,0,2,0.6667,1250.9799,0.0,28.9497,60,5.0,2.0,1.0
035_C105,35,C,6,8,OPTIMAL,1205.8377,6,4,4,0,2,0.6667,1152.8496,0.0,52.9881,60,5.0,2.0,1.0
035_C105,35,C,6,9,OPTIMAL,1769.0322,6,5,5,0,1,0.8333,1759.7537,0.0,9.2785,60,5.0,2.0,1.0
035_C105,35,C,9,0,OPTIMAL,2344.4275,9,8,7,1,1,0.8889,2336.0484,0.0,8.3791,60,5.0,2.0,1.0
035_C105,35,C,9,1,OPTIMAL,964.4404,9,3,3,0,6,0.3333,832.907,0.0,131.5333,60,5.0,2.0,1.0
035_C105,35,C,9,2,OPTIMAL,1336.6725,9,6,6,0,3,0.6667,1297.0862,0.0,39.5863,60,5.0,2.0,1.0
035_C105,35,C,9,3,OPTIMAL,2024.405,9,7,7,0,2,0.7778,1992.9667,0.0,31.4383,60,5.0,2.0,1.0
035_C105,35,C,9,4,OPTIMAL,1646.7029,9,5,5,0,4,0.5556,1591.3311,0.0,55.3719,60,5.0,2.0,1.0
035_C105,35,C,9,5,OPTIMAL,1496.4435,9,6,6,0,3,0.6667,1487.8212,0.0,8.6224,60,5.0,2.0,1.0
035_C105,35,C,9,6,OPTIMAL,2137.3047,9,6,6,0,3,0.6667,2114.7399,0.0,22.5648,60,5.0,2.0,1.0
035_C105,35,C,9,7,OPTIMAL,1879.0236,9,7,7,0,2,0.7778,1873.9617,0.0,5.0619,60,5.0,2.0,1.0
035_C105,35,C,9,8,OPTIMAL,843.9151,9,3,3,0,6,0.3333,742.376,0.0,101.5391,60,5.0,2.0,1.0
035_C105,35,C,9,9,OPTIMAL,1906.8944,9,7,7,0,2,0.7778,1906.5801,0.0,0.3143,60,5.0,2.0,1.0
035_C106,35,C,3,0,OPTIMAL,1151.0663,3,3,3,0,0,1.0,1151.0663,0.0,0.0,60,5.0,2.0,1.0
035_C106,35,C,3,1,OPTIMAL,305.4566,3,1,1,0,2,0.3333,218.4657,0.0,86.9909,60,5.0,2.0,1.0
035_C106,35,C,3,2,OPTIMAL,311.2773,3,2,1,1,1,0.6667,308.0188,0.0,3.2585,60,5.0,2.0,1.0
035_C106,35,C,3,3,OPTIMAL,845.3927,3,3,2,1,0,1.0,845.3927,0.0,0.0,60,5.0,2.0,1.0
035_C106,35,C,3,4,OPTIMAL,652.2996,3,3,3,0,0,1.0,652.2996,0.0,0.0,60,5.0,2.0,1.0
035_C106,35,C,3,5,OPTIMAL,629.3111,3,3,2,1,0,1.0,629.3111,0.0,0.0,60,5.0,2.0,1.0
035_C106,35,C,3,6,OPTIMAL,979.169,3,3,3,0,0,1.0,979.169,0.0,0.0,60,5.0,2.0,1.0
035_C106,35,C,3,7,OPTIMAL,290.2442,3,1,1,0,2,0.3333,252.7746,0.0,37.4697,60,5.0,2.0,1.0
035_C106,35,C,3,8,OPTIMAL,836.2391,3,3,2,1,0,1.0,836.2391,0.0,0.0,60,5.0,2.0,1.0
035_C106,35,C,3,9,OPTIMAL,659.5352,3,2,2,0,1,0.6667,594.9375,0.0,64.5976,60,5.0,2.0,1.0
035_C106,35,C,6,0,OPTIMAL,1726.0824,6,6,6,0,0,1.0,1726.0824,0.0,0.0,60,5.0,2.0,1.0
035_C106,35,C,6,1,OPTIMAL,1552.6242,6,4,4,0,2,0.6667,1537.8699,0.0,14.7542,60,5.0,2.0,1.0
035_C106,35,C,6,2,OPTIMAL,941.253,6,4,4,0,2,0.6667,934.3497,0.0,6.9033,60,5.0,2.0,1.0
035_C106,35,C,6,3,OPTIMAL,1115.1104,6,4,4,0,2,0.6667,1099.1092,0.0,16.0012,60,5.0,2.0,1.0
035_C106,35,C,6,4,OPTIMAL,936.045,6,5,4,1,1,0.8333,936.0426,0.0,0.0024,60,5.0,2.0,1.0
035_C106,35,C,6,5,OPTIMAL,1278.0004,6,5,5,0,1,0.8333,1274.6989,0.0,3.3015,60,5.0,2.0,1.0
035_C106,35,C,6,6,OPTIMAL,1035.1222,6,3,3,0,3,0.5,969.5221,0.0,65.6001,60,5.0,2.0,1.0
035_C106,35,C,6,7,OPTIMAL,1082.1028,6,4,4,0,2,0.6667,1078.9139,0.0,3.1889,60,5.0,2.0,1.0
035_C106,35,C,6,8,OPTIMAL,1639.5292,6,6,5,1,0,1.0,1639.5292,0.0,0.0,60,5.0,2.0,1.0
035_C106,35,C,6,9,OPTIMAL,1782.7471,6,5,5,0,1,0.8333,1782.2159,0.0,0.5312,60,5.0,2.0,1.0
035_C106,35,C,9,0,OPTIMAL,2348.1681,9,8,8,0,1,0.8889,2347.1423,0.0,1.0258,60,5.0,2.0,1.0
035_C106,35,C,9,1,OPTIMAL,1788.5583,9,8,6,2,1,0.8889,1778.1408,0.0,10.4175,60,5.0,2.0,1.0
035_C106,35,C,9,2,OPTIMAL,1329.1783,9,6,6,0,3,0.6667,1278.7415,0.0,50.4368,60,5.0,2.0,1.0
035_C106,35,C,9,3,OPTIMAL,2287.4173,9,8,7,1,1,0.8889,2282.6153,0.0,4.802,60,5.0,2.0,1.0
035_C106,35,C,9,4,OPTIMAL,1778.0837,9,7,7,0,2,0.7778,1743.5171,0.0,34.5666,60,5.0,2.0,1.0
035_C106,35,C,9,5,OPTIMAL,2035.1138,9,8,8,0,1,0.8889,2009.2426,0.0,25.8712,60,5.0,2.0,1.0
035_C106,35,C,9,6,OPTIMAL,2137.3047,9,6,6,0,3,0.6667,2114.7399,0.0,22.5648,60,5.0,2.0,1.0
035_C106,35,C,9,7,OPTIMAL,2038.0466,9,7,6,1,2,0.7778,2028.0293,0.0,10.0173,60,5.0,2.0,1.0
035_C106,35,C,9,8,OPTIMAL,1020.9149,9,3,3,0,6,0.3333,918.9102,0.0,102.0047,60,5.0,2.0,1.0
035_C106,35,C,9,9,OPTIMAL,1906.8944,9,7,7,0,2,0.7778,1906.5801,0.0,0.3143,60,5.0,2.0,1.0
035_C107,35,C,3,0,OPTIMAL,1151.0663,3,3,3,0,0,1.0,1151.0663,0.0,0.0,60,5.0,2.0,1.0
035_C107,35,C,3,1,OPTIMAL,708.0874,3,3,3,0,0,1.0,708.0874,0.0,0.0,60,5.0,2.0,1.0
035_C107,35,C,3,2,OPTIMAL,192.6164,3,1,1,0,2,0.3333,174.9743,0.0,17.6421,60,5.0,2.0,1.0
035_C107,35,C,3,3,OPTIMAL,845.3927,3,3,3,0,0,1.0,845.3927,0.0,0.0,60,5.0,2.0,1.0
035_C107,35,C,3,4,OPTIMAL,652.2996,3,3,3,0,0,1.0,652.2996,0.0,0.0,60,5.0,2.0,1.0
035_C107,35,C,3,5,OPTIMAL,629.3111,3,3,3,0,0,1.0,629.3111,0.0,0.0,60,5.0,2.0,1.0
035_C107,35,C,3,6,OPTIMAL,979.169,3,3,3,0,0,1.0,979.169,0.0,0.0,60,5.0,2.0,1.0
035_C107,35,C,3,7,OPTIMAL,764.568,3,3,3,0,0,1.0,764.568,0.0,0.0,60,5.0,2.0,1.0
035_C107,35,C,3,8,OPTIMAL,626.002,3,2,2,0,1,0.6667,623.0176,0.0,2.9844,60,5.0,2.0,1.0
035_C107,35,C,3,9,OPTIMAL,923.8673,3,3,3,0,0,1.0,923.8673,0.0,0.0,60,5.0,2.0,1.0
035_C107,35,C,6,0,OPTIMAL,1001.035,6,3,3,0,3,0.5,978.6602,0.0,22.3747,60,5.0,2.0,1.0
035_C107,35,C,6,1,OPTIMAL,1927.0118,6,6,6,0,0,1.0,1927.0118,0.0,0.0,60,5.0,2.0,1.0
035_C107,35,C,6,2,OPTIMAL,1042.2894,6,5,4,1,1,0.8333,1039.3017,0.0,2.9878,60,5.0,2.0,1.0
035_C107,35,C,6,3,OPTIMAL,1127.7347,6,5,5,0,1,0.8333,1102.9192,0.0,24.8156,60,5.0,2.0,1.0
035_C107,35,C,6,4,OPTIMAL,938.5227,6,4,4,0,2,0.6667,888.4583,0.0,50.0643,60,5.0,2.0,1.0
035_C107,35,C,6,5,OPTIMAL,1133.1911,6,4,4,0,2,0.6667,1114.9491,0.0,18.2419,60,5.0,2.0,1.0
035_C107,35,C,6,6,OPTIMAL,1278.7697,6,4,3,1,2,0.6667,1235.0261,0.0,43.7436,60,5.0,2.0,1.0
035_C107,35,C,6,7,OPTIMAL,1317.9563,6,5,4,1,1,0.8333,1313.6208,0.0,4.3355,60,5.0,2.0,1.0
035_C107,35,C,6,8,OPTIMAL,1482.9899,6,5,4,1,1,0.8333,1480.5751,0.0,2.4147,60,5.0,2.0,1.0
035_C107,35,C,6,9,OPTIMAL,1792.213,6,5,5,0,1,0.8333,1782.2159,0.0,9.9971,60,5.0,2.0,1.0
035_C107,35,C,9,0,OPTIMAL,1909.9977,9,6,5,1,3,0.6667,1855.3527,0.0,54.645,60,5.0,2.0,1.0
035_C107,35,C,9,1,OPTIMAL,1873.146,9,8,8,0,1,0.8889,1865.7316,0.0,7.4144,60,5.0,2.0,1.0
035_C107,35,C,9,2,OPTIMAL,1077.5854,9,5,5,0,4,0.5556,1038.0049,0.0,39.5805,60,5.0,2.0,1.0
035_C107,35,C,9,3,OPTIMAL,1627.568,9,6,6,0,3,0.6667,1617.9664,0.0,9.6016,60,5.0,2.0,1.0
035_C107,35,C,9,4,OPTIMAL,2149.7304,9,8,7,1,1,0.8889,2109.6721,0.0,40.0583,60,5.0,2.0,1.0
035_C107,35,C,9,5,OPTIMAL,2042.8499,9,8,7,1,1,0.8889,2036.8724,0.0,5.9774,60,5.0,2.0,1.0
035_C107,35,C,9,6,OPTIMAL,1741.2731,9,6,6,0,3,0.6667,1714.4557,0.0,26.8174,60,5.0,2.0,1.0
035_C107,35,C,9,7,OPTIMAL,2178.7487,9,8,8,0,1,0.8889,2167.019,0.0,11.7297,60,5.0,2.0,1.0
035_C107,35,C,9,8,OPTIMAL,1348.093,9,5,4,1,4,0.5556,1316.1235,0.0,31.9695,60,5.0,2.0,1.0
035_C107,35,C,9,9,OPTIMAL,2080.554,9,8,7,1,1,0.8889,2080.4163,0.0,0.1377,60,5.0,2.0,1.0
035_C108,35,C,3,0,OPTIMAL,1151.0663,3,3,3,0,0,1.0,1151.0663,0.0,0.0,60,5.0,2.0,1.0
035_C108,35,C,3,1,OPTIMAL,196.5918,3,1,1,0,2,0.3333,191.0938,0.0,5.498,60,5.0,2.0,1.0
035_C108,35,C,3,2,OPTIMAL,311.2773,3,2,1,1,1,0.6667,308.0188,0.0,3.2585,60,5.0,2.0,1.0
035_C108,35,C,3,3,OPTIMAL,845.3927,3,3,3,0,0,1.0,845.3927,0.0,0.0,60,5.0,2.0,1.0
035_C108,35,C,3,4,OPTIMAL,349.9726,3,2,2,0,1,0.6667,310.7131,0.0,39.2595,60,5.0,2.0,1.0
035_C108,35,C,3,5,OPTIMAL,308.4207,3,2,2,0,1,0.6667,307.7489,0.0,0.6719,60,5.0,2.0,1.0
035_C108,35,C,3,6,OPTIMAL,979.169,3,3,3,0,0,1.0,979.169,0.0,0.0,60,5.0,2.0,1.0
035_C108,35,C,3,7,OPTIMAL,623.1381,3,2,2,0,1,0.6667,600.8007,0.0,22.3374,60,5.0,2.0,1.0
035_C108,35,C,3,8,OPTIMAL,626.002,3,2,2,0,1,0.6667,623.0176,0.0,2.9844,60,5.0,2.0,1.0
035_C108,35,C,3,9,OPTIMAL,923.8673,3,3,2,1,0,1.0,923.8673,0.0,0.0,60,5.0,2.0,1.0
035_C108,35,C,6,0,OPTIMAL,1586.6349,6,5,4,1,1,0.8333,1565.655,0.0,20.9799,60,5.0,2.0,1.0
035_C108,35,C,6,1,OPTIMAL,1739.0746,6,5,4,1,1,0.8333,1738.0398,0.0,1.0348,60,5.0,2.0,1.0
035_C108,35,C,6,2,OPTIMAL,1047.6898,6,5,5,0,1,0.8333,1039.3017,0.0,8.3882,60,5.0,2.0,1.0
035_C108,35,C,6,3,OPTIMAL,1423.0841,6,6,4,2,0,1.0,1423.0841,0.0,0.0,60,5.0,2.0,1.0
035_C108,35,C,6,4,OPTIMAL,953.2582,6,4,4,0,2,0.6667,930.2333,0.0,23.0248,60,5.0,2.0,1.0
035_C108,35,C,6,5,OPTIMAL,1139.8205,6,4,4,0,2,0.6667,1114.9491,0.0,24.8714,60,5.0,2.0,1.0
035_C108,35,C,6,6,OPTIMAL,1551.9913,6,5,4,1,1,0.8333,1544.4425,0.0,7.5488,60,5.0,2.0,1.0
035_C108,35,C,6,7,OPTIMAL,1110.4194,6,4,4,0,2,0.6667,1094.0301,0.0,16.3893,60,5.0,2.0,1.0
035_C108,35,C,6,8,OPTIMAL,1170.0281,6,4,4,0,2,0.6667,1131.434,0.0,38.5941,60,5.0,2.0,1.0
035_C108,35,C,6,9,OPTIMAL,1782.2545,6,5,5,0,1,0.8333,1782.2159,0.0,0.0386,60,5.0,2.0,1.0
035_C108,35,C,9,0,OPTIMAL,1893.981,9,7,7,0,2,0.7778,1828.9805,0.0,65.0005,60,5.0,2.0,1.0
035_C108,35,C,9,1,OPTIMAL,1637.6412,9,7,6,1,2,0.7778,1601.8945,0.0,35.7467,60,5.0,2.0,1.0
035_C108,35,C,9,2,OPTIMAL,1479.2319,9,7,7,0,2,0.7778,1444.7453,0.0,34.4866,60,5.0,2.0,1.0
035_C108,35,C,9,3,OPTIMAL,2012.3047,9,6,4,2,3,0.6667,1958.2337,0.0,54.0711,60,5.0,2.0,1.0
035_C108,35,C,9,4,OPTIMAL,2318.4337,9,9,9,0,0,1.0,2318.4337,0.0,0.0,60,5.0,2.0,1.0
035_C108,35,C,9,5,OPTIMAL,1717.8948,9,6,6,0,3,0.6667,1705.8809,0.0,12.0139,60,5.0,2.0,1.0
035_C108,35,C,9,6,OPTIMAL,2222.264,9,7,7,0,2,0.7778,2203.5566,0.0,18.7075,60,5.0,2.0,1.0
035_C108,35,C,9,7,OPTIMAL,2178.7487,9,8,8,0,1,0.8889,2167.019,0.0,11.7297,60,5.0,2.0,1.0
035_C108,35,C,9,8,OPTIMAL,1276.7071,9,5,4,1,4,0.5556,1197.5192,0.0,79.1879,60,5.0,2.0,1.0
035_C108,35,C,9,9,OPTIMAL,1705.9657,9,6,4,2,3,0.6667,1698.0038,0.0,7.9619,60,5.0,2.0,1.0
035_C201,35,C,3,0,OPTIMAL,858.9116,3,3,3,0,0,1.0,858.9116,0.0,0.0,60,5.0,2.0,1.0
035_C201,35,C,3,1,OPTIMAL,641.2619,3,3,3,0,0,1.0,641.2619,0.0,0.0,60,5.0,2.0,1.0
035_C201,35,C,3,2,OPTIMAL,833.5988,3,3,3,0,0,1.0,833.5988,0.0,0.0,60,5.0,2.0,1.0
035_C201,35,C,3,3,OPTIMAL,861.9998,3,3,3,0,0,1.0,861.9998,0.0,0.0,60,5.0,2.0,1.0
035_C201,35,C,3,4,OPTIMAL,886.2035,3,3,3,0,0,1.0,886.2035,0.0,0.0,60,5.0,2.0,1.0
035_C201,35,C,3,5,OPTIMAL,793.2783,3,3,3,0,0,1.0,793.2783,0.0,0.0,60,5.0,2.0,1.0
035_C201,35,C,3,6,OPTIMAL,536.559,3,2,2,0,1,0.6667,517.4964,0.0,19.0626,60,5.0,2.0,1.0
035_C201,35,C,3,7,OPTIMAL,530.7722,3,3,3,0,0,1.0,530.7722,0.0,0.0,60,5.0,2.0,1.0
035_C201,35,C,3,8,OPTIMAL,765.3818,3,3,3,0,0,1.0,765.3818,0.0,0.0,60,5.0,2.0,1.0
035_C201,35,C,3,9,OPTIMAL,410.8489,3,2,2,0,1,0.6667,378.1458,0.0,32.7031,60,5.0,2.0,1.0
035_C201,35,C,6,0,OPTIMAL,1549.9295,6,6,6,0,0,1.0,1549.9295,0.0,0.0,60,5.0,2.0,1.0
035_C201,35,C,6,1,OPTIMAL,1282.9136,6,6,6,0,0,1.0,1282.9136,0.0,0.0,60,5.0,2.0,1.0
035_C201,35,C,6,2,OPTIMAL,1603.3431,6,6,6,0,0,1.0,1603.3431,0.0,0.0,60,5.0,2.0,1.0
035_C201,35,C,6,3,OPTIMAL,1254.3312,6,5,5,0,1,0.8333,1253.5824,0.0,0.7488,60,5.0,2.0,1.0
035_C201,35,C,6,4,OPTIMAL,1661.4121,6,6,5,1,0,1.0,1661.4121,0.0,0.0,60,5.0,2.0,1.0
035_C201,35,C,6,5,OPTIMAL,1342.5971,6,5,5,0,1,0.8333,1340.814,0.0,1.783,60,5.0,2.0,1.0
035_C201,35,C,6,6,OPTIMAL,1895.8144,6,6,6,0,0,1.0,1895.8144,0.0,0.0,60,5.0,2.0,1.0
035_C201,35,C,6,7,OPTIMAL,912.0179,6,4,4,0,2,0.6667,885.2092,0.0,26.8087,60,5.0,2.0,1.0
035_C201,35,C,6,8,OPTIMAL,1137.5572,6,5,5,0,1,0.8333,1125.9451,0.0,11.6121,60,5.0,2.0,1.0
035_C201,35,C,6,9,OPTIMAL,1609.086,6,5,5,0,1,0.8333,1608.8871,0.0,0.1989,60,5.0,2.0,1.0
035_C201,35,C,9,0,OPTIMAL,2509.0549,9,9,9,0,0,1.0,2509.0549,0.0,0.0,60,5.0,2.0,1.0
035_C201,35,C,9,1,OPTIMAL,2051.4229,9,9,8,1,0,1.0,2051.4229,0.0,0.0,60,5.0,2.0,1.0
035_C201,35,C,9,2,OPTIMAL,1535.9464,9,6,5,1,3,0.6667,1508.7551,0.0,27.1913,60,5.0,2.0,1.0
035_C201,35,C,9,3,OPTIMAL,2891.0846,9,9,9,0,0,1.0,2891.0846,0.0,0.0,60,5.0,2.0,1.0
035_C201,35,C,9,4,OPTIMAL,2042.1986,9,8,8,0,1,0.8889,2029.913,0.0,12.2856,60,5.0,2.0,1.0
035_C201,35,C,9,5,OPTIMAL,2036.3095,9,8,7,1,1,0.8889,2029.5973,0.0,6.7122,60,5.0,2.0,1.0
035_C201,35,C,9,6,OPTIMAL,2384.527,9,9,9,0,0,1.0,2384.527,0.0,0.0,60,5.0,2.0,1.0
035_C201,35,C,9,7,OPTIMAL,2306.5895,9,8,7,1,1,0.8889,2289.9922,0.0,16.5973,60,5.0,2.0,1.0
035_C201,35,C,9,8,OPTIMAL,2434.4791,9,8,8,0,1,0.8889,2434.4791,0.0,0.0,60,5.0,2.0,1.0
035_C201,35,C,9,9,OPTIMAL,2607.3614,9,9,9,0,0,1.0,2607.3614,0.0,0.0,60,5.0,2.0,1.0
035_C202,35,C,3,0,OPTIMAL,858.9116,3,3,3,0,0,1.0,858.9116,0.0,0.0,60,5.0,2.0,1.0
035_C202,35,C,3,1,OPTIMAL,641.2619,3,3,3,0,0,1.0,641.2619,0.0,0.0,60,5.0,2.0,1.0
035_C202,35,C,3,2,OPTIMAL,833.5988,3,3,3,0,0,1.0,833.5988,0.0,0.0,60,5.0,2.0,1.0
035_C202,35,C,3,3,OPTIMAL,861.9998,3,3,3,0,0,1.0,861.9998,0.0,0.0,60,5.0,2.0,1.0
035_C202,35,C,3,4,OPTIMAL,886.2035,3,3,3,0,0,1.0,886.2035,0.0,0.0,60,5.0,2.0,1.0
035_C202,35,C,3,5,OPTIMAL,581.9451,3,2,2,0,1,0.6667,500.7876,0.0,81.1575,60,5.0,2.0,1.0
035_C202,35,C,3,6,OPTIMAL,555.6217,3,2,2,0,1,0.6667,517.4964,0.0,38.1253,60,5.0,2.0,1.0
035_C202,35,C,3,7,OPTIMAL,530.7722,3,3,3,0,0,1.0,530.7722,0.0,0.0,60,5.0,2.0,1.0
035_C202,35,C,3,8,OPTIMAL,765.3818,3,3,3,0,0,1.0,765.3818,0.0,0.0,60,5.0,2.0,1.0
035_C202,35,C,3,9,OPTIMAL,384.7341,3,2,2,0,1,0.6667,378.1458,0.0,6.5883,60,5.0,2.0,1.0
035_C202,35,C,6,0,OPTIMAL,1549.9295,6,6,6,0,0,1.0,1549.9295,0.0,0.0,60,5.0,2.0,1.0
035_C202,35,C,6,1,OPTIMAL,1282.9136,6,6,6,0,0,1.0,1282.9136,0.0,0.0,60,5.0,2.0,1.0
035_C202,35,C,6,2,OPTIMAL,1603.3431,6,6,6,0,0,1.0,1603.3431,0.0,0.0,60,5.0,2.0,1.0
035_C202,35,C,6,3,OPTIMAL,1139.1493,6,4,4,0,2,0.6667,1132.8528,0.0,6.2965,60,5.0,2.0,1.0
035_C202,35,C,6,4,OPTIMAL,1661.4121,6,6,6,0,0,1.0,1661.4121,0.0,0.0,60,5.0,2.0,1.0
035_C202,35,C,6,5,OPTIMAL,1464.8843,6,6,5,1,0,1.0,1464.8843,0.0,0.0,60,5.0,2.0,1.0
035_C202,35,C,6,6,OPTIMAL,1895.8144,6,6,6,0,0,1.0,1895.8144,0.0,0.0,60,5.0,2.0,1.0
035_C202,35,C,6,7,OPTIMAL,1233.4964,6,5,5,0,1,0.8333,1227.9938,0.0,5.5026,60,5.0,2.0,1.0
035_C202,35,C,6,8,OPTIMAL,1340.9895,6,6,5,1,0,1.0,1340.9895,0.0,0.0,60,5.0,2.0,1.0
035_C202,35,C,6,9,OPTIMAL,1784.5174,6,6,5,1,0,1.0,1784.5174,0.0,0.0,60,5.0,2.0,1.0
035_C202,35,C,9,0,OPTIMAL,2509.0549,9,9,9,0,0,1.0,2509.0549,0.0,0.0,60,5.0,2.0,1.0
035_C202,35,C,9,1,OPTIMAL,1846.5179,9,8,8,0,1,0.8889,1838.3071,0.0,8.2108,60,5.0,2.0,1.0
035_C202,35,C,9,2,OPTIMAL,1473.3346,9,6,5,1,3,0.6667,1435.7262,0.0,37.6083,60,5.0,2.0,1.0
035_C202,35,C,9,3,OPTIMAL,2891.0846,9,9,9,0,0,1.0,2891.0846,0.0,0.0,60,5.0,2.0,1.0
035_C202,35,C,9,4,OPTIMAL,2042.1986,9,8,8,0,1,0.8889,2029.913,0.0,12.2856,60,5.0,2.0,1.0
035_C202,35,C,9,5,OPTIMAL,2036.3095,9,8,8,0,1,0.8889,2029.5973,0.0,6.7122,60,5.0,2.0,1.0
035_C202,35,C,9,6,OPTIMAL,2384.527,9,9,9,0,0,1.0,2384.527,0.0,0.0,60,5.0,2.0,1.0
035_C202,35,C,9,7,OPTIMAL,2271.6204,9,8,8,0,1,0.8889,2266.7553,0.0,4.8651,60,5.0,2.0,1.0
035_C202,35,C,9,8,OPTIMAL,2654.3813,9,9,9,0,0,1.0,2654.3813,0.0,0.0,60,5.0,2.0,1.0
035_C202,35,C,9,9,OPTIMAL,2607.3614,9,9,9,0,0,1.0,2607.3614,0.0,0.0,60,5.0,2.0,1.0
035_C205,35,C,3,0,OPTIMAL,858.9116,3,3,3,0,0,1.0,858.9116,0.0,0.0,60,5.0,2.0,1.0
035_C205,35,C,3,1,OPTIMAL,523.5024,3,2,2,0,1,0.6667,508.2831,0.0,15.2193,60,5.0,2.0,1.0
035_C205,35,C,3,2,OPTIMAL,833.5988,3,3,2,1,0,1.0,833.5988,0.0,0.0,60,5.0,2.0,1.0
035_C205,35,C,3,3,OPTIMAL,861.9998,3,3,3,0,0,1.0,861.9998,0.0,0.0,60,5.0,2.0,1.0
035_C205,35,C,3,4,OPTIMAL,886.2035,3,3,3,0,0,1.0,886.2035,0.0,0.0,60,5.0,2.0,1.0
035_C205,35,C,3,5,OPTIMAL,793.2783,3,3,3,0,0,1.0,793.2783,0.0,0.0,60,5.0,2.0,1.0
035_C205,35,C,3,6,OPTIMAL,615.6732,3,3,3,0,0,1.0,615.6732,0.0,0.0,60,5.0,2.0,1.0
035_C205,35,C,3,7,OPTIMAL,530.7722,3,3,3,0,0,1.0,530.7722,0.0,0.0,60,5.0,2.0,1.0
035_C205,35,C,3,8,OPTIMAL,765.3818,3,3,2,1,0,1.0,765.3818,0.0,0.0,60,5.0,2.0,1.0
035_C205,35,C,3,9,OPTIMAL,570.3265,3,2,2,0,1,0.6667,563.9184,0.0,6.4081,60,5.0,2.0,1.0
035_C205,35,C,6,0,OPTIMAL,1549.9295,6,6,6,0,0,1.0,1549.9295,0.0,0.0,60,5.0,2.0,1.0
035_C205,35,C,6,1,OPTIMAL,1087.2535,6,5,5,0,1,0.8333,1086.8461,0.0,0.4075,60,5.0,2.0,1.0
035_C205,35,C,6,2,OPTIMAL,1603.3431,6,6,5,1,0,1.0,1603.3431,0.0,0.0,60,5.0,2.0,1.0
035_C205,35,C,6,3,OPTIMAL,1621.19,6,6,6,0,0,1.0,1621.19,0.0,0.0,60,5.0,2.0,1.0
035_C205,35,C,6,4,OPTIMAL,1661.4121,6,6,6,0,0,1.0,1661.4121,0.0,0.0,60,5.0,2.0,1.0
035_C205,35,C,6,5,OPTIMAL,1034.5541,6,4,4,0,2,0.6667,1024.0429,0.0,10.5112,60,5.0,2.0,1.0
035_C205,35,C,6,6,OPTIMAL,1737.4131,6,5,5,0,1,0.8333,1681.08,0.0,56.3331,60,5.0,2.0,1.0
035_C205,35,C,6,7,OPTIMAL,789.5854,6,3,3,0,3,0.5,759.0054,0.0,30.58,60,5.0,2.0,1.0
035_C205,35,C,6,8,OPTIMAL,1006.4889,6,5,5,0,1,0.8333,993.4655,0.0,13.0234,60,5.0,2.0,1.0
035_C205,35,C,6,9,OPTIMAL,1784.5174,6,6,6,0,0,1.0,1784.5174,0.0,0.0,60,5.0,2.0,1.0
035_C205,35,C,9,0,OPTIMAL,2227.1572,9,7,7,0,2,0.7778,2219.1966,0.0,7.9606,60,5.0,2.0,1.0
035_C205,35,C,9,1,OPTIMAL,1822.7005,9,7,7,0,2,0.7778,1811.8617,0.0,10.8388,60,5.0,2.0,1.0
035_C205,35,C,9,2,OPTIMAL,2098.4809,9,8,8,0,1,0.8889,2089.6942,0.0,8.7868,60,5.0,2.0,1.0
035_C205,35,C,9,3,OPTIMAL,2891.0846,9,9,9,0,0,1.0,2891.0846,0.0,0.0,60,5.0,2.0,1.0
035_C205,35,C,9,4,OPTIMAL,1931.7167,9,7,7,0,2,0.7778,1918.6469,0.0,13.0698,60,5.0,2.0,1.0
035_C205,35,C,9,5,OPTIMAL,1747.7524,9,7,7,0,2,0.7778,1724.2415,0.0,23.5109,60,5.0,2.0,1.0
035_C205,35,C,9,6,OPTIMAL,2384.527,9,9,8,1,0,1.0,2384.527,0.0,0.0,60,5.0,2.0,1.0
035_C205,35,C,9,7,OPTIMAL,2432.0769,9,9,9,0,0,1.0,2432.0769,0.0,0.0,60,5.0,2.0,1.0
035_C205,35,C,9,8,OPTIMAL,2654.3813,9,9,9,0,0,1.0,2654.3813,0.0,0.0,60,5.0,2.0,1.0
035_C205,35,C,9,9,OPTIMAL,2425.8729,9,8,8,0,1,0.8889,2422.5301,0.0,3.3427,60,5.0,2.0,1.0
035_C206,35,C,3,0,OPTIMAL,858.9116,3,3,3,0,0,1.0,858.9116,0.0,0.0,60,5.0,2.0,1.0
035_C206,35,C,3,1,OPTIMAL,641.2619,3,3,3,0,0,1.0,641.2619,0.0,0.0,60,5.0,2.0,1.0
035_C206,35,C,3,2,OPTIMAL,833.5988,3,3,2,1,0,1.0,833.5988,0.0,0.0,60,5.0,2.0,1.0
035_C206,35,C,3,3,OPTIMAL,861.9998,3,3,3,0,0,1.0,861.9998,0.0,0.0,60,5.0,2.0,1.0
035_C206,35,C,3,4,OPTIMAL,886.2035,3,3,3,0,0,1.0,886.2035,0.0,0.0,60,5.0,2.0,1.0
035_C206,35,C,3,5,OPTIMAL,793.2783,3,3,3,0,0,1.0,793.2783,0.0,0.0,60,5.0,2.0,1.0
035_C206,35,C,3,6,OPTIMAL,615.6732,3,3,3,0,0,1.0,615.6732,0.0,0.0,60,5.0,2.0,1.0
035_C206,35,C,3,7,OPTIMAL,282.8155,3,2,2,0,1,0.6667,276.4586,0.0,6.3568,60,5.0,2.0,1.0
035_C206,35,C,3,8,OPTIMAL,765.3818,3,3,3,0,0,1.0,765.3818,0.0,0.0,60,5.0,2.0,1.0
035_C206,35,C,3,9,OPTIMAL,401.0293,3,2,2,0,1,0.6667,378.1458,0.0,22.8835,60,5.0,2.0,1.0
035_C206,35,C,6,0,OPTIMAL,1410.9357,6,5,5,0,1,0.8333,1404.259,0.0,6.6767,60,5.0,2.0,1.0
035_C206,35,C,6,1,OPTIMAL,1282.9136,6,6,6,0,0,1.0,1282.9136,0.0,0.0,60,5.0,2.0,1.0
035_C206,35,C,6,2,OPTIMAL,1603.3431,6,6,6,0,0,1.0,1603.3431,0.0,0.0,60,5.0,2.0,1.0
035_C206,35,C,6,3,OPTIMAL,1621.19,6,6,6,0,0,1.0,1621.19,0.0,0.0,60,5.0,2.0,1.0
035_C206,35,C,6,4,OPTIMAL,1661.4121,6,6,6,0,0,1.0,1661.4121,0.0,0.0,60,5.0,2.0,1.0
035_C206,35,C,6,5,OPTIMAL,1464.8843,6,6,6,0,0,1.0,1464.8843,0.0,0.0,60,5.0,2.0,1.0
035_C206,35,C,6,6,OPTIMAL,1895.8144,6,6,6,0,0,1.0,1895.8144,0.0,0.0,60,5.0,2.0,1.0
035_C206,35,C,6,7,OPTIMAL,1256.9995,6,5,5,0,1,0.8333,1227.9938,0.0,29.0057,60,5.0,2.0,1.0
035_C206,35,C,6,8,OPTIMAL,1340.9895,6,6,5,1,0,1.0,1340.9895,0.0,0.0,60,5.0,2.0,1.0
035_C206,35,C,6,9,OPTIMAL,1784.5174,6,6,6,0,0,1.0,1784.5174,0.0,0.0,60,5.0,2.0,1.0
035_C206,35,C,9,0,OPTIMAL,2509.0549,9,9,9,0,0,1.0,2509.0549,0.0,0.0,60,5.0,2.0,1.0
035_C206,35,C,9,1,OPTIMAL,1844.4905,9,8,8,0,1,0.8889,1838.3071,0.0,6.1834,60,5.0,2.0,1.0
035_C206,35,C,9,2,OPTIMAL,1940.5443,9,8,8,0,1,0.8889,1896.6132,0.0,43.9311,60,5.0,2.0,1.0
035_C206,35,C,9,3,OPTIMAL,2891.0846,9,9,9,0,0,1.0,2891.0846,0.0,0.0,60,5.0,2.0,1.0
035_C206,35,C,9,4,OPTIMAL,1830.216,9,7,7,0,2,0.7778,1808.2808,0.0,21.9352,60,5.0,2.0,1.0
035_C206,35,C,9,5,OPTIMAL,2191.5066,9,9,8,1,0,1.0,2191.5066,0.0,0.0,60,5.0,2.0,1.0
035_C206,35,C,9,6,OPTIMAL,2384.527,9,9,9,0,0,1.0,2384.527,0.0,0.0,60,5.0,2.0,1.0
035_C206,35,C,9,7,OPTIMAL,2130.4044,9,7,7,0,2,0.7778,2124.6707,0.0,5.7337,60,5.0,2.0,1.0
035_C206,35,C,9,8,OPTIMAL,2529.1594,9,8,8,0,1,0.8889,2520.4607,0.0,8.6987,60,5.0,2.0,1.0
035_C206,35,C,9,9,OPTIMAL,2607.3614,9,9,9,0,0,1.0,2607.3614,0.0,0.0,60,5.0,2.0,1.0
035_C207,35,C,3,0,OPTIMAL,858.9116,3,3,3,0,0,1.0,858.9116,0.0,0.0,60,5.0,2.0,1.0
035_C207,35,C,3,1,OPTIMAL,514.7548,3,2,2,0,1,0.6667,508.2831,0.0,6.4717,60,5.0,2.0,1.0
035_C207,35,C,3,2,OPTIMAL,833.5988,3,3,3,0,0,1.0,833.5988,0.0,0.0,60,5.0,2.0,1.0
035_C207,35,C,3,3,OPTIMAL,861.9998,3,3,3,0,0,1.0,861.9998,0.0,0.0,60,5.0,2.0,1.0
035_C207,35,C,3,4,OPTIMAL,886.2035,3,3,3,0,0,1.0,886.2035,0.0,0.0,60,5.0,2.0,1.0
035_C207,35,C,3,5,OPTIMAL,793.2783,3,3,3,0,0,1.0,793.2783,0.0,0.0,60,5.0,2.0,1.0
035_C207,35,C,3,6,OPTIMAL,615.6732,3,3,3,0,0,1.0,615.6732,0.0,0.0,60,5.0,2.0,1.0
035_C207,35,C,3,7,OPTIMAL,530.7722,3,3,3,0,0,1.0,530.7722,0.0,0.0,60,5.0,2.0,1.0
035_C207,35,C,3,8,OPTIMAL,765.3818,3,3,3,0,0,1.0,765.3818,0.0,0.0,60,5.0,2.0,1.0
035_C207,35,C,3,9,OPTIMAL,671.5204,3,3,3,0,0,1.0,671.5204,0.0,0.0,60,5.0,2.0,1.0
035_C207,35,C,6,0,OPTIMAL,1549.9295,6,6,6,0,0,1.0,1549.9295,0.0,0.0,60,5.0,2.0,1.0
035_C207,35,C,6,1,OPTIMAL,1186.3714,6,5,5,0,1,0.8333,1186.3626,0.0,0.0088,60,5.0,2.0,1.0
035_C207,35,C,6,2,OPTIMAL,1603.3431,6,6,6,0,0,1.0,1603.3431,0.0,0.0,60,5.0,2.0,1.0
035_C207,35,C,6,3,OPTIMAL,1123.8825,6,3,3,0,3,0.5,1086.7226,0.0,37.1599,60,5.0,2.0,1.0
035_C207,35,C,6,4,OPTIMAL,1661.4121,6,6,6,0,0,1.0,1661.4121,0.0,0.0,60,5.0,2.0,1.0
035_C207,35,C,6,5,OPTIMAL,1464.8843,6,6,6,0,0,1.0,1464.8843,0.0,0.0,60,5.0,2.0,1.0
035_C207,35,C,6,6,OPTIMAL,1490.8118,6,5,5,0,1,0.8333,1475.5616,0.0,15.2501,60,5.0,2.0,1.0
035_C207,35,C,6,7,OPTIMAL,1374.2636,6,6,5,1,0,1.0,1374.2636,0.0,0.0,60,5.0,2.0,1.0
035_C207,35,C,6,8,OPTIMAL,1217.0836,6,5,5,0,1,0.8333,1200.1768,0.0,16.9068,60,5.0,2.0,1.0
035_C207,35,C,6,9,OPTIMAL,1673.9219,6,5,5,0,1,0.8333,1652.3888,0.0,21.5332,60,5.0,2.0,1.0
035_C207,35,C,9,0,OPTIMAL,2509.0549,9,9,9,0,0,1.0,2509.0549,0.0,0.0,60,5.0,2.0,1.0
035_C207,35,C,9,1,OPTIMAL,2051.4229,9,9,9,0,0,1.0,2051.4229,0.0,0.0,60,5.0,2.0,1.0
035_C207,35,C,9,2,OPTIMAL,2203.7024,9,9,9,0,0,1.0,2203.7024,0.0,0.0,60,5.0,2.0,1.0
035_C207,35,C,9,3,OPTIMAL,2615.3076,9,8,7,1,1,0.8889,2603.3931,0.0,11.9145,60,5.0,2.0,1.0
035_C207,35,C,9,4,OPTIMAL,1843.8036,9,7,6,1,2,0.7778,1831.918,0.0,11.8856,60,5.0,2.0,1.0
035_C207,35,C,9,5,OPTIMAL,2191.5066,9,9,9,0,0,1.0,2191.5066,0.0,0.0,60,5.0,2.0,1.0
035_C207,35,C,9,6,OPTIMAL,1819.7433,9,6,6,0,3,0.6667,1802.0036,0.0,17.7397,60,5.0,2.0,1.0
035_C207,35,C,9,7,OPTIMAL,2259.6453,9,8,8,0,1,0.8889,2232.8855,0.0,26.7598,60,5.0,2.0,1.0
035_C207,35,C,9,8,OPTIMAL,2654.3813,9,9,9,0,0,1.0,2654.3813,0.0,0.0,60,5.0,2.0,1.0
035_C207,35,C,9,9,OPTIMAL,2607.3614,9,9,9,0,0,1.0,2607.3614,0.0,0.0,60,5.0,2.0,1.0
035_C208,35,C,3,0,OPTIMAL,858.9116,3,3,3,0,0,1.0,858.9116,0.0,0.0,60,5.0,2.0,1.0
035_C208,35,C,3,1,OPTIMAL,641.2619,3,3,3,0,0,1.0,641.2619,0.0,0.0,60,5.0,2.0,1.0
035_C208,35,C,3,2,OPTIMAL,833.5988,3,3,3,0,0,1.0,833.5988,0.0,0.0,60,5.0,2.0,1.0
035_C208,35,C,3,3,OPTIMAL,861.9998,3,3,3,0,0,1.0,861.9998,0.0,0.0,60,5.0,2.0,1.0
035_C208,35,C,3,4,OPTIMAL,886.2035,3,3,3,0,0,1.0,886.2035,0.0,0.0,60,5.0,2.0,1.0
035_C208,35,C,3,5,OPTIMAL,658.3066,3,2,2,0,1,0.6667,654.9482,0.0,3.3583,60,5.0,2.0,1.0
035_C208,35,C,3,6,OPTIMAL,615.6732,3,3,2,1,0,1.0,615.6732,0.0,0.0,60,5.0,2.0,1.0
035_C208,35,C,3,7,OPTIMAL,285.9614,3,2,2,0,1,0.6667,276.4586,0.0,9.5028,60,5.0,2.0,1.0
035_C208,35,C,3,8,OPTIMAL,765.3818,3,3,3,0,0,1.0,765.3818,0.0,0.0,60,5.0,2.0,1.0
035_C208,35,C,3,9,OPTIMAL,401.0293,3,2,2,0,1,0.6667,378.1458,0.0,22.8835,60,5.0,2.0,1.0
035_C208,35,C,6,0,OPTIMAL,1549.9295,6,6,6,0,0,1.0,1549.9295,0.0,0.0,60,5.0,2.0,1.0
035_C208,35,C,6,1,OPTIMAL,1197.0464,6,5,4,1,1,0.8333,1186.3626,0.0,10.6838,60,5.0,2.0,1.0
035_C208,35,C,6,2,OPTIMAL,1281.323,6,5,5,0,1,0.8333,1256.571,0.0,24.752,60,5.0,2.0,1.0
035_C208,35,C,6,3,OPTIMAL,1508.7642,6,5,4,1,1,0.8333,1500.4603,0.0,8.3039,60,5.0,2.0,1.0
035_C208,35,C,6,4,OPTIMAL,1661.4121,6,6,6,0,0,1.0,1661.4121,0.0,0.0,60,5.0,2.0,1.0
035_C208,35,C,6,5,OPTIMAL,951.9153,6,4,4,0,2,0.6667,932.0512,0.0,19.864,60,5.0,2.0,1.0
035_C208,35,C,6,6,OPTIMAL,1478.0908,6,5,5,0,1,0.8333,1475.5616,0.0,2.5291,60,5.0,2.0,1.0
035_C208,35,C,6,7,OPTIMAL,1374.2636,6,6,5,1,0,1.0,1374.2636,0.0,0.0,60,5.0,2.0,1.0
035_C208,35,C,6,8,OPTIMAL,997.1666,6,4,4,0,2,0.6667,977.3477,0.0,19.8189,60,5.0,2.0,1.0
035_C208,35,C,6,9,OPTIMAL,1784.5174,6,6,6,0,0,1.0,1784.5174,0.0,0.0,60,5.0,2.0,1.0
035_C208,35,C,9,0,OPTIMAL,2235.5269,9,8,7,1,1,0.8889,2222.8137,0.0,12.7132,60,5.0,2.0,1.0
035_C208,35,C,9,1,OPTIMAL,2051.4229,9,9,7,2,0,1.0,2051.4229,0.0,0.0,60,5.0,2.0,1.0
035_C208,35,C,9,2,OPTIMAL,2203.7024,9,9,9,0,0,1.0,2203.7024,0.0,0.0,60,5.0,2.0,1.0
035_C208,35,C,9,3,OPTIMAL,2891.0846,9,9,8,1,0,1.0,2891.0846,0.0,0.0,60,5.0,2.0,1.0
035_C208,35,C,9,4,OPTIMAL,1378.2981,9,6,6,0,3,0.6667,1354.4954,0.0,23.8027,60,5.0,2.0,1.0
035_C208,35,C,9,5,OPTIMAL,2191.5066,9,9,9,0,0,1.0,2191.5066,0.0,0.0,60,5.0,2.0,1.0
035_C208,35,C,9,6,OPTIMAL,1510.9175,9,5,5,0,4,0.5556,1469.5493,0.0,41.3682,60,5.0,2.0,1.0
035_C208,35,C,9,7,OPTIMAL,2432.0769,9,9,9,0,0,1.0,2432.0769,0.0,0.0,60,5.0,2.0,1.0
035_C208,35,C,9,8,OPTIMAL,2654.3813,9,9,8,1,0,1.0,2654.3813,0.0,0.0,60,5.0,2.0,1.0
035_C208,35,C,9,9,OPTIMAL,2281.5295,9,8,8,0,1,0.8889,2263.7516,0.0,17.7779,60,5.0,2.0,1.0
035_R101,35,R,3,0,OPTIMAL,774.5983,3,3,3,0,0,1.0,774.5983,0.0,0.0,60,5.0,2.0,1.0
035_R101,35,R,3,1,OPTIMAL,611.7137,3,2,2,0,1,0.6667,611.6217,0.0,0.092,60,5.0,2.0,1.0
035_R101,35,R,3,2,OPTIMAL,817.9971,3,3,3,0,0,1.0,817.9971,0.0,0.0,60,5.0,2.0,1.0
035_R101,35,R,3,3,OPTIMAL,889.672,3,3,3,0,0,1.0,889.672,0.0,0.0,60,5.0,2.0,1.0
035_R101,35,R,3,4,OPTIMAL,965.4797,3,3,3,0,0,1.0,965.4797,0.0,0.0,60,5.0,2.0,1.0
035_R101,35,R,3,5,OPTIMAL,792.1461,3,3,3,0,0,1.0,792.1461,0.0,0.0,60,5.0,2.0,1.0
035_R101,35,R,3,6,OPTIMAL,1039.3042,3,3,3,0,0,1.0,1039.3042,0.0,0.0,60,5.0,2.0,1.0
035_R101,35,R,3,7,OPTIMAL,508.8747,3,3,3,0,0,1.0,508.8747,0.0,0.0,60,5.0,2.0,1.0
035_R101,35,R,3,8,OPTIMAL,827.5198,3,3,3,0,0,1.0,827.5198,0.0,0.0,60,5.0,2.0,1.0
035_R101,35,R,3,9,OPTIMAL,709.2485,3,2,2,0,1,0.6667,707.078,0.0,2.1705,60,5.0,2.0,1.0
035_R101,35,R,6,0,OPTIMAL,1365.7607,6,5,5,0,1,0.8333,1362.9513,0.0,2.8094,60,5.0,2.0,1.0
035_R101,35,R,6,1,OPTIMAL,1940.9923,6,6,6,0,0,1.0,1940.9923,0.0,0.0,60,5.0,2.0,1.0
035_R101,35,R,6,2,OPTIMAL,1609.4154,6,5,5,0,1,0.8333,1579.8672,4.6839,24.8643,60,5.0,2.0,1.0
035_R101,35,R,6,3,OPTIMAL,1759.5431,6,6,6,0,0,1.0,1759.5431,0.0,0.0,60,5.0,2.0,1.0
035_R101,35,R,6,4,OPTIMAL,1564.8028,6,6,6,0,0,1.0,1564.8028,0.0,0.0,60,5.0,2.0,1.0
035_R101,35,R,6,5,OPTIMAL,1164.915,6,4,4,0,2,0.6667,1138.5222,1.2728,25.1199,60,5.0,2.0,1.0
035_R101,35,R,6,6,OPTIMAL,1643.6391,6,6,6,0,0,1.0,1643.6391,0.0,0.0,60,5.0,2.0,1.0
035_R101,35,R,6,7,OPTIMAL,1772.0525,6,6,6,0,0,1.0,1772.0525,0.0,0.0,60,5.0,2.0,1.0
035_R101,35,R,6,8,OPTIMAL,1683.0911,6,5,5,0,1,0.8333,1647.0549,7.9279,28.1083,60,5.0,2.0,1.0
035_R101,35,R,6,9,OPTIMAL,1770.3407,6,6,6,0,0,1.0,1770.3407,0.0,0.0,60,5.0,2.0,1.0
035_R101,35,R,9,0,OPTIMAL,2305.1777,9,8,8,0,1,0.8889,2276.2277,4.3848,24.5651,60,5.0,2.0,1.0
035_R101,35,R,9,1,OPTIMAL,2401.5441,9,8,8,0,1,0.8889,2396.495,0.0,5.0491,60,5.0,2.0,1.0
035_R101,35,R,9,2,OPTIMAL,2490.4639,9,8,8,0,1,0.8889,2484.8232,0.0,5.6407,60,5.0,2.0,1.0
035_R101,35,R,9,3,OPTIMAL,2396.7874,9,8,8,0,1,0.8889,2386.8171,0.0,9.9703,60,5.0,2.0,1.0
035_R101,35,R,9,4,OPTIMAL,1810.882,9,8,8,0,1,0.8889,1808.7393,0.0,2.1426,60,5.0,2.0,1.0
035_R101,35,R,9,5,OPTIMAL,2620.0015,9,8,8,0,1,0.8889,2585.7781,7.0215,27.2019,60,5.0,2.0,1.0
035_R101,35,R,9,6,OPTIMAL,2214.6708,9,8,8,0,1,0.8889,2209.6872,0.0,4.9836,60,5.0,2.0,1.0
035_R101,35,R,9,7,OPTIMAL,1693.9419,9,8,8,0,1,0.8889,1693.8225,0.0,0.1195,60,5.0,2.0,1.0
035_R101,35,R,9,8,OPTIMAL,2437.8181,9,8,8,0,1,0.8889,2434.8062,0.0,3.0119,60,5.0,2.0,1.0
035_R101,35,R,9,9,OPTIMAL,2676.7801,9,9,9,0,0,1.0,2676.7801,0.0,0.0,60,5.0,2.0,1.0
035_R102,35,R,3,0,OPTIMAL,384.0257,3,1,1,0,2,0.3333,378.4173,0.0,5.6084,60,5.0,2.0,1.0
035_R102,35,R,3,1,OPTIMAL,428.9006,3,1,1,0,2,0.3333,315.691,48.0721,65.1375,60,5.0,2.0,1.0
035_R102,35,R,3,2,OPTIMAL,669.424,3,2,2,0,1,0.6667,669.1458,0.0,0.2782,60,5.0,2.0,1.0
035_R102,35,R,3,3,OPTIMAL,469.2603,3,1,1,0,2,0.3333,363.017,41.251,64.9923,60,5.0,2.0,1.0
035_R102,35,R,3,4,OPTIMAL,711.4877,3,2,2,0,1,0.6667,711.1987,0.0,0.2891,60,5.0,2.0,1.0
035_R102,35,R,3,5,OPTIMAL,620.2228,3,2,2,0,1,0.6667,620.1377,0.0,0.085,60,5.0,2.0,1.0
035_R102,35,R,3,6,OPTIMAL,1039.3042,3,3,3,0,0,1.0,1039.3042,0.0,0.0,60,5.0,2.0,1.0
035_R102,35,R,3,7,OPTIMAL,9.889,3,0,0,0,3,0.0,0.0,0.0,9.889,60,5.0,2.0,1.0
035_R102,35,R,3,8,OPTIMAL,323.8934,3,1,1,0,2,0.3333,317.0283,0.0,6.8651,60,5.0,2.0,1.0
035_R102,35,R,3,9,OPTIMAL,707.6566,3,2,2,0,1,0.6667,707.078,0.0,0.5786,60,5.0,2.0,1.0
035_R102,35,R,6,0,OPTIMAL,807.5249,6,2,2,0,4,0.3333,686.9497,48.8071,71.768,60,5.0,2.0,1.0
035_R102,35,R,6,1,OPTIMAL,1555.0461,6,4,4,0,2,0.6667,1481.556,26.111,47.3791,60,5.0,2.0,1.0
035_R102,35,R,6,2,OPTIMAL,1112.7332,6,3,3,0,3,0.5,1053.0374,23.0989,36.5969,60,5.0,2.0,1.0
035_R102,35,R,6,3,OPTIMAL,1223.3023,6,3,3,0,3,0.5,1210.3182,0.0,12.9841,60,5.0,2.0,1.0
035_R102,35,R,6,4,OPTIMAL,1157.7331,6,3,3,0,3,0.5,1009.3566,62.4136,85.9629,60,5.0,2.0,1.0
035_R102,35,R,6,5,OPTIMAL,752.2303,6,2,2,0,4,0.3333,733.1553,0.0,19.075,60,5.0,2.0,1.0
035_R102,35,R,6,6,OPTIMAL,1310.846,6,4,4,0,2,0.6667,1309.8465,0.0,0.9995,60,5.0,2.0,1.0
035_R102,35,R,6,7,OPTIMAL,1508.5509,6,4,4,0,2,0.6667,1438.2925,22.4265,47.8319,60,5.0,2.0,1.0
035_R102,35,R,6,8,OPTIMAL,1470.0201,6,4,4,0,2,0.6667,1463.7475,0.0,6.2726,60,5.0,2.0,1.0
035_R102,35,R,6,9,OPTIMAL,1250.016,6,3,3,0,3,0.5,1119.6501,48.4084,81.9576,60,5.0,2.0,1.0
035_R102,35,R,9,0,OPTIMAL,1465.2802,9,4,4,0,5,0.4444,1368.7873,37.884,58.6089,60,5.0,2.0,1.0
035_R102,35,R,9,1,OPTIMAL,2068.671,9,6,6,0,3,0.6667,2060.8805,0.0,7.7905,60,5.0,2.0,1.0
035_R102,35,R,9,2,OPTIMAL,1878.2553,9,5,5,0,4,0.5556,1841.8447,11.2368,25.1738,60,5.0,2.0,1.0
035_R102,35,R,9,3,OPTIMAL,1820.9828,9,5,5,0,4,0.5556,1716.3105,30.9255,73.7468,60,5.0,2.0,1.0
035_R102,35,R,9,4,OPTIMAL,942.9526,9,3,3,0,6,0.3333,927.5101,0.0,15.4425,60,5.0,2.0,1.0
035_R102,35,R,9,5,OPTIMAL,2217.9094,9,6,6,0,3,0.6667,2128.7556,33.6879,55.4659,60,5.0,2.0,1.0
035_R102,35,R,9,6,OPTIMAL,1522.8574,9,4,4,0,5,0.4444,1345.82,72.1483,104.8891,60,5.0,2.0,1.0
035_R102,35,R,9,7,OPTIMAL,656.1723,9,2,2,0,7,0.2222,636.1792,0.0,19.9931,60,5.0,2.0,1.0
035_R102,35,R,9,8,OPTIMAL,2132.2185,9,6,6,0,3,0.6667,1998.8001,53.3675,80.051,60,5.0,2.0,1.0
035_R102,35,R,9,9,OPTIMAL,2139.2474,9,6,6,0,3,0.6667,2010.8463,43.2065,85.1945,60,5.0,2.0,1.0
035_R103,35,R,3,0,OPTIMAL,429.4509,3,1,1,0,2,0.3333,378.4173,5.8092,45.2244,60,5.0,2.0,1.0
035_R103,35,R,3,1,OPTIMAL,433.4626,3,1,1,0,2,0.3333,315.691,30.657,87.1145,60,5.0,2.0,1.0
035_R103,35,R,3,2,OPTIMAL,669.2385,3,2,2,0,1,0.6667,669.1458,0.0,0.0927,60,5.0,2.0,1.0
035_R103,35,R,3,3,OPTIMAL,433.0235,3,1,1,0,2,0.3333,363.017,21.8712,48.1353,60,5.0,2.0,1.0
035_R103,35,R,3,4,OPTIMAL,734.7931,3,2,2,0,1,0.6667,711.1987,0.0,23.5945,60,5.0,2.0,1.0
035_R103,35,R,3,5,OPTIMAL,620.1803,3,2,2,0,1,0.6667,620.1377,0.0,0.0425,60,5.0,2.0,1.0
035_R103,35,R,3,6,OPTIMAL,1039.3042,3,3,3,0,0,1.0,1039.3042,0.0,0.0,60,5.0,2.0,1.0
035_R103,35,R,3,7,OPTIMAL,302.8903,3,1,1,0,2,0.3333,295.0751,0.0,7.8152,60,5.0,2.0,1.0
035_R103,35,R,3,8,OPTIMAL,611.5288,3,2,2,0,1,0.6667,607.4433,0.0,4.0855,60,5.0,2.0,1.0
035_R103,35,R,3,9,OPTIMAL,708.8139,3,2,2,0,1,0.6667,707.078,0.0,1.7359,60,5.0,2.0,1.0
035_R103,35,R,6,0,OPTIMAL,951.2672,6,3,2,1,3,0.5,899.2166,11.6438,40.4068,60,5.0,2.0,1.0
035_R103,35,R,6,1,OPTIMAL,1507.7928,6,4,4,0,2,0.6667,1481.556,0.2958,25.941,60,5.0,2.0,1.0
035_R103,35,R,6,2,OPTIMAL,1336.8248,6,4,4,0,2,0.6667,1331.8406,0.0,4.9842,60,5.0,2.0,1.0
035_R103,35,R,6,3,OPTIMAL,1215.0784,6,3,3,0,3,0.5,1210.3182,0.0,4.7602,60,5.0,2.0,1.0
035_R103,35,R,6,4,OPTIMAL,1164.7153,6,3,3,0,3,0.5,1009.3566,53.2914,102.0672,60,5.0,2.0,1.0
035_R103,35,R,6,5,OPTIMAL,969.5404,6,3,2,1,3,0.5,957.5864,0.0,11.9539,60,5.0,2.0,1.0
035_R103,35,R,6,6,OPTIMAL,1310.4311,6,4,4,0,2,0.6667,1309.8465,0.0,0.5846,60,5.0,2.0,1.0
035_R103,35,R,6,7,OPTIMAL,1464.4979,6,4,4,0,2,0.6667,1438.2925,0.0,26.2054,60,5.0,2.0,1.0
035_R103,35,R,6,8,OPTIMAL,1468.9105,6,4,4,0,2,0.6667,1463.7475,0.0,5.163,60,5.0,2.0,1.0
035_R103,35,R,6,9,OPTIMAL,1240.0505,6,3,3,0,3,0.5,1119.6501,32.8381,87.5623,60,5.0,2.0,1.0
035_R103,35,R,9,0,OPTIMAL,1441.7405,9,3,3,0,6,0.3333,1069.2196,162.4697,210.0512,60,5.0,2.0,1.0
035_R103,35,R,9,1,OPTIMAL,2065.4465,9,6,6,0,3,0.6667,2060.8805,0.0,4.566,60,5.0,2.0,1.0
035_R103,35,R,9,2,OPTIMAL,1913.0444,9,5,5,0,4,0.5556,1841.8447,24.8415,46.3581,60,5.0,2.0,1.0
035_R103,35,R,9,3,OPTIMAL,1845.8732,9,5,5,0,4,0.5556,1716.3105,37.5474,92.0154,60,5.0,2.0,1.0
035_R103,35,R,9,4,OPTIMAL,1137.4659,9,3,2,1,6,0.3333,838.9966,148.9961,149.4732,60,5.0,2.0,1.0
035_R103,35,R,9,5,OPTIMAL,2169.7806,9,6,6,0,3,0.6667,2128.7556,4.0842,36.9408,60,5.0,2.0,1.0
035_R103,35,R,9,6,OPTIMAL,1686.9,9,4,4,0,5,0.4444,1364.4004,152.0458,170.4538,60,5.0,2.0,1.0
035_R103,35,R,9,7,OPTIMAL,647.7742,9,2,2,0,7,0.2222,636.1792,0.0,11.5951,60,5.0,2.0,1.0
035_R103,35,R,9,8,OPTIMAL,2135.3474,9,5,5,0,4,0.5556,1710.7593,193.8512,230.7369,60,5.0,2.0,1.0
035_R103,35,R,9,9,OPTIMAL,2088.7962,9,6,6,0,3,0.6667,2010.8463,22.849,55.1009,60,5.0,2.0,1.0
035_R105,35,R,3,0,OPTIMAL,710.3204,3,2,2,0,1,0.6667,657.4476,0.0,52.8729,60,5.0,2.0,1.0
035_R105,35,R,3,1,OPTIMAL,611.7137,3,2,2,0,1,0.6667,611.6217,0.0,0.092,60,5.0,2.0,1.0
035_R105,35,R,3,2,OPTIMAL,669.3313,3,2,2,0,1,0.6667,669.1458,0.0,0.1855,60,5.0,2.0,1.0
035_R105,35,R,3,3,OPTIMAL,889.672,3,3,3,0,0,1.0,889.672,0.0,0.0,60,5.0,2.0,1.0
035_R105,35,R,3,4,OPTIMAL,965.4797,3,3,3,0,0,1.0,965.4797,0.0,0.0,60,5.0,2.0,1.0
035_R105,35,R,3,5,OPTIMAL,620.2228,3,2,2,0,1,0.6667,620.1377,0.0,0.085,60,5.0,2.0,1.0
035_R105,35,R,3,6,OPTIMAL,1039.3042,3,3,3,0,0,1.0,1039.3042,0.0,0.0,60,5.0,2.0,1.0
035_R105,35,R,3,7,OPTIMAL,342.3913,3,1,1,0,2,0.3333,295.0751,0.0,47.3162,60,5.0,2.0,1.0
035_R105,35,R,3,8,OPTIMAL,827.5198,3,3,3,0,0,1.0,827.5198,0.0,0.0,60,5.0,2.0,1.0
035_R105,35,R,3,9,OPTIMAL,709.2485,3,2,2,0,1,0.6667,707.078,0.0,2.1705,60,5.0,2.0,1.0
035_R105,35,R,6,0,OPTIMAL,970.5734,6,3,3,0,3,0.5,950.1169,0.0,20.4565,60,5.0,2.0,1.0
035_R105,35,R,6,1,OPTIMAL,1712.3443,6,5,5,0,1,0.8333,1712.3442,0.0,0.0002,60,5.0,2.0,1.0
035_R105,35,R,6,2,OPTIMAL,1092.9614,6,3,3,0,3,0.5,1053.0374,0.0,39.9239,60,5.0,2.0,1.0
035_R105,35,R,6,3,OPTIMAL,1420.5623,6,4,4,0,2,0.6667,1400.5749,0.0,19.9873,60,5.0,2.0,1.0
035_R105,35,R,6,4,OPTIMAL,1289.7738,6,4,4,0,2,0.6667,1288.5213,0.0,1.2525,60,5.0,2.0,1.0
035_R105,35,R,6,5,OPTIMAL,969.3193,6,3,3,0,3,0.5,932.9259,0.0,36.3934,60,5.0,2.0,1.0
035_R105,35,R,6,6,OPTIMAL,1509.2601,6,5,5,0,1,0.8333,1508.2874,0.0,0.9727,60,5.0,2.0,1.0
035_R105,35,R,6,7,OPTIMAL,1669.5952,6,5,5,0,1,0.8333,1664.1635,0.0,5.4317,60,5.0,2.0,1.0
035_R105,35,R,6,8,OPTIMAL,1482.7486,6,4,4,0,2,0.6667,1463.7475,0.0,19.0011,60,5.0,2.0,1.0
035_R105,35,R,6,9,OPTIMAL,1700.7304,6,5,5,0,1,0.8333,1639.192,0.0,61.5384,60,5.0,2.0,1.0
035_R105,35,R,9,0,OPTIMAL,1941.9951,9,6,6,0,3,0.6667,1888.7677,0.0,53.2274,60,5.0,2.0,1.0
035_R105,35,R,9,1,OPTIMAL,2131.2733,9,6,6,0,3,0.6667,2060.8805,0.0,70.3928,60,5.0,2.0,1.0
035_R105,35,R,9,2,OPTIMAL,1864.6442,9,5,5,0,4,0.5556,1841.8447,0.0,22.7995,60,5.0,2.0,1.0
035_R105,35,R,9,3,OPTIMAL,2190.2578,9,7,7,0,2,0.7778,2161.9858,0.0,28.272,60,5.0,2.0,1.0
035_R105,35,R,9,4,OPTIMAL,1419.7591,9,5,4,1,4,0.5556,1349.8798,0.0,69.8792,60,5.0,2.0,1.0
035_R105,35,R,9,5,OPTIMAL,2425.8716,9,7,7,0,2,0.7778,2367.5464,0.0,58.3252,60,5.0,2.0,1.0
035_R105,35,R,9,6,OPTIMAL,1963.8435,9,6,6,0,3,0.6667,1898.4101,0.0,65.4334,60,5.0,2.0,1.0
035_R105,35,R,9,7,OPTIMAL,1101.6878,9,4,4,0,5,0.4444,1025.9189,0.0,75.7689,60,5.0,2.0,1.0
035_R105,35,R,9,8,OPTIMAL,2332.2299,9,7,7,0,2,0.7778,2266.8247,0.0,65.4052,60,5.0,2.0,1.0
035_R105,35,R,9,9,OPTIMAL,2497.5318,9,8,8,0,1,0.8889,2492.9487,0.0,4.583,60,5.0,2.0,1.0
035_R106,35,R,3,0,OPTIMAL,384.8911,3,1,1,0,2,0.3333,378.4173,0.0,6.4737,60,5.0,2.0,1.0
035_R106,35,R,3,1,OPTIMAL,363.2838,3,1,1,0,2,0.3333,315.691,0.0,47.5928,60,5.0,2.0,1.0
035_R106,35,R,3,2,OPTIMAL,669.3313,3,2,2,0,1,0.6667,669.1458,0.0,0.1855,60,5.0,2.0,1.0
035_R106,35,R,3,3,OPTIMAL,414.8391,3,1,1,0,2,0.3333,363.017,0.0,51.8221,60,5.0,2.0,1.0
035_R106,35,R,3,4,OPTIMAL,711.2183,3,2,2,0,1,0.6667,711.1987,0.0,0.0196,60,5.0,2.0,1.0
035_R106,35,R,3,5,OPTIMAL,620.2228,3,2,2,0,1,0.6667,620.1377,0.0,0.085,60,5.0,2.0,1.0
035_R106,35,R,3,6,OPTIMAL,1039.3042,3,3,3,0,0,1.0,1039.3042,0.0,0.0,60,5.0,2.0,1.0
035_R106,35,R,3,7,OPTIMAL,16.7966,3,0,0,0,3,0.0,0.0,0.0,16.7966,60,5.0,2.0,1.0
035_R106,35,R,3,8,OPTIMAL,358.6583,3,1,1,0,2,0.3333,317.0283,0.0,41.63,60,5.0,2.0,1.0
035_R106,35,R,3,9,OPTIMAL,708.8139,3,2,2,0,1,0.6667,707.078,0.0,1.7359,60,5.0,2.0,1.0
035_R106,35,R,6,0,OPTIMAL,735.5192,6,2,2,0,4,0.3333,686.9497,0.0,48.5694,60,5.0,2.0,1.0
035_R106,35,R,6,1,OPTIMAL,1513.1422,6,4,4,0,2,0.6667,1481.556,0.0,31.5862,60,5.0,2.0,1.0
035_R106,35,R,6,2,OPTIMAL,1058.843,6,3,3,0,3,0.5,1053.0374,0.0,5.8055,60,5.0,2.0,1.0
035_R106,35,R,6,3,OPTIMAL,1219.5145,6,3,3,0,3,0.5,1210.3182,0.0,9.1963,60,5.0,2.0,1.0
035_R106,35,R,6,4,OPTIMAL,1167.9838,6,3,3,0,3,0.5,1009.3566,23.7759,134.8512,60,5.0,2.0,1.0
035_R106,35,R,6,5,OPTIMAL,749.7549,6,2,2,0,4,0.3333,733.1553,0.0,16.5996,60,5.0,2.0,1.0
035_R106,35,R,6,6,OPTIMAL,1310.9394,6,4,4,0,2,0.6667,1309.8465,0.0,1.0929,60,5.0,2.0,1.0
035_R106,35,R,6,7,OPTIMAL,1471.2526,6,4,4,0,2,0.6667,1438.2925,0.0,32.9601,60,5.0,2.0,1.0
035_R106,35,R,6,8,OPTIMAL,1470.0201,6,4,4,0,2,0.6667,1463.7475,0.0,6.2726,60,5.0,2.0,1.0
035_R106,35,R,6,9,OPTIMAL,1191.0558,6,3,3,0,3,0.5,1119.6501,0.0,71.4058,60,5.0,2.0,1.0
035_R106,35,R,9,0,OPTIMAL,1410.3862,9,4,4,0,5,0.4444,1368.7873,0.0,41.5989,60,5.0,2.0,1.0
035_R106,35,R,9,1,OPTIMAL,2067.1743,9,6,6,0,3,0.6667,2060.8805,0.0,6.2938,60,5.0,2.0,1.0
035_R106,35,R,9,2,OPTIMAL,1855.5217,9,5,5,0,4,0.5556,1841.8447,0.0,13.677,60,5.0,2.0,1.0
035_R106,35,R,9,3,OPTIMAL,1832.9567,9,5,5,0,4,0.5556,1716.3105,0.0,116.6463,60,5.0,2.0,1.0
035_R106,35,R,9,4,OPTIMAL,943.3779,9,3,3,0,6,0.3333,927.5101,0.0,15.8678,60,5.0,2.0,1.0
035_R106,35,R,9,5,OPTIMAL,2172.2369,9,6,6,0,3,0.6667,2128.7556,0.0,43.4814,60,5.0,2.0,1.0
035_R106,35,R,9,6,OPTIMAL,1689.8126,9,5,5,0,4,0.5556,1643.477,0.0,46.3356,60,5.0,2.0,1.0
035_R106,35,R,9,7,OPTIMAL,654.1939,9,2,2,0,7,0.2222,636.1792,0.0,18.0147,60,5.0,2.0,1.0
035_R106,35,R,9,8,OPTIMAL,2135.496,9,6,6,0,3,0.6667,1998.8001,10.2066,126.4893,60,5.0,2.0,1.0
035_R106,35,R,9,9,OPTIMAL,2073.5524,9,6,6,0,3,0.6667,2010.8463,0.0,62.7061,60,5.0,2.0,1.0
035_R109,35,R,3,0,OPTIMAL,660.5934,3,2,2,0,1,0.6667,657.4476,0.0,3.1458,60,5.0,2.0,1.0
035_R109,35,R,3,1,OPTIMAL,611.7137,3,2,2,0,1,0.6667,611.6217,0.0,0.092,60,5.0,2.0,1.0
035_R109,35,R,3,2,OPTIMAL,669.2385,3,2,2,0,1,0.6667,669.1458,0.0,0.0927,60,5.0,2.0,1.0
035_R109,35,R,3,3,OPTIMAL,691.9719,3,2,2,0,1,0.6667,648.1169,0.0,43.8551,60,5.0,2.0,1.0
035_R109,35,R,3,4,OPTIMAL,965.4797,3,3,3,0,0,1.0,965.4797,0.0,0.0,60,5.0,2.0,1.0
035_R109,35,R,3,5,OPTIMAL,620.1803,3,2,2,0,1,0.6667,620.1377,0.0,0.0425,60,5.0,2.0,1.0
035_R109,35,R,3,6,OPTIMAL,1039.3042,3,3,3,0,0,1.0,1039.3042,0.0,0.0,60,5.0,2.0,1.0
035_R109,35,R,3,7,OPTIMAL,304.5019,3,1,1,0,2,0.3333,295.0751,0.0,9.4268,60,5.0,2.0,1.0
035_R109,35,R,3,8,OPTIMAL,632.2501,3,2,2,0,1,0.6667,607.4433,0.0,24.8067,60,5.0,2.0,1.0
035_R109,35,R,3,9,OPTIMAL,708.2534,3,2,2,0,1,0.6667,707.078,0.0,1.1754,60,5.0,2.0,1.0
035_R109,35,R,6,0,OPTIMAL,1228.9664,6,4,4,0,2,0.6667,1209.1594,0.0,19.807,60,5.0,2.0,1.0
035_R109,35,R,6,1,OPTIMAL,1546.7452,6,4,4,0,2,0.6667,1481.556,0.0,65.1892,60,5.0,2.0,1.0
035_R109,35,R,6,2,OPTIMAL,1133.5431,6,3,3,0,3,0.5,1053.0374,0.0,80.5057,60,5.0,2.0,1.0
035_R109,35,R,6,3,OPTIMAL,1261.7429,6,3,3,0,3,0.5,1210.3182,0.0,51.4247,60,5.0,2.0,1.0
035_R109,35,R,6,4,OPTIMAL,1291.2952,6,4,4,0,2,0.6667,1288.5213,0.0,2.7738,60,5.0,2.0,1.0
035_R109,35,R,6,5,OPTIMAL,788.85,6,2,2,0,4,0.3333,733.1553,0.0,55.6947,60,5.0,2.0,1.0
035_R109,35,R,6,6,OPTIMAL,1332.8534,6,4,4,0,2,0.6667,1309.8465,0.0,23.007,60,5.0,2.0,1.0
035_R109,35,R,6,7,OPTIMAL,1462.0404,6,4,4,0,2,0.6667,1438.2925,0.0,23.7479,60,5.0,2.0,1.0
035_R109,35,R,6,8,OPTIMAL,1469.1876,6,4,4,0,2,0.6667,1463.7475,0.0,5.4401,60,5.0,2.0,1.0
035_R109,35,R,6,9,OPTIMAL,1442.1539,6,4,4,0,2,0.6667,1409.2576,0.0,32.8964,60,5.0,2.0,1.0
035_R109,35,R,9,0,OPTIMAL,1813.4894,9,5,5,0,4,0.5556,1636.2377,0.0,177.2517,60,5.0,2.0,1.0
035_R109,35,R,9,1,OPTIMAL,2100.2551,9,6,6,0,3,0.6667,2060.8805,0.0,39.3745,60,5.0,2.0,1.0
035_R109,35,R,9,2,OPTIMAL,1930.4078,9,5,5,0,4,0.5556,1841.8447,0.0,88.563,60,5.0,2.0,1.0
035_R109,35,R,9,3,OPTIMAL,1907.0451,9,5,5,0,4,0.5556,1716.3105,0.0,190.7346,60,5.0,2.0,1.0
035_R109,35,R,9,4,OPTIMAL,1037.2093,9,3,3,0,6,0.3333,927.5101,0.0,109.6992,60,5.0,2.0,1.0
035_R109,35,R,9,5,OPTIMAL,2210.0648,9,6,6,0,3,0.6667,2128.7556,0.0,81.3093,60,5.0,2.0,1.0
035_R109,35,R,9,6,OPTIMAL,1810.3647,9,5,5,0,4,0.5556,1643.477,0.0,166.8876,60,5.0,2.0,1.0
035_R109,35,R,9,7,OPTIMAL,845.4754,9,2,2,0,7,0.2222,636.1792,0.0,209.2962,60,5.0,2.0,1.0
035_R109,35,R,9,8,OPTIMAL,2295.4212,9,7,7,0,2,0.7778,2266.8247,0.0,28.5965,60,5.0,2.0,1.0
035_R109,35,R,9,9,OPTIMAL,2370.0034,9,7,7,0,2,0.7778,2300.1406,0.0,69.8628,60,5.0,2.0,1.0
035_R201,35,R,3,0,OPTIMAL,659.8191,3,2,2,0,1,0.6667,657.4476,0.0,2.3715,60,5.0,2.0,1.0
035_R201,35,R,3,1,OPTIMAL,628.2587,3,2,2,0,1,0.6667,611.6217,0.0,16.637,60,5.0,2.0,1.0
035_R201,35,R,3,2,OPTIMAL,360.1735,3,1,1,0,2,0.3333,328.7728,0.0,31.4007,60,5.0,2.0,1.0
035_R201,35,R,3,3,OPTIMAL,256.2515,3,1,0,1,2,0.3333,241.5551,0.0,14.6964,60,5.0,2.0,1.0
035_R201,35,R,3,4,OPTIMAL,965.4797,3,3,3,0,0,1.0,965.4797,0.0,0.0,60,5.0,2.0,1.0
035_R201,35,R,3,5,OPTIMAL,792.1461,3,3,3,0,0,1.0,792.1461,0.0,0.0,60,5.0,2.0,1.0
035_R201,35,R,3,6,OPTIMAL,1039.3042,3,3,3,0,0,1.0,1039.3042,0.0,0.0,60,5.0,2.0,1.0
035_R201,35,R,3,7,OPTIMAL,243.1349,3,2,1,1,1,0.6667,213.7996,0.0,29.3353,60,5.0,2.0,1.0
035_R201,35,R,3,8,OPTIMAL,827.5198,3,3,3,0,0,1.0,827.5198,0.0,0.0,60,5.0,2.0,1.0
035_R201,35,R,3,9,OPTIMAL,376.9263,3,1,1,0,2,0.3333,347.8592,0.0,29.067,60,5.0,2.0,1.0
035_R201,35,R,6,0,OPTIMAL,1351.9848,6,5,5,0,1,0.8333,1312.051,0.0,39.9338,60,5.0,2.0,1.0
035_R201,35,R,6,1,OPTIMAL,1940.9923,6,6,6,0,0,1.0,1940.9923,0.0,0.0,60,5.0,2.0,1.0
035_R201,35,R,6,2,OPTIMAL,1407.7518,6,5,5,0,1,0.8333,1402.704,0.0,5.0478,60,5.0,2.0,1.0
035_R201,35,R,6,3,OPTIMAL,1447.4059,6,4,3,1,2,0.6667,1436.3907,0.0,11.0152,60,5.0,2.0,1.0
035_R201,35,R,6,4,OPTIMAL,912.5049,6,3,3,0,3,0.5,849.9895,0.0,62.5155,60,5.0,2.0,1.0
035_R201,35,R,6,5,OPTIMAL,1375.8895,6,5,5,0,1,0.8333,1362.9534,0.0,12.9361,60,5.0,2.0,1.0
035_R201,35,R,6,6,OPTIMAL,1643.6391,6,6,6,0,0,1.0,1643.6391,0.0,0.0,60,5.0,2.0,1.0
035_R201,35,R,6,7,OPTIMAL,1678.7392,6,5,5,0,1,0.8333,1664.1635,0.0,14.5757,60,5.0,2.0,1.0
035_R201,35,R,6,8,OPTIMAL,1156.9772,6,4,3,1,2,0.6667,1121.349,0.0,35.6282,60,5.0,2.0,1.0
035_R201,35,R,6,9,OPTIMAL,1368.4888,6,4,4,0,2,0.6667,1349.5845,0.0,18.9043,60,5.0,2.0,1.0
035_R201,35,R,9,0,OPTIMAL,2288.716,9,8,8,0,1,0.8889,2276.2277,0.0,12.4883,60,5.0,2.0,1.0
035_R201,35,R,9,1,OPTIMAL,2396.7105,9,8,8,0,1,0.8889,2396.495,0.0,0.2155,60,5.0,2.0,1.0
035_R201,35,R,9,2,OPTIMAL,2494.7678,9,8,8,0,1,0.8889,2484.8232,0.0,9.9446,60,5.0,2.0,1.0
035_R201,35,R,9,3,OPTIMAL,1744.4458,9,6,6,0,3,0.6667,1720.8467,0.0,23.599,60,5.0,2.0,1.0
035_R201,35,R,9,4,OPTIMAL,1493.2865,9,7,7,0,2,0.7778,1485.4845,0.0,7.802,60,5.0,2.0,1.0
035_R201,35,R,9,5,OPTIMAL,1953.4054,9,7,7,0,2,0.7778,1933.8654,0.0,19.54,60,5.0,2.0,1.0
035_R201,35,R,9,6,OPTIMAL,2061.3851,9,7,7,0,2,0.7778,2053.7021,0.0,7.683,60,5.0,2.0,1.0
035_R201,35,R,9,7,OPTIMAL,1469.9807,9,6,6,0,3,0.6667,1460.0801,0.0,9.9006,60,5.0,2.0,1.0
035_R201,35,R,9,8,OPTIMAL,2361.1274,9,8,7,1,1,0.8889,2355.8359,0.0,5.2915,60,5.0,2.0,1.0
035_R201,35,R,9,9,OPTIMAL,2273.3253,9,7,7,0,2,0.7778,2178.1821,0.0,95.1432,60,5.0,2.0,1.0
035_R205,35,R,3,0,OPTIMAL,671.2221,3,2,2,0,1,0.6667,657.4476,0.0,13.7746,60,5.0,2.0,1.0
035_R205,35,R,3,1,OPTIMAL,616.1186,3,2,2,0,1,0.6667,611.6217,0.0,4.4969,60,5.0,2.0,1.0
035_R205,35,R,3,2,OPTIMAL,689.5236,3,2,2,0,1,0.6667,669.1458,0.0,20.3778,60,5.0,2.0,1.0
035_R205,35,R,3,3,OPTIMAL,614.6111,3,2,2,0,1,0.6667,604.5721,0.0,10.039,60,5.0,2.0,1.0
035_R205,35,R,3,4,OPTIMAL,593.5068,3,2,2,0,1,0.6667,589.1829,0.0,4.324,60,5.0,2.0,1.0
035_R205,35,R,3,5,OPTIMAL,635.073,3,2,2,0,1,0.6667,620.1377,0.0,14.9353,60,5.0,2.0,1.0
035_R205,35,R,3,6,OPTIMAL,1039.3042,3,3,3,0,0,1.0,1039.3042,0.0,0.0,60,5.0,2.0,1.0
035_R205,35,R,3,7,OPTIMAL,413.8774,3,2,2,0,1,0.6667,397.9844,0.0,15.8931,60,5.0,2.0,1.0
035_R205,35,R,3,8,OPTIMAL,827.5198,3,3,3,0,0,1.0,827.5198,0.0,0.0,60,5.0,2.0,1.0
035_R205,35,R,3,9,OPTIMAL,707.9704,3,2,2,0,1,0.6667,707.078,0.0,0.8924,60,5.0,2.0,1.0
035_R205,35,R,6,0,OPTIMAL,1575.2182,6,6,6,0,0,1.0,1575.2182,0.0,0.0,60,5.0,2.0,1.0
035_R205,35,R,6,1,OPTIMAL,1547.6665,6,4,3,1,2,0.6667,1481.556,0.0,66.1104,60,5.0,2.0,1.0
035_R205,35,R,6,2,OPTIMAL,1681.5072,6,6,5,1,0,1.0,1681.5072,0.0,0.0,60,5.0,2.0,1.0
035_R205,35,R,6,3,OPTIMAL,1759.5431,6,6,6,0,0,1.0,1759.5431,0.0,0.0,60,5.0,2.0,1.0
035_R205,35,R,6,4,OPTIMAL,1473.5754,6,5,4,1,1,0.8333,1443.2906,0.0,30.2847,60,5.0,2.0,1.0
035_R205,35,R,6,5,OPTIMAL,912.8612,6,3,3,0,3,0.5,862.9539,0.0,49.9073,60,5.0,2.0,1.0
035_R205,35,R,6,6,OPTIMAL,1527.5143,6,5,4,1,1,0.8333,1508.2874,0.0,19.2268,60,5.0,2.0,1.0
035_R205,35,R,6,7,OPTIMAL,1441.9762,6,4,4,0,2,0.6667,1438.2925,0.0,3.6836,60,5.0,2.0,1.0
035_R205,35,R,6,8,OPTIMAL,1454.6527,6,5,3,2,1,0.8333,1433.2918,0.0,21.3609,60,5.0,2.0,1.0
035_R205,35,R,6,9,OPTIMAL,1664.0424,6,5,5,0,1,0.8333,1639.192,0.0,24.8504,60,5.0,2.0,1.0
035_R205,35,R,9,0,OPTIMAL,1777.9099,9,6,5,1,3,0.6667,1755.7572,0.0,22.1527,60,5.0,2.0,1.0
035_R205,35,R,9,1,OPTIMAL,2396.7105,9,8,7,1,1,0.8889,2396.495,0.0,0.2155,60,5.0,2.0,1.0
035_R205,35,R,9,2,OPTIMAL,1992.6479,9,6,5,1,3,0.6667,1985.1713,0.0,7.4765,60,5.0,2.0,1.0
035_R205,35,R,9,3,OPTIMAL,1883.1049,9,6,4,2,3,0.6667,1854.5319,0.0,28.5729,60,5.0,2.0,1.0
035_R205,35,R,9,4,OPTIMAL,1142.3184,9,4,3,1,5,0.4444,1045.0769,0.0,97.2414,60,5.0,2.0,1.0
035_R205,35,R,9,5,OPTIMAL,2599.0124,9,8,8,0,1,0.8889,2585.7781,0.0,13.2344,60,5.0,2.0,1.0
035_R205,35,R,9,6,OPTIMAL,2010.2304,9,8,7,1,1,0.8889,1996.2971,0.0,13.9333,60,5.0,2.0,1.0
035_R205,35,R,9,7,OPTIMAL,1446.3475,9,7,6,1,2,0.7778,1415.0892,0.0,31.2583,60,5.0,2.0,1.0
035_R205,35,R,9,8,OPTIMAL,1754.524,9,6,5,1,3,0.6667,1736.5151,0.0,18.0089,60,5.0,2.0,1.0
035_R205,35,R,9,9,OPTIMAL,1877.9869,9,6,6,0,3,0.6667,1855.6129,0.0,22.374,60,5.0,2.0,1.0
035_R210,35,R,3,0,OPTIMAL,774.5983,3,3,3,0,0,1.0,774.5983,0.0,0.0,60,5.0,2.0,1.0
035_R210,35,R,3,1,OPTIMAL,628.2587,3,2,2,0,1,0.6667,611.6217,0.0,16.637,60,5.0,2.0,1.0
035_R210,35,R,3,2,OPTIMAL,683.5578,3,2,2,0,1,0.6667,669.1458,0.0,14.4121,60,5.0,2.0,1.0
035_R210,35,R,3,3,OPTIMAL,614.6111,3,2,1,1,1,0.6667,604.5721,0.0,10.039,60,5.0,2.0,1.0
035_R210,35,R,3,4,OPTIMAL,965.4797,3,3,3,0,0,1.0,965.4797,0.0,0.0,60,5.0,2.0,1.0
035_R210,35,R,3,5,OPTIMAL,635.073,3,2,2,0,1,0.6667,620.1377,0.0,14.9353,60,5.0,2.0,1.0
035_R210,35,R,3,6,OPTIMAL,1039.3042,3,3,3,0,0,1.0,1039.3042,0.0,0.0,60,5.0,2.0,1.0
035_R210,35,R,3,7,OPTIMAL,508.8747,3,3,3,0,0,1.0,508.8747,0.0,0.0,60,5.0,2.0,1.0
035_R210,35,R,3,8,OPTIMAL,827.5198,3,3,3,0,0,1.0,827.5198,0.0,0.0,60,5.0,2.0,1.0
035_R210,35,R,3,9,OPTIMAL,418.6608,3,2,2,0,1,0.6667,396.0219,0.0,22.6389,60,5.0,2.0,1.0
035_R210,35,R,6,0,OPTIMAL,1224.7546,6,5,5,0,1,0.8333,1222.5939,0.0,2.1607,60,5.0,2.0,1.0
035_R210,35,R,6,1,OPTIMAL,1335.4761,6,4,3,1,2,0.6667,1311.6462,0.0,23.83,60,5.0,2.0,1.0
035_R210,35,R,6,2,OPTIMAL,1681.5072,6,6,6,0,0,1.0,1681.5072,0.0,0.0,60,5.0,2.0,1.0
035_R210,35,R,6,3,OPTIMAL,1255.86,6,4,4,0,2,0.6667,1230.2038,0.0,25.6562,60,5.0,2.0,1.0
035_R210,35,R,6,4,OPTIMAL,1276.0701,6,5,5,0,1,0.8333,1250.6664,0.0,25.4038,60,5.0,2.0,1.0
035_R210,35,R,6,5,OPTIMAL,1258.1102,6,5,5,0,1,0.8333,1257.9796,0.0,0.1306,60,5.0,2.0,1.0
035_R210,35,R,6,6,OPTIMAL,1446.0585,6,5,5,0,1,0.8333,1445.1982,0.0,0.8603,60,5.0,2.0,1.0
035_R210,35,R,6,7,OPTIMAL,1546.1874,6,5,5,0,1,0.8333,1546.1815,0.0,0.006,60,5.0,2.0,1.0
035_R210,35,R,6,8,OPTIMAL,789.1832,6,2,2,0,4,0.3333,744.8947,0.0,44.2885,60,5.0,2.0,1.0
035_R210,35,R,6,9,OPTIMAL,1485.3959,6,5,4,1,1,0.8333,1480.7333,0.0,4.6627,60,5.0,2.0,1.0
035_R210,35,R,9,0,OPTIMAL,2141.2252,9,8,8,0,1,0.8889,2119.9057,0.0,21.3195,60,5.0,2.0,1.0
035_R210,35,R,9,1,OPTIMAL,2396.7105,9,8,7,1,1,0.8889,2396.495,0.0,0.2155,60,5.0,2.0,1.0
035_R210,35,R,9,2,OPTIMAL,2494.7678,9,8,8,0,1,0.8889,2484.8232,0.0,9.9446,60,5.0,2.0,1.0
035_R210,35,R,9,3,OPTIMAL,1651.1896,9,5,5,0,4,0.5556,1629.7006,0.0,21.489,60,5.0,2.0,1.0
035_R210,35,R,9,4,OPTIMAL,1420.3577,9,5,5,0,4,0.5556,1349.8798,0.0,70.4778,60,5.0,2.0,1.0
035_R210,35,R,9,5,OPTIMAL,2477.7799,9,8,8,0,1,0.8889,2474.5854,0.0,3.1945,60,5.0,2.0,1.0
035_R210,35,R,9,6,OPTIMAL,1782.4525,9,6,5,1,3,0.6667,1756.7382,0.0,25.7143,60,5.0,2.0,1.0
035_R210,35,R,9,7,OPTIMAL,1564.4567,9,8,8,0,1,0.8889,1546.5679,0.0,17.8887,60,5.0,2.0,1.0
035_R210,35,R,9,8,OPTIMAL,2282.7037,9,7,7,0,2,0.7778,2266.8247,0.0,15.879,60,5.0,2.0,1.0
035_R210,35,R,9,9,OPTIMAL,2494.0778,9,8,8,0,1,0.8889,2492.9487,0.0,1.1291,60,5.0,2.0,1.0
035_RC101,35,RC,3,0,OPTIMAL,1068.1446,3,3,3,0,0,1.0,1068.1446,0.0,0.0,60,5.0,2.0,1.0
035_RC101,35,RC,3,1,OPTIMAL,1270.9874,3,3,3,0,0,1.0,1270.9874,0.0,0.0,60,5.0,2.0,1.0
035_RC101,35,RC,3,2,OPTIMAL,1372.9594,3,3,3,0,0,1.0,1372.9594,0.0,0.0,60,5.0,2.0,1.0
035_RC101,35,RC,3,3,OPTIMAL,1194.2407,3,3,3,0,0,1.0,1194.2407,0.0,0.0,60,5.0,2.0,1.0
035_RC101,35,RC,3,4,OPTIMAL,1196.1887,3,3,3,0,0,1.0,1196.1887,0.0,0.0,60,5.0,2.0,1.0
035_RC101,35,RC,3,5,OPTIMAL,1214.9715,3,3,3,0,0,1.0,1214.9715,0.0,0.0,60,5.0,2.0,1.0
035_RC101,35,RC,3,6,OPTIMAL,1289.6306,3,3,3,0,0,1.0,1289.6306,0.0,0.0,60,5.0,2.0,1.0
035_RC101,35,RC,3,7,OPTIMAL,1215.8219,3,3,3,0,0,1.0,1215.8219,0.0,0.0,60,5.0,2.0,1.0
035_RC101,35,RC,3,8,OPTIMAL,1250.3791,3,3,3,0,0,1.0,1250.3791,0.0,0.0,60,5.0,2.0,1.0
035_RC101,35,RC,3,9,OPTIMAL,1080.2378,3,3,3,0,0,1.0,1080.2378,0.0,0.0,60,5.0,2.0,1.0
035_RC101,35,RC,6,0,OPTIMAL,2283.1832,6,6,6,0,0,1.0,2283.1832,0.0,0.0,60,5.0,2.0,1.0
035_RC101,35,RC,6,1,OPTIMAL,2329.2879,6,6,6,0,0,1.0,2329.2879,0.0,0.0,60,5.0,2.0,1.0
035_RC101,35,RC,6,2,OPTIMAL,2228.021,6,6,6,0,0,1.0,2228.021,0.0,0.0,60,5.0,2.0,1.0
035_RC101,35,RC,6,3,OPTIMAL,2319.3469,6,6,6,0,0,1.0,2319.3469,0.0,0.0,60,5.0,2.0,1.0
035_RC101,35,RC,6,4,OPTIMAL,2304.4403,6,6,6,0,0,1.0,2304.4403,0.0,0.0,60,5.0,2.0,1.0
035_RC101,35,RC,6,5,OPTIMAL,2474.3797,6,6,6,0,0,1.0,2474.3797,0.0,0.0,60,5.0,2.0,1.0
035_RC101,35,RC,6,6,OPTIMAL,2196.1741,6,6,6,0,0,1.0,2196.1741,0.0,0.0,60,5.0,2.0,1.0
035_RC101,35,RC,6,7,OPTIMAL,2324.8537,6,6,6,0,0,1.0,2324.8537,0.0,0.0,60,5.0,2.0,1.0
035_RC101,35,RC,6,8,OPTIMAL,2638.8601,6,6,6,0,0,1.0,2638.8601,0.0,0.0,60,5.0,2.0,1.0
035_RC101,35,RC,6,9,OPTIMAL,2297.1328,6,6,6,0,0,1.0,2297.1328,0.0,0.0,60,5.0,2.0,1.0
035_RC101,35,RC,9,0,OPTIMAL,3505.0006,9,9,9,0,0,1.0,3505.0006,0.0,0.0,60,5.0,2.0,1.0
035_RC101,35,RC,9,1,OPTIMAL,3828.8462,9,9,9,0,0,1.0,3828.8462,0.0,0.0,60,5.0,2.0,1.0
035_RC101,35,RC,9,2,OPTIMAL,3866.4748,9,9,9,0,0,1.0,3866.4748,0.0,0.0,60,5.0,2.0,1.0
035_RC101,35,RC,9,3,OPTIMAL,3577.4264,9,9,9,0,0,1.0,3577.4264,0.0,0.0,60,5.0,2.0,1.0
035_RC101,35,RC,9,4,OPTIMAL,3917.191,9,9,9,0,0,1.0,3917.191,0.0,0.0,60,5.0,2.0,1.0
035_RC101,35,RC,9,5,OPTIMAL,3406.4504,9,9,9,0,0,1.0,3406.4504,0.0,0.0,60,5.0,2.0,1.0
035_RC101,35,RC,9,6,OPTIMAL,3548.8707,9,9,9,0,0,1.0,3548.8707,0.0,0.0,60,5.0,2.0,1.0
035_RC101,35,RC,9,7,OPTIMAL,3676.364,9,9,9,0,0,1.0,3676.364,0.0,0.0,60,5.0,2.0,1.0
035_RC101,35,RC,9,8,OPTIMAL,3791.9798,9,9,9,0,0,1.0,3791.9798,0.0,0.0,60,5.0,2.0,1.0
035_RC101,35,RC,9,9,OPTIMAL,3362.1698,9,9,9,0,0,1.0,3362.1698,0.0,0.0,60,5.0,2.0,1.0
