instance,size,class,level,seed_idx,status,objective,n_emergencies,n_outsourced,n_outsourced_infeasible,n_outsourced_economic,n_inserted,frac_outsourced,outsourcing,tw_penalty,completion_penalty,W,LAMBDA,PI_S,PI_C
010_C101,10,C,1,0,OPTIMAL,25.108,1,1,1,0,0,1.0,25.108,0.0,0.0,60,1.0,10,1.0
010_C101,10,C,1,1,OPTIMAL,28.2329,1,1,1,0,0,1.0,28.2329,0.0,0.0,60,1.0,10,1.0
010_C101,10,C,1,2,OPTIMAL,40.1867,1,1,1,0,0,1.0,40.1867,0.0,0.0,60,1.0,10,1.0
010_C101,10,C,1,3,OPTIMAL,57.6923,1,1,1,0,0,1.0,57.6923,0.0,0.0,60,1.0,10,1.0
010_C101,10,C,1,4,OPTIMAL,60.9054,1,1,1,0,0,1.0,60.9054,0.0,0.0,60,1.0,10,1.0
010_C101,10,C,1,5,OPTIMAL,73.5544,1,1,1,0,0,1.0,73.5544,0.0,0.0,60,1.0,10,1.0
010_C101,10,C,1,6,OPTIMAL,17.4135,1,1,1,0,0,1.0,17.4135,0.0,0.0,60,1.0,10,1.0
010_C101,10,C,1,7,OPTIMAL,37.4784,1,1,1,0,0,1.0,37.4784,0.0,0.0,60,1.0,10,1.0
010_C101,10,C,1,8,OPTIMAL,35.6712,1,1,1,0,0,1.0,35.6712,0.0,0.0,60,1.0,10,1.0
010_C101,10,C,1,9,OPTIMAL,32.0445,1,1,1,0,0,1.0,32.0445,0.0,0.0,60,1.0,10,1.0
010_C101,10,C,2,0,OPTIMAL,121.2316,2,2,2,0,0,1.0,121.2316,0.0,0.0,60,1.0,10,1.0
010_C101,10,C,2,1,OPTIMAL,115.4061,2,2,2,0,0,1.0,115.4061,0.0,0.0,60,1.0,10,1.0
010_C101,10,C,2,2,OPTIMAL,75.1344,2,2,2,0,0,1.0,75.1344,0.0,0.0,60,1.0,10,1.0
010_C101,10,C,2,3,OPTIMAL,64.0528,2,2,2,0,0,1.0,64.0528,0.0,0.0,60,1.0,10,1.0
010_C101,10,C,2,4,OPTIMAL,96.053,2,2,2,0,0,1.0,96.053,0.0,0.0,60,1.0,10,1.0
010_C101,10,C,2,5,OPTIMAL,52.6751,2,2,2,0,0,1.0,52.6751,0.0,0.0,60,1.0,10,1.0
010_C101,10,C,2,6,OPTIMAL,110.9684,2,2,2,0,0,1.0,110.9684,0.0,0.0,60,1.0,10,1.0
010_C101,10,C,2,7,OPTIMAL,60.3912,2,2,2,0,0,1.0,60.3912,0.0,0.0,60,1.0,10,1.0
010_C101,10,C,2,8,OPTIMAL,58.725,2,2,2,0,0,1.0,58.725,0.0,0.0,60,1.0,10,1.0
010_C101,10,C,2,9,OPTIMAL,122.757,2,2,2,0,0,1.0,122.757,0.0,0.0,60,1.0,10,1.0
010_C101,10,C,3,0,OPTIMAL,150.3293,3,3,3,0,0,1.0,150.3293,0.0,0.0,60,1.0,10,1.0
010_C101,10,C,3,1,OPTIMAL,131.7387,3,3,3,0,0,1.0,131.7387,0.0,0.0,60,1.0,10,1.0
010_C101,10,C,3,2,OPTIMAL,146.7235,3,3,3,0,0,1.0,146.7235,0.0,0.0,60,1.0,10,1.0
010_C101,10,C,3,3,OPTIMAL,123.3395,3,3,3,0,0,1.0,123.3395,0.0,0.0,60,1.0,10,1.0
010_C101,10,C,3,4,OPTIMAL,104.6115,3,3,3,0,0,1.0,104.6115,0.0,0.0,60,1.0,10,1.0
010_C101,10,C,3,5,OPTIMAL,131.8602,3,3,3,0,0,1.0,131.8602,0.0,0.0,60,1.0,10,1.0
010_C101,10,C,3,6,OPTIMAL,62.4369,3,2,2,0,1,0.6667,61.9345,0.0,0.5024,60,1.0,10,1.0
010_C101,10,C,3,7,OPTIMAL,161.3143,3,3,3,0,0,1.0,161.3143,0.0,0.0,60,1.0,10,1.0
010_C101,10,C,3,8,OPTIMAL,107.2595,3,2,2,0,1,0.6667,103.854,0.0,3.4054,60,1.0,10,1.0
010_C101,10,C,3,9,OPTIMAL,89.7185,3,2,2,0,1,0.6667,73.1949,0.0,16.5236,60,1.0,10,1.0
010_C102,10,C,1,0,OPTIMAL,25.108,1,1,0,1,0,1.0,25.108,0.0,0.0,60,1.0,10,1.0
010_C102,10,C,1,1,OPTIMAL,28.2329,1,1,1,0,0,1.0,28.2329,0.0,0.0,60,1.0,10,1.0
010_C102,10,C,1,2,OPTIMAL,40.1867,1,1,1,0,0,1.0,40.1867,0.0,0.0,60,1.0,10,1.0
010_C102,10,C,1,3,OPTIMAL,57.6923,1,1,1,0,0,1.0,57.6923,0.0,0.0,60,1.0,10,1.0
010_C102,10,C,1,4,OPTIMAL,60.9054,1,1,1,0,0,1.0,60.9054,0.0,0.0,60,1.0,10,1.0
010_C102,10,C,1,5,OPTIMAL,73.5544,1,1,1,0,0,1.0,73.5544,0.0,0.0,60,1.0,10,1.0
010_C102,10,C,1,6,OPTIMAL,17.4135,1,1,1,0,0,1.0,17.4135,0.0,0.0,60,1.0,10,1.0
010_C102,10,C,1,7,OPTIMAL,37.4784,1,1,1,0,0,1.0,37.4784,0.0,0.0,60,1.0,10,1.0
010_C102,10,C,1,8,OPTIMAL,35.6712,1,1,1,0,0,1.0,35.6712,0.0,0.0,60,1.0,10,1.0
010_C102,10,C,1,9,OPTIMAL,32.0445,1,1,1,0,0,1.0,32.0445,0.0,0.0,60,1.0,10,1.0
010_C102,10,C,2,0,OPTIMAL,121.2316,2,2,2,0,0,1.0,121.2316,0.0,0.0,60,1.0,10,1.0
010_C102,10,C,2,1,OPTIMAL,115.4061,2,2,2,0,0,1.0,115.4061,0.0,0.0,60,1.0,10,1.0
010_C102,10,C,2,2,OPTIMAL,75.1344,2,2,2,0,0,1.0,75.1344,0.0,0.0,60,1.0,10,1.0
010_C102,10,C,2,3,OPTIMAL,64.0528,2,2,2,0,0,1.0,64.0528,0.0,0.0,60,1.0,10,1.0
010_C102,10,C,2,4,OPTIMAL,96.053,2,2,2,0,0,1.0,96.053,0.0,0.0,60,1.0,10,1.0
010_C102,10,C,2,5,OPTIMAL,52.6751,2,2,2,0,0,1.0,52.6751,0.0,0.0,60,1.0,10,1.0
010_C102,10,C,2,6,OPTIMAL,110.9684,2,2,2,0,0,1.0,110.9684,0.0,0.0,60,1.0,10,1.0
010_C102,10,C,2,7,OPTIMAL,60.3912,2,2,2,0,0,1.0,60.3912,0.0,0.0,60,1.0,10,1.0
010_C102,10,C,2,8,OPTIMAL,58.725,2,2,2,0,0,1.0,58.725,0.0,0.0,60,1.0,10,1.0
010_C102,10,C,2,9,OPTIMAL,122.757,2,2,2,0,0,1.0,122.757,0.0,0.0,60,1.0,10,1.0
010_C102,10,C,3,0,OPTIMAL,150.3293,3,3,3,0,0,1.0,150.3293,0.0,0.0,60,1.0,10,1.0
010_C102,10,C,3,1,OPTIMAL,131.7387,3,3,3,0,0,1.0,131.7387,0.0,0.0,60,1.0,10,1.0
010_C102,10,C,3,2,OPTIMAL,146.7235,3,3,3,0,0,1.0,146.7235,0.0,0.0,60,1.0,10,1.0
010_C102,10,C,3,3,OPTIMAL,123.3395,3,3,3,0,0,1.0,123.3395,0.0,0.0,60,1.0,10,1.0
010_C102,10,C,3,4,OPTIMAL,104.6115,3,3,3,0,0,1.0,104.6115,0.0,0.0,60,1.0,10,1.0
010_C102,10,C,3,5,OPTIMAL,131.8602,3,3,3,0,0,1.0,131.8602,0.0,0.0,60,1.0,10,1.0
010_C102,10,C,3,6,OPTIMAL,94.0271,3,3,3,0,0,1.0,94.0271,0.0,0.0,60,1.0,10,1.0
010_C102,10,C,3,7,OPTIMAL,161.3143,3,3,3,0,0,1.0,161.3143,0.0,0.0,60,1.0,10,1.0
010_C102,10,C,3,8,OPTIMAL,107.2595,3,2,2,0,1,0.6667,103.854,0.0,3.4054,60,1.0,10,1.0
010_C102,10,C,3,9,OPTIMAL,96.0129,3,3,3,0,0,1.0,96.0129,0.0,0.0,60,1.0,10,1.0
010_C103,10,C,1,0,OPTIMAL,25.108,1,1,0,1,0,1.0,25.108,0.0,0.0,60,1.0,10,1.0
010_C103,10,C,1,1,OPTIMAL,28.2329,1,1,1,0,0,1.0,28.2329,0.0,0.0,60,1.0,10,1.0
010_C103,10,C,1,2,OPTIMAL,40.1867,1,1,1,0,0,1.0,40.1867,0.0,0.0,60,1.0,10,1.0
010_C103,10,C,1,3,OPTIMAL,57.6923,1,1,1,0,0,1.0,57.6923,0.0,0.0,60,1.0,10,1.0
010_C103,10,C,1,4,OPTIMAL,60.9054,1,1,1,0,0,1.0,60.9054,0.0,0.0,60,1.0,10,1.0
010_C103,10,C,1,5,OPTIMAL,73.5544,1,1,1,0,0,1.0,73.5544,0.0,0.0,60,1.0,10,1.0
010_C103,10,C,1,6,OPTIMAL,17.4135,1,1,1,0,0,1.0,17.4135,0.0,0.0,60,1.0,10,1.0
010_C103,10,C,1,7,OPTIMAL,37.4784,1,1,1,0,0,1.0,37.4784,0.0,0.0,60,1.0,10,1.0
010_C103,10,C,1,8,OPTIMAL,35.6712,1,1,1,0,0,1.0,35.6712,0.0,0.0,60,1.0,10,1.0
010_C103,10,C,1,9,OPTIMAL,32.0445,1,1,1,0,0,1.0,32.0445,0.0,0.0,60,1.0,10,1.0
010_C103,10,C,2,0,OPTIMAL,121.2316,2,2,2,0,0,1.0,121.2316,0.0,0.0,60,1.0,10,1.0
010_C103,10,C,2,1,OPTIMAL,115.4061,2,2,2,0,0,1.0,115.4061,0.0,0.0,60,1.0,10,1.0
010_C103,10,C,2,2,OPTIMAL,75.1344,2,2,2,0,0,1.0,75.1344,0.0,0.0,60,1.0,10,1.0
010_C103,10,C,2,3,OPTIMAL,64.0528,2,2,2,0,0,1.0,64.0528,0.0,0.0,60,1.0,10,1.0
010_C103,10,C,2,4,OPTIMAL,96.053,2,2,2,0,0,1.0,96.053,0.0,0.0,60,1.0,10,1.0
010_C103,10,C,2,5,OPTIMAL,52.6751,2,2,2,0,0,1.0,52.6751,0.0,0.0,60,1.0,10,1.0
010_C103,10,C,2,6,OPTIMAL,110.9684,2,2,2,0,0,1.0,110.9684,0.0,0.0,60,1.0,10,1.0
010_C103,10,C,2,7,OPTIMAL,60.3912,2,2,2,0,0,1.0,60.3912,0.0,0.0,60,1.0,10,1.0
010_C103,10,C,2,8,OPTIMAL,58.725,2,2,2,0,0,1.0,58.725,0.0,0.0,60,1.0,10,1.0
010_C103,10,C,2,9,OPTIMAL,122.757,2,2,2,0,0,1.0,122.757,0.0,0.0,60,1.0,10,1.0
010_C103,10,C,3,0,OPTIMAL,150.3293,3,3,3,0,0,1.0,150.3293,0.0,0.0,60,1.0,10,1.0
010_C103,10,C,3,1,OPTIMAL,131.7387,3,3,3,0,0,1.0,131.7387,0.0,0.0,60,1.0,10,1.0
010_C103,10,C,3,2,OPTIMAL,146.7235,3,3,3,0,0,1.0,146.7235,0.0,0.0,60,1.0,10,1.0
010_C103,10,C,3,3,OPTIMAL,123.3395,3,3,3,0,0,1.0,123.3395,0.0,0.0,60,1.0,10,1.0
010_C103,10,C,3,4,OPTIMAL,104.6115,3,3,3,0,0,1.0,104.6115,0.0,0.0,60,1.0,10,1.0
010_C103,10,C,3,5,OPTIMAL,131.8602,3,3,3,0,0,1.0,131.8602,0.0,0.0,60,1.0,10,1.0
010_C103,10,C,3,6,OPTIMAL,94.0271,3,3,3,0,0,1.0,94.0271,0.0,0.0,60,1.0,10,1.0
010_C103,10,C,3,7,OPTIMAL,161.3143,3,3,3,0,0,1.0,161.3143,0.0,0.0,60,1.0,10,1.0
010_C103,10,C,3,8,OPTIMAL,137.396,3,3,3,0,0,1.0,137.396,0.0,0.0,60,1.0,10,1.0
010_C103,10,C,3,9,OPTIMAL,96.0129,3,3,3,0,0,1.0,96.0129,0.0,0.0,60,1.0,10,1.0
010_C104,10,C,1,0,OPTIMAL,25.108,1,1,0,1,0,1.0,25.108,0.0,0.0,60,1.0,10,1.0
010_C104,10,C,1,1,OPTIMAL,28.2329,1,1,1,0,0,1.0,28.2329,0.0,0.0,60,1.0,10,1.0
010_C104,10,C,1,2,OPTIMAL,40.1867,1,1,1,0,0,1.0,40.1867,0.0,0.0,60,1.0,10,1.0
010_C104,10,C,1,3,OPTIMAL,57.6923,1,1,1,0,0,1.0,57.6923,0.0,0.0,60,1.0,10,1.0
010_C104,10,C,1,4,OPTIMAL,60.9054,1,1,1,0,0,1.0,60.9054,0.0,0.0,60,1.0,10,1.0
010_C104,10,C,1,5,OPTIMAL,73.5544,1,1,1,0,0,1.0,73.5544,0.0,0.0,60,1.0,10,1.0
010_C104,10,C,1,6,OPTIMAL,17.4135,1,1,1,0,0,1.0,17.4135,0.0,0.0,60,1.0,10,1.0
010_C104,10,C,1,7,OPTIMAL,37.4784,1,1,1,0,0,1.0,37.4784,0.0,0.0,60,1.0,10,1.0
010_C104,10,C,1,8,OPTIMAL,35.6712,1,1,1,0,0,1.0,35.6712,0.0,0.0,60,1.0,10,1.0
010_C104,10,C,1,9,OPTIMAL,32.0445,1,1,1,0,0,1.0,32.0445,0.0,0.0,60,1.0,10,1.0
010_C104,10,C,2,0,OPTIMAL,121.2316,2,2,2,0,0,1.0,121.2316,0.0,0.0,60,1.0,10,1.0
010_C104,10,C,2,1,OPTIMAL,115.4061,2,2,2,0,0,1.0,115.4061,0.0,0.0,60,1.0,10,1.0
010_C104,10,C,2,2,OPTIMAL,75.1344,2,2,2,0,0,1.0,75.1344,0.0,0.0,60,1.0,10,1.0
010_C104,10,C,2,3,OPTIMAL,64.0528,2,2,2,0,0,1.0,64.0528,0.0,0.0,60,1.0,10,1.0
010_C104,10,C,2,4,OPTIMAL,96.053,2,2,2,0,0,1.0,96.053,0.0,0.0,60,1.0,10,1.0
010_C104,10,C,2,5,OPTIMAL,52.6751,2,2,2,0,0,1.0,52.6751,0.0,0.0,60,1.0,10,1.0
010_C104,10,C,2,6,OPTIMAL,110.9684,2,2,2,0,0,1.0,110.9684,0.0,0.0,60,1.0,10,1.0
010_C104,10,C,2,7,OPTIMAL,60.3912,2,2,2,0,0,1.0,60.3912,0.0,0.0,60,1.0,10,1.0
010_C104,10,C,2,8,OPTIMAL,58.725,2,2,2,0,0,1.0,58.725,0.0,0.0,60,1.0,10,1.0
010_C104,10,C,2,9,OPTIMAL,122.757,2,2,2,0,0,1.0,122.757,0.0,0.0,60,1.0,10,1.0
010_C104,10,C,3,0,OPTIMAL,150.3293,3,3,3,0,0,1.0,150.3293,0.0,0.0,60,1.0,10,1.0
010_C104,10,C,3,1,OPTIMAL,131.7387,3,3,3,0,0,1.0,131.7387,0.0,0.0,60,1.0,10,1.0
010_C104,10,C,3,2,OPTIMAL,146.7235,3,3,3,0,0,1.0,146.7235,0.0,0.0,60,1.0,10,1.0
010_C104,10,C,3,3,OPTIMAL,123.3395,3,3,3,0,0,1.0,123.3395,0.0,0.0,60,1.0,10,1.0
010_C104,10,C,3,4,OPTIMAL,104.6115,3,3,3,0,0,1.0,104.6115,0.0,0.0,60,1.0,10,1.0
010_C104,10,C,3,5,OPTIMAL,131.8602,3,3,3,0,0,1.0,131.8602,0.0,0.0,60,1.0,10,1.0
010_C104,10,C,3,6,OPTIMAL,94.0271,3,3,3,0,0,1.0,94.0271,0.0,0.0,60,1.0,10,1.0
010_C104,10,C,3,7,OPTIMAL,161.3143,3,3,3,0,0,1.0,161.3143,0.0,0.0,60,1.0,10,1.0
010_C104,10,C,3,8,OPTIMAL,137.396,3,3,3,0,0,1.0,137.396,0.0,0.0,60,1.0,10,1.0
010_C104,10,C,3,9,OPTIMAL,96.0129,3,3,3,0,0,1.0,96.0129,0.0,0.0,60,1.0,10,1.0
010_C105,10,C,1,0,OPTIMAL,25.108,1,1,0,1,0,1.0,25.108,0.0,0.0,60,1.0,10,1.0
010_C105,10,C,1,1,OPTIMAL,28.2329,1,1,1,0,0,1.0,28.2329,0.0,0.0,60,1.0,10,1.0
010_C105,10,C,1,2,OPTIMAL,7.8471,1,0,0,0,1,0.0,0.0,0.0,7.8471,60,1.0,10,1.0
010_C105,10,C,1,3,OPTIMAL,57.6923,1,1,1,0,0,1.0,57.6923,0.0,0.0,60,1.0,10,1.0
010_C105,10,C,1,4,OPTIMAL,60.9054,1,1,1,0,0,1.0,60.9054,0.0,0.0,60,1.0,10,1.0
010_C105,10,C,1,5,OPTIMAL,73.5544,1,1,1,0,0,1.0,73.5544,0.0,0.0,60,1.0,10,1.0
010_C105,10,C,1,6,OPTIMAL,17.4135,1,1,1,0,0,1.0,17.4135,0.0,0.0,60,1.0,10,1.0
010_C105,10,C,1,7,OPTIMAL,37.4784,1,1,1,0,0,1.0,37.4784,0.0,0.0,60,1.0,10,1.0
010_C105,10,C,1,8,OPTIMAL,35.6712,1,1,1,0,0,1.0,35.6712,0.0,0.0,60,1.0,10,1.0
010_C105,10,C,1,9,OPTIMAL,32.0445,1,1,1,0,0,1.0,32.0445,0.0,0.0,60,1.0,10,1.0
010_C105,10,C,2,0,OPTIMAL,121.2316,2,2,2,0,0,1.0,121.2316,0.0,0.0,60,1.0,10,1.0
010_C105,10,C,2,1,OPTIMAL,115.4061,2,2,2,0,0,1.0,115.4061,0.0,0.0,60,1.0,10,1.0
010_C105,10,C,2,2,OPTIMAL,75.1344,2,2,2,0,0,1.0,75.1344,0.0,0.0,60,1.0,10,1.0
010_C105,10,C,2,3,OPTIMAL,25.4447,2,1,1,0,1,0.5,24.2733,0.0,1.1714,60,1.0,10,1.0
010_C105,10,C,2,4,OPTIMAL,96.053,2,2,2,0,0,1.0,96.053,0.0,0.0,60,1.0,10,1.0
010_C105,10,C,2,5,OPTIMAL,52.6751,2,2,2,0,0,1.0,52.6751,0.0,0.0,60,1.0,10,1.0
010_C105,10,C,2,6,OPTIMAL,110.9684,2,2,2,0,0,1.0,110.9684,0.0,0.0,60,1.0,10,1.0
010_C105,10,C,2,7,OPTIMAL,60.3912,2,2,2,0,0,1.0,60.3912,0.0,0.0,60,1.0,10,1.0
010_C105,10,C,2,8,OPTIMAL,58.725,2,2,2,0,0,1.0,58.725,0.0,0.0,60,1.0,10,1.0
010_C105,10,C,2,9,OPTIMAL,122.757,2,2,2,0,0,1.0,122.757,0.0,0.0,60,1.0,10,1.0
010_C105,10,C,3,0,OPTIMAL,150.3293,3,3,3,0,0,1.0,150.3293,0.0,0.0,60,1.0,10,1.0
010_C105,10,C,3,1,OPTIMAL,131.7387,3,3,3,0,0,1.0,131.7387,0.0,0.0,60,1.0,10,1.0
010_C105,10,C,3,2,OPTIMAL,146.7235,3,3,3,0,0,1.0,146.7235,0.0,0.0,60,1.0,10,1.0
010_C105,10,C,3,3,OPTIMAL,107.9074,3,2,2,0,1,0.6667,102.2143,0.0,5.6931,60,1.0,10,1.0
010_C105,10,C,3,4,OPTIMAL,104.6115,3,3,3,0,0,1.0,104.6115,0.0,0.0,60,1.0,10,1.0
010_C105,10,C,3,5,OPTIMAL,131.8602,3,3,3,0,0,1.0,131.8602,0.0,0.0,60,1.0,10,1.0
010_C105,10,C,3,6,OPTIMAL,85.028,3,2,2,0,1,0.6667,72.6557,0.0,12.3723,60,1.0,10,1.0
010_C105,10,C,3,7,OPTIMAL,123.8578,3,2,2,0,1,0.6667,121.9019,0.0,1.9558,60,1.0,10,1.0
010_C105,10,C,3,8,OPTIMAL,137.396,3,3,3,0,0,1.0,137.396,0.0,0.0,60,1.0,10,1.0
010_C105,10,C,3,9,OPTIMAL,96.0129,3,3,3,0,0,1.0,96.0129,0.0,0.0,60,1.0,10,1.0
010_C106,10,C,1,0,OPTIMAL,6.4458,1,0,0,0,1,0.0,0.0,0.0,6.4458,60,1.0,10,1.0
010_C106,10,C,1,1,OPTIMAL,28.2329,1,1,1,0,0,1.0,28.2329,0.0,0.0,60,1.0,10,1.0
010_C106,10,C,1,2,OPTIMAL,40.1867,1,1,1,0,0,1.0,40.1867,0.0,0.0,60,1.0,10,1.0
010_C106,10,C,1,3,OPTIMAL,57.6923,1,1,1,0,0,1.0,57.6923,0.0,0.0,60,1.0,10,1.0
010_C106,10,C,1,4,OPTIMAL,60.9054,1,1,1,0,0,1.0,60.9054,0.0,0.0,60,1.0,10,1.0
010_C106,10,C,1,5,OPTIMAL,73.5544,1,1,1,0,0,1.0,73.5544,0.0,0.0,60,1.0,10,1.0
010_C106,10,C,1,6,OPTIMAL,17.4135,1,1,1,0,0,1.0,17.4135,0.0,0.0,60,1.0,10,1.0
010_C106,10,C,1,7,OPTIMAL,37.4784,1,1,1,0,0,1.0,37.4784,0.0,0.0,60,1.0,10,1.0
010_C106,10,C,1,8,OPTIMAL,35.6712,1,1,1,0,0,1.0,35.6712,0.0,0.0,60,1.0,10,1.0
010_C106,10,C,1,9,OPTIMAL,32.0445,1,1,1,0,0,1.0,32.0445,0.0,0.0,60,1.0,10,1.0
010_C106,10,C,2,0,OPTIMAL,121.2316,2,2,2,0,0,1.0,121.2316,0.0,0.0,60,1.0,10,1.0
010_C106,10,C,2,1,OPTIMAL,115.4061,2,2,2,0,0,1.0,115.4061,0.0,0.0,60,1.0,10,1.0
010_C106,10,C,2,2,OPTIMAL,75.1344,2,2,2,0,0,1.0,75.1344,0.0,0.0,60,1.0,10,1.0
010_C106,10,C,2,3,OPTIMAL,25.4447,2,1,1,0,1,0.5,24.2733,0.0,1.1714,60,1.0,10,1.0
010_C106,10,C,2,4,OPTIMAL,96.053,2,2,2,0,0,1.0,96.053,0.0,0.0,60,1.0,10,1.0
010_C106,10,C,2,5,OPTIMAL,52.6751,2,2,2,0,0,1.0,52.6751,0.0,0.0,60,1.0,10,1.0
010_C106,10,C,2,6,OPTIMAL,110.9684,2,2,2,0,0,1.0,110.9684,0.0,0.0,60,1.0,10,1.0
010_C106,10,C,2,7,OPTIMAL,60.3912,2,2,2,0,0,1.0,60.3912,0.0,0.0,60,1.0,10,1.0
010_C106,10,C,2,8,OPTIMAL,58.725,2,2,2,0,0,1.0,58.725,0.0,0.0,60,1.0,10,1.0
010_C106,10,C,2,9,OPTIMAL,122.757,2,2,2,0,0,1.0,122.757,0.0,0.0,60,1.0,10,1.0
010_C106,10,C,3,0,OPTIMAL,150.3293,3,3,3,0,0,1.0,150.3293,0.0,0.0,60,1.0,10,1.0
010_C106,10,C,3,1,OPTIMAL,131.7387,3,3,3,0,0,1.0,131.7387,0.0,0.0,60,1.0,10,1.0
010_C106,10,C,3,2,OPTIMAL,146.7235,3,3,3,0,0,1.0,146.7235,0.0,0.0,60,1.0,10,1.0
010_C106,10,C,3,3,OPTIMAL,123.3395,3,3,3,0,0,1.0,123.3395,0.0,0.0,60,1.0,10,1.0
010_C106,10,C,3,4,OPTIMAL,104.6115,3,3,3,0,0,1.0,104.6115,0.0,0.0,60,1.0,10,1.0
010_C106,10,C,3,5,OPTIMAL,131.8602,3,3,3,0,0,1.0,131.8602,0.0,0.0,60,1.0,10,1.0
010_C106,10,C,3,6,OPTIMAL,94.0271,3,3,3,0,0,1.0,94.0271,0.0,0.0,60,1.0,10,1.0
010_C106,10,C,3,7,OPTIMAL,161.3143,3,3,2,1,0,1.0,161.3143,0.0,0.0,60,1.0,10,1.0
010_C106,10,C,3,8,OPTIMAL,114.0704,3,2,2,0,1,0.6667,103.854,0.0,10.2163,60,1.0,10,1.0
010_C106,10,C,3,9,OPTIMAL,89.7185,3,2,2,0,1,0.6667,73.1949,0.0,16.5236,60,1.0,10,1.0
010_C107,10,C,1,0,OPTIMAL,25.108,1,1,0,1,0,1.0,25.108,0.0,0.0,60,1.0,10,1.0
010_C107,10,C,1,1,OPTIMAL,0.0013,1,0,0,0,1,0.0,0.0,0.0,0.0013,60,1.0,10,1.0
010_C107,10,C,1,2,OPTIMAL,40.1867,1,1,1,0,0,1.0,40.1867,0.0,0.0,60,1.0,10,1.0
010_C107,10,C,1,3,OPTIMAL,57.6923,1,1,1,0,0,1.0,57.6923,0.0,0.0,60,1.0,10,1.0
010_C107,10,C,1,4,OPTIMAL,60.9054,1,1,1,0,0,1.0,60.9054,0.0,0.0,60,1.0,10,1.0
010_C107,10,C,1,5,OPTIMAL,73.5544,1,1,1,0,0,1.0,73.5544,0.0,0.0,60,1.0,10,1.0
010_C107,10,C,1,6,OPTIMAL,17.4135,1,1,1,0,0,1.0,17.4135,0.0,0.0,60,1.0,10,1.0
010_C107,10,C,1,7,OPTIMAL,37.4784,1,1,1,0,0,1.0,37.4784,0.0,0.0,60,1.0,10,1.0
010_C107,10,C,1,8,OPTIMAL,5.5276,1,0,0,0,1,0.0,0.0,0.0,5.5276,60,1.0,10,1.0
010_C107,10,C,1,9,OPTIMAL,32.0445,1,1,1,0,0,1.0,32.0445,0.0,0.0,60,1.0,10,1.0
010_C107,10,C,2,0,OPTIMAL,121.2316,2,2,2,0,0,1.0,121.2316,0.0,0.0,60,1.0,10,1.0
010_C107,10,C,2,1,OPTIMAL,115.4061,2,2,2,0,0,1.0,115.4061,0.0,0.0,60,1.0,10,1.0
010_C107,10,C,2,2,OPTIMAL,75.1344,2,2,2,0,0,1.0,75.1344,0.0,0.0,60,1.0,10,1.0
010_C107,10,C,2,3,OPTIMAL,64.0528,2,2,2,0,0,1.0,64.0528,0.0,0.0,60,1.0,10,1.0
010_C107,10,C,2,4,OPTIMAL,65.512,2,1,1,0,1,0.5,61.9991,0.0,3.5129,60,1.0,10,1.0
010_C107,10,C,2,5,OPTIMAL,52.6751,2,2,2,0,0,1.0,52.6751,0.0,0.0,60,1.0,10,1.0
010_C107,10,C,2,6,OPTIMAL,110.9684,2,2,2,0,0,1.0,110.9684,0.0,0.0,60,1.0,10,1.0
010_C107,10,C,2,7,OPTIMAL,20.3813,2,1,1,0,1,0.5,20.3124,0.0,0.069,60,1.0,10,1.0
010_C107,10,C,2,8,OPTIMAL,58.725,2,2,2,0,0,1.0,58.725,0.0,0.0,60,1.0,10,1.0
010_C107,10,C,2,9,OPTIMAL,122.757,2,2,2,0,0,1.0,122.757,0.0,0.0,60,1.0,10,1.0
010_C107,10,C,3,0,OPTIMAL,150.3293,3,3,3,0,0,1.0,150.3293,0.0,0.0,60,1.0,10,1.0
010_C107,10,C,3,1,OPTIMAL,131.7387,3,3,3,0,0,1.0,131.7387,0.0,0.0,60,1.0,10,1.0
010_C107,10,C,3,2,OPTIMAL,146.7235,3,3,3,0,0,1.0,146.7235,0.0,0.0,60,1.0,10,1.0
010_C107,10,C,3,3,OPTIMAL,103.3134,3,2,2,0,1,0.6667,103.2614,0.0,0.052,60,1.0,10,1.0
010_C107,10,C,3,4,OPTIMAL,104.6115,3,3,3,0,0,1.0,104.6115,0.0,0.0,60,1.0,10,1.0
010_C107,10,C,3,5,OPTIMAL,131.8602,3,3,3,0,0,1.0,131.8602,0.0,0.0,60,1.0,10,1.0
010_C107,10,C,3,6,OPTIMAL,23.3168,3,1,1,0,2,0.3333,21.3714,0.0,1.9454,60,1.0,10,1.0
010_C107,10,C,3,7,OPTIMAL,161.3143,3,3,3,0,0,1.0,161.3143,0.0,0.0,60,1.0,10,1.0
010_C107,10,C,3,8,OPTIMAL,137.396,3,3,3,0,0,1.0,137.396,0.0,0.0,60,1.0,10,1.0
010_C107,10,C,3,9,OPTIMAL,76.7066,3,2,2,0,1,0.6667,73.1949,0.0,3.5117,60,1.0,10,1.0
010_C108,10,C,1,0,OPTIMAL,25.108,1,1,0,1,0,1.0,25.108,0.0,0.0,60,1.0,10,1.0
010_C108,10,C,1,1,OPTIMAL,0.0013,1,0,0,0,1,0.0,0.0,0.0,0.0013,60,1.0,10,1.0
010_C108,10,C,1,2,OPTIMAL,40.1867,1,1,1,0,0,1.0,40.1867,0.0,0.0,60,1.0,10,1.0
010_C108,10,C,1,3,OPTIMAL,57.6923,1,1,1,0,0,1.0,57.6923,0.0,0.0,60,1.0,10,1.0
010_C108,10,C,1,4,OPTIMAL,60.9054,1,1,1,0,0,1.0,60.9054,0.0,0.0,60,1.0,10,1.0
010_C108,10,C,1,5,OPTIMAL,73.5544,1,1,1,0,0,1.0,73.5544,0.0,0.0,60,1.0,10,1.0
010_C108,10,C,1,6,OPTIMAL,17.4135,1,1,1,0,0,1.0,17.4135,0.0,0.0,60,1.0,10,1.0
010_C108,10,C,1,7,OPTIMAL,37.4784,1,1,1,0,0,1.0,37.4784,0.0,0.0,60,1.0,10,1.0
010_C108,10,C,1,8,OPTIMAL,35.6712,1,1,1,0,0,1.0,35.6712,0.0,0.0,60,1.0,10,1.0
010_C108,10,C,1,9,OPTIMAL,32.0445,1,1,1,0,0,1.0,32.0445,0.0,0.0,60,1.0,10,1.0
010_C108,10,C,2,0,OPTIMAL,121.2316,2,2,2,0,0,1.0,121.2316,0.0,0.0,60,1.0,10,1.0
010_C108,10,C,2,1,OPTIMAL,115.4061,2,2,2,0,0,1.0,115.4061,0.0,0.0,60,1.0,10,1.0
010_C108,10,C,2,2,OPTIMAL,75.1344,2,2,2,0,0,1.0,75.1344,0.0,0.0,60,1.0,10,1.0
010_C108,10,C,2,3,OPTIMAL,64.0528,2,2,2,0,0,1.0,64.0528,0.0,0.0,60,1.0,10,1.0
010_C108,10,C,2,4,OPTIMAL,96.053,2,2,2,0,0,1.0,96.053,0.0,0.0,60,1.0,10,1.0
010_C108,10,C,2,5,OPTIMAL,52.6751,2,2,2,0,0,1.0,52.6751,0.0,0.0,60,1.0,10,1.0
010_C108,10,C,2,6,OPTIMAL,110.9684,2,2,2,0,0,1.0,110.9684,0.0,0.0,60,1.0,10,1.0
010_C108,10,C,2,7,OPTIMAL,20.3813,2,1,1,0,1,0.5,20.3124,0.0,0.069,60,1.0,10,1.0
010_C108,10,C,2,8,OPTIMAL,58.725,2,2,2,0,0,1.0,58.725,0.0,0.0,60,1.0,10,1.0
010_C108,10,C,2,9,OPTIMAL,122.757,2,2,2,0,0,1.0,122.757,0.0,0.0,60,1.0,10,1.0
010_C108,10,C,3,0,OPTIMAL,150.3293,3,3,3,0,0,1.0,150.3293,0.0,0.0,60,1.0,10,1.0
010_C108,10,C,3,1,OPTIMAL,131.7387,3,3,3,0,0,1.0,131.7387,0.0,0.0,60,1.0,10,1.0
010_C108,10,C,3,2,OPTIMAL,146.7235,3,3,3,0,0,1.0,146.7235,0.0,0.0,60,1.0,10,1.0
010_C108,10,C,3,3,OPTIMAL,103.3134,3,2,2,0,1,0.6667,103.2614,0.0,0.052,60,1.0,10,1.0
010_C108,10,C,3,4,OPTIMAL,104.6115,3,3,3,0,0,1.0,104.6115,0.0,0.0,60,1.0,10,1.0
010_C108,10,C,3,5,OPTIMAL,131.8602,3,3,3,0,0,1.0,131.8602,0.0,0.0,60,1.0,10,1.0
010_C108,10,C,3,6,OPTIMAL,23.3168,3,1,1,0,2,0.3333,21.3714,0.0,1.9454,60,1.0,10,1.0
010_C108,10,C,3,7,OPTIMAL,161.3143,3,3,3,0,0,1.0,161.3143,0.0,0.0,60,1.0,10,1.0
010_C108,10,C,3,8,OPTIMAL,137.396,3,3,3,0,0,1.0,137.396,0.0,0.0,60,1.0,10,1.0
010_C108,10,C,3,9,OPTIMAL,76.7066,3,2,2,0,1,0.6667,73.1949,0.0,3.5117,60,1.0,10,1.0
010_C109,10,C,1,0,OPTIMAL,25.108,1,1,0,1,0,1.0,25.108,0.0,0.0,60,1.0,10,1.0
010_C109,10,C,1,1,OPTIMAL,28.2329,1,1,1,0,0,1.0,28.2329,0.0,0.0,60,1.0,10,1.0
010_C109,10,C,1,2,OPTIMAL,2.6927,1,0,0,0,1,0.0,0.0,0.0,2.6927,60,1.0,10,1.0
010_C109,10,C,1,3,OPTIMAL,57.6923,1,1,1,0,0,1.0,57.6923,0.0,0.0,60,1.0,10,1.0
010_C109,10,C,1,4,OPTIMAL,60.9054,1,1,1,0,0,1.0,60.9054,0.0,0.0,60,1.0,10,1.0
010_C109,10,C,1,5,OPTIMAL,73.5544,1,1,1,0,0,1.0,73.5544,0.0,0.0,60,1.0,10,1.0
010_C109,10,C,1,6,OPTIMAL,17.4135,1,1,1,0,0,1.0,17.4135,0.0,0.0,60,1.0,10,1.0
010_C109,10,C,1,7,OPTIMAL,37.4784,1,1,1,0,0,1.0,37.4784,0.0,0.0,60,1.0,10,1.0
010_C109,10,C,1,8,OPTIMAL,35.6712,1,1,1,0,0,1.0,35.6712,0.0,0.0,60,1.0,10,1.0
010_C109,10,C,1,9,OPTIMAL,32.0445,1,1,1,0,0,1.0,32.0445,0.0,0.0,60,1.0,10,1.0
010_C109,10,C,2,0,OPTIMAL,121.2316,2,2,2,0,0,1.0,121.2316,0.0,0.0,60,1.0,10,1.0
010_C109,10,C,2,1,OPTIMAL,37.1596,2,1,1,0,1,0.5,35.2325,0.0,1.9271,60,1.0,10,1.0
010_C109,10,C,2,2,OPTIMAL,75.1344,2,2,2,0,0,1.0,75.1344,0.0,0.0,60,1.0,10,1.0
010_C109,10,C,2,3,OPTIMAL,64.0528,2,2,2,0,0,1.0,64.0528,0.0,0.0,60,1.0,10,1.0
010_C109,10,C,2,4,OPTIMAL,64.7276,2,1,1,0,1,0.5,61.9991,0.0,2.7285,60,1.0,10,1.0
010_C109,10,C,2,5,OPTIMAL,44.9376,2,1,1,0,1,0.5,31.874,0.0,13.0637,60,1.0,10,1.0
010_C109,10,C,2,6,OPTIMAL,110.9684,2,2,2,0,0,1.0,110.9684,0.0,0.0,60,1.0,10,1.0
010_C109,10,C,2,7,OPTIMAL,23.2355,2,1,1,0,1,0.5,20.3124,0.0,2.9232,60,1.0,10,1.0
010_C109,10,C,2,8,OPTIMAL,58.725,2,2,2,0,0,1.0,58.725,0.0,0.0,60,1.0,10,1.0
010_C109,10,C,2,9,OPTIMAL,122.757,2,2,2,0,0,1.0,122.757,0.0,0.0,60,1.0,10,1.0
010_C109,10,C,3,0,OPTIMAL,150.3293,3,3,3,0,0,1.0,150.3293,0.0,0.0,60,1.0,10,1.0
010_C109,10,C,3,1,OPTIMAL,131.7387,3,3,3,0,0,1.0,131.7387,0.0,0.0,60,1.0,10,1.0
010_C109,10,C,3,2,OPTIMAL,146.7235,3,3,3,0,0,1.0,146.7235,0.0,0.0,60,1.0,10,1.0
010_C109,10,C,3,3,OPTIMAL,123.3395,3,3,3,0,0,1.0,123.3395,0.0,0.0,60,1.0,10,1.0
010_C109,10,C,3,4,OPTIMAL,104.6115,3,3,3,0,0,1.0,104.6115,0.0,0.0,60,1.0,10,1.0
010_C109,10,C,3,5,OPTIMAL,131.8602,3,3,3,0,0,1.0,131.8602,0.0,0.0,60,1.0,10,1.0
010_C109,10,C,3,6,OPTIMAL,56.7885,3,2,2,0,1,0.6667,53.464,0.0,3.3245,60,1.0,10,1.0
010_C109,10,C,3,7,OPTIMAL,161.3143,3,3,3,0,0,1.0,161.3143,0.0,0.0,60,1.0,10,1.0
010_C109,10,C,3,8,OPTIMAL,78.7073,3,1,1,0,2,0.3333,71.5326,0.0,7.1746,60,1.0,10,1.0
010_C109,10,C,3,9,OPTIMAL,96.0129,3,3,3,0,0,1.0,96.0129,0.0,0.0,60,1.0,10,1.0
010_C201,10,C,1,0,OPTIMAL,25.4258,1,1,1,0,0,1.0,25.4258,0.0,0.0,60,1.0,10,1.0
010_C201,10,C,1,1,OPTIMAL,54.4151,1,1,1,0,0,1.0,54.4151,0.0,0.0,60,1.0,10,1.0
010_C201,10,C,1,2,OPTIMAL,54.1904,1,1,1,0,0,1.0,54.1904,0.0,0.0,60,1.0,10,1.0
010_C201,10,C,1,3,OPTIMAL,1.4632,1,0,0,0,1,0.0,0.0,0.0,1.4632,60,1.0,10,1.0
010_C201,10,C,1,4,OPTIMAL,47.197,1,1,1,0,0,1.0,47.197,0.0,0.0,60,1.0,10,1.0
010_C201,10,C,1,5,OPTIMAL,40.8531,1,1,1,0,0,1.0,40.8531,0.0,0.0,60,1.0,10,1.0
010_C201,10,C,1,6,OPTIMAL,54.481,1,1,1,0,0,1.0,54.481,0.0,0.0,60,1.0,10,1.0
010_C201,10,C,1,7,OPTIMAL,24.4109,1,1,0,1,0,1.0,24.4109,0.0,0.0,60,1.0,10,1.0
010_C201,10,C,1,8,OPTIMAL,53.4913,1,1,1,0,0,1.0,53.4913,0.0,0.0,60,1.0,10,1.0
010_C201,10,C,1,9,OPTIMAL,55.4177,1,1,1,0,0,1.0,55.4177,0.0,0.0,60,1.0,10,1.0
010_C201,10,C,2,0,OPTIMAL,77.8205,2,2,2,0,0,1.0,77.8205,0.0,0.0,60,1.0,10,1.0
010_C201,10,C,2,1,OPTIMAL,78.3359,2,2,2,0,0,1.0,78.3359,0.0,0.0,60,1.0,10,1.0
010_C201,10,C,2,2,OPTIMAL,94.796,2,2,2,0,0,1.0,94.796,0.0,0.0,60,1.0,10,1.0
010_C201,10,C,2,3,OPTIMAL,74.1513,2,2,2,0,0,1.0,74.1513,0.0,0.0,60,1.0,10,1.0
010_C201,10,C,2,4,OPTIMAL,97.6586,2,2,2,0,0,1.0,97.6586,0.0,0.0,60,1.0,10,1.0
010_C201,10,C,2,5,OPTIMAL,109.5226,2,2,2,0,0,1.0,109.5226,0.0,0.0,60,1.0,10,1.0
010_C201,10,C,2,6,OPTIMAL,102.5899,2,2,2,0,0,1.0,102.5899,0.0,0.0,60,1.0,10,1.0
010_C201,10,C,2,7,OPTIMAL,86.1656,2,2,2,0,0,1.0,86.1656,0.0,0.0,60,1.0,10,1.0
010_C201,10,C,2,8,OPTIMAL,92.4994,2,2,2,0,0,1.0,92.4994,0.0,0.0,60,1.0,10,1.0
010_C201,10,C,2,9,OPTIMAL,106.2259,2,2,2,0,0,1.0,106.2259,0.0,0.0,60,1.0,10,1.0
010_C201,10,C,3,0,OPTIMAL,140.2603,3,3,2,1,0,1.0,140.2603,0.0,0.0,60,1.0,10,1.0
010_C201,10,C,3,1,OPTIMAL,123.855,3,3,3,0,0,1.0,123.855,0.0,0.0,60,1.0,10,1.0
010_C201,10,C,3,2,OPTIMAL,125.27,3,3,3,0,0,1.0,125.27,0.0,0.0,60,1.0,10,1.0
010_C201,10,C,3,3,OPTIMAL,111.3699,3,3,3,0,0,1.0,111.3699,0.0,0.0,60,1.0,10,1.0
010_C201,10,C,3,4,OPTIMAL,110.1226,3,2,2,0,1,0.6667,92.2818,0.0,17.8408,60,1.0,10,1.0
010_C201,10,C,3,5,OPTIMAL,137.467,3,3,3,0,0,1.0,137.467,0.0,0.0,60,1.0,10,1.0
010_C201,10,C,3,6,OPTIMAL,140.3099,3,3,3,0,0,1.0,140.3099,0.0,0.0,60,1.0,10,1.0
010_C201,10,C,3,7,OPTIMAL,134.3356,3,3,3,0,0,1.0,134.3356,0.0,0.0,60,1.0,10,1.0
010_C201,10,C,3,8,OPTIMAL,99.0727,3,2,2,0,1,0.6667,96.1939,0.0,2.8788,60,1.0,10,1.0
010_C201,10,C,3,9,OPTIMAL,149.6371,3,3,3,0,0,1.0,149.6371,0.0,0.0,60,1.0,10,1.0
010_C202,10,C,1,0,OPTIMAL,25.4258,1,1,1,0,0,1.0,25.4258,0.0,0.0,60,1.0,10,1.0
010_C202,10,C,1,1,OPTIMAL,54.4151,1,1,1,0,0,1.0,54.4151,0.0,0.0,60,1.0,10,1.0
010_C202,10,C,1,2,OPTIMAL,54.1904,1,1,1,0,0,1.0,54.1904,0.0,0.0,60,1.0,10,1.0
010_C202,10,C,1,3,OPTIMAL,52.8862,1,1,1,0,0,1.0,52.8862,0.0,0.0,60,1.0,10,1.0
010_C202,10,C,1,4,OPTIMAL,47.197,1,1,1,0,0,1.0,47.197,0.0,0.0,60,1.0,10,1.0
010_C202,10,C,1,5,OPTIMAL,6.8013,1,0,0,0,1,0.0,0.0,0.0,6.8013,60,1.0,10,1.0
010_C202,10,C,1,6,OPTIMAL,54.481,1,1,1,0,0,1.0,54.481,0.0,0.0,60,1.0,10,1.0
010_C202,10,C,1,7,OPTIMAL,3.4869,1,0,0,0,1,0.0,0.0,0.0,3.4869,60,1.0,10,1.0
010_C202,10,C,1,8,OPTIMAL,53.4913,1,1,1,0,0,1.0,53.4913,0.0,0.0,60,1.0,10,1.0
010_C202,10,C,1,9,OPTIMAL,55.4177,1,1,1,0,0,1.0,55.4177,0.0,0.0,60,1.0,10,1.0
010_C202,10,C,2,0,OPTIMAL,77.8205,2,2,2,0,0,1.0,77.8205,0.0,0.0,60,1.0,10,1.0
010_C202,10,C,2,1,OPTIMAL,78.3359,2,2,2,0,0,1.0,78.3359,0.0,0.0,60,1.0,10,1.0
010_C202,10,C,2,2,OPTIMAL,94.796,2,2,2,0,0,1.0,94.796,0.0,0.0,60,1.0,10,1.0
010_C202,10,C,2,3,OPTIMAL,74.1513,2,2,2,0,0,1.0,74.1513,0.0,0.0,60,1.0,10,1.0
010_C202,10,C,2,4,OPTIMAL,97.6586,2,2,2,0,0,1.0,97.6586,0.0,0.0,60,1.0,10,1.0
010_C202,10,C,2,5,OPTIMAL,109.5226,2,2,2,0,0,1.0,109.5226,0.0,0.0,60,1.0,10,1.0
010_C202,10,C,2,6,OPTIMAL,102.5899,2,2,2,0,0,1.0,102.5899,0.0,0.0,60,1.0,10,1.0
010_C202,10,C,2,7,OPTIMAL,86.1656,2,2,2,0,0,1.0,86.1656,0.0,0.0,60,1.0,10,1.0
010_C202,10,C,2,8,OPTIMAL,92.4994,2,2,2,0,0,1.0,92.4994,0.0,0.0,60,1.0,10,1.0
010_C202,10,C,2,9,OPTIMAL,106.2259,2,2,2,0,0,1.0,106.2259,0.0,0.0,60,1.0,10,1.0
010_C202,10,C,3,0,OPTIMAL,140.2603,3,3,2,1,0,1.0,140.2603,0.0,0.0,60,1.0,10,1.0
010_C202,10,C,3,1,OPTIMAL,123.855,3,3,3,0,0,1.0,123.855,0.0,0.0,60,1.0,10,1.0
010_C202,10,C,3,2,OPTIMAL,125.27,3,3,3,0,0,1.0,125.27,0.0,0.0,60,1.0,10,1.0
010_C202,10,C,3,3,OPTIMAL,111.3699,3,3,3,0,0,1.0,111.3699,0.0,0.0,60,1.0,10,1.0
010_C202,10,C,3,4,OPTIMAL,149.6497,3,3,3,0,0,1.0,149.6497,0.0,0.0,60,1.0,10,1.0
010_C202,10,C,3,5,OPTIMAL,137.467,3,3,3,0,0,1.0,137.467,0.0,0.0,60,1.0,10,1.0
010_C202,10,C,3,6,OPTIMAL,140.3099,3,3,3,0,0,1.0,140.3099,0.0,0.0,60,1.0,10,1.0
010_C202,10,C,3,7,OPTIMAL,134.3356,3,3,2,1,0,1.0,134.3356,0.0,0.0,60,1.0,10,1.0
010_C202,10,C,3,8,OPTIMAL,131.7155,3,3,2,1,0,1.0,131.7155,0.0,0.0,60,1.0,10,1.0
010_C202,10,C,3,9,OPTIMAL,149.6371,3,3,3,0,0,1.0,149.6371,0.0,0.0,60,1.0,10,1.0
010_C203,10,C,1,0,OPTIMAL,25.4258,1,1,1,0,0,1.0,25.4258,0.0,0.0,60,1.0,10,1.0
010_C203,10,C,1,1,OPTIMAL,54.4151,1,1,1,0,0,1.0,54.4151,0.0,0.0,60,1.0,10,1.0
010_C203,10,C,1,2,OPTIMAL,54.1904,1,1,1,0,0,1.0,54.1904,0.0,0.0,60,1.0,10,1.0
010_C203,10,C,1,3,OPTIMAL,52.8862,1,1,1,0,0,1.0,52.8862,0.0,0.0,60,1.0,10,1.0
010_C203,10,C,1,4,OPTIMAL,47.197,1,1,1,0,0,1.0,47.197,0.0,0.0,60,1.0,10,1.0
010_C203,10,C,1,5,OPTIMAL,6.8013,1,0,0,0,1,0.0,0.0,0.0,6.8013,60,1.0,10,1.0
010_C203,10,C,1,6,OPTIMAL,54.481,1,1,1,0,0,1.0,54.481,0.0,0.0,60,1.0,10,1.0
010_C203,10,C,1,7,OPTIMAL,3.4869,1,0,0,0,1,0.0,0.0,0.0,3.4869,60,1.0,10,1.0
010_C203,10,C,1,8,OPTIMAL,53.4913,1,1,1,0,0,1.0,53.4913,0.0,0.0,60,1.0,10,1.0
010_C203,10,C,1,9,OPTIMAL,55.4177,1,1,1,0,0,1.0,55.4177,0.0,0.0,60,1.0,10,1.0
010_C203,10,C,2,0,OPTIMAL,77.8205,2,2,2,0,0,1.0,77.8205,0.0,0.0,60,1.0,10,1.0
010_C203,10,C,2,1,OPTIMAL,78.3359,2,2,2,0,0,1.0,78.3359,0.0,0.0,60,1.0,10,1.0
010_C203,10,C,2,2,OPTIMAL,94.796,2,2,2,0,0,1.0,94.796,0.0,0.0,60,1.0,10,1.0
010_C203,10,C,2,3,OPTIMAL,74.1513,2,2,2,0,0,1.0,74.1513,0.0,0.0,60,1.0,10,1.0
010_C203,10,C,2,4,OPTIMAL,97.6586,2,2,2,0,0,1.0,97.6586,0.0,0.0,60,1.0,10,1.0
010_C203,10,C,2,5,OPTIMAL,109.5226,2,2,2,0,0,1.0,109.5226,0.0,0.0,60,1.0,10,1.0
010_C203,10,C,2,6,OPTIMAL,102.5899,2,2,2,0,0,1.0,102.5899,0.0,0.0,60,1.0,10,1.0
010_C203,10,C,2,7,OPTIMAL,86.1656,2,2,2,0,0,1.0,86.1656,0.0,0.0,60,1.0,10,1.0
010_C203,10,C,2,8,OPTIMAL,92.4994,2,2,2,0,0,1.0,92.4994,0.0,0.0,60,1.0,10,1.0
010_C203,10,C,2,9,OPTIMAL,106.2259,2,2,2,0,0,1.0,106.2259,0.0,0.0,60,1.0,10,1.0
010_C203,10,C,3,0,OPTIMAL,140.2603,3,3,2,1,0,1.0,140.2603,0.0,0.0,60,1.0,10,1.0
010_C203,10,C,3,1,OPTIMAL,123.855,3,3,3,0,0,1.0,123.855,0.0,0.0,60,1.0,10,1.0
010_C203,10,C,3,2,OPTIMAL,125.27,3,3,3,0,0,1.0,125.27,0.0,0.0,60,1.0,10,1.0
010_C203,10,C,3,3,OPTIMAL,111.3699,3,3,3,0,0,1.0,111.3699,0.0,0.0,60,1.0,10,1.0
010_C203,10,C,3,4,OPTIMAL,149.6497,3,3,3,0,0,1.0,149.6497,0.0,0.0,60,1.0,10,1.0
010_C203,10,C,3,5,OPTIMAL,137.467,3,3,3,0,0,1.0,137.467,0.0,0.0,60,1.0,10,1.0
010_C203,10,C,3,6,OPTIMAL,140.3099,3,3,3,0,0,1.0,140.3099,0.0,0.0,60,1.0,10,1.0
010_C203,10,C,3,7,OPTIMAL,134.3356,3,3,2,1,0,1.0,134.3356,0.0,0.0,60,1.0,10,1.0
010_C203,10,C,3,8,OPTIMAL,131.7155,3,3,2,1,0,1.0,131.7155,0.0,0.0,60,1.0,10,1.0
010_C203,10,C,3,9,OPTIMAL,149.6371,3,3,3,0,0,1.0,149.6371,0.0,0.0,60,1.0,10,1.0
010_C204,10,C,1,0,OPTIMAL,25.4258,1,1,1,0,0,1.0,25.4258,0.0,0.0,60,1.0,10,1.0
010_C204,10,C,1,1,OPTIMAL,54.4151,1,1,1,0,0,1.0,54.4151,0.0,0.0,60,1.0,10,1.0
010_C204,10,C,1,2,OPTIMAL,54.1904,1,1,1,0,0,1.0,54.1904,0.0,0.0,60,1.0,10,1.0
010_C204,10,C,1,3,OPTIMAL,52.8862,1,1,1,0,0,1.0,52.8862,0.0,0.0,60,1.0,10,1.0
010_C204,10,C,1,4,OPTIMAL,47.197,1,1,1,0,0,1.0,47.197,0.0,0.0,60,1.0,10,1.0
010_C204,10,C,1,5,OPTIMAL,24.6458,1,0,0,0,1,0.0,0.0,0.0,24.6458,60,1.0,10,1.0
010_C204,10,C,1,6,OPTIMAL,54.481,1,1,1,0,0,1.0,54.481,0.0,0.0,60,1.0,10,1.0
010_C204,10,C,1,7,OPTIMAL,24.4109,1,1,0,1,0,1.0,24.4109,0.0,0.0,60,1.0,10,1.0
010_C204,10,C,1,8,OPTIMAL,53.4913,1,1,1,0,0,1.0,53.4913,0.0,0.0,60,1.0,10,1.0
010_C204,10,C,1,9,OPTIMAL,55.4177,1,1,1,0,0,1.0,55.4177,0.0,0.0,60,1.0,10,1.0
010_C204,10,C,2,0,OPTIMAL,77.8205,2,2,2,0,0,1.0,77.8205,0.0,0.0,60,1.0,10,1.0
010_C204,10,C,2,1,OPTIMAL,78.3359,2,2,2,0,0,1.0,78.3359,0.0,0.0,60,1.0,10,1.0
010_C204,10,C,2,2,OPTIMAL,94.796,2,2,2,0,0,1.0,94.796,0.0,0.0,60,1.0,10,1.0
010_C204,10,C,2,3,OPTIMAL,74.1513,2,2,2,0,0,1.0,74.1513,0.0,0.0,60,1.0,10,1.0
010_C204,10,C,2,4,OPTIMAL,97.6586,2,2,2,0,0,1.0,97.6586,0.0,0.0,60,1.0,10,1.0
010_C204,10,C,2,5,OPTIMAL,109.5226,2,2,2,0,0,1.0,109.5226,0.0,0.0,60,1.0,10,1.0
010_C204,10,C,2,6,OPTIMAL,102.5899,2,2,2,0,0,1.0,102.5899,0.0,0.0,60,1.0,10,1.0
010_C204,10,C,2,7,OPTIMAL,86.1656,2,2,2,0,0,1.0,86.1656,0.0,0.0,60,1.0,10,1.0
010_C204,10,C,2,8,OPTIMAL,92.4994,2,2,2,0,0,1.0,92.4994,0.0,0.0,60,1.0,10,1.0
010_C204,10,C,2,9,OPTIMAL,106.2259,2,2,2,0,0,1.0,106.2259,0.0,0.0,60,1.0,10,1.0
010_C204,10,C,3,0,OPTIMAL,140.2603,3,3,2,1,0,1.0,140.2603,0.0,0.0,60,1.0,10,1.0
010_C204,10,C,3,1,OPTIMAL,123.855,3,3,3,0,0,1.0,123.855,0.0,0.0,60,1.0,10,1.0
010_C204,10,C,3,2,OPTIMAL,125.27,3,3,3,0,0,1.0,125.27,0.0,0.0,60,1.0,10,1.0
010_C204,10,C,3,3,OPTIMAL,111.3699,3,3,3,0,0,1.0,111.3699,0.0,0.0,60,1.0,10,1.0
010_C204,10,C,3,4,OPTIMAL,149.6497,3,3,3,0,0,1.0,149.6497,0.0,0.0,60,1.0,10,1.0
010_C204,10,C,3,5,OPTIMAL,137.467,3,3,3,0,0,1.0,137.467,0.0,0.0,60,1.0,10,1.0
010_C204,10,C,3,6,OPTIMAL,140.3099,3,3,3,0,0,1.0,140.3099,0.0,0.0,60,1.0,10,1.0
010_C204,10,C,3,7,OPTIMAL,134.3356,3,3,2,1,0,1.0,134.3356,0.0,0.0,60,1.0,10,1.0
010_C204,10,C,3,8,OPTIMAL,131.7155,3,3,3,0,0,1.0,131.7155,0.0,0.0,60,1.0,10,1.0
010_C204,10,C,3,9,OPTIMAL,149.6371,3,3,3,0,0,1.0,149.6371,0.0,0.0,60,1.0,10,1.0
010_C205,10,C,1,0,OPTIMAL,6.9772,1,0,0,0,1,0.0,0.0,0.0,6.9772,60,1.0,10,1.0
010_C205,10,C,1,1,OPTIMAL,54.4151,1,1,1,0,0,1.0,54.4151,0.0,0.0,60,1.0,10,1.0
010_C205,10,C,1,2,OPTIMAL,54.1904,1,1,1,0,0,1.0,54.1904,0.0,0.0,60,1.0,10,1.0
010_C205,10,C,1,3,OPTIMAL,52.8862,1,1,1,0,0,1.0,52.8862,0.0,0.0,60,1.0,10,1.0
010_C205,10,C,1,4,OPTIMAL,47.197,1,1,1,0,0,1.0,47.197,0.0,0.0,60,1.0,10,1.0
010_C205,10,C,1,5,OPTIMAL,40.8531,1,1,1,0,0,1.0,40.8531,0.0,0.0,60,1.0,10,1.0
010_C205,10,C,1,6,OPTIMAL,54.481,1,1,1,0,0,1.0,54.481,0.0,0.0,60,1.0,10,1.0
010_C205,10,C,1,7,OPTIMAL,24.4109,1,1,1,0,0,1.0,24.4109,0.0,0.0,60,1.0,10,1.0
010_C205,10,C,1,8,OPTIMAL,53.4913,1,1,1,0,0,1.0,53.4913,0.0,0.0,60,1.0,10,1.0
010_C205,10,C,1,9,OPTIMAL,55.4177,1,1,1,0,0,1.0,55.4177,0.0,0.0,60,1.0,10,1.0
010_C205,10,C,2,0,OPTIMAL,77.8205,2,2,2,0,0,1.0,77.8205,0.0,0.0,60,1.0,10,1.0
010_C205,10,C,2,1,OPTIMAL,78.3359,2,2,2,0,0,1.0,78.3359,0.0,0.0,60,1.0,10,1.0
010_C205,10,C,2,2,OPTIMAL,94.796,2,2,2,0,0,1.0,94.796,0.0,0.0,60,1.0,10,1.0
010_C205,10,C,2,3,OPTIMAL,74.1513,2,2,2,0,0,1.0,74.1513,0.0,0.0,60,1.0,10,1.0
010_C205,10,C,2,4,OPTIMAL,97.6586,2,2,2,0,0,1.0,97.6586,0.0,0.0,60,1.0,10,1.0
010_C205,10,C,2,5,OPTIMAL,109.5226,2,2,2,0,0,1.0,109.5226,0.0,0.0,60,1.0,10,1.0
010_C205,10,C,2,6,OPTIMAL,102.5899,2,2,2,0,0,1.0,102.5899,0.0,0.0,60,1.0,10,1.0
010_C205,10,C,2,7,OPTIMAL,53.6951,2,1,1,0,1,0.5,53.3139,0.0,0.3812,60,1.0,10,1.0
010_C205,10,C,2,8,OPTIMAL,92.4994,2,2,2,0,0,1.0,92.4994,0.0,0.0,60,1.0,10,1.0
010_C205,10,C,2,9,OPTIMAL,106.2259,2,2,2,0,0,1.0,106.2259,0.0,0.0,60,1.0,10,1.0
010_C205,10,C,3,0,OPTIMAL,140.2603,3,3,3,0,0,1.0,140.2603,0.0,0.0,60,1.0,10,1.0
010_C205,10,C,3,1,OPTIMAL,123.855,3,3,3,0,0,1.0,123.855,0.0,0.0,60,1.0,10,1.0
010_C205,10,C,3,2,OPTIMAL,125.27,3,3,3,0,0,1.0,125.27,0.0,0.0,60,1.0,10,1.0
010_C205,10,C,3,3,OPTIMAL,111.3699,3,3,3,0,0,1.0,111.3699,0.0,0.0,60,1.0,10,1.0
010_C205,10,C,3,4,OPTIMAL,94.4151,3,2,2,0,1,0.6667,92.2818,0.0,2.1334,60,1.0,10,1.0
010_C205,10,C,3,5,OPTIMAL,117.9497,3,2,2,0,1,0.6667,78.9543,0.0,38.9954,60,1.0,10,1.0
010_C205,10,C,3,6,OPTIMAL,140.3099,3,3,3,0,0,1.0,140.3099,0.0,0.0,60,1.0,10,1.0
010_C205,10,C,3,7,OPTIMAL,134.3356,3,3,3,0,0,1.0,134.3356,0.0,0.0,60,1.0,10,1.0
010_C205,10,C,3,8,OPTIMAL,131.7155,3,3,3,0,0,1.0,131.7155,0.0,0.0,60,1.0,10,1.0
010_C205,10,C,3,9,OPTIMAL,149.6371,3,3,3,0,0,1.0,149.6371,0.0,0.0,60,1.0,10,1.0
010_C206,10,C,1,0,OPTIMAL,25.4258,1,1,1,0,0,1.0,25.4258,0.0,0.0,60,1.0,10,1.0
010_C206,10,C,1,1,OPTIMAL,54.4151,1,1,1,0,0,1.0,54.4151,0.0,0.0,60,1.0,10,1.0
010_C206,10,C,1,2,OPTIMAL,54.1904,1,1,1,0,0,1.0,54.1904,0.0,0.0,60,1.0,10,1.0
010_C206,10,C,1,3,OPTIMAL,52.8862,1,1,1,0,0,1.0,52.8862,0.0,0.0,60,1.0,10,1.0
010_C206,10,C,1,4,OPTIMAL,47.197,1,1,1,0,0,1.0,47.197,0.0,0.0,60,1.0,10,1.0
010_C206,10,C,1,5,OPTIMAL,40.8531,1,1,1,0,0,1.0,40.8531,0.0,0.0,60,1.0,10,1.0
010_C206,10,C,1,6,OPTIMAL,54.481,1,1,1,0,0,1.0,54.481,0.0,0.0,60,1.0,10,1.0
010_C206,10,C,1,7,OPTIMAL,24.4109,1,1,1,0,0,1.0,24.4109,0.0,0.0,60,1.0,10,1.0
010_C206,10,C,1,8,OPTIMAL,53.4913,1,1,1,0,0,1.0,53.4913,0.0,0.0,60,1.0,10,1.0
010_C206,10,C,1,9,OPTIMAL,55.4177,1,1,1,0,0,1.0,55.4177,0.0,0.0,60,1.0,10,1.0
010_C206,10,C,2,0,OPTIMAL,77.8205,2,2,2,0,0,1.0,77.8205,0.0,0.0,60,1.0,10,1.0
010_C206,10,C,2,1,OPTIMAL,78.3359,2,2,2,0,0,1.0,78.3359,0.0,0.0,60,1.0,10,1.0
010_C206,10,C,2,2,OPTIMAL,94.796,2,2,2,0,0,1.0,94.796,0.0,0.0,60,1.0,10,1.0
010_C206,10,C,2,3,OPTIMAL,74.1513,2,2,2,0,0,1.0,74.1513,0.0,0.0,60,1.0,10,1.0
010_C206,10,C,2,4,OPTIMAL,97.6586,2,2,2,0,0,1.0,97.6586,0.0,0.0,60,1.0,10,1.0
010_C206,10,C,2,5,OPTIMAL,109.5226,2,2,2,0,0,1.0,109.5226,0.0,0.0,60,1.0,10,1.0
010_C206,10,C,2,6,OPTIMAL,102.5899,2,2,2,0,0,1.0,102.5899,0.0,0.0,60,1.0,10,1.0
010_C206,10,C,2,7,OPTIMAL,86.1656,2,2,2,0,0,1.0,86.1656,0.0,0.0,60,1.0,10,1.0
010_C206,10,C,2,8,OPTIMAL,92.4994,2,2,2,0,0,1.0,92.4994,0.0,0.0,60,1.0,10,1.0
010_C206,10,C,2,9,OPTIMAL,106.2259,2,2,2,0,0,1.0,106.2259,0.0,0.0,60,1.0,10,1.0
010_C206,10,C,3,0,OPTIMAL,140.2603,3,3,3,0,0,1.0,140.2603,0.0,0.0,60,1.0,10,1.0
010_C206,10,C,3,1,OPTIMAL,123.855,3,3,3,0,0,1.0,123.855,0.0,0.0,60,1.0,10,1.0
010_C206,10,C,3,2,OPTIMAL,125.27,3,3,3,0,0,1.0,125.27,0.0,0.0,60,1.0,10,1.0
010_C206,10,C,3,3,OPTIMAL,111.3699,3,3,3,0,0,1.0,111.3699,0.0,0.0,60,1.0,10,1.0
010_C206,10,C,3,4,OPTIMAL,94.4151,3,2,2,0,1,0.6667,92.2818,0.0,2.1334,60,1.0,10,1.0
010_C206,10,C,3,5,OPTIMAL,137.467,3,3,3,0,0,1.0,137.467,0.0,0.0,60,1.0,10,1.0
010_C206,10,C,3,6,OPTIMAL,140.3099,3,3,3,0,0,1.0,140.3099,0.0,0.0,60,1.0,10,1.0
010_C206,10,C,3,7,OPTIMAL,134.3356,3,3,3,0,0,1.0,134.3356,0.0,0.0,60,1.0,10,1.0
010_C206,10,C,3,8,OPTIMAL,131.7155,3,3,3,0,0,1.0,131.7155,0.0,0.0,60,1.0,10,1.0
010_C206,10,C,3,9,OPTIMAL,149.6371,3,3,3,0,0,1.0,149.6371,0.0,0.0,60,1.0,10,1.0
010_C207,10,C,1,0,OPTIMAL,25.4258,1,1,1,0,0,1.0,25.4258,0.0,0.0,60,1.0,10,1.0
010_C207,10,C,1,1,OPTIMAL,54.4151,1,1,1,0,0,1.0,54.4151,0.0,0.0,60,1.0,10,1.0
010_C207,10,C,1,2,OPTIMAL,54.1904,1,1,1,0,0,1.0,54.1904,0.0,0.0,60,1.0,10,1.0
010_C207,10,C,1,3,OPTIMAL,52.8862,1,1,1,0,0,1.0,52.8862,0.0,0.0,60,1.0,10,1.0
010_C207,10,C,1,4,OPTIMAL,47.197,1,1,0,1,0,1.0,47.197,0.0,0.0,60,1.0,10,1.0
010_C207,10,C,1,5,OPTIMAL,40.8531,1,1,1,0,0,1.0,40.8531,0.0,0.0,60,1.0,10,1.0
010_C207,10,C,1,6,OPTIMAL,54.481,1,1,1,0,0,1.0,54.481,0.0,0.0,60,1.0,10,1.0
010_C207,10,C,1,7,OPTIMAL,24.4109,1,1,1,0,0,1.0,24.4109,0.0,0.0,60,1.0,10,1.0
010_C207,10,C,1,8,OPTIMAL,53.4913,1,1,1,0,0,1.0,53.4913,0.0,0.0,60,1.0,10,1.0
010_C207,10,C,1,9,OPTIMAL,55.4177,1,1,1,0,0,1.0,55.4177,0.0,0.0,60,1.0,10,1.0
010_C207,10,C,2,0,OPTIMAL,77.8205,2,2,2,0,0,1.0,77.8205,0.0,0.0,60,1.0,10,1.0
010_C207,10,C,2,1,OPTIMAL,78.3359,2,2,2,0,0,1.0,78.3359,0.0,0.0,60,1.0,10,1.0
010_C207,10,C,2,2,OPTIMAL,94.796,2,2,2,0,0,1.0,94.796,0.0,0.0,60,1.0,10,1.0
010_C207,10,C,2,3,OPTIMAL,47.3474,2,1,1,0,1,0.5,27.7787,0.0,19.5687,60,1.0,10,1.0
010_C207,10,C,2,4,OPTIMAL,97.6586,2,2,2,0,0,1.0,97.6586,0.0,0.0,60,1.0,10,1.0
010_C207,10,C,2,5,OPTIMAL,109.5226,2,2,2,0,0,1.0,109.5226,0.0,0.0,60,1.0,10,1.0
010_C207,10,C,2,6,OPTIMAL,102.5899,2,2,2,0,0,1.0,102.5899,0.0,0.0,60,1.0,10,1.0
010_C207,10,C,2,7,OPTIMAL,86.1656,2,2,2,0,0,1.0,86.1656,0.0,0.0,60,1.0,10,1.0
010_C207,10,C,2,8,OPTIMAL,92.4994,2,2,2,0,0,1.0,92.4994,0.0,0.0,60,1.0,10,1.0
010_C207,10,C,2,9,OPTIMAL,106.2259,2,2,2,0,0,1.0,106.2259,0.0,0.0,60,1.0,10,1.0
010_C207,10,C,3,0,OPTIMAL,89.0362,3,2,2,0,1,0.6667,86.4731,0.0,2.5631,60,1.0,10,1.0
010_C207,10,C,3,1,OPTIMAL,123.855,3,3,3,0,0,1.0,123.855,0.0,0.0,60,1.0,10,1.0
010_C207,10,C,3,2,OPTIMAL,125.27,3,3,2,1,0,1.0,125.27,0.0,0.0,60,1.0,10,1.0
010_C207,10,C,3,3,OPTIMAL,111.3699,3,3,3,0,0,1.0,111.3699,0.0,0.0,60,1.0,10,1.0
010_C207,10,C,3,4,OPTIMAL,149.6497,3,3,3,0,0,1.0,149.6497,0.0,0.0,60,1.0,10,1.0
010_C207,10,C,3,5,OPTIMAL,137.467,3,3,3,0,0,1.0,137.467,0.0,0.0,60,1.0,10,1.0
010_C207,10,C,3,6,OPTIMAL,140.3099,3,3,3,0,0,1.0,140.3099,0.0,0.0,60,1.0,10,1.0
010_C207,10,C,3,7,OPTIMAL,134.3356,3,3,3,0,0,1.0,134.3356,0.0,0.0,60,1.0,10,1.0
010_C207,10,C,3,8,OPTIMAL,99.0727,3,2,2,0,1,0.6667,96.1939,0.0,2.8788,60,1.0,10,1.0
010_C207,10,C,3,9,OPTIMAL,149.6371,3,3,3,0,0,1.0,149.6371,0.0,0.0,60,1.0,10,1.0
010_C208,10,C,1,0,OPTIMAL,25.4258,1,1,1,0,0,1.0,25.4258,0.0,0.0,60,1.0,10,1.0
010_C208,10,C,1,1,OPTIMAL,54.4151,1,1,1,0,0,1.0,54.4151,0.0,0.0,60,1.0,10,1.0
010_C208,10,C,1,2,OPTIMAL,54.1904,1,1,1,0,0,1.0,54.1904,0.0,0.0,60,1.0,10,1.0
010_C208,10,C,1,3,OPTIMAL,52.8862,1,1,1,0,0,1.0,52.8862,0.0,0.0,60,1.0,10,1.0
010_C208,10,C,1,4,OPTIMAL,47.197,1,1,1,0,0,1.0,47.197,0.0,0.0,60,1.0,10,1.0
010_C208,10,C,1,5,OPTIMAL,40.8531,1,1,1,0,0,1.0,40.8531,0.0,0.0,60,1.0,10,1.0
010_C208,10,C,1,6,OPTIMAL,54.481,1,1,1,0,0,1.0,54.481,0.0,0.0,60,1.0,10,1.0
010_C208,10,C,1,7,OPTIMAL,24.4109,1,1,1,0,0,1.0,24.4109,0.0,0.0,60,1.0,10,1.0
010_C208,10,C,1,8,OPTIMAL,53.4913,1,1,1,0,0,1.0,53.4913,0.0,0.0,60,1.0,10,1.0
010_C208,10,C,1,9,OPTIMAL,55.4177,1,1,1,0,0,1.0,55.4177,0.0,0.0,60,1.0,10,1.0
010_C208,10,C,2,0,OPTIMAL,77.8205,2,2,2,0,0,1.0,77.8205,0.0,0.0,60,1.0,10,1.0
010_C208,10,C,2,1,OPTIMAL,78.3359,2,2,1,1,0,1.0,78.3359,0.0,0.0,60,1.0,10,1.0
010_C208,10,C,2,2,OPTIMAL,94.796,2,2,2,0,0,1.0,94.796,0.0,0.0,60,1.0,10,1.0
010_C208,10,C,2,3,OPTIMAL,74.1513,2,2,2,0,0,1.0,74.1513,0.0,0.0,60,1.0,10,1.0
010_C208,10,C,2,4,OPTIMAL,97.6586,2,2,2,0,0,1.0,97.6586,0.0,0.0,60,1.0,10,1.0
010_C208,10,C,2,5,OPTIMAL,109.5226,2,2,2,0,0,1.0,109.5226,0.0,0.0,60,1.0,10,1.0
010_C208,10,C,2,6,OPTIMAL,102.5899,2,2,2,0,0,1.0,102.5899,0.0,0.0,60,1.0,10,1.0
010_C208,10,C,2,7,OPTIMAL,86.1656,2,2,2,0,0,1.0,86.1656,0.0,0.0,60,1.0,10,1.0
010_C208,10,C,2,8,OPTIMAL,92.4994,2,2,2,0,0,1.0,92.4994,0.0,0.0,60,1.0,10,1.0
010_C208,10,C,2,9,OPTIMAL,106.2259,2,2,2,0,0,1.0,106.2259,0.0,0.0,60,1.0,10,1.0
010_C208,10,C,3,0,OPTIMAL,140.2603,3,3,3,0,0,1.0,140.2603,0.0,0.0,60,1.0,10,1.0
010_C208,10,C,3,1,OPTIMAL,123.855,3,3,3,0,0,1.0,123.855,0.0,0.0,60,1.0,10,1.0
010_C208,10,C,3,2,OPTIMAL,125.27,3,3,3,0,0,1.0,125.27,0.0,0.0,60,1.0,10,1.0
010_C208,10,C,3,3,OPTIMAL,88.3266,3,2,2,0,1,0.6667,83.6222,0.0,4.7044,60,1.0,10,1.0
010_C208,10,C,3,4,OPTIMAL,127.7291,3,2,2,0,1,0.6667,117.8885,0.0,9.8406,60,1.0,10,1.0
010_C208,10,C,3,5,OPTIMAL,137.467,3,3,3,0,0,1.0,137.467,0.0,0.0,60,1.0,10,1.0
010_C208,10,C,3,6,OPTIMAL,140.3099,3,3,3,0,0,1.0,140.3099,0.0,0.0,60,1.0,10,1.0
010_C208,10,C,3,7,OPTIMAL,134.3356,3,3,3,0,0,1.0,134.3356,0.0,0.0,60,1.0,10,1.0
010_C208,10,C,3,8,OPTIMAL,131.7155,3,3,2,1,0,1.0,131.7155,0.0,0.0,60,1.0,10,1.0
010_C208,10,C,3,9,OPTIMAL,149.6371,3,3,3,0,0,1.0,149.6371,0.0,0.0,60,1.0,10,1.0
010_R101,10,R,1,0,OPTIMAL,41.1434,1,1,1,0,0,1.0,41.1434,0.0,0.0,60,1.0,10,1.0
010_R101,10,R,1,1,OPTIMAL,5.4693,1,0,0,0,1,0.0,0.0,0.0,5.4693,60,1.0,10,1.0
010_R101,10,R,1,2,OPTIMAL,0.4673,1,0,0,0,1,0.0,0.0,0.0,0.4673,60,1.0,10,1.0
010_R101,10,R,1,3,OPTIMAL,8.6434,1,0,0,0,1,0.0,0.0,0.0,8.6434,60,1.0,10,1.0
010_R101,10,R,1,4,OPTIMAL,65.5951,1,1,1,0,0,1.0,65.5951,0.0,0.0,60,1.0,10,1.0
010_R101,10,R,1,5,OPTIMAL,3.8621,1,0,0,0,1,0.0,0.0,0.0,3.8621,60,1.0,10,1.0
010_R101,10,R,1,6,OPTIMAL,45.8983,1,1,1,0,0,1.0,45.8983,0.0,0.0,60,1.0,10,1.0
010_R101,10,R,1,7,OPTIMAL,6.5305,1,0,0,0,1,0.0,0.0,0.0,6.5305,60,1.0,10,1.0
010_R101,10,R,1,8,OPTIMAL,51.4399,1,1,1,0,0,1.0,51.4399,0.0,0.0,60,1.0,10,1.0
010_R101,10,R,1,9,OPTIMAL,10.4107,1,0,0,0,1,0.0,0.0,0.0,10.4107,60,1.0,10,1.0
010_R101,10,R,2,0,OPTIMAL,114.7517,2,2,2,0,0,1.0,114.7517,0.0,0.0,60,1.0,10,1.0
010_R101,10,R,2,1,OPTIMAL,37.8688,2,1,0,1,1,0.5,27.1779,0.0,10.6909,60,1.0,10,1.0
010_R101,10,R,2,2,OPTIMAL,79.9548,2,1,1,0,1,0.5,50.5701,0.0,29.3847,60,1.0,10,1.0
010_R101,10,R,2,3,OPTIMAL,42.4461,2,1,1,0,1,0.5,32.8051,0.0,9.641,60,1.0,10,1.0
010_R101,10,R,2,4,OPTIMAL,115.7916,2,2,2,0,0,1.0,115.7916,0.0,0.0,60,1.0,10,1.0
010_R101,10,R,2,5,OPTIMAL,112.4128,2,2,2,0,0,1.0,112.4128,0.0,0.0,60,1.0,10,1.0
010_R101,10,R,2,6,OPTIMAL,7.5077,2,0,0,0,2,0.0,0.0,0.0,7.5077,60,1.0,10,1.0
010_R101,10,R,2,7,OPTIMAL,68.9686,2,1,0,1,1,0.5,27.2421,6.3257,35.4008,60,1.0,10,1.0
010_R101,10,R,2,8,OPTIMAL,31.3126,2,1,0,1,1,0.5,27.4522,0.0,3.8604,60,1.0,10,1.0
010_R101,10,R,2,9,OPTIMAL,92.2245,2,2,1,1,0,1.0,92.2245,0.0,0.0,60,1.0,10,1.0
010_R101,10,R,3,0,OPTIMAL,123.5511,3,2,1,1,1,0.6667,121.1956,0.0,2.3554,60,1.0,10,1.0
010_R101,10,R,3,1,OPTIMAL,118.0282,3,2,2,0,1,0.6667,108.9561,0.0,9.072,60,1.0,10,1.0
010_R101,10,R,3,2,OPTIMAL,113.8408,3,2,1,1,1,0.6667,113.604,0.0,0.2368,60,1.0,10,1.0
010_R101,10,R,3,3,OPTIMAL,75.0668,3,1,1,0,2,0.3333,63.0114,0.0,12.0555,60,1.0,10,1.0
010_R101,10,R,3,4,OPTIMAL,121.4039,3,2,1,1,1,0.6667,104.3324,0.0,17.0715,60,1.0,10,1.0
010_R101,10,R,3,5,OPTIMAL,135.0315,3,3,3,0,0,1.0,135.0315,0.0,0.0,60,1.0,10,1.0
010_R101,10,R,3,6,OPTIMAL,102.5007,3,2,2,0,1,0.6667,77.5031,0.0,24.9976,60,1.0,10,1.0
010_R101,10,R,3,7,OPTIMAL,92.8435,3,2,1,1,1,0.6667,66.2476,0.0,26.5958,60,1.0,10,1.0
010_R101,10,R,3,8,OPTIMAL,48.448,3,1,1,0,2,0.3333,43.8393,0.0,4.6087,60,1.0,10,1.0
010_R101,10,R,3,9,OPTIMAL,67.6121,3,2,1,1,1,0.6667,67.314,0.0,0.2981,60,1.0,10,1.0
010_R102,10,R,1,0,OPTIMAL,41.1434,1,1,1,0,0,1.0,41.1434,0.0,0.0,60,1.0,10,1.0
010_R102,10,R,1,1,OPTIMAL,35.8862,1,1,1,0,0,1.0,35.8862,0.0,0.0,60,1.0,10,1.0
010_R102,10,R,1,2,OPTIMAL,0.4673,1,0,0,0,1,0.0,0.0,0.0,0.4673,60,1.0,10,1.0
010_R102,10,R,1,3,OPTIMAL,8.6434,1,0,0,0,1,0.0,0.0,0.0,8.6434,60,1.0,10,1.0
010_R102,10,R,1,4,OPTIMAL,1.8976,1,0,0,0,1,0.0,0.0,0.0,1.8976,60,1.0,10,1.0
010_R102,10,R,1,5,OPTIMAL,3.8621,1,0,0,0,1,0.0,0.0,0.0,3.8621,60,1.0,10,1.0
010_R102,10,R,1,6,OPTIMAL,13.3736,1,0,0,0,1,0.0,0.0,0.0,13.3736,60,1.0,10,1.0
010_R102,10,R,1,7,OPTIMAL,10.3099,1,0,0,0,1,0.0,0.0,0.0,10.3099,60,1.0,10,1.0
010_R102,10,R,1,8,OPTIMAL,51.4399,1,1,1,0,0,1.0,51.4399,0.0,0.0,60,1.0,10,1.0
010_R102,10,R,1,9,OPTIMAL,21.5022,1,1,1,0,0,1.0,21.5022,0.0,0.0,60,1.0,10,1.0
010_R102,10,R,2,0,OPTIMAL,114.7517,2,2,2,0,0,1.0,114.7517,0.0,0.0,60,1.0,10,1.0
010_R102,10,R,2,1,OPTIMAL,37.8688,2,1,1,0,1,0.5,27.1779,0.0,10.6909,60,1.0,10,1.0
010_R102,10,R,2,2,OPTIMAL,75.3962,2,1,1,0,1,0.5,50.5701,0.0,24.8261,60,1.0,10,1.0
010_R102,10,R,2,3,OPTIMAL,49.3359,2,1,1,0,1,0.5,32.8051,0.0,16.5308,60,1.0,10,1.0
010_R102,10,R,2,4,OPTIMAL,52.6777,2,1,1,0,1,0.5,51.3635,0.0,1.3142,60,1.0,10,1.0
010_R102,10,R,2,5,OPTIMAL,51.0948,2,1,1,0,1,0.5,48.4178,0.0,2.677,60,1.0,10,1.0
010_R102,10,R,2,6,OPTIMAL,33.2682,2,1,0,1,1,0.5,21.1148,0.0,12.1534,60,1.0,10,1.0
010_R102,10,R,2,7,OPTIMAL,85.1514,2,2,2,0,0,1.0,85.1514,0.0,0.0,60,1.0,10,1.0
010_R102,10,R,2,8,OPTIMAL,67.2657,2,2,2,0,0,1.0,67.2657,0.0,0.0,60,1.0,10,1.0
010_R102,10,R,2,9,OPTIMAL,92.2245,2,2,2,0,0,1.0,92.2245,0.0,0.0,60,1.0,10,1.0
010_R102,10,R,3,0,OPTIMAL,129.2123,3,2,2,0,1,0.6667,108.2562,0.0,20.9561,60,1.0,10,1.0
010_R102,10,R,3,1,OPTIMAL,124.2886,3,1,1,0,2,0.3333,44.6145,0.0,79.6741,60,1.0,10,1.0
010_R102,10,R,3,2,OPTIMAL,118.8313,3,2,2,0,1,0.6667,113.604,0.0,5.2273,60,1.0,10,1.0
010_R102,10,R,3,3,OPTIMAL,75.0668,3,1,1,0,2,0.3333,63.0114,0.0,12.0555,60,1.0,10,1.0
010_R102,10,R,3,4,OPTIMAL,121.4039,3,2,2,0,1,0.6667,104.3324,0.0,17.0715,60,1.0,10,1.0
010_R102,10,R,3,5,OPTIMAL,135.0315,3,3,3,0,0,1.0,135.0315,0.0,0.0,60,1.0,10,1.0
010_R102,10,R,3,6,OPTIMAL,121.9355,3,3,3,0,0,1.0,121.9355,0.0,0.0,60,1.0,10,1.0
010_R102,10,R,3,7,OPTIMAL,106.6859,3,3,2,1,0,1.0,106.6859,0.0,0.0,60,1.0,10,1.0
010_R102,10,R,3,8,OPTIMAL,73.2313,3,2,1,1,1,0.6667,65.9798,0.0,7.2515,60,1.0,10,1.0
010_R102,10,R,3,9,OPTIMAL,3.214,3,0,0,0,3,0.0,0.0,0.0,3.214,60,1.0,10,1.0
010_R103,10,R,1,0,OPTIMAL,41.1434,1,1,1,0,0,1.0,41.1434,0.0,0.0,60,1.0,10,1.0
010_R103,10,R,1,1,OPTIMAL,35.8862,1,1,1,0,0,1.0,35.8862,0.0,0.0,60,1.0,10,1.0
010_R103,10,R,1,2,OPTIMAL,0.4673,1,0,0,0,1,0.0,0.0,0.0,0.4673,60,1.0,10,1.0
010_R103,10,R,1,3,OPTIMAL,8.6434,1,0,0,0,1,0.0,0.0,0.0,8.6434,60,1.0,10,1.0
010_R103,10,R,1,4,OPTIMAL,1.8976,1,0,0,0,1,0.0,0.0,0.0,1.8976,60,1.0,10,1.0
010_R103,10,R,1,5,OPTIMAL,3.8621,1,0,0,0,1,0.0,0.0,0.0,3.8621,60,1.0,10,1.0
010_R103,10,R,1,6,OPTIMAL,13.3736,1,0,0,0,1,0.0,0.0,0.0,13.3736,60,1.0,10,1.0
010_R103,10,R,1,7,OPTIMAL,10.3099,1,0,0,0,1,0.0,0.0,0.0,10.3099,60,1.0,10,1.0
010_R103,10,R,1,8,OPTIMAL,51.4399,1,1,1,0,0,1.0,51.4399,0.0,0.0,60,1.0,10,1.0
010_R103,10,R,1,9,OPTIMAL,21.5022,1,1,1,0,0,1.0,21.5022,0.0,0.0,60,1.0,10,1.0
010_R103,10,R,2,0,OPTIMAL,114.7517,2,2,2,0,0,1.0,114.7517,0.0,0.0,60,1.0,10,1.0
010_R103,10,R,2,1,OPTIMAL,37.8688,2,1,1,0,1,0.5,27.1779,0.0,10.6909,60,1.0,10,1.0
010_R103,10,R,2,2,OPTIMAL,75.3962,2,1,1,0,1,0.5,50.5701,0.0,24.8261,60,1.0,10,1.0
010_R103,10,R,2,3,OPTIMAL,49.3359,2,1,1,0,1,0.5,32.8051,0.0,16.5308,60,1.0,10,1.0
010_R103,10,R,2,4,OPTIMAL,52.6777,2,1,1,0,1,0.5,51.3635,0.0,1.3142,60,1.0,10,1.0
010_R103,10,R,2,5,OPTIMAL,51.0948,2,1,1,0,1,0.5,48.4178,0.0,2.677,60,1.0,10,1.0
010_R103,10,R,2,6,OPTIMAL,33.2682,2,1,0,1,1,0.5,21.1148,0.0,12.1534,60,1.0,10,1.0
010_R103,10,R,2,7,OPTIMAL,85.1514,2,2,2,0,0,1.0,85.1514,0.0,0.0,60,1.0,10,1.0
010_R103,10,R,2,8,OPTIMAL,67.2657,2,2,2,0,0,1.0,67.2657,0.0,0.0,60,1.0,10,1.0
010_R103,10,R,2,9,OPTIMAL,92.2245,2,2,2,0,0,1.0,92.2245,0.0,0.0,60,1.0,10,1.0
010_R103,10,R,3,0,OPTIMAL,129.2123,3,2,2,0,1,0.6667,108.2562,0.0,20.9561,60,1.0,10,1.0
010_R103,10,R,3,1,OPTIMAL,124.2886,3,1,1,0,2,0.3333,44.6145,0.0,79.6741,60,1.0,10,1.0
010_R103,10,R,3,2,OPTIMAL,118.8313,3,2,2,0,1,0.6667,113.604,0.0,5.2273,60,1.0,10,1.0
010_R103,10,R,3,3,OPTIMAL,75.0668,3,1,1,0,2,0.3333,63.0114,0.0,12.0555,60,1.0,10,1.0
010_R103,10,R,3,4,OPTIMAL,121.4039,3,2,2,0,1,0.6667,104.3324,0.0,17.0715,60,1.0,10,1.0
010_R103,10,R,3,5,OPTIMAL,135.0315,3,3,3,0,0,1.0,135.0315,0.0,0.0,60,1.0,10,1.0
010_R103,10,R,3,6,OPTIMAL,121.9355,3,3,3,0,0,1.0,121.9355,0.0,0.0,60,1.0,10,1.0
010_R103,10,R,3,7,OPTIMAL,106.6859,3,3,2,1,0,1.0,106.6859,0.0,0.0,60,1.0,10,1.0
010_R103,10,R,3,8,OPTIMAL,73.2313,3,2,1,1,1,0.6667,65.9798,0.0,7.2515,60,1.0,10,1.0
010_R103,10,R,3,9,OPTIMAL,3.214,3,0,0,0,3,0.0,0.0,0.0,3.214,60,1.0,10,1.0
010_R104,10,R,1,0,OPTIMAL,41.1434,1,1,1,0,0,1.0,41.1434,0.0,0.0,60,1.0,10,1.0
010_R104,10,R,1,1,OPTIMAL,35.8862,1,1,1,0,0,1.0,35.8862,0.0,0.0,60,1.0,10,1.0
010_R104,10,R,1,2,OPTIMAL,4.9978,1,0,0,0,1,0.0,0.0,0.0,4.9978,60,1.0,10,1.0
010_R104,10,R,1,3,OPTIMAL,34.2432,1,1,1,0,0,1.0,34.2432,0.0,0.0,60,1.0,10,1.0
010_R104,10,R,1,4,OPTIMAL,1.8976,1,0,0,0,1,0.0,0.0,0.0,1.8976,60,1.0,10,1.0
010_R104,10,R,1,5,OPTIMAL,33.4191,1,1,1,0,0,1.0,33.4191,0.0,0.0,60,1.0,10,1.0
010_R104,10,R,1,6,OPTIMAL,45.8983,1,1,1,0,0,1.0,45.8983,0.0,0.0,60,1.0,10,1.0
010_R104,10,R,1,7,OPTIMAL,6.5305,1,0,0,0,1,0.0,0.0,0.0,6.5305,60,1.0,10,1.0
010_R104,10,R,1,8,OPTIMAL,51.4399,1,1,1,0,0,1.0,51.4399,0.0,0.0,60,1.0,10,1.0
010_R104,10,R,1,9,OPTIMAL,21.5022,1,1,0,1,0,1.0,21.5022,0.0,0.0,60,1.0,10,1.0
010_R104,10,R,2,0,OPTIMAL,114.7517,2,2,2,0,0,1.0,114.7517,0.0,0.0,60,1.0,10,1.0
010_R104,10,R,2,1,OPTIMAL,69.7922,2,2,2,0,0,1.0,69.7922,0.0,0.0,60,1.0,10,1.0
010_R104,10,R,2,2,OPTIMAL,79.9548,2,1,1,0,1,0.5,50.5701,0.0,29.3847,60,1.0,10,1.0
010_R104,10,R,2,3,OPTIMAL,42.4461,2,1,1,0,1,0.5,32.8051,0.0,9.641,60,1.0,10,1.0
010_R104,10,R,2,4,OPTIMAL,52.6777,2,1,1,0,1,0.5,51.3635,0.0,1.3142,60,1.0,10,1.0
010_R104,10,R,2,5,OPTIMAL,51.0948,2,1,1,0,1,0.5,48.4178,0.0,2.677,60,1.0,10,1.0
010_R104,10,R,2,6,OPTIMAL,28.5671,2,1,0,1,1,0.5,21.1148,0.0,7.4523,60,1.0,10,1.0
010_R104,10,R,2,7,OPTIMAL,85.1514,2,2,2,0,0,1.0,85.1514,0.0,0.0,60,1.0,10,1.0
010_R104,10,R,2,8,OPTIMAL,67.2657,2,2,2,0,0,1.0,67.2657,0.0,0.0,60,1.0,10,1.0
010_R104,10,R,2,9,OPTIMAL,92.2245,2,2,2,0,0,1.0,92.2245,0.0,0.0,60,1.0,10,1.0
010_R104,10,R,3,0,OPTIMAL,151.8798,3,2,2,0,1,0.6667,108.2562,0.0,43.6237,60,1.0,10,1.0
010_R104,10,R,3,1,OPTIMAL,108.9062,3,1,1,0,2,0.3333,44.6145,0.0,64.2917,60,1.0,10,1.0
010_R104,10,R,3,2,OPTIMAL,118.8313,3,2,2,0,1,0.6667,113.604,0.0,5.2273,60,1.0,10,1.0
010_R104,10,R,3,3,OPTIMAL,106.2792,3,2,2,0,1,0.6667,101.6791,0.0,4.6001,60,1.0,10,1.0
010_R104,10,R,3,4,OPTIMAL,128.2635,3,3,3,0,0,1.0,128.2635,0.0,0.0,60,1.0,10,1.0
010_R104,10,R,3,5,OPTIMAL,113.0341,3,2,2,0,1,0.6667,96.4305,0.0,16.6035,60,1.0,10,1.0
010_R104,10,R,3,6,OPTIMAL,121.9355,3,3,3,0,0,1.0,121.9355,0.0,0.0,60,1.0,10,1.0
010_R104,10,R,3,7,OPTIMAL,82.5913,3,2,1,1,1,0.6667,66.2476,0.0,16.3436,60,1.0,10,1.0
010_R104,10,R,3,8,OPTIMAL,73.2313,3,2,1,1,1,0.6667,65.9798,0.0,7.2515,60,1.0,10,1.0
010_R104,10,R,3,9,OPTIMAL,3.5121,3,0,0,0,3,0.0,0.0,0.0,3.5121,60,1.0,10,1.0
010_R105,10,R,1,0,OPTIMAL,41.1434,1,1,1,0,0,1.0,41.1434,0.0,0.0,60,1.0,10,1.0
010_R105,10,R,1,1,OPTIMAL,5.4693,1,0,0,0,1,0.0,0.0,0.0,5.4693,60,1.0,10,1.0
010_R105,10,R,1,2,OPTIMAL,19.3566,1,1,0,1,0,1.0,19.3566,0.0,0.0,60,1.0,10,1.0
010_R105,10,R,1,3,OPTIMAL,4.6255,1,0,0,0,1,0.0,0.0,0.0,4.6255,60,1.0,10,1.0
010_R105,10,R,1,4,OPTIMAL,4.4447,1,0,0,0,1,0.0,0.0,0.0,4.4447,60,1.0,10,1.0
010_R105,10,R,1,5,OPTIMAL,3.8621,1,0,0,0,1,0.0,0.0,0.0,3.8621,60,1.0,10,1.0
010_R105,10,R,1,6,OPTIMAL,13.3736,1,0,0,0,1,0.0,0.0,0.0,13.3736,60,1.0,10,1.0
010_R105,10,R,1,7,OPTIMAL,31.386,1,0,0,0,1,0.0,0.0,0.0,31.386,60,1.0,10,1.0
010_R105,10,R,1,8,OPTIMAL,51.4399,1,1,1,0,0,1.0,51.4399,0.0,0.0,60,1.0,10,1.0
010_R105,10,R,1,9,OPTIMAL,21.5022,1,1,0,1,0,1.0,21.5022,0.0,0.0,60,1.0,10,1.0
010_R105,10,R,2,0,OPTIMAL,114.7517,2,2,2,0,0,1.0,114.7517,0.0,0.0,60,1.0,10,1.0
010_R105,10,R,2,1,OPTIMAL,32.2427,2,0,0,0,2,0.0,0.0,0.0,32.2427,60,1.0,10,1.0
010_R105,10,R,2,2,OPTIMAL,88.2085,2,2,2,0,0,1.0,88.2085,0.0,0.0,60,1.0,10,1.0
010_R105,10,R,2,3,OPTIMAL,68.9106,2,1,0,1,1,0.5,32.8051,0.0,36.1055,60,1.0,10,1.0
010_R105,10,R,2,4,OPTIMAL,55.2868,2,1,1,0,1,0.5,51.3635,0.0,3.9233,60,1.0,10,1.0
010_R105,10,R,2,5,OPTIMAL,57.2524,2,1,0,1,1,0.5,48.4178,0.0,8.8346,60,1.0,10,1.0
010_R105,10,R,2,6,OPTIMAL,12.2088,2,0,0,0,2,0.0,0.0,0.0,12.2088,60,1.0,10,1.0
010_R105,10,R,2,7,OPTIMAL,80.8091,2,1,0,1,1,0.5,27.2421,0.0,53.567,60,1.0,10,1.0
010_R105,10,R,2,8,OPTIMAL,34.7798,2,1,0,1,1,0.5,27.4522,0.0,7.3276,60,1.0,10,1.0
010_R105,10,R,2,9,OPTIMAL,74.1475,2,1,1,0,1,0.5,44.3156,0.0,29.8319,60,1.0,10,1.0
010_R105,10,R,3,0,OPTIMAL,152.954,3,2,2,0,1,0.6667,108.2562,0.0,44.6978,60,1.0,10,1.0
010_R105,10,R,3,1,OPTIMAL,124.349,3,2,2,0,1,0.6667,108.9561,0.0,15.3929,60,1.0,10,1.0
010_R105,10,R,3,2,OPTIMAL,109.1565,3,1,0,1,2,0.3333,64.1731,0.0,44.9834,60,1.0,10,1.0
010_R105,10,R,3,3,OPTIMAL,75.0668,3,1,1,0,2,0.3333,63.0114,0.0,12.0555,60,1.0,10,1.0
010_R105,10,R,3,4,OPTIMAL,121.4039,3,2,2,0,1,0.6667,104.3324,0.0,17.0715,60,1.0,10,1.0
010_R105,10,R,3,5,OPTIMAL,73.5109,3,1,0,1,2,0.3333,54.1471,0.0,19.3639,60,1.0,10,1.0
010_R105,10,R,3,6,OPTIMAL,118.093,3,2,2,0,1,0.6667,83.4366,0.0,34.6564,60,1.0,10,1.0
010_R105,10,R,3,7,OPTIMAL,94.9139,3,2,1,1,1,0.6667,70.0416,0.0,24.8723,60,1.0,10,1.0
010_R105,10,R,3,8,OPTIMAL,48.448,3,1,1,0,2,0.3333,43.8393,0.0,4.6087,60,1.0,10,1.0
010_R105,10,R,3,9,OPTIMAL,22.6474,3,0,0,0,3,0.0,0.0,0.0,22.6474,60,1.0,10,1.0
010_R106,10,R,1,0,OPTIMAL,41.1434,1,1,1,0,0,1.0,41.1434,0.0,0.0,60,1.0,10,1.0
010_R106,10,R,1,1,OPTIMAL,35.8862,1,1,1,0,0,1.0,35.8862,0.0,0.0,60,1.0,10,1.0
010_R106,10,R,1,2,OPTIMAL,19.3566,1,1,1,0,0,1.0,19.3566,0.0,0.0,60,1.0,10,1.0
010_R106,10,R,1,3,OPTIMAL,8.6434,1,0,0,0,1,0.0,0.0,0.0,8.6434,60,1.0,10,1.0
010_R106,10,R,1,4,OPTIMAL,1.8976,1,0,0,0,1,0.0,0.0,0.0,1.8976,60,1.0,10,1.0
010_R106,10,R,1,5,OPTIMAL,3.8621,1,0,0,0,1,0.0,0.0,0.0,3.8621,60,1.0,10,1.0
010_R106,10,R,1,6,OPTIMAL,13.3736,1,0,0,0,1,0.0,0.0,0.0,13.3736,60,1.0,10,1.0
010_R106,10,R,1,7,OPTIMAL,31.386,1,0,0,0,1,0.0,0.0,0.0,31.386,60,1.0,10,1.0
010_R106,10,R,1,8,OPTIMAL,51.4399,1,1,1,0,0,1.0,51.4399,0.0,0.0,60,1.0,10,1.0
010_R106,10,R,1,9,OPTIMAL,21.5022,1,1,0,1,0,1.0,21.5022,0.0,0.0,60,1.0,10,1.0
010_R106,10,R,2,0,OPTIMAL,114.7517,2,2,2,0,0,1.0,114.7517,0.0,0.0,60,1.0,10,1.0
010_R106,10,R,2,1,OPTIMAL,37.8688,2,1,1,0,1,0.5,27.1779,0.0,10.6909,60,1.0,10,1.0
010_R106,10,R,2,2,OPTIMAL,88.2085,2,2,2,0,0,1.0,88.2085,0.0,0.0,60,1.0,10,1.0
010_R106,10,R,2,3,OPTIMAL,68.6519,2,1,1,0,1,0.5,32.8051,0.0,35.8468,60,1.0,10,1.0
010_R106,10,R,2,4,OPTIMAL,52.6777,2,1,1,0,1,0.5,51.3635,0.0,1.3142,60,1.0,10,1.0
010_R106,10,R,2,5,OPTIMAL,46.0835,2,0,0,0,2,0.0,0.0,0.0,46.0835,60,1.0,10,1.0
010_R106,10,R,2,6,OPTIMAL,33.2682,2,1,0,1,1,0.5,21.1148,0.0,12.1534,60,1.0,10,1.0
010_R106,10,R,2,7,OPTIMAL,85.1514,2,2,2,0,0,1.0,85.1514,0.0,0.0,60,1.0,10,1.0
010_R106,10,R,2,8,OPTIMAL,67.2657,2,2,2,0,0,1.0,67.2657,0.0,0.0,60,1.0,10,1.0
010_R106,10,R,2,9,OPTIMAL,92.2245,2,2,2,0,0,1.0,92.2245,0.0,0.0,60,1.0,10,1.0
010_R106,10,R,3,0,OPTIMAL,135.7239,3,2,2,0,1,0.6667,108.2562,0.0,27.4677,60,1.0,10,1.0
010_R106,10,R,3,1,OPTIMAL,85.5339,3,1,1,0,2,0.3333,64.3416,0.0,21.1923,60,1.0,10,1.0
010_R106,10,R,3,2,OPTIMAL,107.0273,3,2,2,0,1,0.6667,106.7717,0.0,0.2556,60,1.0,10,1.0
010_R106,10,R,3,3,OPTIMAL,75.0668,3,1,1,0,2,0.3333,63.0114,0.0,12.0555,60,1.0,10,1.0
010_R106,10,R,3,4,OPTIMAL,85.2499,3,1,1,0,2,0.3333,50.5853,0.0,34.6645,60,1.0,10,1.0
010_R106,10,R,3,5,OPTIMAL,75.9454,3,1,0,1,2,0.3333,38.6009,0.0,37.3444,60,1.0,10,1.0
010_R106,10,R,3,6,OPTIMAL,121.9355,3,3,3,0,0,1.0,121.9355,0.0,0.0,60,1.0,10,1.0
010_R106,10,R,3,7,OPTIMAL,65.6086,3,1,0,1,2,0.3333,40.4382,0.0,25.1703,60,1.0,10,1.0
010_R106,10,R,3,8,OPTIMAL,73.2313,3,2,1,1,1,0.6667,65.9798,0.0,7.2515,60,1.0,10,1.0
010_R106,10,R,3,9,OPTIMAL,3.214,3,0,0,0,3,0.0,0.0,0.0,3.214,60,1.0,10,1.0
010_R107,10,R,1,0,OPTIMAL,41.1434,1,1,1,0,0,1.0,41.1434,0.0,0.0,60,1.0,10,1.0
010_R107,10,R,1,1,OPTIMAL,35.8862,1,1,1,0,0,1.0,35.8862,0.0,0.0,60,1.0,10,1.0
010_R107,10,R,1,2,OPTIMAL,19.3566,1,1,1,0,0,1.0,19.3566,0.0,0.0,60,1.0,10,1.0
010_R107,10,R,1,3,OPTIMAL,8.6434,1,0,0,0,1,0.0,0.0,0.0,8.6434,60,1.0,10,1.0
010_R107,10,R,1,4,OPTIMAL,1.8976,1,0,0,0,1,0.0,0.0,0.0,1.8976,60,1.0,10,1.0
010_R107,10,R,1,5,OPTIMAL,3.8621,1,0,0,0,1,0.0,0.0,0.0,3.8621,60,1.0,10,1.0
010_R107,10,R,1,6,OPTIMAL,13.3736,1,0,0,0,1,0.0,0.0,0.0,13.3736,60,1.0,10,1.0
010_R107,10,R,1,7,OPTIMAL,31.386,1,0,0,0,1,0.0,0.0,0.0,31.386,60,1.0,10,1.0
010_R107,10,R,1,8,OPTIMAL,51.4399,1,1,1,0,0,1.0,51.4399,0.0,0.0,60,1.0,10,1.0
010_R107,10,R,1,9,OPTIMAL,21.5022,1,1,0,1,0,1.0,21.5022,0.0,0.0,60,1.0,10,1.0
010_R107,10,R,2,0,OPTIMAL,114.7517,2,2,2,0,0,1.0,114.7517,0.0,0.0,60,1.0,10,1.0
010_R107,10,R,2,1,OPTIMAL,37.8688,2,1,1,0,1,0.5,27.1779,0.0,10.6909,60,1.0,10,1.0
010_R107,10,R,2,2,OPTIMAL,88.2085,2,2,2,0,0,1.0,88.2085,0.0,0.0,60,1.0,10,1.0
010_R107,10,R,2,3,OPTIMAL,68.6519,2,1,1,0,1,0.5,32.8051,0.0,35.8468,60,1.0,10,1.0
010_R107,10,R,2,4,OPTIMAL,52.6777,2,1,1,0,1,0.5,51.3635,0.0,1.3142,60,1.0,10,1.0
010_R107,10,R,2,5,OPTIMAL,46.0835,2,0,0,0,2,0.0,0.0,0.0,46.0835,60,1.0,10,1.0
010_R107,10,R,2,6,OPTIMAL,33.2682,2,1,0,1,1,0.5,21.1148,0.0,12.1534,60,1.0,10,1.0
010_R107,10,R,2,7,OPTIMAL,85.1514,2,2,2,0,0,1.0,85.1514,0.0,0.0,60,1.0,10,1.0
010_R107,10,R,2,8,OPTIMAL,67.2657,2,2,2,0,0,1.0,67.2657,0.0,0.0,60,1.0,10,1.0
010_R107,10,R,2,9,OPTIMAL,92.2245,2,2,2,0,0,1.0,92.2245,0.0,0.0,60,1.0,10,1.0
010_R107,10,R,3,0,OPTIMAL,135.7239,3,2,2,0,1,0.6667,108.2562,0.0,27.4677,60,1.0,10,1.0
010_R107,10,R,3,1,OPTIMAL,85.5339,3,1,1,0,2,0.3333,64.3416,0.0,21.1923,60,1.0,10,1.0
010_R107,10,R,3,2,OPTIMAL,107.0273,3,2,2,0,1,0.6667,106.7717,0.0,0.2556,60,1.0,10,1.0
010_R107,10,R,3,3,OPTIMAL,75.0668,3,1,1,0,2,0.3333,63.0114,0.0,12.0555,60,1.0,10,1.0
010_R107,10,R,3,4,OPTIMAL,85.2499,3,1,1,0,2,0.3333,50.5853,0.0,34.6645,60,1.0,10,1.0
010_R107,10,R,3,5,OPTIMAL,75.9454,3,1,0,1,2,0.3333,38.6009,0.0,37.3444,60,1.0,10,1.0
010_R107,10,R,3,6,OPTIMAL,121.9355,3,3,3,0,0,1.0,121.9355,0.0,0.0,60,1.0,10,1.0
010_R107,10,R,3,7,OPTIMAL,65.6086,3,1,0,1,2,0.3333,40.4382,0.0,25.1703,60,1.0,10,1.0
010_R107,10,R,3,8,OPTIMAL,73.2313,3,2,1,1,1,0.6667,65.9798,0.0,7.2515,60,1.0,10,1.0
010_R107,10,R,3,9,OPTIMAL,3.214,3,0,0,0,3,0.0,0.0,0.0,3.214,60,1.0,10,1.0
010_R108,10,R,1,0,OPTIMAL,41.1434,1,1,1,0,0,1.0,41.1434,0.0,0.0,60,1.0,10,1.0
010_R108,10,R,1,1,OPTIMAL,35.8862,1,1,1,0,0,1.0,35.8862,0.0,0.0,60,1.0,10,1.0
010_R108,10,R,1,2,OPTIMAL,19.3566,1,1,1,0,0,1.0,19.3566,0.0,0.0,60,1.0,10,1.0
010_R108,10,R,1,3,OPTIMAL,34.2432,1,1,1,0,0,1.0,34.2432,0.0,0.0,60,1.0,10,1.0
010_R108,10,R,1,4,OPTIMAL,1.8976,1,0,0,0,1,0.0,0.0,0.0,1.8976,60,1.0,10,1.0
010_R108,10,R,1,5,OPTIMAL,33.4191,1,1,1,0,0,1.0,33.4191,0.0,0.0,60,1.0,10,1.0
010_R108,10,R,1,6,OPTIMAL,45.8983,1,1,1,0,0,1.0,45.8983,0.0,0.0,60,1.0,10,1.0
010_R108,10,R,1,7,OPTIMAL,43.9147,1,1,1,0,0,1.0,43.9147,0.0,0.0,60,1.0,10,1.0
010_R108,10,R,1,8,OPTIMAL,51.4399,1,1,1,0,0,1.0,51.4399,0.0,0.0,60,1.0,10,1.0
010_R108,10,R,1,9,OPTIMAL,17.4194,1,0,0,0,1,0.0,0.0,0.0,17.4194,60,1.0,10,1.0
010_R108,10,R,2,0,OPTIMAL,114.7517,2,2,2,0,0,1.0,114.7517,0.0,0.0,60,1.0,10,1.0
010_R108,10,R,2,1,OPTIMAL,69.7922,2,2,2,0,0,1.0,69.7922,0.0,0.0,60,1.0,10,1.0
010_R108,10,R,2,2,OPTIMAL,88.2085,2,2,2,0,0,1.0,88.2085,0.0,0.0,60,1.0,10,1.0
010_R108,10,R,2,3,OPTIMAL,80.8709,2,2,2,0,0,1.0,80.8709,0.0,0.0,60,1.0,10,1.0
010_R108,10,R,2,4,OPTIMAL,52.6777,2,1,1,0,1,0.5,51.3635,0.0,1.3142,60,1.0,10,1.0
010_R108,10,R,2,5,OPTIMAL,51.0948,2,1,1,0,1,0.5,48.4178,0.0,2.677,60,1.0,10,1.0
010_R108,10,R,2,6,OPTIMAL,28.7427,2,0,0,0,2,0.0,0.0,0.0,28.7427,60,1.0,10,1.0
010_R108,10,R,2,7,OPTIMAL,85.1514,2,2,2,0,0,1.0,85.1514,0.0,0.0,60,1.0,10,1.0
010_R108,10,R,2,8,OPTIMAL,67.2657,2,2,2,0,0,1.0,67.2657,0.0,0.0,60,1.0,10,1.0
010_R108,10,R,2,9,OPTIMAL,92.2245,2,2,2,0,0,1.0,92.2245,0.0,0.0,60,1.0,10,1.0
010_R108,10,R,3,0,OPTIMAL,158.4434,3,1,1,0,2,0.3333,65.106,0.0,93.3374,60,1.0,10,1.0
010_R108,10,R,3,1,OPTIMAL,85.5339,3,1,0,1,2,0.3333,64.3416,0.0,21.1923,60,1.0,10,1.0
010_R108,10,R,3,2,OPTIMAL,124.9904,3,2,2,0,1,0.6667,106.7717,0.0,18.2187,60,1.0,10,1.0
010_R108,10,R,3,3,OPTIMAL,106.2792,3,2,2,0,1,0.6667,101.6791,0.0,4.6001,60,1.0,10,1.0
010_R108,10,R,3,4,OPTIMAL,92.1095,3,2,2,0,1,0.6667,74.5165,0.0,17.593,60,1.0,10,1.0
010_R108,10,R,3,5,OPTIMAL,37.374,3,0,0,0,3,0.0,0.0,0.0,37.374,60,1.0,10,1.0
010_R108,10,R,3,6,OPTIMAL,121.9355,3,3,3,0,0,1.0,121.9355,0.0,0.0,60,1.0,10,1.0
010_R108,10,R,3,7,OPTIMAL,66.7501,3,2,1,1,1,0.6667,66.2476,0.0,0.5024,60,1.0,10,1.0
010_R108,10,R,3,8,OPTIMAL,70.5807,3,1,1,0,2,0.3333,43.8393,0.0,26.7414,60,1.0,10,1.0
010_R108,10,R,3,9,OPTIMAL,3.5121,3,0,0,0,3,0.0,0.0,0.0,3.5121,60,1.0,10,1.0
010_R109,10,R,1,0,OPTIMAL,41.1434,1,1,0,1,0,1.0,41.1434,0.0,0.0,60,1.0,10,1.0
010_R109,10,R,1,1,OPTIMAL,35.8862,1,1,0,1,0,1.0,35.8862,0.0,0.0,60,1.0,10,1.0
010_R109,10,R,1,2,OPTIMAL,19.3566,1,1,0,1,0,1.0,19.3566,0.0,0.0,60,1.0,10,1.0
010_R109,10,R,1,3,OPTIMAL,34.2432,1,1,0,1,0,1.0,34.2432,0.0,0.0,60,1.0,10,1.0
010_R109,10,R,1,4,OPTIMAL,65.5951,1,1,0,1,0,1.0,65.5951,0.0,0.0,60,1.0,10,1.0
010_R109,10,R,1,5,OPTIMAL,33.4191,1,1,0,1,0,1.0,33.4191,0.0,0.0,60,1.0,10,1.0
010_R109,10,R,1,6,OPTIMAL,45.8983,1,1,0,1,0,1.0,45.8983,0.0,0.0,60,1.0,10,1.0
010_R109,10,R,1,7,OPTIMAL,43.9147,1,1,0,1,0,1.0,43.9147,0.0,0.0,60,1.0,10,1.0
010_R109,10,R,1,8,OPTIMAL,51.4399,1,1,1,0,0,1.0,51.4399,0.0,0.0,60,1.0,10,1.0
010_R109,10,R,1,9,OPTIMAL,1.0304,1,0,0,0,1,0.0,0.0,0.0,1.0304,60,1.0,10,1.0
010_R109,10,R,2,0,OPTIMAL,114.7517,2,2,2,0,0,1.0,114.7517,0.0,0.0,60,1.0,10,1.0
010_R109,10,R,2,1,OPTIMAL,69.7922,2,2,0,2,0,1.0,69.7922,0.0,0.0,60,1.0,10,1.0
010_R109,10,R,2,2,OPTIMAL,88.2085,2,2,0,2,0,1.0,88.2085,0.0,0.0,60,1.0,10,1.0
010_R109,10,R,2,3,OPTIMAL,80.8709,2,2,1,1,0,1.0,80.8709,0.0,0.0,60,1.0,10,1.0
010_R109,10,R,2,4,OPTIMAL,115.7916,2,2,1,1,0,1.0,115.7916,0.0,0.0,60,1.0,10,1.0
010_R109,10,R,2,5,OPTIMAL,112.4128,2,2,1,1,0,1.0,112.4128,0.0,0.0,60,1.0,10,1.0
010_R109,10,R,2,6,OPTIMAL,28.5671,2,1,1,0,1,0.5,21.1148,0.0,7.4523,60,1.0,10,1.0
010_R109,10,R,2,7,OPTIMAL,85.1514,2,2,1,1,0,1.0,85.1514,0.0,0.0,60,1.0,10,1.0
010_R109,10,R,2,8,OPTIMAL,67.2657,2,2,1,1,0,1.0,67.2657,0.0,0.0,60,1.0,10,1.0
010_R109,10,R,2,9,OPTIMAL,92.2245,2,2,1,1,0,1.0,92.2245,0.0,0.0,60,1.0,10,1.0
010_R109,10,R,3,0,OPTIMAL,164.3458,3,3,3,0,0,1.0,164.3458,0.0,0.0,60,1.0,10,1.0
010_R109,10,R,3,1,OPTIMAL,150.7441,3,3,2,1,0,1.0,150.7441,0.0,0.0,60,1.0,10,1.0
010_R109,10,R,3,2,OPTIMAL,156.2027,3,3,0,3,0,1.0,156.2027,0.0,0.0,60,1.0,10,1.0
010_R109,10,R,3,3,OPTIMAL,103.9791,3,2,1,1,1,0.6667,101.6791,0.0,2.3001,60,1.0,10,1.0
010_R109,10,R,3,4,OPTIMAL,107.8546,3,2,0,2,1,0.6667,77.6782,0.0,30.1764,60,1.0,10,1.0
010_R109,10,R,3,5,OPTIMAL,135.0315,3,3,0,3,0,1.0,135.0315,0.0,0.0,60,1.0,10,1.0
010_R109,10,R,3,6,OPTIMAL,89.8363,3,2,1,1,1,0.6667,83.4366,0.0,6.3997,60,1.0,10,1.0
010_R109,10,R,3,7,OPTIMAL,106.6859,3,3,1,2,0,1.0,106.6859,0.0,0.0,60,1.0,10,1.0
010_R109,10,R,3,8,OPTIMAL,113.954,3,3,2,1,0,1.0,113.954,0.0,0.0,60,1.0,10,1.0
010_R109,10,R,3,9,OPTIMAL,36.4564,3,1,0,1,2,0.3333,35.0646,0.0,1.3918,60,1.0,10,1.0
010_R110,10,R,1,0,OPTIMAL,41.1434,1,1,1,0,0,1.0,41.1434,0.0,0.0,60,1.0,10,1.0
010_R110,10,R,1,1,OPTIMAL,35.8862,1,1,0,1,0,1.0,35.8862,0.0,0.0,60,1.0,10,1.0
010_R110,10,R,1,2,OPTIMAL,19.3566,1,1,0,1,0,1.0,19.3566,0.0,0.0,60,1.0,10,1.0
010_R110,10,R,1,3,OPTIMAL,34.2432,1,1,0,1,0,1.0,34.2432,0.0,0.0,60,1.0,10,1.0
010_R110,10,R,1,4,OPTIMAL,65.5951,1,1,1,0,0,1.0,65.5951,0.0,0.0,60,1.0,10,1.0
010_R110,10,R,1,5,OPTIMAL,33.4191,1,1,0,1,0,1.0,33.4191,0.0,0.0,60,1.0,10,1.0
010_R110,10,R,1,6,OPTIMAL,45.8983,1,1,1,0,0,1.0,45.8983,0.0,0.0,60,1.0,10,1.0
010_R110,10,R,1,7,OPTIMAL,43.9147,1,1,0,1,0,1.0,43.9147,0.0,0.0,60,1.0,10,1.0
010_R110,10,R,1,8,OPTIMAL,3.0006,1,0,0,0,1,0.0,0.0,0.0,3.0006,60,1.0,10,1.0
010_R110,10,R,1,9,OPTIMAL,1.0304,1,0,0,0,1,0.0,0.0,0.0,1.0304,60,1.0,10,1.0
010_R110,10,R,2,0,OPTIMAL,114.7517,2,2,2,0,0,1.0,114.7517,0.0,0.0,60,1.0,10,1.0
010_R110,10,R,2,1,OPTIMAL,64.1661,2,1,0,1,1,0.5,42.6142,0.0,21.5518,60,1.0,10,1.0
010_R110,10,R,2,2,OPTIMAL,88.2085,2,2,2,0,0,1.0,88.2085,0.0,0.0,60,1.0,10,1.0
010_R110,10,R,2,3,OPTIMAL,80.8709,2,2,0,2,0,1.0,80.8709,0.0,0.0,60,1.0,10,1.0
010_R110,10,R,2,4,OPTIMAL,66.466,2,1,1,0,1,0.5,64.4282,0.0,2.0378,60,1.0,10,1.0
010_R110,10,R,2,5,OPTIMAL,112.4128,2,2,2,0,0,1.0,112.4128,0.0,0.0,60,1.0,10,1.0
010_R110,10,R,2,6,OPTIMAL,39.3407,2,0,0,0,2,0.0,0.0,0.0,39.3407,60,1.0,10,1.0
010_R110,10,R,2,7,OPTIMAL,85.1514,2,2,1,1,0,1.0,85.1514,0.0,0.0,60,1.0,10,1.0
010_R110,10,R,2,8,OPTIMAL,67.2657,2,2,1,1,0,1.0,67.2657,0.0,0.0,60,1.0,10,1.0
010_R110,10,R,2,9,OPTIMAL,50.5772,2,0,0,0,2,0.0,0.0,0.0,50.5772,60,1.0,10,1.0
010_R110,10,R,3,0,OPTIMAL,164.3458,3,3,2,1,0,1.0,164.3458,0.0,0.0,60,1.0,10,1.0
010_R110,10,R,3,1,OPTIMAL,127.9308,3,2,2,0,1,0.6667,106.1296,0.0,21.8013,60,1.0,10,1.0
010_R110,10,R,3,2,OPTIMAL,156.2027,3,3,0,3,0,1.0,156.2027,0.0,0.0,60,1.0,10,1.0
010_R110,10,R,3,3,OPTIMAL,103.9791,3,2,1,1,1,0.6667,101.6791,0.0,2.3001,60,1.0,10,1.0
010_R110,10,R,3,4,OPTIMAL,128.2635,3,3,0,3,0,1.0,128.2635,0.0,0.0,60,1.0,10,1.0
010_R110,10,R,3,5,OPTIMAL,96.4601,3,2,1,1,1,0.6667,96.4305,0.0,0.0296,60,1.0,10,1.0
010_R110,10,R,3,6,OPTIMAL,73.6717,3,1,1,0,2,0.3333,39.0042,0.0,34.6675,60,1.0,10,1.0
010_R110,10,R,3,7,OPTIMAL,81.8485,3,2,1,1,1,0.6667,70.0416,0.0,11.807,60,1.0,10,1.0
010_R110,10,R,3,8,OPTIMAL,92.4315,3,2,0,2,1,0.6667,91.8135,0.0,0.618,60,1.0,10,1.0
010_R110,10,R,3,9,OPTIMAL,36.4564,3,1,0,1,2,0.3333,35.0646,0.0,1.3918,60,1.0,10,1.0
010_R111,10,R,1,0,OPTIMAL,41.1434,1,1,1,0,0,1.0,41.1434,0.0,0.0,60,1.0,10,1.0
010_R111,10,R,1,1,OPTIMAL,35.8862,1,1,1,0,0,1.0,35.8862,0.0,0.0,60,1.0,10,1.0
010_R111,10,R,1,2,OPTIMAL,14.691,1,0,0,0,1,0.0,0.0,0.0,14.691,60,1.0,10,1.0
010_R111,10,R,1,3,OPTIMAL,34.2432,1,1,1,0,0,1.0,34.2432,0.0,0.0,60,1.0,10,1.0
010_R111,10,R,1,4,OPTIMAL,1.8976,1,0,0,0,1,0.0,0.0,0.0,1.8976,60,1.0,10,1.0
010_R111,10,R,1,5,OPTIMAL,33.4191,1,1,1,0,0,1.0,33.4191,0.0,0.0,60,1.0,10,1.0
010_R111,10,R,1,6,OPTIMAL,13.3736,1,0,0,0,1,0.0,0.0,0.0,13.3736,60,1.0,10,1.0
010_R111,10,R,1,7,OPTIMAL,11.9123,1,0,0,0,1,0.0,0.0,0.0,11.9123,60,1.0,10,1.0
010_R111,10,R,1,8,OPTIMAL,51.4399,1,1,1,0,0,1.0,51.4399,0.0,0.0,60,1.0,10,1.0
010_R111,10,R,1,9,OPTIMAL,1.0304,1,0,0,0,1,0.0,0.0,0.0,1.0304,60,1.0,10,1.0
010_R111,10,R,2,0,OPTIMAL,114.7517,2,2,2,0,0,1.0,114.7517,0.0,0.0,60,1.0,10,1.0
010_R111,10,R,2,1,OPTIMAL,35.6307,2,0,0,0,2,0.0,0.0,0.0,35.6307,60,1.0,10,1.0
010_R111,10,R,2,2,OPTIMAL,61.6326,2,1,1,0,1,0.5,37.6384,0.0,23.9942,60,1.0,10,1.0
010_R111,10,R,2,3,OPTIMAL,42.4461,2,1,1,0,1,0.5,32.8051,0.0,9.641,60,1.0,10,1.0
010_R111,10,R,2,4,OPTIMAL,51.7592,2,0,0,0,2,0.0,0.0,0.0,51.7592,60,1.0,10,1.0
010_R111,10,R,2,5,OPTIMAL,51.0948,2,1,1,0,1,0.5,48.4178,0.0,2.677,60,1.0,10,1.0
010_R111,10,R,2,6,OPTIMAL,28.5671,2,1,1,0,1,0.5,21.1148,0.0,7.4523,60,1.0,10,1.0
010_R111,10,R,2,7,OPTIMAL,65.1095,2,1,1,0,1,0.5,57.9093,0.0,7.2002,60,1.0,10,1.0
010_R111,10,R,2,8,OPTIMAL,44.1672,2,1,1,0,1,0.5,39.8135,0.0,4.3537,60,1.0,10,1.0
010_R111,10,R,2,9,OPTIMAL,92.2245,2,2,2,0,0,1.0,92.2245,0.0,0.0,60,1.0,10,1.0
010_R111,10,R,3,0,OPTIMAL,107.4264,3,1,1,0,2,0.3333,43.1502,0.0,64.2762,60,1.0,10,1.0
010_R111,10,R,3,1,OPTIMAL,79.2131,3,1,1,0,2,0.3333,64.3416,0.0,14.8715,60,1.0,10,1.0
010_R111,10,R,3,2,OPTIMAL,90.5012,3,1,1,0,2,0.3333,42.5987,0.0,47.9025,60,1.0,10,1.0
010_R111,10,R,3,3,OPTIMAL,75.0668,3,1,1,0,2,0.3333,63.0114,0.0,12.0555,60,1.0,10,1.0
010_R111,10,R,3,4,OPTIMAL,78.8046,3,2,2,0,1,0.6667,74.5165,0.0,4.2881,60,1.0,10,1.0
010_R111,10,R,3,5,OPTIMAL,62.3806,3,1,1,0,2,0.3333,38.6009,0.0,23.7796,60,1.0,10,1.0
010_R111,10,R,3,6,OPTIMAL,97.8281,3,1,1,0,2,0.3333,39.0042,0.0,58.8239,60,1.0,10,1.0
010_R111,10,R,3,7,OPTIMAL,73.5364,3,1,1,0,2,0.3333,40.4382,0.0,33.0982,60,1.0,10,1.0
010_R111,10,R,3,8,OPTIMAL,73.2313,3,2,2,0,1,0.6667,65.9798,0.0,7.2515,60,1.0,10,1.0
010_R111,10,R,3,9,OPTIMAL,3.214,3,0,0,0,3,0.0,0.0,0.0,3.214,60,1.0,10,1.0
010_R112,10,R,1,0,OPTIMAL,41.1434,1,1,1,0,0,1.0,41.1434,0.0,0.0,60,1.0,10,1.0
010_R112,10,R,1,1,OPTIMAL,35.8862,1,1,1,0,0,1.0,35.8862,0.0,0.0,60,1.0,10,1.0
010_R112,10,R,1,2,OPTIMAL,19.3566,1,1,1,0,0,1.0,19.3566,0.0,0.0,60,1.0,10,1.0
010_R112,10,R,1,3,OPTIMAL,34.2432,1,1,1,0,0,1.0,34.2432,0.0,0.0,60,1.0,10,1.0
010_R112,10,R,1,4,OPTIMAL,65.5951,1,1,1,0,0,1.0,65.5951,0.0,0.0,60,1.0,10,1.0
010_R112,10,R,1,5,OPTIMAL,33.4191,1,1,1,0,0,1.0,33.4191,0.0,0.0,60,1.0,10,1.0
010_R112,10,R,1,6,OPTIMAL,45.8983,1,1,1,0,0,1.0,45.8983,0.0,0.0,60,1.0,10,1.0
010_R112,10,R,1,7,OPTIMAL,43.9147,1,1,1,0,0,1.0,43.9147,0.0,0.0,60,1.0,10,1.0
010_R112,10,R,1,8,OPTIMAL,3.0006,1,0,0,0,1,0.0,0.0,0.0,3.0006,60,1.0,10,1.0
010_R112,10,R,1,9,OPTIMAL,2.0609,1,0,0,0,1,0.0,0.0,0.0,2.0609,60,1.0,10,1.0
010_R112,10,R,2,0,OPTIMAL,114.7517,2,2,2,0,0,1.0,114.7517,0.0,0.0,60,1.0,10,1.0
010_R112,10,R,2,1,OPTIMAL,43.784,2,1,1,0,1,0.5,42.6142,0.0,1.1698,60,1.0,10,1.0
010_R112,10,R,2,2,OPTIMAL,88.2085,2,2,2,0,0,1.0,88.2085,0.0,0.0,60,1.0,10,1.0
010_R112,10,R,2,3,OPTIMAL,80.8709,2,2,2,0,0,1.0,80.8709,0.0,0.0,60,1.0,10,1.0
010_R112,10,R,2,4,OPTIMAL,27.7371,2,0,0,0,2,0.0,0.0,0.0,27.7371,60,1.0,10,1.0
010_R112,10,R,2,5,OPTIMAL,77.7906,2,1,1,0,1,0.5,48.4178,0.0,29.3728,60,1.0,10,1.0
010_R112,10,R,2,6,OPTIMAL,39.1285,2,0,0,0,2,0.0,0.0,0.0,39.1285,60,1.0,10,1.0
010_R112,10,R,2,7,OPTIMAL,42.4996,2,0,0,0,2,0.0,0.0,0.0,42.4996,60,1.0,10,1.0
010_R112,10,R,2,8,OPTIMAL,40.8422,2,1,1,0,1,0.5,39.8135,0.0,1.0287,60,1.0,10,1.0
010_R112,10,R,2,9,OPTIMAL,1.7989,2,0,0,0,2,0.0,0.0,0.0,1.7989,60,1.0,10,1.0
010_R112,10,R,3,0,OPTIMAL,47.3261,3,0,0,0,3,0.0,0.0,0.0,47.3261,60,1.0,10,1.0
010_R112,10,R,3,1,OPTIMAL,31.8054,3,0,0,0,3,0.0,0.0,0.0,31.8054,60,1.0,10,1.0
010_R112,10,R,3,2,OPTIMAL,107.0273,3,2,2,0,1,0.6667,106.7717,0.0,0.2556,60,1.0,10,1.0
010_R112,10,R,3,3,OPTIMAL,103.9791,3,2,2,0,1,0.6667,101.6791,0.0,2.3001,60,1.0,10,1.0
010_R112,10,R,3,4,OPTIMAL,78.8046,3,2,2,0,1,0.6667,74.5165,0.0,4.2881,60,1.0,10,1.0
010_R112,10,R,3,5,OPTIMAL,46.7436,3,1,1,0,2,0.3333,42.2835,0.0,4.4601,60,1.0,10,1.0
010_R112,10,R,3,6,OPTIMAL,77.5142,3,2,2,0,1,0.6667,77.5031,0.0,0.0111,60,1.0,10,1.0
010_R112,10,R,3,7,OPTIMAL,12.2072,3,0,0,0,3,0.0,0.0,0.0,12.2072,60,1.0,10,1.0
010_R112,10,R,3,8,OPTIMAL,74.4277,3,1,1,0,2,0.3333,43.8393,0.0,30.5884,60,1.0,10,1.0
010_R112,10,R,3,9,OPTIMAL,7.48,3,0,0,0,3,0.0,0.0,0.0,7.48,60,1.0,10,1.0
010_R201,10,R,1,0,OPTIMAL,41.1434,1,1,1,0,0,1.0,41.1434,0.0,0.0,60,1.0,10,1.0
010_R201,10,R,1,1,OPTIMAL,35.8862,1,1,1,0,0,1.0,35.8862,0.0,0.0,60,1.0,10,1.0
010_R201,10,R,1,2,OPTIMAL,19.3566,1,1,1,0,0,1.0,19.3566,0.0,0.0,60,1.0,10,1.0
010_R201,10,R,1,3,OPTIMAL,34.2432,1,1,1,0,0,1.0,34.2432,0.0,0.0,60,1.0,10,1.0
010_R201,10,R,1,4,OPTIMAL,65.5951,1,1,1,0,0,1.0,65.5951,0.0,0.0,60,1.0,10,1.0
010_R201,10,R,1,5,OPTIMAL,33.4191,1,1,1,0,0,1.0,33.4191,0.0,0.0,60,1.0,10,1.0
010_R201,10,R,1,6,OPTIMAL,45.8983,1,1,1,0,0,1.0,45.8983,0.0,0.0,60,1.0,10,1.0
010_R201,10,R,1,7,OPTIMAL,11.9123,1,0,0,0,1,0.0,0.0,0.0,11.9123,60,1.0,10,1.0
010_R201,10,R,1,8,OPTIMAL,51.4399,1,1,1,0,0,1.0,51.4399,0.0,0.0,60,1.0,10,1.0
010_R201,10,R,1,9,OPTIMAL,21.5022,1,1,1,0,0,1.0,21.5022,0.0,0.0,60,1.0,10,1.0
010_R201,10,R,2,0,OPTIMAL,114.7517,2,2,2,0,0,1.0,114.7517,0.0,0.0,60,1.0,10,1.0
010_R201,10,R,2,1,OPTIMAL,69.7922,2,2,2,0,0,1.0,69.7922,0.0,0.0,60,1.0,10,1.0
010_R201,10,R,2,2,OPTIMAL,88.2085,2,2,2,0,0,1.0,88.2085,0.0,0.0,60,1.0,10,1.0
010_R201,10,R,2,3,OPTIMAL,45.9442,2,1,1,0,1,0.5,32.8051,0.0,13.1392,60,1.0,10,1.0
010_R201,10,R,2,4,OPTIMAL,115.7916,2,2,2,0,0,1.0,115.7916,0.0,0.0,60,1.0,10,1.0
010_R201,10,R,2,5,OPTIMAL,112.4128,2,2,2,0,0,1.0,112.4128,0.0,0.0,60,1.0,10,1.0
010_R201,10,R,2,6,OPTIMAL,61.9569,2,2,2,0,0,1.0,61.9569,0.0,0.0,60,1.0,10,1.0
010_R201,10,R,2,7,OPTIMAL,85.1514,2,2,2,0,0,1.0,85.1514,0.0,0.0,60,1.0,10,1.0
010_R201,10,R,2,8,OPTIMAL,54.6941,2,1,1,0,1,0.5,39.8135,0.0,14.8806,60,1.0,10,1.0
010_R201,10,R,2,9,OPTIMAL,54.4731,2,1,1,0,1,0.5,47.9089,0.0,6.5642,60,1.0,10,1.0
010_R201,10,R,3,0,OPTIMAL,164.3458,3,3,3,0,0,1.0,164.3458,0.0,0.0,60,1.0,10,1.0
010_R201,10,R,3,1,OPTIMAL,150.7441,3,3,3,0,0,1.0,150.7441,0.0,0.0,60,1.0,10,1.0
010_R201,10,R,3,2,OPTIMAL,156.2027,3,3,3,0,0,1.0,156.2027,0.0,0.0,60,1.0,10,1.0
010_R201,10,R,3,3,OPTIMAL,142.9061,3,3,3,0,0,1.0,142.9061,0.0,0.0,60,1.0,10,1.0
010_R201,10,R,3,4,OPTIMAL,128.2635,3,3,3,0,0,1.0,128.2635,0.0,0.0,60,1.0,10,1.0
010_R201,10,R,3,5,OPTIMAL,135.0315,3,3,3,0,0,1.0,135.0315,0.0,0.0,60,1.0,10,1.0
010_R201,10,R,3,6,OPTIMAL,121.404,3,2,2,0,1,0.6667,82.9312,0.0,38.4728,60,1.0,10,1.0
010_R201,10,R,3,7,OPTIMAL,106.6859,3,3,3,0,0,1.0,106.6859,0.0,0.0,60,1.0,10,1.0
010_R201,10,R,3,8,OPTIMAL,113.954,3,3,3,0,0,1.0,113.954,0.0,0.0,60,1.0,10,1.0
010_R201,10,R,3,9,OPTIMAL,90.207,3,2,2,0,1,0.6667,71.4382,0.0,18.7688,60,1.0,10,1.0
010_R202,10,R,1,0,OPTIMAL,41.1434,1,1,1,0,0,1.0,41.1434,0.0,0.0,60,1.0,10,1.0
010_R202,10,R,1,1,OPTIMAL,35.8862,1,1,1,0,0,1.0,35.8862,0.0,0.0,60,1.0,10,1.0
010_R202,10,R,1,2,OPTIMAL,19.3566,1,1,1,0,0,1.0,19.3566,0.0,0.0,60,1.0,10,1.0
010_R202,10,R,1,3,OPTIMAL,34.2432,1,1,1,0,0,1.0,34.2432,0.0,0.0,60,1.0,10,1.0
010_R202,10,R,1,4,OPTIMAL,65.5951,1,1,1,0,0,1.0,65.5951,0.0,0.0,60,1.0,10,1.0
010_R202,10,R,1,5,OPTIMAL,33.4191,1,1,1,0,0,1.0,33.4191,0.0,0.0,60,1.0,10,1.0
010_R202,10,R,1,6,OPTIMAL,45.8983,1,1,1,0,0,1.0,45.8983,0.0,0.0,60,1.0,10,1.0
010_R202,10,R,1,7,OPTIMAL,11.9123,1,0,0,0,1,0.0,0.0,0.0,11.9123,60,1.0,10,1.0
010_R202,10,R,1,8,OPTIMAL,51.4399,1,1,1,0,0,1.0,51.4399,0.0,0.0,60,1.0,10,1.0
010_R202,10,R,1,9,OPTIMAL,21.5022,1,1,1,0,0,1.0,21.5022,0.0,0.0,60,1.0,10,1.0
010_R202,10,R,2,0,OPTIMAL,114.7517,2,2,2,0,0,1.0,114.7517,0.0,0.0,60,1.0,10,1.0
010_R202,10,R,2,1,OPTIMAL,69.7922,2,2,2,0,0,1.0,69.7922,0.0,0.0,60,1.0,10,1.0
010_R202,10,R,2,2,OPTIMAL,88.2085,2,2,2,0,0,1.0,88.2085,0.0,0.0,60,1.0,10,1.0
010_R202,10,R,2,3,OPTIMAL,45.9442,2,1,1,0,1,0.5,32.8051,0.0,13.1392,60,1.0,10,1.0
010_R202,10,R,2,4,OPTIMAL,115.7916,2,2,2,0,0,1.0,115.7916,0.0,0.0,60,1.0,10,1.0
010_R202,10,R,2,5,OPTIMAL,112.4128,2,2,2,0,0,1.0,112.4128,0.0,0.0,60,1.0,10,1.0
010_R202,10,R,2,6,OPTIMAL,61.9569,2,2,2,0,0,1.0,61.9569,0.0,0.0,60,1.0,10,1.0
010_R202,10,R,2,7,OPTIMAL,85.1514,2,2,2,0,0,1.0,85.1514,0.0,0.0,60,1.0,10,1.0
010_R202,10,R,2,8,OPTIMAL,67.2657,2,2,2,0,0,1.0,67.2657,0.0,0.0,60,1.0,10,1.0
010_R202,10,R,2,9,OPTIMAL,54.4731,2,1,1,0,1,0.5,47.9089,0.0,6.5642,60,1.0,10,1.0
010_R202,10,R,3,0,OPTIMAL,164.3458,3,3,3,0,0,1.0,164.3458,0.0,0.0,60,1.0,10,1.0
010_R202,10,R,3,1,OPTIMAL,150.7441,3,3,3,0,0,1.0,150.7441,0.0,0.0,60,1.0,10,1.0
010_R202,10,R,3,2,OPTIMAL,156.2027,3,3,3,0,0,1.0,156.2027,0.0,0.0,60,1.0,10,1.0
010_R202,10,R,3,3,OPTIMAL,119.6307,3,2,2,0,1,0.6667,101.6791,0.0,17.9516,60,1.0,10,1.0
010_R202,10,R,3,4,OPTIMAL,128.2635,3,3,3,0,0,1.0,128.2635,0.0,0.0,60,1.0,10,1.0
010_R202,10,R,3,5,OPTIMAL,135.0315,3,3,3,0,0,1.0,135.0315,0.0,0.0,60,1.0,10,1.0
010_R202,10,R,3,6,OPTIMAL,121.9355,3,3,3,0,0,1.0,121.9355,0.0,0.0,60,1.0,10,1.0
010_R202,10,R,3,7,OPTIMAL,106.6859,3,3,3,0,0,1.0,106.6859,0.0,0.0,60,1.0,10,1.0
010_R202,10,R,3,8,OPTIMAL,113.954,3,3,3,0,0,1.0,113.954,0.0,0.0,60,1.0,10,1.0
010_R202,10,R,3,9,OPTIMAL,106.5028,3,3,3,0,0,1.0,106.5028,0.0,0.0,60,1.0,10,1.0
010_R203,10,R,1,0,OPTIMAL,41.1434,1,1,1,0,0,1.0,41.1434,0.0,0.0,60,1.0,10,1.0
010_R203,10,R,1,1,OPTIMAL,35.8862,1,1,1,0,0,1.0,35.8862,0.0,0.0,60,1.0,10,1.0
010_R203,10,R,1,2,OPTIMAL,19.3566,1,1,1,0,0,1.0,19.3566,0.0,0.0,60,1.0,10,1.0
010_R203,10,R,1,3,OPTIMAL,34.2432,1,1,1,0,0,1.0,34.2432,0.0,0.0,60,1.0,10,1.0
010_R203,10,R,1,4,OPTIMAL,65.5951,1,1,1,0,0,1.0,65.5951,0.0,0.0,60,1.0,10,1.0
010_R203,10,R,1,5,OPTIMAL,33.4191,1,1,1,0,0,1.0,33.4191,0.0,0.0,60,1.0,10,1.0
010_R203,10,R,1,6,OPTIMAL,45.8983,1,1,1,0,0,1.0,45.8983,0.0,0.0,60,1.0,10,1.0
010_R203,10,R,1,7,OPTIMAL,11.9123,1,0,0,0,1,0.0,0.0,0.0,11.9123,60,1.0,10,1.0
010_R203,10,R,1,8,OPTIMAL,51.4399,1,1,1,0,0,1.0,51.4399,0.0,0.0,60,1.0,10,1.0
010_R203,10,R,1,9,OPTIMAL,21.5022,1,1,1,0,0,1.0,21.5022,0.0,0.0,60,1.0,10,1.0
010_R203,10,R,2,0,OPTIMAL,114.7517,2,2,2,0,0,1.0,114.7517,0.0,0.0,60,1.0,10,1.0
010_R203,10,R,2,1,OPTIMAL,69.7922,2,2,2,0,0,1.0,69.7922,0.0,0.0,60,1.0,10,1.0
010_R203,10,R,2,2,OPTIMAL,88.2085,2,2,2,0,0,1.0,88.2085,0.0,0.0,60,1.0,10,1.0
010_R203,10,R,2,3,OPTIMAL,45.9442,2,1,1,0,1,0.5,32.8051,0.0,13.1392,60,1.0,10,1.0
010_R203,10,R,2,4,OPTIMAL,115.7916,2,2,2,0,0,1.0,115.7916,0.0,0.0,60,1.0,10,1.0
010_R203,10,R,2,5,OPTIMAL,112.4128,2,2,2,0,0,1.0,112.4128,0.0,0.0,60,1.0,10,1.0
010_R203,10,R,2,6,OPTIMAL,61.9569,2,2,2,0,0,1.0,61.9569,0.0,0.0,60,1.0,10,1.0
010_R203,10,R,2,7,OPTIMAL,85.1514,2,2,2,0,0,1.0,85.1514,0.0,0.0,60,1.0,10,1.0
010_R203,10,R,2,8,OPTIMAL,67.2657,2,2,2,0,0,1.0,67.2657,0.0,0.0,60,1.0,10,1.0
010_R203,10,R,2,9,OPTIMAL,54.4731,2,1,1,0,1,0.5,47.9089,0.0,6.5642,60,1.0,10,1.0
010_R203,10,R,3,0,OPTIMAL,164.3458,3,3,3,0,0,1.0,164.3458,0.0,0.0,60,1.0,10,1.0
010_R203,10,R,3,1,OPTIMAL,150.7441,3,3,3,0,0,1.0,150.7441,0.0,0.0,60,1.0,10,1.0
010_R203,10,R,3,2,OPTIMAL,156.2027,3,3,3,0,0,1.0,156.2027,0.0,0.0,60,1.0,10,1.0
010_R203,10,R,3,3,OPTIMAL,119.6307,3,2,2,0,1,0.6667,101.6791,0.0,17.9516,60,1.0,10,1.0
010_R203,10,R,3,4,OPTIMAL,128.2635,3,3,3,0,0,1.0,128.2635,0.0,0.0,60,1.0,10,1.0
010_R203,10,R,3,5,OPTIMAL,135.0315,3,3,3,0,0,1.0,135.0315,0.0,0.0,60,1.0,10,1.0
010_R203,10,R,3,6,OPTIMAL,121.9355,3,3,3,0,0,1.0,121.9355,0.0,0.0,60,1.0,10,1.0
010_R203,10,R,3,7,OPTIMAL,106.6859,3,3,3,0,0,1.0,106.6859,0.0,0.0,60,1.0,10,1.0
010_R203,10,R,3,8,OPTIMAL,113.954,3,3,3,0,0,1.0,113.954,0.0,0.0,60,1.0,10,1.0
010_R203,10,R,3,9,OPTIMAL,106.5028,3,3,3,0,0,1.0,106.5028,0.0,0.0,60,1.0,10,1.0
010_R204,10,R,1,0,OPTIMAL,41.1434,1,1,1,0,0,1.0,41.1434,0.0,0.0,60,1.0,10,1.0
010_R204,10,R,1,1,OPTIMAL,35.8862,1,1,1,0,0,1.0,35.8862,0.0,0.0,60,1.0,10,1.0
010_R204,10,R,1,2,OPTIMAL,19.3566,1,1,1,0,0,1.0,19.3566,0.0,0.0,60,1.0,10,1.0
010_R204,10,R,1,3,OPTIMAL,34.2432,1,1,1,0,0,1.0,34.2432,0.0,0.0,60,1.0,10,1.0
010_R204,10,R,1,4,OPTIMAL,65.5951,1,1,1,0,0,1.0,65.5951,0.0,0.0,60,1.0,10,1.0
010_R204,10,R,1,5,OPTIMAL,33.4191,1,1,1,0,0,1.0,33.4191,0.0,0.0,60,1.0,10,1.0
010_R204,10,R,1,6,OPTIMAL,45.8983,1,1,1,0,0,1.0,45.8983,0.0,0.0,60,1.0,10,1.0
010_R204,10,R,1,7,OPTIMAL,43.9147,1,1,1,0,0,1.0,43.9147,0.0,0.0,60,1.0,10,1.0
010_R204,10,R,1,8,OPTIMAL,51.4399,1,1,1,0,0,1.0,51.4399,0.0,0.0,60,1.0,10,1.0
010_R204,10,R,1,9,OPTIMAL,21.5022,1,1,1,0,0,1.0,21.5022,0.0,0.0,60,1.0,10,1.0
010_R204,10,R,2,0,OPTIMAL,114.7517,2,2,2,0,0,1.0,114.7517,0.0,0.0,60,1.0,10,1.0
010_R204,10,R,2,1,OPTIMAL,69.7922,2,2,2,0,0,1.0,69.7922,0.0,0.0,60,1.0,10,1.0
010_R204,10,R,2,2,OPTIMAL,88.2085,2,2,2,0,0,1.0,88.2085,0.0,0.0,60,1.0,10,1.0
010_R204,10,R,2,3,OPTIMAL,80.8709,2,2,2,0,0,1.0,80.8709,0.0,0.0,60,1.0,10,1.0
010_R204,10,R,2,4,OPTIMAL,115.7916,2,2,2,0,0,1.0,115.7916,0.0,0.0,60,1.0,10,1.0
010_R204,10,R,2,5,OPTIMAL,112.4128,2,2,2,0,0,1.0,112.4128,0.0,0.0,60,1.0,10,1.0
010_R204,10,R,2,6,OPTIMAL,61.9569,2,2,2,0,0,1.0,61.9569,0.0,0.0,60,1.0,10,1.0
010_R204,10,R,2,7,OPTIMAL,85.1514,2,2,2,0,0,1.0,85.1514,0.0,0.0,60,1.0,10,1.0
010_R204,10,R,2,8,OPTIMAL,67.2657,2,2,2,0,0,1.0,67.2657,0.0,0.0,60,1.0,10,1.0
010_R204,10,R,2,9,OPTIMAL,54.4731,2,1,1,0,1,0.5,47.9089,0.0,6.5642,60,1.0,10,1.0
010_R204,10,R,3,0,OPTIMAL,164.3458,3,3,3,0,0,1.0,164.3458,0.0,0.0,60,1.0,10,1.0
010_R204,10,R,3,1,OPTIMAL,150.7441,3,3,3,0,0,1.0,150.7441,0.0,0.0,60,1.0,10,1.0
010_R204,10,R,3,2,OPTIMAL,156.2027,3,3,3,0,0,1.0,156.2027,0.0,0.0,60,1.0,10,1.0
010_R204,10,R,3,3,OPTIMAL,142.9061,3,3,3,0,0,1.0,142.9061,0.0,0.0,60,1.0,10,1.0
010_R204,10,R,3,4,OPTIMAL,128.2635,3,3,3,0,0,1.0,128.2635,0.0,0.0,60,1.0,10,1.0
010_R204,10,R,3,5,OPTIMAL,135.0315,3,3,3,0,0,1.0,135.0315,0.0,0.0,60,1.0,10,1.0
010_R204,10,R,3,6,OPTIMAL,121.9355,3,3,3,0,0,1.0,121.9355,0.0,0.0,60,1.0,10,1.0
010_R204,10,R,3,7,OPTIMAL,106.6859,3,3,3,0,0,1.0,106.6859,0.0,0.0,60,1.0,10,1.0
010_R204,10,R,3,8,OPTIMAL,113.954,3,3,3,0,0,1.0,113.954,0.0,0.0,60,1.0,10,1.0
010_R204,10,R,3,9,OPTIMAL,75.3472,3,2,2,0,1,0.6667,74.2535,0.0,1.0937,60,1.0,10,1.0
010_R205,10,R,1,0,OPTIMAL,41.1434,1,1,1,0,0,1.0,41.1434,0.0,0.0,60,1.0,10,1.0
010_R205,10,R,1,1,OPTIMAL,35.8862,1,1,1,0,0,1.0,35.8862,0.0,0.0,60,1.0,10,1.0
010_R205,10,R,1,2,OPTIMAL,19.3566,1,1,1,0,0,1.0,19.3566,0.0,0.0,60,1.0,10,1.0
010_R205,10,R,1,3,OPTIMAL,34.2432,1,1,1,0,0,1.0,34.2432,0.0,0.0,60,1.0,10,1.0
010_R205,10,R,1,4,OPTIMAL,65.5951,1,1,1,0,0,1.0,65.5951,0.0,0.0,60,1.0,10,1.0
010_R205,10,R,1,5,OPTIMAL,33.4191,1,1,1,0,0,1.0,33.4191,0.0,0.0,60,1.0,10,1.0
010_R205,10,R,1,6,OPTIMAL,45.8983,1,1,1,0,0,1.0,45.8983,0.0,0.0,60,1.0,10,1.0
010_R205,10,R,1,7,OPTIMAL,43.9147,1,1,1,0,0,1.0,43.9147,0.0,0.0,60,1.0,10,1.0
010_R205,10,R,1,8,OPTIMAL,51.4399,1,1,1,0,0,1.0,51.4399,0.0,0.0,60,1.0,10,1.0
010_R205,10,R,1,9,OPTIMAL,8.7097,1,0,0,0,1,0.0,0.0,0.0,8.7097,60,1.0,10,1.0
010_R205,10,R,2,0,OPTIMAL,114.7517,2,2,2,0,0,1.0,114.7517,0.0,0.0,60,1.0,10,1.0
010_R205,10,R,2,1,OPTIMAL,69.7922,2,2,2,0,0,1.0,69.7922,0.0,0.0,60,1.0,10,1.0
010_R205,10,R,2,2,OPTIMAL,88.2085,2,2,1,1,0,1.0,88.2085,0.0,0.0,60,1.0,10,1.0
010_R205,10,R,2,3,OPTIMAL,80.8709,2,2,2,0,0,1.0,80.8709,0.0,0.0,60,1.0,10,1.0
010_R205,10,R,2,4,OPTIMAL,115.7916,2,2,2,0,0,1.0,115.7916,0.0,0.0,60,1.0,10,1.0
010_R205,10,R,2,5,OPTIMAL,112.4128,2,2,2,0,0,1.0,112.4128,0.0,0.0,60,1.0,10,1.0
010_R205,10,R,2,6,OPTIMAL,61.9569,2,2,2,0,0,1.0,61.9569,0.0,0.0,60,1.0,10,1.0
010_R205,10,R,2,7,OPTIMAL,85.1514,2,2,2,0,0,1.0,85.1514,0.0,0.0,60,1.0,10,1.0
010_R205,10,R,2,8,OPTIMAL,40.0113,2,1,1,0,1,0.5,39.8135,0.0,0.1978,60,1.0,10,1.0
010_R205,10,R,2,9,OPTIMAL,92.2245,2,2,2,0,0,1.0,92.2245,0.0,0.0,60,1.0,10,1.0
010_R205,10,R,3,0,OPTIMAL,164.3458,3,3,3,0,0,1.0,164.3458,0.0,0.0,60,1.0,10,1.0
010_R205,10,R,3,1,OPTIMAL,150.7441,3,3,3,0,0,1.0,150.7441,0.0,0.0,60,1.0,10,1.0
010_R205,10,R,3,2,OPTIMAL,156.2027,3,3,2,1,0,1.0,156.2027,0.0,0.0,60,1.0,10,1.0
010_R205,10,R,3,3,OPTIMAL,142.9061,3,3,3,0,0,1.0,142.9061,0.0,0.0,60,1.0,10,1.0
010_R205,10,R,3,4,OPTIMAL,128.2635,3,3,3,0,0,1.0,128.2635,0.0,0.0,60,1.0,10,1.0
010_R205,10,R,3,5,OPTIMAL,96.4453,3,2,2,0,1,0.6667,96.4305,0.0,0.0148,60,1.0,10,1.0
010_R205,10,R,3,6,OPTIMAL,121.9355,3,3,3,0,0,1.0,121.9355,0.0,0.0,60,1.0,10,1.0
010_R205,10,R,3,7,OPTIMAL,106.6859,3,3,3,0,0,1.0,106.6859,0.0,0.0,60,1.0,10,1.0
010_R205,10,R,3,8,OPTIMAL,113.954,3,3,3,0,0,1.0,113.954,0.0,0.0,60,1.0,10,1.0
010_R205,10,R,3,9,OPTIMAL,106.5028,3,3,3,0,0,1.0,106.5028,0.0,0.0,60,1.0,10,1.0
010_R206,10,R,1,0,OPTIMAL,41.1434,1,1,1,0,0,1.0,41.1434,0.0,0.0,60,1.0,10,1.0
010_R206,10,R,1,1,OPTIMAL,35.8862,1,1,1,0,0,1.0,35.8862,0.0,0.0,60,1.0,10,1.0
010_R206,10,R,1,2,OPTIMAL,19.3566,1,1,1,0,0,1.0,19.3566,0.0,0.0,60,1.0,10,1.0
010_R206,10,R,1,3,OPTIMAL,34.2432,1,1,1,0,0,1.0,34.2432,0.0,0.0,60,1.0,10,1.0
010_R206,10,R,1,4,OPTIMAL,65.5951,1,1,1,0,0,1.0,65.5951,0.0,0.0,60,1.0,10,1.0
010_R206,10,R,1,5,OPTIMAL,33.4191,1,1,1,0,0,1.0,33.4191,0.0,0.0,60,1.0,10,1.0
010_R206,10,R,1,6,OPTIMAL,45.8983,1,1,1,0,0,1.0,45.8983,0.0,0.0,60,1.0,10,1.0
010_R206,10,R,1,7,OPTIMAL,43.9147,1,1,1,0,0,1.0,43.9147,0.0,0.0,60,1.0,10,1.0
010_R206,10,R,1,8,OPTIMAL,51.4399,1,1,1,0,0,1.0,51.4399,0.0,0.0,60,1.0,10,1.0
010_R206,10,R,1,9,OPTIMAL,21.5022,1,1,1,0,0,1.0,21.5022,0.0,0.0,60,1.0,10,1.0
010_R206,10,R,2,0,OPTIMAL,114.7517,2,2,2,0,0,1.0,114.7517,0.0,0.0,60,1.0,10,1.0
010_R206,10,R,2,1,OPTIMAL,69.7922,2,2,2,0,0,1.0,69.7922,0.0,0.0,60,1.0,10,1.0
010_R206,10,R,2,2,OPTIMAL,88.2085,2,2,1,1,0,1.0,88.2085,0.0,0.0,60,1.0,10,1.0
010_R206,10,R,2,3,OPTIMAL,80.8709,2,2,2,0,0,1.0,80.8709,0.0,0.0,60,1.0,10,1.0
010_R206,10,R,2,4,OPTIMAL,115.7916,2,2,2,0,0,1.0,115.7916,0.0,0.0,60,1.0,10,1.0
010_R206,10,R,2,5,OPTIMAL,112.4128,2,2,2,0,0,1.0,112.4128,0.0,0.0,60,1.0,10,1.0
010_R206,10,R,2,6,OPTIMAL,61.9569,2,2,2,0,0,1.0,61.9569,0.0,0.0,60,1.0,10,1.0
010_R206,10,R,2,7,OPTIMAL,85.1514,2,2,2,0,0,1.0,85.1514,0.0,0.0,60,1.0,10,1.0
010_R206,10,R,2,8,OPTIMAL,40.0113,2,1,1,0,1,0.5,39.8135,0.0,0.1978,60,1.0,10,1.0
010_R206,10,R,2,9,OPTIMAL,92.2245,2,2,2,0,0,1.0,92.2245,0.0,0.0,60,1.0,10,1.0
010_R206,10,R,3,0,OPTIMAL,164.3458,3,3,3,0,0,1.0,164.3458,0.0,0.0,60,1.0,10,1.0
010_R206,10,R,3,1,OPTIMAL,150.7441,3,3,3,0,0,1.0,150.7441,0.0,0.0,60,1.0,10,1.0
010_R206,10,R,3,2,OPTIMAL,156.2027,3,3,2,1,0,1.0,156.2027,0.0,0.0,60,1.0,10,1.0
010_R206,10,R,3,3,OPTIMAL,103.9791,3,2,2,0,1,0.6667,101.6791,0.0,2.3001,60,1.0,10,1.0
010_R206,10,R,3,4,OPTIMAL,128.2635,3,3,3,0,0,1.0,128.2635,0.0,0.0,60,1.0,10,1.0
010_R206,10,R,3,5,OPTIMAL,135.0315,3,3,3,0,0,1.0,135.0315,0.0,0.0,60,1.0,10,1.0
010_R206,10,R,3,6,OPTIMAL,121.9355,3,3,3,0,0,1.0,121.9355,0.0,0.0,60,1.0,10,1.0
010_R206,10,R,3,7,OPTIMAL,106.6859,3,3,3,0,0,1.0,106.6859,0.0,0.0,60,1.0,10,1.0
010_R206,10,R,3,8,OPTIMAL,113.954,3,3,3,0,0,1.0,113.954,0.0,0.0,60,1.0,10,1.0
010_R206,10,R,3,9,OPTIMAL,94.5048,3,2,2,0,1,0.6667,74.2535,0.0,20.2513,60,1.0,10,1.0
010_R207,10,R,1,0,OPTIMAL,41.1434,1,1,1,0,0,1.0,41.1434,0.0,0.0,60,1.0,10,1.0
010_R207,10,R,1,1,OPTIMAL,35.8862,1,1,1,0,0,1.0,35.8862,0.0,0.0,60,1.0,10,1.0
010_R207,10,R,1,2,OPTIMAL,19.3566,1,1,1,0,0,1.0,19.3566,0.0,0.0,60,1.0,10,1.0
010_R207,10,R,1,3,OPTIMAL,34.2432,1,1,1,0,0,1.0,34.2432,0.0,0.0,60,1.0,10,1.0
010_R207,10,R,1,4,OPTIMAL,65.5951,1,1,1,0,0,1.0,65.5951,0.0,0.0,60,1.0,10,1.0
010_R207,10,R,1,5,OPTIMAL,33.4191,1,1,1,0,0,1.0,33.4191,0.0,0.0,60,1.0,10,1.0
010_R207,10,R,1,6,OPTIMAL,45.8983,1,1,1,0,0,1.0,45.8983,0.0,0.0,60,1.0,10,1.0
010_R207,10,R,1,7,OPTIMAL,43.9147,1,1,1,0,0,1.0,43.9147,0.0,0.0,60,1.0,10,1.0
010_R207,10,R,1,8,OPTIMAL,51.4399,1,1,1,0,0,1.0,51.4399,0.0,0.0,60,1.0,10,1.0
010_R207,10,R,1,9,OPTIMAL,21.5022,1,1,1,0,0,1.0,21.5022,0.0,0.0,60,1.0,10,1.0
010_R207,10,R,2,0,OPTIMAL,114.7517,2,2,2,0,0,1.0,114.7517,0.0,0.0,60,1.0,10,1.0
010_R207,10,R,2,1,OPTIMAL,69.7922,2,2,2,0,0,1.0,69.7922,0.0,0.0,60,1.0,10,1.0
010_R207,10,R,2,2,OPTIMAL,88.2085,2,2,1,1,0,1.0,88.2085,0.0,0.0,60,1.0,10,1.0
010_R207,10,R,2,3,OPTIMAL,80.8709,2,2,2,0,0,1.0,80.8709,0.0,0.0,60,1.0,10,1.0
010_R207,10,R,2,4,OPTIMAL,115.7916,2,2,2,0,0,1.0,115.7916,0.0,0.0,60,1.0,10,1.0
010_R207,10,R,2,5,OPTIMAL,112.4128,2,2,2,0,0,1.0,112.4128,0.0,0.0,60,1.0,10,1.0
010_R207,10,R,2,6,OPTIMAL,61.9569,2,2,2,0,0,1.0,61.9569,0.0,0.0,60,1.0,10,1.0
010_R207,10,R,2,7,OPTIMAL,85.1514,2,2,2,0,0,1.0,85.1514,0.0,0.0,60,1.0,10,1.0
010_R207,10,R,2,8,OPTIMAL,40.0113,2,1,1,0,1,0.5,39.8135,0.0,0.1978,60,1.0,10,1.0
010_R207,10,R,2,9,OPTIMAL,92.2245,2,2,2,0,0,1.0,92.2245,0.0,0.0,60,1.0,10,1.0
010_R207,10,R,3,0,OPTIMAL,164.3458,3,3,3,0,0,1.0,164.3458,0.0,0.0,60,1.0,10,1.0
010_R207,10,R,3,1,OPTIMAL,150.7441,3,3,3,0,0,1.0,150.7441,0.0,0.0,60,1.0,10,1.0
010_R207,10,R,3,2,OPTIMAL,156.2027,3,3,2,1,0,1.0,156.2027,0.0,0.0,60,1.0,10,1.0
010_R207,10,R,3,3,OPTIMAL,103.9791,3,2,2,0,1,0.6667,101.6791,0.0,2.3001,60,1.0,10,1.0
010_R207,10,R,3,4,OPTIMAL,128.2635,3,3,3,0,0,1.0,128.2635,0.0,0.0,60,1.0,10,1.0
010_R207,10,R,3,5,OPTIMAL,135.0315,3,3,3,0,0,1.0,135.0315,0.0,0.0,60,1.0,10,1.0
010_R207,10,R,3,6,OPTIMAL,121.9355,3,3,3,0,0,1.0,121.9355,0.0,0.0,60,1.0,10,1.0
010_R207,10,R,3,7,OPTIMAL,106.6859,3,3,3,0,0,1.0,106.6859,0.0,0.0,60,1.0,10,1.0
010_R207,10,R,3,8,OPTIMAL,113.954,3,3,3,0,0,1.0,113.954,0.0,0.0,60,1.0,10,1.0
010_R207,10,R,3,9,OPTIMAL,94.5048,3,2,2,0,1,0.6667,74.2535,0.0,20.2513,60,1.0,10,1.0
010_R208,10,R,1,0,OPTIMAL,41.1434,1,1,1,0,0,1.0,41.1434,0.0,0.0,60,1.0,10,1.0
010_R208,10,R,1,1,OPTIMAL,35.8862,1,1,1,0,0,1.0,35.8862,0.0,0.0,60,1.0,10,1.0
010_R208,10,R,1,2,OPTIMAL,19.3566,1,1,1,0,0,1.0,19.3566,0.0,0.0,60,1.0,10,1.0
010_R208,10,R,1,3,OPTIMAL,34.2432,1,1,1,0,0,1.0,34.2432,0.0,0.0,60,1.0,10,1.0
010_R208,10,R,1,4,OPTIMAL,65.5951,1,1,1,0,0,1.0,65.5951,0.0,0.0,60,1.0,10,1.0
010_R208,10,R,1,5,OPTIMAL,33.4191,1,1,1,0,0,1.0,33.4191,0.0,0.0,60,1.0,10,1.0
010_R208,10,R,1,6,OPTIMAL,45.8983,1,1,1,0,0,1.0,45.8983,0.0,0.0,60,1.0,10,1.0
010_R208,10,R,1,7,OPTIMAL,43.9147,1,1,1,0,0,1.0,43.9147,0.0,0.0,60,1.0,10,1.0
010_R208,10,R,1,8,OPTIMAL,51.4399,1,1,1,0,0,1.0,51.4399,0.0,0.0,60,1.0,10,1.0
010_R208,10,R,1,9,OPTIMAL,21.5022,1,1,1,0,0,1.0,21.5022,0.0,0.0,60,1.0,10,1.0
010_R208,10,R,2,0,OPTIMAL,114.7517,2,2,2,0,0,1.0,114.7517,0.0,0.0,60,1.0,10,1.0
010_R208,10,R,2,1,OPTIMAL,69.7922,2,2,2,0,0,1.0,69.7922,0.0,0.0,60,1.0,10,1.0
010_R208,10,R,2,2,OPTIMAL,88.2085,2,2,1,1,0,1.0,88.2085,0.0,0.0,60,1.0,10,1.0
010_R208,10,R,2,3,OPTIMAL,80.8709,2,2,2,0,0,1.0,80.8709,0.0,0.0,60,1.0,10,1.0
010_R208,10,R,2,4,OPTIMAL,115.7916,2,2,2,0,0,1.0,115.7916,0.0,0.0,60,1.0,10,1.0
010_R208,10,R,2,5,OPTIMAL,112.4128,2,2,2,0,0,1.0,112.4128,0.0,0.0,60,1.0,10,1.0
010_R208,10,R,2,6,OPTIMAL,61.9569,2,2,2,0,0,1.0,61.9569,0.0,0.0,60,1.0,10,1.0
010_R208,10,R,2,7,OPTIMAL,85.1514,2,2,2,0,0,1.0,85.1514,0.0,0.0,60,1.0,10,1.0
010_R208,10,R,2,8,OPTIMAL,67.2657,2,2,1,1,0,1.0,67.2657,0.0,0.0,60,1.0,10,1.0
010_R208,10,R,2,9,OPTIMAL,92.2245,2,2,2,0,0,1.0,92.2245,0.0,0.0,60,1.0,10,1.0
010_R208,10,R,3,0,OPTIMAL,164.3458,3,3,3,0,0,1.0,164.3458,0.0,0.0,60,1.0,10,1.0
010_R208,10,R,3,1,OPTIMAL,150.7441,3,3,3,0,0,1.0,150.7441,0.0,0.0,60,1.0,10,1.0
010_R208,10,R,3,2,OPTIMAL,156.2027,3,3,2,1,0,1.0,156.2027,0.0,0.0,60,1.0,10,1.0
010_R208,10,R,3,3,OPTIMAL,142.9061,3,3,3,0,0,1.0,142.9061,0.0,0.0,60,1.0,10,1.0
010_R208,10,R,3,4,OPTIMAL,128.2635,3,3,3,0,0,1.0,128.2635,0.0,0.0,60,1.0,10,1.0
010_R208,10,R,3,5,OPTIMAL,135.0315,3,3,3,0,0,1.0,135.0315,0.0,0.0,60,1.0,10,1.0
010_R208,10,R,3,6,OPTIMAL,121.9355,3,3,3,0,0,1.0,121.9355,0.0,0.0,60,1.0,10,1.0
010_R208,10,R,3,7,OPTIMAL,106.6859,3,3,3,0,0,1.0,106.6859,0.0,0.0,60,1.0,10,1.0
010_R208,10,R,3,8,OPTIMAL,113.954,3,3,3,0,0,1.0,113.954,0.0,0.0,60,1.0,10,1.0
010_R208,10,R,3,9,OPTIMAL,75.3472,3,2,2,0,1,0.6667,74.2535,0.0,1.0937,60,1.0,10,1.0
010_R209,10,R,1,0,OPTIMAL,41.1434,1,1,1,0,0,1.0,41.1434,0.0,0.0,60,1.0,10,1.0
010_R209,10,R,1,1,OPTIMAL,35.8862,1,1,1,0,0,1.0,35.8862,0.0,0.0,60,1.0,10,1.0
010_R209,10,R,1,2,OPTIMAL,19.3566,1,1,1,0,0,1.0,19.3566,0.0,0.0,60,1.0,10,1.0
010_R209,10,R,1,3,OPTIMAL,34.2432,1,1,1,0,0,1.0,34.2432,0.0,0.0,60,1.0,10,1.0
010_R209,10,R,1,4,OPTIMAL,65.5951,1,1,1,0,0,1.0,65.5951,0.0,0.0,60,1.0,10,1.0
010_R209,10,R,1,5,OPTIMAL,33.4191,1,1,1,0,0,1.0,33.4191,0.0,0.0,60,1.0,10,1.0
010_R209,10,R,1,6,OPTIMAL,45.8983,1,1,1,0,0,1.0,45.8983,0.0,0.0,60,1.0,10,1.0
010_R209,10,R,1,7,OPTIMAL,43.9147,1,1,1,0,0,1.0,43.9147,0.0,0.0,60,1.0,10,1.0
010_R209,10,R,1,8,OPTIMAL,51.4399,1,1,1,0,0,1.0,51.4399,0.0,0.0,60,1.0,10,1.0
010_R209,10,R,1,9,OPTIMAL,1.0304,1,0,0,0,1,0.0,0.0,0.0,1.0304,60,1.0,10,1.0
010_R209,10,R,2,0,OPTIMAL,114.7517,2,2,2,0,0,1.0,114.7517,0.0,0.0,60,1.0,10,1.0
010_R209,10,R,2,1,OPTIMAL,69.7922,2,2,2,0,0,1.0,69.7922,0.0,0.0,60,1.0,10,1.0
010_R209,10,R,2,2,OPTIMAL,88.2085,2,2,2,0,0,1.0,88.2085,0.0,0.0,60,1.0,10,1.0
010_R209,10,R,2,3,OPTIMAL,80.8709,2,2,2,0,0,1.0,80.8709,0.0,0.0,60,1.0,10,1.0
010_R209,10,R,2,4,OPTIMAL,115.7916,2,2,2,0,0,1.0,115.7916,0.0,0.0,60,1.0,10,1.0
010_R209,10,R,2,5,OPTIMAL,112.4128,2,2,2,0,0,1.0,112.4128,0.0,0.0,60,1.0,10,1.0
010_R209,10,R,2,6,OPTIMAL,61.9569,2,2,2,0,0,1.0,61.9569,0.0,0.0,60,1.0,10,1.0
010_R209,10,R,2,7,OPTIMAL,83.6334,2,1,1,0,1,0.5,57.9093,0.0,25.7241,60,1.0,10,1.0
010_R209,10,R,2,8,OPTIMAL,67.2657,2,2,2,0,0,1.0,67.2657,0.0,0.0,60,1.0,10,1.0
010_R209,10,R,2,9,OPTIMAL,92.2245,2,2,2,0,0,1.0,92.2245,0.0,0.0,60,1.0,10,1.0
010_R209,10,R,3,0,OPTIMAL,164.3458,3,3,3,0,0,1.0,164.3458,0.0,0.0,60,1.0,10,1.0
010_R209,10,R,3,1,OPTIMAL,150.7441,3,3,3,0,0,1.0,150.7441,0.0,0.0,60,1.0,10,1.0
010_R209,10,R,3,2,OPTIMAL,156.2027,3,3,3,0,0,1.0,156.2027,0.0,0.0,60,1.0,10,1.0
010_R209,10,R,3,3,OPTIMAL,142.9061,3,3,3,0,0,1.0,142.9061,0.0,0.0,60,1.0,10,1.0
010_R209,10,R,3,4,OPTIMAL,128.2635,3,3,3,0,0,1.0,128.2635,0.0,0.0,60,1.0,10,1.0
010_R209,10,R,3,5,OPTIMAL,135.0315,3,3,3,0,0,1.0,135.0315,0.0,0.0,60,1.0,10,1.0
010_R209,10,R,3,6,OPTIMAL,121.9355,3,3,3,0,0,1.0,121.9355,0.0,0.0,60,1.0,10,1.0
010_R209,10,R,3,7,OPTIMAL,106.6859,3,3,3,0,0,1.0,106.6859,0.0,0.0,60,1.0,10,1.0
010_R209,10,R,3,8,OPTIMAL,113.954,3,3,3,0,0,1.0,113.954,0.0,0.0,60,1.0,10,1.0
010_R209,10,R,3,9,OPTIMAL,75.3472,3,2,2,0,1,0.6667,74.2535,0.0,1.0937,60,1.0,10,1.0
010_R210,10,R,1,0,OPTIMAL,41.1434,1,1,1,0,0,1.0,41.1434,0.0,0.0,60,1.0,10,1.0
010_R210,10,R,1,1,OPTIMAL,35.8862,1,1,1,0,0,1.0,35.8862,0.0,0.0,60,1.0,10,1.0
010_R210,10,R,1,2,OPTIMAL,19.3566,1,1,1,0,0,1.0,19.3566,0.0,0.0,60,1.0,10,1.0
010_R210,10,R,1,3,OPTIMAL,34.2432,1,1,1,0,0,1.0,34.2432,0.0,0.0,60,1.0,10,1.0
010_R210,10,R,1,4,OPTIMAL,65.5951,1,1,1,0,0,1.0,65.5951,0.0,0.0,60,1.0,10,1.0
010_R210,10,R,1,5,OPTIMAL,33.4191,1,1,1,0,0,1.0,33.4191,0.0,0.0,60,1.0,10,1.0
010_R210,10,R,1,6,OPTIMAL,45.8983,1,1,1,0,0,1.0,45.8983,0.0,0.0,60,1.0,10,1.0
010_R210,10,R,1,7,OPTIMAL,43.9147,1,1,1,0,0,1.0,43.9147,0.0,0.0,60,1.0,10,1.0
010_R210,10,R,1,8,OPTIMAL,51.4399,1,1,1,0,0,1.0,51.4399,0.0,0.0,60,1.0,10,1.0
010_R210,10,R,1,9,OPTIMAL,21.5022,1,1,1,0,0,1.0,21.5022,0.0,0.0,60,1.0,10,1.0
010_R210,10,R,2,0,OPTIMAL,114.7517,2,2,2,0,0,1.0,114.7517,0.0,0.0,60,1.0,10,1.0
010_R210,10,R,2,1,OPTIMAL,69.7922,2,2,2,0,0,1.0,69.7922,0.0,0.0,60,1.0,10,1.0
010_R210,10,R,2,2,OPTIMAL,88.2085,2,2,2,0,0,1.0,88.2085,0.0,0.0,60,1.0,10,1.0
010_R210,10,R,2,3,OPTIMAL,80.8709,2,2,2,0,0,1.0,80.8709,0.0,0.0,60,1.0,10,1.0
010_R210,10,R,2,4,OPTIMAL,115.7916,2,2,2,0,0,1.0,115.7916,0.0,0.0,60,1.0,10,1.0
010_R210,10,R,2,5,OPTIMAL,112.4128,2,2,2,0,0,1.0,112.4128,0.0,0.0,60,1.0,10,1.0
010_R210,10,R,2,6,OPTIMAL,61.9569,2,2,2,0,0,1.0,61.9569,0.0,0.0,60,1.0,10,1.0
010_R210,10,R,2,7,OPTIMAL,64.0815,2,1,1,0,1,0.5,57.9093,0.0,6.1722,60,1.0,10,1.0
010_R210,10,R,2,8,OPTIMAL,67.2657,2,2,2,0,0,1.0,67.2657,0.0,0.0,60,1.0,10,1.0
010_R210,10,R,2,9,OPTIMAL,54.4731,2,1,1,0,1,0.5,47.9089,0.0,6.5642,60,1.0,10,1.0
010_R210,10,R,3,0,OPTIMAL,164.3458,3,3,3,0,0,1.0,164.3458,0.0,0.0,60,1.0,10,1.0
010_R210,10,R,3,1,OPTIMAL,150.7441,3,3,3,0,0,1.0,150.7441,0.0,0.0,60,1.0,10,1.0
010_R210,10,R,3,2,OPTIMAL,156.2027,3,3,3,0,0,1.0,156.2027,0.0,0.0,60,1.0,10,1.0
010_R210,10,R,3,3,OPTIMAL,142.9061,3,3,3,0,0,1.0,142.9061,0.0,0.0,60,1.0,10,1.0
010_R210,10,R,3,4,OPTIMAL,78.8046,3,2,2,0,1,0.6667,74.5165,0.0,4.2881,60,1.0,10,1.0
010_R210,10,R,3,5,OPTIMAL,135.0315,3,3,3,0,0,1.0,135.0315,0.0,0.0,60,1.0,10,1.0
010_R210,10,R,3,6,OPTIMAL,121.9355,3,3,3,0,0,1.0,121.9355,0.0,0.0,60,1.0,10,1.0
010_R210,10,R,3,7,OPTIMAL,106.6859,3,3,3,0,0,1.0,106.6859,0.0,0.0,60,1.0,10,1.0
010_R210,10,R,3,8,OPTIMAL,113.954,3,3,3,0,0,1.0,113.954,0.0,0.0,60,1.0,10,1.0
010_R210,10,R,3,9,OPTIMAL,106.5028,3,3,3,0,0,1.0,106.5028,0.0,0.0,60,1.0,10,1.0
010_R211,10,R,1,0,OPTIMAL,41.1434,1,1,1,0,0,1.0,41.1434,0.0,0.0,60,1.0,10,1.0
010_R211,10,R,1,1,OPTIMAL,35.8862,1,1,1,0,0,1.0,35.8862,0.0,0.0,60,1.0,10,1.0
010_R211,10,R,1,2,OPTIMAL,19.3566,1,1,1,0,0,1.0,19.3566,0.0,0.0,60,1.0,10,1.0
010_R211,10,R,1,3,OPTIMAL,34.2432,1,1,1,0,0,1.0,34.2432,0.0,0.0,60,1.0,10,1.0
010_R211,10,R,1,4,OPTIMAL,65.5951,1,1,1,0,0,1.0,65.5951,0.0,0.0,60,1.0,10,1.0
010_R211,10,R,1,5,OPTIMAL,33.4191,1,1,1,0,0,1.0,33.4191,0.0,0.0,60,1.0,10,1.0
010_R211,10,R,1,6,OPTIMAL,45.8983,1,1,1,0,0,1.0,45.8983,0.0,0.0,60,1.0,10,1.0
010_R211,10,R,1,7,OPTIMAL,43.9147,1,1,1,0,0,1.0,43.9147,0.0,0.0,60,1.0,10,1.0
010_R211,10,R,1,8,OPTIMAL,51.4399,1,1,1,0,0,1.0,51.4399,0.0,0.0,60,1.0,10,1.0
010_R211,10,R,1,9,OPTIMAL,1.0304,1,0,0,0,1,0.0,0.0,0.0,1.0304,60,1.0,10,1.0
010_R211,10,R,2,0,OPTIMAL,114.7517,2,2,2,0,0,1.0,114.7517,0.0,0.0,60,1.0,10,1.0
010_R211,10,R,2,1,OPTIMAL,50.8328,2,1,1,0,1,0.5,42.6142,0.0,8.2186,60,1.0,10,1.0
010_R211,10,R,2,2,OPTIMAL,88.2085,2,2,2,0,0,1.0,88.2085,0.0,0.0,60,1.0,10,1.0
010_R211,10,R,2,3,OPTIMAL,80.8709,2,2,2,0,0,1.0,80.8709,0.0,0.0,60,1.0,10,1.0
010_R211,10,R,2,4,OPTIMAL,115.7916,2,2,2,0,0,1.0,115.7916,0.0,0.0,60,1.0,10,1.0
010_R211,10,R,2,5,OPTIMAL,112.4128,2,2,2,0,0,1.0,112.4128,0.0,0.0,60,1.0,10,1.0
010_R211,10,R,2,6,OPTIMAL,49.1368,2,1,0,1,1,0.5,40.8421,0.0,8.2947,60,1.0,10,1.0
010_R211,10,R,2,7,OPTIMAL,85.1514,2,2,2,0,0,1.0,85.1514,0.0,0.0,60,1.0,10,1.0
010_R211,10,R,2,8,OPTIMAL,67.2657,2,2,2,0,0,1.0,67.2657,0.0,0.0,60,1.0,10,1.0
010_R211,10,R,2,9,OPTIMAL,92.2245,2,2,1,1,0,1.0,92.2245,0.0,0.0,60,1.0,10,1.0
010_R211,10,R,3,0,OPTIMAL,141.7408,3,2,2,0,1,0.6667,121.1956,0.0,20.5452,60,1.0,10,1.0
010_R211,10,R,3,1,OPTIMAL,150.7441,3,3,2,1,0,1.0,150.7441,0.0,0.0,60,1.0,10,1.0
010_R211,10,R,3,2,OPTIMAL,156.2027,3,3,3,0,0,1.0,156.2027,0.0,0.0,60,1.0,10,1.0
010_R211,10,R,3,3,OPTIMAL,142.9061,3,3,3,0,0,1.0,142.9061,0.0,0.0,60,1.0,10,1.0
010_R211,10,R,3,4,OPTIMAL,128.2635,3,3,3,0,0,1.0,128.2635,0.0,0.0,60,1.0,10,1.0
010_R211,10,R,3,5,OPTIMAL,101.947,3,2,2,0,1,0.6667,96.4305,0.0,5.5164,60,1.0,10,1.0
010_R211,10,R,3,6,OPTIMAL,121.9355,3,3,3,0,0,1.0,121.9355,0.0,0.0,60,1.0,10,1.0
010_R211,10,R,3,7,OPTIMAL,66.4989,3,2,2,0,1,0.6667,66.2476,0.0,0.2512,60,1.0,10,1.0
010_R211,10,R,3,8,OPTIMAL,101.5585,3,2,2,0,1,0.6667,91.8135,0.0,9.7449,60,1.0,10,1.0
010_R211,10,R,3,9,OPTIMAL,106.5028,3,3,3,0,0,1.0,106.5028,0.0,0.0,60,1.0,10,1.0
010_RC101,10,RC,1,0,OPTIMAL,71.0708,1,1,1,0,0,1.0,71.0708,0.0,0.0,60,1.0,10,1.0
010_RC101,10,RC,1,1,OPTIMAL,62.8639,1,1,1,0,0,1.0,62.8639,0.0,0.0,60,1.0,10,1.0
010_RC101,10,RC,1,2,OPTIMAL,74.5516,1,1,1,0,0,1.0,74.5516,0.0,0.0,60,1.0,10,1.0
010_RC101,10,RC,1,3,OPTIMAL,71.5536,1,1,1,0,0,1.0,71.5536,0.0,0.0,60,1.0,10,1.0
010_RC101,10,RC,1,4,OPTIMAL,0.5392,1,0,0,0,1,0.0,0.0,0.0,0.5392,60,1.0,10,1.0
010_RC101,10,RC,1,5,OPTIMAL,9.0115,1,0,0,0,1,0.0,0.0,0.0,9.0115,60,1.0,10,1.0
010_RC101,10,RC,1,6,OPTIMAL,87.8021,1,1,1,0,0,1.0,87.8021,0.0,0.0,60,1.0,10,1.0
010_RC101,10,RC,1,7,OPTIMAL,83.6573,1,1,1,0,0,1.0,83.6573,0.0,0.0,60,1.0,10,1.0
010_RC101,10,RC,1,8,OPTIMAL,86.4452,1,1,1,0,0,1.0,86.4452,0.0,0.0,60,1.0,10,1.0
010_RC101,10,RC,1,9,OPTIMAL,10.962,1,0,0,0,1,0.0,0.0,0.0,10.962,60,1.0,10,1.0
010_RC101,10,RC,2,0,OPTIMAL,148.0767,2,2,2,0,0,1.0,148.0767,0.0,0.0,60,1.0,10,1.0
010_RC101,10,RC,2,1,OPTIMAL,82.5796,2,1,1,0,1,0.5,78.2609,0.0,4.3187,60,1.0,10,1.0
010_RC101,10,RC,2,2,OPTIMAL,160.3911,2,2,2,0,0,1.0,160.3911,0.0,0.0,60,1.0,10,1.0
010_RC101,10,RC,2,3,OPTIMAL,151.1409,2,2,2,0,0,1.0,151.1409,0.0,0.0,60,1.0,10,1.0
010_RC101,10,RC,2,4,OPTIMAL,146.6746,2,2,2,0,0,1.0,146.6746,0.0,0.0,60,1.0,10,1.0
010_RC101,10,RC,2,5,OPTIMAL,74.9976,2,1,1,0,1,0.5,66.0634,0.0,8.9342,60,1.0,10,1.0
010_RC101,10,RC,2,6,OPTIMAL,73.1523,2,1,1,0,1,0.5,72.9945,0.0,0.1578,60,1.0,10,1.0
010_RC101,10,RC,2,7,OPTIMAL,141.0872,2,2,2,0,0,1.0,141.0872,0.0,0.0,60,1.0,10,1.0
010_RC101,10,RC,2,8,OPTIMAL,136.4468,2,2,2,0,0,1.0,136.4468,0.0,0.0,60,1.0,10,1.0
010_RC101,10,RC,2,9,OPTIMAL,138.1178,2,2,2,0,0,1.0,138.1178,0.0,0.0,60,1.0,10,1.0
010_RC101,10,RC,3,0,OPTIMAL,173.678,3,2,2,0,1,0.6667,162.4063,0.0,11.2717,60,1.0,10,1.0
010_RC101,10,RC,3,1,OPTIMAL,135.737,3,2,2,0,1,0.6667,135.7001,0.0,0.0369,60,1.0,10,1.0
010_RC101,10,RC,3,2,OPTIMAL,168.8399,3,2,2,0,1,0.6667,163.9547,0.0,4.8852,60,1.0,10,1.0
010_RC101,10,RC,3,3,OPTIMAL,168.4926,3,2,2,0,1,0.6667,155.3472,0.0,13.1454,60,1.0,10,1.0
010_RC101,10,RC,3,4,OPTIMAL,224.3708,3,3,3,0,0,1.0,224.3708,0.0,0.0,60,1.0,10,1.0
010_RC101,10,RC,3,5,OPTIMAL,142.2027,3,2,2,0,1,0.6667,139.4747,0.0,2.7281,60,1.0,10,1.0
010_RC101,10,RC,3,6,OPTIMAL,148.6395,3,2,2,0,1,0.6667,148.477,0.0,0.1625,60,1.0,10,1.0
010_RC101,10,RC,3,7,OPTIMAL,124.4831,3,2,2,0,1,0.6667,124.4149,0.0,0.0682,60,1.0,10,1.0
010_RC101,10,RC,3,8,OPTIMAL,213.2692,3,3,3,0,0,1.0,213.2692,0.0,0.0,60,1.0,10,1.0
010_RC101,10,RC,3,9,OPTIMAL,203.6348,3,3,3,0,0,1.0,203.6348,0.0,0.0,60,1.0,10,1.0
010_RC102,10,RC,1,0,OPTIMAL,9.76,1,0,0,0,1,0.0,0.0,0.0,9.76,60,1.0,10,1.0
010_RC102,10,RC,1,1,OPTIMAL,9.6725,1,0,0,0,1,0.0,0.0,0.0,9.6725,60,1.0,10,1.0
010_RC102,10,RC,1,2,OPTIMAL,74.5516,1,1,1,0,0,1.0,74.5516,0.0,0.0,60,1.0,10,1.0
010_RC102,10,RC,1,3,OPTIMAL,71.5536,1,1,1,0,0,1.0,71.5536,0.0,0.0,60,1.0,10,1.0
010_RC102,10,RC,1,4,OPTIMAL,5.9336,1,0,0,0,1,0.0,0.0,0.0,5.9336,60,1.0,10,1.0
010_RC102,10,RC,1,5,OPTIMAL,64.1077,1,1,1,0,0,1.0,64.1077,0.0,0.0,60,1.0,10,1.0
010_RC102,10,RC,1,6,OPTIMAL,87.8021,1,1,1,0,0,1.0,87.8021,0.0,0.0,60,1.0,10,1.0
010_RC102,10,RC,1,7,OPTIMAL,83.6573,1,1,1,0,0,1.0,83.6573,0.0,0.0,60,1.0,10,1.0
010_RC102,10,RC,1,8,OPTIMAL,86.4452,1,1,1,0,0,1.0,86.4452,0.0,0.0,60,1.0,10,1.0
010_RC102,10,RC,1,9,OPTIMAL,5.481,1,0,0,0,1,0.0,0.0,0.0,5.481,60,1.0,10,1.0
010_RC102,10,RC,2,0,OPTIMAL,148.0767,2,2,2,0,0,1.0,148.0767,0.0,0.0,60,1.0,10,1.0
010_RC102,10,RC,2,1,OPTIMAL,142.9939,2,2,2,0,0,1.0,142.9939,0.0,0.0,60,1.0,10,1.0
010_RC102,10,RC,2,2,OPTIMAL,160.3911,2,2,2,0,0,1.0,160.3911,0.0,0.0,60,1.0,10,1.0
010_RC102,10,RC,2,3,OPTIMAL,151.1409,2,2,2,0,0,1.0,151.1409,0.0,0.0,60,1.0,10,1.0
010_RC102,10,RC,2,4,OPTIMAL,146.6746,2,2,2,0,0,1.0,146.6746,0.0,0.0,60,1.0,10,1.0
010_RC102,10,RC,2,5,OPTIMAL,77.9411,2,1,1,0,1,0.5,66.0634,0.0,11.8777,60,1.0,10,1.0
010_RC102,10,RC,2,6,OPTIMAL,73.1523,2,1,1,0,1,0.5,72.9945,0.0,0.1578,60,1.0,10,1.0
010_RC102,10,RC,2,7,OPTIMAL,141.0872,2,2,2,0,0,1.0,141.0872,0.0,0.0,60,1.0,10,1.0
010_RC102,10,RC,2,8,OPTIMAL,136.4468,2,2,2,0,0,1.0,136.4468,0.0,0.0,60,1.0,10,1.0
010_RC102,10,RC,2,9,OPTIMAL,78.3988,2,1,1,0,1,0.5,69.7521,0.0,8.6467,60,1.0,10,1.0
010_RC102,10,RC,3,0,OPTIMAL,175.7503,3,2,2,0,1,0.6667,162.4063,0.0,13.344,60,1.0,10,1.0
010_RC102,10,RC,3,1,OPTIMAL,76.7872,3,1,1,0,2,0.3333,73.6439,0.0,3.1433,60,1.0,10,1.0
010_RC102,10,RC,3,2,OPTIMAL,180.4067,3,2,2,0,1,0.6667,170.7556,0.0,9.6511,60,1.0,10,1.0
010_RC102,10,RC,3,3,OPTIMAL,161.5181,3,2,2,0,1,0.6667,159.068,0.0,2.4501,60,1.0,10,1.0
010_RC102,10,RC,3,4,OPTIMAL,165.7145,3,2,2,0,1,0.6667,158.5807,0.0,7.1337,60,1.0,10,1.0
010_RC102,10,RC,3,5,OPTIMAL,142.2027,3,2,2,0,1,0.6667,139.4747,0.0,2.7281,60,1.0,10,1.0
010_RC102,10,RC,3,6,OPTIMAL,148.6395,3,2,2,0,1,0.6667,148.477,0.0,0.1625,60,1.0,10,1.0
010_RC102,10,RC,3,7,OPTIMAL,90.8581,3,1,1,0,2,0.3333,75.6461,0.0,15.212,60,1.0,10,1.0
010_RC102,10,RC,3,8,OPTIMAL,150.3946,3,2,2,0,1,0.6667,144.8459,0.0,5.5487,60,1.0,10,1.0
010_RC102,10,RC,3,9,OPTIMAL,203.6348,3,3,3,0,0,1.0,203.6348,0.0,0.0,60,1.0,10,1.0
010_RC103,10,RC,1,0,OPTIMAL,9.76,1,0,0,0,1,0.0,0.0,0.0,9.76,60,1.0,10,1.0
010_RC103,10,RC,1,1,OPTIMAL,9.6725,1,0,0,0,1,0.0,0.0,0.0,9.6725,60,1.0,10,1.0
010_RC103,10,RC,1,2,OPTIMAL,74.5516,1,1,1,0,0,1.0,74.5516,0.0,0.0,60,1.0,10,1.0
010_RC103,10,RC,1,3,OPTIMAL,71.5536,1,1,1,0,0,1.0,71.5536,0.0,0.0,60,1.0,10,1.0
010_RC103,10,RC,1,4,OPTIMAL,5.9336,1,0,0,0,1,0.0,0.0,0.0,5.9336,60,1.0,10,1.0
010_RC103,10,RC,1,5,OPTIMAL,4.5058,1,0,0,0,1,0.0,0.0,0.0,4.5058,60,1.0,10,1.0
010_RC103,10,RC,1,6,OPTIMAL,53.731,1,0,0,0,1,0.0,0.0,0.0,53.731,60,1.0,10,1.0
010_RC103,10,RC,1,7,OPTIMAL,83.6573,1,1,1,0,0,1.0,83.6573,0.0,0.0,60,1.0,10,1.0
010_RC103,10,RC,1,8,OPTIMAL,86.4452,1,1,1,0,0,1.0,86.4452,0.0,0.0,60,1.0,10,1.0
010_RC103,10,RC,1,9,OPTIMAL,5.481,1,0,0,0,1,0.0,0.0,0.0,5.481,60,1.0,10,1.0
010_RC103,10,RC,2,0,OPTIMAL,148.0767,2,2,2,0,0,1.0,148.0767,0.0,0.0,60,1.0,10,1.0
010_RC103,10,RC,2,1,OPTIMAL,67.0339,2,1,1,0,1,0.5,64.733,0.0,2.3009,60,1.0,10,1.0
010_RC103,10,RC,2,2,OPTIMAL,160.3911,2,2,2,0,0,1.0,160.3911,0.0,0.0,60,1.0,10,1.0
010_RC103,10,RC,2,3,OPTIMAL,151.1409,2,2,2,0,0,1.0,151.1409,0.0,0.0,60,1.0,10,1.0
010_RC103,10,RC,2,4,OPTIMAL,146.6746,2,2,2,0,0,1.0,146.6746,0.0,0.0,60,1.0,10,1.0
010_RC103,10,RC,2,5,OPTIMAL,72.0023,2,1,1,0,1,0.5,66.0634,0.0,5.9389,60,1.0,10,1.0
010_RC103,10,RC,2,6,OPTIMAL,92.881,2,1,1,0,1,0.5,79.7553,0.0,13.1257,60,1.0,10,1.0
010_RC103,10,RC,2,7,OPTIMAL,141.0872,2,2,2,0,0,1.0,141.0872,0.0,0.0,60,1.0,10,1.0
010_RC103,10,RC,2,8,OPTIMAL,136.4468,2,2,2,0,0,1.0,136.4468,0.0,0.0,60,1.0,10,1.0
010_RC103,10,RC,2,9,OPTIMAL,78.3988,2,1,1,0,1,0.5,69.7521,0.0,8.6467,60,1.0,10,1.0
010_RC103,10,RC,3,0,OPTIMAL,98.1362,3,1,1,0,2,0.3333,89.5483,0.0,8.5879,60,1.0,10,1.0
010_RC103,10,RC,3,1,OPTIMAL,143.8136,3,2,2,0,1,0.6667,140.7073,0.0,3.1064,60,1.0,10,1.0
010_RC103,10,RC,3,2,OPTIMAL,180.4067,3,2,2,0,1,0.6667,170.7556,0.0,9.6511,60,1.0,10,1.0
010_RC103,10,RC,3,3,OPTIMAL,106.3025,3,1,1,0,2,0.3333,81.8732,0.0,24.4294,60,1.0,10,1.0
010_RC103,10,RC,3,4,OPTIMAL,165.7145,3,2,2,0,1,0.6667,158.5807,0.0,7.1337,60,1.0,10,1.0
010_RC103,10,RC,3,5,OPTIMAL,210.709,3,3,3,0,0,1.0,210.709,0.0,0.0,60,1.0,10,1.0
010_RC103,10,RC,3,6,OPTIMAL,219.2171,3,3,3,0,0,1.0,219.2171,0.0,0.0,60,1.0,10,1.0
010_RC103,10,RC,3,7,OPTIMAL,90.592,3,1,1,0,2,0.3333,75.6461,0.0,14.9459,60,1.0,10,1.0
010_RC103,10,RC,3,8,OPTIMAL,69.834,3,1,1,0,2,0.3333,63.108,0.0,6.7259,60,1.0,10,1.0
010_RC103,10,RC,3,9,OPTIMAL,203.6348,3,3,3,0,0,1.0,203.6348,0.0,0.0,60,1.0,10,1.0
010_RC104,10,RC,1,0,OPTIMAL,9.76,1,0,0,0,1,0.0,0.0,0.0,9.76,60,1.0,10,1.0
010_RC104,10,RC,1,1,OPTIMAL,9.6725,1,0,0,0,1,0.0,0.0,0.0,9.6725,60,1.0,10,1.0
010_RC104,10,RC,1,2,OPTIMAL,74.5516,1,1,1,0,0,1.0,74.5516,0.0,0.0,60,1.0,10,1.0
010_RC104,10,RC,1,3,OPTIMAL,71.5536,1,1,1,0,0,1.0,71.5536,0.0,0.0,60,1.0,10,1.0
010_RC104,10,RC,1,4,OPTIMAL,5.9336,1,0,0,0,1,0.0,0.0,0.0,5.9336,60,1.0,10,1.0
010_RC104,10,RC,1,5,OPTIMAL,0.0746,1,0,0,0,1,0.0,0.0,0.0,0.0746,60,1.0,10,1.0
010_RC104,10,RC,1,6,OPTIMAL,53.731,1,0,0,0,1,0.0,0.0,0.0,53.731,60,1.0,10,1.0
010_RC104,10,RC,1,7,OPTIMAL,83.6573,1,1,1,0,0,1.0,83.6573,0.0,0.0,60,1.0,10,1.0
010_RC104,10,RC,1,8,OPTIMAL,86.4452,1,1,1,0,0,1.0,86.4452,0.0,0.0,60,1.0,10,1.0
010_RC104,10,RC,1,9,OPTIMAL,64.0302,1,1,1,0,0,1.0,64.0302,0.0,0.0,60,1.0,10,1.0
010_RC104,10,RC,2,0,OPTIMAL,148.0767,2,2,2,0,0,1.0,148.0767,0.0,0.0,60,1.0,10,1.0
010_RC104,10,RC,2,1,OPTIMAL,67.0339,2,1,1,0,1,0.5,64.733,0.0,2.3009,60,1.0,10,1.0
010_RC104,10,RC,2,2,OPTIMAL,160.3911,2,2,2,0,0,1.0,160.3911,0.0,0.0,60,1.0,10,1.0
010_RC104,10,RC,2,3,OPTIMAL,151.1409,2,2,2,0,0,1.0,151.1409,0.0,0.0,60,1.0,10,1.0
010_RC104,10,RC,2,4,OPTIMAL,146.6746,2,2,2,0,0,1.0,146.6746,0.0,0.0,60,1.0,10,1.0
010_RC104,10,RC,2,5,OPTIMAL,72.0023,2,1,1,0,1,0.5,66.0634,0.0,5.9389,60,1.0,10,1.0
010_RC104,10,RC,2,6,OPTIMAL,92.881,2,1,1,0,1,0.5,79.7553,0.0,13.1257,60,1.0,10,1.0
010_RC104,10,RC,2,7,OPTIMAL,141.0872,2,2,2,0,0,1.0,141.0872,0.0,0.0,60,1.0,10,1.0
010_RC104,10,RC,2,8,OPTIMAL,136.4468,2,2,2,0,0,1.0,136.4468,0.0,0.0,60,1.0,10,1.0
010_RC104,10,RC,2,9,OPTIMAL,84.1886,2,1,1,0,1,0.5,69.7521,0.0,14.4365,60,1.0,10,1.0
010_RC104,10,RC,3,0,OPTIMAL,98.1362,3,1,1,0,2,0.3333,89.5483,0.0,8.5879,60,1.0,10,1.0
010_RC104,10,RC,3,1,OPTIMAL,141.5162,3,2,2,0,1,0.6667,140.7073,0.0,0.8089,60,1.0,10,1.0
010_RC104,10,RC,3,2,OPTIMAL,239.3073,3,3,3,0,0,1.0,239.3073,0.0,0.0,60,1.0,10,1.0
010_RC104,10,RC,3,3,OPTIMAL,106.3025,3,1,1,0,2,0.3333,81.8732,0.0,24.4294,60,1.0,10,1.0
010_RC104,10,RC,3,4,OPTIMAL,113.7191,3,1,1,0,2,0.3333,94.9424,0.0,18.7767,60,1.0,10,1.0
010_RC104,10,RC,3,5,OPTIMAL,210.709,3,3,3,0,0,1.0,210.709,0.0,0.0,60,1.0,10,1.0
010_RC104,10,RC,3,6,OPTIMAL,219.2171,3,3,3,0,0,1.0,219.2171,0.0,0.0,60,1.0,10,1.0
010_RC104,10,RC,3,7,OPTIMAL,84.5381,3,1,1,0,2,0.3333,75.6461,0.0,8.892,60,1.0,10,1.0
010_RC104,10,RC,3,8,OPTIMAL,132.7085,3,2,2,0,1,0.6667,131.5313,0.0,1.1772,60,1.0,10,1.0
010_RC104,10,RC,3,9,OPTIMAL,203.6348,3,3,3,0,0,1.0,203.6348,0.0,0.0,60,1.0,10,1.0
010_RC105,10,RC,1,0,OPTIMAL,9.76,1,0,0,0,1,0.0,0.0,0.0,9.76,60,1.0,10,1.0
010_RC105,10,RC,1,1,OPTIMAL,9.6725,1,0,0,0,1,0.0,0.0,0.0,9.6725,60,1.0,10,1.0
010_RC105,10,RC,1,2,OPTIMAL,0.0336,1,0,0,0,1,0.0,0.0,0.0,0.0336,60,1.0,10,1.0
010_RC105,10,RC,1,3,OPTIMAL,71.5536,1,1,1,0,0,1.0,71.5536,0.0,0.0,60,1.0,10,1.0
010_RC105,10,RC,1,4,OPTIMAL,59.5695,1,1,1,0,0,1.0,59.5695,0.0,0.0,60,1.0,10,1.0
010_RC105,10,RC,1,5,OPTIMAL,0.0746,1,0,0,0,1,0.0,0.0,0.0,0.0746,60,1.0,10,1.0
010_RC105,10,RC,1,6,OPTIMAL,87.8021,1,1,1,0,0,1.0,87.8021,0.0,0.0,60,1.0,10,1.0
010_RC105,10,RC,1,7,OPTIMAL,83.6573,1,1,1,0,0,1.0,83.6573,0.0,0.0,60,1.0,10,1.0
010_RC105,10,RC,1,8,OPTIMAL,0.2516,1,0,0,0,1,0.0,0.0,0.0,0.2516,60,1.0,10,1.0
010_RC105,10,RC,1,9,OPTIMAL,64.0302,1,1,1,0,0,1.0,64.0302,0.0,0.0,60,1.0,10,1.0
010_RC105,10,RC,2,0,OPTIMAL,148.0767,2,2,2,0,0,1.0,148.0767,0.0,0.0,60,1.0,10,1.0
010_RC105,10,RC,2,1,OPTIMAL,142.9939,2,2,2,0,0,1.0,142.9939,0.0,0.0,60,1.0,10,1.0
010_RC105,10,RC,2,2,OPTIMAL,160.3911,2,2,2,0,0,1.0,160.3911,0.0,0.0,60,1.0,10,1.0
010_RC105,10,RC,2,3,OPTIMAL,151.1409,2,2,2,0,0,1.0,151.1409,0.0,0.0,60,1.0,10,1.0
010_RC105,10,RC,2,4,OPTIMAL,146.6746,2,2,2,0,0,1.0,146.6746,0.0,0.0,60,1.0,10,1.0
010_RC105,10,RC,2,5,OPTIMAL,77.9411,2,1,1,0,1,0.5,66.0634,0.0,11.8777,60,1.0,10,1.0
010_RC105,10,RC,2,6,OPTIMAL,152.7498,2,2,2,0,0,1.0,152.7498,0.0,0.0,60,1.0,10,1.0
010_RC105,10,RC,2,7,OPTIMAL,141.0872,2,2,2,0,0,1.0,141.0872,0.0,0.0,60,1.0,10,1.0
010_RC105,10,RC,2,8,OPTIMAL,136.4468,2,2,2,0,0,1.0,136.4468,0.0,0.0,60,1.0,10,1.0
010_RC105,10,RC,2,9,OPTIMAL,75.7164,2,1,1,0,1,0.5,69.7521,0.0,5.9643,60,1.0,10,1.0
010_RC105,10,RC,3,0,OPTIMAL,175.7503,3,2,2,0,1,0.6667,162.4063,0.0,13.344,60,1.0,10,1.0
010_RC105,10,RC,3,1,OPTIMAL,142.2605,3,2,2,0,1,0.6667,140.7073,0.0,1.5532,60,1.0,10,1.0
010_RC105,10,RC,3,2,OPTIMAL,177.7242,3,2,2,0,1,0.6667,170.7556,0.0,6.9686,60,1.0,10,1.0
010_RC105,10,RC,3,3,OPTIMAL,237.2204,3,3,3,0,0,1.0,237.2204,0.0,0.0,60,1.0,10,1.0
010_RC105,10,RC,3,4,OPTIMAL,163.032,3,2,2,0,1,0.6667,158.5807,0.0,4.4513,60,1.0,10,1.0
010_RC105,10,RC,3,5,OPTIMAL,145.5307,3,2,2,0,1,0.6667,139.4747,0.0,6.056,60,1.0,10,1.0
010_RC105,10,RC,3,6,OPTIMAL,165.5496,3,2,2,0,1,0.6667,148.0308,0.0,17.5188,60,1.0,10,1.0
010_RC105,10,RC,3,7,OPTIMAL,145.2529,3,2,2,0,1,0.6667,133.2555,0.0,11.9974,60,1.0,10,1.0
010_RC105,10,RC,3,8,OPTIMAL,213.2692,3,3,3,0,0,1.0,213.2692,0.0,0.0,60,1.0,10,1.0
010_RC105,10,RC,3,9,OPTIMAL,203.6348,3,3,2,1,0,1.0,203.6348,0.0,0.0,60,1.0,10,1.0
010_RC106,10,RC,1,0,OPTIMAL,17.1598,1,0,0,0,1,0.0,0.0,0.0,17.1598,60,1.0,10,1.0
010_RC106,10,RC,1,1,OPTIMAL,13.2806,1,0,0,0,1,0.0,0.0,0.0,13.2806,60,1.0,10,1.0
010_RC106,10,RC,1,2,OPTIMAL,74.5516,1,1,1,0,0,1.0,74.5516,0.0,0.0,60,1.0,10,1.0
010_RC106,10,RC,1,3,OPTIMAL,0.3421,1,0,0,0,1,0.0,0.0,0.0,0.3421,60,1.0,10,1.0
010_RC106,10,RC,1,4,OPTIMAL,59.5695,1,1,1,0,0,1.0,59.5695,0.0,0.0,60,1.0,10,1.0
010_RC106,10,RC,1,5,OPTIMAL,9.0115,1,0,0,0,1,0.0,0.0,0.0,9.0115,60,1.0,10,1.0
010_RC106,10,RC,1,6,OPTIMAL,87.8021,1,1,1,0,0,1.0,87.8021,0.0,0.0,60,1.0,10,1.0
010_RC106,10,RC,1,7,OPTIMAL,83.6573,1,1,1,0,0,1.0,83.6573,0.0,0.0,60,1.0,10,1.0
010_RC106,10,RC,1,8,OPTIMAL,86.4452,1,1,1,0,0,1.0,86.4452,0.0,0.0,60,1.0,10,1.0
010_RC106,10,RC,1,9,OPTIMAL,64.0302,1,1,1,0,0,1.0,64.0302,0.0,0.0,60,1.0,10,1.0
010_RC106,10,RC,2,0,OPTIMAL,148.0767,2,2,2,0,0,1.0,148.0767,0.0,0.0,60,1.0,10,1.0
010_RC106,10,RC,2,1,OPTIMAL,142.9939,2,2,2,0,0,1.0,142.9939,0.0,0.0,60,1.0,10,1.0
010_RC106,10,RC,2,2,OPTIMAL,160.3911,2,2,1,1,0,1.0,160.3911,0.0,0.0,60,1.0,10,1.0
010_RC106,10,RC,2,3,OPTIMAL,151.1409,2,2,2,0,0,1.0,151.1409,0.0,0.0,60,1.0,10,1.0
010_RC106,10,RC,2,4,OPTIMAL,80.5803,2,1,1,0,1,0.5,80.2859,0.0,0.2944,60,1.0,10,1.0
010_RC106,10,RC,2,5,OPTIMAL,136.1931,2,2,1,1,0,1.0,136.1931,0.0,0.0,60,1.0,10,1.0
010_RC106,10,RC,2,6,OPTIMAL,152.7498,2,2,2,0,0,1.0,152.7498,0.0,0.0,60,1.0,10,1.0
010_RC106,10,RC,2,7,OPTIMAL,141.0872,2,2,2,0,0,1.0,141.0872,0.0,0.0,60,1.0,10,1.0
010_RC106,10,RC,2,8,OPTIMAL,136.4468,2,2,2,0,0,1.0,136.4468,0.0,0.0,60,1.0,10,1.0
010_RC106,10,RC,2,9,OPTIMAL,138.1178,2,2,2,0,0,1.0,138.1178,0.0,0.0,60,1.0,10,1.0
010_RC106,10,RC,3,0,OPTIMAL,227.0883,3,3,3,0,0,1.0,227.0883,0.0,0.0,60,1.0,10,1.0
010_RC106,10,RC,3,1,OPTIMAL,202.7634,3,3,3,0,0,1.0,202.7634,0.0,0.0,60,1.0,10,1.0
010_RC106,10,RC,3,2,OPTIMAL,239.3073,3,3,3,0,0,1.0,239.3073,0.0,0.0,60,1.0,10,1.0
010_RC106,10,RC,3,3,OPTIMAL,191.9841,3,2,2,0,1,0.6667,159.068,0.0,32.9161,60,1.0,10,1.0
010_RC106,10,RC,3,4,OPTIMAL,224.3708,3,3,1,2,0,1.0,224.3708,0.0,0.0,60,1.0,10,1.0
010_RC106,10,RC,3,5,OPTIMAL,210.709,3,3,3,0,0,1.0,210.709,0.0,0.0,60,1.0,10,1.0
010_RC106,10,RC,3,6,OPTIMAL,149.1029,3,2,2,0,1,0.6667,148.477,0.0,0.6259,60,1.0,10,1.0
010_RC106,10,RC,3,7,OPTIMAL,200.061,3,3,2,1,0,1.0,200.061,0.0,0.0,60,1.0,10,1.0
010_RC106,10,RC,3,8,OPTIMAL,213.2692,3,3,2,1,0,1.0,213.2692,0.0,0.0,60,1.0,10,1.0
010_RC106,10,RC,3,9,OPTIMAL,203.6348,3,3,3,0,0,1.0,203.6348,0.0,0.0,60,1.0,10,1.0
010_RC107,10,RC,1,0,OPTIMAL,8.5799,1,0,0,0,1,0.0,0.0,0.0,8.5799,60,1.0,10,1.0
010_RC107,10,RC,1,1,OPTIMAL,6.6403,1,0,0,0,1,0.0,0.0,0.0,6.6403,60,1.0,10,1.0
010_RC107,10,RC,1,2,OPTIMAL,74.5516,1,1,1,0,0,1.0,74.5516,0.0,0.0,60,1.0,10,1.0
010_RC107,10,RC,1,3,OPTIMAL,0.3421,1,0,0,0,1,0.0,0.0,0.0,0.3421,60,1.0,10,1.0
010_RC107,10,RC,1,4,OPTIMAL,59.5695,1,1,1,0,0,1.0,59.5695,0.0,0.0,60,1.0,10,1.0
010_RC107,10,RC,1,5,OPTIMAL,64.1077,1,1,1,0,0,1.0,64.1077,0.0,0.0,60,1.0,10,1.0
010_RC107,10,RC,1,6,OPTIMAL,87.8021,1,1,1,0,0,1.0,87.8021,0.0,0.0,60,1.0,10,1.0
010_RC107,10,RC,1,7,OPTIMAL,83.6573,1,1,1,0,0,1.0,83.6573,0.0,0.0,60,1.0,10,1.0
010_RC107,10,RC,1,8,OPTIMAL,86.4452,1,1,1,0,0,1.0,86.4452,0.0,0.0,60,1.0,10,1.0
010_RC107,10,RC,1,9,OPTIMAL,64.0302,1,1,1,0,0,1.0,64.0302,0.0,0.0,60,1.0,10,1.0
010_RC107,10,RC,2,0,OPTIMAL,148.0767,2,2,2,0,0,1.0,148.0767,0.0,0.0,60,1.0,10,1.0
010_RC107,10,RC,2,1,OPTIMAL,142.9939,2,2,2,0,0,1.0,142.9939,0.0,0.0,60,1.0,10,1.0
010_RC107,10,RC,2,2,OPTIMAL,89.68,2,1,1,0,1,0.5,81.9741,0.0,7.7058,60,1.0,10,1.0
010_RC107,10,RC,2,3,OPTIMAL,151.1409,2,2,2,0,0,1.0,151.1409,0.0,0.0,60,1.0,10,1.0
010_RC107,10,RC,2,4,OPTIMAL,146.6746,2,2,2,0,0,1.0,146.6746,0.0,0.0,60,1.0,10,1.0
010_RC107,10,RC,2,5,OPTIMAL,136.1931,2,2,2,0,0,1.0,136.1931,0.0,0.0,60,1.0,10,1.0
010_RC107,10,RC,2,6,OPTIMAL,152.7498,2,2,2,0,0,1.0,152.7498,0.0,0.0,60,1.0,10,1.0
010_RC107,10,RC,2,7,OPTIMAL,141.0872,2,2,2,0,0,1.0,141.0872,0.0,0.0,60,1.0,10,1.0
010_RC107,10,RC,2,8,OPTIMAL,136.4468,2,2,2,0,0,1.0,136.4468,0.0,0.0,60,1.0,10,1.0
010_RC107,10,RC,2,9,OPTIMAL,69.1086,2,1,1,0,1,0.5,68.3657,0.0,0.7429,60,1.0,10,1.0
010_RC107,10,RC,3,0,OPTIMAL,227.0883,3,3,3,0,0,1.0,227.0883,0.0,0.0,60,1.0,10,1.0
010_RC107,10,RC,3,1,OPTIMAL,202.7634,3,3,3,0,0,1.0,202.7634,0.0,0.0,60,1.0,10,1.0
010_RC107,10,RC,3,2,OPTIMAL,239.3073,3,3,3,0,0,1.0,239.3073,0.0,0.0,60,1.0,10,1.0
010_RC107,10,RC,3,3,OPTIMAL,237.2204,3,3,3,0,0,1.0,237.2204,0.0,0.0,60,1.0,10,1.0
010_RC107,10,RC,3,4,OPTIMAL,95.7318,3,1,1,0,2,0.3333,94.9424,0.0,0.7894,60,1.0,10,1.0
010_RC107,10,RC,3,5,OPTIMAL,142.2027,3,2,2,0,1,0.6667,139.4747,0.0,2.7281,60,1.0,10,1.0
010_RC107,10,RC,3,6,OPTIMAL,219.2171,3,3,3,0,0,1.0,219.2171,0.0,0.0,60,1.0,10,1.0
010_RC107,10,RC,3,7,OPTIMAL,144.6249,3,2,2,0,1,0.6667,142.4516,0.0,2.1733,60,1.0,10,1.0
010_RC107,10,RC,3,8,OPTIMAL,92.8112,3,1,1,0,2,0.3333,81.7379,0.0,11.0733,60,1.0,10,1.0
010_RC107,10,RC,3,9,OPTIMAL,157.7796,3,2,2,0,1,0.6667,132.9809,0.0,24.7987,60,1.0,10,1.0
010_RC108,10,RC,1,0,OPTIMAL,71.0708,1,1,1,0,0,1.0,71.0708,0.0,0.0,60,1.0,10,1.0
010_RC108,10,RC,1,1,OPTIMAL,62.8639,1,1,1,0,0,1.0,62.8639,0.0,0.0,60,1.0,10,1.0
010_RC108,10,RC,1,2,OPTIMAL,74.5516,1,1,1,0,0,1.0,74.5516,0.0,0.0,60,1.0,10,1.0
010_RC108,10,RC,1,3,OPTIMAL,71.5536,1,1,1,0,0,1.0,71.5536,0.0,0.0,60,1.0,10,1.0
010_RC108,10,RC,1,4,OPTIMAL,5.9336,1,0,0,0,1,0.0,0.0,0.0,5.9336,60,1.0,10,1.0
010_RC108,10,RC,1,5,OPTIMAL,4.5058,1,0,0,0,1,0.0,0.0,0.0,4.5058,60,1.0,10,1.0
010_RC108,10,RC,1,6,OPTIMAL,87.8021,1,1,1,0,0,1.0,87.8021,0.0,0.0,60,1.0,10,1.0
010_RC108,10,RC,1,7,OPTIMAL,27.2083,1,0,0,0,1,0.0,0.0,0.0,27.2083,60,1.0,10,1.0
010_RC108,10,RC,1,8,OPTIMAL,86.4452,1,1,1,0,0,1.0,86.4452,0.0,0.0,60,1.0,10,1.0
010_RC108,10,RC,1,9,OPTIMAL,5.481,1,0,0,0,1,0.0,0.0,0.0,5.481,60,1.0,10,1.0
010_RC108,10,RC,2,0,OPTIMAL,73.7545,2,1,1,0,1,0.5,73.7517,0.0,0.0028,60,1.0,10,1.0
010_RC108,10,RC,2,1,OPTIMAL,66.065,2,1,1,0,1,0.5,64.733,0.0,1.332,60,1.0,10,1.0
010_RC108,10,RC,2,2,OPTIMAL,83.8507,2,1,1,0,1,0.5,81.9741,0.0,1.8765,60,1.0,10,1.0
010_RC108,10,RC,2,3,OPTIMAL,151.1409,2,2,2,0,0,1.0,151.1409,0.0,0.0,60,1.0,10,1.0
010_RC108,10,RC,2,4,OPTIMAL,146.6746,2,2,2,0,0,1.0,146.6746,0.0,0.0,60,1.0,10,1.0
010_RC108,10,RC,2,5,OPTIMAL,99.817,2,1,1,0,1,0.5,66.0634,0.0,33.7537,60,1.0,10,1.0
010_RC108,10,RC,2,6,OPTIMAL,73.0255,2,1,1,0,1,0.5,72.9945,0.0,0.031,60,1.0,10,1.0
010_RC108,10,RC,2,7,OPTIMAL,141.0872,2,2,2,0,0,1.0,141.0872,0.0,0.0,60,1.0,10,1.0
010_RC108,10,RC,2,8,OPTIMAL,136.4468,2,2,2,0,0,1.0,136.4468,0.0,0.0,60,1.0,10,1.0
010_RC108,10,RC,2,9,OPTIMAL,70.7379,2,1,1,0,1,0.5,68.3657,0.0,2.3723,60,1.0,10,1.0
010_RC108,10,RC,3,0,OPTIMAL,154.7725,3,2,2,0,1,0.6667,154.2303,0.0,0.5423,60,1.0,10,1.0
010_RC108,10,RC,3,1,OPTIMAL,137.1587,3,2,2,0,1,0.6667,135.7001,0.0,1.4587,60,1.0,10,1.0
010_RC108,10,RC,3,2,OPTIMAL,239.3073,3,3,3,0,0,1.0,239.3073,0.0,0.0,60,1.0,10,1.0
010_RC108,10,RC,3,3,OPTIMAL,164.5121,3,2,2,0,1,0.6667,159.068,0.0,5.4441,60,1.0,10,1.0
010_RC108,10,RC,3,4,OPTIMAL,158.5952,3,2,1,1,1,0.6667,158.5807,0.0,0.0145,60,1.0,10,1.0
010_RC108,10,RC,3,5,OPTIMAL,210.709,3,3,3,0,0,1.0,210.709,0.0,0.0,60,1.0,10,1.0
010_RC108,10,RC,3,6,OPTIMAL,148.4841,3,2,2,0,1,0.6667,148.477,0.0,0.0071,60,1.0,10,1.0
010_RC108,10,RC,3,7,OPTIMAL,145.7116,3,2,2,0,1,0.6667,142.4516,0.0,3.26,60,1.0,10,1.0
010_RC108,10,RC,3,8,OPTIMAL,74.178,3,1,1,0,2,0.3333,68.4232,0.0,5.7548,60,1.0,10,1.0
010_RC108,10,RC,3,9,OPTIMAL,203.6348,3,3,3,0,0,1.0,203.6348,0.0,0.0,60,1.0,10,1.0
010_RC201,10,RC,1,0,OPTIMAL,71.0708,1,1,1,0,0,1.0,71.0708,0.0,0.0,60,1.0,10,1.0
010_RC201,10,RC,1,1,OPTIMAL,6.6403,1,0,0,0,1,0.0,0.0,0.0,6.6403,60,1.0,10,1.0
010_RC201,10,RC,1,2,OPTIMAL,74.5516,1,1,1,0,0,1.0,74.5516,0.0,0.0,60,1.0,10,1.0
010_RC201,10,RC,1,3,OPTIMAL,71.5536,1,1,1,0,0,1.0,71.5536,0.0,0.0,60,1.0,10,1.0
010_RC201,10,RC,1,4,OPTIMAL,59.5695,1,1,1,0,0,1.0,59.5695,0.0,0.0,60,1.0,10,1.0
010_RC201,10,RC,1,5,OPTIMAL,64.1077,1,1,1,0,0,1.0,64.1077,0.0,0.0,60,1.0,10,1.0
010_RC201,10,RC,1,6,OPTIMAL,87.8021,1,1,1,0,0,1.0,87.8021,0.0,0.0,60,1.0,10,1.0
010_RC201,10,RC,1,7,OPTIMAL,13.6041,1,0,0,0,1,0.0,0.0,0.0,13.6041,60,1.0,10,1.0
010_RC201,10,RC,1,8,OPTIMAL,86.4452,1,1,1,0,0,1.0,86.4452,0.0,0.0,60,1.0,10,1.0
010_RC201,10,RC,1,9,OPTIMAL,64.0302,1,1,1,0,0,1.0,64.0302,0.0,0.0,60,1.0,10,1.0
010_RC201,10,RC,2,0,OPTIMAL,148.0767,2,2,2,0,0,1.0,148.0767,0.0,0.0,60,1.0,10,1.0
010_RC201,10,RC,2,1,OPTIMAL,142.9939,2,2,2,0,0,1.0,142.9939,0.0,0.0,60,1.0,10,1.0
010_RC201,10,RC,2,2,OPTIMAL,160.3911,2,2,2,0,0,1.0,160.3911,0.0,0.0,60,1.0,10,1.0
010_RC201,10,RC,2,3,OPTIMAL,151.1409,2,2,2,0,0,1.0,151.1409,0.0,0.0,60,1.0,10,1.0
010_RC201,10,RC,2,4,OPTIMAL,68.1672,2,1,1,0,1,0.5,66.3887,0.0,1.7785,60,1.0,10,1.0
010_RC201,10,RC,2,5,OPTIMAL,136.1931,2,2,2,0,0,1.0,136.1931,0.0,0.0,60,1.0,10,1.0
010_RC201,10,RC,2,6,OPTIMAL,152.7498,2,2,2,0,0,1.0,152.7498,0.0,0.0,60,1.0,10,1.0
010_RC201,10,RC,2,7,OPTIMAL,141.0872,2,2,2,0,0,1.0,141.0872,0.0,0.0,60,1.0,10,1.0
010_RC201,10,RC,2,8,OPTIMAL,136.4468,2,2,2,0,0,1.0,136.4468,0.0,0.0,60,1.0,10,1.0
010_RC201,10,RC,2,9,OPTIMAL,138.1178,2,2,2,0,0,1.0,138.1178,0.0,0.0,60,1.0,10,1.0
010_RC201,10,RC,3,0,OPTIMAL,227.0883,3,3,3,0,0,1.0,227.0883,0.0,0.0,60,1.0,10,1.0
010_RC201,10,RC,3,1,OPTIMAL,202.7634,3,3,3,0,0,1.0,202.7634,0.0,0.0,60,1.0,10,1.0
010_RC201,10,RC,3,2,OPTIMAL,239.3073,3,3,3,0,0,1.0,239.3073,0.0,0.0,60,1.0,10,1.0
010_RC201,10,RC,3,3,OPTIMAL,237.2204,3,3,3,0,0,1.0,237.2204,0.0,0.0,60,1.0,10,1.0
010_RC201,10,RC,3,4,OPTIMAL,106.748,3,1,1,0,2,0.3333,94.9424,0.0,11.8057,60,1.0,10,1.0
010_RC201,10,RC,3,5,OPTIMAL,210.709,3,3,3,0,0,1.0,210.709,0.0,0.0,60,1.0,10,1.0
010_RC201,10,RC,3,6,OPTIMAL,219.2171,3,3,3,0,0,1.0,219.2171,0.0,0.0,60,1.0,10,1.0
010_RC201,10,RC,3,7,OPTIMAL,145.9315,3,2,2,0,1,0.6667,142.4516,0.0,3.4799,60,1.0,10,1.0
010_RC201,10,RC,3,8,OPTIMAL,213.2692,3,3,2,1,0,1.0,213.2692,0.0,0.0,60,1.0,10,1.0
010_RC201,10,RC,3,9,OPTIMAL,134.468,3,2,2,0,1,0.6667,133.9654,0.0,0.5026,60,1.0,10,1.0
010_RC202,10,RC,1,0,OPTIMAL,71.0708,1,1,1,0,0,1.0,71.0708,0.0,0.0,60,1.0,10,1.0
010_RC202,10,RC,1,1,OPTIMAL,62.8639,1,1,0,1,0,1.0,62.8639,0.0,0.0,60,1.0,10,1.0
010_RC202,10,RC,1,2,OPTIMAL,74.5516,1,1,1,0,0,1.0,74.5516,0.0,0.0,60,1.0,10,1.0
010_RC202,10,RC,1,3,OPTIMAL,71.5536,1,1,1,0,0,1.0,71.5536,0.0,0.0,60,1.0,10,1.0
010_RC202,10,RC,1,4,OPTIMAL,59.5695,1,1,1,0,0,1.0,59.5695,0.0,0.0,60,1.0,10,1.0
010_RC202,10,RC,1,5,OPTIMAL,64.1077,1,1,1,0,0,1.0,64.1077,0.0,0.0,60,1.0,10,1.0
010_RC202,10,RC,1,6,OPTIMAL,87.8021,1,1,1,0,0,1.0,87.8021,0.0,0.0,60,1.0,10,1.0
010_RC202,10,RC,1,7,OPTIMAL,83.6573,1,1,0,1,0,1.0,83.6573,0.0,0.0,60,1.0,10,1.0
010_RC202,10,RC,1,8,OPTIMAL,86.4452,1,1,1,0,0,1.0,86.4452,0.0,0.0,60,1.0,10,1.0
010_RC202,10,RC,1,9,OPTIMAL,64.0302,1,1,1,0,0,1.0,64.0302,0.0,0.0,60,1.0,10,1.0
010_RC202,10,RC,2,0,OPTIMAL,148.0767,2,2,2,0,0,1.0,148.0767,0.0,0.0,60,1.0,10,1.0
010_RC202,10,RC,2,1,OPTIMAL,142.9939,2,2,2,0,0,1.0,142.9939,0.0,0.0,60,1.0,10,1.0
010_RC202,10,RC,2,2,OPTIMAL,160.3911,2,2,2,0,0,1.0,160.3911,0.0,0.0,60,1.0,10,1.0
010_RC202,10,RC,2,3,OPTIMAL,151.1409,2,2,2,0,0,1.0,151.1409,0.0,0.0,60,1.0,10,1.0
010_RC202,10,RC,2,4,OPTIMAL,146.6746,2,2,2,0,0,1.0,146.6746,0.0,0.0,60,1.0,10,1.0
010_RC202,10,RC,2,5,OPTIMAL,136.1931,2,2,2,0,0,1.0,136.1931,0.0,0.0,60,1.0,10,1.0
010_RC202,10,RC,2,6,OPTIMAL,152.7498,2,2,2,0,0,1.0,152.7498,0.0,0.0,60,1.0,10,1.0
010_RC202,10,RC,2,7,OPTIMAL,141.0872,2,2,2,0,0,1.0,141.0872,0.0,0.0,60,1.0,10,1.0
010_RC202,10,RC,2,8,OPTIMAL,136.4468,2,2,2,0,0,1.0,136.4468,0.0,0.0,60,1.0,10,1.0
010_RC202,10,RC,2,9,OPTIMAL,138.1178,2,2,2,0,0,1.0,138.1178,0.0,0.0,60,1.0,10,1.0
010_RC202,10,RC,3,0,OPTIMAL,227.0883,3,3,3,0,0,1.0,227.0883,0.0,0.0,60,1.0,10,1.0
010_RC202,10,RC,3,1,OPTIMAL,202.7634,3,3,3,0,0,1.0,202.7634,0.0,0.0,60,1.0,10,1.0
010_RC202,10,RC,3,2,OPTIMAL,239.3073,3,3,3,0,0,1.0,239.3073,0.0,0.0,60,1.0,10,1.0
010_RC202,10,RC,3,3,OPTIMAL,237.2204,3,3,3,0,0,1.0,237.2204,0.0,0.0,60,1.0,10,1.0
010_RC202,10,RC,3,4,OPTIMAL,159.8944,3,2,2,0,1,0.6667,158.5807,0.0,1.3137,60,1.0,10,1.0
010_RC202,10,RC,3,5,OPTIMAL,210.709,3,3,3,0,0,1.0,210.709,0.0,0.0,60,1.0,10,1.0
010_RC202,10,RC,3,6,OPTIMAL,219.2171,3,3,3,0,0,1.0,219.2171,0.0,0.0,60,1.0,10,1.0
010_RC202,10,RC,3,7,OPTIMAL,200.061,3,3,3,0,0,1.0,200.061,0.0,0.0,60,1.0,10,1.0
010_RC202,10,RC,3,8,OPTIMAL,213.2692,3,3,3,0,0,1.0,213.2692,0.0,0.0,60,1.0,10,1.0
010_RC202,10,RC,3,9,OPTIMAL,134.468,3,2,2,0,1,0.6667,133.9654,0.0,0.5026,60,1.0,10,1.0
010_RC203,10,RC,1,0,OPTIMAL,71.0708,1,1,1,0,0,1.0,71.0708,0.0,0.0,60,1.0,10,1.0
010_RC203,10,RC,1,1,OPTIMAL,62.8639,1,1,0,1,0,1.0,62.8639,0.0,0.0,60,1.0,10,1.0
010_RC203,10,RC,1,2,OPTIMAL,74.5516,1,1,1,0,0,1.0,74.5516,0.0,0.0,60,1.0,10,1.0
010_RC203,10,RC,1,3,OPTIMAL,71.5536,1,1,1,0,0,1.0,71.5536,0.0,0.0,60,1.0,10,1.0
010_RC203,10,RC,1,4,OPTIMAL,59.5695,1,1,1,0,0,1.0,59.5695,0.0,0.0,60,1.0,10,1.0
010_RC203,10,RC,1,5,OPTIMAL,64.1077,1,1,1,0,0,1.0,64.1077,0.0,0.0,60,1.0,10,1.0
010_RC203,10,RC,1,6,OPTIMAL,87.8021,1,1,1,0,0,1.0,87.8021,0.0,0.0,60,1.0,10,1.0
010_RC203,10,RC,1,7,OPTIMAL,83.6573,1,1,1,0,0,1.0,83.6573,0.0,0.0,60,1.0,10,1.0
010_RC203,10,RC,1,8,OPTIMAL,86.4452,1,1,1,0,0,1.0,86.4452,0.0,0.0,60,1.0,10,1.0
010_RC203,10,RC,1,9,OPTIMAL,64.0302,1,1,1,0,0,1.0,64.0302,0.0,0.0,60,1.0,10,1.0
010_RC203,10,RC,2,0,OPTIMAL,148.0767,2,2,2,0,0,1.0,148.0767,0.0,0.0,60,1.0,10,1.0
010_RC203,10,RC,2,1,OPTIMAL,142.9939,2,2,2,0,0,1.0,142.9939,0.0,0.0,60,1.0,10,1.0
010_RC203,10,RC,2,2,OPTIMAL,160.3911,2,2,2,0,0,1.0,160.3911,0.0,0.0,60,1.0,10,1.0
010_RC203,10,RC,2,3,OPTIMAL,151.1409,2,2,2,0,0,1.0,151.1409,0.0,0.0,60,1.0,10,1.0
010_RC203,10,RC,2,4,OPTIMAL,146.6746,2,2,2,0,0,1.0,146.6746,0.0,0.0,60,1.0,10,1.0
010_RC203,10,RC,2,5,OPTIMAL,136.1931,2,2,2,0,0,1.0,136.1931,0.0,0.0,60,1.0,10,1.0
010_RC203,10,RC,2,6,OPTIMAL,152.7498,2,2,2,0,0,1.0,152.7498,0.0,0.0,60,1.0,10,1.0
010_RC203,10,RC,2,7,OPTIMAL,141.0872,2,2,2,0,0,1.0,141.0872,0.0,0.0,60,1.0,10,1.0
010_RC203,10,RC,2,8,OPTIMAL,136.4468,2,2,2,0,0,1.0,136.4468,0.0,0.0,60,1.0,10,1.0
010_RC203,10,RC,2,9,OPTIMAL,138.1178,2,2,2,0,0,1.0,138.1178,0.0,0.0,60,1.0,10,1.0
010_RC203,10,RC,3,0,OPTIMAL,227.0883,3,3,3,0,0,1.0,227.0883,0.0,0.0,60,1.0,10,1.0
010_RC203,10,RC,3,1,OPTIMAL,202.7634,3,3,3,0,0,1.0,202.7634,0.0,0.0,60,1.0,10,1.0
010_RC203,10,RC,3,2,OPTIMAL,239.3073,3,3,3,0,0,1.0,239.3073,0.0,0.0,60,1.0,10,1.0
010_RC203,10,RC,3,3,OPTIMAL,237.2204,3,3,3,0,0,1.0,237.2204,0.0,0.0,60,1.0,10,1.0
010_RC203,10,RC,3,4,OPTIMAL,159.8944,3,2,2,0,1,0.6667,158.5807,0.0,1.3137,60,1.0,10,1.0
010_RC203,10,RC,3,5,OPTIMAL,210.709,3,3,3,0,0,1.0,210.709,0.0,0.0,60,1.0,10,1.0
010_RC203,10,RC,3,6,OPTIMAL,219.2171,3,3,3,0,0,1.0,219.2171,0.0,0.0,60,1.0,10,1.0
010_RC203,10,RC,3,7,OPTIMAL,200.061,3,3,3,0,0,1.0,200.061,0.0,0.0,60,1.0,10,1.0
010_RC203,10,RC,3,8,OPTIMAL,213.2692,3,3,3,0,0,1.0,213.2692,0.0,0.0,60,1.0,10,1.0
010_RC203,10,RC,3,9,OPTIMAL,203.6348,3,3,3,0,0,1.0,203.6348,0.0,0.0,60,1.0,10,1.0
010_RC204,10,RC,1,0,OPTIMAL,71.0708,1,1,1,0,0,1.0,71.0708,0.0,0.0,60,1.0,10,1.0
010_RC204,10,RC,1,1,OPTIMAL,62.8639,1,1,1,0,0,1.0,62.8639,0.0,0.0,60,1.0,10,1.0
010_RC204,10,RC,1,2,OPTIMAL,74.5516,1,1,1,0,0,1.0,74.5516,0.0,0.0,60,1.0,10,1.0
010_RC204,10,RC,1,3,OPTIMAL,71.5536,1,1,1,0,0,1.0,71.5536,0.0,0.0,60,1.0,10,1.0
010_RC204,10,RC,1,4,OPTIMAL,59.5695,1,1,1,0,0,1.0,59.5695,0.0,0.0,60,1.0,10,1.0
010_RC204,10,RC,1,5,OPTIMAL,64.1077,1,1,1,0,0,1.0,64.1077,0.0,0.0,60,1.0,10,1.0
010_RC204,10,RC,1,6,OPTIMAL,87.8021,1,1,1,0,0,1.0,87.8021,0.0,0.0,60,1.0,10,1.0
010_RC204,10,RC,1,7,OPTIMAL,83.6573,1,1,1,0,0,1.0,83.6573,0.0,0.0,60,1.0,10,1.0
010_RC204,10,RC,1,8,OPTIMAL,86.4452,1,1,1,0,0,1.0,86.4452,0.0,0.0,60,1.0,10,1.0
010_RC204,10,RC,1,9,OPTIMAL,64.0302,1,1,1,0,0,1.0,64.0302,0.0,0.0,60,1.0,10,1.0
010_RC204,10,RC,2,0,OPTIMAL,148.0767,2,2,2,0,0,1.0,148.0767,0.0,0.0,60,1.0,10,1.0
010_RC204,10,RC,2,1,OPTIMAL,142.9939,2,2,2,0,0,1.0,142.9939,0.0,0.0,60,1.0,10,1.0
010_RC204,10,RC,2,2,OPTIMAL,160.3911,2,2,2,0,0,1.0,160.3911,0.0,0.0,60,1.0,10,1.0
010_RC204,10,RC,2,3,OPTIMAL,151.1409,2,2,2,0,0,1.0,151.1409,0.0,0.0,60,1.0,10,1.0
010_RC204,10,RC,2,4,OPTIMAL,146.6746,2,2,2,0,0,1.0,146.6746,0.0,0.0,60,1.0,10,1.0
010_RC204,10,RC,2,5,OPTIMAL,136.1931,2,2,2,0,0,1.0,136.1931,0.0,0.0,60,1.0,10,1.0
010_RC204,10,RC,2,6,OPTIMAL,152.7498,2,2,2,0,0,1.0,152.7498,0.0,0.0,60,1.0,10,1.0
010_RC204,10,RC,2,7,OPTIMAL,85.9176,2,1,1,0,1,0.5,76.9646,0.0,8.953,60,1.0,10,1.0
010_RC204,10,RC,2,8,OPTIMAL,136.4468,2,2,2,0,0,1.0,136.4468,0.0,0.0,60,1.0,10,1.0
010_RC204,10,RC,2,9,OPTIMAL,138.1178,2,2,2,0,0,1.0,138.1178,0.0,0.0,60,1.0,10,1.0
010_RC204,10,RC,3,0,OPTIMAL,227.0883,3,3,3,0,0,1.0,227.0883,0.0,0.0,60,1.0,10,1.0
010_RC204,10,RC,3,1,OPTIMAL,202.7634,3,3,3,0,0,1.0,202.7634,0.0,0.0,60,1.0,10,1.0
010_RC204,10,RC,3,2,OPTIMAL,239.3073,3,3,3,0,0,1.0,239.3073,0.0,0.0,60,1.0,10,1.0
010_RC204,10,RC,3,3,OPTIMAL,237.2204,3,3,3,0,0,1.0,237.2204,0.0,0.0,60,1.0,10,1.0
010_RC204,10,RC,3,4,OPTIMAL,159.8944,3,2,2,0,1,0.6667,158.5807,0.0,1.3137,60,1.0,10,1.0
010_RC204,10,RC,3,5,OPTIMAL,157.3674,3,2,2,0,1,0.6667,149.0623,0.0,8.3051,60,1.0,10,1.0
010_RC204,10,RC,3,6,OPTIMAL,145.1319,3,2,2,0,1,0.6667,141.9264,0.0,3.2055,60,1.0,10,1.0
010_RC204,10,RC,3,7,OPTIMAL,200.061,3,3,3,0,0,1.0,200.061,0.0,0.0,60,1.0,10,1.0
010_RC204,10,RC,3,8,OPTIMAL,213.2692,3,3,3,0,0,1.0,213.2692,0.0,0.0,60,1.0,10,1.0
010_RC204,10,RC,3,9,OPTIMAL,203.6348,3,3,3,0,0,1.0,203.6348,0.0,0.0,60,1.0,10,1.0
010_RC205,10,RC,1,0,OPTIMAL,8.5799,1,0,0,0,1,0.0,0.0,0.0,8.5799,60,1.0,10,1.0
010_RC205,10,RC,1,1,OPTIMAL,62.8639,1,1,1,0,0,1.0,62.8639,0.0,0.0,60,1.0,10,1.0
010_RC205,10,RC,1,2,OPTIMAL,74.5516,1,1,1,0,0,1.0,74.5516,0.0,0.0,60,1.0,10,1.0
010_RC205,10,RC,1,3,OPTIMAL,71.5536,1,1,1,0,0,1.0,71.5536,0.0,0.0,60,1.0,10,1.0
010_RC205,10,RC,1,4,OPTIMAL,59.5695,1,1,1,0,0,1.0,59.5695,0.0,0.0,60,1.0,10,1.0
010_RC205,10,RC,1,5,OPTIMAL,64.1077,1,1,1,0,0,1.0,64.1077,0.0,0.0,60,1.0,10,1.0
010_RC205,10,RC,1,6,OPTIMAL,87.8021,1,1,1,0,0,1.0,87.8021,0.0,0.0,60,1.0,10,1.0
010_RC205,10,RC,1,7,OPTIMAL,83.6573,1,1,1,0,0,1.0,83.6573,0.0,0.0,60,1.0,10,1.0
010_RC205,10,RC,1,8,OPTIMAL,86.4452,1,1,1,0,0,1.0,86.4452,0.0,0.0,60,1.0,10,1.0
010_RC205,10,RC,1,9,OPTIMAL,64.0302,1,1,1,0,0,1.0,64.0302,0.0,0.0,60,1.0,10,1.0
010_RC205,10,RC,2,0,OPTIMAL,148.0767,2,2,1,1,0,1.0,148.0767,0.0,0.0,60,1.0,10,1.0
010_RC205,10,RC,2,1,OPTIMAL,65.399,2,1,1,0,1,0.5,64.733,0.0,0.666,60,1.0,10,1.0
010_RC205,10,RC,2,2,OPTIMAL,160.3911,2,2,2,0,0,1.0,160.3911,0.0,0.0,60,1.0,10,1.0
010_RC205,10,RC,2,3,OPTIMAL,151.1409,2,2,2,0,0,1.0,151.1409,0.0,0.0,60,1.0,10,1.0
010_RC205,10,RC,2,4,OPTIMAL,146.6746,2,2,2,0,0,1.0,146.6746,0.0,0.0,60,1.0,10,1.0
010_RC205,10,RC,2,5,OPTIMAL,136.1931,2,2,2,0,0,1.0,136.1931,0.0,0.0,60,1.0,10,1.0
010_RC205,10,RC,2,6,OPTIMAL,152.7498,2,2,2,0,0,1.0,152.7498,0.0,0.0,60,1.0,10,1.0
010_RC205,10,RC,2,7,OPTIMAL,86.0482,2,1,1,0,1,0.5,76.9646,0.0,9.0836,60,1.0,10,1.0
010_RC205,10,RC,2,8,OPTIMAL,136.4468,2,2,2,0,0,1.0,136.4468,0.0,0.0,60,1.0,10,1.0
010_RC205,10,RC,2,9,OPTIMAL,138.1178,2,2,2,0,0,1.0,138.1178,0.0,0.0,60,1.0,10,1.0
010_RC205,10,RC,3,0,OPTIMAL,227.0883,3,3,3,0,0,1.0,227.0883,0.0,0.0,60,1.0,10,1.0
010_RC205,10,RC,3,1,OPTIMAL,202.7634,3,3,3,0,0,1.0,202.7634,0.0,0.0,60,1.0,10,1.0
010_RC205,10,RC,3,2,OPTIMAL,239.3073,3,3,3,0,0,1.0,239.3073,0.0,0.0,60,1.0,10,1.0
010_RC205,10,RC,3,3,OPTIMAL,237.2204,3,3,3,0,0,1.0,237.2204,0.0,0.0,60,1.0,10,1.0
010_RC205,10,RC,3,4,OPTIMAL,165.7016,3,2,2,0,1,0.6667,160.7325,0.0,4.9691,60,1.0,10,1.0
010_RC205,10,RC,3,5,OPTIMAL,157.7922,3,2,2,0,1,0.6667,149.0623,0.0,8.7299,60,1.0,10,1.0
010_RC205,10,RC,3,6,OPTIMAL,152.2931,3,2,1,1,1,0.6667,148.0308,0.0,4.2623,60,1.0,10,1.0
010_RC205,10,RC,3,7,OPTIMAL,142.7177,3,2,2,0,1,0.6667,142.4516,0.0,0.2661,60,1.0,10,1.0
010_RC205,10,RC,3,8,OPTIMAL,213.2692,3,3,3,0,0,1.0,213.2692,0.0,0.0,60,1.0,10,1.0
010_RC205,10,RC,3,9,OPTIMAL,203.6348,3,3,3,0,0,1.0,203.6348,0.0,0.0,60,1.0,10,1.0
010_RC206,10,RC,1,0,OPTIMAL,71.0708,1,1,1,0,0,1.0,71.0708,0.0,0.0,60,1.0,10,1.0
010_RC206,10,RC,1,1,OPTIMAL,62.8639,1,1,1,0,0,1.0,62.8639,0.0,0.0,60,1.0,10,1.0
010_RC206,10,RC,1,2,OPTIMAL,74.5516,1,1,1,0,0,1.0,74.5516,0.0,0.0,60,1.0,10,1.0
010_RC206,10,RC,1,3,OPTIMAL,71.5536,1,1,1,0,0,1.0,71.5536,0.0,0.0,60,1.0,10,1.0
010_RC206,10,RC,1,4,OPTIMAL,59.5695,1,1,1,0,0,1.0,59.5695,0.0,0.0,60,1.0,10,1.0
010_RC206,10,RC,1,5,OPTIMAL,64.1077,1,1,1,0,0,1.0,64.1077,0.0,0.0,60,1.0,10,1.0
010_RC206,10,RC,1,6,OPTIMAL,87.8021,1,1,1,0,0,1.0,87.8021,0.0,0.0,60,1.0,10,1.0
010_RC206,10,RC,1,7,OPTIMAL,83.6573,1,1,1,0,0,1.0,83.6573,0.0,0.0,60,1.0,10,1.0
010_RC206,10,RC,1,8,OPTIMAL,86.4452,1,1,1,0,0,1.0,86.4452,0.0,0.0,60,1.0,10,1.0
010_RC206,10,RC,1,9,OPTIMAL,64.0302,1,1,1,0,0,1.0,64.0302,0.0,0.0,60,1.0,10,1.0
010_RC206,10,RC,2,0,OPTIMAL,148.0767,2,2,2,0,0,1.0,148.0767,0.0,0.0,60,1.0,10,1.0
010_RC206,10,RC,2,1,OPTIMAL,65.399,2,1,1,0,1,0.5,64.733,0.0,0.666,60,1.0,10,1.0
010_RC206,10,RC,2,2,OPTIMAL,160.3911,2,2,2,0,0,1.0,160.3911,0.0,0.0,60,1.0,10,1.0
010_RC206,10,RC,2,3,OPTIMAL,151.1409,2,2,2,0,0,1.0,151.1409,0.0,0.0,60,1.0,10,1.0
010_RC206,10,RC,2,4,OPTIMAL,146.6746,2,2,2,0,0,1.0,146.6746,0.0,0.0,60,1.0,10,1.0
010_RC206,10,RC,2,5,OPTIMAL,136.1931,2,2,2,0,0,1.0,136.1931,0.0,0.0,60,1.0,10,1.0
010_RC206,10,RC,2,6,OPTIMAL,152.7498,2,2,1,1,0,1.0,152.7498,0.0,0.0,60,1.0,10,1.0
010_RC206,10,RC,2,7,OPTIMAL,141.0872,2,2,2,0,0,1.0,141.0872,0.0,0.0,60,1.0,10,1.0
010_RC206,10,RC,2,8,OPTIMAL,136.4468,2,2,2,0,0,1.0,136.4468,0.0,0.0,60,1.0,10,1.0
010_RC206,10,RC,2,9,OPTIMAL,138.1178,2,2,2,0,0,1.0,138.1178,0.0,0.0,60,1.0,10,1.0
010_RC206,10,RC,3,0,OPTIMAL,227.0883,3,3,3,0,0,1.0,227.0883,0.0,0.0,60,1.0,10,1.0
010_RC206,10,RC,3,1,OPTIMAL,202.7634,3,3,2,1,0,1.0,202.7634,0.0,0.0,60,1.0,10,1.0
010_RC206,10,RC,3,2,OPTIMAL,239.3073,3,3,3,0,0,1.0,239.3073,0.0,0.0,60,1.0,10,1.0
010_RC206,10,RC,3,3,OPTIMAL,237.2204,3,3,3,0,0,1.0,237.2204,0.0,0.0,60,1.0,10,1.0
010_RC206,10,RC,3,4,OPTIMAL,224.3708,3,3,3,0,0,1.0,224.3708,0.0,0.0,60,1.0,10,1.0
010_RC206,10,RC,3,5,OPTIMAL,210.709,3,3,3,0,0,1.0,210.709,0.0,0.0,60,1.0,10,1.0
010_RC206,10,RC,3,6,OPTIMAL,219.2171,3,3,3,0,0,1.0,219.2171,0.0,0.0,60,1.0,10,1.0
010_RC206,10,RC,3,7,OPTIMAL,200.061,3,3,3,0,0,1.0,200.061,0.0,0.0,60,1.0,10,1.0
010_RC206,10,RC,3,8,OPTIMAL,150.0238,3,2,2,0,1,0.6667,144.8459,0.0,5.1778,60,1.0,10,1.0
010_RC206,10,RC,3,9,OPTIMAL,203.6348,3,3,3,0,0,1.0,203.6348,0.0,0.0,60,1.0,10,1.0
010_RC207,10,RC,1,0,OPTIMAL,71.0708,1,1,1,0,0,1.0,71.0708,0.0,0.0,60,1.0,10,1.0
010_RC207,10,RC,1,1,OPTIMAL,62.8639,1,1,1,0,0,1.0,62.8639,0.0,0.0,60,1.0,10,1.0
010_RC207,10,RC,1,2,OPTIMAL,74.5516,1,1,1,0,0,1.0,74.5516,0.0,0.0,60,1.0,10,1.0
010_RC207,10,RC,1,3,OPTIMAL,71.5536,1,1,1,0,0,1.0,71.5536,0.0,0.0,60,1.0,10,1.0
010_RC207,10,RC,1,4,OPTIMAL,59.5695,1,1,1,0,0,1.0,59.5695,0.0,0.0,60,1.0,10,1.0
010_RC207,10,RC,1,5,OPTIMAL,64.1077,1,1,1,0,0,1.0,64.1077,0.0,0.0,60,1.0,10,1.0
010_RC207,10,RC,1,6,OPTIMAL,87.8021,1,1,1,0,0,1.0,87.8021,0.0,0.0,60,1.0,10,1.0
010_RC207,10,RC,1,7,OPTIMAL,83.6573,1,1,1,0,0,1.0,83.6573,0.0,0.0,60,1.0,10,1.0
010_RC207,10,RC,1,8,OPTIMAL,86.4452,1,1,1,0,0,1.0,86.4452,0.0,0.0,60,1.0,10,1.0
010_RC207,10,RC,1,9,OPTIMAL,64.0302,1,1,1,0,0,1.0,64.0302,0.0,0.0,60,1.0,10,1.0
010_RC207,10,RC,2,0,OPTIMAL,148.0767,2,2,1,1,0,1.0,148.0767,0.0,0.0,60,1.0,10,1.0
010_RC207,10,RC,2,1,OPTIMAL,65.399,2,1,1,0,1,0.5,64.733,0.0,0.666,60,1.0,10,1.0
010_RC207,10,RC,2,2,OPTIMAL,160.3911,2,2,2,0,0,1.0,160.3911,0.0,0.0,60,1.0,10,1.0
010_RC207,10,RC,2,3,OPTIMAL,151.1409,2,2,2,0,0,1.0,151.1409,0.0,0.0,60,1.0,10,1.0
010_RC207,10,RC,2,4,OPTIMAL,146.6746,2,2,1,1,0,1.0,146.6746,0.0,0.0,60,1.0,10,1.0
010_RC207,10,RC,2,5,OPTIMAL,136.1931,2,2,2,0,0,1.0,136.1931,0.0,0.0,60,1.0,10,1.0
010_RC207,10,RC,2,6,OPTIMAL,152.7498,2,2,2,0,0,1.0,152.7498,0.0,0.0,60,1.0,10,1.0
010_RC207,10,RC,2,7,OPTIMAL,141.0872,2,2,2,0,0,1.0,141.0872,0.0,0.0,60,1.0,10,1.0
010_RC207,10,RC,2,8,OPTIMAL,136.4468,2,2,2,0,0,1.0,136.4468,0.0,0.0,60,1.0,10,1.0
010_RC207,10,RC,2,9,OPTIMAL,138.1178,2,2,2,0,0,1.0,138.1178,0.0,0.0,60,1.0,10,1.0
010_RC207,10,RC,3,0,OPTIMAL,227.0883,3,3,3,0,0,1.0,227.0883,0.0,0.0,60,1.0,10,1.0
010_RC207,10,RC,3,1,OPTIMAL,202.7634,3,3,3,0,0,1.0,202.7634,0.0,0.0,60,1.0,10,1.0
010_RC207,10,RC,3,2,OPTIMAL,239.3073,3,3,3,0,0,1.0,239.3073,0.0,0.0,60,1.0,10,1.0
010_RC207,10,RC,3,3,OPTIMAL,237.2204,3,3,3,0,0,1.0,237.2204,0.0,0.0,60,1.0,10,1.0
010_RC207,10,RC,3,4,OPTIMAL,161.1175,3,2,2,0,1,0.6667,160.7325,0.0,0.385,60,1.0,10,1.0
010_RC207,10,RC,3,5,OPTIMAL,210.709,3,3,2,1,0,1.0,210.709,0.0,0.0,60,1.0,10,1.0
010_RC207,10,RC,3,6,OPTIMAL,219.2171,3,3,3,0,0,1.0,219.2171,0.0,0.0,60,1.0,10,1.0
010_RC207,10,RC,3,7,OPTIMAL,143.5383,3,2,2,0,1,0.6667,142.4516,0.0,1.0867,60,1.0,10,1.0
010_RC207,10,RC,3,8,OPTIMAL,70.5563,3,1,1,0,2,0.3333,63.108,0.0,7.4483,60,1.0,10,1.0
010_RC207,10,RC,3,9,OPTIMAL,134.468,3,2,2,0,1,0.6667,133.9654,0.0,0.5026,60,1.0,10,1.0
010_RC208,10,RC,1,0,OPTIMAL,71.0708,1,1,1,0,0,1.0,71.0708,0.0,0.0,60,1.0,10,1.0
010_RC208,10,RC,1,1,OPTIMAL,62.8639,1,1,1,0,0,1.0,62.8639,0.0,0.0,60,1.0,10,1.0
010_RC208,10,RC,1,2,OPTIMAL,74.5516,1,1,1,0,0,1.0,74.5516,0.0,0.0,60,1.0,10,1.0
010_RC208,10,RC,1,3,OPTIMAL,71.5536,1,1,0,1,0,1.0,71.5536,0.0,0.0,60,1.0,10,1.0
010_RC208,10,RC,1,4,OPTIMAL,59.5695,1,1,1,0,0,1.0,59.5695,0.0,0.0,60,1.0,10,1.0
010_RC208,10,RC,1,5,OPTIMAL,64.1077,1,1,1,0,0,1.0,64.1077,0.0,0.0,60,1.0,10,1.0
010_RC208,10,RC,1,6,OPTIMAL,87.8021,1,1,1,0,0,1.0,87.8021,0.0,0.0,60,1.0,10,1.0
010_RC208,10,RC,1,7,OPTIMAL,83.6573,1,1,1,0,0,1.0,83.6573,0.0,0.0,60,1.0,10,1.0
010_RC208,10,RC,1,8,OPTIMAL,86.4452,1,1,1,0,0,1.0,86.4452,0.0,0.0,60,1.0,10,1.0
010_RC208,10,RC,1,9,OPTIMAL,64.0302,1,1,1,0,0,1.0,64.0302,0.0,0.0,60,1.0,10,1.0
010_RC208,10,RC,2,0,OPTIMAL,148.0767,2,2,2,0,0,1.0,148.0767,0.0,0.0,60,1.0,10,1.0
010_RC208,10,RC,2,1,OPTIMAL,142.9939,2,2,2,0,0,1.0,142.9939,0.0,0.0,60,1.0,10,1.0
010_RC208,10,RC,2,2,OPTIMAL,160.3911,2,2,2,0,0,1.0,160.3911,0.0,0.0,60,1.0,10,1.0
010_RC208,10,RC,2,3,OPTIMAL,151.1409,2,2,2,0,0,1.0,151.1409,0.0,0.0,60,1.0,10,1.0
010_RC208,10,RC,2,4,OPTIMAL,146.6746,2,2,2,0,0,1.0,146.6746,0.0,0.0,60,1.0,10,1.0
010_RC208,10,RC,2,5,OPTIMAL,136.1931,2,2,2,0,0,1.0,136.1931,0.0,0.0,60,1.0,10,1.0
010_RC208,10,RC,2,6,OPTIMAL,152.7498,2,2,2,0,0,1.0,152.7498,0.0,0.0,60,1.0,10,1.0
010_RC208,10,RC,2,7,OPTIMAL,86.0482,2,1,1,0,1,0.5,76.9646,0.0,9.0836,60,1.0,10,1.0
010_RC208,10,RC,2,8,OPTIMAL,136.4468,2,2,2,0,0,1.0,136.4468,0.0,0.0,60,1.0,10,1.0
010_RC208,10,RC,2,9,OPTIMAL,138.1178,2,2,2,0,0,1.0,138.1178,0.0,0.0,60,1.0,10,1.0
010_RC208,10,RC,3,0,OPTIMAL,154.2304,3,2,2,0,1,0.6667,154.2303,0.0,0.0002,60,1.0,10,1.0
010_RC208,10,RC,3,1,OPTIMAL,202.7634,3,3,3,0,0,1.0,202.7634,0.0,0.0,60,1.0,10,1.0
010_RC208,10,RC,3,2,OPTIMAL,239.3073,3,3,3,0,0,1.0,239.3073,0.0,0.0,60,1.0,10,1.0
010_RC208,10,RC,3,3,OPTIMAL,237.2204,3,3,3,0,0,1.0,237.2204,0.0,0.0,60,1.0,10,1.0
010_RC208,10,RC,3,4,OPTIMAL,224.3708,3,3,3,0,0,1.0,224.3708,0.0,0.0,60,1.0,10,1.0
010_RC208,10,RC,3,5,OPTIMAL,157.7922,3,2,2,0,1,0.6667,149.0623,0.0,8.7299,60,1.0,10,1.0
010_RC208,10,RC,3,6,OPTIMAL,219.2171,3,3,3,0,0,1.0,219.2171,0.0,0.0,60,1.0,10,1.0
010_RC208,10,RC,3,7,OPTIMAL,200.061,3,3,3,0,0,1.0,200.061,0.0,0.0,60,1.0,10,1.0
010_RC208,10,RC,3,8,OPTIMAL,213.2692,3,3,3,0,0,1.0,213.2692,0.0,0.0,60,1.0,10,1.0
010_RC208,10,RC,3,9,OPTIMAL,203.6348,3,3,3,0,0,1.0,203.6348,0.0,0.0,60,1.0,10,1.0
015_C101,15,C,1,0,OPTIMAL,74.2195,1,1,1,0,0,1.0,74.2195,0.0,0.0,60,1.0,10,1.0
015_C101,15,C,1,1,OPTIMAL,35.6173,1,1,1,0,0,1.0,35.6173,0.0,0.0,60,1.0,10,1.0
015_C101,15,C,1,2,OPTIMAL,34.5881,1,1,1,0,0,1.0,34.5881,0.0,0.0,60,1.0,10,1.0
015_C101,15,C,1,3,OPTIMAL,11.2423,1,0,0,0,1,0.0,0.0,0.0,11.2423,60,1.0,10,1.0
015_C101,15,C,1,4,OPTIMAL,77.0919,1,1,1,0,0,1.0,77.0919,0.0,0.0,60,1.0,10,1.0
015_C101,15,C,1,5,OPTIMAL,39.709,1,1,1,0,0,1.0,39.709,0.0,0.0,60,1.0,10,1.0
015_C101,15,C,1,6,OPTIMAL,34.9819,1,1,1,0,0,1.0,34.9819,0.0,0.0,60,1.0,10,1.0
015_C101,15,C,1,7,OPTIMAL,35.0771,1,1,1,0,0,1.0,35.0771,0.0,0.0,60,1.0,10,1.0
015_C101,15,C,1,8,OPTIMAL,35.1408,1,1,1,0,0,1.0,35.1408,0.0,0.0,60,1.0,10,1.0
015_C101,15,C,1,9,OPTIMAL,31.6875,1,1,1,0,0,1.0,31.6875,0.0,0.0,60,1.0,10,1.0
015_C101,15,C,2,0,OPTIMAL,70.0599,2,2,2,0,0,1.0,70.0599,0.0,0.0,60,1.0,10,1.0
015_C101,15,C,2,1,OPTIMAL,36.1824,2,1,1,0,1,0.5,35.2687,0.0,0.9136,60,1.0,10,1.0
015_C101,15,C,2,2,OPTIMAL,50.2708,2,1,1,0,1,0.5,46.9255,0.0,3.3453,60,1.0,10,1.0
015_C101,15,C,2,3,OPTIMAL,139.8676,2,2,2,0,0,1.0,139.8676,0.0,0.0,60,1.0,10,1.0
015_C101,15,C,2,4,OPTIMAL,29.9184,2,1,1,0,1,0.5,23.4489,0.0,6.4695,60,1.0,10,1.0
015_C101,15,C,2,5,OPTIMAL,74.519,2,2,2,0,0,1.0,74.519,0.0,0.0,60,1.0,10,1.0
015_C101,15,C,2,6,OPTIMAL,103.0099,2,2,2,0,0,1.0,103.0099,0.0,0.0,60,1.0,10,1.0
015_C101,15,C,2,7,OPTIMAL,60.6248,2,2,2,0,0,1.0,60.6248,0.0,0.0,60,1.0,10,1.0
015_C101,15,C,2,8,OPTIMAL,57.2524,2,2,2,0,0,1.0,57.2524,0.0,0.0,60,1.0,10,1.0
015_C101,15,C,2,9,OPTIMAL,7.522,2,0,0,0,2,0.0,0.0,0.0,7.522,60,1.0,10,1.0
015_C101,15,C,3,0,OPTIMAL,187.4784,3,3,3,0,0,1.0,187.4784,0.0,0.0,60,1.0,10,1.0
015_C101,15,C,3,1,OPTIMAL,34.0363,3,1,1,0,2,0.3333,32.2118,0.0,1.8245,60,1.0,10,1.0
015_C101,15,C,3,2,OPTIMAL,137.0119,3,3,3,0,0,1.0,137.0119,0.0,0.0,60,1.0,10,1.0
015_C101,15,C,3,3,OPTIMAL,139.171,3,3,3,0,0,1.0,139.171,0.0,0.0,60,1.0,10,1.0
015_C101,15,C,3,4,OPTIMAL,69.628,3,2,2,0,1,0.6667,64.9161,0.0,4.712,60,1.0,10,1.0
015_C101,15,C,3,5,OPTIMAL,108.9158,3,2,2,0,1,0.6667,108.9075,0.0,0.0083,60,1.0,10,1.0
015_C101,15,C,3,6,OPTIMAL,76.312,3,2,2,0,1,0.6667,69.1907,0.0,7.1214,60,1.0,10,1.0
015_C101,15,C,3,7,OPTIMAL,100.2161,3,2,2,0,1,0.6667,98.9156,0.0,1.3006,60,1.0,10,1.0
015_C101,15,C,3,8,OPTIMAL,105.5579,3,2,2,0,1,0.6667,105.1278,0.0,0.4301,60,1.0,10,1.0
015_C101,15,C,3,9,OPTIMAL,137.3893,3,3,3,0,0,1.0,137.3893,0.0,0.0,60,1.0,10,1.0
015_C102,15,C,1,0,OPTIMAL,74.2195,1,1,1,0,0,1.0,74.2195,0.0,0.0,60,1.0,10,1.0
015_C102,15,C,1,1,OPTIMAL,35.6173,1,1,1,0,0,1.0,35.6173,0.0,0.0,60,1.0,10,1.0
015_C102,15,C,1,2,OPTIMAL,34.5881,1,1,1,0,0,1.0,34.5881,0.0,0.0,60,1.0,10,1.0
015_C102,15,C,1,3,OPTIMAL,43.3434,1,1,1,0,0,1.0,43.3434,0.0,0.0,60,1.0,10,1.0
015_C102,15,C,1,4,OPTIMAL,77.0919,1,1,1,0,0,1.0,77.0919,0.0,0.0,60,1.0,10,1.0
015_C102,15,C,1,5,OPTIMAL,39.709,1,1,1,0,0,1.0,39.709,0.0,0.0,60,1.0,10,1.0
015_C102,15,C,1,6,OPTIMAL,34.9819,1,1,1,0,0,1.0,34.9819,0.0,0.0,60,1.0,10,1.0
015_C102,15,C,1,7,OPTIMAL,35.0771,1,1,1,0,0,1.0,35.0771,0.0,0.0,60,1.0,10,1.0
015_C102,15,C,1,8,OPTIMAL,35.1408,1,1,1,0,0,1.0,35.1408,0.0,0.0,60,1.0,10,1.0
015_C102,15,C,1,9,OPTIMAL,31.6875,1,1,1,0,0,1.0,31.6875,0.0,0.0,60,1.0,10,1.0
015_C102,15,C,2,0,OPTIMAL,70.0599,2,2,2,0,0,1.0,70.0599,0.0,0.0,60,1.0,10,1.0
015_C102,15,C,2,1,OPTIMAL,56.5439,2,2,1,1,0,1.0,56.5439,0.0,0.0,60,1.0,10,1.0
015_C102,15,C,2,2,OPTIMAL,81.8314,2,2,2,0,0,1.0,81.8314,0.0,0.0,60,1.0,10,1.0
015_C102,15,C,2,3,OPTIMAL,139.8676,2,2,2,0,0,1.0,139.8676,0.0,0.0,60,1.0,10,1.0
015_C102,15,C,2,4,OPTIMAL,59.8789,2,2,2,0,0,1.0,59.8789,0.0,0.0,60,1.0,10,1.0
015_C102,15,C,2,5,OPTIMAL,74.519,2,2,2,0,0,1.0,74.519,0.0,0.0,60,1.0,10,1.0
015_C102,15,C,2,6,OPTIMAL,103.0099,2,2,2,0,0,1.0,103.0099,0.0,0.0,60,1.0,10,1.0
015_C102,15,C,2,7,OPTIMAL,60.6248,2,2,2,0,0,1.0,60.6248,0.0,0.0,60,1.0,10,1.0
015_C102,15,C,2,8,OPTIMAL,57.2524,2,2,2,0,0,1.0,57.2524,0.0,0.0,60,1.0,10,1.0
015_C102,15,C,2,9,OPTIMAL,82.0699,2,2,2,0,0,1.0,82.0699,0.0,0.0,60,1.0,10,1.0
015_C102,15,C,3,0,OPTIMAL,187.4784,3,3,3,0,0,1.0,187.4784,0.0,0.0,60,1.0,10,1.0
015_C102,15,C,3,1,OPTIMAL,34.0363,3,1,1,0,2,0.3333,32.2118,0.0,1.8245,60,1.0,10,1.0
015_C102,15,C,3,2,OPTIMAL,137.0119,3,3,3,0,0,1.0,137.0119,0.0,0.0,60,1.0,10,1.0
015_C102,15,C,3,3,OPTIMAL,139.171,3,3,3,0,0,1.0,139.171,0.0,0.0,60,1.0,10,1.0
015_C102,15,C,3,4,OPTIMAL,99.7154,3,3,3,0,0,1.0,99.7154,0.0,0.0,60,1.0,10,1.0
015_C102,15,C,3,5,OPTIMAL,108.9158,3,2,2,0,1,0.6667,108.9075,0.0,0.0083,60,1.0,10,1.0
015_C102,15,C,3,6,OPTIMAL,71.0157,3,2,2,0,1,0.6667,69.1907,0.0,1.825,60,1.0,10,1.0
015_C102,15,C,3,7,OPTIMAL,99.5276,3,2,2,0,1,0.6667,98.9156,0.0,0.612,60,1.0,10,1.0
015_C102,15,C,3,8,OPTIMAL,105.5579,3,2,2,0,1,0.6667,105.1278,0.0,0.4301,60,1.0,10,1.0
015_C102,15,C,3,9,OPTIMAL,137.3893,3,3,3,0,0,1.0,137.3893,0.0,0.0,60,1.0,10,1.0
015_C103,15,C,1,0,OPTIMAL,74.2195,1,1,1,0,0,1.0,74.2195,0.0,0.0,60,1.0,10,1.0
015_C103,15,C,1,1,OPTIMAL,35.6173,1,1,1,0,0,1.0,35.6173,0.0,0.0,60,1.0,10,1.0
015_C103,15,C,1,2,OPTIMAL,34.5881,1,1,1,0,0,1.0,34.5881,0.0,0.0,60,1.0,10,1.0
015_C103,15,C,1,3,OPTIMAL,43.3434,1,1,1,0,0,1.0,43.3434,0.0,0.0,60,1.0,10,1.0
015_C103,15,C,1,4,OPTIMAL,77.0919,1,1,1,0,0,1.0,77.0919,0.0,0.0,60,1.0,10,1.0
015_C103,15,C,1,5,OPTIMAL,39.709,1,1,1,0,0,1.0,39.709,0.0,0.0,60,1.0,10,1.0
015_C103,15,C,1,6,OPTIMAL,34.9819,1,1,1,0,0,1.0,34.9819,0.0,0.0,60,1.0,10,1.0
015_C103,15,C,1,7,OPTIMAL,35.0771,1,1,1,0,0,1.0,35.0771,0.0,0.0,60,1.0,10,1.0
015_C103,15,C,1,8,OPTIMAL,35.1408,1,1,1,0,0,1.0,35.1408,0.0,0.0,60,1.0,10,1.0
015_C103,15,C,1,9,OPTIMAL,31.6875,1,1,1,0,0,1.0,31.6875,0.0,0.0,60,1.0,10,1.0
015_C103,15,C,2,0,OPTIMAL,70.0599,2,2,2,0,0,1.0,70.0599,0.0,0.0,60,1.0,10,1.0
015_C103,15,C,2,1,OPTIMAL,56.5439,2,2,1,1,0,1.0,56.5439,0.0,0.0,60,1.0,10,1.0
015_C103,15,C,2,2,OPTIMAL,81.8314,2,2,2,0,0,1.0,81.8314,0.0,0.0,60,1.0,10,1.0
015_C103,15,C,2,3,OPTIMAL,139.8676,2,2,2,0,0,1.0,139.8676,0.0,0.0,60,1.0,10,1.0
015_C103,15,C,2,4,OPTIMAL,59.8789,2,2,2,0,0,1.0,59.8789,0.0,0.0,60,1.0,10,1.0
015_C103,15,C,2,5,OPTIMAL,74.519,2,2,2,0,0,1.0,74.519,0.0,0.0,60,1.0,10,1.0
015_C103,15,C,2,6,OPTIMAL,103.0099,2,2,2,0,0,1.0,103.0099,0.0,0.0,60,1.0,10,1.0
015_C103,15,C,2,7,OPTIMAL,60.6248,2,2,2,0,0,1.0,60.6248,0.0,0.0,60,1.0,10,1.0
015_C103,15,C,2,8,OPTIMAL,57.2524,2,2,2,0,0,1.0,57.2524,0.0,0.0,60,1.0,10,1.0
015_C103,15,C,2,9,OPTIMAL,82.0699,2,2,2,0,0,1.0,82.0699,0.0,0.0,60,1.0,10,1.0
015_C103,15,C,3,0,OPTIMAL,187.4784,3,3,3,0,0,1.0,187.4784,0.0,0.0,60,1.0,10,1.0
015_C103,15,C,3,1,OPTIMAL,34.0363,3,1,1,0,2,0.3333,32.2118,0.0,1.8245,60,1.0,10,1.0
015_C103,15,C,3,2,OPTIMAL,137.0119,3,3,3,0,0,1.0,137.0119,0.0,0.0,60,1.0,10,1.0
015_C103,15,C,3,3,OPTIMAL,139.171,3,3,3,0,0,1.0,139.171,0.0,0.0,60,1.0,10,1.0
015_C103,15,C,3,4,OPTIMAL,99.7154,3,3,3,0,0,1.0,99.7154,0.0,0.0,60,1.0,10,1.0
015_C103,15,C,3,5,OPTIMAL,108.9158,3,2,2,0,1,0.6667,108.9075,0.0,0.0083,60,1.0,10,1.0
015_C103,15,C,3,6,OPTIMAL,70.0788,3,2,2,0,1,0.6667,69.1907,0.0,0.8881,60,1.0,10,1.0
015_C103,15,C,3,7,OPTIMAL,99.5276,3,2,2,0,1,0.6667,98.9156,0.0,0.612,60,1.0,10,1.0
015_C103,15,C,3,8,OPTIMAL,105.5579,3,2,2,0,1,0.6667,105.1278,0.0,0.4301,60,1.0,10,1.0
015_C103,15,C,3,9,OPTIMAL,137.3893,3,3,3,0,0,1.0,137.3893,0.0,0.0,60,1.0,10,1.0
015_C104,15,C,1,0,OPTIMAL,74.2195,1,1,1,0,0,1.0,74.2195,0.0,0.0,60,1.0,10,1.0
015_C104,15,C,1,1,OPTIMAL,35.6173,1,1,1,0,0,1.0,35.6173,0.0,0.0,60,1.0,10,1.0
015_C104,15,C,1,2,OPTIMAL,34.5881,1,1,1,0,0,1.0,34.5881,0.0,0.0,60,1.0,10,1.0
015_C104,15,C,1,3,OPTIMAL,43.3434,1,1,1,0,0,1.0,43.3434,0.0,0.0,60,1.0,10,1.0
015_C104,15,C,1,4,OPTIMAL,77.0919,1,1,1,0,0,1.0,77.0919,0.0,0.0,60,1.0,10,1.0
015_C104,15,C,1,5,OPTIMAL,39.709,1,1,1,0,0,1.0,39.709,0.0,0.0,60,1.0,10,1.0
015_C104,15,C,1,6,OPTIMAL,34.9819,1,1,1,0,0,1.0,34.9819,0.0,0.0,60,1.0,10,1.0
015_C104,15,C,1,7,OPTIMAL,35.0771,1,1,1,0,0,1.0,35.0771,0.0,0.0,60,1.0,10,1.0
015_C104,15,C,1,8,OPTIMAL,35.1408,1,1,1,0,0,1.0,35.1408,0.0,0.0,60,1.0,10,1.0
015_C104,15,C,1,9,OPTIMAL,31.6875,1,1,1,0,0,1.0,31.6875,0.0,0.0,60,1.0,10,1.0
015_C104,15,C,2,0,OPTIMAL,70.0599,2,2,2,0,0,1.0,70.0599,0.0,0.0,60,1.0,10,1.0
015_C104,15,C,2,1,OPTIMAL,56.5439,2,2,2,0,0,1.0,56.5439,0.0,0.0,60,1.0,10,1.0
015_C104,15,C,2,2,OPTIMAL,81.8314,2,2,2,0,0,1.0,81.8314,0.0,0.0,60,1.0,10,1.0
015_C104,15,C,2,3,OPTIMAL,139.8676,2,2,2,0,0,1.0,139.8676,0.0,0.0,60,1.0,10,1.0
015_C104,15,C,2,4,OPTIMAL,59.8789,2,2,2,0,0,1.0,59.8789,0.0,0.0,60,1.0,10,1.0
015_C104,15,C,2,5,OPTIMAL,74.519,2,2,2,0,0,1.0,74.519,0.0,0.0,60,1.0,10,1.0
015_C104,15,C,2,6,OPTIMAL,103.0099,2,2,2,0,0,1.0,103.0099,0.0,0.0,60,1.0,10,1.0
015_C104,15,C,2,7,OPTIMAL,60.6248,2,2,2,0,0,1.0,60.6248,0.0,0.0,60,1.0,10,1.0
015_C104,15,C,2,8,OPTIMAL,57.2524,2,2,2,0,0,1.0,57.2524,0.0,0.0,60,1.0,10,1.0
015_C104,15,C,2,9,OPTIMAL,82.0699,2,2,2,0,0,1.0,82.0699,0.0,0.0,60,1.0,10,1.0
015_C104,15,C,3,0,OPTIMAL,187.4784,3,3,3,0,0,1.0,187.4784,0.0,0.0,60,1.0,10,1.0
015_C104,15,C,3,1,OPTIMAL,99.8745,3,3,2,1,0,1.0,99.8745,0.0,0.0,60,1.0,10,1.0
015_C104,15,C,3,2,OPTIMAL,137.0119,3,3,3,0,0,1.0,137.0119,0.0,0.0,60,1.0,10,1.0
015_C104,15,C,3,3,OPTIMAL,139.171,3,3,3,0,0,1.0,139.171,0.0,0.0,60,1.0,10,1.0
015_C104,15,C,3,4,OPTIMAL,99.7154,3,3,3,0,0,1.0,99.7154,0.0,0.0,60,1.0,10,1.0
015_C104,15,C,3,5,OPTIMAL,139.692,3,3,3,0,0,1.0,139.692,0.0,0.0,60,1.0,10,1.0
015_C104,15,C,3,6,OPTIMAL,71.3168,3,2,2,0,1,0.6667,69.1907,0.0,2.1261,60,1.0,10,1.0
015_C104,15,C,3,7,OPTIMAL,99.5276,3,2,2,0,1,0.6667,98.9156,0.0,0.612,60,1.0,10,1.0
015_C104,15,C,3,8,OPTIMAL,105.5579,3,2,2,0,1,0.6667,105.1278,0.0,0.4301,60,1.0,10,1.0
015_C104,15,C,3,9,OPTIMAL,137.3893,3,3,3,0,0,1.0,137.3893,0.0,0.0,60,1.0,10,1.0
015_C105,15,C,1,0,OPTIMAL,7.4157,1,0,0,0,1,0.0,0.0,0.0,7.4157,60,1.0,10,1.0
015_C105,15,C,1,1,OPTIMAL,35.6173,1,1,1,0,0,1.0,35.6173,0.0,0.0,60,1.0,10,1.0
015_C105,15,C,1,2,OPTIMAL,34.5881,1,1,1,0,0,1.0,34.5881,0.0,0.0,60,1.0,10,1.0
015_C105,15,C,1,3,OPTIMAL,43.3434,1,1,1,0,0,1.0,43.3434,0.0,0.0,60,1.0,10,1.0
015_C105,15,C,1,4,OPTIMAL,77.0919,1,1,1,0,0,1.0,77.0919,0.0,0.0,60,1.0,10,1.0
015_C105,15,C,1,5,OPTIMAL,8.0968,1,0,0,0,1,0.0,0.0,0.0,8.0968,60,1.0,10,1.0
015_C105,15,C,1,6,OPTIMAL,34.9819,1,1,1,0,0,1.0,34.9819,0.0,0.0,60,1.0,10,1.0
015_C105,15,C,1,7,OPTIMAL,0.0041,1,0,0,0,1,0.0,0.0,0.0,0.0041,60,1.0,10,1.0
015_C105,15,C,1,8,OPTIMAL,35.1408,1,1,1,0,0,1.0,35.1408,0.0,0.0,60,1.0,10,1.0
015_C105,15,C,1,9,OPTIMAL,31.6875,1,1,1,0,0,1.0,31.6875,0.0,0.0,60,1.0,10,1.0
015_C105,15,C,2,0,OPTIMAL,70.0599,2,2,2,0,0,1.0,70.0599,0.0,0.0,60,1.0,10,1.0
015_C105,15,C,2,1,OPTIMAL,47.645,2,1,1,0,1,0.5,35.2687,0.0,12.3763,60,1.0,10,1.0
015_C105,15,C,2,2,OPTIMAL,45.9837,2,1,1,0,1,0.5,34.9059,0.0,11.0779,60,1.0,10,1.0
015_C105,15,C,2,3,OPTIMAL,139.8676,2,2,2,0,0,1.0,139.8676,0.0,0.0,60,1.0,10,1.0
015_C105,15,C,2,4,OPTIMAL,29.9184,2,1,1,0,1,0.5,23.4489,0.0,6.4695,60,1.0,10,1.0
015_C105,15,C,2,5,OPTIMAL,74.519,2,2,2,0,0,1.0,74.519,0.0,0.0,60,1.0,10,1.0
015_C105,15,C,2,6,OPTIMAL,103.0099,2,2,2,0,0,1.0,103.0099,0.0,0.0,60,1.0,10,1.0
015_C105,15,C,2,7,OPTIMAL,24.5745,2,1,0,1,1,0.5,19.6044,0.0,4.97,60,1.0,10,1.0
015_C105,15,C,2,8,OPTIMAL,57.2524,2,2,2,0,0,1.0,57.2524,0.0,0.0,60,1.0,10,1.0
015_C105,15,C,2,9,OPTIMAL,82.0699,2,2,2,0,0,1.0,82.0699,0.0,0.0,60,1.0,10,1.0
015_C105,15,C,3,0,OPTIMAL,187.4784,3,3,3,0,0,1.0,187.4784,0.0,0.0,60,1.0,10,1.0
015_C105,15,C,3,1,OPTIMAL,72.637,3,2,2,0,1,0.6667,68.0926,0.0,4.5444,60,1.0,10,1.0
015_C105,15,C,3,2,OPTIMAL,137.0119,3,3,3,0,0,1.0,137.0119,0.0,0.0,60,1.0,10,1.0
015_C105,15,C,3,3,OPTIMAL,139.171,3,3,3,0,0,1.0,139.171,0.0,0.0,60,1.0,10,1.0
015_C105,15,C,3,4,OPTIMAL,69.628,3,2,2,0,1,0.6667,64.9161,0.0,4.712,60,1.0,10,1.0
015_C105,15,C,3,5,OPTIMAL,77.4112,3,1,1,0,2,0.3333,38.5887,0.0,38.8226,60,1.0,10,1.0
015_C105,15,C,3,6,OPTIMAL,69.1986,3,2,2,0,1,0.6667,69.1907,0.0,0.0079,60,1.0,10,1.0
015_C105,15,C,3,7,OPTIMAL,99.1069,3,2,2,0,1,0.6667,98.9156,0.0,0.1913,60,1.0,10,1.0
015_C105,15,C,3,8,OPTIMAL,134.3702,3,3,3,0,0,1.0,134.3702,0.0,0.0,60,1.0,10,1.0
015_C105,15,C,3,9,OPTIMAL,115.9526,3,2,2,0,1,0.6667,98.601,0.0,17.3515,60,1.0,10,1.0
015_C106,15,C,1,0,OPTIMAL,74.2195,1,1,1,0,0,1.0,74.2195,0.0,0.0,60,1.0,10,1.0
015_C106,15,C,1,1,OPTIMAL,35.6173,1,1,1,0,0,1.0,35.6173,0.0,0.0,60,1.0,10,1.0
015_C106,15,C,1,2,OPTIMAL,34.5881,1,1,1,0,0,1.0,34.5881,0.0,0.0,60,1.0,10,1.0
015_C106,15,C,1,3,OPTIMAL,43.3434,1,1,1,0,0,1.0,43.3434,0.0,0.0,60,1.0,10,1.0
015_C106,15,C,1,4,OPTIMAL,77.0919,1,1,1,0,0,1.0,77.0919,0.0,0.0,60,1.0,10,1.0
015_C106,15,C,1,5,OPTIMAL,10.6426,1,0,0,0,1,0.0,0.0,0.0,10.6426,60,1.0,10,1.0
015_C106,15,C,1,6,OPTIMAL,34.9819,1,1,1,0,0,1.0,34.9819,0.0,0.0,60,1.0,10,1.0
015_C106,15,C,1,7,OPTIMAL,35.0771,1,1,1,0,0,1.0,35.0771,0.0,0.0,60,1.0,10,1.0
015_C106,15,C,1,8,OPTIMAL,0.3259,1,0,0,0,1,0.0,0.0,0.0,0.3259,60,1.0,10,1.0
015_C106,15,C,1,9,OPTIMAL,31.6875,1,1,1,0,0,1.0,31.6875,0.0,0.0,60,1.0,10,1.0
015_C106,15,C,2,0,OPTIMAL,70.0599,2,2,2,0,0,1.0,70.0599,0.0,0.0,60,1.0,10,1.0
015_C106,15,C,2,1,OPTIMAL,36.1824,2,1,1,0,1,0.5,35.2687,0.0,0.9136,60,1.0,10,1.0
015_C106,15,C,2,2,OPTIMAL,14.4231,2,0,0,0,2,0.0,0.0,0.0,14.4231,60,1.0,10,1.0
015_C106,15,C,2,3,OPTIMAL,139.8676,2,2,2,0,0,1.0,139.8676,0.0,0.0,60,1.0,10,1.0
015_C106,15,C,2,4,OPTIMAL,59.8789,2,2,2,0,0,1.0,59.8789,0.0,0.0,60,1.0,10,1.0
015_C106,15,C,2,5,OPTIMAL,42.4088,2,1,1,0,1,0.5,39.4709,0.0,2.9379,60,1.0,10,1.0
015_C106,15,C,2,6,OPTIMAL,103.0099,2,2,2,0,0,1.0,103.0099,0.0,0.0,60,1.0,10,1.0
015_C106,15,C,2,7,OPTIMAL,15.6235,2,0,0,0,2,0.0,0.0,0.0,15.6235,60,1.0,10,1.0
015_C106,15,C,2,8,OPTIMAL,57.2524,2,2,2,0,0,1.0,57.2524,0.0,0.0,60,1.0,10,1.0
015_C106,15,C,2,9,OPTIMAL,41.3365,2,1,1,0,1,0.5,40.7019,0.0,0.6346,60,1.0,10,1.0
015_C106,15,C,3,0,OPTIMAL,187.4784,3,3,3,0,0,1.0,187.4784,0.0,0.0,60,1.0,10,1.0
015_C106,15,C,3,1,OPTIMAL,99.8745,3,3,3,0,0,1.0,99.8745,0.0,0.0,60,1.0,10,1.0
015_C106,15,C,3,2,OPTIMAL,137.0119,3,3,3,0,0,1.0,137.0119,0.0,0.0,60,1.0,10,1.0
015_C106,15,C,3,3,OPTIMAL,139.171,3,3,3,0,0,1.0,139.171,0.0,0.0,60,1.0,10,1.0
015_C106,15,C,3,4,OPTIMAL,99.7154,3,3,2,1,0,1.0,99.7154,0.0,0.0,60,1.0,10,1.0
015_C106,15,C,3,5,OPTIMAL,139.692,3,3,3,0,0,1.0,139.692,0.0,0.0,60,1.0,10,1.0
015_C106,15,C,3,6,OPTIMAL,34.6104,3,1,1,0,2,0.3333,34.5132,0.0,0.0971,60,1.0,10,1.0
015_C106,15,C,3,7,OPTIMAL,100.2161,3,2,2,0,1,0.6667,98.9156,0.0,1.3006,60,1.0,10,1.0
015_C106,15,C,3,8,OPTIMAL,105.5579,3,2,2,0,1,0.6667,105.1278,0.0,0.4301,60,1.0,10,1.0
015_C106,15,C,3,9,OPTIMAL,104.4903,3,2,2,0,1,0.6667,98.601,0.0,5.8893,60,1.0,10,1.0
015_C107,15,C,1,0,OPTIMAL,74.2195,1,1,1,0,0,1.0,74.2195,0.0,0.0,60,1.0,10,1.0
015_C107,15,C,1,1,OPTIMAL,35.6173,1,1,1,0,0,1.0,35.6173,0.0,0.0,60,1.0,10,1.0
015_C107,15,C,1,2,OPTIMAL,34.5881,1,1,1,0,0,1.0,34.5881,0.0,0.0,60,1.0,10,1.0
015_C107,15,C,1,3,OPTIMAL,43.3434,1,1,1,0,0,1.0,43.3434,0.0,0.0,60,1.0,10,1.0
015_C107,15,C,1,4,OPTIMAL,77.0919,1,1,1,0,0,1.0,77.0919,0.0,0.0,60,1.0,10,1.0
015_C107,15,C,1,5,OPTIMAL,8.0968,1,0,0,0,1,0.0,0.0,0.0,8.0968,60,1.0,10,1.0
015_C107,15,C,1,6,OPTIMAL,34.9819,1,1,1,0,0,1.0,34.9819,0.0,0.0,60,1.0,10,1.0
015_C107,15,C,1,7,OPTIMAL,35.0771,1,1,1,0,0,1.0,35.0771,0.0,0.0,60,1.0,10,1.0
015_C107,15,C,1,8,OPTIMAL,35.1408,1,1,1,0,0,1.0,35.1408,0.0,0.0,60,1.0,10,1.0
015_C107,15,C,1,9,OPTIMAL,31.6875,1,1,1,0,0,1.0,31.6875,0.0,0.0,60,1.0,10,1.0
015_C107,15,C,2,0,OPTIMAL,70.0599,2,2,2,0,0,1.0,70.0599,0.0,0.0,60,1.0,10,1.0
015_C107,15,C,2,1,OPTIMAL,56.5439,2,2,2,0,0,1.0,56.5439,0.0,0.0,60,1.0,10,1.0
015_C107,15,C,2,2,OPTIMAL,49.5865,2,1,1,0,1,0.5,46.9255,0.0,2.661,60,1.0,10,1.0
015_C107,15,C,2,3,OPTIMAL,139.8676,2,2,2,0,0,1.0,139.8676,0.0,0.0,60,1.0,10,1.0
015_C107,15,C,2,4,OPTIMAL,59.8789,2,2,2,0,0,1.0,59.8789,0.0,0.0,60,1.0,10,1.0
015_C107,15,C,2,5,OPTIMAL,74.519,2,2,2,0,0,1.0,74.519,0.0,0.0,60,1.0,10,1.0
015_C107,15,C,2,6,OPTIMAL,103.0099,2,2,2,0,0,1.0,103.0099,0.0,0.0,60,1.0,10,1.0
015_C107,15,C,2,7,OPTIMAL,60.6248,2,2,2,0,0,1.0,60.6248,0.0,0.0,60,1.0,10,1.0
015_C107,15,C,2,8,OPTIMAL,26.1174,2,1,1,0,1,0.5,22.5486,0.0,3.5688,60,1.0,10,1.0
015_C107,15,C,2,9,OPTIMAL,44.9632,2,1,1,0,1,0.5,40.7019,0.0,4.2613,60,1.0,10,1.0
015_C107,15,C,3,0,OPTIMAL,187.4784,3,3,3,0,0,1.0,187.4784,0.0,0.0,60,1.0,10,1.0
015_C107,15,C,3,1,OPTIMAL,99.8745,3,3,3,0,0,1.0,99.8745,0.0,0.0,60,1.0,10,1.0
015_C107,15,C,3,2,OPTIMAL,137.0119,3,3,3,0,0,1.0,137.0119,0.0,0.0,60,1.0,10,1.0
015_C107,15,C,3,3,OPTIMAL,120.8242,3,2,2,0,1,0.6667,117.6436,0.0,3.1806,60,1.0,10,1.0
015_C107,15,C,3,4,OPTIMAL,99.7154,3,3,3,0,0,1.0,99.7154,0.0,0.0,60,1.0,10,1.0
015_C107,15,C,3,5,OPTIMAL,139.692,3,3,3,0,0,1.0,139.692,0.0,0.0,60,1.0,10,1.0
015_C107,15,C,3,6,OPTIMAL,44.9575,3,1,1,0,2,0.3333,34.6774,0.0,10.2801,60,1.0,10,1.0
015_C107,15,C,3,7,OPTIMAL,99.1069,3,2,2,0,1,0.6667,98.9156,0.0,0.1913,60,1.0,10,1.0
015_C107,15,C,3,8,OPTIMAL,134.3702,3,3,3,0,0,1.0,134.3702,0.0,0.0,60,1.0,10,1.0
015_C107,15,C,3,9,OPTIMAL,137.3893,3,3,3,0,0,1.0,137.3893,0.0,0.0,60,1.0,10,1.0
015_C108,15,C,1,0,OPTIMAL,74.2195,1,1,1,0,0,1.0,74.2195,0.0,0.0,60,1.0,10,1.0
015_C108,15,C,1,1,OPTIMAL,35.6173,1,1,1,0,0,1.0,35.6173,0.0,0.0,60,1.0,10,1.0
015_C108,15,C,1,2,OPTIMAL,34.5881,1,1,1,0,0,1.0,34.5881,0.0,0.0,60,1.0,10,1.0
015_C108,15,C,1,3,OPTIMAL,11.4362,1,0,0,0,1,0.0,0.0,0.0,11.4362,60,1.0,10,1.0
015_C108,15,C,1,4,OPTIMAL,77.0919,1,1,1,0,0,1.0,77.0919,0.0,0.0,60,1.0,10,1.0
015_C108,15,C,1,5,OPTIMAL,39.709,1,1,1,0,0,1.0,39.709,0.0,0.0,60,1.0,10,1.0
015_C108,15,C,1,6,OPTIMAL,1.3979,1,0,0,0,1,0.0,0.0,0.0,1.3979,60,1.0,10,1.0
015_C108,15,C,1,7,OPTIMAL,35.0771,1,1,1,0,0,1.0,35.0771,0.0,0.0,60,1.0,10,1.0
015_C108,15,C,1,8,OPTIMAL,35.1408,1,1,1,0,0,1.0,35.1408,0.0,0.0,60,1.0,10,1.0
015_C108,15,C,1,9,OPTIMAL,31.6875,1,1,1,0,0,1.0,31.6875,0.0,0.0,60,1.0,10,1.0
015_C108,15,C,2,0,OPTIMAL,70.0599,2,2,2,0,0,1.0,70.0599,0.0,0.0,60,1.0,10,1.0
015_C108,15,C,2,1,OPTIMAL,37.184,2,1,1,0,1,0.5,35.2687,0.0,1.9152,60,1.0,10,1.0
015_C108,15,C,2,2,OPTIMAL,81.8314,2,2,2,0,0,1.0,81.8314,0.0,0.0,60,1.0,10,1.0
015_C108,15,C,2,3,OPTIMAL,139.8676,2,2,2,0,0,1.0,139.8676,0.0,0.0,60,1.0,10,1.0
015_C108,15,C,2,4,OPTIMAL,29.4102,2,1,1,0,1,0.5,23.4489,0.0,5.9613,60,1.0,10,1.0
015_C108,15,C,2,5,OPTIMAL,74.519,2,2,2,0,0,1.0,74.519,0.0,0.0,60,1.0,10,1.0
015_C108,15,C,2,6,OPTIMAL,67.9777,2,1,1,0,1,0.5,65.4043,0.0,2.5733,60,1.0,10,1.0
015_C108,15,C,2,7,OPTIMAL,41.4037,2,1,1,0,1,0.5,41.0204,0.0,0.3834,60,1.0,10,1.0
015_C108,15,C,2,8,OPTIMAL,26.1174,2,1,1,0,1,0.5,22.5486,0.0,3.5688,60,1.0,10,1.0
015_C108,15,C,2,9,OPTIMAL,44.9632,2,1,1,0,1,0.5,40.7019,0.0,4.2613,60,1.0,10,1.0
015_C108,15,C,3,0,OPTIMAL,187.4784,3,3,3,0,0,1.0,187.4784,0.0,0.0,60,1.0,10,1.0
015_C108,15,C,3,1,OPTIMAL,68.6689,3,2,2,0,1,0.6667,68.0926,0.0,0.5764,60,1.0,10,1.0
015_C108,15,C,3,2,OPTIMAL,137.0119,3,3,3,0,0,1.0,137.0119,0.0,0.0,60,1.0,10,1.0
015_C108,15,C,3,3,OPTIMAL,139.171,3,3,3,0,0,1.0,139.171,0.0,0.0,60,1.0,10,1.0
015_C108,15,C,3,4,OPTIMAL,99.7154,3,3,3,0,0,1.0,99.7154,0.0,0.0,60,1.0,10,1.0
015_C108,15,C,3,5,OPTIMAL,109.6155,3,2,2,0,1,0.6667,108.9075,0.0,0.7081,60,1.0,10,1.0
015_C108,15,C,3,6,OPTIMAL,76.312,3,2,2,0,1,0.6667,69.1907,0.0,7.1214,60,1.0,10,1.0
015_C108,15,C,3,7,OPTIMAL,99.2982,3,2,2,0,1,0.6667,98.9156,0.0,0.3827,60,1.0,10,1.0
015_C108,15,C,3,8,OPTIMAL,134.3702,3,3,3,0,0,1.0,134.3702,0.0,0.0,60,1.0,10,1.0
015_C108,15,C,3,9,OPTIMAL,137.3893,3,3,3,0,0,1.0,137.3893,0.0,0.0,60,1.0,10,1.0
015_C109,15,C,1,0,OPTIMAL,74.2195,1,1,1,0,0,1.0,74.2195,0.0,0.0,60,1.0,10,1.0
015_C109,15,C,1,1,OPTIMAL,35.6173,1,1,1,0,0,1.0,35.6173,0.0,0.0,60,1.0,10,1.0
015_C109,15,C,1,2,OPTIMAL,34.5881,1,1,1,0,0,1.0,34.5881,0.0,0.0,60,1.0,10,1.0
015_C109,15,C,1,3,OPTIMAL,43.3434,1,1,1,0,0,1.0,43.3434,0.0,0.0,60,1.0,10,1.0
015_C109,15,C,1,4,OPTIMAL,77.0919,1,1,1,0,0,1.0,77.0919,0.0,0.0,60,1.0,10,1.0
015_C109,15,C,1,5,OPTIMAL,6.9916,1,0,0,0,1,0.0,0.0,0.0,6.9916,60,1.0,10,1.0
015_C109,15,C,1,6,OPTIMAL,1.3979,1,0,0,0,1,0.0,0.0,0.0,1.3979,60,1.0,10,1.0
015_C109,15,C,1,7,OPTIMAL,35.0771,1,1,1,0,0,1.0,35.0771,0.0,0.0,60,1.0,10,1.0
015_C109,15,C,1,8,OPTIMAL,35.1408,1,1,1,0,0,1.0,35.1408,0.0,0.0,60,1.0,10,1.0
015_C109,15,C,1,9,OPTIMAL,31.6875,1,1,1,0,0,1.0,31.6875,0.0,0.0,60,1.0,10,1.0
015_C109,15,C,2,0,OPTIMAL,70.0599,2,2,2,0,0,1.0,70.0599,0.0,0.0,60,1.0,10,1.0
015_C109,15,C,2,1,OPTIMAL,56.5439,2,2,2,0,0,1.0,56.5439,0.0,0.0,60,1.0,10,1.0
015_C109,15,C,2,2,OPTIMAL,81.8314,2,2,2,0,0,1.0,81.8314,0.0,0.0,60,1.0,10,1.0
015_C109,15,C,2,3,OPTIMAL,139.8676,2,2,2,0,0,1.0,139.8676,0.0,0.0,60,1.0,10,1.0
015_C109,15,C,2,4,OPTIMAL,59.8789,2,2,2,0,0,1.0,59.8789,0.0,0.0,60,1.0,10,1.0
015_C109,15,C,2,5,OPTIMAL,74.519,2,2,2,0,0,1.0,74.519,0.0,0.0,60,1.0,10,1.0
015_C109,15,C,2,6,OPTIMAL,103.0099,2,2,2,0,0,1.0,103.0099,0.0,0.0,60,1.0,10,1.0
015_C109,15,C,2,7,OPTIMAL,60.6248,2,2,2,0,0,1.0,60.6248,0.0,0.0,60,1.0,10,1.0
015_C109,15,C,2,8,OPTIMAL,57.2524,2,2,2,0,0,1.0,57.2524,0.0,0.0,60,1.0,10,1.0
015_C109,15,C,2,9,OPTIMAL,82.0699,2,2,2,0,0,1.0,82.0699,0.0,0.0,60,1.0,10,1.0
015_C109,15,C,3,0,OPTIMAL,187.4784,3,3,3,0,0,1.0,187.4784,0.0,0.0,60,1.0,10,1.0
015_C109,15,C,3,1,OPTIMAL,99.8745,3,3,3,0,0,1.0,99.8745,0.0,0.0,60,1.0,10,1.0
015_C109,15,C,3,2,OPTIMAL,65.3952,3,2,2,0,1,0.6667,59.4237,0.0,5.9714,60,1.0,10,1.0
015_C109,15,C,3,3,OPTIMAL,139.171,3,3,3,0,0,1.0,139.171,0.0,0.0,60,1.0,10,1.0
015_C109,15,C,3,4,OPTIMAL,99.7154,3,3,3,0,0,1.0,99.7154,0.0,0.0,60,1.0,10,1.0
015_C109,15,C,3,5,OPTIMAL,71.0346,3,2,2,0,1,0.6667,69.3733,0.0,1.6613,60,1.0,10,1.0
015_C109,15,C,3,6,OPTIMAL,76.312,3,2,2,0,1,0.6667,69.1907,0.0,7.1214,60,1.0,10,1.0
015_C109,15,C,3,7,OPTIMAL,99.793,3,2,2,0,1,0.6667,98.9156,0.0,0.8774,60,1.0,10,1.0
015_C109,15,C,3,8,OPTIMAL,97.6094,3,2,2,0,1,0.6667,95.577,0.0,2.0324,60,1.0,10,1.0
015_C109,15,C,3,9,OPTIMAL,137.3893,3,3,3,0,0,1.0,137.3893,0.0,0.0,60,1.0,10,1.0
015_C201,15,C,1,0,OPTIMAL,18.0461,1,1,1,0,0,1.0,18.0461,0.0,0.0,60,1.0,10,1.0
015_C201,15,C,1,1,OPTIMAL,59.0122,1,1,1,0,0,1.0,59.0122,0.0,0.0,60,1.0,10,1.0
015_C201,15,C,1,2,OPTIMAL,49.0116,1,1,1,0,0,1.0,49.0116,0.0,0.0,60,1.0,10,1.0
015_C201,15,C,1,3,OPTIMAL,45.2171,1,1,1,0,0,1.0,45.2171,0.0,0.0,60,1.0,10,1.0
015_C201,15,C,1,4,OPTIMAL,20.838,1,1,1,0,0,1.0,20.838,0.0,0.0,60,1.0,10,1.0
015_C201,15,C,1,5,OPTIMAL,75.913,1,1,1,0,0,1.0,75.913,0.0,0.0,60,1.0,10,1.0
015_C201,15,C,1,6,OPTIMAL,77.4881,1,1,1,0,0,1.0,77.4881,0.0,0.0,60,1.0,10,1.0
015_C201,15,C,1,7,OPTIMAL,49.7476,1,1,1,0,0,1.0,49.7476,0.0,0.0,60,1.0,10,1.0
015_C201,15,C,1,8,OPTIMAL,54.3059,1,1,1,0,0,1.0,54.3059,0.0,0.0,60,1.0,10,1.0
015_C201,15,C,1,9,OPTIMAL,59.8127,1,1,1,0,0,1.0,59.8127,0.0,0.0,60,1.0,10,1.0
015_C201,15,C,2,0,OPTIMAL,126.2032,2,2,2,0,0,1.0,126.2032,0.0,0.0,60,1.0,10,1.0
015_C201,15,C,2,1,OPTIMAL,131.7858,2,2,2,0,0,1.0,131.7858,0.0,0.0,60,1.0,10,1.0
015_C201,15,C,2,2,OPTIMAL,116.8744,2,2,2,0,0,1.0,116.8744,0.0,0.0,60,1.0,10,1.0
015_C201,15,C,2,3,OPTIMAL,130.6165,2,2,2,0,0,1.0,130.6165,0.0,0.0,60,1.0,10,1.0
015_C201,15,C,2,4,OPTIMAL,144.1629,2,2,2,0,0,1.0,144.1629,0.0,0.0,60,1.0,10,1.0
015_C201,15,C,2,5,OPTIMAL,99.3835,2,2,2,0,0,1.0,99.3835,0.0,0.0,60,1.0,10,1.0
015_C201,15,C,2,6,OPTIMAL,91.6405,2,2,2,0,0,1.0,91.6405,0.0,0.0,60,1.0,10,1.0
015_C201,15,C,2,7,OPTIMAL,99.9379,2,2,2,0,0,1.0,99.9379,0.0,0.0,60,1.0,10,1.0
015_C201,15,C,2,8,OPTIMAL,51.3099,2,1,1,0,1,0.5,50.0147,0.0,1.2952,60,1.0,10,1.0
015_C201,15,C,2,9,OPTIMAL,67.9362,2,2,2,0,0,1.0,67.9362,0.0,0.0,60,1.0,10,1.0
015_C201,15,C,3,0,OPTIMAL,198.9086,3,3,3,0,0,1.0,198.9086,0.0,0.0,60,1.0,10,1.0
015_C201,15,C,3,1,OPTIMAL,139.2924,3,3,3,0,0,1.0,139.2924,0.0,0.0,60,1.0,10,1.0
015_C201,15,C,3,2,OPTIMAL,207.6642,3,3,3,0,0,1.0,207.6642,0.0,0.0,60,1.0,10,1.0
015_C201,15,C,3,3,OPTIMAL,125.8636,3,3,3,0,0,1.0,125.8636,0.0,0.0,60,1.0,10,1.0
015_C201,15,C,3,4,OPTIMAL,141.3501,3,3,3,0,0,1.0,141.3501,0.0,0.0,60,1.0,10,1.0
015_C201,15,C,3,5,OPTIMAL,156.6646,3,3,3,0,0,1.0,156.6646,0.0,0.0,60,1.0,10,1.0
015_C201,15,C,3,6,OPTIMAL,117.1397,3,3,3,0,0,1.0,117.1397,0.0,0.0,60,1.0,10,1.0
015_C201,15,C,3,7,OPTIMAL,163.9154,3,3,3,0,0,1.0,163.9154,0.0,0.0,60,1.0,10,1.0
015_C201,15,C,3,8,OPTIMAL,107.5694,3,2,2,0,1,0.6667,104.183,0.0,3.3863,60,1.0,10,1.0
015_C201,15,C,3,9,OPTIMAL,167.7757,3,3,3,0,0,1.0,167.7757,0.0,0.0,60,1.0,10,1.0
015_C202,15,C,1,0,OPTIMAL,18.0461,1,1,1,0,0,1.0,18.0461,0.0,0.0,60,1.0,10,1.0
015_C202,15,C,1,1,OPTIMAL,59.0122,1,1,1,0,0,1.0,59.0122,0.0,0.0,60,1.0,10,1.0
015_C202,15,C,1,2,OPTIMAL,0.2023,1,0,0,0,1,0.0,0.0,0.0,0.2023,60,1.0,10,1.0
015_C202,15,C,1,3,OPTIMAL,45.2171,1,1,1,0,0,1.0,45.2171,0.0,0.0,60,1.0,10,1.0
015_C202,15,C,1,4,OPTIMAL,20.838,1,1,1,0,0,1.0,20.838,0.0,0.0,60,1.0,10,1.0
015_C202,15,C,1,5,OPTIMAL,75.913,1,1,1,0,0,1.0,75.913,0.0,0.0,60,1.0,10,1.0
015_C202,15,C,1,6,OPTIMAL,77.4881,1,1,1,0,0,1.0,77.4881,0.0,0.0,60,1.0,10,1.0
015_C202,15,C,1,7,OPTIMAL,49.7476,1,1,1,0,0,1.0,49.7476,0.0,0.0,60,1.0,10,1.0
015_C202,15,C,1,8,OPTIMAL,54.3059,1,1,1,0,0,1.0,54.3059,0.0,0.0,60,1.0,10,1.0
015_C202,15,C,1,9,OPTIMAL,59.8127,1,1,0,1,0,1.0,59.8127,0.0,0.0,60,1.0,10,1.0
015_C202,15,C,2,0,OPTIMAL,126.2032,2,2,2,0,0,1.0,126.2032,0.0,0.0,60,1.0,10,1.0
015_C202,15,C,2,1,OPTIMAL,131.7858,2,2,2,0,0,1.0,131.7858,0.0,0.0,60,1.0,10,1.0
015_C202,15,C,2,2,OPTIMAL,116.8744,2,2,2,0,0,1.0,116.8744,0.0,0.0,60,1.0,10,1.0
015_C202,15,C,2,3,OPTIMAL,130.6165,2,2,2,0,0,1.0,130.6165,0.0,0.0,60,1.0,10,1.0
015_C202,15,C,2,4,OPTIMAL,144.1629,2,2,2,0,0,1.0,144.1629,0.0,0.0,60,1.0,10,1.0
015_C202,15,C,2,5,OPTIMAL,99.3835,2,2,2,0,0,1.0,99.3835,0.0,0.0,60,1.0,10,1.0
015_C202,15,C,2,6,OPTIMAL,91.6405,2,2,2,0,0,1.0,91.6405,0.0,0.0,60,1.0,10,1.0
015_C202,15,C,2,7,OPTIMAL,99.9379,2,2,2,0,0,1.0,99.9379,0.0,0.0,60,1.0,10,1.0
015_C202,15,C,2,8,OPTIMAL,91.8258,2,2,2,0,0,1.0,91.8258,0.0,0.0,60,1.0,10,1.0
015_C202,15,C,2,9,OPTIMAL,67.9362,2,2,2,0,0,1.0,67.9362,0.0,0.0,60,1.0,10,1.0
015_C202,15,C,3,0,OPTIMAL,198.9086,3,3,3,0,0,1.0,198.9086,0.0,0.0,60,1.0,10,1.0
015_C202,15,C,3,1,OPTIMAL,139.2924,3,3,3,0,0,1.0,139.2924,0.0,0.0,60,1.0,10,1.0
015_C202,15,C,3,2,OPTIMAL,207.6642,3,3,3,0,0,1.0,207.6642,0.0,0.0,60,1.0,10,1.0
015_C202,15,C,3,3,OPTIMAL,125.8636,3,3,3,0,0,1.0,125.8636,0.0,0.0,60,1.0,10,1.0
015_C202,15,C,3,4,OPTIMAL,141.3501,3,3,3,0,0,1.0,141.3501,0.0,0.0,60,1.0,10,1.0
015_C202,15,C,3,5,OPTIMAL,156.6646,3,3,3,0,0,1.0,156.6646,0.0,0.0,60,1.0,10,1.0
015_C202,15,C,3,6,OPTIMAL,117.1397,3,3,3,0,0,1.0,117.1397,0.0,0.0,60,1.0,10,1.0
015_C202,15,C,3,7,OPTIMAL,163.9154,3,3,3,0,0,1.0,163.9154,0.0,0.0,60,1.0,10,1.0
015_C202,15,C,3,8,OPTIMAL,160.9153,3,3,3,0,0,1.0,160.9153,0.0,0.0,60,1.0,10,1.0
015_C202,15,C,3,9,OPTIMAL,167.7757,3,3,3,0,0,1.0,167.7757,0.0,0.0,60,1.0,10,1.0
015_C203,15,C,1,0,OPTIMAL,18.0461,1,1,1,0,0,1.0,18.0461,0.0,0.0,60,1.0,10,1.0
015_C203,15,C,1,1,OPTIMAL,59.0122,1,1,1,0,0,1.0,59.0122,0.0,0.0,60,1.0,10,1.0
015_C203,15,C,1,2,OPTIMAL,49.0116,1,1,0,1,0,1.0,49.0116,0.0,0.0,60,1.0,10,1.0
015_C203,15,C,1,3,OPTIMAL,45.2171,1,1,1,0,0,1.0,45.2171,0.0,0.0,60,1.0,10,1.0
015_C203,15,C,1,4,OPTIMAL,20.838,1,1,1,0,0,1.0,20.838,0.0,0.0,60,1.0,10,1.0
015_C203,15,C,1,5,OPTIMAL,75.913,1,1,1,0,0,1.0,75.913,0.0,0.0,60,1.0,10,1.0
015_C203,15,C,1,6,OPTIMAL,77.4881,1,1,1,0,0,1.0,77.4881,0.0,0.0,60,1.0,10,1.0
015_C203,15,C,1,7,OPTIMAL,49.7476,1,1,1,0,0,1.0,49.7476,0.0,0.0,60,1.0,10,1.0
015_C203,15,C,1,8,OPTIMAL,54.3059,1,1,1,0,0,1.0,54.3059,0.0,0.0,60,1.0,10,1.0
015_C203,15,C,1,9,OPTIMAL,59.8127,1,1,1,0,0,1.0,59.8127,0.0,0.0,60,1.0,10,1.0
015_C203,15,C,2,0,OPTIMAL,126.2032,2,2,2,0,0,1.0,126.2032,0.0,0.0,60,1.0,10,1.0
015_C203,15,C,2,1,OPTIMAL,131.7858,2,2,2,0,0,1.0,131.7858,0.0,0.0,60,1.0,10,1.0
015_C203,15,C,2,2,OPTIMAL,116.8744,2,2,2,0,0,1.0,116.8744,0.0,0.0,60,1.0,10,1.0
015_C203,15,C,2,3,OPTIMAL,130.6165,2,2,2,0,0,1.0,130.6165,0.0,0.0,60,1.0,10,1.0
015_C203,15,C,2,4,OPTIMAL,144.1629,2,2,2,0,0,1.0,144.1629,0.0,0.0,60,1.0,10,1.0
015_C203,15,C,2,5,OPTIMAL,99.3835,2,2,2,0,0,1.0,99.3835,0.0,0.0,60,1.0,10,1.0
015_C203,15,C,2,6,OPTIMAL,91.6405,2,2,2,0,0,1.0,91.6405,0.0,0.0,60,1.0,10,1.0
015_C203,15,C,2,7,OPTIMAL,99.9379,2,2,2,0,0,1.0,99.9379,0.0,0.0,60,1.0,10,1.0
015_C203,15,C,2,8,OPTIMAL,91.8258,2,2,2,0,0,1.0,91.8258,0.0,0.0,60,1.0,10,1.0
015_C203,15,C,2,9,OPTIMAL,67.9362,2,2,2,0,0,1.0,67.9362,0.0,0.0,60,1.0,10,1.0
015_C203,15,C,3,0,OPTIMAL,198.9086,3,3,3,0,0,1.0,198.9086,0.0,0.0,60,1.0,10,1.0
015_C203,15,C,3,1,OPTIMAL,139.2924,3,3,3,0,0,1.0,139.2924,0.0,0.0,60,1.0,10,1.0
015_C203,15,C,3,2,OPTIMAL,207.6642,3,3,3,0,0,1.0,207.6642,0.0,0.0,60,1.0,10,1.0
015_C203,15,C,3,3,OPTIMAL,125.8636,3,3,3,0,0,1.0,125.8636,0.0,0.0,60,1.0,10,1.0
015_C203,15,C,3,4,OPTIMAL,141.3501,3,3,3,0,0,1.0,141.3501,0.0,0.0,60,1.0,10,1.0
015_C203,15,C,3,5,OPTIMAL,156.6646,3,3,2,1,0,1.0,156.6646,0.0,0.0,60,1.0,10,1.0
015_C203,15,C,3,6,OPTIMAL,117.1397,3,3,3,0,0,1.0,117.1397,0.0,0.0,60,1.0,10,1.0
015_C203,15,C,3,7,OPTIMAL,163.9154,3,3,3,0,0,1.0,163.9154,0.0,0.0,60,1.0,10,1.0
015_C203,15,C,3,8,OPTIMAL,160.9153,3,3,3,0,0,1.0,160.9153,0.0,0.0,60,1.0,10,1.0
015_C203,15,C,3,9,OPTIMAL,167.7757,3,3,3,0,0,1.0,167.7757,0.0,0.0,60,1.0,10,1.0
015_C204,15,C,1,0,OPTIMAL,18.0461,1,1,1,0,0,1.0,18.0461,0.0,0.0,60,1.0,10,1.0
015_C204,15,C,1,1,OPTIMAL,59.0122,1,1,1,0,0,1.0,59.0122,0.0,0.0,60,1.0,10,1.0
015_C204,15,C,1,2,OPTIMAL,49.0116,1,1,0,1,0,1.0,49.0116,0.0,0.0,60,1.0,10,1.0
015_C204,15,C,1,3,OPTIMAL,45.2171,1,1,1,0,0,1.0,45.2171,0.0,0.0,60,1.0,10,1.0
015_C204,15,C,1,4,OPTIMAL,20.838,1,1,1,0,0,1.0,20.838,0.0,0.0,60,1.0,10,1.0
015_C204,15,C,1,5,OPTIMAL,75.913,1,1,1,0,0,1.0,75.913,0.0,0.0,60,1.0,10,1.0
015_C204,15,C,1,6,OPTIMAL,77.4881,1,1,1,0,0,1.0,77.4881,0.0,0.0,60,1.0,10,1.0
015_C204,15,C,1,7,OPTIMAL,49.7476,1,1,1,0,0,1.0,49.7476,0.0,0.0,60,1.0,10,1.0
015_C204,15,C,1,8,OPTIMAL,54.3059,1,1,1,0,0,1.0,54.3059,0.0,0.0,60,1.0,10,1.0
015_C204,15,C,1,9,OPTIMAL,59.8127,1,1,0,1,0,1.0,59.8127,0.0,0.0,60,1.0,10,1.0
015_C204,15,C,2,0,OPTIMAL,126.2032,2,2,2,0,0,1.0,126.2032,0.0,0.0,60,1.0,10,1.0
015_C204,15,C,2,1,OPTIMAL,131.7858,2,2,2,0,0,1.0,131.7858,0.0,0.0,60,1.0,10,1.0
015_C204,15,C,2,2,OPTIMAL,116.8744,2,2,2,0,0,1.0,116.8744,0.0,0.0,60,1.0,10,1.0
015_C204,15,C,2,3,OPTIMAL,130.6165,2,2,2,0,0,1.0,130.6165,0.0,0.0,60,1.0,10,1.0
015_C204,15,C,2,4,OPTIMAL,144.1629,2,2,2,0,0,1.0,144.1629,0.0,0.0,60,1.0,10,1.0
015_C204,15,C,2,5,OPTIMAL,99.3835,2,2,2,0,0,1.0,99.3835,0.0,0.0,60,1.0,10,1.0
015_C204,15,C,2,6,OPTIMAL,91.6405,2,2,2,0,0,1.0,91.6405,0.0,0.0,60,1.0,10,1.0
015_C204,15,C,2,7,OPTIMAL,99.9379,2,2,2,0,0,1.0,99.9379,0.0,0.0,60,1.0,10,1.0
015_C204,15,C,2,8,OPTIMAL,91.8258,2,2,2,0,0,1.0,91.8258,0.0,0.0,60,1.0,10,1.0
015_C204,15,C,2,9,OPTIMAL,67.9362,2,2,2,0,0,1.0,67.9362,0.0,0.0,60,1.0,10,1.0
015_C204,15,C,3,0,OPTIMAL,198.9086,3,3,3,0,0,1.0,198.9086,0.0,0.0,60,1.0,10,1.0
015_C204,15,C,3,1,OPTIMAL,139.2924,3,3,3,0,0,1.0,139.2924,0.0,0.0,60,1.0,10,1.0
015_C204,15,C,3,2,OPTIMAL,207.6642,3,3,3,0,0,1.0,207.6642,0.0,0.0,60,1.0,10,1.0
015_C204,15,C,3,3,OPTIMAL,125.8636,3,3,3,0,0,1.0,125.8636,0.0,0.0,60,1.0,10,1.0
015_C204,15,C,3,4,OPTIMAL,141.3501,3,3,3,0,0,1.0,141.3501,0.0,0.0,60,1.0,10,1.0
015_C204,15,C,3,5,OPTIMAL,156.6646,3,3,3,0,0,1.0,156.6646,0.0,0.0,60,1.0,10,1.0
015_C204,15,C,3,6,OPTIMAL,117.1397,3,3,3,0,0,1.0,117.1397,0.0,0.0,60,1.0,10,1.0
015_C204,15,C,3,7,OPTIMAL,163.9154,3,3,3,0,0,1.0,163.9154,0.0,0.0,60,1.0,10,1.0
015_C204,15,C,3,8,OPTIMAL,160.9153,3,3,3,0,0,1.0,160.9153,0.0,0.0,60,1.0,10,1.0
015_C204,15,C,3,9,OPTIMAL,167.7757,3,3,3,0,0,1.0,167.7757,0.0,0.0,60,1.0,10,1.0
015_C205,15,C,1,0,OPTIMAL,18.0461,1,1,1,0,0,1.0,18.0461,0.0,0.0,60,1.0,10,1.0
015_C205,15,C,1,1,OPTIMAL,59.0122,1,1,1,0,0,1.0,59.0122,0.0,0.0,60,1.0,10,1.0
015_C205,15,C,1,2,OPTIMAL,49.0116,1,1,1,0,0,1.0,49.0116,0.0,0.0,60,1.0,10,1.0
015_C205,15,C,1,3,OPTIMAL,45.2171,1,1,1,0,0,1.0,45.2171,0.0,0.0,60,1.0,10,1.0
015_C205,15,C,1,4,OPTIMAL,20.838,1,1,1,0,0,1.0,20.838,0.0,0.0,60,1.0,10,1.0
015_C205,15,C,1,5,OPTIMAL,75.913,1,1,1,0,0,1.0,75.913,0.0,0.0,60,1.0,10,1.0
015_C205,15,C,1,6,OPTIMAL,77.4881,1,1,1,0,0,1.0,77.4881,0.0,0.0,60,1.0,10,1.0
015_C205,15,C,1,7,OPTIMAL,0.1908,1,0,0,0,1,0.0,0.0,0.0,0.1908,60,1.0,10,1.0
015_C205,15,C,1,8,OPTIMAL,54.3059,1,1,1,0,0,1.0,54.3059,0.0,0.0,60,1.0,10,1.0
015_C205,15,C,1,9,OPTIMAL,30.6904,1,0,0,0,1,0.0,0.0,0.0,30.6904,60,1.0,10,1.0
015_C205,15,C,2,0,OPTIMAL,126.2032,2,2,2,0,0,1.0,126.2032,0.0,0.0,60,1.0,10,1.0
015_C205,15,C,2,1,OPTIMAL,131.7858,2,2,2,0,0,1.0,131.7858,0.0,0.0,60,1.0,10,1.0
015_C205,15,C,2,2,OPTIMAL,116.8744,2,2,2,0,0,1.0,116.8744,0.0,0.0,60,1.0,10,1.0
015_C205,15,C,2,3,OPTIMAL,130.6165,2,2,2,0,0,1.0,130.6165,0.0,0.0,60,1.0,10,1.0
015_C205,15,C,2,4,OPTIMAL,144.1629,2,2,2,0,0,1.0,144.1629,0.0,0.0,60,1.0,10,1.0
015_C205,15,C,2,5,OPTIMAL,99.3835,2,2,2,0,0,1.0,99.3835,0.0,0.0,60,1.0,10,1.0
015_C205,15,C,2,6,OPTIMAL,91.6405,2,2,2,0,0,1.0,91.6405,0.0,0.0,60,1.0,10,1.0
015_C205,15,C,2,7,OPTIMAL,99.9379,2,2,2,0,0,1.0,99.9379,0.0,0.0,60,1.0,10,1.0
015_C205,15,C,2,8,OPTIMAL,91.8258,2,2,2,0,0,1.0,91.8258,0.0,0.0,60,1.0,10,1.0
015_C205,15,C,2,9,OPTIMAL,67.9362,2,2,2,0,0,1.0,67.9362,0.0,0.0,60,1.0,10,1.0
015_C205,15,C,3,0,OPTIMAL,198.9086,3,3,3,0,0,1.0,198.9086,0.0,0.0,60,1.0,10,1.0
015_C205,15,C,3,1,OPTIMAL,139.2924,3,3,3,0,0,1.0,139.2924,0.0,0.0,60,1.0,10,1.0
015_C205,15,C,3,2,OPTIMAL,207.6642,3,3,3,0,0,1.0,207.6642,0.0,0.0,60,1.0,10,1.0
015_C205,15,C,3,3,OPTIMAL,125.8636,3,3,3,0,0,1.0,125.8636,0.0,0.0,60,1.0,10,1.0
015_C205,15,C,3,4,OPTIMAL,141.3501,3,3,3,0,0,1.0,141.3501,0.0,0.0,60,1.0,10,1.0
015_C205,15,C,3,5,OPTIMAL,156.6646,3,3,2,1,0,1.0,156.6646,0.0,0.0,60,1.0,10,1.0
015_C205,15,C,3,6,OPTIMAL,117.1397,3,3,3,0,0,1.0,117.1397,0.0,0.0,60,1.0,10,1.0
015_C205,15,C,3,7,OPTIMAL,163.9154,3,3,3,0,0,1.0,163.9154,0.0,0.0,60,1.0,10,1.0
015_C205,15,C,3,8,OPTIMAL,105.8827,3,2,2,0,1,0.6667,104.183,0.0,1.6997,60,1.0,10,1.0
015_C205,15,C,3,9,OPTIMAL,167.7757,3,3,3,0,0,1.0,167.7757,0.0,0.0,60,1.0,10,1.0
015_C206,15,C,1,0,OPTIMAL,18.0461,1,1,1,0,0,1.0,18.0461,0.0,0.0,60,1.0,10,1.0
015_C206,15,C,1,1,OPTIMAL,59.0122,1,1,1,0,0,1.0,59.0122,0.0,0.0,60,1.0,10,1.0
015_C206,15,C,1,2,OPTIMAL,49.0116,1,1,1,0,0,1.0,49.0116,0.0,0.0,60,1.0,10,1.0
015_C206,15,C,1,3,OPTIMAL,45.2171,1,1,1,0,0,1.0,45.2171,0.0,0.0,60,1.0,10,1.0
015_C206,15,C,1,4,OPTIMAL,20.838,1,1,1,0,0,1.0,20.838,0.0,0.0,60,1.0,10,1.0
015_C206,15,C,1,5,OPTIMAL,75.913,1,1,1,0,0,1.0,75.913,0.0,0.0,60,1.0,10,1.0
015_C206,15,C,1,6,OPTIMAL,77.4881,1,1,1,0,0,1.0,77.4881,0.0,0.0,60,1.0,10,1.0
015_C206,15,C,1,7,OPTIMAL,49.7476,1,1,1,0,0,1.0,49.7476,0.0,0.0,60,1.0,10,1.0
015_C206,15,C,1,8,OPTIMAL,54.3059,1,1,1,0,0,1.0,54.3059,0.0,0.0,60,1.0,10,1.0
015_C206,15,C,1,9,OPTIMAL,19.4621,1,0,0,0,1,0.0,0.0,0.0,19.4621,60,1.0,10,1.0
015_C206,15,C,2,0,OPTIMAL,126.2032,2,2,2,0,0,1.0,126.2032,0.0,0.0,60,1.0,10,1.0
015_C206,15,C,2,1,OPTIMAL,131.7858,2,2,2,0,0,1.0,131.7858,0.0,0.0,60,1.0,10,1.0
015_C206,15,C,2,2,OPTIMAL,79.5443,2,1,1,0,1,0.5,77.707,0.0,1.8373,60,1.0,10,1.0
015_C206,15,C,2,3,OPTIMAL,130.6165,2,2,2,0,0,1.0,130.6165,0.0,0.0,60,1.0,10,1.0
015_C206,15,C,2,4,OPTIMAL,144.1629,2,2,2,0,0,1.0,144.1629,0.0,0.0,60,1.0,10,1.0
015_C206,15,C,2,5,OPTIMAL,55.6278,2,1,1,0,1,0.5,54.5257,0.0,1.1021,60,1.0,10,1.0
015_C206,15,C,2,6,OPTIMAL,91.6405,2,2,2,0,0,1.0,91.6405,0.0,0.0,60,1.0,10,1.0
015_C206,15,C,2,7,OPTIMAL,99.9379,2,2,2,0,0,1.0,99.9379,0.0,0.0,60,1.0,10,1.0
015_C206,15,C,2,8,OPTIMAL,91.8258,2,2,2,0,0,1.0,91.8258,0.0,0.0,60,1.0,10,1.0
015_C206,15,C,2,9,OPTIMAL,67.9362,2,2,2,0,0,1.0,67.9362,0.0,0.0,60,1.0,10,1.0
015_C206,15,C,3,0,OPTIMAL,198.9086,3,3,3,0,0,1.0,198.9086,0.0,0.0,60,1.0,10,1.0
015_C206,15,C,3,1,OPTIMAL,139.2924,3,3,3,0,0,1.0,139.2924,0.0,0.0,60,1.0,10,1.0
015_C206,15,C,3,2,OPTIMAL,207.6642,3,3,3,0,0,1.0,207.6642,0.0,0.0,60,1.0,10,1.0
015_C206,15,C,3,3,OPTIMAL,76.783,3,2,2,0,1,0.6667,70.6549,0.0,6.128,60,1.0,10,1.0
015_C206,15,C,3,4,OPTIMAL,141.3501,3,3,3,0,0,1.0,141.3501,0.0,0.0,60,1.0,10,1.0
015_C206,15,C,3,5,OPTIMAL,156.6646,3,3,3,0,0,1.0,156.6646,0.0,0.0,60,1.0,10,1.0
015_C206,15,C,3,6,OPTIMAL,117.1397,3,3,3,0,0,1.0,117.1397,0.0,0.0,60,1.0,10,1.0
015_C206,15,C,3,7,OPTIMAL,163.9154,3,3,3,0,0,1.0,163.9154,0.0,0.0,60,1.0,10,1.0
015_C206,15,C,3,8,OPTIMAL,160.9153,3,3,3,0,0,1.0,160.9153,0.0,0.0,60,1.0,10,1.0
015_C206,15,C,3,9,OPTIMAL,167.7757,3,3,3,0,0,1.0,167.7757,0.0,0.0,60,1.0,10,1.0
015_C207,15,C,1,0,OPTIMAL,18.0461,1,1,1,0,0,1.0,18.0461,0.0,0.0,60,1.0,10,1.0
015_C207,15,C,1,1,OPTIMAL,59.0122,1,1,1,0,0,1.0,59.0122,0.0,0.0,60,1.0,10,1.0
015_C207,15,C,1,2,OPTIMAL,49.0116,1,1,1,0,0,1.0,49.0116,0.0,0.0,60,1.0,10,1.0
015_C207,15,C,1,3,OPTIMAL,45.2171,1,1,1,0,0,1.0,45.2171,0.0,0.0,60,1.0,10,1.0
015_C207,15,C,1,4,OPTIMAL,20.838,1,1,1,0,0,1.0,20.838,0.0,0.0,60,1.0,10,1.0
015_C207,15,C,1,5,OPTIMAL,75.913,1,1,1,0,0,1.0,75.913,0.0,0.0,60,1.0,10,1.0
015_C207,15,C,1,6,OPTIMAL,77.4881,1,1,1,0,0,1.0,77.4881,0.0,0.0,60,1.0,10,1.0
015_C207,15,C,1,7,OPTIMAL,49.7476,1,1,1,0,0,1.0,49.7476,0.0,0.0,60,1.0,10,1.0
015_C207,15,C,1,8,OPTIMAL,54.3059,1,1,1,0,0,1.0,54.3059,0.0,0.0,60,1.0,10,1.0
015_C207,15,C,1,9,OPTIMAL,30.6904,1,0,0,0,1,0.0,0.0,0.0,30.6904,60,1.0,10,1.0
015_C207,15,C,2,0,OPTIMAL,126.2032,2,2,2,0,0,1.0,126.2032,0.0,0.0,60,1.0,10,1.0
015_C207,15,C,2,1,OPTIMAL,131.7858,2,2,1,1,0,1.0,131.7858,0.0,0.0,60,1.0,10,1.0
015_C207,15,C,2,2,OPTIMAL,83.4812,2,1,1,0,1,0.5,77.707,0.0,5.7742,60,1.0,10,1.0
015_C207,15,C,2,3,OPTIMAL,130.6165,2,2,2,0,0,1.0,130.6165,0.0,0.0,60,1.0,10,1.0
015_C207,15,C,2,4,OPTIMAL,144.1629,2,2,2,0,0,1.0,144.1629,0.0,0.0,60,1.0,10,1.0
015_C207,15,C,2,5,OPTIMAL,99.3835,2,2,2,0,0,1.0,99.3835,0.0,0.0,60,1.0,10,1.0
015_C207,15,C,2,6,OPTIMAL,91.6405,2,2,2,0,0,1.0,91.6405,0.0,0.0,60,1.0,10,1.0
015_C207,15,C,2,7,OPTIMAL,99.9379,2,2,2,0,0,1.0,99.9379,0.0,0.0,60,1.0,10,1.0
015_C207,15,C,2,8,OPTIMAL,91.8258,2,2,2,0,0,1.0,91.8258,0.0,0.0,60,1.0,10,1.0
015_C207,15,C,2,9,OPTIMAL,67.9362,2,2,2,0,0,1.0,67.9362,0.0,0.0,60,1.0,10,1.0
015_C207,15,C,3,0,OPTIMAL,189.118,3,2,2,0,1,0.6667,150.7608,0.0,38.3572,60,1.0,10,1.0
015_C207,15,C,3,1,OPTIMAL,139.2924,3,3,3,0,0,1.0,139.2924,0.0,0.0,60,1.0,10,1.0
015_C207,15,C,3,2,OPTIMAL,207.6642,3,3,3,0,0,1.0,207.6642,0.0,0.0,60,1.0,10,1.0
015_C207,15,C,3,3,OPTIMAL,125.8636,3,3,3,0,0,1.0,125.8636,0.0,0.0,60,1.0,10,1.0
015_C207,15,C,3,4,OPTIMAL,141.3501,3,3,3,0,0,1.0,141.3501,0.0,0.0,60,1.0,10,1.0
015_C207,15,C,3,5,OPTIMAL,156.6646,3,3,3,0,0,1.0,156.6646,0.0,0.0,60,1.0,10,1.0
015_C207,15,C,3,6,OPTIMAL,117.1397,3,3,3,0,0,1.0,117.1397,0.0,0.0,60,1.0,10,1.0
015_C207,15,C,3,7,OPTIMAL,163.9154,3,3,3,0,0,1.0,163.9154,0.0,0.0,60,1.0,10,1.0
015_C207,15,C,3,8,OPTIMAL,160.9153,3,3,3,0,0,1.0,160.9153,0.0,0.0,60,1.0,10,1.0
015_C207,15,C,3,9,OPTIMAL,167.7757,3,3,3,0,0,1.0,167.7757,0.0,0.0,60,1.0,10,1.0
015_C208,15,C,1,0,OPTIMAL,18.0461,1,1,1,0,0,1.0,18.0461,0.0,0.0,60,1.0,10,1.0
015_C208,15,C,1,1,OPTIMAL,59.0122,1,1,1,0,0,1.0,59.0122,0.0,0.0,60,1.0,10,1.0
015_C208,15,C,1,2,OPTIMAL,49.0116,1,1,1,0,0,1.0,49.0116,0.0,0.0,60,1.0,10,1.0
015_C208,15,C,1,3,OPTIMAL,45.2171,1,1,1,0,0,1.0,45.2171,0.0,0.0,60,1.0,10,1.0
015_C208,15,C,1,4,OPTIMAL,20.838,1,1,1,0,0,1.0,20.838,0.0,0.0,60,1.0,10,1.0
015_C208,15,C,1,5,OPTIMAL,75.913,1,1,1,0,0,1.0,75.913,0.0,0.0,60,1.0,10,1.0
015_C208,15,C,1,6,OPTIMAL,77.4881,1,1,1,0,0,1.0,77.4881,0.0,0.0,60,1.0,10,1.0
015_C208,15,C,1,7,OPTIMAL,49.7476,1,1,1,0,0,1.0,49.7476,0.0,0.0,60,1.0,10,1.0
015_C208,15,C,1,8,OPTIMAL,54.3059,1,1,1,0,0,1.0,54.3059,0.0,0.0,60,1.0,10,1.0
015_C208,15,C,1,9,OPTIMAL,30.6904,1,0,0,0,1,0.0,0.0,0.0,30.6904,60,1.0,10,1.0
015_C208,15,C,2,0,OPTIMAL,126.2032,2,2,2,0,0,1.0,126.2032,0.0,0.0,60,1.0,10,1.0
015_C208,15,C,2,1,OPTIMAL,131.7858,2,2,2,0,0,1.0,131.7858,0.0,0.0,60,1.0,10,1.0
015_C208,15,C,2,2,OPTIMAL,116.8744,2,2,2,0,0,1.0,116.8744,0.0,0.0,60,1.0,10,1.0
015_C208,15,C,2,3,OPTIMAL,130.6165,2,2,2,0,0,1.0,130.6165,0.0,0.0,60,1.0,10,1.0
015_C208,15,C,2,4,OPTIMAL,144.1629,2,2,2,0,0,1.0,144.1629,0.0,0.0,60,1.0,10,1.0
015_C208,15,C,2,5,OPTIMAL,55.6278,2,1,1,0,1,0.5,54.5257,0.0,1.1021,60,1.0,10,1.0
015_C208,15,C,2,6,OPTIMAL,91.6405,2,2,2,0,0,1.0,91.6405,0.0,0.0,60,1.0,10,1.0
015_C208,15,C,2,7,OPTIMAL,99.9379,2,2,2,0,0,1.0,99.9379,0.0,0.0,60,1.0,10,1.0
015_C208,15,C,2,8,OPTIMAL,91.8258,2,2,2,0,0,1.0,91.8258,0.0,0.0,60,1.0,10,1.0
015_C208,15,C,2,9,OPTIMAL,67.9362,2,2,2,0,0,1.0,67.9362,0.0,0.0,60,1.0,10,1.0
015_C208,15,C,3,0,OPTIMAL,198.9086,3,3,3,0,0,1.0,198.9086,0.0,0.0,60,1.0,10,1.0
015_C208,15,C,3,1,OPTIMAL,139.2924,3,3,3,0,0,1.0,139.2924,0.0,0.0,60,1.0,10,1.0
015_C208,15,C,3,2,OPTIMAL,207.6642,3,3,3,0,0,1.0,207.6642,0.0,0.0,60,1.0,10,1.0
015_C208,15,C,3,3,OPTIMAL,125.8636,3,3,3,0,0,1.0,125.8636,0.0,0.0,60,1.0,10,1.0
015_C208,15,C,3,4,OPTIMAL,141.3501,3,3,3,0,0,1.0,141.3501,0.0,0.0,60,1.0,10,1.0
015_C208,15,C,3,5,OPTIMAL,105.5267,3,2,2,0,1,0.6667,105.3602,0.0,0.1665,60,1.0,10,1.0
015_C208,15,C,3,6,OPTIMAL,83.8923,3,2,2,0,1,0.6667,76.1714,0.0,7.7209,60,1.0,10,1.0
015_C208,15,C,3,7,OPTIMAL,163.9154,3,3,3,0,0,1.0,163.9154,0.0,0.0,60,1.0,10,1.0
015_C208,15,C,3,8,OPTIMAL,160.9153,3,3,3,0,0,1.0,160.9153,0.0,0.0,60,1.0,10,1.0
015_C208,15,C,3,9,OPTIMAL,167.7757,3,3,3,0,0,1.0,167.7757,0.0,0.0,60,1.0,10,1.0
015_R101,15,R,1,0,OPTIMAL,6.1338,1,0,0,0,1,0.0,0.0,0.0,6.1338,60,1.0,10,1.0
015_R101,15,R,1,1,OPTIMAL,4.1611,1,0,0,0,1,0.0,0.0,0.0,4.1611,60,1.0,10,1.0
015_R101,15,R,1,2,OPTIMAL,0.2304,1,0,0,0,1,0.0,0.0,0.0,0.2304,60,1.0,10,1.0
015_R101,15,R,1,3,OPTIMAL,45.9834,1,1,1,0,0,1.0,45.9834,0.0,0.0,60,1.0,10,1.0
015_R101,15,R,1,4,OPTIMAL,48.266,1,1,1,0,0,1.0,48.266,0.0,0.0,60,1.0,10,1.0
015_R101,15,R,1,5,OPTIMAL,39.613,1,1,0,1,0,1.0,39.613,0.0,0.0,60,1.0,10,1.0
015_R101,15,R,1,6,OPTIMAL,21.9119,1,0,0,0,1,0.0,0.0,0.0,21.9119,60,1.0,10,1.0
015_R101,15,R,1,7,OPTIMAL,3.2438,1,0,0,0,1,0.0,0.0,0.0,3.2438,60,1.0,10,1.0
015_R101,15,R,1,8,OPTIMAL,66.3339,1,1,1,0,0,1.0,66.3339,0.0,0.0,60,1.0,10,1.0
015_R101,15,R,1,9,OPTIMAL,52.9847,1,1,0,1,0,1.0,52.9847,0.0,0.0,60,1.0,10,1.0
015_R101,15,R,2,0,OPTIMAL,8.8225,2,0,0,0,2,0.0,0.0,0.0,8.8225,60,1.0,10,1.0
015_R101,15,R,2,1,OPTIMAL,1.2725,2,0,0,0,2,0.0,0.0,0.0,1.2725,60,1.0,10,1.0
015_R101,15,R,2,2,OPTIMAL,95.8133,2,1,0,1,1,0.5,44.4632,0.0,51.3501,60,1.0,10,1.0
015_R101,15,R,2,3,OPTIMAL,92.0122,2,2,1,1,0,1.0,92.0122,0.0,0.0,60,1.0,10,1.0
015_R101,15,R,2,4,OPTIMAL,5.4688,2,0,0,0,2,0.0,0.0,0.0,5.4688,60,1.0,10,1.0
015_R101,15,R,2,5,OPTIMAL,114.8391,2,2,1,1,0,1.0,114.8391,0.0,0.0,60,1.0,10,1.0
015_R101,15,R,2,6,OPTIMAL,72.6114,2,1,1,0,1,0.5,67.7935,0.0,4.8178,60,1.0,10,1.0
015_R101,15,R,2,7,OPTIMAL,108.9505,2,1,1,0,1,0.5,63.0166,0.0,45.9338,60,1.0,10,1.0
015_R101,15,R,2,8,OPTIMAL,16.1944,2,0,0,0,2,0.0,0.0,0.0,16.1944,60,1.0,10,1.0
015_R101,15,R,2,9,OPTIMAL,124.6351,2,2,2,0,0,1.0,124.6351,0.0,0.0,60,1.0,10,1.0
015_R101,15,R,3,0,OPTIMAL,22.6013,3,0,0,0,3,0.0,0.0,0.0,22.6013,60,1.0,10,1.0
015_R101,15,R,3,1,OPTIMAL,46.7868,3,1,1,0,2,0.3333,40.6503,0.0,6.1365,60,1.0,10,1.0
015_R101,15,R,3,2,OPTIMAL,81.7726,3,2,1,1,1,0.6667,56.7732,0.0,24.9994,60,1.0,10,1.0
015_R101,15,R,3,3,OPTIMAL,16.7221,3,0,0,0,3,0.0,0.0,0.0,16.7221,60,1.0,10,1.0
015_R101,15,R,3,4,OPTIMAL,74.5723,3,2,2,0,1,0.6667,67.481,0.0,7.0913,60,1.0,10,1.0
015_R101,15,R,3,5,OPTIMAL,33.7746,3,0,0,0,3,0.0,0.0,0.0,33.7746,60,1.0,10,1.0
015_R101,15,R,3,6,OPTIMAL,160.0006,3,3,2,1,0,1.0,160.0006,0.0,0.0,60,1.0,10,1.0
015_R101,15,R,3,7,OPTIMAL,124.9308,3,2,2,0,1,0.6667,104.989,0.0,19.9418,60,1.0,10,1.0
015_R101,15,R,3,8,OPTIMAL,144.5764,3,3,2,1,0,1.0,144.5764,0.0,0.0,60,1.0,10,1.0
015_R101,15,R,3,9,OPTIMAL,65.7476,3,1,1,0,2,0.3333,64.7255,0.0,1.0222,60,1.0,10,1.0
015_R102,15,R,1,0,OPTIMAL,3.0669,1,0,0,0,1,0.0,0.0,0.0,3.0669,60,1.0,10,1.0
015_R102,15,R,1,1,OPTIMAL,4.1611,1,0,0,0,1,0.0,0.0,0.0,4.1611,60,1.0,10,1.0
015_R102,15,R,1,2,OPTIMAL,26.1458,1,1,1,0,0,1.0,26.1458,0.0,0.0,60,1.0,10,1.0
015_R102,15,R,1,3,OPTIMAL,45.9834,1,1,1,0,0,1.0,45.9834,0.0,0.0,60,1.0,10,1.0
015_R102,15,R,1,4,OPTIMAL,48.266,1,1,1,0,0,1.0,48.266,0.0,0.0,60,1.0,10,1.0
015_R102,15,R,1,5,OPTIMAL,39.613,1,1,1,0,0,1.0,39.613,0.0,0.0,60,1.0,10,1.0
015_R102,15,R,1,6,OPTIMAL,27.8011,1,1,1,0,0,1.0,27.8011,0.0,0.0,60,1.0,10,1.0
015_R102,15,R,1,7,OPTIMAL,3.2438,1,0,0,0,1,0.0,0.0,0.0,3.2438,60,1.0,10,1.0
015_R102,15,R,1,8,OPTIMAL,66.3339,1,1,1,0,0,1.0,66.3339,0.0,0.0,60,1.0,10,1.0
015_R102,15,R,1,9,OPTIMAL,18.7794,1,0,0,0,1,0.0,0.0,0.0,18.7794,60,1.0,10,1.0
015_R102,15,R,2,0,OPTIMAL,8.5026,2,0,0,0,2,0.0,0.0,0.0,8.5026,60,1.0,10,1.0
015_R102,15,R,2,1,OPTIMAL,1.2725,2,0,0,0,2,0.0,0.0,0.0,1.2725,60,1.0,10,1.0
015_R102,15,R,2,2,OPTIMAL,104.0752,2,2,0,2,0,1.0,104.0752,0.0,0.0,60,1.0,10,1.0
015_R102,15,R,2,3,OPTIMAL,53.5684,2,1,1,0,1,0.5,28.9323,0.0,24.6361,60,1.0,10,1.0
015_R102,15,R,2,4,OPTIMAL,52.6957,2,1,1,0,1,0.5,51.5709,0.0,1.1248,60,1.0,10,1.0
015_R102,15,R,2,5,OPTIMAL,114.8391,2,2,1,1,0,1.0,114.8391,0.0,0.0,60,1.0,10,1.0
015_R102,15,R,2,6,OPTIMAL,73.5548,2,1,1,0,1,0.5,67.7935,0.0,5.7613,60,1.0,10,1.0
015_R102,15,R,2,7,OPTIMAL,116.7989,2,1,0,1,1,0.5,62.809,0.0,53.9899,60,1.0,10,1.0
015_R102,15,R,2,8,OPTIMAL,20.3368,2,0,0,0,2,0.0,0.0,0.0,20.3368,60,1.0,10,1.0
015_R102,15,R,2,9,OPTIMAL,85.1554,2,1,0,1,1,0.5,56.5528,0.0,28.6026,60,1.0,10,1.0
015_R102,15,R,3,0,OPTIMAL,31.539,3,0,0,0,3,0.0,0.0,0.0,31.539,60,1.0,10,1.0
015_R102,15,R,3,1,OPTIMAL,45.1149,3,1,1,0,2,0.3333,40.6503,0.0,4.4646,60,1.0,10,1.0
015_R102,15,R,3,2,OPTIMAL,81.2479,3,2,1,1,1,0.6667,77.4462,0.0,3.8018,60,1.0,10,1.0
015_R102,15,R,3,3,OPTIMAL,16.7221,3,0,0,0,3,0.0,0.0,0.0,16.7221,60,1.0,10,1.0
015_R102,15,R,3,4,OPTIMAL,53.6652,3,1,1,0,2,0.3333,40.5225,0.0,13.1427,60,1.0,10,1.0
015_R102,15,R,3,5,OPTIMAL,36.0437,3,0,0,0,3,0.0,0.0,0.0,36.0437,60,1.0,10,1.0
015_R102,15,R,3,6,OPTIMAL,118.0477,3,2,2,0,1,0.6667,112.8283,0.0,5.2194,60,1.0,10,1.0
015_R102,15,R,3,7,OPTIMAL,85.5396,3,1,1,0,2,0.3333,47.7338,0.0,37.8059,60,1.0,10,1.0
015_R102,15,R,3,8,OPTIMAL,116.686,3,2,2,0,1,0.6667,110.3786,0.0,6.3075,60,1.0,10,1.0
015_R102,15,R,3,9,OPTIMAL,101.8927,3,1,1,0,2,0.3333,64.7255,0.0,37.1672,60,1.0,10,1.0
015_R103,15,R,1,0,OPTIMAL,3.0669,1,0,0,0,1,0.0,0.0,0.0,3.0669,60,1.0,10,1.0
015_R103,15,R,1,1,OPTIMAL,4.1611,1,0,0,0,1,0.0,0.0,0.0,4.1611,60,1.0,10,1.0
015_R103,15,R,1,2,OPTIMAL,0.4609,1,0,0,0,1,0.0,0.0,0.0,0.4609,60,1.0,10,1.0
015_R103,15,R,1,3,OPTIMAL,45.9834,1,1,1,0,0,1.0,45.9834,0.0,0.0,60,1.0,10,1.0
015_R103,15,R,1,4,OPTIMAL,48.266,1,1,1,0,0,1.0,48.266,0.0,0.0,60,1.0,10,1.0
015_R103,15,R,1,5,OPTIMAL,39.613,1,1,1,0,0,1.0,39.613,0.0,0.0,60,1.0,10,1.0
015_R103,15,R,1,6,OPTIMAL,27.8011,1,1,1,0,0,1.0,27.8011,0.0,0.0,60,1.0,10,1.0
015_R103,15,R,1,7,OPTIMAL,3.2438,1,0,0,0,1,0.0,0.0,0.0,3.2438,60,1.0,10,1.0
015_R103,15,R,1,8,OPTIMAL,66.3339,1,1,1,0,0,1.0,66.3339,0.0,0.0,60,1.0,10,1.0
015_R103,15,R,1,9,OPTIMAL,18.7794,1,0,0,0,1,0.0,0.0,0.0,18.7794,60,1.0,10,1.0
015_R103,15,R,2,0,OPTIMAL,8.5026,2,0,0,0,2,0.0,0.0,0.0,8.5026,60,1.0,10,1.0
015_R103,15,R,2,1,OPTIMAL,1.2725,2,0,0,0,2,0.0,0.0,0.0,1.2725,60,1.0,10,1.0
015_R103,15,R,2,2,OPTIMAL,104.0752,2,2,0,2,0,1.0,104.0752,0.0,0.0,60,1.0,10,1.0
015_R103,15,R,2,3,OPTIMAL,53.5684,2,1,1,0,1,0.5,28.9323,0.0,24.6361,60,1.0,10,1.0
015_R103,15,R,2,4,OPTIMAL,52.6957,2,1,1,0,1,0.5,51.5709,0.0,1.1248,60,1.0,10,1.0
015_R103,15,R,2,5,OPTIMAL,114.8391,2,2,1,1,0,1.0,114.8391,0.0,0.0,60,1.0,10,1.0
015_R103,15,R,2,6,OPTIMAL,73.5548,2,1,1,0,1,0.5,67.7935,0.0,5.7613,60,1.0,10,1.0
015_R103,15,R,2,7,OPTIMAL,125.8256,2,2,0,2,0,1.0,125.8256,0.0,0.0,60,1.0,10,1.0
015_R103,15,R,2,8,OPTIMAL,20.3368,2,0,0,0,2,0.0,0.0,0.0,20.3368,60,1.0,10,1.0
015_R103,15,R,2,9,OPTIMAL,85.1554,2,1,0,1,1,0.5,56.5528,0.0,28.6026,60,1.0,10,1.0
015_R103,15,R,3,0,OPTIMAL,31.539,3,0,0,0,3,0.0,0.0,0.0,31.539,60,1.0,10,1.0
015_R103,15,R,3,1,OPTIMAL,45.1149,3,1,1,0,2,0.3333,40.6503,0.0,4.4646,60,1.0,10,1.0
015_R103,15,R,3,2,OPTIMAL,52.2445,3,1,0,1,2,0.3333,28.7924,0.0,23.4521,60,1.0,10,1.0
015_R103,15,R,3,3,OPTIMAL,16.7221,3,0,0,0,3,0.0,0.0,0.0,16.7221,60,1.0,10,1.0
015_R103,15,R,3,4,OPTIMAL,47.9369,3,1,1,0,2,0.3333,40.5225,0.0,7.4144,60,1.0,10,1.0
015_R103,15,R,3,5,OPTIMAL,36.0437,3,0,0,0,3,0.0,0.0,0.0,36.0437,60,1.0,10,1.0
015_R103,15,R,3,6,OPTIMAL,156.031,3,2,2,0,1,0.6667,112.8283,0.0,43.2027,60,1.0,10,1.0
015_R103,15,R,3,7,OPTIMAL,79.8121,3,1,1,0,2,0.3333,47.7338,0.0,32.0783,60,1.0,10,1.0
015_R103,15,R,3,8,OPTIMAL,110.6739,3,2,2,0,1,0.6667,110.3786,0.0,0.2954,60,1.0,10,1.0
015_R103,15,R,3,9,OPTIMAL,97.3994,3,1,1,0,2,0.3333,64.7255,0.0,32.6739,60,1.0,10,1.0
015_R104,15,R,1,0,OPTIMAL,3.0669,1,0,0,0,1,0.0,0.0,0.0,3.0669,60,1.0,10,1.0
015_R104,15,R,1,1,OPTIMAL,54.0739,1,1,1,0,0,1.0,54.0739,0.0,0.0,60,1.0,10,1.0
015_R104,15,R,1,2,OPTIMAL,0.4609,1,0,0,0,1,0.0,0.0,0.0,0.4609,60,1.0,10,1.0
015_R104,15,R,1,3,OPTIMAL,45.9834,1,1,1,0,0,1.0,45.9834,0.0,0.0,60,1.0,10,1.0
015_R104,15,R,1,4,OPTIMAL,1.4732,1,0,0,0,1,0.0,0.0,0.0,1.4732,60,1.0,10,1.0
015_R104,15,R,1,5,OPTIMAL,39.613,1,1,1,0,0,1.0,39.613,0.0,0.0,60,1.0,10,1.0
015_R104,15,R,1,6,OPTIMAL,27.8011,1,1,1,0,0,1.0,27.8011,0.0,0.0,60,1.0,10,1.0
015_R104,15,R,1,7,OPTIMAL,3.2438,1,0,0,0,1,0.0,0.0,0.0,3.2438,60,1.0,10,1.0
015_R104,15,R,1,8,OPTIMAL,66.3339,1,1,1,0,0,1.0,66.3339,0.0,0.0,60,1.0,10,1.0
015_R104,15,R,1,9,OPTIMAL,37.698,1,0,0,0,1,0.0,0.0,0.0,37.698,60,1.0,10,1.0
015_R104,15,R,2,0,OPTIMAL,8.5026,2,0,0,0,2,0.0,0.0,0.0,8.5026,60,1.0,10,1.0
015_R104,15,R,2,1,OPTIMAL,1.2725,2,0,0,0,2,0.0,0.0,0.0,1.2725,60,1.0,10,1.0
015_R104,15,R,2,2,OPTIMAL,82.7476,2,1,1,0,1,0.5,59.6121,0.0,23.1356,60,1.0,10,1.0
015_R104,15,R,2,3,OPTIMAL,46.5358,2,1,1,0,1,0.5,28.9323,0.0,17.6035,60,1.0,10,1.0
015_R104,15,R,2,4,OPTIMAL,52.6957,2,1,1,0,1,0.5,51.5709,0.0,1.1248,60,1.0,10,1.0
015_R104,15,R,2,5,OPTIMAL,88.6565,2,1,1,0,1,0.5,68.6963,0.0,19.9602,60,1.0,10,1.0
015_R104,15,R,2,6,OPTIMAL,95.293,2,2,2,0,0,1.0,95.293,0.0,0.0,60,1.0,10,1.0
015_R104,15,R,2,7,OPTIMAL,125.8256,2,2,1,1,0,1.0,125.8256,0.0,0.0,60,1.0,10,1.0
015_R104,15,R,2,8,OPTIMAL,20.3368,2,0,0,0,2,0.0,0.0,0.0,20.3368,60,1.0,10,1.0
015_R104,15,R,2,9,OPTIMAL,76.2142,2,1,0,1,1,0.5,68.0823,0.0,8.1319,60,1.0,10,1.0
015_R104,15,R,3,0,OPTIMAL,39.3329,3,1,1,0,2,0.3333,34.4347,0.0,4.8983,60,1.0,10,1.0
015_R104,15,R,3,1,OPTIMAL,45.1149,3,1,1,0,2,0.3333,40.6503,0.0,4.4646,60,1.0,10,1.0
015_R104,15,R,3,2,OPTIMAL,53.7523,3,1,0,1,2,0.3333,48.6538,0.0,5.0985,60,1.0,10,1.0
015_R104,15,R,3,3,OPTIMAL,49.9018,3,1,1,0,2,0.3333,42.9009,0.0,7.0009,60,1.0,10,1.0
015_R104,15,R,3,4,OPTIMAL,47.9369,3,1,1,0,2,0.3333,40.5225,0.0,7.4144,60,1.0,10,1.0
015_R104,15,R,3,5,OPTIMAL,42.9336,3,1,1,0,2,0.3333,28.9481,0.0,13.9855,60,1.0,10,1.0
015_R104,15,R,3,6,OPTIMAL,155.1036,3,2,1,1,1,0.6667,112.8283,0.0,42.2753,60,1.0,10,1.0
015_R104,15,R,3,7,OPTIMAL,113.8959,3,1,1,0,2,0.3333,47.7338,0.0,66.1621,60,1.0,10,1.0
015_R104,15,R,3,8,OPTIMAL,110.6739,3,2,2,0,1,0.6667,110.3786,0.0,0.2954,60,1.0,10,1.0
015_R104,15,R,3,9,OPTIMAL,123.0644,3,2,2,0,1,0.6667,105.5911,0.0,17.4733,60,1.0,10,1.0
015_R105,15,R,1,0,OPTIMAL,35.6952,1,0,0,0,1,0.0,0.0,0.0,35.6952,60,1.0,10,1.0
015_R105,15,R,1,1,OPTIMAL,4.1611,1,0,0,0,1,0.0,0.0,0.0,4.1611,60,1.0,10,1.0
015_R105,15,R,1,2,OPTIMAL,0.2304,1,0,0,0,1,0.0,0.0,0.0,0.2304,60,1.0,10,1.0
015_R105,15,R,1,3,OPTIMAL,45.9834,1,1,1,0,0,1.0,45.9834,0.0,0.0,60,1.0,10,1.0
015_R105,15,R,1,4,OPTIMAL,48.266,1,1,1,0,0,1.0,48.266,0.0,0.0,60,1.0,10,1.0
015_R105,15,R,1,5,OPTIMAL,39.613,1,1,1,0,0,1.0,39.613,0.0,0.0,60,1.0,10,1.0
015_R105,15,R,1,6,OPTIMAL,21.9119,1,0,0,0,1,0.0,0.0,0.0,21.9119,60,1.0,10,1.0
015_R105,15,R,1,7,OPTIMAL,3.2438,1,0,0,0,1,0.0,0.0,0.0,3.2438,60,1.0,10,1.0
015_R105,15,R,1,8,OPTIMAL,66.3339,1,1,1,0,0,1.0,66.3339,0.0,0.0,60,1.0,10,1.0
015_R105,15,R,1,9,OPTIMAL,27.3292,1,0,0,0,1,0.0,0.0,0.0,27.3292,60,1.0,10,1.0
015_R105,15,R,2,0,OPTIMAL,8.3953,2,0,0,0,2,0.0,0.0,0.0,8.3953,60,1.0,10,1.0
015_R105,15,R,2,1,OPTIMAL,1.2725,2,0,0,0,2,0.0,0.0,0.0,1.2725,60,1.0,10,1.0
015_R105,15,R,2,2,OPTIMAL,101.5744,2,1,1,0,1,0.5,59.6121,0.0,41.9623,60,1.0,10,1.0
015_R105,15,R,2,3,OPTIMAL,66.3078,2,1,1,0,1,0.5,63.0799,0.0,3.2279,60,1.0,10,1.0
015_R105,15,R,2,4,OPTIMAL,57.223,2,1,1,0,1,0.5,41.0934,0.0,16.1296,60,1.0,10,1.0
015_R105,15,R,2,5,OPTIMAL,114.8391,2,2,2,0,0,1.0,114.8391,0.0,0.0,60,1.0,10,1.0
015_R105,15,R,2,6,OPTIMAL,68.4417,2,1,1,0,1,0.5,67.7935,0.0,0.6481,60,1.0,10,1.0
015_R105,15,R,2,7,OPTIMAL,125.8256,2,2,2,0,0,1.0,125.8256,0.0,0.0,60,1.0,10,1.0
015_R105,15,R,2,8,OPTIMAL,16.1944,2,0,0,0,2,0.0,0.0,0.0,16.1944,60,1.0,10,1.0
015_R105,15,R,2,9,OPTIMAL,124.6351,2,2,2,0,0,1.0,124.6351,0.0,0.0,60,1.0,10,1.0
015_R105,15,R,3,0,OPTIMAL,42.6662,3,1,0,1,2,0.3333,34.4347,0.0,8.2316,60,1.0,10,1.0
015_R105,15,R,3,1,OPTIMAL,35.25,3,0,0,0,3,0.0,0.0,0.0,35.25,60,1.0,10,1.0
015_R105,15,R,3,2,OPTIMAL,52.1703,3,1,0,1,2,0.3333,28.7924,0.0,23.3779,60,1.0,10,1.0
015_R105,15,R,3,3,OPTIMAL,49.9018,3,1,1,0,2,0.3333,42.9009,0.0,7.0009,60,1.0,10,1.0
015_R105,15,R,3,4,OPTIMAL,38.0037,3,1,1,0,2,0.3333,26.9585,0.0,11.0452,60,1.0,10,1.0
015_R105,15,R,3,5,OPTIMAL,26.1583,3,0,0,0,3,0.0,0.0,0.0,26.1583,60,1.0,10,1.0
015_R105,15,R,3,6,OPTIMAL,151.5137,3,2,2,0,1,0.6667,115.8946,0.0,35.6191,60,1.0,10,1.0
015_R105,15,R,3,7,OPTIMAL,79.5319,3,0,0,0,3,0.0,0.0,0.0,79.5319,60,1.0,10,1.0
015_R105,15,R,3,8,OPTIMAL,88.8434,3,1,1,0,2,0.3333,53.8038,0.0,35.0396,60,1.0,10,1.0
015_R105,15,R,3,9,OPTIMAL,114.8043,3,2,2,0,1,0.6667,105.5911,0.0,9.2132,60,1.0,10,1.0
015_R106,15,R,1,0,OPTIMAL,3.0669,1,0,0,0,1,0.0,0.0,0.0,3.0669,60,1.0,10,1.0
015_R106,15,R,1,1,OPTIMAL,4.1611,1,0,0,0,1,0.0,0.0,0.0,4.1611,60,1.0,10,1.0
015_R106,15,R,1,2,OPTIMAL,0.4609,1,0,0,0,1,0.0,0.0,0.0,0.4609,60,1.0,10,1.0
015_R106,15,R,1,3,OPTIMAL,45.9834,1,1,1,0,0,1.0,45.9834,0.0,0.0,60,1.0,10,1.0
015_R106,15,R,1,4,OPTIMAL,48.266,1,1,1,0,0,1.0,48.266,0.0,0.0,60,1.0,10,1.0
015_R106,15,R,1,5,OPTIMAL,39.613,1,1,1,0,0,1.0,39.613,0.0,0.0,60,1.0,10,1.0
015_R106,15,R,1,6,OPTIMAL,27.8011,1,1,1,0,0,1.0,27.8011,0.0,0.0,60,1.0,10,1.0
015_R106,15,R,1,7,OPTIMAL,50.8791,1,1,0,1,0,1.0,50.8791,0.0,0.0,60,1.0,10,1.0
015_R106,15,R,1,8,OPTIMAL,66.3339,1,1,1,0,0,1.0,66.3339,0.0,0.0,60,1.0,10,1.0
015_R106,15,R,1,9,OPTIMAL,18.849,1,0,0,0,1,0.0,0.0,0.0,18.849,60,1.0,10,1.0
015_R106,15,R,2,0,OPTIMAL,23.9229,2,1,0,1,1,0.5,23.603,0.0,0.3199,60,1.0,10,1.0
015_R106,15,R,2,1,OPTIMAL,1.2725,2,0,0,0,2,0.0,0.0,0.0,1.2725,60,1.0,10,1.0
015_R106,15,R,2,2,OPTIMAL,104.0752,2,2,2,0,0,1.0,104.0752,0.0,0.0,60,1.0,10,1.0
015_R106,15,R,2,3,OPTIMAL,40.6581,2,0,0,0,2,0.0,0.0,0.0,40.6581,60,1.0,10,1.0
015_R106,15,R,2,4,OPTIMAL,3.2968,2,0,0,0,2,0.0,0.0,0.0,3.2968,60,1.0,10,1.0
015_R106,15,R,2,5,OPTIMAL,114.8391,2,2,2,0,0,1.0,114.8391,0.0,0.0,60,1.0,10,1.0
015_R106,15,R,2,6,OPTIMAL,73.5548,2,1,1,0,1,0.5,67.7935,0.0,5.7613,60,1.0,10,1.0
015_R106,15,R,2,7,OPTIMAL,125.8256,2,2,1,1,0,1.0,125.8256,0.0,0.0,60,1.0,10,1.0
015_R106,15,R,2,8,OPTIMAL,63.4255,2,2,1,1,0,1.0,63.4255,0.0,0.0,60,1.0,10,1.0
015_R106,15,R,2,9,OPTIMAL,96.5908,2,1,0,1,1,0.5,68.0823,0.0,28.5085,60,1.0,10,1.0
015_R106,15,R,3,0,OPTIMAL,39.3329,3,1,0,1,2,0.3333,34.4347,0.0,4.8983,60,1.0,10,1.0
015_R106,15,R,3,1,OPTIMAL,93.4879,3,2,1,1,1,0.6667,90.6951,0.0,2.7928,60,1.0,10,1.0
015_R106,15,R,3,2,OPTIMAL,52.2445,3,1,0,1,2,0.3333,28.7924,0.0,23.4521,60,1.0,10,1.0
015_R106,15,R,3,3,OPTIMAL,49.9018,3,1,1,0,2,0.3333,42.9009,0.0,7.0009,60,1.0,10,1.0
015_R106,15,R,3,4,OPTIMAL,47.9369,3,1,1,0,2,0.3333,40.5225,0.0,7.4144,60,1.0,10,1.0
015_R106,15,R,3,5,OPTIMAL,74.0769,3,2,0,2,1,0.6667,69.2583,0.0,4.8186,60,1.0,10,1.0
015_R106,15,R,3,6,OPTIMAL,160.0006,3,3,2,1,0,1.0,160.0006,0.0,0.0,60,1.0,10,1.0
015_R106,15,R,3,7,OPTIMAL,81.2914,3,1,0,1,2,0.3333,47.7338,0.0,33.5576,60,1.0,10,1.0
015_R106,15,R,3,8,OPTIMAL,81.4794,3,1,0,1,2,0.3333,56.5748,0.0,24.9046,60,1.0,10,1.0
015_R106,15,R,3,9,OPTIMAL,114.8043,3,2,2,0,1,0.6667,105.5911,0.0,9.2132,60,1.0,10,1.0
015_R107,15,R,1,0,OPTIMAL,3.0669,1,0,0,0,1,0.0,0.0,0.0,3.0669,60,1.0,10,1.0
015_R107,15,R,1,1,OPTIMAL,4.1611,1,0,0,0,1,0.0,0.0,0.0,4.1611,60,1.0,10,1.0
015_R107,15,R,1,2,OPTIMAL,26.1458,1,1,1,0,0,1.0,26.1458,0.0,0.0,60,1.0,10,1.0
015_R107,15,R,1,3,OPTIMAL,45.9834,1,1,1,0,0,1.0,45.9834,0.0,0.0,60,1.0,10,1.0
015_R107,15,R,1,4,OPTIMAL,48.266,1,1,1,0,0,1.0,48.266,0.0,0.0,60,1.0,10,1.0
015_R107,15,R,1,5,OPTIMAL,39.613,1,1,1,0,0,1.0,39.613,0.0,0.0,60,1.0,10,1.0
015_R107,15,R,1,6,OPTIMAL,27.8011,1,1,1,0,0,1.0,27.8011,0.0,0.0,60,1.0,10,1.0
015_R107,15,R,1,7,OPTIMAL,3.2438,1,0,0,0,1,0.0,0.0,0.0,3.2438,60,1.0,10,1.0
015_R107,15,R,1,8,OPTIMAL,66.3339,1,1,1,0,0,1.0,66.3339,0.0,0.0,60,1.0,10,1.0
015_R107,15,R,1,9,OPTIMAL,18.849,1,0,0,0,1,0.0,0.0,0.0,18.849,60,1.0,10,1.0
015_R107,15,R,2,0,OPTIMAL,8.5026,2,0,0,0,2,0.0,0.0,0.0,8.5026,60,1.0,10,1.0
015_R107,15,R,2,1,OPTIMAL,1.2725,2,0,0,0,2,0.0,0.0,0.0,1.2725,60,1.0,10,1.0
015_R107,15,R,2,2,OPTIMAL,82.7476,2,1,1,0,1,0.5,59.6121,0.0,23.1356,60,1.0,10,1.0
015_R107,15,R,2,3,OPTIMAL,65.041,2,0,0,0,2,0.0,0.0,0.0,65.041,60,1.0,10,1.0
015_R107,15,R,2,4,OPTIMAL,52.6957,2,1,1,0,1,0.5,51.5709,0.0,1.1248,60,1.0,10,1.0
015_R107,15,R,2,5,OPTIMAL,88.6565,2,1,1,0,1,0.5,68.6963,0.0,19.9602,60,1.0,10,1.0
015_R107,15,R,2,6,OPTIMAL,73.5548,2,1,1,0,1,0.5,67.7935,0.0,5.7613,60,1.0,10,1.0
015_R107,15,R,2,7,OPTIMAL,125.8256,2,2,1,1,0,1.0,125.8256,0.0,0.0,60,1.0,10,1.0
015_R107,15,R,2,8,OPTIMAL,37.8122,2,1,1,0,1,0.5,25.3094,0.0,12.5028,60,1.0,10,1.0
015_R107,15,R,2,9,OPTIMAL,100.3576,2,1,0,1,1,0.5,68.0823,0.0,32.2753,60,1.0,10,1.0
015_R107,15,R,3,0,OPTIMAL,25.1285,3,0,0,0,3,0.0,0.0,0.0,25.1285,60,1.0,10,1.0
015_R107,15,R,3,1,OPTIMAL,45.1149,3,1,0,1,2,0.3333,40.6503,0.0,4.4646,60,1.0,10,1.0
015_R107,15,R,3,2,OPTIMAL,55.8978,3,1,1,0,2,0.3333,28.7924,0.0,27.1054,60,1.0,10,1.0
015_R107,15,R,3,3,OPTIMAL,53.9246,3,1,1,0,2,0.3333,42.9009,0.0,11.0237,60,1.0,10,1.0
015_R107,15,R,3,4,OPTIMAL,58.0053,3,1,1,0,2,0.3333,40.5225,0.0,17.4828,60,1.0,10,1.0
015_R107,15,R,3,5,OPTIMAL,26.3357,3,0,0,0,3,0.0,0.0,0.0,26.3357,60,1.0,10,1.0
015_R107,15,R,3,6,OPTIMAL,118.0477,3,2,2,0,1,0.6667,112.8283,0.0,5.2194,60,1.0,10,1.0
015_R107,15,R,3,7,OPTIMAL,76.9248,3,0,0,0,3,0.0,0.0,0.0,76.9248,60,1.0,10,1.0
015_R107,15,R,3,8,OPTIMAL,90.1394,3,1,1,0,2,0.3333,53.8038,0.0,36.3356,60,1.0,10,1.0
015_R107,15,R,3,9,OPTIMAL,114.8043,3,2,2,0,1,0.6667,105.5911,0.0,9.2132,60,1.0,10,1.0
015_R108,15,R,1,0,OPTIMAL,3.0669,1,0,0,0,1,0.0,0.0,0.0,3.0669,60,1.0,10,1.0
015_R108,15,R,1,1,OPTIMAL,54.0739,1,1,1,0,0,1.0,54.0739,0.0,0.0,60,1.0,10,1.0
015_R108,15,R,1,2,OPTIMAL,26.1458,1,1,0,1,0,1.0,26.1458,0.0,0.0,60,1.0,10,1.0
015_R108,15,R,1,3,OPTIMAL,45.9834,1,1,1,0,0,1.0,45.9834,0.0,0.0,60,1.0,10,1.0
015_R108,15,R,1,4,OPTIMAL,1.4732,1,0,0,0,1,0.0,0.0,0.0,1.4732,60,1.0,10,1.0
015_R108,15,R,1,5,OPTIMAL,39.613,1,1,1,0,0,1.0,39.613,0.0,0.0,60,1.0,10,1.0
015_R108,15,R,1,6,OPTIMAL,27.8011,1,1,1,0,0,1.0,27.8011,0.0,0.0,60,1.0,10,1.0
015_R108,15,R,1,7,OPTIMAL,3.2438,1,0,0,0,1,0.0,0.0,0.0,3.2438,60,1.0,10,1.0
015_R108,15,R,1,8,OPTIMAL,66.3339,1,1,1,0,0,1.0,66.3339,0.0,0.0,60,1.0,10,1.0
015_R108,15,R,1,9,OPTIMAL,52.9847,1,1,0,1,0,1.0,52.9847,0.0,0.0,60,1.0,10,1.0
015_R108,15,R,2,0,OPTIMAL,8.5026,2,0,0,0,2,0.0,0.0,0.0,8.5026,60,1.0,10,1.0
015_R108,15,R,2,1,OPTIMAL,1.2725,2,0,0,0,2,0.0,0.0,0.0,1.2725,60,1.0,10,1.0
015_R108,15,R,2,2,OPTIMAL,82.7476,2,1,1,0,1,0.5,59.6121,0.0,23.1356,60,1.0,10,1.0
015_R108,15,R,2,3,OPTIMAL,24.7136,2,0,0,0,2,0.0,0.0,0.0,24.7136,60,1.0,10,1.0
015_R108,15,R,2,4,OPTIMAL,52.6957,2,1,1,0,1,0.5,51.5709,0.0,1.1248,60,1.0,10,1.0
015_R108,15,R,2,5,OPTIMAL,88.6565,2,1,1,0,1,0.5,68.6963,0.0,19.9602,60,1.0,10,1.0
015_R108,15,R,2,6,OPTIMAL,95.293,2,2,2,0,0,1.0,95.293,0.0,0.0,60,1.0,10,1.0
015_R108,15,R,2,7,OPTIMAL,125.8256,2,2,1,1,0,1.0,125.8256,0.0,0.0,60,1.0,10,1.0
015_R108,15,R,2,8,OPTIMAL,37.8122,2,1,1,0,1,0.5,25.3094,0.0,12.5028,60,1.0,10,1.0
015_R108,15,R,2,9,OPTIMAL,76.2142,2,1,0,1,1,0.5,68.0823,0.0,8.1319,60,1.0,10,1.0
015_R108,15,R,3,0,OPTIMAL,39.3329,3,1,1,0,2,0.3333,34.4347,0.0,4.8983,60,1.0,10,1.0
015_R108,15,R,3,1,OPTIMAL,45.1149,3,1,0,1,2,0.3333,40.6503,0.0,4.4646,60,1.0,10,1.0
015_R108,15,R,3,2,OPTIMAL,32.0555,3,0,0,0,3,0.0,0.0,0.0,32.0555,60,1.0,10,1.0
015_R108,15,R,3,3,OPTIMAL,53.9246,3,1,1,0,2,0.3333,42.9009,0.0,11.0237,60,1.0,10,1.0
015_R108,15,R,3,4,OPTIMAL,58.0053,3,1,1,0,2,0.3333,40.5225,0.0,17.4828,60,1.0,10,1.0
015_R108,15,R,3,5,OPTIMAL,48.4789,3,1,1,0,2,0.3333,40.3102,0.0,8.1687,60,1.0,10,1.0
015_R108,15,R,3,6,OPTIMAL,88.9229,3,1,1,0,2,0.3333,44.106,0.0,44.8169,60,1.0,10,1.0
015_R108,15,R,3,7,OPTIMAL,115.4365,3,2,1,1,1,0.6667,104.989,0.0,10.4475,60,1.0,10,1.0
015_R108,15,R,3,8,OPTIMAL,90.1394,3,1,1,0,2,0.3333,53.8038,0.0,36.3356,60,1.0,10,1.0
015_R108,15,R,3,9,OPTIMAL,114.8043,3,2,2,0,1,0.6667,105.5911,0.0,9.2132,60,1.0,10,1.0
015_R109,15,R,1,0,OPTIMAL,20.1216,1,0,0,0,1,0.0,0.0,0.0,20.1216,60,1.0,10,1.0
015_R109,15,R,1,1,OPTIMAL,4.1611,1,0,0,0,1,0.0,0.0,0.0,4.1611,60,1.0,10,1.0
015_R109,15,R,1,2,OPTIMAL,0.4609,1,0,0,0,1,0.0,0.0,0.0,0.4609,60,1.0,10,1.0
015_R109,15,R,1,3,OPTIMAL,45.9834,1,1,1,0,0,1.0,45.9834,0.0,0.0,60,1.0,10,1.0
015_R109,15,R,1,4,OPTIMAL,3.8658,1,0,0,0,1,0.0,0.0,0.0,3.8658,60,1.0,10,1.0
015_R109,15,R,1,5,OPTIMAL,17.5761,1,0,0,0,1,0.0,0.0,0.0,17.5761,60,1.0,10,1.0
015_R109,15,R,1,6,OPTIMAL,5.9969,1,0,0,0,1,0.0,0.0,0.0,5.9969,60,1.0,10,1.0
015_R109,15,R,1,7,OPTIMAL,41.3221,1,0,0,0,1,0.0,0.0,0.0,41.3221,60,1.0,10,1.0
015_R109,15,R,1,8,OPTIMAL,66.3339,1,1,1,0,0,1.0,66.3339,0.0,0.0,60,1.0,10,1.0
015_R109,15,R,1,9,OPTIMAL,43.2876,1,0,0,0,1,0.0,0.0,0.0,43.2876,60,1.0,10,1.0
015_R109,15,R,2,0,OPTIMAL,45.5352,2,0,0,0,2,0.0,0.0,0.0,45.5352,60,1.0,10,1.0
015_R109,15,R,2,1,OPTIMAL,18.9902,2,0,0,0,2,0.0,0.0,0.0,18.9902,60,1.0,10,1.0
015_R109,15,R,2,2,OPTIMAL,67.645,2,1,1,0,1,0.5,59.6121,0.0,8.0329,60,1.0,10,1.0
015_R109,15,R,2,3,OPTIMAL,66.3078,2,1,1,0,1,0.5,63.0799,0.0,3.2279,60,1.0,10,1.0
015_R109,15,R,2,4,OPTIMAL,48.0179,2,0,0,0,2,0.0,0.0,0.0,48.0179,60,1.0,10,1.0
015_R109,15,R,2,5,OPTIMAL,114.8391,2,2,2,0,0,1.0,114.8391,0.0,0.0,60,1.0,10,1.0
015_R109,15,R,2,6,OPTIMAL,68.4417,2,1,1,0,1,0.5,67.7935,0.0,0.6481,60,1.0,10,1.0
015_R109,15,R,2,7,OPTIMAL,125.8256,2,2,2,0,0,1.0,125.8256,0.0,0.0,60,1.0,10,1.0
015_R109,15,R,2,8,OPTIMAL,22.9255,2,0,0,0,2,0.0,0.0,0.0,22.9255,60,1.0,10,1.0
015_R109,15,R,2,9,OPTIMAL,124.6351,2,2,2,0,0,1.0,124.6351,0.0,0.0,60,1.0,10,1.0
015_R109,15,R,3,0,OPTIMAL,28.2518,3,0,0,0,3,0.0,0.0,0.0,28.2518,60,1.0,10,1.0
015_R109,15,R,3,1,OPTIMAL,92.7796,3,1,1,0,2,0.3333,64.9668,0.0,27.8128,60,1.0,10,1.0
015_R109,15,R,3,2,OPTIMAL,50.8959,3,0,0,0,3,0.0,0.0,0.0,50.8959,60,1.0,10,1.0
015_R109,15,R,3,3,OPTIMAL,68.3512,3,1,1,0,2,0.3333,36.3373,0.0,32.0139,60,1.0,10,1.0
015_R109,15,R,3,4,OPTIMAL,9.3914,3,0,0,0,3,0.0,0.0,0.0,9.3914,60,1.0,10,1.0
015_R109,15,R,3,5,OPTIMAL,48.9366,3,1,1,0,2,0.3333,40.3102,0.0,8.6265,60,1.0,10,1.0
015_R109,15,R,3,6,OPTIMAL,71.7463,3,1,0,1,2,0.3333,47.1724,0.0,24.5739,60,1.0,10,1.0
015_R109,15,R,3,7,OPTIMAL,104.118,3,1,1,0,2,0.3333,47.7338,0.0,56.3842,60,1.0,10,1.0
015_R109,15,R,3,8,OPTIMAL,120.4014,3,2,2,0,1,0.6667,110.3786,0.0,10.0229,60,1.0,10,1.0
015_R109,15,R,3,9,OPTIMAL,101.0735,3,1,1,0,2,0.3333,64.7255,0.0,36.348,60,1.0,10,1.0
015_R110,15,R,1,0,OPTIMAL,17.8476,1,0,0,0,1,0.0,0.0,0.0,17.8476,60,1.0,10,1.0
015_R110,15,R,1,1,OPTIMAL,54.0739,1,1,0,1,0,1.0,54.0739,0.0,0.0,60,1.0,10,1.0
015_R110,15,R,1,2,OPTIMAL,0.4609,1,0,0,0,1,0.0,0.0,0.0,0.4609,60,1.0,10,1.0
015_R110,15,R,1,3,OPTIMAL,45.9834,1,1,1,0,0,1.0,45.9834,0.0,0.0,60,1.0,10,1.0
015_R110,15,R,1,4,OPTIMAL,48.266,1,1,1,0,0,1.0,48.266,0.0,0.0,60,1.0,10,1.0
015_R110,15,R,1,5,OPTIMAL,39.613,1,1,1,0,0,1.0,39.613,0.0,0.0,60,1.0,10,1.0
015_R110,15,R,1,6,OPTIMAL,27.8011,1,1,0,1,0,1.0,27.8011,0.0,0.0,60,1.0,10,1.0
015_R110,15,R,1,7,OPTIMAL,41.4916,1,0,0,0,1,0.0,0.0,0.0,41.4916,60,1.0,10,1.0
015_R110,15,R,1,8,OPTIMAL,66.3339,1,1,1,0,0,1.0,66.3339,0.0,0.0,60,1.0,10,1.0
015_R110,15,R,1,9,OPTIMAL,34.1423,1,0,0,0,1,0.0,0.0,0.0,34.1423,60,1.0,10,1.0
015_R110,15,R,2,0,OPTIMAL,88.296,2,1,1,0,1,0.5,66.4309,0.0,21.8652,60,1.0,10,1.0
015_R110,15,R,2,1,OPTIMAL,38.2643,2,0,0,0,2,0.0,0.0,0.0,38.2643,60,1.0,10,1.0
015_R110,15,R,2,2,OPTIMAL,75.6779,2,1,1,0,1,0.5,59.6121,0.0,16.0659,60,1.0,10,1.0
015_R110,15,R,2,3,OPTIMAL,66.3078,2,1,1,0,1,0.5,63.0799,0.0,3.2279,60,1.0,10,1.0
015_R110,15,R,2,4,OPTIMAL,67.2983,2,1,1,0,1,0.5,51.5709,0.0,15.7274,60,1.0,10,1.0
015_R110,15,R,2,5,OPTIMAL,69.0868,2,1,1,0,1,0.5,68.6963,0.0,0.3905,60,1.0,10,1.0
015_R110,15,R,2,6,OPTIMAL,68.4417,2,1,1,0,1,0.5,67.7935,0.0,0.6481,60,1.0,10,1.0
015_R110,15,R,2,7,OPTIMAL,125.8256,2,2,2,0,0,1.0,125.8256,0.0,0.0,60,1.0,10,1.0
015_R110,15,R,2,8,OPTIMAL,40.7164,2,0,0,0,2,0.0,0.0,0.0,40.7164,60,1.0,10,1.0
015_R110,15,R,2,9,OPTIMAL,124.6351,2,2,2,0,0,1.0,124.6351,0.0,0.0,60,1.0,10,1.0
015_R110,15,R,3,0,OPTIMAL,23.2164,3,0,0,0,3,0.0,0.0,0.0,23.2164,60,1.0,10,1.0
015_R110,15,R,3,1,OPTIMAL,84.8296,3,1,1,0,2,0.3333,64.9668,0.0,19.8627,60,1.0,10,1.0
015_R110,15,R,3,2,OPTIMAL,30.3156,3,1,0,1,2,0.3333,28.7924,0.0,1.5232,60,1.0,10,1.0
015_R110,15,R,3,3,OPTIMAL,63.6734,3,1,1,0,2,0.3333,36.3373,0.0,27.3361,60,1.0,10,1.0
015_R110,15,R,3,4,OPTIMAL,39.5234,3,1,0,1,2,0.3333,37.2233,0.0,2.3001,60,1.0,10,1.0
015_R110,15,R,3,5,OPTIMAL,59.5395,3,1,1,0,2,0.3333,40.3102,0.0,19.2293,60,1.0,10,1.0
015_R110,15,R,3,6,OPTIMAL,135.1173,3,1,1,0,2,0.3333,68.7222,0.0,66.3951,60,1.0,10,1.0
015_R110,15,R,3,7,OPTIMAL,91.0248,3,1,1,0,2,0.3333,47.7338,0.0,43.2911,60,1.0,10,1.0
015_R110,15,R,3,8,OPTIMAL,71.1921,3,1,1,0,2,0.3333,56.5748,0.0,14.6173,60,1.0,10,1.0
015_R110,15,R,3,9,OPTIMAL,100.0457,3,1,1,0,2,0.3333,64.7255,0.0,35.3202,60,1.0,10,1.0
015_R111,15,R,1,0,OPTIMAL,3.0669,1,0,0,0,1,0.0,0.0,0.0,3.0669,60,1.0,10,1.0
015_R111,15,R,1,1,OPTIMAL,4.9976,1,0,0,0,1,0.0,0.0,0.0,4.9976,60,1.0,10,1.0
015_R111,15,R,1,2,OPTIMAL,3.5438,1,0,0,0,1,0.0,0.0,0.0,3.5438,60,1.0,10,1.0
015_R111,15,R,1,3,OPTIMAL,45.9834,1,1,1,0,0,1.0,45.9834,0.0,0.0,60,1.0,10,1.0
015_R111,15,R,1,4,OPTIMAL,48.266,1,1,1,0,0,1.0,48.266,0.0,0.0,60,1.0,10,1.0
015_R111,15,R,1,5,OPTIMAL,39.613,1,1,1,0,0,1.0,39.613,0.0,0.0,60,1.0,10,1.0
015_R111,15,R,1,6,OPTIMAL,17.6605,1,0,0,0,1,0.0,0.0,0.0,17.6605,60,1.0,10,1.0
015_R111,15,R,1,7,OPTIMAL,3.2438,1,0,0,0,1,0.0,0.0,0.0,3.2438,60,1.0,10,1.0
015_R111,15,R,1,8,OPTIMAL,66.3339,1,1,1,0,0,1.0,66.3339,0.0,0.0,60,1.0,10,1.0
015_R111,15,R,1,9,OPTIMAL,18.849,1,0,0,0,1,0.0,0.0,0.0,18.849,60,1.0,10,1.0
015_R111,15,R,2,0,OPTIMAL,8.5026,2,0,0,0,2,0.0,0.0,0.0,8.5026,60,1.0,10,1.0
015_R111,15,R,2,1,OPTIMAL,1.2725,2,0,0,0,2,0.0,0.0,0.0,1.2725,60,1.0,10,1.0
015_R111,15,R,2,2,OPTIMAL,82.6687,2,1,1,0,1,0.5,59.6121,0.0,23.0566,60,1.0,10,1.0
015_R111,15,R,2,3,OPTIMAL,64.041,2,0,0,0,2,0.0,0.0,0.0,64.041,60,1.0,10,1.0
015_R111,15,R,2,4,OPTIMAL,3.2968,2,0,0,0,2,0.0,0.0,0.0,3.2968,60,1.0,10,1.0
015_R111,15,R,2,5,OPTIMAL,88.6565,2,1,1,0,1,0.5,68.6963,0.0,19.9602,60,1.0,10,1.0
015_R111,15,R,2,6,OPTIMAL,95.293,2,2,2,0,0,1.0,95.293,0.0,0.0,60,1.0,10,1.0
015_R111,15,R,2,7,OPTIMAL,125.8256,2,2,1,1,0,1.0,125.8256,0.0,0.0,60,1.0,10,1.0
015_R111,15,R,2,8,OPTIMAL,37.8122,2,1,1,0,1,0.5,25.3094,0.0,12.5028,60,1.0,10,1.0
015_R111,15,R,2,9,OPTIMAL,99.3576,2,1,0,1,1,0.5,68.0823,0.0,31.2753,60,1.0,10,1.0
015_R111,15,R,3,0,OPTIMAL,25.1285,3,0,0,0,3,0.0,0.0,0.0,25.1285,60,1.0,10,1.0
015_R111,15,R,3,1,OPTIMAL,93.4825,3,1,1,0,2,0.3333,50.0448,0.0,43.4377,60,1.0,10,1.0
015_R111,15,R,3,2,OPTIMAL,69.4815,3,0,0,0,3,0.0,0.0,0.0,69.4815,60,1.0,10,1.0
015_R111,15,R,3,3,OPTIMAL,49.9018,3,1,1,0,2,0.3333,42.9009,0.0,7.0009,60,1.0,10,1.0
015_R111,15,R,3,4,OPTIMAL,47.9369,3,1,1,0,2,0.3333,40.5225,0.0,7.4144,60,1.0,10,1.0
015_R111,15,R,3,5,OPTIMAL,42.5201,3,0,0,0,3,0.0,0.0,0.0,42.5201,60,1.0,10,1.0
015_R111,15,R,3,6,OPTIMAL,95.0358,3,1,1,0,2,0.3333,68.7222,0.0,26.3135,60,1.0,10,1.0
015_R111,15,R,3,7,OPTIMAL,94.5405,3,1,1,0,2,0.3333,47.7338,0.0,46.8067,60,1.0,10,1.0
015_R111,15,R,3,8,OPTIMAL,118.0297,3,2,1,1,1,0.6667,88.0016,0.0,30.0281,60,1.0,10,1.0
015_R111,15,R,3,9,OPTIMAL,123.2291,3,2,2,0,1,0.6667,105.5911,0.0,17.638,60,1.0,10,1.0
015_R112,15,R,1,0,OPTIMAL,0.0181,1,0,0,0,1,0.0,0.0,0.0,0.0181,60,1.0,10,1.0
015_R112,15,R,1,1,OPTIMAL,54.0739,1,1,1,0,0,1.0,54.0739,0.0,0.0,60,1.0,10,1.0
015_R112,15,R,1,2,OPTIMAL,26.1458,1,1,0,1,0,1.0,26.1458,0.0,0.0,60,1.0,10,1.0
015_R112,15,R,1,3,OPTIMAL,45.9834,1,1,1,0,0,1.0,45.9834,0.0,0.0,60,1.0,10,1.0
015_R112,15,R,1,4,OPTIMAL,39.196,1,0,0,0,1,0.0,0.0,0.0,39.196,60,1.0,10,1.0
015_R112,15,R,1,5,OPTIMAL,39.613,1,1,1,0,0,1.0,39.613,0.0,0.0,60,1.0,10,1.0
015_R112,15,R,1,6,OPTIMAL,0.504,1,0,0,0,1,0.0,0.0,0.0,0.504,60,1.0,10,1.0
015_R112,15,R,1,7,OPTIMAL,50.8791,1,1,1,0,0,1.0,50.8791,0.0,0.0,60,1.0,10,1.0
015_R112,15,R,1,8,OPTIMAL,66.3339,1,1,1,0,0,1.0,66.3339,0.0,0.0,60,1.0,10,1.0
015_R112,15,R,1,9,OPTIMAL,30.9291,1,0,0,0,1,0.0,0.0,0.0,30.9291,60,1.0,10,1.0
015_R112,15,R,2,0,OPTIMAL,90.0339,2,2,2,0,0,1.0,90.0339,0.0,0.0,60,1.0,10,1.0
015_R112,15,R,2,1,OPTIMAL,61.015,2,1,1,0,1,0.5,50.2104,0.0,10.8046,60,1.0,10,1.0
015_R112,15,R,2,2,OPTIMAL,67.645,2,1,1,0,1,0.5,59.6121,0.0,8.0329,60,1.0,10,1.0
015_R112,15,R,2,3,OPTIMAL,69.5358,2,1,1,0,1,0.5,63.0799,0.0,6.4559,60,1.0,10,1.0
015_R112,15,R,2,4,OPTIMAL,67.2983,2,1,0,1,1,0.5,51.5709,0.0,15.7274,60,1.0,10,1.0
015_R112,15,R,2,5,OPTIMAL,69.0868,2,1,1,0,1,0.5,68.6963,0.0,0.3905,60,1.0,10,1.0
015_R112,15,R,2,6,OPTIMAL,95.293,2,2,2,0,0,1.0,95.293,0.0,0.0,60,1.0,10,1.0
015_R112,15,R,2,7,OPTIMAL,125.8256,2,2,2,0,0,1.0,125.8256,0.0,0.0,60,1.0,10,1.0
015_R112,15,R,2,8,OPTIMAL,56.8129,2,1,1,0,1,0.5,38.1161,0.0,18.6968,60,1.0,10,1.0
015_R112,15,R,2,9,OPTIMAL,61.5286,2,1,1,0,1,0.5,56.5528,0.0,4.9758,60,1.0,10,1.0
015_R112,15,R,3,0,OPTIMAL,18.4758,3,0,0,0,3,0.0,0.0,0.0,18.4758,60,1.0,10,1.0
015_R112,15,R,3,1,OPTIMAL,36.8095,3,0,0,0,3,0.0,0.0,0.0,36.8095,60,1.0,10,1.0
015_R112,15,R,3,2,OPTIMAL,29.7025,3,1,0,1,2,0.3333,28.7924,0.0,0.9101,60,1.0,10,1.0
015_R112,15,R,3,3,OPTIMAL,68.0938,3,1,1,0,2,0.3333,42.9009,0.0,25.1929,60,1.0,10,1.0
015_R112,15,R,3,4,OPTIMAL,25.7043,3,0,0,0,3,0.0,0.0,0.0,25.7043,60,1.0,10,1.0
015_R112,15,R,3,5,OPTIMAL,86.3255,3,1,1,0,2,0.3333,28.9481,0.0,57.3774,60,1.0,10,1.0
015_R112,15,R,3,6,OPTIMAL,69.3644,3,1,1,0,2,0.3333,47.1724,0.0,22.1921,60,1.0,10,1.0
015_R112,15,R,3,7,OPTIMAL,87.8116,3,1,1,0,2,0.3333,47.7338,0.0,40.0779,60,1.0,10,1.0
015_R112,15,R,3,8,OPTIMAL,95.3671,3,2,1,1,1,0.6667,90.7726,0.0,4.5945,60,1.0,10,1.0
015_R112,15,R,3,9,OPTIMAL,130.5065,3,2,2,0,1,0.6667,105.5911,0.0,24.9154,60,1.0,10,1.0
015_R201,15,R,1,0,OPTIMAL,50.1043,1,1,1,0,0,1.0,50.1043,0.0,0.0,60,1.0,10,1.0
015_R201,15,R,1,1,OPTIMAL,54.0739,1,1,1,0,0,1.0,54.0739,0.0,0.0,60,1.0,10,1.0
015_R201,15,R,1,2,OPTIMAL,0.2304,1,0,0,0,1,0.0,0.0,0.0,0.2304,60,1.0,10,1.0
015_R201,15,R,1,3,OPTIMAL,45.9834,1,1,1,0,0,1.0,45.9834,0.0,0.0,60,1.0,10,1.0
015_R201,15,R,1,4,OPTIMAL,48.266,1,1,1,0,0,1.0,48.266,0.0,0.0,60,1.0,10,1.0
015_R201,15,R,1,5,OPTIMAL,39.613,1,1,1,0,0,1.0,39.613,0.0,0.0,60,1.0,10,1.0
015_R201,15,R,1,6,OPTIMAL,27.8011,1,1,1,0,0,1.0,27.8011,0.0,0.0,60,1.0,10,1.0
015_R201,15,R,1,7,OPTIMAL,50.8791,1,1,1,0,0,1.0,50.8791,0.0,0.0,60,1.0,10,1.0
015_R201,15,R,1,8,OPTIMAL,66.3339,1,1,1,0,0,1.0,66.3339,0.0,0.0,60,1.0,10,1.0
015_R201,15,R,1,9,OPTIMAL,52.9847,1,1,1,0,0,1.0,52.9847,0.0,0.0,60,1.0,10,1.0
015_R201,15,R,2,0,OPTIMAL,50.9911,2,1,1,0,1,0.5,23.603,0.0,27.3881,60,1.0,10,1.0
015_R201,15,R,2,1,OPTIMAL,62.8379,2,1,1,0,1,0.5,30.9123,0.0,31.9256,60,1.0,10,1.0
015_R201,15,R,2,2,OPTIMAL,104.0752,2,2,2,0,0,1.0,104.0752,0.0,0.0,60,1.0,10,1.0
015_R201,15,R,2,3,OPTIMAL,92.0122,2,2,2,0,0,1.0,92.0122,0.0,0.0,60,1.0,10,1.0
015_R201,15,R,2,4,OPTIMAL,92.6643,2,2,2,0,0,1.0,92.6643,0.0,0.0,60,1.0,10,1.0
015_R201,15,R,2,5,OPTIMAL,114.8391,2,2,2,0,0,1.0,114.8391,0.0,0.0,60,1.0,10,1.0
015_R201,15,R,2,6,OPTIMAL,95.293,2,2,1,1,0,1.0,95.293,0.0,0.0,60,1.0,10,1.0
015_R201,15,R,2,7,OPTIMAL,125.8256,2,2,2,0,0,1.0,125.8256,0.0,0.0,60,1.0,10,1.0
015_R201,15,R,2,8,OPTIMAL,63.4255,2,2,2,0,0,1.0,63.4255,0.0,0.0,60,1.0,10,1.0
015_R201,15,R,2,9,OPTIMAL,124.6351,2,2,2,0,0,1.0,124.6351,0.0,0.0,60,1.0,10,1.0
015_R201,15,R,3,0,OPTIMAL,60.5188,3,2,2,0,1,0.6667,60.3088,0.0,0.21,60,1.0,10,1.0
015_R201,15,R,3,1,OPTIMAL,155.6619,3,3,3,0,0,1.0,155.6619,0.0,0.0,60,1.0,10,1.0
015_R201,15,R,3,2,OPTIMAL,62.3361,3,1,1,0,2,0.3333,27.9808,0.0,34.3553,60,1.0,10,1.0
015_R201,15,R,3,3,OPTIMAL,96.1407,3,3,3,0,0,1.0,96.1407,0.0,0.0,60,1.0,10,1.0
015_R201,15,R,3,4,OPTIMAL,104.3491,3,2,2,0,1,0.6667,77.7459,0.0,26.6032,60,1.0,10,1.0
015_R201,15,R,3,5,OPTIMAL,111.2854,3,3,3,0,0,1.0,111.2854,0.0,0.0,60,1.0,10,1.0
015_R201,15,R,3,6,OPTIMAL,140.1043,3,2,2,0,1,0.6667,115.8946,0.0,24.2097,60,1.0,10,1.0
015_R201,15,R,3,7,OPTIMAL,161.0915,3,3,3,0,0,1.0,161.0915,0.0,0.0,60,1.0,10,1.0
015_R201,15,R,3,8,OPTIMAL,144.5764,3,3,3,0,0,1.0,144.5764,0.0,0.0,60,1.0,10,1.0
015_R201,15,R,3,9,OPTIMAL,147.7219,3,3,3,0,0,1.0,147.7219,0.0,0.0,60,1.0,10,1.0
015_R202,15,R,1,0,OPTIMAL,50.1043,1,1,1,0,0,1.0,50.1043,0.0,0.0,60,1.0,10,1.0
015_R202,15,R,1,1,OPTIMAL,54.0739,1,1,1,0,0,1.0,54.0739,0.0,0.0,60,1.0,10,1.0
015_R202,15,R,1,2,OPTIMAL,26.1458,1,1,1,0,0,1.0,26.1458,0.0,0.0,60,1.0,10,1.0
015_R202,15,R,1,3,OPTIMAL,45.9834,1,1,0,1,0,1.0,45.9834,0.0,0.0,60,1.0,10,1.0
015_R202,15,R,1,4,OPTIMAL,48.266,1,1,1,0,0,1.0,48.266,0.0,0.0,60,1.0,10,1.0
015_R202,15,R,1,5,OPTIMAL,39.613,1,1,1,0,0,1.0,39.613,0.0,0.0,60,1.0,10,1.0
015_R202,15,R,1,6,OPTIMAL,27.8011,1,1,1,0,0,1.0,27.8011,0.0,0.0,60,1.0,10,1.0
015_R202,15,R,1,7,OPTIMAL,50.8791,1,1,1,0,0,1.0,50.8791,0.0,0.0,60,1.0,10,1.0
015_R202,15,R,1,8,OPTIMAL,66.3339,1,1,1,0,0,1.0,66.3339,0.0,0.0,60,1.0,10,1.0
015_R202,15,R,1,9,OPTIMAL,52.9847,1,1,1,0,0,1.0,52.9847,0.0,0.0,60,1.0,10,1.0
015_R202,15,R,2,0,OPTIMAL,90.0339,2,2,2,0,0,1.0,90.0339,0.0,0.0,60,1.0,10,1.0
015_R202,15,R,2,1,OPTIMAL,81.1226,2,2,1,1,0,1.0,81.1226,0.0,0.0,60,1.0,10,1.0
015_R202,15,R,2,2,OPTIMAL,104.0752,2,2,2,0,0,1.0,104.0752,0.0,0.0,60,1.0,10,1.0
015_R202,15,R,2,3,OPTIMAL,92.0122,2,2,2,0,0,1.0,92.0122,0.0,0.0,60,1.0,10,1.0
015_R202,15,R,2,4,OPTIMAL,92.6643,2,2,2,0,0,1.0,92.6643,0.0,0.0,60,1.0,10,1.0
015_R202,15,R,2,5,OPTIMAL,114.8391,2,2,2,0,0,1.0,114.8391,0.0,0.0,60,1.0,10,1.0
015_R202,15,R,2,6,OPTIMAL,95.293,2,2,1,1,0,1.0,95.293,0.0,0.0,60,1.0,10,1.0
015_R202,15,R,2,7,OPTIMAL,125.8256,2,2,2,0,0,1.0,125.8256,0.0,0.0,60,1.0,10,1.0
015_R202,15,R,2,8,OPTIMAL,63.4255,2,2,2,0,0,1.0,63.4255,0.0,0.0,60,1.0,10,1.0
015_R202,15,R,2,9,OPTIMAL,124.6351,2,2,2,0,0,1.0,124.6351,0.0,0.0,60,1.0,10,1.0
015_R202,15,R,3,0,OPTIMAL,98.4976,3,3,3,0,0,1.0,98.4976,0.0,0.0,60,1.0,10,1.0
015_R202,15,R,3,1,OPTIMAL,155.6619,3,3,3,0,0,1.0,155.6619,0.0,0.0,60,1.0,10,1.0
015_R202,15,R,3,2,OPTIMAL,73.2717,3,2,1,1,1,0.6667,56.7732,0.0,16.4986,60,1.0,10,1.0
015_R202,15,R,3,3,OPTIMAL,96.1407,3,3,3,0,0,1.0,96.1407,0.0,0.0,60,1.0,10,1.0
015_R202,15,R,3,4,OPTIMAL,85.0305,3,2,2,0,1,0.6667,77.7459,0.0,7.2846,60,1.0,10,1.0
015_R202,15,R,3,5,OPTIMAL,111.2854,3,3,3,0,0,1.0,111.2854,0.0,0.0,60,1.0,10,1.0
015_R202,15,R,3,6,OPTIMAL,160.0006,3,3,3,0,0,1.0,160.0006,0.0,0.0,60,1.0,10,1.0
015_R202,15,R,3,7,OPTIMAL,161.0915,3,3,3,0,0,1.0,161.0915,0.0,0.0,60,1.0,10,1.0
015_R202,15,R,3,8,OPTIMAL,144.5764,3,3,3,0,0,1.0,144.5764,0.0,0.0,60,1.0,10,1.0
015_R202,15,R,3,9,OPTIMAL,147.7219,3,3,3,0,0,1.0,147.7219,0.0,0.0,60,1.0,10,1.0
015_R203,15,R,1,0,OPTIMAL,50.1043,1,1,1,0,0,1.0,50.1043,0.0,0.0,60,1.0,10,1.0
015_R203,15,R,1,1,OPTIMAL,54.0739,1,1,1,0,0,1.0,54.0739,0.0,0.0,60,1.0,10,1.0
015_R203,15,R,1,2,OPTIMAL,26.1458,1,1,1,0,0,1.0,26.1458,0.0,0.0,60,1.0,10,1.0
015_R203,15,R,1,3,OPTIMAL,45.9834,1,1,0,1,0,1.0,45.9834,0.0,0.0,60,1.0,10,1.0
015_R203,15,R,1,4,OPTIMAL,48.266,1,1,1,0,0,1.0,48.266,0.0,0.0,60,1.0,10,1.0
015_R203,15,R,1,5,OPTIMAL,39.613,1,1,1,0,0,1.0,39.613,0.0,0.0,60,1.0,10,1.0
015_R203,15,R,1,6,OPTIMAL,27.8011,1,1,1,0,0,1.0,27.8011,0.0,0.0,60,1.0,10,1.0
015_R203,15,R,1,7,OPTIMAL,50.8791,1,1,1,0,0,1.0,50.8791,0.0,0.0,60,1.0,10,1.0
015_R203,15,R,1,8,OPTIMAL,66.3339,1,1,1,0,0,1.0,66.3339,0.0,0.0,60,1.0,10,1.0
015_R203,15,R,1,9,OPTIMAL,52.9847,1,1,1,0,0,1.0,52.9847,0.0,0.0,60,1.0,10,1.0
015_R203,15,R,2,0,OPTIMAL,90.0339,2,2,2,0,0,1.0,90.0339,0.0,0.0,60,1.0,10,1.0
015_R203,15,R,2,1,OPTIMAL,62.8379,2,1,1,0,1,0.5,30.9123,0.0,31.9256,60,1.0,10,1.0
015_R203,15,R,2,2,OPTIMAL,104.0752,2,2,2,0,0,1.0,104.0752,0.0,0.0,60,1.0,10,1.0
015_R203,15,R,2,3,OPTIMAL,92.0122,2,2,2,0,0,1.0,92.0122,0.0,0.0,60,1.0,10,1.0
015_R203,15,R,2,4,OPTIMAL,92.6643,2,2,2,0,0,1.0,92.6643,0.0,0.0,60,1.0,10,1.0
015_R203,15,R,2,5,OPTIMAL,114.8391,2,2,2,0,0,1.0,114.8391,0.0,0.0,60,1.0,10,1.0
015_R203,15,R,2,6,OPTIMAL,95.293,2,2,1,1,0,1.0,95.293,0.0,0.0,60,1.0,10,1.0
015_R203,15,R,2,7,OPTIMAL,125.8256,2,2,2,0,0,1.0,125.8256,0.0,0.0,60,1.0,10,1.0
015_R203,15,R,2,8,OPTIMAL,63.4255,2,2,2,0,0,1.0,63.4255,0.0,0.0,60,1.0,10,1.0
015_R203,15,R,2,9,OPTIMAL,124.6351,2,2,2,0,0,1.0,124.6351,0.0,0.0,60,1.0,10,1.0
015_R203,15,R,3,0,OPTIMAL,98.4976,3,3,3,0,0,1.0,98.4976,0.0,0.0,60,1.0,10,1.0
015_R203,15,R,3,1,OPTIMAL,155.6619,3,3,3,0,0,1.0,155.6619,0.0,0.0,60,1.0,10,1.0
015_R203,15,R,3,2,OPTIMAL,73.2717,3,2,1,1,1,0.6667,56.7732,0.0,16.4986,60,1.0,10,1.0
015_R203,15,R,3,3,OPTIMAL,96.1407,3,3,3,0,0,1.0,96.1407,0.0,0.0,60,1.0,10,1.0
015_R203,15,R,3,4,OPTIMAL,85.0305,3,2,2,0,1,0.6667,77.7459,0.0,7.2846,60,1.0,10,1.0
015_R203,15,R,3,5,OPTIMAL,111.2854,3,3,3,0,0,1.0,111.2854,0.0,0.0,60,1.0,10,1.0
015_R203,15,R,3,6,OPTIMAL,160.0006,3,3,3,0,0,1.0,160.0006,0.0,0.0,60,1.0,10,1.0
015_R203,15,R,3,7,OPTIMAL,161.0915,3,3,3,0,0,1.0,161.0915,0.0,0.0,60,1.0,10,1.0
015_R203,15,R,3,8,OPTIMAL,144.5764,3,3,3,0,0,1.0,144.5764,0.0,0.0,60,1.0,10,1.0
015_R203,15,R,3,9,OPTIMAL,147.7219,3,3,3,0,0,1.0,147.7219,0.0,0.0,60,1.0,10,1.0
015_R204,15,R,1,0,OPTIMAL,50.1043,1,1,1,0,0,1.0,50.1043,0.0,0.0,60,1.0,10,1.0
015_R204,15,R,1,1,OPTIMAL,54.0739,1,1,1,0,0,1.0,54.0739,0.0,0.0,60,1.0,10,1.0
015_R204,15,R,1,2,OPTIMAL,26.1458,1,1,1,0,0,1.0,26.1458,0.0,0.0,60,1.0,10,1.0
015_R204,15,R,1,3,OPTIMAL,45.9834,1,1,0,1,0,1.0,45.9834,0.0,0.0,60,1.0,10,1.0
015_R204,15,R,1,4,OPTIMAL,48.266,1,1,1,0,0,1.0,48.266,0.0,0.0,60,1.0,10,1.0
015_R204,15,R,1,5,OPTIMAL,39.613,1,1,1,0,0,1.0,39.613,0.0,0.0,60,1.0,10,1.0
015_R204,15,R,1,6,OPTIMAL,27.8011,1,1,1,0,0,1.0,27.8011,0.0,0.0,60,1.0,10,1.0
015_R204,15,R,1,7,OPTIMAL,50.8791,1,1,1,0,0,1.0,50.8791,0.0,0.0,60,1.0,10,1.0
015_R204,15,R,1,8,OPTIMAL,54.4061,1,0,0,0,1,0.0,0.0,0.0,54.4061,60,1.0,10,1.0
015_R204,15,R,1,9,OPTIMAL,52.9847,1,1,1,0,0,1.0,52.9847,0.0,0.0,60,1.0,10,1.0
015_R204,15,R,2,0,OPTIMAL,90.0339,2,2,2,0,0,1.0,90.0339,0.0,0.0,60,1.0,10,1.0
015_R204,15,R,2,1,OPTIMAL,81.1226,2,2,2,0,0,1.0,81.1226,0.0,0.0,60,1.0,10,1.0
015_R204,15,R,2,2,OPTIMAL,104.0752,2,2,2,0,0,1.0,104.0752,0.0,0.0,60,1.0,10,1.0
015_R204,15,R,2,3,OPTIMAL,92.0122,2,2,2,0,0,1.0,92.0122,0.0,0.0,60,1.0,10,1.0
015_R204,15,R,2,4,OPTIMAL,92.6643,2,2,2,0,0,1.0,92.6643,0.0,0.0,60,1.0,10,1.0
015_R204,15,R,2,5,OPTIMAL,114.8391,2,2,2,0,0,1.0,114.8391,0.0,0.0,60,1.0,10,1.0
015_R204,15,R,2,6,OPTIMAL,95.293,2,2,1,1,0,1.0,95.293,0.0,0.0,60,1.0,10,1.0
015_R204,15,R,2,7,OPTIMAL,125.8256,2,2,2,0,0,1.0,125.8256,0.0,0.0,60,1.0,10,1.0
015_R204,15,R,2,8,OPTIMAL,63.4255,2,2,2,0,0,1.0,63.4255,0.0,0.0,60,1.0,10,1.0
015_R204,15,R,2,9,OPTIMAL,124.6351,2,2,2,0,0,1.0,124.6351,0.0,0.0,60,1.0,10,1.0
015_R204,15,R,3,0,OPTIMAL,98.4976,3,3,3,0,0,1.0,98.4976,0.0,0.0,60,1.0,10,1.0
015_R204,15,R,3,1,OPTIMAL,155.6619,3,3,3,0,0,1.0,155.6619,0.0,0.0,60,1.0,10,1.0
015_R204,15,R,3,2,OPTIMAL,73.2717,3,2,1,1,1,0.6667,56.7732,0.0,16.4986,60,1.0,10,1.0
015_R204,15,R,3,3,OPTIMAL,96.1407,3,3,3,0,0,1.0,96.1407,0.0,0.0,60,1.0,10,1.0
015_R204,15,R,3,4,OPTIMAL,85.0305,3,2,2,0,1,0.6667,77.7459,0.0,7.2846,60,1.0,10,1.0
015_R204,15,R,3,5,OPTIMAL,111.2854,3,3,3,0,0,1.0,111.2854,0.0,0.0,60,1.0,10,1.0
015_R204,15,R,3,6,OPTIMAL,160.0006,3,3,3,0,0,1.0,160.0006,0.0,0.0,60,1.0,10,1.0
015_R204,15,R,3,7,OPTIMAL,161.0915,3,3,3,0,0,1.0,161.0915,0.0,0.0,60,1.0,10,1.0
015_R204,15,R,3,8,OPTIMAL,144.5764,3,3,3,0,0,1.0,144.5764,0.0,0.0,60,1.0,10,1.0
015_R204,15,R,3,9,OPTIMAL,147.7219,3,3,3,0,0,1.0,147.7219,0.0,0.0,60,1.0,10,1.0
015_R205,15,R,1,0,OPTIMAL,50.1043,1,1,1,0,0,1.0,50.1043,0.0,0.0,60,1.0,10,1.0
015_R205,15,R,1,1,OPTIMAL,54.0739,1,1,1,0,0,1.0,54.0739,0.0,0.0,60,1.0,10,1.0
015_R205,15,R,1,2,OPTIMAL,26.1458,1,1,1,0,0,1.0,26.1458,0.0,0.0,60,1.0,10,1.0
015_R205,15,R,1,3,OPTIMAL,45.9834,1,1,1,0,0,1.0,45.9834,0.0,0.0,60,1.0,10,1.0
015_R205,15,R,1,4,OPTIMAL,48.266,1,1,1,0,0,1.0,48.266,0.0,0.0,60,1.0,10,1.0
015_R205,15,R,1,5,OPTIMAL,39.613,1,1,1,0,0,1.0,39.613,0.0,0.0,60,1.0,10,1.0
015_R205,15,R,1,6,OPTIMAL,12.1175,1,0,0,0,1,0.0,0.0,0.0,12.1175,60,1.0,10,1.0
015_R205,15,R,1,7,OPTIMAL,50.8791,1,1,1,0,0,1.0,50.8791,0.0,0.0,60,1.0,10,1.0
015_R205,15,R,1,8,OPTIMAL,66.3339,1,1,1,0,0,1.0,66.3339,0.0,0.0,60,1.0,10,1.0
015_R205,15,R,1,9,OPTIMAL,52.9847,1,1,1,0,0,1.0,52.9847,0.0,0.0,60,1.0,10,1.0
015_R205,15,R,2,0,OPTIMAL,54.0971,2,1,1,0,1,0.5,23.603,0.0,30.494,60,1.0,10,1.0
015_R205,15,R,2,1,OPTIMAL,81.1226,2,2,2,0,0,1.0,81.1226,0.0,0.0,60,1.0,10,1.0
015_R205,15,R,2,2,OPTIMAL,104.0752,2,2,1,1,0,1.0,104.0752,0.0,0.0,60,1.0,10,1.0
015_R205,15,R,2,3,OPTIMAL,83.4542,2,1,1,0,1,0.5,63.0799,0.0,20.3743,60,1.0,10,1.0
015_R205,15,R,2,4,OPTIMAL,92.6643,2,2,2,0,0,1.0,92.6643,0.0,0.0,60,1.0,10,1.0
015_R205,15,R,2,5,OPTIMAL,114.8391,2,2,2,0,0,1.0,114.8391,0.0,0.0,60,1.0,10,1.0
015_R205,15,R,2,6,OPTIMAL,95.293,2,2,2,0,0,1.0,95.293,0.0,0.0,60,1.0,10,1.0
015_R205,15,R,2,7,OPTIMAL,125.8256,2,2,2,0,0,1.0,125.8256,0.0,0.0,60,1.0,10,1.0
015_R205,15,R,2,8,OPTIMAL,63.4255,2,2,1,1,0,1.0,63.4255,0.0,0.0,60,1.0,10,1.0
015_R205,15,R,2,9,OPTIMAL,124.6351,2,2,2,0,0,1.0,124.6351,0.0,0.0,60,1.0,10,1.0
015_R205,15,R,3,0,OPTIMAL,65.0484,3,2,2,0,1,0.6667,60.3088,0.0,4.7396,60,1.0,10,1.0
015_R205,15,R,3,1,OPTIMAL,138.4633,3,2,2,0,1,0.6667,105.6171,0.0,32.8462,60,1.0,10,1.0
015_R205,15,R,3,2,OPTIMAL,95.9316,3,2,2,0,1,0.6667,77.4462,0.0,18.4854,60,1.0,10,1.0
015_R205,15,R,3,3,OPTIMAL,96.1407,3,3,3,0,0,1.0,96.1407,0.0,0.0,60,1.0,10,1.0
015_R205,15,R,3,4,OPTIMAL,66.1588,3,2,2,0,1,0.6667,64.1818,0.0,1.977,60,1.0,10,1.0
015_R205,15,R,3,5,OPTIMAL,111.2854,3,3,3,0,0,1.0,111.2854,0.0,0.0,60,1.0,10,1.0
015_R205,15,R,3,6,OPTIMAL,101.9198,3,1,1,0,2,0.3333,68.7222,0.0,33.1975,60,1.0,10,1.0
015_R205,15,R,3,7,OPTIMAL,161.0915,3,3,3,0,0,1.0,161.0915,0.0,0.0,60,1.0,10,1.0
015_R205,15,R,3,8,OPTIMAL,144.5764,3,3,3,0,0,1.0,144.5764,0.0,0.0,60,1.0,10,1.0
015_R205,15,R,3,9,OPTIMAL,147.4865,3,2,2,0,1,0.6667,105.5911,0.0,41.8954,60,1.0,10,1.0
015_R206,15,R,1,0,OPTIMAL,50.1043,1,1,1,0,0,1.0,50.1043,0.0,0.0,60,1.0,10,1.0
015_R206,15,R,1,1,OPTIMAL,54.0739,1,1,1,0,0,1.0,54.0739,0.0,0.0,60,1.0,10,1.0
015_R206,15,R,1,2,OPTIMAL,26.1458,1,1,1,0,0,1.0,26.1458,0.0,0.0,60,1.0,10,1.0
015_R206,15,R,1,3,OPTIMAL,45.9834,1,1,1,0,0,1.0,45.9834,0.0,0.0,60,1.0,10,1.0
015_R206,15,R,1,4,OPTIMAL,48.266,1,1,1,0,0,1.0,48.266,0.0,0.0,60,1.0,10,1.0
015_R206,15,R,1,5,OPTIMAL,39.613,1,1,1,0,0,1.0,39.613,0.0,0.0,60,1.0,10,1.0
015_R206,15,R,1,6,OPTIMAL,27.8011,1,1,1,0,0,1.0,27.8011,0.0,0.0,60,1.0,10,1.0
015_R206,15,R,1,7,OPTIMAL,50.8791,1,1,1,0,0,1.0,50.8791,0.0,0.0,60,1.0,10,1.0
015_R206,15,R,1,8,OPTIMAL,66.3339,1,1,1,0,0,1.0,66.3339,0.0,0.0,60,1.0,10,1.0
015_R206,15,R,1,9,OPTIMAL,52.9847,1,1,1,0,0,1.0,52.9847,0.0,0.0,60,1.0,10,1.0
015_R206,15,R,2,0,OPTIMAL,54.0971,2,1,1,0,1,0.5,23.603,0.0,30.494,60,1.0,10,1.0
015_R206,15,R,2,1,OPTIMAL,81.1226,2,2,2,0,0,1.0,81.1226,0.0,0.0,60,1.0,10,1.0
015_R206,15,R,2,2,OPTIMAL,104.0752,2,2,1,1,0,1.0,104.0752,0.0,0.0,60,1.0,10,1.0
015_R206,15,R,2,3,OPTIMAL,83.4542,2,1,1,0,1,0.5,63.0799,0.0,20.3743,60,1.0,10,1.0
015_R206,15,R,2,4,OPTIMAL,92.6643,2,2,2,0,0,1.0,92.6643,0.0,0.0,60,1.0,10,1.0
015_R206,15,R,2,5,OPTIMAL,114.8391,2,2,2,0,0,1.0,114.8391,0.0,0.0,60,1.0,10,1.0
015_R206,15,R,2,6,OPTIMAL,95.293,2,2,2,0,0,1.0,95.293,0.0,0.0,60,1.0,10,1.0
015_R206,15,R,2,7,OPTIMAL,125.8256,2,2,2,0,0,1.0,125.8256,0.0,0.0,60,1.0,10,1.0
015_R206,15,R,2,8,OPTIMAL,63.4255,2,2,1,1,0,1.0,63.4255,0.0,0.0,60,1.0,10,1.0
015_R206,15,R,2,9,OPTIMAL,124.6351,2,2,2,0,0,1.0,124.6351,0.0,0.0,60,1.0,10,1.0
015_R206,15,R,3,0,OPTIMAL,65.0484,3,2,2,0,1,0.6667,60.3088,0.0,4.7396,60,1.0,10,1.0
015_R206,15,R,3,1,OPTIMAL,155.6619,3,3,3,0,0,1.0,155.6619,0.0,0.0,60,1.0,10,1.0
015_R206,15,R,3,2,OPTIMAL,105.4269,3,3,3,0,0,1.0,105.4269,0.0,0.0,60,1.0,10,1.0
015_R206,15,R,3,3,OPTIMAL,96.1407,3,3,3,0,0,1.0,96.1407,0.0,0.0,60,1.0,10,1.0
015_R206,15,R,3,4,OPTIMAL,85.0305,3,2,2,0,1,0.6667,77.7459,0.0,7.2846,60,1.0,10,1.0
015_R206,15,R,3,5,OPTIMAL,111.2854,3,3,3,0,0,1.0,111.2854,0.0,0.0,60,1.0,10,1.0
015_R206,15,R,3,6,OPTIMAL,127.9545,3,2,2,0,1,0.6667,115.8946,0.0,12.0599,60,1.0,10,1.0
015_R206,15,R,3,7,OPTIMAL,161.0915,3,3,3,0,0,1.0,161.0915,0.0,0.0,60,1.0,10,1.0
015_R206,15,R,3,8,OPTIMAL,144.5764,3,3,3,0,0,1.0,144.5764,0.0,0.0,60,1.0,10,1.0
015_R206,15,R,3,9,OPTIMAL,147.7219,3,3,3,0,0,1.0,147.7219,0.0,0.0,60,1.0,10,1.0
015_R207,15,R,1,0,OPTIMAL,50.1043,1,1,1,0,0,1.0,50.1043,0.0,0.0,60,1.0,10,1.0
015_R207,15,R,1,1,OPTIMAL,54.0739,1,1,1,0,0,1.0,54.0739,0.0,0.0,60,1.0,10,1.0
015_R207,15,R,1,2,OPTIMAL,26.1458,1,1,1,0,0,1.0,26.1458,0.0,0.0,60,1.0,10,1.0
015_R207,15,R,1,3,OPTIMAL,45.9834,1,1,1,0,0,1.0,45.9834,0.0,0.0,60,1.0,10,1.0
015_R207,15,R,1,4,OPTIMAL,48.266,1,1,1,0,0,1.0,48.266,0.0,0.0,60,1.0,10,1.0
015_R207,15,R,1,5,OPTIMAL,39.613,1,1,1,0,0,1.0,39.613,0.0,0.0,60,1.0,10,1.0
015_R207,15,R,1,6,OPTIMAL,27.8011,1,1,1,0,0,1.0,27.8011,0.0,0.0,60,1.0,10,1.0
015_R207,15,R,1,7,OPTIMAL,50.8791,1,1,1,0,0,1.0,50.8791,0.0,0.0,60,1.0,10,1.0
015_R207,15,R,1,8,OPTIMAL,66.3339,1,1,1,0,0,1.0,66.3339,0.0,0.0,60,1.0,10,1.0
015_R207,15,R,1,9,OPTIMAL,52.9847,1,1,1,0,0,1.0,52.9847,0.0,0.0,60,1.0,10,1.0
015_R207,15,R,2,0,OPTIMAL,54.0971,2,1,1,0,1,0.5,23.603,0.0,30.494,60,1.0,10,1.0
015_R207,15,R,2,1,OPTIMAL,81.1226,2,2,2,0,0,1.0,81.1226,0.0,0.0,60,1.0,10,1.0
015_R207,15,R,2,2,OPTIMAL,104.0752,2,2,1,1,0,1.0,104.0752,0.0,0.0,60,1.0,10,1.0
015_R207,15,R,2,3,OPTIMAL,92.0122,2,2,1,1,0,1.0,92.0122,0.0,0.0,60,1.0,10,1.0
015_R207,15,R,2,4,OPTIMAL,92.6643,2,2,2,0,0,1.0,92.6643,0.0,0.0,60,1.0,10,1.0
015_R207,15,R,2,5,OPTIMAL,114.8391,2,2,2,0,0,1.0,114.8391,0.0,0.0,60,1.0,10,1.0
015_R207,15,R,2,6,OPTIMAL,95.293,2,2,2,0,0,1.0,95.293,0.0,0.0,60,1.0,10,1.0
015_R207,15,R,2,7,OPTIMAL,125.8256,2,2,2,0,0,1.0,125.8256,0.0,0.0,60,1.0,10,1.0
015_R207,15,R,2,8,OPTIMAL,63.4255,2,2,1,1,0,1.0,63.4255,0.0,0.0,60,1.0,10,1.0
015_R207,15,R,2,9,OPTIMAL,124.6351,2,2,2,0,0,1.0,124.6351,0.0,0.0,60,1.0,10,1.0
015_R207,15,R,3,0,OPTIMAL,65.0484,3,2,2,0,1,0.6667,60.3088,0.0,4.7396,60,1.0,10,1.0
015_R207,15,R,3,1,OPTIMAL,155.6619,3,3,3,0,0,1.0,155.6619,0.0,0.0,60,1.0,10,1.0
015_R207,15,R,3,2,OPTIMAL,105.4269,3,3,3,0,0,1.0,105.4269,0.0,0.0,60,1.0,10,1.0
015_R207,15,R,3,3,OPTIMAL,96.1407,3,3,3,0,0,1.0,96.1407,0.0,0.0,60,1.0,10,1.0
015_R207,15,R,3,4,OPTIMAL,104.7044,3,3,3,0,0,1.0,104.7044,0.0,0.0,60,1.0,10,1.0
015_R207,15,R,3,5,OPTIMAL,111.2854,3,3,3,0,0,1.0,111.2854,0.0,0.0,60,1.0,10,1.0
015_R207,15,R,3,6,OPTIMAL,127.9545,3,2,2,0,1,0.6667,115.8946,0.0,12.0599,60,1.0,10,1.0
015_R207,15,R,3,7,OPTIMAL,161.0915,3,3,3,0,0,1.0,161.0915,0.0,0.0,60,1.0,10,1.0
015_R207,15,R,3,8,OPTIMAL,144.5764,3,3,3,0,0,1.0,144.5764,0.0,0.0,60,1.0,10,1.0
015_R207,15,R,3,9,OPTIMAL,147.7219,3,3,3,0,0,1.0,147.7219,0.0,0.0,60,1.0,10,1.0
015_R208,15,R,1,0,OPTIMAL,50.1043,1,1,1,0,0,1.0,50.1043,0.0,0.0,60,1.0,10,1.0
015_R208,15,R,1,1,OPTIMAL,54.0739,1,1,1,0,0,1.0,54.0739,0.0,0.0,60,1.0,10,1.0
015_R208,15,R,1,2,OPTIMAL,26.1458,1,1,1,0,0,1.0,26.1458,0.0,0.0,60,1.0,10,1.0
015_R208,15,R,1,3,OPTIMAL,45.9834,1,1,1,0,0,1.0,45.9834,0.0,0.0,60,1.0,10,1.0
015_R208,15,R,1,4,OPTIMAL,48.266,1,1,1,0,0,1.0,48.266,0.0,0.0,60,1.0,10,1.0
015_R208,15,R,1,5,OPTIMAL,39.613,1,1,1,0,0,1.0,39.613,0.0,0.0,60,1.0,10,1.0
015_R208,15,R,1,6,OPTIMAL,27.8011,1,1,1,0,0,1.0,27.8011,0.0,0.0,60,1.0,10,1.0
015_R208,15,R,1,7,OPTIMAL,50.8791,1,1,1,0,0,1.0,50.8791,0.0,0.0,60,1.0,10,1.0
015_R208,15,R,1,8,OPTIMAL,35.6467,1,0,0,0,1,0.0,0.0,0.0,35.6467,60,1.0,10,1.0
015_R208,15,R,1,9,OPTIMAL,52.9847,1,1,1,0,0,1.0,52.9847,0.0,0.0,60,1.0,10,1.0
015_R208,15,R,2,0,OPTIMAL,90.0339,2,2,1,1,0,1.0,90.0339,0.0,0.0,60,1.0,10,1.0
015_R208,15,R,2,1,OPTIMAL,81.1226,2,2,2,0,0,1.0,81.1226,0.0,0.0,60,1.0,10,1.0
015_R208,15,R,2,2,OPTIMAL,104.0752,2,2,1,1,0,1.0,104.0752,0.0,0.0,60,1.0,10,1.0
015_R208,15,R,2,3,OPTIMAL,92.0122,2,2,2,0,0,1.0,92.0122,0.0,0.0,60,1.0,10,1.0
015_R208,15,R,2,4,OPTIMAL,92.6643,2,2,2,0,0,1.0,92.6643,0.0,0.0,60,1.0,10,1.0
015_R208,15,R,2,5,OPTIMAL,114.8391,2,2,2,0,0,1.0,114.8391,0.0,0.0,60,1.0,10,1.0
015_R208,15,R,2,6,OPTIMAL,95.293,2,2,2,0,0,1.0,95.293,0.0,0.0,60,1.0,10,1.0
015_R208,15,R,2,7,OPTIMAL,125.8256,2,2,2,0,0,1.0,125.8256,0.0,0.0,60,1.0,10,1.0
015_R208,15,R,2,8,OPTIMAL,63.4255,2,2,1,1,0,1.0,63.4255,0.0,0.0,60,1.0,10,1.0
015_R208,15,R,2,9,OPTIMAL,124.6351,2,2,2,0,0,1.0,124.6351,0.0,0.0,60,1.0,10,1.0
015_R208,15,R,3,0,OPTIMAL,98.4976,3,3,2,1,0,1.0,98.4976,0.0,0.0,60,1.0,10,1.0
015_R208,15,R,3,1,OPTIMAL,155.6619,3,3,3,0,0,1.0,155.6619,0.0,0.0,60,1.0,10,1.0
015_R208,15,R,3,2,OPTIMAL,105.4269,3,3,3,0,0,1.0,105.4269,0.0,0.0,60,1.0,10,1.0
015_R208,15,R,3,3,OPTIMAL,96.1407,3,3,3,0,0,1.0,96.1407,0.0,0.0,60,1.0,10,1.0
015_R208,15,R,3,4,OPTIMAL,78.069,3,2,2,0,1,0.6667,77.7459,0.0,0.3231,60,1.0,10,1.0
015_R208,15,R,3,5,OPTIMAL,111.2854,3,3,3,0,0,1.0,111.2854,0.0,0.0,60,1.0,10,1.0
015_R208,15,R,3,6,OPTIMAL,160.0006,3,3,2,1,0,1.0,160.0006,0.0,0.0,60,1.0,10,1.0
015_R208,15,R,3,7,OPTIMAL,161.0915,3,3,3,0,0,1.0,161.0915,0.0,0.0,60,1.0,10,1.0
015_R208,15,R,3,8,OPTIMAL,144.5764,3,3,3,0,0,1.0,144.5764,0.0,0.0,60,1.0,10,1.0
015_R208,15,R,3,9,OPTIMAL,147.7219,3,3,3,0,0,1.0,147.7219,0.0,0.0,60,1.0,10,1.0
015_R209,15,R,1,0,OPTIMAL,50.1043,1,1,1,0,0,1.0,50.1043,0.0,0.0,60,1.0,10,1.0
015_R209,15,R,1,1,OPTIMAL,54.0739,1,1,1,0,0,1.0,54.0739,0.0,0.0,60,1.0,10,1.0
015_R209,15,R,1,2,OPTIMAL,26.1458,1,1,1,0,0,1.0,26.1458,0.0,0.0,60,1.0,10,1.0
015_R209,15,R,1,3,OPTIMAL,45.9834,1,1,1,0,0,1.0,45.9834,0.0,0.0,60,1.0,10,1.0
015_R209,15,R,1,4,OPTIMAL,48.266,1,1,1,0,0,1.0,48.266,0.0,0.0,60,1.0,10,1.0
015_R209,15,R,1,5,OPTIMAL,39.613,1,1,1,0,0,1.0,39.613,0.0,0.0,60,1.0,10,1.0
015_R209,15,R,1,6,OPTIMAL,27.8011,1,1,0,1,0,1.0,27.8011,0.0,0.0,60,1.0,10,1.0
015_R209,15,R,1,7,OPTIMAL,50.8791,1,1,1,0,0,1.0,50.8791,0.0,0.0,60,1.0,10,1.0
015_R209,15,R,1,8,OPTIMAL,66.3339,1,1,1,0,0,1.0,66.3339,0.0,0.0,60,1.0,10,1.0
015_R209,15,R,1,9,OPTIMAL,52.9847,1,1,1,0,0,1.0,52.9847,0.0,0.0,60,1.0,10,1.0
015_R209,15,R,2,0,OPTIMAL,90.0339,2,2,2,0,0,1.0,90.0339,0.0,0.0,60,1.0,10,1.0
015_R209,15,R,2,1,OPTIMAL,81.1226,2,2,2,0,0,1.0,81.1226,0.0,0.0,60,1.0,10,1.0
015_R209,15,R,2,2,OPTIMAL,104.0752,2,2,2,0,0,1.0,104.0752,0.0,0.0,60,1.0,10,1.0
015_R209,15,R,2,3,OPTIMAL,66.3078,2,1,1,0,1,0.5,63.0799,0.0,3.2279,60,1.0,10,1.0
015_R209,15,R,2,4,OPTIMAL,92.6643,2,2,1,1,0,1.0,92.6643,0.0,0.0,60,1.0,10,1.0
015_R209,15,R,2,5,OPTIMAL,114.8391,2,2,2,0,0,1.0,114.8391,0.0,0.0,60,1.0,10,1.0
015_R209,15,R,2,6,OPTIMAL,95.293,2,2,2,0,0,1.0,95.293,0.0,0.0,60,1.0,10,1.0
015_R209,15,R,2,7,OPTIMAL,125.8256,2,2,2,0,0,1.0,125.8256,0.0,0.0,60,1.0,10,1.0
015_R209,15,R,2,8,OPTIMAL,63.4255,2,2,2,0,0,1.0,63.4255,0.0,0.0,60,1.0,10,1.0
015_R209,15,R,2,9,OPTIMAL,124.6351,2,2,2,0,0,1.0,124.6351,0.0,0.0,60,1.0,10,1.0
015_R209,15,R,3,0,OPTIMAL,98.4976,3,3,3,0,0,1.0,98.4976,0.0,0.0,60,1.0,10,1.0
015_R209,15,R,3,1,OPTIMAL,115.1715,3,2,2,0,1,0.6667,115.0116,0.0,0.1598,60,1.0,10,1.0
015_R209,15,R,3,2,OPTIMAL,105.4269,3,3,3,0,0,1.0,105.4269,0.0,0.0,60,1.0,10,1.0
015_R209,15,R,3,3,OPTIMAL,84.0862,3,2,2,0,1,0.6667,79.2382,0.0,4.848,60,1.0,10,1.0
015_R209,15,R,3,4,OPTIMAL,95.4582,3,2,2,0,1,0.6667,77.7459,0.0,17.7123,60,1.0,10,1.0
015_R209,15,R,3,5,OPTIMAL,111.2854,3,3,2,1,0,1.0,111.2854,0.0,0.0,60,1.0,10,1.0
015_R209,15,R,3,6,OPTIMAL,133.9659,3,2,2,0,1,0.6667,112.8283,0.0,21.1376,60,1.0,10,1.0
015_R209,15,R,3,7,OPTIMAL,161.0915,3,3,3,0,0,1.0,161.0915,0.0,0.0,60,1.0,10,1.0
015_R209,15,R,3,8,OPTIMAL,144.5764,3,3,3,0,0,1.0,144.5764,0.0,0.0,60,1.0,10,1.0
015_R209,15,R,3,9,OPTIMAL,147.7219,3,3,3,0,0,1.0,147.7219,0.0,0.0,60,1.0,10,1.0
015_R210,15,R,1,0,OPTIMAL,17.8286,1,0,0,0,1,0.0,0.0,0.0,17.8286,60,1.0,10,1.0
015_R210,15,R,1,1,OPTIMAL,54.0739,1,1,1,0,0,1.0,54.0739,0.0,0.0,60,1.0,10,1.0
015_R210,15,R,1,2,OPTIMAL,26.1458,1,1,1,0,0,1.0,26.1458,0.0,0.0,60,1.0,10,1.0
015_R210,15,R,1,3,OPTIMAL,45.9834,1,1,1,0,0,1.0,45.9834,0.0,0.0,60,1.0,10,1.0
015_R210,15,R,1,4,OPTIMAL,22.4312,1,0,0,0,1,0.0,0.0,0.0,22.4312,60,1.0,10,1.0
015_R210,15,R,1,5,OPTIMAL,39.613,1,1,1,0,0,1.0,39.613,0.0,0.0,60,1.0,10,1.0
015_R210,15,R,1,6,OPTIMAL,27.8011,1,1,1,0,0,1.0,27.8011,0.0,0.0,60,1.0,10,1.0
015_R210,15,R,1,7,OPTIMAL,50.8791,1,1,1,0,0,1.0,50.8791,0.0,0.0,60,1.0,10,1.0
015_R210,15,R,1,8,OPTIMAL,66.3339,1,1,1,0,0,1.0,66.3339,0.0,0.0,60,1.0,10,1.0
015_R210,15,R,1,9,OPTIMAL,52.9847,1,1,1,0,0,1.0,52.9847,0.0,0.0,60,1.0,10,1.0
015_R210,15,R,2,0,OPTIMAL,90.0339,2,2,2,0,0,1.0,90.0339,0.0,0.0,60,1.0,10,1.0
015_R210,15,R,2,1,OPTIMAL,81.1226,2,2,2,0,0,1.0,81.1226,0.0,0.0,60,1.0,10,1.0
015_R210,15,R,2,2,OPTIMAL,104.0752,2,2,2,0,0,1.0,104.0752,0.0,0.0,60,1.0,10,1.0
015_R210,15,R,2,3,OPTIMAL,92.0122,2,2,2,0,0,1.0,92.0122,0.0,0.0,60,1.0,10,1.0
015_R210,15,R,2,4,OPTIMAL,92.6643,2,2,2,0,0,1.0,92.6643,0.0,0.0,60,1.0,10,1.0
015_R210,15,R,2,5,OPTIMAL,114.8391,2,2,2,0,0,1.0,114.8391,0.0,0.0,60,1.0,10,1.0
015_R210,15,R,2,6,OPTIMAL,95.293,2,2,2,0,0,1.0,95.293,0.0,0.0,60,1.0,10,1.0
015_R210,15,R,2,7,OPTIMAL,125.8256,2,2,2,0,0,1.0,125.8256,0.0,0.0,60,1.0,10,1.0
015_R210,15,R,2,8,OPTIMAL,63.4255,2,2,2,0,0,1.0,63.4255,0.0,0.0,60,1.0,10,1.0
015_R210,15,R,2,9,OPTIMAL,124.6351,2,2,2,0,0,1.0,124.6351,0.0,0.0,60,1.0,10,1.0
015_R210,15,R,3,0,OPTIMAL,98.4976,3,3,3,0,0,1.0,98.4976,0.0,0.0,60,1.0,10,1.0
015_R210,15,R,3,1,OPTIMAL,155.6619,3,3,3,0,0,1.0,155.6619,0.0,0.0,60,1.0,10,1.0
015_R210,15,R,3,2,OPTIMAL,73.2717,3,2,1,1,1,0.6667,56.7732,0.0,16.4986,60,1.0,10,1.0
015_R210,15,R,3,3,OPTIMAL,96.1407,3,3,3,0,0,1.0,96.1407,0.0,0.0,60,1.0,10,1.0
015_R210,15,R,3,4,OPTIMAL,104.7044,3,3,3,0,0,1.0,104.7044,0.0,0.0,60,1.0,10,1.0
015_R210,15,R,3,5,OPTIMAL,111.2854,3,3,3,0,0,1.0,111.2854,0.0,0.0,60,1.0,10,1.0
015_R210,15,R,3,6,OPTIMAL,160.0006,3,3,3,0,0,1.0,160.0006,0.0,0.0,60,1.0,10,1.0
015_R210,15,R,3,7,OPTIMAL,125.4672,3,2,2,0,1,0.6667,103.8363,0.0,21.6308,60,1.0,10,1.0
015_R210,15,R,3,8,OPTIMAL,144.5764,3,3,3,0,0,1.0,144.5764,0.0,0.0,60,1.0,10,1.0
015_R210,15,R,3,9,OPTIMAL,147.7219,3,3,3,0,0,1.0,147.7219,0.0,0.0,60,1.0,10,1.0
015_R211,15,R,1,0,OPTIMAL,50.1043,1,1,1,0,0,1.0,50.1043,0.0,0.0,60,1.0,10,1.0
015_R211,15,R,1,1,OPTIMAL,54.0739,1,1,1,0,0,1.0,54.0739,0.0,0.0,60,1.0,10,1.0
015_R211,15,R,1,2,OPTIMAL,6.1367,1,0,0,0,1,0.0,0.0,0.0,6.1367,60,1.0,10,1.0
015_R211,15,R,1,3,OPTIMAL,45.9834,1,1,1,0,0,1.0,45.9834,0.0,0.0,60,1.0,10,1.0
015_R211,15,R,1,4,OPTIMAL,17.7113,1,0,0,0,1,0.0,0.0,0.0,17.7113,60,1.0,10,1.0
015_R211,15,R,1,5,OPTIMAL,39.613,1,1,1,0,0,1.0,39.613,0.0,0.0,60,1.0,10,1.0
015_R211,15,R,1,6,OPTIMAL,17.4564,1,0,0,0,1,0.0,0.0,0.0,17.4564,60,1.0,10,1.0
015_R211,15,R,1,7,OPTIMAL,50.8791,1,1,1,0,0,1.0,50.8791,0.0,0.0,60,1.0,10,1.0
015_R211,15,R,1,8,OPTIMAL,66.3339,1,1,1,0,0,1.0,66.3339,0.0,0.0,60,1.0,10,1.0
015_R211,15,R,1,9,OPTIMAL,52.9847,1,1,1,0,0,1.0,52.9847,0.0,0.0,60,1.0,10,1.0
015_R211,15,R,2,0,OPTIMAL,90.0339,2,2,2,0,0,1.0,90.0339,0.0,0.0,60,1.0,10,1.0
015_R211,15,R,2,1,OPTIMAL,81.1226,2,2,2,0,0,1.0,81.1226,0.0,0.0,60,1.0,10,1.0
015_R211,15,R,2,2,OPTIMAL,104.0752,2,2,2,0,0,1.0,104.0752,0.0,0.0,60,1.0,10,1.0
015_R211,15,R,2,3,OPTIMAL,68.8687,2,1,1,0,1,0.5,63.0799,0.0,5.7888,60,1.0,10,1.0
015_R211,15,R,2,4,OPTIMAL,92.6643,2,2,2,0,0,1.0,92.6643,0.0,0.0,60,1.0,10,1.0
015_R211,15,R,2,5,OPTIMAL,94.3269,2,1,1,0,1,0.5,68.6963,0.0,25.6306,60,1.0,10,1.0
015_R211,15,R,2,6,OPTIMAL,95.293,2,2,2,0,0,1.0,95.293,0.0,0.0,60,1.0,10,1.0
015_R211,15,R,2,7,OPTIMAL,125.8256,2,2,2,0,0,1.0,125.8256,0.0,0.0,60,1.0,10,1.0
015_R211,15,R,2,8,OPTIMAL,63.4255,2,2,2,0,0,1.0,63.4255,0.0,0.0,60,1.0,10,1.0
015_R211,15,R,2,9,OPTIMAL,124.6351,2,2,2,0,0,1.0,124.6351,0.0,0.0,60,1.0,10,1.0
015_R211,15,R,3,0,OPTIMAL,98.4976,3,3,3,0,0,1.0,98.4976,0.0,0.0,60,1.0,10,1.0
015_R211,15,R,3,1,OPTIMAL,155.6619,3,3,1,2,0,1.0,155.6619,0.0,0.0,60,1.0,10,1.0
015_R211,15,R,3,2,OPTIMAL,105.4269,3,3,3,0,0,1.0,105.4269,0.0,0.0,60,1.0,10,1.0
015_R211,15,R,3,3,OPTIMAL,96.1407,3,3,3,0,0,1.0,96.1407,0.0,0.0,60,1.0,10,1.0
015_R211,15,R,3,4,OPTIMAL,41.2689,3,1,0,1,2,0.3333,37.2233,0.0,4.0456,60,1.0,10,1.0
015_R211,15,R,3,5,OPTIMAL,81.1906,3,2,2,0,1,0.6667,69.2583,0.0,11.9323,60,1.0,10,1.0
015_R211,15,R,3,6,OPTIMAL,160.0006,3,3,3,0,0,1.0,160.0006,0.0,0.0,60,1.0,10,1.0
015_R211,15,R,3,7,OPTIMAL,161.0915,3,3,3,0,0,1.0,161.0915,0.0,0.0,60,1.0,10,1.0
015_R211,15,R,3,8,OPTIMAL,144.5764,3,3,3,0,0,1.0,144.5764,0.0,0.0,60,1.0,10,1.0
015_R211,15,R,3,9,OPTIMAL,126.0346,3,2,2,0,1,0.6667,105.5911,0.0,20.4435,60,1.0,10,1.0
015_RC101,15,RC,1,0,OPTIMAL,91.5636,1,1,1,0,0,1.0,91.5636,0.0,0.0,60,1.0,10,1.0
015_RC101,15,RC,1,1,OPTIMAL,10.8414,1,0,0,0,1,0.0,0.0,0.0,10.8414,60,1.0,10,1.0
015_RC101,15,RC,1,2,OPTIMAL,2.4662,1,0,0,0,1,0.0,0.0,0.0,2.4662,60,1.0,10,1.0
015_RC101,15,RC,1,3,OPTIMAL,7.0136,1,0,0,0,1,0.0,0.0,0.0,7.0136,60,1.0,10,1.0
015_RC101,15,RC,1,4,OPTIMAL,1.7142,1,0,0,0,1,0.0,0.0,0.0,1.7142,60,1.0,10,1.0
015_RC101,15,RC,1,5,OPTIMAL,2.5881,1,0,0,0,1,0.0,0.0,0.0,2.5881,60,1.0,10,1.0
015_RC101,15,RC,1,6,OPTIMAL,1.971,1,0,0,0,1,0.0,0.0,0.0,1.971,60,1.0,10,1.0
015_RC101,15,RC,1,7,OPTIMAL,4.4851,1,0,0,0,1,0.0,0.0,0.0,4.4851,60,1.0,10,1.0
015_RC101,15,RC,1,8,OPTIMAL,62.8796,1,1,1,0,0,1.0,62.8796,0.0,0.0,60,1.0,10,1.0
015_RC101,15,RC,1,9,OPTIMAL,62.6874,1,1,1,0,0,1.0,62.6874,0.0,0.0,60,1.0,10,1.0
015_RC101,15,RC,2,0,OPTIMAL,155.018,2,2,2,0,0,1.0,155.018,0.0,0.0,60,1.0,10,1.0
015_RC101,15,RC,2,1,OPTIMAL,143.001,2,2,2,0,0,1.0,143.001,0.0,0.0,60,1.0,10,1.0
015_RC101,15,RC,2,2,OPTIMAL,0.6427,2,0,0,0,2,0.0,0.0,0.0,0.6427,60,1.0,10,1.0
015_RC101,15,RC,2,3,OPTIMAL,77.8081,2,1,1,0,1,0.5,73.4042,0.0,4.4039,60,1.0,10,1.0
015_RC101,15,RC,2,4,OPTIMAL,140.1937,2,2,1,1,0,1.0,140.1937,0.0,0.0,60,1.0,10,1.0
015_RC101,15,RC,2,5,OPTIMAL,9.0261,2,0,0,0,2,0.0,0.0,0.0,9.0261,60,1.0,10,1.0
015_RC101,15,RC,2,6,OPTIMAL,14.2382,2,0,0,0,2,0.0,0.0,0.0,14.2382,60,1.0,10,1.0
015_RC101,15,RC,2,7,OPTIMAL,67.6641,2,1,1,0,1,0.5,67.2935,0.0,0.3706,60,1.0,10,1.0
015_RC101,15,RC,2,8,OPTIMAL,160.1346,2,2,2,0,0,1.0,160.1346,0.0,0.0,60,1.0,10,1.0
015_RC101,15,RC,2,9,OPTIMAL,30.6058,2,0,0,0,2,0.0,0.0,0.0,30.6058,60,1.0,10,1.0
015_RC101,15,RC,3,0,OPTIMAL,72.6557,3,1,1,0,2,0.3333,61.3706,0.0,11.2851,60,1.0,10,1.0
015_RC101,15,RC,3,1,OPTIMAL,10.0419,3,0,0,0,3,0.0,0.0,0.0,10.0419,60,1.0,10,1.0
015_RC101,15,RC,3,2,OPTIMAL,132.5941,3,2,2,0,1,0.6667,131.5796,0.0,1.0145,60,1.0,10,1.0
015_RC101,15,RC,3,3,OPTIMAL,245.2066,3,3,3,0,0,1.0,245.2066,0.0,0.0,60,1.0,10,1.0
015_RC101,15,RC,3,4,OPTIMAL,142.2863,3,2,2,0,1,0.6667,128.3036,0.0,13.9827,60,1.0,10,1.0
015_RC101,15,RC,3,5,OPTIMAL,164.3558,3,2,1,1,1,0.6667,159.805,0.0,4.5508,60,1.0,10,1.0
015_RC101,15,RC,3,6,OPTIMAL,81.2781,3,1,1,0,2,0.3333,71.4893,0.0,9.7888,60,1.0,10,1.0
015_RC101,15,RC,3,7,OPTIMAL,235.8546,3,3,3,0,0,1.0,235.8546,0.0,0.0,60,1.0,10,1.0
015_RC101,15,RC,3,8,OPTIMAL,226.4631,3,3,3,0,0,1.0,226.4631,0.0,0.0,60,1.0,10,1.0
015_RC101,15,RC,3,9,OPTIMAL,150.4295,3,2,2,0,1,0.6667,149.8311,0.0,0.5984,60,1.0,10,1.0
015_RC102,15,RC,1,0,OPTIMAL,91.5636,1,1,1,0,0,1.0,91.5636,0.0,0.0,60,1.0,10,1.0
015_RC102,15,RC,1,1,OPTIMAL,1.0385,1,0,0,0,1,0.0,0.0,0.0,1.0385,60,1.0,10,1.0
015_RC102,15,RC,1,2,OPTIMAL,3.5881,1,0,0,0,1,0.0,0.0,0.0,3.5881,60,1.0,10,1.0
015_RC102,15,RC,1,3,OPTIMAL,9.6692,1,0,0,0,1,0.0,0.0,0.0,9.6692,60,1.0,10,1.0
015_RC102,15,RC,1,4,OPTIMAL,2.5713,1,0,0,0,1,0.0,0.0,0.0,2.5713,60,1.0,10,1.0
015_RC102,15,RC,1,5,OPTIMAL,69.4024,1,1,1,0,0,1.0,69.4024,0.0,0.0,60,1.0,10,1.0
015_RC102,15,RC,1,6,OPTIMAL,61.8168,1,1,1,0,0,1.0,61.8168,0.0,0.0,60,1.0,10,1.0
015_RC102,15,RC,1,7,OPTIMAL,6.9116,1,0,0,0,1,0.0,0.0,0.0,6.9116,60,1.0,10,1.0
015_RC102,15,RC,1,8,OPTIMAL,62.8796,1,1,1,0,0,1.0,62.8796,0.0,0.0,60,1.0,10,1.0
015_RC102,15,RC,1,9,OPTIMAL,62.6874,1,1,1,0,0,1.0,62.6874,0.0,0.0,60,1.0,10,1.0
015_RC102,15,RC,2,0,OPTIMAL,71.4421,2,1,1,0,1,0.5,65.4857,0.0,5.9564,60,1.0,10,1.0
015_RC102,15,RC,2,1,OPTIMAL,143.001,2,2,2,0,0,1.0,143.001,0.0,0.0,60,1.0,10,1.0
015_RC102,15,RC,2,2,OPTIMAL,134.9164,2,2,2,0,0,1.0,134.9164,0.0,0.0,60,1.0,10,1.0
015_RC102,15,RC,2,3,OPTIMAL,16.9841,2,0,0,0,2,0.0,0.0,0.0,16.9841,60,1.0,10,1.0
015_RC102,15,RC,2,4,OPTIMAL,77.5587,2,1,1,0,1,0.5,74.5353,0.0,3.0235,60,1.0,10,1.0
015_RC102,15,RC,2,5,OPTIMAL,65.8222,2,1,1,0,1,0.5,65.2066,0.0,0.6156,60,1.0,10,1.0
015_RC102,15,RC,2,6,OPTIMAL,92.4386,2,1,1,0,1,0.5,71.5113,0.0,20.9273,60,1.0,10,1.0
015_RC102,15,RC,2,7,OPTIMAL,1.8991,2,0,0,0,2,0.0,0.0,0.0,1.8991,60,1.0,10,1.0
015_RC102,15,RC,2,8,OPTIMAL,160.1346,2,2,2,0,0,1.0,160.1346,0.0,0.0,60,1.0,10,1.0
015_RC102,15,RC,2,9,OPTIMAL,46.3393,2,0,0,0,2,0.0,0.0,0.0,46.3393,60,1.0,10,1.0
015_RC102,15,RC,3,0,OPTIMAL,26.1183,3,0,0,0,3,0.0,0.0,0.0,26.1183,60,1.0,10,1.0
015_RC102,15,RC,3,1,OPTIMAL,152.4026,3,2,2,0,1,0.6667,150.5075,0.0,1.8951,60,1.0,10,1.0
015_RC102,15,RC,3,2,OPTIMAL,146.858,3,2,2,0,1,0.6667,145.585,0.0,1.273,60,1.0,10,1.0
015_RC102,15,RC,3,3,OPTIMAL,245.2066,3,3,3,0,0,1.0,245.2066,0.0,0.0,60,1.0,10,1.0
015_RC102,15,RC,3,4,OPTIMAL,19.8598,3,0,0,0,3,0.0,0.0,0.0,19.8598,60,1.0,10,1.0
015_RC102,15,RC,3,5,OPTIMAL,143.5407,3,2,2,0,1,0.6667,143.5316,0.0,0.0091,60,1.0,10,1.0
015_RC102,15,RC,3,6,OPTIMAL,104.8768,3,1,1,0,2,0.3333,71.4893,0.0,33.3875,60,1.0,10,1.0
015_RC102,15,RC,3,7,OPTIMAL,235.8546,3,3,3,0,0,1.0,235.8546,0.0,0.0,60,1.0,10,1.0
015_RC102,15,RC,3,8,OPTIMAL,159.4219,3,2,2,0,1,0.6667,151.3588,0.0,8.0631,60,1.0,10,1.0
015_RC102,15,RC,3,9,OPTIMAL,214.5351,3,3,3,0,0,1.0,214.5351,0.0,0.0,60,1.0,10,1.0
015_RC103,15,RC,1,0,OPTIMAL,91.5636,1,1,1,0,0,1.0,91.5636,0.0,0.0,60,1.0,10,1.0
015_RC103,15,RC,1,1,OPTIMAL,1.0385,1,0,0,0,1,0.0,0.0,0.0,1.0385,60,1.0,10,1.0
015_RC103,15,RC,1,2,OPTIMAL,3.5881,1,0,0,0,1,0.0,0.0,0.0,3.5881,60,1.0,10,1.0
015_RC103,15,RC,1,3,OPTIMAL,9.6692,1,0,0,0,1,0.0,0.0,0.0,9.6692,60,1.0,10,1.0
015_RC103,15,RC,1,4,OPTIMAL,6.8087,1,0,0,0,1,0.0,0.0,0.0,6.8087,60,1.0,10,1.0
015_RC103,15,RC,1,5,OPTIMAL,69.4024,1,1,1,0,0,1.0,69.4024,0.0,0.0,60,1.0,10,1.0
015_RC103,15,RC,1,6,OPTIMAL,61.8168,1,1,1,0,0,1.0,61.8168,0.0,0.0,60,1.0,10,1.0
015_RC103,15,RC,1,7,OPTIMAL,6.9116,1,0,0,0,1,0.0,0.0,0.0,6.9116,60,1.0,10,1.0
015_RC103,15,RC,1,8,OPTIMAL,62.8796,1,1,1,0,0,1.0,62.8796,0.0,0.0,60,1.0,10,1.0
015_RC103,15,RC,1,9,OPTIMAL,62.6874,1,1,1,0,0,1.0,62.6874,0.0,0.0,60,1.0,10,1.0
015_RC103,15,RC,2,0,OPTIMAL,69.1704,2,1,1,0,1,0.5,65.4857,0.0,3.6847,60,1.0,10,1.0
015_RC103,15,RC,2,1,OPTIMAL,143.001,2,2,2,0,0,1.0,143.001,0.0,0.0,60,1.0,10,1.0
015_RC103,15,RC,2,2,OPTIMAL,134.9164,2,2,2,0,0,1.0,134.9164,0.0,0.0,60,1.0,10,1.0
015_RC103,15,RC,2,3,OPTIMAL,16.9841,2,0,0,0,2,0.0,0.0,0.0,16.9841,60,1.0,10,1.0
015_RC103,15,RC,2,4,OPTIMAL,3.5647,2,0,0,0,2,0.0,0.0,0.0,3.5647,60,1.0,10,1.0
015_RC103,15,RC,2,5,OPTIMAL,65.8222,2,1,1,0,1,0.5,65.2066,0.0,0.6156,60,1.0,10,1.0
015_RC103,15,RC,2,6,OPTIMAL,163.7837,2,2,2,0,0,1.0,163.7837,0.0,0.0,60,1.0,10,1.0
015_RC103,15,RC,2,7,OPTIMAL,1.5285,2,0,0,0,2,0.0,0.0,0.0,1.5285,60,1.0,10,1.0
015_RC103,15,RC,2,8,OPTIMAL,160.1346,2,2,2,0,0,1.0,160.1346,0.0,0.0,60,1.0,10,1.0
015_RC103,15,RC,2,9,OPTIMAL,27.4253,2,0,0,0,2,0.0,0.0,0.0,27.4253,60,1.0,10,1.0
015_RC103,15,RC,3,0,OPTIMAL,94.6534,3,1,1,0,2,0.3333,72.6167,0.0,22.0368,60,1.0,10,1.0
015_RC103,15,RC,3,1,OPTIMAL,152.4026,3,2,2,0,1,0.6667,150.5075,0.0,1.8951,60,1.0,10,1.0
015_RC103,15,RC,3,2,OPTIMAL,79.6977,3,1,1,0,2,0.3333,75.3081,0.0,4.3895,60,1.0,10,1.0
015_RC103,15,RC,3,3,OPTIMAL,245.2066,3,3,3,0,0,1.0,245.2066,0.0,0.0,60,1.0,10,1.0
015_RC103,15,RC,3,4,OPTIMAL,29.5406,3,0,0,0,3,0.0,0.0,0.0,29.5406,60,1.0,10,1.0
015_RC103,15,RC,3,5,OPTIMAL,154.5133,3,2,2,0,1,0.6667,143.5316,0.0,10.9817,60,1.0,10,1.0
015_RC103,15,RC,3,6,OPTIMAL,143.4942,3,2,1,1,1,0.6667,136.1383,0.0,7.3559,60,1.0,10,1.0
015_RC103,15,RC,3,7,OPTIMAL,235.8546,3,3,3,0,0,1.0,235.8546,0.0,0.0,60,1.0,10,1.0
015_RC103,15,RC,3,8,OPTIMAL,159.4219,3,2,2,0,1,0.6667,151.3588,0.0,8.0631,60,1.0,10,1.0
015_RC103,15,RC,3,9,OPTIMAL,148.6599,3,2,2,0,1,0.6667,148.522,0.0,0.1379,60,1.0,10,1.0
015_RC104,15,RC,1,0,OPTIMAL,91.5636,1,1,1,0,0,1.0,91.5636,0.0,0.0,60,1.0,10,1.0
015_RC104,15,RC,1,1,OPTIMAL,1.0385,1,0,0,0,1,0.0,0.0,0.0,1.0385,60,1.0,10,1.0
015_RC104,15,RC,1,2,OPTIMAL,3.5881,1,0,0,0,1,0.0,0.0,0.0,3.5881,60,1.0,10,1.0
015_RC104,15,RC,1,3,OPTIMAL,72.1284,1,1,1,0,0,1.0,72.1284,0.0,0.0,60,1.0,10,1.0
015_RC104,15,RC,1,4,OPTIMAL,75.3592,1,1,1,0,0,1.0,75.3592,0.0,0.0,60,1.0,10,1.0
015_RC104,15,RC,1,5,OPTIMAL,69.4024,1,1,1,0,0,1.0,69.4024,0.0,0.0,60,1.0,10,1.0
015_RC104,15,RC,1,6,OPTIMAL,61.8168,1,1,1,0,0,1.0,61.8168,0.0,0.0,60,1.0,10,1.0
015_RC104,15,RC,1,7,OPTIMAL,6.9116,1,0,0,0,1,0.0,0.0,0.0,6.9116,60,1.0,10,1.0
015_RC104,15,RC,1,8,OPTIMAL,62.8796,1,1,1,0,0,1.0,62.8796,0.0,0.0,60,1.0,10,1.0
015_RC104,15,RC,1,9,OPTIMAL,62.6874,1,1,1,0,0,1.0,62.6874,0.0,0.0,60,1.0,10,1.0
015_RC104,15,RC,2,0,OPTIMAL,78.8174,2,1,1,0,1,0.5,65.4857,0.0,13.3316,60,1.0,10,1.0
015_RC104,15,RC,2,1,OPTIMAL,143.001,2,2,2,0,0,1.0,143.001,0.0,0.0,60,1.0,10,1.0
015_RC104,15,RC,2,2,OPTIMAL,134.9164,2,2,2,0,0,1.0,134.9164,0.0,0.0,60,1.0,10,1.0
015_RC104,15,RC,2,3,OPTIMAL,78.6183,2,1,1,0,1,0.5,70.4895,0.0,8.1288,60,1.0,10,1.0
015_RC104,15,RC,2,4,OPTIMAL,77.5587,2,1,1,0,1,0.5,74.5353,0.0,3.0235,60,1.0,10,1.0
015_RC104,15,RC,2,5,OPTIMAL,65.8222,2,1,1,0,1,0.5,65.2066,0.0,0.6156,60,1.0,10,1.0
015_RC104,15,RC,2,6,OPTIMAL,163.7837,2,2,2,0,0,1.0,163.7837,0.0,0.0,60,1.0,10,1.0
015_RC104,15,RC,2,7,OPTIMAL,66.291,2,1,1,0,1,0.5,64.9477,0.0,1.3433,60,1.0,10,1.0
015_RC104,15,RC,2,8,OPTIMAL,160.1346,2,2,2,0,0,1.0,160.1346,0.0,0.0,60,1.0,10,1.0
015_RC104,15,RC,2,9,OPTIMAL,85.9527,2,1,1,0,1,0.5,85.0916,0.0,0.8611,60,1.0,10,1.0
015_RC104,15,RC,3,0,OPTIMAL,91.3467,3,1,1,0,2,0.3333,72.6167,0.0,18.7301,60,1.0,10,1.0
015_RC104,15,RC,3,1,OPTIMAL,152.4026,3,2,2,0,1,0.6667,150.5075,0.0,1.8951,60,1.0,10,1.0
015_RC104,15,RC,3,2,OPTIMAL,146.858,3,2,2,0,1,0.6667,145.585,0.0,1.273,60,1.0,10,1.0
015_RC104,15,RC,3,3,OPTIMAL,245.2066,3,3,3,0,0,1.0,245.2066,0.0,0.0,60,1.0,10,1.0
015_RC104,15,RC,3,4,OPTIMAL,84.2267,3,1,1,0,2,0.3333,69.3114,0.0,14.9153,60,1.0,10,1.0
015_RC104,15,RC,3,5,OPTIMAL,143.5407,3,2,2,0,1,0.6667,143.5316,0.0,0.0091,60,1.0,10,1.0
015_RC104,15,RC,3,6,OPTIMAL,99.5203,3,1,1,0,2,0.3333,71.4893,0.0,28.0309,60,1.0,10,1.0
015_RC104,15,RC,3,7,OPTIMAL,235.8546,3,3,3,0,0,1.0,235.8546,0.0,0.0,60,1.0,10,1.0
015_RC104,15,RC,3,8,OPTIMAL,159.4219,3,2,2,0,1,0.6667,151.3588,0.0,8.0631,60,1.0,10,1.0
015_RC104,15,RC,3,9,OPTIMAL,149.4118,3,2,2,0,1,0.6667,148.522,0.0,0.8898,60,1.0,10,1.0
015_RC105,15,RC,1,0,OPTIMAL,91.5636,1,1,1,0,0,1.0,91.5636,0.0,0.0,60,1.0,10,1.0
015_RC105,15,RC,1,1,OPTIMAL,1.0385,1,0,0,0,1,0.0,0.0,0.0,1.0385,60,1.0,10,1.0
015_RC105,15,RC,1,2,OPTIMAL,69.634,1,1,1,0,0,1.0,69.634,0.0,0.0,60,1.0,10,1.0
015_RC105,15,RC,1,3,OPTIMAL,72.1284,1,1,1,0,0,1.0,72.1284,0.0,0.0,60,1.0,10,1.0
015_RC105,15,RC,1,4,OPTIMAL,13.6173,1,0,0,0,1,0.0,0.0,0.0,13.6173,60,1.0,10,1.0
015_RC105,15,RC,1,5,OPTIMAL,69.4024,1,1,1,0,0,1.0,69.4024,0.0,0.0,60,1.0,10,1.0
015_RC105,15,RC,1,6,OPTIMAL,61.8168,1,1,1,0,0,1.0,61.8168,0.0,0.0,60,1.0,10,1.0
015_RC105,15,RC,1,7,OPTIMAL,18.5332,1,0,0,0,1,0.0,0.0,0.0,18.5332,60,1.0,10,1.0
015_RC105,15,RC,1,8,OPTIMAL,62.8796,1,1,1,0,0,1.0,62.8796,0.0,0.0,60,1.0,10,1.0
015_RC105,15,RC,1,9,OPTIMAL,62.6874,1,1,1,0,0,1.0,62.6874,0.0,0.0,60,1.0,10,1.0
015_RC105,15,RC,2,0,OPTIMAL,155.018,2,2,2,0,0,1.0,155.018,0.0,0.0,60,1.0,10,1.0
015_RC105,15,RC,2,1,OPTIMAL,143.001,2,2,2,0,0,1.0,143.001,0.0,0.0,60,1.0,10,1.0
015_RC105,15,RC,2,2,OPTIMAL,134.9164,2,2,2,0,0,1.0,134.9164,0.0,0.0,60,1.0,10,1.0
015_RC105,15,RC,2,3,OPTIMAL,82.2595,2,1,1,0,1,0.5,73.4042,0.0,8.8553,60,1.0,10,1.0
015_RC105,15,RC,2,4,OPTIMAL,113.4035,2,1,1,0,1,0.5,65.6584,0.0,47.745,60,1.0,10,1.0
015_RC105,15,RC,2,5,OPTIMAL,65.8222,2,1,1,0,1,0.5,65.2066,0.0,0.6156,60,1.0,10,1.0
015_RC105,15,RC,2,6,OPTIMAL,163.7837,2,2,2,0,0,1.0,163.7837,0.0,0.0,60,1.0,10,1.0
015_RC105,15,RC,2,7,OPTIMAL,1.7138,2,0,0,0,2,0.0,0.0,0.0,1.7138,60,1.0,10,1.0
015_RC105,15,RC,2,8,OPTIMAL,90.8778,2,1,1,0,1,0.5,81.7517,0.0,9.1262,60,1.0,10,1.0
015_RC105,15,RC,2,9,OPTIMAL,30.4023,2,0,0,0,2,0.0,0.0,0.0,30.4023,60,1.0,10,1.0
015_RC105,15,RC,3,0,OPTIMAL,94.9185,3,1,1,0,2,0.3333,83.0736,0.0,11.8449,60,1.0,10,1.0
015_RC105,15,RC,3,1,OPTIMAL,25.2193,3,0,0,0,3,0.0,0.0,0.0,25.2193,60,1.0,10,1.0
015_RC105,15,RC,3,2,OPTIMAL,142.844,3,2,2,0,1,0.6667,136.6109,0.0,6.2331,60,1.0,10,1.0
015_RC105,15,RC,3,3,OPTIMAL,195.5347,3,2,2,0,1,0.6667,151.6535,0.6919,43.1893,60,1.0,10,1.0
015_RC105,15,RC,3,4,OPTIMAL,83.677,3,1,1,0,2,0.3333,60.0065,0.0,23.6705,60,1.0,10,1.0
015_RC105,15,RC,3,5,OPTIMAL,126.4521,3,1,1,0,2,0.3333,85.3526,0.0,41.0994,60,1.0,10,1.0
015_RC105,15,RC,3,6,OPTIMAL,82.0185,3,1,1,0,2,0.3333,71.4893,0.0,10.5292,60,1.0,10,1.0
015_RC105,15,RC,3,7,OPTIMAL,235.8546,3,3,3,0,0,1.0,235.8546,0.0,0.0,60,1.0,10,1.0
015_RC105,15,RC,3,8,OPTIMAL,159.4219,3,2,2,0,1,0.6667,151.3588,0.0,8.0631,60,1.0,10,1.0
015_RC105,15,RC,3,9,OPTIMAL,150.4295,3,2,2,0,1,0.6667,149.8311,0.0,0.5984,60,1.0,10,1.0
015_RC106,15,RC,1,0,OPTIMAL,91.5636,1,1,1,0,0,1.0,91.5636,0.0,0.0,60,1.0,10,1.0
015_RC106,15,RC,1,1,OPTIMAL,59.9676,1,1,1,0,0,1.0,59.9676,0.0,0.0,60,1.0,10,1.0
015_RC106,15,RC,1,2,OPTIMAL,2.4662,1,0,0,0,1,0.0,0.0,0.0,2.4662,60,1.0,10,1.0
015_RC106,15,RC,1,3,OPTIMAL,19.3384,1,0,0,0,1,0.0,0.0,0.0,19.3384,60,1.0,10,1.0
015_RC106,15,RC,1,4,OPTIMAL,75.3592,1,1,1,0,0,1.0,75.3592,0.0,0.0,60,1.0,10,1.0
015_RC106,15,RC,1,5,OPTIMAL,69.4024,1,1,1,0,0,1.0,69.4024,0.0,0.0,60,1.0,10,1.0
015_RC106,15,RC,1,6,OPTIMAL,61.8168,1,1,1,0,0,1.0,61.8168,0.0,0.0,60,1.0,10,1.0
015_RC106,15,RC,1,7,OPTIMAL,8.9701,1,0,0,0,1,0.0,0.0,0.0,8.9701,60,1.0,10,1.0
015_RC106,15,RC,1,8,OPTIMAL,62.8796,1,1,1,0,0,1.0,62.8796,0.0,0.0,60,1.0,10,1.0
015_RC106,15,RC,1,9,OPTIMAL,0.9657,1,0,0,0,1,0.0,0.0,0.0,0.9657,60,1.0,10,1.0
015_RC106,15,RC,2,0,OPTIMAL,155.018,2,2,2,0,0,1.0,155.018,0.0,0.0,60,1.0,10,1.0
015_RC106,15,RC,2,1,OPTIMAL,143.001,2,2,2,0,0,1.0,143.001,0.0,0.0,60,1.0,10,1.0
015_RC106,15,RC,2,2,OPTIMAL,67.3777,2,1,1,0,1,0.5,64.4952,0.0,2.8825,60,1.0,10,1.0
015_RC106,15,RC,2,3,OPTIMAL,109.8772,2,1,1,0,1,0.5,70.4895,0.0,39.3877,60,1.0,10,1.0
015_RC106,15,RC,2,4,OPTIMAL,88.7847,2,1,1,0,1,0.5,74.5353,0.0,14.2494,60,1.0,10,1.0
015_RC106,15,RC,2,5,OPTIMAL,76.3806,2,1,1,0,1,0.5,65.2066,0.0,11.174,60,1.0,10,1.0
015_RC106,15,RC,2,6,OPTIMAL,45.2001,2,0,0,0,2,0.0,0.0,0.0,45.2001,60,1.0,10,1.0
015_RC106,15,RC,2,7,OPTIMAL,0.8104,2,0,0,0,2,0.0,0.0,0.0,0.8104,60,1.0,10,1.0
015_RC106,15,RC,2,8,OPTIMAL,160.1346,2,2,2,0,0,1.0,160.1346,0.0,0.0,60,1.0,10,1.0
015_RC106,15,RC,2,9,OPTIMAL,85.6656,2,1,1,0,1,0.5,85.0916,0.0,0.5741,60,1.0,10,1.0
015_RC106,15,RC,3,0,OPTIMAL,146.951,3,2,2,0,1,0.6667,144.4442,0.0,2.5068,60,1.0,10,1.0
015_RC106,15,RC,3,1,OPTIMAL,153.5103,3,2,2,0,1,0.6667,130.3242,0.0,23.186,60,1.0,10,1.0
015_RC106,15,RC,3,2,OPTIMAL,93.6223,3,1,1,0,2,0.3333,75.3081,0.0,18.3142,60,1.0,10,1.0
015_RC106,15,RC,3,3,OPTIMAL,120.7104,3,1,1,0,2,0.3333,73.6355,0.0,47.0749,60,1.0,10,1.0
015_RC106,15,RC,3,4,OPTIMAL,197.615,3,3,3,0,0,1.0,197.615,0.0,0.0,60,1.0,10,1.0
015_RC106,15,RC,3,5,OPTIMAL,217.984,3,3,3,0,0,1.0,217.984,0.0,0.0,60,1.0,10,1.0
015_RC106,15,RC,3,6,OPTIMAL,11.2992,3,0,0,0,3,0.0,0.0,0.0,11.2992,60,1.0,10,1.0
015_RC106,15,RC,3,7,OPTIMAL,235.8546,3,3,3,0,0,1.0,235.8546,0.0,0.0,60,1.0,10,1.0
015_RC106,15,RC,3,8,OPTIMAL,165.5576,3,2,2,0,1,0.6667,151.3588,0.0,14.1988,60,1.0,10,1.0
015_RC106,15,RC,3,9,OPTIMAL,214.5351,3,3,3,0,0,1.0,214.5351,0.0,0.0,60,1.0,10,1.0
015_RC107,15,RC,1,0,OPTIMAL,91.5636,1,1,1,0,0,1.0,91.5636,0.0,0.0,60,1.0,10,1.0
015_RC107,15,RC,1,1,OPTIMAL,1.8627,1,0,0,0,1,0.0,0.0,0.0,1.8627,60,1.0,10,1.0
015_RC107,15,RC,1,2,OPTIMAL,0.2764,1,0,0,0,1,0.0,0.0,0.0,0.2764,60,1.0,10,1.0
015_RC107,15,RC,1,3,OPTIMAL,72.1284,1,1,1,0,0,1.0,72.1284,0.0,0.0,60,1.0,10,1.0
015_RC107,15,RC,1,4,OPTIMAL,75.3592,1,1,1,0,0,1.0,75.3592,0.0,0.0,60,1.0,10,1.0
015_RC107,15,RC,1,5,OPTIMAL,1.0738,1,0,0,0,1,0.0,0.0,0.0,1.0738,60,1.0,10,1.0
015_RC107,15,RC,1,6,OPTIMAL,0.8029,1,0,0,0,1,0.0,0.0,0.0,0.8029,60,1.0,10,1.0
015_RC107,15,RC,1,7,OPTIMAL,8.9701,1,0,0,0,1,0.0,0.0,0.0,8.9701,60,1.0,10,1.0
015_RC107,15,RC,1,8,OPTIMAL,62.8796,1,1,1,0,0,1.0,62.8796,0.0,0.0,60,1.0,10,1.0
015_RC107,15,RC,1,9,OPTIMAL,62.6874,1,1,1,0,0,1.0,62.6874,0.0,0.0,60,1.0,10,1.0
015_RC107,15,RC,2,0,OPTIMAL,93.6966,2,1,1,0,1,0.5,89.5323,0.0,4.1642,60,1.0,10,1.0
015_RC107,15,RC,2,1,OPTIMAL,143.001,2,2,2,0,0,1.0,143.001,0.0,0.0,60,1.0,10,1.0
015_RC107,15,RC,2,2,OPTIMAL,0.3409,2,0,0,0,2,0.0,0.0,0.0,0.3409,60,1.0,10,1.0
015_RC107,15,RC,2,3,OPTIMAL,70.6499,2,1,1,0,1,0.5,70.4895,0.0,0.1605,60,1.0,10,1.0
015_RC107,15,RC,2,4,OPTIMAL,77.866,2,1,1,0,1,0.5,74.5353,0.0,3.3308,60,1.0,10,1.0
015_RC107,15,RC,2,5,OPTIMAL,6.2711,2,0,0,0,2,0.0,0.0,0.0,6.2711,60,1.0,10,1.0
015_RC107,15,RC,2,6,OPTIMAL,100.2043,2,1,1,0,1,0.5,92.2724,0.0,7.9318,60,1.0,10,1.0
015_RC107,15,RC,2,7,OPTIMAL,6.2087,2,0,0,0,2,0.0,0.0,0.0,6.2087,60,1.0,10,1.0
015_RC107,15,RC,2,8,OPTIMAL,160.1346,2,2,2,0,0,1.0,160.1346,0.0,0.0,60,1.0,10,1.0
015_RC107,15,RC,2,9,OPTIMAL,85.6656,2,1,1,0,1,0.5,85.0916,0.0,0.5741,60,1.0,10,1.0
015_RC107,15,RC,3,0,OPTIMAL,88.0577,3,1,1,0,2,0.3333,83.0736,0.0,4.9841,60,1.0,10,1.0
015_RC107,15,RC,3,1,OPTIMAL,159.9278,3,2,2,0,1,0.6667,130.3242,0.0,29.6036,60,1.0,10,1.0
015_RC107,15,RC,3,2,OPTIMAL,71.9805,3,1,1,0,2,0.3333,61.3028,0.0,10.6777,60,1.0,10,1.0
015_RC107,15,RC,3,3,OPTIMAL,208.2418,3,2,2,0,1,0.6667,151.6535,0.0,56.5883,60,1.0,10,1.0
015_RC107,15,RC,3,4,OPTIMAL,81.2111,3,1,1,0,2,0.3333,69.3114,0.0,11.8996,60,1.0,10,1.0
015_RC107,15,RC,3,5,OPTIMAL,166.6661,3,2,2,0,1,0.6667,159.805,0.0,6.8611,60,1.0,10,1.0
015_RC107,15,RC,3,6,OPTIMAL,136.2583,3,2,1,1,1,0.6667,136.1383,0.0,0.12,60,1.0,10,1.0
015_RC107,15,RC,3,7,OPTIMAL,235.8546,3,3,3,0,0,1.0,235.8546,0.0,0.0,60,1.0,10,1.0
015_RC107,15,RC,3,8,OPTIMAL,226.4631,3,3,3,0,0,1.0,226.4631,0.0,0.0,60,1.0,10,1.0
015_RC107,15,RC,3,9,OPTIMAL,214.5351,3,3,3,0,0,1.0,214.5351,0.0,0.0,60,1.0,10,1.0
015_RC108,15,RC,1,0,OPTIMAL,91.5636,1,1,1,0,0,1.0,91.5636,0.0,0.0,60,1.0,10,1.0
015_RC108,15,RC,1,1,OPTIMAL,1.2418,1,0,0,0,1,0.0,0.0,0.0,1.2418,60,1.0,10,1.0
015_RC108,15,RC,1,2,OPTIMAL,17.5314,1,0,0,0,1,0.0,0.0,0.0,17.5314,60,1.0,10,1.0
015_RC108,15,RC,1,3,OPTIMAL,9.6692,1,0,0,0,1,0.0,0.0,0.0,9.6692,60,1.0,10,1.0
015_RC108,15,RC,1,4,OPTIMAL,10.9101,1,0,0,0,1,0.0,0.0,0.0,10.9101,60,1.0,10,1.0
015_RC108,15,RC,1,5,OPTIMAL,69.4024,1,1,1,0,0,1.0,69.4024,0.0,0.0,60,1.0,10,1.0
015_RC108,15,RC,1,6,OPTIMAL,1.971,1,0,0,0,1,0.0,0.0,0.0,1.971,60,1.0,10,1.0
015_RC108,15,RC,1,7,OPTIMAL,81.3912,1,1,1,0,0,1.0,81.3912,0.0,0.0,60,1.0,10,1.0
015_RC108,15,RC,1,8,OPTIMAL,62.8796,1,1,1,0,0,1.0,62.8796,0.0,0.0,60,1.0,10,1.0
015_RC108,15,RC,1,9,OPTIMAL,62.6874,1,1,1,0,0,1.0,62.6874,0.0,0.0,60,1.0,10,1.0
015_RC108,15,RC,2,0,OPTIMAL,155.018,2,2,2,0,0,1.0,155.018,0.0,0.0,60,1.0,10,1.0
015_RC108,15,RC,2,1,OPTIMAL,143.001,2,2,2,0,0,1.0,143.001,0.0,0.0,60,1.0,10,1.0
015_RC108,15,RC,2,2,OPTIMAL,64.6109,2,1,1,0,1,0.5,64.4952,0.0,0.1157,60,1.0,10,1.0
015_RC108,15,RC,2,3,OPTIMAL,70.5964,2,1,1,0,1,0.5,70.4895,0.0,0.107,60,1.0,10,1.0
015_RC108,15,RC,2,4,OPTIMAL,76.7558,2,1,1,0,1,0.5,74.5353,0.0,2.2205,60,1.0,10,1.0
015_RC108,15,RC,2,5,OPTIMAL,69.3814,2,1,1,0,1,0.5,65.2066,0.0,4.1748,60,1.0,10,1.0
015_RC108,15,RC,2,6,OPTIMAL,92.5591,2,1,1,0,1,0.5,92.2724,0.0,0.2867,60,1.0,10,1.0
015_RC108,15,RC,2,7,OPTIMAL,67.6249,2,1,1,0,1,0.5,67.2935,0.0,0.3314,60,1.0,10,1.0
015_RC108,15,RC,2,8,OPTIMAL,160.1346,2,2,2,0,0,1.0,160.1346,0.0,0.0,60,1.0,10,1.0
015_RC108,15,RC,2,9,OPTIMAL,106.904,2,1,1,0,1,0.5,75.6246,0.0,31.2794,60,1.0,10,1.0
015_RC108,15,RC,3,0,OPTIMAL,158.1675,3,2,2,0,1,0.6667,155.6902,0.0,2.4773,60,1.0,10,1.0
015_RC108,15,RC,3,1,OPTIMAL,217.3663,3,3,3,0,0,1.0,217.3663,0.0,0.0,60,1.0,10,1.0
015_RC108,15,RC,3,2,OPTIMAL,86.8663,3,1,1,0,2,0.3333,75.3081,0.0,11.5582,60,1.0,10,1.0
015_RC108,15,RC,3,3,OPTIMAL,245.2066,3,3,3,0,0,1.0,245.2066,0.0,0.0,60,1.0,10,1.0
015_RC108,15,RC,3,4,OPTIMAL,79.7134,3,1,1,0,2,0.3333,69.3114,0.0,10.402,60,1.0,10,1.0
015_RC108,15,RC,3,5,OPTIMAL,217.984,3,3,3,0,0,1.0,217.984,0.0,0.0,60,1.0,10,1.0
015_RC108,15,RC,3,6,OPTIMAL,204.7442,3,3,3,0,0,1.0,204.7442,0.0,0.0,60,1.0,10,1.0
015_RC108,15,RC,3,7,OPTIMAL,235.8546,3,3,3,0,0,1.0,235.8546,0.0,0.0,60,1.0,10,1.0
015_RC108,15,RC,3,8,OPTIMAL,226.4631,3,3,3,0,0,1.0,226.4631,0.0,0.0,60,1.0,10,1.0
015_RC108,15,RC,3,9,OPTIMAL,214.5351,3,3,3,0,0,1.0,214.5351,0.0,0.0,60,1.0,10,1.0
015_RC201,15,RC,1,0,OPTIMAL,91.5636,1,1,1,0,0,1.0,91.5636,0.0,0.0,60,1.0,10,1.0
015_RC201,15,RC,1,1,OPTIMAL,59.9676,1,1,1,0,0,1.0,59.9676,0.0,0.0,60,1.0,10,1.0
015_RC201,15,RC,1,2,OPTIMAL,69.634,1,1,1,0,0,1.0,69.634,0.0,0.0,60,1.0,10,1.0
015_RC201,15,RC,1,3,OPTIMAL,72.1284,1,1,1,0,0,1.0,72.1284,0.0,0.0,60,1.0,10,1.0
015_RC201,15,RC,1,4,OPTIMAL,75.3592,1,1,1,0,0,1.0,75.3592,0.0,0.0,60,1.0,10,1.0
015_RC201,15,RC,1,5,OPTIMAL,69.4024,1,1,1,0,0,1.0,69.4024,0.0,0.0,60,1.0,10,1.0
015_RC201,15,RC,1,6,OPTIMAL,61.8168,1,1,1,0,0,1.0,61.8168,0.0,0.0,60,1.0,10,1.0
015_RC201,15,RC,1,7,OPTIMAL,81.3912,1,1,1,0,0,1.0,81.3912,0.0,0.0,60,1.0,10,1.0
015_RC201,15,RC,1,8,OPTIMAL,62.8796,1,1,1,0,0,1.0,62.8796,0.0,0.0,60,1.0,10,1.0
015_RC201,15,RC,1,9,OPTIMAL,0.9657,1,0,0,0,1,0.0,0.0,0.0,0.9657,60,1.0,10,1.0
015_RC201,15,RC,2,0,OPTIMAL,76.211,2,1,1,0,1,0.5,65.4857,0.0,10.7253,60,1.0,10,1.0
015_RC201,15,RC,2,1,OPTIMAL,143.001,2,2,2,0,0,1.0,143.001,0.0,0.0,60,1.0,10,1.0
015_RC201,15,RC,2,2,OPTIMAL,134.9164,2,2,2,0,0,1.0,134.9164,0.0,0.0,60,1.0,10,1.0
015_RC201,15,RC,2,3,OPTIMAL,73.6107,2,1,1,0,1,0.5,73.4042,0.0,0.2065,60,1.0,10,1.0
015_RC201,15,RC,2,4,OPTIMAL,140.1937,2,2,2,0,0,1.0,140.1937,0.0,0.0,60,1.0,10,1.0
015_RC201,15,RC,2,5,OPTIMAL,63.1217,2,1,1,0,1,0.5,63.1172,0.0,0.0044,60,1.0,10,1.0
015_RC201,15,RC,2,6,OPTIMAL,163.7837,2,2,2,0,0,1.0,163.7837,0.0,0.0,60,1.0,10,1.0
015_RC201,15,RC,2,7,OPTIMAL,132.2413,2,2,2,0,0,1.0,132.2413,0.0,0.0,60,1.0,10,1.0
015_RC201,15,RC,2,8,OPTIMAL,160.1346,2,2,2,0,0,1.0,160.1346,0.0,0.0,60,1.0,10,1.0
015_RC201,15,RC,2,9,OPTIMAL,160.7162,2,2,2,0,0,1.0,160.7162,0.0,0.0,60,1.0,10,1.0
015_RC201,15,RC,3,0,OPTIMAL,217.0608,3,3,3,0,0,1.0,217.0608,0.0,0.0,60,1.0,10,1.0
015_RC201,15,RC,3,1,OPTIMAL,217.3663,3,3,3,0,0,1.0,217.3663,0.0,0.0,60,1.0,10,1.0
015_RC201,15,RC,3,2,OPTIMAL,151.6255,3,2,2,0,1,0.6667,145.585,0.0,6.0406,60,1.0,10,1.0
015_RC201,15,RC,3,3,OPTIMAL,245.2066,3,3,3,0,0,1.0,245.2066,0.0,0.0,60,1.0,10,1.0
015_RC201,15,RC,3,4,OPTIMAL,197.615,3,3,3,0,0,1.0,197.615,0.0,0.0,60,1.0,10,1.0
015_RC201,15,RC,3,5,OPTIMAL,162.092,3,2,2,0,1,0.6667,159.805,0.0,2.287,60,1.0,10,1.0
015_RC201,15,RC,3,6,OPTIMAL,134.7053,3,2,2,0,1,0.6667,133.2549,0.0,1.4504,60,1.0,10,1.0
015_RC201,15,RC,3,7,OPTIMAL,235.8546,3,3,3,0,0,1.0,235.8546,0.0,0.0,60,1.0,10,1.0
015_RC201,15,RC,3,8,OPTIMAL,226.4631,3,3,3,0,0,1.0,226.4631,0.0,0.0,60,1.0,10,1.0
015_RC201,15,RC,3,9,OPTIMAL,140.1167,3,2,2,0,1,0.6667,130.7172,0.0,9.3996,60,1.0,10,1.0
015_RC202,15,RC,1,0,OPTIMAL,91.5636,1,1,1,0,0,1.0,91.5636,0.0,0.0,60,1.0,10,1.0
015_RC202,15,RC,1,1,OPTIMAL,59.9676,1,1,1,0,0,1.0,59.9676,0.0,0.0,60,1.0,10,1.0
015_RC202,15,RC,1,2,OPTIMAL,69.634,1,1,1,0,0,1.0,69.634,0.0,0.0,60,1.0,10,1.0
015_RC202,15,RC,1,3,OPTIMAL,72.1284,1,1,1,0,0,1.0,72.1284,0.0,0.0,60,1.0,10,1.0
015_RC202,15,RC,1,4,OPTIMAL,75.3592,1,1,1,0,0,1.0,75.3592,0.0,0.0,60,1.0,10,1.0
015_RC202,15,RC,1,5,OPTIMAL,69.4024,1,1,1,0,0,1.0,69.4024,0.0,0.0,60,1.0,10,1.0
015_RC202,15,RC,1,6,OPTIMAL,61.8168,1,1,1,0,0,1.0,61.8168,0.0,0.0,60,1.0,10,1.0
015_RC202,15,RC,1,7,OPTIMAL,81.3912,1,1,1,0,0,1.0,81.3912,0.0,0.0,60,1.0,10,1.0
015_RC202,15,RC,1,8,OPTIMAL,62.8796,1,1,1,0,0,1.0,62.8796,0.0,0.0,60,1.0,10,1.0
015_RC202,15,RC,1,9,OPTIMAL,62.6874,1,1,1,0,0,1.0,62.6874,0.0,0.0,60,1.0,10,1.0
015_RC202,15,RC,2,0,OPTIMAL,76.211,2,1,1,0,1,0.5,65.4857,0.0,10.7253,60,1.0,10,1.0
015_RC202,15,RC,2,1,OPTIMAL,143.001,2,2,2,0,0,1.0,143.001,0.0,0.0,60,1.0,10,1.0
015_RC202,15,RC,2,2,OPTIMAL,134.9164,2,2,2,0,0,1.0,134.9164,0.0,0.0,60,1.0,10,1.0
015_RC202,15,RC,2,3,OPTIMAL,143.8937,2,2,1,1,0,1.0,143.8937,0.0,0.0,60,1.0,10,1.0
015_RC202,15,RC,2,4,OPTIMAL,140.1937,2,2,2,0,0,1.0,140.1937,0.0,0.0,60,1.0,10,1.0
015_RC202,15,RC,2,5,OPTIMAL,128.3238,2,2,1,1,0,1.0,128.3238,0.0,0.0,60,1.0,10,1.0
015_RC202,15,RC,2,6,OPTIMAL,163.7837,2,2,2,0,0,1.0,163.7837,0.0,0.0,60,1.0,10,1.0
015_RC202,15,RC,2,7,OPTIMAL,132.2413,2,2,2,0,0,1.0,132.2413,0.0,0.0,60,1.0,10,1.0
015_RC202,15,RC,2,8,OPTIMAL,160.1346,2,2,2,0,0,1.0,160.1346,0.0,0.0,60,1.0,10,1.0
015_RC202,15,RC,2,9,OPTIMAL,160.7162,2,2,2,0,0,1.0,160.7162,0.0,0.0,60,1.0,10,1.0
015_RC202,15,RC,3,0,OPTIMAL,217.0608,3,3,3,0,0,1.0,217.0608,0.0,0.0,60,1.0,10,1.0
015_RC202,15,RC,3,1,OPTIMAL,217.3663,3,3,3,0,0,1.0,217.3663,0.0,0.0,60,1.0,10,1.0
015_RC202,15,RC,3,2,OPTIMAL,206.8878,3,3,3,0,0,1.0,206.8878,0.0,0.0,60,1.0,10,1.0
015_RC202,15,RC,3,3,OPTIMAL,245.2066,3,3,3,0,0,1.0,245.2066,0.0,0.0,60,1.0,10,1.0
015_RC202,15,RC,3,4,OPTIMAL,141.7062,3,2,2,0,1,0.6667,137.6085,0.0,4.0977,60,1.0,10,1.0
015_RC202,15,RC,3,5,OPTIMAL,217.984,3,3,2,1,0,1.0,217.984,0.0,0.0,60,1.0,10,1.0
015_RC202,15,RC,3,6,OPTIMAL,204.7442,3,3,3,0,0,1.0,204.7442,0.0,0.0,60,1.0,10,1.0
015_RC202,15,RC,3,7,OPTIMAL,151.8747,3,2,2,0,1,0.6667,148.2397,0.0,3.6351,60,1.0,10,1.0
015_RC202,15,RC,3,8,OPTIMAL,164.862,3,2,2,0,1,0.6667,158.1402,0.0,6.7218,60,1.0,10,1.0
015_RC202,15,RC,3,9,OPTIMAL,214.5351,3,3,3,0,0,1.0,214.5351,0.0,0.0,60,1.0,10,1.0
015_RC203,15,RC,1,0,OPTIMAL,91.5636,1,1,1,0,0,1.0,91.5636,0.0,0.0,60,1.0,10,1.0
015_RC203,15,RC,1,1,OPTIMAL,59.9676,1,1,1,0,0,1.0,59.9676,0.0,0.0,60,1.0,10,1.0
015_RC203,15,RC,1,2,OPTIMAL,69.634,1,1,1,0,0,1.0,69.634,0.0,0.0,60,1.0,10,1.0
015_RC203,15,RC,1,3,OPTIMAL,72.1284,1,1,1,0,0,1.0,72.1284,0.0,0.0,60,1.0,10,1.0
015_RC203,15,RC,1,4,OPTIMAL,75.3592,1,1,1,0,0,1.0,75.3592,0.0,0.0,60,1.0,10,1.0
015_RC203,15,RC,1,5,OPTIMAL,69.4024,1,1,1,0,0,1.0,69.4024,0.0,0.0,60,1.0,10,1.0
015_RC203,15,RC,1,6,OPTIMAL,61.8168,1,1,1,0,0,1.0,61.8168,0.0,0.0,60,1.0,10,1.0
015_RC203,15,RC,1,7,OPTIMAL,81.3912,1,1,1,0,0,1.0,81.3912,0.0,0.0,60,1.0,10,1.0
015_RC203,15,RC,1,8,OPTIMAL,62.8796,1,1,1,0,0,1.0,62.8796,0.0,0.0,60,1.0,10,1.0
015_RC203,15,RC,1,9,OPTIMAL,62.6874,1,1,1,0,0,1.0,62.6874,0.0,0.0,60,1.0,10,1.0
015_RC203,15,RC,2,0,OPTIMAL,155.018,2,2,2,0,0,1.0,155.018,0.0,0.0,60,1.0,10,1.0
015_RC203,15,RC,2,1,OPTIMAL,143.001,2,2,2,0,0,1.0,143.001,0.0,0.0,60,1.0,10,1.0
015_RC203,15,RC,2,2,OPTIMAL,134.9164,2,2,2,0,0,1.0,134.9164,0.0,0.0,60,1.0,10,1.0
015_RC203,15,RC,2,3,OPTIMAL,143.8937,2,2,1,1,0,1.0,143.8937,0.0,0.0,60,1.0,10,1.0
015_RC203,15,RC,2,4,OPTIMAL,140.1937,2,2,2,0,0,1.0,140.1937,0.0,0.0,60,1.0,10,1.0
015_RC203,15,RC,2,5,OPTIMAL,128.3238,2,2,1,1,0,1.0,128.3238,0.0,0.0,60,1.0,10,1.0
015_RC203,15,RC,2,6,OPTIMAL,163.7837,2,2,2,0,0,1.0,163.7837,0.0,0.0,60,1.0,10,1.0
015_RC203,15,RC,2,7,OPTIMAL,132.2413,2,2,2,0,0,1.0,132.2413,0.0,0.0,60,1.0,10,1.0
015_RC203,15,RC,2,8,OPTIMAL,160.1346,2,2,2,0,0,1.0,160.1346,0.0,0.0,60,1.0,10,1.0
015_RC203,15,RC,2,9,OPTIMAL,160.7162,2,2,2,0,0,1.0,160.7162,0.0,0.0,60,1.0,10,1.0
015_RC203,15,RC,3,0,OPTIMAL,217.0608,3,3,3,0,0,1.0,217.0608,0.0,0.0,60,1.0,10,1.0
015_RC203,15,RC,3,1,OPTIMAL,217.3663,3,3,3,0,0,1.0,217.3663,0.0,0.0,60,1.0,10,1.0
015_RC203,15,RC,3,2,OPTIMAL,206.8878,3,3,3,0,0,1.0,206.8878,0.0,0.0,60,1.0,10,1.0
015_RC203,15,RC,3,3,OPTIMAL,245.2066,3,3,3,0,0,1.0,245.2066,0.0,0.0,60,1.0,10,1.0
015_RC203,15,RC,3,4,OPTIMAL,143.0721,3,2,2,0,1,0.6667,137.6085,0.0,5.4636,60,1.0,10,1.0
015_RC203,15,RC,3,5,OPTIMAL,162.092,3,2,2,0,1,0.6667,159.805,0.0,2.287,60,1.0,10,1.0
015_RC203,15,RC,3,6,OPTIMAL,204.7442,3,3,3,0,0,1.0,204.7442,0.0,0.0,60,1.0,10,1.0
015_RC203,15,RC,3,7,OPTIMAL,148.6189,3,2,2,0,1,0.6667,148.2397,0.0,0.3793,60,1.0,10,1.0
015_RC203,15,RC,3,8,OPTIMAL,226.4631,3,3,3,0,0,1.0,226.4631,0.0,0.0,60,1.0,10,1.0
015_RC203,15,RC,3,9,OPTIMAL,214.5351,3,3,3,0,0,1.0,214.5351,0.0,0.0,60,1.0,10,1.0
015_RC204,15,RC,1,0,OPTIMAL,91.5636,1,1,1,0,0,1.0,91.5636,0.0,0.0,60,1.0,10,1.0
015_RC204,15,RC,1,1,OPTIMAL,59.9676,1,1,1,0,0,1.0,59.9676,0.0,0.0,60,1.0,10,1.0
015_RC204,15,RC,1,2,OPTIMAL,69.634,1,1,1,0,0,1.0,69.634,0.0,0.0,60,1.0,10,1.0
015_RC204,15,RC,1,3,OPTIMAL,72.1284,1,1,1,0,0,1.0,72.1284,0.0,0.0,60,1.0,10,1.0
015_RC204,15,RC,1,4,OPTIMAL,75.3592,1,1,1,0,0,1.0,75.3592,0.0,0.0,60,1.0,10,1.0
015_RC204,15,RC,1,5,OPTIMAL,69.4024,1,1,1,0,0,1.0,69.4024,0.0,0.0,60,1.0,10,1.0
015_RC204,15,RC,1,6,OPTIMAL,61.8168,1,1,1,0,0,1.0,61.8168,0.0,0.0,60,1.0,10,1.0
015_RC204,15,RC,1,7,OPTIMAL,81.3912,1,1,1,0,0,1.0,81.3912,0.0,0.0,60,1.0,10,1.0
015_RC204,15,RC,1,8,OPTIMAL,18.9044,1,0,0,0,1,0.0,0.0,0.0,18.9044,60,1.0,10,1.0
015_RC204,15,RC,1,9,OPTIMAL,62.6874,1,1,1,0,0,1.0,62.6874,0.0,0.0,60,1.0,10,1.0
015_RC204,15,RC,2,0,OPTIMAL,155.018,2,2,2,0,0,1.0,155.018,0.0,0.0,60,1.0,10,1.0
015_RC204,15,RC,2,1,OPTIMAL,143.001,2,2,2,0,0,1.0,143.001,0.0,0.0,60,1.0,10,1.0
015_RC204,15,RC,2,2,OPTIMAL,134.9164,2,2,2,0,0,1.0,134.9164,0.0,0.0,60,1.0,10,1.0
015_RC204,15,RC,2,3,OPTIMAL,143.8937,2,2,1,1,0,1.0,143.8937,0.0,0.0,60,1.0,10,1.0
015_RC204,15,RC,2,4,OPTIMAL,140.1937,2,2,2,0,0,1.0,140.1937,0.0,0.0,60,1.0,10,1.0
015_RC204,15,RC,2,5,OPTIMAL,128.3238,2,2,1,1,0,1.0,128.3238,0.0,0.0,60,1.0,10,1.0
015_RC204,15,RC,2,6,OPTIMAL,163.7837,2,2,2,0,0,1.0,163.7837,0.0,0.0,60,1.0,10,1.0
015_RC204,15,RC,2,7,OPTIMAL,132.2413,2,2,2,0,0,1.0,132.2413,0.0,0.0,60,1.0,10,1.0
015_RC204,15,RC,2,8,OPTIMAL,160.1346,2,2,2,0,0,1.0,160.1346,0.0,0.0,60,1.0,10,1.0
015_RC204,15,RC,2,9,OPTIMAL,160.7162,2,2,2,0,0,1.0,160.7162,0.0,0.0,60,1.0,10,1.0
015_RC204,15,RC,3,0,OPTIMAL,217.0608,3,3,3,0,0,1.0,217.0608,0.0,0.0,60,1.0,10,1.0
015_RC204,15,RC,3,1,OPTIMAL,217.3663,3,3,3,0,0,1.0,217.3663,0.0,0.0,60,1.0,10,1.0
015_RC204,15,RC,3,2,OPTIMAL,206.8878,3,3,3,0,0,1.0,206.8878,0.0,0.0,60,1.0,10,1.0
015_RC204,15,RC,3,3,OPTIMAL,237.0094,3,2,2,0,1,0.6667,171.5712,0.0,65.4382,60,1.0,10,1.0
015_RC204,15,RC,3,4,OPTIMAL,143.9839,3,2,2,0,1,0.6667,137.6085,0.0,6.3754,60,1.0,10,1.0
015_RC204,15,RC,3,5,OPTIMAL,162.092,3,2,2,0,1,0.6667,159.805,0.0,2.287,60,1.0,10,1.0
015_RC204,15,RC,3,6,OPTIMAL,204.7442,3,3,3,0,0,1.0,204.7442,0.0,0.0,60,1.0,10,1.0
015_RC204,15,RC,3,7,OPTIMAL,155.4013,3,2,2,0,1,0.6667,148.2397,0.0,7.1617,60,1.0,10,1.0
015_RC204,15,RC,3,8,OPTIMAL,226.4631,3,3,3,0,0,1.0,226.4631,0.0,0.0,60,1.0,10,1.0
015_RC204,15,RC,3,9,OPTIMAL,214.5351,3,3,3,0,0,1.0,214.5351,0.0,0.0,60,1.0,10,1.0
015_RC205,15,RC,1,0,OPTIMAL,91.5636,1,1,1,0,0,1.0,91.5636,0.0,0.0,60,1.0,10,1.0
015_RC205,15,RC,1,1,OPTIMAL,59.9676,1,1,1,0,0,1.0,59.9676,0.0,0.0,60,1.0,10,1.0
015_RC205,15,RC,1,2,OPTIMAL,69.634,1,1,1,0,0,1.0,69.634,0.0,0.0,60,1.0,10,1.0
015_RC205,15,RC,1,3,OPTIMAL,72.1284,1,1,1,0,0,1.0,72.1284,0.0,0.0,60,1.0,10,1.0
015_RC205,15,RC,1,4,OPTIMAL,5.455,1,0,0,0,1,0.0,0.0,0.0,5.455,60,1.0,10,1.0
015_RC205,15,RC,1,5,OPTIMAL,69.4024,1,1,1,0,0,1.0,69.4024,0.0,0.0,60,1.0,10,1.0
015_RC205,15,RC,1,6,OPTIMAL,61.8168,1,1,1,0,0,1.0,61.8168,0.0,0.0,60,1.0,10,1.0
015_RC205,15,RC,1,7,OPTIMAL,81.3912,1,1,1,0,0,1.0,81.3912,0.0,0.0,60,1.0,10,1.0
015_RC205,15,RC,1,8,OPTIMAL,9.4522,1,0,0,0,1,0.0,0.0,0.0,9.4522,60,1.0,10,1.0
015_RC205,15,RC,1,9,OPTIMAL,62.6874,1,1,1,0,0,1.0,62.6874,0.0,0.0,60,1.0,10,1.0
015_RC205,15,RC,2,0,OPTIMAL,155.018,2,2,2,0,0,1.0,155.018,0.0,0.0,60,1.0,10,1.0
015_RC205,15,RC,2,1,OPTIMAL,88.7097,2,1,1,0,1,0.5,86.4254,0.0,2.2843,60,1.0,10,1.0
015_RC205,15,RC,2,2,OPTIMAL,134.9164,2,2,2,0,0,1.0,134.9164,0.0,0.0,60,1.0,10,1.0
015_RC205,15,RC,2,3,OPTIMAL,143.8937,2,2,2,0,0,1.0,143.8937,0.0,0.0,60,1.0,10,1.0
015_RC205,15,RC,2,4,OPTIMAL,140.1937,2,2,2,0,0,1.0,140.1937,0.0,0.0,60,1.0,10,1.0
015_RC205,15,RC,2,5,OPTIMAL,128.3238,2,2,2,0,0,1.0,128.3238,0.0,0.0,60,1.0,10,1.0
015_RC205,15,RC,2,6,OPTIMAL,163.7837,2,2,2,0,0,1.0,163.7837,0.0,0.0,60,1.0,10,1.0
015_RC205,15,RC,2,7,OPTIMAL,132.2413,2,2,2,0,0,1.0,132.2413,0.0,0.0,60,1.0,10,1.0
015_RC205,15,RC,2,8,OPTIMAL,160.1346,2,2,2,0,0,1.0,160.1346,0.0,0.0,60,1.0,10,1.0
015_RC205,15,RC,2,9,OPTIMAL,160.7162,2,2,2,0,0,1.0,160.7162,0.0,0.0,60,1.0,10,1.0
015_RC205,15,RC,3,0,OPTIMAL,217.0608,3,3,3,0,0,1.0,217.0608,0.0,0.0,60,1.0,10,1.0
015_RC205,15,RC,3,1,OPTIMAL,217.3663,3,3,3,0,0,1.0,217.3663,0.0,0.0,60,1.0,10,1.0
015_RC205,15,RC,3,2,OPTIMAL,146.858,3,2,2,0,1,0.6667,145.585,0.0,1.273,60,1.0,10,1.0
015_RC205,15,RC,3,3,OPTIMAL,245.2066,3,3,3,0,0,1.0,245.2066,0.0,0.0,60,1.0,10,1.0
015_RC205,15,RC,3,4,OPTIMAL,131.6205,3,2,2,0,1,0.6667,128.3036,0.0,3.3169,60,1.0,10,1.0
015_RC205,15,RC,3,5,OPTIMAL,217.984,3,3,3,0,0,1.0,217.984,0.0,0.0,60,1.0,10,1.0
015_RC205,15,RC,3,6,OPTIMAL,204.7442,3,3,3,0,0,1.0,204.7442,0.0,0.0,60,1.0,10,1.0
015_RC205,15,RC,3,7,OPTIMAL,151.8747,3,2,2,0,1,0.6667,148.2397,0.0,3.6351,60,1.0,10,1.0
015_RC205,15,RC,3,8,OPTIMAL,164.862,3,2,2,0,1,0.6667,158.1402,0.0,6.7218,60,1.0,10,1.0
015_RC205,15,RC,3,9,OPTIMAL,143.2325,3,2,2,0,1,0.6667,130.7172,0.0,12.5154,60,1.0,10,1.0
015_RC206,15,RC,1,0,OPTIMAL,91.5636,1,1,1,0,0,1.0,91.5636,0.0,0.0,60,1.0,10,1.0
015_RC206,15,RC,1,1,OPTIMAL,59.9676,1,1,1,0,0,1.0,59.9676,0.0,0.0,60,1.0,10,1.0
015_RC206,15,RC,1,2,OPTIMAL,69.634,1,1,1,0,0,1.0,69.634,0.0,0.0,60,1.0,10,1.0
015_RC206,15,RC,1,3,OPTIMAL,72.1284,1,1,1,0,0,1.0,72.1284,0.0,0.0,60,1.0,10,1.0
015_RC206,15,RC,1,4,OPTIMAL,75.3592,1,1,1,0,0,1.0,75.3592,0.0,0.0,60,1.0,10,1.0
015_RC206,15,RC,1,5,OPTIMAL,69.4024,1,1,1,0,0,1.0,69.4024,0.0,0.0,60,1.0,10,1.0
015_RC206,15,RC,1,6,OPTIMAL,61.8168,1,1,0,1,0,1.0,61.8168,0.0,0.0,60,1.0,10,1.0
015_RC206,15,RC,1,7,OPTIMAL,81.3912,1,1,1,0,0,1.0,81.3912,0.0,0.0,60,1.0,10,1.0
015_RC206,15,RC,1,8,OPTIMAL,62.8796,1,1,1,0,0,1.0,62.8796,0.0,0.0,60,1.0,10,1.0
015_RC206,15,RC,1,9,OPTIMAL,62.6874,1,1,1,0,0,1.0,62.6874,0.0,0.0,60,1.0,10,1.0
015_RC206,15,RC,2,0,OPTIMAL,155.018,2,2,2,0,0,1.0,155.018,0.0,0.0,60,1.0,10,1.0
015_RC206,15,RC,2,1,OPTIMAL,143.001,2,2,2,0,0,1.0,143.001,0.0,0.0,60,1.0,10,1.0
015_RC206,15,RC,2,2,OPTIMAL,134.9164,2,2,1,1,0,1.0,134.9164,0.0,0.0,60,1.0,10,1.0
015_RC206,15,RC,2,3,OPTIMAL,143.8937,2,2,2,0,0,1.0,143.8937,0.0,0.0,60,1.0,10,1.0
015_RC206,15,RC,2,4,OPTIMAL,140.1937,2,2,2,0,0,1.0,140.1937,0.0,0.0,60,1.0,10,1.0
015_RC206,15,RC,2,5,OPTIMAL,128.3238,2,2,2,0,0,1.0,128.3238,0.0,0.0,60,1.0,10,1.0
015_RC206,15,RC,2,6,OPTIMAL,163.7837,2,2,2,0,0,1.0,163.7837,0.0,0.0,60,1.0,10,1.0
015_RC206,15,RC,2,7,OPTIMAL,6.1721,2,0,0,0,2,0.0,0.0,0.0,6.1721,60,1.0,10,1.0
015_RC206,15,RC,2,8,OPTIMAL,82.1772,2,1,1,0,1,0.5,81.7517,0.0,0.4255,60,1.0,10,1.0
015_RC206,15,RC,2,9,OPTIMAL,160.7162,2,2,2,0,0,1.0,160.7162,0.0,0.0,60,1.0,10,1.0
015_RC206,15,RC,3,0,OPTIMAL,156.9289,3,2,2,0,1,0.6667,155.6902,0.0,1.2386,60,1.0,10,1.0
015_RC206,15,RC,3,1,OPTIMAL,217.3663,3,3,3,0,0,1.0,217.3663,0.0,0.0,60,1.0,10,1.0
015_RC206,15,RC,3,2,OPTIMAL,206.8878,3,3,3,0,0,1.0,206.8878,0.0,0.0,60,1.0,10,1.0
015_RC206,15,RC,3,3,OPTIMAL,245.2066,3,3,3,0,0,1.0,245.2066,0.0,0.0,60,1.0,10,1.0
015_RC206,15,RC,3,4,OPTIMAL,138.9988,3,2,2,0,1,0.6667,129.318,0.0,9.6808,60,1.0,10,1.0
015_RC206,15,RC,3,5,OPTIMAL,217.984,3,3,3,0,0,1.0,217.984,0.0,0.0,60,1.0,10,1.0
015_RC206,15,RC,3,6,OPTIMAL,204.7442,3,3,3,0,0,1.0,204.7442,0.0,0.0,60,1.0,10,1.0
015_RC206,15,RC,3,7,OPTIMAL,235.8546,3,3,3,0,0,1.0,235.8546,0.0,0.0,60,1.0,10,1.0
015_RC206,15,RC,3,8,OPTIMAL,226.4631,3,3,3,0,0,1.0,226.4631,0.0,0.0,60,1.0,10,1.0
015_RC206,15,RC,3,9,OPTIMAL,214.5351,3,3,3,0,0,1.0,214.5351,0.0,0.0,60,1.0,10,1.0
015_RC207,15,RC,1,0,OPTIMAL,91.5636,1,1,1,0,0,1.0,91.5636,0.0,0.0,60,1.0,10,1.0
015_RC207,15,RC,1,1,OPTIMAL,59.9676,1,1,1,0,0,1.0,59.9676,0.0,0.0,60,1.0,10,1.0
015_RC207,15,RC,1,2,OPTIMAL,69.634,1,1,1,0,0,1.0,69.634,0.0,0.0,60,1.0,10,1.0
015_RC207,15,RC,1,3,OPTIMAL,72.1284,1,1,1,0,0,1.0,72.1284,0.0,0.0,60,1.0,10,1.0
015_RC207,15,RC,1,4,OPTIMAL,75.3592,1,1,1,0,0,1.0,75.3592,0.0,0.0,60,1.0,10,1.0
015_RC207,15,RC,1,5,OPTIMAL,69.4024,1,1,1,0,0,1.0,69.4024,0.0,0.0,60,1.0,10,1.0
015_RC207,15,RC,1,6,OPTIMAL,61.8168,1,1,0,1,0,1.0,61.8168,0.0,0.0,60,1.0,10,1.0
015_RC207,15,RC,1,7,OPTIMAL,81.3912,1,1,1,0,0,1.0,81.3912,0.0,0.0,60,1.0,10,1.0
015_RC207,15,RC,1,8,OPTIMAL,62.8796,1,1,1,0,0,1.0,62.8796,0.0,0.0,60,1.0,10,1.0
015_RC207,15,RC,1,9,OPTIMAL,62.6874,1,1,0,1,0,1.0,62.6874,0.0,0.0,60,1.0,10,1.0
015_RC207,15,RC,2,0,OPTIMAL,155.018,2,2,2,0,0,1.0,155.018,0.0,0.0,60,1.0,10,1.0
015_RC207,15,RC,2,1,OPTIMAL,143.001,2,2,2,0,0,1.0,143.001,0.0,0.0,60,1.0,10,1.0
015_RC207,15,RC,2,2,OPTIMAL,134.9164,2,2,2,0,0,1.0,134.9164,0.0,0.0,60,1.0,10,1.0
015_RC207,15,RC,2,3,OPTIMAL,143.8937,2,2,2,0,0,1.0,143.8937,0.0,0.0,60,1.0,10,1.0
015_RC207,15,RC,2,4,OPTIMAL,140.1937,2,2,2,0,0,1.0,140.1937,0.0,0.0,60,1.0,10,1.0
015_RC207,15,RC,2,5,OPTIMAL,128.3238,2,2,2,0,0,1.0,128.3238,0.0,0.0,60,1.0,10,1.0
015_RC207,15,RC,2,6,OPTIMAL,163.7837,2,2,2,0,0,1.0,163.7837,0.0,0.0,60,1.0,10,1.0
015_RC207,15,RC,2,7,OPTIMAL,132.2413,2,2,2,0,0,1.0,132.2413,0.0,0.0,60,1.0,10,1.0
015_RC207,15,RC,2,8,OPTIMAL,89.7398,2,1,1,0,1,0.5,81.7517,0.0,7.9882,60,1.0,10,1.0
015_RC207,15,RC,2,9,OPTIMAL,160.7162,2,2,2,0,0,1.0,160.7162,0.0,0.0,60,1.0,10,1.0
015_RC207,15,RC,3,0,OPTIMAL,217.0608,3,3,3,0,0,1.0,217.0608,0.0,0.0,60,1.0,10,1.0
015_RC207,15,RC,3,1,OPTIMAL,217.3663,3,3,3,0,0,1.0,217.3663,0.0,0.0,60,1.0,10,1.0
015_RC207,15,RC,3,2,OPTIMAL,206.8878,3,3,3,0,0,1.0,206.8878,0.0,0.0,60,1.0,10,1.0
015_RC207,15,RC,3,3,OPTIMAL,245.2066,3,3,3,0,0,1.0,245.2066,0.0,0.0,60,1.0,10,1.0
015_RC207,15,RC,3,4,OPTIMAL,138.9988,3,2,2,0,1,0.6667,129.318,0.0,9.6808,60,1.0,10,1.0
015_RC207,15,RC,3,5,OPTIMAL,217.984,3,3,3,0,0,1.0,217.984,0.0,0.0,60,1.0,10,1.0
015_RC207,15,RC,3,6,OPTIMAL,204.7442,3,3,2,1,0,1.0,204.7442,0.0,0.0,60,1.0,10,1.0
015_RC207,15,RC,3,7,OPTIMAL,235.8546,3,3,3,0,0,1.0,235.8546,0.0,0.0,60,1.0,10,1.0
015_RC207,15,RC,3,8,OPTIMAL,226.4631,3,3,3,0,0,1.0,226.4631,0.0,0.0,60,1.0,10,1.0
015_RC207,15,RC,3,9,OPTIMAL,214.5351,3,3,3,0,0,1.0,214.5351,0.0,0.0,60,1.0,10,1.0
015_RC208,15,RC,1,0,OPTIMAL,91.5636,1,1,1,0,0,1.0,91.5636,0.0,0.0,60,1.0,10,1.0
015_RC208,15,RC,1,1,OPTIMAL,59.9676,1,1,1,0,0,1.0,59.9676,0.0,0.0,60,1.0,10,1.0
015_RC208,15,RC,1,2,OPTIMAL,69.634,1,1,1,0,0,1.0,69.634,0.0,0.0,60,1.0,10,1.0
015_RC208,15,RC,1,3,OPTIMAL,72.1284,1,1,1,0,0,1.0,72.1284,0.0,0.0,60,1.0,10,1.0
015_RC208,15,RC,1,4,OPTIMAL,75.3592,1,1,1,0,0,1.0,75.3592,0.0,0.0,60,1.0,10,1.0
015_RC208,15,RC,1,5,OPTIMAL,69.4024,1,1,1,0,0,1.0,69.4024,0.0,0.0,60,1.0,10,1.0
015_RC208,15,RC,1,6,OPTIMAL,61.8168,1,1,1,0,0,1.0,61.8168,0.0,0.0,60,1.0,10,1.0
015_RC208,15,RC,1,7,OPTIMAL,81.3912,1,1,1,0,0,1.0,81.3912,0.0,0.0,60,1.0,10,1.0
015_RC208,15,RC,1,8,OPTIMAL,9.4522,1,0,0,0,1,0.0,0.0,0.0,9.4522,60,1.0,10,1.0
015_RC208,15,RC,1,9,OPTIMAL,62.6874,1,1,1,0,0,1.0,62.6874,0.0,0.0,60,1.0,10,1.0
015_RC208,15,RC,2,0,OPTIMAL,155.018,2,2,2,0,0,1.0,155.018,0.0,0.0,60,1.0,10,1.0
015_RC208,15,RC,2,1,OPTIMAL,86.4951,2,1,1,0,1,0.5,86.4254,0.0,0.0697,60,1.0,10,1.0
015_RC208,15,RC,2,2,OPTIMAL,134.9164,2,2,2,0,0,1.0,134.9164,0.0,0.0,60,1.0,10,1.0
015_RC208,15,RC,2,3,OPTIMAL,143.8937,2,2,2,0,0,1.0,143.8937,0.0,0.0,60,1.0,10,1.0
015_RC208,15,RC,2,4,OPTIMAL,140.1937,2,2,2,0,0,1.0,140.1937,0.0,0.0,60,1.0,10,1.0
015_RC208,15,RC,2,5,OPTIMAL,128.3238,2,2,2,0,0,1.0,128.3238,0.0,0.0,60,1.0,10,1.0
015_RC208,15,RC,2,6,OPTIMAL,163.7837,2,2,2,0,0,1.0,163.7837,0.0,0.0,60,1.0,10,1.0
015_RC208,15,RC,2,7,OPTIMAL,132.2413,2,2,2,0,0,1.0,132.2413,0.0,0.0,60,1.0,10,1.0
015_RC208,15,RC,2,8,OPTIMAL,160.1346,2,2,2,0,0,1.0,160.1346,0.0,0.0,60,1.0,10,1.0
015_RC208,15,RC,2,9,OPTIMAL,160.7162,2,2,2,0,0,1.0,160.7162,0.0,0.0,60,1.0,10,1.0
015_RC208,15,RC,3,0,OPTIMAL,217.0608,3,3,3,0,0,1.0,217.0608,0.0,0.0,60,1.0,10,1.0
015_RC208,15,RC,3,1,OPTIMAL,217.3663,3,3,3,0,0,1.0,217.3663,0.0,0.0,60,1.0,10,1.0
015_RC208,15,RC,3,2,OPTIMAL,146.3046,3,2,2,0,1,0.6667,145.585,0.0,0.7196,60,1.0,10,1.0
015_RC208,15,RC,3,3,OPTIMAL,245.2066,3,3,3,0,0,1.0,245.2066,0.0,0.0,60,1.0,10,1.0
015_RC208,15,RC,3,4,OPTIMAL,197.615,3,3,3,0,0,1.0,197.615,0.0,0.0,60,1.0,10,1.0
015_RC208,15,RC,3,5,OPTIMAL,217.984,3,3,3,0,0,1.0,217.984,0.0,0.0,60,1.0,10,1.0
015_RC208,15,RC,3,6,OPTIMAL,204.7442,3,3,3,0,0,1.0,204.7442,0.0,0.0,60,1.0,10,1.0
015_RC208,15,RC,3,7,OPTIMAL,151.8747,3,2,2,0,1,0.6667,148.2397,0.0,3.6351,60,1.0,10,1.0
015_RC208,15,RC,3,8,OPTIMAL,164.862,3,2,2,0,1,0.6667,158.1402,0.0,6.7218,60,1.0,10,1.0
015_RC208,15,RC,3,9,OPTIMAL,214.5351,3,3,3,0,0,1.0,214.5351,0.0,0.0,60,1.0,10,1.0
025_C101,25,C,2,0,OPTIMAL,80.3036,2,1,1,0,1,0.5,75.9143,0.0,4.3893,60,1.0,10,1.0
025_C101,25,C,2,1,OPTIMAL,118.2617,2,2,2,0,0,1.0,118.2617,0.0,0.0,60,1.0,10,1.0
025_C101,25,C,2,2,OPTIMAL,45.4862,2,1,1,0,1,0.5,42.5368,0.0,2.9494,60,1.0,10,1.0
025_C101,25,C,2,3,OPTIMAL,91.5768,2,1,1,0,1,0.5,83.7535,0.0,7.8232,60,1.0,10,1.0
025_C101,25,C,2,4,OPTIMAL,4.1965,2,0,0,0,2,0.0,0.0,0.0,4.1965,60,1.0,10,1.0
025_C101,25,C,2,5,OPTIMAL,72.0651,2,1,1,0,1,0.5,67.7128,0.0,4.3522,60,1.0,10,1.0
025_C101,25,C,2,6,OPTIMAL,145.7903,2,2,2,0,0,1.0,145.7903,0.0,0.0,60,1.0,10,1.0
025_C101,25,C,2,7,OPTIMAL,159.8552,2,2,2,0,0,1.0,159.8552,0.0,0.0,60,1.0,10,1.0
025_C101,25,C,2,8,OPTIMAL,73.1509,2,1,1,0,1,0.5,69.8156,0.0,3.3353,60,1.0,10,1.0
025_C101,25,C,2,9,OPTIMAL,120.1495,2,2,2,0,0,1.0,120.1495,0.0,0.0,60,1.0,10,1.0
025_C101,25,C,4,0,OPTIMAL,110.9798,4,2,2,0,2,0.5,103.0929,0.0,7.8869,60,1.0,10,1.0
025_C101,25,C,4,1,OPTIMAL,266.434,4,4,4,0,0,1.0,266.434,0.0,0.0,60,1.0,10,1.0
025_C101,25,C,4,2,OPTIMAL,121.6465,4,2,2,0,2,0.5,107.962,0.0,13.6846,60,1.0,10,1.0
025_C101,25,C,4,3,OPTIMAL,177.4037,4,4,4,0,0,1.0,177.4037,0.0,0.0,60,1.0,10,1.0
025_C101,25,C,4,4,OPTIMAL,266.6549,4,4,4,0,0,1.0,266.6549,0.0,0.0,60,1.0,10,1.0
025_C101,25,C,4,5,OPTIMAL,250.621,4,4,4,0,0,1.0,250.621,0.0,0.0,60,1.0,10,1.0
025_C101,25,C,4,6,OPTIMAL,179.1897,4,3,3,0,1,0.75,176.8199,0.0,2.3697,60,1.0,10,1.0
025_C101,25,C,4,7,OPTIMAL,162.5854,4,4,4,0,0,1.0,162.5854,0.0,0.0,60,1.0,10,1.0
025_C101,25,C,4,8,OPTIMAL,247.3678,4,4,4,0,0,1.0,247.3678,0.0,0.0,60,1.0,10,1.0
025_C101,25,C,4,9,OPTIMAL,148.4572,4,3,3,0,1,0.75,147.848,0.0,0.6093,60,1.0,10,1.0
025_C101,25,C,6,0,OPTIMAL,167.4317,6,3,3,0,3,0.5,155.3778,0.0,12.054,60,1.0,10,1.0
025_C101,25,C,6,1,OPTIMAL,177.5523,6,3,3,0,3,0.5,170.3891,0.0,7.1633,60,1.0,10,1.0
025_C101,25,C,6,2,OPTIMAL,192.9062,6,4,4,0,2,0.6667,186.5608,0.0,6.3453,60,1.0,10,1.0
025_C101,25,C,6,3,OPTIMAL,155.7855,6,3,3,0,3,0.5,150.5785,0.0,5.2069,60,1.0,10,1.0
025_C101,25,C,6,4,OPTIMAL,107.439,6,3,3,0,3,0.5,89.7991,0.0,17.6399,60,1.0,10,1.0
025_C101,25,C,6,5,OPTIMAL,140.0589,6,3,3,0,3,0.5,120.2389,0.0,19.82,60,1.0,10,1.0
025_C101,25,C,6,6,OPTIMAL,167.232,6,4,4,0,2,0.6667,157.7904,0.0,9.4416,60,1.0,10,1.0
025_C101,25,C,6,7,OPTIMAL,96.2133,6,3,3,0,3,0.5,85.6626,0.0,10.5507,60,1.0,10,1.0
025_C101,25,C,6,8,OPTIMAL,196.5855,6,3,3,0,3,0.5,180.134,0.0,16.4515,60,1.0,10,1.0
025_C101,25,C,6,9,OPTIMAL,194.6774,6,5,5,0,1,0.8333,189.323,0.0,5.3544,60,1.0,10,1.0
025_C102,25,C,2,0,OPTIMAL,94.2866,2,1,1,0,1,0.5,75.9143,0.0,18.3723,60,1.0,10,1.0
025_C102,25,C,2,1,OPTIMAL,118.2617,2,2,2,0,0,1.0,118.2617,0.0,0.0,60,1.0,10,1.0
025_C102,25,C,2,2,OPTIMAL,45.4862,2,1,1,0,1,0.5,42.5368,0.0,2.9494,60,1.0,10,1.0
025_C102,25,C,2,3,OPTIMAL,102.1446,2,2,1,1,0,1.0,102.1446,0.0,0.0,60,1.0,10,1.0
025_C102,25,C,2,4,OPTIMAL,23.3917,2,0,0,0,2,0.0,0.0,0.0,23.3917,60,1.0,10,1.0
025_C102,25,C,2,5,OPTIMAL,72.0651,2,1,1,0,1,0.5,67.7128,0.0,4.3522,60,1.0,10,1.0
025_C102,25,C,2,6,OPTIMAL,145.7903,2,2,2,0,0,1.0,145.7903,0.0,0.0,60,1.0,10,1.0
025_C102,25,C,2,7,OPTIMAL,159.8552,2,2,2,0,0,1.0,159.8552,0.0,0.0,60,1.0,10,1.0
025_C102,25,C,2,8,OPTIMAL,97.0909,2,2,1,1,0,1.0,97.0909,0.0,0.0,60,1.0,10,1.0
025_C102,25,C,2,9,OPTIMAL,120.1495,2,2,2,0,0,1.0,120.1495,0.0,0.0,60,1.0,10,1.0
025_C102,25,C,4,0,OPTIMAL,110.9798,4,2,2,0,2,0.5,103.0929,0.0,7.8869,60,1.0,10,1.0
025_C102,25,C,4,1,OPTIMAL,266.434,4,4,4,0,0,1.0,266.434,0.0,0.0,60,1.0,10,1.0
025_C102,25,C,4,2,OPTIMAL,121.6465,4,2,2,0,2,0.5,107.962,0.0,13.6846,60,1.0,10,1.0
025_C102,25,C,4,3,OPTIMAL,177.4037,4,4,4,0,0,1.0,177.4037,0.0,0.0,60,1.0,10,1.0
025_C102,25,C,4,4,OPTIMAL,266.6549,4,4,4,0,0,1.0,266.6549,0.0,0.0,60,1.0,10,1.0
025_C102,25,C,4,5,OPTIMAL,250.621,4,4,4,0,0,1.0,250.621,0.0,0.0,60,1.0,10,1.0
025_C102,25,C,4,6,OPTIMAL,179.1897,4,3,3,0,1,0.75,176.8199,0.0,2.3697,60,1.0,10,1.0
025_C102,25,C,4,7,OPTIMAL,162.5854,4,4,4,0,0,1.0,162.5854,0.0,0.0,60,1.0,10,1.0
025_C102,25,C,4,8,OPTIMAL,247.3678,4,4,4,0,0,1.0,247.3678,0.0,0.0,60,1.0,10,1.0
025_C102,25,C,4,9,OPTIMAL,155.4478,4,3,3,0,1,0.75,147.848,0.0,7.5999,60,1.0,10,1.0
025_C102,25,C,6,0,OPTIMAL,194.9029,6,4,3,1,2,0.6667,184.661,0.0,10.2419,60,1.0,10,1.0
025_C102,25,C,6,1,OPTIMAL,253.2013,6,4,4,0,2,0.6667,249.8552,0.0,3.346,60,1.0,10,1.0
025_C102,25,C,6,2,OPTIMAL,221.6756,6,5,5,0,1,0.8333,216.5201,0.0,5.1555,60,1.0,10,1.0
025_C102,25,C,6,3,OPTIMAL,190.9327,6,4,3,1,2,0.6667,187.8046,0.0,3.1281,60,1.0,10,1.0
025_C102,25,C,6,4,OPTIMAL,107.439,6,3,3,0,3,0.5,89.7991,0.0,17.6399,60,1.0,10,1.0
025_C102,25,C,6,5,OPTIMAL,170.1271,6,4,3,1,2,0.6667,151.241,0.0,18.8861,60,1.0,10,1.0
025_C102,25,C,6,6,OPTIMAL,197.8282,6,5,5,0,1,0.8333,194.3249,0.0,3.5034,60,1.0,10,1.0
025_C102,25,C,6,7,OPTIMAL,158.7101,6,4,4,0,2,0.6667,151.9541,0.0,6.756,60,1.0,10,1.0
025_C102,25,C,6,8,OPTIMAL,190.5286,6,3,3,0,3,0.5,180.134,0.0,10.3947,60,1.0,10,1.0
025_C102,25,C,6,9,OPTIMAL,194.6774,6,5,5,0,1,0.8333,189.323,0.0,5.3544,60,1.0,10,1.0
025_C103,25,C,2,0,OPTIMAL,80.3036,2,1,1,0,1,0.5,75.9143,0.0,4.3893,60,1.0,10,1.0
025_C103,25,C,2,1,OPTIMAL,118.2617,2,2,2,0,0,1.0,118.2617,0.0,0.0,60,1.0,10,1.0
025_C103,25,C,2,2,OPTIMAL,65.7412,2,2,2,0,0,1.0,65.7412,0.0,0.0,60,1.0,10,1.0
025_C103,25,C,2,3,OPTIMAL,91.5768,2,1,1,0,1,0.5,83.7535,0.0,7.8232,60,1.0,10,1.0
025_C103,25,C,2,4,OPTIMAL,23.3917,2,0,0,0,2,0.0,0.0,0.0,23.3917,60,1.0,10,1.0
025_C103,25,C,2,5,OPTIMAL,107.7244,2,2,1,1,0,1.0,107.7244,0.0,0.0,60,1.0,10,1.0
025_C103,25,C,2,6,OPTIMAL,145.7903,2,2,2,0,0,1.0,145.7903,0.0,0.0,60,1.0,10,1.0
025_C103,25,C,2,7,OPTIMAL,159.8552,2,2,2,0,0,1.0,159.8552,0.0,0.0,60,1.0,10,1.0
025_C103,25,C,2,8,OPTIMAL,73.1509,2,1,1,0,1,0.5,69.8156,0.0,3.3353,60,1.0,10,1.0
025_C103,25,C,2,9,OPTIMAL,120.1495,2,2,2,0,0,1.0,120.1495,0.0,0.0,60,1.0,10,1.0
025_C103,25,C,4,0,OPTIMAL,145.9992,4,3,3,0,1,0.75,138.4251,0.0,7.5741,60,1.0,10,1.0
025_C103,25,C,4,1,OPTIMAL,266.434,4,4,4,0,0,1.0,266.434,0.0,0.0,60,1.0,10,1.0
025_C103,25,C,4,2,OPTIMAL,151.3513,4,3,2,1,1,0.75,137.6742,0.0,13.677,60,1.0,10,1.0
025_C103,25,C,4,3,OPTIMAL,177.4037,4,4,4,0,0,1.0,177.4037,0.0,0.0,60,1.0,10,1.0
025_C103,25,C,4,4,OPTIMAL,266.6549,4,4,4,0,0,1.0,266.6549,0.0,0.0,60,1.0,10,1.0
025_C103,25,C,4,5,OPTIMAL,250.621,4,4,4,0,0,1.0,250.621,0.0,0.0,60,1.0,10,1.0
025_C103,25,C,4,6,OPTIMAL,192.5854,4,3,3,0,1,0.75,176.8199,0.0,15.7654,60,1.0,10,1.0
025_C103,25,C,4,7,OPTIMAL,162.5854,4,4,4,0,0,1.0,162.5854,0.0,0.0,60,1.0,10,1.0
025_C103,25,C,4,8,OPTIMAL,247.3678,4,4,4,0,0,1.0,247.3678,0.0,0.0,60,1.0,10,1.0
025_C103,25,C,4,9,OPTIMAL,167.8434,4,3,3,0,1,0.75,147.848,0.0,19.9954,60,1.0,10,1.0
025_C103,25,C,6,0,OPTIMAL,210.2648,6,5,4,1,1,0.8333,204.6337,0.0,5.6311,60,1.0,10,1.0
025_C103,25,C,6,1,OPTIMAL,253.2013,6,4,4,0,2,0.6667,249.8552,0.0,3.346,60,1.0,10,1.0
025_C103,25,C,6,2,OPTIMAL,221.6756,6,5,5,0,1,0.8333,216.5201,0.0,5.1555,60,1.0,10,1.0
025_C103,25,C,6,3,OPTIMAL,321.3705,6,6,5,1,0,1.0,321.3705,0.0,0.0,60,1.0,10,1.0
025_C103,25,C,6,4,OPTIMAL,168.4876,6,5,5,0,1,0.8333,160.3302,0.0,8.1575,60,1.0,10,1.0
025_C103,25,C,6,5,OPTIMAL,164.735,6,4,4,0,2,0.6667,155.1158,0.0,9.6191,60,1.0,10,1.0
025_C103,25,C,6,6,OPTIMAL,197.8282,6,5,5,0,1,0.8333,194.3249,0.0,3.5034,60,1.0,10,1.0
025_C103,25,C,6,7,OPTIMAL,158.7101,6,4,4,0,2,0.6667,151.9541,0.0,6.756,60,1.0,10,1.0
025_C103,25,C,6,8,OPTIMAL,181.9343,6,3,3,0,3,0.5,180.134,0.0,1.8003,60,1.0,10,1.0
025_C103,25,C,6,9,OPTIMAL,194.6774,6,5,5,0,1,0.8333,189.323,0.0,5.3544,60,1.0,10,1.0
025_C104,25,C,2,0,OPTIMAL,104.5378,2,2,1,1,0,1.0,104.5378,0.0,0.0,60,1.0,10,1.0
025_C104,25,C,2,1,OPTIMAL,118.2617,2,2,2,0,0,1.0,118.2617,0.0,0.0,60,1.0,10,1.0
025_C104,25,C,2,2,OPTIMAL,65.7412,2,2,2,0,0,1.0,65.7412,0.0,0.0,60,1.0,10,1.0
025_C104,25,C,2,3,OPTIMAL,102.1446,2,2,1,1,0,1.0,102.1446,0.0,0.0,60,1.0,10,1.0
025_C104,25,C,2,4,OPTIMAL,23.3917,2,0,0,0,2,0.0,0.0,0.0,23.3917,60,1.0,10,1.0
025_C104,25,C,2,5,OPTIMAL,107.7244,2,2,1,1,0,1.0,107.7244,0.0,0.0,60,1.0,10,1.0
025_C104,25,C,2,6,OPTIMAL,145.7903,2,2,2,0,0,1.0,145.7903,0.0,0.0,60,1.0,10,1.0
025_C104,25,C,2,7,OPTIMAL,159.8552,2,2,2,0,0,1.0,159.8552,0.0,0.0,60,1.0,10,1.0
025_C104,25,C,2,8,OPTIMAL,97.0909,2,2,1,1,0,1.0,97.0909,0.0,0.0,60,1.0,10,1.0
025_C104,25,C,2,9,OPTIMAL,120.1495,2,2,2,0,0,1.0,120.1495,0.0,0.0,60,1.0,10,1.0
025_C104,25,C,4,0,OPTIMAL,145.9992,4,3,3,0,1,0.75,138.4251,0.0,7.5741,60,1.0,10,1.0
025_C104,25,C,4,1,OPTIMAL,266.434,4,4,4,0,0,1.0,266.434,0.0,0.0,60,1.0,10,1.0
025_C104,25,C,4,2,OPTIMAL,217.4025,4,4,3,1,0,1.0,217.4025,0.0,0.0,60,1.0,10,1.0
025_C104,25,C,4,3,OPTIMAL,177.4037,4,4,4,0,0,1.0,177.4037,0.0,0.0,60,1.0,10,1.0
025_C104,25,C,4,4,OPTIMAL,266.6549,4,4,4,0,0,1.0,266.6549,0.0,0.0,60,1.0,10,1.0
025_C104,25,C,4,5,OPTIMAL,250.621,4,4,4,0,0,1.0,250.621,0.0,0.0,60,1.0,10,1.0
025_C104,25,C,4,6,OPTIMAL,192.5854,4,3,3,0,1,0.75,176.8199,0.0,15.7654,60,1.0,10,1.0
025_C104,25,C,4,7,OPTIMAL,162.5854,4,4,4,0,0,1.0,162.5854,0.0,0.0,60,1.0,10,1.0
025_C104,25,C,4,8,OPTIMAL,247.3678,4,4,4,0,0,1.0,247.3678,0.0,0.0,60,1.0,10,1.0
025_C104,25,C,4,9,OPTIMAL,167.8434,4,3,3,0,1,0.75,147.848,0.0,19.9954,60,1.0,10,1.0
025_C104,25,C,6,0,OPTIMAL,210.2648,6,5,5,0,1,0.8333,204.6337,0.0,5.6311,60,1.0,10,1.0
025_C104,25,C,6,1,OPTIMAL,253.2013,6,4,4,0,2,0.6667,249.8552,0.0,3.346,60,1.0,10,1.0
025_C104,25,C,6,2,OPTIMAL,237.528,6,6,6,0,0,1.0,237.528,0.0,0.0,60,1.0,10,1.0
025_C104,25,C,6,3,OPTIMAL,321.3705,6,6,6,0,0,1.0,321.3705,0.0,0.0,60,1.0,10,1.0
025_C104,25,C,6,4,OPTIMAL,168.4876,6,5,5,0,1,0.8333,160.3302,0.0,8.1575,60,1.0,10,1.0
025_C104,25,C,6,5,OPTIMAL,206.7744,6,6,5,1,0,1.0,206.7744,0.0,0.0,60,1.0,10,1.0
025_C104,25,C,6,6,OPTIMAL,235.2398,6,6,6,0,0,1.0,235.2398,0.0,0.0,60,1.0,10,1.0
025_C104,25,C,6,7,OPTIMAL,158.7101,6,4,4,0,2,0.6667,151.9541,0.0,6.756,60,1.0,10,1.0
025_C104,25,C,6,8,OPTIMAL,181.9343,6,3,3,0,3,0.5,180.134,0.0,1.8003,60,1.0,10,1.0
025_C104,25,C,6,9,OPTIMAL,194.6774,6,5,5,0,1,0.8333,189.323,0.0,5.3544,60,1.0,10,1.0
025_C105,25,C,2,0,OPTIMAL,104.5378,2,2,2,0,0,1.0,104.5378,0.0,0.0,60,1.0,10,1.0
025_C105,25,C,2,1,OPTIMAL,118.2617,2,2,2,0,0,1.0,118.2617,0.0,0.0,60,1.0,10,1.0
025_C105,25,C,2,2,OPTIMAL,34.8535,2,1,1,0,1,0.5,23.2044,0.0,11.6492,60,1.0,10,1.0
025_C105,25,C,2,3,OPTIMAL,91.5768,2,1,1,0,1,0.5,83.7535,0.0,7.8232,60,1.0,10,1.0
025_C105,25,C,2,4,OPTIMAL,48.3261,2,2,2,0,0,1.0,48.3261,0.0,0.0,60,1.0,10,1.0
025_C105,25,C,2,5,OPTIMAL,96.2804,2,1,1,0,1,0.5,67.7128,0.0,28.5675,60,1.0,10,1.0
025_C105,25,C,2,6,OPTIMAL,82.5458,2,1,1,0,1,0.5,79.0926,0.0,3.4531,60,1.0,10,1.0
025_C105,25,C,2,7,OPTIMAL,159.8552,2,2,2,0,0,1.0,159.8552,0.0,0.0,60,1.0,10,1.0
025_C105,25,C,2,8,OPTIMAL,97.0909,2,2,1,1,0,1.0,97.0909,0.0,0.0,60,1.0,10,1.0
025_C105,25,C,2,9,OPTIMAL,88.7858,2,1,1,0,1,0.5,82.6694,0.0,6.1165,60,1.0,10,1.0
025_C105,25,C,4,0,OPTIMAL,148.6555,4,3,3,0,1,0.75,145.331,0.0,3.3245,60,1.0,10,1.0
025_C105,25,C,4,1,OPTIMAL,233.1805,4,3,3,0,1,0.75,223.7301,0.0,9.4504,60,1.0,10,1.0
025_C105,25,C,4,2,OPTIMAL,155.1307,4,2,2,0,2,0.5,152.8171,0.0,2.3137,60,1.0,10,1.0
025_C105,25,C,4,3,OPTIMAL,144.5923,4,3,3,0,1,0.75,134.3778,0.0,10.2145,60,1.0,10,1.0
025_C105,25,C,4,4,OPTIMAL,152.4297,4,2,2,0,2,0.5,143.4193,0.0,9.0104,60,1.0,10,1.0
025_C105,25,C,4,5,OPTIMAL,250.621,4,4,4,0,0,1.0,250.621,0.0,0.0,60,1.0,10,1.0
025_C105,25,C,4,6,OPTIMAL,137.6967,4,3,3,0,1,0.75,134.4048,0.0,3.2919,60,1.0,10,1.0
025_C105,25,C,4,7,OPTIMAL,154.7228,4,3,3,0,1,0.75,147.9007,0.0,6.8221,60,1.0,10,1.0
025_C105,25,C,4,8,OPTIMAL,222.8849,4,3,3,0,1,0.75,216.2156,0.0,6.6693,60,1.0,10,1.0
025_C105,25,C,4,9,OPTIMAL,109.5977,4,2,2,0,2,0.5,100.4315,0.0,9.1662,60,1.0,10,1.0
025_C105,25,C,6,0,OPTIMAL,251.1371,6,5,5,0,1,0.8333,249.325,0.0,1.8121,60,1.0,10,1.0
025_C105,25,C,6,1,OPTIMAL,255.7842,6,4,4,0,2,0.6667,249.8552,0.0,5.929,60,1.0,10,1.0
025_C105,25,C,6,2,OPTIMAL,228.0611,6,5,5,0,1,0.8333,214.4467,0.0,13.6143,60,1.0,10,1.0
025_C105,25,C,6,3,OPTIMAL,254.4187,6,4,4,0,2,0.6667,238.9918,0.0,15.4269,60,1.0,10,1.0
025_C105,25,C,6,4,OPTIMAL,147.7326,6,4,4,0,2,0.6667,137.4628,0.0,10.2698,60,1.0,10,1.0
025_C105,25,C,6,5,OPTIMAL,134.6186,6,4,4,0,2,0.6667,126.5172,0.0,8.1014,60,1.0,10,1.0
025_C105,25,C,6,6,OPTIMAL,177.5132,6,4,4,0,2,0.6667,170.886,0.0,6.6272,60,1.0,10,1.0
025_C105,25,C,6,7,OPTIMAL,183.2691,6,3,3,0,3,0.5,177.0744,0.0,6.1946,60,1.0,10,1.0
025_C105,25,C,6,8,OPTIMAL,235.977,6,4,4,0,2,0.6667,215.1541,0.0,20.8229,60,1.0,10,1.0
025_C105,25,C,6,9,OPTIMAL,154.8856,6,3,3,0,3,0.5,137.2901,0.0,17.5955,60,1.0,10,1.0
025_C106,25,C,2,0,OPTIMAL,104.5378,2,2,1,1,0,1.0,104.5378,0.0,0.0,60,1.0,10,1.0
025_C106,25,C,2,1,OPTIMAL,118.2617,2,2,2,0,0,1.0,118.2617,0.0,0.0,60,1.0,10,1.0
025_C106,25,C,2,2,OPTIMAL,51.5095,2,1,1,0,1,0.5,42.5368,0.0,8.9727,60,1.0,10,1.0
025_C106,25,C,2,3,OPTIMAL,102.1446,2,2,1,1,0,1.0,102.1446,0.0,0.0,60,1.0,10,1.0
025_C106,25,C,2,4,OPTIMAL,4.1965,2,0,0,0,2,0.0,0.0,0.0,4.1965,60,1.0,10,1.0
025_C106,25,C,2,5,OPTIMAL,107.7244,2,2,2,0,0,1.0,107.7244,0.0,0.0,60,1.0,10,1.0
025_C106,25,C,2,6,OPTIMAL,145.7903,2,2,2,0,0,1.0,145.7903,0.0,0.0,60,1.0,10,1.0
025_C106,25,C,2,7,OPTIMAL,159.8552,2,2,2,0,0,1.0,159.8552,0.0,0.0,60,1.0,10,1.0
025_C106,25,C,2,8,OPTIMAL,97.0909,2,2,1,1,0,1.0,97.0909,0.0,0.0,60,1.0,10,1.0
025_C106,25,C,2,9,OPTIMAL,120.1495,2,2,1,1,0,1.0,120.1495,0.0,0.0,60,1.0,10,1.0
025_C106,25,C,4,0,OPTIMAL,148.6555,4,3,3,0,1,0.75,145.331,0.0,3.3245,60,1.0,10,1.0
025_C106,25,C,4,1,OPTIMAL,266.434,4,4,4,0,0,1.0,266.434,0.0,0.0,60,1.0,10,1.0
025_C106,25,C,4,2,OPTIMAL,217.4025,4,4,2,2,0,1.0,217.4025,0.0,0.0,60,1.0,10,1.0
025_C106,25,C,4,3,OPTIMAL,177.4037,4,4,4,0,0,1.0,177.4037,0.0,0.0,60,1.0,10,1.0
025_C106,25,C,4,4,OPTIMAL,229.8849,4,3,3,0,1,0.75,224.8833,0.0,5.0017,60,1.0,10,1.0
025_C106,25,C,4,5,OPTIMAL,250.621,4,4,4,0,0,1.0,250.621,0.0,0.0,60,1.0,10,1.0
025_C106,25,C,4,6,OPTIMAL,179.1897,4,3,3,0,1,0.75,176.8199,0.0,2.3697,60,1.0,10,1.0
025_C106,25,C,4,7,OPTIMAL,162.5854,4,4,4,0,0,1.0,162.5854,0.0,0.0,60,1.0,10,1.0
025_C106,25,C,4,8,OPTIMAL,247.3678,4,4,4,0,0,1.0,247.3678,0.0,0.0,60,1.0,10,1.0
025_C106,25,C,4,9,OPTIMAL,148.4572,4,3,2,1,1,0.75,147.848,0.0,0.6093,60,1.0,10,1.0
025_C106,25,C,6,0,OPTIMAL,190.3995,6,3,3,0,3,0.5,155.3778,0.0,35.0218,60,1.0,10,1.0
025_C106,25,C,6,1,OPTIMAL,319.3796,6,6,4,2,0,1.0,319.3796,0.0,0.0,60,1.0,10,1.0
025_C106,25,C,6,2,OPTIMAL,237.528,6,6,5,1,0,1.0,237.528,0.0,0.0,60,1.0,10,1.0
025_C106,25,C,6,3,OPTIMAL,250.8268,6,4,4,0,2,0.6667,221.9781,0.0,28.8487,60,1.0,10,1.0
025_C106,25,C,6,4,OPTIMAL,106.2763,6,3,3,0,3,0.5,89.7991,0.0,16.4772,60,1.0,10,1.0
025_C106,25,C,6,5,OPTIMAL,133.1645,6,3,1,2,3,0.5,113.7515,0.0,19.413,60,1.0,10,1.0
025_C106,25,C,6,6,OPTIMAL,235.2398,6,6,5,1,0,1.0,235.2398,0.0,0.0,60,1.0,10,1.0
025_C106,25,C,6,7,OPTIMAL,171.4104,6,4,2,2,2,0.6667,160.8406,0.0,10.5697,60,1.0,10,1.0
025_C106,25,C,6,8,OPTIMAL,214.1027,6,3,3,0,3,0.5,192.8782,0.0,21.2245,60,1.0,10,1.0
025_C106,25,C,6,9,OPTIMAL,166.6212,6,4,4,0,2,0.6667,160.8784,0.0,5.7428,60,1.0,10,1.0
025_C107,25,C,2,0,OPTIMAL,80.2324,2,1,1,0,1,0.5,75.9143,0.0,4.318,60,1.0,10,1.0
025_C107,25,C,2,1,OPTIMAL,118.2617,2,2,2,0,0,1.0,118.2617,0.0,0.0,60,1.0,10,1.0
025_C107,25,C,2,2,OPTIMAL,20.6219,2,0,0,0,2,0.0,0.0,0.0,20.6219,60,1.0,10,1.0
025_C107,25,C,2,3,OPTIMAL,102.1446,2,2,2,0,0,1.0,102.1446,0.0,0.0,60,1.0,10,1.0
025_C107,25,C,2,4,OPTIMAL,8.8028,2,0,0,0,2,0.0,0.0,0.0,8.8028,60,1.0,10,1.0
025_C107,25,C,2,5,OPTIMAL,107.7244,2,2,2,0,0,1.0,107.7244,0.0,0.0,60,1.0,10,1.0
025_C107,25,C,2,6,OPTIMAL,145.7903,2,2,2,0,0,1.0,145.7903,0.0,0.0,60,1.0,10,1.0
025_C107,25,C,2,7,OPTIMAL,159.8552,2,2,2,0,0,1.0,159.8552,0.0,0.0,60,1.0,10,1.0
025_C107,25,C,2,8,OPTIMAL,7.6866,2,0,0,0,2,0.0,0.0,0.0,7.6866,60,1.0,10,1.0
025_C107,25,C,2,9,OPTIMAL,120.1495,2,2,2,0,0,1.0,120.1495,0.0,0.0,60,1.0,10,1.0
025_C107,25,C,4,0,OPTIMAL,148.6555,4,3,3,0,1,0.75,145.331,0.0,3.3245,60,1.0,10,1.0
025_C107,25,C,4,1,OPTIMAL,229.7564,4,3,3,0,1,0.75,223.7301,0.0,6.0263,60,1.0,10,1.0
025_C107,25,C,4,2,OPTIMAL,116.4498,4,2,2,0,2,0.5,109.4406,0.0,7.0093,60,1.0,10,1.0
025_C107,25,C,4,3,OPTIMAL,121.5479,4,2,2,0,2,0.5,103.0661,0.0,18.4818,60,1.0,10,1.0
025_C107,25,C,4,4,OPTIMAL,162.3145,4,2,2,0,2,0.5,157.6296,0.0,4.6849,60,1.0,10,1.0
025_C107,25,C,4,5,OPTIMAL,174.0786,4,3,3,0,1,0.75,171.5589,0.0,2.5197,60,1.0,10,1.0
025_C107,25,C,4,6,OPTIMAL,207.1717,4,4,4,0,0,1.0,207.1717,0.0,0.0,60,1.0,10,1.0
025_C107,25,C,4,7,OPTIMAL,116.9923,4,2,2,0,2,0.5,105.6313,0.0,11.361,60,1.0,10,1.0
025_C107,25,C,4,8,OPTIMAL,153.0084,4,2,2,0,2,0.5,136.5562,0.0,16.4522,60,1.0,10,1.0
025_C107,25,C,4,9,OPTIMAL,149.1736,4,3,3,0,1,0.75,147.848,0.0,1.3256,60,1.0,10,1.0
025_C107,25,C,6,0,OPTIMAL,268.5616,6,5,5,0,1,0.8333,258.6355,0.0,9.9261,60,1.0,10,1.0
025_C107,25,C,6,1,OPTIMAL,191.4467,6,3,3,0,3,0.5,183.6597,0.0,7.787,60,1.0,10,1.0
025_C107,25,C,6,2,OPTIMAL,143.2187,6,4,4,0,2,0.6667,141.0316,0.0,2.1871,60,1.0,10,1.0
025_C107,25,C,6,3,OPTIMAL,301.4353,6,5,5,0,1,0.8333,295.8186,0.0,5.6168,60,1.0,10,1.0
025_C107,25,C,6,4,OPTIMAL,105.2614,6,3,3,0,3,0.5,88.1365,0.0,17.125,60,1.0,10,1.0
025_C107,25,C,6,5,OPTIMAL,74.3587,6,2,2,0,4,0.3333,51.6586,0.0,22.7001,60,1.0,10,1.0
025_C107,25,C,6,6,OPTIMAL,117.5126,6,3,3,0,3,0.5,105.9087,0.0,11.6039,60,1.0,10,1.0
025_C107,25,C,6,7,OPTIMAL,181.8809,6,3,3,0,3,0.5,172.4936,0.0,9.3873,60,1.0,10,1.0
025_C107,25,C,6,8,OPTIMAL,241.8454,6,5,5,0,1,0.8333,238.4151,0.0,3.4303,60,1.0,10,1.0
025_C107,25,C,6,9,OPTIMAL,126.8294,6,2,2,0,4,0.3333,108.8455,0.0,17.984,60,1.0,10,1.0
025_C108,25,C,2,0,OPTIMAL,104.5378,2,2,2,0,0,1.0,104.5378,0.0,0.0,60,1.0,10,1.0
025_C108,25,C,2,1,OPTIMAL,93.8939,2,1,1,0,1,0.5,81.0375,0.0,12.8564,60,1.0,10,1.0
025_C108,25,C,2,2,OPTIMAL,65.7412,2,2,2,0,0,1.0,65.7412,0.0,0.0,60,1.0,10,1.0
025_C108,25,C,2,3,OPTIMAL,102.1446,2,2,1,1,0,1.0,102.1446,0.0,0.0,60,1.0,10,1.0
025_C108,25,C,2,4,OPTIMAL,32.155,2,1,1,0,1,0.5,28.9276,0.0,3.2275,60,1.0,10,1.0
025_C108,25,C,2,5,OPTIMAL,107.7244,2,2,2,0,0,1.0,107.7244,0.0,0.0,60,1.0,10,1.0
025_C108,25,C,2,6,OPTIMAL,145.7903,2,2,2,0,0,1.0,145.7903,0.0,0.0,60,1.0,10,1.0
025_C108,25,C,2,7,OPTIMAL,159.8552,2,2,2,0,0,1.0,159.8552,0.0,0.0,60,1.0,10,1.0
025_C108,25,C,2,8,OPTIMAL,97.0909,2,2,2,0,0,1.0,97.0909,0.0,0.0,60,1.0,10,1.0
025_C108,25,C,2,9,OPTIMAL,120.1495,2,2,2,0,0,1.0,120.1495,0.0,0.0,60,1.0,10,1.0
025_C108,25,C,4,0,OPTIMAL,117.4853,4,2,2,0,2,0.5,103.0929,0.0,14.3924,60,1.0,10,1.0
025_C108,25,C,4,1,OPTIMAL,229.7564,4,3,3,0,1,0.75,223.7301,0.0,6.0263,60,1.0,10,1.0
025_C108,25,C,4,2,OPTIMAL,187.5346,4,3,2,1,1,0.75,182.5293,0.0,5.0053,60,1.0,10,1.0
025_C108,25,C,4,3,OPTIMAL,156.5786,4,3,2,1,1,0.75,146.092,0.0,10.4866,60,1.0,10,1.0
025_C108,25,C,4,4,OPTIMAL,155.4935,4,2,2,0,2,0.5,143.4193,0.0,12.0742,60,1.0,10,1.0
025_C108,25,C,4,5,OPTIMAL,190.5933,4,3,3,0,1,0.75,188.5807,0.0,2.0126,60,1.0,10,1.0
025_C108,25,C,4,6,OPTIMAL,178.2582,4,3,3,0,1,0.75,176.8199,0.0,1.4382,60,1.0,10,1.0
025_C108,25,C,4,7,OPTIMAL,162.5854,4,4,3,1,0,1.0,162.5854,0.0,0.0,60,1.0,10,1.0
025_C108,25,C,4,8,OPTIMAL,247.3678,4,4,3,1,0,1.0,247.3678,0.0,0.0,60,1.0,10,1.0
025_C108,25,C,4,9,OPTIMAL,121.9857,4,2,2,0,2,0.5,107.0553,0.0,14.9303,60,1.0,10,1.0
025_C108,25,C,6,0,OPTIMAL,278.6082,6,6,5,1,0,1.0,278.6082,0.0,0.0,60,1.0,10,1.0
025_C108,25,C,6,1,OPTIMAL,162.1996,6,2,2,0,4,0.3333,149.8186,0.0,12.3809,60,1.0,10,1.0
025_C108,25,C,6,2,OPTIMAL,217.033,6,5,4,1,1,0.8333,216.5201,0.0,0.5129,60,1.0,10,1.0
025_C108,25,C,6,3,OPTIMAL,259.2188,6,5,4,1,1,0.8333,259.2042,0.0,0.0146,60,1.0,10,1.0
025_C108,25,C,6,4,OPTIMAL,132.9762,6,3,3,0,3,0.5,113.8239,0.0,19.1523,60,1.0,10,1.0
025_C108,25,C,6,5,OPTIMAL,132.5575,6,3,1,2,3,0.5,113.7515,0.0,18.8059,60,1.0,10,1.0
025_C108,25,C,6,6,OPTIMAL,224.5753,6,5,5,0,1,0.8333,198.7053,0.0,25.8699,60,1.0,10,1.0
025_C108,25,C,6,7,OPTIMAL,152.3084,6,4,3,1,2,0.6667,147.3732,0.0,4.9352,60,1.0,10,1.0
025_C108,25,C,6,8,OPTIMAL,201.1728,6,3,3,0,3,0.5,179.1489,0.0,22.0239,60,1.0,10,1.0
025_C108,25,C,6,9,OPTIMAL,157.3447,6,3,3,0,3,0.5,139.2252,0.0,18.1195,60,1.0,10,1.0
025_C109,25,C,2,0,OPTIMAL,104.5378,2,2,1,1,0,1.0,104.5378,0.0,0.0,60,1.0,10,1.0
025_C109,25,C,2,1,OPTIMAL,118.2617,2,2,2,0,0,1.0,118.2617,0.0,0.0,60,1.0,10,1.0
025_C109,25,C,2,2,OPTIMAL,52.8607,2,1,0,1,1,0.5,42.5368,0.0,10.3239,60,1.0,10,1.0
025_C109,25,C,2,3,OPTIMAL,102.1446,2,2,2,0,0,1.0,102.1446,0.0,0.0,60,1.0,10,1.0
025_C109,25,C,2,4,OPTIMAL,48.3261,2,2,1,1,0,1.0,48.3261,0.0,0.0,60,1.0,10,1.0
025_C109,25,C,2,5,OPTIMAL,107.7244,2,2,2,0,0,1.0,107.7244,0.0,0.0,60,1.0,10,1.0
025_C109,25,C,2,6,OPTIMAL,145.7903,2,2,2,0,0,1.0,145.7903,0.0,0.0,60,1.0,10,1.0
025_C109,25,C,2,7,OPTIMAL,159.8552,2,2,2,0,0,1.0,159.8552,0.0,0.0,60,1.0,10,1.0
025_C109,25,C,2,8,OPTIMAL,70.5727,2,1,1,0,1,0.5,69.8156,0.0,0.757,60,1.0,10,1.0
025_C109,25,C,2,9,OPTIMAL,120.1495,2,2,2,0,0,1.0,120.1495,0.0,0.0,60,1.0,10,1.0
025_C109,25,C,4,0,OPTIMAL,151.0005,4,3,3,0,1,0.75,145.331,0.0,5.6695,60,1.0,10,1.0
025_C109,25,C,4,1,OPTIMAL,266.434,4,4,3,1,0,1.0,266.434,0.0,0.0,60,1.0,10,1.0
025_C109,25,C,4,2,OPTIMAL,118.4507,4,2,2,0,2,0.5,109.4406,0.0,9.0101,60,1.0,10,1.0
025_C109,25,C,4,3,OPTIMAL,154.9093,4,3,2,1,1,0.75,146.092,0.0,8.8174,60,1.0,10,1.0
025_C109,25,C,4,4,OPTIMAL,266.6549,4,4,2,2,0,1.0,266.6549,0.0,0.0,60,1.0,10,1.0
025_C109,25,C,4,5,OPTIMAL,174.5224,4,3,3,0,1,0.75,171.5589,0.0,2.9635,60,1.0,10,1.0
025_C109,25,C,4,6,OPTIMAL,207.1717,4,4,4,0,0,1.0,207.1717,0.0,0.0,60,1.0,10,1.0
025_C109,25,C,4,7,OPTIMAL,126.8575,4,3,2,1,1,0.75,120.3159,0.0,6.5415,60,1.0,10,1.0
025_C109,25,C,4,8,OPTIMAL,247.3678,4,4,3,1,0,1.0,247.3678,0.0,0.0,60,1.0,10,1.0
025_C109,25,C,4,9,OPTIMAL,176.9087,4,4,3,1,0,1.0,176.9087,0.0,0.0,60,1.0,10,1.0
025_C109,25,C,6,0,OPTIMAL,269.651,6,5,5,0,1,0.8333,258.6355,0.0,11.0155,60,1.0,10,1.0
025_C109,25,C,6,1,OPTIMAL,284.9176,6,5,4,1,1,0.8333,283.6963,0.0,1.2213,60,1.0,10,1.0
025_C109,25,C,6,2,OPTIMAL,229.247,6,5,4,1,1,0.8333,216.5201,0.0,12.7269,60,1.0,10,1.0
025_C109,25,C,6,3,OPTIMAL,321.3705,6,6,6,0,0,1.0,321.3705,0.0,0.0,60,1.0,10,1.0
025_C109,25,C,6,4,OPTIMAL,159.7025,6,5,2,3,1,0.8333,154.3444,0.0,5.3581,60,1.0,10,1.0
025_C109,25,C,6,5,OPTIMAL,134.2163,6,4,3,1,2,0.6667,126.5172,0.0,7.699,60,1.0,10,1.0
025_C109,25,C,6,6,OPTIMAL,137.6686,6,4,3,1,2,0.6667,133.6667,0.0,4.0019,60,1.0,10,1.0
025_C109,25,C,6,7,OPTIMAL,229.9522,6,5,3,2,1,0.8333,224.8464,0.0,5.1058,60,1.0,10,1.0
025_C109,25,C,6,8,OPTIMAL,229.7536,6,4,4,0,2,0.6667,215.1541,0.0,14.5995,60,1.0,10,1.0
025_C109,25,C,6,9,OPTIMAL,194.3835,6,5,2,3,1,0.8333,194.36,0.0,0.0235,60,1.0,10,1.0
025_C201,25,C,2,0,OPTIMAL,138.3366,2,2,2,0,0,1.0,138.3366,0.0,0.0,60,1.0,10,1.0
025_C201,25,C,2,1,OPTIMAL,79.1897,2,2,2,0,0,1.0,79.1897,0.0,0.0,60,1.0,10,1.0
025_C201,25,C,2,2,OPTIMAL,160.9978,2,2,2,0,0,1.0,160.9978,0.0,0.0,60,1.0,10,1.0
025_C201,25,C,2,3,OPTIMAL,126.8632,2,2,2,0,0,1.0,126.8632,0.0,0.0,60,1.0,10,1.0
025_C201,25,C,2,4,OPTIMAL,96.6553,2,2,2,0,0,1.0,96.6553,0.0,0.0,60,1.0,10,1.0
025_C201,25,C,2,5,OPTIMAL,151.8007,2,2,2,0,0,1.0,151.8007,0.0,0.0,60,1.0,10,1.0
025_C201,25,C,2,6,OPTIMAL,79.0127,2,1,1,0,1,0.5,73.5261,0.0,5.4866,60,1.0,10,1.0
025_C201,25,C,2,7,OPTIMAL,153.2317,2,2,2,0,0,1.0,153.2317,0.0,0.0,60,1.0,10,1.0
025_C201,25,C,2,8,OPTIMAL,56.4063,2,2,2,0,0,1.0,56.4063,0.0,0.0,60,1.0,10,1.0
025_C201,25,C,2,9,OPTIMAL,32.3715,2,1,1,0,1,0.5,25.895,0.0,6.4765,60,1.0,10,1.0
025_C201,25,C,4,0,OPTIMAL,196.7012,4,4,4,0,0,1.0,196.7012,0.0,0.0,60,1.0,10,1.0
025_C201,25,C,4,1,OPTIMAL,162.1846,4,4,4,0,0,1.0,162.1846,0.0,0.0,60,1.0,10,1.0
025_C201,25,C,4,2,OPTIMAL,194.9044,4,4,4,0,0,1.0,194.9044,0.0,0.0,60,1.0,10,1.0
025_C201,25,C,4,3,OPTIMAL,206.4287,4,4,4,0,0,1.0,206.4287,0.0,0.0,60,1.0,10,1.0
025_C201,25,C,4,4,OPTIMAL,213.4287,4,4,4,0,0,1.0,213.4287,0.0,0.0,60,1.0,10,1.0
025_C201,25,C,4,5,OPTIMAL,144.6484,4,3,3,0,1,0.75,144.5899,0.0,0.0585,60,1.0,10,1.0
025_C201,25,C,4,6,OPTIMAL,159.796,4,3,3,0,1,0.75,158.1079,0.0,1.6881,60,1.0,10,1.0
025_C201,25,C,4,7,OPTIMAL,249.6248,4,4,4,0,0,1.0,249.6248,0.0,0.0,60,1.0,10,1.0
025_C201,25,C,4,8,OPTIMAL,211.6835,4,3,3,0,1,0.75,188.6616,0.0,23.0218,60,1.0,10,1.0
025_C201,25,C,4,9,OPTIMAL,208.9429,4,4,4,0,0,1.0,208.9429,0.0,0.0,60,1.0,10,1.0
025_C201,25,C,6,0,OPTIMAL,310.0379,6,5,5,0,1,0.8333,303.9814,0.0,6.0565,60,1.0,10,1.0
025_C201,25,C,6,1,OPTIMAL,347.2673,6,6,6,0,0,1.0,347.2673,0.0,0.0,60,1.0,10,1.0
025_C201,25,C,6,2,OPTIMAL,318.65,6,6,6,0,0,1.0,318.65,0.0,0.0,60,1.0,10,1.0
025_C201,25,C,6,3,OPTIMAL,278.1927,6,6,6,0,0,1.0,278.1927,0.0,0.0,60,1.0,10,1.0
025_C201,25,C,6,4,OPTIMAL,310.749,6,6,6,0,0,1.0,310.749,0.0,0.0,60,1.0,10,1.0
025_C201,25,C,6,5,OPTIMAL,297.5162,6,6,6,0,0,1.0,297.5162,0.0,0.0,60,1.0,10,1.0
025_C201,25,C,6,6,OPTIMAL,258.1745,6,5,5,0,1,0.8333,257.9133,0.0,0.2612,60,1.0,10,1.0
025_C201,25,C,6,7,OPTIMAL,296.2052,6,6,6,0,0,1.0,296.2052,0.0,0.0,60,1.0,10,1.0
025_C201,25,C,6,8,OPTIMAL,295.2059,6,5,5,0,1,0.8333,282.2155,0.0,12.9904,60,1.0,10,1.0
025_C201,25,C,6,9,OPTIMAL,277.992,6,5,5,0,1,0.8333,266.8886,0.0,11.1034,60,1.0,10,1.0
025_C202,25,C,2,0,OPTIMAL,138.3366,2,2,2,0,0,1.0,138.3366,0.0,0.0,60,1.0,10,1.0
025_C202,25,C,2,1,OPTIMAL,79.1897,2,2,2,0,0,1.0,79.1897,0.0,0.0,60,1.0,10,1.0
025_C202,25,C,2,2,OPTIMAL,160.9978,2,2,2,0,0,1.0,160.9978,0.0,0.0,60,1.0,10,1.0
025_C202,25,C,2,3,OPTIMAL,126.8632,2,2,2,0,0,1.0,126.8632,0.0,0.0,60,1.0,10,1.0
025_C202,25,C,2,4,OPTIMAL,96.6553,2,2,2,0,0,1.0,96.6553,0.0,0.0,60,1.0,10,1.0
025_C202,25,C,2,5,OPTIMAL,151.8007,2,2,2,0,0,1.0,151.8007,0.0,0.0,60,1.0,10,1.0
025_C202,25,C,2,6,OPTIMAL,79.0127,2,1,1,0,1,0.5,73.5261,0.0,5.4866,60,1.0,10,1.0
025_C202,25,C,2,7,OPTIMAL,153.2317,2,2,2,0,0,1.0,153.2317,0.0,0.0,60,1.0,10,1.0
025_C202,25,C,2,8,OPTIMAL,56.4063,2,2,2,0,0,1.0,56.4063,0.0,0.0,60,1.0,10,1.0
025_C202,25,C,2,9,OPTIMAL,45.6922,2,2,1,1,0,1.0,45.6922,0.0,0.0,60,1.0,10,1.0
025_C202,25,C,4,0,OPTIMAL,196.7012,4,4,4,0,0,1.0,196.7012,0.0,0.0,60,1.0,10,1.0
025_C202,25,C,4,1,OPTIMAL,162.1846,4,4,4,0,0,1.0,162.1846,0.0,0.0,60,1.0,10,1.0
025_C202,25,C,4,2,OPTIMAL,194.9044,4,4,4,0,0,1.0,194.9044,0.0,0.0,60,1.0,10,1.0
025_C202,25,C,4,3,OPTIMAL,206.4287,4,4,4,0,0,1.0,206.4287,0.0,0.0,60,1.0,10,1.0
025_C202,25,C,4,4,OPTIMAL,213.4287,4,4,4,0,0,1.0,213.4287,0.0,0.0,60,1.0,10,1.0
025_C202,25,C,4,5,OPTIMAL,165.62,4,4,3,1,0,1.0,165.62,0.0,0.0,60,1.0,10,1.0
025_C202,25,C,4,6,OPTIMAL,159.796,4,3,3,0,1,0.75,158.1079,0.0,1.6881,60,1.0,10,1.0
025_C202,25,C,4,7,OPTIMAL,249.6248,4,4,4,0,0,1.0,249.6248,0.0,0.0,60,1.0,10,1.0
025_C202,25,C,4,8,OPTIMAL,211.6835,4,3,3,0,1,0.75,188.6616,0.0,23.0218,60,1.0,10,1.0
025_C202,25,C,4,9,OPTIMAL,208.9429,4,4,4,0,0,1.0,208.9429,0.0,0.0,60,1.0,10,1.0
025_C202,25,C,6,0,OPTIMAL,310.0379,6,5,5,0,1,0.8333,303.9814,0.0,6.0565,60,1.0,10,1.0
025_C202,25,C,6,1,OPTIMAL,347.2673,6,6,6,0,0,1.0,347.2673,0.0,0.0,60,1.0,10,1.0
025_C202,25,C,6,2,OPTIMAL,318.65,6,6,6,0,0,1.0,318.65,0.0,0.0,60,1.0,10,1.0
025_C202,25,C,6,3,OPTIMAL,278.1927,6,6,6,0,0,1.0,278.1927,0.0,0.0,60,1.0,10,1.0
025_C202,25,C,6,4,OPTIMAL,310.749,6,6,6,0,0,1.0,310.749,0.0,0.0,60,1.0,10,1.0
025_C202,25,C,6,5,OPTIMAL,297.5162,6,6,6,0,0,1.0,297.5162,0.0,0.0,60,1.0,10,1.0
025_C202,25,C,6,6,OPTIMAL,258.1745,6,5,5,0,1,0.8333,257.9133,0.0,0.2612,60,1.0,10,1.0
025_C202,25,C,6,7,OPTIMAL,296.2052,6,6,6,0,0,1.0,296.2052,0.0,0.0,60,1.0,10,1.0
025_C202,25,C,6,8,OPTIMAL,301.1599,6,6,6,0,0,1.0,301.1599,0.0,0.0,60,1.0,10,1.0
025_C202,25,C,6,9,OPTIMAL,299.0909,6,6,5,1,0,1.0,299.0909,0.0,0.0,60,1.0,10,1.0
025_C203,25,C,2,0,OPTIMAL,138.3366,2,2,2,0,0,1.0,138.3366,0.0,0.0,60,1.0,10,1.0
025_C203,25,C,2,1,OPTIMAL,79.1897,2,2,2,0,0,1.0,79.1897,0.0,0.0,60,1.0,10,1.0
025_C203,25,C,2,2,OPTIMAL,160.9978,2,2,2,0,0,1.0,160.9978,0.0,0.0,60,1.0,10,1.0
025_C203,25,C,2,3,OPTIMAL,126.8632,2,2,2,0,0,1.0,126.8632,0.0,0.0,60,1.0,10,1.0
025_C203,25,C,2,4,OPTIMAL,96.6553,2,2,2,0,0,1.0,96.6553,0.0,0.0,60,1.0,10,1.0
025_C203,25,C,2,5,OPTIMAL,151.8007,2,2,2,0,0,1.0,151.8007,0.0,0.0,60,1.0,10,1.0
025_C203,25,C,2,6,OPTIMAL,102.9214,2,2,2,0,0,1.0,102.9214,0.0,0.0,60,1.0,10,1.0
025_C203,25,C,2,7,OPTIMAL,153.2317,2,2,2,0,0,1.0,153.2317,0.0,0.0,60,1.0,10,1.0
025_C203,25,C,2,8,OPTIMAL,56.4063,2,2,2,0,0,1.0,56.4063,0.0,0.0,60,1.0,10,1.0
025_C203,25,C,2,9,OPTIMAL,45.6922,2,2,1,1,0,1.0,45.6922,0.0,0.0,60,1.0,10,1.0
025_C203,25,C,4,0,OPTIMAL,196.7012,4,4,4,0,0,1.0,196.7012,0.0,0.0,60,1.0,10,1.0
025_C203,25,C,4,1,OPTIMAL,162.1846,4,4,4,0,0,1.0,162.1846,0.0,0.0,60,1.0,10,1.0
025_C203,25,C,4,2,OPTIMAL,194.9044,4,4,4,0,0,1.0,194.9044,0.0,0.0,60,1.0,10,1.0
025_C203,25,C,4,3,OPTIMAL,206.4287,4,4,4,0,0,1.0,206.4287,0.0,0.0,60,1.0,10,1.0
025_C203,25,C,4,4,OPTIMAL,213.4287,4,4,4,0,0,1.0,213.4287,0.0,0.0,60,1.0,10,1.0
025_C203,25,C,4,5,OPTIMAL,165.62,4,4,3,1,0,1.0,165.62,0.0,0.0,60,1.0,10,1.0
025_C203,25,C,4,6,OPTIMAL,220.8709,4,4,4,0,0,1.0,220.8709,0.0,0.0,60,1.0,10,1.0
025_C203,25,C,4,7,OPTIMAL,249.6248,4,4,4,0,0,1.0,249.6248,0.0,0.0,60,1.0,10,1.0
025_C203,25,C,4,8,OPTIMAL,249.2316,4,4,3,1,0,1.0,249.2316,0.0,0.0,60,1.0,10,1.0
025_C203,25,C,4,9,OPTIMAL,208.9429,4,4,4,0,0,1.0,208.9429,0.0,0.0,60,1.0,10,1.0
025_C203,25,C,6,0,OPTIMAL,350.1429,6,6,5,1,0,1.0,350.1429,0.0,0.0,60,1.0,10,1.0
025_C203,25,C,6,1,OPTIMAL,347.2673,6,6,6,0,0,1.0,347.2673,0.0,0.0,60,1.0,10,1.0
025_C203,25,C,6,2,OPTIMAL,318.65,6,6,6,0,0,1.0,318.65,0.0,0.0,60,1.0,10,1.0
025_C203,25,C,6,3,OPTIMAL,278.1927,6,6,6,0,0,1.0,278.1927,0.0,0.0,60,1.0,10,1.0
025_C203,25,C,6,4,OPTIMAL,310.749,6,6,6,0,0,1.0,310.749,0.0,0.0,60,1.0,10,1.0
025_C203,25,C,6,5,OPTIMAL,297.5162,6,6,6,0,0,1.0,297.5162,0.0,0.0,60,1.0,10,1.0
025_C203,25,C,6,6,OPTIMAL,273.6156,6,6,6,0,0,1.0,273.6156,0.0,0.0,60,1.0,10,1.0
025_C203,25,C,6,7,OPTIMAL,296.2052,6,6,6,0,0,1.0,296.2052,0.0,0.0,60,1.0,10,1.0
025_C203,25,C,6,8,OPTIMAL,301.1599,6,6,6,0,0,1.0,301.1599,0.0,0.0,60,1.0,10,1.0
025_C203,25,C,6,9,OPTIMAL,299.0909,6,6,5,1,0,1.0,299.0909,0.0,0.0,60,1.0,10,1.0
025_C204,25,C,2,0,OPTIMAL,138.3366,2,2,2,0,0,1.0,138.3366,0.0,0.0,60,1.0,10,1.0
025_C204,25,C,2,1,OPTIMAL,79.1897,2,2,2,0,0,1.0,79.1897,0.0,0.0,60,1.0,10,1.0
025_C204,25,C,2,2,OPTIMAL,160.9978,2,2,2,0,0,1.0,160.9978,0.0,0.0,60,1.0,10,1.0
025_C204,25,C,2,3,OPTIMAL,126.8632,2,2,2,0,0,1.0,126.8632,0.0,0.0,60,1.0,10,1.0
025_C204,25,C,2,4,OPTIMAL,96.6553,2,2,2,0,0,1.0,96.6553,0.0,0.0,60,1.0,10,1.0
025_C204,25,C,2,5,OPTIMAL,151.8007,2,2,2,0,0,1.0,151.8007,0.0,0.0,60,1.0,10,1.0
025_C204,25,C,2,6,OPTIMAL,102.9214,2,2,2,0,0,1.0,102.9214,0.0,0.0,60,1.0,10,1.0
025_C204,25,C,2,7,OPTIMAL,153.2317,2,2,2,0,0,1.0,153.2317,0.0,0.0,60,1.0,10,1.0
025_C204,25,C,2,8,OPTIMAL,56.4063,2,2,2,0,0,1.0,56.4063,0.0,0.0,60,1.0,10,1.0
025_C204,25,C,2,9,OPTIMAL,45.6922,2,2,1,1,0,1.0,45.6922,0.0,0.0,60,1.0,10,1.0
025_C204,25,C,4,0,OPTIMAL,196.7012,4,4,4,0,0,1.0,196.7012,0.0,0.0,60,1.0,10,1.0
025_C204,25,C,4,1,OPTIMAL,162.1846,4,4,4,0,0,1.0,162.1846,0.0,0.0,60,1.0,10,1.0
025_C204,25,C,4,2,OPTIMAL,194.9044,4,4,4,0,0,1.0,194.9044,0.0,0.0,60,1.0,10,1.0
025_C204,25,C,4,3,OPTIMAL,206.4287,4,4,4,0,0,1.0,206.4287,0.0,0.0,60,1.0,10,1.0
025_C204,25,C,4,4,OPTIMAL,213.4287,4,4,4,0,0,1.0,213.4287,0.0,0.0,60,1.0,10,1.0
025_C204,25,C,4,5,OPTIMAL,165.62,4,4,3,1,0,1.0,165.62,0.0,0.0,60,1.0,10,1.0
025_C204,25,C,4,6,OPTIMAL,220.8709,4,4,4,0,0,1.0,220.8709,0.0,0.0,60,1.0,10,1.0
025_C204,25,C,4,7,OPTIMAL,249.6248,4,4,4,0,0,1.0,249.6248,0.0,0.0,60,1.0,10,1.0
025_C204,25,C,4,8,OPTIMAL,249.2316,4,4,3,1,0,1.0,249.2316,0.0,0.0,60,1.0,10,1.0
025_C204,25,C,4,9,OPTIMAL,208.9429,4,4,4,0,0,1.0,208.9429,0.0,0.0,60,1.0,10,1.0
025_C204,25,C,6,0,OPTIMAL,350.1429,6,6,5,1,0,1.0,350.1429,0.0,0.0,60,1.0,10,1.0
025_C204,25,C,6,1,OPTIMAL,347.2673,6,6,6,0,0,1.0,347.2673,0.0,0.0,60,1.0,10,1.0
025_C204,25,C,6,2,OPTIMAL,318.65,6,6,6,0,0,1.0,318.65,0.0,0.0,60,1.0,10,1.0
025_C204,25,C,6,3,OPTIMAL,278.1927,6,6,6,0,0,1.0,278.1927,0.0,0.0,60,1.0,10,1.0
025_C204,25,C,6,4,OPTIMAL,310.749,6,6,6,0,0,1.0,310.749,0.0,0.0,60,1.0,10,1.0
025_C204,25,C,6,5,OPTIMAL,297.5162,6,6,6,0,0,1.0,297.5162,0.0,0.0,60,1.0,10,1.0
025_C204,25,C,6,6,OPTIMAL,273.6156,6,6,6,0,0,1.0,273.6156,0.0,0.0,60,1.0,10,1.0
025_C204,25,C,6,7,OPTIMAL,296.2052,6,6,6,0,0,1.0,296.2052,0.0,0.0,60,1.0,10,1.0
025_C204,25,C,6,8,OPTIMAL,301.1599,6,6,6,0,0,1.0,301.1599,0.0,0.0,60,1.0,10,1.0
025_C204,25,C,6,9,OPTIMAL,299.0909,6,6,5,1,0,1.0,299.0909,0.0,0.0,60,1.0,10,1.0
025_C205,25,C,2,0,OPTIMAL,138.3366,2,2,2,0,0,1.0,138.3366,0.0,0.0,60,1.0,10,1.0
025_C205,25,C,2,1,OPTIMAL,79.1897,2,2,2,0,0,1.0,79.1897,0.0,0.0,60,1.0,10,1.0
025_C205,25,C,2,2,OPTIMAL,160.9978,2,2,2,0,0,1.0,160.9978,0.0,0.0,60,1.0,10,1.0
025_C205,25,C,2,3,OPTIMAL,126.8632,2,2,2,0,0,1.0,126.8632,0.0,0.0,60,1.0,10,1.0
025_C205,25,C,2,4,OPTIMAL,96.6553,2,2,2,0,0,1.0,96.6553,0.0,0.0,60,1.0,10,1.0
025_C205,25,C,2,5,OPTIMAL,151.8007,2,2,2,0,0,1.0,151.8007,0.0,0.0,60,1.0,10,1.0
025_C205,25,C,2,6,OPTIMAL,102.9214,2,2,2,0,0,1.0,102.9214,0.0,0.0,60,1.0,10,1.0
025_C205,25,C,2,7,OPTIMAL,91.0512,2,1,1,0,1,0.5,75.6019,0.0,15.4493,60,1.0,10,1.0
025_C205,25,C,2,8,OPTIMAL,56.4063,2,2,2,0,0,1.0,56.4063,0.0,0.0,60,1.0,10,1.0
025_C205,25,C,2,9,OPTIMAL,37.1334,2,1,1,0,1,0.5,19.7972,0.0,17.3362,60,1.0,10,1.0
025_C205,25,C,4,0,OPTIMAL,196.7012,4,4,4,0,0,1.0,196.7012,0.0,0.0,60,1.0,10,1.0
025_C205,25,C,4,1,OPTIMAL,117.8994,4,3,3,0,1,0.75,117.3776,0.0,0.5218,60,1.0,10,1.0
025_C205,25,C,4,2,OPTIMAL,194.9044,4,4,4,0,0,1.0,194.9044,0.0,0.0,60,1.0,10,1.0
025_C205,25,C,4,3,OPTIMAL,173.6218,4,3,3,0,1,0.75,169.8404,0.0,3.7813,60,1.0,10,1.0
025_C205,25,C,4,4,OPTIMAL,213.4287,4,4,4,0,0,1.0,213.4287,0.0,0.0,60,1.0,10,1.0
025_C205,25,C,4,5,OPTIMAL,122.2513,4,2,2,0,2,0.5,102.1398,0.0,20.1114,60,1.0,10,1.0
025_C205,25,C,4,6,OPTIMAL,220.8709,4,4,4,0,0,1.0,220.8709,0.0,0.0,60,1.0,10,1.0
025_C205,25,C,4,7,OPTIMAL,249.6248,4,4,4,0,0,1.0,249.6248,0.0,0.0,60,1.0,10,1.0
025_C205,25,C,4,8,OPTIMAL,249.2316,4,4,4,0,0,1.0,249.2316,0.0,0.0,60,1.0,10,1.0
025_C205,25,C,4,9,OPTIMAL,208.9429,4,4,4,0,0,1.0,208.9429,0.0,0.0,60,1.0,10,1.0
025_C205,25,C,6,0,OPTIMAL,319.5823,6,5,5,0,1,0.8333,303.9814,0.0,15.601,60,1.0,10,1.0
025_C205,25,C,6,1,OPTIMAL,347.2673,6,6,6,0,0,1.0,347.2673,0.0,0.0,60,1.0,10,1.0
025_C205,25,C,6,2,OPTIMAL,318.65,6,6,6,0,0,1.0,318.65,0.0,0.0,60,1.0,10,1.0
025_C205,25,C,6,3,OPTIMAL,278.1927,6,6,6,0,0,1.0,278.1927,0.0,0.0,60,1.0,10,1.0
025_C205,25,C,6,4,OPTIMAL,293.7177,6,5,5,0,1,0.8333,291.3864,0.0,2.3313,60,1.0,10,1.0
025_C205,25,C,6,5,OPTIMAL,297.5162,6,6,6,0,0,1.0,297.5162,0.0,0.0,60,1.0,10,1.0
025_C205,25,C,6,6,OPTIMAL,252.4653,6,5,5,0,1,0.8333,246.7282,0.0,5.7371,60,1.0,10,1.0
025_C205,25,C,6,7,OPTIMAL,237.8951,6,5,5,0,1,0.8333,232.7954,0.0,5.0997,60,1.0,10,1.0
025_C205,25,C,6,8,OPTIMAL,301.1599,6,6,6,0,0,1.0,301.1599,0.0,0.0,60,1.0,10,1.0
025_C205,25,C,6,9,OPTIMAL,235.3907,6,4,4,0,2,0.6667,218.5296,0.0,16.8611,60,1.0,10,1.0
025_C206,25,C,2,0,OPTIMAL,138.3366,2,2,2,0,0,1.0,138.3366,0.0,0.0,60,1.0,10,1.0
025_C206,25,C,2,1,OPTIMAL,79.1897,2,2,2,0,0,1.0,79.1897,0.0,0.0,60,1.0,10,1.0
025_C206,25,C,2,2,OPTIMAL,160.9978,2,2,2,0,0,1.0,160.9978,0.0,0.0,60,1.0,10,1.0
025_C206,25,C,2,3,OPTIMAL,126.8632,2,2,2,0,0,1.0,126.8632,0.0,0.0,60,1.0,10,1.0
025_C206,25,C,2,4,OPTIMAL,96.6553,2,2,2,0,0,1.0,96.6553,0.0,0.0,60,1.0,10,1.0
025_C206,25,C,2,5,OPTIMAL,151.8007,2,2,2,0,0,1.0,151.8007,0.0,0.0,60,1.0,10,1.0
025_C206,25,C,2,6,OPTIMAL,81.9983,2,1,1,0,1,0.5,73.5261,0.0,8.4722,60,1.0,10,1.0
025_C206,25,C,2,7,OPTIMAL,153.2317,2,2,2,0,0,1.0,153.2317,0.0,0.0,60,1.0,10,1.0
025_C206,25,C,2,8,OPTIMAL,56.4063,2,2,2,0,0,1.0,56.4063,0.0,0.0,60,1.0,10,1.0
025_C206,25,C,2,9,OPTIMAL,45.6922,2,2,2,0,0,1.0,45.6922,0.0,0.0,60,1.0,10,1.0
025_C206,25,C,4,0,OPTIMAL,196.7012,4,4,4,0,0,1.0,196.7012,0.0,0.0,60,1.0,10,1.0
025_C206,25,C,4,1,OPTIMAL,118.2812,4,3,3,0,1,0.75,117.3776,0.0,0.9036,60,1.0,10,1.0
025_C206,25,C,4,2,OPTIMAL,194.9044,4,4,4,0,0,1.0,194.9044,0.0,0.0,60,1.0,10,1.0
025_C206,25,C,4,3,OPTIMAL,206.4287,4,4,4,0,0,1.0,206.4287,0.0,0.0,60,1.0,10,1.0
025_C206,25,C,4,4,OPTIMAL,213.4287,4,4,4,0,0,1.0,213.4287,0.0,0.0,60,1.0,10,1.0
025_C206,25,C,4,5,OPTIMAL,165.62,4,4,4,0,0,1.0,165.62,0.0,0.0,60,1.0,10,1.0
025_C206,25,C,4,6,OPTIMAL,220.8709,4,4,4,0,0,1.0,220.8709,0.0,0.0,60,1.0,10,1.0
025_C206,25,C,4,7,OPTIMAL,203.4422,4,3,3,0,1,0.75,202.2401,0.0,1.2021,60,1.0,10,1.0
025_C206,25,C,4,8,OPTIMAL,249.2316,4,4,4,0,0,1.0,249.2316,0.0,0.0,60,1.0,10,1.0
025_C206,25,C,4,9,OPTIMAL,184.5977,4,3,3,0,1,0.75,179.9692,0.0,4.6284,60,1.0,10,1.0
025_C206,25,C,6,0,OPTIMAL,319.5823,6,5,5,0,1,0.8333,303.9814,0.0,15.601,60,1.0,10,1.0
025_C206,25,C,6,1,OPTIMAL,347.2673,6,6,6,0,0,1.0,347.2673,0.0,0.0,60,1.0,10,1.0
025_C206,25,C,6,2,OPTIMAL,318.65,6,6,6,0,0,1.0,318.65,0.0,0.0,60,1.0,10,1.0
025_C206,25,C,6,3,OPTIMAL,228.3529,6,5,5,0,1,0.8333,228.0637,0.0,0.2892,60,1.0,10,1.0
025_C206,25,C,6,4,OPTIMAL,310.749,6,6,6,0,0,1.0,310.749,0.0,0.0,60,1.0,10,1.0
025_C206,25,C,6,5,OPTIMAL,297.5162,6,6,6,0,0,1.0,297.5162,0.0,0.0,60,1.0,10,1.0
025_C206,25,C,6,6,OPTIMAL,273.6156,6,6,6,0,0,1.0,273.6156,0.0,0.0,60,1.0,10,1.0
025_C206,25,C,6,7,OPTIMAL,296.2052,6,6,6,0,0,1.0,296.2052,0.0,0.0,60,1.0,10,1.0
025_C206,25,C,6,8,OPTIMAL,284.2623,6,5,5,0,1,0.8333,282.2155,0.0,2.0468,60,1.0,10,1.0
025_C206,25,C,6,9,OPTIMAL,250.9787,6,5,5,0,1,0.8333,250.7319,0.0,0.2467,60,1.0,10,1.0
025_C207,25,C,2,0,OPTIMAL,138.3366,2,2,2,0,0,1.0,138.3366,0.0,0.0,60,1.0,10,1.0
025_C207,25,C,2,1,OPTIMAL,56.8778,2,1,1,0,1,0.5,49.6955,0.0,7.1823,60,1.0,10,1.0
025_C207,25,C,2,2,OPTIMAL,160.9978,2,2,2,0,0,1.0,160.9978,0.0,0.0,60,1.0,10,1.0
025_C207,25,C,2,3,OPTIMAL,126.8632,2,2,2,0,0,1.0,126.8632,0.0,0.0,60,1.0,10,1.0
025_C207,25,C,2,4,OPTIMAL,67.044,2,1,1,0,1,0.5,55.2034,0.0,11.8406,60,1.0,10,1.0
025_C207,25,C,2,5,OPTIMAL,151.8007,2,2,2,0,0,1.0,151.8007,0.0,0.0,60,1.0,10,1.0
025_C207,25,C,2,6,OPTIMAL,102.9214,2,2,2,0,0,1.0,102.9214,0.0,0.0,60,1.0,10,1.0
025_C207,25,C,2,7,OPTIMAL,153.2317,2,2,2,0,0,1.0,153.2317,0.0,0.0,60,1.0,10,1.0
025_C207,25,C,2,8,OPTIMAL,56.4063,2,2,2,0,0,1.0,56.4063,0.0,0.0,60,1.0,10,1.0
025_C207,25,C,2,9,OPTIMAL,45.6922,2,2,2,0,0,1.0,45.6922,0.0,0.0,60,1.0,10,1.0
025_C207,25,C,4,0,OPTIMAL,196.7012,4,4,4,0,0,1.0,196.7012,0.0,0.0,60,1.0,10,1.0
025_C207,25,C,4,1,OPTIMAL,117.5481,4,3,3,0,1,0.75,117.3776,0.0,0.1705,60,1.0,10,1.0
025_C207,25,C,4,2,OPTIMAL,180.1444,4,3,3,0,1,0.75,159.8397,0.0,20.3046,60,1.0,10,1.0
025_C207,25,C,4,3,OPTIMAL,179.4763,4,3,3,0,1,0.75,170.2825,0.0,9.1938,60,1.0,10,1.0
025_C207,25,C,4,4,OPTIMAL,213.4287,4,4,4,0,0,1.0,213.4287,0.0,0.0,60,1.0,10,1.0
025_C207,25,C,4,5,OPTIMAL,165.62,4,4,4,0,0,1.0,165.62,0.0,0.0,60,1.0,10,1.0
025_C207,25,C,4,6,OPTIMAL,220.8709,4,4,4,0,0,1.0,220.8709,0.0,0.0,60,1.0,10,1.0
025_C207,25,C,4,7,OPTIMAL,204.6632,4,3,3,0,1,0.75,202.2401,0.0,2.4232,60,1.0,10,1.0
025_C207,25,C,4,8,OPTIMAL,249.2316,4,4,4,0,0,1.0,249.2316,0.0,0.0,60,1.0,10,1.0
025_C207,25,C,4,9,OPTIMAL,125.2151,4,2,2,0,2,0.5,115.2246,0.0,9.9905,60,1.0,10,1.0
025_C207,25,C,6,0,OPTIMAL,350.1429,6,6,6,0,0,1.0,350.1429,0.0,0.0,60,1.0,10,1.0
025_C207,25,C,6,1,OPTIMAL,347.2673,6,6,5,1,0,1.0,347.2673,0.0,0.0,60,1.0,10,1.0
025_C207,25,C,6,2,OPTIMAL,307.6653,6,5,5,0,1,0.8333,296.3307,0.0,11.3346,60,1.0,10,1.0
025_C207,25,C,6,3,OPTIMAL,278.1927,6,6,5,1,0,1.0,278.1927,0.0,0.0,60,1.0,10,1.0
025_C207,25,C,6,4,OPTIMAL,310.749,6,6,5,1,0,1.0,310.749,0.0,0.0,60,1.0,10,1.0
025_C207,25,C,6,5,OPTIMAL,297.5162,6,6,6,0,0,1.0,297.5162,0.0,0.0,60,1.0,10,1.0
025_C207,25,C,6,6,OPTIMAL,273.6156,6,6,5,1,0,1.0,273.6156,0.0,0.0,60,1.0,10,1.0
025_C207,25,C,6,7,OPTIMAL,229.6322,6,5,5,0,1,0.8333,222.3982,0.0,7.2339,60,1.0,10,1.0
025_C207,25,C,6,8,OPTIMAL,295.2059,6,5,4,1,1,0.8333,282.2155,0.0,12.9904,60,1.0,10,1.0
025_C207,25,C,6,9,OPTIMAL,272.8674,6,5,5,0,1,0.8333,272.0054,0.0,0.862,60,1.0,10,1.0
025_C208,25,C,2,0,OPTIMAL,138.3366,2,2,2,0,0,1.0,138.3366,0.0,0.0,60,1.0,10,1.0
025_C208,25,C,2,1,OPTIMAL,79.1897,2,2,2,0,0,1.0,79.1897,0.0,0.0,60,1.0,10,1.0
025_C208,25,C,2,2,OPTIMAL,160.9978,2,2,2,0,0,1.0,160.9978,0.0,0.0,60,1.0,10,1.0
025_C208,25,C,2,3,OPTIMAL,126.8632,2,2,2,0,0,1.0,126.8632,0.0,0.0,60,1.0,10,1.0
025_C208,25,C,2,4,OPTIMAL,96.6553,2,2,2,0,0,1.0,96.6553,0.0,0.0,60,1.0,10,1.0
025_C208,25,C,2,5,OPTIMAL,151.8007,2,2,2,0,0,1.0,151.8007,0.0,0.0,60,1.0,10,1.0
025_C208,25,C,2,6,OPTIMAL,102.9214,2,2,2,0,0,1.0,102.9214,0.0,0.0,60,1.0,10,1.0
025_C208,25,C,2,7,OPTIMAL,153.2317,2,2,2,0,0,1.0,153.2317,0.0,0.0,60,1.0,10,1.0
025_C208,25,C,2,8,OPTIMAL,56.4063,2,2,2,0,0,1.0,56.4063,0.0,0.0,60,1.0,10,1.0
025_C208,25,C,2,9,OPTIMAL,45.6922,2,2,2,0,0,1.0,45.6922,0.0,0.0,60,1.0,10,1.0
025_C208,25,C,4,0,OPTIMAL,128.2506,4,3,2,1,1,0.75,118.0952,0.0,10.1554,60,1.0,10,1.0
025_C208,25,C,4,1,OPTIMAL,162.1846,4,4,4,0,0,1.0,162.1846,0.0,0.0,60,1.0,10,1.0
025_C208,25,C,4,2,OPTIMAL,164.9031,4,3,3,0,1,0.75,151.6602,0.0,13.2429,60,1.0,10,1.0
025_C208,25,C,4,3,OPTIMAL,206.4287,4,4,4,0,0,1.0,206.4287,0.0,0.0,60,1.0,10,1.0
025_C208,25,C,4,4,OPTIMAL,213.4287,4,4,4,0,0,1.0,213.4287,0.0,0.0,60,1.0,10,1.0
025_C208,25,C,4,5,OPTIMAL,165.62,4,4,4,0,0,1.0,165.62,0.0,0.0,60,1.0,10,1.0
025_C208,25,C,4,6,OPTIMAL,199.8668,4,3,3,0,1,0.75,197.31,0.0,2.5568,60,1.0,10,1.0
025_C208,25,C,4,7,OPTIMAL,204.8109,4,3,3,0,1,0.75,202.2401,0.0,2.5708,60,1.0,10,1.0
025_C208,25,C,4,8,OPTIMAL,249.2316,4,4,4,0,0,1.0,249.2316,0.0,0.0,60,1.0,10,1.0
025_C208,25,C,4,9,OPTIMAL,208.9429,4,4,3,1,0,1.0,208.9429,0.0,0.0,60,1.0,10,1.0
025_C208,25,C,6,0,OPTIMAL,350.1429,6,6,6,0,0,1.0,350.1429,0.0,0.0,60,1.0,10,1.0
025_C208,25,C,6,1,OPTIMAL,245.246,6,4,4,0,2,0.6667,240.8421,0.0,4.4039,60,1.0,10,1.0
025_C208,25,C,6,2,OPTIMAL,318.65,6,6,6,0,0,1.0,318.65,0.0,0.0,60,1.0,10,1.0
025_C208,25,C,6,3,OPTIMAL,256.9844,6,5,5,0,1,0.8333,253.8442,0.0,3.1401,60,1.0,10,1.0
025_C208,25,C,6,4,OPTIMAL,234.8002,6,4,4,0,2,0.6667,217.0586,0.0,17.7416,60,1.0,10,1.0
025_C208,25,C,6,5,OPTIMAL,264.7327,6,5,5,0,1,0.8333,255.8035,0.0,8.9292,60,1.0,10,1.0
025_C208,25,C,6,6,OPTIMAL,235.4303,6,5,5,0,1,0.8333,228.4589,0.0,6.9714,60,1.0,10,1.0
025_C208,25,C,6,7,OPTIMAL,296.2052,6,6,6,0,0,1.0,296.2052,0.0,0.0,60,1.0,10,1.0
025_C208,25,C,6,8,OPTIMAL,301.1599,6,6,6,0,0,1.0,301.1599,0.0,0.0,60,1.0,10,1.0
025_C208,25,C,6,9,OPTIMAL,254.1673,6,5,5,0,1,0.8333,251.0755,0.0,3.0918,60,1.0,10,1.0
025_R101,25,R,2,0,OPTIMAL,3.9376,2,0,0,0,2,0.0,0.0,0.0,3.9376,60,1.0,10,1.0
025_R101,25,R,2,1,OPTIMAL,56.4974,2,1,1,0,1,0.5,48.266,0.0,8.2314,60,1.0,10,1.0
025_R101,25,R,2,2,OPTIMAL,127.9567,2,2,1,1,0,1.0,127.9567,0.0,0.0,60,1.0,10,1.0
025_R101,25,R,2,3,OPTIMAL,115.3998,2,2,2,0,0,1.0,115.3998,0.0,0.0,60,1.0,10,1.0
025_R101,25,R,2,4,OPTIMAL,0.2807,2,0,0,0,2,0.0,0.0,0.0,0.2807,60,1.0,10,1.0
025_R101,25,R,2,5,OPTIMAL,61.5695,2,1,1,0,1,0.5,60.7305,0.0,0.839,60,1.0,10,1.0
025_R101,25,R,2,6,OPTIMAL,129.447,2,2,2,0,0,1.0,129.447,0.0,0.0,60,1.0,10,1.0
025_R101,25,R,2,7,OPTIMAL,57.2959,2,1,1,0,1,0.5,55.4358,0.0,1.8601,60,1.0,10,1.0
025_R101,25,R,2,8,OPTIMAL,23.2414,2,0,0,0,2,0.0,0.0,0.0,23.2414,60,1.0,10,1.0
025_R101,25,R,2,9,OPTIMAL,85.2417,2,1,1,0,1,0.5,67.7515,0.0,17.4901,60,1.0,10,1.0
025_R101,25,R,4,0,OPTIMAL,52.3605,4,0,0,0,4,0.0,0.0,0.0,52.3605,60,1.0,10,1.0
025_R101,25,R,4,1,OPTIMAL,183.1998,4,3,3,0,1,0.75,177.6239,0.0,5.5759,60,1.0,10,1.0
025_R101,25,R,4,2,OPTIMAL,149.3388,4,2,2,0,2,0.5,122.3291,0.0,27.0097,60,1.0,10,1.0
025_R101,25,R,4,3,OPTIMAL,172.3884,4,3,3,0,1,0.75,171.7951,0.0,0.5933,60,1.0,10,1.0
025_R101,25,R,4,4,OPTIMAL,252.814,4,4,4,0,0,1.0,252.814,0.0,0.0,60,1.0,10,1.0
025_R101,25,R,4,5,OPTIMAL,142.28,4,2,2,0,2,0.5,106.7969,0.0,35.4831,60,1.0,10,1.0
025_R101,25,R,4,6,OPTIMAL,68.2234,4,1,1,0,3,0.25,56.1027,0.0,12.1208,60,1.0,10,1.0
025_R101,25,R,4,7,OPTIMAL,187.1797,4,3,2,1,1,0.75,184.2222,0.0,2.9575,60,1.0,10,1.0
025_R101,25,R,4,8,OPTIMAL,157.0857,4,3,2,1,1,0.75,156.3007,0.0,0.7851,60,1.0,10,1.0
025_R101,25,R,4,9,OPTIMAL,154.5702,4,3,3,0,1,0.75,151.9104,0.0,2.6599,60,1.0,10,1.0
025_R101,25,R,6,0,OPTIMAL,222.1736,6,3,2,1,3,0.5,161.4956,8.2702,52.4079,60,1.0,10,1.0
025_R101,25,R,6,1,OPTIMAL,181.669,6,3,2,1,3,0.5,179.306,0.0,2.3631,60,1.0,10,1.0
025_R101,25,R,6,2,OPTIMAL,216.8228,6,3,1,2,3,0.5,165.3782,0.0,51.4446,60,1.0,10,1.0
025_R101,25,R,6,3,OPTIMAL,241.5743,6,4,4,0,2,0.6667,240.0251,0.0,1.5492,60,1.0,10,1.0
025_R101,25,R,6,4,OPTIMAL,127.6126,6,2,2,0,4,0.3333,106.1662,0.0,21.4465,60,1.0,10,1.0
025_R101,25,R,6,5,OPTIMAL,243.5038,6,4,3,1,2,0.6667,236.086,0.0,7.4177,60,1.0,10,1.0
025_R101,25,R,6,6,OPTIMAL,176.1207,6,3,2,1,3,0.5,168.8717,0.0,7.2489,60,1.0,10,1.0
025_R101,25,R,6,7,OPTIMAL,160.1248,6,2,2,0,4,0.3333,126.3071,0.0,33.8177,60,1.0,10,1.0
025_R101,25,R,6,8,OPTIMAL,128.1984,6,2,1,1,4,0.3333,103.7879,0.0,24.4104,60,1.0,10,1.0
025_R101,25,R,6,9,OPTIMAL,203.3822,6,3,3,0,3,0.5,194.9469,0.0,8.4353,60,1.0,10,1.0
025_R102,25,R,2,0,OPTIMAL,4.9634,2,0,0,0,2,0.0,0.0,0.0,4.9634,60,1.0,10,1.0
025_R102,25,R,2,1,OPTIMAL,56.4974,2,1,1,0,1,0.5,48.266,0.0,8.2314,60,1.0,10,1.0
025_R102,25,R,2,2,OPTIMAL,127.9567,2,2,2,0,0,1.0,127.9567,0.0,0.0,60,1.0,10,1.0
025_R102,25,R,2,3,OPTIMAL,88.8395,2,1,1,0,1,0.5,61.8879,0.0,26.9517,60,1.0,10,1.0
025_R102,25,R,2,4,OPTIMAL,0.2807,2,0,0,0,2,0.0,0.0,0.0,0.2807,60,1.0,10,1.0
025_R102,25,R,2,5,OPTIMAL,61.5695,2,1,1,0,1,0.5,60.7305,0.0,0.839,60,1.0,10,1.0
025_R102,25,R,2,6,OPTIMAL,129.447,2,2,1,1,0,1.0,129.447,0.0,0.0,60,1.0,10,1.0
025_R102,25,R,2,7,OPTIMAL,58.2837,2,1,1,0,1,0.5,55.4358,0.0,2.8479,60,1.0,10,1.0
025_R102,25,R,2,8,OPTIMAL,19.7674,2,0,0,0,2,0.0,0.0,0.0,19.7674,60,1.0,10,1.0
025_R102,25,R,2,9,OPTIMAL,85.2417,2,1,1,0,1,0.5,67.7515,0.0,17.4901,60,1.0,10,1.0
025_R102,25,R,4,0,OPTIMAL,99.9274,4,1,1,0,3,0.25,56.1936,0.0,43.7339,60,1.0,10,1.0
025_R102,25,R,4,1,OPTIMAL,188.3957,4,3,3,0,1,0.75,177.6239,0.0,10.7719,60,1.0,10,1.0
025_R102,25,R,4,2,OPTIMAL,166.237,4,2,1,1,2,0.5,122.046,12.0009,32.19,60,1.0,10,1.0
025_R102,25,R,4,3,OPTIMAL,146.3774,4,2,2,0,2,0.5,118.8518,0.0,27.5257,60,1.0,10,1.0
025_R102,25,R,4,4,OPTIMAL,190.383,4,3,2,1,1,0.75,182.5485,0.0,7.8344,60,1.0,10,1.0
025_R102,25,R,4,5,OPTIMAL,134.4846,4,2,2,0,2,0.5,106.7969,0.0,27.6877,60,1.0,10,1.0
025_R102,25,R,4,6,OPTIMAL,65.3095,4,1,1,0,3,0.25,56.1027,0.0,9.2069,60,1.0,10,1.0
025_R102,25,R,4,7,OPTIMAL,187.1797,4,3,3,0,1,0.75,184.2222,0.0,2.9575,60,1.0,10,1.0
025_R102,25,R,4,8,OPTIMAL,152.4402,4,2,2,0,2,0.5,105.9918,0.0,46.4483,60,1.0,10,1.0
025_R102,25,R,4,9,OPTIMAL,134.1501,4,2,2,0,2,0.5,109.0744,0.0,25.0757,60,1.0,10,1.0
025_R102,25,R,6,0,OPTIMAL,192.0721,6,3,3,0,3,0.5,147.6221,0.0,44.45,60,1.0,10,1.0
025_R102,25,R,6,1,OPTIMAL,172.0634,6,3,2,1,3,0.5,154.2719,0.0,17.7916,60,1.0,10,1.0
025_R102,25,R,6,2,OPTIMAL,216.3101,6,3,3,0,3,0.5,155.8578,0.0,60.4523,60,1.0,10,1.0
025_R102,25,R,6,3,OPTIMAL,241.5743,6,4,4,0,2,0.6667,240.0251,0.0,1.5492,60,1.0,10,1.0
025_R102,25,R,6,4,OPTIMAL,124.6843,6,2,2,0,4,0.3333,106.1662,0.0,18.5182,60,1.0,10,1.0
025_R102,25,R,6,5,OPTIMAL,244.3347,6,4,4,0,2,0.6667,236.086,0.0,8.2486,60,1.0,10,1.0
025_R102,25,R,6,6,OPTIMAL,88.3653,6,1,0,1,5,0.1667,67.4757,0.0,20.8896,60,1.0,10,1.0
025_R102,25,R,6,7,OPTIMAL,153.0167,6,2,1,1,4,0.3333,126.3071,0.0,26.7096,60,1.0,10,1.0
025_R102,25,R,6,8,OPTIMAL,127.0735,6,2,2,0,4,0.3333,100.5385,0.0,26.5349,60,1.0,10,1.0
025_R102,25,R,6,9,OPTIMAL,161.8217,6,2,2,0,4,0.3333,129.8709,0.0,31.9508,60,1.0,10,1.0
025_R103,25,R,2,0,OPTIMAL,3.9376,2,0,0,0,2,0.0,0.0,0.0,3.9376,60,1.0,10,1.0
025_R103,25,R,2,1,OPTIMAL,56.4974,2,1,1,0,1,0.5,48.266,0.0,8.2314,60,1.0,10,1.0
025_R103,25,R,2,2,OPTIMAL,127.9567,2,2,2,0,0,1.0,127.9567,0.0,0.0,60,1.0,10,1.0
025_R103,25,R,2,3,OPTIMAL,85.0411,2,1,1,0,1,0.5,61.8879,0.0,23.1532,60,1.0,10,1.0
025_R103,25,R,2,4,OPTIMAL,5.3544,2,0,0,0,2,0.0,0.0,0.0,5.3544,60,1.0,10,1.0
025_R103,25,R,2,5,OPTIMAL,61.5695,2,1,1,0,1,0.5,60.7305,0.0,0.839,60,1.0,10,1.0
025_R103,25,R,2,6,OPTIMAL,23.5999,2,0,0,0,2,0.0,0.0,0.0,23.5999,60,1.0,10,1.0
025_R103,25,R,2,7,OPTIMAL,58.2837,2,1,1,0,1,0.5,55.4358,0.0,2.8479,60,1.0,10,1.0
025_R103,25,R,2,8,OPTIMAL,71.2756,2,1,1,0,1,0.5,65.1413,0.0,6.1344,60,1.0,10,1.0
025_R103,25,R,2,9,OPTIMAL,85.2417,2,1,1,0,1,0.5,67.7515,0.0,17.4901,60,1.0,10,1.0
025_R103,25,R,4,0,OPTIMAL,139.1139,4,2,1,1,2,0.5,119.0938,0.0,20.0201,60,1.0,10,1.0
025_R103,25,R,4,1,OPTIMAL,125.3003,4,2,2,0,2,0.5,114.2225,0.0,11.0778,60,1.0,10,1.0
025_R103,25,R,4,2,OPTIMAL,140.6021,4,1,1,0,3,0.25,68.0789,0.0,72.5232,60,1.0,10,1.0
025_R103,25,R,4,3,OPTIMAL,157.3476,4,2,2,0,2,0.5,118.8518,0.0,38.4959,60,1.0,10,1.0
025_R103,25,R,4,4,OPTIMAL,186.4658,4,3,2,1,1,0.75,182.5485,0.0,3.9172,60,1.0,10,1.0
025_R103,25,R,4,5,OPTIMAL,173.6616,4,3,3,0,1,0.75,169.415,0.0,4.2466,60,1.0,10,1.0
025_R103,25,R,4,6,OPTIMAL,64.2548,4,1,1,0,3,0.25,56.1027,0.0,8.1521,60,1.0,10,1.0
025_R103,25,R,4,7,OPTIMAL,187.1797,4,3,3,0,1,0.75,184.2222,0.0,2.9575,60,1.0,10,1.0
025_R103,25,R,4,8,OPTIMAL,157.0857,4,3,2,1,1,0.75,156.3007,0.0,0.7851,60,1.0,10,1.0
025_R103,25,R,4,9,OPTIMAL,109.2674,4,2,2,0,2,0.5,109.0744,0.0,0.193,60,1.0,10,1.0
025_R103,25,R,6,0,OPTIMAL,279.9547,6,5,5,0,1,0.8333,267.5332,0.0,12.4215,60,1.0,10,1.0
025_R103,25,R,6,1,OPTIMAL,173.2644,6,3,1,2,3,0.5,154.2719,0.0,18.9926,60,1.0,10,1.0
025_R103,25,R,6,2,OPTIMAL,251.7176,6,3,2,1,3,0.5,156.5331,0.0,95.1845,60,1.0,10,1.0
025_R103,25,R,6,3,OPTIMAL,208.6536,6,3,3,0,3,0.5,170.0216,4.5634,34.0686,60,1.0,10,1.0
025_R103,25,R,6,4,OPTIMAL,130.796,6,2,2,0,4,0.3333,106.1662,0.0,24.6298,60,1.0,10,1.0
025_R103,25,R,6,5,OPTIMAL,277.6867,6,5,5,0,1,0.8333,275.1046,0.0,2.5821,60,1.0,10,1.0
025_R103,25,R,6,6,OPTIMAL,206.2953,6,3,3,0,3,0.5,200.6938,0.0,5.6015,60,1.0,10,1.0
025_R103,25,R,6,7,OPTIMAL,157.0706,6,2,2,0,4,0.3333,133.601,0.0,23.4696,60,1.0,10,1.0
025_R103,25,R,6,8,OPTIMAL,186.9446,6,3,3,0,3,0.5,166.7496,0.0,20.195,60,1.0,10,1.0
025_R103,25,R,6,9,OPTIMAL,161.8217,6,2,2,0,4,0.3333,129.8709,0.0,31.9508,60,1.0,10,1.0
025_R104,25,R,2,0,OPTIMAL,42.5714,2,1,1,0,1,0.5,39.7686,0.0,2.8028,60,1.0,10,1.0
025_R104,25,R,2,1,OPTIMAL,70.7083,2,1,1,0,1,0.5,53.7578,0.0,16.9505,60,1.0,10,1.0
025_R104,25,R,2,2,OPTIMAL,69.3073,2,1,1,0,1,0.5,68.2332,0.0,1.0741,60,1.0,10,1.0
025_R104,25,R,2,3,OPTIMAL,62.3308,2,1,1,0,1,0.5,61.8879,0.0,0.443,60,1.0,10,1.0
025_R104,25,R,2,4,OPTIMAL,29.3814,2,1,1,0,1,0.5,29.2516,0.0,0.1297,60,1.0,10,1.0
025_R104,25,R,2,5,OPTIMAL,61.5695,2,1,1,0,1,0.5,60.7305,0.0,0.839,60,1.0,10,1.0
025_R104,25,R,2,6,OPTIMAL,129.447,2,2,2,0,0,1.0,129.447,0.0,0.0,60,1.0,10,1.0
025_R104,25,R,2,7,OPTIMAL,2.8581,2,0,0,0,2,0.0,0.0,0.0,2.8581,60,1.0,10,1.0
025_R104,25,R,2,8,OPTIMAL,92.8054,2,2,2,0,0,1.0,92.8054,0.0,0.0,60,1.0,10,1.0
025_R104,25,R,2,9,OPTIMAL,93.4805,2,2,2,0,0,1.0,93.4805,0.0,0.0,60,1.0,10,1.0
025_R104,25,R,4,0,OPTIMAL,94.9085,4,1,1,0,3,0.25,39.214,4.5306,51.164,60,1.0,10,1.0
025_R104,25,R,4,1,OPTIMAL,125.4698,4,2,2,0,2,0.5,114.2225,0.0,11.2472,60,1.0,10,1.0
025_R104,25,R,4,2,OPTIMAL,155.481,4,2,1,1,2,0.5,122.046,0.0,33.4349,60,1.0,10,1.0
025_R104,25,R,4,3,OPTIMAL,192.3704,4,3,3,0,1,0.75,168.8937,0.0,23.4767,60,1.0,10,1.0
025_R104,25,R,4,4,OPTIMAL,178.5595,4,2,1,1,2,0.5,127.5431,0.0,51.0164,60,1.0,10,1.0
025_R104,25,R,4,5,OPTIMAL,170.0253,4,3,3,0,1,0.75,164.6,0.0,5.4253,60,1.0,10,1.0
025_R104,25,R,4,6,OPTIMAL,64.421,4,1,1,0,3,0.25,56.1027,0.0,8.3183,60,1.0,10,1.0
025_R104,25,R,4,7,OPTIMAL,147.1382,4,2,2,0,2,0.5,138.359,0.0,8.7792,60,1.0,10,1.0
025_R104,25,R,4,8,OPTIMAL,150.635,4,3,3,0,1,0.75,118.3555,0.0,32.2795,60,1.0,10,1.0
025_R104,25,R,4,9,OPTIMAL,157.724,4,2,2,0,2,0.5,109.0744,0.0,48.6496,60,1.0,10,1.0
025_R104,25,R,6,0,OPTIMAL,257.4482,6,4,4,0,2,0.6667,226.0593,0.0,31.3889,60,1.0,10,1.0
025_R104,25,R,6,1,OPTIMAL,229.6909,6,4,4,0,2,0.6667,227.5701,0.0,2.1208,60,1.0,10,1.0
025_R104,25,R,6,2,OPTIMAL,257.6062,6,4,4,0,2,0.6667,220.9497,0.0,36.6565,60,1.0,10,1.0
025_R104,25,R,6,3,OPTIMAL,277.9399,6,5,4,1,1,0.8333,277.3239,0.0,0.616,60,1.0,10,1.0
025_R104,25,R,6,4,OPTIMAL,155.2626,6,3,3,0,3,0.5,137.7047,0.0,17.5578,60,1.0,10,1.0
025_R104,25,R,6,5,OPTIMAL,242.5064,6,4,4,0,2,0.6667,208.147,0.0,34.3595,60,1.0,10,1.0
025_R104,25,R,6,6,OPTIMAL,209.2635,6,3,3,0,3,0.5,200.6938,0.0,8.5697,60,1.0,10,1.0
025_R104,25,R,6,7,OPTIMAL,266.635,6,4,4,0,2,0.6667,246.478,0.0,20.157,60,1.0,10,1.0
025_R104,25,R,6,8,OPTIMAL,186.6962,6,3,2,1,3,0.5,145.7467,0.0,40.9495,60,1.0,10,1.0
025_R104,25,R,6,9,OPTIMAL,157.5137,6,2,2,0,4,0.3333,128.7714,0.0,28.7423,60,1.0,10,1.0
025_R105,25,R,2,0,OPTIMAL,25.2862,2,0,0,0,2,0.0,0.0,0.0,25.2862,60,1.0,10,1.0
025_R105,25,R,2,1,OPTIMAL,102.0238,2,2,1,1,0,1.0,102.0238,0.0,0.0,60,1.0,10,1.0
025_R105,25,R,2,2,OPTIMAL,112.0897,2,1,1,0,1,0.5,68.2332,0.0,43.8566,60,1.0,10,1.0
025_R105,25,R,2,3,OPTIMAL,79.3993,2,1,1,0,1,0.5,53.512,0.0,25.8874,60,1.0,10,1.0
025_R105,25,R,2,4,OPTIMAL,70.4453,2,1,1,0,1,0.5,70.3587,0.0,0.0867,60,1.0,10,1.0
025_R105,25,R,2,5,OPTIMAL,132.7645,2,2,2,0,0,1.0,132.7645,0.0,0.0,60,1.0,10,1.0
025_R105,25,R,2,6,OPTIMAL,83.5974,2,1,1,0,1,0.5,64.0257,0.0,19.5716,60,1.0,10,1.0
025_R105,25,R,2,7,OPTIMAL,37.0941,2,0,0,0,2,0.0,0.0,0.0,37.0941,60,1.0,10,1.0
025_R105,25,R,2,8,OPTIMAL,71.2756,2,1,1,0,1,0.5,65.1413,0.0,6.1344,60,1.0,10,1.0
025_R105,25,R,2,9,OPTIMAL,78.5933,2,1,1,0,1,0.5,67.7515,0.0,10.8418,60,1.0,10,1.0
025_R105,25,R,4,0,OPTIMAL,157.3498,4,1,1,0,3,0.25,56.7707,0.0,100.5791,60,1.0,10,1.0
025_R105,25,R,4,1,OPTIMAL,123.6461,4,2,1,1,2,0.5,117.7584,0.0,5.8876,60,1.0,10,1.0
025_R105,25,R,4,2,OPTIMAL,176.2963,4,3,2,1,1,0.75,176.2962,0.0,0.0001,60,1.0,10,1.0
025_R105,25,R,4,3,OPTIMAL,172.3884,4,3,2,1,1,0.75,171.7951,0.0,0.5933,60,1.0,10,1.0
025_R105,25,R,4,4,OPTIMAL,167.2821,4,2,2,0,2,0.5,118.356,0.0,48.926,60,1.0,10,1.0
025_R105,25,R,4,5,OPTIMAL,134.6763,4,1,1,0,3,0.25,68.9628,0.0,65.7135,60,1.0,10,1.0
025_R105,25,R,4,6,OPTIMAL,120.6448,4,2,0,2,2,0.5,83.7764,0.0,36.8684,60,1.0,10,1.0
025_R105,25,R,4,7,OPTIMAL,234.3082,4,3,2,1,1,0.75,212.0836,0.0,22.2246,60,1.0,10,1.0
025_R105,25,R,4,8,OPTIMAL,121.3461,4,1,1,0,3,0.25,68.1535,0.0,53.1926,60,1.0,10,1.0
025_R105,25,R,4,9,OPTIMAL,166.2416,4,2,2,0,2,0.5,88.2918,0.0,77.9498,60,1.0,10,1.0
025_R105,25,R,6,0,OPTIMAL,211.1571,6,3,1,2,3,0.5,175.0746,0.0,36.0824,60,1.0,10,1.0
025_R105,25,R,6,1,OPTIMAL,105.341,6,1,0,1,5,0.1667,55.2784,0.0,50.0626,60,1.0,10,1.0
025_R105,25,R,6,2,OPTIMAL,290.5821,6,5,5,0,1,0.8333,290.575,0.0,0.0071,60,1.0,10,1.0
025_R105,25,R,6,3,OPTIMAL,241.5743,6,4,4,0,2,0.6667,240.0251,0.0,1.5492,60,1.0,10,1.0
025_R105,25,R,6,4,OPTIMAL,134.7052,6,2,2,0,4,0.3333,106.1662,0.0,28.5391,60,1.0,10,1.0
025_R105,25,R,6,5,OPTIMAL,152.2928,6,2,2,0,4,0.3333,122.535,0.0,29.7578,60,1.0,10,1.0
025_R105,25,R,6,6,OPTIMAL,176.1207,6,3,1,2,3,0.5,168.8717,0.0,7.2489,60,1.0,10,1.0
025_R105,25,R,6,7,OPTIMAL,199.3617,6,3,2,1,3,0.5,193.9651,0.0,5.3966,60,1.0,10,1.0
025_R105,25,R,6,8,OPTIMAL,160.4164,6,2,1,1,4,0.3333,124.7909,0.0,35.6256,60,1.0,10,1.0
025_R105,25,R,6,9,OPTIMAL,108.4471,6,1,1,0,5,0.1667,63.6954,0.0,44.7517,60,1.0,10,1.0
025_R106,25,R,2,0,OPTIMAL,23.3949,2,0,0,0,2,0.0,0.0,0.0,23.3949,60,1.0,10,1.0
025_R106,25,R,2,1,OPTIMAL,15.8134,2,0,0,0,2,0.0,0.0,0.0,15.8134,60,1.0,10,1.0
025_R106,25,R,2,2,OPTIMAL,127.9567,2,2,2,0,0,1.0,127.9567,0.0,0.0,60,1.0,10,1.0
025_R106,25,R,2,3,OPTIMAL,80.2586,2,1,1,0,1,0.5,61.8879,0.0,18.3707,60,1.0,10,1.0
025_R106,25,R,2,4,OPTIMAL,5.3544,2,0,0,0,2,0.0,0.0,0.0,5.3544,60,1.0,10,1.0
025_R106,25,R,2,5,OPTIMAL,61.5695,2,1,1,0,1,0.5,60.7305,0.0,0.839,60,1.0,10,1.0
025_R106,25,R,2,6,OPTIMAL,83.5974,2,1,0,1,1,0.5,64.0257,0.0,19.5716,60,1.0,10,1.0
025_R106,25,R,2,7,OPTIMAL,58.2837,2,1,1,0,1,0.5,55.4358,0.0,2.8479,60,1.0,10,1.0
025_R106,25,R,2,8,OPTIMAL,71.2756,2,1,1,0,1,0.5,65.1413,0.0,6.1344,60,1.0,10,1.0
025_R106,25,R,2,9,OPTIMAL,78.5933,2,1,1,0,1,0.5,67.7515,0.0,10.8418,60,1.0,10,1.0
025_R106,25,R,4,0,OPTIMAL,166.0351,4,2,2,0,2,0.5,112.9643,0.0,53.0709,60,1.0,10,1.0
025_R106,25,R,4,1,OPTIMAL,165.8825,4,3,1,2,1,0.75,158.7874,0.0,7.095,60,1.0,10,1.0
025_R106,25,R,4,2,OPTIMAL,93.2378,4,1,1,0,3,0.25,68.0789,0.0,25.1589,60,1.0,10,1.0
025_R106,25,R,4,3,OPTIMAL,141.3405,4,2,2,0,2,0.5,110.7727,0.0,30.5678,60,1.0,10,1.0
025_R106,25,R,4,4,OPTIMAL,190.383,4,3,2,1,1,0.75,182.5485,0.0,7.8344,60,1.0,10,1.0
025_R106,25,R,4,5,OPTIMAL,177.6771,4,2,2,0,2,0.5,126.7659,0.0,50.9112,60,1.0,10,1.0
025_R106,25,R,4,6,OPTIMAL,29.8396,4,0,0,0,4,0.0,0.0,0.0,29.8396,60,1.0,10,1.0
025_R106,25,R,4,7,OPTIMAL,187.1797,4,3,2,1,1,0.75,184.2222,0.0,2.9575,60,1.0,10,1.0
025_R106,25,R,4,8,OPTIMAL,143.5665,4,2,2,0,2,0.5,118.4623,0.0,25.1041,60,1.0,10,1.0
025_R106,25,R,4,9,OPTIMAL,144.1501,4,2,0,2,2,0.5,109.0744,0.0,35.0757,60,1.0,10,1.0
025_R106,25,R,6,0,OPTIMAL,192.3661,6,2,1,1,4,0.3333,137.6011,0.0,54.765,60,1.0,10,1.0
025_R106,25,R,6,1,OPTIMAL,166.3624,6,3,0,3,3,0.5,155.7028,0.0,10.6596,60,1.0,10,1.0
025_R106,25,R,6,2,OPTIMAL,237.5334,6,4,4,0,2,0.6667,220.9497,0.0,16.5837,60,1.0,10,1.0
025_R106,25,R,6,3,OPTIMAL,238.4121,6,4,2,2,2,0.6667,213.2803,0.0,25.1318,60,1.0,10,1.0
025_R106,25,R,6,4,OPTIMAL,172.981,6,3,3,0,3,0.5,137.7047,0.0,35.2763,60,1.0,10,1.0
025_R106,25,R,6,5,OPTIMAL,186.4758,6,3,2,1,3,0.5,161.5536,0.0,24.9222,60,1.0,10,1.0
025_R106,25,R,6,6,OPTIMAL,129.2783,6,1,1,0,5,0.1667,72.4689,0.0,56.8094,60,1.0,10,1.0
025_R106,25,R,6,7,OPTIMAL,187.8505,6,2,1,1,4,0.3333,126.3071,0.0,61.5433,60,1.0,10,1.0
025_R106,25,R,6,8,OPTIMAL,181.7839,6,3,2,1,3,0.5,166.7496,0.0,15.0343,60,1.0,10,1.0
025_R106,25,R,6,9,OPTIMAL,179.7383,6,3,2,1,3,0.5,159.8645,0.0,19.8737,60,1.0,10,1.0
025_R107,25,R,2,0,OPTIMAL,3.9376,2,0,0,0,2,0.0,0.0,0.0,3.9376,60,1.0,10,1.0
025_R107,25,R,2,1,OPTIMAL,19.9152,2,0,0,0,2,0.0,0.0,0.0,19.9152,60,1.0,10,1.0
025_R107,25,R,2,2,OPTIMAL,127.9567,2,2,2,0,0,1.0,127.9567,0.0,0.0,60,1.0,10,1.0
025_R107,25,R,2,3,OPTIMAL,88.1013,2,1,1,0,1,0.5,61.8879,0.0,26.2135,60,1.0,10,1.0
025_R107,25,R,2,4,OPTIMAL,29.3814,2,1,1,0,1,0.5,29.2516,0.0,0.1297,60,1.0,10,1.0
025_R107,25,R,2,5,OPTIMAL,61.5695,2,1,1,0,1,0.5,60.7305,0.0,0.839,60,1.0,10,1.0
025_R107,25,R,2,6,OPTIMAL,27.554,2,0,0,0,2,0.0,0.0,0.0,27.554,60,1.0,10,1.0
025_R107,25,R,2,7,OPTIMAL,58.2837,2,1,1,0,1,0.5,55.4358,0.0,2.8479,60,1.0,10,1.0
025_R107,25,R,2,8,OPTIMAL,71.2756,2,1,1,0,1,0.5,65.1413,0.0,6.1344,60,1.0,10,1.0
025_R107,25,R,2,9,OPTIMAL,78.5933,2,1,1,0,1,0.5,67.7515,0.0,10.8418,60,1.0,10,1.0
025_R107,25,R,4,0,OPTIMAL,169.2574,4,2,2,0,2,0.5,119.671,0.0,49.5865,60,1.0,10,1.0
025_R107,25,R,4,1,OPTIMAL,102.9565,4,2,1,1,2,0.5,95.3861,0.0,7.5704,60,1.0,10,1.0
025_R107,25,R,4,2,OPTIMAL,126.4982,4,2,1,1,2,0.5,122.3291,0.0,4.1691,60,1.0,10,1.0
025_R107,25,R,4,3,OPTIMAL,171.3169,4,2,2,0,2,0.5,110.7727,0.0,60.5443,60,1.0,10,1.0
025_R107,25,R,4,4,OPTIMAL,167.2113,4,2,2,0,2,0.5,127.5431,0.0,39.6682,60,1.0,10,1.0
025_R107,25,R,4,5,OPTIMAL,171.598,4,2,2,0,2,0.5,126.7659,0.0,44.8321,60,1.0,10,1.0
025_R107,25,R,4,6,OPTIMAL,22.6016,4,0,0,0,4,0.0,0.0,0.0,22.6016,60,1.0,10,1.0
025_R107,25,R,4,7,OPTIMAL,147.9802,4,2,2,0,2,0.5,117.6159,0.0,30.3643,60,1.0,10,1.0
025_R107,25,R,4,8,OPTIMAL,143.5665,4,2,2,0,2,0.5,118.4623,0.0,25.1041,60,1.0,10,1.0
025_R107,25,R,4,9,OPTIMAL,109.2674,4,2,1,1,2,0.5,109.0744,0.0,0.193,60,1.0,10,1.0
025_R107,25,R,6,0,OPTIMAL,192.2301,6,2,2,0,4,0.3333,137.6011,0.0,54.629,60,1.0,10,1.0
025_R107,25,R,6,1,OPTIMAL,166.3624,6,3,2,1,3,0.5,155.7028,0.0,10.6596,60,1.0,10,1.0
025_R107,25,R,6,2,OPTIMAL,257.6062,6,4,3,1,2,0.6667,220.9497,0.0,36.6565,60,1.0,10,1.0
025_R107,25,R,6,3,OPTIMAL,195.1435,6,3,1,2,3,0.5,143.2767,0.0,51.8668,60,1.0,10,1.0
025_R107,25,R,6,4,OPTIMAL,166.7285,6,2,2,0,4,0.3333,97.9863,0.0,68.7422,60,1.0,10,1.0
025_R107,25,R,6,5,OPTIMAL,204.2673,6,3,3,0,3,0.5,164.7759,0.0,39.4914,60,1.0,10,1.0
025_R107,25,R,6,6,OPTIMAL,206.2953,6,3,3,0,3,0.5,200.6938,0.0,5.6015,60,1.0,10,1.0
025_R107,25,R,6,7,OPTIMAL,137.8909,6,2,2,0,4,0.3333,133.601,0.0,4.2899,60,1.0,10,1.0
025_R107,25,R,6,8,OPTIMAL,186.9446,6,3,3,0,3,0.5,166.7496,0.0,20.195,60,1.0,10,1.0
025_R107,25,R,6,9,OPTIMAL,179.7383,6,3,2,1,3,0.5,159.8645,0.0,19.8737,60,1.0,10,1.0
025_R108,25,R,2,0,OPTIMAL,25.2862,2,0,0,0,2,0.0,0.0,0.0,25.2862,60,1.0,10,1.0
025_R108,25,R,2,1,OPTIMAL,65.4416,2,1,1,0,1,0.5,53.7578,0.0,11.6838,60,1.0,10,1.0
025_R108,25,R,2,2,OPTIMAL,127.9567,2,2,2,0,0,1.0,127.9567,0.0,0.0,60,1.0,10,1.0
025_R108,25,R,2,3,OPTIMAL,62.5523,2,1,1,0,1,0.5,61.8879,0.0,0.6644,60,1.0,10,1.0
025_R108,25,R,2,4,OPTIMAL,99.6103,2,2,2,0,0,1.0,99.6103,0.0,0.0,60,1.0,10,1.0
025_R108,25,R,2,5,OPTIMAL,132.7645,2,2,2,0,0,1.0,132.7645,0.0,0.0,60,1.0,10,1.0
025_R108,25,R,2,6,OPTIMAL,69.4496,2,1,1,0,1,0.5,65.4213,0.0,4.0283,60,1.0,10,1.0
025_R108,25,R,2,7,OPTIMAL,58.2837,2,1,1,0,1,0.5,55.4358,0.0,2.8479,60,1.0,10,1.0
025_R108,25,R,2,8,OPTIMAL,81.6935,2,1,1,0,1,0.5,65.1413,0.0,16.5522,60,1.0,10,1.0
025_R108,25,R,2,9,OPTIMAL,78.5933,2,1,1,0,1,0.5,67.7515,0.0,10.8418,60,1.0,10,1.0
025_R108,25,R,4,0,OPTIMAL,179.5996,4,3,3,0,1,0.75,158.885,0.0,20.7147,60,1.0,10,1.0
025_R108,25,R,4,1,OPTIMAL,150.2186,4,3,3,0,1,0.75,149.7432,0.0,0.4754,60,1.0,10,1.0
025_R108,25,R,4,2,OPTIMAL,176.2963,4,3,3,0,1,0.75,176.2962,0.0,0.0001,60,1.0,10,1.0
025_R108,25,R,4,3,OPTIMAL,215.3303,4,3,3,0,1,0.75,168.8937,0.0,46.4366,60,1.0,10,1.0
025_R108,25,R,4,4,OPTIMAL,167.2113,4,2,2,0,2,0.5,127.5431,0.0,39.6682,60,1.0,10,1.0
025_R108,25,R,4,5,OPTIMAL,150.0088,4,2,2,0,2,0.5,126.7659,0.0,23.2429,60,1.0,10,1.0
025_R108,25,R,4,6,OPTIMAL,85.0015,4,2,2,0,2,0.5,83.7764,0.0,1.225,60,1.0,10,1.0
025_R108,25,R,4,7,OPTIMAL,203.3515,4,2,2,0,2,0.5,145.4773,0.0,57.8742,60,1.0,10,1.0
025_R108,25,R,4,8,OPTIMAL,150.635,4,3,3,0,1,0.75,118.3555,0.0,32.2795,60,1.0,10,1.0
025_R108,25,R,4,9,OPTIMAL,113.0246,4,2,2,0,2,0.5,109.0744,0.0,3.9502,60,1.0,10,1.0
025_R108,25,R,6,0,OPTIMAL,277.5342,6,5,4,1,1,0.8333,277.4063,0.0,0.1279,60,1.0,10,1.0
025_R108,25,R,6,1,OPTIMAL,260.7548,6,5,4,1,1,0.8333,259.2453,0.0,1.5095,60,1.0,10,1.0
025_R108,25,R,6,2,OPTIMAL,310.6549,6,5,5,0,1,0.8333,290.575,0.0,20.0799,60,1.0,10,1.0
025_R108,25,R,6,3,OPTIMAL,234.6713,6,4,4,0,2,0.6667,207.3204,0.0,27.351,60,1.0,10,1.0
025_R108,25,R,6,4,OPTIMAL,159.9558,6,3,3,0,3,0.5,137.7047,0.0,22.2511,60,1.0,10,1.0
025_R108,25,R,6,5,OPTIMAL,242.5064,6,4,3,1,2,0.6667,208.147,0.0,34.3595,60,1.0,10,1.0
025_R108,25,R,6,6,OPTIMAL,231.8456,6,3,3,0,3,0.5,200.6938,0.0,31.1517,60,1.0,10,1.0
025_R108,25,R,6,7,OPTIMAL,254.4849,6,4,3,1,2,0.6667,252.8868,0.0,1.5981,60,1.0,10,1.0
025_R108,25,R,6,8,OPTIMAL,203.1936,6,3,3,0,3,0.5,166.7496,0.0,36.444,60,1.0,10,1.0
025_R108,25,R,6,9,OPTIMAL,181.1008,6,3,3,0,3,0.5,158.765,0.0,22.3358,60,1.0,10,1.0
025_R109,25,R,2,0,OPTIMAL,25.2862,2,0,0,0,2,0.0,0.0,0.0,25.2862,60,1.0,10,1.0
025_R109,25,R,2,1,OPTIMAL,54.2678,2,1,1,0,1,0.5,53.7578,0.0,0.51,60,1.0,10,1.0
025_R109,25,R,2,2,OPTIMAL,127.9567,2,2,2,0,0,1.0,127.9567,0.0,0.0,60,1.0,10,1.0
025_R109,25,R,2,3,OPTIMAL,109.5575,2,1,1,0,1,0.5,61.8879,0.0,47.6696,60,1.0,10,1.0
025_R109,25,R,2,4,OPTIMAL,18.5147,2,0,0,0,2,0.0,0.0,0.0,18.5147,60,1.0,10,1.0
025_R109,25,R,2,5,OPTIMAL,84.7197,2,1,1,0,1,0.5,72.034,0.0,12.6858,60,1.0,10,1.0
025_R109,25,R,2,6,OPTIMAL,129.447,2,2,2,0,0,1.0,129.447,0.0,0.0,60,1.0,10,1.0
025_R109,25,R,2,7,OPTIMAL,57.2959,2,1,1,0,1,0.5,55.4358,0.0,1.8601,60,1.0,10,1.0
025_R109,25,R,2,8,OPTIMAL,33.6779,2,0,0,0,2,0.0,0.0,0.0,33.6779,60,1.0,10,1.0
025_R109,25,R,2,9,OPTIMAL,4.3411,2,0,0,0,2,0.0,0.0,0.0,4.3411,60,1.0,10,1.0
025_R109,25,R,4,0,OPTIMAL,143.5037,4,2,2,0,2,0.5,112.9643,0.0,30.5395,60,1.0,10,1.0
025_R109,25,R,4,1,OPTIMAL,41.3818,4,0,0,0,4,0.0,0.0,0.0,41.3818,60,1.0,10,1.0
025_R109,25,R,4,2,OPTIMAL,183.6878,4,3,1,2,1,0.75,179.5188,0.0,4.169,60,1.0,10,1.0
025_R109,25,R,4,3,OPTIMAL,175.9286,4,2,1,1,2,0.5,111.0643,0.0,64.8643,60,1.0,10,1.0
025_R109,25,R,4,4,OPTIMAL,103.5684,4,0,0,0,4,0.0,0.0,0.0,103.5684,60,1.0,10,1.0
025_R109,25,R,4,5,OPTIMAL,148.2071,4,1,1,0,3,0.25,57.8031,0.0,90.404,60,1.0,10,1.0
025_R109,25,R,4,6,OPTIMAL,128.0523,4,2,1,1,2,0.5,123.6177,0.0,4.4345,60,1.0,10,1.0
025_R109,25,R,4,7,OPTIMAL,183.406,4,2,2,0,2,0.5,140.331,0.0,43.075,60,1.0,10,1.0
025_R109,25,R,4,8,OPTIMAL,69.4026,4,1,1,0,3,0.25,68.1535,0.0,1.2491,60,1.0,10,1.0
025_R109,25,R,4,9,OPTIMAL,156.5484,4,3,3,0,1,0.75,151.9104,0.0,4.6381,60,1.0,10,1.0
025_R109,25,R,6,0,OPTIMAL,136.441,6,1,1,0,5,0.1667,50.9847,0.0,85.4564,60,1.0,10,1.0
025_R109,25,R,6,1,OPTIMAL,228.3144,6,4,4,0,2,0.6667,192.6797,0.0,35.6347,60,1.0,10,1.0
025_R109,25,R,6,2,OPTIMAL,258.4539,6,4,4,0,2,0.6667,243.3604,0.0,15.0935,60,1.0,10,1.0
025_R109,25,R,6,3,OPTIMAL,149.6402,6,2,0,2,4,0.3333,89.1217,0.0,60.5185,60,1.0,10,1.0
025_R109,25,R,6,4,OPTIMAL,68.2066,6,0,0,0,6,0.0,0.0,0.0,68.2066,60,1.0,10,1.0
025_R109,25,R,6,5,OPTIMAL,179.1603,6,2,2,0,4,0.3333,120.4855,0.0,58.6748,60,1.0,10,1.0
025_R109,25,R,6,6,OPTIMAL,268.2001,6,4,4,0,2,0.6667,239.3941,0.0,28.8059,60,1.0,10,1.0
025_R109,25,R,6,7,OPTIMAL,280.6762,6,4,4,0,2,0.6667,245.593,0.0,35.0833,60,1.0,10,1.0
025_R109,25,R,6,8,OPTIMAL,181.2536,6,3,3,0,3,0.5,145.2854,0.0,35.9682,60,1.0,10,1.0
025_R109,25,R,6,9,OPTIMAL,151.884,6,2,2,0,4,0.3333,131.2515,0.0,20.6325,60,1.0,10,1.0
025_R110,25,R,2,0,OPTIMAL,45.6317,2,1,1,0,1,0.5,39.7686,0.0,5.8632,60,1.0,10,1.0
025_R110,25,R,2,1,OPTIMAL,54.5228,2,1,1,0,1,0.5,53.7578,0.0,0.765,60,1.0,10,1.0
025_R110,25,R,2,2,OPTIMAL,91.831,2,1,1,0,1,0.5,68.2332,0.0,23.5979,60,1.0,10,1.0
025_R110,25,R,2,3,OPTIMAL,99.5229,2,1,1,0,1,0.5,61.8879,0.0,37.6351,60,1.0,10,1.0
025_R110,25,R,2,4,OPTIMAL,70.4453,2,1,1,0,1,0.5,70.3587,0.0,0.0867,60,1.0,10,1.0
025_R110,25,R,2,5,OPTIMAL,81.4206,2,1,1,0,1,0.5,60.7305,0.0,20.6901,60,1.0,10,1.0
025_R110,25,R,2,6,OPTIMAL,129.447,2,2,2,0,0,1.0,129.447,0.0,0.0,60,1.0,10,1.0
025_R110,25,R,2,7,OPTIMAL,11.0045,2,0,0,0,2,0.0,0.0,0.0,11.0045,60,1.0,10,1.0
025_R110,25,R,2,8,OPTIMAL,79.0153,2,1,1,0,1,0.5,65.1413,0.0,13.8741,60,1.0,10,1.0
025_R110,25,R,2,9,OPTIMAL,91.1237,2,1,1,0,1,0.5,67.7515,0.0,23.3721,60,1.0,10,1.0
025_R110,25,R,4,0,OPTIMAL,191.1256,4,3,2,1,1,0.75,175.8645,0.0,15.261,60,1.0,10,1.0
025_R110,25,R,4,1,OPTIMAL,123.6461,4,2,2,0,2,0.5,117.7584,0.0,5.8876,60,1.0,10,1.0
025_R110,25,R,4,2,OPTIMAL,120.2761,4,2,1,1,2,0.5,111.4399,0.0,8.8363,60,1.0,10,1.0
025_R110,25,R,4,3,OPTIMAL,197.2927,4,3,2,1,1,0.75,171.7951,0.0,25.4977,60,1.0,10,1.0
025_R110,25,R,4,4,OPTIMAL,242.7803,4,3,2,1,1,0.75,182.5485,0.0,60.2317,60,1.0,10,1.0
025_R110,25,R,4,5,OPTIMAL,227.2181,4,4,4,0,0,1.0,227.2181,0.0,0.0,60,1.0,10,1.0
025_R110,25,R,4,6,OPTIMAL,127.4644,4,2,1,1,2,0.5,123.6177,0.0,3.8466,60,1.0,10,1.0
025_R110,25,R,4,7,OPTIMAL,116.7969,4,1,1,0,3,0.25,66.6063,0.0,50.1906,60,1.0,10,1.0
025_R110,25,R,4,8,OPTIMAL,72.7212,4,1,1,0,3,0.25,37.8383,0.0,34.8829,60,1.0,10,1.0
025_R110,25,R,4,9,OPTIMAL,156.5484,4,3,3,0,1,0.75,151.9104,0.0,4.6381,60,1.0,10,1.0
025_R110,25,R,6,0,OPTIMAL,170.4698,6,2,2,0,4,0.3333,119.5487,0.0,50.9211,60,1.0,10,1.0
025_R110,25,R,6,1,OPTIMAL,210.1353,6,4,4,0,2,0.6667,199.6939,0.0,10.4414,60,1.0,10,1.0
025_R110,25,R,6,2,OPTIMAL,174.1402,6,2,2,0,4,0.3333,120.6633,0.0,53.4769,60,1.0,10,1.0
025_R110,25,R,6,3,OPTIMAL,229.6273,6,4,3,1,2,0.6667,225.5011,0.0,4.1262,60,1.0,10,1.0
025_R110,25,R,6,4,OPTIMAL,184.6005,6,3,2,1,3,0.5,157.0221,0.0,27.5785,60,1.0,10,1.0
025_R110,25,R,6,5,OPTIMAL,164.7627,6,2,2,0,4,0.3333,109.1052,0.0,55.6575,60,1.0,10,1.0
025_R110,25,R,6,6,OPTIMAL,270.1398,6,4,4,0,2,0.6667,239.3941,0.0,30.7457,60,1.0,10,1.0
025_R110,25,R,6,7,OPTIMAL,319.8781,6,5,5,0,1,0.8333,313.2509,0.0,6.6272,60,1.0,10,1.0
025_R110,25,R,6,8,OPTIMAL,182.1279,6,3,3,0,3,0.5,152.1705,0.0,29.9574,60,1.0,10,1.0
025_R110,25,R,6,9,OPTIMAL,219.7707,6,3,2,1,3,0.5,194.9469,0.0,24.8238,60,1.0,10,1.0
025_R111,25,R,2,0,OPTIMAL,25.2862,2,0,0,0,2,0.0,0.0,0.0,25.2862,60,1.0,10,1.0
025_R111,25,R,2,1,OPTIMAL,58.2946,2,1,1,0,1,0.5,53.7578,0.0,4.5368,60,1.0,10,1.0
025_R111,25,R,2,2,OPTIMAL,69.3073,2,1,1,0,1,0.5,68.2332,0.0,1.0741,60,1.0,10,1.0
025_R111,25,R,2,3,OPTIMAL,98.6292,2,1,1,0,1,0.5,61.8879,0.0,36.7414,60,1.0,10,1.0
025_R111,25,R,2,4,OPTIMAL,29.2518,2,1,1,0,1,0.5,29.2516,0.0,0.0002,60,1.0,10,1.0
025_R111,25,R,2,5,OPTIMAL,15.2779,2,0,0,0,2,0.0,0.0,0.0,15.2779,60,1.0,10,1.0
025_R111,25,R,2,6,OPTIMAL,129.447,2,2,1,1,0,1.0,129.447,0.0,0.0,60,1.0,10,1.0
025_R111,25,R,2,7,OPTIMAL,2.8581,2,0,0,0,2,0.0,0.0,0.0,2.8581,60,1.0,10,1.0
025_R111,25,R,2,8,OPTIMAL,77.1783,2,1,1,0,1,0.5,65.1413,0.0,12.0371,60,1.0,10,1.0
025_R111,25,R,2,9,OPTIMAL,28.9801,2,0,0,0,2,0.0,0.0,0.0,28.9801,60,1.0,10,1.0
025_R111,25,R,4,0,OPTIMAL,155.9381,4,2,2,0,2,0.5,119.671,0.0,36.2671,60,1.0,10,1.0
025_R111,25,R,4,1,OPTIMAL,85.4674,4,1,1,0,3,0.25,54.3571,0.0,31.1103,60,1.0,10,1.0
025_R111,25,R,4,2,OPTIMAL,114.2278,4,1,1,0,3,0.25,68.0789,0.0,46.1489,60,1.0,10,1.0
025_R111,25,R,4,3,OPTIMAL,205.6157,4,3,3,0,1,0.75,168.8937,0.0,36.722,60,1.0,10,1.0
025_R111,25,R,4,4,OPTIMAL,87.5696,4,0,0,0,4,0.0,0.0,0.0,87.5696,60,1.0,10,1.0
025_R111,25,R,4,5,OPTIMAL,105.9453,4,1,1,0,3,0.25,57.8031,0.0,48.1422,60,1.0,10,1.0
025_R111,25,R,4,6,OPTIMAL,117.5846,4,1,1,0,3,0.25,67.5151,0.0,50.0695,60,1.0,10,1.0
025_R111,25,R,4,7,OPTIMAL,147.9458,4,2,2,0,2,0.5,138.359,0.0,9.5869,60,1.0,10,1.0
025_R111,25,R,4,8,OPTIMAL,120.0459,4,2,2,0,2,0.5,118.4623,0.0,1.5835,60,1.0,10,1.0
025_R111,25,R,4,9,OPTIMAL,155.7847,4,2,2,0,2,0.5,123.4234,0.0,32.3613,60,1.0,10,1.0
025_R111,25,R,6,0,OPTIMAL,221.4955,6,3,3,0,3,0.5,170.8957,0.0,50.5998,60,1.0,10,1.0
025_R111,25,R,6,1,OPTIMAL,252.7636,6,4,4,0,2,0.6667,227.5701,0.0,25.1935,60,1.0,10,1.0
025_R111,25,R,6,2,OPTIMAL,288.5704,6,5,5,0,1,0.8333,288.0753,0.0,0.4951,60,1.0,10,1.0
025_R111,25,R,6,3,OPTIMAL,193.7786,6,3,2,1,3,0.5,170.0216,0.0,23.7571,60,1.0,10,1.0
025_R111,25,R,6,4,OPTIMAL,140.7772,6,1,1,0,5,0.1667,31.5386,0.0,109.2386,60,1.0,10,1.0
025_R111,25,R,6,5,OPTIMAL,230.7538,6,3,3,0,3,0.5,193.8452,0.0,36.9086,60,1.0,10,1.0
025_R111,25,R,6,6,OPTIMAL,211.6878,6,3,2,1,3,0.5,200.6938,0.0,10.9939,60,1.0,10,1.0
025_R111,25,R,6,7,OPTIMAL,250.3274,6,4,3,1,2,0.6667,246.478,0.0,3.8494,60,1.0,10,1.0
025_R111,25,R,6,8,OPTIMAL,233.3943,6,3,3,0,3,0.5,184.1169,0.0,49.2774,60,1.0,10,1.0
025_R111,25,R,6,9,OPTIMAL,91.95,6,1,1,0,5,0.1667,65.076,0.0,26.874,60,1.0,10,1.0
025_R112,25,R,2,0,OPTIMAL,47.9998,2,1,1,0,1,0.5,39.7686,0.0,8.2312,60,1.0,10,1.0
025_R112,25,R,2,1,OPTIMAL,65.4416,2,1,1,0,1,0.5,53.7578,0.0,11.6838,60,1.0,10,1.0
025_R112,25,R,2,2,OPTIMAL,68.77,2,1,1,0,1,0.5,68.2332,0.0,0.5369,60,1.0,10,1.0
025_R112,25,R,2,3,OPTIMAL,87.2786,2,1,1,0,1,0.5,61.8879,0.0,25.3907,60,1.0,10,1.0
025_R112,25,R,2,4,OPTIMAL,78.743,2,1,1,0,1,0.5,29.2516,0.0,49.4914,60,1.0,10,1.0
025_R112,25,R,2,5,OPTIMAL,132.7645,2,2,2,0,0,1.0,132.7645,0.0,0.0,60,1.0,10,1.0
025_R112,25,R,2,6,OPTIMAL,129.447,2,2,1,1,0,1.0,129.447,0.0,0.0,60,1.0,10,1.0
025_R112,25,R,2,7,OPTIMAL,77.9648,2,1,1,0,1,0.5,55.4358,0.0,22.529,60,1.0,10,1.0
025_R112,25,R,2,8,OPTIMAL,10.6209,2,0,0,0,2,0.0,0.0,0.0,10.6209,60,1.0,10,1.0
025_R112,25,R,2,9,OPTIMAL,29.0181,2,1,1,0,1,0.5,25.729,0.0,3.2891,60,1.0,10,1.0
025_R112,25,R,4,0,OPTIMAL,169.5003,4,3,3,0,1,0.75,158.885,0.0,10.6153,60,1.0,10,1.0
025_R112,25,R,4,1,OPTIMAL,151.4668,4,3,3,0,1,0.75,149.7432,0.0,1.7235,60,1.0,10,1.0
025_R112,25,R,4,2,OPTIMAL,209.7607,4,3,2,1,1,0.75,176.2962,0.0,33.4645,60,1.0,10,1.0
025_R112,25,R,4,3,OPTIMAL,221.837,4,4,3,1,0,1.0,221.837,0.0,0.0,60,1.0,10,1.0
025_R112,25,R,4,4,OPTIMAL,150.9298,4,2,1,1,2,0.5,134.458,0.0,16.4718,60,1.0,10,1.0
025_R112,25,R,4,5,OPTIMAL,146.8703,4,2,2,0,2,0.5,95.6373,0.0,51.233,60,1.0,10,1.0
025_R112,25,R,4,6,OPTIMAL,131.2945,4,2,2,0,2,0.5,123.6177,0.0,7.6768,60,1.0,10,1.0
025_R112,25,R,4,7,OPTIMAL,213.2611,4,3,3,0,1,0.75,191.3406,0.0,21.9206,60,1.0,10,1.0
025_R112,25,R,4,8,OPTIMAL,160.0448,4,3,3,0,1,0.75,156.3007,0.0,3.7441,60,1.0,10,1.0
025_R112,25,R,4,9,OPTIMAL,197.3662,4,4,3,1,0,1.0,197.3662,0.0,0.0,60,1.0,10,1.0
025_R112,25,R,6,0,OPTIMAL,229.526,6,4,4,0,2,0.6667,226.0593,0.0,3.4667,60,1.0,10,1.0
025_R112,25,R,6,1,OPTIMAL,250.7434,6,5,5,0,1,0.8333,247.9581,0.0,2.7853,60,1.0,10,1.0
025_R112,25,R,6,2,OPTIMAL,163.0613,6,2,2,0,4,0.3333,100.9617,0.0,62.0997,60,1.0,10,1.0
025_R112,25,R,6,3,OPTIMAL,160.9858,6,2,2,0,4,0.3333,118.1987,0.0,42.7871,60,1.0,10,1.0
025_R112,25,R,6,4,OPTIMAL,154.8159,6,3,3,0,3,0.5,137.7047,0.0,17.1112,60,1.0,10,1.0
025_R112,25,R,6,5,OPTIMAL,258.9549,6,4,4,0,2,0.6667,232.8638,0.0,26.0912,60,1.0,10,1.0
025_R112,25,R,6,6,OPTIMAL,221.1838,6,4,2,2,2,0.6667,207.572,0.0,13.6118,60,1.0,10,1.0
025_R112,25,R,6,7,OPTIMAL,317.669,6,5,4,1,1,0.8333,313.2509,0.0,4.4181,60,1.0,10,1.0
025_R112,25,R,6,8,OPTIMAL,298.6634,6,6,5,1,0,1.0,298.6634,0.0,0.0,60,1.0,10,1.0
025_R112,25,R,6,9,OPTIMAL,125.3762,6,3,3,0,3,0.5,111.7974,0.0,13.5788,60,1.0,10,1.0
025_R201,25,R,2,0,OPTIMAL,93.4682,2,2,2,0,0,1.0,93.4682,0.0,0.0,60,1.0,10,1.0
025_R201,25,R,2,1,OPTIMAL,54.3885,2,1,1,0,1,0.5,53.7578,0.0,0.6307,60,1.0,10,1.0
025_R201,25,R,2,2,OPTIMAL,127.9567,2,2,2,0,0,1.0,127.9567,0.0,0.0,60,1.0,10,1.0
025_R201,25,R,2,3,OPTIMAL,115.3998,2,2,2,0,0,1.0,115.3998,0.0,0.0,60,1.0,10,1.0
025_R201,25,R,2,4,OPTIMAL,99.6103,2,2,2,0,0,1.0,99.6103,0.0,0.0,60,1.0,10,1.0
025_R201,25,R,2,5,OPTIMAL,84.7197,2,1,1,0,1,0.5,72.034,0.0,12.6858,60,1.0,10,1.0
025_R201,25,R,2,6,OPTIMAL,129.447,2,2,2,0,0,1.0,129.447,0.0,0.0,60,1.0,10,1.0
025_R201,25,R,2,7,OPTIMAL,98.4715,2,2,2,0,0,1.0,98.4715,0.0,0.0,60,1.0,10,1.0
025_R201,25,R,2,8,OPTIMAL,92.8054,2,2,2,0,0,1.0,92.8054,0.0,0.0,60,1.0,10,1.0
025_R201,25,R,2,9,OPTIMAL,93.4805,2,2,2,0,0,1.0,93.4805,0.0,0.0,60,1.0,10,1.0
025_R201,25,R,4,0,OPTIMAL,215.0785,4,4,4,0,0,1.0,215.0785,0.0,0.0,60,1.0,10,1.0
025_R201,25,R,4,1,OPTIMAL,213.1446,4,4,4,0,0,1.0,213.1446,0.0,0.0,60,1.0,10,1.0
025_R201,25,R,4,2,OPTIMAL,183.6878,4,3,3,0,1,0.75,179.5188,0.0,4.169,60,1.0,10,1.0
025_R201,25,R,4,3,OPTIMAL,221.837,4,4,4,0,0,1.0,221.837,0.0,0.0,60,1.0,10,1.0
025_R201,25,R,4,4,OPTIMAL,252.814,4,4,4,0,0,1.0,252.814,0.0,0.0,60,1.0,10,1.0
025_R201,25,R,4,5,OPTIMAL,173.078,4,3,3,0,1,0.75,158.2553,0.0,14.8227,60,1.0,10,1.0
025_R201,25,R,4,6,OPTIMAL,138.6059,4,3,3,0,1,0.75,106.1671,0.0,32.4387,60,1.0,10,1.0
025_R201,25,R,4,7,OPTIMAL,231.0156,4,3,3,0,1,0.75,212.0836,0.0,18.9319,60,1.0,10,1.0
025_R201,25,R,4,8,OPTIMAL,148.6841,4,3,3,0,1,0.75,148.6707,0.0,0.0134,60,1.0,10,1.0
025_R201,25,R,4,9,OPTIMAL,170.7287,4,2,2,0,2,0.5,123.4234,0.0,47.3053,60,1.0,10,1.0
025_R201,25,R,6,0,OPTIMAL,267.6693,6,5,5,0,1,0.8333,267.1708,0.0,0.4985,60,1.0,10,1.0
025_R201,25,R,6,1,OPTIMAL,238.2613,6,4,4,0,2,0.6667,199.6939,0.0,38.5674,60,1.0,10,1.0
025_R201,25,R,6,2,OPTIMAL,329.843,6,5,5,0,1,0.8333,307.7769,0.0,22.0661,60,1.0,10,1.0
025_R201,25,R,6,3,OPTIMAL,306.1736,6,6,6,0,0,1.0,306.1736,0.0,0.0,60,1.0,10,1.0
025_R201,25,R,6,4,OPTIMAL,294.4071,6,6,6,0,0,1.0,294.4071,0.0,0.0,60,1.0,10,1.0
025_R201,25,R,6,5,OPTIMAL,328.6325,6,6,6,0,0,1.0,328.6325,0.0,0.0,60,1.0,10,1.0
025_R201,25,R,6,6,OPTIMAL,247.9326,6,4,4,0,2,0.6667,207.572,0.0,40.3606,60,1.0,10,1.0
025_R201,25,R,6,7,OPTIMAL,315.46,6,5,4,1,1,0.8333,313.2509,0.0,2.2091,60,1.0,10,1.0
025_R201,25,R,6,8,OPTIMAL,275.9645,6,5,5,0,1,0.8333,256.7047,0.0,19.2598,60,1.0,10,1.0
025_R201,25,R,6,9,OPTIMAL,229.1935,6,4,4,0,2,0.6667,211.6746,0.0,17.5189,60,1.0,10,1.0
025_R202,25,R,2,0,OPTIMAL,93.4682,2,2,2,0,0,1.0,93.4682,0.0,0.0,60,1.0,10,1.0
025_R202,25,R,2,1,OPTIMAL,54.3885,2,1,1,0,1,0.5,53.7578,0.0,0.6307,60,1.0,10,1.0
025_R202,25,R,2,2,OPTIMAL,127.9567,2,2,2,0,0,1.0,127.9567,0.0,0.0,60,1.0,10,1.0
025_R202,25,R,2,3,OPTIMAL,115.3998,2,2,2,0,0,1.0,115.3998,0.0,0.0,60,1.0,10,1.0
025_R202,25,R,2,4,OPTIMAL,99.6103,2,2,2,0,0,1.0,99.6103,0.0,0.0,60,1.0,10,1.0
025_R202,25,R,2,5,OPTIMAL,84.7197,2,1,1,0,1,0.5,72.034,0.0,12.6858,60,1.0,10,1.0
025_R202,25,R,2,6,OPTIMAL,129.447,2,2,2,0,0,1.0,129.447,0.0,0.0,60,1.0,10,1.0
025_R202,25,R,2,7,OPTIMAL,98.4715,2,2,2,0,0,1.0,98.4715,0.0,0.0,60,1.0,10,1.0
025_R202,25,R,2,8,OPTIMAL,92.8054,2,2,2,0,0,1.0,92.8054,0.0,0.0,60,1.0,10,1.0
025_R202,25,R,2,9,OPTIMAL,93.4805,2,2,2,0,0,1.0,93.4805,0.0,0.0,60,1.0,10,1.0
025_R202,25,R,4,0,OPTIMAL,215.0785,4,4,4,0,0,1.0,215.0785,0.0,0.0,60,1.0,10,1.0
025_R202,25,R,4,1,OPTIMAL,213.1446,4,4,4,0,0,1.0,213.1446,0.0,0.0,60,1.0,10,1.0
025_R202,25,R,4,2,OPTIMAL,183.6878,4,3,3,0,1,0.75,179.5188,0.0,4.169,60,1.0,10,1.0
025_R202,25,R,4,3,OPTIMAL,221.837,4,4,4,0,0,1.0,221.837,0.0,0.0,60,1.0,10,1.0
025_R202,25,R,4,4,OPTIMAL,252.814,4,4,4,0,0,1.0,252.814,0.0,0.0,60,1.0,10,1.0
025_R202,25,R,4,5,OPTIMAL,227.2181,4,4,3,1,0,1.0,227.2181,0.0,0.0,60,1.0,10,1.0
025_R202,25,R,4,6,OPTIMAL,173.6822,4,4,3,1,0,1.0,173.6822,0.0,0.0,60,1.0,10,1.0
025_R202,25,R,4,7,OPTIMAL,257.9469,4,4,4,0,0,1.0,257.9469,0.0,0.0,60,1.0,10,1.0
025_R202,25,R,4,8,OPTIMAL,148.6841,4,3,3,0,1,0.75,148.6707,0.0,0.0134,60,1.0,10,1.0
025_R202,25,R,4,9,OPTIMAL,197.3662,4,4,2,2,0,1.0,197.3662,0.0,0.0,60,1.0,10,1.0
025_R202,25,R,6,0,OPTIMAL,267.6693,6,5,5,0,1,0.8333,267.1708,0.0,0.4985,60,1.0,10,1.0
025_R202,25,R,6,1,OPTIMAL,279.6333,6,6,6,0,0,1.0,279.6333,0.0,0.0,60,1.0,10,1.0
025_R202,25,R,6,2,OPTIMAL,343.6467,6,6,5,1,0,1.0,343.6467,0.0,0.0,60,1.0,10,1.0
025_R202,25,R,6,3,OPTIMAL,306.1736,6,6,6,0,0,1.0,306.1736,0.0,0.0,60,1.0,10,1.0
025_R202,25,R,6,4,OPTIMAL,294.4071,6,6,6,0,0,1.0,294.4071,0.0,0.0,60,1.0,10,1.0
025_R202,25,R,6,5,OPTIMAL,328.6325,6,6,6,0,0,1.0,328.6325,0.0,0.0,60,1.0,10,1.0
025_R202,25,R,6,6,OPTIMAL,247.9326,6,4,4,0,2,0.6667,207.572,0.0,40.3606,60,1.0,10,1.0
025_R202,25,R,6,7,OPTIMAL,291.7672,6,4,3,1,2,0.6667,252.8868,0.0,38.8804,60,1.0,10,1.0
025_R202,25,R,6,8,OPTIMAL,298.6634,6,6,5,1,0,1.0,298.6634,0.0,0.0,60,1.0,10,1.0
025_R202,25,R,6,9,OPTIMAL,229.1935,6,4,4,0,2,0.6667,211.6746,0.0,17.5189,60,1.0,10,1.0
025_R203,25,R,2,0,OPTIMAL,93.4682,2,2,2,0,0,1.0,93.4682,0.0,0.0,60,1.0,10,1.0
025_R203,25,R,2,1,OPTIMAL,102.0238,2,2,2,0,0,1.0,102.0238,0.0,0.0,60,1.0,10,1.0
025_R203,25,R,2,2,OPTIMAL,127.9567,2,2,2,0,0,1.0,127.9567,0.0,0.0,60,1.0,10,1.0
025_R203,25,R,2,3,OPTIMAL,115.3998,2,2,2,0,0,1.0,115.3998,0.0,0.0,60,1.0,10,1.0
025_R203,25,R,2,4,OPTIMAL,99.6103,2,2,2,0,0,1.0,99.6103,0.0,0.0,60,1.0,10,1.0
025_R203,25,R,2,5,OPTIMAL,132.7645,2,2,1,1,0,1.0,132.7645,0.0,0.0,60,1.0,10,1.0
025_R203,25,R,2,6,OPTIMAL,129.447,2,2,2,0,0,1.0,129.447,0.0,0.0,60,1.0,10,1.0
025_R203,25,R,2,7,OPTIMAL,98.4715,2,2,2,0,0,1.0,98.4715,0.0,0.0,60,1.0,10,1.0
025_R203,25,R,2,8,OPTIMAL,92.8054,2,2,2,0,0,1.0,92.8054,0.0,0.0,60,1.0,10,1.0
025_R203,25,R,2,9,OPTIMAL,93.4805,2,2,2,0,0,1.0,93.4805,0.0,0.0,60,1.0,10,1.0
025_R203,25,R,4,0,OPTIMAL,215.0785,4,4,4,0,0,1.0,215.0785,0.0,0.0,60,1.0,10,1.0
025_R203,25,R,4,1,OPTIMAL,213.1446,4,4,4,0,0,1.0,213.1446,0.0,0.0,60,1.0,10,1.0
025_R203,25,R,4,2,OPTIMAL,183.6878,4,3,3,0,1,0.75,179.5188,0.0,4.169,60,1.0,10,1.0
025_R203,25,R,4,3,OPTIMAL,221.837,4,4,4,0,0,1.0,221.837,0.0,0.0,60,1.0,10,1.0
025_R203,25,R,4,4,OPTIMAL,252.814,4,4,4,0,0,1.0,252.814,0.0,0.0,60,1.0,10,1.0
025_R203,25,R,4,5,OPTIMAL,227.2181,4,4,3,1,0,1.0,227.2181,0.0,0.0,60,1.0,10,1.0
025_R203,25,R,4,6,OPTIMAL,173.6822,4,4,3,1,0,1.0,173.6822,0.0,0.0,60,1.0,10,1.0
025_R203,25,R,4,7,OPTIMAL,257.9469,4,4,4,0,0,1.0,257.9469,0.0,0.0,60,1.0,10,1.0
025_R203,25,R,4,8,OPTIMAL,186.509,4,4,3,1,0,1.0,186.509,0.0,0.0,60,1.0,10,1.0
025_R203,25,R,4,9,OPTIMAL,169.0213,4,3,3,0,1,0.75,168.8792,0.0,0.1421,60,1.0,10,1.0
025_R203,25,R,6,0,OPTIMAL,267.6693,6,5,5,0,1,0.8333,267.1708,0.0,0.4985,60,1.0,10,1.0
025_R203,25,R,6,1,OPTIMAL,279.6333,6,6,6,0,0,1.0,279.6333,0.0,0.0,60,1.0,10,1.0
025_R203,25,R,6,2,OPTIMAL,343.6467,6,6,5,1,0,1.0,343.6467,0.0,0.0,60,1.0,10,1.0
025_R203,25,R,6,3,OPTIMAL,306.1736,6,6,6,0,0,1.0,306.1736,0.0,0.0,60,1.0,10,1.0
025_R203,25,R,6,4,OPTIMAL,294.4071,6,6,6,0,0,1.0,294.4071,0.0,0.0,60,1.0,10,1.0
025_R203,25,R,6,5,OPTIMAL,328.6325,6,6,6,0,0,1.0,328.6325,0.0,0.0,60,1.0,10,1.0
025_R203,25,R,6,6,OPTIMAL,270.4318,6,5,5,0,1,0.8333,232.011,0.0,38.4208,60,1.0,10,1.0
025_R203,25,R,6,7,OPTIMAL,270.4926,6,4,3,1,2,0.6667,252.8868,0.0,17.6058,60,1.0,10,1.0
025_R203,25,R,6,8,OPTIMAL,275.9645,6,5,5,0,1,0.8333,256.7047,0.0,19.2598,60,1.0,10,1.0
025_R203,25,R,6,9,OPTIMAL,259.1095,6,5,5,0,1,0.8333,237.8497,0.0,21.2598,60,1.0,10,1.0
025_R204,25,R,2,0,OPTIMAL,93.4682,2,2,2,0,0,1.0,93.4682,0.0,0.0,60,1.0,10,1.0
025_R204,25,R,2,1,OPTIMAL,102.0238,2,2,2,0,0,1.0,102.0238,0.0,0.0,60,1.0,10,1.0
025_R204,25,R,2,2,OPTIMAL,127.9567,2,2,2,0,0,1.0,127.9567,0.0,0.0,60,1.0,10,1.0
025_R204,25,R,2,3,OPTIMAL,115.3998,2,2,2,0,0,1.0,115.3998,0.0,0.0,60,1.0,10,1.0
025_R204,25,R,2,4,OPTIMAL,99.6103,2,2,2,0,0,1.0,99.6103,0.0,0.0,60,1.0,10,1.0
025_R204,25,R,2,5,OPTIMAL,132.7645,2,2,2,0,0,1.0,132.7645,0.0,0.0,60,1.0,10,1.0
025_R204,25,R,2,6,OPTIMAL,129.447,2,2,2,0,0,1.0,129.447,0.0,0.0,60,1.0,10,1.0
025_R204,25,R,2,7,OPTIMAL,98.4715,2,2,2,0,0,1.0,98.4715,0.0,0.0,60,1.0,10,1.0
025_R204,25,R,2,8,OPTIMAL,92.8054,2,2,2,0,0,1.0,92.8054,0.0,0.0,60,1.0,10,1.0
025_R204,25,R,2,9,OPTIMAL,93.4805,2,2,2,0,0,1.0,93.4805,0.0,0.0,60,1.0,10,1.0
025_R204,25,R,4,0,OPTIMAL,215.0785,4,4,4,0,0,1.0,215.0785,0.0,0.0,60,1.0,10,1.0
025_R204,25,R,4,1,OPTIMAL,213.1446,4,4,4,0,0,1.0,213.1446,0.0,0.0,60,1.0,10,1.0
025_R204,25,R,4,2,OPTIMAL,233.4859,4,4,4,0,0,1.0,233.4859,0.0,0.0,60,1.0,10,1.0
025_R204,25,R,4,3,OPTIMAL,221.837,4,4,4,0,0,1.0,221.837,0.0,0.0,60,1.0,10,1.0
025_R204,25,R,4,4,OPTIMAL,252.814,4,4,4,0,0,1.0,252.814,0.0,0.0,60,1.0,10,1.0
025_R204,25,R,4,5,OPTIMAL,173.078,4,3,3,0,1,0.75,158.2553,0.0,14.8227,60,1.0,10,1.0
025_R204,25,R,4,6,OPTIMAL,173.6822,4,4,3,1,0,1.0,173.6822,0.0,0.0,60,1.0,10,1.0
025_R204,25,R,4,7,OPTIMAL,257.9469,4,4,4,0,0,1.0,257.9469,0.0,0.0,60,1.0,10,1.0
025_R204,25,R,4,8,OPTIMAL,186.509,4,4,4,0,0,1.0,186.509,0.0,0.0,60,1.0,10,1.0
025_R204,25,R,4,9,OPTIMAL,169.0213,4,3,3,0,1,0.75,168.8792,0.0,0.1421,60,1.0,10,1.0
025_R204,25,R,6,0,OPTIMAL,267.6693,6,5,5,0,1,0.8333,267.1708,0.0,0.4985,60,1.0,10,1.0
025_R204,25,R,6,1,OPTIMAL,279.6333,6,6,6,0,0,1.0,279.6333,0.0,0.0,60,1.0,10,1.0
025_R204,25,R,6,2,OPTIMAL,343.6467,6,6,6,0,0,1.0,343.6467,0.0,0.0,60,1.0,10,1.0
025_R204,25,R,6,3,OPTIMAL,306.1736,6,6,6,0,0,1.0,306.1736,0.0,0.0,60,1.0,10,1.0
025_R204,25,R,6,4,OPTIMAL,280.1104,6,5,5,0,1,0.8333,254.6886,0.0,25.4218,60,1.0,10,1.0
025_R204,25,R,6,5,OPTIMAL,328.6325,6,6,6,0,0,1.0,328.6325,0.0,0.0,60,1.0,10,1.0
025_R204,25,R,6,6,OPTIMAL,292.7602,6,6,6,0,0,1.0,292.7602,0.0,0.0,60,1.0,10,1.0
025_R204,25,R,6,7,OPTIMAL,254.4849,6,4,4,0,2,0.6667,252.8868,0.0,1.5981,60,1.0,10,1.0
025_R204,25,R,6,8,OPTIMAL,295.2242,6,5,5,0,1,0.8333,256.7047,0.0,38.5196,60,1.0,10,1.0
025_R204,25,R,6,9,OPTIMAL,267.8434,6,6,6,0,0,1.0,267.8434,0.0,0.0,60,1.0,10,1.0
025_R205,25,R,2,0,OPTIMAL,93.4682,2,2,2,0,0,1.0,93.4682,0.0,0.0,60,1.0,10,1.0
025_R205,25,R,2,1,OPTIMAL,102.0238,2,2,2,0,0,1.0,102.0238,0.0,0.0,60,1.0,10,1.0
025_R205,25,R,2,2,OPTIMAL,127.9567,2,2,2,0,0,1.0,127.9567,0.0,0.0,60,1.0,10,1.0
025_R205,25,R,2,3,OPTIMAL,83.0183,2,1,1,0,1,0.5,61.8879,0.0,21.1304,60,1.0,10,1.0
025_R205,25,R,2,4,OPTIMAL,99.6103,2,2,2,0,0,1.0,99.6103,0.0,0.0,60,1.0,10,1.0
025_R205,25,R,2,5,OPTIMAL,132.7645,2,2,2,0,0,1.0,132.7645,0.0,0.0,60,1.0,10,1.0
025_R205,25,R,2,6,OPTIMAL,129.447,2,2,2,0,0,1.0,129.447,0.0,0.0,60,1.0,10,1.0
025_R205,25,R,2,7,OPTIMAL,98.4715,2,2,2,0,0,1.0,98.4715,0.0,0.0,60,1.0,10,1.0
025_R205,25,R,2,8,OPTIMAL,92.8054,2,2,2,0,0,1.0,92.8054,0.0,0.0,60,1.0,10,1.0
025_R205,25,R,2,9,OPTIMAL,93.4805,2,2,2,0,0,1.0,93.4805,0.0,0.0,60,1.0,10,1.0
025_R205,25,R,4,0,OPTIMAL,191.4208,4,3,3,0,1,0.75,175.8645,0.0,15.5562,60,1.0,10,1.0
025_R205,25,R,4,1,OPTIMAL,213.1446,4,4,4,0,0,1.0,213.1446,0.0,0.0,60,1.0,10,1.0
025_R205,25,R,4,2,OPTIMAL,233.4859,4,4,4,0,0,1.0,233.4859,0.0,0.0,60,1.0,10,1.0
025_R205,25,R,4,3,OPTIMAL,221.837,4,4,4,0,0,1.0,221.837,0.0,0.0,60,1.0,10,1.0
025_R205,25,R,4,4,OPTIMAL,215.6841,4,3,3,0,1,0.75,197.8086,0.0,17.8755,60,1.0,10,1.0
025_R205,25,R,4,5,OPTIMAL,227.2181,4,4,4,0,0,1.0,227.2181,0.0,0.0,60,1.0,10,1.0
025_R205,25,R,4,6,OPTIMAL,173.6822,4,4,4,0,0,1.0,173.6822,0.0,0.0,60,1.0,10,1.0
025_R205,25,R,4,7,OPTIMAL,257.9469,4,4,4,0,0,1.0,257.9469,0.0,0.0,60,1.0,10,1.0
025_R205,25,R,4,8,OPTIMAL,186.509,4,4,3,1,0,1.0,186.509,0.0,0.0,60,1.0,10,1.0
025_R205,25,R,4,9,OPTIMAL,197.3662,4,4,4,0,0,1.0,197.3662,0.0,0.0,60,1.0,10,1.0
025_R205,25,R,6,0,OPTIMAL,248.2736,6,4,4,0,2,0.6667,208.8422,0.0,39.4313,60,1.0,10,1.0
025_R205,25,R,6,1,OPTIMAL,279.6333,6,6,6,0,0,1.0,279.6333,0.0,0.0,60,1.0,10,1.0
025_R205,25,R,6,2,OPTIMAL,343.6467,6,6,5,1,0,1.0,343.6467,0.0,0.0,60,1.0,10,1.0
025_R205,25,R,6,3,OPTIMAL,306.1736,6,6,6,0,0,1.0,306.1736,0.0,0.0,60,1.0,10,1.0
025_R205,25,R,6,4,OPTIMAL,294.4071,6,6,6,0,0,1.0,294.4071,0.0,0.0,60,1.0,10,1.0
025_R205,25,R,6,5,OPTIMAL,293.9009,6,5,5,0,1,0.8333,286.3916,0.0,7.5093,60,1.0,10,1.0
025_R205,25,R,6,6,OPTIMAL,282.0126,6,5,5,0,1,0.8333,268.3212,0.0,13.6914,60,1.0,10,1.0
025_R205,25,R,6,7,OPTIMAL,279.2731,6,4,4,0,2,0.6667,245.593,0.0,33.6801,60,1.0,10,1.0
025_R205,25,R,6,8,OPTIMAL,285.8378,6,5,5,0,1,0.8333,253.4553,0.0,32.3825,60,1.0,10,1.0
025_R205,25,R,6,9,OPTIMAL,258.6658,6,5,5,0,1,0.8333,241.6683,0.0,16.9975,60,1.0,10,1.0
025_R206,25,R,2,0,OPTIMAL,93.4682,2,2,2,0,0,1.0,93.4682,0.0,0.0,60,1.0,10,1.0
025_R206,25,R,2,1,OPTIMAL,102.0238,2,2,2,0,0,1.0,102.0238,0.0,0.0,60,1.0,10,1.0
025_R206,25,R,2,2,OPTIMAL,127.9567,2,2,2,0,0,1.0,127.9567,0.0,0.0,60,1.0,10,1.0
025_R206,25,R,2,3,OPTIMAL,115.3998,2,2,2,0,0,1.0,115.3998,0.0,0.0,60,1.0,10,1.0
025_R206,25,R,2,4,OPTIMAL,99.6103,2,2,2,0,0,1.0,99.6103,0.0,0.0,60,1.0,10,1.0
025_R206,25,R,2,5,OPTIMAL,132.7645,2,2,2,0,0,1.0,132.7645,0.0,0.0,60,1.0,10,1.0
025_R206,25,R,2,6,OPTIMAL,129.447,2,2,2,0,0,1.0,129.447,0.0,0.0,60,1.0,10,1.0
025_R206,25,R,2,7,OPTIMAL,98.4715,2,2,2,0,0,1.0,98.4715,0.0,0.0,60,1.0,10,1.0
025_R206,25,R,2,8,OPTIMAL,92.8054,2,2,2,0,0,1.0,92.8054,0.0,0.0,60,1.0,10,1.0
025_R206,25,R,2,9,OPTIMAL,93.4805,2,2,2,0,0,1.0,93.4805,0.0,0.0,60,1.0,10,1.0
025_R206,25,R,4,0,OPTIMAL,215.0785,4,4,3,1,0,1.0,215.0785,0.0,0.0,60,1.0,10,1.0
025_R206,25,R,4,1,OPTIMAL,213.1446,4,4,4,0,0,1.0,213.1446,0.0,0.0,60,1.0,10,1.0
025_R206,25,R,4,2,OPTIMAL,233.4859,4,4,4,0,0,1.0,233.4859,0.0,0.0,60,1.0,10,1.0
025_R206,25,R,4,3,OPTIMAL,221.837,4,4,4,0,0,1.0,221.837,0.0,0.0,60,1.0,10,1.0
025_R206,25,R,4,4,OPTIMAL,252.814,4,4,4,0,0,1.0,252.814,0.0,0.0,60,1.0,10,1.0
025_R206,25,R,4,5,OPTIMAL,227.2181,4,4,4,0,0,1.0,227.2181,0.0,0.0,60,1.0,10,1.0
025_R206,25,R,4,6,OPTIMAL,173.6822,4,4,4,0,0,1.0,173.6822,0.0,0.0,60,1.0,10,1.0
025_R206,25,R,4,7,OPTIMAL,257.9469,4,4,4,0,0,1.0,257.9469,0.0,0.0,60,1.0,10,1.0
025_R206,25,R,4,8,OPTIMAL,186.509,4,4,3,1,0,1.0,186.509,0.0,0.0,60,1.0,10,1.0
025_R206,25,R,4,9,OPTIMAL,197.3662,4,4,3,1,0,1.0,197.3662,0.0,0.0,60,1.0,10,1.0
025_R206,25,R,6,0,OPTIMAL,274.8772,6,5,4,1,1,0.8333,249.9538,0.0,24.9234,60,1.0,10,1.0
025_R206,25,R,6,1,OPTIMAL,279.6333,6,6,6,0,0,1.0,279.6333,0.0,0.0,60,1.0,10,1.0
025_R206,25,R,6,2,OPTIMAL,343.6467,6,6,5,1,0,1.0,343.6467,0.0,0.0,60,1.0,10,1.0
025_R206,25,R,6,3,OPTIMAL,306.1736,6,6,6,0,0,1.0,306.1736,0.0,0.0,60,1.0,10,1.0
025_R206,25,R,6,4,OPTIMAL,294.4071,6,6,6,0,0,1.0,294.4071,0.0,0.0,60,1.0,10,1.0
025_R206,25,R,6,5,OPTIMAL,293.9009,6,5,5,0,1,0.8333,286.3916,0.0,7.5093,60,1.0,10,1.0
025_R206,25,R,6,6,OPTIMAL,292.7602,6,6,5,1,0,1.0,292.7602,0.0,0.0,60,1.0,10,1.0
025_R206,25,R,6,7,OPTIMAL,249.2751,6,3,3,0,3,0.5,185.2289,0.0,64.0463,60,1.0,10,1.0
025_R206,25,R,6,8,OPTIMAL,285.8378,6,5,5,0,1,0.8333,253.4553,0.0,32.3825,60,1.0,10,1.0
025_R206,25,R,6,9,OPTIMAL,267.8434,6,6,5,1,0,1.0,267.8434,0.0,0.0,60,1.0,10,1.0
025_R207,25,R,2,0,OPTIMAL,93.4682,2,2,2,0,0,1.0,93.4682,0.0,0.0,60,1.0,10,1.0
025_R207,25,R,2,1,OPTIMAL,102.0238,2,2,2,0,0,1.0,102.0238,0.0,0.0,60,1.0,10,1.0
025_R207,25,R,2,2,OPTIMAL,127.9567,2,2,2,0,0,1.0,127.9567,0.0,0.0,60,1.0,10,1.0
025_R207,25,R,2,3,OPTIMAL,115.3998,2,2,2,0,0,1.0,115.3998,0.0,0.0,60,1.0,10,1.0
025_R207,25,R,2,4,OPTIMAL,99.6103,2,2,2,0,0,1.0,99.6103,0.0,0.0,60,1.0,10,1.0
025_R207,25,R,2,5,OPTIMAL,132.7645,2,2,2,0,0,1.0,132.7645,0.0,0.0,60,1.0,10,1.0
025_R207,25,R,2,6,OPTIMAL,129.447,2,2,2,0,0,1.0,129.447,0.0,0.0,60,1.0,10,1.0
025_R207,25,R,2,7,OPTIMAL,98.4715,2,2,2,0,0,1.0,98.4715,0.0,0.0,60,1.0,10,1.0
025_R207,25,R,2,8,OPTIMAL,92.8054,2,2,2,0,0,1.0,92.8054,0.0,0.0,60,1.0,10,1.0
025_R207,25,R,2,9,OPTIMAL,93.4805,2,2,2,0,0,1.0,93.4805,0.0,0.0,60,1.0,10,1.0
025_R207,25,R,4,0,OPTIMAL,215.0785,4,4,3,1,0,1.0,215.0785,0.0,0.0,60,1.0,10,1.0
025_R207,25,R,4,1,OPTIMAL,213.1446,4,4,4,0,0,1.0,213.1446,0.0,0.0,60,1.0,10,1.0
025_R207,25,R,4,2,OPTIMAL,233.4859,4,4,4,0,0,1.0,233.4859,0.0,0.0,60,1.0,10,1.0
025_R207,25,R,4,3,OPTIMAL,221.837,4,4,4,0,0,1.0,221.837,0.0,0.0,60,1.0,10,1.0
025_R207,25,R,4,4,OPTIMAL,252.814,4,4,4,0,0,1.0,252.814,0.0,0.0,60,1.0,10,1.0
025_R207,25,R,4,5,OPTIMAL,227.2181,4,4,4,0,0,1.0,227.2181,0.0,0.0,60,1.0,10,1.0
025_R207,25,R,4,6,OPTIMAL,173.6822,4,4,4,0,0,1.0,173.6822,0.0,0.0,60,1.0,10,1.0
025_R207,25,R,4,7,OPTIMAL,257.9469,4,4,4,0,0,1.0,257.9469,0.0,0.0,60,1.0,10,1.0
025_R207,25,R,4,8,OPTIMAL,186.509,4,4,3,1,0,1.0,186.509,0.0,0.0,60,1.0,10,1.0
025_R207,25,R,4,9,OPTIMAL,169.0213,4,3,3,0,1,0.75,168.8792,0.0,0.1421,60,1.0,10,1.0
025_R207,25,R,6,0,OPTIMAL,274.8772,6,5,5,0,1,0.8333,249.9538,0.0,24.9234,60,1.0,10,1.0
025_R207,25,R,6,1,OPTIMAL,279.6333,6,6,6,0,0,1.0,279.6333,0.0,0.0,60,1.0,10,1.0
025_R207,25,R,6,2,OPTIMAL,343.6467,6,6,5,1,0,1.0,343.6467,0.0,0.0,60,1.0,10,1.0
025_R207,25,R,6,3,OPTIMAL,306.1736,6,6,6,0,0,1.0,306.1736,0.0,0.0,60,1.0,10,1.0
025_R207,25,R,6,4,OPTIMAL,294.4071,6,6,6,0,0,1.0,294.4071,0.0,0.0,60,1.0,10,1.0
025_R207,25,R,6,5,OPTIMAL,293.9009,6,5,5,0,1,0.8333,286.3916,0.0,7.5093,60,1.0,10,1.0
025_R207,25,R,6,6,OPTIMAL,292.7602,6,6,6,0,0,1.0,292.7602,0.0,0.0,60,1.0,10,1.0
025_R207,25,R,6,7,OPTIMAL,215.3901,6,3,3,0,3,0.5,185.2289,0.0,30.1612,60,1.0,10,1.0
025_R207,25,R,6,8,OPTIMAL,298.6634,6,6,5,1,0,1.0,298.6634,0.0,0.0,60,1.0,10,1.0
025_R207,25,R,6,9,OPTIMAL,267.8434,6,6,6,0,0,1.0,267.8434,0.0,0.0,60,1.0,10,1.0
025_R208,25,R,2,0,OPTIMAL,93.4682,2,2,2,0,0,1.0,93.4682,0.0,0.0,60,1.0,10,1.0
025_R208,25,R,2,1,OPTIMAL,102.0238,2,2,2,0,0,1.0,102.0238,0.0,0.0,60,1.0,10,1.0
025_R208,25,R,2,2,OPTIMAL,127.9567,2,2,2,0,0,1.0,127.9567,0.0,0.0,60,1.0,10,1.0
025_R208,25,R,2,3,OPTIMAL,115.3998,2,2,2,0,0,1.0,115.3998,0.0,0.0,60,1.0,10,1.0
025_R208,25,R,2,4,OPTIMAL,99.6103,2,2,2,0,0,1.0,99.6103,0.0,0.0,60,1.0,10,1.0
025_R208,25,R,2,5,OPTIMAL,132.7645,2,2,2,0,0,1.0,132.7645,0.0,0.0,60,1.0,10,1.0
025_R208,25,R,2,6,OPTIMAL,129.447,2,2,2,0,0,1.0,129.447,0.0,0.0,60,1.0,10,1.0
025_R208,25,R,2,7,OPTIMAL,98.4715,2,2,2,0,0,1.0,98.4715,0.0,0.0,60,1.0,10,1.0
025_R208,25,R,2,8,OPTIMAL,92.8054,2,2,2,0,0,1.0,92.8054,0.0,0.0,60,1.0,10,1.0
025_R208,25,R,2,9,OPTIMAL,93.4805,2,2,2,0,0,1.0,93.4805,0.0,0.0,60,1.0,10,1.0
025_R208,25,R,4,0,OPTIMAL,215.0785,4,4,4,0,0,1.0,215.0785,0.0,0.0,60,1.0,10,1.0
025_R208,25,R,4,1,OPTIMAL,213.1446,4,4,4,0,0,1.0,213.1446,0.0,0.0,60,1.0,10,1.0
025_R208,25,R,4,2,OPTIMAL,233.4859,4,4,4,0,0,1.0,233.4859,0.0,0.0,60,1.0,10,1.0
025_R208,25,R,4,3,OPTIMAL,221.837,4,4,4,0,0,1.0,221.837,0.0,0.0,60,1.0,10,1.0
025_R208,25,R,4,4,OPTIMAL,252.814,4,4,4,0,0,1.0,252.814,0.0,0.0,60,1.0,10,1.0
025_R208,25,R,4,5,OPTIMAL,227.2181,4,4,4,0,0,1.0,227.2181,0.0,0.0,60,1.0,10,1.0
025_R208,25,R,4,6,OPTIMAL,173.6822,4,4,4,0,0,1.0,173.6822,0.0,0.0,60,1.0,10,1.0
025_R208,25,R,4,7,OPTIMAL,257.9469,4,4,4,0,0,1.0,257.9469,0.0,0.0,60,1.0,10,1.0
025_R208,25,R,4,8,OPTIMAL,186.509,4,4,4,0,0,1.0,186.509,0.0,0.0,60,1.0,10,1.0
025_R208,25,R,4,9,OPTIMAL,169.0213,4,3,3,0,1,0.75,168.8792,0.0,0.1421,60,1.0,10,1.0
025_R208,25,R,6,0,OPTIMAL,318.5178,6,6,6,0,0,1.0,318.5178,0.0,0.0,60,1.0,10,1.0
025_R208,25,R,6,1,OPTIMAL,279.6333,6,6,6,0,0,1.0,279.6333,0.0,0.0,60,1.0,10,1.0
025_R208,25,R,6,2,OPTIMAL,343.6467,6,6,6,0,0,1.0,343.6467,0.0,0.0,60,1.0,10,1.0
025_R208,25,R,6,3,OPTIMAL,306.1736,6,6,6,0,0,1.0,306.1736,0.0,0.0,60,1.0,10,1.0
025_R208,25,R,6,4,OPTIMAL,294.4071,6,6,6,0,0,1.0,294.4071,0.0,0.0,60,1.0,10,1.0
025_R208,25,R,6,5,OPTIMAL,293.9009,6,5,5,0,1,0.8333,286.3916,0.0,7.5093,60,1.0,10,1.0
025_R208,25,R,6,6,OPTIMAL,292.7602,6,6,6,0,0,1.0,292.7602,0.0,0.0,60,1.0,10,1.0
025_R208,25,R,6,7,OPTIMAL,254.7025,6,4,4,0,2,0.6667,252.8868,0.0,1.8157,60,1.0,10,1.0
025_R208,25,R,6,8,OPTIMAL,298.6634,6,6,6,0,0,1.0,298.6634,0.0,0.0,60,1.0,10,1.0
025_R208,25,R,6,9,OPTIMAL,267.8434,6,6,6,0,0,1.0,267.8434,0.0,0.0,60,1.0,10,1.0
025_R209,25,R,2,0,OPTIMAL,93.4682,2,2,2,0,0,1.0,93.4682,0.0,0.0,60,1.0,10,1.0
025_R209,25,R,2,1,OPTIMAL,102.0238,2,2,2,0,0,1.0,102.0238,0.0,0.0,60,1.0,10,1.0
025_R209,25,R,2,2,OPTIMAL,127.9567,2,2,2,0,0,1.0,127.9567,0.0,0.0,60,1.0,10,1.0
025_R209,25,R,2,3,OPTIMAL,115.3998,2,2,2,0,0,1.0,115.3998,0.0,0.0,60,1.0,10,1.0
025_R209,25,R,2,4,OPTIMAL,99.6103,2,2,2,0,0,1.0,99.6103,0.0,0.0,60,1.0,10,1.0
025_R209,25,R,2,5,OPTIMAL,132.7645,2,2,2,0,0,1.0,132.7645,0.0,0.0,60,1.0,10,1.0
025_R209,25,R,2,6,OPTIMAL,129.447,2,2,2,0,0,1.0,129.447,0.0,0.0,60,1.0,10,1.0
025_R209,25,R,2,7,OPTIMAL,65.2012,2,1,1,0,1,0.5,55.4358,0.0,9.7655,60,1.0,10,1.0
025_R209,25,R,2,8,OPTIMAL,92.8054,2,2,2,0,0,1.0,92.8054,0.0,0.0,60,1.0,10,1.0
025_R209,25,R,2,9,OPTIMAL,93.4805,2,2,2,0,0,1.0,93.4805,0.0,0.0,60,1.0,10,1.0
025_R209,25,R,4,0,OPTIMAL,215.0785,4,4,4,0,0,1.0,215.0785,0.0,0.0,60,1.0,10,1.0
025_R209,25,R,4,1,OPTIMAL,182.7176,4,3,3,0,1,0.75,153.2792,0.0,29.4384,60,1.0,10,1.0
025_R209,25,R,4,2,OPTIMAL,233.4859,4,4,4,0,0,1.0,233.4859,0.0,0.0,60,1.0,10,1.0
025_R209,25,R,4,3,OPTIMAL,221.837,4,4,4,0,0,1.0,221.837,0.0,0.0,60,1.0,10,1.0
025_R209,25,R,4,4,OPTIMAL,252.814,4,4,4,0,0,1.0,252.814,0.0,0.0,60,1.0,10,1.0
025_R209,25,R,4,5,OPTIMAL,227.2181,4,4,4,0,0,1.0,227.2181,0.0,0.0,60,1.0,10,1.0
025_R209,25,R,4,6,OPTIMAL,173.6822,4,4,3,1,0,1.0,173.6822,0.0,0.0,60,1.0,10,1.0
025_R209,25,R,4,7,OPTIMAL,257.9469,4,4,4,0,0,1.0,257.9469,0.0,0.0,60,1.0,10,1.0
025_R209,25,R,4,8,OPTIMAL,178.5784,4,3,2,1,1,0.75,136.2002,0.0,42.3782,60,1.0,10,1.0
025_R209,25,R,4,9,OPTIMAL,173.7722,4,3,3,0,1,0.75,168.8792,0.0,4.893,60,1.0,10,1.0
025_R209,25,R,6,0,OPTIMAL,277.4702,6,5,5,0,1,0.8333,277.4063,0.0,0.0639,60,1.0,10,1.0
025_R209,25,R,6,1,OPTIMAL,279.6333,6,6,5,1,0,1.0,279.6333,0.0,0.0,60,1.0,10,1.0
025_R209,25,R,6,2,OPTIMAL,296.0049,6,5,5,0,1,0.8333,288.0753,0.0,7.9297,60,1.0,10,1.0
025_R209,25,R,6,3,OPTIMAL,277.5602,6,5,3,2,1,0.8333,277.3239,0.0,0.2363,60,1.0,10,1.0
025_R209,25,R,6,4,OPTIMAL,294.4071,6,6,6,0,0,1.0,294.4071,0.0,0.0,60,1.0,10,1.0
025_R209,25,R,6,5,OPTIMAL,328.6325,6,6,6,0,0,1.0,328.6325,0.0,0.0,60,1.0,10,1.0
025_R209,25,R,6,6,OPTIMAL,275.9748,6,5,5,0,1,0.8333,268.3212,0.0,7.6536,60,1.0,10,1.0
025_R209,25,R,6,7,OPTIMAL,321.7652,6,5,5,0,1,0.8333,313.2509,0.0,8.5143,60,1.0,10,1.0
025_R209,25,R,6,8,OPTIMAL,298.6634,6,6,5,1,0,1.0,298.6634,0.0,0.0,60,1.0,10,1.0
025_R209,25,R,6,9,OPTIMAL,247.7171,6,5,5,0,1,0.8333,241.6683,0.0,6.0488,60,1.0,10,1.0
025_R210,25,R,2,0,OPTIMAL,93.4682,2,2,2,0,0,1.0,93.4682,0.0,0.0,60,1.0,10,1.0
025_R210,25,R,2,1,OPTIMAL,102.0238,2,2,2,0,0,1.0,102.0238,0.0,0.0,60,1.0,10,1.0
025_R210,25,R,2,2,OPTIMAL,127.9567,2,2,2,0,0,1.0,127.9567,0.0,0.0,60,1.0,10,1.0
025_R210,25,R,2,3,OPTIMAL,115.3998,2,2,2,0,0,1.0,115.3998,0.0,0.0,60,1.0,10,1.0
025_R210,25,R,2,4,OPTIMAL,99.6103,2,2,2,0,0,1.0,99.6103,0.0,0.0,60,1.0,10,1.0
025_R210,25,R,2,5,OPTIMAL,132.7645,2,2,2,0,0,1.0,132.7645,0.0,0.0,60,1.0,10,1.0
025_R210,25,R,2,6,OPTIMAL,129.447,2,2,2,0,0,1.0,129.447,0.0,0.0,60,1.0,10,1.0
025_R210,25,R,2,7,OPTIMAL,98.4715,2,2,2,0,0,1.0,98.4715,0.0,0.0,60,1.0,10,1.0
025_R210,25,R,2,8,OPTIMAL,92.8054,2,2,2,0,0,1.0,92.8054,0.0,0.0,60,1.0,10,1.0
025_R210,25,R,2,9,OPTIMAL,93.4805,2,2,2,0,0,1.0,93.4805,0.0,0.0,60,1.0,10,1.0
025_R210,25,R,4,0,OPTIMAL,215.0785,4,4,4,0,0,1.0,215.0785,0.0,0.0,60,1.0,10,1.0
025_R210,25,R,4,1,OPTIMAL,213.1446,4,4,4,0,0,1.0,213.1446,0.0,0.0,60,1.0,10,1.0
025_R210,25,R,4,2,OPTIMAL,233.4859,4,4,4,0,0,1.0,233.4859,0.0,0.0,60,1.0,10,1.0
025_R210,25,R,4,3,OPTIMAL,221.837,4,4,4,0,0,1.0,221.837,0.0,0.0,60,1.0,10,1.0
025_R210,25,R,4,4,OPTIMAL,252.814,4,4,4,0,0,1.0,252.814,0.0,0.0,60,1.0,10,1.0
025_R210,25,R,4,5,OPTIMAL,164.007,4,3,3,0,1,0.75,158.2553,0.0,5.7517,60,1.0,10,1.0
025_R210,25,R,4,6,OPTIMAL,151.9718,4,3,3,0,1,0.75,151.2915,0.0,0.6803,60,1.0,10,1.0
025_R210,25,R,4,7,OPTIMAL,257.9469,4,4,4,0,0,1.0,257.9469,0.0,0.0,60,1.0,10,1.0
025_R210,25,R,4,8,OPTIMAL,186.509,4,4,4,0,0,1.0,186.509,0.0,0.0,60,1.0,10,1.0
025_R210,25,R,4,9,OPTIMAL,197.3662,4,4,4,0,0,1.0,197.3662,0.0,0.0,60,1.0,10,1.0
025_R210,25,R,6,0,OPTIMAL,267.6693,6,5,5,0,1,0.8333,267.1708,0.0,0.4985,60,1.0,10,1.0
025_R210,25,R,6,1,OPTIMAL,279.6333,6,6,6,0,0,1.0,279.6333,0.0,0.0,60,1.0,10,1.0
025_R210,25,R,6,2,OPTIMAL,343.6467,6,6,6,0,0,1.0,343.6467,0.0,0.0,60,1.0,10,1.0
025_R210,25,R,6,3,OPTIMAL,306.1736,6,6,6,0,0,1.0,306.1736,0.0,0.0,60,1.0,10,1.0
025_R210,25,R,6,4,OPTIMAL,294.4071,6,6,5,1,0,1.0,294.4071,0.0,0.0,60,1.0,10,1.0
025_R210,25,R,6,5,OPTIMAL,328.6325,6,6,5,1,0,1.0,328.6325,0.0,0.0,60,1.0,10,1.0
025_R210,25,R,6,6,OPTIMAL,292.7602,6,6,6,0,0,1.0,292.7602,0.0,0.0,60,1.0,10,1.0
025_R210,25,R,6,7,OPTIMAL,291.7672,6,4,4,0,2,0.6667,252.8868,0.0,38.8804,60,1.0,10,1.0
025_R210,25,R,6,8,OPTIMAL,275.9645,6,5,5,0,1,0.8333,256.7047,0.0,19.2598,60,1.0,10,1.0
025_R210,25,R,6,9,OPTIMAL,267.8434,6,6,6,0,0,1.0,267.8434,0.0,0.0,60,1.0,10,1.0
025_R211,25,R,2,0,OPTIMAL,47.9998,2,1,1,0,1,0.5,39.7686,0.0,8.2312,60,1.0,10,1.0
025_R211,25,R,2,1,OPTIMAL,102.0238,2,2,2,0,0,1.0,102.0238,0.0,0.0,60,1.0,10,1.0
025_R211,25,R,2,2,OPTIMAL,127.9567,2,2,2,0,0,1.0,127.9567,0.0,0.0,60,1.0,10,1.0
025_R211,25,R,2,3,OPTIMAL,115.3998,2,2,2,0,0,1.0,115.3998,0.0,0.0,60,1.0,10,1.0
025_R211,25,R,2,4,OPTIMAL,99.6103,2,2,2,0,0,1.0,99.6103,0.0,0.0,60,1.0,10,1.0
025_R211,25,R,2,5,OPTIMAL,132.7645,2,2,2,0,0,1.0,132.7645,0.0,0.0,60,1.0,10,1.0
025_R211,25,R,2,6,OPTIMAL,99.4472,2,1,1,0,1,0.5,65.4213,0.0,34.0259,60,1.0,10,1.0
025_R211,25,R,2,7,OPTIMAL,98.4715,2,2,2,0,0,1.0,98.4715,0.0,0.0,60,1.0,10,1.0
025_R211,25,R,2,8,OPTIMAL,32.7189,2,1,0,1,1,0.5,27.6641,0.0,5.0547,60,1.0,10,1.0
025_R211,25,R,2,9,OPTIMAL,93.4805,2,2,2,0,0,1.0,93.4805,0.0,0.0,60,1.0,10,1.0
025_R211,25,R,4,0,OPTIMAL,215.0785,4,4,4,0,0,1.0,215.0785,0.0,0.0,60,1.0,10,1.0
025_R211,25,R,4,1,OPTIMAL,213.1446,4,4,4,0,0,1.0,213.1446,0.0,0.0,60,1.0,10,1.0
025_R211,25,R,4,2,OPTIMAL,193.0285,4,3,3,0,1,0.75,176.2962,0.0,16.7323,60,1.0,10,1.0
025_R211,25,R,4,3,OPTIMAL,221.837,4,4,4,0,0,1.0,221.837,0.0,0.0,60,1.0,10,1.0
025_R211,25,R,4,4,OPTIMAL,201.3245,4,3,2,1,1,0.75,197.8086,0.0,3.5158,60,1.0,10,1.0
025_R211,25,R,4,5,OPTIMAL,227.2181,4,4,3,1,0,1.0,227.2181,0.0,0.0,60,1.0,10,1.0
025_R211,25,R,4,6,OPTIMAL,151.9718,4,3,2,1,1,0.75,151.2915,0.0,0.6803,60,1.0,10,1.0
025_R211,25,R,4,7,OPTIMAL,218.8079,4,3,3,0,1,0.75,212.0836,0.0,6.7243,60,1.0,10,1.0
025_R211,25,R,4,8,OPTIMAL,186.509,4,4,3,1,0,1.0,186.509,0.0,0.0,60,1.0,10,1.0
025_R211,25,R,4,9,OPTIMAL,173.7722,4,3,3,0,1,0.75,168.8792,0.0,4.893,60,1.0,10,1.0
025_R211,25,R,6,0,OPTIMAL,318.5178,6,6,6,0,0,1.0,318.5178,0.0,0.0,60,1.0,10,1.0
025_R211,25,R,6,1,OPTIMAL,249.3508,6,5,5,0,1,0.8333,247.9581,0.0,1.3927,60,1.0,10,1.0
025_R211,25,R,6,2,OPTIMAL,343.6467,6,6,5,1,0,1.0,343.6467,0.0,0.0,60,1.0,10,1.0
025_R211,25,R,6,3,OPTIMAL,306.1736,6,6,4,2,0,1.0,306.1736,0.0,0.0,60,1.0,10,1.0
025_R211,25,R,6,4,OPTIMAL,294.4071,6,6,6,0,0,1.0,294.4071,0.0,0.0,60,1.0,10,1.0
025_R211,25,R,6,5,OPTIMAL,266.0755,6,5,5,0,1,0.8333,261.6748,0.0,4.4007,60,1.0,10,1.0
025_R211,25,R,6,6,OPTIMAL,292.7602,6,6,6,0,0,1.0,292.7602,0.0,0.0,60,1.0,10,1.0
025_R211,25,R,6,7,OPTIMAL,321.7652,6,5,5,0,1,0.8333,313.2509,0.0,8.5143,60,1.0,10,1.0
025_R211,25,R,6,8,OPTIMAL,298.6634,6,6,6,0,0,1.0,298.6634,0.0,0.0,60,1.0,10,1.0
025_R211,25,R,6,9,OPTIMAL,267.8434,6,6,6,0,0,1.0,267.8434,0.0,0.0,60,1.0,10,1.0
025_RC101,25,RC,2,0,OPTIMAL,10.3791,2,0,0,0,2,0.0,0.0,0.0,10.3791,60,1.0,10,1.0
025_RC101,25,RC,2,1,OPTIMAL,75.1531,2,1,1,0,1,0.5,73.9001,0.0,1.253,60,1.0,10,1.0
025_RC101,25,RC,2,2,OPTIMAL,141.6282,2,2,2,0,0,1.0,141.6282,0.0,0.0,60,1.0,10,1.0
025_RC101,25,RC,2,3,OPTIMAL,7.311,2,0,0,0,2,0.0,0.0,0.0,7.311,60,1.0,10,1.0
025_RC101,25,RC,2,4,OPTIMAL,155.7759,2,2,2,0,0,1.0,155.7759,0.0,0.0,60,1.0,10,1.0
025_RC101,25,RC,2,5,OPTIMAL,82.3954,2,1,0,1,1,0.5,79.8493,0.0,2.5461,60,1.0,10,1.0
025_RC101,25,RC,2,6,OPTIMAL,113.4616,2,1,1,0,1,0.5,71.6285,0.0,41.8331,60,1.0,10,1.0
025_RC101,25,RC,2,7,OPTIMAL,3.0925,2,0,0,0,2,0.0,0.0,0.0,3.0925,60,1.0,10,1.0
025_RC101,25,RC,2,8,OPTIMAL,85.4224,2,1,1,0,1,0.5,85.0094,0.0,0.413,60,1.0,10,1.0
025_RC101,25,RC,2,9,OPTIMAL,167.0608,2,2,2,0,0,1.0,167.0608,0.0,0.0,60,1.0,10,1.0
025_RC101,25,RC,4,0,OPTIMAL,154.2083,4,2,1,1,2,0.5,143.8822,0.0,10.326,60,1.0,10,1.0
025_RC101,25,RC,4,1,OPTIMAL,176.0369,4,2,2,0,2,0.5,166.3138,0.0,9.7231,60,1.0,10,1.0
025_RC101,25,RC,4,2,OPTIMAL,118.3193,4,1,1,0,3,0.25,65.0837,0.0,53.2356,60,1.0,10,1.0
025_RC101,25,RC,4,3,OPTIMAL,93.9356,4,1,1,0,3,0.25,77.405,0.0,16.5306,60,1.0,10,1.0
025_RC101,25,RC,4,4,OPTIMAL,90.0856,4,1,1,0,3,0.25,66.3928,0.0,23.6928,60,1.0,10,1.0
025_RC101,25,RC,4,5,OPTIMAL,298.8681,4,4,4,0,0,1.0,298.8681,0.0,0.0,60,1.0,10,1.0
025_RC101,25,RC,4,6,OPTIMAL,97.6867,4,1,1,0,3,0.25,75.0454,0.0,22.6413,60,1.0,10,1.0
025_RC101,25,RC,4,7,OPTIMAL,194.5484,4,2,2,0,2,0.5,186.0891,0.0,8.4593,60,1.0,10,1.0
025_RC101,25,RC,4,8,OPTIMAL,237.1461,4,3,3,0,1,0.75,234.2711,0.0,2.8751,60,1.0,10,1.0
025_RC101,25,RC,4,9,OPTIMAL,173.0886,4,1,1,0,3,0.25,94.626,0.0,78.4626,60,1.0,10,1.0
025_RC101,25,RC,6,0,OPTIMAL,330.7652,6,4,4,0,2,0.6667,319.6007,0.0,11.1646,60,1.0,10,1.0
025_RC101,25,RC,6,1,OPTIMAL,165.698,6,2,1,1,4,0.3333,149.6342,0.0,16.0639,60,1.0,10,1.0
025_RC101,25,RC,6,2,OPTIMAL,306.3667,6,4,4,0,2,0.6667,296.5132,0.0,9.8535,60,1.0,10,1.0
025_RC101,25,RC,6,3,OPTIMAL,259.2188,6,3,3,0,3,0.5,243.0062,0.0,16.2126,60,1.0,10,1.0
025_RC101,25,RC,6,4,OPTIMAL,209.3181,6,2,2,0,4,0.3333,175.5453,0.0,33.7728,60,1.0,10,1.0
025_RC101,25,RC,6,5,OPTIMAL,263.3962,6,3,3,0,3,0.5,204.4234,0.0,58.9728,60,1.0,10,1.0
025_RC101,25,RC,6,6,OPTIMAL,112.5591,6,1,1,0,5,0.1667,78.5953,0.0,33.9638,60,1.0,10,1.0
025_RC101,25,RC,6,7,OPTIMAL,395.8849,6,5,5,0,1,0.8333,386.2223,0.0,9.6626,60,1.0,10,1.0
025_RC101,25,RC,6,8,OPTIMAL,194.4722,6,2,2,0,4,0.3333,156.5362,0.0,37.936,60,1.0,10,1.0
025_RC101,25,RC,6,9,OPTIMAL,216.6805,6,2,2,0,4,0.3333,167.1605,0.0,49.5201,60,1.0,10,1.0
025_RC102,25,RC,2,0,OPTIMAL,72.2007,2,1,1,0,1,0.5,72.1551,0.0,0.0456,60,1.0,10,1.0
025_RC102,25,RC,2,1,OPTIMAL,75.1531,2,1,1,0,1,0.5,73.9001,0.0,1.253,60,1.0,10,1.0
025_RC102,25,RC,2,2,OPTIMAL,141.6282,2,2,2,0,0,1.0,141.6282,0.0,0.0,60,1.0,10,1.0
025_RC102,25,RC,2,3,OPTIMAL,7.311,2,0,0,0,2,0.0,0.0,0.0,7.311,60,1.0,10,1.0
025_RC102,25,RC,2,4,OPTIMAL,155.7759,2,2,2,0,0,1.0,155.7759,0.0,0.0,60,1.0,10,1.0
025_RC102,25,RC,2,5,OPTIMAL,82.3954,2,1,0,1,1,0.5,79.8493,0.0,2.5461,60,1.0,10,1.0
025_RC102,25,RC,2,6,OPTIMAL,113.4616,2,1,1,0,1,0.5,71.6285,0.0,41.8331,60,1.0,10,1.0
025_RC102,25,RC,2,7,OPTIMAL,4.6577,2,0,0,0,2,0.0,0.0,0.0,4.6577,60,1.0,10,1.0
025_RC102,25,RC,2,8,OPTIMAL,10.6859,2,0,0,0,2,0.0,0.0,0.0,10.6859,60,1.0,10,1.0
025_RC102,25,RC,2,9,OPTIMAL,167.0608,2,2,2,0,0,1.0,167.0608,0.0,0.0,60,1.0,10,1.0
025_RC102,25,RC,4,0,OPTIMAL,84.4184,4,1,0,1,3,0.25,65.9377,0.0,18.4807,60,1.0,10,1.0
025_RC102,25,RC,4,1,OPTIMAL,100.7839,4,1,1,0,3,0.25,80.5211,0.0,20.2628,60,1.0,10,1.0
025_RC102,25,RC,4,2,OPTIMAL,11.1377,4,0,0,0,4,0.0,0.0,0.0,11.1377,60,1.0,10,1.0
025_RC102,25,RC,4,3,OPTIMAL,159.1601,4,2,2,0,2,0.5,158.8656,0.0,0.2945,60,1.0,10,1.0
025_RC102,25,RC,4,4,OPTIMAL,80.9146,4,1,1,0,3,0.25,66.3928,0.0,14.5218,60,1.0,10,1.0
025_RC102,25,RC,4,5,OPTIMAL,242.648,4,3,3,0,1,0.75,230.401,0.0,12.247,60,1.0,10,1.0
025_RC102,25,RC,4,6,OPTIMAL,59.306,4,0,0,0,4,0.0,0.0,0.0,59.306,60,1.0,10,1.0
025_RC102,25,RC,4,7,OPTIMAL,107.5537,4,1,1,0,3,0.25,96.0323,0.0,11.5214,60,1.0,10,1.0
025_RC102,25,RC,4,8,OPTIMAL,84.4674,4,1,0,1,3,0.25,74.0345,0.0,10.4329,60,1.0,10,1.0
025_RC102,25,RC,4,9,OPTIMAL,150.6134,4,1,1,0,3,0.25,94.626,0.0,55.9874,60,1.0,10,1.0
025_RC102,25,RC,6,0,OPTIMAL,237.3618,6,3,2,1,3,0.5,229.7114,0.0,7.6504,60,1.0,10,1.0
025_RC102,25,RC,6,1,OPTIMAL,163.0135,6,2,2,0,4,0.3333,146.1095,0.0,16.904,60,1.0,10,1.0
025_RC102,25,RC,6,2,OPTIMAL,371.7192,6,5,5,0,1,0.8333,369.4754,0.0,2.2438,60,1.0,10,1.0
025_RC102,25,RC,6,3,OPTIMAL,345.2169,6,4,4,0,2,0.6667,327.3207,0.0,17.8963,60,1.0,10,1.0
025_RC102,25,RC,6,4,OPTIMAL,266.0033,6,3,3,0,3,0.5,252.7458,0.0,13.2575,60,1.0,10,1.0
025_RC102,25,RC,6,5,OPTIMAL,87.1697,6,1,0,1,5,0.1667,71.4492,0.0,15.7205,60,1.0,10,1.0
025_RC102,25,RC,6,6,OPTIMAL,179.3759,6,2,2,0,4,0.3333,154.8354,0.0,24.5406,60,1.0,10,1.0
025_RC102,25,RC,6,7,OPTIMAL,460.4704,6,6,6,0,0,1.0,460.4704,0.0,0.0,60,1.0,10,1.0
025_RC102,25,RC,6,8,OPTIMAL,201.9721,6,2,2,0,4,0.3333,153.7983,0.0,48.1738,60,1.0,10,1.0
025_RC102,25,RC,6,9,OPTIMAL,282.1616,6,3,3,0,3,0.5,247.9989,0.0,34.1628,60,1.0,10,1.0
025_RC103,25,RC,2,0,OPTIMAL,72.2463,2,1,1,0,1,0.5,72.1551,0.0,0.0912,60,1.0,10,1.0
025_RC103,25,RC,2,1,OPTIMAL,91.9965,2,1,1,0,1,0.5,82.7379,0.0,9.2586,60,1.0,10,1.0
025_RC103,25,RC,2,2,OPTIMAL,75.8329,2,1,1,0,1,0.5,74.7678,0.0,1.0651,60,1.0,10,1.0
025_RC103,25,RC,2,3,OPTIMAL,81.8235,2,1,1,0,1,0.5,74.5267,0.0,7.2967,60,1.0,10,1.0
025_RC103,25,RC,2,4,OPTIMAL,155.7759,2,2,2,0,0,1.0,155.7759,0.0,0.0,60,1.0,10,1.0
025_RC103,25,RC,2,5,OPTIMAL,82.3954,2,1,0,1,1,0.5,79.8493,0.0,2.5461,60,1.0,10,1.0
025_RC103,25,RC,2,6,OPTIMAL,162.5391,2,2,2,0,0,1.0,162.5391,0.0,0.0,60,1.0,10,1.0
025_RC103,25,RC,2,7,OPTIMAL,4.2736,2,0,0,0,2,0.0,0.0,0.0,4.2736,60,1.0,10,1.0
025_RC103,25,RC,2,8,OPTIMAL,13.4232,2,0,0,0,2,0.0,0.0,0.0,13.4232,60,1.0,10,1.0
025_RC103,25,RC,2,9,OPTIMAL,167.0608,2,2,2,0,0,1.0,167.0608,0.0,0.0,60,1.0,10,1.0
025_RC103,25,RC,4,0,OPTIMAL,152.2549,4,2,1,1,2,0.5,143.8822,0.0,8.3727,60,1.0,10,1.0
025_RC103,25,RC,4,1,OPTIMAL,96.8104,4,1,1,0,3,0.25,80.5211,0.0,16.2892,60,1.0,10,1.0
025_RC103,25,RC,4,2,OPTIMAL,154.1086,4,2,2,0,2,0.5,132.6104,0.0,21.4982,60,1.0,10,1.0
025_RC103,25,RC,4,3,OPTIMAL,152.86,4,2,2,0,2,0.5,152.4763,0.0,0.3838,60,1.0,10,1.0
025_RC103,25,RC,4,4,OPTIMAL,82.1674,4,1,1,0,3,0.25,66.3928,0.0,15.7747,60,1.0,10,1.0
025_RC103,25,RC,4,5,OPTIMAL,242.648,4,3,3,0,1,0.75,230.401,0.0,12.247,60,1.0,10,1.0
025_RC103,25,RC,4,6,OPTIMAL,108.2907,4,1,1,0,3,0.25,71.3206,0.0,36.9701,60,1.0,10,1.0
025_RC103,25,RC,4,7,OPTIMAL,203.9701,4,2,2,0,2,0.5,189.3524,0.0,14.6177,60,1.0,10,1.0
025_RC103,25,RC,4,8,OPTIMAL,21.5444,4,0,0,0,4,0.0,0.0,0.0,21.5444,60,1.0,10,1.0
025_RC103,25,RC,4,9,OPTIMAL,199.3666,4,2,2,0,2,0.5,185.7468,0.0,13.6198,60,1.0,10,1.0
025_RC103,25,RC,6,0,OPTIMAL,252.2612,6,3,2,1,3,0.5,248.436,0.0,3.8252,60,1.0,10,1.0
025_RC103,25,RC,6,1,OPTIMAL,163.0135,6,2,2,0,4,0.3333,146.1095,0.0,16.904,60,1.0,10,1.0
025_RC103,25,RC,6,2,OPTIMAL,371.7192,6,5,5,0,1,0.8333,369.4754,0.0,2.2438,60,1.0,10,1.0
025_RC103,25,RC,6,3,OPTIMAL,346.8182,6,4,4,0,2,0.6667,327.3207,0.0,19.4975,60,1.0,10,1.0
025_RC103,25,RC,6,4,OPTIMAL,259.8051,6,3,3,0,3,0.5,252.7458,0.0,7.0593,60,1.0,10,1.0
025_RC103,25,RC,6,5,OPTIMAL,112.9042,6,1,1,0,5,0.1667,75.9203,0.0,36.9839,60,1.0,10,1.0
025_RC103,25,RC,6,6,OPTIMAL,240.8772,6,3,3,0,3,0.5,225.4599,0.0,15.4173,60,1.0,10,1.0
025_RC103,25,RC,6,7,OPTIMAL,460.4704,6,6,6,0,0,1.0,460.4704,0.0,0.0,60,1.0,10,1.0
025_RC103,25,RC,6,8,OPTIMAL,197.5539,6,2,2,0,4,0.3333,166.7152,0.0,30.8387,60,1.0,10,1.0
025_RC103,25,RC,6,9,OPTIMAL,321.4331,6,4,4,0,2,0.6667,317.9123,0.0,3.5207,60,1.0,10,1.0
025_RC104,25,RC,2,0,OPTIMAL,76.1587,2,1,1,0,1,0.5,72.1551,0.0,4.0036,60,1.0,10,1.0
025_RC104,25,RC,2,1,OPTIMAL,96.6258,2,1,1,0,1,0.5,82.7379,0.0,13.8879,60,1.0,10,1.0
025_RC104,25,RC,2,2,OPTIMAL,74.7876,2,1,1,0,1,0.5,74.7678,0.0,0.0199,60,1.0,10,1.0
025_RC104,25,RC,2,3,OPTIMAL,84.2524,2,1,1,0,1,0.5,74.5267,0.0,9.7256,60,1.0,10,1.0
025_RC104,25,RC,2,4,OPTIMAL,155.7759,2,2,2,0,0,1.0,155.7759,0.0,0.0,60,1.0,10,1.0
025_RC104,25,RC,2,5,OPTIMAL,144.4573,2,2,2,0,0,1.0,144.4573,0.0,0.0,60,1.0,10,1.0
025_RC104,25,RC,2,6,OPTIMAL,112.2538,2,1,1,0,1,0.5,90.9106,0.0,21.3432,60,1.0,10,1.0
025_RC104,25,RC,2,7,OPTIMAL,4.2736,2,0,0,0,2,0.0,0.0,0.0,4.2736,60,1.0,10,1.0
025_RC104,25,RC,2,8,OPTIMAL,4.0986,2,0,0,0,2,0.0,0.0,0.0,4.0986,60,1.0,10,1.0
025_RC104,25,RC,2,9,OPTIMAL,167.0608,2,2,2,0,0,1.0,167.0608,0.0,0.0,60,1.0,10,1.0
025_RC104,25,RC,4,0,OPTIMAL,214.4839,4,3,3,0,1,0.75,213.0156,0.0,1.4683,60,1.0,10,1.0
025_RC104,25,RC,4,1,OPTIMAL,93.3649,4,1,1,0,3,0.25,80.5211,0.0,12.8438,60,1.0,10,1.0
025_RC104,25,RC,4,2,OPTIMAL,158.3397,4,2,2,0,2,0.5,132.6104,0.0,25.7293,60,1.0,10,1.0
025_RC104,25,RC,4,3,OPTIMAL,154.1303,4,2,2,0,2,0.5,152.4763,0.0,1.654,60,1.0,10,1.0
025_RC104,25,RC,4,4,OPTIMAL,151.0145,4,2,2,0,2,0.5,139.653,0.0,11.3615,60,1.0,10,1.0
025_RC104,25,RC,4,5,OPTIMAL,242.648,4,3,3,0,1,0.75,230.401,0.0,12.247,60,1.0,10,1.0
025_RC104,25,RC,4,6,OPTIMAL,187.9804,4,2,2,0,2,0.5,135.5274,0.0,52.453,60,1.0,10,1.0
025_RC104,25,RC,4,7,OPTIMAL,198.0123,4,2,2,0,2,0.5,189.3524,0.0,8.6598,60,1.0,10,1.0
025_RC104,25,RC,4,8,OPTIMAL,18.2522,4,0,0,0,4,0.0,0.0,0.0,18.2522,60,1.0,10,1.0
025_RC104,25,RC,4,9,OPTIMAL,276.1586,4,3,3,0,1,0.75,264.921,0.0,11.2376,60,1.0,10,1.0
025_RC104,25,RC,6,0,OPTIMAL,245.1503,6,3,2,1,3,0.5,229.7114,0.0,15.4389,60,1.0,10,1.0
025_RC104,25,RC,6,1,OPTIMAL,278.3274,6,4,3,1,2,0.6667,269.3166,0.0,9.0107,60,1.0,10,1.0
025_RC104,25,RC,6,2,OPTIMAL,370.0289,6,5,5,0,1,0.8333,369.4754,0.0,0.5535,60,1.0,10,1.0
025_RC104,25,RC,6,3,OPTIMAL,328.7095,6,4,3,1,2,0.6667,314.2144,0.0,14.4952,60,1.0,10,1.0
025_RC104,25,RC,6,4,OPTIMAL,336.5038,6,4,4,0,2,0.6667,330.6104,0.0,5.8934,60,1.0,10,1.0
025_RC104,25,RC,6,5,OPTIMAL,124.8393,6,1,1,0,5,0.1667,75.9203,0.0,48.919,60,1.0,10,1.0
025_RC104,25,RC,6,6,OPTIMAL,307.3948,6,4,4,0,2,0.6667,297.4907,0.0,9.9041,60,1.0,10,1.0
025_RC104,25,RC,6,7,OPTIMAL,460.4704,6,6,6,0,0,1.0,460.4704,0.0,0.0,60,1.0,10,1.0
025_RC104,25,RC,6,8,OPTIMAL,262.632,6,3,3,0,3,0.5,239.0799,0.0,23.5521,60,1.0,10,1.0
025_RC104,25,RC,6,9,OPTIMAL,324.9635,6,4,4,0,2,0.6667,317.9123,0.0,7.0512,60,1.0,10,1.0
025_RC105,25,RC,2,0,OPTIMAL,26.226,2,0,0,0,2,0.0,0.0,0.0,26.226,60,1.0,10,1.0
025_RC105,25,RC,2,1,OPTIMAL,156.638,2,2,1,1,0,1.0,156.638,0.0,0.0,60,1.0,10,1.0
025_RC105,25,RC,2,2,OPTIMAL,13.7625,2,0,0,0,2,0.0,0.0,0.0,13.7625,60,1.0,10,1.0
025_RC105,25,RC,2,3,OPTIMAL,7.3252,2,0,0,0,2,0.0,0.0,0.0,7.3252,60,1.0,10,1.0
025_RC105,25,RC,2,4,OPTIMAL,155.7759,2,2,2,0,0,1.0,155.7759,0.0,0.0,60,1.0,10,1.0
025_RC105,25,RC,2,5,OPTIMAL,82.3954,2,1,1,0,1,0.5,79.8493,0.0,2.5461,60,1.0,10,1.0
025_RC105,25,RC,2,6,OPTIMAL,162.5391,2,2,2,0,0,1.0,162.5391,0.0,0.0,60,1.0,10,1.0
025_RC105,25,RC,2,7,OPTIMAL,70.5988,2,1,1,0,1,0.5,65.9034,0.0,4.6955,60,1.0,10,1.0
025_RC105,25,RC,2,8,OPTIMAL,57.9421,2,1,1,0,1,0.5,57.6603,0.0,0.2818,60,1.0,10,1.0
025_RC105,25,RC,2,9,OPTIMAL,167.0608,2,2,2,0,0,1.0,167.0608,0.0,0.0,60,1.0,10,1.0
025_RC105,25,RC,4,0,OPTIMAL,214.7692,4,2,1,1,2,0.5,157.4936,0.0,57.2755,60,1.0,10,1.0
025_RC105,25,RC,4,1,OPTIMAL,173.9978,4,2,2,0,2,0.5,166.3138,0.0,7.684,60,1.0,10,1.0
025_RC105,25,RC,4,2,OPTIMAL,100.6497,4,1,1,0,3,0.25,65.0837,14.6764,20.8896,60,1.0,10,1.0
025_RC105,25,RC,4,3,OPTIMAL,69.3007,4,0,0,0,4,0.0,0.0,22.408,46.8927,60,1.0,10,1.0
025_RC105,25,RC,4,4,OPTIMAL,81.4268,4,1,1,0,3,0.25,66.3928,0.0,15.034,60,1.0,10,1.0
025_RC105,25,RC,4,5,OPTIMAL,242.648,4,3,3,0,1,0.75,230.401,0.0,12.247,60,1.0,10,1.0
025_RC105,25,RC,4,6,OPTIMAL,106.6343,4,1,0,1,3,0.25,75.0454,0.0,31.5889,60,1.0,10,1.0
025_RC105,25,RC,4,7,OPTIMAL,196.7256,4,2,2,0,2,0.5,189.3524,0.0,7.3732,60,1.0,10,1.0
025_RC105,25,RC,4,8,OPTIMAL,154.302,4,2,1,1,2,0.5,151.4259,0.0,2.8761,60,1.0,10,1.0
025_RC105,25,RC,4,9,OPTIMAL,340.7287,4,4,4,0,0,1.0,340.7287,0.0,0.0,60,1.0,10,1.0
025_RC105,25,RC,6,0,OPTIMAL,101.6344,6,1,1,0,5,0.1667,72.971,0.0,28.6634,60,1.0,10,1.0
025_RC105,25,RC,6,1,OPTIMAL,231.5521,6,3,2,1,3,0.5,213.6661,0.0,17.8861,60,1.0,10,1.0
025_RC105,25,RC,6,2,OPTIMAL,259.8876,6,3,3,0,3,0.5,210.688,0.0,49.1996,60,1.0,10,1.0
025_RC105,25,RC,6,3,OPTIMAL,148.3783,6,1,1,0,5,0.1667,90.1432,0.0,58.235,60,1.0,10,1.0
025_RC105,25,RC,6,4,OPTIMAL,348.2032,6,4,4,0,2,0.6667,342.6516,0.0,5.5516,60,1.0,10,1.0
025_RC105,25,RC,6,5,OPTIMAL,102.6895,6,1,0,1,5,0.1667,71.4492,0.0,31.2404,60,1.0,10,1.0
025_RC105,25,RC,6,6,OPTIMAL,313.8862,6,4,4,0,2,0.6667,292.7998,0.0,21.0863,60,1.0,10,1.0
025_RC105,25,RC,6,7,OPTIMAL,413.6242,6,5,5,0,1,0.8333,386.2223,0.0,27.4019,60,1.0,10,1.0
025_RC105,25,RC,6,8,OPTIMAL,254.7846,6,3,3,0,3,0.5,243.2889,0.0,11.4957,60,1.0,10,1.0
025_RC105,25,RC,6,9,OPTIMAL,349.567,6,4,3,1,2,0.6667,314.924,0.0,34.6431,60,1.0,10,1.0
025_RC106,25,RC,2,0,OPTIMAL,5.8803,2,0,0,0,2,0.0,0.0,0.0,5.8803,60,1.0,10,1.0
025_RC106,25,RC,2,1,OPTIMAL,156.638,2,2,2,0,0,1.0,156.638,0.0,0.0,60,1.0,10,1.0
025_RC106,25,RC,2,2,OPTIMAL,2.0276,2,0,0,0,2,0.0,0.0,0.0,2.0276,60,1.0,10,1.0
025_RC106,25,RC,2,3,OPTIMAL,92.4962,2,1,1,0,1,0.5,82.9845,0.0,9.5117,60,1.0,10,1.0
025_RC106,25,RC,2,4,OPTIMAL,155.7759,2,2,2,0,0,1.0,155.7759,0.0,0.0,60,1.0,10,1.0
025_RC106,25,RC,2,5,OPTIMAL,2.9203,2,0,0,0,2,0.0,0.0,0.0,2.9203,60,1.0,10,1.0
025_RC106,25,RC,2,6,OPTIMAL,162.5391,2,2,2,0,0,1.0,162.5391,0.0,0.0,60,1.0,10,1.0
025_RC106,25,RC,2,7,OPTIMAL,69.1071,2,1,1,0,1,0.5,65.9034,0.0,3.2038,60,1.0,10,1.0
025_RC106,25,RC,2,8,OPTIMAL,142.6698,2,2,2,0,0,1.0,142.6698,0.0,0.0,60,1.0,10,1.0
025_RC106,25,RC,2,9,OPTIMAL,167.0608,2,2,2,0,0,1.0,167.0608,0.0,0.0,60,1.0,10,1.0
025_RC106,25,RC,4,0,OPTIMAL,225.3783,4,3,3,0,1,0.75,213.0156,0.0,12.3627,60,1.0,10,1.0
025_RC106,25,RC,4,1,OPTIMAL,185.7468,4,2,2,0,2,0.5,166.3138,0.0,19.433,60,1.0,10,1.0
025_RC106,25,RC,4,2,OPTIMAL,19.2968,4,0,0,0,4,0.0,0.0,0.0,19.2968,60,1.0,10,1.0
025_RC106,25,RC,4,3,OPTIMAL,159.346,4,2,1,1,2,0.5,152.4763,0.0,6.8697,60,1.0,10,1.0
025_RC106,25,RC,4,4,OPTIMAL,155.9921,4,2,2,0,2,0.5,147.5115,0.0,8.4806,60,1.0,10,1.0
025_RC106,25,RC,4,5,OPTIMAL,240.0853,4,3,3,0,1,0.75,230.401,0.0,9.6843,60,1.0,10,1.0
025_RC106,25,RC,4,6,OPTIMAL,159.5364,4,2,2,0,2,0.5,139.2522,0.0,20.2842,60,1.0,10,1.0
025_RC106,25,RC,4,7,OPTIMAL,274.24,4,3,2,1,1,0.75,274.0946,0.0,0.1454,60,1.0,10,1.0
025_RC106,25,RC,4,8,OPTIMAL,105.3763,4,1,1,0,3,0.25,74.0345,0.0,31.3418,60,1.0,10,1.0
025_RC106,25,RC,4,9,OPTIMAL,299.3374,4,3,3,0,1,0.75,261.5545,0.0,37.7829,60,1.0,10,1.0
025_RC106,25,RC,6,0,OPTIMAL,110.157,6,1,0,1,5,0.1667,71.1646,0.0,38.9924,60,1.0,10,1.0
025_RC106,25,RC,6,1,OPTIMAL,211.7835,6,3,1,2,3,0.5,204.3844,0.0,7.3992,60,1.0,10,1.0
025_RC106,25,RC,6,2,OPTIMAL,159.6948,6,2,2,0,4,0.3333,136.21,0.0,23.4848,60,1.0,10,1.0
025_RC106,25,RC,6,3,OPTIMAL,268.5501,6,3,3,0,3,0.5,252.6782,0.0,15.872,60,1.0,10,1.0
025_RC106,25,RC,6,4,OPTIMAL,414.4686,6,5,5,0,1,0.8333,406.2289,0.0,8.2397,60,1.0,10,1.0
025_RC106,25,RC,6,5,OPTIMAL,345.5773,6,4,4,0,2,0.6667,297.3415,0.0,48.2357,60,1.0,10,1.0
025_RC106,25,RC,6,6,OPTIMAL,265.1697,6,3,3,0,3,0.5,225.4599,0.0,39.7097,60,1.0,10,1.0
025_RC106,25,RC,6,7,OPTIMAL,260.4978,6,3,3,0,3,0.5,216.3615,0.0,44.1363,60,1.0,10,1.0
025_RC106,25,RC,6,8,OPTIMAL,396.6344,6,5,5,0,1,0.8333,391.4819,0.0,5.1526,60,1.0,10,1.0
025_RC106,25,RC,6,9,OPTIMAL,324.6956,6,4,4,0,2,0.6667,300.2177,0.0,24.4779,60,1.0,10,1.0
025_RC107,25,RC,2,0,OPTIMAL,6.5006,2,0,0,0,2,0.0,0.0,0.0,6.5006,60,1.0,10,1.0
025_RC107,25,RC,2,1,OPTIMAL,156.638,2,2,2,0,0,1.0,156.638,0.0,0.0,60,1.0,10,1.0
025_RC107,25,RC,2,2,OPTIMAL,74.8428,2,1,1,0,1,0.5,74.7678,0.0,0.075,60,1.0,10,1.0
025_RC107,25,RC,2,3,OPTIMAL,157.5112,2,2,2,0,0,1.0,157.5112,0.0,0.0,60,1.0,10,1.0
025_RC107,25,RC,2,4,OPTIMAL,86.2707,2,1,1,0,1,0.5,67.7223,0.0,18.5484,60,1.0,10,1.0
025_RC107,25,RC,2,5,OPTIMAL,144.4573,2,2,2,0,0,1.0,144.4573,0.0,0.0,60,1.0,10,1.0
025_RC107,25,RC,2,6,OPTIMAL,107.8459,2,1,1,0,1,0.5,90.9106,0.0,16.9353,60,1.0,10,1.0
025_RC107,25,RC,2,7,OPTIMAL,66.237,2,1,1,0,1,0.5,65.9034,0.0,0.3337,60,1.0,10,1.0
025_RC107,25,RC,2,8,OPTIMAL,3.7407,2,0,0,0,2,0.0,0.0,0.0,3.7407,60,1.0,10,1.0
025_RC107,25,RC,2,9,OPTIMAL,96.9927,2,1,1,0,1,0.5,78.4695,0.0,18.5232,60,1.0,10,1.0
025_RC107,25,RC,4,0,OPTIMAL,304.5715,4,4,4,0,0,1.0,304.5715,0.0,0.0,60,1.0,10,1.0
025_RC107,25,RC,4,1,OPTIMAL,200.9361,4,2,2,0,2,0.5,166.3138,0.0,34.6223,60,1.0,10,1.0
025_RC107,25,RC,4,2,OPTIMAL,139.925,4,2,2,0,2,0.5,132.6104,0.0,7.3146,60,1.0,10,1.0
025_RC107,25,RC,4,3,OPTIMAL,154.8321,4,2,2,0,2,0.5,152.4763,0.0,2.3559,60,1.0,10,1.0
025_RC107,25,RC,4,4,OPTIMAL,151.3885,4,2,2,0,2,0.5,147.5115,0.0,3.877,60,1.0,10,1.0
025_RC107,25,RC,4,5,OPTIMAL,240.0853,4,3,3,0,1,0.75,230.401,0.0,9.6843,60,1.0,10,1.0
025_RC107,25,RC,4,6,OPTIMAL,105.2414,4,1,1,0,3,0.25,64.2068,0.0,41.0346,60,1.0,10,1.0
025_RC107,25,RC,4,7,OPTIMAL,191.1824,4,2,2,0,2,0.5,189.3524,0.0,1.83,60,1.0,10,1.0
025_RC107,25,RC,4,8,OPTIMAL,192.207,4,2,1,1,2,0.5,151.4259,0.0,40.7811,60,1.0,10,1.0
025_RC107,25,RC,4,9,OPTIMAL,277.4882,4,3,3,0,1,0.75,264.921,0.0,12.5672,60,1.0,10,1.0
025_RC107,25,RC,6,0,OPTIMAL,174.2815,6,2,2,0,4,0.3333,158.5468,0.0,15.7347,60,1.0,10,1.0
025_RC107,25,RC,6,1,OPTIMAL,285.0759,6,4,4,0,2,0.6667,274.3855,0.0,10.6904,60,1.0,10,1.0
025_RC107,25,RC,6,2,OPTIMAL,296.946,6,4,4,0,2,0.6667,287.4417,0.0,9.5043,60,1.0,10,1.0
025_RC107,25,RC,6,3,OPTIMAL,252.0736,6,3,2,1,3,0.5,239.5718,0.0,12.5018,60,1.0,10,1.0
025_RC107,25,RC,6,4,OPTIMAL,359.8108,6,4,4,0,2,0.6667,321.9028,0.0,37.908,60,1.0,10,1.0
025_RC107,25,RC,6,5,OPTIMAL,112.9768,6,1,1,0,5,0.1667,70.6847,0.0,42.2921,60,1.0,10,1.0
025_RC107,25,RC,6,6,OPTIMAL,202.2044,6,2,2,0,4,0.3333,149.2199,0.0,52.9845,60,1.0,10,1.0
025_RC107,25,RC,6,7,OPTIMAL,386.6977,6,5,5,0,1,0.8333,386.2223,0.0,0.4754,60,1.0,10,1.0
025_RC107,25,RC,6,8,OPTIMAL,339.9055,6,4,4,0,2,0.6667,312.8659,0.0,27.0396,60,1.0,10,1.0
025_RC107,25,RC,6,9,OPTIMAL,284.4995,6,3,3,0,3,0.5,237.074,0.0,47.4255,60,1.0,10,1.0
025_RC108,25,RC,2,0,OPTIMAL,72.5258,2,1,1,0,1,0.5,65.2636,0.0,7.2622,60,1.0,10,1.0
025_RC108,25,RC,2,1,OPTIMAL,99.6689,2,1,1,0,1,0.5,73.9001,0.0,25.7688,60,1.0,10,1.0
025_RC108,25,RC,2,2,OPTIMAL,74.8428,2,1,1,0,1,0.5,74.7678,0.0,0.075,60,1.0,10,1.0
025_RC108,25,RC,2,3,OPTIMAL,92.2569,2,1,1,0,1,0.5,82.9845,0.0,9.2724,60,1.0,10,1.0
025_RC108,25,RC,2,4,OPTIMAL,155.7759,2,2,2,0,0,1.0,155.7759,0.0,0.0,60,1.0,10,1.0
025_RC108,25,RC,2,5,OPTIMAL,82.3954,2,1,1,0,1,0.5,79.8493,0.0,2.5461,60,1.0,10,1.0
025_RC108,25,RC,2,6,OPTIMAL,162.5391,2,2,2,0,0,1.0,162.5391,0.0,0.0,60,1.0,10,1.0
025_RC108,25,RC,2,7,OPTIMAL,71.0682,2,1,1,0,1,0.5,65.9034,0.0,5.1649,60,1.0,10,1.0
025_RC108,25,RC,2,8,OPTIMAL,0.6163,2,0,0,0,2,0.0,0.0,0.0,0.6163,60,1.0,10,1.0
025_RC108,25,RC,2,9,OPTIMAL,167.0608,2,2,2,0,0,1.0,167.0608,0.0,0.0,60,1.0,10,1.0
025_RC108,25,RC,4,0,OPTIMAL,304.5715,4,4,4,0,0,1.0,304.5715,0.0,0.0,60,1.0,10,1.0
025_RC108,25,RC,4,1,OPTIMAL,268.3441,4,3,3,0,1,0.75,235.2666,0.0,33.0775,60,1.0,10,1.0
025_RC108,25,RC,4,2,OPTIMAL,144.9167,4,2,2,0,2,0.5,141.1578,0.0,3.7589,60,1.0,10,1.0
025_RC108,25,RC,4,3,OPTIMAL,228.2123,4,3,3,0,1,0.75,212.1785,0.0,16.0338,60,1.0,10,1.0
025_RC108,25,RC,4,4,OPTIMAL,226.0921,4,3,3,0,1,0.75,220.7717,0.0,5.3204,60,1.0,10,1.0
025_RC108,25,RC,4,5,OPTIMAL,240.0853,4,3,3,0,1,0.75,230.401,0.0,9.6843,60,1.0,10,1.0
025_RC108,25,RC,4,6,OPTIMAL,125.6482,4,1,1,0,3,0.25,64.2068,0.0,61.4414,60,1.0,10,1.0
025_RC108,25,RC,4,7,OPTIMAL,219.5165,4,2,2,0,2,0.5,189.3524,0.0,30.1641,60,1.0,10,1.0
025_RC108,25,RC,4,8,OPTIMAL,155.2232,4,2,2,0,2,0.5,151.4259,0.0,3.7973,60,1.0,10,1.0
025_RC108,25,RC,4,9,OPTIMAL,340.7287,4,4,4,0,0,1.0,340.7287,0.0,0.0,60,1.0,10,1.0
025_RC108,25,RC,6,0,OPTIMAL,110.2625,6,1,1,0,5,0.1667,85.5758,0.0,24.6867,60,1.0,10,1.0
025_RC108,25,RC,6,1,OPTIMAL,283.5002,6,4,3,1,2,0.6667,274.3855,0.0,9.1147,60,1.0,10,1.0
025_RC108,25,RC,6,2,OPTIMAL,372.2101,6,5,5,0,1,0.8333,361.9197,0.0,10.2903,60,1.0,10,1.0
025_RC108,25,RC,6,3,OPTIMAL,329.4881,6,4,4,0,2,0.6667,314.2144,0.0,15.2737,60,1.0,10,1.0
025_RC108,25,RC,6,4,OPTIMAL,439.8992,6,5,5,0,1,0.8333,399.1033,0.0,40.7959,60,1.0,10,1.0
025_RC108,25,RC,6,5,OPTIMAL,380.0437,6,4,4,0,2,0.6667,297.3415,0.0,82.7022,60,1.0,10,1.0
025_RC108,25,RC,6,6,OPTIMAL,277.0502,6,3,3,0,3,0.5,226.8662,0.0,50.184,60,1.0,10,1.0
025_RC108,25,RC,6,7,OPTIMAL,390.0407,6,5,5,0,1,0.8333,386.2223,0.0,3.8184,60,1.0,10,1.0
025_RC108,25,RC,6,8,OPTIMAL,269.0154,6,3,3,0,3,0.5,241.1969,0.0,27.8184,60,1.0,10,1.0
025_RC108,25,RC,6,9,OPTIMAL,250.0038,6,3,3,0,3,0.5,237.074,0.0,12.9299,60,1.0,10,1.0
025_RC201,25,RC,2,0,OPTIMAL,70.8535,2,1,1,0,1,0.5,65.2636,0.0,5.5899,60,1.0,10,1.0
025_RC201,25,RC,2,1,OPTIMAL,156.638,2,2,2,0,0,1.0,156.638,0.0,0.0,60,1.0,10,1.0
025_RC201,25,RC,2,2,OPTIMAL,141.6282,2,2,2,0,0,1.0,141.6282,0.0,0.0,60,1.0,10,1.0
025_RC201,25,RC,2,3,OPTIMAL,157.5112,2,2,2,0,0,1.0,157.5112,0.0,0.0,60,1.0,10,1.0
025_RC201,25,RC,2,4,OPTIMAL,155.7759,2,2,2,0,0,1.0,155.7759,0.0,0.0,60,1.0,10,1.0
025_RC201,25,RC,2,5,OPTIMAL,144.4573,2,2,2,0,0,1.0,144.4573,0.0,0.0,60,1.0,10,1.0
025_RC201,25,RC,2,6,OPTIMAL,162.5391,2,2,2,0,0,1.0,162.5391,0.0,0.0,60,1.0,10,1.0
025_RC201,25,RC,2,7,OPTIMAL,131.6062,2,2,2,0,0,1.0,131.6062,0.0,0.0,60,1.0,10,1.0
025_RC201,25,RC,2,8,OPTIMAL,142.6698,2,2,2,0,0,1.0,142.6698,0.0,0.0,60,1.0,10,1.0
025_RC201,25,RC,2,9,OPTIMAL,98.0669,2,1,1,0,1,0.5,88.5913,0.0,9.4756,60,1.0,10,1.0
025_RC201,25,RC,4,0,OPTIMAL,304.5715,4,4,4,0,0,1.0,304.5715,0.0,0.0,60,1.0,10,1.0
025_RC201,25,RC,4,1,OPTIMAL,312.3949,4,4,4,0,0,1.0,312.3949,0.0,0.0,60,1.0,10,1.0
025_RC201,25,RC,4,2,OPTIMAL,207.6483,4,3,3,0,1,0.75,198.3766,0.0,9.2716,60,1.0,10,1.0
025_RC201,25,RC,4,3,OPTIMAL,233.1983,4,3,3,0,1,0.75,229.8812,0.0,3.317,60,1.0,10,1.0
025_RC201,25,RC,4,4,OPTIMAL,284.7639,4,4,4,0,0,1.0,284.7639,0.0,0.0,60,1.0,10,1.0
025_RC201,25,RC,4,5,OPTIMAL,298.8681,4,4,4,0,0,1.0,298.8681,0.0,0.0,60,1.0,10,1.0
025_RC201,25,RC,4,6,OPTIMAL,223.3541,4,3,3,0,1,0.75,223.3538,0.0,0.0003,60,1.0,10,1.0
025_RC201,25,RC,4,7,OPTIMAL,279.7159,4,3,3,0,1,0.75,279.4092,0.0,0.3068,60,1.0,10,1.0
025_RC201,25,RC,4,8,OPTIMAL,240.1072,4,3,3,0,1,0.75,239.7814,0.0,0.3258,60,1.0,10,1.0
025_RC201,25,RC,4,9,OPTIMAL,340.7287,4,4,4,0,0,1.0,340.7287,0.0,0.0,60,1.0,10,1.0
025_RC201,25,RC,6,0,OPTIMAL,310.5372,6,4,4,0,2,0.6667,307.8413,0.0,2.6959,60,1.0,10,1.0
025_RC201,25,RC,6,1,OPTIMAL,343.18,6,5,5,0,1,0.8333,342.8424,0.0,0.3376,60,1.0,10,1.0
025_RC201,25,RC,6,2,OPTIMAL,434.882,6,6,5,1,0,1.0,434.882,0.0,0.0,60,1.0,10,1.0
025_RC201,25,RC,6,3,OPTIMAL,470.578,6,6,6,0,0,1.0,470.578,0.0,0.0,60,1.0,10,1.0
025_RC201,25,RC,6,4,OPTIMAL,489.0091,6,6,6,0,0,1.0,489.0091,0.0,0.0,60,1.0,10,1.0
025_RC201,25,RC,6,5,OPTIMAL,295.8208,6,4,4,0,2,0.6667,288.182,0.0,7.6389,60,1.0,10,1.0
025_RC201,25,RC,6,6,OPTIMAL,392.7683,6,5,5,0,1,0.8333,363.4244,0.0,29.3439,60,1.0,10,1.0
025_RC201,25,RC,6,7,OPTIMAL,386.3909,6,5,5,0,1,0.8333,386.2223,0.0,0.1686,60,1.0,10,1.0
025_RC201,25,RC,6,8,OPTIMAL,467.3599,6,6,6,0,0,1.0,467.3599,0.0,0.0,60,1.0,10,1.0
025_RC201,25,RC,6,9,OPTIMAL,458.906,6,6,6,0,0,1.0,458.906,0.0,0.0,60,1.0,10,1.0
025_RC202,25,RC,2,0,OPTIMAL,137.4187,2,2,1,1,0,1.0,137.4187,0.0,0.0,60,1.0,10,1.0
025_RC202,25,RC,2,1,OPTIMAL,156.638,2,2,2,0,0,1.0,156.638,0.0,0.0,60,1.0,10,1.0
025_RC202,25,RC,2,2,OPTIMAL,141.6282,2,2,2,0,0,1.0,141.6282,0.0,0.0,60,1.0,10,1.0
025_RC202,25,RC,2,3,OPTIMAL,157.5112,2,2,2,0,0,1.0,157.5112,0.0,0.0,60,1.0,10,1.0
025_RC202,25,RC,2,4,OPTIMAL,155.7759,2,2,2,0,0,1.0,155.7759,0.0,0.0,60,1.0,10,1.0
025_RC202,25,RC,2,5,OPTIMAL,144.4573,2,2,2,0,0,1.0,144.4573,0.0,0.0,60,1.0,10,1.0
025_RC202,25,RC,2,6,OPTIMAL,162.5391,2,2,2,0,0,1.0,162.5391,0.0,0.0,60,1.0,10,1.0
025_RC202,25,RC,2,7,OPTIMAL,131.6062,2,2,2,0,0,1.0,131.6062,0.0,0.0,60,1.0,10,1.0
025_RC202,25,RC,2,8,OPTIMAL,142.6698,2,2,2,0,0,1.0,142.6698,0.0,0.0,60,1.0,10,1.0
025_RC202,25,RC,2,9,OPTIMAL,107.5424,2,1,1,0,1,0.5,88.5913,0.0,18.9512,60,1.0,10,1.0
025_RC202,25,RC,4,0,OPTIMAL,304.5715,4,4,4,0,0,1.0,304.5715,0.0,0.0,60,1.0,10,1.0
025_RC202,25,RC,4,1,OPTIMAL,312.3949,4,4,4,0,0,1.0,312.3949,0.0,0.0,60,1.0,10,1.0
025_RC202,25,RC,4,2,OPTIMAL,274.4507,4,4,3,1,0,1.0,274.4507,0.0,0.0,60,1.0,10,1.0
025_RC202,25,RC,4,3,OPTIMAL,289.5835,4,4,3,1,0,1.0,289.5835,0.0,0.0,60,1.0,10,1.0
025_RC202,25,RC,4,4,OPTIMAL,284.7639,4,4,4,0,0,1.0,284.7639,0.0,0.0,60,1.0,10,1.0
025_RC202,25,RC,4,5,OPTIMAL,298.8681,4,4,4,0,0,1.0,298.8681,0.0,0.0,60,1.0,10,1.0
025_RC202,25,RC,4,6,OPTIMAL,287.5606,4,4,3,1,0,1.0,287.5606,0.0,0.0,60,1.0,10,1.0
025_RC202,25,RC,4,7,OPTIMAL,279.7159,4,3,3,0,1,0.75,279.4092,0.0,0.3068,60,1.0,10,1.0
025_RC202,25,RC,4,8,OPTIMAL,240.1072,4,3,3,0,1,0.75,239.7814,0.0,0.3258,60,1.0,10,1.0
025_RC202,25,RC,4,9,OPTIMAL,340.7287,4,4,4,0,0,1.0,340.7287,0.0,0.0,60,1.0,10,1.0
025_RC202,25,RC,6,0,OPTIMAL,310.5372,6,4,4,0,2,0.6667,307.8413,0.0,2.6959,60,1.0,10,1.0
025_RC202,25,RC,6,1,OPTIMAL,407.7747,6,6,5,1,0,1.0,407.7747,0.0,0.0,60,1.0,10,1.0
025_RC202,25,RC,6,2,OPTIMAL,434.882,6,6,5,1,0,1.0,434.882,0.0,0.0,60,1.0,10,1.0
025_RC202,25,RC,6,3,OPTIMAL,470.578,6,6,6,0,0,1.0,470.578,0.0,0.0,60,1.0,10,1.0
025_RC202,25,RC,6,4,OPTIMAL,489.0091,6,6,6,0,0,1.0,489.0091,0.0,0.0,60,1.0,10,1.0
025_RC202,25,RC,6,5,OPTIMAL,366.0531,6,5,5,0,1,0.8333,359.6311,0.0,6.422,60,1.0,10,1.0
025_RC202,25,RC,6,6,OPTIMAL,440.7826,6,6,6,0,0,1.0,440.7826,0.0,0.0,60,1.0,10,1.0
025_RC202,25,RC,6,7,OPTIMAL,386.3909,6,5,5,0,1,0.8333,386.2223,0.0,0.1686,60,1.0,10,1.0
025_RC202,25,RC,6,8,OPTIMAL,467.3599,6,6,6,0,0,1.0,467.3599,0.0,0.0,60,1.0,10,1.0
025_RC202,25,RC,6,9,OPTIMAL,458.906,6,6,6,0,0,1.0,458.906,0.0,0.0,60,1.0,10,1.0
025_RC203,25,RC,2,0,OPTIMAL,70.8535,2,1,1,0,1,0.5,65.2636,0.0,5.5899,60,1.0,10,1.0
025_RC203,25,RC,2,1,OPTIMAL,156.638,2,2,2,0,0,1.0,156.638,0.0,0.0,60,1.0,10,1.0
025_RC203,25,RC,2,2,OPTIMAL,141.6282,2,2,2,0,0,1.0,141.6282,0.0,0.0,60,1.0,10,1.0
025_RC203,25,RC,2,3,OPTIMAL,157.5112,2,2,2,0,0,1.0,157.5112,0.0,0.0,60,1.0,10,1.0
025_RC203,25,RC,2,4,OPTIMAL,155.7759,2,2,2,0,0,1.0,155.7759,0.0,0.0,60,1.0,10,1.0
025_RC203,25,RC,2,5,OPTIMAL,144.4573,2,2,2,0,0,1.0,144.4573,0.0,0.0,60,1.0,10,1.0
025_RC203,25,RC,2,6,OPTIMAL,162.5391,2,2,2,0,0,1.0,162.5391,0.0,0.0,60,1.0,10,1.0
025_RC203,25,RC,2,7,OPTIMAL,131.6062,2,2,2,0,0,1.0,131.6062,0.0,0.0,60,1.0,10,1.0
025_RC203,25,RC,2,8,OPTIMAL,142.6698,2,2,2,0,0,1.0,142.6698,0.0,0.0,60,1.0,10,1.0
025_RC203,25,RC,2,9,OPTIMAL,88.6025,2,1,1,0,1,0.5,88.5913,0.0,0.0112,60,1.0,10,1.0
025_RC203,25,RC,4,0,OPTIMAL,304.5715,4,4,4,0,0,1.0,304.5715,0.0,0.0,60,1.0,10,1.0
025_RC203,25,RC,4,1,OPTIMAL,312.3949,4,4,4,0,0,1.0,312.3949,0.0,0.0,60,1.0,10,1.0
025_RC203,25,RC,4,2,OPTIMAL,207.6483,4,3,3,0,1,0.75,198.3766,0.0,9.2716,60,1.0,10,1.0
025_RC203,25,RC,4,3,OPTIMAL,233.1983,4,3,3,0,1,0.75,229.8812,0.0,3.317,60,1.0,10,1.0
025_RC203,25,RC,4,4,OPTIMAL,284.7639,4,4,4,0,0,1.0,284.7639,0.0,0.0,60,1.0,10,1.0
025_RC203,25,RC,4,5,OPTIMAL,298.8681,4,4,4,0,0,1.0,298.8681,0.0,0.0,60,1.0,10,1.0
025_RC203,25,RC,4,6,OPTIMAL,223.3541,4,3,3,0,1,0.75,223.3538,0.0,0.0003,60,1.0,10,1.0
025_RC203,25,RC,4,7,OPTIMAL,364.1513,4,4,4,0,0,1.0,364.1513,0.0,0.0,60,1.0,10,1.0
025_RC203,25,RC,4,8,OPTIMAL,240.1072,4,3,3,0,1,0.75,239.7814,0.0,0.3258,60,1.0,10,1.0
025_RC203,25,RC,4,9,OPTIMAL,340.7287,4,4,4,0,0,1.0,340.7287,0.0,0.0,60,1.0,10,1.0
025_RC203,25,RC,6,0,OPTIMAL,381.6682,6,5,5,0,1,0.8333,379.0059,0.0,2.6623,60,1.0,10,1.0
025_RC203,25,RC,6,1,OPTIMAL,343.18,6,5,5,0,1,0.8333,342.8424,0.0,0.3376,60,1.0,10,1.0
025_RC203,25,RC,6,2,OPTIMAL,434.882,6,6,5,1,0,1.0,434.882,0.0,0.0,60,1.0,10,1.0
025_RC203,25,RC,6,3,OPTIMAL,470.578,6,6,6,0,0,1.0,470.578,0.0,0.0,60,1.0,10,1.0
025_RC203,25,RC,6,4,OPTIMAL,489.0091,6,6,6,0,0,1.0,489.0091,0.0,0.0,60,1.0,10,1.0
025_RC203,25,RC,6,5,OPTIMAL,449.0163,6,6,6,0,0,1.0,449.0163,0.0,0.0,60,1.0,10,1.0
025_RC203,25,RC,6,6,OPTIMAL,440.7826,6,6,6,0,0,1.0,440.7826,0.0,0.0,60,1.0,10,1.0
025_RC203,25,RC,6,7,OPTIMAL,320.7505,6,4,4,0,2,0.6667,320.1588,0.0,0.5917,60,1.0,10,1.0
025_RC203,25,RC,6,8,OPTIMAL,467.3599,6,6,6,0,0,1.0,467.3599,0.0,0.0,60,1.0,10,1.0
025_RC203,25,RC,6,9,OPTIMAL,458.906,6,6,6,0,0,1.0,458.906,0.0,0.0,60,1.0,10,1.0
025_RC204,25,RC,2,0,OPTIMAL,137.4187,2,2,2,0,0,1.0,137.4187,0.0,0.0,60,1.0,10,1.0
025_RC204,25,RC,2,1,OPTIMAL,156.638,2,2,2,0,0,1.0,156.638,0.0,0.0,60,1.0,10,1.0
025_RC204,25,RC,2,2,OPTIMAL,141.6282,2,2,2,0,0,1.0,141.6282,0.0,0.0,60,1.0,10,1.0
025_RC204,25,RC,2,3,OPTIMAL,157.5112,2,2,2,0,0,1.0,157.5112,0.0,0.0,60,1.0,10,1.0
025_RC204,25,RC,2,4,OPTIMAL,155.7759,2,2,2,0,0,1.0,155.7759,0.0,0.0,60,1.0,10,1.0
025_RC204,25,RC,2,5,OPTIMAL,144.4573,2,2,2,0,0,1.0,144.4573,0.0,0.0,60,1.0,10,1.0
025_RC204,25,RC,2,6,OPTIMAL,162.5391,2,2,2,0,0,1.0,162.5391,0.0,0.0,60,1.0,10,1.0
025_RC204,25,RC,2,7,OPTIMAL,131.6062,2,2,2,0,0,1.0,131.6062,0.0,0.0,60,1.0,10,1.0
025_RC204,25,RC,2,8,OPTIMAL,142.6698,2,2,2,0,0,1.0,142.6698,0.0,0.0,60,1.0,10,1.0
025_RC204,25,RC,2,9,OPTIMAL,92.8415,2,1,1,0,1,0.5,88.5913,0.0,4.2502,60,1.0,10,1.0
025_RC204,25,RC,4,0,OPTIMAL,304.5715,4,4,4,0,0,1.0,304.5715,0.0,0.0,60,1.0,10,1.0
025_RC204,25,RC,4,1,OPTIMAL,312.3949,4,4,4,0,0,1.0,312.3949,0.0,0.0,60,1.0,10,1.0
025_RC204,25,RC,4,2,OPTIMAL,274.4507,4,4,3,1,0,1.0,274.4507,0.0,0.0,60,1.0,10,1.0
025_RC204,25,RC,4,3,OPTIMAL,289.5835,4,4,3,1,0,1.0,289.5835,0.0,0.0,60,1.0,10,1.0
025_RC204,25,RC,4,4,OPTIMAL,284.7639,4,4,4,0,0,1.0,284.7639,0.0,0.0,60,1.0,10,1.0
025_RC204,25,RC,4,5,OPTIMAL,298.8681,4,4,4,0,0,1.0,298.8681,0.0,0.0,60,1.0,10,1.0
025_RC204,25,RC,4,6,OPTIMAL,223.3541,4,3,3,0,1,0.75,223.3538,0.0,0.0003,60,1.0,10,1.0
025_RC204,25,RC,4,7,OPTIMAL,364.1513,4,4,4,0,0,1.0,364.1513,0.0,0.0,60,1.0,10,1.0
025_RC204,25,RC,4,8,OPTIMAL,240.1072,4,3,3,0,1,0.75,239.7814,0.0,0.3258,60,1.0,10,1.0
025_RC204,25,RC,4,9,OPTIMAL,340.7287,4,4,4,0,0,1.0,340.7287,0.0,0.0,60,1.0,10,1.0
025_RC204,25,RC,6,0,OPTIMAL,444.8518,6,6,6,0,0,1.0,444.8518,0.0,0.0,60,1.0,10,1.0
025_RC204,25,RC,6,1,OPTIMAL,407.7747,6,6,6,0,0,1.0,407.7747,0.0,0.0,60,1.0,10,1.0
025_RC204,25,RC,6,2,OPTIMAL,434.882,6,6,6,0,0,1.0,434.882,0.0,0.0,60,1.0,10,1.0
025_RC204,25,RC,6,3,OPTIMAL,470.578,6,6,6,0,0,1.0,470.578,0.0,0.0,60,1.0,10,1.0
025_RC204,25,RC,6,4,OPTIMAL,489.0091,6,6,6,0,0,1.0,489.0091,0.0,0.0,60,1.0,10,1.0
025_RC204,25,RC,6,5,OPTIMAL,449.0163,6,6,6,0,0,1.0,449.0163,0.0,0.0,60,1.0,10,1.0
025_RC204,25,RC,6,6,OPTIMAL,440.7826,6,6,6,0,0,1.0,440.7826,0.0,0.0,60,1.0,10,1.0
025_RC204,25,RC,6,7,OPTIMAL,395.0415,6,5,4,1,1,0.8333,394.4069,0.0,0.6346,60,1.0,10,1.0
025_RC204,25,RC,6,8,OPTIMAL,467.3599,6,6,6,0,0,1.0,467.3599,0.0,0.0,60,1.0,10,1.0
025_RC204,25,RC,6,9,OPTIMAL,458.906,6,6,6,0,0,1.0,458.906,0.0,0.0,60,1.0,10,1.0
025_RC205,25,RC,2,0,OPTIMAL,137.4187,2,2,2,0,0,1.0,137.4187,0.0,0.0,60,1.0,10,1.0
025_RC205,25,RC,2,1,OPTIMAL,86.7845,2,1,1,0,1,0.5,73.9001,0.0,12.8844,60,1.0,10,1.0
025_RC205,25,RC,2,2,OPTIMAL,141.6282,2,2,2,0,0,1.0,141.6282,0.0,0.0,60,1.0,10,1.0
025_RC205,25,RC,2,3,OPTIMAL,157.5112,2,2,2,0,0,1.0,157.5112,0.0,0.0,60,1.0,10,1.0
025_RC205,25,RC,2,4,OPTIMAL,155.7759,2,2,2,0,0,1.0,155.7759,0.0,0.0,60,1.0,10,1.0
025_RC205,25,RC,2,5,OPTIMAL,144.4573,2,2,2,0,0,1.0,144.4573,0.0,0.0,60,1.0,10,1.0
025_RC205,25,RC,2,6,OPTIMAL,162.5391,2,2,2,0,0,1.0,162.5391,0.0,0.0,60,1.0,10,1.0
025_RC205,25,RC,2,7,OPTIMAL,131.6062,2,2,2,0,0,1.0,131.6062,0.0,0.0,60,1.0,10,1.0
025_RC205,25,RC,2,8,OPTIMAL,142.6698,2,2,2,0,0,1.0,142.6698,0.0,0.0,60,1.0,10,1.0
025_RC205,25,RC,2,9,OPTIMAL,98.0669,2,1,1,0,1,0.5,88.5913,0.0,9.4756,60,1.0,10,1.0
025_RC205,25,RC,4,0,OPTIMAL,304.5715,4,4,4,0,0,1.0,304.5715,0.0,0.0,60,1.0,10,1.0
025_RC205,25,RC,4,1,OPTIMAL,312.3949,4,4,4,0,0,1.0,312.3949,0.0,0.0,60,1.0,10,1.0
025_RC205,25,RC,4,2,OPTIMAL,209.8899,4,3,3,0,1,0.75,208.6844,0.0,1.2054,60,1.0,10,1.0
025_RC205,25,RC,4,3,OPTIMAL,289.5835,4,4,4,0,0,1.0,289.5835,0.0,0.0,60,1.0,10,1.0
025_RC205,25,RC,4,4,OPTIMAL,217.6562,4,3,3,0,1,0.75,211.5037,0.0,6.1525,60,1.0,10,1.0
025_RC205,25,RC,4,5,OPTIMAL,298.8681,4,4,4,0,0,1.0,298.8681,0.0,0.0,60,1.0,10,1.0
025_RC205,25,RC,4,6,OPTIMAL,228.4155,4,3,3,0,1,0.75,212.5152,0.0,15.9003,60,1.0,10,1.0
025_RC205,25,RC,4,7,OPTIMAL,364.1513,4,4,4,0,0,1.0,364.1513,0.0,0.0,60,1.0,10,1.0
025_RC205,25,RC,4,8,OPTIMAL,157.7053,4,2,2,0,2,0.5,156.9362,0.0,0.7691,60,1.0,10,1.0
025_RC205,25,RC,4,9,OPTIMAL,340.7287,4,4,4,0,0,1.0,340.7287,0.0,0.0,60,1.0,10,1.0
025_RC205,25,RC,6,0,OPTIMAL,444.8518,6,6,6,0,0,1.0,444.8518,0.0,0.0,60,1.0,10,1.0
025_RC205,25,RC,6,1,OPTIMAL,407.7747,6,6,5,1,0,1.0,407.7747,0.0,0.0,60,1.0,10,1.0
025_RC205,25,RC,6,2,OPTIMAL,434.882,6,6,4,2,0,1.0,434.882,0.0,0.0,60,1.0,10,1.0
025_RC205,25,RC,6,3,OPTIMAL,470.578,6,6,6,0,0,1.0,470.578,0.0,0.0,60,1.0,10,1.0
025_RC205,25,RC,6,4,OPTIMAL,489.0091,6,6,6,0,0,1.0,489.0091,0.0,0.0,60,1.0,10,1.0
025_RC205,25,RC,6,5,OPTIMAL,449.0163,6,6,6,0,0,1.0,449.0163,0.0,0.0,60,1.0,10,1.0
025_RC205,25,RC,6,6,OPTIMAL,376.6625,6,5,5,0,1,0.8333,370.1581,0.0,6.5044,60,1.0,10,1.0
025_RC205,25,RC,6,7,OPTIMAL,460.4704,6,6,6,0,0,1.0,460.4704,0.0,0.0,60,1.0,10,1.0
025_RC205,25,RC,6,8,OPTIMAL,467.3599,6,6,5,1,0,1.0,467.3599,0.0,0.0,60,1.0,10,1.0
025_RC205,25,RC,6,9,OPTIMAL,384.5618,6,5,4,1,1,0.8333,381.056,0.0,3.5058,60,1.0,10,1.0
025_RC206,25,RC,2,0,OPTIMAL,137.4187,2,2,2,0,0,1.0,137.4187,0.0,0.0,60,1.0,10,1.0
025_RC206,25,RC,2,1,OPTIMAL,156.638,2,2,2,0,0,1.0,156.638,0.0,0.0,60,1.0,10,1.0
025_RC206,25,RC,2,2,OPTIMAL,75.3782,2,1,1,0,1,0.5,74.7678,0.0,0.6105,60,1.0,10,1.0
025_RC206,25,RC,2,3,OPTIMAL,87.6207,2,1,1,0,1,0.5,82.9845,0.0,4.6362,60,1.0,10,1.0
025_RC206,25,RC,2,4,OPTIMAL,155.7759,2,2,2,0,0,1.0,155.7759,0.0,0.0,60,1.0,10,1.0
025_RC206,25,RC,2,5,OPTIMAL,144.4573,2,2,1,1,0,1.0,144.4573,0.0,0.0,60,1.0,10,1.0
025_RC206,25,RC,2,6,OPTIMAL,100.5892,2,1,1,0,1,0.5,90.9106,0.0,9.6786,60,1.0,10,1.0
025_RC206,25,RC,2,7,OPTIMAL,68.4858,2,1,1,0,1,0.5,65.9034,0.0,2.5824,60,1.0,10,1.0
025_RC206,25,RC,2,8,OPTIMAL,142.6698,2,2,1,1,0,1.0,142.6698,0.0,0.0,60,1.0,10,1.0
025_RC206,25,RC,2,9,OPTIMAL,98.0669,2,1,1,0,1,0.5,88.5913,0.0,9.4756,60,1.0,10,1.0
025_RC206,25,RC,4,0,OPTIMAL,304.5715,4,4,3,1,0,1.0,304.5715,0.0,0.0,60,1.0,10,1.0
025_RC206,25,RC,4,1,OPTIMAL,312.3949,4,4,4,0,0,1.0,312.3949,0.0,0.0,60,1.0,10,1.0
025_RC206,25,RC,4,2,OPTIMAL,208.7993,4,3,3,0,1,0.75,206.924,0.0,1.8753,60,1.0,10,1.0
025_RC206,25,RC,4,3,OPTIMAL,289.5835,4,4,4,0,0,1.0,289.5835,0.0,0.0,60,1.0,10,1.0
025_RC206,25,RC,4,4,OPTIMAL,284.7639,4,4,4,0,0,1.0,284.7639,0.0,0.0,60,1.0,10,1.0
025_RC206,25,RC,4,5,OPTIMAL,298.8681,4,4,4,0,0,1.0,298.8681,0.0,0.0,60,1.0,10,1.0
025_RC206,25,RC,4,6,OPTIMAL,287.5606,4,4,3,1,0,1.0,287.5606,0.0,0.0,60,1.0,10,1.0
025_RC206,25,RC,4,7,OPTIMAL,364.1513,4,4,4,0,0,1.0,364.1513,0.0,0.0,60,1.0,10,1.0
025_RC206,25,RC,4,8,OPTIMAL,313.8158,4,4,4,0,0,1.0,313.8158,0.0,0.0,60,1.0,10,1.0
025_RC206,25,RC,4,9,OPTIMAL,340.7287,4,4,4,0,0,1.0,340.7287,0.0,0.0,60,1.0,10,1.0
025_RC206,25,RC,6,0,OPTIMAL,387.8599,6,5,4,1,1,0.8333,385.4465,0.0,2.4133,60,1.0,10,1.0
025_RC206,25,RC,6,1,OPTIMAL,407.7747,6,6,5,1,0,1.0,407.7747,0.0,0.0,60,1.0,10,1.0
025_RC206,25,RC,6,2,OPTIMAL,434.882,6,6,6,0,0,1.0,434.882,0.0,0.0,60,1.0,10,1.0
025_RC206,25,RC,6,3,OPTIMAL,380.7139,6,5,5,0,1,0.8333,380.4347,0.0,0.2791,60,1.0,10,1.0
025_RC206,25,RC,6,4,OPTIMAL,489.0091,6,6,6,0,0,1.0,489.0091,0.0,0.0,60,1.0,10,1.0
025_RC206,25,RC,6,5,OPTIMAL,389.5261,6,5,5,0,1,0.8333,386.7267,0.0,2.7994,60,1.0,10,1.0
025_RC206,25,RC,6,6,OPTIMAL,374.8616,6,5,4,1,1,0.8333,374.8489,0.0,0.0127,60,1.0,10,1.0
025_RC206,25,RC,6,7,OPTIMAL,460.4704,6,6,6,0,0,1.0,460.4704,0.0,0.0,60,1.0,10,1.0
025_RC206,25,RC,6,8,OPTIMAL,467.3599,6,6,6,0,0,1.0,467.3599,0.0,0.0,60,1.0,10,1.0
025_RC206,25,RC,6,9,OPTIMAL,372.6828,6,5,5,0,1,0.8333,372.4704,0.0,0.2125,60,1.0,10,1.0
025_RC207,25,RC,2,0,OPTIMAL,137.4187,2,2,2,0,0,1.0,137.4187,0.0,0.0,60,1.0,10,1.0
025_RC207,25,RC,2,1,OPTIMAL,156.638,2,2,2,0,0,1.0,156.638,0.0,0.0,60,1.0,10,1.0
025_RC207,25,RC,2,2,OPTIMAL,141.6282,2,2,2,0,0,1.0,141.6282,0.0,0.0,60,1.0,10,1.0
025_RC207,25,RC,2,3,OPTIMAL,157.5112,2,2,2,0,0,1.0,157.5112,0.0,0.0,60,1.0,10,1.0
025_RC207,25,RC,2,4,OPTIMAL,155.7759,2,2,2,0,0,1.0,155.7759,0.0,0.0,60,1.0,10,1.0
025_RC207,25,RC,2,5,OPTIMAL,144.4573,2,2,2,0,0,1.0,144.4573,0.0,0.0,60,1.0,10,1.0
025_RC207,25,RC,2,6,OPTIMAL,162.5391,2,2,2,0,0,1.0,162.5391,0.0,0.0,60,1.0,10,1.0
025_RC207,25,RC,2,7,OPTIMAL,131.6062,2,2,2,0,0,1.0,131.6062,0.0,0.0,60,1.0,10,1.0
025_RC207,25,RC,2,8,OPTIMAL,85.2969,2,1,1,0,1,0.5,85.0094,0.0,0.2875,60,1.0,10,1.0
025_RC207,25,RC,2,9,OPTIMAL,88.8166,2,1,1,0,1,0.5,88.5913,0.0,0.2253,60,1.0,10,1.0
025_RC207,25,RC,4,0,OPTIMAL,304.5715,4,4,4,0,0,1.0,304.5715,0.0,0.0,60,1.0,10,1.0
025_RC207,25,RC,4,1,OPTIMAL,244.2145,4,3,3,0,1,0.75,243.4421,0.0,0.7724,60,1.0,10,1.0
025_RC207,25,RC,4,2,OPTIMAL,207.8046,4,3,2,1,1,0.75,198.3766,0.0,9.428,60,1.0,10,1.0
025_RC207,25,RC,4,3,OPTIMAL,231.1136,4,3,3,0,1,0.75,229.8812,0.0,1.2323,60,1.0,10,1.0
025_RC207,25,RC,4,4,OPTIMAL,284.7639,4,4,3,1,0,1.0,284.7639,0.0,0.0,60,1.0,10,1.0
025_RC207,25,RC,4,5,OPTIMAL,298.8681,4,4,4,0,0,1.0,298.8681,0.0,0.0,60,1.0,10,1.0
025_RC207,25,RC,4,6,OPTIMAL,287.5606,4,4,4,0,0,1.0,287.5606,0.0,0.0,60,1.0,10,1.0
025_RC207,25,RC,4,7,OPTIMAL,364.1513,4,4,3,1,0,1.0,364.1513,0.0,0.0,60,1.0,10,1.0
025_RC207,25,RC,4,8,OPTIMAL,240.1123,4,3,3,0,1,0.75,239.7814,0.0,0.331,60,1.0,10,1.0
025_RC207,25,RC,4,9,OPTIMAL,277.4882,4,3,3,0,1,0.75,264.921,0.0,12.5672,60,1.0,10,1.0
025_RC207,25,RC,6,0,OPTIMAL,444.8518,6,6,6,0,0,1.0,444.8518,0.0,0.0,60,1.0,10,1.0
025_RC207,25,RC,6,1,OPTIMAL,407.7747,6,6,6,0,0,1.0,407.7747,0.0,0.0,60,1.0,10,1.0
025_RC207,25,RC,6,2,OPTIMAL,434.882,6,6,6,0,0,1.0,434.882,0.0,0.0,60,1.0,10,1.0
025_RC207,25,RC,6,3,OPTIMAL,470.578,6,6,5,1,0,1.0,470.578,0.0,0.0,60,1.0,10,1.0
025_RC207,25,RC,6,4,OPTIMAL,489.0091,6,6,6,0,0,1.0,489.0091,0.0,0.0,60,1.0,10,1.0
025_RC207,25,RC,6,5,OPTIMAL,372.4606,6,5,4,1,1,0.8333,369.7289,0.0,2.7317,60,1.0,10,1.0
025_RC207,25,RC,6,6,OPTIMAL,440.7826,6,6,6,0,0,1.0,440.7826,0.0,0.0,60,1.0,10,1.0
025_RC207,25,RC,6,7,OPTIMAL,460.4704,6,6,6,0,0,1.0,460.4704,0.0,0.0,60,1.0,10,1.0
025_RC207,25,RC,6,8,OPTIMAL,467.3599,6,6,6,0,0,1.0,467.3599,0.0,0.0,60,1.0,10,1.0
025_RC207,25,RC,6,9,OPTIMAL,397.9558,6,5,4,1,1,0.8333,378.1812,0.0,19.7745,60,1.0,10,1.0
025_RC208,25,RC,2,0,OPTIMAL,137.4187,2,2,2,0,0,1.0,137.4187,0.0,0.0,60,1.0,10,1.0
025_RC208,25,RC,2,1,OPTIMAL,156.638,2,2,2,0,0,1.0,156.638,0.0,0.0,60,1.0,10,1.0
025_RC208,25,RC,2,2,OPTIMAL,141.6282,2,2,2,0,0,1.0,141.6282,0.0,0.0,60,1.0,10,1.0
025_RC208,25,RC,2,3,OPTIMAL,157.5112,2,2,2,0,0,1.0,157.5112,0.0,0.0,60,1.0,10,1.0
025_RC208,25,RC,2,4,OPTIMAL,155.7759,2,2,2,0,0,1.0,155.7759,0.0,0.0,60,1.0,10,1.0
025_RC208,25,RC,2,5,OPTIMAL,144.4573,2,2,2,0,0,1.0,144.4573,0.0,0.0,60,1.0,10,1.0
025_RC208,25,RC,2,6,OPTIMAL,162.5391,2,2,2,0,0,1.0,162.5391,0.0,0.0,60,1.0,10,1.0
025_RC208,25,RC,2,7,OPTIMAL,131.6062,2,2,2,0,0,1.0,131.6062,0.0,0.0,60,1.0,10,1.0
025_RC208,25,RC,2,8,OPTIMAL,58.7607,2,1,1,0,1,0.5,57.6603,0.0,1.1004,60,1.0,10,1.0
025_RC208,25,RC,2,9,OPTIMAL,88.8166,2,1,1,0,1,0.5,88.5913,0.0,0.2253,60,1.0,10,1.0
025_RC208,25,RC,4,0,OPTIMAL,226.8454,4,3,2,1,1,0.75,226.627,0.0,0.2183,60,1.0,10,1.0
025_RC208,25,RC,4,1,OPTIMAL,249.2942,4,3,3,0,1,0.75,235.2666,0.0,14.0276,60,1.0,10,1.0
025_RC208,25,RC,4,2,OPTIMAL,274.4507,4,4,4,0,0,1.0,274.4507,0.0,0.0,60,1.0,10,1.0
025_RC208,25,RC,4,3,OPTIMAL,289.5835,4,4,4,0,0,1.0,289.5835,0.0,0.0,60,1.0,10,1.0
025_RC208,25,RC,4,4,OPTIMAL,284.7639,4,4,4,0,0,1.0,284.7639,0.0,0.0,60,1.0,10,1.0
025_RC208,25,RC,4,5,OPTIMAL,231.5954,4,3,3,0,1,0.75,227.6697,0.0,3.9257,60,1.0,10,1.0
025_RC208,25,RC,4,6,OPTIMAL,287.5606,4,4,4,0,0,1.0,287.5606,0.0,0.0,60,1.0,10,1.0
025_RC208,25,RC,4,7,OPTIMAL,364.1513,4,4,4,0,0,1.0,364.1513,0.0,0.0,60,1.0,10,1.0
025_RC208,25,RC,4,8,OPTIMAL,243.8163,4,3,3,0,1,0.75,230.9707,0.0,12.8456,60,1.0,10,1.0
025_RC208,25,RC,4,9,OPTIMAL,340.7287,4,4,4,0,0,1.0,340.7287,0.0,0.0,60,1.0,10,1.0
025_RC208,25,RC,6,0,OPTIMAL,444.8518,6,6,6,0,0,1.0,444.8518,0.0,0.0,60,1.0,10,1.0
025_RC208,25,RC,6,1,OPTIMAL,407.7747,6,6,5,1,0,1.0,407.7747,0.0,0.0,60,1.0,10,1.0
025_RC208,25,RC,6,2,OPTIMAL,434.882,6,6,6,0,0,1.0,434.882,0.0,0.0,60,1.0,10,1.0
025_RC208,25,RC,6,3,OPTIMAL,470.578,6,6,6,0,0,1.0,470.578,0.0,0.0,60,1.0,10,1.0
025_RC208,25,RC,6,4,OPTIMAL,489.0091,6,6,6,0,0,1.0,489.0091,0.0,0.0,60,1.0,10,1.0
025_RC208,25,RC,6,5,OPTIMAL,377.6638,6,5,5,0,1,0.8333,377.5671,0.0,0.0967,60,1.0,10,1.0
025_RC208,25,RC,6,6,OPTIMAL,440.7826,6,6,6,0,0,1.0,440.7826,0.0,0.0,60,1.0,10,1.0
025_RC208,25,RC,6,7,OPTIMAL,460.4704,6,6,6,0,0,1.0,460.4704,0.0,0.0,60,1.0,10,1.0
025_RC208,25,RC,6,8,OPTIMAL,390.4486,6,5,5,0,1,0.8333,389.4397,0.0,1.0089,60,1.0,10,1.0
025_RC208,25,RC,6,9,OPTIMAL,392.6452,6,5,5,0,1,0.8333,381.056,0.0,11.5892,60,1.0,10,1.0
