instance,size,class,level,seed_idx,status,objective,n_emergencies,n_outsourced,n_outsourced_infeasible,n_outsourced_economic,n_inserted,frac_outsourced,outsourcing,tw_penalty,completion_penalty,W,LAMBDA,PI_S,PI_C
010_C101,10,C,1,0,OPTIMAL,6.4458,1,0,0,0,1,0.0,0.0,0.0,6.4458,90,2.0,0.5,1.0
010_C101,10,C,1,1,OPTIMAL,2.8206,1,0,0,0,1,0.0,0.0,0.0,2.8206,90,2.0,0.5,1.0
010_C101,10,C,1,2,OPTIMAL,7.8471,1,0,0,0,1,0.0,0.0,0.0,7.8471,90,2.0,0.5,1.0
010_C101,10,C,1,3,OPTIMAL,32.5475,1,0,0,0,1,0.0,0.0,0.0,32.5475,90,2.0,0.5,1.0
010_C101,10,C,1,4,OPTIMAL,121.8107,1,1,1,0,0,1.0,121.8107,0.0,0.0,90,2.0,0.5,1.0
010_C101,10,C,1,5,OPTIMAL,147.1087,1,1,1,0,0,1.0,147.1087,0.0,0.0,90,2.0,0.5,1.0
010_C101,10,C,1,6,OPTIMAL,34.8271,1,1,1,0,0,1.0,34.8271,0.0,0.0,90,2.0,0.5,1.0
010_C101,10,C,1,7,OPTIMAL,74.9569,1,1,1,0,0,1.0,74.9569,0.0,0.0,90,2.0,0.5,1.0
010_C101,10,C,1,8,OPTIMAL,71.3423,1,1,1,0,0,1.0,71.3423,0.0,0.0,90,2.0,0.5,1.0
010_C101,10,C,1,9,OPTIMAL,64.0891,1,1,1,0,0,1.0,64.0891,0.0,0.0,90,2.0,0.5,1.0
010_C101,10,C,2,0,OPTIMAL,242.4633,2,2,2,0,0,1.0,242.4633,0.0,0.0,90,2.0,0.5,1.0
010_C101,10,C,2,1,OPTIMAL,230.8121,2,2,2,0,0,1.0,230.8121,0.0,0.0,90,2.0,0.5,1.0
010_C101,10,C,2,2,OPTIMAL,150.2687,2,2,2,0,0,1.0,150.2687,0.0,0.0,90,2.0,0.5,1.0
010_C101,10,C,2,3,OPTIMAL,49.7179,2,1,1,0,1,0.5,48.5465,0.0,1.1714,90,2.0,0.5,1.0
010_C101,10,C,2,4,OPTIMAL,192.106,2,2,2,0,0,1.0,192.106,0.0,0.0,90,2.0,0.5,1.0
010_C101,10,C,2,5,OPTIMAL,69.3789,2,1,1,0,1,0.5,63.7479,0.0,5.631,90,2.0,0.5,1.0
010_C101,10,C,2,6,OPTIMAL,221.9369,2,2,2,0,0,1.0,221.9369,0.0,0.0,90,2.0,0.5,1.0
010_C101,10,C,2,7,OPTIMAL,120.7824,2,2,2,0,0,1.0,120.7824,0.0,0.0,90,2.0,0.5,1.0
010_C101,10,C,2,8,OPTIMAL,117.45,2,2,2,0,0,1.0,117.45,0.0,0.0,90,2.0,0.5,1.0
010_C101,10,C,2,9,OPTIMAL,245.5141,2,2,2,0,0,1.0,245.5141,0.0,0.0,90,2.0,0.5,1.0
010_C101,10,C,3,0,OPTIMAL,300.6586,3,3,3,0,0,1.0,300.6586,0.0,0.0,90,2.0,0.5,1.0
010_C101,10,C,3,1,OPTIMAL,263.4775,3,3,3,0,0,1.0,263.4775,0.0,0.0,90,2.0,0.5,1.0
010_C101,10,C,3,2,OPTIMAL,293.447,3,3,3,0,0,1.0,293.447,0.0,0.0,90,2.0,0.5,1.0
010_C101,10,C,3,3,OPTIMAL,210.1218,3,2,2,0,1,0.6667,204.4287,0.0,5.6931,90,2.0,0.5,1.0
010_C101,10,C,3,4,OPTIMAL,209.223,3,3,3,0,0,1.0,209.223,0.0,0.0,90,2.0,0.5,1.0
010_C101,10,C,3,5,OPTIMAL,263.7205,3,3,3,0,0,1.0,263.7205,0.0,0.0,90,2.0,0.5,1.0
010_C101,10,C,3,6,OPTIMAL,94.0009,3,1,1,0,2,0.3333,81.1262,0.0,12.8747,90,2.0,0.5,1.0
010_C101,10,C,3,7,OPTIMAL,245.7597,3,2,2,0,1,0.6667,243.8039,0.0,1.9558,90,2.0,0.5,1.0
010_C101,10,C,3,8,OPTIMAL,211.1135,3,2,2,0,1,0.6667,207.7081,0.0,3.4054,90,2.0,0.5,1.0
010_C101,10,C,3,9,OPTIMAL,162.9134,3,2,2,0,1,0.6667,146.3898,0.0,16.5236,90,2.0,0.5,1.0
010_C102,10,C,1,0,OPTIMAL,17.2946,1,0,0,0,1,0.0,0.0,0.0,17.2946,90,2.0,0.5,1.0
010_C102,10,C,1,1,OPTIMAL,56.4658,1,1,1,0,0,1.0,56.4658,0.0,0.0,90,2.0,0.5,1.0
010_C102,10,C,1,2,OPTIMAL,80.3735,1,1,0,1,0,1.0,80.3735,0.0,0.0,90,2.0,0.5,1.0
010_C102,10,C,1,3,OPTIMAL,115.3846,1,1,1,0,0,1.0,115.3846,0.0,0.0,90,2.0,0.5,1.0
010_C102,10,C,1,4,OPTIMAL,121.8107,1,1,1,0,0,1.0,121.8107,0.0,0.0,90,2.0,0.5,1.0
010_C102,10,C,1,5,OPTIMAL,147.1087,1,1,1,0,0,1.0,147.1087,0.0,0.0,90,2.0,0.5,1.0
010_C102,10,C,1,6,OPTIMAL,34.8271,1,1,1,0,0,1.0,34.8271,0.0,0.0,90,2.0,0.5,1.0
010_C102,10,C,1,7,OPTIMAL,74.9569,1,1,1,0,0,1.0,74.9569,0.0,0.0,90,2.0,0.5,1.0
010_C102,10,C,1,8,OPTIMAL,71.3423,1,1,1,0,0,1.0,71.3423,0.0,0.0,90,2.0,0.5,1.0
010_C102,10,C,1,9,OPTIMAL,64.0891,1,1,1,0,0,1.0,64.0891,0.0,0.0,90,2.0,0.5,1.0
010_C102,10,C,2,0,OPTIMAL,242.4633,2,2,2,0,0,1.0,242.4633,0.0,0.0,90,2.0,0.5,1.0
010_C102,10,C,2,1,OPTIMAL,230.8121,2,2,2,0,0,1.0,230.8121,0.0,0.0,90,2.0,0.5,1.0
010_C102,10,C,2,2,OPTIMAL,150.2687,2,2,2,0,0,1.0,150.2687,0.0,0.0,90,2.0,0.5,1.0
010_C102,10,C,2,3,OPTIMAL,128.1055,2,2,2,0,0,1.0,128.1055,0.0,0.0,90,2.0,0.5,1.0
010_C102,10,C,2,4,OPTIMAL,192.106,2,2,2,0,0,1.0,192.106,0.0,0.0,90,2.0,0.5,1.0
010_C102,10,C,2,5,OPTIMAL,69.3789,2,1,1,0,1,0.5,63.7479,0.0,5.631,90,2.0,0.5,1.0
010_C102,10,C,2,6,OPTIMAL,221.9369,2,2,2,0,0,1.0,221.9369,0.0,0.0,90,2.0,0.5,1.0
010_C102,10,C,2,7,OPTIMAL,120.7824,2,2,2,0,0,1.0,120.7824,0.0,0.0,90,2.0,0.5,1.0
010_C102,10,C,2,8,OPTIMAL,117.45,2,2,2,0,0,1.0,117.45,0.0,0.0,90,2.0,0.5,1.0
010_C102,10,C,2,9,OPTIMAL,245.5141,2,2,2,0,0,1.0,245.5141,0.0,0.0,90,2.0,0.5,1.0
010_C102,10,C,3,0,OPTIMAL,300.6586,3,3,3,0,0,1.0,300.6586,0.0,0.0,90,2.0,0.5,1.0
010_C102,10,C,3,1,OPTIMAL,263.4775,3,3,3,0,0,1.0,263.4775,0.0,0.0,90,2.0,0.5,1.0
010_C102,10,C,3,2,OPTIMAL,293.447,3,3,3,0,0,1.0,293.447,0.0,0.0,90,2.0,0.5,1.0
010_C102,10,C,3,3,OPTIMAL,210.1218,3,2,2,0,1,0.6667,204.4287,0.0,5.6931,90,2.0,0.5,1.0
010_C102,10,C,3,4,OPTIMAL,209.223,3,3,3,0,0,1.0,209.223,0.0,0.0,90,2.0,0.5,1.0
010_C102,10,C,3,5,OPTIMAL,263.7205,3,3,3,0,0,1.0,263.7205,0.0,0.0,90,2.0,0.5,1.0
010_C102,10,C,3,6,OPTIMAL,188.0542,3,3,3,0,0,1.0,188.0542,0.0,0.0,90,2.0,0.5,1.0
010_C102,10,C,3,7,OPTIMAL,322.6287,3,3,3,0,0,1.0,322.6287,0.0,0.0,90,2.0,0.5,1.0
010_C102,10,C,3,8,OPTIMAL,211.1135,3,2,2,0,1,0.6667,207.7081,0.0,3.4054,90,2.0,0.5,1.0
010_C102,10,C,3,9,OPTIMAL,192.0259,3,3,3,0,0,1.0,192.0259,0.0,0.0,90,2.0,0.5,1.0
010_C103,10,C,1,0,OPTIMAL,50.216,1,1,0,1,0,1.0,50.216,0.0,0.0,90,2.0,0.5,1.0
010_C103,10,C,1,1,OPTIMAL,56.4658,1,1,1,0,0,1.0,56.4658,0.0,0.0,90,2.0,0.5,1.0
010_C103,10,C,1,2,OPTIMAL,80.3735,1,1,0,1,0,1.0,80.3735,0.0,0.0,90,2.0,0.5,1.0
010_C103,10,C,1,3,OPTIMAL,115.3846,1,1,1,0,0,1.0,115.3846,0.0,0.0,90,2.0,0.5,1.0
010_C103,10,C,1,4,OPTIMAL,121.8107,1,1,1,0,0,1.0,121.8107,0.0,0.0,90,2.0,0.5,1.0
010_C103,10,C,1,5,OPTIMAL,147.1087,1,1,1,0,0,1.0,147.1087,0.0,0.0,90,2.0,0.5,1.0
010_C103,10,C,1,6,OPTIMAL,34.8271,1,1,1,0,0,1.0,34.8271,0.0,0.0,90,2.0,0.5,1.0
010_C103,10,C,1,7,OPTIMAL,74.9569,1,1,1,0,0,1.0,74.9569,0.0,0.0,90,2.0,0.5,1.0
010_C103,10,C,1,8,OPTIMAL,71.3423,1,1,1,0,0,1.0,71.3423,0.0,0.0,90,2.0,0.5,1.0
010_C103,10,C,1,9,OPTIMAL,64.0891,1,1,1,0,0,1.0,64.0891,0.0,0.0,90,2.0,0.5,1.0
010_C103,10,C,2,0,OPTIMAL,242.4633,2,2,2,0,0,1.0,242.4633,0.0,0.0,90,2.0,0.5,1.0
010_C103,10,C,2,1,OPTIMAL,230.8121,2,2,2,0,0,1.0,230.8121,0.0,0.0,90,2.0,0.5,1.0
010_C103,10,C,2,2,OPTIMAL,150.2687,2,2,2,0,0,1.0,150.2687,0.0,0.0,90,2.0,0.5,1.0
010_C103,10,C,2,3,OPTIMAL,128.1055,2,2,2,0,0,1.0,128.1055,0.0,0.0,90,2.0,0.5,1.0
010_C103,10,C,2,4,OPTIMAL,192.106,2,2,2,0,0,1.0,192.106,0.0,0.0,90,2.0,0.5,1.0
010_C103,10,C,2,5,OPTIMAL,105.3502,2,2,2,0,0,1.0,105.3502,0.0,0.0,90,2.0,0.5,1.0
010_C103,10,C,2,6,OPTIMAL,221.9369,2,2,2,0,0,1.0,221.9369,0.0,0.0,90,2.0,0.5,1.0
010_C103,10,C,2,7,OPTIMAL,120.7824,2,2,2,0,0,1.0,120.7824,0.0,0.0,90,2.0,0.5,1.0
010_C103,10,C,2,8,OPTIMAL,117.45,2,2,2,0,0,1.0,117.45,0.0,0.0,90,2.0,0.5,1.0
010_C103,10,C,2,9,OPTIMAL,245.5141,2,2,2,0,0,1.0,245.5141,0.0,0.0,90,2.0,0.5,1.0
010_C103,10,C,3,0,OPTIMAL,300.6586,3,3,3,0,0,1.0,300.6586,0.0,0.0,90,2.0,0.5,1.0
010_C103,10,C,3,1,OPTIMAL,263.4775,3,3,3,0,0,1.0,263.4775,0.0,0.0,90,2.0,0.5,1.0
010_C103,10,C,3,2,OPTIMAL,293.447,3,3,3,0,0,1.0,293.447,0.0,0.0,90,2.0,0.5,1.0
010_C103,10,C,3,3,OPTIMAL,246.679,3,3,3,0,0,1.0,246.679,0.0,0.0,90,2.0,0.5,1.0
010_C103,10,C,3,4,OPTIMAL,209.223,3,3,3,0,0,1.0,209.223,0.0,0.0,90,2.0,0.5,1.0
010_C103,10,C,3,5,OPTIMAL,263.7205,3,3,3,0,0,1.0,263.7205,0.0,0.0,90,2.0,0.5,1.0
010_C103,10,C,3,6,OPTIMAL,188.0542,3,3,3,0,0,1.0,188.0542,0.0,0.0,90,2.0,0.5,1.0
010_C103,10,C,3,7,OPTIMAL,322.6287,3,3,3,0,0,1.0,322.6287,0.0,0.0,90,2.0,0.5,1.0
010_C103,10,C,3,8,OPTIMAL,274.7919,3,3,3,0,0,1.0,274.7919,0.0,0.0,90,2.0,0.5,1.0
010_C103,10,C,3,9,OPTIMAL,192.0259,3,3,3,0,0,1.0,192.0259,0.0,0.0,90,2.0,0.5,1.0
010_C104,10,C,1,0,OPTIMAL,50.216,1,1,0,1,0,1.0,50.216,0.0,0.0,90,2.0,0.5,1.0
010_C104,10,C,1,1,OPTIMAL,56.4658,1,1,1,0,0,1.0,56.4658,0.0,0.0,90,2.0,0.5,1.0
010_C104,10,C,1,2,OPTIMAL,80.3735,1,1,0,1,0,1.0,80.3735,0.0,0.0,90,2.0,0.5,1.0
010_C104,10,C,1,3,OPTIMAL,115.3846,1,1,1,0,0,1.0,115.3846,0.0,0.0,90,2.0,0.5,1.0
010_C104,10,C,1,4,OPTIMAL,121.8107,1,1,1,0,0,1.0,121.8107,0.0,0.0,90,2.0,0.5,1.0
010_C104,10,C,1,5,OPTIMAL,147.1087,1,1,1,0,0,1.0,147.1087,0.0,0.0,90,2.0,0.5,1.0
010_C104,10,C,1,6,OPTIMAL,34.8271,1,1,1,0,0,1.0,34.8271,0.0,0.0,90,2.0,0.5,1.0
010_C104,10,C,1,7,OPTIMAL,74.9569,1,1,1,0,0,1.0,74.9569,0.0,0.0,90,2.0,0.5,1.0
010_C104,10,C,1,8,OPTIMAL,71.3423,1,1,1,0,0,1.0,71.3423,0.0,0.0,90,2.0,0.5,1.0
010_C104,10,C,1,9,OPTIMAL,64.0891,1,1,1,0,0,1.0,64.0891,0.0,0.0,90,2.0,0.5,1.0
010_C104,10,C,2,0,OPTIMAL,242.4633,2,2,2,0,0,1.0,242.4633,0.0,0.0,90,2.0,0.5,1.0
010_C104,10,C,2,1,OPTIMAL,230.8121,2,2,2,0,0,1.0,230.8121,0.0,0.0,90,2.0,0.5,1.0
010_C104,10,C,2,2,OPTIMAL,150.2687,2,2,2,0,0,1.0,150.2687,0.0,0.0,90,2.0,0.5,1.0
010_C104,10,C,2,3,OPTIMAL,128.1055,2,2,2,0,0,1.0,128.1055,0.0,0.0,90,2.0,0.5,1.0
010_C104,10,C,2,4,OPTIMAL,192.106,2,2,2,0,0,1.0,192.106,0.0,0.0,90,2.0,0.5,1.0
010_C104,10,C,2,5,OPTIMAL,105.3502,2,2,2,0,0,1.0,105.3502,0.0,0.0,90,2.0,0.5,1.0
010_C104,10,C,2,6,OPTIMAL,221.9369,2,2,2,0,0,1.0,221.9369,0.0,0.0,90,2.0,0.5,1.0
010_C104,10,C,2,7,OPTIMAL,120.7824,2,2,2,0,0,1.0,120.7824,0.0,0.0,90,2.0,0.5,1.0
010_C104,10,C,2,8,OPTIMAL,117.45,2,2,2,0,0,1.0,117.45,0.0,0.0,90,2.0,0.5,1.0
010_C104,10,C,2,9,OPTIMAL,245.5141,2,2,2,0,0,1.0,245.5141,0.0,0.0,90,2.0,0.5,1.0
010_C104,10,C,3,0,OPTIMAL,300.6586,3,3,3,0,0,1.0,300.6586,0.0,0.0,90,2.0,0.5,1.0
010_C104,10,C,3,1,OPTIMAL,263.4775,3,3,3,0,0,1.0,263.4775,0.0,0.0,90,2.0,0.5,1.0
010_C104,10,C,3,2,OPTIMAL,293.447,3,3,3,0,0,1.0,293.447,0.0,0.0,90,2.0,0.5,1.0
010_C104,10,C,3,3,OPTIMAL,246.679,3,3,3,0,0,1.0,246.679,0.0,0.0,90,2.0,0.5,1.0
010_C104,10,C,3,4,OPTIMAL,209.223,3,3,3,0,0,1.0,209.223,0.0,0.0,90,2.0,0.5,1.0
010_C104,10,C,3,5,OPTIMAL,263.7205,3,3,3,0,0,1.0,263.7205,0.0,0.0,90,2.0,0.5,1.0
010_C104,10,C,3,6,OPTIMAL,188.0542,3,3,3,0,0,1.0,188.0542,0.0,0.0,90,2.0,0.5,1.0
010_C104,10,C,3,7,OPTIMAL,322.6287,3,3,3,0,0,1.0,322.6287,0.0,0.0,90,2.0,0.5,1.0
010_C104,10,C,3,8,OPTIMAL,274.7919,3,3,3,0,0,1.0,274.7919,0.0,0.0,90,2.0,0.5,1.0
010_C104,10,C,3,9,OPTIMAL,192.0259,3,3,3,0,0,1.0,192.0259,0.0,0.0,90,2.0,0.5,1.0
010_C105,10,C,1,0,OPTIMAL,6.4458,1,0,0,0,1,0.0,0.0,0.0,6.4458,90,2.0,0.5,1.0
010_C105,10,C,1,1,OPTIMAL,56.4658,1,1,1,0,0,1.0,56.4658,0.0,0.0,90,2.0,0.5,1.0
010_C105,10,C,1,2,OPTIMAL,7.8471,1,0,0,0,1,0.0,0.0,0.0,7.8471,90,2.0,0.5,1.0
010_C105,10,C,1,3,OPTIMAL,32.5475,1,0,0,0,1,0.0,0.0,0.0,32.5475,90,2.0,0.5,1.0
010_C105,10,C,1,4,OPTIMAL,121.8107,1,1,1,0,0,1.0,121.8107,0.0,0.0,90,2.0,0.5,1.0
010_C105,10,C,1,5,OPTIMAL,147.1087,1,1,1,0,0,1.0,147.1087,0.0,0.0,90,2.0,0.5,1.0
010_C105,10,C,1,6,OPTIMAL,34.8271,1,1,1,0,0,1.0,34.8271,0.0,0.0,90,2.0,0.5,1.0
010_C105,10,C,1,7,OPTIMAL,74.9569,1,1,1,0,0,1.0,74.9569,0.0,0.0,90,2.0,0.5,1.0
010_C105,10,C,1,8,OPTIMAL,5.5276,1,0,0,0,1,0.0,0.0,0.0,5.5276,90,2.0,0.5,1.0
010_C105,10,C,1,9,OPTIMAL,64.0891,1,1,1,0,0,1.0,64.0891,0.0,0.0,90,2.0,0.5,1.0
010_C105,10,C,2,0,OPTIMAL,242.4633,2,2,2,0,0,1.0,242.4633,0.0,0.0,90,2.0,0.5,1.0
010_C105,10,C,2,1,OPTIMAL,230.8121,2,2,2,0,0,1.0,230.8121,0.0,0.0,90,2.0,0.5,1.0
010_C105,10,C,2,2,OPTIMAL,150.2687,2,2,2,0,0,1.0,150.2687,0.0,0.0,90,2.0,0.5,1.0
010_C105,10,C,2,3,OPTIMAL,49.7179,2,1,1,0,1,0.5,48.5465,0.0,1.1714,90,2.0,0.5,1.0
010_C105,10,C,2,4,OPTIMAL,127.5111,2,1,1,0,1,0.5,123.9983,0.0,3.5129,90,2.0,0.5,1.0
010_C105,10,C,2,5,OPTIMAL,105.3502,2,2,2,0,0,1.0,105.3502,0.0,0.0,90,2.0,0.5,1.0
010_C105,10,C,2,6,OPTIMAL,221.9369,2,2,2,0,0,1.0,221.9369,0.0,0.0,90,2.0,0.5,1.0
010_C105,10,C,2,7,OPTIMAL,40.6937,2,1,1,0,1,0.5,40.6248,0.0,0.069,90,2.0,0.5,1.0
010_C105,10,C,2,8,OPTIMAL,117.45,2,2,2,0,0,1.0,117.45,0.0,0.0,90,2.0,0.5,1.0
010_C105,10,C,2,9,OPTIMAL,245.5141,2,2,2,0,0,1.0,245.5141,0.0,0.0,90,2.0,0.5,1.0
010_C105,10,C,3,0,OPTIMAL,300.6586,3,3,3,0,0,1.0,300.6586,0.0,0.0,90,2.0,0.5,1.0
010_C105,10,C,3,1,OPTIMAL,263.4775,3,3,3,0,0,1.0,263.4775,0.0,0.0,90,2.0,0.5,1.0
010_C105,10,C,3,2,OPTIMAL,293.447,3,3,3,0,0,1.0,293.447,0.0,0.0,90,2.0,0.5,1.0
010_C105,10,C,3,3,OPTIMAL,170.0175,3,1,1,0,2,0.3333,164.2724,0.0,5.7451,90,2.0,0.5,1.0
010_C105,10,C,3,4,OPTIMAL,209.223,3,3,3,0,0,1.0,209.223,0.0,0.0,90,2.0,0.5,1.0
010_C105,10,C,3,5,OPTIMAL,263.7205,3,3,3,0,0,1.0,263.7205,0.0,0.0,90,2.0,0.5,1.0
010_C105,10,C,3,6,OPTIMAL,14.3177,3,0,0,0,3,0.0,0.0,0.0,14.3177,90,2.0,0.5,1.0
010_C105,10,C,3,7,OPTIMAL,211.2938,3,2,1,1,1,0.6667,160.3843,0.0,50.9095,90,2.0,0.5,1.0
010_C105,10,C,3,8,OPTIMAL,172.949,3,2,2,0,1,0.6667,131.7266,0.0,41.2224,90,2.0,0.5,1.0
010_C105,10,C,3,9,OPTIMAL,192.0259,3,3,3,0,0,1.0,192.0259,0.0,0.0,90,2.0,0.5,1.0
010_C106,10,C,1,0,OPTIMAL,6.4458,1,0,0,0,1,0.0,0.0,0.0,6.4458,90,2.0,0.5,1.0
010_C106,10,C,1,1,OPTIMAL,5.6412,1,0,0,0,1,0.0,0.0,0.0,5.6412,90,2.0,0.5,1.0
010_C106,10,C,1,2,OPTIMAL,7.8471,1,0,0,0,1,0.0,0.0,0.0,7.8471,90,2.0,0.5,1.0
010_C106,10,C,1,3,OPTIMAL,115.3846,1,1,0,1,0,1.0,115.3846,0.0,0.0,90,2.0,0.5,1.0
010_C106,10,C,1,4,OPTIMAL,121.8107,1,1,1,0,0,1.0,121.8107,0.0,0.0,90,2.0,0.5,1.0
010_C106,10,C,1,5,OPTIMAL,147.1087,1,1,1,0,0,1.0,147.1087,0.0,0.0,90,2.0,0.5,1.0
010_C106,10,C,1,6,OPTIMAL,34.8271,1,1,1,0,0,1.0,34.8271,0.0,0.0,90,2.0,0.5,1.0
010_C106,10,C,1,7,OPTIMAL,74.9569,1,1,1,0,0,1.0,74.9569,0.0,0.0,90,2.0,0.5,1.0
010_C106,10,C,1,8,OPTIMAL,71.3423,1,1,1,0,0,1.0,71.3423,0.0,0.0,90,2.0,0.5,1.0
010_C106,10,C,1,9,OPTIMAL,64.0891,1,1,1,0,0,1.0,64.0891,0.0,0.0,90,2.0,0.5,1.0
010_C106,10,C,2,0,OPTIMAL,242.4633,2,2,2,0,0,1.0,242.4633,0.0,0.0,90,2.0,0.5,1.0
010_C106,10,C,2,1,OPTIMAL,230.8121,2,2,2,0,0,1.0,230.8121,0.0,0.0,90,2.0,0.5,1.0
010_C106,10,C,2,2,OPTIMAL,150.2687,2,2,2,0,0,1.0,150.2687,0.0,0.0,90,2.0,0.5,1.0
010_C106,10,C,2,3,OPTIMAL,49.7179,2,1,1,0,1,0.5,48.5465,0.0,1.1714,90,2.0,0.5,1.0
010_C106,10,C,2,4,OPTIMAL,192.106,2,2,2,0,0,1.0,192.106,0.0,0.0,90,2.0,0.5,1.0
010_C106,10,C,2,5,OPTIMAL,80.6408,2,1,1,0,1,0.5,63.7479,0.0,16.8929,90,2.0,0.5,1.0
010_C106,10,C,2,6,OPTIMAL,221.9369,2,2,2,0,0,1.0,221.9369,0.0,0.0,90,2.0,0.5,1.0
010_C106,10,C,2,7,OPTIMAL,40.6937,2,1,1,0,1,0.5,40.6248,0.0,0.069,90,2.0,0.5,1.0
010_C106,10,C,2,8,OPTIMAL,117.45,2,2,2,0,0,1.0,117.45,0.0,0.0,90,2.0,0.5,1.0
010_C106,10,C,2,9,OPTIMAL,245.5141,2,2,2,0,0,1.0,245.5141,0.0,0.0,90,2.0,0.5,1.0
010_C106,10,C,3,0,OPTIMAL,300.6586,3,3,3,0,0,1.0,300.6586,0.0,0.0,90,2.0,0.5,1.0
010_C106,10,C,3,1,OPTIMAL,263.4775,3,3,3,0,0,1.0,263.4775,0.0,0.0,90,2.0,0.5,1.0
010_C106,10,C,3,2,OPTIMAL,293.447,3,3,3,0,0,1.0,293.447,0.0,0.0,90,2.0,0.5,1.0
010_C106,10,C,3,3,OPTIMAL,221.5079,3,2,1,1,1,0.6667,204.4287,0.0,17.0793,90,2.0,0.5,1.0
010_C106,10,C,3,4,OPTIMAL,209.223,3,3,3,0,0,1.0,209.223,0.0,0.0,90,2.0,0.5,1.0
010_C106,10,C,3,5,OPTIMAL,263.7205,3,3,3,0,0,1.0,263.7205,0.0,0.0,90,2.0,0.5,1.0
010_C106,10,C,3,6,OPTIMAL,107.846,3,2,0,2,1,0.6667,106.928,0.0,0.918,90,2.0,0.5,1.0
010_C106,10,C,3,7,OPTIMAL,245.7597,3,2,0,2,1,0.6667,243.8039,0.0,1.9558,90,2.0,0.5,1.0
010_C106,10,C,3,8,OPTIMAL,217.9244,3,2,1,1,1,0.6667,207.7081,0.0,10.2163,90,2.0,0.5,1.0
010_C106,10,C,3,9,OPTIMAL,162.9134,3,2,2,0,1,0.6667,146.3898,0.0,16.5236,90,2.0,0.5,1.0
010_C107,10,C,1,0,OPTIMAL,6.4458,1,0,0,0,1,0.0,0.0,0.0,6.4458,90,2.0,0.5,1.0
010_C107,10,C,1,1,OPTIMAL,0.0013,1,0,0,0,1,0.0,0.0,0.0,0.0013,90,2.0,0.5,1.0
010_C107,10,C,1,2,OPTIMAL,80.3735,1,1,1,0,0,1.0,80.3735,0.0,0.0,90,2.0,0.5,1.0
010_C107,10,C,1,3,OPTIMAL,115.3846,1,1,1,0,0,1.0,115.3846,0.0,0.0,90,2.0,0.5,1.0
010_C107,10,C,1,4,OPTIMAL,121.8107,1,1,1,0,0,1.0,121.8107,0.0,0.0,90,2.0,0.5,1.0
010_C107,10,C,1,5,OPTIMAL,147.1087,1,1,1,0,0,1.0,147.1087,0.0,0.0,90,2.0,0.5,1.0
010_C107,10,C,1,6,OPTIMAL,34.8271,1,1,1,0,0,1.0,34.8271,0.0,0.0,90,2.0,0.5,1.0
010_C107,10,C,1,7,OPTIMAL,74.9569,1,1,1,0,0,1.0,74.9569,0.0,0.0,90,2.0,0.5,1.0
010_C107,10,C,1,8,OPTIMAL,5.5276,1,0,0,0,1,0.0,0.0,0.0,5.5276,90,2.0,0.5,1.0
010_C107,10,C,1,9,OPTIMAL,64.0891,1,1,1,0,0,1.0,64.0891,0.0,0.0,90,2.0,0.5,1.0
010_C107,10,C,2,0,OPTIMAL,130.7086,2,1,1,0,1,0.5,85.0653,0.0,45.6433,90,2.0,0.5,1.0
010_C107,10,C,2,1,OPTIMAL,230.8121,2,2,2,0,0,1.0,230.8121,0.0,0.0,90,2.0,0.5,1.0
010_C107,10,C,2,2,OPTIMAL,150.2687,2,2,2,0,0,1.0,150.2687,0.0,0.0,90,2.0,0.5,1.0
010_C107,10,C,2,3,OPTIMAL,52.2372,2,1,1,0,1,0.5,48.5465,0.0,3.6907,90,2.0,0.5,1.0
010_C107,10,C,2,4,OPTIMAL,127.5111,2,1,1,0,1,0.5,123.9983,0.0,3.5129,90,2.0,0.5,1.0
010_C107,10,C,2,5,OPTIMAL,70.1173,2,1,1,0,1,0.5,63.7479,0.0,6.3694,90,2.0,0.5,1.0
010_C107,10,C,2,6,OPTIMAL,221.9369,2,2,2,0,0,1.0,221.9369,0.0,0.0,90,2.0,0.5,1.0
010_C107,10,C,2,7,OPTIMAL,40.6937,2,1,1,0,1,0.5,40.6248,0.0,0.069,90,2.0,0.5,1.0
010_C107,10,C,2,8,OPTIMAL,117.45,2,2,2,0,0,1.0,117.45,0.0,0.0,90,2.0,0.5,1.0
010_C107,10,C,2,9,OPTIMAL,245.5141,2,2,2,0,0,1.0,245.5141,0.0,0.0,90,2.0,0.5,1.0
010_C107,10,C,3,0,OPTIMAL,300.6586,3,3,3,0,0,1.0,300.6586,0.0,0.0,90,2.0,0.5,1.0
010_C107,10,C,3,1,OPTIMAL,263.4775,3,3,3,0,0,1.0,263.4775,0.0,0.0,90,2.0,0.5,1.0
010_C107,10,C,3,2,OPTIMAL,293.447,3,3,3,0,0,1.0,293.447,0.0,0.0,90,2.0,0.5,1.0
010_C107,10,C,3,3,OPTIMAL,206.5748,3,2,2,0,1,0.6667,206.5228,0.0,0.052,90,2.0,0.5,1.0
010_C107,10,C,3,4,OPTIMAL,209.223,3,3,3,0,0,1.0,209.223,0.0,0.0,90,2.0,0.5,1.0
010_C107,10,C,3,5,OPTIMAL,154.5966,3,2,2,0,1,0.6667,109.7889,0.0,44.8077,90,2.0,0.5,1.0
010_C107,10,C,3,6,OPTIMAL,3.9983,3,0,0,0,3,0.0,0.0,0.0,3.9983,90,2.0,0.5,1.0
010_C107,10,C,3,7,OPTIMAL,322.6287,3,3,3,0,0,1.0,322.6287,0.0,0.0,90,2.0,0.5,1.0
010_C107,10,C,3,8,OPTIMAL,210.3471,3,2,2,0,1,0.6667,207.7081,0.0,2.639,90,2.0,0.5,1.0
010_C107,10,C,3,9,OPTIMAL,149.9015,3,2,2,0,1,0.6667,146.3898,0.0,3.5117,90,2.0,0.5,1.0
010_C108,10,C,1,0,OPTIMAL,6.4458,1,0,0,0,1,0.0,0.0,0.0,6.4458,90,2.0,0.5,1.0
010_C108,10,C,1,1,OPTIMAL,0.0013,1,0,0,0,1,0.0,0.0,0.0,0.0013,90,2.0,0.5,1.0
010_C108,10,C,1,2,OPTIMAL,80.3735,1,1,1,0,0,1.0,80.3735,0.0,0.0,90,2.0,0.5,1.0
010_C108,10,C,1,3,OPTIMAL,115.3846,1,1,1,0,0,1.0,115.3846,0.0,0.0,90,2.0,0.5,1.0
010_C108,10,C,1,4,OPTIMAL,121.8107,1,1,1,0,0,1.0,121.8107,0.0,0.0,90,2.0,0.5,1.0
010_C108,10,C,1,5,OPTIMAL,147.1087,1,1,1,0,0,1.0,147.1087,0.0,0.0,90,2.0,0.5,1.0
010_C108,10,C,1,6,OPTIMAL,34.8271,1,1,1,0,0,1.0,34.8271,0.0,0.0,90,2.0,0.5,1.0
010_C108,10,C,1,7,OPTIMAL,74.9569,1,1,1,0,0,1.0,74.9569,0.0,0.0,90,2.0,0.5,1.0
010_C108,10,C,1,8,OPTIMAL,1.6558,1,0,0,0,1,0.0,0.0,0.0,1.6558,90,2.0,0.5,1.0
010_C108,10,C,1,9,OPTIMAL,64.0891,1,1,1,0,0,1.0,64.0891,0.0,0.0,90,2.0,0.5,1.0
010_C108,10,C,2,0,OPTIMAL,130.7086,2,1,1,0,1,0.5,85.0653,0.0,45.6433,90,2.0,0.5,1.0
010_C108,10,C,2,1,OPTIMAL,230.8121,2,2,2,0,0,1.0,230.8121,0.0,0.0,90,2.0,0.5,1.0
010_C108,10,C,2,2,OPTIMAL,150.2687,2,2,2,0,0,1.0,150.2687,0.0,0.0,90,2.0,0.5,1.0
010_C108,10,C,2,3,OPTIMAL,52.2372,2,1,1,0,1,0.5,48.5465,0.0,3.6907,90,2.0,0.5,1.0
010_C108,10,C,2,4,OPTIMAL,126.7268,2,1,1,0,1,0.5,123.9983,0.0,2.7285,90,2.0,0.5,1.0
010_C108,10,C,2,5,OPTIMAL,105.3502,2,2,2,0,0,1.0,105.3502,0.0,0.0,90,2.0,0.5,1.0
010_C108,10,C,2,6,OPTIMAL,221.9369,2,2,2,0,0,1.0,221.9369,0.0,0.0,90,2.0,0.5,1.0
010_C108,10,C,2,7,OPTIMAL,40.6937,2,1,1,0,1,0.5,40.6248,0.0,0.069,90,2.0,0.5,1.0
010_C108,10,C,2,8,OPTIMAL,117.45,2,2,2,0,0,1.0,117.45,0.0,0.0,90,2.0,0.5,1.0
010_C108,10,C,2,9,OPTIMAL,245.5141,2,2,2,0,0,1.0,245.5141,0.0,0.0,90,2.0,0.5,1.0
010_C108,10,C,3,0,OPTIMAL,300.6586,3,3,3,0,0,1.0,300.6586,0.0,0.0,90,2.0,0.5,1.0
010_C108,10,C,3,1,OPTIMAL,263.4775,3,3,3,0,0,1.0,263.4775,0.0,0.0,90,2.0,0.5,1.0
010_C108,10,C,3,2,OPTIMAL,293.447,3,3,3,0,0,1.0,293.447,0.0,0.0,90,2.0,0.5,1.0
010_C108,10,C,3,3,OPTIMAL,170.768,3,1,1,0,2,0.3333,164.2724,0.0,6.4956,90,2.0,0.5,1.0
010_C108,10,C,3,4,OPTIMAL,209.223,3,3,3,0,0,1.0,209.223,0.0,0.0,90,2.0,0.5,1.0
010_C108,10,C,3,5,OPTIMAL,263.7205,3,3,3,0,0,1.0,263.7205,0.0,0.0,90,2.0,0.5,1.0
010_C108,10,C,3,6,OPTIMAL,3.9983,3,0,0,0,3,0.0,0.0,0.0,3.9983,90,2.0,0.5,1.0
010_C108,10,C,3,7,OPTIMAL,247.1554,3,2,2,0,1,0.6667,243.8039,0.0,3.3515,90,2.0,0.5,1.0
010_C108,10,C,3,8,OPTIMAL,274.7919,3,3,3,0,0,1.0,274.7919,0.0,0.0,90,2.0,0.5,1.0
010_C108,10,C,3,9,OPTIMAL,149.9015,3,2,2,0,1,0.6667,146.3898,0.0,3.5117,90,2.0,0.5,1.0
010_C109,10,C,1,0,OPTIMAL,6.4458,1,0,0,0,1,0.0,0.0,0.0,6.4458,90,2.0,0.5,1.0
010_C109,10,C,1,1,OPTIMAL,0.3563,1,0,0,0,1,0.0,0.0,0.0,0.3563,90,2.0,0.5,1.0
010_C109,10,C,1,2,OPTIMAL,2.6927,1,0,0,0,1,0.0,0.0,0.0,2.6927,90,2.0,0.5,1.0
010_C109,10,C,1,3,OPTIMAL,115.3846,1,1,1,0,0,1.0,115.3846,0.0,0.0,90,2.0,0.5,1.0
010_C109,10,C,1,4,OPTIMAL,121.8107,1,1,1,0,0,1.0,121.8107,0.0,0.0,90,2.0,0.5,1.0
010_C109,10,C,1,5,OPTIMAL,147.1087,1,1,1,0,0,1.0,147.1087,0.0,0.0,90,2.0,0.5,1.0
010_C109,10,C,1,6,OPTIMAL,34.8271,1,1,1,0,0,1.0,34.8271,0.0,0.0,90,2.0,0.5,1.0
010_C109,10,C,1,7,OPTIMAL,74.9569,1,1,1,0,0,1.0,74.9569,0.0,0.0,90,2.0,0.5,1.0
010_C109,10,C,1,8,OPTIMAL,71.3423,1,1,1,0,0,1.0,71.3423,0.0,0.0,90,2.0,0.5,1.0
010_C109,10,C,1,9,OPTIMAL,64.0891,1,1,1,0,0,1.0,64.0891,0.0,0.0,90,2.0,0.5,1.0
010_C109,10,C,2,0,OPTIMAL,242.4633,2,2,2,0,0,1.0,242.4633,0.0,0.0,90,2.0,0.5,1.0
010_C109,10,C,2,1,OPTIMAL,72.3921,2,1,1,0,1,0.5,70.465,0.0,1.9271,90,2.0,0.5,1.0
010_C109,10,C,2,2,OPTIMAL,150.2687,2,2,2,0,0,1.0,150.2687,0.0,0.0,90,2.0,0.5,1.0
010_C109,10,C,2,3,OPTIMAL,128.1055,2,2,2,0,0,1.0,128.1055,0.0,0.0,90,2.0,0.5,1.0
010_C109,10,C,2,4,OPTIMAL,126.7268,2,1,1,0,1,0.5,123.9983,0.0,2.7285,90,2.0,0.5,1.0
010_C109,10,C,2,5,OPTIMAL,76.8116,2,1,1,0,1,0.5,63.7479,0.0,13.0637,90,2.0,0.5,1.0
010_C109,10,C,2,6,OPTIMAL,221.9369,2,2,2,0,0,1.0,221.9369,0.0,0.0,90,2.0,0.5,1.0
010_C109,10,C,2,7,OPTIMAL,43.5479,2,1,1,0,1,0.5,40.6248,0.0,2.9232,90,2.0,0.5,1.0
010_C109,10,C,2,8,OPTIMAL,117.45,2,2,2,0,0,1.0,117.45,0.0,0.0,90,2.0,0.5,1.0
010_C109,10,C,2,9,OPTIMAL,245.5141,2,2,2,0,0,1.0,245.5141,0.0,0.0,90,2.0,0.5,1.0
010_C109,10,C,3,0,OPTIMAL,300.6586,3,3,3,0,0,1.0,300.6586,0.0,0.0,90,2.0,0.5,1.0
010_C109,10,C,3,1,OPTIMAL,263.4775,3,3,3,0,0,1.0,263.4775,0.0,0.0,90,2.0,0.5,1.0
010_C109,10,C,3,2,OPTIMAL,293.447,3,3,3,0,0,1.0,293.447,0.0,0.0,90,2.0,0.5,1.0
010_C109,10,C,3,3,OPTIMAL,57.4308,3,1,1,0,2,0.3333,40.1563,0.0,17.2745,90,2.0,0.5,1.0
010_C109,10,C,3,4,OPTIMAL,209.223,3,3,3,0,0,1.0,209.223,0.0,0.0,90,2.0,0.5,1.0
010_C109,10,C,3,5,OPTIMAL,153.0319,3,2,2,0,1,0.6667,109.7889,0.0,43.243,90,2.0,0.5,1.0
010_C109,10,C,3,6,OPTIMAL,110.2525,3,2,2,0,1,0.6667,106.928,0.0,3.3245,90,2.0,0.5,1.0
010_C109,10,C,3,7,OPTIMAL,322.6287,3,3,3,0,0,1.0,322.6287,0.0,0.0,90,2.0,0.5,1.0
010_C109,10,C,3,8,OPTIMAL,150.2399,3,1,1,0,2,0.3333,143.0653,0.0,7.1746,90,2.0,0.5,1.0
010_C109,10,C,3,9,OPTIMAL,192.0259,3,3,3,0,0,1.0,192.0259,0.0,0.0,90,2.0,0.5,1.0
010_C201,10,C,1,0,OPTIMAL,50.8515,1,1,1,0,0,1.0,50.8515,0.0,0.0,90,2.0,0.5,1.0
010_C201,10,C,1,1,OPTIMAL,108.8302,1,1,1,0,0,1.0,108.8302,0.0,0.0,90,2.0,0.5,1.0
010_C201,10,C,1,2,OPTIMAL,108.3809,1,1,1,0,0,1.0,108.3809,0.0,0.0,90,2.0,0.5,1.0
010_C201,10,C,1,3,OPTIMAL,1.4632,1,0,0,0,1,0.0,0.0,0.0,1.4632,90,2.0,0.5,1.0
010_C201,10,C,1,4,OPTIMAL,94.394,1,1,1,0,0,1.0,94.394,0.0,0.0,90,2.0,0.5,1.0
010_C201,10,C,1,5,OPTIMAL,81.7063,1,1,1,0,0,1.0,81.7063,0.0,0.0,90,2.0,0.5,1.0
010_C201,10,C,1,6,OPTIMAL,108.962,1,1,1,0,0,1.0,108.962,0.0,0.0,90,2.0,0.5,1.0
010_C201,10,C,1,7,OPTIMAL,48.8218,1,1,0,1,0,1.0,48.8218,0.0,0.0,90,2.0,0.5,1.0
010_C201,10,C,1,8,OPTIMAL,106.9826,1,1,1,0,0,1.0,106.9826,0.0,0.0,90,2.0,0.5,1.0
010_C201,10,C,1,9,OPTIMAL,110.8354,1,1,1,0,0,1.0,110.8354,0.0,0.0,90,2.0,0.5,1.0
010_C201,10,C,2,0,OPTIMAL,155.641,2,2,1,1,0,1.0,155.641,0.0,0.0,90,2.0,0.5,1.0
010_C201,10,C,2,1,OPTIMAL,156.6718,2,2,2,0,0,1.0,156.6718,0.0,0.0,90,2.0,0.5,1.0
010_C201,10,C,2,2,OPTIMAL,189.5921,2,2,2,0,0,1.0,189.5921,0.0,0.0,90,2.0,0.5,1.0
010_C201,10,C,2,3,OPTIMAL,148.3026,2,2,2,0,0,1.0,148.3026,0.0,0.0,90,2.0,0.5,1.0
010_C201,10,C,2,4,OPTIMAL,195.3173,2,2,2,0,0,1.0,195.3173,0.0,0.0,90,2.0,0.5,1.0
010_C201,10,C,2,5,OPTIMAL,219.0453,2,2,2,0,0,1.0,219.0453,0.0,0.0,90,2.0,0.5,1.0
010_C201,10,C,2,6,OPTIMAL,205.1798,2,2,2,0,0,1.0,205.1798,0.0,0.0,90,2.0,0.5,1.0
010_C201,10,C,2,7,OPTIMAL,172.3312,2,2,2,0,0,1.0,172.3312,0.0,0.0,90,2.0,0.5,1.0
010_C201,10,C,2,8,OPTIMAL,184.9988,2,2,2,0,0,1.0,184.9988,0.0,0.0,90,2.0,0.5,1.0
010_C201,10,C,2,9,OPTIMAL,212.4519,2,2,2,0,0,1.0,212.4519,0.0,0.0,90,2.0,0.5,1.0
010_C201,10,C,3,0,OPTIMAL,280.5206,3,3,2,1,0,1.0,280.5206,0.0,0.0,90,2.0,0.5,1.0
010_C201,10,C,3,1,OPTIMAL,247.71,3,3,3,0,0,1.0,247.71,0.0,0.0,90,2.0,0.5,1.0
010_C201,10,C,3,2,OPTIMAL,250.54,3,3,3,0,0,1.0,250.54,0.0,0.0,90,2.0,0.5,1.0
010_C201,10,C,3,3,OPTIMAL,222.7397,3,3,3,0,0,1.0,222.7397,0.0,0.0,90,2.0,0.5,1.0
010_C201,10,C,3,4,OPTIMAL,202.4044,3,2,2,0,1,0.6667,184.5635,0.0,17.8408,90,2.0,0.5,1.0
010_C201,10,C,3,5,OPTIMAL,204.009,3,2,2,0,1,0.6667,171.8396,0.0,32.1695,90,2.0,0.5,1.0
010_C201,10,C,3,6,OPTIMAL,280.6198,3,3,2,1,0,1.0,280.6198,0.0,0.0,90,2.0,0.5,1.0
010_C201,10,C,3,7,OPTIMAL,268.6712,3,3,3,0,0,1.0,268.6712,0.0,0.0,90,2.0,0.5,1.0
010_C201,10,C,3,8,OPTIMAL,195.2667,3,2,2,0,1,0.6667,192.3879,0.0,2.8788,90,2.0,0.5,1.0
010_C201,10,C,3,9,OPTIMAL,299.2743,3,3,3,0,0,1.0,299.2743,0.0,0.0,90,2.0,0.5,1.0
010_C202,10,C,1,0,OPTIMAL,50.8515,1,1,1,0,0,1.0,50.8515,0.0,0.0,90,2.0,0.5,1.0
010_C202,10,C,1,1,OPTIMAL,108.8302,1,1,1,0,0,1.0,108.8302,0.0,0.0,90,2.0,0.5,1.0
010_C202,10,C,1,2,OPTIMAL,108.3809,1,1,1,0,0,1.0,108.3809,0.0,0.0,90,2.0,0.5,1.0
010_C202,10,C,1,3,OPTIMAL,105.7725,1,1,1,0,0,1.0,105.7725,0.0,0.0,90,2.0,0.5,1.0
010_C202,10,C,1,4,OPTIMAL,94.394,1,1,1,0,0,1.0,94.394,0.0,0.0,90,2.0,0.5,1.0
010_C202,10,C,1,5,OPTIMAL,6.8013,1,0,0,0,1,0.0,0.0,0.0,6.8013,90,2.0,0.5,1.0
010_C202,10,C,1,6,OPTIMAL,108.962,1,1,1,0,0,1.0,108.962,0.0,0.0,90,2.0,0.5,1.0
010_C202,10,C,1,7,OPTIMAL,3.4869,1,0,0,0,1,0.0,0.0,0.0,3.4869,90,2.0,0.5,1.0
010_C202,10,C,1,8,OPTIMAL,106.9826,1,1,1,0,0,1.0,106.9826,0.0,0.0,90,2.0,0.5,1.0
010_C202,10,C,1,9,OPTIMAL,110.8354,1,1,1,0,0,1.0,110.8354,0.0,0.0,90,2.0,0.5,1.0
010_C202,10,C,2,0,OPTIMAL,91.5003,2,1,1,0,1,0.5,49.772,0.0,41.7283,90,2.0,0.5,1.0
010_C202,10,C,2,1,OPTIMAL,156.6718,2,2,2,0,0,1.0,156.6718,0.0,0.0,90,2.0,0.5,1.0
010_C202,10,C,2,2,OPTIMAL,189.5921,2,2,2,0,0,1.0,189.5921,0.0,0.0,90,2.0,0.5,1.0
010_C202,10,C,2,3,OPTIMAL,148.3026,2,2,2,0,0,1.0,148.3026,0.0,0.0,90,2.0,0.5,1.0
010_C202,10,C,2,4,OPTIMAL,195.3173,2,2,2,0,0,1.0,195.3173,0.0,0.0,90,2.0,0.5,1.0
010_C202,10,C,2,5,OPTIMAL,219.0453,2,2,2,0,0,1.0,219.0453,0.0,0.0,90,2.0,0.5,1.0
010_C202,10,C,2,6,OPTIMAL,205.1798,2,2,2,0,0,1.0,205.1798,0.0,0.0,90,2.0,0.5,1.0
010_C202,10,C,2,7,OPTIMAL,172.3312,2,2,2,0,0,1.0,172.3312,0.0,0.0,90,2.0,0.5,1.0
010_C202,10,C,2,8,OPTIMAL,184.9988,2,2,2,0,0,1.0,184.9988,0.0,0.0,90,2.0,0.5,1.0
010_C202,10,C,2,9,OPTIMAL,212.4519,2,2,2,0,0,1.0,212.4519,0.0,0.0,90,2.0,0.5,1.0
010_C202,10,C,3,0,OPTIMAL,280.5206,3,3,2,1,0,1.0,280.5206,0.0,0.0,90,2.0,0.5,1.0
010_C202,10,C,3,1,OPTIMAL,247.71,3,3,3,0,0,1.0,247.71,0.0,0.0,90,2.0,0.5,1.0
010_C202,10,C,3,2,OPTIMAL,250.54,3,3,3,0,0,1.0,250.54,0.0,0.0,90,2.0,0.5,1.0
010_C202,10,C,3,3,OPTIMAL,222.7397,3,3,2,1,0,1.0,222.7397,0.0,0.0,90,2.0,0.5,1.0
010_C202,10,C,3,4,OPTIMAL,299.2993,3,3,3,0,0,1.0,299.2993,0.0,0.0,90,2.0,0.5,1.0
010_C202,10,C,3,5,OPTIMAL,204.009,3,2,2,0,1,0.6667,171.8396,0.0,32.1695,90,2.0,0.5,1.0
010_C202,10,C,3,6,OPTIMAL,205.4186,3,2,2,0,1,0.6667,153.2303,0.0,52.1883,90,2.0,0.5,1.0
010_C202,10,C,3,7,OPTIMAL,252.3511,3,2,2,0,1,0.6667,225.9374,0.0,26.4137,90,2.0,0.5,1.0
010_C202,10,C,3,8,OPTIMAL,252.3131,3,2,2,0,1,0.6667,185.2345,0.0,67.0786,90,2.0,0.5,1.0
010_C202,10,C,3,9,OPTIMAL,299.2743,3,3,3,0,0,1.0,299.2743,0.0,0.0,90,2.0,0.5,1.0
010_C203,10,C,1,0,OPTIMAL,50.8515,1,1,1,0,0,1.0,50.8515,0.0,0.0,90,2.0,0.5,1.0
010_C203,10,C,1,1,OPTIMAL,108.8302,1,1,1,0,0,1.0,108.8302,0.0,0.0,90,2.0,0.5,1.0
010_C203,10,C,1,2,OPTIMAL,108.3809,1,1,1,0,0,1.0,108.3809,0.0,0.0,90,2.0,0.5,1.0
010_C203,10,C,1,3,OPTIMAL,105.7725,1,1,1,0,0,1.0,105.7725,0.0,0.0,90,2.0,0.5,1.0
010_C203,10,C,1,4,OPTIMAL,94.394,1,1,1,0,0,1.0,94.394,0.0,0.0,90,2.0,0.5,1.0
010_C203,10,C,1,5,OPTIMAL,6.8013,1,0,0,0,1,0.0,0.0,0.0,6.8013,90,2.0,0.5,1.0
010_C203,10,C,1,6,OPTIMAL,108.962,1,1,1,0,0,1.0,108.962,0.0,0.0,90,2.0,0.5,1.0
010_C203,10,C,1,7,OPTIMAL,3.4869,1,0,0,0,1,0.0,0.0,0.0,3.4869,90,2.0,0.5,1.0
010_C203,10,C,1,8,OPTIMAL,106.9826,1,1,1,0,0,1.0,106.9826,0.0,0.0,90,2.0,0.5,1.0
010_C203,10,C,1,9,OPTIMAL,110.8354,1,1,1,0,0,1.0,110.8354,0.0,0.0,90,2.0,0.5,1.0
010_C203,10,C,2,0,OPTIMAL,91.5003,2,1,1,0,1,0.5,49.772,0.0,41.7283,90,2.0,0.5,1.0
010_C203,10,C,2,1,OPTIMAL,156.6718,2,2,2,0,0,1.0,156.6718,0.0,0.0,90,2.0,0.5,1.0
010_C203,10,C,2,2,OPTIMAL,189.5921,2,2,2,0,0,1.0,189.5921,0.0,0.0,90,2.0,0.5,1.0
010_C203,10,C,2,3,OPTIMAL,148.3026,2,2,2,0,0,1.0,148.3026,0.0,0.0,90,2.0,0.5,1.0
010_C203,10,C,2,4,OPTIMAL,195.3173,2,2,2,0,0,1.0,195.3173,0.0,0.0,90,2.0,0.5,1.0
010_C203,10,C,2,5,OPTIMAL,219.0453,2,2,2,0,0,1.0,219.0453,0.0,0.0,90,2.0,0.5,1.0
010_C203,10,C,2,6,OPTIMAL,205.1798,2,2,2,0,0,1.0,205.1798,0.0,0.0,90,2.0,0.5,1.0
010_C203,10,C,2,7,OPTIMAL,172.3312,2,2,2,0,0,1.0,172.3312,0.0,0.0,90,2.0,0.5,1.0
010_C203,10,C,2,8,OPTIMAL,184.9988,2,2,2,0,0,1.0,184.9988,0.0,0.0,90,2.0,0.5,1.0
010_C203,10,C,2,9,OPTIMAL,212.4519,2,2,2,0,0,1.0,212.4519,0.0,0.0,90,2.0,0.5,1.0
010_C203,10,C,3,0,OPTIMAL,280.5206,3,3,2,1,0,1.0,280.5206,0.0,0.0,90,2.0,0.5,1.0
010_C203,10,C,3,1,OPTIMAL,247.71,3,3,3,0,0,1.0,247.71,0.0,0.0,90,2.0,0.5,1.0
010_C203,10,C,3,2,OPTIMAL,250.54,3,3,3,0,0,1.0,250.54,0.0,0.0,90,2.0,0.5,1.0
010_C203,10,C,3,3,OPTIMAL,222.7397,3,3,2,1,0,1.0,222.7397,0.0,0.0,90,2.0,0.5,1.0
010_C203,10,C,3,4,OPTIMAL,299.2993,3,3,3,0,0,1.0,299.2993,0.0,0.0,90,2.0,0.5,1.0
010_C203,10,C,3,5,OPTIMAL,204.009,3,2,2,0,1,0.6667,171.8396,0.0,32.1695,90,2.0,0.5,1.0
010_C203,10,C,3,6,OPTIMAL,205.4186,3,2,2,0,1,0.6667,153.2303,0.0,52.1883,90,2.0,0.5,1.0
010_C203,10,C,3,7,OPTIMAL,252.3511,3,2,2,0,1,0.6667,225.9374,0.0,26.4137,90,2.0,0.5,1.0
010_C203,10,C,3,8,OPTIMAL,252.3131,3,2,2,0,1,0.6667,185.2345,0.0,67.0786,90,2.0,0.5,1.0
010_C203,10,C,3,9,OPTIMAL,299.2743,3,3,3,0,0,1.0,299.2743,0.0,0.0,90,2.0,0.5,1.0
010_C204,10,C,1,0,OPTIMAL,50.8515,1,1,1,0,0,1.0,50.8515,0.0,0.0,90,2.0,0.5,1.0
010_C204,10,C,1,1,OPTIMAL,108.8302,1,1,1,0,0,1.0,108.8302,0.0,0.0,90,2.0,0.5,1.0
010_C204,10,C,1,2,OPTIMAL,108.3809,1,1,1,0,0,1.0,108.3809,0.0,0.0,90,2.0,0.5,1.0
010_C204,10,C,1,3,OPTIMAL,105.7725,1,1,1,0,0,1.0,105.7725,0.0,0.0,90,2.0,0.5,1.0
010_C204,10,C,1,4,OPTIMAL,94.394,1,1,1,0,0,1.0,94.394,0.0,0.0,90,2.0,0.5,1.0
010_C204,10,C,1,5,OPTIMAL,24.6458,1,0,0,0,1,0.0,0.0,0.0,24.6458,90,2.0,0.5,1.0
010_C204,10,C,1,6,OPTIMAL,108.962,1,1,1,0,0,1.0,108.962,0.0,0.0,90,2.0,0.5,1.0
010_C204,10,C,1,7,OPTIMAL,48.8218,1,1,0,1,0,1.0,48.8218,0.0,0.0,90,2.0,0.5,1.0
010_C204,10,C,1,8,OPTIMAL,106.9826,1,1,1,0,0,1.0,106.9826,0.0,0.0,90,2.0,0.5,1.0
010_C204,10,C,1,9,OPTIMAL,110.8354,1,1,1,0,0,1.0,110.8354,0.0,0.0,90,2.0,0.5,1.0
010_C204,10,C,2,0,OPTIMAL,155.641,2,2,1,1,0,1.0,155.641,0.0,0.0,90,2.0,0.5,1.0
010_C204,10,C,2,1,OPTIMAL,156.6718,2,2,2,0,0,1.0,156.6718,0.0,0.0,90,2.0,0.5,1.0
010_C204,10,C,2,2,OPTIMAL,189.5921,2,2,2,0,0,1.0,189.5921,0.0,0.0,90,2.0,0.5,1.0
010_C204,10,C,2,3,OPTIMAL,148.3026,2,2,2,0,0,1.0,148.3026,0.0,0.0,90,2.0,0.5,1.0
010_C204,10,C,2,4,OPTIMAL,195.3173,2,2,2,0,0,1.0,195.3173,0.0,0.0,90,2.0,0.5,1.0
010_C204,10,C,2,5,OPTIMAL,219.0453,2,2,2,0,0,1.0,219.0453,0.0,0.0,90,2.0,0.5,1.0
010_C204,10,C,2,6,OPTIMAL,205.1798,2,2,2,0,0,1.0,205.1798,0.0,0.0,90,2.0,0.5,1.0
010_C204,10,C,2,7,OPTIMAL,172.3312,2,2,2,0,0,1.0,172.3312,0.0,0.0,90,2.0,0.5,1.0
010_C204,10,C,2,8,OPTIMAL,184.9988,2,2,2,0,0,1.0,184.9988,0.0,0.0,90,2.0,0.5,1.0
010_C204,10,C,2,9,OPTIMAL,212.4519,2,2,2,0,0,1.0,212.4519,0.0,0.0,90,2.0,0.5,1.0
010_C204,10,C,3,0,OPTIMAL,280.5206,3,3,2,1,0,1.0,280.5206,0.0,0.0,90,2.0,0.5,1.0
010_C204,10,C,3,1,OPTIMAL,247.71,3,3,3,0,0,1.0,247.71,0.0,0.0,90,2.0,0.5,1.0
010_C204,10,C,3,2,OPTIMAL,250.54,3,3,3,0,0,1.0,250.54,0.0,0.0,90,2.0,0.5,1.0
010_C204,10,C,3,3,OPTIMAL,154.034,3,2,2,0,1,0.6667,124.314,0.0,29.72,90,2.0,0.5,1.0
010_C204,10,C,3,4,OPTIMAL,299.2993,3,3,3,0,0,1.0,299.2993,0.0,0.0,90,2.0,0.5,1.0
010_C204,10,C,3,5,OPTIMAL,204.009,3,2,2,0,1,0.6667,171.8396,0.0,32.1695,90,2.0,0.5,1.0
010_C204,10,C,3,6,OPTIMAL,280.6198,3,3,2,1,0,1.0,280.6198,0.0,0.0,90,2.0,0.5,1.0
010_C204,10,C,3,7,OPTIMAL,236.3324,3,2,2,0,1,0.6667,225.9374,0.0,10.3949,90,2.0,0.5,1.0
010_C204,10,C,3,8,OPTIMAL,211.3695,3,2,2,0,1,0.6667,185.2345,0.0,26.135,90,2.0,0.5,1.0
010_C204,10,C,3,9,OPTIMAL,299.2743,3,3,3,0,0,1.0,299.2743,0.0,0.0,90,2.0,0.5,1.0
010_C205,10,C,1,0,OPTIMAL,6.9772,1,0,0,0,1,0.0,0.0,0.0,6.9772,90,2.0,0.5,1.0
010_C205,10,C,1,1,OPTIMAL,108.8302,1,1,1,0,0,1.0,108.8302,0.0,0.0,90,2.0,0.5,1.0
010_C205,10,C,1,2,OPTIMAL,108.3809,1,1,1,0,0,1.0,108.3809,0.0,0.0,90,2.0,0.5,1.0
010_C205,10,C,1,3,OPTIMAL,105.7725,1,1,1,0,0,1.0,105.7725,0.0,0.0,90,2.0,0.5,1.0
010_C205,10,C,1,4,OPTIMAL,94.394,1,1,1,0,0,1.0,94.394,0.0,0.0,90,2.0,0.5,1.0
010_C205,10,C,1,5,OPTIMAL,81.7063,1,1,1,0,0,1.0,81.7063,0.0,0.0,90,2.0,0.5,1.0
010_C205,10,C,1,6,OPTIMAL,108.962,1,1,1,0,0,1.0,108.962,0.0,0.0,90,2.0,0.5,1.0
010_C205,10,C,1,7,OPTIMAL,48.8218,1,1,1,0,0,1.0,48.8218,0.0,0.0,90,2.0,0.5,1.0
010_C205,10,C,1,8,OPTIMAL,106.9826,1,1,1,0,0,1.0,106.9826,0.0,0.0,90,2.0,0.5,1.0
010_C205,10,C,1,9,OPTIMAL,110.8354,1,1,1,0,0,1.0,110.8354,0.0,0.0,90,2.0,0.5,1.0
010_C205,10,C,2,0,OPTIMAL,155.641,2,2,2,0,0,1.0,155.641,0.0,0.0,90,2.0,0.5,1.0
010_C205,10,C,2,1,OPTIMAL,156.6718,2,2,2,0,0,1.0,156.6718,0.0,0.0,90,2.0,0.5,1.0
010_C205,10,C,2,2,OPTIMAL,189.5921,2,2,2,0,0,1.0,189.5921,0.0,0.0,90,2.0,0.5,1.0
010_C205,10,C,2,3,OPTIMAL,148.3026,2,2,2,0,0,1.0,148.3026,0.0,0.0,90,2.0,0.5,1.0
010_C205,10,C,2,4,OPTIMAL,195.3173,2,2,2,0,0,1.0,195.3173,0.0,0.0,90,2.0,0.5,1.0
010_C205,10,C,2,5,OPTIMAL,219.0453,2,2,1,1,0,1.0,219.0453,0.0,0.0,90,2.0,0.5,1.0
010_C205,10,C,2,6,OPTIMAL,205.1798,2,2,2,0,0,1.0,205.1798,0.0,0.0,90,2.0,0.5,1.0
010_C205,10,C,2,7,OPTIMAL,107.009,2,1,1,0,1,0.5,106.6279,0.0,0.3812,90,2.0,0.5,1.0
010_C205,10,C,2,8,OPTIMAL,184.9988,2,2,2,0,0,1.0,184.9988,0.0,0.0,90,2.0,0.5,1.0
010_C205,10,C,2,9,OPTIMAL,142.448,2,1,1,0,1,0.5,106.239,0.0,36.209,90,2.0,0.5,1.0
010_C205,10,C,3,0,OPTIMAL,280.5206,3,3,3,0,0,1.0,280.5206,0.0,0.0,90,2.0,0.5,1.0
010_C205,10,C,3,1,OPTIMAL,247.71,3,3,3,0,0,1.0,247.71,0.0,0.0,90,2.0,0.5,1.0
010_C205,10,C,3,2,OPTIMAL,250.54,3,3,3,0,0,1.0,250.54,0.0,0.0,90,2.0,0.5,1.0
010_C205,10,C,3,3,OPTIMAL,222.7397,3,3,3,0,0,1.0,222.7397,0.0,0.0,90,2.0,0.5,1.0
010_C205,10,C,3,4,OPTIMAL,186.6969,3,2,1,1,1,0.6667,184.5635,0.0,2.1334,90,2.0,0.5,1.0
010_C205,10,C,3,5,OPTIMAL,196.904,3,2,2,0,1,0.6667,157.9086,0.0,38.9954,90,2.0,0.5,1.0
010_C205,10,C,3,6,OPTIMAL,280.6198,3,3,3,0,0,1.0,280.6198,0.0,0.0,90,2.0,0.5,1.0
010_C205,10,C,3,7,OPTIMAL,268.6712,3,3,3,0,0,1.0,268.6712,0.0,0.0,90,2.0,0.5,1.0
010_C205,10,C,3,8,OPTIMAL,263.4309,3,3,3,0,0,1.0,263.4309,0.0,0.0,90,2.0,0.5,1.0
010_C205,10,C,3,9,OPTIMAL,299.2743,3,3,3,0,0,1.0,299.2743,0.0,0.0,90,2.0,0.5,1.0
010_C206,10,C,1,0,OPTIMAL,50.8515,1,1,1,0,0,1.0,50.8515,0.0,0.0,90,2.0,0.5,1.0
010_C206,10,C,1,1,OPTIMAL,108.8302,1,1,1,0,0,1.0,108.8302,0.0,0.0,90,2.0,0.5,1.0
010_C206,10,C,1,2,OPTIMAL,108.3809,1,1,1,0,0,1.0,108.3809,0.0,0.0,90,2.0,0.5,1.0
010_C206,10,C,1,3,OPTIMAL,105.7725,1,1,1,0,0,1.0,105.7725,0.0,0.0,90,2.0,0.5,1.0
010_C206,10,C,1,4,OPTIMAL,94.394,1,1,1,0,0,1.0,94.394,0.0,0.0,90,2.0,0.5,1.0
010_C206,10,C,1,5,OPTIMAL,81.7063,1,1,1,0,0,1.0,81.7063,0.0,0.0,90,2.0,0.5,1.0
010_C206,10,C,1,6,OPTIMAL,108.962,1,1,1,0,0,1.0,108.962,0.0,0.0,90,2.0,0.5,1.0
010_C206,10,C,1,7,OPTIMAL,48.8218,1,1,1,0,0,1.0,48.8218,0.0,0.0,90,2.0,0.5,1.0
010_C206,10,C,1,8,OPTIMAL,106.9826,1,1,1,0,0,1.0,106.9826,0.0,0.0,90,2.0,0.5,1.0
010_C206,10,C,1,9,OPTIMAL,110.8354,1,1,1,0,0,1.0,110.8354,0.0,0.0,90,2.0,0.5,1.0
010_C206,10,C,2,0,OPTIMAL,155.641,2,2,2,0,0,1.0,155.641,0.0,0.0,90,2.0,0.5,1.0
010_C206,10,C,2,1,OPTIMAL,82.8731,2,1,1,0,1,0.5,72.3311,0.0,10.5419,90,2.0,0.5,1.0
010_C206,10,C,2,2,OPTIMAL,189.5921,2,2,2,0,0,1.0,189.5921,0.0,0.0,90,2.0,0.5,1.0
010_C206,10,C,2,3,OPTIMAL,148.3026,2,2,2,0,0,1.0,148.3026,0.0,0.0,90,2.0,0.5,1.0
010_C206,10,C,2,4,OPTIMAL,195.3173,2,2,2,0,0,1.0,195.3173,0.0,0.0,90,2.0,0.5,1.0
010_C206,10,C,2,5,OPTIMAL,219.0453,2,2,2,0,0,1.0,219.0453,0.0,0.0,90,2.0,0.5,1.0
010_C206,10,C,2,6,OPTIMAL,205.1798,2,2,2,0,0,1.0,205.1798,0.0,0.0,90,2.0,0.5,1.0
010_C206,10,C,2,7,OPTIMAL,172.3312,2,2,2,0,0,1.0,172.3312,0.0,0.0,90,2.0,0.5,1.0
010_C206,10,C,2,8,OPTIMAL,184.9988,2,2,2,0,0,1.0,184.9988,0.0,0.0,90,2.0,0.5,1.0
010_C206,10,C,2,9,OPTIMAL,212.4519,2,2,2,0,0,1.0,212.4519,0.0,0.0,90,2.0,0.5,1.0
010_C206,10,C,3,0,OPTIMAL,280.5206,3,3,3,0,0,1.0,280.5206,0.0,0.0,90,2.0,0.5,1.0
010_C206,10,C,3,1,OPTIMAL,247.71,3,3,3,0,0,1.0,247.71,0.0,0.0,90,2.0,0.5,1.0
010_C206,10,C,3,2,OPTIMAL,250.54,3,3,3,0,0,1.0,250.54,0.0,0.0,90,2.0,0.5,1.0
010_C206,10,C,3,3,OPTIMAL,222.7397,3,3,3,0,0,1.0,222.7397,0.0,0.0,90,2.0,0.5,1.0
010_C206,10,C,3,4,OPTIMAL,186.6969,3,2,2,0,1,0.6667,184.5635,0.0,2.1334,90,2.0,0.5,1.0
010_C206,10,C,3,5,OPTIMAL,274.934,3,3,2,1,0,1.0,274.934,0.0,0.0,90,2.0,0.5,1.0
010_C206,10,C,3,6,OPTIMAL,280.6198,3,3,3,0,0,1.0,280.6198,0.0,0.0,90,2.0,0.5,1.0
010_C206,10,C,3,7,OPTIMAL,268.6712,3,3,3,0,0,1.0,268.6712,0.0,0.0,90,2.0,0.5,1.0
010_C206,10,C,3,8,OPTIMAL,263.4309,3,3,2,1,0,1.0,263.4309,0.0,0.0,90,2.0,0.5,1.0
010_C206,10,C,3,9,OPTIMAL,299.2743,3,3,3,0,0,1.0,299.2743,0.0,0.0,90,2.0,0.5,1.0
010_C207,10,C,1,0,OPTIMAL,50.8515,1,1,1,0,0,1.0,50.8515,0.0,0.0,90,2.0,0.5,1.0
010_C207,10,C,1,1,OPTIMAL,108.8302,1,1,1,0,0,1.0,108.8302,0.0,0.0,90,2.0,0.5,1.0
010_C207,10,C,1,2,OPTIMAL,108.3809,1,1,1,0,0,1.0,108.3809,0.0,0.0,90,2.0,0.5,1.0
010_C207,10,C,1,3,OPTIMAL,105.7725,1,1,1,0,0,1.0,105.7725,0.0,0.0,90,2.0,0.5,1.0
010_C207,10,C,1,4,OPTIMAL,53.6417,1,0,0,0,1,0.0,0.0,0.0,53.6417,90,2.0,0.5,1.0
010_C207,10,C,1,5,OPTIMAL,81.7063,1,1,1,0,0,1.0,81.7063,0.0,0.0,90,2.0,0.5,1.0
010_C207,10,C,1,6,OPTIMAL,108.962,1,1,1,0,0,1.0,108.962,0.0,0.0,90,2.0,0.5,1.0
010_C207,10,C,1,7,OPTIMAL,48.8218,1,1,1,0,0,1.0,48.8218,0.0,0.0,90,2.0,0.5,1.0
010_C207,10,C,1,8,OPTIMAL,106.9826,1,1,1,0,0,1.0,106.9826,0.0,0.0,90,2.0,0.5,1.0
010_C207,10,C,1,9,OPTIMAL,110.8354,1,1,1,0,0,1.0,110.8354,0.0,0.0,90,2.0,0.5,1.0
010_C207,10,C,2,0,OPTIMAL,155.641,2,2,2,0,0,1.0,155.641,0.0,0.0,90,2.0,0.5,1.0
010_C207,10,C,2,1,OPTIMAL,80.9699,2,1,0,1,1,0.5,72.3311,0.0,8.6388,90,2.0,0.5,1.0
010_C207,10,C,2,2,OPTIMAL,189.5921,2,2,1,1,0,1.0,189.5921,0.0,0.0,90,2.0,0.5,1.0
010_C207,10,C,2,3,OPTIMAL,75.1261,2,1,1,0,1,0.5,55.5573,0.0,19.5687,90,2.0,0.5,1.0
010_C207,10,C,2,4,OPTIMAL,195.3173,2,2,2,0,0,1.0,195.3173,0.0,0.0,90,2.0,0.5,1.0
010_C207,10,C,2,5,OPTIMAL,219.0453,2,2,2,0,0,1.0,219.0453,0.0,0.0,90,2.0,0.5,1.0
010_C207,10,C,2,6,OPTIMAL,205.1798,2,2,2,0,0,1.0,205.1798,0.0,0.0,90,2.0,0.5,1.0
010_C207,10,C,2,7,OPTIMAL,172.3312,2,2,2,0,0,1.0,172.3312,0.0,0.0,90,2.0,0.5,1.0
010_C207,10,C,2,8,OPTIMAL,184.9988,2,2,2,0,0,1.0,184.9988,0.0,0.0,90,2.0,0.5,1.0
010_C207,10,C,2,9,OPTIMAL,212.4519,2,2,2,0,0,1.0,212.4519,0.0,0.0,90,2.0,0.5,1.0
010_C207,10,C,3,0,OPTIMAL,175.5093,3,2,2,0,1,0.6667,172.9462,0.0,2.5631,90,2.0,0.5,1.0
010_C207,10,C,3,1,OPTIMAL,247.71,3,3,3,0,0,1.0,247.71,0.0,0.0,90,2.0,0.5,1.0
010_C207,10,C,3,2,OPTIMAL,250.54,3,3,2,1,0,1.0,250.54,0.0,0.0,90,2.0,0.5,1.0
010_C207,10,C,3,3,OPTIMAL,222.7397,3,3,3,0,0,1.0,222.7397,0.0,0.0,90,2.0,0.5,1.0
010_C207,10,C,3,4,OPTIMAL,237.9267,3,2,2,0,1,0.6667,184.5635,0.0,53.3631,90,2.0,0.5,1.0
010_C207,10,C,3,5,OPTIMAL,274.934,3,3,3,0,0,1.0,274.934,0.0,0.0,90,2.0,0.5,1.0
010_C207,10,C,3,6,OPTIMAL,280.6198,3,3,3,0,0,1.0,280.6198,0.0,0.0,90,2.0,0.5,1.0
010_C207,10,C,3,7,OPTIMAL,268.6712,3,3,3,0,0,1.0,268.6712,0.0,0.0,90,2.0,0.5,1.0
010_C207,10,C,3,8,OPTIMAL,195.2667,3,2,2,0,1,0.6667,192.3879,0.0,2.8788,90,2.0,0.5,1.0
010_C207,10,C,3,9,OPTIMAL,299.2743,3,3,3,0,0,1.0,299.2743,0.0,0.0,90,2.0,0.5,1.0
010_C208,10,C,1,0,OPTIMAL,50.8515,1,1,0,1,0,1.0,50.8515,0.0,0.0,90,2.0,0.5,1.0
010_C208,10,C,1,1,OPTIMAL,108.8302,1,1,1,0,0,1.0,108.8302,0.0,0.0,90,2.0,0.5,1.0
010_C208,10,C,1,2,OPTIMAL,108.3809,1,1,1,0,0,1.0,108.3809,0.0,0.0,90,2.0,0.5,1.0
010_C208,10,C,1,3,OPTIMAL,105.7725,1,1,1,0,0,1.0,105.7725,0.0,0.0,90,2.0,0.5,1.0
010_C208,10,C,1,4,OPTIMAL,94.394,1,1,1,0,0,1.0,94.394,0.0,0.0,90,2.0,0.5,1.0
010_C208,10,C,1,5,OPTIMAL,81.7063,1,1,0,1,0,1.0,81.7063,0.0,0.0,90,2.0,0.5,1.0
010_C208,10,C,1,6,OPTIMAL,108.962,1,1,1,0,0,1.0,108.962,0.0,0.0,90,2.0,0.5,1.0
010_C208,10,C,1,7,OPTIMAL,48.8218,1,1,1,0,0,1.0,48.8218,0.0,0.0,90,2.0,0.5,1.0
010_C208,10,C,1,8,OPTIMAL,106.9826,1,1,1,0,0,1.0,106.9826,0.0,0.0,90,2.0,0.5,1.0
010_C208,10,C,1,9,OPTIMAL,110.8354,1,1,1,0,0,1.0,110.8354,0.0,0.0,90,2.0,0.5,1.0
010_C208,10,C,2,0,OPTIMAL,155.641,2,2,2,0,0,1.0,155.641,0.0,0.0,90,2.0,0.5,1.0
010_C208,10,C,2,1,OPTIMAL,156.6718,2,2,1,1,0,1.0,156.6718,0.0,0.0,90,2.0,0.5,1.0
010_C208,10,C,2,2,OPTIMAL,106.6574,2,1,1,0,1,0.5,95.7388,0.0,10.9186,90,2.0,0.5,1.0
010_C208,10,C,2,3,OPTIMAL,106.2938,2,1,1,0,1,0.5,92.7453,0.0,13.5484,90,2.0,0.5,1.0
010_C208,10,C,2,4,OPTIMAL,195.3173,2,2,2,0,0,1.0,195.3173,0.0,0.0,90,2.0,0.5,1.0
010_C208,10,C,2,5,OPTIMAL,219.0453,2,2,2,0,0,1.0,219.0453,0.0,0.0,90,2.0,0.5,1.0
010_C208,10,C,2,6,OPTIMAL,205.1798,2,2,2,0,0,1.0,205.1798,0.0,0.0,90,2.0,0.5,1.0
010_C208,10,C,2,7,OPTIMAL,108.2879,2,1,1,0,1,0.5,106.6279,0.0,1.66,90,2.0,0.5,1.0
010_C208,10,C,2,8,OPTIMAL,184.9988,2,2,2,0,0,1.0,184.9988,0.0,0.0,90,2.0,0.5,1.0
010_C208,10,C,2,9,OPTIMAL,212.4519,2,2,2,0,0,1.0,212.4519,0.0,0.0,90,2.0,0.5,1.0
010_C208,10,C,3,0,OPTIMAL,280.5206,3,3,3,0,0,1.0,280.5206,0.0,0.0,90,2.0,0.5,1.0
010_C208,10,C,3,1,OPTIMAL,247.71,3,3,3,0,0,1.0,247.71,0.0,0.0,90,2.0,0.5,1.0
010_C208,10,C,3,2,OPTIMAL,179.5663,3,2,2,0,1,0.6667,150.4223,0.0,29.1439,90,2.0,0.5,1.0
010_C208,10,C,3,3,OPTIMAL,171.9488,3,2,2,0,1,0.6667,167.2444,0.0,4.7044,90,2.0,0.5,1.0
010_C208,10,C,3,4,OPTIMAL,245.6177,3,2,2,0,1,0.6667,235.7771,0.0,9.8406,90,2.0,0.5,1.0
010_C208,10,C,3,5,OPTIMAL,274.934,3,3,3,0,0,1.0,274.934,0.0,0.0,90,2.0,0.5,1.0
010_C208,10,C,3,6,OPTIMAL,280.6198,3,3,3,0,0,1.0,280.6198,0.0,0.0,90,2.0,0.5,1.0
010_C208,10,C,3,7,OPTIMAL,268.6712,3,3,2,1,0,1.0,268.6712,0.0,0.0,90,2.0,0.5,1.0
010_C208,10,C,3,8,OPTIMAL,263.4309,3,3,2,1,0,1.0,263.4309,0.0,0.0,90,2.0,0.5,1.0
010_C208,10,C,3,9,OPTIMAL,299.2743,3,3,3,0,0,1.0,299.2743,0.0,0.0,90,2.0,0.5,1.0
010_R101,10,R,1,0,OPTIMAL,36.7292,1,0,0,0,1,0.0,0.0,0.0,36.7292,90,2.0,0.5,1.0
010_R101,10,R,1,1,OPTIMAL,5.4693,1,0,0,0,1,0.0,0.0,0.0,5.4693,90,2.0,0.5,1.0
010_R101,10,R,1,2,OPTIMAL,0.4673,1,0,0,0,1,0.0,0.0,0.0,0.4673,90,2.0,0.5,1.0
010_R101,10,R,1,3,OPTIMAL,4.6255,1,0,0,0,1,0.0,0.0,0.0,4.6255,90,2.0,0.5,1.0
010_R101,10,R,1,4,OPTIMAL,4.4447,1,0,0,0,1,0.0,0.0,0.0,4.4447,90,2.0,0.5,1.0
010_R101,10,R,1,5,OPTIMAL,3.8621,1,0,0,0,1,0.0,0.0,0.0,3.8621,90,2.0,0.5,1.0
010_R101,10,R,1,6,OPTIMAL,13.3736,1,0,0,0,1,0.0,0.0,0.0,13.3736,90,2.0,0.5,1.0
010_R101,10,R,1,7,OPTIMAL,6.5305,1,0,0,0,1,0.0,0.0,0.0,6.5305,90,2.0,0.5,1.0
010_R101,10,R,1,8,OPTIMAL,102.8798,1,1,1,0,0,1.0,102.8798,0.0,0.0,90,2.0,0.5,1.0
010_R101,10,R,1,9,OPTIMAL,1.0304,1,0,0,0,1,0.0,0.0,0.0,1.0304,90,2.0,0.5,1.0
010_R101,10,R,2,0,OPTIMAL,80.797,2,0,0,0,2,0.0,0.0,0.0,80.797,90,2.0,0.5,1.0
010_R101,10,R,2,1,OPTIMAL,14.7413,2,0,0,0,2,0.0,0.0,0.0,14.7413,90,2.0,0.5,1.0
010_R101,10,R,2,2,OPTIMAL,53.3789,2,0,0,0,2,0.0,0.0,0.0,53.3789,90,2.0,0.5,1.0
010_R101,10,R,2,3,OPTIMAL,22.1302,2,0,0,0,2,0.0,0.0,0.0,22.1302,90,2.0,0.5,1.0
010_R101,10,R,2,4,OPTIMAL,106.6502,2,1,1,0,1,0.5,102.727,0.0,3.9233,90,2.0,0.5,1.0
010_R101,10,R,2,5,OPTIMAL,9.7562,2,0,0,0,2,0.0,0.0,0.0,9.7562,90,2.0,0.5,1.0
010_R101,10,R,2,6,OPTIMAL,7.5077,2,0,0,0,2,0.0,0.0,0.0,7.5077,90,2.0,0.5,1.0
010_R101,10,R,2,7,OPTIMAL,64.7278,2,0,0,0,2,0.0,0.0,3.6018,61.1261,90,2.0,0.5,1.0
010_R101,10,R,2,8,OPTIMAL,4.256,2,0,0,0,2,0.0,0.0,0.0,4.256,90,2.0,0.5,1.0
010_R101,10,R,2,9,OPTIMAL,3.0756,2,0,0,0,2,0.0,0.0,0.0,3.0756,90,2.0,0.5,1.0
010_R101,10,R,3,0,OPTIMAL,197.5293,3,1,0,1,2,0.3333,130.2119,0.0,67.3174,90,2.0,0.5,1.0
010_R101,10,R,3,1,OPTIMAL,138.7282,3,1,1,0,2,0.3333,128.6833,0.0,10.045,90,2.0,0.5,1.0
010_R101,10,R,3,2,OPTIMAL,53.6695,3,0,0,0,3,0.0,0.0,0.0,53.6695,90,2.0,0.5,1.0
010_R101,10,R,3,3,OPTIMAL,45.2478,3,0,0,0,3,0.0,0.0,0.0,45.2478,90,2.0,0.5,1.0
010_R101,10,R,3,4,OPTIMAL,58.8535,3,0,0,0,3,0.0,0.0,0.0,58.8535,90,2.0,0.5,1.0
010_R101,10,R,3,5,OPTIMAL,23.8092,3,0,0,0,3,0.0,0.0,0.0,23.8092,90,2.0,0.5,1.0
010_R101,10,R,3,6,OPTIMAL,47.3818,3,0,0,0,3,0.0,0.0,0.0,47.3818,90,2.0,0.5,1.0
010_R101,10,R,3,7,OPTIMAL,67.9646,3,0,0,0,3,0.0,0.0,0.0,67.9646,90,2.0,0.5,1.0
010_R101,10,R,3,8,OPTIMAL,35.0043,3,0,0,0,3,0.0,0.0,0.0,35.0043,90,2.0,0.5,1.0
010_R101,10,R,3,9,OPTIMAL,7.48,3,0,0,0,3,0.0,0.0,0.0,7.48,90,2.0,0.5,1.0
010_R102,10,R,1,0,OPTIMAL,36.7292,1,0,0,0,1,0.0,0.0,0.0,36.7292,90,2.0,0.5,1.0
010_R102,10,R,1,1,OPTIMAL,27.3726,1,0,0,0,1,0.0,0.0,0.0,27.3726,90,2.0,0.5,1.0
010_R102,10,R,1,2,OPTIMAL,0.4673,1,0,0,0,1,0.0,0.0,0.0,0.4673,90,2.0,0.5,1.0
010_R102,10,R,1,3,OPTIMAL,8.6434,1,0,0,0,1,0.0,0.0,0.0,8.6434,90,2.0,0.5,1.0
010_R102,10,R,1,4,OPTIMAL,1.8976,1,0,0,0,1,0.0,0.0,0.0,1.8976,90,2.0,0.5,1.0
010_R102,10,R,1,5,OPTIMAL,3.8621,1,0,0,0,1,0.0,0.0,0.0,3.8621,90,2.0,0.5,1.0
010_R102,10,R,1,6,OPTIMAL,13.3736,1,0,0,0,1,0.0,0.0,0.0,13.3736,90,2.0,0.5,1.0
010_R102,10,R,1,7,OPTIMAL,10.3099,1,0,0,0,1,0.0,0.0,0.0,10.3099,90,2.0,0.5,1.0
010_R102,10,R,1,8,OPTIMAL,102.8798,1,1,1,0,0,1.0,102.8798,0.0,0.0,90,2.0,0.5,1.0
010_R102,10,R,1,9,OPTIMAL,1.0304,1,0,0,0,1,0.0,0.0,0.0,1.0304,90,2.0,0.5,1.0
010_R102,10,R,2,0,OPTIMAL,143.4241,2,1,0,1,1,0.5,91.1666,0.0,52.2575,90,2.0,0.5,1.0
010_R102,10,R,2,1,OPTIMAL,12.7161,2,0,0,0,2,0.0,0.0,0.0,12.7161,90,2.0,0.5,1.0
010_R102,10,R,2,2,OPTIMAL,48.8203,2,0,0,0,2,0.0,0.0,0.0,48.8203,90,2.0,0.5,1.0
010_R102,10,R,2,3,OPTIMAL,25.6283,2,0,0,0,2,0.0,0.0,0.0,25.6283,90,2.0,0.5,1.0
010_R102,10,R,2,4,OPTIMAL,104.0412,2,1,1,0,1,0.5,102.727,0.0,1.3142,90,2.0,0.5,1.0
010_R102,10,R,2,5,OPTIMAL,3.5987,2,0,0,0,2,0.0,0.0,0.0,3.5987,90,2.0,0.5,1.0
010_R102,10,R,2,6,OPTIMAL,13.2429,2,0,0,0,2,0.0,0.0,0.0,13.2429,90,2.0,0.5,1.0
010_R102,10,R,2,7,OPTIMAL,116.6859,2,1,0,1,1,0.5,115.8186,0.0,0.8673,90,2.0,0.5,1.0
010_R102,10,R,2,8,OPTIMAL,79.8247,2,1,0,1,1,0.5,79.6269,0.0,0.1978,90,2.0,0.5,1.0
010_R102,10,R,2,9,OPTIMAL,7.0864,2,0,0,0,2,0.0,0.0,0.0,7.0864,90,2.0,0.5,1.0
010_R102,10,R,3,0,OPTIMAL,110.1974,3,1,0,1,2,0.3333,86.3004,0.0,23.897,90,2.0,0.5,1.0
010_R102,10,R,3,1,OPTIMAL,85.4735,3,0,0,0,3,0.0,0.0,0.0,85.4735,90,2.0,0.5,1.0
010_R102,10,R,3,2,OPTIMAL,77.8869,3,0,0,0,3,0.0,0.0,0.0,77.8869,90,2.0,0.5,1.0
010_R102,10,R,3,3,OPTIMAL,59.3089,3,0,0,0,3,0.0,0.0,0.0,59.3089,90,2.0,0.5,1.0
010_R102,10,R,3,4,OPTIMAL,69.7314,3,0,0,0,3,0.0,0.0,0.0,69.7314,90,2.0,0.5,1.0
010_R102,10,R,3,5,OPTIMAL,100.9815,3,1,1,0,2,0.3333,77.2019,0.0,23.7796,90,2.0,0.5,1.0
010_R102,10,R,3,6,OPTIMAL,114.8975,3,1,1,0,2,0.3333,88.8647,0.0,26.0328,90,2.0,0.5,1.0
010_R102,10,R,3,7,OPTIMAL,164.9555,3,2,1,1,1,0.6667,140.0832,0.0,24.8723,90,2.0,0.5,1.0
010_R102,10,R,3,8,OPTIMAL,38.265,3,0,0,0,3,0.0,0.0,0.0,38.265,90,2.0,0.5,1.0
010_R102,10,R,3,9,OPTIMAL,3.214,3,0,0,0,3,0.0,0.0,0.0,3.214,90,2.0,0.5,1.0
010_R103,10,R,1,0,OPTIMAL,36.7292,1,0,0,0,1,0.0,0.0,0.0,36.7292,90,2.0,0.5,1.0
010_R103,10,R,1,1,OPTIMAL,27.3726,1,0,0,0,1,0.0,0.0,0.0,27.3726,90,2.0,0.5,1.0
010_R103,10,R,1,2,OPTIMAL,0.4673,1,0,0,0,1,0.0,0.0,0.0,0.4673,90,2.0,0.5,1.0
010_R103,10,R,1,3,OPTIMAL,8.6434,1,0,0,0,1,0.0,0.0,0.0,8.6434,90,2.0,0.5,1.0
010_R103,10,R,1,4,OPTIMAL,1.8976,1,0,0,0,1,0.0,0.0,0.0,1.8976,90,2.0,0.5,1.0
010_R103,10,R,1,5,OPTIMAL,3.8621,1,0,0,0,1,0.0,0.0,0.0,3.8621,90,2.0,0.5,1.0
010_R103,10,R,1,6,OPTIMAL,13.3736,1,0,0,0,1,0.0,0.0,0.0,13.3736,90,2.0,0.5,1.0
010_R103,10,R,1,7,OPTIMAL,10.3099,1,0,0,0,1,0.0,0.0,0.0,10.3099,90,2.0,0.5,1.0
010_R103,10,R,1,8,OPTIMAL,102.8798,1,1,1,0,0,1.0,102.8798,0.0,0.0,90,2.0,0.5,1.0
010_R103,10,R,1,9,OPTIMAL,1.0304,1,0,0,0,1,0.0,0.0,0.0,1.0304,90,2.0,0.5,1.0
010_R103,10,R,2,0,OPTIMAL,143.4241,2,1,0,1,1,0.5,91.1666,0.0,52.2575,90,2.0,0.5,1.0
010_R103,10,R,2,1,OPTIMAL,12.7161,2,0,0,0,2,0.0,0.0,0.0,12.7161,90,2.0,0.5,1.0
010_R103,10,R,2,2,OPTIMAL,48.8203,2,0,0,0,2,0.0,0.0,0.0,48.8203,90,2.0,0.5,1.0
010_R103,10,R,2,3,OPTIMAL,25.6283,2,0,0,0,2,0.0,0.0,0.0,25.6283,90,2.0,0.5,1.0
010_R103,10,R,2,4,OPTIMAL,104.0412,2,1,1,0,1,0.5,102.727,0.0,1.3142,90,2.0,0.5,1.0
010_R103,10,R,2,5,OPTIMAL,3.5987,2,0,0,0,2,0.0,0.0,0.0,3.5987,90,2.0,0.5,1.0
010_R103,10,R,2,6,OPTIMAL,13.2429,2,0,0,0,2,0.0,0.0,0.0,13.2429,90,2.0,0.5,1.0
010_R103,10,R,2,7,OPTIMAL,116.6859,2,1,0,1,1,0.5,115.8186,0.0,0.8673,90,2.0,0.5,1.0
010_R103,10,R,2,8,OPTIMAL,79.8247,2,1,0,1,1,0.5,79.6269,0.0,0.1978,90,2.0,0.5,1.0
010_R103,10,R,2,9,OPTIMAL,7.0864,2,0,0,0,2,0.0,0.0,0.0,7.0864,90,2.0,0.5,1.0
010_R103,10,R,3,0,OPTIMAL,110.1974,3,1,0,1,2,0.3333,86.3004,0.0,23.897,90,2.0,0.5,1.0
010_R103,10,R,3,1,OPTIMAL,85.4735,3,0,0,0,3,0.0,0.0,0.0,85.4735,90,2.0,0.5,1.0
010_R103,10,R,3,2,OPTIMAL,77.8869,3,0,0,0,3,0.0,0.0,0.0,77.8869,90,2.0,0.5,1.0
010_R103,10,R,3,3,OPTIMAL,59.3089,3,0,0,0,3,0.0,0.0,0.0,59.3089,90,2.0,0.5,1.0
010_R103,10,R,3,4,OPTIMAL,69.7314,3,0,0,0,3,0.0,0.0,0.0,69.7314,90,2.0,0.5,1.0
010_R103,10,R,3,5,OPTIMAL,100.9815,3,1,1,0,2,0.3333,77.2019,0.0,23.7796,90,2.0,0.5,1.0
010_R103,10,R,3,6,OPTIMAL,114.8975,3,1,1,0,2,0.3333,88.8647,0.0,26.0328,90,2.0,0.5,1.0
010_R103,10,R,3,7,OPTIMAL,164.9555,3,2,1,1,1,0.6667,140.0832,0.0,24.8723,90,2.0,0.5,1.0
010_R103,10,R,3,8,OPTIMAL,38.265,3,0,0,0,3,0.0,0.0,0.0,38.265,90,2.0,0.5,1.0
010_R103,10,R,3,9,OPTIMAL,3.214,3,0,0,0,3,0.0,0.0,0.0,3.214,90,2.0,0.5,1.0
010_R104,10,R,1,0,OPTIMAL,36.7292,1,0,0,0,1,0.0,0.0,0.0,36.7292,90,2.0,0.5,1.0
010_R104,10,R,1,1,OPTIMAL,27.3726,1,0,0,0,1,0.0,0.0,0.0,27.3726,90,2.0,0.5,1.0
010_R104,10,R,1,2,OPTIMAL,4.9978,1,0,0,0,1,0.0,0.0,0.0,4.9978,90,2.0,0.5,1.0
010_R104,10,R,1,3,OPTIMAL,24.0169,1,0,0,0,1,0.0,0.0,0.0,24.0169,90,2.0,0.5,1.0
010_R104,10,R,1,4,OPTIMAL,1.8976,1,0,0,0,1,0.0,0.0,0.0,1.8976,90,2.0,0.5,1.0
010_R104,10,R,1,5,OPTIMAL,66.8382,1,1,1,0,0,1.0,66.8382,0.0,0.0,90,2.0,0.5,1.0
010_R104,10,R,1,6,OPTIMAL,91.7967,1,1,1,0,0,1.0,91.7967,0.0,0.0,90,2.0,0.5,1.0
010_R104,10,R,1,7,OPTIMAL,6.5305,1,0,0,0,1,0.0,0.0,0.0,6.5305,90,2.0,0.5,1.0
010_R104,10,R,1,8,OPTIMAL,102.8798,1,1,1,0,0,1.0,102.8798,0.0,0.0,90,2.0,0.5,1.0
010_R104,10,R,1,9,OPTIMAL,3.3148,1,0,0,0,1,0.0,0.0,0.0,3.3148,90,2.0,0.5,1.0
010_R104,10,R,2,0,OPTIMAL,143.4241,2,1,0,1,1,0.5,91.1666,0.0,52.2575,90,2.0,0.5,1.0
010_R104,10,R,2,1,OPTIMAL,87.2537,2,1,1,0,1,0.5,85.2285,0.0,2.0252,90,2.0,0.5,1.0
010_R104,10,R,2,2,OPTIMAL,130.525,2,1,1,0,1,0.5,101.1403,0.0,29.3847,90,2.0,0.5,1.0
010_R104,10,R,2,3,OPTIMAL,22.1302,2,0,0,0,2,0.0,0.0,0.0,22.1302,90,2.0,0.5,1.0
010_R104,10,R,2,4,OPTIMAL,104.0412,2,1,1,0,1,0.5,102.727,0.0,1.3142,90,2.0,0.5,1.0
010_R104,10,R,2,5,OPTIMAL,3.5987,2,0,0,0,2,0.0,0.0,0.0,3.5987,90,2.0,0.5,1.0
010_R104,10,R,2,6,OPTIMAL,35.0408,2,0,0,0,2,0.0,0.0,0.0,35.0408,90,2.0,0.5,1.0
010_R104,10,R,2,7,OPTIMAL,61.787,2,0,0,0,2,0.0,0.0,0.0,61.787,90,2.0,0.5,1.0
010_R104,10,R,2,8,OPTIMAL,79.483,2,0,0,0,2,0.0,0.0,0.0,79.483,90,2.0,0.5,1.0
010_R104,10,R,2,9,OPTIMAL,28.6016,2,0,0,0,2,0.0,0.0,0.0,28.6016,90,2.0,0.5,1.0
010_R104,10,R,3,0,OPTIMAL,105.5062,3,0,0,0,3,0.0,0.0,0.0,105.5062,90,2.0,0.5,1.0
010_R104,10,R,3,1,OPTIMAL,70.0911,3,0,0,0,3,0.0,0.0,0.0,70.0911,90,2.0,0.5,1.0
010_R104,10,R,3,2,OPTIMAL,157.3224,3,1,1,0,2,0.3333,128.3461,0.0,28.9763,90,2.0,0.5,1.0
010_R104,10,R,3,3,OPTIMAL,129.189,3,1,1,0,2,0.3333,77.3354,0.0,51.8536,90,2.0,0.5,1.0
010_R104,10,R,3,4,OPTIMAL,106.3492,3,0,0,0,3,0.0,0.0,0.8814,105.4678,90,2.0,0.5,1.0
010_R104,10,R,3,5,OPTIMAL,53.948,3,0,0,0,3,0.0,0.0,0.0,53.948,90,2.0,0.5,1.0
010_R104,10,R,3,6,OPTIMAL,111.249,3,1,1,0,2,0.3333,88.8647,0.0,22.3843,90,2.0,0.5,1.0
010_R104,10,R,3,7,OPTIMAL,105.1263,3,1,0,1,2,0.3333,59.2067,0.0,45.9196,90,2.0,0.5,1.0
010_R104,10,R,3,8,OPTIMAL,125.5968,3,1,1,0,2,0.3333,87.6786,0.0,37.9182,90,2.0,0.5,1.0
010_R104,10,R,3,9,OPTIMAL,3.5121,3,0,0,0,3,0.0,0.0,0.0,3.5121,90,2.0,0.5,1.0
010_R105,10,R,1,0,OPTIMAL,36.7292,1,0,0,0,1,0.0,0.0,0.0,36.7292,90,2.0,0.5,1.0
010_R105,10,R,1,1,OPTIMAL,5.4693,1,0,0,0,1,0.0,0.0,0.0,5.4693,90,2.0,0.5,1.0
010_R105,10,R,1,2,OPTIMAL,14.3526,1,0,0,0,1,0.0,0.0,0.0,14.3526,90,2.0,0.5,1.0
010_R105,10,R,1,3,OPTIMAL,4.6255,1,0,0,0,1,0.0,0.0,0.0,4.6255,90,2.0,0.5,1.0
010_R105,10,R,1,4,OPTIMAL,4.4447,1,0,0,0,1,0.0,0.0,0.0,4.4447,90,2.0,0.5,1.0
010_R105,10,R,1,5,OPTIMAL,3.8621,1,0,0,0,1,0.0,0.0,0.0,3.8621,90,2.0,0.5,1.0
010_R105,10,R,1,6,OPTIMAL,13.3736,1,0,0,0,1,0.0,0.0,0.0,13.3736,90,2.0,0.5,1.0
010_R105,10,R,1,7,OPTIMAL,11.9123,1,0,0,0,1,0.0,0.0,0.0,11.9123,90,2.0,0.5,1.0
010_R105,10,R,1,8,OPTIMAL,102.8798,1,1,0,1,0,1.0,102.8798,0.0,0.0,90,2.0,0.5,1.0
010_R105,10,R,1,9,OPTIMAL,1.0304,1,0,0,0,1,0.0,0.0,0.0,1.0304,90,2.0,0.5,1.0
010_R105,10,R,2,0,OPTIMAL,130.6285,2,1,0,1,1,0.5,91.1666,0.0,39.4619,90,2.0,0.5,1.0
010_R105,10,R,2,1,OPTIMAL,27.128,2,0,0,0,2,0.0,0.0,0.0,27.128,90,2.0,0.5,1.0
010_R105,10,R,2,2,OPTIMAL,37.9576,2,0,0,0,2,0.0,0.0,0.0,37.9576,90,2.0,0.5,1.0
010_R105,10,R,2,3,OPTIMAL,25.6283,2,0,0,0,2,0.0,0.0,0.0,25.6283,90,2.0,0.5,1.0
010_R105,10,R,2,4,OPTIMAL,106.6502,2,1,1,0,1,0.5,102.727,0.0,3.9233,90,2.0,0.5,1.0
010_R105,10,R,2,5,OPTIMAL,9.7562,2,0,0,0,2,0.0,0.0,0.0,9.7562,90,2.0,0.5,1.0
010_R105,10,R,2,6,OPTIMAL,12.2088,2,0,0,0,2,0.0,0.0,0.0,12.2088,90,2.0,0.5,1.0
010_R105,10,R,2,7,OPTIMAL,79.2911,2,0,0,0,2,0.0,0.0,0.0,79.2911,90,2.0,0.5,1.0
010_R105,10,R,2,8,OPTIMAL,7.7232,2,0,0,0,2,0.0,0.0,0.0,7.7232,90,2.0,0.5,1.0
010_R105,10,R,2,9,OPTIMAL,3.0756,2,0,0,0,2,0.0,0.0,0.0,3.0756,90,2.0,0.5,1.0
010_R105,10,R,3,0,OPTIMAL,156.1563,3,1,0,1,2,0.3333,112.1793,0.0,43.977,90,2.0,0.5,1.0
010_R105,10,R,3,1,OPTIMAL,145.0491,3,1,1,0,2,0.3333,128.6833,0.0,16.3658,90,2.0,0.5,1.0
010_R105,10,R,3,2,OPTIMAL,74.6673,3,0,0,0,3,0.0,0.0,0.0,74.6673,90,2.0,0.5,1.0
010_R105,10,R,3,3,OPTIMAL,45.2478,3,0,0,0,3,0.0,0.0,0.0,45.2478,90,2.0,0.5,1.0
010_R105,10,R,3,4,OPTIMAL,99.6002,3,0,0,0,3,0.0,0.0,0.0,99.6002,90,2.0,0.5,1.0
010_R105,10,R,3,5,OPTIMAL,23.8092,3,0,0,0,3,0.0,0.0,0.0,23.8092,90,2.0,0.5,1.0
010_R105,10,R,3,6,OPTIMAL,114.8975,3,1,1,0,2,0.3333,88.8647,0.0,26.0328,90,2.0,0.5,1.0
010_R105,10,R,3,7,OPTIMAL,55.025,3,0,0,0,3,0.0,0.0,0.0,55.025,90,2.0,0.5,1.0
010_R105,10,R,3,8,OPTIMAL,35.0043,3,0,0,0,3,0.0,0.0,0.0,35.0043,90,2.0,0.5,1.0
010_R105,10,R,3,9,OPTIMAL,7.8225,3,0,0,0,3,0.0,0.0,0.0,7.8225,90,2.0,0.5,1.0
010_R106,10,R,1,0,OPTIMAL,36.7292,1,0,0,0,1,0.0,0.0,0.0,36.7292,90,2.0,0.5,1.0
010_R106,10,R,1,1,OPTIMAL,27.3726,1,0,0,0,1,0.0,0.0,0.0,27.3726,90,2.0,0.5,1.0
010_R106,10,R,1,2,OPTIMAL,14.3526,1,0,0,0,1,0.0,0.0,0.0,14.3526,90,2.0,0.5,1.0
010_R106,10,R,1,3,OPTIMAL,8.6434,1,0,0,0,1,0.0,0.0,0.0,8.6434,90,2.0,0.5,1.0
010_R106,10,R,1,4,OPTIMAL,1.8976,1,0,0,0,1,0.0,0.0,0.0,1.8976,90,2.0,0.5,1.0
010_R106,10,R,1,5,OPTIMAL,3.8621,1,0,0,0,1,0.0,0.0,0.0,3.8621,90,2.0,0.5,1.0
010_R106,10,R,1,6,OPTIMAL,13.3736,1,0,0,0,1,0.0,0.0,0.0,13.3736,90,2.0,0.5,1.0
010_R106,10,R,1,7,OPTIMAL,11.9123,1,0,0,0,1,0.0,0.0,0.0,11.9123,90,2.0,0.5,1.0
010_R106,10,R,1,8,OPTIMAL,102.8798,1,1,1,0,0,1.0,102.8798,0.0,0.0,90,2.0,0.5,1.0
010_R106,10,R,1,9,OPTIMAL,1.0304,1,0,0,0,1,0.0,0.0,0.0,1.0304,90,2.0,0.5,1.0
010_R106,10,R,2,0,OPTIMAL,229.5034,2,2,2,0,0,1.0,229.5034,0.0,0.0,90,2.0,0.5,1.0
010_R106,10,R,2,1,OPTIMAL,12.7161,2,0,0,0,2,0.0,0.0,0.0,12.7161,90,2.0,0.5,1.0
010_R106,10,R,2,2,OPTIMAL,37.9576,2,0,0,0,2,0.0,0.0,0.0,37.9576,90,2.0,0.5,1.0
010_R106,10,R,2,3,OPTIMAL,25.6283,2,0,0,0,2,0.0,0.0,0.0,25.6283,90,2.0,0.5,1.0
010_R106,10,R,2,4,OPTIMAL,104.0412,2,1,1,0,1,0.5,102.727,0.0,1.3142,90,2.0,0.5,1.0
010_R106,10,R,2,5,OPTIMAL,3.5987,2,0,0,0,2,0.0,0.0,0.0,3.5987,90,2.0,0.5,1.0
010_R106,10,R,2,6,OPTIMAL,13.2429,2,0,0,0,2,0.0,0.0,0.0,13.2429,90,2.0,0.5,1.0
010_R106,10,R,2,7,OPTIMAL,106.3108,2,0,0,0,2,0.0,0.0,0.0,106.3108,90,2.0,0.5,1.0
010_R106,10,R,2,8,OPTIMAL,79.8247,2,1,0,1,1,0.5,79.6269,0.0,0.1978,90,2.0,0.5,1.0
010_R106,10,R,2,9,OPTIMAL,7.0864,2,0,0,0,2,0.0,0.0,0.0,7.0864,90,2.0,0.5,1.0
010_R106,10,R,3,0,OPTIMAL,111.1995,3,0,0,0,3,0.0,0.0,0.0,111.1995,90,2.0,0.5,1.0
010_R106,10,R,3,1,OPTIMAL,91.7829,3,0,0,0,3,0.0,0.0,0.0,91.7829,90,2.0,0.5,1.0
010_R106,10,R,3,2,OPTIMAL,115.1368,3,1,0,1,2,0.3333,85.1973,0.0,29.9394,90,2.0,0.5,1.0
010_R106,10,R,3,3,OPTIMAL,59.3089,3,0,0,0,3,0.0,0.0,0.0,59.3089,90,2.0,0.5,1.0
010_R106,10,R,3,4,OPTIMAL,100.8655,3,0,0,0,3,0.0,0.0,1.1505,99.715,90,2.0,0.5,1.0
010_R106,10,R,3,5,OPTIMAL,32.0613,3,0,0,0,3,0.0,0.0,0.0,32.0613,90,2.0,0.5,1.0
010_R106,10,R,3,6,OPTIMAL,114.8975,3,1,1,0,2,0.3333,88.8647,0.0,26.0328,90,2.0,0.5,1.0
010_R106,10,R,3,7,OPTIMAL,75.2174,3,0,0,0,3,0.0,0.0,0.0,75.2174,90,2.0,0.5,1.0
010_R106,10,R,3,8,OPTIMAL,38.265,3,0,0,0,3,0.0,0.0,0.0,38.265,90,2.0,0.5,1.0
010_R106,10,R,3,9,OPTIMAL,3.214,3,0,0,0,3,0.0,0.0,0.0,3.214,90,2.0,0.5,1.0
010_R107,10,R,1,0,OPTIMAL,36.7292,1,0,0,0,1,0.0,0.0,0.0,36.7292,90,2.0,0.5,1.0
010_R107,10,R,1,1,OPTIMAL,27.3726,1,0,0,0,1,0.0,0.0,0.0,27.3726,90,2.0,0.5,1.0
010_R107,10,R,1,2,OPTIMAL,14.3526,1,0,0,0,1,0.0,0.0,0.0,14.3526,90,2.0,0.5,1.0
010_R107,10,R,1,3,OPTIMAL,8.6434,1,0,0,0,1,0.0,0.0,0.0,8.6434,90,2.0,0.5,1.0
010_R107,10,R,1,4,OPTIMAL,1.8976,1,0,0,0,1,0.0,0.0,0.0,1.8976,90,2.0,0.5,1.0
010_R107,10,R,1,5,OPTIMAL,3.8621,1,0,0,0,1,0.0,0.0,0.0,3.8621,90,2.0,0.5,1.0
010_R107,10,R,1,6,OPTIMAL,13.3736,1,0,0,0,1,0.0,0.0,0.0,13.3736,90,2.0,0.5,1.0
010_R107,10,R,1,7,OPTIMAL,11.9123,1,0,0,0,1,0.0,0.0,0.0,11.9123,90,2.0,0.5,1.0
010_R107,10,R,1,8,OPTIMAL,102.8798,1,1,1,0,0,1.0,102.8798,0.0,0.0,90,2.0,0.5,1.0
010_R107,10,R,1,9,OPTIMAL,1.0304,1,0,0,0,1,0.0,0.0,0.0,1.0304,90,2.0,0.5,1.0
010_R107,10,R,2,0,OPTIMAL,229.5034,2,2,2,0,0,1.0,229.5034,0.0,0.0,90,2.0,0.5,1.0
010_R107,10,R,2,1,OPTIMAL,12.7161,2,0,0,0,2,0.0,0.0,0.0,12.7161,90,2.0,0.5,1.0
010_R107,10,R,2,2,OPTIMAL,37.9576,2,0,0,0,2,0.0,0.0,0.0,37.9576,90,2.0,0.5,1.0
010_R107,10,R,2,3,OPTIMAL,25.6283,2,0,0,0,2,0.0,0.0,0.0,25.6283,90,2.0,0.5,1.0
010_R107,10,R,2,4,OPTIMAL,104.0412,2,1,1,0,1,0.5,102.727,0.0,1.3142,90,2.0,0.5,1.0
010_R107,10,R,2,5,OPTIMAL,3.5987,2,0,0,0,2,0.0,0.0,0.0,3.5987,90,2.0,0.5,1.0
010_R107,10,R,2,6,OPTIMAL,13.2429,2,0,0,0,2,0.0,0.0,0.0,13.2429,90,2.0,0.5,1.0
010_R107,10,R,2,7,OPTIMAL,106.3108,2,0,0,0,2,0.0,0.0,0.0,106.3108,90,2.0,0.5,1.0
010_R107,10,R,2,8,OPTIMAL,79.8247,2,1,0,1,1,0.5,79.6269,0.0,0.1978,90,2.0,0.5,1.0
010_R107,10,R,2,9,OPTIMAL,7.0864,2,0,0,0,2,0.0,0.0,0.0,7.0864,90,2.0,0.5,1.0
010_R107,10,R,3,0,OPTIMAL,111.1995,3,0,0,0,3,0.0,0.0,0.0,111.1995,90,2.0,0.5,1.0
010_R107,10,R,3,1,OPTIMAL,91.7829,3,0,0,0,3,0.0,0.0,0.0,91.7829,90,2.0,0.5,1.0
010_R107,10,R,3,2,OPTIMAL,115.1368,3,1,0,1,2,0.3333,85.1973,0.0,29.9394,90,2.0,0.5,1.0
010_R107,10,R,3,3,OPTIMAL,59.3089,3,0,0,0,3,0.0,0.0,0.0,59.3089,90,2.0,0.5,1.0
010_R107,10,R,3,4,OPTIMAL,100.8655,3,0,0,0,3,0.0,0.0,1.1505,99.715,90,2.0,0.5,1.0
010_R107,10,R,3,5,OPTIMAL,32.0613,3,0,0,0,3,0.0,0.0,0.0,32.0613,90,2.0,0.5,1.0
010_R107,10,R,3,6,OPTIMAL,114.8975,3,1,1,0,2,0.3333,88.8647,0.0,26.0328,90,2.0,0.5,1.0
010_R107,10,R,3,7,OPTIMAL,75.2174,3,0,0,0,3,0.0,0.0,0.0,75.2174,90,2.0,0.5,1.0
010_R107,10,R,3,8,OPTIMAL,38.265,3,0,0,0,3,0.0,0.0,0.0,38.265,90,2.0,0.5,1.0
010_R107,10,R,3,9,OPTIMAL,3.214,3,0,0,0,3,0.0,0.0,0.0,3.214,90,2.0,0.5,1.0
010_R108,10,R,1,0,OPTIMAL,36.7292,1,0,0,0,1,0.0,0.0,0.0,36.7292,90,2.0,0.5,1.0
010_R108,10,R,1,1,OPTIMAL,27.3726,1,0,0,0,1,0.0,0.0,0.0,27.3726,90,2.0,0.5,1.0
010_R108,10,R,1,2,OPTIMAL,14.3526,1,0,0,0,1,0.0,0.0,0.0,14.3526,90,2.0,0.5,1.0
010_R108,10,R,1,3,OPTIMAL,24.0169,1,0,0,0,1,0.0,0.0,0.0,24.0169,90,2.0,0.5,1.0
010_R108,10,R,1,4,OPTIMAL,1.8976,1,0,0,0,1,0.0,0.0,0.0,1.8976,90,2.0,0.5,1.0
010_R108,10,R,1,5,OPTIMAL,26.7356,1,0,0,0,1,0.0,0.0,0.0,26.7356,90,2.0,0.5,1.0
010_R108,10,R,1,6,OPTIMAL,91.7967,1,1,1,0,0,1.0,91.7967,0.0,0.0,90,2.0,0.5,1.0
010_R108,10,R,1,7,OPTIMAL,87.8294,1,1,1,0,0,1.0,87.8294,0.0,0.0,90,2.0,0.5,1.0
010_R108,10,R,1,8,OPTIMAL,102.8798,1,1,1,0,0,1.0,102.8798,0.0,0.0,90,2.0,0.5,1.0
010_R108,10,R,1,9,OPTIMAL,3.8785,1,0,0,0,1,0.0,0.0,0.0,3.8785,90,2.0,0.5,1.0
010_R108,10,R,2,0,OPTIMAL,229.5034,2,2,2,0,0,1.0,229.5034,0.0,0.0,90,2.0,0.5,1.0
010_R108,10,R,2,1,OPTIMAL,87.2537,2,1,1,0,1,0.5,85.2285,0.0,2.0252,90,2.0,0.5,1.0
010_R108,10,R,2,2,OPTIMAL,115.1037,2,1,1,0,1,0.5,101.1403,0.0,13.9634,90,2.0,0.5,1.0
010_R108,10,R,2,3,OPTIMAL,42.5116,2,0,0,0,2,0.0,0.0,0.0,42.5116,90,2.0,0.5,1.0
010_R108,10,R,2,4,OPTIMAL,104.0412,2,1,1,0,1,0.5,102.727,0.0,1.3142,90,2.0,0.5,1.0
010_R108,10,R,2,5,OPTIMAL,3.5987,2,0,0,0,2,0.0,0.0,0.0,3.5987,90,2.0,0.5,1.0
010_R108,10,R,2,6,OPTIMAL,28.7427,2,0,0,0,2,0.0,0.0,0.0,28.7427,90,2.0,0.5,1.0
010_R108,10,R,2,7,OPTIMAL,43.0549,2,0,0,0,2,0.0,0.0,0.0,43.0549,90,2.0,0.5,1.0
010_R108,10,R,2,8,OPTIMAL,73.9198,2,0,0,0,2,0.0,0.0,0.0,73.9198,90,2.0,0.5,1.0
010_R108,10,R,2,9,OPTIMAL,47.8879,2,0,0,0,2,0.0,0.0,0.0,47.8879,90,2.0,0.5,1.0
010_R108,10,R,3,0,OPTIMAL,96.2783,3,0,0,0,3,0.0,0.0,0.0,96.2783,90,2.0,0.5,1.0
010_R108,10,R,3,1,OPTIMAL,103.7526,3,0,0,0,3,0.0,0.0,0.0,103.7526,90,2.0,0.5,1.0
010_R108,10,R,3,2,OPTIMAL,231.7622,3,2,2,0,1,0.6667,213.5435,0.0,18.2187,90,2.0,0.5,1.0
010_R108,10,R,3,3,OPTIMAL,129.189,3,1,1,0,2,0.3333,77.3354,0.0,51.8536,90,2.0,0.5,1.0
010_R108,10,R,3,4,OPTIMAL,138.1526,3,1,0,1,2,0.3333,101.1707,0.0,36.9819,90,2.0,0.5,1.0
010_R108,10,R,3,5,OPTIMAL,37.374,3,0,0,0,3,0.0,0.0,0.0,37.374,90,2.0,0.5,1.0
010_R108,10,R,3,6,OPTIMAL,114.8975,3,1,1,0,2,0.3333,88.8647,0.0,26.0328,90,2.0,0.5,1.0
010_R108,10,R,3,7,OPTIMAL,57.7003,3,0,0,0,3,0.0,0.0,0.0,57.7003,90,2.0,0.5,1.0
010_R108,10,R,3,8,OPTIMAL,114.42,3,1,1,0,2,0.3333,87.6786,0.0,26.7414,90,2.0,0.5,1.0
010_R108,10,R,3,9,OPTIMAL,3.5121,3,0,0,0,3,0.0,0.0,0.0,3.5121,90,2.0,0.5,1.0
010_R109,10,R,1,0,OPTIMAL,82.2869,1,1,0,1,0,1.0,82.2869,0.0,0.0,90,2.0,0.5,1.0
010_R109,10,R,1,1,OPTIMAL,71.7725,1,1,0,1,0,1.0,71.7725,0.0,0.0,90,2.0,0.5,1.0
010_R109,10,R,1,2,OPTIMAL,38.7131,1,1,0,1,0,1.0,38.7131,0.0,0.0,90,2.0,0.5,1.0
010_R109,10,R,1,3,OPTIMAL,68.4865,1,1,0,1,0,1.0,68.4865,0.0,0.0,90,2.0,0.5,1.0
010_R109,10,R,1,4,OPTIMAL,131.1903,1,1,0,1,0,1.0,131.1903,0.0,0.0,90,2.0,0.5,1.0
010_R109,10,R,1,5,OPTIMAL,66.8382,1,1,0,1,0,1.0,66.8382,0.0,0.0,90,2.0,0.5,1.0
010_R109,10,R,1,6,OPTIMAL,91.7967,1,1,0,1,0,1.0,91.7967,0.0,0.0,90,2.0,0.5,1.0
010_R109,10,R,1,7,OPTIMAL,87.8294,1,1,0,1,0,1.0,87.8294,0.0,0.0,90,2.0,0.5,1.0
010_R109,10,R,1,8,OPTIMAL,102.8798,1,1,0,1,0,1.0,102.8798,0.0,0.0,90,2.0,0.5,1.0
010_R109,10,R,1,9,OPTIMAL,1.0304,1,0,0,0,1,0.0,0.0,0.0,1.0304,90,2.0,0.5,1.0
010_R109,10,R,2,0,OPTIMAL,229.5034,2,2,2,0,0,1.0,229.5034,0.0,0.0,90,2.0,0.5,1.0
010_R109,10,R,2,1,OPTIMAL,101.3485,2,1,0,1,1,0.5,85.2285,0.0,16.12,90,2.0,0.5,1.0
010_R109,10,R,2,2,OPTIMAL,176.417,2,2,0,2,0,1.0,176.417,0.0,0.0,90,2.0,0.5,1.0
010_R109,10,R,2,3,OPTIMAL,161.7419,2,2,0,2,0,1.0,161.7419,0.0,0.0,90,2.0,0.5,1.0
010_R109,10,R,2,4,OPTIMAL,231.5833,2,2,0,2,0,1.0,231.5833,0.0,0.0,90,2.0,0.5,1.0
010_R109,10,R,2,5,OPTIMAL,224.8257,2,2,0,2,0,1.0,224.8257,0.0,0.0,90,2.0,0.5,1.0
010_R109,10,R,2,6,OPTIMAL,8.5419,2,0,0,0,2,0.0,0.0,0.0,8.5419,90,2.0,0.5,1.0
010_R109,10,R,2,7,OPTIMAL,60.0458,2,1,0,1,1,0.5,54.4842,0.0,5.5616,90,2.0,0.5,1.0
010_R109,10,R,2,8,OPTIMAL,134.5313,2,2,0,2,0,1.0,134.5313,0.0,0.0,90,2.0,0.5,1.0
010_R109,10,R,2,9,OPTIMAL,184.4491,2,2,0,2,0,1.0,184.4491,0.0,0.0,90,2.0,0.5,1.0
010_R109,10,R,3,0,OPTIMAL,220.3625,3,2,0,2,1,0.6667,216.5124,0.0,3.8501,90,2.0,0.5,1.0
010_R109,10,R,3,1,OPTIMAL,301.4881,3,3,1,2,0,1.0,301.4881,0.0,0.0,90,2.0,0.5,1.0
010_R109,10,R,3,2,OPTIMAL,312.4054,3,3,0,3,0,1.0,312.4054,0.0,0.0,90,2.0,0.5,1.0
010_R109,10,R,3,3,OPTIMAL,205.6582,3,2,1,1,1,0.6667,203.3581,0.0,2.3001,90,2.0,0.5,1.0
010_R109,10,R,3,4,OPTIMAL,185.5328,3,2,0,2,1,0.6667,155.3564,0.0,30.1764,90,2.0,0.5,1.0
010_R109,10,R,3,5,OPTIMAL,198.3775,3,2,0,2,1,0.6667,192.8611,0.0,5.5164,90,2.0,0.5,1.0
010_R109,10,R,3,6,OPTIMAL,173.2729,3,2,0,2,1,0.6667,166.8732,0.0,6.3997,90,2.0,0.5,1.0
010_R109,10,R,3,7,OPTIMAL,139.5967,3,2,0,2,1,0.6667,132.4953,0.0,7.1014,90,2.0,0.5,1.0
010_R109,10,R,3,8,OPTIMAL,184.245,3,2,0,2,1,0.6667,183.627,0.0,0.618,90,2.0,0.5,1.0
010_R109,10,R,3,9,OPTIMAL,71.5211,3,1,0,1,2,0.3333,70.1293,0.0,1.3918,90,2.0,0.5,1.0
010_R110,10,R,1,0,OPTIMAL,82.2869,1,1,1,0,0,1.0,82.2869,0.0,0.0,90,2.0,0.5,1.0
010_R110,10,R,1,1,OPTIMAL,71.7725,1,1,0,1,0,1.0,71.7725,0.0,0.0,90,2.0,0.5,1.0
010_R110,10,R,1,2,OPTIMAL,38.7131,1,1,0,1,0,1.0,38.7131,0.0,0.0,90,2.0,0.5,1.0
010_R110,10,R,1,3,OPTIMAL,68.4865,1,1,0,1,0,1.0,68.4865,0.0,0.0,90,2.0,0.5,1.0
010_R110,10,R,1,4,OPTIMAL,131.1903,1,1,0,1,0,1.0,131.1903,0.0,0.0,90,2.0,0.5,1.0
010_R110,10,R,1,5,OPTIMAL,66.8382,1,1,0,1,0,1.0,66.8382,0.0,0.0,90,2.0,0.5,1.0
010_R110,10,R,1,6,OPTIMAL,91.7967,1,1,0,1,0,1.0,91.7967,0.0,0.0,90,2.0,0.5,1.0
010_R110,10,R,1,7,OPTIMAL,87.8294,1,1,0,1,0,1.0,87.8294,0.0,0.0,90,2.0,0.5,1.0
010_R110,10,R,1,8,OPTIMAL,3.0006,1,0,0,0,1,0.0,0.0,0.0,3.0006,90,2.0,0.5,1.0
010_R110,10,R,1,9,OPTIMAL,1.0304,1,0,0,0,1,0.0,0.0,0.0,1.0304,90,2.0,0.5,1.0
010_R110,10,R,2,0,OPTIMAL,229.5034,2,2,2,0,0,1.0,229.5034,0.0,0.0,90,2.0,0.5,1.0
010_R110,10,R,2,1,OPTIMAL,106.5688,2,1,0,1,1,0.5,85.2285,0.0,21.3404,90,2.0,0.5,1.0
010_R110,10,R,2,2,OPTIMAL,176.417,2,2,0,2,0,1.0,176.417,0.0,0.0,90,2.0,0.5,1.0
010_R110,10,R,2,3,OPTIMAL,161.7419,2,2,0,2,0,1.0,161.7419,0.0,0.0,90,2.0,0.5,1.0
010_R110,10,R,2,4,OPTIMAL,130.8942,2,1,0,1,1,0.5,128.8563,0.0,2.0378,90,2.0,0.5,1.0
010_R110,10,R,2,5,OPTIMAL,224.8257,2,2,0,2,0,1.0,224.8257,0.0,0.0,90,2.0,0.5,1.0
010_R110,10,R,2,6,OPTIMAL,39.3407,2,0,0,0,2,0.0,0.0,0.0,39.3407,90,2.0,0.5,1.0
010_R110,10,R,2,7,OPTIMAL,27.8427,2,0,0,0,2,0.0,0.0,0.0,27.8427,90,2.0,0.5,1.0
010_R110,10,R,2,8,OPTIMAL,44.8255,2,0,0,0,2,0.0,0.0,0.0,44.8255,90,2.0,0.5,1.0
010_R110,10,R,2,9,OPTIMAL,50.5772,2,0,0,0,2,0.0,0.0,0.0,50.5772,90,2.0,0.5,1.0
010_R110,10,R,3,0,OPTIMAL,154.4297,3,1,0,1,2,0.3333,130.2119,0.0,24.2178,90,2.0,0.5,1.0
010_R110,10,R,3,1,OPTIMAL,234.0604,3,2,0,2,1,0.6667,212.2591,0.0,21.8013,90,2.0,0.5,1.0
010_R110,10,R,3,2,OPTIMAL,312.4054,3,3,0,3,0,1.0,312.4054,0.0,0.0,90,2.0,0.5,1.0
010_R110,10,R,3,3,OPTIMAL,205.6582,3,2,1,1,1,0.6667,203.3581,0.0,2.3001,90,2.0,0.5,1.0
010_R110,10,R,3,4,OPTIMAL,156.0805,3,2,0,2,1,0.6667,155.3564,0.0,0.7241,90,2.0,0.5,1.0
010_R110,10,R,3,5,OPTIMAL,192.8906,3,2,1,1,1,0.6667,192.8611,0.0,0.0296,90,2.0,0.5,1.0
010_R110,10,R,3,6,OPTIMAL,112.6759,3,1,0,1,2,0.3333,78.0085,0.0,34.6675,90,2.0,0.5,1.0
010_R110,10,R,3,7,OPTIMAL,45.7969,3,0,0,0,3,0.0,0.0,0.0,45.7969,90,2.0,0.5,1.0
010_R110,10,R,3,8,OPTIMAL,184.245,3,2,0,2,1,0.6667,183.627,0.0,0.618,90,2.0,0.5,1.0
010_R110,10,R,3,9,OPTIMAL,71.5211,3,1,0,1,2,0.3333,70.1293,0.0,1.3918,90,2.0,0.5,1.0
010_R111,10,R,1,0,OPTIMAL,36.7292,1,0,0,0,1,0.0,0.0,0.0,36.7292,90,2.0,0.5,1.0
010_R111,10,R,1,1,OPTIMAL,27.3726,1,0,0,0,1,0.0,0.0,0.0,27.3726,90,2.0,0.5,1.0
010_R111,10,R,1,2,OPTIMAL,14.3526,1,0,0,0,1,0.0,0.0,0.0,14.3526,90,2.0,0.5,1.0
010_R111,10,R,1,3,OPTIMAL,24.0169,1,0,0,0,1,0.0,0.0,0.0,24.0169,90,2.0,0.5,1.0
010_R111,10,R,1,4,OPTIMAL,1.8976,1,0,0,0,1,0.0,0.0,0.0,1.8976,90,2.0,0.5,1.0
010_R111,10,R,1,5,OPTIMAL,26.7356,1,0,0,0,1,0.0,0.0,0.0,26.7356,90,2.0,0.5,1.0
010_R111,10,R,1,6,OPTIMAL,13.3736,1,0,0,0,1,0.0,0.0,0.0,13.3736,90,2.0,0.5,1.0
010_R111,10,R,1,7,OPTIMAL,11.9123,1,0,0,0,1,0.0,0.0,0.0,11.9123,90,2.0,0.5,1.0
010_R111,10,R,1,8,OPTIMAL,69.1879,1,0,0,0,1,0.0,0.0,0.0,69.1879,90,2.0,0.5,1.0
010_R111,10,R,1,9,OPTIMAL,1.0304,1,0,0,0,1,0.0,0.0,0.0,1.0304,90,2.0,0.5,1.0
010_R111,10,R,2,0,OPTIMAL,229.5034,2,2,2,0,0,1.0,229.5034,0.0,0.0,90,2.0,0.5,1.0
010_R111,10,R,2,1,OPTIMAL,12.7161,2,0,0,0,2,0.0,0.0,0.0,12.7161,90,2.0,0.5,1.0
010_R111,10,R,2,2,OPTIMAL,37.9576,2,0,0,0,2,0.0,0.0,0.0,37.9576,90,2.0,0.5,1.0
010_R111,10,R,2,3,OPTIMAL,22.1302,2,0,0,0,2,0.0,0.0,0.0,22.1302,90,2.0,0.5,1.0
010_R111,10,R,2,4,OPTIMAL,51.7592,2,0,0,0,2,0.0,0.0,0.0,51.7592,90,2.0,0.5,1.0
010_R111,10,R,2,5,OPTIMAL,3.5987,2,0,0,0,2,0.0,0.0,0.0,3.5987,90,2.0,0.5,1.0
010_R111,10,R,2,6,OPTIMAL,8.5419,2,0,0,0,2,0.0,0.0,0.0,8.5419,90,2.0,0.5,1.0
010_R111,10,R,2,7,OPTIMAL,116.6859,2,1,1,0,1,0.5,115.8186,0.0,0.8673,90,2.0,0.5,1.0
010_R111,10,R,2,8,OPTIMAL,28.2294,2,0,0,0,2,0.0,0.0,0.0,28.2294,90,2.0,0.5,1.0
010_R111,10,R,2,9,OPTIMAL,7.0864,2,0,0,0,2,0.0,0.0,0.0,7.0864,90,2.0,0.5,1.0
010_R111,10,R,3,0,OPTIMAL,45.4771,3,0,0,0,3,0.0,0.0,0.0,45.4771,90,2.0,0.5,1.0
010_R111,10,R,3,1,OPTIMAL,57.6062,3,0,0,0,3,0.0,0.0,0.0,57.6062,90,2.0,0.5,1.0
010_R111,10,R,3,2,OPTIMAL,50.3229,3,0,0,0,3,0.0,0.0,0.0,50.3229,90,2.0,0.5,1.0
010_R111,10,R,3,3,OPTIMAL,59.3089,3,0,0,0,3,0.0,0.0,0.0,59.3089,90,2.0,0.5,1.0
010_R111,10,R,3,4,OPTIMAL,75.2559,3,0,0,0,3,0.0,0.0,0.0,75.2559,90,2.0,0.5,1.0
010_R111,10,R,3,5,OPTIMAL,29.2961,3,0,0,0,3,0.0,0.0,0.0,29.2961,90,2.0,0.5,1.0
010_R111,10,R,3,6,OPTIMAL,64.222,3,0,0,0,3,0.0,0.0,0.0,64.222,90,2.0,0.5,1.0
010_R111,10,R,3,7,OPTIMAL,97.0355,3,0,0,0,3,0.0,0.0,0.0,97.0355,90,2.0,0.5,1.0
010_R111,10,R,3,8,OPTIMAL,38.265,3,0,0,0,3,0.0,0.0,0.0,38.265,90,2.0,0.5,1.0
010_R111,10,R,3,9,OPTIMAL,3.214,3,0,0,0,3,0.0,0.0,0.0,3.214,90,2.0,0.5,1.0
010_R112,10,R,1,0,OPTIMAL,82.2869,1,1,1,0,0,1.0,82.2869,0.0,0.0,90,2.0,0.5,1.0
010_R112,10,R,1,1,OPTIMAL,71.7725,1,1,1,0,0,1.0,71.7725,0.0,0.0,90,2.0,0.5,1.0
010_R112,10,R,1,2,OPTIMAL,38.7131,1,1,1,0,0,1.0,38.7131,0.0,0.0,90,2.0,0.5,1.0
010_R112,10,R,1,3,OPTIMAL,68.4865,1,1,1,0,0,1.0,68.4865,0.0,0.0,90,2.0,0.5,1.0
010_R112,10,R,1,4,OPTIMAL,32.1805,1,0,0,0,1,0.0,0.0,0.0,32.1805,90,2.0,0.5,1.0
010_R112,10,R,1,5,OPTIMAL,66.8382,1,1,1,0,0,1.0,66.8382,0.0,0.0,90,2.0,0.5,1.0
010_R112,10,R,1,6,OPTIMAL,91.7967,1,1,1,0,0,1.0,91.7967,0.0,0.0,90,2.0,0.5,1.0
010_R112,10,R,1,7,OPTIMAL,87.8294,1,1,1,0,0,1.0,87.8294,0.0,0.0,90,2.0,0.5,1.0
010_R112,10,R,1,8,OPTIMAL,3.0006,1,0,0,0,1,0.0,0.0,0.0,3.0006,90,2.0,0.5,1.0
010_R112,10,R,1,9,OPTIMAL,2.0609,1,0,0,0,1,0.0,0.0,0.0,2.0609,90,2.0,0.5,1.0
010_R112,10,R,2,0,OPTIMAL,229.5034,2,2,2,0,0,1.0,229.5034,0.0,0.0,90,2.0,0.5,1.0
010_R112,10,R,2,1,OPTIMAL,86.3983,2,1,1,0,1,0.5,85.2285,0.0,1.1698,90,2.0,0.5,1.0
010_R112,10,R,2,2,OPTIMAL,176.417,2,2,2,0,0,1.0,176.417,0.0,0.0,90,2.0,0.5,1.0
010_R112,10,R,2,3,OPTIMAL,161.7419,2,2,2,0,0,1.0,161.7419,0.0,0.0,90,2.0,0.5,1.0
010_R112,10,R,2,4,OPTIMAL,27.7371,2,0,0,0,2,0.0,0.0,0.0,27.7371,90,2.0,0.5,1.0
010_R112,10,R,2,5,OPTIMAL,126.2084,2,1,1,0,1,0.5,96.8357,0.0,29.3728,90,2.0,0.5,1.0
010_R112,10,R,2,6,OPTIMAL,29.9959,2,0,0,0,2,0.0,0.0,0.0,29.9959,90,2.0,0.5,1.0
010_R112,10,R,2,7,OPTIMAL,5.563,2,0,0,0,2,0.0,0.0,0.0,5.563,90,2.0,0.5,1.0
010_R112,10,R,2,8,OPTIMAL,16.0929,2,0,0,0,2,0.0,0.0,0.0,16.0929,90,2.0,0.5,1.0
010_R112,10,R,2,9,OPTIMAL,1.7989,2,0,0,0,2,0.0,0.0,0.0,1.7989,90,2.0,0.5,1.0
010_R112,10,R,3,0,OPTIMAL,14.9277,3,0,0,0,3,0.0,0.0,0.0,14.9277,90,2.0,0.5,1.0
010_R112,10,R,3,1,OPTIMAL,31.8054,3,0,0,0,3,0.0,0.0,0.0,31.8054,90,2.0,0.5,1.0
010_R112,10,R,3,2,OPTIMAL,213.799,3,2,2,0,1,0.6667,213.5435,0.0,0.2556,90,2.0,0.5,1.0
010_R112,10,R,3,3,OPTIMAL,205.6582,3,2,2,0,1,0.6667,203.3581,0.0,2.3001,90,2.0,0.5,1.0
010_R112,10,R,3,4,OPTIMAL,52.8746,3,1,1,0,2,0.3333,47.8623,0.0,5.0123,90,2.0,0.5,1.0
010_R112,10,R,3,5,OPTIMAL,89.0271,3,1,1,0,2,0.3333,84.5669,0.0,4.4601,90,2.0,0.5,1.0
010_R112,10,R,3,6,OPTIMAL,103.8246,3,1,1,0,2,0.3333,78.0085,0.0,25.8161,90,2.0,0.5,1.0
010_R112,10,R,3,7,OPTIMAL,12.2072,3,0,0,0,3,0.0,0.0,0.0,12.2072,90,2.0,0.5,1.0
010_R112,10,R,3,8,OPTIMAL,118.267,3,1,1,0,2,0.3333,87.6786,0.0,30.5884,90,2.0,0.5,1.0
010_R112,10,R,3,9,OPTIMAL,7.48,3,0,0,0,3,0.0,0.0,0.0,7.48,90,2.0,0.5,1.0
010_R201,10,R,1,0,OPTIMAL,82.2869,1,1,1,0,0,1.0,82.2869,0.0,0.0,90,2.0,0.5,1.0
010_R201,10,R,1,1,OPTIMAL,71.7725,1,1,1,0,0,1.0,71.7725,0.0,0.0,90,2.0,0.5,1.0
010_R201,10,R,1,2,OPTIMAL,38.7131,1,1,1,0,0,1.0,38.7131,0.0,0.0,90,2.0,0.5,1.0
010_R201,10,R,1,3,OPTIMAL,68.4865,1,1,1,0,0,1.0,68.4865,0.0,0.0,90,2.0,0.5,1.0
010_R201,10,R,1,4,OPTIMAL,50.9429,1,0,0,0,1,0.0,0.0,0.0,50.9429,90,2.0,0.5,1.0
010_R201,10,R,1,5,OPTIMAL,66.8382,1,1,1,0,0,1.0,66.8382,0.0,0.0,90,2.0,0.5,1.0
010_R201,10,R,1,6,OPTIMAL,31.1164,1,0,0,0,1,0.0,0.0,0.0,31.1164,90,2.0,0.5,1.0
010_R201,10,R,1,7,OPTIMAL,11.9123,1,0,0,0,1,0.0,0.0,0.0,11.9123,90,2.0,0.5,1.0
010_R201,10,R,1,8,OPTIMAL,102.8798,1,1,1,0,0,1.0,102.8798,0.0,0.0,90,2.0,0.5,1.0
010_R201,10,R,1,9,OPTIMAL,43.0043,1,1,1,0,0,1.0,43.0043,0.0,0.0,90,2.0,0.5,1.0
010_R201,10,R,2,0,OPTIMAL,229.5034,2,2,2,0,0,1.0,229.5034,0.0,0.0,90,2.0,0.5,1.0
010_R201,10,R,2,1,OPTIMAL,29.6856,2,0,0,0,2,0.0,0.0,0.0,29.6856,90,2.0,0.5,1.0
010_R201,10,R,2,2,OPTIMAL,176.417,2,2,2,0,0,1.0,176.417,0.0,0.0,90,2.0,0.5,1.0
010_R201,10,R,2,3,OPTIMAL,45.4853,2,0,0,0,2,0.0,0.0,0.0,45.4853,90,2.0,0.5,1.0
010_R201,10,R,2,4,OPTIMAL,231.5833,2,2,2,0,0,1.0,231.5833,0.0,0.0,90,2.0,0.5,1.0
010_R201,10,R,2,5,OPTIMAL,173.6619,2,1,1,0,1,0.5,127.99,0.0,45.6719,90,2.0,0.5,1.0
010_R201,10,R,2,6,OPTIMAL,123.9138,2,2,2,0,0,1.0,123.9138,0.0,0.0,90,2.0,0.5,1.0
010_R201,10,R,2,7,OPTIMAL,104.3331,2,1,1,0,1,0.5,54.4842,0.0,49.849,90,2.0,0.5,1.0
010_R201,10,R,2,8,OPTIMAL,94.5076,2,1,1,0,1,0.5,79.6269,0.0,14.8806,90,2.0,0.5,1.0
010_R201,10,R,2,9,OPTIMAL,102.382,2,1,1,0,1,0.5,95.8178,0.0,6.5642,90,2.0,0.5,1.0
010_R201,10,R,3,0,OPTIMAL,263.7417,3,2,2,0,1,0.6667,216.5124,0.0,47.2294,90,2.0,0.5,1.0
010_R201,10,R,3,1,OPTIMAL,247.4329,3,2,2,0,1,0.6667,217.9123,0.0,29.5206,90,2.0,0.5,1.0
010_R201,10,R,3,2,OPTIMAL,119.6888,3,1,1,0,2,0.3333,85.1973,0.0,34.4915,90,2.0,0.5,1.0
010_R201,10,R,3,3,OPTIMAL,233.4276,3,2,2,0,1,0.6667,208.4768,0.0,24.9508,90,2.0,0.5,1.0
010_R201,10,R,3,4,OPTIMAL,138.6016,3,1,1,0,2,0.3333,47.8623,0.0,90.7393,90,2.0,0.5,1.0
010_R201,10,R,3,5,OPTIMAL,166.2142,3,2,2,0,1,0.6667,161.7688,0.0,4.4453,90,2.0,0.5,1.0
010_R201,10,R,3,6,OPTIMAL,133.7372,3,1,1,0,2,0.3333,88.8647,0.0,44.8725,90,2.0,0.5,1.0
010_R201,10,R,3,7,OPTIMAL,213.3718,3,3,3,0,0,1.0,213.3718,0.0,0.0,90,2.0,0.5,1.0
010_R201,10,R,3,8,OPTIMAL,161.312,3,2,2,0,1,0.6667,131.9595,0.0,29.3525,90,2.0,0.5,1.0
010_R201,10,R,3,9,OPTIMAL,107.4134,3,1,1,0,2,0.3333,64.4987,0.0,42.9148,90,2.0,0.5,1.0
010_R202,10,R,1,0,OPTIMAL,82.2869,1,1,1,0,0,1.0,82.2869,0.0,0.0,90,2.0,0.5,1.0
010_R202,10,R,1,1,OPTIMAL,71.7725,1,1,1,0,0,1.0,71.7725,0.0,0.0,90,2.0,0.5,1.0
010_R202,10,R,1,2,OPTIMAL,38.7131,1,1,1,0,0,1.0,38.7131,0.0,0.0,90,2.0,0.5,1.0
010_R202,10,R,1,3,OPTIMAL,68.4865,1,1,1,0,0,1.0,68.4865,0.0,0.0,90,2.0,0.5,1.0
010_R202,10,R,1,4,OPTIMAL,131.1903,1,1,1,0,0,1.0,131.1903,0.0,0.0,90,2.0,0.5,1.0
010_R202,10,R,1,5,OPTIMAL,66.8382,1,1,1,0,0,1.0,66.8382,0.0,0.0,90,2.0,0.5,1.0
010_R202,10,R,1,6,OPTIMAL,91.7967,1,1,1,0,0,1.0,91.7967,0.0,0.0,90,2.0,0.5,1.0
010_R202,10,R,1,7,OPTIMAL,11.9123,1,0,0,0,1,0.0,0.0,0.0,11.9123,90,2.0,0.5,1.0
010_R202,10,R,1,8,OPTIMAL,102.8798,1,1,1,0,0,1.0,102.8798,0.0,0.0,90,2.0,0.5,1.0
010_R202,10,R,1,9,OPTIMAL,43.0043,1,1,1,0,0,1.0,43.0043,0.0,0.0,90,2.0,0.5,1.0
010_R202,10,R,2,0,OPTIMAL,229.5034,2,2,2,0,0,1.0,229.5034,0.0,0.0,90,2.0,0.5,1.0
010_R202,10,R,2,1,OPTIMAL,87.2537,2,1,1,0,1,0.5,85.2285,0.0,2.0252,90,2.0,0.5,1.0
010_R202,10,R,2,2,OPTIMAL,176.417,2,2,2,0,0,1.0,176.417,0.0,0.0,90,2.0,0.5,1.0
010_R202,10,R,2,3,OPTIMAL,78.7493,2,1,1,0,1,0.5,65.6101,0.0,13.1392,90,2.0,0.5,1.0
010_R202,10,R,2,4,OPTIMAL,231.5833,2,2,2,0,0,1.0,231.5833,0.0,0.0,90,2.0,0.5,1.0
010_R202,10,R,2,5,OPTIMAL,173.6619,2,1,1,0,1,0.5,127.99,0.0,45.6719,90,2.0,0.5,1.0
010_R202,10,R,2,6,OPTIMAL,123.9138,2,2,2,0,0,1.0,123.9138,0.0,0.0,90,2.0,0.5,1.0
010_R202,10,R,2,7,OPTIMAL,170.3028,2,2,2,0,0,1.0,170.3028,0.0,0.0,90,2.0,0.5,1.0
010_R202,10,R,2,8,OPTIMAL,134.5313,2,2,2,0,0,1.0,134.5313,0.0,0.0,90,2.0,0.5,1.0
010_R202,10,R,2,9,OPTIMAL,102.382,2,1,1,0,1,0.5,95.8178,0.0,6.5642,90,2.0,0.5,1.0
010_R202,10,R,3,0,OPTIMAL,328.6917,3,3,3,0,0,1.0,328.6917,0.0,0.0,90,2.0,0.5,1.0
010_R202,10,R,3,1,OPTIMAL,247.4329,3,2,2,0,1,0.6667,217.9123,0.0,29.5206,90,2.0,0.5,1.0
010_R202,10,R,3,2,OPTIMAL,213.799,3,2,1,1,1,0.6667,213.5435,0.0,0.2556,90,2.0,0.5,1.0
010_R202,10,R,3,3,OPTIMAL,221.3098,3,2,1,1,1,0.6667,203.3581,0.0,17.9516,90,2.0,0.5,1.0
010_R202,10,R,3,4,OPTIMAL,256.527,3,3,3,0,0,1.0,256.527,0.0,0.0,90,2.0,0.5,1.0
010_R202,10,R,3,5,OPTIMAL,166.2142,3,2,2,0,1,0.6667,161.7688,0.0,4.4453,90,2.0,0.5,1.0
010_R202,10,R,3,6,OPTIMAL,183.8593,3,2,2,0,1,0.6667,166.8732,0.0,16.9861,90,2.0,0.5,1.0
010_R202,10,R,3,7,OPTIMAL,213.3718,3,3,3,0,0,1.0,213.3718,0.0,0.0,90,2.0,0.5,1.0
010_R202,10,R,3,8,OPTIMAL,161.312,3,2,2,0,1,0.6667,131.9595,0.0,29.3525,90,2.0,0.5,1.0
010_R202,10,R,3,9,OPTIMAL,178.8379,3,2,2,0,1,0.6667,148.507,0.0,30.3309,90,2.0,0.5,1.0
010_R203,10,R,1,0,OPTIMAL,82.2869,1,1,1,0,0,1.0,82.2869,0.0,0.0,90,2.0,0.5,1.0
010_R203,10,R,1,1,OPTIMAL,71.7725,1,1,1,0,0,1.0,71.7725,0.0,0.0,90,2.0,0.5,1.0
010_R203,10,R,1,2,OPTIMAL,38.7131,1,1,1,0,0,1.0,38.7131,0.0,0.0,90,2.0,0.5,1.0
010_R203,10,R,1,3,OPTIMAL,68.4865,1,1,1,0,0,1.0,68.4865,0.0,0.0,90,2.0,0.5,1.0
010_R203,10,R,1,4,OPTIMAL,131.1903,1,1,1,0,0,1.0,131.1903,0.0,0.0,90,2.0,0.5,1.0
010_R203,10,R,1,5,OPTIMAL,66.8382,1,1,1,0,0,1.0,66.8382,0.0,0.0,90,2.0,0.5,1.0
010_R203,10,R,1,6,OPTIMAL,91.7967,1,1,1,0,0,1.0,91.7967,0.0,0.0,90,2.0,0.5,1.0
010_R203,10,R,1,7,OPTIMAL,11.9123,1,0,0,0,1,0.0,0.0,0.0,11.9123,90,2.0,0.5,1.0
010_R203,10,R,1,8,OPTIMAL,102.8798,1,1,1,0,0,1.0,102.8798,0.0,0.0,90,2.0,0.5,1.0
010_R203,10,R,1,9,OPTIMAL,43.0043,1,1,1,0,0,1.0,43.0043,0.0,0.0,90,2.0,0.5,1.0
010_R203,10,R,2,0,OPTIMAL,229.5034,2,2,2,0,0,1.0,229.5034,0.0,0.0,90,2.0,0.5,1.0
010_R203,10,R,2,1,OPTIMAL,87.2537,2,1,1,0,1,0.5,85.2285,0.0,2.0252,90,2.0,0.5,1.0
010_R203,10,R,2,2,OPTIMAL,176.417,2,2,2,0,0,1.0,176.417,0.0,0.0,90,2.0,0.5,1.0
010_R203,10,R,2,3,OPTIMAL,78.7493,2,1,1,0,1,0.5,65.6101,0.0,13.1392,90,2.0,0.5,1.0
010_R203,10,R,2,4,OPTIMAL,231.5833,2,2,2,0,0,1.0,231.5833,0.0,0.0,90,2.0,0.5,1.0
010_R203,10,R,2,5,OPTIMAL,173.6619,2,1,1,0,1,0.5,127.99,0.0,45.6719,90,2.0,0.5,1.0
010_R203,10,R,2,6,OPTIMAL,123.9138,2,2,2,0,0,1.0,123.9138,0.0,0.0,90,2.0,0.5,1.0
010_R203,10,R,2,7,OPTIMAL,170.3028,2,2,2,0,0,1.0,170.3028,0.0,0.0,90,2.0,0.5,1.0
010_R203,10,R,2,8,OPTIMAL,134.5313,2,2,2,0,0,1.0,134.5313,0.0,0.0,90,2.0,0.5,1.0
010_R203,10,R,2,9,OPTIMAL,102.382,2,1,1,0,1,0.5,95.8178,0.0,6.5642,90,2.0,0.5,1.0
010_R203,10,R,3,0,OPTIMAL,328.6917,3,3,3,0,0,1.0,328.6917,0.0,0.0,90,2.0,0.5,1.0
010_R203,10,R,3,1,OPTIMAL,247.4329,3,2,2,0,1,0.6667,217.9123,0.0,29.5206,90,2.0,0.5,1.0
010_R203,10,R,3,2,OPTIMAL,213.799,3,2,1,1,1,0.6667,213.5435,0.0,0.2556,90,2.0,0.5,1.0
010_R203,10,R,3,3,OPTIMAL,221.3098,3,2,1,1,1,0.6667,203.3581,0.0,17.9516,90,2.0,0.5,1.0
010_R203,10,R,3,4,OPTIMAL,256.527,3,3,3,0,0,1.0,256.527,0.0,0.0,90,2.0,0.5,1.0
010_R203,10,R,3,5,OPTIMAL,166.2142,3,2,2,0,1,0.6667,161.7688,0.0,4.4453,90,2.0,0.5,1.0
010_R203,10,R,3,6,OPTIMAL,183.8593,3,2,2,0,1,0.6667,166.8732,0.0,16.9861,90,2.0,0.5,1.0
010_R203,10,R,3,7,OPTIMAL,213.3718,3,3,3,0,0,1.0,213.3718,0.0,0.0,90,2.0,0.5,1.0
010_R203,10,R,3,8,OPTIMAL,161.312,3,2,2,0,1,0.6667,131.9595,0.0,29.3525,90,2.0,0.5,1.0
010_R203,10,R,3,9,OPTIMAL,178.8379,3,2,2,0,1,0.6667,148.507,0.0,30.3309,90,2.0,0.5,1.0
010_R204,10,R,1,0,OPTIMAL,82.2869,1,1,1,0,0,1.0,82.2869,0.0,0.0,90,2.0,0.5,1.0
010_R204,10,R,1,1,OPTIMAL,71.7725,1,1,1,0,0,1.0,71.7725,0.0,0.0,90,2.0,0.5,1.0
010_R204,10,R,1,2,OPTIMAL,38.7131,1,1,1,0,0,1.0,38.7131,0.0,0.0,90,2.0,0.5,1.0
010_R204,10,R,1,3,OPTIMAL,68.4865,1,1,1,0,0,1.0,68.4865,0.0,0.0,90,2.0,0.5,1.0
010_R204,10,R,1,4,OPTIMAL,131.1903,1,1,1,0,0,1.0,131.1903,0.0,0.0,90,2.0,0.5,1.0
010_R204,10,R,1,5,OPTIMAL,66.8382,1,1,1,0,0,1.0,66.8382,0.0,0.0,90,2.0,0.5,1.0
010_R204,10,R,1,6,OPTIMAL,91.7967,1,1,1,0,0,1.0,91.7967,0.0,0.0,90,2.0,0.5,1.0
010_R204,10,R,1,7,OPTIMAL,87.8294,1,1,1,0,0,1.0,87.8294,0.0,0.0,90,2.0,0.5,1.0
010_R204,10,R,1,8,OPTIMAL,102.8798,1,1,1,0,0,1.0,102.8798,0.0,0.0,90,2.0,0.5,1.0
010_R204,10,R,1,9,OPTIMAL,43.0043,1,1,1,0,0,1.0,43.0043,0.0,0.0,90,2.0,0.5,1.0
010_R204,10,R,2,0,OPTIMAL,229.5034,2,2,2,0,0,1.0,229.5034,0.0,0.0,90,2.0,0.5,1.0
010_R204,10,R,2,1,OPTIMAL,87.2537,2,1,1,0,1,0.5,85.2285,0.0,2.0252,90,2.0,0.5,1.0
010_R204,10,R,2,2,OPTIMAL,176.417,2,2,2,0,0,1.0,176.417,0.0,0.0,90,2.0,0.5,1.0
010_R204,10,R,2,3,OPTIMAL,161.7419,2,2,2,0,0,1.0,161.7419,0.0,0.0,90,2.0,0.5,1.0
010_R204,10,R,2,4,OPTIMAL,231.5833,2,2,2,0,0,1.0,231.5833,0.0,0.0,90,2.0,0.5,1.0
010_R204,10,R,2,5,OPTIMAL,224.8257,2,2,2,0,0,1.0,224.8257,0.0,0.0,90,2.0,0.5,1.0
010_R204,10,R,2,6,OPTIMAL,123.9138,2,2,2,0,0,1.0,123.9138,0.0,0.0,90,2.0,0.5,1.0
010_R204,10,R,2,7,OPTIMAL,170.3028,2,2,2,0,0,1.0,170.3028,0.0,0.0,90,2.0,0.5,1.0
010_R204,10,R,2,8,OPTIMAL,134.5313,2,2,2,0,0,1.0,134.5313,0.0,0.0,90,2.0,0.5,1.0
010_R204,10,R,2,9,OPTIMAL,102.382,2,1,1,0,1,0.5,95.8178,0.0,6.5642,90,2.0,0.5,1.0
010_R204,10,R,3,0,OPTIMAL,328.6917,3,3,3,0,0,1.0,328.6917,0.0,0.0,90,2.0,0.5,1.0
010_R204,10,R,3,1,OPTIMAL,301.4881,3,3,3,0,0,1.0,301.4881,0.0,0.0,90,2.0,0.5,1.0
010_R204,10,R,3,2,OPTIMAL,312.4054,3,3,2,1,0,1.0,312.4054,0.0,0.0,90,2.0,0.5,1.0
010_R204,10,R,3,3,OPTIMAL,231.4732,3,2,1,1,1,0.6667,203.3581,0.0,28.1151,90,2.0,0.5,1.0
010_R204,10,R,3,4,OPTIMAL,256.527,3,3,3,0,0,1.0,256.527,0.0,0.0,90,2.0,0.5,1.0
010_R204,10,R,3,5,OPTIMAL,270.063,3,3,3,0,0,1.0,270.063,0.0,0.0,90,2.0,0.5,1.0
010_R204,10,R,3,6,OPTIMAL,243.871,3,3,2,1,0,1.0,243.871,0.0,0.0,90,2.0,0.5,1.0
010_R204,10,R,3,7,OPTIMAL,213.3718,3,3,3,0,0,1.0,213.3718,0.0,0.0,90,2.0,0.5,1.0
010_R204,10,R,3,8,OPTIMAL,227.908,3,3,3,0,0,1.0,227.908,0.0,0.0,90,2.0,0.5,1.0
010_R204,10,R,3,9,OPTIMAL,149.6006,3,2,2,0,1,0.6667,148.507,0.0,1.0937,90,2.0,0.5,1.0
010_R205,10,R,1,0,OPTIMAL,82.2869,1,1,1,0,0,1.0,82.2869,0.0,0.0,90,2.0,0.5,1.0
010_R205,10,R,1,1,OPTIMAL,71.7725,1,1,1,0,0,1.0,71.7725,0.0,0.0,90,2.0,0.5,1.0
010_R205,10,R,1,2,OPTIMAL,38.7131,1,1,0,1,0,1.0,38.7131,0.0,0.0,90,2.0,0.5,1.0
010_R205,10,R,1,3,OPTIMAL,68.4865,1,1,1,0,0,1.0,68.4865,0.0,0.0,90,2.0,0.5,1.0
010_R205,10,R,1,4,OPTIMAL,131.1903,1,1,1,0,0,1.0,131.1903,0.0,0.0,90,2.0,0.5,1.0
010_R205,10,R,1,5,OPTIMAL,66.8382,1,1,1,0,0,1.0,66.8382,0.0,0.0,90,2.0,0.5,1.0
010_R205,10,R,1,6,OPTIMAL,91.7967,1,1,1,0,0,1.0,91.7967,0.0,0.0,90,2.0,0.5,1.0
010_R205,10,R,1,7,OPTIMAL,87.8294,1,1,1,0,0,1.0,87.8294,0.0,0.0,90,2.0,0.5,1.0
010_R205,10,R,1,8,OPTIMAL,102.8798,1,1,1,0,0,1.0,102.8798,0.0,0.0,90,2.0,0.5,1.0
010_R205,10,R,1,9,OPTIMAL,8.7097,1,0,0,0,1,0.0,0.0,0.0,8.7097,90,2.0,0.5,1.0
010_R205,10,R,2,0,OPTIMAL,229.5034,2,2,2,0,0,1.0,229.5034,0.0,0.0,90,2.0,0.5,1.0
010_R205,10,R,2,1,OPTIMAL,139.5843,2,2,2,0,0,1.0,139.5843,0.0,0.0,90,2.0,0.5,1.0
010_R205,10,R,2,2,OPTIMAL,176.417,2,2,1,1,0,1.0,176.417,0.0,0.0,90,2.0,0.5,1.0
010_R205,10,R,2,3,OPTIMAL,161.7419,2,2,2,0,0,1.0,161.7419,0.0,0.0,90,2.0,0.5,1.0
010_R205,10,R,2,4,OPTIMAL,78.1189,2,0,0,0,2,0.0,0.0,0.0,78.1189,90,2.0,0.5,1.0
010_R205,10,R,2,5,OPTIMAL,224.8257,2,2,1,1,0,1.0,224.8257,0.0,0.0,90,2.0,0.5,1.0
010_R205,10,R,2,6,OPTIMAL,123.9138,2,2,2,0,0,1.0,123.9138,0.0,0.0,90,2.0,0.5,1.0
010_R205,10,R,2,7,OPTIMAL,170.3028,2,2,2,0,0,1.0,170.3028,0.0,0.0,90,2.0,0.5,1.0
010_R205,10,R,2,8,OPTIMAL,79.8247,2,1,1,0,1,0.5,79.6269,0.0,0.1978,90,2.0,0.5,1.0
010_R205,10,R,2,9,OPTIMAL,1.7989,2,0,0,0,2,0.0,0.0,0.0,1.7989,90,2.0,0.5,1.0
010_R205,10,R,3,0,OPTIMAL,201.4206,3,2,2,0,1,0.6667,198.4797,0.0,2.9408,90,2.0,0.5,1.0
010_R205,10,R,3,1,OPTIMAL,301.4881,3,3,3,0,0,1.0,301.4881,0.0,0.0,90,2.0,0.5,1.0
010_R205,10,R,3,2,OPTIMAL,312.4054,3,3,2,1,0,1.0,312.4054,0.0,0.0,90,2.0,0.5,1.0
010_R205,10,R,3,3,OPTIMAL,285.8122,3,3,3,0,0,1.0,285.8122,0.0,0.0,90,2.0,0.5,1.0
010_R205,10,R,3,4,OPTIMAL,256.527,3,3,3,0,0,1.0,256.527,0.0,0.0,90,2.0,0.5,1.0
010_R205,10,R,3,5,OPTIMAL,192.8758,3,2,2,0,1,0.6667,192.8611,0.0,0.0148,90,2.0,0.5,1.0
010_R205,10,R,3,6,OPTIMAL,243.871,3,3,3,0,0,1.0,243.871,0.0,0.0,90,2.0,0.5,1.0
010_R205,10,R,3,7,OPTIMAL,213.3718,3,3,3,0,0,1.0,213.3718,0.0,0.0,90,2.0,0.5,1.0
010_R205,10,R,3,8,OPTIMAL,227.908,3,3,2,1,0,1.0,227.908,0.0,0.0,90,2.0,0.5,1.0
010_R205,10,R,3,9,OPTIMAL,149.6006,3,2,2,0,1,0.6667,148.507,0.0,1.0937,90,2.0,0.5,1.0
010_R206,10,R,1,0,OPTIMAL,82.2869,1,1,1,0,0,1.0,82.2869,0.0,0.0,90,2.0,0.5,1.0
010_R206,10,R,1,1,OPTIMAL,71.7725,1,1,1,0,0,1.0,71.7725,0.0,0.0,90,2.0,0.5,1.0
010_R206,10,R,1,2,OPTIMAL,38.7131,1,1,0,1,0,1.0,38.7131,0.0,0.0,90,2.0,0.5,1.0
010_R206,10,R,1,3,OPTIMAL,68.4865,1,1,1,0,0,1.0,68.4865,0.0,0.0,90,2.0,0.5,1.0
010_R206,10,R,1,4,OPTIMAL,131.1903,1,1,1,0,0,1.0,131.1903,0.0,0.0,90,2.0,0.5,1.0
010_R206,10,R,1,5,OPTIMAL,66.8382,1,1,1,0,0,1.0,66.8382,0.0,0.0,90,2.0,0.5,1.0
010_R206,10,R,1,6,OPTIMAL,91.7967,1,1,1,0,0,1.0,91.7967,0.0,0.0,90,2.0,0.5,1.0
010_R206,10,R,1,7,OPTIMAL,87.8294,1,1,1,0,0,1.0,87.8294,0.0,0.0,90,2.0,0.5,1.0
010_R206,10,R,1,8,OPTIMAL,102.8798,1,1,1,0,0,1.0,102.8798,0.0,0.0,90,2.0,0.5,1.0
010_R206,10,R,1,9,OPTIMAL,43.0043,1,1,1,0,0,1.0,43.0043,0.0,0.0,90,2.0,0.5,1.0
010_R206,10,R,2,0,OPTIMAL,229.5034,2,2,2,0,0,1.0,229.5034,0.0,0.0,90,2.0,0.5,1.0
010_R206,10,R,2,1,OPTIMAL,139.5843,2,2,2,0,0,1.0,139.5843,0.0,0.0,90,2.0,0.5,1.0
010_R206,10,R,2,2,OPTIMAL,176.417,2,2,1,1,0,1.0,176.417,0.0,0.0,90,2.0,0.5,1.0
010_R206,10,R,2,3,OPTIMAL,161.7419,2,2,2,0,0,1.0,161.7419,0.0,0.0,90,2.0,0.5,1.0
010_R206,10,R,2,4,OPTIMAL,133.7124,2,1,0,1,1,0.5,102.727,0.0,30.9854,90,2.0,0.5,1.0
010_R206,10,R,2,5,OPTIMAL,224.8257,2,2,1,1,0,1.0,224.8257,0.0,0.0,90,2.0,0.5,1.0
010_R206,10,R,2,6,OPTIMAL,123.9138,2,2,2,0,0,1.0,123.9138,0.0,0.0,90,2.0,0.5,1.0
010_R206,10,R,2,7,OPTIMAL,170.3028,2,2,2,0,0,1.0,170.3028,0.0,0.0,90,2.0,0.5,1.0
010_R206,10,R,2,8,OPTIMAL,79.8247,2,1,1,0,1,0.5,79.6269,0.0,0.1978,90,2.0,0.5,1.0
010_R206,10,R,2,9,OPTIMAL,89.1535,2,1,1,0,1,0.5,88.6313,0.0,0.5222,90,2.0,0.5,1.0
010_R206,10,R,3,0,OPTIMAL,201.4206,3,2,2,0,1,0.6667,198.4797,0.0,2.9408,90,2.0,0.5,1.0
010_R206,10,R,3,1,OPTIMAL,301.4881,3,3,3,0,0,1.0,301.4881,0.0,0.0,90,2.0,0.5,1.0
010_R206,10,R,3,2,OPTIMAL,312.4054,3,3,2,1,0,1.0,312.4054,0.0,0.0,90,2.0,0.5,1.0
010_R206,10,R,3,3,OPTIMAL,205.6582,3,2,2,0,1,0.6667,203.3581,0.0,2.3001,90,2.0,0.5,1.0
010_R206,10,R,3,4,OPTIMAL,256.527,3,3,3,0,0,1.0,256.527,0.0,0.0,90,2.0,0.5,1.0
010_R206,10,R,3,5,OPTIMAL,270.063,3,3,3,0,0,1.0,270.063,0.0,0.0,90,2.0,0.5,1.0
010_R206,10,R,3,6,OPTIMAL,243.871,3,3,3,0,0,1.0,243.871,0.0,0.0,90,2.0,0.5,1.0
010_R206,10,R,3,7,OPTIMAL,213.3718,3,3,3,0,0,1.0,213.3718,0.0,0.0,90,2.0,0.5,1.0
010_R206,10,R,3,8,OPTIMAL,227.908,3,3,3,0,0,1.0,227.908,0.0,0.0,90,2.0,0.5,1.0
010_R206,10,R,3,9,OPTIMAL,168.7582,3,2,2,0,1,0.6667,148.507,0.0,20.2513,90,2.0,0.5,1.0
010_R207,10,R,1,0,OPTIMAL,82.2869,1,1,1,0,0,1.0,82.2869,0.0,0.0,90,2.0,0.5,1.0
010_R207,10,R,1,1,OPTIMAL,71.7725,1,1,1,0,0,1.0,71.7725,0.0,0.0,90,2.0,0.5,1.0
010_R207,10,R,1,2,OPTIMAL,38.7131,1,1,0,1,0,1.0,38.7131,0.0,0.0,90,2.0,0.5,1.0
010_R207,10,R,1,3,OPTIMAL,68.4865,1,1,1,0,0,1.0,68.4865,0.0,0.0,90,2.0,0.5,1.0
010_R207,10,R,1,4,OPTIMAL,131.1903,1,1,1,0,0,1.0,131.1903,0.0,0.0,90,2.0,0.5,1.0
010_R207,10,R,1,5,OPTIMAL,66.8382,1,1,1,0,0,1.0,66.8382,0.0,0.0,90,2.0,0.5,1.0
010_R207,10,R,1,6,OPTIMAL,91.7967,1,1,1,0,0,1.0,91.7967,0.0,0.0,90,2.0,0.5,1.0
010_R207,10,R,1,7,OPTIMAL,87.8294,1,1,1,0,0,1.0,87.8294,0.0,0.0,90,2.0,0.5,1.0
010_R207,10,R,1,8,OPTIMAL,102.8798,1,1,1,0,0,1.0,102.8798,0.0,0.0,90,2.0,0.5,1.0
010_R207,10,R,1,9,OPTIMAL,43.0043,1,1,1,0,0,1.0,43.0043,0.0,0.0,90,2.0,0.5,1.0
010_R207,10,R,2,0,OPTIMAL,229.5034,2,2,2,0,0,1.0,229.5034,0.0,0.0,90,2.0,0.5,1.0
010_R207,10,R,2,1,OPTIMAL,139.5843,2,2,2,0,0,1.0,139.5843,0.0,0.0,90,2.0,0.5,1.0
010_R207,10,R,2,2,OPTIMAL,176.417,2,2,1,1,0,1.0,176.417,0.0,0.0,90,2.0,0.5,1.0
010_R207,10,R,2,3,OPTIMAL,161.7419,2,2,2,0,0,1.0,161.7419,0.0,0.0,90,2.0,0.5,1.0
010_R207,10,R,2,4,OPTIMAL,133.7124,2,1,0,1,1,0.5,102.727,0.0,30.9854,90,2.0,0.5,1.0
010_R207,10,R,2,5,OPTIMAL,224.8257,2,2,1,1,0,1.0,224.8257,0.0,0.0,90,2.0,0.5,1.0
010_R207,10,R,2,6,OPTIMAL,123.9138,2,2,2,0,0,1.0,123.9138,0.0,0.0,90,2.0,0.5,1.0
010_R207,10,R,2,7,OPTIMAL,170.3028,2,2,2,0,0,1.0,170.3028,0.0,0.0,90,2.0,0.5,1.0
010_R207,10,R,2,8,OPTIMAL,79.8247,2,1,1,0,1,0.5,79.6269,0.0,0.1978,90,2.0,0.5,1.0
010_R207,10,R,2,9,OPTIMAL,89.1535,2,1,1,0,1,0.5,88.6313,0.0,0.5222,90,2.0,0.5,1.0
010_R207,10,R,3,0,OPTIMAL,201.4206,3,2,2,0,1,0.6667,198.4797,0.0,2.9408,90,2.0,0.5,1.0
010_R207,10,R,3,1,OPTIMAL,301.4881,3,3,3,0,0,1.0,301.4881,0.0,0.0,90,2.0,0.5,1.0
010_R207,10,R,3,2,OPTIMAL,312.4054,3,3,2,1,0,1.0,312.4054,0.0,0.0,90,2.0,0.5,1.0
010_R207,10,R,3,3,OPTIMAL,205.6582,3,2,2,0,1,0.6667,203.3581,0.0,2.3001,90,2.0,0.5,1.0
010_R207,10,R,3,4,OPTIMAL,256.527,3,3,3,0,0,1.0,256.527,0.0,0.0,90,2.0,0.5,1.0
010_R207,10,R,3,5,OPTIMAL,270.063,3,3,3,0,0,1.0,270.063,0.0,0.0,90,2.0,0.5,1.0
010_R207,10,R,3,6,OPTIMAL,243.871,3,3,3,0,0,1.0,243.871,0.0,0.0,90,2.0,0.5,1.0
010_R207,10,R,3,7,OPTIMAL,213.3718,3,3,3,0,0,1.0,213.3718,0.0,0.0,90,2.0,0.5,1.0
010_R207,10,R,3,8,OPTIMAL,227.908,3,3,3,0,0,1.0,227.908,0.0,0.0,90,2.0,0.5,1.0
010_R207,10,R,3,9,OPTIMAL,168.7582,3,2,2,0,1,0.6667,148.507,0.0,20.2513,90,2.0,0.5,1.0
010_R208,10,R,1,0,OPTIMAL,82.2869,1,1,1,0,0,1.0,82.2869,0.0,0.0,90,2.0,0.5,1.0
010_R208,10,R,1,1,OPTIMAL,71.7725,1,1,1,0,0,1.0,71.7725,0.0,0.0,90,2.0,0.5,1.0
010_R208,10,R,1,2,OPTIMAL,38.7131,1,1,0,1,0,1.0,38.7131,0.0,0.0,90,2.0,0.5,1.0
010_R208,10,R,1,3,OPTIMAL,68.4865,1,1,1,0,0,1.0,68.4865,0.0,0.0,90,2.0,0.5,1.0
010_R208,10,R,1,4,OPTIMAL,131.1903,1,1,1,0,0,1.0,131.1903,0.0,0.0,90,2.0,0.5,1.0
010_R208,10,R,1,5,OPTIMAL,66.8382,1,1,1,0,0,1.0,66.8382,0.0,0.0,90,2.0,0.5,1.0
010_R208,10,R,1,6,OPTIMAL,91.7967,1,1,1,0,0,1.0,91.7967,0.0,0.0,90,2.0,0.5,1.0
010_R208,10,R,1,7,OPTIMAL,87.8294,1,1,1,0,0,1.0,87.8294,0.0,0.0,90,2.0,0.5,1.0
010_R208,10,R,1,8,OPTIMAL,102.8798,1,1,1,0,0,1.0,102.8798,0.0,0.0,90,2.0,0.5,1.0
010_R208,10,R,1,9,OPTIMAL,43.0043,1,1,1,0,0,1.0,43.0043,0.0,0.0,90,2.0,0.5,1.0
010_R208,10,R,2,0,OPTIMAL,229.5034,2,2,2,0,0,1.0,229.5034,0.0,0.0,90,2.0,0.5,1.0
010_R208,10,R,2,1,OPTIMAL,139.5843,2,2,2,0,0,1.0,139.5843,0.0,0.0,90,2.0,0.5,1.0
010_R208,10,R,2,2,OPTIMAL,176.417,2,2,1,1,0,1.0,176.417,0.0,0.0,90,2.0,0.5,1.0
010_R208,10,R,2,3,OPTIMAL,161.7419,2,2,2,0,0,1.0,161.7419,0.0,0.0,90,2.0,0.5,1.0
010_R208,10,R,2,4,OPTIMAL,231.5833,2,2,2,0,0,1.0,231.5833,0.0,0.0,90,2.0,0.5,1.0
010_R208,10,R,2,5,OPTIMAL,224.8257,2,2,1,1,0,1.0,224.8257,0.0,0.0,90,2.0,0.5,1.0
010_R208,10,R,2,6,OPTIMAL,123.9138,2,2,2,0,0,1.0,123.9138,0.0,0.0,90,2.0,0.5,1.0
010_R208,10,R,2,7,OPTIMAL,170.3028,2,2,2,0,0,1.0,170.3028,0.0,0.0,90,2.0,0.5,1.0
010_R208,10,R,2,8,OPTIMAL,134.5313,2,2,1,1,0,1.0,134.5313,0.0,0.0,90,2.0,0.5,1.0
010_R208,10,R,2,9,OPTIMAL,184.4491,2,2,2,0,0,1.0,184.4491,0.0,0.0,90,2.0,0.5,1.0
010_R208,10,R,3,0,OPTIMAL,328.6917,3,3,2,1,0,1.0,328.6917,0.0,0.0,90,2.0,0.5,1.0
010_R208,10,R,3,1,OPTIMAL,301.4881,3,3,3,0,0,1.0,301.4881,0.0,0.0,90,2.0,0.5,1.0
010_R208,10,R,3,2,OPTIMAL,312.4054,3,3,2,1,0,1.0,312.4054,0.0,0.0,90,2.0,0.5,1.0
010_R208,10,R,3,3,OPTIMAL,231.4732,3,2,2,0,1,0.6667,203.3581,0.0,28.1151,90,2.0,0.5,1.0
010_R208,10,R,3,4,OPTIMAL,256.527,3,3,3,0,0,1.0,256.527,0.0,0.0,90,2.0,0.5,1.0
010_R208,10,R,3,5,OPTIMAL,270.063,3,3,3,0,0,1.0,270.063,0.0,0.0,90,2.0,0.5,1.0
010_R208,10,R,3,6,OPTIMAL,243.871,3,3,3,0,0,1.0,243.871,0.0,0.0,90,2.0,0.5,1.0
010_R208,10,R,3,7,OPTIMAL,213.3718,3,3,3,0,0,1.0,213.3718,0.0,0.0,90,2.0,0.5,1.0
010_R208,10,R,3,8,OPTIMAL,227.908,3,3,3,0,0,1.0,227.908,0.0,0.0,90,2.0,0.5,1.0
010_R208,10,R,3,9,OPTIMAL,149.6006,3,2,2,0,1,0.6667,148.507,0.0,1.0937,90,2.0,0.5,1.0
010_R209,10,R,1,0,OPTIMAL,82.2869,1,1,1,0,0,1.0,82.2869,0.0,0.0,90,2.0,0.5,1.0
010_R209,10,R,1,1,OPTIMAL,71.7725,1,1,1,0,0,1.0,71.7725,0.0,0.0,90,2.0,0.5,1.0
010_R209,10,R,1,2,OPTIMAL,18.3701,1,0,0,0,1,0.0,0.0,0.0,18.3701,90,2.0,0.5,1.0
010_R209,10,R,1,3,OPTIMAL,68.4865,1,1,1,0,0,1.0,68.4865,0.0,0.0,90,2.0,0.5,1.0
010_R209,10,R,1,4,OPTIMAL,131.1903,1,1,1,0,0,1.0,131.1903,0.0,0.0,90,2.0,0.5,1.0
010_R209,10,R,1,5,OPTIMAL,66.8382,1,1,1,0,0,1.0,66.8382,0.0,0.0,90,2.0,0.5,1.0
010_R209,10,R,1,6,OPTIMAL,91.7967,1,1,1,0,0,1.0,91.7967,0.0,0.0,90,2.0,0.5,1.0
010_R209,10,R,1,7,OPTIMAL,87.8294,1,1,1,0,0,1.0,87.8294,0.0,0.0,90,2.0,0.5,1.0
010_R209,10,R,1,8,OPTIMAL,102.8798,1,1,1,0,0,1.0,102.8798,0.0,0.0,90,2.0,0.5,1.0
010_R209,10,R,1,9,OPTIMAL,1.0304,1,0,0,0,1,0.0,0.0,0.0,1.0304,90,2.0,0.5,1.0
010_R209,10,R,2,0,OPTIMAL,229.5034,2,2,2,0,0,1.0,229.5034,0.0,0.0,90,2.0,0.5,1.0
010_R209,10,R,2,1,OPTIMAL,139.5843,2,2,2,0,0,1.0,139.5843,0.0,0.0,90,2.0,0.5,1.0
010_R209,10,R,2,2,OPTIMAL,138.0508,2,1,1,0,1,0.5,101.1403,0.0,36.9105,90,2.0,0.5,1.0
010_R209,10,R,2,3,OPTIMAL,161.7419,2,2,2,0,0,1.0,161.7419,0.0,0.0,90,2.0,0.5,1.0
010_R209,10,R,2,4,OPTIMAL,133.7124,2,1,1,0,1,0.5,102.727,0.0,30.9854,90,2.0,0.5,1.0
010_R209,10,R,2,5,OPTIMAL,224.8257,2,2,2,0,0,1.0,224.8257,0.0,0.0,90,2.0,0.5,1.0
010_R209,10,R,2,6,OPTIMAL,123.9138,2,2,1,1,0,1.0,123.9138,0.0,0.0,90,2.0,0.5,1.0
010_R209,10,R,2,7,OPTIMAL,128.6812,2,1,1,0,1,0.5,115.8186,0.0,12.8626,90,2.0,0.5,1.0
010_R209,10,R,2,8,OPTIMAL,134.5313,2,2,2,0,0,1.0,134.5313,0.0,0.0,90,2.0,0.5,1.0
010_R209,10,R,2,9,OPTIMAL,89.1535,2,1,1,0,1,0.5,88.6313,0.0,0.5222,90,2.0,0.5,1.0
010_R209,10,R,3,0,OPTIMAL,328.6917,3,3,3,0,0,1.0,328.6917,0.0,0.0,90,2.0,0.5,1.0
010_R209,10,R,3,1,OPTIMAL,301.4881,3,3,2,1,0,1.0,301.4881,0.0,0.0,90,2.0,0.5,1.0
010_R209,10,R,3,2,OPTIMAL,247.4311,3,2,2,0,1,0.6667,227.208,0.0,20.2231,90,2.0,0.5,1.0
010_R209,10,R,3,3,OPTIMAL,231.4732,3,2,2,0,1,0.6667,203.3581,0.0,28.1151,90,2.0,0.5,1.0
010_R209,10,R,3,4,OPTIMAL,256.527,3,3,3,0,0,1.0,256.527,0.0,0.0,90,2.0,0.5,1.0
010_R209,10,R,3,5,OPTIMAL,192.8758,3,2,2,0,1,0.6667,192.8611,0.0,0.0148,90,2.0,0.5,1.0
010_R209,10,R,3,6,OPTIMAL,243.871,3,3,3,0,0,1.0,243.871,0.0,0.0,90,2.0,0.5,1.0
010_R209,10,R,3,7,OPTIMAL,213.3718,3,3,2,1,0,1.0,213.3718,0.0,0.0,90,2.0,0.5,1.0
010_R209,10,R,3,8,OPTIMAL,227.908,3,3,3,0,0,1.0,227.908,0.0,0.0,90,2.0,0.5,1.0
010_R209,10,R,3,9,OPTIMAL,149.6006,3,2,2,0,1,0.6667,148.507,0.0,1.0937,90,2.0,0.5,1.0
010_R210,10,R,1,0,OPTIMAL,82.2869,1,1,1,0,0,1.0,82.2869,0.0,0.0,90,2.0,0.5,1.0
010_R210,10,R,1,1,OPTIMAL,71.7725,1,1,1,0,0,1.0,71.7725,0.0,0.0,90,2.0,0.5,1.0
010_R210,10,R,1,2,OPTIMAL,38.7131,1,1,1,0,0,1.0,38.7131,0.0,0.0,90,2.0,0.5,1.0
010_R210,10,R,1,3,OPTIMAL,68.4865,1,1,1,0,0,1.0,68.4865,0.0,0.0,90,2.0,0.5,1.0
010_R210,10,R,1,4,OPTIMAL,32.1805,1,0,0,0,1,0.0,0.0,0.0,32.1805,90,2.0,0.5,1.0
010_R210,10,R,1,5,OPTIMAL,66.8382,1,1,1,0,0,1.0,66.8382,0.0,0.0,90,2.0,0.5,1.0
010_R210,10,R,1,6,OPTIMAL,91.7967,1,1,1,0,0,1.0,91.7967,0.0,0.0,90,2.0,0.5,1.0
010_R210,10,R,1,7,OPTIMAL,87.8294,1,1,1,0,0,1.0,87.8294,0.0,0.0,90,2.0,0.5,1.0
010_R210,10,R,1,8,OPTIMAL,102.8798,1,1,1,0,0,1.0,102.8798,0.0,0.0,90,2.0,0.5,1.0
010_R210,10,R,1,9,OPTIMAL,43.0043,1,1,1,0,0,1.0,43.0043,0.0,0.0,90,2.0,0.5,1.0
010_R210,10,R,2,0,OPTIMAL,229.5034,2,2,2,0,0,1.0,229.5034,0.0,0.0,90,2.0,0.5,1.0
010_R210,10,R,2,1,OPTIMAL,87.2537,2,1,1,0,1,0.5,85.2285,0.0,2.0252,90,2.0,0.5,1.0
010_R210,10,R,2,2,OPTIMAL,176.417,2,2,2,0,0,1.0,176.417,0.0,0.0,90,2.0,0.5,1.0
010_R210,10,R,2,3,OPTIMAL,161.7419,2,2,2,0,0,1.0,161.7419,0.0,0.0,90,2.0,0.5,1.0
010_R210,10,R,2,4,OPTIMAL,222.5524,2,1,1,0,1,0.5,128.8563,0.0,93.6961,90,2.0,0.5,1.0
010_R210,10,R,2,5,OPTIMAL,224.8257,2,2,2,0,0,1.0,224.8257,0.0,0.0,90,2.0,0.5,1.0
010_R210,10,R,2,6,OPTIMAL,100.5877,2,1,1,0,1,0.5,81.6842,0.0,18.9035,90,2.0,0.5,1.0
010_R210,10,R,2,7,OPTIMAL,121.9908,2,1,1,0,1,0.5,115.8186,0.0,6.1722,90,2.0,0.5,1.0
010_R210,10,R,2,8,OPTIMAL,91.435,2,0,0,0,2,0.0,0.0,0.0,91.435,90,2.0,0.5,1.0
010_R210,10,R,2,9,OPTIMAL,102.382,2,1,1,0,1,0.5,95.8178,0.0,6.5642,90,2.0,0.5,1.0
010_R210,10,R,3,0,OPTIMAL,281.4391,3,2,2,0,1,0.6667,242.3912,0.0,39.0478,90,2.0,0.5,1.0
010_R210,10,R,3,1,OPTIMAL,208.1001,3,2,2,0,1,0.6667,172.8048,0.0,35.2953,90,2.0,0.5,1.0
010_R210,10,R,3,2,OPTIMAL,312.4054,3,3,2,1,0,1.0,312.4054,0.0,0.0,90,2.0,0.5,1.0
010_R210,10,R,3,3,OPTIMAL,221.3098,3,2,1,1,1,0.6667,203.3581,0.0,17.9516,90,2.0,0.5,1.0
010_R210,10,R,3,4,OPTIMAL,153.3211,3,2,2,0,1,0.6667,149.033,0.0,4.2881,90,2.0,0.5,1.0
010_R210,10,R,3,5,OPTIMAL,270.063,3,3,3,0,0,1.0,270.063,0.0,0.0,90,2.0,0.5,1.0
010_R210,10,R,3,6,OPTIMAL,173.2729,3,2,2,0,1,0.6667,166.8732,0.0,6.3997,90,2.0,0.5,1.0
010_R210,10,R,3,7,OPTIMAL,157.2693,3,2,2,0,1,0.6667,132.4953,0.0,24.774,90,2.0,0.5,1.0
010_R210,10,R,3,8,OPTIMAL,203.9068,3,2,2,0,1,0.6667,183.627,0.0,20.2798,90,2.0,0.5,1.0
010_R210,10,R,3,9,OPTIMAL,178.8379,3,2,2,0,1,0.6667,148.507,0.0,30.3309,90,2.0,0.5,1.0
010_R211,10,R,1,0,OPTIMAL,82.2869,1,1,1,0,0,1.0,82.2869,0.0,0.0,90,2.0,0.5,1.0
010_R211,10,R,1,1,OPTIMAL,71.7725,1,1,1,0,0,1.0,71.7725,0.0,0.0,90,2.0,0.5,1.0
010_R211,10,R,1,2,OPTIMAL,38.7131,1,1,1,0,0,1.0,38.7131,0.0,0.0,90,2.0,0.5,1.0
010_R211,10,R,1,3,OPTIMAL,68.4865,1,1,1,0,0,1.0,68.4865,0.0,0.0,90,2.0,0.5,1.0
010_R211,10,R,1,4,OPTIMAL,131.1903,1,1,1,0,0,1.0,131.1903,0.0,0.0,90,2.0,0.5,1.0
010_R211,10,R,1,5,OPTIMAL,66.8382,1,1,1,0,0,1.0,66.8382,0.0,0.0,90,2.0,0.5,1.0
010_R211,10,R,1,6,OPTIMAL,91.7967,1,1,1,0,0,1.0,91.7967,0.0,0.0,90,2.0,0.5,1.0
010_R211,10,R,1,7,OPTIMAL,87.8294,1,1,1,0,0,1.0,87.8294,0.0,0.0,90,2.0,0.5,1.0
010_R211,10,R,1,8,OPTIMAL,27.0504,1,0,0,0,1,0.0,0.0,0.0,27.0504,90,2.0,0.5,1.0
010_R211,10,R,1,9,OPTIMAL,1.0304,1,0,0,0,1,0.0,0.0,0.0,1.0304,90,2.0,0.5,1.0
010_R211,10,R,2,0,OPTIMAL,229.5034,2,2,2,0,0,1.0,229.5034,0.0,0.0,90,2.0,0.5,1.0
010_R211,10,R,2,1,OPTIMAL,93.447,2,1,1,0,1,0.5,85.2285,0.0,8.2186,90,2.0,0.5,1.0
010_R211,10,R,2,2,OPTIMAL,176.417,2,2,2,0,0,1.0,176.417,0.0,0.0,90,2.0,0.5,1.0
010_R211,10,R,2,3,OPTIMAL,161.7419,2,2,2,0,0,1.0,161.7419,0.0,0.0,90,2.0,0.5,1.0
010_R211,10,R,2,4,OPTIMAL,156.6509,2,1,0,1,1,0.5,128.8563,0.0,27.7946,90,2.0,0.5,1.0
010_R211,10,R,2,5,OPTIMAL,224.8257,2,2,2,0,0,1.0,224.8257,0.0,0.0,90,2.0,0.5,1.0
010_R211,10,R,2,6,OPTIMAL,89.9788,2,1,0,1,1,0.5,81.6842,0.0,8.2947,90,2.0,0.5,1.0
010_R211,10,R,2,7,OPTIMAL,75.5779,2,1,1,0,1,0.5,54.4842,0.0,21.0938,90,2.0,0.5,1.0
010_R211,10,R,2,8,OPTIMAL,52.5378,2,0,0,0,2,0.0,0.0,0.0,52.5378,90,2.0,0.5,1.0
010_R211,10,R,2,9,OPTIMAL,184.4491,2,2,1,1,0,1.0,184.4491,0.0,0.0,90,2.0,0.5,1.0
010_R211,10,R,3,0,OPTIMAL,237.4685,3,2,1,1,1,0.6667,216.5124,0.0,20.9561,90,2.0,0.5,1.0
010_R211,10,R,3,1,OPTIMAL,244.11,3,2,1,1,1,0.6667,172.8048,0.0,71.3051,90,2.0,0.5,1.0
010_R211,10,R,3,2,OPTIMAL,312.4054,3,3,3,0,0,1.0,312.4054,0.0,0.0,90,2.0,0.5,1.0
010_R211,10,R,3,3,OPTIMAL,285.8122,3,3,3,0,0,1.0,285.8122,0.0,0.0,90,2.0,0.5,1.0
010_R211,10,R,3,4,OPTIMAL,256.527,3,3,3,0,0,1.0,256.527,0.0,0.0,90,2.0,0.5,1.0
010_R211,10,R,3,5,OPTIMAL,198.3775,3,2,2,0,1,0.6667,192.8611,0.0,5.5164,90,2.0,0.5,1.0
010_R211,10,R,3,6,OPTIMAL,205.0245,3,2,2,0,1,0.6667,166.8732,0.0,38.1513,90,2.0,0.5,1.0
010_R211,10,R,3,7,OPTIMAL,74.337,3,1,0,1,2,0.3333,73.2886,0.0,1.0484,90,2.0,0.5,1.0
010_R211,10,R,3,8,OPTIMAL,193.372,3,2,2,0,1,0.6667,183.627,0.0,9.7449,90,2.0,0.5,1.0
010_R211,10,R,3,9,OPTIMAL,213.0056,3,3,3,0,0,1.0,213.0056,0.0,0.0,90,2.0,0.5,1.0
010_RC101,10,RC,1,0,OPTIMAL,14.8659,1,0,0,0,1,0.0,0.0,0.0,14.8659,90,2.0,0.5,1.0
010_RC101,10,RC,1,1,OPTIMAL,13.2806,1,0,0,0,1,0.0,0.0,0.0,13.2806,90,2.0,0.5,1.0
010_RC101,10,RC,1,2,OPTIMAL,149.1033,1,1,1,0,0,1.0,149.1033,0.0,0.0,90,2.0,0.5,1.0
010_RC101,10,RC,1,3,OPTIMAL,0.3421,1,0,0,0,1,0.0,0.0,0.0,0.3421,90,2.0,0.5,1.0
010_RC101,10,RC,1,4,OPTIMAL,0.5392,1,0,0,0,1,0.0,0.0,0.0,0.5392,90,2.0,0.5,1.0
010_RC101,10,RC,1,5,OPTIMAL,9.0115,1,0,0,0,1,0.0,0.0,0.0,9.0115,90,2.0,0.5,1.0
010_RC101,10,RC,1,6,OPTIMAL,0.5254,1,0,0,0,1,0.0,0.0,0.0,0.5254,90,2.0,0.5,1.0
010_RC101,10,RC,1,7,OPTIMAL,13.6041,1,0,0,0,1,0.0,0.0,0.0,13.6041,90,2.0,0.5,1.0
010_RC101,10,RC,1,8,OPTIMAL,16.4088,1,0,0,0,1,0.0,0.0,0.0,16.4088,90,2.0,0.5,1.0
010_RC101,10,RC,1,9,OPTIMAL,10.962,1,0,0,0,1,0.0,0.0,0.0,10.962,90,2.0,0.5,1.0
010_RC101,10,RC,2,0,OPTIMAL,151.0494,2,1,1,0,1,0.5,147.5034,0.0,3.546,90,2.0,0.5,1.0
010_RC101,10,RC,2,1,OPTIMAL,160.8406,2,1,1,0,1,0.5,156.5219,0.0,4.3187,90,2.0,0.5,1.0
010_RC101,10,RC,2,2,OPTIMAL,171.6541,2,1,1,0,1,0.5,163.9483,0.0,7.7058,90,2.0,0.5,1.0
010_RC101,10,RC,2,3,OPTIMAL,260.7301,2,1,1,0,1,0.5,171.0556,0.0,89.6746,90,2.0,0.5,1.0
010_RC101,10,RC,2,4,OPTIMAL,160.8662,2,1,1,0,1,0.5,160.5718,0.0,0.2944,90,2.0,0.5,1.0
010_RC101,10,RC,2,5,OPTIMAL,15.0904,2,0,0,0,2,0.0,0.0,0.0,15.0904,90,2.0,0.5,1.0
010_RC101,10,RC,2,6,OPTIMAL,9.9558,2,0,0,0,2,0.0,0.0,0.0,9.9558,90,2.0,0.5,1.0
010_RC101,10,RC,2,7,OPTIMAL,282.1744,2,2,2,0,0,1.0,282.1744,0.0,0.0,90,2.0,0.5,1.0
010_RC101,10,RC,2,8,OPTIMAL,228.8572,2,1,1,0,1,0.5,146.8198,0.0,82.0374,90,2.0,0.5,1.0
010_RC101,10,RC,2,9,OPTIMAL,18.5708,2,0,0,0,2,0.0,0.0,0.5345,18.0364,90,2.0,0.5,1.0
010_RC101,10,RC,3,0,OPTIMAL,336.0844,3,2,2,0,1,0.6667,324.8127,0.0,11.2717,90,2.0,0.5,1.0
010_RC101,10,RC,3,1,OPTIMAL,150.5094,3,1,1,0,2,0.3333,147.2878,0.0,3.2216,90,2.0,0.5,1.0
010_RC101,10,RC,3,2,OPTIMAL,332.7946,3,2,2,0,1,0.6667,327.9094,0.0,4.8852,90,2.0,0.5,1.0
010_RC101,10,RC,3,3,OPTIMAL,46.0678,3,0,0,0,3,0.0,0.0,0.0,46.0678,90,2.0,0.5,1.0
010_RC101,10,RC,3,4,OPTIMAL,235.4931,3,1,1,0,2,0.3333,189.8847,3.6212,41.9872,90,2.0,0.5,1.0
010_RC101,10,RC,3,5,OPTIMAL,135.338,3,1,1,0,2,0.3333,123.2935,0.0,12.0445,90,2.0,0.5,1.0
010_RC101,10,RC,3,6,OPTIMAL,162.8145,3,1,1,0,2,0.3333,154.5814,0.0,8.2331,90,2.0,0.5,1.0
010_RC101,10,RC,3,7,OPTIMAL,19.9272,3,0,0,0,3,0.0,0.0,0.7602,19.1671,90,2.0,0.5,1.0
010_RC101,10,RC,3,8,OPTIMAL,174.3054,3,1,1,0,2,0.3333,163.4758,0.0,10.8296,90,2.0,0.5,1.0
010_RC101,10,RC,3,9,OPTIMAL,146.2897,3,1,1,0,2,0.3333,126.6229,0.0,19.6668,90,2.0,0.5,1.0
010_RC102,10,RC,1,0,OPTIMAL,8.5799,1,0,0,0,1,0.0,0.0,0.0,8.5799,90,2.0,0.5,1.0
010_RC102,10,RC,1,1,OPTIMAL,6.6403,1,0,0,0,1,0.0,0.0,0.0,6.6403,90,2.0,0.5,1.0
010_RC102,10,RC,1,2,OPTIMAL,149.1033,1,1,1,0,0,1.0,149.1033,0.0,0.0,90,2.0,0.5,1.0
010_RC102,10,RC,1,3,OPTIMAL,0.3421,1,0,0,0,1,0.0,0.0,0.0,0.3421,90,2.0,0.5,1.0
010_RC102,10,RC,1,4,OPTIMAL,5.9336,1,0,0,0,1,0.0,0.0,0.0,5.9336,90,2.0,0.5,1.0
010_RC102,10,RC,1,5,OPTIMAL,4.5058,1,0,0,0,1,0.0,0.0,0.0,4.5058,90,2.0,0.5,1.0
010_RC102,10,RC,1,6,OPTIMAL,0.5254,1,0,0,0,1,0.0,0.0,0.0,0.5254,90,2.0,0.5,1.0
010_RC102,10,RC,1,7,OPTIMAL,13.6041,1,0,0,0,1,0.0,0.0,0.0,13.6041,90,2.0,0.5,1.0
010_RC102,10,RC,1,8,OPTIMAL,16.4088,1,0,0,0,1,0.0,0.0,0.0,16.4088,90,2.0,0.5,1.0
010_RC102,10,RC,1,9,OPTIMAL,5.481,1,0,0,0,1,0.0,0.0,0.0,5.481,90,2.0,0.5,1.0
010_RC102,10,RC,2,0,OPTIMAL,296.1534,2,2,2,0,0,1.0,296.1534,0.0,0.0,90,2.0,0.5,1.0
010_RC102,10,RC,2,1,OPTIMAL,285.9878,2,2,2,0,0,1.0,285.9878,0.0,0.0,90,2.0,0.5,1.0
010_RC102,10,RC,2,2,OPTIMAL,216.6258,2,1,1,0,1,0.5,163.9483,0.0,52.6775,90,2.0,0.5,1.0
010_RC102,10,RC,2,3,OPTIMAL,302.2819,2,2,2,0,0,1.0,302.2819,0.0,0.0,90,2.0,0.5,1.0
010_RC102,10,RC,2,4,OPTIMAL,160.8662,2,1,1,0,1,0.5,160.5718,0.0,0.2944,90,2.0,0.5,1.0
010_RC102,10,RC,2,5,OPTIMAL,143.378,2,1,1,0,1,0.5,132.1268,0.0,11.2512,90,2.0,0.5,1.0
010_RC102,10,RC,2,6,OPTIMAL,9.9558,2,0,0,0,2,0.0,0.0,0.0,9.9558,90,2.0,0.5,1.0
010_RC102,10,RC,2,7,OPTIMAL,160.9415,2,1,1,0,1,0.5,153.9293,0.0,7.0123,90,2.0,0.5,1.0
010_RC102,10,RC,2,8,OPTIMAL,272.8937,2,2,2,0,0,1.0,272.8937,0.0,0.0,90,2.0,0.5,1.0
010_RC102,10,RC,2,9,OPTIMAL,9.3896,2,0,0,0,2,0.0,0.0,0.0,9.3896,90,2.0,0.5,1.0
010_RC102,10,RC,3,0,OPTIMAL,336.664,3,2,2,0,1,0.6667,324.8127,0.0,11.8513,90,2.0,0.5,1.0
010_RC102,10,RC,3,1,OPTIMAL,148.9171,3,1,1,0,2,0.3333,147.2878,0.0,1.6293,90,2.0,0.5,1.0
010_RC102,10,RC,3,2,OPTIMAL,351.1622,3,2,2,0,1,0.6667,341.5112,0.0,9.6511,90,2.0,0.5,1.0
010_RC102,10,RC,3,3,OPTIMAL,166.2028,3,1,1,0,2,0.3333,163.7463,0.0,2.4565,90,2.0,0.5,1.0
010_RC102,10,RC,3,4,OPTIMAL,206.9568,3,1,1,0,2,0.3333,189.8847,0.0,17.072,90,2.0,0.5,1.0
010_RC102,10,RC,3,5,OPTIMAL,165.4801,3,1,1,0,2,0.3333,155.6558,0.0,9.8242,90,2.0,0.5,1.0
010_RC102,10,RC,3,6,OPTIMAL,159.0063,3,1,1,0,2,0.3333,154.5814,0.0,4.4249,90,2.0,0.5,1.0
010_RC102,10,RC,3,7,OPTIMAL,154.414,3,1,1,0,2,0.3333,151.2922,0.0,3.1217,90,2.0,0.5,1.0
010_RC102,10,RC,3,8,OPTIMAL,206.9179,3,1,1,0,2,0.3333,163.4758,0.0,43.4422,90,2.0,0.5,1.0
010_RC102,10,RC,3,9,OPTIMAL,128.0152,3,1,1,0,2,0.3333,126.6229,0.0,1.3923,90,2.0,0.5,1.0
010_RC103,10,RC,1,0,OPTIMAL,8.5799,1,0,0,0,1,0.0,0.0,0.0,8.5799,90,2.0,0.5,1.0
010_RC103,10,RC,1,1,OPTIMAL,6.6403,1,0,0,0,1,0.0,0.0,0.0,6.6403,90,2.0,0.5,1.0
010_RC103,10,RC,1,2,OPTIMAL,149.1033,1,1,1,0,0,1.0,149.1033,0.0,0.0,90,2.0,0.5,1.0
010_RC103,10,RC,1,3,OPTIMAL,143.1071,1,1,1,0,0,1.0,143.1071,0.0,0.0,90,2.0,0.5,1.0
010_RC103,10,RC,1,4,OPTIMAL,5.9336,1,0,0,0,1,0.0,0.0,0.0,5.9336,90,2.0,0.5,1.0
010_RC103,10,RC,1,5,OPTIMAL,4.5058,1,0,0,0,1,0.0,0.0,0.0,4.5058,90,2.0,0.5,1.0
010_RC103,10,RC,1,6,OPTIMAL,53.731,1,0,0,0,1,0.0,0.0,0.0,53.731,90,2.0,0.5,1.0
010_RC103,10,RC,1,7,OPTIMAL,167.3145,1,1,1,0,0,1.0,167.3145,0.0,0.0,90,2.0,0.5,1.0
010_RC103,10,RC,1,8,OPTIMAL,53.5489,1,0,0,0,1,0.0,0.0,0.0,53.5489,90,2.0,0.5,1.0
010_RC103,10,RC,1,9,OPTIMAL,5.481,1,0,0,0,1,0.0,0.0,0.0,5.481,90,2.0,0.5,1.0
010_RC103,10,RC,2,0,OPTIMAL,296.1534,2,2,2,0,0,1.0,296.1534,0.0,0.0,90,2.0,0.5,1.0
010_RC103,10,RC,2,1,OPTIMAL,131.7669,2,1,1,0,1,0.5,129.4659,0.0,2.3009,90,2.0,0.5,1.0
010_RC103,10,RC,2,2,OPTIMAL,216.6258,2,1,1,0,1,0.5,163.9483,0.0,52.6775,90,2.0,0.5,1.0
010_RC103,10,RC,2,3,OPTIMAL,302.2819,2,2,2,0,0,1.0,302.2819,0.0,0.0,90,2.0,0.5,1.0
010_RC103,10,RC,2,4,OPTIMAL,293.3492,2,2,2,0,0,1.0,293.3492,0.0,0.0,90,2.0,0.5,1.0
010_RC103,10,RC,2,5,OPTIMAL,138.0656,2,1,1,0,1,0.5,132.1268,0.0,5.9389,90,2.0,0.5,1.0
010_RC103,10,RC,2,6,OPTIMAL,172.6364,2,1,1,0,1,0.5,159.5106,0.0,13.1257,90,2.0,0.5,1.0
010_RC103,10,RC,2,7,OPTIMAL,5.343,2,0,0,0,2,0.0,0.0,0.0,5.343,90,2.0,0.5,1.0
010_RC103,10,RC,2,8,OPTIMAL,272.8937,2,2,2,0,0,1.0,272.8937,0.0,0.0,90,2.0,0.5,1.0
010_RC103,10,RC,2,9,OPTIMAL,147.0004,2,1,1,0,1,0.5,139.5042,0.0,7.4962,90,2.0,0.5,1.0
010_RC103,10,RC,3,0,OPTIMAL,152.4715,3,1,0,1,2,0.3333,145.7161,0.0,6.7554,90,2.0,0.5,1.0
010_RC103,10,RC,3,1,OPTIMAL,186.2965,3,1,1,0,2,0.3333,147.2878,0.0,39.0087,90,2.0,0.5,1.0
010_RC103,10,RC,3,2,OPTIMAL,174.2847,3,1,1,0,2,0.3333,150.7053,0.0,23.5794,90,2.0,0.5,1.0
010_RC103,10,RC,3,3,OPTIMAL,188.1757,3,1,1,0,2,0.3333,163.7463,0.0,24.4294,90,2.0,0.5,1.0
010_RC103,10,RC,3,4,OPTIMAL,201.9876,3,1,1,0,2,0.3333,189.8847,0.0,12.1029,90,2.0,0.5,1.0
010_RC103,10,RC,3,5,OPTIMAL,202.588,3,1,1,0,2,0.3333,155.6558,0.0,46.9321,90,2.0,0.5,1.0
010_RC103,10,RC,3,6,OPTIMAL,148.9481,3,1,0,1,2,0.3333,141.4802,0.0,7.4679,90,2.0,0.5,1.0
010_RC103,10,RC,3,7,OPTIMAL,152.8531,3,1,1,0,2,0.3333,151.2922,0.0,1.5609,90,2.0,0.5,1.0
010_RC103,10,RC,3,8,OPTIMAL,44.6194,3,0,0,0,3,0.0,0.0,0.0,44.6194,90,2.0,0.5,1.0
010_RC103,10,RC,3,9,OPTIMAL,169.0001,3,1,1,0,2,0.3333,126.6229,0.0,42.3772,90,2.0,0.5,1.0
010_RC104,10,RC,1,0,OPTIMAL,9.76,1,0,0,0,1,0.0,0.0,0.0,9.76,90,2.0,0.5,1.0
010_RC104,10,RC,1,1,OPTIMAL,9.6725,1,0,0,0,1,0.0,0.0,0.0,9.6725,90,2.0,0.5,1.0
010_RC104,10,RC,1,2,OPTIMAL,149.1033,1,1,1,0,0,1.0,149.1033,0.0,0.0,90,2.0,0.5,1.0
010_RC104,10,RC,1,3,OPTIMAL,143.1071,1,1,1,0,0,1.0,143.1071,0.0,0.0,90,2.0,0.5,1.0
010_RC104,10,RC,1,4,OPTIMAL,5.9336,1,0,0,0,1,0.0,0.0,0.0,5.9336,90,2.0,0.5,1.0
010_RC104,10,RC,1,5,OPTIMAL,0.0746,1,0,0,0,1,0.0,0.0,0.0,0.0746,90,2.0,0.5,1.0
010_RC104,10,RC,1,6,OPTIMAL,53.731,1,0,0,0,1,0.0,0.0,0.0,53.731,90,2.0,0.5,1.0
010_RC104,10,RC,1,7,OPTIMAL,167.3145,1,1,1,0,0,1.0,167.3145,0.0,0.0,90,2.0,0.5,1.0
010_RC104,10,RC,1,8,OPTIMAL,172.8905,1,1,1,0,0,1.0,172.8905,0.0,0.0,90,2.0,0.5,1.0
010_RC104,10,RC,1,9,OPTIMAL,128.0604,1,1,1,0,0,1.0,128.0604,0.0,0.0,90,2.0,0.5,1.0
010_RC104,10,RC,2,0,OPTIMAL,296.1534,2,2,2,0,0,1.0,296.1534,0.0,0.0,90,2.0,0.5,1.0
010_RC104,10,RC,2,1,OPTIMAL,131.7669,2,1,1,0,1,0.5,129.4659,0.0,2.3009,90,2.0,0.5,1.0
010_RC104,10,RC,2,2,OPTIMAL,320.7822,2,2,2,0,0,1.0,320.7822,0.0,0.0,90,2.0,0.5,1.0
010_RC104,10,RC,2,3,OPTIMAL,302.2819,2,2,2,0,0,1.0,302.2819,0.0,0.0,90,2.0,0.5,1.0
010_RC104,10,RC,2,4,OPTIMAL,293.3492,2,2,2,0,0,1.0,293.3492,0.0,0.0,90,2.0,0.5,1.0
010_RC104,10,RC,2,5,OPTIMAL,138.0656,2,1,1,0,1,0.5,132.1268,0.0,5.9389,90,2.0,0.5,1.0
010_RC104,10,RC,2,6,OPTIMAL,172.6364,2,1,1,0,1,0.5,159.5106,0.0,13.1257,90,2.0,0.5,1.0
010_RC104,10,RC,2,7,OPTIMAL,5.343,2,0,0,0,2,0.0,0.0,0.0,5.343,90,2.0,0.5,1.0
010_RC104,10,RC,2,8,OPTIMAL,272.8937,2,2,2,0,0,1.0,272.8937,0.0,0.0,90,2.0,0.5,1.0
010_RC104,10,RC,2,9,OPTIMAL,147.0004,2,1,1,0,1,0.5,139.5042,0.0,7.4962,90,2.0,0.5,1.0
010_RC104,10,RC,3,0,OPTIMAL,152.4715,3,1,0,1,2,0.3333,145.7161,0.0,6.7554,90,2.0,0.5,1.0
010_RC104,10,RC,3,1,OPTIMAL,282.2107,3,2,2,0,1,0.6667,281.4145,0.0,0.7962,90,2.0,0.5,1.0
010_RC104,10,RC,3,2,OPTIMAL,174.2847,3,1,1,0,2,0.3333,150.7053,0.0,23.5794,90,2.0,0.5,1.0
010_RC104,10,RC,3,3,OPTIMAL,188.1757,3,1,1,0,2,0.3333,163.7463,0.0,24.4294,90,2.0,0.5,1.0
010_RC104,10,RC,3,4,OPTIMAL,196.0137,3,1,1,0,2,0.3333,189.8847,0.0,6.129,90,2.0,0.5,1.0
010_RC104,10,RC,3,5,OPTIMAL,301.6727,3,2,2,0,1,0.6667,298.1246,0.0,3.5481,90,2.0,0.5,1.0
010_RC104,10,RC,3,6,OPTIMAL,148.9481,3,1,1,0,2,0.3333,141.4802,0.0,7.4679,90,2.0,0.5,1.0
010_RC104,10,RC,3,7,OPTIMAL,152.8531,3,1,1,0,2,0.3333,151.2922,0.0,1.5609,90,2.0,0.5,1.0
010_RC104,10,RC,3,8,OPTIMAL,132.942,3,1,1,0,2,0.3333,126.2161,0.0,6.7259,90,2.0,0.5,1.0
010_RC104,10,RC,3,9,OPTIMAL,169.0001,3,1,1,0,2,0.3333,126.6229,0.0,42.3772,90,2.0,0.5,1.0
010_RC105,10,RC,1,0,OPTIMAL,8.5799,1,0,0,0,1,0.0,0.0,0.0,8.5799,90,2.0,0.5,1.0
010_RC105,10,RC,1,1,OPTIMAL,6.6403,1,0,0,0,1,0.0,0.0,0.0,6.6403,90,2.0,0.5,1.0
010_RC105,10,RC,1,2,OPTIMAL,0.0336,1,0,0,0,1,0.0,0.0,0.0,0.0336,90,2.0,0.5,1.0
010_RC105,10,RC,1,3,OPTIMAL,0.415,1,0,0,0,1,0.0,0.0,0.0,0.415,90,2.0,0.5,1.0
010_RC105,10,RC,1,4,OPTIMAL,3.9557,1,0,0,0,1,0.0,0.0,0.0,3.9557,90,2.0,0.5,1.0
010_RC105,10,RC,1,5,OPTIMAL,0.0746,1,0,0,0,1,0.0,0.0,0.0,0.0746,90,2.0,0.5,1.0
010_RC105,10,RC,1,6,OPTIMAL,175.6041,1,1,1,0,0,1.0,175.6041,0.0,0.0,90,2.0,0.5,1.0
010_RC105,10,RC,1,7,OPTIMAL,0.4908,1,0,0,0,1,0.0,0.0,0.0,0.4908,90,2.0,0.5,1.0
010_RC105,10,RC,1,8,OPTIMAL,0.2516,1,0,0,0,1,0.0,0.0,0.0,0.2516,90,2.0,0.5,1.0
010_RC105,10,RC,1,9,OPTIMAL,5.481,1,0,0,0,1,0.0,0.0,0.0,5.481,90,2.0,0.5,1.0
010_RC105,10,RC,2,0,OPTIMAL,200.974,2,1,1,0,1,0.5,147.5034,0.0,53.4706,90,2.0,0.5,1.0
010_RC105,10,RC,2,1,OPTIMAL,285.9878,2,2,2,0,0,1.0,285.9878,0.0,0.0,90,2.0,0.5,1.0
010_RC105,10,RC,2,2,OPTIMAL,320.7822,2,2,2,0,0,1.0,320.7822,0.0,0.0,90,2.0,0.5,1.0
010_RC105,10,RC,2,3,OPTIMAL,302.2819,2,2,2,0,0,1.0,302.2819,0.0,0.0,90,2.0,0.5,1.0
010_RC105,10,RC,2,4,OPTIMAL,256.2893,2,1,1,0,1,0.5,160.5718,15.203,80.5144,90,2.0,0.5,1.0
010_RC105,10,RC,2,5,OPTIMAL,52.0062,2,0,0,0,2,0.0,0.0,0.0,52.0062,90,2.0,0.5,1.0
010_RC105,10,RC,2,6,OPTIMAL,147.605,2,1,1,0,1,0.5,145.989,0.0,1.616,90,2.0,0.5,1.0
010_RC105,10,RC,2,7,OPTIMAL,169.414,2,1,1,0,1,0.5,153.9293,0.0,15.4848,90,2.0,0.5,1.0
010_RC105,10,RC,2,8,OPTIMAL,173.0674,2,1,1,0,1,0.5,126.0739,0.0,46.9934,90,2.0,0.5,1.0
010_RC105,10,RC,2,9,OPTIMAL,9.5227,2,0,0,0,2,0.0,0.0,0.0,9.5227,90,2.0,0.5,1.0
010_RC105,10,RC,3,0,OPTIMAL,336.664,3,2,2,0,1,0.6667,324.8127,0.0,11.8513,90,2.0,0.5,1.0
010_RC105,10,RC,3,1,OPTIMAL,151.029,3,1,1,0,2,0.3333,147.2878,0.0,3.7412,90,2.0,0.5,1.0
010_RC105,10,RC,3,2,OPTIMAL,348.4798,3,2,2,0,1,0.6667,341.5112,0.0,6.9686,90,2.0,0.5,1.0
010_RC105,10,RC,3,3,OPTIMAL,319.7694,3,2,2,0,1,0.6667,318.136,0.0,1.6334,90,2.0,0.5,1.0
010_RC105,10,RC,3,4,OPTIMAL,202.4504,3,1,1,0,2,0.3333,189.8847,0.0,12.5657,90,2.0,0.5,1.0
010_RC105,10,RC,3,5,OPTIMAL,176.4892,3,1,0,1,2,0.3333,155.6558,0.0,20.8333,90,2.0,0.5,1.0
010_RC105,10,RC,3,6,OPTIMAL,158.8449,3,1,1,0,2,0.3333,154.5814,0.0,4.2635,90,2.0,0.5,1.0
010_RC105,10,RC,3,7,OPTIMAL,154.414,3,1,1,0,2,0.3333,151.2922,0.0,3.1217,90,2.0,0.5,1.0
010_RC105,10,RC,3,8,OPTIMAL,295.2406,3,2,2,0,1,0.6667,289.6919,0.0,5.5487,90,2.0,0.5,1.0
010_RC105,10,RC,3,9,OPTIMAL,281.0568,3,1,1,0,2,0.3333,126.6229,20.8563,133.5776,90,2.0,0.5,1.0
010_RC106,10,RC,1,0,OPTIMAL,17.1598,1,0,0,0,1,0.0,0.0,0.0,17.1598,90,2.0,0.5,1.0
010_RC106,10,RC,1,1,OPTIMAL,13.2806,1,0,0,0,1,0.0,0.0,0.0,13.2806,90,2.0,0.5,1.0
010_RC106,10,RC,1,2,OPTIMAL,149.1033,1,1,1,0,0,1.0,149.1033,0.0,0.0,90,2.0,0.5,1.0
010_RC106,10,RC,1,3,OPTIMAL,0.3421,1,0,0,0,1,0.0,0.0,0.0,0.3421,90,2.0,0.5,1.0
010_RC106,10,RC,1,4,OPTIMAL,119.1389,1,1,0,1,0,1.0,119.1389,0.0,0.0,90,2.0,0.5,1.0
010_RC106,10,RC,1,5,OPTIMAL,9.0115,1,0,0,0,1,0.0,0.0,0.0,9.0115,90,2.0,0.5,1.0
010_RC106,10,RC,1,6,OPTIMAL,0.5254,1,0,0,0,1,0.0,0.0,0.0,0.5254,90,2.0,0.5,1.0
010_RC106,10,RC,1,7,OPTIMAL,13.6041,1,0,0,0,1,0.0,0.0,0.0,13.6041,90,2.0,0.5,1.0
010_RC106,10,RC,1,8,OPTIMAL,16.4088,1,0,0,0,1,0.0,0.0,0.0,16.4088,90,2.0,0.5,1.0
010_RC106,10,RC,1,9,OPTIMAL,128.0604,1,1,1,0,0,1.0,128.0604,0.0,0.0,90,2.0,0.5,1.0
010_RC106,10,RC,2,0,OPTIMAL,248.6709,2,1,1,0,1,0.5,147.5034,0.0,101.1675,90,2.0,0.5,1.0
010_RC106,10,RC,2,1,OPTIMAL,129.4767,2,1,1,0,1,0.5,129.4659,0.0,0.0108,90,2.0,0.5,1.0
010_RC106,10,RC,2,2,OPTIMAL,320.7822,2,2,1,1,0,1.0,320.7822,0.0,0.0,90,2.0,0.5,1.0
010_RC106,10,RC,2,3,OPTIMAL,302.2819,2,2,2,0,0,1.0,302.2819,0.0,0.0,90,2.0,0.5,1.0
010_RC106,10,RC,2,4,OPTIMAL,160.6608,2,1,0,1,1,0.5,160.5718,0.0,0.089,90,2.0,0.5,1.0
010_RC106,10,RC,2,5,OPTIMAL,150.5503,2,1,0,1,1,0.5,132.1268,0.0,18.4235,90,2.0,0.5,1.0
010_RC106,10,RC,2,6,OPTIMAL,9.9558,2,0,0,0,2,0.0,0.0,0.0,9.9558,90,2.0,0.5,1.0
010_RC106,10,RC,2,7,OPTIMAL,282.1744,2,2,1,1,0,1.0,282.1744,0.0,0.0,90,2.0,0.5,1.0
010_RC106,10,RC,2,8,OPTIMAL,272.8937,2,2,2,0,0,1.0,272.8937,0.0,0.0,90,2.0,0.5,1.0
010_RC106,10,RC,2,9,OPTIMAL,137.9175,2,1,0,1,1,0.5,136.7313,0.0,1.1861,90,2.0,0.5,1.0
010_RC106,10,RC,3,0,OPTIMAL,196.8812,3,1,1,0,2,0.3333,179.0966,0.0,17.7846,90,2.0,0.5,1.0
010_RC106,10,RC,3,1,OPTIMAL,272.1294,3,2,1,1,1,0.6667,271.4001,0.0,0.7293,90,2.0,0.5,1.0
010_RC106,10,RC,3,2,OPTIMAL,478.6147,3,3,2,1,0,1.0,478.6147,0.0,0.0,90,2.0,0.5,1.0
010_RC106,10,RC,3,3,OPTIMAL,196.6688,3,1,1,0,2,0.3333,163.7463,0.0,32.9225,90,2.0,0.5,1.0
010_RC106,10,RC,3,4,OPTIMAL,386.9204,3,2,1,1,1,0.6667,317.1614,0.0,69.759,90,2.0,0.5,1.0
010_RC106,10,RC,3,5,OPTIMAL,369.5024,3,2,1,1,1,0.6667,265.7622,0.0,103.7402,90,2.0,0.5,1.0
010_RC106,10,RC,3,6,OPTIMAL,163.2779,3,1,1,0,2,0.3333,154.5814,0.0,8.6965,90,2.0,0.5,1.0
010_RC106,10,RC,3,7,OPTIMAL,400.122,3,3,1,2,0,1.0,400.122,0.0,0.0,90,2.0,0.5,1.0
010_RC106,10,RC,3,8,OPTIMAL,136.607,3,1,0,1,2,0.3333,126.2161,0.0,10.3909,90,2.0,0.5,1.0
010_RC106,10,RC,3,9,OPTIMAL,146.2897,3,1,1,0,2,0.3333,126.6229,0.0,19.6668,90,2.0,0.5,1.0
010_RC107,10,RC,1,0,OPTIMAL,8.5799,1,0,0,0,1,0.0,0.0,0.0,8.5799,90,2.0,0.5,1.0
010_RC107,10,RC,1,1,OPTIMAL,6.6403,1,0,0,0,1,0.0,0.0,0.0,6.6403,90,2.0,0.5,1.0
010_RC107,10,RC,1,2,OPTIMAL,149.1033,1,1,1,0,0,1.0,149.1033,0.0,0.0,90,2.0,0.5,1.0
010_RC107,10,RC,1,3,OPTIMAL,0.3421,1,0,0,0,1,0.0,0.0,0.0,0.3421,90,2.0,0.5,1.0
010_RC107,10,RC,1,4,OPTIMAL,76.6329,1,0,0,0,1,0.0,0.0,0.0,76.6329,90,2.0,0.5,1.0
010_RC107,10,RC,1,5,OPTIMAL,128.2154,1,1,1,0,0,1.0,128.2154,0.0,0.0,90,2.0,0.5,1.0
010_RC107,10,RC,1,6,OPTIMAL,0.5254,1,0,0,0,1,0.0,0.0,0.0,0.5254,90,2.0,0.5,1.0
010_RC107,10,RC,1,7,OPTIMAL,13.6041,1,0,0,0,1,0.0,0.0,0.0,13.6041,90,2.0,0.5,1.0
010_RC107,10,RC,1,8,OPTIMAL,16.4088,1,0,0,0,1,0.0,0.0,0.0,16.4088,90,2.0,0.5,1.0
010_RC107,10,RC,1,9,OPTIMAL,33.4254,1,0,0,0,1,0.0,0.0,0.0,33.4254,90,2.0,0.5,1.0
010_RC107,10,RC,2,0,OPTIMAL,151.0494,2,1,1,0,1,0.5,147.5034,0.0,3.546,90,2.0,0.5,1.0
010_RC107,10,RC,2,1,OPTIMAL,285.9878,2,2,2,0,0,1.0,285.9878,0.0,0.0,90,2.0,0.5,1.0
010_RC107,10,RC,2,2,OPTIMAL,171.6541,2,1,1,0,1,0.5,163.9483,0.0,7.7058,90,2.0,0.5,1.0
010_RC107,10,RC,2,3,OPTIMAL,302.2819,2,2,2,0,0,1.0,302.2819,0.0,0.0,90,2.0,0.5,1.0
010_RC107,10,RC,2,4,OPTIMAL,2.2324,2,0,0,0,2,0.0,0.0,0.0,2.2324,90,2.0,0.5,1.0
010_RC107,10,RC,2,5,OPTIMAL,141.3385,2,1,1,0,1,0.5,132.1268,0.0,9.2117,90,2.0,0.5,1.0
010_RC107,10,RC,2,6,OPTIMAL,9.9558,2,0,0,0,2,0.0,0.0,0.0,9.9558,90,2.0,0.5,1.0
010_RC107,10,RC,2,7,OPTIMAL,154.1043,2,1,1,0,1,0.5,153.9293,0.0,0.175,90,2.0,0.5,1.0
010_RC107,10,RC,2,8,OPTIMAL,272.8937,2,2,2,0,0,1.0,272.8937,0.0,0.0,90,2.0,0.5,1.0
010_RC107,10,RC,2,9,OPTIMAL,18.0364,2,0,0,0,2,0.0,0.0,0.0,18.0364,90,2.0,0.5,1.0
010_RC107,10,RC,3,0,OPTIMAL,187.9891,3,1,1,0,2,0.3333,179.0966,0.0,8.8924,90,2.0,0.5,1.0
010_RC107,10,RC,3,1,OPTIMAL,5.6605,3,0,0,0,3,0.0,0.0,0.0,5.6605,90,2.0,0.5,1.0
010_RC107,10,RC,3,2,OPTIMAL,360.8133,3,2,2,0,1,0.6667,341.5112,0.0,19.3022,90,2.0,0.5,1.0
010_RC107,10,RC,3,3,OPTIMAL,320.0575,3,2,2,0,1,0.6667,320.0511,0.0,0.0064,90,2.0,0.5,1.0
010_RC107,10,RC,3,4,OPTIMAL,190.6742,3,1,1,0,2,0.3333,189.8847,0.0,0.7894,90,2.0,0.5,1.0
010_RC107,10,RC,3,5,OPTIMAL,12.1272,3,0,0,0,3,0.0,0.0,0.0,12.1272,90,2.0,0.5,1.0
010_RC107,10,RC,3,6,OPTIMAL,166.0027,3,1,1,0,2,0.3333,154.5814,0.0,11.4213,90,2.0,0.5,1.0
010_RC107,10,RC,3,7,OPTIMAL,159.1209,3,1,1,0,2,0.3333,151.2922,0.0,7.8287,90,2.0,0.5,1.0
010_RC107,10,RC,3,8,OPTIMAL,11.1085,3,0,0,0,3,0.0,0.0,0.0,11.1085,90,2.0,0.5,1.0
010_RC107,10,RC,3,9,OPTIMAL,152.4268,3,1,1,0,2,0.3333,126.6229,0.0,25.8039,90,2.0,0.5,1.0
010_RC108,10,RC,1,0,OPTIMAL,8.5799,1,0,0,0,1,0.0,0.0,0.0,8.5799,90,2.0,0.5,1.0
010_RC108,10,RC,1,1,OPTIMAL,6.6403,1,0,0,0,1,0.0,0.0,0.0,6.6403,90,2.0,0.5,1.0
010_RC108,10,RC,1,2,OPTIMAL,149.1033,1,1,1,0,0,1.0,149.1033,0.0,0.0,90,2.0,0.5,1.0
010_RC108,10,RC,1,3,OPTIMAL,0.4651,1,0,0,0,1,0.0,0.0,0.0,0.4651,90,2.0,0.5,1.0
010_RC108,10,RC,1,4,OPTIMAL,5.9336,1,0,0,0,1,0.0,0.0,0.0,5.9336,90,2.0,0.5,1.0
010_RC108,10,RC,1,5,OPTIMAL,4.5058,1,0,0,0,1,0.0,0.0,0.0,4.5058,90,2.0,0.5,1.0
010_RC108,10,RC,1,6,OPTIMAL,0.815,1,0,0,0,1,0.0,0.0,0.0,0.815,90,2.0,0.5,1.0
010_RC108,10,RC,1,7,OPTIMAL,27.2083,1,0,0,0,1,0.0,0.0,0.0,27.2083,90,2.0,0.5,1.0
010_RC108,10,RC,1,8,OPTIMAL,172.8905,1,1,1,0,0,1.0,172.8905,0.0,0.0,90,2.0,0.5,1.0
010_RC108,10,RC,1,9,OPTIMAL,5.481,1,0,0,0,1,0.0,0.0,0.0,5.481,90,2.0,0.5,1.0
010_RC108,10,RC,2,0,OPTIMAL,3.0016,2,0,0,0,2,0.0,0.0,0.0,3.0016,90,2.0,0.5,1.0
010_RC108,10,RC,2,1,OPTIMAL,130.7979,2,1,1,0,1,0.5,129.4659,0.0,1.332,90,2.0,0.5,1.0
010_RC108,10,RC,2,2,OPTIMAL,165.8248,2,1,1,0,1,0.5,163.9483,0.0,1.8765,90,2.0,0.5,1.0
010_RC108,10,RC,2,3,OPTIMAL,302.2819,2,2,2,0,0,1.0,302.2819,0.0,0.0,90,2.0,0.5,1.0
010_RC108,10,RC,2,4,OPTIMAL,1.9565,2,0,0,0,2,0.0,0.0,0.0,1.9565,90,2.0,0.5,1.0
010_RC108,10,RC,2,5,OPTIMAL,165.8804,2,1,1,0,1,0.5,132.1268,0.0,33.7537,90,2.0,0.5,1.0
010_RC108,10,RC,2,6,OPTIMAL,8.7815,2,0,0,0,2,0.0,0.0,0.0,8.7815,90,2.0,0.5,1.0
010_RC108,10,RC,2,7,OPTIMAL,1.0042,2,0,0,0,2,0.0,0.0,0.0,1.0042,90,2.0,0.5,1.0
010_RC108,10,RC,2,8,OPTIMAL,272.8937,2,2,2,0,0,1.0,272.8937,0.0,0.0,90,2.0,0.5,1.0
010_RC108,10,RC,2,9,OPTIMAL,15.477,2,0,0,0,2,0.0,0.0,0.0,15.477,90,2.0,0.5,1.0
010_RC108,10,RC,3,0,OPTIMAL,294.3657,3,2,1,1,1,0.6667,275.08,0.0,19.2857,90,2.0,0.5,1.0
010_RC108,10,RC,3,1,OPTIMAL,6.4999,3,0,0,0,3,0.0,0.0,0.0,6.4999,90,2.0,0.5,1.0
010_RC108,10,RC,3,2,OPTIMAL,197.1278,3,1,1,0,2,0.3333,150.7053,0.0,46.4226,90,2.0,0.5,1.0
010_RC108,10,RC,3,3,OPTIMAL,169.5329,3,1,1,0,2,0.3333,163.7463,0.0,5.7866,90,2.0,0.5,1.0
010_RC108,10,RC,3,4,OPTIMAL,191.0544,3,1,1,0,2,0.3333,189.8847,0.0,1.1696,90,2.0,0.5,1.0
010_RC108,10,RC,3,5,OPTIMAL,45.5519,3,0,0,0,3,0.0,0.0,0.0,45.5519,90,2.0,0.5,1.0
010_RC108,10,RC,3,6,OPTIMAL,143.7551,3,1,1,0,2,0.3333,142.3725,0.0,1.3826,90,2.0,0.5,1.0
010_RC108,10,RC,3,7,OPTIMAL,154.555,3,1,1,0,2,0.3333,151.2922,0.0,3.2627,90,2.0,0.5,1.0
010_RC108,10,RC,3,8,OPTIMAL,10.9326,3,0,0,0,3,0.0,0.0,0.0,10.9326,90,2.0,0.5,1.0
010_RC108,10,RC,3,9,OPTIMAL,130.1367,3,1,1,0,2,0.3333,126.6229,0.0,3.5138,90,2.0,0.5,1.0
010_RC201,10,RC,1,0,OPTIMAL,142.1416,1,1,1,0,0,1.0,142.1416,0.0,0.0,90,2.0,0.5,1.0
010_RC201,10,RC,1,1,OPTIMAL,6.6403,1,0,0,0,1,0.0,0.0,0.0,6.6403,90,2.0,0.5,1.0
010_RC201,10,RC,1,2,OPTIMAL,149.1033,1,1,1,0,0,1.0,149.1033,0.0,0.0,90,2.0,0.5,1.0
010_RC201,10,RC,1,3,OPTIMAL,143.1071,1,1,1,0,0,1.0,143.1071,0.0,0.0,90,2.0,0.5,1.0
010_RC201,10,RC,1,4,OPTIMAL,119.1389,1,1,1,0,0,1.0,119.1389,0.0,0.0,90,2.0,0.5,1.0
010_RC201,10,RC,1,5,OPTIMAL,128.2154,1,1,1,0,0,1.0,128.2154,0.0,0.0,90,2.0,0.5,1.0
010_RC201,10,RC,1,6,OPTIMAL,0.2627,1,0,0,0,1,0.0,0.0,0.0,0.2627,90,2.0,0.5,1.0
010_RC201,10,RC,1,7,OPTIMAL,13.6041,1,0,0,0,1,0.0,0.0,0.0,13.6041,90,2.0,0.5,1.0
010_RC201,10,RC,1,8,OPTIMAL,172.8905,1,1,1,0,0,1.0,172.8905,0.0,0.0,90,2.0,0.5,1.0
010_RC201,10,RC,1,9,OPTIMAL,128.0604,1,1,1,0,0,1.0,128.0604,0.0,0.0,90,2.0,0.5,1.0
010_RC201,10,RC,2,0,OPTIMAL,296.1534,2,2,2,0,0,1.0,296.1534,0.0,0.0,90,2.0,0.5,1.0
010_RC201,10,RC,2,1,OPTIMAL,285.9878,2,2,2,0,0,1.0,285.9878,0.0,0.0,90,2.0,0.5,1.0
010_RC201,10,RC,2,2,OPTIMAL,320.7822,2,2,2,0,0,1.0,320.7822,0.0,0.0,90,2.0,0.5,1.0
010_RC201,10,RC,2,3,OPTIMAL,302.2819,2,2,2,0,0,1.0,302.2819,0.0,0.0,90,2.0,0.5,1.0
010_RC201,10,RC,2,4,OPTIMAL,46.4121,2,0,0,0,2,0.0,0.0,0.0,46.4121,90,2.0,0.5,1.0
010_RC201,10,RC,2,5,OPTIMAL,143.378,2,1,1,0,1,0.5,132.1268,0.0,11.2512,90,2.0,0.5,1.0
010_RC201,10,RC,2,6,OPTIMAL,159.6608,2,1,1,0,1,0.5,159.5106,0.0,0.1502,90,2.0,0.5,1.0
010_RC201,10,RC,2,7,OPTIMAL,282.1744,2,2,2,0,0,1.0,282.1744,0.0,0.0,90,2.0,0.5,1.0
010_RC201,10,RC,2,8,OPTIMAL,272.8937,2,2,2,0,0,1.0,272.8937,0.0,0.0,90,2.0,0.5,1.0
010_RC201,10,RC,2,9,OPTIMAL,276.2356,2,2,2,0,0,1.0,276.2356,0.0,0.0,90,2.0,0.5,1.0
010_RC201,10,RC,3,0,OPTIMAL,191.2191,3,1,1,0,2,0.3333,179.0966,0.0,12.1225,90,2.0,0.5,1.0
010_RC201,10,RC,3,1,OPTIMAL,259.6575,3,2,2,0,1,0.6667,258.239,0.0,1.4185,90,2.0,0.5,1.0
010_RC201,10,RC,3,2,OPTIMAL,478.6147,3,3,3,0,0,1.0,478.6147,0.0,0.0,90,2.0,0.5,1.0
010_RC201,10,RC,3,3,OPTIMAL,320.0543,3,2,2,0,1,0.6667,320.0511,0.0,0.0032,90,2.0,0.5,1.0
010_RC201,10,RC,3,4,OPTIMAL,201.6904,3,1,1,0,2,0.3333,189.8847,0.0,11.8057,90,2.0,0.5,1.0
010_RC201,10,RC,3,5,OPTIMAL,421.4181,3,3,3,0,0,1.0,421.4181,0.0,0.0,90,2.0,0.5,1.0
010_RC201,10,RC,3,6,OPTIMAL,438.4341,3,3,3,0,0,1.0,438.4341,0.0,0.0,90,2.0,0.5,1.0
010_RC201,10,RC,3,7,OPTIMAL,288.3831,3,2,2,0,1,0.6667,284.9032,0.0,3.4799,90,2.0,0.5,1.0
010_RC201,10,RC,3,8,OPTIMAL,426.5383,3,3,2,1,0,1.0,426.5383,0.0,0.0,90,2.0,0.5,1.0
010_RC201,10,RC,3,9,OPTIMAL,268.4334,3,2,2,0,1,0.6667,267.9308,0.0,0.5026,90,2.0,0.5,1.0
010_RC202,10,RC,1,0,OPTIMAL,142.1416,1,1,1,0,0,1.0,142.1416,0.0,0.0,90,2.0,0.5,1.0
010_RC202,10,RC,1,1,OPTIMAL,125.7277,1,1,0,1,0,1.0,125.7277,0.0,0.0,90,2.0,0.5,1.0
010_RC202,10,RC,1,2,OPTIMAL,149.1033,1,1,1,0,0,1.0,149.1033,0.0,0.0,90,2.0,0.5,1.0
010_RC202,10,RC,1,3,OPTIMAL,143.1071,1,1,1,0,0,1.0,143.1071,0.0,0.0,90,2.0,0.5,1.0
010_RC202,10,RC,1,4,OPTIMAL,119.1389,1,1,1,0,0,1.0,119.1389,0.0,0.0,90,2.0,0.5,1.0
010_RC202,10,RC,1,5,OPTIMAL,128.2154,1,1,1,0,0,1.0,128.2154,0.0,0.0,90,2.0,0.5,1.0
010_RC202,10,RC,1,6,OPTIMAL,0.2627,1,0,0,0,1,0.0,0.0,0.0,0.2627,90,2.0,0.5,1.0
010_RC202,10,RC,1,7,OPTIMAL,167.3145,1,1,0,1,0,1.0,167.3145,0.0,0.0,90,2.0,0.5,1.0
010_RC202,10,RC,1,8,OPTIMAL,172.8905,1,1,1,0,0,1.0,172.8905,0.0,0.0,90,2.0,0.5,1.0
010_RC202,10,RC,1,9,OPTIMAL,128.0604,1,1,1,0,0,1.0,128.0604,0.0,0.0,90,2.0,0.5,1.0
010_RC202,10,RC,2,0,OPTIMAL,296.1534,2,2,2,0,0,1.0,296.1534,0.0,0.0,90,2.0,0.5,1.0
010_RC202,10,RC,2,1,OPTIMAL,285.9878,2,2,2,0,0,1.0,285.9878,0.0,0.0,90,2.0,0.5,1.0
010_RC202,10,RC,2,2,OPTIMAL,320.7822,2,2,2,0,0,1.0,320.7822,0.0,0.0,90,2.0,0.5,1.0
010_RC202,10,RC,2,3,OPTIMAL,302.2819,2,2,2,0,0,1.0,302.2819,0.0,0.0,90,2.0,0.5,1.0
010_RC202,10,RC,2,4,OPTIMAL,196.4395,2,1,1,0,1,0.5,160.5718,0.0,35.8676,90,2.0,0.5,1.0
010_RC202,10,RC,2,5,OPTIMAL,143.378,2,1,1,0,1,0.5,132.1268,0.0,11.2512,90,2.0,0.5,1.0
010_RC202,10,RC,2,6,OPTIMAL,159.6608,2,1,1,0,1,0.5,159.5106,0.0,0.1502,90,2.0,0.5,1.0
010_RC202,10,RC,2,7,OPTIMAL,282.1744,2,2,2,0,0,1.0,282.1744,0.0,0.0,90,2.0,0.5,1.0
010_RC202,10,RC,2,8,OPTIMAL,272.8937,2,2,2,0,0,1.0,272.8937,0.0,0.0,90,2.0,0.5,1.0
010_RC202,10,RC,2,9,OPTIMAL,276.2356,2,2,2,0,0,1.0,276.2356,0.0,0.0,90,2.0,0.5,1.0
010_RC202,10,RC,3,0,OPTIMAL,191.2191,3,1,1,0,2,0.3333,179.0966,0.0,12.1225,90,2.0,0.5,1.0
010_RC202,10,RC,3,1,OPTIMAL,405.5268,3,3,3,0,0,1.0,405.5268,0.0,0.0,90,2.0,0.5,1.0
010_RC202,10,RC,3,2,OPTIMAL,478.6147,3,3,3,0,0,1.0,478.6147,0.0,0.0,90,2.0,0.5,1.0
010_RC202,10,RC,3,3,OPTIMAL,320.0543,3,2,2,0,1,0.6667,320.0511,0.0,0.0032,90,2.0,0.5,1.0
010_RC202,10,RC,3,4,OPTIMAL,318.4752,3,2,2,0,1,0.6667,317.1614,0.0,1.3137,90,2.0,0.5,1.0
010_RC202,10,RC,3,5,OPTIMAL,421.4181,3,3,2,1,0,1.0,421.4181,0.0,0.0,90,2.0,0.5,1.0
010_RC202,10,RC,3,6,OPTIMAL,438.4341,3,3,3,0,0,1.0,438.4341,0.0,0.0,90,2.0,0.5,1.0
010_RC202,10,RC,3,7,OPTIMAL,400.122,3,3,3,0,0,1.0,400.122,0.0,0.0,90,2.0,0.5,1.0
010_RC202,10,RC,3,8,OPTIMAL,426.5383,3,3,3,0,0,1.0,426.5383,0.0,0.0,90,2.0,0.5,1.0
010_RC202,10,RC,3,9,OPTIMAL,268.4334,3,2,2,0,1,0.6667,267.9308,0.0,0.5026,90,2.0,0.5,1.0
010_RC203,10,RC,1,0,OPTIMAL,142.1416,1,1,1,0,0,1.0,142.1416,0.0,0.0,90,2.0,0.5,1.0
010_RC203,10,RC,1,1,OPTIMAL,125.7277,1,1,0,1,0,1.0,125.7277,0.0,0.0,90,2.0,0.5,1.0
010_RC203,10,RC,1,2,OPTIMAL,149.1033,1,1,1,0,0,1.0,149.1033,0.0,0.0,90,2.0,0.5,1.0
010_RC203,10,RC,1,3,OPTIMAL,143.1071,1,1,1,0,0,1.0,143.1071,0.0,0.0,90,2.0,0.5,1.0
010_RC203,10,RC,1,4,OPTIMAL,119.1389,1,1,1,0,0,1.0,119.1389,0.0,0.0,90,2.0,0.5,1.0
010_RC203,10,RC,1,5,OPTIMAL,128.2154,1,1,1,0,0,1.0,128.2154,0.0,0.0,90,2.0,0.5,1.0
010_RC203,10,RC,1,6,OPTIMAL,175.6041,1,1,1,0,0,1.0,175.6041,0.0,0.0,90,2.0,0.5,1.0
010_RC203,10,RC,1,7,OPTIMAL,167.3145,1,1,1,0,0,1.0,167.3145,0.0,0.0,90,2.0,0.5,1.0
010_RC203,10,RC,1,8,OPTIMAL,172.8905,1,1,1,0,0,1.0,172.8905,0.0,0.0,90,2.0,0.5,1.0
010_RC203,10,RC,1,9,OPTIMAL,128.0604,1,1,1,0,0,1.0,128.0604,0.0,0.0,90,2.0,0.5,1.0
010_RC203,10,RC,2,0,OPTIMAL,296.1534,2,2,2,0,0,1.0,296.1534,0.0,0.0,90,2.0,0.5,1.0
010_RC203,10,RC,2,1,OPTIMAL,285.9878,2,2,2,0,0,1.0,285.9878,0.0,0.0,90,2.0,0.5,1.0
010_RC203,10,RC,2,2,OPTIMAL,320.7822,2,2,2,0,0,1.0,320.7822,0.0,0.0,90,2.0,0.5,1.0
010_RC203,10,RC,2,3,OPTIMAL,302.2819,2,2,2,0,0,1.0,302.2819,0.0,0.0,90,2.0,0.5,1.0
010_RC203,10,RC,2,4,OPTIMAL,293.3492,2,2,1,1,0,1.0,293.3492,0.0,0.0,90,2.0,0.5,1.0
010_RC203,10,RC,2,5,OPTIMAL,272.3861,2,2,1,1,0,1.0,272.3861,0.0,0.0,90,2.0,0.5,1.0
010_RC203,10,RC,2,6,OPTIMAL,305.4996,2,2,2,0,0,1.0,305.4996,0.0,0.0,90,2.0,0.5,1.0
010_RC203,10,RC,2,7,OPTIMAL,250.4273,2,1,1,0,1,0.5,153.9293,0.0,96.498,90,2.0,0.5,1.0
010_RC203,10,RC,2,8,OPTIMAL,272.8937,2,2,2,0,0,1.0,272.8937,0.0,0.0,90,2.0,0.5,1.0
010_RC203,10,RC,2,9,OPTIMAL,276.2356,2,2,2,0,0,1.0,276.2356,0.0,0.0,90,2.0,0.5,1.0
010_RC203,10,RC,3,0,OPTIMAL,275.1634,3,2,1,1,1,0.6667,275.08,0.0,0.0834,90,2.0,0.5,1.0
010_RC203,10,RC,3,1,OPTIMAL,405.5268,3,3,3,0,0,1.0,405.5268,0.0,0.0,90,2.0,0.5,1.0
010_RC203,10,RC,3,2,OPTIMAL,303.3099,3,2,2,0,1,0.6667,287.8088,0.0,15.5011,90,2.0,0.5,1.0
010_RC203,10,RC,3,3,OPTIMAL,474.4408,3,3,3,0,0,1.0,474.4408,0.0,0.0,90,2.0,0.5,1.0
010_RC203,10,RC,3,4,OPTIMAL,318.4752,3,2,2,0,1,0.6667,317.1614,0.0,1.3137,90,2.0,0.5,1.0
010_RC203,10,RC,3,5,OPTIMAL,386.9529,3,2,2,0,1,0.6667,298.1246,0.0,88.8283,90,2.0,0.5,1.0
010_RC203,10,RC,3,6,OPTIMAL,438.4341,3,3,3,0,0,1.0,438.4341,0.0,0.0,90,2.0,0.5,1.0
010_RC203,10,RC,3,7,OPTIMAL,400.122,3,3,3,0,0,1.0,400.122,0.0,0.0,90,2.0,0.5,1.0
010_RC203,10,RC,3,8,OPTIMAL,426.5383,3,3,3,0,0,1.0,426.5383,0.0,0.0,90,2.0,0.5,1.0
010_RC203,10,RC,3,9,OPTIMAL,407.2696,3,3,3,0,0,1.0,407.2696,0.0,0.0,90,2.0,0.5,1.0
010_RC204,10,RC,1,0,OPTIMAL,142.1416,1,1,1,0,0,1.0,142.1416,0.0,0.0,90,2.0,0.5,1.0
010_RC204,10,RC,1,1,OPTIMAL,125.7277,1,1,1,0,0,1.0,125.7277,0.0,0.0,90,2.0,0.5,1.0
010_RC204,10,RC,1,2,OPTIMAL,149.1033,1,1,1,0,0,1.0,149.1033,0.0,0.0,90,2.0,0.5,1.0
010_RC204,10,RC,1,3,OPTIMAL,143.1071,1,1,1,0,0,1.0,143.1071,0.0,0.0,90,2.0,0.5,1.0
010_RC204,10,RC,1,4,OPTIMAL,119.1389,1,1,1,0,0,1.0,119.1389,0.0,0.0,90,2.0,0.5,1.0
010_RC204,10,RC,1,5,OPTIMAL,128.2154,1,1,1,0,0,1.0,128.2154,0.0,0.0,90,2.0,0.5,1.0
010_RC204,10,RC,1,6,OPTIMAL,175.6041,1,1,1,0,0,1.0,175.6041,0.0,0.0,90,2.0,0.5,1.0
010_RC204,10,RC,1,7,OPTIMAL,167.3145,1,1,1,0,0,1.0,167.3145,0.0,0.0,90,2.0,0.5,1.0
010_RC204,10,RC,1,8,OPTIMAL,172.8905,1,1,1,0,0,1.0,172.8905,0.0,0.0,90,2.0,0.5,1.0
010_RC204,10,RC,1,9,OPTIMAL,128.0604,1,1,1,0,0,1.0,128.0604,0.0,0.0,90,2.0,0.5,1.0
010_RC204,10,RC,2,0,OPTIMAL,296.1534,2,2,2,0,0,1.0,296.1534,0.0,0.0,90,2.0,0.5,1.0
010_RC204,10,RC,2,1,OPTIMAL,285.9878,2,2,2,0,0,1.0,285.9878,0.0,0.0,90,2.0,0.5,1.0
010_RC204,10,RC,2,2,OPTIMAL,320.7822,2,2,2,0,0,1.0,320.7822,0.0,0.0,90,2.0,0.5,1.0
010_RC204,10,RC,2,3,OPTIMAL,302.2819,2,2,2,0,0,1.0,302.2819,0.0,0.0,90,2.0,0.5,1.0
010_RC204,10,RC,2,4,OPTIMAL,293.3492,2,2,1,1,0,1.0,293.3492,0.0,0.0,90,2.0,0.5,1.0
010_RC204,10,RC,2,5,OPTIMAL,272.3861,2,2,1,1,0,1.0,272.3861,0.0,0.0,90,2.0,0.5,1.0
010_RC204,10,RC,2,6,OPTIMAL,305.4996,2,2,2,0,0,1.0,305.4996,0.0,0.0,90,2.0,0.5,1.0
010_RC204,10,RC,2,7,OPTIMAL,162.8822,2,1,1,0,1,0.5,153.9293,0.0,8.953,90,2.0,0.5,1.0
010_RC204,10,RC,2,8,OPTIMAL,272.8937,2,2,2,0,0,1.0,272.8937,0.0,0.0,90,2.0,0.5,1.0
010_RC204,10,RC,2,9,OPTIMAL,276.2356,2,2,2,0,0,1.0,276.2356,0.0,0.0,90,2.0,0.5,1.0
010_RC204,10,RC,3,0,OPTIMAL,275.1634,3,2,1,1,1,0.6667,275.08,0.0,0.0834,90,2.0,0.5,1.0
010_RC204,10,RC,3,1,OPTIMAL,405.5268,3,3,3,0,0,1.0,405.5268,0.0,0.0,90,2.0,0.5,1.0
010_RC204,10,RC,3,2,OPTIMAL,303.3099,3,2,2,0,1,0.6667,287.8088,0.0,15.5011,90,2.0,0.5,1.0
010_RC204,10,RC,3,3,OPTIMAL,474.4408,3,3,3,0,0,1.0,474.4408,0.0,0.0,90,2.0,0.5,1.0
010_RC204,10,RC,3,4,OPTIMAL,318.4752,3,2,2,0,1,0.6667,317.1614,0.0,1.3137,90,2.0,0.5,1.0
010_RC204,10,RC,3,5,OPTIMAL,306.4297,3,2,2,0,1,0.6667,298.1246,0.0,8.3051,90,2.0,0.5,1.0
010_RC204,10,RC,3,6,OPTIMAL,287.0583,3,2,2,0,1,0.6667,283.8528,0.0,3.2055,90,2.0,0.5,1.0
010_RC204,10,RC,3,7,OPTIMAL,400.122,3,3,3,0,0,1.0,400.122,0.0,0.0,90,2.0,0.5,1.0
010_RC204,10,RC,3,8,OPTIMAL,426.5383,3,3,3,0,0,1.0,426.5383,0.0,0.0,90,2.0,0.5,1.0
010_RC204,10,RC,3,9,OPTIMAL,407.2696,3,3,3,0,0,1.0,407.2696,0.0,0.0,90,2.0,0.5,1.0
010_RC205,10,RC,1,0,OPTIMAL,8.5799,1,0,0,0,1,0.0,0.0,0.0,8.5799,90,2.0,0.5,1.0
010_RC205,10,RC,1,1,OPTIMAL,6.6403,1,0,0,0,1,0.0,0.0,0.0,6.6403,90,2.0,0.5,1.0
010_RC205,10,RC,1,2,OPTIMAL,149.1033,1,1,1,0,0,1.0,149.1033,0.0,0.0,90,2.0,0.5,1.0
010_RC205,10,RC,1,3,OPTIMAL,143.1071,1,1,1,0,0,1.0,143.1071,0.0,0.0,90,2.0,0.5,1.0
010_RC205,10,RC,1,4,OPTIMAL,119.1389,1,1,1,0,0,1.0,119.1389,0.0,0.0,90,2.0,0.5,1.0
010_RC205,10,RC,1,5,OPTIMAL,128.2154,1,1,1,0,0,1.0,128.2154,0.0,0.0,90,2.0,0.5,1.0
010_RC205,10,RC,1,6,OPTIMAL,175.6041,1,1,1,0,0,1.0,175.6041,0.0,0.0,90,2.0,0.5,1.0
010_RC205,10,RC,1,7,OPTIMAL,167.3145,1,1,1,0,0,1.0,167.3145,0.0,0.0,90,2.0,0.5,1.0
010_RC205,10,RC,1,8,OPTIMAL,172.8905,1,1,1,0,0,1.0,172.8905,0.0,0.0,90,2.0,0.5,1.0
010_RC205,10,RC,1,9,OPTIMAL,128.0604,1,1,1,0,0,1.0,128.0604,0.0,0.0,90,2.0,0.5,1.0
010_RC205,10,RC,2,0,OPTIMAL,296.1534,2,2,1,1,0,1.0,296.1534,0.0,0.0,90,2.0,0.5,1.0
010_RC205,10,RC,2,1,OPTIMAL,130.1319,2,1,1,0,1,0.5,129.4659,0.0,0.666,90,2.0,0.5,1.0
010_RC205,10,RC,2,2,OPTIMAL,320.7822,2,2,2,0,0,1.0,320.7822,0.0,0.0,90,2.0,0.5,1.0
010_RC205,10,RC,2,3,OPTIMAL,302.2819,2,2,2,0,0,1.0,302.2819,0.0,0.0,90,2.0,0.5,1.0
010_RC205,10,RC,2,4,OPTIMAL,293.3492,2,2,2,0,0,1.0,293.3492,0.0,0.0,90,2.0,0.5,1.0
010_RC205,10,RC,2,5,OPTIMAL,272.3861,2,2,2,0,0,1.0,272.3861,0.0,0.0,90,2.0,0.5,1.0
010_RC205,10,RC,2,6,OPTIMAL,305.4996,2,2,1,1,0,1.0,305.4996,0.0,0.0,90,2.0,0.5,1.0
010_RC205,10,RC,2,7,OPTIMAL,163.0129,2,1,1,0,1,0.5,153.9293,0.0,9.0836,90,2.0,0.5,1.0
010_RC205,10,RC,2,8,OPTIMAL,272.8937,2,2,2,0,0,1.0,272.8937,0.0,0.0,90,2.0,0.5,1.0
010_RC205,10,RC,2,9,OPTIMAL,276.2356,2,2,2,0,0,1.0,276.2356,0.0,0.0,90,2.0,0.5,1.0
010_RC205,10,RC,3,0,OPTIMAL,454.1766,3,3,3,0,0,1.0,454.1766,0.0,0.0,90,2.0,0.5,1.0
010_RC205,10,RC,3,1,OPTIMAL,405.5268,3,3,2,1,0,1.0,405.5268,0.0,0.0,90,2.0,0.5,1.0
010_RC205,10,RC,3,2,OPTIMAL,478.6147,3,3,3,0,0,1.0,478.6147,0.0,0.0,90,2.0,0.5,1.0
010_RC205,10,RC,3,3,OPTIMAL,474.4408,3,3,3,0,0,1.0,474.4408,0.0,0.0,90,2.0,0.5,1.0
010_RC205,10,RC,3,4,OPTIMAL,196.1676,3,1,1,0,2,0.3333,189.8847,0.0,6.2829,90,2.0,0.5,1.0
010_RC205,10,RC,3,5,OPTIMAL,306.8545,3,2,2,0,1,0.6667,298.1246,0.0,8.7299,90,2.0,0.5,1.0
010_RC205,10,RC,3,6,OPTIMAL,300.3239,3,2,1,1,1,0.6667,296.0616,0.0,4.2623,90,2.0,0.5,1.0
010_RC205,10,RC,3,7,OPTIMAL,285.1693,3,2,2,0,1,0.6667,284.9032,0.0,0.2661,90,2.0,0.5,1.0
010_RC205,10,RC,3,8,OPTIMAL,426.5383,3,3,3,0,0,1.0,426.5383,0.0,0.0,90,2.0,0.5,1.0
010_RC205,10,RC,3,9,OPTIMAL,407.2696,3,3,3,0,0,1.0,407.2696,0.0,0.0,90,2.0,0.5,1.0
010_RC206,10,RC,1,0,OPTIMAL,142.1416,1,1,1,0,0,1.0,142.1416,0.0,0.0,90,2.0,0.5,1.0
010_RC206,10,RC,1,1,OPTIMAL,125.7277,1,1,1,0,0,1.0,125.7277,0.0,0.0,90,2.0,0.5,1.0
010_RC206,10,RC,1,2,OPTIMAL,149.1033,1,1,1,0,0,1.0,149.1033,0.0,0.0,90,2.0,0.5,1.0
010_RC206,10,RC,1,3,OPTIMAL,143.1071,1,1,1,0,0,1.0,143.1071,0.0,0.0,90,2.0,0.5,1.0
010_RC206,10,RC,1,4,OPTIMAL,119.1389,1,1,1,0,0,1.0,119.1389,0.0,0.0,90,2.0,0.5,1.0
010_RC206,10,RC,1,5,OPTIMAL,128.2154,1,1,1,0,0,1.0,128.2154,0.0,0.0,90,2.0,0.5,1.0
010_RC206,10,RC,1,6,OPTIMAL,175.6041,1,1,1,0,0,1.0,175.6041,0.0,0.0,90,2.0,0.5,1.0
010_RC206,10,RC,1,7,OPTIMAL,167.3145,1,1,1,0,0,1.0,167.3145,0.0,0.0,90,2.0,0.5,1.0
010_RC206,10,RC,1,8,OPTIMAL,172.8905,1,1,1,0,0,1.0,172.8905,0.0,0.0,90,2.0,0.5,1.0
010_RC206,10,RC,1,9,OPTIMAL,128.0604,1,1,1,0,0,1.0,128.0604,0.0,0.0,90,2.0,0.5,1.0
010_RC206,10,RC,2,0,OPTIMAL,296.1534,2,2,1,1,0,1.0,296.1534,0.0,0.0,90,2.0,0.5,1.0
010_RC206,10,RC,2,1,OPTIMAL,130.1319,2,1,1,0,1,0.5,129.4659,0.0,0.666,90,2.0,0.5,1.0
010_RC206,10,RC,2,2,OPTIMAL,320.7822,2,2,2,0,0,1.0,320.7822,0.0,0.0,90,2.0,0.5,1.0
010_RC206,10,RC,2,3,OPTIMAL,302.2819,2,2,2,0,0,1.0,302.2819,0.0,0.0,90,2.0,0.5,1.0
010_RC206,10,RC,2,4,OPTIMAL,293.3492,2,2,2,0,0,1.0,293.3492,0.0,0.0,90,2.0,0.5,1.0
010_RC206,10,RC,2,5,OPTIMAL,272.3861,2,2,2,0,0,1.0,272.3861,0.0,0.0,90,2.0,0.5,1.0
010_RC206,10,RC,2,6,OPTIMAL,305.4996,2,2,1,1,0,1.0,305.4996,0.0,0.0,90,2.0,0.5,1.0
010_RC206,10,RC,2,7,OPTIMAL,282.1744,2,2,2,0,0,1.0,282.1744,0.0,0.0,90,2.0,0.5,1.0
010_RC206,10,RC,2,8,OPTIMAL,272.8937,2,2,2,0,0,1.0,272.8937,0.0,0.0,90,2.0,0.5,1.0
010_RC206,10,RC,2,9,OPTIMAL,203.7607,2,1,1,0,1,0.5,139.5042,0.0,64.2565,90,2.0,0.5,1.0
010_RC206,10,RC,3,0,OPTIMAL,454.1766,3,3,3,0,0,1.0,454.1766,0.0,0.0,90,2.0,0.5,1.0
010_RC206,10,RC,3,1,OPTIMAL,405.5268,3,3,2,1,0,1.0,405.5268,0.0,0.0,90,2.0,0.5,1.0
010_RC206,10,RC,3,2,OPTIMAL,478.6147,3,3,3,0,0,1.0,478.6147,0.0,0.0,90,2.0,0.5,1.0
010_RC206,10,RC,3,3,OPTIMAL,474.4408,3,3,3,0,0,1.0,474.4408,0.0,0.0,90,2.0,0.5,1.0
010_RC206,10,RC,3,4,OPTIMAL,448.7417,3,3,3,0,0,1.0,448.7417,0.0,0.0,90,2.0,0.5,1.0
010_RC206,10,RC,3,5,OPTIMAL,421.4181,3,3,2,1,0,1.0,421.4181,0.0,0.0,90,2.0,0.5,1.0
010_RC206,10,RC,3,6,OPTIMAL,438.4341,3,3,3,0,0,1.0,438.4341,0.0,0.0,90,2.0,0.5,1.0
010_RC206,10,RC,3,7,OPTIMAL,267.8058,3,2,2,0,1,0.6667,266.5111,0.0,1.2948,90,2.0,0.5,1.0
010_RC206,10,RC,3,8,OPTIMAL,294.8697,3,2,2,0,1,0.6667,289.6919,0.0,5.1778,90,2.0,0.5,1.0
010_RC206,10,RC,3,9,OPTIMAL,407.2696,3,3,3,0,0,1.0,407.2696,0.0,0.0,90,2.0,0.5,1.0
010_RC207,10,RC,1,0,OPTIMAL,142.1416,1,1,1,0,0,1.0,142.1416,0.0,0.0,90,2.0,0.5,1.0
010_RC207,10,RC,1,1,OPTIMAL,125.7277,1,1,0,1,0,1.0,125.7277,0.0,0.0,90,2.0,0.5,1.0
010_RC207,10,RC,1,2,OPTIMAL,149.1033,1,1,1,0,0,1.0,149.1033,0.0,0.0,90,2.0,0.5,1.0
010_RC207,10,RC,1,3,OPTIMAL,143.1071,1,1,1,0,0,1.0,143.1071,0.0,0.0,90,2.0,0.5,1.0
010_RC207,10,RC,1,4,OPTIMAL,38.3165,1,0,0,0,1,0.0,0.0,0.0,38.3165,90,2.0,0.5,1.0
010_RC207,10,RC,1,5,OPTIMAL,128.2154,1,1,1,0,0,1.0,128.2154,0.0,0.0,90,2.0,0.5,1.0
010_RC207,10,RC,1,6,OPTIMAL,0.2627,1,0,0,0,1,0.0,0.0,0.0,0.2627,90,2.0,0.5,1.0
010_RC207,10,RC,1,7,OPTIMAL,167.3145,1,1,1,0,0,1.0,167.3145,0.0,0.0,90,2.0,0.5,1.0
010_RC207,10,RC,1,8,OPTIMAL,172.8905,1,1,1,0,0,1.0,172.8905,0.0,0.0,90,2.0,0.5,1.0
010_RC207,10,RC,1,9,OPTIMAL,128.0604,1,1,1,0,0,1.0,128.0604,0.0,0.0,90,2.0,0.5,1.0
010_RC207,10,RC,2,0,OPTIMAL,296.1534,2,2,1,1,0,1.0,296.1534,0.0,0.0,90,2.0,0.5,1.0
010_RC207,10,RC,2,1,OPTIMAL,130.1319,2,1,1,0,1,0.5,129.4659,0.0,0.666,90,2.0,0.5,1.0
010_RC207,10,RC,2,2,OPTIMAL,320.7822,2,2,2,0,0,1.0,320.7822,0.0,0.0,90,2.0,0.5,1.0
010_RC207,10,RC,2,3,OPTIMAL,302.2819,2,2,2,0,0,1.0,302.2819,0.0,0.0,90,2.0,0.5,1.0
010_RC207,10,RC,2,4,OPTIMAL,293.3492,2,2,1,1,0,1.0,293.3492,0.0,0.0,90,2.0,0.5,1.0
010_RC207,10,RC,2,5,OPTIMAL,272.3861,2,2,2,0,0,1.0,272.3861,0.0,0.0,90,2.0,0.5,1.0
010_RC207,10,RC,2,6,OPTIMAL,159.6608,2,1,0,1,1,0.5,159.5106,0.0,0.1502,90,2.0,0.5,1.0
010_RC207,10,RC,2,7,OPTIMAL,282.1744,2,2,2,0,0,1.0,282.1744,0.0,0.0,90,2.0,0.5,1.0
010_RC207,10,RC,2,8,OPTIMAL,272.8937,2,2,2,0,0,1.0,272.8937,0.0,0.0,90,2.0,0.5,1.0
010_RC207,10,RC,2,9,OPTIMAL,276.2356,2,2,2,0,0,1.0,276.2356,0.0,0.0,90,2.0,0.5,1.0
010_RC207,10,RC,3,0,OPTIMAL,454.1766,3,3,3,0,0,1.0,454.1766,0.0,0.0,90,2.0,0.5,1.0
010_RC207,10,RC,3,1,OPTIMAL,224.7579,3,1,0,1,2,0.3333,147.2878,0.0,77.4701,90,2.0,0.5,1.0
010_RC207,10,RC,3,2,OPTIMAL,377.2958,3,2,2,0,1,0.6667,341.5112,0.0,35.7847,90,2.0,0.5,1.0
010_RC207,10,RC,3,3,OPTIMAL,320.0543,3,2,2,0,1,0.6667,320.0511,0.0,0.0032,90,2.0,0.5,1.0
010_RC207,10,RC,3,4,OPTIMAL,321.85,3,2,2,0,1,0.6667,321.465,0.0,0.385,90,2.0,0.5,1.0
010_RC207,10,RC,3,5,OPTIMAL,421.4181,3,3,2,1,0,1.0,421.4181,0.0,0.0,90,2.0,0.5,1.0
010_RC207,10,RC,3,6,OPTIMAL,438.4341,3,3,2,1,0,1.0,438.4341,0.0,0.0,90,2.0,0.5,1.0
010_RC207,10,RC,3,7,OPTIMAL,285.9898,3,2,2,0,1,0.6667,284.9032,0.0,1.0867,90,2.0,0.5,1.0
010_RC207,10,RC,3,8,OPTIMAL,133.6644,3,1,1,0,2,0.3333,126.2161,0.0,7.4483,90,2.0,0.5,1.0
010_RC207,10,RC,3,9,OPTIMAL,268.4334,3,2,2,0,1,0.6667,267.9308,0.0,0.5026,90,2.0,0.5,1.0
010_RC208,10,RC,1,0,OPTIMAL,142.1416,1,1,1,0,0,1.0,142.1416,0.0,0.0,90,2.0,0.5,1.0
010_RC208,10,RC,1,1,OPTIMAL,125.7277,1,1,1,0,0,1.0,125.7277,0.0,0.0,90,2.0,0.5,1.0
010_RC208,10,RC,1,2,OPTIMAL,149.1033,1,1,0,1,0,1.0,149.1033,0.0,0.0,90,2.0,0.5,1.0
010_RC208,10,RC,1,3,OPTIMAL,143.1071,1,1,0,1,0,1.0,143.1071,0.0,0.0,90,2.0,0.5,1.0
010_RC208,10,RC,1,4,OPTIMAL,119.1389,1,1,1,0,0,1.0,119.1389,0.0,0.0,90,2.0,0.5,1.0
010_RC208,10,RC,1,5,OPTIMAL,128.2154,1,1,1,0,0,1.0,128.2154,0.0,0.0,90,2.0,0.5,1.0
010_RC208,10,RC,1,6,OPTIMAL,175.6041,1,1,1,0,0,1.0,175.6041,0.0,0.0,90,2.0,0.5,1.0
010_RC208,10,RC,1,7,OPTIMAL,167.3145,1,1,1,0,0,1.0,167.3145,0.0,0.0,90,2.0,0.5,1.0
010_RC208,10,RC,1,8,OPTIMAL,172.8905,1,1,1,0,0,1.0,172.8905,0.0,0.0,90,2.0,0.5,1.0
010_RC208,10,RC,1,9,OPTIMAL,128.0604,1,1,1,0,0,1.0,128.0604,0.0,0.0,90,2.0,0.5,1.0
010_RC208,10,RC,2,0,OPTIMAL,296.1534,2,2,2,0,0,1.0,296.1534,0.0,0.0,90,2.0,0.5,1.0
010_RC208,10,RC,2,1,OPTIMAL,129.4713,2,1,1,0,1,0.5,129.4659,0.0,0.0054,90,2.0,0.5,1.0
010_RC208,10,RC,2,2,OPTIMAL,320.7822,2,2,2,0,0,1.0,320.7822,0.0,0.0,90,2.0,0.5,1.0
010_RC208,10,RC,2,3,OPTIMAL,302.2819,2,2,2,0,0,1.0,302.2819,0.0,0.0,90,2.0,0.5,1.0
010_RC208,10,RC,2,4,OPTIMAL,293.3492,2,2,1,1,0,1.0,293.3492,0.0,0.0,90,2.0,0.5,1.0
010_RC208,10,RC,2,5,OPTIMAL,272.3861,2,2,2,0,0,1.0,272.3861,0.0,0.0,90,2.0,0.5,1.0
010_RC208,10,RC,2,6,OPTIMAL,305.4996,2,2,2,0,0,1.0,305.4996,0.0,0.0,90,2.0,0.5,1.0
010_RC208,10,RC,2,7,OPTIMAL,163.0129,2,1,1,0,1,0.5,153.9293,0.0,9.0836,90,2.0,0.5,1.0
010_RC208,10,RC,2,8,OPTIMAL,272.8937,2,2,2,0,0,1.0,272.8937,0.0,0.0,90,2.0,0.5,1.0
010_RC208,10,RC,2,9,OPTIMAL,184.9358,2,1,1,0,1,0.5,139.5042,0.0,45.4316,90,2.0,0.5,1.0
010_RC208,10,RC,3,0,OPTIMAL,308.4607,3,2,2,0,1,0.6667,308.4605,0.0,0.0002,90,2.0,0.5,1.0
010_RC208,10,RC,3,1,OPTIMAL,405.5268,3,3,3,0,0,1.0,405.5268,0.0,0.0,90,2.0,0.5,1.0
010_RC208,10,RC,3,2,OPTIMAL,478.6147,3,3,3,0,0,1.0,478.6147,0.0,0.0,90,2.0,0.5,1.0
010_RC208,10,RC,3,3,OPTIMAL,474.4408,3,3,3,0,0,1.0,474.4408,0.0,0.0,90,2.0,0.5,1.0
010_RC208,10,RC,3,4,OPTIMAL,226.6849,3,1,1,0,2,0.3333,189.8847,0.0,36.8002,90,2.0,0.5,1.0
010_RC208,10,RC,3,5,OPTIMAL,306.8545,3,2,2,0,1,0.6667,298.1246,0.0,8.7299,90,2.0,0.5,1.0
010_RC208,10,RC,3,6,OPTIMAL,284.5405,3,2,1,1,1,0.6667,283.8528,0.0,0.6877,90,2.0,0.5,1.0
010_RC208,10,RC,3,7,OPTIMAL,400.122,3,3,3,0,0,1.0,400.122,0.0,0.0,90,2.0,0.5,1.0
010_RC208,10,RC,3,8,OPTIMAL,263.0802,3,2,2,0,1,0.6667,263.0626,0.0,0.0176,90,2.0,0.5,1.0
010_RC208,10,RC,3,9,OPTIMAL,407.2696,3,3,3,0,0,1.0,407.2696,0.0,0.0,90,2.0,0.5,1.0
015_C101,15,C,1,0,OPTIMAL,7.4157,1,0,0,0,1,0.0,0.0,0.0,7.4157,90,2.0,0.5,1.0
015_C101,15,C,1,1,OPTIMAL,71.2346,1,1,1,0,0,1.0,71.2346,0.0,0.0,90,2.0,0.5,1.0
015_C101,15,C,1,2,OPTIMAL,69.1763,1,1,1,0,0,1.0,69.1763,0.0,0.0,90,2.0,0.5,1.0
015_C101,15,C,1,3,OPTIMAL,11.2423,1,0,0,0,1,0.0,0.0,0.0,11.2423,90,2.0,0.5,1.0
015_C101,15,C,1,4,OPTIMAL,154.1839,1,1,1,0,0,1.0,154.1839,0.0,0.0,90,2.0,0.5,1.0
015_C101,15,C,1,5,OPTIMAL,8.0968,1,0,0,0,1,0.0,0.0,0.0,8.0968,90,2.0,0.5,1.0
015_C101,15,C,1,6,OPTIMAL,69.9638,1,1,1,0,0,1.0,69.9638,0.0,0.0,90,2.0,0.5,1.0
015_C101,15,C,1,7,OPTIMAL,0.0041,1,0,0,0,1,0.0,0.0,0.0,0.0041,90,2.0,0.5,1.0
015_C101,15,C,1,8,OPTIMAL,3.9999,1,0,0,0,1,0.0,0.0,0.0,3.9999,90,2.0,0.5,1.0
015_C101,15,C,1,9,OPTIMAL,63.375,1,1,1,0,0,1.0,63.375,0.0,0.0,90,2.0,0.5,1.0
015_C101,15,C,2,0,OPTIMAL,140.1198,2,2,2,0,0,1.0,140.1198,0.0,0.0,90,2.0,0.5,1.0
015_C101,15,C,2,1,OPTIMAL,71.4511,2,1,1,0,1,0.5,70.5375,0.0,0.9136,90,2.0,0.5,1.0
015_C101,15,C,2,2,OPTIMAL,14.4231,2,0,0,0,2,0.0,0.0,0.0,14.4231,90,2.0,0.5,1.0
015_C101,15,C,2,3,OPTIMAL,279.7352,2,2,2,0,0,1.0,279.7352,0.0,0.0,90,2.0,0.5,1.0
015_C101,15,C,2,4,OPTIMAL,10.7563,2,0,0,0,2,0.0,0.0,0.0,10.7563,90,2.0,0.5,1.0
015_C101,15,C,2,5,OPTIMAL,149.038,2,2,2,0,0,1.0,149.038,0.0,0.0,90,2.0,0.5,1.0
015_C101,15,C,2,6,OPTIMAL,206.0198,2,2,2,0,0,1.0,206.0198,0.0,0.0,90,2.0,0.5,1.0
015_C101,15,C,2,7,OPTIMAL,15.6235,2,0,0,0,2,0.0,0.0,0.0,15.6235,90,2.0,0.5,1.0
015_C101,15,C,2,8,OPTIMAL,114.5047,2,2,2,0,0,1.0,114.5047,0.0,0.0,90,2.0,0.5,1.0
015_C101,15,C,2,9,OPTIMAL,7.522,2,0,0,0,2,0.0,0.0,0.0,7.522,90,2.0,0.5,1.0
015_C101,15,C,3,0,OPTIMAL,304.5597,3,2,2,0,1,0.6667,295.9123,0.0,8.6474,90,2.0,0.5,1.0
015_C101,15,C,3,1,OPTIMAL,66.2481,3,1,1,0,2,0.3333,64.4236,0.0,1.8245,90,2.0,0.5,1.0
015_C101,15,C,3,2,OPTIMAL,274.0239,3,3,3,0,0,1.0,274.0239,0.0,0.0,90,2.0,0.5,1.0
015_C101,15,C,3,3,OPTIMAL,133.752,3,1,1,0,2,0.3333,83.6624,0.0,50.0896,90,2.0,0.5,1.0
015_C101,15,C,3,4,OPTIMAL,134.5441,3,2,2,0,1,0.6667,129.8321,0.0,4.712,90,2.0,0.5,1.0
015_C101,15,C,3,5,OPTIMAL,217.8233,3,2,2,0,1,0.6667,217.8149,0.0,0.0083,90,2.0,0.5,1.0
015_C101,15,C,3,6,OPTIMAL,6.7499,3,0,0,0,3,0.0,0.0,0.0,6.7499,90,2.0,0.5,1.0
015_C101,15,C,3,7,OPTIMAL,198.0225,3,2,2,0,1,0.6667,197.8312,0.0,0.1913,90,2.0,0.5,1.0
015_C101,15,C,3,8,OPTIMAL,210.6856,3,2,2,0,1,0.6667,210.2555,0.0,0.4301,90,2.0,0.5,1.0
015_C101,15,C,3,9,OPTIMAL,206.9898,3,2,2,0,1,0.6667,197.2021,0.0,9.7877,90,2.0,0.5,1.0
015_C102,15,C,1,0,OPTIMAL,7.4157,1,0,0,0,1,0.0,0.0,0.0,7.4157,90,2.0,0.5,1.0
015_C102,15,C,1,1,OPTIMAL,71.2346,1,1,1,0,0,1.0,71.2346,0.0,0.0,90,2.0,0.5,1.0
015_C102,15,C,1,2,OPTIMAL,69.1763,1,1,1,0,0,1.0,69.1763,0.0,0.0,90,2.0,0.5,1.0
015_C102,15,C,1,3,OPTIMAL,86.6867,1,1,1,0,0,1.0,86.6867,0.0,0.0,90,2.0,0.5,1.0
015_C102,15,C,1,4,OPTIMAL,154.1839,1,1,1,0,0,1.0,154.1839,0.0,0.0,90,2.0,0.5,1.0
015_C102,15,C,1,5,OPTIMAL,8.0968,1,0,0,0,1,0.0,0.0,0.0,8.0968,90,2.0,0.5,1.0
015_C102,15,C,1,6,OPTIMAL,69.9638,1,1,1,0,0,1.0,69.9638,0.0,0.0,90,2.0,0.5,1.0
015_C102,15,C,1,7,OPTIMAL,70.1542,1,1,0,1,0,1.0,70.1542,0.0,0.0,90,2.0,0.5,1.0
015_C102,15,C,1,8,OPTIMAL,7.9998,1,0,0,0,1,0.0,0.0,0.0,7.9998,90,2.0,0.5,1.0
015_C102,15,C,1,9,OPTIMAL,63.375,1,1,1,0,0,1.0,63.375,0.0,0.0,90,2.0,0.5,1.0
015_C102,15,C,2,0,OPTIMAL,140.1198,2,2,2,0,0,1.0,140.1198,0.0,0.0,90,2.0,0.5,1.0
015_C102,15,C,2,1,OPTIMAL,113.0879,2,2,1,1,0,1.0,113.0879,0.0,0.0,90,2.0,0.5,1.0
015_C102,15,C,2,2,OPTIMAL,80.8896,2,1,1,0,1,0.5,69.8117,0.0,11.0779,90,2.0,0.5,1.0
015_C102,15,C,2,3,OPTIMAL,279.7352,2,2,2,0,0,1.0,279.7352,0.0,0.0,90,2.0,0.5,1.0
015_C102,15,C,2,4,OPTIMAL,77.1468,2,1,1,0,1,0.5,72.8601,0.0,4.2867,90,2.0,0.5,1.0
015_C102,15,C,2,5,OPTIMAL,149.038,2,2,2,0,0,1.0,149.038,0.0,0.0,90,2.0,0.5,1.0
015_C102,15,C,2,6,OPTIMAL,206.0198,2,2,2,0,0,1.0,206.0198,0.0,0.0,90,2.0,0.5,1.0
015_C102,15,C,2,7,OPTIMAL,15.6235,2,0,0,0,2,0.0,0.0,0.0,15.6235,90,2.0,0.5,1.0
015_C102,15,C,2,8,OPTIMAL,114.5047,2,2,2,0,0,1.0,114.5047,0.0,0.0,90,2.0,0.5,1.0
015_C102,15,C,2,9,OPTIMAL,164.1397,2,2,2,0,0,1.0,164.1397,0.0,0.0,90,2.0,0.5,1.0
015_C102,15,C,3,0,OPTIMAL,304.5597,3,2,2,0,1,0.6667,295.9123,0.0,8.6474,90,2.0,0.5,1.0
015_C102,15,C,3,1,OPTIMAL,66.2481,3,1,1,0,2,0.3333,64.4236,0.0,1.8245,90,2.0,0.5,1.0
015_C102,15,C,3,2,OPTIMAL,274.0239,3,3,3,0,0,1.0,274.0239,0.0,0.0,90,2.0,0.5,1.0
015_C102,15,C,3,3,OPTIMAL,278.3421,3,3,3,0,0,1.0,278.3421,0.0,0.0,90,2.0,0.5,1.0
015_C102,15,C,3,4,OPTIMAL,199.4307,3,3,3,0,0,1.0,199.4307,0.0,0.0,90,2.0,0.5,1.0
015_C102,15,C,3,5,OPTIMAL,217.8233,3,2,2,0,1,0.6667,217.8149,0.0,0.0083,90,2.0,0.5,1.0
015_C102,15,C,3,6,OPTIMAL,78.0179,3,1,1,0,2,0.3333,69.0265,0.0,8.9914,90,2.0,0.5,1.0
015_C102,15,C,3,7,OPTIMAL,198.4432,3,2,2,0,1,0.6667,197.8312,0.0,0.612,90,2.0,0.5,1.0
015_C102,15,C,3,8,OPTIMAL,210.6856,3,2,2,0,1,0.6667,210.2555,0.0,0.4301,90,2.0,0.5,1.0
015_C102,15,C,3,9,OPTIMAL,214.5536,3,2,2,0,1,0.6667,197.2021,0.0,17.3515,90,2.0,0.5,1.0
015_C103,15,C,1,0,OPTIMAL,148.4391,1,1,0,1,0,1.0,148.4391,0.0,0.0,90,2.0,0.5,1.0
015_C103,15,C,1,1,OPTIMAL,71.2346,1,1,1,0,0,1.0,71.2346,0.0,0.0,90,2.0,0.5,1.0
015_C103,15,C,1,2,OPTIMAL,69.1763,1,1,1,0,0,1.0,69.1763,0.0,0.0,90,2.0,0.5,1.0
015_C103,15,C,1,3,OPTIMAL,86.6867,1,1,1,0,0,1.0,86.6867,0.0,0.0,90,2.0,0.5,1.0
015_C103,15,C,1,4,OPTIMAL,154.1839,1,1,1,0,0,1.0,154.1839,0.0,0.0,90,2.0,0.5,1.0
015_C103,15,C,1,5,OPTIMAL,8.0968,1,0,0,0,1,0.0,0.0,0.0,8.0968,90,2.0,0.5,1.0
015_C103,15,C,1,6,OPTIMAL,69.9638,1,1,1,0,0,1.0,69.9638,0.0,0.0,90,2.0,0.5,1.0
015_C103,15,C,1,7,OPTIMAL,70.1542,1,1,0,1,0,1.0,70.1542,0.0,0.0,90,2.0,0.5,1.0
015_C103,15,C,1,8,OPTIMAL,70.2817,1,1,1,0,0,1.0,70.2817,0.0,0.0,90,2.0,0.5,1.0
015_C103,15,C,1,9,OPTIMAL,63.375,1,1,1,0,0,1.0,63.375,0.0,0.0,90,2.0,0.5,1.0
015_C103,15,C,2,0,OPTIMAL,140.1198,2,2,2,0,0,1.0,140.1198,0.0,0.0,90,2.0,0.5,1.0
015_C103,15,C,2,1,OPTIMAL,113.0879,2,2,1,1,0,1.0,113.0879,0.0,0.0,90,2.0,0.5,1.0
015_C103,15,C,2,2,OPTIMAL,80.8896,2,1,1,0,1,0.5,69.8117,0.0,11.0779,90,2.0,0.5,1.0
015_C103,15,C,2,3,OPTIMAL,279.7352,2,2,2,0,0,1.0,279.7352,0.0,0.0,90,2.0,0.5,1.0
015_C103,15,C,2,4,OPTIMAL,119.7579,2,2,1,1,0,1.0,119.7579,0.0,0.0,90,2.0,0.5,1.0
015_C103,15,C,2,5,OPTIMAL,149.038,2,2,2,0,0,1.0,149.038,0.0,0.0,90,2.0,0.5,1.0
015_C103,15,C,2,6,OPTIMAL,206.0198,2,2,2,0,0,1.0,206.0198,0.0,0.0,90,2.0,0.5,1.0
015_C103,15,C,2,7,OPTIMAL,15.6235,2,0,0,0,2,0.0,0.0,0.0,15.6235,90,2.0,0.5,1.0
015_C103,15,C,2,8,OPTIMAL,114.5047,2,2,2,0,0,1.0,114.5047,0.0,0.0,90,2.0,0.5,1.0
015_C103,15,C,2,9,OPTIMAL,164.1397,2,2,2,0,0,1.0,164.1397,0.0,0.0,90,2.0,0.5,1.0
015_C103,15,C,3,0,OPTIMAL,374.9568,3,3,2,1,0,1.0,374.9568,0.0,0.0,90,2.0,0.5,1.0
015_C103,15,C,3,1,OPTIMAL,66.2481,3,1,1,0,2,0.3333,64.4236,0.0,1.8245,90,2.0,0.5,1.0
015_C103,15,C,3,2,OPTIMAL,274.0239,3,3,3,0,0,1.0,274.0239,0.0,0.0,90,2.0,0.5,1.0
015_C103,15,C,3,3,OPTIMAL,278.3421,3,3,3,0,0,1.0,278.3421,0.0,0.0,90,2.0,0.5,1.0
015_C103,15,C,3,4,OPTIMAL,199.4307,3,3,3,0,0,1.0,199.4307,0.0,0.0,90,2.0,0.5,1.0
015_C103,15,C,3,5,OPTIMAL,217.8233,3,2,2,0,1,0.6667,217.8149,0.0,0.0083,90,2.0,0.5,1.0
015_C103,15,C,3,6,OPTIMAL,139.2694,3,2,2,0,1,0.6667,138.3813,0.0,0.8881,90,2.0,0.5,1.0
015_C103,15,C,3,7,OPTIMAL,198.4432,3,2,2,0,1,0.6667,197.8312,0.0,0.612,90,2.0,0.5,1.0
015_C103,15,C,3,8,OPTIMAL,210.6856,3,2,2,0,1,0.6667,210.2555,0.0,0.4301,90,2.0,0.5,1.0
015_C103,15,C,3,9,OPTIMAL,274.7787,3,3,3,0,0,1.0,274.7787,0.0,0.0,90,2.0,0.5,1.0
015_C104,15,C,1,0,OPTIMAL,148.4391,1,1,0,1,0,1.0,148.4391,0.0,0.0,90,2.0,0.5,1.0
015_C104,15,C,1,1,OPTIMAL,71.2346,1,1,1,0,0,1.0,71.2346,0.0,0.0,90,2.0,0.5,1.0
015_C104,15,C,1,2,OPTIMAL,69.1763,1,1,1,0,0,1.0,69.1763,0.0,0.0,90,2.0,0.5,1.0
015_C104,15,C,1,3,OPTIMAL,86.6867,1,1,1,0,0,1.0,86.6867,0.0,0.0,90,2.0,0.5,1.0
015_C104,15,C,1,4,OPTIMAL,154.1839,1,1,1,0,0,1.0,154.1839,0.0,0.0,90,2.0,0.5,1.0
015_C104,15,C,1,5,OPTIMAL,79.418,1,1,1,0,0,1.0,79.418,0.0,0.0,90,2.0,0.5,1.0
015_C104,15,C,1,6,OPTIMAL,69.9638,1,1,1,0,0,1.0,69.9638,0.0,0.0,90,2.0,0.5,1.0
015_C104,15,C,1,7,OPTIMAL,70.1542,1,1,1,0,0,1.0,70.1542,0.0,0.0,90,2.0,0.5,1.0
015_C104,15,C,1,8,OPTIMAL,70.2817,1,1,1,0,0,1.0,70.2817,0.0,0.0,90,2.0,0.5,1.0
015_C104,15,C,1,9,OPTIMAL,63.375,1,1,1,0,0,1.0,63.375,0.0,0.0,90,2.0,0.5,1.0
015_C104,15,C,2,0,OPTIMAL,140.1198,2,2,2,0,0,1.0,140.1198,0.0,0.0,90,2.0,0.5,1.0
015_C104,15,C,2,1,OPTIMAL,113.0879,2,2,2,0,0,1.0,113.0879,0.0,0.0,90,2.0,0.5,1.0
015_C104,15,C,2,2,OPTIMAL,163.6628,2,2,1,1,0,1.0,163.6628,0.0,0.0,90,2.0,0.5,1.0
015_C104,15,C,2,3,OPTIMAL,279.7352,2,2,2,0,0,1.0,279.7352,0.0,0.0,90,2.0,0.5,1.0
015_C104,15,C,2,4,OPTIMAL,119.7579,2,2,1,1,0,1.0,119.7579,0.0,0.0,90,2.0,0.5,1.0
015_C104,15,C,2,5,OPTIMAL,149.038,2,2,2,0,0,1.0,149.038,0.0,0.0,90,2.0,0.5,1.0
015_C104,15,C,2,6,OPTIMAL,206.0198,2,2,2,0,0,1.0,206.0198,0.0,0.0,90,2.0,0.5,1.0
015_C104,15,C,2,7,OPTIMAL,121.2496,2,2,0,2,0,1.0,121.2496,0.0,0.0,90,2.0,0.5,1.0
015_C104,15,C,2,8,OPTIMAL,114.5047,2,2,2,0,0,1.0,114.5047,0.0,0.0,90,2.0,0.5,1.0
015_C104,15,C,2,9,OPTIMAL,164.1397,2,2,2,0,0,1.0,164.1397,0.0,0.0,90,2.0,0.5,1.0
015_C104,15,C,3,0,OPTIMAL,374.9568,3,3,2,1,0,1.0,374.9568,0.0,0.0,90,2.0,0.5,1.0
015_C104,15,C,3,1,OPTIMAL,199.7491,3,3,2,1,0,1.0,199.7491,0.0,0.0,90,2.0,0.5,1.0
015_C104,15,C,3,2,OPTIMAL,274.0239,3,3,3,0,0,1.0,274.0239,0.0,0.0,90,2.0,0.5,1.0
015_C104,15,C,3,3,OPTIMAL,278.3421,3,3,3,0,0,1.0,278.3421,0.0,0.0,90,2.0,0.5,1.0
015_C104,15,C,3,4,OPTIMAL,199.4307,3,3,3,0,0,1.0,199.4307,0.0,0.0,90,2.0,0.5,1.0
015_C104,15,C,3,5,OPTIMAL,279.3841,3,3,3,0,0,1.0,279.3841,0.0,0.0,90,2.0,0.5,1.0
015_C104,15,C,3,6,OPTIMAL,140.5075,3,2,2,0,1,0.6667,138.3813,0.0,2.1261,90,2.0,0.5,1.0
015_C104,15,C,3,7,OPTIMAL,198.4432,3,2,2,0,1,0.6667,197.8312,0.0,0.612,90,2.0,0.5,1.0
015_C104,15,C,3,8,OPTIMAL,210.6856,3,2,2,0,1,0.6667,210.2555,0.0,0.4301,90,2.0,0.5,1.0
015_C104,15,C,3,9,OPTIMAL,274.7787,3,3,3,0,0,1.0,274.7787,0.0,0.0,90,2.0,0.5,1.0
015_C105,15,C,1,0,OPTIMAL,7.4157,1,0,0,0,1,0.0,0.0,0.0,7.4157,90,2.0,0.5,1.0
015_C105,15,C,1,1,OPTIMAL,71.2346,1,1,1,0,0,1.0,71.2346,0.0,0.0,90,2.0,0.5,1.0
015_C105,15,C,1,2,OPTIMAL,18.1824,1,0,0,0,1,0.0,0.0,0.0,18.1824,90,2.0,0.5,1.0
015_C105,15,C,1,3,OPTIMAL,86.6867,1,1,1,0,0,1.0,86.6867,0.0,0.0,90,2.0,0.5,1.0
015_C105,15,C,1,4,OPTIMAL,154.1839,1,1,1,0,0,1.0,154.1839,0.0,0.0,90,2.0,0.5,1.0
015_C105,15,C,1,5,OPTIMAL,8.0968,1,0,0,0,1,0.0,0.0,0.0,8.0968,90,2.0,0.5,1.0
015_C105,15,C,1,6,OPTIMAL,69.9638,1,1,1,0,0,1.0,69.9638,0.0,0.0,90,2.0,0.5,1.0
015_C105,15,C,1,7,OPTIMAL,0.0041,1,0,0,0,1,0.0,0.0,0.0,0.0041,90,2.0,0.5,1.0
015_C105,15,C,1,8,OPTIMAL,0.3259,1,0,0,0,1,0.0,0.0,0.0,0.3259,90,2.0,0.5,1.0
015_C105,15,C,1,9,OPTIMAL,63.375,1,1,1,0,0,1.0,63.375,0.0,0.0,90,2.0,0.5,1.0
015_C105,15,C,2,0,OPTIMAL,140.1198,2,2,2,0,0,1.0,140.1198,0.0,0.0,90,2.0,0.5,1.0
015_C105,15,C,2,1,OPTIMAL,82.9138,2,1,1,0,1,0.5,70.5375,0.0,12.3763,90,2.0,0.5,1.0
015_C105,15,C,2,2,OPTIMAL,13.7388,2,0,0,0,2,0.0,0.0,0.0,13.7388,90,2.0,0.5,1.0
015_C105,15,C,2,3,OPTIMAL,194.5001,2,1,1,0,1,0.5,149.4385,0.0,45.0616,90,2.0,0.5,1.0
015_C105,15,C,2,4,OPTIMAL,10.7563,2,0,0,0,2,0.0,0.0,0.0,10.7563,90,2.0,0.5,1.0
015_C105,15,C,2,5,OPTIMAL,149.038,2,2,2,0,0,1.0,149.038,0.0,0.0,90,2.0,0.5,1.0
015_C105,15,C,2,6,OPTIMAL,206.0198,2,2,2,0,0,1.0,206.0198,0.0,0.0,90,2.0,0.5,1.0
015_C105,15,C,2,7,OPTIMAL,44.1789,2,1,0,1,1,0.5,39.2089,0.0,4.97,90,2.0,0.5,1.0
015_C105,15,C,2,8,OPTIMAL,114.5047,2,2,2,0,0,1.0,114.5047,0.0,0.0,90,2.0,0.5,1.0
015_C105,15,C,2,9,OPTIMAL,164.1397,2,2,2,0,0,1.0,164.1397,0.0,0.0,90,2.0,0.5,1.0
015_C105,15,C,3,0,OPTIMAL,374.9568,3,3,3,0,0,1.0,374.9568,0.0,0.0,90,2.0,0.5,1.0
015_C105,15,C,3,1,OPTIMAL,140.7296,3,2,2,0,1,0.6667,136.1852,0.0,4.5444,90,2.0,0.5,1.0
015_C105,15,C,3,2,OPTIMAL,163.122,3,2,2,0,1,0.6667,118.8474,0.0,44.2746,90,2.0,0.5,1.0
015_C105,15,C,3,3,OPTIMAL,238.4678,3,2,2,0,1,0.6667,235.2871,0.0,3.1806,90,2.0,0.5,1.0
015_C105,15,C,3,4,OPTIMAL,134.5441,3,2,2,0,1,0.6667,129.8321,0.0,4.712,90,2.0,0.5,1.0
015_C105,15,C,3,5,OPTIMAL,115.9999,3,1,1,0,2,0.3333,77.1774,0.0,38.8226,90,2.0,0.5,1.0
015_C105,15,C,3,6,OPTIMAL,3.2559,3,0,0,0,3,0.0,0.0,0.0,3.2559,90,2.0,0.5,1.0
015_C105,15,C,3,7,OPTIMAL,198.0225,3,2,2,0,1,0.6667,197.8312,0.0,0.1913,90,2.0,0.5,1.0
015_C105,15,C,3,8,OPTIMAL,268.7403,3,3,3,0,0,1.0,268.7403,0.0,0.0,90,2.0,0.5,1.0
015_C105,15,C,3,9,OPTIMAL,40.6377,3,0,0,0,3,0.0,0.0,0.0,40.6377,90,2.0,0.5,1.0
015_C106,15,C,1,0,OPTIMAL,7.4157,1,0,0,0,1,0.0,0.0,0.0,7.4157,90,2.0,0.5,1.0
015_C106,15,C,1,1,OPTIMAL,71.2346,1,1,1,0,0,1.0,71.2346,0.0,0.0,90,2.0,0.5,1.0
015_C106,15,C,1,2,OPTIMAL,5.6145,1,0,0,0,1,0.0,0.0,0.0,5.6145,90,2.0,0.5,1.0
015_C106,15,C,1,3,OPTIMAL,86.6867,1,1,1,0,0,1.0,86.6867,0.0,0.0,90,2.0,0.5,1.0
015_C106,15,C,1,4,OPTIMAL,154.1839,1,1,1,0,0,1.0,154.1839,0.0,0.0,90,2.0,0.5,1.0
015_C106,15,C,1,5,OPTIMAL,10.6426,1,0,0,0,1,0.0,0.0,0.0,10.6426,90,2.0,0.5,1.0
015_C106,15,C,1,6,OPTIMAL,69.9638,1,1,1,0,0,1.0,69.9638,0.0,0.0,90,2.0,0.5,1.0
015_C106,15,C,1,7,OPTIMAL,0.0041,1,0,0,0,1,0.0,0.0,0.0,0.0041,90,2.0,0.5,1.0
015_C106,15,C,1,8,OPTIMAL,0.3259,1,0,0,0,1,0.0,0.0,0.0,0.3259,90,2.0,0.5,1.0
015_C106,15,C,1,9,OPTIMAL,63.375,1,1,1,0,0,1.0,63.375,0.0,0.0,90,2.0,0.5,1.0
015_C106,15,C,2,0,OPTIMAL,140.1198,2,2,2,0,0,1.0,140.1198,0.0,0.0,90,2.0,0.5,1.0
015_C106,15,C,2,1,OPTIMAL,71.4511,2,1,1,0,1,0.5,70.5375,0.0,0.9136,90,2.0,0.5,1.0
015_C106,15,C,2,2,OPTIMAL,14.4231,2,0,0,0,2,0.0,0.0,0.0,14.4231,90,2.0,0.5,1.0
015_C106,15,C,2,3,OPTIMAL,279.7352,2,2,2,0,0,1.0,279.7352,0.0,0.0,90,2.0,0.5,1.0
015_C106,15,C,2,4,OPTIMAL,53.3673,2,1,1,0,1,0.5,46.8978,0.0,6.4695,90,2.0,0.5,1.0
015_C106,15,C,2,5,OPTIMAL,81.8797,2,1,1,0,1,0.5,78.9418,0.0,2.9379,90,2.0,0.5,1.0
015_C106,15,C,2,6,OPTIMAL,206.0198,2,2,2,0,0,1.0,206.0198,0.0,0.0,90,2.0,0.5,1.0
015_C106,15,C,2,7,OPTIMAL,15.6235,2,0,0,0,2,0.0,0.0,0.0,15.6235,90,2.0,0.5,1.0
015_C106,15,C,2,8,OPTIMAL,114.5047,2,2,2,0,0,1.0,114.5047,0.0,0.0,90,2.0,0.5,1.0
015_C106,15,C,2,9,OPTIMAL,31.8487,2,0,0,0,2,0.0,0.0,0.0,31.8487,90,2.0,0.5,1.0
015_C106,15,C,3,0,OPTIMAL,304.5597,3,2,2,0,1,0.6667,295.9123,0.0,8.6474,90,2.0,0.5,1.0
015_C106,15,C,3,1,OPTIMAL,140.7296,3,2,2,0,1,0.6667,136.1852,0.0,4.5444,90,2.0,0.5,1.0
015_C106,15,C,3,2,OPTIMAL,274.0239,3,3,3,0,0,1.0,274.0239,0.0,0.0,90,2.0,0.5,1.0
015_C106,15,C,3,3,OPTIMAL,173.6263,3,2,1,1,1,0.6667,126.7173,0.0,46.9089,90,2.0,0.5,1.0
015_C106,15,C,3,4,OPTIMAL,154.8673,3,2,2,0,1,0.6667,129.8321,0.0,25.0352,90,2.0,0.5,1.0
015_C106,15,C,3,5,OPTIMAL,115.9999,3,1,1,0,2,0.3333,77.1774,0.0,38.8226,90,2.0,0.5,1.0
015_C106,15,C,3,6,OPTIMAL,69.1236,3,1,0,1,2,0.3333,69.0265,0.0,0.0971,90,2.0,0.5,1.0
015_C106,15,C,3,7,OPTIMAL,198.0225,3,2,2,0,1,0.6667,197.8312,0.0,0.1913,90,2.0,0.5,1.0
015_C106,15,C,3,8,OPTIMAL,210.6856,3,2,2,0,1,0.6667,210.2555,0.0,0.4301,90,2.0,0.5,1.0
015_C106,15,C,3,9,OPTIMAL,119.2049,3,1,1,0,2,0.3333,82.3138,0.0,36.8911,90,2.0,0.5,1.0
015_C107,15,C,1,0,OPTIMAL,148.4391,1,1,1,0,0,1.0,148.4391,0.0,0.0,90,2.0,0.5,1.0
015_C107,15,C,1,1,OPTIMAL,71.2346,1,1,1,0,0,1.0,71.2346,0.0,0.0,90,2.0,0.5,1.0
015_C107,15,C,1,2,OPTIMAL,5.6145,1,0,0,0,1,0.0,0.0,0.0,5.6145,90,2.0,0.5,1.0
015_C107,15,C,1,3,OPTIMAL,11.4362,1,0,0,0,1,0.0,0.0,0.0,11.4362,90,2.0,0.5,1.0
015_C107,15,C,1,4,OPTIMAL,12.2665,1,0,0,0,1,0.0,0.0,0.0,12.2665,90,2.0,0.5,1.0
015_C107,15,C,1,5,OPTIMAL,8.0968,1,0,0,0,1,0.0,0.0,0.0,8.0968,90,2.0,0.5,1.0
015_C107,15,C,1,6,OPTIMAL,5.1069,1,0,0,0,1,0.0,0.0,0.0,5.1069,90,2.0,0.5,1.0
015_C107,15,C,1,7,OPTIMAL,70.1542,1,1,1,0,0,1.0,70.1542,0.0,0.0,90,2.0,0.5,1.0
015_C107,15,C,1,8,OPTIMAL,0.3259,1,0,0,0,1,0.0,0.0,0.0,0.3259,90,2.0,0.5,1.0
015_C107,15,C,1,9,OPTIMAL,63.375,1,1,1,0,0,1.0,63.375,0.0,0.0,90,2.0,0.5,1.0
015_C107,15,C,2,0,OPTIMAL,140.1198,2,2,2,0,0,1.0,140.1198,0.0,0.0,90,2.0,0.5,1.0
015_C107,15,C,2,1,OPTIMAL,72.4527,2,1,1,0,1,0.5,70.5375,0.0,1.9152,90,2.0,0.5,1.0
015_C107,15,C,2,2,OPTIMAL,96.512,2,1,1,0,1,0.5,93.851,0.0,2.661,90,2.0,0.5,1.0
015_C107,15,C,2,3,OPTIMAL,84.8719,2,0,0,0,2,0.0,0.0,0.0,84.8719,90,2.0,0.5,1.0
015_C107,15,C,2,4,OPTIMAL,119.7579,2,2,2,0,0,1.0,119.7579,0.0,0.0,90,2.0,0.5,1.0
015_C107,15,C,2,5,OPTIMAL,77.426,2,1,1,0,1,0.5,70.0962,0.0,7.3298,90,2.0,0.5,1.0
015_C107,15,C,2,6,OPTIMAL,76.9082,2,1,0,1,1,0.5,75.2111,0.0,1.6971,90,2.0,0.5,1.0
015_C107,15,C,2,7,OPTIMAL,82.4241,2,1,1,0,1,0.5,82.0407,0.0,0.3834,90,2.0,0.5,1.0
015_C107,15,C,2,8,OPTIMAL,48.666,2,1,1,0,1,0.5,45.0972,0.0,3.5688,90,2.0,0.5,1.0
015_C107,15,C,2,9,OPTIMAL,85.6651,2,1,1,0,1,0.5,81.4038,0.0,4.2613,90,2.0,0.5,1.0
015_C107,15,C,3,0,OPTIMAL,374.9568,3,3,3,0,0,1.0,374.9568,0.0,0.0,90,2.0,0.5,1.0
015_C107,15,C,3,1,OPTIMAL,65.8623,3,1,1,0,2,0.3333,64.4236,0.0,1.4386,90,2.0,0.5,1.0
015_C107,15,C,3,2,OPTIMAL,274.0239,3,3,3,0,0,1.0,274.0239,0.0,0.0,90,2.0,0.5,1.0
015_C107,15,C,3,3,OPTIMAL,238.4678,3,2,2,0,1,0.6667,235.2871,0.0,3.1806,90,2.0,0.5,1.0
015_C107,15,C,3,4,OPTIMAL,199.4307,3,3,3,0,0,1.0,199.4307,0.0,0.0,90,2.0,0.5,1.0
015_C107,15,C,3,5,OPTIMAL,218.523,3,2,2,0,1,0.6667,217.8149,0.0,0.7081,90,2.0,0.5,1.0
015_C107,15,C,3,6,OPTIMAL,10.3693,3,0,0,0,3,0.0,0.0,0.0,10.3693,90,2.0,0.5,1.0
015_C107,15,C,3,7,OPTIMAL,110.164,3,1,1,0,2,0.3333,72.6735,0.0,37.4905,90,2.0,0.5,1.0
015_C107,15,C,3,8,OPTIMAL,268.7403,3,3,3,0,0,1.0,268.7403,0.0,0.0,90,2.0,0.5,1.0
015_C107,15,C,3,9,OPTIMAL,203.0913,3,2,2,0,1,0.6667,197.2021,0.0,5.8893,90,2.0,0.5,1.0
015_C108,15,C,1,0,OPTIMAL,148.4391,1,1,1,0,0,1.0,148.4391,0.0,0.0,90,2.0,0.5,1.0
015_C108,15,C,1,1,OPTIMAL,71.2346,1,1,1,0,0,1.0,71.2346,0.0,0.0,90,2.0,0.5,1.0
015_C108,15,C,1,2,OPTIMAL,8.0534,1,0,0,0,1,0.0,0.0,0.0,8.0534,90,2.0,0.5,1.0
015_C108,15,C,1,3,OPTIMAL,11.4362,1,0,0,0,1,0.0,0.0,0.0,11.4362,90,2.0,0.5,1.0
015_C108,15,C,1,4,OPTIMAL,154.1839,1,1,0,1,0,1.0,154.1839,0.0,0.0,90,2.0,0.5,1.0
015_C108,15,C,1,5,OPTIMAL,79.418,1,1,1,0,0,1.0,79.418,0.0,0.0,90,2.0,0.5,1.0
015_C108,15,C,1,6,OPTIMAL,1.3979,1,0,0,0,1,0.0,0.0,0.0,1.3979,90,2.0,0.5,1.0
015_C108,15,C,1,7,OPTIMAL,0.1583,1,0,0,0,1,0.0,0.0,0.0,0.1583,90,2.0,0.5,1.0
015_C108,15,C,1,8,OPTIMAL,3.1577,1,0,0,0,1,0.0,0.0,0.0,3.1577,90,2.0,0.5,1.0
015_C108,15,C,1,9,OPTIMAL,63.375,1,1,1,0,0,1.0,63.375,0.0,0.0,90,2.0,0.5,1.0
015_C108,15,C,2,0,OPTIMAL,140.1198,2,2,2,0,0,1.0,140.1198,0.0,0.0,90,2.0,0.5,1.0
015_C108,15,C,2,1,OPTIMAL,72.4527,2,1,1,0,1,0.5,70.5375,0.0,1.9152,90,2.0,0.5,1.0
015_C108,15,C,2,2,OPTIMAL,108.0119,2,1,1,0,1,0.5,69.8117,0.0,38.2002,90,2.0,0.5,1.0
015_C108,15,C,2,3,OPTIMAL,187.7633,2,1,1,0,1,0.5,149.4385,0.0,38.3249,90,2.0,0.5,1.0
015_C108,15,C,2,4,OPTIMAL,52.8591,2,1,1,0,1,0.5,46.8978,0.0,5.9613,90,2.0,0.5,1.0
015_C108,15,C,2,5,OPTIMAL,149.038,2,2,1,1,0,1.0,149.038,0.0,0.0,90,2.0,0.5,1.0
015_C108,15,C,2,6,OPTIMAL,4.2704,2,0,0,0,2,0.0,0.0,0.0,4.2704,90,2.0,0.5,1.0
015_C108,15,C,2,7,OPTIMAL,32.5054,2,0,0,0,2,0.0,0.0,0.0,32.5054,90,2.0,0.5,1.0
015_C108,15,C,2,8,OPTIMAL,48.666,2,1,1,0,1,0.5,45.0972,0.0,3.5688,90,2.0,0.5,1.0
015_C108,15,C,2,9,OPTIMAL,85.6651,2,1,1,0,1,0.5,81.4038,0.0,4.2613,90,2.0,0.5,1.0
015_C108,15,C,3,0,OPTIMAL,374.9568,3,3,3,0,0,1.0,374.9568,0.0,0.0,90,2.0,0.5,1.0
015_C108,15,C,3,1,OPTIMAL,65.8623,3,1,1,0,2,0.3333,64.4236,0.0,1.4386,90,2.0,0.5,1.0
015_C108,15,C,3,2,OPTIMAL,274.0239,3,3,3,0,0,1.0,274.0239,0.0,0.0,90,2.0,0.5,1.0
015_C108,15,C,3,3,OPTIMAL,278.3421,3,3,3,0,0,1.0,278.3421,0.0,0.0,90,2.0,0.5,1.0
015_C108,15,C,3,4,OPTIMAL,199.4307,3,3,3,0,0,1.0,199.4307,0.0,0.0,90,2.0,0.5,1.0
015_C108,15,C,3,5,OPTIMAL,218.523,3,2,2,0,1,0.6667,217.8149,0.0,0.7081,90,2.0,0.5,1.0
015_C108,15,C,3,6,OPTIMAL,73.7098,3,1,1,0,2,0.3333,69.0265,0.0,4.6833,90,2.0,0.5,1.0
015_C108,15,C,3,7,OPTIMAL,198.2138,3,2,2,0,1,0.6667,197.8312,0.0,0.3827,90,2.0,0.5,1.0
015_C108,15,C,3,8,OPTIMAL,193.1864,3,2,2,0,1,0.6667,191.154,0.0,2.0324,90,2.0,0.5,1.0
015_C108,15,C,3,9,OPTIMAL,127.7192,3,1,1,0,2,0.3333,82.3138,0.0,45.4053,90,2.0,0.5,1.0
015_C109,15,C,1,0,OPTIMAL,148.4391,1,1,1,0,0,1.0,148.4391,0.0,0.0,90,2.0,0.5,1.0
015_C109,15,C,1,1,OPTIMAL,71.2346,1,1,1,0,0,1.0,71.2346,0.0,0.0,90,2.0,0.5,1.0
015_C109,15,C,1,2,OPTIMAL,4.2697,1,0,0,0,1,0.0,0.0,0.0,4.2697,90,2.0,0.5,1.0
015_C109,15,C,1,3,OPTIMAL,8.4055,1,0,0,0,1,0.0,0.0,0.0,8.4055,90,2.0,0.5,1.0
015_C109,15,C,1,4,OPTIMAL,154.1839,1,1,1,0,0,1.0,154.1839,0.0,0.0,90,2.0,0.5,1.0
015_C109,15,C,1,5,OPTIMAL,6.9916,1,0,0,0,1,0.0,0.0,0.0,6.9916,90,2.0,0.5,1.0
015_C109,15,C,1,6,OPTIMAL,1.3979,1,0,0,0,1,0.0,0.0,0.0,1.3979,90,2.0,0.5,1.0
015_C109,15,C,1,7,OPTIMAL,70.1542,1,1,1,0,0,1.0,70.1542,0.0,0.0,90,2.0,0.5,1.0
015_C109,15,C,1,8,OPTIMAL,0.5779,1,0,0,0,1,0.0,0.0,0.0,0.5779,90,2.0,0.5,1.0
015_C109,15,C,1,9,OPTIMAL,63.375,1,1,1,0,0,1.0,63.375,0.0,0.0,90,2.0,0.5,1.0
015_C109,15,C,2,0,OPTIMAL,140.1198,2,2,2,0,0,1.0,140.1198,0.0,0.0,90,2.0,0.5,1.0
015_C109,15,C,2,1,OPTIMAL,113.0879,2,2,2,0,0,1.0,113.0879,0.0,0.0,90,2.0,0.5,1.0
015_C109,15,C,2,2,OPTIMAL,163.6628,2,2,2,0,0,1.0,163.6628,0.0,0.0,90,2.0,0.5,1.0
015_C109,15,C,2,3,OPTIMAL,279.7352,2,2,1,1,0,1.0,279.7352,0.0,0.0,90,2.0,0.5,1.0
015_C109,15,C,2,4,OPTIMAL,119.7579,2,2,2,0,0,1.0,119.7579,0.0,0.0,90,2.0,0.5,1.0
015_C109,15,C,2,5,OPTIMAL,149.038,2,2,1,1,0,1.0,149.038,0.0,0.0,90,2.0,0.5,1.0
015_C109,15,C,2,6,OPTIMAL,38.9818,2,0,0,0,2,0.0,0.0,0.0,38.9818,90,2.0,0.5,1.0
015_C109,15,C,2,7,OPTIMAL,121.2496,2,2,1,1,0,1.0,121.2496,0.0,0.0,90,2.0,0.5,1.0
015_C109,15,C,2,8,OPTIMAL,48.2373,2,1,1,0,1,0.5,45.0972,0.0,3.1401,90,2.0,0.5,1.0
015_C109,15,C,2,9,OPTIMAL,164.1397,2,2,2,0,0,1.0,164.1397,0.0,0.0,90,2.0,0.5,1.0
015_C109,15,C,3,0,OPTIMAL,374.9568,3,3,3,0,0,1.0,374.9568,0.0,0.0,90,2.0,0.5,1.0
015_C109,15,C,3,1,OPTIMAL,136.2252,3,2,1,1,1,0.6667,136.1852,0.0,0.04,90,2.0,0.5,1.0
015_C109,15,C,3,2,OPTIMAL,124.8189,3,2,2,0,1,0.6667,118.8474,0.0,5.9714,90,2.0,0.5,1.0
015_C109,15,C,3,3,OPTIMAL,278.3421,3,3,3,0,0,1.0,278.3421,0.0,0.0,90,2.0,0.5,1.0
015_C109,15,C,3,4,OPTIMAL,199.4307,3,3,3,0,0,1.0,199.4307,0.0,0.0,90,2.0,0.5,1.0
015_C109,15,C,3,5,OPTIMAL,80.58,3,1,1,0,2,0.3333,77.1774,0.0,3.4026,90,2.0,0.5,1.0
015_C109,15,C,3,6,OPTIMAL,76.9937,3,1,1,0,2,0.3333,69.0265,0.0,7.9672,90,2.0,0.5,1.0
015_C109,15,C,3,7,OPTIMAL,198.7086,3,2,2,0,1,0.6667,197.8312,0.0,0.8774,90,2.0,0.5,1.0
015_C109,15,C,3,8,OPTIMAL,193.1864,3,2,2,0,1,0.6667,191.154,0.0,2.0324,90,2.0,0.5,1.0
015_C109,15,C,3,9,OPTIMAL,202.0182,3,2,2,0,1,0.6667,197.2021,0.0,4.8161,90,2.0,0.5,1.0
015_C201,15,C,1,0,OPTIMAL,36.0922,1,1,1,0,0,1.0,36.0922,0.0,0.0,90,2.0,0.5,1.0
015_C201,15,C,1,1,OPTIMAL,118.0244,1,1,1,0,0,1.0,118.0244,0.0,0.0,90,2.0,0.5,1.0
015_C201,15,C,1,2,OPTIMAL,98.0232,1,1,1,0,0,1.0,98.0232,0.0,0.0,90,2.0,0.5,1.0
015_C201,15,C,1,3,OPTIMAL,90.4341,1,1,1,0,0,1.0,90.4341,0.0,0.0,90,2.0,0.5,1.0
015_C201,15,C,1,4,OPTIMAL,41.676,1,1,0,1,0,1.0,41.676,0.0,0.0,90,2.0,0.5,1.0
015_C201,15,C,1,5,OPTIMAL,151.8259,1,1,1,0,0,1.0,151.8259,0.0,0.0,90,2.0,0.5,1.0
015_C201,15,C,1,6,OPTIMAL,154.9762,1,1,1,0,0,1.0,154.9762,0.0,0.0,90,2.0,0.5,1.0
015_C201,15,C,1,7,OPTIMAL,99.4952,1,1,1,0,0,1.0,99.4952,0.0,0.0,90,2.0,0.5,1.0
015_C201,15,C,1,8,OPTIMAL,108.6119,1,1,1,0,0,1.0,108.6119,0.0,0.0,90,2.0,0.5,1.0
015_C201,15,C,1,9,OPTIMAL,30.6904,1,0,0,0,1,0.0,0.0,0.0,30.6904,90,2.0,0.5,1.0
015_C201,15,C,2,0,OPTIMAL,252.4063,2,2,1,1,0,1.0,252.4063,0.0,0.0,90,2.0,0.5,1.0
015_C201,15,C,2,1,OPTIMAL,263.5716,2,2,2,0,0,1.0,263.5716,0.0,0.0,90,2.0,0.5,1.0
015_C201,15,C,2,2,OPTIMAL,233.7488,2,2,2,0,0,1.0,233.7488,0.0,0.0,90,2.0,0.5,1.0
015_C201,15,C,2,3,OPTIMAL,261.2331,2,2,2,0,0,1.0,261.2331,0.0,0.0,90,2.0,0.5,1.0
015_C201,15,C,2,4,OPTIMAL,177.9621,2,1,1,0,1,0.5,134.5961,0.0,43.366,90,2.0,0.5,1.0
015_C201,15,C,2,5,OPTIMAL,198.767,2,2,1,1,0,1.0,198.767,0.0,0.0,90,2.0,0.5,1.0
015_C201,15,C,2,6,OPTIMAL,108.2323,2,1,1,0,1,0.5,81.3889,0.0,26.8434,90,2.0,0.5,1.0
015_C201,15,C,2,7,OPTIMAL,199.8758,2,2,2,0,0,1.0,199.8758,0.0,0.0,90,2.0,0.5,1.0
015_C201,15,C,2,8,OPTIMAL,101.3246,2,1,1,0,1,0.5,100.0294,0.0,1.2952,90,2.0,0.5,1.0
015_C201,15,C,2,9,OPTIMAL,135.8724,2,2,2,0,0,1.0,135.8724,0.0,0.0,90,2.0,0.5,1.0
015_C201,15,C,3,0,OPTIMAL,397.8172,3,3,3,0,0,1.0,397.8172,0.0,0.0,90,2.0,0.5,1.0
015_C201,15,C,3,1,OPTIMAL,278.5848,3,3,3,0,0,1.0,278.5848,0.0,0.0,90,2.0,0.5,1.0
015_C201,15,C,3,2,OPTIMAL,415.3284,3,3,2,1,0,1.0,415.3284,0.0,0.0,90,2.0,0.5,1.0
015_C201,15,C,3,3,OPTIMAL,251.7273,3,3,2,1,0,1.0,251.7273,0.0,0.0,90,2.0,0.5,1.0
015_C201,15,C,3,4,OPTIMAL,282.7002,3,3,3,0,0,1.0,282.7002,0.0,0.0,90,2.0,0.5,1.0
015_C201,15,C,3,5,OPTIMAL,313.3293,3,3,3,0,0,1.0,313.3293,0.0,0.0,90,2.0,0.5,1.0
015_C201,15,C,3,6,OPTIMAL,234.2794,3,3,3,0,0,1.0,234.2794,0.0,0.0,90,2.0,0.5,1.0
015_C201,15,C,3,7,OPTIMAL,327.8307,3,3,3,0,0,1.0,327.8307,0.0,0.0,90,2.0,0.5,1.0
015_C201,15,C,3,8,OPTIMAL,123.1266,3,1,1,0,2,0.3333,98.6953,0.0,24.4313,90,2.0,0.5,1.0
015_C201,15,C,3,9,OPTIMAL,335.5514,3,3,2,1,0,1.0,335.5514,0.0,0.0,90,2.0,0.5,1.0
015_C202,15,C,1,0,OPTIMAL,36.0922,1,1,1,0,0,1.0,36.0922,0.0,0.0,90,2.0,0.5,1.0
015_C202,15,C,1,1,OPTIMAL,118.0244,1,1,1,0,0,1.0,118.0244,0.0,0.0,90,2.0,0.5,1.0
015_C202,15,C,1,2,OPTIMAL,0.2023,1,0,0,0,1,0.0,0.0,0.0,0.2023,90,2.0,0.5,1.0
015_C202,15,C,1,3,OPTIMAL,90.4341,1,1,1,0,0,1.0,90.4341,0.0,0.0,90,2.0,0.5,1.0
015_C202,15,C,1,4,OPTIMAL,41.676,1,1,0,1,0,1.0,41.676,0.0,0.0,90,2.0,0.5,1.0
015_C202,15,C,1,5,OPTIMAL,151.8259,1,1,1,0,0,1.0,151.8259,0.0,0.0,90,2.0,0.5,1.0
015_C202,15,C,1,6,OPTIMAL,154.9762,1,1,1,0,0,1.0,154.9762,0.0,0.0,90,2.0,0.5,1.0
015_C202,15,C,1,7,OPTIMAL,99.4952,1,1,1,0,0,1.0,99.4952,0.0,0.0,90,2.0,0.5,1.0
015_C202,15,C,1,8,OPTIMAL,108.6119,1,1,1,0,0,1.0,108.6119,0.0,0.0,90,2.0,0.5,1.0
015_C202,15,C,1,9,OPTIMAL,12.4295,1,0,0,0,1,0.0,0.0,0.0,12.4295,90,2.0,0.5,1.0
015_C202,15,C,2,0,OPTIMAL,252.4063,2,2,1,1,0,1.0,252.4063,0.0,0.0,90,2.0,0.5,1.0
015_C202,15,C,2,1,OPTIMAL,263.5716,2,2,2,0,0,1.0,263.5716,0.0,0.0,90,2.0,0.5,1.0
015_C202,15,C,2,2,OPTIMAL,233.7488,2,2,2,0,0,1.0,233.7488,0.0,0.0,90,2.0,0.5,1.0
015_C202,15,C,2,3,OPTIMAL,261.2331,2,2,2,0,0,1.0,261.2331,0.0,0.0,90,2.0,0.5,1.0
015_C202,15,C,2,4,OPTIMAL,177.9621,2,1,1,0,1,0.5,134.5961,0.0,43.366,90,2.0,0.5,1.0
015_C202,15,C,2,5,OPTIMAL,198.767,2,2,1,1,0,1.0,198.767,0.0,0.0,90,2.0,0.5,1.0
015_C202,15,C,2,6,OPTIMAL,108.2323,2,1,1,0,1,0.5,81.3889,0.0,26.8434,90,2.0,0.5,1.0
015_C202,15,C,2,7,OPTIMAL,199.8758,2,2,2,0,0,1.0,199.8758,0.0,0.0,90,2.0,0.5,1.0
015_C202,15,C,2,8,OPTIMAL,183.6517,2,2,2,0,0,1.0,183.6517,0.0,0.0,90,2.0,0.5,1.0
015_C202,15,C,2,9,OPTIMAL,135.8724,2,2,2,0,0,1.0,135.8724,0.0,0.0,90,2.0,0.5,1.0
015_C202,15,C,3,0,OPTIMAL,397.8172,3,3,3,0,0,1.0,397.8172,0.0,0.0,90,2.0,0.5,1.0
015_C202,15,C,3,1,OPTIMAL,278.5848,3,3,3,0,0,1.0,278.5848,0.0,0.0,90,2.0,0.5,1.0
015_C202,15,C,3,2,OPTIMAL,283.3429,3,2,2,0,1,0.6667,283.2746,0.0,0.0682,90,2.0,0.5,1.0
015_C202,15,C,3,3,OPTIMAL,251.7273,3,3,2,1,0,1.0,251.7273,0.0,0.0,90,2.0,0.5,1.0
015_C202,15,C,3,4,OPTIMAL,282.7002,3,3,3,0,0,1.0,282.7002,0.0,0.0,90,2.0,0.5,1.0
015_C202,15,C,3,5,OPTIMAL,226.1521,3,2,2,0,1,0.6667,210.7204,0.0,15.4317,90,2.0,0.5,1.0
015_C202,15,C,3,6,OPTIMAL,234.2794,3,3,3,0,0,1.0,234.2794,0.0,0.0,90,2.0,0.5,1.0
015_C202,15,C,3,7,OPTIMAL,327.8307,3,3,3,0,0,1.0,327.8307,0.0,0.0,90,2.0,0.5,1.0
015_C202,15,C,3,8,OPTIMAL,230.4642,3,2,2,0,1,0.6667,212.1599,0.0,18.3044,90,2.0,0.5,1.0
015_C202,15,C,3,9,OPTIMAL,335.5514,3,3,2,1,0,1.0,335.5514,0.0,0.0,90,2.0,0.5,1.0
015_C203,15,C,1,0,OPTIMAL,36.0922,1,1,1,0,0,1.0,36.0922,0.0,0.0,90,2.0,0.5,1.0
015_C203,15,C,1,1,OPTIMAL,118.0244,1,1,1,0,0,1.0,118.0244,0.0,0.0,90,2.0,0.5,1.0
015_C203,15,C,1,2,OPTIMAL,48.5766,1,0,0,0,1,0.0,0.0,0.0,48.5766,90,2.0,0.5,1.0
015_C203,15,C,1,3,OPTIMAL,90.4341,1,1,1,0,0,1.0,90.4341,0.0,0.0,90,2.0,0.5,1.0
015_C203,15,C,1,4,OPTIMAL,41.676,1,1,0,1,0,1.0,41.676,0.0,0.0,90,2.0,0.5,1.0
015_C203,15,C,1,5,OPTIMAL,151.8259,1,1,1,0,0,1.0,151.8259,0.0,0.0,90,2.0,0.5,1.0
015_C203,15,C,1,6,OPTIMAL,154.9762,1,1,1,0,0,1.0,154.9762,0.0,0.0,90,2.0,0.5,1.0
015_C203,15,C,1,7,OPTIMAL,99.4952,1,1,1,0,0,1.0,99.4952,0.0,0.0,90,2.0,0.5,1.0
015_C203,15,C,1,8,OPTIMAL,108.6119,1,1,1,0,0,1.0,108.6119,0.0,0.0,90,2.0,0.5,1.0
015_C203,15,C,1,9,OPTIMAL,19.8717,1,0,0,0,1,0.0,0.0,0.0,19.8717,90,2.0,0.5,1.0
015_C203,15,C,2,0,OPTIMAL,252.4063,2,2,1,1,0,1.0,252.4063,0.0,0.0,90,2.0,0.5,1.0
015_C203,15,C,2,1,OPTIMAL,263.5716,2,2,2,0,0,1.0,263.5716,0.0,0.0,90,2.0,0.5,1.0
015_C203,15,C,2,2,OPTIMAL,233.7488,2,2,2,0,0,1.0,233.7488,0.0,0.0,90,2.0,0.5,1.0
015_C203,15,C,2,3,OPTIMAL,261.2331,2,2,2,0,0,1.0,261.2331,0.0,0.0,90,2.0,0.5,1.0
015_C203,15,C,2,4,OPTIMAL,177.9621,2,1,1,0,1,0.5,134.5961,0.0,43.366,90,2.0,0.5,1.0
015_C203,15,C,2,5,OPTIMAL,198.767,2,2,1,1,0,1.0,198.767,0.0,0.0,90,2.0,0.5,1.0
015_C203,15,C,2,6,OPTIMAL,108.2323,2,1,1,0,1,0.5,81.3889,0.0,26.8434,90,2.0,0.5,1.0
015_C203,15,C,2,7,OPTIMAL,199.8758,2,2,2,0,0,1.0,199.8758,0.0,0.0,90,2.0,0.5,1.0
015_C203,15,C,2,8,OPTIMAL,183.6517,2,2,2,0,0,1.0,183.6517,0.0,0.0,90,2.0,0.5,1.0
015_C203,15,C,2,9,OPTIMAL,135.8724,2,2,2,0,0,1.0,135.8724,0.0,0.0,90,2.0,0.5,1.0
015_C203,15,C,3,0,OPTIMAL,397.8172,3,3,3,0,0,1.0,397.8172,0.0,0.0,90,2.0,0.5,1.0
015_C203,15,C,3,1,OPTIMAL,278.5848,3,3,3,0,0,1.0,278.5848,0.0,0.0,90,2.0,0.5,1.0
015_C203,15,C,3,2,OPTIMAL,283.3429,3,2,2,0,1,0.6667,283.2746,0.0,0.0682,90,2.0,0.5,1.0
015_C203,15,C,3,3,OPTIMAL,251.7273,3,3,2,1,0,1.0,251.7273,0.0,0.0,90,2.0,0.5,1.0
015_C203,15,C,3,4,OPTIMAL,282.7002,3,3,3,0,0,1.0,282.7002,0.0,0.0,90,2.0,0.5,1.0
015_C203,15,C,3,5,OPTIMAL,313.3293,3,3,2,1,0,1.0,313.3293,0.0,0.0,90,2.0,0.5,1.0
015_C203,15,C,3,6,OPTIMAL,234.2794,3,3,3,0,0,1.0,234.2794,0.0,0.0,90,2.0,0.5,1.0
015_C203,15,C,3,7,OPTIMAL,327.8307,3,3,3,0,0,1.0,327.8307,0.0,0.0,90,2.0,0.5,1.0
015_C203,15,C,3,8,OPTIMAL,321.8306,3,3,3,0,0,1.0,321.8306,0.0,0.0,90,2.0,0.5,1.0
015_C203,15,C,3,9,OPTIMAL,335.5514,3,3,2,1,0,1.0,335.5514,0.0,0.0,90,2.0,0.5,1.0
015_C204,15,C,1,0,OPTIMAL,36.0922,1,1,1,0,0,1.0,36.0922,0.0,0.0,90,2.0,0.5,1.0
015_C204,15,C,1,1,OPTIMAL,118.0244,1,1,1,0,0,1.0,118.0244,0.0,0.0,90,2.0,0.5,1.0
015_C204,15,C,1,2,OPTIMAL,48.5766,1,0,0,0,1,0.0,0.0,0.0,48.5766,90,2.0,0.5,1.0
015_C204,15,C,1,3,OPTIMAL,90.4341,1,1,1,0,0,1.0,90.4341,0.0,0.0,90,2.0,0.5,1.0
015_C204,15,C,1,4,OPTIMAL,41.676,1,1,0,1,0,1.0,41.676,0.0,0.0,90,2.0,0.5,1.0
015_C204,15,C,1,5,OPTIMAL,151.8259,1,1,1,0,0,1.0,151.8259,0.0,0.0,90,2.0,0.5,1.0
015_C204,15,C,1,6,OPTIMAL,154.9762,1,1,1,0,0,1.0,154.9762,0.0,0.0,90,2.0,0.5,1.0
015_C204,15,C,1,7,OPTIMAL,99.4952,1,1,1,0,0,1.0,99.4952,0.0,0.0,90,2.0,0.5,1.0
015_C204,15,C,1,8,OPTIMAL,108.6119,1,1,1,0,0,1.0,108.6119,0.0,0.0,90,2.0,0.5,1.0
015_C204,15,C,1,9,OPTIMAL,15.8974,1,0,0,0,1,0.0,0.0,0.0,15.8974,90,2.0,0.5,1.0
015_C204,15,C,2,0,OPTIMAL,252.4063,2,2,1,1,0,1.0,252.4063,0.0,0.0,90,2.0,0.5,1.0
015_C204,15,C,2,1,OPTIMAL,263.5716,2,2,2,0,0,1.0,263.5716,0.0,0.0,90,2.0,0.5,1.0
015_C204,15,C,2,2,OPTIMAL,233.7488,2,2,2,0,0,1.0,233.7488,0.0,0.0,90,2.0,0.5,1.0
015_C204,15,C,2,3,OPTIMAL,261.2331,2,2,2,0,0,1.0,261.2331,0.0,0.0,90,2.0,0.5,1.0
015_C204,15,C,2,4,OPTIMAL,288.3259,2,2,2,0,0,1.0,288.3259,0.0,0.0,90,2.0,0.5,1.0
015_C204,15,C,2,5,OPTIMAL,109.0526,2,1,1,0,1,0.5,109.0513,0.0,0.0013,90,2.0,0.5,1.0
015_C204,15,C,2,6,OPTIMAL,183.281,2,2,2,0,0,1.0,183.281,0.0,0.0,90,2.0,0.5,1.0
015_C204,15,C,2,7,OPTIMAL,199.8758,2,2,2,0,0,1.0,199.8758,0.0,0.0,90,2.0,0.5,1.0
015_C204,15,C,2,8,OPTIMAL,183.6517,2,2,2,0,0,1.0,183.6517,0.0,0.0,90,2.0,0.5,1.0
015_C204,15,C,2,9,OPTIMAL,135.8724,2,2,2,0,0,1.0,135.8724,0.0,0.0,90,2.0,0.5,1.0
015_C204,15,C,3,0,OPTIMAL,397.8172,3,3,3,0,0,1.0,397.8172,0.0,0.0,90,2.0,0.5,1.0
015_C204,15,C,3,1,OPTIMAL,278.5848,3,3,3,0,0,1.0,278.5848,0.0,0.0,90,2.0,0.5,1.0
015_C204,15,C,3,2,OPTIMAL,283.3429,3,2,2,0,1,0.6667,283.2746,0.0,0.0682,90,2.0,0.5,1.0
015_C204,15,C,3,3,OPTIMAL,251.7273,3,3,2,1,0,1.0,251.7273,0.0,0.0,90,2.0,0.5,1.0
015_C204,15,C,3,4,OPTIMAL,282.7002,3,3,3,0,0,1.0,282.7002,0.0,0.0,90,2.0,0.5,1.0
015_C204,15,C,3,5,OPTIMAL,257.6658,3,2,2,0,1,0.6667,210.7204,0.0,46.9454,90,2.0,0.5,1.0
015_C204,15,C,3,6,OPTIMAL,234.2794,3,3,3,0,0,1.0,234.2794,0.0,0.0,90,2.0,0.5,1.0
015_C204,15,C,3,7,OPTIMAL,327.8307,3,3,3,0,0,1.0,327.8307,0.0,0.0,90,2.0,0.5,1.0
015_C204,15,C,3,8,OPTIMAL,321.8306,3,3,3,0,0,1.0,321.8306,0.0,0.0,90,2.0,0.5,1.0
015_C204,15,C,3,9,OPTIMAL,335.5514,3,3,2,1,0,1.0,335.5514,0.0,0.0,90,2.0,0.5,1.0
015_C205,15,C,1,0,OPTIMAL,36.0922,1,1,1,0,0,1.0,36.0922,0.0,0.0,90,2.0,0.5,1.0
015_C205,15,C,1,1,OPTIMAL,118.0244,1,1,1,0,0,1.0,118.0244,0.0,0.0,90,2.0,0.5,1.0
015_C205,15,C,1,2,OPTIMAL,98.0232,1,1,1,0,0,1.0,98.0232,0.0,0.0,90,2.0,0.5,1.0
015_C205,15,C,1,3,OPTIMAL,90.4341,1,1,1,0,0,1.0,90.4341,0.0,0.0,90,2.0,0.5,1.0
015_C205,15,C,1,4,OPTIMAL,41.676,1,1,1,0,0,1.0,41.676,0.0,0.0,90,2.0,0.5,1.0
015_C205,15,C,1,5,OPTIMAL,151.8259,1,1,1,0,0,1.0,151.8259,0.0,0.0,90,2.0,0.5,1.0
015_C205,15,C,1,6,OPTIMAL,154.9762,1,1,1,0,0,1.0,154.9762,0.0,0.0,90,2.0,0.5,1.0
015_C205,15,C,1,7,OPTIMAL,0.1908,1,0,0,0,1,0.0,0.0,0.0,0.1908,90,2.0,0.5,1.0
015_C205,15,C,1,8,OPTIMAL,108.6119,1,1,1,0,0,1.0,108.6119,0.0,0.0,90,2.0,0.5,1.0
015_C205,15,C,1,9,OPTIMAL,30.6904,1,0,0,0,1,0.0,0.0,0.0,30.6904,90,2.0,0.5,1.0
015_C205,15,C,2,0,OPTIMAL,252.4063,2,2,2,0,0,1.0,252.4063,0.0,0.0,90,2.0,0.5,1.0
015_C205,15,C,2,1,OPTIMAL,263.5716,2,2,2,0,0,1.0,263.5716,0.0,0.0,90,2.0,0.5,1.0
015_C205,15,C,2,2,OPTIMAL,157.2513,2,1,1,0,1,0.5,155.4141,0.0,1.8373,90,2.0,0.5,1.0
015_C205,15,C,2,3,OPTIMAL,261.2331,2,2,1,1,0,1.0,261.2331,0.0,0.0,90,2.0,0.5,1.0
015_C205,15,C,2,4,OPTIMAL,288.3259,2,2,2,0,0,1.0,288.3259,0.0,0.0,90,2.0,0.5,1.0
015_C205,15,C,2,5,OPTIMAL,198.767,2,2,2,0,0,1.0,198.767,0.0,0.0,90,2.0,0.5,1.0
015_C205,15,C,2,6,OPTIMAL,183.281,2,2,2,0,0,1.0,183.281,0.0,0.0,90,2.0,0.5,1.0
015_C205,15,C,2,7,OPTIMAL,199.8758,2,2,2,0,0,1.0,199.8758,0.0,0.0,90,2.0,0.5,1.0
015_C205,15,C,2,8,OPTIMAL,103.9406,2,1,1,0,1,0.5,100.0294,0.0,3.9112,90,2.0,0.5,1.0
015_C205,15,C,2,9,OPTIMAL,135.8724,2,2,2,0,0,1.0,135.8724,0.0,0.0,90,2.0,0.5,1.0
015_C205,15,C,3,0,OPTIMAL,330.0658,3,2,2,0,1,0.6667,301.5217,0.0,28.5441,90,2.0,0.5,1.0
015_C205,15,C,3,1,OPTIMAL,219.5848,3,2,2,0,1,0.6667,173.8095,0.0,45.7753,90,2.0,0.5,1.0
015_C205,15,C,3,2,OPTIMAL,415.3284,3,3,3,0,0,1.0,415.3284,0.0,0.0,90,2.0,0.5,1.0
015_C205,15,C,3,3,OPTIMAL,147.4379,3,2,2,0,1,0.6667,141.3099,0.0,6.128,90,2.0,0.5,1.0
015_C205,15,C,3,4,OPTIMAL,209.7184,3,2,2,0,1,0.6667,208.9797,0.0,0.7387,90,2.0,0.5,1.0
015_C205,15,C,3,5,OPTIMAL,313.3293,3,3,2,1,0,1.0,313.3293,0.0,0.0,90,2.0,0.5,1.0
015_C205,15,C,3,6,OPTIMAL,234.2794,3,3,3,0,0,1.0,234.2794,0.0,0.0,90,2.0,0.5,1.0
015_C205,15,C,3,7,OPTIMAL,252.1553,3,2,2,0,1,0.6667,224.394,0.0,27.7613,90,2.0,0.5,1.0
015_C205,15,C,3,8,OPTIMAL,210.0657,3,2,2,0,1,0.6667,208.366,0.0,1.6997,90,2.0,0.5,1.0
015_C205,15,C,3,9,OPTIMAL,267.2009,3,2,2,0,1,0.6667,255.3195,0.0,11.8814,90,2.0,0.5,1.0
015_C206,15,C,1,0,OPTIMAL,36.0922,1,1,1,0,0,1.0,36.0922,0.0,0.0,90,2.0,0.5,1.0
015_C206,15,C,1,1,OPTIMAL,38.779,1,0,0,0,1,0.0,0.0,0.0,38.779,90,2.0,0.5,1.0
015_C206,15,C,1,2,OPTIMAL,98.0232,1,1,1,0,0,1.0,98.0232,0.0,0.0,90,2.0,0.5,1.0
015_C206,15,C,1,3,OPTIMAL,90.4341,1,1,1,0,0,1.0,90.4341,0.0,0.0,90,2.0,0.5,1.0
015_C206,15,C,1,4,OPTIMAL,41.676,1,1,1,0,0,1.0,41.676,0.0,0.0,90,2.0,0.5,1.0
015_C206,15,C,1,5,OPTIMAL,151.8259,1,1,1,0,0,1.0,151.8259,0.0,0.0,90,2.0,0.5,1.0
015_C206,15,C,1,6,OPTIMAL,154.9762,1,1,1,0,0,1.0,154.9762,0.0,0.0,90,2.0,0.5,1.0
015_C206,15,C,1,7,OPTIMAL,99.4952,1,1,1,0,0,1.0,99.4952,0.0,0.0,90,2.0,0.5,1.0
015_C206,15,C,1,8,OPTIMAL,108.6119,1,1,1,0,0,1.0,108.6119,0.0,0.0,90,2.0,0.5,1.0
015_C206,15,C,1,9,OPTIMAL,19.4621,1,0,0,0,1,0.0,0.0,0.0,19.4621,90,2.0,0.5,1.0
015_C206,15,C,2,0,OPTIMAL,252.4063,2,2,2,0,0,1.0,252.4063,0.0,0.0,90,2.0,0.5,1.0
015_C206,15,C,2,1,OPTIMAL,263.5716,2,2,2,0,0,1.0,263.5716,0.0,0.0,90,2.0,0.5,1.0
015_C206,15,C,2,2,OPTIMAL,157.2513,2,1,1,0,1,0.5,155.4141,0.0,1.8373,90,2.0,0.5,1.0
015_C206,15,C,2,3,OPTIMAL,261.2331,2,2,2,0,0,1.0,261.2331,0.0,0.0,90,2.0,0.5,1.0
015_C206,15,C,2,4,OPTIMAL,288.3259,2,2,2,0,0,1.0,288.3259,0.0,0.0,90,2.0,0.5,1.0
015_C206,15,C,2,5,OPTIMAL,110.1534,2,1,1,0,1,0.5,109.0513,0.0,1.1021,90,2.0,0.5,1.0
015_C206,15,C,2,6,OPTIMAL,183.281,2,2,2,0,0,1.0,183.281,0.0,0.0,90,2.0,0.5,1.0
015_C206,15,C,2,7,OPTIMAL,199.8758,2,2,2,0,0,1.0,199.8758,0.0,0.0,90,2.0,0.5,1.0
015_C206,15,C,2,8,OPTIMAL,183.6517,2,2,2,0,0,1.0,183.6517,0.0,0.0,90,2.0,0.5,1.0
015_C206,15,C,2,9,OPTIMAL,62.2576,2,1,1,0,1,0.5,57.5701,0.0,4.6874,90,2.0,0.5,1.0
015_C206,15,C,3,0,OPTIMAL,397.8172,3,3,3,0,0,1.0,397.8172,0.0,0.0,90,2.0,0.5,1.0
015_C206,15,C,3,1,OPTIMAL,278.5848,3,3,3,0,0,1.0,278.5848,0.0,0.0,90,2.0,0.5,1.0
015_C206,15,C,3,2,OPTIMAL,415.3284,3,3,3,0,0,1.0,415.3284,0.0,0.0,90,2.0,0.5,1.0
015_C206,15,C,3,3,OPTIMAL,147.4379,3,2,2,0,1,0.6667,141.3099,0.0,6.128,90,2.0,0.5,1.0
015_C206,15,C,3,4,OPTIMAL,282.7002,3,3,3,0,0,1.0,282.7002,0.0,0.0,90,2.0,0.5,1.0
015_C206,15,C,3,5,OPTIMAL,313.3293,3,3,3,0,0,1.0,313.3293,0.0,0.0,90,2.0,0.5,1.0
015_C206,15,C,3,6,OPTIMAL,234.2794,3,3,3,0,0,1.0,234.2794,0.0,0.0,90,2.0,0.5,1.0
015_C206,15,C,3,7,OPTIMAL,253.7023,3,2,2,0,1,0.6667,216.0696,0.0,37.6326,90,2.0,0.5,1.0
015_C206,15,C,3,8,OPTIMAL,321.8306,3,3,3,0,0,1.0,321.8306,0.0,0.0,90,2.0,0.5,1.0
015_C206,15,C,3,9,OPTIMAL,335.5514,3,3,3,0,0,1.0,335.5514,0.0,0.0,90,2.0,0.5,1.0
015_C207,15,C,1,0,OPTIMAL,36.0922,1,1,1,0,0,1.0,36.0922,0.0,0.0,90,2.0,0.5,1.0
015_C207,15,C,1,1,OPTIMAL,118.0244,1,1,1,0,0,1.0,118.0244,0.0,0.0,90,2.0,0.5,1.0
015_C207,15,C,1,2,OPTIMAL,98.0232,1,1,1,0,0,1.0,98.0232,0.0,0.0,90,2.0,0.5,1.0
015_C207,15,C,1,3,OPTIMAL,90.4341,1,1,1,0,0,1.0,90.4341,0.0,0.0,90,2.0,0.5,1.0
015_C207,15,C,1,4,OPTIMAL,9.632,1,0,0,0,1,0.0,0.0,0.0,9.632,90,2.0,0.5,1.0
015_C207,15,C,1,5,OPTIMAL,151.8259,1,1,1,0,0,1.0,151.8259,0.0,0.0,90,2.0,0.5,1.0
015_C207,15,C,1,6,OPTIMAL,154.9762,1,1,1,0,0,1.0,154.9762,0.0,0.0,90,2.0,0.5,1.0
015_C207,15,C,1,7,OPTIMAL,99.4952,1,1,1,0,0,1.0,99.4952,0.0,0.0,90,2.0,0.5,1.0
015_C207,15,C,1,8,OPTIMAL,108.6119,1,1,1,0,0,1.0,108.6119,0.0,0.0,90,2.0,0.5,1.0
015_C207,15,C,1,9,OPTIMAL,30.6904,1,0,0,0,1,0.0,0.0,0.0,30.6904,90,2.0,0.5,1.0
015_C207,15,C,2,0,OPTIMAL,252.4063,2,2,2,0,0,1.0,252.4063,0.0,0.0,90,2.0,0.5,1.0
015_C207,15,C,2,1,OPTIMAL,263.5716,2,2,1,1,0,1.0,263.5716,0.0,0.0,90,2.0,0.5,1.0
015_C207,15,C,2,2,OPTIMAL,161.1882,2,1,1,0,1,0.5,155.4141,0.0,5.7742,90,2.0,0.5,1.0
015_C207,15,C,2,3,OPTIMAL,261.2331,2,2,2,0,0,1.0,261.2331,0.0,0.0,90,2.0,0.5,1.0
015_C207,15,C,2,4,OPTIMAL,288.3259,2,2,2,0,0,1.0,288.3259,0.0,0.0,90,2.0,0.5,1.0
015_C207,15,C,2,5,OPTIMAL,198.767,2,2,2,0,0,1.0,198.767,0.0,0.0,90,2.0,0.5,1.0
015_C207,15,C,2,6,OPTIMAL,183.281,2,2,2,0,0,1.0,183.281,0.0,0.0,90,2.0,0.5,1.0
015_C207,15,C,2,7,OPTIMAL,199.8758,2,2,2,0,0,1.0,199.8758,0.0,0.0,90,2.0,0.5,1.0
015_C207,15,C,2,8,OPTIMAL,183.6517,2,2,1,1,0,1.0,183.6517,0.0,0.0,90,2.0,0.5,1.0
015_C207,15,C,2,9,OPTIMAL,135.8724,2,2,2,0,0,1.0,135.8724,0.0,0.0,90,2.0,0.5,1.0
015_C207,15,C,3,0,OPTIMAL,339.8789,3,2,2,0,1,0.6667,301.5217,0.0,38.3572,90,2.0,0.5,1.0
015_C207,15,C,3,1,OPTIMAL,278.5848,3,3,3,0,0,1.0,278.5848,0.0,0.0,90,2.0,0.5,1.0
015_C207,15,C,3,2,OPTIMAL,415.3284,3,3,3,0,0,1.0,415.3284,0.0,0.0,90,2.0,0.5,1.0
015_C207,15,C,3,3,OPTIMAL,251.7273,3,3,3,0,0,1.0,251.7273,0.0,0.0,90,2.0,0.5,1.0
015_C207,15,C,3,4,OPTIMAL,282.7002,3,3,3,0,0,1.0,282.7002,0.0,0.0,90,2.0,0.5,1.0
015_C207,15,C,3,5,OPTIMAL,313.3293,3,3,3,0,0,1.0,313.3293,0.0,0.0,90,2.0,0.5,1.0
015_C207,15,C,3,6,OPTIMAL,234.2794,3,3,3,0,0,1.0,234.2794,0.0,0.0,90,2.0,0.5,1.0
015_C207,15,C,3,7,OPTIMAL,327.8307,3,3,3,0,0,1.0,327.8307,0.0,0.0,90,2.0,0.5,1.0
015_C207,15,C,3,8,OPTIMAL,250.4978,3,2,2,0,1,0.6667,212.1599,0.0,38.3379,90,2.0,0.5,1.0
015_C207,15,C,3,9,OPTIMAL,86.5125,3,1,1,0,2,0.3333,80.2319,0.0,6.2807,90,2.0,0.5,1.0
015_C208,15,C,1,0,OPTIMAL,36.0922,1,1,1,0,0,1.0,36.0922,0.0,0.0,90,2.0,0.5,1.0
015_C208,15,C,1,1,OPTIMAL,40.8625,1,0,0,0,1,0.0,0.0,0.0,40.8625,90,2.0,0.5,1.0
015_C208,15,C,1,2,OPTIMAL,7.1707,1,0,0,0,1,0.0,0.0,0.0,7.1707,90,2.0,0.5,1.0
015_C208,15,C,1,3,OPTIMAL,90.4341,1,1,1,0,0,1.0,90.4341,0.0,0.0,90,2.0,0.5,1.0
015_C208,15,C,1,4,OPTIMAL,41.676,1,1,1,0,0,1.0,41.676,0.0,0.0,90,2.0,0.5,1.0
015_C208,15,C,1,5,OPTIMAL,151.8259,1,1,1,0,0,1.0,151.8259,0.0,0.0,90,2.0,0.5,1.0
015_C208,15,C,1,6,OPTIMAL,154.9762,1,1,1,0,0,1.0,154.9762,0.0,0.0,90,2.0,0.5,1.0
015_C208,15,C,1,7,OPTIMAL,99.4952,1,1,1,0,0,1.0,99.4952,0.0,0.0,90,2.0,0.5,1.0
015_C208,15,C,1,8,OPTIMAL,108.6119,1,1,1,0,0,1.0,108.6119,0.0,0.0,90,2.0,0.5,1.0
015_C208,15,C,1,9,OPTIMAL,30.6904,1,0,0,0,1,0.0,0.0,0.0,30.6904,90,2.0,0.5,1.0
015_C208,15,C,2,0,OPTIMAL,252.4063,2,2,2,0,0,1.0,252.4063,0.0,0.0,90,2.0,0.5,1.0
015_C208,15,C,2,1,OPTIMAL,187.5869,2,1,1,0,1,0.5,156.4164,0.0,31.1705,90,2.0,0.5,1.0
015_C208,15,C,2,2,OPTIMAL,233.7488,2,2,2,0,0,1.0,233.7488,0.0,0.0,90,2.0,0.5,1.0
015_C208,15,C,2,3,OPTIMAL,261.2331,2,2,2,0,0,1.0,261.2331,0.0,0.0,90,2.0,0.5,1.0
015_C208,15,C,2,4,OPTIMAL,288.3259,2,2,2,0,0,1.0,288.3259,0.0,0.0,90,2.0,0.5,1.0
015_C208,15,C,2,5,OPTIMAL,110.1534,2,1,1,0,1,0.5,109.0513,0.0,1.1021,90,2.0,0.5,1.0
015_C208,15,C,2,6,OPTIMAL,183.281,2,2,2,0,0,1.0,183.281,0.0,0.0,90,2.0,0.5,1.0
015_C208,15,C,2,7,OPTIMAL,88.3138,2,1,1,0,1,0.5,88.053,0.0,0.2609,90,2.0,0.5,1.0
015_C208,15,C,2,8,OPTIMAL,183.6517,2,2,2,0,0,1.0,183.6517,0.0,0.0,90,2.0,0.5,1.0
015_C208,15,C,2,9,OPTIMAL,65.6742,2,1,1,0,1,0.5,57.5701,0.0,8.1041,90,2.0,0.5,1.0
015_C208,15,C,3,0,OPTIMAL,397.8172,3,3,3,0,0,1.0,397.8172,0.0,0.0,90,2.0,0.5,1.0
015_C208,15,C,3,1,OPTIMAL,278.5848,3,3,3,0,0,1.0,278.5848,0.0,0.0,90,2.0,0.5,1.0
015_C208,15,C,3,2,OPTIMAL,415.3284,3,3,3,0,0,1.0,415.3284,0.0,0.0,90,2.0,0.5,1.0
015_C208,15,C,3,3,OPTIMAL,251.7273,3,3,3,0,0,1.0,251.7273,0.0,0.0,90,2.0,0.5,1.0
015_C208,15,C,3,4,OPTIMAL,282.7002,3,3,3,0,0,1.0,282.7002,0.0,0.0,90,2.0,0.5,1.0
015_C208,15,C,3,5,OPTIMAL,119.5199,3,1,1,0,2,0.3333,92.1177,0.0,27.4021,90,2.0,0.5,1.0
015_C208,15,C,3,6,OPTIMAL,160.0636,3,2,2,0,1,0.6667,152.3427,0.0,7.7209,90,2.0,0.5,1.0
015_C208,15,C,3,7,OPTIMAL,327.8307,3,3,2,1,0,1.0,327.8307,0.0,0.0,90,2.0,0.5,1.0
015_C208,15,C,3,8,OPTIMAL,321.8306,3,3,3,0,0,1.0,321.8306,0.0,0.0,90,2.0,0.5,1.0
015_C208,15,C,3,9,OPTIMAL,335.5514,3,3,3,0,0,1.0,335.5514,0.0,0.0,90,2.0,0.5,1.0
015_R101,15,R,1,0,OPTIMAL,6.1338,1,0,0,0,1,0.0,0.0,0.0,6.1338,90,2.0,0.5,1.0
015_R101,15,R,1,1,OPTIMAL,4.1611,1,0,0,0,1,0.0,0.0,0.0,4.1611,90,2.0,0.5,1.0
015_R101,15,R,1,2,OPTIMAL,0.2304,1,0,0,0,1,0.0,0.0,0.0,0.2304,90,2.0,0.5,1.0
015_R101,15,R,1,3,OPTIMAL,33.408,1,0,0,0,1,0.0,0.0,0.0,33.408,90,2.0,0.5,1.0
015_R101,15,R,1,4,OPTIMAL,7.7316,1,0,0,0,1,0.0,0.0,0.0,7.7316,90,2.0,0.5,1.0
015_R101,15,R,1,5,OPTIMAL,17.5761,1,0,0,0,1,0.0,0.0,0.0,17.5761,90,2.0,0.5,1.0
015_R101,15,R,1,6,OPTIMAL,11.9608,1,0,0,0,1,0.0,0.0,0.0,11.9608,90,2.0,0.5,1.0
015_R101,15,R,1,7,OPTIMAL,3.2438,1,0,0,0,1,0.0,0.0,0.0,3.2438,90,2.0,0.5,1.0
015_R101,15,R,1,8,OPTIMAL,132.6677,1,1,1,0,0,1.0,132.6677,0.0,0.0,90,2.0,0.5,1.0
015_R101,15,R,1,9,OPTIMAL,34.3656,1,0,0,0,1,0.0,0.0,1.8389,32.5268,90,2.0,0.5,1.0
015_R101,15,R,2,0,OPTIMAL,8.8225,2,0,0,0,2,0.0,0.0,0.0,8.8225,90,2.0,0.5,1.0
015_R101,15,R,2,1,OPTIMAL,1.2725,2,0,0,0,2,0.0,0.0,0.0,1.2725,90,2.0,0.5,1.0
015_R101,15,R,2,2,OPTIMAL,59.3831,2,0,0,0,2,0.0,0.0,0.0,59.3831,90,2.0,0.5,1.0
015_R101,15,R,2,3,OPTIMAL,4.9802,2,0,0,0,2,0.0,0.0,0.0,4.9802,90,2.0,0.5,1.0
015_R101,15,R,2,4,OPTIMAL,5.4688,2,0,0,0,2,0.0,0.0,0.0,5.4688,90,2.0,0.5,1.0
015_R101,15,R,2,5,OPTIMAL,175.4777,2,1,1,0,1,0.5,137.3926,1.6531,36.432,90,2.0,0.5,1.0
015_R101,15,R,2,6,OPTIMAL,46.6929,2,0,0,0,2,0.0,0.0,0.0,46.6929,90,2.0,0.5,1.0
015_R101,15,R,2,7,OPTIMAL,171.9671,2,1,1,0,1,0.5,126.0333,0.0,45.9338,90,2.0,0.5,1.0
015_R101,15,R,2,8,OPTIMAL,16.1944,2,0,0,0,2,0.0,0.0,0.0,16.1944,90,2.0,0.5,1.0
015_R101,15,R,2,9,OPTIMAL,115.8737,2,1,0,1,1,0.5,113.1056,0.0,2.7681,90,2.0,0.5,1.0
015_R101,15,R,3,0,OPTIMAL,22.6013,3,0,0,0,3,0.0,0.0,0.0,22.6013,90,2.0,0.5,1.0
015_R101,15,R,3,1,OPTIMAL,4.3805,3,0,0,0,3,0.0,0.0,0.0,4.3805,90,2.0,0.5,1.0
015_R101,15,R,3,2,OPTIMAL,25.6748,3,0,0,0,3,0.0,0.0,0.0,25.6748,90,2.0,0.5,1.0
015_R101,15,R,3,3,OPTIMAL,16.7221,3,0,0,0,3,0.0,0.0,0.0,16.7221,90,2.0,0.5,1.0
015_R101,15,R,3,4,OPTIMAL,9.2298,3,0,0,0,3,0.0,0.0,0.0,9.2298,90,2.0,0.5,1.0
015_R101,15,R,3,5,OPTIMAL,15.5243,3,0,0,0,3,0.0,0.0,0.0,15.5243,90,2.0,0.5,1.0
015_R101,15,R,3,6,OPTIMAL,50.5669,3,0,0,0,3,0.0,0.0,0.659,49.9079,90,2.0,0.5,1.0
015_R101,15,R,3,7,OPTIMAL,45.4041,3,0,0,0,3,0.0,0.0,3.9694,41.4347,90,2.0,0.5,1.0
015_R101,15,R,3,8,OPTIMAL,142.6471,3,1,0,1,2,0.3333,107.6076,0.0,35.0396,90,2.0,0.5,1.0
015_R101,15,R,3,9,OPTIMAL,43.7662,3,0,0,0,3,0.0,0.0,0.0,43.7662,90,2.0,0.5,1.0
015_R102,15,R,1,0,OPTIMAL,0.0181,1,0,0,0,1,0.0,0.0,0.0,0.0181,90,2.0,0.5,1.0
015_R102,15,R,1,1,OPTIMAL,4.1611,1,0,0,0,1,0.0,0.0,0.0,4.1611,90,2.0,0.5,1.0
015_R102,15,R,1,2,OPTIMAL,30.4757,1,0,0,0,1,0.0,0.0,0.6769,29.7987,90,2.0,0.5,1.0
015_R102,15,R,1,3,OPTIMAL,33.408,1,0,0,0,1,0.0,0.0,0.0,33.408,90,2.0,0.5,1.0
015_R102,15,R,1,4,OPTIMAL,3.8658,1,0,0,0,1,0.0,0.0,0.0,3.8658,90,2.0,0.5,1.0
015_R102,15,R,1,5,OPTIMAL,17.5761,1,0,0,0,1,0.0,0.0,0.0,17.5761,90,2.0,0.5,1.0
015_R102,15,R,1,6,OPTIMAL,5.9804,1,0,0,0,1,0.0,0.0,0.0,5.9804,90,2.0,0.5,1.0
015_R102,15,R,1,7,OPTIMAL,3.2438,1,0,0,0,1,0.0,0.0,0.0,3.2438,90,2.0,0.5,1.0
015_R102,15,R,1,8,OPTIMAL,27.203,1,0,0,0,1,0.0,0.0,0.0,27.203,90,2.0,0.5,1.0
015_R102,15,R,1,9,OPTIMAL,18.7794,1,0,0,0,1,0.0,0.0,0.0,18.7794,90,2.0,0.5,1.0
015_R102,15,R,2,0,OPTIMAL,8.5026,2,0,0,0,2,0.0,0.0,0.0,8.5026,90,2.0,0.5,1.0
015_R102,15,R,2,1,OPTIMAL,1.2725,2,0,0,0,2,0.0,0.0,0.0,1.2725,90,2.0,0.5,1.0
015_R102,15,R,2,2,OPTIMAL,93.5403,2,0,0,0,2,0.0,0.0,10.3375,83.2027,90,2.0,0.5,1.0
015_R102,15,R,2,3,OPTIMAL,32.3468,2,0,0,0,2,0.0,0.0,0.0,32.3468,90,2.0,0.5,1.0
015_R102,15,R,2,4,OPTIMAL,3.2968,2,0,0,0,2,0.0,0.0,0.0,3.2968,90,2.0,0.5,1.0
015_R102,15,R,2,5,OPTIMAL,171.6564,2,1,1,0,1,0.5,137.3926,1.4345,32.8293,90,2.0,0.5,1.0
015_R102,15,R,2,6,OPTIMAL,51.806,2,0,0,0,2,0.0,0.0,0.0,51.806,90,2.0,0.5,1.0
015_R102,15,R,2,7,OPTIMAL,128.1339,2,0,0,0,2,0.0,0.0,9.5554,118.5785,90,2.0,0.5,1.0
015_R102,15,R,2,8,OPTIMAL,20.3368,2,0,0,0,2,0.0,0.0,0.0,20.3368,90,2.0,0.5,1.0
015_R102,15,R,2,9,OPTIMAL,23.8007,2,0,0,0,2,0.0,0.0,0.0,23.8007,90,2.0,0.5,1.0
015_R102,15,R,3,0,OPTIMAL,29.5418,3,0,0,0,3,0.0,0.0,0.0,29.5418,90,2.0,0.5,1.0
015_R102,15,R,3,1,OPTIMAL,53.3505,3,0,0,0,3,0.0,0.0,0.5118,52.8387,90,2.0,0.5,1.0
015_R102,15,R,3,2,OPTIMAL,54.9095,3,0,0,0,3,0.0,0.0,4.2918,50.6176,90,2.0,0.5,1.0
015_R102,15,R,3,3,OPTIMAL,16.7221,3,0,0,0,3,0.0,0.0,0.0,16.7221,90,2.0,0.5,1.0
015_R102,15,R,3,4,OPTIMAL,17.6085,3,0,0,0,3,0.0,0.0,0.0,17.6085,90,2.0,0.5,1.0
015_R102,15,R,3,5,OPTIMAL,17.7934,3,0,0,0,3,0.0,0.0,0.0,17.7934,90,2.0,0.5,1.0
015_R102,15,R,3,6,OPTIMAL,19.9755,3,0,0,0,3,0.0,0.0,0.0,19.9755,90,2.0,0.5,1.0
015_R102,15,R,3,7,OPTIMAL,22.0165,3,0,0,0,3,0.0,0.0,0.0,22.0165,90,2.0,0.5,1.0
015_R102,15,R,3,8,OPTIMAL,143.9432,3,1,1,0,2,0.3333,107.6076,0.0,36.3356,90,2.0,0.5,1.0
015_R102,15,R,3,9,OPTIMAL,75.7033,3,0,0,0,3,0.0,0.0,0.0,75.7033,90,2.0,0.5,1.0
015_R103,15,R,1,0,OPTIMAL,0.0181,1,0,0,0,1,0.0,0.0,0.0,0.0181,90,2.0,0.5,1.0
015_R103,15,R,1,1,OPTIMAL,4.1611,1,0,0,0,1,0.0,0.0,0.0,4.1611,90,2.0,0.5,1.0
015_R103,15,R,1,2,OPTIMAL,0.4609,1,0,0,0,1,0.0,0.0,0.0,0.4609,90,2.0,0.5,1.0
015_R103,15,R,1,3,OPTIMAL,33.408,1,0,0,0,1,0.0,0.0,0.0,33.408,90,2.0,0.5,1.0
015_R103,15,R,1,4,OPTIMAL,3.8658,1,0,0,0,1,0.0,0.0,0.0,3.8658,90,2.0,0.5,1.0
015_R103,15,R,1,5,OPTIMAL,17.5761,1,0,0,0,1,0.0,0.0,0.0,17.5761,90,2.0,0.5,1.0
015_R103,15,R,1,6,OPTIMAL,5.9804,1,0,0,0,1,0.0,0.0,0.0,5.9804,90,2.0,0.5,1.0
015_R103,15,R,1,7,OPTIMAL,3.2438,1,0,0,0,1,0.0,0.0,0.0,3.2438,90,2.0,0.5,1.0
015_R103,15,R,1,8,OPTIMAL,27.203,1,0,0,0,1,0.0,0.0,0.0,27.203,90,2.0,0.5,1.0
015_R103,15,R,1,9,OPTIMAL,18.7794,1,0,0,0,1,0.0,0.0,0.0,18.7794,90,2.0,0.5,1.0
015_R103,15,R,2,0,OPTIMAL,8.5026,2,0,0,0,2,0.0,0.0,0.0,8.5026,90,2.0,0.5,1.0
015_R103,15,R,2,1,OPTIMAL,1.2725,2,0,0,0,2,0.0,0.0,0.0,1.2725,90,2.0,0.5,1.0
015_R103,15,R,2,2,OPTIMAL,70.5966,2,0,0,0,2,0.0,0.0,0.0,70.5966,90,2.0,0.5,1.0
015_R103,15,R,2,3,OPTIMAL,32.3468,2,0,0,0,2,0.0,0.0,0.0,32.3468,90,2.0,0.5,1.0
015_R103,15,R,2,4,OPTIMAL,3.2968,2,0,0,0,2,0.0,0.0,0.0,3.2968,90,2.0,0.5,1.0
015_R103,15,R,2,5,OPTIMAL,162.1086,2,0,0,0,2,0.0,0.0,9.638,152.4705,90,2.0,0.5,1.0
015_R103,15,R,2,6,OPTIMAL,51.806,2,0,0,0,2,0.0,0.0,0.0,51.806,90,2.0,0.5,1.0
015_R103,15,R,2,7,OPTIMAL,128.1339,2,0,0,0,2,0.0,0.0,9.5554,118.5785,90,2.0,0.5,1.0
015_R103,15,R,2,8,OPTIMAL,20.3368,2,0,0,0,2,0.0,0.0,0.0,20.3368,90,2.0,0.5,1.0
015_R103,15,R,2,9,OPTIMAL,23.8007,2,0,0,0,2,0.0,0.0,0.0,23.8007,90,2.0,0.5,1.0
015_R103,15,R,3,0,OPTIMAL,29.5418,3,0,0,0,3,0.0,0.0,0.0,29.5418,90,2.0,0.5,1.0
015_R103,15,R,3,1,OPTIMAL,41.8151,3,0,0,0,3,0.0,0.0,0.0,41.8151,90,2.0,0.5,1.0
015_R103,15,R,3,2,OPTIMAL,28.3807,3,0,0,0,3,0.0,0.0,0.0,28.3807,90,2.0,0.5,1.0
015_R103,15,R,3,3,OPTIMAL,16.7221,3,0,0,0,3,0.0,0.0,0.0,16.7221,90,2.0,0.5,1.0
015_R103,15,R,3,4,OPTIMAL,11.8802,3,0,0,0,3,0.0,0.0,0.0,11.8802,90,2.0,0.5,1.0
015_R103,15,R,3,5,OPTIMAL,17.7934,3,0,0,0,3,0.0,0.0,0.0,17.7934,90,2.0,0.5,1.0
015_R103,15,R,3,6,OPTIMAL,57.9588,3,0,0,0,3,0.0,0.0,0.0,57.9588,90,2.0,0.5,1.0
015_R103,15,R,3,7,OPTIMAL,22.0165,3,0,0,0,3,0.0,0.0,0.0,22.0165,90,2.0,0.5,1.0
015_R103,15,R,3,8,OPTIMAL,137.9311,3,1,1,0,2,0.3333,107.6076,0.0,30.3235,90,2.0,0.5,1.0
015_R103,15,R,3,9,OPTIMAL,71.21,3,0,0,0,3,0.0,0.0,0.0,71.21,90,2.0,0.5,1.0
015_R104,15,R,1,0,OPTIMAL,3.0669,1,0,0,0,1,0.0,0.0,0.0,3.0669,90,2.0,0.5,1.0
015_R104,15,R,1,1,OPTIMAL,108.1477,1,1,1,0,0,1.0,108.1477,0.0,0.0,90,2.0,0.5,1.0
015_R104,15,R,1,2,OPTIMAL,0.4609,1,0,0,0,1,0.0,0.0,0.0,0.4609,90,2.0,0.5,1.0
015_R104,15,R,1,3,OPTIMAL,91.9667,1,1,1,0,0,1.0,91.9667,0.0,0.0,90,2.0,0.5,1.0
015_R104,15,R,1,4,OPTIMAL,1.4732,1,0,0,0,1,0.0,0.0,0.0,1.4732,90,2.0,0.5,1.0
015_R104,15,R,1,5,OPTIMAL,17.5761,1,0,0,0,1,0.0,0.0,0.0,17.5761,90,2.0,0.5,1.0
015_R104,15,R,1,6,OPTIMAL,5.9804,1,0,0,0,1,0.0,0.0,0.0,5.9804,90,2.0,0.5,1.0
015_R104,15,R,1,7,OPTIMAL,3.2438,1,0,0,0,1,0.0,0.0,0.0,3.2438,90,2.0,0.5,1.0
015_R104,15,R,1,8,OPTIMAL,25.8754,1,0,0,0,1,0.0,0.0,0.0,25.8754,90,2.0,0.5,1.0
015_R104,15,R,1,9,OPTIMAL,37.698,1,0,0,0,1,0.0,0.0,0.0,37.698,90,2.0,0.5,1.0
015_R104,15,R,2,0,OPTIMAL,8.5026,2,0,0,0,2,0.0,0.0,0.0,8.5026,90,2.0,0.5,1.0
015_R104,15,R,2,1,OPTIMAL,1.2725,2,0,0,0,2,0.0,0.0,0.0,1.2725,90,2.0,0.5,1.0
015_R104,15,R,2,2,OPTIMAL,97.0617,2,0,0,0,2,0.0,0.0,5.4884,91.5733,90,2.0,0.5,1.0
015_R104,15,R,2,3,OPTIMAL,25.3143,2,0,0,0,2,0.0,0.0,0.0,25.3143,90,2.0,0.5,1.0
015_R104,15,R,2,4,OPTIMAL,3.2968,2,0,0,0,2,0.0,0.0,0.0,3.2968,90,2.0,0.5,1.0
015_R104,15,R,2,5,OPTIMAL,113.1945,2,0,0,0,2,0.0,0.0,0.0,113.1945,90,2.0,0.5,1.0
015_R104,15,R,2,6,OPTIMAL,64.8794,2,0,0,0,2,0.0,0.0,0.0,64.8794,90,2.0,0.5,1.0
015_R104,15,R,2,7,OPTIMAL,181.6029,2,1,1,0,1,0.5,125.618,0.0,55.9849,90,2.0,0.5,1.0
015_R104,15,R,2,8,OPTIMAL,20.3368,2,0,0,0,2,0.0,0.0,0.0,20.3368,90,2.0,0.5,1.0
015_R104,15,R,2,9,OPTIMAL,9.5159,2,0,0,0,2,0.0,0.0,0.0,9.5159,90,2.0,0.5,1.0
015_R104,15,R,3,0,OPTIMAL,29.5418,3,0,0,0,3,0.0,0.0,0.0,29.5418,90,2.0,0.5,1.0
015_R104,15,R,3,1,OPTIMAL,53.5944,3,0,0,0,3,0.0,0.0,0.5118,53.0826,90,2.0,0.5,1.0
015_R104,15,R,3,2,OPTIMAL,21.5971,3,0,0,0,3,0.0,0.0,0.0,21.5971,90,2.0,0.5,1.0
015_R104,15,R,3,3,OPTIMAL,44.5621,3,0,0,0,3,0.0,0.0,0.0,44.5621,90,2.0,0.5,1.0
015_R104,15,R,3,4,OPTIMAL,11.8802,3,0,0,0,3,0.0,0.0,0.0,11.8802,90,2.0,0.5,1.0
015_R104,15,R,3,5,OPTIMAL,17.7934,3,0,0,0,3,0.0,0.0,0.0,17.7934,90,2.0,0.5,1.0
015_R104,15,R,3,6,OPTIMAL,57.0314,3,0,0,0,3,0.0,0.0,0.0,57.0314,90,2.0,0.5,1.0
015_R104,15,R,3,7,OPTIMAL,46.6059,3,0,0,0,3,0.0,0.0,0.0,46.6059,90,2.0,0.5,1.0
015_R104,15,R,3,8,OPTIMAL,137.9311,3,1,1,0,2,0.3333,107.6076,0.0,30.3235,90,2.0,0.5,1.0
015_R104,15,R,3,9,OPTIMAL,79.4701,3,0,0,0,3,0.0,0.0,0.0,79.4701,90,2.0,0.5,1.0
015_R105,15,R,1,0,OPTIMAL,0.0181,1,0,0,0,1,0.0,0.0,0.0,0.0181,90,2.0,0.5,1.0
015_R105,15,R,1,1,OPTIMAL,4.1611,1,0,0,0,1,0.0,0.0,0.0,4.1611,90,2.0,0.5,1.0
015_R105,15,R,1,2,OPTIMAL,0.2304,1,0,0,0,1,0.0,0.0,0.0,0.2304,90,2.0,0.5,1.0
015_R105,15,R,1,3,OPTIMAL,29.1599,1,0,0,0,1,0.0,0.0,0.0,29.1599,90,2.0,0.5,1.0
015_R105,15,R,1,4,OPTIMAL,26.1307,1,0,0,0,1,0.0,0.0,0.0,26.1307,90,2.0,0.5,1.0
015_R105,15,R,1,5,OPTIMAL,17.5761,1,0,0,0,1,0.0,0.0,0.0,17.5761,90,2.0,0.5,1.0
015_R105,15,R,1,6,OPTIMAL,1.4854,1,0,0,0,1,0.0,0.0,0.0,1.4854,90,2.0,0.5,1.0
015_R105,15,R,1,7,OPTIMAL,3.2438,1,0,0,0,1,0.0,0.0,0.0,3.2438,90,2.0,0.5,1.0
015_R105,15,R,1,8,OPTIMAL,1.8392,1,0,0,0,1,0.0,0.0,0.0,1.8392,90,2.0,0.5,1.0
015_R105,15,R,1,9,OPTIMAL,27.3292,1,0,0,0,1,0.0,0.0,0.0,27.3292,90,2.0,0.5,1.0
015_R105,15,R,2,0,OPTIMAL,8.3953,2,0,0,0,2,0.0,0.0,0.0,8.3953,90,2.0,0.5,1.0
015_R105,15,R,2,1,OPTIMAL,1.2725,2,0,0,0,2,0.0,0.0,0.0,1.2725,90,2.0,0.5,1.0
015_R105,15,R,2,2,OPTIMAL,61.05,2,0,0,0,2,0.0,0.0,0.0,61.05,90,2.0,0.5,1.0
015_R105,15,R,2,3,OPTIMAL,4.9802,2,0,0,0,2,0.0,0.0,0.0,4.9802,90,2.0,0.5,1.0
015_R105,15,R,2,4,OPTIMAL,44.302,2,0,0,0,2,0.0,0.0,0.0,44.302,90,2.0,0.5,1.0
015_R105,15,R,2,5,OPTIMAL,178.6594,2,1,0,1,1,0.5,137.3926,0.0,41.2669,90,2.0,0.5,1.0
015_R105,15,R,2,6,OPTIMAL,46.6929,2,0,0,0,2,0.0,0.0,0.0,46.6929,90,2.0,0.5,1.0
015_R105,15,R,2,7,OPTIMAL,251.6513,2,2,2,0,0,1.0,251.6513,0.0,0.0,90,2.0,0.5,1.0
015_R105,15,R,2,8,OPTIMAL,15.8435,2,0,0,0,2,0.0,0.0,0.0,15.8435,90,2.0,0.5,1.0
015_R105,15,R,2,9,OPTIMAL,11.0232,2,0,0,0,2,0.0,0.0,0.0,11.0232,90,2.0,0.5,1.0
015_R105,15,R,3,0,OPTIMAL,28.4618,3,0,0,0,3,0.0,0.0,0.0,28.4618,90,2.0,0.5,1.0
015_R105,15,R,3,1,OPTIMAL,4.3805,3,0,0,0,3,0.0,0.0,0.0,4.3805,90,2.0,0.5,1.0
015_R105,15,R,3,2,OPTIMAL,23.2727,3,0,0,0,3,0.0,0.0,0.0,23.2727,90,2.0,0.5,1.0
015_R105,15,R,3,3,OPTIMAL,34.1668,3,0,0,0,3,0.0,0.0,0.0,34.1668,90,2.0,0.5,1.0
015_R105,15,R,3,4,OPTIMAL,11.1368,3,0,0,0,3,0.0,0.0,0.0,11.1368,90,2.0,0.5,1.0
015_R105,15,R,3,5,OPTIMAL,26.1583,3,0,0,0,3,0.0,0.0,0.0,26.1583,90,2.0,0.5,1.0
015_R105,15,R,3,6,OPTIMAL,51.2703,3,0,0,0,3,0.0,0.0,0.0,51.2703,90,2.0,0.5,1.0
015_R105,15,R,3,7,OPTIMAL,36.2371,3,0,0,0,3,0.0,0.0,0.0,36.2371,90,2.0,0.5,1.0
015_R105,15,R,3,8,OPTIMAL,83.5862,3,0,0,0,3,0.0,0.0,0.0,83.5862,90,2.0,0.5,1.0
015_R105,15,R,3,9,OPTIMAL,70.6672,3,0,0,0,3,0.0,0.0,0.0,70.6672,90,2.0,0.5,1.0
015_R106,15,R,1,0,OPTIMAL,0.0181,1,0,0,0,1,0.0,0.0,0.0,0.0181,90,2.0,0.5,1.0
015_R106,15,R,1,1,OPTIMAL,4.1611,1,0,0,0,1,0.0,0.0,0.0,4.1611,90,2.0,0.5,1.0
015_R106,15,R,1,2,OPTIMAL,0.4609,1,0,0,0,1,0.0,0.0,0.0,0.4609,90,2.0,0.5,1.0
015_R106,15,R,1,3,OPTIMAL,91.9667,1,1,0,1,0,1.0,91.9667,0.0,0.0,90,2.0,0.5,1.0
015_R106,15,R,1,4,OPTIMAL,3.8658,1,0,0,0,1,0.0,0.0,0.0,3.8658,90,2.0,0.5,1.0
015_R106,15,R,1,5,OPTIMAL,79.226,1,1,0,1,0,1.0,79.226,0.0,0.0,90,2.0,0.5,1.0
015_R106,15,R,1,6,OPTIMAL,1.4854,1,0,0,0,1,0.0,0.0,0.0,1.4854,90,2.0,0.5,1.0
015_R106,15,R,1,7,OPTIMAL,101.7583,1,1,0,1,0,1.0,101.7583,0.0,0.0,90,2.0,0.5,1.0
015_R106,15,R,1,8,OPTIMAL,38.0813,1,0,0,0,1,0.0,0.0,0.0,38.0813,90,2.0,0.5,1.0
015_R106,15,R,1,9,OPTIMAL,18.849,1,0,0,0,1,0.0,0.0,0.0,18.849,90,2.0,0.5,1.0
015_R106,15,R,2,0,OPTIMAL,47.526,2,1,0,1,1,0.5,47.2061,0.0,0.3199,90,2.0,0.5,1.0
015_R106,15,R,2,1,OPTIMAL,1.2725,2,0,0,0,2,0.0,0.0,0.0,1.2725,90,2.0,0.5,1.0
015_R106,15,R,2,2,OPTIMAL,127.2571,2,1,1,0,1,0.5,119.2241,0.0,8.0329,90,2.0,0.5,1.0
015_R106,15,R,2,3,OPTIMAL,8.5868,2,0,0,0,2,0.0,0.0,0.0,8.5868,90,2.0,0.5,1.0
015_R106,15,R,2,4,OPTIMAL,3.2968,2,0,0,0,2,0.0,0.0,0.0,3.2968,90,2.0,0.5,1.0
015_R106,15,R,2,5,OPTIMAL,157.3528,2,1,0,1,1,0.5,137.3926,0.0,19.9602,90,2.0,0.5,1.0
015_R106,15,R,2,6,OPTIMAL,141.3483,2,1,0,1,1,0.5,135.5871,0.0,5.7613,90,2.0,0.5,1.0
015_R106,15,R,2,7,OPTIMAL,198.3497,2,1,1,0,1,0.5,125.618,5.348,67.3837,90,2.0,0.5,1.0
015_R106,15,R,2,8,OPTIMAL,94.9291,2,1,0,1,1,0.5,76.2323,0.0,18.6968,90,2.0,0.5,1.0
015_R106,15,R,2,9,OPTIMAL,29.8926,2,0,0,0,2,0.0,0.0,0.0,29.8926,90,2.0,0.5,1.0
015_R106,15,R,3,0,OPTIMAL,29.5418,3,0,0,0,3,0.0,0.0,0.0,29.5418,90,2.0,0.5,1.0
015_R106,15,R,3,1,OPTIMAL,41.8151,3,0,0,0,3,0.0,0.0,0.0,41.8151,90,2.0,0.5,1.0
015_R106,15,R,3,2,OPTIMAL,5.7644,3,0,0,0,3,0.0,0.0,0.0,5.7644,90,2.0,0.5,1.0
015_R106,15,R,3,3,OPTIMAL,92.8027,3,1,0,1,2,0.3333,85.8018,0.0,7.0009,90,2.0,0.5,1.0
015_R106,15,R,3,4,OPTIMAL,11.2984,3,0,0,0,3,0.0,0.0,0.0,11.2984,90,2.0,0.5,1.0
015_R106,15,R,3,5,OPTIMAL,101.0666,3,1,0,1,2,0.3333,57.8962,0.0,43.1704,90,2.0,0.5,1.0
015_R106,15,R,3,6,OPTIMAL,71.7256,3,0,0,0,3,0.0,0.0,0.0,71.7256,90,2.0,0.5,1.0
015_R106,15,R,3,7,OPTIMAL,54.2769,3,0,0,0,3,0.0,0.0,0.0,54.2769,90,2.0,0.5,1.0
015_R106,15,R,3,8,OPTIMAL,138.0542,3,1,0,1,2,0.3333,113.1496,0.0,24.9046,90,2.0,0.5,1.0
015_R106,15,R,3,9,OPTIMAL,220.3954,3,2,0,2,1,0.6667,211.1822,0.0,9.2132,90,2.0,0.5,1.0
015_R107,15,R,1,0,OPTIMAL,0.0181,1,0,0,0,1,0.0,0.0,0.0,0.0181,90,2.0,0.5,1.0
015_R107,15,R,1,1,OPTIMAL,4.1611,1,0,0,0,1,0.0,0.0,0.0,4.1611,90,2.0,0.5,1.0
015_R107,15,R,1,2,OPTIMAL,18.4449,1,0,0,0,1,0.0,0.0,0.0,18.4449,90,2.0,0.5,1.0
015_R107,15,R,1,3,OPTIMAL,29.1599,1,0,0,0,1,0.0,0.0,0.0,29.1599,90,2.0,0.5,1.0
015_R107,15,R,1,4,OPTIMAL,3.8658,1,0,0,0,1,0.0,0.0,0.0,3.8658,90,2.0,0.5,1.0
015_R107,15,R,1,5,OPTIMAL,17.5761,1,0,0,0,1,0.0,0.0,0.0,17.5761,90,2.0,0.5,1.0
015_R107,15,R,1,6,OPTIMAL,1.4854,1,0,0,0,1,0.0,0.0,0.0,1.4854,90,2.0,0.5,1.0
015_R107,15,R,1,7,OPTIMAL,3.2438,1,0,0,0,1,0.0,0.0,0.0,3.2438,90,2.0,0.5,1.0
015_R107,15,R,1,8,OPTIMAL,41.8481,1,0,0,0,1,0.0,0.0,0.0,41.8481,90,2.0,0.5,1.0
015_R107,15,R,1,9,OPTIMAL,18.849,1,0,0,0,1,0.0,0.0,0.0,18.849,90,2.0,0.5,1.0
015_R107,15,R,2,0,OPTIMAL,8.5026,2,0,0,0,2,0.0,0.0,0.0,8.5026,90,2.0,0.5,1.0
015_R107,15,R,2,1,OPTIMAL,1.2725,2,0,0,0,2,0.0,0.0,0.0,1.2725,90,2.0,0.5,1.0
015_R107,15,R,2,2,OPTIMAL,132.5388,2,1,1,0,1,0.5,119.2241,0.0,13.3147,90,2.0,0.5,1.0
015_R107,15,R,2,3,OPTIMAL,44.4249,2,0,0,0,2,0.0,0.0,0.0,44.4249,90,2.0,0.5,1.0
015_R107,15,R,2,4,OPTIMAL,3.2968,2,0,0,0,2,0.0,0.0,0.0,3.2968,90,2.0,0.5,1.0
015_R107,15,R,2,5,OPTIMAL,157.3528,2,1,1,0,1,0.5,137.3926,0.0,19.9602,90,2.0,0.5,1.0
015_R107,15,R,2,6,OPTIMAL,51.806,2,0,0,0,2,0.0,0.0,0.0,51.806,90,2.0,0.5,1.0
015_R107,15,R,2,7,OPTIMAL,196.3575,2,1,1,0,1,0.5,125.618,0.0,70.7395,90,2.0,0.5,1.0
015_R107,15,R,2,8,OPTIMAL,15.8435,2,0,0,0,2,0.0,0.0,0.0,15.8435,90,2.0,0.5,1.0
015_R107,15,R,2,9,OPTIMAL,33.6594,2,0,0,0,2,0.0,0.0,0.0,33.6594,90,2.0,0.5,1.0
015_R107,15,R,3,0,OPTIMAL,25.1285,3,0,0,0,3,0.0,0.0,0.0,25.1285,90,2.0,0.5,1.0
015_R107,15,R,3,1,OPTIMAL,44.8656,3,0,0,0,3,0.0,0.0,0.0,44.8656,90,2.0,0.5,1.0
015_R107,15,R,3,2,OPTIMAL,9.4177,3,0,0,0,3,0.0,0.0,0.0,9.4177,90,2.0,0.5,1.0
015_R107,15,R,3,3,OPTIMAL,48.5848,3,0,0,0,3,0.0,0.0,0.0,48.5848,90,2.0,0.5,1.0
015_R107,15,R,3,4,OPTIMAL,21.9486,3,0,0,0,3,0.0,0.0,0.0,21.9486,90,2.0,0.5,1.0
015_R107,15,R,3,5,OPTIMAL,26.3357,3,0,0,0,3,0.0,0.0,0.0,26.3357,90,2.0,0.5,1.0
015_R107,15,R,3,6,OPTIMAL,26.8379,3,0,0,0,3,0.0,0.0,0.0,26.8379,90,2.0,0.5,1.0
015_R107,15,R,3,7,OPTIMAL,23.4958,3,0,0,0,3,0.0,0.0,0.0,23.4958,90,2.0,0.5,1.0
015_R107,15,R,3,8,OPTIMAL,84.8823,3,0,0,0,3,0.0,0.0,0.0,84.8823,90,2.0,0.5,1.0
015_R107,15,R,3,9,OPTIMAL,71.21,3,0,0,0,3,0.0,0.0,0.0,71.21,90,2.0,0.5,1.0
015_R108,15,R,1,0,OPTIMAL,3.0669,1,0,0,0,1,0.0,0.0,0.0,3.0669,90,2.0,0.5,1.0
015_R108,15,R,1,1,OPTIMAL,108.1477,1,1,1,0,0,1.0,108.1477,0.0,0.0,90,2.0,0.5,1.0
015_R108,15,R,1,2,OPTIMAL,18.4449,1,0,0,0,1,0.0,0.0,0.0,18.4449,90,2.0,0.5,1.0
015_R108,15,R,1,3,OPTIMAL,29.1599,1,0,0,0,1,0.0,0.0,0.0,29.1599,90,2.0,0.5,1.0
015_R108,15,R,1,4,OPTIMAL,1.4732,1,0,0,0,1,0.0,0.0,0.0,1.4732,90,2.0,0.5,1.0
015_R108,15,R,1,5,OPTIMAL,17.5761,1,0,0,0,1,0.0,0.0,0.0,17.5761,90,2.0,0.5,1.0
015_R108,15,R,1,6,OPTIMAL,1.4854,1,0,0,0,1,0.0,0.0,0.0,1.4854,90,2.0,0.5,1.0
015_R108,15,R,1,7,OPTIMAL,3.2438,1,0,0,0,1,0.0,0.0,0.0,3.2438,90,2.0,0.5,1.0
015_R108,15,R,1,8,OPTIMAL,22.5174,1,0,0,0,1,0.0,0.0,0.0,22.5174,90,2.0,0.5,1.0
015_R108,15,R,1,9,OPTIMAL,26.6582,1,0,0,0,1,0.0,0.0,0.0,26.6582,90,2.0,0.5,1.0
015_R108,15,R,2,0,OPTIMAL,8.5026,2,0,0,0,2,0.0,0.0,0.0,8.5026,90,2.0,0.5,1.0
015_R108,15,R,2,1,OPTIMAL,1.2725,2,0,0,0,2,0.0,0.0,0.0,1.2725,90,2.0,0.5,1.0
015_R108,15,R,2,2,OPTIMAL,132.5388,2,1,1,0,1,0.5,119.2241,0.0,13.3147,90,2.0,0.5,1.0
015_R108,15,R,2,3,OPTIMAL,24.7136,2,0,0,0,2,0.0,0.0,0.0,24.7136,90,2.0,0.5,1.0
015_R108,15,R,2,4,OPTIMAL,3.2968,2,0,0,0,2,0.0,0.0,0.0,3.2968,90,2.0,0.5,1.0
015_R108,15,R,2,5,OPTIMAL,91.8129,2,0,0,0,2,0.0,0.0,0.0,91.8129,90,2.0,0.5,1.0
015_R108,15,R,2,6,OPTIMAL,64.8794,2,0,0,0,2,0.0,0.0,0.0,64.8794,90,2.0,0.5,1.0
015_R108,15,R,2,7,OPTIMAL,187.7034,2,1,1,0,1,0.5,125.618,0.0,62.0854,90,2.0,0.5,1.0
015_R108,15,R,2,8,OPTIMAL,15.8435,2,0,0,0,2,0.0,0.0,0.0,15.8435,90,2.0,0.5,1.0
015_R108,15,R,2,9,OPTIMAL,9.5159,2,0,0,0,2,0.0,0.0,0.0,9.5159,90,2.0,0.5,1.0
015_R108,15,R,3,0,OPTIMAL,37.7712,3,0,0,0,3,0.0,0.0,0.0,37.7712,90,2.0,0.5,1.0
015_R108,15,R,3,1,OPTIMAL,79.3239,3,0,0,0,3,0.0,0.0,2.4216,76.9023,90,2.0,0.5,1.0
015_R108,15,R,3,2,OPTIMAL,9.4177,3,0,0,0,3,0.0,0.0,0.0,9.4177,90,2.0,0.5,1.0
015_R108,15,R,3,3,OPTIMAL,48.5848,3,0,0,0,3,0.0,0.0,0.0,48.5848,90,2.0,0.5,1.0
015_R108,15,R,3,4,OPTIMAL,21.9486,3,0,0,0,3,0.0,0.0,0.0,21.9486,90,2.0,0.5,1.0
015_R108,15,R,3,5,OPTIMAL,46.5205,3,0,0,0,3,0.0,0.0,0.0,46.5205,90,2.0,0.5,1.0
015_R108,15,R,3,6,OPTIMAL,26.8379,3,0,0,0,3,0.0,0.0,0.0,26.8379,90,2.0,0.5,1.0
015_R108,15,R,3,7,OPTIMAL,30.9576,3,0,0,0,3,0.0,0.0,0.0,30.9576,90,2.0,0.5,1.0
015_R108,15,R,3,8,OPTIMAL,143.9432,3,1,1,0,2,0.3333,107.6076,0.0,36.3356,90,2.0,0.5,1.0
015_R108,15,R,3,9,OPTIMAL,71.21,3,0,0,0,3,0.0,0.0,0.0,71.21,90,2.0,0.5,1.0
015_R109,15,R,1,0,OPTIMAL,0.0181,1,0,0,0,1,0.0,0.0,0.0,0.0181,90,2.0,0.5,1.0
015_R109,15,R,1,1,OPTIMAL,4.1611,1,0,0,0,1,0.0,0.0,0.0,4.1611,90,2.0,0.5,1.0
015_R109,15,R,1,2,OPTIMAL,0.4609,1,0,0,0,1,0.0,0.0,0.0,0.4609,90,2.0,0.5,1.0
015_R109,15,R,1,3,OPTIMAL,29.1599,1,0,0,0,1,0.0,0.0,0.0,29.1599,90,2.0,0.5,1.0
015_R109,15,R,1,4,OPTIMAL,3.8658,1,0,0,0,1,0.0,0.0,0.0,3.8658,90,2.0,0.5,1.0
015_R109,15,R,1,5,OPTIMAL,17.5761,1,0,0,0,1,0.0,0.0,0.0,17.5761,90,2.0,0.5,1.0
015_R109,15,R,1,6,OPTIMAL,1.4854,1,0,0,0,1,0.0,0.0,0.0,1.4854,90,2.0,0.5,1.0
015_R109,15,R,1,7,OPTIMAL,41.3221,1,0,0,0,1,0.0,0.0,0.0,41.3221,90,2.0,0.5,1.0
015_R109,15,R,1,8,OPTIMAL,0.9196,1,0,0,0,1,0.0,0.0,0.0,0.9196,90,2.0,0.5,1.0
015_R109,15,R,1,9,OPTIMAL,21.9853,1,0,0,0,1,0.0,0.0,0.0,21.9853,90,2.0,0.5,1.0
015_R109,15,R,2,0,OPTIMAL,45.5352,2,0,0,0,2,0.0,0.0,0.0,45.5352,90,2.0,0.5,1.0
015_R109,15,R,2,1,OPTIMAL,18.9902,2,0,0,0,2,0.0,0.0,0.0,18.9902,90,2.0,0.5,1.0
015_R109,15,R,2,2,OPTIMAL,39.5996,2,0,0,0,2,0.0,0.0,0.0,39.5996,90,2.0,0.5,1.0
015_R109,15,R,2,3,OPTIMAL,4.1041,2,0,0,0,2,0.0,0.0,0.0,4.1041,90,2.0,0.5,1.0
015_R109,15,R,2,4,OPTIMAL,29.9055,2,0,0,0,2,0.0,0.0,0.0,29.9055,90,2.0,0.5,1.0
015_R109,15,R,2,5,OPTIMAL,30.4063,2,0,0,0,2,0.0,0.0,0.0,30.4063,90,2.0,0.5,1.0
015_R109,15,R,2,6,OPTIMAL,136.2352,2,1,1,0,1,0.5,135.5871,0.0,0.6481,90,2.0,0.5,1.0
015_R109,15,R,2,7,OPTIMAL,166.9802,2,1,0,1,1,0.5,126.0333,0.0,40.9469,90,2.0,0.5,1.0
015_R109,15,R,2,8,OPTIMAL,22.5746,2,0,0,0,2,0.0,0.0,0.0,22.5746,90,2.0,0.5,1.0
015_R109,15,R,2,9,OPTIMAL,114.4897,2,1,0,1,1,0.5,113.1056,0.0,1.3841,90,2.0,0.5,1.0
015_R109,15,R,3,0,OPTIMAL,21.5336,3,0,0,0,3,0.0,0.0,0.0,21.5336,90,2.0,0.5,1.0
015_R109,15,R,3,1,OPTIMAL,28.5162,3,0,0,0,3,0.0,0.0,0.0,28.5162,90,2.0,0.5,1.0
015_R109,15,R,3,2,OPTIMAL,3.3862,3,0,0,0,3,0.0,0.0,0.0,3.3862,90,2.0,0.5,1.0
015_R109,15,R,3,3,OPTIMAL,52.5427,3,0,0,0,3,0.0,0.0,0.0,52.5427,90,2.0,0.5,1.0
015_R109,15,R,3,4,OPTIMAL,9.3914,3,0,0,0,3,0.0,0.0,0.0,9.3914,90,2.0,0.5,1.0
015_R109,15,R,3,5,OPTIMAL,32.0777,3,0,0,0,3,0.0,0.0,0.0,32.0777,90,2.0,0.5,1.0
015_R109,15,R,3,6,OPTIMAL,20.2143,3,0,0,0,3,0.0,0.0,0.0,20.2143,90,2.0,0.5,1.0
015_R109,15,R,3,7,OPTIMAL,34.9185,3,0,0,0,3,0.0,0.0,0.0,34.9185,90,2.0,0.5,1.0
015_R109,15,R,3,8,OPTIMAL,127.7669,3,1,1,0,2,0.3333,113.1496,0.0,14.6173,90,2.0,0.5,1.0
015_R109,15,R,3,9,OPTIMAL,156.5855,3,1,1,0,2,0.3333,129.4509,0.0,27.1345,90,2.0,0.5,1.0
015_R110,15,R,1,0,OPTIMAL,17.8286,1,0,0,0,1,0.0,0.0,0.0,17.8286,90,2.0,0.5,1.0
015_R110,15,R,1,1,OPTIMAL,29.8081,1,0,0,0,1,0.0,0.0,0.0,29.8081,90,2.0,0.5,1.0
015_R110,15,R,1,2,OPTIMAL,0.4609,1,0,0,0,1,0.0,0.0,0.0,0.4609,90,2.0,0.5,1.0
015_R110,15,R,1,3,OPTIMAL,42.5493,1,0,0,0,1,0.0,0.0,0.0,42.5493,90,2.0,0.5,1.0
015_R110,15,R,1,4,OPTIMAL,17.7113,1,0,0,0,1,0.0,0.0,0.0,17.7113,90,2.0,0.5,1.0
015_R110,15,R,1,5,OPTIMAL,39.2534,1,0,0,0,1,0.0,0.0,0.0,39.2534,90,2.0,0.5,1.0
015_R110,15,R,1,6,OPTIMAL,1.4854,1,0,0,0,1,0.0,0.0,0.0,1.4854,90,2.0,0.5,1.0
015_R110,15,R,1,7,OPTIMAL,41.4916,1,0,0,0,1,0.0,0.0,0.0,41.4916,90,2.0,0.5,1.0
015_R110,15,R,1,8,OPTIMAL,4.049,1,0,0,0,1,0.0,0.0,0.0,4.049,90,2.0,0.5,1.0
015_R110,15,R,1,9,OPTIMAL,3.4091,1,0,0,0,1,0.0,0.0,0.0,3.4091,90,2.0,0.5,1.0
015_R110,15,R,2,0,OPTIMAL,48.3282,2,0,0,0,2,0.0,0.0,0.0,48.3282,90,2.0,0.5,1.0
015_R110,15,R,2,1,OPTIMAL,28.8947,2,0,0,0,2,0.0,0.0,0.0,28.8947,90,2.0,0.5,1.0
015_R110,15,R,2,2,OPTIMAL,69.0829,2,0,0,0,2,0.0,0.0,0.0,69.0829,90,2.0,0.5,1.0
015_R110,15,R,2,3,OPTIMAL,9.8339,2,0,0,0,2,0.0,0.0,0.0,9.8339,90,2.0,0.5,1.0
015_R110,15,R,2,4,OPTIMAL,33.4369,2,0,0,0,2,0.0,0.0,0.0,33.4369,90,2.0,0.5,1.0
015_R110,15,R,2,5,OPTIMAL,5.1662,2,0,0,0,2,0.0,0.0,0.0,5.1662,90,2.0,0.5,1.0
015_R110,15,R,2,6,OPTIMAL,136.2352,2,1,1,0,1,0.5,135.5871,0.0,0.6481,90,2.0,0.5,1.0
015_R110,15,R,2,7,OPTIMAL,125.7809,2,1,0,1,1,0.5,125.618,0.0,0.1629,90,2.0,0.5,1.0
015_R110,15,R,2,8,OPTIMAL,40.7164,2,0,0,0,2,0.0,0.0,0.0,40.7164,90,2.0,0.5,1.0
015_R110,15,R,2,9,OPTIMAL,98.2458,2,0,0,0,2,0.0,0.0,0.2452,98.0006,90,2.0,0.5,1.0
015_R110,15,R,3,0,OPTIMAL,23.2164,3,0,0,0,3,0.0,0.0,0.0,23.2164,90,2.0,0.5,1.0
015_R110,15,R,3,1,OPTIMAL,46.7912,3,0,0,0,3,0.0,0.0,0.0,46.7912,90,2.0,0.5,1.0
015_R110,15,R,3,2,OPTIMAL,4.0736,3,0,0,0,3,0.0,0.0,0.0,4.0736,90,2.0,0.5,1.0
015_R110,15,R,3,3,OPTIMAL,63.4838,3,0,0,0,3,0.0,0.0,0.0,63.4838,90,2.0,0.5,1.0
015_R110,15,R,3,4,OPTIMAL,35.1721,3,0,0,0,3,0.0,0.0,0.0,35.1721,90,2.0,0.5,1.0
015_R110,15,R,3,5,OPTIMAL,59.4465,3,0,0,0,3,0.0,0.0,0.0,59.4465,90,2.0,0.5,1.0
015_R110,15,R,3,6,OPTIMAL,36.9713,3,0,0,0,3,0.0,0.0,0.0,36.9713,90,2.0,0.5,1.0
015_R110,15,R,3,7,OPTIMAL,33.0331,3,0,0,0,3,0.0,0.0,0.0,33.0331,90,2.0,0.5,1.0
015_R110,15,R,3,8,OPTIMAL,127.7669,3,1,1,0,2,0.3333,113.1496,0.0,14.6173,90,2.0,0.5,1.0
015_R110,15,R,3,9,OPTIMAL,164.7711,3,1,1,0,2,0.3333,129.4509,0.0,35.3202,90,2.0,0.5,1.0
015_R111,15,R,1,0,OPTIMAL,0.0181,1,0,0,0,1,0.0,0.0,0.0,0.0181,90,2.0,0.5,1.0
015_R111,15,R,1,1,OPTIMAL,4.9976,1,0,0,0,1,0.0,0.0,0.0,4.9976,90,2.0,0.5,1.0
015_R111,15,R,1,2,OPTIMAL,3.5438,1,0,0,0,1,0.0,0.0,0.0,3.5438,90,2.0,0.5,1.0
015_R111,15,R,1,3,OPTIMAL,29.1599,1,0,0,0,1,0.0,0.0,0.0,29.1599,90,2.0,0.5,1.0
015_R111,15,R,1,4,OPTIMAL,3.8658,1,0,0,0,1,0.0,0.0,0.0,3.8658,90,2.0,0.5,1.0
015_R111,15,R,1,5,OPTIMAL,17.5761,1,0,0,0,1,0.0,0.0,0.0,17.5761,90,2.0,0.5,1.0
015_R111,15,R,1,6,OPTIMAL,1.4854,1,0,0,0,1,0.0,0.0,0.0,1.4854,90,2.0,0.5,1.0
015_R111,15,R,1,7,OPTIMAL,3.2438,1,0,0,0,1,0.0,0.0,0.0,3.2438,90,2.0,0.5,1.0
015_R111,15,R,1,8,OPTIMAL,40.8481,1,0,0,0,1,0.0,0.0,0.0,40.8481,90,2.0,0.5,1.0
015_R111,15,R,1,9,OPTIMAL,18.849,1,0,0,0,1,0.0,0.0,0.0,18.849,90,2.0,0.5,1.0
015_R111,15,R,2,0,OPTIMAL,8.5026,2,0,0,0,2,0.0,0.0,0.0,8.5026,90,2.0,0.5,1.0
015_R111,15,R,2,1,OPTIMAL,1.2725,2,0,0,0,2,0.0,0.0,0.0,1.2725,90,2.0,0.5,1.0
015_R111,15,R,2,2,OPTIMAL,127.2571,2,1,1,0,1,0.5,119.2241,0.0,8.0329,90,2.0,0.5,1.0
015_R111,15,R,2,3,OPTIMAL,8.5868,2,0,0,0,2,0.0,0.0,0.0,8.5868,90,2.0,0.5,1.0
015_R111,15,R,2,4,OPTIMAL,2.8579,2,0,0,0,2,0.0,0.0,0.0,2.8579,90,2.0,0.5,1.0
015_R111,15,R,2,5,OPTIMAL,100.4452,2,0,0,0,2,0.0,0.0,0.0,100.4452,90,2.0,0.5,1.0
015_R111,15,R,2,6,OPTIMAL,64.8794,2,0,0,0,2,0.0,0.0,0.0,64.8794,90,2.0,0.5,1.0
015_R111,15,R,2,7,OPTIMAL,191.1596,2,1,1,0,1,0.5,125.618,0.0,65.5416,90,2.0,0.5,1.0
015_R111,15,R,2,8,OPTIMAL,15.8435,2,0,0,0,2,0.0,0.0,0.0,15.8435,90,2.0,0.5,1.0
015_R111,15,R,2,9,OPTIMAL,32.6594,2,0,0,0,2,0.0,0.0,0.0,32.6594,90,2.0,0.5,1.0
015_R111,15,R,3,0,OPTIMAL,25.1285,3,0,0,0,3,0.0,0.0,0.0,25.1285,90,2.0,0.5,1.0
015_R111,15,R,3,1,OPTIMAL,41.8151,3,0,0,0,3,0.0,0.0,0.0,41.8151,90,2.0,0.5,1.0
015_R111,15,R,3,2,OPTIMAL,5.7644,3,0,0,0,3,0.0,0.0,0.0,5.7644,90,2.0,0.5,1.0
015_R111,15,R,3,3,OPTIMAL,44.5621,3,0,0,0,3,0.0,0.0,0.0,44.5621,90,2.0,0.5,1.0
015_R111,15,R,3,4,OPTIMAL,11.2984,3,0,0,0,3,0.0,0.0,0.0,11.2984,90,2.0,0.5,1.0
015_R111,15,R,3,5,OPTIMAL,33.9727,3,0,0,0,3,0.0,0.0,0.0,33.9727,90,2.0,0.5,1.0
015_R111,15,R,3,6,OPTIMAL,19.1919,3,0,0,0,3,0.0,0.0,0.0,19.1919,90,2.0,0.5,1.0
015_R111,15,R,3,7,OPTIMAL,27.0858,3,0,0,0,3,0.0,0.0,0.0,27.0858,90,2.0,0.5,1.0
015_R111,15,R,3,8,OPTIMAL,84.0987,3,0,0,0,3,0.0,0.0,0.0,84.0987,90,2.0,0.5,1.0
015_R111,15,R,3,9,OPTIMAL,79.6348,3,0,0,0,3,0.0,0.0,0.0,79.6348,90,2.0,0.5,1.0
015_R112,15,R,1,0,OPTIMAL,0.0181,1,0,0,0,1,0.0,0.0,0.0,0.0181,90,2.0,0.5,1.0
015_R112,15,R,1,1,OPTIMAL,108.1477,1,1,1,0,0,1.0,108.1477,0.0,0.0,90,2.0,0.5,1.0
015_R112,15,R,1,2,OPTIMAL,4.3273,1,0,0,0,1,0.0,0.0,0.0,4.3273,90,2.0,0.5,1.0
015_R112,15,R,1,3,OPTIMAL,91.9667,1,1,1,0,0,1.0,91.9667,0.0,0.0,90,2.0,0.5,1.0
015_R112,15,R,1,4,OPTIMAL,22.4312,1,0,0,0,1,0.0,0.0,0.0,22.4312,90,2.0,0.5,1.0
015_R112,15,R,1,5,OPTIMAL,79.226,1,1,1,0,0,1.0,79.226,0.0,0.0,90,2.0,0.5,1.0
015_R112,15,R,1,6,OPTIMAL,0.504,1,0,0,0,1,0.0,0.0,0.0,0.504,90,2.0,0.5,1.0
015_R112,15,R,1,7,OPTIMAL,101.7583,1,1,1,0,0,1.0,101.7583,0.0,0.0,90,2.0,0.5,1.0
015_R112,15,R,1,8,OPTIMAL,4.629,1,0,0,0,1,0.0,0.0,0.0,4.629,90,2.0,0.5,1.0
015_R112,15,R,1,9,OPTIMAL,1.7045,1,0,0,0,1,0.0,0.0,0.0,1.7045,90,2.0,0.5,1.0
015_R112,15,R,2,0,OPTIMAL,66.1937,2,1,1,0,1,0.5,47.2061,0.0,18.9876,90,2.0,0.5,1.0
015_R112,15,R,2,1,OPTIMAL,37.7706,2,0,0,0,2,0.0,0.0,0.0,37.7706,90,2.0,0.5,1.0
015_R112,15,R,2,2,OPTIMAL,127.2571,2,1,1,0,1,0.5,119.2241,0.0,8.0329,90,2.0,0.5,1.0
015_R112,15,R,2,3,OPTIMAL,13.0155,2,0,0,0,2,0.0,0.0,0.0,13.0155,90,2.0,0.5,1.0
015_R112,15,R,2,4,OPTIMAL,17.4605,2,0,0,0,2,0.0,0.0,0.0,17.4605,90,2.0,0.5,1.0
015_R112,15,R,2,5,OPTIMAL,8.2197,2,0,0,0,2,0.0,0.0,0.0,8.2197,90,2.0,0.5,1.0
015_R112,15,R,2,6,OPTIMAL,190.5859,2,2,2,0,0,1.0,190.5859,0.0,0.0,90,2.0,0.5,1.0
015_R112,15,R,2,7,OPTIMAL,125.6186,2,1,1,0,1,0.5,125.618,0.0,0.0007,90,2.0,0.5,1.0
015_R112,15,R,2,8,OPTIMAL,94.9291,2,1,1,0,1,0.5,76.2323,0.0,18.6968,90,2.0,0.5,1.0
015_R112,15,R,2,9,OPTIMAL,72.2258,2,0,0,0,2,0.0,0.0,0.0,72.2258,90,2.0,0.5,1.0
015_R112,15,R,3,0,OPTIMAL,18.4758,3,0,0,0,3,0.0,0.0,0.0,18.4758,90,2.0,0.5,1.0
015_R112,15,R,3,1,OPTIMAL,36.8095,3,0,0,0,3,0.0,0.0,0.0,36.8095,90,2.0,0.5,1.0
015_R112,15,R,3,2,OPTIMAL,3.027,3,0,0,0,3,0.0,0.0,0.0,3.027,90,2.0,0.5,1.0
015_R112,15,R,3,3,OPTIMAL,110.9947,3,1,1,0,2,0.3333,85.8018,0.0,25.1929,90,2.0,0.5,1.0
015_R112,15,R,3,4,OPTIMAL,25.7043,3,0,0,0,3,0.0,0.0,0.0,25.7043,90,2.0,0.5,1.0
015_R112,15,R,3,5,OPTIMAL,115.2736,3,1,1,0,2,0.3333,57.8962,0.0,57.3774,90,2.0,0.5,1.0
015_R112,15,R,3,6,OPTIMAL,22.7357,3,0,0,0,3,0.0,0.0,0.0,22.7357,90,2.0,0.5,1.0
015_R112,15,R,3,7,OPTIMAL,49.7937,3,0,0,0,3,0.0,0.0,0.0,49.7937,90,2.0,0.5,1.0
015_R112,15,R,3,8,OPTIMAL,124.0515,3,1,1,0,2,0.3333,113.1496,0.0,10.902,90,2.0,0.5,1.0
015_R112,15,R,3,9,OPTIMAL,219.6068,3,2,2,0,1,0.6667,211.1822,0.0,8.4246,90,2.0,0.5,1.0
015_R201,15,R,1,0,OPTIMAL,24.9516,1,0,0,0,1,0.0,0.0,0.0,24.9516,90,2.0,0.5,1.0
015_R201,15,R,1,1,OPTIMAL,108.1477,1,1,1,0,0,1.0,108.1477,0.0,0.0,90,2.0,0.5,1.0
015_R201,15,R,1,2,OPTIMAL,0.2304,1,0,0,0,1,0.0,0.0,0.0,0.2304,90,2.0,0.5,1.0
015_R201,15,R,1,3,OPTIMAL,91.9667,1,1,0,1,0,1.0,91.9667,0.0,0.0,90,2.0,0.5,1.0
015_R201,15,R,1,4,OPTIMAL,3.8658,1,0,0,0,1,0.0,0.0,0.0,3.8658,90,2.0,0.5,1.0
015_R201,15,R,1,5,OPTIMAL,79.226,1,1,1,0,0,1.0,79.226,0.0,0.0,90,2.0,0.5,1.0
015_R201,15,R,1,6,OPTIMAL,55.6022,1,1,1,0,0,1.0,55.6022,0.0,0.0,90,2.0,0.5,1.0
015_R201,15,R,1,7,OPTIMAL,101.7583,1,1,1,0,0,1.0,101.7583,0.0,0.0,90,2.0,0.5,1.0
015_R201,15,R,1,8,OPTIMAL,132.6677,1,1,1,0,0,1.0,132.6677,0.0,0.0,90,2.0,0.5,1.0
015_R201,15,R,1,9,OPTIMAL,105.9693,1,1,1,0,0,1.0,105.9693,0.0,0.0,90,2.0,0.5,1.0
015_R201,15,R,2,0,OPTIMAL,74.5941,2,1,1,0,1,0.5,47.2061,0.0,27.3881,90,2.0,0.5,1.0
015_R201,15,R,2,1,OPTIMAL,61.5367,2,0,0,0,2,0.0,0.0,0.0,61.5367,90,2.0,0.5,1.0
015_R201,15,R,2,2,OPTIMAL,127.2571,2,1,1,0,1,0.5,119.2241,0.0,8.0329,90,2.0,0.5,1.0
015_R201,15,R,2,3,OPTIMAL,129.3877,2,1,1,0,1,0.5,126.1598,0.0,3.2279,90,2.0,0.5,1.0
015_R201,15,R,2,4,OPTIMAL,45.8819,2,0,0,0,2,0.0,0.0,0.0,45.8819,90,2.0,0.5,1.0
015_R201,15,R,2,5,OPTIMAL,229.6782,2,2,2,0,0,1.0,229.6782,0.0,0.0,90,2.0,0.5,1.0
015_R201,15,R,2,6,OPTIMAL,190.5859,2,2,1,1,0,1.0,190.5859,0.0,0.0,90,2.0,0.5,1.0
015_R201,15,R,2,7,OPTIMAL,251.6513,2,2,2,0,0,1.0,251.6513,0.0,0.0,90,2.0,0.5,1.0
015_R201,15,R,2,8,OPTIMAL,126.8511,2,2,2,0,0,1.0,126.8511,0.0,0.0,90,2.0,0.5,1.0
015_R201,15,R,2,9,OPTIMAL,249.2702,2,2,2,0,0,1.0,249.2702,0.0,0.0,90,2.0,0.5,1.0
015_R201,15,R,3,0,OPTIMAL,76.8909,3,1,1,0,2,0.3333,68.8693,0.0,8.0215,90,2.0,0.5,1.0
015_R201,15,R,3,1,OPTIMAL,230.1831,3,2,2,0,1,0.6667,230.0233,0.0,0.1598,90,2.0,0.5,1.0
015_R201,15,R,3,2,OPTIMAL,90.3168,3,1,1,0,2,0.3333,55.9615,0.0,34.3553,90,2.0,0.5,1.0
015_R201,15,R,3,3,OPTIMAL,192.2815,3,3,2,1,0,1.0,192.2815,0.0,0.0,90,2.0,0.5,1.0
015_R201,15,R,3,4,OPTIMAL,178.3206,3,2,2,0,1,0.6667,155.4917,0.0,22.8289,90,2.0,0.5,1.0
015_R201,15,R,3,5,OPTIMAL,222.5709,3,3,2,1,0,1.0,222.5709,0.0,0.0,90,2.0,0.5,1.0
015_R201,15,R,3,6,OPTIMAL,68.6306,3,0,0,0,3,0.0,0.0,0.0,68.6306,90,2.0,0.5,1.0
015_R201,15,R,3,7,OPTIMAL,322.1831,3,3,3,0,0,1.0,322.1831,0.0,0.0,90,2.0,0.5,1.0
015_R201,15,R,3,8,OPTIMAL,187.1358,3,1,1,0,2,0.3333,113.1496,0.0,73.9862,90,2.0,0.5,1.0
015_R201,15,R,3,9,OPTIMAL,231.3833,3,2,2,0,1,0.6667,211.1822,0.0,20.2011,90,2.0,0.5,1.0
015_R202,15,R,1,0,OPTIMAL,100.2085,1,1,0,1,0,1.0,100.2085,0.0,0.0,90,2.0,0.5,1.0
015_R202,15,R,1,1,OPTIMAL,108.1477,1,1,1,0,0,1.0,108.1477,0.0,0.0,90,2.0,0.5,1.0
015_R202,15,R,1,2,OPTIMAL,52.2915,1,1,1,0,0,1.0,52.2915,0.0,0.0,90,2.0,0.5,1.0
015_R202,15,R,1,3,OPTIMAL,91.9667,1,1,0,1,0,1.0,91.9667,0.0,0.0,90,2.0,0.5,1.0
015_R202,15,R,1,4,OPTIMAL,3.8658,1,0,0,0,1,0.0,0.0,0.0,3.8658,90,2.0,0.5,1.0
015_R202,15,R,1,5,OPTIMAL,79.226,1,1,1,0,0,1.0,79.226,0.0,0.0,90,2.0,0.5,1.0
015_R202,15,R,1,6,OPTIMAL,55.6022,1,1,1,0,0,1.0,55.6022,0.0,0.0,90,2.0,0.5,1.0
015_R202,15,R,1,7,OPTIMAL,101.7583,1,1,1,0,0,1.0,101.7583,0.0,0.0,90,2.0,0.5,1.0
015_R202,15,R,1,8,OPTIMAL,48.3027,1,0,0,0,1,0.0,0.0,0.0,48.3027,90,2.0,0.5,1.0
015_R202,15,R,1,9,OPTIMAL,105.9693,1,1,1,0,0,1.0,105.9693,0.0,0.0,90,2.0,0.5,1.0
015_R202,15,R,2,0,OPTIMAL,180.0678,2,2,2,0,0,1.0,180.0678,0.0,0.0,90,2.0,0.5,1.0
015_R202,15,R,2,1,OPTIMAL,162.2452,2,2,1,1,0,1.0,162.2452,0.0,0.0,90,2.0,0.5,1.0
015_R202,15,R,2,2,OPTIMAL,208.1504,2,2,1,1,0,1.0,208.1504,0.0,0.0,90,2.0,0.5,1.0
015_R202,15,R,2,3,OPTIMAL,184.0244,2,2,2,0,0,1.0,184.0244,0.0,0.0,90,2.0,0.5,1.0
015_R202,15,R,2,4,OPTIMAL,185.3287,2,2,1,1,0,1.0,185.3287,0.0,0.0,90,2.0,0.5,1.0
015_R202,15,R,2,5,OPTIMAL,229.6782,2,2,2,0,0,1.0,229.6782,0.0,0.0,90,2.0,0.5,1.0
015_R202,15,R,2,6,OPTIMAL,190.5859,2,2,1,1,0,1.0,190.5859,0.0,0.0,90,2.0,0.5,1.0
015_R202,15,R,2,7,OPTIMAL,251.6513,2,2,2,0,0,1.0,251.6513,0.0,0.0,90,2.0,0.5,1.0
015_R202,15,R,2,8,OPTIMAL,126.8511,2,2,2,0,0,1.0,126.8511,0.0,0.0,90,2.0,0.5,1.0
015_R202,15,R,2,9,OPTIMAL,249.2702,2,2,2,0,0,1.0,249.2702,0.0,0.0,90,2.0,0.5,1.0
015_R202,15,R,3,0,OPTIMAL,196.9951,3,3,2,1,0,1.0,196.9951,0.0,0.0,90,2.0,0.5,1.0
015_R202,15,R,3,1,OPTIMAL,311.3239,3,3,3,0,0,1.0,311.3239,0.0,0.0,90,2.0,0.5,1.0
015_R202,15,R,3,2,OPTIMAL,130.0449,3,2,1,1,1,0.6667,113.5463,0.0,16.4986,90,2.0,0.5,1.0
015_R202,15,R,3,3,OPTIMAL,144.6296,3,2,2,0,1,0.6667,119.6069,0.0,25.0227,90,2.0,0.5,1.0
015_R202,15,R,3,4,OPTIMAL,162.7763,3,2,2,0,1,0.6667,155.4917,0.0,7.2846,90,2.0,0.5,1.0
015_R202,15,R,3,5,OPTIMAL,171.1543,3,2,2,0,1,0.6667,141.9505,0.0,29.2038,90,2.0,0.5,1.0
015_R202,15,R,3,6,OPTIMAL,132.633,3,1,1,0,2,0.3333,88.2121,0.0,44.4209,90,2.0,0.5,1.0
015_R202,15,R,3,7,OPTIMAL,322.1831,3,3,3,0,0,1.0,322.1831,0.0,0.0,90,2.0,0.5,1.0
015_R202,15,R,3,8,OPTIMAL,289.1528,3,3,2,1,0,1.0,289.1528,0.0,0.0,90,2.0,0.5,1.0
015_R202,15,R,3,9,OPTIMAL,231.3833,3,2,2,0,1,0.6667,211.1822,0.0,20.2011,90,2.0,0.5,1.0
015_R203,15,R,1,0,OPTIMAL,17.8286,1,0,0,0,1,0.0,0.0,0.0,17.8286,90,2.0,0.5,1.0
015_R203,15,R,1,1,OPTIMAL,108.1477,1,1,1,0,0,1.0,108.1477,0.0,0.0,90,2.0,0.5,1.0
015_R203,15,R,1,2,OPTIMAL,52.2915,1,1,1,0,0,1.0,52.2915,0.0,0.0,90,2.0,0.5,1.0
015_R203,15,R,1,3,OPTIMAL,91.9667,1,1,0,1,0,1.0,91.9667,0.0,0.0,90,2.0,0.5,1.0
015_R203,15,R,1,4,OPTIMAL,3.8658,1,0,0,0,1,0.0,0.0,0.0,3.8658,90,2.0,0.5,1.0
015_R203,15,R,1,5,OPTIMAL,79.226,1,1,1,0,0,1.0,79.226,0.0,0.0,90,2.0,0.5,1.0
015_R203,15,R,1,6,OPTIMAL,55.6022,1,1,1,0,0,1.0,55.6022,0.0,0.0,90,2.0,0.5,1.0
015_R203,15,R,1,7,OPTIMAL,101.7583,1,1,1,0,0,1.0,101.7583,0.0,0.0,90,2.0,0.5,1.0
015_R203,15,R,1,8,OPTIMAL,132.6677,1,1,1,0,0,1.0,132.6677,0.0,0.0,90,2.0,0.5,1.0
015_R203,15,R,1,9,OPTIMAL,105.9693,1,1,1,0,0,1.0,105.9693,0.0,0.0,90,2.0,0.5,1.0
015_R203,15,R,2,0,OPTIMAL,180.0678,2,2,2,0,0,1.0,180.0678,0.0,0.0,90,2.0,0.5,1.0
015_R203,15,R,2,1,OPTIMAL,93.7501,2,1,1,0,1,0.5,61.8245,0.0,31.9256,90,2.0,0.5,1.0
015_R203,15,R,2,2,OPTIMAL,142.2807,2,1,1,0,1,0.5,119.2241,0.0,23.0566,90,2.0,0.5,1.0
015_R203,15,R,2,3,OPTIMAL,184.0244,2,2,2,0,0,1.0,184.0244,0.0,0.0,90,2.0,0.5,1.0
015_R203,15,R,2,4,OPTIMAL,131.3143,2,1,1,0,1,0.5,103.1419,0.0,28.1724,90,2.0,0.5,1.0
015_R203,15,R,2,5,OPTIMAL,229.6782,2,2,2,0,0,1.0,229.6782,0.0,0.0,90,2.0,0.5,1.0
015_R203,15,R,2,6,OPTIMAL,190.5859,2,2,1,1,0,1.0,190.5859,0.0,0.0,90,2.0,0.5,1.0
015_R203,15,R,2,7,OPTIMAL,251.6513,2,2,2,0,0,1.0,251.6513,0.0,0.0,90,2.0,0.5,1.0
015_R203,15,R,2,8,OPTIMAL,126.8511,2,2,2,0,0,1.0,126.8511,0.0,0.0,90,2.0,0.5,1.0
015_R203,15,R,2,9,OPTIMAL,249.2702,2,2,2,0,0,1.0,249.2702,0.0,0.0,90,2.0,0.5,1.0
015_R203,15,R,3,0,OPTIMAL,153.0584,3,2,2,0,1,0.6667,145.2469,0.0,7.8115,90,2.0,0.5,1.0
015_R203,15,R,3,1,OPTIMAL,311.3239,3,3,3,0,0,1.0,311.3239,0.0,0.0,90,2.0,0.5,1.0
015_R203,15,R,3,2,OPTIMAL,130.0449,3,2,1,1,1,0.6667,113.5463,0.0,16.4986,90,2.0,0.5,1.0
015_R203,15,R,3,3,OPTIMAL,144.6296,3,2,2,0,1,0.6667,119.6069,0.0,25.0227,90,2.0,0.5,1.0
015_R203,15,R,3,4,OPTIMAL,162.7763,3,2,2,0,1,0.6667,155.4917,0.0,7.2846,90,2.0,0.5,1.0
015_R203,15,R,3,5,OPTIMAL,171.1543,3,2,2,0,1,0.6667,141.9505,0.0,29.2038,90,2.0,0.5,1.0
015_R203,15,R,3,6,OPTIMAL,132.633,3,1,1,0,2,0.3333,88.2121,0.0,44.4209,90,2.0,0.5,1.0
015_R203,15,R,3,7,OPTIMAL,322.1831,3,3,3,0,0,1.0,322.1831,0.0,0.0,90,2.0,0.5,1.0
015_R203,15,R,3,8,OPTIMAL,230.0919,3,2,2,0,1,0.6667,181.5452,0.0,48.5467,90,2.0,0.5,1.0
015_R203,15,R,3,9,OPTIMAL,231.3833,3,2,2,0,1,0.6667,211.1822,0.0,20.2011,90,2.0,0.5,1.0
015_R204,15,R,1,0,OPTIMAL,17.8286,1,0,0,0,1,0.0,0.0,0.0,17.8286,90,2.0,0.5,1.0
015_R204,15,R,1,1,OPTIMAL,108.1477,1,1,1,0,0,1.0,108.1477,0.0,0.0,90,2.0,0.5,1.0
015_R204,15,R,1,2,OPTIMAL,52.2915,1,1,1,0,0,1.0,52.2915,0.0,0.0,90,2.0,0.5,1.0
015_R204,15,R,1,3,OPTIMAL,91.9667,1,1,0,1,0,1.0,91.9667,0.0,0.0,90,2.0,0.5,1.0
015_R204,15,R,1,4,OPTIMAL,3.8658,1,0,0,0,1,0.0,0.0,0.0,3.8658,90,2.0,0.5,1.0
015_R204,15,R,1,5,OPTIMAL,79.226,1,1,1,0,0,1.0,79.226,0.0,0.0,90,2.0,0.5,1.0
015_R204,15,R,1,6,OPTIMAL,55.6022,1,1,1,0,0,1.0,55.6022,0.0,0.0,90,2.0,0.5,1.0
015_R204,15,R,1,7,OPTIMAL,101.7583,1,1,1,0,0,1.0,101.7583,0.0,0.0,90,2.0,0.5,1.0
015_R204,15,R,1,8,OPTIMAL,54.4061,1,0,0,0,1,0.0,0.0,0.0,54.4061,90,2.0,0.5,1.0
015_R204,15,R,1,9,OPTIMAL,105.9693,1,1,1,0,0,1.0,105.9693,0.0,0.0,90,2.0,0.5,1.0
015_R204,15,R,2,0,OPTIMAL,180.0678,2,2,2,0,0,1.0,180.0678,0.0,0.0,90,2.0,0.5,1.0
015_R204,15,R,2,1,OPTIMAL,162.2452,2,2,2,0,0,1.0,162.2452,0.0,0.0,90,2.0,0.5,1.0
015_R204,15,R,2,2,OPTIMAL,127.2571,2,1,1,0,1,0.5,119.2241,0.0,8.0329,90,2.0,0.5,1.0
015_R204,15,R,2,3,OPTIMAL,184.0244,2,2,2,0,0,1.0,184.0244,0.0,0.0,90,2.0,0.5,1.0
015_R204,15,R,2,4,OPTIMAL,135.7736,2,1,1,0,1,0.5,103.1419,0.0,32.6317,90,2.0,0.5,1.0
015_R204,15,R,2,5,OPTIMAL,229.6782,2,2,2,0,0,1.0,229.6782,0.0,0.0,90,2.0,0.5,1.0
015_R204,15,R,2,6,OPTIMAL,190.5859,2,2,1,1,0,1.0,190.5859,0.0,0.0,90,2.0,0.5,1.0
015_R204,15,R,2,7,OPTIMAL,251.6513,2,2,2,0,0,1.0,251.6513,0.0,0.0,90,2.0,0.5,1.0
015_R204,15,R,2,8,OPTIMAL,126.8511,2,2,2,0,0,1.0,126.8511,0.0,0.0,90,2.0,0.5,1.0
015_R204,15,R,2,9,OPTIMAL,249.2702,2,2,2,0,0,1.0,249.2702,0.0,0.0,90,2.0,0.5,1.0
015_R204,15,R,3,0,OPTIMAL,157.4032,3,2,2,0,1,0.6667,145.2469,0.0,12.1563,90,2.0,0.5,1.0
015_R204,15,R,3,1,OPTIMAL,311.3239,3,3,3,0,0,1.0,311.3239,0.0,0.0,90,2.0,0.5,1.0
015_R204,15,R,3,2,OPTIMAL,130.0449,3,2,1,1,1,0.6667,113.5463,0.0,16.4986,90,2.0,0.5,1.0
015_R204,15,R,3,3,OPTIMAL,192.2815,3,3,3,0,0,1.0,192.2815,0.0,0.0,90,2.0,0.5,1.0
015_R204,15,R,3,4,OPTIMAL,162.7763,3,2,2,0,1,0.6667,155.4917,0.0,7.2846,90,2.0,0.5,1.0
015_R204,15,R,3,5,OPTIMAL,222.5709,3,3,3,0,0,1.0,222.5709,0.0,0.0,90,2.0,0.5,1.0
015_R204,15,R,3,6,OPTIMAL,132.633,3,1,1,0,2,0.3333,88.2121,0.0,44.4209,90,2.0,0.5,1.0
015_R204,15,R,3,7,OPTIMAL,238.2445,3,2,2,0,1,0.6667,207.6726,0.0,30.5719,90,2.0,0.5,1.0
015_R204,15,R,3,8,OPTIMAL,289.1528,3,3,3,0,0,1.0,289.1528,0.0,0.0,90,2.0,0.5,1.0
015_R204,15,R,3,9,OPTIMAL,231.3833,3,2,2,0,1,0.6667,211.1822,0.0,20.2011,90,2.0,0.5,1.0
015_R205,15,R,1,0,OPTIMAL,100.2085,1,1,1,0,0,1.0,100.2085,0.0,0.0,90,2.0,0.5,1.0
015_R205,15,R,1,1,OPTIMAL,108.1477,1,1,0,1,0,1.0,108.1477,0.0,0.0,90,2.0,0.5,1.0
015_R205,15,R,1,2,OPTIMAL,23.2442,1,0,0,0,1,0.0,0.0,0.0,23.2442,90,2.0,0.5,1.0
015_R205,15,R,1,3,OPTIMAL,91.9667,1,1,1,0,0,1.0,91.9667,0.0,0.0,90,2.0,0.5,1.0
015_R205,15,R,1,4,OPTIMAL,96.5319,1,1,1,0,0,1.0,96.5319,0.0,0.0,90,2.0,0.5,1.0
015_R205,15,R,1,5,OPTIMAL,79.226,1,1,1,0,0,1.0,79.226,0.0,0.0,90,2.0,0.5,1.0
015_R205,15,R,1,6,OPTIMAL,12.1175,1,0,0,0,1,0.0,0.0,0.0,12.1175,90,2.0,0.5,1.0
015_R205,15,R,1,7,OPTIMAL,101.7583,1,1,1,0,0,1.0,101.7583,0.0,0.0,90,2.0,0.5,1.0
015_R205,15,R,1,8,OPTIMAL,132.6677,1,1,1,0,0,1.0,132.6677,0.0,0.0,90,2.0,0.5,1.0
015_R205,15,R,1,9,OPTIMAL,38.1683,1,0,0,0,1,0.0,0.0,0.0,38.1683,90,2.0,0.5,1.0
015_R205,15,R,2,0,OPTIMAL,77.7001,2,1,1,0,1,0.5,47.2061,0.0,30.494,90,2.0,0.5,1.0
015_R205,15,R,2,1,OPTIMAL,118.2363,2,1,1,0,1,0.5,100.4207,0.0,17.8156,90,2.0,0.5,1.0
015_R205,15,R,2,2,OPTIMAL,208.1504,2,2,1,1,0,1.0,208.1504,0.0,0.0,90,2.0,0.5,1.0
015_R205,15,R,2,3,OPTIMAL,146.5341,2,1,1,0,1,0.5,126.1598,0.0,20.3743,90,2.0,0.5,1.0
015_R205,15,R,2,4,OPTIMAL,106.8688,2,1,1,0,1,0.5,82.1868,0.0,24.682,90,2.0,0.5,1.0
015_R205,15,R,2,5,OPTIMAL,229.6782,2,2,2,0,0,1.0,229.6782,0.0,0.0,90,2.0,0.5,1.0
015_R205,15,R,2,6,OPTIMAL,190.5859,2,2,2,0,0,1.0,190.5859,0.0,0.0,90,2.0,0.5,1.0
015_R205,15,R,2,7,OPTIMAL,251.6513,2,2,1,1,0,1.0,251.6513,0.0,0.0,90,2.0,0.5,1.0
015_R205,15,R,2,8,OPTIMAL,126.8511,2,2,1,1,0,1.0,126.8511,0.0,0.0,90,2.0,0.5,1.0
015_R205,15,R,2,9,OPTIMAL,114.4897,2,1,1,0,1,0.5,113.1056,0.0,1.3841,90,2.0,0.5,1.0
015_R205,15,R,3,0,OPTIMAL,90.3232,3,1,1,0,2,0.3333,51.7482,0.0,38.575,90,2.0,0.5,1.0
015_R205,15,R,3,1,OPTIMAL,186.4054,3,1,1,0,2,0.3333,129.9336,0.0,56.4718,90,2.0,0.5,1.0
015_R205,15,R,3,2,OPTIMAL,91.8137,3,1,0,1,2,0.3333,57.5848,0.0,34.2289,90,2.0,0.5,1.0
015_R205,15,R,3,3,OPTIMAL,192.2815,3,3,3,0,0,1.0,192.2815,0.0,0.0,90,2.0,0.5,1.0
015_R205,15,R,3,4,OPTIMAL,99.2525,3,1,1,0,2,0.3333,74.4467,0.0,24.8059,90,2.0,0.5,1.0
015_R205,15,R,3,5,OPTIMAL,173.6833,3,2,2,0,1,0.6667,138.5166,0.0,35.1667,90,2.0,0.5,1.0
015_R205,15,R,3,6,OPTIMAL,168.4308,3,1,0,1,2,0.3333,94.3447,0.0,74.0861,90,2.0,0.5,1.0
015_R205,15,R,3,7,OPTIMAL,322.1831,3,3,3,0,0,1.0,322.1831,0.0,0.0,90,2.0,0.5,1.0
015_R205,15,R,3,8,OPTIMAL,150.3818,3,1,1,0,2,0.3333,113.1496,0.0,37.2322,90,2.0,0.5,1.0
015_R205,15,R,3,9,OPTIMAL,253.0776,3,2,2,0,1,0.6667,211.1822,0.0,41.8954,90,2.0,0.5,1.0
015_R206,15,R,1,0,OPTIMAL,100.2085,1,1,1,0,0,1.0,100.2085,0.0,0.0,90,2.0,0.5,1.0
015_R206,15,R,1,1,OPTIMAL,108.1477,1,1,0,1,0,1.0,108.1477,0.0,0.0,90,2.0,0.5,1.0
015_R206,15,R,1,2,OPTIMAL,52.2915,1,1,1,0,0,1.0,52.2915,0.0,0.0,90,2.0,0.5,1.0
015_R206,15,R,1,3,OPTIMAL,91.9667,1,1,1,0,0,1.0,91.9667,0.0,0.0,90,2.0,0.5,1.0
015_R206,15,R,1,4,OPTIMAL,96.5319,1,1,1,0,0,1.0,96.5319,0.0,0.0,90,2.0,0.5,1.0
015_R206,15,R,1,5,OPTIMAL,79.226,1,1,1,0,0,1.0,79.226,0.0,0.0,90,2.0,0.5,1.0
015_R206,15,R,1,6,OPTIMAL,55.6022,1,1,1,0,0,1.0,55.6022,0.0,0.0,90,2.0,0.5,1.0
015_R206,15,R,1,7,OPTIMAL,101.7583,1,1,1,0,0,1.0,101.7583,0.0,0.0,90,2.0,0.5,1.0
015_R206,15,R,1,8,OPTIMAL,132.6677,1,1,1,0,0,1.0,132.6677,0.0,0.0,90,2.0,0.5,1.0
015_R206,15,R,1,9,OPTIMAL,38.1683,1,0,0,0,1,0.0,0.0,0.0,38.1683,90,2.0,0.5,1.0
015_R206,15,R,2,0,OPTIMAL,77.7001,2,1,1,0,1,0.5,47.2061,0.0,30.494,90,2.0,0.5,1.0
015_R206,15,R,2,1,OPTIMAL,122.9122,2,1,1,0,1,0.5,100.4207,0.0,22.4915,90,2.0,0.5,1.0
015_R206,15,R,2,2,OPTIMAL,208.1504,2,2,1,1,0,1.0,208.1504,0.0,0.0,90,2.0,0.5,1.0
015_R206,15,R,2,3,OPTIMAL,146.5341,2,1,1,0,1,0.5,126.1598,0.0,20.3743,90,2.0,0.5,1.0
015_R206,15,R,2,4,OPTIMAL,106.8688,2,1,1,0,1,0.5,82.1868,0.0,24.682,90,2.0,0.5,1.0
015_R206,15,R,2,5,OPTIMAL,229.6782,2,2,2,0,0,1.0,229.6782,0.0,0.0,90,2.0,0.5,1.0
015_R206,15,R,2,6,OPTIMAL,190.5859,2,2,2,0,0,1.0,190.5859,0.0,0.0,90,2.0,0.5,1.0
015_R206,15,R,2,7,OPTIMAL,251.6513,2,2,1,1,0,1.0,251.6513,0.0,0.0,90,2.0,0.5,1.0
015_R206,15,R,2,8,OPTIMAL,126.8511,2,2,1,1,0,1.0,126.8511,0.0,0.0,90,2.0,0.5,1.0
015_R206,15,R,2,9,OPTIMAL,114.4897,2,1,1,0,1,0.5,113.1056,0.0,1.3841,90,2.0,0.5,1.0
015_R206,15,R,3,0,OPTIMAL,90.3232,3,1,1,0,2,0.3333,51.7482,0.0,38.575,90,2.0,0.5,1.0
015_R206,15,R,3,1,OPTIMAL,212.6621,3,2,1,1,1,0.6667,211.2342,0.0,1.4279,90,2.0,0.5,1.0
015_R206,15,R,3,2,OPTIMAL,173.6504,3,2,2,0,1,0.6667,154.8923,0.0,18.7581,90,2.0,0.5,1.0
015_R206,15,R,3,3,OPTIMAL,192.2815,3,3,3,0,0,1.0,192.2815,0.0,0.0,90,2.0,0.5,1.0
015_R206,15,R,3,4,OPTIMAL,162.7763,3,2,2,0,1,0.6667,155.4917,0.0,7.2846,90,2.0,0.5,1.0
015_R206,15,R,3,5,OPTIMAL,222.5709,3,3,3,0,0,1.0,222.5709,0.0,0.0,90,2.0,0.5,1.0
015_R206,15,R,3,6,OPTIMAL,243.8491,3,2,2,0,1,0.6667,231.7892,0.0,12.0599,90,2.0,0.5,1.0
015_R206,15,R,3,7,OPTIMAL,322.1831,3,3,3,0,0,1.0,322.1831,0.0,0.0,90,2.0,0.5,1.0
015_R206,15,R,3,8,OPTIMAL,246.3794,3,2,2,0,1,0.6667,220.7571,0.0,25.6222,90,2.0,0.5,1.0
015_R206,15,R,3,9,OPTIMAL,295.4439,3,3,3,0,0,1.0,295.4439,0.0,0.0,90,2.0,0.5,1.0
015_R207,15,R,1,0,OPTIMAL,100.2085,1,1,1,0,0,1.0,100.2085,0.0,0.0,90,2.0,0.5,1.0
015_R207,15,R,1,1,OPTIMAL,108.1477,1,1,0,1,0,1.0,108.1477,0.0,0.0,90,2.0,0.5,1.0
015_R207,15,R,1,2,OPTIMAL,52.2915,1,1,1,0,0,1.0,52.2915,0.0,0.0,90,2.0,0.5,1.0
015_R207,15,R,1,3,OPTIMAL,91.9667,1,1,1,0,0,1.0,91.9667,0.0,0.0,90,2.0,0.5,1.0
015_R207,15,R,1,4,OPTIMAL,96.5319,1,1,1,0,0,1.0,96.5319,0.0,0.0,90,2.0,0.5,1.0
015_R207,15,R,1,5,OPTIMAL,79.226,1,1,1,0,0,1.0,79.226,0.0,0.0,90,2.0,0.5,1.0
015_R207,15,R,1,6,OPTIMAL,55.6022,1,1,1,0,0,1.0,55.6022,0.0,0.0,90,2.0,0.5,1.0
015_R207,15,R,1,7,OPTIMAL,101.7583,1,1,1,0,0,1.0,101.7583,0.0,0.0,90,2.0,0.5,1.0
015_R207,15,R,1,8,OPTIMAL,132.6677,1,1,1,0,0,1.0,132.6677,0.0,0.0,90,2.0,0.5,1.0
015_R207,15,R,1,9,OPTIMAL,38.1683,1,0,0,0,1,0.0,0.0,0.0,38.1683,90,2.0,0.5,1.0
015_R207,15,R,2,0,OPTIMAL,77.7001,2,1,1,0,1,0.5,47.2061,0.0,30.494,90,2.0,0.5,1.0
015_R207,15,R,2,1,OPTIMAL,122.9122,2,1,1,0,1,0.5,100.4207,0.0,22.4915,90,2.0,0.5,1.0
015_R207,15,R,2,2,OPTIMAL,208.1504,2,2,1,1,0,1.0,208.1504,0.0,0.0,90,2.0,0.5,1.0
015_R207,15,R,2,3,OPTIMAL,184.0244,2,2,1,1,0,1.0,184.0244,0.0,0.0,90,2.0,0.5,1.0
015_R207,15,R,2,4,OPTIMAL,106.8688,2,1,1,0,1,0.5,82.1868,0.0,24.682,90,2.0,0.5,1.0
015_R207,15,R,2,5,OPTIMAL,229.6782,2,2,2,0,0,1.0,229.6782,0.0,0.0,90,2.0,0.5,1.0
015_R207,15,R,2,6,OPTIMAL,190.5859,2,2,2,0,0,1.0,190.5859,0.0,0.0,90,2.0,0.5,1.0
015_R207,15,R,2,7,OPTIMAL,251.6513,2,2,1,1,0,1.0,251.6513,0.0,0.0,90,2.0,0.5,1.0
015_R207,15,R,2,8,OPTIMAL,126.8511,2,2,1,1,0,1.0,126.8511,0.0,0.0,90,2.0,0.5,1.0
015_R207,15,R,2,9,OPTIMAL,114.4897,2,1,1,0,1,0.5,113.1056,0.0,1.3841,90,2.0,0.5,1.0
015_R207,15,R,3,0,OPTIMAL,125.3572,3,2,1,1,1,0.6667,120.6176,0.0,4.7396,90,2.0,0.5,1.0
015_R207,15,R,3,1,OPTIMAL,311.3239,3,3,1,2,0,1.0,311.3239,0.0,0.0,90,2.0,0.5,1.0
015_R207,15,R,3,2,OPTIMAL,173.6504,3,2,2,0,1,0.6667,154.8923,0.0,18.7581,90,2.0,0.5,1.0
015_R207,15,R,3,3,OPTIMAL,192.2815,3,3,3,0,0,1.0,192.2815,0.0,0.0,90,2.0,0.5,1.0
015_R207,15,R,3,4,OPTIMAL,178.3206,3,2,2,0,1,0.6667,155.4917,0.0,22.8289,90,2.0,0.5,1.0
015_R207,15,R,3,5,OPTIMAL,222.5709,3,3,3,0,0,1.0,222.5709,0.0,0.0,90,2.0,0.5,1.0
015_R207,15,R,3,6,OPTIMAL,243.8491,3,2,2,0,1,0.6667,231.7892,0.0,12.0599,90,2.0,0.5,1.0
015_R207,15,R,3,7,OPTIMAL,322.1831,3,3,3,0,0,1.0,322.1831,0.0,0.0,90,2.0,0.5,1.0
015_R207,15,R,3,8,OPTIMAL,246.3794,3,2,2,0,1,0.6667,220.7571,0.0,25.6222,90,2.0,0.5,1.0
015_R207,15,R,3,9,OPTIMAL,295.4439,3,3,3,0,0,1.0,295.4439,0.0,0.0,90,2.0,0.5,1.0
015_R208,15,R,1,0,OPTIMAL,100.2085,1,1,1,0,0,1.0,100.2085,0.0,0.0,90,2.0,0.5,1.0
015_R208,15,R,1,1,OPTIMAL,108.1477,1,1,0,1,0,1.0,108.1477,0.0,0.0,90,2.0,0.5,1.0
015_R208,15,R,1,2,OPTIMAL,52.2915,1,1,1,0,0,1.0,52.2915,0.0,0.0,90,2.0,0.5,1.0
015_R208,15,R,1,3,OPTIMAL,91.9667,1,1,1,0,0,1.0,91.9667,0.0,0.0,90,2.0,0.5,1.0
015_R208,15,R,1,4,OPTIMAL,96.5319,1,1,1,0,0,1.0,96.5319,0.0,0.0,90,2.0,0.5,1.0
015_R208,15,R,1,5,OPTIMAL,79.226,1,1,1,0,0,1.0,79.226,0.0,0.0,90,2.0,0.5,1.0
015_R208,15,R,1,6,OPTIMAL,55.6022,1,1,1,0,0,1.0,55.6022,0.0,0.0,90,2.0,0.5,1.0
015_R208,15,R,1,7,OPTIMAL,101.7583,1,1,1,0,0,1.0,101.7583,0.0,0.0,90,2.0,0.5,1.0
015_R208,15,R,1,8,OPTIMAL,35.6467,1,0,0,0,1,0.0,0.0,0.0,35.6467,90,2.0,0.5,1.0
015_R208,15,R,1,9,OPTIMAL,105.9693,1,1,0,1,0,1.0,105.9693,0.0,0.0,90,2.0,0.5,1.0
015_R208,15,R,2,0,OPTIMAL,180.0678,2,2,1,1,0,1.0,180.0678,0.0,0.0,90,2.0,0.5,1.0
015_R208,15,R,2,1,OPTIMAL,162.2452,2,2,1,1,0,1.0,162.2452,0.0,0.0,90,2.0,0.5,1.0
015_R208,15,R,2,2,OPTIMAL,208.1504,2,2,1,1,0,1.0,208.1504,0.0,0.0,90,2.0,0.5,1.0
015_R208,15,R,2,3,OPTIMAL,184.0244,2,2,2,0,0,1.0,184.0244,0.0,0.0,90,2.0,0.5,1.0
015_R208,15,R,2,4,OPTIMAL,185.3287,2,2,1,1,0,1.0,185.3287,0.0,0.0,90,2.0,0.5,1.0
015_R208,15,R,2,5,OPTIMAL,229.6782,2,2,2,0,0,1.0,229.6782,0.0,0.0,90,2.0,0.5,1.0
015_R208,15,R,2,6,OPTIMAL,190.5859,2,2,2,0,0,1.0,190.5859,0.0,0.0,90,2.0,0.5,1.0
015_R208,15,R,2,7,OPTIMAL,251.6513,2,2,1,1,0,1.0,251.6513,0.0,0.0,90,2.0,0.5,1.0
015_R208,15,R,2,8,OPTIMAL,126.8511,2,2,1,1,0,1.0,126.8511,0.0,0.0,90,2.0,0.5,1.0
015_R208,15,R,2,9,OPTIMAL,114.4897,2,1,1,0,1,0.5,113.1056,0.0,1.3841,90,2.0,0.5,1.0
015_R208,15,R,3,0,OPTIMAL,196.9951,3,3,2,1,0,1.0,196.9951,0.0,0.0,90,2.0,0.5,1.0
015_R208,15,R,3,1,OPTIMAL,311.3239,3,3,3,0,0,1.0,311.3239,0.0,0.0,90,2.0,0.5,1.0
015_R208,15,R,3,2,OPTIMAL,210.8538,3,3,2,1,0,1.0,210.8538,0.0,0.0,90,2.0,0.5,1.0
015_R208,15,R,3,3,OPTIMAL,192.2815,3,3,3,0,0,1.0,192.2815,0.0,0.0,90,2.0,0.5,1.0
015_R208,15,R,3,4,OPTIMAL,155.8148,3,2,2,0,1,0.6667,155.4917,0.0,0.3231,90,2.0,0.5,1.0
015_R208,15,R,3,5,OPTIMAL,222.5709,3,3,3,0,0,1.0,222.5709,0.0,0.0,90,2.0,0.5,1.0
015_R208,15,R,3,6,OPTIMAL,320.0013,3,3,2,1,0,1.0,320.0013,0.0,0.0,90,2.0,0.5,1.0
015_R208,15,R,3,7,OPTIMAL,322.1831,3,3,3,0,0,1.0,322.1831,0.0,0.0,90,2.0,0.5,1.0
015_R208,15,R,3,8,OPTIMAL,289.1528,3,3,2,1,0,1.0,289.1528,0.0,0.0,90,2.0,0.5,1.0
015_R208,15,R,3,9,OPTIMAL,295.4439,3,3,3,0,0,1.0,295.4439,0.0,0.0,90,2.0,0.5,1.0
015_R209,15,R,1,0,OPTIMAL,100.2085,1,1,1,0,0,1.0,100.2085,0.0,0.0,90,2.0,0.5,1.0
015_R209,15,R,1,1,OPTIMAL,108.1477,1,1,1,0,0,1.0,108.1477,0.0,0.0,90,2.0,0.5,1.0
015_R209,15,R,1,2,OPTIMAL,52.2915,1,1,0,1,0,1.0,52.2915,0.0,0.0,90,2.0,0.5,1.0
015_R209,15,R,1,3,OPTIMAL,91.9667,1,1,1,0,0,1.0,91.9667,0.0,0.0,90,2.0,0.5,1.0
015_R209,15,R,1,4,OPTIMAL,96.5319,1,1,1,0,0,1.0,96.5319,0.0,0.0,90,2.0,0.5,1.0
015_R209,15,R,1,5,OPTIMAL,79.226,1,1,1,0,0,1.0,79.226,0.0,0.0,90,2.0,0.5,1.0
015_R209,15,R,1,6,OPTIMAL,25.8977,1,0,0,0,1,0.0,0.0,0.0,25.8977,90,2.0,0.5,1.0
015_R209,15,R,1,7,OPTIMAL,101.7583,1,1,1,0,0,1.0,101.7583,0.0,0.0,90,2.0,0.5,1.0
015_R209,15,R,1,8,OPTIMAL,48.3027,1,0,0,0,1,0.0,0.0,0.0,48.3027,90,2.0,0.5,1.0
015_R209,15,R,1,9,OPTIMAL,105.9693,1,1,1,0,0,1.0,105.9693,0.0,0.0,90,2.0,0.5,1.0
015_R209,15,R,2,0,OPTIMAL,180.0678,2,2,2,0,0,1.0,180.0678,0.0,0.0,90,2.0,0.5,1.0
015_R209,15,R,2,1,OPTIMAL,162.2452,2,2,1,1,0,1.0,162.2452,0.0,0.0,90,2.0,0.5,1.0
015_R209,15,R,2,2,OPTIMAL,208.1504,2,2,2,0,0,1.0,208.1504,0.0,0.0,90,2.0,0.5,1.0
015_R209,15,R,2,3,OPTIMAL,129.3877,2,1,1,0,1,0.5,126.1598,0.0,3.2279,90,2.0,0.5,1.0
015_R209,15,R,2,4,OPTIMAL,185.3287,2,2,0,2,0,1.0,185.3287,0.0,0.0,90,2.0,0.5,1.0
015_R209,15,R,2,5,OPTIMAL,229.6782,2,2,2,0,0,1.0,229.6782,0.0,0.0,90,2.0,0.5,1.0
015_R209,15,R,2,6,OPTIMAL,190.5859,2,2,2,0,0,1.0,190.5859,0.0,0.0,90,2.0,0.5,1.0
015_R209,15,R,2,7,OPTIMAL,251.6513,2,2,1,1,0,1.0,251.6513,0.0,0.0,90,2.0,0.5,1.0
015_R209,15,R,2,8,OPTIMAL,126.8511,2,2,1,1,0,1.0,126.8511,0.0,0.0,90,2.0,0.5,1.0
015_R209,15,R,2,9,OPTIMAL,192.4483,2,1,1,0,1,0.5,136.1646,0.0,56.2837,90,2.0,0.5,1.0
015_R209,15,R,3,0,OPTIMAL,110.7305,3,1,1,0,2,0.3333,76.3775,0.0,34.353,90,2.0,0.5,1.0
015_R209,15,R,3,1,OPTIMAL,127.1779,3,1,1,0,2,0.3333,100.0897,0.0,27.0883,90,2.0,0.5,1.0
015_R209,15,R,3,2,OPTIMAL,210.8538,3,3,2,1,0,1.0,210.8538,0.0,0.0,90,2.0,0.5,1.0
015_R209,15,R,3,3,OPTIMAL,163.3244,3,2,2,0,1,0.6667,158.4764,0.0,4.848,90,2.0,0.5,1.0
015_R209,15,R,3,4,OPTIMAL,119.2786,3,1,0,1,2,0.3333,74.4467,0.0,44.8319,90,2.0,0.5,1.0
015_R209,15,R,3,5,OPTIMAL,222.5709,3,3,2,1,0,1.0,222.5709,0.0,0.0,90,2.0,0.5,1.0
015_R209,15,R,3,6,OPTIMAL,246.7942,3,2,1,1,1,0.6667,225.6566,0.0,21.1376,90,2.0,0.5,1.0
015_R209,15,R,3,7,OPTIMAL,256.1992,3,2,2,0,1,0.6667,207.6726,0.0,48.5266,90,2.0,0.5,1.0
015_R209,15,R,3,8,OPTIMAL,225.7686,3,2,1,1,1,0.6667,220.7571,0.0,5.0114,90,2.0,0.5,1.0
015_R209,15,R,3,9,OPTIMAL,295.4439,3,3,2,1,0,1.0,295.4439,0.0,0.0,90,2.0,0.5,1.0
015_R210,15,R,1,0,OPTIMAL,17.8286,1,0,0,0,1,0.0,0.0,0.0,17.8286,90,2.0,0.5,1.0
015_R210,15,R,1,1,OPTIMAL,108.1477,1,1,1,0,0,1.0,108.1477,0.0,0.0,90,2.0,0.5,1.0
015_R210,15,R,1,2,OPTIMAL,52.2915,1,1,1,0,0,1.0,52.2915,0.0,0.0,90,2.0,0.5,1.0
015_R210,15,R,1,3,OPTIMAL,91.9667,1,1,1,0,0,1.0,91.9667,0.0,0.0,90,2.0,0.5,1.0
015_R210,15,R,1,4,OPTIMAL,3.8658,1,0,0,0,1,0.0,0.0,0.0,3.8658,90,2.0,0.5,1.0
015_R210,15,R,1,5,OPTIMAL,79.226,1,1,1,0,0,1.0,79.226,0.0,0.0,90,2.0,0.5,1.0
015_R210,15,R,1,6,OPTIMAL,7.5174,1,0,0,0,1,0.0,0.0,0.0,7.5174,90,2.0,0.5,1.0
015_R210,15,R,1,7,OPTIMAL,101.7583,1,1,1,0,0,1.0,101.7583,0.0,0.0,90,2.0,0.5,1.0
015_R210,15,R,1,8,OPTIMAL,27.203,1,0,0,0,1,0.0,0.0,0.0,27.203,90,2.0,0.5,1.0
015_R210,15,R,1,9,OPTIMAL,105.9693,1,1,1,0,0,1.0,105.9693,0.0,0.0,90,2.0,0.5,1.0
015_R210,15,R,2,0,OPTIMAL,180.0678,2,2,2,0,0,1.0,180.0678,0.0,0.0,90,2.0,0.5,1.0
015_R210,15,R,2,1,OPTIMAL,118.2363,2,1,1,0,1,0.5,100.4207,0.0,17.8156,90,2.0,0.5,1.0
015_R210,15,R,2,2,OPTIMAL,208.1504,2,2,1,1,0,1.0,208.1504,0.0,0.0,90,2.0,0.5,1.0
015_R210,15,R,2,3,OPTIMAL,146.5341,2,1,1,0,1,0.5,126.1598,0.0,20.3743,90,2.0,0.5,1.0
015_R210,15,R,2,4,OPTIMAL,141.1735,2,1,1,0,1,0.5,103.1419,0.0,38.0317,90,2.0,0.5,1.0
015_R210,15,R,2,5,OPTIMAL,70.2921,2,0,0,0,2,0.0,0.0,0.0,70.2921,90,2.0,0.5,1.0
015_R210,15,R,2,6,OPTIMAL,190.5859,2,2,2,0,0,1.0,190.5859,0.0,0.0,90,2.0,0.5,1.0
015_R210,15,R,2,7,OPTIMAL,251.6513,2,2,2,0,0,1.0,251.6513,0.0,0.0,90,2.0,0.5,1.0
015_R210,15,R,2,8,OPTIMAL,126.8511,2,2,2,0,0,1.0,126.8511,0.0,0.0,90,2.0,0.5,1.0
015_R210,15,R,2,9,OPTIMAL,249.2702,2,2,2,0,0,1.0,249.2702,0.0,0.0,90,2.0,0.5,1.0
015_R210,15,R,3,0,OPTIMAL,196.9951,3,3,2,1,0,1.0,196.9951,0.0,0.0,90,2.0,0.5,1.0
015_R210,15,R,3,1,OPTIMAL,211.894,3,2,2,0,1,0.6667,181.3903,0.0,30.5037,90,2.0,0.5,1.0
015_R210,15,R,3,2,OPTIMAL,130.0449,3,2,1,1,1,0.6667,113.5463,0.0,16.4986,90,2.0,0.5,1.0
015_R210,15,R,3,3,OPTIMAL,173.7123,3,2,2,0,1,0.6667,158.4764,0.0,15.2359,90,2.0,0.5,1.0
015_R210,15,R,3,4,OPTIMAL,178.3206,3,2,2,0,1,0.6667,155.4917,0.0,22.8289,90,2.0,0.5,1.0
015_R210,15,R,3,5,OPTIMAL,222.5709,3,3,3,0,0,1.0,222.5709,0.0,0.0,90,2.0,0.5,1.0
015_R210,15,R,3,6,OPTIMAL,47.9957,3,0,0,0,3,0.0,0.0,0.0,47.9957,90,2.0,0.5,1.0
015_R210,15,R,3,7,OPTIMAL,173.0101,3,1,1,0,2,0.3333,95.4675,0.0,77.5426,90,2.0,0.5,1.0
015_R210,15,R,3,8,OPTIMAL,289.1528,3,3,3,0,0,1.0,289.1528,0.0,0.0,90,2.0,0.5,1.0
015_R210,15,R,3,9,OPTIMAL,231.3833,3,2,2,0,1,0.6667,211.1822,0.0,20.2011,90,2.0,0.5,1.0
015_R211,15,R,1,0,OPTIMAL,0.0181,1,0,0,0,1,0.0,0.0,0.0,0.0181,90,2.0,0.5,1.0
015_R211,15,R,1,1,OPTIMAL,108.1477,1,1,1,0,0,1.0,108.1477,0.0,0.0,90,2.0,0.5,1.0
015_R211,15,R,1,2,OPTIMAL,6.1367,1,0,0,0,1,0.0,0.0,0.0,6.1367,90,2.0,0.5,1.0
015_R211,15,R,1,3,OPTIMAL,91.9667,1,1,1,0,0,1.0,91.9667,0.0,0.0,90,2.0,0.5,1.0
015_R211,15,R,1,4,OPTIMAL,17.7113,1,0,0,0,1,0.0,0.0,0.0,17.7113,90,2.0,0.5,1.0
015_R211,15,R,1,5,OPTIMAL,79.226,1,1,1,0,0,1.0,79.226,0.0,0.0,90,2.0,0.5,1.0
015_R211,15,R,1,6,OPTIMAL,17.4564,1,0,0,0,1,0.0,0.0,0.0,17.4564,90,2.0,0.5,1.0
015_R211,15,R,1,7,OPTIMAL,101.7583,1,1,1,0,0,1.0,101.7583,0.0,0.0,90,2.0,0.5,1.0
015_R211,15,R,1,8,OPTIMAL,132.6677,1,1,1,0,0,1.0,132.6677,0.0,0.0,90,2.0,0.5,1.0
015_R211,15,R,1,9,OPTIMAL,105.9693,1,1,1,0,0,1.0,105.9693,0.0,0.0,90,2.0,0.5,1.0
015_R211,15,R,2,0,OPTIMAL,180.0678,2,2,2,0,0,1.0,180.0678,0.0,0.0,90,2.0,0.5,1.0
015_R211,15,R,2,1,OPTIMAL,162.2452,2,2,1,1,0,1.0,162.2452,0.0,0.0,90,2.0,0.5,1.0
015_R211,15,R,2,2,OPTIMAL,163.1912,2,1,1,0,1,0.5,119.2241,0.0,43.9671,90,2.0,0.5,1.0
015_R211,15,R,2,3,OPTIMAL,131.9486,2,1,1,0,1,0.5,126.1598,0.0,5.7888,90,2.0,0.5,1.0
015_R211,15,R,2,4,OPTIMAL,185.3287,2,2,2,0,0,1.0,185.3287,0.0,0.0,90,2.0,0.5,1.0
015_R211,15,R,2,5,OPTIMAL,163.0232,2,1,1,0,1,0.5,137.3926,0.0,25.6306,90,2.0,0.5,1.0
015_R211,15,R,2,6,OPTIMAL,190.5859,2,2,2,0,0,1.0,190.5859,0.0,0.0,90,2.0,0.5,1.0
015_R211,15,R,2,7,OPTIMAL,251.6513,2,2,2,0,0,1.0,251.6513,0.0,0.0,90,2.0,0.5,1.0
015_R211,15,R,2,8,OPTIMAL,126.8511,2,2,2,0,0,1.0,126.8511,0.0,0.0,90,2.0,0.5,1.0
015_R211,15,R,2,9,OPTIMAL,249.2702,2,2,2,0,0,1.0,249.2702,0.0,0.0,90,2.0,0.5,1.0
015_R211,15,R,3,0,OPTIMAL,170.1566,3,2,2,0,1,0.6667,145.2469,0.0,24.9098,90,2.0,0.5,1.0
015_R211,15,R,3,1,OPTIMAL,311.3239,3,3,1,2,0,1.0,311.3239,0.0,0.0,90,2.0,0.5,1.0
015_R211,15,R,3,2,OPTIMAL,59.1993,3,1,1,0,2,0.3333,55.9615,0.0,3.2377,90,2.0,0.5,1.0
015_R211,15,R,3,3,OPTIMAL,192.2815,3,3,3,0,0,1.0,192.2815,0.0,0.0,90,2.0,0.5,1.0
015_R211,15,R,3,4,OPTIMAL,78.4923,3,1,0,1,2,0.3333,74.4467,0.0,4.0456,90,2.0,0.5,1.0
015_R211,15,R,3,5,OPTIMAL,150.4489,3,2,2,0,1,0.6667,138.5166,0.0,11.9323,90,2.0,0.5,1.0
015_R211,15,R,3,6,OPTIMAL,212.206,3,2,1,1,1,0.6667,182.5568,0.0,29.6492,90,2.0,0.5,1.0
015_R211,15,R,3,7,OPTIMAL,322.1831,3,3,3,0,0,1.0,322.1831,0.0,0.0,90,2.0,0.5,1.0
015_R211,15,R,3,8,OPTIMAL,289.1528,3,3,3,0,0,1.0,289.1528,0.0,0.0,90,2.0,0.5,1.0
015_R211,15,R,3,9,OPTIMAL,231.6257,3,2,2,0,1,0.6667,211.1822,0.0,20.4435,90,2.0,0.5,1.0
015_RC101,15,RC,1,0,OPTIMAL,183.1271,1,1,1,0,0,1.0,183.1271,0.0,0.0,90,2.0,0.5,1.0
015_RC101,15,RC,1,1,OPTIMAL,10.8414,1,0,0,0,1,0.0,0.0,0.0,10.8414,90,2.0,0.5,1.0
015_RC101,15,RC,1,2,OPTIMAL,2.4662,1,0,0,0,1,0.0,0.0,0.0,2.4662,90,2.0,0.5,1.0
015_RC101,15,RC,1,3,OPTIMAL,0.0007,1,0,0,0,1,0.0,0.0,0.0,0.0007,90,2.0,0.5,1.0
015_RC101,15,RC,1,4,OPTIMAL,1.7142,1,0,0,0,1,0.0,0.0,0.0,1.7142,90,2.0,0.5,1.0
015_RC101,15,RC,1,5,OPTIMAL,2.5881,1,0,0,0,1,0.0,0.0,0.0,2.5881,90,2.0,0.5,1.0
015_RC101,15,RC,1,6,OPTIMAL,0.8029,1,0,0,0,1,0.0,0.0,0.0,0.8029,90,2.0,0.5,1.0
015_RC101,15,RC,1,7,OPTIMAL,4.4851,1,0,0,0,1,0.0,0.0,0.0,4.4851,90,2.0,0.5,1.0
015_RC101,15,RC,1,8,OPTIMAL,125.7591,1,1,1,0,0,1.0,125.7591,0.0,0.0,90,2.0,0.5,1.0
015_RC101,15,RC,1,9,OPTIMAL,0.9657,1,0,0,0,1,0.0,0.0,0.0,0.9657,90,2.0,0.5,1.0
015_RC101,15,RC,2,0,OPTIMAL,24.6068,2,0,0,0,2,0.0,0.0,0.0,24.6068,90,2.0,0.5,1.0
015_RC101,15,RC,2,1,OPTIMAL,173.8688,2,1,1,0,1,0.5,172.8508,0.0,1.018,90,2.0,0.5,1.0
015_RC101,15,RC,2,2,OPTIMAL,0.3485,2,0,0,0,2,0.0,0.0,0.0,0.3485,90,2.0,0.5,1.0
015_RC101,15,RC,2,3,OPTIMAL,22.1502,2,0,0,0,2,0.0,0.0,0.0,22.1502,90,2.0,0.5,1.0
015_RC101,15,RC,2,4,OPTIMAL,66.6254,2,0,0,0,2,0.0,0.0,4.6309,61.9945,90,2.0,0.5,1.0
015_RC101,15,RC,2,5,OPTIMAL,9.0261,2,0,0,0,2,0.0,0.0,0.0,9.0261,90,2.0,0.5,1.0
015_RC101,15,RC,2,6,OPTIMAL,14.2382,2,0,0,0,2,0.0,0.0,0.0,14.2382,90,2.0,0.5,1.0
015_RC101,15,RC,2,7,OPTIMAL,0.6055,2,0,0,0,2,0.0,0.0,0.0,0.6055,90,2.0,0.5,1.0
015_RC101,15,RC,2,8,OPTIMAL,46.9829,2,0,0,0,2,0.0,0.0,0.0,46.9829,90,2.0,0.5,1.0
015_RC101,15,RC,2,9,OPTIMAL,15.9267,2,0,0,0,2,0.0,0.0,0.0,15.9267,90,2.0,0.5,1.0
015_RC101,15,RC,3,0,OPTIMAL,8.9888,3,0,0,0,3,0.0,0.0,0.0,8.9888,90,2.0,0.5,1.0
015_RC101,15,RC,3,1,OPTIMAL,10.0419,3,0,0,0,3,0.0,0.0,0.0,10.0419,90,2.0,0.5,1.0
015_RC101,15,RC,3,2,OPTIMAL,17.8427,3,0,0,0,3,0.0,0.0,0.0,17.8427,90,2.0,0.5,1.0
015_RC101,15,RC,3,3,OPTIMAL,21.0099,3,0,0,0,3,0.0,0.0,0.0,21.0099,90,2.0,0.5,1.0
015_RC101,15,RC,3,4,OPTIMAL,15.0859,3,0,0,0,3,0.0,0.0,0.0,15.0859,90,2.0,0.5,1.0
015_RC101,15,RC,3,5,OPTIMAL,64.6514,3,0,0,0,3,0.0,0.0,3.5233,61.1281,90,2.0,0.5,1.0
015_RC101,15,RC,3,6,OPTIMAL,11.2392,3,0,0,0,3,0.0,0.0,0.0,11.2392,90,2.0,0.5,1.0
015_RC101,15,RC,3,7,OPTIMAL,333.1984,3,2,1,1,1,0.6667,313.2943,0.0,19.904,90,2.0,0.5,1.0
015_RC101,15,RC,3,8,OPTIMAL,181.2397,3,1,1,0,2,0.3333,166.0717,0.0,15.1679,90,2.0,0.5,1.0
015_RC101,15,RC,3,9,OPTIMAL,10.94,3,0,0,0,3,0.0,0.0,0.0,10.94,90,2.0,0.5,1.0
015_RC102,15,RC,1,0,OPTIMAL,3.132,1,0,0,0,1,0.0,0.0,0.0,3.132,90,2.0,0.5,1.0
015_RC102,15,RC,1,1,OPTIMAL,0.6209,1,0,0,0,1,0.0,0.0,0.0,0.6209,90,2.0,0.5,1.0
015_RC102,15,RC,1,2,OPTIMAL,3.5881,1,0,0,0,1,0.0,0.0,0.0,3.5881,90,2.0,0.5,1.0
015_RC102,15,RC,1,3,OPTIMAL,0.0007,1,0,0,0,1,0.0,0.0,0.0,0.0007,90,2.0,0.5,1.0
015_RC102,15,RC,1,4,OPTIMAL,2.5713,1,0,0,0,1,0.0,0.0,0.0,2.5713,90,2.0,0.5,1.0
015_RC102,15,RC,1,5,OPTIMAL,0.5369,1,0,0,0,1,0.0,0.0,0.0,0.5369,90,2.0,0.5,1.0
015_RC102,15,RC,1,6,OPTIMAL,0.4014,1,0,0,0,1,0.0,0.0,0.0,0.4014,90,2.0,0.5,1.0
015_RC102,15,RC,1,7,OPTIMAL,6.9116,1,0,0,0,1,0.0,0.0,0.0,6.9116,90,2.0,0.5,1.0
015_RC102,15,RC,1,8,OPTIMAL,9.4522,1,0,0,0,1,0.0,0.0,0.0,9.4522,90,2.0,0.5,1.0
015_RC102,15,RC,1,9,OPTIMAL,125.3748,1,1,1,0,0,1.0,125.3748,0.0,0.0,90,2.0,0.5,1.0
015_RC102,15,RC,2,0,OPTIMAL,8.0386,2,0,0,0,2,0.0,0.0,0.0,8.0386,90,2.0,0.5,1.0
015_RC102,15,RC,2,1,OPTIMAL,114.4452,2,1,1,0,1,0.5,113.1511,0.0,1.2941,90,2.0,0.5,1.0
015_RC102,15,RC,2,2,OPTIMAL,0.5285,2,0,0,0,2,0.0,0.0,0.0,0.5285,90,2.0,0.5,1.0
015_RC102,15,RC,2,3,OPTIMAL,8.3353,2,0,0,0,2,0.0,0.0,0.0,8.3353,90,2.0,0.5,1.0
015_RC102,15,RC,2,4,OPTIMAL,150.1808,2,1,1,0,1,0.5,149.0705,0.0,1.1103,90,2.0,0.5,1.0
015_RC102,15,RC,2,5,OPTIMAL,0.62,2,0,0,0,2,0.0,0.0,0.0,0.62,90,2.0,0.5,1.0
015_RC102,15,RC,2,6,OPTIMAL,163.9499,2,1,1,0,1,0.5,143.0226,0.0,20.9273,90,2.0,0.5,1.0
015_RC102,15,RC,2,7,OPTIMAL,1.509,2,0,0,0,2,0.0,0.0,0.0,1.509,90,2.0,0.5,1.0
015_RC102,15,RC,2,8,OPTIMAL,320.2693,2,2,2,0,0,1.0,320.2693,0.0,0.0,90,2.0,0.5,1.0
015_RC102,15,RC,2,9,OPTIMAL,16.5008,2,0,0,0,2,0.0,0.0,0.0,16.5008,90,2.0,0.5,1.0
015_RC102,15,RC,3,0,OPTIMAL,12.9329,3,0,0,0,3,0.0,0.0,0.0,12.9329,90,2.0,0.5,1.0
015_RC102,15,RC,3,1,OPTIMAL,136.0175,3,1,1,0,2,0.3333,126.9309,0.0,9.0866,90,2.0,0.5,1.0
015_RC102,15,RC,3,2,OPTIMAL,10.5987,3,0,0,0,3,0.0,0.0,0.0,10.5987,90,2.0,0.5,1.0
015_RC102,15,RC,3,3,OPTIMAL,186.4007,3,1,1,0,2,0.3333,156.036,0.0,30.3647,90,2.0,0.5,1.0
015_RC102,15,RC,3,4,OPTIMAL,7.0401,3,0,0,0,3,0.0,0.0,0.0,7.0401,90,2.0,0.5,1.0
015_RC102,15,RC,3,5,OPTIMAL,15.5605,3,0,0,0,3,0.0,0.0,0.0,15.5605,90,2.0,0.5,1.0
015_RC102,15,RC,3,6,OPTIMAL,176.3662,3,1,1,0,2,0.3333,142.9787,0.0,33.3875,90,2.0,0.5,1.0
015_RC102,15,RC,3,7,OPTIMAL,23.6828,3,0,0,0,3,0.0,0.0,0.0,23.6828,90,2.0,0.5,1.0
015_RC102,15,RC,3,8,OPTIMAL,177.0421,3,1,1,0,2,0.3333,166.0717,0.0,10.9704,90,2.0,0.5,1.0
015_RC102,15,RC,3,9,OPTIMAL,142.0286,3,1,1,0,2,0.3333,129.408,0.0,12.6206,90,2.0,0.5,1.0
015_RC103,15,RC,1,0,OPTIMAL,9.2548,1,0,0,0,1,0.0,0.0,0.0,9.2548,90,2.0,0.5,1.0
015_RC103,15,RC,1,1,OPTIMAL,0.6209,1,0,0,0,1,0.0,0.0,0.0,0.6209,90,2.0,0.5,1.0
015_RC103,15,RC,1,2,OPTIMAL,3.5881,1,0,0,0,1,0.0,0.0,0.0,3.5881,90,2.0,0.5,1.0
015_RC103,15,RC,1,3,OPTIMAL,0.0007,1,0,0,0,1,0.0,0.0,0.0,0.0007,90,2.0,0.5,1.0
015_RC103,15,RC,1,4,OPTIMAL,6.8087,1,0,0,0,1,0.0,0.0,0.0,6.8087,90,2.0,0.5,1.0
015_RC103,15,RC,1,5,OPTIMAL,0.5369,1,0,0,0,1,0.0,0.0,0.0,0.5369,90,2.0,0.5,1.0
015_RC103,15,RC,1,6,OPTIMAL,0.4014,1,0,0,0,1,0.0,0.0,0.0,0.4014,90,2.0,0.5,1.0
015_RC103,15,RC,1,7,OPTIMAL,6.9116,1,0,0,0,1,0.0,0.0,0.0,6.9116,90,2.0,0.5,1.0
015_RC103,15,RC,1,8,OPTIMAL,18.9044,1,0,0,0,1,0.0,0.0,0.0,18.9044,90,2.0,0.5,1.0
015_RC103,15,RC,1,9,OPTIMAL,125.3748,1,1,1,0,0,1.0,125.3748,0.0,0.0,90,2.0,0.5,1.0
015_RC103,15,RC,2,0,OPTIMAL,5.7668,2,0,0,0,2,0.0,0.0,0.0,5.7668,90,2.0,0.5,1.0
015_RC103,15,RC,2,1,OPTIMAL,114.0488,2,1,1,0,1,0.5,113.1511,0.0,0.8976,90,2.0,0.5,1.0
015_RC103,15,RC,2,2,OPTIMAL,2.5413,2,0,0,0,2,0.0,0.0,0.0,2.5413,90,2.0,0.5,1.0
015_RC103,15,RC,2,3,OPTIMAL,8.3353,2,0,0,0,2,0.0,0.0,0.0,8.3353,90,2.0,0.5,1.0
015_RC103,15,RC,2,4,OPTIMAL,3.5647,2,0,0,0,2,0.0,0.0,0.0,3.5647,90,2.0,0.5,1.0
015_RC103,15,RC,2,5,OPTIMAL,0.62,2,0,0,0,2,0.0,0.0,0.0,0.62,90,2.0,0.5,1.0
015_RC103,15,RC,2,6,OPTIMAL,165.4793,2,1,1,0,1,0.5,143.0226,0.0,22.4567,90,2.0,0.5,1.0
015_RC103,15,RC,2,7,OPTIMAL,1.5285,2,0,0,0,2,0.0,0.0,0.0,1.5285,90,2.0,0.5,1.0
015_RC103,15,RC,2,8,OPTIMAL,320.2693,2,2,2,0,0,1.0,320.2693,0.0,0.0,90,2.0,0.5,1.0
015_RC103,15,RC,2,9,OPTIMAL,27.4253,2,0,0,0,2,0.0,0.0,0.0,27.4253,90,2.0,0.5,1.0
015_RC103,15,RC,3,0,OPTIMAL,52.4092,3,0,0,0,3,0.0,0.0,0.0,52.4092,90,2.0,0.5,1.0
015_RC103,15,RC,3,1,OPTIMAL,302.9101,3,2,2,0,1,0.6667,301.0149,0.0,1.8951,90,2.0,0.5,1.0
015_RC103,15,RC,3,2,OPTIMAL,8.6558,3,0,0,0,3,0.0,0.0,0.0,8.6558,90,2.0,0.5,1.0
015_RC103,15,RC,3,3,OPTIMAL,344.5469,3,2,2,0,1,0.6667,343.1423,0.0,1.4045,90,2.0,0.5,1.0
015_RC103,15,RC,3,4,OPTIMAL,10.0636,3,0,0,0,3,0.0,0.0,0.0,10.0636,90,2.0,0.5,1.0
015_RC103,15,RC,3,5,OPTIMAL,181.7603,3,1,1,0,2,0.3333,170.7053,0.0,11.055,90,2.0,0.5,1.0
015_RC103,15,RC,3,6,OPTIMAL,178.92,3,1,1,0,2,0.3333,142.9787,0.0,35.9413,90,2.0,0.5,1.0
015_RC103,15,RC,3,7,OPTIMAL,20.427,3,0,0,0,3,0.0,0.0,0.0,20.427,90,2.0,0.5,1.0
015_RC103,15,RC,3,8,OPTIMAL,187.5784,3,1,1,0,2,0.3333,166.0717,0.0,21.5067,90,2.0,0.5,1.0
015_RC103,15,RC,3,9,OPTIMAL,142.0613,3,1,1,0,2,0.3333,129.408,0.0,12.6533,90,2.0,0.5,1.0
015_RC104,15,RC,1,0,OPTIMAL,9.396,1,0,0,0,1,0.0,0.0,0.0,9.396,90,2.0,0.5,1.0
015_RC104,15,RC,1,1,OPTIMAL,0.6209,1,0,0,0,1,0.0,0.0,0.0,0.6209,90,2.0,0.5,1.0
015_RC104,15,RC,1,2,OPTIMAL,3.5881,1,0,0,0,1,0.0,0.0,0.0,3.5881,90,2.0,0.5,1.0
015_RC104,15,RC,1,3,OPTIMAL,0.0007,1,0,0,0,1,0.0,0.0,0.0,0.0007,90,2.0,0.5,1.0
015_RC104,15,RC,1,4,OPTIMAL,44.313,1,0,0,0,1,0.0,0.0,0.0,44.313,90,2.0,0.5,1.0
015_RC104,15,RC,1,5,OPTIMAL,0.5369,1,0,0,0,1,0.0,0.0,0.0,0.5369,90,2.0,0.5,1.0
015_RC104,15,RC,1,6,OPTIMAL,0.4014,1,0,0,0,1,0.0,0.0,0.0,0.4014,90,2.0,0.5,1.0
015_RC104,15,RC,1,7,OPTIMAL,6.9116,1,0,0,0,1,0.0,0.0,0.0,6.9116,90,2.0,0.5,1.0
015_RC104,15,RC,1,8,OPTIMAL,18.9044,1,0,0,0,1,0.0,0.0,0.0,18.9044,90,2.0,0.5,1.0
015_RC104,15,RC,1,9,OPTIMAL,125.3748,1,1,1,0,0,1.0,125.3748,0.0,0.0,90,2.0,0.5,1.0
015_RC104,15,RC,2,0,OPTIMAL,15.4138,2,0,0,0,2,0.0,0.0,0.0,15.4138,90,2.0,0.5,1.0
015_RC104,15,RC,2,1,OPTIMAL,113.7643,2,1,1,0,1,0.5,113.1511,0.0,0.6131,90,2.0,0.5,1.0
015_RC104,15,RC,2,2,OPTIMAL,140.9846,2,1,1,0,1,0.5,140.8423,0.0,0.1423,90,2.0,0.5,1.0
015_RC104,15,RC,2,3,OPTIMAL,8.3353,2,0,0,0,2,0.0,0.0,0.0,8.3353,90,2.0,0.5,1.0
015_RC104,15,RC,2,4,OPTIMAL,150.1808,2,1,1,0,1,0.5,149.0705,0.0,1.1103,90,2.0,0.5,1.0
015_RC104,15,RC,2,5,OPTIMAL,0.62,2,0,0,0,2,0.0,0.0,0.0,0.62,90,2.0,0.5,1.0
015_RC104,15,RC,2,6,OPTIMAL,327.5675,2,2,2,0,0,1.0,327.5675,0.0,0.0,90,2.0,0.5,1.0
015_RC104,15,RC,2,7,OPTIMAL,131.2387,2,1,0,1,1,0.5,129.8955,0.0,1.3433,90,2.0,0.5,1.0
015_RC104,15,RC,2,8,OPTIMAL,320.2693,2,2,2,0,0,1.0,320.2693,0.0,0.0,90,2.0,0.5,1.0
015_RC104,15,RC,2,9,OPTIMAL,49.7675,2,0,0,0,2,0.0,0.0,0.0,49.7675,90,2.0,0.5,1.0
015_RC104,15,RC,3,0,OPTIMAL,155.6594,3,1,1,0,2,0.3333,145.2333,0.0,10.4261,90,2.0,0.5,1.0
015_RC104,15,RC,3,1,OPTIMAL,302.9101,3,2,2,0,1,0.6667,301.0149,0.0,1.8951,90,2.0,0.5,1.0
015_RC104,15,RC,3,2,OPTIMAL,40.762,3,0,0,0,3,0.0,0.0,0.0,40.762,90,2.0,0.5,1.0
015_RC104,15,RC,3,3,OPTIMAL,352.4988,3,2,2,0,1,0.6667,343.1423,0.0,9.3565,90,2.0,0.5,1.0
015_RC104,15,RC,3,4,OPTIMAL,7.0401,3,0,0,0,3,0.0,0.0,0.0,7.0401,90,2.0,0.5,1.0
015_RC104,15,RC,3,5,OPTIMAL,173.0014,3,1,1,0,2,0.3333,170.7053,0.0,2.2961,90,2.0,0.5,1.0
015_RC104,15,RC,3,6,OPTIMAL,171.0096,3,1,1,0,2,0.3333,142.9787,0.0,28.0309,90,2.0,0.5,1.0
015_RC104,15,RC,3,7,OPTIMAL,152.4715,3,1,0,1,2,0.3333,138.0645,0.0,14.407,90,2.0,0.5,1.0
015_RC104,15,RC,3,8,OPTIMAL,177.0421,3,1,1,0,2,0.3333,166.0717,0.0,10.9704,90,2.0,0.5,1.0
015_RC104,15,RC,3,9,OPTIMAL,142.2391,3,1,1,0,2,0.3333,129.408,0.0,12.831,90,2.0,0.5,1.0
015_RC105,15,RC,1,0,OPTIMAL,12.2638,1,0,0,0,1,0.0,0.0,0.0,12.2638,90,2.0,0.5,1.0
015_RC105,15,RC,1,1,OPTIMAL,0.6209,1,0,0,0,1,0.0,0.0,0.0,0.6209,90,2.0,0.5,1.0
015_RC105,15,RC,1,2,OPTIMAL,3.5881,1,0,0,0,1,0.0,0.0,0.0,3.5881,90,2.0,0.5,1.0
015_RC105,15,RC,1,3,OPTIMAL,0.0007,1,0,0,0,1,0.0,0.0,0.0,0.0007,90,2.0,0.5,1.0
015_RC105,15,RC,1,4,OPTIMAL,5.455,1,0,0,0,1,0.0,0.0,0.0,5.455,90,2.0,0.5,1.0
015_RC105,15,RC,1,5,OPTIMAL,0.5369,1,0,0,0,1,0.0,0.0,0.0,0.5369,90,2.0,0.5,1.0
015_RC105,15,RC,1,6,OPTIMAL,0.4014,1,0,0,0,1,0.0,0.0,0.0,0.4014,90,2.0,0.5,1.0
015_RC105,15,RC,1,7,OPTIMAL,4.6077,1,0,0,0,1,0.0,0.0,0.0,4.6077,90,2.0,0.5,1.0
015_RC105,15,RC,1,8,OPTIMAL,16.222,1,0,0,0,1,0.0,0.0,0.0,16.222,90,2.0,0.5,1.0
015_RC105,15,RC,1,9,OPTIMAL,125.3748,1,1,1,0,0,1.0,125.3748,0.0,0.0,90,2.0,0.5,1.0
015_RC105,15,RC,2,0,OPTIMAL,18.4014,2,0,0,0,2,0.0,0.0,0.0,18.4014,90,2.0,0.5,1.0
015_RC105,15,RC,2,1,OPTIMAL,115.7677,2,1,1,0,1,0.5,113.1511,0.0,2.6166,90,2.0,0.5,1.0
015_RC105,15,RC,2,2,OPTIMAL,0.5285,2,0,0,0,2,0.0,0.0,0.0,0.5285,90,2.0,0.5,1.0
015_RC105,15,RC,2,3,OPTIMAL,8.3353,2,0,0,0,2,0.0,0.0,0.0,8.3353,90,2.0,0.5,1.0
015_RC105,15,RC,2,4,OPTIMAL,3.3843,2,0,0,0,2,0.0,0.0,0.0,3.3843,90,2.0,0.5,1.0
015_RC105,15,RC,2,5,OPTIMAL,0.62,2,0,0,0,2,0.0,0.0,0.0,0.62,90,2.0,0.5,1.0
015_RC105,15,RC,2,6,OPTIMAL,187.936,2,1,1,0,1,0.5,143.0226,0.0,44.9134,90,2.0,0.5,1.0
015_RC105,15,RC,2,7,OPTIMAL,1.509,2,0,0,0,2,0.0,0.0,0.0,1.509,90,2.0,0.5,1.0
015_RC105,15,RC,2,8,OPTIMAL,172.6295,2,1,1,0,1,0.5,163.5033,0.0,9.1262,90,2.0,0.5,1.0
015_RC105,15,RC,2,9,OPTIMAL,15.7231,2,0,0,0,2,0.0,0.0,0.0,15.7231,90,2.0,0.5,1.0
015_RC105,15,RC,3,0,OPTIMAL,10.423,3,0,0,0,3,0.0,0.0,0.0,10.423,90,2.0,0.5,1.0
015_RC105,15,RC,3,1,OPTIMAL,6.8276,3,0,0,0,3,0.0,0.0,0.0,6.8276,90,2.0,0.5,1.0
015_RC105,15,RC,3,2,OPTIMAL,10.5987,3,0,0,0,3,0.0,0.0,0.0,10.5987,90,2.0,0.5,1.0
015_RC105,15,RC,3,3,OPTIMAL,190.3275,3,1,1,0,2,0.3333,156.036,0.0,34.2915,90,2.0,0.5,1.0
015_RC105,15,RC,3,4,OPTIMAL,11.6575,3,0,0,0,3,0.0,0.0,0.0,11.6575,90,2.0,0.5,1.0
015_RC105,15,RC,3,5,OPTIMAL,22.7995,3,0,0,0,3,0.0,0.0,0.0,22.7995,90,2.0,0.5,1.0
015_RC105,15,RC,3,6,OPTIMAL,147.9024,3,1,1,0,2,0.3333,142.9787,0.0,4.9238,90,2.0,0.5,1.0
015_RC105,15,RC,3,7,OPTIMAL,325.9262,3,2,1,1,1,0.6667,313.2943,0.0,12.6319,90,2.0,0.5,1.0
015_RC105,15,RC,3,8,OPTIMAL,174.996,3,1,1,0,2,0.3333,166.0717,0.0,8.9242,90,2.0,0.5,1.0
015_RC105,15,RC,3,9,OPTIMAL,13.1348,3,0,0,0,3,0.0,0.0,0.0,13.1348,90,2.0,0.5,1.0
015_RC106,15,RC,1,0,OPTIMAL,12.2638,1,0,0,0,1,0.0,0.0,0.0,12.2638,90,2.0,0.5,1.0
015_RC106,15,RC,1,1,OPTIMAL,1.2418,1,0,0,0,1,0.0,0.0,0.0,1.2418,90,2.0,0.5,1.0
015_RC106,15,RC,1,2,OPTIMAL,2.4662,1,0,0,0,1,0.0,0.0,0.0,2.4662,90,2.0,0.5,1.0
015_RC106,15,RC,1,3,OPTIMAL,0.0007,1,0,0,0,1,0.0,0.0,0.0,0.0007,90,2.0,0.5,1.0
015_RC106,15,RC,1,4,OPTIMAL,5.455,1,0,0,0,1,0.0,0.0,0.0,5.455,90,2.0,0.5,1.0
015_RC106,15,RC,1,5,OPTIMAL,7.0019,1,0,0,0,1,0.0,0.0,0.0,7.0019,90,2.0,0.5,1.0
015_RC106,15,RC,1,6,OPTIMAL,7.7334,1,0,0,0,1,0.0,0.0,0.0,7.7334,90,2.0,0.5,1.0
015_RC106,15,RC,1,7,OPTIMAL,8.9701,1,0,0,0,1,0.0,0.0,0.0,8.9701,90,2.0,0.5,1.0
015_RC106,15,RC,1,8,OPTIMAL,8.109,1,0,0,0,1,0.0,0.0,0.0,8.109,90,2.0,0.5,1.0
015_RC106,15,RC,1,9,OPTIMAL,0.9657,1,0,0,0,1,0.0,0.0,0.0,0.9657,90,2.0,0.5,1.0
015_RC106,15,RC,2,0,OPTIMAL,9.5039,2,0,0,0,2,0.0,0.0,0.0,9.5039,90,2.0,0.5,1.0
015_RC106,15,RC,2,1,OPTIMAL,3.6346,2,0,0,0,2,0.0,0.0,0.0,3.6346,90,2.0,0.5,1.0
015_RC106,15,RC,2,2,OPTIMAL,4.5263,2,0,0,0,2,0.0,0.0,0.0,4.5263,90,2.0,0.5,1.0
015_RC106,15,RC,2,3,OPTIMAL,39.5942,2,0,0,0,2,0.0,0.0,0.0,39.5942,90,2.0,0.5,1.0
015_RC106,15,RC,2,4,OPTIMAL,15.1261,2,0,0,0,2,0.0,0.0,0.0,15.1261,90,2.0,0.5,1.0
015_RC106,15,RC,2,5,OPTIMAL,5.8912,2,0,0,0,2,0.0,0.0,0.0,5.8912,90,2.0,0.5,1.0
015_RC106,15,RC,2,6,OPTIMAL,45.2001,2,0,0,0,2,0.0,0.0,0.0,45.2001,90,2.0,0.5,1.0
015_RC106,15,RC,2,7,OPTIMAL,0.6055,2,0,0,0,2,0.0,0.0,0.0,0.6055,90,2.0,0.5,1.0
015_RC106,15,RC,2,8,OPTIMAL,163.9289,2,1,1,0,1,0.5,163.5033,0.0,0.4255,90,2.0,0.5,1.0
015_RC106,15,RC,2,9,OPTIMAL,16.2138,2,0,0,0,2,0.0,0.0,0.0,16.2138,90,2.0,0.5,1.0
015_RC106,15,RC,3,0,OPTIMAL,180.6745,3,1,1,0,2,0.3333,166.1472,0.0,14.5273,90,2.0,0.5,1.0
015_RC106,15,RC,3,1,OPTIMAL,265.4428,3,2,2,0,1,0.6667,260.6485,0.0,4.7943,90,2.0,0.5,1.0
015_RC106,15,RC,3,2,OPTIMAL,17.8427,3,0,0,0,3,0.0,0.0,0.0,17.8427,90,2.0,0.5,1.0
015_RC106,15,RC,3,3,OPTIMAL,24.1287,3,0,0,0,3,0.0,0.0,0.0,24.1287,90,2.0,0.5,1.0
015_RC106,15,RC,3,4,OPTIMAL,15.1407,3,0,0,0,3,0.0,0.0,0.0,15.1407,90,2.0,0.5,1.0
015_RC106,15,RC,3,5,OPTIMAL,164.5294,3,1,0,1,2,0.3333,148.9047,0.0,15.6247,90,2.0,0.5,1.0
015_RC106,15,RC,3,6,OPTIMAL,11.2992,3,0,0,0,3,0.0,0.0,0.0,11.2992,90,2.0,0.5,1.0
015_RC106,15,RC,3,7,OPTIMAL,209.9655,3,1,1,0,2,0.3333,175.2298,0.0,34.7357,90,2.0,0.5,1.0
015_RC106,15,RC,3,8,OPTIMAL,182.2088,3,1,1,0,2,0.3333,166.0717,0.0,16.1371,90,2.0,0.5,1.0
015_RC106,15,RC,3,9,OPTIMAL,139.7496,3,1,1,0,2,0.3333,129.408,0.0,10.3416,90,2.0,0.5,1.0
015_RC107,15,RC,1,0,OPTIMAL,16.3517,1,0,0,0,1,0.0,0.0,0.0,16.3517,90,2.0,0.5,1.0
015_RC107,15,RC,1,1,OPTIMAL,1.137,1,0,0,0,1,0.0,0.0,0.0,1.137,90,2.0,0.5,1.0
015_RC107,15,RC,1,2,OPTIMAL,0.2764,1,0,0,0,1,0.0,0.0,0.0,0.2764,90,2.0,0.5,1.0
015_RC107,15,RC,1,3,OPTIMAL,41.8881,1,0,0,0,1,0.0,0.0,0.0,41.8881,90,2.0,0.5,1.0
015_RC107,15,RC,1,4,OPTIMAL,5.455,1,0,0,0,1,0.0,0.0,0.0,5.455,90,2.0,0.5,1.0
015_RC107,15,RC,1,5,OPTIMAL,1.0738,1,0,0,0,1,0.0,0.0,0.0,1.0738,90,2.0,0.5,1.0
015_RC107,15,RC,1,6,OPTIMAL,0.8029,1,0,0,0,1,0.0,0.0,0.0,0.8029,90,2.0,0.5,1.0
015_RC107,15,RC,1,7,OPTIMAL,8.9701,1,0,0,0,1,0.0,0.0,0.0,8.9701,90,2.0,0.5,1.0
015_RC107,15,RC,1,8,OPTIMAL,8.109,1,0,0,0,1,0.0,0.0,0.0,8.109,90,2.0,0.5,1.0
015_RC107,15,RC,1,9,OPTIMAL,0.0014,1,0,0,0,1,0.0,0.0,0.0,0.0014,90,2.0,0.5,1.0
015_RC107,15,RC,2,0,OPTIMAL,6.0066,2,0,0,0,2,0.0,0.0,0.0,6.0066,90,2.0,0.5,1.0
015_RC107,15,RC,2,1,OPTIMAL,3.6281,2,0,0,0,2,0.0,0.0,0.0,3.6281,90,2.0,0.5,1.0
015_RC107,15,RC,2,2,OPTIMAL,0.3409,2,0,0,0,2,0.0,0.0,0.0,0.3409,90,2.0,0.5,1.0
015_RC107,15,RC,2,3,OPTIMAL,39.8381,2,0,0,0,2,0.0,0.0,0.0,39.8381,90,2.0,0.5,1.0
015_RC107,15,RC,2,4,OPTIMAL,152.4013,2,1,1,0,1,0.5,149.0705,0.0,3.3308,90,2.0,0.5,1.0
015_RC107,15,RC,2,5,OPTIMAL,0.9763,2,0,0,0,2,0.0,0.0,0.0,0.9763,90,2.0,0.5,1.0
015_RC107,15,RC,2,6,OPTIMAL,184.812,2,1,1,0,1,0.5,184.5448,0.0,0.2672,90,2.0,0.5,1.0
015_RC107,15,RC,2,7,OPTIMAL,6.1721,2,0,0,0,2,0.0,0.0,0.0,6.1721,90,2.0,0.5,1.0
015_RC107,15,RC,2,8,OPTIMAL,163.6202,2,1,1,0,1,0.5,163.5033,0.0,0.1168,90,2.0,0.5,1.0
015_RC107,15,RC,2,9,OPTIMAL,16.2138,2,0,0,0,2,0.0,0.0,0.0,16.2138,90,2.0,0.5,1.0
015_RC107,15,RC,3,0,OPTIMAL,170.9522,3,1,1,0,2,0.3333,166.1472,0.0,4.8051,90,2.0,0.5,1.0
015_RC107,15,RC,3,1,OPTIMAL,263.6312,3,2,2,0,1,0.6667,260.6485,0.0,2.9827,90,2.0,0.5,1.0
015_RC107,15,RC,3,2,OPTIMAL,8.6337,3,0,0,0,3,0.0,0.0,0.0,8.6337,90,2.0,0.5,1.0
015_RC107,15,RC,3,3,OPTIMAL,17.3651,3,0,0,0,3,0.0,0.0,0.0,17.3651,90,2.0,0.5,1.0
015_RC107,15,RC,3,4,OPTIMAL,143.1093,3,1,1,0,2,0.3333,138.6229,0.0,4.4864,90,2.0,0.5,1.0
015_RC107,15,RC,3,5,OPTIMAL,164.4561,3,1,1,0,2,0.3333,148.9047,0.0,15.5514,90,2.0,0.5,1.0
015_RC107,15,RC,3,6,OPTIMAL,90.4038,3,0,0,0,3,0.0,0.0,0.0,90.4038,90,2.0,0.5,1.0
015_RC107,15,RC,3,7,OPTIMAL,329.6581,3,2,1,1,1,0.6667,313.2943,0.0,16.3637,90,2.0,0.5,1.0
015_RC107,15,RC,3,8,OPTIMAL,181.9868,3,1,1,0,2,0.3333,166.0717,0.0,15.9151,90,2.0,0.5,1.0
015_RC107,15,RC,3,9,OPTIMAL,140.5872,3,1,1,0,2,0.3333,129.408,0.0,11.1792,90,2.0,0.5,1.0
015_RC108,15,RC,1,0,OPTIMAL,9.9233,1,0,0,0,1,0.0,0.0,0.0,9.9233,90,2.0,0.5,1.0
015_RC108,15,RC,1,1,OPTIMAL,1.137,1,0,0,0,1,0.0,0.0,0.0,1.137,90,2.0,0.5,1.0
015_RC108,15,RC,1,2,OPTIMAL,17.5314,1,0,0,0,1,0.0,0.0,0.0,17.5314,90,2.0,0.5,1.0
015_RC108,15,RC,1,3,OPTIMAL,9.6692,1,0,0,0,1,0.0,0.0,0.0,9.6692,90,2.0,0.5,1.0
015_RC108,15,RC,1,4,OPTIMAL,10.9101,1,0,0,0,1,0.0,0.0,0.0,10.9101,90,2.0,0.5,1.0
015_RC108,15,RC,1,5,OPTIMAL,42.4244,1,0,0,0,1,0.0,0.0,0.0,42.4244,90,2.0,0.5,1.0
015_RC108,15,RC,1,6,OPTIMAL,1.971,1,0,0,0,1,0.0,0.0,0.0,1.971,90,2.0,0.5,1.0
015_RC108,15,RC,1,7,OPTIMAL,5.3106,1,0,0,0,1,0.0,0.0,0.0,5.3106,90,2.0,0.5,1.0
015_RC108,15,RC,1,8,OPTIMAL,0.1487,1,0,0,0,1,0.0,0.0,0.0,0.1487,90,2.0,0.5,1.0
015_RC108,15,RC,1,9,OPTIMAL,0.9657,1,0,0,0,1,0.0,0.0,0.0,0.9657,90,2.0,0.5,1.0
015_RC108,15,RC,2,0,OPTIMAL,4.6403,2,0,0,0,2,0.0,0.0,0.0,4.6403,90,2.0,0.5,1.0
015_RC108,15,RC,2,1,OPTIMAL,3.6346,2,0,0,0,2,0.0,0.0,0.0,3.6346,90,2.0,0.5,1.0
015_RC108,15,RC,2,2,OPTIMAL,40.2899,2,0,0,0,2,0.0,0.0,0.0,40.2899,90,2.0,0.5,1.0
015_RC108,15,RC,2,3,OPTIMAL,141.0859,2,1,1,0,1,0.5,140.9789,0.0,0.107,90,2.0,0.5,1.0
015_RC108,15,RC,2,4,OPTIMAL,2.7873,2,0,0,0,2,0.0,0.0,0.0,2.7873,90,2.0,0.5,1.0
015_RC108,15,RC,2,5,OPTIMAL,134.588,2,1,1,0,1,0.5,130.4132,0.0,4.1748,90,2.0,0.5,1.0
015_RC108,15,RC,2,6,OPTIMAL,46.235,2,0,0,0,2,0.0,0.0,0.0,46.235,90,2.0,0.5,1.0
015_RC108,15,RC,2,7,OPTIMAL,6.3378,2,0,0,0,2,0.0,0.0,0.0,6.3378,90,2.0,0.5,1.0
015_RC108,15,RC,2,8,OPTIMAL,163.9289,2,1,1,0,1,0.5,163.5033,0.0,0.4255,90,2.0,0.5,1.0
015_RC108,15,RC,2,9,OPTIMAL,33.3657,2,0,0,0,2,0.0,0.0,0.0,33.3657,90,2.0,0.5,1.0
015_RC108,15,RC,3,0,OPTIMAL,60.8359,3,0,0,0,3,0.0,0.0,0.0,60.8359,90,2.0,0.5,1.0
015_RC108,15,RC,3,1,OPTIMAL,267.2302,3,2,2,0,1,0.6667,260.6485,0.0,6.5818,90,2.0,0.5,1.0
015_RC108,15,RC,3,2,OPTIMAL,162.1744,3,1,1,0,2,0.3333,150.6163,0.0,11.5582,90,2.0,0.5,1.0
015_RC108,15,RC,3,3,OPTIMAL,52.631,3,0,0,0,3,0.0,0.0,0.0,52.631,90,2.0,0.5,1.0
015_RC108,15,RC,3,4,OPTIMAL,145.0473,3,1,1,0,2,0.3333,138.6229,0.0,6.4244,90,2.0,0.5,1.0
015_RC108,15,RC,3,5,OPTIMAL,171.097,3,1,1,0,2,0.3333,170.7053,0.0,0.3917,90,2.0,0.5,1.0
015_RC108,15,RC,3,6,OPTIMAL,6.1216,3,0,0,0,3,0.0,0.0,0.0,6.1216,90,2.0,0.5,1.0
015_RC108,15,RC,3,7,OPTIMAL,199.0094,3,1,1,0,2,0.3333,175.2298,0.0,23.7796,90,2.0,0.5,1.0
015_RC108,15,RC,3,8,OPTIMAL,193.4922,3,1,1,0,2,0.3333,166.0717,0.0,27.4205,90,2.0,0.5,1.0
015_RC108,15,RC,3,9,OPTIMAL,298.3787,3,2,2,0,1,0.6667,297.044,0.0,1.3347,90,2.0,0.5,1.0
015_RC201,15,RC,1,0,OPTIMAL,183.1271,1,1,1,0,0,1.0,183.1271,0.0,0.0,90,2.0,0.5,1.0
015_RC201,15,RC,1,1,OPTIMAL,0.6209,1,0,0,0,1,0.0,0.0,0.0,0.6209,90,2.0,0.5,1.0
015_RC201,15,RC,1,2,OPTIMAL,42.4068,1,0,0,0,1,0.0,0.0,0.0,42.4068,90,2.0,0.5,1.0
015_RC201,15,RC,1,3,OPTIMAL,144.2568,1,1,1,0,0,1.0,144.2568,0.0,0.0,90,2.0,0.5,1.0
015_RC201,15,RC,1,4,OPTIMAL,150.7183,1,1,1,0,0,1.0,150.7183,0.0,0.0,90,2.0,0.5,1.0
015_RC201,15,RC,1,5,OPTIMAL,0.5369,1,0,0,0,1,0.0,0.0,0.0,0.5369,90,2.0,0.5,1.0
015_RC201,15,RC,1,6,OPTIMAL,123.6336,1,1,1,0,0,1.0,123.6336,0.0,0.0,90,2.0,0.5,1.0
015_RC201,15,RC,1,7,OPTIMAL,162.7824,1,1,1,0,0,1.0,162.7824,0.0,0.0,90,2.0,0.5,1.0
015_RC201,15,RC,1,8,OPTIMAL,125.7591,1,1,1,0,0,1.0,125.7591,0.0,0.0,90,2.0,0.5,1.0
015_RC201,15,RC,1,9,OPTIMAL,0.9657,1,0,0,0,1,0.0,0.0,0.0,0.9657,90,2.0,0.5,1.0
015_RC201,15,RC,2,0,OPTIMAL,141.6967,2,1,1,0,1,0.5,130.9714,0.0,10.7253,90,2.0,0.5,1.0
015_RC201,15,RC,2,1,OPTIMAL,173.8688,2,1,1,0,1,0.5,172.8508,0.0,1.018,90,2.0,0.5,1.0
015_RC201,15,RC,2,2,OPTIMAL,140.9846,2,1,1,0,1,0.5,140.8423,0.0,0.1423,90,2.0,0.5,1.0
015_RC201,15,RC,2,3,OPTIMAL,147.0149,2,1,1,0,1,0.5,146.8084,0.0,0.2065,90,2.0,0.5,1.0
015_RC201,15,RC,2,4,OPTIMAL,183.6552,2,1,1,0,1,0.5,149.0705,0.0,34.5847,90,2.0,0.5,1.0
015_RC201,15,RC,2,5,OPTIMAL,126.2389,2,1,1,0,1,0.5,126.2345,0.0,0.0044,90,2.0,0.5,1.0
015_RC201,15,RC,2,6,OPTIMAL,327.5675,2,2,2,0,0,1.0,327.5675,0.0,0.0,90,2.0,0.5,1.0
015_RC201,15,RC,2,7,OPTIMAL,264.4826,2,2,2,0,0,1.0,264.4826,0.0,0.0,90,2.0,0.5,1.0
015_RC201,15,RC,2,8,OPTIMAL,320.2693,2,2,2,0,0,1.0,320.2693,0.0,0.0,90,2.0,0.5,1.0
015_RC201,15,RC,2,9,OPTIMAL,166.889,2,1,1,0,1,0.5,151.2493,0.0,15.6397,90,2.0,0.5,1.0
015_RC201,15,RC,3,0,OPTIMAL,434.1217,3,3,3,0,0,1.0,434.1217,0.0,0.0,90,2.0,0.5,1.0
015_RC201,15,RC,3,1,OPTIMAL,263.6312,3,2,2,0,1,0.6667,260.6485,0.0,2.9827,90,2.0,0.5,1.0
015_RC201,15,RC,3,2,OPTIMAL,150.8605,3,1,1,0,2,0.3333,140.5537,0.0,10.3068,90,2.0,0.5,1.0
015_RC201,15,RC,3,3,OPTIMAL,166.6646,3,1,1,0,2,0.3333,156.036,0.0,10.6286,90,2.0,0.5,1.0
015_RC201,15,RC,3,4,OPTIMAL,142.2367,3,1,1,0,2,0.3333,138.6229,0.0,3.6138,90,2.0,0.5,1.0
015_RC201,15,RC,3,5,OPTIMAL,321.897,3,2,2,0,1,0.6667,319.61,0.0,2.287,90,2.0,0.5,1.0
015_RC201,15,RC,3,6,OPTIMAL,173.4281,3,1,0,1,2,0.3333,129.2979,0.0,44.1302,90,2.0,0.5,1.0
015_RC201,15,RC,3,7,OPTIMAL,471.7091,3,3,3,0,0,1.0,471.7091,0.0,0.0,90,2.0,0.5,1.0
015_RC201,15,RC,3,8,OPTIMAL,316.6945,3,2,2,0,1,0.6667,302.7176,0.0,13.9769,90,2.0,0.5,1.0
015_RC201,15,RC,3,9,OPTIMAL,270.8339,3,2,2,0,1,0.6667,261.4343,0.0,9.3996,90,2.0,0.5,1.0
015_RC202,15,RC,1,0,OPTIMAL,183.1271,1,1,1,0,0,1.0,183.1271,0.0,0.0,90,2.0,0.5,1.0
015_RC202,15,RC,1,1,OPTIMAL,119.9352,1,1,0,1,0,1.0,119.9352,0.0,0.0,90,2.0,0.5,1.0
015_RC202,15,RC,1,2,OPTIMAL,42.4068,1,0,0,0,1,0.0,0.0,0.0,42.4068,90,2.0,0.5,1.0
015_RC202,15,RC,1,3,OPTIMAL,144.2568,1,1,1,0,0,1.0,144.2568,0.0,0.0,90,2.0,0.5,1.0
015_RC202,15,RC,1,4,OPTIMAL,150.7183,1,1,1,0,0,1.0,150.7183,0.0,0.0,90,2.0,0.5,1.0
015_RC202,15,RC,1,5,OPTIMAL,138.8048,1,1,0,1,0,1.0,138.8048,0.0,0.0,90,2.0,0.5,1.0
015_RC202,15,RC,1,6,OPTIMAL,123.6336,1,1,1,0,0,1.0,123.6336,0.0,0.0,90,2.0,0.5,1.0
015_RC202,15,RC,1,7,OPTIMAL,162.7824,1,1,1,0,0,1.0,162.7824,0.0,0.0,90,2.0,0.5,1.0
015_RC202,15,RC,1,8,OPTIMAL,27.7227,1,0,0,0,1,0.0,0.0,0.0,27.7227,90,2.0,0.5,1.0
015_RC202,15,RC,1,9,OPTIMAL,125.3748,1,1,1,0,0,1.0,125.3748,0.0,0.0,90,2.0,0.5,1.0
015_RC202,15,RC,2,0,OPTIMAL,141.6967,2,1,1,0,1,0.5,130.9714,0.0,10.7253,90,2.0,0.5,1.0
015_RC202,15,RC,2,1,OPTIMAL,286.002,2,2,2,0,0,1.0,286.002,0.0,0.0,90,2.0,0.5,1.0
015_RC202,15,RC,2,2,OPTIMAL,269.8328,2,2,1,1,0,1.0,269.8328,0.0,0.0,90,2.0,0.5,1.0
015_RC202,15,RC,2,3,OPTIMAL,287.7874,2,2,1,1,0,1.0,287.7874,0.0,0.0,90,2.0,0.5,1.0
015_RC202,15,RC,2,4,OPTIMAL,183.6552,2,1,1,0,1,0.5,149.0705,0.0,34.5847,90,2.0,0.5,1.0
015_RC202,15,RC,2,5,OPTIMAL,256.6476,2,2,1,1,0,1.0,256.6476,0.0,0.0,90,2.0,0.5,1.0
015_RC202,15,RC,2,6,OPTIMAL,327.5675,2,2,2,0,0,1.0,327.5675,0.0,0.0,90,2.0,0.5,1.0
015_RC202,15,RC,2,7,OPTIMAL,264.4826,2,2,2,0,0,1.0,264.4826,0.0,0.0,90,2.0,0.5,1.0
015_RC202,15,RC,2,8,OPTIMAL,320.2693,2,2,2,0,0,1.0,320.2693,0.0,0.0,90,2.0,0.5,1.0
015_RC202,15,RC,2,9,OPTIMAL,166.889,2,1,1,0,1,0.5,151.2493,0.0,15.6397,90,2.0,0.5,1.0
015_RC202,15,RC,3,0,OPTIMAL,434.1217,3,3,3,0,0,1.0,434.1217,0.0,0.0,90,2.0,0.5,1.0
015_RC202,15,RC,3,1,OPTIMAL,263.6312,3,2,2,0,1,0.6667,260.6485,0.0,2.9827,90,2.0,0.5,1.0
015_RC202,15,RC,3,2,OPTIMAL,413.7755,3,3,2,1,0,1.0,413.7755,0.0,0.0,90,2.0,0.5,1.0
015_RC202,15,RC,3,3,OPTIMAL,310.8167,3,2,2,0,1,0.6667,303.3069,0.0,7.5098,90,2.0,0.5,1.0
015_RC202,15,RC,3,4,OPTIMAL,146.2796,3,1,1,0,2,0.3333,138.6229,0.0,7.6567,90,2.0,0.5,1.0
015_RC202,15,RC,3,5,OPTIMAL,351.9943,3,2,2,0,1,0.6667,319.61,0.0,32.3843,90,2.0,0.5,1.0
015_RC202,15,RC,3,6,OPTIMAL,314.9564,3,2,1,1,1,0.6667,272.2766,0.0,42.6798,90,2.0,0.5,1.0
015_RC202,15,RC,3,7,OPTIMAL,300.1144,3,2,2,0,1,0.6667,296.4793,0.0,3.6351,90,2.0,0.5,1.0
015_RC202,15,RC,3,8,OPTIMAL,186.7704,3,1,1,0,2,0.3333,166.0717,0.0,20.6987,90,2.0,0.5,1.0
015_RC202,15,RC,3,9,OPTIMAL,429.0702,3,3,3,0,0,1.0,429.0702,0.0,0.0,90,2.0,0.5,1.0
015_RC203,15,RC,1,0,OPTIMAL,183.1271,1,1,1,0,0,1.0,183.1271,0.0,0.0,90,2.0,0.5,1.0
015_RC203,15,RC,1,1,OPTIMAL,0.6209,1,0,0,0,1,0.0,0.0,0.0,0.6209,90,2.0,0.5,1.0
015_RC203,15,RC,1,2,OPTIMAL,139.268,1,1,1,0,0,1.0,139.268,0.0,0.0,90,2.0,0.5,1.0
015_RC203,15,RC,1,3,OPTIMAL,144.2568,1,1,1,0,0,1.0,144.2568,0.0,0.0,90,2.0,0.5,1.0
015_RC203,15,RC,1,4,OPTIMAL,150.7183,1,1,1,0,0,1.0,150.7183,0.0,0.0,90,2.0,0.5,1.0
015_RC203,15,RC,1,5,OPTIMAL,138.8048,1,1,0,1,0,1.0,138.8048,0.0,0.0,90,2.0,0.5,1.0
015_RC203,15,RC,1,6,OPTIMAL,123.6336,1,1,1,0,0,1.0,123.6336,0.0,0.0,90,2.0,0.5,1.0
015_RC203,15,RC,1,7,OPTIMAL,162.7824,1,1,1,0,0,1.0,162.7824,0.0,0.0,90,2.0,0.5,1.0
015_RC203,15,RC,1,8,OPTIMAL,65.1724,1,0,0,0,1,0.0,0.0,0.0,65.1724,90,2.0,0.5,1.0
015_RC203,15,RC,1,9,OPTIMAL,125.3748,1,1,1,0,0,1.0,125.3748,0.0,0.0,90,2.0,0.5,1.0
015_RC203,15,RC,2,0,OPTIMAL,310.0361,2,2,2,0,0,1.0,310.0361,0.0,0.0,90,2.0,0.5,1.0
015_RC203,15,RC,2,1,OPTIMAL,286.002,2,2,2,0,0,1.0,286.002,0.0,0.0,90,2.0,0.5,1.0
015_RC203,15,RC,2,2,OPTIMAL,269.8328,2,2,1,1,0,1.0,269.8328,0.0,0.0,90,2.0,0.5,1.0
015_RC203,15,RC,2,3,OPTIMAL,287.7874,2,2,1,1,0,1.0,287.7874,0.0,0.0,90,2.0,0.5,1.0
015_RC203,15,RC,2,4,OPTIMAL,280.3874,2,2,2,0,0,1.0,280.3874,0.0,0.0,90,2.0,0.5,1.0
015_RC203,15,RC,2,5,OPTIMAL,256.6476,2,2,1,1,0,1.0,256.6476,0.0,0.0,90,2.0,0.5,1.0
015_RC203,15,RC,2,6,OPTIMAL,327.5675,2,2,2,0,0,1.0,327.5675,0.0,0.0,90,2.0,0.5,1.0
015_RC203,15,RC,2,7,OPTIMAL,264.4826,2,2,2,0,0,1.0,264.4826,0.0,0.0,90,2.0,0.5,1.0
015_RC203,15,RC,2,8,OPTIMAL,320.2693,2,2,2,0,0,1.0,320.2693,0.0,0.0,90,2.0,0.5,1.0
015_RC203,15,RC,2,9,OPTIMAL,321.4324,2,2,2,0,0,1.0,321.4324,0.0,0.0,90,2.0,0.5,1.0
015_RC203,15,RC,3,0,OPTIMAL,434.1217,3,3,3,0,0,1.0,434.1217,0.0,0.0,90,2.0,0.5,1.0
015_RC203,15,RC,3,1,OPTIMAL,434.7325,3,3,3,0,0,1.0,434.7325,0.0,0.0,90,2.0,0.5,1.0
015_RC203,15,RC,3,2,OPTIMAL,413.7755,3,3,2,1,0,1.0,413.7755,0.0,0.0,90,2.0,0.5,1.0
015_RC203,15,RC,3,3,OPTIMAL,490.4133,3,3,3,0,0,1.0,490.4133,0.0,0.0,90,2.0,0.5,1.0
015_RC203,15,RC,3,4,OPTIMAL,147.6455,3,1,1,0,2,0.3333,138.6229,0.0,9.0226,90,2.0,0.5,1.0
015_RC203,15,RC,3,5,OPTIMAL,321.897,3,2,2,0,1,0.6667,319.61,0.0,2.287,90,2.0,0.5,1.0
015_RC203,15,RC,3,6,OPTIMAL,314.9564,3,2,1,1,1,0.6667,272.2766,0.0,42.6798,90,2.0,0.5,1.0
015_RC203,15,RC,3,7,OPTIMAL,296.8586,3,2,2,0,1,0.6667,296.4793,0.0,0.3793,90,2.0,0.5,1.0
015_RC203,15,RC,3,8,OPTIMAL,181.1968,3,1,1,0,2,0.3333,166.0717,0.0,15.1251,90,2.0,0.5,1.0
015_RC203,15,RC,3,9,OPTIMAL,429.0702,3,3,3,0,0,1.0,429.0702,0.0,0.0,90,2.0,0.5,1.0
015_RC204,15,RC,1,0,OPTIMAL,183.1271,1,1,1,0,0,1.0,183.1271,0.0,0.0,90,2.0,0.5,1.0
015_RC204,15,RC,1,1,OPTIMAL,0.6209,1,0,0,0,1,0.0,0.0,0.0,0.6209,90,2.0,0.5,1.0
015_RC204,15,RC,1,2,OPTIMAL,139.268,1,1,1,0,0,1.0,139.268,0.0,0.0,90,2.0,0.5,1.0
015_RC204,15,RC,1,3,OPTIMAL,144.2568,1,1,1,0,0,1.0,144.2568,0.0,0.0,90,2.0,0.5,1.0
015_RC204,15,RC,1,4,OPTIMAL,150.7183,1,1,1,0,0,1.0,150.7183,0.0,0.0,90,2.0,0.5,1.0
015_RC204,15,RC,1,5,OPTIMAL,138.8048,1,1,0,1,0,1.0,138.8048,0.0,0.0,90,2.0,0.5,1.0
015_RC204,15,RC,1,6,OPTIMAL,123.6336,1,1,1,0,0,1.0,123.6336,0.0,0.0,90,2.0,0.5,1.0
015_RC204,15,RC,1,7,OPTIMAL,162.7824,1,1,1,0,0,1.0,162.7824,0.0,0.0,90,2.0,0.5,1.0
015_RC204,15,RC,1,8,OPTIMAL,18.9044,1,0,0,0,1,0.0,0.0,0.0,18.9044,90,2.0,0.5,1.0
015_RC204,15,RC,1,9,OPTIMAL,125.3748,1,1,1,0,0,1.0,125.3748,0.0,0.0,90,2.0,0.5,1.0
015_RC204,15,RC,2,0,OPTIMAL,310.0361,2,2,2,0,0,1.0,310.0361,0.0,0.0,90,2.0,0.5,1.0
015_RC204,15,RC,2,1,OPTIMAL,286.002,2,2,2,0,0,1.0,286.002,0.0,0.0,90,2.0,0.5,1.0
015_RC204,15,RC,2,2,OPTIMAL,269.8328,2,2,1,1,0,1.0,269.8328,0.0,0.0,90,2.0,0.5,1.0
015_RC204,15,RC,2,3,OPTIMAL,287.7874,2,2,1,1,0,1.0,287.7874,0.0,0.0,90,2.0,0.5,1.0
015_RC204,15,RC,2,4,OPTIMAL,280.3874,2,2,2,0,0,1.0,280.3874,0.0,0.0,90,2.0,0.5,1.0
015_RC204,15,RC,2,5,OPTIMAL,256.6476,2,2,1,1,0,1.0,256.6476,0.0,0.0,90,2.0,0.5,1.0
015_RC204,15,RC,2,6,OPTIMAL,327.5675,2,2,2,0,0,1.0,327.5675,0.0,0.0,90,2.0,0.5,1.0
015_RC204,15,RC,2,7,OPTIMAL,264.4826,2,2,2,0,0,1.0,264.4826,0.0,0.0,90,2.0,0.5,1.0
015_RC204,15,RC,2,8,OPTIMAL,320.2693,2,2,2,0,0,1.0,320.2693,0.0,0.0,90,2.0,0.5,1.0
015_RC204,15,RC,2,9,OPTIMAL,321.4324,2,2,2,0,0,1.0,321.4324,0.0,0.0,90,2.0,0.5,1.0
015_RC204,15,RC,3,0,OPTIMAL,434.1217,3,3,3,0,0,1.0,434.1217,0.0,0.0,90,2.0,0.5,1.0
015_RC204,15,RC,3,1,OPTIMAL,434.7325,3,3,3,0,0,1.0,434.7325,0.0,0.0,90,2.0,0.5,1.0
015_RC204,15,RC,3,2,OPTIMAL,413.7755,3,3,2,1,0,1.0,413.7755,0.0,0.0,90,2.0,0.5,1.0
015_RC204,15,RC,3,3,OPTIMAL,408.5806,3,2,2,0,1,0.6667,343.1423,0.0,65.4382,90,2.0,0.5,1.0
015_RC204,15,RC,3,4,OPTIMAL,148.5573,3,1,1,0,2,0.3333,138.6229,0.0,9.9344,90,2.0,0.5,1.0
015_RC204,15,RC,3,5,OPTIMAL,321.897,3,2,2,0,1,0.6667,319.61,0.0,2.287,90,2.0,0.5,1.0
015_RC204,15,RC,3,6,OPTIMAL,314.9564,3,2,1,1,1,0.6667,272.2766,0.0,42.6798,90,2.0,0.5,1.0
015_RC204,15,RC,3,7,OPTIMAL,303.641,3,2,2,0,1,0.6667,296.4793,0.0,7.1617,90,2.0,0.5,1.0
015_RC204,15,RC,3,8,OPTIMAL,317.4286,3,2,2,0,1,0.6667,316.2803,0.0,1.1483,90,2.0,0.5,1.0
015_RC204,15,RC,3,9,OPTIMAL,429.0702,3,3,3,0,0,1.0,429.0702,0.0,0.0,90,2.0,0.5,1.0
015_RC205,15,RC,1,0,OPTIMAL,183.1271,1,1,1,0,0,1.0,183.1271,0.0,0.0,90,2.0,0.5,1.0
015_RC205,15,RC,1,1,OPTIMAL,119.9352,1,1,1,0,0,1.0,119.9352,0.0,0.0,90,2.0,0.5,1.0
015_RC205,15,RC,1,2,OPTIMAL,139.268,1,1,1,0,0,1.0,139.268,0.0,0.0,90,2.0,0.5,1.0
015_RC205,15,RC,1,3,OPTIMAL,144.2568,1,1,1,0,0,1.0,144.2568,0.0,0.0,90,2.0,0.5,1.0
015_RC205,15,RC,1,4,OPTIMAL,5.455,1,0,0,0,1,0.0,0.0,0.0,5.455,90,2.0,0.5,1.0
015_RC205,15,RC,1,5,OPTIMAL,138.8048,1,1,1,0,0,1.0,138.8048,0.0,0.0,90,2.0,0.5,1.0
015_RC205,15,RC,1,6,OPTIMAL,123.6336,1,1,1,0,0,1.0,123.6336,0.0,0.0,90,2.0,0.5,1.0
015_RC205,15,RC,1,7,OPTIMAL,162.7824,1,1,1,0,0,1.0,162.7824,0.0,0.0,90,2.0,0.5,1.0
015_RC205,15,RC,1,8,OPTIMAL,9.4522,1,0,0,0,1,0.0,0.0,0.0,9.4522,90,2.0,0.5,1.0
015_RC205,15,RC,1,9,OPTIMAL,125.3748,1,1,1,0,0,1.0,125.3748,0.0,0.0,90,2.0,0.5,1.0
015_RC205,15,RC,2,0,OPTIMAL,310.0361,2,2,2,0,0,1.0,310.0361,0.0,0.0,90,2.0,0.5,1.0
015_RC205,15,RC,2,1,OPTIMAL,175.1352,2,1,1,0,1,0.5,172.8508,0.0,2.2843,90,2.0,0.5,1.0
015_RC205,15,RC,2,2,OPTIMAL,269.8328,2,2,2,0,0,1.0,269.8328,0.0,0.0,90,2.0,0.5,1.0
015_RC205,15,RC,2,3,OPTIMAL,147.0149,2,1,1,0,1,0.5,146.8084,0.0,0.2065,90,2.0,0.5,1.0
015_RC205,15,RC,2,4,OPTIMAL,132.1936,2,1,1,0,1,0.5,131.3169,0.0,0.8767,90,2.0,0.5,1.0
015_RC205,15,RC,2,5,OPTIMAL,126.2389,2,1,1,0,1,0.5,126.2345,0.0,0.0044,90,2.0,0.5,1.0
015_RC205,15,RC,2,6,OPTIMAL,165.9968,2,1,1,0,1,0.5,143.0226,0.0,22.9741,90,2.0,0.5,1.0
015_RC205,15,RC,2,7,OPTIMAL,134.7528,2,1,1,0,1,0.5,134.5871,0.0,0.1657,90,2.0,0.5,1.0
015_RC205,15,RC,2,8,OPTIMAL,168.0664,2,1,1,0,1,0.5,163.5033,0.0,4.5631,90,2.0,0.5,1.0
015_RC205,15,RC,2,9,OPTIMAL,321.4324,2,2,2,0,0,1.0,321.4324,0.0,0.0,90,2.0,0.5,1.0
015_RC205,15,RC,3,0,OPTIMAL,434.1217,3,3,3,0,0,1.0,434.1217,0.0,0.0,90,2.0,0.5,1.0
015_RC205,15,RC,3,1,OPTIMAL,434.7325,3,3,3,0,0,1.0,434.7325,0.0,0.0,90,2.0,0.5,1.0
015_RC205,15,RC,3,2,OPTIMAL,292.443,3,2,2,0,1,0.6667,291.17,0.0,1.273,90,2.0,0.5,1.0
015_RC205,15,RC,3,3,OPTIMAL,490.4133,3,3,3,0,0,1.0,490.4133,0.0,0.0,90,2.0,0.5,1.0
015_RC205,15,RC,3,4,OPTIMAL,172.1929,3,1,1,0,2,0.3333,136.5941,0.0,35.5987,90,2.0,0.5,1.0
015_RC205,15,RC,3,5,OPTIMAL,173.6664,3,1,1,0,2,0.3333,170.7053,0.0,2.9612,90,2.0,0.5,1.0
015_RC205,15,RC,3,6,OPTIMAL,409.4884,3,3,3,0,0,1.0,409.4884,0.0,0.0,90,2.0,0.5,1.0
015_RC205,15,RC,3,7,OPTIMAL,300.1144,3,2,2,0,1,0.6667,296.4793,0.0,3.6351,90,2.0,0.5,1.0
015_RC205,15,RC,3,8,OPTIMAL,209.0201,3,1,1,0,2,0.3333,166.0717,0.0,42.9484,90,2.0,0.5,1.0
015_RC205,15,RC,3,9,OPTIMAL,141.9304,3,1,1,0,2,0.3333,129.408,0.0,12.5224,90,2.0,0.5,1.0
015_RC206,15,RC,1,0,OPTIMAL,183.1271,1,1,1,0,0,1.0,183.1271,0.0,0.0,90,2.0,0.5,1.0
015_RC206,15,RC,1,1,OPTIMAL,119.9352,1,1,1,0,0,1.0,119.9352,0.0,0.0,90,2.0,0.5,1.0
015_RC206,15,RC,1,2,OPTIMAL,139.268,1,1,1,0,0,1.0,139.268,0.0,0.0,90,2.0,0.5,1.0
015_RC206,15,RC,1,3,OPTIMAL,144.2568,1,1,1,0,0,1.0,144.2568,0.0,0.0,90,2.0,0.5,1.0
015_RC206,15,RC,1,4,OPTIMAL,150.7183,1,1,1,0,0,1.0,150.7183,0.0,0.0,90,2.0,0.5,1.0
015_RC206,15,RC,1,5,OPTIMAL,138.8048,1,1,1,0,0,1.0,138.8048,0.0,0.0,90,2.0,0.5,1.0
015_RC206,15,RC,1,6,OPTIMAL,123.6336,1,1,0,1,0,1.0,123.6336,0.0,0.0,90,2.0,0.5,1.0
015_RC206,15,RC,1,7,OPTIMAL,162.7824,1,1,1,0,0,1.0,162.7824,0.0,0.0,90,2.0,0.5,1.0
015_RC206,15,RC,1,8,OPTIMAL,53.2156,1,0,0,0,1,0.0,0.0,0.0,53.2156,90,2.0,0.5,1.0
015_RC206,15,RC,1,9,OPTIMAL,37.8816,1,0,0,0,1,0.0,0.0,0.0,37.8816,90,2.0,0.5,1.0
015_RC206,15,RC,2,0,OPTIMAL,132.8138,2,1,1,0,1,0.5,130.9714,0.0,1.8423,90,2.0,0.5,1.0
015_RC206,15,RC,2,1,OPTIMAL,114.4452,2,1,1,0,1,0.5,113.1511,0.0,1.2941,90,2.0,0.5,1.0
015_RC206,15,RC,2,2,OPTIMAL,269.8328,2,2,1,1,0,1.0,269.8328,0.0,0.0,90,2.0,0.5,1.0
015_RC206,15,RC,2,3,OPTIMAL,287.7874,2,2,2,0,0,1.0,287.7874,0.0,0.0,90,2.0,0.5,1.0
015_RC206,15,RC,2,4,OPTIMAL,280.3874,2,2,2,0,0,1.0,280.3874,0.0,0.0,90,2.0,0.5,1.0
015_RC206,15,RC,2,5,OPTIMAL,132.5006,2,1,1,0,1,0.5,130.4132,0.0,2.0874,90,2.0,0.5,1.0
015_RC206,15,RC,2,6,OPTIMAL,165.9968,2,1,1,0,1,0.5,143.0226,0.0,22.9741,90,2.0,0.5,1.0
015_RC206,15,RC,2,7,OPTIMAL,6.1721,2,0,0,0,2,0.0,0.0,0.0,6.1721,90,2.0,0.5,1.0
015_RC206,15,RC,2,8,OPTIMAL,163.9289,2,1,1,0,1,0.5,163.5033,0.0,0.4255,90,2.0,0.5,1.0
015_RC206,15,RC,2,9,OPTIMAL,321.4324,2,2,2,0,0,1.0,321.4324,0.0,0.0,90,2.0,0.5,1.0
015_RC206,15,RC,3,0,OPTIMAL,312.6191,3,2,2,0,1,0.6667,311.3805,0.0,1.2386,90,2.0,0.5,1.0
015_RC206,15,RC,3,1,OPTIMAL,434.7325,3,3,3,0,0,1.0,434.7325,0.0,0.0,90,2.0,0.5,1.0
015_RC206,15,RC,3,2,OPTIMAL,278.2813,3,2,2,0,1,0.6667,273.2218,0.0,5.0594,90,2.0,0.5,1.0
015_RC206,15,RC,3,3,OPTIMAL,206.5845,3,1,1,0,2,0.3333,156.036,0.0,50.5486,90,2.0,0.5,1.0
015_RC206,15,RC,3,4,OPTIMAL,149.8975,3,1,1,0,2,0.3333,138.6229,0.0,11.2746,90,2.0,0.5,1.0
015_RC206,15,RC,3,5,OPTIMAL,435.9679,3,3,3,0,0,1.0,435.9679,0.0,0.0,90,2.0,0.5,1.0
015_RC206,15,RC,3,6,OPTIMAL,409.4884,3,3,3,0,0,1.0,409.4884,0.0,0.0,90,2.0,0.5,1.0
015_RC206,15,RC,3,7,OPTIMAL,329.6581,3,2,1,1,1,0.6667,313.2943,0.0,16.3637,90,2.0,0.5,1.0
015_RC206,15,RC,3,8,OPTIMAL,317.2494,3,2,2,0,1,0.6667,316.2803,0.0,0.9691,90,2.0,0.5,1.0
015_RC206,15,RC,3,9,OPTIMAL,297.051,3,2,2,0,1,0.6667,297.044,0.0,0.007,90,2.0,0.5,1.0
015_RC207,15,RC,1,0,OPTIMAL,183.1271,1,1,1,0,0,1.0,183.1271,0.0,0.0,90,2.0,0.5,1.0
015_RC207,15,RC,1,1,OPTIMAL,0.0076,1,0,0,0,1,0.0,0.0,0.0,0.0076,90,2.0,0.5,1.0
015_RC207,15,RC,1,2,OPTIMAL,139.268,1,1,1,0,0,1.0,139.268,0.0,0.0,90,2.0,0.5,1.0
015_RC207,15,RC,1,3,OPTIMAL,144.2568,1,1,1,0,0,1.0,144.2568,0.0,0.0,90,2.0,0.5,1.0
015_RC207,15,RC,1,4,OPTIMAL,5.455,1,0,0,0,1,0.0,0.0,0.0,5.455,90,2.0,0.5,1.0
015_RC207,15,RC,1,5,OPTIMAL,138.8048,1,1,1,0,0,1.0,138.8048,0.0,0.0,90,2.0,0.5,1.0
015_RC207,15,RC,1,6,OPTIMAL,123.6336,1,1,0,1,0,1.0,123.6336,0.0,0.0,90,2.0,0.5,1.0
015_RC207,15,RC,1,7,OPTIMAL,162.7824,1,1,1,0,0,1.0,162.7824,0.0,0.0,90,2.0,0.5,1.0
015_RC207,15,RC,1,8,OPTIMAL,41.2965,1,0,0,0,1,0.0,0.0,0.0,41.2965,90,2.0,0.5,1.0
015_RC207,15,RC,1,9,OPTIMAL,37.8816,1,0,0,0,1,0.0,0.0,0.0,37.8816,90,2.0,0.5,1.0
015_RC207,15,RC,2,0,OPTIMAL,101.3191,2,0,0,0,2,0.0,0.0,0.0,101.3191,90,2.0,0.5,1.0
015_RC207,15,RC,2,1,OPTIMAL,114.4452,2,1,1,0,1,0.5,113.1511,0.0,1.2941,90,2.0,0.5,1.0
015_RC207,15,RC,2,2,OPTIMAL,269.8328,2,2,2,0,0,1.0,269.8328,0.0,0.0,90,2.0,0.5,1.0
015_RC207,15,RC,2,3,OPTIMAL,181.9868,2,1,1,0,1,0.5,140.9789,0.0,41.0078,90,2.0,0.5,1.0
015_RC207,15,RC,2,4,OPTIMAL,184.051,2,1,1,0,1,0.5,149.0705,0.0,34.9805,90,2.0,0.5,1.0
015_RC207,15,RC,2,5,OPTIMAL,256.6476,2,2,2,0,0,1.0,256.6476,0.0,0.0,90,2.0,0.5,1.0
015_RC207,15,RC,2,6,OPTIMAL,327.5675,2,2,2,0,0,1.0,327.5675,0.0,0.0,90,2.0,0.5,1.0
015_RC207,15,RC,2,7,OPTIMAL,135.9018,2,1,0,1,1,0.5,129.8955,0.0,6.0064,90,2.0,0.5,1.0
015_RC207,15,RC,2,8,OPTIMAL,171.4915,2,1,1,0,1,0.5,163.5033,0.0,7.9882,90,2.0,0.5,1.0
015_RC207,15,RC,2,9,OPTIMAL,321.4324,2,2,2,0,0,1.0,321.4324,0.0,0.0,90,2.0,0.5,1.0
015_RC207,15,RC,3,0,OPTIMAL,317.3907,3,2,2,0,1,0.6667,311.3805,0.0,6.0103,90,2.0,0.5,1.0
015_RC207,15,RC,3,1,OPTIMAL,263.6312,3,2,2,0,1,0.6667,260.6485,0.0,2.9827,90,2.0,0.5,1.0
015_RC207,15,RC,3,2,OPTIMAL,291.8896,3,2,2,0,1,0.6667,291.17,0.0,0.7196,90,2.0,0.5,1.0
015_RC207,15,RC,3,3,OPTIMAL,187.0708,3,1,1,0,2,0.3333,156.036,0.0,31.0348,90,2.0,0.5,1.0
015_RC207,15,RC,3,4,OPTIMAL,149.8975,3,1,1,0,2,0.3333,138.6229,0.0,11.2746,90,2.0,0.5,1.0
015_RC207,15,RC,3,5,OPTIMAL,435.9679,3,3,3,0,0,1.0,435.9679,0.0,0.0,90,2.0,0.5,1.0
015_RC207,15,RC,3,6,OPTIMAL,316.9476,3,2,2,0,1,0.6667,266.5098,0.0,50.4379,90,2.0,0.5,1.0
015_RC207,15,RC,3,7,OPTIMAL,329.6581,3,2,1,1,1,0.6667,313.2943,0.0,16.3637,90,2.0,0.5,1.0
015_RC207,15,RC,3,8,OPTIMAL,317.2494,3,2,2,0,1,0.6667,316.2803,0.0,0.9691,90,2.0,0.5,1.0
015_RC207,15,RC,3,9,OPTIMAL,297.051,3,2,2,0,1,0.6667,297.044,0.0,0.007,90,2.0,0.5,1.0
015_RC208,15,RC,1,0,OPTIMAL,12.8547,1,0,0,0,1,0.0,0.0,0.0,12.8547,90,2.0,0.5,1.0
015_RC208,15,RC,1,1,OPTIMAL,119.9352,1,1,1,0,0,1.0,119.9352,0.0,0.0,90,2.0,0.5,1.0
015_RC208,15,RC,1,2,OPTIMAL,139.268,1,1,1,0,0,1.0,139.268,0.0,0.0,90,2.0,0.5,1.0
015_RC208,15,RC,1,3,OPTIMAL,144.2568,1,1,1,0,0,1.0,144.2568,0.0,0.0,90,2.0,0.5,1.0
015_RC208,15,RC,1,4,OPTIMAL,150.7183,1,1,1,0,0,1.0,150.7183,0.0,0.0,90,2.0,0.5,1.0
015_RC208,15,RC,1,5,OPTIMAL,138.8048,1,1,1,0,0,1.0,138.8048,0.0,0.0,90,2.0,0.5,1.0
015_RC208,15,RC,1,6,OPTIMAL,123.6336,1,1,1,0,0,1.0,123.6336,0.0,0.0,90,2.0,0.5,1.0
015_RC208,15,RC,1,7,OPTIMAL,162.7824,1,1,1,0,0,1.0,162.7824,0.0,0.0,90,2.0,0.5,1.0
015_RC208,15,RC,1,8,OPTIMAL,9.4522,1,0,0,0,1,0.0,0.0,0.0,9.4522,90,2.0,0.5,1.0
015_RC208,15,RC,1,9,OPTIMAL,125.3748,1,1,1,0,0,1.0,125.3748,0.0,0.0,90,2.0,0.5,1.0
015_RC208,15,RC,2,0,OPTIMAL,310.0361,2,2,2,0,0,1.0,310.0361,0.0,0.0,90,2.0,0.5,1.0
015_RC208,15,RC,2,1,OPTIMAL,172.9205,2,1,1,0,1,0.5,172.8508,0.0,0.0697,90,2.0,0.5,1.0
015_RC208,15,RC,2,2,OPTIMAL,269.8328,2,2,1,1,0,1.0,269.8328,0.0,0.0,90,2.0,0.5,1.0
015_RC208,15,RC,2,3,OPTIMAL,287.7874,2,2,2,0,0,1.0,287.7874,0.0,0.0,90,2.0,0.5,1.0
015_RC208,15,RC,2,4,OPTIMAL,280.3874,2,2,2,0,0,1.0,280.3874,0.0,0.0,90,2.0,0.5,1.0
015_RC208,15,RC,2,5,OPTIMAL,256.6476,2,2,2,0,0,1.0,256.6476,0.0,0.0,90,2.0,0.5,1.0
015_RC208,15,RC,2,6,OPTIMAL,327.5675,2,2,2,0,0,1.0,327.5675,0.0,0.0,90,2.0,0.5,1.0
015_RC208,15,RC,2,7,OPTIMAL,264.4826,2,2,2,0,0,1.0,264.4826,0.0,0.0,90,2.0,0.5,1.0
015_RC208,15,RC,2,8,OPTIMAL,171.4915,2,1,1,0,1,0.5,163.5033,0.0,7.9882,90,2.0,0.5,1.0
015_RC208,15,RC,2,9,OPTIMAL,321.4324,2,2,2,0,0,1.0,321.4324,0.0,0.0,90,2.0,0.5,1.0
015_RC208,15,RC,3,0,OPTIMAL,434.1217,3,3,3,0,0,1.0,434.1217,0.0,0.0,90,2.0,0.5,1.0
015_RC208,15,RC,3,1,OPTIMAL,434.7325,3,3,3,0,0,1.0,434.7325,0.0,0.0,90,2.0,0.5,1.0
015_RC208,15,RC,3,2,OPTIMAL,291.8896,3,2,2,0,1,0.6667,291.17,0.0,0.7196,90,2.0,0.5,1.0
015_RC208,15,RC,3,3,OPTIMAL,490.4133,3,3,3,0,0,1.0,490.4133,0.0,0.0,90,2.0,0.5,1.0
015_RC208,15,RC,3,4,OPTIMAL,307.4989,3,2,2,0,1,0.6667,275.217,0.0,32.2818,90,2.0,0.5,1.0
015_RC208,15,RC,3,5,OPTIMAL,319.6833,3,2,2,0,1,0.6667,319.61,0.0,0.0733,90,2.0,0.5,1.0
015_RC208,15,RC,3,6,OPTIMAL,409.4884,3,3,3,0,0,1.0,409.4884,0.0,0.0,90,2.0,0.5,1.0
015_RC208,15,RC,3,7,OPTIMAL,300.1144,3,2,2,0,1,0.6667,296.4793,0.0,3.6351,90,2.0,0.5,1.0
015_RC208,15,RC,3,8,OPTIMAL,317.2494,3,2,2,0,1,0.6667,316.2803,0.0,0.9691,90,2.0,0.5,1.0
015_RC208,15,RC,3,9,OPTIMAL,429.0702,3,3,3,0,0,1.0,429.0702,0.0,0.0,90,2.0,0.5,1.0
025_C101,25,C,2,0,OPTIMAL,51.3978,2,0,0,0,2,0.0,0.0,0.0,51.3978,90,2.0,0.5,1.0
025_C101,25,C,2,1,OPTIMAL,174.8925,2,1,1,0,1,0.5,162.0751,0.0,12.8174,90,2.0,0.5,1.0
025_C101,25,C,2,2,OPTIMAL,88.023,2,1,1,0,1,0.5,85.0736,0.0,2.9494,90,2.0,0.5,1.0
025_C101,25,C,2,3,OPTIMAL,16.8147,2,0,0,0,2,0.0,0.0,0.0,16.8147,90,2.0,0.5,1.0
025_C101,25,C,2,4,OPTIMAL,4.1965,2,0,0,0,2,0.0,0.0,0.0,4.1965,90,2.0,0.5,1.0
025_C101,25,C,2,5,OPTIMAL,139.7779,2,1,1,0,1,0.5,135.4257,0.0,4.3522,90,2.0,0.5,1.0
025_C101,25,C,2,6,OPTIMAL,14.2702,2,0,0,0,2,0.0,0.0,0.0,14.2702,90,2.0,0.5,1.0
025_C101,25,C,2,7,OPTIMAL,197.329,2,1,1,0,1,0.5,150.4779,0.0,46.851,90,2.0,0.5,1.0
025_C101,25,C,2,8,OPTIMAL,142.9665,2,1,1,0,1,0.5,139.6313,0.0,3.3353,90,2.0,0.5,1.0
025_C101,25,C,2,9,OPTIMAL,14.8221,2,0,0,0,2,0.0,0.0,0.0,14.8221,90,2.0,0.5,1.0
025_C101,25,C,4,0,OPTIMAL,209.9464,4,2,2,0,2,0.5,206.1857,0.0,3.7607,90,2.0,0.5,1.0
025_C101,25,C,4,1,OPTIMAL,182.9731,4,1,1,0,3,0.25,155.9792,0.0,26.9939,90,2.0,0.5,1.0
025_C101,25,C,4,2,OPTIMAL,165.8169,4,1,1,0,3,0.25,146.1775,0.0,19.6394,90,2.0,0.5,1.0
025_C101,25,C,4,3,OPTIMAL,190.573,4,2,2,0,2,0.5,143.4096,0.0,47.1634,90,2.0,0.5,1.0
025_C101,25,C,4,4,OPTIMAL,295.849,4,2,2,0,2,0.5,286.8387,0.0,9.0104,90,2.0,0.5,1.0
025_C101,25,C,4,5,OPTIMAL,377.8085,4,3,3,0,1,0.75,377.1614,0.0,0.6471,90,2.0,0.5,1.0
025_C101,25,C,4,6,OPTIMAL,213.7678,4,2,2,0,2,0.5,208.1061,0.0,5.6616,90,2.0,0.5,1.0
025_C101,25,C,4,7,OPTIMAL,176.9572,4,2,1,1,2,0.5,169.1274,0.0,7.8298,90,2.0,0.5,1.0
025_C101,25,C,4,8,OPTIMAL,439.1004,4,3,3,0,1,0.75,432.4311,0.0,6.6693,90,2.0,0.5,1.0
025_C101,25,C,4,9,OPTIMAL,152.517,4,1,1,0,3,0.25,142.7415,0.0,9.7755,90,2.0,0.5,1.0
025_C101,25,C,6,0,OPTIMAL,216.7223,6,2,2,0,4,0.3333,166.1887,0.0,50.5336,90,2.0,0.5,1.0
025_C101,25,C,6,1,OPTIMAL,347.9414,6,3,3,0,3,0.5,340.7782,0.0,7.1633,90,2.0,0.5,1.0
025_C101,25,C,6,2,OPTIMAL,346.9189,6,3,3,0,3,0.5,326.9592,0.0,19.9597,90,2.0,0.5,1.0
025_C101,25,C,6,3,OPTIMAL,229.407,6,2,2,0,4,0.3333,210.852,0.0,18.555,90,2.0,0.5,1.0
025_C101,25,C,6,4,OPTIMAL,171.3741,6,2,2,0,4,0.3333,145.8351,0.0,25.5389,90,2.0,0.5,1.0
025_C101,25,C,6,5,OPTIMAL,104.6937,6,1,1,0,5,0.1667,79.9634,0.0,24.7302,90,2.0,0.5,1.0
025_C101,25,C,6,6,OPTIMAL,132.8086,6,1,1,0,5,0.1667,83.1098,0.0,49.6989,90,2.0,0.5,1.0
025_C101,25,C,6,7,OPTIMAL,25.2399,6,0,0,0,6,0.0,0.0,0.0,25.2399,90,2.0,0.5,1.0
025_C101,25,C,6,8,OPTIMAL,341.5404,6,2,2,0,4,0.3333,313.7459,0.0,27.7945,90,2.0,0.5,1.0
025_C101,25,C,6,9,OPTIMAL,154.6603,6,2,1,1,4,0.3333,128.5644,0.0,26.0959,90,2.0,0.5,1.0
025_C102,25,C,2,0,OPTIMAL,170.2009,2,1,1,0,1,0.5,151.8286,0.0,18.3723,90,2.0,0.5,1.0
025_C102,25,C,2,1,OPTIMAL,174.8925,2,1,1,0,1,0.5,162.0751,0.0,12.8174,90,2.0,0.5,1.0
025_C102,25,C,2,2,OPTIMAL,88.023,2,1,1,0,1,0.5,85.0736,0.0,2.9494,90,2.0,0.5,1.0
025_C102,25,C,2,3,OPTIMAL,86.3669,2,1,0,1,1,0.5,36.7821,0.0,49.5849,90,2.0,0.5,1.0
025_C102,25,C,2,4,OPTIMAL,11.3058,2,0,0,0,2,0.0,0.0,0.0,11.3058,90,2.0,0.5,1.0
025_C102,25,C,2,5,OPTIMAL,139.7779,2,1,1,0,1,0.5,135.4257,0.0,4.3522,90,2.0,0.5,1.0
025_C102,25,C,2,6,OPTIMAL,14.2702,2,0,0,0,2,0.0,0.0,0.0,14.2702,90,2.0,0.5,1.0
025_C102,25,C,2,7,OPTIMAL,197.329,2,1,1,0,1,0.5,150.4779,0.0,46.851,90,2.0,0.5,1.0
025_C102,25,C,2,8,OPTIMAL,144.1322,2,1,1,0,1,0.5,139.6313,0.0,4.5009,90,2.0,0.5,1.0
025_C102,25,C,2,9,OPTIMAL,171.4552,2,1,1,0,1,0.5,165.3387,0.0,6.1165,90,2.0,0.5,1.0
025_C102,25,C,4,0,OPTIMAL,209.9464,4,2,2,0,2,0.5,206.1857,0.0,3.7607,90,2.0,0.5,1.0
025_C102,25,C,4,1,OPTIMAL,182.9731,4,1,1,0,3,0.25,155.9792,0.0,26.9939,90,2.0,0.5,1.0
025_C102,25,C,4,2,OPTIMAL,165.8169,4,1,1,0,3,0.25,146.1775,0.0,19.6394,90,2.0,0.5,1.0
025_C102,25,C,4,3,OPTIMAL,354.8074,4,4,3,1,0,1.0,354.8074,0.0,0.0,90,2.0,0.5,1.0
025_C102,25,C,4,4,OPTIMAL,374.7117,4,3,2,1,1,0.75,370.382,0.0,4.3297,90,2.0,0.5,1.0
025_C102,25,C,4,5,OPTIMAL,377.8085,4,3,3,0,1,0.75,377.1614,0.0,0.6471,90,2.0,0.5,1.0
025_C102,25,C,4,6,OPTIMAL,213.7678,4,2,2,0,2,0.5,208.1061,0.0,5.6616,90,2.0,0.5,1.0
025_C102,25,C,4,7,OPTIMAL,199.5044,4,3,1,2,1,0.75,198.4966,0.0,1.0077,90,2.0,0.5,1.0
025_C102,25,C,4,8,OPTIMAL,494.7355,4,4,3,1,0,1.0,494.7355,0.0,0.0,90,2.0,0.5,1.0
025_C102,25,C,4,9,OPTIMAL,230.7526,4,2,1,1,2,0.5,214.1107,0.0,16.6419,90,2.0,0.5,1.0
025_C102,25,C,6,0,OPTIMAL,277.9762,6,4,2,2,2,0.6667,264.7007,0.0,13.2756,90,2.0,0.5,1.0
025_C102,25,C,6,1,OPTIMAL,503.0565,6,4,4,0,2,0.6667,499.7104,0.0,3.346,90,2.0,0.5,1.0
025_C102,25,C,6,2,OPTIMAL,438.1957,6,5,4,1,1,0.8333,433.0402,0.0,5.1555,90,2.0,0.5,1.0
025_C102,25,C,6,3,OPTIMAL,378.7374,6,4,2,2,2,0.6667,375.6092,0.0,3.1281,90,2.0,0.5,1.0
025_C102,25,C,6,4,OPTIMAL,171.3741,6,2,2,0,4,0.3333,145.8351,0.0,25.5389,90,2.0,0.5,1.0
025_C102,25,C,6,5,OPTIMAL,105.9575,6,1,1,0,5,0.1667,79.9634,0.0,25.994,90,2.0,0.5,1.0
025_C102,25,C,6,6,OPTIMAL,292.6885,6,4,3,1,2,0.6667,258.5724,0.0,34.1161,90,2.0,0.5,1.0
025_C102,25,C,6,7,OPTIMAL,215.629,6,2,1,1,4,0.3333,197.6043,0.0,18.0248,90,2.0,0.5,1.0
025_C102,25,C,6,8,OPTIMAL,335.4835,6,2,2,0,4,0.3333,313.7459,0.0,21.7376,90,2.0,0.5,1.0
025_C102,25,C,6,9,OPTIMAL,199.965,6,3,1,2,3,0.5,171.8708,0.0,28.0943,90,2.0,0.5,1.0
025_C103,25,C,2,0,OPTIMAL,156.2179,2,1,1,0,1,0.5,151.8286,0.0,4.3893,90,2.0,0.5,1.0
025_C103,25,C,2,1,OPTIMAL,236.5234,2,2,2,0,0,1.0,236.5234,0.0,0.0,90,2.0,0.5,1.0
025_C103,25,C,2,2,OPTIMAL,131.4823,2,2,2,0,0,1.0,131.4823,0.0,0.0,90,2.0,0.5,1.0
025_C103,25,C,2,3,OPTIMAL,57.4081,2,0,0,0,2,0.0,0.0,0.0,57.4081,90,2.0,0.5,1.0
025_C103,25,C,2,4,OPTIMAL,23.3917,2,0,0,0,2,0.0,0.0,0.0,23.3917,90,2.0,0.5,1.0
025_C103,25,C,2,5,OPTIMAL,163.9932,2,1,1,0,1,0.5,135.4257,0.0,28.5675,90,2.0,0.5,1.0
025_C103,25,C,2,6,OPTIMAL,161.6384,2,1,1,0,1,0.5,158.1852,0.0,3.4531,90,2.0,0.5,1.0
025_C103,25,C,2,7,OPTIMAL,197.329,2,1,1,0,1,0.5,150.4779,0.0,46.851,90,2.0,0.5,1.0
025_C103,25,C,2,8,OPTIMAL,142.9665,2,1,1,0,1,0.5,139.6313,0.0,3.3353,90,2.0,0.5,1.0
025_C103,25,C,2,9,OPTIMAL,240.2991,2,2,1,1,0,1.0,240.2991,0.0,0.0,90,2.0,0.5,1.0
025_C103,25,C,4,0,OPTIMAL,217.0844,4,2,2,0,2,0.5,206.1857,0.0,10.8986,90,2.0,0.5,1.0
025_C103,25,C,4,1,OPTIMAL,210.1436,4,1,1,0,3,0.25,155.9792,0.0,54.1644,90,2.0,0.5,1.0
025_C103,25,C,4,2,OPTIMAL,248.0831,4,2,2,0,2,0.5,215.9239,0.0,32.1591,90,2.0,0.5,1.0
025_C103,25,C,4,3,OPTIMAL,278.9702,4,3,3,0,1,0.75,268.7557,0.0,10.2145,90,2.0,0.5,1.0
025_C103,25,C,4,4,OPTIMAL,454.4472,4,3,3,0,1,0.75,449.7665,0.0,4.6807,90,2.0,0.5,1.0
025_C103,25,C,4,5,OPTIMAL,501.2419,4,4,4,0,0,1.0,501.2419,0.0,0.0,90,2.0,0.5,1.0
025_C103,25,C,4,6,OPTIMAL,261.5882,4,2,2,0,2,0.5,208.1061,0.0,53.482,90,2.0,0.5,1.0
025_C103,25,C,4,7,OPTIMAL,302.6236,4,3,3,0,1,0.75,295.8015,0.0,6.8221,90,2.0,0.5,1.0
025_C103,25,C,4,8,OPTIMAL,439.1004,4,3,3,0,1,0.75,432.4311,0.0,6.6693,90,2.0,0.5,1.0
025_C103,25,C,4,9,OPTIMAL,243.1482,4,2,1,1,2,0.5,214.1107,0.0,29.0375,90,2.0,0.5,1.0
025_C103,25,C,6,0,OPTIMAL,414.8985,6,5,3,2,1,0.8333,409.2674,0.0,5.6311,90,2.0,0.5,1.0
025_C103,25,C,6,1,OPTIMAL,503.0565,6,4,4,0,2,0.6667,499.7104,0.0,3.346,90,2.0,0.5,1.0
025_C103,25,C,6,2,OPTIMAL,438.1957,6,5,4,1,1,0.8333,433.0402,0.0,5.1555,90,2.0,0.5,1.0
025_C103,25,C,6,3,OPTIMAL,556.9764,6,5,3,2,1,0.8333,518.4084,0.0,38.568,90,2.0,0.5,1.0
025_C103,25,C,6,4,OPTIMAL,302.9537,6,4,4,0,2,0.6667,286.8972,0.0,16.0565,90,2.0,0.5,1.0
025_C103,25,C,6,5,OPTIMAL,240.8577,6,3,3,0,3,0.5,235.2528,0.0,5.6049,90,2.0,0.5,1.0
025_C103,25,C,6,6,OPTIMAL,292.6885,6,4,3,1,2,0.6667,258.5724,0.0,34.1161,90,2.0,0.5,1.0
025_C103,25,C,6,7,OPTIMAL,154.0282,6,1,1,0,5,0.1667,132.583,0.0,21.4452,90,2.0,0.5,1.0
025_C103,25,C,6,8,OPTIMAL,326.8892,6,2,2,0,4,0.3333,313.7459,0.0,13.1433,90,2.0,0.5,1.0
025_C103,25,C,6,9,OPTIMAL,335.4428,6,4,3,1,2,0.6667,317.8866,0.0,17.5562,90,2.0,0.5,1.0
025_C104,25,C,2,0,OPTIMAL,209.0757,2,2,1,1,0,1.0,209.0757,0.0,0.0,90,2.0,0.5,1.0
025_C104,25,C,2,1,OPTIMAL,236.5234,2,2,2,0,0,1.0,236.5234,0.0,0.0,90,2.0,0.5,1.0
025_C104,25,C,2,2,OPTIMAL,131.4823,2,2,2,0,0,1.0,131.4823,0.0,0.0,90,2.0,0.5,1.0
025_C104,25,C,2,3,OPTIMAL,204.2891,2,2,1,1,0,1.0,204.2891,0.0,0.0,90,2.0,0.5,1.0
025_C104,25,C,2,4,OPTIMAL,23.3917,2,0,0,0,2,0.0,0.0,0.0,23.3917,90,2.0,0.5,1.0
025_C104,25,C,2,5,OPTIMAL,215.4489,2,2,1,1,0,1.0,215.4489,0.0,0.0,90,2.0,0.5,1.0
025_C104,25,C,2,6,OPTIMAL,291.5805,2,2,2,0,0,1.0,291.5805,0.0,0.0,90,2.0,0.5,1.0
025_C104,25,C,2,7,OPTIMAL,197.329,2,1,1,0,1,0.5,150.4779,0.0,46.851,90,2.0,0.5,1.0
025_C104,25,C,2,8,OPTIMAL,194.1818,2,2,1,1,0,1.0,194.1818,0.0,0.0,90,2.0,0.5,1.0
025_C104,25,C,2,9,OPTIMAL,240.2991,2,2,1,1,0,1.0,240.2991,0.0,0.0,90,2.0,0.5,1.0
025_C104,25,C,4,0,OPTIMAL,217.0844,4,2,2,0,2,0.5,206.1857,0.0,10.8986,90,2.0,0.5,1.0
025_C104,25,C,4,1,OPTIMAL,356.2831,4,2,2,0,2,0.5,321.288,0.0,34.9951,90,2.0,0.5,1.0
025_C104,25,C,4,2,OPTIMAL,434.8051,4,4,3,1,0,1.0,434.8051,0.0,0.0,90,2.0,0.5,1.0
025_C104,25,C,4,3,OPTIMAL,354.8074,4,4,3,1,0,1.0,354.8074,0.0,0.0,90,2.0,0.5,1.0
025_C104,25,C,4,4,OPTIMAL,533.3098,4,4,3,1,0,1.0,533.3098,0.0,0.0,90,2.0,0.5,1.0
025_C104,25,C,4,5,OPTIMAL,501.2419,4,4,4,0,0,1.0,501.2419,0.0,0.0,90,2.0,0.5,1.0
025_C104,25,C,4,6,OPTIMAL,261.5882,4,2,2,0,2,0.5,208.1061,0.0,53.482,90,2.0,0.5,1.0
025_C104,25,C,4,7,OPTIMAL,325.1707,4,4,3,1,0,1.0,325.1707,0.0,0.0,90,2.0,0.5,1.0
025_C104,25,C,4,8,OPTIMAL,494.7355,4,4,3,1,0,1.0,494.7355,0.0,0.0,90,2.0,0.5,1.0
025_C104,25,C,4,9,OPTIMAL,315.6913,4,3,3,0,1,0.75,295.6959,0.0,19.9954,90,2.0,0.5,1.0
025_C104,25,C,6,0,OPTIMAL,414.8985,6,5,4,1,1,0.8333,409.2674,0.0,5.6311,90,2.0,0.5,1.0
025_C104,25,C,6,1,OPTIMAL,503.0565,6,4,4,0,2,0.6667,499.7104,0.0,3.346,90,2.0,0.5,1.0
025_C104,25,C,6,2,OPTIMAL,475.056,6,6,5,1,0,1.0,475.056,0.0,0.0,90,2.0,0.5,1.0
025_C104,25,C,6,3,OPTIMAL,556.9764,6,5,5,0,1,0.8333,518.4084,0.0,38.568,90,2.0,0.5,1.0
025_C104,25,C,6,4,OPTIMAL,328.8178,6,5,5,0,1,0.8333,320.6603,0.0,8.1575,90,2.0,0.5,1.0
025_C104,25,C,6,5,OPTIMAL,301.9279,6,4,3,1,2,0.6667,297.257,0.0,4.6709,90,2.0,0.5,1.0
025_C104,25,C,6,6,OPTIMAL,371.015,6,5,5,0,1,0.8333,340.4023,0.0,30.6127,90,2.0,0.5,1.0
025_C104,25,C,6,7,OPTIMAL,271.1484,6,3,2,1,3,0.5,264.2237,0.0,6.9247,90,2.0,0.5,1.0
025_C104,25,C,6,8,OPTIMAL,326.8892,6,2,2,0,4,0.3333,313.7459,0.0,13.1433,90,2.0,0.5,1.0
025_C104,25,C,6,9,OPTIMAL,337.4805,6,4,4,0,2,0.6667,317.8866,0.0,19.5939,90,2.0,0.5,1.0
025_C105,25,C,2,0,OPTIMAL,156.1467,2,1,1,0,1,0.5,151.8286,0.0,4.318,90,2.0,0.5,1.0
025_C105,25,C,2,1,OPTIMAL,131.6562,2,1,1,0,1,0.5,74.4484,0.0,57.2079,90,2.0,0.5,1.0
025_C105,25,C,2,2,OPTIMAL,20.6219,2,0,0,0,2,0.0,0.0,0.0,20.6219,90,2.0,0.5,1.0
025_C105,25,C,2,3,OPTIMAL,175.3303,2,1,1,0,1,0.5,167.5071,0.0,7.8232,90,2.0,0.5,1.0
025_C105,25,C,2,4,OPTIMAL,8.8028,2,0,0,0,2,0.0,0.0,0.0,8.8028,90,2.0,0.5,1.0
025_C105,25,C,2,5,OPTIMAL,67.9119,2,0,0,0,2,0.0,0.0,0.0,67.9119,90,2.0,0.5,1.0
025_C105,25,C,2,6,OPTIMAL,161.6384,2,1,1,0,1,0.5,158.1852,0.0,3.4531,90,2.0,0.5,1.0
025_C105,25,C,2,7,OPTIMAL,156.3935,2,1,1,0,1,0.5,150.4779,0.0,5.9156,90,2.0,0.5,1.0
025_C105,25,C,2,8,OPTIMAL,91.5839,2,1,0,1,1,0.5,54.5506,0.0,37.0334,90,2.0,0.5,1.0
025_C105,25,C,2,9,OPTIMAL,171.4552,2,1,1,0,1,0.5,165.3387,0.0,6.1165,90,2.0,0.5,1.0
025_C105,25,C,4,0,OPTIMAL,293.9865,4,3,3,0,1,0.75,290.662,0.0,3.3245,90,2.0,0.5,1.0
025_C105,25,C,4,1,OPTIMAL,329.2649,4,2,2,0,2,0.5,321.288,0.0,7.9769,90,2.0,0.5,1.0
025_C105,25,C,4,2,OPTIMAL,166.4734,4,1,1,0,3,0.25,159.4566,0.0,7.0168,90,2.0,0.5,1.0
025_C105,25,C,4,3,OPTIMAL,226.8333,4,2,2,0,2,0.5,206.1322,0.0,20.7011,90,2.0,0.5,1.0
025_C105,25,C,4,4,OPTIMAL,161.346,4,1,1,0,3,0.25,152.3314,0.0,9.0146,90,2.0,0.5,1.0
025_C105,25,C,4,5,OPTIMAL,251.7814,4,2,2,0,2,0.5,219.0374,0.0,32.7441,90,2.0,0.5,1.0
025_C105,25,C,4,6,OPTIMAL,213.3578,4,2,2,0,2,0.5,208.1061,0.0,5.2517,90,2.0,0.5,1.0
025_C105,25,C,4,7,OPTIMAL,225.2124,4,2,2,0,2,0.5,211.2626,0.0,13.9498,90,2.0,0.5,1.0
025_C105,25,C,4,8,OPTIMAL,328.8667,4,2,2,0,2,0.5,273.1125,0.0,55.7542,90,2.0,0.5,1.0
025_C105,25,C,4,9,OPTIMAL,153.2333,4,1,1,0,3,0.25,142.7415,0.0,10.4919,90,2.0,0.5,1.0
025_C105,25,C,6,0,OPTIMAL,470.4427,6,4,3,1,2,0.6667,458.7045,0.0,11.7382,90,2.0,0.5,1.0
025_C105,25,C,6,1,OPTIMAL,228.6333,6,1,1,0,5,0.1667,158.9323,0.0,69.701,90,2.0,0.5,1.0
025_C105,25,C,6,2,OPTIMAL,321.0847,6,4,3,1,2,0.6667,282.0631,0.0,39.0216,90,2.0,0.5,1.0
025_C105,25,C,6,3,OPTIMAL,447.9235,6,3,3,0,3,0.5,426.8799,0.0,21.0436,90,2.0,0.5,1.0
025_C105,25,C,6,4,OPTIMAL,166.1332,6,2,2,0,4,0.3333,142.5098,0.0,23.6234,90,2.0,0.5,1.0
025_C105,25,C,6,5,OPTIMAL,90.6947,6,1,0,1,5,0.1667,62.0042,0.0,28.6905,90,2.0,0.5,1.0
025_C105,25,C,6,6,OPTIMAL,101.3409,6,1,1,0,5,0.1667,83.1098,0.0,18.2311,90,2.0,0.5,1.0
025_C105,25,C,6,7,OPTIMAL,296.0686,6,2,2,0,4,0.3333,287.5295,0.0,8.5392,90,2.0,0.5,1.0
025_C105,25,C,6,8,OPTIMAL,445.0814,6,4,4,0,2,0.6667,430.3082,0.0,14.7733,90,2.0,0.5,1.0
025_C105,25,C,6,9,OPTIMAL,224.1558,6,2,2,0,4,0.3333,217.6909,0.0,6.4648,90,2.0,0.5,1.0
025_C106,25,C,2,0,OPTIMAL,209.0757,2,2,1,1,0,1.0,209.0757,0.0,0.0,90,2.0,0.5,1.0
025_C106,25,C,2,1,OPTIMAL,174.8925,2,1,1,0,1,0.5,162.0751,0.0,12.8174,90,2.0,0.5,1.0
025_C106,25,C,2,2,OPTIMAL,20.6219,2,0,0,0,2,0.0,0.0,0.0,20.6219,90,2.0,0.5,1.0
025_C106,25,C,2,3,OPTIMAL,204.2891,2,2,0,2,0,1.0,204.2891,0.0,0.0,90,2.0,0.5,1.0
025_C106,25,C,2,4,OPTIMAL,4.1965,2,0,0,0,2,0.0,0.0,0.0,4.1965,90,2.0,0.5,1.0
025_C106,25,C,2,5,OPTIMAL,128.237,2,1,0,1,1,0.5,80.0232,0.0,48.2138,90,2.0,0.5,1.0
025_C106,25,C,2,6,OPTIMAL,161.6384,2,1,0,1,1,0.5,158.1852,0.0,3.4531,90,2.0,0.5,1.0
025_C106,25,C,2,7,OPTIMAL,319.7105,2,2,2,0,0,1.0,319.7105,0.0,0.0,90,2.0,0.5,1.0
025_C106,25,C,2,8,OPTIMAL,141.1428,2,1,1,0,1,0.5,139.6313,0.0,1.5115,90,2.0,0.5,1.0
025_C106,25,C,2,9,OPTIMAL,240.2991,2,2,0,2,0,1.0,240.2991,0.0,0.0,90,2.0,0.5,1.0
025_C106,25,C,4,0,OPTIMAL,212.9581,4,2,2,0,2,0.5,206.1857,0.0,6.7724,90,2.0,0.5,1.0
025_C106,25,C,4,1,OPTIMAL,307.7984,4,2,1,1,2,0.5,282.1514,0.0,25.647,90,2.0,0.5,1.0
025_C106,25,C,4,2,OPTIMAL,289.0255,4,3,1,2,1,0.75,275.3485,0.0,13.677,90,2.0,0.5,1.0
025_C106,25,C,4,3,OPTIMAL,354.8074,4,4,2,2,0,1.0,354.8074,0.0,0.0,90,2.0,0.5,1.0
025_C106,25,C,4,4,OPTIMAL,454.7682,4,3,2,1,1,0.75,449.7665,0.0,5.0017,90,2.0,0.5,1.0
025_C106,25,C,4,5,OPTIMAL,501.2419,4,4,3,1,0,1.0,501.2419,0.0,0.0,90,2.0,0.5,1.0
025_C106,25,C,4,6,OPTIMAL,356.0096,4,3,2,1,1,0.75,353.6399,0.0,2.3697,90,2.0,0.5,1.0
025_C106,25,C,4,7,OPTIMAL,227.8079,4,3,1,2,1,0.75,198.4966,0.0,29.3113,90,2.0,0.5,1.0
025_C106,25,C,4,8,OPTIMAL,494.7355,4,4,3,1,0,1.0,494.7355,0.0,0.0,90,2.0,0.5,1.0
025_C106,25,C,4,9,OPTIMAL,180.0242,4,1,1,0,3,0.25,142.7415,0.0,37.2827,90,2.0,0.5,1.0
025_C106,25,C,6,0,OPTIMAL,345.7773,6,3,2,1,3,0.5,310.7555,0.0,35.0218,90,2.0,0.5,1.0
025_C106,25,C,6,1,OPTIMAL,638.7591,6,6,3,3,0,1.0,638.7591,0.0,0.0,90,2.0,0.5,1.0
025_C106,25,C,6,2,OPTIMAL,438.1957,6,5,3,2,1,0.8333,433.0402,0.0,5.1555,90,2.0,0.5,1.0
025_C106,25,C,6,3,OPTIMAL,460.251,6,4,3,1,2,0.6667,428.1033,0.0,32.1477,90,2.0,0.5,1.0
025_C106,25,C,6,4,OPTIMAL,170.2114,6,2,2,0,4,0.3333,145.8351,0.0,24.3763,90,2.0,0.5,1.0
025_C106,25,C,6,5,OPTIMAL,184.9158,6,2,0,2,4,0.3333,165.4989,0.0,19.4169,90,2.0,0.5,1.0
025_C106,25,C,6,6,OPTIMAL,425.8288,6,5,2,3,1,0.8333,423.6017,0.0,2.227,90,2.0,0.5,1.0
025_C106,25,C,6,7,OPTIMAL,272.7235,6,3,0,3,3,0.5,255.0619,0.0,17.6616,90,2.0,0.5,1.0
025_C106,25,C,6,8,OPTIMAL,341.0148,6,2,2,0,4,0.3333,313.7459,0.0,27.2689,90,2.0,0.5,1.0
025_C106,25,C,6,9,OPTIMAL,237.7125,6,2,1,1,4,0.3333,217.6909,0.0,20.0216,90,2.0,0.5,1.0
025_C107,25,C,2,0,OPTIMAL,156.1467,2,1,1,0,1,0.5,151.8286,0.0,4.318,90,2.0,0.5,1.0
025_C107,25,C,2,1,OPTIMAL,174.9314,2,1,1,0,1,0.5,162.0751,0.0,12.8564,90,2.0,0.5,1.0
025_C107,25,C,2,2,OPTIMAL,15.0155,2,0,0,0,2,0.0,0.0,0.0,15.0155,90,2.0,0.5,1.0
025_C107,25,C,2,3,OPTIMAL,204.2891,2,2,2,0,0,1.0,204.2891,0.0,0.0,90,2.0,0.5,1.0
025_C107,25,C,2,4,OPTIMAL,5.3385,2,0,0,0,2,0.0,0.0,0.0,5.3385,90,2.0,0.5,1.0
025_C107,25,C,2,5,OPTIMAL,136.0374,2,1,1,0,1,0.5,135.4257,0.0,0.6117,90,2.0,0.5,1.0
025_C107,25,C,2,6,OPTIMAL,182.5849,2,1,1,0,1,0.5,133.3953,0.0,49.1896,90,2.0,0.5,1.0
025_C107,25,C,2,7,OPTIMAL,220.1204,2,1,1,0,1,0.5,169.2326,0.0,50.8878,90,2.0,0.5,1.0
025_C107,25,C,2,8,OPTIMAL,7.6866,2,0,0,0,2,0.0,0.0,0.0,7.6866,90,2.0,0.5,1.0
025_C107,25,C,2,9,OPTIMAL,240.2991,2,2,2,0,0,1.0,240.2991,0.0,0.0,90,2.0,0.5,1.0
025_C107,25,C,4,0,OPTIMAL,215.0604,4,2,2,0,2,0.5,206.1857,0.0,8.8747,90,2.0,0.5,1.0
025_C107,25,C,4,1,OPTIMAL,308.133,4,2,2,0,2,0.5,291.481,0.0,16.652,90,2.0,0.5,1.0
025_C107,25,C,4,2,OPTIMAL,18.9698,4,0,0,0,4,0.0,0.0,0.0,18.9698,90,2.0,0.5,1.0
025_C107,25,C,4,3,OPTIMAL,144.3331,4,1,1,0,3,0.25,80.7861,0.0,63.547,90,2.0,0.5,1.0
025_C107,25,C,4,4,OPTIMAL,318.7299,4,2,2,0,2,0.5,315.2592,0.0,3.4707,90,2.0,0.5,1.0
025_C107,25,C,4,5,OPTIMAL,102.3148,4,1,1,0,3,0.25,63.145,0.0,39.1698,90,2.0,0.5,1.0
025_C107,25,C,4,6,OPTIMAL,355.5996,4,3,3,0,1,0.75,353.6399,0.0,1.9598,90,2.0,0.5,1.0
025_C107,25,C,4,7,OPTIMAL,125.2607,4,1,1,0,3,0.25,84.5884,0.0,40.6723,90,2.0,0.5,1.0
025_C107,25,C,4,8,OPTIMAL,289.5646,4,2,2,0,2,0.5,273.1125,0.0,16.4522,90,2.0,0.5,1.0
025_C107,25,C,4,9,OPTIMAL,224.2551,4,2,2,0,2,0.5,214.1107,0.0,10.1444,90,2.0,0.5,1.0
025_C107,25,C,6,0,OPTIMAL,323.2191,6,3,3,0,3,0.5,310.7555,0.0,12.4636,90,2.0,0.5,1.0
025_C107,25,C,6,1,OPTIMAL,65.1913,6,0,0,0,6,0.0,0.0,0.0,65.1913,90,2.0,0.5,1.0
025_C107,25,C,6,2,OPTIMAL,284.2503,6,4,4,0,2,0.6667,282.0631,0.0,2.1871,90,2.0,0.5,1.0
025_C107,25,C,6,3,OPTIMAL,391.1571,6,3,3,0,3,0.5,374.3858,0.0,16.7713,90,2.0,0.5,1.0
025_C107,25,C,6,4,OPTIMAL,132.7825,6,2,2,0,4,0.3333,103.1066,0.0,29.6759,90,2.0,0.5,1.0
025_C107,25,C,6,5,OPTIMAL,30.3166,6,0,0,0,6,0.0,0.0,0.0,30.3166,90,2.0,0.5,1.0
025_C107,25,C,6,6,OPTIMAL,146.3951,6,2,2,0,4,0.3333,129.9876,0.0,16.4076,90,2.0,0.5,1.0
025_C107,25,C,6,7,OPTIMAL,86.7984,6,0,0,0,6,0.0,0.0,0.0,86.7984,90,2.0,0.5,1.0
025_C107,25,C,6,8,OPTIMAL,341.8558,6,2,2,0,4,0.3333,313.7459,0.0,28.1099,90,2.0,0.5,1.0
025_C107,25,C,6,9,OPTIMAL,224.1558,6,2,2,0,4,0.3333,217.6909,0.0,6.4648,90,2.0,0.5,1.0
025_C108,25,C,2,0,OPTIMAL,171.2553,2,1,0,1,1,0.5,151.8286,0.0,19.4267,90,2.0,0.5,1.0
025_C108,25,C,2,1,OPTIMAL,174.9314,2,1,1,0,1,0.5,162.0751,0.0,12.8564,90,2.0,0.5,1.0
025_C108,25,C,2,2,OPTIMAL,95.3975,2,1,1,0,1,0.5,85.0736,0.0,10.3239,90,2.0,0.5,1.0
025_C108,25,C,2,3,OPTIMAL,204.2891,2,2,1,1,0,1.0,204.2891,0.0,0.0,90,2.0,0.5,1.0
025_C108,25,C,2,4,OPTIMAL,10.2216,2,0,0,0,2,0.0,0.0,0.0,10.2216,90,2.0,0.5,1.0
025_C108,25,C,2,5,OPTIMAL,136.0374,2,1,1,0,1,0.5,135.4257,0.0,0.6117,90,2.0,0.5,1.0
025_C108,25,C,2,6,OPTIMAL,197.8778,2,1,1,0,1,0.5,158.1852,0.0,39.6926,90,2.0,0.5,1.0
025_C108,25,C,2,7,OPTIMAL,159.636,2,1,1,0,1,0.5,150.4779,0.0,9.158,90,2.0,0.5,1.0
025_C108,25,C,2,8,OPTIMAL,94.8807,2,1,0,1,1,0.5,54.5506,0.0,40.3301,90,2.0,0.5,1.0
025_C108,25,C,2,9,OPTIMAL,240.2991,2,2,0,2,0,1.0,240.2991,0.0,0.0,90,2.0,0.5,1.0
025_C108,25,C,4,0,OPTIMAL,220.5781,4,2,2,0,2,0.5,206.1857,0.0,14.3924,90,2.0,0.5,1.0
025_C108,25,C,4,1,OPTIMAL,217.9061,4,1,1,0,3,0.25,155.9792,0.0,61.9269,90,2.0,0.5,1.0
025_C108,25,C,4,2,OPTIMAL,204.3531,4,1,1,0,3,0.25,146.1775,0.0,58.1756,90,2.0,0.5,1.0
025_C108,25,C,4,3,OPTIMAL,302.6706,4,3,1,2,1,0.75,292.1839,0.0,10.4866,90,2.0,0.5,1.0
025_C108,25,C,4,4,OPTIMAL,298.9129,4,2,2,0,2,0.5,286.8387,0.0,12.0742,90,2.0,0.5,1.0
025_C108,25,C,4,5,OPTIMAL,265.0214,4,2,2,0,2,0.5,219.0374,0.0,45.984,90,2.0,0.5,1.0
025_C108,25,C,4,6,OPTIMAL,216.05,4,2,2,0,2,0.5,208.1061,0.0,7.9439,90,2.0,0.5,1.0
025_C108,25,C,4,7,OPTIMAL,247.1734,4,3,1,2,1,0.75,240.6318,0.0,6.5415,90,2.0,0.5,1.0
025_C108,25,C,4,8,OPTIMAL,384.2437,4,3,2,1,1,0.75,335.4169,0.0,48.8268,90,2.0,0.5,1.0
025_C108,25,C,4,9,OPTIMAL,229.041,4,2,1,1,2,0.5,214.1107,0.0,14.9303,90,2.0,0.5,1.0
025_C108,25,C,6,0,OPTIMAL,385.2357,6,4,3,1,2,0.6667,369.3219,0.0,15.9138,90,2.0,0.5,1.0
025_C108,25,C,6,1,OPTIMAL,211.9615,6,1,1,0,5,0.1667,140.705,0.0,71.2565,90,2.0,0.5,1.0
025_C108,25,C,6,2,OPTIMAL,433.5531,6,5,3,2,1,0.8333,433.0402,0.0,0.5129,90,2.0,0.5,1.0
025_C108,25,C,6,3,OPTIMAL,382.9789,6,4,2,2,2,0.6667,375.6092,0.0,7.3697,90,2.0,0.5,1.0
025_C108,25,C,6,4,OPTIMAL,106.4048,6,1,1,0,5,0.1667,69.3434,0.0,37.0614,90,2.0,0.5,1.0
025_C108,25,C,6,5,OPTIMAL,184.6229,6,2,1,1,4,0.3333,165.4989,0.0,19.124,90,2.0,0.5,1.0
025_C108,25,C,6,6,OPTIMAL,220.1595,6,3,3,0,3,0.5,185.5035,0.0,34.656,90,2.0,0.5,1.0
025_C108,25,C,6,7,OPTIMAL,126.6196,6,1,0,1,5,0.1667,65.0213,0.0,61.5983,90,2.0,0.5,1.0
025_C108,25,C,6,8,OPTIMAL,339.5342,6,2,2,0,4,0.3333,313.7459,0.0,25.7882,90,2.0,0.5,1.0
025_C108,25,C,6,9,OPTIMAL,296.5699,6,3,2,1,3,0.5,278.4504,0.0,18.1195,90,2.0,0.5,1.0
025_C109,25,C,2,0,OPTIMAL,209.0757,2,2,1,1,0,1.0,209.0757,0.0,0.0,90,2.0,0.5,1.0
025_C109,25,C,2,1,OPTIMAL,236.5234,2,2,1,1,0,1.0,236.5234,0.0,0.0,90,2.0,0.5,1.0
025_C109,25,C,2,2,OPTIMAL,89.1418,2,1,0,1,1,0.5,85.0736,0.0,4.0682,90,2.0,0.5,1.0
025_C109,25,C,2,3,OPTIMAL,204.2891,2,2,2,0,0,1.0,204.2891,0.0,0.0,90,2.0,0.5,1.0
025_C109,25,C,2,4,OPTIMAL,96.6521,2,2,0,2,0,1.0,96.6521,0.0,0.0,90,2.0,0.5,1.0
025_C109,25,C,2,5,OPTIMAL,215.4489,2,2,1,1,0,1.0,215.4489,0.0,0.0,90,2.0,0.5,1.0
025_C109,25,C,2,6,OPTIMAL,188.2022,2,1,1,0,1,0.5,133.3953,0.0,54.8069,90,2.0,0.5,1.0
025_C109,25,C,2,7,OPTIMAL,319.7105,2,2,2,0,0,1.0,319.7105,0.0,0.0,90,2.0,0.5,1.0
025_C109,25,C,2,8,OPTIMAL,10.0157,2,0,0,0,2,0.0,0.0,0.0,10.0157,90,2.0,0.5,1.0
025_C109,25,C,2,9,OPTIMAL,240.2991,2,2,2,0,0,1.0,240.2991,0.0,0.0,90,2.0,0.5,1.0
025_C109,25,C,4,0,OPTIMAL,290.6744,4,3,2,1,1,0.75,290.662,0.0,0.0124,90,2.0,0.5,1.0
025_C109,25,C,4,1,OPTIMAL,532.8681,4,4,2,2,0,1.0,532.8681,0.0,0.0,90,2.0,0.5,1.0
025_C109,25,C,4,2,OPTIMAL,116.1763,4,1,0,1,3,0.25,59.4245,0.0,56.7517,90,2.0,0.5,1.0
025_C109,25,C,4,3,OPTIMAL,301.0013,4,3,2,1,1,0.75,292.1839,0.0,8.8174,90,2.0,0.5,1.0
025_C109,25,C,4,4,OPTIMAL,533.3098,4,4,2,2,0,1.0,533.3098,0.0,0.0,90,2.0,0.5,1.0
025_C109,25,C,4,5,OPTIMAL,255.3466,4,2,1,1,2,0.5,219.0374,0.0,36.3092,90,2.0,0.5,1.0
025_C109,25,C,4,6,OPTIMAL,414.3433,4,4,3,1,0,1.0,414.3433,0.0,0.0,90,2.0,0.5,1.0
025_C109,25,C,4,7,OPTIMAL,231.1203,4,3,1,2,1,0.75,198.4966,0.0,32.6237,90,2.0,0.5,1.0
025_C109,25,C,4,8,OPTIMAL,348.5186,4,3,2,1,1,0.75,335.4169,0.0,13.1018,90,2.0,0.5,1.0
025_C109,25,C,4,9,OPTIMAL,277.3163,4,3,2,1,1,0.75,272.2321,0.0,5.0842,90,2.0,0.5,1.0
025_C109,25,C,6,0,OPTIMAL,523.0034,6,5,4,1,1,0.8333,517.2709,0.0,5.7325,90,2.0,0.5,1.0
025_C109,25,C,6,1,OPTIMAL,387.7584,6,3,1,2,3,0.5,340.7782,0.0,46.9802,90,2.0,0.5,1.0
025_C109,25,C,6,2,OPTIMAL,445.7671,6,5,4,1,1,0.8333,433.0402,0.0,12.7269,90,2.0,0.5,1.0
025_C109,25,C,6,3,OPTIMAL,642.7409,6,6,5,1,0,1.0,642.7409,0.0,0.0,90,2.0,0.5,1.0
025_C109,25,C,6,4,OPTIMAL,310.7543,6,5,1,4,1,0.8333,308.6888,0.0,2.0655,90,2.0,0.5,1.0
025_C109,25,C,6,5,OPTIMAL,199.0474,6,3,1,2,3,0.5,191.0303,0.0,8.0171,90,2.0,0.5,1.0
025_C109,25,C,6,6,OPTIMAL,271.3352,6,4,3,1,2,0.6667,267.3334,0.0,4.0019,90,2.0,0.5,1.0
025_C109,25,C,6,7,OPTIMAL,369.1805,6,3,1,2,3,0.5,352.5508,0.0,16.6297,90,2.0,0.5,1.0
025_C109,25,C,6,8,OPTIMAL,438.4998,6,4,2,2,2,0.6667,430.3082,0.0,8.1917,90,2.0,0.5,1.0
025_C109,25,C,6,9,OPTIMAL,388.7434,6,5,2,3,1,0.8333,388.7199,0.0,0.0235,90,2.0,0.5,1.0
025_C201,25,C,2,0,OPTIMAL,276.6732,2,2,2,0,0,1.0,276.6732,0.0,0.0,90,2.0,0.5,1.0
025_C201,25,C,2,1,OPTIMAL,158.3793,2,2,2,0,0,1.0,158.3793,0.0,0.0,90,2.0,0.5,1.0
025_C201,25,C,2,2,OPTIMAL,172.8689,2,1,1,0,1,0.5,162.2483,0.0,10.6206,90,2.0,0.5,1.0
025_C201,25,C,2,3,OPTIMAL,125.7945,2,1,1,0,1,0.5,103.1393,0.0,22.6551,90,2.0,0.5,1.0
025_C201,25,C,2,4,OPTIMAL,114.181,2,1,1,0,1,0.5,110.4068,0.0,3.7742,90,2.0,0.5,1.0
025_C201,25,C,2,5,OPTIMAL,178.4044,2,1,0,1,1,0.5,146.4818,0.0,31.9226,90,2.0,0.5,1.0
025_C201,25,C,2,6,OPTIMAL,152.5388,2,1,1,0,1,0.5,147.0522,0.0,5.4866,90,2.0,0.5,1.0
025_C201,25,C,2,7,OPTIMAL,306.4635,2,2,2,0,0,1.0,306.4635,0.0,0.0,90,2.0,0.5,1.0
025_C201,25,C,2,8,OPTIMAL,112.8126,2,2,2,0,0,1.0,112.8126,0.0,0.0,90,2.0,0.5,1.0
025_C201,25,C,2,9,OPTIMAL,58.2665,2,1,1,0,1,0.5,51.79,0.0,6.4765,90,2.0,0.5,1.0
025_C201,25,C,4,0,OPTIMAL,393.4024,4,4,4,0,0,1.0,393.4024,0.0,0.0,90,2.0,0.5,1.0
025_C201,25,C,4,1,OPTIMAL,324.3691,4,4,4,0,0,1.0,324.3691,0.0,0.0,90,2.0,0.5,1.0
025_C201,25,C,4,2,OPTIMAL,328.3365,4,3,2,1,1,0.75,319.6794,0.0,8.6571,90,2.0,0.5,1.0
025_C201,25,C,4,3,OPTIMAL,182.707,4,2,2,0,2,0.5,145.469,0.0,37.238,90,2.0,0.5,1.0
025_C201,25,C,4,4,OPTIMAL,271.7149,4,3,3,0,1,0.75,268.5889,0.0,3.126,90,2.0,0.5,1.0
025_C201,25,C,4,5,OPTIMAL,289.2383,4,3,3,0,1,0.75,289.1798,0.0,0.0585,90,2.0,0.5,1.0
025_C201,25,C,4,6,OPTIMAL,317.9039,4,3,2,1,1,0.75,316.2158,0.0,1.6881,90,2.0,0.5,1.0
025_C201,25,C,4,7,OPTIMAL,499.2496,4,4,3,1,0,1.0,499.2496,0.0,0.0,90,2.0,0.5,1.0
025_C201,25,C,4,8,OPTIMAL,400.3451,4,3,3,0,1,0.75,377.3233,0.0,23.0218,90,2.0,0.5,1.0
025_C201,25,C,4,9,OPTIMAL,229.6998,4,2,2,0,2,0.5,223.8566,0.0,5.8432,90,2.0,0.5,1.0
025_C201,25,C,6,0,OPTIMAL,573.6653,6,4,4,0,2,0.6667,562.5634,0.0,11.1019,90,2.0,0.5,1.0
025_C201,25,C,6,1,OPTIMAL,694.5346,6,6,5,1,0,1.0,694.5346,0.0,0.0,90,2.0,0.5,1.0
025_C201,25,C,6,2,OPTIMAL,566.761,6,5,5,0,1,0.8333,530.0285,0.0,36.7324,90,2.0,0.5,1.0
025_C201,25,C,6,3,OPTIMAL,456.1401,6,5,5,0,1,0.8333,456.1273,0.0,0.0127,90,2.0,0.5,1.0
025_C201,25,C,6,4,OPTIMAL,542.864,6,5,5,0,1,0.8333,519.3495,0.0,23.5145,90,2.0,0.5,1.0
025_C201,25,C,6,5,OPTIMAL,222.4905,6,3,3,0,3,0.5,196.9735,0.0,25.5171,90,2.0,0.5,1.0
025_C201,25,C,6,6,OPTIMAL,516.0878,6,5,5,0,1,0.8333,515.8266,0.0,0.2612,90,2.0,0.5,1.0
025_C201,25,C,6,7,OPTIMAL,538.6881,6,5,5,0,1,0.8333,512.7892,0.0,25.8989,90,2.0,0.5,1.0
025_C201,25,C,6,8,OPTIMAL,523.1192,6,5,4,1,1,0.8333,479.6102,0.0,43.509,90,2.0,0.5,1.0
025_C201,25,C,6,9,OPTIMAL,511.6232,6,4,4,0,2,0.6667,479.6062,0.0,32.017,90,2.0,0.5,1.0
025_C202,25,C,2,0,OPTIMAL,276.6732,2,2,2,0,0,1.0,276.6732,0.0,0.0,90,2.0,0.5,1.0
025_C202,25,C,2,1,OPTIMAL,158.3793,2,2,2,0,0,1.0,158.3793,0.0,0.0,90,2.0,0.5,1.0
025_C202,25,C,2,2,OPTIMAL,172.8689,2,1,1,0,1,0.5,162.2483,0.0,10.6206,90,2.0,0.5,1.0
025_C202,25,C,2,3,OPTIMAL,125.7945,2,1,1,0,1,0.5,103.1393,0.0,22.6551,90,2.0,0.5,1.0
025_C202,25,C,2,4,OPTIMAL,114.181,2,1,1,0,1,0.5,110.4068,0.0,3.7742,90,2.0,0.5,1.0
025_C202,25,C,2,5,OPTIMAL,178.4044,2,1,1,0,1,0.5,146.4818,0.0,31.9226,90,2.0,0.5,1.0
025_C202,25,C,2,6,OPTIMAL,152.5388,2,1,1,0,1,0.5,147.0522,0.0,5.4866,90,2.0,0.5,1.0
025_C202,25,C,2,7,OPTIMAL,306.4635,2,2,2,0,0,1.0,306.4635,0.0,0.0,90,2.0,0.5,1.0
025_C202,25,C,2,8,OPTIMAL,112.8126,2,2,2,0,0,1.0,112.8126,0.0,0.0,90,2.0,0.5,1.0
025_C202,25,C,2,9,OPTIMAL,91.3844,2,2,1,1,0,1.0,91.3844,0.0,0.0,90,2.0,0.5,1.0
025_C202,25,C,4,0,OPTIMAL,393.4024,4,4,4,0,0,1.0,393.4024,0.0,0.0,90,2.0,0.5,1.0
025_C202,25,C,4,1,OPTIMAL,324.3691,4,4,4,0,0,1.0,324.3691,0.0,0.0,90,2.0,0.5,1.0
025_C202,25,C,4,2,OPTIMAL,242.0272,4,2,2,0,2,0.5,233.1911,0.0,8.8362,90,2.0,0.5,1.0
025_C202,25,C,4,3,OPTIMAL,282.8603,4,3,2,1,1,0.75,245.752,0.0,37.1082,90,2.0,0.5,1.0
025_C202,25,C,4,4,OPTIMAL,271.7149,4,3,3,0,1,0.75,268.5889,0.0,3.126,90,2.0,0.5,1.0
025_C202,25,C,4,5,OPTIMAL,331.24,4,4,3,1,0,1.0,331.24,0.0,0.0,90,2.0,0.5,1.0
025_C202,25,C,4,6,OPTIMAL,270.9855,4,2,2,0,2,0.5,269.094,0.0,1.8915,90,2.0,0.5,1.0
025_C202,25,C,4,7,OPTIMAL,499.2496,4,4,4,0,0,1.0,499.2496,0.0,0.0,90,2.0,0.5,1.0
025_C202,25,C,4,8,OPTIMAL,400.3451,4,3,3,0,1,0.75,377.3233,0.0,23.0218,90,2.0,0.5,1.0
025_C202,25,C,4,9,OPTIMAL,283.8777,4,3,3,0,1,0.75,281.8039,0.0,2.0738,90,2.0,0.5,1.0
025_C202,25,C,6,0,OPTIMAL,614.0193,6,5,5,0,1,0.8333,607.9627,0.0,6.0565,90,2.0,0.5,1.0
025_C202,25,C,6,1,OPTIMAL,631.3586,6,5,5,0,1,0.8333,624.1618,0.0,7.1967,90,2.0,0.5,1.0
025_C202,25,C,6,2,OPTIMAL,637.3001,6,6,5,1,0,1.0,637.3001,0.0,0.0,90,2.0,0.5,1.0
025_C202,25,C,6,3,OPTIMAL,456.1401,6,5,5,0,1,0.8333,456.1273,0.0,0.0127,90,2.0,0.5,1.0
025_C202,25,C,6,4,OPTIMAL,542.864,6,5,5,0,1,0.8333,519.3495,0.0,23.5145,90,2.0,0.5,1.0
025_C202,25,C,6,5,OPTIMAL,222.4905,6,3,3,0,3,0.5,196.9735,0.0,25.5171,90,2.0,0.5,1.0
025_C202,25,C,6,6,OPTIMAL,516.0878,6,5,5,0,1,0.8333,515.8266,0.0,0.2612,90,2.0,0.5,1.0
025_C202,25,C,6,7,OPTIMAL,538.6881,6,5,5,0,1,0.8333,512.7892,0.0,25.8989,90,2.0,0.5,1.0
025_C202,25,C,6,8,OPTIMAL,602.3198,6,6,6,0,0,1.0,602.3198,0.0,0.0,90,2.0,0.5,1.0
025_C202,25,C,6,9,OPTIMAL,598.1818,6,6,5,1,0,1.0,598.1818,0.0,0.0,90,2.0,0.5,1.0
025_C203,25,C,2,0,OPTIMAL,276.6732,2,2,2,0,0,1.0,276.6732,0.0,0.0,90,2.0,0.5,1.0
025_C203,25,C,2,1,OPTIMAL,158.3793,2,2,2,0,0,1.0,158.3793,0.0,0.0,90,2.0,0.5,1.0
025_C203,25,C,2,2,OPTIMAL,172.8689,2,1,1,0,1,0.5,162.2483,0.0,10.6206,90,2.0,0.5,1.0
025_C203,25,C,2,3,OPTIMAL,253.7264,2,2,1,1,0,1.0,253.7264,0.0,0.0,90,2.0,0.5,1.0
025_C203,25,C,2,4,OPTIMAL,114.181,2,1,1,0,1,0.5,110.4068,0.0,3.7742,90,2.0,0.5,1.0
025_C203,25,C,2,5,OPTIMAL,303.6013,2,2,1,1,0,1.0,303.6013,0.0,0.0,90,2.0,0.5,1.0
025_C203,25,C,2,6,OPTIMAL,205.8429,2,2,2,0,0,1.0,205.8429,0.0,0.0,90,2.0,0.5,1.0
025_C203,25,C,2,7,OPTIMAL,306.4635,2,2,2,0,0,1.0,306.4635,0.0,0.0,90,2.0,0.5,1.0
025_C203,25,C,2,8,OPTIMAL,112.8126,2,2,2,0,0,1.0,112.8126,0.0,0.0,90,2.0,0.5,1.0
025_C203,25,C,2,9,OPTIMAL,91.3844,2,2,1,1,0,1.0,91.3844,0.0,0.0,90,2.0,0.5,1.0
025_C203,25,C,4,0,OPTIMAL,393.4024,4,4,4,0,0,1.0,393.4024,0.0,0.0,90,2.0,0.5,1.0
025_C203,25,C,4,1,OPTIMAL,324.3691,4,4,4,0,0,1.0,324.3691,0.0,0.0,90,2.0,0.5,1.0
025_C203,25,C,4,2,OPTIMAL,242.0272,4,2,2,0,2,0.5,233.1911,0.0,8.8362,90,2.0,0.5,1.0
025_C203,25,C,4,3,OPTIMAL,412.8575,4,4,3,1,0,1.0,412.8575,0.0,0.0,90,2.0,0.5,1.0
025_C203,25,C,4,4,OPTIMAL,426.8573,4,4,4,0,0,1.0,426.8573,0.0,0.0,90,2.0,0.5,1.0
025_C203,25,C,4,5,OPTIMAL,331.24,4,4,3,1,0,1.0,331.24,0.0,0.0,90,2.0,0.5,1.0
025_C203,25,C,4,6,OPTIMAL,394.8233,4,3,3,0,1,0.75,394.6199,0.0,0.2034,90,2.0,0.5,1.0
025_C203,25,C,4,7,OPTIMAL,499.2496,4,4,4,0,0,1.0,499.2496,0.0,0.0,90,2.0,0.5,1.0
025_C203,25,C,4,8,OPTIMAL,498.4633,4,4,3,1,0,1.0,498.4633,0.0,0.0,90,2.0,0.5,1.0
025_C203,25,C,4,9,OPTIMAL,417.8858,4,4,4,0,0,1.0,417.8858,0.0,0.0,90,2.0,0.5,1.0
025_C203,25,C,6,0,OPTIMAL,700.2858,6,6,5,1,0,1.0,700.2858,0.0,0.0,90,2.0,0.5,1.0
025_C203,25,C,6,1,OPTIMAL,631.3586,6,5,5,0,1,0.8333,624.1618,0.0,7.1967,90,2.0,0.5,1.0
025_C203,25,C,6,2,OPTIMAL,637.3001,6,6,5,1,0,1.0,637.3001,0.0,0.0,90,2.0,0.5,1.0
025_C203,25,C,6,3,OPTIMAL,556.3855,6,6,6,0,0,1.0,556.3855,0.0,0.0,90,2.0,0.5,1.0
025_C203,25,C,6,4,OPTIMAL,621.498,6,6,6,0,0,1.0,621.498,0.0,0.0,90,2.0,0.5,1.0
025_C203,25,C,6,5,OPTIMAL,441.8239,6,5,4,1,1,0.8333,429.8636,0.0,11.9603,90,2.0,0.5,1.0
025_C203,25,C,6,6,OPTIMAL,547.2312,6,6,6,0,0,1.0,547.2312,0.0,0.0,90,2.0,0.5,1.0
025_C203,25,C,6,7,OPTIMAL,592.4103,6,6,6,0,0,1.0,592.4103,0.0,0.0,90,2.0,0.5,1.0
025_C203,25,C,6,8,OPTIMAL,602.3198,6,6,6,0,0,1.0,602.3198,0.0,0.0,90,2.0,0.5,1.0
025_C203,25,C,6,9,OPTIMAL,598.1818,6,6,5,1,0,1.0,598.1818,0.0,0.0,90,2.0,0.5,1.0
025_C204,25,C,2,0,OPTIMAL,276.6732,2,2,2,0,0,1.0,276.6732,0.0,0.0,90,2.0,0.5,1.0
025_C204,25,C,2,1,OPTIMAL,158.3793,2,2,2,0,0,1.0,158.3793,0.0,0.0,90,2.0,0.5,1.0
025_C204,25,C,2,2,OPTIMAL,172.8689,2,1,1,0,1,0.5,162.2483,0.0,10.6206,90,2.0,0.5,1.0
025_C204,25,C,2,3,OPTIMAL,253.7264,2,2,1,1,0,1.0,253.7264,0.0,0.0,90,2.0,0.5,1.0
025_C204,25,C,2,4,OPTIMAL,114.181,2,1,1,0,1,0.5,110.4068,0.0,3.7742,90,2.0,0.5,1.0
025_C204,25,C,2,5,OPTIMAL,303.6013,2,2,1,1,0,1.0,303.6013,0.0,0.0,90,2.0,0.5,1.0
025_C204,25,C,2,6,OPTIMAL,205.8429,2,2,2,0,0,1.0,205.8429,0.0,0.0,90,2.0,0.5,1.0
025_C204,25,C,2,7,OPTIMAL,306.4635,2,2,2,0,0,1.0,306.4635,0.0,0.0,90,2.0,0.5,1.0
025_C204,25,C,2,8,OPTIMAL,112.8126,2,2,2,0,0,1.0,112.8126,0.0,0.0,90,2.0,0.5,1.0
025_C204,25,C,2,9,OPTIMAL,91.3844,2,2,1,1,0,1.0,91.3844,0.0,0.0,90,2.0,0.5,1.0
025_C204,25,C,4,0,OPTIMAL,393.4024,4,4,4,0,0,1.0,393.4024,0.0,0.0,90,2.0,0.5,1.0
025_C204,25,C,4,1,OPTIMAL,324.3691,4,4,4,0,0,1.0,324.3691,0.0,0.0,90,2.0,0.5,1.0
025_C204,25,C,4,2,OPTIMAL,303.4995,4,3,3,0,1,0.75,303.3204,0.0,0.1791,90,2.0,0.5,1.0
025_C204,25,C,4,3,OPTIMAL,412.8575,4,4,3,1,0,1.0,412.8575,0.0,0.0,90,2.0,0.5,1.0
025_C204,25,C,4,4,OPTIMAL,426.8573,4,4,4,0,0,1.0,426.8573,0.0,0.0,90,2.0,0.5,1.0
025_C204,25,C,4,5,OPTIMAL,331.24,4,4,3,1,0,1.0,331.24,0.0,0.0,90,2.0,0.5,1.0
025_C204,25,C,4,6,OPTIMAL,394.8233,4,3,3,0,1,0.75,394.6199,0.0,0.2034,90,2.0,0.5,1.0
025_C204,25,C,4,7,OPTIMAL,499.2496,4,4,4,0,0,1.0,499.2496,0.0,0.0,90,2.0,0.5,1.0
025_C204,25,C,4,8,OPTIMAL,498.4633,4,4,3,1,0,1.0,498.4633,0.0,0.0,90,2.0,0.5,1.0
025_C204,25,C,4,9,OPTIMAL,417.8858,4,4,4,0,0,1.0,417.8858,0.0,0.0,90,2.0,0.5,1.0
025_C204,25,C,6,0,OPTIMAL,700.2858,6,6,5,1,0,1.0,700.2858,0.0,0.0,90,2.0,0.5,1.0
025_C204,25,C,6,1,OPTIMAL,631.3586,6,5,5,0,1,0.8333,624.1618,0.0,7.1967,90,2.0,0.5,1.0
025_C204,25,C,6,2,OPTIMAL,637.3001,6,6,5,1,0,1.0,637.3001,0.0,0.0,90,2.0,0.5,1.0
025_C204,25,C,6,3,OPTIMAL,556.3855,6,6,6,0,0,1.0,556.3855,0.0,0.0,90,2.0,0.5,1.0
025_C204,25,C,6,4,OPTIMAL,621.498,6,6,6,0,0,1.0,621.498,0.0,0.0,90,2.0,0.5,1.0
025_C204,25,C,6,5,OPTIMAL,441.8239,6,5,4,1,1,0.8333,429.8636,0.0,11.9603,90,2.0,0.5,1.0
025_C204,25,C,6,6,OPTIMAL,547.2312,6,6,6,0,0,1.0,547.2312,0.0,0.0,90,2.0,0.5,1.0
025_C204,25,C,6,7,OPTIMAL,592.4103,6,6,6,0,0,1.0,592.4103,0.0,0.0,90,2.0,0.5,1.0
025_C204,25,C,6,8,OPTIMAL,602.3198,6,6,6,0,0,1.0,602.3198,0.0,0.0,90,2.0,0.5,1.0
025_C204,25,C,6,9,OPTIMAL,598.1818,6,6,5,1,0,1.0,598.1818,0.0,0.0,90,2.0,0.5,1.0
025_C205,25,C,2,0,OPTIMAL,276.6732,2,2,2,0,0,1.0,276.6732,0.0,0.0,90,2.0,0.5,1.0
025_C205,25,C,2,1,OPTIMAL,158.3793,2,2,2,0,0,1.0,158.3793,0.0,0.0,90,2.0,0.5,1.0
025_C205,25,C,2,2,OPTIMAL,321.9957,2,2,2,0,0,1.0,321.9957,0.0,0.0,90,2.0,0.5,1.0
025_C205,25,C,2,3,OPTIMAL,112.2578,2,1,1,0,1,0.5,103.1393,0.0,9.1185,90,2.0,0.5,1.0
025_C205,25,C,2,4,OPTIMAL,193.3105,2,2,2,0,0,1.0,193.3105,0.0,0.0,90,2.0,0.5,1.0
025_C205,25,C,2,5,OPTIMAL,187.0657,2,1,1,0,1,0.5,146.4818,0.0,40.5839,90,2.0,0.5,1.0
025_C205,25,C,2,6,OPTIMAL,154.8377,2,1,1,0,1,0.5,147.0522,0.0,7.7855,90,2.0,0.5,1.0
025_C205,25,C,2,7,OPTIMAL,166.6531,2,1,1,0,1,0.5,151.2038,0.0,15.4493,90,2.0,0.5,1.0
025_C205,25,C,2,8,OPTIMAL,112.8126,2,2,2,0,0,1.0,112.8126,0.0,0.0,90,2.0,0.5,1.0
025_C205,25,C,2,9,OPTIMAL,19.0323,2,0,0,0,2,0.0,0.0,0.0,19.0323,90,2.0,0.5,1.0
025_C205,25,C,4,0,OPTIMAL,393.4024,4,4,4,0,0,1.0,393.4024,0.0,0.0,90,2.0,0.5,1.0
025_C205,25,C,4,1,OPTIMAL,235.277,4,3,3,0,1,0.75,234.7552,0.0,0.5218,90,2.0,0.5,1.0
025_C205,25,C,4,2,OPTIMAL,330.4201,4,3,3,0,1,0.75,319.6794,0.0,10.7407,90,2.0,0.5,1.0
025_C205,25,C,4,3,OPTIMAL,243.5676,4,2,2,0,2,0.5,239.3978,0.0,4.1698,90,2.0,0.5,1.0
025_C205,25,C,4,4,OPTIMAL,272.3175,4,3,3,0,1,0.75,268.5889,0.0,3.7286,90,2.0,0.5,1.0
025_C205,25,C,4,5,OPTIMAL,224.3911,4,2,2,0,2,0.5,204.2797,0.0,20.1114,90,2.0,0.5,1.0
025_C205,25,C,4,6,OPTIMAL,228.197,4,2,2,0,2,0.5,200.5602,0.0,27.6368,90,2.0,0.5,1.0
025_C205,25,C,4,7,OPTIMAL,352.6467,4,3,3,0,1,0.75,330.3767,0.0,22.27,90,2.0,0.5,1.0
025_C205,25,C,4,8,OPTIMAL,410.4149,4,3,3,0,1,0.75,377.3233,0.0,33.0916,90,2.0,0.5,1.0
025_C205,25,C,4,9,OPTIMAL,235.3516,4,2,2,0,2,0.5,223.8566,0.0,11.495,90,2.0,0.5,1.0
025_C205,25,C,6,0,OPTIMAL,548.8903,6,4,4,0,2,0.6667,473.0032,0.0,75.8871,90,2.0,0.5,1.0
025_C205,25,C,6,1,OPTIMAL,694.5346,6,6,6,0,0,1.0,694.5346,0.0,0.0,90,2.0,0.5,1.0
025_C205,25,C,6,2,OPTIMAL,637.3001,6,6,6,0,0,1.0,637.3001,0.0,0.0,90,2.0,0.5,1.0
025_C205,25,C,6,3,OPTIMAL,448.462,6,5,5,0,1,0.8333,404.0163,0.0,44.4457,90,2.0,0.5,1.0
025_C205,25,C,6,4,OPTIMAL,512.0336,6,4,4,0,2,0.6667,480.6244,0.0,31.4092,90,2.0,0.5,1.0
025_C205,25,C,6,5,OPTIMAL,541.5624,6,5,5,0,1,0.8333,534.6604,0.0,6.902,90,2.0,0.5,1.0
025_C205,25,C,6,6,OPTIMAL,477.5564,6,4,4,0,2,0.6667,462.0519,0.0,15.5045,90,2.0,0.5,1.0
025_C205,25,C,6,7,OPTIMAL,401.423,6,4,4,0,2,0.6667,385.9696,0.0,15.4534,90,2.0,0.5,1.0
025_C205,25,C,6,8,OPTIMAL,602.3198,6,6,6,0,0,1.0,602.3198,0.0,0.0,90,2.0,0.5,1.0
025_C205,25,C,6,9,OPTIMAL,453.9204,6,4,4,0,2,0.6667,437.0593,0.0,16.8611,90,2.0,0.5,1.0
025_C206,25,C,2,0,OPTIMAL,276.6732,2,2,2,0,0,1.0,276.6732,0.0,0.0,90,2.0,0.5,1.0
025_C206,25,C,2,1,OPTIMAL,158.3793,2,2,2,0,0,1.0,158.3793,0.0,0.0,90,2.0,0.5,1.0
025_C206,25,C,2,2,OPTIMAL,321.9957,2,2,2,0,0,1.0,321.9957,0.0,0.0,90,2.0,0.5,1.0
025_C206,25,C,2,3,OPTIMAL,253.7264,2,2,2,0,0,1.0,253.7264,0.0,0.0,90,2.0,0.5,1.0
025_C206,25,C,2,4,OPTIMAL,193.3105,2,2,2,0,0,1.0,193.3105,0.0,0.0,90,2.0,0.5,1.0
025_C206,25,C,2,5,OPTIMAL,208.9584,2,1,1,0,1,0.5,146.4818,0.0,62.4766,90,2.0,0.5,1.0
025_C206,25,C,2,6,OPTIMAL,59.5112,2,0,0,0,2,0.0,0.0,0.0,59.5112,90,2.0,0.5,1.0
025_C206,25,C,2,7,OPTIMAL,306.4635,2,2,2,0,0,1.0,306.4635,0.0,0.0,90,2.0,0.5,1.0
025_C206,25,C,2,8,OPTIMAL,112.8126,2,2,2,0,0,1.0,112.8126,0.0,0.0,90,2.0,0.5,1.0
025_C206,25,C,2,9,OPTIMAL,91.3844,2,2,2,0,0,1.0,91.3844,0.0,0.0,90,2.0,0.5,1.0
025_C206,25,C,4,0,OPTIMAL,374.2529,4,3,3,0,1,0.75,360.2849,0.0,13.968,90,2.0,0.5,1.0
025_C206,25,C,4,1,OPTIMAL,160.1953,4,2,2,0,2,0.5,146.9166,0.0,13.2787,90,2.0,0.5,1.0
025_C206,25,C,4,2,OPTIMAL,330.4201,4,3,3,0,1,0.75,319.6794,0.0,10.7407,90,2.0,0.5,1.0
025_C206,25,C,4,3,OPTIMAL,246.1653,4,2,2,0,2,0.5,172.5755,0.0,73.5898,90,2.0,0.5,1.0
025_C206,25,C,4,4,OPTIMAL,274.898,4,3,3,0,1,0.75,268.5889,0.0,6.3091,90,2.0,0.5,1.0
025_C206,25,C,4,5,OPTIMAL,331.24,4,4,4,0,0,1.0,331.24,0.0,0.0,90,2.0,0.5,1.0
025_C206,25,C,4,6,OPTIMAL,188.0644,4,2,1,1,2,0.5,162.7774,0.0,25.287,90,2.0,0.5,1.0
025_C206,25,C,4,7,OPTIMAL,405.6822,4,3,3,0,1,0.75,404.4801,0.0,1.2021,90,2.0,0.5,1.0
025_C206,25,C,4,8,OPTIMAL,353.3164,4,2,2,0,2,0.5,291.3846,0.0,61.9318,90,2.0,0.5,1.0
025_C206,25,C,4,9,OPTIMAL,237.211,4,2,2,0,2,0.5,223.8566,0.0,13.3544,90,2.0,0.5,1.0
025_C206,25,C,6,0,OPTIMAL,517.9824,6,3,3,0,3,0.5,449.1997,0.0,68.7827,90,2.0,0.5,1.0
025_C206,25,C,6,1,OPTIMAL,540.2645,6,4,4,0,2,0.6667,497.9282,0.0,42.3363,90,2.0,0.5,1.0
025_C206,25,C,6,2,OPTIMAL,637.3001,6,6,6,0,0,1.0,637.3001,0.0,0.0,90,2.0,0.5,1.0
025_C206,25,C,6,3,OPTIMAL,456.4166,6,5,5,0,1,0.8333,456.1273,0.0,0.2892,90,2.0,0.5,1.0
025_C206,25,C,6,4,OPTIMAL,621.498,6,6,6,0,0,1.0,621.498,0.0,0.0,90,2.0,0.5,1.0
025_C206,25,C,6,5,OPTIMAL,515.0409,6,5,5,0,1,0.8333,511.607,0.0,3.434,90,2.0,0.5,1.0
025_C206,25,C,6,6,OPTIMAL,501.3435,6,5,5,0,1,0.8333,493.4564,0.0,7.8871,90,2.0,0.5,1.0
025_C206,25,C,6,7,OPTIMAL,448.7901,6,4,4,0,2,0.6667,427.645,0.0,21.1451,90,2.0,0.5,1.0
025_C206,25,C,6,8,OPTIMAL,517.9753,6,4,3,1,2,0.6667,479.5021,0.0,38.4732,90,2.0,0.5,1.0
025_C206,25,C,6,9,OPTIMAL,469.7695,6,4,4,0,2,0.6667,447.2929,0.0,22.4766,90,2.0,0.5,1.0
025_C207,25,C,2,0,OPTIMAL,276.6732,2,2,2,0,0,1.0,276.6732,0.0,0.0,90,2.0,0.5,1.0
025_C207,25,C,2,1,OPTIMAL,106.5733,2,1,1,0,1,0.5,99.3909,0.0,7.1823,90,2.0,0.5,1.0
025_C207,25,C,2,2,OPTIMAL,321.9957,2,2,1,1,0,1.0,321.9957,0.0,0.0,90,2.0,0.5,1.0
025_C207,25,C,2,3,OPTIMAL,253.7264,2,2,2,0,0,1.0,253.7264,0.0,0.0,90,2.0,0.5,1.0
025_C207,25,C,2,4,OPTIMAL,122.2474,2,1,1,0,1,0.5,110.4068,0.0,11.8406,90,2.0,0.5,1.0
025_C207,25,C,2,5,OPTIMAL,303.6013,2,2,2,0,0,1.0,303.6013,0.0,0.0,90,2.0,0.5,1.0
025_C207,25,C,2,6,OPTIMAL,154.1721,2,1,1,0,1,0.5,147.0522,0.0,7.1199,90,2.0,0.5,1.0
025_C207,25,C,2,7,OPTIMAL,306.4635,2,2,2,0,0,1.0,306.4635,0.0,0.0,90,2.0,0.5,1.0
025_C207,25,C,2,8,OPTIMAL,112.8126,2,2,2,0,0,1.0,112.8126,0.0,0.0,90,2.0,0.5,1.0
025_C207,25,C,2,9,OPTIMAL,91.3844,2,2,2,0,0,1.0,91.3844,0.0,0.0,90,2.0,0.5,1.0
025_C207,25,C,4,0,OPTIMAL,229.1522,4,2,2,0,2,0.5,203.0729,0.0,26.0793,90,2.0,0.5,1.0
025_C207,25,C,4,1,OPTIMAL,106.8511,4,1,1,0,3,0.25,46.9828,0.0,59.8683,90,2.0,0.5,1.0
025_C207,25,C,4,2,OPTIMAL,339.9841,4,3,3,0,1,0.75,319.6794,0.0,20.3046,90,2.0,0.5,1.0
025_C207,25,C,4,3,OPTIMAL,349.7588,4,3,3,0,1,0.75,340.565,0.0,9.1938,90,2.0,0.5,1.0
025_C207,25,C,4,4,OPTIMAL,207.821,4,2,2,0,2,0.5,189.7238,0.0,18.0972,90,2.0,0.5,1.0
025_C207,25,C,4,5,OPTIMAL,331.24,4,4,4,0,0,1.0,331.24,0.0,0.0,90,2.0,0.5,1.0
025_C207,25,C,4,6,OPTIMAL,356.5508,4,3,2,1,1,0.75,326.0861,0.0,30.4647,90,2.0,0.5,1.0
025_C207,25,C,4,7,OPTIMAL,406.9033,4,3,3,0,1,0.75,404.4801,0.0,2.4232,90,2.0,0.5,1.0
025_C207,25,C,4,8,OPTIMAL,498.4633,4,4,3,1,0,1.0,498.4633,0.0,0.0,90,2.0,0.5,1.0
025_C207,25,C,4,9,OPTIMAL,111.103,4,1,1,0,3,0.25,94.3674,0.0,16.7356,90,2.0,0.5,1.0
025_C207,25,C,6,0,OPTIMAL,542.3072,6,4,4,0,2,0.6667,500.0645,0.0,42.2427,90,2.0,0.5,1.0
025_C207,25,C,6,1,OPTIMAL,450.891,6,4,4,0,2,0.6667,436.4089,0.0,14.4821,90,2.0,0.5,1.0
025_C207,25,C,6,2,OPTIMAL,603.996,6,5,5,0,1,0.8333,592.6614,0.0,11.3346,90,2.0,0.5,1.0
025_C207,25,C,6,3,OPTIMAL,427.8775,6,4,4,0,2,0.6667,386.8583,0.0,41.0192,90,2.0,0.5,1.0
025_C207,25,C,6,4,OPTIMAL,369.7656,6,4,3,1,2,0.6667,362.2861,0.0,7.4795,90,2.0,0.5,1.0
025_C207,25,C,6,5,OPTIMAL,524.201,6,5,5,0,1,0.8333,494.1799,0.0,30.0211,90,2.0,0.5,1.0
025_C207,25,C,6,6,OPTIMAL,384.3089,6,4,4,0,2,0.6667,360.9752,0.0,23.3337,90,2.0,0.5,1.0
025_C207,25,C,6,7,OPTIMAL,452.0304,6,5,5,0,1,0.8333,444.7965,0.0,7.2339,90,2.0,0.5,1.0
025_C207,25,C,6,8,OPTIMAL,458.5053,6,4,3,1,2,0.6667,420.3733,0.0,38.132,90,2.0,0.5,1.0
025_C207,25,C,6,9,OPTIMAL,449.4789,6,4,4,0,2,0.6667,447.2929,0.0,2.186,90,2.0,0.5,1.0
025_C208,25,C,2,0,OPTIMAL,276.6732,2,2,2,0,0,1.0,276.6732,0.0,0.0,90,2.0,0.5,1.0
025_C208,25,C,2,1,OPTIMAL,158.3793,2,2,2,0,0,1.0,158.3793,0.0,0.0,90,2.0,0.5,1.0
025_C208,25,C,2,2,OPTIMAL,321.9957,2,2,2,0,0,1.0,321.9957,0.0,0.0,90,2.0,0.5,1.0
025_C208,25,C,2,3,OPTIMAL,253.7264,2,2,2,0,0,1.0,253.7264,0.0,0.0,90,2.0,0.5,1.0
025_C208,25,C,2,4,OPTIMAL,119.9511,2,1,1,0,1,0.5,82.9038,0.0,37.0473,90,2.0,0.5,1.0
025_C208,25,C,2,5,OPTIMAL,303.6013,2,2,2,0,0,1.0,303.6013,0.0,0.0,90,2.0,0.5,1.0
025_C208,25,C,2,6,OPTIMAL,205.8429,2,2,2,0,0,1.0,205.8429,0.0,0.0,90,2.0,0.5,1.0
025_C208,25,C,2,7,OPTIMAL,306.4635,2,2,2,0,0,1.0,306.4635,0.0,0.0,90,2.0,0.5,1.0
025_C208,25,C,2,8,OPTIMAL,112.8126,2,2,2,0,0,1.0,112.8126,0.0,0.0,90,2.0,0.5,1.0
025_C208,25,C,2,9,OPTIMAL,91.3844,2,2,1,1,0,1.0,91.3844,0.0,0.0,90,2.0,0.5,1.0
025_C208,25,C,4,0,OPTIMAL,246.3458,4,3,2,1,1,0.75,236.1904,0.0,10.1554,90,2.0,0.5,1.0
025_C208,25,C,4,1,OPTIMAL,236.4795,4,3,3,0,1,0.75,234.7552,0.0,1.7243,90,2.0,0.5,1.0
025_C208,25,C,4,2,OPTIMAL,316.5633,4,3,3,0,1,0.75,303.3204,0.0,13.2429,90,2.0,0.5,1.0
025_C208,25,C,4,3,OPTIMAL,340.3977,4,3,3,0,1,0.75,339.6809,0.0,0.7168,90,2.0,0.5,1.0
025_C208,25,C,4,4,OPTIMAL,319.2753,4,3,3,0,1,0.75,283.3492,0.0,35.9261,90,2.0,0.5,1.0
025_C208,25,C,4,5,OPTIMAL,262.8103,4,3,3,0,1,0.75,246.3399,0.0,16.4704,90,2.0,0.5,1.0
025_C208,25,C,4,6,OPTIMAL,263.4187,4,2,2,0,2,0.5,241.1816,0.0,22.2372,90,2.0,0.5,1.0
025_C208,25,C,4,7,OPTIMAL,407.0509,4,3,3,0,1,0.75,404.4801,0.0,2.5708,90,2.0,0.5,1.0
025_C208,25,C,4,8,OPTIMAL,498.4633,4,4,4,0,0,1.0,498.4633,0.0,0.0,90,2.0,0.5,1.0
025_C208,25,C,4,9,OPTIMAL,417.8858,4,4,3,1,0,1.0,417.8858,0.0,0.0,90,2.0,0.5,1.0
025_C208,25,C,6,0,OPTIMAL,631.6373,6,5,5,0,1,0.8333,607.9627,0.0,23.6746,90,2.0,0.5,1.0
025_C208,25,C,6,1,OPTIMAL,486.0881,6,4,3,1,2,0.6667,481.6842,0.0,4.4039,90,2.0,0.5,1.0
025_C208,25,C,6,2,OPTIMAL,637.3001,6,6,6,0,0,1.0,637.3001,0.0,0.0,90,2.0,0.5,1.0
025_C208,25,C,6,3,OPTIMAL,510.8286,6,5,5,0,1,0.8333,507.6884,0.0,3.1401,90,2.0,0.5,1.0
025_C208,25,C,6,4,OPTIMAL,421.1994,6,3,3,0,3,0.5,395.392,0.0,25.8073,90,2.0,0.5,1.0
025_C208,25,C,6,5,OPTIMAL,520.5362,6,5,5,0,1,0.8333,511.607,0.0,8.9292,90,2.0,0.5,1.0
025_C208,25,C,6,6,OPTIMAL,463.8892,6,5,4,1,1,0.8333,456.9177,0.0,6.9714,90,2.0,0.5,1.0
025_C208,25,C,6,7,OPTIMAL,465.6495,6,5,5,0,1,0.8333,465.5907,0.0,0.0587,90,2.0,0.5,1.0
025_C208,25,C,6,8,OPTIMAL,602.3198,6,6,6,0,0,1.0,602.3198,0.0,0.0,90,2.0,0.5,1.0
025_C208,25,C,6,9,OPTIMAL,505.2429,6,5,4,1,1,0.8333,502.1511,0.0,3.0918,90,2.0,0.5,1.0
025_R101,25,R,2,0,OPTIMAL,3.9376,2,0,0,0,2,0.0,0.0,0.0,3.9376,90,2.0,0.5,1.0
025_R101,25,R,2,1,OPTIMAL,8.9964,2,0,0,0,2,0.0,0.0,0.0,8.9964,90,2.0,0.5,1.0
025_R101,25,R,2,2,OPTIMAL,162.9881,2,1,0,1,1,0.5,136.4663,0.0,26.5218,90,2.0,0.5,1.0
025_R101,25,R,2,3,OPTIMAL,80.1389,2,0,0,0,2,0.0,0.0,6.8484,73.2904,90,2.0,0.5,1.0
025_R101,25,R,2,4,OPTIMAL,0.2164,2,0,0,0,2,0.0,0.0,0.0,0.2164,90,2.0,0.5,1.0
025_R101,25,R,2,5,OPTIMAL,13.5247,2,0,0,0,2,0.0,0.0,0.0,13.5247,90,2.0,0.5,1.0
025_R101,25,R,2,6,OPTIMAL,147.6231,2,1,1,0,1,0.5,128.0515,0.0,19.5716,90,2.0,0.5,1.0
025_R101,25,R,2,7,OPTIMAL,24.2981,2,0,0,0,2,0.0,0.0,0.0,24.2981,90,2.0,0.5,1.0
025_R101,25,R,2,8,OPTIMAL,23.2414,2,0,0,0,2,0.0,0.0,0.0,23.2414,90,2.0,0.5,1.0
025_R101,25,R,2,9,OPTIMAL,4.3411,2,0,0,0,2,0.0,0.0,0.0,4.3411,90,2.0,0.5,1.0
025_R101,25,R,4,0,OPTIMAL,52.3605,4,0,0,0,4,0.0,0.0,0.0,52.3605,90,2.0,0.5,1.0
025_R101,25,R,4,1,OPTIMAL,13.4923,4,0,0,0,4,0.0,0.0,0.0,13.4923,90,2.0,0.5,1.0
025_R101,25,R,4,2,OPTIMAL,45.0013,4,0,0,0,4,0.0,0.0,1.599,43.4023,90,2.0,0.5,1.0
025_R101,25,R,4,3,OPTIMAL,75.5004,4,0,0,0,4,0.0,0.0,0.2846,75.2158,90,2.0,0.5,1.0
025_R101,25,R,4,4,OPTIMAL,47.744,4,0,0,0,4,0.0,0.0,0.3436,47.4004,90,2.0,0.5,1.0
025_R101,25,R,4,5,OPTIMAL,70.27,4,0,0,0,4,0.0,0.0,0.0,70.27,90,2.0,0.5,1.0
025_R101,25,R,4,6,OPTIMAL,18.7922,4,0,0,0,4,0.0,0.0,0.0,18.7922,90,2.0,0.5,1.0
025_R101,25,R,4,7,OPTIMAL,75.3616,4,0,0,0,4,0.0,0.0,0.0,75.3616,90,2.0,0.5,1.0
025_R101,25,R,4,8,OPTIMAL,85.5571,4,0,0,0,4,0.0,0.0,9.5862,75.9709,90,2.0,0.5,1.0
025_R101,25,R,4,9,OPTIMAL,144.2759,4,0,0,0,4,0.0,0.0,7.4532,136.8226,90,2.0,0.5,1.0
025_R101,25,R,6,0,OPTIMAL,62.2538,6,0,0,0,6,0.0,0.0,0.4135,61.8403,90,2.0,0.5,1.0
025_R101,25,R,6,1,OPTIMAL,72.4982,6,0,0,0,6,0.0,0.0,1.5369,70.9613,90,2.0,0.5,1.0
025_R101,25,R,6,2,OPTIMAL,153.7741,6,0,0,0,6,0.0,0.0,10.5244,143.2496,90,2.0,0.5,1.0
025_R101,25,R,6,3,OPTIMAL,136.3802,6,0,0,0,6,0.0,0.0,6.3944,129.9858,90,2.0,0.5,1.0
025_R101,25,R,6,4,OPTIMAL,27.1972,6,0,0,0,6,0.0,0.0,0.0,27.1972,90,2.0,0.5,1.0
025_R101,25,R,6,5,OPTIMAL,201.9116,6,1,0,1,5,0.1667,133.9153,2.9171,65.0792,90,2.0,0.5,1.0
025_R101,25,R,6,6,OPTIMAL,200.2232,6,1,1,0,5,0.1667,134.9515,4.733,60.5387,90,2.0,0.5,1.0
025_R101,25,R,6,7,OPTIMAL,268.9361,6,2,2,0,4,0.3333,252.6143,0.0,16.3219,90,2.0,0.5,1.0
025_R101,25,R,6,8,OPTIMAL,148.2177,6,1,0,1,5,0.1667,117.1596,0.0,31.0581,90,2.0,0.5,1.0
025_R101,25,R,6,9,OPTIMAL,42.2638,6,0,0,0,6,0.0,0.0,0.0,42.2638,90,2.0,0.5,1.0
025_R102,25,R,2,0,OPTIMAL,4.9634,2,0,0,0,2,0.0,0.0,0.0,4.9634,90,2.0,0.5,1.0
025_R102,25,R,2,1,OPTIMAL,8.862,2,0,0,0,2,0.0,0.0,0.0,8.862,90,2.0,0.5,1.0
025_R102,25,R,2,2,OPTIMAL,162.9881,2,1,1,0,1,0.5,136.4663,0.0,26.5218,90,2.0,0.5,1.0
025_R102,25,R,2,3,OPTIMAL,48.3147,2,0,0,0,2,0.0,0.0,0.0,48.3147,90,2.0,0.5,1.0
025_R102,25,R,2,4,OPTIMAL,0.2807,2,0,0,0,2,0.0,0.0,0.0,0.2807,90,2.0,0.5,1.0
025_R102,25,R,2,5,OPTIMAL,13.5247,2,0,0,0,2,0.0,0.0,0.0,13.5247,90,2.0,0.5,1.0
025_R102,25,R,2,6,OPTIMAL,50.0078,2,0,0,0,2,0.0,0.0,0.0,50.0078,90,2.0,0.5,1.0
025_R102,25,R,2,7,OPTIMAL,25.286,2,0,0,0,2,0.0,0.0,0.0,25.286,90,2.0,0.5,1.0
025_R102,25,R,2,8,OPTIMAL,19.7674,2,0,0,0,2,0.0,0.0,0.0,19.7674,90,2.0,0.5,1.0
025_R102,25,R,2,9,OPTIMAL,4.3411,2,0,0,0,2,0.0,0.0,0.0,4.3411,90,2.0,0.5,1.0
025_R102,25,R,4,0,OPTIMAL,68.0926,4,0,0,0,4,0.0,0.0,0.7265,67.3661,90,2.0,0.5,1.0
025_R102,25,R,4,1,OPTIMAL,18.3315,4,0,0,0,4,0.0,0.0,0.0,18.3315,90,2.0,0.5,1.0
025_R102,25,R,4,2,OPTIMAL,41.6263,4,0,0,0,4,0.0,0.0,0.6,41.0263,90,2.0,0.5,1.0
025_R102,25,R,4,3,OPTIMAL,73.218,4,0,0,0,4,0.0,0.0,0.0,73.218,90,2.0,0.5,1.0
025_R102,25,R,4,4,OPTIMAL,39.2938,4,0,0,0,4,0.0,0.0,0.0,39.2938,90,2.0,0.5,1.0
025_R102,25,R,4,5,OPTIMAL,57.0952,4,0,0,0,4,0.0,0.0,0.0,57.0952,90,2.0,0.5,1.0
025_R102,25,R,4,6,OPTIMAL,18.5411,4,0,0,0,4,0.0,0.0,0.0,18.5411,90,2.0,0.5,1.0
025_R102,25,R,4,7,OPTIMAL,155.5739,4,1,1,0,3,0.25,91.7265,0.0,63.8474,90,2.0,0.5,1.0
025_R102,25,R,4,8,OPTIMAL,137.5561,4,1,1,0,3,0.25,136.307,0.0,1.2491,90,2.0,0.5,1.0
025_R102,25,R,4,9,OPTIMAL,66.6601,4,0,0,0,4,0.0,0.0,0.0,66.6601,90,2.0,0.5,1.0
025_R102,25,R,6,0,OPTIMAL,42.801,6,0,0,0,6,0.0,0.0,0.0,42.801,90,2.0,0.5,1.0
025_R102,25,R,6,1,OPTIMAL,57.8875,6,0,0,0,6,0.0,0.0,0.0,57.8875,90,2.0,0.5,1.0
025_R102,25,R,6,2,OPTIMAL,111.9976,6,0,0,0,6,0.0,0.0,0.0,111.9976,90,2.0,0.5,1.0
025_R102,25,R,6,3,OPTIMAL,115.7744,6,0,0,0,6,0.0,0.0,0.0,115.7744,90,2.0,0.5,1.0
025_R102,25,R,6,4,OPTIMAL,24.2689,6,0,0,0,6,0.0,0.0,0.0,24.2689,90,2.0,0.5,1.0
025_R102,25,R,6,5,OPTIMAL,183.9913,6,1,1,0,5,0.1667,133.9153,0.0,50.0759,90,2.0,0.5,1.0
025_R102,25,R,6,6,OPTIMAL,82.5838,6,0,0,0,6,0.0,0.0,4.2862,78.2975,90,2.0,0.5,1.0
025_R102,25,R,6,7,OPTIMAL,164.5309,6,1,1,0,5,0.1667,131.886,0.0,32.6449,90,2.0,0.5,1.0
025_R102,25,R,6,8,OPTIMAL,148.212,6,1,1,0,5,0.1667,117.1596,0.0,31.0524,90,2.0,0.5,1.0
025_R102,25,R,6,9,OPTIMAL,46.8929,6,0,0,0,6,0.0,0.0,0.0,46.8929,90,2.0,0.5,1.0
025_R103,25,R,2,0,OPTIMAL,3.9376,2,0,0,0,2,0.0,0.0,0.0,3.9376,90,2.0,0.5,1.0
025_R103,25,R,2,1,OPTIMAL,12.0224,2,0,0,0,2,0.0,0.0,0.0,12.0224,90,2.0,0.5,1.0
025_R103,25,R,2,2,OPTIMAL,162.9881,2,1,1,0,1,0.5,136.4663,0.0,26.5218,90,2.0,0.5,1.0
025_R103,25,R,2,3,OPTIMAL,50.3146,2,0,0,0,2,0.0,0.0,0.0,50.3146,90,2.0,0.5,1.0
025_R103,25,R,2,4,OPTIMAL,5.3544,2,0,0,0,2,0.0,0.0,0.0,5.3544,90,2.0,0.5,1.0
025_R103,25,R,2,5,OPTIMAL,13.5247,2,0,0,0,2,0.0,0.0,0.0,13.5247,90,2.0,0.5,1.0
025_R103,25,R,2,6,OPTIMAL,23.5999,2,0,0,0,2,0.0,0.0,0.0,23.5999,90,2.0,0.5,1.0
025_R103,25,R,2,7,OPTIMAL,25.286,2,0,0,0,2,0.0,0.0,0.0,25.286,90,2.0,0.5,1.0
025_R103,25,R,2,8,OPTIMAL,29.1916,2,0,0,0,2,0.0,0.0,0.0,29.1916,90,2.0,0.5,1.0
025_R103,25,R,2,9,OPTIMAL,4.3411,2,0,0,0,2,0.0,0.0,0.0,4.3411,90,2.0,0.5,1.0
025_R103,25,R,4,0,OPTIMAL,134.4954,4,0,0,0,4,0.0,0.0,6.8863,127.6091,90,2.0,0.5,1.0
025_R103,25,R,4,1,OPTIMAL,38.3583,4,0,0,0,4,0.0,0.0,0.0,38.3583,90,2.0,0.5,1.0
025_R103,25,R,4,2,OPTIMAL,30.4011,4,0,0,0,4,0.0,0.0,0.0,30.4011,90,2.0,0.5,1.0
025_R103,25,R,4,3,OPTIMAL,72.0609,4,0,0,0,4,0.0,0.0,0.0,72.0609,90,2.0,0.5,1.0
025_R103,25,R,4,4,OPTIMAL,40.2462,4,0,0,0,4,0.0,0.0,0.0,40.2462,90,2.0,0.5,1.0
025_R103,25,R,4,5,OPTIMAL,88.5083,4,0,0,0,4,0.0,0.0,0.0,88.5083,90,2.0,0.5,1.0
025_R103,25,R,4,6,OPTIMAL,17.4864,4,0,0,0,4,0.0,0.0,0.0,17.4864,90,2.0,0.5,1.0
025_R103,25,R,4,7,OPTIMAL,145.8052,4,1,0,1,3,0.25,91.7265,0.0,54.0786,90,2.0,0.5,1.0
025_R103,25,R,4,8,OPTIMAL,137.5561,4,1,1,0,3,0.25,136.307,0.0,1.2491,90,2.0,0.5,1.0
025_R103,25,R,4,9,OPTIMAL,57.7105,4,0,0,0,4,0.0,0.0,0.0,57.7105,90,2.0,0.5,1.0
025_R103,25,R,6,0,OPTIMAL,67.7818,6,0,0,0,6,0.0,0.0,0.0,67.7818,90,2.0,0.5,1.0
025_R103,25,R,6,1,OPTIMAL,146.3292,6,1,0,1,5,0.1667,96.5284,0.0,49.8008,90,2.0,0.5,1.0
025_R103,25,R,6,2,OPTIMAL,188.6162,6,0,0,0,6,0.0,0.0,11.82,176.7962,90,2.0,0.5,1.0
025_R103,25,R,6,3,OPTIMAL,129.4101,6,0,0,0,6,0.0,0.0,0.458,128.9521,90,2.0,0.5,1.0
025_R103,25,R,6,4,OPTIMAL,30.3805,6,0,0,0,6,0.0,0.0,0.0,30.3805,90,2.0,0.5,1.0
025_R103,25,R,6,5,OPTIMAL,223.5232,6,1,0,1,5,0.1667,133.9153,0.0,89.6079,90,2.0,0.5,1.0
025_R103,25,R,6,6,OPTIMAL,122.4741,6,0,0,0,6,0.0,0.0,0.0,122.4741,90,2.0,0.5,1.0
025_R103,25,R,6,7,OPTIMAL,163.5824,6,1,1,0,5,0.1667,131.886,0.0,31.6963,90,2.0,0.5,1.0
025_R103,25,R,6,8,OPTIMAL,185.6279,6,1,1,0,5,0.1667,117.1596,0.0,68.4683,90,2.0,0.5,1.0
025_R103,25,R,6,9,OPTIMAL,63.4052,6,0,0,0,6,0.0,0.0,0.0,63.4052,90,2.0,0.5,1.0
025_R104,25,R,2,0,OPTIMAL,25.312,2,0,0,0,2,0.0,0.0,0.0,25.312,90,2.0,0.5,1.0
025_R104,25,R,2,1,OPTIMAL,46.1031,2,0,0,0,2,0.0,0.0,0.0,46.1031,90,2.0,0.5,1.0
025_R104,25,R,2,2,OPTIMAL,137.5404,2,1,1,0,1,0.5,136.4663,0.0,1.0741,90,2.0,0.5,1.0
025_R104,25,R,2,3,OPTIMAL,61.2849,2,0,0,0,2,0.0,0.0,4.4076,56.8773,90,2.0,0.5,1.0
025_R104,25,R,2,4,OPTIMAL,21.311,2,0,0,0,2,0.0,0.0,0.0,21.311,90,2.0,0.5,1.0
025_R104,25,R,2,5,OPTIMAL,122.3001,2,1,1,0,1,0.5,121.4611,0.0,0.839,90,2.0,0.5,1.0
025_R104,25,R,2,6,OPTIMAL,134.8708,2,1,1,0,1,0.5,130.8425,0.0,4.0283,90,2.0,0.5,1.0
025_R104,25,R,2,7,OPTIMAL,2.8581,2,0,0,0,2,0.0,0.0,0.0,2.8581,90,2.0,0.5,1.0
025_R104,25,R,2,8,OPTIMAL,72.1841,2,0,0,0,2,0.0,0.0,1.9005,70.2836,90,2.0,0.5,1.0
025_R104,25,R,2,9,OPTIMAL,14.8547,2,0,0,0,2,0.0,0.0,0.0,14.8547,90,2.0,0.5,1.0
025_R104,25,R,4,0,OPTIMAL,129.8185,4,1,1,0,3,0.25,78.4279,0.2265,51.164,90,2.0,0.5,1.0
025_R104,25,R,4,1,OPTIMAL,165.9968,4,1,1,0,3,0.25,119.7308,0.0,46.266,90,2.0,0.5,1.0
025_R104,25,R,4,2,OPTIMAL,75.11,4,0,0,0,4,0.0,0.0,6.5067,68.6033,90,2.0,0.5,1.0
025_R104,25,R,4,3,OPTIMAL,198.0207,4,1,1,0,3,0.25,100.0838,0.0,97.9369,90,2.0,0.5,1.0
025_R104,25,R,4,4,OPTIMAL,41.0108,4,0,0,0,4,0.0,0.0,0.0,41.0108,90,2.0,0.5,1.0
025_R104,25,R,4,5,OPTIMAL,135.6607,4,0,0,0,4,0.0,0.0,10.0569,125.6038,90,2.0,0.5,1.0
025_R104,25,R,4,6,OPTIMAL,44.586,4,0,0,0,4,0.0,0.0,0.0,44.586,90,2.0,0.5,1.0
025_R104,25,R,4,7,OPTIMAL,99.9535,4,0,0,0,4,0.0,0.0,5.7312,94.2223,90,2.0,0.5,1.0
025_R104,25,R,4,8,OPTIMAL,79.8852,4,0,0,0,4,0.0,0.0,0.0,79.8852,90,2.0,0.5,1.0
025_R104,25,R,4,9,OPTIMAL,148.4085,4,1,0,1,3,0.25,127.2371,0.0,21.1714,90,2.0,0.5,1.0
025_R104,25,R,6,0,OPTIMAL,250.7976,6,1,0,1,5,0.1667,101.9693,11.7445,137.0838,90,2.0,0.5,1.0
025_R104,25,R,6,1,OPTIMAL,368.8393,6,2,2,0,4,0.3333,231.165,15.5558,122.1185,90,2.0,0.5,1.0
025_R104,25,R,6,2,OPTIMAL,291.6085,6,1,1,0,5,0.1667,130.1838,0.0,161.4247,90,2.0,0.5,1.0
025_R104,25,R,6,3,OPTIMAL,361.9409,6,3,1,2,3,0.5,306.3307,0.0,55.6102,90,2.0,0.5,1.0
025_R104,25,R,6,4,OPTIMAL,200.0357,6,1,1,0,5,0.1667,132.8954,0.0,67.1402,90,2.0,0.5,1.0
025_R104,25,R,6,5,OPTIMAL,227.6669,6,1,1,0,5,0.1667,142.6202,0.0,85.0467,90,2.0,0.5,1.0
025_R104,25,R,6,6,OPTIMAL,147.4126,6,0,0,0,6,0.0,0.0,11.1812,136.2314,90,2.0,0.5,1.0
025_R104,25,R,6,7,OPTIMAL,295.3298,6,2,2,0,4,0.3333,236.9119,6.4857,51.9323,90,2.0,0.5,1.0
025_R104,25,R,6,8,OPTIMAL,252.5708,6,2,2,0,4,0.3333,201.0771,0.0,51.4937,90,2.0,0.5,1.0
025_R104,25,R,6,9,OPTIMAL,222.9403,6,2,1,1,4,0.3333,190.1393,0.0,32.8011,90,2.0,0.5,1.0
025_R105,25,R,2,0,OPTIMAL,25.2862,2,0,0,0,2,0.0,0.0,0.0,25.2862,90,2.0,0.5,1.0
025_R105,25,R,2,1,OPTIMAL,43.0771,2,0,0,0,2,0.0,0.0,0.0,43.0771,90,2.0,0.5,1.0
025_R105,25,R,2,2,OPTIMAL,170.5654,2,1,1,0,1,0.5,136.4663,0.0,34.0991,90,2.0,0.5,1.0
025_R105,25,R,2,3,OPTIMAL,16.0516,2,0,0,0,2,0.0,0.0,0.0,16.0516,90,2.0,0.5,1.0
025_R105,25,R,2,4,OPTIMAL,18.5147,2,0,0,0,2,0.0,0.0,0.0,18.5147,90,2.0,0.5,1.0
025_R105,25,R,2,5,OPTIMAL,61.2703,2,0,0,0,2,0.0,0.0,0.0,61.2703,90,2.0,0.5,1.0
025_R105,25,R,2,6,OPTIMAL,147.6231,2,1,1,0,1,0.5,128.0515,0.0,19.5716,90,2.0,0.5,1.0
025_R105,25,R,2,7,OPTIMAL,27.7917,2,0,0,0,2,0.0,0.0,0.0,27.7917,90,2.0,0.5,1.0
025_R105,25,R,2,8,OPTIMAL,70.3582,2,0,0,0,2,0.0,0.0,0.0,70.3582,90,2.0,0.5,1.0
025_R105,25,R,2,9,OPTIMAL,14.8547,2,0,0,0,2,0.0,0.0,0.0,14.8547,90,2.0,0.5,1.0
025_R105,25,R,4,0,OPTIMAL,175.9234,4,0,0,0,4,0.0,0.0,1.5778,174.3456,90,2.0,0.5,1.0
025_R105,25,R,4,1,OPTIMAL,35.8405,4,0,0,0,4,0.0,0.0,0.0,35.8405,90,2.0,0.5,1.0
025_R105,25,R,4,2,OPTIMAL,13.9448,4,0,0,0,4,0.0,0.0,0.0,13.9448,90,2.0,0.5,1.0
025_R105,25,R,4,3,OPTIMAL,83.7642,4,0,0,0,4,0.0,0.0,0.0,83.7642,90,2.0,0.5,1.0
025_R105,25,R,4,4,OPTIMAL,32.4593,4,0,0,0,4,0.0,0.0,0.0,32.4593,90,2.0,0.5,1.0
025_R105,25,R,4,5,OPTIMAL,48.7778,4,0,0,0,4,0.0,0.0,0.0,48.7778,90,2.0,0.5,1.0
025_R105,25,R,4,6,OPTIMAL,77.5665,4,0,0,0,4,0.0,0.0,0.0,77.5665,90,2.0,0.5,1.0
025_R105,25,R,4,7,OPTIMAL,72.1991,4,0,0,0,4,0.0,0.0,0.0,72.1991,90,2.0,0.5,1.0
025_R105,25,R,4,8,OPTIMAL,29.4566,4,0,0,0,4,0.0,0.0,0.0,29.4566,90,2.0,0.5,1.0
025_R105,25,R,4,9,OPTIMAL,122.7677,4,0,0,0,4,0.0,0.0,0.0,122.7677,90,2.0,0.5,1.0
025_R105,25,R,6,0,OPTIMAL,117.9423,6,0,0,0,6,0.0,0.0,0.0,117.9423,90,2.0,0.5,1.0
025_R105,25,R,6,1,OPTIMAL,87.6312,6,0,0,0,6,0.0,0.0,2.782,84.8492,90,2.0,0.5,1.0
025_R105,25,R,6,2,OPTIMAL,196.3427,6,1,1,0,5,0.1667,130.1838,0.0,66.1589,90,2.0,0.5,1.0
025_R105,25,R,6,3,OPTIMAL,121.1511,6,0,0,0,6,0.0,0.0,0.0,121.1511,90,2.0,0.5,1.0
025_R105,25,R,6,4,OPTIMAL,103.1631,6,0,0,0,6,0.0,0.0,0.0,103.1631,90,2.0,0.5,1.0
025_R105,25,R,6,5,OPTIMAL,121.9186,6,0,0,0,6,0.0,0.0,0.0,121.9186,90,2.0,0.5,1.0
025_R105,25,R,6,6,OPTIMAL,155.0204,6,0,0,0,6,0.0,0.0,0.0,155.0204,90,2.0,0.5,1.0
025_R105,25,R,6,7,OPTIMAL,259.6887,6,1,1,0,5,0.1667,120.7282,0.0,138.9605,90,2.0,0.5,1.0
025_R105,25,R,6,8,OPTIMAL,164.6521,6,0,0,0,6,0.0,0.0,0.0,164.6521,90,2.0,0.5,1.0
025_R105,25,R,6,9,OPTIMAL,42.6595,6,0,0,0,6,0.0,0.0,0.0,42.6595,90,2.0,0.5,1.0
025_R106,25,R,2,0,OPTIMAL,23.3949,2,0,0,0,2,0.0,0.0,0.0,23.3949,90,2.0,0.5,1.0
025_R106,25,R,2,1,OPTIMAL,8.862,2,0,0,0,2,0.0,0.0,0.0,8.862,90,2.0,0.5,1.0
025_R106,25,R,2,2,OPTIMAL,169.1619,2,1,0,1,1,0.5,136.4663,0.0,32.6956,90,2.0,0.5,1.0
025_R106,25,R,2,3,OPTIMAL,125.4339,2,1,0,1,1,0.5,123.7757,0.0,1.6582,90,2.0,0.5,1.0
025_R106,25,R,2,4,OPTIMAL,5.3544,2,0,0,0,2,0.0,0.0,0.0,5.3544,90,2.0,0.5,1.0
025_R106,25,R,2,5,OPTIMAL,13.5247,2,0,0,0,2,0.0,0.0,0.0,13.5247,90,2.0,0.5,1.0
025_R106,25,R,2,6,OPTIMAL,60.0078,2,0,0,0,2,0.0,0.0,0.0,60.0078,90,2.0,0.5,1.0
025_R106,25,R,2,7,OPTIMAL,27.376,2,0,0,0,2,0.0,0.0,0.0,27.376,90,2.0,0.5,1.0
025_R106,25,R,2,8,OPTIMAL,57.4429,2,0,0,0,2,0.0,0.0,0.0,57.4429,90,2.0,0.5,1.0
025_R106,25,R,2,9,OPTIMAL,4.3411,2,0,0,0,2,0.0,0.0,0.0,4.3411,90,2.0,0.5,1.0
025_R106,25,R,4,0,OPTIMAL,63.3313,4,0,0,0,4,0.0,0.0,0.0,63.3313,90,2.0,0.5,1.0
025_R106,25,R,4,1,OPTIMAL,98.4748,4,1,0,1,3,0.25,71.0414,0.0,27.4334,90,2.0,0.5,1.0
025_R106,25,R,4,2,OPTIMAL,29.8262,4,0,0,0,4,0.0,0.0,0.0,29.8262,90,2.0,0.5,1.0
025_R106,25,R,4,3,OPTIMAL,170.0183,4,1,1,0,3,0.25,100.0838,0.0,69.9345,90,2.0,0.5,1.0
025_R106,25,R,4,4,OPTIMAL,45.3082,4,0,0,0,4,0.0,0.0,0.0,45.3082,90,2.0,0.5,1.0
025_R106,25,R,4,5,OPTIMAL,163.3702,4,1,0,1,3,0.25,115.6062,0.0,47.764,90,2.0,0.5,1.0
025_R106,25,R,4,6,OPTIMAL,27.8929,4,0,0,0,4,0.0,0.0,0.0,27.8929,90,2.0,0.5,1.0
025_R106,25,R,4,7,OPTIMAL,111.8324,4,0,0,0,4,0.0,0.0,1.4939,110.3385,90,2.0,0.5,1.0
025_R106,25,R,4,8,OPTIMAL,106.3385,4,1,0,1,3,0.25,100.6177,0.0,5.7208,90,2.0,0.5,1.0
025_R106,25,R,4,9,OPTIMAL,190.7748,4,1,0,1,3,0.25,127.2371,0.0,63.5377,90,2.0,0.5,1.0
025_R106,25,R,6,0,OPTIMAL,81.5308,6,0,0,0,6,0.0,0.0,0.0,81.5308,90,2.0,0.5,1.0
025_R106,25,R,6,1,OPTIMAL,242.8126,6,2,0,2,4,0.3333,209.9469,0.0,32.8657,90,2.0,0.5,1.0
025_R106,25,R,6,2,OPTIMAL,203.8017,6,1,1,0,5,0.1667,130.1838,0.0,73.6179,90,2.0,0.5,1.0
025_R106,25,R,6,3,OPTIMAL,166.8993,6,0,0,0,6,0.0,0.0,0.0,166.8993,90,2.0,0.5,1.0
025_R106,25,R,6,4,OPTIMAL,66.5851,6,0,0,0,6,0.0,0.0,0.0,66.5851,90,2.0,0.5,1.0
025_R106,25,R,6,5,OPTIMAL,235.0218,6,1,1,0,5,0.1667,133.9153,0.0,101.1064,90,2.0,0.5,1.0
025_R106,25,R,6,6,OPTIMAL,98.8666,6,0,0,0,6,0.0,0.0,0.0,98.8666,90,2.0,0.5,1.0
025_R106,25,R,6,7,OPTIMAL,226.8605,6,1,1,0,5,0.1667,131.886,0.0,94.9745,90,2.0,0.5,1.0
025_R106,25,R,6,8,OPTIMAL,209.3335,6,1,1,0,5,0.1667,117.1596,0.0,92.1739,90,2.0,0.5,1.0
025_R106,25,R,6,9,OPTIMAL,109.5086,6,1,0,1,5,0.1667,59.9873,0.0,49.5213,90,2.0,0.5,1.0
025_R107,25,R,2,0,OPTIMAL,3.9376,2,0,0,0,2,0.0,0.0,0.0,3.9376,90,2.0,0.5,1.0
025_R107,25,R,2,1,OPTIMAL,12.0224,2,0,0,0,2,0.0,0.0,0.0,12.0224,90,2.0,0.5,1.0
025_R107,25,R,2,2,OPTIMAL,162.9881,2,1,1,0,1,0.5,136.4663,0.0,26.5218,90,2.0,0.5,1.0
025_R107,25,R,2,3,OPTIMAL,27.0888,2,0,0,0,2,0.0,0.0,0.0,27.0888,90,2.0,0.5,1.0
025_R107,25,R,2,4,OPTIMAL,21.311,2,0,0,0,2,0.0,0.0,0.0,21.311,90,2.0,0.5,1.0
025_R107,25,R,2,5,OPTIMAL,13.5247,2,0,0,0,2,0.0,0.0,0.0,13.5247,90,2.0,0.5,1.0
025_R107,25,R,2,6,OPTIMAL,27.554,2,0,0,0,2,0.0,0.0,0.0,27.554,90,2.0,0.5,1.0
025_R107,25,R,2,7,OPTIMAL,25.286,2,0,0,0,2,0.0,0.0,0.0,25.286,90,2.0,0.5,1.0
025_R107,25,R,2,8,OPTIMAL,29.1916,2,0,0,0,2,0.0,0.0,0.0,29.1916,90,2.0,0.5,1.0
025_R107,25,R,2,9,OPTIMAL,4.3411,2,0,0,0,2,0.0,0.0,0.0,4.3411,90,2.0,0.5,1.0
025_R107,25,R,4,0,OPTIMAL,68.8778,4,0,0,0,4,0.0,0.0,0.0,68.8778,90,2.0,0.5,1.0
025_R107,25,R,4,1,OPTIMAL,35.755,4,0,0,0,4,0.0,0.0,0.0,35.755,90,2.0,0.5,1.0
025_R107,25,R,4,2,OPTIMAL,39.0781,4,0,0,0,4,0.0,0.0,0.0,39.0781,90,2.0,0.5,1.0
025_R107,25,R,4,3,OPTIMAL,180.2284,4,1,1,0,3,0.25,100.0838,0.0,80.1446,90,2.0,0.5,1.0
025_R107,25,R,4,4,OPTIMAL,40.2462,4,0,0,0,4,0.0,0.0,0.0,40.2462,90,2.0,0.5,1.0
025_R107,25,R,4,5,OPTIMAL,145.908,4,0,0,0,4,0.0,0.0,2.2193,143.6886,90,2.0,0.5,1.0
025_R107,25,R,4,6,OPTIMAL,20.6549,4,0,0,0,4,0.0,0.0,0.0,20.6549,90,2.0,0.5,1.0
025_R107,25,R,4,7,OPTIMAL,106.4375,4,0,0,0,4,0.0,0.0,0.0,106.4375,90,2.0,0.5,1.0
025_R107,25,R,4,8,OPTIMAL,6.1714,4,0,0,0,4,0.0,0.0,0.0,6.1714,90,2.0,0.5,1.0
025_R107,25,R,4,9,OPTIMAL,57.7105,4,0,0,0,4,0.0,0.0,0.0,57.7105,90,2.0,0.5,1.0
025_R107,25,R,6,0,OPTIMAL,54.3052,6,0,0,0,6,0.0,0.0,0.0,54.3052,90,2.0,0.5,1.0
025_R107,25,R,6,1,OPTIMAL,213.5956,6,1,1,0,5,0.1667,134.6367,0.0,78.959,90,2.0,0.5,1.0
025_R107,25,R,6,2,OPTIMAL,207.4567,6,1,1,0,5,0.1667,130.1838,0.0,77.273,90,2.0,0.5,1.0
025_R107,25,R,6,3,OPTIMAL,134.7652,6,0,0,0,6,0.0,0.0,0.0,134.7652,90,2.0,0.5,1.0
025_R107,25,R,6,4,OPTIMAL,73.4545,6,0,0,0,6,0.0,0.0,0.0,73.4545,90,2.0,0.5,1.0
025_R107,25,R,6,5,OPTIMAL,163.5414,6,0,0,0,6,0.0,0.0,0.0,163.5414,90,2.0,0.5,1.0
025_R107,25,R,6,6,OPTIMAL,113.6389,6,0,0,0,6,0.0,0.0,0.0,113.6389,90,2.0,0.5,1.0
025_R107,25,R,6,7,OPTIMAL,161.8985,6,1,1,0,5,0.1667,131.886,0.0,30.0124,90,2.0,0.5,1.0
025_R107,25,R,6,8,OPTIMAL,179.9165,6,1,1,0,5,0.1667,117.1596,0.0,62.7569,90,2.0,0.5,1.0
025_R107,25,R,6,9,OPTIMAL,55.6405,6,0,0,0,6,0.0,0.0,0.0,55.6405,90,2.0,0.5,1.0
025_R108,25,R,2,0,OPTIMAL,25.2862,2,0,0,0,2,0.0,0.0,0.0,25.2862,90,2.0,0.5,1.0
025_R108,25,R,2,1,OPTIMAL,46.1031,2,0,0,0,2,0.0,0.0,0.0,46.1031,90,2.0,0.5,1.0
025_R108,25,R,2,2,OPTIMAL,162.9881,2,1,1,0,1,0.5,136.4663,0.0,26.5218,90,2.0,0.5,1.0
025_R108,25,R,2,3,OPTIMAL,124.4402,2,1,0,1,1,0.5,123.7757,0.0,0.6644,90,2.0,0.5,1.0
025_R108,25,R,2,4,OPTIMAL,169.9648,2,1,1,0,1,0.5,140.7174,0.0,29.2475,90,2.0,0.5,1.0
025_R108,25,R,2,5,OPTIMAL,184.6482,2,1,0,1,1,0.5,144.068,0.0,40.5802,90,2.0,0.5,1.0
025_R108,25,R,2,6,OPTIMAL,134.8708,2,1,1,0,1,0.5,130.8425,0.0,4.0283,90,2.0,0.5,1.0
025_R108,25,R,2,7,OPTIMAL,25.286,2,0,0,0,2,0.0,0.0,0.0,25.286,90,2.0,0.5,1.0
025_R108,25,R,2,8,OPTIMAL,78.3855,2,1,0,1,1,0.5,55.3283,0.0,23.0572,90,2.0,0.5,1.0
025_R108,25,R,2,9,OPTIMAL,14.8547,2,0,0,0,2,0.0,0.0,0.0,14.8547,90,2.0,0.5,1.0
025_R108,25,R,4,0,OPTIMAL,233.8313,4,2,2,0,2,0.5,191.9694,0.0,41.8619,90,2.0,0.5,1.0
025_R108,25,R,4,1,OPTIMAL,226.2664,4,2,1,1,2,0.5,190.7722,0.0,35.4941,90,2.0,0.5,1.0
025_R108,25,R,4,2,OPTIMAL,117.7101,4,1,1,0,3,0.25,107.9342,0.0,9.7758,90,2.0,0.5,1.0
025_R108,25,R,4,3,OPTIMAL,258.1897,4,2,1,1,2,0.5,216.3259,0.0,41.8638,90,2.0,0.5,1.0
025_R108,25,R,4,4,OPTIMAL,40.2462,4,0,0,0,4,0.0,0.0,0.0,40.2462,90,2.0,0.5,1.0
025_R108,25,R,4,5,OPTIMAL,153.6718,4,1,1,0,3,0.25,115.6062,0.0,38.0656,90,2.0,0.5,1.0
025_R108,25,R,4,6,OPTIMAL,46.398,4,0,0,0,4,0.0,0.0,0.0,46.398,90,2.0,0.5,1.0
025_R108,25,R,4,7,OPTIMAL,345.3092,4,2,0,2,2,0.5,290.9546,0.0,54.3546,90,2.0,0.5,1.0
025_R108,25,R,4,8,OPTIMAL,158.5172,4,1,0,1,3,0.25,100.6177,0.0,57.8995,90,2.0,0.5,1.0
025_R108,25,R,4,9,OPTIMAL,138.0381,4,1,0,1,3,0.25,90.9117,0.0,47.1264,90,2.0,0.5,1.0
025_R108,25,R,6,0,OPTIMAL,297.1135,6,2,1,1,4,0.3333,240.0434,0.0,57.0701,90,2.0,0.5,1.0
025_R108,25,R,6,1,OPTIMAL,384.5097,6,3,3,0,3,0.5,344.5835,2.782,37.1442,90,2.0,0.5,1.0
025_R108,25,R,6,2,OPTIMAL,424.1182,6,3,2,1,3,0.5,380.5774,0.0,43.5409,90,2.0,0.5,1.0
025_R108,25,R,6,3,OPTIMAL,330.0856,6,2,0,2,4,0.3333,231.7331,0.0,98.3526,90,2.0,0.5,1.0
025_R108,25,R,6,4,OPTIMAL,243.6454,6,2,1,1,4,0.3333,195.9726,0.0,47.6729,90,2.0,0.5,1.0
025_R108,25,R,6,5,OPTIMAL,300.2288,6,2,1,1,4,0.3333,220.6575,0.0,79.5713,90,2.0,0.5,1.0
025_R108,25,R,6,6,OPTIMAL,213.4454,6,1,0,1,5,0.1667,121.4984,0.0,91.9471,90,2.0,0.5,1.0
025_R108,25,R,6,7,OPTIMAL,322.2092,6,2,2,0,4,0.3333,236.9119,0.0,85.2973,90,2.0,0.5,1.0
025_R108,25,R,6,8,OPTIMAL,260.8232,6,2,1,1,4,0.3333,201.0771,0.0,59.7461,90,2.0,0.5,1.0
025_R108,25,R,6,9,OPTIMAL,224.6925,6,2,1,1,4,0.3333,190.1393,0.0,34.5532,90,2.0,0.5,1.0
025_R109,25,R,2,0,OPTIMAL,25.2862,2,0,0,0,2,0.0,0.0,0.0,25.2862,90,2.0,0.5,1.0
025_R109,25,R,2,1,OPTIMAL,108.0256,2,1,1,0,1,0.5,107.5156,0.0,0.51,90,2.0,0.5,1.0
025_R109,25,R,2,2,OPTIMAL,63.9172,2,0,0,0,2,0.0,0.0,0.0,63.9172,90,2.0,0.5,1.0
025_R109,25,R,2,3,OPTIMAL,1.9117,2,0,0,0,2,0.0,0.0,0.0,1.9117,90,2.0,0.5,1.0
025_R109,25,R,2,4,OPTIMAL,18.5147,2,0,0,0,2,0.0,0.0,0.0,18.5147,90,2.0,0.5,1.0
025_R109,25,R,2,5,OPTIMAL,33.3758,2,0,0,0,2,0.0,0.0,0.0,33.3758,90,2.0,0.5,1.0
025_R109,25,R,2,6,OPTIMAL,105.7671,2,0,0,0,2,0.0,0.0,0.0,105.7671,90,2.0,0.5,1.0
025_R109,25,R,2,7,OPTIMAL,34.2366,2,0,0,0,2,0.0,0.0,0.0,34.2366,90,2.0,0.5,1.0
025_R109,25,R,2,8,OPTIMAL,33.1097,2,0,0,0,2,0.0,0.0,0.0,33.1097,90,2.0,0.5,1.0
025_R109,25,R,2,9,OPTIMAL,4.3411,2,0,0,0,2,0.0,0.0,0.0,4.3411,90,2.0,0.5,1.0
025_R109,25,R,4,0,OPTIMAL,42.2917,4,0,0,0,4,0.0,0.0,0.0,42.2917,90,2.0,0.5,1.0
025_R109,25,R,4,1,OPTIMAL,35.8062,4,0,0,0,4,0.0,0.0,0.0,35.8062,90,2.0,0.5,1.0
025_R109,25,R,4,2,OPTIMAL,33.3361,4,0,0,0,4,0.0,0.0,0.0,33.3361,90,2.0,0.5,1.0
025_R109,25,R,4,3,OPTIMAL,183.6514,4,1,1,0,3,0.25,116.2421,0.0,67.4093,90,2.0,0.5,1.0
025_R109,25,R,4,4,OPTIMAL,61.7561,4,0,0,0,4,0.0,0.0,0.0,61.7561,90,2.0,0.5,1.0
025_R109,25,R,4,5,OPTIMAL,54.9774,4,0,0,0,4,0.0,0.0,0.0,54.9774,90,2.0,0.5,1.0
025_R109,25,R,4,6,OPTIMAL,131.4813,4,1,1,0,3,0.25,112.2053,0.0,19.2759,90,2.0,0.5,1.0
025_R109,25,R,4,7,OPTIMAL,51.8079,4,0,0,0,4,0.0,0.0,0.0,51.8079,90,2.0,0.5,1.0
025_R109,25,R,4,8,OPTIMAL,6.1714,4,0,0,0,4,0.0,0.0,0.0,6.1714,90,2.0,0.5,1.0
025_R109,25,R,4,9,OPTIMAL,189.779,4,1,1,0,3,0.25,127.2371,0.0,62.5419,90,2.0,0.5,1.0
025_R109,25,R,6,0,OPTIMAL,81.9265,6,0,0,0,6,0.0,0.0,0.0,81.9265,90,2.0,0.5,1.0
025_R109,25,R,6,1,OPTIMAL,189.0734,6,1,1,0,5,0.1667,40.7759,0.0,148.2975,90,2.0,0.5,1.0
025_R109,25,R,6,2,OPTIMAL,113.9255,6,0,0,0,6,0.0,0.0,0.0,113.9255,90,2.0,0.5,1.0
025_R109,25,R,6,3,OPTIMAL,38.6262,6,0,0,0,6,0.0,0.0,0.0,38.6262,90,2.0,0.5,1.0
025_R109,25,R,6,4,OPTIMAL,47.3499,6,0,0,0,6,0.0,0.0,0.0,47.3499,90,2.0,0.5,1.0
025_R109,25,R,6,5,OPTIMAL,74.9919,6,0,0,0,6,0.0,0.0,0.0,74.9919,90,2.0,0.5,1.0
025_R109,25,R,6,6,OPTIMAL,219.9289,6,1,1,0,5,0.1667,77.4006,0.0,142.5283,90,2.0,0.5,1.0
025_R109,25,R,6,7,OPTIMAL,272.0397,6,1,1,0,5,0.1667,133.5458,0.0,138.4939,90,2.0,0.5,1.0
025_R109,25,R,6,8,OPTIMAL,151.0938,6,1,1,0,5,0.1667,54.7592,0.0,96.3346,90,2.0,0.5,1.0
025_R109,25,R,6,9,OPTIMAL,77.8784,6,0,0,0,6,0.0,0.0,0.0,77.8784,90,2.0,0.5,1.0
025_R110,25,R,2,0,OPTIMAL,85.4003,2,1,1,0,1,0.5,79.5371,0.0,5.8632,90,2.0,0.5,1.0
025_R110,25,R,2,1,OPTIMAL,108.2806,2,1,1,0,1,0.5,107.5156,0.0,0.765,90,2.0,0.5,1.0
025_R110,25,R,2,2,OPTIMAL,160.0642,2,1,1,0,1,0.5,136.4663,0.0,23.5979,90,2.0,0.5,1.0
025_R110,25,R,2,3,OPTIMAL,14.3039,2,0,0,0,2,0.0,0.0,0.0,14.3039,90,2.0,0.5,1.0
025_R110,25,R,2,4,OPTIMAL,24.8324,2,0,0,0,2,0.0,0.0,0.0,24.8324,90,2.0,0.5,1.0
025_R110,25,R,2,5,OPTIMAL,142.1512,2,1,1,0,1,0.5,121.4611,0.0,20.6901,90,2.0,0.5,1.0
025_R110,25,R,2,6,OPTIMAL,57.8794,2,0,0,0,2,0.0,0.0,0.0,57.8794,90,2.0,0.5,1.0
025_R110,25,R,2,7,OPTIMAL,11.0045,2,0,0,0,2,0.0,0.0,0.0,11.0045,90,2.0,0.5,1.0
025_R110,25,R,2,8,OPTIMAL,88.9575,2,0,0,0,2,0.0,0.0,0.0,88.9575,90,2.0,0.5,1.0
025_R110,25,R,2,9,OPTIMAL,158.8752,2,1,0,1,1,0.5,135.5031,0.0,23.3721,90,2.0,0.5,1.0
025_R110,25,R,4,0,OPTIMAL,158.9489,4,1,0,1,3,0.25,113.5414,0.0,45.4074,90,2.0,0.5,1.0
025_R110,25,R,4,1,OPTIMAL,53.0904,4,0,0,0,4,0.0,0.0,0.0,53.0904,90,2.0,0.5,1.0
025_R110,25,R,4,2,OPTIMAL,27.381,4,0,0,0,4,0.0,0.0,0.0,27.381,90,2.0,0.5,1.0
025_R110,25,R,4,3,OPTIMAL,267.0579,4,2,1,1,2,0.5,237.7036,0.0,29.3543,90,2.0,0.5,1.0
025_R110,25,R,4,4,OPTIMAL,73.0062,4,0,0,0,4,0.0,0.0,0.0,73.0062,90,2.0,0.5,1.0
025_R110,25,R,4,5,OPTIMAL,93.9965,4,0,0,0,4,0.0,0.0,0.0,93.9965,90,2.0,0.5,1.0
025_R110,25,R,4,6,OPTIMAL,131.4895,4,1,1,0,3,0.25,112.2053,0.0,19.2842,90,2.0,0.5,1.0
025_R110,25,R,4,7,OPTIMAL,72.1112,4,0,0,0,4,0.0,0.0,0.0,72.1112,90,2.0,0.5,1.0
025_R110,25,R,4,8,OPTIMAL,53.7532,4,0,0,0,4,0.0,0.0,0.0,53.7532,90,2.0,0.5,1.0
025_R110,25,R,4,9,OPTIMAL,145.5971,4,1,1,0,3,0.25,127.2371,0.0,18.36,90,2.0,0.5,1.0
025_R110,25,R,6,0,OPTIMAL,96.7221,6,0,0,0,6,0.0,0.0,0.0,96.7221,90,2.0,0.5,1.0
025_R110,25,R,6,1,OPTIMAL,322.3256,6,3,3,0,3,0.5,264.7512,0.0,57.5744,90,2.0,0.5,1.0
025_R110,25,R,6,2,OPTIMAL,126.6749,6,0,0,0,6,0.0,0.0,0.0,126.6749,90,2.0,0.5,1.0
025_R110,25,R,6,3,OPTIMAL,164.3174,6,1,1,0,5,0.1667,108.31,0.0,56.0073,90,2.0,0.5,1.0
025_R110,25,R,6,4,OPTIMAL,172.2776,6,1,0,1,5,0.1667,63.0771,0.0,109.2005,90,2.0,0.5,1.0
025_R110,25,R,6,5,OPTIMAL,114.0508,6,0,0,0,6,0.0,0.0,0.0,114.0508,90,2.0,0.5,1.0
025_R110,25,R,6,6,OPTIMAL,166.1285,6,1,1,0,5,0.1667,77.4006,0.0,88.7279,90,2.0,0.5,1.0
025_R110,25,R,6,7,OPTIMAL,312.8941,6,1,1,0,5,0.1667,133.5458,0.0,179.3482,90,2.0,0.5,1.0
025_R110,25,R,6,8,OPTIMAL,167.4221,6,1,1,0,5,0.1667,54.7592,0.0,112.6629,90,2.0,0.5,1.0
025_R110,25,R,6,9,OPTIMAL,103.703,6,1,0,1,5,0.1667,33.4555,0.0,70.2475,90,2.0,0.5,1.0
025_R111,25,R,2,0,OPTIMAL,25.2862,2,0,0,0,2,0.0,0.0,0.0,25.2862,90,2.0,0.5,1.0
025_R111,25,R,2,1,OPTIMAL,46.8489,2,0,0,0,2,0.0,0.0,0.0,46.8489,90,2.0,0.5,1.0
025_R111,25,R,2,2,OPTIMAL,29.5484,2,0,0,0,2,0.0,0.0,0.0,29.5484,90,2.0,0.5,1.0
025_R111,25,R,2,3,OPTIMAL,51.1348,2,0,0,0,2,0.0,0.0,0.0,51.1348,90,2.0,0.5,1.0
025_R111,25,R,2,4,OPTIMAL,21.1814,2,0,0,0,2,0.0,0.0,0.0,21.1814,90,2.0,0.5,1.0
025_R111,25,R,2,5,OPTIMAL,15.2779,2,0,0,0,2,0.0,0.0,0.0,15.2779,90,2.0,0.5,1.0
025_R111,25,R,2,6,OPTIMAL,41.7436,2,0,0,0,2,0.0,0.0,0.0,41.7436,90,2.0,0.5,1.0
025_R111,25,R,2,7,OPTIMAL,2.8581,2,0,0,0,2,0.0,0.0,0.0,2.8581,90,2.0,0.5,1.0
025_R111,25,R,2,8,OPTIMAL,35.0943,2,0,0,0,2,0.0,0.0,0.0,35.0943,90,2.0,0.5,1.0
025_R111,25,R,2,9,OPTIMAL,4.3411,2,0,0,0,2,0.0,0.0,0.0,4.3411,90,2.0,0.5,1.0
025_R111,25,R,4,0,OPTIMAL,53.5452,4,0,0,0,4,0.0,0.0,0.0,53.5452,90,2.0,0.5,1.0
025_R111,25,R,4,1,OPTIMAL,63.3564,4,0,0,0,4,0.0,0.0,0.0,63.3564,90,2.0,0.5,1.0
025_R111,25,R,4,2,OPTIMAL,50.8161,4,0,0,0,4,0.0,0.0,0.0,50.8161,90,2.0,0.5,1.0
025_R111,25,R,4,3,OPTIMAL,150.0084,4,0,0,0,4,0.0,0.0,0.0,150.0084,90,2.0,0.5,1.0
025_R111,25,R,4,4,OPTIMAL,57.0773,4,0,0,0,4,0.0,0.0,0.0,57.0773,90,2.0,0.5,1.0
025_R111,25,R,4,5,OPTIMAL,163.7484,4,1,1,0,3,0.25,115.6062,0.0,48.1422,90,2.0,0.5,1.0
025_R111,25,R,4,6,OPTIMAL,64.3254,4,0,0,0,4,0.0,0.0,0.0,64.3254,90,2.0,0.5,1.0
025_R111,25,R,4,7,OPTIMAL,36.7185,4,0,0,0,4,0.0,0.0,0.0,36.7185,90,2.0,0.5,1.0
025_R111,25,R,4,8,OPTIMAL,6.9565,4,0,0,0,4,0.0,0.0,0.0,6.9565,90,2.0,0.5,1.0
025_R111,25,R,4,9,OPTIMAL,61.4677,4,0,0,0,4,0.0,0.0,0.0,61.4677,90,2.0,0.5,1.0
025_R111,25,R,6,0,OPTIMAL,82.5902,6,0,0,0,6,0.0,0.0,0.0,82.5902,90,2.0,0.5,1.0
025_R111,25,R,6,1,OPTIMAL,288.634,6,2,1,1,4,0.3333,209.9469,1.282,77.4051,90,2.0,0.5,1.0
025_R111,25,R,6,2,OPTIMAL,132.625,6,0,0,0,6,0.0,0.0,0.0,132.625,90,2.0,0.5,1.0
025_R111,25,R,6,3,OPTIMAL,157.0579,6,0,0,0,6,0.0,0.0,0.0,157.0579,90,2.0,0.5,1.0
025_R111,25,R,6,4,OPTIMAL,91.8829,6,0,0,0,6,0.0,0.0,0.0,91.8829,90,2.0,0.5,1.0
025_R111,25,R,6,5,OPTIMAL,210.8947,6,1,1,0,5,0.1667,142.6202,0.0,68.2745,90,2.0,0.5,1.0
025_R111,25,R,6,6,OPTIMAL,134.373,6,0,0,0,6,0.0,0.0,0.0,134.373,90,2.0,0.5,1.0
025_R111,25,R,6,7,OPTIMAL,199.4112,6,0,0,0,6,0.0,0.0,0.0,199.4112,90,2.0,0.5,1.0
025_R111,25,R,6,8,OPTIMAL,152.5318,6,0,0,0,6,0.0,0.0,0.0,152.5318,90,2.0,0.5,1.0
025_R111,25,R,6,9,OPTIMAL,66.6319,6,0,0,0,6,0.0,0.0,0.0,66.6319,90,2.0,0.5,1.0
025_R112,25,R,2,0,OPTIMAL,87.7684,2,1,1,0,1,0.5,79.5371,0.0,8.2312,90,2.0,0.5,1.0
025_R112,25,R,2,1,OPTIMAL,119.1994,2,1,1,0,1,0.5,107.5156,0.0,11.6838,90,2.0,0.5,1.0
025_R112,25,R,2,2,OPTIMAL,137.0032,2,1,1,0,1,0.5,136.4663,0.0,0.5369,90,2.0,0.5,1.0
025_R112,25,R,2,3,OPTIMAL,124.4886,2,1,1,0,1,0.5,123.7757,0.0,0.7128,90,2.0,0.5,1.0
025_R112,25,R,2,4,OPTIMAL,107.9947,2,1,1,0,1,0.5,58.5033,0.0,49.4914,90,2.0,0.5,1.0
025_R112,25,R,2,5,OPTIMAL,164.8464,2,1,1,0,1,0.5,121.4611,0.0,43.3854,90,2.0,0.5,1.0
025_R112,25,R,2,6,OPTIMAL,232.9202,2,1,1,0,1,0.5,130.8425,0.0,102.0777,90,2.0,0.5,1.0
025_R112,25,R,2,7,OPTIMAL,24.4223,2,0,0,0,2,0.0,0.0,0.0,24.4223,90,2.0,0.5,1.0
025_R112,25,R,2,8,OPTIMAL,10.6209,2,0,0,0,2,0.0,0.0,0.0,10.6209,90,2.0,0.5,1.0
025_R112,25,R,2,9,OPTIMAL,54.7471,2,1,1,0,1,0.5,51.458,0.0,3.2891,90,2.0,0.5,1.0
025_R112,25,R,4,0,OPTIMAL,224.3376,4,2,2,0,2,0.5,191.9694,0.0,32.3683,90,2.0,0.5,1.0
025_R112,25,R,4,1,OPTIMAL,301.21,4,3,3,0,1,0.75,299.4865,0.0,1.7235,90,2.0,0.5,1.0
025_R112,25,R,4,2,OPTIMAL,151.8585,4,1,1,0,3,0.25,107.9342,0.0,43.9242,90,2.0,0.5,1.0
025_R112,25,R,4,3,OPTIMAL,360.5215,4,3,3,0,1,0.75,337.7874,0.0,22.7341,90,2.0,0.5,1.0
025_R112,25,R,4,4,OPTIMAL,60.1764,4,0,0,0,4,0.0,0.0,0.0,60.1764,90,2.0,0.5,1.0
025_R112,25,R,4,5,OPTIMAL,202.1266,4,2,2,0,2,0.5,191.2745,0.0,10.852,90,2.0,0.5,1.0
025_R112,25,R,4,6,OPTIMAL,139.0304,4,1,1,0,3,0.25,112.2053,0.0,26.8251,90,2.0,0.5,1.0
025_R112,25,R,4,7,OPTIMAL,207.8071,4,1,1,0,3,0.25,143.5053,0.0,64.3018,90,2.0,0.5,1.0
025_R112,25,R,4,8,OPTIMAL,190.7718,4,2,2,0,2,0.5,176.2943,0.0,14.4775,90,2.0,0.5,1.0
025_R112,25,R,4,9,OPTIMAL,150.1755,4,1,1,0,3,0.25,90.9117,0.0,59.2638,90,2.0,0.5,1.0
025_R112,25,R,6,0,OPTIMAL,313.3048,6,2,2,0,4,0.3333,213.0211,0.0,100.2836,90,2.0,0.5,1.0
025_R112,25,R,6,1,OPTIMAL,498.7015,6,5,5,0,1,0.8333,495.9162,0.0,2.7853,90,2.0,0.5,1.0
025_R112,25,R,6,2,OPTIMAL,264.023,6,2,2,0,4,0.3333,201.9233,0.0,62.0997,90,2.0,0.5,1.0
025_R112,25,R,6,3,OPTIMAL,211.1482,6,1,1,0,5,0.1667,108.31,0.0,102.8381,90,2.0,0.5,1.0
025_R112,25,R,6,4,OPTIMAL,292.5206,6,3,3,0,3,0.5,275.4095,0.0,17.1112,90,2.0,0.5,1.0
025_R112,25,R,6,5,OPTIMAL,279.4762,6,2,2,0,4,0.3333,189.1919,0.0,90.2843,90,2.0,0.5,1.0
025_R112,25,R,6,6,OPTIMAL,118.8419,6,1,1,0,5,0.1667,77.4006,0.0,41.4413,90,2.0,0.5,1.0
025_R112,25,R,6,7,OPTIMAL,491.1401,6,3,3,0,3,0.5,370.4577,0.0,120.6824,90,2.0,0.5,1.0
025_R112,25,R,6,8,OPTIMAL,333.0421,6,3,3,0,3,0.5,255.8363,0.0,77.2058,90,2.0,0.5,1.0
025_R112,25,R,6,9,OPTIMAL,237.1736,6,3,3,0,3,0.5,223.5948,0.0,13.5788,90,2.0,0.5,1.0
025_R201,25,R,2,0,OPTIMAL,186.9363,2,2,2,0,0,1.0,186.9363,0.0,0.0,90,2.0,0.5,1.0
025_R201,25,R,2,1,OPTIMAL,108.1463,2,1,1,0,1,0.5,107.5156,0.0,0.6307,90,2.0,0.5,1.0
025_R201,25,R,2,2,OPTIMAL,255.9134,2,2,1,1,0,1.0,255.9134,0.0,0.0,90,2.0,0.5,1.0
025_R201,25,R,2,3,OPTIMAL,152.858,2,1,1,0,1,0.5,107.0239,0.0,45.8341,90,2.0,0.5,1.0
025_R201,25,R,2,4,OPTIMAL,199.2206,2,2,2,0,0,1.0,199.2206,0.0,0.0,90,2.0,0.5,1.0
025_R201,25,R,2,5,OPTIMAL,33.3758,2,0,0,0,2,0.0,0.0,0.0,33.3758,90,2.0,0.5,1.0
025_R201,25,R,2,6,OPTIMAL,165.7668,2,1,1,0,1,0.5,128.0515,0.0,37.7153,90,2.0,0.5,1.0
025_R201,25,R,2,7,OPTIMAL,135.7398,2,1,1,0,1,0.5,86.0714,0.0,49.6684,90,2.0,0.5,1.0
025_R201,25,R,2,8,OPTIMAL,185.6108,2,2,2,0,0,1.0,185.6108,0.0,0.0,90,2.0,0.5,1.0
025_R201,25,R,2,9,OPTIMAL,55.4709,2,1,1,0,1,0.5,51.458,0.0,4.013,90,2.0,0.5,1.0
025_R201,25,R,4,0,OPTIMAL,374.8532,4,3,3,0,1,0.75,351.7291,0.0,23.1241,90,2.0,0.5,1.0
025_R201,25,R,4,1,OPTIMAL,189.1302,4,1,1,0,3,0.25,119.7308,0.0,69.3994,90,2.0,0.5,1.0
025_R201,25,R,4,2,OPTIMAL,272.4673,4,2,2,0,2,0.5,244.6582,0.0,27.8091,90,2.0,0.5,1.0
025_R201,25,R,4,3,OPTIMAL,443.674,4,4,4,0,0,1.0,443.674,0.0,0.0,90,2.0,0.5,1.0
025_R201,25,R,4,4,OPTIMAL,330.7285,4,2,2,0,2,0.5,255.0862,0.0,75.6422,90,2.0,0.5,1.0
025_R201,25,R,4,5,OPTIMAL,213.4463,4,1,1,0,3,0.25,125.2361,0.0,88.2102,90,2.0,0.5,1.0
025_R201,25,R,4,6,OPTIMAL,211.7456,4,2,2,0,2,0.5,167.5528,0.0,44.1928,90,2.0,0.5,1.0
025_R201,25,R,4,7,OPTIMAL,238.8476,4,1,1,0,3,0.25,143.5053,0.0,95.3423,90,2.0,0.5,1.0
025_R201,25,R,4,8,OPTIMAL,105.79,4,1,1,0,3,0.25,60.4167,0.0,45.3733,90,2.0,0.5,1.0
025_R201,25,R,4,9,OPTIMAL,221.2892,4,1,1,0,3,0.25,127.2371,0.0,94.0521,90,2.0,0.5,1.0
025_R201,25,R,6,0,OPTIMAL,452.681,6,4,4,0,2,0.6667,452.1186,0.0,0.5624,90,2.0,0.5,1.0
025_R201,25,R,6,1,OPTIMAL,380.4815,6,3,3,0,3,0.5,285.9693,0.0,94.5121,90,2.0,0.5,1.0
025_R201,25,R,6,2,OPTIMAL,369.9603,6,2,2,0,4,0.3333,269.4344,0.0,100.5259,90,2.0,0.5,1.0
025_R201,25,R,6,3,OPTIMAL,326.9471,6,3,3,0,3,0.5,286.5534,0.0,40.3937,90,2.0,0.5,1.0
025_R201,25,R,6,4,OPTIMAL,345.2056,6,3,3,0,3,0.5,285.6265,0.0,59.5791,90,2.0,0.5,1.0
025_R201,25,R,6,5,OPTIMAL,385.4713,6,2,2,0,4,0.3333,220.6575,0.0,164.8139,90,2.0,0.5,1.0
025_R201,25,R,6,6,OPTIMAL,455.5047,6,4,4,0,2,0.6667,415.144,0.0,40.3606,90,2.0,0.5,1.0
025_R201,25,R,6,7,OPTIMAL,558.9092,6,4,3,1,2,0.6667,521.476,0.0,37.4332,90,2.0,0.5,1.0
025_R201,25,R,6,8,OPTIMAL,382.1544,6,3,2,1,3,0.5,305.8335,0.0,76.3209,90,2.0,0.5,1.0
025_R201,25,R,6,9,OPTIMAL,329.3469,6,2,2,0,4,0.3333,259.7418,0.0,69.6051,90,2.0,0.5,1.0
025_R202,25,R,2,0,OPTIMAL,186.9363,2,2,2,0,0,1.0,186.9363,0.0,0.0,90,2.0,0.5,1.0
025_R202,25,R,2,1,OPTIMAL,108.1463,2,1,1,0,1,0.5,107.5156,0.0,0.6307,90,2.0,0.5,1.0
025_R202,25,R,2,2,OPTIMAL,255.9134,2,2,2,0,0,1.0,255.9134,0.0,0.0,90,2.0,0.5,1.0
025_R202,25,R,2,3,OPTIMAL,152.858,2,1,1,0,1,0.5,107.0239,0.0,45.8341,90,2.0,0.5,1.0
025_R202,25,R,2,4,OPTIMAL,199.2206,2,2,2,0,0,1.0,199.2206,0.0,0.0,90,2.0,0.5,1.0
025_R202,25,R,2,5,OPTIMAL,33.3758,2,0,0,0,2,0.0,0.0,0.0,33.3758,90,2.0,0.5,1.0
025_R202,25,R,2,6,OPTIMAL,258.894,2,2,1,1,0,1.0,258.894,0.0,0.0,90,2.0,0.5,1.0
025_R202,25,R,2,7,OPTIMAL,135.7398,2,1,1,0,1,0.5,86.0714,0.0,49.6684,90,2.0,0.5,1.0
025_R202,25,R,2,8,OPTIMAL,185.6108,2,2,2,0,0,1.0,185.6108,0.0,0.0,90,2.0,0.5,1.0
025_R202,25,R,2,9,OPTIMAL,186.961,2,2,1,1,0,1.0,186.961,0.0,0.0,90,2.0,0.5,1.0
025_R202,25,R,4,0,OPTIMAL,430.157,4,4,3,1,0,1.0,430.157,0.0,0.0,90,2.0,0.5,1.0
025_R202,25,R,4,1,OPTIMAL,250.4318,4,2,1,1,2,0.5,228.4451,0.0,21.9867,90,2.0,0.5,1.0
025_R202,25,R,4,2,OPTIMAL,272.4673,4,2,2,0,2,0.5,244.6582,0.0,27.8091,90,2.0,0.5,1.0
025_R202,25,R,4,3,OPTIMAL,443.674,4,4,4,0,0,1.0,443.674,0.0,0.0,90,2.0,0.5,1.0
025_R202,25,R,4,4,OPTIMAL,406.9122,4,3,3,0,1,0.75,395.6172,0.0,11.295,90,2.0,0.5,1.0
025_R202,25,R,4,5,OPTIMAL,396.2959,4,3,1,2,1,0.75,338.83,0.0,57.4659,90,2.0,0.5,1.0
025_R202,25,R,4,6,OPTIMAL,347.3644,4,4,3,1,0,1.0,347.3644,0.0,0.0,90,2.0,0.5,1.0
025_R202,25,R,4,7,OPTIMAL,391.2873,4,3,3,0,1,0.75,368.4444,0.0,22.8429,90,2.0,0.5,1.0
025_R202,25,R,4,8,OPTIMAL,205.957,4,2,1,1,2,0.5,161.0344,0.0,44.9227,90,2.0,0.5,1.0
025_R202,25,R,4,9,OPTIMAL,365.2182,4,3,2,1,1,0.75,337.7584,0.0,27.4598,90,2.0,0.5,1.0
025_R202,25,R,6,0,OPTIMAL,534.8401,6,5,5,0,1,0.8333,534.3416,0.0,0.4985,90,2.0,0.5,1.0
025_R202,25,R,6,1,OPTIMAL,501.7927,6,5,4,1,1,0.8333,445.848,0.0,55.9447,90,2.0,0.5,1.0
025_R202,25,R,6,2,OPTIMAL,481.6425,6,4,2,2,2,0.6667,447.3174,0.0,34.3251,90,2.0,0.5,1.0
025_R202,25,R,6,3,OPTIMAL,417.8605,6,4,4,0,2,0.6667,414.6407,0.0,3.2197,90,2.0,0.5,1.0
025_R202,25,R,6,4,OPTIMAL,405.1075,6,4,4,0,2,0.6667,387.3383,0.0,17.7691,90,2.0,0.5,1.0
025_R202,25,R,6,5,OPTIMAL,657.2649,6,6,5,1,0,1.0,657.2649,0.0,0.0,90,2.0,0.5,1.0
025_R202,25,R,6,6,OPTIMAL,455.5047,6,4,4,0,2,0.6667,415.144,0.0,40.3606,90,2.0,0.5,1.0
025_R202,25,R,6,7,OPTIMAL,536.135,6,4,2,2,2,0.6667,505.7736,0.0,30.3614,90,2.0,0.5,1.0
025_R202,25,R,6,8,OPTIMAL,597.3268,6,6,2,4,0,1.0,597.3268,0.0,0.0,90,2.0,0.5,1.0
025_R202,25,R,6,9,OPTIMAL,440.8682,6,4,2,2,2,0.6667,423.3493,0.0,17.5189,90,2.0,0.5,1.0
025_R203,25,R,2,0,OPTIMAL,186.9363,2,2,2,0,0,1.0,186.9363,0.0,0.0,90,2.0,0.5,1.0
025_R203,25,R,2,1,OPTIMAL,204.0477,2,2,2,0,0,1.0,204.0477,0.0,0.0,90,2.0,0.5,1.0
025_R203,25,R,2,2,OPTIMAL,255.9134,2,2,2,0,0,1.0,255.9134,0.0,0.0,90,2.0,0.5,1.0
025_R203,25,R,2,3,OPTIMAL,230.7996,2,2,2,0,0,1.0,230.7996,0.0,0.0,90,2.0,0.5,1.0
025_R203,25,R,2,4,OPTIMAL,199.2206,2,2,2,0,0,1.0,199.2206,0.0,0.0,90,2.0,0.5,1.0
025_R203,25,R,2,5,OPTIMAL,142.1512,2,1,0,1,1,0.5,121.4611,0.0,20.6901,90,2.0,0.5,1.0
025_R203,25,R,2,6,OPTIMAL,258.894,2,2,1,1,0,1.0,258.894,0.0,0.0,90,2.0,0.5,1.0
025_R203,25,R,2,7,OPTIMAL,196.9429,2,2,2,0,0,1.0,196.9429,0.0,0.0,90,2.0,0.5,1.0
025_R203,25,R,2,8,OPTIMAL,185.6108,2,2,2,0,0,1.0,185.6108,0.0,0.0,90,2.0,0.5,1.0
025_R203,25,R,2,9,OPTIMAL,186.961,2,2,1,1,0,1.0,186.961,0.0,0.0,90,2.0,0.5,1.0
025_R203,25,R,4,0,OPTIMAL,390.6752,4,3,3,0,1,0.75,351.7291,0.0,38.9461,90,2.0,0.5,1.0
025_R203,25,R,4,1,OPTIMAL,259.3975,4,2,1,1,2,0.5,228.4451,0.0,30.9524,90,2.0,0.5,1.0
025_R203,25,R,4,2,OPTIMAL,363.2066,4,3,3,0,1,0.75,359.0376,0.0,4.169,90,2.0,0.5,1.0
025_R203,25,R,4,3,OPTIMAL,443.674,4,4,4,0,0,1.0,443.674,0.0,0.0,90,2.0,0.5,1.0
025_R203,25,R,4,4,OPTIMAL,505.6281,4,4,4,0,0,1.0,505.6281,0.0,0.0,90,2.0,0.5,1.0
025_R203,25,R,4,5,OPTIMAL,403.2569,4,3,1,2,1,0.75,338.83,0.0,64.4269,90,2.0,0.5,1.0
025_R203,25,R,4,6,OPTIMAL,347.3644,4,4,3,1,0,1.0,347.3644,0.0,0.0,90,2.0,0.5,1.0
025_R203,25,R,4,7,OPTIMAL,391.2873,4,3,3,0,1,0.75,368.4444,0.0,22.8429,90,2.0,0.5,1.0
025_R203,25,R,4,8,OPTIMAL,272.8509,4,3,2,1,1,0.75,272.4003,0.0,0.4506,90,2.0,0.5,1.0
025_R203,25,R,4,9,OPTIMAL,337.9005,4,3,3,0,1,0.75,337.7584,0.0,0.1421,90,2.0,0.5,1.0
025_R203,25,R,6,0,OPTIMAL,534.8401,6,5,5,0,1,0.8333,534.3416,0.0,0.4985,90,2.0,0.5,1.0
025_R203,25,R,6,1,OPTIMAL,507.2325,6,5,5,0,1,0.8333,445.848,0.0,61.3845,90,2.0,0.5,1.0
025_R203,25,R,6,2,OPTIMAL,481.6425,6,4,3,1,2,0.6667,447.3174,0.0,34.3251,90,2.0,0.5,1.0
025_R203,25,R,6,3,OPTIMAL,423.1057,6,4,4,0,2,0.6667,414.6407,0.0,8.4649,90,2.0,0.5,1.0
025_R203,25,R,6,4,OPTIMAL,484.4408,6,5,4,1,1,0.8333,466.7752,0.0,17.6656,90,2.0,0.5,1.0
025_R203,25,R,6,5,OPTIMAL,657.2649,6,6,5,1,0,1.0,657.2649,0.0,0.0,90,2.0,0.5,1.0
025_R203,25,R,6,6,OPTIMAL,502.4428,6,5,5,0,1,0.8333,464.022,0.0,38.4208,90,2.0,0.5,1.0
025_R203,25,R,6,7,OPTIMAL,523.3795,6,4,2,2,2,0.6667,505.7736,0.0,17.6058,90,2.0,0.5,1.0
025_R203,25,R,6,8,OPTIMAL,513.833,6,5,4,1,1,0.8333,480.1673,0.0,33.6657,90,2.0,0.5,1.0
025_R203,25,R,6,9,OPTIMAL,496.9592,6,5,3,2,1,0.8333,475.6994,0.0,21.2598,90,2.0,0.5,1.0
025_R204,25,R,2,0,OPTIMAL,186.9363,2,2,2,0,0,1.0,186.9363,0.0,0.0,90,2.0,0.5,1.0
025_R204,25,R,2,1,OPTIMAL,204.0477,2,2,2,0,0,1.0,204.0477,0.0,0.0,90,2.0,0.5,1.0
025_R204,25,R,2,2,OPTIMAL,255.9134,2,2,2,0,0,1.0,255.9134,0.0,0.0,90,2.0,0.5,1.0
025_R204,25,R,2,3,OPTIMAL,230.7996,2,2,2,0,0,1.0,230.7996,0.0,0.0,90,2.0,0.5,1.0
025_R204,25,R,2,4,OPTIMAL,199.2206,2,2,2,0,0,1.0,199.2206,0.0,0.0,90,2.0,0.5,1.0
025_R204,25,R,2,5,OPTIMAL,265.5291,2,2,2,0,0,1.0,265.5291,0.0,0.0,90,2.0,0.5,1.0
025_R204,25,R,2,6,OPTIMAL,258.894,2,2,1,1,0,1.0,258.894,0.0,0.0,90,2.0,0.5,1.0
025_R204,25,R,2,7,OPTIMAL,196.9429,2,2,2,0,0,1.0,196.9429,0.0,0.0,90,2.0,0.5,1.0
025_R204,25,R,2,8,OPTIMAL,185.6108,2,2,2,0,0,1.0,185.6108,0.0,0.0,90,2.0,0.5,1.0
025_R204,25,R,2,9,OPTIMAL,55.4709,2,1,1,0,1,0.5,51.458,0.0,4.013,90,2.0,0.5,1.0
025_R204,25,R,4,0,OPTIMAL,386.2418,4,3,3,0,1,0.75,351.7291,0.0,34.5127,90,2.0,0.5,1.0
025_R204,25,R,4,1,OPTIMAL,304.4192,4,3,2,1,1,0.75,299.4865,0.0,4.9327,90,2.0,0.5,1.0
025_R204,25,R,4,2,OPTIMAL,466.9718,4,4,4,0,0,1.0,466.9718,0.0,0.0,90,2.0,0.5,1.0
025_R204,25,R,4,3,OPTIMAL,443.674,4,4,4,0,0,1.0,443.674,0.0,0.0,90,2.0,0.5,1.0
025_R204,25,R,4,4,OPTIMAL,505.6281,4,4,4,0,0,1.0,505.6281,0.0,0.0,90,2.0,0.5,1.0
025_R204,25,R,4,5,OPTIMAL,331.3334,4,3,2,1,1,0.75,316.5106,0.0,14.8227,90,2.0,0.5,1.0
025_R204,25,R,4,6,OPTIMAL,347.3644,4,4,3,1,0,1.0,347.3644,0.0,0.0,90,2.0,0.5,1.0
025_R204,25,R,4,7,OPTIMAL,515.8938,4,4,4,0,0,1.0,515.8938,0.0,0.0,90,2.0,0.5,1.0
025_R204,25,R,4,8,OPTIMAL,273.3015,4,3,3,0,1,0.75,272.4003,0.0,0.9012,90,2.0,0.5,1.0
025_R204,25,R,4,9,OPTIMAL,290.4034,4,2,2,0,2,0.5,246.8467,0.0,43.5567,90,2.0,0.5,1.0
025_R204,25,R,6,0,OPTIMAL,534.8401,6,5,5,0,1,0.8333,534.3416,0.0,0.4985,90,2.0,0.5,1.0
025_R204,25,R,6,1,OPTIMAL,509.0785,6,5,5,0,1,0.8333,462.7382,0.0,46.3403,90,2.0,0.5,1.0
025_R204,25,R,6,2,OPTIMAL,474.7178,6,4,4,0,2,0.6667,447.3174,0.0,27.4004,90,2.0,0.5,1.0
025_R204,25,R,6,3,OPTIMAL,475.3235,6,5,5,0,1,0.8333,472.3401,0.0,2.9834,90,2.0,0.5,1.0
025_R204,25,R,6,4,OPTIMAL,430.4257,6,4,4,0,2,0.6667,387.3383,0.0,43.0874,90,2.0,0.5,1.0
025_R204,25,R,6,5,OPTIMAL,657.2649,6,6,6,0,0,1.0,657.2649,0.0,0.0,90,2.0,0.5,1.0
025_R204,25,R,6,6,OPTIMAL,585.5203,6,6,6,0,0,1.0,585.5203,0.0,0.0,90,2.0,0.5,1.0
025_R204,25,R,6,7,OPTIMAL,419.754,6,3,3,0,3,0.5,373.8876,0.0,45.8664,90,2.0,0.5,1.0
025_R204,25,R,6,8,OPTIMAL,516.972,6,5,4,1,1,0.8333,480.1673,0.0,36.8047,90,2.0,0.5,1.0
025_R204,25,R,6,9,OPTIMAL,535.6868,6,6,5,1,0,1.0,535.6868,0.0,0.0,90,2.0,0.5,1.0
025_R205,25,R,2,0,OPTIMAL,167.0948,2,1,1,0,1,0.5,79.5371,0.0,87.5577,90,2.0,0.5,1.0
025_R205,25,R,2,1,OPTIMAL,128.0064,2,1,1,0,1,0.5,107.5156,0.0,20.4908,90,2.0,0.5,1.0
025_R205,25,R,2,2,OPTIMAL,172.2663,2,1,1,0,1,0.5,136.4663,0.0,35.8,90,2.0,0.5,1.0
025_R205,25,R,2,3,OPTIMAL,27.0888,2,0,0,0,2,0.0,0.0,0.0,27.0888,90,2.0,0.5,1.0
025_R205,25,R,2,4,OPTIMAL,149.2221,2,1,1,0,1,0.5,58.5033,0.0,90.7188,90,2.0,0.5,1.0
025_R205,25,R,2,5,OPTIMAL,265.5291,2,2,2,0,0,1.0,265.5291,0.0,0.0,90,2.0,0.5,1.0
025_R205,25,R,2,6,OPTIMAL,258.894,2,2,2,0,0,1.0,258.894,0.0,0.0,90,2.0,0.5,1.0
025_R205,25,R,2,7,OPTIMAL,196.9429,2,2,2,0,0,1.0,196.9429,0.0,0.0,90,2.0,0.5,1.0
025_R205,25,R,2,8,OPTIMAL,156.5336,2,1,1,0,1,0.5,130.2825,0.0,26.2511,90,2.0,0.5,1.0
025_R205,25,R,2,9,OPTIMAL,186.961,2,2,2,0,0,1.0,186.961,0.0,0.0,90,2.0,0.5,1.0
025_R205,25,R,4,0,OPTIMAL,206.9609,4,1,0,1,3,0.25,113.5414,0.0,93.4195,90,2.0,0.5,1.0
025_R205,25,R,4,1,OPTIMAL,150.9894,4,1,1,0,3,0.25,108.7143,0.0,42.2752,90,2.0,0.5,1.0
025_R205,25,R,4,2,OPTIMAL,227.5778,4,1,1,0,3,0.25,107.9342,0.0,119.6436,90,2.0,0.5,1.0
025_R205,25,R,4,3,OPTIMAL,372.7245,4,3,3,0,1,0.75,337.7874,0.0,34.9371,90,2.0,0.5,1.0
025_R205,25,R,4,4,OPTIMAL,152.5374,4,0,0,0,4,0.0,0.0,0.0,152.5374,90,2.0,0.5,1.0
025_R205,25,R,4,5,OPTIMAL,246.6462,4,2,2,0,2,0.5,213.5939,0.0,33.0524,90,2.0,0.5,1.0
025_R205,25,R,4,6,OPTIMAL,311.0663,4,3,3,0,1,0.75,302.583,0.0,8.4833,90,2.0,0.5,1.0
025_R205,25,R,4,7,OPTIMAL,467.6546,4,3,3,0,1,0.75,424.1672,0.0,43.4873,90,2.0,0.5,1.0
025_R205,25,R,4,8,OPTIMAL,214.8422,4,1,1,0,3,0.25,136.307,0.0,78.5353,90,2.0,0.5,1.0
025_R205,25,R,4,9,OPTIMAL,193.8965,4,1,1,0,3,0.25,127.2371,0.0,66.6594,90,2.0,0.5,1.0
025_R205,25,R,6,0,OPTIMAL,325.9199,6,2,2,0,4,0.3333,176.9164,0.0,149.0035,90,2.0,0.5,1.0
025_R205,25,R,6,1,OPTIMAL,527.5188,6,5,5,0,1,0.8333,495.9162,0.0,31.6026,90,2.0,0.5,1.0
025_R205,25,R,6,2,OPTIMAL,509.232,6,4,3,1,2,0.6667,419.2097,0.0,90.0223,90,2.0,0.5,1.0
025_R205,25,R,6,3,OPTIMAL,479.7167,6,4,4,0,2,0.6667,368.6943,0.0,111.0224,90,2.0,0.5,1.0
025_R205,25,R,6,4,OPTIMAL,439.69,6,3,3,0,3,0.5,275.4095,0.0,164.2806,90,2.0,0.5,1.0
025_R205,25,R,6,5,OPTIMAL,580.2925,6,5,5,0,1,0.8333,572.7832,0.0,7.5093,90,2.0,0.5,1.0
025_R205,25,R,6,6,OPTIMAL,310.2904,6,2,2,0,4,0.3333,198.8989,0.0,111.3914,90,2.0,0.5,1.0
025_R205,25,R,6,7,OPTIMAL,524.8661,6,4,4,0,2,0.6667,491.1859,0.0,33.6801,90,2.0,0.5,1.0
025_R205,25,R,6,8,OPTIMAL,454.7154,6,4,3,1,2,0.6667,389.751,0.0,64.9644,90,2.0,0.5,1.0
025_R205,25,R,6,9,OPTIMAL,251.3674,6,2,2,0,4,0.3333,163.6075,0.0,87.7599,90,2.0,0.5,1.0
025_R206,25,R,2,0,OPTIMAL,186.9363,2,2,2,0,0,1.0,186.9363,0.0,0.0,90,2.0,0.5,1.0
025_R206,25,R,2,1,OPTIMAL,204.0477,2,2,1,1,0,1.0,204.0477,0.0,0.0,90,2.0,0.5,1.0
025_R206,25,R,2,2,OPTIMAL,172.2663,2,1,1,0,1,0.5,136.4663,0.0,35.8,90,2.0,0.5,1.0
025_R206,25,R,2,3,OPTIMAL,27.0888,2,0,0,0,2,0.0,0.0,0.0,27.0888,90,2.0,0.5,1.0
025_R206,25,R,2,4,OPTIMAL,199.2206,2,2,2,0,0,1.0,199.2206,0.0,0.0,90,2.0,0.5,1.0
025_R206,25,R,2,5,OPTIMAL,265.5291,2,2,2,0,0,1.0,265.5291,0.0,0.0,90,2.0,0.5,1.0
025_R206,25,R,2,6,OPTIMAL,258.894,2,2,2,0,0,1.0,258.894,0.0,0.0,90,2.0,0.5,1.0
025_R206,25,R,2,7,OPTIMAL,196.9429,2,2,2,0,0,1.0,196.9429,0.0,0.0,90,2.0,0.5,1.0
025_R206,25,R,2,8,OPTIMAL,156.5336,2,1,1,0,1,0.5,130.2825,0.0,26.2511,90,2.0,0.5,1.0
025_R206,25,R,2,9,OPTIMAL,186.961,2,2,2,0,0,1.0,186.961,0.0,0.0,90,2.0,0.5,1.0
025_R206,25,R,4,0,OPTIMAL,326.3674,4,3,1,2,1,0.75,304.3565,0.0,22.0109,90,2.0,0.5,1.0
025_R206,25,R,4,1,OPTIMAL,236.5972,4,2,1,1,2,0.5,228.4451,0.0,8.1521,90,2.0,0.5,1.0
025_R206,25,R,4,2,OPTIMAL,466.9718,4,4,3,1,0,1.0,466.9718,0.0,0.0,90,2.0,0.5,1.0
025_R206,25,R,4,3,OPTIMAL,443.674,4,4,4,0,0,1.0,443.674,0.0,0.0,90,2.0,0.5,1.0
025_R206,25,R,4,4,OPTIMAL,400.4701,4,3,2,1,1,0.75,365.0971,0.0,35.373,90,2.0,0.5,1.0
025_R206,25,R,4,5,OPTIMAL,261.4576,4,2,2,0,2,0.5,213.5939,0.0,47.8637,90,2.0,0.5,1.0
025_R206,25,R,4,6,OPTIMAL,311.0663,4,3,3,0,1,0.75,302.583,0.0,8.4833,90,2.0,0.5,1.0
025_R206,25,R,4,7,OPTIMAL,515.8938,4,4,4,0,0,1.0,515.8938,0.0,0.0,90,2.0,0.5,1.0
025_R206,25,R,4,8,OPTIMAL,342.0513,4,3,1,2,1,0.75,312.6013,0.0,29.45,90,2.0,0.5,1.0
025_R206,25,R,4,9,OPTIMAL,270.9413,4,2,1,1,2,0.5,218.1488,0.0,52.7926,90,2.0,0.5,1.0
025_R206,25,R,6,0,OPTIMAL,449.538,6,4,2,2,2,0.6667,417.6845,0.0,31.8536,90,2.0,0.5,1.0
025_R206,25,R,6,1,OPTIMAL,559.2665,6,6,6,0,0,1.0,559.2665,0.0,0.0,90,2.0,0.5,1.0
025_R206,25,R,6,2,OPTIMAL,581.2821,6,5,4,1,1,0.8333,558.4604,0.0,22.8218,90,2.0,0.5,1.0
025_R206,25,R,6,3,OPTIMAL,556.0425,6,5,5,0,1,0.8333,508.7014,0.0,47.341,90,2.0,0.5,1.0
025_R206,25,R,6,4,OPTIMAL,505.0051,6,5,5,0,1,0.8333,487.1023,0.0,17.9028,90,2.0,0.5,1.0
025_R206,25,R,6,5,OPTIMAL,580.2925,6,5,5,0,1,0.8333,572.7832,0.0,7.5093,90,2.0,0.5,1.0
025_R206,25,R,6,6,OPTIMAL,428.1957,6,4,3,1,2,0.6667,391.7046,0.0,36.4911,90,2.0,0.5,1.0
025_R206,25,R,6,7,OPTIMAL,425.9849,6,3,3,0,3,0.5,370.4577,0.0,55.5272,90,2.0,0.5,1.0
025_R206,25,R,6,8,OPTIMAL,539.2931,6,5,3,2,1,0.8333,506.9106,0.0,32.3825,90,2.0,0.5,1.0
025_R206,25,R,6,9,OPTIMAL,286.7201,6,3,2,1,3,0.5,215.9577,0.0,70.7625,90,2.0,0.5,1.0
025_R207,25,R,2,0,OPTIMAL,186.9363,2,2,2,0,0,1.0,186.9363,0.0,0.0,90,2.0,0.5,1.0
025_R207,25,R,2,1,OPTIMAL,204.0477,2,2,2,0,0,1.0,204.0477,0.0,0.0,90,2.0,0.5,1.0
025_R207,25,R,2,2,OPTIMAL,172.2663,2,1,1,0,1,0.5,136.4663,0.0,35.8,90,2.0,0.5,1.0
025_R207,25,R,2,3,OPTIMAL,136.4711,2,1,0,1,1,0.5,123.7757,0.0,12.6954,90,2.0,0.5,1.0
025_R207,25,R,2,4,OPTIMAL,199.2206,2,2,2,0,0,1.0,199.2206,0.0,0.0,90,2.0,0.5,1.0
025_R207,25,R,2,5,OPTIMAL,265.5291,2,2,2,0,0,1.0,265.5291,0.0,0.0,90,2.0,0.5,1.0
025_R207,25,R,2,6,OPTIMAL,258.894,2,2,2,0,0,1.0,258.894,0.0,0.0,90,2.0,0.5,1.0
025_R207,25,R,2,7,OPTIMAL,196.9429,2,2,2,0,0,1.0,196.9429,0.0,0.0,90,2.0,0.5,1.0
025_R207,25,R,2,8,OPTIMAL,156.5336,2,1,1,0,1,0.5,130.2825,0.0,26.2511,90,2.0,0.5,1.0
025_R207,25,R,2,9,OPTIMAL,186.961,2,2,2,0,0,1.0,186.961,0.0,0.0,90,2.0,0.5,1.0
025_R207,25,R,4,0,OPTIMAL,326.3674,4,3,1,2,1,0.75,304.3565,0.0,22.0109,90,2.0,0.5,1.0
025_R207,25,R,4,1,OPTIMAL,426.2891,4,4,2,2,0,1.0,426.2891,0.0,0.0,90,2.0,0.5,1.0
025_R207,25,R,4,2,OPTIMAL,335.4812,4,3,3,0,1,0.75,330.814,0.0,4.6672,90,2.0,0.5,1.0
025_R207,25,R,4,3,OPTIMAL,443.674,4,4,4,0,0,1.0,443.674,0.0,0.0,90,2.0,0.5,1.0
025_R207,25,R,4,4,OPTIMAL,400.4701,4,3,3,0,1,0.75,365.0971,0.0,35.373,90,2.0,0.5,1.0
025_R207,25,R,4,5,OPTIMAL,454.4362,4,4,3,1,0,1.0,454.4362,0.0,0.0,90,2.0,0.5,1.0
025_R207,25,R,4,6,OPTIMAL,311.0663,4,3,3,0,1,0.75,302.583,0.0,8.4833,90,2.0,0.5,1.0
025_R207,25,R,4,7,OPTIMAL,515.8938,4,4,4,0,0,1.0,515.8938,0.0,0.0,90,2.0,0.5,1.0
025_R207,25,R,4,8,OPTIMAL,342.0513,4,3,1,2,1,0.75,312.6013,0.0,29.45,90,2.0,0.5,1.0
025_R207,25,R,4,9,OPTIMAL,243.6236,4,2,1,1,2,0.5,218.1488,0.0,25.4748,90,2.0,0.5,1.0
025_R207,25,R,6,0,OPTIMAL,449.538,6,4,3,1,2,0.6667,417.6845,0.0,31.8536,90,2.0,0.5,1.0
025_R207,25,R,6,1,OPTIMAL,559.2665,6,6,6,0,0,1.0,559.2665,0.0,0.0,90,2.0,0.5,1.0
025_R207,25,R,6,2,OPTIMAL,581.2821,6,5,4,1,1,0.8333,558.4604,0.0,22.8218,90,2.0,0.5,1.0
025_R207,25,R,6,3,OPTIMAL,556.0425,6,5,5,0,1,0.8333,508.7014,0.0,47.341,90,2.0,0.5,1.0
025_R207,25,R,6,4,OPTIMAL,505.0051,6,5,5,0,1,0.8333,487.1023,0.0,17.9028,90,2.0,0.5,1.0
025_R207,25,R,6,5,OPTIMAL,580.2925,6,5,5,0,1,0.8333,572.7832,0.0,7.5093,90,2.0,0.5,1.0
025_R207,25,R,6,6,OPTIMAL,334.3295,6,3,3,0,3,0.5,256.7531,0.0,77.5764,90,2.0,0.5,1.0
025_R207,25,R,6,7,OPTIMAL,400.6189,6,3,3,0,3,0.5,370.4577,0.0,30.1612,90,2.0,0.5,1.0
025_R207,25,R,6,8,OPTIMAL,550.6936,6,5,3,2,1,0.8333,506.9106,0.0,43.783,90,2.0,0.5,1.0
025_R207,25,R,6,9,OPTIMAL,375.7885,6,4,3,1,2,0.6667,348.3087,0.0,27.4798,90,2.0,0.5,1.0
025_R208,25,R,2,0,OPTIMAL,186.9363,2,2,2,0,0,1.0,186.9363,0.0,0.0,90,2.0,0.5,1.0
025_R208,25,R,2,1,OPTIMAL,204.0477,2,2,2,0,0,1.0,204.0477,0.0,0.0,90,2.0,0.5,1.0
025_R208,25,R,2,2,OPTIMAL,255.9134,2,2,2,0,0,1.0,255.9134,0.0,0.0,90,2.0,0.5,1.0
025_R208,25,R,2,3,OPTIMAL,135.8108,2,1,0,1,1,0.5,107.0239,0.0,28.7869,90,2.0,0.5,1.0
025_R208,25,R,2,4,OPTIMAL,199.2206,2,2,2,0,0,1.0,199.2206,0.0,0.0,90,2.0,0.5,1.0
025_R208,25,R,2,5,OPTIMAL,265.5291,2,2,2,0,0,1.0,265.5291,0.0,0.0,90,2.0,0.5,1.0
025_R208,25,R,2,6,OPTIMAL,258.894,2,2,2,0,0,1.0,258.894,0.0,0.0,90,2.0,0.5,1.0
025_R208,25,R,2,7,OPTIMAL,196.9429,2,2,2,0,0,1.0,196.9429,0.0,0.0,90,2.0,0.5,1.0
025_R208,25,R,2,8,OPTIMAL,185.6108,2,2,2,0,0,1.0,185.6108,0.0,0.0,90,2.0,0.5,1.0
025_R208,25,R,2,9,OPTIMAL,186.961,2,2,2,0,0,1.0,186.961,0.0,0.0,90,2.0,0.5,1.0
025_R208,25,R,4,0,OPTIMAL,430.157,4,4,4,0,0,1.0,430.157,0.0,0.0,90,2.0,0.5,1.0
025_R208,25,R,4,1,OPTIMAL,371.246,4,3,3,0,1,0.75,355.2477,0.0,15.9983,90,2.0,0.5,1.0
025_R208,25,R,4,2,OPTIMAL,466.9718,4,4,3,1,0,1.0,466.9718,0.0,0.0,90,2.0,0.5,1.0
025_R208,25,R,4,3,OPTIMAL,443.674,4,4,4,0,0,1.0,443.674,0.0,0.0,90,2.0,0.5,1.0
025_R208,25,R,4,4,OPTIMAL,400.4701,4,3,3,0,1,0.75,365.0971,0.0,35.373,90,2.0,0.5,1.0
025_R208,25,R,4,5,OPTIMAL,454.4362,4,4,3,1,0,1.0,454.4362,0.0,0.0,90,2.0,0.5,1.0
025_R208,25,R,4,6,OPTIMAL,347.3644,4,4,3,1,0,1.0,347.3644,0.0,0.0,90,2.0,0.5,1.0
025_R208,25,R,4,7,OPTIMAL,515.8938,4,4,4,0,0,1.0,515.8938,0.0,0.0,90,2.0,0.5,1.0
025_R208,25,R,4,8,OPTIMAL,373.018,4,4,2,2,0,1.0,373.018,0.0,0.0,90,2.0,0.5,1.0
025_R208,25,R,4,9,OPTIMAL,243.6236,4,2,1,1,2,0.5,218.1488,0.0,25.4748,90,2.0,0.5,1.0
025_R208,25,R,6,0,OPTIMAL,561.7427,6,5,5,0,1,0.8333,554.8126,0.0,6.9301,90,2.0,0.5,1.0
025_R208,25,R,6,1,OPTIMAL,559.2665,6,6,6,0,0,1.0,559.2665,0.0,0.0,90,2.0,0.5,1.0
025_R208,25,R,6,2,OPTIMAL,581.2821,6,5,4,1,1,0.8333,558.4604,0.0,22.8218,90,2.0,0.5,1.0
025_R208,25,R,6,3,OPTIMAL,612.3472,6,6,6,0,0,1.0,612.3472,0.0,0.0,90,2.0,0.5,1.0
025_R208,25,R,6,4,OPTIMAL,505.0051,6,5,5,0,1,0.8333,487.1023,0.0,17.9028,90,2.0,0.5,1.0
025_R208,25,R,6,5,OPTIMAL,580.2925,6,5,5,0,1,0.8333,572.7832,0.0,7.5093,90,2.0,0.5,1.0
025_R208,25,R,6,6,OPTIMAL,548.3784,6,5,4,1,1,0.8333,536.6424,0.0,11.736,90,2.0,0.5,1.0
025_R208,25,R,6,7,OPTIMAL,507.5893,6,4,4,0,2,0.6667,505.7736,0.0,1.8157,90,2.0,0.5,1.0
025_R208,25,R,6,8,OPTIMAL,597.3268,6,6,6,0,0,1.0,597.3268,0.0,0.0,90,2.0,0.5,1.0
025_R208,25,R,6,9,OPTIMAL,487.9379,6,5,5,0,1,0.8333,475.6994,0.0,12.2385,90,2.0,0.5,1.0
025_R209,25,R,2,0,OPTIMAL,186.9363,2,2,2,0,0,1.0,186.9363,0.0,0.0,90,2.0,0.5,1.0
025_R209,25,R,2,1,OPTIMAL,113.3575,2,1,1,0,1,0.5,107.5156,0.0,5.8419,90,2.0,0.5,1.0
025_R209,25,R,2,2,OPTIMAL,255.9134,2,2,2,0,0,1.0,255.9134,0.0,0.0,90,2.0,0.5,1.0
025_R209,25,R,2,3,OPTIMAL,230.7996,2,2,2,0,0,1.0,230.7996,0.0,0.0,90,2.0,0.5,1.0
025_R209,25,R,2,4,OPTIMAL,199.2206,2,2,1,1,0,1.0,199.2206,0.0,0.0,90,2.0,0.5,1.0
025_R209,25,R,2,5,OPTIMAL,265.5291,2,2,1,1,0,1.0,265.5291,0.0,0.0,90,2.0,0.5,1.0
025_R209,25,R,2,6,OPTIMAL,258.894,2,2,2,0,0,1.0,258.894,0.0,0.0,90,2.0,0.5,1.0
025_R209,25,R,2,7,OPTIMAL,41.0298,2,0,0,0,2,0.0,0.0,0.0,41.0298,90,2.0,0.5,1.0
025_R209,25,R,2,8,OPTIMAL,156.5336,2,1,1,0,1,0.5,130.2825,0.0,26.2511,90,2.0,0.5,1.0
025_R209,25,R,2,9,OPTIMAL,186.961,2,2,2,0,0,1.0,186.961,0.0,0.0,90,2.0,0.5,1.0
025_R209,25,R,4,0,OPTIMAL,373.6223,4,3,3,0,1,0.75,317.7699,0.0,55.8523,90,2.0,0.5,1.0
025_R209,25,R,4,1,OPTIMAL,209.347,4,2,2,0,2,0.5,179.7557,0.0,29.5914,90,2.0,0.5,1.0
025_R209,25,R,4,2,OPTIMAL,369.3247,4,3,3,0,1,0.75,352.5925,0.0,16.7323,90,2.0,0.5,1.0
025_R209,25,R,4,3,OPTIMAL,443.674,4,4,4,0,0,1.0,443.674,0.0,0.0,90,2.0,0.5,1.0
025_R209,25,R,4,4,OPTIMAL,321.068,4,2,1,1,2,0.5,267.2321,0.0,53.8358,90,2.0,0.5,1.0
025_R209,25,R,4,5,OPTIMAL,357.528,4,3,2,1,1,0.75,329.2001,0.0,28.3279,90,2.0,0.5,1.0
025_R209,25,R,4,6,OPTIMAL,347.3644,4,4,2,2,0,1.0,347.3644,0.0,0.0,90,2.0,0.5,1.0
025_R209,25,R,4,7,OPTIMAL,328.3781,4,2,1,1,2,0.5,290.9546,0.0,37.4235,90,2.0,0.5,1.0
025_R209,25,R,4,8,OPTIMAL,215.0779,4,1,1,0,3,0.25,75.6767,0.0,139.4012,90,2.0,0.5,1.0
025_R209,25,R,4,9,OPTIMAL,287.5439,4,2,2,0,2,0.5,218.1488,0.0,69.3951,90,2.0,0.5,1.0
025_R209,25,R,6,0,OPTIMAL,314.4785,6,2,2,0,4,0.3333,176.9164,0.0,137.5621,90,2.0,0.5,1.0
025_R209,25,R,6,1,OPTIMAL,521.657,6,5,5,0,1,0.8333,495.9162,0.0,25.7408,90,2.0,0.5,1.0
025_R209,25,R,6,2,OPTIMAL,584.0802,6,5,3,2,1,0.8333,576.1505,0.0,7.9297,90,2.0,0.5,1.0
025_R209,25,R,6,3,OPTIMAL,554.8842,6,5,3,2,1,0.8333,554.6479,0.0,0.2363,90,2.0,0.5,1.0
025_R209,25,R,6,4,OPTIMAL,546.1012,6,5,4,1,1,0.8333,466.7752,0.0,79.3259,90,2.0,0.5,1.0
025_R209,25,R,6,5,OPTIMAL,527.7502,6,5,4,1,1,0.8333,523.3496,0.0,4.4007,90,2.0,0.5,1.0
025_R209,25,R,6,6,OPTIMAL,424.1132,6,4,3,1,2,0.6667,391.7046,0.0,32.4087,90,2.0,0.5,1.0
025_R209,25,R,6,7,OPTIMAL,524.8661,6,4,4,0,2,0.6667,491.1859,0.0,33.6801,90,2.0,0.5,1.0
025_R209,25,R,6,8,OPTIMAL,597.3268,6,6,5,1,0,1.0,597.3268,0.0,0.0,90,2.0,0.5,1.0
025_R209,25,R,6,9,OPTIMAL,383.3552,6,4,4,0,2,0.6667,355.9458,0.0,27.4093,90,2.0,0.5,1.0
025_R210,25,R,2,0,OPTIMAL,186.9363,2,2,1,1,0,1.0,186.9363,0.0,0.0,90,2.0,0.5,1.0
025_R210,25,R,2,1,OPTIMAL,204.0477,2,2,2,0,0,1.0,204.0477,0.0,0.0,90,2.0,0.5,1.0
025_R210,25,R,2,2,OPTIMAL,255.9134,2,2,1,1,0,1.0,255.9134,0.0,0.0,90,2.0,0.5,1.0
025_R210,25,R,2,3,OPTIMAL,158.1094,2,1,1,0,1,0.5,123.7757,0.0,34.3337,90,2.0,0.5,1.0
025_R210,25,R,2,4,OPTIMAL,199.2206,2,2,1,1,0,1.0,199.2206,0.0,0.0,90,2.0,0.5,1.0
025_R210,25,R,2,5,OPTIMAL,265.5291,2,2,2,0,0,1.0,265.5291,0.0,0.0,90,2.0,0.5,1.0
025_R210,25,R,2,6,OPTIMAL,258.894,2,2,2,0,0,1.0,258.894,0.0,0.0,90,2.0,0.5,1.0
025_R210,25,R,2,7,OPTIMAL,104.225,2,1,1,0,1,0.5,86.0714,0.0,18.1536,90,2.0,0.5,1.0
025_R210,25,R,2,8,OPTIMAL,185.6108,2,2,2,0,0,1.0,185.6108,0.0,0.0,90,2.0,0.5,1.0
025_R210,25,R,2,9,OPTIMAL,186.961,2,2,1,1,0,1.0,186.961,0.0,0.0,90,2.0,0.5,1.0
025_R210,25,R,4,0,OPTIMAL,390.6752,4,3,3,0,1,0.75,351.7291,0.0,38.9461,90,2.0,0.5,1.0
025_R210,25,R,4,1,OPTIMAL,304.4192,4,3,3,0,1,0.75,299.4865,0.0,4.9327,90,2.0,0.5,1.0
025_R210,25,R,4,2,OPTIMAL,466.9718,4,4,4,0,0,1.0,466.9718,0.0,0.0,90,2.0,0.5,1.0
025_R210,25,R,4,3,OPTIMAL,443.674,4,4,3,1,0,1.0,443.674,0.0,0.0,90,2.0,0.5,1.0
025_R210,25,R,4,4,OPTIMAL,505.6281,4,4,2,2,0,1.0,505.6281,0.0,0.0,90,2.0,0.5,1.0
025_R210,25,R,4,5,OPTIMAL,303.3254,4,2,2,0,2,0.5,191.2745,0.0,112.0508,90,2.0,0.5,1.0
025_R210,25,R,4,6,OPTIMAL,194.74,4,2,2,0,2,0.5,167.5528,0.0,27.1871,90,2.0,0.5,1.0
025_R210,25,R,4,7,OPTIMAL,467.5295,4,3,3,0,1,0.75,424.1672,0.0,43.3622,90,2.0,0.5,1.0
025_R210,25,R,4,8,OPTIMAL,163.806,4,2,2,0,2,0.5,136.0934,0.0,27.7126,90,2.0,0.5,1.0
025_R210,25,R,4,9,OPTIMAL,348.8852,4,3,3,0,1,0.75,337.7584,0.0,11.1268,90,2.0,0.5,1.0
025_R210,25,R,6,0,OPTIMAL,485.4649,6,4,3,1,2,0.6667,452.1186,0.0,33.3463,90,2.0,0.5,1.0
025_R210,25,R,6,1,OPTIMAL,526.2233,6,5,5,0,1,0.8333,495.9162,0.0,30.3071,90,2.0,0.5,1.0
025_R210,25,R,6,2,OPTIMAL,562.48,6,5,2,3,1,0.8333,558.4604,0.0,4.0196,90,2.0,0.5,1.0
025_R210,25,R,6,3,OPTIMAL,475.3235,6,5,4,1,1,0.8333,472.3401,0.0,2.9834,90,2.0,0.5,1.0
025_R210,25,R,6,4,OPTIMAL,484.4408,6,5,3,2,1,0.8333,466.7752,0.0,17.6656,90,2.0,0.5,1.0
025_R210,25,R,6,5,OPTIMAL,657.2649,6,6,4,2,0,1.0,657.2649,0.0,0.0,90,2.0,0.5,1.0
025_R210,25,R,6,6,OPTIMAL,515.4184,6,4,4,0,2,0.6667,478.7882,0.0,36.6302,90,2.0,0.5,1.0
025_R210,25,R,6,7,OPTIMAL,544.6541,6,4,3,1,2,0.6667,505.7736,0.0,38.8804,90,2.0,0.5,1.0
025_R210,25,R,6,8,OPTIMAL,513.833,6,5,3,2,1,0.8333,480.1673,0.0,33.6657,90,2.0,0.5,1.0
025_R210,25,R,6,9,OPTIMAL,507.4736,6,5,4,1,1,0.8333,483.3366,0.0,24.137,90,2.0,0.5,1.0
025_R211,25,R,2,0,OPTIMAL,87.7684,2,1,1,0,1,0.5,79.5371,0.0,8.2312,90,2.0,0.5,1.0
025_R211,25,R,2,1,OPTIMAL,204.0477,2,2,2,0,0,1.0,204.0477,0.0,0.0,90,2.0,0.5,1.0
025_R211,25,R,2,2,OPTIMAL,255.9134,2,2,2,0,0,1.0,255.9134,0.0,0.0,90,2.0,0.5,1.0
025_R211,25,R,2,3,OPTIMAL,176.743,2,1,1,0,1,0.5,123.7757,0.0,52.9672,90,2.0,0.5,1.0
025_R211,25,R,2,4,OPTIMAL,199.2206,2,2,1,1,0,1.0,199.2206,0.0,0.0,90,2.0,0.5,1.0
025_R211,25,R,2,5,OPTIMAL,265.5291,2,2,2,0,0,1.0,265.5291,0.0,0.0,90,2.0,0.5,1.0
025_R211,25,R,2,6,OPTIMAL,164.8684,2,1,1,0,1,0.5,130.8425,0.0,34.0259,90,2.0,0.5,1.0
025_R211,25,R,2,7,OPTIMAL,196.9429,2,2,2,0,0,1.0,196.9429,0.0,0.0,90,2.0,0.5,1.0
025_R211,25,R,2,8,OPTIMAL,60.383,2,1,0,1,1,0.5,55.3283,0.0,5.0547,90,2.0,0.5,1.0
025_R211,25,R,2,9,OPTIMAL,186.961,2,2,1,1,0,1.0,186.961,0.0,0.0,90,2.0,0.5,1.0
025_R211,25,R,4,0,OPTIMAL,354.4387,4,3,2,1,1,0.75,317.7699,0.0,36.6688,90,2.0,0.5,1.0
025_R211,25,R,4,1,OPTIMAL,426.2891,4,4,4,0,0,1.0,426.2891,0.0,0.0,90,2.0,0.5,1.0
025_R211,25,R,4,2,OPTIMAL,369.3247,4,3,3,0,1,0.75,352.5925,0.0,16.7323,90,2.0,0.5,1.0
025_R211,25,R,4,3,OPTIMAL,443.674,4,4,4,0,0,1.0,443.674,0.0,0.0,90,2.0,0.5,1.0
025_R211,25,R,4,4,OPTIMAL,399.1331,4,3,2,1,1,0.75,395.6172,0.0,3.5158,90,2.0,0.5,1.0
025_R211,25,R,4,5,OPTIMAL,454.4362,4,4,3,1,0,1.0,454.4362,0.0,0.0,90,2.0,0.5,1.0
025_R211,25,R,4,6,OPTIMAL,275.2603,4,2,1,1,2,0.5,247.2355,0.0,28.0248,90,2.0,0.5,1.0
025_R211,25,R,4,7,OPTIMAL,430.8915,4,3,3,0,1,0.75,424.1672,0.0,6.7243,90,2.0,0.5,1.0
025_R211,25,R,4,8,OPTIMAL,373.018,4,4,3,1,0,1.0,373.018,0.0,0.0,90,2.0,0.5,1.0
025_R211,25,R,4,9,OPTIMAL,342.6514,4,3,3,0,1,0.75,337.7584,0.0,4.893,90,2.0,0.5,1.0
025_R211,25,R,6,0,OPTIMAL,536.0111,6,5,5,0,1,0.8333,534.3416,0.0,1.6694,90,2.0,0.5,1.0
025_R211,25,R,6,1,OPTIMAL,497.3089,6,5,5,0,1,0.8333,495.9162,0.0,1.3927,90,2.0,0.5,1.0
025_R211,25,R,6,2,OPTIMAL,687.2934,6,6,4,2,0,1.0,687.2934,0.0,0.0,90,2.0,0.5,1.0
025_R211,25,R,6,3,OPTIMAL,527.1509,6,5,3,2,1,0.8333,472.3401,0.0,54.8109,90,2.0,0.5,1.0
025_R211,25,R,6,4,OPTIMAL,443.7273,6,4,4,0,2,0.6667,397.4484,0.0,46.2789,90,2.0,0.5,1.0
025_R211,25,R,6,5,OPTIMAL,527.7502,6,5,5,0,1,0.8333,523.3496,0.0,4.4007,90,2.0,0.5,1.0
025_R211,25,R,6,6,OPTIMAL,430.2415,6,4,4,0,2,0.6667,406.1678,0.0,24.0737,90,2.0,0.5,1.0
025_R211,25,R,6,7,OPTIMAL,544.6541,6,4,4,0,2,0.6667,505.7736,0.0,38.8804,90,2.0,0.5,1.0
025_R211,25,R,6,8,OPTIMAL,497.794,6,5,5,0,1,0.8333,464.9047,0.0,32.8893,90,2.0,0.5,1.0
025_R211,25,R,6,9,OPTIMAL,535.6868,6,6,5,1,0,1.0,535.6868,0.0,0.0,90,2.0,0.5,1.0
025_RC101,25,RC,2,0,OPTIMAL,0.7276,2,0,0,0,2,0.0,0.0,0.0,0.7276,90,2.0,0.5,1.0
025_RC101,25,RC,2,1,OPTIMAL,4.5002,2,0,0,0,2,0.0,0.0,0.0,4.5002,90,2.0,0.5,1.0
025_RC101,25,RC,2,2,OPTIMAL,0.6825,2,0,0,0,2,0.0,0.0,0.0,0.6825,90,2.0,0.5,1.0
025_RC101,25,RC,2,3,OPTIMAL,7.311,2,0,0,0,2,0.0,0.0,0.0,7.311,90,2.0,0.5,1.0
025_RC101,25,RC,2,4,OPTIMAL,153.9929,2,1,1,0,1,0.5,135.4445,0.0,18.5484,90,2.0,0.5,1.0
025_RC101,25,RC,2,5,OPTIMAL,2.1197,2,0,0,0,2,0.0,0.0,0.0,2.1197,90,2.0,0.5,1.0
025_RC101,25,RC,2,6,OPTIMAL,29.592,2,0,0,0,2,0.0,0.0,0.0,29.592,90,2.0,0.5,1.0
025_RC101,25,RC,2,7,OPTIMAL,2.7084,2,0,0,0,2,0.0,0.0,0.0,2.7084,90,2.0,0.5,1.0
025_RC101,25,RC,2,8,OPTIMAL,0.1138,2,0,0,0,2,0.0,0.0,0.0,0.1138,90,2.0,0.5,1.0
025_RC101,25,RC,2,9,OPTIMAL,37.4744,2,0,0,0,2,0.0,0.0,0.0,37.4744,90,2.0,0.5,1.0
025_RC101,25,RC,4,0,OPTIMAL,31.0497,4,0,0,0,4,0.0,0.0,0.0,31.0497,90,2.0,0.5,1.0
025_RC101,25,RC,4,1,OPTIMAL,39.26,4,0,0,0,4,0.0,0.0,0.0,39.26,90,2.0,0.5,1.0
025_RC101,25,RC,4,2,OPTIMAL,4.3744,4,0,0,0,4,0.0,0.0,0.0,4.3744,90,2.0,0.5,1.0
025_RC101,25,RC,4,3,OPTIMAL,16.7663,4,0,0,0,4,0.0,0.0,0.0,16.7663,90,2.0,0.5,1.0
025_RC101,25,RC,4,4,OPTIMAL,59.2201,4,0,0,0,4,0.0,0.0,0.0,59.2201,90,2.0,0.5,1.0
025_RC101,25,RC,4,5,OPTIMAL,163.4074,4,1,1,0,3,0.25,142.3967,0.0,21.0107,90,2.0,0.5,1.0
025_RC101,25,RC,4,6,OPTIMAL,6.0869,4,0,0,0,4,0.0,0.0,0.0,6.0869,90,2.0,0.5,1.0
025_RC101,25,RC,4,7,OPTIMAL,200.6694,4,1,0,1,3,0.25,192.0647,0.0,8.6047,90,2.0,0.5,1.0
025_RC101,25,RC,4,8,OPTIMAL,28.692,4,0,0,0,4,0.0,0.0,0.0,28.692,90,2.0,0.5,1.0
025_RC101,25,RC,4,9,OPTIMAL,225.2681,4,1,1,0,3,0.25,189.252,0.0,36.016,90,2.0,0.5,1.0
025_RC101,25,RC,6,0,OPTIMAL,39.129,6,0,0,0,6,0.0,0.0,0.0,39.129,90,2.0,0.5,1.0
025_RC101,25,RC,6,1,OPTIMAL,14.8047,6,0,0,0,6,0.0,0.0,0.0,14.8047,90,2.0,0.5,1.0
025_RC101,25,RC,6,2,OPTIMAL,25.0861,6,0,0,0,6,0.0,0.0,0.0,25.0861,90,2.0,0.5,1.0
025_RC101,25,RC,6,3,OPTIMAL,24.4354,6,0,0,0,6,0.0,0.0,0.0,24.4354,90,2.0,0.5,1.0
025_RC101,25,RC,6,4,OPTIMAL,65.2117,6,0,0,0,6,0.0,0.0,0.0,65.2117,90,2.0,0.5,1.0
025_RC101,25,RC,6,5,OPTIMAL,123.4149,6,0,0,0,6,0.0,0.0,8.4935,114.9214,90,2.0,0.5,1.0
025_RC101,25,RC,6,6,OPTIMAL,66.8539,6,0,0,0,6,0.0,0.0,0.0,66.8539,90,2.0,0.5,1.0
025_RC101,25,RC,6,7,OPTIMAL,303.5586,6,2,1,1,4,0.3333,280.1423,0.0,23.4163,90,2.0,0.5,1.0
025_RC101,25,RC,6,8,OPTIMAL,77.0565,6,0,0,0,6,0.0,0.0,0.0,77.0565,90,2.0,0.5,1.0
025_RC101,25,RC,6,9,OPTIMAL,210.4443,6,1,1,0,5,0.1667,172.8714,0.0,37.573,90,2.0,0.5,1.0
025_RC102,25,RC,2,0,OPTIMAL,0.682,2,0,0,0,2,0.0,0.0,0.0,0.682,90,2.0,0.5,1.0
025_RC102,25,RC,2,1,OPTIMAL,2.4568,2,0,0,0,2,0.0,0.0,0.0,2.4568,90,2.0,0.5,1.0
025_RC102,25,RC,2,2,OPTIMAL,0.6825,2,0,0,0,2,0.0,0.0,0.0,0.6825,90,2.0,0.5,1.0
025_RC102,25,RC,2,3,OPTIMAL,7.311,2,0,0,0,2,0.0,0.0,0.0,7.311,90,2.0,0.5,1.0
025_RC102,25,RC,2,4,OPTIMAL,18.5485,2,0,0,0,2,0.0,0.0,0.0,18.5485,90,2.0,0.5,1.0
025_RC102,25,RC,2,5,OPTIMAL,1.892,2,0,0,0,2,0.0,0.0,0.0,1.892,90,2.0,0.5,1.0
025_RC102,25,RC,2,6,OPTIMAL,31.4592,2,0,0,0,2,0.0,0.0,0.0,31.4592,90,2.0,0.5,1.0
025_RC102,25,RC,2,7,OPTIMAL,3.4044,2,0,0,0,2,0.0,0.0,0.0,3.4044,90,2.0,0.5,1.0
025_RC102,25,RC,2,8,OPTIMAL,0.3542,2,0,0,0,2,0.0,0.0,0.0,0.3542,90,2.0,0.5,1.0
025_RC102,25,RC,2,9,OPTIMAL,38.9986,2,0,0,0,2,0.0,0.0,0.0,38.9986,90,2.0,0.5,1.0
025_RC102,25,RC,4,0,OPTIMAL,12.4802,4,0,0,0,4,0.0,0.0,0.0,12.4802,90,2.0,0.5,1.0
025_RC102,25,RC,4,1,OPTIMAL,19.0565,4,0,0,0,4,0.0,0.0,0.0,19.0565,90,2.0,0.5,1.0
025_RC102,25,RC,4,2,OPTIMAL,11.1377,4,0,0,0,4,0.0,0.0,0.0,11.1377,90,2.0,0.5,1.0
025_RC102,25,RC,4,3,OPTIMAL,163.3925,4,1,1,0,3,0.25,162.9213,0.0,0.4712,90,2.0,0.5,1.0
025_RC102,25,RC,4,4,OPTIMAL,50.049,4,0,0,0,4,0.0,0.0,0.0,50.049,90,2.0,0.5,1.0
025_RC102,25,RC,4,5,OPTIMAL,17.9882,4,0,0,0,4,0.0,0.0,0.0,17.9882,90,2.0,0.5,1.0
025_RC102,25,RC,4,6,OPTIMAL,1.7431,4,0,0,0,4,0.0,0.0,0.0,1.7431,90,2.0,0.5,1.0
025_RC102,25,RC,4,7,OPTIMAL,69.3706,4,0,0,0,4,0.0,0.0,0.0,69.3706,90,2.0,0.5,1.0
025_RC102,25,RC,4,8,OPTIMAL,10.9786,4,0,0,0,4,0.0,0.0,0.0,10.9786,90,2.0,0.5,1.0
025_RC102,25,RC,4,9,OPTIMAL,223.9385,4,1,1,0,3,0.25,189.252,0.0,34.6864,90,2.0,0.5,1.0
025_RC102,25,RC,6,0,OPTIMAL,56.9816,6,0,0,0,6,0.0,0.0,0.0,56.9816,90,2.0,0.5,1.0
025_RC102,25,RC,6,1,OPTIMAL,46.4524,6,0,0,0,6,0.0,0.0,0.0,46.4524,90,2.0,0.5,1.0
025_RC102,25,RC,6,2,OPTIMAL,21.3921,6,0,0,0,6,0.0,0.0,0.0,21.3921,90,2.0,0.5,1.0
025_RC102,25,RC,6,3,OPTIMAL,195.3854,6,1,1,0,5,0.1667,168.629,0.0,26.7565,90,2.0,0.5,1.0
025_RC102,25,RC,6,4,OPTIMAL,128.9553,6,0,0,0,6,0.0,0.0,0.0,128.9553,90,2.0,0.5,1.0
025_RC102,25,RC,6,5,OPTIMAL,17.8741,6,0,0,0,6,0.0,0.0,0.0,17.8741,90,2.0,0.5,1.0
025_RC102,25,RC,6,6,OPTIMAL,31.4205,6,0,0,0,6,0.0,0.0,0.0,31.4205,90,2.0,0.5,1.0
025_RC102,25,RC,6,7,OPTIMAL,171.7853,6,1,0,1,5,0.1667,148.0153,0.0,23.77,90,2.0,0.5,1.0
025_RC102,25,RC,6,8,OPTIMAL,74.0864,6,0,0,0,6,0.0,0.0,0.0,74.0864,90,2.0,0.5,1.0
025_RC102,25,RC,6,9,OPTIMAL,34.6807,6,0,0,0,6,0.0,0.0,0.0,34.6807,90,2.0,0.5,1.0
025_RC103,25,RC,2,0,OPTIMAL,0.7276,2,0,0,0,2,0.0,0.0,0.0,0.7276,90,2.0,0.5,1.0
025_RC103,25,RC,2,1,OPTIMAL,16.0992,2,0,0,0,2,0.0,0.0,0.0,16.0992,90,2.0,0.5,1.0
025_RC103,25,RC,2,2,OPTIMAL,0.6836,2,0,0,0,2,0.0,0.0,0.0,0.6836,90,2.0,0.5,1.0
025_RC103,25,RC,2,3,OPTIMAL,12.0526,2,0,0,0,2,0.0,0.0,0.0,12.0526,90,2.0,0.5,1.0
025_RC103,25,RC,2,4,OPTIMAL,177.3139,2,1,1,0,1,0.5,176.1073,0.0,1.2067,90,2.0,0.5,1.0
025_RC103,25,RC,2,5,OPTIMAL,1.892,2,0,0,0,2,0.0,0.0,0.0,1.892,90,2.0,0.5,1.0
025_RC103,25,RC,2,6,OPTIMAL,25.6469,2,0,0,0,2,0.0,0.0,0.0,25.6469,90,2.0,0.5,1.0
025_RC103,25,RC,2,7,OPTIMAL,3.7257,2,0,0,0,2,0.0,0.0,0.0,3.7257,90,2.0,0.5,1.0
025_RC103,25,RC,2,8,OPTIMAL,1.5886,2,0,0,0,2,0.0,0.0,0.0,1.5886,90,2.0,0.5,1.0
025_RC103,25,RC,2,9,OPTIMAL,177.1938,2,1,1,0,1,0.5,177.1826,0.0,0.0112,90,2.0,0.5,1.0
025_RC103,25,RC,4,0,OPTIMAL,21.821,4,0,0,0,4,0.0,0.0,0.0,21.821,90,2.0,0.5,1.0
025_RC103,25,RC,4,1,OPTIMAL,27.4191,4,0,0,0,4,0.0,0.0,0.0,27.4191,90,2.0,0.5,1.0
025_RC103,25,RC,4,2,OPTIMAL,9.9651,4,0,0,0,4,0.0,0.0,0.0,9.9651,90,2.0,0.5,1.0
025_RC103,25,RC,4,3,OPTIMAL,171.5378,4,1,1,0,3,0.25,162.9213,0.0,8.6165,90,2.0,0.5,1.0
025_RC103,25,RC,4,4,OPTIMAL,51.3019,4,0,0,0,4,0.0,0.0,0.0,51.3019,90,2.0,0.5,1.0
025_RC103,25,RC,4,5,OPTIMAL,25.086,4,0,0,0,4,0.0,0.0,0.0,25.086,90,2.0,0.5,1.0
025_RC103,25,RC,4,6,OPTIMAL,2.1508,4,0,0,0,4,0.0,0.0,0.0,2.1508,90,2.0,0.5,1.0
025_RC103,25,RC,4,7,OPTIMAL,230.294,4,1,1,0,3,0.25,192.0647,0.0,38.2293,90,2.0,0.5,1.0
025_RC103,25,RC,4,8,OPTIMAL,11.863,4,0,0,0,4,0.0,0.0,0.0,11.863,90,2.0,0.5,1.0
025_RC103,25,RC,4,9,OPTIMAL,224.0557,4,1,1,0,3,0.25,189.252,0.0,34.8036,90,2.0,0.5,1.0
025_RC103,25,RC,6,0,OPTIMAL,207.6013,6,1,1,0,5,0.1667,171.1516,0.0,36.4497,90,2.0,0.5,1.0
025_RC103,25,RC,6,1,OPTIMAL,46.4524,6,0,0,0,6,0.0,0.0,0.0,46.4524,90,2.0,0.5,1.0
025_RC103,25,RC,6,2,OPTIMAL,21.3921,6,0,0,0,6,0.0,0.0,0.0,21.3921,90,2.0,0.5,1.0
025_RC103,25,RC,6,3,OPTIMAL,196.0005,6,1,1,0,5,0.1667,168.629,0.0,27.3715,90,2.0,0.5,1.0
025_RC103,25,RC,6,4,OPTIMAL,342.776,6,2,1,1,4,0.3333,322.516,0.0,20.26,90,2.0,0.5,1.0
025_RC103,25,RC,6,5,OPTIMAL,74.1502,6,0,0,0,6,0.0,0.0,0.0,74.1502,90,2.0,0.5,1.0
025_RC103,25,RC,6,6,OPTIMAL,37.7486,6,0,0,0,6,0.0,0.0,0.0,37.7486,90,2.0,0.5,1.0
025_RC103,25,RC,6,7,OPTIMAL,26.5022,6,0,0,0,6,0.0,0.0,0.0,26.5022,90,2.0,0.5,1.0
025_RC103,25,RC,6,8,OPTIMAL,230.2,6,1,1,0,5,0.1667,177.5899,0.0,52.6101,90,2.0,0.5,1.0
025_RC103,25,RC,6,9,OPTIMAL,29.7963,6,0,0,0,6,0.0,0.0,0.0,29.7963,90,2.0,0.5,1.0
025_RC104,25,RC,2,0,OPTIMAL,4.365,2,0,0,0,2,0.0,0.0,0.0,4.365,90,2.0,0.5,1.0
025_RC104,25,RC,2,1,OPTIMAL,167.6843,2,1,1,0,1,0.5,165.4758,0.0,2.2085,90,2.0,0.5,1.0
025_RC104,25,RC,2,2,OPTIMAL,7.9925,2,0,0,0,2,0.0,0.0,0.0,7.9925,90,2.0,0.5,1.0
025_RC104,25,RC,2,3,OPTIMAL,158.7791,2,1,1,0,1,0.5,149.0535,0.0,9.7256,90,2.0,0.5,1.0
025_RC104,25,RC,2,4,OPTIMAL,179.5511,2,1,1,0,1,0.5,176.1073,0.0,3.4438,90,2.0,0.5,1.0
025_RC104,25,RC,2,5,OPTIMAL,141.4979,2,1,0,1,1,0.5,129.216,0.0,12.2819,90,2.0,0.5,1.0
025_RC104,25,RC,2,6,OPTIMAL,191.2818,2,1,1,0,1,0.5,181.8211,0.0,9.4606,90,2.0,0.5,1.0
025_RC104,25,RC,2,7,OPTIMAL,3.7257,2,0,0,0,2,0.0,0.0,0.0,3.7257,90,2.0,0.5,1.0
025_RC104,25,RC,2,8,OPTIMAL,4.0986,2,0,0,0,2,0.0,0.0,0.0,4.0986,90,2.0,0.5,1.0
025_RC104,25,RC,2,9,OPTIMAL,177.205,2,1,1,0,1,0.5,177.1826,0.0,0.0224,90,2.0,0.5,1.0
025_RC104,25,RC,4,0,OPTIMAL,152.7943,4,1,0,1,3,0.25,131.8755,0.0,20.9188,90,2.0,0.5,1.0
025_RC104,25,RC,4,1,OPTIMAL,23.9736,4,0,0,0,4,0.0,0.0,0.0,23.9736,90,2.0,0.5,1.0
025_RC104,25,RC,4,2,OPTIMAL,60.6964,4,0,0,0,4,0.0,0.0,0.0,60.6964,90,2.0,0.5,1.0
025_RC104,25,RC,4,3,OPTIMAL,173.623,4,1,1,0,3,0.25,162.9213,0.0,10.7017,90,2.0,0.5,1.0
025_RC104,25,RC,4,4,OPTIMAL,290.6674,4,2,1,1,2,0.5,279.3059,0.0,11.3615,90,2.0,0.5,1.0
025_RC104,25,RC,4,5,OPTIMAL,25.664,4,0,0,0,4,0.0,0.0,0.0,25.664,90,2.0,0.5,1.0
025_RC104,25,RC,4,6,OPTIMAL,146.0198,4,1,1,0,3,0.25,142.6412,0.0,3.3786,90,2.0,0.5,1.0
025_RC104,25,RC,4,7,OPTIMAL,387.3647,4,2,2,0,2,0.5,378.7048,0.0,8.6598,90,2.0,0.5,1.0
025_RC104,25,RC,4,8,OPTIMAL,10.7607,4,0,0,0,4,0.0,0.0,0.0,10.7607,90,2.0,0.5,1.0
025_RC104,25,RC,4,9,OPTIMAL,383.9802,4,2,2,0,2,0.5,371.4935,0.0,12.4867,90,2.0,0.5,1.0
025_RC104,25,RC,6,0,OPTIMAL,187.8219,6,1,1,0,5,0.1667,171.1516,0.0,16.6703,90,2.0,0.5,1.0
025_RC104,25,RC,6,1,OPTIMAL,192.9227,6,1,0,1,5,0.1667,129.8646,0.0,63.0582,90,2.0,0.5,1.0
025_RC104,25,RC,6,2,OPTIMAL,69.6427,6,0,0,0,6,0.0,0.0,0.0,69.6427,90,2.0,0.5,1.0
025_RC104,25,RC,6,3,OPTIMAL,68.7811,6,0,0,0,6,0.0,0.0,0.0,68.7811,90,2.0,0.5,1.0
025_RC104,25,RC,6,4,OPTIMAL,497.3394,6,3,2,1,3,0.5,478.2453,0.0,19.0941,90,2.0,0.5,1.0
025_RC104,25,RC,6,5,OPTIMAL,173.9108,6,1,1,0,5,0.1667,151.8407,0.0,22.0702,90,2.0,0.5,1.0
025_RC104,25,RC,6,6,OPTIMAL,70.7119,6,0,0,0,6,0.0,0.0,0.0,70.7119,90,2.0,0.5,1.0
025_RC104,25,RC,6,7,OPTIMAL,31.1165,6,0,0,0,6,0.0,0.0,0.0,31.1165,90,2.0,0.5,1.0
025_RC104,25,RC,6,8,OPTIMAL,357.4721,6,2,2,0,4,0.3333,333.4304,0.0,24.0416,90,2.0,0.5,1.0
025_RC104,25,RC,6,9,OPTIMAL,32.803,6,0,0,0,6,0.0,0.0,0.0,32.803,90,2.0,0.5,1.0
025_RC105,25,RC,2,0,OPTIMAL,0.407,2,0,0,0,2,0.0,0.0,0.0,0.407,90,2.0,0.5,1.0
025_RC105,25,RC,2,1,OPTIMAL,13.6962,2,0,0,0,2,0.0,0.0,0.0,13.6962,90,2.0,0.5,1.0
025_RC105,25,RC,2,2,OPTIMAL,0.7575,2,0,0,0,2,0.0,0.0,0.0,0.7575,90,2.0,0.5,1.0
025_RC105,25,RC,2,3,OPTIMAL,7.3252,2,0,0,0,2,0.0,0.0,0.0,7.3252,90,2.0,0.5,1.0
025_RC105,25,RC,2,4,OPTIMAL,20.8789,2,0,0,0,2,0.0,0.0,0.0,20.8789,90,2.0,0.5,1.0
025_RC105,25,RC,2,5,OPTIMAL,1.892,2,0,0,0,2,0.0,0.0,0.0,1.892,90,2.0,0.5,1.0
025_RC105,25,RC,2,6,OPTIMAL,47.7149,2,0,0,0,2,0.0,0.0,2.6491,45.0659,90,2.0,0.5,1.0
025_RC105,25,RC,2,7,OPTIMAL,3.7257,2,0,0,0,2,0.0,0.0,0.0,3.7257,90,2.0,0.5,1.0
025_RC105,25,RC,2,8,OPTIMAL,7.2179,2,0,0,0,2,0.0,0.0,0.0,7.2179,90,2.0,0.5,1.0
025_RC105,25,RC,2,9,OPTIMAL,39.4589,2,0,0,0,2,0.0,0.0,1.3636,38.0953,90,2.0,0.5,1.0
025_RC105,25,RC,4,0,OPTIMAL,34.5281,4,0,0,0,4,0.0,0.0,1.9963,32.5318,90,2.0,0.5,1.0
025_RC105,25,RC,4,1,OPTIMAL,22.7304,4,0,0,0,4,0.0,0.0,0.0,22.7304,90,2.0,0.5,1.0
025_RC105,25,RC,4,2,OPTIMAL,140.0475,4,1,1,0,3,0.25,130.1674,0.0,9.8801,90,2.0,0.5,1.0
025_RC105,25,RC,4,3,OPTIMAL,17.258,4,0,0,0,4,0.0,0.0,0.0,17.258,90,2.0,0.5,1.0
025_RC105,25,RC,4,4,OPTIMAL,19.7415,4,0,0,0,4,0.0,0.0,0.0,19.7415,90,2.0,0.5,1.0
025_RC105,25,RC,4,5,OPTIMAL,18.5128,4,0,0,0,4,0.0,0.0,0.0,18.5128,90,2.0,0.5,1.0
025_RC105,25,RC,4,6,OPTIMAL,2.6269,4,0,0,0,4,0.0,0.0,0.0,2.6269,90,2.0,0.5,1.0
025_RC105,25,RC,4,7,OPTIMAL,66.9157,4,0,0,0,4,0.0,0.0,1.5672,65.3485,90,2.0,0.5,1.0
025_RC105,25,RC,4,8,OPTIMAL,10.067,4,0,0,0,4,0.0,0.0,0.0,10.067,90,2.0,0.5,1.0
025_RC105,25,RC,4,9,OPTIMAL,222.8053,4,1,1,0,3,0.25,189.252,0.0,33.5533,90,2.0,0.5,1.0
025_RC105,25,RC,6,0,OPTIMAL,35.2103,6,0,0,0,6,0.0,0.0,0.0,35.2103,90,2.0,0.5,1.0
025_RC105,25,RC,6,1,OPTIMAL,20.0532,6,0,0,0,6,0.0,0.0,0.0,20.0532,90,2.0,0.5,1.0
025_RC105,25,RC,6,2,OPTIMAL,17.918,6,0,0,0,6,0.0,0.0,0.0,17.918,90,2.0,0.5,1.0
025_RC105,25,RC,6,3,OPTIMAL,36.9434,6,0,0,0,6,0.0,0.0,0.0,36.9434,90,2.0,0.5,1.0
025_RC105,25,RC,6,4,OPTIMAL,205.569,6,1,1,0,5,0.1667,154.401,0.0,51.1681,90,2.0,0.5,1.0
025_RC105,25,RC,6,5,OPTIMAL,20.7707,6,0,0,0,6,0.0,0.0,0.0,20.7707,90,2.0,0.5,1.0
025_RC105,25,RC,6,6,OPTIMAL,164.1675,6,1,1,0,5,0.1667,152.4801,0.0,11.6873,90,2.0,0.5,1.0
025_RC105,25,RC,6,7,OPTIMAL,222.3375,6,1,1,0,5,0.1667,176.2032,0.0,46.1343,90,2.0,0.5,1.0
025_RC105,25,RC,6,8,OPTIMAL,60.1958,6,0,0,0,6,0.0,0.0,0.5767,59.6191,90,2.0,0.5,1.0
025_RC105,25,RC,6,9,OPTIMAL,39.9954,6,0,0,0,6,0.0,0.0,0.0,39.9954,90,2.0,0.5,1.0
025_RC106,25,RC,2,0,OPTIMAL,5.8803,2,0,0,0,2,0.0,0.0,0.0,5.8803,90,2.0,0.5,1.0
025_RC106,25,RC,2,1,OPTIMAL,16.1316,2,0,0,0,2,0.0,0.0,0.0,16.1316,90,2.0,0.5,1.0
025_RC106,25,RC,2,2,OPTIMAL,0.6825,2,0,0,0,2,0.0,0.0,0.0,0.6825,90,2.0,0.5,1.0
025_RC106,25,RC,2,3,OPTIMAL,170.6052,2,1,1,0,1,0.5,165.969,0.0,4.6362,90,2.0,0.5,1.0
025_RC106,25,RC,2,4,OPTIMAL,161.0791,2,1,1,0,1,0.5,135.4445,0.0,25.6346,90,2.0,0.5,1.0
025_RC106,25,RC,2,5,OPTIMAL,2.1197,2,0,0,0,2,0.0,0.0,0.0,2.1197,90,2.0,0.5,1.0
025_RC106,25,RC,2,6,OPTIMAL,31.9337,2,0,0,0,2,0.0,0.0,0.0,31.9337,90,2.0,0.5,1.0
025_RC106,25,RC,2,7,OPTIMAL,134.9485,2,1,1,0,1,0.5,131.8067,0.0,3.1418,90,2.0,0.5,1.0
025_RC106,25,RC,2,8,OPTIMAL,0.9038,2,0,0,0,2,0.0,0.0,0.0,0.9038,90,2.0,0.5,1.0
025_RC106,25,RC,2,9,OPTIMAL,12.2222,2,0,0,0,2,0.0,0.0,0.0,12.2222,90,2.0,0.5,1.0
025_RC106,25,RC,4,0,OPTIMAL,31.2021,4,0,0,0,4,0.0,0.0,0.0,31.2021,90,2.0,0.5,1.0
025_RC106,25,RC,4,1,OPTIMAL,204.8777,4,1,1,0,3,0.25,171.5853,0.0,33.2924,90,2.0,0.5,1.0
025_RC106,25,RC,4,2,OPTIMAL,14.4071,4,0,0,0,4,0.0,0.0,0.0,14.4071,90,2.0,0.5,1.0
025_RC106,25,RC,4,3,OPTIMAL,171.8964,4,1,1,0,3,0.25,162.9213,0.0,8.9751,90,2.0,0.5,1.0
025_RC106,25,RC,4,4,OPTIMAL,185.7812,4,1,1,0,3,0.25,162.2374,0.0,23.5438,90,2.0,0.5,1.0
025_RC106,25,RC,4,5,OPTIMAL,26.7773,4,0,0,0,4,0.0,0.0,0.0,26.7773,90,2.0,0.5,1.0
025_RC106,25,RC,4,6,OPTIMAL,4.9731,4,0,0,0,4,0.0,0.0,0.0,4.9731,90,2.0,0.5,1.0
025_RC106,25,RC,4,7,OPTIMAL,70.1408,4,0,0,0,4,0.0,0.0,0.0,70.1408,90,2.0,0.5,1.0
025_RC106,25,RC,4,8,OPTIMAL,31.4074,4,0,0,0,4,0.0,0.0,0.0,31.4074,90,2.0,0.5,1.0
025_RC106,25,RC,4,9,OPTIMAL,225.0816,4,1,1,0,3,0.25,189.252,0.0,35.8296,90,2.0,0.5,1.0
025_RC106,25,RC,6,0,OPTIMAL,18.4522,6,0,0,0,6,0.0,0.0,0.0,18.4522,90,2.0,0.5,1.0
025_RC106,25,RC,6,1,OPTIMAL,133.8063,6,1,1,0,5,0.1667,121.4388,0.0,12.3674,90,2.0,0.5,1.0
025_RC106,25,RC,6,2,OPTIMAL,28.7367,6,0,0,0,6,0.0,0.0,0.0,28.7367,90,2.0,0.5,1.0
025_RC106,25,RC,6,3,OPTIMAL,30.0156,6,0,0,0,6,0.0,0.0,0.0,30.0156,90,2.0,0.5,1.0
025_RC106,25,RC,6,4,OPTIMAL,339.9156,6,2,2,0,4,0.3333,292.7151,0.0,47.2006,90,2.0,0.5,1.0
025_RC106,25,RC,6,5,OPTIMAL,99.1787,6,0,0,0,6,0.0,0.0,0.0,99.1787,90,2.0,0.5,1.0
025_RC106,25,RC,6,6,OPTIMAL,69.9123,6,0,0,0,6,0.0,0.0,0.0,69.9123,90,2.0,0.5,1.0
025_RC106,25,RC,6,7,OPTIMAL,192.27,6,1,1,0,5,0.1667,132.127,0.0,60.1429,90,2.0,0.5,1.0
025_RC106,25,RC,6,8,OPTIMAL,102.51,6,0,0,0,6,0.0,0.0,0.0,102.51,90,2.0,0.5,1.0
025_RC106,25,RC,6,9,OPTIMAL,176.7905,6,1,1,0,5,0.1667,139.8269,0.0,36.9636,90,2.0,0.5,1.0
025_RC107,25,RC,2,0,OPTIMAL,6.5006,2,0,0,0,2,0.0,0.0,0.0,6.5006,90,2.0,0.5,1.0
025_RC107,25,RC,2,1,OPTIMAL,15.3198,2,0,0,0,2,0.0,0.0,0.0,15.3198,90,2.0,0.5,1.0
025_RC107,25,RC,2,2,OPTIMAL,46.283,2,0,0,0,2,0.0,0.0,0.0,46.283,90,2.0,0.5,1.0
025_RC107,25,RC,2,3,OPTIMAL,170.6052,2,1,1,0,1,0.5,165.969,0.0,4.6362,90,2.0,0.5,1.0
025_RC107,25,RC,2,4,OPTIMAL,18.5505,2,0,0,0,2,0.0,0.0,0.0,18.5505,90,2.0,0.5,1.0
025_RC107,25,RC,2,5,OPTIMAL,198.126,2,1,1,0,1,0.5,159.6987,0.0,38.4273,90,2.0,0.5,1.0
025_RC107,25,RC,2,6,OPTIMAL,22.0706,2,0,0,0,2,0.0,0.0,0.0,22.0706,90,2.0,0.5,1.0
025_RC107,25,RC,2,7,OPTIMAL,132.1404,2,1,1,0,1,0.5,131.8067,0.0,0.3337,90,2.0,0.5,1.0
025_RC107,25,RC,2,8,OPTIMAL,0.8934,2,0,0,0,2,0.0,0.0,0.0,0.8934,90,2.0,0.5,1.0
025_RC107,25,RC,2,9,OPTIMAL,18.7212,2,0,0,0,2,0.0,0.0,0.0,18.7212,90,2.0,0.5,1.0
025_RC107,25,RC,4,0,OPTIMAL,196.0129,4,1,0,1,3,0.25,131.8755,0.0,64.1374,90,2.0,0.5,1.0
025_RC107,25,RC,4,1,OPTIMAL,191.3185,4,1,1,0,3,0.25,171.5853,0.0,19.7332,90,2.0,0.5,1.0
025_RC107,25,RC,4,2,OPTIMAL,131.4959,4,1,1,0,3,0.25,130.1674,0.0,1.3285,90,2.0,0.5,1.0
025_RC107,25,RC,4,3,OPTIMAL,171.7692,4,1,1,0,3,0.25,162.9213,0.0,8.8479,90,2.0,0.5,1.0
025_RC107,25,RC,4,4,OPTIMAL,175.7167,4,1,1,0,3,0.25,162.2374,0.0,13.4793,90,2.0,0.5,1.0
025_RC107,25,RC,4,5,OPTIMAL,43.0422,4,0,0,0,4,0.0,0.0,0.0,43.0422,90,2.0,0.5,1.0
025_RC107,25,RC,4,6,OPTIMAL,60.1345,4,0,0,0,4,0.0,0.0,0.0,60.1345,90,2.0,0.5,1.0
025_RC107,25,RC,4,7,OPTIMAL,38.5756,4,0,0,0,4,0.0,0.0,0.0,38.5756,90,2.0,0.5,1.0
025_RC107,25,RC,4,8,OPTIMAL,172.7377,4,1,1,0,3,0.25,154.7828,0.0,17.9549,90,2.0,0.5,1.0
025_RC107,25,RC,4,9,OPTIMAL,232.2437,4,1,1,0,3,0.25,189.252,0.0,42.9917,90,2.0,0.5,1.0
025_RC107,25,RC,6,0,OPTIMAL,19.4482,6,0,0,0,6,0.0,0.0,0.0,19.4482,90,2.0,0.5,1.0
025_RC107,25,RC,6,1,OPTIMAL,304.8277,6,2,1,1,4,0.3333,246.4143,0.0,58.4134,90,2.0,0.5,1.0
025_RC107,25,RC,6,2,OPTIMAL,226.3144,6,1,1,0,5,0.1667,171.6503,0.0,54.6642,90,2.0,0.5,1.0
025_RC107,25,RC,6,3,OPTIMAL,19.1236,6,0,0,0,6,0.0,0.0,0.0,19.1236,90,2.0,0.5,1.0
025_RC107,25,RC,6,4,OPTIMAL,374.21,6,2,2,0,4,0.3333,292.7151,0.0,81.495,90,2.0,0.5,1.0
025_RC107,25,RC,6,5,OPTIMAL,26.0891,6,0,0,0,6,0.0,0.0,0.0,26.0891,90,2.0,0.5,1.0
025_RC107,25,RC,6,6,OPTIMAL,73.6313,6,0,0,0,6,0.0,0.0,0.0,73.6313,90,2.0,0.5,1.0
025_RC107,25,RC,6,7,OPTIMAL,254.5577,6,1,1,0,5,0.1667,176.2032,0.0,78.3545,90,2.0,0.5,1.0
025_RC107,25,RC,6,8,OPTIMAL,260.9514,6,1,1,0,5,0.1667,147.5721,0.0,113.3793,90,2.0,0.5,1.0
025_RC107,25,RC,6,9,OPTIMAL,179.9977,6,1,1,0,5,0.1667,139.8269,0.0,40.1707,90,2.0,0.5,1.0
025_RC108,25,RC,2,0,OPTIMAL,11.028,2,0,0,0,2,0.0,0.0,0.0,11.028,90,2.0,0.5,1.0
025_RC108,25,RC,2,1,OPTIMAL,37.0051,2,0,0,0,2,0.0,0.0,0.0,37.0051,90,2.0,0.5,1.0
025_RC108,25,RC,2,2,OPTIMAL,149.6105,2,1,1,0,1,0.5,149.5355,0.0,0.075,90,2.0,0.5,1.0
025_RC108,25,RC,2,3,OPTIMAL,175.2414,2,1,1,0,1,0.5,165.969,0.0,9.2724,90,2.0,0.5,1.0
025_RC108,25,RC,2,4,OPTIMAL,311.5518,2,2,2,0,0,1.0,311.5518,0.0,0.0,90,2.0,0.5,1.0
025_RC108,25,RC,2,5,OPTIMAL,162.2447,2,1,1,0,1,0.5,159.6987,0.0,2.5461,90,2.0,0.5,1.0
025_RC108,25,RC,2,6,OPTIMAL,182.9188,2,1,1,0,1,0.5,181.8211,0.0,1.0976,90,2.0,0.5,1.0
025_RC108,25,RC,2,7,OPTIMAL,134.9485,2,1,1,0,1,0.5,131.8067,0.0,3.1418,90,2.0,0.5,1.0
025_RC108,25,RC,2,8,OPTIMAL,0.6163,2,0,0,0,2,0.0,0.0,0.0,0.6163,90,2.0,0.5,1.0
025_RC108,25,RC,2,9,OPTIMAL,177.2328,2,1,1,0,1,0.5,177.1826,0.0,0.0502,90,2.0,0.5,1.0
025_RC108,25,RC,4,0,OPTIMAL,302.6541,4,2,2,0,2,0.5,270.1423,0.0,32.5118,90,2.0,0.5,1.0
025_RC108,25,RC,4,1,OPTIMAL,341.5899,4,2,2,0,2,0.5,332.6276,0.0,8.9624,90,2.0,0.5,1.0
025_RC108,25,RC,4,2,OPTIMAL,219.7401,4,1,1,0,3,0.25,130.1674,0.0,89.5727,90,2.0,0.5,1.0
025_RC108,25,RC,4,3,OPTIMAL,171.7259,4,1,1,0,3,0.25,162.9213,0.0,8.8046,90,2.0,0.5,1.0
025_RC108,25,RC,4,4,OPTIMAL,347.1718,4,2,2,0,2,0.5,295.023,0.0,52.1488,90,2.0,0.5,1.0
025_RC108,25,RC,4,5,OPTIMAL,40.5307,4,0,0,0,4,0.0,0.0,0.0,40.5307,90,2.0,0.5,1.0
025_RC108,25,RC,4,6,OPTIMAL,143.5998,4,1,1,0,3,0.25,128.4136,0.0,15.1862,90,2.0,0.5,1.0
025_RC108,25,RC,4,7,OPTIMAL,248.097,4,1,0,1,3,0.25,186.6401,0.0,61.4568,90,2.0,0.5,1.0
025_RC108,25,RC,4,8,OPTIMAL,159.6844,4,1,1,0,3,0.25,154.7828,0.0,4.9016,90,2.0,0.5,1.0
025_RC108,25,RC,4,9,OPTIMAL,393.4186,4,2,2,0,2,0.5,371.4935,0.0,21.9251,90,2.0,0.5,1.0
025_RC108,25,RC,6,0,OPTIMAL,138.2602,6,0,0,0,6,0.0,0.0,0.0,138.2602,90,2.0,0.5,1.0
025_RC108,25,RC,6,1,OPTIMAL,355.9013,6,2,2,0,4,0.3333,261.441,0.0,94.4603,90,2.0,0.5,1.0
025_RC108,25,RC,6,2,OPTIMAL,341.9685,6,2,2,0,4,0.3333,320.6063,0.0,21.3622,90,2.0,0.5,1.0
025_RC108,25,RC,6,3,OPTIMAL,301.5916,6,2,2,0,4,0.3333,291.7014,0.0,9.8902,90,2.0,0.5,1.0
025_RC108,25,RC,6,4,OPTIMAL,715.2771,6,4,4,0,2,0.6667,643.8057,0.0,71.4714,90,2.0,0.5,1.0
025_RC108,25,RC,6,5,OPTIMAL,267.2905,6,1,1,0,5,0.1667,151.8407,0.0,115.4498,90,2.0,0.5,1.0
025_RC108,25,RC,6,6,OPTIMAL,94.9228,6,0,0,0,6,0.0,0.0,0.0,94.9228,90,2.0,0.5,1.0
025_RC108,25,RC,6,7,OPTIMAL,506.1209,6,3,3,0,3,0.5,471.8486,0.0,34.2723,90,2.0,0.5,1.0
025_RC108,25,RC,6,8,OPTIMAL,487.8097,6,3,2,1,3,0.5,469.8913,0.0,17.9184,90,2.0,0.5,1.0
025_RC108,25,RC,6,9,OPTIMAL,173.1361,6,1,1,0,5,0.1667,139.8269,0.0,33.3092,90,2.0,0.5,1.0
025_RC201,25,RC,2,0,OPTIMAL,38.5353,2,0,0,0,2,0.0,0.0,0.0,38.5353,90,2.0,0.5,1.0
025_RC201,25,RC,2,1,OPTIMAL,167.6843,2,1,1,0,1,0.5,165.4758,0.0,2.2085,90,2.0,0.5,1.0
025_RC201,25,RC,2,2,OPTIMAL,283.2563,2,2,2,0,0,1.0,283.2563,0.0,0.0,90,2.0,0.5,1.0
025_RC201,25,RC,2,3,OPTIMAL,315.0225,2,2,2,0,0,1.0,315.0225,0.0,0.0,90,2.0,0.5,1.0
025_RC201,25,RC,2,4,OPTIMAL,311.5518,2,2,1,1,0,1.0,311.5518,0.0,0.0,90,2.0,0.5,1.0
025_RC201,25,RC,2,5,OPTIMAL,141.4979,2,1,0,1,1,0.5,129.216,0.0,12.2819,90,2.0,0.5,1.0
025_RC201,25,RC,2,6,OPTIMAL,325.0782,2,2,2,0,0,1.0,325.0782,0.0,0.0,90,2.0,0.5,1.0
025_RC201,25,RC,2,7,OPTIMAL,263.2124,2,2,2,0,0,1.0,263.2124,0.0,0.0,90,2.0,0.5,1.0
025_RC201,25,RC,2,8,OPTIMAL,32.0789,2,0,0,0,2,0.0,0.0,0.0,32.0789,90,2.0,0.5,1.0
025_RC201,25,RC,2,9,OPTIMAL,186.6582,2,1,0,1,1,0.5,177.1826,0.0,9.4756,90,2.0,0.5,1.0
025_RC201,25,RC,4,0,OPTIMAL,383.078,4,2,1,1,2,0.5,314.9872,0.0,68.0907,90,2.0,0.5,1.0
025_RC201,25,RC,4,1,OPTIMAL,496.5553,4,3,2,1,1,0.75,486.8843,0.0,9.6711,90,2.0,0.5,1.0
025_RC201,25,RC,4,2,OPTIMAL,276.2698,4,2,1,1,2,0.5,265.2207,0.0,11.0491,90,2.0,0.5,1.0
025_RC201,25,RC,4,3,OPTIMAL,463.0795,4,3,3,0,1,0.75,459.7625,0.0,3.317,90,2.0,0.5,1.0
025_RC201,25,RC,4,4,OPTIMAL,321.0203,4,2,2,0,2,0.5,308.7578,0.0,12.2625,90,2.0,0.5,1.0
025_RC201,25,RC,4,5,OPTIMAL,415.4814,4,3,3,0,1,0.75,412.7243,0.0,2.7571,90,2.0,0.5,1.0
025_RC201,25,RC,4,6,OPTIMAL,169.1863,4,1,1,0,3,0.25,142.6412,0.0,26.5451,90,2.0,0.5,1.0
025_RC201,25,RC,4,7,OPTIMAL,390.389,4,2,2,0,2,0.5,378.7048,0.0,11.6842,90,2.0,0.5,1.0
025_RC201,25,RC,4,8,OPTIMAL,317.7807,4,2,2,0,2,0.5,313.8724,0.0,3.9083,90,2.0,0.5,1.0
025_RC201,25,RC,4,9,OPTIMAL,532.4669,4,3,3,0,1,0.75,523.109,0.0,9.3579,90,2.0,0.5,1.0
025_RC201,25,RC,6,0,OPTIMAL,475.3895,6,3,2,1,3,0.5,459.4228,0.0,15.9667,90,2.0,0.5,1.0
025_RC201,25,RC,6,1,OPTIMAL,529.2993,6,4,4,0,2,0.6667,523.3303,0.0,5.969,90,2.0,0.5,1.0
025_RC201,25,RC,6,2,OPTIMAL,774.2676,6,5,4,1,1,0.8333,738.9509,0.0,35.3167,90,2.0,0.5,1.0
025_RC201,25,RC,6,3,OPTIMAL,795.5642,6,5,5,0,1,0.8333,784.7151,0.0,10.8491,90,2.0,0.5,1.0
025_RC201,25,RC,6,4,OPTIMAL,818.6046,6,5,4,1,1,0.8333,798.2066,0.0,20.3979,90,2.0,0.5,1.0
025_RC201,25,RC,6,5,OPTIMAL,300.8847,6,2,1,1,4,0.3333,276.4198,0.0,24.4649,90,2.0,0.5,1.0
025_RC201,25,RC,6,6,OPTIMAL,520.8169,6,3,2,1,3,0.5,450.9198,0.0,69.897,90,2.0,0.5,1.0
025_RC201,25,RC,6,7,OPTIMAL,625.803,6,4,2,2,2,0.6667,619.8639,0.0,5.9391,90,2.0,0.5,1.0
025_RC201,25,RC,6,8,OPTIMAL,494.7509,6,3,3,0,3,0.5,482.3938,0.0,12.3571,90,2.0,0.5,1.0
025_RC201,25,RC,6,9,OPTIMAL,664.4252,6,4,4,0,2,0.6667,600.6625,0.0,63.7627,90,2.0,0.5,1.0
025_RC202,25,RC,2,0,OPTIMAL,177.2555,2,1,0,1,1,0.5,144.3102,0.0,32.9454,90,2.0,0.5,1.0
025_RC202,25,RC,2,1,OPTIMAL,167.6843,2,1,1,0,1,0.5,165.4758,0.0,2.2085,90,2.0,0.5,1.0
025_RC202,25,RC,2,2,OPTIMAL,283.2563,2,2,2,0,0,1.0,283.2563,0.0,0.0,90,2.0,0.5,1.0
025_RC202,25,RC,2,3,OPTIMAL,315.0225,2,2,2,0,0,1.0,315.0225,0.0,0.0,90,2.0,0.5,1.0
025_RC202,25,RC,2,4,OPTIMAL,20.8789,2,0,0,0,2,0.0,0.0,0.0,20.8789,90,2.0,0.5,1.0
025_RC202,25,RC,2,5,OPTIMAL,288.9146,2,2,0,2,0,1.0,288.9146,0.0,0.0,90,2.0,0.5,1.0
025_RC202,25,RC,2,6,OPTIMAL,325.0782,2,2,2,0,0,1.0,325.0782,0.0,0.0,90,2.0,0.5,1.0
025_RC202,25,RC,2,7,OPTIMAL,263.2124,2,2,2,0,0,1.0,263.2124,0.0,0.0,90,2.0,0.5,1.0
025_RC202,25,RC,2,8,OPTIMAL,32.0789,2,0,0,0,2,0.0,0.0,0.0,32.0789,90,2.0,0.5,1.0
025_RC202,25,RC,2,9,OPTIMAL,38.0953,2,0,0,0,2,0.0,0.0,0.0,38.0953,90,2.0,0.5,1.0
025_RC202,25,RC,4,0,OPTIMAL,609.1431,4,4,1,3,0,1.0,609.1431,0.0,0.0,90,2.0,0.5,1.0
025_RC202,25,RC,4,1,OPTIMAL,520.4279,4,3,2,1,1,0.75,486.8843,0.0,33.5437,90,2.0,0.5,1.0
025_RC202,25,RC,4,2,OPTIMAL,456.4825,4,3,1,2,1,0.75,417.3689,0.0,39.1136,90,2.0,0.5,1.0
025_RC202,25,RC,4,3,OPTIMAL,488.8537,4,3,3,0,1,0.75,459.7625,0.0,29.0912,90,2.0,0.5,1.0
025_RC202,25,RC,4,4,OPTIMAL,476.6737,4,3,2,1,1,0.75,441.5434,0.0,35.1303,90,2.0,0.5,1.0
025_RC202,25,RC,4,5,OPTIMAL,282.5818,4,2,2,0,2,0.5,279.3308,0.0,3.251,90,2.0,0.5,1.0
025_RC202,25,RC,4,6,OPTIMAL,422.5031,4,3,2,1,1,0.75,421.1456,0.0,1.3575,90,2.0,0.5,1.0
025_RC202,25,RC,4,7,OPTIMAL,390.389,4,2,2,0,2,0.5,378.7048,0.0,11.6842,90,2.0,0.5,1.0
025_RC202,25,RC,4,8,OPTIMAL,318.0911,4,2,2,0,2,0.5,313.8724,0.0,4.2187,90,2.0,0.5,1.0
025_RC202,25,RC,4,9,OPTIMAL,681.4575,4,4,4,0,0,1.0,681.4575,0.0,0.0,90,2.0,0.5,1.0
025_RC202,25,RC,6,0,OPTIMAL,475.5706,6,3,2,1,3,0.5,459.4228,0.0,16.1478,90,2.0,0.5,1.0
025_RC202,25,RC,6,1,OPTIMAL,815.5493,6,6,5,1,0,1.0,815.5493,0.0,0.0,90,2.0,0.5,1.0
025_RC202,25,RC,6,2,OPTIMAL,504.4681,6,3,2,1,3,0.5,466.5308,0.0,37.9373,90,2.0,0.5,1.0
025_RC202,25,RC,6,3,OPTIMAL,795.7453,6,5,5,0,1,0.8333,784.7151,0.0,11.0302,90,2.0,0.5,1.0
025_RC202,25,RC,6,4,OPTIMAL,978.0183,6,6,4,2,0,1.0,978.0183,0.0,0.0,90,2.0,0.5,1.0
025_RC202,25,RC,6,5,OPTIMAL,298.774,6,2,1,1,4,0.3333,283.1539,0.0,15.6201,90,2.0,0.5,1.0
025_RC202,25,RC,6,6,OPTIMAL,732.6454,6,5,4,1,1,0.8333,724.3746,0.0,8.2709,90,2.0,0.5,1.0
025_RC202,25,RC,6,7,OPTIMAL,372.8885,6,2,1,1,4,0.3333,339.7216,0.0,33.167,90,2.0,0.5,1.0
025_RC202,25,RC,6,8,OPTIMAL,638.9907,6,4,3,1,2,0.6667,627.1232,0.0,11.8675,90,2.0,0.5,1.0
025_RC202,25,RC,6,9,OPTIMAL,801.8812,6,5,5,0,1,0.8333,762.1121,0.0,39.7691,90,2.0,0.5,1.0
025_RC203,25,RC,2,0,OPTIMAL,38.5353,2,0,0,0,2,0.0,0.0,0.0,38.5353,90,2.0,0.5,1.0
025_RC203,25,RC,2,1,OPTIMAL,167.6843,2,1,1,0,1,0.5,165.4758,0.0,2.2085,90,2.0,0.5,1.0
025_RC203,25,RC,2,2,OPTIMAL,283.2563,2,2,2,0,0,1.0,283.2563,0.0,0.0,90,2.0,0.5,1.0
025_RC203,25,RC,2,3,OPTIMAL,315.0225,2,2,2,0,0,1.0,315.0225,0.0,0.0,90,2.0,0.5,1.0
025_RC203,25,RC,2,4,OPTIMAL,176.1075,2,1,1,0,1,0.5,176.1073,0.0,0.0003,90,2.0,0.5,1.0
025_RC203,25,RC,2,5,OPTIMAL,141.4979,2,1,0,1,1,0.5,129.216,0.0,12.2819,90,2.0,0.5,1.0
025_RC203,25,RC,2,6,OPTIMAL,325.0782,2,2,2,0,0,1.0,325.0782,0.0,0.0,90,2.0,0.5,1.0
025_RC203,25,RC,2,7,OPTIMAL,263.2124,2,2,2,0,0,1.0,263.2124,0.0,0.0,90,2.0,0.5,1.0
025_RC203,25,RC,2,8,OPTIMAL,285.3395,2,2,2,0,0,1.0,285.3395,0.0,0.0,90,2.0,0.5,1.0
025_RC203,25,RC,2,9,OPTIMAL,177.1938,2,1,1,0,1,0.5,177.1826,0.0,0.0112,90,2.0,0.5,1.0
025_RC203,25,RC,4,0,OPTIMAL,354.204,4,2,1,1,2,0.5,314.9872,0.0,39.2167,90,2.0,0.5,1.0
025_RC203,25,RC,4,1,OPTIMAL,496.5553,4,3,2,1,1,0.75,486.8843,0.0,9.6711,90,2.0,0.5,1.0
025_RC203,25,RC,4,2,OPTIMAL,313.606,4,2,1,1,2,0.5,265.2207,0.0,48.3853,90,2.0,0.5,1.0
025_RC203,25,RC,4,3,OPTIMAL,463.0795,4,3,3,0,1,0.75,459.7625,0.0,3.317,90,2.0,0.5,1.0
025_RC203,25,RC,4,4,OPTIMAL,346.5392,4,2,2,0,2,0.5,308.7578,0.0,37.7814,90,2.0,0.5,1.0
025_RC203,25,RC,4,5,OPTIMAL,287.1489,4,2,2,0,2,0.5,279.3308,0.0,7.8181,90,2.0,0.5,1.0
025_RC203,25,RC,4,6,OPTIMAL,293.6487,4,2,2,0,2,0.5,292.732,0.0,0.9167,90,2.0,0.5,1.0
025_RC203,25,RC,4,7,OPTIMAL,728.3027,4,4,4,0,0,1.0,728.3027,0.0,0.0,90,2.0,0.5,1.0
025_RC203,25,RC,4,8,OPTIMAL,479.8886,4,3,3,0,1,0.75,479.5627,0.0,0.3258,90,2.0,0.5,1.0
025_RC203,25,RC,4,9,OPTIMAL,510.1757,4,3,3,0,1,0.75,492.2054,0.0,17.9703,90,2.0,0.5,1.0
025_RC203,25,RC,6,0,OPTIMAL,642.5821,6,4,4,0,2,0.6667,639.2013,0.0,3.3808,90,2.0,0.5,1.0
025_RC203,25,RC,6,1,OPTIMAL,686.0224,6,5,5,0,1,0.8333,685.6848,0.0,0.3376,90,2.0,0.5,1.0
025_RC203,25,RC,6,2,OPTIMAL,509.4663,6,3,2,1,3,0.5,466.5308,0.0,42.9355,90,2.0,0.5,1.0
025_RC203,25,RC,6,3,OPTIMAL,790.4678,6,5,5,0,1,0.8333,784.7151,0.0,5.7527,90,2.0,0.5,1.0
025_RC203,25,RC,6,4,OPTIMAL,818.6046,6,5,4,1,1,0.8333,798.2066,0.0,20.3979,90,2.0,0.5,1.0
025_RC203,25,RC,6,5,OPTIMAL,615.3923,6,4,4,0,2,0.6667,598.0884,0.0,17.3039,90,2.0,0.5,1.0
025_RC203,25,RC,6,6,OPTIMAL,737.7579,6,5,4,1,1,0.8333,724.3746,0.0,13.3833,90,2.0,0.5,1.0
025_RC203,25,RC,6,7,OPTIMAL,354.4355,6,2,1,1,4,0.3333,339.7216,0.0,14.7139,90,2.0,0.5,1.0
025_RC203,25,RC,6,8,OPTIMAL,644.4364,6,4,4,0,2,0.6667,634.15,0.0,10.2865,90,2.0,0.5,1.0
025_RC203,25,RC,6,9,OPTIMAL,801.8812,6,5,5,0,1,0.8333,762.1121,0.0,39.7691,90,2.0,0.5,1.0
025_RC204,25,RC,2,0,OPTIMAL,177.2555,2,1,0,1,1,0.5,144.3102,0.0,32.9454,90,2.0,0.5,1.0
025_RC204,25,RC,2,1,OPTIMAL,167.6843,2,1,1,0,1,0.5,165.4758,0.0,2.2085,90,2.0,0.5,1.0
025_RC204,25,RC,2,2,OPTIMAL,283.2563,2,2,2,0,0,1.0,283.2563,0.0,0.0,90,2.0,0.5,1.0
025_RC204,25,RC,2,3,OPTIMAL,315.0225,2,2,2,0,0,1.0,315.0225,0.0,0.0,90,2.0,0.5,1.0
025_RC204,25,RC,2,4,OPTIMAL,176.3901,2,1,1,0,1,0.5,176.1073,0.0,0.2829,90,2.0,0.5,1.0
025_RC204,25,RC,2,5,OPTIMAL,141.4979,2,1,0,1,1,0.5,129.216,0.0,12.2819,90,2.0,0.5,1.0
025_RC204,25,RC,2,6,OPTIMAL,325.0782,2,2,2,0,0,1.0,325.0782,0.0,0.0,90,2.0,0.5,1.0
025_RC204,25,RC,2,7,OPTIMAL,263.2124,2,2,2,0,0,1.0,263.2124,0.0,0.0,90,2.0,0.5,1.0
025_RC204,25,RC,2,8,OPTIMAL,285.3395,2,2,2,0,0,1.0,285.3395,0.0,0.0,90,2.0,0.5,1.0
025_RC204,25,RC,2,9,OPTIMAL,181.4328,2,1,1,0,1,0.5,177.1826,0.0,4.2502,90,2.0,0.5,1.0
025_RC204,25,RC,4,0,OPTIMAL,470.8779,4,3,2,1,1,0.75,470.8762,0.0,0.0017,90,2.0,0.5,1.0
025_RC204,25,RC,4,1,OPTIMAL,624.7899,4,4,3,1,0,1.0,624.7899,0.0,0.0,90,2.0,0.5,1.0
025_RC204,25,RC,4,2,OPTIMAL,456.4825,4,3,1,2,1,0.75,417.3689,0.0,39.1136,90,2.0,0.5,1.0
025_RC204,25,RC,4,3,OPTIMAL,579.1669,4,4,3,1,0,1.0,579.1669,0.0,0.0,90,2.0,0.5,1.0
025_RC204,25,RC,4,4,OPTIMAL,471.8634,4,3,2,1,1,0.75,436.7422,0.0,35.1212,90,2.0,0.5,1.0
025_RC204,25,RC,4,5,OPTIMAL,291.3034,4,2,2,0,2,0.5,279.3308,0.0,11.9726,90,2.0,0.5,1.0
025_RC204,25,RC,4,6,OPTIMAL,293.6487,4,2,2,0,2,0.5,292.732,0.0,0.9167,90,2.0,0.5,1.0
025_RC204,25,RC,4,7,OPTIMAL,728.3027,4,4,4,0,0,1.0,728.3027,0.0,0.0,90,2.0,0.5,1.0
025_RC204,25,RC,4,8,OPTIMAL,479.8886,4,3,3,0,1,0.75,479.5627,0.0,0.3258,90,2.0,0.5,1.0
025_RC204,25,RC,4,9,OPTIMAL,510.1757,4,3,3,0,1,0.75,492.2054,0.0,17.9703,90,2.0,0.5,1.0
025_RC204,25,RC,6,0,OPTIMAL,771.6116,6,5,5,0,1,0.8333,770.8931,0.0,0.7185,90,2.0,0.5,1.0
025_RC204,25,RC,6,1,OPTIMAL,815.5493,6,6,6,0,0,1.0,815.5493,0.0,0.0,90,2.0,0.5,1.0
025_RC204,25,RC,6,2,OPTIMAL,611.4086,6,4,4,0,2,0.6667,597.3439,0.0,14.0647,90,2.0,0.5,1.0
025_RC204,25,RC,6,3,OPTIMAL,790.4678,6,5,5,0,1,0.8333,784.7151,0.0,5.7527,90,2.0,0.5,1.0
025_RC204,25,RC,6,4,OPTIMAL,978.0183,6,6,5,1,0,1.0,978.0183,0.0,0.0,90,2.0,0.5,1.0
025_RC204,25,RC,6,5,OPTIMAL,756.7362,6,5,4,1,1,0.8333,756.6632,0.0,0.073,90,2.0,0.5,1.0
025_RC204,25,RC,6,6,OPTIMAL,746.4296,6,5,4,1,1,0.8333,724.3746,0.0,22.0551,90,2.0,0.5,1.0
025_RC204,25,RC,6,7,OPTIMAL,499.5167,6,3,1,2,3,0.5,488.2177,0.0,11.299,90,2.0,0.5,1.0
025_RC204,25,RC,6,8,OPTIMAL,790.4801,6,5,4,1,1,0.8333,789.9905,0.0,0.4896,90,2.0,0.5,1.0
025_RC204,25,RC,6,9,OPTIMAL,801.8812,6,5,5,0,1,0.8333,762.1121,0.0,39.7691,90,2.0,0.5,1.0
025_RC205,25,RC,2,0,OPTIMAL,172.4061,2,1,0,1,1,0.5,144.3102,0.0,28.0959,90,2.0,0.5,1.0
025_RC205,25,RC,2,1,OPTIMAL,13.6962,2,0,0,0,2,0.0,0.0,0.0,13.6962,90,2.0,0.5,1.0
025_RC205,25,RC,2,2,OPTIMAL,150.146,2,1,1,0,1,0.5,149.5355,0.0,0.6105,90,2.0,0.5,1.0
025_RC205,25,RC,2,3,OPTIMAL,170.6052,2,1,1,0,1,0.5,165.969,0.0,4.6362,90,2.0,0.5,1.0
025_RC205,25,RC,2,4,OPTIMAL,176.1074,2,1,1,0,1,0.5,176.1073,0.0,0.0001,90,2.0,0.5,1.0
025_RC205,25,RC,2,5,OPTIMAL,288.9146,2,2,1,1,0,1.0,288.9146,0.0,0.0,90,2.0,0.5,1.0
025_RC205,25,RC,2,6,OPTIMAL,325.0782,2,2,2,0,0,1.0,325.0782,0.0,0.0,90,2.0,0.5,1.0
025_RC205,25,RC,2,7,OPTIMAL,167.4798,2,1,1,0,1,0.5,131.8067,0.0,35.6731,90,2.0,0.5,1.0
025_RC205,25,RC,2,8,OPTIMAL,116.8368,2,1,1,0,1,0.5,115.3207,0.0,1.5162,90,2.0,0.5,1.0
025_RC205,25,RC,2,9,OPTIMAL,186.6582,2,1,1,0,1,0.5,177.1826,0.0,9.4756,90,2.0,0.5,1.0
025_RC205,25,RC,4,0,OPTIMAL,609.1431,4,4,2,2,0,1.0,609.1431,0.0,0.0,90,2.0,0.5,1.0
025_RC205,25,RC,4,1,OPTIMAL,624.7899,4,4,3,1,0,1.0,624.7899,0.0,0.0,90,2.0,0.5,1.0
025_RC205,25,RC,4,2,OPTIMAL,285.3962,4,2,1,1,2,0.5,282.3156,0.0,3.0807,90,2.0,0.5,1.0
025_RC205,25,RC,4,3,OPTIMAL,424.4655,4,3,2,1,1,0.75,424.357,0.0,0.1085,90,2.0,0.5,1.0
025_RC205,25,RC,4,4,OPTIMAL,429.1599,4,3,2,1,1,0.75,423.0074,0.0,6.1525,90,2.0,0.5,1.0
025_RC205,25,RC,4,5,OPTIMAL,298.8085,4,2,2,0,2,0.5,279.3308,0.0,19.4777,90,2.0,0.5,1.0
025_RC205,25,RC,4,6,OPTIMAL,440.9307,4,3,2,1,1,0.75,425.0304,0.0,15.9003,90,2.0,0.5,1.0
025_RC205,25,RC,4,7,OPTIMAL,728.3027,4,4,4,0,0,1.0,728.3027,0.0,0.0,90,2.0,0.5,1.0
025_RC205,25,RC,4,8,OPTIMAL,314.6415,4,2,2,0,2,0.5,313.8724,0.0,0.7691,90,2.0,0.5,1.0
025_RC205,25,RC,4,9,OPTIMAL,681.4575,4,4,4,0,0,1.0,681.4575,0.0,0.0,90,2.0,0.5,1.0
025_RC205,25,RC,6,0,OPTIMAL,889.7036,6,6,5,1,0,1.0,889.7036,0.0,0.0,90,2.0,0.5,1.0
025_RC205,25,RC,6,1,OPTIMAL,815.5493,6,6,5,1,0,1.0,815.5493,0.0,0.0,90,2.0,0.5,1.0
025_RC205,25,RC,6,2,OPTIMAL,466.7941,6,3,1,2,3,0.5,451.4194,0.0,15.3747,90,2.0,0.5,1.0
025_RC205,25,RC,6,3,OPTIMAL,836.7224,6,5,5,0,1,0.8333,797.0577,0.0,39.6647,90,2.0,0.5,1.0
025_RC205,25,RC,6,4,OPTIMAL,978.0183,6,6,5,1,0,1.0,978.0183,0.0,0.0,90,2.0,0.5,1.0
025_RC205,25,RC,6,5,OPTIMAL,496.7062,6,3,3,0,3,0.5,489.1857,0.0,7.5205,90,2.0,0.5,1.0
025_RC205,25,RC,6,6,OPTIMAL,597.3467,6,4,4,0,2,0.6667,583.1255,0.0,14.2212,90,2.0,0.5,1.0
025_RC205,25,RC,6,7,OPTIMAL,512.356,6,3,2,1,3,0.5,488.2177,0.0,24.1382,90,2.0,0.5,1.0
025_RC205,25,RC,6,8,OPTIMAL,934.7198,6,6,4,2,0,1.0,934.7198,0.0,0.0,90,2.0,0.5,1.0
025_RC205,25,RC,6,9,OPTIMAL,765.6179,6,5,3,2,1,0.8333,762.1121,0.0,3.5058,90,2.0,0.5,1.0
025_RC206,25,RC,2,0,OPTIMAL,35.1203,2,0,0,0,2,0.0,0.0,0.0,35.1203,90,2.0,0.5,1.0
025_RC206,25,RC,2,1,OPTIMAL,166.2876,2,1,1,0,1,0.5,165.4758,0.0,0.8118,90,2.0,0.5,1.0
025_RC206,25,RC,2,2,OPTIMAL,150.146,2,1,1,0,1,0.5,149.5355,0.0,0.6105,90,2.0,0.5,1.0
025_RC206,25,RC,2,3,OPTIMAL,170.6052,2,1,1,0,1,0.5,165.969,0.0,4.6362,90,2.0,0.5,1.0
025_RC206,25,RC,2,4,OPTIMAL,311.5518,2,2,2,0,0,1.0,311.5518,0.0,0.0,90,2.0,0.5,1.0
025_RC206,25,RC,2,5,OPTIMAL,288.9146,2,2,0,2,0,1.0,288.9146,0.0,0.0,90,2.0,0.5,1.0
025_RC206,25,RC,2,6,OPTIMAL,190.2888,2,1,1,0,1,0.5,181.8211,0.0,8.4676,90,2.0,0.5,1.0
025_RC206,25,RC,2,7,OPTIMAL,134.3891,2,1,1,0,1,0.5,131.8067,0.0,2.5824,90,2.0,0.5,1.0
025_RC206,25,RC,2,8,OPTIMAL,285.3395,2,2,1,1,0,1.0,285.3395,0.0,0.0,90,2.0,0.5,1.0
025_RC206,25,RC,2,9,OPTIMAL,186.6582,2,1,0,1,1,0.5,177.1826,0.0,9.4756,90,2.0,0.5,1.0
025_RC206,25,RC,4,0,OPTIMAL,609.1431,4,4,2,2,0,1.0,609.1431,0.0,0.0,90,2.0,0.5,1.0
025_RC206,25,RC,4,1,OPTIMAL,517.7017,4,3,3,0,1,0.75,470.5332,0.0,47.1685,90,2.0,0.5,1.0
025_RC206,25,RC,4,2,OPTIMAL,415.7233,4,3,3,0,1,0.75,413.8481,0.0,1.8753,90,2.0,0.5,1.0
025_RC206,25,RC,4,3,OPTIMAL,445.3684,4,3,2,1,1,0.75,437.1357,0.0,8.2327,90,2.0,0.5,1.0
025_RC206,25,RC,4,4,OPTIMAL,569.5278,4,4,3,1,0,1.0,569.5278,0.0,0.0,90,2.0,0.5,1.0
025_RC206,25,RC,4,5,OPTIMAL,298.8085,4,2,2,0,2,0.5,279.3308,0.0,19.4777,90,2.0,0.5,1.0
025_RC206,25,RC,4,6,OPTIMAL,295.3411,4,2,1,1,2,0.5,278.5044,0.0,16.8367,90,2.0,0.5,1.0
025_RC206,25,RC,4,7,OPTIMAL,554.0545,4,3,3,0,1,0.75,548.1892,0.0,5.8653,90,2.0,0.5,1.0
025_RC206,25,RC,4,8,OPTIMAL,536.7009,4,3,3,0,1,0.75,479.5627,0.0,57.1381,90,2.0,0.5,1.0
025_RC206,25,RC,4,9,OPTIMAL,571.4087,4,3,3,0,1,0.75,523.109,0.0,48.2997,90,2.0,0.5,1.0
025_RC206,25,RC,6,0,OPTIMAL,598.8513,6,4,2,2,2,0.6667,591.1146,0.0,7.7368,90,2.0,0.5,1.0
025_RC206,25,RC,6,1,OPTIMAL,689.2807,6,5,4,1,1,0.8333,685.6848,0.0,3.5959,90,2.0,0.5,1.0
025_RC206,25,RC,6,2,OPTIMAL,582.8761,6,4,3,1,2,0.6667,571.1298,0.0,11.7463,90,2.0,0.5,1.0
025_RC206,25,RC,6,3,OPTIMAL,622.6706,6,4,2,2,2,0.6667,604.4286,0.0,18.242,90,2.0,0.5,1.0
025_RC206,25,RC,6,4,OPTIMAL,978.0183,6,6,5,1,0,1.0,978.0183,0.0,0.0,90,2.0,0.5,1.0
025_RC206,25,RC,6,5,OPTIMAL,635.4716,6,4,3,1,2,0.6667,632.084,0.0,3.3876,90,2.0,0.5,1.0
025_RC206,25,RC,6,6,OPTIMAL,600.2367,6,4,3,1,2,0.6667,592.5072,0.0,7.7294,90,2.0,0.5,1.0
025_RC206,25,RC,6,7,OPTIMAL,774.1305,6,5,4,1,1,0.8333,768.3601,0.0,5.7705,90,2.0,0.5,1.0
025_RC206,25,RC,6,8,OPTIMAL,934.7198,6,6,4,2,0,1.0,934.7198,0.0,0.0,90,2.0,0.5,1.0
025_RC206,25,RC,6,9,OPTIMAL,592.5702,6,4,3,1,2,0.6667,583.2639,0.0,9.3062,90,2.0,0.5,1.0
025_RC207,25,RC,2,0,OPTIMAL,274.8373,2,2,2,0,0,1.0,274.8373,0.0,0.0,90,2.0,0.5,1.0
025_RC207,25,RC,2,1,OPTIMAL,313.276,2,2,0,2,0,1.0,313.276,0.0,0.0,90,2.0,0.5,1.0
025_RC207,25,RC,2,2,OPTIMAL,283.2563,2,2,2,0,0,1.0,283.2563,0.0,0.0,90,2.0,0.5,1.0
025_RC207,25,RC,2,3,OPTIMAL,212.9403,2,1,1,0,1,0.5,165.969,0.0,46.9712,90,2.0,0.5,1.0
025_RC207,25,RC,2,4,OPTIMAL,176.2325,2,1,1,0,1,0.5,176.1073,0.0,0.1253,90,2.0,0.5,1.0
025_RC207,25,RC,2,5,OPTIMAL,288.9146,2,2,2,0,0,1.0,288.9146,0.0,0.0,90,2.0,0.5,1.0
025_RC207,25,RC,2,6,OPTIMAL,325.0782,2,2,2,0,0,1.0,325.0782,0.0,0.0,90,2.0,0.5,1.0
025_RC207,25,RC,2,7,OPTIMAL,263.2124,2,2,2,0,0,1.0,263.2124,0.0,0.0,90,2.0,0.5,1.0
025_RC207,25,RC,2,8,OPTIMAL,170.055,2,1,1,0,1,0.5,170.0188,0.0,0.0362,90,2.0,0.5,1.0
025_RC207,25,RC,2,9,OPTIMAL,177.4079,2,1,1,0,1,0.5,177.1826,0.0,0.2253,90,2.0,0.5,1.0
025_RC207,25,RC,4,0,OPTIMAL,609.1431,4,4,4,0,0,1.0,609.1431,0.0,0.0,90,2.0,0.5,1.0
025_RC207,25,RC,4,1,OPTIMAL,487.6567,4,3,3,0,1,0.75,486.8843,0.0,0.7724,90,2.0,0.5,1.0
025_RC207,25,RC,4,2,OPTIMAL,190.0475,4,1,1,0,3,0.25,130.1674,0.0,59.8801,90,2.0,0.5,1.0
025_RC207,25,RC,4,3,OPTIMAL,460.9948,4,3,2,1,1,0.75,459.7625,0.0,1.2323,90,2.0,0.5,1.0
025_RC207,25,RC,4,4,OPTIMAL,444.6835,4,3,2,1,1,0.75,441.5434,0.0,3.1402,90,2.0,0.5,1.0
025_RC207,25,RC,4,5,OPTIMAL,470.6613,4,3,2,1,1,0.75,464.3426,0.0,6.3187,90,2.0,0.5,1.0
025_RC207,25,RC,4,6,OPTIMAL,445.0538,4,3,3,0,1,0.75,421.1456,0.0,23.9082,90,2.0,0.5,1.0
025_RC207,25,RC,4,7,OPTIMAL,403.9359,4,2,1,1,2,0.5,378.7048,0.0,25.2311,90,2.0,0.5,1.0
025_RC207,25,RC,4,8,OPTIMAL,327.049,4,2,2,0,2,0.5,313.8724,0.0,13.1766,90,2.0,0.5,1.0
025_RC207,25,RC,4,9,OPTIMAL,360.0215,4,2,1,1,2,0.5,340.59,0.0,19.4315,90,2.0,0.5,1.0
025_RC207,25,RC,6,0,OPTIMAL,611.6118,6,4,2,2,2,0.6667,591.1146,0.0,20.4973,90,2.0,0.5,1.0
025_RC207,25,RC,6,1,OPTIMAL,815.5493,6,6,3,3,0,1.0,815.5493,0.0,0.0,90,2.0,0.5,1.0
025_RC207,25,RC,6,2,OPTIMAL,722.0633,6,5,3,2,1,0.8333,717.0543,0.0,5.009,90,2.0,0.5,1.0
025_RC207,25,RC,6,3,OPTIMAL,680.7207,6,4,2,2,2,0.6667,640.6168,0.0,40.1038,90,2.0,0.5,1.0
025_RC207,25,RC,6,4,OPTIMAL,978.0183,6,6,6,0,0,1.0,978.0183,0.0,0.0,90,2.0,0.5,1.0
025_RC207,25,RC,6,5,OPTIMAL,424.1964,6,3,3,0,3,0.5,419.3181,0.0,4.8782,90,2.0,0.5,1.0
025_RC207,25,RC,6,6,OPTIMAL,732.0913,6,5,3,2,1,0.8333,724.3746,0.0,7.7167,90,2.0,0.5,1.0
025_RC207,25,RC,6,7,OPTIMAL,382.2115,6,2,2,0,4,0.3333,339.7216,0.0,42.49,90,2.0,0.5,1.0
025_RC207,25,RC,6,8,OPTIMAL,821.5959,6,5,5,0,1,0.8333,782.9637,0.0,38.6322,90,2.0,0.5,1.0
025_RC207,25,RC,6,9,OPTIMAL,632.0262,6,4,1,3,2,0.6667,600.6625,0.0,31.3637,90,2.0,0.5,1.0
025_RC208,25,RC,2,0,OPTIMAL,145.3306,2,1,0,1,1,0.5,144.3102,0.0,1.0204,90,2.0,0.5,1.0
025_RC208,25,RC,2,1,OPTIMAL,313.276,2,2,2,0,0,1.0,313.276,0.0,0.0,90,2.0,0.5,1.0
025_RC208,25,RC,2,2,OPTIMAL,283.2563,2,2,2,0,0,1.0,283.2563,0.0,0.0,90,2.0,0.5,1.0
025_RC208,25,RC,2,3,OPTIMAL,315.0225,2,2,2,0,0,1.0,315.0225,0.0,0.0,90,2.0,0.5,1.0
025_RC208,25,RC,2,4,OPTIMAL,176.1074,2,1,1,0,1,0.5,176.1073,0.0,0.0001,90,2.0,0.5,1.0
025_RC208,25,RC,2,5,OPTIMAL,288.9146,2,2,2,0,0,1.0,288.9146,0.0,0.0,90,2.0,0.5,1.0
025_RC208,25,RC,2,6,OPTIMAL,325.0782,2,2,2,0,0,1.0,325.0782,0.0,0.0,90,2.0,0.5,1.0
025_RC208,25,RC,2,7,OPTIMAL,263.2124,2,2,2,0,0,1.0,263.2124,0.0,0.0,90,2.0,0.5,1.0
025_RC208,25,RC,2,8,OPTIMAL,116.421,2,1,1,0,1,0.5,115.3207,0.0,1.1004,90,2.0,0.5,1.0
025_RC208,25,RC,2,9,OPTIMAL,177.4079,2,1,1,0,1,0.5,177.1826,0.0,0.2253,90,2.0,0.5,1.0
025_RC208,25,RC,4,0,OPTIMAL,291.8162,4,2,2,0,2,0.5,270.1423,0.0,21.6739,90,2.0,0.5,1.0
025_RC208,25,RC,4,1,OPTIMAL,347.4276,4,2,2,0,2,0.5,332.6276,0.0,14.8,90,2.0,0.5,1.0
025_RC208,25,RC,4,2,OPTIMAL,285.4077,4,2,2,0,2,0.5,265.2207,0.0,20.187,90,2.0,0.5,1.0
025_RC208,25,RC,4,3,OPTIMAL,460.2692,4,3,3,0,1,0.75,459.7625,0.0,0.5067,90,2.0,0.5,1.0
025_RC208,25,RC,4,4,OPTIMAL,569.5278,4,4,4,0,0,1.0,569.5278,0.0,0.0,90,2.0,0.5,1.0
025_RC208,25,RC,4,5,OPTIMAL,153.4764,4,1,1,0,3,0.25,136.9341,0.0,16.5423,90,2.0,0.5,1.0
025_RC208,25,RC,4,6,OPTIMAL,575.1212,4,4,4,0,0,1.0,575.1212,0.0,0.0,90,2.0,0.5,1.0
025_RC208,25,RC,4,7,OPTIMAL,728.3027,4,4,4,0,0,1.0,728.3027,0.0,0.0,90,2.0,0.5,1.0
025_RC208,25,RC,4,8,OPTIMAL,327.2967,4,2,2,0,2,0.5,313.8724,0.0,13.4243,90,2.0,0.5,1.0
025_RC208,25,RC,4,9,OPTIMAL,499.0698,4,3,3,0,1,0.75,492.2054,0.0,6.8643,90,2.0,0.5,1.0
025_RC208,25,RC,6,0,OPTIMAL,889.7036,6,6,6,0,0,1.0,889.7036,0.0,0.0,90,2.0,0.5,1.0
025_RC208,25,RC,6,1,OPTIMAL,713.3585,6,5,5,0,1,0.8333,685.6848,0.0,27.6737,90,2.0,0.5,1.0
025_RC208,25,RC,6,2,OPTIMAL,489.0537,6,3,3,0,3,0.5,451.4194,0.0,37.6343,90,2.0,0.5,1.0
025_RC208,25,RC,6,3,OPTIMAL,799.2074,6,5,5,0,1,0.8333,797.0577,0.0,2.1497,90,2.0,0.5,1.0
025_RC208,25,RC,6,4,OPTIMAL,818.0396,6,5,5,0,1,0.8333,798.2066,0.0,19.833,90,2.0,0.5,1.0
025_RC208,25,RC,6,5,OPTIMAL,528.7438,6,3,3,0,3,0.5,489.1857,0.0,39.5581,90,2.0,0.5,1.0
025_RC208,25,RC,6,6,OPTIMAL,594.7648,6,4,4,0,2,0.6667,569.6581,0.0,25.1068,90,2.0,0.5,1.0
025_RC208,25,RC,6,7,OPTIMAL,497.1071,6,3,2,1,3,0.5,488.2177,0.0,8.8893,90,2.0,0.5,1.0
025_RC208,25,RC,6,8,OPTIMAL,779.8882,6,5,5,0,1,0.8333,778.8793,0.0,1.0089,90,2.0,0.5,1.0
025_RC208,25,RC,6,9,OPTIMAL,651.5502,6,4,4,0,2,0.6667,600.4353,0.0,51.1149,90,2.0,0.5,1.0
