instance,size,class,level,seed_idx,status,objective,n_emergencies,n_outsourced,n_outsourced_infeasible,n_outsourced_economic,n_inserted,frac_outsourced,outsourcing,tw_penalty,completion_penalty,W,LAMBDA,PI_S,PI_C
030_C101,30,C,2,0,OPTIMAL,96.4442,2,2,2,0,0,1.0,96.4442,0.0,0.0,60,0.75,2.0,1.0
030_C101,30,C,2,1,OPTIMAL,111.1588,2,2,2,0,0,1.0,111.1588,0.0,0.0,60,0.75,2.0,1.0
030_C101,30,C,2,2,OPTIMAL,99.8106,2,2,2,0,0,1.0,99.8106,0.0,0.0,60,0.75,2.0,1.0
030_C101,30,C,2,3,OPTIMAL,63.7491,2,1,1,0,1,0.5,56.1084,0.0,7.6407,60,0.75,2.0,1.0
030_C101,30,C,2,4,OPTIMAL,41.2178,2,1,1,0,1,0.5,27.4917,0.0,13.7261,60,0.75,2.0,1.0
030_C101,30,C,2,5,OPTIMAL,64.873,2,1,1,0,1,0.5,59.1572,0.0,5.7159,60,0.75,2.0,1.0
030_C101,30,C,2,6,OPTIMAL,78.1823,2,1,1,0,1,0.5,64.4704,0.0,13.712,60,0.75,2.0,1.0
030_C101,30,C,2,7,OPTIMAL,29.9571,2,1,1,0,1,0.5,29.7112,0.0,0.2459,60,0.75,2.0,1.0
030_C101,30,C,2,8,OPTIMAL,64.2681,2,1,1,0,1,0.5,59.7871,0.0,4.481,60,0.75,2.0,1.0
030_C101,30,C,2,9,OPTIMAL,17.2274,2,0,0,0,2,0.0,0.0,0.0,17.2274,60,0.75,2.0,1.0
030_C101,30,C,4,0,OPTIMAL,93.5805,4,3,3,0,1,0.75,90.9538,0.0,2.6267,60,0.75,2.0,1.0
030_C101,30,C,4,1,OPTIMAL,96.1573,4,2,2,0,2,0.5,91.3879,0.0,4.7694,60,0.75,2.0,1.0
030_C101,30,C,4,2,OPTIMAL,120.6093,4,3,3,0,1,0.75,119.6813,0.0,0.9279,60,0.75,2.0,1.0
030_C101,30,C,4,3,OPTIMAL,7.6028,4,0,0,0,4,0.0,0.0,0.0,7.6028,60,0.75,2.0,1.0
030_C101,30,C,4,4,OPTIMAL,49.9923,4,1,1,0,3,0.25,29.6464,0.0,20.3458,60,0.75,2.0,1.0
030_C101,30,C,4,5,OPTIMAL,198.2405,4,4,4,0,0,1.0,198.2405,0.0,0.0,60,0.75,2.0,1.0
030_C101,30,C,4,6,OPTIMAL,170.0276,4,4,4,0,0,1.0,170.0276,0.0,0.0,60,0.75,2.0,1.0
030_C101,30,C,4,7,OPTIMAL,57.3594,4,1,1,0,3,0.25,29.2368,0.0,28.1226,60,0.75,2.0,1.0
030_C101,30,C,4,8,OPTIMAL,113.5623,4,3,3,0,1,0.75,86.0489,0.0,27.5135,60,0.75,2.0,1.0
030_C101,30,C,4,9,OPTIMAL,67.4383,4,2,1,1,2,0.5,54.8142,0.0,12.6241,60,0.75,2.0,1.0
030_C101,30,C,6,0,OPTIMAL,176.5367,6,6,6,0,0,1.0,176.5367,0.0,0.0,60,0.75,2.0,1.0
030_C101,30,C,6,1,OPTIMAL,190.1018,6,4,4,0,2,0.6667,180.7284,0.0,9.3734,60,0.75,2.0,1.0
030_C101,30,C,6,2,OPTIMAL,198.6839,6,4,4,0,2,0.6667,193.2511,0.0,5.4328,60,0.75,2.0,1.0
030_C101,30,C,6,3,OPTIMAL,132.7794,6,4,4,0,2,0.6667,129.5115,0.0,3.2679,60,0.75,2.0,1.0
030_C101,30,C,6,4,OPTIMAL,141.7231,6,3,3,0,3,0.5,110.3758,0.0,31.3474,60,0.75,2.0,1.0
030_C101,30,C,6,5,OPTIMAL,214.6448,6,6,5,1,0,1.0,214.6448,0.0,0.0,60,0.75,2.0,1.0
030_C101,30,C,6,6,OPTIMAL,258.0837,6,5,5,0,1,0.8333,255.9993,0.0,2.0844,60,0.75,2.0,1.0
030_C101,30,C,6,7,OPTIMAL,168.3235,6,4,3,1,2,0.6667,151.8511,0.0,16.4724,60,0.75,2.0,1.0
030_C101,30,C,6,8,OPTIMAL,205.8857,6,5,4,1,1,0.8333,198.5294,0.0,7.3563,60,0.75,2.0,1.0
030_C101,30,C,6,9,OPTIMAL,187.0295,6,4,4,0,2,0.6667,168.0353,0.0,18.9942,60,0.75,2.0,1.0
030_C105,30,C,2,0,OPTIMAL,96.4442,2,2,2,0,0,1.0,96.4442,0.0,0.0,60,0.75,2.0,1.0
030_C105,30,C,2,1,OPTIMAL,111.1588,2,2,2,0,0,1.0,111.1588,0.0,0.0,60,0.75,2.0,1.0
030_C105,30,C,2,2,OPTIMAL,83.1653,2,1,1,0,1,0.5,55.2314,0.0,27.9338,60,0.75,2.0,1.0
030_C105,30,C,2,3,OPTIMAL,63.7491,2,1,1,0,1,0.5,56.1084,0.0,7.6407,60,0.75,2.0,1.0
030_C105,30,C,2,4,OPTIMAL,41.2178,2,1,1,0,1,0.5,27.4917,0.0,13.7261,60,0.75,2.0,1.0
030_C105,30,C,2,5,OPTIMAL,32.4416,2,1,1,0,1,0.5,27.2268,0.0,5.2147,60,0.75,2.0,1.0
030_C105,30,C,2,6,OPTIMAL,65.7935,2,1,1,0,1,0.5,64.4704,0.0,1.3232,60,0.75,2.0,1.0
030_C105,30,C,2,7,OPTIMAL,26.7139,2,0,0,0,2,0.0,0.0,0.0,26.7139,60,0.75,2.0,1.0
030_C105,30,C,2,8,OPTIMAL,110.7819,2,2,2,0,0,1.0,110.7819,0.0,0.0,60,0.75,2.0,1.0
030_C105,30,C,2,9,OPTIMAL,60.1734,2,2,2,0,0,1.0,60.1734,0.0,0.0,60,0.75,2.0,1.0
030_C105,30,C,4,0,OPTIMAL,117.6593,4,3,3,0,1,0.75,116.0921,0.0,1.5672,60,0.75,2.0,1.0
030_C105,30,C,4,1,OPTIMAL,148.7694,4,2,2,0,2,0.5,93.1473,0.0,55.6221,60,0.75,2.0,1.0
030_C105,30,C,4,2,OPTIMAL,101.5049,4,2,2,0,2,0.5,87.9887,0.0,13.5161,60,0.75,2.0,1.0
030_C105,30,C,4,3,OPTIMAL,125.417,4,3,3,0,1,0.75,104.0983,0.0,21.3186,60,0.75,2.0,1.0
030_C105,30,C,4,4,OPTIMAL,69.944,4,1,1,0,3,0.25,60.7993,0.0,9.1446,60,0.75,2.0,1.0
030_C105,30,C,4,5,OPTIMAL,163.0493,4,3,3,0,1,0.75,142.9876,0.0,20.0617,60,0.75,2.0,1.0
030_C105,30,C,4,6,OPTIMAL,155.7812,4,3,3,0,1,0.75,154.2867,0.0,1.4945,60,0.75,2.0,1.0
030_C105,30,C,4,7,OPTIMAL,109.2718,4,3,2,1,1,0.75,81.1695,0.0,28.1024,60,0.75,2.0,1.0
030_C105,30,C,4,8,OPTIMAL,110.2303,4,2,2,0,2,0.5,82.8901,0.0,27.3402,60,0.75,2.0,1.0
030_C105,30,C,4,9,OPTIMAL,89.7059,4,3,3,0,1,0.75,81.501,0.0,8.2048,60,0.75,2.0,1.0
030_C105,30,C,6,0,OPTIMAL,122.1486,6,2,2,0,4,0.3333,82.4184,0.0,39.7301,60,0.75,2.0,1.0
030_C105,30,C,6,1,OPTIMAL,193.3277,6,5,5,0,1,0.8333,191.4021,0.0,1.9256,60,0.75,2.0,1.0
030_C105,30,C,6,2,OPTIMAL,199.9823,6,4,4,0,2,0.6667,192.4056,0.0,7.5766,60,0.75,2.0,1.0
030_C105,30,C,6,3,OPTIMAL,166.5572,6,4,3,1,2,0.6667,158.5721,0.0,7.9851,60,0.75,2.0,1.0
030_C105,30,C,6,4,OPTIMAL,183.7765,6,4,4,0,2,0.6667,157.9222,0.0,25.8543,60,0.75,2.0,1.0
030_C105,30,C,6,5,OPTIMAL,212.7932,6,5,4,1,1,0.8333,193.2102,0.0,19.583,60,0.75,2.0,1.0
030_C105,30,C,6,6,OPTIMAL,220.688,6,4,4,0,2,0.6667,205.9517,0.0,14.7363,60,0.75,2.0,1.0
030_C105,30,C,6,7,OPTIMAL,167.1937,6,5,5,0,1,0.8333,159.4119,0.0,7.7818,60,0.75,2.0,1.0
030_C105,30,C,6,8,OPTIMAL,226.8233,6,5,5,0,1,0.8333,200.1078,0.0,26.7155,60,0.75,2.0,1.0
030_C105,30,C,6,9,OPTIMAL,201.2352,6,4,4,0,2,0.6667,172.4209,0.0,28.8143,60,0.75,2.0,1.0
030_C106,30,C,2,0,OPTIMAL,96.4442,2,2,2,0,0,1.0,96.4442,0.0,0.0,60,0.75,2.0,1.0
030_C106,30,C,2,1,OPTIMAL,111.1588,2,2,2,0,0,1.0,111.1588,0.0,0.0,60,0.75,2.0,1.0
030_C106,30,C,2,2,OPTIMAL,99.8106,2,2,2,0,0,1.0,99.8106,0.0,0.0,60,0.75,2.0,1.0
030_C106,30,C,2,3,OPTIMAL,63.7491,2,1,1,0,1,0.5,56.1084,0.0,7.6407,60,0.75,2.0,1.0
030_C106,30,C,2,4,OPTIMAL,54.2172,2,2,2,0,0,1.0,54.2172,0.0,0.0,60,0.75,2.0,1.0
030_C106,30,C,2,5,OPTIMAL,65.3111,2,1,1,0,1,0.5,59.1572,0.0,6.1539,60,0.75,2.0,1.0
030_C106,30,C,2,6,OPTIMAL,65.7935,2,1,1,0,1,0.5,64.4704,0.0,1.3232,60,0.75,2.0,1.0
030_C106,30,C,2,7,OPTIMAL,29.9571,2,1,1,0,1,0.5,29.7112,0.0,0.2459,60,0.75,2.0,1.0
030_C106,30,C,2,8,OPTIMAL,110.7819,2,2,2,0,0,1.0,110.7819,0.0,0.0,60,0.75,2.0,1.0
030_C106,30,C,2,9,OPTIMAL,27.9714,2,1,1,0,1,0.5,26.8171,0.0,1.1543,60,0.75,2.0,1.0
030_C106,30,C,4,0,OPTIMAL,141.6193,4,4,3,1,0,1.0,141.6193,0.0,0.0,60,0.75,2.0,1.0
030_C106,30,C,4,1,OPTIMAL,155.4037,4,4,3,1,0,1.0,155.4037,0.0,0.0,60,0.75,2.0,1.0
030_C106,30,C,4,2,OPTIMAL,120.1913,4,3,3,0,1,0.75,119.6813,0.0,0.51,60,0.75,2.0,1.0
030_C106,30,C,4,3,OPTIMAL,129.4986,4,4,3,1,0,1.0,129.4986,0.0,0.0,60,0.75,2.0,1.0
030_C106,30,C,4,4,OPTIMAL,108.2541,4,3,3,0,1,0.75,108.0666,0.0,0.1875,60,0.75,2.0,1.0
030_C106,30,C,4,5,OPTIMAL,198.2405,4,4,4,0,0,1.0,198.2405,0.0,0.0,60,0.75,2.0,1.0
030_C106,30,C,4,6,OPTIMAL,170.0276,4,4,4,0,0,1.0,170.0276,0.0,0.0,60,0.75,2.0,1.0
030_C106,30,C,4,7,OPTIMAL,83.6319,4,3,2,1,1,0.75,83.5609,0.0,0.071,60,0.75,2.0,1.0
030_C106,30,C,4,8,OPTIMAL,136.3393,4,4,3,1,0,1.0,136.3393,0.0,0.0,60,0.75,2.0,1.0
030_C106,30,C,4,9,OPTIMAL,67.4383,4,2,2,0,2,0.5,54.8142,0.0,12.6241,60,0.75,2.0,1.0
030_C106,30,C,6,0,OPTIMAL,156.7703,6,4,4,0,2,0.6667,132.3442,0.0,24.4261,60,0.75,2.0,1.0
030_C106,30,C,6,1,OPTIMAL,235.2158,6,6,6,0,0,1.0,235.2158,0.0,0.0,60,0.75,2.0,1.0
030_C106,30,C,6,2,OPTIMAL,194.1387,6,3,3,0,3,0.5,165.2281,0.0,28.9106,60,0.75,2.0,1.0
030_C106,30,C,6,3,OPTIMAL,189.1465,6,4,3,1,2,0.6667,129.5115,0.0,59.6349,60,0.75,2.0,1.0
030_C106,30,C,6,4,OPTIMAL,180.0781,6,4,4,0,2,0.6667,161.0897,0.0,18.9884,60,0.75,2.0,1.0
030_C106,30,C,6,5,OPTIMAL,214.6448,6,6,6,0,0,1.0,214.6448,0.0,0.0,60,0.75,2.0,1.0
030_C106,30,C,6,6,OPTIMAL,213.1843,6,4,4,0,2,0.6667,205.2493,0.0,7.935,60,0.75,2.0,1.0
030_C106,30,C,6,7,OPTIMAL,214.972,6,6,6,0,0,1.0,214.972,0.0,0.0,60,0.75,2.0,1.0
030_C106,30,C,6,8,OPTIMAL,188.0737,6,5,5,0,1,0.8333,171.5926,0.0,16.4811,60,0.75,2.0,1.0
030_C106,30,C,6,9,OPTIMAL,202.4906,6,5,5,0,1,0.8333,202.2588,0.0,0.2319,60,0.75,2.0,1.0
030_C107,30,C,2,0,OPTIMAL,73.6022,2,1,1,0,1,0.5,63.5953,0.0,10.0069,60,0.75,2.0,1.0
030_C107,30,C,2,1,OPTIMAL,111.1588,2,2,2,0,0,1.0,111.1588,0.0,0.0,60,0.75,2.0,1.0
030_C107,30,C,2,2,OPTIMAL,99.8106,2,2,2,0,0,1.0,99.8106,0.0,0.0,60,0.75,2.0,1.0
030_C107,30,C,2,3,OPTIMAL,38.7483,2,0,0,0,2,0.0,0.0,0.0,38.7483,60,0.75,2.0,1.0
030_C107,30,C,2,4,OPTIMAL,32.5524,2,1,1,0,1,0.5,26.7255,0.0,5.8269,60,0.75,2.0,1.0
030_C107,30,C,2,5,OPTIMAL,61.8659,2,1,1,0,1,0.5,59.1572,0.0,2.7087,60,0.75,2.0,1.0
030_C107,30,C,2,6,OPTIMAL,68.4997,2,1,1,0,1,0.5,64.4704,0.0,4.0293,60,0.75,2.0,1.0
030_C107,30,C,2,7,OPTIMAL,32.3138,2,1,1,0,1,0.5,25.8292,0.0,6.4846,60,0.75,2.0,1.0
030_C107,30,C,2,8,OPTIMAL,110.7819,2,2,2,0,0,1.0,110.7819,0.0,0.0,60,0.75,2.0,1.0
030_C107,30,C,2,9,OPTIMAL,14.5179,2,0,0,0,2,0.0,0.0,0.0,14.5179,60,0.75,2.0,1.0
030_C107,30,C,4,0,OPTIMAL,121.1924,4,3,3,0,1,0.75,116.0921,0.0,5.1003,60,0.75,2.0,1.0
030_C107,30,C,4,1,OPTIMAL,155.4037,4,4,4,0,0,1.0,155.4037,0.0,0.0,60,0.75,2.0,1.0
030_C107,30,C,4,2,OPTIMAL,125.7293,4,3,3,0,1,0.75,108.4719,0.0,17.2574,60,0.75,2.0,1.0
030_C107,30,C,4,3,OPTIMAL,114.2287,4,3,3,0,1,0.75,101.009,0.0,13.2198,60,0.75,2.0,1.0
030_C107,30,C,4,4,OPTIMAL,109.4317,4,3,3,0,1,0.75,108.0666,0.0,1.365,60,0.75,2.0,1.0
030_C107,30,C,4,5,OPTIMAL,194.2489,4,3,3,0,1,0.75,169.2258,0.0,25.0231,60,0.75,2.0,1.0
030_C107,30,C,4,6,OPTIMAL,146.4378,4,2,2,0,2,0.5,110.9438,0.0,35.494,60,0.75,2.0,1.0
030_C107,30,C,4,7,OPTIMAL,83.6319,4,3,2,1,1,0.75,83.5609,0.0,0.071,60,0.75,2.0,1.0
030_C107,30,C,4,8,OPTIMAL,112.2967,4,3,3,0,1,0.75,111.4775,0.0,0.8192,60,0.75,2.0,1.0
030_C107,30,C,4,9,OPTIMAL,102.3004,4,3,3,0,1,0.75,83.8681,0.0,18.4323,60,0.75,2.0,1.0
030_C107,30,C,6,0,OPTIMAL,113.7031,6,3,3,0,3,0.5,105.6216,0.0,8.0815,60,0.75,2.0,1.0
030_C107,30,C,6,1,OPTIMAL,227.3062,6,5,5,0,1,0.8333,205.5072,0.0,21.799,60,0.75,2.0,1.0
030_C107,30,C,6,2,OPTIMAL,225.0742,6,5,4,1,1,0.8333,219.8391,0.0,5.2351,60,0.75,2.0,1.0
030_C107,30,C,6,3,OPTIMAL,158.6106,6,4,4,0,2,0.6667,157.8359,0.0,0.7748,60,0.75,2.0,1.0
030_C107,30,C,6,4,OPTIMAL,161.3371,6,4,4,0,2,0.6667,155.1465,0.0,6.1906,60,0.75,2.0,1.0
030_C107,30,C,6,5,OPTIMAL,214.6448,6,6,6,0,0,1.0,214.6448,0.0,0.0,60,0.75,2.0,1.0
030_C107,30,C,6,6,OPTIMAL,246.7339,6,4,4,0,2,0.6667,229.1573,0.0,17.5765,60,0.75,2.0,1.0
030_C107,30,C,6,7,OPTIMAL,214.972,6,6,6,0,0,1.0,214.972,0.0,0.0,60,0.75,2.0,1.0
030_C107,30,C,6,8,OPTIMAL,173.5225,6,4,4,0,2,0.6667,148.7668,0.0,24.7557,60,0.75,2.0,1.0
030_C107,30,C,6,9,OPTIMAL,197.6309,6,4,4,0,2,0.6667,168.0353,0.0,29.5956,60,0.75,2.0,1.0
030_C108,30,C,2,0,OPTIMAL,96.4442,2,2,2,0,0,1.0,96.4442,0.0,0.0,60,0.75,2.0,1.0
030_C108,30,C,2,1,OPTIMAL,111.1588,2,2,2,0,0,1.0,111.1588,0.0,0.0,60,0.75,2.0,1.0
030_C108,30,C,2,2,OPTIMAL,99.8106,2,2,2,0,0,1.0,99.8106,0.0,0.0,60,0.75,2.0,1.0
030_C108,30,C,2,3,OPTIMAL,59.6774,2,1,1,0,1,0.5,56.1084,0.0,3.569,60,0.75,2.0,1.0
030_C108,30,C,2,4,OPTIMAL,54.2172,2,2,1,1,0,1.0,54.2172,0.0,0.0,60,0.75,2.0,1.0
030_C108,30,C,2,5,OPTIMAL,61.8659,2,1,1,0,1,0.5,59.1572,0.0,2.7087,60,0.75,2.0,1.0
030_C108,30,C,2,6,OPTIMAL,85.6955,2,2,1,1,0,1.0,85.6955,0.0,0.0,60,0.75,2.0,1.0
030_C108,30,C,2,7,OPTIMAL,55.5404,2,2,2,0,0,1.0,55.5404,0.0,0.0,60,0.75,2.0,1.0
030_C108,30,C,2,8,OPTIMAL,110.7819,2,2,2,0,0,1.0,110.7819,0.0,0.0,60,0.75,2.0,1.0
030_C108,30,C,2,9,OPTIMAL,60.1734,2,2,1,1,0,1.0,60.1734,0.0,0.0,60,0.75,2.0,1.0
030_C108,30,C,4,0,OPTIMAL,141.6193,4,4,4,0,0,1.0,141.6193,0.0,0.0,60,0.75,2.0,1.0
030_C108,30,C,4,1,OPTIMAL,105.9344,4,3,2,1,1,0.75,92.9992,0.0,12.9352,60,0.75,2.0,1.0
030_C108,30,C,4,2,OPTIMAL,117.4623,4,3,2,1,1,0.75,111.8305,0.0,5.6318,60,0.75,2.0,1.0
030_C108,30,C,4,3,OPTIMAL,129.4986,4,4,4,0,0,1.0,129.4986,0.0,0.0,60,0.75,2.0,1.0
030_C108,30,C,4,4,OPTIMAL,131.5975,4,4,3,1,0,1.0,131.5975,0.0,0.0,60,0.75,2.0,1.0
030_C108,30,C,4,5,OPTIMAL,198.2405,4,4,4,0,0,1.0,198.2405,0.0,0.0,60,0.75,2.0,1.0
030_C108,30,C,4,6,OPTIMAL,170.0276,4,4,3,1,0,1.0,170.0276,0.0,0.0,60,0.75,2.0,1.0
030_C108,30,C,4,7,OPTIMAL,110.4062,4,4,4,0,0,1.0,110.4062,0.0,0.0,60,0.75,2.0,1.0
030_C108,30,C,4,8,OPTIMAL,112.2967,4,3,3,0,1,0.75,111.4775,0.0,0.8192,60,0.75,2.0,1.0
030_C108,30,C,4,9,OPTIMAL,59.6771,4,2,1,1,2,0.5,54.8142,0.0,4.8629,60,0.75,2.0,1.0
030_C108,30,C,6,0,OPTIMAL,164.4454,6,5,4,1,1,0.8333,159.0683,0.0,5.3771,60,0.75,2.0,1.0
030_C108,30,C,6,1,OPTIMAL,227.3062,6,5,5,0,1,0.8333,205.5072,0.0,21.799,60,0.75,2.0,1.0
030_C108,30,C,6,2,OPTIMAL,200.6838,6,4,3,1,2,0.6667,192.4056,0.0,8.2782,60,0.75,2.0,1.0
030_C108,30,C,6,3,OPTIMAL,158.2149,6,3,3,0,3,0.5,113.312,0.0,44.9029,60,0.75,2.0,1.0
030_C108,30,C,6,4,OPTIMAL,107.2224,6,2,2,0,4,0.3333,86.9185,0.0,20.3039,60,0.75,2.0,1.0
030_C108,30,C,6,5,OPTIMAL,191.9166,6,5,5,0,1,0.8333,180.8974,0.0,11.0192,60,0.75,2.0,1.0
030_C108,30,C,6,6,OPTIMAL,257.3426,6,5,4,1,1,0.8333,256.7017,0.0,0.6409,60,0.75,2.0,1.0
030_C108,30,C,6,7,OPTIMAL,214.972,6,6,5,1,0,1.0,214.972,0.0,0.0,60,0.75,2.0,1.0
030_C108,30,C,6,8,OPTIMAL,169.1213,6,3,2,1,3,0.5,141.6275,0.0,27.4938,60,0.75,2.0,1.0
030_C108,30,C,6,9,OPTIMAL,212.117,6,5,3,2,1,0.8333,187.3345,0.0,24.7825,60,0.75,2.0,1.0
030_C109,30,C,2,0,OPTIMAL,96.4442,2,2,2,0,0,1.0,96.4442,0.0,0.0,60,0.75,2.0,1.0
030_C109,30,C,2,1,OPTIMAL,111.1588,2,2,2,0,0,1.0,111.1588,0.0,0.0,60,0.75,2.0,1.0
030_C109,30,C,2,2,OPTIMAL,99.8106,2,2,2,0,0,1.0,99.8106,0.0,0.0,60,0.75,2.0,1.0
030_C109,30,C,2,3,OPTIMAL,59.6774,2,1,1,0,1,0.5,56.1084,0.0,3.569,60,0.75,2.0,1.0
030_C109,30,C,2,4,OPTIMAL,54.2172,2,2,2,0,0,1.0,54.2172,0.0,0.0,60,0.75,2.0,1.0
030_C109,30,C,2,5,OPTIMAL,86.384,2,2,1,1,0,1.0,86.384,0.0,0.0,60,0.75,2.0,1.0
030_C109,30,C,2,6,OPTIMAL,85.6955,2,2,1,1,0,1.0,85.6955,0.0,0.0,60,0.75,2.0,1.0
030_C109,30,C,2,7,OPTIMAL,25.457,2,0,0,0,2,0.0,0.0,0.0,25.457,60,0.75,2.0,1.0
030_C109,30,C,2,8,OPTIMAL,110.7819,2,2,2,0,0,1.0,110.7819,0.0,0.0,60,0.75,2.0,1.0
030_C109,30,C,2,9,OPTIMAL,44.6267,2,0,0,0,2,0.0,0.0,0.0,44.6267,60,0.75,2.0,1.0
030_C109,30,C,4,0,OPTIMAL,123.6452,4,3,3,0,1,0.75,116.0921,0.0,7.5531,60,0.75,2.0,1.0
030_C109,30,C,4,1,OPTIMAL,155.4037,4,4,4,0,0,1.0,155.4037,0.0,0.0,60,0.75,2.0,1.0
030_C109,30,C,4,2,OPTIMAL,140.1645,4,4,4,0,0,1.0,140.1645,0.0,0.0,60,0.75,2.0,1.0
030_C109,30,C,4,3,OPTIMAL,118.3493,4,3,3,0,1,0.75,101.009,0.0,17.3403,60,0.75,2.0,1.0
030_C109,30,C,4,4,OPTIMAL,131.5975,4,4,4,0,0,1.0,131.5975,0.0,0.0,60,0.75,2.0,1.0
030_C109,30,C,4,5,OPTIMAL,174.8961,4,3,3,0,1,0.75,169.2258,0.0,5.6703,60,0.75,2.0,1.0
030_C109,30,C,4,6,OPTIMAL,138.6695,4,2,2,0,2,0.5,110.9438,0.0,27.7257,60,0.75,2.0,1.0
030_C109,30,C,4,7,OPTIMAL,109.4739,4,3,3,0,1,0.75,83.5609,0.0,25.913,60,0.75,2.0,1.0
030_C109,30,C,4,8,OPTIMAL,136.3393,4,4,3,1,0,1.0,136.3393,0.0,0.0,60,0.75,2.0,1.0
030_C109,30,C,4,9,OPTIMAL,86.1376,4,2,2,0,2,0.5,56.0313,0.0,30.1063,60,0.75,2.0,1.0
030_C109,30,C,6,0,OPTIMAL,139.4334,6,4,3,1,2,0.6667,126.6109,0.0,12.8225,60,0.75,2.0,1.0
030_C109,30,C,6,1,OPTIMAL,235.2158,6,6,5,1,0,1.0,235.2158,0.0,0.0,60,0.75,2.0,1.0
030_C109,30,C,6,2,OPTIMAL,221.7488,6,5,5,0,1,0.8333,219.8391,0.0,1.9097,60,0.75,2.0,1.0
030_C109,30,C,6,3,OPTIMAL,206.2303,6,6,4,2,0,1.0,206.2303,0.0,0.0,60,0.75,2.0,1.0
030_C109,30,C,6,4,OPTIMAL,190.9443,6,5,5,0,1,0.8333,189.2161,0.0,1.7282,60,0.75,2.0,1.0
030_C109,30,C,6,5,OPTIMAL,214.6448,6,6,5,1,0,1.0,214.6448,0.0,0.0,60,0.75,2.0,1.0
030_C109,30,C,6,6,OPTIMAL,269.3163,6,5,4,1,1,0.8333,255.9993,0.0,13.317,60,0.75,2.0,1.0
030_C109,30,C,6,7,OPTIMAL,186.4898,6,5,5,0,1,0.8333,179.5517,0.0,6.9381,60,0.75,2.0,1.0
030_C109,30,C,6,8,OPTIMAL,155.3082,6,4,3,1,2,0.6667,148.7668,0.0,6.5414,60,0.75,2.0,1.0
030_C109,30,C,6,9,OPTIMAL,221.558,6,6,4,2,0,1.0,221.558,0.0,0.0,60,0.75,2.0,1.0
030_C201,30,C,2,0,OPTIMAL,28.1242,2,1,1,0,1,0.5,28.0872,0.0,0.037,60,0.75,2.0,1.0
030_C201,30,C,2,1,OPTIMAL,43.8931,2,2,2,0,0,1.0,43.8931,0.0,0.0,60,0.75,2.0,1.0
030_C201,30,C,2,2,OPTIMAL,23.2131,2,1,1,0,1,0.5,20.4471,0.0,2.7661,60,0.75,2.0,1.0
030_C201,30,C,2,3,OPTIMAL,38.5375,2,1,1,0,1,0.5,38.5251,0.0,0.0124,60,0.75,2.0,1.0
030_C201,30,C,2,4,OPTIMAL,96.1303,2,2,2,0,0,1.0,96.1303,0.0,0.0,60,0.75,2.0,1.0
030_C201,30,C,2,5,OPTIMAL,72.8625,2,2,2,0,0,1.0,72.8625,0.0,0.0,60,0.75,2.0,1.0
030_C201,30,C,2,6,OPTIMAL,88.3232,2,2,2,0,0,1.0,88.3232,0.0,0.0,60,0.75,2.0,1.0
030_C201,30,C,2,7,OPTIMAL,84.2161,2,2,2,0,0,1.0,84.2161,0.0,0.0,60,0.75,2.0,1.0
030_C201,30,C,2,8,OPTIMAL,64.9278,2,2,2,0,0,1.0,64.9278,0.0,0.0,60,0.75,2.0,1.0
030_C201,30,C,2,9,OPTIMAL,37.3075,2,1,1,0,1,0.5,15.793,0.0,21.5146,60,0.75,2.0,1.0
030_C201,30,C,4,0,OPTIMAL,159.0464,4,4,4,0,0,1.0,159.0464,0.0,0.0,60,0.75,2.0,1.0
030_C201,30,C,4,1,OPTIMAL,162.6367,4,4,4,0,0,1.0,162.6367,0.0,0.0,60,0.75,2.0,1.0
030_C201,30,C,4,2,OPTIMAL,119.5497,4,3,3,0,1,0.75,119.1761,0.0,0.3736,60,0.75,2.0,1.0
030_C201,30,C,4,3,OPTIMAL,110.9607,4,4,4,0,0,1.0,110.9607,0.0,0.0,60,0.75,2.0,1.0
030_C201,30,C,4,4,OPTIMAL,140.315,4,4,4,0,0,1.0,140.315,0.0,0.0,60,0.75,2.0,1.0
030_C201,30,C,4,5,OPTIMAL,205.7293,4,4,4,0,0,1.0,205.7293,0.0,0.0,60,0.75,2.0,1.0
030_C201,30,C,4,6,OPTIMAL,163.4241,4,4,4,0,0,1.0,163.4241,0.0,0.0,60,0.75,2.0,1.0
030_C201,30,C,4,7,OPTIMAL,181.6452,4,4,4,0,0,1.0,181.6452,0.0,0.0,60,0.75,2.0,1.0
030_C201,30,C,4,8,OPTIMAL,108.0929,4,3,3,0,1,0.75,106.6121,0.0,1.4808,60,0.75,2.0,1.0
030_C201,30,C,4,9,OPTIMAL,117.3537,4,3,2,1,1,0.75,117.325,0.0,0.0287,60,0.75,2.0,1.0
030_C201,30,C,6,0,OPTIMAL,197.4716,6,6,6,0,0,1.0,197.4716,0.0,0.0,60,0.75,2.0,1.0
030_C201,30,C,6,1,OPTIMAL,204.4142,6,5,5,0,1,0.8333,202.1945,0.0,2.2198,60,0.75,2.0,1.0
030_C201,30,C,6,2,OPTIMAL,246.7945,6,6,6,0,0,1.0,246.7945,0.0,0.0,60,0.75,2.0,1.0
030_C201,30,C,6,3,OPTIMAL,206.371,6,5,5,0,1,0.8333,191.2709,0.0,15.1001,60,0.75,2.0,1.0
030_C201,30,C,6,4,OPTIMAL,170.4348,6,4,4,0,2,0.6667,160.018,0.0,10.4168,60,0.75,2.0,1.0
030_C201,30,C,6,5,OPTIMAL,187.8221,6,5,5,0,1,0.8333,186.7091,0.0,1.113,60,0.75,2.0,1.0
030_C201,30,C,6,6,OPTIMAL,234.5446,6,6,5,1,0,1.0,234.5446,0.0,0.0,60,0.75,2.0,1.0
030_C201,30,C,6,7,OPTIMAL,188.7589,6,6,6,0,0,1.0,188.7589,0.0,0.0,60,0.75,2.0,1.0
030_C201,30,C,6,8,OPTIMAL,243.1389,6,5,5,0,1,0.8333,243.1231,0.0,0.0158,60,0.75,2.0,1.0
030_C201,30,C,6,9,OPTIMAL,280.0611,6,6,6,0,0,1.0,280.0611,0.0,0.0,60,0.75,2.0,1.0
030_C202,30,C,2,0,OPTIMAL,41.9423,2,2,2,0,0,1.0,41.9423,0.0,0.0,60,0.75,2.0,1.0
030_C202,30,C,2,1,OPTIMAL,43.8931,2,2,2,0,0,1.0,43.8931,0.0,0.0,60,0.75,2.0,1.0
030_C202,30,C,2,2,OPTIMAL,23.2131,2,1,1,0,1,0.5,20.4471,0.0,2.7661,60,0.75,2.0,1.0
030_C202,30,C,2,3,OPTIMAL,38.5375,2,1,1,0,1,0.5,38.5251,0.0,0.0124,60,0.75,2.0,1.0
030_C202,30,C,2,4,OPTIMAL,96.1303,2,2,2,0,0,1.0,96.1303,0.0,0.0,60,0.75,2.0,1.0
030_C202,30,C,2,5,OPTIMAL,72.8625,2,2,2,0,0,1.0,72.8625,0.0,0.0,60,0.75,2.0,1.0
030_C202,30,C,2,6,OPTIMAL,88.3232,2,2,2,0,0,1.0,88.3232,0.0,0.0,60,0.75,2.0,1.0
030_C202,30,C,2,7,OPTIMAL,84.2161,2,2,2,0,0,1.0,84.2161,0.0,0.0,60,0.75,2.0,1.0
030_C202,30,C,2,8,OPTIMAL,64.9278,2,2,2,0,0,1.0,64.9278,0.0,0.0,60,0.75,2.0,1.0
030_C202,30,C,2,9,OPTIMAL,37.3075,2,1,1,0,1,0.5,15.793,0.0,21.5146,60,0.75,2.0,1.0
030_C202,30,C,4,0,OPTIMAL,159.0464,4,4,4,0,0,1.0,159.0464,0.0,0.0,60,0.75,2.0,1.0
030_C202,30,C,4,1,OPTIMAL,162.6367,4,4,4,0,0,1.0,162.6367,0.0,0.0,60,0.75,2.0,1.0
030_C202,30,C,4,2,OPTIMAL,136.4661,4,4,3,1,0,1.0,136.4661,0.0,0.0,60,0.75,2.0,1.0
030_C202,30,C,4,3,OPTIMAL,110.9607,4,4,4,0,0,1.0,110.9607,0.0,0.0,60,0.75,2.0,1.0
030_C202,30,C,4,4,OPTIMAL,140.315,4,4,4,0,0,1.0,140.315,0.0,0.0,60,0.75,2.0,1.0
030_C202,30,C,4,5,OPTIMAL,205.7293,4,4,4,0,0,1.0,205.7293,0.0,0.0,60,0.75,2.0,1.0
030_C202,30,C,4,6,OPTIMAL,163.4241,4,4,4,0,0,1.0,163.4241,0.0,0.0,60,0.75,2.0,1.0
030_C202,30,C,4,7,OPTIMAL,181.6452,4,4,4,0,0,1.0,181.6452,0.0,0.0,60,0.75,2.0,1.0
030_C202,30,C,4,8,OPTIMAL,108.0929,4,3,3,0,1,0.75,106.6121,0.0,1.4808,60,0.75,2.0,1.0
030_C202,30,C,4,9,OPTIMAL,117.3537,4,3,3,0,1,0.75,117.325,0.0,0.0287,60,0.75,2.0,1.0
030_C202,30,C,6,0,OPTIMAL,197.4716,6,6,6,0,0,1.0,197.4716,0.0,0.0,60,0.75,2.0,1.0
030_C202,30,C,6,1,OPTIMAL,202.5982,6,5,5,0,1,0.8333,202.1945,0.0,0.4037,60,0.75,2.0,1.0
030_C202,30,C,6,2,OPTIMAL,246.7945,6,6,6,0,0,1.0,246.7945,0.0,0.0,60,0.75,2.0,1.0
030_C202,30,C,6,3,OPTIMAL,213.3707,6,6,5,1,0,1.0,213.3707,0.0,0.0,60,0.75,2.0,1.0
030_C202,30,C,6,4,OPTIMAL,194.2562,6,5,5,0,1,0.8333,190.4445,0.0,3.8117,60,0.75,2.0,1.0
030_C202,30,C,6,5,OPTIMAL,207.1977,6,6,6,0,0,1.0,207.1977,0.0,0.0,60,0.75,2.0,1.0
030_C202,30,C,6,6,OPTIMAL,234.5446,6,6,5,1,0,1.0,234.5446,0.0,0.0,60,0.75,2.0,1.0
030_C202,30,C,6,7,OPTIMAL,188.7589,6,6,6,0,0,1.0,188.7589,0.0,0.0,60,0.75,2.0,1.0
030_C202,30,C,6,8,OPTIMAL,243.1389,6,5,5,0,1,0.8333,243.1231,0.0,0.0158,60,0.75,2.0,1.0
030_C202,30,C,6,9,OPTIMAL,280.0611,6,6,6,0,0,1.0,280.0611,0.0,0.0,60,0.75,2.0,1.0
030_C203,30,C,2,0,OPTIMAL,41.9423,2,2,2,0,0,1.0,41.9423,0.0,0.0,60,0.75,2.0,1.0
030_C203,30,C,2,1,OPTIMAL,43.8931,2,2,2,0,0,1.0,43.8931,0.0,0.0,60,0.75,2.0,1.0
030_C203,30,C,2,2,OPTIMAL,50.0589,2,2,2,0,0,1.0,50.0589,0.0,0.0,60,0.75,2.0,1.0
030_C203,30,C,2,3,OPTIMAL,38.5375,2,1,1,0,1,0.5,38.5251,0.0,0.0124,60,0.75,2.0,1.0
030_C203,30,C,2,4,OPTIMAL,96.1303,2,2,2,0,0,1.0,96.1303,0.0,0.0,60,0.75,2.0,1.0
030_C203,30,C,2,5,OPTIMAL,72.8625,2,2,2,0,0,1.0,72.8625,0.0,0.0,60,0.75,2.0,1.0
030_C203,30,C,2,6,OPTIMAL,88.3232,2,2,2,0,0,1.0,88.3232,0.0,0.0,60,0.75,2.0,1.0
030_C203,30,C,2,7,OPTIMAL,84.2161,2,2,2,0,0,1.0,84.2161,0.0,0.0,60,0.75,2.0,1.0
030_C203,30,C,2,8,OPTIMAL,64.9278,2,2,2,0,0,1.0,64.9278,0.0,0.0,60,0.75,2.0,1.0
030_C203,30,C,2,9,OPTIMAL,37.3075,2,1,1,0,1,0.5,15.793,0.0,21.5146,60,0.75,2.0,1.0
030_C203,30,C,4,0,OPTIMAL,159.0464,4,4,4,0,0,1.0,159.0464,0.0,0.0,60,0.75,2.0,1.0
030_C203,30,C,4,1,OPTIMAL,162.6367,4,4,4,0,0,1.0,162.6367,0.0,0.0,60,0.75,2.0,1.0
030_C203,30,C,4,2,OPTIMAL,136.4661,4,4,4,0,0,1.0,136.4661,0.0,0.0,60,0.75,2.0,1.0
030_C203,30,C,4,3,OPTIMAL,110.9607,4,4,4,0,0,1.0,110.9607,0.0,0.0,60,0.75,2.0,1.0
030_C203,30,C,4,4,OPTIMAL,140.315,4,4,4,0,0,1.0,140.315,0.0,0.0,60,0.75,2.0,1.0
030_C203,30,C,4,5,OPTIMAL,205.7293,4,4,4,0,0,1.0,205.7293,0.0,0.0,60,0.75,2.0,1.0
030_C203,30,C,4,6,OPTIMAL,163.4241,4,4,4,0,0,1.0,163.4241,0.0,0.0,60,0.75,2.0,1.0
030_C203,30,C,4,7,OPTIMAL,181.6452,4,4,4,0,0,1.0,181.6452,0.0,0.0,60,0.75,2.0,1.0
030_C203,30,C,4,8,OPTIMAL,108.0929,4,3,3,0,1,0.75,106.6121,0.0,1.4808,60,0.75,2.0,1.0
030_C203,30,C,4,9,OPTIMAL,136.5933,4,4,4,0,0,1.0,136.5933,0.0,0.0,60,0.75,2.0,1.0
030_C203,30,C,6,0,OPTIMAL,197.4716,6,6,6,0,0,1.0,197.4716,0.0,0.0,60,0.75,2.0,1.0
030_C203,30,C,6,1,OPTIMAL,202.3484,6,5,5,0,1,0.8333,202.1945,0.0,0.154,60,0.75,2.0,1.0
030_C203,30,C,6,2,OPTIMAL,246.7945,6,6,6,0,0,1.0,246.7945,0.0,0.0,60,0.75,2.0,1.0
030_C203,30,C,6,3,OPTIMAL,213.3707,6,6,5,1,0,1.0,213.3707,0.0,0.0,60,0.75,2.0,1.0
030_C203,30,C,6,4,OPTIMAL,194.2562,6,5,5,0,1,0.8333,190.4445,0.0,3.8117,60,0.75,2.0,1.0
030_C203,30,C,6,5,OPTIMAL,207.1977,6,6,6,0,0,1.0,207.1977,0.0,0.0,60,0.75,2.0,1.0
030_C203,30,C,6,6,OPTIMAL,234.5446,6,6,5,1,0,1.0,234.5446,0.0,0.0,60,0.75,2.0,1.0
030_C203,30,C,6,7,OPTIMAL,188.7589,6,6,6,0,0,1.0,188.7589,0.0,0.0,60,0.75,2.0,1.0
030_C203,30,C,6,8,OPTIMAL,243.1389,6,5,5,0,1,0.8333,243.1231,0.0,0.0158,60,0.75,2.0,1.0
030_C203,30,C,6,9,OPTIMAL,280.0611,6,6,6,0,0,1.0,280.0611,0.0,0.0,60,0.75,2.0,1.0
030_C205,30,C,2,0,OPTIMAL,41.9423,2,2,2,0,0,1.0,41.9423,0.0,0.0,60,0.75,2.0,1.0
030_C205,30,C,2,1,OPTIMAL,43.8931,2,2,2,0,0,1.0,43.8931,0.0,0.0,60,0.75,2.0,1.0
030_C205,30,C,2,2,OPTIMAL,50.0589,2,2,2,0,0,1.0,50.0589,0.0,0.0,60,0.75,2.0,1.0
030_C205,30,C,2,3,OPTIMAL,92.3831,2,2,2,0,0,1.0,92.3831,0.0,0.0,60,0.75,2.0,1.0
030_C205,30,C,2,4,OPTIMAL,96.1303,2,2,2,0,0,1.0,96.1303,0.0,0.0,60,0.75,2.0,1.0
030_C205,30,C,2,5,OPTIMAL,72.8625,2,2,2,0,0,1.0,72.8625,0.0,0.0,60,0.75,2.0,1.0
030_C205,30,C,2,6,OPTIMAL,88.3232,2,2,2,0,0,1.0,88.3232,0.0,0.0,60,0.75,2.0,1.0
030_C205,30,C,2,7,OPTIMAL,84.2161,2,2,2,0,0,1.0,84.2161,0.0,0.0,60,0.75,2.0,1.0
030_C205,30,C,2,8,OPTIMAL,64.9278,2,2,2,0,0,1.0,64.9278,0.0,0.0,60,0.75,2.0,1.0
030_C205,30,C,2,9,OPTIMAL,52.6077,2,2,2,0,0,1.0,52.6077,0.0,0.0,60,0.75,2.0,1.0
030_C205,30,C,4,0,OPTIMAL,132.6311,4,3,3,0,1,0.75,130.9114,0.0,1.7196,60,0.75,2.0,1.0
030_C205,30,C,4,1,OPTIMAL,162.6367,4,4,4,0,0,1.0,162.6367,0.0,0.0,60,0.75,2.0,1.0
030_C205,30,C,4,2,OPTIMAL,136.4661,4,4,4,0,0,1.0,136.4661,0.0,0.0,60,0.75,2.0,1.0
030_C205,30,C,4,3,OPTIMAL,110.9607,4,4,4,0,0,1.0,110.9607,0.0,0.0,60,0.75,2.0,1.0
030_C205,30,C,4,4,OPTIMAL,140.315,4,4,4,0,0,1.0,140.315,0.0,0.0,60,0.75,2.0,1.0
030_C205,30,C,4,5,OPTIMAL,163.6285,4,3,3,0,1,0.75,163.626,0.0,0.0025,60,0.75,2.0,1.0
030_C205,30,C,4,6,OPTIMAL,163.4241,4,4,4,0,0,1.0,163.4241,0.0,0.0,60,0.75,2.0,1.0
030_C205,30,C,4,7,OPTIMAL,181.6452,4,4,3,1,0,1.0,181.6452,0.0,0.0,60,0.75,2.0,1.0
030_C205,30,C,4,8,OPTIMAL,112.7116,4,3,3,0,1,0.75,74.0138,0.0,38.6977,60,0.75,2.0,1.0
030_C205,30,C,4,9,OPTIMAL,136.5933,4,4,4,0,0,1.0,136.5933,0.0,0.0,60,0.75,2.0,1.0
030_C205,30,C,6,0,OPTIMAL,197.4716,6,6,6,0,0,1.0,197.4716,0.0,0.0,60,0.75,2.0,1.0
030_C205,30,C,6,1,OPTIMAL,204.4142,6,5,5,0,1,0.8333,202.1945,0.0,2.2198,60,0.75,2.0,1.0
030_C205,30,C,6,2,OPTIMAL,246.7945,6,6,6,0,0,1.0,246.7945,0.0,0.0,60,0.75,2.0,1.0
030_C205,30,C,6,3,OPTIMAL,213.3707,6,6,6,0,0,1.0,213.3707,0.0,0.0,60,0.75,2.0,1.0
030_C205,30,C,6,4,OPTIMAL,221.5094,6,5,5,0,1,0.8333,187.4625,0.0,34.0469,60,0.75,2.0,1.0
030_C205,30,C,6,5,OPTIMAL,207.1977,6,6,6,0,0,1.0,207.1977,0.0,0.0,60,0.75,2.0,1.0
030_C205,30,C,6,6,OPTIMAL,234.5446,6,6,6,0,0,1.0,234.5446,0.0,0.0,60,0.75,2.0,1.0
030_C205,30,C,6,7,OPTIMAL,188.7589,6,6,6,0,0,1.0,188.7589,0.0,0.0,60,0.75,2.0,1.0
030_C205,30,C,6,8,OPTIMAL,235.2079,6,5,4,1,1,0.8333,227.9651,0.0,7.2428,60,0.75,2.0,1.0
030_C205,30,C,6,9,OPTIMAL,280.0611,6,6,5,1,0,1.0,280.0611,0.0,0.0,60,0.75,2.0,1.0
030_C206,30,C,2,0,OPTIMAL,41.9423,2,2,2,0,0,1.0,41.9423,0.0,0.0,60,0.75,2.0,1.0
030_C206,30,C,2,1,OPTIMAL,29.5978,2,1,1,0,1,0.5,26.8684,0.0,2.7294,60,0.75,2.0,1.0
030_C206,30,C,2,2,OPTIMAL,50.0589,2,2,2,0,0,1.0,50.0589,0.0,0.0,60,0.75,2.0,1.0
030_C206,30,C,2,3,OPTIMAL,92.3831,2,2,2,0,0,1.0,92.3831,0.0,0.0,60,0.75,2.0,1.0
030_C206,30,C,2,4,OPTIMAL,96.1303,2,2,2,0,0,1.0,96.1303,0.0,0.0,60,0.75,2.0,1.0
030_C206,30,C,2,5,OPTIMAL,72.8625,2,2,2,0,0,1.0,72.8625,0.0,0.0,60,0.75,2.0,1.0
030_C206,30,C,2,6,OPTIMAL,88.3232,2,2,2,0,0,1.0,88.3232,0.0,0.0,60,0.75,2.0,1.0
030_C206,30,C,2,7,OPTIMAL,84.2161,2,2,2,0,0,1.0,84.2161,0.0,0.0,60,0.75,2.0,1.0
030_C206,30,C,2,8,OPTIMAL,56.3505,2,1,1,0,1,0.5,34.8307,0.0,21.5198,60,0.75,2.0,1.0
030_C206,30,C,2,9,OPTIMAL,52.6077,2,2,1,1,0,1.0,52.6077,0.0,0.0,60,0.75,2.0,1.0
030_C206,30,C,4,0,OPTIMAL,159.0464,4,4,4,0,0,1.0,159.0464,0.0,0.0,60,0.75,2.0,1.0
030_C206,30,C,4,1,OPTIMAL,162.6367,4,4,4,0,0,1.0,162.6367,0.0,0.0,60,0.75,2.0,1.0
030_C206,30,C,4,2,OPTIMAL,136.4661,4,4,3,1,0,1.0,136.4661,0.0,0.0,60,0.75,2.0,1.0
030_C206,30,C,4,3,OPTIMAL,110.9607,4,4,4,0,0,1.0,110.9607,0.0,0.0,60,0.75,2.0,1.0
030_C206,30,C,4,4,OPTIMAL,140.315,4,4,4,0,0,1.0,140.315,0.0,0.0,60,0.75,2.0,1.0
030_C206,30,C,4,5,OPTIMAL,163.6285,4,3,3,0,1,0.75,163.626,0.0,0.0025,60,0.75,2.0,1.0
030_C206,30,C,4,6,OPTIMAL,163.4241,4,4,4,0,0,1.0,163.4241,0.0,0.0,60,0.75,2.0,1.0
030_C206,30,C,4,7,OPTIMAL,181.6452,4,4,4,0,0,1.0,181.6452,0.0,0.0,60,0.75,2.0,1.0
030_C206,30,C,4,8,OPTIMAL,112.7116,4,3,3,0,1,0.75,74.0138,0.0,38.6977,60,0.75,2.0,1.0
030_C206,30,C,4,9,OPTIMAL,136.5933,4,4,4,0,0,1.0,136.5933,0.0,0.0,60,0.75,2.0,1.0
030_C206,30,C,6,0,OPTIMAL,176.6136,6,5,5,0,1,0.8333,167.0378,0.0,9.5758,60,0.75,2.0,1.0
030_C206,30,C,6,1,OPTIMAL,202.2714,6,5,5,0,1,0.8333,202.1945,0.0,0.077,60,0.75,2.0,1.0
030_C206,30,C,6,2,OPTIMAL,246.7945,6,6,6,0,0,1.0,246.7945,0.0,0.0,60,0.75,2.0,1.0
030_C206,30,C,6,3,OPTIMAL,213.3707,6,6,6,0,0,1.0,213.3707,0.0,0.0,60,0.75,2.0,1.0
030_C206,30,C,6,4,OPTIMAL,224.6961,6,6,6,0,0,1.0,224.6961,0.0,0.0,60,0.75,2.0,1.0
030_C206,30,C,6,5,OPTIMAL,189.1418,6,5,5,0,1,0.8333,186.7091,0.0,2.4327,60,0.75,2.0,1.0
030_C206,30,C,6,6,OPTIMAL,234.5446,6,6,5,1,0,1.0,234.5446,0.0,0.0,60,0.75,2.0,1.0
030_C206,30,C,6,7,OPTIMAL,188.7589,6,6,6,0,0,1.0,188.7589,0.0,0.0,60,0.75,2.0,1.0
030_C206,30,C,6,8,OPTIMAL,263.5052,6,6,6,0,0,1.0,263.5052,0.0,0.0,60,0.75,2.0,1.0
030_C206,30,C,6,9,OPTIMAL,280.0611,6,6,6,0,0,1.0,280.0611,0.0,0.0,60,0.75,2.0,1.0
030_C207,30,C,2,0,OPTIMAL,41.9423,2,2,2,0,0,1.0,41.9423,0.0,0.0,60,0.75,2.0,1.0
030_C207,30,C,2,1,OPTIMAL,43.8931,2,2,2,0,0,1.0,43.8931,0.0,0.0,60,0.75,2.0,1.0
030_C207,30,C,2,2,OPTIMAL,50.0589,2,2,2,0,0,1.0,50.0589,0.0,0.0,60,0.75,2.0,1.0
030_C207,30,C,2,3,OPTIMAL,92.3831,2,2,2,0,0,1.0,92.3831,0.0,0.0,60,0.75,2.0,1.0
030_C207,30,C,2,4,OPTIMAL,68.6956,2,1,1,0,1,0.5,61.3431,0.0,7.3526,60,0.75,2.0,1.0
030_C207,30,C,2,5,OPTIMAL,72.8625,2,2,2,0,0,1.0,72.8625,0.0,0.0,60,0.75,2.0,1.0
030_C207,30,C,2,6,OPTIMAL,88.3232,2,2,2,0,0,1.0,88.3232,0.0,0.0,60,0.75,2.0,1.0
030_C207,30,C,2,7,OPTIMAL,84.2161,2,2,2,0,0,1.0,84.2161,0.0,0.0,60,0.75,2.0,1.0
030_C207,30,C,2,8,OPTIMAL,64.9278,2,2,2,0,0,1.0,64.9278,0.0,0.0,60,0.75,2.0,1.0
030_C207,30,C,2,9,OPTIMAL,52.6077,2,2,2,0,0,1.0,52.6077,0.0,0.0,60,0.75,2.0,1.0
030_C207,30,C,4,0,OPTIMAL,133.8517,4,3,3,0,1,0.75,130.9114,0.0,2.9402,60,0.75,2.0,1.0
030_C207,30,C,4,1,OPTIMAL,115.9018,4,3,3,0,1,0.75,110.8512,0.0,5.0506,60,0.75,2.0,1.0
030_C207,30,C,4,2,OPTIMAL,136.4661,4,4,4,0,0,1.0,136.4661,0.0,0.0,60,0.75,2.0,1.0
030_C207,30,C,4,3,OPTIMAL,110.9607,4,4,4,0,0,1.0,110.9607,0.0,0.0,60,0.75,2.0,1.0
030_C207,30,C,4,4,OPTIMAL,117.8222,4,3,3,0,1,0.75,103.8527,0.0,13.9695,60,0.75,2.0,1.0
030_C207,30,C,4,5,OPTIMAL,205.7293,4,4,4,0,0,1.0,205.7293,0.0,0.0,60,0.75,2.0,1.0
030_C207,30,C,4,6,OPTIMAL,163.4241,4,4,4,0,0,1.0,163.4241,0.0,0.0,60,0.75,2.0,1.0
030_C207,30,C,4,7,OPTIMAL,181.6452,4,4,4,0,0,1.0,181.6452,0.0,0.0,60,0.75,2.0,1.0
030_C207,30,C,4,8,OPTIMAL,120.2515,4,4,2,2,0,1.0,120.2515,0.0,0.0,60,0.75,2.0,1.0
030_C207,30,C,4,9,OPTIMAL,91.8706,4,3,3,0,1,0.75,90.8215,0.0,1.0491,60,0.75,2.0,1.0
030_C207,30,C,6,0,OPTIMAL,184.5649,6,5,5,0,1,0.8333,180.1046,0.0,4.4603,60,0.75,2.0,1.0
030_C207,30,C,6,1,OPTIMAL,204.4142,6,5,5,0,1,0.8333,202.1945,0.0,2.2198,60,0.75,2.0,1.0
030_C207,30,C,6,2,OPTIMAL,246.7945,6,6,6,0,0,1.0,246.7945,0.0,0.0,60,0.75,2.0,1.0
030_C207,30,C,6,3,OPTIMAL,213.3707,6,6,5,1,0,1.0,213.3707,0.0,0.0,60,0.75,2.0,1.0
030_C207,30,C,6,4,OPTIMAL,224.6961,6,6,6,0,0,1.0,224.6961,0.0,0.0,60,0.75,2.0,1.0
030_C207,30,C,6,5,OPTIMAL,207.1977,6,6,5,1,0,1.0,207.1977,0.0,0.0,60,0.75,2.0,1.0
030_C207,30,C,6,6,OPTIMAL,234.5446,6,6,6,0,0,1.0,234.5446,0.0,0.0,60,0.75,2.0,1.0
030_C207,30,C,6,7,OPTIMAL,188.7589,6,6,6,0,0,1.0,188.7589,0.0,0.0,60,0.75,2.0,1.0
030_C207,30,C,6,8,OPTIMAL,245.1652,6,5,5,0,1,0.8333,243.1231,0.0,2.0421,60,0.75,2.0,1.0
030_C207,30,C,6,9,OPTIMAL,280.0611,6,6,6,0,0,1.0,280.0611,0.0,0.0,60,0.75,2.0,1.0
030_C208,30,C,2,0,OPTIMAL,40.1677,2,1,1,0,1,0.5,28.0872,0.0,12.0804,60,0.75,2.0,1.0
030_C208,30,C,2,1,OPTIMAL,43.8931,2,2,2,0,0,1.0,43.8931,0.0,0.0,60,0.75,2.0,1.0
030_C208,30,C,2,2,OPTIMAL,50.0589,2,2,2,0,0,1.0,50.0589,0.0,0.0,60,0.75,2.0,1.0
030_C208,30,C,2,3,OPTIMAL,92.3831,2,2,2,0,0,1.0,92.3831,0.0,0.0,60,0.75,2.0,1.0
030_C208,30,C,2,4,OPTIMAL,96.1303,2,2,2,0,0,1.0,96.1303,0.0,0.0,60,0.75,2.0,1.0
030_C208,30,C,2,5,OPTIMAL,72.8625,2,2,2,0,0,1.0,72.8625,0.0,0.0,60,0.75,2.0,1.0
030_C208,30,C,2,6,OPTIMAL,88.3232,2,2,2,0,0,1.0,88.3232,0.0,0.0,60,0.75,2.0,1.0
030_C208,30,C,2,7,OPTIMAL,84.2161,2,2,2,0,0,1.0,84.2161,0.0,0.0,60,0.75,2.0,1.0
030_C208,30,C,2,8,OPTIMAL,33.9102,2,1,1,0,1,0.5,30.0971,0.0,3.8132,60,0.75,2.0,1.0
030_C208,30,C,2,9,OPTIMAL,52.6077,2,2,2,0,0,1.0,52.6077,0.0,0.0,60,0.75,2.0,1.0
030_C208,30,C,4,0,OPTIMAL,159.0464,4,4,4,0,0,1.0,159.0464,0.0,0.0,60,0.75,2.0,1.0
030_C208,30,C,4,1,OPTIMAL,162.6367,4,4,3,1,0,1.0,162.6367,0.0,0.0,60,0.75,2.0,1.0
030_C208,30,C,4,2,OPTIMAL,136.4661,4,4,4,0,0,1.0,136.4661,0.0,0.0,60,0.75,2.0,1.0
030_C208,30,C,4,3,OPTIMAL,110.9607,4,4,4,0,0,1.0,110.9607,0.0,0.0,60,0.75,2.0,1.0
030_C208,30,C,4,4,OPTIMAL,89.1075,4,3,3,0,1,0.75,83.0719,0.0,6.0356,60,0.75,2.0,1.0
030_C208,30,C,4,5,OPTIMAL,205.7293,4,4,4,0,0,1.0,205.7293,0.0,0.0,60,0.75,2.0,1.0
030_C208,30,C,4,6,OPTIMAL,163.4241,4,4,4,0,0,1.0,163.4241,0.0,0.0,60,0.75,2.0,1.0
030_C208,30,C,4,7,OPTIMAL,181.6452,4,4,4,0,0,1.0,181.6452,0.0,0.0,60,0.75,2.0,1.0
030_C208,30,C,4,8,OPTIMAL,120.2515,4,4,3,1,0,1.0,120.2515,0.0,0.0,60,0.75,2.0,1.0
030_C208,30,C,4,9,OPTIMAL,136.5933,4,4,3,1,0,1.0,136.5933,0.0,0.0,60,0.75,2.0,1.0
030_C208,30,C,6,0,OPTIMAL,183.0173,6,5,5,0,1,0.8333,167.0378,0.0,15.9795,60,0.75,2.0,1.0
030_C208,30,C,6,1,OPTIMAL,157.2441,6,4,4,0,2,0.6667,156.2719,0.0,0.9722,60,0.75,2.0,1.0
030_C208,30,C,6,2,OPTIMAL,246.7945,6,6,6,0,0,1.0,246.7945,0.0,0.0,60,0.75,2.0,1.0
030_C208,30,C,6,3,OPTIMAL,172.4694,6,5,5,0,1,0.8333,172.4061,0.0,0.0633,60,0.75,2.0,1.0
030_C208,30,C,6,4,OPTIMAL,224.6961,6,6,6,0,0,1.0,224.6961,0.0,0.0,60,0.75,2.0,1.0
030_C208,30,C,6,5,OPTIMAL,207.1977,6,6,6,0,0,1.0,207.1977,0.0,0.0,60,0.75,2.0,1.0
030_C208,30,C,6,6,OPTIMAL,234.5446,6,6,6,0,0,1.0,234.5446,0.0,0.0,60,0.75,2.0,1.0
030_C208,30,C,6,7,OPTIMAL,162.1557,6,4,4,0,2,0.6667,140.9945,0.0,21.1611,60,0.75,2.0,1.0
030_C208,30,C,6,8,OPTIMAL,250.0679,6,5,5,0,1,0.8333,224.9785,0.0,25.0894,60,0.75,2.0,1.0
030_C208,30,C,6,9,OPTIMAL,280.0611,6,6,6,0,0,1.0,280.0611,0.0,0.0,60,0.75,2.0,1.0
030_R101,30,R,2,0,OPTIMAL,76.046,2,2,1,1,0,1.0,76.046,0.0,0.0,60,0.75,2.0,1.0
030_R101,30,R,2,1,OPTIMAL,0.3144,2,0,0,0,2,0.0,0.0,0.0,0.3144,60,0.75,2.0,1.0
030_R101,30,R,2,2,OPTIMAL,90.0553,2,2,2,0,0,1.0,90.0553,0.0,0.0,60,0.75,2.0,1.0
030_R101,30,R,2,3,OPTIMAL,92.9916,2,2,2,0,0,1.0,92.9916,0.0,0.0,60,0.75,2.0,1.0
030_R101,30,R,2,4,OPTIMAL,97.8549,2,2,2,0,0,1.0,97.8549,0.0,0.0,60,0.75,2.0,1.0
030_R101,30,R,2,5,OPTIMAL,120.8423,2,2,2,0,0,1.0,120.8423,0.0,0.0,60,0.75,2.0,1.0
030_R101,30,R,2,6,OPTIMAL,72.5242,2,2,2,0,0,1.0,72.5242,0.0,0.0,60,0.75,2.0,1.0
030_R101,30,R,2,7,OPTIMAL,76.9011,2,2,1,1,0,1.0,76.9011,0.0,0.0,60,0.75,2.0,1.0
030_R101,30,R,2,8,OPTIMAL,52.2793,2,1,1,0,1,0.5,38.2886,5.0985,8.8922,60,0.75,2.0,1.0
030_R101,30,R,2,9,OPTIMAL,107.9108,2,2,2,0,0,1.0,107.9108,0.0,0.0,60,0.75,2.0,1.0
030_R101,30,R,4,0,OPTIMAL,194.6275,4,4,4,0,0,1.0,194.6275,0.0,0.0,60,0.75,2.0,1.0
030_R101,30,R,4,1,OPTIMAL,163.7907,4,3,3,0,1,0.75,163.5187,0.0,0.272,60,0.75,2.0,1.0
030_R101,30,R,4,2,OPTIMAL,164.8804,4,4,3,1,0,1.0,164.8804,0.0,0.0,60,0.75,2.0,1.0
030_R101,30,R,4,3,OPTIMAL,148.8552,4,4,3,1,0,1.0,148.8552,0.0,0.0,60,0.75,2.0,1.0
030_R101,30,R,4,4,OPTIMAL,200.5528,4,4,4,0,0,1.0,200.5528,0.0,0.0,60,0.75,2.0,1.0
030_R101,30,R,4,5,OPTIMAL,184.1037,4,4,4,0,0,1.0,184.1037,0.0,0.0,60,0.75,2.0,1.0
030_R101,30,R,4,6,OPTIMAL,219.5577,4,4,4,0,0,1.0,219.5577,0.0,0.0,60,0.75,2.0,1.0
030_R101,30,R,4,7,OPTIMAL,180.336,4,4,4,0,0,1.0,180.336,0.0,0.0,60,0.75,2.0,1.0
030_R101,30,R,4,8,OPTIMAL,168.6004,4,4,4,0,0,1.0,168.6004,0.0,0.0,60,0.75,2.0,1.0
030_R101,30,R,4,9,OPTIMAL,156.7029,4,3,3,0,1,0.75,142.8308,5.0511,8.821,60,0.75,2.0,1.0
030_R101,30,R,6,0,OPTIMAL,267.7774,6,6,6,0,0,1.0,267.7774,0.0,0.0,60,0.75,2.0,1.0
030_R101,30,R,6,1,OPTIMAL,226.9582,6,6,6,0,0,1.0,226.9582,0.0,0.0,60,0.75,2.0,1.0
030_R101,30,R,6,2,OPTIMAL,223.8159,6,6,5,1,0,1.0,223.8159,0.0,0.0,60,0.75,2.0,1.0
030_R101,30,R,6,3,OPTIMAL,353.5547,6,6,6,0,0,1.0,353.5547,0.0,0.0,60,0.75,2.0,1.0
030_R101,30,R,6,4,OPTIMAL,198.3215,6,6,5,1,0,1.0,198.3215,0.0,0.0,60,0.75,2.0,1.0
030_R101,30,R,6,5,OPTIMAL,270.8342,6,6,6,0,0,1.0,270.8342,0.0,0.0,60,0.75,2.0,1.0
030_R101,30,R,6,6,OPTIMAL,303.7745,6,6,6,0,0,1.0,303.7745,0.0,0.0,60,0.75,2.0,1.0
030_R101,30,R,6,7,OPTIMAL,263.6129,6,6,6,0,0,1.0,263.6129,0.0,0.0,60,0.75,2.0,1.0
030_R101,30,R,6,8,OPTIMAL,263.3978,6,6,6,0,0,1.0,263.3978,0.0,0.0,60,0.75,2.0,1.0
030_R101,30,R,6,9,OPTIMAL,279.3936,6,5,5,0,1,0.8333,278.616,0.0,0.7777,60,0.75,2.0,1.0
030_R102,30,R,2,0,OPTIMAL,61.5019,2,1,1,0,1,0.5,61.3886,0.0,0.1133,60,0.75,2.0,1.0
030_R102,30,R,2,1,OPTIMAL,0.2519,2,0,0,0,2,0.0,0.0,0.0,0.2519,60,0.75,2.0,1.0
030_R102,30,R,2,2,OPTIMAL,90.0553,2,2,2,0,0,1.0,90.0553,0.0,0.0,60,0.75,2.0,1.0
030_R102,30,R,2,3,OPTIMAL,68.87,2,1,1,0,1,0.5,68.8241,0.0,0.0458,60,0.75,2.0,1.0
030_R102,30,R,2,4,OPTIMAL,97.8549,2,2,2,0,0,1.0,97.8549,0.0,0.0,60,0.75,2.0,1.0
030_R102,30,R,2,5,OPTIMAL,120.8423,2,2,2,0,0,1.0,120.8423,0.0,0.0,60,0.75,2.0,1.0
030_R102,30,R,2,6,OPTIMAL,46.6335,2,1,1,0,1,0.5,45.1405,0.0,1.493,60,0.75,2.0,1.0
030_R102,30,R,2,7,OPTIMAL,65.5268,2,1,1,0,1,0.5,64.2162,0.0,1.3106,60,0.75,2.0,1.0
030_R102,30,R,2,8,OPTIMAL,38.9633,2,1,1,0,1,0.5,38.2886,0.0,0.6746,60,0.75,2.0,1.0
030_R102,30,R,2,9,OPTIMAL,107.9108,2,2,2,0,0,1.0,107.9108,0.0,0.0,60,0.75,2.0,1.0
030_R102,30,R,4,0,OPTIMAL,194.6275,4,4,3,1,0,1.0,194.6275,0.0,0.0,60,0.75,2.0,1.0
030_R102,30,R,4,1,OPTIMAL,163.7907,4,3,2,1,1,0.75,163.5187,0.0,0.272,60,0.75,2.0,1.0
030_R102,30,R,4,2,OPTIMAL,159.7972,4,3,2,1,1,0.75,150.9363,0.0,8.8609,60,0.75,2.0,1.0
030_R102,30,R,4,3,OPTIMAL,112.3247,4,2,2,0,2,0.5,110.6234,0.0,1.7013,60,0.75,2.0,1.0
030_R102,30,R,4,4,OPTIMAL,200.5528,4,4,3,1,0,1.0,200.5528,0.0,0.0,60,0.75,2.0,1.0
030_R102,30,R,4,5,OPTIMAL,184.1037,4,4,3,1,0,1.0,184.1037,0.0,0.0,60,0.75,2.0,1.0
030_R102,30,R,4,6,OPTIMAL,219.5577,4,4,4,0,0,1.0,219.5577,0.0,0.0,60,0.75,2.0,1.0
030_R102,30,R,4,7,OPTIMAL,147.9324,4,3,3,0,1,0.75,147.6629,0.0,0.2695,60,0.75,2.0,1.0
030_R102,30,R,4,8,OPTIMAL,115.1296,4,2,2,0,2,0.5,114.4782,0.0,0.6514,60,0.75,2.0,1.0
030_R102,30,R,4,9,OPTIMAL,149.6606,4,3,3,0,1,0.75,142.8308,0.0,6.8298,60,0.75,2.0,1.0
030_R102,30,R,6,0,OPTIMAL,216.3714,6,4,3,1,2,0.6667,209.3251,0.0,7.0463,60,0.75,2.0,1.0
030_R102,30,R,6,1,OPTIMAL,164.05,6,3,3,0,3,0.5,156.1636,0.0,7.8864,60,0.75,2.0,1.0
030_R102,30,R,6,2,OPTIMAL,186.8127,6,4,2,2,2,0.6667,186.3736,0.0,0.4391,60,0.75,2.0,1.0
030_R102,30,R,6,3,OPTIMAL,353.5547,6,6,6,0,0,1.0,353.5547,0.0,0.0,60,0.75,2.0,1.0
030_R102,30,R,6,4,OPTIMAL,146.641,6,3,3,0,3,0.5,143.2954,0.0,3.3456,60,0.75,2.0,1.0
030_R102,30,R,6,5,OPTIMAL,221.87,6,4,3,1,2,0.6667,221.6318,0.0,0.2382,60,0.75,2.0,1.0
030_R102,30,R,6,6,OPTIMAL,273.065,6,5,5,0,1,0.8333,270.3524,0.0,2.7126,60,0.75,2.0,1.0
030_R102,30,R,6,7,OPTIMAL,237.3135,6,5,3,2,1,0.8333,237.2938,0.0,0.0197,60,0.75,2.0,1.0
030_R102,30,R,6,8,OPTIMAL,166.5239,6,3,3,0,3,0.5,163.6955,0.0,2.8283,60,0.75,2.0,1.0
030_R102,30,R,6,9,OPTIMAL,279.1501,6,5,5,0,1,0.8333,278.616,0.0,0.5341,60,0.75,2.0,1.0
030_R103,30,R,2,0,OPTIMAL,64.2308,2,1,1,0,1,0.5,61.3886,0.0,2.8422,60,0.75,2.0,1.0
030_R103,30,R,2,1,OPTIMAL,29.6528,2,1,0,1,1,0.5,29.5276,0.0,0.1252,60,0.75,2.0,1.0
030_R103,30,R,2,2,OPTIMAL,90.0553,2,2,2,0,0,1.0,90.0553,0.0,0.0,60,0.75,2.0,1.0
030_R103,30,R,2,3,OPTIMAL,68.87,2,1,1,0,1,0.5,68.8241,0.0,0.0458,60,0.75,2.0,1.0
030_R103,30,R,2,4,OPTIMAL,97.8549,2,2,2,0,0,1.0,97.8549,0.0,0.0,60,0.75,2.0,1.0
030_R103,30,R,2,5,OPTIMAL,120.8423,2,2,2,0,0,1.0,120.8423,0.0,0.0,60,0.75,2.0,1.0
030_R103,30,R,2,6,OPTIMAL,47.4623,2,1,1,0,1,0.5,45.1405,0.0,2.3217,60,0.75,2.0,1.0
030_R103,30,R,2,7,OPTIMAL,65.4263,2,1,1,0,1,0.5,64.2162,0.0,1.2101,60,0.75,2.0,1.0
030_R103,30,R,2,8,OPTIMAL,43.6207,2,1,0,1,1,0.5,38.2886,0.0,5.3321,60,0.75,2.0,1.0
030_R103,30,R,2,9,OPTIMAL,107.9108,2,2,1,1,0,1.0,107.9108,0.0,0.0,60,0.75,2.0,1.0
030_R103,30,R,4,0,OPTIMAL,194.6275,4,4,3,1,0,1.0,194.6275,0.0,0.0,60,0.75,2.0,1.0
030_R103,30,R,4,1,OPTIMAL,193.0248,4,4,2,2,0,1.0,193.0248,0.0,0.0,60,0.75,2.0,1.0
030_R103,30,R,4,2,OPTIMAL,155.4885,4,3,3,0,1,0.75,150.9363,0.0,4.5522,60,0.75,2.0,1.0
030_R103,30,R,4,3,OPTIMAL,113.4225,4,2,2,0,2,0.5,110.6234,0.0,2.7992,60,0.75,2.0,1.0
030_R103,30,R,4,4,OPTIMAL,200.5528,4,4,3,1,0,1.0,200.5528,0.0,0.0,60,0.75,2.0,1.0
030_R103,30,R,4,5,OPTIMAL,184.1037,4,4,3,1,0,1.0,184.1037,0.0,0.0,60,0.75,2.0,1.0
030_R103,30,R,4,6,OPTIMAL,219.5577,4,4,4,0,0,1.0,219.5577,0.0,0.0,60,0.75,2.0,1.0
030_R103,30,R,4,7,OPTIMAL,150.4077,4,3,2,1,1,0.75,147.6629,0.0,2.7448,60,0.75,2.0,1.0
030_R103,30,R,4,8,OPTIMAL,114.9581,4,2,2,0,2,0.5,114.4782,0.0,0.4799,60,0.75,2.0,1.0
030_R103,30,R,4,9,OPTIMAL,174.4021,4,4,2,2,0,1.0,174.4021,0.0,0.0,60,0.75,2.0,1.0
030_R103,30,R,6,0,OPTIMAL,213.9425,6,4,3,1,2,0.6667,209.3251,0.0,4.6174,60,0.75,2.0,1.0
030_R103,30,R,6,1,OPTIMAL,162.8989,6,3,3,0,3,0.5,156.1636,0.0,6.7353,60,0.75,2.0,1.0
030_R103,30,R,6,2,OPTIMAL,188.9541,6,4,3,1,2,0.6667,186.3736,0.0,2.5806,60,0.75,2.0,1.0
030_R103,30,R,6,3,OPTIMAL,353.5547,6,6,6,0,0,1.0,353.5547,0.0,0.0,60,0.75,2.0,1.0
030_R103,30,R,6,4,OPTIMAL,145.6448,6,3,3,0,3,0.5,143.2954,0.0,2.3494,60,0.75,2.0,1.0
030_R103,30,R,6,5,OPTIMAL,223.8532,6,4,3,1,2,0.6667,221.6318,0.0,2.2214,60,0.75,2.0,1.0
030_R103,30,R,6,6,OPTIMAL,281.9215,6,5,5,0,1,0.8333,270.3524,0.0,11.5691,60,0.75,2.0,1.0
030_R103,30,R,6,7,OPTIMAL,237.3135,6,5,2,3,1,0.8333,237.2938,0.0,0.0197,60,0.75,2.0,1.0
030_R103,30,R,6,8,OPTIMAL,206.9365,6,4,2,2,2,0.6667,206.3051,0.0,0.6315,60,0.75,2.0,1.0
030_R103,30,R,6,9,OPTIMAL,279.1344,6,5,5,0,1,0.8333,278.616,0.0,0.5184,60,0.75,2.0,1.0
030_R105,30,R,2,0,OPTIMAL,61.6152,2,1,1,0,1,0.5,61.3886,0.0,0.2265,60,0.75,2.0,1.0
030_R105,30,R,2,1,OPTIMAL,0.1259,2,0,0,0,2,0.0,0.0,0.0,0.1259,60,0.75,2.0,1.0
030_R105,30,R,2,2,OPTIMAL,90.0553,2,2,2,0,0,1.0,90.0553,0.0,0.0,60,0.75,2.0,1.0
030_R105,30,R,2,3,OPTIMAL,68.9158,2,1,1,0,1,0.5,68.8241,0.0,0.0917,60,0.75,2.0,1.0
030_R105,30,R,2,4,OPTIMAL,97.8549,2,2,2,0,0,1.0,97.8549,0.0,0.0,60,0.75,2.0,1.0
030_R105,30,R,2,5,OPTIMAL,120.8423,2,2,2,0,0,1.0,120.8423,0.0,0.0,60,0.75,2.0,1.0
030_R105,30,R,2,6,OPTIMAL,56.4143,2,1,1,0,1,0.5,45.1405,0.0,11.2737,60,0.75,2.0,1.0
030_R105,30,R,2,7,OPTIMAL,66.6363,2,1,1,0,1,0.5,64.2162,0.0,2.4202,60,0.75,2.0,1.0
030_R105,30,R,2,8,OPTIMAL,39.6379,2,1,1,0,1,0.5,38.2886,0.0,1.3493,60,0.75,2.0,1.0
030_R105,30,R,2,9,OPTIMAL,107.9108,2,2,2,0,0,1.0,107.9108,0.0,0.0,60,0.75,2.0,1.0
030_R105,30,R,4,0,OPTIMAL,194.6275,4,4,4,0,0,1.0,194.6275,0.0,0.0,60,0.75,2.0,1.0
030_R105,30,R,4,1,OPTIMAL,163.6547,4,3,3,0,1,0.75,163.5187,0.0,0.136,60,0.75,2.0,1.0
030_R105,30,R,4,2,OPTIMAL,164.8804,4,4,3,1,0,1.0,164.8804,0.0,0.0,60,0.75,2.0,1.0
030_R105,30,R,4,3,OPTIMAL,130.8439,4,2,2,0,2,0.5,110.6234,0.0,20.2206,60,0.75,2.0,1.0
030_R105,30,R,4,4,OPTIMAL,200.5528,4,4,4,0,0,1.0,200.5528,0.0,0.0,60,0.75,2.0,1.0
030_R105,30,R,4,5,OPTIMAL,184.1037,4,4,4,0,0,1.0,184.1037,0.0,0.0,60,0.75,2.0,1.0
030_R105,30,R,4,6,OPTIMAL,219.5577,4,4,4,0,0,1.0,219.5577,0.0,0.0,60,0.75,2.0,1.0
030_R105,30,R,4,7,OPTIMAL,180.336,4,4,4,0,0,1.0,180.336,0.0,0.0,60,0.75,2.0,1.0
030_R105,30,R,4,8,OPTIMAL,143.9719,4,3,3,0,1,0.75,143.7388,0.0,0.2331,60,0.75,2.0,1.0
030_R105,30,R,4,9,OPTIMAL,144.3016,4,3,3,0,1,0.75,142.8308,0.0,1.4708,60,0.75,2.0,1.0
030_R105,30,R,6,0,OPTIMAL,267.7774,6,6,6,0,0,1.0,267.7774,0.0,0.0,60,0.75,2.0,1.0
030_R105,30,R,6,1,OPTIMAL,185.8706,6,4,3,1,2,0.6667,181.7059,0.0,4.1647,60,0.75,2.0,1.0
030_R105,30,R,6,2,OPTIMAL,208.8483,6,5,4,1,1,0.8333,208.8192,0.0,0.0291,60,0.75,2.0,1.0
030_R105,30,R,6,3,OPTIMAL,353.5547,6,6,6,0,0,1.0,353.5547,0.0,0.0,60,0.75,2.0,1.0
030_R105,30,R,6,4,OPTIMAL,115.1495,6,2,2,0,4,0.3333,99.937,0.0,15.2125,60,0.75,2.0,1.0
030_R105,30,R,6,5,OPTIMAL,252.6591,6,5,5,0,1,0.8333,252.268,0.0,0.3911,60,0.75,2.0,1.0
030_R105,30,R,6,6,OPTIMAL,303.7745,6,6,6,0,0,1.0,303.7745,0.0,0.0,60,0.75,2.0,1.0
030_R105,30,R,6,7,OPTIMAL,237.3332,6,5,5,0,1,0.8333,237.2938,0.0,0.0395,60,0.75,2.0,1.0
030_R105,30,R,6,8,OPTIMAL,237.7393,6,5,5,0,1,0.8333,237.1371,0.0,0.6022,60,0.75,2.0,1.0
030_R105,30,R,6,9,OPTIMAL,278.9541,6,5,5,0,1,0.8333,278.616,0.0,0.3381,60,0.75,2.0,1.0
030_R106,30,R,2,0,OPTIMAL,61.5019,2,1,1,0,1,0.5,61.3886,0.0,0.1133,60,0.75,2.0,1.0
030_R106,30,R,2,1,OPTIMAL,0.2511,2,0,0,0,2,0.0,0.0,0.0,0.2511,60,0.75,2.0,1.0
030_R106,30,R,2,2,OPTIMAL,90.0553,2,2,2,0,0,1.0,90.0553,0.0,0.0,60,0.75,2.0,1.0
030_R106,30,R,2,3,OPTIMAL,68.9158,2,1,1,0,1,0.5,68.8241,0.0,0.0917,60,0.75,2.0,1.0
030_R106,30,R,2,4,OPTIMAL,97.8549,2,2,2,0,0,1.0,97.8549,0.0,0.0,60,0.75,2.0,1.0
030_R106,30,R,2,5,OPTIMAL,120.8423,2,2,2,0,0,1.0,120.8423,0.0,0.0,60,0.75,2.0,1.0
030_R106,30,R,2,6,OPTIMAL,48.1265,2,1,1,0,1,0.5,45.1405,0.0,2.9859,60,0.75,2.0,1.0
030_R106,30,R,2,7,OPTIMAL,66.6363,2,1,1,0,1,0.5,64.2162,0.0,2.4202,60,0.75,2.0,1.0
030_R106,30,R,2,8,OPTIMAL,38.9633,2,1,1,0,1,0.5,38.2886,0.0,0.6746,60,0.75,2.0,1.0
030_R106,30,R,2,9,OPTIMAL,107.9108,2,2,2,0,0,1.0,107.9108,0.0,0.0,60,0.75,2.0,1.0
030_R106,30,R,4,0,OPTIMAL,159.1225,4,3,3,0,1,0.75,154.4807,0.0,4.6418,60,0.75,2.0,1.0
030_R106,30,R,4,1,OPTIMAL,163.6547,4,3,2,1,1,0.75,163.5187,0.0,0.136,60,0.75,2.0,1.0
030_R106,30,R,4,2,OPTIMAL,128.8124,4,2,2,0,2,0.5,106.9119,0.0,21.9004,60,0.75,2.0,1.0
030_R106,30,R,4,3,OPTIMAL,113.9374,4,2,2,0,2,0.5,110.6234,0.0,3.314,60,0.75,2.0,1.0
030_R106,30,R,4,4,OPTIMAL,199.8761,4,3,3,0,1,0.75,164.6821,0.0,35.1941,60,0.75,2.0,1.0
030_R106,30,R,4,5,OPTIMAL,184.1037,4,4,3,1,0,1.0,184.1037,0.0,0.0,60,0.75,2.0,1.0
030_R106,30,R,4,6,OPTIMAL,219.5577,4,4,4,0,0,1.0,219.5577,0.0,0.0,60,0.75,2.0,1.0
030_R106,30,R,4,7,OPTIMAL,148.2019,4,3,3,0,1,0.75,147.6629,0.0,0.539,60,0.75,2.0,1.0
030_R106,30,R,4,8,OPTIMAL,115.3148,4,2,2,0,2,0.5,114.4782,0.0,0.8366,60,0.75,2.0,1.0
030_R106,30,R,4,9,OPTIMAL,144.3016,4,3,3,0,1,0.75,142.8308,0.0,1.4708,60,0.75,2.0,1.0
030_R106,30,R,6,0,OPTIMAL,216.6506,6,4,3,1,2,0.6667,209.3251,0.0,7.3255,60,0.75,2.0,1.0
030_R106,30,R,6,1,OPTIMAL,162.6374,6,3,3,0,3,0.5,156.1636,0.0,6.4738,60,0.75,2.0,1.0
030_R106,30,R,6,2,OPTIMAL,186.425,6,4,3,1,2,0.6667,186.3736,0.0,0.0515,60,0.75,2.0,1.0
030_R106,30,R,6,3,OPTIMAL,353.5547,6,6,6,0,0,1.0,353.5547,0.0,0.0,60,0.75,2.0,1.0
030_R106,30,R,6,4,OPTIMAL,103.9825,6,2,2,0,4,0.3333,99.937,0.0,4.0455,60,0.75,2.0,1.0
030_R106,30,R,6,5,OPTIMAL,221.9126,6,4,3,1,2,0.6667,221.6318,0.0,0.2809,60,0.75,2.0,1.0
030_R106,30,R,6,6,OPTIMAL,275.7776,6,5,5,0,1,0.8333,270.3524,0.0,5.4251,60,0.75,2.0,1.0
030_R106,30,R,6,7,OPTIMAL,237.3332,6,5,3,2,1,0.8333,237.2938,0.0,0.0395,60,0.75,2.0,1.0
030_R106,30,R,6,8,OPTIMAL,167.6804,6,3,3,0,3,0.5,163.6955,0.0,3.9848,60,0.75,2.0,1.0
030_R106,30,R,6,9,OPTIMAL,279.3936,6,5,5,0,1,0.8333,278.616,0.0,0.7777,60,0.75,2.0,1.0
030_R107,30,R,2,0,OPTIMAL,67.073,2,1,1,0,1,0.5,61.3886,0.0,5.6844,60,0.75,2.0,1.0
030_R107,30,R,2,1,OPTIMAL,0.3144,2,0,0,0,2,0.0,0.0,0.0,0.3144,60,0.75,2.0,1.0
030_R107,30,R,2,2,OPTIMAL,90.0553,2,2,2,0,0,1.0,90.0553,0.0,0.0,60,0.75,2.0,1.0
030_R107,30,R,2,3,OPTIMAL,68.9158,2,1,1,0,1,0.5,68.8241,0.0,0.0917,60,0.75,2.0,1.0
030_R107,30,R,2,4,OPTIMAL,97.8549,2,2,2,0,0,1.0,97.8549,0.0,0.0,60,0.75,2.0,1.0
030_R107,30,R,2,5,OPTIMAL,120.8423,2,2,2,0,0,1.0,120.8423,0.0,0.0,60,0.75,2.0,1.0
030_R107,30,R,2,6,OPTIMAL,48.1265,2,1,1,0,1,0.5,45.1405,0.0,2.9859,60,0.75,2.0,1.0
030_R107,30,R,2,7,OPTIMAL,66.6363,2,1,1,0,1,0.5,64.2162,0.0,2.4202,60,0.75,2.0,1.0
030_R107,30,R,2,8,OPTIMAL,45.1659,2,1,0,1,1,0.5,38.2886,0.0,6.8773,60,0.75,2.0,1.0
030_R107,30,R,2,9,OPTIMAL,107.9108,2,2,1,1,0,1.0,107.9108,0.0,0.0,60,0.75,2.0,1.0
030_R107,30,R,4,0,OPTIMAL,194.6275,4,4,3,1,0,1.0,194.6275,0.0,0.0,60,0.75,2.0,1.0
030_R107,30,R,4,1,OPTIMAL,163.7907,4,3,2,1,1,0.75,163.5187,0.0,0.272,60,0.75,2.0,1.0
030_R107,30,R,4,2,OPTIMAL,155.4885,4,3,3,0,1,0.75,150.9363,0.0,4.5522,60,0.75,2.0,1.0
030_R107,30,R,4,3,OPTIMAL,113.9079,4,2,2,0,2,0.5,110.6234,0.0,3.2845,60,0.75,2.0,1.0
030_R107,30,R,4,4,OPTIMAL,199.8761,4,3,3,0,1,0.75,164.6821,0.0,35.1941,60,0.75,2.0,1.0
030_R107,30,R,4,5,OPTIMAL,184.1037,4,4,3,1,0,1.0,184.1037,0.0,0.0,60,0.75,2.0,1.0
030_R107,30,R,4,6,OPTIMAL,219.5577,4,4,4,0,0,1.0,219.5577,0.0,0.0,60,0.75,2.0,1.0
030_R107,30,R,4,7,OPTIMAL,148.2019,4,3,2,1,1,0.75,147.6629,0.0,0.539,60,0.75,2.0,1.0
030_R107,30,R,4,8,OPTIMAL,115.3148,4,2,2,0,2,0.5,114.4782,0.0,0.8366,60,0.75,2.0,1.0
030_R107,30,R,4,9,OPTIMAL,145.0484,4,3,2,1,1,0.75,142.8308,0.0,2.2176,60,0.75,2.0,1.0
030_R107,30,R,6,0,OPTIMAL,216.6506,6,4,3,1,2,0.6667,209.3251,0.0,7.3255,60,0.75,2.0,1.0
030_R107,30,R,6,1,OPTIMAL,167.6333,6,3,3,0,3,0.5,156.1636,0.0,11.4697,60,0.75,2.0,1.0
030_R107,30,R,6,2,OPTIMAL,191.2517,6,4,3,1,2,0.6667,186.3736,0.0,4.8781,60,0.75,2.0,1.0
030_R107,30,R,6,3,OPTIMAL,353.5547,6,6,6,0,0,1.0,353.5547,0.0,0.0,60,0.75,2.0,1.0
030_R107,30,R,6,4,OPTIMAL,147.1334,6,3,3,0,3,0.5,143.2954,0.0,3.838,60,0.75,2.0,1.0
030_R107,30,R,6,5,OPTIMAL,225.1634,6,4,3,1,2,0.6667,221.6318,0.0,3.5316,60,0.75,2.0,1.0
030_R107,30,R,6,6,OPTIMAL,276.648,6,5,5,0,1,0.8333,270.3524,0.0,6.2956,60,0.75,2.0,1.0
030_R107,30,R,6,7,OPTIMAL,236.9274,6,4,2,2,2,0.6667,198.7287,0.0,38.1987,60,0.75,2.0,1.0
030_R107,30,R,6,8,OPTIMAL,167.6804,6,3,2,1,3,0.5,163.6955,0.0,3.9848,60,0.75,2.0,1.0
030_R107,30,R,6,9,OPTIMAL,279.3285,6,5,5,0,1,0.8333,278.616,0.0,0.7125,60,0.75,2.0,1.0
030_R109,30,R,2,0,OPTIMAL,61.5019,2,1,1,0,1,0.5,61.3886,0.0,0.1133,60,0.75,2.0,1.0
030_R109,30,R,2,1,OPTIMAL,0.1259,2,0,0,0,2,0.0,0.0,0.0,0.1259,60,0.75,2.0,1.0
030_R109,30,R,2,2,OPTIMAL,90.0553,2,2,2,0,0,1.0,90.0553,0.0,0.0,60,0.75,2.0,1.0
030_R109,30,R,2,3,OPTIMAL,68.87,2,1,1,0,1,0.5,68.8241,0.0,0.0458,60,0.75,2.0,1.0
030_R109,30,R,2,4,OPTIMAL,97.8549,2,2,2,0,0,1.0,97.8549,0.0,0.0,60,0.75,2.0,1.0
030_R109,30,R,2,5,OPTIMAL,120.8423,2,2,2,0,0,1.0,120.8423,0.0,0.0,60,0.75,2.0,1.0
030_R109,30,R,2,6,OPTIMAL,71.139,2,1,1,0,1,0.5,45.1405,0.0,25.9984,60,0.75,2.0,1.0
030_R109,30,R,2,7,OPTIMAL,65.4263,2,1,1,0,1,0.5,64.2162,0.0,1.2101,60,0.75,2.0,1.0
030_R109,30,R,2,8,OPTIMAL,38.9633,2,1,0,1,1,0.5,38.2886,0.0,0.6746,60,0.75,2.0,1.0
030_R109,30,R,2,9,OPTIMAL,107.9108,2,2,2,0,0,1.0,107.9108,0.0,0.0,60,0.75,2.0,1.0
030_R109,30,R,4,0,OPTIMAL,160.0021,4,3,3,0,1,0.75,154.4807,0.0,5.5214,60,0.75,2.0,1.0
030_R109,30,R,4,1,OPTIMAL,163.6547,4,3,3,0,1,0.75,163.5187,0.0,0.136,60,0.75,2.0,1.0
030_R109,30,R,4,2,OPTIMAL,156.9003,4,3,2,1,1,0.75,150.9363,0.0,5.964,60,0.75,2.0,1.0
030_R109,30,R,4,3,OPTIMAL,140.733,4,2,2,0,2,0.5,110.6234,0.0,30.1096,60,0.75,2.0,1.0
030_R109,30,R,4,4,OPTIMAL,192.2722,4,3,3,0,1,0.75,164.6821,0.0,27.5901,60,0.75,2.0,1.0
030_R109,30,R,4,5,OPTIMAL,184.1037,4,4,3,1,0,1.0,184.1037,0.0,0.0,60,0.75,2.0,1.0
030_R109,30,R,4,6,OPTIMAL,219.5577,4,4,4,0,0,1.0,219.5577,0.0,0.0,60,0.75,2.0,1.0
030_R109,30,R,4,7,OPTIMAL,173.5859,4,3,3,0,1,0.75,147.6629,0.0,25.923,60,0.75,2.0,1.0
030_R109,30,R,4,8,OPTIMAL,133.8352,4,2,2,0,2,0.5,114.4782,0.0,19.357,60,0.75,2.0,1.0
030_R109,30,R,4,9,OPTIMAL,144.3016,4,3,2,1,1,0.75,142.8308,0.0,1.4708,60,0.75,2.0,1.0
030_R109,30,R,6,0,OPTIMAL,237.808,6,4,4,0,2,0.6667,209.3251,0.0,28.4829,60,0.75,2.0,1.0
030_R109,30,R,6,1,OPTIMAL,183.8149,6,4,3,1,2,0.6667,181.7059,0.0,2.109,60,0.75,2.0,1.0
030_R109,30,R,6,2,OPTIMAL,206.9798,6,4,4,0,2,0.6667,186.3736,0.0,20.6062,60,0.75,2.0,1.0
030_R109,30,R,6,3,OPTIMAL,353.5547,6,6,6,0,0,1.0,353.5547,0.0,0.0,60,0.75,2.0,1.0
030_R109,30,R,6,4,OPTIMAL,106.7462,6,2,2,0,4,0.3333,99.937,0.0,6.8091,60,0.75,2.0,1.0
030_R109,30,R,6,5,OPTIMAL,244.928,6,4,4,0,2,0.6667,221.6318,0.0,23.2962,60,0.75,2.0,1.0
030_R109,30,R,6,6,OPTIMAL,291.9722,6,5,5,0,1,0.8333,270.3524,0.0,21.6198,60,0.75,2.0,1.0
030_R109,30,R,6,7,OPTIMAL,237.3135,6,5,5,0,1,0.8333,237.2938,0.0,0.0197,60,0.75,2.0,1.0
030_R109,30,R,6,8,OPTIMAL,228.5615,6,4,4,0,2,0.6667,206.3051,0.0,22.2564,60,0.75,2.0,1.0
030_R109,30,R,6,9,OPTIMAL,278.8752,6,5,5,0,1,0.8333,278.616,0.0,0.2592,60,0.75,2.0,1.0
030_R110,30,R,2,0,OPTIMAL,61.6152,2,1,1,0,1,0.5,61.3886,0.0,0.2265,60,0.75,2.0,1.0
030_R110,30,R,2,1,OPTIMAL,0.2691,2,0,0,0,2,0.0,0.0,0.0,0.2691,60,0.75,2.0,1.0
030_R110,30,R,2,2,OPTIMAL,90.0553,2,2,2,0,0,1.0,90.0553,0.0,0.0,60,0.75,2.0,1.0
030_R110,30,R,2,3,OPTIMAL,68.87,2,1,1,0,1,0.5,68.8241,0.0,0.0458,60,0.75,2.0,1.0
030_R110,30,R,2,4,OPTIMAL,97.8549,2,2,2,0,0,1.0,97.8549,0.0,0.0,60,0.75,2.0,1.0
030_R110,30,R,2,5,OPTIMAL,120.8423,2,2,2,0,0,1.0,120.8423,0.0,0.0,60,0.75,2.0,1.0
030_R110,30,R,2,6,OPTIMAL,61.098,2,1,1,0,1,0.5,45.1405,0.0,15.9575,60,0.75,2.0,1.0
030_R110,30,R,2,7,OPTIMAL,65.4263,2,1,1,0,1,0.5,64.2162,0.0,1.2101,60,0.75,2.0,1.0
030_R110,30,R,2,8,OPTIMAL,39.6379,2,1,0,1,1,0.5,38.2886,0.0,1.3493,60,0.75,2.0,1.0
030_R110,30,R,2,9,OPTIMAL,107.9108,2,2,2,0,0,1.0,107.9108,0.0,0.0,60,0.75,2.0,1.0
030_R110,30,R,4,0,OPTIMAL,162.2006,4,3,3,0,1,0.75,154.4807,0.0,7.7198,60,0.75,2.0,1.0
030_R110,30,R,4,1,OPTIMAL,163.6547,4,3,2,1,1,0.75,163.5187,0.0,0.136,60,0.75,2.0,1.0
030_R110,30,R,4,2,OPTIMAL,151.0512,4,3,2,1,1,0.75,120.8561,0.0,30.1951,60,0.75,2.0,1.0
030_R110,30,R,4,3,OPTIMAL,132.3051,4,2,2,0,2,0.5,110.6234,0.0,21.6817,60,0.75,2.0,1.0
030_R110,30,R,4,4,OPTIMAL,164.8861,4,3,3,0,1,0.75,164.6821,0.0,0.2041,60,0.75,2.0,1.0
030_R110,30,R,4,5,OPTIMAL,184.1037,4,4,3,1,0,1.0,184.1037,0.0,0.0,60,0.75,2.0,1.0
030_R110,30,R,4,6,OPTIMAL,219.5577,4,4,4,0,0,1.0,219.5577,0.0,0.0,60,0.75,2.0,1.0
030_R110,30,R,4,7,OPTIMAL,180.336,4,4,3,1,0,1.0,180.336,0.0,0.0,60,0.75,2.0,1.0
030_R110,30,R,4,8,OPTIMAL,144.4122,4,3,2,1,1,0.75,143.7388,0.0,0.6734,60,0.75,2.0,1.0
030_R110,30,R,4,9,OPTIMAL,146.2457,4,3,2,1,1,0.75,142.8308,0.0,3.4149,60,0.75,2.0,1.0
030_R110,30,R,6,0,OPTIMAL,240.2579,6,5,4,1,1,0.8333,240.1645,0.0,0.0934,60,0.75,2.0,1.0
030_R110,30,R,6,1,OPTIMAL,187.9172,6,4,3,1,2,0.6667,181.7059,0.0,6.2113,60,0.75,2.0,1.0
030_R110,30,R,6,2,OPTIMAL,208.8483,6,5,4,1,1,0.8333,208.8192,0.0,0.0291,60,0.75,2.0,1.0
030_R110,30,R,6,3,OPTIMAL,353.5547,6,6,6,0,0,1.0,353.5547,0.0,0.0,60,0.75,2.0,1.0
030_R110,30,R,6,4,OPTIMAL,157.1607,6,4,3,1,2,0.6667,155.5729,0.0,1.5878,60,0.75,2.0,1.0
030_R110,30,R,6,5,OPTIMAL,252.6591,6,5,4,1,1,0.8333,252.268,0.0,0.3911,60,0.75,2.0,1.0
030_R110,30,R,6,6,OPTIMAL,303.7745,6,6,5,1,0,1.0,303.7745,0.0,0.0,60,0.75,2.0,1.0
030_R110,30,R,6,7,OPTIMAL,202.4464,6,4,2,2,2,0.6667,198.7287,0.0,3.7177,60,0.75,2.0,1.0
030_R110,30,R,6,8,OPTIMAL,238.9177,6,5,3,2,1,0.8333,237.1371,0.0,1.7806,60,0.75,2.0,1.0
030_R110,30,R,6,9,OPTIMAL,279.6082,6,5,5,0,1,0.8333,278.616,0.0,0.9923,60,0.75,2.0,1.0
030_R111,30,R,2,0,OPTIMAL,61.6152,2,1,1,0,1,0.5,61.3886,0.0,0.2265,60,0.75,2.0,1.0
030_R111,30,R,2,1,OPTIMAL,0.377,2,0,0,0,2,0.0,0.0,0.0,0.377,60,0.75,2.0,1.0
030_R111,30,R,2,2,OPTIMAL,90.0553,2,2,2,0,0,1.0,90.0553,0.0,0.0,60,0.75,2.0,1.0
030_R111,30,R,2,3,OPTIMAL,68.9158,2,1,1,0,1,0.5,68.8241,0.0,0.0917,60,0.75,2.0,1.0
030_R111,30,R,2,4,OPTIMAL,97.8549,2,2,2,0,0,1.0,97.8549,0.0,0.0,60,0.75,2.0,1.0
030_R111,30,R,2,5,OPTIMAL,120.8423,2,2,2,0,0,1.0,120.8423,0.0,0.0,60,0.75,2.0,1.0
030_R111,30,R,2,6,OPTIMAL,50.0791,2,1,1,0,1,0.5,45.1405,0.0,4.9386,60,0.75,2.0,1.0
030_R111,30,R,2,7,OPTIMAL,66.6363,2,1,1,0,1,0.5,64.2162,0.0,2.4202,60,0.75,2.0,1.0
030_R111,30,R,2,8,OPTIMAL,39.6379,2,1,0,1,1,0.5,38.2886,0.0,1.3493,60,0.75,2.0,1.0
030_R111,30,R,2,9,OPTIMAL,107.9108,2,2,1,1,0,1.0,107.9108,0.0,0.0,60,0.75,2.0,1.0
030_R111,30,R,4,0,OPTIMAL,162.2006,4,3,3,0,1,0.75,154.4807,0.0,7.7198,60,0.75,2.0,1.0
030_R111,30,R,4,1,OPTIMAL,163.7907,4,3,2,1,1,0.75,163.5187,0.0,0.272,60,0.75,2.0,1.0
030_R111,30,R,4,2,OPTIMAL,156.0991,4,3,2,1,1,0.75,120.8561,0.279,34.9641,60,0.75,2.0,1.0
030_R111,30,R,4,3,OPTIMAL,126.1308,4,2,2,0,2,0.5,110.6234,0.0,15.5074,60,0.75,2.0,1.0
030_R111,30,R,4,4,OPTIMAL,199.8761,4,3,3,0,1,0.75,164.6821,0.0,35.1941,60,0.75,2.0,1.0
030_R111,30,R,4,5,OPTIMAL,184.1037,4,4,3,1,0,1.0,184.1037,0.0,0.0,60,0.75,2.0,1.0
030_R111,30,R,4,6,OPTIMAL,219.5577,4,4,4,0,0,1.0,219.5577,0.0,0.0,60,0.75,2.0,1.0
030_R111,30,R,4,7,OPTIMAL,149.5142,4,3,2,1,1,0.75,147.6629,0.0,1.8513,60,0.75,2.0,1.0
030_R111,30,R,4,8,OPTIMAL,115.2435,4,2,2,0,2,0.5,114.4782,0.0,0.7653,60,0.75,2.0,1.0
030_R111,30,R,4,9,OPTIMAL,149.6606,4,3,2,1,1,0.75,142.8308,0.0,6.8298,60,0.75,2.0,1.0
030_R111,30,R,6,0,OPTIMAL,216.5416,6,4,3,1,2,0.6667,209.3251,0.0,7.2165,60,0.75,2.0,1.0
030_R111,30,R,6,1,OPTIMAL,185.9239,6,4,3,1,2,0.6667,181.7059,0.0,4.218,60,0.75,2.0,1.0
030_R111,30,R,6,2,OPTIMAL,193.6408,6,4,2,2,2,0.6667,164.0971,0.0,29.5436,60,0.75,2.0,1.0
030_R111,30,R,6,3,OPTIMAL,353.5547,6,6,6,0,0,1.0,353.5547,0.0,0.0,60,0.75,2.0,1.0
030_R111,30,R,6,4,OPTIMAL,158.5502,6,4,3,1,2,0.6667,155.5729,0.0,2.9773,60,0.75,2.0,1.0
030_R111,30,R,6,5,OPTIMAL,223.3461,6,4,3,1,2,0.6667,221.6318,0.0,1.7143,60,0.75,2.0,1.0
030_R111,30,R,6,6,OPTIMAL,274.2088,6,5,5,0,1,0.8333,270.3524,0.0,3.8564,60,0.75,2.0,1.0
030_R111,30,R,6,7,OPTIMAL,236.9274,6,4,2,2,2,0.6667,198.7287,0.0,38.1987,60,0.75,2.0,1.0
030_R111,30,R,6,8,OPTIMAL,189.5254,6,3,2,1,3,0.5,163.6955,0.0,25.8298,60,0.75,2.0,1.0
030_R111,30,R,6,9,OPTIMAL,279.6528,6,5,5,0,1,0.8333,278.616,0.0,1.0369,60,0.75,2.0,1.0
030_R201,30,R,2,0,OPTIMAL,76.046,2,2,2,0,0,1.0,76.046,0.0,0.0,60,0.75,2.0,1.0
030_R201,30,R,2,1,OPTIMAL,32.4369,2,1,1,0,1,0.5,29.5276,0.0,2.9094,60,0.75,2.0,1.0
030_R201,30,R,2,2,OPTIMAL,90.0553,2,2,2,0,0,1.0,90.0553,0.0,0.0,60,0.75,2.0,1.0
030_R201,30,R,2,3,OPTIMAL,92.9916,2,2,2,0,0,1.0,92.9916,0.0,0.0,60,0.75,2.0,1.0
030_R201,30,R,2,4,OPTIMAL,97.8549,2,2,2,0,0,1.0,97.8549,0.0,0.0,60,0.75,2.0,1.0
030_R201,30,R,2,5,OPTIMAL,120.8423,2,2,2,0,0,1.0,120.8423,0.0,0.0,60,0.75,2.0,1.0
030_R201,30,R,2,6,OPTIMAL,24.6964,2,0,0,0,2,0.0,0.0,0.0,24.6964,60,0.75,2.0,1.0
030_R201,30,R,2,7,OPTIMAL,72.46,2,1,1,0,1,0.5,64.2162,0.0,8.2439,60,0.75,2.0,1.0
030_R201,30,R,2,8,OPTIMAL,48.5716,2,1,1,0,1,0.5,38.2886,0.0,10.283,60,0.75,2.0,1.0
030_R201,30,R,2,9,OPTIMAL,107.9108,2,2,2,0,0,1.0,107.9108,0.0,0.0,60,0.75,2.0,1.0
030_R201,30,R,4,0,OPTIMAL,151.9317,4,3,3,0,1,0.75,140.8916,0.0,11.0401,60,0.75,2.0,1.0
030_R201,30,R,4,1,OPTIMAL,193.0248,4,4,4,0,0,1.0,193.0248,0.0,0.0,60,0.75,2.0,1.0
030_R201,30,R,4,2,OPTIMAL,121.8701,4,3,3,0,1,0.75,120.8561,0.0,1.014,60,0.75,2.0,1.0
030_R201,30,R,4,3,OPTIMAL,125.7703,4,3,2,1,1,0.75,121.3564,0.0,4.4139,60,0.75,2.0,1.0
030_R201,30,R,4,4,OPTIMAL,200.5528,4,4,4,0,0,1.0,200.5528,0.0,0.0,60,0.75,2.0,1.0
030_R201,30,R,4,5,OPTIMAL,184.1037,4,4,4,0,0,1.0,184.1037,0.0,0.0,60,0.75,2.0,1.0
030_R201,30,R,4,6,OPTIMAL,219.5577,4,4,4,0,0,1.0,219.5577,0.0,0.0,60,0.75,2.0,1.0
030_R201,30,R,4,7,OPTIMAL,180.336,4,4,4,0,0,1.0,180.336,0.0,0.0,60,0.75,2.0,1.0
030_R201,30,R,4,8,OPTIMAL,151.1125,4,3,3,0,1,0.75,139.3397,0.0,11.7728,60,0.75,2.0,1.0
030_R201,30,R,4,9,OPTIMAL,155.0309,4,3,3,0,1,0.75,137.3879,0.0,17.643,60,0.75,2.0,1.0
030_R201,30,R,6,0,OPTIMAL,254.5025,6,5,4,1,1,0.8333,240.1645,0.0,14.338,60,0.75,2.0,1.0
030_R201,30,R,6,1,OPTIMAL,189.6004,6,4,4,0,2,0.6667,181.2526,0.0,8.3477,60,0.75,2.0,1.0
030_R201,30,R,6,2,OPTIMAL,223.8159,6,6,5,1,0,1.0,223.8159,0.0,0.0,60,0.75,2.0,1.0
030_R201,30,R,6,3,OPTIMAL,353.5547,6,6,6,0,0,1.0,353.5547,0.0,0.0,60,0.75,2.0,1.0
030_R201,30,R,6,4,OPTIMAL,178.7875,6,4,3,1,2,0.6667,160.362,0.0,18.4255,60,0.75,2.0,1.0
030_R201,30,R,6,5,OPTIMAL,270.8342,6,6,6,0,0,1.0,270.8342,0.0,0.0,60,0.75,2.0,1.0
030_R201,30,R,6,6,OPTIMAL,303.7745,6,6,6,0,0,1.0,303.7745,0.0,0.0,60,0.75,2.0,1.0
030_R201,30,R,6,7,OPTIMAL,263.6129,6,6,6,0,0,1.0,263.6129,0.0,0.0,60,0.75,2.0,1.0
030_R201,30,R,6,8,OPTIMAL,192.2227,6,3,3,0,3,0.5,163.6955,0.0,28.5272,60,0.75,2.0,1.0
030_R201,30,R,6,9,OPTIMAL,286.2696,6,6,6,0,0,1.0,286.2696,0.0,0.0,60,0.75,2.0,1.0
030_R205,30,R,2,0,OPTIMAL,76.046,2,2,2,0,0,1.0,76.046,0.0,0.0,60,0.75,2.0,1.0
030_R205,30,R,2,1,OPTIMAL,29.5902,2,1,1,0,1,0.5,29.5276,0.0,0.0626,60,0.75,2.0,1.0
030_R205,30,R,2,2,OPTIMAL,83.1852,2,1,1,0,1,0.5,45.4651,0.0,37.7201,60,0.75,2.0,1.0
030_R205,30,R,2,3,OPTIMAL,92.9916,2,2,2,0,0,1.0,92.9916,0.0,0.0,60,0.75,2.0,1.0
030_R205,30,R,2,4,OPTIMAL,97.8549,2,2,2,0,0,1.0,97.8549,0.0,0.0,60,0.75,2.0,1.0
030_R205,30,R,2,5,OPTIMAL,120.8423,2,2,2,0,0,1.0,120.8423,0.0,0.0,60,0.75,2.0,1.0
030_R205,30,R,2,6,OPTIMAL,72.5242,2,2,1,1,0,1.0,72.5242,0.0,0.0,60,0.75,2.0,1.0
030_R205,30,R,2,7,OPTIMAL,76.9011,2,2,1,1,0,1.0,76.9011,0.0,0.0,60,0.75,2.0,1.0
030_R205,30,R,2,8,OPTIMAL,54.4632,2,2,1,1,0,1.0,54.4632,0.0,0.0,60,0.75,2.0,1.0
030_R205,30,R,2,9,OPTIMAL,107.9108,2,2,2,0,0,1.0,107.9108,0.0,0.0,60,0.75,2.0,1.0
030_R205,30,R,4,0,OPTIMAL,194.6275,4,4,4,0,0,1.0,194.6275,0.0,0.0,60,0.75,2.0,1.0
030_R205,30,R,4,1,OPTIMAL,184.2918,4,3,2,1,1,0.75,153.4915,0.0,30.8003,60,0.75,2.0,1.0
030_R205,30,R,4,2,OPTIMAL,164.8804,4,4,4,0,0,1.0,164.8804,0.0,0.0,60,0.75,2.0,1.0
030_R205,30,R,4,3,OPTIMAL,106.3403,4,2,2,0,2,0.5,65.5303,0.0,40.8099,60,0.75,2.0,1.0
030_R205,30,R,4,4,OPTIMAL,152.2423,4,3,3,0,1,0.75,152.0653,0.0,0.1771,60,0.75,2.0,1.0
030_R205,30,R,4,5,OPTIMAL,184.1037,4,4,4,0,0,1.0,184.1037,0.0,0.0,60,0.75,2.0,1.0
030_R205,30,R,4,6,OPTIMAL,219.5577,4,4,4,0,0,1.0,219.5577,0.0,0.0,60,0.75,2.0,1.0
030_R205,30,R,4,7,OPTIMAL,180.336,4,4,4,0,0,1.0,180.336,0.0,0.0,60,0.75,2.0,1.0
030_R205,30,R,4,8,OPTIMAL,144.8845,4,3,3,0,1,0.75,143.7388,0.0,1.1456,60,0.75,2.0,1.0
030_R205,30,R,4,9,OPTIMAL,157.3732,4,3,3,0,1,0.75,142.8308,0.0,14.5424,60,0.75,2.0,1.0
030_R205,30,R,6,0,OPTIMAL,267.7774,6,6,4,2,0,1.0,267.7774,0.0,0.0,60,0.75,2.0,1.0
030_R205,30,R,6,1,OPTIMAL,193.0447,6,4,4,0,2,0.6667,181.7059,0.0,11.3388,60,0.75,2.0,1.0
030_R205,30,R,6,2,OPTIMAL,206.8089,6,4,4,0,2,0.6667,165.6387,0.0,41.1702,60,0.75,2.0,1.0
030_R205,30,R,6,3,OPTIMAL,353.5547,6,6,6,0,0,1.0,353.5547,0.0,0.0,60,0.75,2.0,1.0
030_R205,30,R,6,4,OPTIMAL,189.5692,6,4,4,0,2,0.6667,160.362,0.0,29.2072,60,0.75,2.0,1.0
030_R205,30,R,6,5,OPTIMAL,270.8342,6,6,5,1,0,1.0,270.8342,0.0,0.0,60,0.75,2.0,1.0
030_R205,30,R,6,6,OPTIMAL,284.9643,6,5,5,0,1,0.8333,270.3524,0.0,14.6119,60,0.75,2.0,1.0
030_R205,30,R,6,7,OPTIMAL,241.3693,6,5,5,0,1,0.8333,225.0479,0.0,16.3214,60,0.75,2.0,1.0
030_R205,30,R,6,8,OPTIMAL,263.3978,6,6,6,0,0,1.0,263.3978,0.0,0.0,60,0.75,2.0,1.0
030_R205,30,R,6,9,OPTIMAL,286.2696,6,6,6,0,0,1.0,286.2696,0.0,0.0,60,0.75,2.0,1.0
030_R209,30,R,2,0,OPTIMAL,76.046,2,2,2,0,0,1.0,76.046,0.0,0.0,60,0.75,2.0,1.0
030_R209,30,R,2,1,OPTIMAL,29.5902,2,1,1,0,1,0.5,29.5276,0.0,0.0626,60,0.75,2.0,1.0
030_R209,30,R,2,2,OPTIMAL,90.0553,2,2,2,0,0,1.0,90.0553,0.0,0.0,60,0.75,2.0,1.0
030_R209,30,R,2,3,OPTIMAL,92.9916,2,2,2,0,0,1.0,92.9916,0.0,0.0,60,0.75,2.0,1.0
030_R209,30,R,2,4,OPTIMAL,97.8549,2,2,2,0,0,1.0,97.8549,0.0,0.0,60,0.75,2.0,1.0
030_R209,30,R,2,5,OPTIMAL,120.8423,2,2,2,0,0,1.0,120.8423,0.0,0.0,60,0.75,2.0,1.0
030_R209,30,R,2,6,OPTIMAL,37.7917,2,1,1,0,1,0.5,27.3836,0.0,10.4081,60,0.75,2.0,1.0
030_R209,30,R,2,7,OPTIMAL,76.9011,2,2,2,0,0,1.0,76.9011,0.0,0.0,60,0.75,2.0,1.0
030_R209,30,R,2,8,OPTIMAL,54.4632,2,2,2,0,0,1.0,54.4632,0.0,0.0,60,0.75,2.0,1.0
030_R209,30,R,2,9,OPTIMAL,107.9108,2,2,2,0,0,1.0,107.9108,0.0,0.0,60,0.75,2.0,1.0
030_R209,30,R,4,0,OPTIMAL,154.4808,4,3,3,0,1,0.75,154.4807,0.0,0.0,60,0.75,2.0,1.0
030_R209,30,R,4,1,OPTIMAL,193.0248,4,4,4,0,0,1.0,193.0248,0.0,0.0,60,0.75,2.0,1.0
030_R209,30,R,4,2,OPTIMAL,149.9049,4,3,3,0,1,0.75,115.3002,0.0,34.6047,60,0.75,2.0,1.0
030_R209,30,R,4,3,OPTIMAL,143.2532,4,3,3,0,1,0.75,138.1222,0.0,5.131,60,0.75,2.0,1.0
030_R209,30,R,4,4,OPTIMAL,152.2423,4,3,3,0,1,0.75,152.0653,0.0,0.1771,60,0.75,2.0,1.0
030_R209,30,R,4,5,OPTIMAL,184.1037,4,4,4,0,0,1.0,184.1037,0.0,0.0,60,0.75,2.0,1.0
030_R209,30,R,4,6,OPTIMAL,219.5577,4,4,4,0,0,1.0,219.5577,0.0,0.0,60,0.75,2.0,1.0
030_R209,30,R,4,7,OPTIMAL,180.336,4,4,4,0,0,1.0,180.336,0.0,0.0,60,0.75,2.0,1.0
030_R209,30,R,4,8,OPTIMAL,144.8845,4,3,3,0,1,0.75,143.7388,0.0,1.1456,60,0.75,2.0,1.0
030_R209,30,R,4,9,OPTIMAL,123.337,4,3,2,1,1,0.75,122.6501,0.0,0.6869,60,0.75,2.0,1.0
030_R209,30,R,6,0,OPTIMAL,252.7457,6,5,3,2,1,0.8333,226.5351,0.0,26.2106,60,0.75,2.0,1.0
030_R209,30,R,6,1,OPTIMAL,189.9955,6,4,4,0,2,0.6667,155.3726,0.0,34.6229,60,0.75,2.0,1.0
030_R209,30,R,6,2,OPTIMAL,218.8008,6,5,5,0,1,0.8333,201.3703,0.0,17.4305,60,0.75,2.0,1.0
030_R209,30,R,6,3,OPTIMAL,303.8514,6,5,5,0,1,0.8333,301.7892,0.0,2.0622,60,0.75,2.0,1.0
030_R209,30,R,6,4,OPTIMAL,185.8341,6,5,4,1,1,0.8333,181.2549,0.0,4.5792,60,0.75,2.0,1.0
030_R209,30,R,6,5,OPTIMAL,253.9911,6,5,5,0,1,0.8333,252.268,0.0,1.7232,60,0.75,2.0,1.0
030_R209,30,R,6,6,OPTIMAL,204.7086,6,3,3,0,3,0.5,168.2202,0.0,36.4884,60,0.75,2.0,1.0
030_R209,30,R,6,7,OPTIMAL,263.6129,6,6,5,1,0,1.0,263.6129,0.0,0.0,60,0.75,2.0,1.0
030_R209,30,R,6,8,OPTIMAL,263.3978,6,6,6,0,0,1.0,263.3978,0.0,0.0,60,0.75,2.0,1.0
030_R209,30,R,6,9,OPTIMAL,286.2696,6,6,5,1,0,1.0,286.2696,0.0,0.0,60,0.75,2.0,1.0
030_RC101,30,RC,2,0,OPTIMAL,106.2363,2,2,2,0,0,1.0,106.2363,0.0,0.0,60,0.75,2.0,1.0
030_RC101,30,RC,2,1,OPTIMAL,116.7944,2,2,2,0,0,1.0,116.7944,0.0,0.0,60,0.75,2.0,1.0
030_RC101,30,RC,2,2,OPTIMAL,139.2037,2,2,2,0,0,1.0,139.2037,0.0,0.0,60,0.75,2.0,1.0
030_RC101,30,RC,2,3,OPTIMAL,115.9818,2,2,2,0,0,1.0,115.9818,0.0,0.0,60,0.75,2.0,1.0
030_RC101,30,RC,2,4,OPTIMAL,111.8289,2,2,2,0,0,1.0,111.8289,0.0,0.0,60,0.75,2.0,1.0
030_RC101,30,RC,2,5,OPTIMAL,132.9096,2,2,2,0,0,1.0,132.9096,0.0,0.0,60,0.75,2.0,1.0
030_RC101,30,RC,2,6,OPTIMAL,109.497,2,2,2,0,0,1.0,109.497,0.0,0.0,60,0.75,2.0,1.0
030_RC101,30,RC,2,7,OPTIMAL,125.9832,2,2,2,0,0,1.0,125.9832,0.0,0.0,60,0.75,2.0,1.0
030_RC101,30,RC,2,8,OPTIMAL,108.5925,2,2,2,0,0,1.0,108.5925,0.0,0.0,60,0.75,2.0,1.0
030_RC101,30,RC,2,9,OPTIMAL,112.1199,2,2,2,0,0,1.0,112.1199,0.0,0.0,60,0.75,2.0,1.0
030_RC101,30,RC,4,0,OPTIMAL,238.1641,4,4,4,0,0,1.0,238.1641,0.0,0.0,60,0.75,2.0,1.0
030_RC101,30,RC,4,1,OPTIMAL,254.1017,4,4,4,0,0,1.0,254.1017,0.0,0.0,60,0.75,2.0,1.0
030_RC101,30,RC,4,2,OPTIMAL,222.6138,4,4,4,0,0,1.0,222.6138,0.0,0.0,60,0.75,2.0,1.0
030_RC101,30,RC,4,3,OPTIMAL,283.2469,4,4,4,0,0,1.0,283.2469,0.0,0.0,60,0.75,2.0,1.0
030_RC101,30,RC,4,4,OPTIMAL,232.7765,4,4,4,0,0,1.0,232.7765,0.0,0.0,60,0.75,2.0,1.0
030_RC101,30,RC,4,5,OPTIMAL,236.7092,4,4,4,0,0,1.0,236.7092,0.0,0.0,60,0.75,2.0,1.0
030_RC101,30,RC,4,6,OPTIMAL,252.9066,4,4,4,0,0,1.0,252.9066,0.0,0.0,60,0.75,2.0,1.0
030_RC101,30,RC,4,7,OPTIMAL,263.3789,4,4,4,0,0,1.0,263.3789,0.0,0.0,60,0.75,2.0,1.0
030_RC101,30,RC,4,8,OPTIMAL,227.0191,4,4,4,0,0,1.0,227.0191,0.0,0.0,60,0.75,2.0,1.0
030_RC101,30,RC,4,9,OPTIMAL,217.0876,4,4,4,0,0,1.0,217.0876,0.0,0.0,60,0.75,2.0,1.0
030_RC101,30,RC,6,0,OPTIMAL,367.5924,6,6,6,0,0,1.0,367.5924,0.0,0.0,60,0.75,2.0,1.0
030_RC101,30,RC,6,1,OPTIMAL,397.5516,6,6,6,0,0,1.0,397.5516,0.0,0.0,60,0.75,2.0,1.0
030_RC101,30,RC,6,2,OPTIMAL,368.5987,6,6,6,0,0,1.0,368.5987,0.0,0.0,60,0.75,2.0,1.0
030_RC101,30,RC,6,3,OPTIMAL,385.4992,6,6,6,0,0,1.0,385.4992,0.0,0.0,60,0.75,2.0,1.0
030_RC101,30,RC,6,4,OPTIMAL,329.6422,6,6,6,0,0,1.0,329.6422,0.0,0.0,60,0.75,2.0,1.0
030_RC101,30,RC,6,5,OPTIMAL,384.2437,6,6,6,0,0,1.0,384.2437,0.0,0.0,60,0.75,2.0,1.0
030_RC101,30,RC,6,6,OPTIMAL,347.2733,6,6,6,0,0,1.0,347.2733,0.0,0.0,60,0.75,2.0,1.0
030_RC101,30,RC,6,7,OPTIMAL,350.8248,6,6,6,0,0,1.0,350.8248,0.0,0.0,60,0.75,2.0,1.0
030_RC101,30,RC,6,8,OPTIMAL,340.7262,6,6,6,0,0,1.0,340.7262,0.0,0.0,60,0.75,2.0,1.0
030_RC101,30,RC,6,9,OPTIMAL,391.3496,6,6,6,0,0,1.0,391.3496,0.0,0.0,60,0.75,2.0,1.0
030_RC102,30,RC,2,0,OPTIMAL,106.2363,2,2,2,0,0,1.0,106.2363,0.0,0.0,60,0.75,2.0,1.0
030_RC102,30,RC,2,1,OPTIMAL,116.7944,2,2,2,0,0,1.0,116.7944,0.0,0.0,60,0.75,2.0,1.0
030_RC102,30,RC,2,2,OPTIMAL,139.2037,2,2,2,0,0,1.0,139.2037,0.0,0.0,60,0.75,2.0,1.0
030_RC102,30,RC,2,3,OPTIMAL,115.9818,2,2,2,0,0,1.0,115.9818,0.0,0.0,60,0.75,2.0,1.0
030_RC102,30,RC,2,4,OPTIMAL,111.8289,2,2,2,0,0,1.0,111.8289,0.0,0.0,60,0.75,2.0,1.0
030_RC102,30,RC,2,5,OPTIMAL,132.9096,2,2,2,0,0,1.0,132.9096,0.0,0.0,60,0.75,2.0,1.0
030_RC102,30,RC,2,6,OPTIMAL,109.497,2,2,2,0,0,1.0,109.497,0.0,0.0,60,0.75,2.0,1.0
030_RC102,30,RC,2,7,OPTIMAL,125.9832,2,2,2,0,0,1.0,125.9832,0.0,0.0,60,0.75,2.0,1.0
030_RC102,30,RC,2,8,OPTIMAL,108.5925,2,2,2,0,0,1.0,108.5925,0.0,0.0,60,0.75,2.0,1.0
030_RC102,30,RC,2,9,OPTIMAL,112.1199,2,2,2,0,0,1.0,112.1199,0.0,0.0,60,0.75,2.0,1.0
030_RC102,30,RC,4,0,OPTIMAL,238.1641,4,4,4,0,0,1.0,238.1641,0.0,0.0,60,0.75,2.0,1.0
030_RC102,30,RC,4,1,OPTIMAL,254.1017,4,4,4,0,0,1.0,254.1017,0.0,0.0,60,0.75,2.0,1.0
030_RC102,30,RC,4,2,OPTIMAL,222.6138,4,4,4,0,0,1.0,222.6138,0.0,0.0,60,0.75,2.0,1.0
030_RC102,30,RC,4,3,OPTIMAL,283.2469,4,4,4,0,0,1.0,283.2469,0.0,0.0,60,0.75,2.0,1.0
030_RC102,30,RC,4,4,OPTIMAL,232.7765,4,4,4,0,0,1.0,232.7765,0.0,0.0,60,0.75,2.0,1.0
030_RC102,30,RC,4,5,OPTIMAL,236.7092,4,4,4,0,0,1.0,236.7092,0.0,0.0,60,0.75,2.0,1.0
030_RC102,30,RC,4,6,OPTIMAL,252.9066,4,4,4,0,0,1.0,252.9066,0.0,0.0,60,0.75,2.0,1.0
030_RC102,30,RC,4,7,OPTIMAL,263.3789,4,4,4,0,0,1.0,263.3789,0.0,0.0,60,0.75,2.0,1.0
030_RC102,30,RC,4,8,OPTIMAL,227.0191,4,4,4,0,0,1.0,227.0191,0.0,0.0,60,0.75,2.0,1.0
030_RC102,30,RC,4,9,OPTIMAL,217.0876,4,4,4,0,0,1.0,217.0876,0.0,0.0,60,0.75,2.0,1.0
030_RC102,30,RC,6,0,OPTIMAL,367.5924,6,6,6,0,0,1.0,367.5924,0.0,0.0,60,0.75,2.0,1.0
030_RC102,30,RC,6,1,OPTIMAL,397.5516,6,6,6,0,0,1.0,397.5516,0.0,0.0,60,0.75,2.0,1.0
030_RC102,30,RC,6,2,OPTIMAL,368.5987,6,6,6,0,0,1.0,368.5987,0.0,0.0,60,0.75,2.0,1.0
030_RC102,30,RC,6,3,OPTIMAL,385.4992,6,6,6,0,0,1.0,385.4992,0.0,0.0,60,0.75,2.0,1.0
030_RC102,30,RC,6,4,OPTIMAL,329.6422,6,6,6,0,0,1.0,329.6422,0.0,0.0,60,0.75,2.0,1.0
030_RC102,30,RC,6,5,OPTIMAL,384.2437,6,6,6,0,0,1.0,384.2437,0.0,0.0,60,0.75,2.0,1.0
030_RC102,30,RC,6,6,OPTIMAL,347.2733,6,6,6,0,0,1.0,347.2733,0.0,0.0,60,0.75,2.0,1.0
030_RC102,30,RC,6,7,OPTIMAL,350.8248,6,6,6,0,0,1.0,350.8248,0.0,0.0,60,0.75,2.0,1.0
030_RC102,30,RC,6,8,OPTIMAL,340.7262,6,6,6,0,0,1.0,340.7262,0.0,0.0,60,0.75,2.0,1.0
030_RC102,30,RC,6,9,OPTIMAL,391.3496,6,6,6,0,0,1.0,391.3496,0.0,0.0,60,0.75,2.0,1.0
030_RC105,30,RC,2,0,OPTIMAL,106.2363,2,2,2,0,0,1.0,106.2363,0.0,0.0,60,0.75,2.0,1.0
030_RC105,30,RC,2,1,OPTIMAL,116.7944,2,2,2,0,0,1.0,116.7944,0.0,0.0,60,0.75,2.0,1.0
030_RC105,30,RC,2,2,OPTIMAL,139.2037,2,2,2,0,0,1.0,139.2037,0.0,0.0,60,0.75,2.0,1.0
030_RC105,30,RC,2,3,OPTIMAL,115.9818,2,2,2,0,0,1.0,115.9818,0.0,0.0,60,0.75,2.0,1.0
030_RC105,30,RC,2,4,OPTIMAL,111.8289,2,2,2,0,0,1.0,111.8289,0.0,0.0,60,0.75,2.0,1.0
030_RC105,30,RC,2,5,OPTIMAL,132.9096,2,2,2,0,0,1.0,132.9096,0.0,0.0,60,0.75,2.0,1.0
030_RC105,30,RC,2,6,OPTIMAL,109.497,2,2,2,0,0,1.0,109.497,0.0,0.0,60,0.75,2.0,1.0
030_RC105,30,RC,2,7,OPTIMAL,125.9832,2,2,2,0,0,1.0,125.9832,0.0,0.0,60,0.75,2.0,1.0
030_RC105,30,RC,2,8,OPTIMAL,108.5925,2,2,2,0,0,1.0,108.5925,0.0,0.0,60,0.75,2.0,1.0
030_RC105,30,RC,2,9,OPTIMAL,112.1199,2,2,2,0,0,1.0,112.1199,0.0,0.0,60,0.75,2.0,1.0
030_RC105,30,RC,4,0,OPTIMAL,238.1641,4,4,4,0,0,1.0,238.1641,0.0,0.0,60,0.75,2.0,1.0
030_RC105,30,RC,4,1,OPTIMAL,254.1017,4,4,4,0,0,1.0,254.1017,0.0,0.0,60,0.75,2.0,1.0
030_RC105,30,RC,4,2,OPTIMAL,222.6138,4,4,4,0,0,1.0,222.6138,0.0,0.0,60,0.75,2.0,1.0
030_RC105,30,RC,4,3,OPTIMAL,283.2469,4,4,4,0,0,1.0,283.2469,0.0,0.0,60,0.75,2.0,1.0
030_RC105,30,RC,4,4,OPTIMAL,232.7765,4,4,4,0,0,1.0,232.7765,0.0,0.0,60,0.75,2.0,1.0
030_RC105,30,RC,4,5,OPTIMAL,236.7092,4,4,4,0,0,1.0,236.7092,0.0,0.0,60,0.75,2.0,1.0
030_RC105,30,RC,4,6,OPTIMAL,252.9066,4,4,4,0,0,1.0,252.9066,0.0,0.0,60,0.75,2.0,1.0
030_RC105,30,RC,4,7,OPTIMAL,263.3789,4,4,4,0,0,1.0,263.3789,0.0,0.0,60,0.75,2.0,1.0
030_RC105,30,RC,4,8,OPTIMAL,227.0191,4,4,4,0,0,1.0,227.0191,0.0,0.0,60,0.75,2.0,1.0
030_RC105,30,RC,4,9,OPTIMAL,217.0876,4,4,4,0,0,1.0,217.0876,0.0,0.0,60,0.75,2.0,1.0
030_RC105,30,RC,6,0,OPTIMAL,367.5924,6,6,6,0,0,1.0,367.5924,0.0,0.0,60,0.75,2.0,1.0
030_RC105,30,RC,6,1,OPTIMAL,397.5516,6,6,6,0,0,1.0,397.5516,0.0,0.0,60,0.75,2.0,1.0
030_RC105,30,RC,6,2,OPTIMAL,368.5987,6,6,6,0,0,1.0,368.5987,0.0,0.0,60,0.75,2.0,1.0
030_RC105,30,RC,6,3,OPTIMAL,385.4992,6,6,6,0,0,1.0,385.4992,0.0,0.0,60,0.75,2.0,1.0
030_RC105,30,RC,6,4,OPTIMAL,329.6422,6,6,6,0,0,1.0,329.6422,0.0,0.0,60,0.75,2.0,1.0
030_RC105,30,RC,6,5,OPTIMAL,384.2437,6,6,6,0,0,1.0,384.2437,0.0,0.0,60,0.75,2.0,1.0
030_RC105,30,RC,6,6,OPTIMAL,347.2733,6,6,6,0,0,1.0,347.2733,0.0,0.0,60,0.75,2.0,1.0
030_RC105,30,RC,6,7,OPTIMAL,350.8248,6,6,6,0,0,1.0,350.8248,0.0,0.0,60,0.75,2.0,1.0
030_RC105,30,RC,6,8,OPTIMAL,340.7262,6,6,6,0,0,1.0,340.7262,0.0,0.0,60,0.75,2.0,1.0
030_RC105,30,RC,6,9,OPTIMAL,391.3496,6,6,6,0,0,1.0,391.3496,0.0,0.0,60,0.75,2.0,1.0
030_RC106,30,RC,2,0,OPTIMAL,106.2363,2,2,2,0,0,1.0,106.2363,0.0,0.0,60,0.75,2.0,1.0
030_RC106,30,RC,2,1,OPTIMAL,116.7944,2,2,2,0,0,1.0,116.7944,0.0,0.0,60,0.75,2.0,1.0
030_RC106,30,RC,2,2,OPTIMAL,139.2037,2,2,2,0,0,1.0,139.2037,0.0,0.0,60,0.75,2.0,1.0
030_RC106,30,RC,2,3,OPTIMAL,115.9818,2,2,2,0,0,1.0,115.9818,0.0,0.0,60,0.75,2.0,1.0
030_RC106,30,RC,2,4,OPTIMAL,111.8289,2,2,2,0,0,1.0,111.8289,0.0,0.0,60,0.75,2.0,1.0
030_RC106,30,RC,2,5,OPTIMAL,132.9096,2,2,2,0,0,1.0,132.9096,0.0,0.0,60,0.75,2.0,1.0
030_RC106,30,RC,2,6,OPTIMAL,109.497,2,2,2,0,0,1.0,109.497,0.0,0.0,60,0.75,2.0,1.0
030_RC106,30,RC,2,7,OPTIMAL,125.9832,2,2,2,0,0,1.0,125.9832,0.0,0.0,60,0.75,2.0,1.0
030_RC106,30,RC,2,8,OPTIMAL,108.5925,2,2,2,0,0,1.0,108.5925,0.0,0.0,60,0.75,2.0,1.0
030_RC106,30,RC,2,9,OPTIMAL,112.1199,2,2,2,0,0,1.0,112.1199,0.0,0.0,60,0.75,2.0,1.0
030_RC106,30,RC,4,0,OPTIMAL,238.1641,4,4,4,0,0,1.0,238.1641,0.0,0.0,60,0.75,2.0,1.0
030_RC106,30,RC,4,1,OPTIMAL,254.1017,4,4,4,0,0,1.0,254.1017,0.0,0.0,60,0.75,2.0,1.0
030_RC106,30,RC,4,2,OPTIMAL,222.6138,4,4,4,0,0,1.0,222.6138,0.0,0.0,60,0.75,2.0,1.0
030_RC106,30,RC,4,3,OPTIMAL,283.2469,4,4,4,0,0,1.0,283.2469,0.0,0.0,60,0.75,2.0,1.0
030_RC106,30,RC,4,4,OPTIMAL,232.7765,4,4,4,0,0,1.0,232.7765,0.0,0.0,60,0.75,2.0,1.0
030_RC106,30,RC,4,5,OPTIMAL,236.7092,4,4,4,0,0,1.0,236.7092,0.0,0.0,60,0.75,2.0,1.0
030_RC106,30,RC,4,6,OPTIMAL,252.9066,4,4,4,0,0,1.0,252.9066,0.0,0.0,60,0.75,2.0,1.0
030_RC106,30,RC,4,7,OPTIMAL,263.3789,4,4,4,0,0,1.0,263.3789,0.0,0.0,60,0.75,2.0,1.0
030_RC106,30,RC,4,8,OPTIMAL,227.0191,4,4,4,0,0,1.0,227.0191,0.0,0.0,60,0.75,2.0,1.0
030_RC106,30,RC,4,9,OPTIMAL,217.0876,4,4,4,0,0,1.0,217.0876,0.0,0.0,60,0.75,2.0,1.0
030_RC106,30,RC,6,0,OPTIMAL,367.5924,6,6,6,0,0,1.0,367.5924,0.0,0.0,60,0.75,2.0,1.0
030_RC106,30,RC,6,1,OPTIMAL,397.5516,6,6,6,0,0,1.0,397.5516,0.0,0.0,60,0.75,2.0,1.0
030_RC106,30,RC,6,2,OPTIMAL,368.5987,6,6,6,0,0,1.0,368.5987,0.0,0.0,60,0.75,2.0,1.0
030_RC106,30,RC,6,3,OPTIMAL,385.4992,6,6,6,0,0,1.0,385.4992,0.0,0.0,60,0.75,2.0,1.0
030_RC106,30,RC,6,4,OPTIMAL,329.6422,6,6,6,0,0,1.0,329.6422,0.0,0.0,60,0.75,2.0,1.0
030_RC106,30,RC,6,5,OPTIMAL,384.2437,6,6,6,0,0,1.0,384.2437,0.0,0.0,60,0.75,2.0,1.0
030_RC106,30,RC,6,6,OPTIMAL,347.2733,6,6,6,0,0,1.0,347.2733,0.0,0.0,60,0.75,2.0,1.0
030_RC106,30,RC,6,7,OPTIMAL,350.8248,6,6,6,0,0,1.0,350.8248,0.0,0.0,60,0.75,2.0,1.0
030_RC106,30,RC,6,8,OPTIMAL,340.7262,6,6,6,0,0,1.0,340.7262,0.0,0.0,60,0.75,2.0,1.0
030_RC106,30,RC,6,9,OPTIMAL,391.3496,6,6,6,0,0,1.0,391.3496,0.0,0.0,60,0.75,2.0,1.0
030_RC107,30,RC,2,0,OPTIMAL,106.2363,2,2,2,0,0,1.0,106.2363,0.0,0.0,60,0.75,2.0,1.0
030_RC107,30,RC,2,1,OPTIMAL,116.7944,2,2,2,0,0,1.0,116.7944,0.0,0.0,60,0.75,2.0,1.0
030_RC107,30,RC,2,2,OPTIMAL,139.2037,2,2,2,0,0,1.0,139.2037,0.0,0.0,60,0.75,2.0,1.0
030_RC107,30,RC,2,3,OPTIMAL,115.9818,2,2,2,0,0,1.0,115.9818,0.0,0.0,60,0.75,2.0,1.0
030_RC107,30,RC,2,4,OPTIMAL,111.8289,2,2,2,0,0,1.0,111.8289,0.0,0.0,60,0.75,2.0,1.0
030_RC107,30,RC,2,5,OPTIMAL,132.9096,2,2,2,0,0,1.0,132.9096,0.0,0.0,60,0.75,2.0,1.0
030_RC107,30,RC,2,6,OPTIMAL,109.497,2,2,2,0,0,1.0,109.497,0.0,0.0,60,0.75,2.0,1.0
030_RC107,30,RC,2,7,OPTIMAL,125.9832,2,2,2,0,0,1.0,125.9832,0.0,0.0,60,0.75,2.0,1.0
030_RC107,30,RC,2,8,OPTIMAL,108.5925,2,2,2,0,0,1.0,108.5925,0.0,0.0,60,0.75,2.0,1.0
030_RC107,30,RC,2,9,OPTIMAL,112.1199,2,2,2,0,0,1.0,112.1199,0.0,0.0,60,0.75,2.0,1.0
030_RC107,30,RC,4,0,OPTIMAL,238.1641,4,4,4,0,0,1.0,238.1641,0.0,0.0,60,0.75,2.0,1.0
030_RC107,30,RC,4,1,OPTIMAL,254.1017,4,4,4,0,0,1.0,254.1017,0.0,0.0,60,0.75,2.0,1.0
030_RC107,30,RC,4,2,OPTIMAL,222.6138,4,4,4,0,0,1.0,222.6138,0.0,0.0,60,0.75,2.0,1.0
030_RC107,30,RC,4,3,OPTIMAL,283.2469,4,4,4,0,0,1.0,283.2469,0.0,0.0,60,0.75,2.0,1.0
030_RC107,30,RC,4,4,OPTIMAL,232.7765,4,4,4,0,0,1.0,232.7765,0.0,0.0,60,0.75,2.0,1.0
030_RC107,30,RC,4,5,OPTIMAL,236.7092,4,4,4,0,0,1.0,236.7092,0.0,0.0,60,0.75,2.0,1.0
030_RC107,30,RC,4,6,OPTIMAL,252.9066,4,4,4,0,0,1.0,252.9066,0.0,0.0,60,0.75,2.0,1.0
030_RC107,30,RC,4,7,OPTIMAL,263.3789,4,4,4,0,0,1.0,263.3789,0.0,0.0,60,0.75,2.0,1.0
030_RC107,30,RC,4,8,OPTIMAL,227.0191,4,4,4,0,0,1.0,227.0191,0.0,0.0,60,0.75,2.0,1.0
030_RC107,30,RC,4,9,OPTIMAL,217.0876,4,4,4,0,0,1.0,217.0876,0.0,0.0,60,0.75,2.0,1.0
030_RC107,30,RC,6,0,OPTIMAL,367.5924,6,6,6,0,0,1.0,367.5924,0.0,0.0,60,0.75,2.0,1.0
030_RC107,30,RC,6,1,OPTIMAL,397.5516,6,6,6,0,0,1.0,397.5516,0.0,0.0,60,0.75,2.0,1.0
030_RC107,30,RC,6,2,OPTIMAL,368.5987,6,6,6,0,0,1.0,368.5987,0.0,0.0,60,0.75,2.0,1.0
030_RC107,30,RC,6,3,OPTIMAL,385.4992,6,6,6,0,0,1.0,385.4992,0.0,0.0,60,0.75,2.0,1.0
030_RC107,30,RC,6,4,OPTIMAL,329.6422,6,6,6,0,0,1.0,329.6422,0.0,0.0,60,0.75,2.0,1.0
030_RC107,30,RC,6,5,OPTIMAL,384.2437,6,6,6,0,0,1.0,384.2437,0.0,0.0,60,0.75,2.0,1.0
030_RC107,30,RC,6,6,OPTIMAL,347.2733,6,6,6,0,0,1.0,347.2733,0.0,0.0,60,0.75,2.0,1.0
030_RC107,30,RC,6,7,OPTIMAL,350.8248,6,6,6,0,0,1.0,350.8248,0.0,0.0,60,0.75,2.0,1.0
030_RC107,30,RC,6,8,OPTIMAL,340.7262,6,6,6,0,0,1.0,340.7262,0.0,0.0,60,0.75,2.0,1.0
030_RC107,30,RC,6,9,OPTIMAL,391.3496,6,6,6,0,0,1.0,391.3496,0.0,0.0,60,0.75,2.0,1.0
030_RC201,30,RC,2,0,OPTIMAL,50.5366,2,1,1,0,1,0.5,48.9996,0.0,1.537,60,0.75,2.0,1.0
030_RC201,30,RC,2,1,OPTIMAL,116.7944,2,2,2,0,0,1.0,116.7944,0.0,0.0,60,0.75,2.0,1.0
030_RC201,30,RC,2,2,OPTIMAL,139.2037,2,2,2,0,0,1.0,139.2037,0.0,0.0,60,0.75,2.0,1.0
030_RC201,30,RC,2,3,OPTIMAL,67.1071,2,1,1,0,1,0.5,52.2103,0.0,14.8967,60,0.75,2.0,1.0
030_RC201,30,RC,2,4,OPTIMAL,111.8289,2,2,2,0,0,1.0,111.8289,0.0,0.0,60,0.75,2.0,1.0
030_RC201,30,RC,2,5,OPTIMAL,132.9096,2,2,2,0,0,1.0,132.9096,0.0,0.0,60,0.75,2.0,1.0
030_RC201,30,RC,2,6,OPTIMAL,109.497,2,2,2,0,0,1.0,109.497,0.0,0.0,60,0.75,2.0,1.0
030_RC201,30,RC,2,7,OPTIMAL,125.9832,2,2,2,0,0,1.0,125.9832,0.0,0.0,60,0.75,2.0,1.0
030_RC201,30,RC,2,8,OPTIMAL,108.5925,2,2,2,0,0,1.0,108.5925,0.0,0.0,60,0.75,2.0,1.0
030_RC201,30,RC,2,9,OPTIMAL,60.5676,2,1,1,0,1,0.5,57.0197,0.0,3.5479,60,0.75,2.0,1.0
030_RC201,30,RC,4,0,OPTIMAL,238.1641,4,4,4,0,0,1.0,238.1641,0.0,0.0,60,0.75,2.0,1.0
030_RC201,30,RC,4,1,OPTIMAL,203.4611,4,3,3,0,1,0.75,200.7502,0.0,2.711,60,0.75,2.0,1.0
030_RC201,30,RC,4,2,OPTIMAL,222.6138,4,4,4,0,0,1.0,222.6138,0.0,0.0,60,0.75,2.0,1.0
030_RC201,30,RC,4,3,OPTIMAL,283.2469,4,4,4,0,0,1.0,283.2469,0.0,0.0,60,0.75,2.0,1.0
030_RC201,30,RC,4,4,OPTIMAL,232.7765,4,4,4,0,0,1.0,232.7765,0.0,0.0,60,0.75,2.0,1.0
030_RC201,30,RC,4,5,OPTIMAL,179.9453,4,3,3,0,1,0.75,179.4733,0.0,0.472,60,0.75,2.0,1.0
030_RC201,30,RC,4,6,OPTIMAL,252.9066,4,4,4,0,0,1.0,252.9066,0.0,0.0,60,0.75,2.0,1.0
030_RC201,30,RC,4,7,OPTIMAL,263.3789,4,4,4,0,0,1.0,263.3789,0.0,0.0,60,0.75,2.0,1.0
030_RC201,30,RC,4,8,OPTIMAL,227.0191,4,4,4,0,0,1.0,227.0191,0.0,0.0,60,0.75,2.0,1.0
030_RC201,30,RC,4,9,OPTIMAL,217.0876,4,4,4,0,0,1.0,217.0876,0.0,0.0,60,0.75,2.0,1.0
030_RC201,30,RC,6,0,OPTIMAL,325.9014,6,5,5,0,1,0.8333,319.5452,0.0,6.3563,60,0.75,2.0,1.0
030_RC201,30,RC,6,1,OPTIMAL,351.2914,6,5,5,0,1,0.8333,328.1443,0.0,23.1471,60,0.75,2.0,1.0
030_RC201,30,RC,6,2,OPTIMAL,368.5987,6,6,6,0,0,1.0,368.5987,0.0,0.0,60,0.75,2.0,1.0
030_RC201,30,RC,6,3,OPTIMAL,314.8178,6,5,5,0,1,0.8333,312.9418,0.0,1.8759,60,0.75,2.0,1.0
030_RC201,30,RC,6,4,OPTIMAL,177.1389,6,3,3,0,3,0.5,171.5037,0.0,5.6351,60,0.75,2.0,1.0
030_RC201,30,RC,6,5,OPTIMAL,384.2437,6,6,6,0,0,1.0,384.2437,0.0,0.0,60,0.75,2.0,1.0
030_RC201,30,RC,6,6,OPTIMAL,347.2733,6,6,6,0,0,1.0,347.2733,0.0,0.0,60,0.75,2.0,1.0
030_RC201,30,RC,6,7,OPTIMAL,350.8248,6,6,6,0,0,1.0,350.8248,0.0,0.0,60,0.75,2.0,1.0
030_RC201,30,RC,6,8,OPTIMAL,340.7262,6,6,6,0,0,1.0,340.7262,0.0,0.0,60,0.75,2.0,1.0
030_RC201,30,RC,6,9,OPTIMAL,391.3496,6,6,6,0,0,1.0,391.3496,0.0,0.0,60,0.75,2.0,1.0
030_RC203,30,RC,2,0,OPTIMAL,106.2363,2,2,2,0,0,1.0,106.2363,0.0,0.0,60,0.75,2.0,1.0
030_RC203,30,RC,2,1,OPTIMAL,116.7944,2,2,2,0,0,1.0,116.7944,0.0,0.0,60,0.75,2.0,1.0
030_RC203,30,RC,2,2,OPTIMAL,139.2037,2,2,2,0,0,1.0,139.2037,0.0,0.0,60,0.75,2.0,1.0
030_RC203,30,RC,2,3,OPTIMAL,57.5907,2,1,1,0,1,0.5,52.2103,0.0,5.3804,60,0.75,2.0,1.0
030_RC203,30,RC,2,4,OPTIMAL,111.8289,2,2,2,0,0,1.0,111.8289,0.0,0.0,60,0.75,2.0,1.0
030_RC203,30,RC,2,5,OPTIMAL,132.9096,2,2,2,0,0,1.0,132.9096,0.0,0.0,60,0.75,2.0,1.0
030_RC203,30,RC,2,6,OPTIMAL,109.497,2,2,2,0,0,1.0,109.497,0.0,0.0,60,0.75,2.0,1.0
030_RC203,30,RC,2,7,OPTIMAL,125.9832,2,2,2,0,0,1.0,125.9832,0.0,0.0,60,0.75,2.0,1.0
030_RC203,30,RC,2,8,OPTIMAL,108.5925,2,2,2,0,0,1.0,108.5925,0.0,0.0,60,0.75,2.0,1.0
030_RC203,30,RC,2,9,OPTIMAL,64.1155,2,1,1,0,1,0.5,57.0197,0.0,7.0958,60,0.75,2.0,1.0
030_RC203,30,RC,4,0,OPTIMAL,238.1641,4,4,4,0,0,1.0,238.1641,0.0,0.0,60,0.75,2.0,1.0
030_RC203,30,RC,4,1,OPTIMAL,203.4611,4,3,3,0,1,0.75,200.7502,0.0,2.711,60,0.75,2.0,1.0
030_RC203,30,RC,4,2,OPTIMAL,222.6138,4,4,4,0,0,1.0,222.6138,0.0,0.0,60,0.75,2.0,1.0
030_RC203,30,RC,4,3,OPTIMAL,283.2469,4,4,4,0,0,1.0,283.2469,0.0,0.0,60,0.75,2.0,1.0
030_RC203,30,RC,4,4,OPTIMAL,232.7765,4,4,4,0,0,1.0,232.7765,0.0,0.0,60,0.75,2.0,1.0
030_RC203,30,RC,4,5,OPTIMAL,236.7092,4,4,4,0,0,1.0,236.7092,0.0,0.0,60,0.75,2.0,1.0
030_RC203,30,RC,4,6,OPTIMAL,252.9066,4,4,4,0,0,1.0,252.9066,0.0,0.0,60,0.75,2.0,1.0
030_RC203,30,RC,4,7,OPTIMAL,263.3789,4,4,4,0,0,1.0,263.3789,0.0,0.0,60,0.75,2.0,1.0
030_RC203,30,RC,4,8,OPTIMAL,174.4492,4,3,3,0,1,0.75,170.6007,0.0,3.8485,60,0.75,2.0,1.0
030_RC203,30,RC,4,9,OPTIMAL,217.0876,4,4,4,0,0,1.0,217.0876,0.0,0.0,60,0.75,2.0,1.0
030_RC203,30,RC,6,0,OPTIMAL,325.9014,6,5,5,0,1,0.8333,319.5452,0.0,6.3563,60,0.75,2.0,1.0
030_RC203,30,RC,6,1,OPTIMAL,397.5516,6,6,5,1,0,1.0,397.5516,0.0,0.0,60,0.75,2.0,1.0
030_RC203,30,RC,6,2,OPTIMAL,368.5987,6,6,6,0,0,1.0,368.5987,0.0,0.0,60,0.75,2.0,1.0
030_RC203,30,RC,6,3,OPTIMAL,385.4992,6,6,6,0,0,1.0,385.4992,0.0,0.0,60,0.75,2.0,1.0
030_RC203,30,RC,6,4,OPTIMAL,279.332,6,5,4,1,1,0.8333,278.9968,0.0,0.3351,60,0.75,2.0,1.0
030_RC203,30,RC,6,5,OPTIMAL,384.2437,6,6,6,0,0,1.0,384.2437,0.0,0.0,60,0.75,2.0,1.0
030_RC203,30,RC,6,6,OPTIMAL,347.2733,6,6,6,0,0,1.0,347.2733,0.0,0.0,60,0.75,2.0,1.0
030_RC203,30,RC,6,7,OPTIMAL,297.9975,6,5,5,0,1,0.8333,292.7717,0.0,5.2258,60,0.75,2.0,1.0
030_RC203,30,RC,6,8,OPTIMAL,340.7262,6,6,6,0,0,1.0,340.7262,0.0,0.0,60,0.75,2.0,1.0
030_RC203,30,RC,6,9,OPTIMAL,391.3496,6,6,6,0,0,1.0,391.3496,0.0,0.0,60,0.75,2.0,1.0
030_RC205,30,RC,2,0,OPTIMAL,106.2363,2,2,2,0,0,1.0,106.2363,0.0,0.0,60,0.75,2.0,1.0
030_RC205,30,RC,2,1,OPTIMAL,116.7944,2,2,2,0,0,1.0,116.7944,0.0,0.0,60,0.75,2.0,1.0
030_RC205,30,RC,2,2,OPTIMAL,139.2037,2,2,1,1,0,1.0,139.2037,0.0,0.0,60,0.75,2.0,1.0
030_RC205,30,RC,2,3,OPTIMAL,63.5131,2,1,1,0,1,0.5,52.2103,0.0,11.3028,60,0.75,2.0,1.0
030_RC205,30,RC,2,4,OPTIMAL,111.8289,2,2,2,0,0,1.0,111.8289,0.0,0.0,60,0.75,2.0,1.0
030_RC205,30,RC,2,5,OPTIMAL,132.9096,2,2,2,0,0,1.0,132.9096,0.0,0.0,60,0.75,2.0,1.0
030_RC205,30,RC,2,6,OPTIMAL,68.8828,2,1,1,0,1,0.5,53.017,0.0,15.8659,60,0.75,2.0,1.0
030_RC205,30,RC,2,7,OPTIMAL,125.9832,2,2,2,0,0,1.0,125.9832,0.0,0.0,60,0.75,2.0,1.0
030_RC205,30,RC,2,8,OPTIMAL,108.5925,2,2,2,0,0,1.0,108.5925,0.0,0.0,60,0.75,2.0,1.0
030_RC205,30,RC,2,9,OPTIMAL,112.1199,2,2,2,0,0,1.0,112.1199,0.0,0.0,60,0.75,2.0,1.0
030_RC205,30,RC,4,0,OPTIMAL,238.1641,4,4,4,0,0,1.0,238.1641,0.0,0.0,60,0.75,2.0,1.0
030_RC205,30,RC,4,1,OPTIMAL,254.1017,4,4,4,0,0,1.0,254.1017,0.0,0.0,60,0.75,2.0,1.0
030_RC205,30,RC,4,2,OPTIMAL,165.8903,4,3,3,0,1,0.75,164.754,0.0,1.1362,60,0.75,2.0,1.0
030_RC205,30,RC,4,3,OPTIMAL,283.2469,4,4,3,1,0,1.0,283.2469,0.0,0.0,60,0.75,2.0,1.0
030_RC205,30,RC,4,4,OPTIMAL,232.7765,4,4,4,0,0,1.0,232.7765,0.0,0.0,60,0.75,2.0,1.0
030_RC205,30,RC,4,5,OPTIMAL,236.7092,4,4,4,0,0,1.0,236.7092,0.0,0.0,60,0.75,2.0,1.0
030_RC205,30,RC,4,6,OPTIMAL,207.1987,4,3,3,0,1,0.75,197.5664,0.0,9.6324,60,0.75,2.0,1.0
030_RC205,30,RC,4,7,OPTIMAL,263.3789,4,4,4,0,0,1.0,263.3789,0.0,0.0,60,0.75,2.0,1.0
030_RC205,30,RC,4,8,OPTIMAL,175.1589,4,3,3,0,1,0.75,170.6007,0.0,4.5582,60,0.75,2.0,1.0
030_RC205,30,RC,4,9,OPTIMAL,176.6103,4,3,3,0,1,0.75,159.1683,0.0,17.442,60,0.75,2.0,1.0
030_RC205,30,RC,6,0,OPTIMAL,367.5924,6,6,6,0,0,1.0,367.5924,0.0,0.0,60,0.75,2.0,1.0
030_RC205,30,RC,6,1,OPTIMAL,397.5516,6,6,6,0,0,1.0,397.5516,0.0,0.0,60,0.75,2.0,1.0
030_RC205,30,RC,6,2,OPTIMAL,368.5987,6,6,6,0,0,1.0,368.5987,0.0,0.0,60,0.75,2.0,1.0
030_RC205,30,RC,6,3,OPTIMAL,385.4992,6,6,6,0,0,1.0,385.4992,0.0,0.0,60,0.75,2.0,1.0
030_RC205,30,RC,6,4,OPTIMAL,279.1349,6,5,5,0,1,0.8333,278.9968,0.0,0.138,60,0.75,2.0,1.0
030_RC205,30,RC,6,5,OPTIMAL,384.2437,6,6,6,0,0,1.0,384.2437,0.0,0.0,60,0.75,2.0,1.0
030_RC205,30,RC,6,6,OPTIMAL,347.2733,6,6,6,0,0,1.0,347.2733,0.0,0.0,60,0.75,2.0,1.0
030_RC205,30,RC,6,7,OPTIMAL,248.5425,6,4,4,0,2,0.6667,235.8847,0.0,12.6578,60,0.75,2.0,1.0
030_RC205,30,RC,6,8,OPTIMAL,295.0977,6,5,5,0,1,0.8333,280.6237,0.0,14.4739,60,0.75,2.0,1.0
030_RC205,30,RC,6,9,OPTIMAL,391.3496,6,6,6,0,0,1.0,391.3496,0.0,0.0,60,0.75,2.0,1.0
035_C101,35,C,3,0,OPTIMAL,172.6599,3,3,3,0,0,1.0,172.6599,0.0,0.0,60,0.75,2.0,1.0
035_C101,35,C,3,1,OPTIMAL,93.2902,3,2,1,1,1,0.6667,61.4339,0.0,31.8562,60,0.75,2.0,1.0
035_C101,35,C,3,2,OPTIMAL,45.8591,3,1,0,1,2,0.3333,19.9567,0.0,25.9025,60,0.75,2.0,1.0
035_C101,35,C,3,3,OPTIMAL,126.8089,3,3,3,0,0,1.0,126.8089,0.0,0.0,60,0.75,2.0,1.0
035_C101,35,C,3,4,OPTIMAL,49.5839,3,2,1,1,1,0.6667,46.607,0.0,2.9769,60,0.75,2.0,1.0
035_C101,35,C,3,5,OPTIMAL,49.6276,3,2,2,0,1,0.6667,46.1623,0.0,3.4653,60,0.75,2.0,1.0
035_C101,35,C,3,6,OPTIMAL,146.8754,3,3,3,0,0,1.0,146.8754,0.0,0.0,60,0.75,2.0,1.0
035_C101,35,C,3,7,OPTIMAL,91.6304,3,2,2,0,1,0.6667,90.1201,0.0,1.5103,60,0.75,2.0,1.0
035_C101,35,C,3,8,OPTIMAL,118.355,3,2,2,0,1,0.6667,92.3717,0.0,25.9833,60,0.75,2.0,1.0
035_C101,35,C,3,9,OPTIMAL,108.0789,3,2,1,1,1,0.6667,100.6064,0.0,7.4725,60,0.75,2.0,1.0
035_C101,35,C,6,0,OPTIMAL,258.9124,6,6,5,1,0,1.0,258.9124,0.0,0.0,60,0.75,2.0,1.0
035_C101,35,C,6,1,OPTIMAL,242.9555,6,4,4,0,2,0.6667,230.6805,0.0,12.275,60,0.75,2.0,1.0
035_C101,35,C,6,2,OPTIMAL,143.2946,6,4,4,0,2,0.6667,134.2532,0.0,9.0414,60,0.75,2.0,1.0
035_C101,35,C,6,3,OPTIMAL,168.9858,6,4,4,0,2,0.6667,167.9188,0.0,1.067,60,0.75,2.0,1.0
035_C101,35,C,6,4,OPTIMAL,151.1917,6,4,4,0,2,0.6667,143.087,0.0,8.1047,60,0.75,2.0,1.0
035_C101,35,C,6,5,OPTIMAL,199.5742,6,5,4,1,1,0.8333,191.2048,0.0,8.3694,60,0.75,2.0,1.0
035_C101,35,C,6,6,OPTIMAL,255.6502,6,6,6,0,0,1.0,255.6502,0.0,0.0,60,0.75,2.0,1.0
035_C101,35,C,6,7,OPTIMAL,196.8613,6,5,5,0,1,0.8333,194.7757,0.0,2.0856,60,0.75,2.0,1.0
035_C101,35,C,6,8,OPTIMAL,245.9294,6,6,5,1,0,1.0,245.9294,0.0,0.0,60,0.75,2.0,1.0
035_C101,35,C,6,9,OPTIMAL,240.7515,6,4,4,0,2,0.6667,233.4825,0.0,7.2691,60,0.75,2.0,1.0
035_C101,35,C,9,0,OPTIMAL,380.7287,9,9,8,1,0,1.0,380.7287,0.0,0.0,60,0.75,2.0,1.0
035_C101,35,C,9,1,OPTIMAL,271.2283,9,7,5,2,2,0.7778,220.9379,0.0,50.2904,60,0.75,2.0,1.0
035_C101,35,C,9,2,OPTIMAL,160.2751,9,5,3,2,4,0.5556,138.5793,0.0,21.6959,60,0.75,2.0,1.0
035_C101,35,C,9,3,OPTIMAL,313.6996,9,6,6,0,3,0.6667,293.735,0.0,19.9645,60,0.75,2.0,1.0
035_C101,35,C,9,4,OPTIMAL,260.3028,9,6,5,1,3,0.6667,228.5731,0.0,31.7297,60,0.75,2.0,1.0
035_C101,35,C,9,5,OPTIMAL,282.5967,9,6,5,1,3,0.6667,248.8128,0.0,33.7839,60,0.75,2.0,1.0
035_C101,35,C,9,6,OPTIMAL,381.8238,9,8,7,1,1,0.8889,362.8643,0.0,18.9594,60,0.75,2.0,1.0
035_C101,35,C,9,7,OPTIMAL,332.0927,9,8,7,1,1,0.8889,327.2318,0.0,4.8609,60,0.75,2.0,1.0
035_C101,35,C,9,8,OPTIMAL,245.3271,9,6,5,1,3,0.6667,232.2737,0.0,13.0534,60,0.75,2.0,1.0
035_C101,35,C,9,9,OPTIMAL,308.8729,9,7,7,0,2,0.7778,284.5601,0.0,24.3128,60,0.75,2.0,1.0
035_C105,35,C,3,0,OPTIMAL,157.1295,3,2,2,0,1,0.6667,117.3288,0.0,39.8007,60,0.75,2.0,1.0
035_C105,35,C,3,1,OPTIMAL,97.9223,3,2,2,0,1,0.6667,73.4433,0.0,24.479,60,0.75,2.0,1.0
035_C105,35,C,3,2,OPTIMAL,10.3852,3,0,0,0,3,0.0,0.0,0.0,10.3852,60,0.75,2.0,1.0
035_C105,35,C,3,3,OPTIMAL,126.8089,3,3,3,0,0,1.0,126.8089,0.0,0.0,60,0.75,2.0,1.0
035_C105,35,C,3,4,OPTIMAL,93.3429,3,2,2,0,1,0.6667,71.9427,0.0,21.4001,60,0.75,2.0,1.0
035_C105,35,C,3,5,OPTIMAL,36.3251,3,0,0,0,3,0.0,0.0,0.0,36.3251,60,0.75,2.0,1.0
035_C105,35,C,3,6,OPTIMAL,146.8754,3,3,3,0,0,1.0,146.8754,0.0,0.0,60,0.75,2.0,1.0
035_C105,35,C,3,7,OPTIMAL,114.6852,3,3,3,0,0,1.0,114.6852,0.0,0.0,60,0.75,2.0,1.0
035_C105,35,C,3,8,OPTIMAL,125.4359,3,3,2,1,0,1.0,125.4359,0.0,0.0,60,0.75,2.0,1.0
035_C105,35,C,3,9,OPTIMAL,138.5801,3,3,3,0,0,1.0,138.5801,0.0,0.0,60,0.75,2.0,1.0
035_C105,35,C,6,0,OPTIMAL,242.9736,6,5,5,0,1,0.8333,234.8483,0.0,8.1253,60,0.75,2.0,1.0
035_C105,35,C,6,1,OPTIMAL,267.6888,6,5,5,0,1,0.8333,259.0263,0.0,8.6625,60,0.75,2.0,1.0
035_C105,35,C,6,2,OPTIMAL,118.2318,6,1,1,0,5,0.1667,57.9821,0.0,60.2497,60,0.75,2.0,1.0
035_C105,35,C,6,3,OPTIMAL,177.9184,6,4,4,0,2,0.6667,167.9188,0.0,9.9995,60,0.75,2.0,1.0
035_C105,35,C,6,4,OPTIMAL,156.4392,6,4,4,0,2,0.6667,143.087,0.0,13.3522,60,0.75,2.0,1.0
035_C105,35,C,6,5,OPTIMAL,159.343,6,3,3,0,3,0.5,140.5346,0.0,18.8084,60,0.75,2.0,1.0
035_C105,35,C,6,6,OPTIMAL,232.9072,6,5,5,0,1,0.8333,231.6664,0.0,1.2408,60,0.75,2.0,1.0
035_C105,35,C,6,7,OPTIMAL,216.5967,6,4,4,0,2,0.6667,187.647,0.0,28.9497,60,0.75,2.0,1.0
035_C105,35,C,6,8,OPTIMAL,220.7737,6,5,4,1,1,0.8333,193.5582,0.0,27.2155,60,0.75,2.0,1.0
035_C105,35,C,6,9,OPTIMAL,273.2415,6,5,5,0,1,0.8333,263.9631,0.0,9.2785,60,0.75,2.0,1.0
035_C105,35,C,9,0,OPTIMAL,353.0971,9,8,7,1,1,0.8889,352.0713,0.0,1.0258,60,0.75,2.0,1.0
035_C105,35,C,9,1,OPTIMAL,247.5197,9,5,3,2,4,0.5556,196.516,0.0,51.0037,60,0.75,2.0,1.0
035_C105,35,C,9,2,OPTIMAL,234.1492,9,6,6,0,3,0.6667,194.5629,0.0,39.5863,60,0.75,2.0,1.0
035_C105,35,C,9,3,OPTIMAL,330.3833,9,7,7,0,2,0.7778,298.945,0.0,31.4383,60,0.75,2.0,1.0
035_C105,35,C,9,4,OPTIMAL,290.1685,9,6,5,1,3,0.6667,269.4586,0.0,20.71,60,0.75,2.0,1.0
035_C105,35,C,9,5,OPTIMAL,231.7955,9,6,6,0,3,0.6667,223.1732,0.0,8.6224,60,0.75,2.0,1.0
035_C105,35,C,9,6,OPTIMAL,339.7758,9,6,6,0,3,0.6667,317.211,0.0,22.5648,60,0.75,2.0,1.0
035_C105,35,C,9,7,OPTIMAL,286.1561,9,7,7,0,2,0.7778,281.0943,0.0,5.0619,60,0.75,2.0,1.0
035_C105,35,C,9,8,OPTIMAL,206.9565,9,4,3,1,5,0.4444,139.3496,0.0,67.6069,60,0.75,2.0,1.0
035_C105,35,C,9,9,OPTIMAL,286.3013,9,7,7,0,2,0.7778,285.987,0.0,0.3143,60,0.75,2.0,1.0
035_C106,35,C,3,0,OPTIMAL,172.6599,3,3,3,0,0,1.0,172.6599,0.0,0.0,60,0.75,2.0,1.0
035_C106,35,C,3,1,OPTIMAL,105.7836,3,2,1,1,1,0.6667,77.549,0.0,28.2346,60,0.75,2.0,1.0
035_C106,35,C,3,2,OPTIMAL,49.4614,3,2,1,1,1,0.6667,46.2028,0.0,3.2585,60,0.75,2.0,1.0
035_C106,35,C,3,3,OPTIMAL,126.8089,3,3,2,1,0,1.0,126.8089,0.0,0.0,60,0.75,2.0,1.0
035_C106,35,C,3,4,OPTIMAL,97.8449,3,3,3,0,0,1.0,97.8449,0.0,0.0,60,0.75,2.0,1.0
035_C106,35,C,3,5,OPTIMAL,94.3967,3,3,2,1,0,1.0,94.3967,0.0,0.0,60,0.75,2.0,1.0
035_C106,35,C,3,6,OPTIMAL,146.8754,3,3,3,0,0,1.0,146.8754,0.0,0.0,60,0.75,2.0,1.0
035_C106,35,C,3,7,OPTIMAL,75.3858,3,1,1,0,2,0.3333,37.9162,0.0,37.4697,60,0.75,2.0,1.0
035_C106,35,C,3,8,OPTIMAL,125.4359,3,3,2,1,0,1.0,125.4359,0.0,0.0,60,0.75,2.0,1.0
035_C106,35,C,3,9,OPTIMAL,138.5801,3,3,2,1,0,1.0,138.5801,0.0,0.0,60,0.75,2.0,1.0
035_C106,35,C,6,0,OPTIMAL,258.9124,6,6,6,0,0,1.0,258.9124,0.0,0.0,60,0.75,2.0,1.0
035_C106,35,C,6,1,OPTIMAL,245.4347,6,4,4,0,2,0.6667,230.6805,0.0,14.7542,60,0.75,2.0,1.0
035_C106,35,C,6,2,OPTIMAL,147.0557,6,4,4,0,2,0.6667,140.1525,0.0,6.9033,60,0.75,2.0,1.0
035_C106,35,C,6,3,OPTIMAL,180.8676,6,4,4,0,2,0.6667,164.8664,0.0,16.0012,60,0.75,2.0,1.0
035_C106,35,C,6,4,OPTIMAL,140.4087,6,5,4,1,1,0.8333,140.4064,0.0,0.0024,60,0.75,2.0,1.0
035_C106,35,C,6,5,OPTIMAL,194.5064,6,5,5,0,1,0.8333,191.2048,0.0,3.3015,60,0.75,2.0,1.0
035_C106,35,C,6,6,OPTIMAL,211.0285,6,3,3,0,3,0.5,145.4283,0.0,65.6001,60,0.75,2.0,1.0
035_C106,35,C,6,7,OPTIMAL,165.026,6,4,4,0,2,0.6667,161.8371,0.0,3.1889,60,0.75,2.0,1.0
035_C106,35,C,6,8,OPTIMAL,245.9294,6,6,5,1,0,1.0,245.9294,0.0,0.0,60,0.75,2.0,1.0
035_C106,35,C,6,9,OPTIMAL,267.8636,6,5,5,0,1,0.8333,267.3324,0.0,0.5312,60,0.75,2.0,1.0
035_C106,35,C,9,0,OPTIMAL,353.0971,9,8,8,0,1,0.8889,352.0713,0.0,1.0258,60,0.75,2.0,1.0
035_C106,35,C,9,1,OPTIMAL,277.1386,9,8,6,2,1,0.8889,266.7211,0.0,10.4175,60,0.75,2.0,1.0
035_C106,35,C,9,2,OPTIMAL,234.4425,9,7,6,1,2,0.7778,218.4309,0.0,16.0115,60,0.75,2.0,1.0
035_C106,35,C,9,3,OPTIMAL,347.1943,9,8,7,1,1,0.8889,342.3923,0.0,4.802,60,0.75,2.0,1.0
035_C106,35,C,9,4,OPTIMAL,296.0941,9,7,7,0,2,0.7778,261.5276,0.0,34.5666,60,0.75,2.0,1.0
035_C106,35,C,9,5,OPTIMAL,327.2576,9,8,8,0,1,0.8889,301.3864,0.0,25.8712,60,0.75,2.0,1.0
035_C106,35,C,9,6,OPTIMAL,339.7758,9,6,6,0,3,0.6667,317.211,0.0,22.5648,60,0.75,2.0,1.0
035_C106,35,C,9,7,OPTIMAL,314.2217,9,7,6,1,2,0.7778,304.2044,0.0,10.0173,60,0.75,2.0,1.0
035_C106,35,C,9,8,OPTIMAL,228.9857,9,4,3,1,5,0.4444,164.8701,0.0,64.1155,60,0.75,2.0,1.0
035_C106,35,C,9,9,OPTIMAL,286.3013,9,7,7,0,2,0.7778,285.987,0.0,0.3143,60,0.75,2.0,1.0
035_C107,35,C,3,0,OPTIMAL,172.6599,3,3,3,0,0,1.0,172.6599,0.0,0.0,60,0.75,2.0,1.0
035_C107,35,C,3,1,OPTIMAL,106.2131,3,3,3,0,0,1.0,106.2131,0.0,0.0,60,0.75,2.0,1.0
035_C107,35,C,3,2,OPTIMAL,43.8883,3,1,1,0,2,0.3333,26.2461,0.0,17.6421,60,0.75,2.0,1.0
035_C107,35,C,3,3,OPTIMAL,126.8089,3,3,3,0,0,1.0,126.8089,0.0,0.0,60,0.75,2.0,1.0
035_C107,35,C,3,4,OPTIMAL,97.8449,3,3,3,0,0,1.0,97.8449,0.0,0.0,60,0.75,2.0,1.0
035_C107,35,C,3,5,OPTIMAL,94.3967,3,3,3,0,0,1.0,94.3967,0.0,0.0,60,0.75,2.0,1.0
035_C107,35,C,3,6,OPTIMAL,146.8754,3,3,3,0,0,1.0,146.8754,0.0,0.0,60,0.75,2.0,1.0
035_C107,35,C,3,7,OPTIMAL,114.6852,3,3,3,0,0,1.0,114.6852,0.0,0.0,60,0.75,2.0,1.0
035_C107,35,C,3,8,OPTIMAL,96.4371,3,2,2,0,1,0.6667,93.4526,0.0,2.9844,60,0.75,2.0,1.0
035_C107,35,C,3,9,OPTIMAL,138.5801,3,3,3,0,0,1.0,138.5801,0.0,0.0,60,0.75,2.0,1.0
035_C107,35,C,6,0,OPTIMAL,169.1738,6,3,3,0,3,0.5,146.799,0.0,22.3747,60,0.75,2.0,1.0
035_C107,35,C,6,1,OPTIMAL,289.0518,6,6,6,0,0,1.0,289.0518,0.0,0.0,60,0.75,2.0,1.0
035_C107,35,C,6,2,OPTIMAL,158.883,6,5,4,1,1,0.8333,155.8953,0.0,2.9878,60,0.75,2.0,1.0
035_C107,35,C,6,3,OPTIMAL,190.2535,6,5,5,0,1,0.8333,165.4379,0.0,24.8156,60,0.75,2.0,1.0
035_C107,35,C,6,4,OPTIMAL,183.3331,6,4,4,0,2,0.6667,133.2687,0.0,50.0643,60,0.75,2.0,1.0
035_C107,35,C,6,5,OPTIMAL,185.4843,6,4,4,0,2,0.6667,167.2424,0.0,18.2419,60,0.75,2.0,1.0
035_C107,35,C,6,6,OPTIMAL,228.9976,6,4,3,1,2,0.6667,185.2539,0.0,43.7436,60,0.75,2.0,1.0
035_C107,35,C,6,7,OPTIMAL,201.3786,6,5,4,1,1,0.8333,197.0431,0.0,4.3355,60,0.75,2.0,1.0
035_C107,35,C,6,8,OPTIMAL,224.501,6,5,4,1,1,0.8333,222.0863,0.0,2.4147,60,0.75,2.0,1.0
035_C107,35,C,6,9,OPTIMAL,277.3295,6,5,5,0,1,0.8333,267.3324,0.0,9.9971,60,0.75,2.0,1.0
035_C107,35,C,9,0,OPTIMAL,324.9106,9,7,5,2,2,0.7778,305.9236,0.0,18.987,60,0.75,2.0,1.0
035_C107,35,C,9,1,OPTIMAL,287.2742,9,8,8,0,1,0.8889,279.8597,0.0,7.4144,60,0.75,2.0,1.0
035_C107,35,C,9,2,OPTIMAL,195.2813,9,5,5,0,4,0.5556,155.7007,0.0,39.5805,60,0.75,2.0,1.0
035_C107,35,C,9,3,OPTIMAL,252.2965,9,6,6,0,3,0.6667,242.695,0.0,9.6016,60,0.75,2.0,1.0
035_C107,35,C,9,4,OPTIMAL,347.7651,9,9,7,2,0,1.0,347.7651,0.0,0.0,60,0.75,2.0,1.0
035_C107,35,C,9,5,OPTIMAL,311.396,9,8,7,1,1,0.8889,310.7378,0.0,0.6582,60,0.75,2.0,1.0
035_C107,35,C,9,6,OPTIMAL,283.9858,9,6,6,0,3,0.6667,257.1683,0.0,26.8174,60,0.75,2.0,1.0
035_C107,35,C,9,7,OPTIMAL,336.7826,9,8,8,0,1,0.8889,325.0528,0.0,11.7297,60,0.75,2.0,1.0
035_C107,35,C,9,8,OPTIMAL,229.388,9,5,4,1,4,0.5556,197.4185,0.0,31.9695,60,0.75,2.0,1.0
035_C107,35,C,9,9,OPTIMAL,312.2001,9,8,7,1,1,0.8889,312.0625,0.0,0.1377,60,0.75,2.0,1.0
035_C108,35,C,3,0,OPTIMAL,172.6599,3,3,3,0,0,1.0,172.6599,0.0,0.0,60,0.75,2.0,1.0
035_C108,35,C,3,1,OPTIMAL,34.1621,3,1,1,0,2,0.3333,28.6641,0.0,5.498,60,0.75,2.0,1.0
035_C108,35,C,3,2,OPTIMAL,49.4614,3,2,1,1,1,0.6667,46.2028,0.0,3.2585,60,0.75,2.0,1.0
035_C108,35,C,3,3,OPTIMAL,126.8089,3,3,3,0,0,1.0,126.8089,0.0,0.0,60,0.75,2.0,1.0
035_C108,35,C,3,4,OPTIMAL,85.8664,3,2,2,0,1,0.6667,46.607,0.0,39.2595,60,0.75,2.0,1.0
035_C108,35,C,3,5,OPTIMAL,46.8342,3,2,2,0,1,0.6667,46.1623,0.0,0.6719,60,0.75,2.0,1.0
035_C108,35,C,3,6,OPTIMAL,146.8754,3,3,3,0,0,1.0,146.8754,0.0,0.0,60,0.75,2.0,1.0
035_C108,35,C,3,7,OPTIMAL,112.4575,3,2,2,0,1,0.6667,90.1201,0.0,22.3374,60,0.75,2.0,1.0
035_C108,35,C,3,8,OPTIMAL,96.4371,3,2,2,0,1,0.6667,93.4526,0.0,2.9844,60,0.75,2.0,1.0
035_C108,35,C,3,9,OPTIMAL,138.5801,3,3,2,1,0,1.0,138.5801,0.0,0.0,60,0.75,2.0,1.0
035_C108,35,C,6,0,OPTIMAL,255.8281,6,5,4,1,1,0.8333,234.8483,0.0,20.9799,60,0.75,2.0,1.0
035_C108,35,C,6,1,OPTIMAL,261.7408,6,5,4,1,1,0.8333,260.706,0.0,1.0348,60,0.75,2.0,1.0
035_C108,35,C,6,2,OPTIMAL,164.2834,6,5,5,0,1,0.8333,155.8953,0.0,8.3882,60,0.75,2.0,1.0
035_C108,35,C,6,3,OPTIMAL,213.4626,6,6,4,2,0,1.0,213.4626,0.0,0.0,60,0.75,2.0,1.0
035_C108,35,C,6,4,OPTIMAL,162.5598,6,4,4,0,2,0.6667,139.535,0.0,23.0248,60,0.75,2.0,1.0
035_C108,35,C,6,5,OPTIMAL,192.1138,6,4,4,0,2,0.6667,167.2424,0.0,24.8714,60,0.75,2.0,1.0
035_C108,35,C,6,6,OPTIMAL,239.2152,6,5,4,1,1,0.8333,231.6664,0.0,7.5488,60,0.75,2.0,1.0
035_C108,35,C,6,7,OPTIMAL,180.4938,6,4,4,0,2,0.6667,164.1045,0.0,16.3893,60,0.75,2.0,1.0
035_C108,35,C,6,8,OPTIMAL,208.3092,6,4,4,0,2,0.6667,169.7151,0.0,38.5941,60,0.75,2.0,1.0
035_C108,35,C,6,9,OPTIMAL,267.371,6,5,5,0,1,0.8333,267.3324,0.0,0.0386,60,0.75,2.0,1.0
035_C108,35,C,9,0,OPTIMAL,331.1238,9,8,7,1,1,0.8889,329.5806,0.0,1.5433,60,0.75,2.0,1.0
035_C108,35,C,9,1,OPTIMAL,273.5199,9,8,6,2,1,0.8889,271.8206,0.0,1.6994,60,0.75,2.0,1.0
035_C108,35,C,9,2,OPTIMAL,251.1984,9,7,7,0,2,0.7778,216.7118,0.0,34.4866,60,0.75,2.0,1.0
035_C108,35,C,9,3,OPTIMAL,340.938,9,7,4,3,2,0.7778,320.7879,0.0,20.1501,60,0.75,2.0,1.0
035_C108,35,C,9,4,OPTIMAL,347.7651,9,9,9,0,0,1.0,347.7651,0.0,0.0,60,0.75,2.0,1.0
035_C108,35,C,9,5,OPTIMAL,267.896,9,6,6,0,3,0.6667,255.8821,0.0,12.0139,60,0.75,2.0,1.0
035_C108,35,C,9,6,OPTIMAL,349.241,9,7,7,0,2,0.7778,330.5335,0.0,18.7075,60,0.75,2.0,1.0
035_C108,35,C,9,7,OPTIMAL,336.7826,9,8,8,0,1,0.8889,325.0528,0.0,11.7297,60,0.75,2.0,1.0
035_C108,35,C,9,8,OPTIMAL,255.3106,9,6,4,2,3,0.6667,214.0911,0.0,41.2195,60,0.75,2.0,1.0
035_C108,35,C,9,9,OPTIMAL,262.6625,9,6,4,2,3,0.6667,254.7006,0.0,7.9619,60,0.75,2.0,1.0
035_C201,35,C,3,0,OPTIMAL,128.8367,3,3,3,0,0,1.0,128.8367,0.0,0.0,60,0.75,2.0,1.0
035_C201,35,C,3,1,OPTIMAL,96.1893,3,3,3,0,0,1.0,96.1893,0.0,0.0,60,0.75,2.0,1.0
035_C201,35,C,3,2,OPTIMAL,125.0398,3,3,3,0,0,1.0,125.0398,0.0,0.0,60,0.75,2.0,1.0
035_C201,35,C,3,3,OPTIMAL,129.3,3,3,3,0,0,1.0,129.3,0.0,0.0,60,0.75,2.0,1.0
035_C201,35,C,3,4,OPTIMAL,132.9305,3,3,3,0,0,1.0,132.9305,0.0,0.0,60,0.75,2.0,1.0
035_C201,35,C,3,5,OPTIMAL,118.9917,3,3,3,0,0,1.0,118.9917,0.0,0.0,60,0.75,2.0,1.0
035_C201,35,C,3,6,OPTIMAL,92.351,3,3,2,1,0,1.0,92.351,0.0,0.0,60,0.75,2.0,1.0
035_C201,35,C,3,7,OPTIMAL,79.6158,3,3,3,0,0,1.0,79.6158,0.0,0.0,60,0.75,2.0,1.0
035_C201,35,C,3,8,OPTIMAL,114.8073,3,3,3,0,0,1.0,114.8073,0.0,0.0,60,0.75,2.0,1.0
035_C201,35,C,3,9,OPTIMAL,89.4249,3,2,2,0,1,0.6667,56.7219,0.0,32.7031,60,0.75,2.0,1.0
035_C201,35,C,6,0,OPTIMAL,232.4894,6,6,6,0,0,1.0,232.4894,0.0,0.0,60,0.75,2.0,1.0
035_C201,35,C,6,1,OPTIMAL,192.437,6,6,6,0,0,1.0,192.437,0.0,0.0,60,0.75,2.0,1.0
035_C201,35,C,6,2,OPTIMAL,240.5015,6,6,6,0,0,1.0,240.5015,0.0,0.0,60,0.75,2.0,1.0
035_C201,35,C,6,3,OPTIMAL,188.7862,6,5,5,0,1,0.8333,188.0374,0.0,0.7488,60,0.75,2.0,1.0
035_C201,35,C,6,4,OPTIMAL,249.2118,6,6,5,1,0,1.0,249.2118,0.0,0.0,60,0.75,2.0,1.0
035_C201,35,C,6,5,OPTIMAL,202.9051,6,5,5,0,1,0.8333,201.1221,0.0,1.783,60,0.75,2.0,1.0
035_C201,35,C,6,6,OPTIMAL,284.3722,6,6,6,0,0,1.0,284.3722,0.0,0.0,60,0.75,2.0,1.0
035_C201,35,C,6,7,OPTIMAL,159.5901,6,4,4,0,2,0.6667,132.7814,0.0,26.8087,60,0.75,2.0,1.0
035_C201,35,C,6,8,OPTIMAL,180.5039,6,5,5,0,1,0.8333,168.8918,0.0,11.6121,60,0.75,2.0,1.0
035_C201,35,C,6,9,OPTIMAL,241.5319,6,5,5,0,1,0.8333,241.3331,0.0,0.1989,60,0.75,2.0,1.0
035_C201,35,C,9,0,OPTIMAL,376.3582,9,9,9,0,0,1.0,376.3582,0.0,0.0,60,0.75,2.0,1.0
035_C201,35,C,9,1,OPTIMAL,307.7134,9,9,8,1,0,1.0,307.7134,0.0,0.0,60,0.75,2.0,1.0
035_C201,35,C,9,2,OPTIMAL,253.5046,9,6,5,1,3,0.6667,226.3133,0.0,27.1913,60,0.75,2.0,1.0
035_C201,35,C,9,3,OPTIMAL,433.6627,9,9,9,0,0,1.0,433.6627,0.0,0.0,60,0.75,2.0,1.0
035_C201,35,C,9,4,OPTIMAL,316.7726,9,8,8,0,1,0.8889,304.487,0.0,12.2856,60,0.75,2.0,1.0
035_C201,35,C,9,5,OPTIMAL,311.1518,9,8,7,1,1,0.8889,304.4396,0.0,6.7122,60,0.75,2.0,1.0
035_C201,35,C,9,6,OPTIMAL,357.6791,9,9,9,0,0,1.0,357.6791,0.0,0.0,60,0.75,2.0,1.0
035_C201,35,C,9,7,OPTIMAL,360.0962,9,8,7,1,1,0.8889,343.4988,0.0,16.5973,60,0.75,2.0,1.0
035_C201,35,C,9,8,OPTIMAL,365.1719,9,8,8,0,1,0.8889,365.1719,0.0,0.0,60,0.75,2.0,1.0
035_C201,35,C,9,9,OPTIMAL,391.1042,9,9,9,0,0,1.0,391.1042,0.0,0.0,60,0.75,2.0,1.0
035_C202,35,C,3,0,OPTIMAL,128.8367,3,3,3,0,0,1.0,128.8367,0.0,0.0,60,0.75,2.0,1.0
035_C202,35,C,3,1,OPTIMAL,96.1893,3,3,3,0,0,1.0,96.1893,0.0,0.0,60,0.75,2.0,1.0
035_C202,35,C,3,2,OPTIMAL,125.0398,3,3,3,0,0,1.0,125.0398,0.0,0.0,60,0.75,2.0,1.0
035_C202,35,C,3,3,OPTIMAL,129.3,3,3,3,0,0,1.0,129.3,0.0,0.0,60,0.75,2.0,1.0
035_C202,35,C,3,4,OPTIMAL,132.9305,3,3,3,0,0,1.0,132.9305,0.0,0.0,60,0.75,2.0,1.0
035_C202,35,C,3,5,OPTIMAL,118.9917,3,3,2,1,0,1.0,118.9917,0.0,0.0,60,0.75,2.0,1.0
035_C202,35,C,3,6,OPTIMAL,92.351,3,3,2,1,0,1.0,92.351,0.0,0.0,60,0.75,2.0,1.0
035_C202,35,C,3,7,OPTIMAL,79.6158,3,3,3,0,0,1.0,79.6158,0.0,0.0,60,0.75,2.0,1.0
035_C202,35,C,3,8,OPTIMAL,114.8073,3,3,3,0,0,1.0,114.8073,0.0,0.0,60,0.75,2.0,1.0
035_C202,35,C,3,9,OPTIMAL,63.3102,3,2,2,0,1,0.6667,56.7219,0.0,6.5883,60,0.75,2.0,1.0
035_C202,35,C,6,0,OPTIMAL,232.4894,6,6,6,0,0,1.0,232.4894,0.0,0.0,60,0.75,2.0,1.0
035_C202,35,C,6,1,OPTIMAL,192.437,6,6,6,0,0,1.0,192.437,0.0,0.0,60,0.75,2.0,1.0
035_C202,35,C,6,2,OPTIMAL,240.5015,6,6,6,0,0,1.0,240.5015,0.0,0.0,60,0.75,2.0,1.0
035_C202,35,C,6,3,OPTIMAL,176.2244,6,4,4,0,2,0.6667,169.9279,0.0,6.2965,60,0.75,2.0,1.0
035_C202,35,C,6,4,OPTIMAL,249.2118,6,6,6,0,0,1.0,249.2118,0.0,0.0,60,0.75,2.0,1.0
035_C202,35,C,6,5,OPTIMAL,219.7327,6,6,5,1,0,1.0,219.7327,0.0,0.0,60,0.75,2.0,1.0
035_C202,35,C,6,6,OPTIMAL,284.3722,6,6,6,0,0,1.0,284.3722,0.0,0.0,60,0.75,2.0,1.0
035_C202,35,C,6,7,OPTIMAL,189.7016,6,5,5,0,1,0.8333,184.1991,0.0,5.5026,60,0.75,2.0,1.0
035_C202,35,C,6,8,OPTIMAL,201.1484,6,6,5,1,0,1.0,201.1484,0.0,0.0,60,0.75,2.0,1.0
035_C202,35,C,6,9,OPTIMAL,267.6776,6,6,5,1,0,1.0,267.6776,0.0,0.0,60,0.75,2.0,1.0
035_C202,35,C,9,0,OPTIMAL,376.3582,9,9,9,0,0,1.0,376.3582,0.0,0.0,60,0.75,2.0,1.0
035_C202,35,C,9,1,OPTIMAL,283.9568,9,8,8,0,1,0.8889,275.7461,0.0,8.2108,60,0.75,2.0,1.0
035_C202,35,C,9,2,OPTIMAL,252.9673,9,6,5,1,3,0.6667,215.3589,0.0,37.6083,60,0.75,2.0,1.0
035_C202,35,C,9,3,OPTIMAL,433.6627,9,9,9,0,0,1.0,433.6627,0.0,0.0,60,0.75,2.0,1.0
035_C202,35,C,9,4,OPTIMAL,316.7726,9,8,8,0,1,0.8889,304.487,0.0,12.2856,60,0.75,2.0,1.0
035_C202,35,C,9,5,OPTIMAL,311.1518,9,8,8,0,1,0.8889,304.4396,0.0,6.7122,60,0.75,2.0,1.0
035_C202,35,C,9,6,OPTIMAL,357.6791,9,9,9,0,0,1.0,357.6791,0.0,0.0,60,0.75,2.0,1.0
035_C202,35,C,9,7,OPTIMAL,344.8784,9,8,8,0,1,0.8889,340.0133,0.0,4.8651,60,0.75,2.0,1.0
035_C202,35,C,9,8,OPTIMAL,398.1572,9,9,9,0,0,1.0,398.1572,0.0,0.0,60,0.75,2.0,1.0
035_C202,35,C,9,9,OPTIMAL,391.1042,9,9,9,0,0,1.0,391.1042,0.0,0.0,60,0.75,2.0,1.0
035_C205,35,C,3,0,OPTIMAL,128.8367,3,3,3,0,0,1.0,128.8367,0.0,0.0,60,0.75,2.0,1.0
035_C205,35,C,3,1,OPTIMAL,91.4618,3,2,2,0,1,0.6667,76.2425,0.0,15.2193,60,0.75,2.0,1.0
035_C205,35,C,3,2,OPTIMAL,125.0398,3,3,2,1,0,1.0,125.0398,0.0,0.0,60,0.75,2.0,1.0
035_C205,35,C,3,3,OPTIMAL,129.3,3,3,3,0,0,1.0,129.3,0.0,0.0,60,0.75,2.0,1.0
035_C205,35,C,3,4,OPTIMAL,132.9305,3,3,3,0,0,1.0,132.9305,0.0,0.0,60,0.75,2.0,1.0
035_C205,35,C,3,5,OPTIMAL,118.9917,3,3,3,0,0,1.0,118.9917,0.0,0.0,60,0.75,2.0,1.0
035_C205,35,C,3,6,OPTIMAL,92.351,3,3,3,0,0,1.0,92.351,0.0,0.0,60,0.75,2.0,1.0
035_C205,35,C,3,7,OPTIMAL,79.6158,3,3,3,0,0,1.0,79.6158,0.0,0.0,60,0.75,2.0,1.0
035_C205,35,C,3,8,OPTIMAL,114.8073,3,3,2,1,0,1.0,114.8073,0.0,0.0,60,0.75,2.0,1.0
035_C205,35,C,3,9,OPTIMAL,90.9959,3,2,2,0,1,0.6667,84.5878,0.0,6.4081,60,0.75,2.0,1.0
035_C205,35,C,6,0,OPTIMAL,232.4894,6,6,6,0,0,1.0,232.4894,0.0,0.0,60,0.75,2.0,1.0
035_C205,35,C,6,1,OPTIMAL,163.4344,6,5,5,0,1,0.8333,163.0269,0.0,0.4075,60,0.75,2.0,1.0
035_C205,35,C,6,2,OPTIMAL,240.5015,6,6,5,1,0,1.0,240.5015,0.0,0.0,60,0.75,2.0,1.0
035_C205,35,C,6,3,OPTIMAL,243.1785,6,6,6,0,0,1.0,243.1785,0.0,0.0,60,0.75,2.0,1.0
035_C205,35,C,6,4,OPTIMAL,249.2118,6,6,6,0,0,1.0,249.2118,0.0,0.0,60,0.75,2.0,1.0
035_C205,35,C,6,5,OPTIMAL,164.1176,6,4,4,0,2,0.6667,153.6064,0.0,10.5112,60,0.75,2.0,1.0
035_C205,35,C,6,6,OPTIMAL,284.3722,6,6,5,1,0,1.0,284.3722,0.0,0.0,60,0.75,2.0,1.0
035_C205,35,C,6,7,OPTIMAL,144.4308,6,3,3,0,3,0.5,113.8508,0.0,30.58,60,0.75,2.0,1.0
035_C205,35,C,6,8,OPTIMAL,162.0432,6,5,5,0,1,0.8333,149.0198,0.0,13.0234,60,0.75,2.0,1.0
035_C205,35,C,6,9,OPTIMAL,267.6776,6,6,6,0,0,1.0,267.6776,0.0,0.0,60,0.75,2.0,1.0
035_C205,35,C,9,0,OPTIMAL,340.8401,9,7,7,0,2,0.7778,332.8795,0.0,7.9606,60,0.75,2.0,1.0
035_C205,35,C,9,1,OPTIMAL,282.6181,9,7,7,0,2,0.7778,271.7793,0.0,10.8388,60,0.75,2.0,1.0
035_C205,35,C,9,2,OPTIMAL,322.2409,9,8,8,0,1,0.8889,313.4541,0.0,8.7868,60,0.75,2.0,1.0
035_C205,35,C,9,3,OPTIMAL,433.6627,9,9,9,0,0,1.0,433.6627,0.0,0.0,60,0.75,2.0,1.0
035_C205,35,C,9,4,OPTIMAL,300.8668,9,7,7,0,2,0.7778,287.797,0.0,13.0698,60,0.75,2.0,1.0
035_C205,35,C,9,5,OPTIMAL,282.1471,9,7,7,0,2,0.7778,258.6362,0.0,23.5109,60,0.75,2.0,1.0
035_C205,35,C,9,6,OPTIMAL,357.6791,9,9,8,1,0,1.0,357.6791,0.0,0.0,60,0.75,2.0,1.0
035_C205,35,C,9,7,OPTIMAL,364.8115,9,9,9,0,0,1.0,364.8115,0.0,0.0,60,0.75,2.0,1.0
035_C205,35,C,9,8,OPTIMAL,398.1572,9,9,9,0,0,1.0,398.1572,0.0,0.0,60,0.75,2.0,1.0
035_C205,35,C,9,9,OPTIMAL,366.7223,9,8,8,0,1,0.8889,363.3795,0.0,3.3427,60,0.75,2.0,1.0
035_C206,35,C,3,0,OPTIMAL,128.8367,3,3,3,0,0,1.0,128.8367,0.0,0.0,60,0.75,2.0,1.0
035_C206,35,C,3,1,OPTIMAL,96.1893,3,3,3,0,0,1.0,96.1893,0.0,0.0,60,0.75,2.0,1.0
035_C206,35,C,3,2,OPTIMAL,125.0398,3,3,2,1,0,1.0,125.0398,0.0,0.0,60,0.75,2.0,1.0
035_C206,35,C,3,3,OPTIMAL,129.3,3,3,3,0,0,1.0,129.3,0.0,0.0,60,0.75,2.0,1.0
035_C206,35,C,3,4,OPTIMAL,132.9305,3,3,3,0,0,1.0,132.9305,0.0,0.0,60,0.75,2.0,1.0
035_C206,35,C,3,5,OPTIMAL,118.9917,3,3,3,0,0,1.0,118.9917,0.0,0.0,60,0.75,2.0,1.0
035_C206,35,C,3,6,OPTIMAL,92.351,3,3,3,0,0,1.0,92.351,0.0,0.0,60,0.75,2.0,1.0
035_C206,35,C,3,7,OPTIMAL,47.8256,3,2,2,0,1,0.6667,41.4688,0.0,6.3568,60,0.75,2.0,1.0
035_C206,35,C,3,8,OPTIMAL,114.8073,3,3,3,0,0,1.0,114.8073,0.0,0.0,60,0.75,2.0,1.0
035_C206,35,C,3,9,OPTIMAL,79.6053,3,2,2,0,1,0.6667,56.7219,0.0,22.8835,60,0.75,2.0,1.0
035_C206,35,C,6,0,OPTIMAL,217.3155,6,5,5,0,1,0.8333,210.6388,0.0,6.6767,60,0.75,2.0,1.0
035_C206,35,C,6,1,OPTIMAL,192.437,6,6,6,0,0,1.0,192.437,0.0,0.0,60,0.75,2.0,1.0
035_C206,35,C,6,2,OPTIMAL,240.5015,6,6,6,0,0,1.0,240.5015,0.0,0.0,60,0.75,2.0,1.0
035_C206,35,C,6,3,OPTIMAL,243.1785,6,6,6,0,0,1.0,243.1785,0.0,0.0,60,0.75,2.0,1.0
035_C206,35,C,6,4,OPTIMAL,249.2118,6,6,6,0,0,1.0,249.2118,0.0,0.0,60,0.75,2.0,1.0
035_C206,35,C,6,5,OPTIMAL,219.7327,6,6,6,0,0,1.0,219.7327,0.0,0.0,60,0.75,2.0,1.0
035_C206,35,C,6,6,OPTIMAL,284.3722,6,6,6,0,0,1.0,284.3722,0.0,0.0,60,0.75,2.0,1.0
035_C206,35,C,6,7,OPTIMAL,206.1395,6,6,5,1,0,1.0,206.1395,0.0,0.0,60,0.75,2.0,1.0
035_C206,35,C,6,8,OPTIMAL,201.1484,6,6,5,1,0,1.0,201.1484,0.0,0.0,60,0.75,2.0,1.0
035_C206,35,C,6,9,OPTIMAL,267.6776,6,6,6,0,0,1.0,267.6776,0.0,0.0,60,0.75,2.0,1.0
035_C206,35,C,9,0,OPTIMAL,376.3582,9,9,9,0,0,1.0,376.3582,0.0,0.0,60,0.75,2.0,1.0
035_C206,35,C,9,1,OPTIMAL,281.9295,9,8,8,0,1,0.8889,275.7461,0.0,6.1834,60,0.75,2.0,1.0
035_C206,35,C,9,2,OPTIMAL,328.4231,9,8,8,0,1,0.8889,284.492,0.0,43.9311,60,0.75,2.0,1.0
035_C206,35,C,9,3,OPTIMAL,433.6627,9,9,9,0,0,1.0,433.6627,0.0,0.0,60,0.75,2.0,1.0
035_C206,35,C,9,4,OPTIMAL,287.9145,9,8,7,1,1,0.8889,287.3518,0.0,0.5627,60,0.75,2.0,1.0
035_C206,35,C,9,5,OPTIMAL,328.726,9,9,8,1,0,1.0,328.726,0.0,0.0,60,0.75,2.0,1.0
035_C206,35,C,9,6,OPTIMAL,357.6791,9,9,9,0,0,1.0,357.6791,0.0,0.0,60,0.75,2.0,1.0
035_C206,35,C,9,7,OPTIMAL,324.4343,9,7,7,0,2,0.7778,318.7006,0.0,5.7337,60,0.75,2.0,1.0
035_C206,35,C,9,8,OPTIMAL,386.7678,9,8,8,0,1,0.8889,378.0691,0.0,8.6987,60,0.75,2.0,1.0
035_C206,35,C,9,9,OPTIMAL,391.1042,9,9,9,0,0,1.0,391.1042,0.0,0.0,60,0.75,2.0,1.0
035_C207,35,C,3,0,OPTIMAL,128.8367,3,3,3,0,0,1.0,128.8367,0.0,0.0,60,0.75,2.0,1.0
035_C207,35,C,3,1,OPTIMAL,82.7142,3,2,2,0,1,0.6667,76.2425,0.0,6.4717,60,0.75,2.0,1.0
035_C207,35,C,3,2,OPTIMAL,125.0398,3,3,3,0,0,1.0,125.0398,0.0,0.0,60,0.75,2.0,1.0
035_C207,35,C,3,3,OPTIMAL,129.3,3,3,3,0,0,1.0,129.3,0.0,0.0,60,0.75,2.0,1.0
035_C207,35,C,3,4,OPTIMAL,132.9305,3,3,3,0,0,1.0,132.9305,0.0,0.0,60,0.75,2.0,1.0
035_C207,35,C,3,5,OPTIMAL,118.9917,3,3,3,0,0,1.0,118.9917,0.0,0.0,60,0.75,2.0,1.0
035_C207,35,C,3,6,OPTIMAL,92.351,3,3,3,0,0,1.0,92.351,0.0,0.0,60,0.75,2.0,1.0
035_C207,35,C,3,7,OPTIMAL,79.6158,3,3,3,0,0,1.0,79.6158,0.0,0.0,60,0.75,2.0,1.0
035_C207,35,C,3,8,OPTIMAL,114.8073,3,3,3,0,0,1.0,114.8073,0.0,0.0,60,0.75,2.0,1.0
035_C207,35,C,3,9,OPTIMAL,100.7281,3,3,3,0,0,1.0,100.7281,0.0,0.0,60,0.75,2.0,1.0
035_C207,35,C,6,0,OPTIMAL,232.4894,6,6,6,0,0,1.0,232.4894,0.0,0.0,60,0.75,2.0,1.0
035_C207,35,C,6,1,OPTIMAL,177.9632,6,5,5,0,1,0.8333,177.9544,0.0,0.0088,60,0.75,2.0,1.0
035_C207,35,C,6,2,OPTIMAL,240.5015,6,6,6,0,0,1.0,240.5015,0.0,0.0,60,0.75,2.0,1.0
035_C207,35,C,6,3,OPTIMAL,200.1683,6,3,3,0,3,0.5,163.0084,0.0,37.1599,60,0.75,2.0,1.0
035_C207,35,C,6,4,OPTIMAL,249.2118,6,6,6,0,0,1.0,249.2118,0.0,0.0,60,0.75,2.0,1.0
035_C207,35,C,6,5,OPTIMAL,219.7327,6,6,6,0,0,1.0,219.7327,0.0,0.0,60,0.75,2.0,1.0
035_C207,35,C,6,6,OPTIMAL,236.5844,6,5,5,0,1,0.8333,221.3342,0.0,15.2501,60,0.75,2.0,1.0
035_C207,35,C,6,7,OPTIMAL,206.1395,6,6,5,1,0,1.0,206.1395,0.0,0.0,60,0.75,2.0,1.0
035_C207,35,C,6,8,OPTIMAL,196.9333,6,5,5,0,1,0.8333,180.0265,0.0,16.9068,60,0.75,2.0,1.0
035_C207,35,C,6,9,OPTIMAL,267.6776,6,6,5,1,0,1.0,267.6776,0.0,0.0,60,0.75,2.0,1.0
035_C207,35,C,9,0,OPTIMAL,376.3582,9,9,9,0,0,1.0,376.3582,0.0,0.0,60,0.75,2.0,1.0
035_C207,35,C,9,1,OPTIMAL,307.7134,9,9,9,0,0,1.0,307.7134,0.0,0.0,60,0.75,2.0,1.0
035_C207,35,C,9,2,OPTIMAL,330.5554,9,9,9,0,0,1.0,330.5554,0.0,0.0,60,0.75,2.0,1.0
035_C207,35,C,9,3,OPTIMAL,402.4234,9,8,7,1,1,0.8889,390.509,0.0,11.9145,60,0.75,2.0,1.0
035_C207,35,C,9,4,OPTIMAL,286.6733,9,7,6,1,2,0.7778,274.7877,0.0,11.8856,60,0.75,2.0,1.0
035_C207,35,C,9,5,OPTIMAL,328.726,9,9,9,0,0,1.0,328.726,0.0,0.0,60,0.75,2.0,1.0
035_C207,35,C,9,6,OPTIMAL,288.0402,9,6,6,0,3,0.6667,270.3005,0.0,17.7397,60,0.75,2.0,1.0
035_C207,35,C,9,7,OPTIMAL,361.6926,9,8,8,0,1,0.8889,334.9328,0.0,26.7598,60,0.75,2.0,1.0
035_C207,35,C,9,8,OPTIMAL,398.1572,9,9,9,0,0,1.0,398.1572,0.0,0.0,60,0.75,2.0,1.0
035_C207,35,C,9,9,OPTIMAL,391.1042,9,9,9,0,0,1.0,391.1042,0.0,0.0,60,0.75,2.0,1.0
035_C208,35,C,3,0,OPTIMAL,128.8367,3,3,3,0,0,1.0,128.8367,0.0,0.0,60,0.75,2.0,1.0
035_C208,35,C,3,1,OPTIMAL,96.1893,3,3,3,0,0,1.0,96.1893,0.0,0.0,60,0.75,2.0,1.0
035_C208,35,C,3,2,OPTIMAL,125.0398,3,3,3,0,0,1.0,125.0398,0.0,0.0,60,0.75,2.0,1.0
035_C208,35,C,3,3,OPTIMAL,129.3,3,3,3,0,0,1.0,129.3,0.0,0.0,60,0.75,2.0,1.0
035_C208,35,C,3,4,OPTIMAL,132.9305,3,3,3,0,0,1.0,132.9305,0.0,0.0,60,0.75,2.0,1.0
035_C208,35,C,3,5,OPTIMAL,101.6006,3,2,2,0,1,0.6667,98.2422,0.0,3.3583,60,0.75,2.0,1.0
035_C208,35,C,3,6,OPTIMAL,92.351,3,3,2,1,0,1.0,92.351,0.0,0.0,60,0.75,2.0,1.0
035_C208,35,C,3,7,OPTIMAL,50.9716,3,2,2,0,1,0.6667,41.4688,0.0,9.5028,60,0.75,2.0,1.0
035_C208,35,C,3,8,OPTIMAL,114.8073,3,3,3,0,0,1.0,114.8073,0.0,0.0,60,0.75,2.0,1.0
035_C208,35,C,3,9,OPTIMAL,79.6053,3,2,2,0,1,0.6667,56.7219,0.0,22.8835,60,0.75,2.0,1.0
035_C208,35,C,6,0,OPTIMAL,232.4894,6,6,6,0,0,1.0,232.4894,0.0,0.0,60,0.75,2.0,1.0
035_C208,35,C,6,1,OPTIMAL,188.6382,6,5,4,1,1,0.8333,177.9544,0.0,10.6838,60,0.75,2.0,1.0
035_C208,35,C,6,2,OPTIMAL,213.2377,6,5,5,0,1,0.8333,188.4857,0.0,24.752,60,0.75,2.0,1.0
035_C208,35,C,6,3,OPTIMAL,233.373,6,5,4,1,1,0.8333,225.0691,0.0,8.3039,60,0.75,2.0,1.0
035_C208,35,C,6,4,OPTIMAL,249.2118,6,6,6,0,0,1.0,249.2118,0.0,0.0,60,0.75,2.0,1.0
035_C208,35,C,6,5,OPTIMAL,159.6717,6,4,4,0,2,0.6667,139.8077,0.0,19.864,60,0.75,2.0,1.0
035_C208,35,C,6,6,OPTIMAL,223.8634,6,5,5,0,1,0.8333,221.3342,0.0,2.5291,60,0.75,2.0,1.0
035_C208,35,C,6,7,OPTIMAL,206.1395,6,6,5,1,0,1.0,206.1395,0.0,0.0,60,0.75,2.0,1.0
035_C208,35,C,6,8,OPTIMAL,166.421,6,4,4,0,2,0.6667,146.6022,0.0,19.8189,60,0.75,2.0,1.0
035_C208,35,C,6,9,OPTIMAL,267.6776,6,6,6,0,0,1.0,267.6776,0.0,0.0,60,0.75,2.0,1.0
035_C208,35,C,9,0,OPTIMAL,346.1353,9,8,7,1,1,0.8889,333.4221,0.0,12.7132,60,0.75,2.0,1.0
035_C208,35,C,9,1,OPTIMAL,307.7134,9,9,7,2,0,1.0,307.7134,0.0,0.0,60,0.75,2.0,1.0
035_C208,35,C,9,2,OPTIMAL,330.5554,9,9,9,0,0,1.0,330.5554,0.0,0.0,60,0.75,2.0,1.0
035_C208,35,C,9,3,OPTIMAL,433.6627,9,9,8,1,0,1.0,433.6627,0.0,0.0,60,0.75,2.0,1.0
035_C208,35,C,9,4,OPTIMAL,226.977,9,6,6,0,3,0.6667,203.1743,0.0,23.8027,60,0.75,2.0,1.0
035_C208,35,C,9,5,OPTIMAL,328.726,9,9,9,0,0,1.0,328.726,0.0,0.0,60,0.75,2.0,1.0
035_C208,35,C,9,6,OPTIMAL,260.714,9,6,5,1,3,0.6667,250.0066,0.0,10.7074,60,0.75,2.0,1.0
035_C208,35,C,9,7,OPTIMAL,364.8115,9,9,9,0,0,1.0,364.8115,0.0,0.0,60,0.75,2.0,1.0
035_C208,35,C,9,8,OPTIMAL,398.1572,9,9,8,1,0,1.0,398.1572,0.0,0.0,60,0.75,2.0,1.0
035_C208,35,C,9,9,OPTIMAL,357.3406,9,8,8,0,1,0.8889,339.5627,0.0,17.7779,60,0.75,2.0,1.0
035_R101,35,R,3,0,OPTIMAL,116.1897,3,3,3,0,0,1.0,116.1897,0.0,0.0,60,0.75,2.0,1.0
035_R101,35,R,3,1,OPTIMAL,91.8352,3,2,2,0,1,0.6667,91.7433,0.0,0.092,60,0.75,2.0,1.0
035_R101,35,R,3,2,OPTIMAL,122.6996,3,3,3,0,0,1.0,122.6996,0.0,0.0,60,0.75,2.0,1.0
035_R101,35,R,3,3,OPTIMAL,133.4508,3,3,3,0,0,1.0,133.4508,0.0,0.0,60,0.75,2.0,1.0
035_R101,35,R,3,4,OPTIMAL,144.822,3,3,3,0,0,1.0,144.822,0.0,0.0,60,0.75,2.0,1.0
035_R101,35,R,3,5,OPTIMAL,118.8219,3,3,3,0,0,1.0,118.8219,0.0,0.0,60,0.75,2.0,1.0
035_R101,35,R,3,6,OPTIMAL,155.8956,3,3,3,0,0,1.0,155.8956,0.0,0.0,60,0.75,2.0,1.0
035_R101,35,R,3,7,OPTIMAL,76.3312,3,3,3,0,0,1.0,76.3312,0.0,0.0,60,0.75,2.0,1.0
035_R101,35,R,3,8,OPTIMAL,124.128,3,3,3,0,0,1.0,124.128,0.0,0.0,60,0.75,2.0,1.0
035_R101,35,R,3,9,OPTIMAL,108.2322,3,2,2,0,1,0.6667,106.0617,0.0,2.1705,60,0.75,2.0,1.0
035_R101,35,R,6,0,OPTIMAL,207.2521,6,5,5,0,1,0.8333,204.4427,0.0,2.8094,60,0.75,2.0,1.0
035_R101,35,R,6,1,OPTIMAL,291.1488,6,6,6,0,0,1.0,291.1488,0.0,0.0,60,0.75,2.0,1.0
035_R101,35,R,6,2,OPTIMAL,252.2261,6,6,5,1,0,1.0,252.2261,0.0,0.0,60,0.75,2.0,1.0
035_R101,35,R,6,3,OPTIMAL,263.9315,6,6,6,0,0,1.0,263.9315,0.0,0.0,60,0.75,2.0,1.0
035_R101,35,R,6,4,OPTIMAL,234.7204,6,6,6,0,0,1.0,234.7204,0.0,0.0,60,0.75,2.0,1.0
035_R101,35,R,6,5,OPTIMAL,188.6646,6,5,4,1,1,0.8333,184.9978,0.0,3.6667,60,0.75,2.0,1.0
035_R101,35,R,6,6,OPTIMAL,246.5459,6,6,6,0,0,1.0,246.5459,0.0,0.0,60,0.75,2.0,1.0
035_R101,35,R,6,7,OPTIMAL,265.8079,6,6,6,0,0,1.0,265.8079,0.0,0.0,60,0.75,2.0,1.0
035_R101,35,R,6,8,OPTIMAL,261.771,6,6,5,1,0,1.0,261.771,0.0,0.0,60,0.75,2.0,1.0
035_R101,35,R,6,9,OPTIMAL,265.5511,6,6,6,0,0,1.0,265.5511,0.0,0.0,60,0.75,2.0,1.0
035_R101,35,R,9,0,OPTIMAL,358.1034,9,9,8,1,0,1.0,358.1034,0.0,0.0,60,0.75,2.0,1.0
035_R101,35,R,9,1,OPTIMAL,364.5233,9,8,8,0,1,0.8889,359.4742,0.0,5.0491,60,0.75,2.0,1.0
035_R101,35,R,9,2,OPTIMAL,378.3642,9,8,8,0,1,0.8889,372.7235,0.0,5.6407,60,0.75,2.0,1.0
035_R101,35,R,9,3,OPTIMAL,367.9929,9,8,8,0,1,0.8889,358.0226,0.0,9.9703,60,0.75,2.0,1.0
035_R101,35,R,9,4,OPTIMAL,273.4535,9,8,8,0,1,0.8889,271.3109,0.0,2.1426,60,0.75,2.0,1.0
035_R101,35,R,9,5,OPTIMAL,403.9226,9,9,8,1,0,1.0,403.9226,0.0,0.0,60,0.75,2.0,1.0
035_R101,35,R,9,6,OPTIMAL,336.4366,9,8,8,0,1,0.8889,331.4531,0.0,4.9836,60,0.75,2.0,1.0
035_R101,35,R,9,7,OPTIMAL,254.1928,9,8,8,0,1,0.8889,254.0734,0.0,0.1195,60,0.75,2.0,1.0
035_R101,35,R,9,8,OPTIMAL,368.2329,9,8,8,0,1,0.8889,365.2209,0.0,3.0119,60,0.75,2.0,1.0
035_R101,35,R,9,9,OPTIMAL,401.517,9,9,9,0,0,1.0,401.517,0.0,0.0,60,0.75,2.0,1.0
035_R102,35,R,3,0,OPTIMAL,62.371,3,1,1,0,2,0.3333,56.7626,0.0,5.6084,60,0.75,2.0,1.0
035_R102,35,R,3,1,OPTIMAL,91.9272,3,2,1,1,1,0.6667,91.7433,0.0,0.1839,60,0.75,2.0,1.0
035_R102,35,R,3,2,OPTIMAL,100.6501,3,2,2,0,1,0.6667,100.3719,0.0,0.2782,60,0.75,2.0,1.0
035_R102,35,R,3,3,OPTIMAL,102.372,3,2,1,1,1,0.6667,97.2175,0.0,5.1545,60,0.75,2.0,1.0
035_R102,35,R,3,4,OPTIMAL,106.9689,3,2,2,0,1,0.6667,106.6798,0.0,0.2891,60,0.75,2.0,1.0
035_R102,35,R,3,5,OPTIMAL,93.1057,3,2,2,0,1,0.6667,93.0207,0.0,0.085,60,0.75,2.0,1.0
035_R102,35,R,3,6,OPTIMAL,155.8956,3,3,3,0,0,1.0,155.8956,0.0,0.0,60,0.75,2.0,1.0
035_R102,35,R,3,7,OPTIMAL,9.889,3,0,0,0,3,0.0,0.0,0.0,9.889,60,0.75,2.0,1.0
035_R102,35,R,3,8,OPTIMAL,54.4194,3,1,1,0,2,0.3333,47.5542,0.0,6.8651,60,0.75,2.0,1.0
035_R102,35,R,3,9,OPTIMAL,106.6403,3,2,2,0,1,0.6667,106.0617,0.0,0.5786,60,0.75,2.0,1.0
035_R102,35,R,6,0,OPTIMAL,149.8845,6,3,2,1,3,0.5,142.5175,0.0,7.367,60,0.75,2.0,1.0
035_R102,35,R,6,1,OPTIMAL,256.8518,6,5,4,1,1,0.8333,256.8516,0.0,0.0002,60,0.75,2.0,1.0
035_R102,35,R,6,2,OPTIMAL,201.517,6,4,3,1,2,0.6667,199.7761,0.0,1.7409,60,0.75,2.0,1.0
035_R102,35,R,6,3,OPTIMAL,194.5318,6,3,3,0,3,0.5,181.5477,0.0,12.9841,60,0.75,2.0,1.0
035_R102,35,R,6,4,OPTIMAL,194.2054,6,4,3,1,2,0.6667,193.2782,0.0,0.9272,60,0.75,2.0,1.0
035_R102,35,R,6,5,OPTIMAL,129.0483,6,2,2,0,4,0.3333,109.9733,0.0,19.075,60,0.75,2.0,1.0
035_R102,35,R,6,6,OPTIMAL,197.4765,6,4,4,0,2,0.6667,196.477,0.0,0.9995,60,0.75,2.0,1.0
035_R102,35,R,6,7,OPTIMAL,252.8409,6,5,4,1,1,0.8333,249.6245,0.0,3.2163,60,0.75,2.0,1.0
035_R102,35,R,6,8,OPTIMAL,225.8347,6,4,4,0,2,0.6667,219.5621,0.0,6.2726,60,0.75,2.0,1.0
035_R102,35,R,6,9,OPTIMAL,217.1199,6,4,3,1,2,0.6667,211.3886,0.0,5.7312,60,0.75,2.0,1.0
035_R102,35,R,9,0,OPTIMAL,245.5978,9,5,4,1,4,0.5556,243.1976,0.0,2.4002,60,0.75,2.0,1.0
035_R102,35,R,9,1,OPTIMAL,316.9226,9,6,6,0,3,0.6667,309.1321,0.0,7.7905,60,0.75,2.0,1.0
035_R102,35,R,9,2,OPTIMAL,312.4402,9,6,5,1,3,0.6667,310.2602,0.0,2.18,60,0.75,2.0,1.0
035_R102,35,R,9,3,OPTIMAL,305.5492,9,6,5,1,3,0.6667,293.2221,0.0,12.3271,60,0.75,2.0,1.0
035_R102,35,R,9,4,OPTIMAL,154.569,9,3,3,0,6,0.3333,139.1265,0.0,15.4425,60,0.75,2.0,1.0
035_R102,35,R,9,5,OPTIMAL,357.5363,9,7,6,1,2,0.7778,355.132,0.0,2.4043,60,0.75,2.0,1.0
035_R102,35,R,9,6,OPTIMAL,289.7677,9,6,4,2,3,0.6667,284.7615,0.0,5.0062,60,0.75,2.0,1.0
035_R102,35,R,9,7,OPTIMAL,115.42,9,2,2,0,7,0.2222,95.4269,0.0,19.9931,60,0.75,2.0,1.0
035_R102,35,R,9,8,OPTIMAL,341.8236,9,7,6,1,2,0.7778,340.0237,0.0,1.7999,60,0.75,2.0,1.0
035_R102,35,R,9,9,OPTIMAL,368.9112,9,7,6,1,2,0.7778,345.0211,0.0,23.8901,60,0.75,2.0,1.0
035_R103,35,R,3,0,OPTIMAL,102.2506,3,2,1,1,1,0.6667,98.6171,0.0,3.6335,60,0.75,2.0,1.0
035_R103,35,R,3,1,OPTIMAL,118.6204,3,3,1,2,0,1.0,118.6204,0.0,0.0,60,0.75,2.0,1.0
035_R103,35,R,3,2,OPTIMAL,100.4646,3,2,2,0,1,0.6667,100.3719,0.0,0.0927,60,0.75,2.0,1.0
035_R103,35,R,3,3,OPTIMAL,102.372,3,2,1,1,1,0.6667,97.2175,0.0,5.1545,60,0.75,2.0,1.0
035_R103,35,R,3,4,OPTIMAL,130.2743,3,2,2,0,1,0.6667,106.6798,0.0,23.5945,60,0.75,2.0,1.0
035_R103,35,R,3,5,OPTIMAL,93.0632,3,2,2,0,1,0.6667,93.0207,0.0,0.0425,60,0.75,2.0,1.0
035_R103,35,R,3,6,OPTIMAL,155.8956,3,3,3,0,0,1.0,155.8956,0.0,0.0,60,0.75,2.0,1.0
035_R103,35,R,3,7,OPTIMAL,52.0765,3,1,1,0,2,0.3333,44.2613,0.0,7.8152,60,0.75,2.0,1.0
035_R103,35,R,3,8,OPTIMAL,95.202,3,2,2,0,1,0.6667,91.1165,0.0,4.0855,60,0.75,2.0,1.0
035_R103,35,R,3,9,OPTIMAL,107.7976,3,2,2,0,1,0.6667,106.0617,0.0,1.7359,60,0.75,2.0,1.0
035_R103,35,R,6,0,OPTIMAL,177.4754,6,4,2,2,2,0.6667,174.3576,0.0,3.1178,60,0.75,2.0,1.0
035_R103,35,R,6,1,OPTIMAL,248.4702,6,4,4,0,2,0.6667,222.2334,0.2958,25.941,60,0.75,2.0,1.0
035_R103,35,R,6,2,OPTIMAL,204.7603,6,4,4,0,2,0.6667,199.7761,0.0,4.9842,60,0.75,2.0,1.0
035_R103,35,R,6,3,OPTIMAL,186.3079,6,3,3,0,3,0.5,181.5477,0.0,4.7602,60,0.75,2.0,1.0
035_R103,35,R,6,4,OPTIMAL,193.8587,6,4,3,1,2,0.6667,193.2782,0.0,0.5805,60,0.75,2.0,1.0
035_R103,35,R,6,5,OPTIMAL,155.5919,6,3,2,1,3,0.5,143.638,0.0,11.9539,60,0.75,2.0,1.0
035_R103,35,R,6,6,OPTIMAL,197.0616,6,4,4,0,2,0.6667,196.477,0.0,0.5846,60,0.75,2.0,1.0
035_R103,35,R,6,7,OPTIMAL,241.9493,6,4,4,0,2,0.6667,215.7439,0.0,26.2054,60,0.75,2.0,1.0
035_R103,35,R,6,8,OPTIMAL,224.7252,6,4,4,0,2,0.6667,219.5621,0.0,5.163,60,0.75,2.0,1.0
035_R103,35,R,6,9,OPTIMAL,223.8104,6,4,3,1,2,0.6667,211.3886,0.0,12.4217,60,0.75,2.0,1.0
035_R103,35,R,9,0,OPTIMAL,281.5112,9,5,3,2,4,0.5556,243.1976,1.929,36.3846,60,0.75,2.0,1.0
035_R103,35,R,9,1,OPTIMAL,313.6981,9,6,6,0,3,0.6667,309.1321,0.0,4.566,60,0.75,2.0,1.0
035_R103,35,R,9,2,OPTIMAL,311.452,9,6,5,1,3,0.6667,310.2602,0.0,1.1918,60,0.75,2.0,1.0
035_R103,35,R,9,3,OPTIMAL,307.3667,9,6,5,1,3,0.6667,293.2221,0.0,14.1447,60,0.75,2.0,1.0
035_R103,35,R,9,4,OPTIMAL,181.4166,9,4,2,2,5,0.4444,169.761,0.0,11.6556,60,0.75,2.0,1.0
035_R103,35,R,9,5,OPTIMAL,360.3384,9,6,6,0,3,0.6667,319.3133,4.0842,36.9408,60,0.75,2.0,1.0
035_R103,35,R,9,6,OPTIMAL,286.9016,9,6,4,2,3,0.6667,284.7615,0.0,2.1401,60,0.75,2.0,1.0
035_R103,35,R,9,7,OPTIMAL,107.0219,9,2,2,0,7,0.2222,95.4269,0.0,11.5951,60,0.75,2.0,1.0
035_R103,35,R,9,8,OPTIMAL,341.1759,9,7,5,2,2,0.7778,340.0237,0.0,1.1522,60,0.75,2.0,1.0
035_R103,35,R,9,9,OPTIMAL,356.1635,9,7,6,1,2,0.7778,345.0211,0.0,11.1424,60,0.75,2.0,1.0
035_R105,35,R,3,0,OPTIMAL,116.1897,3,3,2,1,0,1.0,116.1897,0.0,0.0,60,0.75,2.0,1.0
035_R105,35,R,3,1,OPTIMAL,91.8352,3,2,2,0,1,0.6667,91.7433,0.0,0.092,60,0.75,2.0,1.0
035_R105,35,R,3,2,OPTIMAL,100.5574,3,2,2,0,1,0.6667,100.3719,0.0,0.1855,60,0.75,2.0,1.0
035_R105,35,R,3,3,OPTIMAL,133.4508,3,3,3,0,0,1.0,133.4508,0.0,0.0,60,0.75,2.0,1.0
035_R105,35,R,3,4,OPTIMAL,144.822,3,3,3,0,0,1.0,144.822,0.0,0.0,60,0.75,2.0,1.0
035_R105,35,R,3,5,OPTIMAL,93.1057,3,2,2,0,1,0.6667,93.0207,0.0,0.085,60,0.75,2.0,1.0
035_R105,35,R,3,6,OPTIMAL,155.8956,3,3,3,0,0,1.0,155.8956,0.0,0.0,60,0.75,2.0,1.0
035_R105,35,R,3,7,OPTIMAL,62.2214,3,2,1,1,1,0.6667,60.8948,0.0,1.3266,60,0.75,2.0,1.0
035_R105,35,R,3,8,OPTIMAL,124.128,3,3,3,0,0,1.0,124.128,0.0,0.0,60,0.75,2.0,1.0
035_R105,35,R,3,9,OPTIMAL,108.2322,3,2,2,0,1,0.6667,106.0617,0.0,2.1705,60,0.75,2.0,1.0
035_R105,35,R,6,0,OPTIMAL,162.974,6,3,3,0,3,0.5,142.5175,0.0,20.4565,60,0.75,2.0,1.0
035_R105,35,R,6,1,OPTIMAL,256.8518,6,5,5,0,1,0.8333,256.8516,0.0,0.0002,60,0.75,2.0,1.0
035_R105,35,R,6,2,OPTIMAL,177.2482,6,4,3,1,2,0.6667,173.2016,0.0,4.0466,60,0.75,2.0,1.0
035_R105,35,R,6,3,OPTIMAL,230.0736,6,4,4,0,2,0.6667,210.0862,0.0,19.9873,60,0.75,2.0,1.0
035_R105,35,R,6,4,OPTIMAL,194.5307,6,4,4,0,2,0.6667,193.2782,0.0,1.2525,60,0.75,2.0,1.0
035_R105,35,R,6,5,OPTIMAL,159.7911,6,4,3,1,2,0.6667,154.1584,0.0,5.6327,60,0.75,2.0,1.0
035_R105,35,R,6,6,OPTIMAL,227.2158,6,5,5,0,1,0.8333,226.2431,0.0,0.9727,60,0.75,2.0,1.0
035_R105,35,R,6,7,OPTIMAL,255.0562,6,5,5,0,1,0.8333,249.6245,0.0,5.4317,60,0.75,2.0,1.0
035_R105,35,R,6,8,OPTIMAL,234.3411,6,5,4,1,1,0.8333,234.2749,0.0,0.0662,60,0.75,2.0,1.0
035_R105,35,R,6,9,OPTIMAL,265.5511,6,6,5,1,0,1.0,265.5511,0.0,0.0,60,0.75,2.0,1.0
035_R105,35,R,9,0,OPTIMAL,317.7832,9,7,6,1,2,0.7778,299.9844,0.0,17.7988,60,0.75,2.0,1.0
035_R105,35,R,9,1,OPTIMAL,340.2966,9,7,6,1,2,0.7778,334.6634,0.0,5.6332,60,0.75,2.0,1.0
035_R105,35,R,9,2,OPTIMAL,299.0762,9,5,5,0,4,0.5556,276.2767,0.0,22.7995,60,0.75,2.0,1.0
035_R105,35,R,9,3,OPTIMAL,352.2212,9,8,7,1,1,0.8889,337.4856,0.0,14.7356,60,0.75,2.0,1.0
035_R105,35,R,9,4,OPTIMAL,233.3237,9,6,4,2,3,0.6667,228.6623,0.0,4.6614,60,0.75,2.0,1.0
035_R105,35,R,9,5,OPTIMAL,390.1293,9,8,7,1,1,0.8889,371.1878,0.0,18.9415,60,0.75,2.0,1.0
035_R105,35,R,9,6,OPTIMAL,316.0569,9,7,6,1,2,0.7778,308.0553,0.0,8.0016,60,0.75,2.0,1.0
035_R105,35,R,9,7,OPTIMAL,193.4602,9,5,4,1,4,0.5556,171.7013,0.0,21.759,60,0.75,2.0,1.0
035_R105,35,R,9,8,OPTIMAL,365.9626,9,8,7,1,1,0.8889,365.2209,0.0,0.7417,60,0.75,2.0,1.0
035_R105,35,R,9,9,OPTIMAL,378.5254,9,8,8,0,1,0.8889,373.9423,0.0,4.583,60,0.75,2.0,1.0
035_R106,35,R,3,0,OPTIMAL,63.2363,3,1,1,0,2,0.3333,56.7626,0.0,6.4737,60,0.75,2.0,1.0
035_R106,35,R,3,1,OPTIMAL,91.8352,3,2,1,1,1,0.6667,91.7433,0.0,0.092,60,0.75,2.0,1.0
035_R106,35,R,3,2,OPTIMAL,100.5574,3,2,2,0,1,0.6667,100.3719,0.0,0.1855,60,0.75,2.0,1.0
035_R106,35,R,3,3,OPTIMAL,104.9493,3,2,1,1,1,0.6667,97.2175,0.0,7.7318,60,0.75,2.0,1.0
035_R106,35,R,3,4,OPTIMAL,106.6994,3,2,2,0,1,0.6667,106.6798,0.0,0.0196,60,0.75,2.0,1.0
035_R106,35,R,3,5,OPTIMAL,93.1057,3,2,2,0,1,0.6667,93.0207,0.0,0.085,60,0.75,2.0,1.0
035_R106,35,R,3,6,OPTIMAL,155.8956,3,3,3,0,0,1.0,155.8956,0.0,0.0,60,0.75,2.0,1.0
035_R106,35,R,3,7,OPTIMAL,16.7966,3,0,0,0,3,0.0,0.0,0.0,16.7966,60,0.75,2.0,1.0
035_R106,35,R,3,8,OPTIMAL,89.1843,3,1,1,0,2,0.3333,47.5542,0.0,41.63,60,0.75,2.0,1.0
035_R106,35,R,3,9,OPTIMAL,107.7976,3,2,2,0,1,0.6667,106.0617,0.0,1.7359,60,0.75,2.0,1.0
035_R106,35,R,6,0,OPTIMAL,148.1529,6,3,2,1,3,0.5,142.5175,0.0,5.6354,60,0.75,2.0,1.0
035_R106,35,R,6,1,OPTIMAL,253.8196,6,4,4,0,2,0.6667,222.2334,0.0,31.5862,60,0.75,2.0,1.0
035_R106,35,R,6,2,OPTIMAL,163.7612,6,3,3,0,3,0.5,157.9556,0.0,5.8055,60,0.75,2.0,1.0
035_R106,35,R,6,3,OPTIMAL,190.744,6,3,3,0,3,0.5,181.5477,0.0,9.1963,60,0.75,2.0,1.0
035_R106,35,R,6,4,OPTIMAL,194.3223,6,4,3,1,2,0.6667,193.2782,0.0,1.0441,60,0.75,2.0,1.0
035_R106,35,R,6,5,OPTIMAL,126.5729,6,2,2,0,4,0.3333,109.9733,0.0,16.5996,60,0.75,2.0,1.0
035_R106,35,R,6,6,OPTIMAL,197.5699,6,4,4,0,2,0.6667,196.477,0.0,1.0929,60,0.75,2.0,1.0
035_R106,35,R,6,7,OPTIMAL,248.7039,6,4,4,0,2,0.6667,215.7439,0.0,32.9601,60,0.75,2.0,1.0
035_R106,35,R,6,8,OPTIMAL,225.8347,6,4,4,0,2,0.6667,219.5621,0.0,6.2726,60,0.75,2.0,1.0
035_R106,35,R,6,9,OPTIMAL,216.5815,6,4,3,1,2,0.6667,211.3886,0.0,5.1929,60,0.75,2.0,1.0
035_R106,35,R,9,0,OPTIMAL,246.917,9,4,4,0,5,0.4444,205.3181,0.0,41.5989,60,0.75,2.0,1.0
035_R106,35,R,9,1,OPTIMAL,315.4258,9,6,6,0,3,0.6667,309.1321,0.0,6.2938,60,0.75,2.0,1.0
035_R106,35,R,9,2,OPTIMAL,289.9537,9,5,5,0,4,0.5556,276.2767,0.0,13.677,60,0.75,2.0,1.0
035_R106,35,R,9,3,OPTIMAL,307.5492,9,6,5,1,3,0.6667,293.2221,0.0,14.3271,60,0.75,2.0,1.0
035_R106,35,R,9,4,OPTIMAL,154.9943,9,3,3,0,6,0.3333,139.1265,0.0,15.8678,60,0.75,2.0,1.0
035_R106,35,R,9,5,OPTIMAL,362.7947,9,6,6,0,3,0.6667,319.3133,0.0,43.4814,60,0.75,2.0,1.0
035_R106,35,R,9,6,OPTIMAL,287.6126,9,6,5,1,3,0.6667,284.7615,0.0,2.8511,60,0.75,2.0,1.0
035_R106,35,R,9,7,OPTIMAL,113.4416,9,2,2,0,7,0.2222,95.4269,0.0,18.0147,60,0.75,2.0,1.0
035_R106,35,R,9,8,OPTIMAL,341.752,9,7,6,1,2,0.7778,340.0237,0.0,1.7283,60,0.75,2.0,1.0
035_R106,35,R,9,9,OPTIMAL,362.6591,9,7,6,1,2,0.7778,345.0211,0.0,17.638,60,0.75,2.0,1.0
035_R109,35,R,3,0,OPTIMAL,101.7629,3,2,2,0,1,0.6667,98.6171,0.0,3.1458,60,0.75,2.0,1.0
035_R109,35,R,3,1,OPTIMAL,91.8352,3,2,2,0,1,0.6667,91.7433,0.0,0.092,60,0.75,2.0,1.0
035_R109,35,R,3,2,OPTIMAL,100.4646,3,2,2,0,1,0.6667,100.3719,0.0,0.0927,60,0.75,2.0,1.0
035_R109,35,R,3,3,OPTIMAL,133.4508,3,3,2,1,0,1.0,133.4508,0.0,0.0,60,0.75,2.0,1.0
035_R109,35,R,3,4,OPTIMAL,144.822,3,3,3,0,0,1.0,144.822,0.0,0.0,60,0.75,2.0,1.0
035_R109,35,R,3,5,OPTIMAL,93.0632,3,2,2,0,1,0.6667,93.0207,0.0,0.0425,60,0.75,2.0,1.0
035_R109,35,R,3,6,OPTIMAL,155.8956,3,3,3,0,0,1.0,155.8956,0.0,0.0,60,0.75,2.0,1.0
035_R109,35,R,3,7,OPTIMAL,53.6881,3,1,1,0,2,0.3333,44.2613,0.0,9.4268,60,0.75,2.0,1.0
035_R109,35,R,3,8,OPTIMAL,115.9232,3,2,2,0,1,0.6667,91.1165,0.0,24.8067,60,0.75,2.0,1.0
035_R109,35,R,3,9,OPTIMAL,107.2371,3,2,2,0,1,0.6667,106.0617,0.0,1.1754,60,0.75,2.0,1.0
035_R109,35,R,6,0,OPTIMAL,201.1809,6,4,4,0,2,0.6667,181.3739,0.0,19.807,60,0.75,2.0,1.0
035_R109,35,R,6,1,OPTIMAL,280.5126,6,5,4,1,1,0.8333,256.5306,0.0,23.982,60,0.75,2.0,1.0
035_R109,35,R,6,2,OPTIMAL,210.7314,6,4,3,1,2,0.6667,195.1596,0.0,15.5718,60,0.75,2.0,1.0
035_R109,35,R,6,3,OPTIMAL,226.5383,6,4,3,1,2,0.6667,215.4586,0.0,11.0797,60,0.75,2.0,1.0
035_R109,35,R,6,4,OPTIMAL,196.052,6,4,4,0,2,0.6667,193.2782,0.0,2.7738,60,0.75,2.0,1.0
035_R109,35,R,6,5,OPTIMAL,161.2214,6,3,2,1,3,0.5,124.1928,0.0,37.0286,60,0.75,2.0,1.0
035_R109,35,R,6,6,OPTIMAL,219.4839,6,4,4,0,2,0.6667,196.477,0.0,23.007,60,0.75,2.0,1.0
035_R109,35,R,6,7,OPTIMAL,239.4918,6,4,4,0,2,0.6667,215.7439,0.0,23.7479,60,0.75,2.0,1.0
035_R109,35,R,6,8,OPTIMAL,225.0022,6,4,4,0,2,0.6667,219.5621,0.0,5.4401,60,0.75,2.0,1.0
035_R109,35,R,6,9,OPTIMAL,244.285,6,4,4,0,2,0.6667,211.3886,0.0,32.8964,60,0.75,2.0,1.0
035_R109,35,R,9,0,OPTIMAL,333.161,9,8,5,3,1,0.8889,333.1198,0.0,0.0411,60,0.75,2.0,1.0
035_R109,35,R,9,1,OPTIMAL,346.9759,9,7,6,1,2,0.7778,334.6634,0.0,12.3125,60,0.75,2.0,1.0
035_R109,35,R,9,2,OPTIMAL,348.2756,9,6,5,1,3,0.6667,313.904,0.0,34.3716,60,0.75,2.0,1.0
035_R109,35,R,9,3,OPTIMAL,347.5966,9,6,5,1,3,0.6667,293.2221,0.0,54.3745,60,0.75,2.0,1.0
035_R109,35,R,9,4,OPTIMAL,226.056,9,5,3,2,4,0.5556,195.9414,0.0,30.1146,60,0.75,2.0,1.0
035_R109,35,R,9,5,OPTIMAL,394.5805,9,7,6,1,2,0.7778,352.0481,0.0,42.5324,60,0.75,2.0,1.0
035_R109,35,R,9,6,OPTIMAL,311.6069,9,7,5,2,2,0.7778,308.0553,0.0,3.5516,60,0.75,2.0,1.0
035_R109,35,R,9,7,OPTIMAL,209.2691,9,5,2,3,4,0.5556,191.0185,0.0,18.2507,60,0.75,2.0,1.0
035_R109,35,R,9,8,OPTIMAL,368.6202,9,7,7,0,2,0.7778,340.0237,0.0,28.5965,60,0.75,2.0,1.0
035_R109,35,R,9,9,OPTIMAL,375.7912,9,8,7,1,1,0.8889,373.9423,0.0,1.8488,60,0.75,2.0,1.0
035_R201,35,R,3,0,OPTIMAL,100.9887,3,2,2,0,1,0.6667,98.6171,0.0,2.3715,60,0.75,2.0,1.0
035_R201,35,R,3,1,OPTIMAL,108.3802,3,2,2,0,1,0.6667,91.7433,0.0,16.637,60,0.75,2.0,1.0
035_R201,35,R,3,2,OPTIMAL,80.7166,3,1,1,0,2,0.3333,49.3159,0.0,31.4007,60,0.75,2.0,1.0
035_R201,35,R,3,3,OPTIMAL,50.9297,3,1,0,1,2,0.3333,36.2333,0.0,14.6964,60,0.75,2.0,1.0
035_R201,35,R,3,4,OPTIMAL,144.822,3,3,3,0,0,1.0,144.822,0.0,0.0,60,0.75,2.0,1.0
035_R201,35,R,3,5,OPTIMAL,118.8219,3,3,3,0,0,1.0,118.8219,0.0,0.0,60,0.75,2.0,1.0
035_R201,35,R,3,6,OPTIMAL,155.8956,3,3,3,0,0,1.0,155.8956,0.0,0.0,60,0.75,2.0,1.0
035_R201,35,R,3,7,OPTIMAL,61.4052,3,2,1,1,1,0.6667,32.0699,0.0,29.3353,60,0.75,2.0,1.0
035_R201,35,R,3,8,OPTIMAL,124.128,3,3,3,0,0,1.0,124.128,0.0,0.0,60,0.75,2.0,1.0
035_R201,35,R,3,9,OPTIMAL,81.2459,3,1,1,0,2,0.3333,52.1789,0.0,29.067,60,0.75,2.0,1.0
035_R201,35,R,6,0,OPTIMAL,236.2827,6,6,5,1,0,1.0,236.2827,0.0,0.0,60,0.75,2.0,1.0
035_R201,35,R,6,1,OPTIMAL,291.1488,6,6,6,0,0,1.0,291.1488,0.0,0.0,60,0.75,2.0,1.0
035_R201,35,R,6,2,OPTIMAL,215.4534,6,5,5,0,1,0.8333,210.4056,0.0,5.0478,60,0.75,2.0,1.0
035_R201,35,R,6,3,OPTIMAL,226.4738,6,4,3,1,2,0.6667,215.4586,0.0,11.0152,60,0.75,2.0,1.0
035_R201,35,R,6,4,OPTIMAL,190.0139,6,3,3,0,3,0.5,127.4984,0.0,62.5155,60,0.75,2.0,1.0
035_R201,35,R,6,5,OPTIMAL,217.3791,6,5,5,0,1,0.8333,204.443,0.0,12.9361,60,0.75,2.0,1.0
035_R201,35,R,6,6,OPTIMAL,246.5459,6,6,6,0,0,1.0,246.5459,0.0,0.0,60,0.75,2.0,1.0
035_R201,35,R,6,7,OPTIMAL,264.2002,6,5,5,0,1,0.8333,249.6245,0.0,14.5757,60,0.75,2.0,1.0
035_R201,35,R,6,8,OPTIMAL,203.8305,6,4,3,1,2,0.6667,168.2024,0.0,35.6282,60,0.75,2.0,1.0
035_R201,35,R,6,9,OPTIMAL,221.342,6,4,4,0,2,0.6667,202.4377,0.0,18.9043,60,0.75,2.0,1.0
035_R201,35,R,9,0,OPTIMAL,353.9225,9,8,8,0,1,0.8889,341.4342,0.0,12.4883,60,0.75,2.0,1.0
035_R201,35,R,9,1,OPTIMAL,359.6898,9,8,8,0,1,0.8889,359.4742,0.0,0.2155,60,0.75,2.0,1.0
035_R201,35,R,9,2,OPTIMAL,382.668,9,8,8,0,1,0.8889,372.7235,0.0,9.9446,60,0.75,2.0,1.0
035_R201,35,R,9,3,OPTIMAL,279.3853,9,7,6,1,2,0.7778,271.3147,0.0,8.0706,60,0.75,2.0,1.0
035_R201,35,R,9,4,OPTIMAL,230.6247,9,7,7,0,2,0.7778,222.8227,0.0,7.802,60,0.75,2.0,1.0
035_R201,35,R,9,5,OPTIMAL,309.6198,9,7,7,0,2,0.7778,290.0798,0.0,19.54,60,0.75,2.0,1.0
035_R201,35,R,9,6,OPTIMAL,315.7383,9,7,7,0,2,0.7778,308.0553,0.0,7.683,60,0.75,2.0,1.0
035_R201,35,R,9,7,OPTIMAL,228.9127,9,6,6,0,3,0.6667,219.012,0.0,9.9006,60,0.75,2.0,1.0
035_R201,35,R,9,8,OPTIMAL,358.6669,9,8,7,1,1,0.8889,353.3754,0.0,5.2915,60,0.75,2.0,1.0
035_R201,35,R,9,9,OPTIMAL,375.0714,9,8,7,1,1,0.8889,373.9423,0.0,1.1291,60,0.75,2.0,1.0
035_R205,35,R,3,0,OPTIMAL,112.3917,3,2,2,0,1,0.6667,98.6171,0.0,13.7746,60,0.75,2.0,1.0
035_R205,35,R,3,1,OPTIMAL,96.2402,3,2,2,0,1,0.6667,91.7433,0.0,4.4969,60,0.75,2.0,1.0
035_R205,35,R,3,2,OPTIMAL,120.7497,3,2,2,0,1,0.6667,100.3719,0.0,20.3778,60,0.75,2.0,1.0
035_R205,35,R,3,3,OPTIMAL,100.7248,3,2,2,0,1,0.6667,90.6858,0.0,10.039,60,0.75,2.0,1.0
035_R205,35,R,3,4,OPTIMAL,92.7014,3,2,2,0,1,0.6667,88.3774,0.0,4.324,60,0.75,2.0,1.0
035_R205,35,R,3,5,OPTIMAL,107.9559,3,2,2,0,1,0.6667,93.0207,0.0,14.9353,60,0.75,2.0,1.0
035_R205,35,R,3,6,OPTIMAL,155.8956,3,3,3,0,0,1.0,155.8956,0.0,0.0,60,0.75,2.0,1.0
035_R205,35,R,3,7,OPTIMAL,75.5907,3,2,2,0,1,0.6667,59.6977,0.0,15.8931,60,0.75,2.0,1.0
035_R205,35,R,3,8,OPTIMAL,124.128,3,3,3,0,0,1.0,124.128,0.0,0.0,60,0.75,2.0,1.0
035_R205,35,R,3,9,OPTIMAL,106.9541,3,2,2,0,1,0.6667,106.0617,0.0,0.8924,60,0.75,2.0,1.0
035_R205,35,R,6,0,OPTIMAL,236.2827,6,6,6,0,0,1.0,236.2827,0.0,0.0,60,0.75,2.0,1.0
035_R205,35,R,6,1,OPTIMAL,285.5099,6,5,3,2,1,0.8333,256.8516,0.0,28.6583,60,0.75,2.0,1.0
035_R205,35,R,6,2,OPTIMAL,252.2261,6,6,5,1,0,1.0,252.2261,0.0,0.0,60,0.75,2.0,1.0
035_R205,35,R,6,3,OPTIMAL,263.9315,6,6,6,0,0,1.0,263.9315,0.0,0.0,60,0.75,2.0,1.0
035_R205,35,R,6,4,OPTIMAL,234.7204,6,6,4,2,0,1.0,234.7204,0.0,0.0,60,0.75,2.0,1.0
035_R205,35,R,6,5,OPTIMAL,172.3044,6,4,3,1,2,0.6667,159.4087,0.0,12.8957,60,0.75,2.0,1.0
035_R205,35,R,6,6,OPTIMAL,245.4699,6,5,4,1,1,0.8333,226.2431,0.0,19.2268,60,0.75,2.0,1.0
035_R205,35,R,6,7,OPTIMAL,219.4275,6,4,4,0,2,0.6667,215.7439,0.0,3.6836,60,0.75,2.0,1.0
035_R205,35,R,6,8,OPTIMAL,236.3547,6,5,3,2,1,0.8333,214.9938,0.0,21.3609,60,0.75,2.0,1.0
035_R205,35,R,6,9,OPTIMAL,265.5511,6,6,5,1,0,1.0,265.5511,0.0,0.0,60,0.75,2.0,1.0
035_R205,35,R,9,0,OPTIMAL,285.5163,9,6,5,1,3,0.6667,263.3636,0.0,22.1527,60,0.75,2.0,1.0
035_R205,35,R,9,1,OPTIMAL,359.6898,9,8,7,1,1,0.8889,359.4742,0.0,0.2155,60,0.75,2.0,1.0
035_R205,35,R,9,2,OPTIMAL,305.2522,9,6,5,1,3,0.6667,297.7757,0.0,7.4765,60,0.75,2.0,1.0
035_R205,35,R,9,3,OPTIMAL,306.7527,9,6,4,2,3,0.6667,278.1798,0.0,28.5729,60,0.75,2.0,1.0
035_R205,35,R,9,4,OPTIMAL,248.8808,9,6,3,3,3,0.6667,194.9602,0.0,53.9206,60,0.75,2.0,1.0
035_R205,35,R,9,5,OPTIMAL,401.1011,9,8,8,0,1,0.8889,387.8667,0.0,13.2344,60,0.75,2.0,1.0
035_R205,35,R,9,6,OPTIMAL,313.3779,9,8,7,1,1,0.8889,299.4446,0.0,13.9333,60,0.75,2.0,1.0
035_R205,35,R,9,7,OPTIMAL,229.9429,9,8,6,2,1,0.8889,229.5113,0.0,0.4316,60,0.75,2.0,1.0
035_R205,35,R,9,8,OPTIMAL,278.4862,9,6,5,1,3,0.6667,260.4773,0.0,18.0089,60,0.75,2.0,1.0
035_R205,35,R,9,9,OPTIMAL,300.7159,9,6,6,0,3,0.6667,278.3419,0.0,22.374,60,0.75,2.0,1.0
035_R210,35,R,3,0,OPTIMAL,116.1897,3,3,3,0,0,1.0,116.1897,0.0,0.0,60,0.75,2.0,1.0
035_R210,35,R,3,1,OPTIMAL,108.3802,3,2,2,0,1,0.6667,91.7433,0.0,16.637,60,0.75,2.0,1.0
035_R210,35,R,3,2,OPTIMAL,114.7839,3,2,2,0,1,0.6667,100.3719,0.0,14.4121,60,0.75,2.0,1.0
035_R210,35,R,3,3,OPTIMAL,100.7248,3,2,1,1,1,0.6667,90.6858,0.0,10.039,60,0.75,2.0,1.0
035_R210,35,R,3,4,OPTIMAL,144.822,3,3,3,0,0,1.0,144.822,0.0,0.0,60,0.75,2.0,1.0
035_R210,35,R,3,5,OPTIMAL,107.9559,3,2,2,0,1,0.6667,93.0207,0.0,14.9353,60,0.75,2.0,1.0
035_R210,35,R,3,6,OPTIMAL,155.8956,3,3,3,0,0,1.0,155.8956,0.0,0.0,60,0.75,2.0,1.0
035_R210,35,R,3,7,OPTIMAL,76.3312,3,3,3,0,0,1.0,76.3312,0.0,0.0,60,0.75,2.0,1.0
035_R210,35,R,3,8,OPTIMAL,124.128,3,3,3,0,0,1.0,124.128,0.0,0.0,60,0.75,2.0,1.0
035_R210,35,R,3,9,OPTIMAL,82.0422,3,2,2,0,1,0.6667,59.4033,0.0,22.6389,60,0.75,2.0,1.0
035_R210,35,R,6,0,OPTIMAL,185.5498,6,5,5,0,1,0.8333,183.3891,0.0,2.1607,60,0.75,2.0,1.0
035_R210,35,R,6,1,OPTIMAL,220.5769,6,4,3,1,2,0.6667,196.7469,0.0,23.83,60,0.75,2.0,1.0
035_R210,35,R,6,2,OPTIMAL,252.2261,6,6,6,0,0,1.0,252.2261,0.0,0.0,60,0.75,2.0,1.0
035_R210,35,R,6,3,OPTIMAL,210.1868,6,4,4,0,2,0.6667,184.5306,0.0,25.6562,60,0.75,2.0,1.0
035_R210,35,R,6,4,OPTIMAL,213.0037,6,5,5,0,1,0.8333,187.6,0.0,25.4038,60,0.75,2.0,1.0
035_R210,35,R,6,5,OPTIMAL,188.8275,6,5,5,0,1,0.8333,188.6969,0.0,0.1306,60,0.75,2.0,1.0
035_R210,35,R,6,6,OPTIMAL,217.64,6,5,5,0,1,0.8333,216.7797,0.0,0.8603,60,0.75,2.0,1.0
035_R210,35,R,6,7,OPTIMAL,231.9332,6,5,5,0,1,0.8333,231.9272,0.0,0.006,60,0.75,2.0,1.0
035_R210,35,R,6,8,OPTIMAL,156.0227,6,2,2,0,4,0.3333,111.7342,0.0,44.2885,60,0.75,2.0,1.0
035_R210,35,R,6,9,OPTIMAL,226.7726,6,5,4,1,1,0.8333,222.11,0.0,4.6627,60,0.75,2.0,1.0
035_R210,35,R,9,0,OPTIMAL,339.3054,9,8,8,0,1,0.8889,317.9859,0.0,21.3195,60,0.75,2.0,1.0
035_R210,35,R,9,1,OPTIMAL,359.6898,9,8,7,1,1,0.8889,359.4742,0.0,0.2155,60,0.75,2.0,1.0
035_R210,35,R,9,2,OPTIMAL,382.668,9,8,8,0,1,0.8889,372.7235,0.0,9.9446,60,0.75,2.0,1.0
035_R210,35,R,9,3,OPTIMAL,265.9441,9,5,5,0,4,0.5556,244.4551,0.0,21.489,60,0.75,2.0,1.0
035_R210,35,R,9,4,OPTIMAL,264.3904,9,7,5,2,2,0.7778,240.6807,0.0,23.7097,60,0.75,2.0,1.0
035_R210,35,R,9,5,OPTIMAL,374.3824,9,8,8,0,1,0.8889,371.1878,0.0,3.1945,60,0.75,2.0,1.0
035_R210,35,R,9,6,OPTIMAL,286.997,9,7,5,2,2,0.7778,286.8045,0.0,0.1925,60,0.75,2.0,1.0
035_R210,35,R,9,7,OPTIMAL,249.8739,9,8,8,0,1,0.8889,231.9852,0.0,17.8887,60,0.75,2.0,1.0
035_R210,35,R,9,8,OPTIMAL,355.9027,9,7,7,0,2,0.7778,340.0237,0.0,15.879,60,0.75,2.0,1.0
035_R210,35,R,9,9,OPTIMAL,375.0714,9,8,8,0,1,0.8889,373.9423,0.0,1.1291,60,0.75,2.0,1.0
035_RC101,35,RC,3,0,OPTIMAL,160.2217,3,3,3,0,0,1.0,160.2217,0.0,0.0,60,0.75,2.0,1.0
035_RC101,35,RC,3,1,OPTIMAL,190.6481,3,3,3,0,0,1.0,190.6481,0.0,0.0,60,0.75,2.0,1.0
035_RC101,35,RC,3,2,OPTIMAL,205.9439,3,3,3,0,0,1.0,205.9439,0.0,0.0,60,0.75,2.0,1.0
035_RC101,35,RC,3,3,OPTIMAL,179.1361,3,3,3,0,0,1.0,179.1361,0.0,0.0,60,0.75,2.0,1.0
035_RC101,35,RC,3,4,OPTIMAL,179.4283,3,3,3,0,0,1.0,179.4283,0.0,0.0,60,0.75,2.0,1.0
035_RC101,35,RC,3,5,OPTIMAL,182.2457,3,3,3,0,0,1.0,182.2457,0.0,0.0,60,0.75,2.0,1.0
035_RC101,35,RC,3,6,OPTIMAL,193.4446,3,3,3,0,0,1.0,193.4446,0.0,0.0,60,0.75,2.0,1.0
035_RC101,35,RC,3,7,OPTIMAL,182.3733,3,3,3,0,0,1.0,182.3733,0.0,0.0,60,0.75,2.0,1.0
035_RC101,35,RC,3,8,OPTIMAL,187.5569,3,3,3,0,0,1.0,187.5569,0.0,0.0,60,0.75,2.0,1.0
035_RC101,35,RC,3,9,OPTIMAL,162.0357,3,3,3,0,0,1.0,162.0357,0.0,0.0,60,0.75,2.0,1.0
035_RC101,35,RC,6,0,OPTIMAL,342.4775,6,6,6,0,0,1.0,342.4775,0.0,0.0,60,0.75,2.0,1.0
035_RC101,35,RC,6,1,OPTIMAL,349.3932,6,6,6,0,0,1.0,349.3932,0.0,0.0,60,0.75,2.0,1.0
035_RC101,35,RC,6,2,OPTIMAL,334.2031,6,6,6,0,0,1.0,334.2031,0.0,0.0,60,0.75,2.0,1.0
035_RC101,35,RC,6,3,OPTIMAL,347.902,6,6,6,0,0,1.0,347.902,0.0,0.0,60,0.75,2.0,1.0
035_RC101,35,RC,6,4,OPTIMAL,345.666,6,6,6,0,0,1.0,345.666,0.0,0.0,60,0.75,2.0,1.0
035_RC101,35,RC,6,5,OPTIMAL,371.157,6,6,6,0,0,1.0,371.157,0.0,0.0,60,0.75,2.0,1.0
035_RC101,35,RC,6,6,OPTIMAL,329.4261,6,6,6,0,0,1.0,329.4261,0.0,0.0,60,0.75,2.0,1.0
035_RC101,35,RC,6,7,OPTIMAL,348.7281,6,6,6,0,0,1.0,348.7281,0.0,0.0,60,0.75,2.0,1.0
035_RC101,35,RC,6,8,OPTIMAL,395.829,6,6,6,0,0,1.0,395.829,0.0,0.0,60,0.75,2.0,1.0
035_RC101,35,RC,6,9,OPTIMAL,344.5699,6,6,6,0,0,1.0,344.5699,0.0,0.0,60,0.75,2.0,1.0
035_RC101,35,RC,9,0,OPTIMAL,525.7501,9,9,9,0,0,1.0,525.7501,0.0,0.0,60,0.75,2.0,1.0
035_RC101,35,RC,9,1,OPTIMAL,574.3269,9,9,9,0,0,1.0,574.3269,0.0,0.0,60,0.75,2.0,1.0
035_RC101,35,RC,9,2,OPTIMAL,579.9712,9,9,9,0,0,1.0,579.9712,0.0,0.0,60,0.75,2.0,1.0
035_RC101,35,RC,9,3,OPTIMAL,536.614,9,9,9,0,0,1.0,536.614,0.0,0.0,60,0.75,2.0,1.0
035_RC101,35,RC,9,4,OPTIMAL,587.5787,9,9,9,0,0,1.0,587.5787,0.0,0.0,60,0.75,2.0,1.0
035_RC101,35,RC,9,5,OPTIMAL,510.9676,9,9,9,0,0,1.0,510.9676,0.0,0.0,60,0.75,2.0,1.0
035_RC101,35,RC,9,6,OPTIMAL,532.3306,9,9,9,0,0,1.0,532.3306,0.0,0.0,60,0.75,2.0,1.0
035_RC101,35,RC,9,7,OPTIMAL,551.4546,9,9,9,0,0,1.0,551.4546,0.0,0.0,60,0.75,2.0,1.0
035_RC101,35,RC,9,8,OPTIMAL,568.797,9,9,9,0,0,1.0,568.797,0.0,0.0,60,0.75,2.0,1.0
035_RC101,35,RC,9,9,OPTIMAL,504.3255,9,9,9,0,0,1.0,504.3255,0.0,0.0,60,0.75,2.0,1.0
